{"type":"FeatureCollection","features":[{"type":"Feature","geometry":{"type":"Polygon","coordinates":[[[119.658314,35.372856],[119.692609,35.351915],[119.675243,35.346252],[119.679074,35.34217],[119.679954,35.339604],[119.678245,35.337008],[119.687321,35.336249],[119.690049,35.344906],[119.690434,35.344883],[119.692613,35.3259],[119.693061,35.325728],[119.709909,35.330172],[119.735643,35.335307],[119.736384,35.333087],[119.713107,35.327397],[119.710555,35.317219],[119.70423,35.314233],[119.703844,35.310153],[119.738435,35.311449],[119.75358,35.306927],[119.769629,35.274844],[119.748287,35.289696],[119.730159,35.304395],[119.726413,35.300335],[119.703237,35.299901],[119.681292,35.262087],[119.68414,35.261466],[119.687726,35.258122],[119.688398,35.255304],[119.695773,35.252407],[119.698545,35.253252],[119.710416,35.247263],[119.731738,35.241554],[119.731022,35.239506],[119.712996,35.243095],[119.709296,35.222302],[119.714181,35.219785],[119.749387,35.229511],[119.75665,35.228807],[119.764646,35.22251],[119.780204,35.190686],[119.779303,35.190267],[119.773836,35.196096],[119.72428,35.209308],[119.704109,35.219546],[119.699266,35.220595],[119.685259,35.235928],[119.682069,35.230804],[119.673433,35.230556],[119.667327,35.231933],[119.665007,35.236943],[119.654214,35.241542],[119.647322,35.239404],[119.638955,35.244938],[119.630561,35.247358],[119.627617,35.246137],[119.623517,35.254194],[119.616053,35.258647],[119.585151,35.265754],[119.619897,35.269232],[119.622498,35.261176],[119.628844,35.259715],[119.635921,35.262616],[119.635086,35.258598],[119.636837,35.252748],[119.641317,35.254605],[119.643629,35.257476],[119.643269,35.262728],[119.638968,35.268151],[119.627122,35.268098],[119.626963,35.269082],[119.647802,35.273992],[119.654382,35.269554],[119.657576,35.269003],[119.665023,35.261259],[119.668967,35.263021],[119.670365,35.262895],[119.682665,35.304799],[119.682672,35.309264],[119.677102,35.312732],[119.68032,35.321828],[119.680896,35.328952],[119.673515,35.330025],[119.670439,35.332255],[119.666465,35.333966],[119.661555,35.330302],[119.664783,35.327166],[119.669645,35.317946],[119.665982,35.315961],[119.651025,35.323948],[119.642945,35.326735],[119.641585,35.33063],[119.630017,35.336796],[119.642291,35.337986],[119.640296,35.34281],[119.639979,35.348334],[119.643798,35.351715],[119.647987,35.350062],[119.651548,35.356093],[119.650118,35.364162],[119.658314,35.372856]]]},"properties":{"cluster_id":0,"lat":35.28385725721925,"lon":119.6703211425611,"count":195,"type":"anchorage","distance_to_coast":18592.434685943936}},{"type":"Feature","geometry":{"type":"Polygon","coordinates":[[[119.081456,39.176421],[119.107187,39.179009],[119.110423,39.185008],[119.112817,39.188234],[119.115551,39.190646],[119.129006,39.196402],[119.133882,39.204257],[119.139531,39.203376],[119.141367,39.202406],[119.16382,39.201777],[119.155201,39.191018],[119.160474,39.186372],[119.166728,39.185652],[119.179142,39.173806],[119.188717,39.167218],[119.194533,39.164235],[119.235799,39.183716],[119.230702,39.197761],[119.23936,39.190688],[119.250261,39.190204],[119.257087,39.194901],[119.263308,39.196317],[119.255007,39.18914],[119.258195,39.181422],[119.260085,39.174299],[119.271078,39.185731],[119.275428,39.196591],[119.283155,39.199817],[119.302253,39.212992],[119.303715,39.211897],[119.288332,39.197572],[119.321213,39.195328],[119.324715,39.196366],[119.330242,39.194022],[119.358061,39.175448],[119.356141,39.173668],[119.33274,39.188374],[119.326805,39.191541],[119.323542,39.192345],[119.314494,39.175117],[119.296389,39.178478],[119.28438,39.173165],[119.284001,39.163622],[119.301544,39.153103],[119.274534,39.151453],[119.273759,39.143392],[119.272499,39.143345],[119.270868,39.150652],[119.258144,39.15871],[119.254764,39.166705],[119.245562,39.173083],[119.205692,39.148325],[119.210644,39.145296],[119.202608,39.141867],[119.192474,39.133701],[119.186236,39.131814],[119.175704,39.123519],[119.173927,39.120258],[119.164932,39.11058],[119.159801,39.107199],[119.152164,39.105661],[119.14398,39.113141],[119.135175,39.119932],[119.119683,39.128426],[119.095056,39.098413],[119.090076,39.094774],[119.087299,39.097237],[119.103919,39.139977],[119.100297,39.14568],[119.095302,39.15003],[119.083545,39.163046],[119.081456,39.176421]]]},"properties":{"cluster_id":1,"lat":39.1558384550078,"lon":119.15324068079876,"count":433,"type":"anchorage","distance_to_coast":14821.75266691401}},{"type":"Feature","geometry":{"type":"MultiPolygon","coordinates":[[[[117.974605,38.991003],[117.979635,38.990978],[118.011475,38.986072],[118.024832,38.979092],[118.04911,38.985394],[118.065642,39.00669],[118.067522,38.977648],[118.100218,38.983648],[118.131703,38.974478],[118.150329,38.975571],[118.201575,38.954458],[118.220599,38.944488],[118.243803,38.979851],[118.276926,38.94745],[118.304543,38.948749],[118.321372,38.941407],[118.339633,38.947579],[118.361335,38.940686],[118.370343,38.93468],[118.402236,38.931342],[118.435989,38.948781],[118.450187,38.965135],[118.450342,38.959247],[118.450342,38.959244],[118.450343,38.95924],[118.450344,38.959237],[118.450346,38.959233],[118.450348,38.95923],[118.450356,38.959219],[118.450113,38.958685],[118.450112,38.958681],[118.450111,38.958678],[118.45011,38.958674],[118.45011,38.958671],[118.450111,38.958667],[118.450493,38.956898],[118.45016,38.952372],[118.449237,38.951182],[118.449235,38.951179],[118.449233,38.951176],[118.449232,38.951172],[118.449231,38.951169],[118.44898,38.949836],[118.44898,38.949833],[118.44898,38.94983],[118.44898,38.949827],[118.448981,38.949823],[118.449275,38.948756],[118.442734,38.948658],[118.442729,38.948658],[118.442725,38.948658],[118.44272,38.948657],[118.441045,38.948232],[118.441041,38.94823],[118.441037,38.948229],[118.441033,38.948227],[118.44103,38.948225],[118.439693,38.947331],[118.43969,38.947329],[118.439687,38.947326],[118.439685,38.947323],[118.439682,38.94732],[118.439681,38.947317],[118.438822,38.94558],[118.437598,38.946156],[118.412659,38.921465],[118.422866,38.914673],[118.430316,38.912804],[118.434941,38.904404],[118.46071,38.886934],[118.452381,38.870537],[118.448559,38.868521],[118.432261,38.867675],[118.414263,38.86996],[118.389606,38.868437],[118.372582,38.874631],[118.339648,38.870049],[118.313702,38.880365],[118.305913,38.885406],[118.282002,38.86231],[118.283652,38.881999],[118.250853,38.881238],[118.245216,38.887885],[118.217314,38.896161],[118.201638,38.913978],[118.193782,38.916308],[118.16206,38.923218],[118.146658,38.932858],[118.116094,38.939202],[118.093728,38.939318],[118.079101,38.9445],[118.069595,38.944335],[118.065977,38.910449],[118.077775,38.904614],[118.098639,38.903114],[118.117116,38.89275],[118.113556,38.873351],[118.11706,38.86433],[118.121834,38.837287],[118.117507,38.836087],[118.115227,38.836963],[118.102645,38.85065],[118.100734,38.853612],[118.089725,38.866696],[118.066642,38.874347],[118.045853,38.877805],[118.034774,38.861909],[118.012723,38.88334],[117.996139,38.895414],[117.970583,38.900165],[117.973774,38.908734],[118.003085,38.9155],[118.020871,38.911777],[118.037181,38.913706],[118.058986,38.943889],[118.048802,38.947079],[118.025139,38.952486],[118.01491,38.949179],[117.991783,38.953467],[117.968019,38.96067],[117.953165,38.963821],[117.95019,38.965607],[117.955842,38.974539],[117.974605,38.991003]]],[[[118.418751,39.003388],[118.418424,38.999382],[118.402104,38.983869],[118.402255,39.000631],[118.418828,39.009753],[118.418764,39.008149],[118.449913,39.006337],[118.44987,39.006195],[118.449869,39.006192],[118.449869,39.006189],[118.449869,39.006186],[118.450104,39.000571],[118.418751,39.003388]]],[[[118.465909,38.992817],[118.464602,38.992208],[118.464598,38.992206],[118.464595,38.992204],[118.464592,38.992202],[118.464589,38.992199],[118.464586,38.992196],[118.464584,38.992193],[118.46329,38.990067],[118.463289,38.990064],[118.463288,38.990061],[118.463287,38.990058],[118.463286,38.990055],[118.463286,38.990052],[118.463346,38.972114],[118.463346,38.972111],[118.463346,38.972108],[118.463347,38.972104],[118.463349,38.972101],[118.463351,38.972098],[118.464501,38.970364],[118.464361,38.960712],[118.464362,38.960709],[118.464362,38.960705],[118.464363,38.960702],[118.465083,38.958772],[118.465084,38.958768],[118.465086,38.958765],[118.465089,38.958762],[118.465092,38.958759],[118.465095,38.958756],[118.466673,38.957605],[118.466676,38.957603],[118.46668,38.957601],[118.466683,38.957599],[118.466687,38.957598],[118.466692,38.957597],[118.468778,38.957153],[118.468781,38.957152],[118.468785,38.957152],[118.468789,38.957151],[118.473248,38.957077],[118.473138,38.94811],[118.473138,38.948106],[118.473139,38.948103],[118.47314,38.9481],[118.473865,38.946168],[118.473867,38.946164],[118.473869,38.946161],[118.473871,38.946158],[118.473874,38.946155],[118.473878,38.946152],[118.475461,38.945003],[118.475464,38.945],[118.475468,38.944998],[118.475468,38.944998],[118.46901,38.944297],[118.469086,38.945083],[118.469086,38.945087],[118.469086,38.945091],[118.469085,38.945095],[118.468397,38.947095],[118.468396,38.947098],[118.468394,38.947101],[118.468392,38.947104],[118.46839,38.947107],[118.468387,38.94711],[118.468384,38.947112],[118.464408,38.949829],[118.464404,38.949831],[118.464399,38.949834],[118.459992,38.951633],[118.460264,38.95845],[118.460264,38.958453],[118.460264,38.958457],[118.460263,38.95846],[118.460261,38.958464],[118.459809,38.959374],[118.460251,38.960228],[118.460253,38.960231],[118.460254,38.960235],[118.460254,38.960239],[118.460255,38.960242],[118.459852,38.96778],[118.460223,38.974378],[118.460223,38.974382],[118.460222,38.974385],[118.460221,38.974388],[118.46022,38.974392],[118.460218,38.974395],[118.459873,38.974964],[118.460208,38.975901],[118.460209,38.975904],[118.46021,38.975907],[118.46021,38.97591],[118.46021,38.975914],[118.459914,38.978069],[118.46031,38.979519],[118.460311,38.979523],[118.460311,38.979526],[118.460317,38.986796],[118.460317,38.9868],[118.460316,38.986804],[118.460314,38.986808],[118.459606,38.988368],[118.460339,38.990738],[118.46034,38.990741],[118.46034,38.990744],[118.46034,38.990747],[118.46034,38.99075],[118.460339,38.990753],[118.459992,38.992014],[118.460109,39.000533],[118.465909,38.992817]]],[[[118.474039,38.974131],[118.473744,38.974134],[118.473742,38.974839],[118.474039,38.974131]]],[[[118.454413,38.941842],[118.45449,38.942143],[118.454491,38.942146],[118.454491,38.942149],[118.454491,38.942152],[118.454232,38.945324],[118.454883,38.944647],[118.454885,38.944645],[118.454888,38.944642],[118.454891,38.94464],[118.454894,38.944639],[118.458732,38.942686],[118.454413,38.941842]]]]},"properties":{"cluster_id":9,"lat":38.92190839745958,"lon":118.2802219545184,"count":1038,"type":"anchorage","distance_to_coast":16425.54363229834}},{"type":"Feature","geometry":{"type":"Polygon","coordinates":[[[118.556564,38.902404],[118.568113,38.904945],[118.570393,38.900505],[118.581538,38.908538],[118.590399,38.906234],[118.59302,38.91159],[118.599353,38.905819],[118.606185,38.900743],[118.608039,38.903829],[118.621165,38.907559],[118.617256,38.908863],[118.612156,38.908424],[118.611981,38.910684],[118.60056,38.921732],[118.600833,38.921975],[118.614796,38.915432],[118.618041,38.918071],[118.623233,38.924249],[118.638021,38.925191],[118.642657,38.932336],[118.639324,38.940402],[118.650303,38.939147],[118.651938,38.945912],[118.65534,38.940013],[118.660273,38.935221],[118.666798,38.936918],[118.675416,38.940724],[118.675896,38.943499],[118.684108,38.941272],[118.691171,38.943386],[118.704901,38.943975],[118.711245,38.949707],[118.71442,38.943945],[118.711684,38.939447],[118.721018,38.936275],[118.713196,38.932644],[118.71322,38.925991],[118.711211,38.918011],[118.711111,38.914723],[118.711721,38.910698],[118.713384,38.90768],[118.721197,38.911331],[118.755296,38.93265],[118.798415,38.926112],[118.822984,38.88225],[118.802843,38.869511],[118.802437,38.844253],[118.800196,38.844167],[118.79629,38.873918],[118.776431,38.904512],[118.772961,38.915797],[118.727322,38.898672],[118.716684,38.897832],[118.712853,38.892693],[118.709197,38.891479],[118.706894,38.885983],[118.704023,38.883792],[118.702137,38.879596],[118.706645,38.876956],[118.714247,38.876915],[118.727078,38.872252],[118.724819,38.866818],[118.709665,38.868608],[118.712484,38.86509],[118.710891,38.8623],[118.70655,38.860961],[118.702346,38.85032],[118.708691,38.850177],[118.708456,38.844272],[118.712139,38.837714],[118.706081,38.837055],[118.699111,38.84697],[118.693809,38.845536],[118.69385,38.848564],[118.696889,38.862579],[118.687195,38.866484],[118.691057,38.86912],[118.698,38.870535],[118.703166,38.870192],[118.702566,38.874793],[118.693937,38.875766],[118.676231,38.878689],[118.689437,38.882604],[118.691603,38.895028],[118.69027,38.901427],[118.684935,38.90492],[118.681371,38.90268],[118.680155,38.90032],[118.682649,38.891291],[118.672595,38.893902],[118.669377,38.894045],[118.664593,38.890546],[118.663972,38.884165],[118.660625,38.882479],[118.659876,38.877692],[118.660523,38.874096],[118.644095,38.868421],[118.644604,38.866443],[118.657916,38.861194],[118.664444,38.862335],[118.667528,38.863612],[118.681698,38.857681],[118.68473,38.842337],[118.668418,38.84552],[118.671918,38.849065],[118.669918,38.854645],[118.666909,38.856592],[118.656257,38.850289],[118.649352,38.857802],[118.640914,38.858415],[118.641177,38.851324],[118.631767,38.853432],[118.628779,38.851031],[118.622118,38.850374],[118.616919,38.845096],[118.612275,38.850961],[118.597102,38.852094],[118.606545,38.85774],[118.616065,38.85739],[118.623261,38.855742],[118.624891,38.863698],[118.619686,38.868703],[118.610063,38.867473],[118.606899,38.861392],[118.601017,38.867705],[118.606854,38.872201],[118.604848,38.875368],[118.605606,38.880857],[118.602655,38.884825],[118.595595,38.87842],[118.590788,38.876423],[118.585714,38.876657],[118.583892,38.87513],[118.594835,38.871505],[118.596101,38.869472],[118.584555,38.865946],[118.590402,38.84979],[118.576547,38.855479],[118.570179,38.855651],[118.557736,38.859827],[118.556855,38.862136],[118.550871,38.867685],[118.554637,38.869015],[118.55232,38.87574],[118.555017,38.882898],[118.557848,38.87872],[118.564749,38.870521],[118.561926,38.864381],[118.570925,38.861096],[118.574672,38.863275],[118.579028,38.867471],[118.575882,38.869275],[118.572767,38.873223],[118.570767,38.883096],[118.576469,38.881412],[118.584406,38.88236],[118.589893,38.885049],[118.594037,38.889592],[118.604346,38.889328],[118.613627,38.882443],[118.623621,38.887206],[118.621166,38.872995],[118.625321,38.870452],[118.631079,38.861352],[118.636086,38.867494],[118.634107,38.868455],[118.633153,38.876054],[118.63594,38.875852],[118.634399,38.882597],[118.631851,38.882027],[118.634548,38.88981],[118.63019,38.8917],[118.611577,38.890996],[118.598808,38.894924],[118.595835,38.902189],[118.591081,38.902061],[118.583836,38.896617],[118.585303,38.892014],[118.570062,38.895744],[118.559698,38.891889],[118.559778,38.895756],[118.556564,38.902404]]]},"properties":{"cluster_id":10,"lat":38.90258276375318,"lon":118.66703464927332,"count":480,"type":"anchorage","distance_to_coast":12833.871472837913}},{"type":"Feature","geometry":{"type":"Polygon","coordinates":[[[121.029896,39.574927],[121.030871,39.575585],[121.067259,39.550455],[121.063535,39.544367],[121.063789,39.537538],[121.070268,39.521622],[121.037865,39.513092],[121.053698,39.532104],[121.053585,39.537139],[121.038647,39.540312],[121.053201,39.543349],[121.054117,39.546385],[121.046003,39.556732],[121.029896,39.574927]]]},"properties":{"cluster_id":11,"lat":39.541923669659106,"lon":121.05515434469504,"count":14,"type":"anchorage","distance_to_coast":18826.94847084165}},{"type":"Feature","geometry":{"type":"Polygon","coordinates":[[[119.723658,39.889708],[119.723442,39.87952],[119.727223,39.874882],[119.730338,39.866671],[119.738353,39.864216],[119.74938,39.870366],[119.737377,39.88166],[119.765006,39.870954],[119.772527,39.872466],[119.774641,39.858002],[119.785736,39.863881],[119.785833,39.864833],[119.787776,39.866938],[119.796575,39.861554],[119.811785,39.856452],[119.811169,39.84373],[119.820458,39.837681],[119.836305,39.843142],[119.88752,39.84492],[119.854877,39.829628],[119.834537,39.836352],[119.830434,39.829192],[119.838366,39.823829],[119.837364,39.815101],[119.827974,39.819692],[119.82414,39.820333],[119.815115,39.827574],[119.809034,39.839906],[119.796506,39.847079],[119.780679,39.841082],[119.775678,39.837675],[119.772358,39.832004],[119.77691,39.82423],[119.779379,39.821941],[119.793558,39.829919],[119.796877,39.819836],[119.803461,39.817747],[119.808982,39.814371],[119.817128,39.803897],[119.828921,39.80235],[119.860588,39.804201],[119.866095,39.79037],[119.851444,39.788283],[119.824477,39.791563],[119.822679,39.789694],[119.827683,39.770687],[119.810153,39.757581],[119.809815,39.757768],[119.821488,39.776429],[119.810217,39.784836],[119.803787,39.778178],[119.793844,39.762798],[119.791768,39.763474],[119.79815,39.777366],[119.790834,39.783856],[119.792231,39.787325],[119.779091,39.799654],[119.777203,39.805023],[119.779595,39.80758],[119.769902,39.816223],[119.767031,39.816722],[119.75987,39.829582],[119.752648,39.833366],[119.748223,39.83698],[119.742687,39.846902],[119.736513,39.854035],[119.731816,39.857338],[119.72434,39.864595],[119.724267,39.865848],[119.716846,39.877929],[119.723658,39.889708]]]},"properties":{"cluster_id":13,"lat":39.83556069863435,"lon":119.7798429154095,"count":127,"type":"anchorage","distance_to_coast":16474.545976781705}},{"type":"Feature","geometry":{"type":"Polygon","coordinates":[[[121.090634,39.354055],[121.089803,39.354968],[121.113435,39.371142],[121.145369,39.355349],[121.160099,39.355152],[121.166675,39.359409],[121.179158,39.359882],[121.194844,39.356687],[121.22322,39.360938],[121.220816,39.351906],[121.219421,39.34961],[121.254205,39.345599],[121.265226,39.349505],[121.297499,39.355417],[121.254031,39.326871],[121.252531,39.328078],[121.217727,39.336514],[121.206133,39.330158],[121.200151,39.323702],[121.189966,39.323906],[121.175605,39.31991],[121.165065,39.321132],[121.164696,39.334741],[121.14422,39.335235],[121.15428,39.343933],[121.136151,39.348955],[121.112569,39.363355],[121.090634,39.354055]]]},"properties":{"cluster_id":14,"lat":39.34562173836981,"lon":121.19087987180475,"count":155,"type":"anchorage","distance_to_coast":10093.932414675512}},{"type":"Feature","geometry":{"type":"Polygon","coordinates":[[[119.608866,39.858013],[119.628572,39.859702],[119.631526,39.862389],[119.634206,39.857331],[119.630547,39.857121],[119.623688,39.848249],[119.631652,39.834579],[119.635878,39.833512],[119.639075,39.834486],[119.643378,39.829797],[119.643566,39.825382],[119.645489,39.818797],[119.640673,39.81538],[119.64515,39.807753],[119.650552,39.809453],[119.649454,39.805806],[119.647818,39.795859],[119.631044,39.789508],[119.62606,39.782853],[119.624587,39.774949],[119.646079,39.775648],[119.650621,39.776628],[119.661221,39.761766],[119.634999,39.763947],[119.6166,39.747194],[119.594865,39.763217],[119.619265,39.774401],[119.618814,39.777107],[119.620368,39.780591],[119.602548,39.783878],[119.586223,39.789219],[119.605021,39.789326],[119.607554,39.799853],[119.619654,39.798553],[119.627189,39.79168],[119.628002,39.793626],[119.634322,39.799381],[119.63643,39.804248],[119.633953,39.817437],[119.63675,39.818409],[119.635721,39.825848],[119.625241,39.824573],[119.623712,39.821172],[119.627122,39.805594],[119.625486,39.805256],[119.616981,39.822233],[119.614791,39.82186],[119.606515,39.811253],[119.595588,39.814259],[119.599608,39.830183],[119.60294,39.827666],[119.615467,39.827673],[119.609882,39.839753],[119.605519,39.843541],[119.608877,39.845163],[119.608438,39.851718],[119.608866,39.858013]]]},"properties":{"cluster_id":18,"lat":39.811793333111495,"lon":119.62615042335098,"count":71,"type":"anchorage","distance_to_coast":10633.970251853632}},{"type":"Feature","geometry":{"type":"MultiPolygon","coordinates":[[[[121.371805,31.513445],[121.364296,31.521207],[121.37316,31.518462],[121.383122,31.5135],[121.3961,31.520743],[121.393227,31.522971],[121.388299,31.524529],[121.37789,31.530394],[121.375794,31.532273],[121.3598,31.540656],[121.360481,31.541864],[121.380596,31.535715],[121.385653,31.536763],[121.394586,31.534664],[121.408776,31.528361],[121.417598,31.52348],[121.420516,31.516624],[121.419033,31.513366],[121.417336,31.512117],[121.412482,31.511001],[121.404807,31.516666],[121.402294,31.517801],[121.39727,31.506536],[121.402698,31.503846],[121.405779,31.500977],[121.409621,31.498905],[121.417158,31.496833],[121.421374,31.493206],[121.421159,31.48817],[121.423784,31.48089],[121.421985,31.480982],[121.421981,31.480982],[121.421977,31.480982],[121.421972,31.480981],[121.421968,31.48098],[121.419877,31.48036],[121.419873,31.480359],[121.419869,31.480357],[121.419865,31.480355],[121.419861,31.480352],[121.419858,31.48035],[121.419855,31.480347],[121.418026,31.478245],[121.418024,31.478242],[121.418022,31.478239],[121.41802,31.478235],[121.418019,31.478232],[121.418018,31.478228],[121.418017,31.478224],[121.417889,31.475719],[121.407228,31.477363],[121.407636,31.478267],[121.407638,31.47827],[121.407639,31.478274],[121.407639,31.478277],[121.407639,31.478281],[121.407585,31.480704],[121.407585,31.480707],[121.407585,31.480711],[121.407584,31.480714],[121.407582,31.480717],[121.406778,31.482418],[121.406776,31.482421],[121.406773,31.482425],[121.40677,31.482428],[121.406767,31.482431],[121.405507,31.483437],[121.405503,31.483439],[121.4055,31.483442],[121.405496,31.483443],[121.405492,31.483445],[121.40388,31.483971],[121.403876,31.483972],[121.403871,31.483973],[121.403867,31.483974],[121.402064,31.484056],[121.406145,31.491949],[121.401479,31.493478],[121.393231,31.497951],[121.389674,31.507397],[121.382709,31.509004],[121.378778,31.50267],[121.377446,31.504315],[121.377443,31.504318],[121.377439,31.504321],[121.377435,31.504324],[121.375654,31.505439],[121.37565,31.505441],[121.375646,31.505443],[121.375642,31.505445],[121.375638,31.505446],[121.375633,31.505446],[121.373444,31.505702],[121.373439,31.505703],[121.373434,31.505703],[121.37343,31.505702],[121.373426,31.505701],[121.371515,31.505255],[121.371805,31.513445]]],[[[121.476582,31.446278],[121.474616,31.438004],[121.474533,31.438062],[121.474529,31.438064],[121.474526,31.438066],[121.474522,31.438068],[121.474518,31.438069],[121.472889,31.438504],[121.472885,31.438504],[121.47288,31.438505],[121.472876,31.438505],[121.468184,31.438569],[121.468179,31.438569],[121.468175,31.438569],[121.468171,31.438568],[121.468166,31.438567],[121.465739,31.437747],[121.465735,31.437746],[121.465731,31.437744],[121.465728,31.437742],[121.465724,31.437739],[121.465721,31.437736],[121.464588,31.436594],[121.464585,31.436591],[121.464583,31.436588],[121.464581,31.436584],[121.464579,31.436581],[121.464443,31.436218],[121.426249,31.46591],[121.426625,31.465764],[121.426629,31.465763],[121.426634,31.465762],[121.426638,31.465761],[121.426643,31.465761],[121.433891,31.46575],[121.433895,31.46575],[121.4339,31.465751],[121.433904,31.465752],[121.436396,31.46642],[121.436401,31.466422],[121.436404,31.466423],[121.436408,31.466425],[121.436412,31.466428],[121.436415,31.46643],[121.436418,31.466433],[121.438052,31.468171],[121.438055,31.468175],[121.438057,31.468178],[121.438059,31.468182],[121.438061,31.468186],[121.438061,31.46819],[121.438062,31.468194],[121.438091,31.468838],[121.476582,31.446278]]],[[[121.469454,31.427191],[121.471047,31.427154],[121.470978,31.426468],[121.469385,31.426251],[121.469454,31.427191]]]]},"properties":{"cluster_id":22,"lat":31.496700118824016,"lon":121.41107432200572,"count":198,"type":"anchorage","distance_to_coast":4771.762088776515}},{"type":"Feature","geometry":{"type":"Polygon","coordinates":[[[121.116179,27.892612],[121.109157,27.941707],[121.150004,27.95566],[121.153214,27.957873],[121.154908,27.957867],[121.16583,27.949867],[121.169269,27.94811],[121.170423,27.94621],[121.192725,27.956472],[121.192845,27.957809],[121.201559,27.95418],[121.250858,27.919607],[121.265493,27.916479],[121.254858,27.912174],[121.252587,27.909551],[121.273853,27.913164],[121.281678,27.907395],[121.285713,27.909273],[121.288483,27.915504],[121.297181,27.923398],[121.307454,27.90195],[121.312786,27.90251],[121.336897,27.891918],[121.329003,27.890969],[121.31012,27.871768],[121.33303,27.875616],[121.337838,27.862074],[121.316957,27.860769],[121.306751,27.863612],[121.297071,27.876123],[121.278758,27.888575],[121.26828,27.886921],[121.242287,27.863803],[121.243272,27.903357],[121.231232,27.905302],[121.230293,27.912368],[121.169963,27.941724],[121.16648,27.938426],[121.157626,27.935253],[121.147423,27.939015],[121.143149,27.946216],[121.143852,27.94708],[121.130232,27.940256],[121.116179,27.892612]]]},"properties":{"cluster_id":24,"lat":27.931659198432968,"lon":121.19757139488304,"count":126,"type":"anchorage","distance_to_coast":7241.732572295374}},{"type":"Feature","geometry":{"type":"MultiPolygon","coordinates":[[[[121.73902,39.020962],[121.73863,39.020157],[121.738629,39.020154],[121.738628,39.02015],[121.738627,39.020146],[121.738628,39.020143],[121.738628,39.020139],[121.739251,39.017334],[121.705356,39.014392],[121.705715,39.018055],[121.705715,39.018059],[121.705715,39.018062],[121.705714,39.018065],[121.705713,39.018068],[121.705249,39.019292],[121.73902,39.020962]]],[[[121.75072,39.017408],[121.749228,39.017563],[121.749224,39.017564],[121.74922,39.017564],[121.749215,39.017563],[121.749211,39.017563],[121.749207,39.017562],[121.749203,39.017561],[121.7492,39.017559],[121.748615,39.017296],[121.749242,39.018854],[121.749764,39.019581],[121.75072,39.017408]]],[[[121.756066,39.009888],[121.752784,38.98397],[121.756478,38.982958],[121.756231,38.982877],[121.756226,38.982875],[121.756222,38.982873],[121.756218,38.982871],[121.756215,38.982868],[121.75505,38.981859],[121.755048,38.981857],[121.755045,38.981854],[121.755043,38.981851],[121.755041,38.981848],[121.754459,38.98057],[121.754458,38.980567],[121.754457,38.980563],[121.754456,38.980559],[121.754398,38.978514],[121.754398,38.97851],[121.754399,38.978507],[121.7544,38.978503],[121.754402,38.978499],[121.755263,38.976916],[121.755265,38.976913],[121.755267,38.97691],[121.75527,38.976907],[121.755273,38.976905],[121.755276,38.976902],[121.757005,38.97583],[121.757008,38.975828],[121.757012,38.975827],[121.757016,38.975825],[121.75702,38.975824],[121.757024,38.975823],[121.759604,38.975413],[121.759608,38.975413],[121.759612,38.975413],[121.759616,38.975413],[121.761425,38.975522],[121.76143,38.975522],[121.761434,38.975523],[121.761438,38.975524],[121.761442,38.975525],[121.763048,38.976182],[121.763052,38.976183],[121.763056,38.976185],[121.763059,38.976188],[121.764378,38.97722],[121.764381,38.977223],[121.764384,38.977226],[121.764387,38.977229],[121.764389,38.977233],[121.765127,38.978813],[121.765129,38.978817],[121.76513,38.978821],[121.76513,38.978825],[121.76513,38.978828],[121.764885,38.980977],[121.764884,38.980981],[121.764883,38.980984],[121.764882,38.980987],[121.76488,38.98099],[121.764832,38.981063],[121.767274,38.980627],[121.773724,38.974438],[121.798355,38.978687],[121.800628,38.977705],[121.801327,38.976127],[121.801329,38.976124],[121.801331,38.976121],[121.801334,38.976118],[121.801336,38.976115],[121.80134,38.976113],[121.802424,38.97536],[121.772149,38.963412],[121.759652,38.962586],[121.739744,38.964813],[121.660026,38.965274],[121.660192,38.9656],[121.660194,38.965604],[121.660195,38.965607],[121.660195,38.965611],[121.660195,38.965615],[121.660078,38.967469],[121.660078,38.967473],[121.660077,38.967476],[121.660076,38.967479],[121.660074,38.967482],[121.65944,38.968596],[121.686862,38.973706],[121.720927,38.97573],[121.723897,38.980552],[121.732372,38.981153],[121.732143,38.979864],[121.732143,38.97986],[121.732143,38.979857],[121.732143,38.979853],[121.732144,38.979849],[121.732746,38.978277],[121.732748,38.978274],[121.73275,38.978271],[121.732753,38.978267],[121.732756,38.978264],[121.733867,38.977271],[121.73387,38.977269],[121.733874,38.977267],[121.733877,38.977265],[121.735544,38.976441],[121.735548,38.976439],[121.735551,38.976438],[121.735555,38.976437],[121.735559,38.976436],[121.735563,38.976436],[121.737738,38.976227],[121.737743,38.976227],[121.737747,38.976227],[121.737752,38.976227],[121.737756,38.976228],[121.73776,38.976229],[121.739804,38.976846],[121.739808,38.976847],[121.739812,38.976849],[121.739815,38.976851],[121.739819,38.976853],[121.739822,38.976856],[121.741246,38.978151],[121.741249,38.978153],[121.741251,38.978156],[121.741253,38.978159],[121.742019,38.979515],[121.74202,38.979518],[121.742021,38.979521],[121.742022,38.979524],[121.742022,38.979527],[121.742127,38.980921],[121.742127,38.980924],[121.742127,38.980927],[121.742126,38.98093],[121.742125,38.980933],[121.742124,38.980936],[121.742122,38.980939],[121.740825,38.982807],[121.747611,38.984913],[121.74997,39.007684],[121.751171,39.007653],[121.751175,39.007653],[121.751179,39.007653],[121.751184,39.007654],[121.751188,39.007655],[121.751192,39.007656],[121.753153,39.008396],[121.753157,39.008398],[121.753161,39.0084],[121.753165,39.008403],[121.753168,39.008406],[121.754265,39.009465],[121.754268,39.009468],[121.75427,39.009471],[121.754272,39.009475],[121.755033,39.011022],[121.756066,39.009888]],[[121.746788,38.982001],[121.746784,38.982],[121.74678,38.981999],[121.746777,38.981997],[121.746774,38.981995],[121.746771,38.981993],[121.74552,38.981039],[121.745517,38.981036],[121.745514,38.981033],[121.745511,38.98103],[121.745509,38.981026],[121.744423,38.978784],[121.744422,38.97878],[121.744421,38.978777],[121.744421,38.978773],[121.744389,38.977452],[121.744389,38.977448],[121.74439,38.977444],[121.744391,38.977441],[121.744393,38.977437],[121.745236,38.975928],[121.745238,38.975924],[121.745241,38.975921],[121.745244,38.975918],[121.745248,38.975916],[121.746702,38.974902],[121.746706,38.9749],[121.746709,38.974898],[121.746713,38.974896],[121.748306,38.974313],[121.74831,38.974311],[121.748314,38.97431],[121.748317,38.97431],[121.748321,38.974309],[121.748325,38.974309],[121.750518,38.974315],[121.750523,38.974315],[121.750527,38.974316],[121.750531,38.974317],[121.750535,38.974318],[121.750539,38.974319],[121.752467,38.975132],[121.752471,38.975134],[121.752475,38.975136],[121.752478,38.975138],[121.752481,38.975141],[121.752483,38.975143],[121.753687,38.976569],[121.753689,38.976572],[121.753691,38.976575],[121.753692,38.976578],[121.753693,38.976582],[121.754326,38.979312],[121.754326,38.979315],[121.754326,38.979319],[121.754326,38.979322],[121.754326,38.979325],[121.754325,38.979328],[121.754323,38.979331],[121.753676,38.980631],[121.753674,38.980634],[121.753672,38.980638],[121.753669,38.98064],[121.753666,38.980643],[121.752416,38.981643],[121.752413,38.981645],[121.75241,38.981647],[121.752406,38.981649],[121.750629,38.982409],[121.750625,38.982411],[121.750621,38.982412],[121.750616,38.982413],[121.750612,38.982413],[121.748869,38.98256],[121.748865,38.98256],[121.748861,38.98256],[121.748858,38.982559],[121.748854,38.982559],[121.74885,38.982558],[121.746788,38.982001]]],[[[121.813614,38.968937],[121.812126,38.968991],[121.812121,38.968991],[121.812116,38.968991],[121.812112,38.96899],[121.812107,38.968989],[121.810072,38.968364],[121.810069,38.968363],[121.810065,38.968361],[121.810062,38.968359],[121.810059,38.968358],[121.810056,38.968355],[121.809476,38.967873],[121.805892,38.974271],[121.808047,38.974598],[121.808051,38.974599],[121.808055,38.9746],[121.808059,38.974601],[121.808062,38.974603],[121.809496,38.975308],[121.813614,38.968937]]],[[[121.845137,38.952743],[121.844316,38.952345],[121.844312,38.952343],[121.844308,38.952341],[121.844305,38.952338],[121.844302,38.952336],[121.8443,38.952333],[121.844298,38.952329],[121.842586,38.949143],[121.842585,38.949139],[121.842584,38.949136],[121.842583,38.949132],[121.842583,38.949129],[121.84259,38.948898],[121.817012,38.961066],[121.817055,38.961084],[121.817059,38.961086],[121.817063,38.961088],[121.817066,38.96109],[121.818425,38.96217],[121.818428,38.962172],[121.818431,38.962175],[121.818433,38.962178],[121.818435,38.962182],[121.819097,38.963509],[121.819099,38.963512],[121.8191,38.963515],[121.8191,38.963518],[121.819101,38.963522],[121.819081,38.964451],[121.845137,38.952743]]],[[[121.647279,38.965347],[121.647142,38.966304],[121.649635,38.966768],[121.649593,38.965408],[121.649593,38.965404],[121.649594,38.9654],[121.649595,38.965397],[121.649597,38.965393],[121.649629,38.965334],[121.647279,38.965347]]],[[[121.745165,39.015246],[121.745748,39.015264],[121.745752,39.015264],[121.745757,39.015265],[121.745762,39.015266],[121.745766,39.015268],[121.74577,39.015269],[121.745988,39.015379],[121.745561,39.014705],[121.745165,39.015246]]]]},"properties":{"cluster_id":28,"lat":38.980036191857685,"lon":121.75399917332476,"count":144,"type":"anchorage","distance_to_coast":3514.08789844446}},{"type":"Feature","geometry":{"type":"Polygon","coordinates":[[[119.774214,26.233065],[119.789521,26.260664],[119.789982,26.260245],[119.789986,26.260243],[119.78999,26.26024],[119.789994,26.260238],[119.789998,26.260236],[119.792148,26.259494],[119.792152,26.259492],[119.792157,26.259491],[119.792162,26.259491],[119.793902,26.259421],[119.793906,26.259421],[119.793911,26.259422],[119.793916,26.259423],[119.793921,26.259424],[119.795923,26.260171],[119.795928,26.260173],[119.795932,26.260176],[119.795936,26.260179],[119.797258,26.261253],[119.797261,26.261256],[119.797264,26.261259],[119.797267,26.261263],[119.797269,26.261267],[119.79808,26.262895],[119.830417,26.234882],[119.825269,26.220052],[119.837624,26.220212],[119.834921,26.226775],[119.839956,26.227793],[119.843921,26.230224],[119.847939,26.235118],[119.85175,26.242226],[119.848958,26.249876],[119.864847,26.250939],[119.865375,26.26131],[119.864103,26.272135],[119.870599,26.281654],[119.865735,26.282404],[119.861711,26.28621],[119.853178,26.291771],[119.853673,26.294584],[119.856406,26.297941],[119.857672,26.298628],[119.8614,26.297077],[119.867236,26.300408],[119.868272,26.308973],[119.856009,26.321414],[119.856444,26.321557],[119.856447,26.321558],[119.856451,26.32156],[119.856454,26.321562],[119.856457,26.321564],[119.85646,26.321567],[119.857699,26.322704],[119.857702,26.322707],[119.857704,26.32271],[119.857707,26.322713],[119.85868,26.324374],[119.858682,26.324377],[119.858683,26.324381],[119.858684,26.324385],[119.858685,26.324389],[119.858837,26.325941],[119.858837,26.325945],[119.858837,26.325949],[119.858836,26.325952],[119.858835,26.325956],[119.858521,26.326861],[119.861842,26.325774],[119.873387,26.320823],[119.877734,26.3245],[119.875957,26.318686],[119.876762,26.307986],[119.886366,26.306064],[119.883013,26.302412],[119.88242,26.303308],[119.882417,26.303311],[119.882414,26.303315],[119.882411,26.303317],[119.882408,26.30332],[119.880969,26.304269],[119.880966,26.304271],[119.880962,26.304273],[119.880957,26.304275],[119.880953,26.304276],[119.879216,26.304648],[119.879211,26.304648],[119.879207,26.304649],[119.879202,26.304649],[119.876024,26.304406],[119.876019,26.304406],[119.876015,26.304405],[119.876011,26.304403],[119.876006,26.304402],[119.874129,26.303486],[119.874125,26.303484],[119.874121,26.303481],[119.874117,26.303478],[119.874114,26.303475],[119.87309,26.302241],[119.873087,26.302238],[119.873085,26.302234],[119.873083,26.302231],[119.873082,26.302227],[119.872648,26.300739],[119.872647,26.300735],[119.872647,26.300731],[119.872647,26.300727],[119.872647,26.300723],[119.873001,26.298314],[119.873002,26.29831],[119.873003,26.298306],[119.873005,26.298303],[119.873007,26.298299],[119.873898,26.296924],[119.873901,26.296921],[119.873903,26.296917],[119.873906,26.296915],[119.87391,26.296912],[119.875326,26.295953],[119.87533,26.295951],[119.875333,26.295949],[119.875338,26.295948],[119.875342,26.295947],[119.876778,26.295619],[119.874934,26.293609],[119.875187,26.290283],[119.874387,26.291205],[119.874384,26.291208],[119.874381,26.291211],[119.874377,26.291214],[119.874373,26.291216],[119.874369,26.291218],[119.870934,26.292512],[119.87093,26.292513],[119.870925,26.292514],[119.870921,26.292515],[119.870916,26.292515],[119.870912,26.292515],[119.870907,26.292514],[119.868789,26.292097],[119.868785,26.292096],[119.86878,26.292094],[119.868776,26.292092],[119.868772,26.29209],[119.867391,26.291139],[119.867387,26.291137],[119.867384,26.291134],[119.867381,26.29113],[119.867379,26.291127],[119.867377,26.291123],[119.865908,26.28802],[119.865906,26.288017],[119.865905,26.288013],[119.865905,26.288009],[119.865904,26.288005],[119.865905,26.288001],[119.865905,26.287998],[119.866217,26.286419],[119.866218,26.286415],[119.866219,26.286412],[119.866221,26.286409],[119.866223,26.286405],[119.866225,26.286402],[119.86753,26.284785],[119.867533,26.284782],[119.867537,26.284779],[119.86754,26.284776],[119.867544,26.284774],[119.869607,26.283703],[119.869611,26.283701],[119.869616,26.2837],[119.86962,26.283698],[119.869625,26.283698],[119.871337,26.283526],[119.871342,26.283526],[119.871346,26.283526],[119.87135,26.283527],[119.871354,26.283528],[119.873013,26.283947],[119.873018,26.283948],[119.873022,26.28395],[119.873026,26.283952],[119.87303,26.283955],[119.874659,26.285208],[119.874663,26.285211],[119.874666,26.285215],[119.874669,26.285219],[119.875478,26.286468],[119.875609,26.284751],[119.896221,26.282742],[119.886176,26.268419],[119.887284,26.260637],[119.874975,26.244784],[119.897844,26.254145],[119.923337,26.237705],[119.929811,26.234539],[119.935453,26.243868],[119.930002,26.267312],[119.954104,26.257724],[119.946799,26.240064],[119.936192,26.227728],[119.926639,26.222607],[119.917591,26.207954],[119.906041,26.217104],[119.91066,26.232196],[119.874767,26.226919],[119.872565,26.224118],[119.866904,26.220219],[119.87075,26.215554],[119.866499,26.20934],[119.857907,26.211743],[119.855889,26.204156],[119.853457,26.200176],[119.853494,26.193232],[119.856348,26.190078],[119.867824,26.185908],[119.88145,26.20199],[119.885409,26.193345],[119.869871,26.180924],[119.85596,26.18259],[119.850768,26.178037],[119.841078,26.172168],[119.838839,26.176091],[119.828797,26.176338],[119.823151,26.182556],[119.815442,26.185559],[119.799376,26.187243],[119.818012,26.195302],[119.823832,26.196932],[119.838892,26.193556],[119.844883,26.19553],[119.846043,26.196869],[119.843587,26.202167],[119.840756,26.202035],[119.837138,26.200621],[119.832959,26.204829],[119.836123,26.207172],[119.822761,26.207238],[119.81293,26.206942],[119.809217,26.202024],[119.803627,26.210975],[119.777238,26.233567],[119.774214,26.233065]]]},"properties":{"cluster_id":30,"lat":26.247662675404285,"lon":119.8581148286608,"count":191,"type":"anchorage","distance_to_coast":7911.089307598252}},{"type":"Feature","geometry":{"type":"MultiPolygon","coordinates":[[[[122.373049,36.868494],[122.377898,36.864009],[122.376857,36.863952],[122.376852,36.863952],[122.376848,36.863951],[122.376843,36.86395],[122.376839,36.863948],[122.374882,36.863089],[122.374879,36.863087],[122.374875,36.863085],[122.374872,36.863083],[122.37487,36.863081],[122.374867,36.863078],[122.37383,36.861909],[122.373828,36.861906],[122.373826,36.861903],[122.373824,36.861899],[122.373823,36.861896],[122.37344,36.860495],[122.373439,36.860491],[122.373439,36.860487],[122.373439,36.860484],[122.373504,36.860005],[122.373082,36.86028],[122.373049,36.868494]]],[[[122.437734,36.842982],[122.445268,36.867773],[122.449172,36.867714],[122.449177,36.867714],[122.449181,36.867715],[122.449185,36.867715],[122.449189,36.867716],[122.4521,36.868595],[122.460359,36.849535],[122.454055,36.842785],[122.453552,36.828869],[122.478372,36.830475],[122.482366,36.812054],[122.494356,36.809785],[122.505655,36.814665],[122.520703,36.804949],[122.541803,36.811416],[122.555413,36.823198],[122.531893,36.854358],[122.56515,36.864395],[122.588399,36.88276],[122.626599,36.907692],[122.639073,36.923215],[122.670902,36.894893],[122.658414,36.87232],[122.670923,36.874621],[122.646896,36.859034],[122.611803,36.839572],[122.597389,36.851302],[122.571141,36.861484],[122.56449,36.838117],[122.564353,36.826414],[122.572077,36.783915],[122.563641,36.755579],[122.565519,36.744502],[122.589504,36.754419],[122.59637,36.742002],[122.608715,36.762955],[122.608403,36.774681],[122.62441,36.779033],[122.636661,36.791889],[122.671336,36.815766],[122.698167,36.822367],[122.684786,36.807991],[122.660883,36.776189],[122.662099,36.772911],[122.697305,36.774199],[122.709628,36.767102],[122.699769,36.750284],[122.674326,36.731761],[122.645925,36.761394],[122.634436,36.759343],[122.631932,36.76054],[122.619515,36.73387],[122.635022,36.732735],[122.649155,36.724759],[122.658121,36.712734],[122.653702,36.696116],[122.678899,36.652945],[122.704868,36.621828],[122.642997,36.616626],[122.656919,36.643128],[122.659862,36.656661],[122.615278,36.683861],[122.603064,36.69592],[122.603267,36.698272],[122.605798,36.703576],[122.596436,36.716664],[122.587187,36.731202],[122.572617,36.721907],[122.572546,36.709198],[122.557793,36.698873],[122.536901,36.699872],[122.533559,36.690753],[122.531985,36.675515],[122.530452,36.672757],[122.53669,36.658085],[122.572488,36.665868],[122.544436,36.64295],[122.511071,36.633348],[122.520083,36.602433],[122.532067,36.580376],[122.529225,36.57936],[122.518497,36.598314],[122.503256,36.577445],[122.48465,36.589369],[122.449645,36.577796],[122.414431,36.577433],[122.414727,36.582545],[122.374332,36.590883],[122.401034,36.609522],[122.483595,36.592618],[122.500144,36.618873],[122.485176,36.655825],[122.463151,36.675945],[122.495528,36.675034],[122.495995,36.684772],[122.509687,36.692844],[122.529205,36.696618],[122.520689,36.714274],[122.517795,36.714642],[122.52262,36.720873],[122.514728,36.736425],[122.521305,36.769375],[122.495481,36.791439],[122.493021,36.785838],[122.494676,36.777279],[122.493371,36.766267],[122.486966,36.75176],[122.462425,36.75062],[122.444811,36.755544],[122.44155,36.741201],[122.433518,36.724497],[122.419682,36.72372],[122.404545,36.713256],[122.388163,36.712949],[122.361261,36.685496],[122.316628,36.66941],[122.299354,36.66217],[122.295665,36.662963],[122.28983,36.665991],[122.287383,36.680852],[122.350957,36.698986],[122.36529,36.72039],[122.359206,36.748578],[122.371037,36.748355],[122.393494,36.74166],[122.420307,36.731091],[122.422275,36.740077],[122.416242,36.753426],[122.408324,36.760541],[122.393946,36.76465],[122.388942,36.770437],[122.386581,36.785774],[122.388754,36.801859],[122.403944,36.81088],[122.414648,36.811967],[122.400775,36.832486],[122.380947,36.855645],[122.38097,36.855645],[122.380975,36.855645],[122.38098,36.855646],[122.380985,36.855647],[122.380989,36.855648],[122.383076,36.856412],[122.383079,36.856413],[122.383083,36.856415],[122.383086,36.856417],[122.383089,36.856419],[122.384381,36.857451],[122.384385,36.857453],[122.384387,36.857457],[122.38439,36.85746],[122.384392,36.857463],[122.385142,36.859022],[122.385143,36.859025],[122.385144,36.859028],[122.385145,36.859032],[122.385145,36.859035],[122.385145,36.859038],[122.385005,36.860194],[122.437734,36.842982]]],[[[122.445172,36.884224],[122.443787,36.883376],[122.443784,36.883374],[122.443781,36.883372],[122.443778,36.883369],[122.443776,36.883366],[122.443774,36.883363],[122.443772,36.88336],[122.442649,36.880802],[122.442489,36.881214],[122.444029,36.883898],[122.44403,36.883901],[122.444032,36.883904],[122.444032,36.883908],[122.444033,36.883911],[122.444033,36.883914],[122.443976,36.885172],[122.445172,36.884224]]],[[[122.4432,36.878717],[122.444206,36.877669],[122.444209,36.877666],[122.444212,36.877664],[122.444216,36.877661],[122.444221,36.877659],[122.444516,36.877538],[122.44347,36.877518],[122.443466,36.877518],[122.443461,36.877517],[122.443457,36.877517],[122.442927,36.877376],[122.4432,36.878717]]]]},"properties":{"cluster_id":31,"lat":36.77399902505047,"lon":122.48455010292882,"count":278,"type":"anchorage","distance_to_coast":13944.225018712828}},{"type":"Feature","geometry":{"type":"MultiPolygon","coordinates":[[[[120.354517,31.962844],[120.353005,31.962429],[120.353001,31.962428],[120.352997,31.962426],[120.352993,31.962424],[120.35299,31.962422],[120.351639,31.961432],[120.351636,31.961429],[120.351633,31.961426],[120.35163,31.961423],[120.351628,31.961419],[120.351626,31.961415],[120.350446,31.958444],[120.350445,31.958441],[120.350444,31.958437],[120.350443,31.958434],[120.350444,31.95843],[120.350444,31.958426],[120.350445,31.958422],[120.35089,31.957013],[120.335694,31.955735],[120.335799,31.956128],[120.335799,31.956131],[120.3358,31.956134],[120.3358,31.956138],[120.335799,31.956141],[120.335392,31.958787],[120.335391,31.958791],[120.33539,31.958794],[120.335388,31.958798],[120.335386,31.958801],[120.335384,31.958804],[120.333873,31.96065],[120.333871,31.960653],[120.333868,31.960655],[120.333865,31.960658],[120.333862,31.96066],[120.333858,31.960662],[120.333854,31.960663],[120.331825,31.961422],[120.331821,31.961423],[120.331816,31.961424],[120.331811,31.961425],[120.331807,31.961425],[120.329056,31.961392],[120.327416,31.982014],[120.330787,31.98481],[120.330781,31.984537],[120.330781,31.984534],[120.330781,31.984531],[120.330782,31.984527],[120.330783,31.984524],[120.331509,31.982767],[120.33151,31.982764],[120.331512,31.98276],[120.331515,31.982757],[120.331518,31.982754],[120.331521,31.982752],[120.333141,31.981496],[120.333144,31.981494],[120.333147,31.981492],[120.333151,31.98149],[120.333154,31.981489],[120.333158,31.981488],[120.334843,31.981051],[120.334848,31.981051],[120.334853,31.98105],[120.334858,31.98105],[120.337489,31.981106],[120.337493,31.981106],[120.337497,31.981107],[120.337501,31.981107],[120.337505,31.981109],[120.337508,31.98111],[120.339738,31.982107],[120.341152,31.982281],[120.354517,31.962844]]],[[[120.364465,31.966057],[120.36449,31.96332],[120.364491,31.963317],[120.364491,31.963313],[120.364493,31.963309],[120.364494,31.963305],[120.364496,31.963302],[120.364499,31.963299],[120.364502,31.963296],[120.36663,31.961256],[120.360523,31.959081],[120.360543,31.95935],[120.360543,31.959354],[120.360543,31.959358],[120.360542,31.959361],[120.360541,31.959365],[120.359999,31.960749],[120.359998,31.960752],[120.359996,31.960755],[120.359993,31.960759],[120.359991,31.960761],[120.358876,31.961871],[120.358873,31.961874],[120.35887,31.961876],[120.358867,31.961878],[120.358864,31.96188],[120.35886,31.961881],[120.357779,31.962287],[120.364465,31.966057]]],[[[120.385399,31.969747],[120.385344,31.96965],[120.385342,31.969646],[120.385341,31.969643],[120.38534,31.969639],[120.385122,31.968194],[120.385122,31.96819],[120.385122,31.968186],[120.385123,31.968183],[120.385124,31.968179],[120.385561,31.966771],[120.385562,31.966767],[120.385564,31.966764],[120.385566,31.966761],[120.385568,31.966758],[120.38557,31.966755],[120.385573,31.966753],[120.387495,31.965174],[120.378913,31.96395],[120.379586,31.965098],[120.379587,31.965101],[120.379588,31.965104],[120.379589,31.965107],[120.37959,31.965111],[120.379898,31.967501],[120.379899,31.967505],[120.379898,31.967509],[120.379898,31.967513],[120.379896,31.967517],[120.379355,31.968915],[120.379354,31.968918],[120.379352,31.968921],[120.379349,31.968925],[120.379347,31.968927],[120.378879,31.969393],[120.385399,31.969747]]],[[[120.368224,32.008433],[120.369206,32.008466],[120.36921,32.008466],[120.369214,32.008467],[120.369217,32.008467],[120.369221,32.008469],[120.371279,32.009174],[120.371283,32.009175],[120.371287,32.009177],[120.371291,32.00918],[120.371294,32.009182],[120.371297,32.009185],[120.372706,32.01064],[120.372708,32.010643],[120.372711,32.010646],[120.372712,32.010649],[120.372714,32.010652],[120.372715,32.010655],[120.373134,32.012151],[120.377611,32.015669],[120.377614,32.015672],[120.377617,32.015675],[120.377619,32.015678],[120.377621,32.015681],[120.378364,32.017004],[120.378366,32.017007],[120.378367,32.017011],[120.378368,32.017015],[120.378368,32.017019],[120.378441,32.01905],[120.378441,32.019053],[120.378441,32.019056],[120.37844,32.01906],[120.378439,32.019063],[120.377874,32.020455],[120.377873,32.020459],[120.377871,32.020462],[120.377868,32.020465],[120.377866,32.020468],[120.376721,32.021575],[120.376718,32.021578],[120.376714,32.02158],[120.37671,32.021583],[120.376705,32.021584],[120.376549,32.021642],[120.379695,32.023726],[120.38084,32.022279],[120.380843,32.022276],[120.380846,32.022273],[120.380849,32.022271],[120.380853,32.022269],[120.382781,32.021168],[120.382785,32.021166],[120.382789,32.021164],[120.382793,32.021163],[120.382797,32.021162],[120.382801,32.021162],[120.382805,32.021161],[120.387896,32.021047],[120.3879,32.021047],[120.387904,32.021047],[120.387908,32.021048],[120.389636,32.021403],[120.38964,32.021404],[120.389644,32.021406],[120.389647,32.021407],[120.389651,32.021409],[120.389654,32.021411],[120.391367,32.022601],[120.39137,32.022604],[120.391374,32.022607],[120.391376,32.02261],[120.391379,32.022614],[120.391381,32.022617],[120.392224,32.024522],[120.395671,32.025032],[120.395675,32.025033],[120.395679,32.025034],[120.395683,32.025036],[120.395687,32.025038],[120.395691,32.02504],[120.395694,32.025042],[120.395697,32.025045],[120.395815,32.025159],[120.448103,31.983339],[120.445967,31.983197],[120.445962,31.983196],[120.445958,31.983195],[120.445954,31.983194],[120.44595,31.983192],[120.445946,31.98319],[120.444091,31.982161],[120.444088,31.982159],[120.444085,31.982156],[120.444082,31.982154],[120.444079,31.982151],[120.444077,31.982147],[120.442795,31.980147],[120.441074,31.977994],[120.441072,31.977991],[120.44107,31.977988],[120.441068,31.977985],[120.441067,31.977981],[120.441067,31.977977],[120.441066,31.977974],[120.441,31.975224],[120.441,31.97522],[120.441001,31.975216],[120.441002,31.975212],[120.441003,31.975209],[120.441798,31.973546],[120.441363,31.974163],[120.441361,31.974166],[120.441358,31.974169],[120.441355,31.974172],[120.441351,31.974174],[120.441348,31.974177],[120.439076,31.975319],[120.439072,31.975321],[120.439068,31.975322],[120.439064,31.975323],[120.43906,31.975324],[120.439055,31.975325],[120.434013,31.975486],[120.434008,31.975486],[120.434004,31.975485],[120.434,31.975485],[120.433997,31.975484],[120.433993,31.975483],[120.43195,31.974722],[120.431947,31.97472],[120.431943,31.974718],[120.43194,31.974716],[120.431937,31.974714],[120.431934,31.974711],[120.431931,31.974709],[120.430442,31.972893],[120.427244,31.973056],[120.42724,31.973056],[120.427236,31.973056],[120.427232,31.973055],[120.427228,31.973054],[120.427224,31.973053],[120.424809,31.972167],[120.424805,31.972165],[120.424801,31.972163],[120.424797,31.972161],[120.424794,31.972159],[120.424791,31.972156],[120.423697,31.970977],[120.423694,31.970974],[120.423692,31.970971],[120.423691,31.970968],[120.423689,31.970965],[120.423093,31.969422],[120.423092,31.969419],[120.423091,31.969416],[120.423091,31.969412],[120.423091,31.969409],[120.423172,31.967147],[120.423173,31.967143],[120.423174,31.967139],[120.423175,31.967135],[120.423177,31.967132],[120.423179,31.967128],[120.423182,31.967125],[120.423352,31.966942],[120.404361,31.967214],[120.404517,31.967516],[120.404519,31.967519],[120.40452,31.967523],[120.404521,31.967527],[120.404521,31.967531],[120.4045,31.969714],[120.4045,31.969718],[120.404499,31.969721],[120.404498,31.969724],[120.404497,31.969727],[120.403879,31.971098],[120.403877,31.971102],[120.403874,31.971105],[120.403871,31.971108],[120.403868,31.971112],[120.402321,31.972383],[120.402317,31.972385],[120.402314,31.972388],[120.40231,31.972389],[120.402306,31.972391],[120.402302,31.972392],[120.400234,31.972906],[120.40023,31.972907],[120.400226,31.972907],[120.400222,31.972907],[120.400218,31.972907],[120.397778,31.972742],[120.397774,31.972742],[120.397769,31.972741],[120.397765,31.97274],[120.397761,31.972738],[120.395993,31.971968],[120.393987,31.972691],[120.393983,31.972692],[120.393978,31.972693],[120.393972,31.972694],[120.390215,31.972888],[120.390211,31.972888],[120.390206,31.972888],[120.390202,31.972887],[120.387607,31.972331],[120.387602,31.97233],[120.387598,31.972328],[120.387594,31.972326],[120.38759,31.972324],[120.387587,31.972322],[120.386817,31.971711],[120.368224,32.008433]]],[[[120.394347,32.038208],[120.396949,32.036244],[120.396953,32.036242],[120.396956,32.03624],[120.39696,32.036238],[120.396965,32.036237],[120.396969,32.036236],[120.396973,32.036235],[120.396978,32.036235],[120.398227,32.036211],[120.39712,32.035019],[120.396986,32.035259],[120.396984,32.035263],[120.396981,32.035266],[120.396978,32.035269],[120.396975,32.035271],[120.396972,32.035274],[120.395219,32.036376],[120.395215,32.036378],[120.395211,32.03638],[120.395207,32.036381],[120.395203,32.036382],[120.395199,32.036383],[120.395194,32.036383],[120.393261,32.03647],[120.394347,32.038208]]],[[[120.460131,32.075053],[120.45974,32.074213],[120.459738,32.074209],[120.459737,32.074205],[120.459737,32.074201],[120.459737,32.074197],[120.459877,32.072356],[120.459878,32.072352],[120.459879,32.072348],[120.45988,32.072344],[120.459883,32.07234],[120.460728,32.071044],[120.46073,32.071041],[120.460733,32.071039],[120.460735,32.071036],[120.460738,32.071034],[120.462572,32.069726],[120.462575,32.069723],[120.462579,32.069721],[120.462584,32.069719],[120.462588,32.069718],[120.463713,32.069444],[120.460844,32.069095],[120.460839,32.069095],[120.460835,32.069093],[120.460831,32.069092],[120.459279,32.068455],[120.459275,32.068453],[120.459271,32.068451],[120.459267,32.068448],[120.459264,32.068445],[120.457904,32.067036],[120.457902,32.067034],[120.4579,32.06703],[120.457898,32.067027],[120.457896,32.067024],[120.457895,32.06702],[120.457312,32.064766],[120.457311,32.064762],[120.457311,32.064758],[120.457311,32.064754],[120.457312,32.06475],[120.457867,32.062676],[120.457868,32.062673],[120.45787,32.062669],[120.457872,32.062666],[120.457874,32.062663],[120.457876,32.06266],[120.457879,32.062658],[120.459504,32.061246],[120.435043,32.056925],[120.410927,32.04314],[120.410833,32.04352],[120.410832,32.043524],[120.410831,32.043528],[120.410829,32.043531],[120.410826,32.043534],[120.409622,32.045012],[120.409619,32.045014],[120.409616,32.045017],[120.409613,32.04502],[120.409609,32.045022],[120.409606,32.045024],[120.407736,32.045868],[120.407732,32.04587],[120.407727,32.045871],[120.407722,32.045872],[120.407718,32.045873],[120.40602,32.045961],[120.406016,32.045961],[120.406012,32.045961],[120.406008,32.04596],[120.4038,32.045555],[120.403795,32.045553],[120.403791,32.045552],[120.403787,32.04555],[120.403783,32.045548],[120.402287,32.044618],[120.400816,32.044562],[120.460131,32.075053]]],[[[120.486632,32.077036],[120.486321,32.076431],[120.48632,32.076427],[120.486318,32.076423],[120.486318,32.076419],[120.486318,32.076415],[120.486318,32.076411],[120.486661,32.074161],[120.486662,32.074157],[120.486663,32.074154],[120.486665,32.07415],[120.486667,32.074147],[120.48667,32.074143],[120.486673,32.07414],[120.487244,32.073617],[120.468215,32.070776],[120.469143,32.071771],[120.469145,32.071774],[120.469147,32.071777],[120.469149,32.07178],[120.469151,32.071784],[120.46963,32.073208],[120.469631,32.073211],[120.469632,32.073215],[120.469632,32.073219],[120.469632,32.073222],[120.469434,32.074694],[120.469433,32.074697],[120.469432,32.074701],[120.469431,32.074704],[120.469429,32.074708],[120.468805,32.075663],[120.486632,32.077036]]],[[[120.516481,32.065698],[120.514793,32.063492],[120.497925,32.072598],[120.498893,32.073124],[120.498897,32.073126],[120.4989,32.073128],[120.498903,32.073131],[120.498905,32.073134],[120.498907,32.073136],[120.498909,32.07314],[120.498911,32.073143],[120.499758,32.075053],[120.516481,32.065698]]],[[[120.467871,32.068021],[120.4677,32.068266],[120.467698,32.068269],[120.467695,32.068272],[120.467692,32.068275],[120.467688,32.068277],[120.466257,32.069176],[120.466253,32.069178],[120.466249,32.06918],[120.466245,32.069181],[120.46624,32.069182],[120.465097,32.069418],[120.466457,32.069607],[120.466461,32.069608],[120.466465,32.069609],[120.466468,32.06961],[120.466472,32.069612],[120.466475,32.069614],[120.46792,32.070463],[120.467923,32.070465],[120.467926,32.070467],[120.467929,32.07047],[120.468089,32.070641],[120.467871,32.068021]]],[[[120.461874,32.0586],[120.460061,32.060934],[120.461785,32.060403],[120.461789,32.060402],[120.461793,32.060401],[120.461798,32.060401],[120.461802,32.060401],[120.461806,32.060401],[120.463937,32.060646],[120.463941,32.060646],[120.463945,32.060647],[120.463949,32.060648],[120.463953,32.06065],[120.464012,32.060677],[120.461874,32.0586]]],[[[120.442284,31.972825],[120.442279,31.972856],[120.442278,31.97286],[120.442277,31.972863],[120.442275,31.972867],[120.442273,31.97287],[120.441909,31.973389],[120.442509,31.972979],[120.442284,31.972825]]]]},"properties":{"cluster_id":32,"lat":32.009606444644014,"lon":120.39444283295173,"count":93,"type":"anchorage","distance_to_coast":3487.2673564797665}},{"type":"Feature","geometry":{"type":"MultiPolygon","coordinates":[[[[121.002911,31.795311],[121.002929,31.797431],[121.010873,31.797691],[121.010546,31.796569],[121.010545,31.796565],[121.010544,31.796561],[121.010544,31.796558],[121.010545,31.796554],[121.010546,31.79655],[121.010547,31.796546],[121.011267,31.794931],[121.002911,31.795311]]],[[[121.024219,31.783552],[121.029296,31.783175],[121.035756,31.784085],[121.03957,31.783666],[121.061888,31.795973],[121.062248,31.799576],[121.06265,31.799596],[121.062654,31.799596],[121.062658,31.799597],[121.062662,31.799598],[121.062666,31.799599],[121.06267,31.799601],[121.063471,31.799983],[121.072647,31.779199],[121.118157,31.767205],[121.12757,31.770222],[121.161797,31.764853],[121.162532,31.762734],[121.172929,31.761226],[121.172123,31.759002],[121.172122,31.758998],[121.172122,31.758994],[121.172121,31.75899],[121.172122,31.758986],[121.17242,31.75711],[121.17242,31.757106],[121.172422,31.757103],[121.172423,31.757099],[121.172425,31.757096],[121.172427,31.757093],[121.17243,31.75709],[121.174523,31.75498],[121.174526,31.754977],[121.174529,31.754974],[121.174533,31.754972],[121.174537,31.75497],[121.174541,31.754969],[121.174545,31.754967],[121.17737,31.75432],[121.17936,31.753543],[121.179364,31.753542],[121.179368,31.753541],[121.179371,31.75354],[121.179375,31.75354],[121.181916,31.753356],[121.181921,31.753356],[121.181925,31.753356],[121.181929,31.753356],[121.181933,31.753357],[121.184017,31.753878],[121.184022,31.753879],[121.184026,31.753881],[121.18403,31.753883],[121.184034,31.753886],[121.185339,31.75487],[121.185342,31.754872],[121.185345,31.754875],[121.185348,31.754878],[121.18535,31.754882],[121.186116,31.756214],[121.186118,31.756218],[121.186119,31.756222],[121.18612,31.756226],[121.186254,31.757168],[121.188659,31.755519],[121.189275,31.754861],[121.188471,31.752744],[121.18847,31.75274],[121.18847,31.752737],[121.188469,31.752733],[121.188397,31.751193],[121.188397,31.751189],[121.188398,31.751185],[121.188399,31.751181],[121.1884,31.751178],[121.18905,31.749738],[121.189052,31.749735],[121.189055,31.749731],[121.189057,31.749728],[121.18906,31.749725],[121.190327,31.748622],[121.19033,31.74862],[121.190333,31.748617],[121.190336,31.748616],[121.19034,31.748614],[121.192592,31.747736],[121.192597,31.747734],[121.192601,31.747733],[121.192605,31.747732],[121.19261,31.747732],[121.194293,31.747701],[121.194297,31.747701],[121.194302,31.747702],[121.194307,31.747703],[121.194311,31.747704],[121.195552,31.748154],[121.195989,31.747686],[121.194952,31.747427],[121.194948,31.747426],[121.194943,31.747424],[121.194939,31.747422],[121.194935,31.747419],[121.193323,31.74622],[121.19332,31.746217],[121.193318,31.746215],[121.193315,31.746212],[121.193313,31.746209],[121.193311,31.746206],[121.192367,31.744242],[121.192365,31.744239],[121.192364,31.744235],[121.192364,31.744232],[121.192363,31.744228],[121.192317,31.742729],[121.192318,31.742725],[121.192318,31.742722],[121.192319,31.742718],[121.19232,31.742714],[121.192957,31.741315],[121.192959,31.741312],[121.192961,31.741309],[121.192963,31.741306],[121.192966,31.741303],[121.194187,31.74022],[121.19419,31.740218],[121.194194,31.740215],[121.194197,31.740213],[121.194201,31.740212],[121.196455,31.739376],[121.196459,31.739375],[121.196463,31.739374],[121.196467,31.739373],[121.196472,31.739373],[121.198236,31.73935],[121.19824,31.73935],[121.198244,31.73935],[121.198248,31.739351],[121.198252,31.739352],[121.198256,31.739353],[121.200254,31.740131],[121.200258,31.740133],[121.200261,31.740134],[121.200265,31.740136],[121.200268,31.740139],[121.20027,31.740141],[121.201171,31.741057],[121.214676,31.719719],[121.212704,31.719058],[121.2127,31.719056],[121.212697,31.719055],[121.212693,31.719053],[121.21269,31.719051],[121.212688,31.719048],[121.211487,31.717958],[121.211484,31.717955],[121.211482,31.717952],[121.21148,31.717949],[121.211478,31.717946],[121.211477,31.717943],[121.211476,31.717939],[121.211414,31.71768],[121.196682,31.733319],[121.186611,31.736056],[121.1852,31.747102],[121.17718,31.753195],[121.159466,31.74891],[121.15821,31.747679],[121.146744,31.761665],[121.122128,31.740674],[121.12415,31.736643],[121.133362,31.72765],[121.13222,31.72779],[121.132215,31.727791],[121.132211,31.727791],[121.132206,31.72779],[121.132202,31.72779],[121.132198,31.727789],[121.132194,31.727787],[121.13026,31.72699],[121.130256,31.726988],[121.130252,31.726986],[121.130248,31.726983],[121.130245,31.72698],[121.129154,31.725844],[121.129151,31.725841],[121.129149,31.725837],[121.129147,31.725834],[121.129146,31.72583],[121.129145,31.725826],[121.128932,31.724711],[121.126305,31.728682],[121.11909,31.734351],[121.113735,31.739392],[121.112807,31.748494],[121.114722,31.763532],[121.062252,31.776902],[121.057578,31.775845],[121.039788,31.747437],[121.03453,31.747817],[121.034527,31.747817],[121.034523,31.747817],[121.034519,31.747816],[121.034042,31.747745],[121.04324,31.779694],[121.038045,31.780091],[121.029741,31.779177],[121.020061,31.781222],[121.013076,31.793351],[121.014143,31.792635],[121.014147,31.792633],[121.014151,31.792631],[121.014155,31.79263],[121.014159,31.792628],[121.014164,31.792628],[121.014168,31.792627],[121.016397,31.792528],[121.016402,31.792528],[121.016406,31.792528],[121.016411,31.792529],[121.016415,31.79253],[121.016419,31.792531],[121.017704,31.793062],[121.024219,31.783552]],[[121.165383,31.760662],[121.165378,31.760661],[121.165374,31.76066],[121.16537,31.760658],[121.165365,31.760656],[121.16361,31.759627],[121.163606,31.759625],[121.163603,31.759622],[121.1636,31.75962],[121.163598,31.759617],[121.163596,31.759614],[121.162416,31.757806],[121.162414,31.757803],[121.162413,31.757799],[121.162412,31.757796],[121.162411,31.757793],[121.162162,31.756288],[121.162162,31.756284],[121.162162,31.75628],[121.162163,31.756276],[121.162163,31.756273],[121.162625,31.754805],[121.162626,31.754801],[121.162628,31.754797],[121.16263,31.754794],[121.162633,31.754791],[121.163731,31.753592],[121.163734,31.753589],[121.163737,31.753586],[121.163741,31.753584],[121.163744,31.753582],[121.165875,31.752572],[121.165879,31.75257],[121.165884,31.752568],[121.165888,31.752568],[121.165892,31.752567],[121.167665,31.752402],[121.167669,31.752402],[121.167673,31.752402],[121.167677,31.752402],[121.167681,31.752403],[121.167685,31.752404],[121.169779,31.753036],[121.169782,31.753037],[121.169786,31.753038],[121.169789,31.75304],[121.169793,31.753042],[121.169795,31.753045],[121.17105,31.754123],[121.171053,31.754125],[121.171056,31.754128],[121.171058,31.754132],[121.172037,31.755695],[121.172039,31.755698],[121.17204,31.755702],[121.172041,31.755705],[121.172042,31.755709],[121.172206,31.757177],[121.172206,31.75718],[121.172206,31.757184],[121.172205,31.757188],[121.172204,31.757191],[121.171702,31.758602],[121.171701,31.758606],[121.171699,31.758609],[121.171697,31.758612],[121.171694,31.758615],[121.170601,31.75976],[121.170598,31.759763],[121.170594,31.759765],[121.170591,31.759768],[121.170586,31.75977],[121.170582,31.759771],[121.167094,31.76091],[121.167089,31.760911],[121.167084,31.760912],[121.16708,31.760912],[121.167075,31.760912],[121.16707,31.760912],[121.165383,31.760662]]],[[[121.220852,31.709959],[121.218363,31.708756],[121.216785,31.710996],[121.217119,31.711008],[121.217123,31.711008],[121.217127,31.711009],[121.21713,31.71101],[121.217134,31.711011],[121.217138,31.711012],[121.219105,31.711911],[121.219109,31.711913],[121.219112,31.711916],[121.219116,31.711918],[121.219119,31.711921],[121.219121,31.711924],[121.219387,31.712273],[121.220852,31.709959]]],[[[121.141221,31.719978],[121.149111,31.714718],[121.150048,31.713549],[121.149874,31.713513],[121.149869,31.713512],[121.149865,31.71351],[121.149861,31.713508],[121.149857,31.713506],[121.148012,31.712287],[121.148009,31.712284],[121.148006,31.712282],[121.148003,31.712279],[121.148,31.712276],[121.147075,31.71091],[121.147073,31.710907],[121.147072,31.710903],[121.14707,31.7109],[121.14707,31.710896],[121.147069,31.710893],[121.146897,31.708253],[121.143188,31.712282],[121.134503,31.719305],[121.135125,31.719362],[121.135129,31.719363],[121.135134,31.719364],[121.135138,31.719365],[121.135142,31.719367],[121.136668,31.72007],[121.136672,31.720072],[121.136676,31.720075],[121.13668,31.720078],[121.136683,31.720081],[121.137969,31.72156],[121.137971,31.721563],[121.137973,31.721566],[121.137975,31.721569],[121.13845,31.722683],[121.141221,31.719978]]],[[[121.159673,31.707019],[121.158178,31.706536],[121.158174,31.706534],[121.15817,31.706532],[121.158167,31.70653],[121.158163,31.706528],[121.156886,31.7055],[121.156883,31.705497],[121.15688,31.705494],[121.156877,31.70549],[121.156875,31.705486],[121.156034,31.703671],[121.155366,31.704157],[121.152736,31.694636],[121.152323,31.694891],[121.15232,31.694893],[121.152316,31.694894],[121.152313,31.694896],[121.152309,31.694897],[121.152305,31.694897],[121.152301,31.694898],[121.148013,31.695192],[121.148008,31.695192],[121.148004,31.695192],[121.147999,31.695191],[121.147995,31.69519],[121.14799,31.695189],[121.14642,31.694562],[121.146416,31.694561],[121.146412,31.694558],[121.146408,31.694555],[121.146405,31.694552],[121.145021,31.693142],[121.145018,31.693138],[121.145016,31.693135],[121.145014,31.693132],[121.145012,31.693128],[121.145011,31.693124],[121.144789,31.692135],[121.138835,31.695662],[121.137178,31.69652],[121.137485,31.696676],[121.137489,31.696678],[121.137493,31.696681],[121.137496,31.696684],[121.137499,31.696687],[121.138474,31.697903],[121.138476,31.697906],[121.138478,31.697909],[121.13848,31.697912],[121.139214,31.699801],[121.139215,31.699805],[121.139216,31.699809],[121.139216,31.699813],[121.139216,31.699817],[121.139049,31.701326],[121.139048,31.701329],[121.139047,31.701333],[121.139045,31.701337],[121.139043,31.70134],[121.1382,31.702675],[121.138198,31.702678],[121.138195,31.702681],[121.138192,31.702684],[121.138189,31.702686],[121.137579,31.703104],[121.14688,31.707992],[121.146862,31.707718],[121.146862,31.707715],[121.146862,31.707712],[121.146863,31.707708],[121.146864,31.707705],[121.147371,31.706272],[121.147372,31.706269],[121.147374,31.706266],[121.147376,31.706263],[121.147378,31.70626],[121.14738,31.706258],[121.14885,31.704876],[121.148854,31.704873],[121.148857,31.704871],[121.148861,31.704868],[121.148865,31.704867],[121.151245,31.703952],[121.151249,31.70395],[121.151254,31.703949],[121.151258,31.703948],[121.151263,31.703948],[121.153015,31.703949],[121.15302,31.703949],[121.153025,31.70395],[121.153029,31.703951],[121.153034,31.703952],[121.155006,31.704746],[121.155009,31.704748],[121.155013,31.70475],[121.155016,31.704752],[121.155019,31.704754],[121.156341,31.705889],[121.156344,31.705892],[121.156347,31.705894],[121.156349,31.705898],[121.156351,31.705901],[121.157022,31.707272],[121.157024,31.707276],[121.157025,31.707279],[121.157025,31.707282],[121.157026,31.707286],[121.157049,31.708176],[121.159673,31.707019]]],[[[121.167948,31.700737],[121.170337,31.699347],[121.168927,31.698651],[121.168922,31.698649],[121.168919,31.698646],[121.168915,31.698643],[121.168912,31.698639],[121.167918,31.697413],[121.167916,31.69741],[121.167914,31.697406],[121.167912,31.697403],[121.167911,31.697399],[121.167597,31.696155],[121.163352,31.69873],[121.163754,31.698922],[121.163757,31.698924],[121.163761,31.698926],[121.163764,31.698929],[121.163767,31.698931],[121.16377,31.698934],[121.164946,31.700506],[121.164948,31.700509],[121.16495,31.700512],[121.164951,31.700516],[121.165594,31.702392],[121.165595,31.702396],[121.165595,31.702399],[121.165596,31.702402],[121.165596,31.702406],[121.165549,31.702977],[121.167948,31.700737]]],[[[121.157456,31.6868],[121.156134,31.685414],[121.152724,31.687434],[121.153151,31.687657],[121.153154,31.687659],[121.153157,31.687661],[121.15316,31.687663],[121.153163,31.687666],[121.153165,31.687669],[121.15436,31.689268],[121.157456,31.6868]]]]},"properties":{"cluster_id":33,"lat":31.738866746404025,"lon":121.11678916050602,"count":139,"type":"anchorage","distance_to_coast":4506.057935104144}},{"type":"Feature","geometry":{"type":"Polygon","coordinates":[[[119.849179,26.491455],[119.849252,26.491402],[119.849255,26.4914],[119.849259,26.491398],[119.849263,26.491396],[119.849267,26.491395],[119.851859,26.490698],[119.851863,26.490697],[119.851868,26.490696],[119.851872,26.490696],[119.851876,26.490696],[119.853604,26.490848],[119.853609,26.490848],[119.853614,26.49085],[119.853618,26.490851],[119.853623,26.490853],[119.855483,26.49184],[119.855487,26.491842],[119.85549,26.491845],[119.855493,26.491848],[119.855496,26.491851],[119.855498,26.491854],[119.856628,26.493504],[119.85663,26.493508],[119.856631,26.493511],[119.856633,26.493515],[119.857229,26.495455],[119.85723,26.495459],[119.85723,26.495462],[119.85723,26.495466],[119.85723,26.495469],[119.857084,26.497023],[119.857083,26.497027],[119.857082,26.497031],[119.857081,26.497034],[119.857079,26.497038],[119.856284,26.498425],[119.856281,26.498428],[119.856279,26.498431],[119.856276,26.498434],[119.856273,26.498437],[119.854947,26.499449],[119.854944,26.499451],[119.854939,26.499454],[119.854935,26.499455],[119.854931,26.499457],[119.854926,26.499458],[119.85082,26.500122],[119.850816,26.500123],[119.850812,26.500123],[119.850808,26.500123],[119.850804,26.500122],[119.8508,26.500121],[119.850796,26.50012],[119.849139,26.499524],[119.849135,26.499522],[119.849131,26.499521],[119.849128,26.499519],[119.849125,26.499516],[119.849122,26.499514],[119.847625,26.498042],[119.847623,26.498039],[119.84762,26.498035],[119.847618,26.498032],[119.847616,26.498028],[119.847615,26.498025],[119.847614,26.498021],[119.847049,26.494806],[119.835635,26.512758],[119.857097,26.499855],[119.866548,26.498679],[119.879508,26.494395],[119.900895,26.491883],[119.910676,26.492814],[119.925918,26.488081],[119.939114,26.487288],[119.956039,26.481408],[119.970021,26.483304],[119.989974,26.481391],[119.998338,26.48342],[120.009036,26.484607],[120.034529,26.478753],[120.0434,26.477769],[120.075042,26.455437],[120.10959,26.481995],[120.09371,26.453786],[120.123201,26.417714],[120.101169,26.419495],[120.101186,26.424326],[120.054603,26.396171],[120.047488,26.447258],[120.033696,26.442274],[120.028098,26.437648],[120.02289,26.429193],[120.004155,26.421637],[119.994196,26.413439],[119.979691,26.41659],[119.982021,26.425541],[119.969008,26.439594],[119.960724,26.439279],[119.949459,26.424565],[119.954355,26.405024],[119.947659,26.394982],[119.928144,26.402463],[119.928806,26.41477],[119.931517,26.418567],[119.932898,26.434859],[119.917926,26.441816],[119.884356,26.468273],[119.866734,26.457335],[119.865366,26.480334],[119.858478,26.485009],[119.851172,26.48832],[119.849179,26.491455]]]},"properties":{"cluster_id":34,"lat":26.45977046394732,"lon":119.95240270515988,"count":504,"type":"anchorage","distance_to_coast":10875.7139789836}},{"type":"Feature","geometry":{"type":"Polygon","coordinates":[[[116.851084,23.290952],[116.869808,23.291248],[116.869741,23.276149],[116.86906,23.268848],[116.861576,23.266034],[116.860586,23.260683],[116.863059,23.259938],[116.863377,23.258546],[116.874892,23.259758],[116.885793,23.278586],[116.898206,23.278697],[116.927364,23.334655],[116.922891,23.282913],[116.878871,23.255018],[116.862432,23.248179],[116.858177,23.242116],[116.851868,23.24095],[116.841644,23.242115],[116.845021,23.246353],[116.845298,23.247483],[116.844305,23.249844],[116.838433,23.248535],[116.83566,23.244625],[116.83029,23.249823],[116.833487,23.251764],[116.833994,23.258471],[116.833429,23.260358],[116.833104,23.26692],[116.838745,23.267319],[116.843065,23.26824],[116.846922,23.272878],[116.853077,23.274729],[116.851084,23.290952]]]},"properties":{"cluster_id":35,"lat":23.261677595558396,"lon":116.85412173777218,"count":67,"type":"anchorage","distance_to_coast":6301.129881189363}},{"type":"Feature","geometry":{"type":"MultiPolygon","coordinates":[[[[116.468552,23.460718],[116.469205,23.45941],[116.469208,23.459406],[116.46921,23.459402],[116.469214,23.459399],[116.469217,23.459395],[116.470541,23.458365],[116.470545,23.458363],[116.470548,23.458361],[116.470552,23.458359],[116.470556,23.458358],[116.473061,23.457611],[116.473065,23.45761],[116.473069,23.457609],[116.473074,23.457609],[116.473078,23.457609],[116.474811,23.457728],[116.474816,23.457729],[116.474821,23.45773],[116.474825,23.457731],[116.47483,23.457733],[116.476715,23.458708],[116.476719,23.45871],[116.476723,23.458712],[116.476726,23.458715],[116.476729,23.458718],[116.476731,23.458721],[116.477901,23.460392],[116.477903,23.460395],[116.477905,23.460399],[116.477907,23.460402],[116.478522,23.462306],[116.478523,23.46231],[116.478523,23.462313],[116.478524,23.462317],[116.478524,23.462321],[116.478412,23.463922],[116.478411,23.463926],[116.47841,23.46393],[116.478409,23.463934],[116.478407,23.463937],[116.477637,23.465378],[116.477635,23.465382],[116.477632,23.465385],[116.477629,23.465388],[116.477626,23.465391],[116.476314,23.466452],[116.476311,23.466455],[116.476307,23.466457],[116.476302,23.466459],[116.476298,23.466461],[116.476293,23.466462],[116.474927,23.466707],[116.477007,23.468877],[116.477329,23.467868],[116.47733,23.467864],[116.477332,23.467861],[116.477334,23.467858],[116.477336,23.467855],[116.477338,23.467852],[116.478514,23.466646],[116.478517,23.466643],[116.47852,23.466641],[116.478523,23.466639],[116.478527,23.466637],[116.47853,23.466635],[116.480556,23.465857],[116.480561,23.465855],[116.480565,23.465854],[116.48057,23.465854],[116.481767,23.465757],[116.480121,23.461669],[116.500968,23.447598],[116.500044,23.446796],[116.497659,23.445138],[116.497655,23.445135],[116.497652,23.445132],[116.497649,23.445129],[116.497647,23.445125],[116.497644,23.445121],[116.497643,23.445117],[116.496902,23.442842],[116.496901,23.442838],[116.4969,23.442834],[116.4969,23.44283],[116.4969,23.442826],[116.496901,23.442822],[116.496902,23.442818],[116.497802,23.440061],[116.497804,23.440057],[116.497805,23.440054],[116.497808,23.44005],[116.49781,23.440047],[116.497813,23.440044],[116.499192,23.438767],[116.498369,23.438374],[116.469442,23.454033],[116.470095,23.455648],[116.470097,23.455652],[116.470098,23.455655],[116.470098,23.455659],[116.470098,23.455663],[116.470098,23.455667],[116.469831,23.457612],[116.46983,23.457616],[116.469829,23.45762],[116.469827,23.457624],[116.469825,23.457628],[116.46862,23.459578],[116.468618,23.459581],[116.468615,23.459584],[116.468613,23.459586],[116.468609,23.459589],[116.468606,23.459591],[116.467808,23.460088],[116.468552,23.460718]]],[[[116.484556,23.487123],[116.485809,23.486224],[116.485812,23.486221],[116.485816,23.486219],[116.485821,23.486217],[116.485825,23.486216],[116.487488,23.485819],[116.487493,23.485818],[116.487497,23.485817],[116.487502,23.485817],[116.487507,23.485818],[116.488643,23.486004],[116.485854,23.476913],[116.48448,23.477459],[116.484476,23.477461],[116.484471,23.477462],[116.484467,23.477462],[116.481931,23.4777],[116.484556,23.487123]]],[[[116.513163,23.445437],[116.51203,23.444896],[116.512005,23.445289],[116.512004,23.445293],[116.512004,23.445297],[116.512002,23.445301],[116.512001,23.445305],[116.511927,23.445447],[116.513163,23.445437]]],[[[116.462637,23.451535],[116.46269,23.451899],[116.463025,23.451861],[116.462637,23.451535]]],[[[116.466743,23.4606],[116.466762,23.460588],[116.466737,23.460592],[116.466743,23.4606]]]]},"properties":{"cluster_id":36,"lat":23.456467833208453,"lon":116.4965688955123,"count":75,"type":"anchorage","distance_to_coast":5475.851378612951}},{"type":"Feature","geometry":{"type":"Polygon","coordinates":[[[113.763049,22.1559],[113.770231,22.157651],[113.783916,22.159425],[113.77298,22.151244],[113.771926,22.149201],[113.773574,22.142753],[113.774831,22.142789],[113.786218,22.153735],[113.786277,22.141083],[113.785641,22.135537],[113.78232,22.133847],[113.784316,22.128435],[113.798414,22.125462],[113.797883,22.122959],[113.779429,22.125792],[113.775009,22.129598],[113.7717,22.130532],[113.767788,22.123257],[113.766047,22.135901],[113.769313,22.134611],[113.770409,22.13894],[113.763165,22.137385],[113.765734,22.14406],[113.765278,22.147421],[113.751563,22.147678],[113.751435,22.14925],[113.763736,22.151212],[113.763049,22.1559]]]},"properties":{"cluster_id":37,"lat":22.141539236800377,"lon":113.77378293178552,"count":26,"type":"anchorage","distance_to_coast":16962.262670437303}},{"type":"Feature","geometry":{"type":"Polygon","coordinates":[[[110.677892,21.079937],[110.685953,21.083886],[110.690106,21.079799],[110.698972,21.089734],[110.70015,21.079141],[110.701864,21.074038],[110.704669,21.074308],[110.708456,21.079237],[110.708639,21.082193],[110.714003,21.084767],[110.718896,21.090942],[110.72168,21.091681],[110.740964,21.089443],[110.726128,21.078375],[110.725089,21.073723],[110.730447,21.073044],[110.741182,21.06853],[110.747271,21.064105],[110.749976,21.064607],[110.750876,21.059728],[110.754695,21.058111],[110.757582,21.062864],[110.752304,21.073059],[110.757138,21.071113],[110.762926,21.072517],[110.757522,21.089776],[110.774481,21.072746],[110.780039,21.069357],[110.789226,21.074314],[110.803122,21.080477],[110.816295,21.089858],[110.817375,21.088786],[110.805545,21.076009],[110.794691,21.065953],[110.799402,21.063793],[110.817445,21.065914],[110.823975,21.071155],[110.843402,21.070972],[110.818047,21.051322],[110.799393,21.05075],[110.79473,21.056735],[110.784316,21.051453],[110.78244,21.058842],[110.778031,21.056133],[110.774071,21.049143],[110.772156,21.04857],[110.763958,21.049669],[110.757693,21.049581],[110.748559,21.051197],[110.747094,21.057403],[110.742215,21.056643],[110.733854,21.051549],[110.731103,21.055826],[110.725718,21.054906],[110.723211,21.02167],[110.73241,21.011555],[110.74714,21.011783],[110.755174,21.016341],[110.755084,21.006738],[110.748183,21.000245],[110.727826,20.990411],[110.726162,21.009442],[110.715906,21.013414],[110.715702,21.0125],[110.706878,21.001765],[110.681943,21.003745],[110.658035,21.003398],[110.657954,21.006247],[110.70489,21.007818],[110.705202,21.013272],[110.701087,21.01788],[110.687569,21.015751],[110.687051,21.017898],[110.702971,21.022108],[110.710254,21.054663],[110.711484,21.057529],[110.705872,21.059024],[110.699994,21.051405],[110.69652,21.05942],[110.691382,21.055344],[110.683669,21.057576],[110.677492,21.063286],[110.676605,21.071122],[110.675236,21.072516],[110.677892,21.079937]]]},"properties":{"cluster_id":38,"lat":21.059281223962447,"lon":110.73108690557446,"count":163,"type":"anchorage","distance_to_coast":17490.444026861373}},{"type":"Feature","geometry":{"type":"MultiPolygon","coordinates":[[[[119.064642,25.098635],[119.067963,25.098454],[119.067968,25.098454],[119.067973,25.098455],[119.068785,25.098571],[119.059472,25.048852],[119.059412,25.045858],[119.05899,25.044597],[119.054404,25.039144],[119.046283,25.023056],[119.048208,25.014846],[119.081097,24.993398],[119.088788,24.991867],[119.089742,24.989912],[119.096368,24.982651],[119.097313,24.97674],[119.109753,24.977053],[119.112556,24.986997],[119.141478,24.985095],[119.166874,24.924094],[119.144426,24.933914],[119.134721,24.970993],[119.132459,24.965203],[119.118994,24.960089],[119.113669,24.957214],[119.108308,24.956703],[119.096375,24.957611],[119.0834,24.950819],[119.080541,24.96328],[119.077682,24.968],[119.040174,25.008422],[119.034982,25.015166],[119.039959,25.028393],[119.049334,25.057635],[119.064642,25.098635]]],[[[119.068994,25.110289],[119.070898,25.109854],[119.070618,25.108359],[119.070121,25.108658],[119.070117,25.10866],[119.070113,25.108662],[119.070108,25.108663],[119.070104,25.108664],[119.068488,25.108934],[119.068994,25.110289]]]]},"properties":{"cluster_id":39,"lat":24.986606110100553,"lon":119.0921765815678,"count":55,"type":"anchorage","distance_to_coast":8902.144828184233}},{"type":"Feature","geometry":{"type":"Polygon","coordinates":[[[119.848679,35.483786],[119.858601,35.482885],[119.862155,35.48202],[119.866446,35.482004],[119.869881,35.481186],[119.87139,35.490172],[119.874017,35.495818],[119.878092,35.498241],[119.890508,35.502963],[119.883797,35.487405],[119.879669,35.487142],[119.878672,35.482492],[119.878895,35.481202],[119.880893,35.478142],[119.884631,35.477675],[119.886682,35.478422],[119.8902,35.480339],[119.891593,35.483383],[119.895803,35.480425],[119.895718,35.479687],[119.907313,35.480456],[119.90798,35.481835],[119.9018,35.484436],[119.891355,35.496645],[119.8923,35.497302],[119.899169,35.4922],[119.909721,35.490215],[119.942464,35.509154],[119.942725,35.508945],[119.922716,35.484917],[119.915946,35.480494],[119.913893,35.480314],[119.912996,35.478383],[119.924254,35.479235],[119.923894,35.466505],[119.912357,35.471569],[119.909458,35.468336],[119.906606,35.46628],[119.904623,35.466209],[119.904072,35.463194],[119.902942,35.460716],[119.90405,35.46011],[119.91727,35.45829],[119.902633,35.453315],[119.899455,35.438673],[119.895082,35.45553],[119.888757,35.457005],[119.88727,35.460807],[119.884432,35.46108],[119.88441,35.459564],[119.881217,35.452997],[119.874534,35.454766],[119.874584,35.456768],[119.871628,35.460231],[119.872901,35.467218],[119.876722,35.46262],[119.878828,35.462446],[119.881662,35.464051],[119.885518,35.465089],[119.883912,35.469118],[119.885211,35.470645],[119.881572,35.47338],[119.877921,35.472815],[119.877993,35.470077],[119.870362,35.466896],[119.867661,35.46073],[119.86479,35.465466],[119.864493,35.468347],[119.862163,35.471],[119.860066,35.472368],[119.856178,35.468608],[119.852584,35.474265],[119.851215,35.477875],[119.853728,35.47959],[119.848679,35.483786]],[[119.895316,35.476211],[119.900505,35.472311],[119.902078,35.473545],[119.905111,35.472673],[119.906398,35.475753],[119.895689,35.479436],[119.895316,35.476211]],[[119.892843,35.473763],[119.891477,35.468037],[119.890168,35.465764],[119.893548,35.465432],[119.893095,35.466638],[119.896872,35.470704],[119.899056,35.471175],[119.892843,35.473763]]]},"properties":{"cluster_id":42,"lat":35.47197782383453,"lon":119.88420088879792,"count":150,"type":"anchorage","distance_to_coast":18542.663114496903}},{"type":"Feature","geometry":{"type":"MultiPolygon","coordinates":[[[[119.80194,34.489861],[119.797874,34.449612],[119.797025,34.45006],[119.797022,34.450062],[119.797018,34.450063],[119.797014,34.450064],[119.79701,34.450065],[119.797006,34.450066],[119.797002,34.450066],[119.796997,34.450066],[119.793668,34.449831],[119.793664,34.449831],[119.79366,34.44983],[119.793656,34.449829],[119.793653,34.449828],[119.793649,34.449826],[119.793646,34.449824],[119.793642,34.449822],[119.793044,34.449385],[119.792207,34.452653],[119.792555,34.453505],[119.792557,34.453509],[119.792557,34.453512],[119.792558,34.453516],[119.792558,34.45352],[119.792419,34.454961],[119.792418,34.454964],[119.792418,34.454968],[119.792416,34.454971],[119.792414,34.454975],[119.791617,34.456262],[119.791615,34.456265],[119.791613,34.456268],[119.79161,34.456271],[119.791607,34.456273],[119.791209,34.456553],[119.790386,34.459769],[119.78498,34.469269],[119.789528,34.469172],[119.789532,34.469172],[119.789536,34.469173],[119.78954,34.469173],[119.789544,34.469174],[119.789548,34.469176],[119.791877,34.470091],[119.791881,34.470093],[119.791884,34.470095],[119.791888,34.470097],[119.791891,34.4701],[119.793145,34.471234],[119.793148,34.471237],[119.79315,34.47124],[119.793152,34.471244],[119.793154,34.471247],[119.793807,34.472885],[119.793808,34.472889],[119.793809,34.472893],[119.793809,34.472897],[119.793725,34.478933],[119.793725,34.478936],[119.793724,34.47894],[119.793723,34.478943],[119.793722,34.478947],[119.79274,34.480887],[119.792738,34.48089],[119.792736,34.480893],[119.792733,34.480896],[119.79273,34.480899],[119.792727,34.480901],[119.791412,34.481807],[119.791408,34.481809],[119.791404,34.481811],[119.791399,34.481813],[119.791395,34.481814],[119.791144,34.48187],[119.80194,34.489861]]],[[[119.798953,34.395253],[119.795971,34.395106],[119.793197,34.396486],[119.793194,34.396488],[119.79319,34.396489],[119.793186,34.396491],[119.793181,34.396491],[119.793177,34.396492],[119.793173,34.396492],[119.78902,34.3964],[119.789016,34.3964],[119.789012,34.396399],[119.789008,34.396398],[119.789004,34.396397],[119.789,34.396396],[119.787026,34.395556],[119.787022,34.395554],[119.787018,34.395552],[119.787015,34.395549],[119.787012,34.395547],[119.787009,34.395544],[119.787007,34.39554],[119.785544,34.393305],[119.785542,34.393301],[119.78554,34.393298],[119.785539,34.393294],[119.785538,34.39329],[119.785538,34.393286],[119.785657,34.389678],[119.785657,34.389674],[119.785658,34.389671],[119.785659,34.389668],[119.78566,34.389664],[119.785662,34.389661],[119.785664,34.389658],[119.785667,34.389656],[119.787677,34.387592],[119.78768,34.387589],[119.787684,34.387587],[119.787687,34.387584],[119.787691,34.387583],[119.787695,34.387581],[119.7877,34.38758],[119.790712,34.38687],[119.790717,34.386869],[119.790721,34.386868],[119.790725,34.386868],[119.79073,34.386868],[119.793723,34.387137],[119.793726,34.387138],[119.79373,34.387139],[119.793734,34.38714],[119.793738,34.387141],[119.79515,34.387722],[119.798167,34.387023],[119.798171,34.387022],[119.798175,34.387022],[119.798179,34.387022],[119.798183,34.387022],[119.798188,34.387023],[119.798192,34.387023],[119.798196,34.387024],[119.800355,34.387739],[119.802022,34.381491],[119.7796,34.37298],[119.774888,34.367629],[119.774831,34.367775],[119.774829,34.367779],[119.774827,34.367782],[119.774825,34.367785],[119.774822,34.367788],[119.773638,34.368909],[119.773635,34.368911],[119.773631,34.368914],[119.773628,34.368916],[119.773624,34.368918],[119.772001,34.369564],[119.771997,34.369566],[119.771992,34.369567],[119.771987,34.369568],[119.769042,34.369878],[119.769037,34.369878],[119.769033,34.369878],[119.769028,34.369877],[119.769024,34.369877],[119.766978,34.369383],[119.766973,34.369382],[119.766969,34.36938],[119.766965,34.369378],[119.766961,34.369375],[119.765669,34.368449],[119.765666,34.368446],[119.765663,34.368443],[119.76566,34.36844],[119.765658,34.368436],[119.764781,34.366832],[119.764779,34.366829],[119.764778,34.366825],[119.764777,34.36682],[119.764458,34.363847],[119.764458,34.363843],[119.764458,34.363838],[119.764459,34.363834],[119.76501,34.36209],[119.765011,34.362087],[119.765013,34.362083],[119.765015,34.36208],[119.765018,34.362077],[119.765021,34.362074],[119.766503,34.360751],[119.766506,34.360749],[119.766509,34.360746],[119.766512,34.360745],[119.766515,34.360743],[119.766519,34.360742],[119.767814,34.360311],[119.76304,34.355916],[119.762685,34.356395],[119.762683,34.356398],[119.76268,34.356401],[119.762677,34.356403],[119.762673,34.356406],[119.762669,34.356408],[119.7595,34.357895],[119.759497,34.357896],[119.759493,34.357898],[119.759489,34.357898],[119.759485,34.357899],[119.759481,34.357899],[119.759476,34.3579],[119.758028,34.357855],[119.77853,34.411349],[119.782667,34.419235],[119.783086,34.418901],[119.783089,34.418898],[119.783093,34.418896],[119.783096,34.418895],[119.7831,34.418893],[119.783104,34.418892],[119.785907,34.418194],[119.785911,34.418193],[119.785915,34.418193],[119.785919,34.418193],[119.785923,34.418193],[119.787751,34.4183],[119.787756,34.4183],[119.78776,34.418301],[119.787764,34.418302],[119.787769,34.418304],[119.789393,34.419004],[119.789397,34.419006],[119.7894,34.419009],[119.789404,34.419011],[119.790741,34.42013],[119.790744,34.420133],[119.790747,34.420136],[119.790749,34.420139],[119.790751,34.420142],[119.791419,34.421503],[119.791421,34.421507],[119.791422,34.42151],[119.791422,34.421514],[119.791423,34.421517],[119.791445,34.424088],[119.791445,34.424091],[119.791445,34.424094],[119.791444,34.424098],[119.791443,34.424101],[119.791148,34.424752],[119.791433,34.424562],[119.791436,34.42456],[119.79144,34.424558],[119.791444,34.424556],[119.791448,34.424555],[119.793132,34.424146],[119.793136,34.424145],[119.793141,34.424145],[119.793145,34.424145],[119.79315,34.424145],[119.793154,34.424146],[119.796043,34.424647],[119.798953,34.395253]]],[[[119.751591,34.345372],[119.751392,34.348268],[119.751392,34.348272],[119.751391,34.348275],[119.75139,34.348279],[119.751388,34.348282],[119.750277,34.350206],[119.750275,34.350209],[119.750272,34.350212],[119.750269,34.350215],[119.750266,34.350218],[119.750263,34.35022],[119.749632,34.350608],[119.75403,34.353074],[119.754062,34.352654],[119.754063,34.35265],[119.754064,34.352646],[119.754065,34.352642],[119.754068,34.352639],[119.754912,34.351374],[119.754915,34.351371],[119.754917,34.351368],[119.75492,34.351365],[119.754924,34.351363],[119.756767,34.35014],[119.751591,34.345372]]],[[[119.749592,34.329953],[119.749075,34.33014],[119.749071,34.330142],[119.749067,34.330143],[119.749062,34.330143],[119.749058,34.330143],[119.749053,34.330143],[119.749049,34.330143],[119.746947,34.329801],[119.746942,34.3298],[119.746938,34.329799],[119.746933,34.329797],[119.746929,34.329795],[119.745537,34.328961],[119.745534,34.328959],[119.74553,34.328956],[119.745528,34.328953],[119.745525,34.32895],[119.745523,34.328946],[119.743969,34.326141],[119.743967,34.326138],[119.743966,34.326134],[119.743965,34.326131],[119.743965,34.326127],[119.743965,34.326124],[119.743965,34.32612],[119.744237,34.324645],[119.744238,34.324641],[119.744239,34.324638],[119.744241,34.324634],[119.744243,34.324631],[119.745197,34.323363],[119.745199,34.32336],[119.745202,34.323358],[119.745205,34.323355],[119.745209,34.323353],[119.746919,34.322357],[119.738741,34.313467],[119.73771,34.314536],[119.737708,34.314538],[119.737705,34.314541],[119.737702,34.314543],[119.737699,34.314545],[119.737695,34.314546],[119.736121,34.315184],[119.736116,34.315186],[119.736112,34.315187],[119.736107,34.315188],[119.736103,34.315188],[119.736098,34.315188],[119.731319,34.314931],[119.731315,34.31493],[119.731311,34.31493],[119.731307,34.314929],[119.731303,34.314927],[119.731299,34.314926],[119.731296,34.314924],[119.729879,34.314088],[119.729876,34.314086],[119.729873,34.314083],[119.72987,34.314081],[119.729867,34.314078],[119.728942,34.31286],[119.72894,34.312857],[119.728938,34.312854],[119.728937,34.312851],[119.728936,34.312848],[119.728935,34.312844],[119.728935,34.312841],[119.72886,34.309817],[119.72599,34.308514],[119.725748,34.308437],[119.730454,34.317777],[119.732252,34.316771],[119.732256,34.316769],[119.73226,34.316768],[119.732265,34.316766],[119.73227,34.316765],[119.734034,34.316518],[119.734038,34.316518],[119.734043,34.316518],[119.734047,34.316518],[119.734051,34.316519],[119.735792,34.31686],[119.735796,34.316861],[119.7358,34.316862],[119.735803,34.316864],[119.735807,34.316866],[119.73581,34.316868],[119.737537,34.318031],[119.73754,34.318033],[119.737543,34.318036],[119.737545,34.318039],[119.737548,34.318042],[119.73755,34.318045],[119.73887,34.320587],[119.738872,34.32059],[119.738873,34.320593],[119.738874,34.320597],[119.738874,34.3206],[119.738874,34.320604],[119.738873,34.320607],[119.738603,34.322045],[119.738602,34.322049],[119.738601,34.322053],[119.738599,34.322056],[119.738597,34.322059],[119.737677,34.323301],[119.737675,34.323304],[119.737673,34.323306],[119.73767,34.323309],[119.737667,34.323311],[119.736069,34.324332],[119.736065,34.324335],[119.736061,34.324337],[119.736056,34.324338],[119.734356,34.324812],[119.734352,34.324813],[119.734347,34.324813],[119.734343,34.324814],[119.734338,34.324813],[119.733989,34.324791],[119.7415,34.339694],[119.741525,34.339551],[119.741526,34.339548],[119.741527,34.339545],[119.741529,34.339542],[119.74153,34.339539],[119.741533,34.339536],[119.741535,34.339533],[119.743438,34.337616],[119.743441,34.337613],[119.743444,34.337611],[119.743448,34.337608],[119.743451,34.337607],[119.743455,34.337605],[119.743459,34.337604],[119.743464,34.337603],[119.746405,34.337104],[119.746409,34.337103],[119.746414,34.337103],[119.746418,34.337103],[119.746423,34.337104],[119.746427,34.337105],[119.748288,34.337593],[119.749592,34.329953]]],[[[119.712653,34.290703],[119.712522,34.291061],[119.71252,34.291064],[119.712519,34.291067],[119.712517,34.29107],[119.712515,34.291073],[119.712512,34.291075],[119.711046,34.292412],[119.711043,34.292414],[119.711039,34.292417],[119.711035,34.292419],[119.71103,34.292421],[119.709682,34.292882],[119.710859,34.293893],[119.718646,34.302202],[119.722315,34.305278],[119.722301,34.30413],[119.722301,34.304126],[119.722302,34.304122],[119.722303,34.304118],[119.723065,34.302171],[119.723066,34.302168],[119.723068,34.302165],[119.72307,34.302162],[119.723072,34.30216],[119.724161,34.30104],[119.724164,34.301037],[119.724168,34.301034],[119.724172,34.301032],[119.724176,34.30103],[119.725413,34.300529],[119.712653,34.290703]]],[[[119.697151,34.282117],[119.698136,34.282963],[119.698636,34.282515],[119.697151,34.282117]]],[[[119.790266,34.433717],[119.790172,34.431264],[119.789195,34.43009],[119.789193,34.430086],[119.789191,34.430083],[119.789189,34.43008],[119.789188,34.430076],[119.788826,34.428616],[119.788825,34.428613],[119.788825,34.428609],[119.788825,34.428606],[119.788826,34.428603],[119.789188,34.426884],[119.787768,34.42735],[119.787764,34.427351],[119.787761,34.427352],[119.787757,34.427352],[119.786965,34.427425],[119.790266,34.433717]]],[[[119.7922,34.437403],[119.793126,34.436777],[119.79313,34.436774],[119.793134,34.436772],[119.793138,34.436771],[119.793142,34.43677],[119.793231,34.436749],[119.79267,34.436624],[119.792666,34.436623],[119.792662,34.436622],[119.792658,34.43662],[119.792655,34.436618],[119.791384,34.435847],[119.7922,34.437403]]]]},"properties":{"cluster_id":45,"lat":34.41250864158383,"lon":119.77361823431454,"count":89,"type":"anchorage","distance_to_coast":9513.542438087425}},{"type":"Feature","geometry":{"type":"Polygon","coordinates":[[[108.646256,21.481079],[108.664323,21.480476],[108.666204,21.474831],[108.670461,21.476377],[108.670475,21.478261],[108.675851,21.480425],[108.673056,21.485583],[108.665588,21.486113],[108.668906,21.489156],[108.672652,21.494812],[108.683063,21.495717],[108.690561,21.494299],[108.680909,21.488114],[108.680665,21.481758],[108.685565,21.482703],[108.703068,21.483698],[108.69216,21.478486],[108.689794,21.476798],[108.688517,21.472366],[108.694962,21.467509],[108.739054,21.450559],[108.73833,21.448589],[108.685471,21.462091],[108.681497,21.464593],[108.67792,21.461609],[108.683643,21.454498],[108.682512,21.453521],[108.671036,21.462839],[108.667436,21.468078],[108.661275,21.469592],[108.659975,21.450592],[108.652544,21.46808],[108.654257,21.474914],[108.646256,21.481079]]]},"properties":{"cluster_id":48,"lat":21.47543970072329,"lon":108.67458726838534,"count":54,"type":"anchorage","distance_to_coast":17176.784517116248}},{"type":"Feature","geometry":{"type":"Polygon","coordinates":[[[121.750755,30.217675],[121.767812,30.203602],[121.778577,30.178789],[121.802335,30.189879],[121.802546,30.19149],[121.808899,30.191001],[121.809344,30.187775],[121.809026,30.186096],[121.811028,30.186736],[121.812519,30.189666],[121.811421,30.192127],[121.806859,30.196388],[121.805828,30.196094],[121.800727,30.197394],[121.801356,30.201961],[121.802998,30.202395],[121.803006,30.205112],[121.801016,30.207902],[121.802085,30.209923],[121.801793,30.21183],[121.798624,30.211581],[121.800421,30.215322],[121.797367,30.220453],[121.799589,30.222983],[121.799152,30.22451],[121.797474,30.225805],[121.765909,30.223531],[121.76562,30.224839],[121.7976,30.233208],[121.801561,30.229749],[121.803821,30.231859],[121.810062,30.232836],[121.809435,30.227965],[121.803025,30.224776],[121.805448,30.221008],[121.802898,30.218581],[121.804315,30.216048],[121.806082,30.215008],[121.811502,30.21508],[121.809051,30.219405],[121.80832,30.222514],[121.812108,30.230516],[121.813301,30.220735],[121.816548,30.217435],[121.819017,30.212205],[121.816749,30.210353],[121.814569,30.206665],[121.812694,30.209506],[121.806278,30.209853],[121.807364,30.205509],[121.810479,30.204422],[121.813726,30.204307],[121.817311,30.207358],[121.823803,30.206178],[121.821626,30.201981],[121.814466,30.200189],[121.816553,30.194755],[121.820088,30.19554],[121.819982,30.195925],[121.823549,30.198354],[121.826084,30.195992],[121.823307,30.19293],[121.8193,30.190041],[121.820059,30.187605],[121.823104,30.188195],[121.827809,30.19039],[121.828856,30.184211],[121.820298,30.18181],[121.820491,30.180045],[121.819669,30.175878],[121.812074,30.175917],[121.816116,30.180747],[121.815408,30.181527],[121.811866,30.180169],[121.809588,30.178518],[121.812626,30.171766],[121.804771,30.173347],[121.802538,30.175679],[121.803272,30.178528],[121.781581,30.172967],[121.779936,30.17203],[121.7797,30.169213],[121.780379,30.167624],[121.786506,30.159678],[121.777116,30.16467],[121.773754,30.165412],[121.773808,30.16505],[121.770037,30.16293],[121.765329,30.164795],[121.764571,30.166508],[121.767328,30.171896],[121.771139,30.169513],[121.774832,30.172779],[121.774286,30.173173],[121.770345,30.171922],[121.767563,30.173387],[121.766103,30.172592],[121.762767,30.172006],[121.758784,30.172011],[121.756392,30.169493],[121.759,30.168124],[121.759353,30.165493],[121.757177,30.162705],[121.753935,30.165266],[121.75143,30.168424],[121.75119,30.173082],[121.741591,30.1756],[121.755883,30.179092],[121.761037,30.177347],[121.765724,30.177687],[121.758556,30.184572],[121.753456,30.195399],[121.750755,30.217675]]]},"properties":{"cluster_id":50,"lat":30.19406655812224,"lon":121.79819578919822,"count":223,"type":"anchorage","distance_to_coast":15056.641464426635}},{"type":"Feature","geometry":{"type":"Polygon","coordinates":[[[120.861008,33.35467],[120.87381,33.360556],[120.874141,33.324933],[120.878259,33.318539],[120.884046,33.305777],[120.877029,33.311187],[120.871414,33.303825],[120.873842,33.298206],[120.88656,33.298571],[120.887634,33.292353],[120.893824,33.279271],[120.890858,33.276984],[120.889776,33.278421],[120.877387,33.276098],[120.859449,33.243758],[120.888118,33.184926],[120.885132,33.183901],[120.855946,33.243465],[120.855325,33.245572],[120.873046,33.278869],[120.869235,33.29406],[120.863674,33.306191],[120.865982,33.340832],[120.864759,33.345499],[120.861008,33.35467]]]},"properties":{"cluster_id":51,"lat":33.28451345770115,"lon":120.87410149212948,"count":47,"type":"anchorage","distance_to_coast":13928.858379533596}},{"type":"Feature","geometry":{"type":"MultiPolygon","coordinates":[[[[121.551313,31.381541],[121.552066,31.380543],[121.552068,31.380541],[121.552071,31.380538],[121.552074,31.380535],[121.552077,31.380533],[121.55403,31.379329],[121.554034,31.379327],[121.554039,31.379325],[121.554043,31.379324],[121.554048,31.379323],[121.554593,31.379228],[121.532515,31.351186],[121.53074,31.352025],[121.530736,31.352026],[121.530732,31.352028],[121.530728,31.352029],[121.530723,31.352029],[121.530719,31.352029],[121.527073,31.352073],[121.527068,31.352073],[121.527064,31.352073],[121.52706,31.352072],[121.527056,31.352071],[121.525028,31.351387],[121.525023,31.351385],[121.525019,31.351383],[121.525015,31.351381],[121.525012,31.351378],[121.523814,31.350288],[121.523811,31.350285],[121.523808,31.350282],[121.523806,31.350279],[121.523805,31.350275],[121.523185,31.348877],[121.523184,31.348873],[121.523183,31.348869],[121.523183,31.348865],[121.523169,31.348589],[121.521982,31.349139],[121.523058,31.350178],[121.523061,31.350181],[121.523063,31.350184],[121.523065,31.350188],[121.523067,31.350191],[121.523638,31.351598],[121.523639,31.351602],[121.52364,31.351606],[121.52364,31.351611],[121.52364,31.351615],[121.52341,31.353459],[121.523409,31.353462],[121.523408,31.353466],[121.523407,31.353469],[121.523405,31.353473],[121.522166,31.355478],[121.522163,31.355481],[121.522161,31.355484],[121.522158,31.355487],[121.522155,31.355489],[121.522152,31.355492],[121.522148,31.355494],[121.520832,31.356132],[121.551313,31.381541]]],[[[121.56079,31.38315],[121.560768,31.383128],[121.560764,31.38316],[121.56079,31.38315]]],[[[121.564988,31.401512],[121.530701,31.417064],[121.531836,31.419326],[121.538169,31.419256],[121.559158,31.408561],[121.576066,31.401923],[121.604376,31.388437],[121.604311,31.388145],[121.60431,31.388141],[121.60431,31.388137],[121.60431,31.388133],[121.604311,31.388129],[121.604691,31.386638],[121.604692,31.386634],[121.604693,31.386631],[121.604695,31.386628],[121.604697,31.386625],[121.6047,31.386622],[121.606073,31.385126],[121.606076,31.385124],[121.606079,31.385121],[121.606082,31.385119],[121.606085,31.385117],[121.607784,31.384217],[121.607787,31.384216],[121.607791,31.384214],[121.607795,31.384213],[121.607799,31.384212],[121.607803,31.384212],[121.610007,31.38401],[121.610011,31.38401],[121.610015,31.38401],[121.610019,31.384011],[121.610023,31.384011],[121.610027,31.384012],[121.611704,31.384522],[121.611708,31.384524],[121.611712,31.384525],[121.611715,31.384527],[121.611718,31.384529],[121.611721,31.384532],[121.612645,31.385329],[121.615393,31.384629],[121.627488,31.387242],[121.635541,31.394348],[121.635093,31.380624],[121.650497,31.377852],[121.659997,31.369118],[121.671931,31.370514],[121.678939,31.377582],[121.679391,31.376715],[121.679393,31.376711],[121.679395,31.376708],[121.679398,31.376705],[121.679401,31.376702],[121.679405,31.376699],[121.681163,31.375577],[121.681167,31.375575],[121.68117,31.375573],[121.681174,31.375572],[121.681178,31.375571],[121.681181,31.37557],[121.68291,31.375274],[121.682915,31.375274],[121.682919,31.375274],[121.682924,31.375274],[121.68629,31.375566],[121.686295,31.375566],[121.686299,31.375567],[121.686303,31.375568],[121.686307,31.37557],[121.686311,31.375572],[121.687768,31.376403],[121.687771,31.376405],[121.687774,31.376407],[121.687777,31.37641],[121.687779,31.376413],[121.687781,31.376415],[121.688903,31.378014],[121.688906,31.378017],[121.688907,31.37802],[121.688908,31.378024],[121.688909,31.378027],[121.68891,31.378031],[121.68891,31.378035],[121.688871,31.379065],[121.693025,31.376344],[121.704218,31.371857],[121.693032,31.361915],[121.69135,31.354854],[121.705947,31.349967],[121.708526,31.354906],[121.726648,31.349209],[121.73356,31.337173],[121.731015,31.333429],[121.743779,31.29667],[121.744381,31.296829],[121.745539,31.295582],[121.744701,31.295596],[121.744697,31.295596],[121.744692,31.295596],[121.744688,31.295595],[121.744683,31.295593],[121.742678,31.294877],[121.742673,31.294875],[121.742669,31.294872],[121.742665,31.29487],[121.742662,31.294867],[121.741492,31.29376],[121.741489,31.293757],[121.741487,31.293754],[121.741485,31.293751],[121.741483,31.293747],[121.740895,31.292343],[121.740894,31.292339],[121.740893,31.292335],[121.740892,31.292331],[121.740846,31.290709],[121.740035,31.291792],[121.737756,31.293132],[121.723831,31.330865],[121.714777,31.330762],[121.714299,31.331106],[121.715158,31.3312],[121.715163,31.3312],[121.715167,31.331201],[121.715171,31.331202],[121.715175,31.331204],[121.717258,31.3322],[121.717261,31.332202],[121.717265,31.332204],[121.717268,31.332207],[121.717271,31.33221],[121.718362,31.333391],[121.718365,31.333394],[121.718367,31.333397],[121.718369,31.333401],[121.71837,31.333404],[121.718371,31.333408],[121.718827,31.335613],[121.718828,31.335617],[121.718828,31.335621],[121.718827,31.335625],[121.718826,31.335629],[121.718825,31.335633],[121.717977,31.337633],[121.717975,31.337636],[121.717973,31.33764],[121.717971,31.337642],[121.717969,31.337645],[121.716838,31.33877],[121.716835,31.338773],[121.716832,31.338776],[121.716828,31.338778],[121.716825,31.33878],[121.715362,31.339427],[121.714803,31.342264],[121.714802,31.342268],[121.714801,31.342271],[121.714799,31.342275],[121.714796,31.342278],[121.714794,31.342282],[121.71479,31.342284],[121.714361,31.342649],[121.715812,31.342719],[121.715817,31.34272],[121.715822,31.342721],[121.715827,31.342722],[121.715831,31.342724],[121.717356,31.343424],[121.71736,31.343426],[121.717363,31.343428],[121.717367,31.343431],[121.718698,31.344581],[121.718701,31.344584],[121.718703,31.344587],[121.718705,31.34459],[121.718707,31.344593],[121.719377,31.345988],[121.719378,31.345991],[121.719379,31.345995],[121.71938,31.345998],[121.71938,31.346002],[121.719425,31.348548],[121.719425,31.348553],[121.719424,31.348557],[121.719423,31.348561],[121.718864,31.350039],[121.718862,31.350043],[121.71886,31.350046],[121.718858,31.350049],[121.718855,31.350052],[121.717655,31.35122],[121.717652,31.351223],[121.717649,31.351225],[121.717645,31.351228],[121.717641,31.351229],[121.715998,31.351895],[121.715994,31.351897],[121.71599,31.351898],[121.715986,31.351898],[121.713451,31.352257],[121.713447,31.352258],[121.713443,31.352258],[121.713439,31.352258],[121.713435,31.352257],[121.713431,31.352256],[121.711355,31.351712],[121.711351,31.35171],[121.711346,31.351708],[121.711342,31.351706],[121.711338,31.351704],[121.710048,31.350703],[121.710045,31.3507],[121.710042,31.350697],[121.71004,31.350694],[121.710038,31.350691],[121.709291,31.349345],[121.709289,31.349342],[121.709288,31.349338],[121.709287,31.349334],[121.708855,31.34654],[121.708854,31.346536],[121.708854,31.346532],[121.708855,31.346528],[121.708856,31.346524],[121.709171,31.345595],[121.707493,31.345678],[121.707488,31.345678],[121.707484,31.345677],[121.70748,31.345677],[121.707476,31.345676],[121.707472,31.345675],[121.707469,31.345673],[121.704825,31.344451],[121.704821,31.344449],[121.704817,31.344447],[121.704813,31.344444],[121.70481,31.344441],[121.704808,31.344437],[121.704805,31.344434],[121.7037,31.342433],[121.703698,31.342429],[121.703696,31.342425],[121.703696,31.342421],[121.703695,31.342417],[121.703695,31.342413],[121.704052,31.339335],[121.704052,31.339331],[121.704053,31.339327],[121.704055,31.339324],[121.704057,31.33932],[121.705751,31.33662],[121.705754,31.336617],[121.705756,31.336614],[121.705759,31.336611],[121.705762,31.336609],[121.705766,31.336606],[121.70722,31.335781],[121.707223,31.335779],[121.707227,31.335777],[121.707231,31.335776],[121.707235,31.335775],[121.708798,31.335495],[121.70989,31.332851],[121.709892,31.332847],[121.709894,31.332844],[121.709896,31.332841],[121.709899,31.332838],[121.709902,31.332835],[121.711788,31.331391],[121.711792,31.331389],[121.711795,31.331387],[121.711799,31.331385],[121.711803,31.331384],[121.711807,31.331383],[121.712551,31.331217],[121.697289,31.315002],[121.697052,31.315658],[121.697051,31.315661],[121.697049,31.315665],[121.697047,31.315668],[121.697044,31.315671],[121.695793,31.31696],[121.69579,31.316963],[121.695787,31.316965],[121.695784,31.316968],[121.694327,31.317789],[121.694323,31.317791],[121.694319,31.317792],[121.694315,31.317794],[121.694311,31.317795],[121.693368,31.317951],[121.705089,31.336006],[121.699704,31.341697],[121.703234,31.344902],[121.689031,31.350614],[121.684897,31.348118],[121.682426,31.345153],[121.662403,31.355384],[121.662642,31.35541],[121.662647,31.355411],[121.662651,31.355412],[121.662655,31.355413],[121.662658,31.355415],[121.662662,31.355416],[121.664428,31.356436],[121.664432,31.356438],[121.664435,31.356441],[121.664439,31.356444],[121.664441,31.356448],[121.665329,31.357697],[121.665331,31.357701],[121.665333,31.357705],[121.665334,31.357708],[121.665335,31.357712],[121.665586,31.359386],[121.666896,31.360411],[121.666899,31.360413],[121.666901,31.360416],[121.666904,31.360419],[121.666906,31.360422],[121.666907,31.360425],[121.667723,31.362169],[121.667724,31.362173],[121.667725,31.362176],[121.667726,31.36218],[121.667726,31.362183],[121.667749,31.364434],[121.667749,31.364437],[121.667748,31.364441],[121.667748,31.364444],[121.667746,31.364447],[121.667745,31.364451],[121.667743,31.364454],[121.666442,31.366319],[121.66644,31.366322],[121.666436,31.366325],[121.666433,31.366328],[121.666429,31.36633],[121.666425,31.366333],[121.664566,31.367216],[121.664562,31.367218],[121.664557,31.367219],[121.664553,31.36722],[121.664548,31.36722],[121.661211,31.367435],[121.661206,31.367435],[121.661202,31.367435],[121.661197,31.367434],[121.661193,31.367433],[121.661188,31.367432],[121.658592,31.366354],[121.656587,31.366572],[121.656582,31.366572],[121.656578,31.366572],[121.656574,31.366572],[121.65657,31.366571],[121.654739,31.366158],[121.654734,31.366157],[121.65473,31.366156],[121.654727,31.366154],[121.652866,31.365176],[121.652863,31.365174],[121.652859,31.365172],[121.652856,31.365169],[121.652853,31.365166],[121.652851,31.365163],[121.652849,31.36516],[121.651588,31.362809],[121.651586,31.362805],[121.651585,31.362802],[121.651584,31.362798],[121.651584,31.362794],[121.651584,31.36279],[121.651584,31.362787],[121.652026,31.360473],[121.647502,31.36264],[121.649872,31.364038],[121.649875,31.36404],[121.649878,31.364043],[121.649881,31.364045],[121.649884,31.364048],[121.649886,31.364051],[121.649888,31.364054],[121.650608,31.365455],[121.65061,31.365458],[121.650611,31.365462],[121.650612,31.365466],[121.650942,31.36842],[121.650942,31.368424],[121.650942,31.368428],[121.650941,31.368432],[121.65094,31.368436],[121.650251,31.370184],[121.650249,31.370188],[121.650247,31.370192],[121.650244,31.370196],[121.650241,31.370199],[121.649044,31.371271],[121.64904,31.371274],[121.649036,31.371276],[121.649032,31.371278],[121.649028,31.37128],[121.644727,31.3727],[121.644723,31.372702],[121.644718,31.372702],[121.644713,31.372703],[121.64184,31.372821],[121.641836,31.372821],[121.641831,31.372821],[121.641827,31.37282],[121.639753,31.372355],[121.639749,31.372354],[121.639745,31.372352],[121.639741,31.37235],[121.639737,31.372348],[121.639734,31.372346],[121.638149,31.371113],[121.638146,31.37111],[121.638144,31.371107],[121.638141,31.371104],[121.638139,31.371101],[121.638137,31.371098],[121.637403,31.369378],[121.637402,31.369374],[121.637401,31.369371],[121.6374,31.369368],[121.6374,31.369365],[121.637396,31.36748],[121.635076,31.368591],[121.633612,31.369761],[121.620756,31.3579],[121.619913,31.359068],[121.619911,31.359071],[121.619908,31.359074],[121.619905,31.359076],[121.619902,31.359079],[121.619899,31.359081],[121.618428,31.359897],[121.618425,31.359899],[121.618421,31.3599],[121.618418,31.359901],[121.618414,31.359902],[121.61841,31.359903],[121.617191,31.360043],[121.625669,31.373113],[121.626537,31.372962],[121.626542,31.372962],[121.626546,31.372961],[121.626551,31.372961],[121.626555,31.372962],[121.629661,31.373475],[121.629666,31.373476],[121.62967,31.373478],[121.629674,31.373479],[121.629678,31.373481],[121.629682,31.373484],[121.631601,31.374899],[121.631604,31.374902],[121.631607,31.374905],[121.63161,31.374908],[121.631612,31.374911],[121.631614,31.374915],[121.632309,31.376627],[121.63231,31.37663],[121.632311,31.376633],[121.632311,31.376637],[121.632311,31.37664],[121.632311,31.376644],[121.631992,31.378768],[121.631992,31.378772],[121.63199,31.378775],[121.630608,31.382209],[121.630606,31.382212],[121.630604,31.382216],[121.630601,31.382219],[121.630598,31.382223],[121.628769,31.383871],[121.628766,31.383873],[121.628762,31.383876],[121.628759,31.383878],[121.628755,31.383879],[121.62875,31.383881],[121.628746,31.383882],[121.626146,31.384358],[121.626142,31.384359],[121.626138,31.384359],[121.626133,31.384359],[121.626129,31.384358],[121.621388,31.383605],[121.621385,31.383605],[121.621381,31.383604],[121.61918,31.382948],[121.619176,31.382947],[121.619172,31.382945],[121.619169,31.382943],[121.619166,31.382941],[121.619163,31.382939],[121.617608,31.381569],[121.617606,31.381566],[121.617603,31.381563],[121.617601,31.38156],[121.617599,31.381557],[121.617598,31.381554],[121.617597,31.38155],[121.617024,31.379325],[121.617023,31.379321],[121.617023,31.379317],[121.617023,31.379314],[121.617024,31.37931],[121.617025,31.379306],[121.617654,31.377483],[121.614129,31.378344],[121.60902,31.381733],[121.569958,31.37863],[121.570296,31.379483],[121.570297,31.379486],[121.570298,31.37949],[121.570299,31.379493],[121.570299,31.379497],[121.570298,31.3795],[121.569956,31.381793],[121.569955,31.381797],[121.569954,31.381801],[121.569952,31.381804],[121.56995,31.381807],[121.569106,31.383082],[121.569104,31.383085],[121.569102,31.383088],[121.569099,31.38309],[121.569095,31.383093],[121.567754,31.384004],[121.56775,31.384007],[121.567746,31.384008],[121.567743,31.38401],[121.567738,31.384011],[121.566094,31.384427],[121.56609,31.384428],[121.566085,31.384429],[121.566081,31.384429],[121.56399,31.384388],[121.564988,31.401512]]],[[[121.674571,31.38414],[121.674648,31.384149],[121.674641,31.384104],[121.674571,31.38414]]],[[[121.752005,31.289488],[121.751062,31.288904],[121.75069,31.288848],[121.751241,31.290043],[121.752005,31.289488]]],[[[121.760164,31.283553],[121.760043,31.283186],[121.759671,31.283706],[121.759719,31.283877],[121.760164,31.283553]]],[[[121.742743,31.277102],[121.74283,31.277296],[121.742832,31.2773],[121.742833,31.277303],[121.742833,31.277307],[121.742833,31.277311],[121.742756,31.279464],[121.742756,31.279468],[121.742756,31.279471],[121.742755,31.279474],[121.742753,31.279478],[121.741948,31.281161],[121.741946,31.281164],[121.741943,31.281168],[121.74194,31.281171],[121.741937,31.281174],[121.740689,31.282171],[121.740686,31.282174],[121.740683,31.282176],[121.740679,31.282178],[121.740675,31.282179],[121.739355,31.282616],[121.742815,31.287514],[121.742988,31.28738],[121.742992,31.287377],[121.742995,31.287375],[121.742999,31.287373],[121.743003,31.287372],[121.744661,31.28687],[121.744665,31.286869],[121.744669,31.286869],[121.744673,31.286868],[121.74584,31.286803],[121.745114,31.285172],[121.745113,31.285168],[121.745112,31.285165],[121.745111,31.285161],[121.745111,31.285158],[121.745111,31.285154],[121.745112,31.285151],[121.745829,31.281968],[121.74583,31.281964],[121.745831,31.281961],[121.745833,31.281957],[121.745836,31.281954],[121.745838,31.281951],[121.747519,31.280263],[121.747522,31.280261],[121.747525,31.280258],[121.747529,31.280256],[121.747532,31.280254],[121.747536,31.280253],[121.74754,31.280251],[121.749709,31.279656],[121.749956,31.277844],[121.742743,31.277102]]],[[[121.607549,31.356664],[121.60818,31.358744],[121.612085,31.358037],[121.611662,31.357583],[121.611659,31.35758],[121.611657,31.357577],[121.611655,31.357573],[121.611654,31.35757],[121.611653,31.357566],[121.611652,31.357563],[121.611411,31.355651],[121.607549,31.356664]]],[[[121.559388,31.38054],[121.559558,31.38085],[121.559569,31.380477],[121.559388,31.38054]]],[[[121.551756,31.331832],[121.551697,31.331818],[121.551693,31.331817],[121.551689,31.331815],[121.551685,31.331814],[121.551682,31.331811],[121.550017,31.330691],[121.550014,31.330689],[121.550011,31.330686],[121.550008,31.330682],[121.550006,31.330679],[121.550004,31.330675],[121.549065,31.328667],[121.549064,31.328663],[121.549063,31.32866],[121.549062,31.328656],[121.549062,31.328652],[121.549051,31.325067],[121.530663,31.343204],[121.531316,31.343296],[121.533544,31.34154],[121.533547,31.341538],[121.533551,31.341536],[121.533555,31.341534],[121.53356,31.341532],[121.533564,31.341531],[121.533568,31.341531],[121.533573,31.34153],[121.537522,31.341425],[121.539563,31.339963],[121.539566,31.339961],[121.53957,31.339959],[121.539575,31.339957],[121.539579,31.339956],[121.539584,31.339955],[121.541416,31.339678],[121.551756,31.331832]]],[[[121.55847,31.316136],[121.558102,31.3165],[121.558099,31.316502],[121.558096,31.316505],[121.558092,31.316507],[121.558088,31.316509],[121.556975,31.316972],[121.557237,31.317002],[121.557242,31.317003],[121.557246,31.317004],[121.55725,31.317005],[121.557254,31.317007],[121.557258,31.317009],[121.557261,31.317012],[121.558033,31.317612],[121.55847,31.316136]]],[[[121.567342,31.290312],[121.566664,31.290378],[121.56666,31.290378],[121.566655,31.290378],[121.566651,31.290378],[121.566646,31.290377],[121.564936,31.289948],[121.564931,31.289947],[121.564927,31.289945],[121.564923,31.289943],[121.56492,31.289941],[121.564715,31.289798],[121.565277,31.291819],[121.565278,31.291823],[121.565278,31.291827],[121.565278,31.291831],[121.565277,31.291835],[121.565276,31.291839],[121.564765,31.293276],[121.564764,31.293279],[121.564762,31.293283],[121.564759,31.293286],[121.564757,31.293289],[121.56364,31.294448],[121.563637,31.294451],[121.563633,31.294454],[121.563629,31.294456],[121.561963,31.295336],[121.560648,31.298759],[121.561518,31.298756],[121.561522,31.298756],[121.561527,31.298756],[121.561531,31.298757],[121.561535,31.298759],[121.561539,31.29876],[121.563476,31.299642],[121.563481,31.299644],[121.563485,31.299647],[121.563488,31.29965],[121.563727,31.299873],[121.567342,31.290312]]],[[[121.497742,31.36693],[121.498404,31.3664],[121.498407,31.366398],[121.498411,31.366395],[121.498414,31.366394],[121.498418,31.366392],[121.500757,31.36563],[121.500761,31.365628],[121.500765,31.365628],[121.500769,31.365627],[121.500774,31.365627],[121.502481,31.365655],[121.502485,31.365655],[121.50249,31.365656],[121.502495,31.365657],[121.502499,31.365658],[121.504415,31.366447],[121.504419,31.366448],[121.504422,31.36645],[121.504426,31.366453],[121.504429,31.366455],[121.504431,31.366458],[121.505708,31.36791],[121.50571,31.367914],[121.505712,31.367917],[121.505714,31.36792],[121.506193,31.369014],[121.510401,31.360758],[121.50977,31.360867],[121.509766,31.360868],[121.509761,31.360868],[121.509757,31.360868],[121.509752,31.360867],[121.509748,31.360866],[121.509744,31.360865],[121.50974,31.360863],[121.506919,31.359537],[121.504554,31.360667],[121.502789,31.362958],[121.502786,31.362961],[121.502783,31.362964],[121.50278,31.362967],[121.502776,31.362969],[121.502772,31.362971],[121.502768,31.362972],[121.500688,31.363665],[121.500684,31.363666],[121.500679,31.363667],[121.500675,31.363667],[121.50067,31.363667],[121.500666,31.363667],[121.500661,31.363666],[121.497941,31.363093],[121.497742,31.36693]]],[[[121.497266,31.376081],[121.497879,31.375838],[121.497883,31.375837],[121.497888,31.375836],[121.497893,31.375835],[121.497898,31.375835],[121.500068,31.375842],[121.500073,31.375842],[121.500078,31.375843],[121.500083,31.375844],[121.500087,31.375845],[121.501661,31.376483],[121.501665,31.376485],[121.501669,31.376487],[121.501673,31.376489],[121.502178,31.376891],[121.503828,31.373654],[121.500479,31.374318],[121.500475,31.374318],[121.500471,31.374318],[121.500467,31.374318],[121.500463,31.374318],[121.500458,31.374317],[121.500454,31.374316],[121.498786,31.37383],[121.498783,31.373829],[121.498779,31.373828],[121.498776,31.373826],[121.498772,31.373824],[121.498769,31.373822],[121.497441,31.372715],[121.497266,31.376081]]]]},"properties":{"cluster_id":55,"lat":31.35112312478282,"lon":121.65379156588196,"count":301,"type":"anchorage","distance_to_coast":3052.979892392025}},{"type":"Feature","geometry":{"type":"Polygon","coordinates":[[[119.803106,25.789961],[119.80917,25.790217],[119.818022,25.786796],[119.817787,25.780969],[119.821023,25.779275],[119.825092,25.775147],[119.824692,25.772831],[119.827662,25.771787],[119.829445,25.774813],[119.833508,25.775359],[119.831778,25.778851],[119.833313,25.781091],[119.833091,25.781512],[119.827156,25.778841],[119.824094,25.780832],[119.820855,25.780711],[119.819461,25.785158],[119.822885,25.787358],[119.830879,25.786683],[119.834056,25.787559],[119.835952,25.785363],[119.837789,25.78147],[119.839865,25.779271],[119.845338,25.781652],[119.851435,25.77916],[119.858606,25.788608],[119.857989,25.782005],[119.864367,25.780846],[119.871538,25.776523],[119.860829,25.772728],[119.858245,25.770704],[119.847598,25.770415],[119.846954,25.771604],[119.842029,25.774679],[119.839378,25.774247],[119.838496,25.773697],[119.842088,25.77025],[119.837653,25.765033],[119.8349,25.765269],[119.831602,25.766584],[119.829137,25.764876],[119.828368,25.764926],[119.832125,25.758084],[119.813369,25.750137],[119.822344,25.766834],[119.82155,25.770228],[119.816269,25.769686],[119.817542,25.773904],[119.812448,25.776408],[119.812789,25.779054],[119.803106,25.789961]]]},"properties":{"cluster_id":56,"lat":25.776530131519745,"lon":119.8312489843637,"count":76,"type":"anchorage","distance_to_coast":15513.06390906762}},{"type":"Feature","geometry":{"type":"Polygon","coordinates":[[[119.762694,25.947648],[119.760369,25.949272],[119.771675,25.962852],[119.783273,25.968518],[119.789458,25.972641],[119.795611,25.973331],[119.801037,25.980556],[119.799547,25.971396],[119.808342,25.976623],[119.815944,25.97406],[119.822851,25.974443],[119.828909,25.979499],[119.840435,25.980373],[119.852629,25.979111],[119.842115,25.974274],[119.829659,25.970739],[119.829288,25.967353],[119.835306,25.966756],[119.842686,25.963078],[119.85494,25.954668],[119.839013,25.957373],[119.839809,25.944259],[119.824093,25.948039],[119.820682,25.959653],[119.815324,25.962728],[119.804718,25.959299],[119.818282,25.95697],[119.802122,25.953394],[119.796774,25.955409],[119.794036,25.953454],[119.792874,25.951655],[119.80296,25.942083],[119.801406,25.940591],[119.791309,25.948129],[119.789075,25.944065],[119.781406,25.938033],[119.762947,25.927958],[119.767398,25.937432],[119.779683,25.943276],[119.77805,25.948884],[119.784278,25.953224],[119.78154,25.955254],[119.772396,25.958469],[119.762694,25.947648]]]},"properties":{"cluster_id":57,"lat":25.959459971973143,"lon":119.80502874595906,"count":50,"type":"anchorage","distance_to_coast":11850.490611728634}},{"type":"Feature","geometry":{"type":"Polygon","coordinates":[[[120.541301,33.937661],[120.562302,33.944418],[120.568821,33.909847],[120.566779,33.90032],[120.573007,33.892046],[120.56152,33.887371],[120.561694,33.875817],[120.571491,33.87453],[120.58251,33.879361],[120.58798,33.881216],[120.592075,33.876746],[120.594652,33.872736],[120.63071,33.853746],[120.596879,33.838966],[120.576671,33.865083],[120.572069,33.860826],[120.551427,33.863916],[120.555635,33.875123],[120.555345,33.891039],[120.55365,33.894327],[120.541301,33.937661]]]},"properties":{"cluster_id":62,"lat":33.88413333398337,"lon":120.57143005914924,"count":25,"type":"anchorage","distance_to_coast":16287.00107443814}},{"type":"Feature","geometry":{"type":"Polygon","coordinates":[[[120.461555,33.814813],[120.460307,33.815635],[120.460303,33.815638],[120.460299,33.81564],[120.460294,33.815641],[120.458598,33.816134],[120.458593,33.816135],[120.458589,33.816136],[120.458584,33.816136],[120.45858,33.816136],[120.456786,33.816037],[120.456782,33.816037],[120.456778,33.816036],[120.456774,33.816035],[120.456771,33.816034],[120.456767,33.816033],[120.454824,33.815109],[120.454821,33.815107],[120.454817,33.815105],[120.454814,33.815103],[120.454811,33.8151],[120.454809,33.815097],[120.454807,33.815094],[120.453882,33.813613],[120.442093,33.81177],[120.441499,33.814096],[120.482516,33.82215],[120.485085,33.824321],[120.490633,33.824763],[120.482335,33.818063],[120.461555,33.814813]]]},"properties":{"cluster_id":63,"lat":33.820989292558416,"lon":120.48092280459652,"count":10,"type":"anchorage","distance_to_coast":3904.831460640917}},{"type":"Feature","geometry":{"type":"Polygon","coordinates":[[[120.354512,36.001727],[120.356763,36.002212],[120.364972,35.98196],[120.371204,35.98002],[120.374585,35.98198],[120.378705,35.986479],[120.38402,35.981414],[120.388695,35.980671],[120.391398,35.976144],[120.397034,35.978702],[120.411528,35.97094],[120.414626,35.971714],[120.416158,35.973987],[120.416706,35.988294],[120.422512,35.980139],[120.427291,35.969959],[120.428923,35.969842],[120.432255,35.978698],[120.438057,35.978107],[120.444079,35.975539],[120.441385,35.968985],[120.442284,35.960094],[120.436102,35.963425],[120.43715,35.953573],[120.428025,35.958592],[120.424112,35.957231],[120.421347,35.953911],[120.410508,35.949263],[120.386973,35.950812],[120.404449,35.955781],[120.408733,35.958334],[120.39373,35.968326],[120.388685,35.964203],[120.382514,35.967776],[120.381122,35.965478],[120.381505,35.960967],[120.370878,35.956533],[120.373079,35.961249],[120.373051,35.963794],[120.370656,35.964596],[120.362841,35.961017],[120.366123,35.966975],[120.36049,35.972012],[120.361719,35.97461],[120.363953,35.974695],[120.36237,35.976893],[120.361117,35.97597],[120.354512,36.001727]]]},"properties":{"cluster_id":64,"lat":35.96974277301985,"lon":120.39313530866922,"count":68,"type":"anchorage","distance_to_coast":10063.902996728344}},{"type":"Feature","geometry":{"type":"MultiPolygon","coordinates":[[[[121.921081,29.91801],[121.920753,29.914001],[121.920753,29.913997],[121.920753,29.913993],[121.920754,29.913988],[121.921342,29.912166],[121.921344,29.912162],[121.921345,29.912159],[121.921347,29.912156],[121.921349,29.912153],[121.921352,29.91215],[121.921355,29.912148],[121.923249,29.910594],[121.923253,29.910591],[121.923257,29.910589],[121.923261,29.910587],[121.923265,29.910585],[121.92327,29.910584],[121.926394,29.909953],[121.926399,29.909952],[121.926404,29.909952],[121.926408,29.909952],[121.928635,29.910112],[121.928639,29.910112],[121.928643,29.910113],[121.928647,29.910114],[121.928651,29.910115],[121.928654,29.910117],[121.930198,29.91091],[121.930202,29.910912],[121.930205,29.910915],[121.930208,29.910917],[121.931457,29.912102],[121.931459,29.912105],[121.931462,29.912108],[121.931464,29.912111],[121.931465,29.912115],[121.932065,29.913461],[121.932066,29.913464],[121.932067,29.913468],[121.932068,29.913471],[121.932068,29.913475],[121.9321,29.917908],[121.9321,29.917912],[121.932099,29.917916],[121.932098,29.91792],[121.931549,29.919412],[121.931548,29.919416],[121.931546,29.91942],[121.931543,29.919423],[121.931541,29.919426],[121.930358,29.92061],[121.930355,29.920613],[121.930351,29.920616],[121.930348,29.920618],[121.930344,29.92062],[121.929566,29.920947],[121.946593,29.945544],[121.947304,29.944915],[121.947307,29.944912],[121.947311,29.94491],[121.947314,29.944908],[121.947319,29.944906],[121.949616,29.944077],[121.94962,29.944076],[121.949624,29.944075],[121.949628,29.944074],[121.949633,29.944074],[121.951349,29.944064],[121.951354,29.944064],[121.951359,29.944065],[121.951364,29.944066],[121.951368,29.944068],[121.953316,29.944834],[121.95332,29.944836],[121.953324,29.944838],[121.953328,29.944841],[121.953331,29.944844],[121.954453,29.94597],[121.954456,29.945973],[121.954458,29.945977],[121.95446,29.94598],[121.954462,29.945984],[121.955454,29.948871],[121.955455,29.948874],[121.955456,29.948878],[121.955456,29.948882],[121.955456,29.948885],[121.955455,29.948889],[121.955454,29.948893],[121.95495,29.950385],[121.954948,29.950389],[121.954947,29.950392],[121.954944,29.950396],[121.954942,29.950399],[121.954453,29.950915],[121.961926,29.952917],[121.962096,29.951499],[121.962096,29.951495],[121.962097,29.951491],[121.962099,29.951487],[121.962101,29.951484],[121.962103,29.951481],[121.963286,29.950003],[121.963289,29.95],[121.963292,29.949997],[121.963295,29.949994],[121.963298,29.949992],[121.964969,29.94904],[121.965096,29.947387],[121.965097,29.947383],[121.965097,29.94738],[121.965099,29.947376],[121.9651,29.947373],[121.96585,29.946032],[121.965852,29.946029],[121.965855,29.946025],[121.965858,29.946022],[121.965862,29.946019],[121.965865,29.946017],[121.96875,29.944312],[121.968754,29.94431],[121.968758,29.944308],[121.968763,29.944307],[121.968767,29.944306],[121.968772,29.944305],[121.968776,29.944305],[121.968781,29.944305],[121.9728,29.944721],[121.972804,29.944722],[121.972808,29.944723],[121.972812,29.944724],[121.972816,29.944726],[121.97282,29.944728],[121.974258,29.945612],[121.974262,29.945614],[121.974265,29.945617],[121.974268,29.945619],[121.97427,29.945623],[121.974759,29.946299],[121.977118,29.944001],[121.976813,29.943982],[121.976809,29.943981],[121.976805,29.943981],[121.976801,29.94398],[121.976797,29.943978],[121.976794,29.943977],[121.975261,29.943218],[121.975257,29.943215],[121.975253,29.943213],[121.975249,29.94321],[121.973946,29.94193],[121.973944,29.941927],[121.973941,29.941924],[121.97394,29.941921],[121.973938,29.941918],[121.973317,29.94051],[121.973315,29.940506],[121.973314,29.940503],[121.973314,29.940499],[121.973314,29.940495],[121.973357,29.938988],[121.973357,29.938984],[121.973358,29.93898],[121.973359,29.938975],[121.973361,29.938972],[121.974329,29.937292],[121.974331,29.937288],[121.974334,29.937285],[121.974337,29.937282],[121.974341,29.937279],[121.976189,29.935947],[121.976193,29.935944],[121.976197,29.935942],[121.976201,29.935941],[121.976206,29.935939],[121.977906,29.935528],[121.97791,29.935527],[121.977915,29.935527],[121.977919,29.935527],[121.977924,29.935527],[121.979676,29.935715],[121.97968,29.935716],[121.979683,29.935717],[121.979687,29.935718],[121.979691,29.935719],[121.979694,29.935721],[121.981547,29.936747],[121.98155,29.936749],[121.981553,29.936751],[121.981556,29.936754],[121.981558,29.936756],[121.982756,29.9381],[121.982758,29.938103],[121.98276,29.938106],[121.982762,29.93811],[121.982763,29.938113],[121.982857,29.938409],[121.986566,29.934796],[121.98401,29.934428],[121.984005,29.934427],[121.984001,29.934426],[121.983996,29.934424],[121.983992,29.934422],[121.983989,29.93442],[121.983985,29.934417],[121.982399,29.933046],[121.982397,29.933044],[121.982394,29.933041],[121.982392,29.933038],[121.98239,29.933035],[121.982389,29.933031],[121.9818,29.931558],[121.981799,29.931554],[121.981798,29.93155],[121.981798,29.931546],[121.981782,29.929108],[121.981782,29.929105],[121.981782,29.929101],[121.981783,29.929097],[121.981785,29.929094],[121.98245,29.927633],[121.982452,29.927629],[121.982454,29.927626],[121.982456,29.927623],[121.982459,29.927621],[121.982462,29.927618],[121.984542,29.926002],[121.984546,29.926],[121.984549,29.925998],[121.984553,29.925996],[121.984557,29.925995],[121.984561,29.925994],[121.986699,29.925537],[121.989125,29.923622],[121.989128,29.923619],[121.989132,29.923617],[121.989136,29.923615],[121.989141,29.923614],[121.989145,29.923613],[121.989149,29.923612],[121.991758,29.923331],[121.991762,29.92333],[121.991766,29.92333],[121.99177,29.923331],[121.991774,29.923331],[121.991778,29.923332],[121.991782,29.923334],[121.991786,29.923336],[121.994595,29.924756],[121.994599,29.924758],[121.994602,29.924761],[121.994605,29.924763],[121.994608,29.924766],[121.994611,29.924769],[121.994613,29.924773],[121.995418,29.92617],[121.996605,29.925013],[121.995251,29.924439],[121.995247,29.924437],[121.995243,29.924435],[121.99524,29.924432],[121.995237,29.924429],[121.995234,29.924426],[121.993958,29.922893],[121.993956,29.92289],[121.993954,29.922886],[121.993952,29.922883],[121.993951,29.92288],[121.99395,29.922876],[121.993523,29.920506],[121.993522,29.920502],[121.993522,29.920499],[121.993522,29.920495],[121.993724,29.918966],[121.993725,29.918962],[121.993726,29.918958],[121.993728,29.918954],[121.99373,29.918951],[121.994601,29.917609],[121.994603,29.917606],[121.994605,29.917603],[121.994608,29.9176],[121.994611,29.917598],[121.994614,29.917596],[121.996426,29.916496],[121.99643,29.916494],[121.996435,29.916492],[121.996439,29.916491],[121.996444,29.91649],[121.998942,29.916074],[121.998947,29.916073],[121.998952,29.916073],[121.998956,29.916073],[121.999835,29.916166],[121.996354,29.899449],[122.002129,29.896285],[122.001906,29.896356],[122.001902,29.896358],[122.001897,29.896359],[122.001892,29.896359],[121.998593,29.896481],[121.998588,29.896481],[121.998583,29.896481],[121.998579,29.89648],[121.998574,29.896479],[121.996541,29.895773],[121.996538,29.895772],[121.996534,29.89577],[121.996531,29.895768],[121.996528,29.895766],[121.996525,29.895764],[121.995331,29.894645],[121.995328,29.894642],[121.995325,29.894639],[121.995323,29.894636],[121.995321,29.894632],[121.994714,29.893202],[121.994712,29.893198],[121.994711,29.893194],[121.994711,29.89319],[121.994579,29.890159],[121.994579,29.890155],[121.99458,29.890151],[121.994581,29.890147],[121.994583,29.890143],[121.994947,29.889388],[121.981724,29.889039],[121.981989,29.889798],[121.981991,29.889802],[121.981991,29.889806],[121.981991,29.88981],[121.981952,29.891294],[121.981952,29.891298],[121.981951,29.891301],[121.98195,29.891305],[121.981949,29.891308],[121.981272,29.892672],[121.98127,29.892675],[121.981268,29.892678],[121.981265,29.892681],[121.981262,29.892684],[121.981259,29.892687],[121.979286,29.894084],[121.979282,29.894087],[121.979278,29.894089],[121.979274,29.894091],[121.97927,29.894092],[121.979265,29.894093],[121.975818,29.894584],[121.975813,29.894584],[121.975809,29.894584],[121.975805,29.894584],[121.975801,29.894583],[121.973076,29.894085],[121.969023,29.894561],[121.969018,29.894561],[121.969014,29.894561],[121.96901,29.894561],[121.969006,29.89456],[121.969002,29.894559],[121.966939,29.893922],[121.966935,29.893921],[121.966931,29.893919],[121.966927,29.893917],[121.966924,29.893914],[121.966921,29.893912],[121.966918,29.893909],[121.965111,29.891795],[121.965108,29.891792],[121.965106,29.891788],[121.965105,29.891785],[121.965103,29.891781],[121.965102,29.891778],[121.965102,29.891774],[121.96501,29.890591],[121.962937,29.891451],[121.962783,29.89166],[121.96278,29.891663],[121.962777,29.891665],[121.962774,29.891668],[121.962771,29.89167],[121.962767,29.891672],[121.960888,29.892592],[121.960884,29.892594],[121.960879,29.892595],[121.960875,29.892596],[121.96087,29.892597],[121.96004,29.892653],[121.878297,29.926567],[121.879355,29.926292],[121.879358,29.926291],[121.879362,29.92629],[121.883422,29.925807],[121.883426,29.925807],[121.883431,29.925807],[121.883435,29.925807],[121.883439,29.925808],[121.886021,29.926338],[121.889876,29.925975],[121.88988,29.925974],[121.889884,29.925974],[121.889888,29.925975],[121.889892,29.925975],[121.889895,29.925976],[121.891882,29.926576],[121.891886,29.926578],[121.891889,29.926579],[121.891893,29.926581],[121.891896,29.926584],[121.893712,29.927932],[121.921081,29.91801]]],[[[121.98353,29.980613],[121.981714,29.982401],[121.979498,29.987166],[121.978486,29.991106],[121.978757,29.99615],[121.98533,30.008355],[121.985144,30.022595],[121.986375,30.021743],[121.986379,30.02174],[121.986383,30.021738],[121.986387,30.021737],[121.986391,30.021735],[121.988177,30.021313],[121.988182,30.021313],[121.988186,30.021312],[121.988191,30.021312],[121.992694,30.021484],[121.992698,30.021485],[121.992702,30.021485],[121.992707,30.021486],[121.992711,30.021488],[121.995037,30.022412],[121.995041,30.022414],[121.995045,30.022416],[121.995049,30.022419],[121.995052,30.022422],[121.995055,30.022425],[121.995057,30.022428],[121.99652,30.024667],[121.996522,30.024671],[121.996523,30.024675],[121.996525,30.024679],[121.996525,30.024683],[121.996526,30.024687],[121.996519,30.026195],[121.998637,30.025715],[121.998642,30.025714],[121.998646,30.025714],[121.99865,30.025713],[122.000466,30.025756],[122.00047,30.025757],[122.000475,30.025757],[122.000479,30.025759],[122.000483,30.02576],[122.001039,30.025983],[122.003558,30.009237],[122.039704,30.001057],[122.039543,30.000983],[122.039539,30.000982],[122.039536,30.00098],[122.039533,30.000977],[122.03953,30.000975],[122.039527,30.000972],[122.038471,29.999737],[122.038469,29.999733],[122.038467,29.99973],[122.038465,29.999726],[122.038464,29.999723],[122.038043,29.998229],[122.038042,29.998225],[122.038041,29.998221],[122.038042,29.998217],[122.03824,29.996183],[122.03824,29.996179],[122.038241,29.996175],[122.038243,29.996171],[122.038245,29.996168],[122.039241,29.994544],[122.039244,29.994541],[122.039246,29.994538],[122.039249,29.994535],[122.039252,29.994532],[122.039256,29.99453],[122.041003,29.993484],[122.041006,29.993482],[122.04101,29.99348],[122.041013,29.993479],[122.041017,29.993478],[122.041021,29.993477],[122.043547,29.993144],[122.043551,29.993143],[122.043555,29.993143],[122.043559,29.993143],[122.04526,29.993309],[122.045264,29.99331],[122.045268,29.993311],[122.045272,29.993312],[122.045276,29.993314],[122.046782,29.994018],[122.046786,29.99402],[122.04679,29.994023],[122.046793,29.994025],[122.048107,29.995169],[122.04811,29.995172],[122.048113,29.995176],[122.048115,29.995179],[122.048117,29.995183],[122.048858,29.99693],[122.04886,29.996934],[122.048861,29.996937],[122.048861,29.996941],[122.048861,29.996944],[122.048861,29.996948],[122.048564,29.999176],[122.048564,29.999179],[122.048562,29.999183],[122.048561,29.999187],[122.048559,29.99919],[122.047854,30.000274],[122.06501,30.002903],[122.062666,30.001438],[122.062662,30.001435],[122.062659,30.001433],[122.062656,30.00143],[122.062654,30.001427],[122.062652,30.001423],[122.06265,30.00142],[122.061605,29.999016],[122.061604,29.999013],[122.061603,29.999009],[122.061603,29.999005],[122.061603,29.999002],[122.061603,29.998998],[122.061604,29.998994],[122.061605,29.99899],[122.062518,29.996547],[122.06252,29.996543],[122.062522,29.99654],[122.062524,29.996537],[122.062527,29.996533],[122.06253,29.996531],[122.062533,29.996528],[122.065129,29.994772],[122.065132,29.99477],[122.065136,29.994768],[122.06514,29.994767],[122.065143,29.994765],[122.065147,29.994765],[122.065151,29.994764],[122.065156,29.994764],[122.067815,29.99471],[122.06782,29.99471],[122.067824,29.99471],[122.067829,29.994711],[122.067833,29.994712],[122.067837,29.994714],[122.069425,29.995426],[122.069429,29.995428],[122.069433,29.99543],[122.069436,29.995433],[122.069439,29.995436],[122.071179,29.997283],[122.074654,29.997531],[122.074659,29.997531],[122.074663,29.997532],[122.074667,29.997534],[122.074672,29.997535],[122.074675,29.997537],[122.074588,29.995692],[122.074588,29.995688],[122.074588,29.995685],[122.074589,29.995681],[122.074591,29.995678],[122.074592,29.995674],[122.074594,29.995671],[122.07567,29.994073],[122.075672,29.99407],[122.075676,29.994067],[122.075679,29.994064],[122.075683,29.994061],[122.077087,29.99321],[122.077091,29.993208],[122.077095,29.993206],[122.0771,29.993204],[122.077104,29.993203],[122.07878,29.992923],[122.068193,29.981445],[122.06819,29.981468],[122.068189,29.981472],[122.068188,29.981476],[122.068186,29.98148],[122.068184,29.981483],[122.067305,29.982843],[122.067302,29.982847],[122.067299,29.98285],[122.067296,29.982853],[122.06583,29.983983],[122.065827,29.983986],[122.065823,29.983988],[122.065819,29.983989],[122.065815,29.983991],[122.063796,29.984583],[122.063791,29.984584],[122.063787,29.984585],[122.063783,29.984585],[122.063779,29.984585],[122.063774,29.984585],[122.061667,29.984304],[122.061663,29.984303],[122.061658,29.984302],[122.061654,29.9843],[122.061649,29.984298],[122.060222,29.983481],[122.060218,29.983478],[122.060214,29.983475],[122.060211,29.983472],[122.05896,29.982089],[122.058958,29.982086],[122.058956,29.982083],[122.058954,29.98208],[122.058953,29.982077],[122.058428,29.980586],[122.058427,29.980582],[122.058426,29.980578],[122.058426,29.980574],[122.058426,29.98057],[122.058619,29.979021],[122.058619,29.979017],[122.058621,29.979013],[122.058622,29.979009],[122.058624,29.979006],[122.059503,29.977646],[122.059506,29.977643],[122.059509,29.977639],[122.059513,29.977636],[122.060978,29.976506],[122.060982,29.976503],[122.060986,29.976501],[122.06099,29.9765],[122.060994,29.976498],[122.063013,29.975906],[122.063017,29.975905],[122.063021,29.975904],[122.063025,29.975904],[122.06303,29.975904],[122.063034,29.975904],[122.065141,29.976185],[122.065145,29.976186],[122.065149,29.976187],[122.065153,29.976188],[122.065157,29.97619],[122.065161,29.976192],[122.066881,29.977283],[122.066884,29.977285],[122.066887,29.977288],[122.06689,29.977291],[122.066892,29.977294],[122.066895,29.977297],[122.067085,29.977631],[122.101551,29.954538],[122.1307,29.989495],[122.148522,29.975771],[122.147309,29.975343],[122.147305,29.975342],[122.147301,29.97534],[122.147298,29.975338],[122.147295,29.975336],[122.147292,29.975334],[122.146106,29.97421],[122.146103,29.974207],[122.1461,29.974204],[122.146098,29.9742],[122.146097,29.974197],[122.145499,29.972764],[122.145498,29.97276],[122.145497,29.972756],[122.145496,29.972752],[122.145373,29.969495],[122.145373,29.969491],[122.145374,29.969487],[122.145375,29.969483],[122.145377,29.969479],[122.146263,29.967686],[122.146265,29.967683],[122.146267,29.96768],[122.146269,29.967677],[122.146272,29.967674],[122.146275,29.967672],[122.147646,29.966651],[122.147649,29.966648],[122.147653,29.966646],[122.147657,29.966644],[122.147661,29.966643],[122.149386,29.966173],[122.149389,29.966172],[122.149393,29.966171],[122.149397,29.966171],[122.152662,29.96605],[122.152667,29.96605],[122.152671,29.966051],[122.152675,29.966051],[122.152679,29.966052],[122.152683,29.966054],[122.154668,29.966864],[122.154672,29.966866],[122.154675,29.966868],[122.154678,29.96687],[122.154681,29.966872],[122.156033,29.968066],[122.156036,29.968069],[122.156039,29.968072],[122.156041,29.968075],[122.156043,29.968079],[122.156342,29.968736],[122.194179,29.941929],[122.217212,29.933648],[122.246842,29.94607],[122.264843,29.929084],[122.27278,29.926344],[122.274741,29.923155],[122.274296,29.904474],[122.257133,29.899318],[122.243262,29.89861],[122.224295,29.876095],[122.219797,29.873734],[122.206398,29.877621],[122.193599,29.902058],[122.187041,29.919807],[122.139914,29.944972],[122.102107,29.94666],[122.098706,29.946126],[122.061522,29.97605],[122.054704,29.977575],[122.0556,29.978614],[122.055602,29.978617],[122.055604,29.978621],[122.055606,29.978624],[122.055607,29.978628],[122.056045,29.980051],[122.056046,29.980055],[122.056046,29.980059],[122.056046,29.980063],[122.055885,29.983312],[122.055885,29.983316],[122.055884,29.98332],[122.055882,29.983324],[122.05588,29.983328],[122.054898,29.985015],[122.054896,29.985019],[122.054893,29.985022],[122.05489,29.985025],[122.054886,29.985028],[122.054882,29.98503],[122.05268,29.986238],[122.052676,29.98624],[122.052671,29.986241],[122.052667,29.986242],[122.052662,29.986243],[122.052657,29.986244],[122.048803,29.986329],[122.048799,29.986329],[122.048795,29.986329],[122.048791,29.986328],[122.047052,29.985984],[122.047047,29.985983],[122.047043,29.985982],[122.04704,29.98598],[122.047036,29.985978],[122.045724,29.985187],[122.042191,29.985272],[122.042187,29.985272],[122.042183,29.985272],[122.042179,29.985271],[122.042175,29.98527],[122.042172,29.985269],[122.039832,29.984353],[122.039828,29.984351],[122.039824,29.984349],[122.03982,29.984346],[122.039817,29.984343],[122.039814,29.98434],[122.039812,29.984337],[122.038336,29.982094],[122.038334,29.982091],[122.038332,29.982087],[122.038331,29.982084],[122.03833,29.98208],[122.03833,29.982076],[122.03833,29.982073],[122.038466,29.979775],[122.009552,29.981991],[122.000652,29.977791],[121.997148,29.97778],[121.989306,29.976344],[121.97436,29.951808],[121.973866,29.952398],[121.973863,29.952402],[121.97386,29.952405],[121.973856,29.952407],[121.973852,29.952409],[121.972111,29.953266],[121.971326,29.956142],[121.971325,29.956145],[121.971324,29.956149],[121.971321,29.956152],[121.971319,29.956156],[121.971316,29.956159],[121.971313,29.956161],[121.969062,29.957958],[121.969059,29.95796],[121.969055,29.957962],[121.969051,29.957964],[121.969047,29.957966],[121.969043,29.957967],[121.969039,29.957968],[121.968875,29.957989],[121.98353,29.980613]],[[122.260381,29.915074],[122.260377,29.915072],[122.260373,29.915069],[122.260369,29.915066],[122.260366,29.915063],[122.259317,29.913861],[122.259315,29.913858],[122.259313,29.913855],[122.259311,29.913852],[122.25931,29.913848],[122.259309,29.913845],[122.259308,29.913841],[122.25891,29.910405],[122.25891,29.910401],[122.25891,29.910397],[122.258911,29.910394],[122.258912,29.91039],[122.258913,29.910387],[122.258915,29.910383],[122.2599,29.908711],[122.259903,29.908708],[122.259906,29.908704],[122.259909,29.908701],[122.259913,29.908698],[122.261286,29.907774],[122.26129,29.907772],[122.261294,29.90777],[122.261299,29.907768],[122.261303,29.907767],[122.26391,29.907222],[122.263914,29.907221],[122.263918,29.907221],[122.263921,29.907221],[122.263925,29.907221],[122.265621,29.907389],[122.265626,29.90739],[122.26563,29.907391],[122.265635,29.907392],[122.265639,29.907394],[122.267458,29.908347],[122.267462,29.90835],[122.267465,29.908352],[122.267468,29.908354],[122.267471,29.908357],[122.267474,29.90836],[122.268584,29.909932],[122.268586,29.909935],[122.268587,29.909939],[122.268588,29.909942],[122.269119,29.911612],[122.26912,29.911615],[122.269121,29.911618],[122.269121,29.911622],[122.269121,29.911625],[122.268992,29.913112],[122.268992,29.913116],[122.268991,29.913119],[122.268989,29.913123],[122.268988,29.913126],[122.268223,29.914462],[122.268221,29.914466],[122.268218,29.914469],[122.268215,29.914472],[122.268211,29.914475],[122.266541,29.915639],[122.266538,29.915641],[122.266534,29.915643],[122.26653,29.915645],[122.266526,29.915646],[122.266521,29.915647],[122.266517,29.915647],[122.262322,29.915953],[122.262318,29.915953],[122.262313,29.915953],[122.262309,29.915952],[122.262305,29.915951],[122.262301,29.91595],[122.262297,29.915949],[122.260381,29.915074]],[[121.996454,29.990119],[121.996449,29.99012],[121.996445,29.990121],[121.996441,29.990121],[121.996436,29.990121],[121.996432,29.990121],[121.996427,29.99012],[121.994309,29.989604],[121.994305,29.989603],[121.994302,29.989601],[121.994298,29.989599],[121.994295,29.989598],[121.994292,29.989595],[121.992963,29.988587],[121.992959,29.988584],[121.992956,29.988581],[121.992954,29.988577],[121.992952,29.988574],[121.99295,29.98857],[121.991729,29.985372],[121.991728,29.985369],[121.991727,29.985365],[121.991726,29.985362],[121.991726,29.985358],[121.991727,29.985355],[121.991728,29.985351],[121.992127,29.983879],[121.992128,29.983875],[121.99213,29.983871],[121.992132,29.983867],[121.992135,29.983864],[121.993487,29.982388],[121.99349,29.982385],[121.993494,29.982382],[121.993498,29.982379],[121.993502,29.982377],[121.995702,29.981432],[121.995706,29.98143],[121.995711,29.981429],[121.995715,29.981428],[121.995719,29.981428],[121.997444,29.98132],[121.997449,29.981319],[121.997454,29.98132],[121.997459,29.981321],[121.997463,29.981322],[121.999477,29.981986],[121.999481,29.981987],[121.999485,29.981989],[121.999488,29.981991],[121.999492,29.981993],[121.999495,29.981996],[122.00092,29.983395],[122.000923,29.983398],[122.000925,29.983401],[122.000927,29.983404],[122.000928,29.983408],[122.00093,29.983411],[122.00184,29.986363],[122.001841,29.986367],[122.001841,29.98637],[122.001841,29.986374],[122.001841,29.986378],[122.00184,29.986381],[122.001839,29.986385],[122.001299,29.987841],[122.001297,29.987845],[122.001295,29.987848],[122.001293,29.987852],[122.00129,29.987855],[122.000143,29.989018],[122.00014,29.989021],[122.000136,29.989024],[122.000132,29.989026],[122.000128,29.989028],[122.000123,29.98903],[121.996454,29.990119]]],[[[121.983096,30.034398],[121.984921,30.034074],[121.985649,30.032164],[121.984412,30.031119],[121.983096,30.034398]]],[[[121.978999,30.044609],[121.979287,30.044589],[121.979046,30.04449],[121.978999,30.044609]]],[[[121.951547,30.079346],[121.953139,30.079951],[121.953143,30.079952],[121.953147,30.079954],[121.95315,30.079956],[121.953153,30.079959],[121.953156,30.079961],[121.953158,30.079964],[121.954569,30.081713],[121.972675,30.064033],[121.972023,30.063919],[121.972019,30.063919],[121.972016,30.063917],[121.972012,30.063916],[121.972008,30.063914],[121.972005,30.063912],[121.970241,30.06276],[121.970238,30.062758],[121.970235,30.062755],[121.970232,30.062753],[121.97023,30.06275],[121.970228,30.062747],[121.969933,30.062253],[121.951547,30.079346]]],[[[121.94938,30.098089],[121.949485,30.0976],[121.949486,30.097596],[121.949488,30.097592],[121.94949,30.097589],[121.949493,30.097585],[121.950469,30.096382],[121.950472,30.096379],[121.950474,30.096377],[121.950477,30.096375],[121.950481,30.096373],[121.95245,30.095205],[121.952454,30.095203],[121.952458,30.095202],[121.952463,30.0952],[121.952467,30.095199],[121.954191,30.094925],[121.954195,30.094924],[121.954199,30.094924],[121.954203,30.094924],[121.954207,30.094925],[121.954211,30.094925],[121.956321,30.095411],[121.956325,30.095412],[121.956329,30.095413],[121.956332,30.095415],[121.956335,30.095416],[121.956339,30.095419],[121.957677,30.096398],[121.957681,30.096401],[121.957684,30.096404],[121.957687,30.096407],[121.957689,30.096411],[121.959104,30.099054],[121.959106,30.099058],[121.959107,30.099061],[121.959108,30.099065],[121.959108,30.099069],[121.959108,30.099072],[121.959108,30.099076],[121.958868,30.100618],[121.958867,30.100622],[121.958866,30.100626],[121.958864,30.10063],[121.958862,30.100633],[121.957942,30.10197],[121.957939,30.101974],[121.957936,30.101977],[121.957933,30.10198],[121.957929,30.101982],[121.957925,30.101984],[121.954669,30.103566],[121.954665,30.103567],[121.95466,30.103569],[121.954656,30.10357],[121.954651,30.10357],[121.954647,30.10357],[121.954642,30.10357],[121.952464,30.103365],[121.95246,30.103364],[121.952456,30.103364],[121.952453,30.103362],[121.952449,30.103361],[121.952446,30.103359],[121.950948,30.102561],[121.950944,30.102559],[121.950941,30.102557],[121.950938,30.102554],[121.950935,30.102551],[121.949757,30.101145],[121.950422,30.106529],[121.950484,30.106507],[121.950488,30.106506],[121.950492,30.106505],[121.950496,30.106505],[121.950501,30.106505],[121.953668,30.106521],[121.953672,30.106521],[121.953676,30.106522],[121.95368,30.106523],[121.953684,30.106524],[121.955683,30.107187],[121.955687,30.107188],[121.955692,30.107191],[121.955696,30.107193],[121.955699,30.107196],[121.956898,30.108262],[121.9569,30.108264],[121.956903,30.108267],[121.956905,30.10827],[121.956907,30.108273],[121.956908,30.108277],[121.956909,30.10828],[121.957802,30.111617],[121.957803,30.111621],[121.957803,30.111625],[121.957803,30.111629],[121.957802,30.111633],[121.957801,30.111637],[121.957513,30.112441],[121.969136,30.112473],[121.969531,30.112033],[121.970016,30.109309],[121.970017,30.109305],[121.970018,30.109301],[121.97002,30.109298],[121.970022,30.109294],[121.970025,30.109291],[121.971304,30.107838],[121.971307,30.107835],[121.97131,30.107832],[121.971314,30.10783],[121.971318,30.107827],[121.973293,30.1069],[121.973297,30.106898],[121.973301,30.106897],[121.973305,30.106896],[121.973309,30.106895],[121.973313,30.106895],[121.975116,30.106829],[121.975121,30.106829],[121.975125,30.106829],[121.97513,30.10683],[121.975134,30.106831],[121.976822,30.107385],[121.976826,30.107386],[121.97683,30.107388],[121.976833,30.10739],[121.97838,30.108425],[121.978383,30.108428],[121.978387,30.108431],[121.978389,30.108435],[121.978392,30.108438],[121.978742,30.109019],[121.984386,30.103707],[121.985661,30.099142],[121.982973,30.099187],[121.982968,30.099187],[121.982963,30.099186],[121.982959,30.099185],[121.982955,30.099184],[121.980956,30.09846],[121.980952,30.098459],[121.980948,30.098456],[121.980944,30.098454],[121.98094,30.098451],[121.979773,30.097336],[121.97977,30.097333],[121.979767,30.09733],[121.979765,30.097326],[121.979764,30.097323],[121.979173,30.095908],[121.979171,30.095904],[121.979171,30.0959],[121.97917,30.095896],[121.979103,30.09376],[121.979103,30.093756],[121.979104,30.093752],[121.979105,30.093748],[121.979106,30.093744],[121.979639,30.09263],[121.956868,30.087104],[121.95684,30.088035],[121.95684,30.08804],[121.956839,30.088044],[121.956838,30.088048],[121.956071,30.089823],[121.956069,30.089826],[121.956067,30.089829],[121.956065,30.089832],[121.956062,30.089835],[121.95606,30.089837],[121.956057,30.089839],[121.954008,30.091247],[121.954005,30.091249],[121.954001,30.091251],[121.953997,30.091253],[121.953993,30.091254],[121.953988,30.091255],[121.953984,30.091255],[121.951376,30.091437],[121.951372,30.091437],[121.951368,30.091437],[121.951364,30.091436],[121.95136,30.091436],[121.951357,30.091434],[121.948438,30.090451],[121.94938,30.098089]]],[[[121.992851,30.038589],[121.991894,30.03914],[121.991891,30.039141],[121.991887,30.039143],[121.991883,30.039144],[121.991879,30.039145],[121.991875,30.039146],[121.989955,30.039337],[121.989083,30.041197],[121.989081,30.0412],[121.989079,30.041204],[121.989076,30.041207],[121.989074,30.041209],[121.98907,30.041212],[121.989067,30.041214],[121.986798,30.042569],[121.984996,30.044675],[121.984994,30.044677],[121.984991,30.04468],[121.984988,30.044682],[121.984984,30.044684],[121.984981,30.044686],[121.984977,30.044687],[121.983467,30.045225],[121.983574,30.04526],[121.983578,30.045261],[121.983582,30.045263],[121.983585,30.045265],[121.983588,30.045268],[121.983591,30.04527],[121.9849,30.046522],[121.992851,30.038589]]],[[[121.996905,30.034545],[121.995895,30.034224],[121.995892,30.034222],[121.995888,30.034221],[121.995885,30.034219],[121.995882,30.034217],[121.995879,30.034214],[121.994652,30.033132],[121.99506,30.034805],[121.995061,30.034809],[121.995061,30.034813],[121.995061,30.034816],[121.995061,30.03482],[121.994667,30.036729],[121.994666,30.036732],[121.994664,30.036735],[121.994663,30.036739],[121.994661,30.036742],[121.99457,30.036874],[121.996905,30.034545]]],[[[122.010486,29.891704],[122.005703,29.890745],[122.005668,29.892997],[122.005668,29.893001],[122.005667,29.893004],[122.005666,29.893008],[122.005665,29.893011],[122.004856,29.894769],[122.004854,29.894772],[122.004852,29.894776],[122.004849,29.89478],[122.004845,29.894783],[122.004794,29.894824],[122.010486,29.891704]]],[[[121.857191,29.935322],[121.858874,29.935314],[121.858878,29.935314],[121.858882,29.935315],[121.858886,29.935315],[121.85889,29.935317],[121.858894,29.935318],[121.860802,29.936115],[121.860807,29.936117],[121.860811,29.93612],[121.860815,29.936123],[121.862129,29.937268],[121.862132,29.937271],[121.862135,29.937274],[121.862138,29.937278],[121.86214,29.937282],[121.862881,29.939031],[121.862882,29.939035],[121.862883,29.939038],[121.862883,29.939042],[121.862883,29.939046],[121.862883,29.939049],[121.862707,29.940365],[121.880936,29.937187],[121.88036,29.935954],[121.877766,29.935678],[121.877762,29.935677],[121.877758,29.935676],[121.877754,29.935675],[121.877751,29.935674],[121.877747,29.935672],[121.877744,29.93567],[121.875512,29.934139],[121.875508,29.934137],[121.875505,29.934134],[121.875502,29.93413],[121.8755,29.934127],[121.875498,29.934123],[121.8745,29.931987],[121.874499,29.931983],[121.874498,29.93198],[121.874497,29.931976],[121.874497,29.931972],[121.874497,29.931968],[121.874498,29.931965],[121.875215,29.928664],[121.875216,29.92866],[121.875218,29.928656],[121.87522,29.928653],[121.875222,29.928649],[121.875225,29.928646],[121.876531,29.9273],[121.857191,29.935322]]],[[[121.833794,29.945026],[121.834915,29.9461],[121.834918,29.946103],[121.83492,29.946107],[121.834922,29.94611],[121.834924,29.946114],[121.834925,29.946117],[121.835435,29.948017],[121.835436,29.94802],[121.835436,29.948024],[121.835436,29.948028],[121.835435,29.948032],[121.835434,29.948035],[121.835387,29.948195],[121.853095,29.942642],[121.852405,29.941836],[121.852402,29.941833],[121.8524,29.941829],[121.852398,29.941826],[121.852397,29.941822],[121.851975,29.940326],[121.851974,29.940321],[121.851974,29.940317],[121.851974,29.940313],[121.852173,29.938278],[121.852174,29.938274],[121.852175,29.93827],[121.852176,29.938267],[121.852178,29.938263],[121.852891,29.937105],[121.833794,29.945026]]],[[[121.817428,29.951814],[121.818791,29.954303],[121.82185,29.953056],[121.821018,29.952132],[121.821015,29.952129],[121.821013,29.952126],[121.821011,29.952122],[121.82101,29.952118],[121.821009,29.952114],[121.820698,29.950458],[121.817428,29.951814]]]]},"properties":{"cluster_id":66,"lat":29.949489902917215,"lon":122.1133507684824,"count":456,"type":"anchorage","distance_to_coast":5526.5414653791195}},{"type":"Feature","geometry":{"type":"Polygon","coordinates":[[[121.960275,38.915725],[121.988203,38.923503],[121.98357,38.941046],[121.986618,38.941551],[121.991647,38.923817],[121.997593,38.921566],[122.00523,38.922983],[122.001833,38.94347],[122.022769,38.941868],[122.051156,38.9359],[122.052261,38.939344],[122.055853,38.930795],[122.068469,38.913724],[122.065816,38.91251],[122.053776,38.928097],[122.040267,38.920435],[122.017448,38.922734],[122.015945,38.918637],[121.997703,38.918673],[121.975631,38.900307],[121.974287,38.884305],[121.980208,38.879891],[121.987522,38.879037],[122.006859,38.888771],[122.028528,38.874722],[122.04546,38.86802],[122.039411,38.854396],[122.050123,38.852268],[122.036881,38.843632],[122.023197,38.838262],[122.035524,38.809993],[122.034643,38.809647],[122.010161,38.837075],[121.991292,38.865144],[121.987332,38.867089],[121.981762,38.847426],[121.960816,38.835902],[121.965787,38.845079],[121.964195,38.857308],[121.972101,38.868372],[121.962639,38.865987],[121.961829,38.874752],[121.970045,38.876684],[121.964723,38.892048],[121.960275,38.915725]]]},"properties":{"cluster_id":69,"lat":38.88920244463513,"lon":122.00283519714074,"count":43,"type":"anchorage","distance_to_coast":16564.62589855577}},{"type":"Feature","geometry":{"type":"MultiPolygon","coordinates":[[[[122.302748,30.391323],[122.302807,30.391755],[122.352868,30.394046],[122.352363,30.40284],[122.357134,30.405299],[122.37962,30.407154],[122.388275,30.40601],[122.398274,30.405973],[122.39724,30.404515],[122.397238,30.404511],[122.397236,30.404507],[122.397234,30.404503],[122.396849,30.403012],[122.396848,30.403009],[122.396848,30.403005],[122.396848,30.403002],[122.396848,30.402998],[122.396849,30.402995],[122.397345,30.401141],[122.397346,30.401138],[122.397348,30.401134],[122.39735,30.401131],[122.397352,30.401128],[122.397354,30.401126],[122.397781,30.400664],[122.396255,30.401091],[122.396251,30.401092],[122.396246,30.401092],[122.396242,30.401092],[122.396237,30.401092],[122.394438,30.400949],[122.394433,30.400948],[122.394428,30.400947],[122.394423,30.400946],[122.392505,30.400196],[122.392501,30.400194],[122.392497,30.400192],[122.392493,30.400189],[122.39249,30.400186],[122.391031,30.398791],[122.391028,30.398788],[122.391026,30.398785],[122.391023,30.398782],[122.391022,30.398778],[122.391021,30.398774],[122.390494,30.396951],[122.390493,30.396947],[122.390493,30.396944],[122.390493,30.39694],[122.390493,30.396936],[122.390494,30.396933],[122.390953,30.395258],[122.388841,30.394829],[122.388837,30.394828],[122.388833,30.394827],[122.388829,30.394825],[122.388825,30.394823],[122.387084,30.393725],[122.387081,30.393723],[122.387078,30.39372],[122.387075,30.393718],[122.387073,30.393715],[122.387071,30.393711],[122.386123,30.392041],[122.386122,30.392037],[122.38612,30.392033],[122.386119,30.39203],[122.386119,30.392026],[122.385993,30.390092],[122.385993,30.390087],[122.385994,30.390083],[122.386139,30.389404],[122.384585,30.389732],[122.380125,30.389673],[122.37117,30.384443],[122.351801,30.37883],[122.302748,30.391323]]],[[[122.417425,30.405903],[122.437999,30.3997],[122.447137,30.411547],[122.448206,30.411337],[122.44821,30.411336],[122.448215,30.411336],[122.45449,30.411243],[122.454495,30.411243],[122.454499,30.411243],[122.454503,30.411244],[122.454507,30.411245],[122.454511,30.411247],[122.456805,30.4122],[122.456809,30.412202],[122.456813,30.412204],[122.456816,30.412206],[122.456819,30.412209],[122.458077,30.413401],[122.45808,30.413404],[122.458083,30.413408],[122.458085,30.413411],[122.458087,30.413415],[122.458737,30.415141],[122.458738,30.415145],[122.458739,30.415149],[122.458739,30.415153],[122.458625,30.421082],[122.458624,30.421085],[122.458624,30.421089],[122.458623,30.421093],[122.458621,30.421096],[122.457617,30.42313],[122.457615,30.423134],[122.457613,30.423137],[122.45761,30.42314],[122.457606,30.423143],[122.457603,30.423146],[122.457325,30.423324],[122.490771,30.458437],[122.48032,30.463068],[122.480578,30.463732],[122.491901,30.462026],[122.503007,30.454166],[122.520624,30.418584],[122.531232,30.418608],[122.555641,30.416299],[122.568542,30.416618],[122.5687,30.403456],[122.561993,30.401794],[122.557551,30.401319],[122.541822,30.404685],[122.530676,30.399918],[122.518749,30.402916],[122.517728,30.404766],[122.518291,30.410854],[122.498974,30.392209],[122.466465,30.377331],[122.434148,30.391461],[122.427951,30.389364],[122.412574,30.386869],[122.42424,30.360839],[122.433365,30.36871],[122.435983,30.355202],[122.452493,30.362651],[122.464733,30.345806],[122.468478,30.345598],[122.469319,30.342427],[122.480678,30.337178],[122.48813,30.345353],[122.490859,30.345741],[122.504738,30.349753],[122.511571,30.357888],[122.52048,30.346133],[122.537558,30.346039],[122.573804,30.315685],[122.573239,30.315014],[122.55342,30.324074],[122.529675,30.338408],[122.519277,30.329711],[122.516132,30.328388],[122.502277,30.331257],[122.493683,30.328137],[122.488762,30.327395],[122.481529,30.329245],[122.462478,30.331134],[122.45429,30.339473],[122.442507,30.347511],[122.427204,30.352132],[122.417303,30.351268],[122.367933,30.332802],[122.394019,30.37559],[122.388372,30.386606],[122.389177,30.386112],[122.389181,30.38611],[122.389185,30.386108],[122.389189,30.386107],[122.389193,30.386106],[122.390839,30.385795],[122.390843,30.385794],[122.390847,30.385794],[122.390851,30.385794],[122.390855,30.385794],[122.390859,30.385795],[122.393993,30.386419],[122.393997,30.38642],[122.394001,30.386421],[122.394005,30.386423],[122.394008,30.386425],[122.394012,30.386427],[122.395673,30.387617],[122.395676,30.387619],[122.395679,30.387623],[122.395682,30.387626],[122.395684,30.38763],[122.395686,30.387633],[122.396556,30.389728],[122.396557,30.389732],[122.396558,30.389735],[122.396559,30.389739],[122.396559,30.389743],[122.396558,30.389747],[122.396122,30.392532],[122.398597,30.39343],[122.398601,30.393432],[122.398605,30.393434],[122.398608,30.393436],[122.398612,30.393439],[122.399868,30.39456],[122.399871,30.394563],[122.399874,30.394566],[122.399876,30.39457],[122.399878,30.394573],[122.400521,30.396031],[122.400522,30.396034],[122.400523,30.396038],[122.400524,30.396041],[122.400524,30.396045],[122.400524,30.396048],[122.400315,30.397982],[122.400315,30.397986],[122.400314,30.397989],[122.400312,30.397993],[122.40031,30.397996],[122.399515,30.399312],[122.400102,30.398968],[122.400106,30.398966],[122.400109,30.398965],[122.400113,30.398964],[122.400117,30.398963],[122.400121,30.398962],[122.40233,30.398682],[122.402334,30.398681],[122.402338,30.398681],[122.402342,30.398681],[122.402346,30.398682],[122.40235,30.398683],[122.404059,30.399149],[122.404063,30.39915],[122.404067,30.399151],[122.40407,30.399153],[122.404074,30.399155],[122.404077,30.399158],[122.405698,30.400481],[122.405701,30.400484],[122.405703,30.400487],[122.405706,30.40049],[122.405708,30.400493],[122.405709,30.400497],[122.406844,30.403289],[122.406845,30.403292],[122.406846,30.403296],[122.406847,30.403299],[122.406847,30.403303],[122.406846,30.403307],[122.406846,30.40331],[122.406449,30.404789],[122.406448,30.404793],[122.406446,30.404796],[122.406444,30.4048],[122.406442,30.404803],[122.405492,30.405947],[122.417425,30.405903]]]]},"properties":{"cluster_id":70,"lat":30.390523561673803,"lon":122.4484818888846,"count":284,"type":"anchorage","distance_to_coast":4232.454465273122}},{"type":"Feature","geometry":{"type":"Polygon","coordinates":[[[121.231133,31.663739],[121.256451,31.662162],[121.256643,31.66049],[121.267005,31.667516],[121.271146,31.658553],[121.286776,31.648453],[121.28659,31.639044],[121.290578,31.632076],[121.291832,31.627935],[121.301852,31.616865],[121.322177,31.596965],[121.333782,31.587269],[121.335576,31.582001],[121.321064,31.574088],[121.31987,31.575435],[121.327902,31.581628],[121.320544,31.593689],[121.307882,31.595229],[121.282863,31.592787],[121.282976,31.593073],[121.282977,31.593076],[121.282978,31.593079],[121.282978,31.593083],[121.282978,31.593086],[121.28288,31.595325],[121.28288,31.595329],[121.282879,31.595332],[121.282878,31.595335],[121.282877,31.595338],[121.282875,31.595342],[121.282873,31.595345],[121.281277,31.597422],[121.280512,31.599617],[121.280511,31.59962],[121.280508,31.599624],[121.280506,31.599628],[121.280503,31.599631],[121.2805,31.599634],[121.278915,31.600885],[121.278912,31.600888],[121.278908,31.60089],[121.278904,31.600892],[121.2789,31.600893],[121.278896,31.600894],[121.277041,31.601318],[121.291667,31.619257],[121.2856,31.629323],[121.284414,31.634579],[121.282354,31.636994],[121.280413,31.641712],[121.262866,31.645638],[121.264428,31.639849],[121.256374,31.635653],[121.251614,31.642179],[121.249661,31.641777],[121.243056,31.64591],[121.241413,31.648127],[121.223026,31.641909],[121.220411,31.644082],[121.238326,31.652046],[121.237408,31.657602],[121.231133,31.663739]]]},"properties":{"cluster_id":74,"lat":31.628582288767465,"lon":121.27779034278534,"count":58,"type":"anchorage","distance_to_coast":5207.150882938405}},{"type":"Feature","geometry":{"type":"Polygon","coordinates":[[[121.994506,40.693017],[121.995119,40.691046],[122.004007,40.690374],[122.003774,40.689577],[122.010571,40.686164],[122.014186,40.685838],[122.015916,40.684708],[122.019167,40.678779],[122.018681,40.678548],[122.013609,40.682885],[122.009409,40.68308],[122.008303,40.68187],[122.001415,40.67734],[121.999836,40.678564],[122.006045,40.683931],[122.000605,40.685193],[121.995093,40.678987],[121.992319,40.673169],[121.990457,40.688278],[121.991921,40.690267],[121.994506,40.693017]]]},"properties":{"cluster_id":78,"lat":40.68554992505394,"lon":122.00267724886136,"count":28,"type":"anchorage","distance_to_coast":10163.739414440886}},{"type":"Feature","geometry":{"type":"Polygon","coordinates":[[[120.005859,39.986693],[120.017487,39.985886],[120.020571,39.984808],[120.021472,39.995558],[120.03086,39.988904],[120.036725,39.997383],[120.039537,39.996934],[120.068467,40.004493],[120.072024,40.007201],[120.060065,40.017779],[120.073129,40.020534],[120.076437,40.021638],[120.076782,40.018954],[120.07955,40.010355],[120.077914,40.005809],[120.073987,40.003475],[120.071934,39.989864],[120.068423,39.997499],[120.040826,39.99099],[120.035942,39.982609],[120.026862,39.981558],[120.036395,39.976367],[120.04001,39.946427],[120.011881,39.942488],[120.023049,39.949922],[120.004838,39.979574],[120.010556,39.983237],[120.005859,39.986693]]]},"properties":{"cluster_id":79,"lat":39.991677144345,"lon":120.04580999985224,"count":28,"type":"anchorage","distance_to_coast":12334.828216295684}},{"type":"Feature","geometry":{"type":"MultiPolygon","coordinates":[[[[121.61983,29.137811],[121.623959,29.116763],[121.622917,29.116841],[121.622912,29.116841],[121.622907,29.116841],[121.622903,29.11684],[121.622898,29.116839],[121.620806,29.116188],[121.620802,29.116187],[121.620798,29.116186],[121.620795,29.116184],[121.620792,29.116181],[121.620789,29.116179],[121.619982,29.115465],[121.617544,29.131552],[121.61983,29.137811]]],[[[121.666402,29.112445],[121.696251,29.080946],[121.705953,29.074186],[121.712702,29.072296],[121.713877,29.063221],[121.769418,29.045595],[121.775542,29.047761],[121.772992,29.030223],[121.762598,29.034655],[121.75858,29.027888],[121.717812,29.018301],[121.717829,29.018345],[121.717831,29.018349],[121.717831,29.018353],[121.717832,29.018357],[121.717831,29.018361],[121.717673,29.019915],[121.717672,29.019919],[121.717671,29.019922],[121.717669,29.019926],[121.717667,29.01993],[121.71683,29.021306],[121.716827,29.02131],[121.716825,29.021313],[121.716822,29.021316],[121.716818,29.021318],[121.715434,29.022302],[121.71543,29.022304],[121.715426,29.022306],[121.715422,29.022308],[121.715417,29.022309],[121.715412,29.02231],[121.711425,29.022838],[121.71142,29.022839],[121.711416,29.022839],[121.711411,29.022838],[121.711407,29.022838],[121.711403,29.022837],[121.711399,29.022835],[121.711121,29.02272],[121.711724,29.054518],[121.710681,29.05593],[121.70965,29.059544],[121.703276,29.064199],[121.699754,29.064814],[121.686123,29.078482],[121.650164,29.055765],[121.647274,29.050421],[121.646175,29.051335],[121.646172,29.051338],[121.646168,29.05134],[121.646164,29.051342],[121.64616,29.051344],[121.644513,29.051895],[121.644509,29.051896],[121.644504,29.051897],[121.644499,29.051897],[121.644494,29.051897],[121.64246,29.051765],[121.646688,29.057797],[121.674838,29.092356],[121.670986,29.097049],[121.628328,29.108331],[121.628859,29.108802],[121.628862,29.108805],[121.628864,29.108808],[121.628867,29.108811],[121.628868,29.108815],[121.629535,29.110272],[121.629537,29.110275],[121.629538,29.110279],[121.629538,29.110282],[121.629538,29.110286],[121.629535,29.112752],[121.666402,29.112445]]],[[[121.716205,29.015194],[121.716148,29.015222],[121.716175,29.015257],[121.716205,29.015194]]],[[[121.631667,29.039064],[121.63126,29.040464],[121.631259,29.040467],[121.631257,29.040471],[121.631255,29.040474],[121.631252,29.040478],[121.629958,29.041971],[121.629955,29.041975],[121.629951,29.041977],[121.629948,29.04198],[121.629943,29.041982],[121.629939,29.041984],[121.627573,29.04284],[121.627569,29.042841],[121.627565,29.042842],[121.627561,29.042843],[121.627557,29.042843],[121.627552,29.042843],[121.62715,29.04282],[121.632291,29.046678],[121.635214,29.049396],[121.638268,29.04957],[121.638216,29.049515],[121.638214,29.049512],[121.638211,29.049509],[121.63821,29.049506],[121.638208,29.049502],[121.638207,29.049499],[121.637792,29.047976],[121.635446,29.047551],[121.635441,29.04755],[121.635437,29.047549],[121.635433,29.047547],[121.635429,29.047545],[121.633962,29.046617],[121.633958,29.046614],[121.633955,29.046612],[121.633953,29.046609],[121.63395,29.046606],[121.633948,29.046603],[121.632892,29.044862],[121.63289,29.044858],[121.632888,29.044854],[121.632887,29.04485],[121.632887,29.044846],[121.632722,29.042806],[121.632722,29.042801],[121.632723,29.042796],[121.633033,29.041234],[121.633034,29.041231],[121.633036,29.041227],[121.633038,29.041223],[121.63304,29.04122],[121.634009,29.039923],[121.631667,29.039064]]],[[[121.618872,29.036605],[121.620085,29.037516],[121.620368,29.03663],[121.618872,29.036605]]],[[[121.612303,29.111766],[121.612761,29.112933],[121.612763,29.112937],[121.612764,29.112941],[121.612764,29.112946],[121.612764,29.11295],[121.612559,29.114815],[121.619258,29.114472],[121.618865,29.11361],[121.618863,29.113606],[121.618862,29.113602],[121.618862,29.113598],[121.618689,29.111144],[121.612303,29.111766]]]]},"properties":{"cluster_id":80,"lat":29.07216069189847,"lon":121.67644164311558,"count":124,"type":"anchorage","distance_to_coast":4388.098028775153}},{"type":"Feature","geometry":{"type":"MultiPolygon","coordinates":[[[[119.81683,26.640027],[119.819478,26.644598],[119.828261,26.642012],[119.828295,26.641515],[119.825177,26.642042],[119.825173,26.642043],[119.825169,26.642043],[119.825165,26.642043],[119.825161,26.642042],[119.825157,26.642041],[119.825153,26.64204],[119.82348,26.64145],[119.823476,26.641449],[119.823473,26.641447],[119.823469,26.641445],[119.823466,26.641442],[119.823463,26.64144],[119.821951,26.639964],[119.821948,26.639961],[119.821946,26.639958],[119.821944,26.639954],[119.821942,26.63995],[119.821941,26.639947],[119.82194,26.639943],[119.82159,26.637977],[119.81683,26.640027]]],[[[119.842599,26.632759],[119.848516,26.628344],[119.839011,26.62416],[119.83795,26.620355],[119.830785,26.628715],[119.826262,26.632637],[119.827833,26.632758],[119.827837,26.632758],[119.827841,26.632759],[119.827845,26.63276],[119.827848,26.632762],[119.827852,26.632763],[119.82974,26.633748],[119.829744,26.63375],[119.829747,26.633753],[119.82975,26.633756],[119.829753,26.633759],[119.829756,26.633762],[119.8309,26.635427],[119.830902,26.63543],[119.830904,26.635434],[119.830905,26.635437],[119.831221,26.636466],[119.842599,26.632759]]]]},"properties":{"cluster_id":82,"lat":26.633734224005305,"lon":119.83108607563769,"count":13,"type":"anchorage","distance_to_coast":3788.394329010878}},{"type":"Feature","geometry":{"type":"Polygon","coordinates":[[[118.984572,37.364432],[118.984044,37.365096],[118.991404,37.370055],[118.999204,37.372311],[119.008108,37.373323],[119.008519,37.371938],[118.992745,37.367359],[118.984572,37.364432]]]},"properties":{"cluster_id":86,"lat":37.36964170533099,"lon":118.99513440289311,"count":16,"type":"anchorage","distance_to_coast":5493.176796211364}},{"type":"Feature","geometry":{"type":"Polygon","coordinates":[[[121.733967,28.670552],[121.729886,28.680294],[121.744554,28.687482],[121.742818,28.68866],[121.740011,28.694369],[121.750326,28.687115],[121.750738,28.67638],[121.754624,28.673982],[121.752163,28.657383],[121.763502,28.65989],[121.764287,28.660946],[121.771784,28.660037],[121.811631,28.66915],[121.792383,28.714357],[121.788124,28.71638],[121.787544,28.718471],[121.790873,28.726422],[121.798979,28.72851],[121.802148,28.728555],[121.807288,28.72179],[121.800883,28.716567],[121.823398,28.679408],[121.830472,28.674092],[121.850706,28.677801],[121.870799,28.678069],[121.870984,28.67675],[121.848913,28.672231],[121.852562,28.655521],[121.894719,28.629165],[121.863108,28.632509],[121.815027,28.657898],[121.774941,28.655],[121.773433,28.647737],[121.764972,28.646634],[121.757458,28.643081],[121.753379,28.646363],[121.742807,28.646314],[121.745363,28.67223],[121.733967,28.670552]]]},"properties":{"cluster_id":87,"lat":28.68102234381593,"lon":121.77915370313724,"count":77,"type":"anchorage","distance_to_coast":18889.1546328641}},{"type":"Feature","geometry":{"type":"Polygon","coordinates":[[[122.237708,30.161555],[122.270283,30.158598],[122.289726,30.171963],[122.290928,30.170881],[122.258244,30.138166],[122.213244,30.113204],[122.212081,30.115399],[122.212079,30.115402],[122.212076,30.115406],[122.212073,30.115409],[122.212069,30.115412],[122.212066,30.115414],[122.209971,30.116658],[122.209967,30.11666],[122.209963,30.116662],[122.209959,30.116663],[122.209954,30.116664],[122.20995,30.116664],[122.209945,30.116665],[122.205337,30.116675],[122.205071,30.116728],[122.238309,30.145594],[122.237708,30.161555]]]},"properties":{"cluster_id":88,"lat":30.133030438844425,"lon":122.23233274834544,"count":10,"type":"anchorage","distance_to_coast":5126.729142023787}},{"type":"Feature","geometry":{"type":"MultiPolygon","coordinates":[[[[118.51937,39.049461],[118.518274,39.049414],[118.51827,39.049414],[118.518265,39.049413],[118.51826,39.049412],[118.518256,39.049411],[118.516296,39.048616],[118.516292,39.048614],[118.516289,39.048613],[118.516286,39.048611],[118.516283,39.048608],[118.51628,39.048606],[118.516173,39.048494],[118.496912,39.076461],[118.499682,39.076679],[118.499686,39.076679],[118.49969,39.07668],[118.499694,39.076681],[118.499697,39.076682],[118.499701,39.076684],[118.499704,39.076686],[118.501084,39.077496],[118.501087,39.077498],[118.501091,39.077501],[118.501094,39.077504],[118.501096,39.077507],[118.501201,39.077661],[118.51937,39.049461]]],[[[118.495294,39.093329],[118.495679,39.092914],[118.495682,39.092911],[118.495685,39.092909],[118.495689,39.092906],[118.495692,39.092904],[118.495696,39.092903],[118.495701,39.092901],[118.498201,39.092233],[118.494454,39.086029],[118.493732,39.086364],[118.493728,39.086366],[118.493724,39.086367],[118.49372,39.086368],[118.493715,39.086369],[118.493711,39.086369],[118.491144,39.086455],[118.495294,39.093329]]],[[[118.525789,39.108771],[118.52577,39.108041],[118.52577,39.108037],[118.525771,39.108033],[118.525772,39.108029],[118.52644,39.10645],[118.526441,39.106447],[118.526443,39.106444],[118.526445,39.106441],[118.526448,39.106438],[118.526451,39.106436],[118.526906,39.106091],[118.511552,39.101598],[118.51166,39.102264],[118.51166,39.102267],[118.51166,39.102271],[118.511659,39.102274],[118.511658,39.102278],[118.511657,39.102281],[118.511655,39.102285],[118.510211,39.104397],[118.510209,39.1044],[118.510206,39.104403],[118.510203,39.104406],[118.5102,39.104408],[118.510196,39.10441],[118.509209,39.104903],[118.525789,39.108771]]],[[[118.544668,39.11268],[118.544127,39.111978],[118.544125,39.111975],[118.544123,39.111971],[118.544122,39.111968],[118.544121,39.111965],[118.543872,39.110598],[118.543872,39.110595],[118.543872,39.110592],[118.543872,39.110589],[118.544127,39.108906],[118.539987,39.108687],[118.539951,39.113389],[118.544668,39.11268]]],[[[118.571776,39.103271],[118.57112,39.100522],[118.554995,39.106717],[118.556006,39.107577],[118.556009,39.10758],[118.556012,39.107583],[118.556014,39.107586],[118.556016,39.10759],[118.556669,39.109129],[118.55667,39.109131],[118.571776,39.103271]]]]},"properties":{"cluster_id":89,"lat":39.09122690785184,"lon":118.52542909187083,"count":76,"type":"anchorage","distance_to_coast":3746.679696465846}},{"type":"Feature","geometry":{"type":"Polygon","coordinates":[[[111.130835,21.395234],[111.138754,21.396923],[111.139044,21.391436],[111.138258,21.384002],[111.146986,21.37522],[111.149372,21.36956],[111.183728,21.337704],[111.214396,21.344136],[111.228305,21.354371],[111.241788,21.348942],[111.238066,21.341043],[111.212169,21.326795],[111.177998,21.333486],[111.129317,21.3714],[111.133646,21.383357],[111.131567,21.391754],[111.130835,21.395234]]]},"properties":{"cluster_id":90,"lat":21.366488525115575,"lon":111.16869349502396,"count":17,"type":"anchorage","distance_to_coast":12198.929591082726}},{"type":"Feature","geometry":{"type":"Polygon","coordinates":[[[111.720402,21.491479],[111.760003,21.537764],[111.807672,21.551474],[111.80653,21.544361],[111.814779,21.545285],[111.823791,21.549399],[111.835966,21.543199],[111.838913,21.538371],[111.821114,21.537513],[111.811719,21.534146],[111.814772,21.530703],[111.814939,21.523971],[111.803242,21.527109],[111.803203,21.532973],[111.796906,21.541055],[111.797351,21.54165],[111.776775,21.538123],[111.775225,21.494069],[111.720402,21.491479]]]},"properties":{"cluster_id":94,"lat":21.533637103206793,"lon":111.80135520251088,"count":19,"type":"anchorage","distance_to_coast":3910.293303647419}},{"type":"Feature","geometry":{"type":"Polygon","coordinates":[[[118.170383,24.359083],[118.177801,24.365088],[118.198363,24.362451],[118.217113,24.361686],[118.19679,24.338694],[118.228275,24.333514],[118.231522,24.339422],[118.238367,24.336857],[118.256077,24.339172],[118.263045,24.332],[118.259653,24.328439],[118.283831,24.320898],[118.300863,24.323356],[118.303773,24.327224],[118.324628,24.376341],[118.362334,24.385484],[118.389772,24.412818],[118.414869,24.402488],[118.388755,24.380149],[118.369317,24.373405],[118.380282,24.342767],[118.374285,24.340258],[118.353725,24.364909],[118.339398,24.34653],[118.317982,24.315356],[118.323785,24.296693],[118.313045,24.246251],[118.286618,24.301728],[118.279589,24.308645],[118.256466,24.325673],[118.252257,24.323421],[118.236261,24.312936],[118.234293,24.305147],[118.230476,24.302975],[118.220865,24.310179],[118.212584,24.322312],[118.192984,24.332207],[118.18895,24.337152],[118.168775,24.310819],[118.129768,24.307076],[118.129982,24.309363],[118.170383,24.359083]]]},"properties":{"cluster_id":95,"lat":24.33352505918574,"lon":118.2559265910159,"count":68,"type":"anchorage","distance_to_coast":8834.044541679801}},{"type":"Feature","geometry":{"type":"Polygon","coordinates":[[[113.64784,21.993333],[113.657355,21.99671],[113.677214,21.966054],[113.664422,21.96014],[113.654348,21.957222],[113.646657,21.9559],[113.651437,21.96572],[113.64784,21.993333]]]},"properties":{"cluster_id":98,"lat":21.974019632540053,"lon":113.65722027998322,"count":8,"type":"anchorage","distance_to_coast":9199.690165946318}},{"type":"Feature","geometry":{"type":"Polygon","coordinates":[[[121.086354,40.712228],[121.097656,40.71501],[121.101088,40.716706],[121.105579,40.715566],[121.106399,40.714838],[121.105503,40.718393],[121.114271,40.723505],[121.120384,40.714118],[121.124452,40.714588],[121.145834,40.722542],[121.146784,40.72135],[121.125714,40.709704],[121.119066,40.705302],[121.118505,40.703832],[121.119735,40.702573],[121.123566,40.704947],[121.138009,40.697213],[121.120229,40.698824],[121.117672,40.696781],[121.118175,40.695787],[121.119624,40.695313],[121.121618,40.692959],[121.134715,40.689208],[121.126415,40.680164],[121.122251,40.685055],[121.113576,40.687719],[121.107603,40.688125],[121.094439,40.6964],[121.109154,40.695092],[121.106676,40.699347],[121.112607,40.698483],[121.111171,40.700801],[121.111148,40.702265],[121.10355,40.702177],[121.098362,40.709121],[121.091701,40.700887],[121.088919,40.699264],[121.083598,40.708201],[121.086354,40.712228]]]},"properties":{"cluster_id":99,"lat":40.7024022289697,"lon":121.11209722760528,"count":48,"type":"anchorage","distance_to_coast":10469.502070198923}},{"type":"Feature","geometry":{"type":"MultiPolygon","coordinates":[[[[110.029912,19.962626],[110.030078,19.961695],[110.030079,19.961691],[110.030081,19.961687],[110.030082,19.961683],[110.030085,19.961679],[110.030087,19.961676],[110.03009,19.961673],[110.032295,19.959502],[110.032298,19.959499],[110.032301,19.959497],[110.032305,19.959495],[110.032309,19.959493],[110.03231,19.959492],[110.018076,19.952375],[110.018054,19.956132],[110.029912,19.962626]]],[[[110.026937,20.005521],[110.019971,20.006392],[110.024065,20.012658],[110.01809,20.021137],[110.023881,20.020908],[110.028133,20.025158],[110.029297,20.030564],[110.015645,20.026612],[110.024087,20.035782],[110.020309,20.04613],[110.031633,20.045802],[110.036211,20.045164],[110.040127,20.037368],[110.036385,20.033584],[110.036181,20.027124],[110.038881,20.019416],[110.035956,20.016655],[110.033583,20.01854],[110.029524,20.018152],[110.029456,20.012614],[110.032615,20.008778],[110.037189,20.006747],[110.03706,19.969055],[110.032855,19.968455],[110.032851,19.968455],[110.032847,19.968453],[110.032842,19.968452],[110.032838,19.968449],[110.032834,19.968447],[110.03277,19.968399],[110.026937,20.005521]]],[[[110.046105,19.967406],[110.046432,19.966554],[110.043611,19.965143],[110.043081,19.966772],[110.04308,19.966775],[110.043078,19.966779],[110.043076,19.966782],[110.043074,19.966785],[110.043071,19.966788],[110.043051,19.966809],[110.046105,19.967406]]],[[[110.001191,19.963632],[110.00759,19.960893],[110.006482,19.959959],[110.006479,19.959956],[110.006476,19.959953],[110.006474,19.95995],[110.006472,19.959947],[110.00647,19.959943],[110.005716,19.958212],[110.001191,19.963632]]]]},"properties":{"cluster_id":100,"lat":19.99860922329427,"lon":110.02460517535044,"count":53,"type":"anchorage","distance_to_coast":3860.03431209808}},{"type":"Feature","geometry":{"type":"Polygon","coordinates":[[[117.825281,38.324447],[117.824548,38.326172],[117.834838,38.329385],[117.838505,38.331111],[117.873029,38.353854],[117.874685,38.352422],[117.867853,38.347076],[117.860794,38.342415],[117.874961,38.329114],[117.879013,38.331464],[117.880563,38.329724],[117.881091,38.328672],[117.874426,38.32412],[117.875869,38.322727],[117.880134,38.326992],[117.88325,38.323217],[117.88574,38.322464],[117.889125,38.323408],[117.893129,38.319249],[117.884018,38.318277],[117.880569,38.315836],[117.879009,38.315445],[117.874802,38.31633],[117.874952,38.318675],[117.872109,38.31976],[117.870765,38.323227],[117.84064,38.3289],[117.837755,38.327102],[117.825281,38.324447]]]},"properties":{"cluster_id":103,"lat":38.32538310444974,"lon":117.87290907484449,"count":100,"type":"anchorage","distance_to_coast":8423.864409995154}},{"type":"Feature","geometry":{"type":"Polygon","coordinates":[[[115.580284,22.778219],[115.593565,22.776152],[115.599125,22.78067],[115.622366,22.80549],[115.623769,22.804571],[115.608566,22.780307],[115.6239,22.772232],[115.626147,22.764289],[115.633782,22.758311],[115.639715,22.759635],[115.635306,22.770584],[115.64605,22.764372],[115.649366,22.754199],[115.63787,22.751278],[115.627631,22.751336],[115.627975,22.7432],[115.632074,22.743489],[115.636124,22.741928],[115.641821,22.740684],[115.643711,22.73926],[115.652046,22.737102],[115.658698,22.743161],[115.660228,22.74028],[115.667729,22.757465],[115.666196,22.766539],[115.680024,22.777273],[115.735449,22.76872],[115.701189,22.725859],[115.725467,22.716566],[115.712213,22.705812],[115.712411,22.690177],[115.69768,22.688069],[115.683912,22.680585],[115.677466,22.675559],[115.669631,22.677074],[115.664407,22.673976],[115.661216,22.666453],[115.675435,22.660459],[115.661594,22.638851],[115.655906,22.661355],[115.629937,22.6806],[115.631843,22.682888],[115.649871,22.670275],[115.654755,22.67365],[115.650766,22.681886],[115.654794,22.685195],[115.646268,22.691553],[115.641466,22.692313],[115.639263,22.692066],[115.631125,22.693587],[115.626993,22.692099],[115.625767,22.695373],[115.625757,22.705488],[115.626665,22.714205],[115.631615,22.703483],[115.638598,22.699275],[115.649263,22.699645],[115.650966,22.695293],[115.660686,22.689935],[115.661985,22.690699],[115.672836,22.689927],[115.676589,22.691144],[115.667056,22.72955],[115.657405,22.728809],[115.648294,22.728912],[115.639692,22.72712],[115.632041,22.729619],[115.627505,22.725774],[115.620695,22.734619],[115.6235,22.7378],[115.620109,22.746949],[115.62117,22.753006],[115.619516,22.760787],[115.612766,22.769184],[115.603862,22.774929],[115.603224,22.77439],[115.601845,22.775551],[115.601842,22.775554],[115.601839,22.775556],[115.601835,22.775558],[115.601831,22.775559],[115.601828,22.77556],[115.599491,22.776199],[115.599487,22.7762],[115.599483,22.776201],[115.599479,22.776201],[115.597697,22.776221],[115.597692,22.776221],[115.597688,22.776221],[115.597684,22.77622],[115.597679,22.776218],[115.596029,22.775598],[115.596025,22.775596],[115.596021,22.775594],[115.596017,22.775592],[115.596014,22.775589],[115.594755,22.774426],[115.594752,22.774423],[115.594749,22.774419],[115.594747,22.774416],[115.594745,22.774412],[115.594076,22.772889],[115.594075,22.772885],[115.594074,22.772882],[115.594073,22.772878],[115.59378,22.770466],[115.59378,22.770462],[115.59378,22.770458],[115.59378,22.770454],[115.593781,22.770451],[115.593783,22.770447],[115.594542,22.768558],[115.594544,22.768555],[115.594546,22.768551],[115.594549,22.768548],[115.594552,22.768545],[115.594555,22.768542],[115.596191,22.767207],[115.596194,22.767204],[115.596198,22.767202],[115.596203,22.7672],[115.596207,22.767199],[115.597659,22.766771],[115.596979,22.765084],[115.588327,22.75908],[115.582129,22.760327],[115.582838,22.767243],[115.580284,22.778219]]]},"properties":{"cluster_id":105,"lat":22.72426235581132,"lon":115.63783106318478,"count":183,"type":"anchorage","distance_to_coast":5538.569840233728}},{"type":"Feature","geometry":{"type":"Polygon","coordinates":[[[113.878606,22.086532],[113.879153,22.089623],[113.869279,22.102944],[113.879834,22.104552],[113.887131,22.095681],[113.893448,22.099571],[113.90293,22.100449],[113.909709,22.099915],[113.91934,22.104354],[113.919783,22.103773],[113.912337,22.097097],[113.91317,22.09539],[113.913396,22.092278],[113.915374,22.088964],[113.9157,22.086667],[113.914499,22.068751],[113.908292,22.085421],[113.908537,22.08672],[113.906632,22.086505],[113.905531,22.085587],[113.897688,22.084027],[113.897035,22.088843],[113.906716,22.091911],[113.905614,22.095373],[113.901113,22.094599],[113.897871,22.095251],[113.893529,22.09476],[113.889863,22.086683],[113.884466,22.086089],[113.892699,22.083067],[113.890861,22.081094],[113.894935,22.073106],[113.889849,22.071153],[113.882496,22.070318],[113.875287,22.0687],[113.873114,22.066625],[113.883856,22.059352],[113.882299,22.057248],[113.867955,22.065792],[113.871343,22.072504],[113.871091,22.077234],[113.869698,22.077654],[113.870784,22.08732],[113.876215,22.087088],[113.8757,22.085952],[113.878606,22.086532]]]},"properties":{"cluster_id":106,"lat":22.086417237462356,"lon":113.89294401160124,"count":52,"type":"anchorage","distance_to_coast":16996.61892654323}},{"type":"Feature","geometry":{"type":"MultiPolygon","coordinates":[[[[108.574371,21.739263],[108.575763,21.739946],[108.578403,21.736249],[108.576595,21.73595],[108.57659,21.735949],[108.576586,21.735948],[108.576582,21.735946],[108.576578,21.735944],[108.576574,21.735941],[108.576571,21.735939],[108.576568,21.735936],[108.576061,21.735364],[108.574371,21.739263]]],[[[108.588287,21.727557],[108.587666,21.726236],[108.587664,21.726232],[108.587663,21.726228],[108.587662,21.726224],[108.587662,21.726219],[108.587712,21.723153],[108.587713,21.723148],[108.587714,21.723144],[108.587715,21.72314],[108.587717,21.723135],[108.587753,21.723066],[108.58577,21.723609],[108.585765,21.72361],[108.585761,21.723611],[108.585757,21.723611],[108.585616,21.723612],[108.586925,21.724753],[108.586928,21.724756],[108.58693,21.724759],[108.586932,21.724762],[108.586934,21.724765],[108.586936,21.724769],[108.587578,21.726292],[108.587579,21.726296],[108.58758,21.7263],[108.587581,21.726304],[108.587581,21.726309],[108.58758,21.726313],[108.587352,21.727694],[108.588287,21.727557]]],[[[108.628273,21.733318],[108.628171,21.730753],[108.628171,21.730748],[108.628172,21.730744],[108.628534,21.729102],[108.628535,21.729099],[108.628537,21.729095],[108.628538,21.729092],[108.62854,21.729088],[108.628543,21.729085],[108.628916,21.728635],[108.600327,21.724465],[108.601699,21.727882],[108.6017,21.727886],[108.601701,21.727889],[108.601702,21.727893],[108.601702,21.727897],[108.601702,21.727901],[108.601271,21.732254],[108.60127,21.732259],[108.601269,21.732263],[108.601268,21.732266],[108.601266,21.73227],[108.601264,21.732274],[108.601208,21.732352],[108.628273,21.733318]]],[[[108.64666,21.726135],[108.638687,21.702315],[108.63814,21.702734],[108.638137,21.702736],[108.638133,21.702738],[108.638129,21.70274],[108.638126,21.702741],[108.635587,21.703527],[108.635583,21.703528],[108.63558,21.703529],[108.635576,21.703529],[108.635572,21.703529],[108.633475,21.703465],[108.63347,21.703464],[108.633466,21.703463],[108.633461,21.703462],[108.633457,21.70346],[108.633455,21.70346],[108.631902,21.726514],[108.632353,21.726306],[108.632357,21.726304],[108.632361,21.726303],[108.632364,21.726302],[108.632368,21.726302],[108.632372,21.726302],[108.634587,21.726279],[108.634591,21.726279],[108.634595,21.72628],[108.6346,21.726281],[108.634604,21.726282],[108.634608,21.726284],[108.636565,21.727247],[108.636569,21.72725],[108.636573,21.727253],[108.636577,21.727256],[108.637822,21.72852],[108.637824,21.728523],[108.637827,21.728527],[108.637829,21.72853],[108.63783,21.728533],[108.638431,21.729967],[108.638432,21.729972],[108.638433,21.729976],[108.638434,21.72998],[108.638434,21.729984],[108.63833,21.732573],[108.64666,21.726135]]],[[[108.666164,21.643812],[108.664424,21.642829],[108.634008,21.682391],[108.63363,21.686702],[108.634593,21.686363],[108.634597,21.686362],[108.634601,21.686361],[108.634606,21.68636],[108.63461,21.68636],[108.636818,21.686442],[108.636823,21.686442],[108.636827,21.686443],[108.636831,21.686444],[108.636835,21.686446],[108.636839,21.686448],[108.638738,21.687498],[108.638741,21.6875],[108.638744,21.687502],[108.638747,21.687505],[108.63875,21.687508],[108.639984,21.688909],[108.639987,21.688912],[108.639989,21.688916],[108.639991,21.688919],[108.639993,21.688923],[108.640501,21.690482],[108.640502,21.690486],[108.640503,21.690491],[108.640503,21.690495],[108.640501,21.690601],[108.666164,21.643812]]],[[[108.599555,21.706317],[108.587211,21.703484],[108.583632,21.714036],[108.584728,21.713714],[108.584733,21.713713],[108.584738,21.713712],[108.584743,21.713712],[108.586213,21.713748],[108.586095,21.710597],[108.586095,21.710592],[108.586095,21.710588],[108.586097,21.710584],[108.586098,21.710579],[108.586976,21.708657],[108.586978,21.708654],[108.58698,21.70865],[108.586982,21.708647],[108.586985,21.708645],[108.586988,21.708642],[108.588351,21.707543],[108.588355,21.707541],[108.588358,21.707538],[108.588362,21.707536],[108.588367,21.707535],[108.590085,21.707023],[108.590089,21.707023],[108.590093,21.707022],[108.590097,21.707022],[108.593276,21.706887],[108.59328,21.706887],[108.593285,21.706888],[108.593289,21.706888],[108.593293,21.70689],[108.593297,21.706891],[108.595297,21.707763],[108.5953,21.707765],[108.595303,21.707767],[108.595307,21.707769],[108.59531,21.707772],[108.596663,21.709054],[108.596666,21.709057],[108.596668,21.70906],[108.596671,21.709064],[108.596673,21.709068],[108.59672,21.70918],[108.599555,21.706317]]],[[[108.580676,21.722751],[108.580964,21.722642],[108.580968,21.72264],[108.580972,21.722639],[108.580976,21.722639],[108.58098,21.722638],[108.580985,21.722639],[108.580989,21.722639],[108.582105,21.722823],[108.581008,21.721772],[108.580676,21.722751]]]]},"properties":{"cluster_id":107,"lat":21.717019098534887,"lon":108.61155413184548,"count":36,"type":"anchorage","distance_to_coast":3089.0306925133937}},{"type":"Feature","geometry":{"type":"Polygon","coordinates":[[[120.117458,37.721576],[120.118164,37.721916],[120.12998,37.710764],[120.145201,37.726678],[120.160831,37.722576],[120.159982,37.720395],[120.149688,37.722712],[120.146173,37.708841],[120.141616,37.703521],[120.148808,37.694306],[120.160888,37.696527],[120.18148,37.720041],[120.18352,37.719043],[120.166946,37.695164],[120.167595,37.69169],[120.164506,37.68633],[120.174495,37.678812],[120.18835,37.674993],[120.18048,37.670776],[120.200608,37.66393],[120.198613,37.652971],[120.211822,37.64693],[120.219078,37.60297],[120.2182,37.602774],[120.192524,37.648388],[120.177218,37.653475],[120.163447,37.662425],[120.161163,37.660904],[120.156599,37.653955],[120.163542,37.647675],[120.162914,37.647097],[120.149788,37.653739],[120.143431,37.658643],[120.138282,37.658825],[120.132042,37.671158],[120.137685,37.680032],[120.14524,37.667873],[120.162007,37.677486],[120.147569,37.69055],[120.140301,37.689848],[120.127941,37.701826],[120.117458,37.721576]]]},"properties":{"cluster_id":114,"lat":37.679879193255914,"lon":120.16002526327858,"count":39,"type":"anchorage","distance_to_coast":6222.099951626366}},{"type":"Feature","geometry":{"type":"MultiPolygon","coordinates":[[[[108.329702,21.619761],[108.332221,21.618986],[108.3317,21.617325],[108.330758,21.618228],[108.330755,21.618231],[108.330751,21.618233],[108.330748,21.618235],[108.330744,21.618237],[108.33074,21.618238],[108.330736,21.61824],[108.329225,21.618567],[108.329702,21.619761]]],[[[108.366542,21.618358],[108.366503,21.617677],[108.366503,21.617673],[108.366504,21.617669],[108.366504,21.617665],[108.366966,21.615763],[108.366967,21.615759],[108.366969,21.615755],[108.366971,21.615751],[108.366973,21.615748],[108.366976,21.615745],[108.368799,21.613843],[108.368802,21.61384],[108.368806,21.613837],[108.36881,21.613835],[108.368814,21.613833],[108.37051,21.613122],[108.370513,21.613121],[108.370517,21.61312],[108.370521,21.613119],[108.370525,21.613119],[108.370529,21.613118],[108.370533,21.613119],[108.376014,21.613729],[108.376019,21.61373],[108.376023,21.613731],[108.376027,21.613732],[108.37603,21.613734],[108.376034,21.613736],[108.376037,21.613738],[108.376041,21.613741],[108.377158,21.614767],[108.385617,21.604801],[108.385212,21.604762],[108.385207,21.604761],[108.385203,21.60476],[108.385199,21.604759],[108.385196,21.604757],[108.385192,21.604755],[108.385189,21.604753],[108.383436,21.603489],[108.383433,21.603486],[108.38343,21.603483],[108.383427,21.603479],[108.383424,21.603476],[108.383422,21.603472],[108.382527,21.601497],[108.381213,21.600296],[108.38121,21.600293],[108.381208,21.60029],[108.381205,21.600286],[108.37969,21.597725],[108.379688,21.597721],[108.379686,21.597717],[108.378753,21.594853],[108.378752,21.594849],[108.378751,21.594845],[108.378751,21.594841],[108.378751,21.594837],[108.378752,21.594833],[108.378753,21.594829],[108.378755,21.594825],[108.379885,21.592277],[108.379887,21.592273],[108.379889,21.59227],[108.379891,21.592267],[108.379894,21.592264],[108.379897,21.592261],[108.3799,21.592259],[108.379904,21.592257],[108.380511,21.591923],[108.363323,21.576201],[108.362224,21.578088],[108.362221,21.578092],[108.362218,21.578096],[108.362215,21.578099],[108.362211,21.578102],[108.362207,21.578104],[108.360715,21.578934],[108.360711,21.578936],[108.360707,21.578938],[108.360703,21.578939],[108.360699,21.57894],[108.35898,21.57918],[108.358975,21.579181],[108.358971,21.579181],[108.358966,21.57918],[108.355617,21.578677],[108.355612,21.578677],[108.355608,21.578675],[108.355604,21.578673],[108.3556,21.578671],[108.353821,21.577611],[108.353817,21.577609],[108.353814,21.577606],[108.353811,21.577603],[108.353808,21.5776],[108.353806,21.577597],[108.353804,21.577593],[108.35258,21.575117],[108.352578,21.575113],[108.352577,21.575108],[108.352576,21.575104],[108.352575,21.575099],[108.352554,21.569882],[108.352555,21.569878],[108.352555,21.569874],[108.352556,21.569871],[108.353008,21.568396],[108.351812,21.567351],[108.351809,21.567348],[108.351806,21.567345],[108.351804,21.567342],[108.351802,21.567338],[108.351049,21.565844],[108.351047,21.56584],[108.351046,21.565836],[108.351045,21.565832],[108.351044,21.565828],[108.350972,21.564179],[108.350972,21.564175],[108.350972,21.564171],[108.350973,21.564167],[108.350975,21.564163],[108.351595,21.562616],[108.351597,21.562612],[108.351599,21.562608],[108.351602,21.562605],[108.352915,21.561117],[108.352918,21.561114],[108.352921,21.561112],[108.352924,21.561109],[108.352928,21.561107],[108.354473,21.56029],[108.354477,21.560288],[108.354481,21.560287],[108.354485,21.560285],[108.354489,21.560285],[108.354493,21.560284],[108.356702,21.560143],[108.356706,21.560143],[108.35671,21.560143],[108.356714,21.560143],[108.356718,21.560144],[108.356721,21.560146],[108.358373,21.560758],[108.358377,21.56076],[108.35838,21.560762],[108.358384,21.560764],[108.358387,21.560766],[108.35839,21.560769],[108.360586,21.563045],[108.360589,21.563049],[108.360591,21.563052],[108.360593,21.563056],[108.360595,21.56306],[108.360596,21.563064],[108.360597,21.563068],[108.360597,21.563073],[108.360648,21.566108],[108.362554,21.567078],[108.362557,21.56708],[108.362561,21.567082],[108.362564,21.567085],[108.362566,21.567087],[108.362569,21.56709],[108.362571,21.567093],[108.363882,21.56918],[108.363884,21.569183],[108.363886,21.569187],[108.363887,21.569191],[108.363888,21.569194],[108.363888,21.569198],[108.363888,21.569202],[108.363685,21.574882],[108.368906,21.57354],[108.368606,21.572812],[108.368605,21.572808],[108.368604,21.572805],[108.368603,21.572801],[108.368603,21.572797],[108.368361,21.560117],[108.368263,21.560033],[108.368259,21.56003],[108.368257,21.560027],[108.368254,21.560023],[108.368252,21.560019],[108.367512,21.55853],[108.36751,21.558526],[108.367509,21.558522],[108.367508,21.558518],[108.367095,21.555242],[108.367094,21.555237],[108.367094,21.555233],[108.367095,21.555228],[108.367097,21.555224],[108.367801,21.553239],[108.367802,21.553235],[108.367804,21.553231],[108.367807,21.553228],[108.36781,21.553224],[108.367813,21.553221],[108.369463,21.551802],[108.369466,21.551799],[108.36947,21.551797],[108.369475,21.551794],[108.369479,21.551793],[108.370751,21.551401],[108.363684,21.541186],[108.379695,21.496512],[108.388619,21.497383],[108.411276,21.501854],[108.427034,21.508497],[108.469505,21.51796],[108.492597,21.547164],[108.493798,21.546526],[108.485517,21.528486],[108.469386,21.507821],[108.444141,21.48828],[108.440751,21.483218],[108.481767,21.467796],[108.48165,21.467302],[108.438429,21.46926],[108.4376,21.455845],[108.419467,21.443656],[108.418221,21.417196],[108.40625,21.40731],[108.40395,21.391311],[108.433749,21.395981],[108.477903,21.377799],[108.452504,21.378687],[108.394554,21.374709],[108.390946,21.371181],[108.368603,21.367541],[108.363619,21.384513],[108.361406,21.40453],[108.362277,21.410227],[108.366892,21.415693],[108.378126,21.426182],[108.38751,21.425697],[108.390031,21.458231],[108.384291,21.456358],[108.36879,21.458109],[108.363375,21.464968],[108.363935,21.469796],[108.367379,21.484567],[108.359949,21.542188],[108.353191,21.558887],[108.33915,21.563717],[108.339618,21.564222],[108.339621,21.564225],[108.339623,21.564229],[108.339625,21.564232],[108.340388,21.565842],[108.340389,21.565846],[108.34039,21.565849],[108.340391,21.565853],[108.340391,21.565857],[108.340505,21.5675],[108.340506,21.567504],[108.340505,21.567507],[108.340505,21.567511],[108.340504,21.567515],[108.340502,21.567518],[108.3405,21.567522],[108.339086,21.570042],[108.339084,21.570045],[108.339081,21.570048],[108.339079,21.570051],[108.339075,21.570054],[108.339072,21.570057],[108.337428,21.571126],[108.337424,21.571128],[108.337421,21.571129],[108.337417,21.571131],[108.337413,21.571132],[108.335689,21.571533],[108.335685,21.571534],[108.335681,21.571534],[108.335677,21.571534],[108.335673,21.571534],[108.335669,21.571533],[108.333502,21.571119],[108.333498,21.571118],[108.333494,21.571117],[108.333491,21.571115],[108.333487,21.571113],[108.333484,21.571111],[108.333178,21.570895],[108.331055,21.58464],[108.330481,21.587119],[108.330794,21.587089],[108.330799,21.587089],[108.330804,21.587089],[108.330809,21.58709],[108.330813,21.587091],[108.330818,21.587093],[108.333226,21.588136],[108.33323,21.588138],[108.333234,21.58814],[108.333237,21.588143],[108.333241,21.588146],[108.334488,21.589416],[108.334491,21.589419],[108.334494,21.589423],[108.334496,21.589427],[108.334498,21.589431],[108.335154,21.591259],[108.335156,21.591263],[108.335156,21.591268],[108.335157,21.591272],[108.335133,21.5965],[108.335132,21.596504],[108.335132,21.596508],[108.33513,21.596512],[108.33458,21.598118],[108.334579,21.598122],[108.334577,21.598126],[108.334574,21.598129],[108.334572,21.598133],[108.333384,21.599405],[108.333381,21.599409],[108.333377,21.599411],[108.333373,21.599414],[108.333369,21.599416],[108.331737,21.600148],[108.331733,21.60015],[108.331729,21.600151],[108.331724,21.600152],[108.328792,21.600552],[108.328786,21.600553],[108.328781,21.600553],[108.328776,21.600552],[108.327432,21.600303],[108.32685,21.602817],[108.327211,21.602761],[108.327216,21.60276],[108.32722,21.60276],[108.327224,21.602761],[108.327229,21.602761],[108.328911,21.603112],[108.328915,21.603113],[108.328919,21.603115],[108.328923,21.603116],[108.328927,21.603119],[108.330936,21.604419],[108.33094,21.604422],[108.330944,21.604425],[108.330947,21.604429],[108.33095,21.604432],[108.332038,21.60619],[108.33204,21.606194],[108.332042,21.606199],[108.332043,21.606203],[108.332044,21.606208],[108.332185,21.607831],[108.332185,21.607835],[108.332185,21.607839],[108.332185,21.607842],[108.332184,21.607846],[108.331464,21.610125],[108.332842,21.611305],[108.332845,21.611308],[108.332847,21.611311],[108.33285,21.611314],[108.332852,21.611318],[108.333446,21.612432],[108.366542,21.618358]]],[[[108.377561,21.630221],[108.379642,21.62921],[108.378525,21.62709],[108.377483,21.628021],[108.37748,21.628024],[108.377476,21.628026],[108.377472,21.628028],[108.377468,21.62803],[108.377464,21.628031],[108.377459,21.628032],[108.377455,21.628032],[108.376213,21.628109],[108.377561,21.630221]]]]},"properties":{"cluster_id":116,"lat":21.489797243077692,"lon":108.38369316477494,"count":263,"type":"anchorage","distance_to_coast":8624.18036119509}},{"type":"Feature","geometry":{"type":"Polygon","coordinates":[[[120.28097,34.307567],[120.32485,34.32732],[120.332171,34.345094],[120.335662,34.348173],[120.347222,34.324328],[120.388984,34.297577],[120.391004,34.30553],[120.460085,34.317002],[120.410964,34.288128],[120.380307,34.280662],[120.305654,34.279289],[120.275682,34.304487],[120.277532,34.305653],[120.277535,34.305656],[120.277538,34.305658],[120.27754,34.305661],[120.277543,34.305663],[120.277545,34.305666],[120.278344,34.306973],[120.278346,34.306976],[120.278347,34.30698],[120.278348,34.306983],[120.278349,34.306987],[120.278474,34.308447],[120.278474,34.308451],[120.278474,34.308454],[120.278473,34.308458],[120.278472,34.308461],[120.27847,34.308465],[120.278038,34.309258],[120.28097,34.307567]]]},"properties":{"cluster_id":119,"lat":34.3105269896729,"lon":120.32204876358666,"count":19,"type":"anchorage","distance_to_coast":6933.034417926163}},{"type":"Feature","geometry":{"type":"MultiPolygon","coordinates":[[[[113.069628,22.343763],[113.076567,22.307995],[113.076021,22.308085],[113.076016,22.308086],[113.076011,22.308086],[113.076006,22.308085],[113.076002,22.308085],[113.075997,22.308083],[113.072806,22.306993],[113.072802,22.306991],[113.072797,22.306989],[113.072793,22.306986],[113.07279,22.306983],[113.072787,22.30698],[113.072656,22.30683],[113.065646,22.345079],[113.073557,22.371273],[113.075594,22.370288],[113.075598,22.370286],[113.075602,22.370285],[113.075606,22.370284],[113.07561,22.370283],[113.075614,22.370283],[113.077229,22.370248],[113.069628,22.343763]]],[[[113.085389,22.250019],[113.086321,22.235466],[113.085636,22.235836],[113.085633,22.235838],[113.085629,22.235839],[113.085625,22.235841],[113.08562,22.235841],[113.085616,22.235842],[113.085612,22.235842],[113.08383,22.235765],[113.083826,22.235764],[113.083822,22.235764],[113.083818,22.235763],[113.083814,22.235761],[113.083811,22.23576],[113.081857,22.234781],[113.081854,22.234779],[113.08185,22.234776],[113.081847,22.234774],[113.081844,22.234771],[113.081842,22.234767],[113.081839,22.234764],[113.080159,22.231932],[113.071434,22.271514],[113.07058,22.291945],[113.070628,22.292143],[113.071941,22.291928],[113.071945,22.291927],[113.071949,22.291927],[113.071953,22.291927],[113.071957,22.291928],[113.071961,22.291929],[113.075076,22.292759],[113.077771,22.292866],[113.077775,22.292866],[113.077779,22.292867],[113.077783,22.292868],[113.077787,22.292869],[113.077791,22.292871],[113.077794,22.292873],[113.078235,22.29316],[113.085389,22.250019]]],[[[113.09318,22.211132],[113.092848,22.210288],[113.092847,22.210285],[113.092846,22.210281],[113.092846,22.210277],[113.092845,22.210273],[113.09291,22.208677],[113.09291,22.208672],[113.092911,22.208668],[113.092913,22.208663],[113.092915,22.208659],[113.093892,22.206887],[113.093894,22.206883],[113.093897,22.20688],[113.0939,22.206877],[113.093903,22.206874],[113.094709,22.206263],[113.106558,22.168519],[113.10246,22.149025],[113.098976,22.149777],[113.098972,22.149778],[113.098967,22.149778],[113.098962,22.149778],[113.098958,22.149777],[113.098953,22.149776],[113.098949,22.149775],[113.097804,22.149338],[113.095618,22.173154],[113.09574,22.173105],[113.095743,22.173104],[113.095747,22.173103],[113.095751,22.173102],[113.095755,22.173102],[113.097472,22.173021],[113.097477,22.173021],[113.097482,22.173021],[113.097487,22.173022],[113.097491,22.173024],[113.099478,22.173764],[113.099482,22.173765],[113.099485,22.173767],[113.099489,22.17377],[113.099492,22.173772],[113.099495,22.173775],[113.100886,22.175283],[113.100889,22.175287],[113.100892,22.17529],[113.100894,22.175295],[113.101699,22.17716],[113.1017,22.177164],[113.101701,22.177168],[113.101702,22.177172],[113.101702,22.177177],[113.101675,22.17877],[113.101675,22.178774],[113.101674,22.178778],[113.101673,22.178782],[113.101672,22.178786],[113.101,22.180253],[113.100998,22.180256],[113.100995,22.18026],[113.100993,22.180263],[113.10099,22.180266],[113.099771,22.181391],[113.099768,22.181394],[113.099765,22.181396],[113.099762,22.181398],[113.099758,22.1814],[113.099754,22.181401],[113.09975,22.181402],[113.095999,22.182265],[113.095994,22.182266],[113.095989,22.182267],[113.095985,22.182266],[113.09598,22.182266],[113.095976,22.182265],[113.094331,22.181839],[113.094326,22.181838],[113.094322,22.181836],[113.094318,22.181834],[113.094314,22.181831],[113.093446,22.18115],[113.087629,22.200045],[113.088722,22.200008],[113.088726,22.200008],[113.08873,22.200008],[113.088734,22.200009],[113.088739,22.20001],[113.088743,22.200012],[113.09068,22.200869],[113.090683,22.200871],[113.090687,22.200873],[113.09069,22.200875],[113.090693,22.200877],[113.092018,22.202116],[113.092021,22.202119],[113.092024,22.202122],[113.092026,22.202126],[113.092028,22.202129],[113.092698,22.203629],[113.0927,22.203632],[113.092701,22.203636],[113.092702,22.20364],[113.092702,22.203644],[113.092768,22.206981],[113.092768,22.206986],[113.092767,22.20699],[113.092766,22.206994],[113.09229,22.2085],[113.092289,22.208504],[113.092287,22.208508],[113.092284,22.208512],[113.092281,22.208515],[113.090902,22.209995],[113.0909,22.209998],[113.090897,22.21],[113.090893,22.210003],[113.09089,22.210004],[113.090886,22.210006],[113.088749,22.210877],[113.088745,22.210878],[113.088741,22.21088],[113.088737,22.21088],[113.086993,22.211108],[113.086989,22.211108],[113.086985,22.211108],[113.08698,22.211107],[113.086976,22.211107],[113.085272,22.210696],[113.085268,22.210695],[113.085264,22.210693],[113.085261,22.210692],[113.085257,22.21069],[113.085254,22.210687],[113.084901,22.210413],[113.080831,22.22888],[113.081271,22.228249],[113.081274,22.228246],[113.081277,22.228243],[113.08128,22.22824],[113.081283,22.228238],[113.083237,22.226934],[113.083241,22.226931],[113.083245,22.226929],[113.08325,22.226928],[113.083254,22.226927],[113.085,22.2266],[113.085004,22.2266],[113.085009,22.2266],[113.085013,22.2266],[113.085018,22.2266],[113.086763,22.226927],[113.086767,22.226928],[113.08677,22.22693],[113.086774,22.226931],[113.086778,22.226933],[113.086781,22.226935],[113.087958,22.227761],[113.09318,22.211132]]],[[[113.100407,22.139255],[113.100045,22.140169],[113.100601,22.140177],[113.100407,22.139255]]]]},"properties":{"cluster_id":125,"lat":22.29346627913435,"lon":113.0806617240378,"count":36,"type":"anchorage","distance_to_coast":9522.574479726603}},{"type":"Feature","geometry":{"type":"Polygon","coordinates":[[[113.263133,21.848384],[113.263645,21.848045],[113.263649,21.848043],[113.263653,21.848041],[113.263657,21.848039],[113.263662,21.848038],[113.265344,21.847709],[113.265349,21.847708],[113.265353,21.847708],[113.265358,21.847708],[113.265363,21.847709],[113.267451,21.848153],[113.267455,21.848154],[113.267459,21.848156],[113.267463,21.848158],[113.267466,21.84816],[113.26747,21.848162],[113.269098,21.849453],[113.269102,21.849456],[113.269105,21.84946],[113.269108,21.849464],[113.269257,21.849698],[113.269977,21.848638],[113.272054,21.852584],[113.281272,21.849011],[113.286654,21.853477],[113.292882,21.850898],[113.306732,21.847904],[113.29201,21.838472],[113.293834,21.832627],[113.300032,21.838692],[113.307414,21.834746],[113.308215,21.835374],[113.344104,21.837797],[113.314294,21.824473],[113.308574,21.826021],[113.303397,21.813441],[113.323202,21.800135],[113.321533,21.797905],[113.294782,21.81447],[113.291289,21.823977],[113.284237,21.81623],[113.282145,21.826949],[113.274703,21.824135],[113.269688,21.823951],[113.266792,21.815688],[113.265912,21.815827],[113.266195,21.827352],[113.24749,21.832566],[113.247539,21.832952],[113.270232,21.834199],[113.281541,21.835773],[113.28057,21.842171],[113.274549,21.843243],[113.268107,21.842427],[113.262879,21.847052],[113.263133,21.848384]]]},"properties":{"cluster_id":130,"lat":21.83421838322023,"lon":113.28760991963809,"count":33,"type":"anchorage","distance_to_coast":6422.79996724696}},{"type":"Feature","geometry":{"type":"Polygon","coordinates":[[[122.628234,30.810086],[122.634601,30.788069],[122.635775,30.785463],[122.627165,30.778983],[122.627084,30.777246],[122.625196,30.775668],[122.62025,30.775552],[122.628512,30.764863],[122.630293,30.754979],[122.631405,30.752594],[122.621877,30.749361],[122.597215,30.754359],[122.597512,30.756024],[122.619148,30.754662],[122.609935,30.772415],[122.611323,30.776695],[122.600741,30.781401],[122.62055,30.781696],[122.620103,30.785741],[122.623984,30.789259],[122.625863,30.807473],[122.628234,30.810086]]]},"properties":{"cluster_id":134,"lat":30.774738363288165,"lon":122.6224554620714,"count":23,"type":"anchorage","distance_to_coast":12505.382502983184}},{"type":"Feature","geometry":{"type":"Polygon","coordinates":[[[121.974536,30.495736],[121.991894,30.501108],[122.041525,30.488102],[122.050758,30.465753],[122.057953,30.468961],[122.070761,30.483203],[122.1087,30.497185],[122.113161,30.508027],[122.116954,30.508454],[122.126,30.50412],[122.127369,30.497462],[122.151441,30.509108],[122.167595,30.50914],[122.205616,30.520969],[122.206765,30.524613],[122.220473,30.518339],[122.232814,30.506868],[122.230972,30.494975],[122.247253,30.485812],[122.249306,30.479878],[122.225389,30.48039],[122.239536,30.447565],[122.253626,30.445167],[122.248435,30.43687],[122.245037,30.434679],[122.236368,30.445154],[122.208309,30.463848],[122.204937,30.484647],[122.201297,30.500483],[122.164206,30.501449],[122.127278,30.487202],[122.11098,30.490742],[122.077245,30.472943],[122.073416,30.467654],[122.081224,30.455075],[122.117308,30.438986],[122.138205,30.444186],[122.147528,30.421822],[122.129859,30.427862],[122.118812,30.434743],[122.10912,30.408603],[122.099336,30.434482],[122.07922,30.45235],[122.076992,30.451997],[122.06002,30.442845],[122.045717,30.421306],[122.040173,30.416149],[122.032905,30.421742],[122.033798,30.425479],[122.051486,30.443646],[122.042587,30.4499],[122.039086,30.454966],[121.993925,30.474537],[121.991958,30.468104],[121.987853,30.449132],[121.98893,30.447367],[121.978656,30.44585],[121.969365,30.403097],[121.966381,30.403545],[121.974802,30.448605],[121.983859,30.450262],[121.979201,30.472361],[121.963966,30.476886],[121.985709,30.486024],[121.974536,30.495736]]]},"properties":{"cluster_id":135,"lat":30.471658852417107,"lon":122.1082344431444,"count":110,"type":"anchorage","distance_to_coast":18321.2122340135}},{"type":"Feature","geometry":{"type":"Polygon","coordinates":[[[113.886605,22.01182],[113.900854,22.011898],[113.915863,22.015445],[113.937274,22.008088],[113.916491,21.996798],[113.904728,22.001718],[113.891794,21.982542],[113.890265,21.999679],[113.886605,22.01182]]]},"properties":{"cluster_id":144,"lat":22.00395089198775,"lon":113.905555901361,"count":8,"type":"anchorage","distance_to_coast":14593.43521039272}},{"type":"Feature","geometry":{"type":"Polygon","coordinates":[[[116.519201,22.991797],[116.550021,23.002541],[116.541578,22.993801],[116.541089,22.994567],[116.541087,22.99457],[116.541084,22.994573],[116.541081,22.994576],[116.541077,22.994579],[116.539669,22.995553],[116.539666,22.995556],[116.539662,22.995557],[116.539658,22.995559],[116.539654,22.99556],[116.53965,22.995561],[116.539646,22.995562],[116.535459,22.995909],[116.535455,22.995909],[116.53545,22.995909],[116.535445,22.995908],[116.535441,22.995907],[116.535436,22.995905],[116.533867,22.99524],[116.533863,22.995238],[116.533859,22.995236],[116.533855,22.995233],[116.533852,22.99523],[116.532459,22.99372],[116.532456,22.993716],[116.532454,22.993713],[116.532452,22.993709],[116.53245,22.993705],[116.532449,22.993701],[116.531928,22.991405],[116.531928,22.9914],[116.531927,22.991396],[116.531928,22.991391],[116.532137,22.989797],[116.532138,22.989793],[116.532139,22.989789],[116.532141,22.989785],[116.532143,22.989782],[116.532996,22.988382],[116.532998,22.988378],[116.533001,22.988375],[116.533004,22.988372],[116.533007,22.988369],[116.534376,22.987374],[116.53438,22.987371],[116.534384,22.987369],[116.534388,22.987367],[116.534393,22.987366],[116.535187,22.987184],[116.534514,22.986487],[116.55074,22.974012],[116.55532,22.973632],[116.590728,22.963877],[116.619205,22.973711],[116.622723,22.977398],[116.631236,22.999613],[116.63505,22.978024],[116.63729,22.973656],[116.626478,22.964853],[116.627244,22.96373],[116.626048,22.962438],[116.556177,22.912227],[116.54158,22.942346],[116.542078,22.942171],[116.542082,22.94217],[116.542086,22.942169],[116.542091,22.942169],[116.542095,22.942169],[116.543867,22.942225],[116.543871,22.942225],[116.543876,22.942226],[116.54388,22.942227],[116.543884,22.942229],[116.545494,22.942912],[116.545498,22.942914],[116.545501,22.942916],[116.545504,22.942918],[116.545507,22.94292],[116.54551,22.942923],[116.546919,22.944488],[116.546922,22.944492],[116.546924,22.944496],[116.546926,22.9445],[116.547725,22.946454],[116.547726,22.946458],[116.547727,22.946462],[116.547728,22.946466],[116.547728,22.94647],[116.547653,22.948069],[116.547653,22.948073],[116.547652,22.948077],[116.547651,22.94808],[116.547649,22.948084],[116.546922,22.949537],[116.54692,22.94954],[116.546918,22.949544],[116.546915,22.949547],[116.546912,22.94955],[116.54564,22.95064],[116.545637,22.950643],[116.545633,22.950645],[116.545629,22.950647],[116.545624,22.950649],[116.54562,22.95065],[116.541792,22.951462],[116.541787,22.951463],[116.541783,22.951464],[116.541778,22.951463],[116.541774,22.951463],[116.54177,22.951462],[116.541765,22.951461],[116.539752,22.950748],[116.539748,22.950746],[116.539744,22.950743],[116.53974,22.950741],[116.539736,22.950738],[116.538534,22.94959],[116.538531,22.949586],[116.538528,22.949583],[116.538526,22.949579],[116.538524,22.949575],[116.538523,22.949571],[116.538365,22.948978],[116.537914,22.949907],[116.518161,22.950126],[116.518045,22.952126],[116.531815,22.95365],[116.534651,22.960104],[116.53277,22.961995],[116.531925,22.965268],[116.532878,22.965521],[116.535376,22.96552],[116.53538,22.96552],[116.535385,22.965521],[116.53539,22.965522],[116.535394,22.965523],[116.535398,22.965525],[116.53726,22.966519],[116.537264,22.966521],[116.537267,22.966523],[116.53727,22.966526],[116.537273,22.966529],[116.537275,22.966532],[116.537277,22.966535],[116.539024,22.969564],[116.539026,22.969568],[116.539028,22.969572],[116.539029,22.969576],[116.539029,22.969579],[116.53903,22.969583],[116.539029,22.969587],[116.539029,22.969591],[116.538558,22.971968],[116.538557,22.971972],[116.538556,22.971976],[116.538554,22.971979],[116.538552,22.971983],[116.53855,22.971986],[116.538547,22.971989],[116.537026,22.973531],[116.538194,22.975313],[116.538196,22.975317],[116.538198,22.97532],[116.538199,22.975324],[116.5382,22.975328],[116.538201,22.975333],[116.538294,22.977283],[116.538294,22.977287],[116.538294,22.977291],[116.538293,22.977295],[116.538291,22.977299],[116.537329,22.979711],[116.537327,22.979715],[116.537324,22.979719],[116.537322,22.979723],[116.537318,22.979726],[116.537315,22.979729],[116.535282,22.981261],[116.535136,22.98375],[116.535136,22.983754],[116.535135,22.983757],[116.535134,22.983761],[116.535132,22.983765],[116.53513,22.983768],[116.534073,22.985463],[116.53407,22.985466],[116.534068,22.985469],[116.534065,22.985472],[116.534062,22.985474],[116.534058,22.985477],[116.529127,22.988431],[116.529123,22.988433],[116.529119,22.988435],[116.529115,22.988436],[116.52911,22.988437],[116.529106,22.988438],[116.526457,22.988648],[116.526452,22.988648],[116.526448,22.988648],[116.526444,22.988648],[116.52644,22.988647],[116.524347,22.98809],[116.524343,22.988089],[116.524338,22.988087],[116.524334,22.988084],[116.52433,22.988082],[116.524327,22.988078],[116.523147,22.986914],[116.519201,22.991797]]]},"properties":{"cluster_id":145,"lat":22.96826635380215,"lon":116.57527224155083,"count":23,"type":"anchorage","distance_to_coast":5493.630051239449}},{"type":"Feature","geometry":{"type":"Polygon","coordinates":[[[118.126813,38.312768],[118.129845,38.312008],[118.127045,38.305053],[118.124161,38.300026],[118.118716,38.297638],[118.111837,38.293129],[118.109873,38.294924],[118.116816,38.299732],[118.12149,38.301806],[118.122673,38.304521],[118.124086,38.30614],[118.126813,38.312768]]]},"properties":{"cluster_id":148,"lat":38.30264372813487,"lon":118.1230765820877,"count":18,"type":"anchorage","distance_to_coast":19616.640594889057}},{"type":"Feature","geometry":{"type":"MultiPolygon","coordinates":[[[[122.216073,29.765093],[122.224701,29.760595],[122.213946,29.749713],[122.202089,29.721892],[122.198338,29.717575],[122.197183,29.718447],[122.19718,29.71845],[122.197176,29.718452],[122.197173,29.718453],[122.197169,29.718455],[122.19554,29.71894],[122.195535,29.718941],[122.195531,29.718942],[122.195526,29.718942],[122.194494,29.718959],[122.197545,29.723995],[122.211101,29.751509],[122.217915,29.759878],[122.216073,29.765093]]],[[[122.191344,29.709525],[122.191503,29.710502],[122.192051,29.710339],[122.191344,29.709525]]]]},"properties":{"cluster_id":151,"lat":29.743895921892825,"lon":122.21062108935293,"count":14,"type":"anchorage","distance_to_coast":6692.967397905925}},{"type":"Feature","geometry":{"type":"MultiPolygon","coordinates":[[[[117.580446,23.789748],[117.582517,23.78972],[117.583539,23.773521],[117.58295,23.774087],[117.582947,23.77409],[117.582943,23.774093],[117.582939,23.774095],[117.582935,23.774097],[117.581336,23.774712],[117.581332,23.774713],[117.581327,23.774714],[117.581322,23.774715],[117.581317,23.774715],[117.579159,23.774638],[117.579155,23.774637],[117.57915,23.774636],[117.579146,23.774635],[117.579141,23.774634],[117.579001,23.774572],[117.580446,23.789748]]],[[[117.596381,23.687412],[117.592994,23.684323],[117.554751,23.705646],[117.552301,23.706312],[117.543901,23.705711],[117.541191,23.706915],[117.540542,23.70881],[117.54204,23.711943],[117.5423,23.711495],[117.542302,23.711492],[117.542305,23.711488],[117.542309,23.711485],[117.542312,23.711482],[117.543693,23.710528],[117.543697,23.710526],[117.543701,23.710524],[117.543705,23.710522],[117.543709,23.710521],[117.545381,23.710116],[117.545385,23.710115],[117.545388,23.710115],[117.545392,23.710115],[117.548218,23.710109],[117.548222,23.710109],[117.548226,23.71011],[117.54823,23.710111],[117.548234,23.710112],[117.548238,23.710113],[117.55012,23.71095],[117.550124,23.710952],[117.550128,23.710955],[117.550132,23.710958],[117.55143,23.712146],[117.551433,23.71215],[117.551436,23.712153],[117.551438,23.712157],[117.55144,23.712161],[117.552188,23.713961],[117.55219,23.713965],[117.552191,23.713968],[117.552191,23.713972],[117.552191,23.713976],[117.552191,23.71398],[117.551929,23.716433],[117.551928,23.716437],[117.551927,23.716441],[117.551926,23.716445],[117.551924,23.716448],[117.550906,23.718177],[117.550904,23.718181],[117.550901,23.718185],[117.550897,23.718188],[117.550894,23.718191],[117.549681,23.719022],[117.551192,23.719888],[117.554232,23.718401],[117.554542,23.743412],[117.575298,23.766277],[117.57573,23.763622],[117.575731,23.763619],[117.575732,23.763615],[117.575734,23.763611],[117.575736,23.763608],[117.575738,23.763605],[117.575741,23.763601],[117.577397,23.761867],[117.5774,23.761864],[117.577404,23.761861],[117.577407,23.761859],[117.577411,23.761857],[117.577415,23.761855],[117.580072,23.760947],[117.580076,23.760945],[117.580081,23.760944],[117.580086,23.760944],[117.58009,23.760944],[117.580095,23.760945],[117.5801,23.760945],[117.582946,23.761667],[117.596381,23.687412]]]]},"properties":{"cluster_id":153,"lat":23.72932262871118,"lon":117.56258937040909,"count":29,"type":"anchorage","distance_to_coast":3371.2238355777317}},{"type":"Feature","geometry":{"type":"Polygon","coordinates":[[[116.937991,23.341716],[116.958031,23.362208],[116.986232,23.36284],[116.997128,23.375308],[117.001029,23.388543],[117.002516,23.38781],[117.00252,23.387809],[117.002524,23.387807],[117.002529,23.387806],[117.002533,23.387806],[117.004718,23.387644],[117.004722,23.387644],[117.004727,23.387644],[117.004731,23.387645],[117.004735,23.387646],[117.004739,23.387648],[117.006747,23.388454],[117.006751,23.388456],[117.006755,23.388458],[117.006758,23.38846],[117.006761,23.388463],[117.006764,23.388466],[117.008117,23.390048],[117.00812,23.390051],[117.008122,23.390055],[117.008123,23.390058],[117.008125,23.390061],[117.008126,23.390065],[117.008901,23.393286],[117.008902,23.39329],[117.008902,23.393294],[117.008902,23.393297],[117.008902,23.393301],[117.008901,23.393305],[117.008899,23.393309],[117.00832,23.394783],[117.008318,23.394787],[117.008316,23.394791],[117.008314,23.394794],[117.008311,23.394797],[117.007277,23.39586],[117.013484,23.398658],[117.013356,23.395948],[117.013356,23.395944],[117.013356,23.39594],[117.013357,23.395937],[117.013359,23.395933],[117.01336,23.395929],[117.01429,23.394098],[117.014292,23.394094],[117.014295,23.394091],[117.014298,23.394088],[117.014301,23.394085],[117.014304,23.394082],[117.016071,23.392876],[117.016075,23.392874],[117.016079,23.392872],[117.016083,23.39287],[117.016088,23.392869],[117.018584,23.392358],[117.018589,23.392357],[117.018593,23.392357],[117.018598,23.392357],[117.020337,23.392517],[117.020341,23.392518],[117.020345,23.392519],[117.020349,23.39252],[117.020353,23.392522],[117.021894,23.393279],[117.021898,23.393281],[117.021901,23.393283],[117.021905,23.393286],[117.022412,23.39376],[117.021878,23.392079],[117.001356,23.370304],[117.003595,23.36237],[116.987274,23.354923],[116.937991,23.341716]]]},"properties":{"cluster_id":155,"lat":23.377341299257964,"lon":116.9978601997905,"count":13,"type":"anchorage","distance_to_coast":5096.510565388095}},{"type":"Feature","geometry":{"type":"Polygon","coordinates":[[[121.477473,37.655648],[121.489221,37.657547],[121.495283,37.655647],[121.51526,37.656545],[121.51347,37.668744],[121.523391,37.663469],[121.528266,37.658852],[121.529622,37.650386],[121.509164,37.648017],[121.488714,37.649035],[121.477473,37.655648]]]},"properties":{"cluster_id":156,"lat":37.655890311364566,"lon":121.50732084355668,"count":10,"type":"anchorage","distance_to_coast":11971.89711397586}},{"type":"Feature","geometry":{"type":"Polygon","coordinates":[[[110.866348,19.492768],[110.873851,19.495533],[110.87733,19.49548],[110.898506,19.521181],[110.900088,19.520211],[110.883972,19.491917],[110.881567,19.478119],[110.878279,19.487978],[110.872504,19.490622],[110.866348,19.492768]]]},"properties":{"cluster_id":159,"lat":19.493812664185445,"lon":110.8788452327729,"count":9,"type":"anchorage","distance_to_coast":5281.238468004143}},{"type":"Feature","geometry":{"type":"Polygon","coordinates":[[[121.665938,28.414573],[121.68423,28.430231],[121.696523,28.419082],[121.668633,28.411813],[121.669822,28.398076],[121.669461,28.397088],[121.675321,28.392487],[121.675101,28.38941],[121.670855,28.384173],[121.667348,28.376623],[121.667342,28.375066],[121.666984,28.374951],[121.666979,28.374949],[121.666975,28.374947],[121.666971,28.374945],[121.666968,28.374942],[121.665754,28.373886],[121.665751,28.373883],[121.665748,28.37388],[121.665745,28.373876],[121.665743,28.373873],[121.665396,28.373101],[121.663284,28.373621],[121.663334,28.375532],[121.65354,28.374018],[121.621009,28.35712],[121.64357,28.382869],[121.653204,28.386305],[121.653556,28.384695],[121.653557,28.384691],[121.653559,28.384688],[121.65356,28.384684],[121.653563,28.384681],[121.6545,28.383413],[121.654502,28.38341],[121.654505,28.383407],[121.654508,28.383405],[121.654512,28.383402],[121.655922,28.382537],[121.655925,28.382535],[121.655929,28.382534],[121.655933,28.382532],[121.655937,28.382531],[121.657613,28.382196],[121.657618,28.382195],[121.657624,28.382195],[121.660232,28.382206],[121.660237,28.382206],[121.660242,28.382207],[121.660246,28.382208],[121.660251,28.382209],[121.662323,28.383047],[121.662326,28.383048],[121.66233,28.38305],[121.662333,28.383052],[121.662336,28.383055],[121.663646,28.384212],[121.663649,28.384215],[121.663652,28.384219],[121.663655,28.384222],[121.663657,28.384226],[121.664399,28.385991],[121.664401,28.385994],[121.664402,28.385998],[121.664402,28.386002],[121.664402,28.386006],[121.664402,28.38601],[121.664207,28.38721],[121.667344,28.386617],[121.670567,28.390413],[121.665574,28.394982],[121.664947,28.412476],[121.665346,28.413414],[121.665938,28.414573]]]},"properties":{"cluster_id":164,"lat":28.39051137781503,"lon":121.66735482760748,"count":36,"type":"anchorage","distance_to_coast":4149.748983115886}},{"type":"Feature","geometry":{"type":"Polygon","coordinates":[[[119.156257,37.23704],[119.171301,37.248926],[119.186121,37.259464],[119.183729,37.254218],[119.180471,37.251876],[119.190834,37.250431],[119.195203,37.240711],[119.192943,37.240041],[119.19129,37.243091],[119.189302,37.23909],[119.186933,37.236962],[119.184299,37.237908],[119.175513,37.248298],[119.160994,37.236069],[119.16836,37.230061],[119.166977,37.228814],[119.15995,37.23309],[119.156719,37.235893],[119.156257,37.23704]]]},"properties":{"cluster_id":165,"lat":37.246393742144285,"lon":119.17455188417074,"count":51,"type":"anchorage","distance_to_coast":9145.04077210633}},{"type":"Feature","geometry":{"type":"Polygon","coordinates":[[[109.156829,19.870915],[109.160796,19.871595],[109.16795,19.870046],[109.178485,19.87818],[109.179413,19.877346],[109.169262,19.864189],[109.180996,19.857399],[109.180338,19.856103],[109.164517,19.861276],[109.160421,19.866035],[109.155968,19.862031],[109.157082,19.868157],[109.156829,19.870915]]]},"properties":{"cluster_id":166,"lat":19.866905462826516,"lon":109.16542459915696,"count":13,"type":"anchorage","distance_to_coast":5424.55647596894}},{"type":"Feature","geometry":{"type":"Polygon","coordinates":[[[114.763601,22.529806],[114.84403,22.574519],[114.84494,22.573412],[114.800729,22.534825],[114.774972,22.525564],[114.78269,22.521079],[114.780659,22.511993],[114.790132,22.500016],[114.793811,22.497133],[114.826727,22.426067],[114.808898,22.416493],[114.791331,22.450635],[114.783856,22.493415],[114.775501,22.492778],[114.766282,22.499894],[114.761586,22.512757],[114.762578,22.517485],[114.763601,22.529806]]]},"properties":{"cluster_id":168,"lat":22.502832756829186,"lon":114.78454252634288,"count":20,"type":"anchorage","distance_to_coast":11005.087495240432}},{"type":"Feature","geometry":{"type":"Polygon","coordinates":[[[120.081424,26.562049],[120.088694,26.565968],[120.0943,26.551973],[120.12101,26.527253],[120.106692,26.525627],[120.098701,26.517361],[120.085883,26.526357],[120.097927,26.532786],[120.088806,26.539149],[120.081424,26.562049]]]},"properties":{"cluster_id":171,"lat":26.538513951621137,"lon":120.09720316112283,"count":11,"type":"anchorage","distance_to_coast":9997.629296570783}},{"type":"Feature","geometry":{"type":"Polygon","coordinates":[[[120.889335,37.951274],[120.891507,37.951188],[120.891813,37.935606],[120.910186,37.939703],[120.913275,37.939848],[120.931841,37.936834],[120.944835,37.927546],[120.946841,37.927741],[120.973114,37.919456],[120.93202,37.916355],[120.928873,37.921237],[120.904038,37.926061],[120.910671,37.906218],[120.907578,37.894266],[120.889189,37.888211],[120.888368,37.916532],[120.886184,37.929994],[120.889335,37.951274]]]},"properties":{"cluster_id":175,"lat":37.92314210068554,"lon":120.9150392701156,"count":16,"type":"anchorage","distance_to_coast":13658.512786277268}},{"type":"Feature","geometry":{"type":"Polygon","coordinates":[[[122.335943,30.182498],[122.35032,30.191888],[122.351285,30.193013],[122.358402,30.195104],[122.362626,30.194272],[122.36424,30.193146],[122.364473,30.192311],[122.368055,30.19228],[122.366599,30.189291],[122.373783,30.183195],[122.377289,30.190503],[122.370969,30.193235],[122.389179,30.19356],[122.396027,30.191297],[122.377949,30.179463],[122.368997,30.174376],[122.365863,30.177322],[122.364455,30.176625],[122.364139,30.181102],[122.359248,30.190683],[122.353792,30.190357],[122.340097,30.181239],[122.344104,30.175637],[122.336524,30.178804],[122.335943,30.182498]]]},"properties":{"cluster_id":176,"lat":30.188285363046717,"lon":122.36099796784342,"count":43,"type":"anchorage","distance_to_coast":7116.846431512403}},{"type":"Feature","geometry":{"type":"MultiPolygon","coordinates":[[[[122.06232,30.253825],[122.091772,30.24815],[122.096747,30.249867],[122.101972,30.254218],[122.103325,30.258025],[122.103871,30.271669],[122.106653,30.271653],[122.10698,30.258519],[122.112791,30.256195],[122.117995,30.253443],[122.115121,30.254355],[122.115118,30.254356],[122.115114,30.254357],[122.11511,30.254357],[122.115106,30.254357],[122.115101,30.254357],[122.115097,30.254356],[122.113395,30.254073],[122.11339,30.254072],[122.113386,30.25407],[122.113381,30.254068],[122.113377,30.254066],[122.111629,30.252971],[122.111626,30.252969],[122.111623,30.252966],[122.11162,30.252963],[122.111618,30.25296],[122.111616,30.252957],[122.110473,30.251043],[122.110471,30.25104],[122.11047,30.251037],[122.110469,30.251033],[122.110468,30.25103],[122.110271,30.249511],[122.110271,30.249507],[122.110271,30.249503],[122.110271,30.249499],[122.110272,30.249495],[122.11077,30.248028],[122.110771,30.248025],[122.110773,30.248021],[122.110775,30.248018],[122.110778,30.248015],[122.111893,30.246827],[122.111896,30.246825],[122.111899,30.246822],[122.111903,30.24682],[122.111907,30.246818],[122.114078,30.245814],[122.114082,30.245813],[122.114086,30.245812],[122.114091,30.245811],[122.114095,30.24581],[122.115895,30.245673],[122.115899,30.245673],[122.115903,30.245673],[122.115907,30.245674],[122.115911,30.245675],[122.115915,30.245676],[122.118015,30.246375],[122.118018,30.246377],[122.118022,30.246378],[122.118025,30.24638],[122.118028,30.246383],[122.118031,30.246385],[122.119259,30.247531],[122.119262,30.247533],[122.119264,30.247537],[122.119266,30.24754],[122.120198,30.249175],[122.1202,30.249179],[122.120201,30.249183],[122.120202,30.249186],[122.120202,30.24919],[122.120315,30.250664],[122.120315,30.250667],[122.120315,30.250671],[122.120314,30.250675],[122.120313,30.250678],[122.11978,30.252081],[122.119778,30.252085],[122.119776,30.252088],[122.119774,30.252091],[122.119771,30.252094],[122.118947,30.25294],[122.123018,30.250787],[122.142379,30.249139],[122.14174,30.248052],[122.141738,30.248049],[122.141737,30.248045],[122.141736,30.248042],[122.141735,30.248038],[122.141735,30.248035],[122.141735,30.248031],[122.141889,30.246481],[122.141889,30.246477],[122.14189,30.246473],[122.141892,30.246469],[122.141894,30.246466],[122.142739,30.245092],[122.142742,30.245089],[122.142744,30.245086],[122.142747,30.245083],[122.144174,30.243854],[122.144178,30.243851],[122.144181,30.243849],[122.144185,30.243847],[122.144189,30.243845],[122.145811,30.243271],[122.145815,30.24327],[122.145819,30.243269],[122.145824,30.243268],[122.145828,30.243268],[122.147581,30.243274],[122.147586,30.243274],[122.14759,30.243275],[122.147595,30.243276],[122.147599,30.243277],[122.149294,30.243916],[122.152258,30.243039],[122.152262,30.243038],[122.152266,30.243038],[122.152271,30.243037],[122.152275,30.243037],[122.155001,30.243176],[122.155005,30.243177],[122.15501,30.243178],[122.155014,30.243179],[122.155018,30.24318],[122.156939,30.244008],[122.156942,30.24401],[122.156946,30.244012],[122.156949,30.244014],[122.156952,30.244017],[122.156955,30.24402],[122.158212,30.245523],[122.158214,30.245526],[122.158216,30.245529],[122.158218,30.245533],[122.158219,30.245537],[122.158712,30.247455],[122.158713,30.247459],[122.158713,30.247464],[122.158713,30.247468],[122.158542,30.248864],[122.160632,30.248866],[122.160369,30.247888],[122.160369,30.247884],[122.160368,30.24788],[122.160369,30.247876],[122.160597,30.245976],[122.160597,30.245973],[122.160598,30.245969],[122.1606,30.245966],[122.160601,30.245963],[122.161426,30.244581],[122.161428,30.244577],[122.161431,30.244574],[122.161434,30.244571],[122.161437,30.244569],[122.162823,30.243577],[122.162826,30.243575],[122.16283,30.243573],[122.162834,30.243571],[122.162839,30.24357],[122.164564,30.243128],[122.164568,30.243127],[122.164572,30.243126],[122.164576,30.243126],[122.167136,30.24312],[122.167141,30.243121],[122.167145,30.243121],[122.16715,30.243122],[122.167155,30.243124],[122.168833,30.243791],[122.168837,30.243793],[122.168841,30.243795],[122.168844,30.243797],[122.170177,30.244845],[122.170181,30.244848],[122.170184,30.244851],[122.170186,30.244854],[122.170188,30.244858],[122.170354,30.245186],[122.170538,30.244967],[122.171786,30.195045],[122.168858,30.194943],[122.165653,30.241625],[122.156863,30.242565],[122.149868,30.241995],[122.143428,30.242099],[122.116914,30.236687],[122.114588,30.236544],[122.115428,30.237681],[122.11543,30.237685],[122.115432,30.237688],[122.115434,30.237691],[122.116047,30.239496],[122.116048,30.239499],[122.116048,30.239502],[122.116048,30.239506],[122.116048,30.239509],[122.115931,30.241019],[122.11593,30.241023],[122.115929,30.241026],[122.115928,30.24103],[122.115926,30.241033],[122.115149,30.242389],[122.115147,30.242393],[122.115144,30.242396],[122.115141,30.242399],[122.115138,30.242401],[122.11382,30.243398],[122.113816,30.2434],[122.113812,30.243402],[122.113807,30.243404],[122.113803,30.243405],[122.113798,30.243406],[122.109743,30.244077],[122.109738,30.244077],[122.109734,30.244077],[122.10973,30.244077],[122.109726,30.244077],[122.109722,30.244076],[122.109718,30.244075],[122.108057,30.243516],[122.108053,30.243514],[122.108049,30.243513],[122.108046,30.243511],[122.108043,30.243508],[122.10804,30.243506],[122.107833,30.243314],[122.108027,30.243673],[122.108029,30.243677],[122.10803,30.243681],[122.108031,30.243685],[122.108031,30.243689],[122.108044,30.246051],[122.108044,30.246055],[122.108044,30.246058],[122.108043,30.246062],[122.108041,30.246065],[122.107397,30.247528],[122.107395,30.247531],[122.107393,30.247535],[122.107391,30.247538],[122.107388,30.247541],[122.106127,30.248665],[122.106124,30.248668],[122.10612,30.24867],[122.106116,30.248672],[122.106112,30.248674],[122.10444,30.249276],[122.104436,30.249278],[122.104431,30.249278],[122.104426,30.249279],[122.101736,30.249436],[122.101732,30.249436],[122.101727,30.249436],[122.101723,30.249435],[122.101718,30.249434],[122.099682,30.248797],[122.099677,30.248795],[122.099673,30.248793],[122.099669,30.24879],[122.099666,30.248788],[122.098437,30.247725],[122.098434,30.247722],[122.098431,30.247719],[122.098429,30.247716],[122.098427,30.247712],[122.097758,30.246326],[122.097756,30.246322],[122.097755,30.246318],[122.097754,30.246314],[122.097561,30.244132],[122.097561,30.244128],[122.097562,30.244124],[122.097562,30.24412],[122.097564,30.244116],[122.098316,30.242314],[122.098318,30.24231],[122.09832,30.242307],[122.098322,30.242304],[122.098325,30.242301],[122.098328,30.242298],[122.099987,30.241026],[122.09999,30.241024],[122.099994,30.241022],[122.099997,30.24102],[122.100001,30.241019],[122.100005,30.241018],[122.102389,30.240474],[122.102393,30.240473],[122.102398,30.240473],[122.102402,30.240473],[122.104219,30.240515],[122.104224,30.240515],[122.104228,30.240516],[122.104233,30.240517],[122.104237,30.240518],[122.105887,30.241179],[122.105891,30.241181],[122.105894,30.241183],[122.105898,30.241186],[122.106421,30.241602],[122.105803,30.238454],[122.105803,30.238451],[122.105803,30.238447],[122.105803,30.238443],[122.105804,30.238439],[122.105805,30.238435],[122.105807,30.238432],[122.10672,30.23673],[122.106723,30.236726],[122.106726,30.236723],[122.106729,30.236719],[122.106732,30.236717],[122.107568,30.236112],[122.104198,30.235904],[122.101298,30.240707],[122.087164,30.230473],[122.082419,30.230122],[122.0632,30.190807],[122.06316,30.189601],[122.07809,30.161259],[122.077041,30.161183],[122.077037,30.161183],[122.077032,30.161182],[122.077028,30.16118],[122.077024,30.161179],[122.075154,30.160309],[122.07515,30.160306],[122.075146,30.160304],[122.075143,30.160301],[122.07514,30.160298],[122.074112,30.159122],[122.074109,30.159119],[122.074107,30.159116],[122.074106,30.159113],[122.074104,30.159109],[122.073657,30.157687],[122.073656,30.157683],[122.073655,30.15768],[122.073655,30.157676],[122.073656,30.157672],[122.073991,30.155253],[122.073991,30.155249],[122.073993,30.155245],[122.073994,30.155242],[122.073996,30.155238],[122.074506,30.154465],[122.070035,30.153382],[122.070014,30.154696],[122.070013,30.1547],[122.070013,30.154703],[122.070012,30.154707],[122.07001,30.154711],[122.069345,30.156079],[122.069342,30.156083],[122.06934,30.156087],[122.069337,30.15609],[122.069333,30.156093],[122.067754,30.15734],[122.067751,30.157342],[122.067748,30.157344],[122.067744,30.157346],[122.06774,30.157347],[122.067736,30.157349],[122.065392,30.157947],[122.065388,30.157948],[122.065384,30.157949],[122.065379,30.157949],[122.063584,30.157964],[122.063579,30.157964],[122.063575,30.157964],[122.06357,30.157963],[122.063566,30.157961],[122.061907,30.157367],[122.061903,30.157366],[122.061899,30.157364],[122.061896,30.157361],[122.061892,30.157359],[122.060635,30.15625],[122.060632,30.156247],[122.060629,30.156244],[122.060627,30.156241],[122.060625,30.156237],[122.05997,30.154791],[122.059969,30.154788],[122.059968,30.154785],[122.059968,30.154781],[122.059691,30.15244],[122.059691,30.152436],[122.059691,30.152432],[122.059691,30.152429],[122.059692,30.152425],[122.059694,30.152422],[122.05992,30.151909],[122.034346,30.149673],[122.034915,30.151344],[122.034916,30.151348],[122.034916,30.151351],[122.034916,30.151355],[122.034916,30.151359],[122.034916,30.151363],[122.034915,30.151366],[122.0344,30.152853],[122.034398,30.152856],[122.034396,30.15286],[122.034394,30.152863],[122.034391,30.152866],[122.033245,30.15406],[122.033242,30.154063],[122.033238,30.154066],[122.033234,30.154068],[122.03323,30.15407],[122.033225,30.154072],[122.030937,30.154771],[122.057688,30.190282],[122.053472,30.197138],[122.063036,30.224798],[122.063963,30.231778],[122.067185,30.232711],[122.06232,30.253825]]],[[[122.105172,30.177844],[122.104256,30.180684],[122.142873,30.165483],[122.125115,30.13882],[122.127363,30.13725],[122.126898,30.137188],[122.126894,30.137187],[122.12689,30.137186],[122.126886,30.137184],[122.126882,30.137183],[122.126878,30.137181],[122.126875,30.137178],[122.126872,30.137176],[122.124845,30.13526],[122.124842,30.135258],[122.12484,30.135254],[122.124838,30.135251],[122.124836,30.135248],[122.124835,30.135244],[122.124834,30.13524],[122.124833,30.135237],[122.124819,30.135029],[122.120784,30.137844],[122.117184,30.142372],[122.119003,30.1432],[122.119006,30.143202],[122.11901,30.143205],[122.119013,30.143207],[122.119016,30.14321],[122.119019,30.143213],[122.120246,30.144798],[122.120248,30.144801],[122.12025,30.144805],[122.120252,30.144808],[122.120253,30.144812],[122.120905,30.147808],[122.120905,30.147811],[122.120906,30.147815],[122.120905,30.147818],[122.120905,30.147822],[122.120904,30.147825],[122.120903,30.147829],[122.120281,30.149272],[122.120279,30.149276],[122.120277,30.149279],[122.120274,30.149282],[122.120271,30.149285],[122.119049,30.150406],[122.119046,30.150409],[122.119043,30.150411],[122.119039,30.150413],[122.117286,30.151278],[122.117282,30.151279],[122.117278,30.151281],[122.117273,30.151282],[122.117269,30.151283],[122.115521,30.151468],[122.115517,30.151468],[122.115513,30.151468],[122.115509,30.151468],[122.115505,30.151467],[122.115501,30.151466],[122.11342,30.150865],[122.113416,30.150864],[122.113413,30.150862],[122.113409,30.150861],[122.113406,30.150859],[122.113403,30.150856],[122.112134,30.1498],[122.112131,30.149797],[122.112128,30.149794],[122.112126,30.14979],[122.112124,30.149786],[122.112122,30.149783],[122.111033,30.1464],[122.083521,30.154062],[122.084068,30.154541],[122.084071,30.154544],[122.084074,30.154547],[122.084076,30.15455],[122.084077,30.154553],[122.084079,30.154556],[122.08481,30.156357],[122.084811,30.156361],[122.084812,30.156364],[122.084812,30.156368],[122.084812,30.156372],[122.084812,30.156376],[122.084432,30.158662],[122.084431,30.158666],[122.08443,30.15867],[122.084428,30.158673],[122.084426,30.158677],[122.083336,30.160244],[122.083333,30.160247],[122.08333,30.16025],[122.083326,30.160253],[122.083323,30.160256],[122.081922,30.161086],[122.081919,30.161088],[122.081915,30.16109],[122.081911,30.161091],[122.081907,30.161092],[122.081839,30.161105],[122.105172,30.177844]]],[[[122.135823,30.122626],[122.135191,30.122414],[122.133431,30.125021],[122.135092,30.125593],[122.135823,30.122626]]],[[[121.999458,30.159086],[121.999922,30.15953],[121.999925,30.159533],[121.999928,30.159537],[121.99993,30.15954],[121.999931,30.159544],[122.000573,30.161315],[122.000574,30.161319],[122.000575,30.161324],[122.000575,30.161328],[122.000575,30.161332],[122.000459,30.162089],[122.026026,30.153551],[122.024883,30.150777],[121.999458,30.159086]]]]},"properties":{"cluster_id":186,"lat":30.225573305405938,"lon":122.10651291750422,"count":134,"type":"anchorage","distance_to_coast":4913.698169884408}},{"type":"Feature","geometry":{"type":"MultiPolygon","coordinates":[[[[116.308843,22.927539],[116.309125,22.92618],[116.309126,22.926176],[116.309127,22.926172],[116.309129,22.926169],[116.309131,22.926165],[116.309134,22.926162],[116.309137,22.926159],[116.310648,22.924701],[116.310651,22.924698],[116.310654,22.924696],[116.310657,22.924694],[116.310661,22.924692],[116.310664,22.924691],[116.312306,22.924112],[116.31231,22.924111],[116.312315,22.92411],[116.31232,22.924109],[116.312325,22.924109],[116.312329,22.92411],[116.312969,22.924207],[116.307389,22.89497],[116.289551,22.899263],[116.308843,22.927539]]],[[[116.321594,22.940176],[116.323793,22.93808],[116.320457,22.935087],[116.320524,22.936406],[116.320524,22.93641],[116.320523,22.936414],[116.320522,22.936418],[116.320521,22.936421],[116.32052,22.936425],[116.320518,22.936428],[116.320516,22.936432],[116.31926,22.938118],[116.321594,22.940176]]]]},"properties":{"cluster_id":188,"lat":22.91820142364373,"lon":116.3079971591712,"count":5,"type":"anchorage","distance_to_coast":4884.891409300417}},{"type":"Feature","geometry":{"type":"MultiPolygon","coordinates":[[[[119.642915,25.340636],[119.643285,25.340701],[119.64329,25.340702],[119.643294,25.340704],[119.643298,25.340705],[119.643302,25.340708],[119.644012,25.341159],[119.643818,25.340166],[119.642915,25.340636]]],[[[119.648074,25.352104],[119.662443,25.33155],[119.666362,25.307964],[119.662203,25.296816],[119.671226,25.296448],[119.695875,25.247112],[119.69804,25.23977],[119.700721,25.235471],[119.701094,25.229841],[119.687729,25.227958],[119.686138,25.227128],[119.691897,25.212507],[119.678455,25.222975],[119.662667,25.228608],[119.680625,25.230023],[119.680319,25.235909],[119.682139,25.240206],[119.682971,25.249514],[119.68375,25.250372],[119.668178,25.279171],[119.66637,25.286989],[119.660626,25.286003],[119.651431,25.285761],[119.650531,25.295373],[119.628158,25.298061],[119.628139,25.298648],[119.65121,25.302659],[119.652276,25.334527],[119.651385,25.335224],[119.65153,25.335286],[119.651534,25.335288],[119.651538,25.33529],[119.651542,25.335293],[119.652938,25.336467],[119.652941,25.336469],[119.652944,25.336473],[119.652947,25.336476],[119.652949,25.33648],[119.653694,25.33799],[119.653696,25.337993],[119.653697,25.337997],[119.653698,25.338001],[119.653698,25.338005],[119.653794,25.340224],[119.653794,25.340228],[119.653794,25.340232],[119.653793,25.340237],[119.65329,25.341772],[119.653288,25.341775],[119.653287,25.341778],[119.653285,25.341782],[119.653282,25.341785],[119.65328,25.341787],[119.651801,25.343267],[119.651798,25.34327],[119.651794,25.343273],[119.65179,25.343275],[119.651786,25.343277],[119.649714,25.34411],[119.649709,25.344111],[119.649705,25.344112],[119.6497,25.344113],[119.647907,25.344255],[119.647902,25.344255],[119.647898,25.344254],[119.647893,25.344254],[119.647889,25.344253],[119.646178,25.343747],[119.646174,25.343745],[119.64617,25.343743],[119.646166,25.343741],[119.646163,25.343739],[119.646024,25.343628],[119.646188,25.344817],[119.646188,25.344821],[119.646188,25.344825],[119.646187,25.344829],[119.646186,25.344832],[119.645416,25.347355],[119.645414,25.347359],[119.645413,25.347363],[119.64541,25.347366],[119.645408,25.347369],[119.644305,25.348633],[119.644303,25.348636],[119.6443,25.348639],[119.644297,25.348641],[119.644293,25.348643],[119.64429,25.348645],[119.642297,25.349524],[119.642293,25.349526],[119.642288,25.349527],[119.642284,25.349528],[119.642279,25.349528],[119.642275,25.349528],[119.642127,25.34952],[119.648074,25.352104]]]]},"properties":{"cluster_id":189,"lat":25.267104824248655,"lon":119.67479064287262,"count":44,"type":"anchorage","distance_to_coast":11418.299442827103}},{"type":"Feature","geometry":{"type":"Polygon","coordinates":[[[122.280346,37.529745],[122.292064,37.530757],[122.299227,37.539197],[122.314609,37.544538],[122.313504,37.532082],[122.31911,37.531955],[122.318557,37.531355],[122.32137,37.531786],[122.347607,37.542723],[122.333436,37.528238],[122.312238,37.526628],[122.298866,37.520532],[122.293081,37.514593],[122.281325,37.517869],[122.270451,37.525376],[122.271218,37.526266],[122.282826,37.521442],[122.290685,37.524631],[122.280346,37.529745]]]},"properties":{"cluster_id":190,"lat":37.52762976882285,"lon":122.30295651345914,"count":19,"type":"anchorage","distance_to_coast":11485.62735127195}},{"type":"Feature","geometry":{"type":"MultiPolygon","coordinates":[[[[121.045618,38.82941],[121.057951,38.827212],[121.067339,38.814525],[121.070436,38.813681],[121.120062,38.816096],[121.127291,38.817626],[121.127624,38.815691],[121.127625,38.815687],[121.127626,38.815684],[121.127628,38.815681],[121.12763,38.815678],[121.128522,38.814487],[121.128524,38.814484],[121.128527,38.814481],[121.12853,38.814479],[121.128533,38.814476],[121.129946,38.813646],[121.12995,38.813644],[121.129954,38.813643],[121.129958,38.813641],[121.129962,38.81364],[121.131677,38.8133],[121.131681,38.813299],[121.131685,38.813299],[121.131689,38.813299],[121.134399,38.813324],[121.134403,38.813324],[121.134407,38.813325],[121.134411,38.813325],[121.134415,38.813326],[121.134419,38.813327],[121.135659,38.813802],[121.136008,38.813077],[121.135006,38.813089],[121.135002,38.813089],[121.134997,38.813089],[121.134993,38.813088],[121.134988,38.813086],[121.132986,38.812422],[121.132981,38.81242],[121.132977,38.812418],[121.132973,38.812416],[121.13297,38.812413],[121.131807,38.811396],[121.131805,38.811394],[121.131802,38.811391],[121.1318,38.811388],[121.131798,38.811384],[121.131222,38.810099],[121.131221,38.810095],[121.13122,38.810092],[121.13122,38.810088],[121.131168,38.807909],[121.131168,38.807906],[121.131169,38.807902],[121.13117,38.807898],[121.131172,38.807895],[121.131331,38.807606],[121.067406,38.805198],[121.06544,38.804067],[121.060264,38.814183],[121.045618,38.82941]]],[[[121.14302,38.808046],[121.141859,38.808002],[121.141951,38.808194],[121.141952,38.808198],[121.141953,38.808201],[121.141954,38.808205],[121.141954,38.808209],[121.14194,38.808408],[121.14302,38.808046]]]]},"properties":{"cluster_id":191,"lat":38.8130027948837,"lon":121.09097565251555,"count":17,"type":"anchorage","distance_to_coast":3703.2155860181224}},{"type":"Feature","geometry":{"type":"Polygon","coordinates":[[[122.499339,29.860074],[122.502421,29.859918],[122.501605,29.845564],[122.504614,29.841157],[122.521862,29.842907],[122.515143,29.852927],[122.524724,29.855215],[122.530784,29.854418],[122.535913,29.855247],[122.538633,29.861304],[122.534272,29.858881],[122.536615,29.868936],[122.543532,29.869517],[122.545405,29.873863],[122.542678,29.879512],[122.546576,29.898363],[122.547859,29.898301],[122.54882,29.88559],[122.556988,29.880018],[122.57056,29.884937],[122.574207,29.888179],[122.579576,29.90034],[122.594724,29.912095],[122.608089,29.90132],[122.597373,29.900052],[122.587701,29.892601],[122.586753,29.88483],[122.570779,29.876841],[122.569928,29.87007],[122.562108,29.870405],[122.561522,29.868495],[122.572624,29.858879],[122.562212,29.858561],[122.56036,29.856926],[122.559651,29.852713],[122.566525,29.849061],[122.571991,29.844706],[122.580331,29.853404],[122.579221,29.842202],[122.584379,29.84239],[122.589778,29.834645],[122.591779,29.833492],[122.594818,29.83263],[122.601832,29.844852],[122.608727,29.851741],[122.60884,29.838013],[122.601129,29.828812],[122.601651,29.819948],[122.591045,29.805736],[122.589903,29.82926],[122.585972,29.831726],[122.579129,29.832262],[122.577323,29.821626],[122.565597,29.810027],[122.565942,29.821413],[122.570668,29.8308],[122.568208,29.834532],[122.558057,29.832848],[122.550491,29.832572],[122.55714,29.83916],[122.555155,29.849144],[122.548116,29.840471],[122.538354,29.836523],[122.537766,29.840525],[122.533286,29.842449],[122.531833,29.839012],[122.526306,29.830537],[122.535518,29.830621],[122.53966,29.829966],[122.546378,29.823063],[122.546117,29.819826],[122.523835,29.760542],[122.491062,29.800695],[122.466519,29.818425],[122.492318,29.831463],[122.505275,29.82811],[122.502389,29.838423],[122.498091,29.844028],[122.499339,29.860074]]]},"properties":{"cluster_id":193,"lat":29.84995096039062,"lon":122.55388741993568,"count":101,"type":"anchorage","distance_to_coast":17452.508180221186}},{"type":"Feature","geometry":{"type":"Polygon","coordinates":[[[122.452048,30.203524],[122.451857,30.204776],[122.472031,30.209064],[122.48081,30.200669],[122.479688,30.198251],[122.466565,30.181822],[122.465432,30.182336],[122.472904,30.199453],[122.466896,30.203784],[122.452048,30.203524]]]},"properties":{"cluster_id":196,"lat":30.200745208241297,"lon":122.4715252187317,"count":7,"type":"anchorage","distance_to_coast":8953.39878443152}},{"type":"Feature","geometry":{"type":"Polygon","coordinates":[[[117.733795,38.85797],[117.742215,38.858484],[117.754389,38.855168],[117.754013,38.853976],[117.74386,38.855328],[117.733795,38.85797]]]},"properties":{"cluster_id":201,"lat":38.85657647216931,"lon":117.74426976464238,"count":7,"type":"anchorage","distance_to_coast":12283.653910536794}},{"type":"Feature","geometry":{"type":"Polygon","coordinates":[[[109.12098,19.675925],[109.130194,19.674315],[109.131512,19.672251],[109.13069,19.664101],[109.12688,19.665555],[109.12098,19.675925]]]},"properties":{"cluster_id":206,"lat":19.670345683856414,"lon":109.12806911706652,"count":5,"type":"anchorage","distance_to_coast":3231.784754176338}},{"type":"Feature","geometry":{"type":"Polygon","coordinates":[[[113.779304,22.494487],[113.777896,22.429456],[113.772964,22.405894],[113.769125,22.399556],[113.750289,22.373466],[113.735881,22.414993],[113.76665,22.4283],[113.770281,22.436482],[113.766654,22.46833],[113.779304,22.494487]]]},"properties":{"cluster_id":207,"lat":22.42735330199018,"lon":113.76553213264732,"count":9,"type":"anchorage","distance_to_coast":11987.610486036592}},{"type":"Feature","geometry":{"type":"Polygon","coordinates":[[[121.467471,36.712137],[121.470517,36.712159],[121.469661,36.708363],[121.471114,36.702513],[121.471766,36.701713],[121.477086,36.704628],[121.478207,36.703542],[121.47253,36.699011],[121.473049,36.693597],[121.467932,36.698479],[121.468219,36.69889],[121.467348,36.699197],[121.466218,36.708663],[121.466668,36.710997],[121.467471,36.712137]]]},"properties":{"cluster_id":208,"lat":36.70327467425857,"lon":121.46965573459602,"count":14,"type":"anchorage","distance_to_coast":7501.311409054094}},{"type":"Feature","geometry":{"type":"Polygon","coordinates":[[[110.716483,20.891075],[110.720709,20.885708],[110.769767,20.843091],[110.800918,20.829067],[110.780937,20.802802],[110.776295,20.791595],[110.769278,20.784344],[110.734558,20.786534],[110.751272,20.848323],[110.701296,20.867281],[110.717457,20.8852],[110.716483,20.891075]]]},"properties":{"cluster_id":211,"lat":20.837440904906288,"lon":110.74925869727775,"count":11,"type":"anchorage","distance_to_coast":16691.610450940454}},{"type":"Feature","geometry":{"type":"Polygon","coordinates":[[[122.383029,30.655616],[122.38486,30.654065],[122.40514,30.673948],[122.419882,30.668823],[122.419054,30.666815],[122.410566,30.669026],[122.394629,30.647715],[122.394955,30.646198],[122.399207,30.644638],[122.399512,30.645203],[122.403848,30.643799],[122.40654,30.642277],[122.405331,30.637975],[122.400143,30.638672],[122.39898,30.640222],[122.395369,30.638687],[122.398972,30.633844],[122.393894,30.628179],[122.395118,30.625441],[122.394873,30.622045],[122.39028,30.623706],[122.386902,30.626588],[122.389071,30.628785],[122.38872,30.629944],[122.385336,30.624612],[122.384056,30.625058],[122.387257,30.635051],[122.391651,30.635355],[122.389102,30.637534],[122.388885,30.639719],[122.390938,30.645175],[122.390319,30.646868],[122.387267,30.648376],[122.388774,30.64577],[122.388085,30.641274],[122.383349,30.641741],[122.38328,30.647326],[122.381232,30.650402],[122.380957,30.653249],[122.383029,30.655616]]]},"properties":{"cluster_id":222,"lat":30.64059851255426,"lon":122.39324682051144,"count":131,"type":"anchorage","distance_to_coast":8587.675571321719}},{"type":"Feature","geometry":{"type":"Polygon","coordinates":[[[120.444688,37.864673],[120.469881,37.88203],[120.5029,37.86164],[120.503852,37.858669],[120.513016,37.86016],[120.521757,37.864166],[120.515831,37.853314],[120.513342,37.852171],[120.515505,37.843636],[120.521363,37.838849],[120.499707,37.842427],[120.499259,37.852722],[120.49825,37.853108],[120.499386,37.859343],[120.492399,37.861038],[120.444688,37.864673]]]},"properties":{"cluster_id":226,"lat":37.85684038338921,"lon":120.50143958708676,"count":17,"type":"anchorage","distance_to_coast":14337.124125830696}},{"type":"Feature","geometry":{"type":"Polygon","coordinates":[[[122.484231,30.128963],[122.492873,30.128319],[122.511568,30.142858],[122.546696,30.15146],[122.516674,30.129384],[122.496786,30.110106],[122.494062,30.10287],[122.527846,30.103162],[122.528623,30.079543],[122.490402,30.084087],[122.483295,30.094767],[122.485173,30.09546],[122.489067,30.104821],[122.482646,30.119335],[122.484231,30.128963]]]},"properties":{"cluster_id":228,"lat":30.11200572106367,"lon":122.50185179046782,"count":14,"type":"anchorage","distance_to_coast":19916.00856826374}},{"type":"Feature","geometry":{"type":"Polygon","coordinates":[[[119.276795,35.049324],[119.279715,35.050225],[119.290005,35.027577],[119.287018,35.02668],[119.281473,35.038938],[119.276795,35.049324]]]},"properties":{"cluster_id":230,"lat":35.03851678865642,"lon":119.28340913756738,"count":5,"type":"anchorage","distance_to_coast":5009.358900429273}},{"type":"Feature","geometry":{"type":"Polygon","coordinates":[[[121.969538,30.359609],[121.983042,30.35569],[121.986058,30.350906],[121.97228,30.355517],[121.958752,30.338983],[121.925332,30.307944],[121.954744,30.29048],[121.952994,30.288297],[121.919153,30.308097],[121.969538,30.359609]]]},"properties":{"cluster_id":231,"lat":30.329740658181063,"lon":121.95553517011707,"count":9,"type":"anchorage","distance_to_coast":14039.366496181176}},{"type":"Feature","geometry":{"type":"Polygon","coordinates":[[[118.883019,24.858244],[118.883836,24.858093],[118.883841,24.858092],[118.883845,24.858092],[118.88385,24.858092],[118.883854,24.858093],[118.885609,24.858417],[118.885613,24.858418],[118.885617,24.858419],[118.88562,24.858421],[118.885624,24.858422],[118.885627,24.858424],[118.887399,24.859652],[118.887403,24.859655],[118.887405,24.859657],[118.887408,24.85966],[118.88741,24.859663],[118.88852,24.861239],[118.888522,24.861243],[118.888524,24.861247],[118.888525,24.861251],[118.888526,24.861255],[118.888818,24.862868],[118.888819,24.862872],[118.888819,24.862876],[118.888819,24.86288],[118.888818,24.862884],[118.888527,24.863959],[118.912598,24.851021],[118.933856,24.855866],[118.929237,24.851531],[118.869428,24.806008],[118.870059,24.809939],[118.883019,24.858244]]]},"properties":{"cluster_id":232,"lat":24.83884033911432,"lon":118.90032860526732,"count":7,"type":"anchorage","distance_to_coast":4342.4139344134155}},{"type":"Feature","geometry":{"type":"Polygon","coordinates":[[[121.244116,36.548474],[121.253307,36.555249],[121.273152,36.561532],[121.270671,36.556484],[121.270522,36.537006],[121.28246,36.521463],[121.281238,36.520703],[121.252112,36.545165],[121.252829,36.550036],[121.244116,36.548474]]]},"properties":{"cluster_id":233,"lat":36.547634603128486,"lon":121.26218668921506,"count":8,"type":"anchorage","distance_to_coast":19647.833455672306}},{"type":"Feature","geometry":{"type":"Polygon","coordinates":[[[121.004812,37.875047],[121.019141,37.881955],[121.053894,37.886267],[121.00578,37.856867],[121.006321,37.873703],[121.004812,37.875047]]]},"properties":{"cluster_id":238,"lat":37.87468324204678,"lon":121.01807497475713,"count":5,"type":"anchorage","distance_to_coast":12846.13952566697}},{"type":"Feature","geometry":{"type":"Polygon","coordinates":[[[118.175208,38.268685],[118.17515,38.27015],[118.231674,38.275331],[118.232283,38.278983],[118.24164,38.283051],[118.244367,38.288687],[118.23188,38.294744],[118.241694,38.294799],[118.249008,38.292379],[118.257589,38.294367],[118.256235,38.284818],[118.246284,38.281554],[118.246895,38.280767],[118.25585,38.277724],[118.272216,38.2858],[118.267032,38.29568],[118.269556,38.296564],[118.277179,38.284144],[118.274496,38.275014],[118.268269,38.271446],[118.263208,38.269527],[118.249594,38.269827],[118.235061,38.266146],[118.175208,38.268685]]]},"properties":{"cluster_id":240,"lat":38.28077185190413,"lon":118.24925191109617,"count":23,"type":"anchorage","distance_to_coast":19597.34499718657}},{"type":"Feature","geometry":{"type":"Polygon","coordinates":[[[120.162329,35.83573],[120.160109,35.835331],[120.152549,35.856815],[120.182731,35.854729],[120.194081,35.852079],[120.179534,35.850045],[120.159549,35.849825],[120.162329,35.83573]]]},"properties":{"cluster_id":242,"lat":35.850930046378174,"lon":120.1700929064024,"count":6,"type":"anchorage","distance_to_coast":5404.073275161791}},{"type":"Feature","geometry":{"type":"Polygon","coordinates":[[[117.680294,38.890973],[117.681315,38.893134],[117.691242,38.890552],[117.698924,38.887538],[117.698716,38.887029],[117.689081,38.888325],[117.680294,38.890973]]]},"properties":{"cluster_id":244,"lat":38.8894265276694,"lon":117.69012147160775,"count":7,"type":"anchorage","distance_to_coast":4718.363549885326}},{"type":"Feature","geometry":{"type":"Polygon","coordinates":[[[120.442574,27.121382],[120.442367,27.122796],[120.465536,27.12764],[120.471805,27.134597],[120.525886,27.115376],[120.525536,27.114216],[120.46606,27.121958],[120.442574,27.121382]]]},"properties":{"cluster_id":249,"lat":27.12445966119869,"lon":120.47466237581554,"count":5,"type":"anchorage","distance_to_coast":6530.732567817252}},{"type":"Feature","geometry":{"type":"Polygon","coordinates":[[[121.105645,37.842654],[121.121229,37.853904],[121.137989,37.858941],[121.12644,37.849944],[121.147372,37.84377],[121.145267,37.834783],[121.120878,37.84304],[121.110487,37.838957],[121.1204,37.823623],[121.102936,37.835587],[121.105645,37.842654]]]},"properties":{"cluster_id":257,"lat":37.84279818283052,"lon":121.12230009281686,"count":10,"type":"anchorage","distance_to_coast":18899.601063276536}},{"type":"Feature","geometry":{"type":"Polygon","coordinates":[[[113.575968,22.595696],[113.576756,22.593269],[113.529191,22.578635],[113.497292,22.572732],[113.497399,22.573907],[113.4974,22.573911],[113.497399,22.573915],[113.497399,22.573919],[113.497397,22.573923],[113.496858,22.575473],[113.496856,22.575477],[113.496854,22.57548],[113.496852,22.575484],[113.49685,22.575487],[113.496847,22.57549],[113.496422,22.575879],[113.575968,22.595696]]]},"properties":{"cluster_id":272,"lat":22.57924953793087,"lon":113.5178124683254,"count":5,"type":"anchorage","distance_to_coast":6653.208724991313}},{"type":"Feature","geometry":{"type":"Polygon","coordinates":[[[114.68986,22.748064],[114.698844,22.718588],[114.72608,22.674461],[114.725448,22.674],[114.708016,22.688998],[114.687899,22.730576],[114.68986,22.748064]]]},"properties":{"cluster_id":273,"lat":22.71188645352862,"lon":114.70148840907386,"count":5,"type":"anchorage","distance_to_coast":4164.990727206748}},{"type":"Feature","geometry":{"type":"Polygon","coordinates":[[[116.059755,22.767721],[116.057631,22.767562],[116.049733,22.815939],[116.058179,22.819561],[116.061701,22.82636],[116.064061,22.813807],[116.06027,22.815472],[116.059155,22.812919],[116.059755,22.767721]]]},"properties":{"cluster_id":277,"lat":22.811752080451157,"lon":116.05796679850263,"count":8,"type":"anchorage","distance_to_coast":4533.081892295237}},{"type":"Feature","geometry":{"type":"Polygon","coordinates":[[[113.732312,22.073552],[113.747448,22.07345],[113.753938,22.069987],[113.748791,22.067047],[113.743676,22.059226],[113.71984,22.053364],[113.734661,22.063848],[113.741661,22.066708],[113.732312,22.073552]]]},"properties":{"cluster_id":278,"lat":22.06601927749265,"lon":113.74154724827562,"count":8,"type":"anchorage","distance_to_coast":8063.592304332312}},{"type":"Feature","geometry":{"type":"Polygon","coordinates":[[[122.343654,30.804239],[122.34486,30.804642],[122.37849,30.750701],[122.369532,30.752482],[122.371941,30.747398],[122.377224,30.741465],[122.368417,30.740758],[122.365497,30.738752],[122.362394,30.733744],[122.35577,30.731789],[122.358982,30.739538],[122.354012,30.740192],[122.359728,30.746855],[122.357846,30.756492],[122.343654,30.804239]]]},"properties":{"cluster_id":280,"lat":30.747634719356977,"lon":122.36407350473362,"count":26,"type":"anchorage","distance_to_coast":7349.282540997392}},{"type":"Feature","geometry":{"type":"Polygon","coordinates":[[[120.127457,35.731423],[120.121148,35.767738],[120.140379,35.780907],[120.156103,35.787679],[120.157242,35.780729],[120.127457,35.731423]]]},"properties":{"cluster_id":284,"lat":35.76988832725152,"lon":120.1405734225314,"count":5,"type":"anchorage","distance_to_coast":12965.407186987411}},{"type":"Feature","geometry":{"type":"Polygon","coordinates":[[[121.646183,28.894009],[121.646324,28.897476],[121.677357,28.881621],[121.693852,28.871048],[121.692283,28.869053],[121.675071,28.878796],[121.654601,28.888183],[121.646977,28.893589],[121.646183,28.894009]]]},"properties":{"cluster_id":288,"lat":28.886927763748695,"lon":121.66254897887994,"count":7,"type":"anchorage","distance_to_coast":3945.176961224729}},{"type":"Feature","geometry":{"type":"Polygon","coordinates":[[[114.692341,22.469329],[114.691219,22.4717],[114.709289,22.479547],[114.715088,22.479994],[114.716477,22.459491],[114.723339,22.446473],[114.722124,22.445761],[114.714088,22.455002],[114.695184,22.457484],[114.699744,22.472105],[114.692341,22.469329]]]},"properties":{"cluster_id":291,"lat":22.46640775451475,"lon":114.70877278814648,"count":8,"type":"anchorage","distance_to_coast":11657.402287888806}},{"type":"Feature","geometry":{"type":"Polygon","coordinates":[[[114.672376,22.586644],[114.674186,22.586944],[114.679522,22.568746],[114.695481,22.532736],[114.693221,22.531785],[114.674452,22.565582],[114.672376,22.586644]]]},"properties":{"cluster_id":292,"lat":22.56352722845033,"lon":114.679907553648,"count":5,"type":"anchorage","distance_to_coast":8686.607658982739}}]}