{"type":"FeatureCollection","features":[{"type":"Feature","geometry":{"type":"Polygon","coordinates":[[[120.2272098125,36.02840505263158],[120.22796415789473,36.02840505263158],[120.22796415789473,36.028739],[120.2272098125,36.028739],[120.2272098125,36.02840505263158]]]},"properties":{"cluster_id":0,"lat":36.02856796969697,"lon":120.22749515151516,"count":22,"dwell_minutes":26605.666666666668,"center_method":"duration_weighted_stop_medoid","type":"berth","distance_to_coast":3954.508275790126,"inside_china_land":false}},{"type":"Feature","geometry":{"type":"Polygon","coordinates":[[[121.72998547619048,29.96854264893617],[121.73014527083332,29.96854264893617],[121.73014527083332,29.968757255319147],[121.72998547619048,29.968757255319147],[121.72998547619048,29.96854264893617]]]},"properties":{"cluster_id":1,"lat":29.9686599375,"lon":121.73007775,"count":14,"dwell_minutes":15230.333333333334,"center_method":"duration_weighted_stop_medoid","type":"berth","distance_to_coast":344.36732480693183,"inside_china_land":false}},{"type":"Feature","geometry":{"type":"Polygon","coordinates":[[[119.79375766666668,34.4281986875],[119.7940341,34.4281986875],[119.7940341,34.428436181818185],[119.79375766666668,34.428436181818185],[119.79375766666668,34.4281986875]]]},"properties":{"cluster_id":3,"lat":34.4283146,"lon":119.7939092,"count":32,"dwell_minutes":22534.86666666667,"center_method":"duration_weighted_stop_medoid","type":"berth","distance_to_coast":6649.3589232478025,"inside_china_land":true}},{"type":"Feature","geometry":{"type":"Polygon","coordinates":[[[119.0039358,39.2074037],[119.01075096875,39.2074037],[119.01075096875,39.211241125],[119.0039358,39.211241125],[119.0039358,39.2074037]]]},"properties":{"cluster_id":4,"lat":39.21045625,"lon":119.00892791666666,"count":186,"dwell_minutes":215097.15,"center_method":"duration_weighted_stop_medoid","type":"berth","distance_to_coast":2433.0730358412857,"inside_china_land":true}},{"type":"Feature","geometry":{"type":"Polygon","coordinates":[[[119.78428866666667,34.47323866666667],[119.78884124324324,34.47323866666667],[119.78884124324324,34.47833010810811],[119.78428866666667,34.47833010810811],[119.78428866666667,34.47323866666667]]]},"properties":{"cluster_id":5,"lat":34.475525634920636,"lon":119.78628074603174,"count":56,"dwell_minutes":62845.45,"center_method":"duration_weighted_stop_medoid","type":"berth","distance_to_coast":1285.524565969931,"inside_china_land":true}},{"type":"Feature","geometry":{"type":"Polygon","coordinates":[[[119.79554309090909,34.44021545454546],[119.79635406666667,34.44021545454546],[119.79635406666667,34.44461026086957],[119.79554309090909,34.44461026086957],[119.79554309090909,34.44021545454546]]]},"properties":{"cluster_id":6,"lat":34.442998,"lon":119.79618388235296,"count":27,"dwell_minutes":37360.066666666666,"center_method":"duration_weighted_stop_medoid","type":"berth","distance_to_coast":4734.379703914702,"inside_china_land":true}},{"type":"Feature","geometry":{"type":"Polygon","coordinates":[[[119.00997685,39.2080997],[119.01036482352941,39.2080997],[119.01036482352941,39.20860946153846],[119.00997685,39.20860946153846],[119.00997685,39.2080997]]]},"properties":{"cluster_id":7,"lat":39.20828947619048,"lon":119.01015265079364,"count":15,"dwell_minutes":14020.566666666666,"center_method":"duration_weighted_stop_medoid","type":"berth","distance_to_coast":2132.7259386106807,"inside_china_land":true}},{"type":"Feature","geometry":{"type":"Polygon","coordinates":[[[119.60831541509434,34.589153625],[119.60832487500001,34.589153625],[119.60832487500001,34.589333169811326],[119.60831541509434,34.589333169811326],[119.60831541509434,34.589153625]]]},"properties":{"cluster_id":8,"lat":34.589259363636366,"lon":119.60832036363637,"count":3,"dwell_minutes":3228.616666666667,"center_method":"duration_weighted_stop_medoid","type":"berth","distance_to_coast":2342.4377284836505,"inside_china_land":false}},{"type":"Feature","geometry":{"type":"Polygon","coordinates":[[[118.46041329166667,38.94623594736842],[118.46146031578947,38.94623594736842],[118.46146031578947,38.94670220879121],[118.46041329166667,38.94670220879121],[118.46041329166667,38.94623594736842]]]},"properties":{"cluster_id":9,"lat":38.946313625,"lon":118.4612499375,"count":19,"dwell_minutes":22028.716666666664,"center_method":"duration_weighted_stop_medoid","type":"berth","distance_to_coast":2639.6590613399385,"inside_china_land":false}},{"type":"Feature","geometry":{"type":"Polygon","coordinates":[[[118.45511244117647,38.952569218390806],[118.45517186363637,38.952569218390806],[118.45517186363637,38.95269167272727],[118.45511244117647,38.95269167272727],[118.45511244117647,38.952569218390806]]]},"properties":{"cluster_id":10,"lat":38.9525831,"lon":118.45517118571428,"count":7,"dwell_minutes":8368.383333333333,"center_method":"duration_weighted_stop_medoid","type":"berth","distance_to_coast":2779.6964175172693,"inside_china_land":false}},{"type":"Feature","geometry":{"type":"Polygon","coordinates":[[[121.25802207500001,39.57991905],[121.2580924516129,39.57991905],[121.2580924516129,39.57996111764706],[121.25802207500001,39.57996111764706],[121.25802207500001,39.57991905]]]},"properties":{"cluster_id":11,"lat":39.57993755,"lon":121.25803563333334,"count":15,"dwell_minutes":38927.05,"center_method":"duration_weighted_stop_medoid","type":"berth","distance_to_coast":1865.553636936765,"inside_china_land":false}},{"type":"Feature","geometry":{"type":"Polygon","coordinates":[[[118.45504735185185,38.971034157894735],[118.45526181818182,38.971034157894735],[118.45526181818182,38.971486666666664],[118.45504735185185,38.971486666666664],[118.45504735185185,38.971034157894735]]]},"properties":{"cluster_id":12,"lat":38.97132482051282,"lon":118.45520733333332,"count":18,"dwell_minutes":24619.1,"center_method":"duration_weighted_stop_medoid","type":"berth","distance_to_coast":1720.8634641884528,"inside_china_land":false}},{"type":"Feature","geometry":{"type":"Polygon","coordinates":[[[121.28963657142856,39.59030487878788],[121.28967287058823,39.59030487878788],[121.28967287058823,39.590425435294115],[121.28963657142856,39.590425435294115],[121.28963657142856,39.59030487878788]]]},"properties":{"cluster_id":13,"lat":39.590376773006135,"lon":121.28965054601224,"count":9,"dwell_minutes":27355.583333333332,"center_method":"duration_weighted_stop_medoid","type":"berth","distance_to_coast":552.2735782697348,"inside_china_land":false}},{"type":"Feature","geometry":{"type":"Polygon","coordinates":[[[118.45499055555554,38.98165162790698],[118.45539586666668,38.98165162790698],[118.45539586666668,38.9821445],[118.45499055555554,38.9821445],[118.45499055555554,38.98165162790698]]]},"properties":{"cluster_id":14,"lat":38.98183034567901,"lon":118.45515754320986,"count":24,"dwell_minutes":19708.616666666665,"center_method":"duration_weighted_stop_medoid","type":"berth","distance_to_coast":1686.5085247037332,"inside_china_land":false}},{"type":"Feature","geometry":{"type":"Polygon","coordinates":[[[118.46346755882352,38.94427353846154],[118.46420587323944,38.94427353846154],[118.46420587323944,38.94500285416667],[118.46346755882352,38.94500285416667],[118.46346755882352,38.94427353846154]]]},"properties":{"cluster_id":15,"lat":38.944983086206896,"lon":118.4640568275862,"count":20,"dwell_minutes":28754.86666666667,"center_method":"duration_weighted_stop_medoid","type":"berth","distance_to_coast":2318.5594017290114,"inside_china_land":false}},{"type":"Feature","geometry":{"type":"Polygon","coordinates":[[[118.4538845,38.94963623529412],[118.45419411764705,38.94963623529412],[118.45419411764705,38.94980745614035],[118.4538845,38.94980745614035],[118.4538845,38.94963623529412]]]},"properties":{"cluster_id":16,"lat":38.9497427,"lon":118.45412000000002,"count":20,"dwell_minutes":24434.999999999996,"center_method":"duration_weighted_stop_medoid","type":"berth","distance_to_coast":3083.6118608595975,"inside_china_land":false}},{"type":"Feature","geometry":{"type":"Polygon","coordinates":[[[118.45794496226415,38.94765243478261],[118.45841039130435,38.94765243478261],[118.45841039130435,38.9479776],[118.45794496226415,38.9479776],[118.45794496226415,38.94765243478261]]]},"properties":{"cluster_id":17,"lat":38.947785,"lon":118.45825825,"count":25,"dwell_minutes":24346.199999999997,"center_method":"duration_weighted_stop_medoid","type":"berth","distance_to_coast":2823.6211433253434,"inside_china_land":false}},{"type":"Feature","geometry":{"type":"Polygon","coordinates":[[[118.45503980000001,38.972685299999995],[118.45525860000001,38.972685299999995],[118.45525860000001,38.97403781818182],[118.45503980000001,38.97403781818182],[118.45503980000001,38.972685299999995]]]},"properties":{"cluster_id":18,"lat":38.97367755263158,"lon":118.45516576315792,"count":38,"dwell_minutes":28868.833333333332,"center_method":"duration_weighted_stop_medoid","type":"berth","distance_to_coast":1716.5552266746424,"inside_china_land":false}},{"type":"Feature","geometry":{"type":"Polygon","coordinates":[[[119.015639,39.20336510526315],[119.01625053125,39.20336510526315],[119.01625053125,39.203669],[119.015639,39.203669],[119.015639,39.20336510526315]]]},"properties":{"cluster_id":19,"lat":39.20344011111111,"lon":119.01600706666666,"count":24,"dwell_minutes":16273.31666666667,"center_method":"duration_weighted_stop_medoid","type":"berth","distance_to_coast":1189.1305233445644,"inside_china_land":true}},{"type":"Feature","geometry":{"type":"Polygon","coordinates":[[[119.00716208333334,39.20242566666666],[119.01085058333332,39.20242566666666],[119.01085058333332,39.20552417391304],[119.00716208333334,39.20552417391304],[119.00716208333334,39.20242566666666]]]},"properties":{"cluster_id":20,"lat":39.20446642857143,"lon":119.00746057142858,"count":68,"dwell_minutes":74309.65000000001,"center_method":"duration_weighted_stop_medoid","type":"berth","distance_to_coast":2025.889529262426,"inside_china_land":true}},{"type":"Feature","geometry":{"type":"Polygon","coordinates":[[[119.03392325,39.215778],[119.034517,39.215778],[119.034517,39.216336],[119.03392325,39.216336],[119.03392325,39.215778]]]},"properties":{"cluster_id":21,"lat":39.21609275862069,"lon":119.03414706896552,"count":19,"dwell_minutes":12956.183333333332,"center_method":"duration_weighted_stop_medoid","type":"berth","distance_to_coast":738.0817195738783,"inside_china_land":true}},{"type":"Feature","geometry":{"type":"Polygon","coordinates":[[[118.4550389,38.960509],[118.45528216666666,38.960509],[118.45528216666666,38.96216121875],[118.4550389,38.96216121875],[118.4550389,38.960509]]]},"properties":{"cluster_id":22,"lat":38.96200658762886,"lon":118.4551459072165,"count":18,"dwell_minutes":21484.966666666664,"center_method":"duration_weighted_stop_medoid","type":"berth","distance_to_coast":2110.47382357178,"inside_china_land":false}},{"type":"Feature","geometry":{"type":"Polygon","coordinates":[[[118.45507305882353,38.95800926315789],[118.45532265,38.95800926315789],[118.45532265,38.95830333333333],[118.45507305882353,38.95830333333333],[118.45507305882353,38.95800926315789]]]},"properties":{"cluster_id":23,"lat":38.95820273170732,"lon":118.455230902439,"count":13,"dwell_minutes":12469.05,"center_method":"duration_weighted_stop_medoid","type":"berth","distance_to_coast":2373.400483303064,"inside_china_land":false}},{"type":"Feature","geometry":{"type":"Polygon","coordinates":[[[119.6765649074074,39.9197670909091],[119.67677970731707,39.9197670909091],[119.67677970731707,39.92019814634146],[119.6765649074074,39.92019814634146],[119.6765649074074,39.9197670909091]]]},"properties":{"cluster_id":24,"lat":39.9200720754717,"lon":119.6767431509434,"count":7,"dwell_minutes":10578.166666666666,"center_method":"duration_weighted_stop_medoid","type":"berth","distance_to_coast":1936.5193884889215,"inside_china_land":false}},{"type":"Feature","geometry":{"type":"Polygon","coordinates":[[[118.45494000000001,38.968597307692306],[118.45525475,38.968597307692306],[118.45525475,38.969096377777774],[118.45494000000001,38.969096377777774],[118.45494000000001,38.968597307692306]]]},"properties":{"cluster_id":25,"lat":38.96871393442623,"lon":118.45514906557376,"count":25,"dwell_minutes":20914.68333333333,"center_method":"duration_weighted_stop_medoid","type":"berth","distance_to_coast":1750.761731372732,"inside_china_land":false}},{"type":"Feature","geometry":{"type":"Polygon","coordinates":[[[118.45502669696971,38.976172999999996],[118.45523627659574,38.976172999999996],[118.45523627659574,38.97762024050633],[118.45502669696971,38.97762024050633],[118.45502669696971,38.976172999999996]]]},"properties":{"cluster_id":26,"lat":38.97720117857143,"lon":118.45511096428572,"count":64,"dwell_minutes":62292.316666666666,"center_method":"duration_weighted_stop_medoid","type":"berth","distance_to_coast":1709.272217621646,"inside_china_land":false}},{"type":"Feature","geometry":{"type":"Polygon","coordinates":[[[118.44363578571428,38.942019625],[118.44951274736842,38.942019625],[118.44951274736842,38.94496042857143],[118.44363578571428,38.94496042857143],[118.44363578571428,38.942019625]]]},"properties":{"cluster_id":27,"lat":38.94346063414634,"lon":118.4467070487805,"count":38,"dwell_minutes":44827.4,"center_method":"duration_weighted_stop_medoid","type":"berth","distance_to_coast":3936.1937298592943,"inside_china_land":false}},{"type":"Feature","geometry":{"type":"Polygon","coordinates":[[[118.45510431707316,38.95534704878048],[118.45531109302325,38.95534704878048],[118.45531109302325,38.95551210294118],[118.45510431707316,38.95551210294118],[118.45510431707316,38.95534704878048]]]},"properties":{"cluster_id":28,"lat":38.95546255102041,"lon":118.45527336734692,"count":7,"dwell_minutes":11444.3,"center_method":"duration_weighted_stop_medoid","type":"berth","distance_to_coast":2564.6071323472174,"inside_china_land":false}},{"type":"Feature","geometry":{"type":"Polygon","coordinates":[[[118.45508627500001,38.965938575],[118.45524084210527,38.965938575],[118.45524084210527,38.966362412844035],[118.45508627500001,38.966362412844035],[118.45508627500001,38.965938575]]]},"properties":{"cluster_id":29,"lat":38.96620921686747,"lon":118.45518392771083,"count":8,"dwell_minutes":10743.066666666668,"center_method":"duration_weighted_stop_medoid","type":"berth","distance_to_coast":1835.4780188676232,"inside_china_land":false}},{"type":"Feature","geometry":{"type":"Polygon","coordinates":[[[117.78800958333333,38.967117767123284],[117.78912627397261,38.967117767123284],[117.78912627397261,38.967332850000005],[117.78800958333333,38.967332850000005],[117.78800958333333,38.967117767123284]]]},"properties":{"cluster_id":31,"lat":38.96711776712328,"lon":117.7891262739726,"count":4,"dwell_minutes":4001.05,"center_method":"duration_weighted_stop_medoid","type":"berth","distance_to_coast":2523.0691504496485,"inside_china_land":false}},{"type":"Feature","geometry":{"type":"Polygon","coordinates":[[[118.4550712244898,38.986542666666665],[118.45534883333333,38.986542666666665],[118.45534883333333,38.986973612244896],[118.4550712244898,38.986973612244896],[118.4550712244898,38.986542666666665]]]},"properties":{"cluster_id":32,"lat":38.98673131914894,"lon":118.45520038297872,"count":12,"dwell_minutes":11145.883333333331,"center_method":"duration_weighted_stop_medoid","type":"berth","distance_to_coast":1663.127423529077,"inside_china_land":false}},{"type":"Feature","geometry":{"type":"Polygon","coordinates":[[[121.25889767692307,39.575],[121.26467133333334,39.575],[121.26467133333334,39.57771215384615],[121.25889767692307,39.57771215384615],[121.25889767692307,39.575]]]},"properties":{"cluster_id":33,"lat":39.576325,"lon":121.262405,"count":199,"dwell_minutes":166489.5,"center_method":"duration_weighted_stop_medoid","type":"berth","distance_to_coast":1152.2445099519489,"inside_china_land":false}},{"type":"Feature","geometry":{"type":"Polygon","coordinates":[[[122.081763625,40.246916285714285],[122.091679,40.246916285714285],[122.091679,40.26135955434783],[122.081763625,40.26135955434783],[122.081763625,40.246916285714285]]]},"properties":{"cluster_id":35,"lat":40.2523666375,"lon":122.082059775,"count":190,"dwell_minutes":241000.5,"center_method":"duration_weighted_stop_medoid","type":"berth","distance_to_coast":2295.9370417446894,"inside_china_land":false}},{"type":"Feature","geometry":{"type":"Polygon","coordinates":[[[121.72594666666666,29.96538368852459],[121.7264625,29.96538368852459],[121.7264625,29.96563312244898],[121.72594666666666,29.96563312244898],[121.72594666666666,29.96538368852459]]]},"properties":{"cluster_id":36,"lat":29.96549193939394,"lon":121.72627675757576,"count":55,"dwell_minutes":86552.36666666667,"center_method":"duration_weighted_stop_medoid","type":"berth","distance_to_coast":147.34235063140258,"inside_china_land":false}},{"type":"Feature","geometry":{"type":"Polygon","coordinates":[[[118.46927111111111,38.960871921875],[118.47720662765957,38.960871921875],[118.47720662765957,38.970386],[118.46927111111111,38.970386],[118.46927111111111,38.960871921875]]]},"properties":{"cluster_id":38,"lat":38.96738914423077,"lon":118.47184888461538,"count":161,"dwell_minutes":281037.7666666667,"center_method":"duration_weighted_stop_medoid","type":"berth","distance_to_coast":114.27162972531528,"inside_china_land":false}},{"type":"Feature","geometry":{"type":"Polygon","coordinates":[[[122.150232,29.9702965],[122.15179982914573,29.9702965],[122.15179982914573,29.971846777777778],[122.150232,29.971846777777778],[122.150232,29.9702965]]]},"properties":{"cluster_id":40,"lat":29.97054466292135,"lon":122.15078051685391,"count":53,"dwell_minutes":67108.95000000001,"center_method":"duration_weighted_stop_medoid","type":"berth","distance_to_coast":3660.416561724206,"inside_china_land":false}},{"type":"Feature","geometry":{"type":"Polygon","coordinates":[[[121.48603305633804,31.02332460606061],[121.48663184848485,31.02332460606061],[121.48663184848485,31.02433825],[121.48603305633804,31.02433825],[121.48603305633804,31.02332460606061]]]},"properties":{"cluster_id":41,"lat":31.024236609375,"lon":121.486345109375,"count":33,"dwell_minutes":28667.983333333337,"center_method":"duration_weighted_stop_medoid","type":"berth","distance_to_coast":27671.1719958002,"inside_china_land":true}},{"type":"Feature","geometry":{"type":"Polygon","coordinates":[[[121.475288,31.039779199999998],[121.47699480000001,31.039779199999998],[121.47699480000001,31.041509400000002],[121.475288,31.041509400000002],[121.475288,31.039779199999998]]]},"properties":{"cluster_id":42,"lat":31.04006892,"lon":121.47640692,"count":81,"dwell_minutes":39140.50000000001,"center_method":"duration_weighted_stop_medoid","type":"berth","distance_to_coast":29942.696466801535,"inside_china_land":true}},{"type":"Feature","geometry":{"type":"Polygon","coordinates":[[[119.73609817647059,26.7259164],[119.73629766666666,26.7259164],[119.73629766666666,26.726207],[119.73609817647059,26.726207],[119.73609817647059,26.7259164]]]},"properties":{"cluster_id":43,"lat":26.72602115384615,"lon":119.73616476923075,"count":54,"dwell_minutes":39860.95,"center_method":"duration_weighted_stop_medoid","type":"berth","distance_to_coast":1404.1748275013765,"inside_china_land":false}},{"type":"Feature","geometry":{"type":"Polygon","coordinates":[[[121.45754916666665,31.132414],[121.45992859999998,31.132414],[121.45992859999998,31.1335325],[121.45754916666665,31.1335325],[121.45754916666665,31.132414]]]},"properties":{"cluster_id":44,"lat":31.133493692307695,"lon":121.45783084615384,"count":10,"dwell_minutes":2505.75,"center_method":"duration_weighted_stop_medoid","type":"berth","distance_to_coast":31745.730721924017,"inside_china_land":true}},{"type":"Feature","geometry":{"type":"Polygon","coordinates":[[[119.502072,26.040309614285714],[119.50302636206897,26.040309614285714],[119.50302636206897,26.042718809523812],[119.502072,26.042718809523812],[119.502072,26.040309614285714]]]},"properties":{"cluster_id":46,"lat":26.0411542,"lon":119.50263850000002,"count":29,"dwell_minutes":31001.216666666667,"center_method":"duration_weighted_stop_medoid","type":"berth","distance_to_coast":232.05310722921007,"inside_china_land":false}},{"type":"Feature","geometry":{"type":"Polygon","coordinates":[[[121.3729786981132,31.500971693779903],[121.37381081818181,31.500971693779903],[121.37381081818181,31.501492454545453],[121.3729786981132,31.501492454545453],[121.3729786981132,31.500971693779903]]]},"properties":{"cluster_id":49,"lat":31.500971693779903,"lon":121.37298716746412,"count":3,"dwell_minutes":7562.533333333333,"center_method":"duration_weighted_stop_medoid","type":"berth","distance_to_coast":3242.335259595585,"inside_china_land":false}},{"type":"Feature","geometry":{"type":"Polygon","coordinates":[[[118.99417348913043,39.21475753125],[118.99893167777779,39.21475753125],[118.99893167777779,39.21599134375],[118.99417348913043,39.21599134375],[118.99417348913043,39.21475753125]]]},"properties":{"cluster_id":51,"lat":39.21580473033709,"lon":118.9969772022472,"count":69,"dwell_minutes":115839.63333333336,"center_method":"duration_weighted_stop_medoid","type":"berth","distance_to_coast":3952.776217782963,"inside_china_land":true}},{"type":"Feature","geometry":{"type":"Polygon","coordinates":[[[117.73838953333333,38.98509847619047],[117.73926379310345,38.98509847619047],[117.73926379310345,38.985410599999994],[117.73838953333333,38.985410599999994],[117.73838953333333,38.98509847619047]]]},"properties":{"cluster_id":53,"lat":38.98517462831859,"lon":117.7388952920354,"count":15,"dwell_minutes":22895.833333333336,"center_method":"duration_weighted_stop_medoid","type":"berth","distance_to_coast":317.29048347970155,"inside_china_land":true}},{"type":"Feature","geometry":{"type":"Polygon","coordinates":[[[121.73683842857143,29.97189542857143],[121.73976107692307,29.97189542857143],[121.73976107692307,29.974040600000002],[121.73683842857143,29.974040600000002],[121.73683842857143,29.97189542857143]]]},"properties":{"cluster_id":54,"lat":29.97346655555556,"lon":121.73853333333334,"count":48,"dwell_minutes":91436.28333333333,"center_method":"duration_weighted_stop_medoid","type":"berth","distance_to_coast":823.3975578555277,"inside_china_land":false}},{"type":"Feature","geometry":{"type":"Polygon","coordinates":[[[117.73597070000001,38.98586048863637],[117.73702153977273,38.98586048863637],[117.73702153977273,38.98626331372549],[117.73597070000001,38.98626331372549],[117.73597070000001,38.98586048863637]]]},"properties":{"cluster_id":55,"lat":38.98586048863637,"lon":117.73702153977273,"count":4,"dwell_minutes":8577.183333333334,"center_method":"duration_weighted_stop_medoid","type":"berth","distance_to_coast":373.148087227327,"inside_china_land":true}},{"type":"Feature","geometry":{"type":"Polygon","coordinates":[[[120.87246025,27.9971175],[120.8785063142857,27.9971175],[120.8785063142857,27.99748455882353],[120.87246025,27.99748455882353],[120.87246025,27.9971175]]]},"properties":{"cluster_id":56,"lat":27.997375842857146,"lon":120.87555838571429,"count":62,"dwell_minutes":104632.46666666667,"center_method":"duration_weighted_stop_medoid","type":"berth","distance_to_coast":123.58472298142446,"inside_china_land":false}},{"type":"Feature","geometry":{"type":"Polygon","coordinates":[[[120.55422602222222,31.998371],[120.55749922222223,31.998371],[120.55749922222223,31.998942155555557],[120.55422602222222,31.998942155555557],[120.55422602222222,31.998371]]]},"properties":{"cluster_id":57,"lat":31.998684683544305,"lon":120.5561041392405,"count":10,"dwell_minutes":13683.55,"center_method":"duration_weighted_stop_medoid","type":"berth","distance_to_coast":980.4096417231776,"inside_china_land":true}},{"type":"Feature","geometry":{"type":"Polygon","coordinates":[[[121.37026337500001,31.496945823529412],[121.37259999999999,31.496945823529412],[121.37259999999999,31.498358375],[121.37026337500001,31.498358375],[121.37026337500001,31.496945823529412]]]},"properties":{"cluster_id":58,"lat":31.49786483435583,"lon":121.37119857055217,"count":20,"dwell_minutes":27682.18333333333,"center_method":"duration_weighted_stop_medoid","type":"berth","distance_to_coast":2800.748337126557,"inside_china_land":false}},{"type":"Feature","geometry":{"type":"Polygon","coordinates":[[[120.790171,27.969929461538463],[120.79674361538461,27.969929461538463],[120.79674361538461,27.970674196969696],[120.790171,27.970674196969696],[120.790171,27.969929461538463]]]},"properties":{"cluster_id":60,"lat":27.97040362162162,"lon":120.7919195,"count":92,"dwell_minutes":127449.95,"center_method":"duration_weighted_stop_medoid","type":"berth","distance_to_coast":536.6408800381062,"inside_china_land":false}},{"type":"Feature","geometry":{"type":"Polygon","coordinates":[[[121.55477577777778,31.312244363636363],[121.555026,31.312244363636363],[121.555026,31.313271574999998],[121.55477577777778,31.313271574999998],[121.55477577777778,31.312244363636363]]]},"properties":{"cluster_id":61,"lat":31.31232717721519,"lon":121.5548366329114,"count":14,"dwell_minutes":21990.766666666663,"center_method":"duration_weighted_stop_medoid","type":"berth","distance_to_coast":6103.858610310154,"inside_china_land":true}},{"type":"Feature","geometry":{"type":"Polygon","coordinates":[[[121.272018625,39.50377208333333],[121.27233904761906,39.50377208333333],[121.27233904761906,39.509790333333335],[121.272018625,39.509790333333335],[121.272018625,39.50377208333333]]]},"properties":{"cluster_id":63,"lat":39.50829981640625,"lon":121.27224996875,"count":22,"dwell_minutes":27302.13333333333,"center_method":"duration_weighted_stop_medoid","type":"berth","distance_to_coast":965.7702981336924,"inside_china_land":false}},{"type":"Feature","geometry":{"type":"Polygon","coordinates":[[[120.15802029166667,31.92195714705882],[120.15862666666665,31.92195714705882],[120.15862666666665,31.922927666666666],[120.15802029166667,31.922927666666666],[120.15802029166667,31.92195714705882]]]},"properties":{"cluster_id":64,"lat":31.9221567,"lon":120.15847853333334,"count":29,"dwell_minutes":44004.416666666664,"center_method":"duration_weighted_stop_medoid","type":"berth","distance_to_coast":1872.3634187279088,"inside_china_land":false}},{"type":"Feature","geometry":{"type":"Polygon","coordinates":[[[121.40170893333334,31.47897],[121.4027206111111,31.47897],[121.4027206111111,31.479948833333335],[121.40170893333334,31.479948833333335],[121.40170893333334,31.47897]]]},"properties":{"cluster_id":65,"lat":31.47966566666667,"lon":121.40186585714284,"count":17,"dwell_minutes":15119.65,"center_method":"duration_weighted_stop_medoid","type":"berth","distance_to_coast":2325.005325316604,"inside_china_land":false}},{"type":"Feature","geometry":{"type":"Polygon","coordinates":[[[118.47804800000002,38.94827506976744],[118.48741376744186,38.94827506976744],[118.48741376744186,38.95965709289618],[118.47804800000002,38.95965709289618],[118.47804800000002,38.94827506976744]]]},"properties":{"cluster_id":66,"lat":38.95535621454545,"lon":118.48164275636364,"count":120,"dwell_minutes":253440.63333333336,"center_method":"duration_weighted_stop_medoid","type":"berth","distance_to_coast":26.465226663555963,"inside_china_land":false}},{"type":"Feature","geometry":{"type":"Polygon","coordinates":[[[121.03465080434782,31.74199363235294],[121.03846639705883,31.74199363235294],[121.03846639705883,31.74364288888889],[121.03465080434782,31.74364288888889],[121.03465080434782,31.74199363235294]]]},"properties":{"cluster_id":67,"lat":31.74276472368421,"lon":121.0366452236842,"count":20,"dwell_minutes":20324.933333333334,"center_method":"duration_weighted_stop_medoid","type":"berth","distance_to_coast":950.3659639076732,"inside_china_land":false}},{"type":"Feature","geometry":{"type":"Polygon","coordinates":[[[120.16430623076924,31.923542076923077],[120.16552866666666,31.923542076923077],[120.16552866666666,31.92372378125],[120.16430623076924,31.92372378125],[120.16430623076924,31.923542076923077]]]},"properties":{"cluster_id":68,"lat":31.923670414715723,"lon":120.16438249498329,"count":12,"dwell_minutes":19679.45,"center_method":"duration_weighted_stop_medoid","type":"berth","distance_to_coast":1897.8718277264752,"inside_china_land":false}},{"type":"Feature","geometry":{"type":"Polygon","coordinates":[[[110.03460860465115,19.963589976744185],[110.03634652941177,19.963589976744185],[110.03634652941177,19.96407082352941],[110.03460860465115,19.96407082352941],[110.03460860465115,19.963589976744185]]]},"properties":{"cluster_id":69,"lat":19.96389988372093,"lon":110.03564493023256,"count":5,"dwell_minutes":6484.583333333334,"center_method":"duration_weighted_stop_medoid","type":"berth","distance_to_coast":377.5819621102426,"inside_china_land":true}},{"type":"Feature","geometry":{"type":"Polygon","coordinates":[[[113.44276269411765,23.094223],[113.4457958,23.094223],[113.4457958,23.094481028037382],[113.44276269411765,23.094481028037382],[113.44276269411765,23.094223]]]},"properties":{"cluster_id":70,"lat":23.09446008641975,"lon":113.44304682098765,"count":20,"dwell_minutes":40970.68333333335,"center_method":"duration_weighted_stop_medoid","type":"berth","distance_to_coast":525.4891937853026,"inside_china_land":true}},{"type":"Feature","geometry":{"type":"Polygon","coordinates":[[[110.43011804444444,21.078049297297298],[110.43049178378378,21.078049297297298],[110.43049178378378,21.078326590361446],[110.43011804444444,21.078326590361446],[110.43011804444444,21.078049297297298]]]},"properties":{"cluster_id":71,"lat":21.078314313253017,"lon":110.43014508433735,"count":5,"dwell_minutes":13281.65,"center_method":"duration_weighted_stop_medoid","type":"berth","distance_to_coast":2491.852560338941,"inside_china_land":false}},{"type":"Feature","geometry":{"type":"Polygon","coordinates":[[[116.50398022222222,23.44369425],[116.50719491891893,23.44369425],[116.50719491891893,23.444103216216217],[116.50398022222222,23.444103216216217],[116.50398022222222,23.44369425]]]},"properties":{"cluster_id":72,"lat":23.444005131578947,"lon":116.50524764473684,"count":25,"dwell_minutes":26139.266666666663,"center_method":"duration_weighted_stop_medoid","type":"berth","distance_to_coast":3681.361871128867,"inside_china_land":true}},{"type":"Feature","geometry":{"type":"Polygon","coordinates":[[[119.0133283943662,25.186847245614032],[119.014469875,25.186847245614032],[119.014469875,25.1874211875],[119.0133283943662,25.1874211875],[119.0133283943662,25.186847245614032]]]},"properties":{"cluster_id":73,"lat":25.186847245614032,"lon":119.01362978947368,"count":3,"dwell_minutes":3839.116666666667,"center_method":"duration_weighted_stop_medoid","type":"berth","distance_to_coast":3943.3852100212753,"inside_china_land":false}},{"type":"Feature","geometry":{"type":"Polygon","coordinates":[[[113.480144,23.06045836666667],[113.48332433333333,23.06045836666667],[113.48332433333333,23.0617182],[113.480144,23.0617182],[113.480144,23.06045836666667]]]},"properties":{"cluster_id":74,"lat":23.060967670731703,"lon":113.48216118292682,"count":33,"dwell_minutes":40054.86666666667,"center_method":"duration_weighted_stop_medoid","type":"berth","distance_to_coast":873.1644406004658,"inside_china_land":false}},{"type":"Feature","geometry":{"type":"Polygon","coordinates":[[[119.78513560869564,35.58571570588236],[119.79425270219436,35.58571570588236],[119.79425270219436,35.604486158823526],[119.78513560869564,35.604486158823526],[119.78513560869564,35.58571570588236]]]},"properties":{"cluster_id":75,"lat":35.596761560509556,"lon":119.79058261146498,"count":152,"dwell_minutes":169947.0,"center_method":"duration_weighted_stop_medoid","type":"berth","distance_to_coast":1621.3055788162196,"inside_china_land":false}},{"type":"Feature","geometry":{"type":"Polygon","coordinates":[[[118.1146665,31.22],[118.11934,31.22],[118.11934,31.22261],[118.1146665,31.22261],[118.1146665,31.22]]]},"properties":{"cluster_id":77,"lat":31.22124368181818,"lon":118.11658554545456,"count":83,"dwell_minutes":43799.88333333333,"center_method":"duration_weighted_stop_medoid","type":"berth","distance_to_coast":209265.56514034796,"inside_china_land":true}},{"type":"Feature","geometry":{"type":"Polygon","coordinates":[[[121.23523965217392,36.671162625],[121.23533452500001,36.671162625],[121.23533452500001,36.672609040000005],[121.23523965217392,36.672609040000005],[121.23523965217392,36.671162625]]]},"properties":{"cluster_id":78,"lat":36.67145516981132,"lon":121.23532349056605,"count":5,"dwell_minutes":6881.333333333333,"center_method":"duration_weighted_stop_medoid","type":"berth","distance_to_coast":2438.6188097331465,"inside_china_land":false}},{"type":"Feature","geometry":{"type":"Polygon","coordinates":[[[108.35751994736843,21.570296368421054],[108.35904584057971,21.570296368421054],[108.35904584057971,21.57456691304348],[108.35751994736843,21.57456691304348],[108.35751994736843,21.570296368421054]]]},"properties":{"cluster_id":79,"lat":21.572527901960783,"lon":108.3583975882353,"count":33,"dwell_minutes":56725.3,"center_method":"duration_weighted_stop_medoid","type":"berth","distance_to_coast":3493.6039669247007,"inside_china_land":false}},{"type":"Feature","geometry":{"type":"Polygon","coordinates":[[[116.4877802,23.490381666666668],[116.48891116666665,23.490381666666668],[116.48891116666665,23.49609875],[116.4877802,23.49609875],[116.4877802,23.490381666666668]]]},"properties":{"cluster_id":81,"lat":23.4927091875,"lon":116.488474375,"count":134,"dwell_minutes":107144.41666666669,"center_method":"duration_weighted_stop_medoid","type":"berth","distance_to_coast":9773.84709018471,"inside_china_land":true}},{"type":"Feature","geometry":{"type":"Polygon","coordinates":[[[119.47030789361702,25.982506880000003],[119.4711575,25.982506880000003],[119.4711575,25.983342714285715],[119.47030789361702,25.983342714285715],[119.47030789361702,25.982506880000003]]]},"properties":{"cluster_id":82,"lat":25.9826992625,"lon":119.4704906,"count":24,"dwell_minutes":21048.416666666664,"center_method":"duration_weighted_stop_medoid","type":"berth","distance_to_coast":58.62966427914221,"inside_china_land":false}},{"type":"Feature","geometry":{"type":"Polygon","coordinates":[[[108.37148629411764,21.617657352941176],[108.37351056923077,21.617657352941176],[108.37351056923077,21.62081313846154],[108.37148629411764,21.62081313846154],[108.37148629411764,21.617657352941176]]]},"properties":{"cluster_id":83,"lat":21.619233634615384,"lon":108.37241207692308,"count":24,"dwell_minutes":54554.833333333336,"center_method":"duration_weighted_stop_medoid","type":"berth","distance_to_coast":3504.807418079892,"inside_china_land":false}},{"type":"Feature","geometry":{"type":"Polygon","coordinates":[[[120.18585882926828,31.9238372],[120.18988015,31.9238372],[120.18988015,31.924147607142856],[120.18585882926828,31.924147607142856],[120.18585882926828,31.9238372]]]},"properties":{"cluster_id":85,"lat":31.92403638271605,"lon":120.18753713580249,"count":24,"dwell_minutes":19192.466666666667,"center_method":"duration_weighted_stop_medoid","type":"berth","distance_to_coast":1662.5893962160026,"inside_china_land":false}},{"type":"Feature","geometry":{"type":"Polygon","coordinates":[[[122.07375414285715,40.30679872727273],[122.07889519354839,40.30679872727273],[122.07889519354839,40.3142518],[122.07375414285715,40.3142518],[122.07375414285715,40.30679872727273]]]},"properties":{"cluster_id":86,"lat":40.30988185,"lon":122.07679826666666,"count":38,"dwell_minutes":36328.55,"center_method":"duration_weighted_stop_medoid","type":"berth","distance_to_coast":3263.838073854356,"inside_china_land":false}},{"type":"Feature","geometry":{"type":"Polygon","coordinates":[[[119.03084771428573,32.186848857142856],[119.03200352,32.186848857142856],[119.03200352,32.187437981818185],[119.03084771428573,32.187437981818185],[119.03084771428573,32.186848857142856]]]},"properties":{"cluster_id":87,"lat":32.187284702127656,"lon":119.03183740425531,"count":30,"dwell_minutes":38122.583333333336,"center_method":"duration_weighted_stop_medoid","type":"berth","distance_to_coast":63933.5256435869,"inside_china_land":true}},{"type":"Feature","geometry":{"type":"Polygon","coordinates":[[[120.95035680000001,31.807309666666665],[120.95151345454546,31.807309666666665],[120.95151345454546,31.8081398],[120.95035680000001,31.8081398],[120.95035680000001,31.807309666666665]]]},"properties":{"cluster_id":88,"lat":31.807495000000003,"lon":120.95136605263156,"count":10,"dwell_minutes":6825.133333333333,"center_method":"duration_weighted_stop_medoid","type":"berth","distance_to_coast":2068.0059825975936,"inside_china_land":false}},{"type":"Feature","geometry":{"type":"Polygon","coordinates":[[[120.17917382,31.945092333333335],[120.18288468,31.945092333333335],[120.18288468,31.946410949152543],[120.17917382,31.946410949152543],[120.17917382,31.945092333333335]]]},"properties":{"cluster_id":89,"lat":31.946100973684217,"lon":120.18253515789472,"count":37,"dwell_minutes":43503.99999999999,"center_method":"duration_weighted_stop_medoid","type":"berth","distance_to_coast":1233.8918531153531,"inside_china_land":true}},{"type":"Feature","geometry":{"type":"Polygon","coordinates":[[[118.467742375,31.763114375],[118.46851411111112,31.763114375],[118.46851411111112,31.763916833333333],[118.467742375,31.763916833333333],[118.467742375,31.763114375]]]},"properties":{"cluster_id":90,"lat":31.7639074,"lon":118.468504875,"count":3,"dwell_minutes":2461.7166666666667,"center_method":"duration_weighted_stop_medoid","type":"berth","distance_to_coast":138797.88384073874,"inside_china_land":true}},{"type":"Feature","geometry":{"type":"Polygon","coordinates":[[[118.20189478787879,31.279233285714287],[118.2094185,31.279233285714287],[118.2094185,31.286686],[118.20189478787879,31.286686],[118.20189478787879,31.279233285714287]]]},"properties":{"cluster_id":91,"lat":31.283930204545456,"lon":118.20547847727272,"count":86,"dwell_minutes":72621.11666666667,"center_method":"duration_weighted_stop_medoid","type":"berth","distance_to_coast":196445.48993821227,"inside_china_land":true}},{"type":"Feature","geometry":{"type":"Polygon","coordinates":[[[121.559775,31.302903264150945],[121.56043882857144,31.302903264150945],[121.56043882857144,31.30739680851064],[121.559775,31.30739680851064],[121.559775,31.302903264150945]]]},"properties":{"cluster_id":93,"lat":31.30415415,"lon":121.5601547,"count":114,"dwell_minutes":88784.55,"center_method":"duration_weighted_stop_medoid","type":"berth","distance_to_coast":6859.374870127398,"inside_china_land":true}},{"type":"Feature","geometry":{"type":"Polygon","coordinates":[[[119.69571873076923,26.456746578947367],[119.70214730769231,26.456746578947367],[119.70214730769231,26.46044214102564],[119.69571873076923,26.46044214102564],[119.69571873076923,26.456746578947367]]]},"properties":{"cluster_id":94,"lat":26.45870865,"lon":119.69895553333336,"count":37,"dwell_minutes":32349.816666666666,"center_method":"duration_weighted_stop_medoid","type":"berth","distance_to_coast":402.2091046341441,"inside_china_land":true}},{"type":"Feature","geometry":{"type":"Polygon","coordinates":[[[119.61986343589743,25.729530999999998],[119.62176645945945,25.729530999999998],[119.62176645945945,25.73288721875],[119.61986343589743,25.73288721875],[119.61986343589743,25.729530999999998]]]},"properties":{"cluster_id":96,"lat":25.731651285714285,"lon":119.62112745238096,"count":36,"dwell_minutes":32756.23333333333,"center_method":"duration_weighted_stop_medoid","type":"berth","distance_to_coast":2051.7313522617897,"inside_china_land":false}},{"type":"Feature","geometry":{"type":"Polygon","coordinates":[[[119.37276245454545,35.090082621621626],[119.37324589189188,35.090082621621626],[119.37324589189188,35.0927434032258],[119.37276245454545,35.0927434032258],[119.37276245454545,35.090082621621626]]]},"properties":{"cluster_id":97,"lat":35.092108595238095,"lon":119.37292204761904,"count":8,"dwell_minutes":7868.616666666667,"center_method":"duration_weighted_stop_medoid","type":"berth","distance_to_coast":1789.1307992645466,"inside_china_land":false}},{"type":"Feature","geometry":{"type":"Polygon","coordinates":[[[120.20361172222222,31.943821749999998],[120.20698675,31.943821749999998],[120.20698675,31.944205099999998],[120.20361172222222,31.944205099999998],[120.20361172222222,31.943821749999998]]]},"properties":{"cluster_id":98,"lat":31.944038944444443,"lon":120.2048288888889,"count":30,"dwell_minutes":34266.5,"center_method":"duration_weighted_stop_medoid","type":"berth","distance_to_coast":953.4357995737142,"inside_china_land":true}},{"type":"Feature","geometry":{"type":"Polygon","coordinates":[[[119.94829278571429,32.04494414285714],[119.94875193333334,32.04494414285714],[119.94875193333334,32.04505446666666],[119.94829278571429,32.04505446666666],[119.94829278571429,32.04494414285714]]]},"properties":{"cluster_id":99,"lat":32.04494414285714,"lon":119.94829278571429,"count":2,"dwell_minutes":643.6833333333334,"center_method":"duration_weighted_stop_medoid","type":"berth","distance_to_coast":2018.2293602079324,"inside_china_land":false}},{"type":"Feature","geometry":{"type":"Polygon","coordinates":[[[119.8261698695652,32.3118429375],[119.82726931506848,32.3118429375],[119.82726931506848,32.31294358695652],[119.8261698695652,32.31294358695652],[119.8261698695652,32.3118429375]]]},"properties":{"cluster_id":100,"lat":32.312219,"lon":119.82690560869564,"count":30,"dwell_minutes":31563.05,"center_method":"duration_weighted_stop_medoid","type":"berth","distance_to_coast":401.5778094200802,"inside_china_land":true}},{"type":"Feature","geometry":{"type":"Polygon","coordinates":[[[119.38990697058823,35.1606826],[119.4059923877551,35.1606826],[119.4059923877551,35.16095996153847],[119.38990697058823,35.16095996153847],[119.38990697058823,35.1606826]]]},"properties":{"cluster_id":101,"lat":35.160832944444444,"lon":119.39735731111112,"count":214,"dwell_minutes":379635.01666666666,"center_method":"duration_weighted_stop_medoid","type":"berth","distance_to_coast":2012.9753736929224,"inside_china_land":false}},{"type":"Feature","geometry":{"type":"Polygon","coordinates":[[[119.40051330000001,34.749682395348835],[119.40255475,34.749682395348835],[119.40255475,34.749848],[119.40051330000001,34.749848],[119.40051330000001,34.749682395348835]]]},"properties":{"cluster_id":102,"lat":34.74982554761905,"lon":119.40195907142858,"count":8,"dwell_minutes":15775.533333333333,"center_method":"duration_weighted_stop_medoid","type":"berth","distance_to_coast":172.87497279137813,"inside_china_land":true}},{"type":"Feature","geometry":{"type":"Polygon","coordinates":[[[119.413903,34.7459588],[119.41422685,34.7459588],[119.41422685,34.74656485483871],[119.413903,34.74656485483871],[119.413903,34.7459588]]]},"properties":{"cluster_id":103,"lat":34.74634832960894,"lon":119.41412307821228,"count":15,"dwell_minutes":27636.1,"center_method":"duration_weighted_stop_medoid","type":"berth","distance_to_coast":570.7636535578008,"inside_china_land":true}},{"type":"Feature","geometry":{"type":"Polygon","coordinates":[[[119.55330825,34.61000527142858],[119.55638304285715,34.61000527142858],[119.55638304285715,34.61601616666667],[119.55330825,34.61601616666667],[119.55330825,34.61000527142858]]]},"properties":{"cluster_id":105,"lat":34.61306597674418,"lon":119.55368593023256,"count":38,"dwell_minutes":42864.33333333334,"center_method":"duration_weighted_stop_medoid","type":"berth","distance_to_coast":1128.330917749804,"inside_china_land":false}},{"type":"Feature","geometry":{"type":"Polygon","coordinates":[[[119.5153366,35.30612470833333],[119.51584935999999,35.30612470833333],[119.51584935999999,35.3109822],[119.5153366,35.3109822],[119.5153366,35.30612470833333]]]},"properties":{"cluster_id":106,"lat":35.31009268571428,"lon":119.51572828571427,"count":20,"dwell_minutes":18275.766666666663,"center_method":"duration_weighted_stop_medoid","type":"berth","distance_to_coast":3161.9879362185548,"inside_china_land":false}},{"type":"Feature","geometry":{"type":"Polygon","coordinates":[[[119.74893588030302,34.32600646060606],[119.74901274157304,34.32600646060606],[119.74901274157304,34.32603720786517],[119.74893588030302,34.32603720786517],[119.74893588030302,34.32600646060606]]]},"properties":{"cluster_id":107,"lat":34.32600646060606,"lon":119.74893588030302,"count":2,"dwell_minutes":25036.466666666667,"center_method":"duration_weighted_stop_medoid","type":"berth","distance_to_coast":21294.358403220183,"inside_china_land":true}},{"type":"Feature","geometry":{"type":"Polygon","coordinates":[[[120.77846354285715,32.02511788888889],[120.77977066,32.02511788888889],[120.77977066,32.025554514285716],[120.77846354285715,32.025554514285716],[120.77846354285715,32.02511788888889]]]},"properties":{"cluster_id":108,"lat":32.02526875,"lon":120.77957128125,"count":30,"dwell_minutes":18956.86666666667,"center_method":"duration_weighted_stop_medoid","type":"berth","distance_to_coast":458.6520968310948,"inside_china_land":false}},{"type":"Feature","geometry":{"type":"Polygon","coordinates":[[[121.50365325,32.1199942],[121.5040629390244,32.1199942],[121.5040629390244,32.120231674418605],[121.50365325,32.120231674418605],[121.50365325,32.1199942]]]},"properties":{"cluster_id":109,"lat":32.120104159090914,"lon":121.50398854545456,"count":20,"dwell_minutes":24604.266666666663,"center_method":"duration_weighted_stop_medoid","type":"berth","distance_to_coast":1341.26896643204,"inside_china_land":false}},{"type":"Feature","geometry":{"type":"Polygon","coordinates":[[[119.54726095652175,35.363394695652175],[119.54944701282052,35.363394695652175],[119.54944701282052,35.37009312820513],[119.54726095652175,35.37009312820513],[119.54726095652175,35.363394695652175]]]},"properties":{"cluster_id":110,"lat":35.367758055555555,"lon":119.54859058333334,"count":63,"dwell_minutes":64260.15,"center_method":"duration_weighted_stop_medoid","type":"berth","distance_to_coast":855.610022393337,"inside_china_land":false}},{"type":"Feature","geometry":{"type":"Polygon","coordinates":[[[119.64634833333332,39.926118],[119.64679563333334,39.926118],[119.64679563333334,39.9262098],[119.64634833333332,39.9262098],[119.64634833333332,39.926118]]]},"properties":{"cluster_id":111,"lat":39.9262098,"lon":119.64679563333334,"count":3,"dwell_minutes":1712.45,"center_method":"duration_weighted_stop_medoid","type":"berth","distance_to_coast":131.16290994745685,"inside_china_land":true}},{"type":"Feature","geometry":{"type":"Polygon","coordinates":[[[119.5507918955224,35.37244286666667],[119.55270082142856,35.37244286666667],[119.55270082142856,35.37624315217391],[119.5507918955224,35.37624315217391],[119.5507918955224,35.37244286666667]]]},"properties":{"cluster_id":112,"lat":35.37379966666666,"lon":119.55214666666666,"count":37,"dwell_minutes":40181.58333333333,"center_method":"duration_weighted_stop_medoid","type":"berth","distance_to_coast":611.6074603154241,"inside_china_land":false}},{"type":"Feature","geometry":{"type":"Polygon","coordinates":[[[121.84739925,38.948158166666666],[121.84790425,38.948158166666666],[121.84790425,38.94869514285715],[121.84739925,38.94869514285715],[121.84739925,38.948158166666666]]]},"properties":{"cluster_id":114,"lat":38.948408875,"lon":121.8477016875,"count":112,"dwell_minutes":109696.41666666666,"center_method":"duration_weighted_stop_medoid","type":"berth","distance_to_coast":86.02395243591111,"inside_china_land":true}},{"type":"Feature","geometry":{"type":"Polygon","coordinates":[[[120.7533802,32.000552666666664],[120.75446955555556,32.000552666666664],[120.75446955555556,32.0009796],[120.7533802,32.0009796],[120.7533802,32.000552666666664]]]},"properties":{"cluster_id":115,"lat":32.000552666666664,"lon":120.75446955555556,"count":2,"dwell_minutes":326.9666666666667,"center_method":"duration_weighted_stop_medoid","type":"berth","distance_to_coast":2883.942088045357,"inside_china_land":false}},{"type":"Feature","geometry":{"type":"Polygon","coordinates":[[[121.49862985714286,31.379981076923077],[121.49896642857142,31.379981076923077],[121.49896642857142,31.38099557142857],[121.49862985714286,31.38099557142857],[121.49862985714286,31.379981076923077]]]},"properties":{"cluster_id":116,"lat":31.38006101818182,"lon":121.498738,"count":59,"dwell_minutes":67159.48333333334,"center_method":"duration_weighted_stop_medoid","type":"berth","distance_to_coast":1614.5254114839274,"inside_china_land":true}},{"type":"Feature","geometry":{"type":"Polygon","coordinates":[[[121.04189805769231,31.739690666666668],[121.04362788888888,31.739690666666668],[121.04362788888888,31.74045640740741],[121.04189805769231,31.74045640740741],[121.04189805769231,31.739690666666668]]]},"properties":{"cluster_id":117,"lat":31.740033266666668,"lon":121.04287126666668,"count":23,"dwell_minutes":29521.633333333335,"center_method":"duration_weighted_stop_medoid","type":"berth","distance_to_coast":887.9772159695807,"inside_china_land":false}},{"type":"Feature","geometry":{"type":"Polygon","coordinates":[[[120.43498826562501,31.97010585714286],[120.43762577777778,31.97010585714286],[120.43762577777778,31.971371],[120.43498826562501,31.971371],[120.43498826562501,31.97010585714286]]]},"properties":{"cluster_id":118,"lat":31.970610264705883,"lon":120.43600247058824,"count":47,"dwell_minutes":36393.38333333333,"center_method":"duration_weighted_stop_medoid","type":"berth","distance_to_coast":706.3180712207543,"inside_china_land":true}},{"type":"Feature","geometry":{"type":"Polygon","coordinates":[[[120.37418325,31.9664525625],[120.375,31.9664525625],[120.375,31.966857615384615],[120.37418325,31.966857615384615],[120.37418325,31.9664525625]]]},"properties":{"cluster_id":121,"lat":31.966802806451614,"lon":120.37446687096777,"count":19,"dwell_minutes":17974.18333333333,"center_method":"duration_weighted_stop_medoid","type":"berth","distance_to_coast":605.8593101889087,"inside_china_land":false}},{"type":"Feature","geometry":{"type":"Polygon","coordinates":[[[122.0716090923077,30.001392861538463],[122.07244033333335,30.001392861538463],[122.07244033333335,30.002886666666665],[122.0716090923077,30.002886666666665],[122.0716090923077,30.001392861538463]]]},"properties":{"cluster_id":122,"lat":30.002775504237285,"lon":122.07174018559324,"count":18,"dwell_minutes":93425.56666666668,"center_method":"duration_weighted_stop_medoid","type":"berth","distance_to_coast":1785.4965784530011,"inside_china_land":false}},{"type":"Feature","geometry":{"type":"Polygon","coordinates":[[[120.36917968421051,31.9647146056338],[120.36975144927537,31.9647146056338],[120.36975144927537,31.966207114348144],[120.36917968421051,31.966207114348144],[120.36917968421051,31.9647146056338]]]},"properties":{"cluster_id":124,"lat":31.966207114348144,"lon":120.36973242024764,"count":7,"dwell_minutes":52133.649999999994,"center_method":"duration_weighted_stop_medoid","type":"berth","distance_to_coast":634.7407057806174,"inside_china_land":false}},{"type":"Feature","geometry":{"type":"Polygon","coordinates":[[[121.75923041176469,38.979260764705884],[121.760178,38.979260764705884],[121.760178,38.979783000000005],[121.75923041176469,38.979783000000005],[121.75923041176469,38.979260764705884]]]},"properties":{"cluster_id":125,"lat":38.97926076470589,"lon":121.75923041176468,"count":2,"dwell_minutes":519.0333333333333,"center_method":"duration_weighted_stop_medoid","type":"berth","distance_to_coast":3918.821581806206,"inside_china_land":false}},{"type":"Feature","geometry":{"type":"Polygon","coordinates":[[[122.06994922580645,30.001771735353536],[122.07008256818182,30.001771735353536],[122.07008256818182,30.002035227272724],[122.06994922580645,30.002035227272724],[122.06994922580645,30.001771735353536]]]},"properties":{"cluster_id":126,"lat":30.001771735353536,"lon":122.07004062626262,"count":5,"dwell_minutes":47087.51666666667,"center_method":"duration_weighted_stop_medoid","type":"berth","distance_to_coast":1834.124926052977,"inside_china_land":false}},{"type":"Feature","geometry":{"type":"Polygon","coordinates":[[[118.94543893333334,38.075402355932205],[118.94737466304348,38.075402355932205],[118.94737466304348,38.078396500000004],[118.94543893333334,38.078396500000004],[118.94543893333334,38.075402355932205]]]},"properties":{"cluster_id":127,"lat":38.07609476190475,"lon":118.94679631746033,"count":25,"dwell_minutes":30575.4,"center_method":"duration_weighted_stop_medoid","type":"berth","distance_to_coast":1022.278185978624,"inside_china_land":false}},{"type":"Feature","geometry":{"type":"Polygon","coordinates":[[[121.17860809859154,30.641212531249998],[121.18252570270269,30.641212531249998],[121.18252570270269,30.642938461538463],[121.17860809859154,30.642938461538463],[121.17860809859154,30.641212531249998]]]},"properties":{"cluster_id":128,"lat":30.642370357798164,"lon":121.18136970642202,"count":57,"dwell_minutes":67315.79999999999,"center_method":"duration_weighted_stop_medoid","type":"berth","distance_to_coast":585.9750891887885,"inside_china_land":false}},{"type":"Feature","geometry":{"type":"Polygon","coordinates":[[[119.95740014999998,31.98913675],[119.95849423076923,31.98913675],[119.95849423076923,31.99010285],[119.95740014999998,31.99010285],[119.95740014999998,31.98913675]]]},"properties":{"cluster_id":129,"lat":31.989924552941176,"lon":119.95774698823529,"count":22,"dwell_minutes":25244.98333333333,"center_method":"duration_weighted_stop_medoid","type":"berth","distance_to_coast":368.72859199157807,"inside_china_land":true}},{"type":"Feature","geometry":{"type":"Polygon","coordinates":[[[121.89357851851852,38.996642666666666],[121.89587952325581,38.996642666666666],[121.89587952325581,38.9992248362069],[121.89357851851852,38.9992248362069],[121.89357851851852,38.996642666666666]]]},"properties":{"cluster_id":130,"lat":38.9992248362069,"lon":121.89584688793104,"count":11,"dwell_minutes":15635.15,"center_method":"duration_weighted_stop_medoid","type":"berth","distance_to_coast":1596.1142062993588,"inside_china_land":false}},{"type":"Feature","geometry":{"type":"Polygon","coordinates":[[[121.50122925,31.3698272],[121.50154311764705,31.3698272],[121.50154311764705,31.370124],[121.50122925,31.370124],[121.50122925,31.3698272]]]},"properties":{"cluster_id":132,"lat":31.36991652173913,"lon":121.50149104347828,"count":48,"dwell_minutes":27815.666666666664,"center_method":"duration_weighted_stop_medoid","type":"berth","distance_to_coast":2508.7286373383827,"inside_china_land":true}},{"type":"Feature","geometry":{"type":"Polygon","coordinates":[[[119.60423446296296,25.697957934782607],[119.6061514736842,25.697957934782607],[119.6061514736842,25.70119860526316],[119.60423446296296,25.70119860526316],[119.60423446296296,25.697957934782607]]]},"properties":{"cluster_id":133,"lat":25.698951680851064,"lon":119.6048180851064,"count":33,"dwell_minutes":43963.666666666664,"center_method":"duration_weighted_stop_medoid","type":"berth","distance_to_coast":1295.707131561193,"inside_china_land":false}},{"type":"Feature","geometry":{"type":"Polygon","coordinates":[[[121.04248689795918,40.801467],[121.04423100000001,40.801467],[121.04423100000001,40.8039232],[121.04248689795918,40.8039232],[121.04248689795918,40.801467]]]},"properties":{"cluster_id":134,"lat":40.80377611111111,"lon":121.04270253703704,"count":16,"dwell_minutes":12349.916666666668,"center_method":"duration_weighted_stop_medoid","type":"berth","distance_to_coast":438.3182765173136,"inside_china_land":false}},{"type":"Feature","geometry":{"type":"Polygon","coordinates":[[[119.68833593478261,25.587914473684208],[119.68904212683499,25.587914473684208],[119.68904212683499,25.58859266764533],[119.68833593478261,25.58859266764533],[119.68833593478261,25.587914473684208]]]},"properties":{"cluster_id":135,"lat":25.58859266764533,"lon":119.689042126835,"count":7,"dwell_minutes":83807.38333333333,"center_method":"duration_weighted_stop_medoid","type":"berth","distance_to_coast":686.8397650924528,"inside_china_land":false}},{"type":"Feature","geometry":{"type":"Polygon","coordinates":[[[116.40979530303031,23.514260874999998],[116.410619,23.514260874999998],[116.410619,23.51516236363636],[116.40979530303031,23.51516236363636],[116.40979530303031,23.514260874999998]]]},"properties":{"cluster_id":136,"lat":23.514403515384615,"lon":116.41038518461538,"count":11,"dwell_minutes":25071.9,"center_method":"duration_weighted_stop_medoid","type":"berth","distance_to_coast":17120.53194946341,"inside_china_land":true}},{"type":"Feature","geometry":{"type":"Polygon","coordinates":[[[119.63177644444444,25.752446136363634],[119.63261566666668,25.752446136363634],[119.63261566666668,25.761018333333336],[119.63177644444444,25.761018333333336],[119.63177644444444,25.752446136363634]]]},"properties":{"cluster_id":137,"lat":25.756375333333335,"lon":119.63228164444445,"count":61,"dwell_minutes":70904.79999999999,"center_method":"duration_weighted_stop_medoid","type":"berth","distance_to_coast":1361.7671482337587,"inside_china_land":false}},{"type":"Feature","geometry":{"type":"Polygon","coordinates":[[[121.80557436842106,38.97811189473684],[121.80623023076924,38.97811189473684],[121.80623023076924,38.978840695652174],[121.80557436842106,38.978840695652174],[121.80557436842106,38.97811189473684]]]},"properties":{"cluster_id":138,"lat":38.97865102,"lon":121.80572694,"count":7,"dwell_minutes":6030.233333333334,"center_method":"duration_weighted_stop_medoid","type":"berth","distance_to_coast":160.10920783664892,"inside_china_land":false}},{"type":"Feature","geometry":{"type":"Polygon","coordinates":[[[119.68635391983122,25.582327338888888],[119.68790354444445,25.582327338888888],[119.68790354444445,25.583711834782612],[119.68635391983122,25.583711834782612],[119.68635391983122,25.582327338888888]]]},"properties":{"cluster_id":139,"lat":25.582997735909824,"lon":119.68708955233495,"count":4,"dwell_minutes":79974.78333333333,"center_method":"duration_weighted_stop_medoid","type":"berth","distance_to_coast":1201.879816808855,"inside_china_land":false}},{"type":"Feature","geometry":{"type":"Polygon","coordinates":[[[116.404519,23.51677533333333],[116.40641973515982,23.51677533333333],[116.40641973515982,23.516987305936073],[116.404519,23.516987305936073],[116.404519,23.51677533333333]]]},"properties":{"cluster_id":141,"lat":23.516862166666662,"lon":116.40558596666666,"count":25,"dwell_minutes":72678.18333333333,"center_method":"duration_weighted_stop_medoid","type":"berth","distance_to_coast":17715.877525443742,"inside_china_land":true}},{"type":"Feature","geometry":{"type":"Polygon","coordinates":[[[121.73702155882353,31.277897303030304],[121.73789642857142,31.277897303030304],[121.73789642857142,31.27867944117647],[121.73702155882353,31.27867944117647],[121.73702155882353,31.277897303030304]]]},"properties":{"cluster_id":142,"lat":31.278081133333338,"lon":121.7376649,"count":20,"dwell_minutes":19128.61666666667,"center_method":"duration_weighted_stop_medoid","type":"berth","distance_to_coast":906.4477155588748,"inside_china_land":false}},{"type":"Feature","geometry":{"type":"Polygon","coordinates":[[[122.09141366666667,40.28428780769231],[122.0918296923077,40.28428780769231],[122.0918296923077,40.2845315],[122.09141366666667,40.2845315],[122.09141366666667,40.28428780769231]]]},"properties":{"cluster_id":143,"lat":40.2844869893617,"lon":122.09169709574468,"count":19,"dwell_minutes":30127.516666666663,"center_method":"duration_weighted_stop_medoid","type":"berth","distance_to_coast":1835.3192734108384,"inside_china_land":false}},{"type":"Feature","geometry":{"type":"Polygon","coordinates":[[[118.49855566666666,39.09598344444444],[118.50453385185185,39.09598344444444],[118.50453385185185,39.10274053846154],[118.49855566666666,39.10274053846154],[118.49855566666666,39.09598344444444]]]},"properties":{"cluster_id":144,"lat":39.100885057142854,"lon":118.50166074285714,"count":85,"dwell_minutes":69349.46666666667,"center_method":"duration_weighted_stop_medoid","type":"berth","distance_to_coast":1077.9435038961497,"inside_china_land":false}},{"type":"Feature","geometry":{"type":"Polygon","coordinates":[[[121.98041241772151,30.048725844827583],[121.9807845142857,30.048725844827583],[121.9807845142857,30.049406784810124],[121.98041241772151,30.049406784810124],[121.98041241772151,30.048725844827583]]]},"properties":{"cluster_id":145,"lat":30.04892,"lon":121.98073704651163,"count":4,"dwell_minutes":10384.283333333333,"center_method":"duration_weighted_stop_medoid","type":"berth","distance_to_coast":52.02695777440883,"inside_china_land":false}},{"type":"Feature","geometry":{"type":"Polygon","coordinates":[[[119.47996865384616,26.009386000000003],[119.4812892173913,26.009386000000003],[119.4812892173913,26.01254139130435],[119.47996865384616,26.01254139130435],[119.47996865384616,26.009386000000003]]]},"properties":{"cluster_id":146,"lat":26.010634875,"lon":119.4804391875,"count":41,"dwell_minutes":52241.3,"center_method":"duration_weighted_stop_medoid","type":"berth","distance_to_coast":48.80538554403295,"inside_china_land":true}},{"type":"Feature","geometry":{"type":"Polygon","coordinates":[[[119.4477866,25.982389636363635],[119.45048921052631,25.982389636363635],[119.45048921052631,25.98312536],[119.4477866,25.98312536],[119.4477866,25.982389636363635]]]},"properties":{"cluster_id":147,"lat":25.98271222,"lon":119.4494303,"count":25,"dwell_minutes":15090.466666666667,"center_method":"duration_weighted_stop_medoid","type":"berth","distance_to_coast":83.27588885747316,"inside_china_land":true}},{"type":"Feature","geometry":{"type":"Polygon","coordinates":[[[121.5604666,31.322974052631583],[121.56082346153848,31.322974052631583],[121.56082346153848,31.323919846153846],[121.5604666,31.323919846153846],[121.5604666,31.322974052631583]]]},"properties":{"cluster_id":148,"lat":31.323797166666665,"lon":121.5606695,"count":30,"dwell_minutes":19906.66666666667,"center_method":"duration_weighted_stop_medoid","type":"berth","distance_to_coast":4474.494440307588,"inside_china_land":true}},{"type":"Feature","geometry":{"type":"Polygon","coordinates":[[[116.40980540000001,23.4950299],[116.40990136065574,23.4950299],[116.40990136065574,23.49541226666667],[116.40980540000001,23.49541226666667],[116.40980540000001,23.4950299]]]},"properties":{"cluster_id":149,"lat":23.495338098360655,"lon":116.40990136065574,"count":4,"dwell_minutes":4865.3,"center_method":"duration_weighted_stop_medoid","type":"berth","distance_to_coast":15683.31723752134,"inside_china_land":true}},{"type":"Feature","geometry":{"type":"Polygon","coordinates":[[[122.09337758181817,40.28522549090909],[122.09706742857142,40.28522549090909],[122.09706742857142,40.28682060989011],[122.09337758181817,40.28682060989011],[122.09337758181817,40.28522549090909]]]},"properties":{"cluster_id":150,"lat":40.286161291666666,"lon":122.09593375,"count":12,"dwell_minutes":26593.633333333335,"center_method":"duration_weighted_stop_medoid","type":"berth","distance_to_coast":1375.6724822165993,"inside_china_land":false}},{"type":"Feature","geometry":{"type":"Polygon","coordinates":[[[121.06508584946236,40.80395600000001],[121.06633695555556,40.80395600000001],[121.06633695555556,40.80545233333333],[121.06508584946236,40.80545233333333],[121.06508584946236,40.80395600000001]]]},"properties":{"cluster_id":151,"lat":40.80526696296297,"lon":121.06619359259258,"count":19,"dwell_minutes":24493.033333333333,"center_method":"duration_weighted_stop_medoid","type":"berth","distance_to_coast":201.73483313143757,"inside_china_land":true}},{"type":"Feature","geometry":{"type":"Polygon","coordinates":[[[119.53401561111112,35.33527916129032],[119.53432881818183,35.33527916129032],[119.53432881818183,35.33617127586207],[119.53401561111112,35.33617127586207],[119.53401561111112,35.33527916129032]]]},"properties":{"cluster_id":152,"lat":35.33604169230769,"lon":119.53415576923076,"count":12,"dwell_minutes":9362.116666666663,"center_method":"duration_weighted_stop_medoid","type":"berth","distance_to_coast":2235.928031616369,"inside_china_land":false}},{"type":"Feature","geometry":{"type":"Polygon","coordinates":[[[121.5671305652174,31.284993194444446],[121.56740592307693,31.284993194444446],[121.56740592307693,31.286139163934426],[121.5671305652174,31.286139163934426],[121.5671305652174,31.284993194444446]]]},"properties":{"cluster_id":154,"lat":31.28605420689655,"lon":121.5672221551724,"count":52,"dwell_minutes":63570.5,"center_method":"duration_weighted_stop_medoid","type":"berth","distance_to_coast":8733.76610056117,"inside_china_land":true}},{"type":"Feature","geometry":{"type":"Polygon","coordinates":[[[121.49831979591836,31.572860409836064],[121.49935580327869,31.572860409836064],[121.49935580327869,31.57344541666667],[121.49831979591836,31.57344541666667],[121.49831979591836,31.572860409836064]]]},"properties":{"cluster_id":155,"lat":31.57301436734694,"lon":121.49916197959185,"count":13,"dwell_minutes":12641.633333333331,"center_method":"duration_weighted_stop_medoid","type":"berth","distance_to_coast":216.52913894159303,"inside_china_land":false}},{"type":"Feature","geometry":{"type":"Polygon","coordinates":[[[121.67926349999999,31.3827],[121.68039104545454,31.3827],[121.68039104545454,31.38342],[121.67926349999999,31.38342],[121.67926349999999,31.3827]]]},"properties":{"cluster_id":156,"lat":31.38334748484848,"lon":121.67960948484848,"count":16,"dwell_minutes":15399.9,"center_method":"duration_weighted_stop_medoid","type":"berth","distance_to_coast":174.58251466411863,"inside_china_land":true}},{"type":"Feature","geometry":{"type":"Polygon","coordinates":[[[117.589877748538,38.75852337837838],[117.59824,38.75852337837838],[117.59824,38.76018181578947],[117.589877748538,38.76018181578947],[117.589877748538,38.75852337837838]]]},"properties":{"cluster_id":157,"lat":38.75926526136364,"lon":117.5944500568182,"count":38,"dwell_minutes":61946.41666666667,"center_method":"duration_weighted_stop_medoid","type":"berth","distance_to_coast":2104.592082503423,"inside_china_land":false}},{"type":"Feature","geometry":{"type":"Polygon","coordinates":[[[119.63414934615386,26.744151111111112],[119.6406989090909,26.744151111111112],[119.6406989090909,26.746611440000002],[119.63414934615386,26.746611440000002],[119.63414934615386,26.744151111111112]]]},"properties":{"cluster_id":158,"lat":26.745738142857142,"lon":119.63645538095238,"count":46,"dwell_minutes":39025.36666666666,"center_method":"duration_weighted_stop_medoid","type":"berth","distance_to_coast":666.915341247975,"inside_china_land":false}},{"type":"Feature","geometry":{"type":"Polygon","coordinates":[[[121.44269833333333,31.596602769230767],[121.4427158695652,31.596602769230767],[121.4427158695652,31.596619652173914],[121.44269833333333,31.596619652173914],[121.44269833333333,31.596602769230767]]]},"properties":{"cluster_id":159,"lat":31.596602769230767,"lon":121.44269833333333,"count":2,"dwell_minutes":2910.7,"center_method":"duration_weighted_stop_medoid","type":"berth","distance_to_coast":119.37708213642,"inside_china_land":false}},{"type":"Feature","geometry":{"type":"Polygon","coordinates":[[[121.71381650000001,31.34680675],[121.71448519999998,31.34680675],[121.71448519999998,31.348022333333333],[121.71381650000001,31.348022333333333],[121.71381650000001,31.34680675]]]},"properties":{"cluster_id":160,"lat":31.3470978,"lon":121.71448519999998,"count":3,"dwell_minutes":227.36666666666667,"center_method":"duration_weighted_stop_medoid","type":"berth","distance_to_coast":1445.6057404504854,"inside_china_land":false}},{"type":"Feature","geometry":{"type":"Polygon","coordinates":[[[120.95993263999999,40.70379988888889],[120.96627428571428,40.70379988888889],[120.96627428571428,40.70686383333334],[120.95993263999999,40.70686383333334],[120.95993263999999,40.70379988888889]]]},"properties":{"cluster_id":161,"lat":40.70555452941176,"lon":120.96275491176468,"count":55,"dwell_minutes":61834.63333333333,"center_method":"duration_weighted_stop_medoid","type":"berth","distance_to_coast":385.9201299164049,"inside_china_land":false}},{"type":"Feature","geometry":{"type":"Polygon","coordinates":[[[118.95444773913044,38.07843769565218],[118.95458553333333,38.07843769565218],[118.95458553333333,38.078454533333336],[118.95444773913044,38.078454533333336],[118.95444773913044,38.07843769565218]]]},"properties":{"cluster_id":162,"lat":38.07843769565218,"lon":118.95444773913044,"count":2,"dwell_minutes":1554.2333333333331,"center_method":"duration_weighted_stop_medoid","type":"berth","distance_to_coast":1634.4829065214924,"inside_china_land":false}},{"type":"Feature","geometry":{"type":"Polygon","coordinates":[[[119.69222386842105,26.461206166666667],[119.69435988888888,26.461206166666667],[119.69435988888888,26.46230853488372],[119.69222386842105,26.46230853488372],[119.69222386842105,26.461206166666667]]]},"properties":{"cluster_id":163,"lat":26.462220867647066,"lon":119.6924591617647,"count":18,"dwell_minutes":15168.116666666669,"center_method":"duration_weighted_stop_medoid","type":"berth","distance_to_coast":439.7768522450887,"inside_china_land":true}},{"type":"Feature","geometry":{"type":"Polygon","coordinates":[[[122.20570124242424,30.11218306818182],[122.20846768181818,30.11218306818182],[122.20846768181818,30.11255015151515],[122.20570124242424,30.11255015151515],[122.20570124242424,30.11218306818182]]]},"properties":{"cluster_id":164,"lat":30.112359309523807,"lon":122.20736990476192,"count":11,"dwell_minutes":16236.6,"center_method":"duration_weighted_stop_medoid","type":"berth","distance_to_coast":1693.1552864664106,"inside_china_land":false}},{"type":"Feature","geometry":{"type":"Polygon","coordinates":[[[119.63207267647059,26.469445],[119.63441669767442,26.469445],[119.63441669767442,26.470412139534886],[119.63207267647059,26.470412139534886],[119.63207267647059,26.469445]]]},"properties":{"cluster_id":166,"lat":26.46999803030303,"lon":119.63324854545456,"count":51,"dwell_minutes":33181.46666666667,"center_method":"duration_weighted_stop_medoid","type":"berth","distance_to_coast":671.6422030493486,"inside_china_land":false}},{"type":"Feature","geometry":{"type":"Polygon","coordinates":[[[120.18846416666668,31.94507283333333],[120.19237242335767,31.94507283333333],[120.19237242335767,31.945487916666668],[120.18846416666668,31.945487916666668],[120.18846416666668,31.94507283333333]]]},"properties":{"cluster_id":167,"lat":31.945368833333333,"lon":120.19111745833334,"count":21,"dwell_minutes":20272.766666666663,"center_method":"duration_weighted_stop_medoid","type":"berth","distance_to_coast":1134.0154679854693,"inside_china_land":true}},{"type":"Feature","geometry":{"type":"Polygon","coordinates":[[[120.33698919999999,31.98628972222222],[120.34052000000001,31.98628972222222],[120.34052000000001,31.988704166666665],[120.33698919999999,31.988704166666665],[120.33698919999999,31.98628972222222]]]},"properties":{"cluster_id":168,"lat":31.987165217391304,"lon":120.3393953478261,"count":10,"dwell_minutes":5294.466666666666,"center_method":"duration_weighted_stop_medoid","type":"berth","distance_to_coast":1721.470970129586,"inside_china_land":false}},{"type":"Feature","geometry":{"type":"Polygon","coordinates":[[[120.35043671428572,32.002720249999996],[120.3505955,32.002720249999996],[120.3505955,32.00278959090909],[120.35043671428572,32.00278959090909],[120.35043671428572,32.002720249999996]]]},"properties":{"cluster_id":169,"lat":32.00278959090909,"lon":120.35048186363636,"count":3,"dwell_minutes":1903.5833333333337,"center_method":"duration_weighted_stop_medoid","type":"berth","distance_to_coast":1186.765113555489,"inside_china_land":false}},{"type":"Feature","geometry":{"type":"Polygon","coordinates":[[[110.01028875,19.95149520689655],[110.01311794444445,19.95149520689655],[110.01311794444445,19.95701872],[110.01028875,19.95701872],[110.01028875,19.95149520689655]]]},"properties":{"cluster_id":170,"lat":19.955179553333338,"lon":110.01127069333332,"count":21,"dwell_minutes":45863.916666666664,"center_method":"duration_weighted_stop_medoid","type":"berth","distance_to_coast":283.244077925944,"inside_china_land":false}},{"type":"Feature","geometry":{"type":"Polygon","coordinates":[[[108.62270353333334,19.10111175],[108.62546466911765,19.10111175],[108.62546466911765,19.10252594852941],[108.62270353333334,19.10252594852941],[108.62270353333334,19.10111175]]]},"properties":{"cluster_id":173,"lat":19.101982814516127,"lon":108.62450973387097,"count":11,"dwell_minutes":11412.133333333331,"center_method":"duration_weighted_stop_medoid","type":"berth","distance_to_coast":562.9914911935128,"inside_china_land":true}},{"type":"Feature","geometry":{"type":"Polygon","coordinates":[[[121.92571720689656,29.91421773333333],[121.92715875,29.91421773333333],[121.92715875,29.917384108695654],[121.92571720689656,29.917384108695654],[121.92571720689656,29.91421773333333]]]},"properties":{"cluster_id":174,"lat":29.916471951219513,"lon":121.92617792682928,"count":109,"dwell_minutes":131530.03333333333,"center_method":"duration_weighted_stop_medoid","type":"berth","distance_to_coast":950.198802264287,"inside_china_land":false}},{"type":"Feature","geometry":{"type":"Polygon","coordinates":[[[124.16228899999999,39.84065425925925],[124.16298545,39.84065425925925],[124.16298545,39.841849675],[124.16228899999999,39.841849675],[124.16228899999999,39.84065425925925]]]},"properties":{"cluster_id":175,"lat":39.840924384615384,"lon":124.1625256153846,"count":9,"dwell_minutes":9709.05,"center_method":"duration_weighted_stop_medoid","type":"berth","distance_to_coast":2405.766981784071,"inside_china_land":false}},{"type":"Feature","geometry":{"type":"Polygon","coordinates":[[[111.07145388235294,21.478384885714284],[111.07265607692308,21.478384885714284],[111.07265607692308,21.479611352941177],[111.07145388235294,21.479611352941177],[111.07145388235294,21.478384885714284]]]},"properties":{"cluster_id":176,"lat":21.478770961538466,"lon":111.07221116666663,"count":10,"dwell_minutes":10460.933333333334,"center_method":"duration_weighted_stop_medoid","type":"berth","distance_to_coast":786.6367703673977,"inside_china_land":false}},{"type":"Feature","geometry":{"type":"Polygon","coordinates":[[[111.80845665,21.7140503],[111.80853110666666,21.7140503],[111.80853110666666,21.714096533333336],[111.80845665,21.714096533333336],[111.80845665,21.7140503]]]},"properties":{"cluster_id":178,"lat":21.7140503,"lon":111.80845665,"count":2,"dwell_minutes":4456.516666666666,"center_method":"duration_weighted_stop_medoid","type":"berth","distance_to_coast":2882.171020796249,"inside_china_land":false}},{"type":"Feature","geometry":{"type":"Polygon","coordinates":[[[111.80900062790698,21.715625448275862],[111.80903863636364,21.715625448275862],[111.80903863636364,21.715685511627907],[111.80900062790698,21.715685511627907],[111.80900062790698,21.715625448275862]]]},"properties":{"cluster_id":179,"lat":21.715645760273972,"lon":111.80901446575342,"count":4,"dwell_minutes":7770.066666666667,"center_method":"duration_weighted_stop_medoid","type":"berth","distance_to_coast":2736.4928615077065,"inside_china_land":false}},{"type":"Feature","geometry":{"type":"Polygon","coordinates":[[[121.27214072307693,39.50066580487805],[121.27231656097561,39.50066580487805],[121.27231656097561,39.50240783544304],[121.27214072307693,39.50240783544304],[121.27214072307693,39.50066580487805]]]},"properties":{"cluster_id":180,"lat":39.501743507692304,"lon":121.27214072307692,"count":8,"dwell_minutes":7552.85,"center_method":"duration_weighted_stop_medoid","type":"berth","distance_to_coast":1837.266822080797,"inside_china_land":false}},{"type":"Feature","geometry":{"type":"Polygon","coordinates":[[[117.97868722222222,24.401746254901962],[117.98114411764706,24.401746254901962],[117.98114411764706,24.402426000000002],[117.97868722222222,24.402426000000002],[117.97868722222222,24.401746254901962]]]},"properties":{"cluster_id":181,"lat":24.402133809523807,"lon":117.98020195238097,"count":29,"dwell_minutes":27361.116666666665,"center_method":"duration_weighted_stop_medoid","type":"berth","distance_to_coast":1026.5057415107806,"inside_china_land":false}},{"type":"Feature","geometry":{"type":"Polygon","coordinates":[[[109.59910063636363,21.58524291666667],[109.600136,21.58524291666667],[109.600136,21.587866636363636],[109.59910063636363,21.587866636363636],[109.59910063636363,21.58524291666667]]]},"properties":{"cluster_id":182,"lat":21.586733272727272,"lon":109.59931213636364,"count":4,"dwell_minutes":2140.5499999999997,"center_method":"duration_weighted_stop_medoid","type":"berth","distance_to_coast":1129.4767116586684,"inside_china_land":false}},{"type":"Feature","geometry":{"type":"Polygon","coordinates":[[[119.71238623529412,26.78791927272727],[119.71419672,26.78791927272727],[119.71419672,26.79107311111111],[119.71238623529412,26.79107311111111],[119.71238623529412,26.78791927272727]]]},"properties":{"cluster_id":183,"lat":26.788852736842102,"lon":119.71358415789472,"count":24,"dwell_minutes":16928.6,"center_method":"duration_weighted_stop_medoid","type":"berth","distance_to_coast":1053.0842241586315,"inside_china_land":false}},{"type":"Feature","geometry":{"type":"Polygon","coordinates":[[[118.95970296428571,25.208386807692307],[118.96128664,25.208386807692307],[118.96128664,25.20861668],[118.95970296428571,25.20861668],[118.95970296428571,25.208386807692307]]]},"properties":{"cluster_id":184,"lat":25.208386807692307,"lon":118.9601050576923,"count":4,"dwell_minutes":4093.8,"center_method":"duration_weighted_stop_medoid","type":"berth","distance_to_coast":1667.2973378330405,"inside_china_land":false}},{"type":"Feature","geometry":{"type":"Polygon","coordinates":[[[119.575725125,25.68413275],[119.57993445454545,25.68413275],[119.57993445454545,25.68534527272727],[119.575725125,25.68534527272727],[119.575725125,25.68413275]]]},"properties":{"cluster_id":185,"lat":25.68496724,"lon":119.57848665333334,"count":22,"dwell_minutes":37486.83333333333,"center_method":"duration_weighted_stop_medoid","type":"berth","distance_to_coast":600.7881989271915,"inside_china_land":true}},{"type":"Feature","geometry":{"type":"Polygon","coordinates":[[[109.56852635897437,21.6135194],[109.56917613095237,21.6135194],[109.56917613095237,21.61422307692308],[109.56852635897437,21.61422307692308],[109.56852635897437,21.6135194]]]},"properties":{"cluster_id":187,"lat":21.61377292307692,"lon":109.56905903846152,"count":10,"dwell_minutes":10350.833333333334,"center_method":"duration_weighted_stop_medoid","type":"berth","distance_to_coast":1919.482457423623,"inside_china_land":false}},{"type":"Feature","geometry":{"type":"Polygon","coordinates":[[[121.6832368,31.379417733333334],[121.68424919230769,31.379417733333334],[121.68424919230769,31.380163399999997],[121.6832368,31.380163399999997],[121.6832368,31.379417733333334]]]},"properties":{"cluster_id":188,"lat":31.380078241379312,"lon":121.6834238275862,"count":11,"dwell_minutes":9250.316666666668,"center_method":"duration_weighted_stop_medoid","type":"berth","distance_to_coast":63.90314066278477,"inside_china_land":true}},{"type":"Feature","geometry":{"type":"Polygon","coordinates":[[[122.19368373333333,29.714287604651165],[122.19456142105264,29.714287604651165],[122.19456142105264,29.714792021276597],[122.19368373333333,29.714792021276597],[122.19368373333333,29.714287604651165]]]},"properties":{"cluster_id":189,"lat":29.714559281690143,"lon":122.1940791971831,"count":11,"dwell_minutes":12162.183333333332,"center_method":"duration_weighted_stop_medoid","type":"berth","distance_to_coast":2902.7679391536763,"inside_china_land":false}},{"type":"Feature","geometry":{"type":"Polygon","coordinates":[[[118.48166671428572,38.93723982857143],[118.48517852941175,38.93723982857143],[118.48517852941175,38.9398656875],[118.48166671428572,38.9398656875],[118.48166671428572,38.93723982857143]]]},"properties":{"cluster_id":193,"lat":38.93745960606061,"lon":118.48196527272728,"count":34,"dwell_minutes":44698.98333333333,"center_method":"duration_weighted_stop_medoid","type":"berth","distance_to_coast":131.6955397846086,"inside_china_land":false}},{"type":"Feature","geometry":{"type":"Polygon","coordinates":[[[119.6935820871795,25.579257743589743],[119.69368191845493,25.579257743589743],[119.69368191845493,25.57995053846154],[119.6935820871795,25.57995053846154],[119.6935820871795,25.579257743589743]]]},"properties":{"cluster_id":194,"lat":25.57978080681818,"lon":119.69367820454544,"count":5,"dwell_minutes":20693.4,"center_method":"duration_weighted_stop_medoid","type":"berth","distance_to_coast":739.2222881118001,"inside_china_land":false}},{"type":"Feature","geometry":{"type":"Polygon","coordinates":[[[119.69086743589745,25.580355143053644],[119.69191218435753,25.580355143053644],[119.69191218435753,25.5821969375],[119.69086743589745,25.5821969375],[119.69086743589745,25.580355143053644]]]},"properties":{"cluster_id":195,"lat":25.58060569273743,"lon":119.69191218435752,"count":15,"dwell_minutes":59560.15,"center_method":"duration_weighted_stop_medoid","type":"berth","distance_to_coast":865.3905550163385,"inside_china_land":false}},{"type":"Feature","geometry":{"type":"Polygon","coordinates":[[[120.21613333333335,31.94262111111111],[120.21704554054054,31.94262111111111],[120.21704554054054,31.94300847169811],[120.21613333333335,31.94300847169811],[120.21613333333335,31.94262111111111]]]},"properties":{"cluster_id":196,"lat":31.94292334558824,"lon":120.2169683235294,"count":20,"dwell_minutes":20016.816666666666,"center_method":"duration_weighted_stop_medoid","type":"berth","distance_to_coast":801.6711855249936,"inside_china_land":true}},{"type":"Feature","geometry":{"type":"Polygon","coordinates":[[[119.01935289285714,39.207050607142854],[119.020358375,39.207050607142854],[119.020358375,39.208361625],[119.01935289285714,39.208361625],[119.01935289285714,39.207050607142854]]]},"properties":{"cluster_id":197,"lat":39.208057282051286,"lon":119.0201281794872,"count":19,"dwell_minutes":14452.05,"center_method":"duration_weighted_stop_medoid","type":"berth","distance_to_coast":1242.3237813232536,"inside_china_land":true}},{"type":"Feature","geometry":{"type":"Polygon","coordinates":[[[120.80451826190476,32.01457695238095],[120.80500566666667,32.01457695238095],[120.80500566666667,32.01501638297872],[120.80451826190476,32.01501638297872],[120.80451826190476,32.01457695238095]]]},"properties":{"cluster_id":198,"lat":32.01479042222222,"lon":120.80482653333333,"count":24,"dwell_minutes":21481.216666666667,"center_method":"duration_weighted_stop_medoid","type":"berth","distance_to_coast":1151.9390159875315,"inside_china_land":false}},{"type":"Feature","geometry":{"type":"Polygon","coordinates":[[[121.27550665000001,31.59617829230769],[121.27646293846153,31.59617829230769],[121.27646293846153,31.59719049],[121.27550665000001,31.59719049],[121.27550665000001,31.59617829230769]]]},"properties":{"cluster_id":199,"lat":31.596225955882353,"lon":121.27641827941176,"count":8,"dwell_minutes":27439.38333333333,"center_method":"duration_weighted_stop_medoid","type":"berth","distance_to_coast":2620.342229056726,"inside_china_land":false}},{"type":"Feature","geometry":{"type":"Polygon","coordinates":[[[119.03312224675325,32.18811145454546],[119.03390953333334,32.18811145454546],[119.03390953333334,32.18874338636363],[119.03312224675325,32.18874338636363],[119.03312224675325,32.18811145454546]]]},"properties":{"cluster_id":201,"lat":32.188502326732674,"lon":119.03362426732672,"count":15,"dwell_minutes":22936.5,"center_method":"duration_weighted_stop_medoid","type":"berth","distance_to_coast":63731.6663357247,"inside_china_land":true}},{"type":"Feature","geometry":{"type":"Polygon","coordinates":[[[120.33594539999999,31.993178699999998],[120.34086206666666,31.993178699999998],[120.34086206666666,31.996491733333336],[120.33594539999999,31.996491733333336],[120.33594539999999,31.993178699999998]]]},"properties":{"cluster_id":202,"lat":31.99538983908046,"lon":120.33937142528735,"count":26,"dwell_minutes":35908.83333333333,"center_method":"duration_weighted_stop_medoid","type":"berth","distance_to_coast":970.3813134973068,"inside_china_land":false}},{"type":"Feature","geometry":{"type":"Polygon","coordinates":[[[119.6704742,39.926704794871796],[119.67100313953489,39.926704794871796],[119.67100313953489,39.927163023255815],[119.6704742,39.927163023255815],[119.6704742,39.926704794871796]]]},"properties":{"cluster_id":203,"lat":39.92679212576687,"lon":119.67058164110428,"count":15,"dwell_minutes":10098.2,"center_method":"duration_weighted_stop_medoid","type":"berth","distance_to_coast":920.4847075467882,"inside_china_land":false}},{"type":"Feature","geometry":{"type":"Polygon","coordinates":[[[119.01188659574468,25.14068105],[119.01225675,25.14068105],[119.01225675,25.141810510638297],[119.01188659574468,25.141810510638297],[119.01188659574468,25.14068105]]]},"properties":{"cluster_id":204,"lat":25.140712145454547,"lon":119.01220936363636,"count":3,"dwell_minutes":4252.85,"center_method":"duration_weighted_stop_medoid","type":"berth","distance_to_coast":1876.3109934034633,"inside_china_land":false}},{"type":"Feature","geometry":{"type":"Polygon","coordinates":[[[113.58475374157304,22.80534366666667],[113.58567384999999,22.80534366666667],[113.58567384999999,22.80778224],[113.58475374157304,22.80778224],[113.58475374157304,22.80534366666667]]]},"properties":{"cluster_id":205,"lat":22.807359271739127,"lon":113.58492432608696,"count":23,"dwell_minutes":31558.550000000003,"center_method":"duration_weighted_stop_medoid","type":"berth","distance_to_coast":225.5711853241705,"inside_china_land":false}},{"type":"Feature","geometry":{"type":"Polygon","coordinates":[[[119.676543375,39.92205851851851],[119.67677223684211,39.92205851851851],[119.67677223684211,39.922816250000004],[119.676543375,39.922816250000004],[119.676543375,39.92205851851851]]]},"properties":{"cluster_id":206,"lat":39.92242086666667,"lon":119.67671193333334,"count":25,"dwell_minutes":22431.999999999996,"center_method":"duration_weighted_stop_medoid","type":"berth","distance_to_coast":1596.0310561968531,"inside_china_land":false}},{"type":"Feature","geometry":{"type":"Polygon","coordinates":[[[120.36487898,32.012547562499996],[120.36828545454546,32.012547562499996],[120.36828545454546,32.01482484848485],[120.36487898,32.01482484848485],[120.36487898,32.012547562499996]]]},"properties":{"cluster_id":207,"lat":32.0134591754386,"lon":120.36622945614036,"count":31,"dwell_minutes":32210.416666666668,"center_method":"duration_weighted_stop_medoid","type":"berth","distance_to_coast":1476.8396795119063,"inside_china_land":false}},{"type":"Feature","geometry":{"type":"Polygon","coordinates":[[[119.67667682222222,39.91558181632653],[119.67758645833334,39.91558181632653],[119.67758645833334,39.917650574074074],[119.67667682222222,39.917650574074074],[119.67667682222222,39.91558181632653]]]},"properties":{"cluster_id":208,"lat":39.9164925974026,"lon":119.67741738961038,"count":22,"dwell_minutes":24652.65,"center_method":"duration_weighted_stop_medoid","type":"berth","distance_to_coast":2459.7079465787347,"inside_china_land":false}},{"type":"Feature","geometry":{"type":"Polygon","coordinates":[[[109.55350451785715,21.4851544375],[109.5549544,21.4851544375],[109.5549544,21.4880526],[109.55350451785715,21.4880526],[109.55350451785715,21.4851544375]]]},"properties":{"cluster_id":209,"lat":21.48632406451613,"lon":109.55414696774191,"count":12,"dwell_minutes":16630.833333333336,"center_method":"duration_weighted_stop_medoid","type":"berth","distance_to_coast":2433.1550723582923,"inside_china_land":false}},{"type":"Feature","geometry":{"type":"Polygon","coordinates":[[[110.41639312727273,21.295349647058824],[110.41650254545453,21.295349647058824],[110.41650254545453,21.298097333333335],[110.41639312727273,21.298097333333335],[110.41639312727273,21.295349647058824]]]},"properties":{"cluster_id":211,"lat":21.297669113207547,"lon":110.4164573018868,"count":8,"dwell_minutes":12260.216666666667,"center_method":"duration_weighted_stop_medoid","type":"berth","distance_to_coast":1481.9054508751356,"inside_china_land":false}},{"type":"Feature","geometry":{"type":"Polygon","coordinates":[[[121.09867387878788,28.152822647058823],[121.09948812244899,28.152822647058823],[121.09948812244899,28.154980692307692],[121.09867387878788,28.154980692307692],[121.09867387878788,28.152822647058823]]]},"properties":{"cluster_id":214,"lat":28.153559782608696,"lon":121.0990090652174,"count":14,"dwell_minutes":19965.55,"center_method":"duration_weighted_stop_medoid","type":"berth","distance_to_coast":2195.7900577424825,"inside_china_land":false}},{"type":"Feature","geometry":{"type":"Polygon","coordinates":[[[120.49123325000001,32.07579375],[120.49250571428571,32.07579375],[120.49250571428571,32.076072347826084],[120.49123325000001,32.076072347826084],[120.49123325000001,32.07579375]]]},"properties":{"cluster_id":216,"lat":32.07598802857143,"lon":120.49215388571427,"count":27,"dwell_minutes":40684.283333333326,"center_method":"duration_weighted_stop_medoid","type":"berth","distance_to_coast":818.4257010601949,"inside_china_land":false}},{"type":"Feature","geometry":{"type":"Polygon","coordinates":[[[120.22015726666667,37.6733325],[120.22110506060606,37.6733325],[120.22110506060606,37.674164600000005],[120.22015726666667,37.674164600000005],[120.22015726666667,37.6733325]]]},"properties":{"cluster_id":219,"lat":37.6738018,"lon":120.22067442,"count":6,"dwell_minutes":5686.883333333334,"center_method":"duration_weighted_stop_medoid","type":"berth","distance_to_coast":821.7999667301979,"inside_china_land":false}},{"type":"Feature","geometry":{"type":"Polygon","coordinates":[[[120.3049135,37.6628894],[120.30502139999999,37.6628894],[120.30502139999999,37.663038547619045],[120.3049135,37.663038547619045],[120.3049135,37.6628894]]]},"properties":{"cluster_id":220,"lat":37.66297404255319,"lon":120.30496527659574,"count":8,"dwell_minutes":11521.766666666666,"center_method":"duration_weighted_stop_medoid","type":"berth","distance_to_coast":262.4509209766558,"inside_china_land":false}},{"type":"Feature","geometry":{"type":"Polygon","coordinates":[[[120.165991,31.924963313432837],[120.16904588059701,31.924963313432837],[120.16904588059701,31.92524970689655],[120.165991,31.92524970689655],[120.165991,31.924963313432837]]]},"properties":{"cluster_id":221,"lat":31.925177524590165,"lon":120.16654801639343,"count":22,"dwell_minutes":26135.7,"center_method":"duration_weighted_stop_medoid","type":"berth","distance_to_coast":1662.132192591228,"inside_china_land":false}},{"type":"Feature","geometry":{"type":"Polygon","coordinates":[[[120.84429907142857,31.829733714285712],[120.84566885714285,31.829733714285712],[120.84566885714285,31.83184754761905],[120.84429907142857,31.83184754761905],[120.84429907142857,31.829733714285712]]]},"properties":{"cluster_id":222,"lat":31.83082111764706,"lon":120.84496479411764,"count":13,"dwell_minutes":23195.633333333335,"center_method":"duration_weighted_stop_medoid","type":"berth","distance_to_coast":2261.9880379086107,"inside_china_land":false}},{"type":"Feature","geometry":{"type":"Polygon","coordinates":[[[108.33551579310344,21.56652647761194],[108.33556223880596,21.56652647761194],[108.33556223880596,21.56690404597701],[108.33551579310344,21.56690404597701],[108.33551579310344,21.56652647761194]]]},"properties":{"cluster_id":223,"lat":21.56690404597701,"lon":108.33551579310344,"count":2,"dwell_minutes":4481.633333333333,"center_method":"duration_weighted_stop_medoid","type":"berth","distance_to_coast":2992.094954415743,"inside_china_land":false}},{"type":"Feature","geometry":{"type":"Polygon","coordinates":[[[109.20528825,19.724987625],[109.20758628985507,19.724987625],[109.20758628985507,19.726113164179104],[109.20528825,19.726113164179104],[109.20528825,19.724987625]]]},"properties":{"cluster_id":224,"lat":19.726113164179104,"lon":109.2058266119403,"count":10,"dwell_minutes":9988.9,"center_method":"duration_weighted_stop_medoid","type":"berth","distance_to_coast":540.4839498631981,"inside_china_land":false}},{"type":"Feature","geometry":{"type":"Polygon","coordinates":[[[119.36520564705881,35.076103636363634],[119.36606145454545,35.076103636363634],[119.36606145454545,35.08007919607843],[119.36520564705881,35.08007919607843],[119.36520564705881,35.076103636363634]]]},"properties":{"cluster_id":225,"lat":35.078300514285715,"lon":119.3656177885714,"count":12,"dwell_minutes":18697.25,"center_method":"duration_weighted_stop_medoid","type":"berth","distance_to_coast":2676.3394568862013,"inside_china_land":false}},{"type":"Feature","geometry":{"type":"Polygon","coordinates":[[[121.5,32.13289127272727],[121.50087063235296,32.13289127272727],[121.50087063235296,32.133333],[121.5,32.133333],[121.5,32.13289127272727]]]},"properties":{"cluster_id":226,"lat":32.132992532994926,"lon":121.50076693908628,"count":21,"dwell_minutes":42796.41666666667,"center_method":"duration_weighted_stop_medoid","type":"berth","distance_to_coast":3010.912958319535,"inside_china_land":false}},{"type":"Feature","geometry":{"type":"Polygon","coordinates":[[[119.5709219,35.365677],[119.57182897058823,35.365677],[119.57182897058823,35.36743371428572],[119.5709219,35.36743371428572],[119.5709219,35.365677]]]},"properties":{"cluster_id":227,"lat":35.36726383333333,"lon":119.5710805,"count":49,"dwell_minutes":42140.11666666667,"center_method":"duration_weighted_stop_medoid","type":"berth","distance_to_coast":2788.842422387822,"inside_china_land":false}},{"type":"Feature","geometry":{"type":"Polygon","coordinates":[[[119.78407418085106,26.3958245],[119.78421303125,26.3958245],[119.78421303125,26.395929265625],[119.78407418085106,26.395929265625],[119.78407418085106,26.3958245]]]},"properties":{"cluster_id":228,"lat":26.3958245,"lon":119.78407418085106,"count":2,"dwell_minutes":4762.366666666667,"center_method":"duration_weighted_stop_medoid","type":"berth","distance_to_coast":315.9184855238893,"inside_china_land":false}},{"type":"Feature","geometry":{"type":"Polygon","coordinates":[[[119.76062382692308,26.381316978723405],[119.76171578125,26.381316978723405],[119.76171578125,26.382127289473686],[119.76062382692308,26.382127289473686],[119.76062382692308,26.381316978723405]]]},"properties":{"cluster_id":229,"lat":26.381362673469383,"lon":119.76068897959183,"count":17,"dwell_minutes":25613.166666666668,"center_method":"duration_weighted_stop_medoid","type":"berth","distance_to_coast":1346.2668348251657,"inside_china_land":false}},{"type":"Feature","geometry":{"type":"Polygon","coordinates":[[[121.27782439130434,31.593819434782606],[121.27813181481481,31.593819434782606],[121.27813181481481,31.594094337837838],[121.27782439130434,31.594094337837838],[121.27782439130434,31.593819434782606]]]},"properties":{"cluster_id":231,"lat":31.594014562500004,"lon":121.27804022916666,"count":14,"dwell_minutes":21701.13333333333,"center_method":"duration_weighted_stop_medoid","type":"berth","distance_to_coast":2608.52639775736,"inside_china_land":false}},{"type":"Feature","geometry":{"type":"Polygon","coordinates":[[[120.83913081818181,31.839812327868852],[120.84000181967214,31.839812327868852],[120.84000181967214,31.841077363636362],[120.83913081818181,31.841077363636362],[120.83913081818181,31.839812327868852]]]},"properties":{"cluster_id":234,"lat":31.83987004761905,"lon":120.83982107142856,"count":26,"dwell_minutes":40744.899999999994,"center_method":"duration_weighted_stop_medoid","type":"berth","distance_to_coast":2044.2963011677105,"inside_china_land":false}},{"type":"Feature","geometry":{"type":"Polygon","coordinates":[[[120.58338053465346,32.02907678723404],[120.58528595744681,32.02907678723404],[120.58528595744681,32.03031213207547],[120.58338053465346,32.03031213207547],[120.58338053465346,32.02907678723404]]]},"properties":{"cluster_id":235,"lat":32.03000961702128,"lon":120.5836125106383,"count":9,"dwell_minutes":13245.266666666668,"center_method":"duration_weighted_stop_medoid","type":"berth","distance_to_coast":3942.401982555929,"inside_china_land":false}},{"type":"Feature","geometry":{"type":"Polygon","coordinates":[[[120.128603,31.93123744],[120.13211090540541,31.93123744],[120.13211090540541,31.932114231707317],[120.128603,31.932114231707317],[120.128603,31.93123744]]]},"properties":{"cluster_id":236,"lat":31.9320282987013,"lon":120.12951923376625,"count":21,"dwell_minutes":38169.61666666666,"center_method":"duration_weighted_stop_medoid","type":"berth","distance_to_coast":1476.7035354270952,"inside_china_land":false}},{"type":"Feature","geometry":{"type":"Polygon","coordinates":[[[121.1339002835821,31.69981157142857],[121.134308375,31.69981157142857],[121.134308375,31.70003576119403],[121.1339002835821,31.70003576119403],[121.1339002835821,31.69981157142857]]]},"properties":{"cluster_id":237,"lat":31.699878663265302,"lon":121.1342592142857,"count":7,"dwell_minutes":10016.283333333333,"center_method":"duration_weighted_stop_medoid","type":"berth","distance_to_coast":1128.124335609975,"inside_china_land":false}},{"type":"Feature","geometry":{"type":"Polygon","coordinates":[[[120.6309774107143,31.99012188764045],[120.6337797752809,31.99012188764045],[120.6337797752809,31.990381589285715],[120.6309774107143,31.990381589285715],[120.6309774107143,31.99012188764045]]]},"properties":{"cluster_id":238,"lat":31.990181045454545,"lon":120.63225725757576,"count":5,"dwell_minutes":10904.166666666666,"center_method":"duration_weighted_stop_medoid","type":"berth","distance_to_coast":574.2488675285704,"inside_china_land":true}},{"type":"Feature","geometry":{"type":"Polygon","coordinates":[[[121.97714074193547,30.053475361445784],[121.97720252542372,30.053475361445784],[121.97720252542372,30.053535564516128],[121.97714074193547,30.053535564516128],[121.97714074193547,30.053475361445784]]]},"properties":{"cluster_id":239,"lat":30.053475361445784,"lon":121.97718909638554,"count":3,"dwell_minutes":5936.733333333334,"center_method":"duration_weighted_stop_medoid","type":"berth","distance_to_coast":17.061316149039015,"inside_china_land":true}},{"type":"Feature","geometry":{"type":"Polygon","coordinates":[[[121.05598624285714,40.80908802857142],[121.06016626666666,40.80908802857142],[121.06016626666666,40.81058293333333],[121.05598624285714,40.81058293333333],[121.05598624285714,40.80908802857142]]]},"properties":{"cluster_id":240,"lat":40.810073857142854,"lon":121.0585533,"count":26,"dwell_minutes":29464.11666666667,"center_method":"duration_weighted_stop_medoid","type":"berth","distance_to_coast":951.8966625841672,"inside_china_land":true}},{"type":"Feature","geometry":{"type":"Polygon","coordinates":[[[110.40430992,21.171721285714284],[110.40467222222223,21.171721285714284],[110.40467222222223,21.171757444444445],[110.40430992,21.171757444444445],[110.40430992,21.171721285714284]]]},"properties":{"cluster_id":241,"lat":21.171731838709675,"lon":110.40433706451614,"count":4,"dwell_minutes":1992.8833333333332,"center_method":"duration_weighted_stop_medoid","type":"berth","distance_to_coast":709.5792913695141,"inside_china_land":false}},{"type":"Feature","geometry":{"type":"Polygon","coordinates":[[[121.4718735,31.0584415],[121.472329,31.0584415],[121.472329,31.058736666666668],[121.4718735,31.058736666666668],[121.4718735,31.0584415]]]},"properties":{"cluster_id":243,"lat":31.058594649999996,"lon":121.4720026,"count":43,"dwell_minutes":25950.266666666663,"center_method":"duration_weighted_stop_medoid","type":"berth","distance_to_coast":32395.153179257748,"inside_china_land":true}},{"type":"Feature","geometry":{"type":"Polygon","coordinates":[[[119.66020942857142,25.585175],[119.6608375,25.585175],[119.6608375,25.585359571428572],[119.66020942857142,25.585359571428572],[119.66020942857142,25.585175]]]},"properties":{"cluster_id":244,"lat":25.585291633333338,"lon":119.66041166666668,"count":4,"dwell_minutes":1296.1333333333334,"center_method":"duration_weighted_stop_medoid","type":"berth","distance_to_coast":3761.63364952702,"inside_china_land":false}},{"type":"Feature","geometry":{"type":"Polygon","coordinates":[[[121.98091072727271,40.201800909090906],[121.98097809090909,40.201800909090906],[121.98097809090909,40.20189390909091],[121.98091072727271,40.20189390909091],[121.98091072727271,40.201800909090906]]]},"properties":{"cluster_id":245,"lat":40.20185321052632,"lon":121.98093457894736,"count":3,"dwell_minutes":1040.2333333333331,"center_method":"duration_weighted_stop_medoid","type":"berth","distance_to_coast":2461.9575469633965,"inside_china_land":false}},{"type":"Feature","geometry":{"type":"Polygon","coordinates":[[[116.55792876923077,23.39473166666667],[116.55891266666667,23.39473166666667],[116.55891266666667,23.398619680851063],[116.55792876923077,23.398619680851063],[116.55792876923077,23.39473166666667]]]},"properties":{"cluster_id":247,"lat":23.395860727272726,"lon":116.55859054545454,"count":34,"dwell_minutes":32864.35,"center_method":"duration_weighted_stop_medoid","type":"berth","distance_to_coast":433.5168765053549,"inside_china_land":false}},{"type":"Feature","geometry":{"type":"Polygon","coordinates":[[[116.5332545,22.976606666666665],[116.53341213333333,22.976606666666665],[116.53341213333333,22.977016499999998],[116.5332545,22.977016499999998],[116.5332545,22.976606666666665]]]},"properties":{"cluster_id":248,"lat":22.976606666666665,"lon":116.53341213333331,"count":2,"dwell_minutes":414.03333333333336,"center_method":"duration_weighted_stop_medoid","type":"berth","distance_to_coast":1540.8574765628186,"inside_china_land":false}},{"type":"Feature","geometry":{"type":"Polygon","coordinates":[[[122.15214472222222,30.247342722222225],[122.15379996875001,30.247342722222225],[122.15379996875001,30.24763942857143],[122.15214472222222,30.24763942857143],[122.15214472222222,30.247342722222225]]]},"properties":{"cluster_id":249,"lat":30.247467833333335,"lon":122.1535131111111,"count":31,"dwell_minutes":31388.499999999996,"center_method":"duration_weighted_stop_medoid","type":"berth","distance_to_coast":539.0126982994135,"inside_china_land":false}},{"type":"Feature","geometry":{"type":"Polygon","coordinates":[[[113.58526163636363,22.897545363636365],[113.58611675862069,22.897545363636365],[113.58611675862069,22.898439137931035],[113.58526163636363,22.898439137931035],[113.58526163636363,22.897545363636365]]]},"properties":{"cluster_id":250,"lat":22.897686567567565,"lon":113.58542383783784,"count":17,"dwell_minutes":19276.783333333333,"center_method":"duration_weighted_stop_medoid","type":"berth","distance_to_coast":1092.5883841006162,"inside_china_land":false}},{"type":"Feature","geometry":{"type":"Polygon","coordinates":[[[110.41378323076923,21.305892307692304],[110.41411439999999,21.305892307692304],[110.41411439999999,21.3066696],[110.41378323076923,21.3066696],[110.41378323076923,21.305892307692304]]]},"properties":{"cluster_id":251,"lat":21.30635918333333,"lon":110.41390248333332,"count":8,"dwell_minutes":5491.416666666667,"center_method":"duration_weighted_stop_medoid","type":"berth","distance_to_coast":2152.1554372860433,"inside_china_land":false}},{"type":"Feature","geometry":{"type":"Polygon","coordinates":[[[117.49812200000001,23.761036],[117.49941733333333,23.761036],[117.49941733333333,23.762080098039217],[117.49812200000001,23.762080098039217],[117.49812200000001,23.761036]]]},"properties":{"cluster_id":252,"lat":23.76180461956522,"lon":117.49848384782608,"count":10,"dwell_minutes":19928.0,"center_method":"duration_weighted_stop_medoid","type":"berth","distance_to_coast":1378.2440732578757,"inside_china_land":false}},{"type":"Feature","geometry":{"type":"Polygon","coordinates":[[[111.809117375,21.716995750000002],[111.8100623125,21.716995750000002],[111.8100623125,21.719555125],[111.809117375,21.719555125],[111.809117375,21.716995750000002]]]},"properties":{"cluster_id":253,"lat":21.71780725925926,"lon":111.80951477777778,"count":9,"dwell_minutes":8096.75,"center_method":"duration_weighted_stop_medoid","type":"berth","distance_to_coast":2564.1264881376355,"inside_china_land":false}},{"type":"Feature","geometry":{"type":"Polygon","coordinates":[[[113.58706339999999,22.799946085714286],[113.58769083333333,22.799946085714286],[113.58769083333333,22.800827666666667],[113.58706339999999,22.800827666666667],[113.58706339999999,22.799946085714286]]]},"properties":{"cluster_id":255,"lat":22.80072455,"lon":113.5872287,"count":15,"dwell_minutes":9968.683333333334,"center_method":"duration_weighted_stop_medoid","type":"berth","distance_to_coast":200.50283871288443,"inside_china_land":false}},{"type":"Feature","geometry":{"type":"Polygon","coordinates":[[[113.58189666666668,22.901764857142858],[113.58455419354839,22.901764857142858],[113.58455419354839,22.90443875],[113.58189666666668,22.90443875],[113.58189666666668,22.901764857142858]]]},"properties":{"cluster_id":256,"lat":22.90349736734694,"lon":113.58370781632652,"count":43,"dwell_minutes":59743.88333333334,"center_method":"duration_weighted_stop_medoid","type":"berth","distance_to_coast":1526.8393617359077,"inside_china_land":false}},{"type":"Feature","geometry":{"type":"Polygon","coordinates":[[[117.98170626086957,24.45237769354839],[117.98195004477611,24.45237769354839],[117.98195004477611,24.452466],[117.98170626086957,24.452466],[117.98170626086957,24.45237769354839]]]},"properties":{"cluster_id":257,"lat":24.452436731343283,"lon":117.98195004477611,"count":4,"dwell_minutes":5542.983333333333,"center_method":"duration_weighted_stop_medoid","type":"berth","distance_to_coast":10.69492164463761,"inside_china_land":true}},{"type":"Feature","geometry":{"type":"Polygon","coordinates":[[[118.43164999999999,24.630325571428575],[118.4323495,24.630325571428575],[118.4323495,24.63123775],[118.43164999999999,24.63123775],[118.43164999999999,24.630325571428575]]]},"properties":{"cluster_id":258,"lat":24.63043214814815,"lon":118.43225524074074,"count":17,"dwell_minutes":8261.666666666666,"center_method":"duration_weighted_stop_medoid","type":"berth","distance_to_coast":39.85858367830062,"inside_china_land":false}},{"type":"Feature","geometry":{"type":"Polygon","coordinates":[[[113.03811178048781,22.445227666666668],[113.03935107499998,22.445227666666668],[113.03935107499998,22.445780910569106],[113.03811178048781,22.445780910569106],[113.03811178048781,22.445227666666668]]]},"properties":{"cluster_id":260,"lat":22.44564832653061,"lon":113.03861982653062,"count":16,"dwell_minutes":21465.833333333332,"center_method":"duration_weighted_stop_medoid","type":"berth","distance_to_coast":14444.187379191088,"inside_china_land":true}},{"type":"Feature","geometry":{"type":"Polygon","coordinates":[[[119.46527671428571,25.97735342857143],[119.46875841463415,25.97735342857143],[119.46875841463415,25.981079243902442],[119.46527671428571,25.981079243902442],[119.46527671428571,25.97735342857143]]]},"properties":{"cluster_id":262,"lat":25.979590722222223,"lon":119.46744633333334,"count":76,"dwell_minutes":52661.583333333336,"center_method":"duration_weighted_stop_medoid","type":"berth","distance_to_coast":66.07670727689306,"inside_china_land":true}},{"type":"Feature","geometry":{"type":"Polygon","coordinates":[[[120.22016860606061,31.943035695652178],[120.22087189393939,31.943035695652178],[120.22087189393939,31.943517588235295],[120.22016860606061,31.943517588235295],[120.22016860606061,31.943035695652178]]]},"properties":{"cluster_id":263,"lat":31.94314894117647,"lon":120.22061466666666,"count":26,"dwell_minutes":24220.23333333333,"center_method":"duration_weighted_stop_medoid","type":"berth","distance_to_coast":829.6386173833877,"inside_china_land":true}},{"type":"Feature","geometry":{"type":"Polygon","coordinates":[[[108.63315480392157,21.730792823529413],[108.63352726666666,21.730792823529413],[108.63352726666666,21.734369575221237],[108.63315480392157,21.734369575221237],[108.63315480392157,21.730792823529413]]]},"properties":{"cluster_id":264,"lat":21.7327628,"lon":108.63336272,"count":32,"dwell_minutes":40176.3,"center_method":"duration_weighted_stop_medoid","type":"berth","distance_to_coast":1716.2997584862294,"inside_china_land":false}},{"type":"Feature","geometry":{"type":"Polygon","coordinates":[[[109.1978080224719,19.72837855319149],[109.20060706382978,19.72837855319149],[109.20060706382978,19.729340966292135],[109.1978080224719,19.729340966292135],[109.1978080224719,19.72837855319149]]]},"properties":{"cluster_id":266,"lat":19.728845733333333,"lon":109.19923842222224,"count":23,"dwell_minutes":39043.766666666656,"center_method":"duration_weighted_stop_medoid","type":"berth","distance_to_coast":1295.1229658536756,"inside_china_land":false}},{"type":"Feature","geometry":{"type":"Polygon","coordinates":[[[120.96779642857143,40.7037678],[120.96848938157893,40.7037678],[120.96848938157893,40.7050771627907],[120.96779642857143,40.7050771627907],[120.96779642857143,40.7037678]]]},"properties":{"cluster_id":268,"lat":40.70496,"lon":120.96798088888887,"count":9,"dwell_minutes":8190.950000000001,"center_method":"duration_weighted_stop_medoid","type":"berth","distance_to_coast":757.529137891281,"inside_china_land":false}},{"type":"Feature","geometry":{"type":"Polygon","coordinates":[[[113.04371283333334,22.443489999999997],[113.04572564285715,22.443489999999997],[113.04572564285715,22.443917798387098],[113.04371283333334,22.443917798387098],[113.04371283333334,22.443489999999997]]]},"properties":{"cluster_id":269,"lat":22.443717575,"lon":113.044461225,"count":8,"dwell_minutes":9591.2,"center_method":"duration_weighted_stop_medoid","type":"berth","distance_to_coast":13923.575985609808,"inside_china_land":true}},{"type":"Feature","geometry":{"type":"Polygon","coordinates":[[[119.69550661538462,39.93135276923077],[119.69754674390245,39.93135276923077],[119.69754674390245,39.93191175],[119.69550661538462,39.93191175],[119.69550661538462,39.93135276923077]]]},"properties":{"cluster_id":270,"lat":39.93165944,"lon":119.69667232,"count":10,"dwell_minutes":7609.3,"center_method":"duration_weighted_stop_medoid","type":"berth","distance_to_coast":395.0575965162854,"inside_china_land":false}},{"type":"Feature","geometry":{"type":"Polygon","coordinates":[[[113.0753665,22.297241999999997],[113.07623735483871,22.297241999999997],[113.07623735483871,22.300164838709676],[113.0753665,22.300164838709676],[113.0753665,22.297241999999997]]]},"properties":{"cluster_id":271,"lat":22.298833375,"lon":113.076095125,"count":15,"dwell_minutes":18421.766666666663,"center_method":"duration_weighted_stop_medoid","type":"berth","distance_to_coast":10308.44513632418,"inside_china_land":true}},{"type":"Feature","geometry":{"type":"Polygon","coordinates":[[[119.82612025,26.6370555],[119.82657783333333,26.6370555],[119.82657783333333,26.637678],[119.82612025,26.637678],[119.82612025,26.6370555]]]},"properties":{"cluster_id":272,"lat":26.6370555,"lon":119.82657783333332,"count":2,"dwell_minutes":221.31666666666663,"center_method":"duration_weighted_stop_medoid","type":"berth","distance_to_coast":3953.053812087584,"inside_china_land":false}},{"type":"Feature","geometry":{"type":"Polygon","coordinates":[[[113.657295703125,22.764277140625],[113.65862948148148,22.764277140625],[113.65862948148148,22.76639759090909],[113.657295703125,22.76639759090909],[113.657295703125,22.764277140625]]]},"properties":{"cluster_id":273,"lat":22.765111693069308,"lon":113.6577315841584,"count":16,"dwell_minutes":17243.466666666667,"center_method":"duration_weighted_stop_medoid","type":"berth","distance_to_coast":354.1194705198804,"inside_china_land":true}},{"type":"Feature","geometry":{"type":"Polygon","coordinates":[[[117.95533046,24.457099714285714],[117.95918762162162,24.457099714285714],[117.95918762162162,24.457965060000003],[117.95533046,24.457965060000003],[117.95533046,24.457099714285714]]]},"properties":{"cluster_id":274,"lat":24.457485258741254,"lon":117.95786299300698,"count":16,"dwell_minutes":23765.13333333333,"center_method":"duration_weighted_stop_medoid","type":"berth","distance_to_coast":451.8382171496243,"inside_china_land":false}},{"type":"Feature","geometry":{"type":"Polygon","coordinates":[[[113.08733275,22.20453688888889],[113.08781119999999,22.20453688888889],[113.08781119999999,22.206507022222223],[113.08733275,22.206507022222223],[113.08733275,22.20453688888889]]]},"properties":{"cluster_id":275,"lat":22.2055445,"lon":113.087448,"count":21,"dwell_minutes":12423.833333333334,"center_method":"duration_weighted_stop_medoid","type":"berth","distance_to_coast":293.8049779302333,"inside_china_land":false}},{"type":"Feature","geometry":{"type":"Polygon","coordinates":[[[118.09700315789473,24.35856106060606],[118.09960789855073,24.35856106060606],[118.09960789855073,24.36041738596491],[118.09700315789473,24.36041738596491],[118.09700315789473,24.35856106060606]]]},"properties":{"cluster_id":276,"lat":24.359293076923077,"lon":118.0987096923077,"count":22,"dwell_minutes":25201.533333333336,"center_method":"duration_weighted_stop_medoid","type":"berth","distance_to_coast":2359.2133472809383,"inside_china_land":false}},{"type":"Feature","geometry":{"type":"Polygon","coordinates":[[[116.73652251020408,23.33587951851852],[116.73761244444444,23.33587951851852],[116.73761244444444,23.336683448979592],[116.73652251020408,23.336683448979592],[116.73652251020408,23.33587951851852]]]},"properties":{"cluster_id":277,"lat":23.336532666666667,"lon":116.73675255555555,"count":17,"dwell_minutes":17046.666666666664,"center_method":"duration_weighted_stop_medoid","type":"berth","distance_to_coast":865.3471091751079,"inside_china_land":false}},{"type":"Feature","geometry":{"type":"Polygon","coordinates":[[[121.55402597916667,31.324424833333335],[121.55519,31.324424833333335],[121.55519,31.328255187499998],[121.55402597916667,31.328255187499998],[121.55402597916667,31.324424833333335]]]},"properties":{"cluster_id":278,"lat":31.32609219587629,"lon":121.5546762371134,"count":60,"dwell_minutes":45041.6,"center_method":"duration_weighted_stop_medoid","type":"berth","distance_to_coast":4454.839761415996,"inside_china_land":true}},{"type":"Feature","geometry":{"type":"Polygon","coordinates":[[[119.71518371428571,39.93711664285714],[119.7155252,39.93711664285714],[119.7155252,39.94018058333334],[119.71518371428571,39.94018058333334],[119.71518371428571,39.93711664285714]]]},"properties":{"cluster_id":279,"lat":39.93871194666667,"lon":119.71535144,"count":21,"dwell_minutes":15975.249999999998,"center_method":"duration_weighted_stop_medoid","type":"berth","distance_to_coast":97.951893287085,"inside_china_land":true}},{"type":"Feature","geometry":{"type":"Polygon","coordinates":[[[113.565411,22.983302043103446],[113.56729556140351,22.983302043103446],[113.56729556140351,22.985852139860143],[113.565411,22.985852139860143],[113.565411,22.983302043103446]]]},"properties":{"cluster_id":280,"lat":22.985160110169492,"lon":113.56680886440678,"count":23,"dwell_minutes":47012.15,"center_method":"duration_weighted_stop_medoid","type":"berth","distance_to_coast":1213.9830518844176,"inside_china_land":false}},{"type":"Feature","geometry":{"type":"Polygon","coordinates":[[[119.66378577777778,25.531819857142857],[119.66389742857143,25.531819857142857],[119.66389742857143,25.53191711111111],[119.66378577777778,25.53191711111111],[119.66378577777778,25.531819857142857]]]},"properties":{"cluster_id":281,"lat":25.53191711111111,"lon":119.66378577777778,"count":2,"dwell_minutes":696.1,"center_method":"duration_weighted_stop_medoid","type":"berth","distance_to_coast":3891.231508484154,"inside_china_land":false}},{"type":"Feature","geometry":{"type":"Polygon","coordinates":[[[118.97903233333334,39.20001172727273],[118.97941436363635,39.20001172727273],[118.97941436363635,39.201082416666665],[118.97903233333334,39.201082416666665],[118.97903233333334,39.20001172727273]]]},"properties":{"cluster_id":283,"lat":39.200204771929826,"lon":118.97924577192984,"count":23,"dwell_minutes":34233.46666666667,"center_method":"duration_weighted_stop_medoid","type":"berth","distance_to_coast":1430.366639195439,"inside_china_land":true}},{"type":"Feature","geometry":{"type":"Polygon","coordinates":[[[119.77543424175825,26.39048323076923],[119.77687927272727,26.39048323076923],[119.77687927272727,26.39148432],[119.77543424175825,26.39148432],[119.77543424175825,26.39048323076923]]]},"properties":{"cluster_id":284,"lat":26.39060992857143,"lon":119.77565860714286,"count":34,"dwell_minutes":32792.8,"center_method":"duration_weighted_stop_medoid","type":"berth","distance_to_coast":1093.0828914726676,"inside_china_land":false}},{"type":"Feature","geometry":{"type":"Polygon","coordinates":[[[119.48324729166666,25.9987905],[119.48488569565218,25.9987905],[119.48488569565218,26.00134411111111],[119.48324729166666,26.00134411111111],[119.48324729166666,25.9987905]]]},"properties":{"cluster_id":286,"lat":25.999934394736844,"lon":119.48397039473684,"count":32,"dwell_minutes":27004.199999999997,"center_method":"duration_weighted_stop_medoid","type":"berth","distance_to_coast":909.7781907598928,"inside_china_land":false}},{"type":"Feature","geometry":{"type":"Polygon","coordinates":[[[119.51551745714285,35.313017476190474],[119.51585395454545,35.313017476190474],[119.51585395454545,35.319709688888885],[119.51551745714285,35.319709688888885],[119.51551745714285,35.313017476190474]]]},"properties":{"cluster_id":287,"lat":35.31650235211267,"lon":119.51573874647887,"count":72,"dwell_minutes":65598.46666666667,"center_method":"duration_weighted_stop_medoid","type":"berth","distance_to_coast":2340.889929307965,"inside_china_land":false}},{"type":"Feature","geometry":{"type":"Polygon","coordinates":[[[113.07169,22.296533],[113.07223819999999,22.296533],[113.07223819999999,22.2976487],[113.07169,22.2976487],[113.07169,22.296533]]]},"properties":{"cluster_id":288,"lat":22.2976487,"lon":113.0722382,"count":2,"dwell_minutes":339.4,"center_method":"duration_weighted_stop_medoid","type":"berth","distance_to_coast":10346.046848241189,"inside_china_land":true}},{"type":"Feature","geometry":{"type":"Polygon","coordinates":[[[120.00199447904191,31.971305121212122],[120.00344957575757,31.971305121212122],[120.00344957575757,31.972497305389222],[120.00199447904191,31.972497305389222],[120.00199447904191,31.971305121212122]]]},"properties":{"cluster_id":290,"lat":31.972497305389226,"lon":120.00199447904193,"count":4,"dwell_minutes":11674.733333333334,"center_method":"duration_weighted_stop_medoid","type":"berth","distance_to_coast":1976.8676846119415,"inside_china_land":false}},{"type":"Feature","geometry":{"type":"Polygon","coordinates":[[[120.38902153125,32.0286638125],[120.39315553333334,32.0286638125],[120.39315553333334,32.03255836666667],[120.38902153125,32.03255836666667],[120.38902153125,32.0286638125]]]},"properties":{"cluster_id":292,"lat":32.03085679032258,"lon":120.3913914032258,"count":22,"dwell_minutes":42199.516666666656,"center_method":"duration_weighted_stop_medoid","type":"berth","distance_to_coast":830.2023543236699,"inside_china_land":false}},{"type":"Feature","geometry":{"type":"Polygon","coordinates":[[[119.85810378333333,32.28411716666667],[119.85931153191488,32.28411716666667],[119.85931153191488,32.285349366666665],[119.85810378333333,32.285349366666665],[119.85810378333333,32.28411716666667]]]},"properties":{"cluster_id":293,"lat":32.28436069230769,"lon":119.85919553846152,"count":10,"dwell_minutes":12747.683333333332,"center_method":"duration_weighted_stop_medoid","type":"berth","distance_to_coast":50.77158872324862,"inside_china_land":true}},{"type":"Feature","geometry":{"type":"Polygon","coordinates":[[[118.97042725531915,25.238650105263158],[118.97052535714286,25.238650105263158],[118.97052535714286,25.238728234042554],[118.97042725531915,25.238728234042554],[118.97042725531915,25.238650105263158]]]},"properties":{"cluster_id":294,"lat":25.23865010526316,"lon":118.97051542105264,"count":3,"dwell_minutes":3575.8333333333335,"center_method":"duration_weighted_stop_medoid","type":"berth","distance_to_coast":581.4702118464637,"inside_china_land":false}},{"type":"Feature","geometry":{"type":"Polygon","coordinates":[[[118.5306895,39.1084695],[118.53502434615385,39.1084695],[118.53502434615385,39.11509176923077],[118.5306895,39.11509176923077],[118.5306895,39.1084695]]]},"properties":{"cluster_id":295,"lat":39.112309625,"lon":118.533255,"count":138,"dwell_minutes":93872.41666666669,"center_method":"duration_weighted_stop_medoid","type":"berth","distance_to_coast":1731.083099624341,"inside_china_land":false}},{"type":"Feature","geometry":{"type":"Polygon","coordinates":[[[121.020174,30.554975],[121.02731048,30.554975],[121.02731048,30.5602742],[121.020174,30.5602742],[121.020174,30.554975]]]},"properties":{"cluster_id":296,"lat":30.558923294117648,"lon":121.02545229411766,"count":64,"dwell_minutes":75791.98333333334,"center_method":"duration_weighted_stop_medoid","type":"berth","distance_to_coast":1622.6658850833428,"inside_china_land":false}},{"type":"Feature","geometry":{"type":"Polygon","coordinates":[[[118.45502678947368,38.99554489473684],[118.45523,38.99554489473684],[118.45523,38.99821242307692],[118.45502678947368,38.99821242307692],[118.45502678947368,38.99554489473684]]]},"properties":{"cluster_id":297,"lat":38.9963995,"lon":118.45519483333334,"count":15,"dwell_minutes":8078.800000000001,"center_method":"duration_weighted_stop_medoid","type":"berth","distance_to_coast":1627.0214992632125,"inside_china_land":false}},{"type":"Feature","geometry":{"type":"Polygon","coordinates":[[[120.17661266666666,31.92411011111111],[120.17782500000001,31.92411011111111],[120.17782500000001,31.924273392857142],[120.17661266666666,31.924273392857142],[120.17661266666666,31.92411011111111]]]},"properties":{"cluster_id":298,"lat":31.92423030769231,"lon":120.1777096153846,"count":13,"dwell_minutes":12145.4,"center_method":"duration_weighted_stop_medoid","type":"berth","distance_to_coast":1632.7702192715728,"inside_china_land":false}},{"type":"Feature","geometry":{"type":"Polygon","coordinates":[[[118.98380558333334,39.199896884615384],[118.98823444,39.199896884615384],[118.98823444,39.201200879999995],[118.98380558333334,39.201200879999995],[118.98380558333334,39.199896884615384]]]},"properties":{"cluster_id":300,"lat":39.20064411409396,"lon":118.98642974496644,"count":23,"dwell_minutes":31761.233333333337,"center_method":"duration_weighted_stop_medoid","type":"berth","distance_to_coast":2112.8413124215876,"inside_china_land":true}},{"type":"Feature","geometry":{"type":"Polygon","coordinates":[[[113.22860589010989,21.94698761282051],[113.2288730923077,21.94698761282051],[113.2288730923077,21.947219637362636],[113.22860589010989,21.947219637362636],[113.22860589010989,21.94698761282051]]]},"properties":{"cluster_id":301,"lat":21.94698761282051,"lon":113.2288730923077,"count":2,"dwell_minutes":14213.55,"center_method":"duration_weighted_stop_medoid","type":"berth","distance_to_coast":1454.86701194342,"inside_china_land":false}},{"type":"Feature","geometry":{"type":"Polygon","coordinates":[[[116.5367985,22.99134875],[116.53735244444445,22.99134875],[116.53735244444445,22.991529999999997],[116.5367985,22.991529999999997],[116.5367985,22.99134875]]]},"properties":{"cluster_id":302,"lat":22.991529999999997,"lon":116.53735244444444,"count":2,"dwell_minutes":276.15,"center_method":"duration_weighted_stop_medoid","type":"berth","distance_to_coast":1315.2757066855422,"inside_china_land":false}},{"type":"Feature","geometry":{"type":"Polygon","coordinates":[[[113.53068770588234,23.00711],[113.5322138,23.00711],[113.5322138,23.009636399999998],[113.53068770588234,23.009636399999998],[113.53068770588234,23.00711]]]},"properties":{"cluster_id":303,"lat":23.007549247058822,"lon":113.53121485882352,"count":12,"dwell_minutes":12421.65,"center_method":"duration_weighted_stop_medoid","type":"berth","distance_to_coast":167.79020664677026,"inside_china_land":true}},{"type":"Feature","geometry":{"type":"Polygon","coordinates":[[[113.5265441,23.014413500000003],[113.52817022222222,23.014413500000003],[113.52817022222222,23.01791295],[113.5265441,23.01791295],[113.5265441,23.014413500000003]]]},"properties":{"cluster_id":304,"lat":23.017228555555555,"lon":113.52691583838384,"count":7,"dwell_minutes":7120.316666666667,"center_method":"duration_weighted_stop_medoid","type":"berth","distance_to_coast":199.03882090305788,"inside_china_land":false}},{"type":"Feature","geometry":{"type":"Polygon","coordinates":[[[113.66347822972973,22.742196571428572],[113.66626879365079,22.742196571428572],[113.66626879365079,22.744361837837836],[113.66347822972973,22.744361837837836],[113.66347822972973,22.742196571428572]]]},"properties":{"cluster_id":305,"lat":22.743680630331756,"lon":113.66442568246444,"count":12,"dwell_minutes":16375.366666666663,"center_method":"duration_weighted_stop_medoid","type":"berth","distance_to_coast":819.2907105009327,"inside_china_land":false}},{"type":"Feature","geometry":{"type":"Polygon","coordinates":[[[121.97408975,30.05978557142857],[121.97466269230769,30.05978557142857],[121.97466269230769,30.060022520833332],[121.97408975,30.060022520833332],[121.97408975,30.05978557142857]]]},"properties":{"cluster_id":306,"lat":30.059978529411765,"lon":121.9745985,"count":22,"dwell_minutes":18000.883333333335,"center_method":"duration_weighted_stop_medoid","type":"berth","distance_to_coast":121.69345278769802,"inside_china_land":true}},{"type":"Feature","geometry":{"type":"Polygon","coordinates":[[[119.00870914285714,39.20680744594595],[119.00901008695654,39.20680744594595],[119.00901008695654,39.207064583333334],[119.00870914285714,39.207064583333334],[119.00870914285714,39.20680744594595]]]},"properties":{"cluster_id":307,"lat":39.20690941666667,"lon":119.008837125,"count":20,"dwell_minutes":21600.716666666667,"center_method":"duration_weighted_stop_medoid","type":"berth","distance_to_coast":2124.123469085445,"inside_china_land":true}},{"type":"Feature","geometry":{"type":"Polygon","coordinates":[[[110.48286988679246,21.066526200000002],[110.48971966666666,21.066526200000002],[110.48971966666666,21.069818657894736],[110.48286988679246,21.069818657894736],[110.48286988679246,21.066526200000002]]]},"properties":{"cluster_id":308,"lat":21.06698675,"lon":110.48803475,"count":107,"dwell_minutes":146513.5166666667,"center_method":"duration_weighted_stop_medoid","type":"berth","distance_to_coast":384.2413176096654,"inside_china_land":true}},{"type":"Feature","geometry":{"type":"Polygon","coordinates":[[[111.81919725454546,21.695425712962965],[111.81980808333333,21.695425712962965],[111.81980808333333,21.69749991666667],[111.81919725454546,21.69749991666667],[111.81919725454546,21.695425712962965]]]},"properties":{"cluster_id":309,"lat":21.69659573170732,"lon":111.8192431707317,"count":10,"dwell_minutes":17777.0,"center_method":"duration_weighted_stop_medoid","type":"berth","distance_to_coast":2312.3129007792545,"inside_china_land":false}},{"type":"Feature","geometry":{"type":"Polygon","coordinates":[[[121.08447023636363,30.585109327272725],[121.08593584313725,30.585109327272725],[121.08593584313725,30.585531166666666],[121.08447023636363,30.585531166666666],[121.08447023636363,30.585109327272725]]]},"properties":{"cluster_id":310,"lat":30.58546313207547,"lon":121.08583205660378,"count":30,"dwell_minutes":35102.566666666666,"center_method":"duration_weighted_stop_medoid","type":"berth","distance_to_coast":217.5193501918948,"inside_china_land":false}},{"type":"Feature","geometry":{"type":"Polygon","coordinates":[[[110.3984829,21.1397829],[110.40183075,21.1397829],[110.40183075,21.143079833333335],[110.3984829,21.143079833333335],[110.3984829,21.1397829]]]},"properties":{"cluster_id":311,"lat":21.141670081967213,"lon":110.40027418032788,"count":29,"dwell_minutes":25057.05,"center_method":"duration_weighted_stop_medoid","type":"berth","distance_to_coast":2388.952577116158,"inside_china_land":false}},{"type":"Feature","geometry":{"type":"Polygon","coordinates":[[[110.41939414035087,21.240642466101693],[110.42021556363636,21.240642466101693],[110.42021556363636,21.241491144654088],[110.41939414035087,21.241491144654088],[110.41939414035087,21.240642466101693]]]},"properties":{"cluster_id":312,"lat":21.2414010625,"lon":110.4195208359375,"count":10,"dwell_minutes":22274.933333333334,"center_method":"duration_weighted_stop_medoid","type":"berth","distance_to_coast":1318.3129358456192,"inside_china_land":false}},{"type":"Feature","geometry":{"type":"Polygon","coordinates":[[[119.8797157173913,32.1960279122807],[119.88012612280701,32.1960279122807],[119.88012612280701,32.197872543478255],[119.8797157173913,32.197872543478255],[119.8797157173913,32.1960279122807]]]},"properties":{"cluster_id":313,"lat":32.19655792857143,"lon":119.87988073469388,"count":7,"dwell_minutes":11032.416666666664,"center_method":"duration_weighted_stop_medoid","type":"berth","distance_to_coast":2002.6078731247655,"inside_china_land":false}},{"type":"Feature","geometry":{"type":"Polygon","coordinates":[[[118.99029336734694,39.20805312244898],[118.99249065714287,39.20805312244898],[118.99249065714287,39.20869054285714],[118.99029336734694,39.20869054285714],[118.99029336734694,39.20805312244898]]]},"properties":{"cluster_id":314,"lat":39.20837098148149,"lon":118.99111805555556,"count":12,"dwell_minutes":13983.316666666666,"center_method":"duration_weighted_stop_medoid","type":"berth","distance_to_coast":3196.924233577527,"inside_china_land":true}},{"type":"Feature","geometry":{"type":"Polygon","coordinates":[[[113.50824380000002,23.048826448275864],[113.50979951515151,23.048826448275864],[113.50979951515151,23.05123035],[113.50824380000002,23.05123035],[113.50824380000002,23.048826448275864]]]},"properties":{"cluster_id":316,"lat":23.050488140350875,"lon":113.50880024561404,"count":11,"dwell_minutes":10836.85,"center_method":"duration_weighted_stop_medoid","type":"berth","distance_to_coast":1412.63355013412,"inside_china_land":false}},{"type":"Feature","geometry":{"type":"Polygon","coordinates":[[[121.4577222857143,31.0970775],[121.45924325,31.0970775],[121.45924325,31.100091910714287],[121.4577222857143,31.100091910714287],[121.4577222857143,31.0970775]]]},"properties":{"cluster_id":317,"lat":31.09883444230769,"lon":121.45848232692308,"count":51,"dwell_minutes":43383.8,"center_method":"duration_weighted_stop_medoid","type":"berth","distance_to_coast":35878.29216998698,"inside_china_land":true}},{"type":"Feature","geometry":{"type":"Polygon","coordinates":[[[121.4670402,31.0724986],[121.467710125,31.0724986],[121.467710125,31.073115875],[121.4670402,31.073115875],[121.4670402,31.0724986]]]},"properties":{"cluster_id":318,"lat":31.072644876404492,"lon":121.46718103370786,"count":10,"dwell_minutes":6524.5,"center_method":"duration_weighted_stop_medoid","type":"berth","distance_to_coast":34297.66038899698,"inside_china_land":true}},{"type":"Feature","geometry":{"type":"Polygon","coordinates":[[[117.99731104166666,24.4486895],[117.99905137500001,24.4486895],[117.99905137500001,24.449233133333333],[117.99731104166666,24.449233133333333],[117.99731104166666,24.4486895]]]},"properties":{"cluster_id":319,"lat":24.44891251851852,"lon":117.99846118518518,"count":11,"dwell_minutes":13504.5,"center_method":"duration_weighted_stop_medoid","type":"berth","distance_to_coast":251.3020100642536,"inside_china_land":true}},{"type":"Feature","geometry":{"type":"Polygon","coordinates":[[[118.98057017964071,39.198922311377245],[118.98235171428571,39.198922311377245],[118.98235171428571,39.19945496341464],[118.98057017964071,39.19945496341464],[118.98057017964071,39.198922311377245]]]},"properties":{"cluster_id":320,"lat":39.19923968055556,"lon":118.98180008333333,"count":42,"dwell_minutes":65029.71666666667,"center_method":"duration_weighted_stop_medoid","type":"berth","distance_to_coast":1567.7085608320633,"inside_china_land":true}},{"type":"Feature","geometry":{"type":"Polygon","coordinates":[[[121.51197233333335,31.355639],[121.51230242857143,31.355639],[121.51230242857143,31.355888],[121.51197233333335,31.355888],[121.51197233333335,31.355639]]]},"properties":{"cluster_id":322,"lat":31.355812105263155,"lon":121.5121264736842,"count":60,"dwell_minutes":86739.09999999999,"center_method":"duration_weighted_stop_medoid","type":"berth","distance_to_coast":3308.9083857276178,"inside_china_land":true}},{"type":"Feature","geometry":{"type":"Polygon","coordinates":[[[122.43875921428571,36.88409922222222],[122.43913333333334,36.88409922222222],[122.43913333333334,36.884569],[122.43875921428571,36.884569],[122.43875921428571,36.88409922222222]]]},"properties":{"cluster_id":323,"lat":36.884238897959186,"lon":122.43879793877552,"count":18,"dwell_minutes":19657.883333333335,"center_method":"duration_weighted_stop_medoid","type":"berth","distance_to_coast":679.6339211032858,"inside_china_land":false}},{"type":"Feature","geometry":{"type":"Polygon","coordinates":[[[122.4351427162162,36.880765679245286],[122.43535659782609,36.880765679245286],[122.43535659782609,36.88114075],[122.4351427162162,36.88114075],[122.4351427162162,36.880765679245286]]]},"properties":{"cluster_id":324,"lat":36.881023885714285,"lon":122.43514902857144,"count":11,"dwell_minutes":14263.35,"center_method":"duration_weighted_stop_medoid","type":"berth","distance_to_coast":114.27245582241724,"inside_china_land":false}},{"type":"Feature","geometry":{"type":"Polygon","coordinates":[[[121.510563875,31.3565725625],[121.5108474909091,31.3565725625],[121.5108474909091,31.356689199999998],[121.510563875,31.356689199999998],[121.510563875,31.3565725625]]]},"properties":{"cluster_id":326,"lat":31.356629611111114,"lon":121.51074533333332,"count":30,"dwell_minutes":49429.316666666666,"center_method":"duration_weighted_stop_medoid","type":"berth","distance_to_coast":3312.2837276171404,"inside_china_land":true}},{"type":"Feature","geometry":{"type":"Polygon","coordinates":[[[120.26456968181819,34.310815590909094],[120.26935100000001,34.310815590909094],[120.26935100000001,34.31266233333333],[120.26456968181819,34.31266233333333],[120.26456968181819,34.310815590909094]]]},"properties":{"cluster_id":327,"lat":34.31199534343434,"lon":120.26768976767676,"count":19,"dwell_minutes":18535.666666666668,"center_method":"duration_weighted_stop_medoid","type":"berth","distance_to_coast":1144.429210758611,"inside_china_land":false}},{"type":"Feature","geometry":{"type":"Polygon","coordinates":[[[121.11237684615384,37.716933499999996],[121.122243425,37.716933499999996],[121.122243425,37.71747766666667],[121.11237684615384,37.71747766666667],[121.11237684615384,37.716933499999996]]]},"properties":{"cluster_id":328,"lat":37.71724801818182,"lon":121.11851836363635,"count":44,"dwell_minutes":26200.6,"center_method":"duration_weighted_stop_medoid","type":"berth","distance_to_coast":1390.2837368375267,"inside_china_land":false}},{"type":"Feature","geometry":{"type":"Polygon","coordinates":[[[121.4997045050505,31.359138306122446],[121.49995964102564,31.359138306122446],[121.49995964102564,31.359466959595956],[121.4997045050505,31.359466959595956],[121.4997045050505,31.359138306122446]]]},"properties":{"cluster_id":329,"lat":31.359376260869567,"lon":121.49984356521738,"count":25,"dwell_minutes":44821.3,"center_method":"duration_weighted_stop_medoid","type":"berth","distance_to_coast":3730.962568495961,"inside_china_land":true}},{"type":"Feature","geometry":{"type":"Polygon","coordinates":[[[121.64438341666666,31.366636333333332],[121.64600555555555,31.366636333333332],[121.64600555555555,31.367964888888892],[121.64438341666666,31.367964888888892],[121.64438341666666,31.366636333333332]]]},"properties":{"cluster_id":330,"lat":31.367085777777778,"lon":121.64538955555554,"count":4,"dwell_minutes":920.2,"center_method":"duration_weighted_stop_medoid","type":"berth","distance_to_coast":3730.8746917871154,"inside_china_land":false}},{"type":"Feature","geometry":{"type":"Polygon","coordinates":[[[121.0768426,37.71347766666667],[121.08072305882354,37.71347766666667],[121.08072305882354,37.71376790909091],[121.0768426,37.71376790909091],[121.0768426,37.71347766666667]]]},"properties":{"cluster_id":331,"lat":37.713611125,"lon":121.07964,"count":17,"dwell_minutes":7079.1,"center_method":"duration_weighted_stop_medoid","type":"berth","distance_to_coast":212.56868772604517,"inside_china_land":false}},{"type":"Feature","geometry":{"type":"Polygon","coordinates":[[[118.99996466666666,39.209662],[119.00020699193549,39.209662],[119.00020699193549,39.2100616532258],[118.99996466666666,39.2100616532258],[118.99996466666666,39.209662]]]},"properties":{"cluster_id":332,"lat":39.20971384210526,"lon":119.00016015789474,"count":6,"dwell_minutes":13723.55,"center_method":"duration_weighted_stop_medoid","type":"berth","distance_to_coast":3131.1132244279233,"inside_china_land":true}},{"type":"Feature","geometry":{"type":"Polygon","coordinates":[[[118.99963257142858,39.21169628571429],[118.99974176785715,39.21169628571429],[118.99974176785715,39.212778428571426],[118.99963257142858,39.212778428571426],[118.99963257142858,39.21169628571429]]]},"properties":{"cluster_id":333,"lat":39.21198866666666,"lon":118.9997007254902,"count":3,"dwell_minutes":5070.916666666667,"center_method":"duration_weighted_stop_medoid","type":"berth","distance_to_coast":3374.399264848864,"inside_china_land":true}},{"type":"Feature","geometry":{"type":"Polygon","coordinates":[[[113.51792505882354,23.046074470588238],[113.5188786607143,23.046074470588238],[113.5188786607143,23.047308089285714],[113.51792505882354,23.047308089285714],[113.51792505882354,23.046074470588238]]]},"properties":{"cluster_id":334,"lat":23.046806507462687,"lon":113.5185242835821,"count":16,"dwell_minutes":35715.55,"center_method":"duration_weighted_stop_medoid","type":"berth","distance_to_coast":1347.6060413287,"inside_china_land":false}},{"type":"Feature","geometry":{"type":"Polygon","coordinates":[[[118.99479888111887,39.212602],[118.99485558333333,39.212602],[118.99485558333333,39.21266565034965],[118.99479888111887,39.21266565034965],[118.99479888111887,39.212602]]]},"properties":{"cluster_id":335,"lat":39.21266565034965,"lon":118.99479888111888,"count":2,"dwell_minutes":5093.833333333333,"center_method":"duration_weighted_stop_medoid","type":"berth","distance_to_coast":3862.221249009493,"inside_china_land":true}},{"type":"Feature","geometry":{"type":"Polygon","coordinates":[[[121.74356,39.01885956923077],[121.74431723076923,39.01885956923077],[121.74431723076923,39.01996233333333],[121.74356,39.01996233333333],[121.74356,39.01885956923077]]]},"properties":{"cluster_id":337,"lat":39.01896842696629,"lon":121.74428022471908,"count":9,"dwell_minutes":12424.766666666666,"center_method":"duration_weighted_stop_medoid","type":"berth","distance_to_coast":1518.2085184251584,"inside_china_land":false}},{"type":"Feature","geometry":{"type":"Polygon","coordinates":[[[113.45346817857143,23.09185666666667],[113.45621362222222,23.09185666666667],[113.45621362222222,23.092471011904763],[113.45346817857143,23.092471011904763],[113.45346817857143,23.09185666666667]]]},"properties":{"cluster_id":338,"lat":23.0922386,"lon":113.453963,"count":38,"dwell_minutes":44762.933333333334,"center_method":"duration_weighted_stop_medoid","type":"berth","distance_to_coast":798.725289782005,"inside_china_land":true}},{"type":"Feature","geometry":{"type":"Polygon","coordinates":[[[110.45998354545455,21.063205269230767],[110.46065812500001,21.063205269230767],[110.46065812500001,21.063415213114755],[110.45998354545455,21.063415213114755],[110.45998354545455,21.063205269230767]]]},"properties":{"cluster_id":339,"lat":21.063288311475407,"lon":110.46033047540983,"count":15,"dwell_minutes":24377.2,"center_method":"duration_weighted_stop_medoid","type":"berth","distance_to_coast":233.288420940156,"inside_china_land":false}},{"type":"Feature","geometry":{"type":"Polygon","coordinates":[[[121.55833200000001,31.329649720000003],[121.55899984,31.329649720000003],[121.55899984,31.330498641025642],[121.55833200000001,31.330498641025642],[121.55833200000001,31.329649720000003]]]},"properties":{"cluster_id":340,"lat":31.33037674074074,"lon":121.55854624074074,"count":52,"dwell_minutes":46486.2,"center_method":"duration_weighted_stop_medoid","type":"berth","distance_to_coast":3773.7814088144455,"inside_china_land":true}},{"type":"Feature","geometry":{"type":"Polygon","coordinates":[[[121.9934165,30.161606999999997],[121.99560054999999,30.161606999999997],[121.99560054999999,30.16254480769231],[121.9934165,30.16254480769231],[121.9934165,30.161606999999997]]]},"properties":{"cluster_id":341,"lat":30.162296807692307,"lon":121.99398655769232,"count":8,"dwell_minutes":9100.633333333331,"center_method":"duration_weighted_stop_medoid","type":"berth","distance_to_coast":1849.2293273943592,"inside_china_land":false}},{"type":"Feature","geometry":{"type":"Polygon","coordinates":[[[122.09214936363635,40.2903735625],[122.0940912820513,40.2903735625],[122.0940912820513,40.294185],[122.09214936363635,40.294185],[122.09214936363635,40.2903735625]]]},"properties":{"cluster_id":342,"lat":40.29213809375,"lon":122.09345515625,"count":33,"dwell_minutes":41644.26666666667,"center_method":"duration_weighted_stop_medoid","type":"berth","distance_to_coast":1677.5180976895658,"inside_china_land":false}},{"type":"Feature","geometry":{"type":"Polygon","coordinates":[[[122.0938879090909,40.24710118897638],[122.09471966666668,40.24710118897638],[122.09471966666668,40.24761433333333],[122.0938879090909,40.24761433333333],[122.0938879090909,40.24710118897638]]]},"properties":{"cluster_id":343,"lat":40.24710118897638,"lon":122.09416686614172,"count":5,"dwell_minutes":9970.8,"center_method":"duration_weighted_stop_medoid","type":"berth","distance_to_coast":763.6613675071458,"inside_china_land":false}},{"type":"Feature","geometry":{"type":"Polygon","coordinates":[[[120.16917325,31.91987202],[120.16976985393259,31.91987202],[120.16976985393259,31.921974039473685],[120.16917325,31.921974039473685],[120.16917325,31.91987202]]]},"properties":{"cluster_id":344,"lat":31.920143786324783,"lon":120.1697027008547,"count":44,"dwell_minutes":71145.19999999998,"center_method":"duration_weighted_stop_medoid","type":"berth","distance_to_coast":1860.2424104725617,"inside_china_land":false}},{"type":"Feature","geometry":{"type":"Polygon","coordinates":[[[120.23074341025641,36.026257712121215],[120.23120364705882,36.026257712121215],[120.23120364705882,36.026521435897436],[120.23074341025641,36.026521435897436],[120.23074341025641,36.026257712121215]]]},"properties":{"cluster_id":345,"lat":36.026467612903225,"lon":120.23094103225807,"count":8,"dwell_minutes":9977.233333333334,"center_method":"duration_weighted_stop_medoid","type":"berth","distance_to_coast":3657.1578302235735,"inside_china_land":false}},{"type":"Feature","geometry":{"type":"Polygon","coordinates":[[[117.72623652173914,38.95972957971015],[117.72720016666666,38.95972957971015],[117.72720016666666,38.96029849999999],[117.72623652173914,38.96029849999999],[117.72623652173914,38.95972957971015]]]},"properties":{"cluster_id":346,"lat":38.959775912162165,"lon":117.72704644594594,"count":19,"dwell_minutes":23471.9,"center_method":"duration_weighted_stop_medoid","type":"berth","distance_to_coast":3279.768019077432,"inside_china_land":false}},{"type":"Feature","geometry":{"type":"Polygon","coordinates":[[[111.810095875,21.709806292682927],[111.8112094090909,21.709806292682927],[111.8112094090909,21.71092788888889],[111.810095875,21.71092788888889],[111.810095875,21.709806292682927]]]},"properties":{"cluster_id":347,"lat":21.710354962962963,"lon":111.81064431481482,"count":16,"dwell_minutes":19302.683333333334,"center_method":"duration_weighted_stop_medoid","type":"berth","distance_to_coast":2879.018464011873,"inside_china_land":false}},{"type":"Feature","geometry":{"type":"Polygon","coordinates":[[[121.69246799999999,32.06114257894737],[121.69344365217391,32.06114257894737],[121.69344365217391,32.06153472115385],[121.69246799999999,32.06153472115385],[121.69246799999999,32.06114257894737]]]},"properties":{"cluster_id":348,"lat":32.06124059731543,"lon":121.6929843020134,"count":4,"dwell_minutes":14421.133333333331,"center_method":"duration_weighted_stop_medoid","type":"berth","distance_to_coast":2568.163269275202,"inside_china_land":false}},{"type":"Feature","geometry":{"type":"Polygon","coordinates":[[[118.03908118421053,24.415100144927536],[118.0409042173913,24.415100144927536],[118.0409042173913,24.415267381578946],[118.03908118421053,24.415267381578946],[118.03908118421053,24.415100144927536]]]},"properties":{"cluster_id":349,"lat":24.41513280952381,"lon":118.04029040476192,"count":3,"dwell_minutes":5333.35,"center_method":"duration_weighted_stop_medoid","type":"berth","distance_to_coast":775.5220230263643,"inside_china_land":false}},{"type":"Feature","geometry":{"type":"Polygon","coordinates":[[[119.02214028571429,25.14491195],[119.02246428000001,25.14491195],[119.02246428000001,25.14622246938776],[119.02214028571429,25.14622246938776],[119.02214028571429,25.14491195]]]},"properties":{"cluster_id":350,"lat":25.146074303030304,"lon":119.0221856060606,"count":9,"dwell_minutes":8650.2,"center_method":"duration_weighted_stop_medoid","type":"berth","distance_to_coast":907.0619094304972,"inside_china_land":false}},{"type":"Feature","geometry":{"type":"Polygon","coordinates":[[[119.47441898507462,25.987747989473686],[119.47456275,25.987747989473686],[119.47456275,25.987877849462365],[119.47441898507462,25.987877849462365],[119.47441898507462,25.987747989473686]]]},"properties":{"cluster_id":351,"lat":25.987811568807334,"lon":119.47452156880736,"count":10,"dwell_minutes":24148.35,"center_method":"duration_weighted_stop_medoid","type":"berth","distance_to_coast":325.36164859072613,"inside_china_land":false}},{"type":"Feature","geometry":{"type":"Polygon","coordinates":[[[119.49837914285715,26.028829142857145],[119.50175199999998,26.028829142857145],[119.50175199999998,26.031856333333334],[119.49837914285715,26.031856333333334],[119.49837914285715,26.028829142857145]]]},"properties":{"cluster_id":352,"lat":26.02925827027027,"lon":119.4989689189189,"count":43,"dwell_minutes":43144.416666666664,"center_method":"duration_weighted_stop_medoid","type":"berth","distance_to_coast":314.7319468680907,"inside_china_land":false}},{"type":"Feature","geometry":{"type":"Polygon","coordinates":[[[115.59870433333334,22.771072708333335],[115.59924583333333,22.771072708333335],[115.59924583333333,22.771728194444442],[115.59870433333334,22.771728194444442],[115.59870433333334,22.771072708333335]]]},"properties":{"cluster_id":353,"lat":22.77172819444444,"lon":115.59870433333334,"count":2,"dwell_minutes":1841.5833333333333,"center_method":"duration_weighted_stop_medoid","type":"berth","distance_to_coast":3502.9293162331137,"inside_china_land":false}},{"type":"Feature","geometry":{"type":"Polygon","coordinates":[[[109.16533620689655,19.80429672413793],[109.16544325333334,19.80429672413793],[109.16544325333334,19.80435037333333],[109.16533620689655,19.80435037333333],[109.16533620689655,19.80429672413793]]]},"properties":{"cluster_id":356,"lat":19.80435037333333,"lon":109.16544325333334,"count":2,"dwell_minutes":3226.45,"center_method":"duration_weighted_stop_medoid","type":"berth","distance_to_coast":123.52590253924409,"inside_china_land":false}},{"type":"Feature","geometry":{"type":"Polygon","coordinates":[[[108.37205086666667,21.5556328],[108.37268455555555,21.5556328],[108.37268455555555,21.55713888888889],[108.37205086666667,21.55713888888889],[108.37205086666667,21.5556328]]]},"properties":{"cluster_id":357,"lat":21.555850227272728,"lon":108.3721675909091,"count":14,"dwell_minutes":13011.55,"center_method":"duration_weighted_stop_medoid","type":"berth","distance_to_coast":2943.1366969196138,"inside_china_land":false}},{"type":"Feature","geometry":{"type":"Polygon","coordinates":[[[110.82881652380952,19.551923000000002],[110.83027102941176,19.551923000000002],[110.83027102941176,19.554079761904763],[110.82881652380952,19.554079761904763],[110.82881652380952,19.551923000000002]]]},"properties":{"cluster_id":358,"lat":19.5529800625,"lon":110.8296055,"count":19,"dwell_minutes":14863.633333333337,"center_method":"duration_weighted_stop_medoid","type":"berth","distance_to_coast":22.852193100411444,"inside_china_land":true}},{"type":"Feature","geometry":{"type":"Polygon","coordinates":[[[120.68065552941177,32.00641311764706],[120.682968,32.00641311764706],[120.682968,32.007069200000004],[120.68065552941177,32.007069200000004],[120.68065552941177,32.00641311764706]]]},"properties":{"cluster_id":359,"lat":32.006975,"lon":120.68273357142856,"count":13,"dwell_minutes":6007.183333333333,"center_method":"duration_weighted_stop_medoid","type":"berth","distance_to_coast":1117.3768958577698,"inside_china_land":false}},{"type":"Feature","geometry":{"type":"Polygon","coordinates":[[[122.20280635714286,30.112565648648648],[122.20398639285715,30.112565648648648],[122.20398639285715,30.112743625],[122.20280635714286,30.112743625],[122.20280635714286,30.112565648648648]]]},"properties":{"cluster_id":360,"lat":30.112670303030303,"lon":122.20373015151516,"count":7,"dwell_minutes":9189.2,"center_method":"duration_weighted_stop_medoid","type":"berth","distance_to_coast":1686.6142561050071,"inside_china_land":false}},{"type":"Feature","geometry":{"type":"Polygon","coordinates":[[[108.373281,21.558567333333333],[108.37860581818182,21.558567333333333],[108.37860581818182,21.571927363636362],[108.373281,21.571927363636362],[108.373281,21.558567333333333]]]},"properties":{"cluster_id":361,"lat":21.56453966666667,"lon":108.37560370588236,"count":63,"dwell_minutes":106417.7,"center_method":"duration_weighted_stop_medoid","type":"berth","distance_to_coast":2010.4618370356277,"inside_china_land":false}},{"type":"Feature","geometry":{"type":"Polygon","coordinates":[[[120.235506625,31.943149625],[120.23732434693878,31.943149625],[120.23732434693878,31.943558723404255],[120.235506625,31.943558723404255],[120.235506625,31.943149625]]]},"properties":{"cluster_id":364,"lat":31.943517054545456,"lon":120.2372146181818,"count":28,"dwell_minutes":28380.21666666667,"center_method":"duration_weighted_stop_medoid","type":"berth","distance_to_coast":374.56139750191824,"inside_china_land":true}},{"type":"Feature","geometry":{"type":"Polygon","coordinates":[[[111.06351948717948,21.483414133333333],[111.06642306666667,21.483414133333333],[111.06642306666667,21.48552976923077],[111.06351948717948,21.48552976923077],[111.06351948717948,21.483414133333333]]]},"properties":{"cluster_id":365,"lat":21.484759133333338,"lon":111.064585,"count":13,"dwell_minutes":17706.966666666667,"center_method":"duration_weighted_stop_medoid","type":"berth","distance_to_coast":629.1856240982501,"inside_china_land":false}},{"type":"Feature","geometry":{"type":"Polygon","coordinates":[[[118.3459646,31.398542400000004],[118.3462857631579,31.398542400000004],[118.3462857631579,31.3989094516129],[118.3459646,31.3989094516129],[118.3459646,31.398542400000004]]]},"properties":{"cluster_id":366,"lat":31.398780652173915,"lon":118.34617386956522,"count":15,"dwell_minutes":9261.133333333337,"center_method":"duration_weighted_stop_medoid","type":"berth","distance_to_coast":174924.09942338936,"inside_china_land":true}},{"type":"Feature","geometry":{"type":"Polygon","coordinates":[[[118.19945860869565,31.271054521739128],[118.19964337500001,31.271054521739128],[118.19964337500001,31.271435],[118.19945860869565,31.271435],[118.19945860869565,31.271054521739128]]]},"properties":{"cluster_id":367,"lat":31.2711125,"lon":118.199534875,"count":3,"dwell_minutes":2200.25,"center_method":"duration_weighted_stop_medoid","type":"berth","distance_to_coast":197988.41676878417,"inside_china_land":true}},{"type":"Feature","geometry":{"type":"Polygon","coordinates":[[[119.92779158241758,32.09378561538461],[119.9283734375,32.09378561538461],[119.9283734375,32.09430561111111],[119.92779158241758,32.09430561111111],[119.92779158241758,32.09378561538461]]]},"properties":{"cluster_id":368,"lat":32.09378561538461,"lon":119.92779158241758,"count":4,"dwell_minutes":3864.083333333333,"center_method":"duration_weighted_stop_medoid","type":"berth","distance_to_coast":454.4703832985028,"inside_china_land":false}},{"type":"Feature","geometry":{"type":"Polygon","coordinates":[[[119.83191291666667,32.305],[119.8343324,32.305],[119.8343324,32.30769195833333],[119.83191291666667,32.30769195833333],[119.83191291666667,32.305]]]},"properties":{"cluster_id":369,"lat":32.30609470454545,"lon":119.8340053409091,"count":61,"dwell_minutes":54234.53333333334,"center_method":"duration_weighted_stop_medoid","type":"berth","distance_to_coast":215.5765455833001,"inside_china_land":true}},{"type":"Feature","geometry":{"type":"Polygon","coordinates":[[[116.38567333333333,23.521950082191783],[116.38684435714286,23.521950082191783],[116.38684435714286,23.522803857142858],[116.38567333333333,23.522803857142858],[116.38567333333333,23.521950082191783]]]},"properties":{"cluster_id":372,"lat":23.522624,"lon":116.38608909375,"count":19,"dwell_minutes":25807.016666666663,"center_method":"duration_weighted_stop_medoid","type":"berth","distance_to_coast":19813.70074397819,"inside_china_land":true}},{"type":"Feature","geometry":{"type":"Polygon","coordinates":[[[118.002626,31.18479],[118.00430427272727,31.18479],[118.00430427272727,31.1865135],[118.002626,31.1865135],[118.002626,31.18479]]]},"properties":{"cluster_id":373,"lat":31.18595485135135,"lon":118.00292914864863,"count":6,"dwell_minutes":6698.95,"center_method":"duration_weighted_stop_medoid","type":"berth","distance_to_coast":222129.71264769445,"inside_china_land":true}},{"type":"Feature","geometry":{"type":"Polygon","coordinates":[[[118.00052168604651,31.131474952380955],[118.00056138095239,31.131474952380955],[118.00056138095239,31.13177706976744],[118.00052168604651,31.13177706976744],[118.00052168604651,31.131474952380955]]]},"properties":{"cluster_id":374,"lat":31.13177706976744,"lon":118.00052168604653,"count":2,"dwell_minutes":3106.866666666667,"center_method":"duration_weighted_stop_medoid","type":"berth","distance_to_coast":226608.3929590896,"inside_china_land":true}},{"type":"Feature","geometry":{"type":"Polygon","coordinates":[[[118.33953591891893,31.45673873170732],[118.33967230434783,31.45673873170732],[118.33967230434783,31.456756837837837],[118.33953591891893,31.456756837837837],[118.33953591891893,31.45673873170732]]]},"properties":{"cluster_id":375,"lat":31.456743115384615,"lon":118.3395911846154,"count":6,"dwell_minutes":10691.35,"center_method":"duration_weighted_stop_medoid","type":"berth","distance_to_coast":171116.0336243173,"inside_china_land":true}},{"type":"Feature","geometry":{"type":"Polygon","coordinates":[[[118.07903651428572,31.20810288571429],[118.07947133333334,31.20810288571429],[118.07947133333334,31.208247666666665],[118.07903651428572,31.208247666666665],[118.07903651428572,31.20810288571429]]]},"properties":{"cluster_id":376,"lat":31.20810288571429,"lon":118.07903651428572,"count":3,"dwell_minutes":1210.6833333333334,"center_method":"duration_weighted_stop_medoid","type":"berth","distance_to_coast":213624.31857692768,"inside_china_land":true}},{"type":"Feature","geometry":{"type":"Polygon","coordinates":[[[119.73830946666666,32.32514325],[119.7391094117647,32.32514325],[119.7391094117647,32.32569857777778],[119.73830946666666,32.32569857777778],[119.73830946666666,32.32514325]]]},"properties":{"cluster_id":377,"lat":32.325594605263156,"lon":119.73863302631578,"count":12,"dwell_minutes":10771.933333333336,"center_method":"duration_weighted_stop_medoid","type":"berth","distance_to_coast":111.5339499050466,"inside_china_land":false}},{"type":"Feature","geometry":{"type":"Polygon","coordinates":[[[122.27738761064425,30.243601577030812],[122.27740746153846,30.243601577030812],[122.27740746153846,30.24363869230769],[122.27738761064425,30.24363869230769],[122.27738761064425,30.243601577030812]]]},"properties":{"cluster_id":378,"lat":30.243601577030812,"lon":122.27738761064424,"count":2,"dwell_minutes":11333.5,"center_method":"duration_weighted_stop_medoid","type":"berth","distance_to_coast":354.1760851035796,"inside_china_land":false}},{"type":"Feature","geometry":{"type":"Polygon","coordinates":[[[119.01242533333334,39.20130363829787],[119.0144514347826,39.20130363829787],[119.0144514347826,39.201910956521736],[119.01242533333334,39.201910956521736],[119.01242533333334,39.20130363829787]]]},"properties":{"cluster_id":379,"lat":39.201553133333334,"lon":119.01421153333334,"count":14,"dwell_minutes":9665.499999999998,"center_method":"duration_weighted_stop_medoid","type":"berth","distance_to_coast":1177.1009397637145,"inside_china_land":true}},{"type":"Feature","geometry":{"type":"Polygon","coordinates":[[[113.43453664948454,23.094972971223022],[113.43826303571429,23.094972971223022],[113.43826303571429,23.095250752577318],[113.43453664948454,23.095250752577318],[113.43453664948454,23.094972971223022]]]},"properties":{"cluster_id":380,"lat":23.095037021276596,"lon":113.4356960851064,"count":24,"dwell_minutes":37945.8,"center_method":"duration_weighted_stop_medoid","type":"berth","distance_to_coast":356.82432250757074,"inside_china_land":true}},{"type":"Feature","geometry":{"type":"Polygon","coordinates":[[[121.57060044444444,28.270315239520958],[121.57062877844312,28.270315239520958],[121.57062877844312,28.27033822222222],[121.57060044444444,28.27033822222222],[121.57060044444444,28.270315239520958]]]},"properties":{"cluster_id":381,"lat":28.270321767195767,"lon":121.57060933862434,"count":4,"dwell_minutes":16564.1,"center_method":"duration_weighted_stop_medoid","type":"berth","distance_to_coast":903.603469506733,"inside_china_land":false}},{"type":"Feature","geometry":{"type":"Polygon","coordinates":[[[119.72102288,26.769190499999997],[119.72308112121212,26.769190499999997],[119.72308112121212,26.774966222222222],[119.72102288,26.774966222222222],[119.72102288,26.769190499999997]]]},"properties":{"cluster_id":382,"lat":26.77279471875,"lon":119.72166615625,"count":59,"dwell_minutes":56035.5,"center_method":"duration_weighted_stop_medoid","type":"berth","distance_to_coast":899.1662018178728,"inside_china_land":false}},{"type":"Feature","geometry":{"type":"Polygon","coordinates":[[[119.72916080645162,26.614344027027027],[119.730924,26.614344027027027],[119.730924,26.614786192307694],[119.72916080645162,26.614786192307694],[119.72916080645162,26.614344027027027]]]},"properties":{"cluster_id":383,"lat":26.614762193548387,"lon":119.72932722580646,"count":14,"dwell_minutes":9181.466666666667,"center_method":"duration_weighted_stop_medoid","type":"berth","distance_to_coast":388.12390183997024,"inside_china_land":false}},{"type":"Feature","geometry":{"type":"Polygon","coordinates":[[[122.18885259375,37.448829999999994],[122.19892076470587,37.448829999999994],[122.19892076470587,37.453945],[122.18885259375,37.453945],[122.18885259375,37.448829999999994]]]},"properties":{"cluster_id":384,"lat":37.45089319298246,"lon":122.19509605263156,"count":97,"dwell_minutes":99793.13333333336,"center_method":"duration_weighted_stop_medoid","type":"berth","distance_to_coast":1642.7803023703616,"inside_china_land":false}},{"type":"Feature","geometry":{"type":"Polygon","coordinates":[[[113.57670088372093,22.890145186046514],[113.57850549122807,22.890145186046514],[113.57850549122807,22.892290999999997],[113.57670088372093,22.892290999999997],[113.57670088372093,22.890145186046514]]]},"properties":{"cluster_id":385,"lat":22.89119927777778,"lon":113.57749625925926,"count":17,"dwell_minutes":17685.783333333333,"center_method":"duration_weighted_stop_medoid","type":"berth","distance_to_coast":1667.5400517916091,"inside_china_land":false}},{"type":"Feature","geometry":{"type":"Polygon","coordinates":[[[118.7411226,24.717582333333336],[118.74173714285715,24.717582333333336],[118.74173714285715,24.717856416666667],[118.7411226,24.717856416666667],[118.7411226,24.717582333333336]]]},"properties":{"cluster_id":386,"lat":24.717782040816324,"lon":118.74173714285716,"count":10,"dwell_minutes":7393.05,"center_method":"duration_weighted_stop_medoid","type":"berth","distance_to_coast":169.52291833111596,"inside_china_land":false}},{"type":"Feature","geometry":{"type":"Polygon","coordinates":[[[121.72849532142857,29.967284666666668],[121.72878077777779,29.967284666666668],[121.72878077777779,29.96772540425532],[121.72849532142857,29.96772540425532],[121.72849532142857,29.967284666666668]]]},"properties":{"cluster_id":388,"lat":29.967616022222224,"lon":121.728681,"count":47,"dwell_minutes":38366.63333333333,"center_method":"duration_weighted_stop_medoid","type":"berth","distance_to_coast":265.07375024366934,"inside_china_land":false}},{"type":"Feature","geometry":{"type":"Polygon","coordinates":[[[117.76881932258065,38.97027307692308],[117.76921669230771,38.97027307692308],[117.76921669230771,38.97041476923077],[117.76881932258065,38.97041476923077],[117.76881932258065,38.97027307692308]]]},"properties":{"cluster_id":389,"lat":38.97029961904762,"lon":117.76894928571429,"count":7,"dwell_minutes":5354.833333333334,"center_method":"duration_weighted_stop_medoid","type":"berth","distance_to_coast":1572.3106055849798,"inside_china_land":false}},{"type":"Feature","geometry":{"type":"Polygon","coordinates":[[[117.77207838888889,38.969797130434785],[117.77242226086956,38.969797130434785],[117.77242226086956,38.96993691666667],[117.77207838888889,38.96993691666667],[117.77207838888889,38.969797130434785]]]},"properties":{"cluster_id":390,"lat":38.96983468,"lon":117.77230268,"count":8,"dwell_minutes":5693.433333333333,"center_method":"duration_weighted_stop_medoid","type":"berth","distance_to_coast":1621.019484110122,"inside_china_land":false}},{"type":"Feature","geometry":{"type":"Polygon","coordinates":[[[121.42774895555556,31.469862],[121.43349984210526,31.469862],[121.43349984210526,31.473494222222225],[121.42774895555556,31.473494222222225],[121.42774895555556,31.469862]]]},"properties":{"cluster_id":392,"lat":31.470724884615382,"lon":121.43199838461538,"count":39,"dwell_minutes":43516.84999999999,"center_method":"duration_weighted_stop_medoid","type":"berth","distance_to_coast":2828.801426092388,"inside_china_land":false}},{"type":"Feature","geometry":{"type":"Polygon","coordinates":[[[119.364320875,35.081329875],[119.36512979166666,35.081329875],[119.36512979166666,35.0851613125],[119.364320875,35.0851613125],[119.364320875,35.081329875]]]},"properties":{"cluster_id":393,"lat":35.082675,"lon":119.36488,"count":11,"dwell_minutes":10285.5,"center_method":"duration_weighted_stop_medoid","type":"berth","distance_to_coast":2103.15238367459,"inside_china_land":false}},{"type":"Feature","geometry":{"type":"Polygon","coordinates":[[[117.73803796,38.96254975],[117.73965650000001,38.96254975],[117.73965650000001,38.96310011764706],[117.73803796,38.96310011764706],[117.73803796,38.96254975]]]},"properties":{"cluster_id":394,"lat":38.9630431617647,"lon":117.73863138235296,"count":20,"dwell_minutes":11596.916666666666,"center_method":"duration_weighted_stop_medoid","type":"berth","distance_to_coast":2797.2447973425265,"inside_china_land":false}},{"type":"Feature","geometry":{"type":"Polygon","coordinates":[[[119.735,26.72415407407407],[119.73577336363637,26.72415407407407],[119.73577336363637,26.725000000000005],[119.735,26.725000000000005],[119.735,26.72415407407407]]]},"properties":{"cluster_id":395,"lat":26.724324257142857,"lon":119.7356512857143,"count":28,"dwell_minutes":27362.699999999997,"center_method":"duration_weighted_stop_medoid","type":"berth","distance_to_coast":1217.775578418596,"inside_china_land":false}},{"type":"Feature","geometry":{"type":"Polygon","coordinates":[[[119.65936145,26.719074684210526],[119.6596077777778,26.719074684210526],[119.6596077777778,26.72175522222222],[119.65936145,26.72175522222222],[119.65936145,26.719074684210526]]]},"properties":{"cluster_id":396,"lat":26.720478928571428,"lon":119.65949335714286,"count":39,"dwell_minutes":27132.516666666663,"center_method":"duration_weighted_stop_medoid","type":"berth","distance_to_coast":1931.3868835777496,"inside_china_land":false}},{"type":"Feature","geometry":{"type":"Polygon","coordinates":[[[119.65647231034484,26.72717481818182],[119.65769695454546,26.72717481818182],[119.65769695454546,26.73016572413793],[119.65647231034484,26.73016572413793],[119.65647231034484,26.72717481818182]]]},"properties":{"cluster_id":397,"lat":26.72830692753623,"lon":119.6571300289855,"count":17,"dwell_minutes":14476.183333333334,"center_method":"duration_weighted_stop_medoid","type":"berth","distance_to_coast":1531.7997824593997,"inside_china_land":false}},{"type":"Feature","geometry":{"type":"Polygon","coordinates":[[[121.625969,31.379905666666662],[121.62632433333334,31.379905666666662],[121.62632433333334,31.38016325],[121.625969,31.38016325],[121.625969,31.379905666666662]]]},"properties":{"cluster_id":399,"lat":31.38016325,"lon":121.625969,"count":2,"dwell_minutes":305.46666666666664,"center_method":"duration_weighted_stop_medoid","type":"berth","distance_to_coast":3550.8089577299215,"inside_china_land":false}},{"type":"Feature","geometry":{"type":"Polygon","coordinates":[[[110.64378634210526,19.288648184210526],[110.6439015,19.288648184210526],[110.6439015,19.28909175],[110.64378634210526,19.28909175],[110.64378634210526,19.288648184210526]]]},"properties":{"cluster_id":406,"lat":19.288712221238935,"lon":110.64382705309735,"count":4,"dwell_minutes":7214.650000000001,"center_method":"duration_weighted_stop_medoid","type":"berth","distance_to_coast":894.2455630522603,"inside_china_land":false}},{"type":"Feature","geometry":{"type":"Polygon","coordinates":[[[121.46046285714286,31.10170745],[121.46144675,31.10170745],[121.46144675,31.102230363636362],[121.46046285714286,31.102230363636362],[121.46046285714286,31.10170745]]]},"properties":{"cluster_id":407,"lat":31.10208268421053,"lon":121.46115766666668,"count":78,"dwell_minutes":53661.35,"center_method":"duration_weighted_stop_medoid","type":"berth","distance_to_coast":35373.9680401848,"inside_china_land":true}},{"type":"Feature","geometry":{"type":"Polygon","coordinates":[[[121.59732042105263,31.523840333333332],[121.59964000000001,31.523840333333332],[121.59964000000001,31.525225619047617],[121.59732042105263,31.525225619047617],[121.59732042105263,31.523840333333332]]]},"properties":{"cluster_id":408,"lat":31.524743907407405,"lon":121.5983034074074,"count":17,"dwell_minutes":16703.75,"center_method":"duration_weighted_stop_medoid","type":"berth","distance_to_coast":26.385483095226547,"inside_china_land":true}},{"type":"Feature","geometry":{"type":"Polygon","coordinates":[[[109.19316475000001,19.73085811111111],[109.19402566666666,19.73085811111111],[109.19402566666666,19.7312205],[109.19316475000001,19.7312205],[109.19316475000001,19.73085811111111]]]},"properties":{"cluster_id":409,"lat":19.730888082677165,"lon":109.19392508661416,"count":7,"dwell_minutes":12215.583333333334,"center_method":"duration_weighted_stop_medoid","type":"berth","distance_to_coast":1267.7544461570187,"inside_china_land":false}},{"type":"Feature","geometry":{"type":"Polygon","coordinates":[[[109.16301159259258,19.802781000000003],[109.16396775,19.802781000000003],[109.16396775,19.804357397058823],[109.16301159259258,19.804357397058823],[109.16301159259258,19.802781000000003]]]},"properties":{"cluster_id":410,"lat":19.80364662352941,"lon":109.1635292235294,"count":21,"dwell_minutes":37154.28333333333,"center_method":"duration_weighted_stop_medoid","type":"berth","distance_to_coast":314.16884886488816,"inside_china_land":false}},{"type":"Feature","geometry":{"type":"Polygon","coordinates":[[[118.68287154054056,24.887531745454545],[118.68349119999999,24.887531745454545],[118.68349119999999,24.888175027027028],[118.68287154054056,24.888175027027028],[118.68287154054056,24.887531745454545]]]},"properties":{"cluster_id":411,"lat":24.888135333333334,"lon":118.6829576904762,"count":6,"dwell_minutes":6654.616666666666,"center_method":"duration_weighted_stop_medoid","type":"berth","distance_to_coast":1076.5213948172973,"inside_china_land":false}},{"type":"Feature","geometry":{"type":"Polygon","coordinates":[[[119.47509528571427,25.999318714285714],[119.47571242857143,25.999318714285714],[119.47571242857143,26.00039905882353],[119.47509528571427,26.00039905882353],[119.47509528571427,25.999318714285714]]]},"properties":{"cluster_id":412,"lat":26.00037130188679,"lon":119.47564603773586,"count":9,"dwell_minutes":4701.4,"center_method":"duration_weighted_stop_medoid","type":"berth","distance_to_coast":62.04045825752427,"inside_china_land":false}},{"type":"Feature","geometry":{"type":"Polygon","coordinates":[[[120.67512468707484,32.0053353],[120.67857085714286,32.0053353],[120.67857085714286,32.006113600000006],[120.67512468707484,32.006113600000006],[120.67512468707484,32.0053353]]]},"properties":{"cluster_id":413,"lat":32.00589872,"lon":120.67802750666668,"count":58,"dwell_minutes":69639.08333333334,"center_method":"duration_weighted_stop_medoid","type":"berth","distance_to_coast":957.2825198370692,"inside_china_land":false}},{"type":"Feature","geometry":{"type":"Polygon","coordinates":[[[114.62717423214285,22.73830978082192],[114.62746299999999,22.73830978082192],[114.62746299999999,22.739051020408166],[114.62717423214285,22.739051020408166],[114.62717423214285,22.73830978082192]]]},"properties":{"cluster_id":414,"lat":22.73903053488372,"lon":114.62724341860466,"count":9,"dwell_minutes":18863.500000000004,"center_method":"duration_weighted_stop_medoid","type":"berth","distance_to_coast":1573.243721010292,"inside_china_land":false}},{"type":"Feature","geometry":{"type":"Polygon","coordinates":[[[116.37577344099378,23.525212708074534],[116.3759634255319,23.525212708074534],[116.3759634255319,23.525245574468084],[116.37577344099378,23.525245574468084],[116.37577344099378,23.525212708074534]]]},"properties":{"cluster_id":415,"lat":23.525239156028366,"lon":116.37579320567376,"count":4,"dwell_minutes":12258.35,"center_method":"duration_weighted_stop_medoid","type":"berth","distance_to_coast":20904.72963952552,"inside_china_land":true}},{"type":"Feature","geometry":{"type":"Polygon","coordinates":[[[116.48165789855074,23.47012655072464],[116.48308290909091,23.47012655072464],[116.48308290909091,23.47324],[116.48165789855074,23.47324],[116.48165789855074,23.47012655072464]]]},"properties":{"cluster_id":416,"lat":23.47235981818182,"lon":116.48255020454545,"count":59,"dwell_minutes":50571.95000000001,"center_method":"duration_weighted_stop_medoid","type":"berth","distance_to_coast":7946.738969170122,"inside_china_land":true}},{"type":"Feature","geometry":{"type":"Polygon","coordinates":[[[121.46204325,31.0911345],[121.4630382,31.0911345],[121.4630382,31.09299],[121.46204325,31.09299],[121.46204325,31.0911345]]]},"properties":{"cluster_id":417,"lat":31.092513538461542,"lon":121.46220325641023,"count":68,"dwell_minutes":39554.03333333333,"center_method":"duration_weighted_stop_medoid","type":"berth","distance_to_coast":36477.66410168296,"inside_china_land":true}},{"type":"Feature","geometry":{"type":"Polygon","coordinates":[[[119.81806966666666,26.6951934],[119.81930890909092,26.6951934],[119.81930890909092,26.6963965],[119.81806966666666,26.6963965],[119.81806966666666,26.6951934]]]},"properties":{"cluster_id":418,"lat":26.6963035,"lon":119.81918172727272,"count":85,"dwell_minutes":26415.533333333333,"center_method":"duration_weighted_stop_medoid","type":"berth","distance_to_coast":1172.4313446530668,"inside_china_land":false}},{"type":"Feature","geometry":{"type":"Polygon","coordinates":[[[121.755771625,31.280148875],[121.75613216666666,31.280148875],[121.75613216666666,31.280739166666667],[121.755771625,31.280739166666667],[121.755771625,31.280148875]]]},"properties":{"cluster_id":419,"lat":31.280148875,"lon":121.755771625,"count":2,"dwell_minutes":484.6166666666667,"center_method":"duration_weighted_stop_medoid","type":"berth","distance_to_coast":2733.292528875112,"inside_china_land":false}},{"type":"Feature","geometry":{"type":"Polygon","coordinates":[[[119.97831606666666,31.99046783870968],[119.98113119354838,31.99046783870968],[119.98113119354838,31.993522266666666],[119.97831606666666,31.993522266666666],[119.97831606666666,31.99046783870968]]]},"properties":{"cluster_id":420,"lat":31.99190445,"lon":119.979788725,"count":13,"dwell_minutes":13947.3,"center_method":"duration_weighted_stop_medoid","type":"berth","distance_to_coast":1801.6110429465857,"inside_china_land":false}},{"type":"Feature","geometry":{"type":"Polygon","coordinates":[[[119.66936433333335,25.573653333333336],[119.66979531707317,25.573653333333336],[119.66979531707317,25.573942878048783],[119.66936433333335,25.573942878048783],[119.66936433333335,25.573653333333336]]]},"properties":{"cluster_id":421,"lat":25.573942878048783,"lon":119.66979531707317,"count":2,"dwell_minutes":1162.95,"center_method":"duration_weighted_stop_medoid","type":"berth","distance_to_coast":3426.175003620772,"inside_china_land":false}},{"type":"Feature","geometry":{"type":"Polygon","coordinates":[[[121.469979,31.063077786885245],[121.47026120000001,31.063077786885245],[121.47026120000001,31.0642492],[121.469979,31.0642492],[121.469979,31.063077786885245]]]},"properties":{"cluster_id":424,"lat":31.06313942253521,"lon":121.47010876056336,"count":14,"dwell_minutes":8264.783333333333,"center_method":"duration_weighted_stop_medoid","type":"berth","distance_to_coast":33020.04781840454,"inside_china_land":true}},{"type":"Feature","geometry":{"type":"Polygon","coordinates":[[[118.45474233333334,38.98998216666667],[118.45536425,38.98998216666667],[118.45536425,38.99059535714286],[118.45474233333334,38.99059535714286],[118.45474233333334,38.98998216666667]]]},"properties":{"cluster_id":425,"lat":38.9904905625,"lon":118.455031875,"count":36,"dwell_minutes":17122.833333333336,"center_method":"duration_weighted_stop_medoid","type":"berth","distance_to_coast":1667.6005837353089,"inside_china_land":false}},{"type":"Feature","geometry":{"type":"Polygon","coordinates":[[[120.61900744444445,31.99002423076923],[120.62050502040816,31.99002423076923],[120.62050502040816,31.990191],[120.61900744444445,31.990191],[120.61900744444445,31.99002423076923]]]},"properties":{"cluster_id":426,"lat":31.9901473974359,"lon":120.62045151282052,"count":25,"dwell_minutes":50590.766666666656,"center_method":"duration_weighted_stop_medoid","type":"berth","distance_to_coast":405.6231786997753,"inside_china_land":true}},{"type":"Feature","geometry":{"type":"Polygon","coordinates":[[[121.47244265384614,31.056698746987955],[121.472763625,31.056698746987955],[121.472763625,31.05693882191781],[121.47244265384614,31.05693882191781],[121.47244265384614,31.056698746987955]]]},"properties":{"cluster_id":428,"lat":31.056826382352934,"lon":121.47264359558824,"count":30,"dwell_minutes":52428.8,"center_method":"duration_weighted_stop_medoid","type":"berth","distance_to_coast":32154.760405995978,"inside_china_land":true}},{"type":"Feature","geometry":{"type":"Polygon","coordinates":[[[119.64907805882353,39.92713052941176],[119.64955950000001,39.92713052941176],[119.64955950000001,39.92741797826087],[119.64907805882353,39.92741797826087],[119.64907805882353,39.92713052941176]]]},"properties":{"cluster_id":429,"lat":39.927310843137256,"lon":119.6493407352941,"count":26,"dwell_minutes":30408.18333333333,"center_method":"duration_weighted_stop_medoid","type":"berth","distance_to_coast":99.4771579697058,"inside_china_land":true}},{"type":"Feature","geometry":{"type":"Polygon","coordinates":[[[120.62236771794872,31.99007936781609],[120.6225513670886,31.99007936781609],[120.6225513670886,31.99016717647059],[120.62236771794872,31.99016717647059],[120.62236771794872,31.99007936781609]]]},"properties":{"cluster_id":431,"lat":31.990142138461536,"lon":120.6224939,"count":9,"dwell_minutes":21537.366666666665,"center_method":"duration_weighted_stop_medoid","type":"berth","distance_to_coast":436.2369461149009,"inside_china_land":true}},{"type":"Feature","geometry":{"type":"Polygon","coordinates":[[[120.390096,31.968474456140353],[120.39035189855072,31.968474456140353],[120.39035189855072,31.96868110447761],[120.390096,31.96868110447761],[120.390096,31.968474456140353]]]},"properties":{"cluster_id":432,"lat":31.96861916770186,"lon":120.39020694409938,"count":27,"dwell_minutes":42878.08333333333,"center_method":"duration_weighted_stop_medoid","type":"berth","distance_to_coast":488.7508290940803,"inside_china_land":false}},{"type":"Feature","geometry":{"type":"Polygon","coordinates":[[[118.46825,38.972775363636366],[118.4687858,38.972775363636366],[118.4687858,38.9897098],[118.46825,38.9897098],[118.46825,38.972775363636366]]]},"properties":{"cluster_id":433,"lat":38.98024149056604,"lon":118.46866371698113,"count":115,"dwell_minutes":121603.08333333334,"center_method":"duration_weighted_stop_medoid","type":"berth","distance_to_coast":189.571154794236,"inside_china_land":false}},{"type":"Feature","geometry":{"type":"Polygon","coordinates":[[[121.1678906111111,30.63596311111111],[121.16796724390244,30.63596311111111],[121.16796724390244,30.636016292682925],[121.1678906111111,30.636016292682925],[121.1678906111111,30.63596311111111]]]},"properties":{"cluster_id":434,"lat":30.636016292682925,"lon":121.16796724390244,"count":2,"dwell_minutes":1590.7833333333333,"center_method":"duration_weighted_stop_medoid","type":"berth","distance_to_coast":564.2305939973581,"inside_china_land":false}},{"type":"Feature","geometry":{"type":"Polygon","coordinates":[[[121.73869581818181,29.981835545454544],[121.74140791071429,29.981835545454544],[121.74140791071429,29.981997396551723],[121.73869581818181,29.981997396551723],[121.73869581818181,29.981835545454544]]]},"properties":{"cluster_id":435,"lat":29.98194406521739,"lon":121.73909782608696,"count":26,"dwell_minutes":25859.466666666664,"center_method":"duration_weighted_stop_medoid","type":"berth","distance_to_coast":865.8587496787632,"inside_china_land":false}},{"type":"Feature","geometry":{"type":"Polygon","coordinates":[[[118.97038007777778,25.2355365],[118.97055784615385,25.2355365],[118.97055784615385,25.236831244444446],[118.97038007777778,25.236831244444446],[118.97038007777778,25.2355365]]]},"properties":{"cluster_id":437,"lat":25.23586980263158,"lon":118.97051560526316,"count":7,"dwell_minutes":9425.266666666666,"center_method":"duration_weighted_stop_medoid","type":"berth","distance_to_coast":423.11388792749585,"inside_china_land":false}},{"type":"Feature","geometry":{"type":"Polygon","coordinates":[[[120.39220358695653,31.968597543478264],[120.39284998214285,31.968597543478264],[120.39284998214285,31.968780199999998],[120.39220358695653,31.968780199999998],[120.39220358695653,31.968597543478264]]]},"properties":{"cluster_id":438,"lat":31.968738482142857,"lon":120.39263530357142,"count":19,"dwell_minutes":21594.083333333336,"center_method":"duration_weighted_stop_medoid","type":"berth","distance_to_coast":449.99600377811737,"inside_china_land":false}},{"type":"Feature","geometry":{"type":"Polygon","coordinates":[[[118.454852,38.99945938181818],[118.45526468421052,38.99945938181818],[118.45526468421052,39.00617276470588],[118.454852,39.00617276470588],[118.454852,38.99945938181818]]]},"properties":{"cluster_id":441,"lat":39.00209756,"lon":118.45524708,"count":29,"dwell_minutes":20963.16666666667,"center_method":"duration_weighted_stop_medoid","type":"berth","distance_to_coast":1599.5616867184065,"inside_china_land":false}},{"type":"Feature","geometry":{"type":"Polygon","coordinates":[[[120.38434108860758,32.02515912658228],[120.38740509876543,32.02515912658228],[120.38740509876543,32.02750359259259],[120.38434108860758,32.02750359259259],[120.38434108860758,32.02515912658228]]]},"properties":{"cluster_id":442,"lat":32.02732472380952,"lon":120.38715113333332,"count":16,"dwell_minutes":31386.533333333333,"center_method":"duration_weighted_stop_medoid","type":"berth","distance_to_coast":1040.452389943218,"inside_china_land":false}},{"type":"Feature","geometry":{"type":"Polygon","coordinates":[[[121.13336,31.72343],[121.13378474999999,31.72343],[121.13378474999999,31.723679],[121.13336,31.723679],[121.13336,31.72343]]]},"properties":{"cluster_id":443,"lat":31.72343,"lon":121.13336,"count":2,"dwell_minutes":160.2,"center_method":"duration_weighted_stop_medoid","type":"berth","distance_to_coast":3720.5796805243585,"inside_china_land":false}},{"type":"Feature","geometry":{"type":"Polygon","coordinates":[[[121.151825125,31.70811675],[121.15213725,31.70811675],[121.15213725,31.709632125],[121.151825125,31.709632125],[121.151825125,31.70811675]]]},"properties":{"cluster_id":444,"lat":31.70868815384615,"lon":121.15198476923076,"count":3,"dwell_minutes":550.4333333333333,"center_method":"duration_weighted_stop_medoid","type":"berth","distance_to_coast":3130.878800511095,"inside_china_land":false}},{"type":"Feature","geometry":{"type":"Polygon","coordinates":[[[120.39922661111112,31.96860038095238],[120.39974469230769,31.96860038095238],[120.39974469230769,31.968768],[120.39922661111112,31.968768],[120.39922661111112,31.96860038095238]]]},"properties":{"cluster_id":445,"lat":31.968651162162164,"lon":120.39940608108108,"count":10,"dwell_minutes":8496.75,"center_method":"duration_weighted_stop_medoid","type":"berth","distance_to_coast":287.9422302833532,"inside_china_land":false}},{"type":"Feature","geometry":{"type":"Polygon","coordinates":[[[121.40099328301888,39.50534147169811],[121.40104625000001,39.50534147169811],[121.40104625000001,39.5053457797834],[121.40099328301888,39.5053457797834],[121.40099328301888,39.50534147169811]]]},"properties":{"cluster_id":446,"lat":39.5053457797834,"lon":121.4010123537906,"count":4,"dwell_minutes":14457.383333333337,"center_method":"duration_weighted_stop_medoid","type":"berth","distance_to_coast":2031.2217844950023,"inside_china_land":false}},{"type":"Feature","geometry":{"type":"Polygon","coordinates":[[[118.45502922222222,38.9635049117647],[118.45522456930694,38.9635049117647],[118.45522456930694,38.964492222222226],[118.45502922222222,38.964492222222226],[118.45502922222222,38.9635049117647]]]},"properties":{"cluster_id":449,"lat":38.96431555882353,"lon":118.45509305882354,"count":47,"dwell_minutes":38130.8,"center_method":"duration_weighted_stop_medoid","type":"berth","distance_to_coast":1953.0960166477576,"inside_china_land":false}},{"type":"Feature","geometry":{"type":"Polygon","coordinates":[[[119.03139097560977,39.21474219512195],[119.03224378181818,39.21474219512195],[119.03224378181818,39.21506578571429],[119.03139097560977,39.21506578571429],[119.03139097560977,39.21474219512195]]]},"properties":{"cluster_id":450,"lat":39.214932000000005,"lon":119.03197606896552,"count":19,"dwell_minutes":22043.18333333333,"center_method":"duration_weighted_stop_medoid","type":"berth","distance_to_coast":823.627869754196,"inside_china_land":true}},{"type":"Feature","geometry":{"type":"Polygon","coordinates":[[[119.02931737037036,39.21355611111111],[119.02965289130434,39.21355611111111],[119.02965289130434,39.21361614285714],[119.02931737037036,39.21361614285714],[119.02931737037036,39.21355611111111]]]},"properties":{"cluster_id":451,"lat":39.21358439072848,"lon":119.02941931125828,"count":9,"dwell_minutes":11813.35,"center_method":"duration_weighted_stop_medoid","type":"berth","distance_to_coast":926.122575147432,"inside_china_land":true}},{"type":"Feature","geometry":{"type":"Polygon","coordinates":[[[121.09999999999998,28.156406892307693],[121.10176766666667,28.156406892307693],[121.10176766666667,28.1611646],[121.09999999999998,28.1611646],[121.09999999999998,28.156406892307693]]]},"properties":{"cluster_id":452,"lat":28.158724547008543,"lon":121.10084022222225,"count":103,"dwell_minutes":131116.88333333336,"center_method":"duration_weighted_stop_medoid","type":"berth","distance_to_coast":1931.16627178019,"inside_china_land":false}},{"type":"Feature","geometry":{"type":"Polygon","coordinates":[[[121.46120549999999,31.0941241875],[121.46144473076923,31.0941241875],[121.46144473076923,31.09441491176471],[121.46120549999999,31.09441491176471],[121.46120549999999,31.0941241875]]]},"properties":{"cluster_id":453,"lat":31.09415046153846,"lon":121.46144473076924,"count":3,"dwell_minutes":2839.633333333333,"center_method":"duration_weighted_stop_medoid","type":"berth","distance_to_coast":36313.67444148923,"inside_china_land":true}},{"type":"Feature","geometry":{"type":"Polygon","coordinates":[[[119.64297922222221,39.924610333333334],[119.644140015625,39.924610333333334],[119.644140015625,39.9251539375],[119.64297922222221,39.9251539375],[119.64297922222221,39.924610333333334]]]},"properties":{"cluster_id":454,"lat":39.92473827906977,"lon":119.64331213953488,"count":11,"dwell_minutes":13734.916666666664,"center_method":"duration_weighted_stop_medoid","type":"berth","distance_to_coast":178.75287235519983,"inside_china_land":true}},{"type":"Feature","geometry":{"type":"Polygon","coordinates":[[[122.12957839999999,40.32993342718447],[122.13693211764706,40.32993342718447],[122.13693211764706,40.333722117647056],[122.12957839999999,40.333722117647056],[122.12957839999999,40.32993342718447]]]},"properties":{"cluster_id":455,"lat":40.33170315384616,"lon":122.13298356410256,"count":100,"dwell_minutes":112759.76666666666,"center_method":"duration_weighted_stop_medoid","type":"berth","distance_to_coast":433.71234168172424,"inside_china_land":false}},{"type":"Feature","geometry":{"type":"Polygon","coordinates":[[[113.55922401492538,22.976579970149253],[113.56006093220338,22.976579970149253],[113.56006093220338,22.977380999999998],[113.55922401492538,22.977380999999998],[113.55922401492538,22.976579970149253]]]},"properties":{"cluster_id":457,"lat":22.977039737373737,"lon":113.55960354545454,"count":6,"dwell_minutes":12594.016666666666,"center_method":"duration_weighted_stop_medoid","type":"berth","distance_to_coast":1424.5826808308402,"inside_china_land":false}},{"type":"Feature","geometry":{"type":"Polygon","coordinates":[[[120.18047106153846,31.923759],[120.18342254054055,31.923759],[120.18342254054055,31.924177],[120.18047106153846,31.924177],[120.18047106153846,31.923759]]]},"properties":{"cluster_id":458,"lat":31.923939909090908,"lon":120.18327490909093,"count":27,"dwell_minutes":22939.98333333333,"center_method":"duration_weighted_stop_medoid","type":"berth","distance_to_coast":1673.340804501876,"inside_china_land":false}},{"type":"Feature","geometry":{"type":"Polygon","coordinates":[[[113.6605466,22.670778789473683],[113.66227980000001,22.670778789473683],[113.66227980000001,22.671420529411765],[113.6605466,22.671420529411765],[113.6605466,22.670778789473683]]]},"properties":{"cluster_id":460,"lat":22.671367146666668,"lon":113.66056634222222,"count":11,"dwell_minutes":16457.65,"center_method":"duration_weighted_stop_medoid","type":"berth","distance_to_coast":3301.243078124003,"inside_china_land":false}},{"type":"Feature","geometry":{"type":"Polygon","coordinates":[[[119.91385582539682,32.138321423076924],[119.91438027884615,32.138321423076924],[119.91438027884615,32.14021504210526],[119.91385582539682,32.14021504210526],[119.91385582539682,32.138321423076924]]]},"properties":{"cluster_id":461,"lat":32.1391708627451,"lon":119.91410598039216,"count":9,"dwell_minutes":11712.416666666668,"center_method":"duration_weighted_stop_medoid","type":"berth","distance_to_coast":620.4449618930772,"inside_china_land":true}},{"type":"Feature","geometry":{"type":"Polygon","coordinates":[[[113.50562399999998,23.054600514285713],[113.50633135238095,23.054600514285713],[113.50633135238095,23.05521909375],[113.50562399999998,23.05521909375],[113.50562399999998,23.054600514285713]]]},"properties":{"cluster_id":462,"lat":23.054600514285713,"lon":113.50633135238095,"count":5,"dwell_minutes":5791.950000000001,"center_method":"duration_weighted_stop_medoid","type":"berth","distance_to_coast":928.3841104247244,"inside_china_land":false}},{"type":"Feature","geometry":{"type":"Polygon","coordinates":[[[113.57450775,22.86060326923077],[113.57579129411765,22.86060326923077],[113.57579129411765,22.860820529411765],[113.57450775,22.860820529411765],[113.57450775,22.86060326923077]]]},"properties":{"cluster_id":463,"lat":22.86060326923077,"lon":113.57450775,"count":4,"dwell_minutes":2763.8999999999996,"center_method":"duration_weighted_stop_medoid","type":"berth","distance_to_coast":3164.822214875462,"inside_china_land":false}},{"type":"Feature","geometry":{"type":"Polygon","coordinates":[[[113.57277508433735,22.875750759036144],[113.57318716,22.875750759036144],[113.57318716,22.877967057971016],[113.57277508433735,22.877967057971016],[113.57277508433735,22.875750759036144]]]},"properties":{"cluster_id":464,"lat":22.8767473814433,"lon":113.57291879381444,"count":9,"dwell_minutes":11635.916666666668,"center_method":"duration_weighted_stop_medoid","type":"berth","distance_to_coast":2419.163910847814,"inside_china_land":false}},{"type":"Feature","geometry":{"type":"Polygon","coordinates":[[[122.09427136363637,40.28072331818182],[122.09577995555556,40.28072331818182],[122.09577995555556,40.281498488888886],[122.09427136363637,40.281498488888886],[122.09427136363637,40.28072331818182]]]},"properties":{"cluster_id":466,"lat":40.28099575824176,"lon":122.09479537362638,"count":8,"dwell_minutes":7154.533333333333,"center_method":"duration_weighted_stop_medoid","type":"berth","distance_to_coast":1525.542811576877,"inside_china_land":false}},{"type":"Feature","geometry":{"type":"Polygon","coordinates":[[[115.03491715277778,22.745880000000003],[115.03597555172414,22.745880000000003],[115.03597555172414,22.74745525],[115.03491715277778,22.74745525],[115.03491715277778,22.745880000000003]]]},"properties":{"cluster_id":468,"lat":22.746568777777775,"lon":115.03546535897436,"count":6,"dwell_minutes":8796.883333333333,"center_method":"duration_weighted_stop_medoid","type":"berth","distance_to_coast":603.8380982636957,"inside_china_land":false}},{"type":"Feature","geometry":{"type":"Polygon","coordinates":[[[121.47405566666667,31.051144931034482],[121.474596625,31.051144931034482],[121.474596625,31.052063447916666],[121.47405566666667,31.052063447916666],[121.47405566666667,31.051144931034482]]]},"properties":{"cluster_id":469,"lat":31.05199002020202,"lon":121.47420295959596,"count":16,"dwell_minutes":30355.666666666668,"center_method":"duration_weighted_stop_medoid","type":"berth","distance_to_coast":31502.811140909413,"inside_china_land":true}},{"type":"Feature","geometry":{"type":"Polygon","coordinates":[[[113.65616185714285,22.67169791666667],[113.65868115584415,22.67169791666667],[113.65868115584415,22.672264428571427],[113.65616185714285,22.672264428571427],[113.65616185714285,22.67169791666667]]]},"properties":{"cluster_id":470,"lat":22.672012205128205,"lon":113.6576391025641,"count":16,"dwell_minutes":15385.366666666669,"center_method":"duration_weighted_stop_medoid","type":"berth","distance_to_coast":3079.781844525663,"inside_china_land":false}},{"type":"Feature","geometry":{"type":"Polygon","coordinates":[[[113.20967875,21.952411],[113.21041452,21.952411],[113.21041452,21.95316986],[113.20967875,21.95316986],[113.20967875,21.952411]]]},"properties":{"cluster_id":472,"lat":21.952764533333333,"lon":113.21007233333331,"count":9,"dwell_minutes":7784.683333333333,"center_method":"duration_weighted_stop_medoid","type":"berth","distance_to_coast":3257.994442534553,"inside_china_land":false}},{"type":"Feature","geometry":{"type":"Polygon","coordinates":[[[109.15961005555556,19.76653751724138],[109.16038595918367,19.76653751724138],[109.16038595918367,19.769371033333332],[109.15961005555556,19.769371033333332],[109.15961005555556,19.76653751724138]]]},"properties":{"cluster_id":474,"lat":19.768469779661014,"lon":109.15975439830508,"count":14,"dwell_minutes":43410.5,"center_method":"duration_weighted_stop_medoid","type":"berth","distance_to_coast":596.9129015613588,"inside_china_land":false}},{"type":"Feature","geometry":{"type":"Polygon","coordinates":[[[120.54379108208956,32.002003333333334],[120.54469404545455,32.002003333333334],[120.54469404545455,32.00254966417911],[120.54379108208956,32.00254966417911],[120.54379108208956,32.002003333333334]]]},"properties":{"cluster_id":475,"lat":32.00215010833333,"lon":120.5446239,"count":6,"dwell_minutes":11151.766666666666,"center_method":"duration_weighted_stop_medoid","type":"berth","distance_to_coast":1000.277984731973,"inside_china_land":true}},{"type":"Feature","geometry":{"type":"Polygon","coordinates":[[[121.2871103095238,39.58387305076142],[121.29167816666666,39.58387305076142],[121.29167816666666,39.58810257142857],[121.2871103095238,39.58810257142857],[121.2871103095238,39.58387305076142]]]},"properties":{"cluster_id":476,"lat":39.58503143478261,"lon":121.28841873913044,"count":53,"dwell_minutes":163686.96666666667,"center_method":"duration_weighted_stop_medoid","type":"berth","distance_to_coast":93.8984517868255,"inside_china_land":false}},{"type":"Feature","geometry":{"type":"Polygon","coordinates":[[[121.47548193478261,31.046412431578947],[121.4758188,31.046412431578947],[121.4758188,31.046720606060607],[121.47548193478261,31.046720606060607],[121.47548193478261,31.046412431578947]]]},"properties":{"cluster_id":477,"lat":31.0464939,"lon":121.4755576,"count":16,"dwell_minutes":11516.45,"center_method":"duration_weighted_stop_medoid","type":"berth","distance_to_coast":30773.86146361981,"inside_china_land":true}},{"type":"Feature","geometry":{"type":"Polygon","coordinates":[[[121.1343794854369,28.095491294117647],[121.13455585294118,28.095491294117647],[121.13455585294118,28.09561395145631],[121.1343794854369,28.09561395145631],[121.1343794854369,28.095491294117647]]]},"properties":{"cluster_id":478,"lat":28.095589733333338,"lon":121.134424,"count":3,"dwell_minutes":7761.333333333333,"center_method":"duration_weighted_stop_medoid","type":"berth","distance_to_coast":186.83579774257208,"inside_china_land":false}},{"type":"Feature","geometry":{"type":"Polygon","coordinates":[[[116.48595110526315,23.5004154],[116.48599293333334,23.5004154],[116.48599293333334,23.500492010526315],[116.48595110526315,23.500492010526315],[116.48595110526315,23.5004154]]]},"properties":{"cluster_id":479,"lat":23.500492010526315,"lon":116.48595110526315,"count":3,"dwell_minutes":3740.6,"center_method":"duration_weighted_stop_medoid","type":"berth","distance_to_coast":10742.508223855428,"inside_china_land":true}},{"type":"Feature","geometry":{"type":"Polygon","coordinates":[[[121.69979917647058,39.01313439090909],[121.70056510666667,39.01313439090909],[121.70056510666667,39.01532394666667],[121.69979917647058,39.01532394666667],[121.69979917647058,39.01313439090909]]]},"properties":{"cluster_id":480,"lat":39.01394467924528,"lon":121.7001849245283,"count":6,"dwell_minutes":10019.983333333334,"center_method":"duration_weighted_stop_medoid","type":"berth","distance_to_coast":919.1058021718518,"inside_china_land":true}},{"type":"Feature","geometry":{"type":"Polygon","coordinates":[[[120.91688473809525,27.977344],[120.9179331627907,27.977344],[120.9179331627907,27.97782188095238],[120.91688473809525,27.97782188095238],[120.91688473809525,27.977344]]]},"properties":{"cluster_id":481,"lat":27.977458703703704,"lon":120.91784688888887,"count":20,"dwell_minutes":14143.4,"center_method":"duration_weighted_stop_medoid","type":"berth","distance_to_coast":655.658415941015,"inside_china_land":false}},{"type":"Feature","geometry":{"type":"Polygon","coordinates":[[[116.4731734,23.462152800000002],[116.47361116666667,23.462152800000002],[116.47361116666667,23.46270225],[116.4731734,23.46270225],[116.4731734,23.462152800000002]]]},"properties":{"cluster_id":482,"lat":23.46270225,"lon":116.473496125,"count":3,"dwell_minutes":484.3833333333333,"center_method":"duration_weighted_stop_medoid","type":"berth","distance_to_coast":7703.956126710789,"inside_china_land":true}},{"type":"Feature","geometry":{"type":"Polygon","coordinates":[[[118.716934765625,24.817770625],[118.71928,24.817770625],[118.71928,24.817958125],[118.716934765625,24.817958125],[118.716934765625,24.817770625]]]},"properties":{"cluster_id":483,"lat":24.81795021875,"lon":118.716934765625,"count":3,"dwell_minutes":2462.4,"center_method":"duration_weighted_stop_medoid","type":"berth","distance_to_coast":1710.340342187915,"inside_china_land":false}},{"type":"Feature","geometry":{"type":"Polygon","coordinates":[[[108.37446620754717,21.622438849056604],[108.3753817173913,21.622438849056604],[108.3753817173913,21.623826555555556],[108.37446620754717,21.623826555555556],[108.37446620754717,21.622438849056604]]]},"properties":{"cluster_id":484,"lat":21.62260851851852,"lon":108.37461056790124,"count":8,"dwell_minutes":13214.066666666666,"center_method":"duration_weighted_stop_medoid","type":"berth","distance_to_coast":3718.053690097892,"inside_china_land":false}},{"type":"Feature","geometry":{"type":"Polygon","coordinates":[[[113.500844375,23.058797675675677],[113.50185375675677,23.058797675675677],[113.50185375675677,23.0595665],[113.500844375,23.0595665],[113.500844375,23.058797675675677]]]},"properties":{"cluster_id":487,"lat":23.058797675675677,"lon":113.50185375675676,"count":2,"dwell_minutes":1209.4333333333332,"center_method":"duration_weighted_stop_medoid","type":"berth","distance_to_coast":444.8230642829457,"inside_china_land":false}},{"type":"Feature","geometry":{"type":"Polygon","coordinates":[[[118.98281830232558,25.21629304477612],[118.98401519402985,25.21629304477612],[118.98401519402985,25.21748151162791],[118.98281830232558,25.21748151162791],[118.98281830232558,25.21629304477612]]]},"properties":{"cluster_id":488,"lat":25.216802262626263,"lon":118.98359955555556,"count":10,"dwell_minutes":10657.633333333331,"center_method":"duration_weighted_stop_medoid","type":"berth","distance_to_coast":750.0367663674423,"inside_china_land":false}},{"type":"Feature","geometry":{"type":"Polygon","coordinates":[[[118.22548659090909,24.53168825],[118.22735440000001,24.53168825],[118.22735440000001,24.532443911764705],[118.22548659090909,24.532443911764705],[118.22548659090909,24.53168825]]]},"properties":{"cluster_id":489,"lat":24.532443911764705,"lon":118.22552579411764,"count":5,"dwell_minutes":4193.45,"center_method":"duration_weighted_stop_medoid","type":"berth","distance_to_coast":1175.8787722185562,"inside_china_land":false}},{"type":"Feature","geometry":{"type":"Polygon","coordinates":[[[119.06556402702702,25.102966344262295],[119.06812683606557,25.102966344262295],[119.06812683606557,25.104539351351352],[119.06556402702702,25.104539351351352],[119.06556402702702,25.102966344262295]]]},"properties":{"cluster_id":490,"lat":25.103664707317073,"lon":119.0667802195122,"count":11,"dwell_minutes":11315.216666666667,"center_method":"duration_weighted_stop_medoid","type":"berth","distance_to_coast":2223.223418191088,"inside_china_land":false}},{"type":"Feature","geometry":{"type":"Polygon","coordinates":[[[119.02977241935483,25.217755709677416],[119.02983250588235,25.217755709677416],[119.02983250588235,25.21788825882353],[119.02977241935483,25.21788825882353],[119.02977241935483,25.217755709677416]]]},"properties":{"cluster_id":491,"lat":25.21788825882353,"lon":119.02983250588235,"count":2,"dwell_minutes":3414.55,"center_method":"duration_weighted_stop_medoid","type":"berth","distance_to_coast":1135.7503092980007,"inside_china_land":false}},{"type":"Feature","geometry":{"type":"Polygon","coordinates":[[[118.68021,24.63395],[118.68037493023256,24.63395],[118.68037493023256,24.635179837209304],[118.68021,24.635179837209304],[118.68021,24.63395]]]},"properties":{"cluster_id":493,"lat":24.63493486666667,"lon":118.68032073333332,"count":7,"dwell_minutes":5151.716666666666,"center_method":"duration_weighted_stop_medoid","type":"berth","distance_to_coast":3309.8590977495933,"inside_china_land":false}},{"type":"Feature","geometry":{"type":"Polygon","coordinates":[[[121.642082,31.3668325],[121.643417,31.3668325],[121.643417,31.36859433333333],[121.642082,31.36859433333333],[121.642082,31.3668325]]]},"properties":{"cluster_id":494,"lat":31.36859433333333,"lon":121.643417,"count":5,"dwell_minutes":671.3333333333333,"center_method":"duration_weighted_stop_medoid","type":"berth","distance_to_coast":3693.227987544843,"inside_china_land":false}},{"type":"Feature","geometry":{"type":"Polygon","coordinates":[[[119.48774697368421,26.00626202631579],[119.48815785714285,26.00626202631579],[119.48815785714285,26.007309142857142],[119.48774697368421,26.007309142857142],[119.48774697368421,26.00626202631579]]]},"properties":{"cluster_id":497,"lat":26.00645342622951,"lon":119.48782416393442,"count":5,"dwell_minutes":6615.383333333333,"center_method":"duration_weighted_stop_medoid","type":"berth","distance_to_coast":919.3828505600964,"inside_china_land":false}},{"type":"Feature","geometry":{"type":"Polygon","coordinates":[[[120.35831421739131,32.008139434782606],[120.36217477777778,32.008139434782606],[120.36217477777778,32.010818523809526],[120.35831421739131,32.010818523809526],[120.35831421739131,32.008139434782606]]]},"properties":{"cluster_id":498,"lat":32.00863560784313,"lon":120.35896231372548,"count":28,"dwell_minutes":28978.78333333333,"center_method":"duration_weighted_stop_medoid","type":"berth","distance_to_coast":1333.862884582025,"inside_china_land":false}},{"type":"Feature","geometry":{"type":"Polygon","coordinates":[[[119.43788857142859,32.27103909090909],[119.44022621739131,32.27103909090909],[119.44022621739131,32.271746729166665],[119.43788857142859,32.271746729166665],[119.43788857142859,32.27103909090909]]]},"properties":{"cluster_id":499,"lat":32.27167914285714,"lon":119.4401069047619,"count":15,"dwell_minutes":17702.333333333332,"center_method":"duration_weighted_stop_medoid","type":"berth","distance_to_coast":20928.86078009862,"inside_china_land":true}},{"type":"Feature","geometry":{"type":"Polygon","coordinates":[[[121.49434094871795,36.796205666666665],[121.49806994117647,36.796205666666665],[121.49806994117647,36.797390791666665],[121.49434094871795,36.797390791666665],[121.49434094871795,36.796205666666665]]]},"properties":{"cluster_id":500,"lat":36.797054732394365,"lon":121.49689094366197,"count":34,"dwell_minutes":35782.63333333333,"center_method":"duration_weighted_stop_medoid","type":"berth","distance_to_coast":1363.2831482077934,"inside_china_land":false}},{"type":"Feature","geometry":{"type":"Polygon","coordinates":[[[119.81799325,26.6839182],[119.82143375,26.6839182],[119.82143375,26.68509825],[119.81799325,26.68509825],[119.81799325,26.6839182]]]},"properties":{"cluster_id":501,"lat":26.68435425,"lon":119.81978,"count":13,"dwell_minutes":1981.1,"center_method":"duration_weighted_stop_medoid","type":"berth","distance_to_coast":2180.758479894248,"inside_china_land":false}},{"type":"Feature","geometry":{"type":"Polygon","coordinates":[[[119.98714981679389,32.01179265384615],[119.987162,32.01179265384615],[119.987162,32.0119956259542],[119.98714981679389,32.0119956259542],[119.98714981679389,32.01179265384615]]]},"properties":{"cluster_id":502,"lat":32.0119956259542,"lon":119.98714981679387,"count":2,"dwell_minutes":4480.25,"center_method":"duration_weighted_stop_medoid","type":"berth","distance_to_coast":743.324234452721,"inside_china_land":false}},{"type":"Feature","geometry":{"type":"Polygon","coordinates":[[[120.10771325,31.951675555555557],[120.11006352380953,31.951675555555557],[120.11006352380953,31.953259000000003],[120.10771325,31.953259000000003],[120.10771325,31.951675555555557]]]},"properties":{"cluster_id":503,"lat":31.95269003030303,"lon":120.10798824242424,"count":6,"dwell_minutes":2122.2166666666667,"center_method":"duration_weighted_stop_medoid","type":"berth","distance_to_coast":348.0310172065026,"inside_china_land":true}},{"type":"Feature","geometry":{"type":"Polygon","coordinates":[[[120.55010137837837,32.05588305405406],[120.55055702702703,32.05588305405406],[120.55055702702703,32.05616651351351],[120.55010137837837,32.05616651351351],[120.55010137837837,32.05588305405406]]]},"properties":{"cluster_id":504,"lat":32.05616651351351,"lon":120.55010137837836,"count":4,"dwell_minutes":7300.3,"center_method":"duration_weighted_stop_medoid","type":"berth","distance_to_coast":2937.1419544825712,"inside_china_land":false}},{"type":"Feature","geometry":{"type":"Polygon","coordinates":[[[113.62659450000001,22.7737664],[113.62721177777777,22.7737664],[113.62721177777777,22.77416377777778],[113.62659450000001,22.77416377777778],[113.62659450000001,22.7737664]]]},"properties":{"cluster_id":505,"lat":22.774073,"lon":113.6265945,"count":3,"dwell_minutes":580.0333333333333,"center_method":"duration_weighted_stop_medoid","type":"berth","distance_to_coast":2647.708275192289,"inside_china_land":false}},{"type":"Feature","geometry":{"type":"Polygon","coordinates":[[[113.23036183333333,21.943371265895955],[113.23048020338982,21.943371265895955],[113.23048020338982,21.94348245762712],[113.23036183333333,21.94348245762712],[113.23036183333333,21.943371265895955]]]},"properties":{"cluster_id":507,"lat":21.943371265895955,"lon":113.23038103468208,"count":4,"dwell_minutes":11323.783333333333,"center_method":"duration_weighted_stop_medoid","type":"berth","distance_to_coast":995.512329865744,"inside_china_land":false}},{"type":"Feature","geometry":{"type":"Polygon","coordinates":[[[120.53746773076924,32.005033884615386],[120.53776792000001,32.005033884615386],[120.53776792000001,32.00519752],[120.53746773076924,32.00519752],[120.53746773076924,32.005033884615386]]]},"properties":{"cluster_id":508,"lat":32.00507918644068,"lon":120.537629,"count":10,"dwell_minutes":9257.566666666668,"center_method":"duration_weighted_stop_medoid","type":"berth","distance_to_coast":911.8004862852828,"inside_china_land":true}},{"type":"Feature","geometry":{"type":"Polygon","coordinates":[[[113.08497203448275,22.23121470491803],[113.08500780327869,22.23121470491803],[113.08500780327869,22.231277551724137],[113.08497203448275,22.231277551724137],[113.08497203448275,22.23121470491803]]]},"properties":{"cluster_id":509,"lat":22.23125931111111,"lon":113.08499862222222,"count":3,"dwell_minutes":3837.25,"center_method":"duration_weighted_stop_medoid","type":"berth","distance_to_coast":2553.4471056962007,"inside_china_land":true}},{"type":"Feature","geometry":{"type":"Polygon","coordinates":[[[121.66200333333332,31.363008571428573],[121.66297899999999,31.363008571428573],[121.66297899999999,31.3632715],[121.66200333333332,31.3632715],[121.66200333333332,31.363008571428573]]]},"properties":{"cluster_id":512,"lat":31.3632715,"lon":121.66200333333332,"count":2,"dwell_minutes":342.05,"center_method":"duration_weighted_stop_medoid","type":"berth","distance_to_coast":3092.7445690098048,"inside_china_land":false}},{"type":"Feature","geometry":{"type":"Polygon","coordinates":[[[122.094718,40.25002441666666],[122.09477038888889,40.25002441666666],[122.09477038888889,40.251128875],[122.094718,40.251128875],[122.094718,40.25002441666666]]]},"properties":{"cluster_id":514,"lat":40.25036352380952,"lon":122.09476895238096,"count":3,"dwell_minutes":3349.633333333333,"center_method":"duration_weighted_stop_medoid","type":"berth","distance_to_coast":869.2788546179938,"inside_china_land":false}},{"type":"Feature","geometry":{"type":"Polygon","coordinates":[[[122.07906178378377,29.89362737878788],[122.0835509090909,29.89362737878788],[122.0835509090909,29.895099800000004],[122.07906178378377,29.895099800000004],[122.07906178378377,29.89362737878788]]]},"properties":{"cluster_id":515,"lat":29.894362913043476,"lon":122.082163,"count":72,"dwell_minutes":72397.43333333333,"center_method":"duration_weighted_stop_medoid","type":"berth","distance_to_coast":294.79553444027056,"inside_china_land":true}},{"type":"Feature","geometry":{"type":"Polygon","coordinates":[[[120.1527838095238,31.92659536956522],[120.15561339130434,31.92659536956522],[120.15561339130434,31.926899900000002],[120.1527838095238,31.926899900000002],[120.1527838095238,31.92659536956522]]]},"properties":{"cluster_id":516,"lat":31.926755941176474,"lon":120.1541203235294,"count":21,"dwell_minutes":17118.88333333333,"center_method":"duration_weighted_stop_medoid","type":"berth","distance_to_coast":1693.080526269642,"inside_china_land":false}},{"type":"Feature","geometry":{"type":"Polygon","coordinates":[[[122.44869911428572,30.41549223076923],[122.4537695882353,30.41549223076923],[122.4537695882353,30.420398484848484],[122.44869911428572,30.420398484848484],[122.44869911428572,30.41549223076923]]]},"properties":{"cluster_id":518,"lat":30.41751995652174,"lon":122.45174539130434,"count":210,"dwell_minutes":181316.73333333337,"center_method":"duration_weighted_stop_medoid","type":"berth","distance_to_coast":3205.3845981544237,"inside_china_land":false}},{"type":"Feature","geometry":{"type":"Polygon","coordinates":[[[118.868776,32.17432225],[118.86885598780488,32.17432225],[118.86885598780488,32.17440760869565],[118.868776,32.17440760869565],[118.868776,32.17432225]]]},"properties":{"cluster_id":520,"lat":32.17438023170732,"lon":118.86885598780488,"count":4,"dwell_minutes":3734.783333333333,"center_method":"duration_weighted_stop_medoid","type":"berth","distance_to_coast":82117.51816000933,"inside_china_land":true}},{"type":"Feature","geometry":{"type":"Polygon","coordinates":[[[119.66557038888888,39.928643666666666],[119.66594760000001,39.928643666666666],[119.66594760000001,39.929814],[119.66557038888888,39.929814],[119.66557038888888,39.928643666666666]]]},"properties":{"cluster_id":521,"lat":39.92885833333333,"lon":119.66586,"count":14,"dwell_minutes":13868.883333333337,"center_method":"duration_weighted_stop_medoid","type":"berth","distance_to_coast":588.5842611334662,"inside_china_land":false}},{"type":"Feature","geometry":{"type":"Polygon","coordinates":[[[119.67240757142858,39.92886035714286],[119.67352546666666,39.92886035714286],[119.67352546666666,39.930050900000005],[119.67240757142858,39.930050900000005],[119.67240757142858,39.92886035714286]]]},"properties":{"cluster_id":523,"lat":39.929795454545456,"lon":119.67334254545456,"count":12,"dwell_minutes":7722.033333333335,"center_method":"duration_weighted_stop_medoid","type":"berth","distance_to_coast":504.36816764873873,"inside_china_land":false}},{"type":"Feature","geometry":{"type":"Polygon","coordinates":[[[119.6676935,39.93039975],[119.66847980000001,39.93039975],[119.66847980000001,39.93080244594595],[119.6676935,39.93080244594595],[119.6676935,39.93039975]]]},"properties":{"cluster_id":524,"lat":39.93078324193548,"lon":119.66824227419356,"count":14,"dwell_minutes":13729.483333333334,"center_method":"duration_weighted_stop_medoid","type":"berth","distance_to_coast":326.10093264254664,"inside_china_land":false}},{"type":"Feature","geometry":{"type":"Polygon","coordinates":[[[119.63366172222221,32.191859244444444],[119.6375369090909,32.191859244444444],[119.6375369090909,32.193122],[119.63366172222221,32.193122],[119.63366172222221,32.191859244444444]]]},"properties":{"cluster_id":526,"lat":32.19267077083334,"lon":119.63613235416666,"count":47,"dwell_minutes":52292.85,"center_method":"duration_weighted_stop_medoid","type":"berth","distance_to_coast":58.763150872130865,"inside_china_land":false}},{"type":"Feature","geometry":{"type":"Polygon","coordinates":[[[120.14702593333332,31.9276987],[120.14800748076922,31.9276987],[120.14800748076922,31.927861333333336],[120.14702593333332,31.927861333333336],[120.14702593333332,31.9276987]]]},"properties":{"cluster_id":528,"lat":31.927847787234043,"lon":120.14725557446808,"count":6,"dwell_minutes":3917.616666666667,"center_method":"duration_weighted_stop_medoid","type":"berth","distance_to_coast":1681.7417924249685,"inside_china_land":false}},{"type":"Feature","geometry":{"type":"Polygon","coordinates":[[[119.90531844827586,32.18700782716049],[119.90560047115385,32.18700782716049],[119.90560047115385,32.187388816326525],[119.90531844827586,32.187388816326525],[119.90531844827586,32.18700782716049]]]},"properties":{"cluster_id":530,"lat":32.18710767647059,"lon":119.90557529411764,"count":21,"dwell_minutes":42925.84999999999,"center_method":"duration_weighted_stop_medoid","type":"berth","distance_to_coast":1421.8016746929302,"inside_china_land":false}},{"type":"Feature","geometry":{"type":"Polygon","coordinates":[[[121.06401842028986,37.71349447826087],[121.065808632,37.71349447826087],[121.065808632,37.71365720512821],[121.06401842028986,37.71365720512821],[121.06401842028986,37.71349447826087]]]},"properties":{"cluster_id":531,"lat":37.71350094871794,"lon":121.06430634615386,"count":13,"dwell_minutes":24883.500000000004,"center_method":"duration_weighted_stop_medoid","type":"berth","distance_to_coast":14.11446195871382,"inside_china_land":false}},{"type":"Feature","geometry":{"type":"Polygon","coordinates":[[[119.80897325000001,32.3219618],[119.80933610256409,32.3219618],[119.80933610256409,32.32246965714286],[119.80897325000001,32.32246965714286],[119.80897325000001,32.3219618]]]},"properties":{"cluster_id":532,"lat":32.32225,"lon":119.80922933333332,"count":19,"dwell_minutes":20556.683333333334,"center_method":"duration_weighted_stop_medoid","type":"berth","distance_to_coast":774.4133251564992,"inside_china_land":true}},{"type":"Feature","geometry":{"type":"Polygon","coordinates":[[[119.58351215254237,32.185171272727274],[119.5836650909091,32.185171272727274],[119.5836650909091,32.18533681818182],[119.58351215254237,32.18533681818182],[119.58351215254237,32.185171272727274]]]},"properties":{"cluster_id":533,"lat":32.18531519411764,"lon":119.58358420588236,"count":33,"dwell_minutes":83499.03333333334,"center_method":"duration_weighted_stop_medoid","type":"berth","distance_to_coast":2930.281170791632,"inside_china_land":true}},{"type":"Feature","geometry":{"type":"Polygon","coordinates":[[[120.80656954666668,32.01338822580645],[120.80666773333334,32.01338822580645],[120.80666773333334,32.01351597260274],[120.80656954666668,32.01351597260274],[120.80656954666668,32.01338822580645]]]},"properties":{"cluster_id":534,"lat":32.01347937313433,"lon":120.8066368955224,"count":20,"dwell_minutes":40466.649999999994,"center_method":"duration_weighted_stop_medoid","type":"berth","distance_to_coast":1170.9763255568755,"inside_china_land":false}},{"type":"Feature","geometry":{"type":"Polygon","coordinates":[[[119.64011876470589,32.193767529411765],[119.64061823809524,32.193767529411765],[119.64061823809524,32.19405945454545],[119.64011876470589,32.19405945454545],[119.64011876470589,32.193767529411765]]]},"properties":{"cluster_id":535,"lat":32.193957950000005,"lon":119.640420375,"count":11,"dwell_minutes":11999.766666666666,"center_method":"duration_weighted_stop_medoid","type":"berth","distance_to_coast":42.5655577532982,"inside_china_land":false}},{"type":"Feature","geometry":{"type":"Polygon","coordinates":[[[121.87946654545455,29.930603333333334],[121.88227078,29.930603333333334],[121.88227078,29.93164541666667],[121.87946654545455,29.93164541666667],[121.87946654545455,29.930603333333334]]]},"properties":{"cluster_id":536,"lat":29.930881512820513,"lon":121.88174946153846,"count":79,"dwell_minutes":96684.53333333333,"center_method":"duration_weighted_stop_medoid","type":"berth","distance_to_coast":185.0112192466827,"inside_china_land":false}},{"type":"Feature","geometry":{"type":"Polygon","coordinates":[[[119.66594292682926,32.205231121951215],[119.66709783168317,32.205231121951215],[119.66709783168317,32.20670146315789],[119.66594292682926,32.20670146315789],[119.66594292682926,32.205231121951215]]]},"properties":{"cluster_id":537,"lat":32.206498775862066,"lon":119.66687646551723,"count":8,"dwell_minutes":11584.716666666667,"center_method":"duration_weighted_stop_medoid","type":"berth","distance_to_coast":738.66706909625,"inside_china_land":true}},{"type":"Feature","geometry":{"type":"Polygon","coordinates":[[[119.90504898850574,32.189477034482756],[119.90521895833334,32.189477034482756],[119.90521895833334,32.18958830555555],[119.90504898850574,32.18958830555555],[119.90504898850574,32.189477034482756]]]},"properties":{"cluster_id":538,"lat":32.189558641791045,"lon":119.90518357462688,"count":7,"dwell_minutes":18109.65,"center_method":"duration_weighted_stop_medoid","type":"berth","distance_to_coast":1249.9095683176618,"inside_china_land":false}},{"type":"Feature","geometry":{"type":"Polygon","coordinates":[[[119.63189447540984,32.20017368],[119.63222579787234,32.20017368],[119.63222579787234,32.200332821428574],[119.63189447540984,32.200332821428574],[119.63189447540984,32.20017368]]]},"properties":{"cluster_id":539,"lat":32.20020312765958,"lon":119.63222579787234,"count":4,"dwell_minutes":7044.166666666667,"center_method":"duration_weighted_stop_medoid","type":"berth","distance_to_coast":1131.2406833410062,"inside_china_land":false}},{"type":"Feature","geometry":{"type":"Polygon","coordinates":[[[117.80183771428571,38.965023240875915],[117.80222186956522,38.965023240875915],[117.80222186956522,38.9651473877551],[117.80183771428571,38.9651473877551],[117.80183771428571,38.965023240875915]]]},"properties":{"cluster_id":540,"lat":38.96512752941176,"lon":117.80211970588236,"count":20,"dwell_minutes":29197.449999999997,"center_method":"duration_weighted_stop_medoid","type":"berth","distance_to_coast":3760.43726710292,"inside_china_land":false}},{"type":"Feature","geometry":{"type":"Polygon","coordinates":[[[121.06721919354838,37.71347457142857],[121.07531394444443,37.71347457142857],[121.07531394444443,37.713741666666664],[121.06721919354838,37.713741666666664],[121.06721919354838,37.71347457142857]]]},"properties":{"cluster_id":543,"lat":37.71349747619048,"lon":121.07065533333332,"count":36,"dwell_minutes":21019.283333333336,"center_method":"duration_weighted_stop_medoid","type":"berth","distance_to_coast":53.70715162506633,"inside_china_land":false}},{"type":"Feature","geometry":{"type":"Polygon","coordinates":[[[120.15831649315068,31.920017846153847],[120.15844575,31.920017846153847],[120.15844575,31.920751698412698],[120.15831649315068,31.920751698412698],[120.15831649315068,31.920017846153847]]]},"properties":{"cluster_id":545,"lat":31.92044114285714,"lon":120.15833676623376,"count":16,"dwell_minutes":21712.583333333332,"center_method":"duration_weighted_stop_medoid","type":"berth","distance_to_coast":1648.6757437886858,"inside_china_land":false}},{"type":"Feature","geometry":{"type":"Polygon","coordinates":[[[124.161720984375,39.839151640625],[124.16179425316456,39.839151640625],[124.16179425316456,39.83936415],[124.161720984375,39.83936415],[124.161720984375,39.839151640625]]]},"properties":{"cluster_id":546,"lat":39.83932287341772,"lon":124.16179425316456,"count":3,"dwell_minutes":5576.716666666667,"center_method":"duration_weighted_stop_medoid","type":"berth","distance_to_coast":2475.6072501975245,"inside_china_land":false}},{"type":"Feature","geometry":{"type":"Polygon","coordinates":[[[120.97027586486486,40.744620600000005],[120.97500311764706,40.744620600000005],[120.97500311764706,40.746613625],[120.97027586486486,40.746613625],[120.97027586486486,40.744620600000005]]]},"properties":{"cluster_id":547,"lat":40.74590769565218,"lon":120.97488804347827,"count":42,"dwell_minutes":43730.033333333326,"center_method":"duration_weighted_stop_medoid","type":"berth","distance_to_coast":970.711097268776,"inside_china_land":false}},{"type":"Feature","geometry":{"type":"Polygon","coordinates":[[[120.94525655555555,31.814141306666667],[120.94559836,31.814141306666667],[120.94559836,31.81452388888889],[120.94525655555555,31.81452388888889],[120.94525655555555,31.814141306666667]]]},"properties":{"cluster_id":549,"lat":31.8143633125,"lon":120.94537934375,"count":9,"dwell_minutes":15289.433333333334,"center_method":"duration_weighted_stop_medoid","type":"berth","distance_to_coast":1537.6574560687857,"inside_china_land":false}},{"type":"Feature","geometry":{"type":"Polygon","coordinates":[[[119.70888709090909,26.796199785714286],[119.7094615,26.796199785714286],[119.7094615,26.7970218],[119.70888709090909,26.7970218],[119.70888709090909,26.796199785714286]]]},"properties":{"cluster_id":552,"lat":26.79683523148148,"lon":119.70912262962965,"count":12,"dwell_minutes":6601.95,"center_method":"duration_weighted_stop_medoid","type":"berth","distance_to_coast":977.3331193717607,"inside_china_land":false}},{"type":"Feature","geometry":{"type":"Polygon","coordinates":[[[121.61591442857143,31.35393225],[121.61660344444444,31.35393225],[121.61660344444444,31.354334714285717],[121.61591442857143,31.354334714285717],[121.61591442857143,31.35393225]]]},"properties":{"cluster_id":553,"lat":31.35400382142857,"lon":121.61648489285714,"count":25,"dwell_minutes":13663.516666666668,"center_method":"duration_weighted_stop_medoid","type":"berth","distance_to_coast":1548.303433245613,"inside_china_land":false}},{"type":"Feature","geometry":{"type":"Polygon","coordinates":[[[119.70050029545455,25.6186555],[119.70069302020201,25.6186555],[119.70069302020201,25.61900004545455],[119.70050029545455,25.61900004545455],[119.70050029545455,25.6186555]]]},"properties":{"cluster_id":555,"lat":25.61872215151515,"lon":119.700693020202,"count":3,"dwell_minutes":5447.516666666666,"center_method":"duration_weighted_stop_medoid","type":"berth","distance_to_coast":276.85824264654605,"inside_china_land":false}},{"type":"Feature","geometry":{"type":"Polygon","coordinates":[[[119.70312659999999,25.61731517307692],[119.70344366346154,25.61731517307692],[119.70344366346154,25.617970800000002],[119.70312659999999,25.617970800000002],[119.70312659999999,25.61731517307692]]]},"properties":{"cluster_id":556,"lat":25.61731517307692,"lon":119.70344366346154,"count":2,"dwell_minutes":9041.833333333332,"center_method":"duration_weighted_stop_medoid","type":"berth","distance_to_coast":72.4173843421808,"inside_china_land":true}},{"type":"Feature","geometry":{"type":"Polygon","coordinates":[[[119.67223343055555,25.576162454545454],[119.67323633333335,25.576162454545454],[119.67323633333335,25.576420833333334],[119.67223343055555,25.576420833333334],[119.67223343055555,25.576162454545454]]]},"properties":{"cluster_id":557,"lat":25.576257930555556,"lon":119.67223343055556,"count":3,"dwell_minutes":1989.4166666666663,"center_method":"duration_weighted_stop_medoid","type":"berth","distance_to_coast":3052.667481482786,"inside_china_land":false}},{"type":"Feature","geometry":{"type":"Polygon","coordinates":[[[116.23867700000001,22.925285810810813],[116.2406855283019,22.925285810810813],[116.2406855283019,22.92673675],[116.23867700000001,22.92673675],[116.23867700000001,22.925285810810813]]]},"properties":{"cluster_id":558,"lat":22.926044217821783,"lon":116.23964364356436,"count":10,"dwell_minutes":14837.05,"center_method":"duration_weighted_stop_medoid","type":"berth","distance_to_coast":242.06739182326433,"inside_china_land":false}},{"type":"Feature","geometry":{"type":"Polygon","coordinates":[[[118.43291817307691,24.627568166666666],[118.43353547619047,24.627568166666666],[118.43353547619047,24.62867988888889],[118.43291817307691,24.62867988888889],[118.43291817307691,24.627568166666666]]]},"properties":{"cluster_id":559,"lat":24.628517562499997,"lon":118.43308677083331,"count":20,"dwell_minutes":18114.949999999997,"center_method":"duration_weighted_stop_medoid","type":"berth","distance_to_coast":257.93514919561693,"inside_china_land":false}},{"type":"Feature","geometry":{"type":"Polygon","coordinates":[[[121.7952266,30.841596000000003],[121.79843813333333,30.841596000000003],[121.79843813333333,30.842156315789477],[121.7952266,30.842156315789477],[121.7952266,30.841596000000003]]]},"properties":{"cluster_id":561,"lat":30.841962916666663,"lon":121.79633758333334,"count":28,"dwell_minutes":13121.05,"center_method":"duration_weighted_stop_medoid","type":"berth","distance_to_coast":1287.775675406107,"inside_china_land":false}},{"type":"Feature","geometry":{"type":"Polygon","coordinates":[[[121.69866574285713,39.0173414],[121.70074893589744,39.0173414],[121.70074893589744,39.018001742857145],[121.69866574285713,39.018001742857145],[121.69866574285713,39.0173414]]]},"properties":{"cluster_id":562,"lat":39.01780469483568,"lon":121.69959503755868,"count":26,"dwell_minutes":33224.2,"center_method":"duration_weighted_stop_medoid","type":"berth","distance_to_coast":1463.4392738100632,"inside_china_land":true}},{"type":"Feature","geometry":{"type":"Polygon","coordinates":[[[116.3831361044776,23.505609840909088],[116.38319328571428,23.505609840909088],[116.38319328571428,23.50572114925373],[116.3831361044776,23.50572114925373],[116.3831361044776,23.505609840909088]]]},"properties":{"cluster_id":563,"lat":23.505639093023255,"lon":116.38317406976743,"count":7,"dwell_minutes":19859.716666666667,"center_method":"duration_weighted_stop_medoid","type":"berth","distance_to_coast":18834.69401542152,"inside_china_land":true}},{"type":"Feature","geometry":{"type":"Polygon","coordinates":[[[121.70855576470588,31.341093941176467],[121.70891027272728,31.341093941176467],[121.70891027272728,31.341635999999998],[121.70855576470588,31.341635999999998],[121.70855576470588,31.341093941176467]]]},"properties":{"cluster_id":564,"lat":31.341093941176467,"lon":121.70855576470588,"count":2,"dwell_minutes":635.1166666666667,"center_method":"duration_weighted_stop_medoid","type":"berth","distance_to_coast":2464.656748544133,"inside_china_land":false}},{"type":"Feature","geometry":{"type":"Polygon","coordinates":[[[119.47776237209301,34.73530551612904],[119.48100854838711,34.73530551612904],[119.48100854838711,34.736284125],[119.47776237209301,34.736284125],[119.47776237209301,34.73530551612904]]]},"properties":{"cluster_id":565,"lat":34.735646333333335,"lon":119.48000533333334,"count":31,"dwell_minutes":20583.316666666666,"center_method":"duration_weighted_stop_medoid","type":"berth","distance_to_coast":1858.938927797067,"inside_china_land":false}},{"type":"Feature","geometry":{"type":"Polygon","coordinates":[[[122.0943,40.25324],[122.0946359868421,40.25324],[122.0946359868421,40.2535498],[122.0943,40.2535498],[122.0943,40.25324]]]},"properties":{"cluster_id":566,"lat":40.253469263157896,"lon":122.09453268421052,"count":8,"dwell_minutes":5115.116666666667,"center_method":"duration_weighted_stop_medoid","type":"berth","distance_to_coast":1026.1074006339966,"inside_china_land":false}},{"type":"Feature","geometry":{"type":"Polygon","coordinates":[[[121.60635815384616,29.113333],[121.60780093333332,29.113333],[121.60780093333332,29.114062846153846],[121.60635815384616,29.114062846153846],[121.60635815384616,29.113333]]]},"properties":{"cluster_id":568,"lat":29.113647955555557,"lon":121.60761424444443,"count":43,"dwell_minutes":28075.083333333332,"center_method":"duration_weighted_stop_medoid","type":"berth","distance_to_coast":14.524140736604249,"inside_china_land":false}},{"type":"Feature","geometry":{"type":"Polygon","coordinates":[[[121.50000625925925,32.12844111111111],[121.50057148611111,32.12844111111111],[121.50057148611111,32.13099394871795],[121.50000625925925,32.13099394871795],[121.50000625925925,32.12844111111111]]]},"properties":{"cluster_id":570,"lat":32.13089662962963,"lon":121.50040114814816,"count":45,"dwell_minutes":81028.83333333333,"center_method":"duration_weighted_stop_medoid","type":"berth","distance_to_coast":2733.4528669353795,"inside_china_land":false}},{"type":"Feature","geometry":{"type":"Polygon","coordinates":[[[121.50103299999999,32.1344225],[121.50125325,32.1344225],[121.50125325,32.13500033333333],[121.50103299999999,32.13500033333333],[121.50103299999999,32.1344225]]]},"properties":{"cluster_id":571,"lat":32.13487691666666,"lon":121.50107820833334,"count":24,"dwell_minutes":46187.0,"center_method":"duration_weighted_stop_medoid","type":"berth","distance_to_coast":3260.259737696736,"inside_china_land":false}},{"type":"Feature","geometry":{"type":"Polygon","coordinates":[[[120.00474323469388,31.970348436893204],[120.00495563106796,31.970348436893204],[120.00495563106796,31.970425275510205],[120.00474323469388,31.970425275510205],[120.00474323469388,31.970348436893204]]]},"properties":{"cluster_id":572,"lat":31.970348436893204,"lon":120.00495563106796,"count":2,"dwell_minutes":5609.35,"center_method":"duration_weighted_stop_medoid","type":"berth","distance_to_coast":1960.7923915433037,"inside_china_land":false}},{"type":"Feature","geometry":{"type":"Polygon","coordinates":[[[119.58019262580645,32.18534830769231],[119.58042625,32.18534830769231],[119.58042625,32.18552055913978],[119.58019262580645,32.18552055913978],[119.58019262580645,32.18534830769231]]]},"properties":{"cluster_id":573,"lat":32.18538108,"lon":119.580258776,"count":25,"dwell_minutes":68174.53333333334,"center_method":"duration_weighted_stop_medoid","type":"berth","distance_to_coast":3247.874015417486,"inside_china_land":true}},{"type":"Feature","geometry":{"type":"Polygon","coordinates":[[[121.8253503493976,29.948508755208334],[121.82894551980198,29.948508755208334],[121.82894551980198,29.950057626506027],[121.8253503493976,29.950057626506027],[121.8253503493976,29.948508755208334]]]},"properties":{"cluster_id":574,"lat":29.94907451948052,"lon":121.8277853961039,"count":29,"dwell_minutes":95758.0,"center_method":"duration_weighted_stop_medoid","type":"berth","distance_to_coast":164.20537580843626,"inside_china_land":false}},{"type":"Feature","geometry":{"type":"Polygon","coordinates":[[[121.51235930263158,29.49647122222222],[121.51256730337077,29.49647122222222],[121.51256730337077,29.496587419047618],[121.51235930263158,29.496587419047618],[121.51235930263158,29.49647122222222]]]},"properties":{"cluster_id":575,"lat":29.49652825,"lon":121.51250569285716,"count":22,"dwell_minutes":54216.61666666666,"center_method":"duration_weighted_stop_medoid","type":"berth","distance_to_coast":1831.5189289642817,"inside_china_land":false}},{"type":"Feature","geometry":{"type":"Polygon","coordinates":[[[120.00637582876713,31.96985208219178],[120.0065550410959,31.96985208219178],[120.0065550410959,31.969898294520547],[120.00637582876713,31.969898294520547],[120.00637582876713,31.96985208219178]]]},"properties":{"cluster_id":576,"lat":31.969885787878788,"lon":120.006419989899,"count":3,"dwell_minutes":9133.366666666669,"center_method":"duration_weighted_stop_medoid","type":"berth","distance_to_coast":2014.53074858254,"inside_china_land":false}},{"type":"Feature","geometry":{"type":"Polygon","coordinates":[[[120.30254161538461,37.648749048387096],[120.30306444444444,37.648749048387096],[120.30306444444444,37.65061],[120.30254161538461,37.65061],[120.30254161538461,37.648749048387096]]]},"properties":{"cluster_id":577,"lat":37.64936280434783,"lon":120.30299867391304,"count":15,"dwell_minutes":18882.65,"center_method":"duration_weighted_stop_medoid","type":"berth","distance_to_coast":1160.3396101317692,"inside_china_land":false}},{"type":"Feature","geometry":{"type":"Polygon","coordinates":[[[121.75032191891891,39.0134952972973],[121.75099110256409,39.0134952972973],[121.75099110256409,39.013811961538465],[121.75032191891891,39.013811961538465],[121.75032191891891,39.0134952972973]]]},"properties":{"cluster_id":578,"lat":39.013663548780485,"lon":121.7507176219512,"count":3,"dwell_minutes":7381.466666666667,"center_method":"duration_weighted_stop_medoid","type":"berth","distance_to_coast":1488.7579045182868,"inside_china_land":false}},{"type":"Feature","geometry":{"type":"Polygon","coordinates":[[[122.04292135227273,29.997448714285717],[122.04391157142858,29.997448714285717],[122.04391157142858,29.997815551136362],[122.04292135227273,29.997815551136362],[122.04292135227273,29.997448714285717]]]},"properties":{"cluster_id":579,"lat":29.997607016806725,"lon":122.04387009523808,"count":9,"dwell_minutes":55641.96666666667,"center_method":"duration_weighted_stop_medoid","type":"berth","distance_to_coast":930.1748504964226,"inside_china_land":false}},{"type":"Feature","geometry":{"type":"Polygon","coordinates":[[[121.87333199999999,29.970297384615385],[121.87431125,29.970297384615385],[121.87431125,29.9710125],[121.87333199999999,29.9710125],[121.87333199999999,29.970297384615385]]]},"properties":{"cluster_id":580,"lat":29.970490863636368,"lon":121.87341968181818,"count":11,"dwell_minutes":4453.266666666667,"center_method":"duration_weighted_stop_medoid","type":"berth","distance_to_coast":824.8384399629729,"inside_china_land":false}},{"type":"Feature","geometry":{"type":"Polygon","coordinates":[[[120.9119702,30.3753],[120.912473,30.3753],[120.912473,30.37602894736842],[120.9119702,30.37602894736842],[120.9119702,30.3753]]]},"properties":{"cluster_id":581,"lat":30.375922000000003,"lon":120.91235536363637,"count":12,"dwell_minutes":8980.433333333332,"center_method":"duration_weighted_stop_medoid","type":"berth","distance_to_coast":196.94131149440656,"inside_china_land":true}},{"type":"Feature","geometry":{"type":"Polygon","coordinates":[[[122.413299875,30.412786],[122.41338584615384,30.412786],[122.41338584615384,30.41305225],[122.413299875,30.41305225],[122.413299875,30.412786]]]},"properties":{"cluster_id":582,"lat":30.4128510625,"lon":122.41332825,"count":4,"dwell_minutes":1171.8833333333332,"center_method":"duration_weighted_stop_medoid","type":"berth","distance_to_coast":502.93369652793655,"inside_china_land":false}},{"type":"Feature","geometry":{"type":"Polygon","coordinates":[[[120.9400789047619,30.4618808],[120.94015206666667,30.4618808],[120.94015206666667,30.462093083333333],[120.9400789047619,30.462093083333333],[120.9400789047619,30.4618808]]]},"properties":{"cluster_id":583,"lat":30.46198612195122,"lon":120.94011217073172,"count":7,"dwell_minutes":5224.9,"center_method":"duration_weighted_stop_medoid","type":"berth","distance_to_coast":1109.107608095068,"inside_china_land":false}},{"type":"Feature","geometry":{"type":"Polygon","coordinates":[[[122.21759464516128,30.22994509677419],[122.21778183333333,30.22994509677419],[122.21778183333333,30.2301455],[122.21759464516128,30.2301455],[122.21759464516128,30.22994509677419]]]},"properties":{"cluster_id":584,"lat":30.22994509677419,"lon":122.21759464516128,"count":3,"dwell_minutes":4745.666666666667,"center_method":"duration_weighted_stop_medoid","type":"berth","distance_to_coast":2147.5862144870775,"inside_china_land":false}},{"type":"Feature","geometry":{"type":"Polygon","coordinates":[[[122.1106732,30.239330000000002],[122.11113428571427,30.239330000000002],[122.11113428571427,30.239856857142858],[122.1106732,30.239856857142858],[122.1106732,30.239330000000002]]]},"properties":{"cluster_id":585,"lat":30.239856857142858,"lon":122.11113428571429,"count":2,"dwell_minutes":404.9833333333333,"center_method":"duration_weighted_stop_medoid","type":"berth","distance_to_coast":3040.895204630019,"inside_china_land":false}},{"type":"Feature","geometry":{"type":"Polygon","coordinates":[[[121.62479931372549,29.038188170731708],[121.62692064516129,29.038188170731708],[121.62692064516129,29.03853506451613],[121.62479931372549,29.03853506451613],[121.62479931372549,29.038188170731708]]]},"properties":{"cluster_id":586,"lat":29.03835780952381,"lon":121.62620666666668,"count":8,"dwell_minutes":11036.383333333337,"center_method":"duration_weighted_stop_medoid","type":"berth","distance_to_coast":637.6899358780958,"inside_china_land":true}},{"type":"Feature","geometry":{"type":"Polygon","coordinates":[[[121.96965833333333,29.890064928571427],[121.97086796153847,29.890064928571427],[121.97086796153847,29.890302666666667],[121.96965833333333,29.890302666666667],[121.96965833333333,29.890064928571427]]]},"properties":{"cluster_id":587,"lat":29.890096391304347,"lon":121.96981910869565,"count":23,"dwell_minutes":24485.283333333333,"center_method":"duration_weighted_stop_medoid","type":"berth","distance_to_coast":116.6522446965874,"inside_china_land":false}},{"type":"Feature","geometry":{"type":"Polygon","coordinates":[[[113.57221150000001,22.871055125],[113.57229144525547,22.871055125],[113.57229144525547,22.871789182481752],[113.57221150000001,22.871789182481752],[113.57221150000001,22.871055125]]]},"properties":{"cluster_id":588,"lat":22.871789182481752,"lon":113.57229144525547,"count":2,"dwell_minutes":5560.7,"center_method":"duration_weighted_stop_medoid","type":"berth","distance_to_coast":2688.2989252371326,"inside_china_land":false}},{"type":"Feature","geometry":{"type":"Polygon","coordinates":[[[119.27609555555556,25.4202],[119.27728116666668,25.4202],[119.27728116666668,25.420730944444443],[119.27609555555556,25.420730944444443],[119.27609555555556,25.4202]]]},"properties":{"cluster_id":589,"lat":25.42022140277778,"lon":119.27728116666668,"count":4,"dwell_minutes":3508.2833333333333,"center_method":"duration_weighted_stop_medoid","type":"berth","distance_to_coast":2161.395615891417,"inside_china_land":false}},{"type":"Feature","geometry":{"type":"Polygon","coordinates":[[[116.31523606,22.934496000000003],[116.31578139999999,22.934496000000003],[116.31578139999999,22.93511578],[116.31523606,22.93511578],[116.31523606,22.934496000000003]]]},"properties":{"cluster_id":591,"lat":22.93511578,"lon":116.31523606,"count":4,"dwell_minutes":2023.5666666666668,"center_method":"duration_weighted_stop_medoid","type":"berth","distance_to_coast":2693.4073994297264,"inside_china_land":false}},{"type":"Feature","geometry":{"type":"Polygon","coordinates":[[[116.31312,22.9286403],[116.31400060000001,22.9286403],[116.31400060000001,22.92921175],[116.31312,22.92921175],[116.31312,22.9286403]]]},"properties":{"cluster_id":593,"lat":22.9286403,"lon":116.3140006,"count":2,"dwell_minutes":537.1,"center_method":"duration_weighted_stop_medoid","type":"berth","distance_to_coast":3481.63894126953,"inside_china_land":false}},{"type":"Feature","geometry":{"type":"Polygon","coordinates":[[[116.3132,22.936400666666668],[116.313271,22.936400666666668],[116.313271,22.936682],[116.3132,22.936682],[116.3132,22.936400666666668]]]},"properties":{"cluster_id":594,"lat":22.93650675,"lon":116.313206625,"count":5,"dwell_minutes":503.83333333333337,"center_method":"duration_weighted_stop_medoid","type":"berth","distance_to_coast":2599.963829769076,"inside_china_land":false}},{"type":"Feature","geometry":{"type":"Polygon","coordinates":[[[116.30895764556962,22.94223681012658],[116.3090267,22.94223681012658],[116.3090267,22.9423527],[116.30895764556962,22.9423527],[116.30895764556962,22.94223681012658]]]},"properties":{"cluster_id":595,"lat":22.94223681012658,"lon":116.30895764556962,"count":2,"dwell_minutes":2337.0666666666666,"center_method":"duration_weighted_stop_medoid","type":"berth","distance_to_coast":2079.071784175603,"inside_china_land":false}},{"type":"Feature","geometry":{"type":"Polygon","coordinates":[[[116.77724942857142,23.225355307692308],[116.77730346153847,23.225355307692308],[116.77730346153847,23.225709142857145],[116.77724942857142,23.225709142857145],[116.77724942857142,23.225355307692308]]]},"properties":{"cluster_id":596,"lat":23.225709142857145,"lon":116.77724942857142,"count":2,"dwell_minutes":732.8166666666666,"center_method":"duration_weighted_stop_medoid","type":"berth","distance_to_coast":826.5526228787867,"inside_china_land":true}},{"type":"Feature","geometry":{"type":"Polygon","coordinates":[[[119.26429766666666,25.150179666666663],[119.26581549999999,25.150179666666663],[119.26581549999999,25.151725333333335],[119.26429766666666,25.151725333333335],[119.26429766666666,25.150179666666663]]]},"properties":{"cluster_id":597,"lat":25.151150615384616,"lon":119.26459584615384,"count":22,"dwell_minutes":6703.333333333334,"center_method":"duration_weighted_stop_medoid","type":"berth","distance_to_coast":3158.323974097619,"inside_china_land":false}},{"type":"Feature","geometry":{"type":"Polygon","coordinates":[[[117.01820891666667,23.396913714285713],[117.01902325,23.396913714285713],[117.01902325,23.397909],[117.01820891666667,23.397909],[117.01820891666667,23.396913714285713]]]},"properties":{"cluster_id":599,"lat":23.39754166666667,"lon":117.01858433333332,"count":5,"dwell_minutes":1023.2333333333332,"center_method":"duration_weighted_stop_medoid","type":"berth","distance_to_coast":2129.438107135477,"inside_china_land":false}},{"type":"Feature","geometry":{"type":"Polygon","coordinates":[[[121.0155135,31.79669],[121.01560107575757,31.79669],[121.01560107575757,31.796711653846156],[121.0155135,31.796711653846156],[121.0155135,31.79669]]]},"properties":{"cluster_id":602,"lat":31.796706590909093,"lon":121.01560107575756,"count":3,"dwell_minutes":2485.1,"center_method":"duration_weighted_stop_medoid","type":"berth","distance_to_coast":3093.4508065877008,"inside_china_land":false}},{"type":"Feature","geometry":{"type":"Polygon","coordinates":[[[121.83613922222223,31.68258451428572],[121.83614242857142,31.68258451428572],[121.83614242857142,31.682603222222227],[121.83613922222223,31.682603222222227],[121.83613922222223,31.68258451428572]]]},"properties":{"cluster_id":603,"lat":31.68258451428572,"lon":121.83614242857142,"count":2,"dwell_minutes":1226.3666666666666,"center_method":"duration_weighted_stop_medoid","type":"berth","distance_to_coast":1082.221157780995,"inside_china_land":false}},{"type":"Feature","geometry":{"type":"Polygon","coordinates":[[[121.72651711111111,31.713449625],[121.72896,31.713449625],[121.72896,31.713952111111112],[121.72651711111111,31.713952111111112],[121.72651711111111,31.713449625]]]},"properties":{"cluster_id":604,"lat":31.713587166666667,"lon":121.7280955,"count":10,"dwell_minutes":7054.233333333334,"center_method":"duration_weighted_stop_medoid","type":"berth","distance_to_coast":267.6626091078785,"inside_china_land":false}},{"type":"Feature","geometry":{"type":"Polygon","coordinates":[[[122.40343584615385,30.6842],[122.40360757142857,30.6842],[122.40360757142857,30.685050384615387],[122.40343584615385,30.685050384615387],[122.40343584615385,30.6842]]]},"properties":{"cluster_id":607,"lat":30.685050384615387,"lon":122.40343584615384,"count":2,"dwell_minutes":648.7833333333333,"center_method":"duration_weighted_stop_medoid","type":"berth","distance_to_coast":3567.876194003588,"inside_china_land":false}},{"type":"Feature","geometry":{"type":"Polygon","coordinates":[[[121.79751730000001,31.690191571428574],[121.79774366666668,31.690191571428574],[121.79774366666668,31.691542555555557],[121.79751730000001,31.691542555555557],[121.79751730000001,31.690191571428574]]]},"properties":{"cluster_id":608,"lat":31.690442948717948,"lon":121.79765505128204,"count":6,"dwell_minutes":3121.8833333333337,"center_method":"duration_weighted_stop_medoid","type":"berth","distance_to_coast":796.3712087850573,"inside_china_land":false}},{"type":"Feature","geometry":{"type":"Polygon","coordinates":[[[121.8013748,31.670681899999998],[121.80233885714286,31.670681899999998],[121.80233885714286,31.67070457142857],[121.8013748,31.67070457142857],[121.8013748,31.670681899999998]]]},"properties":{"cluster_id":609,"lat":31.6706819,"lon":121.8013748,"count":2,"dwell_minutes":467.9666666666667,"center_method":"duration_weighted_stop_medoid","type":"berth","distance_to_coast":3092.586637792449,"inside_china_land":false}},{"type":"Feature","geometry":{"type":"Polygon","coordinates":[[[122.40988,30.691345875],[122.411308125,30.691345875],[122.411308125,30.691924666666665],[122.40988,30.691924666666665],[122.40988,30.691345875]]]},"properties":{"cluster_id":610,"lat":30.691345875,"lon":122.411308125,"count":3,"dwell_minutes":487.05,"center_method":"duration_weighted_stop_medoid","type":"berth","distance_to_coast":2384.5735208241895,"inside_china_land":false}},{"type":"Feature","geometry":{"type":"Polygon","coordinates":[[[122.4030208125,30.689842875],[122.40436757142857,30.689842875],[122.40436757142857,30.690403285714286],[122.4030208125,30.690403285714286],[122.4030208125,30.689842875]]]},"properties":{"cluster_id":611,"lat":30.69023240909091,"lon":122.4043406590909,"count":4,"dwell_minutes":1932.25,"center_method":"duration_weighted_stop_medoid","type":"berth","distance_to_coast":3106.3146660442753,"inside_china_land":false}},{"type":"Feature","geometry":{"type":"Polygon","coordinates":[[[121.82518233333333,31.686955666666666],[121.82567624528302,31.686955666666666],[121.82567624528302,31.68753914814815],[121.82518233333333,31.68753914814815],[121.82518233333333,31.686955666666666]]]},"properties":{"cluster_id":612,"lat":31.68740014285714,"lon":121.82547057142858,"count":17,"dwell_minutes":16063.166666666668,"center_method":"duration_weighted_stop_medoid","type":"berth","distance_to_coast":459.09485310713774,"inside_china_land":false}},{"type":"Feature","geometry":{"type":"Polygon","coordinates":[[[122.40198566666666,30.685511153846154],[122.40202637931034,30.685511153846154],[122.40202637931034,30.685532379310345],[122.40198566666666,30.685532379310345],[122.40198566666666,30.685511153846154]]]},"properties":{"cluster_id":613,"lat":30.685511153846154,"lon":122.40198566666666,"count":2,"dwell_minutes":1764.2833333333333,"center_method":"duration_weighted_stop_medoid","type":"berth","distance_to_coast":3667.528514761355,"inside_china_land":false}},{"type":"Feature","geometry":{"type":"Polygon","coordinates":[[[117.10312033333332,23.5098975],[117.10322670000001,23.5098975],[117.10322670000001,23.509959],[117.10312033333332,23.509959],[117.10312033333332,23.5098975]]]},"properties":{"cluster_id":614,"lat":23.5099231,"lon":117.1032267,"count":3,"dwell_minutes":419.95,"center_method":"duration_weighted_stop_medoid","type":"berth","distance_to_coast":3413.5627203819668,"inside_china_land":false}},{"type":"Feature","geometry":{"type":"Polygon","coordinates":[[[122.285079,30.2466064],[122.28513566666668,30.2466064],[122.28513566666668,30.246664999999997],[122.285079,30.246664999999997],[122.285079,30.2466064]]]},"properties":{"cluster_id":617,"lat":30.2466396,"lon":122.2851193,"count":6,"dwell_minutes":1948.15,"center_method":"duration_weighted_stop_medoid","type":"berth","distance_to_coast":64.67966555594101,"inside_china_land":false}},{"type":"Feature","geometry":{"type":"Polygon","coordinates":[[[119.68822675,25.41606518181818],[119.68895672340425,25.41606518181818],[119.68895672340425,25.416726936170214],[119.68822675,25.416726936170214],[119.68822675,25.41606518181818]]]},"properties":{"cluster_id":618,"lat":25.416726936170217,"lon":119.68895672340425,"count":3,"dwell_minutes":1719.1,"center_method":"duration_weighted_stop_medoid","type":"berth","distance_to_coast":1844.5223244992249,"inside_china_land":false}},{"type":"Feature","geometry":{"type":"Polygon","coordinates":[[[121.01832047619048,31.799291263157897],[121.01832463157895,31.799291263157897],[121.01832463157895,31.799347904761902],[121.01832047619048,31.799347904761902],[121.01832047619048,31.799291263157897]]]},"properties":{"cluster_id":621,"lat":31.799347904761905,"lon":121.01832047619048,"count":2,"dwell_minutes":1190.7,"center_method":"duration_weighted_stop_medoid","type":"berth","distance_to_coast":2733.0244005768714,"inside_china_land":false}},{"type":"Feature","geometry":{"type":"Polygon","coordinates":[[[121.21554674074075,31.71513785185185],[121.21604106666668,31.71513785185185],[121.21604106666668,31.715578479999998],[121.21554674074075,31.715578479999998],[121.21554674074075,31.71513785185185]]]},"properties":{"cluster_id":622,"lat":31.715536066666665,"lon":121.21563792121214,"count":6,"dwell_minutes":7324.383333333333,"center_method":"duration_weighted_stop_medoid","type":"berth","distance_to_coast":2969.998480651073,"inside_china_land":false}},{"type":"Feature","geometry":{"type":"Polygon","coordinates":[[[121.16711996,31.756625454545453],[121.16726190909093,31.756625454545453],[121.16726190909093,31.75669012],[121.16711996,31.75669012],[121.16711996,31.756625454545453]]]},"properties":{"cluster_id":623,"lat":31.75669012,"lon":121.16711996,"count":2,"dwell_minutes":938.9166666666669,"center_method":"duration_weighted_stop_medoid","type":"berth","distance_to_coast":3143.2221242863607,"inside_china_land":false}},{"type":"Feature","geometry":{"type":"Polygon","coordinates":[[[121.7214134,31.7145945],[121.72152324999999,31.7145945],[121.72152324999999,31.714640250000002],[121.7214134,31.714640250000002],[121.7214134,31.7145945]]]},"properties":{"cluster_id":624,"lat":31.71464025,"lon":121.7214134,"count":2,"dwell_minutes":774.5333333333334,"center_method":"duration_weighted_stop_medoid","type":"berth","distance_to_coast":298.16480442081865,"inside_china_land":false}},{"type":"Feature","geometry":{"type":"Polygon","coordinates":[[[119.79498603571429,35.60529796428572],[119.7952995925926,35.60529796428572],[119.7952995925926,35.60543051851852],[119.79498603571429,35.60543051851852],[119.79498603571429,35.60529796428572]]]},"properties":{"cluster_id":625,"lat":35.60529796428572,"lon":119.79498603571427,"count":2,"dwell_minutes":1525.8,"center_method":"duration_weighted_stop_medoid","type":"berth","distance_to_coast":1435.7670604911996,"inside_china_land":false}},{"type":"Feature","geometry":{"type":"Polygon","coordinates":[[[121.7371199375,38.980075875],[121.73718952173913,38.980075875],[121.73718952173913,38.98039204347826],[121.7371199375,38.98039204347826],[121.7371199375,38.980075875]]]},"properties":{"cluster_id":626,"lat":38.98039204347826,"lon":121.73718952173913,"count":2,"dwell_minutes":1060.55,"center_method":"duration_weighted_stop_medoid","type":"berth","distance_to_coast":3032.9459386890917,"inside_china_land":false}},{"type":"Feature","geometry":{"type":"Polygon","coordinates":[[[121.6543665,38.99839216666667],[121.65506350000001,38.99839216666667],[121.65506350000001,38.999455],[121.6543665,38.999455],[121.6543665,38.99839216666667]]]},"properties":{"cluster_id":627,"lat":38.999212600719424,"lon":121.6548162302158,"count":5,"dwell_minutes":9294.783333333336,"center_method":"duration_weighted_stop_medoid","type":"berth","distance_to_coast":368.2931397719297,"inside_china_land":false}},{"type":"Feature","geometry":{"type":"Polygon","coordinates":[[[113.663631625,22.670319272727273],[113.66483181818181,22.670319272727273],[113.66483181818181,22.67047175],[113.663631625,22.67047175],[113.663631625,22.670319272727273]]]},"properties":{"cluster_id":629,"lat":22.670319272727273,"lon":113.6648318181818,"count":4,"dwell_minutes":2998.8166666666666,"center_method":"duration_weighted_stop_medoid","type":"berth","distance_to_coast":3649.057752673759,"inside_china_land":false}},{"type":"Feature","geometry":{"type":"Polygon","coordinates":[[[113.61670246875,22.573102181818182],[113.61685818181819,22.573102181818182],[113.61685818181819,22.57360578125],[113.61670246875,22.57360578125],[113.61670246875,22.573102181818182]]]},"properties":{"cluster_id":631,"lat":22.57360578125,"lon":113.61670246875,"count":2,"dwell_minutes":1080.95,"center_method":"duration_weighted_stop_medoid","type":"berth","distance_to_coast":1960.590024585228,"inside_china_land":false}},{"type":"Feature","geometry":{"type":"Polygon","coordinates":[[[113.07579299999999,22.302397777777774],[113.07604287353631,22.302397777777774],[113.07604287353631,22.303475757025762],[113.07579299999999,22.303475757025762],[113.07579299999999,22.302397777777774]]]},"properties":{"cluster_id":632,"lat":22.30347575702576,"lon":113.07604287353632,"count":5,"dwell_minutes":62372.88333333334,"center_method":"duration_weighted_stop_medoid","type":"berth","distance_to_coast":10830.838813422426,"inside_china_land":true}},{"type":"Feature","geometry":{"type":"Polygon","coordinates":[[[119.39859237499999,34.749757],[119.3986266,34.749757],[119.3986266,34.74988475],[119.39859237499999,34.74988475],[119.39859237499999,34.749757]]]},"properties":{"cluster_id":635,"lat":34.749757,"lon":119.3986266,"count":2,"dwell_minutes":549.8166666666666,"center_method":"duration_weighted_stop_medoid","type":"berth","distance_to_coast":245.9442443600414,"inside_china_land":true}},{"type":"Feature","geometry":{"type":"Polygon","coordinates":[[[119.53504078260869,35.37482034782609],[119.53564000000001,35.37482034782609],[119.53564000000001,35.3756414],[119.53504078260869,35.3756414],[119.53504078260869,35.37482034782609]]]},"properties":{"cluster_id":636,"lat":35.37482034782609,"lon":119.53504078260868,"count":2,"dwell_minutes":1066.9333333333334,"center_method":"duration_weighted_stop_medoid","type":"berth","distance_to_coast":914.7944259452776,"inside_china_land":true}},{"type":"Feature","geometry":{"type":"Polygon","coordinates":[[[117.11018616666667,23.5040403],[117.11038595,23.5040403],[117.11038595,23.50432165],[117.11018616666667,23.50432165],[117.11018616666667,23.5040403]]]},"properties":{"cluster_id":637,"lat":23.5040403,"lon":117.11018616666668,"count":2,"dwell_minutes":1422.6166666666668,"center_method":"duration_weighted_stop_medoid","type":"berth","distance_to_coast":2635.146087770036,"inside_china_land":false}},{"type":"Feature","geometry":{"type":"Polygon","coordinates":[[[119.27361105882353,25.4215751875],[119.2738075,25.4215751875],[119.2738075,25.421771000000003],[119.27361105882353,25.421771000000003],[119.27361105882353,25.4215751875]]]},"properties":{"cluster_id":638,"lat":25.421771000000003,"lon":119.27361105882352,"count":2,"dwell_minutes":769.4833333333333,"center_method":"duration_weighted_stop_medoid","type":"berth","distance_to_coast":2477.7623932637216,"inside_china_land":false}},{"type":"Feature","geometry":{"type":"Polygon","coordinates":[[[121.3214664263566,39.50586817054264],[121.32152216,39.50586817054264],[121.32152216,39.50594873],[121.3214664263566,39.50594873],[121.3214664263566,39.50586817054264]]]},"properties":{"cluster_id":639,"lat":39.50586817054264,"lon":121.3214664263566,"count":2,"dwell_minutes":7123.983333333334,"center_method":"duration_weighted_stop_medoid","type":"berth","distance_to_coast":125.35375027565097,"inside_china_land":false}},{"type":"Feature","geometry":{"type":"Polygon","coordinates":[[[117.58016657142856,23.76712835714286],[117.5803227,23.76712835714286],[117.5803227,23.77024512857143],[117.58016657142856,23.77024512857143],[117.58016657142856,23.76712835714286]]]},"properties":{"cluster_id":640,"lat":23.76940052898551,"lon":117.58026695652174,"count":10,"dwell_minutes":15233.116666666669,"center_method":"duration_weighted_stop_medoid","type":"berth","distance_to_coast":886.5869813410857,"inside_china_land":false}},{"type":"Feature","geometry":{"type":"Polygon","coordinates":[[[111.2888155,21.434926],[111.2904066451613,21.434926],[111.2904066451613,21.436648204301076],[111.2888155,21.436648204301076],[111.2888155,21.434926]]]},"properties":{"cluster_id":642,"lat":21.436359319148934,"lon":111.29019259574468,"count":13,"dwell_minutes":21563.38333333333,"center_method":"duration_weighted_stop_medoid","type":"berth","distance_to_coast":1426.6128299665345,"inside_china_land":false}},{"type":"Feature","geometry":{"type":"Polygon","coordinates":[[[121.06744821052632,30.58017925],[121.07125086792453,30.58017925],[121.07125086792453,30.581471299999997],[121.06744821052632,30.581471299999997],[121.06744821052632,30.58017925]]]},"properties":{"cluster_id":645,"lat":30.580525169014084,"lon":121.06848728169014,"count":58,"dwell_minutes":63392.98333333333,"center_method":"duration_weighted_stop_medoid","type":"berth","distance_to_coast":595.7375565829235,"inside_china_land":false}},{"type":"Feature","geometry":{"type":"Polygon","coordinates":[[[119.28277440816326,32.187580999999994],[119.2848933,32.187580999999994],[119.2848933,32.188271367346935],[119.28277440816326,32.188271367346935],[119.28277440816326,32.187580999999994]]]},"properties":{"cluster_id":646,"lat":32.18770563636363,"lon":119.28436445454544,"count":10,"dwell_minutes":15680.883333333331,"center_method":"duration_weighted_stop_medoid","type":"berth","distance_to_coast":35830.297084507874,"inside_china_land":true}},{"type":"Feature","geometry":{"type":"Polygon","coordinates":[[[120.32777927692307,31.956120923076924],[120.33081672,31.956120923076924],[120.33081672,31.957311599999997],[120.32777927692307,31.957311599999997],[120.32777927692307,31.956120923076924]]]},"properties":{"cluster_id":647,"lat":31.95672761111111,"lon":120.32907005555556,"count":30,"dwell_minutes":24611.950000000004,"center_method":"duration_weighted_stop_medoid","type":"berth","distance_to_coast":652.8150975808264,"inside_china_land":false}},{"type":"Feature","geometry":{"type":"Polygon","coordinates":[[[121.98849731578947,30.025620054545453],[121.99171244680852,30.025620054545453],[121.99171244680852,30.02864898245614],[121.98849731578947,30.02864898245614],[121.98849731578947,30.025620054545453]]]},"properties":{"cluster_id":648,"lat":30.0271126,"lon":121.9900488,"count":54,"dwell_minutes":70434.54999999999,"center_method":"duration_weighted_stop_medoid","type":"berth","distance_to_coast":1355.9180732125192,"inside_china_land":false}},{"type":"Feature","geometry":{"type":"Polygon","coordinates":[[[120.94654057142857,31.8129256],[120.94676248717948,31.8129256],[120.94676248717948,31.813226020408162],[120.94654057142857,31.813226020408162],[120.94654057142857,31.8129256]]]},"properties":{"cluster_id":649,"lat":31.81297501851852,"lon":120.94671375925924,"count":8,"dwell_minutes":10109.883333333337,"center_method":"duration_weighted_stop_medoid","type":"berth","distance_to_coast":1638.9694955622783,"inside_china_land":false}},{"type":"Feature","geometry":{"type":"Polygon","coordinates":[[[118.85172852142857,32.16597241428572],[118.85231957142857,32.16597241428572],[118.85231957142857,32.165979285714286],[118.85172852142857,32.165979285714286],[118.85172852142857,32.16597241428572]]]},"properties":{"cluster_id":650,"lat":32.16597241428572,"lon":118.85172852142856,"count":2,"dwell_minutes":4360.016666666666,"center_method":"duration_weighted_stop_medoid","type":"berth","distance_to_coast":84069.21151852576,"inside_china_land":true}},{"type":"Feature","geometry":{"type":"Polygon","coordinates":[[[117.58027938888888,23.765477027777777],[117.58030287931035,23.765477027777777],[117.58030287931035,23.76587475862069],[117.58027938888888,23.76587475862069],[117.58027938888888,23.765477027777777]]]},"properties":{"cluster_id":651,"lat":23.765524608695653,"lon":117.58029582608695,"count":3,"dwell_minutes":3468.2666666666664,"center_method":"duration_weighted_stop_medoid","type":"berth","distance_to_coast":924.3750469231942,"inside_china_land":false}},{"type":"Feature","geometry":{"type":"Polygon","coordinates":[[[119.01721157142858,39.205113157894736],[119.01831980769231,39.205113157894736],[119.01831980769231,39.20582140384615],[119.01721157142858,39.20582140384615],[119.01721157142858,39.205113157894736]]]},"properties":{"cluster_id":652,"lat":39.205389875,"lon":119.01764729166666,"count":10,"dwell_minutes":7169.316666666666,"center_method":"duration_weighted_stop_medoid","type":"berth","distance_to_coast":1220.313172455334,"inside_china_land":true}},{"type":"Feature","geometry":{"type":"Polygon","coordinates":[[[121.46890857142857,31.06583207142857],[121.4690877142857,31.06583207142857],[121.4690877142857,31.066193285714284],[121.46890857142857,31.066193285714284],[121.46890857142857,31.06583207142857]]]},"properties":{"cluster_id":653,"lat":31.066077235294117,"lon":121.46900095294116,"count":8,"dwell_minutes":8326.5,"center_method":"duration_weighted_stop_medoid","type":"berth","distance_to_coast":33420.686327911215,"inside_china_land":true}},{"type":"Feature","geometry":{"type":"Polygon","coordinates":[[[120.92022839473684,31.893719571428573],[120.92046418604652,31.893719571428573],[120.92046418604652,31.8941643],[120.92022839473684,31.8941643],[120.92022839473684,31.893719571428573]]]},"properties":{"cluster_id":654,"lat":31.893867342105267,"lon":120.92035518421052,"count":25,"dwell_minutes":31435.85,"center_method":"duration_weighted_stop_medoid","type":"berth","distance_to_coast":547.0472784491003,"inside_china_land":false}},{"type":"Feature","geometry":{"type":"Polygon","coordinates":[[[121.88361554022988,29.930117785714284],[121.8837421875,29.930117785714284],[121.8837421875,29.93028207142857],[121.88361554022988,29.93028207142857],[121.88361554022988,29.930117785714284]]]},"properties":{"cluster_id":656,"lat":29.9301774,"lon":121.8836692,"count":25,"dwell_minutes":28562.266666666663,"center_method":"duration_weighted_stop_medoid","type":"berth","distance_to_coast":181.9654998667968,"inside_china_land":false}},{"type":"Feature","geometry":{"type":"Polygon","coordinates":[[[119.89507460869564,32.22557695454545],[119.89530040909091,32.22557695454545],[119.89530040909091,32.22630848913043],[119.89507460869564,32.22630848913043],[119.89507460869564,32.22557695454545]]]},"properties":{"cluster_id":657,"lat":32.226283369565216,"lon":119.89508369565218,"count":3,"dwell_minutes":5118.566666666667,"center_method":"duration_weighted_stop_medoid","type":"berth","distance_to_coast":1169.6593448593474,"inside_china_land":true}},{"type":"Feature","geometry":{"type":"Polygon","coordinates":[[[119.89355957575758,32.227709955555554],[119.89448480555555,32.227709955555554],[119.89448480555555,32.22986469117647],[119.89355957575758,32.22986469117647],[119.89355957575758,32.227709955555554]]]},"properties":{"cluster_id":658,"lat":32.22910287179487,"lon":119.89398971794871,"count":19,"dwell_minutes":26294.266666666663,"center_method":"duration_weighted_stop_medoid","type":"berth","distance_to_coast":1130.0125072617072,"inside_china_land":true}},{"type":"Feature","geometry":{"type":"Polygon","coordinates":[[[121.602451765625,31.363535441860463],[121.60257281395349,31.363535441860463],[121.60257281395349,31.363742703125002],[121.602451765625,31.363742703125002],[121.602451765625,31.363535441860463]]]},"properties":{"cluster_id":659,"lat":31.363742703125,"lon":121.602451765625,"count":2,"dwell_minutes":2991.8166666666666,"center_method":"duration_weighted_stop_medoid","type":"berth","distance_to_coast":2119.885892466623,"inside_china_land":false}},{"type":"Feature","geometry":{"type":"Polygon","coordinates":[[[122.049258375,29.980579417475727],[122.0511735,29.980579417475727],[122.0511735,29.98215436242884],[122.049258375,29.98215436242884],[122.049258375,29.980579417475727]]]},"properties":{"cluster_id":660,"lat":29.9807525,"lon":122.04940108333334,"count":26,"dwell_minutes":88224.28333333333,"center_method":"duration_weighted_stop_medoid","type":"berth","distance_to_coast":3161.4614249720603,"inside_china_land":false}},{"type":"Feature","geometry":{"type":"Polygon","coordinates":[[[121.77510293548387,29.9745006],[121.7762185,29.9745006],[121.7762185,29.974952787234045],[121.77510293548387,29.974952787234045],[121.77510293548387,29.9745006]]]},"properties":{"cluster_id":661,"lat":29.97485570103093,"lon":121.77517920618556,"count":8,"dwell_minutes":13138.633333333331,"center_method":"duration_weighted_stop_medoid","type":"berth","distance_to_coast":519.3762875375147,"inside_china_land":false}},{"type":"Feature","geometry":{"type":"Polygon","coordinates":[[[121.98464073214286,30.038274785714286],[121.98518637037036,30.038274785714286],[121.98518637037036,30.03852225714286],[121.98464073214286,30.03852225714286],[121.98464073214286,30.038274785714286]]]},"properties":{"cluster_id":662,"lat":30.03844738709677,"lon":121.98508065591398,"count":7,"dwell_minutes":18388.766666666663,"center_method":"duration_weighted_stop_medoid","type":"berth","distance_to_coast":537.857471017548,"inside_china_land":false}},{"type":"Feature","geometry":{"type":"Polygon","coordinates":[[[119.93542847826086,32.07003239130435],[119.93580593548388,32.07003239130435],[119.93580593548388,32.070452125],[119.93542847826086,32.070452125],[119.93542847826086,32.07003239130435]]]},"properties":{"cluster_id":663,"lat":32.070227392473114,"lon":119.93580593548388,"count":3,"dwell_minutes":6527.966666666667,"center_method":"duration_weighted_stop_medoid","type":"berth","distance_to_coast":1384.2291655800357,"inside_china_land":false}},{"type":"Feature","geometry":{"type":"Polygon","coordinates":[[[120.1172546,40.07430877777778],[120.12451074999998,40.07430877777778],[120.12451074999998,40.076477625],[120.1172546,40.076477625],[120.1172546,40.07430877777778]]]},"properties":{"cluster_id":664,"lat":40.07561988,"lon":120.12160028,"count":42,"dwell_minutes":49669.96666666667,"center_method":"duration_weighted_stop_medoid","type":"berth","distance_to_coast":3478.3084842614353,"inside_china_land":false}},{"type":"Feature","geometry":{"type":"Polygon","coordinates":[[[117.98291032183909,24.403029632183905],[117.98446031578946,24.403029632183905],[117.98446031578946,24.403551421052633],[117.98291032183909,24.403551421052633],[117.98291032183909,24.403029632183905]]]},"properties":{"cluster_id":665,"lat":24.40304885945946,"lon":117.98305243243244,"count":16,"dwell_minutes":27747.15,"center_method":"duration_weighted_stop_medoid","type":"berth","distance_to_coast":1095.938110873353,"inside_china_land":false}},{"type":"Feature","geometry":{"type":"Polygon","coordinates":[[[117.7523163076923,38.974157777777776],[117.75356564646465,38.974157777777776],[117.75356564646465,38.97461202325581],[117.7523163076923,38.97461202325581],[117.7523163076923,38.974157777777776]]]},"properties":{"cluster_id":666,"lat":38.974500756097555,"lon":117.75262146341464,"count":25,"dwell_minutes":31043.63333333333,"center_method":"duration_weighted_stop_medoid","type":"berth","distance_to_coast":1058.0518006884088,"inside_china_land":false}},{"type":"Feature","geometry":{"type":"Polygon","coordinates":[[[121.518545125,31.352249999999998],[121.51871654166666,31.352249999999998],[121.51871654166666,31.352471684210524],[121.518545125,31.352471684210524],[121.518545125,31.352249999999998]]]},"properties":{"cluster_id":667,"lat":31.352340559322037,"lon":121.51860876271186,"count":25,"dwell_minutes":27831.316666666666,"center_method":"duration_weighted_stop_medoid","type":"berth","distance_to_coast":3254.4097861175646,"inside_china_land":true}},{"type":"Feature","geometry":{"type":"Polygon","coordinates":[[[119.42474627777779,34.745569278350516],[119.42495629896908,34.745569278350516],[119.42495629896908,34.74560927777778],[119.42474627777779,34.74560927777778],[119.42474627777779,34.745569278350516]]]},"properties":{"cluster_id":668,"lat":34.745569278350516,"lon":119.42495629896908,"count":2,"dwell_minutes":3277.85,"center_method":"duration_weighted_stop_medoid","type":"berth","distance_to_coast":611.5611046523869,"inside_china_land":true}},{"type":"Feature","geometry":{"type":"Polygon","coordinates":[[[119.32040888888888,32.18716444444445],[119.322333375,32.18716444444445],[119.322333375,32.187536125],[119.32040888888888,32.187536125],[119.32040888888888,32.18716444444445]]]},"properties":{"cluster_id":669,"lat":32.187412411764704,"lon":119.32083652941176,"count":14,"dwell_minutes":12171.516666666665,"center_method":"duration_weighted_stop_medoid","type":"berth","distance_to_coast":31774.364091520485,"inside_china_land":true}},{"type":"Feature","geometry":{"type":"Polygon","coordinates":[[[119.60575408771929,34.590126166666664],[119.60606175,34.590126166666664],[119.60606175,34.59032028947368],[119.60575408771929,34.59032028947368],[119.60575408771929,34.590126166666664]]]},"properties":{"cluster_id":670,"lat":34.590170729166665,"lon":119.60588560416666,"count":18,"dwell_minutes":15961.016666666665,"center_method":"duration_weighted_stop_medoid","type":"berth","distance_to_coast":2186.1170450859845,"inside_china_land":false}},{"type":"Feature","geometry":{"type":"Polygon","coordinates":[[[119.67661477464789,39.91377475],[119.6777,39.91377475],[119.6777,39.914662845070424],[119.67661477464789,39.914662845070424],[119.67661477464789,39.91377475]]]},"properties":{"cluster_id":673,"lat":39.914089576923075,"lon":119.67738984615384,"count":21,"dwell_minutes":15204.366666666669,"center_method":"duration_weighted_stop_medoid","type":"berth","distance_to_coast":2807.617367760051,"inside_china_land":false}},{"type":"Feature","geometry":{"type":"Polygon","coordinates":[[[120.68170782051283,31.993891666666666],[120.68175266666667,31.993891666666666],[120.68175266666667,31.9939655],[120.68170782051283,31.9939655],[120.68170782051283,31.993891666666666]]]},"properties":{"cluster_id":674,"lat":31.993950833333333,"lon":120.6817333,"count":5,"dwell_minutes":7591.666666666666,"center_method":"duration_weighted_stop_medoid","type":"berth","distance_to_coast":595.1600339076396,"inside_china_land":true}},{"type":"Feature","geometry":{"type":"Polygon","coordinates":[[[121.95026288888887,29.948317235294116],[121.95052024761904,29.948317235294116],[121.95052024761904,29.948407555555555],[121.95026288888887,29.948407555555555],[121.95026288888887,29.948317235294116]]]},"properties":{"cluster_id":675,"lat":29.94833299009901,"lon":121.95039116831684,"count":9,"dwell_minutes":19233.199999999997,"center_method":"duration_weighted_stop_medoid","type":"berth","distance_to_coast":148.2192944180418,"inside_china_land":false}},{"type":"Feature","geometry":{"type":"Polygon","coordinates":[[[110.49113537878787,21.07305543939394],[110.49320704761905,21.07305543939394],[110.49320704761905,21.073615928571428],[110.49113537878787,21.073615928571428],[110.49113537878787,21.07305543939394]]]},"properties":{"cluster_id":676,"lat":21.073429243243243,"lon":110.49222913513512,"count":11,"dwell_minutes":13161.483333333334,"center_method":"duration_weighted_stop_medoid","type":"berth","distance_to_coast":163.54383860470531,"inside_china_land":true}},{"type":"Feature","geometry":{"type":"Polygon","coordinates":[[[121.13736725,28.086567674418607],[121.13916604651163,28.086567674418607],[121.13916604651163,28.089279875],[121.13736725,28.089279875],[121.13736725,28.086567674418607]]]},"properties":{"cluster_id":678,"lat":28.087135305555556,"lon":121.13892891666669,"count":10,"dwell_minutes":9237.35,"center_method":"duration_weighted_stop_medoid","type":"berth","distance_to_coast":180.51560218012833,"inside_china_land":false}},{"type":"Feature","geometry":{"type":"Polygon","coordinates":[[[121.14937931481481,31.690863928571428],[121.15006057142857,31.690863928571428],[121.15006057142857,31.691149962962964],[121.14937931481481,31.691149962962964],[121.14937931481481,31.690863928571428]]]},"properties":{"cluster_id":679,"lat":31.690947974683542,"lon":121.14967175949369,"count":7,"dwell_minutes":7797.383333333333,"center_method":"duration_weighted_stop_medoid","type":"berth","distance_to_coast":1010.5154376952578,"inside_china_land":false}},{"type":"Feature","geometry":{"type":"Polygon","coordinates":[[[119.03601766666667,39.21712875],[119.03704761904763,39.21712875],[119.03704761904763,39.21764390476191],[119.03601766666667,39.21764390476191],[119.03601766666667,39.21712875]]]},"properties":{"cluster_id":680,"lat":39.21734588679245,"lon":119.03645481132077,"count":12,"dwell_minutes":9602.2,"center_method":"duration_weighted_stop_medoid","type":"berth","distance_to_coast":674.5430071678869,"inside_china_land":true}},{"type":"Feature","geometry":{"type":"Polygon","coordinates":[[[118.89078565384615,32.18618466666667],[118.89095369230768,32.18618466666667],[118.89095369230768,32.186292625],[118.89078565384615,32.186292625],[118.89078565384615,32.18618466666667]]]},"properties":{"cluster_id":681,"lat":32.186272055555555,"lon":118.89089843055557,"count":10,"dwell_minutes":17783.266666666663,"center_method":"duration_weighted_stop_medoid","type":"berth","distance_to_coast":79622.53452627275,"inside_china_land":true}},{"type":"Feature","geometry":{"type":"Polygon","coordinates":[[[118.45512787719298,38.97910434782609],[118.45532622222224,38.97910434782609],[118.45532622222224,38.979591163265304],[118.45512787719298,38.979591163265304],[118.45512787719298,38.97910434782609]]]},"properties":{"cluster_id":683,"lat":38.97930778260869,"lon":118.45519028985508,"count":9,"dwell_minutes":11791.383333333331,"center_method":"duration_weighted_stop_medoid","type":"berth","distance_to_coast":1692.4446490108642,"inside_china_land":false}},{"type":"Feature","geometry":{"type":"Polygon","coordinates":[[[119.42834575,32.267451083333334],[119.42869639999999,32.267451083333334],[119.42869639999999,32.267649454545456],[119.42834575,32.267649454545456],[119.42834575,32.267451083333334]]]},"properties":{"cluster_id":684,"lat":32.26753078181818,"lon":119.42860763636364,"count":9,"dwell_minutes":3386.2166666666662,"center_method":"duration_weighted_stop_medoid","type":"berth","distance_to_coast":21828.91851993377,"inside_china_land":true}},{"type":"Feature","geometry":{"type":"Polygon","coordinates":[[[119.24903231395348,32.2036434375],[119.24916107228916,32.2036434375],[119.24916107228916,32.203727988372094],[119.24903231395348,32.203727988372094],[119.24903231395348,32.2036434375]]]},"properties":{"cluster_id":687,"lat":32.203669034090915,"lon":119.24910664772727,"count":5,"dwell_minutes":12577.366666666663,"center_method":"duration_weighted_stop_medoid","type":"berth","distance_to_coast":39744.54370422063,"inside_china_land":true}},{"type":"Feature","geometry":{"type":"Polygon","coordinates":[[[120.34767490624999,32.0009146875],[120.34912304761905,32.0009146875],[120.34912304761905,32.00179096491228],[120.34767490624999,32.00179096491228],[120.34767490624999,32.0009146875]]]},"properties":{"cluster_id":688,"lat":32.00162034,"lon":120.34874138,"count":8,"dwell_minutes":6933.483333333334,"center_method":"duration_weighted_stop_medoid","type":"berth","distance_to_coast":1153.787763141241,"inside_china_land":false}},{"type":"Feature","geometry":{"type":"Polygon","coordinates":[[[121.59885044444445,31.36540111111111],[121.59908522222223,31.36540111111111],[121.59908522222223,31.36560978985507],[121.59885044444445,31.36560978985507],[121.59885044444445,31.36540111111111]]]},"properties":{"cluster_id":689,"lat":31.365571208333336,"lon":121.59904589583334,"count":10,"dwell_minutes":11854.7,"center_method":"duration_weighted_stop_medoid","type":"berth","distance_to_coast":2194.220907317378,"inside_china_land":false}},{"type":"Feature","geometry":{"type":"Polygon","coordinates":[[[120.49486725999999,32.07587377777778],[120.49528159322034,32.07587377777778],[120.49528159322034,32.07613297368421],[120.49486725999999,32.07613297368421],[120.49486725999999,32.07587377777778]]]},"properties":{"cluster_id":690,"lat":32.07607926666667,"lon":120.49510946666668,"count":45,"dwell_minutes":48176.28333333334,"center_method":"duration_weighted_stop_medoid","type":"berth","distance_to_coast":840.0886199213953,"inside_china_land":false}},{"type":"Feature","geometry":{"type":"Polygon","coordinates":[[[121.02088763736263,40.79225135],[121.02126213636365,40.79225135],[121.02126213636365,40.792323912087916],[121.02088763736263,40.792323912087916],[121.02088763736263,40.79225135]]]},"properties":{"cluster_id":691,"lat":40.79232391208792,"lon":121.02088763736263,"count":4,"dwell_minutes":5139.916666666667,"center_method":"duration_weighted_stop_medoid","type":"berth","distance_to_coast":3288.7519608257,"inside_china_land":false}},{"type":"Feature","geometry":{"type":"Polygon","coordinates":[[[120.37172060526315,32.017040724137935],[120.37221766666666,32.017040724137935],[120.37221766666666,32.017194314814816],[120.37172060526315,32.017194314814816],[120.37172060526315,32.017040724137935]]]},"properties":{"cluster_id":692,"lat":32.01706371929824,"lon":120.37179656140351,"count":6,"dwell_minutes":9204.383333333331,"center_method":"duration_weighted_stop_medoid","type":"berth","distance_to_coast":1503.15274344082,"inside_china_land":false}},{"type":"Feature","geometry":{"type":"Polygon","coordinates":[[[121.16325753846152,30.63317687179487],[121.16477125862069,30.63317687179487],[121.16477125862069,30.63411420689655],[121.16325753846152,30.63411420689655],[121.16325753846152,30.63317687179487]]]},"properties":{"cluster_id":693,"lat":30.63378196226415,"lon":121.1641805471698,"count":14,"dwell_minutes":16947.61666666667,"center_method":"duration_weighted_stop_medoid","type":"berth","distance_to_coast":613.0205775910854,"inside_china_land":false}},{"type":"Feature","geometry":{"type":"Polygon","coordinates":[[[117.77877475,38.968718513513515],[117.77900774545455,38.968718513513515],[117.77900774545455,38.96885],[117.77877475,38.96885],[117.77877475,38.968718513513515]]]},"properties":{"cluster_id":694,"lat":38.96877255555555,"lon":117.77894544444445,"count":9,"dwell_minutes":12220.183333333334,"center_method":"duration_weighted_stop_medoid","type":"berth","distance_to_coast":1806.3179162079823,"inside_china_land":false}},{"type":"Feature","geometry":{"type":"Polygon","coordinates":[[[120.95930249999999,31.771689400000003],[120.95981741935483,31.771689400000003],[120.95981741935483,31.771894352941178],[120.95930249999999,31.771894352941178],[120.95930249999999,31.771689400000003]]]},"properties":{"cluster_id":695,"lat":31.7717326,"lon":120.95961565,"count":15,"dwell_minutes":5961.933333333334,"center_method":"duration_weighted_stop_medoid","type":"berth","distance_to_coast":2055.09504063477,"inside_china_land":false}},{"type":"Feature","geometry":{"type":"Polygon","coordinates":[[[120.15695275757577,31.92618430769231],[120.15831745238096,31.92618430769231],[120.15831745238096,31.926386818181815],[120.15695275757577,31.926386818181815],[120.15695275757577,31.92618430769231]]]},"properties":{"cluster_id":696,"lat":31.926264175,"lon":120.158047275,"count":10,"dwell_minutes":10776.25,"center_method":"duration_weighted_stop_medoid","type":"berth","distance_to_coast":1682.3984800125588,"inside_china_land":false}},{"type":"Feature","geometry":{"type":"Polygon","coordinates":[[[120.76760457446808,32.017191574468086],[120.76793628571428,32.017191574468086],[120.76793628571428,32.01732315384616],[120.76760457446808,32.01732315384616],[120.76760457446808,32.017191574468086]]]},"properties":{"cluster_id":697,"lat":32.017293,"lon":120.76776528571428,"count":8,"dwell_minutes":6939.15,"center_method":"duration_weighted_stop_medoid","type":"berth","distance_to_coast":1779.6799997626492,"inside_china_land":false}},{"type":"Feature","geometry":{"type":"Polygon","coordinates":[[[120.68607099999998,31.994348499999997],[120.68611186666666,31.994348499999997],[120.68611186666666,31.994376233333334],[120.68607099999998,31.994376233333334],[120.68607099999998,31.994348499999997]]]},"properties":{"cluster_id":698,"lat":31.994366564102563,"lon":120.68610582051282,"count":3,"dwell_minutes":6044.233333333334,"center_method":"duration_weighted_stop_medoid","type":"berth","distance_to_coast":523.0693611549253,"inside_china_land":true}},{"type":"Feature","geometry":{"type":"Polygon","coordinates":[[[119.2468546849315,32.20482446296297],[119.2470935,32.20482446296297],[119.2470935,32.20494319178082],[119.2468546849315,32.20494319178082],[119.2468546849315,32.20482446296297]]]},"properties":{"cluster_id":699,"lat":32.204840875,"lon":119.24702625,"count":16,"dwell_minutes":45937.7,"center_method":"duration_weighted_stop_medoid","type":"berth","distance_to_coast":39979.793143276685,"inside_china_land":true}},{"type":"Feature","geometry":{"type":"Polygon","coordinates":[[[120.37337825,32.018177673913044],[120.37359927906977,32.018177673913044],[120.37359927906977,32.01829083333334],[120.37337825,32.01829083333334],[120.37337825,32.018177673913044]]]},"properties":{"cluster_id":700,"lat":32.01823487272728,"lon":120.37359512727272,"count":5,"dwell_minutes":6708.516666666666,"center_method":"duration_weighted_stop_medoid","type":"berth","distance_to_coast":1452.5935699798124,"inside_china_land":false}},{"type":"Feature","geometry":{"type":"Polygon","coordinates":[[[108.59095540000001,21.71144388235294],[108.59242802941176,21.71144388235294],[108.59242802941176,21.7129954],[108.59095540000001,21.7129954],[108.59095540000001,21.71144388235294]]]},"properties":{"cluster_id":702,"lat":21.71254671929825,"lon":108.5915267368421,"count":14,"dwell_minutes":12924.833333333334,"center_method":"duration_weighted_stop_medoid","type":"berth","distance_to_coast":3327.7476752583098,"inside_china_land":false}},{"type":"Feature","geometry":{"type":"Polygon","coordinates":[[[118.455003,38.983579750000004],[118.455320625,38.983579750000004],[118.455320625,38.984668400000004],[118.455003,38.984668400000004],[118.455003,38.983579750000004]]]},"properties":{"cluster_id":703,"lat":38.98440691071429,"lon":118.45519592857144,"count":35,"dwell_minutes":17258.916666666664,"center_method":"duration_weighted_stop_medoid","type":"berth","distance_to_coast":1672.4513658915369,"inside_china_land":false}},{"type":"Feature","geometry":{"type":"Polygon","coordinates":[[[120.68323283168316,31.994131257425742],[120.68328715116279,31.994131257425742],[120.68328715116279,31.994141616279073],[120.68323283168316,31.994141616279073],[120.68323283168316,31.994131257425742]]]},"properties":{"cluster_id":704,"lat":31.994131257425742,"lon":120.68323283168316,"count":2,"dwell_minutes":8071.116666666667,"center_method":"duration_weighted_stop_medoid","type":"berth","distance_to_coast":565.4719162653936,"inside_china_land":true}},{"type":"Feature","geometry":{"type":"Polygon","coordinates":[[[122.067763375,29.890993692307692],[122.0694126451613,29.890993692307692],[122.0694126451613,29.891608739130433],[122.067763375,29.891608739130433],[122.067763375,29.890993692307692]]]},"properties":{"cluster_id":705,"lat":29.891522657894736,"lon":122.06927778947367,"count":45,"dwell_minutes":41930.600000000006,"center_method":"duration_weighted_stop_medoid","type":"berth","distance_to_coast":124.1759412266885,"inside_china_land":false}},{"type":"Feature","geometry":{"type":"Polygon","coordinates":[[[121.06367580000001,40.80676451724138],[121.06505289655173,40.80676451724138],[121.06505289655173,40.8083599],[121.06367580000001,40.8083599],[121.06367580000001,40.80676451724138]]]},"properties":{"cluster_id":706,"lat":40.80744970852018,"lon":121.06453639013452,"count":15,"dwell_minutes":26598.066666666666,"center_method":"duration_weighted_stop_medoid","type":"berth","distance_to_coast":342.39808079941366,"inside_china_land":true}},{"type":"Feature","geometry":{"type":"Polygon","coordinates":[[[113.66885296296296,22.739191333333334],[113.66906686666665,22.739191333333334],[113.66906686666665,22.739363666666666],[113.66885296296296,22.739363666666666],[113.66885296296296,22.739191333333334]]]},"properties":{"cluster_id":707,"lat":22.73921925,"lon":113.66900260714286,"count":7,"dwell_minutes":20790.88333333333,"center_method":"duration_weighted_stop_medoid","type":"berth","distance_to_coast":999.4661180841008,"inside_china_land":false}},{"type":"Feature","geometry":{"type":"Polygon","coordinates":[[[119.67114045652174,39.933010821839076],[119.67150277777779,39.933010821839076],[119.67150277777779,39.933319499999996],[119.67114045652174,39.933319499999996],[119.67114045652174,39.933010821839076]]]},"properties":{"cluster_id":708,"lat":39.933192735294114,"lon":119.6713419264706,"count":23,"dwell_minutes":25245.083333333332,"center_method":"duration_weighted_stop_medoid","type":"berth","distance_to_coast":1.661374862677069,"inside_china_land":true}},{"type":"Feature","geometry":{"type":"Polygon","coordinates":[[[116.52674626315789,22.982916071428573],[116.52766971428571,22.982916071428573],[116.52766971428571,22.9840791],[116.52674626315789,22.9840791],[116.52674626315789,22.982916071428573]]]},"properties":{"cluster_id":709,"lat":22.983626352941172,"lon":116.52676770588236,"count":5,"dwell_minutes":2436.383333333333,"center_method":"duration_weighted_stop_medoid","type":"berth","distance_to_coast":718.1643306102196,"inside_china_land":false}},{"type":"Feature","geometry":{"type":"Polygon","coordinates":[[[116.53383129411765,22.969943444444443],[116.53407622222221,22.969943444444443],[116.53407622222221,22.970022058823528],[116.53383129411765,22.970022058823528],[116.53383129411765,22.969943444444443]]]},"properties":{"cluster_id":710,"lat":22.969943444444443,"lon":116.5340762222222,"count":2,"dwell_minutes":716.2166666666667,"center_method":"duration_weighted_stop_medoid","type":"berth","distance_to_coast":1696.9044612270231,"inside_china_land":false}},{"type":"Feature","geometry":{"type":"Polygon","coordinates":[[[119.6573292,26.883864199999998],[119.65778257142858,26.883864199999998],[119.65778257142858,26.884882937500002],[119.6573292,26.884882937500002],[119.6573292,26.883864199999998]]]},"properties":{"cluster_id":711,"lat":26.8848829375,"lon":119.65745752620968,"count":20,"dwell_minutes":23445.01666666667,"center_method":"duration_weighted_stop_medoid","type":"berth","distance_to_coast":9278.264695568014,"inside_china_land":true}},{"type":"Feature","geometry":{"type":"Polygon","coordinates":[[[119.65947316666666,26.886011675675675],[119.6595574,26.886011675675675],[119.6595574,26.886206923076923],[119.65947316666666,26.886206923076923],[119.65947316666666,26.886011675675675]]]},"properties":{"cluster_id":712,"lat":26.886124,"lon":119.65950038461538,"count":8,"dwell_minutes":3765.2166666666662,"center_method":"duration_weighted_stop_medoid","type":"berth","distance_to_coast":9327.52649781098,"inside_china_land":true}},{"type":"Feature","geometry":{"type":"Polygon","coordinates":[[[120.38569445454546,27.18204675],[120.38699005000001,27.18204675],[120.38699005000001,27.183957823529415],[120.38569445454546,27.183957823529415],[120.38569445454546,27.18204675]]]},"properties":{"cluster_id":713,"lat":27.183089764705883,"lon":120.3864038235294,"count":32,"dwell_minutes":15885.416666666668,"center_method":"duration_weighted_stop_medoid","type":"berth","distance_to_coast":401.45059046962706,"inside_china_land":false}},{"type":"Feature","geometry":{"type":"Polygon","coordinates":[[[113.02898863636364,22.448311166666667],[113.02989738888888,22.448311166666667],[113.02989738888888,22.448439909090908],[113.02898863636364,22.448439909090908],[113.02898863636364,22.448311166666667]]]},"properties":{"cluster_id":714,"lat":22.448311166666667,"lon":113.02989738888888,"count":2,"dwell_minutes":914.3833333333332,"center_method":"duration_weighted_stop_medoid","type":"berth","distance_to_coast":15254.934708254728,"inside_china_land":true}},{"type":"Feature","geometry":{"type":"Polygon","coordinates":[[[108.62512381481481,19.10391407142857],[108.62526139393938,19.10391407142857],[108.62526139393938,19.1042292],[108.62512381481481,19.1042292],[108.62512381481481,19.10391407142857]]]},"properties":{"cluster_id":715,"lat":19.104095846153847,"lon":108.62518396923078,"count":13,"dwell_minutes":12327.933333333332,"center_method":"duration_weighted_stop_medoid","type":"berth","distance_to_coast":403.4263329031067,"inside_china_land":true}},{"type":"Feature","geometry":{"type":"Polygon","coordinates":[[[118.473020375,31.765406090909092],[118.4736789090909,31.765406090909092],[118.4736789090909,31.767241000000002],[118.473020375,31.767241000000002],[118.473020375,31.765406090909092]]]},"properties":{"cluster_id":716,"lat":31.7663775625,"lon":118.473020375,"count":3,"dwell_minutes":979.7166666666668,"center_method":"duration_weighted_stop_medoid","type":"berth","distance_to_coast":138206.89333414988,"inside_china_land":true}},{"type":"Feature","geometry":{"type":"Polygon","coordinates":[[[118.46592454545454,31.755937727272727],[118.46596263636364,31.755937727272727],[118.46596263636364,31.75610218181818],[118.46592454545454,31.75610218181818],[118.46592454545454,31.755937727272727]]]},"properties":{"cluster_id":717,"lat":31.75610218181818,"lon":118.46596263636364,"count":2,"dwell_minutes":561.8166666666666,"center_method":"duration_weighted_stop_medoid","type":"berth","distance_to_coast":139476.86276476018,"inside_china_land":true}},{"type":"Feature","geometry":{"type":"Polygon","coordinates":[[[118.21488845454546,31.290141818181816],[118.216035,31.290141818181816],[118.216035,31.290225],[118.21488845454546,31.290225],[118.21488845454546,31.290141818181816]]]},"properties":{"cluster_id":718,"lat":31.290141818181816,"lon":118.21488845454546,"count":2,"dwell_minutes":479.7166666666667,"center_method":"duration_weighted_stop_medoid","type":"berth","distance_to_coast":195121.8691976058,"inside_china_land":true}},{"type":"Feature","geometry":{"type":"Polygon","coordinates":[[[113.54151014285715,22.982313016260164],[113.54204717479675,22.982313016260164],[113.54204717479675,22.983506000000002],[113.54151014285715,22.983506000000002],[113.54151014285715,22.982313016260164]]]},"properties":{"cluster_id":720,"lat":22.982313016260164,"lon":113.54204717479676,"count":3,"dwell_minutes":8437.833333333334,"center_method":"duration_weighted_stop_medoid","type":"berth","distance_to_coast":508.4440348761467,"inside_china_land":false}},{"type":"Feature","geometry":{"type":"Polygon","coordinates":[[[121.380329,37.56769416666667],[121.38200364102565,37.56769416666667],[121.38200364102565,37.56788860240964],[121.380329,37.56788860240964],[121.380329,37.56769416666667]]]},"properties":{"cluster_id":722,"lat":37.56784606741573,"lon":121.3805953033708,"count":10,"dwell_minutes":12234.483333333335,"center_method":"duration_weighted_stop_medoid","type":"berth","distance_to_coast":118.36415212748584,"inside_china_land":true}},{"type":"Feature","geometry":{"type":"Polygon","coordinates":[[[119.65045752380952,26.887312619047616],[119.6505295106383,26.887312619047616],[119.6505295106383,26.887378829787234],[119.65045752380952,26.887378829787234],[119.65045752380952,26.887312619047616]]]},"properties":{"cluster_id":723,"lat":26.887351413043476,"lon":119.6505098657289,"count":11,"dwell_minutes":63580.24999999999,"center_method":"duration_weighted_stop_medoid","type":"berth","distance_to_coast":9898.766874140752,"inside_china_land":true}},{"type":"Feature","geometry":{"type":"Polygon","coordinates":[[[121.47580788235294,31.043381722222225],[121.47643,31.043381722222225],[121.47643,31.044503249999998],[121.47580788235294,31.044503249999998],[121.47580788235294,31.043381722222225]]]},"properties":{"cluster_id":724,"lat":31.044072727272727,"lon":121.47585431818185,"count":14,"dwell_minutes":6637.1,"center_method":"duration_weighted_stop_medoid","type":"berth","distance_to_coast":30461.306204778877,"inside_china_land":true}},{"type":"Feature","geometry":{"type":"Polygon","coordinates":[[[122.658621,37.4222096],[122.66019079487181,37.4222096],[122.66019079487181,37.4225804],[122.658621,37.4225804],[122.658621,37.4222096]]]},"properties":{"cluster_id":725,"lat":37.4225195,"lon":122.659876,"count":13,"dwell_minutes":7131.666666666668,"center_method":"duration_weighted_stop_medoid","type":"berth","distance_to_coast":1117.920476165525,"inside_china_land":false}},{"type":"Feature","geometry":{"type":"Polygon","coordinates":[[[120.23008407692308,31.942270538461536],[120.23166690000001,31.942270538461536],[120.23166690000001,31.94286245],[120.23008407692308,31.94286245],[120.23008407692308,31.942270538461536]]]},"properties":{"cluster_id":726,"lat":31.9428231875,"lon":120.230735625,"count":6,"dwell_minutes":2646.0499999999997,"center_method":"duration_weighted_stop_medoid","type":"berth","distance_to_coast":508.7816169770716,"inside_china_land":true}},{"type":"Feature","geometry":{"type":"Polygon","coordinates":[[[110.40308227777777,21.167591666666667],[110.4035543902439,21.167591666666667],[110.4035543902439,21.168810170731707],[110.40308227777777,21.168810170731707],[110.40308227777777,21.167591666666667]]]},"properties":{"cluster_id":727,"lat":21.167771153846154,"lon":110.40311292307692,"count":4,"dwell_minutes":2742.9166666666665,"center_method":"duration_weighted_stop_medoid","type":"berth","distance_to_coast":740.1159739296609,"inside_china_land":false}},{"type":"Feature","geometry":{"type":"Polygon","coordinates":[[[113.52543732558138,23.019288000000003],[113.52593878181818,23.019288000000003],[113.52593878181818,23.020342581395347],[113.52543732558138,23.020342581395347],[113.52543732558138,23.019288000000003]]]},"properties":{"cluster_id":728,"lat":23.0195268,"lon":113.5258692,"count":5,"dwell_minutes":4608.533333333333,"center_method":"duration_weighted_stop_medoid","type":"berth","distance_to_coast":310.9459762789877,"inside_china_land":false}},{"type":"Feature","geometry":{"type":"Polygon","coordinates":[[[117.12174569444444,23.56286015957447],[117.12199779787234,23.56286015957447],[117.12199779787234,23.56287852777778],[117.12174569444444,23.56287852777778],[117.12174569444444,23.56286015957447]]]},"properties":{"cluster_id":729,"lat":23.56286015957447,"lon":117.12199779787234,"count":2,"dwell_minutes":3703.4,"center_method":"duration_weighted_stop_medoid","type":"berth","distance_to_coast":549.8491367501392,"inside_china_land":false}},{"type":"Feature","geometry":{"type":"Polygon","coordinates":[[[113.076546875,22.374753893617022],[113.07676946236559,22.374753893617022],[113.07676946236559,22.3766285483871],[113.076546875,22.3766285483871],[113.076546875,22.374753893617022]]]},"properties":{"cluster_id":731,"lat":22.376016284313728,"lon":113.07672269607842,"count":5,"dwell_minutes":11625.416666666666,"center_method":"duration_weighted_stop_medoid","type":"berth","distance_to_coast":15842.486924664963,"inside_china_land":true}},{"type":"Feature","geometry":{"type":"Polygon","coordinates":[[[121.47500445714286,32.1229264893617],[121.47504587234043,32.1229264893617],[121.47504587234043,32.123070608695656],[121.47500445714286,32.123070608695656],[121.47500445714286,32.1229264893617]]]},"properties":{"cluster_id":732,"lat":32.1229264893617,"lon":121.47504587234044,"count":3,"dwell_minutes":3686.9666666666662,"center_method":"duration_weighted_stop_medoid","type":"berth","distance_to_coast":491.6399498248467,"inside_china_land":false}},{"type":"Feature","geometry":{"type":"Polygon","coordinates":[[[118.7391531818182,24.7191075],[118.739507,24.7191075],[118.739507,24.719552615384618],[118.7391531818182,24.719552615384618],[118.7391531818182,24.7191075]]]},"properties":{"cluster_id":733,"lat":24.719491923076927,"lon":118.73919741758245,"count":6,"dwell_minutes":7876.616666666666,"center_method":"duration_weighted_stop_medoid","type":"berth","distance_to_coast":115.19401562372248,"inside_china_land":true}},{"type":"Feature","geometry":{"type":"Polygon","coordinates":[[[120.1686678888889,31.923256095238095],[120.16907784615385,31.923256095238095],[120.16907784615385,31.923321571428573],[120.1686678888889,31.923321571428573],[120.1686678888889,31.923256095238095]]]},"properties":{"cluster_id":734,"lat":31.92330818367347,"lon":120.16876348979592,"count":8,"dwell_minutes":11469.266666666666,"center_method":"duration_weighted_stop_medoid","type":"berth","distance_to_coast":1861.8607732496464,"inside_china_land":false}},{"type":"Feature","geometry":{"type":"Polygon","coordinates":[[[113.56667764102563,22.923834636363637],[113.56688511042944,22.923834636363637],[113.56688511042944,22.924770625],[113.56667764102563,22.924770625],[113.56667764102563,22.923834636363637]]]},"properties":{"cluster_id":735,"lat":22.92399924539877,"lon":113.56688511042944,"count":8,"dwell_minutes":12145.533333333333,"center_method":"duration_weighted_stop_medoid","type":"berth","distance_to_coast":1852.701776480504,"inside_china_land":false}},{"type":"Feature","geometry":{"type":"Polygon","coordinates":[[[117.98341918181818,24.451979499999997],[117.98398630208334,24.451979499999997],[117.98398630208334,24.452173737373737],[117.98341918181818,24.452173737373737],[117.98341918181818,24.451979499999997]]]},"properties":{"cluster_id":736,"lat":24.452173737373737,"lon":117.98341918181818,"count":2,"dwell_minutes":6174.833333333333,"center_method":"duration_weighted_stop_medoid","type":"berth","distance_to_coast":43.97770796264776,"inside_china_land":true}},{"type":"Feature","geometry":{"type":"Polygon","coordinates":[[[119.3992484137931,35.208284],[119.40300597014925,35.208284],[119.40300597014925,35.20846765625],[119.3992484137931,35.20846765625],[119.3992484137931,35.208284]]]},"properties":{"cluster_id":738,"lat":35.208462874172184,"lon":119.40204781456954,"count":24,"dwell_minutes":46409.933333333334,"center_method":"duration_weighted_stop_medoid","type":"berth","distance_to_coast":1420.9005019655067,"inside_china_land":false}},{"type":"Feature","geometry":{"type":"Polygon","coordinates":[[[113.90254843421053,22.47031891275168],[113.90356143373494,22.47031891275168],[113.90356143373494,22.471506934210527],[113.90254843421053,22.471506934210527],[113.90254843421053,22.47031891275168]]]},"properties":{"cluster_id":739,"lat":22.47037194117647,"lon":113.90352676470587,"count":5,"dwell_minutes":14466.15,"center_method":"duration_weighted_stop_medoid","type":"berth","distance_to_coast":46.18907778582711,"inside_china_land":true}},{"type":"Feature","geometry":{"type":"Polygon","coordinates":[[[121.11246905714286,28.186421885714285],[121.11290456818182,28.186421885714285],[121.11290456818182,28.18725847727273],[121.11246905714286,28.18725847727273],[121.11246905714286,28.186421885714285]]]},"properties":{"cluster_id":740,"lat":28.1872025,"lon":121.1128683235294,"count":4,"dwell_minutes":4503.283333333333,"center_method":"duration_weighted_stop_medoid","type":"berth","distance_to_coast":1095.539513429733,"inside_china_land":false}},{"type":"Feature","geometry":{"type":"Polygon","coordinates":[[[121.8482079090909,38.949896],[121.848253,38.949896],[121.848253,38.94992990909091],[121.8482079090909,38.94992990909091],[121.8482079090909,38.949896]]]},"properties":{"cluster_id":741,"lat":38.94992990909091,"lon":121.8482079090909,"count":2,"dwell_minutes":549.5833333333334,"center_method":"duration_weighted_stop_medoid","type":"berth","distance_to_coast":285.6862835341073,"inside_china_land":true}},{"type":"Feature","geometry":{"type":"Polygon","coordinates":[[[120.37120030909092,31.96556160909091],[120.37278790697674,31.96556160909091],[120.37278790697674,31.96622881395349],[120.37120030909092,31.96622881395349],[120.37120030909092,31.96556160909091]]]},"properties":{"cluster_id":748,"lat":31.96556160909091,"lon":120.37120030909092,"count":4,"dwell_minutes":5552.150000000001,"center_method":"duration_weighted_stop_medoid","type":"berth","distance_to_coast":519.0538163091665,"inside_china_land":false}},{"type":"Feature","geometry":{"type":"Polygon","coordinates":[[[122.95580167307692,39.60370433333333],[122.96093746875,39.60370433333333],[122.96093746875,39.6043775],[122.95580167307692,39.6043775],[122.95580167307692,39.60370433333333]]]},"properties":{"cluster_id":751,"lat":39.60422112765957,"lon":122.95752663829786,"count":42,"dwell_minutes":45744.15,"center_method":"duration_weighted_stop_medoid","type":"berth","distance_to_coast":1292.5082711262528,"inside_china_land":false}},{"type":"Feature","geometry":{"type":"Polygon","coordinates":[[[120.62650484883721,31.989331007692307],[120.62676825925926,31.989331007692307],[120.62676825925926,31.989437509259258],[120.62650484883721,31.989437509259258],[120.62650484883721,31.989331007692307]]]},"properties":{"cluster_id":752,"lat":31.989331007692307,"lon":120.6266609,"count":3,"dwell_minutes":9442.166666666666,"center_method":"duration_weighted_stop_medoid","type":"berth","distance_to_coast":602.8360678869731,"inside_china_land":true}},{"type":"Feature","geometry":{"type":"Polygon","coordinates":[[[120.18955378048781,36.00008690243902],[120.18975991666667,36.00008690243902],[120.18975991666667,36.00025673333334],[120.18955378048781,36.00025673333334],[120.18955378048781,36.00008690243902]]]},"properties":{"cluster_id":753,"lat":36.00009528571429,"lon":120.1896842244898,"count":5,"dwell_minutes":6457.933333333333,"center_method":"duration_weighted_stop_medoid","type":"berth","distance_to_coast":1766.220113839989,"inside_china_land":false}},{"type":"Feature","geometry":{"type":"Polygon","coordinates":[[[121.52800493055555,31.347126142857142],[121.52927505454547,31.347126142857142],[121.52927505454547,31.347988452380953],[121.52800493055555,31.347988452380953],[121.52800493055555,31.347126142857142]]]},"properties":{"cluster_id":757,"lat":31.347520533333338,"lon":121.52914993333334,"count":39,"dwell_minutes":52822.11666666667,"center_method":"duration_weighted_stop_medoid","type":"berth","distance_to_coast":3078.4734561095297,"inside_china_land":true}},{"type":"Feature","geometry":{"type":"Polygon","coordinates":[[[120.64588817933131,31.989683953703704],[120.64614253741496,31.989683953703704],[120.64614253741496,31.989719707482994],[120.64588817933131,31.989719707482994],[120.64588817933131,31.989683953703704]]]},"properties":{"cluster_id":766,"lat":31.98970425,"lon":120.64608,"count":9,"dwell_minutes":19016.550000000003,"center_method":"duration_weighted_stop_medoid","type":"berth","distance_to_coast":838.8452845111341,"inside_china_land":true}},{"type":"Feature","geometry":{"type":"Polygon","coordinates":[[[122.20014878571429,30.1128801875],[122.20145433333333,30.1128801875],[122.20145433333333,30.11310342857143],[122.20014878571429,30.11310342857143],[122.20014878571429,30.1128801875]]]},"properties":{"cluster_id":767,"lat":30.11293775,"lon":122.20142751851851,"count":5,"dwell_minutes":4748.35,"center_method":"duration_weighted_stop_medoid","type":"berth","distance_to_coast":1713.91005511175,"inside_china_land":false}},{"type":"Feature","geometry":{"type":"Polygon","coordinates":[[[121.41768425641025,30.742820910256413],[121.41779675000001,30.742820910256413],[121.41779675000001,30.74291801190476],[121.41768425641025,30.74291801190476],[121.41768425641025,30.742820910256413]]]},"properties":{"cluster_id":769,"lat":30.742852515625,"lon":121.417741609375,"count":3,"dwell_minutes":6434.933333333333,"center_method":"duration_weighted_stop_medoid","type":"berth","distance_to_coast":2771.1525345989025,"inside_china_land":false}},{"type":"Feature","geometry":{"type":"Polygon","coordinates":[[[117.78112772222224,38.96825111111111],[117.78210329310345,38.96825111111111],[117.78210329310345,38.96841754545455],[117.78112772222224,38.96841754545455],[117.78112772222224,38.96825111111111]]]},"properties":{"cluster_id":770,"lat":38.96833376056338,"lon":117.78177261971832,"count":9,"dwell_minutes":8437.833333333334,"center_method":"duration_weighted_stop_medoid","type":"berth","distance_to_coast":1960.8126070379467,"inside_china_land":false}},{"type":"Feature","geometry":{"type":"Polygon","coordinates":[[[121.98166288,30.0406929375],[121.98221828125,30.0406929375],[121.98221828125,30.041093542553195],[121.98166288,30.041093542553195],[121.98166288,30.0406929375]]]},"properties":{"cluster_id":772,"lat":30.041037962962964,"lon":121.98216687037038,"count":7,"dwell_minutes":10817.283333333333,"center_method":"duration_weighted_stop_medoid","type":"berth","distance_to_coast":575.4573248682223,"inside_china_land":false}},{"type":"Feature","geometry":{"type":"Polygon","coordinates":[[[113.54482382692308,22.97493857894737],[113.5451627236842,22.97493857894737],[113.5451627236842,22.975553826923075],[113.54482382692308,22.975553826923075],[113.54482382692308,22.97493857894737]]]},"properties":{"cluster_id":773,"lat":22.975214736263737,"lon":113.54497596703295,"count":3,"dwell_minutes":6147.333333333333,"center_method":"duration_weighted_stop_medoid","type":"berth","distance_to_coast":1392.8058472815244,"inside_china_land":false}},{"type":"Feature","geometry":{"type":"Polygon","coordinates":[[[118.97910525,25.172234500000002],[118.9795735,25.172234500000002],[118.9795735,25.1734037],[118.97910525,25.1734037],[118.97910525,25.172234500000002]]]},"properties":{"cluster_id":774,"lat":25.17251498076923,"lon":118.97935453846154,"count":11,"dwell_minutes":6557.966666666666,"center_method":"duration_weighted_stop_medoid","type":"berth","distance_to_coast":770.2875159318186,"inside_china_land":false}},{"type":"Feature","geometry":{"type":"Polygon","coordinates":[[[116.38342376086958,23.52482113385827],[116.3835986972477,23.52482113385827],[116.3835986972477,23.524912869565217],[116.38342376086958,23.524912869565217],[116.38342376086958,23.52482113385827]]]},"properties":{"cluster_id":775,"lat":23.52482113385827,"lon":116.38351373228348,"count":3,"dwell_minutes":8538.266666666666,"center_method":"duration_weighted_stop_medoid","type":"berth","distance_to_coast":20204.650341884862,"inside_china_land":true}},{"type":"Feature","geometry":{"type":"Polygon","coordinates":[[[121.73126663157893,29.969548315789474],[121.7327822264151,29.969548315789474],[121.7327822264151,29.970616918918918],[121.73126663157893,29.970616918918918],[121.73126663157893,29.969548315789474]]]},"properties":{"cluster_id":778,"lat":29.96974581818182,"lon":121.73142313636365,"count":46,"dwell_minutes":56458.433333333334,"center_method":"duration_weighted_stop_medoid","type":"berth","distance_to_coast":416.1370446517771,"inside_china_land":false}},{"type":"Feature","geometry":{"type":"Polygon","coordinates":[[[113.0658007368421,22.3079053],[113.066122,22.3079053],[113.066122,22.308414956521737],[113.0658007368421,22.308414956521737],[113.0658007368421,22.3079053]]]},"properties":{"cluster_id":783,"lat":22.30802226666667,"lon":113.065993,"count":5,"dwell_minutes":2274.35,"center_method":"duration_weighted_stop_medoid","type":"berth","distance_to_coast":11770.469948841514,"inside_china_land":true}},{"type":"Feature","geometry":{"type":"Polygon","coordinates":[[[113.09656403921569,22.177595888888888],[113.09683988888888,22.177595888888888],[113.09683988888888,22.17771268627451],[113.09656403921569,22.17771268627451],[113.09656403921569,22.177595888888888]]]},"properties":{"cluster_id":784,"lat":22.17771268627451,"lon":113.09656403921568,"count":2,"dwell_minutes":1567.2666666666669,"center_method":"duration_weighted_stop_medoid","type":"berth","distance_to_coast":1697.415894653545,"inside_china_land":false}},{"type":"Feature","geometry":{"type":"Polygon","coordinates":[[[111.82148684210527,21.690209759259258],[111.82155007407408,21.690209759259258],[111.82155007407408,21.690561736842106],[111.82148684210527,21.690561736842106],[111.82148684210527,21.690209759259258]]]},"properties":{"cluster_id":785,"lat":21.690209759259258,"lon":111.82155007407408,"count":2,"dwell_minutes":2144.7666666666664,"center_method":"duration_weighted_stop_medoid","type":"berth","distance_to_coast":1810.18042936637,"inside_china_land":false}},{"type":"Feature","geometry":{"type":"Polygon","coordinates":[[[113.0977765263158,22.209628000000002],[113.09779942857143,22.209628000000002],[113.09779942857143,22.209671421052633],[113.0977765263158,22.209671421052633],[113.0977765263158,22.209628000000002]]]},"properties":{"cluster_id":787,"lat":22.209671421052633,"lon":113.0977765263158,"count":2,"dwell_minutes":753.1166666666667,"center_method":"duration_weighted_stop_medoid","type":"berth","distance_to_coast":404.12707009088496,"inside_china_land":false}},{"type":"Feature","geometry":{"type":"Polygon","coordinates":[[[116.50181016666666,23.44242111111111],[116.50272344444446,23.44242111111111],[116.50272344444446,23.442609333333333],[116.50181016666666,23.442609333333333],[116.50181016666666,23.44242111111111]]]},"properties":{"cluster_id":788,"lat":23.44242111111111,"lon":116.50272344444446,"count":2,"dwell_minutes":342.33333333333337,"center_method":"duration_weighted_stop_medoid","type":"berth","distance_to_coast":3688.271121550693,"inside_china_land":true}},{"type":"Feature","geometry":{"type":"Polygon","coordinates":[[[108.38740459259259,21.60016111111111],[108.3876582857143,21.60016111111111],[108.3876582857143,21.60069411904762],[108.38740459259259,21.60069411904762],[108.38740459259259,21.60016111111111]]]},"properties":{"cluster_id":790,"lat":21.60016111111111,"lon":108.3874045925926,"count":3,"dwell_minutes":2997.8166666666666,"center_method":"duration_weighted_stop_medoid","type":"berth","distance_to_coast":677.6966006983187,"inside_china_land":false}},{"type":"Feature","geometry":{"type":"Polygon","coordinates":[[[119.37348511111112,35.088438555555555],[119.37355928070174,35.088438555555555],[119.37355928070174,35.08874219444445],[119.37348511111112,35.08874219444445],[119.37348511111112,35.088438555555555]]]},"properties":{"cluster_id":791,"lat":35.088469877192985,"lon":119.37355928070174,"count":3,"dwell_minutes":3241.633333333333,"center_method":"duration_weighted_stop_medoid","type":"berth","distance_to_coast":2093.3291573180313,"inside_china_land":false}},{"type":"Feature","geometry":{"type":"Polygon","coordinates":[[[113.87807265,22.4767286],[113.878183,22.4767286],[113.878183,22.477025333333334],[113.87807265,22.477025333333334],[113.87807265,22.4767286]]]},"properties":{"cluster_id":794,"lat":22.4767286,"lon":113.87807265,"count":2,"dwell_minutes":1598.9,"center_method":"duration_weighted_stop_medoid","type":"berth","distance_to_coast":104.06610177733695,"inside_china_land":true}},{"type":"Feature","geometry":{"type":"Polygon","coordinates":[[[121.55530287500001,31.320965967741934],[121.55542051612902,31.320965967741934],[121.55542051612902,31.321172133333334],[121.55530287500001,31.321172133333334],[121.55530287500001,31.320965967741934]]]},"properties":{"cluster_id":796,"lat":31.32101053061225,"lon":121.55532175510204,"count":6,"dwell_minutes":6895.216666666667,"center_method":"duration_weighted_stop_medoid","type":"berth","distance_to_coast":5038.552841543227,"inside_china_land":true}},{"type":"Feature","geometry":{"type":"Polygon","coordinates":[[[121.81295554545454,38.96416372727273],[121.81418465853659,38.96416372727273],[121.81418465853659,38.96520295121952],[121.81295554545454,38.96520295121952],[121.81295554545454,38.96416372727273]]]},"properties":{"cluster_id":799,"lat":38.96473021621622,"lon":121.8134771891892,"count":5,"dwell_minutes":4319.333333333334,"center_method":"duration_weighted_stop_medoid","type":"berth","distance_to_coast":720.2092850186515,"inside_china_land":false}},{"type":"Feature","geometry":{"type":"Polygon","coordinates":[[[121.434645,28.69981747368421],[121.4347421,28.69981747368421],[121.4347421,28.699926416666667],[121.434645,28.699926416666667],[121.434645,28.69981747368421]]]},"properties":{"cluster_id":804,"lat":28.69984203448276,"lon":121.43473489655172,"count":9,"dwell_minutes":4098.450000000001,"center_method":"duration_weighted_stop_medoid","type":"berth","distance_to_coast":719.8123516307512,"inside_china_land":false}},{"type":"Feature","geometry":{"type":"Polygon","coordinates":[[[121.64271502597404,29.046818360759495],[121.64353470253164,29.046818360759495],[121.64353470253164,29.04764042105263],[121.64271502597404,29.04764042105263],[121.64271502597404,29.046818360759495]]]},"properties":{"cluster_id":805,"lat":29.046818360759495,"lon":121.64353470253164,"count":5,"dwell_minutes":11735.666666666668,"center_method":"duration_weighted_stop_medoid","type":"berth","distance_to_coast":359.66630649340834,"inside_china_land":true}},{"type":"Feature","geometry":{"type":"Polygon","coordinates":[[[121.47543057407408,32.12450735714286],[121.47554639285714,32.12450735714286],[121.47554639285714,32.12460262962963],[121.47543057407408,32.12460262962963],[121.47543057407408,32.12450735714286]]]},"properties":{"cluster_id":806,"lat":32.12459458208956,"lon":121.47545417910447,"count":6,"dwell_minutes":10609.416666666666,"center_method":"duration_weighted_stop_medoid","type":"berth","distance_to_coast":709.37757697422,"inside_china_land":false}},{"type":"Feature","geometry":{"type":"Polygon","coordinates":[[[122.39096939999999,30.390093333333336],[122.39161333333334,30.390093333333336],[122.39161333333334,30.3910584],[122.39096939999999,30.3910584],[122.39096939999999,30.390093333333336]]]},"properties":{"cluster_id":808,"lat":30.3910584,"lon":122.3909694,"count":2,"dwell_minutes":153.66666666666669,"center_method":"duration_weighted_stop_medoid","type":"berth","distance_to_coast":3847.601267306464,"inside_china_land":false}},{"type":"Feature","geometry":{"type":"Polygon","coordinates":[[[121.440511625,31.0101245],[121.4427308,31.0101245],[121.4427308,31.010878944827585],[121.440511625,31.010878944827585],[121.440511625,31.0101245]]]},"properties":{"cluster_id":809,"lat":31.010615680851064,"lon":121.4413279361702,"count":41,"dwell_minutes":27823.633333333335,"center_method":"duration_weighted_stop_medoid","type":"berth","distance_to_coast":27606.832003468407,"inside_china_land":true}},{"type":"Feature","geometry":{"type":"Polygon","coordinates":[[[122.4443905,36.87170212],[122.4492399019608,36.87170212],[122.4492399019608,36.873716473684205],[122.4443905,36.873716473684205],[122.4443905,36.87170212]]]},"properties":{"cluster_id":812,"lat":36.87258346666667,"lon":122.44716443333331,"count":68,"dwell_minutes":64885.78333333333,"center_method":"duration_weighted_stop_medoid","type":"berth","distance_to_coast":1223.903069469009,"inside_china_land":false}},{"type":"Feature","geometry":{"type":"Polygon","coordinates":[[[119.28594688888887,32.19670189705882],[119.28862499999998,32.19670189705882],[119.28862499999998,32.19810944444444],[119.28594688888887,32.19810944444444],[119.28594688888887,32.19670189705882]]]},"properties":{"cluster_id":813,"lat":32.1978860669145,"lon":119.287647464684,"count":7,"dwell_minutes":12689.499999999998,"center_method":"duration_weighted_stop_medoid","type":"berth","distance_to_coast":35444.52438035502,"inside_china_land":true}},{"type":"Feature","geometry":{"type":"Polygon","coordinates":[[[120.62991321428571,37.790231375],[120.63454970967742,37.790231375],[120.63454970967742,37.79044947368421],[120.62991321428571,37.79044947368421],[120.62991321428571,37.790231375]]]},"properties":{"cluster_id":817,"lat":37.790319078431374,"lon":120.63188821568627,"count":32,"dwell_minutes":39641.21666666667,"center_method":"duration_weighted_stop_medoid","type":"berth","distance_to_coast":296.522959016339,"inside_china_land":false}},{"type":"Feature","geometry":{"type":"Polygon","coordinates":[[[121.89401807692308,30.06809969230769],[121.89427,30.06809969230769],[121.89427,30.068353096774196],[121.89401807692308,30.068353096774196],[121.89401807692308,30.06809969230769]]]},"properties":{"cluster_id":819,"lat":30.068227098039216,"lon":121.8941621764706,"count":12,"dwell_minutes":11865.866666666669,"center_method":"duration_weighted_stop_medoid","type":"berth","distance_to_coast":1145.4888134078406,"inside_china_land":false}},{"type":"Feature","geometry":{"type":"Polygon","coordinates":[[[119.6923904,32.248756300000004],[119.6927544117647,32.248756300000004],[119.6927544117647,32.249214699999996],[119.6923904,32.249214699999996],[119.6923904,32.248756300000004]]]},"properties":{"cluster_id":820,"lat":32.249003075000005,"lon":119.69267835,"count":24,"dwell_minutes":43494.683333333334,"center_method":"duration_weighted_stop_medoid","type":"berth","distance_to_coast":1815.7414481080623,"inside_china_land":false}},{"type":"Feature","geometry":{"type":"Polygon","coordinates":[[[120.2077893625,31.92471004],[120.20792648076923,31.92471004],[120.20792648076923,31.92479965],[120.2077893625,31.92479965],[120.2077893625,31.92471004]]]},"properties":{"cluster_id":821,"lat":31.924774244444446,"lon":120.20783542222222,"count":11,"dwell_minutes":22104.61666666667,"center_method":"duration_weighted_stop_medoid","type":"berth","distance_to_coast":1574.8705278241628,"inside_china_land":false}},{"type":"Feature","geometry":{"type":"Polygon","coordinates":[[[119.40514,34.74976951612903],[119.4053034032258,34.74976951612903],[119.4053034032258,34.74984970212766],[119.40514,34.74984970212766],[119.40514,34.74976951612903]]]},"properties":{"cluster_id":822,"lat":34.74976951612903,"lon":119.4053034032258,"count":2,"dwell_minutes":8070.700000000001,"center_method":"duration_weighted_stop_medoid","type":"berth","distance_to_coast":160.51441781996647,"inside_china_land":true}},{"type":"Feature","geometry":{"type":"Polygon","coordinates":[[[120.02481268811881,40.05364413861386],[120.025172,40.05364413861386],[120.025172,40.05374688118812],[120.02481268811881,40.05374688118812],[120.02481268811881,40.05364413861386]]]},"properties":{"cluster_id":823,"lat":40.05372659906542,"lon":120.02511882429906,"count":15,"dwell_minutes":58131.433333333334,"center_method":"duration_weighted_stop_medoid","type":"berth","distance_to_coast":3052.562849722051,"inside_china_land":false}},{"type":"Feature","geometry":{"type":"Polygon","coordinates":[[[119.64542714285713,39.92024698473282],[119.64551059541985,39.92024698473282],[119.64551059541985,39.92037131372549],[119.64542714285713,39.92037131372549],[119.64542714285713,39.92024698473282]]]},"properties":{"cluster_id":824,"lat":39.92027816393442,"lon":119.6454840819672,"count":6,"dwell_minutes":13906.666666666668,"center_method":"duration_weighted_stop_medoid","type":"berth","distance_to_coast":490.187113474445,"inside_china_land":false}},{"type":"Feature","geometry":{"type":"Polygon","coordinates":[[[118.86471672413793,32.17288324137931],[118.86557791011235,32.17288324137931],[118.86557791011235,32.17352487640449],[118.86471672413793,32.17352487640449],[118.86471672413793,32.17288324137931]]]},"properties":{"cluster_id":826,"lat":32.17343969512196,"lon":118.86538836585366,"count":5,"dwell_minutes":8229.15,"center_method":"duration_weighted_stop_medoid","type":"berth","distance_to_coast":82507.82019687348,"inside_china_land":true}},{"type":"Feature","geometry":{"type":"Polygon","coordinates":[[[119.81231468,32.320775600000005],[119.81294327272727,32.320775600000005],[119.81294327272727,32.32109208],[119.81231468,32.32109208],[119.81231468,32.320775600000005]]]},"properties":{"cluster_id":827,"lat":32.32100019230769,"lon":119.8123771923077,"count":8,"dwell_minutes":8702.483333333334,"center_method":"duration_weighted_stop_medoid","type":"berth","distance_to_coast":720.6778455514232,"inside_china_land":true}},{"type":"Feature","geometry":{"type":"Polygon","coordinates":[[[119.70451681818182,32.27077509090909],[119.7066854,32.27077509090909],[119.7066854,32.27173223529412],[119.70451681818182,32.27173223529412],[119.70451681818182,32.27077509090909]]]},"properties":{"cluster_id":828,"lat":32.27173223529412,"lon":119.70573252941176,"count":5,"dwell_minutes":2210.55,"center_method":"duration_weighted_stop_medoid","type":"berth","distance_to_coast":1166.6654357511725,"inside_china_land":false}},{"type":"Feature","geometry":{"type":"Polygon","coordinates":[[[119.66374875000001,32.203738375],[119.66463904081631,32.203738375],[119.66463904081631,32.204421982758625],[119.66374875000001,32.204421982758625],[119.66374875000001,32.203738375]]]},"properties":{"cluster_id":829,"lat":32.2042733,"lon":119.6644937,"count":19,"dwell_minutes":23160.516666666663,"center_method":"duration_weighted_stop_medoid","type":"berth","distance_to_coast":711.9798363200995,"inside_china_land":true}},{"type":"Feature","geometry":{"type":"Polygon","coordinates":[[[121.18009929545455,31.675349721311477],[121.18032888571429,31.675349721311477],[121.18032888571429,31.675514599999996],[121.18009929545455,31.675514599999996],[121.18009929545455,31.675349721311477]]]},"properties":{"cluster_id":830,"lat":31.6754544556962,"lon":121.18029535443038,"count":10,"dwell_minutes":17405.48333333333,"center_method":"duration_weighted_stop_medoid","type":"berth","distance_to_coast":1966.2340687936824,"inside_china_land":false}},{"type":"Feature","geometry":{"type":"Polygon","coordinates":[[[122.1956126446281,30.113912032],[122.195745488,30.113912032],[122.195745488,30.113933611570246],[122.1956126446281,30.113933611570246],[122.1956126446281,30.113912032]]]},"properties":{"cluster_id":831,"lat":30.113925009433963,"lon":122.19569573584906,"count":3,"dwell_minutes":8903.716666666667,"center_method":"duration_weighted_stop_medoid","type":"berth","distance_to_coast":1823.2162936921657,"inside_china_land":false}},{"type":"Feature","geometry":{"type":"Polygon","coordinates":[[[119.02782763461538,32.18439620967742],[119.02799025,32.18439620967742],[119.02799025,32.184674666666666],[119.02782763461538,32.184674666666666],[119.02782763461538,32.18439620967742]]]},"properties":{"cluster_id":832,"lat":32.18459475,"lon":119.02787795,"count":28,"dwell_minutes":37900.149999999994,"center_method":"duration_weighted_stop_medoid","type":"berth","distance_to_coast":64382.14645551,"inside_china_land":true}},{"type":"Feature","geometry":{"type":"Polygon","coordinates":[[[114.631403,22.7368435],[114.63152733333334,22.7368435],[114.63152733333334,22.73702833333333],[114.631403,22.73702833333333],[114.631403,22.7368435]]]},"properties":{"cluster_id":833,"lat":22.736884324786324,"lon":114.6314553931624,"count":8,"dwell_minutes":5829.883333333334,"center_method":"duration_weighted_stop_medoid","type":"berth","distance_to_coast":1943.2459586583784,"inside_china_land":false}},{"type":"Feature","geometry":{"type":"Polygon","coordinates":[[[121.5072273882353,29.495697517241382],[121.50746581666667,29.495697517241382],[121.50746581666667,29.495757152173912],[121.5072273882353,29.495757152173912],[121.5072273882353,29.495697517241382]]]},"properties":{"cluster_id":834,"lat":29.495731363636366,"lon":121.5073478909091,"count":17,"dwell_minutes":56034.01666666666,"center_method":"duration_weighted_stop_medoid","type":"berth","distance_to_coast":1546.110392201734,"inside_china_land":false}},{"type":"Feature","geometry":{"type":"Polygon","coordinates":[[[121.51005016666666,29.4961138],[121.51033620000001,29.4961138],[121.51033620000001,29.496297142857145],[121.51005016666666,29.496297142857145],[121.51005016666666,29.4961138]]]},"properties":{"cluster_id":835,"lat":29.496170886792452,"lon":121.51018411320754,"count":36,"dwell_minutes":59465.15000000001,"center_method":"duration_weighted_stop_medoid","type":"berth","distance_to_coast":1684.3161047925182,"inside_china_land":false}},{"type":"Feature","geometry":{"type":"Polygon","coordinates":[[[119.83347765957446,39.98451466666666],[119.83479597391303,39.98451466666666],[119.83479597391303,39.985303117647064],[119.83347765957446,39.985303117647064],[119.83347765957446,39.98451466666666]]]},"properties":{"cluster_id":836,"lat":39.98465419378238,"lon":119.8346473284974,"count":8,"dwell_minutes":28017.083333333336,"center_method":"duration_weighted_stop_medoid","type":"berth","distance_to_coast":479.2046626322803,"inside_china_land":true}},{"type":"Feature","geometry":{"type":"Polygon","coordinates":[[[119.9969708309859,32.00002244776119],[119.99706986567165,32.00002244776119],[119.99706986567165,32.0002191971831],[119.9969708309859,32.0002191971831],[119.9969708309859,32.00002244776119]]]},"properties":{"cluster_id":837,"lat":32.00009926086956,"lon":119.9970356231884,"count":5,"dwell_minutes":10459.9,"center_method":"duration_weighted_stop_medoid","type":"berth","distance_to_coast":1018.2104153070158,"inside_china_land":false}},{"type":"Feature","geometry":{"type":"Polygon","coordinates":[[[119.41118522222223,34.749769375],[119.41188575,34.749769375],[119.41188575,34.749868390625004],[119.41118522222223,34.749868390625004],[119.41118522222223,34.749769375]]]},"properties":{"cluster_id":838,"lat":34.749868390625004,"lon":119.41141209375,"count":3,"dwell_minutes":2959.8833333333337,"center_method":"duration_weighted_stop_medoid","type":"berth","distance_to_coast":110.7140390074435,"inside_china_land":true}},{"type":"Feature","geometry":{"type":"Polygon","coordinates":[[[121.16319127906976,31.68380926984127],[121.16338585714286,31.68380926984127],[121.16338585714286,31.683883627906976],[121.16319127906976,31.683883627906976],[121.16319127906976,31.68380926984127]]]},"properties":{"cluster_id":839,"lat":31.68380926984127,"lon":121.16338585714286,"count":2,"dwell_minutes":2869.366666666667,"center_method":"duration_weighted_stop_medoid","type":"berth","distance_to_coast":1412.435096874077,"inside_china_land":false}},{"type":"Feature","geometry":{"type":"Polygon","coordinates":[[[120.02004457281554,37.44005462222223],[120.02006777037037,37.44005462222223],[120.02006777037037,37.44018180582524],[120.02004457281554,37.44018180582524],[120.02004457281554,37.44005462222223]]]},"properties":{"cluster_id":840,"lat":37.44005462222223,"lon":120.02006777037036,"count":2,"dwell_minutes":7346.533333333334,"center_method":"duration_weighted_stop_medoid","type":"berth","distance_to_coast":1763.3367232215296,"inside_china_land":false}},{"type":"Feature","geometry":{"type":"Polygon","coordinates":[[[119.81442260377358,32.32004640677966],[119.81454135593219,32.32004640677966],[119.81454135593219,32.32014877192982],[119.81442260377358,32.32014877192982],[119.81442260377358,32.32004640677966]]]},"properties":{"cluster_id":842,"lat":32.32010663934426,"lon":119.8144658032787,"count":9,"dwell_minutes":15817.816666666668,"center_method":"duration_weighted_stop_medoid","type":"berth","distance_to_coast":676.9332431588505,"inside_china_land":true}},{"type":"Feature","geometry":{"type":"Polygon","coordinates":[[[117.78343990476189,38.96753914285715],[117.78518105714286,38.96753914285715],[117.78518105714286,38.96798966666667],[117.78343990476189,38.96798966666667],[117.78343990476189,38.96753914285715]]]},"properties":{"cluster_id":843,"lat":38.96785089473684,"lon":117.78463857894737,"count":8,"dwell_minutes":7251.4,"center_method":"duration_weighted_stop_medoid","type":"berth","distance_to_coast":2159.9991503696897,"inside_china_land":false}},{"type":"Feature","geometry":{"type":"Polygon","coordinates":[[[121.17757503030303,31.676883306122452],[121.17788998305085,31.676883306122452],[121.17788998305085,31.677028575],[121.17757503030303,31.677028575],[121.17757503030303,31.676883306122452]]]},"properties":{"cluster_id":844,"lat":31.6769613,"lon":121.17786393333334,"count":6,"dwell_minutes":7270.349999999999,"center_method":"duration_weighted_stop_medoid","type":"berth","distance_to_coast":1914.915628661905,"inside_china_land":false}},{"type":"Feature","geometry":{"type":"Polygon","coordinates":[[[119.64376259999999,39.92151923076923],[119.64444184615384,39.92151923076923],[119.64444184615384,39.922736183098586],[119.64376259999999,39.922736183098586],[119.64376259999999,39.92151923076923]]]},"properties":{"cluster_id":845,"lat":39.922522875,"lon":119.643883975,"count":16,"dwell_minutes":13468.133333333331,"center_method":"duration_weighted_stop_medoid","type":"berth","distance_to_coast":121.1366260078468,"inside_china_land":false}},{"type":"Feature","geometry":{"type":"Polygon","coordinates":[[[121.88510685294119,29.93467721875],[121.886753625,29.93467721875],[121.886753625,29.935169238095238],[121.88510685294119,29.935169238095238],[121.88510685294119,29.93467721875]]]},"properties":{"cluster_id":846,"lat":29.934745675675675,"lon":121.88664003378378,"count":24,"dwell_minutes":29645.916666666664,"center_method":"duration_weighted_stop_medoid","type":"berth","distance_to_coast":850.2130955926027,"inside_china_land":false}},{"type":"Feature","geometry":{"type":"Polygon","coordinates":[[[122.08423047126438,29.78352398850575],[122.08423947297298,29.78352398850575],[122.08423947297298,29.783535304054055],[122.08423047126438,29.783535304054055],[122.08423047126438,29.78352398850575]]]},"properties":{"cluster_id":847,"lat":29.783535304054055,"lon":122.08423947297298,"count":2,"dwell_minutes":6836.5,"center_method":"duration_weighted_stop_medoid","type":"berth","distance_to_coast":153.74866895551506,"inside_china_land":true}},{"type":"Feature","geometry":{"type":"Polygon","coordinates":[[[121.15972485,30.630975149999998],[121.15981913186812,30.630975149999998],[121.15981913186812,30.631061838383836],[121.15972485,30.631061838383836],[121.15972485,30.630975149999998]]]},"properties":{"cluster_id":849,"lat":30.63103702620087,"lon":121.15978024890828,"count":12,"dwell_minutes":47178.166666666664,"center_method":"duration_weighted_stop_medoid","type":"berth","distance_to_coast":586.4999097093056,"inside_china_land":false}},{"type":"Feature","geometry":{"type":"Polygon","coordinates":[[[121.1661314901961,30.634855708333333],[121.16658678723405,30.634855708333333],[121.16658678723405,30.63519136170213],[121.1661314901961,30.63519136170213],[121.1661314901961,30.634855708333333]]]},"properties":{"cluster_id":850,"lat":30.635007733333335,"lon":121.1662964888889,"count":13,"dwell_minutes":13369.083333333332,"center_method":"duration_weighted_stop_medoid","type":"berth","distance_to_coast":588.3317586870728,"inside_china_land":false}},{"type":"Feature","geometry":{"type":"Polygon","coordinates":[[[121.154729125,30.625331704545456],[121.15474759595959,30.625331704545456],[121.15474759595959,30.625356818181817],[121.154729125,30.625356818181817],[121.154729125,30.625331704545456]]]},"properties":{"cluster_id":851,"lat":30.62534267741935,"lon":121.154732172043,"count":3,"dwell_minutes":8371.65,"center_method":"duration_weighted_stop_medoid","type":"berth","distance_to_coast":714.8088875668242,"inside_china_land":false}},{"type":"Feature","geometry":{"type":"Polygon","coordinates":[[[119.99877567391304,31.997010122807016],[119.99992000000002,31.997010122807016],[119.99992000000002,31.998062065217393],[119.99877567391304,31.998062065217393],[119.99877567391304,31.997010122807016]]]},"properties":{"cluster_id":852,"lat":31.997169763157892,"lon":119.99968668421052,"count":10,"dwell_minutes":12291.85,"center_method":"duration_weighted_stop_medoid","type":"berth","distance_to_coast":1068.3749026574678,"inside_china_land":false}},{"type":"Feature","geometry":{"type":"Polygon","coordinates":[[[118.88837620454545,32.185821727272725],[118.88842385714285,32.185821727272725],[118.88842385714285,32.18609504347826],[118.88837620454545,32.18609504347826],[118.88837620454545,32.185821727272725]]]},"properties":{"cluster_id":853,"lat":32.18602552777778,"lon":118.8883968472222,"count":5,"dwell_minutes":7120.233333333334,"center_method":"duration_weighted_stop_medoid","type":"berth","distance_to_coast":79901.54185706888,"inside_china_land":true}},{"type":"Feature","geometry":{"type":"Polygon","coordinates":[[[119.40698114285715,34.7497005],[119.4086311443299,34.7497005],[119.4086311443299,34.749861546391756],[119.40698114285715,34.749861546391756],[119.40698114285715,34.7497005]]]},"properties":{"cluster_id":854,"lat":34.74985934,"lon":119.40852358,"count":4,"dwell_minutes":5737.133333333333,"center_method":"duration_weighted_stop_medoid","type":"berth","distance_to_coast":129.16159037972184,"inside_china_land":true}},{"type":"Feature","geometry":{"type":"Polygon","coordinates":[[[120.27340052525253,34.30808454545455],[120.27354451428572,34.30808454545455],[120.27354451428572,34.30816735714286],[120.27340052525253,34.30816735714286],[120.27340052525253,34.30808454545455]]]},"properties":{"cluster_id":856,"lat":34.30808454545455,"lon":120.27340052525253,"count":2,"dwell_minutes":5058.783333333333,"center_method":"duration_weighted_stop_medoid","type":"berth","distance_to_coast":1620.087545308768,"inside_china_land":false}},{"type":"Feature","geometry":{"type":"Polygon","coordinates":[[[120.30307146428572,37.64621851578947],[120.30337103157895,37.64621851578947],[120.30337103157895,37.64676482142857],[120.30307146428572,37.64676482142857],[120.30307146428572,37.64621851578947]]]},"properties":{"cluster_id":857,"lat":37.64621851578947,"lon":120.30337103157896,"count":2,"dwell_minutes":3366.3333333333335,"center_method":"duration_weighted_stop_medoid","type":"berth","distance_to_coast":1281.977561730358,"inside_china_land":false}},{"type":"Feature","geometry":{"type":"Polygon","coordinates":[[[120.58653113043479,32.02813952272727],[120.58664959090908,32.02813952272727],[120.58664959090908,32.02826752173913],[120.58653113043479,32.02826752173913],[120.58653113043479,32.02813952272727]]]},"properties":{"cluster_id":858,"lat":32.028192376811596,"lon":120.58654707246376,"count":4,"dwell_minutes":5070.483333333334,"center_method":"duration_weighted_stop_medoid","type":"berth","distance_to_coast":3832.8398313905327,"inside_china_land":false}},{"type":"Feature","geometry":{"type":"Polygon","coordinates":[[[121.5561,28.27332175],[121.55868746666667,28.27332175],[121.55868746666667,28.27448246666667],[121.5561,28.27448246666667],[121.5561,28.27332175]]]},"properties":{"cluster_id":862,"lat":28.27401195744681,"lon":121.55748991489362,"count":14,"dwell_minutes":6327.6833333333325,"center_method":"duration_weighted_stop_medoid","type":"berth","distance_to_coast":2386.709945165479,"inside_china_land":false}},{"type":"Feature","geometry":{"type":"Polygon","coordinates":[[[121.55438604545454,28.273264666666666],[121.55472000000002,28.273264666666666],[121.55472000000002,28.27347240909091],[121.55438604545454,28.27347240909091],[121.55438604545454,28.273264666666666]]]},"properties":{"cluster_id":863,"lat":28.27347240909091,"lon":121.55447636363635,"count":3,"dwell_minutes":1186.75,"center_method":"duration_weighted_stop_medoid","type":"berth","distance_to_coast":2718.092975132673,"inside_china_land":false}},{"type":"Feature","geometry":{"type":"Polygon","coordinates":[[[121.657976,28.3865323],[121.6594545,28.3865323],[121.6594545,28.3868332],[121.657976,28.3868332],[121.657976,28.3865323]]]},"properties":{"cluster_id":864,"lat":28.38678366666667,"lon":121.6588561904762,"count":6,"dwell_minutes":6175.816666666667,"center_method":"duration_weighted_stop_medoid","type":"berth","distance_to_coast":3102.522903976831,"inside_china_land":false}},{"type":"Feature","geometry":{"type":"Polygon","coordinates":[[[117.76874433333334,39.046423999999995],[117.77295145454545,39.046423999999995],[117.77295145454545,39.047931166666665],[117.76874433333334,39.047931166666665],[117.76874433333334,39.046423999999995]]]},"properties":{"cluster_id":865,"lat":39.047258125,"lon":117.7708871875,"count":14,"dwell_minutes":9601.866666666669,"center_method":"duration_weighted_stop_medoid","type":"berth","distance_to_coast":1512.8406758154465,"inside_china_land":false}},{"type":"Feature","geometry":{"type":"Polygon","coordinates":[[[121.74566471428571,31.290949],[121.7464558,31.290949],[121.7464558,31.2914674],[121.74566471428571,31.2914674],[121.74566471428571,31.290949]]]},"properties":{"cluster_id":867,"lat":31.290949,"lon":121.74566471428572,"count":2,"dwell_minutes":230.08333333333337,"center_method":"duration_weighted_stop_medoid","type":"berth","distance_to_coast":2576.8385996054326,"inside_china_land":false}},{"type":"Feature","geometry":{"type":"Polygon","coordinates":[[[121.63769675,29.042757816091957],[121.63863099999999,29.042757816091957],[121.63863099999999,29.043747999999997],[121.63769675,29.043747999999997],[121.63769675,29.042757816091957]]]},"properties":{"cluster_id":868,"lat":29.043709197183095,"lon":121.6379885140845,"count":15,"dwell_minutes":18452.28333333333,"center_method":"duration_weighted_stop_medoid","type":"berth","distance_to_coast":645.5849324277815,"inside_china_land":true}},{"type":"Feature","geometry":{"type":"Polygon","coordinates":[[[120.84069663934427,31.8376474],[120.84121872222222,31.8376474],[120.84121872222222,31.838623393442624],[120.84069663934427,31.838623393442624],[120.84069663934427,31.8376474]]]},"properties":{"cluster_id":872,"lat":31.837753104166666,"lon":120.84104685416666,"count":21,"dwell_minutes":30938.966666666667,"center_method":"duration_weighted_stop_medoid","type":"berth","distance_to_coast":2087.765329118875,"inside_china_land":false}},{"type":"Feature","geometry":{"type":"Polygon","coordinates":[[[120.64078998484848,31.989477548387097],[120.6420775625,31.989477548387097],[120.6420775625,31.98958488888889],[120.64078998484848,31.98958488888889],[120.64078998484848,31.989477548387097]]]},"properties":{"cluster_id":873,"lat":31.989487075757573,"lon":120.64078998484848,"count":5,"dwell_minutes":4853.733333333334,"center_method":"duration_weighted_stop_medoid","type":"berth","distance_to_coast":789.5806074920937,"inside_china_land":true}},{"type":"Feature","geometry":{"type":"Polygon","coordinates":[[[121.42265122916666,31.474522256880732],[121.42643075000001,31.474522256880732],[121.42643075000001,31.476831266666668],[121.42265122916666,31.476831266666668],[121.42265122916666,31.474522256880732]]]},"properties":{"cluster_id":874,"lat":31.4746074,"lon":121.42618126666666,"count":130,"dwell_minutes":161436.3833333333,"center_method":"duration_weighted_stop_medoid","type":"berth","distance_to_coast":2964.5400497285905,"inside_china_land":false}},{"type":"Feature","geometry":{"type":"Polygon","coordinates":[[[118.221404,31.289904029411765],[118.22193894117648,31.289904029411765],[118.22193894117648,31.290656000000002],[118.221404,31.290656000000002],[118.221404,31.289904029411765]]]},"properties":{"cluster_id":875,"lat":31.289904029411765,"lon":118.22193894117648,"count":2,"dwell_minutes":1190.2666666666669,"center_method":"duration_weighted_stop_medoid","type":"berth","distance_to_coast":194518.440309107,"inside_china_land":true}},{"type":"Feature","geometry":{"type":"Polygon","coordinates":[[[118.21056739999999,31.283647785714287],[118.2133879090909,31.283647785714287],[118.2133879090909,31.289148],[118.21056739999999,31.289148],[118.21056739999999,31.283647785714287]]]},"properties":{"cluster_id":876,"lat":31.286762000000003,"lon":118.21189814285717,"count":29,"dwell_minutes":26513.35,"center_method":"duration_weighted_stop_medoid","type":"berth","distance_to_coast":195653.95837282977,"inside_china_land":true}},{"type":"Feature","geometry":{"type":"Polygon","coordinates":[[[118.21686832352941,31.287299876923075],[118.21737006153846,31.287299876923075],[118.21737006153846,31.288726264705883],[118.21686832352941,31.288726264705883],[118.21686832352941,31.287299876923075]]]},"properties":{"cluster_id":877,"lat":31.28784866666667,"lon":118.21714211111112,"count":7,"dwell_minutes":4929.283333333333,"center_method":"duration_weighted_stop_medoid","type":"berth","distance_to_coast":195104.8676819093,"inside_china_land":true}},{"type":"Feature","geometry":{"type":"Polygon","coordinates":[[[118.19404585416667,31.27606523809524],[118.20037138095238,31.27606523809524],[118.20037138095238,31.278850187499998],[118.19404585416667,31.278850187499998],[118.19404585416667,31.27606523809524]]]},"properties":{"cluster_id":878,"lat":31.276745858823528,"lon":118.19699929411766,"count":18,"dwell_minutes":17645.05,"center_method":"duration_weighted_stop_medoid","type":"berth","distance_to_coast":197763.9927005334,"inside_china_land":true}},{"type":"Feature","geometry":{"type":"Polygon","coordinates":[[[118.1938574,31.274514399999997],[118.1946130909091,31.274514399999997],[118.1946130909091,31.275640913043475],[118.1938574,31.275640913043475],[118.1938574,31.274514399999997]]]},"properties":{"cluster_id":879,"lat":31.27510813888889,"lon":118.1942235138889,"count":5,"dwell_minutes":6115.083333333334,"center_method":"duration_weighted_stop_medoid","type":"berth","distance_to_coast":198138.98612923955,"inside_china_land":true}},{"type":"Feature","geometry":{"type":"Polygon","coordinates":[[[120.67575102,31.99359066233766],[120.67692830909091,31.99359066233766],[120.67692830909091,31.9936141097561],[120.67575102,31.9936141097561],[120.67575102,31.99359066233766]]]},"properties":{"cluster_id":880,"lat":31.99360574,"lon":120.6758674,"count":5,"dwell_minutes":10289.866666666669,"center_method":"duration_weighted_stop_medoid","type":"berth","distance_to_coast":663.9817819362,"inside_china_land":true}},{"type":"Feature","geometry":{"type":"Polygon","coordinates":[[[120.44777391666668,31.977976388888887],[120.44914167241379,31.977976388888887],[120.44914167241379,31.979312879310342],[120.44777391666668,31.979312879310342],[120.44777391666668,31.977976388888887]]]},"properties":{"cluster_id":881,"lat":31.97869523076923,"lon":120.44853119230768,"count":7,"dwell_minutes":9771.283333333336,"center_method":"duration_weighted_stop_medoid","type":"berth","distance_to_coast":192.23972999767864,"inside_china_land":true}},{"type":"Feature","geometry":{"type":"Polygon","coordinates":[[[122.07925712048193,29.997070369987064],[122.07993903891709,29.997070369987064],[122.07993903891709,29.997244345507667],[122.07925712048193,29.997244345507667],[122.07925712048193,29.997070369987064]]]},"properties":{"cluster_id":882,"lat":29.997244345507667,"lon":122.0794723265157,"count":5,"dwell_minutes":83452.04999999999,"center_method":"duration_weighted_stop_medoid","type":"berth","distance_to_coast":2546.9102120724224,"inside_china_land":false}},{"type":"Feature","geometry":{"type":"Polygon","coordinates":[[[118.49617500000001,39.0801168],[118.49742280000001,39.0801168],[118.49742280000001,39.0805675],[118.49617500000001,39.0805675],[118.49617500000001,39.0801168]]]},"properties":{"cluster_id":883,"lat":39.08049419230769,"lon":118.49629373076924,"count":30,"dwell_minutes":22844.35,"center_method":"duration_weighted_stop_medoid","type":"berth","distance_to_coast":3252.521644220717,"inside_china_land":false}},{"type":"Feature","geometry":{"type":"Polygon","coordinates":[[[119.55026114666667,35.37115662666667],[119.55029262337662,35.37115662666667],[119.55029262337662,35.371215467532465],[119.55026114666667,35.371215467532465],[119.55026114666667,35.37115662666667]]]},"properties":{"cluster_id":884,"lat":35.37119881147541,"lon":119.55028604918031,"count":3,"dwell_minutes":7813.166666666666,"center_method":"duration_weighted_stop_medoid","type":"berth","distance_to_coast":688.9941735887662,"inside_china_land":false}},{"type":"Feature","geometry":{"type":"Polygon","coordinates":[[[122.07223166666665,30.01824],[122.072252,30.01824],[122.072252,30.018326000000002],[122.07223166666665,30.018326000000002],[122.07223166666665,30.01824]]]},"properties":{"cluster_id":885,"lat":30.01824,"lon":122.072252,"count":2,"dwell_minutes":177.81666666666666,"center_method":"duration_weighted_stop_medoid","type":"berth","distance_to_coast":167.5536969861931,"inside_china_land":true}},{"type":"Feature","geometry":{"type":"Polygon","coordinates":[[[121.13599686363636,38.808676625000004],[121.13700623999999,38.808676625000004],[121.13700623999999,38.809327360000005],[121.13599686363636,38.809327360000005],[121.13599686363636,38.808676625000004]]]},"properties":{"cluster_id":886,"lat":38.808869529411766,"lon":121.13631379411764,"count":20,"dwell_minutes":16291.250000000004,"center_method":"duration_weighted_stop_medoid","type":"berth","distance_to_coast":138.63832310135805,"inside_china_land":true}},{"type":"Feature","geometry":{"type":"Polygon","coordinates":[[[118.48821232394367,38.946829641975306],[118.48860680246914,38.946829641975306],[118.48860680246914,38.94712311267606],[118.48821232394367,38.94712311267606],[118.48821232394367,38.946829641975306]]]},"properties":{"cluster_id":887,"lat":38.94685825,"lon":118.48854670833332,"count":7,"dwell_minutes":9991.383333333331,"center_method":"duration_weighted_stop_medoid","type":"berth","distance_to_coast":34.40447385211409,"inside_china_land":true}},{"type":"Feature","geometry":{"type":"Polygon","coordinates":[[[120.44589405882353,31.97590058823529],[120.44683410869564,31.97590058823529],[120.44683410869564,31.97692466666667],[120.44589405882353,31.97692466666667],[120.44589405882353,31.97590058823529]]]},"properties":{"cluster_id":888,"lat":31.97683947368421,"lon":120.44681760526316,"count":8,"dwell_minutes":11986.033333333333,"center_method":"duration_weighted_stop_medoid","type":"berth","distance_to_coast":354.92078797603585,"inside_china_land":true}},{"type":"Feature","geometry":{"type":"Polygon","coordinates":[[[121.6162685345912,31.35580152],[121.616526625,31.35580152],[121.616526625,31.3559645],[121.6162685345912,31.3559645],[121.6162685345912,31.35580152]]]},"properties":{"cluster_id":889,"lat":31.35589480208333,"lon":121.616341875,"count":10,"dwell_minutes":20198.483333333337,"center_method":"duration_weighted_stop_medoid","type":"berth","distance_to_coast":1769.74839662185,"inside_china_land":false}},{"type":"Feature","geometry":{"type":"Polygon","coordinates":[[[122.0860735,40.29655369014085],[122.08686356338028,40.29655369014085],[122.08686356338028,40.2971173],[122.0860735,40.2971173],[122.0860735,40.29655369014085]]]},"properties":{"cluster_id":893,"lat":40.297084197530864,"lon":122.08653804938272,"count":8,"dwell_minutes":8893.599999999999,"center_method":"duration_weighted_stop_medoid","type":"berth","distance_to_coast":2367.3885582421526,"inside_china_land":false}},{"type":"Feature","geometry":{"type":"Polygon","coordinates":[[[113.63272625,22.77959444444444],[113.63287555555556,22.77959444444444],[113.63287555555556,22.77964525],[113.63272625,22.77964525],[113.63272625,22.77959444444444]]]},"properties":{"cluster_id":895,"lat":22.77959444444444,"lon":113.63287555555556,"count":2,"dwell_minutes":259.2833333333333,"center_method":"duration_weighted_stop_medoid","type":"berth","distance_to_coast":2624.240871968096,"inside_china_land":false}},{"type":"Feature","geometry":{"type":"Polygon","coordinates":[[[121.62887416949154,32.08196255932204],[121.62890499999999,32.08196255932204],[121.62890499999999,32.08196941666667],[121.62887416949154,32.08196941666667],[121.62887416949154,32.08196255932204]]]},"properties":{"cluster_id":897,"lat":32.08196255932204,"lon":121.62887416949154,"count":2,"dwell_minutes":1937.7666666666669,"center_method":"duration_weighted_stop_medoid","type":"berth","distance_to_coast":1020.4629600678128,"inside_china_land":false}},{"type":"Feature","geometry":{"type":"Polygon","coordinates":[[[121.86846676923076,30.101218753623186],[121.86969691304348,30.101218753623186],[121.86969691304348,30.101610857142855],[121.86846676923076,30.101610857142855],[121.86846676923076,30.101218753623186]]]},"properties":{"cluster_id":898,"lat":30.101218753623183,"lon":121.86969691304348,"count":9,"dwell_minutes":3778.8833333333328,"center_method":"duration_weighted_stop_medoid","type":"berth","distance_to_coast":2043.3087340443783,"inside_china_land":false}},{"type":"Feature","geometry":{"type":"Polygon","coordinates":[[[113.90249437499999,22.4681232],[113.90281285,22.4681232],[113.90281285,22.468429875],[113.90249437499999,22.468429875],[113.90249437499999,22.4681232]]]},"properties":{"cluster_id":899,"lat":22.468234925,"lon":113.902494375,"count":3,"dwell_minutes":2363.6833333333334,"center_method":"duration_weighted_stop_medoid","type":"berth","distance_to_coast":10.333236782774172,"inside_china_land":false}},{"type":"Feature","geometry":{"type":"Polygon","coordinates":[[[109.55088599999999,21.47956510204082],[109.5509163877551,21.47956510204082],[109.5509163877551,21.479598956043954],[109.55088599999999,21.479598956043954],[109.55088599999999,21.47956510204082]]]},"properties":{"cluster_id":900,"lat":21.47959895604395,"lon":109.55090008791208,"count":3,"dwell_minutes":4224.016666666666,"center_method":"duration_weighted_stop_medoid","type":"berth","distance_to_coast":2650.7221327613424,"inside_china_land":false}},{"type":"Feature","geometry":{"type":"Polygon","coordinates":[[[118.96534534513275,25.209334263157896],[118.96687294736842,25.209334263157896],[118.96687294736842,25.21002628318584],[118.96534534513275,25.21002628318584],[118.96534534513275,25.209334263157896]]]},"properties":{"cluster_id":901,"lat":25.2099438989899,"lon":118.96574332323232,"count":7,"dwell_minutes":11809.166666666668,"center_method":"duration_weighted_stop_medoid","type":"berth","distance_to_coast":2010.4828121808664,"inside_china_land":false}},{"type":"Feature","geometry":{"type":"Polygon","coordinates":[[[116.527943,22.980895333333333],[116.52920019999999,22.980895333333333],[116.52920019999999,22.982513444444447],[116.527943,22.982513444444447],[116.527943,22.980895333333333]]]},"properties":{"cluster_id":902,"lat":22.982381347826088,"lon":116.5288985652174,"count":5,"dwell_minutes":1831.4166666666667,"center_method":"duration_weighted_stop_medoid","type":"berth","distance_to_coast":969.5410509819736,"inside_china_land":false}},{"type":"Feature","geometry":{"type":"Polygon","coordinates":[[[108.3287951923077,21.613945708333333],[108.32882306849315,21.613945708333333],[108.32882306849315,21.61398183561644],[108.3287951923077,21.61398183561644],[108.3287951923077,21.613945708333333]]]},"properties":{"cluster_id":903,"lat":21.61397947826087,"lon":108.3288145652174,"count":5,"dwell_minutes":4836.216666666666,"center_method":"duration_weighted_stop_medoid","type":"berth","distance_to_coast":1670.1042827263343,"inside_china_land":false}},{"type":"Feature","geometry":{"type":"Polygon","coordinates":[[[120.95287293333332,31.805881833333334],[120.9530435,31.805881833333334],[120.9530435,31.80604406666667],[120.95287293333332,31.80604406666667],[120.95287293333332,31.805881833333334]]]},"properties":{"cluster_id":904,"lat":31.805973931034483,"lon":120.95293944827588,"count":5,"dwell_minutes":1705.7833333333333,"center_method":"duration_weighted_stop_medoid","type":"berth","distance_to_coast":2173.71588886771,"inside_china_land":false}},{"type":"Feature","geometry":{"type":"Polygon","coordinates":[[[122.088979,40.28892140000001],[122.08914466666666,40.28892140000001],[122.08914466666666,40.2890725],[122.088979,40.2890725],[122.088979,40.28892140000001]]]},"properties":{"cluster_id":905,"lat":40.28900152380952,"lon":122.08907133333337,"count":5,"dwell_minutes":2034.5,"center_method":"duration_weighted_stop_medoid","type":"berth","distance_to_coast":2158.188260110655,"inside_china_land":false}},{"type":"Feature","geometry":{"type":"Polygon","coordinates":[[[111.06781172727273,21.481893722891567],[111.06845042857142,21.481893722891567],[111.06845042857142,21.482236636363638],[111.06781172727273,21.482236636363638],[111.06781172727273,21.481893722891567]]]},"properties":{"cluster_id":906,"lat":21.481893722891567,"lon":111.06840550602408,"count":3,"dwell_minutes":3494.583333333333,"center_method":"duration_weighted_stop_medoid","type":"berth","distance_to_coast":718.7643988207788,"inside_china_land":false}},{"type":"Feature","geometry":{"type":"Polygon","coordinates":[[[108.38536584558824,21.597467352941177],[108.38558727272726,21.597467352941177],[108.38558727272726,21.597732083333334],[108.38536584558824,21.597732083333334],[108.38536584558824,21.597467352941177]]]},"properties":{"cluster_id":909,"lat":21.59768227586207,"lon":108.38554118965516,"count":6,"dwell_minutes":10576.833333333334,"center_method":"duration_weighted_stop_medoid","type":"berth","distance_to_coast":631.4032091997852,"inside_china_land":false}},{"type":"Feature","geometry":{"type":"Polygon","coordinates":[[[118.99402366037735,39.20900905660377],[118.99469777777777,39.20900905660377],[118.99469777777777,39.210018444444444],[118.99402366037735,39.210018444444444],[118.99402366037735,39.20900905660377]]]},"properties":{"cluster_id":911,"lat":39.209190740585775,"lon":118.99403028451884,"count":4,"dwell_minutes":5116.316666666667,"center_method":"duration_weighted_stop_medoid","type":"berth","distance_to_coast":3517.762674630297,"inside_china_land":true}},{"type":"Feature","geometry":{"type":"Polygon","coordinates":[[[108.38371071428571,21.595191157142857],[108.38375657894736,21.595191157142857],[108.38375657894736,21.595213789473682],[108.38371071428571,21.595213789473682],[108.38371071428571,21.595191157142857]]]},"properties":{"cluster_id":912,"lat":21.595191157142857,"lon":108.38371071428573,"count":4,"dwell_minutes":9128.75,"center_method":"duration_weighted_stop_medoid","type":"berth","distance_to_coast":769.1786662106065,"inside_china_land":false}},{"type":"Feature","geometry":{"type":"Polygon","coordinates":[[[108.63471316666666,21.690902485714286],[108.6355391443299,21.690902485714286],[108.6355391443299,21.698984103092783],[108.63471316666666,21.698984103092783],[108.63471316666666,21.690902485714286]]]},"properties":{"cluster_id":914,"lat":21.697595391304347,"lon":108.63536704347824,"count":15,"dwell_minutes":18204.666666666664,"center_method":"duration_weighted_stop_medoid","type":"berth","distance_to_coast":3755.981564512957,"inside_china_land":false}},{"type":"Feature","geometry":{"type":"Polygon","coordinates":[[[118.36178656603774,39.03978575],[118.36417959999999,39.03978575],[118.36417959999999,39.04172826470588],[118.36178656603774,39.04172826470588],[118.36178656603774,39.03978575]]]},"properties":{"cluster_id":915,"lat":39.0404225,"lon":118.3623245,"count":37,"dwell_minutes":52399.15,"center_method":"duration_weighted_stop_medoid","type":"berth","distance_to_coast":297.6041523367422,"inside_china_land":false}},{"type":"Feature","geometry":{"type":"Polygon","coordinates":[[[118.3602716875,39.04009408870967],[118.36033378512397,39.04009408870967],[118.36033378512397,39.04011776033058],[118.3602716875,39.04011776033058],[118.3602716875,39.04009408870967]]]},"properties":{"cluster_id":916,"lat":39.040096933014354,"lon":118.36028426634768,"count":13,"dwell_minutes":82120.11666666667,"center_method":"duration_weighted_stop_medoid","type":"berth","distance_to_coast":192.25417515190168,"inside_china_land":false}},{"type":"Feature","geometry":{"type":"Polygon","coordinates":[[[121.6565333,31.361292705882352],[121.65692070588236,31.361292705882352],[121.65692070588236,31.3623529],[121.6565333,31.3623529],[121.6565333,31.361292705882352]]]},"properties":{"cluster_id":917,"lat":31.361292705882352,"lon":121.65692070588236,"count":2,"dwell_minutes":656.6666666666667,"center_method":"duration_weighted_stop_medoid","type":"berth","distance_to_coast":3625.8868727713784,"inside_china_land":false}},{"type":"Feature","geometry":{"type":"Polygon","coordinates":[[[108.32870182352941,21.5916862605042],[108.33019109243698,21.5916862605042],[108.33019109243698,21.595939794117648],[108.32870182352941,21.595939794117648],[108.32870182352941,21.5916862605042]]]},"properties":{"cluster_id":918,"lat":21.595096032786888,"lon":108.32880821311475,"count":6,"dwell_minutes":15607.6,"center_method":"duration_weighted_stop_medoid","type":"berth","distance_to_coast":1791.0169765537016,"inside_china_land":false}},{"type":"Feature","geometry":{"type":"Polygon","coordinates":[[[120.22200616666666,37.67157119354838],[120.22264177419355,37.67157119354838],[120.22264177419355,37.67238038888889],[120.22200616666666,37.67238038888889],[120.22200616666666,37.67157119354838]]]},"properties":{"cluster_id":920,"lat":37.67238038888889,"lon":120.22200616666666,"count":2,"dwell_minutes":1990.0333333333333,"center_method":"duration_weighted_stop_medoid","type":"berth","distance_to_coast":938.7961266860572,"inside_china_land":false}},{"type":"Feature","geometry":{"type":"Polygon","coordinates":[[[119.67606031578948,39.9269388],[119.67642492499999,39.9269388],[119.67642492499999,39.92739185],[119.67606031578948,39.92739185],[119.67606031578948,39.9269388]]]},"properties":{"cluster_id":921,"lat":39.92718658333333,"lon":119.67634175,"count":20,"dwell_minutes":23193.499999999996,"center_method":"duration_weighted_stop_medoid","type":"berth","distance_to_coast":903.0271046604856,"inside_china_land":false}},{"type":"Feature","geometry":{"type":"Polygon","coordinates":[[[119.94739355555556,37.41363533333333],[119.95174017857143,37.41363533333333],[119.95174017857143,37.4140925],[119.94739355555556,37.4140925],[119.94739355555556,37.41363533333333]]]},"properties":{"cluster_id":922,"lat":37.413693,"lon":119.95016912962964,"count":21,"dwell_minutes":12338.616666666663,"center_method":"duration_weighted_stop_medoid","type":"berth","distance_to_coast":2256.459125808099,"inside_china_land":false}},{"type":"Feature","geometry":{"type":"Polygon","coordinates":[[[120.30879551515152,37.66421533333334],[120.30882566666666,37.66421533333334],[120.30882566666666,37.66428811111111],[120.30879551515152,37.66428811111111],[120.30879551515152,37.66421533333334]]]},"properties":{"cluster_id":923,"lat":37.66421533333334,"lon":120.30879551515152,"count":2,"dwell_minutes":1356.45,"center_method":"duration_weighted_stop_medoid","type":"berth","distance_to_coast":198.20509020155316,"inside_china_land":true}},{"type":"Feature","geometry":{"type":"Polygon","coordinates":[[[120.3076624736842,37.66039594736842],[120.30810813253011,37.66039594736842],[120.30810813253011,37.660723843373496],[120.3076624736842,37.660723843373496],[120.3076624736842,37.66039594736842]]]},"properties":{"cluster_id":924,"lat":37.66052137719298,"lon":120.30788920175438,"count":4,"dwell_minutes":7209.083333333334,"center_method":"duration_weighted_stop_medoid","type":"berth","distance_to_coast":84.14425196072968,"inside_china_land":false}},{"type":"Feature","geometry":{"type":"Polygon","coordinates":[[[115.92831433333333,22.782456410958904],[115.92834553424657,22.782456410958904],[115.92834553424657,22.782494749999998],[115.92831433333333,22.782494749999998],[115.92831433333333,22.782456410958904]]]},"properties":{"cluster_id":927,"lat":22.782456410958904,"lon":115.92834553424656,"count":3,"dwell_minutes":677.9833333333333,"center_method":"duration_weighted_stop_medoid","type":"berth","distance_to_coast":2140.5362858656285,"inside_china_land":false}},{"type":"Feature","geometry":{"type":"Polygon","coordinates":[[[113.573471,22.817221666666665],[113.57353261538462,22.817221666666665],[113.57353261538462,22.81747104255319],[113.573471,22.81747104255319],[113.573471,22.817221666666665]]]},"properties":{"cluster_id":928,"lat":22.81747104255319,"lon":113.5735284680851,"count":3,"dwell_minutes":1669.15,"center_method":"duration_weighted_stop_medoid","type":"berth","distance_to_coast":563.681267043906,"inside_china_land":true}},{"type":"Feature","geometry":{"type":"Polygon","coordinates":[[[113.21606789473684,21.926690052631578],[113.21754063636364,21.926690052631578],[113.21754063636364,21.928338121212118],[113.21606789473684,21.928338121212118],[113.21606789473684,21.926690052631578]]]},"properties":{"cluster_id":929,"lat":21.92770384313725,"lon":113.2168773627451,"count":4,"dwell_minutes":4713.0,"center_method":"duration_weighted_stop_medoid","type":"berth","distance_to_coast":1163.7070388888983,"inside_china_land":false}},{"type":"Feature","geometry":{"type":"Polygon","coordinates":[[[121.17707675,31.758547789473685],[121.17855133333332,31.758547789473685],[121.17855133333332,31.759570413793107],[121.17707675,31.759570413793107],[121.17707675,31.758547789473685]]]},"properties":{"cluster_id":930,"lat":31.759040166666665,"lon":121.17843616666666,"count":19,"dwell_minutes":14257.800000000005,"center_method":"duration_weighted_stop_medoid","type":"berth","distance_to_coast":2008.084783224073,"inside_china_land":false}},{"type":"Feature","geometry":{"type":"Polygon","coordinates":[[[121.37535872727273,30.984285454545454],[121.377084,30.984285454545454],[121.377084,30.985087153846152],[121.37535872727273,30.985087153846152],[121.37535872727273,30.984285454545454]]]},"properties":{"cluster_id":931,"lat":30.98486717777778,"lon":121.37679026666667,"count":33,"dwell_minutes":20496.866666666665,"center_method":"duration_weighted_stop_medoid","type":"berth","distance_to_coast":27429.024595323808,"inside_china_land":true}},{"type":"Feature","geometry":{"type":"Polygon","coordinates":[[[121.60929328,31.3882273],[121.60937329999999,31.3882273],[121.60937329999999,31.388457119999998],[121.60929328,31.388457119999998],[121.60929328,31.3882273]]]},"properties":{"cluster_id":932,"lat":31.38845712,"lon":121.60929328,"count":2,"dwell_minutes":815.65,"center_method":"duration_weighted_stop_medoid","type":"berth","distance_to_coast":3711.4430275375535,"inside_china_land":false}},{"type":"Feature","geometry":{"type":"Polygon","coordinates":[[[119.253328625,32.2372005625],[119.25334349275363,32.2372005625],[119.25334349275363,32.23725969139466],[119.253328625,32.23725969139466],[119.253328625,32.2372005625]]]},"properties":{"cluster_id":934,"lat":32.237251372340424,"lon":119.25333438297872,"count":7,"dwell_minutes":37769.26666666667,"center_method":"duration_weighted_stop_medoid","type":"berth","distance_to_coast":39620.897104160016,"inside_china_land":true}},{"type":"Feature","geometry":{"type":"Polygon","coordinates":[[[119.6866975,32.242008049999995],[119.6871135375,32.242008049999995],[119.6871135375,32.2426862625],[119.6866975,32.2426862625],[119.6866975,32.242008049999995]]]},"properties":{"cluster_id":935,"lat":32.2426862625,"lon":119.6871135375,"count":2,"dwell_minutes":2713.9166666666665,"center_method":"duration_weighted_stop_medoid","type":"berth","distance_to_coast":1035.629634107814,"inside_china_land":false}},{"type":"Feature","geometry":{"type":"Polygon","coordinates":[[[116.77653894444444,23.220851555555555],[116.77657593333333,23.220851555555555],[116.77657593333333,23.2216904],[116.77653894444444,23.2216904],[116.77653894444444,23.220851555555555]]]},"properties":{"cluster_id":936,"lat":23.22153091111111,"lon":116.77657593333332,"count":4,"dwell_minutes":3015.4,"center_method":"duration_weighted_stop_medoid","type":"berth","distance_to_coast":379.3322706771227,"inside_china_land":true}},{"type":"Feature","geometry":{"type":"Polygon","coordinates":[[[118.46405810000002,31.756825900000003],[118.46512348888888,31.756825900000003],[118.46512348888888,31.757605222222224],[118.46405810000002,31.757605222222224],[118.46405810000002,31.756825900000003]]]},"properties":{"cluster_id":938,"lat":31.75756332142857,"lon":118.46497951785716,"count":3,"dwell_minutes":3364.283333333333,"center_method":"duration_weighted_stop_medoid","type":"berth","distance_to_coast":139497.27654163257,"inside_china_land":true}},{"type":"Feature","geometry":{"type":"Polygon","coordinates":[[[121.99944242857143,29.890933904761905],[122.000798375,29.890933904761905],[122.000798375,29.892259875],[121.99944242857143,29.892259875],[121.99944242857143,29.890933904761905]]]},"properties":{"cluster_id":941,"lat":29.89222595073892,"lon":122.00076961083744,"count":6,"dwell_minutes":12004.516666666666,"center_method":"duration_weighted_stop_medoid","type":"berth","distance_to_coast":345.02192650602655,"inside_china_land":false}},{"type":"Feature","geometry":{"type":"Polygon","coordinates":[[[120.84194953191489,37.822014095238096],[120.84456504761904,37.822014095238096],[120.84456504761904,37.82266008510638],[120.84194953191489,37.82266008510638],[120.84194953191489,37.822014095238096]]]},"properties":{"cluster_id":942,"lat":37.82259442857143,"lon":120.84291257142856,"count":10,"dwell_minutes":11341.9,"center_method":"duration_weighted_stop_medoid","type":"berth","distance_to_coast":714.6731628088048,"inside_china_land":false}},{"type":"Feature","geometry":{"type":"Polygon","coordinates":[[[121.1933142857143,31.75188776],[121.1935472,31.75188776],[121.1935472,31.75264957142857],[121.1933142857143,31.75264957142857],[121.1933142857143,31.75188776]]]},"properties":{"cluster_id":943,"lat":31.752374384615383,"lon":121.19343384615384,"count":5,"dwell_minutes":2204.0833333333335,"center_method":"duration_weighted_stop_medoid","type":"berth","distance_to_coast":1370.9370797714978,"inside_china_land":false}},{"type":"Feature","geometry":{"type":"Polygon","coordinates":[[[120.13640290909092,31.929886155555554],[120.13784590196079,31.929886155555554],[120.13784590196079,31.930186090909093],[120.13640290909092,31.930186090909093],[120.13640290909092,31.929886155555554]]]},"properties":{"cluster_id":944,"lat":31.93011437254902,"lon":120.13673464705882,"count":4,"dwell_minutes":5727.466666666667,"center_method":"duration_weighted_stop_medoid","type":"berth","distance_to_coast":1587.6813916918886,"inside_china_land":false}},{"type":"Feature","geometry":{"type":"Polygon","coordinates":[[[118.54877404999999,39.109464826086956],[118.55170343478261,39.109464826086956],[118.55170343478261,39.11060514285714],[118.54877404999999,39.11060514285714],[118.54877404999999,39.109464826086956]]]},"properties":{"cluster_id":945,"lat":39.11039588,"lon":118.54902384,"count":17,"dwell_minutes":25934.416666666668,"center_method":"duration_weighted_stop_medoid","type":"berth","distance_to_coast":3013.4408071902258,"inside_china_land":false}},{"type":"Feature","geometry":{"type":"Polygon","coordinates":[[[120.32443745454545,36.099367125],[120.324930125,36.099367125],[120.324930125,36.10041833333334],[120.32443745454545,36.10041833333334],[120.32443745454545,36.099367125]]]},"properties":{"cluster_id":946,"lat":36.10033340540541,"lon":120.32458981081082,"count":7,"dwell_minutes":8379.449999999999,"center_method":"duration_weighted_stop_medoid","type":"berth","distance_to_coast":1275.1010426131154,"inside_china_land":true}},{"type":"Feature","geometry":{"type":"Polygon","coordinates":[[[119.34919989130434,32.193693260869566],[119.3518412,32.193693260869566],[119.3518412,32.19454313333333],[119.34919989130434,32.19454313333333],[119.34919989130434,32.193693260869566]]]},"properties":{"cluster_id":954,"lat":32.19391527333333,"lon":119.34960502,"count":11,"dwell_minutes":9895.716666666664,"center_method":"duration_weighted_stop_medoid","type":"berth","distance_to_coast":28549.96344342937,"inside_china_land":true}},{"type":"Feature","geometry":{"type":"Polygon","coordinates":[[[119.670195,26.46831575],[119.670715375,26.46831575],[119.670715375,26.469919875],[119.670195,26.469919875],[119.670195,26.46831575]]]},"properties":{"cluster_id":955,"lat":26.469349799999996,"lon":119.6705948,"count":3,"dwell_minutes":325.2833333333333,"center_method":"duration_weighted_stop_medoid","type":"berth","distance_to_coast":1058.4663606810036,"inside_china_land":false}},{"type":"Feature","geometry":{"type":"Polygon","coordinates":[[[113.56508060000002,22.902244000000003],[113.5663086,22.902244000000003],[113.5663086,22.9023038],[113.56508060000002,22.9023038],[113.56508060000002,22.902244000000003]]]},"properties":{"cluster_id":957,"lat":22.902244000000003,"lon":113.56508060000002,"count":2,"dwell_minutes":379.66666666666663,"center_method":"duration_weighted_stop_medoid","type":"berth","distance_to_coast":1280.3734649117582,"inside_china_land":false}},{"type":"Feature","geometry":{"type":"Polygon","coordinates":[[[108.584988625,21.71827812962963],[108.58553746296296,21.71827812962963],[108.58553746296296,21.7191035],[108.584988625,21.7191035],[108.584988625,21.71827812962963]]]},"properties":{"cluster_id":958,"lat":21.7187622987013,"lon":108.58509976623375,"count":5,"dwell_minutes":4828.216666666666,"center_method":"duration_weighted_stop_medoid","type":"berth","distance_to_coast":2771.387876867058,"inside_china_land":false}},{"type":"Feature","geometry":{"type":"Polygon","coordinates":[[[114.55932288888887,22.695475333333334],[114.56306127777778,22.695475333333334],[114.56306127777778,22.695900599999998],[114.55932288888887,22.695900599999998],[114.55932288888887,22.695475333333334]]]},"properties":{"cluster_id":959,"lat":22.695742027272725,"lon":114.56135657272728,"count":30,"dwell_minutes":24603.683333333334,"center_method":"duration_weighted_stop_medoid","type":"berth","distance_to_coast":280.0643977842146,"inside_china_land":false}},{"type":"Feature","geometry":{"type":"Polygon","coordinates":[[[120.21245950000001,31.943099],[120.21398615384615,31.943099],[120.21398615384615,31.94325634210526],[120.21245950000001,31.94325634210526],[120.21245950000001,31.943099]]]},"properties":{"cluster_id":960,"lat":31.943251605263157,"lon":120.21376939473684,"count":11,"dwell_minutes":12719.366666666669,"center_method":"duration_weighted_stop_medoid","type":"berth","distance_to_coast":846.1605792996958,"inside_china_land":true}},{"type":"Feature","geometry":{"type":"Polygon","coordinates":[[[121.04484910869566,40.80008525757576],[121.04507648780486,40.80008525757576],[121.04507648780486,40.80022666666667],[121.04484910869566,40.80022666666667],[121.04484910869566,40.80008525757576]]]},"properties":{"cluster_id":961,"lat":40.800167468253974,"lon":121.04493011904762,"count":7,"dwell_minutes":10893.566666666668,"center_method":"duration_weighted_stop_medoid","type":"berth","distance_to_coast":381.0805328241552,"inside_china_land":false}},{"type":"Feature","geometry":{"type":"Polygon","coordinates":[[[120.60324582269503,32.0180925],[120.6042052,32.0180925],[120.6042052,32.01872189361702],[120.60324582269503,32.01872189361702],[120.60324582269503,32.0180925]]]},"properties":{"cluster_id":963,"lat":32.018449972972974,"lon":120.60370912837838,"count":6,"dwell_minutes":9414.05,"center_method":"duration_weighted_stop_medoid","type":"berth","distance_to_coast":3301.0979385169253,"inside_china_land":false}},{"type":"Feature","geometry":{"type":"Polygon","coordinates":[[[119.59279973622047,32.18541651574803],[119.59284690425531,32.18541651574803],[119.59284690425531,32.18550809574468],[119.59279973622047,32.18550809574468],[119.59279973622047,32.18541651574803]]]},"properties":{"cluster_id":968,"lat":32.18541651574803,"lon":119.59279973622048,"count":2,"dwell_minutes":9924.983333333334,"center_method":"duration_weighted_stop_medoid","type":"berth","distance_to_coast":2113.6453666236557,"inside_china_land":true}},{"type":"Feature","geometry":{"type":"Polygon","coordinates":[[[121.75479070000002,31.2856124],[121.7552216,31.2856124],[121.7552216,31.286116],[121.75479070000002,31.286116],[121.75479070000002,31.2856124]]]},"properties":{"cluster_id":969,"lat":31.2856124,"lon":121.75479070000002,"count":2,"dwell_minutes":331.48333333333335,"center_method":"duration_weighted_stop_medoid","type":"berth","distance_to_coast":3036.9452520047316,"inside_china_land":false}},{"type":"Feature","geometry":{"type":"Polygon","coordinates":[[[121.3606135,30.98292190909091],[121.36067281818183,30.98292190909091],[121.36067281818183,30.983082000000003],[121.3606135,30.983082000000003],[121.3606135,30.98292190909091]]]},"properties":{"cluster_id":970,"lat":30.9830705,"lon":121.36064666666664,"count":4,"dwell_minutes":638.35,"center_method":"duration_weighted_stop_medoid","type":"berth","distance_to_coast":27985.53223549645,"inside_china_land":true}},{"type":"Feature","geometry":{"type":"Polygon","coordinates":[[[121.4481065,31.0075075],[121.449534125,31.0075075],[121.449534125,31.008236750000002],[121.4481065,31.008236750000002],[121.4481065,31.0075075]]]},"properties":{"cluster_id":971,"lat":31.007809428571427,"lon":121.4491935164835,"count":73,"dwell_minutes":37649.75,"center_method":"duration_weighted_stop_medoid","type":"berth","distance_to_coast":26927.33233443108,"inside_china_land":true}},{"type":"Feature","geometry":{"type":"Polygon","coordinates":[[[121.70916883333332,31.339697714285712],[121.71043999999999,31.339697714285712],[121.71043999999999,31.340207666666668],[121.70916883333332,31.340207666666668],[121.70916883333332,31.339697714285712]]]},"properties":{"cluster_id":972,"lat":31.339697714285712,"lon":121.70930942857142,"count":3,"dwell_minutes":279.8,"center_method":"duration_weighted_stop_medoid","type":"berth","distance_to_coast":2531.905430779079,"inside_china_land":false}},{"type":"Feature","geometry":{"type":"Polygon","coordinates":[[[121.75457324999999,31.27809725],[121.754931875,31.27809725],[121.754931875,31.278826],[121.75457324999999,31.278826],[121.75457324999999,31.27809725]]]},"properties":{"cluster_id":973,"lat":31.278826,"lon":121.754931875,"count":2,"dwell_minutes":288.2833333333333,"center_method":"duration_weighted_stop_medoid","type":"berth","distance_to_coast":2559.968033504523,"inside_china_land":false}},{"type":"Feature","geometry":{"type":"Polygon","coordinates":[[[121.42828239999999,31.001730200000004],[121.4297505,31.001730200000004],[121.4297505,31.002179153846154],[121.42828239999999,31.002179153846154],[121.42828239999999,31.001730200000004]]]},"properties":{"cluster_id":974,"lat":31.002073476190475,"lon":121.42959152380952,"count":28,"dwell_minutes":14059.799999999996,"center_method":"duration_weighted_stop_medoid","type":"berth","distance_to_coast":27102.52546377045,"inside_china_land":true}},{"type":"Feature","geometry":{"type":"Polygon","coordinates":[[[121.18079116666667,31.757584322580644],[121.18164623809523,31.757584322580644],[121.18164623809523,31.758976080000004],[121.18079116666667,31.758976080000004],[121.18079116666667,31.757584322580644]]]},"properties":{"cluster_id":975,"lat":31.757696950000003,"lon":121.181046925,"count":10,"dwell_minutes":32551.316666666666,"center_method":"duration_weighted_stop_medoid","type":"berth","distance_to_coast":1913.389739255053,"inside_china_land":false}},{"type":"Feature","geometry":{"type":"Polygon","coordinates":[[[121.46752564814815,31.069959416666666],[121.46815999999998,31.069959416666666],[121.46815999999998,31.071307037037037],[121.46752564814815,31.071307037037037],[121.46752564814815,31.069959416666666]]]},"properties":{"cluster_id":976,"lat":31.070131842105265,"lon":121.46786197368422,"count":12,"dwell_minutes":6699.183333333334,"center_method":"duration_weighted_stop_medoid","type":"berth","distance_to_coast":33962.5292110736,"inside_china_land":true}},{"type":"Feature","geometry":{"type":"Polygon","coordinates":[[[121.4685014,31.06806396],[121.46878325,31.06806396],[121.46878325,31.068603000000003],[121.4685014,31.068603000000003],[121.4685014,31.06806396]]]},"properties":{"cluster_id":978,"lat":31.06806396,"lon":121.46854564000002,"count":3,"dwell_minutes":1154.7833333333333,"center_method":"duration_weighted_stop_medoid","type":"berth","distance_to_coast":33683.25277510063,"inside_china_land":true}},{"type":"Feature","geometry":{"type":"Polygon","coordinates":[[[121.95128491666667,30.110757875],[121.9528944,30.110757875],[121.9528944,30.111043666666664],[121.95128491666667,30.111043666666664],[121.95128491666667,30.110757875]]]},"properties":{"cluster_id":981,"lat":30.110911555555553,"lon":121.95258688888887,"count":21,"dwell_minutes":13006.083333333336,"center_method":"duration_weighted_stop_medoid","type":"berth","distance_to_coast":2342.100803646189,"inside_china_land":false}},{"type":"Feature","geometry":{"type":"Polygon","coordinates":[[[121.94219746666666,29.635376977777778],[121.942776229927,29.635376977777778],[121.942776229927,29.636891000000002],[121.94219746666666,29.636891000000002],[121.94219746666666,29.635376977777778]]]},"properties":{"cluster_id":982,"lat":29.63666115328467,"lon":121.942776229927,"count":12,"dwell_minutes":20727.68333333333,"center_method":"duration_weighted_stop_medoid","type":"berth","distance_to_coast":1637.0860331491397,"inside_china_land":false}},{"type":"Feature","geometry":{"type":"Polygon","coordinates":[[[119.7793854423077,26.393039692307692],[119.77981706779661,26.393039692307692],[119.77981706779661,26.39332359322034],[119.7793854423077,26.39332359322034],[119.7793854423077,26.393039692307692]]]},"properties":{"cluster_id":984,"lat":26.39318046551724,"lon":119.77964493103448,"count":6,"dwell_minutes":6562.666666666666,"center_method":"duration_weighted_stop_medoid","type":"berth","distance_to_coast":727.6131196861966,"inside_china_land":false}},{"type":"Feature","geometry":{"type":"Polygon","coordinates":[[[119.41531565079364,34.748665714285714],[119.41546800000002,34.748665714285714],[119.41546800000002,34.749029916666665],[119.41531565079364,34.749029916666665],[119.41531565079364,34.748665714285714]]]},"properties":{"cluster_id":988,"lat":34.7488493125,"lon":119.4153763125,"count":11,"dwell_minutes":10330.133333333331,"center_method":"duration_weighted_stop_medoid","type":"berth","distance_to_coast":224.94577667297204,"inside_china_land":true}},{"type":"Feature","geometry":{"type":"Polygon","coordinates":[[[114.58655900000001,22.70782807692308],[114.58656325,22.70782807692308],[114.58656325,22.707838416666664],[114.58655900000001,22.707838416666664],[114.58655900000001,22.70782807692308]]]},"properties":{"cluster_id":989,"lat":22.70782807692308,"lon":114.586559,"count":2,"dwell_minutes":711.0,"center_method":"duration_weighted_stop_medoid","type":"berth","distance_to_coast":1843.3926060871704,"inside_china_land":false}},{"type":"Feature","geometry":{"type":"Polygon","coordinates":[[[121.66392238311688,29.516053555555555],[121.66406061864406,29.516053555555555],[121.66406061864406,29.516159272727272],[121.66392238311688,29.516159272727272],[121.66392238311688,29.516053555555555]]]},"properties":{"cluster_id":990,"lat":29.51608548701299,"lon":121.66392238311688,"count":8,"dwell_minutes":11926.483333333334,"center_method":"duration_weighted_stop_medoid","type":"berth","distance_to_coast":1207.8022895680415,"inside_china_land":false}},{"type":"Feature","geometry":{"type":"Polygon","coordinates":[[[108.32709533333333,21.60739408],[108.3272318,21.60739408],[108.3272318,21.608100125],[108.32709533333333,21.608100125],[108.32709533333333,21.60739408]]]},"properties":{"cluster_id":991,"lat":21.607451902439024,"lon":108.32716129268292,"count":9,"dwell_minutes":8005.116666666666,"center_method":"duration_weighted_stop_medoid","type":"berth","distance_to_coast":1791.804950077839,"inside_china_land":false}},{"type":"Feature","geometry":{"type":"Polygon","coordinates":[[[109.58908516666666,21.583661],[109.59005533333334,21.583661],[109.59005533333334,21.58409809090909],[109.58908516666666,21.58409809090909],[109.58908516666666,21.583661]]]},"properties":{"cluster_id":996,"lat":21.583661,"lon":109.58908516666666,"count":3,"dwell_minutes":840.95,"center_method":"duration_weighted_stop_medoid","type":"berth","distance_to_coast":1831.4159938609769,"inside_china_land":false}},{"type":"Feature","geometry":{"type":"Polygon","coordinates":[[[122.093623,40.28269918181818],[122.09404678723405,40.28269918181818],[122.09404678723405,40.28317981415929],[122.093623,40.28317981415929],[122.093623,40.28269918181818]]]},"properties":{"cluster_id":998,"lat":40.28309611666667,"lon":122.09403541666669,"count":4,"dwell_minutes":7800.95,"center_method":"duration_weighted_stop_medoid","type":"berth","distance_to_coast":1577.0517656091886,"inside_china_land":false}},{"type":"Feature","geometry":{"type":"Polygon","coordinates":[[[121.59715212195123,31.366621867346936],[121.59723686734694,31.366621867346936],[121.59723686734694,31.36664787804878],[121.59715212195123,31.36664787804878],[121.59715212195123,31.366621867346936]]]},"properties":{"cluster_id":999,"lat":31.366621867346936,"lon":121.59723686734694,"count":2,"dwell_minutes":3872.133333333333,"center_method":"duration_weighted_stop_medoid","type":"berth","distance_to_coast":2243.267837445683,"inside_china_land":false}},{"type":"Feature","geometry":{"type":"Polygon","coordinates":[[[119.71784117391304,26.779762083333335],[119.71842845833334,26.779762083333335],[119.71842845833334,26.7806705],[119.71784117391304,26.7806705],[119.71784117391304,26.779762083333335]]]},"properties":{"cluster_id":1000,"lat":26.780596454545456,"lon":119.71788615909092,"count":4,"dwell_minutes":3690.833333333333,"center_method":"duration_weighted_stop_medoid","type":"berth","distance_to_coast":1066.8958354892206,"inside_china_land":false}},{"type":"Feature","geometry":{"type":"Polygon","coordinates":[[[120.67578070370371,27.490000548387098],[120.67585385,27.490000548387098],[120.67585385,27.490031962962963],[120.67578070370371,27.490031962962963],[120.67578070370371,27.490000548387098]]]},"properties":{"cluster_id":1002,"lat":27.490019823529412,"lon":120.67584141176472,"count":4,"dwell_minutes":3309.9500000000003,"center_method":"duration_weighted_stop_medoid","type":"berth","distance_to_coast":296.13100772775147,"inside_china_land":true}},{"type":"Feature","geometry":{"type":"Polygon","coordinates":[[[120.12858639999999,31.945797399999996],[120.12924014285714,31.945797399999996],[120.12924014285714,31.946121285714288],[120.12858639999999,31.946121285714288],[120.12858639999999,31.945797399999996]]]},"properties":{"cluster_id":1003,"lat":31.946121285714288,"lon":120.12924014285714,"count":2,"dwell_minutes":271.7,"center_method":"duration_weighted_stop_medoid","type":"berth","distance_to_coast":289.6396928337632,"inside_china_land":true}},{"type":"Feature","geometry":{"type":"Polygon","coordinates":[[[121.46883572368422,31.43132775],[121.47202675,31.43132775],[121.47202675,31.434415460526314],[121.46883572368422,31.434415460526314],[121.46883572368422,31.43132775]]]},"properties":{"cluster_id":1004,"lat":31.433826716666665,"lon":121.46976915,"count":15,"dwell_minutes":13061.666666666666,"center_method":"duration_weighted_stop_medoid","type":"berth","distance_to_coast":2191.3156103441192,"inside_china_land":false}},{"type":"Feature","geometry":{"type":"Polygon","coordinates":[[[122.07946706896551,40.30273721428572],[122.0814538961039,40.30273721428572],[122.0814538961039,40.305787571428574],[122.07946706896551,40.305787571428574],[122.07946706896551,40.30273721428572]]]},"properties":{"cluster_id":1005,"lat":40.30492807692307,"lon":122.08016534615383,"count":16,"dwell_minutes":16045.2,"center_method":"duration_weighted_stop_medoid","type":"berth","distance_to_coast":2952.528625654014,"inside_china_land":false}},{"type":"Feature","geometry":{"type":"Polygon","coordinates":[[[121.71375145454545,31.335266333333333],[121.7138945,31.335266333333333],[121.7138945,31.335364454545456],[121.71375145454545,31.335364454545456],[121.71375145454545,31.335266333333333]]]},"properties":{"cluster_id":1007,"lat":31.335364454545456,"lon":121.71375145454545,"count":2,"dwell_minutes":255.55,"center_method":"duration_weighted_stop_medoid","type":"berth","distance_to_coast":2573.2265152206637,"inside_china_land":false}},{"type":"Feature","geometry":{"type":"Polygon","coordinates":[[[121.62652654545454,31.37718525],[121.627399125,31.37718525],[121.627399125,31.377333909090908],[121.62652654545454,31.377333909090908],[121.62652654545454,31.37718525]]]},"properties":{"cluster_id":1009,"lat":31.37718525,"lon":121.627399125,"count":2,"dwell_minutes":665.7666666666667,"center_method":"duration_weighted_stop_medoid","type":"berth","distance_to_coast":3780.565214524525,"inside_china_land":false}},{"type":"Feature","geometry":{"type":"Polygon","coordinates":[[[124.15868864285714,39.825968571428575],[124.15899064705881,39.825968571428575],[124.15899064705881,39.82731088235295],[124.15868864285714,39.82731088235295],[124.15868864285714,39.825968571428575]]]},"properties":{"cluster_id":1011,"lat":39.82692955434783,"lon":124.15890820652172,"count":7,"dwell_minutes":16781.399999999998,"center_method":"duration_weighted_stop_medoid","type":"berth","distance_to_coast":3290.766913390635,"inside_china_land":false}},{"type":"Feature","geometry":{"type":"Polygon","coordinates":[[[119.60352668181818,26.13795931818182],[119.60449166666666,26.13795931818182],[119.60449166666666,26.138392333333332],[119.60352668181818,26.138392333333332],[119.60352668181818,26.13795931818182]]]},"properties":{"cluster_id":1012,"lat":26.138360499999997,"lon":119.60441135,"count":7,"dwell_minutes":7463.45,"center_method":"duration_weighted_stop_medoid","type":"berth","distance_to_coast":1053.5916738691392,"inside_china_land":false}},{"type":"Feature","geometry":{"type":"Polygon","coordinates":[[[118.49047075,39.08193627777778],[118.49208733333333,39.08193627777778],[118.49208733333333,39.08275166225165],[118.49047075,39.08275166225165],[118.49047075,39.08193627777778]]]},"properties":{"cluster_id":1014,"lat":39.08266307142857,"lon":118.49074498809524,"count":21,"dwell_minutes":26643.500000000004,"center_method":"duration_weighted_stop_medoid","type":"berth","distance_to_coast":2774.773611743459,"inside_china_land":false}},{"type":"Feature","geometry":{"type":"Polygon","coordinates":[[[118.93367592592593,24.839012750000002],[118.93373650000001,24.839012750000002],[118.93373650000001,24.839041037037035],[118.93367592592593,24.839041037037035],[118.93367592592593,24.839012750000002]]]},"properties":{"cluster_id":1015,"lat":24.839041037037035,"lon":118.93367592592593,"count":2,"dwell_minutes":638.05,"center_method":"duration_weighted_stop_medoid","type":"berth","distance_to_coast":3822.34867651775,"inside_china_land":false}},{"type":"Feature","geometry":{"type":"Polygon","coordinates":[[[118.93046675,24.837463],[118.93051881818182,24.837463],[118.93051881818182,24.837503454545455],[118.93046675,24.837503454545455],[118.93046675,24.837463]]]},"properties":{"cluster_id":1016,"lat":24.837503454545455,"lon":118.93051881818182,"count":2,"dwell_minutes":270.20000000000005,"center_method":"duration_weighted_stop_medoid","type":"berth","distance_to_coast":3999.438061978429,"inside_china_land":false}},{"type":"Feature","geometry":{"type":"Polygon","coordinates":[[[119.87088,26.2879826875],[119.8709750625,26.2879826875],[119.8709750625,26.288054250000002],[119.87088,26.288054250000002],[119.87088,26.2879826875]]]},"properties":{"cluster_id":1018,"lat":26.2879826875,"lon":119.8709750625,"count":2,"dwell_minutes":438.0333333333333,"center_method":"duration_weighted_stop_medoid","type":"berth","distance_to_coast":3235.203922414351,"inside_china_land":false}},{"type":"Feature","geometry":{"type":"Polygon","coordinates":[[[120.18863,35.99848988],[120.18874634375,35.99848988],[120.18874634375,35.998675750000004],[120.18863,35.998675750000004],[120.18863,35.99848988]]]},"properties":{"cluster_id":1019,"lat":35.9985031875,"lon":120.18874634375,"count":3,"dwell_minutes":2207.583333333333,"center_method":"duration_weighted_stop_medoid","type":"berth","distance_to_coast":1544.8974056979346,"inside_china_land":false}},{"type":"Feature","geometry":{"type":"Polygon","coordinates":[[[119.1740806,32.236470399999995],[119.17444259999999,32.236470399999995],[119.17444259999999,32.2366562],[119.1740806,32.2366562],[119.1740806,32.236470399999995]]]},"properties":{"cluster_id":1020,"lat":32.2366562,"lon":119.17423386666664,"count":3,"dwell_minutes":705.1,"center_method":"duration_weighted_stop_medoid","type":"berth","distance_to_coast":48352.85917840632,"inside_china_land":true}},{"type":"Feature","geometry":{"type":"Polygon","coordinates":[[[118.5303214,31.81881919512195],[118.53032384444444,31.81881919512195],[118.53032384444444,31.818882000000002],[118.5303214,31.818882000000002],[118.5303214,31.81881919512195]]]},"properties":{"cluster_id":1021,"lat":31.818855733333333,"lon":118.53032384444444,"count":3,"dwell_minutes":2408.65,"center_method":"duration_weighted_stop_medoid","type":"berth","distance_to_coast":129627.18294065673,"inside_china_land":true}},{"type":"Feature","geometry":{"type":"Polygon","coordinates":[[[113.38402612499999,22.222892166666668],[113.38447060000001,22.222892166666668],[113.38447060000001,22.2235565],[113.38402612499999,22.2235565],[113.38402612499999,22.222892166666668]]]},"properties":{"cluster_id":1022,"lat":22.222920625,"lon":113.384306625,"count":8,"dwell_minutes":2728.5499999999997,"center_method":"duration_weighted_stop_medoid","type":"berth","distance_to_coast":1326.656968175948,"inside_china_land":false}},{"type":"Feature","geometry":{"type":"Polygon","coordinates":[[[120.32609633333333,36.097159133333335],[120.3272354347826,36.097159133333335],[120.3272354347826,36.09780834782609],[120.32609633333333,36.09780834782609],[120.32609633333333,36.097159133333335]]]},"properties":{"cluster_id":1028,"lat":36.0977544375,"lon":120.32714115625,"count":13,"dwell_minutes":10010.25,"center_method":"duration_weighted_stop_medoid","type":"berth","distance_to_coast":1584.832620540871,"inside_china_land":true}},{"type":"Feature","geometry":{"type":"Polygon","coordinates":[[[121.851609,31.668476666666667],[121.8522854,31.668476666666667],[121.8522854,31.6684996],[121.851609,31.6684996],[121.851609,31.668476666666667]]]},"properties":{"cluster_id":1030,"lat":31.6684833,"lon":121.8519988,"count":4,"dwell_minutes":821.4666666666667,"center_method":"duration_weighted_stop_medoid","type":"berth","distance_to_coast":2916.5417435114123,"inside_china_land":false}},{"type":"Feature","geometry":{"type":"Polygon","coordinates":[[[120.871893375,36.374319],[120.87206325,36.374319],[120.87206325,36.37480175],[120.871893375,36.37480175],[120.871893375,36.374319]]]},"properties":{"cluster_id":1037,"lat":36.37479177777778,"lon":120.87205381481482,"count":4,"dwell_minutes":2940.8166666666666,"center_method":"duration_weighted_stop_medoid","type":"berth","distance_to_coast":551.7302428000578,"inside_china_land":false}},{"type":"Feature","geometry":{"type":"Polygon","coordinates":[[[118.88375985087718,24.86261594736842],[118.88384541666666,24.86261594736842],[118.88384541666666,24.86263574],[118.88375985087718,24.86263574],[118.88375985087718,24.86261594736842]]]},"properties":{"cluster_id":1038,"lat":24.86261594736842,"lon":118.88375985087718,"count":4,"dwell_minutes":5573.083333333333,"center_method":"duration_weighted_stop_medoid","type":"berth","distance_to_coast":2226.754141378039,"inside_china_land":false}},{"type":"Feature","geometry":{"type":"Polygon","coordinates":[[[121.82753338461538,31.68628553846154],[121.82753385185185,31.68628553846154],[121.82753385185185,31.68631014814815],[121.82753338461538,31.68631014814815],[121.82753338461538,31.68628553846154]]]},"properties":{"cluster_id":1039,"lat":31.68631014814815,"lon":121.82753385185184,"count":2,"dwell_minutes":1127.5166666666669,"center_method":"duration_weighted_stop_medoid","type":"berth","distance_to_coast":600.3649903760708,"inside_china_land":false}},{"type":"Feature","geometry":{"type":"Polygon","coordinates":[[[120.6376396517857,32.02286677272727],[120.6376468181818,32.02286677272727],[120.6376468181818,32.02286925892857],[120.6376396517857,32.02286925892857],[120.6376396517857,32.02286677272727]]]},"properties":{"cluster_id":1045,"lat":32.02286925892857,"lon":120.6376396517857,"count":2,"dwell_minutes":3955.2666666666664,"center_method":"duration_weighted_stop_medoid","type":"berth","distance_to_coast":3600.674252883665,"inside_china_land":false}},{"type":"Feature","geometry":{"type":"Polygon","coordinates":[[[120.53343242857143,32.003474142857144],[120.53384866666666,32.003474142857144],[120.53384866666666,32.004307000000004],[120.53343242857143,32.004307000000004],[120.53343242857143,32.003474142857144]]]},"properties":{"cluster_id":1049,"lat":32.004250545454546,"lon":120.53381952272728,"count":3,"dwell_minutes":1455.4666666666667,"center_method":"duration_weighted_stop_medoid","type":"berth","distance_to_coast":1161.7771270935746,"inside_china_land":true}},{"type":"Feature","geometry":{"type":"Polygon","coordinates":[[[122.39545899999999,30.396777285714286],[122.39561528571429,30.396777285714286],[122.39561528571429,30.396832571428572],[122.39545899999999,30.396832571428572],[122.39545899999999,30.396777285714286]]]},"properties":{"cluster_id":1052,"lat":30.396832571428572,"lon":122.395459,"count":2,"dwell_minutes":374.2,"center_method":"duration_weighted_stop_medoid","type":"berth","distance_to_coast":2974.084176466143,"inside_china_land":false}},{"type":"Feature","geometry":{"type":"Polygon","coordinates":[[[113.09975409090909,22.144666909090912],[113.10003745454546,22.144666909090912],[113.10003745454546,22.145222818181818],[113.09975409090909,22.145222818181818],[113.09975409090909,22.144666909090912]]]},"properties":{"cluster_id":1053,"lat":22.145222818181814,"lon":113.09975409090907,"count":2,"dwell_minutes":589.7166666666667,"center_method":"duration_weighted_stop_medoid","type":"berth","distance_to_coast":2065.969545775587,"inside_china_land":false}},{"type":"Feature","geometry":{"type":"Polygon","coordinates":[[[119.292425,32.19621156521739],[119.29428974999999,32.19621156521739],[119.29428974999999,32.19683907142857],[119.292425,32.19683907142857],[119.292425,32.19621156521739]]]},"properties":{"cluster_id":1054,"lat":32.19666581944445,"lon":119.293168,"count":9,"dwell_minutes":5115.95,"center_method":"duration_weighted_stop_medoid","type":"berth","distance_to_coast":34829.77310981273,"inside_china_land":true}},{"type":"Feature","geometry":{"type":"Polygon","coordinates":[[[122.14668814285713,30.247503266666666],[122.14673086666667,30.247503266666666],[122.14673086666667,30.24754442857143],[122.14668814285713,30.24754442857143],[122.14668814285713,30.247503266666666]]]},"properties":{"cluster_id":1055,"lat":30.247503266666666,"lon":122.14673086666669,"count":2,"dwell_minutes":1134.3333333333333,"center_method":"duration_weighted_stop_medoid","type":"berth","distance_to_coast":690.4661452691361,"inside_china_land":false}},{"type":"Feature","geometry":{"type":"Polygon","coordinates":[[[120.42791049514562,31.968428],[120.43010144186047,31.968428],[120.43010144186047,31.9688791627907],[120.42791049514562,31.9688791627907],[120.42791049514562,31.968428]]]},"properties":{"cluster_id":1056,"lat":31.968448505376347,"lon":120.4279304623656,"count":7,"dwell_minutes":10884.5,"center_method":"duration_weighted_stop_medoid","type":"berth","distance_to_coast":599.4019944013104,"inside_china_land":true}},{"type":"Feature","geometry":{"type":"Polygon","coordinates":[[[120.63149215151516,32.01262652873563],[120.63158848275862,32.01262652873563],[120.63158848275862,32.012725333333336],[120.63149215151516,32.012725333333336],[120.63149215151516,32.01262652873563]]]},"properties":{"cluster_id":1057,"lat":32.01262652873563,"lon":120.63158848275862,"count":3,"dwell_minutes":4084.25,"center_method":"duration_weighted_stop_medoid","type":"berth","distance_to_coast":2356.2743126740056,"inside_china_land":false}},{"type":"Feature","geometry":{"type":"Polygon","coordinates":[[[121.98964285333332,30.034464837606837],[121.99017093902438,30.034464837606837],[121.99017093902438,30.035095066666663],[121.98964285333332,30.035095066666663],[121.98964285333332,30.034464837606837]]]},"properties":{"cluster_id":1059,"lat":30.034635391752577,"lon":121.9896441030928,"count":13,"dwell_minutes":26887.499999999996,"center_method":"duration_weighted_stop_medoid","type":"berth","distance_to_coast":498.1579531634476,"inside_china_land":false}},{"type":"Feature","geometry":{"type":"Polygon","coordinates":[[[121.07287694736843,30.581908],[121.07323376811594,30.581908],[121.07323376811594,30.582089],[121.07287694736843,30.582089],[121.07287694736843,30.581908]]]},"properties":{"cluster_id":1060,"lat":30.58199258441558,"lon":121.07294518181818,"count":10,"dwell_minutes":15155.516666666668,"center_method":"duration_weighted_stop_medoid","type":"berth","distance_to_coast":473.1181230628989,"inside_china_land":false}},{"type":"Feature","geometry":{"type":"Polygon","coordinates":[[[120.31950347222222,36.09550512307692],[120.3201452,36.09550512307692],[120.3201452,36.09638436111111],[120.31950347222222,36.09638436111111],[120.31950347222222,36.09550512307692]]]},"properties":{"cluster_id":1061,"lat":36.09550512307692,"lon":120.3201452,"count":2,"dwell_minutes":4049.083333333333,"center_method":"duration_weighted_stop_medoid","type":"berth","distance_to_coast":831.3363290375999,"inside_china_land":true}},{"type":"Feature","geometry":{"type":"Polygon","coordinates":[[[118.03853074074074,38.09479424137931],[118.039728375,38.09479424137931],[118.039728375,38.096659370370375],[118.03853074074074,38.096659370370375],[118.03853074074074,38.09479424137931]]]},"properties":{"cluster_id":1062,"lat":38.095907905660376,"lon":118.03897337735847,"count":12,"dwell_minutes":10702.466666666667,"center_method":"duration_weighted_stop_medoid","type":"berth","distance_to_coast":7286.180088011691,"inside_china_land":true}},{"type":"Feature","geometry":{"type":"Polygon","coordinates":[[[118.04048083333333,38.059494],[118.04057107142856,38.059494],[118.04057107142856,38.05953528571428],[118.04048083333333,38.05953528571428],[118.04048083333333,38.059494]]]},"properties":{"cluster_id":1064,"lat":38.05951407692308,"lon":118.04054161538464,"count":3,"dwell_minutes":1161.9166666666667,"center_method":"duration_weighted_stop_medoid","type":"berth","distance_to_coast":12136.54757331838,"inside_china_land":true}},{"type":"Feature","geometry":{"type":"Polygon","coordinates":[[[118.36660998765431,39.040594641975304],[118.36661239330695,39.040594641975304],[118.36661239330695,39.040599419935226],[118.36660998765431,39.040599419935226],[118.36660998765431,39.040594641975304]]]},"properties":{"cluster_id":1065,"lat":39.040599419935226,"lon":118.36661239330697,"count":2,"dwell_minutes":79429.85,"center_method":"duration_weighted_stop_medoid","type":"berth","distance_to_coast":506.1024854181734,"inside_china_land":false}},{"type":"Feature","geometry":{"type":"Polygon","coordinates":[[[118.077423,38.178414000000004],[118.07899325,38.178414000000004],[118.07899325,38.180640833333335],[118.077423,38.180640833333335],[118.077423,38.178414000000004]]]},"properties":{"cluster_id":1066,"lat":38.179609625,"lon":118.078286625,"count":10,"dwell_minutes":1136.8,"center_method":"duration_weighted_stop_medoid","type":"berth","distance_to_coast":2878.370104211485,"inside_china_land":false}},{"type":"Feature","geometry":{"type":"Polygon","coordinates":[[[118.0373922,38.06216784210526],[118.03869870588235,38.06216784210526],[118.03869870588235,38.06586278571428],[118.0373922,38.06586278571428],[118.0373922,38.06216784210526]]]},"properties":{"cluster_id":1067,"lat":38.06484218181818,"lon":118.037997,"count":17,"dwell_minutes":6113.066666666667,"center_method":"duration_weighted_stop_medoid","type":"berth","distance_to_coast":11475.55675267579,"inside_china_land":true}},{"type":"Feature","geometry":{"type":"Polygon","coordinates":[[[118.04489142857143,38.07240899999999],[118.04695518181819,38.07240899999999],[118.04695518181819,38.079732692307694],[118.04489142857143,38.079732692307694],[118.04489142857143,38.07240899999999]]]},"properties":{"cluster_id":1068,"lat":38.07543775,"lon":118.0461615,"count":64,"dwell_minutes":32434.999999999996,"center_method":"duration_weighted_stop_medoid","type":"berth","distance_to_coast":9802.338768345366,"inside_china_land":true}},{"type":"Feature","geometry":{"type":"Polygon","coordinates":[[[118.080694,38.18806675],[118.0826115,38.18806675],[118.0826115,38.18987216666667],[118.080694,38.18987216666667],[118.080694,38.18806675]]]},"properties":{"cluster_id":1070,"lat":38.18858722222222,"lon":118.08172766666668,"count":5,"dwell_minutes":658.2,"center_method":"duration_weighted_stop_medoid","type":"berth","distance_to_coast":3798.907098767428,"inside_china_land":false}},{"type":"Feature","geometry":{"type":"Polygon","coordinates":[[[121.74998,39.38355],[121.75052385714285,39.38355],[121.75052385714285,39.384215],[121.74998,39.384215],[121.74998,39.38355]]]},"properties":{"cluster_id":1071,"lat":39.38410135135135,"lon":121.75049435135136,"count":42,"dwell_minutes":20780.483333333337,"center_method":"duration_weighted_stop_medoid","type":"berth","distance_to_coast":1841.4082609588088,"inside_china_land":false}},{"type":"Feature","geometry":{"type":"Polygon","coordinates":[[[118.03711753846154,38.0316308],[118.03739999999999,38.0316308],[118.03739999999999,38.03245990909091],[118.03711753846154,38.03245990909091],[118.03711753846154,38.0316308]]]},"properties":{"cluster_id":1072,"lat":38.03225213636364,"lon":118.03729461363636,"count":8,"dwell_minutes":5407.316666666667,"center_method":"duration_weighted_stop_medoid","type":"berth","distance_to_coast":15962.434747624053,"inside_china_land":true}},{"type":"Feature","geometry":{"type":"Polygon","coordinates":[[[121.108473,37.714473250000005],[121.110915,37.714473250000005],[121.110915,37.717415875],[121.108473,37.717415875],[121.108473,37.714473250000005]]]},"properties":{"cluster_id":1073,"lat":37.71563122580645,"lon":121.10949064516127,"count":14,"dwell_minutes":8272.3,"center_method":"duration_weighted_stop_medoid","type":"berth","distance_to_coast":969.1306324897616,"inside_china_land":false}},{"type":"Feature","geometry":{"type":"Polygon","coordinates":[[[121.74200599999999,39.385062833333336],[121.74584216666666,39.385062833333336],[121.74584216666666,39.3865906],[121.74200599999999,39.3865906],[121.74200599999999,39.385062833333336]]]},"properties":{"cluster_id":1074,"lat":39.385567,"lon":121.7441552,"count":13,"dwell_minutes":2570.1833333333334,"center_method":"duration_weighted_stop_medoid","type":"berth","distance_to_coast":1760.0486163679802,"inside_china_land":false}},{"type":"Feature","geometry":{"type":"Polygon","coordinates":[[[121.57198700000001,39.271739600000004],[121.5729012,39.271739600000004],[121.5729012,39.27226],[121.57198700000001,39.27226],[121.57198700000001,39.271739600000004]]]},"properties":{"cluster_id":1075,"lat":39.271794166666666,"lon":121.57242416666666,"count":4,"dwell_minutes":532.3000000000001,"center_method":"duration_weighted_stop_medoid","type":"berth","distance_to_coast":2244.983414011114,"inside_china_land":false}},{"type":"Feature","geometry":{"type":"Polygon","coordinates":[[[121.74764425000001,39.3823754],[121.7480874,39.3823754],[121.7480874,39.38250925],[121.74764425000001,39.38250925],[121.74764425000001,39.3823754]]]},"properties":{"cluster_id":1076,"lat":39.3823754,"lon":121.7480874,"count":2,"dwell_minutes":210.26666666666665,"center_method":"duration_weighted_stop_medoid","type":"berth","distance_to_coast":2136.563451850177,"inside_china_land":false}},{"type":"Feature","geometry":{"type":"Polygon","coordinates":[[[118.07903116666667,38.182464181818176],[118.0799795,38.182464181818176],[118.0799795,38.18362833333333],[118.07903116666667,38.18362833333333],[118.07903116666667,38.182464181818176]]]},"properties":{"cluster_id":1078,"lat":38.182464181818176,"lon":118.07916472727274,"count":4,"dwell_minutes":542.8,"center_method":"duration_weighted_stop_medoid","type":"berth","distance_to_coast":3117.7288998877266,"inside_china_land":false}},{"type":"Feature","geometry":{"type":"Polygon","coordinates":[[[121.574008,39.2725586],[121.57444450000001,39.2725586],[121.57444450000001,39.272914666666665],[121.574008,39.272914666666665],[121.574008,39.2725586]]]},"properties":{"cluster_id":1079,"lat":39.272577875,"lon":121.5741155,"count":3,"dwell_minutes":393.56666666666666,"center_method":"duration_weighted_stop_medoid","type":"berth","distance_to_coast":2145.873680041565,"inside_china_land":false}},{"type":"Feature","geometry":{"type":"Polygon","coordinates":[[[118.0351294074074,38.029128428571426],[118.03583884,38.029128428571426],[118.03583884,38.03038453333333],[118.0351294074074,38.03038453333333],[118.0351294074074,38.029128428571426]]]},"properties":{"cluster_id":1080,"lat":38.02929429069767,"lon":118.0351703255814,"count":7,"dwell_minutes":6130.966666666666,"center_method":"duration_weighted_stop_medoid","type":"berth","distance_to_coast":16435.413988894306,"inside_china_land":true}},{"type":"Feature","geometry":{"type":"Polygon","coordinates":[[[118.01903475,38.0154212],[118.0193465,38.0154212],[118.0193465,38.01563726086956],[118.01903475,38.01563726086956],[118.01903475,38.0154212]]]},"properties":{"cluster_id":1081,"lat":38.01551285714286,"lon":118.01917614285716,"count":7,"dwell_minutes":2514.5833333333335,"center_method":"duration_weighted_stop_medoid","type":"berth","distance_to_coast":18754.576409270197,"inside_china_land":true}},{"type":"Feature","geometry":{"type":"Polygon","coordinates":[[[118.04348915384615,38.08928805263158],[118.04366515789475,38.08928805263158],[118.04366515789475,38.090019],[118.04348915384615,38.090019],[118.04348915384615,38.08928805263158]]]},"properties":{"cluster_id":1083,"lat":38.08994335294118,"lon":118.04351852941176,"count":3,"dwell_minutes":1398.35,"center_method":"duration_weighted_stop_medoid","type":"berth","distance_to_coast":7897.036308938587,"inside_china_land":true}},{"type":"Feature","geometry":{"type":"Polygon","coordinates":[[[118.0801445,38.186967],[118.08026233333334,38.186967],[118.08026233333334,38.18698825],[118.0801445,38.18698825],[118.0801445,38.186967]]]},"properties":{"cluster_id":1084,"lat":38.186967,"lon":118.08026233333334,"count":2,"dwell_minutes":150.63333333333333,"center_method":"duration_weighted_stop_medoid","type":"berth","distance_to_coast":3535.170782112405,"inside_china_land":false}},{"type":"Feature","geometry":{"type":"Polygon","coordinates":[[[121.57182633333332,39.26989433333333],[121.57204233333334,39.26989433333333],[121.57204233333334,39.270270000000004],[121.57182633333332,39.270270000000004],[121.57182633333332,39.26989433333333]]]},"properties":{"cluster_id":1085,"lat":39.27027,"lon":121.57182633333332,"count":2,"dwell_minutes":309.2833333333333,"center_method":"duration_weighted_stop_medoid","type":"berth","distance_to_coast":2205.4661175312563,"inside_china_land":false}},{"type":"Feature","geometry":{"type":"Polygon","coordinates":[[[121.57697619999999,39.273176],[121.57749057142857,39.273176],[121.57749057142857,39.273298857142855],[121.57697619999999,39.273298857142855],[121.57697619999999,39.273176]]]},"properties":{"cluster_id":1087,"lat":39.273298857142855,"lon":121.57749057142856,"count":2,"dwell_minutes":253.46666666666667,"center_method":"duration_weighted_stop_medoid","type":"berth","distance_to_coast":1920.2218420693985,"inside_china_land":false}},{"type":"Feature","geometry":{"type":"Polygon","coordinates":[[[118.02207764285716,38.01807885714286],[118.02362007142857,38.01807885714286],[118.02362007142857,38.01931307142858],[118.02207764285716,38.01931307142858],[118.02207764285716,38.01807885714286]]]},"properties":{"cluster_id":1088,"lat":38.01866556451613,"lon":118.02265356451612,"count":12,"dwell_minutes":9401.716666666667,"center_method":"duration_weighted_stop_medoid","type":"berth","distance_to_coast":18221.998985559123,"inside_china_land":true}},{"type":"Feature","geometry":{"type":"Polygon","coordinates":[[[121.38780406666666,37.58340736363636],[121.38883372727273,37.58340736363636],[121.38883372727273,37.583437466666666],[121.38780406666666,37.583437466666666],[121.38780406666666,37.58340736363636]]]},"properties":{"cluster_id":1089,"lat":37.583437466666666,"lon":121.38780406666666,"count":2,"dwell_minutes":847.5166666666667,"center_method":"duration_weighted_stop_medoid","type":"berth","distance_to_coast":421.7735521847548,"inside_china_land":false}},{"type":"Feature","geometry":{"type":"Polygon","coordinates":[[[118.02047392307692,38.0168276],[118.021795,38.0168276],[118.021795,38.017098727272725],[118.02047392307692,38.017098727272725],[118.02047392307692,38.0168276]]]},"properties":{"cluster_id":1090,"lat":38.01707421875,"lon":118.02055,"count":6,"dwell_minutes":4536.033333333334,"center_method":"duration_weighted_stop_medoid","type":"berth","distance_to_coast":18500.76814491917,"inside_china_land":true}},{"type":"Feature","geometry":{"type":"Polygon","coordinates":[[[118.45501019999999,38.99329025],[118.45532425,38.99329025],[118.45532425,38.9943868],[118.45501019999999,38.9943868],[118.45501019999999,38.99329025]]]},"properties":{"cluster_id":1091,"lat":38.99381446153846,"lon":118.45526507692308,"count":5,"dwell_minutes":1648.9333333333336,"center_method":"duration_weighted_stop_medoid","type":"berth","distance_to_coast":1629.0242363396278,"inside_china_land":false}},{"type":"Feature","geometry":{"type":"Polygon","coordinates":[[[121.38484147619047,37.583312649999996],[121.38504515,37.583312649999996],[121.38504515,37.583359095238094],[121.38484147619047,37.583359095238094],[121.38484147619047,37.583312649999996]]]},"properties":{"cluster_id":1092,"lat":37.583359095238094,"lon":121.38484147619047,"count":2,"dwell_minutes":1197.7833333333333,"center_method":"duration_weighted_stop_medoid","type":"berth","distance_to_coast":211.94141044353543,"inside_china_land":false}},{"type":"Feature","geometry":{"type":"Polygon","coordinates":[[[118.02562666666667,38.020572],[118.0268852,38.020572],[118.0268852,38.02149133333334],[118.02562666666667,38.02149133333334],[118.02562666666667,38.020572]]]},"properties":{"cluster_id":1093,"lat":38.02095255882353,"lon":118.02609438235294,"count":13,"dwell_minutes":5869.05,"center_method":"duration_weighted_stop_medoid","type":"berth","distance_to_coast":17812.654845348377,"inside_china_land":true}},{"type":"Feature","geometry":{"type":"Polygon","coordinates":[[[122.63940198275863,37.422286086956525],[122.64043526086957,37.422286086956525],[122.64043526086957,37.422972310344825],[122.63940198275863,37.422972310344825],[122.63940198275863,37.422286086956525]]]},"properties":{"cluster_id":1095,"lat":37.422972310344825,"lon":122.63940198275864,"count":2,"dwell_minutes":2115.616666666667,"center_method":"duration_weighted_stop_medoid","type":"berth","distance_to_coast":934.1056940502508,"inside_china_land":false}},{"type":"Feature","geometry":{"type":"Polygon","coordinates":[[[121.46614675000001,31.119130523809524],[121.46631291666667,31.119130523809524],[121.46631291666667,31.1195665],[121.46614675000001,31.1195665],[121.46614675000001,31.119130523809524]]]},"properties":{"cluster_id":1101,"lat":31.119130523809524,"lon":121.4662780952381,"count":3,"dwell_minutes":1089.0,"center_method":"duration_weighted_stop_medoid","type":"berth","distance_to_coast":33108.595949995615,"inside_china_land":true}},{"type":"Feature","geometry":{"type":"Polygon","coordinates":[[[121.4989201594203,32.122225],[121.49965235714286,32.122225],[121.49965235714286,32.12605166666667],[121.4989201594203,32.12605166666667],[121.4989201594203,32.122225]]]},"properties":{"cluster_id":1104,"lat":32.1232285,"lon":121.4991611875,"count":13,"dwell_minutes":20776.933333333334,"center_method":"duration_weighted_stop_medoid","type":"berth","distance_to_coast":1719.0386553089784,"inside_china_land":false}},{"type":"Feature","geometry":{"type":"Polygon","coordinates":[[[120.12985783333333,31.948345],[120.13119124999999,31.948345],[120.13119124999999,31.948618238095236],[120.12985783333333,31.948618238095236],[120.12985783333333,31.948345]]]},"properties":{"cluster_id":1107,"lat":31.948618238095236,"lon":120.13104442857144,"count":3,"dwell_minutes":930.5666666666666,"center_method":"duration_weighted_stop_medoid","type":"berth","distance_to_coast":664.2984566688937,"inside_china_land":true}},{"type":"Feature","geometry":{"type":"Polygon","coordinates":[[[121.17247510526316,31.695357153846153],[121.17404866666668,31.695357153846153],[121.17404866666668,31.695696666666667],[121.17247510526316,31.695696666666667],[121.17247510526316,31.695357153846153]]]},"properties":{"cluster_id":1108,"lat":31.695559,"lon":121.17375127586207,"count":5,"dwell_minutes":1511.25,"center_method":"duration_weighted_stop_medoid","type":"berth","distance_to_coast":3315.8460175178807,"inside_china_land":false}},{"type":"Feature","geometry":{"type":"Polygon","coordinates":[[[119.64006193333333,25.344647125],[119.6412333,25.344647125],[119.6412333,25.345125125],[119.64006193333333,25.345125125],[119.64006193333333,25.344647125]]]},"properties":{"cluster_id":1109,"lat":25.345006,"lon":119.64098595,"count":27,"dwell_minutes":17165.05,"center_method":"duration_weighted_stop_medoid","type":"berth","distance_to_coast":1191.045513966672,"inside_china_land":false}},{"type":"Feature","geometry":{"type":"Polygon","coordinates":[[[120.0011334347826,31.995097549999997],[120.0017235142857,31.995097549999997],[120.0017235142857,31.995631739130435],[120.0011334347826,31.995631739130435],[120.0011334347826,31.995097549999997]]]},"properties":{"cluster_id":1110,"lat":31.995097549999997,"lon":120.0017235142857,"count":3,"dwell_minutes":6998.849999999999,"center_method":"duration_weighted_stop_medoid","type":"berth","distance_to_coast":1090.7956162734808,"inside_china_land":false}},{"type":"Feature","geometry":{"type":"Polygon","coordinates":[[[122.0431407878788,29.980486512820516],[122.04413927777779,29.980486512820516],[122.04413927777779,29.981131484848486],[122.0431407878788,29.981131484848486],[122.0431407878788,29.980486512820516]]]},"properties":{"cluster_id":1112,"lat":29.980517227272728,"lon":122.04411390909092,"count":12,"dwell_minutes":10914.216666666667,"center_method":"duration_weighted_stop_medoid","type":"berth","distance_to_coast":2852.521673930669,"inside_china_land":false}},{"type":"Feature","geometry":{"type":"Polygon","coordinates":[[[121.97207063636364,30.11566425],[121.97211042857143,30.11566425],[121.97211042857143,30.11569503448276],[121.97207063636364,30.11569503448276],[121.97207063636364,30.11566425]]]},"properties":{"cluster_id":1113,"lat":30.11566425,"lon":121.97207063636364,"count":3,"dwell_minutes":2311.9833333333336,"center_method":"duration_weighted_stop_medoid","type":"berth","distance_to_coast":121.84269262809406,"inside_china_land":false}},{"type":"Feature","geometry":{"type":"Polygon","coordinates":[[[121.9866919375,29.9298525],[121.98750688461539,29.9298525],[121.98750688461539,29.93085195652174],[121.9866919375,29.93085195652174],[121.9866919375,29.9298525]]]},"properties":{"cluster_id":1114,"lat":29.93079119230769,"lon":121.98673326923075,"count":43,"dwell_minutes":61031.9,"center_method":"duration_weighted_stop_medoid","type":"berth","distance_to_coast":68.23096406758557,"inside_china_land":false}},{"type":"Feature","geometry":{"type":"Polygon","coordinates":[[[122.07855264705883,30.156791],[122.0798528,30.156791],[122.0798528,30.157170999999998],[122.07855264705883,30.157170999999998],[122.07855264705883,30.156791]]]},"properties":{"cluster_id":1115,"lat":30.15697384375,"lon":122.0797638125,"count":40,"dwell_minutes":44589.3,"center_method":"duration_weighted_stop_medoid","type":"berth","distance_to_coast":1211.7173055294795,"inside_china_land":false}},{"type":"Feature","geometry":{"type":"Polygon","coordinates":[[[121.8048405909091,29.96223164],[121.80491517948718,29.96223164],[121.80491517948718,29.962326681818183],[121.8048405909091,29.962326681818183],[121.8048405909091,29.96223164]]]},"properties":{"cluster_id":1119,"lat":29.962254425531913,"lon":121.80487465957448,"count":11,"dwell_minutes":13433.533333333336,"center_method":"duration_weighted_stop_medoid","type":"berth","distance_to_coast":428.68626296865614,"inside_china_land":false}},{"type":"Feature","geometry":{"type":"Polygon","coordinates":[[[120.22545506382978,31.942496382978725],[120.22546774418605,31.942496382978725],[120.22546774418605,31.942521860465117],[120.22545506382978,31.942521860465117],[120.22545506382978,31.942496382978725]]]},"properties":{"cluster_id":1120,"lat":31.942496382978725,"lon":120.22545506382978,"count":2,"dwell_minutes":2635.083333333333,"center_method":"duration_weighted_stop_medoid","type":"berth","distance_to_coast":647.9863714748561,"inside_china_land":true}},{"type":"Feature","geometry":{"type":"Polygon","coordinates":[[[117.7600786,38.95725646341464],[117.76122552272727,38.95725646341464],[117.76122552272727,38.95772242],[117.7600786,38.95772242],[117.7600786,38.95725646341464]]]},"properties":{"cluster_id":1121,"lat":38.95770121428571,"lon":117.7601954047619,"count":23,"dwell_minutes":30864.883333333328,"center_method":"duration_weighted_stop_medoid","type":"berth","distance_to_coast":3420.3874715245424,"inside_china_land":false}},{"type":"Feature","geometry":{"type":"Polygon","coordinates":[[[117.7792885882353,38.986404125],[117.77937875,38.986404125],[117.77937875,38.98719928125],[117.7792885882353,38.98719928125],[117.7792885882353,38.986404125]]]},"properties":{"cluster_id":1122,"lat":38.987188386363634,"lon":117.77929202272726,"count":4,"dwell_minutes":4615.9,"center_method":"duration_weighted_stop_medoid","type":"berth","distance_to_coast":510.13334428026616,"inside_china_land":false}},{"type":"Feature","geometry":{"type":"Polygon","coordinates":[[[119.85079330392156,32.29123416463415],[119.85083666055047,32.29123416463415],[119.85083666055047,32.291254055045876],[119.85079330392156,32.291254055045876],[119.85079330392156,32.29123416463415]]]},"properties":{"cluster_id":1123,"lat":32.291243943396225,"lon":119.85081755660376,"count":4,"dwell_minutes":14857.65,"center_method":"duration_weighted_stop_medoid","type":"berth","distance_to_coast":4.356304930547861,"inside_china_land":false}},{"type":"Feature","geometry":{"type":"Polygon","coordinates":[[[121.56438697619048,31.379847707317072],[121.56533333898304,31.379847707317072],[121.56533333898304,31.380302380952383],[121.56438697619048,31.380302380952383],[121.56438697619048,31.379847707317072]]]},"properties":{"cluster_id":1128,"lat":31.380274055555553,"lon":121.564586,"count":6,"dwell_minutes":8520.766666666666,"center_method":"duration_weighted_stop_medoid","type":"berth","distance_to_coast":2489.4253147569084,"inside_china_land":false}},{"type":"Feature","geometry":{"type":"Polygon","coordinates":[[[122.06228366666667,29.75543807317073],[122.06288664285715,29.75543807317073],[122.06288664285715,29.75644661764706],[122.06228366666667,29.75644661764706],[122.06228366666667,29.75543807317073]]]},"properties":{"cluster_id":1129,"lat":29.756282893617023,"lon":122.06266208510638,"count":10,"dwell_minutes":13531.516666666665,"center_method":"duration_weighted_stop_medoid","type":"berth","distance_to_coast":1332.003965969621,"inside_china_land":true}},{"type":"Feature","geometry":{"type":"Polygon","coordinates":[[[121.96675269696969,29.953034111111112],[121.96716587951806,29.953034111111112],[121.96716587951806,29.9539674],[121.96675269696969,29.9539674],[121.96675269696969,29.953034111111112]]]},"properties":{"cluster_id":1131,"lat":29.953854222222223,"lon":121.96675269696968,"count":4,"dwell_minutes":7067.5,"center_method":"duration_weighted_stop_medoid","type":"berth","distance_to_coast":272.03040022691374,"inside_china_land":false}},{"type":"Feature","geometry":{"type":"Polygon","coordinates":[[[121.96136736111112,40.20126880555555],[121.96150207317073,40.20126880555555],[121.96150207317073,40.201308195121946],[121.96136736111112,40.201308195121946],[121.96136736111112,40.20126880555555]]]},"properties":{"cluster_id":1132,"lat":40.201308195121946,"lon":121.96150207317072,"count":2,"dwell_minutes":2243.516666666667,"center_method":"duration_weighted_stop_medoid","type":"berth","distance_to_coast":3933.835846073158,"inside_china_land":false}},{"type":"Feature","geometry":{"type":"Polygon","coordinates":[[[120.5255725974026,32.06943618181818],[120.52570290909091,32.06943618181818],[120.52570290909091,32.069499578947365],[120.5255725974026,32.069499578947365],[120.5255725974026,32.06943618181818]]]},"properties":{"cluster_id":1136,"lat":32.069454391025644,"lon":120.52568014743588,"count":5,"dwell_minutes":10951.566666666666,"center_method":"duration_weighted_stop_medoid","type":"berth","distance_to_coast":1646.3849687836862,"inside_china_land":false}},{"type":"Feature","geometry":{"type":"Polygon","coordinates":[[[119.77130509090908,35.57240546969697],[119.77254535714285,35.57240546969697],[119.77254535714285,35.57299838095238],[119.77130509090908,35.57299838095238],[119.77130509090908,35.57240546969697]]]},"properties":{"cluster_id":1140,"lat":35.572484553191494,"lon":119.7715579787234,"count":5,"dwell_minutes":7731.283333333333,"center_method":"duration_weighted_stop_medoid","type":"berth","distance_to_coast":2276.6531758556625,"inside_china_land":false}},{"type":"Feature","geometry":{"type":"Polygon","coordinates":[[[121.28516717475729,30.683108274647886],[121.28621884615386,30.683108274647886],[121.28621884615386,30.68359534065934],[121.28516717475729,30.68359534065934],[121.28516717475729,30.683108274647886]]]},"properties":{"cluster_id":1142,"lat":30.683163993006993,"lon":121.2853851888112,"count":18,"dwell_minutes":45626.75000000001,"center_method":"duration_weighted_stop_medoid","type":"berth","distance_to_coast":1286.5829297525595,"inside_china_land":false}},{"type":"Feature","geometry":{"type":"Polygon","coordinates":[[[119.94696543037975,37.422151037974686],[119.94722507142856,37.422151037974686],[119.94722507142856,37.42231496428571],[119.94696543037975,37.42231496428571],[119.94696543037975,37.422151037974686]]]},"properties":{"cluster_id":1143,"lat":37.422151037974686,"lon":119.94696543037976,"count":2,"dwell_minutes":4806.950000000001,"center_method":"duration_weighted_stop_medoid","type":"berth","distance_to_coast":3454.5399379485334,"inside_china_land":false}},{"type":"Feature","geometry":{"type":"Polygon","coordinates":[[[110.40801512345679,21.1607657654321],[110.40825197222222,21.1607657654321],[110.40825197222222,21.160904958333333],[110.40801512345679,21.160904958333333],[110.40801512345679,21.1607657654321]]]},"properties":{"cluster_id":1145,"lat":21.16084528358209,"lon":110.40823056716418,"count":9,"dwell_minutes":20501.166666666668,"center_method":"duration_weighted_stop_medoid","type":"berth","distance_to_coast":1554.501725820052,"inside_china_land":false}},{"type":"Feature","geometry":{"type":"Polygon","coordinates":[[[119.77420036619719,35.57391394117647],[119.77530926530612,35.57391394117647],[119.77530926530612,35.574580499999996],[119.77420036619719,35.574580499999996],[119.77420036619719,35.57391394117647]]]},"properties":{"cluster_id":1146,"lat":35.57396969444445,"lon":119.77430038888888,"count":8,"dwell_minutes":11872.433333333334,"center_method":"duration_weighted_stop_medoid","type":"berth","distance_to_coast":2306.4515762521064,"inside_china_land":false}},{"type":"Feature","geometry":{"type":"Polygon","coordinates":[[[120.30250729411765,37.65181514814815],[120.30275405128204,37.65181514814815],[120.30275405128204,37.65290035714286],[120.30250729411765,37.65290035714286],[120.30250729411765,37.65181514814815]]]},"properties":{"cluster_id":1147,"lat":37.652049311111114,"lon":120.3026924,"count":5,"dwell_minutes":8102.733333333334,"center_method":"duration_weighted_stop_medoid","type":"berth","distance_to_coast":1055.174103895045,"inside_china_land":false}},{"type":"Feature","geometry":{"type":"Polygon","coordinates":[[[119.128602875,32.25190779166667],[119.12871535416667,32.25190779166667],[119.12871535416667,32.25207305063291],[119.128602875,32.25207305063291],[119.128602875,32.25190779166667]]]},"properties":{"cluster_id":1148,"lat":32.25195240277778,"lon":119.12870870833332,"count":7,"dwell_minutes":14443.933333333332,"center_method":"duration_weighted_stop_medoid","type":"berth","distance_to_coast":53628.35256174421,"inside_china_land":true}},{"type":"Feature","geometry":{"type":"Polygon","coordinates":[[[119.12413015841585,32.25173701851852],[119.12435225531915,32.25173701851852],[119.12435225531915,32.25193850847457],[119.12413015841585,32.25193850847457],[119.12413015841585,32.25173701851852]]]},"properties":{"cluster_id":1150,"lat":32.2519032,"lon":119.12431813333332,"count":13,"dwell_minutes":26768.95,"center_method":"duration_weighted_stop_medoid","type":"berth","distance_to_coast":54111.80761917609,"inside_china_land":true}},{"type":"Feature","geometry":{"type":"Polygon","coordinates":[[[119.13707531818181,32.25151691549296],[119.13721123943661,32.25151691549296],[119.13721123943661,32.251699161290325],[119.13707531818181,32.251699161290325],[119.13707531818181,32.25151691549296]]]},"properties":{"cluster_id":1152,"lat":32.25152255714286,"lon":119.13720804285715,"count":5,"dwell_minutes":6758.35,"center_method":"duration_weighted_stop_medoid","type":"berth","distance_to_coast":52683.284175878136,"inside_china_land":true}},{"type":"Feature","geometry":{"type":"Polygon","coordinates":[[[121.97207014893615,30.0473418125],[121.97274634375,30.0473418125],[121.97274634375,30.047979468085103],[121.97207014893615,30.047979468085103],[121.97207014893615,30.0473418125]]]},"properties":{"cluster_id":1153,"lat":30.047979468085103,"lon":121.97207014893615,"count":2,"dwell_minutes":2277.116666666667,"center_method":"duration_weighted_stop_medoid","type":"berth","distance_to_coast":872.5354559381879,"inside_china_land":false}},{"type":"Feature","geometry":{"type":"Polygon","coordinates":[[[121.57957664583334,37.441981],[121.5815193898305,37.441981],[121.5815193898305,37.442360441860465],[121.57957664583334,37.442360441860465],[121.57957664583334,37.441981]]]},"properties":{"cluster_id":1154,"lat":37.442276820512824,"lon":121.58117517948718,"count":42,"dwell_minutes":69071.59999999999,"center_method":"duration_weighted_stop_medoid","type":"berth","distance_to_coast":1727.603154808207,"inside_china_land":false}},{"type":"Feature","geometry":{"type":"Polygon","coordinates":[[[122.96184025000001,39.598507999999995],[122.96291628947368,39.598507999999995],[122.96291628947368,39.59989965909091],[122.96184025000001,39.59989965909091],[122.96184025000001,39.598507999999995]]]},"properties":{"cluster_id":1155,"lat":39.59953686842105,"lon":122.96291628947368,"count":4,"dwell_minutes":3822.783333333333,"center_method":"duration_weighted_stop_medoid","type":"berth","distance_to_coast":1753.836431382197,"inside_china_land":false}},{"type":"Feature","geometry":{"type":"Polygon","coordinates":[[[119.86360098837208,37.25384988888889],[119.86570928125,37.25384988888889],[119.86570928125,37.25403775],[119.86360098837208,37.25403775],[119.86360098837208,37.25384988888889]]]},"properties":{"cluster_id":1156,"lat":37.254024925,"lon":119.8647948,"count":23,"dwell_minutes":29509.933333333334,"center_method":"duration_weighted_stop_medoid","type":"berth","distance_to_coast":3000.0157250402062,"inside_china_land":false}},{"type":"Feature","geometry":{"type":"Polygon","coordinates":[[[120.21434583606556,36.017917708333336],[120.21471941666668,36.017917708333336],[120.21471941666668,36.01814491803279],[120.21434583606556,36.01814491803279],[120.21434583606556,36.017917708333336]]]},"properties":{"cluster_id":1157,"lat":36.01814491803279,"lon":120.21434583606556,"count":2,"dwell_minutes":2291.4333333333334,"center_method":"duration_weighted_stop_medoid","type":"berth","distance_to_coast":3041.1044213620617,"inside_china_land":false}},{"type":"Feature","geometry":{"type":"Polygon","coordinates":[[[120.8444384385965,37.82003487719299],[120.84505325,37.82003487719299],[120.84505325,37.82063925],[120.8444384385965,37.82063925],[120.8444384385965,37.82003487719299]]]},"properties":{"cluster_id":1158,"lat":37.82003487719299,"lon":120.8444384385965,"count":3,"dwell_minutes":4281.933333333333,"center_method":"duration_weighted_stop_medoid","type":"berth","distance_to_coast":321.88980912740016,"inside_china_land":false}},{"type":"Feature","geometry":{"type":"Polygon","coordinates":[[[121.38053521428571,37.59578646052631],[121.38210460526317,37.59578646052631],[121.38210460526317,37.59659017857143],[121.38053521428571,37.59659017857143],[121.38053521428571,37.59578646052631]]]},"properties":{"cluster_id":1159,"lat":37.596471055555554,"lon":121.38101627777776,"count":17,"dwell_minutes":13775.816666666666,"center_method":"duration_weighted_stop_medoid","type":"berth","distance_to_coast":1451.4060365148002,"inside_china_land":true}},{"type":"Feature","geometry":{"type":"Polygon","coordinates":[[[120.62539423225807,37.782447167741935],[120.62580873913045,37.782447167741935],[120.62580873913045,37.782887108695654],[120.62539423225807,37.782887108695654],[120.62539423225807,37.782447167741935]]]},"properties":{"cluster_id":1160,"lat":37.782551301587304,"lon":120.62546425396825,"count":3,"dwell_minutes":12240.45,"center_method":"duration_weighted_stop_medoid","type":"berth","distance_to_coast":629.4317581017124,"inside_china_land":true}},{"type":"Feature","geometry":{"type":"Polygon","coordinates":[[[120.13763739999999,35.911974],[120.1386082,35.911974],[120.1386082,35.9139378],[120.13763739999999,35.9139378],[120.13763739999999,35.911974]]]},"properties":{"cluster_id":1162,"lat":35.91274037681159,"lon":120.1383358115942,"count":27,"dwell_minutes":29613.61666666667,"center_method":"duration_weighted_stop_medoid","type":"berth","distance_to_coast":647.3201642711261,"inside_china_land":true}},{"type":"Feature","geometry":{"type":"Polygon","coordinates":[[[124.1592007142857,39.83022941],[124.15960725,39.83022941],[124.15960725,39.83168506172839],[124.1592007142857,39.83168506172839],[124.1592007142857,39.83022941]]]},"properties":{"cluster_id":1163,"lat":39.83051722368421,"lon":124.1593817368421,"count":24,"dwell_minutes":41706.95,"center_method":"duration_weighted_stop_medoid","type":"berth","distance_to_coast":3004.7821889169527,"inside_china_land":false}},{"type":"Feature","geometry":{"type":"Polygon","coordinates":[[[121.13216769565216,38.81711984615385],[121.13339371428572,38.81711984615385],[121.13339371428572,38.817364],[121.13216769565216,38.817364],[121.13216769565216,38.81711984615385]]]},"properties":{"cluster_id":1164,"lat":38.81735551282051,"lon":121.13281785897436,"count":13,"dwell_minutes":11521.816666666666,"center_method":"duration_weighted_stop_medoid","type":"berth","distance_to_coast":365.5785849624959,"inside_china_land":true}},{"type":"Feature","geometry":{"type":"Polygon","coordinates":[[[119.70761603999999,34.288455],[119.70819999999999,34.288455],[119.70819999999999,34.28903875],[119.70761603999999,34.28903875],[119.70761603999999,34.288455]]]},"properties":{"cluster_id":1168,"lat":34.28893638888889,"lon":119.70817527777778,"count":11,"dwell_minutes":14123.616666666663,"center_method":"duration_weighted_stop_medoid","type":"berth","distance_to_coast":27698.258603486887,"inside_china_land":true}},{"type":"Feature","geometry":{"type":"Polygon","coordinates":[[[119.790374625,34.390971071428574],[119.7921275625,34.390971071428574],[119.7921275625,34.39251554545455],[119.790374625,34.39251554545455],[119.790374625,34.390971071428574]]]},"properties":{"cluster_id":1169,"lat":34.39145513333333,"lon":119.79150953333334,"count":87,"dwell_minutes":81669.46666666665,"center_method":"duration_weighted_stop_medoid","type":"berth","distance_to_coast":11332.850876513812,"inside_china_land":true}},{"type":"Feature","geometry":{"type":"Polygon","coordinates":[[[122.43874075609757,36.88606677777778],[122.43887894444444,36.88606677777778],[122.43887894444444,36.88768940740741],[122.43874075609757,36.88768940740741],[122.43874075609757,36.88606677777778]]]},"properties":{"cluster_id":1170,"lat":36.88731950188679,"lon":122.43876478113208,"count":8,"dwell_minutes":22974.933333333334,"center_method":"duration_weighted_stop_medoid","type":"berth","distance_to_coast":871.5421057552109,"inside_china_land":false}},{"type":"Feature","geometry":{"type":"Polygon","coordinates":[[[122.09257160714286,40.28765060714286],[122.09309257692308,40.28765060714286],[122.09309257692308,40.287936538461544],[122.09257160714286,40.287936538461544],[122.09257160714286,40.28765060714286]]]},"properties":{"cluster_id":1171,"lat":40.287936538461544,"lon":122.09309257692308,"count":2,"dwell_minutes":1753.7833333333333,"center_method":"duration_weighted_stop_medoid","type":"berth","distance_to_coast":1703.7502101668022,"inside_china_land":false}},{"type":"Feature","geometry":{"type":"Polygon","coordinates":[[[122.09631568862275,40.2879424590164],[122.09647849180328,40.2879424590164],[122.09647849180328,40.288077832335325],[122.09631568862275,40.288077832335325],[122.09631568862275,40.2879424590164]]]},"properties":{"cluster_id":1172,"lat":40.288077832335325,"lon":122.09631568862277,"count":2,"dwell_minutes":6953.233333333334,"center_method":"duration_weighted_stop_medoid","type":"berth","distance_to_coast":1346.316575158639,"inside_china_land":false}},{"type":"Feature","geometry":{"type":"Polygon","coordinates":[[[120.62768330769231,37.78318609090909],[120.63002472131147,37.78318609090909],[120.63002472131147,37.78333471328671],[120.62768330769231,37.78333471328671],[120.62768330769231,37.78318609090909]]]},"properties":{"cluster_id":1173,"lat":37.7833105,"lon":120.62969263636364,"count":9,"dwell_minutes":16684.88333333333,"center_method":"duration_weighted_stop_medoid","type":"berth","distance_to_coast":620.4045492169299,"inside_china_land":true}},{"type":"Feature","geometry":{"type":"Polygon","coordinates":[[[118.98758272527472,37.276812593406596],[118.98911883606557,37.276812593406596],[118.98911883606557,37.27739023255814],[118.98758272527472,37.27739023255814],[118.98758272527472,37.276812593406596]]]},"properties":{"cluster_id":1174,"lat":37.27728136290323,"lon":118.98873599193549,"count":5,"dwell_minutes":12156.833333333334,"center_method":"duration_weighted_stop_medoid","type":"berth","distance_to_coast":255.8955743646013,"inside_china_land":false}},{"type":"Feature","geometry":{"type":"Polygon","coordinates":[[[119.79500486956522,34.43074560869565],[119.79568851923077,34.43074560869565],[119.79568851923077,34.43312175],[119.79500486956522,34.43312175],[119.79500486956522,34.43074560869565]]]},"properties":{"cluster_id":1175,"lat":34.43104394444444,"lon":119.79508919444444,"count":7,"dwell_minutes":8820.3,"center_method":"duration_weighted_stop_medoid","type":"berth","distance_to_coast":6259.343817460656,"inside_china_land":true}},{"type":"Feature","geometry":{"type":"Polygon","coordinates":[[[119.81905766666667,32.316666999999995],[119.8198912,32.316666999999995],[119.8198912,32.31707947126437],[119.81905766666667,32.31707947126437],[119.81905766666667,32.316666999999995]]]},"properties":{"cluster_id":1176,"lat":32.31702424590164,"lon":119.81923628688524,"count":11,"dwell_minutes":16897.25,"center_method":"duration_weighted_stop_medoid","type":"berth","distance_to_coast":445.9618918289123,"inside_china_land":true}},{"type":"Feature","geometry":{"type":"Polygon","coordinates":[[[121.75874227272726,29.621964272727272],[121.75876275675677,29.621964272727272],[121.75876275675677,29.621966054054056],[121.75874227272726,29.621966054054056],[121.75874227272726,29.621964272727272]]]},"properties":{"cluster_id":1177,"lat":29.621966054054056,"lon":121.75876275675677,"count":2,"dwell_minutes":1651.2333333333331,"center_method":"duration_weighted_stop_medoid","type":"berth","distance_to_coast":909.436149383975,"inside_china_land":false}},{"type":"Feature","geometry":{"type":"Polygon","coordinates":[[[120.84813138144331,27.97529049484536],[120.84830248275861,27.97529049484536],[120.84830248275861,27.97542827586207],[120.84813138144331,27.97542827586207],[120.84813138144331,27.97529049484536]]]},"properties":{"cluster_id":1178,"lat":27.97529049484536,"lon":120.84813138144332,"count":4,"dwell_minutes":5005.933333333333,"center_method":"duration_weighted_stop_medoid","type":"berth","distance_to_coast":2436.886675806187,"inside_china_land":false}},{"type":"Feature","geometry":{"type":"Polygon","coordinates":[[[119.61180833333333,26.748325875],[119.61554346153846,26.748325875],[119.61554346153846,26.7489383],[119.61180833333333,26.7489383],[119.61180833333333,26.748325875]]]},"properties":{"cluster_id":1179,"lat":26.74846675,"lon":119.612196,"count":68,"dwell_minutes":21407.333333333332,"center_method":"duration_weighted_stop_medoid","type":"berth","distance_to_coast":1540.5117959925742,"inside_china_land":false}},{"type":"Feature","geometry":{"type":"Polygon","coordinates":[[[121.84290006666667,30.843583333333335],[121.84293470833332,30.843583333333335],[121.84293470833332,30.84364233333333],[121.84290006666667,30.84364233333333],[121.84290006666667,30.843583333333335]]]},"properties":{"cluster_id":1180,"lat":30.84364233333333,"lon":121.84293470833332,"count":2,"dwell_minutes":1187.65,"center_method":"duration_weighted_stop_medoid","type":"berth","distance_to_coast":1407.9903187451073,"inside_china_land":false}},{"type":"Feature","geometry":{"type":"Polygon","coordinates":[[[120.78518334374999,27.97202803125],[120.7852235,27.97202803125],[120.7852235,27.9720292],[120.78518334374999,27.9720292],[120.78518334374999,27.97202803125]]]},"properties":{"cluster_id":1181,"lat":27.97202803125,"lon":120.78518334375,"count":2,"dwell_minutes":1816.55,"center_method":"duration_weighted_stop_medoid","type":"berth","distance_to_coast":544.5675943663093,"inside_china_land":false}},{"type":"Feature","geometry":{"type":"Polygon","coordinates":[[[118.98385003333333,37.275434866666664],[118.984371375,37.275434866666664],[118.984371375,37.275706109375],[118.98385003333333,37.275706109375],[118.98385003333333,37.275434866666664]]]},"properties":{"cluster_id":1182,"lat":37.27554083673469,"lon":118.98408640816328,"count":8,"dwell_minutes":10637.133333333331,"center_method":"duration_weighted_stop_medoid","type":"berth","distance_to_coast":166.82114609629866,"inside_china_land":true}},{"type":"Feature","geometry":{"type":"Polygon","coordinates":[[[121.97440254545454,30.111092044642856],[121.97453285576923,30.111092044642856],[121.97453285576923,30.11116365263158],[121.97440254545454,30.11116365263158],[121.97440254545454,30.111092044642856]]]},"properties":{"cluster_id":1183,"lat":30.111146020202018,"lon":121.97442830303032,"count":5,"dwell_minutes":12570.65,"center_method":"duration_weighted_stop_medoid","type":"berth","distance_to_coast":136.41035310009914,"inside_china_land":false}},{"type":"Feature","geometry":{"type":"Polygon","coordinates":[[[121.82207492307693,30.840864615384614],[121.822189,30.840864615384614],[121.822189,30.8409703125],[121.82207492307693,30.8409703125],[121.82207492307693,30.840864615384614]]]},"properties":{"cluster_id":1184,"lat":30.8409379375,"lon":121.822130625,"count":5,"dwell_minutes":1803.9833333333331,"center_method":"duration_weighted_stop_medoid","type":"berth","distance_to_coast":1650.702560752594,"inside_china_land":false}},{"type":"Feature","geometry":{"type":"Polygon","coordinates":[[[118.45122904545455,24.677981857142857],[118.45204864705883,24.677981857142857],[118.45204864705883,24.67914109090909],[118.45122904545455,24.67914109090909],[118.45122904545455,24.677981857142857]]]},"properties":{"cluster_id":1185,"lat":24.678438413333332,"lon":118.45184429333334,"count":9,"dwell_minutes":10202.333333333332,"center_method":"duration_weighted_stop_medoid","type":"berth","distance_to_coast":1895.401847801507,"inside_china_land":true}},{"type":"Feature","geometry":{"type":"Polygon","coordinates":[[[121.9754891875,29.89004638596491],[121.97710380000001,29.89004638596491],[121.97710380000001,29.89031490625],[121.9754891875,29.89031490625],[121.9754891875,29.89004638596491]]]},"properties":{"cluster_id":1186,"lat":29.890104020408167,"lon":121.97647220408165,"count":10,"dwell_minutes":10241.283333333336,"center_method":"duration_weighted_stop_medoid","type":"berth","distance_to_coast":38.78006357147491,"inside_china_land":false}},{"type":"Feature","geometry":{"type":"Polygon","coordinates":[[[121.38664466666667,37.56746116666667],[121.38847533333335,37.56746116666667],[121.38847533333335,37.56794433333334],[121.38664466666667,37.56794433333334],[121.38664466666667,37.56746116666667]]]},"properties":{"cluster_id":1187,"lat":37.5679149,"lon":121.3881679,"count":8,"dwell_minutes":1358.9666666666667,"center_method":"duration_weighted_stop_medoid","type":"berth","distance_to_coast":701.2840277508624,"inside_china_land":false}},{"type":"Feature","geometry":{"type":"Polygon","coordinates":[[[122.65569954545454,37.41737581818182],[122.65593355555555,37.41737581818182],[122.65593355555555,37.417781777777776],[122.65569954545454,37.417781777777776],[122.65569954545454,37.41737581818182]]]},"properties":{"cluster_id":1188,"lat":37.41737581818182,"lon":122.65569954545454,"count":2,"dwell_minutes":435.5,"center_method":"duration_weighted_stop_medoid","type":"berth","distance_to_coast":350.8324439697737,"inside_china_land":false}},{"type":"Feature","geometry":{"type":"Polygon","coordinates":[[[121.57539566666667,39.27157925],[121.57652025,39.27157925],[121.57652025,39.272029],[121.57539566666667,39.272029],[121.57539566666667,39.27157925]]]},"properties":{"cluster_id":1189,"lat":39.271879642857144,"lon":121.57631335714288,"count":4,"dwell_minutes":803.3,"center_method":"duration_weighted_stop_medoid","type":"berth","distance_to_coast":1888.5677581807329,"inside_china_land":false}},{"type":"Feature","geometry":{"type":"Polygon","coordinates":[[[121.58148584,39.27506185714286],[121.58207784615385,39.27506185714286],[121.58207784615385,39.27528216],[121.58148584,39.27528216],[121.58148584,39.27506185714286]]]},"properties":{"cluster_id":1190,"lat":39.27528216,"lon":121.58148584,"count":3,"dwell_minutes":1463.9833333333331,"center_method":"duration_weighted_stop_medoid","type":"berth","distance_to_coast":1867.0704241498663,"inside_china_land":false}},{"type":"Feature","geometry":{"type":"Polygon","coordinates":[[[122.094351075,40.288333275],[122.09534273913044,40.288333275],[122.09534273913044,40.28882747826087],[122.094351075,40.28882747826087],[122.094351075,40.288333275]]]},"properties":{"cluster_id":1193,"lat":40.28852264864865,"lon":122.09479756756758,"count":3,"dwell_minutes":2757.2333333333336,"center_method":"duration_weighted_stop_medoid","type":"berth","distance_to_coast":1518.171000366103,"inside_china_land":false}},{"type":"Feature","geometry":{"type":"Polygon","coordinates":[[[119.8372310909091,39.97379509090909],[119.83769987912088,39.97379509090909],[119.83769987912088,39.97402328571429],[119.8372310909091,39.97402328571429],[119.8372310909091,39.97379509090909]]]},"properties":{"cluster_id":1194,"lat":39.97402328571429,"lon":119.83769987912088,"count":2,"dwell_minutes":1326.9833333333331,"center_method":"duration_weighted_stop_medoid","type":"berth","distance_to_coast":1070.6641184984016,"inside_china_land":false}},{"type":"Feature","geometry":{"type":"Polygon","coordinates":[[[121.74570633333332,39.02332737735849],[121.74625345283019,39.02332737735849],[121.74625345283019,39.02394777777778],[121.74570633333332,39.02394777777778],[121.74570633333332,39.02332737735849]]]},"properties":{"cluster_id":1195,"lat":39.02332737735849,"lon":121.7462534528302,"count":2,"dwell_minutes":5409.533333333333,"center_method":"duration_weighted_stop_medoid","type":"berth","distance_to_coast":1212.571642027757,"inside_china_land":false}},{"type":"Feature","geometry":{"type":"Polygon","coordinates":[[[119.41614767741936,34.74437887096774],[119.41775336363638,34.74437887096774],[119.41775336363638,34.74722781818181],[119.41614767741936,34.74722781818181],[119.41614767741936,34.74437887096774]]]},"properties":{"cluster_id":1196,"lat":34.74533459523809,"lon":119.41671285714284,"count":18,"dwell_minutes":17498.35,"center_method":"duration_weighted_stop_medoid","type":"berth","distance_to_coast":692.4618660939594,"inside_china_land":true}},{"type":"Feature","geometry":{"type":"Polygon","coordinates":[[[119.53405077272727,35.345459035714285],[119.53419094444445,35.345459035714285],[119.53419094444445,35.349122904761906],[119.53405077272727,35.349122904761906],[119.53405077272727,35.345459035714285]]]},"properties":{"cluster_id":1197,"lat":35.34662139568345,"lon":119.53417079856116,"count":7,"dwell_minutes":11957.016666666668,"center_method":"duration_weighted_stop_medoid","type":"berth","distance_to_coast":1542.9636996768816,"inside_china_land":false}},{"type":"Feature","geometry":{"type":"Polygon","coordinates":[[[119.364004,35.087446799999995],[119.36408071052631,35.087446799999995],[119.36408071052631,35.08780470588235],[119.364004,35.08780470588235],[119.364004,35.087446799999995]]]},"properties":{"cluster_id":1198,"lat":35.087555333333334,"lon":119.36401462222224,"count":4,"dwell_minutes":5594.083333333334,"center_method":"duration_weighted_stop_medoid","type":"berth","distance_to_coast":1462.5043808777152,"inside_china_land":false}},{"type":"Feature","geometry":{"type":"Polygon","coordinates":[[[119.45375442000001,34.73747012],[119.45377223999999,34.73747012],[119.45377223999999,34.73748032],[119.45375442000001,34.73748032],[119.45375442000001,34.73747012]]]},"properties":{"cluster_id":1199,"lat":34.73748032,"lon":119.45375442,"count":2,"dwell_minutes":2170.8999999999996,"center_method":"duration_weighted_stop_medoid","type":"berth","distance_to_coast":112.03749940487477,"inside_china_land":true}},{"type":"Feature","geometry":{"type":"Polygon","coordinates":[[[119.78579065853658,34.42227187804878],[119.78652232258065,34.42227187804878],[119.78652232258065,34.42353029032258],[119.78579065853658,34.42353029032258],[119.78579065853658,34.42227187804878]]]},"properties":{"cluster_id":1200,"lat":34.42313697619048,"lon":119.78620947619046,"count":7,"dwell_minutes":8050.400000000001,"center_method":"duration_weighted_stop_medoid","type":"berth","distance_to_coast":7635.028649191224,"inside_china_land":true}},{"type":"Feature","geometry":{"type":"Polygon","coordinates":[[[120.85919737662337,27.978443090909092],[120.85980448888888,27.978443090909092],[120.85980448888888,27.978800777777778],[120.85919737662337,27.978800777777778],[120.85919737662337,27.978443090909092]]]},"properties":{"cluster_id":1201,"lat":27.978744595238098,"lon":120.85978073809524,"count":4,"dwell_minutes":5974.233333333334,"center_method":"duration_weighted_stop_medoid","type":"berth","distance_to_coast":2298.7376037554404,"inside_china_land":false}},{"type":"Feature","geometry":{"type":"Polygon","coordinates":[[[119.68582122727274,26.813664684210526],[119.68606828947368,26.813664684210526],[119.68606828947368,26.814264363636365],[119.68582122727274,26.814264363636365],[119.68582122727274,26.813664684210526]]]},"properties":{"cluster_id":1202,"lat":26.8137115,"lon":119.686041,"count":5,"dwell_minutes":4989.099999999999,"center_method":"duration_weighted_stop_medoid","type":"berth","distance_to_coast":139.8898851040304,"inside_china_land":true}},{"type":"Feature","geometry":{"type":"Polygon","coordinates":[[[121.48244525581396,29.483102162790697],[121.48378570940172,29.483102162790697],[121.48378570940172,29.484131102564103],[121.48244525581396,29.484131102564103],[121.48244525581396,29.483102162790697]]]},"properties":{"cluster_id":1204,"lat":29.483653503597125,"lon":121.48324500719424,"count":7,"dwell_minutes":14257.966666666667,"center_method":"duration_weighted_stop_medoid","type":"berth","distance_to_coast":901.6829353673758,"inside_china_land":false}},{"type":"Feature","geometry":{"type":"Polygon","coordinates":[[[120.27216673584905,35.99244155555556],[120.27235680555555,35.99244155555556],[120.27235680555555,35.992976490566036],[120.27216673584905,35.992976490566036],[120.27216673584905,35.99244155555556]]]},"properties":{"cluster_id":1205,"lat":35.99250980952381,"lon":120.27235190476192,"count":5,"dwell_minutes":7561.85,"center_method":"duration_weighted_stop_medoid","type":"berth","distance_to_coast":51.144422587675955,"inside_china_land":false}},{"type":"Feature","geometry":{"type":"Polygon","coordinates":[[[119.37022217948717,35.09618636170213],[119.37204057446809,35.09618636170213],[119.37204057446809,35.096851046357614],[119.37022217948717,35.096851046357614],[119.37022217948717,35.09618636170213]]]},"properties":{"cluster_id":1206,"lat":35.096851046357614,"lon":119.37091055960266,"count":5,"dwell_minutes":16837.0,"center_method":"duration_weighted_stop_medoid","type":"berth","distance_to_coast":1297.1815169766433,"inside_china_land":false}},{"type":"Feature","geometry":{"type":"Polygon","coordinates":[[[120.21926049122807,36.02397678461538],[120.22008422222221,36.02397678461538],[120.22008422222221,36.02462244444445],[120.21926049122807,36.02462244444445],[120.21926049122807,36.02397678461538]]]},"properties":{"cluster_id":1208,"lat":36.02408054385965,"lon":120.21926049122808,"count":3,"dwell_minutes":4162.616666666667,"center_method":"duration_weighted_stop_medoid","type":"berth","distance_to_coast":3535.004588444425,"inside_china_land":false}},{"type":"Feature","geometry":{"type":"Polygon","coordinates":[[[120.2228654,36.026472525],[120.2239118095238,36.026472525],[120.2239118095238,36.02713704761905],[120.2228654,36.02713704761905],[120.2228654,36.026472525]]]},"properties":{"cluster_id":1209,"lat":36.026611525,"lon":120.22328817500002,"count":4,"dwell_minutes":4533.85,"center_method":"duration_weighted_stop_medoid","type":"berth","distance_to_coast":3750.4134474465313,"inside_china_land":false}},{"type":"Feature","geometry":{"type":"Polygon","coordinates":[[[119.78724675000001,34.4536153],[119.78767869999999,34.4536153],[119.78767869999999,34.45374425],[119.78724675000001,34.45374425],[119.78724675000001,34.4536153]]]},"properties":{"cluster_id":1210,"lat":34.4536153,"lon":119.7876787,"count":2,"dwell_minutes":367.95,"center_method":"duration_weighted_stop_medoid","type":"berth","distance_to_coast":3806.385757799306,"inside_china_land":true}},{"type":"Feature","geometry":{"type":"Polygon","coordinates":[[[119.4470496119403,34.73838710526315],[119.44716,34.73838710526315],[119.44716,34.73840147761194],[119.4470496119403,34.73840147761194],[119.4470496119403,34.73838710526315]]]},"properties":{"cluster_id":1211,"lat":34.73840147761194,"lon":119.4470496119403,"count":2,"dwell_minutes":2778.0166666666664,"center_method":"duration_weighted_stop_medoid","type":"berth","distance_to_coast":477.78021224739337,"inside_china_land":true}},{"type":"Feature","geometry":{"type":"Polygon","coordinates":[[[120.78636675999999,32.02341193939394],[120.78641345454547,32.02341193939394],[120.78641345454547,32.02342342666667],[120.78636675999999,32.02342342666667],[120.78636675999999,32.02341193939394]]]},"properties":{"cluster_id":1212,"lat":32.02342342666667,"lon":120.78636676,"count":2,"dwell_minutes":3126.916666666667,"center_method":"duration_weighted_stop_medoid","type":"berth","distance_to_coast":520.7321516465778,"inside_china_land":false}},{"type":"Feature","geometry":{"type":"Polygon","coordinates":[[[118.4940642162162,31.774922351351353],[118.4961438,31.774922351351353],[118.4961438,31.7768146],[118.4940642162162,31.7768146],[118.4940642162162,31.774922351351353]]]},"properties":{"cluster_id":1213,"lat":31.77528203614458,"lon":118.49468839759037,"count":16,"dwell_minutes":10107.483333333334,"center_method":"duration_weighted_stop_medoid","type":"berth","distance_to_coast":135528.95735369116,"inside_china_land":true}},{"type":"Feature","geometry":{"type":"Polygon","coordinates":[[[116.43803770588235,23.548768838235294],[116.43806714084508,23.548768838235294],[116.43806714084508,23.54885492253521],[116.43803770588235,23.54885492253521],[116.43803770588235,23.548768838235294]]]},"properties":{"cluster_id":1214,"lat":23.54885492253521,"lon":116.43804591549296,"count":3,"dwell_minutes":8176.116666666667,"center_method":"duration_weighted_stop_medoid","type":"berth","distance_to_coast":18441.55839741526,"inside_china_land":true}},{"type":"Feature","geometry":{"type":"Polygon","coordinates":[[[120.19234046341464,31.919013260869566],[120.1924358,31.919013260869566],[120.1924358,31.919145099999998],[120.19234046341464,31.919145099999998],[120.19234046341464,31.919013260869566]]]},"properties":{"cluster_id":1215,"lat":31.91907164383562,"lon":120.19234767123288,"count":7,"dwell_minutes":7373.200000000001,"center_method":"duration_weighted_stop_medoid","type":"berth","distance_to_coast":1773.3615472770666,"inside_china_land":false}},{"type":"Feature","geometry":{"type":"Polygon","coordinates":[[[121.55504744444445,31.32289856],[121.55524366666667,31.32289856],[121.55524366666667,31.322963333333334],[121.55504744444445,31.322963333333334],[121.55504744444445,31.32289856]]]},"properties":{"cluster_id":1216,"lat":31.32295952,"lon":121.55512404,"count":9,"dwell_minutes":4972.783333333334,"center_method":"duration_weighted_stop_medoid","type":"berth","distance_to_coast":4812.549583796051,"inside_china_land":true}},{"type":"Feature","geometry":{"type":"Polygon","coordinates":[[[121.95749807317074,29.888132362068966],[121.9592656764706,29.888132362068966],[121.9592656764706,29.888623029411765],[121.95749807317074,29.888623029411765],[121.95749807317074,29.888132362068966]]]},"properties":{"cluster_id":1217,"lat":29.888404947368414,"lon":121.95841234210526,"count":41,"dwell_minutes":41188.55,"center_method":"duration_weighted_stop_medoid","type":"berth","distance_to_coast":50.44172955212188,"inside_china_land":false}},{"type":"Feature","geometry":{"type":"Polygon","coordinates":[[[118.00528720689655,31.202086222222224],[118.00594522222224,31.202086222222224],[118.00594522222224,31.202796413793102],[118.00528720689655,31.202796413793102],[118.00528720689655,31.202086222222224]]]},"properties":{"cluster_id":1218,"lat":31.20237328301887,"lon":118.00582149056603,"count":3,"dwell_minutes":2605.2333333333336,"center_method":"duration_weighted_stop_medoid","type":"berth","distance_to_coast":220604.08094305903,"inside_china_land":true}},{"type":"Feature","geometry":{"type":"Polygon","coordinates":[[[120.24674221568628,35.97885810576923],[120.24681078723405,35.97885810576923],[120.24681078723405,35.978916625000004],[120.24674221568628,35.978916625000004],[120.24674221568628,35.97885810576923]]]},"properties":{"cluster_id":1219,"lat":35.97889422772277,"lon":120.24675614851483,"count":5,"dwell_minutes":11582.483333333334,"center_method":"duration_weighted_stop_medoid","type":"berth","distance_to_coast":307.9202848718357,"inside_china_land":false}},{"type":"Feature","geometry":{"type":"Polygon","coordinates":[[[121.4704171754386,31.42003757142857],[121.47417962698414,31.42003757142857],[121.47417962698414,31.422316230158728],[121.4704171754386,31.422316230158728],[121.4704171754386,31.42003757142857]]]},"properties":{"cluster_id":1220,"lat":31.421418691860467,"lon":121.47256280813954,"count":19,"dwell_minutes":44792.61666666667,"center_method":"duration_weighted_stop_medoid","type":"berth","distance_to_coast":1059.5329629971177,"inside_china_land":false}},{"type":"Feature","geometry":{"type":"Polygon","coordinates":[[[121.396107125,37.59567948148148],[121.39726070370371,37.59567948148148],[121.39726070370371,37.5960873125],[121.396107125,37.5960873125],[121.396107125,37.59567948148148]]]},"properties":{"cluster_id":1221,"lat":37.59567948148148,"lon":121.39726070370372,"count":2,"dwell_minutes":1105.5666666666666,"center_method":"duration_weighted_stop_medoid","type":"berth","distance_to_coast":172.15287888543602,"inside_china_land":true}},{"type":"Feature","geometry":{"type":"Polygon","coordinates":[[[121.48356536363636,28.692582333333334],[121.48369948648647,28.692582333333334],[121.48369948648647,28.692789769230767],[121.48356536363636,28.692789769230767],[121.48356536363636,28.692582333333334]]]},"properties":{"cluster_id":1222,"lat":28.69275523076923,"lon":121.48364234615384,"count":13,"dwell_minutes":10174.583333333332,"center_method":"duration_weighted_stop_medoid","type":"berth","distance_to_coast":1147.7911265348778,"inside_china_land":false}},{"type":"Feature","geometry":{"type":"Polygon","coordinates":[[[119.37825383333335,35.11007022222222],[119.37851334615385,35.11007022222222],[119.37851334615385,35.1109156],[119.37825383333335,35.1109156],[119.37825383333335,35.11007022222222]]]},"properties":{"cluster_id":1223,"lat":35.11061803571429,"lon":119.37844625,"count":15,"dwell_minutes":13397.533333333336,"center_method":"duration_weighted_stop_medoid","type":"berth","distance_to_coast":1196.2977397303869,"inside_china_land":false}},{"type":"Feature","geometry":{"type":"Polygon","coordinates":[[[120.21567569047619,36.01537457894737],[120.21656422916668,36.01537457894737],[120.21656422916668,36.017005976190475],[120.21567569047619,36.017005976190475],[120.21567569047619,36.01537457894737]]]},"properties":{"cluster_id":1224,"lat":36.01623203125,"lon":120.21656422916668,"count":4,"dwell_minutes":4903.75,"center_method":"duration_weighted_stop_medoid","type":"berth","distance_to_coast":2690.725424408384,"inside_china_land":false}},{"type":"Feature","geometry":{"type":"Polygon","coordinates":[[[114.61097594444443,22.73910191891892],[114.61138297142857,22.73910191891892],[114.61138297142857,22.739779448275865],[114.61097594444443,22.739779448275865],[114.61097594444443,22.73910191891892]]]},"properties":{"cluster_id":1225,"lat":22.73973548275862,"lon":114.61105889655173,"count":13,"dwell_minutes":11568.433333333332,"center_method":"duration_weighted_stop_medoid","type":"berth","distance_to_coast":620.2386989705138,"inside_china_land":false}},{"type":"Feature","geometry":{"type":"Polygon","coordinates":[[[108.59257090909091,21.7241574893617],[108.59315494117648,21.7241574893617],[108.59315494117648,21.72541505882353],[108.59257090909091,21.72541505882353],[108.59257090909091,21.7241574893617]]]},"properties":{"cluster_id":1226,"lat":21.72512195,"lon":108.59305975,"count":4,"dwell_minutes":5143.366666666667,"center_method":"duration_weighted_stop_medoid","type":"berth","distance_to_coast":1811.527112273836,"inside_china_land":false}},{"type":"Feature","geometry":{"type":"Polygon","coordinates":[[[113.0248344,22.813646000000002],[113.02775218604651,22.813646000000002],[113.02775218604651,22.81402918604651],[113.0248344,22.81402918604651],[113.0248344,22.813646000000002]]]},"properties":{"cluster_id":1227,"lat":22.81392004347826,"lon":113.026660057971,"count":8,"dwell_minutes":4914.783333333333,"center_method":"duration_weighted_stop_medoid","type":"berth","distance_to_coast":23452.46160065864,"inside_china_land":true}},{"type":"Feature","geometry":{"type":"Polygon","coordinates":[[[119.55912696551724,34.608389947368416],[119.5607302631579,34.608389947368416],[119.5607302631579,34.608906],[119.55912696551724,34.608906],[119.55912696551724,34.608389947368416]]]},"properties":{"cluster_id":1228,"lat":34.60842398989899,"lon":119.56035155555556,"count":4,"dwell_minutes":8867.9,"center_method":"duration_weighted_stop_medoid","type":"berth","distance_to_coast":1048.6293740005449,"inside_china_land":false}},{"type":"Feature","geometry":{"type":"Polygon","coordinates":[[[116.43728557831325,23.550006727272727],[116.43729709090908,23.550006727272727],[116.43729709090908,23.550071325301204],[116.43728557831325,23.550071325301204],[116.43728557831325,23.550006727272727]]]},"properties":{"cluster_id":1229,"lat":23.550071325301204,"lon":116.43728557831324,"count":2,"dwell_minutes":3309.5333333333333,"center_method":"duration_weighted_stop_medoid","type":"berth","distance_to_coast":18611.76906353674,"inside_china_land":true}},{"type":"Feature","geometry":{"type":"Polygon","coordinates":[[[113.00623560000001,22.8023234],[113.0064589375,22.8023234],[113.0064589375,22.802441555555554],[113.00623560000001,22.802441555555554],[113.00623560000001,22.8023234]]]},"properties":{"cluster_id":1230,"lat":22.802431825,"lon":113.006448525,"count":5,"dwell_minutes":3167.85,"center_method":"duration_weighted_stop_medoid","type":"berth","distance_to_coast":26090.419835129465,"inside_china_land":true}},{"type":"Feature","geometry":{"type":"Polygon","coordinates":[[[120.91196911428571,27.97878538181818],[120.91393267272727,27.97878538181818],[120.91393267272727,27.979306275862072],[120.91196911428571,27.979306275862072],[120.91196911428571,27.97878538181818]]]},"properties":{"cluster_id":1231,"lat":27.9790425,"lon":120.91302586363636,"count":21,"dwell_minutes":18100.033333333333,"center_method":"duration_weighted_stop_medoid","type":"berth","distance_to_coast":735.925313569235,"inside_china_land":false}},{"type":"Feature","geometry":{"type":"Polygon","coordinates":[[[113.492017,23.072147416666667],[113.49226983333334,23.072147416666667],[113.49226983333334,23.07386475471698],[113.492017,23.07386475471698],[113.492017,23.072147416666667]]]},"properties":{"cluster_id":1232,"lat":23.073006774647887,"lon":113.4921784084507,"count":8,"dwell_minutes":9800.766666666666,"center_method":"duration_weighted_stop_medoid","type":"berth","distance_to_coast":947.659531205928,"inside_china_land":true}},{"type":"Feature","geometry":{"type":"Polygon","coordinates":[[[121.40921751973684,37.594835714285715],[121.40950364285713,37.594835714285715],[121.40950364285713,37.59495158552632],[121.40921751973684,37.59495158552632],[121.40921751973684,37.594835714285715]]]},"properties":{"cluster_id":1233,"lat":37.59495158552632,"lon":121.40921751973684,"count":2,"dwell_minutes":4875.083333333333,"center_method":"duration_weighted_stop_medoid","type":"berth","distance_to_coast":85.30608010050673,"inside_china_land":false}},{"type":"Feature","geometry":{"type":"Polygon","coordinates":[[[118.50670482857142,39.101425428571424],[118.50684799999999,39.101425428571424],[118.50684799999999,39.10154491428571],[118.50670482857142,39.10154491428571],[118.50670482857142,39.101425428571424]]]},"properties":{"cluster_id":1236,"lat":39.10154491428571,"lon":118.50670482857142,"count":3,"dwell_minutes":1678.35,"center_method":"duration_weighted_stop_medoid","type":"berth","distance_to_coast":1328.6431359702055,"inside_china_land":false}},{"type":"Feature","geometry":{"type":"Polygon","coordinates":[[[121.65866335999999,38.996743985507244],[121.6591461328125,38.996743985507244],[121.6591461328125,38.9969273],[121.65866335999999,38.9969273],[121.65866335999999,38.996743985507244]]]},"properties":{"cluster_id":1239,"lat":38.99674866216216,"lon":121.6591177635135,"count":14,"dwell_minutes":53784.13333333333,"center_method":"duration_weighted_stop_medoid","type":"berth","distance_to_coast":887.6626646369949,"inside_china_land":false}},{"type":"Feature","geometry":{"type":"Polygon","coordinates":[[[119.61654278571429,26.463958],[119.617118875,26.463958],[119.617118875,26.4643084375],[119.61654278571429,26.4643084375],[119.61654278571429,26.463958]]]},"properties":{"cluster_id":1240,"lat":26.464237035714287,"lon":119.61696035714286,"count":17,"dwell_minutes":10232.533333333333,"center_method":"duration_weighted_stop_medoid","type":"berth","distance_to_coast":582.8557312419424,"inside_china_land":false}},{"type":"Feature","geometry":{"type":"Polygon","coordinates":[[[112.90418925,22.882296454545454],[112.9043880909091,22.882296454545454],[112.9043880909091,22.883089794871797],[112.90418925,22.883089794871797],[112.90418925,22.882296454545454]]]},"properties":{"cluster_id":1241,"lat":22.883089794871797,"lon":112.90421361538462,"count":3,"dwell_minutes":1396.2166666666667,"center_method":"duration_weighted_stop_medoid","type":"berth","distance_to_coast":34469.484252469716,"inside_china_land":true}},{"type":"Feature","geometry":{"type":"Polygon","coordinates":[[[113.07871985483871,22.389617065217394],[113.0788479009009,22.389617065217394],[113.0788479009009,22.389754072072073],[113.07871985483871,22.389754072072073],[113.07871985483871,22.389617065217394]]]},"properties":{"cluster_id":1242,"lat":22.38974520967742,"lon":113.07871985483872,"count":3,"dwell_minutes":8808.1,"center_method":"duration_weighted_stop_medoid","type":"berth","distance_to_coast":14438.47578219936,"inside_china_land":true}},{"type":"Feature","geometry":{"type":"Polygon","coordinates":[[[121.50264895918367,31.356081439024386],[121.50334190243903,31.356081439024386],[121.50334190243903,31.356587111111114],[121.50264895918367,31.356587111111114],[121.50264895918367,31.356081439024386]]]},"properties":{"cluster_id":1245,"lat":31.356489347826088,"lon":121.50283452173916,"count":10,"dwell_minutes":13106.95,"center_method":"duration_weighted_stop_medoid","type":"berth","distance_to_coast":3841.767600607864,"inside_china_land":true}},{"type":"Feature","geometry":{"type":"Polygon","coordinates":[[[113.54373405714286,22.97672372222222],[113.54428427777778,22.97672372222222],[113.54428427777778,22.978077714285714],[113.54373405714286,22.978077714285714],[113.54373405714286,22.97672372222222]]]},"properties":{"cluster_id":1246,"lat":22.977694156862743,"lon":113.54390403921568,"count":5,"dwell_minutes":5221.216666666667,"center_method":"duration_weighted_stop_medoid","type":"berth","distance_to_coast":1082.649809101266,"inside_china_land":false}},{"type":"Feature","geometry":{"type":"Polygon","coordinates":[[[108.5950576923077,21.72841916666667],[108.59674986363638,21.72841916666667],[108.59674986363638,21.73067347457627],[108.5950576923077,21.73067347457627],[108.5950576923077,21.72841916666667]]]},"properties":{"cluster_id":1247,"lat":21.728863054347823,"lon":108.59646876086956,"count":8,"dwell_minutes":14922.033333333333,"center_method":"duration_weighted_stop_medoid","type":"berth","distance_to_coast":1373.8989889937457,"inside_china_land":false}},{"type":"Feature","geometry":{"type":"Polygon","coordinates":[[[119.90009426666667,32.137765],[119.90152259999999,32.137765],[119.90152259999999,32.13966204166667],[119.90009426666667,32.13966204166667],[119.90009426666667,32.137765]]]},"properties":{"cluster_id":1248,"lat":32.13966204166667,"lon":119.90082088541668,"count":6,"dwell_minutes":3869.366666666667,"center_method":"duration_weighted_stop_medoid","type":"berth","distance_to_coast":856.5663371121049,"inside_china_land":false}},{"type":"Feature","geometry":{"type":"Polygon","coordinates":[[[118.508553,31.784835481481483],[118.50976375862071,31.784835481481483],[118.50976375862071,31.7853365],[118.508553,31.7853365],[118.508553,31.784835481481483]]]},"properties":{"cluster_id":1249,"lat":31.78529617241379,"lon":118.50976375862072,"count":3,"dwell_minutes":1729.0,"center_method":"duration_weighted_stop_medoid","type":"berth","distance_to_coast":133462.56753892213,"inside_china_land":true}},{"type":"Feature","geometry":{"type":"Polygon","coordinates":[[[121.79259424,29.968383439999997],[121.79268332,29.968383439999997],[121.79268332,29.96843464],[121.79259424,29.96843464],[121.79259424,29.968383439999997]]]},"properties":{"cluster_id":1250,"lat":29.968383439999997,"lon":121.79259424,"count":2,"dwell_minutes":1389.0333333333333,"center_method":"duration_weighted_stop_medoid","type":"berth","distance_to_coast":469.4928551110622,"inside_china_land":false}},{"type":"Feature","geometry":{"type":"Polygon","coordinates":[[[120.78275490909091,32.024707],[120.78277303571429,32.024707],[120.78277303571429,32.02472722727273],[120.78275490909091,32.02472722727273],[120.78275490909091,32.024707]]]},"properties":{"cluster_id":1251,"lat":32.024707,"lon":120.78277303571429,"count":2,"dwell_minutes":1608.0666666666666,"center_method":"duration_weighted_stop_medoid","type":"berth","distance_to_coast":448.5820788845618,"inside_china_land":false}},{"type":"Feature","geometry":{"type":"Polygon","coordinates":[[[118.45344159999999,24.675517875],[118.45353889473685,24.675517875],[118.45353889473685,24.67559760465116],[118.45344159999999,24.67559760465116],[118.45344159999999,24.675517875]]]},"properties":{"cluster_id":1252,"lat":24.675568472222224,"lon":118.45345088888888,"count":7,"dwell_minutes":7637.050000000001,"center_method":"duration_weighted_stop_medoid","type":"berth","distance_to_coast":2076.7882009539157,"inside_china_land":true}},{"type":"Feature","geometry":{"type":"Polygon","coordinates":[[[121.39182688311688,37.57740816883117],[121.39209415789473,37.57740816883117],[121.39209415789473,37.577472842105266],[121.39182688311688,37.577472842105266],[121.39182688311688,37.57740816883117]]]},"properties":{"cluster_id":1253,"lat":37.57740816883117,"lon":121.39182688311688,"count":2,"dwell_minutes":2676.2333333333336,"center_method":"duration_weighted_stop_medoid","type":"berth","distance_to_coast":1147.2357402628677,"inside_china_land":false}},{"type":"Feature","geometry":{"type":"Polygon","coordinates":[[[118.45077699999999,24.669410944444444],[118.45162257142856,24.669410944444444],[118.45162257142856,24.67043581818182],[118.45077699999999,24.67043581818182],[118.45077699999999,24.669410944444444]]]},"properties":{"cluster_id":1254,"lat":24.670117244897963,"lon":118.45136136734696,"count":12,"dwell_minutes":15058.3,"center_method":"duration_weighted_stop_medoid","type":"berth","distance_to_coast":1849.0249090944917,"inside_china_land":true}},{"type":"Feature","geometry":{"type":"Polygon","coordinates":[[[121.47089325,31.083403084210524],[121.47102104109588,31.083403084210524],[121.47102104109588,31.083575287671234],[121.47089325,31.083575287671234],[121.47089325,31.083403084210524]]]},"properties":{"cluster_id":1255,"lat":31.083403084210524,"lon":121.47096105263158,"count":3,"dwell_minutes":6993.9,"center_method":"duration_weighted_stop_medoid","type":"berth","distance_to_coast":35541.607501482446,"inside_china_land":true}},{"type":"Feature","geometry":{"type":"Polygon","coordinates":[[[121.38614057142857,37.59793128571429],[121.38620800000001,37.59793128571429],[121.38620800000001,37.59801176],[121.38614057142857,37.59801176],[121.38614057142857,37.59793128571429]]]},"properties":{"cluster_id":1256,"lat":37.59801176,"lon":121.386208,"count":2,"dwell_minutes":913.7166666666668,"center_method":"duration_weighted_stop_medoid","type":"berth","distance_to_coast":1231.5963357268802,"inside_china_land":true}},{"type":"Feature","geometry":{"type":"Polygon","coordinates":[[[117.75786505454545,38.98162728571429],[117.76138431707318,38.98162728571429],[117.76138431707318,38.98266415],[117.75786505454545,38.98266415],[117.75786505454545,38.98162728571429]]]},"properties":{"cluster_id":1257,"lat":38.981967454545455,"lon":117.76073704545456,"count":30,"dwell_minutes":19347.083333333332,"center_method":"duration_weighted_stop_medoid","type":"berth","distance_to_coast":52.98937834828358,"inside_china_land":true}},{"type":"Feature","geometry":{"type":"Polygon","coordinates":[[[121.50296455555555,28.692839363636367],[121.503291125,28.692839363636367],[121.503291125,28.6929483125],[121.50296455555555,28.6929483125],[121.50296455555555,28.692839363636367]]]},"properties":{"cluster_id":1258,"lat":28.69285118181818,"lon":121.50302747727272,"count":8,"dwell_minutes":6427.95,"center_method":"duration_weighted_stop_medoid","type":"berth","distance_to_coast":956.4770144132418,"inside_china_land":false}},{"type":"Feature","geometry":{"type":"Polygon","coordinates":[[[121.32183124242424,39.507926348484844],[121.3239794736842,39.507926348484844],[121.3239794736842,39.50903336363636],[121.32183124242424,39.50903336363636],[121.32183124242424,39.507926348484844]]]},"properties":{"cluster_id":1259,"lat":39.50842333898305,"lon":121.32265015254237,"count":19,"dwell_minutes":42394.48333333333,"center_method":"duration_weighted_stop_medoid","type":"berth","distance_to_coast":72.37424774833657,"inside_china_land":true}},{"type":"Feature","geometry":{"type":"Polygon","coordinates":[[[121.45340313636365,28.686684020408162],[121.453578,28.686684020408162],[121.453578,28.68686323076923],[121.45340313636365,28.68686323076923],[121.45340313636365,28.686684020408162]]]},"properties":{"cluster_id":1260,"lat":28.68674460465116,"lon":121.45350041860463,"count":8,"dwell_minutes":7866.15,"center_method":"duration_weighted_stop_medoid","type":"berth","distance_to_coast":370.2911272472288,"inside_china_land":true}},{"type":"Feature","geometry":{"type":"Polygon","coordinates":[[[122.43730126150832,36.87895575],[122.43835377777776,36.87895575],[122.43835377777776,36.879131615384615],[122.43730126150832,36.879131615384615],[122.43730126150832,36.87895575]]]},"properties":{"cluster_id":1261,"lat":36.87908635,"lon":122.43833855,"count":29,"dwell_minutes":73733.11666666665,"center_method":"duration_weighted_stop_medoid","type":"berth","distance_to_coast":350.50991263902233,"inside_china_land":false}},{"type":"Feature","geometry":{"type":"Polygon","coordinates":[[[121.81714981818182,30.84095873076923],[121.81819949999999,30.84095873076923],[121.81819949999999,30.841080178571428],[121.81714981818182,30.841080178571428],[121.81714981818182,30.84095873076923]]]},"properties":{"cluster_id":1262,"lat":30.84106448,"lon":121.81798228,"count":6,"dwell_minutes":4857.066666666667,"center_method":"duration_weighted_stop_medoid","type":"berth","distance_to_coast":1612.8684459322026,"inside_china_land":false}},{"type":"Feature","geometry":{"type":"Polygon","coordinates":[[[120.19250114035088,31.922691719298243],[120.19381314444443,31.922691719298243],[120.19381314444443,31.922968785714286],[120.19250114035088,31.922968785714286],[120.19250114035088,31.922691719298243]]]},"properties":{"cluster_id":1263,"lat":31.92294165555556,"lon":120.19381314444443,"count":3,"dwell_minutes":4425.966666666666,"center_method":"duration_weighted_stop_medoid","type":"berth","distance_to_coast":1808.9686762808024,"inside_china_land":false}},{"type":"Feature","geometry":{"type":"Polygon","coordinates":[[[119.74072213043478,32.32625895652174],[119.7421265,32.32625895652174],[119.7421265,32.326745425],[119.74072213043478,32.326745425],[119.74072213043478,32.32625895652174]]]},"properties":{"cluster_id":1264,"lat":32.326659444444445,"lon":119.74204344444443,"count":11,"dwell_minutes":10156.083333333332,"center_method":"duration_weighted_stop_medoid","type":"berth","distance_to_coast":37.275426739399315,"inside_china_land":false}},{"type":"Feature","geometry":{"type":"Polygon","coordinates":[[[122.14333065714285,29.7556916],[122.14345180188678,29.7556916],[122.14345180188678,29.75593793137255],[122.14333065714285,29.75593793137255],[122.14333065714285,29.7556916]]]},"properties":{"cluster_id":1265,"lat":29.755861892857144,"lon":122.14342710714286,"count":18,"dwell_minutes":20756.466666666667,"center_method":"duration_weighted_stop_medoid","type":"berth","distance_to_coast":2283.4185324708096,"inside_china_land":false}},{"type":"Feature","geometry":{"type":"Polygon","coordinates":[[[120.64355747692308,31.98963175384615],[120.64379379865773,31.98963175384615],[120.64379379865773,31.989741637583894],[120.64355747692308,31.989741637583894],[120.64355747692308,31.98963175384615]]]},"properties":{"cluster_id":1266,"lat":31.989741637583897,"lon":120.64379379865773,"count":2,"dwell_minutes":6151.916666666667,"center_method":"duration_weighted_stop_medoid","type":"berth","distance_to_coast":800.4784126015421,"inside_china_land":true}},{"type":"Feature","geometry":{"type":"Polygon","coordinates":[[[121.56020113043478,31.290916],[121.56031628571428,31.290916],[121.56031628571428,31.291413739130434],[121.56020113043478,31.291413739130434],[121.56020113043478,31.290916]]]},"properties":{"cluster_id":1268,"lat":31.291413739130434,"lon":121.56020113043478,"count":3,"dwell_minutes":2068.6166666666663,"center_method":"duration_weighted_stop_medoid","type":"berth","distance_to_coast":8389.665025799542,"inside_china_land":true}},{"type":"Feature","geometry":{"type":"Polygon","coordinates":[[[121.99868945,30.029969666666666],[121.99943655555556,30.029969666666666],[121.99943655555556,30.030650387096774],[121.99868945,30.030650387096774],[121.99868945,30.029969666666666]]]},"properties":{"cluster_id":1269,"lat":30.0305361,"lon":121.9988649,"count":6,"dwell_minutes":10424.016666666666,"center_method":"duration_weighted_stop_medoid","type":"berth","distance_to_coast":647.1197543247778,"inside_china_land":false}},{"type":"Feature","geometry":{"type":"Polygon","coordinates":[[[122.37834813043477,36.85958178947368],[122.3802074883721,36.85958178947368],[122.3802074883721,36.86023539534884],[122.37834813043477,36.86023539534884],[122.37834813043477,36.85958178947368]]]},"properties":{"cluster_id":1270,"lat":36.859756399999995,"lon":122.3786518,"count":11,"dwell_minutes":17174.466666666667,"center_method":"duration_weighted_stop_medoid","type":"berth","distance_to_coast":34.44935923011986,"inside_china_land":true}},{"type":"Feature","geometry":{"type":"Polygon","coordinates":[[[119.82859226666666,39.97683035483871],[119.8286378125,39.97683035483871],[119.8286378125,39.97718401388889],[119.82859226666666,39.97718401388889],[119.82859226666666,39.97683035483871]]]},"properties":{"cluster_id":1271,"lat":39.97684359663866,"lon":119.82861542016808,"count":6,"dwell_minutes":7660.733333333334,"center_method":"duration_weighted_stop_medoid","type":"berth","distance_to_coast":286.96014743428816,"inside_china_land":false}},{"type":"Feature","geometry":{"type":"Polygon","coordinates":[[[119.83459534545455,39.9773688],[119.83553326470589,39.9773688],[119.83553326470589,39.977777181818176],[119.83459534545455,39.977777181818176],[119.83459534545455,39.9773688]]]},"properties":{"cluster_id":1272,"lat":39.97744252941177,"lon":119.83553326470587,"count":3,"dwell_minutes":7741.966666666666,"center_method":"duration_weighted_stop_medoid","type":"berth","distance_to_coast":518.8553435606887,"inside_china_land":false}},{"type":"Feature","geometry":{"type":"Polygon","coordinates":[[[119.83405328571429,39.97235414285714],[119.83408000000001,39.97235414285714],[119.83408000000001,39.9723835],[119.83405328571429,39.9723835],[119.83405328571429,39.97235414285714]]]},"properties":{"cluster_id":1273,"lat":39.97235414285714,"lon":119.83405328571428,"count":2,"dwell_minutes":702.7166666666666,"center_method":"duration_weighted_stop_medoid","type":"berth","distance_to_coast":1128.2245623965473,"inside_china_land":false}},{"type":"Feature","geometry":{"type":"Polygon","coordinates":[[[120.08164657142858,31.946786142857142],[120.08185582692307,31.946786142857142],[120.08185582692307,31.946870096153848],[120.08164657142858,31.946870096153848],[120.08164657142858,31.946786142857142]]]},"properties":{"cluster_id":1274,"lat":31.946870096153848,"lon":120.08185582692307,"count":3,"dwell_minutes":2028.9,"center_method":"duration_weighted_stop_medoid","type":"berth","distance_to_coast":1366.1805613776858,"inside_china_land":false}},{"type":"Feature","geometry":{"type":"Polygon","coordinates":[[[121.109178,28.163054199999998],[121.10953057142856,28.163054199999998],[121.10953057142856,28.164416505494504],[121.109178,28.164416505494504],[121.109178,28.163054199999998]]]},"properties":{"cluster_id":1277,"lat":28.163168,"lon":121.10926195302012,"count":5,"dwell_minutes":14374.116666666669,"center_method":"duration_weighted_stop_medoid","type":"berth","distance_to_coast":2374.656626617382,"inside_china_land":false}},{"type":"Feature","geometry":{"type":"Polygon","coordinates":[[[121.63034202083333,32.081622333333335],[121.63052033333334,32.081622333333335],[121.63052033333334,32.08169247826087],[121.63034202083333,32.08169247826087],[121.63034202083333,32.081622333333335]]]},"properties":{"cluster_id":1278,"lat":32.08165235416667,"lon":121.63034202083333,"count":6,"dwell_minutes":4339.616666666667,"center_method":"duration_weighted_stop_medoid","type":"berth","distance_to_coast":1052.5304312263136,"inside_china_land":false}},{"type":"Feature","geometry":{"type":"Polygon","coordinates":[[[108.622489875,19.051520125],[108.62249433333334,19.051520125],[108.62249433333334,19.051526],[108.622489875,19.051526],[108.622489875,19.051520125]]]},"properties":{"cluster_id":1280,"lat":19.051520125,"lon":108.622489875,"count":2,"dwell_minutes":380.8833333333333,"center_method":"duration_weighted_stop_medoid","type":"berth","distance_to_coast":981.3270430297114,"inside_china_land":false}},{"type":"Feature","geometry":{"type":"Polygon","coordinates":[[[119.83090325,39.97807],[119.83091300000001,39.97807],[119.83091300000001,39.97809025],[119.83090325,39.97809025],[119.83090325,39.97807]]]},"properties":{"cluster_id":1284,"lat":39.978073,"lon":119.8309118,"count":3,"dwell_minutes":437.41666666666663,"center_method":"duration_weighted_stop_medoid","type":"berth","distance_to_coast":227.0167163939031,"inside_china_land":false}},{"type":"Feature","geometry":{"type":"Polygon","coordinates":[[[119.83103783333333,39.986756166666666],[119.83155975,39.986756166666666],[119.83155975,39.9867955],[119.83103783333333,39.9867955],[119.83103783333333,39.986756166666666]]]},"properties":{"cluster_id":1285,"lat":39.98676123809524,"lon":119.83127352380951,"count":8,"dwell_minutes":2758.166666666667,"center_method":"duration_weighted_stop_medoid","type":"berth","distance_to_coast":911.075821295508,"inside_china_land":true}},{"type":"Feature","geometry":{"type":"Polygon","coordinates":[[[119.82610671428571,39.975749071428574],[119.82703810752687,39.975749071428574],[119.82703810752687,39.976134489247315],[119.82610671428571,39.976134489247315],[119.82610671428571,39.975749071428574]]]},"properties":{"cluster_id":1286,"lat":39.976134489247315,"lon":119.82703810752687,"count":10,"dwell_minutes":8727.3,"center_method":"duration_weighted_stop_medoid","type":"berth","distance_to_coast":310.1522869162097,"inside_china_land":false}},{"type":"Feature","geometry":{"type":"Polygon","coordinates":[[[119.82372,39.966567999999995],[119.82372185714287,39.966567999999995],[119.82372185714287,39.966575285714285],[119.82372,39.966575285714285],[119.82372,39.966567999999995]]]},"properties":{"cluster_id":1287,"lat":39.966575285714285,"lon":119.82372185714289,"count":2,"dwell_minutes":233.93333333333337,"center_method":"duration_weighted_stop_medoid","type":"berth","distance_to_coast":1430.7377781838834,"inside_china_land":false}},{"type":"Feature","geometry":{"type":"Polygon","coordinates":[[[120.6110387070707,31.98899329292929],[120.6168965,31.98899329292929],[120.6168965,31.99040175],[120.6110387070707,31.99040175],[120.6110387070707,31.98899329292929]]]},"properties":{"cluster_id":1288,"lat":31.98975021875,"lon":120.61424246875,"count":34,"dwell_minutes":100622.98333333334,"center_method":"duration_weighted_stop_medoid","type":"berth","distance_to_coast":366.3111746180858,"inside_china_land":true}},{"type":"Feature","geometry":{"type":"Polygon","coordinates":[[[122.65517799999999,37.422196666666665],[122.65529533333334,37.422196666666665],[122.65529533333334,37.422525],[122.65517799999999,37.422525],[122.65517799999999,37.422196666666665]]]},"properties":{"cluster_id":1289,"lat":37.42244268,"lon":122.65526674,"count":20,"dwell_minutes":18559.2,"center_method":"duration_weighted_stop_medoid","type":"berth","distance_to_coast":1051.6294334570791,"inside_china_land":false}},{"type":"Feature","geometry":{"type":"Polygon","coordinates":[[[122.63570233333333,37.42023433333333],[122.63609550000001,37.42023433333333],[122.63609550000001,37.42036720833333],[122.63570233333333,37.42036720833333],[122.63570233333333,37.42023433333333]]]},"properties":{"cluster_id":1290,"lat":37.42031333519553,"lon":122.63597341340784,"count":9,"dwell_minutes":12656.116666666669,"center_method":"duration_weighted_stop_medoid","type":"berth","distance_to_coast":522.2477939023349,"inside_china_land":false}},{"type":"Feature","geometry":{"type":"Polygon","coordinates":[[[117.74142,38.98413175],[117.74150666666667,38.98413175],[117.74150666666667,38.9842616],[117.74142,38.9842616],[117.74142,38.98413175]]]},"properties":{"cluster_id":1291,"lat":38.98423826086957,"lon":117.74144,"count":5,"dwell_minutes":1148.2,"center_method":"duration_weighted_stop_medoid","type":"berth","distance_to_coast":240.74255900591035,"inside_china_land":true}},{"type":"Feature","geometry":{"type":"Polygon","coordinates":[[[119.6120666,34.587550799999995],[119.61216325,34.587550799999995],[119.61216325,34.58778016129032],[119.6120666,34.58778016129032],[119.6120666,34.587550799999995]]]},"properties":{"cluster_id":1292,"lat":34.58778016129032,"lon":119.6121314096774,"count":3,"dwell_minutes":10153.383333333331,"center_method":"duration_weighted_stop_medoid","type":"berth","distance_to_coast":2583.152365500712,"inside_china_land":false}},{"type":"Feature","geometry":{"type":"Polygon","coordinates":[[[121.43385523809523,37.55707566666666],[121.43392866666666,37.55707566666666],[121.43392866666666,37.557497833333336],[121.43385523809523,37.557497833333336],[121.43385523809523,37.55707566666666]]]},"properties":{"cluster_id":1296,"lat":37.55707566666666,"lon":121.43385523809523,"count":2,"dwell_minutes":470.93333333333334,"center_method":"duration_weighted_stop_medoid","type":"berth","distance_to_coast":2978.440688732632,"inside_china_land":false}},{"type":"Feature","geometry":{"type":"Polygon","coordinates":[[[118.0734132,38.16878357142857],[118.07410685714285,38.16878357142857],[118.07410685714285,38.1691098],[118.0734132,38.1691098],[118.0734132,38.16878357142857]]]},"properties":{"cluster_id":1300,"lat":38.16878357142857,"lon":118.07410685714284,"count":2,"dwell_minutes":214.28333333333333,"center_method":"duration_weighted_stop_medoid","type":"berth","distance_to_coast":2034.1364801986012,"inside_china_land":false}},{"type":"Feature","geometry":{"type":"Polygon","coordinates":[[[118.07522939999998,38.17236425],[118.07585675,38.17236425],[118.07585675,38.1728874],[118.07522939999998,38.1728874],[118.07522939999998,38.17236425]]]},"properties":{"cluster_id":1307,"lat":38.1728874,"lon":118.07522939999998,"count":2,"dwell_minutes":176.43333333333334,"center_method":"duration_weighted_stop_medoid","type":"berth","distance_to_coast":2302.339065080063,"inside_china_land":false}},{"type":"Feature","geometry":{"type":"Polygon","coordinates":[[[120.83880942857142,37.82165857142857],[120.84009672727274,37.82165857142857],[120.84009672727274,37.82206030263158],[120.83880942857142,37.82206030263158],[120.83880942857142,37.82165857142857]]]},"properties":{"cluster_id":1314,"lat":37.82206030263158,"lon":120.84003432894735,"count":4,"dwell_minutes":4368.016666666666,"center_method":"duration_weighted_stop_medoid","type":"berth","distance_to_coast":726.8298070494686,"inside_china_land":false}},{"type":"Feature","geometry":{"type":"Polygon","coordinates":[[[120.3062827,37.66428654545455],[120.30689325925925,37.66428654545455],[120.30689325925925,37.664908777777775],[120.3062827,37.664908777777775],[120.3062827,37.66428654545455]]]},"properties":{"cluster_id":1315,"lat":37.66456440909091,"lon":120.30663554545454,"count":5,"dwell_minutes":3164.4333333333334,"center_method":"duration_weighted_stop_medoid","type":"berth","distance_to_coast":8.086490044908649,"inside_china_land":false}},{"type":"Feature","geometry":{"type":"Polygon","coordinates":[[[121.37879464705881,37.56776876470588],[121.37881764705882,37.56776876470588],[121.37881764705882,37.567797784313726],[121.37879464705881,37.567797784313726],[121.37879464705881,37.56776876470588]]]},"properties":{"cluster_id":1317,"lat":37.567797784313726,"lon":121.37881764705882,"count":2,"dwell_minutes":3001.6000000000004,"center_method":"duration_weighted_stop_medoid","type":"berth","distance_to_coast":316.31665397011784,"inside_china_land":true}},{"type":"Feature","geometry":{"type":"Polygon","coordinates":[[[121.12222249999999,37.7194276],[121.12255571428571,37.7194276],[121.12255571428571,37.72042966666667],[121.12222249999999,37.72042966666667],[121.12222249999999,37.7194276]]]},"properties":{"cluster_id":1318,"lat":37.71949042857143,"lon":121.12255571428572,"count":3,"dwell_minutes":996.7166666666668,"center_method":"duration_weighted_stop_medoid","type":"berth","distance_to_coast":1840.244748180742,"inside_china_land":false}},{"type":"Feature","geometry":{"type":"Polygon","coordinates":[[[120.31600358536585,37.65740266666666],[120.31653191228071,37.65740266666666],[120.31653191228071,37.657917365853656],[120.31600358536585,37.657917365853656],[120.31600358536585,37.65740266666666]]]},"properties":{"cluster_id":1319,"lat":37.65754907017544,"lon":120.31653191228072,"count":3,"dwell_minutes":3008.55,"center_method":"duration_weighted_stop_medoid","type":"berth","distance_to_coast":660.977783290367,"inside_china_land":true}},{"type":"Feature","geometry":{"type":"Polygon","coordinates":[[[118.13810655555555,31.23539633333333],[118.14025710344828,31.23539633333333],[118.14025710344828,31.236914888888887],[118.13810655555555,31.236914888888887],[118.13810655555555,31.23539633333333]]]},"properties":{"cluster_id":1320,"lat":31.236728333333335,"lon":118.13997866666668,"count":13,"dwell_minutes":13289.749999999998,"center_method":"duration_weighted_stop_medoid","type":"berth","distance_to_coast":205972.40499966405,"inside_china_land":true}},{"type":"Feature","geometry":{"type":"Polygon","coordinates":[[[119.85179740000001,26.4951394],[119.85230670000001,26.4951394],[119.85230670000001,26.495758000000002],[119.85179740000001,26.495758000000002],[119.85179740000001,26.4951394]]]},"properties":{"cluster_id":1321,"lat":26.4951394,"lon":119.8523067,"count":2,"dwell_minutes":355.7166666666667,"center_method":"duration_weighted_stop_medoid","type":"berth","distance_to_coast":3535.8036089877405,"inside_china_land":false}},{"type":"Feature","geometry":{"type":"Polygon","coordinates":[[[118.00702919999999,31.194181125],[118.00751790909091,31.194181125],[118.00751790909091,31.194881099999996],[118.00702919999999,31.194881099999996],[118.00702919999999,31.194181125]]]},"properties":{"cluster_id":1323,"lat":31.194741181818184,"lon":118.00751790909092,"count":3,"dwell_minutes":724.9666666666667,"center_method":"duration_weighted_stop_medoid","type":"berth","distance_to_coast":221039.37008681527,"inside_china_land":true}},{"type":"Feature","geometry":{"type":"Polygon","coordinates":[[[118.77389163333333,32.12753441428571],[118.77810099999999,32.12753441428571],[118.77810099999999,32.13090768],[118.77389163333333,32.13090768],[118.77389163333333,32.12753441428571]]]},"properties":{"cluster_id":1324,"lat":32.129216687500005,"lon":118.775585375,"count":47,"dwell_minutes":50460.8,"center_method":"duration_weighted_stop_medoid","type":"berth","distance_to_coast":92874.57473338452,"inside_china_land":true}},{"type":"Feature","geometry":{"type":"Polygon","coordinates":[[[118.7575578,32.1982394],[118.7607856,32.1982394],[118.7607856,32.20286182608696],[118.7575578,32.20286182608696],[118.7575578,32.1982394]]]},"properties":{"cluster_id":1325,"lat":32.19919382352941,"lon":118.75782429411764,"count":53,"dwell_minutes":24824.0,"center_method":"duration_weighted_stop_medoid","type":"berth","distance_to_coast":94424.41622856705,"inside_china_land":true}},{"type":"Feature","geometry":{"type":"Polygon","coordinates":[[[118.00845178333334,31.200120391304345],[118.00960512500001,31.200120391304345],[118.00960512500001,31.2017511875],[118.00845178333334,31.2017511875],[118.00845178333334,31.200120391304345]]]},"properties":{"cluster_id":1326,"lat":31.2003990375,"lon":118.0086076875,"count":9,"dwell_minutes":6375.816666666666,"center_method":"duration_weighted_stop_medoid","type":"berth","distance_to_coast":220505.53698167732,"inside_china_land":true}},{"type":"Feature","geometry":{"type":"Polygon","coordinates":[[[118.46493655882354,31.7585914],[118.46967990909091,31.7585914],[118.46967990909091,31.761906976470588],[118.46493655882354,31.761906976470588],[118.46493655882354,31.7585914]]]},"properties":{"cluster_id":1328,"lat":31.7613678,"lon":118.4659748,"count":13,"dwell_minutes":11450.716666666664,"center_method":"duration_weighted_stop_medoid","type":"berth","distance_to_coast":139191.10673778734,"inside_china_land":true}},{"type":"Feature","geometry":{"type":"Polygon","coordinates":[[[117.99877675,31.105220666666664],[117.99905413333335,31.105220666666664],[117.99905413333335,31.10543266666667],[117.99877675,31.10543266666667],[117.99877675,31.105220666666664]]]},"properties":{"cluster_id":1329,"lat":31.10526365168539,"lon":117.99896076404497,"count":20,"dwell_minutes":18367.36666666667,"center_method":"duration_weighted_stop_medoid","type":"berth","distance_to_coast":228879.82549842133,"inside_china_land":true}},{"type":"Feature","geometry":{"type":"Polygon","coordinates":[[[119.92895133333333,32.088147142857146],[119.93047664999999,32.088147142857146],[119.93047664999999,32.08950431531532],[119.92895133333333,32.08950431531532],[119.92895133333333,32.088147142857146]]]},"properties":{"cluster_id":1330,"lat":32.088918371428576,"lon":119.93043077142858,"count":7,"dwell_minutes":7117.5,"center_method":"duration_weighted_stop_medoid","type":"berth","distance_to_coast":554.63963193376,"inside_china_land":false}},{"type":"Feature","geometry":{"type":"Polygon","coordinates":[[[118.06306916666666,31.19643577777778],[118.0631934,31.19643577777778],[118.0631934,31.196566375],[118.06306916666666,31.196566375],[118.06306916666666,31.19643577777778]]]},"properties":{"cluster_id":1331,"lat":31.1965542,"lon":118.0631934,"count":4,"dwell_minutes":1208.75,"center_method":"duration_weighted_stop_medoid","type":"berth","distance_to_coast":215938.0480043124,"inside_china_land":true}},{"type":"Feature","geometry":{"type":"Polygon","coordinates":[[[118.00306746153846,31.1974097],[118.00582944736841,31.1974097],[118.00582944736841,31.199671857142857],[118.00306746153846,31.199671857142857],[118.00306746153846,31.1974097]]]},"properties":{"cluster_id":1332,"lat":31.19876162745098,"lon":118.00417303921569,"count":9,"dwell_minutes":11516.966666666664,"center_method":"duration_weighted_stop_medoid","type":"berth","distance_to_coast":221029.68788495212,"inside_china_land":true}},{"type":"Feature","geometry":{"type":"Polygon","coordinates":[[[119.6927496,26.803789000000002],[119.69307912000001,26.803789000000002],[119.69307912000001,26.804046],[119.6927496,26.804046],[119.6927496,26.803789000000002]]]},"properties":{"cluster_id":1333,"lat":26.803885666666663,"lon":119.69297611111112,"count":7,"dwell_minutes":2789.166666666667,"center_method":"duration_weighted_stop_medoid","type":"berth","distance_to_coast":1120.149258709584,"inside_china_land":false}},{"type":"Feature","geometry":{"type":"Polygon","coordinates":[[[120.57726233333334,31.994456211267604],[120.5776251830986,31.994456211267604],[120.5776251830986,31.994607333333335],[120.57726233333334,31.994607333333335],[120.57726233333334,31.994456211267604]]]},"properties":{"cluster_id":1334,"lat":31.994456211267604,"lon":120.5776251830986,"count":2,"dwell_minutes":3180.4,"center_method":"duration_weighted_stop_medoid","type":"berth","distance_to_coast":664.1772063386389,"inside_china_land":true}},{"type":"Feature","geometry":{"type":"Polygon","coordinates":[[[118.21815333333332,31.289662],[118.2182372,31.289662],[118.2182372,31.2908306],[118.21815333333332,31.2908306],[118.21815333333332,31.289662]]]},"properties":{"cluster_id":1336,"lat":31.2908049,"lon":118.218165,"count":4,"dwell_minutes":761.0833333333333,"center_method":"duration_weighted_stop_medoid","type":"berth","distance_to_coast":194779.8945530723,"inside_china_land":true}},{"type":"Feature","geometry":{"type":"Polygon","coordinates":[[[118.21396185714286,31.286705361702126],[118.21543814285714,31.286705361702126],[118.21543814285714,31.28772067272727],[118.21396185714286,31.28772067272727],[118.21396185714286,31.286705361702126]]]},"properties":{"cluster_id":1337,"lat":31.287674600000003,"lon":118.2151094,"count":7,"dwell_minutes":4048.983333333333,"center_method":"duration_weighted_stop_medoid","type":"berth","distance_to_coast":195298.05208815407,"inside_china_land":true}},{"type":"Feature","geometry":{"type":"Polygon","coordinates":[[[118.00751176923077,31.202924199999998],[118.00768975,31.202924199999998],[118.00768975,31.20339575],[118.00751176923077,31.20339575],[118.00751176923077,31.202924199999998]]]},"properties":{"cluster_id":1338,"lat":31.202926333333338,"lon":118.007631,"count":5,"dwell_minutes":1691.4,"center_method":"duration_weighted_stop_medoid","type":"berth","distance_to_coast":220398.97500288143,"inside_china_land":true}},{"type":"Feature","geometry":{"type":"Polygon","coordinates":[[[119.93186539999999,32.08351035],[119.932191625,32.08351035],[119.932191625,32.08370625],[119.93186539999999,32.08370625],[119.93186539999999,32.08351035]]]},"properties":{"cluster_id":1339,"lat":32.08351035,"lon":119.9318654,"count":2,"dwell_minutes":700.9333333333334,"center_method":"duration_weighted_stop_medoid","type":"berth","distance_to_coast":805.9788244771884,"inside_china_land":false}},{"type":"Feature","geometry":{"type":"Polygon","coordinates":[[[119.446667,25.981667],[119.446667,25.981667],[119.446667,25.981667],[119.446667,25.981667],[119.446667,25.981667]]]},"properties":{"cluster_id":1341,"lat":25.981667,"lon":119.446667,"count":2,"dwell_minutes":186.08333333333337,"center_method":"duration_weighted_stop_medoid","type":"berth","distance_to_coast":29.000023545311407,"inside_china_land":false}},{"type":"Feature","geometry":{"type":"Polygon","coordinates":[[[121.06105033333334,31.80370452631579],[121.06149116666667,31.80370452631579],[121.06149116666667,31.803843076923076],[121.06105033333334,31.803843076923076],[121.06105033333334,31.80370452631579]]]},"properties":{"cluster_id":1342,"lat":31.803731866666663,"lon":121.06129117777778,"count":11,"dwell_minutes":22059.7,"center_method":"duration_weighted_stop_medoid","type":"berth","distance_to_coast":1174.8123501525267,"inside_china_land":false}},{"type":"Feature","geometry":{"type":"Polygon","coordinates":[[[119.18818276,32.231609],[119.18848716666668,32.231609],[119.18848716666668,32.23207972],[119.18818276,32.23207972],[119.18818276,32.231609]]]},"properties":{"cluster_id":1343,"lat":32.23207972,"lon":119.18818276,"count":2,"dwell_minutes":819.0,"center_method":"duration_weighted_stop_medoid","type":"berth","distance_to_coast":46746.04850653601,"inside_china_land":true}},{"type":"Feature","geometry":{"type":"Polygon","coordinates":[[[121.9699126875,29.94849839814815],[121.9705699537037,29.94849839814815],[121.9705699537037,29.9491740625],[121.9699126875,29.9491740625],[121.9699126875,29.94849839814815]]]},"properties":{"cluster_id":1344,"lat":29.94849839814815,"lon":121.9705699537037,"count":2,"dwell_minutes":3545.083333333333,"center_method":"duration_weighted_stop_medoid","type":"berth","distance_to_coast":149.494779833686,"inside_china_land":false}},{"type":"Feature","geometry":{"type":"Polygon","coordinates":[[[118.8387758125,32.23109713095238],[118.83888182022471,32.23109713095238],[118.83888182022471,32.23129013043478],[118.8387758125,32.23129013043478],[118.8387758125,32.23109713095238]]]},"properties":{"cluster_id":1345,"lat":32.23124529213484,"lon":118.83885958426968,"count":27,"dwell_minutes":63476.18333333333,"center_method":"duration_weighted_stop_medoid","type":"berth","distance_to_coast":85522.42752596785,"inside_china_land":true}},{"type":"Feature","geometry":{"type":"Polygon","coordinates":[[[121.99841585714287,29.92038522222222],[121.99925764705883,29.92038522222222],[121.99925764705883,29.921104145833336],[121.99841585714287,29.921104145833336],[121.99841585714287,29.92038522222222]]]},"properties":{"cluster_id":1348,"lat":29.92043409090909,"lon":121.99911509090909,"count":24,"dwell_minutes":27080.183333333334,"center_method":"duration_weighted_stop_medoid","type":"berth","distance_to_coast":657.3264937982817,"inside_china_land":false}},{"type":"Feature","geometry":{"type":"Polygon","coordinates":[[[119.193782,32.22962716666667],[119.19402695,32.22962716666667],[119.19402695,32.2301424],[119.193782,32.2301424],[119.193782,32.22962716666667]]]},"properties":{"cluster_id":1349,"lat":32.2301424,"lon":119.19402695,"count":3,"dwell_minutes":966.9833333333332,"center_method":"duration_weighted_stop_medoid","type":"berth","distance_to_coast":46073.83177127671,"inside_china_land":true}},{"type":"Feature","geometry":{"type":"Polygon","coordinates":[[[122.23378936666667,30.280486470588237],[122.23405289189189,30.280486470588237],[122.23405289189189,30.280585055555555],[122.23378936666667,30.280585055555555],[122.23378936666667,30.280486470588237]]]},"properties":{"cluster_id":1350,"lat":30.280524972972973,"lon":122.23396462162162,"count":22,"dwell_minutes":21895.250000000007,"center_method":"duration_weighted_stop_medoid","type":"berth","distance_to_coast":423.9896330771468,"inside_china_land":false}},{"type":"Feature","geometry":{"type":"Polygon","coordinates":[[[119.13312065853658,32.25175847368421],[119.13328327272728,32.25175847368421],[119.13328327272728,32.251983333333335],[119.13312065853658,32.251983333333335],[119.13312065853658,32.25175847368421]]]},"properties":{"cluster_id":1351,"lat":32.25192653846154,"lon":119.13322961538462,"count":21,"dwell_minutes":31601.68333333333,"center_method":"duration_weighted_stop_medoid","type":"berth","distance_to_coast":53129.27543685126,"inside_china_land":true}},{"type":"Feature","geometry":{"type":"Polygon","coordinates":[[[122.13177951428572,29.781067692307694],[122.1321175952381,29.781067692307694],[122.1321175952381,29.78207387878788],[122.13177951428572,29.78207387878788],[122.13177951428572,29.781067692307694]]]},"properties":{"cluster_id":1352,"lat":29.7811884893617,"lon":122.13209917021275,"count":10,"dwell_minutes":14655.466666666664,"center_method":"duration_weighted_stop_medoid","type":"berth","distance_to_coast":1159.5308359696155,"inside_china_land":false}},{"type":"Feature","geometry":{"type":"Polygon","coordinates":[[[118.519658,39.045365464285716],[118.52089428571428,39.045365464285716],[118.52089428571428,39.04576375],[118.519658,39.04576375],[118.519658,39.045365464285716]]]},"properties":{"cluster_id":1353,"lat":39.04550664285714,"lon":118.5198982244898,"count":57,"dwell_minutes":63226.683333333334,"center_method":"duration_weighted_stop_medoid","type":"berth","distance_to_coast":260.4732005821579,"inside_china_land":true}},{"type":"Feature","geometry":{"type":"Polygon","coordinates":[[[121.65442738095238,38.96614485714286],[121.65526344444444,38.96614485714286],[121.65526344444444,38.96663711111111],[121.65442738095238,38.96663711111111],[121.65442738095238,38.96614485714286]]]},"properties":{"cluster_id":1354,"lat":38.96654050724638,"lon":121.65503571014494,"count":20,"dwell_minutes":14375.666666666668,"center_method":"duration_weighted_stop_medoid","type":"berth","distance_to_coast":146.01845926854884,"inside_china_land":false}},{"type":"Feature","geometry":{"type":"Polygon","coordinates":[[[121.06748799999998,40.79722611111111],[121.06893851219513,40.79722611111111],[121.06893851219513,40.79774428571428],[121.06748799999998,40.79774428571428],[121.06748799999998,40.79722611111111]]]},"properties":{"cluster_id":1355,"lat":40.79741898888889,"lon":121.06779048888887,"count":15,"dwell_minutes":12719.716666666667,"center_method":"duration_weighted_stop_medoid","type":"berth","distance_to_coast":782.713670402623,"inside_china_land":false}},{"type":"Feature","geometry":{"type":"Polygon","coordinates":[[[117.76638192982456,38.97133480357143],[117.76645137179487,38.97133480357143],[117.76645137179487,38.97149520833333],[117.76638192982456,38.97149520833333],[117.76638192982456,38.97133480357143]]]},"properties":{"cluster_id":1357,"lat":38.9714690754717,"lon":117.76642281132077,"count":14,"dwell_minutes":21827.016666666663,"center_method":"duration_weighted_stop_medoid","type":"berth","distance_to_coast":1418.455091625342,"inside_china_land":false}},{"type":"Feature","geometry":{"type":"Polygon","coordinates":[[[121.0758662195122,37.72221793220339],[121.07701702702703,37.72221793220339],[121.07701702702703,37.722392425925925],[121.0758662195122,37.722392425925925],[121.0758662195122,37.72221793220339]]]},"properties":{"cluster_id":1360,"lat":37.72237375555555,"lon":121.07699464444444,"count":11,"dwell_minutes":16550.266666666666,"center_method":"duration_weighted_stop_medoid","type":"berth","distance_to_coast":1390.9191325742252,"inside_china_land":false}},{"type":"Feature","geometry":{"type":"Polygon","coordinates":[[[121.8986416111111,38.97718374418604],[121.89865158139536,38.97718374418604],[121.89865158139536,38.97719548148148],[121.8986416111111,38.97719548148148],[121.8986416111111,38.97718374418604]]]},"properties":{"cluster_id":1362,"lat":38.97719527118644,"lon":121.89864498305084,"count":3,"dwell_minutes":4599.416666666666,"center_method":"duration_weighted_stop_medoid","type":"berth","distance_to_coast":395.2529238965289,"inside_china_land":false}},{"type":"Feature","geometry":{"type":"Polygon","coordinates":[[[117.76095890196079,38.97212154901961],[117.7609968627451,38.97212154901961],[117.7609968627451,38.97228203636364],[117.76095890196079,38.97228203636364],[117.76095890196079,38.97212154901961]]]},"properties":{"cluster_id":1363,"lat":38.97226310810811,"lon":117.76098777027026,"count":5,"dwell_minutes":7976.6,"center_method":"duration_weighted_stop_medoid","type":"berth","distance_to_coast":1333.7176753251383,"inside_china_land":false}},{"type":"Feature","geometry":{"type":"Polygon","coordinates":[[[117.76344709803921,38.97172473469388],[117.763495546875,38.97172473469388],[117.763495546875,38.971884453125],[117.76344709803921,38.971884453125],[117.76344709803921,38.97172473469388]]]},"properties":{"cluster_id":1364,"lat":38.97173730769231,"lon":117.76346233846154,"count":9,"dwell_minutes":15019.133333333337,"center_method":"duration_weighted_stop_medoid","type":"berth","distance_to_coast":1395.7940533259173,"inside_china_land":false}},{"type":"Feature","geometry":{"type":"Polygon","coordinates":[[[121.90225078947368,38.9768272],[121.90314668421053,38.9768272],[121.90314668421053,38.97788087719298],[121.90225078947368,38.97788087719298],[121.90225078947368,38.9768272]]]},"properties":{"cluster_id":1365,"lat":38.97787491935484,"lon":121.90226377419354,"count":12,"dwell_minutes":16910.466666666667,"center_method":"duration_weighted_stop_medoid","type":"berth","distance_to_coast":794.2187765645109,"inside_china_land":false}},{"type":"Feature","geometry":{"type":"Polygon","coordinates":[[[117.75792987755102,38.972841781818175],[117.75809609615385,38.972841781818175],[117.75809609615385,38.972885020408164],[117.75792987755102,38.972885020408164],[117.75792987755102,38.972841781818175]]]},"properties":{"cluster_id":1367,"lat":38.97285361904762,"lon":117.75807864285714,"count":7,"dwell_minutes":10822.433333333332,"center_method":"duration_weighted_stop_medoid","type":"berth","distance_to_coast":1264.6904289026058,"inside_china_land":false}},{"type":"Feature","geometry":{"type":"Polygon","coordinates":[[[118.95593404597702,32.16931455789474],[118.95604445000001,32.16931455789474],[118.95604445000001,32.169474880434784],[118.95593404597702,32.169474880434784],[118.95593404597702,32.16931455789474]]]},"properties":{"cluster_id":1369,"lat":32.16944626966292,"lon":118.95596296629212,"count":16,"dwell_minutes":32821.6,"center_method":"duration_weighted_stop_medoid","type":"berth","distance_to_coast":72457.45394156134,"inside_china_land":true}},{"type":"Feature","geometry":{"type":"Polygon","coordinates":[[[120.30185696721311,37.65990498360655],[120.30187809615384,37.65990498360655],[120.30187809615384,37.65993229126214],[120.30185696721311,37.65993229126214],[120.30185696721311,37.65990498360655]]]},"properties":{"cluster_id":1370,"lat":37.65993229126214,"lon":120.30186438834951,"count":3,"dwell_minutes":6141.283333333333,"center_method":"duration_weighted_stop_medoid","type":"berth","distance_to_coast":739.2266355091793,"inside_china_land":false}},{"type":"Feature","geometry":{"type":"Polygon","coordinates":[[[121.08084436666667,37.722186125],[121.08121071794871,37.722186125],[121.08121071794871,37.722413186046516],[121.08084436666667,37.722413186046516],[121.08084436666667,37.722186125]]]},"properties":{"cluster_id":1372,"lat":37.72241318604651,"lon":121.0809303255814,"count":5,"dwell_minutes":6902.516666666666,"center_method":"duration_weighted_stop_medoid","type":"berth","distance_to_coast":1459.066317930201,"inside_china_land":false}},{"type":"Feature","geometry":{"type":"Polygon","coordinates":[[[121.66016757142857,31.35922575],[121.660680375,31.35922575],[121.660680375,31.359997357142856],[121.66016757142857,31.359997357142856],[121.66016757142857,31.35922575]]]},"properties":{"cluster_id":1373,"lat":31.359997357142856,"lon":121.66016757142856,"count":2,"dwell_minutes":503.15,"center_method":"duration_weighted_stop_medoid","type":"berth","distance_to_coast":3560.24397909875,"inside_china_land":false}},{"type":"Feature","geometry":{"type":"Polygon","coordinates":[[[113.55894857142857,22.917025000000002],[113.559843,22.917025000000002],[113.559843,22.917830142857145],[113.55894857142857,22.917830142857145],[113.55894857142857,22.917025000000002]]]},"properties":{"cluster_id":1375,"lat":22.917830142857145,"lon":113.55894857142856,"count":2,"dwell_minutes":267.76666666666665,"center_method":"duration_weighted_stop_medoid","type":"berth","distance_to_coast":794.6799973494817,"inside_china_land":false}},{"type":"Feature","geometry":{"type":"Polygon","coordinates":[[[122.16525028846155,30.247330563953486],[122.16613834302326,30.247330563953486],[122.16613834302326,30.247525942307693],[122.16525028846155,30.247525942307693],[122.16525028846155,30.247330563953486]]]},"properties":{"cluster_id":1378,"lat":30.247330563953486,"lon":122.16613834302326,"count":2,"dwell_minutes":6678.266666666666,"center_method":"duration_weighted_stop_medoid","type":"berth","distance_to_coast":266.07133354344273,"inside_china_land":false}},{"type":"Feature","geometry":{"type":"Polygon","coordinates":[[[120.83710457575758,37.815909659999996],[120.83711675999999,37.815909659999996],[120.83711675999999,37.815949878787876],[120.83710457575758,37.815949878787876],[120.83710457575758,37.815909659999996]]]},"properties":{"cluster_id":1379,"lat":37.81590966,"lon":120.83711676,"count":2,"dwell_minutes":2374.2333333333336,"center_method":"duration_weighted_stop_medoid","type":"berth","distance_to_coast":23.139610186486447,"inside_china_land":true}},{"type":"Feature","geometry":{"type":"Polygon","coordinates":[[[119.9297546,32.08431208235294],[119.9308479882353,32.08431208235294],[119.9308479882353,32.0851886],[119.9297546,32.0851886],[119.9297546,32.08431208235294]]]},"properties":{"cluster_id":1382,"lat":32.08431208235294,"lon":119.9308479882353,"count":4,"dwell_minutes":3837.816666666666,"center_method":"duration_weighted_stop_medoid","type":"berth","distance_to_coast":843.9720068240847,"inside_china_land":false}},{"type":"Feature","geometry":{"type":"Polygon","coordinates":[[[120.28311413770491,37.6490512],[120.28317236,37.6490512],[120.28317236,37.64915005245902],[120.28311413770491,37.64915005245902],[120.28311413770491,37.6490512]]]},"properties":{"cluster_id":1383,"lat":37.64915005245902,"lon":120.28311413770491,"count":2,"dwell_minutes":9565.583333333332,"center_method":"duration_weighted_stop_medoid","type":"berth","distance_to_coast":3136.9096629490236,"inside_china_land":false}},{"type":"Feature","geometry":{"type":"Polygon","coordinates":[[[120.3135140378788,37.658599333333335],[120.31413465333334,37.658599333333335],[120.31413465333334,37.65907005333333],[120.3135140378788,37.65907005333333],[120.3135140378788,37.658599333333335]]]},"properties":{"cluster_id":1384,"lat":37.658599333333335,"lon":120.3135140378788,"count":3,"dwell_minutes":6605.55,"center_method":"duration_weighted_stop_medoid","type":"berth","distance_to_coast":401.4258393634169,"inside_china_land":true}},{"type":"Feature","geometry":{"type":"Polygon","coordinates":[[[121.16058225,31.702113583333333],[121.16064539999999,31.702113583333333],[121.16064539999999,31.702881400000003],[121.16058225,31.702881400000003],[121.16058225,31.702113583333333]]]},"properties":{"cluster_id":1385,"lat":31.702113583333333,"lon":121.16058225,"count":2,"dwell_minutes":407.5499999999999,"center_method":"duration_weighted_stop_medoid","type":"berth","distance_to_coast":2908.486349870919,"inside_china_land":false}},{"type":"Feature","geometry":{"type":"Polygon","coordinates":[[[116.54251242857143,22.94670428125],[116.542827875,22.94670428125],[116.542827875,22.946936142857144],[116.54251242857143,22.946936142857144],[116.54251242857143,22.94670428125]]]},"properties":{"cluster_id":1387,"lat":22.94678808333333,"lon":116.54259116666668,"count":3,"dwell_minutes":1553.5,"center_method":"duration_weighted_stop_medoid","type":"berth","distance_to_coast":3653.494033728624,"inside_china_land":false}},{"type":"Feature","geometry":{"type":"Polygon","coordinates":[[[117.99737441666667,31.17343952173913],[117.99753,31.17343952173913],[117.99753,31.173480750000003],[117.99737441666667,31.173480750000003],[117.99737441666667,31.17343952173913]]]},"properties":{"cluster_id":1389,"lat":31.17344921052631,"lon":117.99741542105264,"count":5,"dwell_minutes":20354.35,"center_method":"duration_weighted_stop_medoid","type":"berth","distance_to_coast":223593.69657632743,"inside_china_land":true}},{"type":"Feature","geometry":{"type":"Polygon","coordinates":[[[121.94700025,30.114946],[121.94800972727272,30.114946],[121.94800972727272,30.11598625],[121.94700025,30.11598625],[121.94700025,30.114946]]]},"properties":{"cluster_id":1391,"lat":30.115087999999997,"lon":121.94777714285716,"count":158,"dwell_minutes":45533.28333333333,"center_method":"duration_weighted_stop_medoid","type":"berth","distance_to_coast":2592.703800111307,"inside_china_land":false}},{"type":"Feature","geometry":{"type":"Polygon","coordinates":[[[116.37178,23.524388481481484],[116.37404604395604,23.524388481481484],[116.37404604395604,23.5249504],[116.37178,23.5249504],[116.37178,23.524388481481484]]]},"properties":{"cluster_id":1394,"lat":23.5249504,"lon":116.37381385,"count":6,"dwell_minutes":7432.983333333334,"center_method":"duration_weighted_stop_medoid","type":"berth","distance_to_coast":21056.611206885373,"inside_china_land":true}},{"type":"Feature","geometry":{"type":"Polygon","coordinates":[[[114.62812588888889,22.735904736842105],[114.62859466666667,22.735904736842105],[114.62859466666667,22.737011333333335],[114.62812588888889,22.737011333333335],[114.62812588888889,22.735904736842105]]]},"properties":{"cluster_id":1395,"lat":22.736474571428573,"lon":114.62841476190476,"count":10,"dwell_minutes":4820.483333333334,"center_method":"duration_weighted_stop_medoid","type":"berth","distance_to_coast":1904.7941242849988,"inside_china_land":false}},{"type":"Feature","geometry":{"type":"Polygon","coordinates":[[[118.52854941176471,31.8153738627451],[118.52867981300813,31.8153738627451],[118.52867981300813,31.815675910569105],[118.52854941176471,31.815675910569105],[118.52854941176471,31.8153738627451]]]},"properties":{"cluster_id":1397,"lat":31.8153738627451,"lon":118.52854941176471,"count":2,"dwell_minutes":8159.416666666666,"center_method":"duration_weighted_stop_medoid","type":"berth","distance_to_coast":129984.76849198288,"inside_china_land":true}},{"type":"Feature","geometry":{"type":"Polygon","coordinates":[[[120.89168744999999,31.91179915],[120.8919813,31.91179915],[120.8919813,31.9121212],[120.89168744999999,31.9121212],[120.89168744999999,31.91179915]]]},"properties":{"cluster_id":1398,"lat":31.91179915,"lon":120.89168745,"count":2,"dwell_minutes":553.6333333333333,"center_method":"duration_weighted_stop_medoid","type":"berth","distance_to_coast":2245.1784510644075,"inside_china_land":false}},{"type":"Feature","geometry":{"type":"Polygon","coordinates":[[[118.37937403076923,31.547135863636367],[118.38344325,31.547135863636367],[118.38344325,31.5498804375],[118.37937403076923,31.5498804375],[118.37937403076923,31.547135863636367]]]},"properties":{"cluster_id":1399,"lat":31.5485120078125,"lon":118.38010980468748,"count":10,"dwell_minutes":17967.65,"center_method":"duration_weighted_stop_medoid","type":"berth","distance_to_coast":160775.87930859663,"inside_china_land":true}},{"type":"Feature","geometry":{"type":"Polygon","coordinates":[[[111.82235154545455,21.6860985],[111.82337824999999,21.6860985],[111.82337824999999,21.688162545454546],[111.82235154545455,21.688162545454546],[111.82235154545455,21.6860985]]]},"properties":{"cluster_id":1400,"lat":21.688155684210525,"lon":111.82236894736845,"count":8,"dwell_minutes":4810.433333333333,"center_method":"duration_weighted_stop_medoid","type":"berth","distance_to_coast":1656.335413299612,"inside_china_land":false}},{"type":"Feature","geometry":{"type":"Polygon","coordinates":[[[117.99503960416666,31.099098833333333],[117.995535275,31.099098833333333],[117.995535275,31.099676975],[117.99503960416666,31.099676975],[117.99503960416666,31.099098833333333]]]},"properties":{"cluster_id":1401,"lat":31.09920275,"lon":117.99512115,"count":3,"dwell_minutes":3474.55,"center_method":"duration_weighted_stop_medoid","type":"berth","distance_to_coast":229705.66615654665,"inside_china_land":true}},{"type":"Feature","geometry":{"type":"Polygon","coordinates":[[[120.88623050000001,31.9163465],[120.88659145454545,31.9163465],[120.88659145454545,31.916577181818184],[120.88623050000001,31.916577181818184],[120.88623050000001,31.9163465]]]},"properties":{"cluster_id":1402,"lat":31.916577181818184,"lon":120.88659145454544,"count":2,"dwell_minutes":275.1333333333333,"center_method":"duration_weighted_stop_medoid","type":"berth","distance_to_coast":2423.920991685356,"inside_china_land":false}},{"type":"Feature","geometry":{"type":"Polygon","coordinates":[[[121.71253477777776,29.018388075],[121.7129265,29.018388075],[121.7129265,29.0186062],[121.71253477777776,29.0186062],[121.71253477777776,29.018388075]]]},"properties":{"cluster_id":1403,"lat":29.01852014285714,"lon":121.71270774285716,"count":99,"dwell_minutes":96592.41666666669,"center_method":"duration_weighted_stop_medoid","type":"berth","distance_to_coast":2557.889651865778,"inside_china_land":false}},{"type":"Feature","geometry":{"type":"Polygon","coordinates":[[[119.98406835714286,32.01523378571429],[119.984254875,32.01523378571429],[119.984254875,32.0153325],[119.98406835714286,32.0153325],[119.98406835714286,32.01523378571429]]]},"properties":{"cluster_id":1412,"lat":32.01528278260869,"lon":119.98410152173912,"count":4,"dwell_minutes":2221.7666666666664,"center_method":"duration_weighted_stop_medoid","type":"berth","distance_to_coast":782.6861893313724,"inside_china_land":false}},{"type":"Feature","geometry":{"type":"Polygon","coordinates":[[[108.57925416666666,21.732027428571428],[108.57955932258065,21.732027428571428],[108.57955932258065,21.732081500000003],[108.57925416666666,21.732081500000003],[108.57925416666666,21.732027428571428]]]},"properties":{"cluster_id":1415,"lat":21.732050899999997,"lon":108.5793172,"count":5,"dwell_minutes":2265.5666666666666,"center_method":"duration_weighted_stop_medoid","type":"berth","distance_to_coast":1950.1161890546616,"inside_china_land":false}},{"type":"Feature","geometry":{"type":"Polygon","coordinates":[[[114.5838135,22.707610166666665],[114.58394900000002,22.707610166666665],[114.58394900000002,22.707832636363637],[114.5838135,22.707832636363637],[114.5838135,22.707610166666665]]]},"properties":{"cluster_id":1417,"lat":22.707787181818183,"lon":114.58389303030305,"count":4,"dwell_minutes":1963.8166666666668,"center_method":"duration_weighted_stop_medoid","type":"berth","distance_to_coast":1562.675971923245,"inside_china_land":false}},{"type":"Feature","geometry":{"type":"Polygon","coordinates":[[[122.14890573584906,29.760358150943397],[122.14896149056604,29.760358150943397],[122.14896149056604,29.7604209245283],[122.14890573584906,29.7604209245283],[122.14890573584906,29.760358150943397]]]},"properties":{"cluster_id":1420,"lat":29.760358150943397,"lon":122.14896149056604,"count":2,"dwell_minutes":2888.8999999999996,"center_method":"duration_weighted_stop_medoid","type":"berth","distance_to_coast":3004.19635238531,"inside_china_land":false}},{"type":"Feature","geometry":{"type":"Polygon","coordinates":[[[118.85259733333334,32.17454775],[118.85843104347826,32.17454775],[118.85843104347826,32.178093857142855],[118.85259733333334,32.178093857142855],[118.85259733333334,32.17454775]]]},"properties":{"cluster_id":1421,"lat":32.1766390754717,"lon":118.85608571698114,"count":30,"dwell_minutes":21519.216666666667,"center_method":"duration_weighted_stop_medoid","type":"berth","distance_to_coast":83528.16832943588,"inside_china_land":true}},{"type":"Feature","geometry":{"type":"Polygon","coordinates":[[[121.64738333333332,29.508347316455698],[121.64850188888889,29.508347316455698],[121.64850188888889,29.508990276595743],[121.64738333333332,29.508990276595743],[121.64738333333332,29.508347316455698]]]},"properties":{"cluster_id":1423,"lat":29.508397666666667,"lon":121.64770655555556,"count":27,"dwell_minutes":21599.68333333333,"center_method":"duration_weighted_stop_medoid","type":"berth","distance_to_coast":1223.4528521012735,"inside_china_land":false}},{"type":"Feature","geometry":{"type":"Polygon","coordinates":[[[117.39339269565218,30.72005860869565],[117.39346776470587,30.72005860869565],[117.39346776470587,30.72016917647059],[117.39339269565218,30.72016917647059],[117.39339269565218,30.72005860869565]]]},"properties":{"cluster_id":1424,"lat":30.720124838709676,"lon":117.39339941935484,"count":4,"dwell_minutes":2440.25,"center_method":"duration_weighted_stop_medoid","type":"berth","distance_to_coast":312754.09384017426,"inside_china_land":true}},{"type":"Feature","geometry":{"type":"Polygon","coordinates":[[[118.16432058333334,31.255308083333333],[118.166562,31.255308083333333],[118.166562,31.256452999999997],[118.16432058333334,31.256452999999997],[118.16432058333334,31.255308083333333]]]},"properties":{"cluster_id":1425,"lat":31.255727833333335,"lon":118.165309,"count":10,"dwell_minutes":2985.583333333334,"center_method":"duration_weighted_stop_medoid","type":"berth","distance_to_coast":202229.0922529832,"inside_china_land":true}},{"type":"Feature","geometry":{"type":"Polygon","coordinates":[[[121.85685391666668,29.939548066666667],[121.85793340000001,29.939548066666667],[121.85793340000001,29.939911857142857],[121.85685391666668,29.939911857142857],[121.85685391666668,29.939548066666667]]]},"properties":{"cluster_id":1426,"lat":29.939634013888888,"lon":121.85778954166666,"count":24,"dwell_minutes":25905.35,"center_method":"duration_weighted_stop_medoid","type":"berth","distance_to_coast":238.0176446453289,"inside_china_land":false}},{"type":"Feature","geometry":{"type":"Polygon","coordinates":[[[118.76061933333334,32.196308599999995],[118.76118019999998,32.196308599999995],[118.76118019999998,32.1967595],[118.76061933333334,32.1967595],[118.76061933333334,32.196308599999995]]]},"properties":{"cluster_id":1427,"lat":32.196308599999995,"lon":118.76118019999998,"count":2,"dwell_minutes":226.78333333333333,"center_method":"duration_weighted_stop_medoid","type":"berth","distance_to_coast":94050.4023627943,"inside_china_land":true}},{"type":"Feature","geometry":{"type":"Polygon","coordinates":[[[119.2729167105263,32.2012834],[119.2746826,32.2012834],[119.2746826,32.20279081578947],[119.2729167105263,32.20279081578947],[119.2729167105263,32.2012834]]]},"properties":{"cluster_id":1429,"lat":32.2021390875,"lon":119.2739431125,"count":7,"dwell_minutes":5440.216666666666,"center_method":"duration_weighted_stop_medoid","type":"berth","distance_to_coast":36976.22077733233,"inside_china_land":true}},{"type":"Feature","geometry":{"type":"Polygon","coordinates":[[[121.5012916849315,29.492466761904762],[121.50233268749999,29.492466761904762],[121.50233268749999,29.492921903225806],[121.5012916849315,29.492921903225806],[121.5012916849315,29.492466761904762]]]},"properties":{"cluster_id":1430,"lat":29.492866846153845,"lon":121.50219276923076,"count":10,"dwell_minutes":8428.233333333334,"center_method":"duration_weighted_stop_medoid","type":"berth","distance_to_coast":1193.8932874449424,"inside_china_land":false}},{"type":"Feature","geometry":{"type":"Polygon","coordinates":[[[119.2807251219512,32.197427875],[119.28416791304349,32.197427875],[119.28416791304349,32.19969973076923],[119.2807251219512,32.19969973076923],[119.2807251219512,32.197427875]]]},"properties":{"cluster_id":1431,"lat":32.19875942857143,"lon":119.28287485714286,"count":9,"dwell_minutes":11488.2,"center_method":"duration_weighted_stop_medoid","type":"berth","distance_to_coast":35976.392016377,"inside_china_land":true}},{"type":"Feature","geometry":{"type":"Polygon","coordinates":[[[119.05608125,32.21915725],[119.05951145454546,32.21915725],[119.05951145454546,32.22411116666667],[119.05608125,32.22411116666667],[119.05608125,32.21915725]]]},"properties":{"cluster_id":1432,"lat":32.22233156,"lon":119.05736026,"count":18,"dwell_minutes":9618.250000000002,"center_method":"duration_weighted_stop_medoid","type":"berth","distance_to_coast":61171.14301539934,"inside_china_land":true}},{"type":"Feature","geometry":{"type":"Polygon","coordinates":[[[119.2797648,32.2002916],[119.2798262,32.2002916],[119.2798262,32.2004034],[119.2797648,32.2004034],[119.2797648,32.2002916]]]},"properties":{"cluster_id":1433,"lat":32.2002916,"lon":119.2797648,"count":2,"dwell_minutes":237.1,"center_method":"duration_weighted_stop_medoid","type":"berth","distance_to_coast":36324.49176181054,"inside_china_land":true}},{"type":"Feature","geometry":{"type":"Polygon","coordinates":[[[122.40183,30.402959999999997],[122.40186533333333,30.402959999999997],[122.40186533333333,30.403147333333333],[122.40183,30.403147333333333],[122.40183,30.402959999999997]]]},"properties":{"cluster_id":1434,"lat":30.403147333333333,"lon":122.40186533333332,"count":2,"dwell_minutes":138.56666666666666,"center_method":"duration_weighted_stop_medoid","type":"berth","distance_to_coast":2005.4386515057288,"inside_china_land":false}},{"type":"Feature","geometry":{"type":"Polygon","coordinates":[[[119.75197928125,26.59682104166667],[119.75206945833334,26.59682104166667],[119.75206945833334,26.596886524390246],[119.75197928125,26.596886524390246],[119.75197928125,26.59682104166667]]]},"properties":{"cluster_id":1435,"lat":26.5968568,"lon":119.7520351,"count":11,"dwell_minutes":31631.45,"center_method":"duration_weighted_stop_medoid","type":"berth","distance_to_coast":1160.2082276701842,"inside_china_land":false}},{"type":"Feature","geometry":{"type":"Polygon","coordinates":[[[121.88766675,29.930408],[121.88800923333334,29.930408],[121.88800923333334,29.930612770833335],[121.88766675,29.930612770833335],[121.88766675,29.930408]]]},"properties":{"cluster_id":1436,"lat":29.93055485,"lon":121.88800923333334,"count":8,"dwell_minutes":6229.916666666667,"center_method":"duration_weighted_stop_medoid","type":"berth","distance_to_coast":409.3042315289496,"inside_china_land":false}},{"type":"Feature","geometry":{"type":"Polygon","coordinates":[[[119.94946527272727,32.04261463636364],[119.95034050000001,32.04261463636364],[119.95034050000001,32.043287],[119.94946527272727,32.043287],[119.94946527272727,32.04261463636364]]]},"properties":{"cluster_id":1437,"lat":32.04261463636364,"lon":119.94946527272728,"count":3,"dwell_minutes":445.4666666666667,"center_method":"duration_weighted_stop_medoid","type":"berth","distance_to_coast":2074.562052644971,"inside_china_land":false}},{"type":"Feature","geometry":{"type":"Polygon","coordinates":[[[121.88948071875,29.9302741875],[121.88961607142858,29.9302741875],[121.88961607142858,29.930352214285712],[121.88948071875,29.930352214285712],[121.88948071875,29.9302741875]]]},"properties":{"cluster_id":1439,"lat":29.930308153846152,"lon":121.8895173076923,"count":4,"dwell_minutes":2379.5333333333333,"center_method":"duration_weighted_stop_medoid","type":"berth","distance_to_coast":443.35820950847136,"inside_china_land":false}},{"type":"Feature","geometry":{"type":"Polygon","coordinates":[[[117.39169242857143,30.718604],[117.3920518125,30.718604],[117.3920518125,30.71950060714286],[117.39169242857143,30.71950060714286],[117.39169242857143,30.718604]]]},"properties":{"cluster_id":1440,"lat":30.71945295652174,"lon":117.39195139130436,"count":8,"dwell_minutes":2938.4666666666667,"center_method":"duration_weighted_stop_medoid","type":"berth","distance_to_coast":312934.65883036953,"inside_china_land":true}},{"type":"Feature","geometry":{"type":"Polygon","coordinates":[[[118.00459745762711,31.19370190677966],[118.0057142826087,31.19370190677966],[118.0057142826087,31.194044130434783],[118.00459745762711,31.194044130434783],[118.00459745762711,31.19370190677966]]]},"properties":{"cluster_id":1441,"lat":31.19370190677966,"lon":118.00459745762711,"count":2,"dwell_minutes":4654.6,"center_method":"duration_weighted_stop_medoid","type":"berth","distance_to_coast":221381.33907675237,"inside_china_land":true}},{"type":"Feature","geometry":{"type":"Polygon","coordinates":[[[118.46977333333332,31.7484654],[118.47049988,31.7484654],[118.47049988,31.74868933333333],[118.46977333333332,31.74868933333333],[118.46977333333332,31.7484654]]]},"properties":{"cluster_id":1442,"lat":31.7484654,"lon":118.47049988,"count":2,"dwell_minutes":2004.0,"center_method":"duration_weighted_stop_medoid","type":"berth","distance_to_coast":139436.4305249046,"inside_china_land":true}},{"type":"Feature","geometry":{"type":"Polygon","coordinates":[[[117.73330899999999,30.866651100000002],[117.73383225,30.866651100000002],[117.73383225,30.8676995],[117.73330899999999,30.8676995],[117.73330899999999,30.866651100000002]]]},"properties":{"cluster_id":1443,"lat":30.867631733333333,"lon":117.7338258,"count":4,"dwell_minutes":1084.1333333333332,"center_method":"duration_weighted_stop_medoid","type":"berth","distance_to_coast":271256.06386151235,"inside_china_land":true}},{"type":"Feature","geometry":{"type":"Polygon","coordinates":[[[118.00324626666666,31.189346872340423],[118.00379878723405,31.189346872340423],[118.00379878723405,31.19018073333333],[118.00324626666666,31.19018073333333],[118.00324626666666,31.189346872340423]]]},"properties":{"cluster_id":1444,"lat":31.189346872340423,"lon":118.00379878723405,"count":2,"dwell_minutes":1693.0833333333333,"center_method":"duration_weighted_stop_medoid","type":"berth","distance_to_coast":221789.31414827376,"inside_china_land":true}},{"type":"Feature","geometry":{"type":"Polygon","coordinates":[[[119.0616827,32.227162500000006],[119.06230136363637,32.227162500000006],[119.06230136363637,32.22746512121212],[119.0616827,32.22746512121212],[119.0616827,32.227162500000006]]]},"properties":{"cluster_id":1445,"lat":32.22746512121212,"lon":119.06230136363637,"count":2,"dwell_minutes":1191.05,"center_method":"duration_weighted_stop_medoid","type":"berth","distance_to_coast":60662.92724702057,"inside_china_land":true}},{"type":"Feature","geometry":{"type":"Polygon","coordinates":[[[119.92732851999999,32.09036604],[119.9280188888889,32.09036604],[119.9280188888889,32.09068855555555],[119.92732851999999,32.09068855555555],[119.92732851999999,32.09036604]]]},"properties":{"cluster_id":1446,"lat":32.09036604,"lon":119.92732852,"count":2,"dwell_minutes":911.6833333333334,"center_method":"duration_weighted_stop_medoid","type":"berth","distance_to_coast":741.5427812734899,"inside_china_land":false}},{"type":"Feature","geometry":{"type":"Polygon","coordinates":[[[118.08375785714286,24.530223941860466],[118.08415475,24.530223941860466],[118.08415475,24.531142],[118.08375785714286,24.531142],[118.08375785714286,24.530223941860466]]]},"properties":{"cluster_id":1448,"lat":24.530313371257485,"lon":118.08389171257484,"count":16,"dwell_minutes":26491.716666666667,"center_method":"duration_weighted_stop_medoid","type":"berth","distance_to_coast":111.15900193240522,"inside_china_land":false}},{"type":"Feature","geometry":{"type":"Polygon","coordinates":[[[119.9060755,32.136277166666666],[119.90701675,32.136277166666666],[119.90701675,32.136759749999996],[119.9060755,32.136759749999996],[119.9060755,32.136277166666666]]]},"properties":{"cluster_id":1449,"lat":32.136277166666666,"lon":119.9060755,"count":2,"dwell_minutes":256.7166666666667,"center_method":"duration_weighted_stop_medoid","type":"berth","distance_to_coast":329.2131142271303,"inside_china_land":false}},{"type":"Feature","geometry":{"type":"Polygon","coordinates":[[[117.74031196153845,30.905210307692307],[117.74109907246377,30.905210307692307],[117.74109907246377,30.905445714285715],[117.74031196153845,30.905445714285715],[117.74031196153845,30.905210307692307]]]},"properties":{"cluster_id":1450,"lat":30.905421507246377,"lon":117.74109907246375,"count":3,"dwell_minutes":2713.9500000000003,"center_method":"duration_weighted_stop_medoid","type":"berth","distance_to_coast":267516.234444512,"inside_china_land":true}},{"type":"Feature","geometry":{"type":"Polygon","coordinates":[[[119.26874182978725,32.20524761702128],[119.26874215,32.20524761702128],[119.26874215,32.205274716666665],[119.26874182978725,32.205274716666665],[119.26874182978725,32.20524761702128]]]},"properties":{"cluster_id":1451,"lat":32.205274716666665,"lon":119.26874215,"count":2,"dwell_minutes":2719.7333333333336,"center_method":"duration_weighted_stop_medoid","type":"berth","distance_to_coast":37564.88836186128,"inside_china_land":true}},{"type":"Feature","geometry":{"type":"Polygon","coordinates":[[[117.42251422891567,30.731652590361442],[117.42358,30.731652590361442],[117.42358,30.732199],[117.42251422891567,30.732199],[117.42251422891567,30.731652590361442]]]},"properties":{"cluster_id":1452,"lat":30.73165259036144,"lon":117.42251422891567,"count":2,"dwell_minutes":3519.633333333333,"center_method":"duration_weighted_stop_medoid","type":"berth","distance_to_coast":309282.7391299683,"inside_china_land":true}},{"type":"Feature","geometry":{"type":"Polygon","coordinates":[[[121.99669,29.98560925],[121.99690377777779,29.98560925],[121.99690377777779,29.98582111111111],[121.99669,29.98582111111111],[121.99669,29.98560925]]]},"properties":{"cluster_id":1454,"lat":29.98582111111111,"lon":121.9969037777778,"count":2,"dwell_minutes":298.96666666666664,"center_method":"duration_weighted_stop_medoid","type":"berth","distance_to_coast":2400.5269428835363,"inside_china_land":false}},{"type":"Feature","geometry":{"type":"Polygon","coordinates":[[[119.7044741,32.2688732],[119.70462789999999,32.2688732],[119.70462789999999,32.2690681],[119.7044741,32.2690681],[119.7044741,32.2688732]]]},"properties":{"cluster_id":1455,"lat":32.2688732,"lon":119.7046279,"count":2,"dwell_minutes":468.51666666666665,"center_method":"duration_weighted_stop_medoid","type":"berth","distance_to_coast":1334.2284961019946,"inside_china_land":false}},{"type":"Feature","geometry":{"type":"Polygon","coordinates":[[[119.70820584210526,32.27380545],[119.708275,32.27380545],[119.708275,32.273810315789476],[119.70820584210526,32.273810315789476],[119.70820584210526,32.27380545]]]},"properties":{"cluster_id":1456,"lat":32.27380545,"lon":119.708275,"count":2,"dwell_minutes":930.05,"center_method":"duration_weighted_stop_medoid","type":"berth","distance_to_coast":890.439190822962,"inside_china_land":false}},{"type":"Feature","geometry":{"type":"Polygon","coordinates":[[[118.004174875,31.205519875],[118.00530970454544,31.205519875],[118.00530970454544,31.206093499999998],[118.004174875,31.206093499999998],[118.004174875,31.205519875]]]},"properties":{"cluster_id":1457,"lat":31.2060935,"lon":118.00530970454544,"count":2,"dwell_minutes":1688.0166666666669,"center_method":"duration_weighted_stop_medoid","type":"berth","distance_to_coast":220364.88776159723,"inside_china_land":true}},{"type":"Feature","geometry":{"type":"Polygon","coordinates":[[[117.723759,30.8290384],[117.72378072727274,30.8290384],[117.72378072727274,30.829150374999998],[117.723759,30.829150374999998],[117.723759,30.8290384]]]},"properties":{"cluster_id":1458,"lat":30.829080565217392,"lon":117.7237708695652,"count":4,"dwell_minutes":1461.0,"center_method":"duration_weighted_stop_medoid","type":"berth","distance_to_coast":275333.1945392837,"inside_china_land":true}},{"type":"Feature","geometry":{"type":"Polygon","coordinates":[[[119.27577573737373,32.20079380392157],[119.27622221568626,32.20079380392157],[119.27622221568626,32.201327181818186],[119.27577573737373,32.201327181818186],[119.27577573737373,32.20079380392157]]]},"properties":{"cluster_id":1459,"lat":32.20116574747475,"lon":119.27577573737372,"count":3,"dwell_minutes":4795.633333333333,"center_method":"duration_weighted_stop_medoid","type":"berth","distance_to_coast":36770.08407637659,"inside_china_land":true}},{"type":"Feature","geometry":{"type":"Polygon","coordinates":[[[117.43036186666667,30.7366138],[117.4320535,30.7366138],[117.4320535,30.73732281060606],[117.43036186666667,30.73732281060606],[117.43036186666667,30.7366138]]]},"properties":{"cluster_id":1460,"lat":30.73732281060606,"lon":117.43204768181818,"count":5,"dwell_minutes":7143.016666666666,"center_method":"duration_weighted_stop_medoid","type":"berth","distance_to_coast":307994.6163302021,"inside_china_land":true}},{"type":"Feature","geometry":{"type":"Polygon","coordinates":[[[118.4526228846154,31.71683087804878],[118.45264148780488,31.71683087804878],[118.45264148780488,31.71684026923077],[118.4526228846154,31.71684026923077],[118.4526228846154,31.71683087804878]]]},"properties":{"cluster_id":1461,"lat":31.71683087804878,"lon":118.45264148780488,"count":2,"dwell_minutes":2071.616666666667,"center_method":"duration_weighted_stop_medoid","type":"berth","distance_to_coast":143015.90747688763,"inside_china_land":true}},{"type":"Feature","geometry":{"type":"Polygon","coordinates":[[[118.4705372,31.7649527],[118.47076409574467,31.7649527],[118.47076409574467,31.765247319148934],[118.4705372,31.765247319148934],[118.4705372,31.7649527]]]},"properties":{"cluster_id":1462,"lat":31.765247319148937,"lon":118.47076409574468,"count":2,"dwell_minutes":2935.633333333333,"center_method":"duration_weighted_stop_medoid","type":"berth","distance_to_coast":138496.61688969424,"inside_china_land":true}},{"type":"Feature","geometry":{"type":"Polygon","coordinates":[[[118.76500185714285,32.1816885],[118.7663,32.1816885],[118.7663,32.183453285714286],[118.76500185714285,32.183453285714286],[118.76500185714285,32.1816885]]]},"properties":{"cluster_id":1464,"lat":32.182674240000004,"lon":118.76552592,"count":5,"dwell_minutes":1350.9833333333331,"center_method":"duration_weighted_stop_medoid","type":"berth","distance_to_coast":93585.38236421911,"inside_china_land":true}},{"type":"Feature","geometry":{"type":"Polygon","coordinates":[[[118.38200747826087,31.553044630434783],[118.38223120833334,31.553044630434783],[118.38223120833334,31.553346083333334],[118.38200747826087,31.553346083333334],[118.38200747826087,31.553044630434783]]]},"properties":{"cluster_id":1466,"lat":31.553044630434783,"lon":118.38200747826087,"count":2,"dwell_minutes":2031.0,"center_method":"duration_weighted_stop_medoid","type":"berth","distance_to_coast":160284.0199707159,"inside_china_land":true}},{"type":"Feature","geometry":{"type":"Polygon","coordinates":[[[121.87231512244897,29.16249825],[121.8732295,29.16249825],[121.8732295,29.1627443877551],[121.87231512244897,29.1627443877551],[121.87231512244897,29.16249825]]]},"properties":{"cluster_id":1469,"lat":29.1627443877551,"lon":121.87231512244897,"count":4,"dwell_minutes":2062.4666666666667,"center_method":"duration_weighted_stop_medoid","type":"berth","distance_to_coast":958.0841528375156,"inside_china_land":false}},{"type":"Feature","geometry":{"type":"Polygon","coordinates":[[[119.81269,26.6845805],[119.81387527272727,26.6845805],[119.81387527272727,26.685017272727272],[119.81269,26.685017272727272],[119.81269,26.6845805]]]},"properties":{"cluster_id":1471,"lat":26.685017272727272,"lon":119.81387527272727,"count":3,"dwell_minutes":452.8666666666666,"center_method":"duration_weighted_stop_medoid","type":"berth","distance_to_coast":1625.4939700029415,"inside_china_land":false}},{"type":"Feature","geometry":{"type":"Polygon","coordinates":[[[122.44746122222223,36.880611037037035],[122.44765311111112,36.880611037037035],[122.44765311111112,36.88076844444444],[122.44746122222223,36.88076844444444],[122.44746122222223,36.880611037037035]]]},"properties":{"cluster_id":1472,"lat":36.880611037037035,"lon":122.44746122222224,"count":2,"dwell_minutes":1231.4666666666667,"center_method":"duration_weighted_stop_medoid","type":"berth","distance_to_coast":1384.0614230160656,"inside_china_land":false}},{"type":"Feature","geometry":{"type":"Polygon","coordinates":[[[121.44881436065575,31.0107914],[121.44970947368421,31.0107914],[121.44970947368421,31.010977777777775],[121.44881436065575,31.010977777777775],[121.44881436065575,31.0107914]]]},"properties":{"cluster_id":1474,"lat":31.01096674590164,"lon":121.44881436065576,"count":9,"dwell_minutes":6973.599999999999,"center_method":"duration_weighted_stop_medoid","type":"berth","distance_to_coast":27321.984399646895,"inside_china_land":true}},{"type":"Feature","geometry":{"type":"Polygon","coordinates":[[[121.95163466666668,30.085873],[121.95216,30.085873],[121.95216,30.087242500000002],[121.95163466666668,30.087242500000002],[121.95163466666668,30.085873]]]},"properties":{"cluster_id":1475,"lat":30.08632817880795,"lon":121.9519901986755,"count":11,"dwell_minutes":15852.35,"center_method":"duration_weighted_stop_medoid","type":"berth","distance_to_coast":2998.551877997775,"inside_china_land":false}},{"type":"Feature","geometry":{"type":"Polygon","coordinates":[[[120.22172315384616,36.02564965384615],[120.22174083018868,36.02564965384615],[120.22174083018868,36.02571479245283],[120.22172315384616,36.02571479245283],[120.22172315384616,36.02564965384615]]]},"properties":{"cluster_id":1476,"lat":36.02571479245283,"lon":120.22174083018868,"count":2,"dwell_minutes":2122.4333333333334,"center_method":"duration_weighted_stop_medoid","type":"berth","distance_to_coast":3668.820060034918,"inside_china_land":false}},{"type":"Feature","geometry":{"type":"Polygon","coordinates":[[[124.15243755357143,39.817487799999995],[124.1528426,39.817487799999995],[124.1528426,39.81799117857143],[124.15243755357143,39.81799117857143],[124.15243755357143,39.817487799999995]]]},"properties":{"cluster_id":1477,"lat":39.81799117857143,"lon":124.15243755357145,"count":2,"dwell_minutes":2064.5,"center_method":"duration_weighted_stop_medoid","type":"berth","distance_to_coast":3891.325613561993,"inside_china_land":false}},{"type":"Feature","geometry":{"type":"Polygon","coordinates":[[[121.27706817391305,31.59503717777778],[121.27708864444445,31.59503717777778],[121.27708864444445,31.595059],[121.27706817391305,31.595059],[121.27706817391305,31.59503717777778]]]},"properties":{"cluster_id":1478,"lat":31.59505656521739,"lon":121.27706817391304,"count":3,"dwell_minutes":4087.7,"center_method":"duration_weighted_stop_medoid","type":"berth","distance_to_coast":2594.912155570783,"inside_china_land":false}},{"type":"Feature","geometry":{"type":"Polygon","coordinates":[[[122.20214076,37.45366316393443],[122.20249725136613,37.45366316393443],[122.20249725136613,37.45370843589743],[122.20214076,37.45370843589743],[122.20214076,37.45366316393443]]]},"properties":{"cluster_id":1479,"lat":37.45366316393443,"lon":122.20249725136613,"count":4,"dwell_minutes":10713.216666666664,"center_method":"duration_weighted_stop_medoid","type":"berth","distance_to_coast":1198.1189335253468,"inside_china_land":false}},{"type":"Feature","geometry":{"type":"Polygon","coordinates":[[[122.06339138686131,29.980207854014598],[122.06341696153846,29.980207854014598],[122.06341696153846,29.980281326923077],[122.06339138686131,29.980281326923077],[122.06339138686131,29.980207854014598]]]},"properties":{"cluster_id":1480,"lat":29.980281326923077,"lon":122.06341696153846,"count":4,"dwell_minutes":17971.583333333336,"center_method":"duration_weighted_stop_medoid","type":"berth","distance_to_coast":3843.9311553605694,"inside_china_land":false}},{"type":"Feature","geometry":{"type":"Polygon","coordinates":[[[116.52995999999999,22.9796095],[116.5301635,22.9796095],[116.5301635,22.9799055],[116.52995999999999,22.9799055],[116.52995999999999,22.9796095]]]},"properties":{"cluster_id":1481,"lat":22.9796095,"lon":116.52996,"count":2,"dwell_minutes":132.88333333333333,"center_method":"duration_weighted_stop_medoid","type":"berth","distance_to_coast":1121.4034616574595,"inside_china_land":false}},{"type":"Feature","geometry":{"type":"Polygon","coordinates":[[[118.00740772222223,31.19832525],[118.00811675,31.19832525],[118.00811675,31.198446333333333],[118.00740772222223,31.198446333333333],[118.00740772222223,31.19832525]]]},"properties":{"cluster_id":1486,"lat":31.19840892086331,"lon":118.00742382733812,"count":4,"dwell_minutes":4872.133333333333,"center_method":"duration_weighted_stop_medoid","type":"berth","distance_to_coast":220765.00147493015,"inside_china_land":true}},{"type":"Feature","geometry":{"type":"Polygon","coordinates":[[[118.00554919999999,31.1925368],[118.006409,31.1925368],[118.006409,31.19273708333333],[118.00554919999999,31.19273708333333],[118.00554919999999,31.1925368]]]},"properties":{"cluster_id":1488,"lat":31.19273708333333,"lon":118.00588008333334,"count":4,"dwell_minutes":570.5166666666667,"center_method":"duration_weighted_stop_medoid","type":"berth","distance_to_coast":221340.88121538085,"inside_china_land":true}},{"type":"Feature","geometry":{"type":"Polygon","coordinates":[[[118.05403037500001,24.41173838181818],[118.05511918181818,24.41173838181818],[118.05511918181818,24.41198405208333],[118.05403037500001,24.41198405208333],[118.05403037500001,24.41173838181818]]]},"properties":{"cluster_id":1489,"lat":24.41198405208333,"lon":118.054030375,"count":2,"dwell_minutes":4216.033333333334,"center_method":"duration_weighted_stop_medoid","type":"berth","distance_to_coast":1390.3681490022032,"inside_china_land":false}},{"type":"Feature","geometry":{"type":"Polygon","coordinates":[[[118.00164197959184,31.199205979591838],[118.002091875,31.199205979591838],[118.002091875,31.201227833333334],[118.00164197959184,31.201227833333334],[118.00164197959184,31.199205979591838]]]},"properties":{"cluster_id":1490,"lat":31.19920597959184,"lon":118.00164197959184,"count":3,"dwell_minutes":1718.9333333333332,"center_method":"duration_weighted_stop_medoid","type":"berth","distance_to_coast":221222.93395925208,"inside_china_land":true}},{"type":"Feature","geometry":{"type":"Polygon","coordinates":[[[118.46262666666667,31.753381111111114],[118.46293200000001,31.753381111111114],[118.46293200000001,31.754401333333334],[118.46262666666667,31.754401333333334],[118.46262666666667,31.753381111111114]]]},"properties":{"cluster_id":1491,"lat":31.75338111111111,"lon":118.462932,"count":2,"dwell_minutes":321.0333333333333,"center_method":"duration_weighted_stop_medoid","type":"berth","distance_to_coast":139931.7191589921,"inside_china_land":true}},{"type":"Feature","geometry":{"type":"Polygon","coordinates":[[[121.80143961666666,38.98151316071428],[121.80155798214285,38.98151316071428],[121.80155798214285,38.98157108333333],[121.80143961666666,38.98157108333333],[121.80143961666666,38.98151316071428]]]},"properties":{"cluster_id":1494,"lat":38.98157108333333,"lon":121.80143961666666,"count":2,"dwell_minutes":3409.0333333333338,"center_method":"duration_weighted_stop_medoid","type":"berth","distance_to_coast":373.4989004695198,"inside_china_land":false}},{"type":"Feature","geometry":{"type":"Polygon","coordinates":[[[119.39036411111111,35.10922930612245],[119.3912640754717,35.10922930612245],[119.3912640754717,35.10975010526316],[119.39036411111111,35.10975010526316],[119.39036411111111,35.10922930612245]]]},"properties":{"cluster_id":1495,"lat":35.10938169811321,"lon":119.3912640754717,"count":4,"dwell_minutes":5716.55,"center_method":"duration_weighted_stop_medoid","type":"berth","distance_to_coast":2545.413416053406,"inside_china_land":false}},{"type":"Feature","geometry":{"type":"Polygon","coordinates":[[[119.39746484210526,35.12398943859649],[119.39759091666667,35.12398943859649],[119.39759091666667,35.12414405303031],[119.39746484210526,35.12414405303031],[119.39746484210526,35.12398943859649]]]},"properties":{"cluster_id":1496,"lat":35.12414405303031,"lon":119.39759091666669,"count":2,"dwell_minutes":5979.1,"center_method":"duration_weighted_stop_medoid","type":"berth","distance_to_coast":2822.0684429439934,"inside_china_land":false}},{"type":"Feature","geometry":{"type":"Polygon","coordinates":[[[119.948064975,37.4192542125],[119.94809783333334,37.4192542125],[119.94809783333334,37.4192707],[119.948064975,37.4192707],[119.948064975,37.4192542125]]]},"properties":{"cluster_id":1497,"lat":37.4192542125,"lon":119.948064975,"count":2,"dwell_minutes":4183.533333333333,"center_method":"duration_weighted_stop_medoid","type":"berth","distance_to_coast":3044.058846996629,"inside_china_land":false}},{"type":"Feature","geometry":{"type":"Polygon","coordinates":[[[122.07773942105264,40.29907922222222],[122.07780747222222,40.29907922222222],[122.07780747222222,40.29921236842105],[122.07773942105264,40.29921236842105],[122.07773942105264,40.29907922222222]]]},"properties":{"cluster_id":1498,"lat":40.29921236842105,"lon":122.07773942105264,"count":2,"dwell_minutes":3285.0166666666664,"center_method":"duration_weighted_stop_medoid","type":"berth","distance_to_coast":3308.774347637611,"inside_china_land":false}},{"type":"Feature","geometry":{"type":"Polygon","coordinates":[[[119.13085184444444,32.25189257777778],[119.13090355555555,32.25189257777778],[119.13090355555555,32.25204385915493],[119.13085184444444,32.25204385915493],[119.13085184444444,32.25189257777778]]]},"properties":{"cluster_id":1499,"lat":32.25203740740741,"lon":119.13090355555556,"count":3,"dwell_minutes":6151.9333333333325,"center_method":"duration_weighted_stop_medoid","type":"berth","distance_to_coast":53387.7895178965,"inside_china_land":true}},{"type":"Feature","geometry":{"type":"Polygon","coordinates":[[[121.06806689230768,28.009981513513516],[121.0690195,28.009981513513516],[121.0690195,28.01031239189189],[121.06806689230768,28.01031239189189],[121.06806689230768,28.009981513513516]]]},"properties":{"cluster_id":1500,"lat":28.010283461538464,"lon":121.06893792307692,"count":10,"dwell_minutes":24395.433333333334,"center_method":"duration_weighted_stop_medoid","type":"berth","distance_to_coast":3455.475134636904,"inside_china_land":false}},{"type":"Feature","geometry":{"type":"Polygon","coordinates":[[[121.96890545000001,30.049661300000004],[121.968979575,30.049661300000004],[121.968979575,30.049729386363637],[121.96890545000001,30.049729386363637],[121.96890545000001,30.049661300000004]]]},"properties":{"cluster_id":1501,"lat":30.049729386363637,"lon":121.96893452272728,"count":3,"dwell_minutes":3439.3500000000004,"center_method":"duration_weighted_stop_medoid","type":"berth","distance_to_coast":1012.4564394711916,"inside_china_land":false}},{"type":"Feature","geometry":{"type":"Polygon","coordinates":[[[122.13223007518796,29.777806700000003],[122.13249806818182,29.777806700000003],[122.13249806818182,29.77877896296296],[122.13223007518796,29.77877896296296],[122.13223007518796,29.777806700000003]]]},"properties":{"cluster_id":1502,"lat":29.777886386363637,"lon":122.13247013636364,"count":19,"dwell_minutes":24926.316666666666,"center_method":"duration_weighted_stop_medoid","type":"berth","distance_to_coast":1116.4388329813,"inside_china_land":false}},{"type":"Feature","geometry":{"type":"Polygon","coordinates":[[[117.74082167692309,30.907181066666666],[117.740897625,30.907181066666666],[117.740897625,30.9072338],[117.74082167692309,30.9072338],[117.74082167692309,30.907181066666666]]]},"properties":{"cluster_id":1506,"lat":30.90719847692308,"lon":117.74082167692308,"count":3,"dwell_minutes":3230.4833333333336,"center_method":"duration_weighted_stop_medoid","type":"berth","distance_to_coast":267394.8718069122,"inside_china_land":true}},{"type":"Feature","geometry":{"type":"Polygon","coordinates":[[[119.27131220000001,32.19174667857143],[119.2713830357143,32.19174667857143],[119.2713830357143,32.191788599999995],[119.27131220000001,32.191788599999995],[119.27131220000001,32.19174667857143]]]},"properties":{"cluster_id":1507,"lat":32.19174667857143,"lon":119.2713830357143,"count":2,"dwell_minutes":1189.95,"center_method":"duration_weighted_stop_medoid","type":"berth","distance_to_coast":37261.077216755395,"inside_china_land":true}},{"type":"Feature","geometry":{"type":"Polygon","coordinates":[[[118.00038806896552,31.180747017241377],[118.00076624999998,31.180747017241377],[118.00076624999998,31.181698541666666],[118.00038806896552,31.181698541666666],[118.00038806896552,31.180747017241377]]]},"properties":{"cluster_id":1508,"lat":31.180747017241377,"lon":118.00038806896552,"count":2,"dwell_minutes":2902.4,"center_method":"duration_weighted_stop_medoid","type":"berth","distance_to_coast":222760.78600094063,"inside_china_land":true}},{"type":"Feature","geometry":{"type":"Polygon","coordinates":[[[118.3052135,31.472694100000002],[118.30524017073172,31.472694100000002],[118.30524017073172,31.472759780487806],[118.3052135,31.472759780487806],[118.3052135,31.472694100000002]]]},"properties":{"cluster_id":1511,"lat":31.47275978048781,"lon":118.30524017073172,"count":3,"dwell_minutes":2872.2833333333333,"center_method":"duration_weighted_stop_medoid","type":"berth","distance_to_coast":173125.56688514314,"inside_china_land":true}},{"type":"Feature","geometry":{"type":"Polygon","coordinates":[[[118.2003,31.278174380952382],[118.20090130952381,31.278174380952382],[118.20090130952381,31.27966],[118.2003,31.27966],[118.2003,31.278174380952382]]]},"properties":{"cluster_id":1512,"lat":31.27901637037037,"lon":118.20039192592591,"count":6,"dwell_minutes":3104.633333333333,"center_method":"duration_weighted_stop_medoid","type":"berth","distance_to_coast":197284.33680378317,"inside_china_land":true}},{"type":"Feature","geometry":{"type":"Polygon","coordinates":[[[117.99985913333333,31.189284625],[118.00033925,31.189284625],[118.00033925,31.189596299999998],[117.99985913333333,31.189596299999998],[117.99985913333333,31.189284625]]]},"properties":{"cluster_id":1513,"lat":31.189565,"lon":117.99985913333332,"count":3,"dwell_minutes":1540.8666666666666,"center_method":"duration_weighted_stop_medoid","type":"berth","distance_to_coast":222125.3118317199,"inside_china_land":true}},{"type":"Feature","geometry":{"type":"Polygon","coordinates":[[[118.3809560967742,31.557122090909093],[118.38280457894737,31.557122090909093],[118.38280457894737,31.55739441935484],[118.3809560967742,31.55739441935484],[118.3809560967742,31.557122090909093]]]},"properties":{"cluster_id":1514,"lat":31.557122090909093,"lon":118.38208315151516,"count":3,"dwell_minutes":2902.3,"center_method":"duration_weighted_stop_medoid","type":"berth","distance_to_coast":159996.98808477895,"inside_china_land":true}},{"type":"Feature","geometry":{"type":"Polygon","coordinates":[[[122.15204702912621,29.756811152317884],[122.15224941059603,29.756811152317884],[122.15224941059603,29.757033844660196],[122.15204702912621,29.757033844660196],[122.15204702912621,29.756811152317884]]]},"properties":{"cluster_id":1515,"lat":29.756811152317884,"lon":122.15224941059604,"count":4,"dwell_minutes":9665.6,"center_method":"duration_weighted_stop_medoid","type":"berth","distance_to_coast":3020.0674834294573,"inside_china_land":false}},{"type":"Feature","geometry":{"type":"Polygon","coordinates":[[[121.83021926956522,29.947929212499997],[121.8304516375,29.947929212499997],[121.8304516375,29.948112888888893],[121.83021926956522,29.948112888888893],[121.83021926956522,29.947929212499997]]]},"properties":{"cluster_id":1516,"lat":29.948016385321104,"lon":121.83032365137616,"count":22,"dwell_minutes":68253.58333333333,"center_method":"duration_weighted_stop_medoid","type":"berth","distance_to_coast":138.52059406078234,"inside_china_land":false}},{"type":"Feature","geometry":{"type":"Polygon","coordinates":[[[119.6762234,39.92468620408163],[119.67646397959184,39.92468620408163],[119.67646397959184,39.9247389],[119.6762234,39.9247389],[119.6762234,39.92468620408163]]]},"properties":{"cluster_id":1517,"lat":39.92469474647887,"lon":119.6763675774648,"count":3,"dwell_minutes":3719.366666666667,"center_method":"duration_weighted_stop_medoid","type":"berth","distance_to_coast":1264.226302538161,"inside_china_land":false}},{"type":"Feature","geometry":{"type":"Polygon","coordinates":[[[121.11000012432432,28.166232328767123],[121.11015742424242,28.166232328767123],[121.11015742424242,28.166711575757574],[121.11000012432432,28.166711575757574],[121.11000012432432,28.166232328767123]]]},"properties":{"cluster_id":1518,"lat":28.166285578378385,"lon":121.11000012432432,"count":8,"dwell_minutes":15975.35,"center_method":"duration_weighted_stop_medoid","type":"berth","distance_to_coast":2215.1916886133627,"inside_china_land":false}},{"type":"Feature","geometry":{"type":"Polygon","coordinates":[[[122.0729526,40.31562514893617],[122.07315566666666,40.31562514893617],[122.07315566666666,40.3159346],[122.0729526,40.3159346],[122.0729526,40.31562514893617]]]},"properties":{"cluster_id":1520,"lat":40.315663479166666,"lon":122.07301277083332,"count":4,"dwell_minutes":4974.933333333333,"center_method":"duration_weighted_stop_medoid","type":"berth","distance_to_coast":3772.777925612421,"inside_china_land":false}},{"type":"Feature","geometry":{"type":"Polygon","coordinates":[[[122.09037144186047,40.28681752631579],[122.09110407407407,40.28681752631579],[122.09110407407407,40.287129566666664],[122.09037144186047,40.287129566666664],[122.09037144186047,40.28681752631579]]]},"properties":{"cluster_id":1522,"lat":40.286896955555555,"lon":122.09044993333332,"count":9,"dwell_minutes":8717.483333333334,"center_method":"duration_weighted_stop_medoid","type":"berth","distance_to_coast":1990.4906597812992,"inside_china_land":false}},{"type":"Feature","geometry":{"type":"Polygon","coordinates":[[[120.40163740229885,32.040205739130435],[120.40188989423078,32.040205739130435],[120.40188989423078,32.040409626666666],[120.40163740229885,32.040409626666666],[120.40163740229885,32.040205739130435]]]},"properties":{"cluster_id":1524,"lat":32.04029372413793,"lon":120.40163740229885,"count":6,"dwell_minutes":9394.483333333332,"center_method":"duration_weighted_stop_medoid","type":"berth","distance_to_coast":215.58119494754243,"inside_china_land":false}},{"type":"Feature","geometry":{"type":"Polygon","coordinates":[[[120.63297833846154,32.01465207692308],[120.63345509302326,32.01465207692308],[120.63345509302326,32.015340860465116],[120.63297833846154,32.015340860465116],[120.63297833846154,32.01465207692308]]]},"properties":{"cluster_id":1525,"lat":32.0151974251497,"lon":120.63335938922155,"count":5,"dwell_minutes":12353.783333333333,"center_method":"duration_weighted_stop_medoid","type":"berth","distance_to_coast":2664.907154960861,"inside_china_land":false}},{"type":"Feature","geometry":{"type":"Polygon","coordinates":[[[120.1908802857143,31.92219242857143],[120.19088655,31.92219242857143],[120.19088655,31.9222009],[120.1908802857143,31.9222009],[120.1908802857143,31.92219242857143]]]},"properties":{"cluster_id":1527,"lat":31.9222009,"lon":120.19088655,"count":2,"dwell_minutes":834.8166666666667,"center_method":"duration_weighted_stop_medoid","type":"berth","distance_to_coast":1904.815865439654,"inside_china_land":false}},{"type":"Feature","geometry":{"type":"Polygon","coordinates":[[[119.36375047222221,35.08900741666667],[119.36388153846154,35.08900741666667],[119.36388153846154,35.08915787931034],[119.36375047222221,35.08915787931034],[119.36375047222221,35.08900741666667]]]},"properties":{"cluster_id":1535,"lat":35.089039897435896,"lon":119.36388153846154,"count":3,"dwell_minutes":4415.466666666667,"center_method":"duration_weighted_stop_medoid","type":"berth","distance_to_coast":1278.6093057458447,"inside_china_land":false}},{"type":"Feature","geometry":{"type":"Polygon","coordinates":[[[119.6723,26.46773825],[119.67274325,26.46773825],[119.67274325,26.468509],[119.6723,26.468509],[119.6723,26.46773825]]]},"properties":{"cluster_id":1536,"lat":26.468509,"lon":119.6723,"count":2,"dwell_minutes":182.83333333333331,"center_method":"duration_weighted_stop_medoid","type":"berth","distance_to_coast":961.7566750216928,"inside_china_land":false}},{"type":"Feature","geometry":{"type":"Polygon","coordinates":[[[119.67056058992807,32.2114856329114],[119.67066798701298,32.2114856329114],[119.67066798701298,32.21169102941176],[119.67056058992807,32.21169102941176],[119.67056058992807,32.2114856329114]]]},"properties":{"cluster_id":1538,"lat":32.211659604316544,"lon":119.67056058992809,"count":5,"dwell_minutes":14628.683333333334,"center_method":"duration_weighted_stop_medoid","type":"berth","distance_to_coast":643.5604858648973,"inside_china_land":true}},{"type":"Feature","geometry":{"type":"Polygon","coordinates":[[[120.32651026666667,36.09562576923077],[120.32664433333332,36.09562576923077],[120.32664433333332,36.09572106666666],[120.32651026666667,36.09572106666666],[120.32651026666667,36.09562576923077]]]},"properties":{"cluster_id":1539,"lat":36.09564347222223,"lon":120.32664258333332,"count":8,"dwell_minutes":3755.383333333333,"center_method":"duration_weighted_stop_medoid","type":"berth","distance_to_coast":1551.1839285101194,"inside_china_land":true}},{"type":"Feature","geometry":{"type":"Polygon","coordinates":[[[120.36969333333334,32.01572614285714],[120.37049420408164,32.01572614285714],[120.37049420408164,32.016156918367344],[120.36969333333334,32.016156918367344],[120.36969333333334,32.01572614285714]]]},"properties":{"cluster_id":1542,"lat":32.016156918367344,"lon":120.37049420408164,"count":6,"dwell_minutes":2112.2333333333336,"center_method":"duration_weighted_stop_medoid","type":"berth","distance_to_coast":1546.697314934694,"inside_china_land":false}},{"type":"Feature","geometry":{"type":"Polygon","coordinates":[[[119.90535675000001,32.13075466666667],[119.905556,32.13075466666667],[119.905556,32.1307874],[119.90535675000001,32.1307874],[119.90535675000001,32.13075466666667]]]},"properties":{"cluster_id":1544,"lat":32.13075466666667,"lon":119.90535675,"count":2,"dwell_minutes":575.1333333333333,"center_method":"duration_weighted_stop_medoid","type":"berth","distance_to_coast":556.3380030684182,"inside_china_land":false}},{"type":"Feature","geometry":{"type":"Polygon","coordinates":[[[119.698252,39.933139],[119.698696875,39.933139],[119.698696875,39.93439072972973],[119.698252,39.93439072972973],[119.698252,39.933139]]]},"properties":{"cluster_id":1545,"lat":39.933885976190474,"lon":119.69850607142858,"count":8,"dwell_minutes":6826.549999999999,"center_method":"duration_weighted_stop_medoid","type":"berth","distance_to_coast":85.07773192892684,"inside_china_land":false}},{"type":"Feature","geometry":{"type":"Polygon","coordinates":[[[113.58901714285714,22.903738],[113.58939189473683,22.903738],[113.58939189473683,22.904552131578946],[113.58901714285714,22.904552131578946],[113.58901714285714,22.903738]]]},"properties":{"cluster_id":1546,"lat":22.904414433333336,"lon":113.5892951888889,"count":5,"dwell_minutes":6469.283333333334,"center_method":"duration_weighted_stop_medoid","type":"berth","distance_to_coast":988.275756812744,"inside_china_land":false}},{"type":"Feature","geometry":{"type":"Polygon","coordinates":[[[120.14494892,31.928038300000004],[120.1455010967742,31.928038300000004],[120.1455010967742,31.92813072],[120.14494892,31.92813072],[120.14494892,31.928038300000004]]]},"properties":{"cluster_id":1547,"lat":31.928038300000004,"lon":120.1450488,"count":3,"dwell_minutes":2649.733333333333,"center_method":"duration_weighted_stop_medoid","type":"berth","distance_to_coast":1698.8392701645114,"inside_china_land":false}},{"type":"Feature","geometry":{"type":"Polygon","coordinates":[[[108.35589941666667,21.564711716666668],[108.35595507407407,21.564711716666668],[108.35595507407407,21.56479401851852],[108.35589941666667,21.56479401851852],[108.35589941666667,21.564711716666668]]]},"properties":{"cluster_id":1549,"lat":21.56479401851852,"lon":108.35595507407407,"count":2,"dwell_minutes":3590.916666666667,"center_method":"duration_weighted_stop_medoid","type":"berth","distance_to_coast":3949.521087459298,"inside_china_land":false}},{"type":"Feature","geometry":{"type":"Polygon","coordinates":[[[120.84187244444443,31.83515316981132],[120.842517754717,31.83515316981132],[120.842517754717,31.836308972222223],[120.84187244444443,31.836308972222223],[120.84187244444443,31.83515316981132]]]},"properties":{"cluster_id":1554,"lat":31.836170056179775,"lon":120.84198314606742,"count":11,"dwell_minutes":23595.68333333333,"center_method":"duration_weighted_stop_medoid","type":"berth","distance_to_coast":2122.352090922848,"inside_china_land":false}},{"type":"Feature","geometry":{"type":"Polygon","coordinates":[[[120.94035542857144,31.820657399999998],[120.94137027999999,31.820657399999998],[120.94137027999999,31.823013571428575],[120.94035542857144,31.823013571428575],[120.94035542857144,31.820657399999998]]]},"properties":{"cluster_id":1555,"lat":31.82124582,"lon":120.94137028,"count":9,"dwell_minutes":6566.749999999999,"center_method":"duration_weighted_stop_medoid","type":"berth","distance_to_coast":1155.616883368696,"inside_china_land":false}},{"type":"Feature","geometry":{"type":"Polygon","coordinates":[[[118.18688947058823,31.271056058823525],[118.18722216666667,31.271056058823525],[118.18722216666667,31.27177408333333],[118.18688947058823,31.27177408333333],[118.18688947058823,31.271056058823525]]]},"properties":{"cluster_id":1557,"lat":31.271056058823525,"lon":118.18688947058824,"count":2,"dwell_minutes":812.3666666666667,"center_method":"duration_weighted_stop_medoid","type":"berth","distance_to_coast":199107.9710466413,"inside_china_land":true}},{"type":"Feature","geometry":{"type":"Polygon","coordinates":[[[118.88247204347827,32.185442875],[118.88361030769231,32.185442875],[118.88361030769231,32.1856183125],[118.88247204347827,32.1856183125],[118.88247204347827,32.185442875]]]},"properties":{"cluster_id":1558,"lat":32.18556046875,"lon":118.88349065625,"count":10,"dwell_minutes":7253.749999999999,"center_method":"duration_weighted_stop_medoid","type":"berth","distance_to_coast":80448.7227234575,"inside_china_land":true}},{"type":"Feature","geometry":{"type":"Polygon","coordinates":[[[120.93352203703705,31.85110333333333],[120.93361366197183,31.85110333333333],[120.93361366197183,31.85245342857143],[120.93352203703705,31.85245342857143],[120.93352203703705,31.85110333333333]]]},"properties":{"cluster_id":1559,"lat":31.851891549295775,"lon":120.93361366197183,"count":7,"dwell_minutes":10527.583333333332,"center_method":"duration_weighted_stop_medoid","type":"berth","distance_to_coast":858.782773048069,"inside_china_land":false}},{"type":"Feature","geometry":{"type":"Polygon","coordinates":[[[119.667421,25.5798154],[119.66818579999999,25.5798154],[119.66818579999999,25.580530416666665],[119.667421,25.580530416666665],[119.667421,25.5798154]]]},"properties":{"cluster_id":1560,"lat":25.580530416666665,"lon":119.667421,"count":2,"dwell_minutes":406.2833333333333,"center_method":"duration_weighted_stop_medoid","type":"berth","distance_to_coast":3279.6345292126266,"inside_china_land":false}},{"type":"Feature","geometry":{"type":"Polygon","coordinates":[[[110.03778353846154,19.963885708333333],[110.03877321052632,19.963885708333333],[110.03877321052632,19.964439222222225],[110.03778353846154,19.964439222222225],[110.03778353846154,19.963885708333333]]]},"properties":{"cluster_id":1562,"lat":19.963885708333333,"lon":110.03788929166666,"count":4,"dwell_minutes":3225.8166666666666,"center_method":"duration_weighted_stop_medoid","type":"berth","distance_to_coast":487.4174900042654,"inside_china_land":true}},{"type":"Feature","geometry":{"type":"Polygon","coordinates":[[[113.59776,22.91636888888889],[113.59846363157895,22.91636888888889],[113.59846363157895,22.917176412698414],[113.59776,22.917176412698414],[113.59776,22.91636888888889]]]},"properties":{"cluster_id":1563,"lat":22.917176412698417,"lon":113.5983989920635,"count":5,"dwell_minutes":5329.516666666667,"center_method":"duration_weighted_stop_medoid","type":"berth","distance_to_coast":226.83312423537825,"inside_china_land":false}},{"type":"Feature","geometry":{"type":"Polygon","coordinates":[[[119.78731785,26.397752405000002],[119.78733936111111,26.397752405000002],[119.78733936111111,26.397820064814816],[119.78731785,26.397820064814816],[119.78731785,26.397752405000002]]]},"properties":{"cluster_id":1565,"lat":26.397752405,"lon":119.78731785,"count":2,"dwell_minutes":9198.633333333331,"center_method":"duration_weighted_stop_medoid","type":"berth","distance_to_coast":21.842938898080153,"inside_china_land":false}},{"type":"Feature","geometry":{"type":"Polygon","coordinates":[[[108.58182067901234,21.72719638951311],[108.58269858426966,21.72719638951311],[108.58269858426966,21.72852225925926],[108.58182067901234,21.72852225925926],[108.58182067901234,21.72719638951311]]]},"properties":{"cluster_id":1567,"lat":21.72719638951311,"lon":108.58269858426966,"count":4,"dwell_minutes":11616.883333333337,"center_method":"duration_weighted_stop_medoid","type":"berth","distance_to_coast":2035.848153879656,"inside_china_land":false}},{"type":"Feature","geometry":{"type":"Polygon","coordinates":[[[110.5052,21.07325038095238],[110.50634992857144,21.07325038095238],[110.50634992857144,21.07600813953488],[110.5052,21.07600813953488],[110.5052,21.07325038095238]]]},"properties":{"cluster_id":1568,"lat":21.073484607142856,"lon":110.50634992857144,"count":13,"dwell_minutes":18143.916666666664,"center_method":"duration_weighted_stop_medoid","type":"berth","distance_to_coast":907.6720933208812,"inside_china_land":true}},{"type":"Feature","geometry":{"type":"Polygon","coordinates":[[[122.2636765,29.911531],[122.26426833333333,29.911531],[122.26426833333333,29.911832750000002],[122.2636765,29.911832750000002],[122.2636765,29.911531]]]},"properties":{"cluster_id":1569,"lat":29.911531,"lon":122.26426833333332,"count":2,"dwell_minutes":238.13333333333333,"center_method":"duration_weighted_stop_medoid","type":"berth","distance_to_coast":3946.304595328,"inside_china_land":false}},{"type":"Feature","geometry":{"type":"Polygon","coordinates":[[[108.59355647761194,21.721999029850746],[108.59383493706294,21.721999029850746],[108.59383493706294,21.72287148951049],[108.59355647761194,21.72287148951049],[108.59355647761194,21.721999029850746]]]},"properties":{"cluster_id":1570,"lat":21.72263087179487,"lon":108.5938135897436,"count":6,"dwell_minutes":10680.6,"center_method":"duration_weighted_stop_medoid","type":"berth","distance_to_coast":2104.3526582929007,"inside_china_land":false}},{"type":"Feature","geometry":{"type":"Polygon","coordinates":[[[120.11585141176471,31.950261555555553],[120.11679758333332,31.950261555555553],[120.11679758333332,31.951161083333332],[120.11585141176471,31.951161083333332],[120.11585141176471,31.950261555555553]]]},"properties":{"cluster_id":1571,"lat":31.95027873170732,"lon":120.1160451707317,"count":4,"dwell_minutes":2150.233333333333,"center_method":"duration_weighted_stop_medoid","type":"berth","distance_to_coast":335.70700797834866,"inside_china_land":true}},{"type":"Feature","geometry":{"type":"Polygon","coordinates":[[[122.11589818181818,30.146510545454547],[122.11597733333332,30.146510545454547],[122.11597733333332,30.147169666666667],[122.11589818181818,30.147169666666667],[122.11589818181818,30.146510545454547]]]},"properties":{"cluster_id":1572,"lat":30.147169666666667,"lon":122.11597733333332,"count":2,"dwell_minutes":1539.0333333333333,"center_method":"duration_weighted_stop_medoid","type":"berth","distance_to_coast":1134.004795005137,"inside_china_land":false}},{"type":"Feature","geometry":{"type":"Polygon","coordinates":[[[120.37755797368422,27.195776555555554],[120.37783494871795,27.195776555555554],[120.37783494871795,27.19658954666667],[120.37755797368422,27.19658954666667],[120.37755797368422,27.195776555555554]]]},"properties":{"cluster_id":1573,"lat":27.195891163265305,"lon":120.37774591836734,"count":18,"dwell_minutes":29013.833333333332,"center_method":"duration_weighted_stop_medoid","type":"berth","distance_to_coast":1343.1008029291506,"inside_china_land":false}},{"type":"Feature","geometry":{"type":"Polygon","coordinates":[[[119.15527240677966,32.23770011111111],[119.1583594111111,32.23770011111111],[119.1583594111111,32.23972128571428],[119.15527240677966,32.23972128571428],[119.15527240677966,32.23770011111111]]]},"properties":{"cluster_id":1574,"lat":32.23936853648069,"lon":119.15543049356224,"count":22,"dwell_minutes":63758.65,"center_method":"duration_weighted_stop_medoid","type":"berth","distance_to_coast":50472.52859399565,"inside_china_land":true}},{"type":"Feature","geometry":{"type":"Polygon","coordinates":[[[119.36508223809523,35.09302608695652],[119.36527361904761,35.09302608695652],[119.36527361904761,35.09327614285714],[119.36508223809523,35.09327614285714],[119.36508223809523,35.09302608695652]]]},"properties":{"cluster_id":1575,"lat":35.09303095238096,"lon":119.36508223809524,"count":4,"dwell_minutes":2266.3500000000004,"center_method":"duration_weighted_stop_medoid","type":"berth","distance_to_coast":964.2006981641432,"inside_china_land":false}},{"type":"Feature","geometry":{"type":"Polygon","coordinates":[[[120.46227999999999,32.064604],[120.46235116666666,32.064604],[120.46235116666666,32.065082833333335],[120.46227999999999,32.065082833333335],[120.46227999999999,32.064604]]]},"properties":{"cluster_id":1576,"lat":32.064604,"lon":120.46228,"count":2,"dwell_minutes":418.2999999999999,"center_method":"duration_weighted_stop_medoid","type":"berth","distance_to_coast":516.2306741441434,"inside_china_land":false}},{"type":"Feature","geometry":{"type":"Polygon","coordinates":[[[110.27785612121212,20.02760522222222],[110.27789922222222,20.02760522222222],[110.27789922222222,20.027722030303032],[110.27785612121212,20.027722030303032],[110.27785612121212,20.02760522222222]]]},"properties":{"cluster_id":1577,"lat":20.027722030303032,"lon":110.27785612121212,"count":2,"dwell_minutes":3080.916666666667,"center_method":"duration_weighted_stop_medoid","type":"berth","distance_to_coast":655.4354317206977,"inside_china_land":true}},{"type":"Feature","geometry":{"type":"Polygon","coordinates":[[[113.02228270967741,22.80336358064516],[113.02235287500001,22.80336358064516],[113.02235287500001,22.803614375],[113.02228270967741,22.803614375],[113.02228270967741,22.80336358064516]]]},"properties":{"cluster_id":1579,"lat":22.80339843243243,"lon":113.02229456756756,"count":4,"dwell_minutes":3557.133333333333,"center_method":"duration_weighted_stop_medoid","type":"berth","distance_to_coast":24491.713588491868,"inside_china_land":true}},{"type":"Feature","geometry":{"type":"Polygon","coordinates":[[[119.79942597916666,35.60981442857143],[119.7994922142857,35.60981442857143],[119.7994922142857,35.61022283333333],[119.79942597916666,35.61022283333333],[119.79942597916666,35.60981442857143]]]},"properties":{"cluster_id":1580,"lat":35.60982792753624,"lon":119.79948389855072,"count":4,"dwell_minutes":4083.0833333333335,"center_method":"duration_weighted_stop_medoid","type":"berth","distance_to_coast":1543.1209728360125,"inside_china_land":false}},{"type":"Feature","geometry":{"type":"Polygon","coordinates":[[[118.00422424657535,31.190210294117644],[118.00507623529411,31.190210294117644],[118.00507623529411,31.191517248175185],[118.00422424657535,31.191517248175185],[118.00422424657535,31.190210294117644]]]},"properties":{"cluster_id":1581,"lat":31.191517248175185,"lon":118.00440253284673,"count":4,"dwell_minutes":6946.4833333333345,"center_method":"duration_weighted_stop_medoid","type":"berth","distance_to_coast":221567.4773163905,"inside_china_land":true}},{"type":"Feature","geometry":{"type":"Polygon","coordinates":[[[121.535355125,31.345488136363635],[121.53622356,31.345488136363635],[121.53622356,31.345758885714286],[121.535355125,31.345758885714286],[121.535355125,31.345488136363635]]]},"properties":{"cluster_id":1582,"lat":31.34556570588235,"lon":121.53616307843136,"count":8,"dwell_minutes":9068.75,"center_method":"duration_weighted_stop_medoid","type":"berth","distance_to_coast":2903.998058546825,"inside_china_land":true}},{"type":"Feature","geometry":{"type":"Polygon","coordinates":[[[113.55516719642857,22.973653303571428],[113.55610412121212,22.973653303571428],[113.55610412121212,22.97434478787879],[113.55516719642857,22.97434478787879],[113.55516719642857,22.973653303571428]]]},"properties":{"cluster_id":1583,"lat":22.97411907142857,"lon":113.55570302380951,"count":3,"dwell_minutes":5475.083333333333,"center_method":"duration_weighted_stop_medoid","type":"berth","distance_to_coast":1643.4467493456605,"inside_china_land":false}},{"type":"Feature","geometry":{"type":"Polygon","coordinates":[[[119.20511597058824,32.237406875],[119.20634418269232,32.237406875],[119.20634418269232,32.23777275],[119.20511597058824,32.23777275],[119.20511597058824,32.237406875]]]},"properties":{"cluster_id":1584,"lat":32.237744486486484,"lon":119.20520710810813,"count":3,"dwell_minutes":6978.85,"center_method":"duration_weighted_stop_medoid","type":"berth","distance_to_coast":44943.58054082033,"inside_china_land":true}},{"type":"Feature","geometry":{"type":"Polygon","coordinates":[[[114.56439328688525,22.69461574590164],[114.56441832307692,22.69461574590164],[114.56441832307692,22.694636746153844],[114.56439328688525,22.694636746153844],[114.56439328688525,22.69461574590164]]]},"properties":{"cluster_id":1585,"lat":22.694636746153844,"lon":114.56441832307692,"count":2,"dwell_minutes":7430.183333333333,"center_method":"duration_weighted_stop_medoid","type":"berth","distance_to_coast":542.0606032069429,"inside_china_land":false}},{"type":"Feature","geometry":{"type":"Polygon","coordinates":[[[113.153062625,21.993516],[113.15360388461538,21.993516],[113.15360388461538,21.99439415277778],[113.153062625,21.99439415277778],[113.153062625,21.993516]]]},"properties":{"cluster_id":1586,"lat":21.99439415277778,"lon":113.153062625,"count":2,"dwell_minutes":3693.3166666666666,"center_method":"duration_weighted_stop_medoid","type":"berth","distance_to_coast":3671.658181635082,"inside_china_land":false}},{"type":"Feature","geometry":{"type":"Polygon","coordinates":[[[113.75431351851852,22.682546095238095],[113.7547839047619,22.682546095238095],[113.7547839047619,22.683369135135138],[113.75431351851852,22.683369135135138],[113.75431351851852,22.682546095238095]]]},"properties":{"cluster_id":1587,"lat":22.683369135135138,"lon":113.75434974324324,"count":5,"dwell_minutes":5014.0,"center_method":"duration_weighted_stop_medoid","type":"berth","distance_to_coast":1893.3164452950664,"inside_china_land":false}},{"type":"Feature","geometry":{"type":"Polygon","coordinates":[[[119.44796666666667,25.962872166666667],[119.44836621951221,25.962872166666667],[119.44836621951221,25.962988146341463],[119.44796666666667,25.962988146341463],[119.44796666666667,25.962872166666667]]]},"properties":{"cluster_id":1588,"lat":25.962975,"lon":119.44829058208956,"count":4,"dwell_minutes":5312.216666666667,"center_method":"duration_weighted_stop_medoid","type":"berth","distance_to_coast":550.3842353540765,"inside_china_land":true}},{"type":"Feature","geometry":{"type":"Polygon","coordinates":[[[113.48199372727272,22.573158315789474],[113.48273957894736,22.573158315789474],[113.48273957894736,22.57327290909091],[113.48199372727272,22.57327290909091],[113.48199372727272,22.573158315789474]]]},"properties":{"cluster_id":1590,"lat":22.573171843137256,"lon":113.48270990196076,"count":5,"dwell_minutes":5346.966666666667,"center_method":"duration_weighted_stop_medoid","type":"berth","distance_to_coast":10311.96331276337,"inside_china_land":true}},{"type":"Feature","geometry":{"type":"Polygon","coordinates":[[[113.56372206578946,22.980875460526317],[113.56377878787879,22.980875460526317],[113.56377878787879,22.980986333333334],[113.56372206578946,22.980986333333334],[113.56372206578946,22.980875460526317]]]},"properties":{"cluster_id":1591,"lat":22.980931177777776,"lon":113.56375713333334,"count":3,"dwell_minutes":4729.716666666666,"center_method":"duration_weighted_stop_medoid","type":"berth","distance_to_coast":1340.5513916800128,"inside_china_land":false}},{"type":"Feature","geometry":{"type":"Polygon","coordinates":[[[111.80704575,21.702873],[111.807371,21.702873],[111.807371,21.7034725],[111.80704575,21.7034725],[111.80704575,21.702873]]]},"properties":{"cluster_id":1592,"lat":21.702873,"lon":111.80704575,"count":3,"dwell_minutes":408.53333333333336,"center_method":"duration_weighted_stop_medoid","type":"berth","distance_to_coast":3658.332778208824,"inside_china_land":false}},{"type":"Feature","geometry":{"type":"Polygon","coordinates":[[[117.49795400000001,23.756839272727277],[117.49885330952381,23.756839272727277],[117.49885330952381,23.75763325],[117.49795400000001,23.75763325],[117.49795400000001,23.756839272727277]]]},"properties":{"cluster_id":1593,"lat":23.757260405405408,"lon":117.49851813513514,"count":9,"dwell_minutes":10686.483333333332,"center_method":"duration_weighted_stop_medoid","type":"berth","distance_to_coast":828.587857382026,"inside_china_land":false}},{"type":"Feature","geometry":{"type":"Polygon","coordinates":[[[117.86847247826087,24.417061695652173],[117.86848521428571,24.417061695652173],[117.86848521428571,24.417071982142858],[117.86847247826087,24.417071982142858],[117.86847247826087,24.417061695652173]]]},"properties":{"cluster_id":1594,"lat":24.417071982142858,"lon":117.86848521428573,"count":2,"dwell_minutes":2478.6666666666665,"center_method":"duration_weighted_stop_medoid","type":"berth","distance_to_coast":1495.58501200122,"inside_china_land":false}},{"type":"Feature","geometry":{"type":"Polygon","coordinates":[[[120.39868851497006,32.0401745],[120.398943,32.0401745],[120.398943,32.040407099999996],[120.39868851497006,32.040407099999996],[120.39868851497006,32.0401745]]]},"properties":{"cluster_id":1595,"lat":32.04025770059881,"lon":120.39868851497006,"count":5,"dwell_minutes":9934.383333333331,"center_method":"duration_weighted_stop_medoid","type":"berth","distance_to_coast":76.0831267034216,"inside_china_land":false}},{"type":"Feature","geometry":{"type":"Polygon","coordinates":[[[112.91679020930232,22.870710275],[112.91684026415095,22.870710275],[112.91684026415095,22.870731],[112.91679020930232,22.870731],[112.91679020930232,22.870710275]]]},"properties":{"cluster_id":1596,"lat":22.870710275,"lon":112.9168065,"count":3,"dwell_minutes":4037.85,"center_method":"duration_weighted_stop_medoid","type":"berth","distance_to_coast":33222.42102076772,"inside_china_land":true}},{"type":"Feature","geometry":{"type":"Polygon","coordinates":[[[111.81332803125,21.704223],[111.814831,21.704223],[111.814831,21.70662971875],[111.81332803125,21.70662971875],[111.81332803125,21.704223]]]},"properties":{"cluster_id":1597,"lat":21.706098384615384,"lon":111.81370776923076,"count":8,"dwell_minutes":9117.383333333337,"center_method":"duration_weighted_stop_medoid","type":"berth","distance_to_coast":2822.1836924008544,"inside_china_land":false}},{"type":"Feature","geometry":{"type":"Polygon","coordinates":[[[113.0760906,22.747069222222223],[113.07662811111112,22.747069222222223],[113.07662811111112,22.747915250000002],[113.0760906,22.747915250000002],[113.0760906,22.747069222222223]]]},"properties":{"cluster_id":1598,"lat":22.74791525,"lon":113.07613325,"count":3,"dwell_minutes":837.9,"center_method":"duration_weighted_stop_medoid","type":"berth","distance_to_coast":23036.18102556392,"inside_china_land":true}},{"type":"Feature","geometry":{"type":"Polygon","coordinates":[[[110.50623864285714,21.069971109090908],[110.50637135999999,21.069971109090908],[110.50637135999999,21.071327280000002],[110.50623864285714,21.071327280000002],[110.50623864285714,21.069971109090908]]]},"properties":{"cluster_id":1599,"lat":21.070939463235295,"lon":110.50635976470588,"count":11,"dwell_minutes":19035.016666666663,"center_method":"duration_weighted_stop_medoid","type":"berth","distance_to_coast":1182.8042740392916,"inside_china_land":true}},{"type":"Feature","geometry":{"type":"Polygon","coordinates":[[[118.98842514285715,25.212190333333336],[118.9898462631579,25.212190333333336],[118.9898462631579,25.213050285714285],[118.98842514285715,25.213050285714285],[118.98842514285715,25.212190333333336]]]},"properties":{"cluster_id":1601,"lat":25.212198631578943,"lon":118.9898462631579,"count":5,"dwell_minutes":4642.700000000001,"center_method":"duration_weighted_stop_medoid","type":"berth","distance_to_coast":1260.8745969932866,"inside_china_land":false}},{"type":"Feature","geometry":{"type":"Polygon","coordinates":[[[113.58189054761905,22.893868916666666],[113.58289052173913,22.893868916666666],[113.58289052173913,22.895318586956524],[113.58189054761905,22.895318586956524],[113.58189054761905,22.893868916666666]]]},"properties":{"cluster_id":1602,"lat":22.894378,"lon":113.582321,"count":4,"dwell_minutes":8636.133333333333,"center_method":"duration_weighted_stop_medoid","type":"berth","distance_to_coast":1268.1489740635836,"inside_china_land":false}},{"type":"Feature","geometry":{"type":"Polygon","coordinates":[[[118.00260980246914,31.191330699029127],[118.0026642524272,31.191330699029127],[118.0026642524272,31.191836259259258],[118.00260980246914,31.191836259259258],[118.00260980246914,31.191330699029127]]]},"properties":{"cluster_id":1603,"lat":31.191330699029127,"lon":118.0026642524272,"count":2,"dwell_minutes":5292.95,"center_method":"duration_weighted_stop_medoid","type":"berth","distance_to_coast":221737.62235650513,"inside_china_land":true}},{"type":"Feature","geometry":{"type":"Polygon","coordinates":[[[120.12744683333334,31.94863616666667],[120.1275507,31.94863616666667],[120.1275507,31.949152299999998],[120.12744683333334,31.949152299999998],[120.12744683333334,31.94863616666667]]]},"properties":{"cluster_id":1604,"lat":31.9491523,"lon":120.1275507,"count":2,"dwell_minutes":348.8333333333333,"center_method":"duration_weighted_stop_medoid","type":"berth","distance_to_coast":606.0649731505503,"inside_china_land":true}},{"type":"Feature","geometry":{"type":"Polygon","coordinates":[[[113.56138008139534,22.978634488372094],[113.56171869135802,22.978634488372094],[113.56171869135802,22.979062925925927],[113.56138008139534,22.979062925925927],[113.56138008139534,22.978634488372094]]]},"properties":{"cluster_id":1605,"lat":22.97895911827957,"lon":113.56164606451613,"count":7,"dwell_minutes":16255.35,"center_method":"duration_weighted_stop_medoid","type":"berth","distance_to_coast":1351.5874267882627,"inside_china_land":false}},{"type":"Feature","geometry":{"type":"Polygon","coordinates":[[[115.51466585714286,22.683250560975612],[115.51481741463415,22.683250560975612],[115.51481741463415,22.683586952380953],[115.51466585714286,22.683586952380953],[115.51466585714286,22.683250560975612]]]},"properties":{"cluster_id":1606,"lat":22.683500145833335,"lon":115.51470735416666,"count":3,"dwell_minutes":3767.333333333333,"center_method":"duration_weighted_stop_medoid","type":"berth","distance_to_coast":488.8252686341082,"inside_china_land":true}},{"type":"Feature","geometry":{"type":"Polygon","coordinates":[[[120.35539370526315,31.958666810526317],[120.35562868627451,31.958666810526317],[120.35562868627451,31.958719900000002],[120.35539370526315,31.958719900000002],[120.35539370526315,31.958666810526317]]]},"properties":{"cluster_id":1607,"lat":31.958680753623188,"lon":120.35544288405796,"count":6,"dwell_minutes":10535.983333333332,"center_method":"duration_weighted_stop_medoid","type":"berth","distance_to_coast":14.515110362795648,"inside_china_land":true}},{"type":"Feature","geometry":{"type":"Polygon","coordinates":[[[113.48905445833333,22.573272136363638],[113.48917586363636,22.573272136363638],[113.48917586363636,22.573273187500003],[113.48905445833333,22.573273187500003],[113.48905445833333,22.573272136363638]]]},"properties":{"cluster_id":1608,"lat":22.57327213636364,"lon":113.48917586363636,"count":2,"dwell_minutes":1028.7333333333331,"center_method":"duration_weighted_stop_medoid","type":"berth","distance_to_coast":9681.557522250609,"inside_china_land":true}},{"type":"Feature","geometry":{"type":"Polygon","coordinates":[[[120.67134783516484,27.490935813186812],[120.67139413333334,27.490935813186812],[120.67139413333334,27.490991489795917],[120.67134783516484,27.490991489795917],[120.67134783516484,27.490935813186812]]]},"properties":{"cluster_id":1609,"lat":27.490973313253015,"lon":120.67139185542167,"count":4,"dwell_minutes":7493.966666666667,"center_method":"duration_weighted_stop_medoid","type":"berth","distance_to_coast":714.8374654845875,"inside_china_land":true}},{"type":"Feature","geometry":{"type":"Polygon","coordinates":[[[122.23625034210527,30.11117477777778],[122.23765644444445,30.11117477777778],[122.23765644444445,30.11144372727273],[122.23625034210527,30.11144372727273],[122.23625034210527,30.11117477777778]]]},"properties":{"cluster_id":1611,"lat":30.11130722222222,"lon":122.23697566666668,"count":18,"dwell_minutes":8804.6,"center_method":"duration_weighted_stop_medoid","type":"berth","distance_to_coast":2671.343935715499,"inside_china_land":false}},{"type":"Feature","geometry":{"type":"Polygon","coordinates":[[[120.19505855813952,35.99916755555556],[120.19511627272728,35.99916755555556],[120.19511627272728,35.99933337209302],[120.19505855813952,35.99933337209302],[120.19505855813952,35.99916755555556]]]},"properties":{"cluster_id":1612,"lat":35.99919563636364,"lon":120.19511627272728,"count":4,"dwell_minutes":2393.6499999999996,"center_method":"duration_weighted_stop_medoid","type":"berth","distance_to_coast":1812.369816160318,"inside_china_land":false}},{"type":"Feature","geometry":{"type":"Polygon","coordinates":[[[119.871943,25.567224333333332],[119.8721495,25.567224333333332],[119.8721495,25.5673525],[119.871943,25.5673525],[119.871943,25.567224333333332]]]},"properties":{"cluster_id":1614,"lat":25.5673525,"lon":119.8721495,"count":2,"dwell_minutes":920.6333333333332,"center_method":"duration_weighted_stop_medoid","type":"berth","distance_to_coast":1062.4908152733594,"inside_china_land":false}},{"type":"Feature","geometry":{"type":"Polygon","coordinates":[[[119.68425025,25.578051727272726],[119.68436718181819,25.578051727272726],[119.68436718181819,25.57842175],[119.68425025,25.57842175],[119.68425025,25.578051727272726]]]},"properties":{"cluster_id":1615,"lat":25.57805172727273,"lon":119.6843671818182,"count":2,"dwell_minutes":195.98333333333335,"center_method":"duration_weighted_stop_medoid","type":"berth","distance_to_coast":1755.2018427716082,"inside_china_land":false}},{"type":"Feature","geometry":{"type":"Polygon","coordinates":[[[121.47594671428571,31.42615766666667],[121.47920144444444,31.42615766666667],[121.47920144444444,31.428486293233085],[121.47594671428571,31.428486293233085],[121.47594671428571,31.42615766666667]]]},"properties":{"cluster_id":1616,"lat":31.428011280303032,"lon":121.4767910530303,"count":8,"dwell_minutes":13507.033333333333,"center_method":"duration_weighted_stop_medoid","type":"berth","distance_to_coast":2032.4831990313105,"inside_china_land":false}},{"type":"Feature","geometry":{"type":"Polygon","coordinates":[[[120.63464742857143,32.022348853658535],[120.6354962682927,32.022348853658535],[120.6354962682927,32.022995571428574],[120.63464742857143,32.022995571428574],[120.63464742857143,32.022348853658535]]]},"properties":{"cluster_id":1617,"lat":32.022832386172006,"lon":120.63512263406407,"count":11,"dwell_minutes":26116.016666666663,"center_method":"duration_weighted_stop_medoid","type":"berth","distance_to_coast":3632.7599071977834,"inside_china_land":false}},{"type":"Feature","geometry":{"type":"Polygon","coordinates":[[[120.6650733125,31.99273175],[120.66739075,31.99273175],[120.66739075,31.99292586956522],[120.6650733125,31.99292586956522],[120.6650733125,31.99273175]]]},"properties":{"cluster_id":1618,"lat":31.992845773333332,"lon":120.66661708,"count":14,"dwell_minutes":15113.766666666665,"center_method":"duration_weighted_stop_medoid","type":"berth","distance_to_coast":731.0533475185289,"inside_china_land":true}},{"type":"Feature","geometry":{"type":"Polygon","coordinates":[[[120.635300125,32.02388416666667],[120.63571479166667,32.02388416666667],[120.63571479166667,32.0242904375],[120.635300125,32.0242904375],[120.635300125,32.02388416666667]]]},"properties":{"cluster_id":1619,"lat":32.0242904375,"lon":120.635300125,"count":4,"dwell_minutes":41723.78333333333,"center_method":"duration_weighted_stop_medoid","type":"berth","distance_to_coast":3819.934005028853,"inside_china_land":false}},{"type":"Feature","geometry":{"type":"Polygon","coordinates":[[[121.372338,39.518461375],[121.3736606585366,39.518461375],[121.3736606585366,39.51860782926829],[121.372338,39.51860782926829],[121.372338,39.518461375]]]},"properties":{"cluster_id":1620,"lat":39.518535447368414,"lon":121.3728099473684,"count":6,"dwell_minutes":7652.116666666666,"center_method":"duration_weighted_stop_medoid","type":"berth","distance_to_coast":409.70100742906624,"inside_china_land":false}},{"type":"Feature","geometry":{"type":"Polygon","coordinates":[[[120.14743207407408,31.950716882352943],[120.14880161904763,31.950716882352943],[120.14880161904763,31.95094662962963],[120.14743207407408,31.95094662962963],[120.14743207407408,31.950716882352943]]]},"properties":{"cluster_id":1621,"lat":31.950826868852456,"lon":120.14849134426228,"count":5,"dwell_minutes":4949.95,"center_method":"duration_weighted_stop_medoid","type":"berth","distance_to_coast":1312.1971804235125,"inside_china_land":true}},{"type":"Feature","geometry":{"type":"Polygon","coordinates":[[[119.66301299999999,25.581433333333333],[119.66329909999999,25.581433333333333],[119.66329909999999,25.5824229],[119.66301299999999,25.5824229],[119.66301299999999,25.581433333333333]]]},"properties":{"cluster_id":1622,"lat":25.5824229,"lon":119.6632991,"count":2,"dwell_minutes":244.51666666666668,"center_method":"duration_weighted_stop_medoid","type":"berth","distance_to_coast":3584.313626876558,"inside_china_land":false}},{"type":"Feature","geometry":{"type":"Polygon","coordinates":[[[120.94795352173914,31.81123391503268],[120.94842800653595,31.81123391503268],[120.94842800653595,31.81155182608696],[120.94795352173914,31.81155182608696],[120.94795352173914,31.81123391503268]]]},"properties":{"cluster_id":1623,"lat":31.81123391503268,"lon":120.94842800653596,"count":3,"dwell_minutes":6026.0,"center_method":"duration_weighted_stop_medoid","type":"berth","distance_to_coast":1764.0949168830816,"inside_china_land":false}},{"type":"Feature","geometry":{"type":"Polygon","coordinates":[[[112.91618226666667,22.872151464285714],[112.91631032142857,22.872151464285714],[112.91631032142857,22.8722028],[112.91618226666667,22.8722028],[112.91618226666667,22.872151464285714]]]},"properties":{"cluster_id":1624,"lat":22.8721722,"lon":112.9162063,"count":4,"dwell_minutes":1746.55,"center_method":"duration_weighted_stop_medoid","type":"berth","distance_to_coast":33267.50959362999,"inside_china_land":true}},{"type":"Feature","geometry":{"type":"Polygon","coordinates":[[[120.65331742647061,31.990265514705886],[120.65507031034483,31.990265514705886],[120.65507031034483,31.990345103896104],[120.65331742647061,31.990345103896104],[120.65331742647061,31.990265514705886]]]},"properties":{"cluster_id":1625,"lat":31.990315838709677,"lon":120.6539606344086,"count":5,"dwell_minutes":10721.0,"center_method":"duration_weighted_stop_medoid","type":"berth","distance_to_coast":874.7563745648022,"inside_china_land":true}},{"type":"Feature","geometry":{"type":"Polygon","coordinates":[[[120.46464950955414,32.073517067039106],[120.46466158100559,32.073517067039106],[120.46466158100559,32.07353096178344],[120.46464950955414,32.07353096178344],[120.46464950955414,32.073517067039106]]]},"properties":{"cluster_id":1626,"lat":32.073517067039106,"lon":120.4646615810056,"count":2,"dwell_minutes":9473.3,"center_method":"duration_weighted_stop_medoid","type":"berth","distance_to_coast":379.7556940383996,"inside_china_land":true}},{"type":"Feature","geometry":{"type":"Polygon","coordinates":[[[120.19140134482758,31.916795722222226],[120.19157158333334,31.916795722222226],[120.19157158333334,31.917701172413793],[120.19140134482758,31.917701172413793],[120.19140134482758,31.916795722222226]]]},"properties":{"cluster_id":1627,"lat":31.917447192771085,"lon":120.19141563855422,"count":5,"dwell_minutes":4457.616666666667,"center_method":"duration_weighted_stop_medoid","type":"berth","distance_to_coast":1572.5232456928263,"inside_china_land":false}},{"type":"Feature","geometry":{"type":"Polygon","coordinates":[[[117.7316076,38.987658673913046],[117.73197386956522,38.987658673913046],[117.73197386956522,38.98773884],[117.7316076,38.98773884],[117.7316076,38.987658673913046]]]},"properties":{"cluster_id":1628,"lat":38.98773884,"lon":117.7316076,"count":2,"dwell_minutes":2879.9666666666667,"center_method":"duration_weighted_stop_medoid","type":"berth","distance_to_coast":520.0269279117078,"inside_china_land":true}},{"type":"Feature","geometry":{"type":"Polygon","coordinates":[[[117.76457956603774,38.97632965957447],[117.76477959574468,38.97632965957447],[117.76477959574468,38.97645525],[117.76457956603774,38.97645525],[117.76457956603774,38.97632965957447]]]},"properties":{"cluster_id":1629,"lat":38.976439904761904,"lon":117.76466414285711,"count":7,"dwell_minutes":4574.9333333333325,"center_method":"duration_weighted_stop_medoid","type":"berth","distance_to_coast":716.8244333966061,"inside_china_land":false}},{"type":"Feature","geometry":{"type":"Polygon","coordinates":[[[118.68661842857144,24.88361893939394],[118.68663054545455,24.88361893939394],[118.68663054545455,24.883664666666668],[118.68661842857144,24.883664666666668],[118.68661842857144,24.88361893939394]]]},"properties":{"cluster_id":1631,"lat":24.88361893939394,"lon":118.68663054545456,"count":2,"dwell_minutes":1577.1833333333334,"center_method":"duration_weighted_stop_medoid","type":"berth","distance_to_coast":1506.9315642845845,"inside_china_land":false}},{"type":"Feature","geometry":{"type":"Polygon","coordinates":[[[120.30132766666667,27.213977999999997],[120.30158666666667,27.213977999999997],[120.30158666666667,27.214581222222222],[120.30132766666667,27.214581222222222],[120.30132766666667,27.213977999999997]]]},"properties":{"cluster_id":1632,"lat":27.21400382352941,"lon":120.3013784117647,"count":4,"dwell_minutes":2813.6000000000004,"center_method":"duration_weighted_stop_medoid","type":"berth","distance_to_coast":552.7111423679086,"inside_china_land":true}},{"type":"Feature","geometry":{"type":"Polygon","coordinates":[[[121.33817912121212,39.510302],[121.33873184210525,39.510302],[121.33873184210525,39.510559421052626],[121.33817912121212,39.510559421052626],[121.33817912121212,39.510302]]]},"properties":{"cluster_id":1633,"lat":39.510302,"lon":121.33817912121212,"count":2,"dwell_minutes":4725.7,"center_method":"duration_weighted_stop_medoid","type":"berth","distance_to_coast":831.074510515012,"inside_china_land":false}},{"type":"Feature","geometry":{"type":"Polygon","coordinates":[[[113.4924241875,22.573390484375],[113.49244491304349,22.573390484375],[113.49244491304349,22.573400152173914],[113.4924241875,22.573400152173914],[113.4924241875,22.573390484375]]]},"properties":{"cluster_id":1634,"lat":22.57340015217391,"lon":113.49244491304349,"count":2,"dwell_minutes":3743.133333333333,"center_method":"duration_weighted_stop_medoid","type":"berth","distance_to_coast":9362.818890261202,"inside_china_land":true}},{"type":"Feature","geometry":{"type":"Polygon","coordinates":[[[113.431991625,23.095355916666666],[113.43205736170212,23.095355916666666],[113.43205736170212,23.095529375],[113.431991625,23.095529375],[113.431991625,23.095355916666666]]]},"properties":{"cluster_id":1635,"lat":23.09547875757576,"lon":113.43201409090908,"count":8,"dwell_minutes":5828.6,"center_method":"duration_weighted_stop_medoid","type":"berth","distance_to_coast":290.04312214639583,"inside_china_land":true}},{"type":"Feature","geometry":{"type":"Polygon","coordinates":[[[117.72216740816327,30.827174684210526],[117.72298798837208,30.827174684210526],[117.72298798837208,30.82770384883721],[117.72216740816327,30.82770384883721],[117.72216740816327,30.827174684210526]]]},"properties":{"cluster_id":1636,"lat":30.82770384883721,"lon":117.72298798837208,"count":3,"dwell_minutes":4514.416666666666,"center_method":"duration_weighted_stop_medoid","type":"berth","distance_to_coast":275515.3088569316,"inside_china_land":true}},{"type":"Feature","geometry":{"type":"Polygon","coordinates":[[[120.58173077419355,31.99409132857143],[120.58310785263158,31.99409132857143],[120.58310785263158,31.99420758064516],[120.58173077419355,31.99420758064516],[120.58173077419355,31.99409132857143]]]},"properties":{"cluster_id":1638,"lat":31.99409132857143,"lon":120.58250801428572,"count":7,"dwell_minutes":10738.333333333336,"center_method":"duration_weighted_stop_medoid","type":"berth","distance_to_coast":519.3023384474403,"inside_china_land":true}},{"type":"Feature","geometry":{"type":"Polygon","coordinates":[[[118.83545842391304,32.23303694117647],[118.83554940816326,32.23303694117647],[118.83554940816326,32.233218658536586],[118.83545842391304,32.233218658536586],[118.83545842391304,32.23303694117647]]]},"properties":{"cluster_id":1644,"lat":32.23318585714286,"lon":118.8355377912088,"count":33,"dwell_minutes":81493.1,"center_method":"duration_weighted_stop_medoid","type":"berth","distance_to_coast":85905.49854027978,"inside_china_land":true}},{"type":"Feature","geometry":{"type":"Polygon","coordinates":[[[119.8553865897436,32.287785794871795],[119.85548312962963,32.287785794871795],[119.85548312962963,32.28798209375],[119.8553865897436,32.28798209375],[119.8553865897436,32.287785794871795]]]},"properties":{"cluster_id":1645,"lat":32.28794495774648,"lon":119.855476,"count":8,"dwell_minutes":13728.75,"center_method":"duration_weighted_stop_medoid","type":"berth","distance_to_coast":74.08207702413593,"inside_china_land":true}},{"type":"Feature","geometry":{"type":"Polygon","coordinates":[[[118.95094416149068,32.1696459],[118.95097596629212,32.1696459],[118.95097596629212,32.16970838461539],[118.95094416149068,32.16970838461539],[118.95094416149068,32.1696459]]]},"properties":{"cluster_id":1646,"lat":32.16966274,"lon":118.95096525,"count":6,"dwell_minutes":18075.483333333337,"center_method":"duration_weighted_stop_medoid","type":"berth","distance_to_coast":73011.70611357907,"inside_china_land":true}},{"type":"Feature","geometry":{"type":"Polygon","coordinates":[[[117.78725942424242,38.97818309375],[117.7891133125,38.97818309375],[117.7891133125,38.979388757575755],[117.78725942424242,38.979388757575755],[117.78725942424242,38.97818309375]]]},"properties":{"cluster_id":1649,"lat":38.97849509677419,"lon":117.78861448387096,"count":13,"dwell_minutes":11994.883333333331,"center_method":"duration_weighted_stop_medoid","type":"berth","distance_to_coast":1530.833225992576,"inside_china_land":false}},{"type":"Feature","geometry":{"type":"Polygon","coordinates":[[[118.99735556756757,39.20367247826087],[118.99738334782609,39.20367247826087],[118.99738334782609,39.20368129054054],[118.99735556756757,39.20368129054054],[118.99735556756757,39.20367247826087]]]},"properties":{"cluster_id":1650,"lat":39.20368129054054,"lon":118.99735556756757,"count":2,"dwell_minutes":2249.7666666666664,"center_method":"duration_weighted_stop_medoid","type":"berth","distance_to_coast":2756.006368814872,"inside_china_land":true}},{"type":"Feature","geometry":{"type":"Polygon","coordinates":[[[117.7834592745098,38.9812474],[117.78443256,38.9812474],[117.78443256,38.98190468627451],[117.7834592745098,38.98190468627451],[117.7834592745098,38.9812474]]]},"properties":{"cluster_id":1651,"lat":38.981489473684206,"lon":117.7841647368421,"count":6,"dwell_minutes":5827.683333333333,"center_method":"duration_weighted_stop_medoid","type":"berth","distance_to_coast":992.7530972529338,"inside_china_land":false}},{"type":"Feature","geometry":{"type":"Polygon","coordinates":[[[117.78588434782608,38.97365795],[117.78614528070176,38.97365795],[117.78614528070176,38.973738363636365],[117.78588434782608,38.973738363636365],[117.78588434782608,38.97365795]]]},"properties":{"cluster_id":1652,"lat":38.973708499999994,"lon":117.7859677962963,"count":9,"dwell_minutes":11660.833333333334,"center_method":"duration_weighted_stop_medoid","type":"berth","distance_to_coast":1589.8032887649738,"inside_china_land":false}},{"type":"Feature","geometry":{"type":"Polygon","coordinates":[[[117.78709537499999,38.99986374509804],[117.78729798039217,38.99986374509804],[117.78729798039217,39.000505625],[117.78709537499999,39.000505625],[117.78709537499999,38.99986374509804]]]},"properties":{"cluster_id":1653,"lat":39.000002631578944,"lon":117.78724713157897,"count":4,"dwell_minutes":4346.2,"center_method":"duration_weighted_stop_medoid","type":"berth","distance_to_coast":1525.6459288759968,"inside_china_land":false}},{"type":"Feature","geometry":{"type":"Polygon","coordinates":[[[117.780412,38.98367440625],[117.78081403125,38.98367440625],[117.78081403125,38.983974280000005],[117.780412,38.983974280000005],[117.780412,38.98367440625]]]},"properties":{"cluster_id":1655,"lat":38.9839079375,"lon":117.78047471875,"count":7,"dwell_minutes":6283.6,"center_method":"duration_weighted_stop_medoid","type":"berth","distance_to_coast":607.8008683811648,"inside_china_land":false}},{"type":"Feature","geometry":{"type":"Polygon","coordinates":[[[117.78184513043479,38.98263733333334],[117.7824003809524,38.98263733333334],[117.7824003809524,38.98297047826087],[117.78184513043479,38.98297047826087],[117.78184513043479,38.98263733333334]]]},"properties":{"cluster_id":1656,"lat":38.98270192307693,"lon":117.7822695,"count":4,"dwell_minutes":3488.166666666667,"center_method":"duration_weighted_stop_medoid","type":"berth","distance_to_coast":794.7106857220349,"inside_china_land":false}},{"type":"Feature","geometry":{"type":"Polygon","coordinates":[[[118.9927391891892,39.202407918918915],[118.99420548717947,39.202407918918915],[118.99420548717947,39.20278697435897],[118.9927391891892,39.20278697435897],[118.9927391891892,39.202407918918915]]]},"properties":{"cluster_id":1657,"lat":39.20256111764706,"lon":118.99360697058825,"count":4,"dwell_minutes":4659.083333333334,"center_method":"duration_weighted_stop_medoid","type":"berth","distance_to_coast":2829.6293669811394,"inside_china_land":true}},{"type":"Feature","geometry":{"type":"Polygon","coordinates":[[[117.78527711627908,39.00165572413793],[117.78679148275862,39.00165572413793],[117.78679148275862,39.00686913333333],[117.78527711627908,39.00686913333333],[117.78527711627908,39.00165572413793]]]},"properties":{"cluster_id":1658,"lat":39.004232875,"lon":117.7860469375,"count":13,"dwell_minutes":12770.733333333335,"center_method":"duration_weighted_stop_medoid","type":"berth","distance_to_coast":1517.135719197349,"inside_china_land":false}},{"type":"Feature","geometry":{"type":"Polygon","coordinates":[[[117.78885554237289,38.993543475],[117.78911202500001,38.993543475],[117.78911202500001,38.99445401694915],[117.78885554237289,38.99445401694915],[117.78885554237289,38.993543475]]]},"properties":{"cluster_id":1660,"lat":38.99431462068965,"lon":117.78888379310344,"count":4,"dwell_minutes":4540.116666666667,"center_method":"duration_weighted_stop_medoid","type":"berth","distance_to_coast":1648.2491555298488,"inside_china_land":false}},{"type":"Feature","geometry":{"type":"Polygon","coordinates":[[[118.978772675,39.20484769811321],[118.98577488372094,39.20484769811321],[118.98577488372094,39.20684825581395],[118.978772675,39.20684825581395],[118.978772675,39.20484769811321]]]},"properties":{"cluster_id":1661,"lat":39.205716793650794,"lon":118.98167893650792,"count":37,"dwell_minutes":63244.18333333333,"center_method":"duration_weighted_stop_medoid","type":"berth","distance_to_coast":2207.8469885630607,"inside_china_land":true}},{"type":"Feature","geometry":{"type":"Polygon","coordinates":[[[117.77697973529412,38.99318194117647],[117.77764757142857,38.99318194117647],[117.77764757142857,38.99530305882353],[117.77697973529412,38.99530305882353],[117.77697973529412,38.99318194117647]]]},"properties":{"cluster_id":1663,"lat":38.99417066666666,"lon":117.77733744444446,"count":9,"dwell_minutes":6634.3,"center_method":"duration_weighted_stop_medoid","type":"berth","distance_to_coast":364.7402134954032,"inside_china_land":false}},{"type":"Feature","geometry":{"type":"Polygon","coordinates":[[[117.77625310714286,38.99644882352941],[117.77665911764706,38.99644882352941],[117.77665911764706,38.99792384848485],[117.77625310714286,38.99792384848485],[117.77625310714286,38.99644882352941]]]},"properties":{"cluster_id":1664,"lat":38.99789071428571,"lon":117.77625310714286,"count":5,"dwell_minutes":3905.916666666667,"center_method":"duration_weighted_stop_medoid","type":"berth","distance_to_coast":282.50893938986553,"inside_china_land":false}},{"type":"Feature","geometry":{"type":"Polygon","coordinates":[[[117.77612230434782,38.9765011025641],[117.77642769230769,38.9765011025641],[117.77642769230769,38.97658834782609],[117.77612230434782,38.97658834782609],[117.77612230434782,38.9765011025641]]]},"properties":{"cluster_id":1666,"lat":38.97650935,"lon":117.776404,"count":3,"dwell_minutes":3085.4833333333336,"center_method":"duration_weighted_stop_medoid","type":"berth","distance_to_coast":663.6590807394381,"inside_china_land":false}},{"type":"Feature","geometry":{"type":"Polygon","coordinates":[[[117.78381004,38.97435112],[117.7838215652174,38.97435112],[117.7838215652174,38.97435686956522],[117.78381004,38.97435686956522],[117.78381004,38.97435112]]]},"properties":{"cluster_id":1667,"lat":38.97435112,"lon":117.78381004,"count":2,"dwell_minutes":1460.2833333333333,"center_method":"duration_weighted_stop_medoid","type":"berth","distance_to_coast":1351.8615374155258,"inside_china_land":false}},{"type":"Feature","geometry":{"type":"Polygon","coordinates":[[[109.17552866666666,19.717989708333334],[109.17581042857144,19.717989708333334],[109.17581042857144,19.71801214285714],[109.17552866666666,19.71801214285714],[109.17552866666666,19.717989708333334]]]},"properties":{"cluster_id":1668,"lat":19.717989708333334,"lon":109.17552866666666,"count":2,"dwell_minutes":1092.1666666666663,"center_method":"duration_weighted_stop_medoid","type":"berth","distance_to_coast":1001.6736324307906,"inside_china_land":false}},{"type":"Feature","geometry":{"type":"Polygon","coordinates":[[[113.85645846153847,22.52681742857143],[113.85679628571428,22.52681742857143],[113.85679628571428,22.52882658974359],[113.85645846153847,22.52882658974359],[113.85645846153847,22.52681742857143]]]},"properties":{"cluster_id":1670,"lat":22.527864846153843,"lon":113.85674046153846,"count":3,"dwell_minutes":3577.1333333333337,"center_method":"duration_weighted_stop_medoid","type":"berth","distance_to_coast":2234.02734442098,"inside_china_land":false}},{"type":"Feature","geometry":{"type":"Polygon","coordinates":[[[113.85519969444444,22.532250517241376],[113.8553757586207,22.532250517241376],[113.8553757586207,22.53287813888889],[113.85519969444444,22.53287813888889],[113.85519969444444,22.532250517241376]]]},"properties":{"cluster_id":1671,"lat":22.53287813888889,"lon":113.85519969444444,"count":2,"dwell_minutes":2061.4,"center_method":"duration_weighted_stop_medoid","type":"berth","distance_to_coast":2025.5535742226632,"inside_china_land":false}},{"type":"Feature","geometry":{"type":"Polygon","coordinates":[[[110.39339632258064,21.134074870967744],[110.3967232,21.134074870967744],[110.3967232,21.13758572],[110.39339632258064,21.13758572],[110.39339632258064,21.134074870967744]]]},"properties":{"cluster_id":1672,"lat":21.135482636363633,"lon":110.39474890909092,"count":16,"dwell_minutes":15034.516666666666,"center_method":"duration_weighted_stop_medoid","type":"berth","distance_to_coast":2712.1912852071523,"inside_china_land":false}},{"type":"Feature","geometry":{"type":"Polygon","coordinates":[[[109.17100184905661,19.713678792452832],[109.17169253333333,19.713678792452832],[109.17169253333333,19.714382233333332],[109.17100184905661,19.714382233333332],[109.17100184905661,19.713678792452832]]]},"properties":{"cluster_id":1677,"lat":19.713678792452832,"lon":109.1710018490566,"count":2,"dwell_minutes":3160.733333333333,"center_method":"duration_weighted_stop_medoid","type":"berth","distance_to_coast":1318.2040360195963,"inside_china_land":false}},{"type":"Feature","geometry":{"type":"Polygon","coordinates":[[[109.1736084375,19.71614603125],[109.17516,19.71614603125],[109.17516,19.716700200000002],[109.1736084375,19.716700200000002],[109.1736084375,19.71614603125]]]},"properties":{"cluster_id":1678,"lat":19.71665411764706,"lon":109.17404005882354,"count":3,"dwell_minutes":3428.5333333333333,"center_method":"duration_weighted_stop_medoid","type":"berth","distance_to_coast":1054.8214500733854,"inside_china_land":false}},{"type":"Feature","geometry":{"type":"Polygon","coordinates":[[[111.82036526415094,21.692029571428574],[111.82078538571429,21.692029571428574],[111.82078538571429,21.693208056603776],[111.82036526415094,21.693208056603776],[111.82036526415094,21.692029571428574]]]},"properties":{"cluster_id":1679,"lat":21.692358366666667,"lon":111.8206808,"count":4,"dwell_minutes":6241.35,"center_method":"duration_weighted_stop_medoid","type":"berth","distance_to_coast":1988.7064791881596,"inside_china_land":false}},{"type":"Feature","geometry":{"type":"Polygon","coordinates":[[[113.64288325000001,22.768105],[113.6428836,22.768105],[113.6428836,22.7692792],[113.64288325000001,22.7692792],[113.64288325000001,22.768105]]]},"properties":{"cluster_id":1680,"lat":22.7692792,"lon":113.6428836,"count":2,"dwell_minutes":177.2,"center_method":"duration_weighted_stop_medoid","type":"berth","distance_to_coast":1351.6793991444663,"inside_china_land":false}},{"type":"Feature","geometry":{"type":"Polygon","coordinates":[[[109.15523350000001,19.769852187165775],[109.15543112941177,19.769852187165775],[109.15543112941177,19.76991901709402],[109.15523350000001,19.76991901709402],[109.15523350000001,19.769852187165775]]]},"properties":{"cluster_id":1681,"lat":19.76991901709402,"lon":109.15525556125355,"count":4,"dwell_minutes":25898.033333333336,"center_method":"duration_weighted_stop_medoid","type":"berth","distance_to_coast":1083.0091086267894,"inside_china_land":false}},{"type":"Feature","geometry":{"type":"Polygon","coordinates":[[[120.18421907142859,31.91804975],[120.1846193125,31.91804975],[120.1846193125,31.91973964285714],[120.18421907142859,31.91973964285714],[120.18421907142859,31.91804975]]]},"properties":{"cluster_id":1682,"lat":31.91916744615385,"lon":120.18439255384617,"count":4,"dwell_minutes":3364.1,"center_method":"duration_weighted_stop_medoid","type":"berth","distance_to_coast":1879.7826618222923,"inside_china_land":false}},{"type":"Feature","geometry":{"type":"Polygon","coordinates":[[[121.69260368181818,31.313631055555554],[121.69260961111111,31.313631055555554],[121.69260961111111,31.313820772727272],[121.69260368181818,31.313820772727272],[121.69260368181818,31.313631055555554]]]},"properties":{"cluster_id":1683,"lat":31.31363105555555,"lon":121.69260961111112,"count":2,"dwell_minutes":1266.0,"center_method":"duration_weighted_stop_medoid","type":"berth","distance_to_coast":1463.4368846191664,"inside_china_land":false}},{"type":"Feature","geometry":{"type":"Polygon","coordinates":[[[118.98000321538463,25.219677986842107],[118.98051444736844,25.219677986842107],[118.98051444736844,25.220095584615386],[118.98000321538463,25.220095584615386],[118.98000321538463,25.219677986842107]]]},"properties":{"cluster_id":1684,"lat":25.21989217948718,"lon":118.98008221794872,"count":4,"dwell_minutes":6743.05,"center_method":"duration_weighted_stop_medoid","type":"berth","distance_to_coast":478.41142972896506,"inside_china_land":false}},{"type":"Feature","geometry":{"type":"Polygon","coordinates":[[[113.07813842857142,22.746122333333332],[113.07861744444443,22.746122333333332],[113.07861744444443,22.74660642857143],[113.07813842857142,22.74660642857143],[113.07813842857142,22.746122333333332]]]},"properties":{"cluster_id":1685,"lat":22.746122333333332,"lon":113.07861744444445,"count":2,"dwell_minutes":1179.9333333333334,"center_method":"duration_weighted_stop_medoid","type":"berth","distance_to_coast":22722.26844354943,"inside_china_land":true}},{"type":"Feature","geometry":{"type":"Polygon","coordinates":[[[122.02976758426966,30.150736005208334],[122.02996823076924,30.150736005208334],[122.02996823076924,30.15089392307692],[122.02976758426966,30.15089392307692],[122.02976758426966,30.150736005208334]]]},"properties":{"cluster_id":1686,"lat":30.150736005208337,"lon":122.02977026041668,"count":4,"dwell_minutes":9362.216666666667,"center_method":"duration_weighted_stop_medoid","type":"berth","distance_to_coast":380.8031244550973,"inside_china_land":false}},{"type":"Feature","geometry":{"type":"Polygon","coordinates":[[[118.62363602173912,31.947089760869567],[118.62515247826086,31.947089760869567],[118.62515247826086,31.948502173913045],[118.62363602173912,31.948502173913045],[118.62363602173912,31.947089760869567]]]},"properties":{"cluster_id":1687,"lat":31.948334402597403,"lon":118.6249737012987,"count":7,"dwell_minutes":11316.9,"center_method":"duration_weighted_stop_medoid","type":"berth","distance_to_coast":113990.9970342761,"inside_china_land":true}},{"type":"Feature","geometry":{"type":"Polygon","coordinates":[[[113.01544145,22.813715294117646],[113.01612876470588,22.813715294117646],[113.01612876470588,22.814190586206898],[113.01544145,22.814190586206898],[113.01544145,22.813715294117646]]]},"properties":{"cluster_id":1688,"lat":22.8141342,"lon":113.01559343333334,"count":4,"dwell_minutes":2621.416666666667,"center_method":"duration_weighted_stop_medoid","type":"berth","distance_to_coast":24537.193487479395,"inside_china_land":true}},{"type":"Feature","geometry":{"type":"Polygon","coordinates":[[[120.000025,31.973550375],[120.00057946153846,31.973550375],[120.00057946153846,31.97405309375],[120.000025,31.97405309375],[120.000025,31.973550375]]]},"properties":{"cluster_id":1689,"lat":31.97361362820513,"lon":120.00050585897436,"count":6,"dwell_minutes":7840.416666666667,"center_method":"duration_weighted_stop_medoid","type":"berth","distance_to_coast":1988.6574301217097,"inside_china_land":false}},{"type":"Feature","geometry":{"type":"Polygon","coordinates":[[[119.7455665,34.34428524],[119.7467370150376,34.34428524],[119.7467370150376,34.34735645238095],[119.7455665,34.34735645238095],[119.7455665,34.34428524]]]},"properties":{"cluster_id":1690,"lat":34.34732398770491,"lon":119.74673347540984,"count":37,"dwell_minutes":75028.66666666669,"center_method":"duration_weighted_stop_medoid","type":"berth","distance_to_coast":18765.06970663057,"inside_china_land":true}},{"type":"Feature","geometry":{"type":"Polygon","coordinates":[[[110.5153255,21.089311625],[110.5153545,21.089311625],[110.5153545,21.090525666666668],[110.5153255,21.090525666666668],[110.5153255,21.089311625]]]},"properties":{"cluster_id":1691,"lat":21.089311625,"lon":110.5153255,"count":2,"dwell_minutes":296.76666666666665,"center_method":"duration_weighted_stop_medoid","type":"berth","distance_to_coast":852.1942058766305,"inside_china_land":false}},{"type":"Feature","geometry":{"type":"Polygon","coordinates":[[[113.0777114,22.738851099999998],[113.07875025,22.738851099999998],[113.07875025,22.7394773125],[113.0777114,22.7394773125],[113.0777114,22.738851099999998]]]},"properties":{"cluster_id":1692,"lat":22.7388511,"lon":113.0777114,"count":2,"dwell_minutes":1260.6,"center_method":"duration_weighted_stop_medoid","type":"berth","distance_to_coast":21975.39001583647,"inside_china_land":true}},{"type":"Feature","geometry":{"type":"Polygon","coordinates":[[[117.42236063636363,30.72957418181818],[117.42352727272727,30.72957418181818],[117.42352727272727,30.729905999999996],[117.42236063636363,30.729905999999996],[117.42236063636363,30.72957418181818]]]},"properties":{"cluster_id":1694,"lat":30.72957418181818,"lon":117.42236063636363,"count":2,"dwell_minutes":669.25,"center_method":"duration_weighted_stop_medoid","type":"berth","distance_to_coast":309462.6748823061,"inside_china_land":true}},{"type":"Feature","geometry":{"type":"Polygon","coordinates":[[[117.99837727027028,31.103986972972972],[117.99838726666667,31.103986972972972],[117.99838726666667,31.10409333333333],[117.99837727027028,31.10409333333333],[117.99837727027028,31.103986972972972]]]},"properties":{"cluster_id":1695,"lat":31.103986972972972,"lon":117.99837727027028,"count":2,"dwell_minutes":1959.5833333333333,"center_method":"duration_weighted_stop_medoid","type":"berth","distance_to_coast":229034.14338098315,"inside_china_land":true}},{"type":"Feature","geometry":{"type":"Polygon","coordinates":[[[119.85373487096774,26.32532276],[119.85389667999999,26.32532276],[119.85389667999999,26.325398258064517],[119.85373487096774,26.325398258064517],[119.85373487096774,26.32532276]]]},"properties":{"cluster_id":1697,"lat":26.325330874015748,"lon":119.85385118110236,"count":8,"dwell_minutes":10889.216666666667,"center_method":"duration_weighted_stop_medoid","type":"berth","distance_to_coast":277.6396663337596,"inside_china_land":false}},{"type":"Feature","geometry":{"type":"Polygon","coordinates":[[[121.27002423809525,31.604077931372547],[121.2703028627451,31.604077931372547],[121.2703028627451,31.604267595238092],[121.27002423809525,31.604267595238092],[121.27002423809525,31.604077931372547]]]},"properties":{"cluster_id":1699,"lat":31.604077931372547,"lon":121.2703028627451,"count":3,"dwell_minutes":4510.433333333333,"center_method":"duration_weighted_stop_medoid","type":"berth","distance_to_coast":2629.4313755367893,"inside_china_land":false}},{"type":"Feature","geometry":{"type":"Polygon","coordinates":[[[119.68262190909091,25.58022788888889],[119.68290146153846,25.58022788888889],[119.68290146153846,25.580358886363637],[119.68262190909091,25.580358886363637],[119.68262190909091,25.58022788888889]]]},"properties":{"cluster_id":1701,"lat":25.580345094017098,"lon":119.68290146153846,"count":5,"dwell_minutes":9796.483333333334,"center_method":"duration_weighted_stop_medoid","type":"berth","distance_to_coast":1767.0732604407704,"inside_china_land":false}},{"type":"Feature","geometry":{"type":"Polygon","coordinates":[[[119.70528420000001,26.8044736],[119.70528864285714,26.8044736],[119.70528864285714,26.804588499999998],[119.70528420000001,26.804588499999998],[119.70528420000001,26.8044736]]]},"properties":{"cluster_id":1702,"lat":26.8045885,"lon":119.70528864285714,"count":2,"dwell_minutes":721.05,"center_method":"duration_weighted_stop_medoid","type":"berth","distance_to_coast":721.636659784121,"inside_china_land":false}},{"type":"Feature","geometry":{"type":"Polygon","coordinates":[[[119.70720728997868,26.800694085287844],[119.70735814285715,26.800694085287844],[119.70735814285715,26.800810857142856],[119.70720728997868,26.800810857142856],[119.70720728997868,26.800694085287844]]]},"properties":{"cluster_id":1703,"lat":26.800694085287844,"lon":119.70720728997868,"count":3,"dwell_minutes":22903.916666666668,"center_method":"duration_weighted_stop_medoid","type":"berth","distance_to_coast":917.5252353100524,"inside_china_land":false}},{"type":"Feature","geometry":{"type":"Polygon","coordinates":[[[119.87754772727273,26.29994984],[119.8788026,26.29994984],[119.8788026,26.300249400000002],[119.87754772727273,26.300249400000002],[119.87754772727273,26.29994984]]]},"properties":{"cluster_id":1705,"lat":26.29994984,"lon":119.8775478,"count":3,"dwell_minutes":1053.9666666666667,"center_method":"duration_weighted_stop_medoid","type":"berth","distance_to_coast":1667.949936015992,"inside_china_land":false}},{"type":"Feature","geometry":{"type":"Polygon","coordinates":[[[119.98606507843138,32.0129966],[119.98633784444444,32.0129966],[119.98633784444444,32.01320505882353],[119.98606507843138,32.01320505882353],[119.98606507843138,32.0129966]]]},"properties":{"cluster_id":1707,"lat":32.013133465116276,"lon":119.98613937209302,"count":3,"dwell_minutes":4119.45,"center_method":"duration_weighted_stop_medoid","type":"berth","distance_to_coast":745.2086948328028,"inside_china_land":false}},{"type":"Feature","geometry":{"type":"Polygon","coordinates":[[[119.27494575,32.190377],[119.27508675,32.190377],[119.27508675,32.190529749999996],[119.27494575,32.190529749999996],[119.27494575,32.190377]]]},"properties":{"cluster_id":1708,"lat":32.190491,"lon":119.2749785263158,"count":17,"dwell_minutes":6762.883333333334,"center_method":"duration_weighted_stop_medoid","type":"berth","distance_to_coast":36864.31963759584,"inside_china_land":true}},{"type":"Feature","geometry":{"type":"Polygon","coordinates":[[[119.01865439999999,32.179197],[119.01867664705883,32.179197],[119.01867664705883,32.17920488235294],[119.01865439999999,32.17920488235294],[119.01865439999999,32.179197]]]},"properties":{"cluster_id":1713,"lat":32.17920488235294,"lon":119.01867664705884,"count":2,"dwell_minutes":553.65,"center_method":"duration_weighted_stop_medoid","type":"berth","distance_to_coast":65427.53018673271,"inside_china_land":true}},{"type":"Feature","geometry":{"type":"Polygon","coordinates":[[[118.87071858536585,32.175087222222224],[118.8709538,32.175087222222224],[118.8709538,32.17531714285714],[118.87071858536585,32.17531714285714],[118.87071858536585,32.175087222222224]]]},"properties":{"cluster_id":1714,"lat":32.17514988659794,"lon":118.87078463917526,"count":17,"dwell_minutes":21536.066666666666,"center_method":"duration_weighted_stop_medoid","type":"berth","distance_to_coast":81899.35950878327,"inside_china_land":true}},{"type":"Feature","geometry":{"type":"Polygon","coordinates":[[[119.90168125,32.1333445],[119.90170625,32.1333445],[119.90170625,32.1333485],[119.90168125,32.1333485],[119.90168125,32.1333445]]]},"properties":{"cluster_id":1715,"lat":32.1333485,"lon":119.90168125,"count":2,"dwell_minutes":149.85000000000002,"center_method":"duration_weighted_stop_medoid","type":"berth","distance_to_coast":886.9104410199534,"inside_china_land":false}},{"type":"Feature","geometry":{"type":"Polygon","coordinates":[[[120.21274033333334,31.925445],[120.212817,31.925445],[120.212817,31.92550075],[120.21274033333334,31.92550075],[120.21274033333334,31.925445]]]},"properties":{"cluster_id":1716,"lat":31.925472421052632,"lon":120.21276710526315,"count":3,"dwell_minutes":963.2666666666668,"center_method":"duration_weighted_stop_medoid","type":"berth","distance_to_coast":1485.499799371889,"inside_china_land":false}},{"type":"Feature","geometry":{"type":"Polygon","coordinates":[[[119.21556066666666,32.218985333333336],[119.21594428571429,32.218985333333336],[119.21594428571429,32.21932525],[119.21556066666666,32.21932525],[119.21556066666666,32.218985333333336]]]},"properties":{"cluster_id":1717,"lat":32.219239,"lon":119.21582826086956,"count":7,"dwell_minutes":2097.8333333333335,"center_method":"duration_weighted_stop_medoid","type":"berth","distance_to_coast":43538.25599920161,"inside_china_land":true}},{"type":"Feature","geometry":{"type":"Polygon","coordinates":[[[119.83145933333334,39.979064],[119.83151271428572,39.979064],[119.83151271428572,39.97906777777777],[119.83145933333334,39.97906777777777],[119.83145933333334,39.979064]]]},"properties":{"cluster_id":1718,"lat":39.97906622222222,"lon":119.83148227777777,"count":4,"dwell_minutes":1199.2,"center_method":"duration_weighted_stop_medoid","type":"berth","distance_to_coast":120.7429067544858,"inside_china_land":false}},{"type":"Feature","geometry":{"type":"Polygon","coordinates":[[[118.61502371052632,31.9401765],[118.61515313793103,31.9401765],[118.61515313793103,31.940254379310346],[118.61502371052632,31.940254379310346],[118.61502371052632,31.9401765]]]},"properties":{"cluster_id":1719,"lat":31.9401765,"lon":118.61502371052632,"count":2,"dwell_minutes":1867.6666666666663,"center_method":"duration_weighted_stop_medoid","type":"berth","distance_to_coast":115360.9726976488,"inside_china_land":true}},{"type":"Feature","geometry":{"type":"Polygon","coordinates":[[[118.60913752272727,31.93184181818182],[118.60916046666665,31.93184181818182],[118.60916046666665,31.9318704],[118.60913752272727,31.9318704],[118.60913752272727,31.93184181818182]]]},"properties":{"cluster_id":1720,"lat":31.9318704,"lon":118.60916046666664,"count":2,"dwell_minutes":2902.366666666667,"center_method":"duration_weighted_stop_medoid","type":"berth","distance_to_coast":116306.80809201482,"inside_china_land":true}},{"type":"Feature","geometry":{"type":"Polygon","coordinates":[[[118.61415227272727,31.9391635],[118.61416581034483,31.9391635],[118.61416581034483,31.93926859090909],[118.61415227272727,31.93926859090909],[118.61415227272727,31.9391635]]]},"properties":{"cluster_id":1722,"lat":31.9391635,"lon":118.61416581034484,"count":2,"dwell_minutes":2323.0666666666666,"center_method":"duration_weighted_stop_medoid","type":"berth","distance_to_coast":115491.19449404354,"inside_china_land":true}},{"type":"Feature","geometry":{"type":"Polygon","coordinates":[[[118.60850530434782,31.935790407407406],[118.6100683956044,31.935790407407406],[118.6100683956044,31.93674734065934],[118.60850530434782,31.93674734065934],[118.60850530434782,31.935790407407406]]]},"properties":{"cluster_id":1723,"lat":31.93674734065934,"lon":118.6100683956044,"count":3,"dwell_minutes":4211.816666666667,"center_method":"duration_weighted_stop_medoid","type":"berth","distance_to_coast":116020.31986537852,"inside_china_land":true}},{"type":"Feature","geometry":{"type":"Polygon","coordinates":[[[121.10314681818181,28.103247999999997],[121.103182,28.103247999999997],[121.103182,28.10325990909091],[121.10314681818181,28.10325990909091],[121.10314681818181,28.103247999999997]]]},"properties":{"cluster_id":1729,"lat":28.10325990909091,"lon":121.1031468181818,"count":2,"dwell_minutes":343.8666666666667,"center_method":"duration_weighted_stop_medoid","type":"berth","distance_to_coast":3059.056765373838,"inside_china_land":false}},{"type":"Feature","geometry":{"type":"Polygon","coordinates":[[[119.66127551898732,32.20209705063291],[119.661287,32.20209705063291],[119.661287,32.20212776785714],[119.66127551898732,32.20212776785714],[119.66127551898732,32.20209705063291]]]},"properties":{"cluster_id":1731,"lat":32.20212776785714,"lon":119.661287,"count":2,"dwell_minutes":6255.633333333333,"center_method":"duration_weighted_stop_medoid","type":"berth","distance_to_coast":650.9052662173059,"inside_china_land":true}},{"type":"Feature","geometry":{"type":"Polygon","coordinates":[[[116.53065783333334,22.969545],[116.530937,22.969545],[116.530937,22.969969],[116.53065783333334,22.969969],[116.53065783333334,22.969545]]]},"properties":{"cluster_id":1733,"lat":22.96991033333333,"lon":116.53074433333336,"count":4,"dwell_minutes":366.85,"center_method":"duration_weighted_stop_medoid","type":"berth","distance_to_coast":1328.3605696333664,"inside_china_land":false}},{"type":"Feature","geometry":{"type":"Polygon","coordinates":[[[119.19838166666666,32.22775452173913],[119.19870026086957,32.22775452173913],[119.19870026086957,32.22779711111111],[119.19838166666666,32.22779711111111],[119.19838166666666,32.22775452173913]]]},"properties":{"cluster_id":1735,"lat":32.22775452173913,"lon":119.19870026086956,"count":2,"dwell_minutes":851.6166666666667,"center_method":"duration_weighted_stop_medoid","type":"berth","distance_to_coast":45526.902511150285,"inside_china_land":true}},{"type":"Feature","geometry":{"type":"Polygon","coordinates":[[[119.70230233333332,34.28498075],[119.70294487234042,34.28498075],[119.70294487234042,34.285036000000005],[119.70230233333332,34.285036000000005],[119.70230233333332,34.28498075]]]},"properties":{"cluster_id":1740,"lat":34.285032829787234,"lon":119.70294487234042,"count":7,"dwell_minutes":4267.950000000001,"center_method":"duration_weighted_stop_medoid","type":"berth","distance_to_coast":28414.719619312986,"inside_china_land":true}},{"type":"Feature","geometry":{"type":"Polygon","coordinates":[[[119.704069875,34.2858349375],[119.70517476470589,34.2858349375],[119.70517476470589,34.28672888235294],[119.704069875,34.28672888235294],[119.704069875,34.2858349375]]]},"properties":{"cluster_id":1743,"lat":34.28602002941176,"lon":119.70420494117649,"count":4,"dwell_minutes":3026.833333333333,"center_method":"duration_weighted_stop_medoid","type":"berth","distance_to_coast":28236.35244366553,"inside_china_land":true}},{"type":"Feature","geometry":{"type":"Polygon","coordinates":[[[119.581903,34.21919173333333],[119.58194608333334,34.21919173333333],[119.58194608333334,34.21933616666667],[119.581903,34.21933616666667],[119.581903,34.21919173333333]]]},"properties":{"cluster_id":1748,"lat":34.21933616666667,"lon":119.58194608333334,"count":2,"dwell_minutes":1186.9333333333334,"center_method":"duration_weighted_stop_medoid","type":"berth","distance_to_coast":42603.657037106,"inside_china_land":true}},{"type":"Feature","geometry":{"type":"Polygon","coordinates":[[[119.79779133333334,34.39112227272727],[119.79780127272726,34.39112227272727],[119.79780127272726,34.391322333333335],[119.79779133333334,34.391322333333335],[119.79779133333334,34.39112227272727]]]},"properties":{"cluster_id":1749,"lat":34.39112227272727,"lon":119.79780127272726,"count":2,"dwell_minutes":378.45,"center_method":"duration_weighted_stop_medoid","type":"berth","distance_to_coast":11156.893110559888,"inside_china_land":true}},{"type":"Feature","geometry":{"type":"Polygon","coordinates":[[[119.59966715384616,34.226929454545456],[119.59978605,34.226929454545456],[119.59978605,34.22695335],[119.59966715384616,34.22695335],[119.59966715384616,34.226929454545456]]]},"properties":{"cluster_id":1750,"lat":34.22695335,"lon":119.59978605,"count":3,"dwell_minutes":1290.1,"center_method":"duration_weighted_stop_medoid","type":"berth","distance_to_coast":40659.5978259068,"inside_china_land":true}},{"type":"Feature","geometry":{"type":"Polygon","coordinates":[[[119.75883433333333,34.35381660465116],[119.7588936744186,34.35381660465116],[119.7588936744186,34.353829166666664],[119.75883433333333,34.353829166666664],[119.75883433333333,34.35381660465116]]]},"properties":{"cluster_id":1752,"lat":34.35381660465116,"lon":119.7588936744186,"count":2,"dwell_minutes":1669.45,"center_method":"duration_weighted_stop_medoid","type":"berth","distance_to_coast":17417.025414285807,"inside_china_land":true}},{"type":"Feature","geometry":{"type":"Polygon","coordinates":[[[119.73382944444444,34.32063366666667],[119.73389468965516,34.32063366666667],[119.73389468965516,34.3207264137931],[119.73382944444444,34.3207264137931],[119.73382944444444,34.32063366666667]]]},"properties":{"cluster_id":1753,"lat":34.32071011111111,"lon":119.73388104761904,"count":5,"dwell_minutes":7061.783333333333,"center_method":"duration_weighted_stop_medoid","type":"berth","distance_to_coast":22624.963518874625,"inside_china_land":true}},{"type":"Feature","geometry":{"type":"Polygon","coordinates":[[[119.79569636000001,34.44574849056604],[119.79576007142857,34.44574849056604],[119.79576007142857,34.4461234],[119.79569636000001,34.4461234],[119.79569636000001,34.44574849056604]]]},"properties":{"cluster_id":1756,"lat":34.44607188,"lon":119.79569636,"count":5,"dwell_minutes":4655.75,"center_method":"duration_weighted_stop_medoid","type":"berth","distance_to_coast":4376.830849747059,"inside_china_land":true}},{"type":"Feature","geometry":{"type":"Polygon","coordinates":[[[122.26532122222223,36.84066911111111],[122.26535083333333,36.84066911111111],[122.26535083333333,36.8407015],[122.26532122222223,36.8407015],[122.26532122222223,36.84066911111111]]]},"properties":{"cluster_id":1757,"lat":36.8407015,"lon":122.26535083333331,"count":2,"dwell_minutes":851.0666666666666,"center_method":"duration_weighted_stop_medoid","type":"berth","distance_to_coast":1188.4957822154458,"inside_china_land":true}},{"type":"Feature","geometry":{"type":"Polygon","coordinates":[[[119.6072716153846,34.230373846153846],[119.608363,34.230373846153846],[119.608363,34.2310655],[119.6072716153846,34.2310655],[119.6072716153846,34.230373846153846]]]},"properties":{"cluster_id":1758,"lat":34.230397958333334,"lon":119.60729391666666,"count":5,"dwell_minutes":4646.9,"center_method":"duration_weighted_stop_medoid","type":"berth","distance_to_coast":39823.17417612028,"inside_china_land":true}},{"type":"Feature","geometry":{"type":"Polygon","coordinates":[[[119.74583949999999,34.34118264285714],[119.74651435294118,34.34118264285714],[119.74651435294118,34.34208913333334],[119.74583949999999,34.34208913333334],[119.74583949999999,34.34118264285714]]]},"properties":{"cluster_id":1759,"lat":34.34204326470588,"lon":119.7458395,"count":5,"dwell_minutes":3503.5,"center_method":"duration_weighted_stop_medoid","type":"berth","distance_to_coast":19456.47988291438,"inside_china_land":true}},{"type":"Feature","geometry":{"type":"Polygon","coordinates":[[[122.07928245000001,39.118338037037034],[122.07928722222222,39.118338037037034],[122.07928722222222,39.11833935],[122.07928245000001,39.11833935],[122.07928245000001,39.118338037037034]]]},"properties":{"cluster_id":1764,"lat":39.118338037037034,"lon":122.07928722222222,"count":2,"dwell_minutes":1544.25,"center_method":"duration_weighted_stop_medoid","type":"berth","distance_to_coast":1034.3962470108622,"inside_china_land":true}},{"type":"Feature","geometry":{"type":"Polygon","coordinates":[[[120.40601775,32.041769],[120.40634707692308,32.041769],[120.40634707692308,32.04183076923077],[120.40601775,32.04183076923077],[120.40601775,32.041769]]]},"properties":{"cluster_id":1769,"lat":32.04179868840579,"lon":120.4062254347826,"count":23,"dwell_minutes":30597.183333333334,"center_method":"duration_weighted_stop_medoid","type":"berth","distance_to_coast":261.5556209826859,"inside_china_land":false}},{"type":"Feature","geometry":{"type":"Polygon","coordinates":[[[119.04921085714287,32.20004578571429],[119.04958672727274,32.20004578571429],[119.04958672727274,32.20035645454545],[119.04921085714287,32.20035645454545],[119.04921085714287,32.20004578571429]]]},"properties":{"cluster_id":1770,"lat":32.200150826086954,"lon":119.04947208695653,"count":6,"dwell_minutes":6917.216666666667,"center_method":"duration_weighted_stop_medoid","type":"berth","distance_to_coast":61959.31340972728,"inside_china_land":true}},{"type":"Feature","geometry":{"type":"Polygon","coordinates":[[[119.91131316666667,32.116155166666665],[119.9118001111111,32.116155166666665],[119.9118001111111,32.11668383333333],[119.91131316666667,32.11668383333333],[119.91131316666667,32.116155166666665]]]},"properties":{"cluster_id":1771,"lat":32.11632933333333,"lon":119.9118001111111,"count":3,"dwell_minutes":405.0,"center_method":"duration_weighted_stop_medoid","type":"berth","distance_to_coast":483.5384091339298,"inside_china_land":false}},{"type":"Feature","geometry":{"type":"Polygon","coordinates":[[[116.46417216666667,23.456215],[116.46515083333333,23.456215],[116.46515083333333,23.45631966666667],[116.46417216666667,23.45631966666667],[116.46417216666667,23.456215]]]},"properties":{"cluster_id":1774,"lat":23.456215571428572,"lon":116.46504614285712,"count":3,"dwell_minutes":387.8166666666667,"center_method":"duration_weighted_stop_medoid","type":"berth","distance_to_coast":7926.333564577445,"inside_china_land":true}},{"type":"Feature","geometry":{"type":"Polygon","coordinates":[[[118.52416666666666,24.5321525],[118.52559060000002,24.5321525],[118.52559060000002,24.532883333333334],[118.52416666666666,24.532883333333334],[118.52416666666666,24.5321525]]]},"properties":{"cluster_id":1776,"lat":24.5321525,"lon":118.52416666666666,"count":3,"dwell_minutes":741.6333333333333,"center_method":"duration_weighted_stop_medoid","type":"berth","distance_to_coast":3011.8794078045644,"inside_china_land":false}},{"type":"Feature","geometry":{"type":"Polygon","coordinates":[[[113.88177189855072,22.477614125],[113.88195307142857,22.477614125],[113.88195307142857,22.477667142857143],[113.88177189855072,22.477667142857143],[113.88177189855072,22.477614125]]]},"properties":{"cluster_id":1778,"lat":22.477633144927538,"lon":113.88177189855072,"count":4,"dwell_minutes":2855.4333333333334,"center_method":"duration_weighted_stop_medoid","type":"berth","distance_to_coast":436.2393462826117,"inside_china_land":true}},{"type":"Feature","geometry":{"type":"Polygon","coordinates":[[[117.00379366666668,23.392163333333333],[117.00397883333333,23.392163333333333],[117.00397883333333,23.392578454545454],[117.00379366666668,23.392578454545454],[117.00379366666668,23.392163333333333]]]},"properties":{"cluster_id":1780,"lat":23.392578454545458,"lon":117.0038480909091,"count":3,"dwell_minutes":406.98333333333335,"center_method":"duration_weighted_stop_medoid","type":"berth","distance_to_coast":3132.523938522096,"inside_china_land":false}},{"type":"Feature","geometry":{"type":"Polygon","coordinates":[[[120.5857148,32.065520199999995],[120.58620260000001,32.065520199999995],[120.58620260000001,32.0659112],[120.5857148,32.0659112],[120.5857148,32.065520199999995]]]},"properties":{"cluster_id":1784,"lat":32.06588077777778,"lon":120.58619422222222,"count":4,"dwell_minutes":605.3833333333333,"center_method":"duration_weighted_stop_medoid","type":"berth","distance_to_coast":1434.7306334734192,"inside_china_land":false}},{"type":"Feature","geometry":{"type":"Polygon","coordinates":[[[120.58800609090909,32.0664326],[120.588271875,32.0664326],[120.588271875,32.066566333333334],[120.58800609090909,32.066566333333334],[120.58800609090909,32.0664326]]]},"properties":{"cluster_id":1785,"lat":32.0664642,"lon":120.5880614,"count":32,"dwell_minutes":7451.683333333333,"center_method":"duration_weighted_stop_medoid","type":"berth","distance_to_coast":1359.1479231229728,"inside_china_land":false}},{"type":"Feature","geometry":{"type":"Polygon","coordinates":[[[118.19854511111112,31.2798383],[118.19897655,31.2798383],[118.19897655,31.280376949999997],[118.19854511111112,31.280376949999997],[118.19854511111112,31.2798383]]]},"properties":{"cluster_id":1786,"lat":31.280376949999997,"lon":118.19897655,"count":3,"dwell_minutes":1095.4666666666667,"center_method":"duration_weighted_stop_medoid","type":"berth","distance_to_coast":197301.5172311778,"inside_china_land":true}},{"type":"Feature","geometry":{"type":"Polygon","coordinates":[[[121.37517873750001,31.49976651948052],[121.37517976623377,31.49976651948052],[121.37517976623377,31.499771149999997],[121.37517873750001,31.499771149999997],[121.37517873750001,31.49976651948052]]]},"properties":{"cluster_id":1788,"lat":31.499771149999997,"lon":121.3751787375,"count":2,"dwell_minutes":5644.116666666667,"center_method":"duration_weighted_stop_medoid","type":"berth","distance_to_coast":3270.9528825538255,"inside_china_land":false}},{"type":"Feature","geometry":{"type":"Polygon","coordinates":[[[119.769409,34.364021],[119.77046495543394,34.364021],[119.77046495543394,34.365794676470586],[119.769409,34.365794676470586],[119.769409,34.364021]]]},"properties":{"cluster_id":1792,"lat":34.36573361111111,"lon":119.77034791666668,"count":86,"dwell_minutes":159980.58333333334,"center_method":"duration_weighted_stop_medoid","type":"berth","distance_to_coast":15431.68989625392,"inside_china_land":true}},{"type":"Feature","geometry":{"type":"Polygon","coordinates":[[[121.7267235,31.707419125],[121.72730966666667,31.707419125],[121.72730966666667,31.707517444444445],[121.7267235,31.707517444444445],[121.7267235,31.707419125]]]},"properties":{"cluster_id":1793,"lat":31.707517444444445,"lon":121.72730966666668,"count":2,"dwell_minutes":502.5666666666666,"center_method":"duration_weighted_stop_medoid","type":"berth","distance_to_coast":1061.5438751771596,"inside_china_land":false}},{"type":"Feature","geometry":{"type":"Polygon","coordinates":[[[120.26887719999999,36.0751386],[120.26897581818183,36.0751386],[120.26897581818183,36.07531081818182],[120.26887719999999,36.07531081818182],[120.26887719999999,36.0751386]]]},"properties":{"cluster_id":1796,"lat":36.07531081818182,"lon":120.26897581818184,"count":2,"dwell_minutes":338.25,"center_method":"duration_weighted_stop_medoid","type":"berth","distance_to_coast":2748.939125384833,"inside_china_land":false}},{"type":"Feature","geometry":{"type":"Polygon","coordinates":[[[116.53045030188679,22.98226609433962],[116.53046079166667,22.98226609433962],[116.53046079166667,22.982300666666664],[116.53045030188679,22.982300666666664],[116.53045030188679,22.98226609433962]]]},"properties":{"cluster_id":1798,"lat":22.98226609433962,"lon":116.5304503018868,"count":2,"dwell_minutes":2702.2666666666664,"center_method":"duration_weighted_stop_medoid","type":"berth","distance_to_coast":1142.7985573989242,"inside_china_land":false}},{"type":"Feature","geometry":{"type":"Polygon","coordinates":[[[119.63673911111111,25.34569211111111],[119.636819,25.34569211111111],[119.636819,25.345696416666666],[119.63673911111111,25.345696416666666],[119.63673911111111,25.34569211111111]]]},"properties":{"cluster_id":1799,"lat":25.345696416666662,"lon":119.636819,"count":2,"dwell_minutes":724.8166666666666,"center_method":"duration_weighted_stop_medoid","type":"berth","distance_to_coast":993.2035210746456,"inside_china_land":false}},{"type":"Feature","geometry":{"type":"Polygon","coordinates":[[[119.64850416981133,25.33898943396226],[119.64883533333334,25.33898943396226],[119.64883533333334,25.339783333333333],[119.64850416981133,25.339783333333333],[119.64850416981133,25.33898943396226]]]},"properties":{"cluster_id":1800,"lat":25.33898943396226,"lon":119.64850416981132,"count":2,"dwell_minutes":1351.2,"center_method":"duration_weighted_stop_medoid","type":"berth","distance_to_coast":2117.1387773397237,"inside_china_land":false}},{"type":"Feature","geometry":{"type":"Polygon","coordinates":[[[111.85020540000001,21.5371306],[111.85052316,21.5371306],[111.85052316,21.537720359999998],[111.85020540000001,21.537720359999998],[111.85020540000001,21.5371306]]]},"properties":{"cluster_id":1802,"lat":21.53772036,"lon":111.85052316,"count":2,"dwell_minutes":1070.7166666666667,"center_method":"duration_weighted_stop_medoid","type":"berth","distance_to_coast":3375.684541946641,"inside_china_land":false}},{"type":"Feature","geometry":{"type":"Polygon","coordinates":[[[121.197203,31.74352633333333],[121.19742392592592,31.74352633333333],[121.19742392592592,31.743645925925925],[121.197203,31.743645925925925],[121.197203,31.74352633333333]]]},"properties":{"cluster_id":1805,"lat":31.743645925925925,"lon":121.19742392592592,"count":2,"dwell_minutes":905.4,"center_method":"duration_weighted_stop_medoid","type":"berth","distance_to_coast":1791.3274835223476,"inside_china_land":false}},{"type":"Feature","geometry":{"type":"Polygon","coordinates":[[[111.28760242857143,21.43377614285714],[111.28774166666666,21.43377614285714],[111.28774166666666,21.43382216666667],[111.28760242857143,21.43382216666667],[111.28760242857143,21.43377614285714]]]},"properties":{"cluster_id":1810,"lat":21.43380291304348,"lon":111.28770582608696,"count":3,"dwell_minutes":929.4333333333334,"center_method":"duration_weighted_stop_medoid","type":"berth","distance_to_coast":1581.955334947017,"inside_china_land":false}},{"type":"Feature","geometry":{"type":"Polygon","coordinates":[[[119.31243500000001,32.2402772],[119.31301766666667,32.2402772],[119.31301766666667,32.24064475],[119.31243500000001,32.24064475],[119.31243500000001,32.2402772]]]},"properties":{"cluster_id":1812,"lat":32.24059045,"lon":119.312848175,"count":51,"dwell_minutes":229431.81666666665,"center_method":"duration_weighted_stop_medoid","type":"berth","distance_to_coast":33140.783319343325,"inside_china_land":true}},{"type":"Feature","geometry":{"type":"Polygon","coordinates":[[[119.92915057142856,32.093168428571424],[119.92917783333333,32.093168428571424],[119.92917783333333,32.093196166666665],[119.92915057142856,32.093196166666665],[119.92915057142856,32.093168428571424]]]},"properties":{"cluster_id":1813,"lat":32.093196166666665,"lon":119.92917783333333,"count":2,"dwell_minutes":349.41666666666663,"center_method":"duration_weighted_stop_medoid","type":"berth","distance_to_coast":366.8588191917946,"inside_china_land":false}},{"type":"Feature","geometry":{"type":"Polygon","coordinates":[[[121.75003155555555,31.283896222222225],[121.75070466666666,31.283896222222225],[121.75070466666666,31.284696666666665],[121.75003155555555,31.284696666666665],[121.75003155555555,31.283896222222225]]]},"properties":{"cluster_id":1814,"lat":31.28420957142857,"lon":121.75048,"count":3,"dwell_minutes":482.71666666666664,"center_method":"duration_weighted_stop_medoid","type":"berth","distance_to_coast":2536.2682115666967,"inside_china_land":false}},{"type":"Feature","geometry":{"type":"Polygon","coordinates":[[[119.93330276923076,32.03751073898305],[119.93367913220338,32.03751073898305],[119.93367913220338,32.038323],[119.93330276923076,32.038323],[119.93330276923076,32.03751073898305]]]},"properties":{"cluster_id":1818,"lat":32.03751073898305,"lon":119.93367913220338,"count":2,"dwell_minutes":8888.95,"center_method":"duration_weighted_stop_medoid","type":"berth","distance_to_coast":1396.366567064387,"inside_china_land":false}},{"type":"Feature","geometry":{"type":"Polygon","coordinates":[[[120.46373246666667,32.065182],[120.46397821052632,32.065182],[120.46397821052632,32.06545657894736],[120.46373246666667,32.06545657894736],[120.46373246666667,32.065182]]]},"properties":{"cluster_id":1819,"lat":32.065182,"lon":120.46373246666668,"count":2,"dwell_minutes":594.3666666666667,"center_method":"duration_weighted_stop_medoid","type":"berth","distance_to_coast":528.1104135942182,"inside_china_land":false}},{"type":"Feature","geometry":{"type":"Polygon","coordinates":[[[118.3633667,24.40860042857143],[118.36366699999999,24.40860042857143],[118.36366699999999,24.4091243],[118.3633667,24.4091243],[118.3633667,24.40860042857143]]]},"properties":{"cluster_id":1820,"lat":24.408783,"lon":118.3635304125,"count":3,"dwell_minutes":2418.0833333333335,"center_method":"duration_weighted_stop_medoid","type":"berth","distance_to_coast":1966.7963331816857,"inside_china_land":false}},{"type":"Feature","geometry":{"type":"Polygon","coordinates":[[[117.7673951111111,39.04855833333333],[117.7674152,39.04855833333333],[117.7674152,39.04859082222222],[117.7673951111111,39.04859082222222],[117.7673951111111,39.04855833333333]]]},"properties":{"cluster_id":1821,"lat":39.04859082222222,"lon":117.7673951111111,"count":2,"dwell_minutes":1829.9166666666663,"center_method":"duration_weighted_stop_medoid","type":"berth","distance_to_coast":1181.5371853352085,"inside_china_land":false}},{"type":"Feature","geometry":{"type":"Polygon","coordinates":[[[119.72713166666666,34.3042716],[119.7272213,34.3042716],[119.7272213,34.304617666666665],[119.72713166666666,34.304617666666665],[119.72713166666666,34.3042716]]]},"properties":{"cluster_id":1823,"lat":34.30454914285714,"lon":119.72719892857144,"count":4,"dwell_minutes":1746.9,"center_method":"duration_weighted_stop_medoid","type":"berth","distance_to_coast":24917.809149416928,"inside_china_land":true}},{"type":"Feature","geometry":{"type":"Polygon","coordinates":[[[120.88678564285715,31.92090022222222],[120.88741128571428,31.92090022222222],[120.88741128571428,31.921971000000003],[120.88678564285715,31.921971000000003],[120.88678564285715,31.92090022222222]]]},"properties":{"cluster_id":1824,"lat":31.9210574,"lon":120.8870854,"count":4,"dwell_minutes":1095.1166666666668,"center_method":"duration_weighted_stop_medoid","type":"berth","distance_to_coast":2024.7980374858985,"inside_china_land":false}},{"type":"Feature","geometry":{"type":"Polygon","coordinates":[[[121.95010057936508,29.89028991468254],[121.95014696261681,29.89028991468254],[121.95014696261681,29.890315573208724],[121.95010057936508,29.890315573208724],[121.95010057936508,29.89028991468254]]]},"properties":{"cluster_id":1826,"lat":29.89028991468254,"lon":121.95010057936508,"count":2,"dwell_minutes":25411.36666666667,"center_method":"duration_weighted_stop_medoid","type":"berth","distance_to_coast":418.7533973789274,"inside_china_land":false}},{"type":"Feature","geometry":{"type":"Polygon","coordinates":[[[120.25082661111111,36.0064165],[120.25112185714285,36.0064165],[120.25112185714285,36.006917841269846],[120.25082661111111,36.006917841269846],[120.25082661111111,36.0064165]]]},"properties":{"cluster_id":1828,"lat":36.006917841269846,"lon":120.25112185714283,"count":2,"dwell_minutes":2329.0499999999997,"center_method":"duration_weighted_stop_medoid","type":"berth","distance_to_coast":2542.5310033438404,"inside_china_land":false}},{"type":"Feature","geometry":{"type":"Polygon","coordinates":[[[115.04842727777776,22.690668111111112],[115.04849265,22.690668111111112],[115.04849265,22.691139999999997],[115.04842727777776,22.691139999999997],[115.04842727777776,22.690668111111112]]]},"properties":{"cluster_id":1829,"lat":22.690827428571428,"lon":115.04845407142857,"count":3,"dwell_minutes":1195.2166666666667,"center_method":"duration_weighted_stop_medoid","type":"berth","distance_to_coast":3036.567324596541,"inside_china_land":false}},{"type":"Feature","geometry":{"type":"Polygon","coordinates":[[[117.545969,23.714577333333335],[117.54725054545453,23.714577333333335],[117.54725054545453,23.71508163636364],[117.545969,23.71508163636364],[117.545969,23.714577333333335]]]},"properties":{"cluster_id":1830,"lat":23.71508163636364,"lon":117.54725054545452,"count":3,"dwell_minutes":1522.5166666666669,"center_method":"duration_weighted_stop_medoid","type":"berth","distance_to_coast":3262.0226812281617,"inside_china_land":false}},{"type":"Feature","geometry":{"type":"Polygon","coordinates":[[[120.73183133333333,32.04045766666667],[120.73193254545454,32.04045766666667],[120.73193254545454,32.040706],[120.73183133333333,32.040706],[120.73183133333333,32.04045766666667]]]},"properties":{"cluster_id":1831,"lat":32.04065063265306,"lon":120.73190695918368,"count":19,"dwell_minutes":33542.899999999994,"center_method":"duration_weighted_stop_medoid","type":"berth","distance_to_coast":24.571219573212417,"inside_china_land":true}},{"type":"Feature","geometry":{"type":"Polygon","coordinates":[[[113.26537766666667,21.852334933333335],[113.26542213333333,21.852334933333335],[113.26542213333333,21.85245433333333],[113.26537766666667,21.85245433333333],[113.26537766666667,21.852334933333335]]]},"properties":{"cluster_id":1833,"lat":21.852334933333335,"lon":113.26542213333332,"count":2,"dwell_minutes":508.7166666666667,"center_method":"duration_weighted_stop_medoid","type":"berth","distance_to_coast":3458.5989176013736,"inside_china_land":false}},{"type":"Feature","geometry":{"type":"Polygon","coordinates":[[[122.06658699999998,29.998879],[122.06659340909091,29.998879],[122.06659340909091,29.998911272727273],[122.06658699999998,29.998911272727273],[122.06658699999998,29.998879]]]},"properties":{"cluster_id":1835,"lat":29.998911272727273,"lon":122.06659340909091,"count":2,"dwell_minutes":690.0,"center_method":"duration_weighted_stop_medoid","type":"berth","distance_to_coast":1951.8710678759512,"inside_china_land":false}},{"type":"Feature","geometry":{"type":"Polygon","coordinates":[[[120.207932,31.94513688888889],[120.20843470454544,31.94513688888889],[120.20843470454544,31.94584906818182],[120.207932,31.94584906818182],[120.207932,31.94513688888889]]]},"properties":{"cluster_id":1836,"lat":31.94584906818182,"lon":120.20843470454544,"count":2,"dwell_minutes":1807.4833333333331,"center_method":"duration_weighted_stop_medoid","type":"berth","distance_to_coast":1189.2894831360616,"inside_china_land":true}},{"type":"Feature","geometry":{"type":"Polygon","coordinates":[[[109.56630388636363,21.61493196078431],[109.56640779166668,21.61493196078431],[109.56640779166668,21.614971613636364],[109.56630388636363,21.614971613636364],[109.56630388636363,21.61493196078431]]]},"properties":{"cluster_id":1837,"lat":21.61493196078431,"lon":109.5663248235294,"count":3,"dwell_minutes":3580.35,"center_method":"duration_weighted_stop_medoid","type":"berth","distance_to_coast":1754.677545537687,"inside_china_land":false}},{"type":"Feature","geometry":{"type":"Polygon","coordinates":[[[121.61208669354839,38.93925264516129],[121.61212014285714,38.93925264516129],[121.61212014285714,38.93933942857143],[121.61208669354839,38.93933942857143],[121.61208669354839,38.93925264516129]]]},"properties":{"cluster_id":1838,"lat":38.93925264516129,"lon":121.6120866935484,"count":4,"dwell_minutes":3006.116666666667,"center_method":"duration_weighted_stop_medoid","type":"berth","distance_to_coast":1363.076873362344,"inside_china_land":false}},{"type":"Feature","geometry":{"type":"Polygon","coordinates":[[[121.74451724637682,39.025453600000006],[121.7446878,39.025453600000006],[121.7446878,39.02558688405797],[121.74451724637682,39.02558688405797],[121.74451724637682,39.025453600000006]]]},"properties":{"cluster_id":1839,"lat":39.02558688405797,"lon":121.74451724637682,"count":2,"dwell_minutes":2226.7666666666664,"center_method":"duration_weighted_stop_medoid","type":"berth","distance_to_coast":1019.322541203769,"inside_china_land":false}},{"type":"Feature","geometry":{"type":"Polygon","coordinates":[[[120.32913144444446,27.230277407407407],[120.33010283333333,27.230277407407407],[120.33010283333333,27.230294555555556],[120.32913144444446,27.230294555555556],[120.32913144444446,27.230277407407407]]]},"properties":{"cluster_id":1840,"lat":27.230277407407407,"lon":120.33010283333331,"count":2,"dwell_minutes":3430.733333333333,"center_method":"duration_weighted_stop_medoid","type":"berth","distance_to_coast":265.2857732109224,"inside_china_land":true}},{"type":"Feature","geometry":{"type":"Polygon","coordinates":[[[120.96114414285715,40.70190402586207],[120.96187977586206,40.70190402586207],[120.96187977586206,40.70249430708661],[120.96114414285715,40.70249430708661],[120.96114414285715,40.70190402586207]]]},"properties":{"cluster_id":1843,"lat":40.70248445,"lon":120.96116013333334,"count":6,"dwell_minutes":21308.8,"center_method":"duration_weighted_stop_medoid","type":"berth","distance_to_coast":566.030482236081,"inside_china_land":false}},{"type":"Feature","geometry":{"type":"Polygon","coordinates":[[[121.54144672093024,31.343869674418603],[121.54145252427183,31.343869674418603],[121.54145252427183,31.343903339805824],[121.54144672093024,31.343903339805824],[121.54144672093024,31.343869674418603]]]},"properties":{"cluster_id":1844,"lat":31.343903339805824,"lon":121.54145252427185,"count":2,"dwell_minutes":4461.133333333333,"center_method":"duration_weighted_stop_medoid","type":"berth","distance_to_coast":2877.6938347116907,"inside_china_land":true}},{"type":"Feature","geometry":{"type":"Polygon","coordinates":[[[119.38301940239043,35.10788648214286],[119.38329398540145,35.10788648214286],[119.38329398540145,35.10887854074074],[119.38301940239043,35.10887854074074],[119.38301940239043,35.10788648214286]]]},"properties":{"cluster_id":1845,"lat":35.107909553846156,"lon":119.38328459230767,"count":5,"dwell_minutes":28198.316666666666,"center_method":"duration_weighted_stop_medoid","type":"berth","distance_to_coast":1843.4332792427056,"inside_china_land":false}},{"type":"Feature","geometry":{"type":"Polygon","coordinates":[[[121.07550331884059,40.800250890625],[121.075509890625,40.800250890625],[121.075509890625,40.80025292753623],[121.07550331884059,40.80025292753623],[121.07550331884059,40.800250890625]]]},"properties":{"cluster_id":1847,"lat":40.80025292753623,"lon":121.0755033188406,"count":2,"dwell_minutes":3977.2833333333338,"center_method":"duration_weighted_stop_medoid","type":"berth","distance_to_coast":920.14469601175,"inside_china_land":false}},{"type":"Feature","geometry":{"type":"Polygon","coordinates":[[[121.28003233333334,39.57823121052631],[121.28003501694914,39.57823121052631],[121.28003501694914,39.57824211864407],[121.28003233333334,39.57824211864407],[121.28003233333334,39.57823121052631]]]},"properties":{"cluster_id":1848,"lat":39.57823121052631,"lon":121.28003233333334,"count":2,"dwell_minutes":3448.5333333333333,"center_method":"duration_weighted_stop_medoid","type":"berth","distance_to_coast":13.654705187831055,"inside_china_land":false}},{"type":"Feature","geometry":{"type":"Polygon","coordinates":[[[121.84795100000001,30.064325666666665],[121.84802119999999,30.064325666666665],[121.84802119999999,30.064396999999996],[121.84795100000001,30.064396999999996],[121.84795100000001,30.064325666666665]]]},"properties":{"cluster_id":1852,"lat":30.0643335,"lon":121.847965,"count":6,"dwell_minutes":908.85,"center_method":"duration_weighted_stop_medoid","type":"berth","distance_to_coast":781.0036510687944,"inside_china_land":true}},{"type":"Feature","geometry":{"type":"Polygon","coordinates":[[[121.47711338888888,31.03407761111111],[121.47724539999999,31.03407761111111],[121.47724539999999,31.034162],[121.47711338888888,31.034162],[121.47711338888888,31.03407761111111]]]},"properties":{"cluster_id":1854,"lat":31.03407761111111,"lon":121.47711338888888,"count":2,"dwell_minutes":596.8833333333333,"center_method":"duration_weighted_stop_medoid","type":"berth","distance_to_coast":29170.119933943784,"inside_china_land":true}},{"type":"Feature","geometry":{"type":"Polygon","coordinates":[[[121.93734514705883,29.64010608],[121.93737157333334,29.64010608],[121.93737157333334,29.640136852941176],[121.93734514705883,29.640136852941176],[121.93734514705883,29.64010608]]]},"properties":{"cluster_id":1855,"lat":29.64011901574803,"lon":121.93736566535432,"count":8,"dwell_minutes":30887.333333333332,"center_method":"duration_weighted_stop_medoid","type":"berth","distance_to_coast":1338.0529767247456,"inside_china_land":false}},{"type":"Feature","geometry":{"type":"Polygon","coordinates":[[[120.241156125,26.93705425],[120.2415121,26.93705425],[120.2415121,26.93785168421053],[120.241156125,26.93785168421053],[120.241156125,26.93705425]]]},"properties":{"cluster_id":1858,"lat":26.9371049,"lon":120.2412216,"count":8,"dwell_minutes":3249.4333333333334,"center_method":"duration_weighted_stop_medoid","type":"berth","distance_to_coast":919.4846681438992,"inside_china_land":false}},{"type":"Feature","geometry":{"type":"Polygon","coordinates":[[[113.0125708,22.4446914],[113.01265824731183,22.4446914],[113.01265824731183,22.444759483870968],[113.0125708,22.444759483870968],[113.0125708,22.4446914]]]},"properties":{"cluster_id":1860,"lat":22.444759483870968,"lon":113.01265824731183,"count":2,"dwell_minutes":2798.0666666666666,"center_method":"duration_weighted_stop_medoid","type":"berth","distance_to_coast":17213.02243595566,"inside_china_land":true}},{"type":"Feature","geometry":{"type":"Polygon","coordinates":[[[121.42111430645161,31.471702363636364],[121.4212342,31.471702363636364],[121.4212342,31.4718306744186],[121.42111430645161,31.4718306744186],[121.42111430645161,31.471702363636364]]]},"properties":{"cluster_id":1861,"lat":31.471743591836734,"lon":121.42121357142858,"count":30,"dwell_minutes":52800.38333333333,"center_method":"duration_weighted_stop_medoid","type":"berth","distance_to_coast":2380.559541696829,"inside_china_land":false}},{"type":"Feature","geometry":{"type":"Polygon","coordinates":[[[121.77555849999999,29.196775833333334],[121.77642349999999,29.196775833333334],[121.77642349999999,29.19799666666667],[121.77555849999999,29.19799666666667],[121.77555849999999,29.196775833333334]]]},"properties":{"cluster_id":1863,"lat":29.196775833333337,"lon":121.77610433333332,"count":5,"dwell_minutes":763.55,"center_method":"duration_weighted_stop_medoid","type":"berth","distance_to_coast":1279.4342508140144,"inside_china_land":false}},{"type":"Feature","geometry":{"type":"Polygon","coordinates":[[[121.501707,29.4988065],[121.50182325,29.4988065],[121.50182325,29.499784],[121.501707,29.499784],[121.501707,29.4988065]]]},"properties":{"cluster_id":1864,"lat":29.4988065,"lon":121.501707,"count":2,"dwell_minutes":502.43333333333334,"center_method":"duration_weighted_stop_medoid","type":"berth","distance_to_coast":1947.6518679815256,"inside_china_land":false}},{"type":"Feature","geometry":{"type":"Polygon","coordinates":[[[121.7747335,29.189645666666667],[121.7751,29.189645666666667],[121.7751,29.1905278],[121.7747335,29.1905278],[121.7747335,29.189645666666667]]]},"properties":{"cluster_id":1866,"lat":29.1905278,"lon":121.7751,"count":3,"dwell_minutes":382.9666666666667,"center_method":"duration_weighted_stop_medoid","type":"berth","distance_to_coast":1335.8569782148616,"inside_china_land":false}},{"type":"Feature","geometry":{"type":"Polygon","coordinates":[[[121.7744054,29.191733799999998],[121.77486216666667,29.191733799999998],[121.77486216666667,29.19210133333333],[121.7744054,29.19210133333333],[121.7744054,29.191733799999998]]]},"properties":{"cluster_id":1867,"lat":29.191872666666665,"lon":121.77486216666668,"count":3,"dwell_minutes":311.0333333333333,"center_method":"duration_weighted_stop_medoid","type":"berth","distance_to_coast":1374.1312859960003,"inside_china_land":false}},{"type":"Feature","geometry":{"type":"Polygon","coordinates":[[[119.475932,25.989496],[119.47615716666667,25.989496],[119.47615716666667,25.98967015942029],[119.475932,25.98967015942029],[119.475932,25.989496]]]},"properties":{"cluster_id":1868,"lat":25.989588238095237,"lon":119.47602271428572,"count":19,"dwell_minutes":31584.033333333336,"center_method":"duration_weighted_stop_medoid","type":"berth","distance_to_coast":411.73058221847873,"inside_china_land":false}},{"type":"Feature","geometry":{"type":"Polygon","coordinates":[[[111.29738110000001,21.429562166666667],[111.29739966666666,21.429562166666667],[111.29739966666666,21.4296015],[111.29738110000001,21.4296015],[111.29738110000001,21.429562166666667]]]},"properties":{"cluster_id":1869,"lat":21.4296015,"lon":111.2973811,"count":2,"dwell_minutes":720.0333333333333,"center_method":"duration_weighted_stop_medoid","type":"berth","distance_to_coast":2501.942428862335,"inside_china_land":false}},{"type":"Feature","geometry":{"type":"Polygon","coordinates":[[[110.41696456,21.302425644444444],[110.41711157777779,21.302425644444444],[110.41711157777779,21.30269432],[110.41696456,21.30269432],[110.41696456,21.302425644444444]]]},"properties":{"cluster_id":1870,"lat":21.30269432,"lon":110.41696456,"count":2,"dwell_minutes":2742.9333333333334,"center_method":"duration_weighted_stop_medoid","type":"berth","distance_to_coast":1898.5687733884677,"inside_china_land":false}},{"type":"Feature","geometry":{"type":"Polygon","coordinates":[[[122.29103780487804,29.92564201734104],[122.29107313043478,29.92564201734104],[122.29107313043478,29.925661717391307],[122.29103780487804,29.925661717391307],[122.29103780487804,29.92564201734104]]]},"properties":{"cluster_id":1875,"lat":29.92565857195572,"lon":122.29106523247232,"count":5,"dwell_minutes":18888.8,"center_method":"duration_weighted_stop_medoid","type":"berth","distance_to_coast":1081.977384032266,"inside_china_land":false}},{"type":"Feature","geometry":{"type":"Polygon","coordinates":[[[119.917294625,32.12852408219178],[119.91758603424658,32.12852408219178],[119.91758603424658,32.129419225],[119.917294625,32.129419225],[119.917294625,32.12852408219178]]]},"properties":{"cluster_id":1876,"lat":32.128903433121025,"lon":119.91744884713376,"count":3,"dwell_minutes":11360.3,"center_method":"duration_weighted_stop_medoid","type":"berth","distance_to_coast":711.2817555492883,"inside_china_land":true}},{"type":"Feature","geometry":{"type":"Polygon","coordinates":[[[119.59040295522388,32.1854479375],[119.59097306666668,32.1854479375],[119.59097306666668,32.18549011666667],[119.59040295522388,32.18549011666667],[119.59040295522388,32.1854479375]]]},"properties":{"cluster_id":1877,"lat":32.18547285611511,"lon":119.59095784892088,"count":4,"dwell_minutes":10794.266666666666,"center_method":"duration_weighted_stop_medoid","type":"berth","distance_to_coast":2256.5406679831017,"inside_china_land":true}},{"type":"Feature","geometry":{"type":"Polygon","coordinates":[[[120.89498853333332,31.921360119047616],[120.89501788095238,31.921360119047616],[120.89501788095238,31.921383666666664],[120.89498853333332,31.921383666666664],[120.89498853333332,31.921360119047616]]]},"properties":{"cluster_id":1878,"lat":31.921383666666664,"lon":120.89498853333332,"count":2,"dwell_minutes":2515.7833333333333,"center_method":"duration_weighted_stop_medoid","type":"berth","distance_to_coast":1298.248020786754,"inside_china_land":false}},{"type":"Feature","geometry":{"type":"Polygon","coordinates":[[[122.10245025,30.244719],[122.10319199999999,30.244719],[122.10319199999999,30.245216],[122.10245025,30.245216],[122.10245025,30.244719]]]},"properties":{"cluster_id":1879,"lat":30.2449123,"lon":122.1025987,"count":3,"dwell_minutes":389.1166666666667,"center_method":"duration_weighted_stop_medoid","type":"berth","distance_to_coast":2893.392576384568,"inside_china_land":false}},{"type":"Feature","geometry":{"type":"Polygon","coordinates":[[[122.11522000000001,30.249954600000002],[122.11538399999999,30.249954600000002],[122.11538399999999,30.250067166666668],[122.11522000000001,30.250067166666668],[122.11522000000001,30.249954600000002]]]},"properties":{"cluster_id":1880,"lat":30.2499546,"lon":122.115384,"count":2,"dwell_minutes":699.0333333333333,"center_method":"duration_weighted_stop_medoid","type":"berth","distance_to_coast":1666.9821975246714,"inside_china_land":false}},{"type":"Feature","geometry":{"type":"Polygon","coordinates":[[[122.0646095,30.15305099685535],[122.06515676886792,30.15305099685535],[122.06515676886792,30.15375375577558],[122.0646095,30.15375375577558],[122.0646095,30.15305099685535]]]},"properties":{"cluster_id":1881,"lat":30.153277175600746,"lon":122.0651492754159,"count":5,"dwell_minutes":53702.51666666668,"center_method":"duration_weighted_stop_medoid","type":"berth","distance_to_coast":727.6610028928991,"inside_china_land":false}},{"type":"Feature","geometry":{"type":"Polygon","coordinates":[[[119.2595644556962,32.19700653333333],[119.26074703333333,32.19700653333333],[119.26074703333333,32.19759157843137],[119.2595644556962,32.19759157843137],[119.2595644556962,32.19700653333333]]]},"properties":{"cluster_id":1882,"lat":32.197519,"lon":119.25964629213485,"count":7,"dwell_minutes":20130.4,"center_method":"duration_weighted_stop_medoid","type":"berth","distance_to_coast":38561.45457911979,"inside_china_land":true}},{"type":"Feature","geometry":{"type":"Polygon","coordinates":[[[122.25218988235295,30.257046470588232],[122.25224461538463,30.257046470588232],[122.25224461538463,30.25710461111111],[122.25218988235295,30.25710461111111],[122.25218988235295,30.257046470588232]]]},"properties":{"cluster_id":1883,"lat":30.257075965909088,"lon":122.25223328409092,"count":5,"dwell_minutes":6409.299999999999,"center_method":"duration_weighted_stop_medoid","type":"berth","distance_to_coast":3491.7689140319117,"inside_china_land":false}},{"type":"Feature","geometry":{"type":"Polygon","coordinates":[[[121.50345375,32.12859275],[121.503732375,32.12859275],[121.503732375,32.1287658125],[121.50345375,32.1287658125],[121.50345375,32.12859275]]]},"properties":{"cluster_id":1884,"lat":32.1287658125,"lon":121.503732375,"count":2,"dwell_minutes":497.06666666666666,"center_method":"duration_weighted_stop_medoid","type":"berth","distance_to_coast":2476.0463376307302,"inside_china_land":false}},{"type":"Feature","geometry":{"type":"Polygon","coordinates":[[[124.15115828787877,39.819445621212125],[124.15121925000001,39.819445621212125],[124.15121925000001,39.819492724999996],[124.15115828787877,39.819492724999996],[124.15115828787877,39.819445621212125]]]},"properties":{"cluster_id":1885,"lat":39.819445621212125,"lon":124.15115828787876,"count":2,"dwell_minutes":3014.55,"center_method":"duration_weighted_stop_medoid","type":"berth","distance_to_coast":3637.070107686865,"inside_china_land":false}},{"type":"Feature","geometry":{"type":"Polygon","coordinates":[[[119.90333323076923,32.138255117647056],[119.90369266666666,32.138255117647056],[119.90369266666666,32.13865869230769],[119.90333323076923,32.13865869230769],[119.90333323076923,32.138255117647056]]]},"properties":{"cluster_id":1886,"lat":32.138255117647056,"lon":119.90333894117646,"count":3,"dwell_minutes":805.1833333333334,"center_method":"duration_weighted_stop_medoid","type":"berth","distance_to_coast":575.3847087342551,"inside_china_land":false}},{"type":"Feature","geometry":{"type":"Polygon","coordinates":[[[120.91543546511629,27.97822727631579],[120.9154385263158,27.97822727631579],[120.9154385263158,27.97837118604651],[120.91543546511629,27.97837118604651],[120.91543546511629,27.97822727631579]]]},"properties":{"cluster_id":1887,"lat":27.97822727631579,"lon":120.9154385263158,"count":2,"dwell_minutes":3671.5333333333338,"center_method":"duration_weighted_stop_medoid","type":"berth","distance_to_coast":698.2629376508884,"inside_china_land":false}},{"type":"Feature","geometry":{"type":"Polygon","coordinates":[[[117.77518683333334,39.001279714285715],[117.77530478571428,39.001279714285715],[117.77530478571428,39.001444416666665],[117.77518683333334,39.001444416666665],[117.77518683333334,39.001279714285715]]]},"properties":{"cluster_id":1888,"lat":39.001444416666665,"lon":117.77518683333334,"count":2,"dwell_minutes":954.8166666666668,"center_method":"duration_weighted_stop_medoid","type":"berth","distance_to_coast":250.16103341236385,"inside_china_land":false}},{"type":"Feature","geometry":{"type":"Polygon","coordinates":[[[121.94909003448277,30.08340957142857],[121.95018617142856,30.08340957142857],[121.95018617142856,30.0843671875],[121.94909003448277,30.0843671875],[121.94909003448277,30.08340957142857]]]},"properties":{"cluster_id":1889,"lat":30.0843671875,"lon":121.9497419375,"count":9,"dwell_minutes":16786.38333333333,"center_method":"duration_weighted_stop_medoid","type":"berth","distance_to_coast":3078.380990901856,"inside_china_land":false}},{"type":"Feature","geometry":{"type":"Polygon","coordinates":[[[117.77165283333333,39.01285975],[117.77198342857142,39.01285975],[117.77198342857142,39.013762166666666],[117.77165283333333,39.013762166666666],[117.77165283333333,39.01285975]]]},"properties":{"cluster_id":1890,"lat":39.01299317647059,"lon":117.77191852941176,"count":5,"dwell_minutes":2151.15,"center_method":"duration_weighted_stop_medoid","type":"berth","distance_to_coast":256.18499463665864,"inside_china_land":false}},{"type":"Feature","geometry":{"type":"Polygon","coordinates":[[[119.43904657894736,34.74826394736842],[119.43993331818182,34.74826394736842],[119.43993331818182,34.74841255],[119.43904657894736,34.74841255],[119.43904657894736,34.74826394736842]]]},"properties":{"cluster_id":1891,"lat":34.74835679545455,"lon":119.43993331818182,"count":3,"dwell_minutes":2394.0333333333333,"center_method":"duration_weighted_stop_medoid","type":"berth","distance_to_coast":215.06935397825276,"inside_china_land":false}},{"type":"Feature","geometry":{"type":"Polygon","coordinates":[[[117.77061604999999,39.017057894736844],[117.77074831578948,39.017057894736844],[117.77074831578948,39.01754655],[117.77061604999999,39.01754655],[117.77061604999999,39.017057894736844]]]},"properties":{"cluster_id":1892,"lat":39.0172761875,"lon":117.7706896875,"count":4,"dwell_minutes":2179.8,"center_method":"duration_weighted_stop_medoid","type":"berth","distance_to_coast":256.6146175094656,"inside_china_land":false}},{"type":"Feature","geometry":{"type":"Polygon","coordinates":[[[120.23143983333333,36.01233988888889],[120.23155341666666,36.01233988888889],[120.23155341666666,36.012458214285715],[120.23143983333333,36.012458214285715],[120.23143983333333,36.01233988888889]]]},"properties":{"cluster_id":1893,"lat":36.01238329411765,"lon":120.231451,"count":4,"dwell_minutes":2003.2,"center_method":"duration_weighted_stop_medoid","type":"berth","distance_to_coast":1724.843862328226,"inside_china_land":false}},{"type":"Feature","geometry":{"type":"Polygon","coordinates":[[[121.89120794736841,38.99678066666666],[121.89153603333332,38.99678066666666],[121.89153603333332,38.99700835714286],[121.89120794736841,38.99700835714286],[121.89120794736841,38.99678066666666]]]},"properties":{"cluster_id":1894,"lat":38.99700835714286,"lon":121.89133207142856,"count":3,"dwell_minutes":1867.7333333333331,"center_method":"duration_weighted_stop_medoid","type":"berth","distance_to_coast":1003.1424078062292,"inside_china_land":false}},{"type":"Feature","geometry":{"type":"Polygon","coordinates":[[[119.4346128235294,34.74824690909091],[119.4376178,34.74824690909091],[119.4376178,34.748464764705886],[119.4346128235294,34.748464764705886],[119.4346128235294,34.74824690909091]]]},"properties":{"cluster_id":1895,"lat":34.74829003333333,"lon":119.4365555,"count":7,"dwell_minutes":3307.7,"center_method":"duration_weighted_stop_medoid","type":"berth","distance_to_coast":85.57933711450767,"inside_china_land":false}},{"type":"Feature","geometry":{"type":"Polygon","coordinates":[[[120.21364057142857,36.020202285714284],[120.21398578571429,36.020202285714284],[120.21398578571429,36.02057378571429],[120.21364057142857,36.02057378571429],[120.21364057142857,36.020202285714284]]]},"properties":{"cluster_id":1896,"lat":36.0204068,"lon":120.21383666666668,"count":3,"dwell_minutes":1036.9833333333331,"center_method":"duration_weighted_stop_medoid","type":"berth","distance_to_coast":3340.3979976083356,"inside_china_land":false}},{"type":"Feature","geometry":{"type":"Polygon","coordinates":[[[120.22624553333334,36.009124400000005],[120.22740000000002,36.009124400000005],[120.22740000000002,36.009756800000005],[120.22624553333334,36.009756800000005],[120.22624553333334,36.009124400000005]]]},"properties":{"cluster_id":1897,"lat":36.009204454545454,"lon":120.22642100000002,"count":3,"dwell_minutes":1478.2166666666667,"center_method":"duration_weighted_stop_medoid","type":"berth","distance_to_coast":1339.9973437665296,"inside_china_land":false}},{"type":"Feature","geometry":{"type":"Polygon","coordinates":[[[120.2100715882353,36.01195488235294],[120.21099910526317,36.01195488235294],[120.21099910526317,36.012739473684206],[120.2100715882353,36.012739473684206],[120.2100715882353,36.01195488235294]]]},"properties":{"cluster_id":1898,"lat":36.012739473684206,"lon":120.21099910526316,"count":2,"dwell_minutes":991.8833333333332,"center_method":"duration_weighted_stop_medoid","type":"berth","distance_to_coast":2574.1799835020306,"inside_china_land":false}},{"type":"Feature","geometry":{"type":"Polygon","coordinates":[[[119.4426414,34.74834245454545],[119.44298413636365,34.74834245454545],[119.44298413636365,34.74836072],[119.4426414,34.74836072],[119.4426414,34.74834245454545]]]},"properties":{"cluster_id":1899,"lat":34.74836072,"lon":119.4426414,"count":2,"dwell_minutes":1327.4833333333331,"center_method":"duration_weighted_stop_medoid","type":"berth","distance_to_coast":312.5218561617704,"inside_china_land":false}},{"type":"Feature","geometry":{"type":"Polygon","coordinates":[[[121.85985199999999,39.01654520879121],[121.86005478125,39.01654520879121],[121.86005478125,39.016643124999995],[121.85985199999999,39.016643124999995],[121.85985199999999,39.01654520879121]]]},"properties":{"cluster_id":1900,"lat":39.01654520879121,"lon":121.85995075824177,"count":3,"dwell_minutes":4665.616666666667,"center_method":"duration_weighted_stop_medoid","type":"berth","distance_to_coast":1364.5736639611496,"inside_china_land":false}},{"type":"Feature","geometry":{"type":"Polygon","coordinates":[[[120.23708766666665,36.01592375],[120.23802080555555,36.01592375],[120.23802080555555,36.01643611111111],[120.23708766666665,36.01643611111111],[120.23708766666665,36.01592375]]]},"properties":{"cluster_id":1901,"lat":36.016231047619044,"lon":120.23768814285714,"count":5,"dwell_minutes":2985.5333333333338,"center_method":"duration_weighted_stop_medoid","type":"berth","distance_to_coast":2404.553026552125,"inside_china_land":false}},{"type":"Feature","geometry":{"type":"Polygon","coordinates":[[[121.23712773333334,31.63123423529412],[121.23744605882354,31.63123423529412],[121.23744605882354,31.631830125],[121.23712773333334,31.631830125],[121.23712773333334,31.63123423529412]]]},"properties":{"cluster_id":1902,"lat":31.631537733333335,"lon":121.23712773333334,"count":3,"dwell_minutes":1275.4166666666663,"center_method":"duration_weighted_stop_medoid","type":"berth","distance_to_coast":2336.772687708828,"inside_china_land":false}},{"type":"Feature","geometry":{"type":"Polygon","coordinates":[[[121.98394,30.09456317808219],[121.98478473630136,30.09456317808219],[121.98478473630136,30.095006599999998],[121.98394,30.095006599999998],[121.98394,30.09456317808219]]]},"properties":{"cluster_id":1903,"lat":30.09456317808219,"lon":121.98478473630136,"count":2,"dwell_minutes":8992.25,"center_method":"duration_weighted_stop_medoid","type":"berth","distance_to_coast":519.2096963295867,"inside_china_land":true}},{"type":"Feature","geometry":{"type":"Polygon","coordinates":[[[119.43287021428571,34.7463252],[119.43308948571428,34.7463252],[119.43308948571428,34.74682971428572],[119.43287021428571,34.74682971428572],[119.43287021428571,34.7463252]]]},"properties":{"cluster_id":1904,"lat":34.7463252,"lon":119.43308948571428,"count":2,"dwell_minutes":1520.9333333333334,"center_method":"duration_weighted_stop_medoid","type":"berth","distance_to_coast":290.5561654972759,"inside_china_land":true}},{"type":"Feature","geometry":{"type":"Polygon","coordinates":[[[120.24692216666666,27.248952666666668],[120.24762199999999,27.248952666666668],[120.24762199999999,27.249470666666667],[120.24692216666666,27.249470666666667],[120.24692216666666,27.248952666666668]]]},"properties":{"cluster_id":1905,"lat":27.248952666666668,"lon":120.24692216666666,"count":3,"dwell_minutes":430.48333333333335,"center_method":"duration_weighted_stop_medoid","type":"berth","distance_to_coast":551.7684214804256,"inside_china_land":true}},{"type":"Feature","geometry":{"type":"Polygon","coordinates":[[[121.95407412121212,30.099237075757575],[121.9541352005277,30.099237075757575],[121.9541352005277,30.09929590765171],[121.95407412121212,30.09929590765171],[121.95407412121212,30.099237075757575]]]},"properties":{"cluster_id":1907,"lat":30.09929590765171,"lon":121.9541352005277,"count":2,"dwell_minutes":14297.916666666666,"center_method":"duration_weighted_stop_medoid","type":"berth","distance_to_coast":2774.5129481058125,"inside_china_land":false}},{"type":"Feature","geometry":{"type":"Polygon","coordinates":[[[119.58710375,39.9091625],[119.58727816666668,39.9091625],[119.58727816666668,39.90952468831169],[119.58710375,39.90952468831169],[119.58710375,39.9091625]]]},"properties":{"cluster_id":1908,"lat":39.909455095238094,"lon":119.58722257142855,"count":29,"dwell_minutes":31317.283333333333,"center_method":"duration_weighted_stop_medoid","type":"berth","distance_to_coast":593.0355779558754,"inside_china_land":true}},{"type":"Feature","geometry":{"type":"Polygon","coordinates":[[[119.58735364516129,39.90703068292683],[119.587538,39.90703068292683],[119.587538,39.90712466666667],[119.58735364516129,39.90712466666667],[119.58735364516129,39.90703068292683]]]},"properties":{"cluster_id":1909,"lat":39.907061070588234,"lon":119.58744387058825,"count":12,"dwell_minutes":17838.033333333333,"center_method":"duration_weighted_stop_medoid","type":"berth","distance_to_coast":244.79670988266557,"inside_china_land":true}},{"type":"Feature","geometry":{"type":"Polygon","coordinates":[[[121.74494357407409,39.02169998148148],[121.74591566666668,39.02169998148148],[121.74591566666668,39.022223333333336],[121.74494357407409,39.022223333333336],[121.74494357407409,39.02169998148148]]]},"properties":{"cluster_id":1912,"lat":39.02212033333333,"lon":121.74574296774192,"count":8,"dwell_minutes":8929.333333333332,"center_method":"duration_weighted_stop_medoid","type":"berth","distance_to_coast":1391.775988782706,"inside_china_land":false}},{"type":"Feature","geometry":{"type":"Polygon","coordinates":[[[119.58604377777777,39.91029333333333],[119.58607468253969,39.91029333333333],[119.58607468253969,39.91030592063492],[119.58604377777777,39.91030592063492],[119.58604377777777,39.91029333333333]]]},"properties":{"cluster_id":1913,"lat":39.91030592063492,"lon":119.58607468253967,"count":2,"dwell_minutes":2790.45,"center_method":"duration_weighted_stop_medoid","type":"berth","distance_to_coast":727.4259867468401,"inside_china_land":true}},{"type":"Feature","geometry":{"type":"Polygon","coordinates":[[[120.83198117699115,27.989241168141593],[120.8321763364486,27.989241168141593],[120.8321763364486,27.989309009345796],[120.83198117699115,27.989309009345796],[120.83198117699115,27.989241168141593]]]},"properties":{"cluster_id":1914,"lat":27.989241168141593,"lon":120.83198117699116,"count":2,"dwell_minutes":6950.216666666667,"center_method":"duration_weighted_stop_medoid","type":"berth","distance_to_coast":314.77127313436574,"inside_china_land":false}},{"type":"Feature","geometry":{"type":"Polygon","coordinates":[[[121.62195799999999,31.378949285714288],[121.622329,31.378949285714288],[121.622329,31.3794966],[121.62195799999999,31.3794966],[121.62195799999999,31.378949285714288]]]},"properties":{"cluster_id":1917,"lat":31.37928,"lon":121.622329,"count":3,"dwell_minutes":353.66666666666663,"center_method":"duration_weighted_stop_medoid","type":"berth","distance_to_coast":3875.292579506609,"inside_china_land":false}},{"type":"Feature","geometry":{"type":"Polygon","coordinates":[[[122.12941040000001,30.133443142857143],[122.12972732191781,30.133443142857143],[122.12972732191781,30.133536666666668],[122.12941040000001,30.133536666666668],[122.12941040000001,30.133443142857143]]]},"properties":{"cluster_id":1918,"lat":30.133459630136983,"lon":122.1295715479452,"count":15,"dwell_minutes":16439.23333333333,"center_method":"duration_weighted_stop_medoid","type":"berth","distance_to_coast":695.8381517878015,"inside_china_land":false}},{"type":"Feature","geometry":{"type":"Polygon","coordinates":[[[121.94761824175825,29.6364084],[121.9489565,29.6364084],[121.9489565,29.636822828571425],[121.94761824175825,29.636822828571425],[121.94761824175825,29.6364084]]]},"properties":{"cluster_id":1920,"lat":29.63678354945055,"lon":121.94761824175824,"count":9,"dwell_minutes":10719.816666666666,"center_method":"duration_weighted_stop_medoid","type":"berth","distance_to_coast":2111.8872440299956,"inside_china_land":false}},{"type":"Feature","geometry":{"type":"Polygon","coordinates":[[[129.4005091910828,36.01383740764331],[129.4005473150685,36.01383740764331],[129.4005473150685,36.01388071232877],[129.4005091910828,36.01388071232877],[129.4005091910828,36.01383740764331]]]},"properties":{"cluster_id":1921,"lat":36.01383740764331,"lon":129.4005091910828,"count":3,"dwell_minutes":6387.4,"center_method":"duration_weighted_stop_medoid","type":"berth","distance_to_coast":1201.1327433332688,"inside_china_land":false}},{"type":"Feature","geometry":{"type":"Polygon","coordinates":[[[121.62459691666668,31.37834575],[121.62459824999999,31.37834575],[121.62459824999999,31.378347166666668],[121.62459691666668,31.378347166666668],[121.62459691666668,31.37834575]]]},"properties":{"cluster_id":1925,"lat":31.378347166666668,"lon":121.62459691666668,"count":2,"dwell_minutes":396.08333333333337,"center_method":"duration_weighted_stop_medoid","type":"berth","distance_to_coast":3832.4728120712657,"inside_china_land":false}},{"type":"Feature","geometry":{"type":"Polygon","coordinates":[[[121.5013512,32.125967200000005],[121.50166771428572,32.125967200000005],[121.50166771428572,32.12651157142857],[121.5013512,32.12651157142857],[121.5013512,32.125967200000005]]]},"properties":{"cluster_id":1928,"lat":32.125967200000005,"lon":121.5013512,"count":2,"dwell_minutes":199.7,"center_method":"duration_weighted_stop_medoid","type":"berth","distance_to_coast":2092.9696647524415,"inside_china_land":false}},{"type":"Feature","geometry":{"type":"Polygon","coordinates":[[[126.52940374468086,35.97385939007092],[126.52946378260869,35.97385939007092],[126.52946378260869,35.9738827826087],[126.52940374468086,35.9738827826087],[126.52940374468086,35.97385939007092]]]},"properties":{"cluster_id":1930,"lat":35.97387663703704,"lon":126.52943351111112,"count":4,"dwell_minutes":10056.833333333334,"center_method":"duration_weighted_stop_medoid","type":"berth","distance_to_coast":363.351273376215,"inside_china_land":false}},{"type":"Feature","geometry":{"type":"Polygon","coordinates":[[[120.28532428,37.64626928571429],[120.28591128571429,37.64626928571429],[120.28591128571429,37.6468177],[120.28532428,37.6468177],[120.28532428,37.64626928571429]]]},"properties":{"cluster_id":1931,"lat":37.6468177,"lon":120.28532428,"count":2,"dwell_minutes":1656.5,"center_method":"duration_weighted_stop_medoid","type":"berth","distance_to_coast":3123.716837551708,"inside_china_land":false}},{"type":"Feature","geometry":{"type":"Polygon","coordinates":[[[120.67389849230769,31.993646065789473],[120.67392335526316,31.993646065789473],[120.67392335526316,31.99366864615385],[120.67389849230769,31.99366864615385],[120.67389849230769,31.993646065789473]]]},"properties":{"cluster_id":1933,"lat":31.993646065789473,"lon":120.67392335526316,"count":2,"dwell_minutes":3955.633333333333,"center_method":"duration_weighted_stop_medoid","type":"berth","distance_to_coast":666.4988242333169,"inside_china_land":true}},{"type":"Feature","geometry":{"type":"Polygon","coordinates":[[[120.31125815555555,31.95173482222222],[120.3120376779661,31.95173482222222],[120.3120376779661,31.951862711864404],[120.31125815555555,31.951862711864404],[120.31125815555555,31.95173482222222]]]},"properties":{"cluster_id":1937,"lat":31.95173482222222,"lon":120.31125815555556,"count":2,"dwell_minutes":3431.5,"center_method":"duration_weighted_stop_medoid","type":"berth","distance_to_coast":958.2426460628452,"inside_china_land":false}},{"type":"Feature","geometry":{"type":"Polygon","coordinates":[[[113.18665513157895,22.476754657894737],[113.18739688888888,22.476754657894737],[113.18739688888888,22.47690688888889],[113.18665513157895,22.47690688888889],[113.18665513157895,22.476754657894737]]]},"properties":{"cluster_id":1938,"lat":22.476754657894737,"lon":113.18665513157896,"count":2,"dwell_minutes":1570.3833333333332,"center_method":"duration_weighted_stop_medoid","type":"berth","distance_to_coast":1201.057885733582,"inside_china_land":false}},{"type":"Feature","geometry":{"type":"Polygon","coordinates":[[[115.99144966666667,22.829480166666666],[115.99204273913044,22.829480166666666],[115.99204273913044,22.83010414285714],[115.99144966666667,22.83010414285714],[115.99144966666667,22.829480166666666]]]},"properties":{"cluster_id":1939,"lat":22.830100103092786,"lon":115.99200607216495,"count":7,"dwell_minutes":13677.516666666666,"center_method":"duration_weighted_stop_medoid","type":"berth","distance_to_coast":356.8840595841593,"inside_china_land":false}},{"type":"Feature","geometry":{"type":"Polygon","coordinates":[[[120.3413495,31.99073675],[120.34217622222224,31.99073675],[120.34217622222224,31.991556777777777],[120.3413495,31.991556777777777],[120.3413495,31.99073675]]]},"properties":{"cluster_id":1940,"lat":31.991556777777777,"lon":120.34217622222224,"count":2,"dwell_minutes":672.75,"center_method":"duration_weighted_stop_medoid","type":"berth","distance_to_coast":1544.337531352135,"inside_china_land":false}},{"type":"Feature","geometry":{"type":"Polygon","coordinates":[[[108.59509617500001,21.7258731],[108.59561414285714,21.7258731],[108.59561414285714,21.72687069642857],[108.59509617500001,21.72687069642857],[108.59509617500001,21.7258731]]]},"properties":{"cluster_id":1942,"lat":21.72687069642857,"lon":108.59561414285714,"count":2,"dwell_minutes":3963.5666666666666,"center_method":"duration_weighted_stop_medoid","type":"berth","distance_to_coast":1599.806952304955,"inside_china_land":false}},{"type":"Feature","geometry":{"type":"Polygon","coordinates":[[[121.45618516666667,37.547811],[121.456607,37.547811],[121.456607,37.548105666666665],[121.45618516666667,37.548105666666665],[121.45618516666667,37.547811]]]},"properties":{"cluster_id":1944,"lat":37.547811,"lon":121.45618516666669,"count":2,"dwell_minutes":321.7,"center_method":"duration_weighted_stop_medoid","type":"berth","distance_to_coast":3592.64090992419,"inside_china_land":false}},{"type":"Feature","geometry":{"type":"Polygon","coordinates":[[[121.62353766666666,29.11106175],[121.62463325,29.11106175],[121.62463325,29.1125485],[121.62353766666666,29.1125485],[121.62353766666666,29.11106175]]]},"properties":{"cluster_id":1945,"lat":29.111455666666668,"lon":121.62353766666666,"count":3,"dwell_minutes":243.0,"center_method":"duration_weighted_stop_medoid","type":"berth","distance_to_coast":157.19676070499492,"inside_china_land":false}},{"type":"Feature","geometry":{"type":"Polygon","coordinates":[[[119.7293664,34.30545229508197],[119.72958613114753,34.30545229508197],[119.72958613114753,34.3055058],[119.7293664,34.3055058],[119.7293664,34.30545229508197]]]},"properties":{"cluster_id":1951,"lat":34.30545229508197,"lon":119.72958613114751,"count":2,"dwell_minutes":3521.9333333333334,"center_method":"duration_weighted_stop_medoid","type":"berth","distance_to_coast":24699.03591731188,"inside_china_land":true}},{"type":"Feature","geometry":{"type":"Polygon","coordinates":[[[121.806151,31.691038666666667],[121.80617766666667,31.691038666666667],[121.80617766666667,31.691075666666666],[121.806151,31.691075666666666],[121.806151,31.691038666666667]]]},"properties":{"cluster_id":1952,"lat":31.691075666666663,"lon":121.80617766666668,"count":2,"dwell_minutes":141.03333333333333,"center_method":"duration_weighted_stop_medoid","type":"berth","distance_to_coast":400.0824025877154,"inside_china_land":false}},{"type":"Feature","geometry":{"type":"Polygon","coordinates":[[[122.41583607317072,30.690503024390242],[122.4158915,30.690503024390242],[122.4158915,30.690537409090908],[122.41583607317072,30.690537409090908],[122.41583607317072,30.690503024390242]]]},"properties":{"cluster_id":1953,"lat":30.69050302439024,"lon":122.41583607317072,"count":2,"dwell_minutes":1805.6166666666668,"center_method":"duration_weighted_stop_medoid","type":"berth","distance_to_coast":2029.9226934530675,"inside_china_land":false}},{"type":"Feature","geometry":{"type":"Polygon","coordinates":[[[122.41355214285714,30.690117],[122.4136335,30.690117],[122.4136335,30.690333285714285],[122.41355214285714,30.690333285714285],[122.41355214285714,30.690117]]]},"properties":{"cluster_id":1954,"lat":30.690148454545454,"lon":122.4135901818182,"count":3,"dwell_minutes":954.3,"center_method":"duration_weighted_stop_medoid","type":"berth","distance_to_coast":2262.251196041011,"inside_china_land":false}},{"type":"Feature","geometry":{"type":"Polygon","coordinates":[[[122.02904855555555,30.164055555555553],[122.02915288235293,30.164055555555553],[122.02915288235293,30.16418370588235],[122.02904855555555,30.16418370588235],[122.02904855555555,30.164055555555553]]]},"properties":{"cluster_id":1955,"lat":30.16414521052631,"lon":122.02911423684208,"count":3,"dwell_minutes":2190.5,"center_method":"duration_weighted_stop_medoid","type":"berth","distance_to_coast":2106.789590558612,"inside_china_land":false}},{"type":"Feature","geometry":{"type":"Polygon","coordinates":[[[120.6084398,32.01554975],[120.608444875,32.01554975],[120.608444875,32.015607599999996],[120.6084398,32.015607599999996],[120.6084398,32.01554975]]]},"properties":{"cluster_id":1956,"lat":32.01554975,"lon":120.608444875,"count":2,"dwell_minutes":472.65,"center_method":"duration_weighted_stop_medoid","type":"berth","distance_to_coast":3075.8624647590364,"inside_china_land":false}},{"type":"Feature","geometry":{"type":"Polygon","coordinates":[[[121.66966433333333,28.3711175],[121.66994955555555,28.3711175],[121.66994955555555,28.37126166666667],[121.66966433333333,28.37126166666667],[121.66966433333333,28.3711175]]]},"properties":{"cluster_id":1958,"lat":28.3711175,"lon":121.66994955555556,"count":2,"dwell_minutes":656.7666666666667,"center_method":"duration_weighted_stop_medoid","type":"berth","distance_to_coast":3787.341615554996,"inside_china_land":false}},{"type":"Feature","geometry":{"type":"Polygon","coordinates":[[[119.73352168534483,34.31028881465517],[119.73466285714287,34.31028881465517],[119.73466285714287,34.311278571428566],[119.73352168534483,34.311278571428566],[119.73352168534483,34.31028881465517]]]},"properties":{"cluster_id":1961,"lat":34.31028881465517,"lon":119.73352168534484,"count":3,"dwell_minutes":8927.766666666666,"center_method":"duration_weighted_stop_medoid","type":"berth","distance_to_coast":23925.74843600509,"inside_china_land":true}},{"type":"Feature","geometry":{"type":"Polygon","coordinates":[[[119.73246782191781,34.30696743835617],[119.73254850000001,34.30696743835617],[119.73254850000001,34.307013250000004],[119.73246782191781,34.307013250000004],[119.73246782191781,34.30696743835617]]]},"properties":{"cluster_id":1962,"lat":34.30696743835617,"lon":119.7324678219178,"count":2,"dwell_minutes":2714.8500000000004,"center_method":"duration_weighted_stop_medoid","type":"berth","distance_to_coast":24382.571811933696,"inside_china_land":true}},{"type":"Feature","geometry":{"type":"Polygon","coordinates":[[[120.45802178947368,33.811946473684216],[120.4580735,33.811946473684216],[120.4580735,33.81203],[120.45802178947368,33.81203],[120.45802178947368,33.811946473684216]]]},"properties":{"cluster_id":1967,"lat":33.811946473684216,"lon":120.45802178947368,"count":2,"dwell_minutes":698.0833333333333,"center_method":"duration_weighted_stop_medoid","type":"berth","distance_to_coast":1127.2807408658516,"inside_china_land":false}},{"type":"Feature","geometry":{"type":"Polygon","coordinates":[[[108.47384411538461,21.58478274324324],[108.47400512162162,21.58478274324324],[108.47400512162162,21.585499807692308],[108.47384411538461,21.585499807692308],[108.47384411538461,21.58478274324324]]]},"properties":{"cluster_id":1971,"lat":21.58478274324324,"lon":108.47400512162162,"count":2,"dwell_minutes":2982.95,"center_method":"duration_weighted_stop_medoid","type":"berth","distance_to_coast":389.756582786616,"inside_china_land":false}},{"type":"Feature","geometry":{"type":"Polygon","coordinates":[[[118.45508023076923,39.010658],[118.45512792307692,39.010658],[118.45512792307692,39.0108401923077],[118.45508023076923,39.0108401923077],[118.45508023076923,39.010658]]]},"properties":{"cluster_id":1972,"lat":39.0108401923077,"lon":118.45512792307692,"count":3,"dwell_minutes":1397.7833333333333,"center_method":"duration_weighted_stop_medoid","type":"berth","distance_to_coast":1690.664042134536,"inside_china_land":false}},{"type":"Feature","geometry":{"type":"Polygon","coordinates":[[[112.85877508,22.970396954545453],[112.85904238636363,22.970396954545453],[112.85904238636363,22.970743266666666],[112.85877508,22.970743266666666],[112.85877508,22.970396954545453]]]},"properties":{"cluster_id":1973,"lat":22.970743266666663,"lon":112.85877508,"count":3,"dwell_minutes":4551.433333333333,"center_method":"duration_weighted_stop_medoid","type":"berth","distance_to_coast":40064.196959958106,"inside_china_land":true}},{"type":"Feature","geometry":{"type":"Polygon","coordinates":[[[119.11796797142857,25.421328765957444],[119.11809334042553,25.421328765957444],[119.11809334042553,25.42168385714286],[119.11796797142857,25.42168385714286],[119.11796797142857,25.421328765957444]]]},"properties":{"cluster_id":1974,"lat":25.421328765957444,"lon":119.11809334042552,"count":2,"dwell_minutes":2690.6833333333334,"center_method":"duration_weighted_stop_medoid","type":"berth","distance_to_coast":632.4869825126102,"inside_china_land":false}},{"type":"Feature","geometry":{"type":"Polygon","coordinates":[[[119.75782121621621,26.37959756756757],[119.75839160465117,26.37959756756757],[119.75839160465117,26.379957790697677],[119.75782121621621,26.379957790697677],[119.75782121621621,26.37959756756757]]]},"properties":{"cluster_id":1975,"lat":26.379616926829268,"lon":119.75791241463416,"count":3,"dwell_minutes":3535.0333333333338,"center_method":"duration_weighted_stop_medoid","type":"berth","distance_to_coast":1017.3324910199292,"inside_china_land":false}},{"type":"Feature","geometry":{"type":"Polygon","coordinates":[[[116.74823660563379,23.327570763157894],[116.74828473076923,23.327570763157894],[116.74828473076923,23.327623384615382],[116.74823660563379,23.327623384615382],[116.74823660563379,23.327570763157894]]]},"properties":{"cluster_id":1976,"lat":23.327576028169016,"lon":116.7482366056338,"count":3,"dwell_minutes":4453.9,"center_method":"duration_weighted_stop_medoid","type":"berth","distance_to_coast":139.73140435154647,"inside_china_land":false}},{"type":"Feature","geometry":{"type":"Polygon","coordinates":[[[113.09853571428572,22.76330133333333],[113.09971624999999,22.76330133333333],[113.09971624999999,22.7634955],[113.09853571428572,22.7634955],[113.09853571428572,22.76330133333333]]]},"properties":{"cluster_id":1977,"lat":22.7634955,"lon":113.09853571428572,"count":2,"dwell_minutes":1149.4166666666667,"center_method":"duration_weighted_stop_medoid","type":"berth","distance_to_coast":21271.73309960643,"inside_china_land":true}},{"type":"Feature","geometry":{"type":"Polygon","coordinates":[[[112.86968175,22.929160080000003],[112.87029422222223,22.929160080000003],[112.87029422222223,22.929649125],[112.86968175,22.929649125],[112.86968175,22.929160080000003]]]},"properties":{"cluster_id":1978,"lat":22.929160080000003,"lon":112.86988104,"count":5,"dwell_minutes":1992.7333333333331,"center_method":"duration_weighted_stop_medoid","type":"berth","distance_to_coast":38250.07058561341,"inside_china_land":true}},{"type":"Feature","geometry":{"type":"Polygon","coordinates":[[[113.02467838461538,22.804587],[113.02473044444444,22.804587],[113.02473044444444,22.804662692307694],[113.02467838461538,22.804662692307694],[113.02467838461538,22.804587]]]},"properties":{"cluster_id":1979,"lat":22.804662692307694,"lon":113.02467838461538,"count":2,"dwell_minutes":601.5833333333334,"center_method":"duration_weighted_stop_medoid","type":"berth","distance_to_coast":24185.565101809272,"inside_china_land":true}},{"type":"Feature","geometry":{"type":"Polygon","coordinates":[[[120.33554870588236,31.985195916666665],[120.33635433333335,31.985195916666665],[120.33635433333335,31.985832323529415],[120.33554870588236,31.985832323529415],[120.33554870588236,31.985195916666665]]]},"properties":{"cluster_id":1983,"lat":31.985832323529415,"lon":120.33554870588236,"count":2,"dwell_minutes":1672.5166666666669,"center_method":"duration_weighted_stop_medoid","type":"berth","distance_to_coast":1534.5767539262745,"inside_china_land":false}},{"type":"Feature","geometry":{"type":"Polygon","coordinates":[[[117.26290666666667,30.662600333333334],[117.263097,30.662600333333334],[117.263097,30.66273325],[117.26290666666667,30.66273325],[117.26290666666667,30.662600333333334]]]},"properties":{"cluster_id":1986,"lat":30.662600333333337,"lon":117.26290666666668,"count":2,"dwell_minutes":224.95,"center_method":"duration_weighted_stop_medoid","type":"berth","distance_to_coast":326600.17637478816,"inside_china_land":true}},{"type":"Feature","geometry":{"type":"Polygon","coordinates":[[[119.80956280000001,26.685694666666667],[119.81003566666668,26.685694666666667],[119.81003566666668,26.686186399999997],[119.80956280000001,26.686186399999997],[119.80956280000001,26.685694666666667]]]},"properties":{"cluster_id":1987,"lat":26.686186399999997,"lon":119.8095628,"count":2,"dwell_minutes":168.16666666666669,"center_method":"duration_weighted_stop_medoid","type":"berth","distance_to_coast":1191.8689332432812,"inside_china_land":false}},{"type":"Feature","geometry":{"type":"Polygon","coordinates":[[[118.00762666666667,31.206101999999998],[118.0079628,31.206101999999998],[118.0079628,31.206195666666662],[118.00762666666667,31.206195666666662],[118.00762666666667,31.206101999999998]]]},"properties":{"cluster_id":1989,"lat":31.206102,"lon":118.0079628,"count":2,"dwell_minutes":176.98333333333335,"center_method":"duration_weighted_stop_medoid","type":"berth","distance_to_coast":220125.4832346888,"inside_china_land":true}},{"type":"Feature","geometry":{"type":"Polygon","coordinates":[[[121.37557325,37.5675125],[121.3757572,37.5675125],[121.3757572,37.5678072],[121.37557325,37.5678072],[121.37557325,37.5675125]]]},"properties":{"cluster_id":1992,"lat":37.56764719565218,"lon":121.37566865217391,"count":5,"dwell_minutes":3696.7666666666664,"center_method":"duration_weighted_stop_medoid","type":"berth","distance_to_coast":667.0804750962559,"inside_china_land":true}},{"type":"Feature","geometry":{"type":"Polygon","coordinates":[[[119.79275100000001,26.26384673333333],[119.79323033333334,26.26384673333333],[119.79323033333334,26.264808333333335],[119.79275100000001,26.264808333333335],[119.79275100000001,26.26384673333333]]]},"properties":{"cluster_id":1993,"lat":26.264243000000004,"lon":119.79278891666668,"count":5,"dwell_minutes":1201.7833333333333,"center_method":"duration_weighted_stop_medoid","type":"berth","distance_to_coast":2463.223666568056,"inside_china_land":false}},{"type":"Feature","geometry":{"type":"Polygon","coordinates":[[[119.420848,34.7472738],[119.42099326470588,34.7472738],[119.42099326470588,34.74739105882353],[119.420848,34.74739105882353],[119.420848,34.7472738]]]},"properties":{"cluster_id":1995,"lat":34.74735403125,"lon":119.4209508125,"count":3,"dwell_minutes":1884.2333333333331,"center_method":"duration_weighted_stop_medoid","type":"berth","distance_to_coast":393.9974268448943,"inside_china_land":true}},{"type":"Feature","geometry":{"type":"Polygon","coordinates":[[[121.7493065,38.9780825],[121.74940631999999,38.9780825],[121.74940631999999,38.9786996],[121.7493065,38.9786996],[121.7493065,38.9780825]]]},"properties":{"cluster_id":1996,"lat":38.9786996,"lon":121.74940632,"count":2,"dwell_minutes":711.4499999999999,"center_method":"duration_weighted_stop_medoid","type":"berth","distance_to_coast":3477.5003830080936,"inside_china_land":false}},{"type":"Feature","geometry":{"type":"Polygon","coordinates":[[[119.37770444444443,34.7515645],[119.37793416666666,34.7515645],[119.37793416666666,34.751633222222225],[119.37770444444443,34.751633222222225],[119.37770444444443,34.7515645]]]},"properties":{"cluster_id":1998,"lat":34.751633222222225,"lon":119.37770444444445,"count":2,"dwell_minutes":295.85,"center_method":"duration_weighted_stop_medoid","type":"berth","distance_to_coast":780.7506539200715,"inside_china_land":true}},{"type":"Feature","geometry":{"type":"Polygon","coordinates":[[[121.74920506976743,39.011393568181816],[121.74999968181818,39.011393568181816],[121.74999968181818,39.01237560465116],[121.74920506976743,39.01237560465116],[121.74920506976743,39.011393568181816]]]},"properties":{"cluster_id":1999,"lat":39.01155860810811,"lon":121.74990567567568,"count":5,"dwell_minutes":7525.433333333334,"center_method":"duration_weighted_stop_medoid","type":"berth","distance_to_coast":1292.4677330176496,"inside_china_land":false}},{"type":"Feature","geometry":{"type":"Polygon","coordinates":[[[121.9909897752809,29.92759301],[121.99100672222222,29.92759301],[121.99100672222222,29.927618166666665],[121.9909897752809,29.927618166666665],[121.9909897752809,29.92759301]]]},"properties":{"cluster_id":2000,"lat":29.92759301,"lon":121.990993905,"count":4,"dwell_minutes":15002.916666666666,"center_method":"duration_weighted_stop_medoid","type":"berth","distance_to_coast":274.51564079619294,"inside_china_land":false}},{"type":"Feature","geometry":{"type":"Polygon","coordinates":[[[121.97823440776699,29.939836315217395],[121.97825155737705,29.939836315217395],[121.97825155737705,29.939860766990293],[121.97823440776699,29.939860766990293],[121.97823440776699,29.939836315217395]]]},"properties":{"cluster_id":2001,"lat":29.93984231967213,"lon":121.97825155737704,"count":3,"dwell_minutes":11035.833333333334,"center_method":"duration_weighted_stop_medoid","type":"berth","distance_to_coast":103.88581282902666,"inside_china_land":false}},{"type":"Feature","geometry":{"type":"Polygon","coordinates":[[[121.55576902816902,31.38327622535211],[121.555803704,31.38327622535211],[121.555803704,31.383335696],[121.55576902816902,31.383335696],[121.55576902816902,31.38327622535211]]]},"properties":{"cluster_id":2003,"lat":31.38328068907563,"lon":121.55579226890757,"count":5,"dwell_minutes":15463.350000000002,"center_method":"duration_weighted_stop_medoid","type":"berth","distance_to_coast":2437.8748180202065,"inside_china_land":false}},{"type":"Feature","geometry":{"type":"Polygon","coordinates":[[[121.9901165,40.739675857142856],[121.99020416666666,40.739675857142856],[121.99020416666666,40.739741651515146],[121.9901165,40.739741651515146],[121.9901165,40.739675857142856]]]},"properties":{"cluster_id":2007,"lat":40.739723184210526,"lon":121.99016631578948,"count":6,"dwell_minutes":10477.95,"center_method":"duration_weighted_stop_medoid","type":"berth","distance_to_coast":3925.252296967703,"inside_china_land":false}},{"type":"Feature","geometry":{"type":"Polygon","coordinates":[[[122.12903969230769,29.78900476041667],[122.12905075609757,29.78900476041667],[122.12905075609757,29.789038538461536],[122.12903969230769,29.789038538461536],[122.12903969230769,29.78900476041667]]]},"properties":{"cluster_id":2009,"lat":29.78900476041667,"lon":122.12904804166668,"count":3,"dwell_minutes":4536.966666666666,"center_method":"duration_weighted_stop_medoid","type":"berth","distance_to_coast":1368.8124679141802,"inside_china_land":false}},{"type":"Feature","geometry":{"type":"Polygon","coordinates":[[[122.13193629166666,30.129082884615382],[122.13238511538461,30.129082884615382],[122.13238511538461,30.129871958333336],[122.13193629166666,30.129871958333336],[122.13193629166666,30.129082884615382]]]},"properties":{"cluster_id":2010,"lat":30.129082884615386,"lon":122.1323851153846,"count":2,"dwell_minutes":1462.3333333333333,"center_method":"duration_weighted_stop_medoid","type":"berth","distance_to_coast":501.3762652529237,"inside_china_land":false}},{"type":"Feature","geometry":{"type":"Polygon","coordinates":[[[118.02850655670103,38.02231231481482],[118.02859425925926,38.02231231481482],[118.02859425925926,38.022331041237116],[118.02850655670103,38.022331041237116],[118.02850655670103,38.02231231481482]]]},"properties":{"cluster_id":2011,"lat":38.02231231481482,"lon":118.02859425925926,"count":2,"dwell_minutes":25194.9,"center_method":"duration_weighted_stop_medoid","type":"berth","distance_to_coast":17559.72140775079,"inside_china_land":true}},{"type":"Feature","geometry":{"type":"Polygon","coordinates":[[[113.02981992307693,22.80663626923077],[113.03047698958333,22.80663626923077],[113.03047698958333,22.806730187499998],[113.02981992307693,22.806730187499998],[113.02981992307693,22.80663626923077]]]},"properties":{"cluster_id":2012,"lat":22.8067301875,"lon":113.03047698958332,"count":2,"dwell_minutes":4381.05,"center_method":"duration_weighted_stop_medoid","type":"berth","distance_to_coast":23501.80361849505,"inside_china_land":true}},{"type":"Feature","geometry":{"type":"Polygon","coordinates":[[[117.2788724375,30.652799833333333],[117.27978876923076,30.652799833333333],[117.27978876923076,30.65337886238532],[117.2788724375,30.65337886238532],[117.2788724375,30.652799833333333]]]},"properties":{"cluster_id":2013,"lat":30.653305294117644,"lon":117.27957882352942,"count":22,"dwell_minutes":9863.816666666666,"center_method":"duration_weighted_stop_medoid","type":"berth","distance_to_coast":324556.2929302052,"inside_china_land":true}}]}