{"type":"FeatureCollection","features":[{"type":"Feature","geometry":{"type":"Polygon","coordinates":[[[119.698972,35.251559],[119.694993,35.245479],[119.689638,35.24015],[119.683113,35.235776],[119.675668,35.232526],[119.66759,35.230524],[119.659189,35.229848],[119.650789,35.230524],[119.642711,35.232526],[119.635266,35.235776],[119.628741,35.24015],[119.623386,35.245479],[119.619406,35.251559],[119.616956,35.258155],[119.616129,35.265014],[119.616956,35.271873],[119.619406,35.278468],[119.623386,35.284545],[119.628741,35.289872],[119.635266,35.294243],[119.642711,35.29749],[119.650789,35.29949],[119.659189,35.300166],[119.66759,35.29949],[119.675668,35.29749],[119.683113,35.294243],[119.689638,35.289872],[119.694993,35.284545],[119.698972,35.278468],[119.701423,35.271873],[119.70225,35.265014],[119.701423,35.258155],[119.698972,35.251559]]]},"properties":{"cluster_id":0,"lat":35.26501445454546,"lon":119.65918946060606,"count":195,"dwell_minutes":564744.7,"center_method":"duration_weighted_stop_medoid","radius_m":4793.506139198977,"type":"anchorage","distance_to_coast":19121.40359471854,"inside_china_land":false,"land_overlap_action":"unchanged","terminal_overlap_action":"unchanged"}},{"type":"Feature","geometry":{"type":"Polygon","coordinates":[[[119.184846,39.14297],[119.181037,39.137443],[119.175911,39.132598],[119.169664,39.128622],[119.162538,39.125667],[119.154805,39.123847],[119.146764,39.123233],[119.138722,39.123847],[119.13099,39.125667],[119.123863,39.128622],[119.117617,39.132598],[119.112491,39.137443],[119.108682,39.14297],[119.106336,39.148967],[119.105544,39.155203],[119.106336,39.161439],[119.108682,39.167434],[119.112491,39.172959],[119.117617,39.177801],[119.123863,39.181775],[119.13099,39.184727],[119.138722,39.186545],[119.146764,39.187159],[119.154805,39.186545],[119.162538,39.184727],[119.169664,39.181775],[119.175911,39.177801],[119.181037,39.172959],[119.184846,39.167434],[119.187191,39.161439],[119.187983,39.155203],[119.187191,39.148967],[119.184846,39.14297]]]},"properties":{"cluster_id":1,"lat":39.15520324074074,"lon":119.14676377777778,"count":433,"dwell_minutes":1466000.6,"center_method":"duration_weighted_stop_medoid","radius_m":4588.55694134222,"type":"anchorage","distance_to_coast":14364.734821346614,"inside_china_land":false,"land_overlap_action":"unchanged","terminal_overlap_action":"unchanged"}},{"type":"Feature","geometry":{"type":"Polygon","coordinates":[[[118.409298,38.893931],[118.404318,38.886678],[118.397615,38.880321],[118.389447,38.875102],[118.380128,38.871225],[118.370017,38.868837],[118.359502,38.86803],[118.348987,38.868837],[118.338876,38.871225],[118.329558,38.875102],[118.32139,38.880321],[118.314687,38.886678],[118.309706,38.893931],[118.306639,38.901801],[118.305603,38.909983],[118.306639,38.918165],[118.309706,38.926031],[118.314687,38.93328],[118.32139,38.939633],[118.329558,38.944847],[118.338876,38.948721],[118.348987,38.951106],[118.359502,38.951911],[118.370017,38.951106],[118.380128,38.948721],[118.389447,38.944847],[118.397615,38.939633],[118.404318,38.93328],[118.409298,38.926031],[118.412366,38.918165],[118.413401,38.909983],[118.412366,38.901801],[118.409298,38.893931]]]},"properties":{"cluster_id":9,"lat":38.90998323287671,"lon":118.3595022739726,"count":1038,"dwell_minutes":2988389.416666667,"center_method":"duration_weighted_stop_medoid","radius_m":6000.0,"type":"anchorage","distance_to_coast":13906.193789283834,"inside_china_land":false,"land_overlap_action":"unchanged","terminal_overlap_action":"unchanged"}},{"type":"Feature","geometry":{"type":"Polygon","coordinates":[[[118.714372,38.898071],[118.710474,38.892395],[118.705228,38.88742],[118.698836,38.883337],[118.691544,38.880303],[118.683631,38.878434],[118.675402,38.877803],[118.667173,38.878434],[118.65926,38.880303],[118.651968,38.883337],[118.645576,38.88742],[118.64033,38.892395],[118.636432,38.898071],[118.634032,38.904229],[118.633221,38.910632],[118.634032,38.917035],[118.636432,38.923192],[118.64033,38.928865],[118.645576,38.933837],[118.651968,38.937917],[118.65926,38.940949],[118.667173,38.942816],[118.675402,38.943447],[118.683631,38.942816],[118.691544,38.940949],[118.698836,38.937917],[118.705228,38.933837],[118.710474,38.928865],[118.714372,38.923192],[118.716772,38.917035],[118.717582,38.910632],[118.716772,38.904229],[118.714372,38.898071]]]},"properties":{"cluster_id":10,"lat":38.91063241935484,"lon":118.67540192741936,"count":480,"dwell_minutes":1418217.85,"center_method":"duration_weighted_stop_medoid","radius_m":4695.512392230463,"type":"anchorage","distance_to_coast":12613.78880334782,"inside_china_land":false,"land_overlap_action":"unchanged","terminal_overlap_action":"unchanged"}},{"type":"Feature","geometry":{"type":"Polygon","coordinates":[[[121.061151,39.542502],[121.058715,39.541247],[121.055841,39.540806],[121.052968,39.541247],[121.050532,39.542502],[121.048904,39.544381],[121.048333,39.546597],[121.048904,39.548812],[121.050532,39.550691],[121.052968,39.551946],[121.055841,39.552386],[121.058715,39.551946],[121.061151,39.550691],[121.062778,39.548812],[121.06335,39.546597],[121.062778,39.544381],[121.061151,39.542502]]]},"properties":{"cluster_id":11,"lat":39.54659652173913,"lon":121.0558413152174,"count":14,"dwell_minutes":42385.58333333333,"center_method":"duration_weighted_stop_medoid","radius_m":835.8659221471829,"type":"anchorage","distance_to_coast":18831.85325579513,"inside_china_land":false,"land_overlap_action":"unchanged","terminal_overlap_action":"unchanged"}},{"type":"Feature","geometry":{"type":"Polygon","coordinates":[[[119.812919,39.826158],[119.809061,39.820614],[119.803868,39.815754],[119.797541,39.811766],[119.790323,39.808802],[119.782491,39.806977],[119.774345,39.806361],[119.7662,39.806977],[119.758368,39.808802],[119.751149,39.811766],[119.744822,39.815754],[119.73963,39.820614],[119.735772,39.826158],[119.733396,39.832173],[119.732594,39.838427],[119.733396,39.844682],[119.735772,39.850695],[119.73963,39.856236],[119.744822,39.861093],[119.751149,39.865078],[119.758368,39.86804],[119.7662,39.869863],[119.774345,39.870479],[119.782491,39.869863],[119.790323,39.86804],[119.797541,39.865078],[119.803868,39.861093],[119.809061,39.856236],[119.812919,39.850695],[119.815295,39.844682],[119.816097,39.838427],[119.815295,39.832173],[119.812919,39.826158]]]},"properties":{"cluster_id":13,"lat":39.838427371428565,"lon":119.77434524285714,"count":127,"dwell_minutes":401103.1166666667,"center_method":"duration_weighted_stop_medoid","radius_m":4647.778107204956,"type":"anchorage","distance_to_coast":15818.270350973464,"inside_china_land":false,"land_overlap_action":"unchanged","terminal_overlap_action":"unchanged"}},{"type":"Feature","geometry":{"type":"Polygon","coordinates":[[[121.207571,39.341137],[121.205686,39.338408],[121.203148,39.336017],[121.200056,39.334054],[121.196528,39.332596],[121.192701,39.331697],[121.18872,39.331394],[121.184739,39.331697],[121.180911,39.332596],[121.177384,39.334054],[121.174291,39.336017],[121.171754,39.338408],[121.169868,39.341137],[121.168707,39.344097],[121.168315,39.347175],[121.168707,39.350254],[121.169868,39.353214],[121.171754,39.355941],[121.174291,39.358332],[121.177384,39.360294],[121.180911,39.361752],[121.184739,39.36265],[121.18872,39.362953],[121.192701,39.36265],[121.196528,39.361752],[121.200056,39.360294],[121.203148,39.358332],[121.205686,39.355941],[121.207571,39.353214],[121.208733,39.350254],[121.209125,39.347175],[121.208733,39.344097],[121.207571,39.341137]]]},"properties":{"cluster_id":14,"lat":39.347175422535216,"lon":121.18871985915492,"count":155,"dwell_minutes":426161.29999999993,"center_method":"duration_weighted_stop_medoid","radius_m":2271.452804751016,"type":"anchorage","distance_to_coast":10136.278855942574,"inside_china_land":false,"land_overlap_action":"unchanged","terminal_overlap_action":"unchanged"}},{"type":"Feature","geometry":{"type":"Polygon","coordinates":[[[119.652104,39.802546],[119.649314,39.798535],[119.645558,39.795019],[119.640983,39.792134],[119.635762,39.78999],[119.630098,39.788669],[119.624207,39.788224],[119.618316,39.788669],[119.612651,39.78999],[119.60743,39.792134],[119.602855,39.795019],[119.599099,39.798535],[119.596309,39.802546],[119.594591,39.806897],[119.59401,39.811423],[119.594591,39.815948],[119.596309,39.820299],[119.599099,39.824308],[119.602855,39.827822],[119.60743,39.830706],[119.612651,39.832849],[119.618316,39.834169],[119.624207,39.834614],[119.630098,39.834169],[119.635762,39.832849],[119.640983,39.830706],[119.645558,39.827822],[119.649314,39.824308],[119.652104,39.820299],[119.653822,39.815948],[119.654403,39.811423],[119.653822,39.806897],[119.652104,39.802546]]]},"properties":{"cluster_id":18,"lat":39.81142278125,"lon":119.62420653125,"count":71,"dwell_minutes":200886.65,"center_method":"duration_weighted_stop_medoid","radius_m":3361.4191407425683,"type":"anchorage","distance_to_coast":10420.06193923446,"inside_china_land":false,"land_overlap_action":"unchanged","terminal_overlap_action":"unchanged"}},{"type":"Feature","geometry":{"type":"Polygon","coordinates":[[[121.429208,31.493034],[121.426454,31.48864],[121.422748,31.484789],[121.418231,31.481628],[121.414563,31.479956],[121.377693,31.495961],[121.379829,31.498239],[121.379831,31.498242],[121.379834,31.498245],[121.379836,31.498249],[121.379837,31.498253],[121.379838,31.498256],[121.380143,31.499783],[121.380143,31.499787],[121.380143,31.499791],[121.380143,31.499795],[121.380142,31.499799],[121.379541,31.501722],[121.37954,31.501726],[121.379538,31.501729],[121.379537,31.501732],[121.379535,31.501734],[121.377446,31.504315],[121.377443,31.504318],[121.377439,31.504321],[121.377435,31.504324],[121.375654,31.505439],[121.37565,31.505441],[121.375646,31.505443],[121.375642,31.505445],[121.375638,31.505446],[121.375633,31.505446],[121.373444,31.505702],[121.373439,31.505703],[121.373434,31.505703],[121.37343,31.505702],[121.373426,31.505701],[121.372174,31.505409],[121.372441,31.507717],[121.374137,31.512484],[121.376891,31.516877],[121.380597,31.520727],[121.385114,31.523886],[121.390267,31.526234],[121.395858,31.52768],[121.401673,31.528168],[121.407487,31.52768],[121.413078,31.526234],[121.418231,31.523886],[121.422748,31.520727],[121.426454,31.516877],[121.429208,31.512484],[121.430904,31.507717],[121.431477,31.50276],[121.430904,31.497802],[121.429208,31.493034]]]},"properties":{"cluster_id":22,"lat":31.502759532467532,"lon":121.4016725064935,"count":198,"dwell_minutes":471565.7333333333,"center_method":"duration_weighted_stop_medoid","radius_m":3317.835201607878,"type":"anchorage","distance_to_coast":5001.98946800001,"inside_china_land":false,"land_overlap_action":"land_area_clipped","terminal_overlap_action":"terminal_area_clipped"}},{"type":"Feature","geometry":{"type":"Polygon","coordinates":[[[121.185132,27.938099],[121.183342,27.935141],[121.180933,27.932547],[121.177998,27.930419],[121.174649,27.928838],[121.171016,27.927864],[121.167237,27.927535],[121.163458,27.927864],[121.159824,27.928838],[121.156476,27.930419],[121.15354,27.932547],[121.151131,27.935141],[121.150887,27.935544],[121.153083,27.936587],[121.155273,27.937887],[121.157309,27.939369],[121.159171,27.94102],[121.160841,27.942824],[121.162304,27.944764],[121.163545,27.946821],[121.164552,27.948974],[121.165316,27.951205],[121.16583,27.953491],[121.166088,27.95581],[121.166414,27.961686],[121.167237,27.961758],[121.171016,27.961429],[121.174649,27.960455],[121.177998,27.958874],[121.180933,27.956746],[121.183342,27.954154],[121.185132,27.951196],[121.186235,27.947986],[121.186607,27.944648],[121.186235,27.941309],[121.185132,27.938099]]]},"properties":{"cluster_id":24,"lat":27.94464755223881,"lon":121.16723686567164,"count":126,"dwell_minutes":364788.09999999986,"center_method":"duration_weighted_stop_medoid","radius_m":2156.240499208622,"type":"anchorage","distance_to_coast":3489.3087047120134,"inside_china_land":false,"land_overlap_action":"land_area_clipped","terminal_overlap_action":"unchanged"}},{"type":"Feature","geometry":{"type":"Polygon","coordinates":[[[121.766145,38.965212],[121.760244,38.962147],[121.753284,38.96107],[121.746323,38.962147],[121.740422,38.965212],[121.73648,38.9698],[121.735095,38.975212],[121.735425,38.9765],[121.735544,38.976441],[121.735548,38.976439],[121.735551,38.976438],[121.735555,38.976437],[121.735559,38.976436],[121.735563,38.976436],[121.737738,38.976227],[121.737743,38.976227],[121.737747,38.976227],[121.737752,38.976227],[121.737756,38.976228],[121.73776,38.976229],[121.739804,38.976846],[121.739808,38.976847],[121.739812,38.976849],[121.739815,38.976851],[121.739819,38.976853],[121.739822,38.976856],[121.741246,38.978151],[121.741249,38.978153],[121.741251,38.978156],[121.741253,38.978159],[121.742019,38.979515],[121.74202,38.979518],[121.742021,38.979521],[121.742022,38.979524],[121.742022,38.979527],[121.742116,38.980773],[121.743295,38.980882],[121.745905,38.981333],[121.74552,38.981039],[121.745517,38.981036],[121.745514,38.981033],[121.745511,38.98103],[121.745509,38.981026],[121.744423,38.978784],[121.744422,38.97878],[121.744421,38.978777],[121.744421,38.978773],[121.744389,38.977452],[121.744389,38.977448],[121.74439,38.977444],[121.744391,38.977441],[121.744393,38.977437],[121.745236,38.975928],[121.745238,38.975924],[121.745241,38.975921],[121.745244,38.975918],[121.745248,38.975916],[121.746702,38.974902],[121.746706,38.9749],[121.746709,38.974898],[121.746713,38.974896],[121.748306,38.974313],[121.74831,38.974311],[121.748314,38.97431],[121.748317,38.97431],[121.748321,38.974309],[121.748325,38.974309],[121.750518,38.974315],[121.750523,38.974315],[121.750527,38.974316],[121.750531,38.974317],[121.750535,38.974318],[121.750539,38.974319],[121.752467,38.975132],[121.752471,38.975134],[121.752475,38.975136],[121.752478,38.975138],[121.752481,38.975141],[121.752483,38.975143],[121.753687,38.976569],[121.753689,38.976572],[121.753691,38.976575],[121.753692,38.976578],[121.753693,38.976582],[121.754326,38.979312],[121.754326,38.979315],[121.754326,38.979319],[121.754326,38.979322],[121.754326,38.979325],[121.754325,38.979328],[121.754323,38.979331],[121.753676,38.980631],[121.753674,38.980634],[121.753672,38.980638],[121.753669,38.98064],[121.753666,38.980643],[121.752416,38.981643],[121.752413,38.981645],[121.75241,38.981647],[121.752406,38.981649],[121.750629,38.982409],[121.750625,38.982411],[121.750621,38.982412],[121.750616,38.982413],[121.750612,38.982413],[121.749881,38.982475],[121.750958,38.982847],[121.753301,38.983887],[121.755499,38.985104],[121.757529,38.986486],[121.759371,38.988019],[121.759703,38.988358],[121.760244,38.988274],[121.766145,38.98521],[121.770088,38.980623],[121.771472,38.975212],[121.770088,38.9698],[121.766145,38.965212]],[[121.756231,38.982877],[121.756226,38.982875],[121.756222,38.982873],[121.756218,38.982871],[121.756215,38.982868],[121.75505,38.981859],[121.755048,38.981857],[121.755045,38.981854],[121.755043,38.981851],[121.755041,38.981848],[121.754459,38.98057],[121.754458,38.980567],[121.754457,38.980563],[121.754456,38.980559],[121.754398,38.978514],[121.754398,38.97851],[121.754399,38.978507],[121.7544,38.978503],[121.754402,38.978499],[121.755263,38.976916],[121.755265,38.976913],[121.755267,38.97691],[121.75527,38.976907],[121.755273,38.976905],[121.755276,38.976902],[121.757005,38.97583],[121.757008,38.975828],[121.757012,38.975827],[121.757016,38.975825],[121.75702,38.975824],[121.757024,38.975823],[121.759604,38.975413],[121.759608,38.975413],[121.759612,38.975413],[121.759616,38.975413],[121.761425,38.975522],[121.76143,38.975522],[121.761434,38.975523],[121.761438,38.975524],[121.761442,38.975525],[121.763048,38.976182],[121.763052,38.976183],[121.763056,38.976185],[121.763059,38.976188],[121.764378,38.97722],[121.764381,38.977223],[121.764384,38.977226],[121.764387,38.977229],[121.764389,38.977233],[121.765127,38.978813],[121.765129,38.978817],[121.76513,38.978821],[121.76513,38.978825],[121.76513,38.978828],[121.764885,38.980977],[121.764884,38.980981],[121.764883,38.980984],[121.764882,38.980987],[121.76488,38.98099],[121.764097,38.982178],[121.764095,38.982181],[121.764092,38.982183],[121.764089,38.982186],[121.764086,38.982188],[121.762787,38.983061],[121.762784,38.983063],[121.76278,38.983065],[121.762776,38.983066],[121.762772,38.983067],[121.761147,38.983497],[121.761142,38.983498],[121.761138,38.983499],[121.761133,38.983499],[121.758249,38.983537],[121.758244,38.983537],[121.758239,38.983536],[121.758235,38.983535],[121.75823,38.983534],[121.756231,38.982877]]]},"properties":{"cluster_id":28,"lat":38.97521177108433,"lon":121.75328362650605,"count":144,"dwell_minutes":438863.5666666667,"center_method":"duration_weighted_stop_medoid","radius_m":2024.7485800172503,"type":"anchorage","distance_to_coast":4100.772078792088,"inside_china_land":false,"land_overlap_action":"land_area_clipped","terminal_overlap_action":"terminal_area_clipped"}},{"type":"Feature","geometry":{"type":"Polygon","coordinates":[[[122.486465,36.774874],[122.481484,36.76741],[122.474781,36.760867],[122.466614,36.755497],[122.457295,36.751506],[122.447184,36.749048],[122.436669,36.748219],[122.426154,36.749048],[122.416043,36.751506],[122.406724,36.755497],[122.398557,36.760867],[122.391854,36.76741],[122.386873,36.774874],[122.383806,36.782973],[122.38277,36.791394],[122.383806,36.799814],[122.386873,36.80791],[122.391854,36.815371],[122.398557,36.821909],[122.406724,36.827275],[122.416043,36.831261],[122.426154,36.833716],[122.436669,36.834545],[122.447184,36.833716],[122.457295,36.831261],[122.466614,36.827275],[122.474781,36.821909],[122.481484,36.815371],[122.486465,36.80791],[122.489532,36.799814],[122.490568,36.791394],[122.489532,36.782973],[122.486465,36.774874]]]},"properties":{"cluster_id":31,"lat":36.79139407936508,"lon":122.436669,"count":278,"dwell_minutes":1030175.8,"center_method":"duration_weighted_stop_medoid","radius_m":6000.0,"type":"anchorage","distance_to_coast":9789.098632496838,"inside_china_land":false,"land_overlap_action":"unchanged","terminal_overlap_action":"unchanged"}},{"type":"Feature","geometry":{"type":"Polygon","coordinates":[[[121.178297,31.712782],[121.173316,31.704855],[121.16677,31.698067],[121.164537,31.699959],[121.164946,31.700506],[121.164948,31.700509],[121.16495,31.700512],[121.164951,31.700516],[121.165594,31.702392],[121.165595,31.702396],[121.165595,31.702399],[121.165596,31.702402],[121.165596,31.702406],[121.165474,31.703885],[121.165474,31.703889],[121.165473,31.703893],[121.165471,31.703896],[121.165469,31.7039],[121.164695,31.705228],[121.164693,31.705231],[121.164691,31.705234],[121.164688,31.705237],[121.164685,31.705239],[121.163228,31.706399],[121.163224,31.706401],[121.16322,31.706404],[121.163215,31.706405],[121.161613,31.707021],[121.161609,31.707023],[121.161605,31.707024],[121.1616,31.707024],[121.161596,31.707025],[121.159839,31.70707],[121.159834,31.70707],[121.15983,31.70707],[121.159826,31.707069],[121.159821,31.707068],[121.158178,31.706536],[121.158174,31.706534],[121.15817,31.706532],[121.158167,31.70653],[121.158163,31.706528],[121.156886,31.7055],[121.156883,31.705497],[121.15688,31.705494],[121.156877,31.70549],[121.156875,31.705486],[121.156704,31.705118],[121.155913,31.705521],[121.156341,31.705889],[121.156344,31.705892],[121.156347,31.705894],[121.156349,31.705898],[121.156351,31.705901],[121.157022,31.707272],[121.157024,31.707276],[121.157025,31.707279],[121.157025,31.707282],[121.157026,31.707286],[121.157099,31.71004],[121.157099,31.710045],[121.157099,31.710049],[121.157097,31.710053],[121.156567,31.711515],[121.156566,31.711519],[121.156564,31.711522],[121.156561,31.711526],[121.156559,31.711529],[121.155396,31.712697],[121.155393,31.7127],[121.15539,31.712702],[121.155387,31.712704],[121.155383,31.712706],[121.153405,31.713615],[121.153401,31.713617],[121.153396,31.713619],[121.153391,31.713619],[121.151629,31.713869],[121.151624,31.713869],[121.15162,31.713869],[121.151616,31.713869],[121.151611,31.713868],[121.149874,31.713513],[121.149869,31.713512],[121.149865,31.71351],[121.149861,31.713508],[121.149857,31.713506],[121.148012,31.712287],[121.148009,31.712284],[121.148006,31.712282],[121.148003,31.712279],[121.148,31.712276],[121.147075,31.71091],[121.147073,31.710907],[121.147072,31.710903],[121.14707,31.7109],[121.14707,31.710896],[121.147069,31.710893],[121.147015,31.710055],[121.080874,31.743749],[121.077719,31.745105],[121.078705,31.747869],[121.083686,31.755792],[121.090389,31.762737],[121.098557,31.768436],[121.107875,31.772671],[121.111591,31.773629],[121.11183,31.773594],[121.114584,31.77343],[121.117343,31.773506],[121.120079,31.773822],[121.122762,31.774374],[121.125365,31.775157],[121.127679,31.77609],[121.128501,31.776158],[121.139016,31.775278],[121.149127,31.772671],[121.155497,31.769776],[121.155869,31.769371],[121.164947,31.760411],[121.16361,31.759627],[121.163606,31.759625],[121.163603,31.759622],[121.1636,31.75962],[121.163598,31.759617],[121.163596,31.759614],[121.162416,31.757806],[121.162414,31.757803],[121.162413,31.757799],[121.162412,31.757796],[121.162411,31.757793],[121.162162,31.756288],[121.162162,31.756284],[121.162162,31.75628],[121.162163,31.756276],[121.162163,31.756273],[121.162625,31.754805],[121.162626,31.754801],[121.162628,31.754797],[121.16263,31.754794],[121.162633,31.754791],[121.163731,31.753592],[121.163734,31.753589],[121.163737,31.753586],[121.163741,31.753584],[121.163744,31.753582],[121.165875,31.752572],[121.165879,31.75257],[121.165884,31.752568],[121.165888,31.752568],[121.165892,31.752567],[121.167665,31.752402],[121.167669,31.752402],[121.167673,31.752402],[121.167677,31.752402],[121.167681,31.752403],[121.167685,31.752404],[121.169779,31.753036],[121.169782,31.753037],[121.169786,31.753038],[121.169789,31.75304],[121.169793,31.753042],[121.169795,31.753045],[121.17105,31.754123],[121.171053,31.754125],[121.171056,31.754128],[121.171058,31.754132],[121.171271,31.754472],[121.178127,31.74814],[121.178297,31.747869],[121.181364,31.73927],[121.1824,31.730327],[121.181364,31.721383],[121.178297,31.712782]],[[121.13222,31.72779],[121.132215,31.727791],[121.132211,31.727791],[121.132206,31.72779],[121.132202,31.72779],[121.132198,31.727789],[121.132194,31.727787],[121.13026,31.72699],[121.130256,31.726988],[121.130252,31.726986],[121.130248,31.726983],[121.130245,31.72698],[121.129154,31.725844],[121.129151,31.725841],[121.129149,31.725837],[121.129147,31.725834],[121.129146,31.72583],[121.129145,31.725826],[121.128514,31.722513],[121.128513,31.722509],[121.128513,31.722505],[121.128514,31.722502],[121.128514,31.722498],[121.128516,31.722494],[121.128517,31.722491],[121.129467,31.720793],[121.129469,31.72079],[121.129471,31.720788],[121.129474,31.720785],[121.129476,31.720782],[121.129479,31.72078],[121.13086,31.719832],[121.130864,31.71983],[121.130867,31.719828],[121.130872,31.719826],[121.130876,31.719825],[121.133382,31.719205],[121.133386,31.719204],[121.13339,31.719204],[121.133395,31.719204],[121.133399,31.719204],[121.135125,31.719362],[121.135129,31.719363],[121.135134,31.719364],[121.135138,31.719365],[121.135142,31.719367],[121.136668,31.72007],[121.136672,31.720072],[121.136676,31.720075],[121.13668,31.720078],[121.136683,31.720081],[121.137969,31.72156],[121.137971,31.721563],[121.137973,31.721566],[121.137975,31.721569],[121.13863,31.723106],[121.138631,31.723109],[121.138632,31.723112],[121.138632,31.723115],[121.138632,31.723119],[121.138626,31.724627],[121.138626,31.72463],[121.138625,31.724633],[121.138624,31.724637],[121.138623,31.72464],[121.138621,31.724643],[121.13766,31.726334],[121.137658,31.726337],[121.137656,31.726339],[121.137653,31.726342],[121.137651,31.726345],[121.137648,31.726347],[121.136262,31.727287],[121.136258,31.727289],[121.136254,31.727291],[121.136249,31.727293],[121.136245,31.727294],[121.13624,31.727295],[121.13222,31.72779]]]},"properties":{"cluster_id":33,"lat":31.730326980198026,"lon":121.12850114851486,"count":139,"dwell_minutes":415791.5,"center_method":"duration_weighted_stop_medoid","radius_m":6000.0,"type":"anchorage","distance_to_coast":4217.04787788762,"inside_china_land":false,"land_overlap_action":"land_area_clipped","terminal_overlap_action":"terminal_area_clipped"}},{"type":"Feature","geometry":{"type":"Polygon","coordinates":[[[119.990346,26.445678],[119.986638,26.439467],[119.981648,26.434022],[119.975567,26.429553],[119.96863,26.426233],[119.961103,26.424188],[119.953274,26.423498],[119.945446,26.424188],[119.937919,26.426233],[119.930982,26.429553],[119.924901,26.434022],[119.919911,26.439467],[119.916203,26.445678],[119.91392,26.452417],[119.913149,26.459426],[119.91392,26.466434],[119.916203,26.473172],[119.919911,26.479381],[119.924901,26.484824],[119.930982,26.48929],[119.937919,26.492609],[119.945446,26.494653],[119.953274,26.495343],[119.961103,26.494653],[119.96863,26.492609],[119.975567,26.48929],[119.981648,26.484824],[119.986638,26.479381],[119.990346,26.473172],[119.992629,26.466434],[119.9934,26.459426],[119.992629,26.452417],[119.990346,26.445678]]]},"properties":{"cluster_id":34,"lat":26.459425734177216,"lon":119.95327441772152,"count":504,"dwell_minutes":1365402.7333333334,"center_method":"duration_weighted_stop_medoid","radius_m":4466.766208882637,"type":"anchorage","distance_to_coast":10835.73035056534,"inside_china_land":false,"land_overlap_action":"unchanged","terminal_overlap_action":"unchanged"}},{"type":"Feature","geometry":{"type":"Polygon","coordinates":[[[116.87456,23.25492],[116.872823,23.251934],[116.870485,23.249317],[116.867637,23.247169],[116.864387,23.245573],[116.86086,23.24459],[116.857193,23.244258],[116.853526,23.24459],[116.849999,23.245573],[116.846749,23.247169],[116.843901,23.249317],[116.841563,23.251934],[116.839826,23.25492],[116.838756,23.25816],[116.838395,23.261529],[116.838756,23.264898],[116.839826,23.268138],[116.841563,23.271124],[116.843901,23.273741],[116.846749,23.275888],[116.849999,23.277484],[116.853526,23.278467],[116.857193,23.278798],[116.86086,23.278467],[116.864387,23.277484],[116.867637,23.275888],[116.870485,23.273741],[116.872823,23.271124],[116.87456,23.268138],[116.87563,23.264898],[116.875991,23.261529],[116.87563,23.25816],[116.87456,23.25492]]]},"properties":{"cluster_id":35,"lat":23.261529282608695,"lon":116.85719304347826,"count":67,"dwell_minutes":192666.2,"center_method":"duration_weighted_stop_medoid","radius_m":2092.6175192136234,"type":"anchorage","distance_to_coast":6592.6322930500455,"inside_china_land":false,"land_overlap_action":"unchanged","terminal_overlap_action":"unchanged"}},{"type":"Feature","geometry":{"type":"Polygon","coordinates":[[[113.78108,22.133067],[113.777178,22.130652],[113.772576,22.129804],[113.767974,22.130652],[113.764073,22.133067],[113.761466,22.13668],[113.76055,22.140943],[113.761466,22.145206],[113.764073,22.14882],[113.767974,22.151234],[113.772576,22.152082],[113.777178,22.151234],[113.78108,22.14882],[113.783687,22.145206],[113.784602,22.140943],[113.783687,22.13668],[113.78108,22.133067]]]},"properties":{"cluster_id":37,"lat":22.140943306666667,"lon":113.77257634666664,"count":26,"dwell_minutes":61789.21666666667,"center_method":"duration_weighted_stop_medoid","radius_m":1338.7229996740969,"type":"anchorage","distance_to_coast":16889.38043162592,"inside_china_land":false,"land_overlap_action":"unchanged","terminal_overlap_action":"unchanged"}},{"type":"Feature","geometry":{"type":"Polygon","coordinates":[[[110.753159,21.051902],[110.749836,21.0461],[110.745364,21.041015],[110.739915,21.036841],[110.733698,21.033739],[110.726953,21.031829],[110.719937,21.031184],[110.712922,21.031829],[110.706176,21.033739],[110.699959,21.036841],[110.69451,21.041015],[110.690038,21.0461],[110.686715,21.051902],[110.684669,21.058198],[110.683978,21.064744],[110.684669,21.071291],[110.686715,21.077585],[110.690038,21.083386],[110.69451,21.08847],[110.699959,21.092643],[110.706176,21.095743],[110.712922,21.097652],[110.719937,21.098297],[110.726953,21.097652],[110.733698,21.095743],[110.739915,21.092643],[110.745364,21.08847],[110.749836,21.083386],[110.753159,21.077585],[110.755206,21.071291],[110.755897,21.064744],[110.755206,21.058198],[110.753159,21.051902]]]},"properties":{"cluster_id":38,"lat":21.064744469135803,"lon":110.71993735802468,"count":163,"dwell_minutes":560144.9833333334,"center_method":"duration_weighted_stop_medoid","radius_m":4002.970707040432,"type":"anchorage","distance_to_coast":17221.354132952634,"inside_china_land":false,"land_overlap_action":"unchanged","terminal_overlap_action":"unchanged"}},{"type":"Feature","geometry":{"type":"Polygon","coordinates":[[[119.119524,24.970568],[119.116714,24.965802],[119.112932,24.961624],[119.108324,24.958196],[119.103067,24.955648],[119.097363,24.954079],[119.09143,24.95355],[119.085498,24.954079],[119.079794,24.955648],[119.074537,24.958196],[119.069929,24.961624],[119.066147,24.965802],[119.063337,24.970568],[119.061607,24.975739],[119.061022,24.981116],[119.061607,24.986493],[119.063337,24.991664],[119.066147,24.996429],[119.069929,25.000605],[119.074537,25.004032],[119.079794,25.006579],[119.085498,25.008147],[119.09143,25.008676],[119.097363,25.008147],[119.103067,25.006579],[119.108324,25.004032],[119.112932,25.000605],[119.116714,24.996429],[119.119524,24.991664],[119.121254,24.986493],[119.121839,24.981116],[119.121254,24.975739],[119.119524,24.970568]]]},"properties":{"cluster_id":39,"lat":24.98111610612245,"lon":119.09143044081632,"count":55,"dwell_minutes":180203.21666666667,"center_method":"duration_weighted_stop_medoid","radius_m":3385.0207809399594,"type":"anchorage","distance_to_coast":8600.651470474302,"inside_china_land":false,"land_overlap_action":"unchanged","terminal_overlap_action":"unchanged"}},{"type":"Feature","geometry":{"type":"Polygon","coordinates":[[[119.898819,35.458355],[119.89283,35.455096],[119.885767,35.453951],[119.878703,35.455096],[119.872715,35.458355],[119.868713,35.463232],[119.867308,35.468986],[119.868713,35.474738],[119.872715,35.479615],[119.878703,35.482873],[119.885767,35.484017],[119.89283,35.482873],[119.898819,35.479615],[119.90282,35.474738],[119.904225,35.468986],[119.90282,35.463232],[119.898819,35.458355]]]},"properties":{"cluster_id":42,"lat":35.468985509090906,"lon":119.88576674545456,"count":150,"dwell_minutes":454435.43333333335,"center_method":"duration_weighted_stop_medoid","radius_m":2054.7809734865355,"type":"anchorage","distance_to_coast":18972.860344195127,"inside_china_land":false,"land_overlap_action":"unchanged","terminal_overlap_action":"unchanged"}},{"type":"Feature","geometry":{"type":"Polygon","coordinates":[[[108.689311,21.46762],[108.684958,21.464913],[108.679824,21.463963],[108.674689,21.464913],[108.670337,21.46762],[108.667428,21.47167],[108.666407,21.476448],[108.667428,21.481226],[108.670337,21.485276],[108.674689,21.487982],[108.679824,21.488933],[108.684958,21.487982],[108.689311,21.485276],[108.692219,21.481226],[108.69324,21.476448],[108.692219,21.47167],[108.689311,21.46762]]]},"properties":{"cluster_id":48,"lat":21.476448135416664,"lon":108.67982367708332,"count":54,"dwell_minutes":192476.93333333332,"center_method":"duration_weighted_stop_medoid","radius_m":1493.5161731891797,"type":"anchorage","distance_to_coast":16808.55312319267,"inside_china_land":false,"land_overlap_action":"unchanged","terminal_overlap_action":"unchanged"}},{"type":"Feature","geometry":{"type":"Polygon","coordinates":[[[121.8266,30.191085],[121.824481,30.187658],[121.82163,30.184655],[121.818155,30.18219],[121.814191,30.180358],[121.809889,30.17923],[121.805416,30.17885],[121.800943,30.17923],[121.796641,30.180358],[121.792677,30.18219],[121.789203,30.184655],[121.786351,30.187658],[121.784232,30.191085],[121.782927,30.194803],[121.782487,30.198669],[121.782927,30.202535],[121.784232,30.206253],[121.786351,30.209678],[121.789203,30.212681],[121.792677,30.215145],[121.796641,30.216976],[121.800943,30.218104],[121.805416,30.218485],[121.809889,30.218104],[121.814191,30.216976],[121.818155,30.215145],[121.82163,30.212681],[121.824481,30.209678],[121.8266,30.206253],[121.827905,30.202535],[121.828345,30.198669],[121.827905,30.194803],[121.8266,30.191085]]]},"properties":{"cluster_id":50,"lat":30.19866908955224,"lon":121.805416119403,"count":223,"dwell_minutes":773986.5166666666,"center_method":"duration_weighted_stop_medoid","radius_m":2552.4801593300585,"type":"anchorage","distance_to_coast":15303.709466678092,"inside_china_land":false,"land_overlap_action":"unchanged","terminal_overlap_action":"unchanged"}},{"type":"Feature","geometry":{"type":"Polygon","coordinates":[[[120.896753,33.28274],[120.894679,33.279496],[120.891888,33.276653],[120.888487,33.27432],[120.884607,33.272586],[120.880396,33.271518],[120.876018,33.271157],[120.87164,33.271518],[120.867429,33.272586],[120.863549,33.27432],[120.860148,33.276653],[120.857357,33.279496],[120.855283,33.28274],[120.854006,33.28626],[120.853575,33.28992],[120.854006,33.29358],[120.855283,33.297099],[120.857357,33.300342],[120.860148,33.303184],[120.863549,33.305517],[120.867429,33.30725],[120.87164,33.308318],[120.876018,33.308678],[120.880396,33.308318],[120.884607,33.30725],[120.888487,33.305517],[120.891888,33.303184],[120.894679,33.300342],[120.896753,33.297099],[120.89803,33.29358],[120.898461,33.28992],[120.89803,33.28626],[120.896753,33.28274]]]},"properties":{"cluster_id":51,"lat":33.28991977528089,"lon":120.87601800561798,"count":47,"dwell_minutes":159426.51666666666,"center_method":"duration_weighted_stop_medoid","radius_m":2498.3707411256587,"type":"anchorage","distance_to_coast":14259.00067797125,"inside_china_land":false,"land_overlap_action":"unchanged","terminal_overlap_action":"unchanged"}},{"type":"Feature","geometry":{"type":"Polygon","coordinates":[[[119.843415,25.769905],[119.838913,25.767196],[119.833603,25.766245],[119.828292,25.767196],[119.82379,25.769905],[119.820782,25.773959],[119.819726,25.778741],[119.820782,25.783523],[119.82379,25.787577],[119.828292,25.790286],[119.833603,25.791237],[119.838913,25.790286],[119.843415,25.787577],[119.846424,25.783523],[119.84748,25.778741],[119.846424,25.773959],[119.843415,25.769905]]]},"properties":{"cluster_id":56,"lat":25.778741330578512,"lon":119.8336027355372,"count":76,"dwell_minutes":197335.0,"center_method":"duration_weighted_stop_medoid","radius_m":1544.8028867467633,"type":"anchorage","distance_to_coast":15862.348597823237,"inside_china_land":false,"land_overlap_action":"unchanged","terminal_overlap_action":"unchanged"}},{"type":"Feature","geometry":{"type":"Polygon","coordinates":[[[119.817559,25.95181],[119.815664,25.948621],[119.813113,25.945826],[119.810004,25.943532],[119.806458,25.941827],[119.80261,25.940778],[119.798608,25.940423],[119.794606,25.940778],[119.790758,25.941827],[119.787211,25.943532],[119.784103,25.945826],[119.781552,25.948621],[119.779656,25.95181],[119.778489,25.95527],[119.778094,25.958868],[119.778489,25.962466],[119.779656,25.965926],[119.781552,25.969115],[119.784103,25.971909],[119.787211,25.974203],[119.790758,25.975907],[119.794606,25.976956],[119.798608,25.97731],[119.80261,25.976956],[119.806458,25.975907],[119.810004,25.974203],[119.813113,25.971909],[119.815664,25.969115],[119.817559,25.965926],[119.818727,25.962466],[119.819121,25.958868],[119.818727,25.95527],[119.817559,25.95181]]]},"properties":{"cluster_id":57,"lat":25.9588683,"lon":119.79860764285714,"count":50,"dwell_minutes":141208.7666666667,"center_method":"duration_weighted_stop_medoid","radius_m":2283.5205921633706,"type":"anchorage","distance_to_coast":11173.88228455943,"inside_china_land":false,"land_overlap_action":"unchanged","terminal_overlap_action":"unchanged"}},{"type":"Feature","geometry":{"type":"Polygon","coordinates":[[[120.582175,33.884796],[120.580108,33.881586],[120.577327,33.878771],[120.573937,33.876462],[120.57007,33.874746],[120.565874,33.873689],[120.56151,33.873332],[120.557146,33.873689],[120.55295,33.874746],[120.549083,33.876462],[120.545693,33.878771],[120.542911,33.881586],[120.540844,33.884796],[120.539571,33.888279],[120.539142,33.891902],[120.539571,33.895524],[120.540844,33.899007],[120.542911,33.902217],[120.545693,33.90503],[120.549083,33.907339],[120.55295,33.909054],[120.557146,33.910111],[120.56151,33.910467],[120.565874,33.910111],[120.57007,33.909054],[120.573937,33.907339],[120.577327,33.90503],[120.580108,33.902217],[120.582175,33.899007],[120.583448,33.895524],[120.583878,33.891902],[120.583448,33.888279],[120.582175,33.884796]]]},"properties":{"cluster_id":62,"lat":33.89190176271187,"lon":120.56150981355933,"count":25,"dwell_minutes":69916.81666666668,"center_method":"duration_weighted_stop_medoid","radius_m":2490.0148676635627,"type":"anchorage","distance_to_coast":15726.105688596295,"inside_china_land":false,"land_overlap_action":"unchanged","terminal_overlap_action":"unchanged"}},{"type":"Feature","geometry":{"type":"Polygon","coordinates":[[[120.483343,33.817918],[120.480777,33.818801],[120.479715,33.820932],[120.480777,33.823063],[120.483343,33.823946],[120.485908,33.823063],[120.48697,33.820932],[120.485908,33.818801],[120.483343,33.817918]]]},"properties":{"cluster_id":63,"lat":33.82093227058824,"lon":120.48334252941176,"count":10,"dwell_minutes":46011.2,"center_method":"duration_weighted_stop_medoid","radius_m":403.8573546817309,"type":"anchorage","distance_to_coast":4162.80899655531,"inside_china_land":false,"land_overlap_action":"unchanged","terminal_overlap_action":"unchanged"}},{"type":"Feature","geometry":{"type":"Polygon","coordinates":[[[120.416315,35.962486],[120.414045,35.959048],[120.41099,35.956035],[120.407267,35.953562],[120.40302,35.951724],[120.398412,35.950593],[120.393619,35.950211],[120.388827,35.950593],[120.384218,35.951724],[120.379971,35.953562],[120.376249,35.956035],[120.373193,35.959048],[120.370923,35.962486],[120.369525,35.966216],[120.369053,35.970095],[120.369525,35.973974],[120.370923,35.977703],[120.373193,35.98114],[120.376249,35.984152],[120.379971,35.986624],[120.384218,35.988461],[120.388827,35.989592],[120.393619,35.989974],[120.398412,35.989592],[120.40302,35.988461],[120.407267,35.986624],[120.41099,35.984152],[120.414045,35.98114],[120.416315,35.977703],[120.417713,35.973974],[120.418185,35.970095],[120.417713,35.966216],[120.416315,35.962486]]]},"properties":{"cluster_id":64,"lat":35.97009495041323,"lon":120.39361918181818,"count":68,"dwell_minutes":213607.05,"center_method":"duration_weighted_stop_medoid","radius_m":2734.6573104269773,"type":"anchorage","distance_to_coast":10105.88089104984,"inside_china_land":false,"land_overlap_action":"unchanged","terminal_overlap_action":"unchanged"}},{"type":"Feature","geometry":{"type":"Polygon","coordinates":[[[122.049693,38.873361],[122.045397,38.867102],[122.039615,38.861617],[122.032569,38.857114],[122.024531,38.853768],[122.015809,38.851708],[122.006738,38.851012],[121.997668,38.851708],[121.988946,38.853768],[121.980908,38.857114],[121.973862,38.861617],[121.96808,38.867102],[121.963783,38.873361],[121.961138,38.880151],[121.960244,38.887211],[121.961138,38.894271],[121.963783,38.90106],[121.96808,38.907315],[121.973862,38.912797],[121.980908,38.917296],[121.988946,38.920639],[121.997668,38.922697],[122.006738,38.923392],[122.015809,38.922697],[122.024531,38.920639],[122.032569,38.917296],[122.039615,38.912797],[122.045397,38.907315],[122.049693,38.90106],[122.052339,38.894271],[122.053232,38.887211],[122.052339,38.880151],[122.049693,38.873361]]]},"properties":{"cluster_id":69,"lat":38.88721147395834,"lon":122.00673834895834,"count":43,"dwell_minutes":128679.88333333332,"center_method":"duration_weighted_stop_medoid","radius_m":5175.693788906727,"type":"anchorage","distance_to_coast":17081.374089261044,"inside_china_land":false,"land_overlap_action":"unchanged","terminal_overlap_action":"unchanged"}},{"type":"Feature","geometry":{"type":"Polygon","coordinates":[[[121.286488,31.632079],[121.284097,31.628272],[121.280881,31.624934],[121.276961,31.622195],[121.27249,31.62016],[121.267637,31.618907],[121.262591,31.618483],[121.261424,31.618581],[121.236928,31.63876],[121.236726,31.640506],[121.237223,31.644802],[121.238695,31.648933],[121.241085,31.652739],[121.244302,31.656076],[121.248222,31.658814],[121.252693,31.660848],[121.257545,31.662101],[121.262591,31.662524],[121.267637,31.662101],[121.27249,31.660848],[121.276961,31.658814],[121.280881,31.656076],[121.284097,31.652739],[121.286488,31.648933],[121.287959,31.644802],[121.288456,31.640506],[121.287959,31.63621],[121.286488,31.632079]]]},"properties":{"cluster_id":74,"lat":31.640506377308707,"lon":121.26259139577836,"count":58,"dwell_minutes":154704.35,"center_method":"duration_weighted_stop_medoid","radius_m":2879.278114262324,"type":"anchorage","distance_to_coast":5150.504253504596,"inside_china_land":false,"land_overlap_action":"land_area_clipped","terminal_overlap_action":"unchanged"}},{"type":"Feature","geometry":{"type":"Polygon","coordinates":[[[122.006068,40.681975],[122.003249,40.680546],[121.999923,40.680045],[121.996598,40.680546],[121.993779,40.681975],[121.991895,40.684112],[121.991234,40.686634],[121.991895,40.689155],[121.993779,40.691293],[121.996598,40.692721],[121.999923,40.693223],[122.003249,40.692721],[122.006068,40.691293],[122.007951,40.689155],[122.008613,40.686634],[122.007951,40.684112],[122.006068,40.681975]]]},"properties":{"cluster_id":78,"lat":40.68663392105263,"lon":121.99992326315788,"count":28,"dwell_minutes":72077.43333333333,"center_method":"duration_weighted_stop_medoid","radius_m":967.285194079566,"type":"anchorage","distance_to_coast":10232.138852096408,"inside_china_land":false,"land_overlap_action":"unchanged","terminal_overlap_action":"unchanged"}},{"type":"Feature","geometry":{"type":"Polygon","coordinates":[[[120.069011,39.982691],[120.066074,39.97848],[120.062121,39.97479],[120.057306,39.971761],[120.051811,39.96951],[120.045849,39.968124],[120.039649,39.967656],[120.033449,39.968124],[120.027487,39.96951],[120.021992,39.971761],[120.017176,39.97479],[120.013224,39.97848],[120.010287,39.982691],[120.008479,39.987259],[120.007868,39.992009],[120.008479,39.996759],[120.010287,40.001326],[120.013224,40.005535],[120.017176,40.009224],[120.021992,40.012251],[120.027487,40.0145],[120.033449,40.015885],[120.039649,40.016353],[120.045849,40.015885],[120.051811,40.0145],[120.057306,40.012251],[120.062121,40.009224],[120.066074,40.005535],[120.069011,40.001326],[120.070819,39.996759],[120.07143,39.992009],[120.070819,39.987259],[120.069011,39.982691]]]},"properties":{"cluster_id":79,"lat":39.99200891954023,"lon":120.0396489770115,"count":28,"dwell_minutes":75558.65,"center_method":"duration_weighted_stop_medoid","radius_m":3537.836358006727,"type":"anchorage","distance_to_coast":12069.35230791481,"inside_china_land":false,"land_overlap_action":"unchanged","terminal_overlap_action":"unchanged"}},{"type":"Feature","geometry":{"type":"Polygon","coordinates":[[[118.994042,37.367552],[118.992418,37.368086],[118.991745,37.369377],[118.992418,37.370668],[118.994042,37.371203],[118.995666,37.370668],[118.996339,37.369377],[118.995666,37.368086],[118.994042,37.367552]]]},"properties":{"cluster_id":86,"lat":37.36937708928571,"lon":118.99404207142857,"count":16,"dwell_minutes":46761.933333333334,"center_method":"duration_weighted_stop_medoid","radius_m":255.6907602713268,"type":"anchorage","distance_to_coast":5368.681560776948,"inside_china_land":false,"land_overlap_action":"unchanged","terminal_overlap_action":"unchanged"}},{"type":"Feature","geometry":{"type":"Polygon","coordinates":[[[121.802155,28.645942],[121.798446,28.639853],[121.793456,28.634516],[121.787375,28.630136],[121.780437,28.626881],[121.77291,28.624877],[121.765081,28.6242],[121.757252,28.624877],[121.749725,28.626881],[121.742787,28.630136],[121.736706,28.634516],[121.731716,28.639853],[121.728007,28.645942],[121.725724,28.652548],[121.724953,28.659418],[121.725724,28.666287],[121.728007,28.672892],[121.731716,28.678978],[121.736706,28.684313],[121.742787,28.688691],[121.749725,28.691944],[121.757252,28.693947],[121.765081,28.694624],[121.77291,28.693947],[121.780437,28.691944],[121.787375,28.688691],[121.793456,28.684313],[121.798446,28.678978],[121.802155,28.672892],[121.804438,28.666287],[121.805209,28.659418],[121.804438,28.652548],[121.802155,28.645942]]]},"properties":{"cluster_id":87,"lat":28.65941754761905,"lon":121.765081,"count":77,"dwell_minutes":210665.7,"center_method":"duration_weighted_stop_medoid","radius_m":4467.0515177884345,"type":"anchorage","distance_to_coast":18706.862807797035,"inside_china_land":false,"land_overlap_action":"unchanged","terminal_overlap_action":"unchanged"}},{"type":"Feature","geometry":{"type":"Polygon","coordinates":[[[122.285483,30.128724],[122.280928,30.121354],[122.274799,30.114893],[122.26733,30.109591],[122.258809,30.105651],[122.255596,30.104808],[122.255073,30.105188],[122.25286,30.106496],[122.24342,30.1115],[122.242381,30.11199],[122.242229,30.112867],[122.242228,30.112871],[122.242227,30.112874],[122.242225,30.112878],[122.242223,30.112881],[122.24112,30.114521],[122.241117,30.114524],[122.241115,30.114527],[122.241112,30.114529],[122.241109,30.114532],[122.241106,30.114534],[122.239652,30.115394],[122.239648,30.115396],[122.239644,30.115397],[122.23964,30.115399],[122.239635,30.1154],[122.237911,30.11571],[122.237906,30.11571],[122.237901,30.11571],[122.237896,30.11571],[122.234571,30.11539],[122.234566,30.115389],[122.234561,30.115388],[122.234557,30.115387],[122.234553,30.115385],[122.233814,30.115006],[122.212997,30.121489],[122.210265,30.122201],[122.20746,30.122659],[122.204615,30.122859],[122.197938,30.123019],[122.194412,30.128724],[122.191608,30.13672],[122.190661,30.145036],[122.191608,30.15335],[122.194412,30.161345],[122.198967,30.168712],[122.205096,30.175169],[122.212565,30.180468],[122.221086,30.184405],[122.230332,30.186829],[122.239948,30.187648],[122.249563,30.186829],[122.258809,30.184405],[122.26733,30.180468],[122.274799,30.175169],[122.280928,30.168712],[122.285483,30.161345],[122.288288,30.15335],[122.289235,30.145036],[122.288288,30.13672],[122.285483,30.128724]]]},"properties":{"cluster_id":88,"lat":30.14503577631579,"lon":122.23994767105262,"count":10,"dwell_minutes":24986.15,"center_method":"duration_weighted_stop_medoid","radius_m":5486.607847575637,"type":"anchorage","distance_to_coast":6867.861820058169,"inside_china_land":false,"land_overlap_action":"land_area_clipped","terminal_overlap_action":"terminal_area_clipped"}},{"type":"Feature","geometry":{"type":"Polygon","coordinates":[[[111.245314,21.331089],[111.242293,21.325824],[111.238227,21.321209],[111.233273,21.317421],[111.227621,21.314607],[111.221488,21.312874],[111.21511,21.312289],[111.208732,21.312874],[111.202599,21.314607],[111.196947,21.317421],[111.191993,21.321209],[111.187928,21.325824],[111.184907,21.331089],[111.183046,21.336801],[111.182418,21.342742],[111.183046,21.348682],[111.184907,21.354394],[111.187928,21.359658],[111.191993,21.364272],[111.196947,21.368058],[111.202599,21.370872],[111.208732,21.372604],[111.21511,21.373189],[111.221488,21.372604],[111.227621,21.370872],[111.233273,21.368058],[111.238227,21.364272],[111.242293,21.359658],[111.245314,21.354394],[111.247174,21.348682],[111.247802,21.342742],[111.247174,21.336801],[111.245314,21.331089]]]},"properties":{"cluster_id":90,"lat":21.34274200431034,"lon":111.21511014655172,"count":17,"dwell_minutes":63866.9,"center_method":"duration_weighted_stop_medoid","radius_m":3639.2748807833177,"type":"anchorage","distance_to_coast":12884.88454278747,"inside_china_land":false,"land_overlap_action":"unchanged","terminal_overlap_action":"unchanged"}},{"type":"Feature","geometry":{"type":"Polygon","coordinates":[[[111.811962,21.528912],[111.805964,21.525184],[111.798889,21.523875],[111.791814,21.525184],[111.785816,21.528912],[111.781808,21.534491],[111.780401,21.541072],[111.781808,21.547653],[111.785816,21.553232],[111.785845,21.55325],[111.78606,21.552865],[111.787459,21.550861],[111.789057,21.54899],[111.790839,21.547269],[111.79279,21.545714],[111.79489,21.544338],[111.797122,21.543155],[111.799465,21.542174],[111.801898,21.541406],[111.815,21.537906],[111.816623,21.537544],[111.81597,21.534491],[111.811962,21.528912]]]},"properties":{"cluster_id":94,"lat":21.54107244927536,"lon":111.79888907246377,"count":19,"dwell_minutes":83635.23333333335,"center_method":"duration_weighted_stop_medoid","radius_m":2058.095931459244,"type":"anchorage","distance_to_coast":3146.2129889556736,"inside_china_land":false,"land_overlap_action":"land_area_clipped","terminal_overlap_action":"unchanged"}},{"type":"Feature","geometry":{"type":"Polygon","coordinates":[[[118.282093,24.315162],[118.278406,24.308875],[118.273443,24.303364],[118.267396,24.298841],[118.260498,24.29548],[118.253012,24.293411],[118.245227,24.292712],[118.237442,24.293411],[118.229957,24.29548],[118.223058,24.298841],[118.217011,24.303364],[118.212048,24.308875],[118.208361,24.315162],[118.20609,24.321983],[118.205323,24.329077],[118.20609,24.33617],[118.208361,24.342991],[118.212048,24.349276],[118.217011,24.354785],[118.223058,24.359306],[118.229957,24.362665],[118.237442,24.364734],[118.245227,24.365432],[118.253012,24.364734],[118.260498,24.362665],[118.267396,24.359306],[118.273443,24.354785],[118.278406,24.349276],[118.282093,24.342991],[118.284364,24.33617],[118.285131,24.329077],[118.284364,24.321983],[118.282093,24.315162]]]},"properties":{"cluster_id":95,"lat":24.329077095588236,"lon":118.24522707352942,"count":68,"dwell_minutes":167648.08333333334,"center_method":"duration_weighted_stop_medoid","radius_m":4442.075668222296,"type":"anchorage","distance_to_coast":9819.042204808087,"inside_china_land":false,"land_overlap_action":"unchanged","terminal_overlap_action":"unchanged"}},{"type":"Feature","geometry":{"type":"Polygon","coordinates":[[[113.673292,21.957726],[113.671272,21.954221],[113.668553,21.951149],[113.665241,21.948627],[113.661462,21.946753],[113.657361,21.9456],[113.653097,21.94521],[113.648832,21.9456],[113.644731,21.946753],[113.640952,21.948627],[113.63764,21.951149],[113.634921,21.954221],[113.632901,21.957726],[113.631657,21.961529],[113.631237,21.965484],[113.631657,21.969439],[113.632901,21.973242],[113.634921,21.976747],[113.63764,21.979818],[113.640952,21.982339],[113.644731,21.984212],[113.648832,21.985366],[113.653097,21.985755],[113.657361,21.985366],[113.661462,21.984212],[113.665241,21.982339],[113.668553,21.979818],[113.671272,21.976747],[113.673292,21.973242],[113.674536,21.969439],[113.674956,21.965484],[113.674536,21.961529],[113.673292,21.957726]]]},"properties":{"cluster_id":98,"lat":21.96548413235294,"lon":113.65309660294118,"count":8,"dwell_minutes":19449.95,"center_method":"duration_weighted_stop_medoid","radius_m":2433.3709644364967,"type":"anchorage","distance_to_coast":9879.995633183622,"inside_china_land":false,"land_overlap_action":"unchanged","terminal_overlap_action":"unchanged"}},{"type":"Feature","geometry":{"type":"Polygon","coordinates":[[[121.122849,40.696066],[121.118212,40.693717],[121.112742,40.692892],[121.107273,40.693717],[121.102636,40.696066],[121.099537,40.699582],[121.098449,40.703728],[121.099537,40.707875],[121.102636,40.71139],[121.107273,40.713738],[121.112742,40.714563],[121.118212,40.713738],[121.122849,40.71139],[121.125947,40.707875],[121.127035,40.703728],[121.125947,40.699582],[121.122849,40.696066]]]},"properties":{"cluster_id":99,"lat":40.70372843678161,"lon":121.11274222988506,"count":48,"dwell_minutes":148700.56666666668,"center_method":"duration_weighted_stop_medoid","radius_m":1591.0965700158758,"type":"anchorage","distance_to_coast":10495.03502493451,"inside_china_land":false,"land_overlap_action":"unchanged","terminal_overlap_action":"unchanged"}},{"type":"Feature","geometry":{"type":"Polygon","coordinates":[[[110.047849,20.001443],[110.046234,19.999512],[110.04604,19.999226],[110.0432,19.998497],[110.040871,19.997791],[110.038619,19.996889],[110.026809,19.991549],[110.02469,19.991945],[110.018855,19.995609],[110.014957,20.001092],[110.013588,20.007559],[110.014957,20.014027],[110.018855,20.019509],[110.02469,20.023173],[110.031573,20.024459],[110.038456,20.023173],[110.044291,20.019509],[110.04819,20.014027],[110.049559,20.007559],[110.048373,20.001959],[110.047849,20.001443]]]},"properties":{"cluster_id":100,"lat":20.00755945712484,"lon":110.03157326860024,"count":53,"dwell_minutes":192122.31666666668,"center_method":"duration_weighted_stop_medoid","radius_m":2002.1661361269917,"type":"anchorage","distance_to_coast":4479.182205286314,"inside_china_land":false,"land_overlap_action":"land_area_clipped","terminal_overlap_action":"unchanged"}},{"type":"Feature","geometry":{"type":"Polygon","coordinates":[[[117.882761,38.318623],[117.880536,38.317457],[117.877911,38.317047],[117.875287,38.317457],[117.873061,38.318623],[117.871575,38.320369],[117.871052,38.322429],[117.871575,38.324488],[117.873061,38.326233],[117.875287,38.3274],[117.877911,38.327809],[117.880536,38.3274],[117.882761,38.326233],[117.884248,38.324488],[117.88477,38.322429],[117.884248,38.320369],[117.882761,38.318623]]]},"properties":{"cluster_id":103,"lat":38.32242854794521,"lon":117.87791139726026,"count":100,"dwell_minutes":203827.78333333333,"center_method":"duration_weighted_stop_medoid","radius_m":763.5302211506904,"type":"anchorage","distance_to_coast":8478.985113162526,"inside_china_land":false,"land_overlap_action":"unchanged","terminal_overlap_action":"unchanged"}},{"type":"Feature","geometry":{"type":"Polygon","coordinates":[[[115.667955,22.722388],[115.664489,22.716407],[115.659824,22.711163],[115.65414,22.70686],[115.647655,22.703663],[115.640618,22.701694],[115.633301,22.701029],[115.625983,22.701694],[115.618947,22.703663],[115.612462,22.70686],[115.606778,22.711163],[115.605428,22.71268],[115.613092,22.724245],[115.614353,22.726376],[115.615383,22.728609],[115.616172,22.730925],[115.616713,22.7333],[115.616999,22.735712],[115.617029,22.738139],[115.616802,22.740557],[115.616321,22.742943],[115.61559,22.745274],[115.614615,22.747528],[115.610709,22.755422],[115.609445,22.757666],[115.60794,22.75978],[115.607312,22.760492],[115.612462,22.764389],[115.618947,22.767585],[115.625983,22.769553],[115.633301,22.770218],[115.640618,22.769553],[115.647655,22.767585],[115.65414,22.764389],[115.659824,22.760088],[115.664489,22.754846],[115.667955,22.748866],[115.670089,22.742377],[115.67081,22.735628],[115.670089,22.728878],[115.667955,22.722388]]]},"properties":{"cluster_id":105,"lat":22.7356276614786,"lon":115.63330080933852,"count":183,"dwell_minutes":588265.1,"center_method":"duration_weighted_stop_medoid","radius_m":4175.496683759276,"type":"anchorage","distance_to_coast":4813.046392614753,"inside_china_land":false,"land_overlap_action":"land_area_clipped","terminal_overlap_action":"unchanged"}},{"type":"Feature","geometry":{"type":"Polygon","coordinates":[[[113.909424,22.078014],[113.904549,22.074995],[113.898797,22.073935],[113.893046,22.074995],[113.88817,22.078014],[113.884913,22.082532],[113.883769,22.087861],[113.884913,22.09319],[113.88817,22.097708],[113.893046,22.100726],[113.898797,22.101786],[113.904549,22.100726],[113.909424,22.097708],[113.912682,22.09319],[113.913826,22.087861],[113.912682,22.082532],[113.909424,22.078014]]]},"properties":{"cluster_id":106,"lat":22.08786096875,"lon":113.898797375,"count":52,"dwell_minutes":120454.83333333334,"center_method":"duration_weighted_stop_medoid","radius_m":1672.9885136813823,"type":"anchorage","distance_to_coast":17621.229585058667,"inside_china_land":false,"land_overlap_action":"unchanged","terminal_overlap_action":"unchanged"}},{"type":"Feature","geometry":{"type":"Polygon","coordinates":[[[120.188522,37.665883],[120.184349,37.661858],[120.179264,37.658554],[120.173462,37.656099],[120.167168,37.654588],[120.160621,37.654077],[120.154075,37.654588],[120.14778,37.656099],[120.141979,37.658554],[120.136894,37.661858],[120.132721,37.665883],[120.12962,37.670475],[120.12771,37.675458],[120.127066,37.680639],[120.12771,37.68582],[120.12962,37.690801],[120.132721,37.695392],[120.136894,37.699415],[120.141979,37.702717],[120.14778,37.70517],[120.154075,37.706681],[120.160621,37.707191],[120.167168,37.706681],[120.173462,37.70517],[120.179264,37.702717],[120.184349,37.699415],[120.188522,37.695392],[120.190732,37.69212],[120.189945,37.690427],[120.189274,37.688375],[120.188864,37.68628],[120.188719,37.684164],[120.18884,37.682046],[120.189226,37.679948],[120.189874,37.677891],[120.190776,37.675895],[120.191924,37.673979],[120.192617,37.67307],[120.191622,37.670475],[120.188522,37.665883]]]},"properties":{"cluster_id":114,"lat":37.68063881012658,"lon":120.16062121518988,"count":39,"dwell_minutes":115576.85,"center_method":"duration_weighted_stop_medoid","radius_m":3735.381165598313,"type":"anchorage","distance_to_coast":6146.754143821429,"inside_china_land":false,"land_overlap_action":"land_area_clipped","terminal_overlap_action":"unchanged"}},{"type":"Feature","geometry":{"type":"Polygon","coordinates":[[[108.438658,21.451212],[108.433678,21.442539],[108.426975,21.434936],[108.418807,21.428696],[108.409489,21.42406],[108.399377,21.421205],[108.388862,21.420241],[108.378347,21.421205],[108.368236,21.42406],[108.358918,21.428696],[108.35075,21.434936],[108.344047,21.442539],[108.339066,21.451212],[108.335999,21.460622],[108.334963,21.470408],[108.335999,21.480193],[108.339066,21.489601],[108.344047,21.498272],[108.35075,21.505871],[108.358918,21.512107],[108.368236,21.516741],[108.378347,21.519594],[108.388862,21.520558],[108.399377,21.519594],[108.409489,21.516741],[108.418807,21.512107],[108.426975,21.505871],[108.433678,21.498272],[108.438658,21.489601],[108.441726,21.480193],[108.442761,21.470408],[108.441726,21.460622],[108.438658,21.451212]]]},"properties":{"cluster_id":116,"lat":21.47040784496124,"lon":108.38886233333334,"count":263,"dwell_minutes":893303.05,"center_method":"duration_weighted_stop_medoid","radius_m":6000.0,"type":"anchorage","distance_to_coast":10790.202196541515,"inside_china_land":false,"land_overlap_action":"unchanged","terminal_overlap_action":"unchanged"}},{"type":"Feature","geometry":{"type":"Polygon","coordinates":[[[113.312758,21.822123],[113.310788,21.818702],[113.308137,21.815703],[113.304907,21.813243],[113.301223,21.811414],[113.297224,21.810288],[113.293066,21.809908],[113.288908,21.810288],[113.284909,21.811414],[113.281224,21.813243],[113.277994,21.815703],[113.275344,21.818702],[113.273374,21.822123],[113.272161,21.825835],[113.271752,21.829695],[113.272161,21.833555],[113.273374,21.837266],[113.275344,21.840687],[113.277994,21.843685],[113.281224,21.846145],[113.284909,21.847973],[113.288908,21.849099],[113.293066,21.849479],[113.297224,21.849099],[113.301223,21.847973],[113.304907,21.846145],[113.308137,21.843685],[113.310788,21.840687],[113.312758,21.837266],[113.313971,21.833555],[113.31438,21.829695],[113.313971,21.825835],[113.312758,21.822123]]]},"properties":{"cluster_id":130,"lat":21.829694865853657,"lon":113.29306589024392,"count":33,"dwell_minutes":99181.31666666668,"center_method":"duration_weighted_stop_medoid","radius_m":2372.6918402292536,"type":"anchorage","distance_to_coast":7202.068469705087,"inside_china_land":false,"land_overlap_action":"unchanged","terminal_overlap_action":"unchanged"}},{"type":"Feature","geometry":{"type":"Polygon","coordinates":[[[122.628588,30.767137],[122.62339,30.764152],[122.617258,30.763104],[122.611126,30.764152],[122.605928,30.767137],[122.602454,30.771603],[122.601234,30.776872],[122.602454,30.78214],[122.605928,30.786606],[122.611126,30.78959],[122.617258,30.790638],[122.62339,30.78959],[122.628588,30.786606],[122.632062,30.78214],[122.633282,30.776872],[122.632062,30.771603],[122.628588,30.767137]]]},"properties":{"cluster_id":134,"lat":30.776872043795624,"lon":122.61725800729928,"count":23,"dwell_minutes":50641.96666666667,"center_method":"duration_weighted_stop_medoid","radius_m":1783.749807321625,"type":"anchorage","distance_to_coast":12192.70147989752,"inside_china_land":false,"land_overlap_action":"unchanged","terminal_overlap_action":"unchanged"}},{"type":"Feature","geometry":{"type":"Polygon","coordinates":[[[122.121345,30.449928],[122.116364,30.441894],[122.109661,30.434852],[122.101493,30.429073],[122.092175,30.424778],[122.082064,30.422133],[122.071549,30.42124],[122.061034,30.422133],[122.050923,30.424778],[122.041604,30.429073],[122.033436,30.434852],[122.026733,30.441894],[122.021753,30.449928],[122.018685,30.458644],[122.01765,30.467707],[122.018685,30.47677],[122.021753,30.485484],[122.026733,30.493514],[122.033436,30.500551],[122.041604,30.506327],[122.050923,30.510618],[122.061034,30.51326],[122.071549,30.514153],[122.082064,30.51326],[122.092175,30.510618],[122.101493,30.506327],[122.109661,30.500551],[122.116364,30.493514],[122.121345,30.485484],[122.124412,30.47677],[122.125448,30.467707],[122.124412,30.458644],[122.121345,30.449928]]]},"properties":{"cluster_id":135,"lat":30.467707384328357,"lon":122.07154876119404,"count":110,"dwell_minutes":331763.48333333334,"center_method":"duration_weighted_stop_medoid","radius_m":6000.0,"type":"anchorage","distance_to_coast":19964.08561135285,"inside_china_land":false,"land_overlap_action":"unchanged","terminal_overlap_action":"unchanged"}},{"type":"Feature","geometry":{"type":"Polygon","coordinates":[[[109.123528,19.727139],[109.11655,19.729132],[109.11012,19.732367],[109.104484,19.736721],[109.099858,19.742026],[109.096421,19.748078],[109.094305,19.754645],[109.09359,19.761474],[109.094305,19.768303],[109.096421,19.774869],[109.099858,19.78092],[109.104484,19.786223],[109.11012,19.790576],[109.11655,19.79381],[109.123528,19.795801],[109.130784,19.796474],[109.137061,19.795892],[109.137001,19.795631],[109.136573,19.793212],[109.136396,19.790765],[109.136471,19.788314],[109.140086,19.744342],[109.13694,19.729891],[109.136536,19.727423],[109.136511,19.726998],[109.130784,19.726467],[109.123528,19.727139]]]},"properties":{"cluster_id":140,"lat":19.76147395132743,"lon":109.13078396902654,"count":79,"dwell_minutes":281105.3166666666,"center_method":"duration_weighted_stop_medoid","radius_m":4140.40205641935,"type":"anchorage","distance_to_coast":3876.0995570304135,"inside_china_land":false,"land_overlap_action":"land_area_clipped","terminal_overlap_action":"unchanged"}},{"type":"Feature","geometry":{"type":"Polygon","coordinates":[[[113.915474,21.993082],[113.910258,21.98985],[113.904105,21.988716],[113.897953,21.98985],[113.892737,21.993082],[113.889252,21.997918],[113.888028,22.003623],[113.889252,22.009327],[113.892737,22.014163],[113.897953,22.017394],[113.904105,22.018529],[113.910258,22.017394],[113.915474,22.014163],[113.918959,22.009327],[113.920183,22.003623],[113.918959,21.997918],[113.915474,21.993082]]]},"properties":{"cluster_id":144,"lat":22.003622875,"lon":113.90410547222224,"count":8,"dwell_minutes":22941.35,"center_method":"duration_weighted_stop_medoid","radius_m":1789.757010518037,"type":"anchorage","distance_to_coast":14427.918516032923,"inside_china_land":false,"land_overlap_action":"unchanged","terminal_overlap_action":"unchanged"}},{"type":"Feature","geometry":{"type":"Polygon","coordinates":[[[116.588754,22.959294],[116.585379,22.95348],[116.580837,22.948384],[116.575302,22.944201],[116.568988,22.941093],[116.562137,22.939179],[116.555012,22.938533],[116.547887,22.939179],[116.541036,22.941093],[116.534722,22.944201],[116.533647,22.945014],[116.53973,22.952202],[116.54118,22.95409],[116.542433,22.956095],[116.543478,22.958198],[116.544305,22.960382],[116.544908,22.962627],[116.545282,22.964914],[116.546938,22.979724],[116.55606,22.98241],[116.55872,22.983338],[116.56126,22.984519],[116.563649,22.985941],[116.565863,22.987586],[116.578288,22.997863],[116.580837,22.995937],[116.585379,22.990842],[116.588754,22.98503],[116.590832,22.978722],[116.591534,22.972162],[116.590832,22.965602],[116.588754,22.959294]],[[116.541792,22.951462],[116.541787,22.951463],[116.541783,22.951464],[116.541778,22.951463],[116.541774,22.951463],[116.54177,22.951462],[116.541765,22.951461],[116.539752,22.950748],[116.539748,22.950746],[116.539744,22.950743],[116.53974,22.950741],[116.539736,22.950738],[116.538534,22.94959],[116.538531,22.949586],[116.538528,22.949583],[116.538526,22.949579],[116.538524,22.949575],[116.538523,22.949571],[116.537592,22.94608],[116.537591,22.946076],[116.537591,22.946072],[116.537591,22.946068],[116.537591,22.946064],[116.537592,22.94606],[116.537594,22.946056],[116.538379,22.944155],[116.538381,22.944152],[116.538382,22.944149],[116.538385,22.944145],[116.538387,22.944143],[116.53839,22.94414],[116.539675,22.943015],[116.539678,22.943012],[116.539682,22.94301],[116.539686,22.943008],[116.53969,22.943006],[116.542078,22.942171],[116.542082,22.94217],[116.542086,22.942169],[116.542091,22.942169],[116.542095,22.942169],[116.543867,22.942225],[116.543871,22.942225],[116.543876,22.942226],[116.54388,22.942227],[116.543884,22.942229],[116.545494,22.942912],[116.545498,22.942914],[116.545501,22.942916],[116.545504,22.942918],[116.545507,22.94292],[116.54551,22.942923],[116.546919,22.944488],[116.546922,22.944492],[116.546924,22.944496],[116.546926,22.9445],[116.547725,22.946454],[116.547726,22.946458],[116.547727,22.946462],[116.547728,22.946466],[116.547728,22.94647],[116.547653,22.948069],[116.547653,22.948073],[116.547652,22.948077],[116.547651,22.94808],[116.547649,22.948084],[116.546922,22.949537],[116.54692,22.94954],[116.546918,22.949544],[116.546915,22.949547],[116.546912,22.94955],[116.54564,22.95064],[116.545637,22.950643],[116.545633,22.950645],[116.545629,22.950647],[116.545624,22.950649],[116.54562,22.95065],[116.541792,22.951462]]]},"properties":{"cluster_id":145,"lat":22.972162450867053,"lon":116.55501215028904,"count":23,"dwell_minutes":54912.71666666667,"center_method":"duration_weighted_stop_medoid","radius_m":4065.5516356841526,"type":"anchorage","distance_to_coast":3987.749539512213,"inside_china_land":false,"land_overlap_action":"land_area_clipped","terminal_overlap_action":"terminal_area_clipped"}},{"type":"Feature","geometry":{"type":"Polygon","coordinates":[[[118.124233,38.301875],[118.122496,38.30244],[118.121777,38.303802],[118.122496,38.305165],[118.124233,38.305729],[118.125969,38.305165],[118.126688,38.303802],[118.125969,38.30244],[118.124233,38.301875]]]},"properties":{"cluster_id":148,"lat":38.30380221917808,"lon":118.124232630137,"count":18,"dwell_minutes":49087.96666666667,"center_method":"duration_weighted_stop_medoid","radius_m":273.34502294197785,"type":"anchorage","distance_to_coast":19824.777869795424,"inside_china_land":false,"land_overlap_action":"unchanged","terminal_overlap_action":"unchanged"}},{"type":"Feature","geometry":{"type":"Polygon","coordinates":[[[122.218855,29.760602],[122.217711,29.761013],[122.217238,29.762006],[122.217711,29.762998],[122.218855,29.763409],[122.219998,29.762998],[122.220472,29.762006],[122.219998,29.761013],[122.218855,29.760602]]]},"properties":{"cluster_id":151,"lat":29.7620056359447,"lon":122.21885483410138,"count":14,"dwell_minutes":341477.9166666667,"center_method":"duration_weighted_stop_medoid","radius_m":180.0,"type":"anchorage","distance_to_coast":6710.109490519474,"inside_china_land":false,"land_overlap_action":"unchanged","terminal_overlap_action":"unchanged"}},{"type":"Feature","geometry":{"type":"Polygon","coordinates":[[[117.559596,23.706772],[117.557427,23.705445],[117.554869,23.704979],[117.55231,23.705445],[117.550141,23.706772],[117.548692,23.708758],[117.548383,23.710178],[117.55012,23.71095],[117.550124,23.710952],[117.550128,23.710955],[117.550132,23.710958],[117.55143,23.712146],[117.551433,23.71215],[117.551436,23.712153],[117.551438,23.712157],[117.55144,23.712161],[117.552188,23.713961],[117.55219,23.713965],[117.552191,23.713968],[117.552191,23.713972],[117.552191,23.713976],[117.552191,23.71398],[117.551929,23.716433],[117.551928,23.716437],[117.551927,23.716441],[117.551926,23.716445],[117.551924,23.716448],[117.551893,23.7165],[117.55231,23.716755],[117.554869,23.717221],[117.557427,23.716755],[117.559596,23.715429],[117.561045,23.713443],[117.561554,23.7111],[117.561045,23.708758],[117.559596,23.706772]]]},"properties":{"cluster_id":153,"lat":23.71110012727273,"lon":117.55486852727272,"count":29,"dwell_minutes":159950.86666666664,"center_method":"duration_weighted_stop_medoid","radius_m":744.2642479441328,"type":"anchorage","distance_to_coast":4229.440377927832,"inside_china_land":false,"land_overlap_action":"unchanged","terminal_overlap_action":"terminal_area_clipped"}},{"type":"Feature","geometry":{"type":"Polygon","coordinates":[[[121.525418,37.648729],[121.521585,37.646702],[121.517064,37.64599],[121.512543,37.646702],[121.50871,37.648729],[121.506149,37.651764],[121.50525,37.655343],[121.506149,37.658923],[121.50871,37.661957],[121.512543,37.663984],[121.517064,37.664696],[121.521585,37.663984],[121.525418,37.661957],[121.527979,37.658923],[121.528878,37.655343],[121.527979,37.651764],[121.525418,37.648729]]]},"properties":{"cluster_id":156,"lat":37.65534345945946,"lon":121.51706429729732,"count":10,"dwell_minutes":33582.98333333334,"center_method":"duration_weighted_stop_medoid","radius_m":1315.140476482361,"type":"anchorage","distance_to_coast":12726.264139602785,"inside_china_land":false,"land_overlap_action":"unchanged","terminal_overlap_action":"unchanged"}},{"type":"Feature","geometry":{"type":"Polygon","coordinates":[[[110.878727,19.487869],[110.877169,19.486887],[110.875332,19.486543],[110.873494,19.486887],[110.871936,19.487869],[110.870894,19.489338],[110.870529,19.49107],[110.870894,19.492803],[110.871936,19.494271],[110.873494,19.495253],[110.875332,19.495598],[110.877169,19.495253],[110.878727,19.494271],[110.879769,19.492803],[110.880134,19.49107],[110.879769,19.489338],[110.878727,19.487869]]]},"properties":{"cluster_id":159,"lat":19.49107017977528,"lon":110.87533150561798,"count":9,"dwell_minutes":41827.28333333334,"center_method":"duration_weighted_stop_medoid","radius_m":534.6236091511196,"type":"anchorage","distance_to_coast":5480.9464180064415,"inside_china_land":false,"land_overlap_action":"unchanged","terminal_overlap_action":"unchanged"}},{"type":"Feature","geometry":{"type":"Polygon","coordinates":[[[119.584511,25.642272],[119.58139,25.637008],[119.57719,25.632394],[119.572072,25.628606],[119.566232,25.625792],[119.559896,25.624059],[119.553307,25.623474],[119.546718,25.624059],[119.540382,25.625792],[119.534542,25.628606],[119.529424,25.632394],[119.525224,25.637008],[119.522103,25.642272],[119.520181,25.647984],[119.519532,25.653924],[119.520181,25.659864],[119.522103,25.665575],[119.522573,25.666368],[119.523282,25.66648],[119.525746,25.667094],[119.528135,25.667916],[119.530427,25.668938],[119.532601,25.670151],[119.534637,25.671544],[119.536518,25.673105],[119.538227,25.674819],[119.538721,25.675421],[119.54244,25.673336],[119.542521,25.673148],[119.543672,25.670843],[119.545083,25.668659],[119.546738,25.666618],[119.548619,25.664743],[119.550706,25.663055],[119.552977,25.661571],[119.555407,25.660308],[119.560371,25.658029],[119.562932,25.657001],[119.565597,25.656218],[119.568338,25.655689],[119.571126,25.65542],[119.573929,25.655413],[119.581253,25.655738],[119.584106,25.656003],[119.586799,25.656518],[119.587082,25.653924],[119.586433,25.647984],[119.584511,25.642272]]]},"properties":{"cluster_id":162,"lat":25.65392406718346,"lon":119.55330703359174,"count":98,"dwell_minutes":503522.6499999999,"center_method":"duration_weighted_stop_medoid","radius_m":3759.855497497692,"type":"anchorage","distance_to_coast":3808.6389012857658,"inside_china_land":false,"land_overlap_action":"land_area_clipped","terminal_overlap_action":"unchanged"}},{"type":"Feature","geometry":{"type":"Polygon","coordinates":[[[121.675777,28.37383],[121.674416,28.37303],[121.674101,28.373675],[121.674099,28.373679],[121.674097,28.373682],[121.674094,28.373685],[121.674091,28.373688],[121.672817,28.37477],[121.672814,28.374773],[121.67281,28.374775],[121.672806,28.374777],[121.672801,28.374779],[121.672797,28.37478],[121.669008,28.375593],[121.669003,28.375594],[121.668999,28.375594],[121.668995,28.375594],[121.66899,28.375594],[121.668986,28.375593],[121.668982,28.375592],[121.666984,28.374951],[121.666979,28.374949],[121.666975,28.374947],[121.666971,28.374945],[121.666968,28.374942],[121.665754,28.373886],[121.665751,28.373883],[121.665748,28.37388],[121.665745,28.373876],[121.665743,28.373873],[121.664817,28.371815],[121.664816,28.371812],[121.664815,28.371808],[121.664814,28.371805],[121.664814,28.371801],[121.664809,28.371457],[121.663514,28.371684],[121.659863,28.37383],[121.658764,28.375278],[121.659051,28.376851],[121.659211,28.37919],[121.659108,28.381531],[121.659003,28.3822],[121.660232,28.382206],[121.660237,28.382206],[121.660242,28.382207],[121.660246,28.382208],[121.660251,28.382209],[121.662323,28.383047],[121.662326,28.383048],[121.66233,28.38305],[121.662333,28.383052],[121.662336,28.383055],[121.663646,28.384212],[121.663649,28.384215],[121.663652,28.384219],[121.663655,28.384222],[121.663657,28.384226],[121.664399,28.385991],[121.664401,28.385994],[121.664402,28.385998],[121.664402,28.386002],[121.664402,28.386006],[121.664402,28.38601],[121.664039,28.388242],[121.664038,28.388246],[121.664037,28.38825],[121.664036,28.388253],[121.664034,28.388256],[121.663083,28.389724],[121.663514,28.389977],[121.66782,28.390731],[121.672126,28.389977],[121.675777,28.387831],[121.678216,28.38462],[121.679073,28.380831],[121.678216,28.377042],[121.675777,28.37383]]]},"properties":{"cluster_id":164,"lat":28.380830968523004,"lon":121.66781987409202,"count":36,"dwell_minutes":188070.5333333333,"center_method":"duration_weighted_stop_medoid","radius_m":1252.6444595226578,"type":"anchorage","distance_to_coast":3962.0468467550104,"inside_china_land":false,"land_overlap_action":"land_area_clipped","terminal_overlap_action":"terminal_area_clipped"}},{"type":"Feature","geometry":{"type":"Polygon","coordinates":[[[119.175822,37.246543],[119.172539,37.247626],[119.17118,37.250238],[119.172539,37.252851],[119.175822,37.253933],[119.179104,37.252851],[119.180464,37.250238],[119.179104,37.247626],[119.175822,37.246543]]]},"properties":{"cluster_id":165,"lat":37.250238417910445,"lon":119.17582186567164,"count":51,"dwell_minutes":123703.61666666668,"center_method":"duration_weighted_stop_medoid","radius_m":516.7475189454008,"type":"anchorage","distance_to_coast":9637.070016913898,"inside_china_land":false,"land_overlap_action":"unchanged","terminal_overlap_action":"unchanged"}},{"type":"Feature","geometry":{"type":"Polygon","coordinates":[[[109.172771,19.86352],[109.170453,19.862063],[109.167718,19.861552],[109.164984,19.862063],[109.162666,19.86352],[109.161117,19.8657],[109.160573,19.868272],[109.161117,19.870843],[109.162666,19.873023],[109.164984,19.87448],[109.167718,19.874991],[109.170453,19.87448],[109.172771,19.873023],[109.17432,19.870843],[109.174864,19.868272],[109.17432,19.8657],[109.172771,19.86352]]]},"properties":{"cluster_id":166,"lat":19.868271689655177,"lon":109.16771838793105,"count":13,"dwell_minutes":36533.9,"center_method":"duration_weighted_stop_medoid","radius_m":795.3982537042832,"type":"anchorage","distance_to_coast":5293.947141664739,"inside_china_land":false,"land_overlap_action":"unchanged","terminal_overlap_action":"unchanged"}},{"type":"Feature","geometry":{"type":"Polygon","coordinates":[[[114.791059,22.500441],[114.785494,22.497005],[114.77893,22.495799],[114.772366,22.497005],[114.766801,22.500441],[114.763082,22.505582],[114.761776,22.511646],[114.763082,22.51771],[114.766801,22.522851],[114.772366,22.526286],[114.77893,22.527492],[114.785494,22.526286],[114.791059,22.522851],[114.794778,22.51771],[114.796084,22.511646],[114.794778,22.505582],[114.791059,22.500441]]]},"properties":{"cluster_id":168,"lat":22.511646162650603,"lon":114.77893005421689,"count":20,"dwell_minutes":67755.23333333334,"center_method":"duration_weighted_stop_medoid","radius_m":1909.5322594734143,"type":"anchorage","distance_to_coast":9806.098145296462,"inside_china_land":false,"land_overlap_action":"unchanged","terminal_overlap_action":"unchanged"}},{"type":"Feature","geometry":{"type":"Polygon","coordinates":[[[120.099638,26.53157],[120.095314,26.528985],[120.090214,26.528077],[120.085113,26.528985],[120.08079,26.53157],[120.0779,26.535438],[120.076886,26.540001],[120.0779,26.544564],[120.08079,26.548432],[120.085113,26.551016],[120.090214,26.551924],[120.095314,26.551016],[120.099638,26.548432],[120.102527,26.544564],[120.103542,26.540001],[120.102527,26.535438],[120.099638,26.53157]]]},"properties":{"cluster_id":171,"lat":26.540001194871795,"lon":120.09021373333334,"count":11,"dwell_minutes":26976.03333333334,"center_method":"duration_weighted_stop_medoid","radius_m":1483.6432500539584,"type":"anchorage","distance_to_coast":9697.879085622124,"inside_china_land":false,"land_overlap_action":"unchanged","terminal_overlap_action":"unchanged"}},{"type":"Feature","geometry":{"type":"Polygon","coordinates":[[[120.924519,37.920383],[120.922245,37.917026],[120.919184,37.914084],[120.915454,37.911669],[120.911199,37.909874],[120.906581,37.908769],[120.90178,37.908396],[120.896978,37.908769],[120.892361,37.909874],[120.888105,37.911669],[120.884375,37.914084],[120.881314,37.917026],[120.87904,37.920383],[120.877639,37.924025],[120.877166,37.927813],[120.877639,37.931601],[120.87904,37.935242],[120.881314,37.938598],[120.884375,37.94154],[120.888105,37.943954],[120.892361,37.945748],[120.896978,37.946852],[120.90178,37.947225],[120.906581,37.946852],[120.911199,37.945748],[120.915454,37.943954],[120.919184,37.94154],[120.922245,37.938598],[120.924519,37.935242],[120.92592,37.931601],[120.926393,37.927813],[120.92592,37.924025],[120.924519,37.920383]]]},"properties":{"cluster_id":175,"lat":37.927813071428574,"lon":120.90177962755102,"count":16,"dwell_minutes":48803.8,"center_method":"duration_weighted_stop_medoid","radius_m":2739.933862449295,"type":"anchorage","distance_to_coast":14088.796364337632,"inside_china_land":false,"land_overlap_action":"unchanged","terminal_overlap_action":"unchanged"}},{"type":"Feature","geometry":{"type":"Polygon","coordinates":[[[122.370334,30.183885],[122.36675,30.181815],[122.362523,30.181089],[122.358295,30.181815],[122.354712,30.183885],[122.352317,30.186983],[122.351476,30.190637],[122.352317,30.194291],[122.354712,30.197389],[122.358295,30.199459],[122.362523,30.200185],[122.36675,30.199459],[122.370334,30.197389],[122.372729,30.194291],[122.37357,30.190637],[122.372729,30.186983],[122.370334,30.183885]]]},"properties":{"cluster_id":176,"lat":30.190637425,"lon":122.362522775,"count":43,"dwell_minutes":105914.96666666666,"center_method":"duration_weighted_stop_medoid","radius_m":1229.7234547008377,"type":"anchorage","distance_to_coast":6867.393833660028,"inside_china_land":false,"land_overlap_action":"unchanged","terminal_overlap_action":"unchanged"}},{"type":"Feature","geometry":{"type":"Polygon","coordinates":[[[121.978417,29.643543],[121.97453,29.637223],[121.969299,29.631683],[121.963993,29.627898],[121.96215,29.628758],[121.950604,29.646165],[121.949213,29.648049],[121.94762,29.649809],[121.945841,29.651429],[121.943893,29.652894],[121.941793,29.65419],[121.930318,29.660577],[121.928101,29.661686],[121.925772,29.662607],[121.923354,29.663332],[121.920867,29.663855],[121.918335,29.66417],[121.915779,29.664275],[121.913224,29.66417],[121.910691,29.663854],[121.908205,29.663331],[121.905787,29.662605],[121.903458,29.661683],[121.901241,29.660574],[121.899155,29.659287],[121.897558,29.658088],[121.898303,29.664663],[121.900697,29.671519],[121.904584,29.677837],[121.909815,29.683375],[121.916189,29.687919],[121.923461,29.691296],[121.931351,29.693375],[121.939557,29.694077],[121.947763,29.693375],[121.955653,29.691296],[121.962925,29.687919],[121.969299,29.683375],[121.97453,29.677837],[121.978417,29.671519],[121.980811,29.664663],[121.981619,29.657532],[121.980811,29.650401],[121.978417,29.643543]]]},"properties":{"cluster_id":179,"lat":29.657532198675497,"lon":121.93955698013244,"count":139,"dwell_minutes":442955.2166666667,"center_method":"duration_weighted_stop_medoid","radius_m":4682.316948228011,"type":"anchorage","distance_to_coast":3226.3023711923574,"inside_china_land":false,"land_overlap_action":"land_area_clipped","terminal_overlap_action":"unchanged"}},{"type":"Feature","geometry":{"type":"Polygon","coordinates":[[[119.708564,25.241589],[119.706273,25.237712],[119.70319,25.234314],[119.699433,25.231525],[119.695146,25.229452],[119.690495,25.228176],[119.685659,25.227745],[119.680822,25.228176],[119.676171,25.229452],[119.671885,25.231525],[119.668128,25.234314],[119.665045,25.237712],[119.662754,25.241589],[119.661343,25.245796],[119.660866,25.250171],[119.661343,25.254545],[119.662754,25.258752],[119.665045,25.262628],[119.668128,25.266025],[119.671885,25.268814],[119.676171,25.270886],[119.680822,25.272161],[119.685659,25.272592],[119.690495,25.272161],[119.695146,25.270886],[119.699433,25.268814],[119.70319,25.266025],[119.706273,25.262628],[119.708564,25.258752],[119.709975,25.254545],[119.710451,25.250171],[119.709975,25.245796],[119.708564,25.241589]]]},"properties":{"cluster_id":189,"lat":25.250170725352113,"lon":119.68565870422536,"count":44,"dwell_minutes":109959.38333333336,"center_method":"duration_weighted_stop_medoid","radius_m":2759.866592041601,"type":"anchorage","distance_to_coast":13738.311202015058,"inside_china_land":false,"land_overlap_action":"unchanged","terminal_overlap_action":"unchanged"}},{"type":"Feature","geometry":{"type":"Polygon","coordinates":[[[122.313673,37.5141],[122.308196,37.511197],[122.301735,37.510178],[122.295273,37.511197],[122.289796,37.5141],[122.286136,37.518445],[122.284851,37.52357],[122.286136,37.528694],[122.289796,37.533038],[122.295273,37.53594],[122.301735,37.536959],[122.308196,37.53594],[122.313673,37.533038],[122.317333,37.528694],[122.318618,37.52357],[122.317333,37.518445],[122.313673,37.5141]]]},"properties":{"cluster_id":190,"lat":37.52356969791666,"lon":122.30173464583332,"count":19,"dwell_minutes":45482.73333333333,"center_method":"duration_weighted_stop_medoid","radius_m":1879.5020408054909,"type":"anchorage","distance_to_coast":10936.968247763492,"inside_china_land":false,"land_overlap_action":"unchanged","terminal_overlap_action":"unchanged"}},{"type":"Feature","geometry":{"type":"Polygon","coordinates":[[[121.076608,38.807422],[121.073672,38.805893],[121.070209,38.805356],[121.066746,38.805893],[121.06381,38.807422],[121.061848,38.809709],[121.061159,38.812408],[121.061848,38.815106],[121.06381,38.817394],[121.066746,38.818922],[121.070209,38.819459],[121.073672,38.818922],[121.076608,38.817394],[121.078569,38.815106],[121.079258,38.812408],[121.078569,38.809709],[121.076608,38.807422]]]},"properties":{"cluster_id":191,"lat":38.81240796638656,"lon":121.07020878991597,"count":17,"dwell_minutes":40422.666666666664,"center_method":"duration_weighted_stop_medoid","radius_m":1007.3795576376168,"type":"anchorage","distance_to_coast":5771.259420216317,"inside_china_land":false,"land_overlap_action":"unchanged","terminal_overlap_action":"unchanged"}},{"type":"Feature","geometry":{"type":"Polygon","coordinates":[[[122.588532,29.840994],[122.585467,29.836021],[122.581344,29.831662],[122.576319,29.828085],[122.570586,29.825427],[122.564366,29.82379],[122.557897,29.823237],[122.551427,29.82379],[122.545207,29.825427],[122.539474,29.828085],[122.534449,29.831662],[122.530326,29.836021],[122.527261,29.840994],[122.525374,29.84639],[122.524737,29.852],[122.525374,29.857611],[122.527261,29.863006],[122.530326,29.867977],[122.534449,29.872334],[122.539474,29.87591],[122.545207,29.878567],[122.551427,29.880203],[122.557897,29.880756],[122.564366,29.880203],[122.570586,29.878567],[122.576319,29.87591],[122.581344,29.872334],[122.585467,29.867977],[122.588532,29.863006],[122.590419,29.857611],[122.591056,29.852],[122.590419,29.84639],[122.588532,29.840994]]]},"properties":{"cluster_id":193,"lat":29.85200049655172,"lon":122.55789653103449,"count":101,"dwell_minutes":310529.11666666664,"center_method":"duration_weighted_stop_medoid","radius_m":3691.267086779466,"type":"anchorage","distance_to_coast":17775.795980037856,"inside_china_land":false,"land_overlap_action":"unchanged","terminal_overlap_action":"unchanged"}},{"type":"Feature","geometry":{"type":"Polygon","coordinates":[[[122.481595,30.194036],[122.478488,30.192242],[122.474823,30.191611],[122.471157,30.192242],[122.46805,30.194036],[122.465974,30.196722],[122.465245,30.19989],[122.465974,30.203058],[122.46805,30.205743],[122.471157,30.207537],[122.474823,30.208167],[122.478488,30.207537],[122.481595,30.205743],[122.483672,30.203058],[122.484401,30.19989],[122.483672,30.196722],[122.481595,30.194036]]]},"properties":{"cluster_id":196,"lat":30.19988974576271,"lon":122.47482279661016,"count":7,"dwell_minutes":16629.783333333333,"center_method":"duration_weighted_stop_medoid","radius_m":1066.2127533509777,"type":"anchorage","distance_to_coast":9310.47313147697,"inside_china_land":false,"land_overlap_action":"unchanged","terminal_overlap_action":"unchanged"}},{"type":"Feature","geometry":{"type":"Polygon","coordinates":[[[117.744427,38.854964],[117.743006,38.855422],[117.742418,38.856528],[117.743006,38.857635],[117.744427,38.858093],[117.745848,38.857635],[117.746436,38.856528],[117.745848,38.855422],[117.744427,38.854964]]]},"properties":{"cluster_id":201,"lat":38.85652834246576,"lon":117.7444270821918,"count":7,"dwell_minutes":15440.266666666666,"center_method":"duration_weighted_stop_medoid","radius_m":223.67552709082491,"type":"anchorage","distance_to_coast":12302.26923406098,"inside_china_land":false,"land_overlap_action":"unchanged","terminal_overlap_action":"unchanged"}},{"type":"Feature","geometry":{"type":"Polygon","coordinates":[[[113.788927,22.419145],[113.786824,22.415509],[113.783995,22.412322],[113.780547,22.409706],[113.776614,22.407762],[113.772345,22.406565],[113.767907,22.406161],[113.763468,22.406565],[113.7592,22.407762],[113.755266,22.409706],[113.751819,22.412322],[113.748989,22.415509],[113.746887,22.419145],[113.745592,22.423091],[113.745155,22.427194],[113.745592,22.431297],[113.746887,22.435242],[113.748989,22.438877],[113.751819,22.442064],[113.755266,22.444679],[113.7592,22.446623],[113.763468,22.447819],[113.767907,22.448223],[113.772345,22.447819],[113.776614,22.446623],[113.780547,22.444679],[113.783995,22.442064],[113.786824,22.438877],[113.788927,22.435242],[113.790222,22.431297],[113.790659,22.427194],[113.790222,22.423091],[113.788927,22.419145]]]},"properties":{"cluster_id":207,"lat":22.427193637931033,"lon":113.76790677586207,"count":9,"dwell_minutes":25064.199999999997,"center_method":"duration_weighted_stop_medoid","radius_m":2532.7419481604784,"type":"anchorage","distance_to_coast":12252.048177323555,"inside_china_land":false,"land_overlap_action":"unchanged","terminal_overlap_action":"unchanged"}},{"type":"Feature","geometry":{"type":"Polygon","coordinates":[[[121.470607,36.698219],[121.469463,36.698598],[121.46899,36.699515],[121.469463,36.700432],[121.470607,36.700811],[121.47175,36.700432],[121.472224,36.699515],[121.47175,36.698598],[121.470607,36.698219]]]},"properties":{"cluster_id":208,"lat":36.699514974358976,"lon":121.47060676923076,"count":14,"dwell_minutes":33353.083333333336,"center_method":"duration_weighted_stop_medoid","radius_m":180.0,"type":"anchorage","distance_to_coast":7875.824824307999,"inside_china_land":false,"land_overlap_action":"unchanged","terminal_overlap_action":"unchanged"}},{"type":"Feature","geometry":{"type":"Polygon","coordinates":[[[110.726066,20.859346],[110.723855,20.855481],[110.720881,20.852094],[110.717256,20.849315],[110.713121,20.847249],[110.708634,20.845977],[110.703968,20.845547],[110.699301,20.845977],[110.694814,20.847249],[110.690679,20.849315],[110.687055,20.852094],[110.68408,20.855481],[110.68187,20.859346],[110.680509,20.863539],[110.680049,20.867899],[110.680509,20.872259],[110.68187,20.876451],[110.68408,20.880315],[110.687055,20.883702],[110.690679,20.886481],[110.694814,20.888546],[110.699301,20.889817],[110.703968,20.890247],[110.708634,20.889817],[110.713121,20.888546],[110.717256,20.886481],[110.720881,20.883702],[110.723855,20.880315],[110.726066,20.876451],[110.727427,20.872259],[110.727886,20.867899],[110.727427,20.863539],[110.726066,20.859346]]]},"properties":{"cluster_id":211,"lat":20.86789880084746,"lon":110.70396774364406,"count":11,"dwell_minutes":32322.18333333333,"center_method":"duration_weighted_stop_medoid","radius_m":2662.614304259145,"type":"anchorage","distance_to_coast":10486.291658944729,"inside_china_land":false,"land_overlap_action":"unchanged","terminal_overlap_action":"unchanged"}},{"type":"Feature","geometry":{"type":"Polygon","coordinates":[[[122.400165,30.632865],[122.396806,30.630933],[122.392844,30.630255],[122.388881,30.630933],[122.385522,30.632865],[122.383278,30.635755],[122.382489,30.639164],[122.383278,30.642574],[122.385522,30.645464],[122.388881,30.647395],[122.392844,30.648073],[122.396806,30.647395],[122.400165,30.645464],[122.40241,30.642574],[122.403198,30.639164],[122.40241,30.635755],[122.400165,30.632865]]]},"properties":{"cluster_id":222,"lat":30.6391645,"lon":122.39284384210528,"count":131,"dwell_minutes":334472.7,"center_method":"duration_weighted_stop_medoid","radius_m":1152.6450499687487,"type":"anchorage","distance_to_coast":8770.825338045397,"inside_china_land":false,"land_overlap_action":"unchanged","terminal_overlap_action":"unchanged"}},{"type":"Feature","geometry":{"type":"Polygon","coordinates":[[[120.51056,37.850937],[120.506937,37.849026],[120.502663,37.848355],[120.49839,37.849026],[120.494767,37.850937],[120.492347,37.853798],[120.491496,37.857172],[120.492347,37.860546],[120.494767,37.863406],[120.49839,37.865317],[120.502663,37.865988],[120.506937,37.865317],[120.51056,37.863406],[120.51298,37.860546],[120.51383,37.857172],[120.51298,37.853798],[120.51056,37.850937]]]},"properties":{"cluster_id":226,"lat":37.85717175438596,"lon":120.5026633508772,"count":17,"dwell_minutes":44161.53333333334,"center_method":"duration_weighted_stop_medoid","radius_m":1243.0895906052278,"type":"anchorage","distance_to_coast":14358.16822420918,"inside_china_land":false,"land_overlap_action":"unchanged","terminal_overlap_action":"unchanged"}},{"type":"Feature","geometry":{"type":"Polygon","coordinates":[[[122.502265,30.119234],[122.498213,30.116892],[122.493433,30.116069],[122.488653,30.116892],[122.484601,30.119234],[122.481893,30.122739],[122.480942,30.126873],[122.481893,30.131007],[122.484601,30.134512],[122.488653,30.136854],[122.493433,30.137676],[122.498213,30.136854],[122.502265,30.134512],[122.504973,30.131007],[122.505923,30.126873],[122.504973,30.122739],[122.502265,30.119234]]]},"properties":{"cluster_id":228,"lat":30.126873168234063,"lon":122.4934327816092,"count":14,"dwell_minutes":79730.98333333334,"center_method":"duration_weighted_stop_medoid","radius_m":1390.4581067817635,"type":"anchorage","distance_to_coast":17795.786387941946,"inside_china_land":false,"land_overlap_action":"unchanged","terminal_overlap_action":"unchanged"}},{"type":"Feature","geometry":{"type":"Polygon","coordinates":[[[119.281105,35.042257],[119.279962,35.042645],[119.279488,35.043581],[119.279962,35.044517],[119.281105,35.044904],[119.282249,35.044517],[119.282722,35.043581],[119.282249,35.042645],[119.281105,35.042257]]]},"properties":{"cluster_id":230,"lat":35.043580623306234,"lon":119.28110525745258,"count":5,"dwell_minutes":18397.283333333333,"center_method":"duration_weighted_stop_medoid","radius_m":180.0,"type":"anchorage","distance_to_coast":4274.8523034833825,"inside_china_land":false,"land_overlap_action":"unchanged","terminal_overlap_action":"unchanged"}},{"type":"Feature","geometry":{"type":"Polygon","coordinates":[[[121.984995,30.330033],[121.982245,30.325591],[121.978543,30.321697],[121.974032,30.318501],[121.968885,30.316127],[121.963301,30.314664],[121.957494,30.31417],[121.951686,30.314664],[121.946102,30.316127],[121.940955,30.318501],[121.936445,30.321697],[121.932742,30.325591],[121.929992,30.330033],[121.928298,30.334853],[121.927726,30.339865],[121.928298,30.344877],[121.929992,30.349696],[121.932742,30.354137],[121.936445,30.358029],[121.940955,30.361224],[121.946102,30.363597],[121.951686,30.365059],[121.957494,30.365552],[121.963301,30.365059],[121.968885,30.363597],[121.974032,30.361224],[121.978543,30.358029],[121.982245,30.354137],[121.984995,30.349696],[121.986689,30.344877],[121.987261,30.339865],[121.986689,30.334853],[121.984995,30.330033]]]},"properties":{"cluster_id":231,"lat":30.339864749999997,"lon":121.95749355,"count":9,"dwell_minutes":22785.816666666666,"center_method":"duration_weighted_stop_medoid","radius_m":3313.741347473247,"type":"anchorage","distance_to_coast":14353.933018560148,"inside_china_land":false,"land_overlap_action":"unchanged","terminal_overlap_action":"unchanged"}},{"type":"Feature","geometry":{"type":"Polygon","coordinates":[[[121.265776,36.542806],[121.260695,36.540078],[121.254702,36.53912],[121.248709,36.540078],[121.243628,36.542806],[121.240233,36.546888],[121.239041,36.551702],[121.240233,36.556517],[121.243628,36.560598],[121.248709,36.563325],[121.254702,36.564282],[121.260695,36.563325],[121.265776,36.560598],[121.269171,36.556517],[121.270363,36.551702],[121.269171,36.546888],[121.265776,36.542806]]]},"properties":{"cluster_id":233,"lat":36.551702303571425,"lon":121.25470214285714,"count":8,"dwell_minutes":18120.183333333334,"center_method":"duration_weighted_stop_medoid","radius_m":1743.4133476485451,"type":"anchorage","distance_to_coast":18843.60804928476,"inside_china_land":false,"land_overlap_action":"unchanged","terminal_overlap_action":"unchanged"}},{"type":"Feature","geometry":{"type":"Polygon","coordinates":[[[121.029989,37.87262],[121.025272,37.870132],[121.019709,37.869259],[121.014146,37.870132],[121.00943,37.87262],[121.006279,37.876342],[121.005172,37.880733],[121.006279,37.885124],[121.00943,37.888846],[121.014146,37.891333],[121.019709,37.892206],[121.025272,37.891333],[121.029989,37.888846],[121.03314,37.885124],[121.034246,37.880733],[121.03314,37.876342],[121.029989,37.87262]]]},"properties":{"cluster_id":238,"lat":37.88073344217688,"lon":121.01970937414966,"count":5,"dwell_minutes":13323.066666666668,"center_method":"duration_weighted_stop_medoid","radius_m":1618.2437556918856,"type":"anchorage","distance_to_coast":13558.548692388267,"inside_china_land":false,"land_overlap_action":"unchanged","terminal_overlap_action":"unchanged"}},{"type":"Feature","geometry":{"type":"Polygon","coordinates":[[[118.256384,38.271919],[118.251082,38.269137],[118.244828,38.26816],[118.238573,38.269137],[118.233271,38.271919],[118.229729,38.276081],[118.228484,38.280991],[118.229729,38.2859],[118.233271,38.290061],[118.238573,38.292842],[118.244828,38.293818],[118.251082,38.292842],[118.256384,38.290061],[118.259927,38.2859],[118.261171,38.280991],[118.259927,38.276081],[118.256384,38.271919]]]},"properties":{"cluster_id":240,"lat":38.28099055737705,"lon":118.24482753278689,"count":23,"dwell_minutes":64194.21666666667,"center_method":"duration_weighted_stop_medoid","radius_m":1819.3001504331207,"type":"anchorage","distance_to_coast":19540.425664814436,"inside_china_land":false,"land_overlap_action":"unchanged","terminal_overlap_action":"unchanged"}},{"type":"Feature","geometry":{"type":"Polygon","coordinates":[[[120.182436,35.849698],[120.179177,35.850793],[120.177827,35.853434],[120.179177,35.856075],[120.182436,35.857169],[120.185695,35.856075],[120.187044,35.853434],[120.185695,35.850793],[120.182436,35.849698]]]},"properties":{"cluster_id":242,"lat":35.85343402469135,"lon":120.18243561728396,"count":6,"dwell_minutes":18248.183333333334,"center_method":"duration_weighted_stop_medoid","radius_m":513.0532870230802,"type":"anchorage","distance_to_coast":5091.237596608348,"inside_china_land":false,"land_overlap_action":"unchanged","terminal_overlap_action":"unchanged"}},{"type":"Feature","geometry":{"type":"Polygon","coordinates":[[[117.690674,38.887986],[117.689531,38.888354],[117.689057,38.889244],[117.689531,38.890134],[117.690674,38.890503],[117.691817,38.890134],[117.692291,38.889244],[117.691817,38.888354],[117.690674,38.887986]]]},"properties":{"cluster_id":244,"lat":38.88924410240964,"lon":117.69067406024097,"count":7,"dwell_minutes":26588.416666666664,"center_method":"duration_weighted_stop_medoid","radius_m":180.0,"type":"anchorage","distance_to_coast":4784.707161712208,"inside_china_land":false,"land_overlap_action":"unchanged","terminal_overlap_action":"unchanged"}},{"type":"Feature","geometry":{"type":"Polygon","coordinates":[[[120.473081,27.120449],[120.470038,27.118639],[120.466448,27.118004],[120.462858,27.118639],[120.459815,27.120449],[120.457782,27.123158],[120.457068,27.126353],[120.457782,27.129548],[120.459815,27.132256],[120.462858,27.134066],[120.466448,27.134701],[120.470038,27.134066],[120.473081,27.132256],[120.475115,27.129548],[120.475829,27.126353],[120.475115,27.123158],[120.473081,27.120449]]]},"properties":{"cluster_id":249,"lat":27.12635296551724,"lon":120.46644824137933,"count":5,"dwell_minutes":9470.266666666666,"center_method":"duration_weighted_stop_medoid","radius_m":1044.238673185915,"type":"anchorage","distance_to_coast":5606.4539739739475,"inside_china_land":false,"land_overlap_action":"unchanged","terminal_overlap_action":"unchanged"}},{"type":"Feature","geometry":{"type":"Polygon","coordinates":[[[121.130814,37.83656],[121.126232,37.834143],[121.120828,37.833293],[121.115423,37.834143],[121.110841,37.83656],[121.10778,37.840179],[121.106705,37.844447],[121.10778,37.848715],[121.110841,37.852332],[121.115423,37.85475],[121.120828,37.855598],[121.126232,37.85475],[121.130814,37.852332],[121.133875,37.848715],[121.13495,37.844447],[121.133875,37.840179],[121.130814,37.83656]]]},"properties":{"cluster_id":257,"lat":37.844446803278686,"lon":121.12082765573771,"count":10,"dwell_minutes":24795.5,"center_method":"duration_weighted_stop_medoid","radius_m":1572.142012085798,"type":"anchorage","distance_to_coast":19084.900434246996,"inside_china_land":false,"land_overlap_action":"unchanged","terminal_overlap_action":"unchanged"}},{"type":"Feature","geometry":{"type":"Polygon","coordinates":[[[117.074163,23.50229],[117.073019,23.502724],[117.072546,23.503773],[117.073019,23.504821],[117.074163,23.505255],[117.075306,23.504821],[117.07578,23.503773],[117.075306,23.502724],[117.074163,23.50229]]]},"properties":{"cluster_id":260,"lat":23.503772559110622,"lon":117.07416278796096,"count":6,"dwell_minutes":73173.04999999999,"center_method":"duration_weighted_stop_medoid","radius_m":180.0,"type":"anchorage","distance_to_coast":3314.1286788288917,"inside_china_land":false,"land_overlap_action":"unchanged","terminal_overlap_action":"unchanged"}},{"type":"Feature","geometry":{"type":"Polygon","coordinates":[[[114.703441,22.704424],[114.697341,22.703304],[114.691241,22.704424],[114.686069,22.707611],[114.682614,22.712382],[114.681401,22.718008],[114.682614,22.723635],[114.686069,22.728405],[114.691241,22.731592],[114.697341,22.732711],[114.703441,22.731592],[114.708612,22.728405],[114.712067,22.723635],[114.712949,22.719545],[114.71215,22.713822],[114.712023,22.71232],[114.708612,22.707611],[114.703441,22.704424]]]},"properties":{"cluster_id":273,"lat":22.718008445121953,"lon":114.6973406219512,"count":5,"dwell_minutes":15205.016666666668,"center_method":"duration_weighted_stop_medoid","radius_m":1774.4329194600118,"type":"anchorage","distance_to_coast":4699.625436570659,"inside_china_land":false,"land_overlap_action":"land_area_clipped","terminal_overlap_action":"unchanged"}},{"type":"Feature","geometry":{"type":"Polygon","coordinates":[[[116.059413,22.813248],[116.056152,22.814493],[116.054801,22.817499],[116.056152,22.820505],[116.059413,22.82175],[116.062673,22.820505],[116.064024,22.817499],[116.062673,22.814493],[116.059413,22.813248]]]},"properties":{"cluster_id":277,"lat":22.8174990955414,"lon":116.05941258598725,"count":8,"dwell_minutes":29669.36666666667,"center_method":"duration_weighted_stop_medoid","radius_m":513.3493330206979,"type":"anchorage","distance_to_coast":4113.243582321361,"inside_china_land":false,"land_overlap_action":"unchanged","terminal_overlap_action":"unchanged"}},{"type":"Feature","geometry":{"type":"Polygon","coordinates":[[[113.749463,22.061992],[113.74731,22.060659],[113.744771,22.060191],[113.742232,22.060659],[113.740079,22.061992],[113.73864,22.063988],[113.738135,22.066341],[113.73864,22.068694],[113.740079,22.070689],[113.742232,22.072022],[113.744771,22.07249],[113.74731,22.072022],[113.749463,22.070689],[113.750901,22.068694],[113.751406,22.066341],[113.750901,22.063988],[113.749463,22.061992]]]},"properties":{"cluster_id":278,"lat":22.06634082706767,"lon":113.74477084210528,"count":8,"dwell_minutes":24734.283333333333,"center_method":"duration_weighted_stop_medoid","radius_m":738.6592842437269,"type":"anchorage","distance_to_coast":8033.509205147911,"inside_china_land":false,"land_overlap_action":"unchanged","terminal_overlap_action":"unchanged"}},{"type":"Feature","geometry":{"type":"Polygon","coordinates":[[[122.37076,30.741515],[122.368276,30.740089],[122.365347,30.739588],[122.362417,30.740089],[122.359934,30.741515],[122.358274,30.74365],[122.357692,30.746167],[122.358274,30.748685],[122.359934,30.750819],[122.362417,30.752246],[122.365347,30.752746],[122.368276,30.752246],[122.37076,30.750819],[122.372419,30.748685],[122.373002,30.746167],[122.372419,30.74365],[122.37076,30.741515]]]},"properties":{"cluster_id":280,"lat":30.74616731343284,"lon":122.36534689552238,"count":26,"dwell_minutes":64306.95,"center_method":"duration_weighted_stop_medoid","radius_m":852.1782379396577,"type":"anchorage","distance_to_coast":7185.088542368455,"inside_china_land":false,"land_overlap_action":"unchanged","terminal_overlap_action":"unchanged"}},{"type":"Feature","geometry":{"type":"Polygon","coordinates":[[[120.151439,35.77158],[120.146782,35.769055],[120.14129,35.768169],[120.135797,35.769055],[120.13114,35.77158],[120.128029,35.775358],[120.126936,35.779814],[120.128029,35.78427],[120.13114,35.788048],[120.135797,35.790571],[120.14129,35.791458],[120.146782,35.790571],[120.151439,35.788048],[120.15455,35.78427],[120.155643,35.779814],[120.15455,35.775358],[120.151439,35.77158]]]},"properties":{"cluster_id":284,"lat":35.779814114035084,"lon":120.14128959649122,"count":5,"dwell_minutes":18143.4,"center_method":"duration_weighted_stop_medoid","radius_m":1597.8029131156943,"type":"anchorage","distance_to_coast":12794.899816101146,"inside_china_land":false,"land_overlap_action":"unchanged","terminal_overlap_action":"unchanged"}},{"type":"Feature","geometry":{"type":"Polygon","coordinates":[[[121.655493,28.887956],[121.65435,28.888371],[121.653876,28.889372],[121.65435,28.890373],[121.655493,28.890788],[121.656637,28.890373],[121.65711,28.889372],[121.656637,28.888371],[121.655493,28.887956]]]},"properties":{"cluster_id":288,"lat":28.889372048780487,"lon":121.65549329268292,"count":7,"dwell_minutes":253817.11666666667,"center_method":"duration_weighted_stop_medoid","radius_m":180.0,"type":"anchorage","distance_to_coast":3342.104089801147,"inside_china_land":false,"land_overlap_action":"unchanged","terminal_overlap_action":"unchanged"}},{"type":"Feature","geometry":{"type":"Polygon","coordinates":[[[114.727353,22.447577],[114.721632,22.444044],[114.714883,22.442803],[114.708134,22.444044],[114.702413,22.447577],[114.69859,22.452865],[114.697248,22.459102],[114.69859,22.465339],[114.702413,22.470626],[114.708134,22.474159],[114.714883,22.475399],[114.721632,22.474159],[114.727353,22.470626],[114.731176,22.465339],[114.732518,22.459102],[114.731176,22.452865],[114.727353,22.447577]]]},"properties":{"cluster_id":291,"lat":22.45910220153551,"lon":114.71488301727447,"count":8,"dwell_minutes":39946.566666666666,"center_method":"duration_weighted_stop_medoid","radius_m":1963.1645851684636,"type":"anchorage","distance_to_coast":12690.510575613478,"inside_china_land":false,"land_overlap_action":"unchanged","terminal_overlap_action":"unchanged"}},{"type":"Feature","geometry":{"type":"Polygon","coordinates":[[[114.679791,22.563424],[114.678648,22.563861],[114.678174,22.564917],[114.678648,22.565973],[114.679791,22.56641],[114.680935,22.565973],[114.681408,22.564917],[114.680935,22.563861],[114.679791,22.563424]]]},"properties":{"cluster_id":292,"lat":22.564916706730767,"lon":114.67979144951924,"count":5,"dwell_minutes":23370.88333333333,"center_method":"duration_weighted_stop_medoid","radius_m":180.0,"type":"anchorage","distance_to_coast":8751.042439997485,"inside_china_land":false,"land_overlap_action":"unchanged","terminal_overlap_action":"unchanged"}}]}