cluster_id,lat,lon,count,dwell_minutes,center_method,radius_m,type,polygon,distance_to_coast,inside_china_land,land_overlap_action,terminal_overlap_action
0,35.28385725721925,119.6703211425611,195,564744.7,arithmetic_mean_stop_location,,anchorage,"POLYGON ((119.800567 35.187619, 119.797979 35.183759, 119.794504 35.180397, 119.79028 35.177666, 119.782915 35.174985, 119.777606 35.174246, 119.769571 35.174782, 119.713405 35.190622, 119.616883 35.228078, 119.57932 35.246415, 119.575074 35.248996, 119.571529 35.252205, 119.56882 35.255918, 119.566543 35.262115, 119.566572 35.268585, 119.568904 35.274767, 119.617316 35.357333, 119.62788 35.373913, 119.637245 35.384399, 119.643105 35.388978, 119.650372 35.391927, 119.658387 35.392978, 119.666421 35.392036, 119.673747 35.389186, 119.74575 35.349158, 119.749863 35.345556, 119.774004 35.318983, 119.777303 35.314202, 119.790569 35.287685, 119.792055 35.28364, 119.802574 35.198402, 119.802164 35.191823, 119.800567 35.187619))",18592.434685943936,False,unchanged,unchanged
1,39.1558384550078,119.15324068079876,433,1466000.6,arithmetic_mean_stop_location,,anchorage,"POLYGON ((119.085506 39.07598, 119.080489 39.077064, 119.075834 39.078877, 119.071715 39.08135, 119.0672 39.085349, 119.064632 39.088752, 119.062932 39.092469, 119.062161 39.096366, 119.056354 39.174104, 119.0566 39.178376, 119.059048 39.184489, 119.061965 39.188118, 119.065775 39.19121, 119.121644 39.221065, 119.126263 39.222645, 119.133699 39.223701, 119.296272 39.228803, 119.3015 39.228573, 119.306572 39.227563, 119.311296 39.225814, 119.345131 39.209895, 119.368485 39.194404, 119.372189 39.191383, 119.375045 39.187852, 119.377501 39.18191, 119.377585 39.175671, 119.375287 39.169691, 119.370814 39.164503, 119.364565 39.16057, 119.310908 39.136085, 119.169611 39.089102, 119.158834 39.086679, 119.095871 39.076132, 119.090698 39.075666, 119.085506 39.07598))",14821.75266691401,False,unchanged,unchanged
9,38.92190839745958,118.2802219545184,1038,2988389.416666667,arithmetic_mean_stop_location,,anchorage,"POLYGON ((118.107444 38.818, 118.022093 38.845551, 118.018128 38.847515, 117.956222 38.88443, 117.950782 38.888779, 117.948149 38.892277, 117.946429 38.896104, 117.926045 38.961001, 117.925322 38.96721, 117.92698 38.97331, 117.934172 38.984719, 117.937024 38.987724, 117.955156 39.003631, 117.958882 39.006335, 117.965528 39.009253, 117.970431 39.010338, 118.063827 39.023456, 118.250119 39.025963, 118.257867 39.023561, 118.260266 39.022917, 118.262732 39.022452, 118.265243 39.022169, 118.292795 39.020085, 118.314485 39.012038, 118.317158 39.01118, 118.319935 39.010549, 118.322783 39.010153, 118.325669 39.009997, 118.343843 39.009774, 118.346362 39.009834, 118.348863 39.010077, 118.351324 39.010501, 118.353724 39.011102, 118.35604 39.011874, 118.358254 39.012811, 118.360345 39.013904, 118.362295 39.015145, 118.376081 39.024782, 118.383004 39.027751, 118.416644 39.028204, 118.446961 39.026295, 118.443009 39.010257, 118.442617 39.00802, 118.442537 39.005763, 118.443758 38.969995, 118.44396 38.967929, 118.444424 38.965889, 118.445145 38.963894, 118.446115 38.961964, 118.447326 38.960118, 118.450421 38.955926, 118.45016 38.952372, 118.449237 38.951182, 118.449235 38.951179, 118.449233 38.951176, 118.449232 38.951172, 118.449231 38.951169, 118.44898 38.949836, 118.44898 38.949833, 118.44898 38.94983, 118.44898 38.949827, 118.448981 38.949823, 118.449275 38.948756, 118.442734 38.948658, 118.442729 38.948658, 118.442725 38.948658, 118.44272 38.948657, 118.441045 38.948232, 118.441041 38.94823, 118.441037 38.948229, 118.441033 38.948227, 118.44103 38.948225, 118.439693 38.947331, 118.43969 38.947329, 118.439687 38.947326, 118.439685 38.947323, 118.439682 38.94732, 118.439681 38.947317, 118.43874 38.945413, 118.438739 38.94541, 118.438738 38.945407, 118.438737 38.945403, 118.438737 38.9454, 118.438884 38.941297, 118.438884 38.941294, 118.438885 38.94129, 118.438886 38.941287, 118.439416 38.940024, 118.439417 38.940021, 118.439419 38.940018, 118.439421 38.940015, 118.439424 38.940012, 118.440521 38.938994, 118.440524 38.938992, 118.440527 38.93899, 118.440531 38.938988, 118.440534 38.938986, 118.440538 38.938985, 118.442885 38.938224, 118.442889 38.938223, 118.442893 38.938222, 118.442897 38.938221, 118.442901 38.938221, 118.449457 38.938142, 118.449461 38.938142, 118.449465 38.938143, 118.449469 38.938143, 118.449473 38.938144, 118.452545 38.939049, 118.452549 38.939051, 118.452553 38.939052, 118.452557 38.939054, 118.452561 38.939057, 118.452564 38.93906, 118.454053 38.940467, 118.454056 38.940469, 118.454058 38.940472, 118.45406 38.940475, 118.454061 38.940479, 118.454062 38.940482, 118.45449 38.942143, 118.454491 38.942146, 118.454491 38.942149, 118.454491 38.942152, 118.454232 38.945324, 118.454883 38.944647, 118.454885 38.944645, 118.454888 38.944642, 118.454891 38.94464, 118.454894 38.944639, 118.456092 38.944029, 118.455205 38.942509, 118.454337 38.940506, 118.453733 38.938445, 118.453398 38.936347, 118.453337 38.934234, 118.45355 38.932126, 118.454034 38.930046, 118.454786 38.928014, 118.455797 38.926051, 118.457056 38.924178, 118.458552 38.922413, 118.460269 38.920773, 118.462189 38.919277, 118.484612 38.903482, 118.486648 38.902183, 118.488837 38.901044, 118.491159 38.900077, 118.493589 38.899292, 118.484055 38.879277, 118.476122 38.863645, 118.472084 38.858232, 118.466175 38.853988, 118.45869 38.850486, 118.451378 38.848934, 118.121096 38.816574, 118.115536 38.816479, 118.107444 38.818))",16425.54363229834,False,land_area_clipped,terminal_area_clipped
10,38.90258276375318,118.66703464927332,480,1418217.85,arithmetic_mean_stop_location,,anchorage,"POLYGON ((118.611329 38.826801, 118.579062 38.832422, 118.560023 38.837575, 118.547805 38.841669, 118.543546 38.843581, 118.538166 38.847494, 118.529829 38.857164, 118.527217 38.862517, 118.526556 38.866307, 118.527315 38.878665, 118.531833 38.903514, 118.58037 38.935527, 118.628174 38.957011, 118.633021 38.958718, 118.643937 38.961589, 118.649263 38.962536, 118.707478 38.968139, 118.714632 38.968084, 118.719282 38.96723, 118.805765 38.944898, 118.812496 38.942302, 118.818043 38.938361, 118.821976 38.933381, 118.845715 38.891006, 118.847756 38.885198, 118.847896 38.881176, 118.84626 38.87529, 118.823917 38.839556, 118.820838 38.836359, 118.817036 38.833675, 118.812651 38.831601, 118.80784 38.830212, 118.710716 38.817633, 118.703592 38.817597, 118.611329 38.826801))",12833.871472837911,False,land_area_clipped,unchanged
11,39.541923669659106,121.05515434469503,14,42385.58333333333,arithmetic_mean_stop_location,,anchorage,"POLYGON ((121.037028 39.494954, 121.031806 39.496097, 121.026987 39.498024, 121.022766 39.500657, 121.019314 39.503889, 121.016772 39.507589, 121.015242 39.511606, 121.008858 39.568826, 121.00894 39.572948, 121.011028 39.578905, 121.01365 39.582498, 121.01714 39.585621, 121.023696 39.589161, 121.031313 39.591061, 121.03665 39.591327, 121.04195 39.590776, 121.047004 39.589429, 121.051614 39.587339, 121.085082 39.564242, 121.089414 39.559396, 121.09181 39.553808, 121.095197 39.522005, 121.094534 39.517808, 121.091521 39.511921, 121.086352 39.507006, 121.079506 39.503518, 121.050437 39.495749, 121.045149 39.494802, 121.037028 39.494954))",18826.948470841646,False,unchanged,unchanged
13,39.83556069863435,119.7798429154095,127,401103.1166666667,arithmetic_mean_stop_location,,anchorage,"POLYGON ((119.819258 39.742298, 119.814138 39.742005, 119.806554 39.742971, 119.783113 39.750646, 119.777026 39.754115, 119.772435 39.758749, 119.70241 39.854954, 119.692933 39.871699, 119.691675 39.878021, 119.692994 39.884335, 119.69729 39.892036, 119.699891 39.895557, 119.703337 39.898622, 119.707495 39.901113, 119.714713 39.903572, 119.71991 39.904268, 119.725184 39.904174, 119.730334 39.903293, 119.889712 39.863117, 119.894639 39.861439, 119.899033 39.859041, 119.904246 39.854313, 119.907402 39.848612, 119.908215 39.84452, 119.907951 39.840386, 119.890134 39.786227, 119.888377 39.782477, 119.885717 39.779056, 119.880259 39.774811, 119.830946 39.746185, 119.824213 39.743333, 119.819258 39.742298))",16474.545976781705,False,unchanged,unchanged
14,39.34562173836981,121.19087987180477,155,426161.29999999993,arithmetic_mean_stop_location,,anchorage,"POLYGON ((121.16266 39.301592, 121.154276 39.303691, 121.081912 39.340753, 121.077891 39.343283, 121.07457 39.346362, 121.072074 39.349876, 121.070493 39.353693, 121.069887 39.357675, 121.070278 39.361671, 121.071652 39.365536, 121.073957 39.369126, 121.077109 39.372308, 121.095729 39.385178, 121.099808 39.38748, 121.106785 39.389736, 121.114299 39.390404, 121.238013 39.37893, 121.238759 39.378162, 121.243723 39.373563, 121.245566 39.37202, 121.2476 39.370629, 121.249805 39.369404, 121.252159 39.368356, 121.254637 39.367496, 121.257215 39.366834, 121.26576 39.365002, 121.268436 39.364541, 121.271159 39.364291, 121.273901 39.364258, 121.276633 39.364439, 121.279328 39.364835, 121.281956 39.36544, 121.30351 39.371341, 121.306601 39.370163, 121.310577 39.367577, 121.313837 39.364448, 121.317129 39.358998, 121.318269 39.353047, 121.317164 39.347093, 121.313904 39.34163, 121.308763 39.337114, 121.271587 39.312694, 121.26729 39.310386, 121.262498 39.308764, 121.257391 39.307889, 121.17869 39.300495, 121.173856 39.300379, 121.16266 39.301592))",10093.932414675513,False,land_area_clipped,unchanged
18,39.811793333111495,119.62615042335098,71,200886.65,arithmetic_mean_stop_location,,anchorage,"POLYGON ((119.617102 39.72829, 119.609232 39.729047, 119.604293 39.730523, 119.597823 39.734051, 119.577016 39.749535, 119.573952 39.752931, 119.571141 39.758727, 119.567065 39.787916, 119.570983 39.819009, 119.574522 39.83283, 119.584309 39.862049, 119.586215 39.866009, 119.590927 39.871189, 119.595113 39.873927, 119.599936 39.875956, 119.605195 39.877191, 119.625822 39.880312, 119.631099 39.880703, 119.638945 39.879792, 119.646106 39.877167, 119.65196 39.873055, 119.65488 39.869659, 119.656836 39.866235, 119.667849 39.834626, 119.674554 39.811973, 119.684859 39.766826, 119.685258 39.762917, 119.684052 39.757121, 119.682087 39.753503, 119.67927 39.750233, 119.673676 39.746237, 119.66923 39.744316, 119.627392 39.730061, 119.622361 39.728785, 119.617102 39.72829))",10633.970251853632,False,unchanged,unchanged
23,31.496700118824016,121.41107432200573,198,471565.7333333333,arithmetic_mean_stop_location,,anchorage,"POLYGON ((121.341868 31.545556, 121.34396 31.549567, 121.346908 31.553165, 121.352695 31.557506, 121.357256 31.559543, 121.362188 31.560804, 121.369888 31.561146, 121.39064 31.557906, 121.401163 31.555513, 121.406217 31.553843, 121.422629 31.546438, 121.433221 31.540429, 121.438871 31.535079, 121.497393 31.458171, 121.500798 31.451666, 121.505265 31.428289, 121.505127 31.423977, 121.50419 31.420313, 121.465622 31.444013, 121.437936 31.468048, 121.438052 31.468171, 121.438055 31.468175, 121.438057 31.468178, 121.438059 31.468182, 121.438061 31.468186, 121.438061 31.46819, 121.438062 31.468194, 121.438321 31.473838, 121.438321 31.473842, 121.43832 31.473846, 121.438319 31.47385, 121.437557 31.475937, 121.437556 31.47594, 121.437553 31.475944, 121.437551 31.475947, 121.437548 31.47595, 121.437545 31.475953, 121.437541 31.475956, 121.43516 31.477475, 121.435157 31.477477, 121.435153 31.477479, 121.435149 31.47748, 121.435145 31.477481, 121.43514 31.477482, 121.435136 31.477483, 121.431243 31.477693, 121.430261 31.479551, 121.430259 31.479555, 121.430256 31.479558, 121.430253 31.479561, 121.43025 31.479564, 121.430247 31.479566, 121.428537 31.480639, 121.428533 31.480641, 121.428529 31.480643, 121.428525 31.480645, 121.428521 31.480646, 121.428517 31.480646, 121.428513 31.480647, 121.421985 31.480982, 121.421981 31.480982, 121.421977 31.480982, 121.421972 31.480981, 121.421968 31.48098, 121.419877 31.48036, 121.419873 31.480359, 121.419869 31.480357, 121.419865 31.480355, 121.419861 31.480352, 121.419858 31.48035, 121.419855 31.480347, 121.418157 31.478396, 121.377693 31.495961, 121.379829 31.498239, 121.379831 31.498242, 121.379834 31.498245, 121.379836 31.498249, 121.379837 31.498253, 121.379838 31.498256, 121.380143 31.499783, 121.380143 31.499787, 121.380143 31.499791, 121.380143 31.499795, 121.380142 31.499799, 121.379541 31.501722, 121.37954 31.501726, 121.379538 31.501729, 121.379537 31.501732, 121.379535 31.501734, 121.377446 31.504315, 121.377443 31.504318, 121.377439 31.504321, 121.377435 31.504324, 121.375654 31.505439, 121.37565 31.505441, 121.375646 31.505443, 121.375642 31.505445, 121.375638 31.505446, 121.375633 31.505446, 121.373444 31.505702, 121.373439 31.505703, 121.373434 31.505703, 121.37343 31.505702, 121.373426 31.505701, 121.370341 31.504981, 121.370337 31.50498, 121.370333 31.504978, 121.370329 31.504977, 121.370325 31.504974, 121.370322 31.504972, 121.368716 31.50367, 121.368713 31.503668, 121.36871 31.503665, 121.368708 31.503662, 121.368706 31.503659, 121.368705 31.503656, 121.368064 31.502141, 121.367923 31.502024, 121.357646 31.508965, 121.357623 31.50898, 121.341875 31.519591, 121.340496 31.539091, 121.341868 31.545556))",4771.762088776515,False,land_area_clipped,terminal_area_clipped
25,27.931659198432968,121.19757139488304,126,364788.09999999986,arithmetic_mean_stop_location,,anchorage,"POLYGON ((121.216367 27.849692, 121.216622 27.854069, 121.216638 27.856198, 121.216439 27.85832, 121.215218 27.866743, 121.214747 27.869068, 121.214018 27.871341, 121.213038 27.873539, 121.211817 27.875641, 121.210366 27.877625, 121.2087 27.879472, 121.206835 27.881164, 121.20479 27.882684, 121.202584 27.884018, 121.20024 27.885153, 121.19778 27.886076, 121.195229 27.88678, 121.192611 27.887257, 121.185775 27.888192, 121.18335 27.888426, 121.180911 27.888464, 121.178478 27.888307, 121.176071 27.887957, 121.173709 27.887415, 121.171413 27.886687, 121.160285 27.882647, 121.15371 27.881552, 121.151356 27.881062, 121.149061 27.880387, 121.144015 27.878679, 121.14166 27.877765, 121.139414 27.876657, 121.137297 27.875364, 121.13533 27.873899, 121.13353 27.872275, 121.132368 27.871004, 121.10933 27.876849, 121.104475 27.878551, 121.098112 27.882567, 121.094716 27.886074, 121.092148 27.890094, 121.090506 27.894476, 121.086188 27.924711, 121.088447 27.924265, 121.098782 27.922719, 121.101603 27.922431, 121.104443 27.922406, 121.107269 27.922646, 121.110052 27.923148, 121.132594 27.928317, 121.135045 27.92899, 121.137413 27.929867, 121.15076 27.935483, 121.153083 27.936587, 121.155273 27.937887, 121.157309 27.939369, 121.159171 27.94102, 121.160841 27.942824, 121.162304 27.944764, 121.163545 27.946821, 121.164552 27.948974, 121.165316 27.951205, 121.16583 27.953491, 121.166088 27.95581, 121.166576 27.964599, 121.166575 27.966957, 121.166309 27.969303, 121.165782 27.971614, 121.164999 27.973868, 121.163967 27.976042, 121.162697 27.978116, 121.1612 27.980068, 121.16117 27.9801, 121.194887 27.979431, 121.199484 27.978988, 121.203928 27.977857, 121.308574 27.94227, 121.31481 27.938494, 121.349674 27.910268, 121.354748 27.904705, 121.356988 27.900361, 121.358202 27.895709, 121.362417 27.866374, 121.362574 27.861824, 121.360978 27.855156, 121.357312 27.84916, 121.351876 27.844327, 121.347483 27.841951, 121.340141 27.839873, 121.31905 27.838446, 121.239172 27.843905, 121.216367 27.849692))",7241.732572295374,False,land_area_clipped,unchanged
29,38.980036191857685,121.75399917332476,144,438863.5666666667,arithmetic_mean_stop_location,,anchorage,"POLYGON ((121.668506 38.945931, 121.672456 38.949278, 121.674104 38.950816, 121.675555 38.95247, 121.676798 38.954223, 121.677819 38.956061, 121.67861 38.957966, 121.682354 38.968709, 121.682802 38.970215, 121.683107 38.971742, 121.684572 38.981426, 121.684755 38.983657, 121.684631 38.98589, 121.684292 38.987636, 121.70606 38.986027, 121.732383 38.981184, 121.73238 38.98118, 121.732378 38.981177, 121.732377 38.981174, 121.732376 38.981171, 121.732375 38.981168, 121.732143 38.979864, 121.732143 38.97986, 121.732143 38.979857, 121.732143 38.979853, 121.732144 38.979849, 121.732746 38.978277, 121.732748 38.978274, 121.73275 38.978271, 121.732753 38.978267, 121.732756 38.978264, 121.733867 38.977271, 121.73387 38.977269, 121.733874 38.977267, 121.733877 38.977265, 121.735544 38.976441, 121.735548 38.976439, 121.735551 38.976438, 121.735555 38.976437, 121.735559 38.976436, 121.735563 38.976436, 121.737738 38.976227, 121.737743 38.976227, 121.737747 38.976227, 121.737752 38.976227, 121.737756 38.976228, 121.73776 38.976229, 121.739804 38.976846, 121.739808 38.976847, 121.739812 38.976849, 121.739815 38.976851, 121.739819 38.976853, 121.739822 38.976856, 121.741246 38.978151, 121.741249 38.978153, 121.741251 38.978156, 121.741253 38.978159, 121.742019 38.979515, 121.74202 38.979518, 121.742021 38.979521, 121.742022 38.979524, 121.742022 38.979527, 121.742116 38.980773, 121.743295 38.980882, 121.745905 38.981333, 121.74552 38.981039, 121.745517 38.981036, 121.745514 38.981033, 121.745511 38.98103, 121.745509 38.981026, 121.744423 38.978784, 121.744422 38.97878, 121.744421 38.978777, 121.744421 38.978773, 121.744389 38.977452, 121.744389 38.977448, 121.74439 38.977444, 121.744391 38.977441, 121.744393 38.977437, 121.745236 38.975928, 121.745238 38.975924, 121.745241 38.975921, 121.745244 38.975918, 121.745248 38.975916, 121.746702 38.974902, 121.746706 38.9749, 121.746709 38.974898, 121.746713 38.974896, 121.748306 38.974313, 121.74831 38.974311, 121.748314 38.97431, 121.748317 38.97431, 121.748321 38.974309, 121.748325 38.974309, 121.750518 38.974315, 121.750523 38.974315, 121.750527 38.974316, 121.750531 38.974317, 121.750535 38.974318, 121.750539 38.974319, 121.752467 38.975132, 121.752471 38.975134, 121.752475 38.975136, 121.752478 38.975138, 121.752481 38.975141, 121.752483 38.975143, 121.753687 38.976569, 121.753689 38.976572, 121.753691 38.976575, 121.753692 38.976578, 121.753693 38.976582, 121.754326 38.979312, 121.754326 38.979315, 121.754326 38.979319, 121.754326 38.979322, 121.754326 38.979325, 121.754325 38.979328, 121.754323 38.979331, 121.753676 38.980631, 121.753674 38.980634, 121.753672 38.980638, 121.753669 38.98064, 121.753666 38.980643, 121.752416 38.981643, 121.752413 38.981645, 121.75241 38.981647, 121.752406 38.981649, 121.750629 38.982409, 121.750625 38.982411, 121.750621 38.982412, 121.750616 38.982413, 121.750612 38.982413, 121.749881 38.982475, 121.750958 38.982847, 121.753301 38.983887, 121.755499 38.985104, 121.757529 38.986486, 121.759371 38.988019, 121.761006 38.989688, 121.762419 38.991475, 121.763595 38.993363, 121.764522 38.995332, 121.764536 38.995374, 121.787992 38.962647, 121.789579 38.960694, 121.791434 38.958888, 121.793532 38.957252, 121.829909 38.931856, 121.832211 38.930418, 121.834701 38.929184, 121.83735 38.92817, 121.838261 38.927913, 121.678379 38.94328, 121.668506 38.945931), (121.756231 38.982877, 121.756226 38.982875, 121.756222 38.982873, 121.756218 38.982871, 121.756215 38.982868, 121.75505 38.981859, 121.755048 38.981857, 121.755045 38.981854, 121.755043 38.981851, 121.755041 38.981848, 121.754459 38.98057, 121.754458 38.980567, 121.754457 38.980563, 121.754456 38.980559, 121.754398 38.978514, 121.754398 38.97851, 121.754399 38.978507, 121.7544 38.978503, 121.754402 38.978499, 121.755263 38.976916, 121.755265 38.976913, 121.755267 38.97691, 121.75527 38.976907, 121.755273 38.976905, 121.755276 38.976902, 121.757005 38.97583, 121.757008 38.975828, 121.757012 38.975827, 121.757016 38.975825, 121.75702 38.975824, 121.757024 38.975823, 121.759604 38.975413, 121.759608 38.975413, 121.759612 38.975413, 121.759616 38.975413, 121.761425 38.975522, 121.76143 38.975522, 121.761434 38.975523, 121.761438 38.975524, 121.761442 38.975525, 121.763048 38.976182, 121.763052 38.976183, 121.763056 38.976185, 121.763059 38.976188, 121.764378 38.97722, 121.764381 38.977223, 121.764384 38.977226, 121.764387 38.977229, 121.764389 38.977233, 121.765127 38.978813, 121.765129 38.978817, 121.76513 38.978821, 121.76513 38.978825, 121.76513 38.978828, 121.764885 38.980977, 121.764884 38.980981, 121.764883 38.980984, 121.764882 38.980987, 121.76488 38.98099, 121.764097 38.982178, 121.764095 38.982181, 121.764092 38.982183, 121.764089 38.982186, 121.764086 38.982188, 121.762787 38.983061, 121.762784 38.983063, 121.76278 38.983065, 121.762776 38.983066, 121.762772 38.983067, 121.761147 38.983497, 121.761142 38.983498, 121.761138 38.983499, 121.761133 38.983499, 121.758249 38.983537, 121.758244 38.983537, 121.758239 38.983536, 121.758235 38.983535, 121.75823 38.983534, 121.756231 38.982877))",3514.08789844446,False,land_area_clipped,terminal_area_clipped
31,26.247662675404285,119.85811482866079,191,1580186.4833333334,arithmetic_mean_stop_location,,anchorage,"POLYGON ((119.838969 26.150222, 119.833457 26.151254, 119.821354 26.154737, 119.793624 26.166219, 119.789385 26.168453, 119.785669 26.171341, 119.781339 26.176683, 119.753322 26.223598, 119.750707 26.230025, 119.750205 26.236851, 119.75107 26.241354, 119.752864 26.24563, 119.765959 26.269655, 119.767151 26.26874, 119.769379 26.267202, 119.771774 26.265881, 119.77431 26.264791, 119.782366 26.261779, 119.784912 26.260959, 119.787536 26.260373, 119.790213 26.260025, 119.79066 26.260007, 119.792148 26.259494, 119.792152 26.259492, 119.792157 26.259491, 119.792162 26.259491, 119.793902 26.259421, 119.793906 26.259421, 119.793911 26.259422, 119.793916 26.259423, 119.793921 26.259424, 119.795617 26.260057, 119.798287 26.260437, 119.800903 26.261055, 119.803436 26.261905, 119.805861 26.262979, 119.818556 26.269328, 119.820801 26.270584, 119.822897 26.272031, 119.824825 26.273655, 119.826567 26.275441, 119.828104 26.277372, 119.829423 26.279428, 119.830511 26.28159, 119.831357 26.283838, 119.831953 26.286149, 119.832294 26.288501, 119.832376 26.290872, 119.832198 26.293239, 119.831762 26.295578, 119.831072 26.297868, 119.830135 26.300086, 119.82896 26.302211, 119.828751 26.302512, 119.832345 26.304023, 119.845902 26.303629, 119.86206 26.29355, 119.864395 26.292247, 119.866866 26.291164, 119.867325 26.291013, 119.865908 26.28802, 119.865906 26.288017, 119.865905 26.288013, 119.865905 26.288009, 119.865904 26.288005, 119.865905 26.288001, 119.865905 26.287998, 119.866217 26.286419, 119.866218 26.286415, 119.866219 26.286412, 119.866221 26.286409, 119.866223 26.286405, 119.866225 26.286402, 119.86753 26.284785, 119.867533 26.284782, 119.867537 26.284779, 119.86754 26.284776, 119.867544 26.284774, 119.869607 26.283703, 119.869611 26.283701, 119.869616 26.2837, 119.86962 26.283698, 119.869625 26.283698, 119.871337 26.283526, 119.871342 26.283526, 119.871346 26.283526, 119.87135 26.283527, 119.871354 26.283528, 119.873013 26.283947, 119.873018 26.283948, 119.873022 26.28395, 119.873026 26.283952, 119.87303 26.283955, 119.874659 26.285208, 119.874663 26.285211, 119.874666 26.285215, 119.874669 26.285219, 119.875711 26.286828, 119.875713 26.286832, 119.875715 26.286836, 119.875716 26.286839, 119.875717 26.286843, 119.875941 26.288408, 119.875941 26.288412, 119.875941 26.288416, 119.875941 26.28842, 119.87594 26.288424, 119.875672 26.289301, 119.877579 26.289222, 119.880326 26.289359, 119.883042 26.289747, 119.8857 26.290381, 119.888272 26.291255, 119.890731 26.292359, 119.901473 26.297812, 119.903519 26.298962, 119.905441 26.300271, 119.922848 26.313267, 119.972051 26.273157, 119.975218 26.269309, 119.977479 26.264977, 119.978744 26.260331, 119.978963 26.255552, 119.977326 26.248544, 119.970636 26.232368, 119.968253 26.228009, 119.955473 26.213007, 119.935778 26.192761, 119.931805 26.189943, 119.882011 26.1611, 119.850103 26.151309, 119.8446 26.15024, 119.838969 26.150222))",7911.089307598252,False,land_area_clipped,terminal_area_clipped
32,36.77399902505047,122.48455010292882,278,1030175.7999999999,arithmetic_mean_stop_location,,anchorage,"POLYGON ((122.405813 36.558753, 122.367403 36.571532, 122.359989 36.575225, 122.271516 36.652105, 122.266928 36.657588, 122.264617 36.663925, 122.262223 36.679245, 122.262553 36.683431, 122.263885 36.687487, 122.316681 36.801532, 122.31715 36.801475, 122.31996 36.801368, 122.322769 36.801496, 122.325546 36.801858, 122.360946 36.808004, 122.363725 36.808612, 122.366406 36.809455, 122.36896 36.810521, 122.371358 36.811801, 122.373571 36.813277, 122.37943 36.817632, 122.381646 36.819487, 122.38357 36.821539, 122.39242 36.832246, 122.395442 36.834837, 122.396044 36.835403, 122.397762 36.835358, 122.402889 36.835439, 122.406016 36.835635, 122.409094 36.83612, 122.427405 36.839905, 122.42978 36.840491, 122.432078 36.84125, 122.442413 36.845116, 122.444857 36.846156, 122.447155 36.847391, 122.449282 36.848808, 122.451216 36.850392, 122.452938 36.852126, 122.458309 36.85815, 122.459826 36.860054, 122.461085 36.862075, 122.462074 36.864191, 122.46278 36.866377, 122.463197 36.868611, 122.46332 36.870867, 122.463146 36.873121, 122.461926 36.881665, 122.461544 36.883574, 122.46095 36.885448, 122.460148 36.887272, 122.459145 36.889031, 122.453449 36.897941, 122.453162 36.898344, 122.461016 36.899379, 122.462979 36.899698, 122.464908 36.900133, 122.471773 36.901903, 122.472034 36.900334, 122.472621 36.898316, 122.473448 36.896352, 122.474506 36.894461, 122.475787 36.892659, 122.477278 36.890965, 122.478966 36.889393, 122.480835 36.887957, 122.489705 36.881771, 122.491806 36.880447, 122.49406 36.879296, 122.496445 36.878329, 122.498938 36.877556, 122.501515 36.876985, 122.50415 36.876621, 122.506818 36.876467, 122.509491 36.876526, 122.512143 36.876796, 122.514749 36.877275, 122.517283 36.877959, 122.51972 36.87884, 122.522036 36.87991, 122.531964 36.885038, 122.534239 36.886352, 122.536332 36.887849, 122.538218 36.889511, 122.539877 36.891321, 122.548992 36.902431, 122.5502 36.904055, 122.551226 36.905757, 122.557492 36.917436, 122.558442 36.919487, 122.559126 36.921605, 122.559539 36.923767, 122.559675 36.925951, 122.559533 36.928135, 122.559241 36.929649, 122.63376 36.942174, 122.638842 36.942629, 122.643941 36.942309, 122.651218 36.940406, 122.655568 36.938257, 122.659332 36.935489, 122.689045 36.909055, 122.692065 36.905797, 122.694269 36.902144, 122.719954 36.825531, 122.733991 36.771024, 122.73453 36.766009, 122.728969 36.622224, 122.72829 36.618026, 122.726606 36.614014, 122.72398 36.610342, 122.720513 36.60715, 122.714035 36.603526, 122.709105 36.602021, 122.509878 36.55851, 122.503056 36.557752, 122.416376 36.557106, 122.410991 36.557502, 122.405813 36.558753))",13944.225018712828,False,land_area_clipped,unchanged
33,32.009606444644014,120.39444283295173,93,428309.3166666667,arithmetic_mean_stop_location,,anchorage,"MULTIPOLYGON (((120.473644 32.047705, 120.472548 32.047807, 120.497788 32.059649, 120.520277 32.059754, 120.532804 32.058044, 120.521671 32.04136, 120.473644 32.047705)), ((120.428804 32.025052, 120.428509 32.022759, 120.427253 32.004517, 120.427267 32.001666, 120.42755 31.998064, 120.422914 31.996617, 120.420906 31.995911, 120.409756 31.991536, 120.348196 31.980872, 120.377674 32.006809, 120.429753 32.028317, 120.42937 32.027307, 120.428804 32.025052)))",3487.2673564797665,False,land_area_clipped,unchanged
34,31.738866746404025,121.11678916050602,139,415791.5,arithmetic_mean_stop_location,,anchorage,"POLYGON ((120.984732 31.792237, 120.984938 31.792276, 121.008337 31.797725, 121.010853 31.79762, 121.010546 31.796569, 121.010545 31.796565, 121.010544 31.796561, 121.010544 31.796558, 121.010545 31.796554, 121.010546 31.79655, 121.010547 31.796546, 121.011495 31.794418, 121.011497 31.794415, 121.011499 31.794412, 121.011501 31.794409, 121.011504 31.794406, 121.011506 31.794404, 121.01151 31.794402, 121.014143 31.792635, 121.014147 31.792633, 121.014151 31.792631, 121.014155 31.79263, 121.014159 31.792628, 121.014164 31.792628, 121.014168 31.792627, 121.016397 31.792528, 121.016402 31.792528, 121.016406 31.792528, 121.016411 31.792529, 121.016415 31.79253, 121.016419 31.792531, 121.018598 31.793431, 121.018602 31.793433, 121.018606 31.793435, 121.018609 31.793437, 121.018612 31.79344, 121.018615 31.793443, 121.02037 31.795477, 121.022133 31.796559, 121.022136 31.796561, 121.022139 31.796563, 121.022142 31.796566, 121.022144 31.796568, 121.022146 31.796571, 121.022509 31.797132, 121.035267 31.796598, 121.051705 31.792332, 121.073332 31.78191, 121.075674 31.780906, 121.07812 31.7801, 121.080647 31.7795, 121.10911 31.773996, 121.11183 31.773594, 121.114584 31.77343, 121.117343 31.773506, 121.120079 31.773822, 121.122762 31.774374, 121.125365 31.775157, 121.12786 31.776162, 121.13022 31.777379, 121.149864 31.788711, 121.149704 31.788083, 121.1494 31.78587, 121.14935 31.783641, 121.149556 31.781419, 121.150014 31.779225, 121.150721 31.777078, 121.15167 31.775001, 121.152853 31.773011, 121.154257 31.771128, 121.155869 31.769371, 121.164947 31.760411, 121.16361 31.759627, 121.163606 31.759625, 121.163603 31.759622, 121.1636 31.75962, 121.163598 31.759617, 121.163596 31.759614, 121.162416 31.757806, 121.162414 31.757803, 121.162413 31.757799, 121.162412 31.757796, 121.162411 31.757793, 121.162162 31.756288, 121.162162 31.756284, 121.162162 31.75628, 121.162163 31.756276, 121.162163 31.756273, 121.162625 31.754805, 121.162626 31.754801, 121.162628 31.754797, 121.16263 31.754794, 121.162633 31.754791, 121.163731 31.753592, 121.163734 31.753589, 121.163737 31.753586, 121.163741 31.753584, 121.163744 31.753582, 121.165875 31.752572, 121.165879 31.75257, 121.165884 31.752568, 121.165888 31.752568, 121.165892 31.752567, 121.167665 31.752402, 121.167669 31.752402, 121.167673 31.752402, 121.167677 31.752402, 121.167681 31.752403, 121.167685 31.752404, 121.169779 31.753036, 121.169782 31.753037, 121.169786 31.753038, 121.169789 31.75304, 121.169793 31.753042, 121.169795 31.753045, 121.17105 31.754123, 121.171053 31.754125, 121.171056 31.754128, 121.171058 31.754132, 121.171271 31.754472, 121.185388 31.741433, 121.203972 31.722827, 121.205782 31.721185, 121.207771 31.719703, 121.209922 31.718394, 121.211393 31.717588, 121.210654 31.714462, 121.210653 31.714458, 121.210653 31.714454, 121.210654 31.71445, 121.210654 31.714446, 121.210656 31.714442, 121.211221 31.713031, 121.211223 31.713027, 121.211225 31.713023, 121.211228 31.71302, 121.211231 31.713017, 121.212751 31.711684, 121.212754 31.711681, 121.212758 31.711679, 121.212761 31.711677, 121.212765 31.711676, 121.212769 31.711674, 121.215311 31.710947, 121.215315 31.710946, 121.215319 31.710946, 121.215323 31.710946, 121.215327 31.710945, 121.217119 31.711008, 121.217123 31.711008, 121.217127 31.711009, 121.21713 31.71101, 121.217134 31.711011, 121.217138 31.711012, 121.219105 31.711911, 121.219109 31.711913, 121.219112 31.711916, 121.219116 31.711918, 121.219119 31.711921, 121.219121 31.711924, 121.219891 31.712934, 121.23802 31.703004, 121.236625 31.70098, 121.230864 31.696434, 121.190941 31.677586, 121.174886 31.691191, 121.176917 31.691986, 121.17692 31.691988, 121.176924 31.691989, 121.176927 31.691991, 121.17693 31.691994, 121.17823 31.6931, 121.178233 31.693103, 121.178236 31.693106, 121.178238 31.69311, 121.17824 31.693113, 121.178987 31.694791, 121.178989 31.694794, 121.17899 31.694798, 121.17899 31.694802, 121.17899 31.694806, 121.17899 31.694809, 121.178653 31.696997, 121.178652 31.697001, 121.178651 31.697004, 121.17865 31.697008, 121.178648 31.697011, 121.177573 31.698669, 121.177571 31.698672, 121.177569 31.698674, 121.177566 31.698677, 121.177563 31.698679, 121.17756 31.698681, 121.176102 31.69956, 121.176099 31.699562, 121.176095 31.699564, 121.17609 31.699565, 121.176086 31.699566, 121.174341 31.699892, 121.174336 31.699893, 121.174331 31.699893, 121.174327 31.699893, 121.170831 31.699587, 121.170826 31.699586, 121.170822 31.699585, 121.170817 31.699584, 121.170813 31.699582, 121.168927 31.698651, 121.168922 31.698649, 121.168919 31.698646, 121.168915 31.698643, 121.168912 31.698639, 121.167918 31.697413, 121.167916 31.69741, 121.167914 31.697406, 121.167912 31.697403, 121.167911 31.697399, 121.167849 31.697153, 121.164537 31.699959, 121.164946 31.700506, 121.164948 31.700509, 121.16495 31.700512, 121.164951 31.700516, 121.165594 31.702392, 121.165595 31.702396, 121.165595 31.702399, 121.165596 31.702402, 121.165596 31.702406, 121.165474 31.703885, 121.165474 31.703889, 121.165473 31.703893, 121.165471 31.703896, 121.165469 31.7039, 121.164695 31.705228, 121.164693 31.705231, 121.164691 31.705234, 121.164688 31.705237, 121.164685 31.705239, 121.163228 31.706399, 121.163224 31.706401, 121.16322 31.706404, 121.163215 31.706405, 121.161613 31.707021, 121.161609 31.707023, 121.161605 31.707024, 121.1616 31.707024, 121.161596 31.707025, 121.159839 31.70707, 121.159834 31.70707, 121.15983 31.70707, 121.159826 31.707069, 121.159821 31.707068, 121.158178 31.706536, 121.158174 31.706534, 121.15817 31.706532, 121.158167 31.70653, 121.158163 31.706528, 121.156886 31.7055, 121.156883 31.705497, 121.15688 31.705494, 121.156877 31.70549, 121.156875 31.705486, 121.156704 31.705118, 121.155913 31.705521, 121.156341 31.705889, 121.156344 31.705892, 121.156347 31.705894, 121.156349 31.705898, 121.156351 31.705901, 121.157022 31.707272, 121.157024 31.707276, 121.157025 31.707279, 121.157025 31.707282, 121.157026 31.707286, 121.157099 31.71004, 121.157099 31.710045, 121.157099 31.710049, 121.157097 31.710053, 121.156567 31.711515, 121.156566 31.711519, 121.156564 31.711522, 121.156561 31.711526, 121.156559 31.711529, 121.155396 31.712697, 121.155393 31.7127, 121.15539 31.712702, 121.155387 31.712704, 121.155383 31.712706, 121.153405 31.713615, 121.153401 31.713617, 121.153396 31.713619, 121.153391 31.713619, 121.151629 31.713869, 121.151624 31.713869, 121.15162 31.713869, 121.151616 31.713869, 121.151611 31.713868, 121.149874 31.713513, 121.149869 31.713512, 121.149865 31.71351, 121.149861 31.713508, 121.149857 31.713506, 121.148012 31.712287, 121.148009 31.712284, 121.148006 31.712282, 121.148003 31.712279, 121.148 31.712276, 121.147075 31.71091, 121.147073 31.710907, 121.147072 31.710903, 121.14707 31.7109, 121.14707 31.710896, 121.147069 31.710893, 121.147015 31.710055, 121.080874 31.743749, 121.077426 31.745231, 121.024164 31.764175, 121.021291 31.765038, 120.993149 31.771997, 120.984986 31.790351, 120.984732 31.792237), (121.13222 31.72779, 121.132215 31.727791, 121.132211 31.727791, 121.132206 31.72779, 121.132202 31.72779, 121.132198 31.727789, 121.132194 31.727787, 121.13026 31.72699, 121.130256 31.726988, 121.130252 31.726986, 121.130248 31.726983, 121.130245 31.72698, 121.129154 31.725844, 121.129151 31.725841, 121.129149 31.725837, 121.129147 31.725834, 121.129146 31.72583, 121.129145 31.725826, 121.128514 31.722513, 121.128513 31.722509, 121.128513 31.722505, 121.128514 31.722502, 121.128514 31.722498, 121.128516 31.722494, 121.128517 31.722491, 121.129467 31.720793, 121.129469 31.72079, 121.129471 31.720788, 121.129474 31.720785, 121.129476 31.720782, 121.129479 31.72078, 121.13086 31.719832, 121.130864 31.71983, 121.130867 31.719828, 121.130872 31.719826, 121.130876 31.719825, 121.133382 31.719205, 121.133386 31.719204, 121.13339 31.719204, 121.133395 31.719204, 121.133399 31.719204, 121.135125 31.719362, 121.135129 31.719363, 121.135134 31.719364, 121.135138 31.719365, 121.135142 31.719367, 121.136668 31.72007, 121.136672 31.720072, 121.136676 31.720075, 121.13668 31.720078, 121.136683 31.720081, 121.137969 31.72156, 121.137971 31.721563, 121.137973 31.721566, 121.137975 31.721569, 121.13863 31.723106, 121.138631 31.723109, 121.138632 31.723112, 121.138632 31.723115, 121.138632 31.723119, 121.138626 31.724627, 121.138626 31.72463, 121.138625 31.724633, 121.138624 31.724637, 121.138623 31.72464, 121.138621 31.724643, 121.13766 31.726334, 121.137658 31.726337, 121.137656 31.726339, 121.137653 31.726342, 121.137651 31.726345, 121.137648 31.726347, 121.136262 31.727287, 121.136258 31.727289, 121.136254 31.727291, 121.136249 31.727293, 121.136245 31.727294, 121.13624 31.727295, 121.13222 31.72779))",4506.057935104144,False,land_area_clipped,terminal_area_clipped
35,26.461452363684042,119.95549553043287,515,1392378.7666666666,arithmetic_mean_stop_location,,anchorage,"POLYGON ((119.845112 26.447742, 119.845157 26.447922, 119.845648 26.450568, 119.845808 26.453246, 119.845634 26.455924, 119.844495 26.464876, 119.84414 26.466898, 119.843595 26.468886, 119.842863 26.470826, 119.83741 26.48348, 119.836432 26.485476, 119.835257 26.487385, 119.825247 26.502032, 119.823735 26.504016, 119.822727 26.50509, 119.823071 26.505683, 119.824039 26.507827, 119.824371 26.508831, 119.830913 26.5044, 119.833272 26.502971, 119.835786 26.501773, 119.838427 26.500818, 119.841167 26.500119, 119.843973 26.499683, 119.846815 26.499514, 119.849094 26.499486, 119.847625 26.498042, 119.847623 26.498039, 119.84762 26.498035, 119.847618 26.498032, 119.847616 26.498028, 119.847615 26.498025, 119.847614 26.498021, 119.846939 26.49418, 119.846939 26.494176, 119.846939 26.494172, 119.846939 26.494168, 119.84694 26.494164, 119.846941 26.49416, 119.846943 26.494156, 119.847885 26.492402, 119.847887 26.492398, 119.84789 26.492394, 119.847893 26.492391, 119.847897 26.492388, 119.849252 26.491402, 119.849255 26.4914, 119.849259 26.491398, 119.849263 26.491396, 119.849267 26.491395, 119.851859 26.490698, 119.851863 26.490697, 119.851868 26.490696, 119.851872 26.490696, 119.851876 26.490696, 119.853604 26.490848, 119.853609 26.490848, 119.853614 26.49085, 119.853618 26.490851, 119.853623 26.490853, 119.855483 26.49184, 119.855487 26.491842, 119.85549 26.491845, 119.855493 26.491848, 119.855496 26.491851, 119.855498 26.491854, 119.856628 26.493504, 119.85663 26.493508, 119.856631 26.493511, 119.856633 26.493515, 119.857229 26.495455, 119.85723 26.495459, 119.85723 26.495462, 119.85723 26.495466, 119.85723 26.495469, 119.857084 26.497023, 119.857083 26.497027, 119.857082 26.497031, 119.857081 26.497034, 119.857079 26.497038, 119.856284 26.498425, 119.856281 26.498428, 119.856279 26.498431, 119.856276 26.498434, 119.856273 26.498437, 119.854991 26.499415, 119.883925 26.499066, 119.886598 26.499153, 119.889248 26.499476, 119.89185 26.500033, 119.894377 26.500818, 119.896805 26.501823, 119.899109 26.503039, 119.901267 26.504453, 119.952618 26.541731, 119.954655 26.543369, 119.956494 26.545184, 119.958119 26.547156, 119.959511 26.549266, 119.960657 26.551491, 119.961545 26.553808, 119.962165 26.556194, 119.962511 26.558624, 119.962671 26.560504, 120.081261 26.587192, 120.086471 26.587889, 120.091733 26.587667, 120.096846 26.586534, 120.101615 26.584533, 120.105857 26.58174, 120.109411 26.578263, 120.13912 26.542767, 120.141991 26.538468, 120.143807 26.533732, 120.144491 26.528761, 120.146728 26.419888, 120.14577 26.413052, 120.142694 26.406736, 120.137751 26.401455, 120.131343 26.397641, 120.062245 26.375233, 120.056405 26.374554, 119.976863 26.373169, 119.976777 26.37471, 119.976375 26.377095, 119.975709 26.379432, 119.974786 26.381698, 119.973616 26.38387, 119.972209 26.385927, 119.97058 26.387847, 119.968746 26.389613, 119.966724 26.391205, 119.964535 26.392609, 119.9622 26.39381, 119.959743 26.394797, 119.957188 26.395559, 119.954562 26.396088, 119.951889 26.396381, 119.949198 26.396433, 119.946513 26.396244, 119.931377 26.394495, 119.928954 26.394114, 119.92658 26.393536, 119.924275 26.392767, 119.909892 26.387285, 119.847137 26.444946, 119.845112 26.447742))",10956.366139638005,False,land_area_clipped,terminal_area_clipped
36,23.280472947409578,116.87747923785014,80,239150.10000000003,arithmetic_mean_stop_location,,anchorage,"POLYGON ((116.838653 23.219119, 116.833636 23.220645, 116.82773 23.223123, 116.828735 23.224701, 116.829858 23.226957, 116.830731 23.229305, 116.831343 23.231721, 116.831689 23.234182, 116.831766 23.236662, 116.831572 23.239136, 116.831109 23.24158, 116.830383 23.243969, 116.8294 23.24628, 116.828171 23.248488, 116.826707 23.250573, 116.825024 23.252512, 116.823138 23.254287, 116.821068 23.25588, 116.818835 23.257274, 116.816461 23.258456, 116.813971 23.259413, 116.807178 23.261666, 116.808017 23.268375, 116.809137 23.273135, 116.812654 23.279669, 116.83254 23.305722, 116.836801 23.309352, 116.962188 23.394913, 116.965434 23.394476, 116.967554 23.394269, 116.969685 23.394216, 116.992785 23.394483, 116.99383 23.394514, 116.999836 23.394797, 116.998825 23.39188, 116.998824 23.391876, 116.998823 23.391872, 116.998823 23.391869, 116.998823 23.391865, 116.998823 23.391861, 116.998824 23.391857, 116.999265 23.390279, 116.999267 23.390276, 116.999268 23.390272, 116.99927 23.390269, 116.999272 23.390266, 116.999275 23.390263, 117.000697 23.388709, 117.000699 23.388706, 117.000703 23.388704, 117.000706 23.388702, 117.00071 23.3887, 117.002516 23.38781, 117.00252 23.387809, 117.002524 23.387807, 117.002529 23.387806, 117.002533 23.387806, 117.004718 23.387644, 117.004722 23.387644, 117.004727 23.387644, 117.004731 23.387645, 117.004735 23.387646, 117.004739 23.387648, 117.006747 23.388454, 117.006751 23.388456, 117.006755 23.388458, 117.006758 23.38846, 117.006761 23.388463, 117.006764 23.388466, 117.008117 23.390048, 117.00812 23.390051, 117.008122 23.390055, 117.008123 23.390058, 117.008125 23.390061, 117.008126 23.390065, 117.008674 23.392344, 117.009661 23.392094, 117.015657 23.390884, 117.038271 23.381979, 117.040834 23.381108, 117.043481 23.38048, 117.043758 23.380441, 117.043739 23.380398, 117.025015 23.350753, 117.021444 23.346323, 116.938968 23.265008, 116.872198 23.222882, 116.865064 23.219766, 116.857121 23.218176, 116.851374 23.217693, 116.838653 23.219119))",9710.564453667866,False,land_area_clipped,terminal_area_clipped
38,22.141539236800377,113.77378293178552,26,61789.21666666667,arithmetic_mean_stop_location,,anchorage,"POLYGON ((113.816195 22.119016, 113.814357 22.114558, 113.809975 22.108677, 113.806127 22.105504, 113.801697 22.103067, 113.794321 22.100979, 113.789178 22.100706, 113.765111 22.103602, 113.760121 22.104682, 113.755441 22.106618, 113.751242 22.109339, 113.747675 22.112747, 113.744868 22.116719, 113.733736 22.141893, 113.732613 22.149234, 113.733867 22.156556, 113.737388 22.163213, 113.744299 22.170942, 113.748241 22.174448, 113.752866 22.177146, 113.76369 22.180315, 113.774604 22.181906, 113.782874 22.181791, 113.788197 22.180417, 113.793106 22.178067, 113.797394 22.174839, 113.805527 22.165787, 113.808353 22.161862, 113.810979 22.15523, 113.816576 22.130847, 113.817084 22.123717, 113.816195 22.119016))",16962.262670437303,False,unchanged,unchanged
39,21.059281223962447,110.73108690557446,163,560144.9833333334,arithmetic_mean_stop_location,,anchorage,"POLYGON ((110.72636 20.967775, 110.660603 20.980388, 110.655416 20.981916, 110.650663 20.984386, 110.646538 20.987696, 110.643208 20.991712, 110.640811 20.996271, 110.639443 21.001186, 110.63943 21.008787, 110.65087 21.078765, 110.65459 21.08909, 110.658692 21.095176, 110.664473 21.099929, 110.673095 21.104282, 110.688787 21.109727, 110.716931 21.114873, 110.723744 21.115223, 110.815814 21.108882, 110.824116 21.10609, 110.852146 21.091444, 110.856428 21.088667, 110.860057 21.085173, 110.862896 21.081092, 110.86484 21.076577, 110.865927 21.069363, 110.865393 21.064522, 110.86387 21.059868, 110.861415 21.055574, 110.85812 21.051802, 110.834057 21.033011, 110.76383 20.981668, 110.759599 20.97913, 110.741625 20.970446, 110.734203 20.968061, 110.72636 20.967775))",17490.444026861373,False,unchanged,unchanged
40,24.988720476712164,119.09168596529291,56,183618.09999999998,arithmetic_mean_stop_location,,anchorage,"POLYGON ((119.190865 24.926142, 119.189403 24.919024, 119.187171 24.914632, 119.182153 24.909001, 119.177886 24.906099, 119.173073 24.904016, 119.165245 24.902597, 119.159919 24.90284, 119.15475 24.90403, 119.075345 24.930128, 119.068098 24.933733, 119.062396 24.939159, 119.04447 24.962551, 119.044305 24.963993, 119.043766 24.966374, 119.042968 24.968694, 119.04192 24.97093, 119.040632 24.973061, 119.039117 24.975066, 119.03739 24.976924, 119.035468 24.978618, 119.033369 24.98013, 119.031116 24.981445, 119.029367 24.982255, 119.017474 24.99777, 119.017777 24.998285, 119.018771 25.00045, 119.024874 25.015792, 119.025865 25.018922, 119.029771 25.035321, 119.030316 25.038817, 119.031048 25.048583, 119.0311 25.050921, 119.030904 25.053252, 119.030464 25.055555, 119.029782 25.05781, 119.028865 25.059995, 119.027721 25.062091, 119.026362 25.064078, 119.024799 25.065938, 119.02463 25.066103, 119.035775 25.101664, 119.03748 25.101169, 119.040054 25.100666, 119.042671 25.100393, 119.045304 25.100352, 119.04793 25.100545, 119.050522 25.100968, 119.053056 25.101619, 119.05449 25.102129, 119.077478 25.091809, 119.079698 25.090923, 119.081996 25.090221, 119.091681 25.087698, 119.094266 25.087148, 119.096899 25.086831, 119.099554 25.08675, 119.102205 25.086906, 119.104826 25.087298, 119.107391 25.087921, 119.107693 25.088024, 119.163947 24.995467, 119.189146 24.935639, 119.190526 24.930968, 119.190865 24.926142))",8949.419792672292,False,land_area_clipped,unchanged
43,35.47197782383453,119.88420088879793,150,454435.43333333335,arithmetic_mean_stop_location,,anchorage,"POLYGON ((119.909574 35.424978, 119.901745 35.423395, 119.893692 35.423771, 119.886136 35.426072, 119.863069 35.436533, 119.857597 35.439813, 119.835878 35.456836, 119.832567 35.460876, 119.828336 35.468291, 119.826283 35.475071, 119.826501 35.486017, 119.828982 35.492005, 119.833457 35.497168, 119.837369 35.499936, 119.865339 35.516051, 119.876303 35.52032, 119.882081 35.521898, 119.937007 35.526281, 119.944928 35.525295, 119.949858 35.523597, 119.954278 35.521139, 119.959578 35.516248, 119.962877 35.510304, 119.963883 35.503832, 119.962506 35.497406, 119.947904 35.461741, 119.945998 35.458176, 119.94335 35.45494, 119.920255 35.43151, 119.91432 35.427059, 119.909574 35.424978))",18542.663114496903,False,unchanged,unchanged
49,21.47543970072329,108.67458726838534,54,192476.93333333332,arithmetic_mean_stop_location,,anchorage,"POLYGON ((108.75681 21.459357, 108.757992 21.452134, 108.757507 21.447275, 108.754918 21.440377, 108.752046 21.436293, 108.748378 21.432805, 108.741696 21.42897, 108.736701 21.427485, 108.728867 21.427008, 108.656622 21.432454, 108.651266 21.433372, 108.643873 21.43657, 108.639667 21.439789, 108.636241 21.44373, 108.633737 21.448231, 108.628231 21.461592, 108.624358 21.475171, 108.624152 21.482406, 108.62526 21.48713, 108.627322 21.491567, 108.632026 21.497331, 108.636065 21.500371, 108.658758 21.514309, 108.663426 21.5166, 108.668484 21.518, 108.680469 21.519162, 108.685736 21.519139, 108.6969 21.516664, 108.703637 21.512888, 108.750116 21.469729, 108.753442 21.465956, 108.75681 21.459357))",17176.784517116248,False,unchanged,unchanged
51,33.28451345770115,120.87410149212948,47,159426.51666666666,arithmetic_mean_stop_location,,anchorage,"POLYGON ((120.904638 33.176622, 120.8988 33.172073, 120.89413 33.169926, 120.886411 33.168245, 120.878442 33.168528, 120.870921 33.170752, 120.866485 33.173222, 120.862716 33.176375, 120.858628 33.182107, 120.832518 33.23541, 120.830341 33.242039, 120.830072 33.246417, 120.836056 33.355068, 120.836868 33.359609, 120.840098 33.365928, 120.845461 33.371139, 120.849981 33.373751, 120.859218 33.377997, 120.86664 33.3803, 120.871898 33.380786, 120.877167 33.380404, 120.884653 33.378247, 120.891064 33.374366, 120.894463 33.370982, 120.897005 33.367108, 120.898592 33.362893, 120.918296 33.284257, 120.918785 33.277875, 120.910424 33.188906, 120.908629 33.182402, 120.904638 33.176622))",13928.858379533596,False,unchanged,unchanged
55,31.35112312478282,121.65379156588195,301,693954.3666666667,arithmetic_mean_stop_location,,anchorage,"POLYGON ((121.519924 31.438091, 121.525033 31.439929, 121.530475 31.440837, 121.540437 31.440758, 121.545098 31.439996, 121.558081 31.43684, 121.558641 31.434871, 121.559526 31.432716, 121.560658 31.430647, 121.562024 31.428683, 121.563612 31.426845, 121.565406 31.425151, 121.579729 31.412901, 121.58156 31.411473, 121.583537 31.410194, 121.628195 31.383983, 121.626146 31.384358, 121.626142 31.384359, 121.626138 31.384359, 121.626133 31.384359, 121.626129 31.384358, 121.621388 31.383605, 121.621385 31.383605, 121.621381 31.383604, 121.61918 31.382948, 121.619176 31.382947, 121.619172 31.382945, 121.619169 31.382943, 121.619166 31.382941, 121.619163 31.382939, 121.617608 31.381569, 121.617606 31.381566, 121.617603 31.381563, 121.617601 31.38156, 121.617599 31.381557, 121.617598 31.381554, 121.617597 31.38155, 121.617024 31.379325, 121.617023 31.379321, 121.617023 31.379317, 121.617023 31.379314, 121.617024 31.37931, 121.617025 31.379306, 121.617906 31.376756, 121.617907 31.376752, 121.617909 31.376748, 121.617911 31.376745, 121.617914 31.376742, 121.617917 31.376739, 121.619833 31.375128, 121.619837 31.375125, 121.61984 31.375123, 121.619844 31.375121, 121.619848 31.37512, 121.619852 31.375118, 121.619857 31.375118, 121.622375 31.374723, 121.624395 31.373339, 121.624398 31.373337, 121.624402 31.373335, 121.624406 31.373334, 121.62441 31.373332, 121.624414 31.373331, 121.626537 31.372962, 121.626542 31.372962, 121.626546 31.372961, 121.626551 31.372961, 121.626555 31.372962, 121.629661 31.373475, 121.629666 31.373476, 121.62967 31.373478, 121.629674 31.373479, 121.629678 31.373481, 121.629682 31.373484, 121.631601 31.374899, 121.631604 31.374902, 121.631607 31.374905, 121.63161 31.374908, 121.631612 31.374911, 121.631614 31.374915, 121.632309 31.376627, 121.63231 31.37663, 121.632311 31.376633, 121.632311 31.376637, 121.632311 31.37664, 121.632311 31.376644, 121.631992 31.378768, 121.631992 31.378772, 121.63199 31.378775, 121.630608 31.382209, 121.630606 31.382212, 121.630604 31.382216, 121.630601 31.382219, 121.630598 31.382223, 121.629485 31.383225, 121.658139 31.366404, 121.656587 31.366572, 121.656582 31.366572, 121.656578 31.366572, 121.656574 31.366572, 121.65657 31.366571, 121.654739 31.366158, 121.654734 31.366157, 121.65473 31.366156, 121.654727 31.366154, 121.652866 31.365176, 121.652863 31.365174, 121.652859 31.365172, 121.652856 31.365169, 121.652853 31.365166, 121.652851 31.365163, 121.652849 31.36516, 121.651588 31.362809, 121.651586 31.362805, 121.651585 31.362802, 121.651584 31.362798, 121.651584 31.362794, 121.651584 31.36279, 121.651584 31.362787, 121.652167 31.359737, 121.652168 31.359733, 121.652169 31.35973, 121.65217 31.359727, 121.652172 31.359724, 121.652174 31.359721, 121.653705 31.357855, 121.653708 31.357852, 121.653711 31.357849, 121.653714 31.357847, 121.653717 31.357845, 121.653721 31.357843, 121.653725 31.357841, 121.655958 31.357073, 121.657288 31.355756, 121.657291 31.355753, 121.657294 31.355751, 121.657298 31.355748, 121.657301 31.355747, 121.657305 31.355745, 121.659343 31.35505, 121.659348 31.355049, 121.659352 31.355048, 121.659357 31.355048, 121.659361 31.355048, 121.659366 31.355048, 121.662642 31.35541, 121.662647 31.355411, 121.662651 31.355412, 121.662655 31.355413, 121.662658 31.355415, 121.662662 31.355416, 121.664428 31.356436, 121.664432 31.356438, 121.664435 31.356441, 121.664439 31.356444, 121.664441 31.356448, 121.665329 31.357697, 121.665331 31.357701, 121.665333 31.357705, 121.665334 31.357708, 121.665335 31.357712, 121.665586 31.359386, 121.666896 31.360411, 121.666899 31.360413, 121.666901 31.360416, 121.666904 31.360419, 121.666906 31.360422, 121.666907 31.360425, 121.667212 31.361076, 121.703037 31.340039, 121.704296 31.33894, 121.705751 31.33662, 121.705754 31.336617, 121.705756 31.336614, 121.705759 31.336611, 121.705762 31.336609, 121.705766 31.336606, 121.70722 31.335781, 121.707223 31.335779, 121.707227 31.335777, 121.707231 31.335776, 121.707235 31.335775, 121.708095 31.335621, 121.709113 31.334732, 121.70989 31.332851, 121.709892 31.332847, 121.709894 31.332844, 121.709896 31.332841, 121.709899 31.332838, 121.709902 31.332835, 121.711788 31.331391, 121.711792 31.331389, 121.711795 31.331387, 121.711799 31.331385, 121.711803 31.331384, 121.711807 31.331383, 121.713337 31.331043, 121.73237 31.314416, 121.734987 31.31241, 121.749717 31.302521, 121.751787 31.30126, 121.753988 31.300173, 121.756299 31.299267, 121.758699 31.298551, 121.761168 31.298032, 121.763683 31.297714, 121.766221 31.297599, 121.768761 31.29769, 121.77128 31.297985, 121.773755 31.298481, 121.776164 31.299174, 121.779156 31.300172, 121.783176 31.291988, 121.784711 31.287765, 121.785182 31.281157, 121.782756 31.272269, 121.779557 31.266169, 121.774445 31.26111, 121.773794 31.260717, 121.760373 31.277939, 121.760771 31.278597, 121.760773 31.278601, 121.760775 31.278605, 121.760776 31.278609, 121.76106 31.280118, 121.761061 31.280123, 121.761061 31.280127, 121.76106 31.280131, 121.760618 31.282376, 121.760617 31.28238, 121.760615 31.282383, 121.760614 31.282387, 121.760612 31.28239, 121.759671 31.283706, 121.760172 31.285484, 121.760173 31.285488, 121.760173 31.285492, 121.760173 31.285496, 121.760172 31.2855, 121.759723 31.287626, 121.759722 31.28763, 121.759721 31.287634, 121.759719 31.287638, 121.759716 31.287641, 121.758207 31.28951, 121.758204 31.289513, 121.758201 31.289516, 121.758198 31.289518, 121.758194 31.28952, 121.75819 31.289522, 121.756594 31.290208, 121.756591 31.29021, 121.756587 31.290211, 121.756583 31.290212, 121.756579 31.290212, 121.756575 31.290212, 121.754351 31.290242, 121.754346 31.290242, 121.754342 31.290242, 121.754338 31.290241, 121.752504 31.289794, 121.752501 31.289793, 121.752497 31.289792, 121.752494 31.28979, 121.75249 31.289788, 121.751578 31.289223, 121.751129 31.289799, 121.751386 31.290356, 121.751387 31.29036, 121.751388 31.290363, 121.751388 31.290366, 121.751389 31.29037, 121.751389 31.290373, 121.751172 31.292751, 121.751172 31.292754, 121.751171 31.292758, 121.75117 31.292762, 121.751168 31.292765, 121.750394 31.294079, 121.750391 31.294082, 121.750389 31.294085, 121.750386 31.294088, 121.750383 31.294091, 121.749087 31.295059, 121.749084 31.295062, 121.74908 31.295064, 121.749076 31.295065, 121.749072 31.295067, 121.747445 31.295548, 121.747441 31.295549, 121.747436 31.295549, 121.747431 31.29555, 121.746528 31.295565, 121.746012 31.296161, 121.744227 31.297845, 121.742258 31.299371, 121.740121 31.300724, 121.685091 31.332092, 121.646959 31.354675, 121.644533 31.355955, 121.641961 31.357008, 121.569256 31.382856, 121.569106 31.383082, 121.569104 31.383085, 121.569102 31.383088, 121.569099 31.38309, 121.569095 31.383093, 121.567754 31.384004, 121.56775 31.384007, 121.567746 31.384008, 121.567743 31.38401, 121.567738 31.384011, 121.566094 31.384427, 121.56609 31.384428, 121.566085 31.384429, 121.566081 31.384429, 121.564895 31.384406, 121.559462 31.386337, 121.502269 31.421493, 121.513352 31.433767, 121.519924 31.438091), (121.649044 31.371271, 121.64904 31.371274, 121.649036 31.371276, 121.649032 31.371278, 121.649028 31.37128, 121.644727 31.3727, 121.644723 31.372702, 121.644718 31.372702, 121.644713 31.372703, 121.64184 31.372821, 121.641836 31.372821, 121.641831 31.372821, 121.641827 31.37282, 121.639753 31.372355, 121.639749 31.372354, 121.639745 31.372352, 121.639741 31.37235, 121.639737 31.372348, 121.639734 31.372346, 121.638149 31.371113, 121.638146 31.37111, 121.638144 31.371107, 121.638141 31.371104, 121.638139 31.371101, 121.638137 31.371098, 121.637403 31.369378, 121.637402 31.369374, 121.637401 31.369371, 121.6374 31.369368, 121.6374 31.369365, 121.637391 31.365433, 121.637391 31.36543, 121.637392 31.365426, 121.637393 31.365422, 121.637394 31.365419, 121.637396 31.365415, 121.637399 31.365412, 121.637401 31.365409, 121.639372 31.363344, 121.639375 31.363341, 121.639378 31.363339, 121.639381 31.363337, 121.639385 31.363335, 121.639388 31.363333, 121.639392 31.363332, 121.641853 31.362582, 121.641857 31.362581, 121.641862 31.36258, 121.641867 31.36258, 121.647303 31.362531, 121.647308 31.362531, 121.647312 31.362532, 121.647317 31.362533, 121.647321 31.362534, 121.647325 31.362536, 121.647329 31.362538, 121.649872 31.364038, 121.649875 31.36404, 121.649878 31.364043, 121.649881 31.364045, 121.649884 31.364048, 121.649886 31.364051, 121.649888 31.364054, 121.650608 31.365455, 121.65061 31.365458, 121.650611 31.365462, 121.650612 31.365466, 121.650942 31.36842, 121.650942 31.368424, 121.650942 31.368428, 121.650941 31.368432, 121.65094 31.368436, 121.650251 31.370184, 121.650249 31.370188, 121.650247 31.370192, 121.650244 31.370196, 121.650241 31.370199, 121.649044 31.371271), (121.605749 31.391301, 121.605746 31.391298, 121.605743 31.391296, 121.60574 31.391293, 121.605738 31.39129, 121.604648 31.389656, 121.604646 31.389653, 121.604644 31.389649, 121.604643 31.389645, 121.604311 31.388145, 121.60431 31.388141, 121.60431 31.388137, 121.60431 31.388133, 121.604311 31.388129, 121.604691 31.386638, 121.604692 31.386634, 121.604693 31.386631, 121.604695 31.386628, 121.604697 31.386625, 121.6047 31.386622, 121.606073 31.385126, 121.606076 31.385124, 121.606079 31.385121, 121.606082 31.385119, 121.606085 31.385117, 121.607784 31.384217, 121.607787 31.384216, 121.607791 31.384214, 121.607795 31.384213, 121.607799 31.384212, 121.607803 31.384212, 121.610007 31.38401, 121.610011 31.38401, 121.610015 31.38401, 121.610019 31.384011, 121.610023 31.384011, 121.610027 31.384012, 121.611704 31.384522, 121.611708 31.384524, 121.611712 31.384525, 121.611715 31.384527, 121.611718 31.384529, 121.611721 31.384532, 121.61328 31.385878, 121.613283 31.38588, 121.613285 31.385883, 121.613288 31.385886, 121.613289 31.38589, 121.613291 31.385893, 121.614345 31.38873, 121.614346 31.388733, 121.614347 31.388737, 121.614347 31.38874, 121.614347 31.388744, 121.614347 31.388748, 121.614346 31.388751, 121.613887 31.390209, 121.613885 31.390213, 121.613884 31.390217, 121.613882 31.39022, 121.613879 31.390223, 121.612796 31.391417, 121.612793 31.39142, 121.612789 31.391423, 121.612785 31.391425, 121.611084 31.39238, 121.61108 31.392382, 121.611077 31.392383, 121.611073 31.392384, 121.611069 31.392385, 121.609327 31.39271, 121.609323 31.39271, 121.609319 31.392711, 121.609315 31.392711, 121.609311 31.39271, 121.609307 31.39271, 121.607148 31.39227, 121.607144 31.392269, 121.607141 31.392267, 121.607137 31.392266, 121.607134 31.392264, 121.60713 31.392262, 121.605749 31.391301))",3052.979892392025,False,land_area_clipped,terminal_area_clipped
56,25.776530131519742,119.8312489843637,76,197335.0,arithmetic_mean_stop_location,,anchorage,"POLYGON ((119.818181 25.728963, 119.812953 25.729182, 119.807871 25.730308, 119.803126 25.732297, 119.798897 25.735075, 119.795345 25.738536, 119.791567 25.744719, 119.780305 25.782402, 119.779418 25.789546, 119.780894 25.79661, 119.784604 25.802974, 119.790222 25.80808, 119.797255 25.811481, 119.802429 25.812646, 119.812316 25.812812, 119.859922 25.807294, 119.865081 25.806224, 119.87716 25.800515, 119.885194 25.7956, 119.890509 25.790303, 119.893882 25.783843, 119.895022 25.776779, 119.89383 25.769721, 119.890409 25.76328, 119.885055 25.758014, 119.880634 25.755387, 119.842506 25.737294, 119.828286 25.731241, 119.823357 25.729658, 119.818181 25.728963))",15513.06390906762,False,unchanged,unchanged
57,25.959459971973146,119.80502874595906,50,141208.7666666667,arithmetic_mean_stop_location,,anchorage,"POLYGON ((119.761644 25.907673, 119.756474 25.908994, 119.751697 25.911211, 119.747505 25.914236, 119.744064 25.91795, 119.74151 25.922203, 119.739946 25.926828, 119.739433 25.93164, 119.739543 25.954306, 119.740011 25.958698, 119.741357 25.962941, 119.743537 25.966894, 119.75281 25.978017, 119.758702 25.982397, 119.776024 25.991916, 119.787776 25.996722, 119.794952 25.998487, 119.826141 26.002116, 119.84082 26.003134, 119.850218 26.002282, 119.855462 26.001256, 119.862647 25.998026, 119.866706 25.994871, 119.871298 25.988946, 119.873742 25.982067, 119.875435 25.958685, 119.875255 25.954089, 119.873193 25.947459, 119.870695 25.943446, 119.857058 25.928889, 119.851074 25.924889, 119.8441 25.922517, 119.772337 25.907895, 119.767003 25.907302, 119.761644 25.907673))",11850.490611728634,False,unchanged,unchanged
62,33.88413333398337,120.57143005914924,25,69916.81666666668,arithmetic_mean_stop_location,,anchorage,"POLYGON ((120.597372 33.818341, 120.589616 33.819305, 120.584774 33.820967, 120.536513 33.847604, 120.532829 33.850624, 120.528769 33.856106, 120.526755 33.86232, 120.516254 33.936451, 120.517355 33.943171, 120.520834 33.949307, 120.526371 33.954295, 120.53096 33.956751, 120.551272 33.963407, 120.559042 33.964859, 120.564361 33.964746, 120.56955 33.963768, 120.574406 33.961964, 120.57874 33.959404, 120.5839 33.954371, 120.651636 33.863785, 120.654047 33.857637, 120.65424 33.851173, 120.652201 33.844932, 120.648098 33.839436, 120.644379 33.836416, 120.640031 33.834045, 120.609984 33.820915, 120.602586 33.818753, 120.597372 33.818341))",16287.001074438142,False,unchanged,unchanged
63,33.820989292558416,120.48092280459653,10,46011.2,arithmetic_mean_stop_location,,anchorage,"POLYGON ((120.486145 33.845436, 120.491401 33.844994, 120.49884 33.842765, 120.503224 33.840318, 120.50695 33.837207, 120.509873 33.833552, 120.511882 33.829494, 120.512899 33.825188, 120.512885 33.820799, 120.511842 33.816497, 120.509808 33.812446, 120.506862 33.808803, 120.49856 33.801943, 120.491664 33.798553, 120.486528 33.7973, 120.477494 33.795887, 120.477827 33.799994, 120.477862 33.802471, 120.477569 33.804936, 120.476949 33.80736, 120.46938 33.830551, 120.468682 33.832379, 120.467797 33.83415, 120.463971 33.840968, 120.480765 33.845018, 120.486145 33.845436))",3904.8314606409162,False,land_area_clipped,unchanged
64,35.96974277301985,120.39313530866922,68,213607.05000000002,arithmetic_mean_stop_location,,anchorage,"POLYGON ((120.407986 35.928852, 120.392503 35.92987, 120.385709 35.931045, 120.359833 35.940638, 120.34745 35.948535, 120.343858 35.952055, 120.341249 35.956102, 120.336348 35.966504, 120.332182 35.987487, 120.332168 35.98832, 120.331899 35.990347, 120.331397 35.992345, 120.330904 35.993924, 120.330821 35.994343, 120.331516 36.000737, 120.333254 36.004788, 120.335938 36.008486, 120.341503 36.013061, 120.346029 36.015292, 120.351007 36.016763, 120.356245 36.017418, 120.36154 36.017231, 120.424569 36.004826, 120.448284 35.996845, 120.454675 35.994191, 120.459157 35.99179, 120.46456 35.986965, 120.467962 35.981065, 120.46896 35.976791, 120.46889 35.972441, 120.467178 35.960223, 120.466173 35.956308, 120.464303 35.952606, 120.457909 35.944394, 120.452323 35.939323, 120.445081 35.935889, 120.417338 35.929566, 120.412701 35.928876, 120.407986 35.928852))",10063.902996728344,False,land_area_clipped,unchanged
66,29.949489902917215,122.1133507684824,456,1838468.0,arithmetic_mean_stop_location,,anchorage,"POLYGON ((122.151738 29.865312, 122.153847 29.866714, 122.155787 29.86829, 122.157538 29.870024, 122.159084 29.871898, 122.160409 29.873896, 122.161501 29.875997, 122.162349 29.878181, 122.162944 29.880427, 122.163282 29.882713, 122.163358 29.885017, 122.163173 29.887315, 122.162727 29.889587, 122.162025 29.891809, 122.154753 29.911049, 122.15379 29.913225, 122.152581 29.915307, 122.151139 29.917274, 122.149478 29.919106, 122.147614 29.920786, 122.145567 29.922297, 122.143356 29.923623, 122.141004 29.924752, 122.138534 29.925671, 122.13597 29.926373, 122.133338 29.926851, 122.110082 29.930027, 122.107474 29.930271, 122.104851 29.930294, 122.102238 29.930096, 122.099659 29.929679, 122.097139 29.929047, 122.094703 29.928205, 122.075497 29.920613, 122.072918 29.919444, 122.05758 29.911547, 122.053888 29.910835, 122.019883 29.912171, 122.020349 29.916833, 122.020449 29.919048, 122.020306 29.92126, 122.019922 29.923451, 122.019299 29.925601, 122.018445 29.92769, 122.017366 29.929699, 122.010693 29.940725, 122.009153 29.942957, 122.007337 29.945026, 121.992878 29.959724, 121.991944 29.960717, 121.98893 29.964647, 121.987255 29.966602, 121.985354 29.968396, 121.983247 29.970008, 121.980959 29.971421, 121.978512 29.97262, 121.975935 29.973592, 121.973256 29.974326, 121.966745 29.97579, 121.964144 29.976258, 121.961503 29.976502, 121.958846 29.976519, 121.9562 29.97631, 121.953592 29.975876, 121.951045 29.975222, 121.948584 29.974353, 121.946235 29.973279, 121.944019 29.97201, 121.935962 29.966884, 121.933924 29.96545, 121.932057 29.963851, 121.921071 29.953477, 121.919464 29.951809, 121.918042 29.95002, 121.916819 29.948124, 121.915804 29.946138, 121.914563 29.943365, 121.908554 29.945074, 121.883407 29.95396, 121.883161 29.954046, 121.88091 29.954819, 121.882912 29.955524, 121.900978 29.962768, 121.903173 29.963756, 121.905254 29.964915, 121.907204 29.966234, 121.909005 29.967702, 121.910644 29.969307, 121.912106 29.971036, 121.925778 29.98886, 121.92722 29.990974, 121.928398 29.993206, 121.929298 29.995534, 121.93646 30.017874, 121.937087 30.020339, 121.937402 30.022849, 121.937403 30.025374, 121.936101 30.046247, 121.935843 30.048444, 121.935346 30.05061, 121.934614 30.052726, 121.933655 30.054772, 121.932477 30.056731, 121.93109 30.058584, 121.92401 30.067128, 121.922279 30.069004, 121.920335 30.070716, 121.918199 30.072246, 121.915891 30.073578, 121.913438 30.074698, 121.910865 30.075593, 121.909376 30.076035, 121.908298 30.080822, 121.907601 30.083229, 121.906612 30.085558, 121.905342 30.087783, 121.903807 30.089878, 121.90356 30.090147, 121.931934 30.125987, 121.935646 30.129146, 121.938058 30.130524, 121.938898 30.126006, 121.939429 30.123822, 121.940199 30.121691, 121.941202 30.119634, 121.9424 30.117471, 121.94222 30.117131, 121.942219 30.117128, 121.942217 30.117124, 121.942217 30.117121, 121.942216 30.117118, 121.942028 30.115042, 121.942027 30.115038, 121.942028 30.115035, 121.942029 30.115031, 121.94203 30.115027, 121.943018 30.112422, 121.943019 30.112419, 121.943022 30.112415, 121.943024 30.112411, 121.943027 30.112408, 121.943031 30.112405, 121.944496 30.111286, 121.944499 30.111283, 121.944503 30.111281, 121.944506 30.11128, 121.94451 30.111278, 121.946123 30.110751, 121.946491 30.110086, 121.946854 30.108818, 121.946856 30.108814, 121.946857 30.10881, 121.94686 30.108806, 121.946862 30.108803, 121.946866 30.1088, 121.947532 30.108207, 121.950772 30.102357, 121.949516 30.100857, 121.949514 30.100854, 121.949512 30.10085, 121.94951 30.100847, 121.949509 30.100843, 121.949098 30.099417, 121.949098 30.099413, 121.949097 30.099409, 121.949097 30.099405, 121.949098 30.099401, 121.949485 30.0976, 121.949486 30.097596, 121.949488 30.097592, 121.94949 30.097589, 121.949493 30.097585, 121.950469 30.096382, 121.950472 30.096379, 121.950474 30.096377, 121.950477 30.096375, 121.950481 30.096373, 121.95245 30.095205, 121.952454 30.095203, 121.952458 30.095202, 121.952463 30.0952, 121.952467 30.095199, 121.952764 30.095152, 121.953391 30.091297, 121.951376 30.091437, 121.951372 30.091437, 121.951368 30.091437, 121.951364 30.091436, 121.95136 30.091436, 121.951357 30.091434, 121.948331 30.090415, 121.948327 30.090414, 121.948323 30.090412, 121.94832 30.09041, 121.948316 30.090407, 121.948313 30.090405, 121.948311 30.090402, 121.948308 30.090399, 121.946776 30.088143, 121.9452 30.087064, 121.945197 30.087061, 121.945193 30.087058, 121.94519 30.087055, 121.945188 30.087051, 121.944369 30.085653, 121.944367 30.08565, 121.944366 30.085646, 121.944365 30.085642, 121.944364 30.085638, 121.944149 30.082847, 121.944149 30.082843, 121.944149 30.082838, 121.94415 30.082834, 121.944152 30.08283, 121.944899 30.081127, 121.944901 30.081123, 121.944903 30.08112, 121.944905 30.081117, 121.944908 30.081115, 121.944911 30.081112, 121.946571 30.079757, 121.946574 30.079755, 121.946577 30.079753, 121.946581 30.079751, 121.946585 30.079749, 121.947962 30.079264, 121.946386 30.075324, 121.945628 30.073064, 121.945136 30.07075, 121.944916 30.068405, 121.94497 30.066052, 121.945298 30.063716, 121.946845 30.055985, 121.947359 30.053956, 121.948079 30.051975, 121.949001 30.050058, 121.952419 30.04375, 121.953467 30.042009, 121.954681 30.040351, 121.956052 30.038787, 121.970944 30.023201, 121.972552 30.021662, 121.974312 30.020253, 121.976209 30.018986, 121.978229 30.017869, 121.980355 30.016912, 121.984099 30.015406, 121.984324 30.015325, 121.984299 30.014554, 121.984462 30.012638, 121.984014 30.011632, 121.983292 30.009347, 121.982841 30.007009, 121.982666 30.004644, 121.98277 30.002276, 121.98315 29.999929, 121.984045 29.995901, 121.984674 29.993669, 121.985553 29.991501, 121.986674 29.989418, 121.988027 29.987441, 121.989597 29.985589, 121.991369 29.983879, 121.993328 29.982329, 121.995452 29.980953, 121.997723 29.979764, 122.000118 29.978775, 122.008663 29.975682, 122.011215 29.974886, 122.013848 29.974317, 122.016533 29.973979, 122.019243 29.973877, 122.025916 29.973918, 122.028369 29.97403, 122.0308 29.974335, 122.033189 29.97483, 122.035515 29.975512, 122.037761 29.976374, 122.040067 29.977371, 122.040623 29.97683, 122.040626 29.976828, 122.040629 29.976825, 122.040633 29.976823, 122.040637 29.976821, 122.040642 29.976819, 122.040646 29.976818, 122.043675 29.976198, 122.043679 29.976197, 122.043683 29.976197, 122.043687 29.976197, 122.043692 29.976197, 122.043696 29.976198, 122.046825 29.976883, 122.048662 29.976296, 122.048666 29.976295, 122.048671 29.976294, 122.048675 29.976294, 122.04868 29.976294, 122.052273 29.976458, 122.052277 29.976458, 122.052282 29.976459, 122.052286 29.97646, 122.05229 29.976462, 122.054566 29.977422, 122.05457 29.977424, 122.054573 29.977426, 122.054577 29.977428, 122.05458 29.977431, 122.054582 29.977434, 122.0556 29.978614, 122.055602 29.978617, 122.055604 29.978621, 122.055606 29.978624, 122.055607 29.978628, 122.056045 29.980051, 122.056046 29.980055, 122.056046 29.980059, 122.056046 29.980063, 122.055885 29.983312, 122.055885 29.983316, 122.055884 29.98332, 122.055882 29.983324, 122.05588 29.983328, 122.055282 29.984355, 122.059651 29.986013, 122.062709 29.987381, 122.074713 29.993622, 122.076088 29.993815, 122.077087 29.99321, 122.077091 29.993208, 122.077095 29.993206, 122.0771 29.993204, 122.077104 29.993203, 122.079787 29.992755, 122.079791 29.992755, 122.079795 29.992754, 122.079799 29.992755, 122.079803 29.992755, 122.081544 29.993007, 122.081548 29.993008, 122.081552 29.993009, 122.081556 29.993011, 122.08156 29.993013, 122.082064 29.993287, 122.092101 29.99181, 122.135103 29.978427, 122.137384 29.977814, 122.139719 29.977379, 122.149156 29.975995, 122.147309 29.975343, 122.147305 29.975342, 122.147301 29.97534, 122.147298 29.975338, 122.147295 29.975336, 122.147292 29.975334, 122.146106 29.97421, 122.146103 29.974207, 122.1461 29.974204, 122.146098 29.9742, 122.146097 29.974197, 122.145499 29.972764, 122.145498 29.97276, 122.145497 29.972756, 122.145496 29.972752, 122.145373 29.969495, 122.145373 29.969491, 122.145374 29.969487, 122.145375 29.969483, 122.145377 29.969479, 122.146263 29.967686, 122.146265 29.967683, 122.146267 29.96768, 122.146269 29.967677, 122.146272 29.967674, 122.146275 29.967672, 122.147646 29.966651, 122.147649 29.966648, 122.147653 29.966646, 122.147657 29.966644, 122.147661 29.966643, 122.149386 29.966173, 122.149389 29.966172, 122.149393 29.966171, 122.149397 29.966171, 122.152662 29.96605, 122.152667 29.96605, 122.152671 29.966051, 122.152675 29.966051, 122.152679 29.966052, 122.152683 29.966054, 122.154668 29.966864, 122.154672 29.966866, 122.154675 29.966868, 122.154678 29.96687, 122.154681 29.966872, 122.156033 29.968066, 122.156036 29.968069, 122.156039 29.968072, 122.156041 29.968075, 122.156043 29.968079, 122.156708 29.969541, 122.156709 29.969545, 122.15671 29.969548, 122.156711 29.969552, 122.156711 29.969556, 122.156672 29.972569, 122.156671 29.972573, 122.156671 29.972576, 122.15667 29.97258, 122.156669 29.972583, 122.155859 29.974353, 122.155857 29.974356, 122.155855 29.974359, 122.155853 29.974362, 122.15585 29.974364, 122.155847 29.974367, 122.154863 29.975158, 122.17729 29.97187, 122.216904 29.957792, 122.228377 29.951656, 122.258131 29.924001, 122.260056 29.922382, 122.262157 29.920936, 122.264413 29.919679, 122.266802 29.918622, 122.28259 29.912476, 122.285099 29.911628, 122.287693 29.911, 122.290346 29.9106, 122.293032 29.910432, 122.295724 29.910497, 122.298395 29.910794, 122.299659 29.911048, 122.299467 29.902744, 122.298361 29.898336, 122.2963 29.894194, 122.291591 29.888814, 122.287545 29.885978, 122.259165 29.869841, 122.246762 29.869453, 122.244166 29.869263, 122.241604 29.868856, 122.239099 29.868237, 122.236675 29.867411, 122.234354 29.866386, 122.232158 29.865171, 122.216126 29.855326, 122.214092 29.853945, 122.212219 29.852401, 122.212108 29.85229, 122.137429 29.856734, 122.151738 29.865312), (122.260381 29.915074, 122.260377 29.915072, 122.260373 29.915069, 122.260369 29.915066, 122.260366 29.915063, 122.259317 29.913861, 122.259315 29.913858, 122.259313 29.913855, 122.259311 29.913852, 122.25931 29.913848, 122.259309 29.913845, 122.259308 29.913841, 122.25891 29.910405, 122.25891 29.910401, 122.25891 29.910397, 122.258911 29.910394, 122.258912 29.91039, 122.258913 29.910387, 122.258915 29.910383, 122.2599 29.908711, 122.259903 29.908708, 122.259906 29.908704, 122.259909 29.908701, 122.259913 29.908698, 122.261286 29.907774, 122.26129 29.907772, 122.261294 29.90777, 122.261299 29.907768, 122.261303 29.907767, 122.26391 29.907222, 122.263914 29.907221, 122.263918 29.907221, 122.263921 29.907221, 122.263925 29.907221, 122.265621 29.907389, 122.265626 29.90739, 122.26563 29.907391, 122.265635 29.907392, 122.265639 29.907394, 122.267458 29.908347, 122.267462 29.90835, 122.267465 29.908352, 122.267468 29.908354, 122.267471 29.908357, 122.267474 29.90836, 122.268584 29.909932, 122.268586 29.909935, 122.268587 29.909939, 122.268588 29.909942, 122.269119 29.911612, 122.26912 29.911615, 122.269121 29.911618, 122.269121 29.911622, 122.269121 29.911625, 122.268992 29.913112, 122.268992 29.913116, 122.268991 29.913119, 122.268989 29.913123, 122.268988 29.913126, 122.268223 29.914462, 122.268221 29.914466, 122.268218 29.914469, 122.268215 29.914472, 122.268211 29.914475, 122.266541 29.915639, 122.266538 29.915641, 122.266534 29.915643, 122.26653 29.915645, 122.266526 29.915646, 122.266521 29.915647, 122.266517 29.915647, 122.262322 29.915953, 122.262318 29.915953, 122.262313 29.915953, 122.262309 29.915952, 122.262305 29.915951, 122.262301 29.91595, 122.262297 29.915949, 122.260381 29.915074), (122.060222 29.983481, 122.060218 29.983478, 122.060214 29.983475, 122.060211 29.983472, 122.05896 29.982089, 122.058958 29.982086, 122.058956 29.982083, 122.058954 29.98208, 122.058953 29.982077, 122.058428 29.980586, 122.058427 29.980582, 122.058426 29.980578, 122.058426 29.980574, 122.058426 29.98057, 122.058619 29.979021, 122.058619 29.979017, 122.058621 29.979013, 122.058622 29.979009, 122.058624 29.979006, 122.059503 29.977646, 122.059506 29.977643, 122.059509 29.977639, 122.059513 29.977636, 122.060978 29.976506, 122.060982 29.976503, 122.060986 29.976501, 122.06099 29.9765, 122.060994 29.976498, 122.063013 29.975906, 122.063017 29.975905, 122.063021 29.975904, 122.063025 29.975904, 122.06303 29.975904, 122.063034 29.975904, 122.065141 29.976185, 122.065145 29.976186, 122.065149 29.976187, 122.065153 29.976188, 122.065157 29.97619, 122.065161 29.976192, 122.066881 29.977283, 122.066884 29.977285, 122.066887 29.977288, 122.06689 29.977291, 122.066892 29.977294, 122.066895 29.977297, 122.068378 29.979897, 122.06838 29.979901, 122.068381 29.979904, 122.068382 29.979908, 122.068382 29.979912, 122.068383 29.979915, 122.068382 29.979919, 122.06819 29.981468, 122.068189 29.981472, 122.068188 29.981476, 122.068186 29.98148, 122.068184 29.981483, 122.067305 29.982843, 122.067302 29.982847, 122.067299 29.98285, 122.067296 29.982853, 122.06583 29.983983, 122.065827 29.983986, 122.065823 29.983988, 122.065819 29.983989, 122.065815 29.983991, 122.063796 29.984583, 122.063791 29.984584, 122.063787 29.984585, 122.063783 29.984585, 122.063779 29.984585, 122.063774 29.984585, 122.061667 29.984304, 122.061663 29.984303, 122.061658 29.984302, 122.061654 29.9843, 122.061649 29.984298, 122.060222 29.983481))",5526.5414653791195,False,land_area_clipped,terminal_area_clipped
69,38.88920244463513,122.00283519714074,43,128679.88333333333,arithmetic_mean_stop_location,,anchorage,"POLYGON ((122.049974 38.800198, 122.045755 38.79765, 122.040974 38.7958, 122.03582 38.794721, 122.030493 38.794455, 122.025204 38.795012, 122.02016 38.79637, 121.95081 38.821394, 121.946422 38.82391, 121.942773 38.827061, 121.939002 38.832694, 121.937566 38.838946, 121.935125 38.91436, 121.935509 38.918454, 121.936911 38.922412, 121.939278 38.926081, 121.942518 38.92932, 121.969369 38.951147, 121.974241 38.953702, 121.99116 38.960616, 121.995994 38.962147, 122.003726 38.963021, 122.025116 38.961484, 122.059 38.955134, 122.063835 38.953804, 122.070264 38.950541, 122.07525 38.945999, 122.087091 38.928006, 122.088939 38.924349, 122.089994 38.918525, 122.089518 38.914613, 122.073138 38.847725, 122.05705 38.808907, 122.053466 38.803343, 122.049974 38.800198))",16564.62589855577,False,unchanged,unchanged
70,30.390523561673803,122.44848188888459,284,875570.2333333334,arithmetic_mean_stop_location,,anchorage,"POLYGON ((122.591879 30.310549, 122.589394 30.306534, 122.586051 30.303014, 122.581979 30.300123, 122.577332 30.297972, 122.572289 30.296643, 122.567043 30.296188, 122.368924 30.312502, 122.363538 30.313434, 122.356144 30.316542, 122.351972 30.319627, 122.289523 30.376465, 122.285589 30.382526, 122.284204 30.387009, 122.283879 30.39164, 122.284626 30.396235, 122.285871 30.398853, 122.287075 30.398867, 122.307665 30.399966, 122.31015 30.400199, 122.3126 30.400629, 122.314993 30.401254, 122.350141 30.411985, 122.355922 30.411046, 122.390864 30.398231, 122.390494 30.396951, 122.390493 30.396947, 122.390493 30.396944, 122.390493 30.39694, 122.390493 30.396936, 122.390494 30.396933, 122.390953 30.395258, 122.388841 30.394829, 122.388837 30.394828, 122.388833 30.394827, 122.388829 30.394825, 122.388825 30.394823, 122.387084 30.393725, 122.387081 30.393723, 122.387078 30.39372, 122.387075 30.393718, 122.387073 30.393715, 122.387071 30.393711, 122.386123 30.392041, 122.386122 30.392037, 122.38612 30.392033, 122.386119 30.39203, 122.386119 30.392026, 122.385993 30.390092, 122.385993 30.390087, 122.385994 30.390083, 122.386318 30.388565, 122.386319 30.388561, 122.38632 30.388558, 122.386322 30.388554, 122.386324 30.388551, 122.387309 30.387262, 122.387311 30.387259, 122.387314 30.387257, 122.387317 30.387254, 122.38732 30.387252, 122.389177 30.386112, 122.389181 30.38611, 122.389185 30.386108, 122.389189 30.386107, 122.389193 30.386106, 122.390839 30.385795, 122.390843 30.385794, 122.390847 30.385794, 122.390851 30.385794, 122.390855 30.385794, 122.390859 30.385795, 122.393993 30.386419, 122.393997 30.38642, 122.394001 30.386421, 122.394005 30.386423, 122.394008 30.386425, 122.394012 30.386427, 122.395673 30.387617, 122.395676 30.387619, 122.395679 30.387623, 122.395682 30.387626, 122.395684 30.38763, 122.395686 30.387633, 122.396556 30.389728, 122.396557 30.389732, 122.396558 30.389735, 122.396559 30.389739, 122.396559 30.389743, 122.396558 30.389747, 122.396122 30.392532, 122.398597 30.39343, 122.398601 30.393432, 122.398605 30.393434, 122.398608 30.393436, 122.398612 30.393439, 122.399868 30.39456, 122.399871 30.394563, 122.399874 30.394566, 122.399876 30.39457, 122.399878 30.394573, 122.400309 30.39555, 122.417179 30.39227, 122.419836 30.391872, 122.422527 30.391706, 122.425223 30.391772, 122.427898 30.392071, 122.430525 30.392599, 122.433078 30.39335, 122.435531 30.394318, 122.43786 30.395493, 122.44004 30.396863, 122.442051 30.398413, 122.443872 30.400129, 122.445485 30.401994, 122.446874 30.403989, 122.448025 30.406093, 122.448926 30.408285, 122.449569 30.410545, 122.449695 30.411314, 122.45449 30.411243, 122.454495 30.411243, 122.454499 30.411243, 122.454503 30.411244, 122.454507 30.411245, 122.454511 30.411247, 122.456805 30.4122, 122.456809 30.412202, 122.456813 30.412204, 122.456816 30.412206, 122.456819 30.412209, 122.458077 30.413401, 122.45808 30.413404, 122.458083 30.413408, 122.458085 30.413411, 122.458087 30.413415, 122.458737 30.415141, 122.458738 30.415145, 122.458739 30.415149, 122.458739 30.415153, 122.458625 30.421082, 122.458624 30.421085, 122.458624 30.421089, 122.458623 30.421093, 122.458621 30.421096, 122.457617 30.42313, 122.457615 30.423134, 122.457613 30.423137, 122.45761 30.42314, 122.457606 30.423143, 122.457603 30.423146, 122.455879 30.424248, 122.455875 30.42425, 122.455871 30.424252, 122.455866 30.424253, 122.455861 30.424254, 122.454175 30.424555, 122.454171 30.424556, 122.454166 30.424556, 122.448275 30.424593, 122.442871 30.446442, 122.442116 30.448851, 122.441066 30.451177, 122.435532 30.461715, 122.434386 30.46365, 122.433379 30.465017, 122.476834 30.482277, 122.481964 30.483796, 122.487344 30.484399, 122.498607 30.483058, 122.506591 30.479833, 122.58237 30.434237, 122.587965 30.429723, 122.590773 30.426035, 122.592722 30.421955, 122.59389 30.415425, 122.593932 30.319433, 122.593411 30.314904, 122.591879 30.310549))",4232.454465273122,False,land_area_clipped,terminal_area_clipped
74,31.628582288767465,121.27779034278534,58,154704.35,arithmetic_mean_stop_location,,anchorage,"POLYGON ((121.331281 31.556256, 121.32582 31.555972, 121.320405 31.556634, 121.309143 31.560062, 121.282976 31.593136, 121.28288 31.595325, 121.28288 31.595329, 121.282879 31.595332, 121.282878 31.595335, 121.282877 31.595338, 121.282875 31.595342, 121.282873 31.595345, 121.281277 31.597422, 121.280512 31.599617, 121.280511 31.59962, 121.280508 31.599624, 121.280506 31.599628, 121.280503 31.599631, 121.2805 31.599634, 121.278915 31.600885, 121.278912 31.600888, 121.278908 31.60089, 121.278904 31.600892, 121.2789 31.600893, 121.278896 31.600894, 121.276809 31.60137, 121.276805 31.601371, 121.276801 31.601372, 121.276797 31.601372, 121.276793 31.601372, 121.27648 31.601345, 121.274959 31.603267, 121.27519 31.603773, 121.275192 31.603776, 121.275193 31.60378, 121.275193 31.603784, 121.275193 31.603788, 121.275141 31.605269, 121.275141 31.605273, 121.27514 31.605276, 121.275139 31.60528, 121.275137 31.605283, 121.274428 31.606636, 121.274426 31.60664, 121.274424 31.606643, 121.274421 31.606646, 121.274418 31.606648, 121.273158 31.60767, 121.273154 31.607673, 121.273151 31.607675, 121.273146 31.607677, 121.273142 31.607679, 121.273138 31.60768, 121.271142 31.60809, 121.267068 31.613238, 121.265376 31.615151, 121.263459 31.616904, 121.230559 31.644006, 121.205971 31.664848, 121.211277 31.673116, 121.214153 31.676732, 121.217782 31.679818, 121.224344 31.683215, 121.231766 31.6849, 121.263138 31.688055, 121.264742 31.688087, 121.278277 31.662145, 121.280001 31.65937, 121.291557 31.643499, 121.293122 31.641577, 121.294908 31.6398, 121.296897 31.638187, 121.299069 31.636755, 121.3014 31.635518, 121.331674 31.621233, 121.334578 31.62005, 121.337627 31.61917, 121.339679 31.618692, 121.354876 31.599139, 121.358229 31.592938, 121.360183 31.586797, 121.360634 31.582287, 121.360036 31.577788, 121.358414 31.573477, 121.355831 31.569521, 121.352386 31.566073, 121.341444 31.559576, 121.336561 31.557474, 121.331281 31.556256))",5207.150882938405,False,land_area_clipped,terminal_area_clipped
78,23.512816191782925,117.11266677052822,9,81176.61666666667,arithmetic_mean_stop_location,,anchorage,"POLYGON ((117.168678 23.45137, 117.168348 23.453869, 117.167744 23.456324, 117.16687 23.45871, 117.165736 23.461001, 117.164354 23.463176, 117.156651 23.47399, 117.155218 23.475815, 117.15361 23.477513, 117.152416 23.478564, 117.152725 23.480833, 117.152794 23.483262, 117.152603 23.485685, 117.152154 23.488079, 117.15145 23.490422, 117.150499 23.492689, 117.14931 23.49486, 117.147894 23.496913, 117.146265 23.498829, 117.144439 23.500589, 117.142433 23.502176, 117.140267 23.503575, 117.137962 23.504771, 117.13554 23.505755, 117.133024 23.506516, 117.130439 23.507046, 117.12781 23.507342, 117.125161 23.507399, 117.114157 23.50714, 117.113625 23.507707, 117.113622 23.50771, 117.113618 23.507713, 117.113614 23.507715, 117.11361 23.507717, 117.111292 23.508718, 117.111289 23.508719, 117.111285 23.50872, 117.111281 23.508721, 117.111276 23.508722, 117.109482 23.508842, 117.109477 23.508842, 117.109473 23.508841, 117.109468 23.508841, 117.109464 23.508839, 117.107762 23.508304, 117.107757 23.508302, 117.107753 23.5083, 117.10775 23.508298, 117.107746 23.508295, 117.10766 23.508224, 117.107953 23.508678, 117.107955 23.508682, 117.107957 23.508686, 117.107958 23.50869, 117.107959 23.508694, 117.108193 23.51031, 117.108194 23.510314, 117.108194 23.510318, 117.108193 23.510322, 117.108192 23.510326, 117.107724 23.511899, 117.107723 23.511903, 117.107721 23.511907, 117.107719 23.51191, 117.107716 23.511914, 117.106619 23.513197, 117.106616 23.5132, 117.106613 23.513203, 117.106609 23.513205, 117.106605 23.513208, 117.106601 23.513209, 117.103164 23.514518, 117.10316 23.51452, 117.103156 23.514521, 117.103151 23.514521, 117.103147 23.514521, 117.103143 23.514521, 117.103139 23.514521, 117.101441 23.514258, 117.101436 23.514257, 117.101432 23.514255, 117.101427 23.514253, 117.101423 23.514251, 117.099655 23.513138, 117.099651 23.513135, 117.099648 23.513133, 117.099645 23.51313, 117.099643 23.513127, 117.099641 23.513124, 117.099639 23.51312, 117.098155 23.510079, 117.098154 23.510075, 117.098152 23.510071, 117.098152 23.510067, 117.098151 23.510063, 117.098151 23.510059, 117.098152 23.510055, 117.098527 23.508145, 117.098528 23.508141, 117.09853 23.508137, 117.098532 23.508133, 117.098534 23.508129, 117.099502 23.506849, 117.099505 23.506846, 117.099508 23.506843, 117.099511 23.506841, 117.099514 23.506838, 117.101044 23.505911, 117.100745 23.505838, 117.098359 23.505023, 117.096068 23.504006, 117.093891 23.502795, 117.091849 23.501401, 117.08996 23.499836, 117.088239 23.498115, 117.086704 23.496252, 117.086251 23.495579, 117.086136 23.49566, 117.083933 23.496917, 117.081608 23.497975, 117.073795 23.501107, 117.07146 23.501927, 117.069052 23.502546, 117.066592 23.502956, 117.064101 23.503156, 117.0616 23.503144, 117.059112 23.502919, 117.056657 23.502483, 117.054256 23.50184, 117.04764 23.49976, 117.047214 23.503644, 117.048266 23.510612, 117.060476 23.538985, 117.061387 23.537493, 117.062892 23.535512, 117.0646 23.533675, 117.066496 23.532, 117.068561 23.530503, 117.070775 23.529197, 117.073118 23.528096, 117.075567 23.527209, 117.078099 23.526546, 117.080689 23.526112, 117.083312 23.525913, 117.085945 23.525949, 117.088561 23.52622, 117.091136 23.526724, 117.106372 23.530429, 117.109251 23.53129, 117.112005 23.532442, 117.114602 23.533869, 117.138449 23.548712, 117.181053 23.496747, 117.183394 23.492222, 117.184692 23.487357, 117.184579 23.47986, 117.182021 23.472738, 117.171691 23.45411, 117.1687 23.450285, 117.168678 23.45137))",3693.0687084654814,False,land_area_clipped,terminal_area_clipped
79,40.68554992505394,122.00267724886135,28,72077.43333333333,arithmetic_mean_stop_location,,anchorage,"POLYGON ((121.990822 40.658383, 121.985586 40.659145, 121.980649 40.660674, 121.976207 40.66291, 121.972432 40.665766, 121.969471 40.66913, 121.966803 40.674835, 121.965141 40.688346, 121.965726 40.692445, 121.968339 40.697908, 121.973444 40.703534, 121.977291 40.706279, 121.984194 40.709205, 121.989293 40.710251, 121.9972 40.710365, 122.010219 40.708758, 122.02616 40.702704, 122.031084 40.700152, 122.035631 40.696718, 122.039454 40.691815, 122.041049 40.687897, 122.04158 40.683935, 122.040462 40.678034, 122.038482 40.674345, 122.033847 40.669529, 122.029817 40.666975, 122.025211 40.665061, 122.001372 40.659248, 121.996154 40.658418, 121.990822 40.658383))",10163.739414440886,False,unchanged,unchanged
80,39.991677144345,120.04580999985224,28,75558.65,arithmetic_mean_stop_location,,anchorage,"POLYGON ((120.012051 39.924268, 120.00483 39.926243, 119.998627 39.929697, 119.995309 39.932687, 119.992789 39.936105, 119.991157 39.939826, 119.980132 39.976436, 119.98016 39.982193, 119.982261 39.987718, 119.98688 39.995352, 119.991519 39.999945, 120.048371 40.034455, 120.055373 40.036907, 120.069965 40.040088, 120.077685 40.040359, 120.085188 40.038941, 120.089763 40.03711, 120.093797 40.034644, 120.098519 40.02996, 120.101311 40.024441, 120.104612 40.012982, 120.10476 40.008906, 120.103859 40.004887, 120.096431 39.988222, 120.062116 39.937825, 120.059125 39.934362, 120.055293 39.931428, 120.04831 39.928269, 120.043107 39.927116, 120.022244 39.924193, 120.017143 39.923858, 120.012051 39.924268))",12334.828216295684,False,unchanged,unchanged
81,29.07216069189847,121.67644164311558,124,653785.4333333333,arithmetic_mean_stop_location,,anchorage,"POLYGON ((121.706338 28.995607, 121.702718 28.996401, 121.702804 28.996438, 121.70509 28.997674, 121.707223 28.999103, 121.709183 29.000711, 121.71095 29.002481, 121.712506 29.004397, 121.713837 29.006438, 121.714929 29.008585, 121.715771 29.010817, 121.716355 29.013111, 121.716674 29.015444, 121.716684 29.015902, 121.717082 29.016406, 121.717084 29.016409, 121.717086 29.016412, 121.717088 29.016416, 121.717829 29.018345, 121.717831 29.018349, 121.717831 29.018353, 121.717832 29.018357, 121.717831 29.018361, 121.717673 29.019915, 121.717672 29.019919, 121.717671 29.019922, 121.717669 29.019926, 121.717667 29.01993, 121.71683 29.021306, 121.716827 29.02131, 121.716825 29.021313, 121.716822 29.021316, 121.716818 29.021318, 121.716168 29.02178, 121.716029 29.022447, 121.715287 29.024705, 121.714292 29.026888, 121.713053 29.028972, 121.711582 29.030939, 121.703526 29.040622, 121.701663 29.04262, 121.699562 29.044429, 121.697247 29.046026, 121.657452 29.070517, 121.655179 29.071773, 121.652774 29.072824, 121.650262 29.07366, 121.64927 29.073894, 121.651218 29.084579, 121.651474 29.086478, 121.651553 29.088388, 121.651472 29.104501, 121.651333 29.106783, 121.650942 29.109042, 121.650302 29.111258, 121.64721 29.120127, 121.646335 29.122263, 121.645228 29.124315, 121.643901 29.126264, 121.642364 29.128093, 121.640634 29.129784, 121.638725 29.131322, 121.636656 29.132692, 121.634445 29.133882, 121.632114 29.13488, 121.629683 29.135678, 121.627176 29.136268, 121.624615 29.136644, 121.622025 29.136804, 121.592132 29.13738, 121.597151 29.145172, 121.600482 29.148627, 121.604508 29.151462, 121.609079 29.153573, 121.616587 29.155221, 121.621758 29.155248, 121.62684 29.154413, 121.631646 29.152744, 121.677955 29.131973, 121.788941 29.06489, 121.793006 29.06186, 121.796307 29.058188, 121.799552 29.0518, 121.800454 29.047197, 121.8003 29.042528, 121.79836 29.029365, 121.797174 29.024862, 121.793579 29.018702, 121.790106 29.01522, 121.783615 29.011268, 121.778674 29.009629, 121.719933 28.995719, 121.71177 28.99492, 121.706338 28.995607))",4388.098028775153,False,land_area_clipped,terminal_area_clipped
83,26.633734224005302,119.83108607563769,13,32219.45,arithmetic_mean_stop_location,,anchorage,"POLYGON ((119.821755 26.603867, 119.817666 26.60701, 119.799504 26.624081, 119.79634 26.627687, 119.793998 26.631763, 119.792561 26.636161, 119.792082 26.640723, 119.792578 26.645284, 119.794031 26.649678, 119.79772 26.656014, 119.801128 26.659785, 119.805312 26.662869, 119.810102 26.665142, 119.817995 26.666839, 119.826095 26.666358, 119.828779 26.665606, 119.830087 26.651518, 119.830437 26.649164, 119.831045 26.646853, 119.831904 26.644606, 119.833007 26.642445, 119.834342 26.640392, 119.835897 26.638466, 119.837656 26.636687, 119.839603 26.635071, 119.841719 26.633635, 119.843982 26.632391, 119.846372 26.631353, 119.848864 26.63053, 119.851435 26.62993, 119.852963 26.629715, 119.852381 26.629361, 119.850551 26.628024, 119.835821 26.616267, 119.833798 26.614471, 119.831998 26.612494, 119.830442 26.610357, 119.829147 26.608086, 119.828128 26.605705, 119.827395 26.603241, 119.826957 26.601372, 119.826462 26.601514, 119.821755 26.603867), (119.82348 26.64145, 119.823476 26.641449, 119.823473 26.641447, 119.823469 26.641445, 119.823466 26.641442, 119.823463 26.64144, 119.821951 26.639964, 119.821948 26.639961, 119.821946 26.639958, 119.821944 26.639954, 119.821942 26.63995, 119.821941 26.639947, 119.82194 26.639943, 119.821258 26.636112, 119.821258 26.636109, 119.821258 26.636105, 119.821258 26.636101, 119.821259 26.636098, 119.82126 26.636094, 119.821261 26.636091, 119.821922 26.634665, 119.821924 26.634661, 119.821927 26.634657, 119.82193 26.634654, 119.821933 26.634651, 119.823517 26.633351, 119.823521 26.633348, 119.823525 26.633346, 119.82353 26.633344, 119.823534 26.633342, 119.826067 26.632626, 119.826071 26.632625, 119.826075 26.632624, 119.82608 26.632624, 119.826084 26.632624, 119.827833 26.632758, 119.827837 26.632758, 119.827841 26.632759, 119.827845 26.63276, 119.827848 26.632762, 119.827852 26.632763, 119.82974 26.633748, 119.829744 26.63375, 119.829747 26.633753, 119.82975 26.633756, 119.829753 26.633759, 119.829756 26.633762, 119.8309 26.635427, 119.830902 26.63543, 119.830904 26.635434, 119.830905 26.635437, 119.8315 26.637375, 119.831501 26.637378, 119.831501 26.637382, 119.831501 26.637385, 119.831501 26.637389, 119.831359 26.63893, 119.831358 26.638934, 119.831357 26.638938, 119.831356 26.638941, 119.831354 26.638945, 119.830571 26.640324, 119.830568 26.640327, 119.830566 26.64033, 119.830563 26.640333, 119.83056 26.640336, 119.829251 26.641347, 119.829248 26.64135, 119.829244 26.641352, 119.829239 26.641354, 119.829235 26.641355, 119.82923 26.641356, 119.825177 26.642042, 119.825173 26.642043, 119.825169 26.642043, 119.825165 26.642043, 119.825161 26.642042, 119.825157 26.642041, 119.825153 26.64204, 119.82348 26.64145))",3788.3943290108787,False,land_area_clipped,terminal_area_clipped
87,37.36964170533099,118.99513440289313,16,46761.933333333334,arithmetic_mean_stop_location,,anchorage,"POLYGON ((118.98831 37.346893, 118.980724 37.34844, 118.976119 37.350412, 118.974767 37.351388, 118.971626 37.378373, 118.972039 37.383157, 118.973716 37.38453, 118.978496 37.387335, 118.98268 37.38892, 118.993062 37.39183, 118.999223 37.392546, 119.004423 37.392333, 119.009475 37.39133, 119.01419 37.389574, 119.018392 37.387129, 119.021924 37.384088, 119.024653 37.380564, 119.026479 37.376689, 119.027333 37.372607, 119.027182 37.36847, 119.026034 37.364433, 119.023929 37.360647, 119.020948 37.357253, 119.017202 37.354378, 119.012829 37.352129, 119.001157 37.348308, 118.993541 37.346859, 118.98831 37.346893))",5493.176796211364,False,land_area_clipped,unchanged
88,28.681022343815926,121.77915370313723,77,210665.7,arithmetic_mean_stop_location,,anchorage,"POLYGON ((121.915553 28.630619, 121.914198 28.623809, 121.912065 28.619587, 121.909039 28.615809, 121.903084 28.611284, 121.898391 28.609196, 121.893325 28.607948, 121.885452 28.607747, 121.751076 28.621882, 121.737907 28.624815, 121.732911 28.626402, 121.726319 28.630309, 121.721315 28.635736, 121.719082 28.639968, 121.705698 28.674047, 121.704961 28.678524, 121.705703 28.685265, 121.708592 28.691544, 121.713392 28.696847, 121.726684 28.70779, 121.776962 28.744808, 121.781879 28.747124, 121.793979 28.750273, 121.800852 28.750752, 121.808533 28.749886, 121.813359 28.748254, 121.819713 28.744373, 121.882962 28.692298, 121.886984 28.687096, 121.91273 28.641796, 121.915177 28.635225, 121.915553 28.630619))",18889.1546328641,False,unchanged,unchanged
89,30.133030438844422,122.23233274834543,10,24986.149999999998,arithmetic_mean_stop_location,,anchorage,"POLYGON ((122.220484 30.176606, 122.224753 30.179564, 122.229625 30.181715, 122.234899 30.182971, 122.282632 30.189822, 122.287904 30.189691, 122.293046 30.188674, 122.300087 30.185583, 122.30407 30.182594, 122.307303 30.178992, 122.309662 30.174913, 122.311057 30.170516, 122.311435 30.165967, 122.310781 30.161442, 122.309119 30.157113, 122.306515 30.153147, 122.277567 30.123997, 122.27383 30.120911, 122.250351 30.107826, 122.24342 30.1115, 122.242381 30.11199, 122.242229 30.112867, 122.242228 30.112871, 122.242227 30.112874, 122.242225 30.112878, 122.242223 30.112881, 122.24112 30.114521, 122.241117 30.114524, 122.241115 30.114527, 122.241112 30.114529, 122.241109 30.114532, 122.241106 30.114534, 122.239652 30.115394, 122.239648 30.115396, 122.239644 30.115397, 122.23964 30.115399, 122.239635 30.1154, 122.237911 30.11571, 122.237906 30.11571, 122.237901 30.11571, 122.237896 30.11571, 122.234571 30.11539, 122.234566 30.115389, 122.234561 30.115388, 122.234557 30.115387, 122.234553 30.115385, 122.233814 30.115006, 122.212997 30.121489, 122.210265 30.122201, 122.20746 30.122659, 122.204615 30.122859, 122.195835 30.123069, 122.195371 30.124536, 122.194395 30.126726, 122.193168 30.12882, 122.191705 30.130797, 122.190019 30.132636, 122.188128 30.13432, 122.187518 30.134763, 122.216994 30.172965, 122.220484 30.176606))",5126.729142023787,False,land_area_clipped,terminal_area_clipped
90,39.09122690785184,118.52542909187083,76,187713.29999999996,arithmetic_mean_stop_location,,anchorage,"POLYGON ((118.481553 39.078863, 118.486517 39.080029, 118.487926 39.078674, 118.487929 39.078671, 118.487933 39.078669, 118.487937 39.078667, 118.487941 39.078665, 118.487945 39.078663, 118.48795 39.078662, 118.490764 39.078075, 118.490769 39.078075, 118.490774 39.078074, 118.490779 39.078074, 118.491938 39.078135, 118.493633 39.076852, 118.493637 39.07685, 118.49364 39.076848, 118.493643 39.076846, 118.493647 39.076845, 118.495194 39.07633, 118.495198 39.076329, 118.495202 39.076328, 118.495207 39.076328, 118.495211 39.076328, 118.495216 39.076328, 118.499682 39.076679, 118.499686 39.076679, 118.49969 39.07668, 118.499694 39.076681, 118.499697 39.076682, 118.499701 39.076684, 118.499704 39.076686, 118.501084 39.077496, 118.501087 39.077498, 118.501091 39.077501, 118.501094 39.077504, 118.501096 39.077507, 118.502105 39.078985, 118.502107 39.078988, 118.502108 39.078992, 118.502109 39.078995, 118.50211 39.078999, 118.502301 39.080953, 118.502301 39.080957, 118.502301 39.080961, 118.5023 39.080965, 118.501867 39.082299, 118.501866 39.082302, 118.501864 39.082305, 118.501862 39.082308, 118.50186 39.082311, 118.501857 39.082314, 118.500171 39.083737, 118.500327 39.083797, 118.502818 39.085031, 118.527416 39.098744, 118.543952 39.107182, 118.544617 39.107559, 118.545532 39.106531, 118.545535 39.106528, 118.545538 39.106525, 118.545541 39.106523, 118.545545 39.106521, 118.545549 39.106519, 118.547514 39.105744, 118.547519 39.105743, 118.547523 39.105742, 118.547528 39.105741, 118.547533 39.105741, 118.551594 39.105597, 118.551599 39.105597, 118.551604 39.105598, 118.553277 39.105815, 118.553282 39.105816, 118.553286 39.105817, 118.55329 39.105818, 118.553293 39.10582, 118.554743 39.106504, 118.554747 39.106506, 118.55475 39.106508, 118.554753 39.10651, 118.556006 39.107577, 118.556009 39.10758, 118.556012 39.107583, 118.556014 39.107586, 118.556016 39.10759, 118.556669 39.109129, 118.55667 39.109133, 118.556671 39.109136, 118.556671 39.10914, 118.556671 39.109144, 118.556283 39.111943, 118.556282 39.111946, 118.556281 39.111949, 118.55628 39.111952, 118.556278 39.111955, 118.556276 39.111958, 118.555105 39.113425, 118.555102 39.113428, 118.5551 39.11343, 118.555097 39.113432, 118.555094 39.113434, 118.55509 39.113436, 118.553582 39.114179, 118.553579 39.114181, 118.553574 39.114182, 118.55357 39.114183, 118.553566 39.114184, 118.55255 39.114316, 118.552786 39.114615, 118.553936 39.116451, 118.554848 39.118366, 118.555516 39.12034, 118.555932 39.122356, 118.556093 39.124393, 118.556001 39.12636, 118.558217 39.126214, 118.561978 39.126172, 118.568495 39.126451, 118.58204 39.121237, 118.586549 39.119024, 118.590408 39.116165, 118.594655 39.110916, 118.596732 39.104931, 118.596813 39.10079, 118.595754 39.096414, 118.592158 39.090538, 118.555712 39.049334, 118.549547 39.057388, 118.548044 39.059143, 118.546321 39.060773, 118.544395 39.062259, 118.542287 39.063587, 118.540017 39.064744, 118.537609 39.065718, 118.535087 39.066499, 118.532477 39.067078, 118.529805 39.067451, 118.491617 39.071248, 118.488874 39.071411, 118.486125 39.071356, 118.483397 39.071084, 118.480719 39.070597, 118.478119 39.069901, 118.475624 39.069003, 118.473259 39.067912, 118.471502 39.066899, 118.468262 39.071021, 118.481553 39.078863))",3746.679696465846,False,land_area_clipped,terminal_area_clipped
91,21.366488525115578,111.16869349502397,17,63866.9,arithmetic_mean_stop_location,,anchorage,"POLYGON ((111.216264 21.303617, 111.208805 21.303448, 111.173182 21.310315, 111.168159 21.311788, 111.161438 21.315625, 111.112055 21.354234, 111.108854 21.35787, 111.106437 21.361998, 111.10489 21.366473, 111.104266 21.371138, 111.106127 21.398146, 111.108552 21.405188, 111.113076 21.411266, 111.119306 21.415852, 111.126703 21.418548, 111.136416 21.420133, 111.141649 21.419806, 111.146715 21.418541, 111.251545 21.370684, 111.257892 21.366638, 111.261326 21.363079, 111.263972 21.358978, 111.265734 21.354483, 111.266549 21.349759, 111.266386 21.344976, 111.265251 21.340309, 111.260214 21.329673, 111.256958 21.325438, 111.252834 21.32192, 111.225592 21.306773, 111.221086 21.304791, 111.216264 21.303617))",12198.929591082726,False,unchanged,unchanged
95,21.533637103206793,111.80135520251088,19,83635.23333333335,arithmetic_mean_stop_location,,anchorage,"POLYGON ((111.714703 21.469579, 111.709866 21.471742, 111.703708 21.476542, 111.700572 21.480594, 111.69836 21.485144, 111.696958 21.492504, 111.697355 21.497483, 111.699906 21.50457, 111.702814 21.508767, 111.739872 21.552075, 111.745758 21.557163, 111.752996 21.560411, 111.782645 21.568937, 111.782413 21.566599, 111.782423 21.56421, 111.782677 21.561833, 111.783173 21.559488, 111.783907 21.557199, 111.784873 21.554984, 111.78606 21.552865, 111.787459 21.550861, 111.789057 21.54899, 111.790839 21.547269, 111.79279 21.545714, 111.79489 21.544338, 111.797122 21.543155, 111.799465 21.542174, 111.801898 21.541406, 111.815 21.537906, 111.817322 21.537388, 111.819684 21.537063, 111.822067 21.536934, 111.824454 21.537002, 111.826825 21.537266, 111.846165 21.540233, 111.845296 21.53636, 111.845295 21.536356, 111.845295 21.536352, 111.845295 21.536348, 111.845296 21.536344, 111.845297 21.53634, 111.845298 21.536337, 111.845933 21.534768, 111.845935 21.534764, 111.845937 21.534761, 111.845939 21.534757, 111.845942 21.534754, 111.847189 21.533544, 111.847192 21.533541, 111.847195 21.533539, 111.847199 21.533536, 111.847203 21.533534, 111.849565 21.532589, 111.84957 21.532587, 111.849575 21.532586, 111.849579 21.532586, 111.849584 21.532586, 111.851721 21.532644, 111.851725 21.532644, 111.851729 21.532645, 111.851733 21.532646, 111.851737 21.532647, 111.851741 21.532649, 111.853607 21.533619, 111.85361 21.533621, 111.853614 21.533624, 111.853617 21.533627, 111.85362 21.53363, 111.853622 21.533633, 111.854795 21.535295, 111.854797 21.535298, 111.854799 21.535302, 111.8548 21.535306, 111.855442 21.537236, 111.855443 21.537239, 111.855444 21.537243, 111.855444 21.537247, 111.855444 21.53725, 111.855346 21.53889, 111.855346 21.538894, 111.855345 21.538898, 111.855344 21.538902, 111.855342 21.538906, 111.854573 21.540384, 111.854571 21.540387, 111.854568 21.540391, 111.854565 21.540394, 111.854562 21.540397, 111.85341 21.541345, 111.862732 21.542775, 111.863144 21.540683, 111.862325 21.533543, 111.860577 21.529031, 111.857937 21.524911, 111.852524 21.51979, 111.789968 21.475539, 111.782908 21.471948, 111.777701 21.470708, 111.725265 21.468106, 111.719905 21.46835, 111.714703 21.469579))",3910.293303647419,False,land_area_clipped,terminal_area_clipped
96,24.33352505918574,118.2559265910159,68,167648.08333333334,arithmetic_mean_stop_location,,anchorage,"POLYGON ((118.32355 24.228807, 118.316196 24.226864, 118.311088 24.226657, 118.306028 24.227334, 118.148826 24.277236, 118.148537 24.277894, 118.147439 24.282637, 118.146562 24.300369, 118.146337 24.302611, 118.145888 24.304826, 118.145219 24.306993, 118.144334 24.309096, 118.143242 24.311116, 118.140069 24.316364, 118.138578 24.31855, 118.136845 24.320581, 118.134887 24.322436, 118.132728 24.324094, 118.123555 24.33042, 118.120951 24.337042, 118.149924 24.372691, 118.160415 24.381884, 118.166949 24.385791, 118.171874 24.38737, 118.252808 24.405515, 118.253183 24.403365, 118.253875 24.400981, 118.254826 24.398672, 118.256026 24.396462, 118.260421 24.389299, 118.261733 24.387374, 118.263235 24.385568, 118.264914 24.383895, 118.266755 24.38237, 118.268742 24.381007, 118.270859 24.379816, 118.273088 24.378808, 118.282121 24.375186, 118.284315 24.374409, 118.286574 24.373809, 118.288882 24.373391, 118.291222 24.373157, 118.296318 24.372854, 118.306635 24.368381, 118.309168 24.367423, 118.311794 24.366705, 118.314487 24.366234, 118.317218 24.366015, 118.31996 24.366049, 118.322684 24.366337, 118.325362 24.366876, 118.327965 24.36766, 118.330468 24.368681, 118.343244 24.37462, 118.345722 24.375927, 118.348033 24.377466, 118.350152 24.37922, 118.352055 24.381169, 118.35372 24.38329, 118.365256 24.399774, 118.381888 24.409364, 118.400677 24.41108, 118.411398 24.407906, 118.43446 24.394726, 118.436713 24.393572, 118.437102 24.393415, 118.435862 24.390648, 118.400896 24.330179, 118.335049 24.237811, 118.330008 24.232556, 118.32355 24.228807))",8834.044541679803,False,land_area_clipped,unchanged
99,21.974019632540053,113.65722027998322,8,19449.95,arithmetic_mean_stop_location,,anchorage,"POLYGON ((113.638831 21.934905, 113.632117 21.938721, 113.62843 21.942201, 113.625543 21.946278, 113.623564 21.950798, 113.622569 21.955588, 113.622647 21.992481, 113.623212 21.997442, 113.624829 22.002201, 113.629075 22.008547, 113.632954 22.012004, 113.637497 22.014677, 113.646841 22.018127, 113.651996 22.019431, 113.657327 22.019766, 113.662624 22.01912, 113.670054 22.016376, 113.67438 22.013469, 113.678002 22.009827, 113.699197 21.977516, 113.701001 21.972956, 113.701849 21.965727, 113.701144 21.960913, 113.698247 21.954155, 113.695197 21.950206, 113.69138 21.946878, 113.686942 21.944298, 113.673876 21.938346, 113.66199 21.93482, 113.654315 21.93332, 113.646447 21.933052, 113.638831 21.934905))",9199.69016594632,False,unchanged,unchanged
100,40.7024022289697,121.11209722760528,48,148700.56666666668,arithmetic_mean_stop_location,,anchorage,"POLYGON ((121.136744 40.663471, 121.131841 40.662336, 121.126743 40.661927, 121.119136 40.662696, 121.114358 40.664105, 121.0935 40.672207, 121.072165 40.685568, 121.06879 40.688153, 121.066072 40.691151, 121.059844 40.701667, 121.058648 40.705656, 121.058525 40.709746, 121.05948 40.713771, 121.063563 40.720625, 121.06656 40.72409, 121.070419 40.727026, 121.07498 40.729311, 121.10119 40.739713, 121.109168 40.741754, 121.117587 40.74183, 121.145931 40.73859, 121.151008 40.737205, 121.157692 40.733769, 121.161265 40.730705, 121.163962 40.727163, 121.166136 40.721268, 121.166254 40.717179, 121.158057 40.682851, 121.155844 40.678807, 121.148585 40.670691, 121.143349 40.666435, 121.136744 40.663471))",10469.502070198923,False,unchanged,unchanged
101,19.998609223294274,110.02460517535044,53,192122.31666666668,arithmetic_mean_stop_location,,anchorage,"POLYGON ((109.997473 20.053608, 110.001202 20.05989, 110.006662 20.064932, 110.013412 20.068329, 110.020906 20.069806, 110.03232 20.069589, 110.039115 20.068815, 110.046398 20.066783, 110.05079 20.064396, 110.056296 20.059479, 110.061602 20.050888, 110.064487 20.043583, 110.065219 20.03785, 110.065364 20.010985, 110.05843 20.008449, 110.056044 20.007448, 110.053772 20.006235, 110.051635 20.00482, 110.049655 20.003218, 110.047849 20.001443, 110.046234 19.999512, 110.04604 19.999226, 110.0432 19.998497, 110.040871 19.997791, 110.038619 19.996889, 110.001998 19.98033, 109.999675 19.979145, 109.997487 19.977751, 109.995455 19.976163, 109.993598 19.974395, 109.991934 19.972464, 109.99048 19.97039, 109.989621 19.968856, 109.982595 19.977665, 109.996103 20.048979, 109.997473 20.053608))",3860.0343120980797,False,land_area_clipped,unchanged
104,38.32538310444974,117.87290907484449,100,203827.78333333333,arithmetic_mean_stop_location,,anchorage,"POLYGON ((117.871996 38.29634, 117.826008 38.306901, 117.823397 38.308715, 117.806009 38.32545, 117.805636 38.327535, 117.806227 38.331723, 117.807865 38.335737, 117.812133 38.341083, 117.81602 38.343991, 117.851304 38.365549, 117.855815 38.36778, 117.860797 38.369271, 117.868725 38.37, 117.876577 38.368877, 117.883666 38.365999, 117.887656 38.363225, 117.890871 38.359889, 117.913176 38.331229, 117.916231 38.325608, 117.917067 38.321579, 117.916441 38.315488, 117.913621 38.309791, 117.910632 38.30645, 117.90688 38.303622, 117.902505 38.301412, 117.887161 38.29662, 117.879604 38.295625, 117.871996 38.29634))",8423.864409995154,False,land_area_clipped,unchanged
106,22.72426235581132,115.63783106318478,183,588265.1,arithmetic_mean_stop_location,,anchorage,"POLYGON ((115.673367 22.620152, 115.668246 22.618561, 115.660181 22.618012, 115.654862 22.618892, 115.649841 22.620734, 115.645319 22.623463, 115.641477 22.62697, 115.614034 22.664648, 115.592527 22.698595, 115.600358 22.706132, 115.602251 22.708163, 115.603896 22.710369, 115.613092 22.724245, 115.614353 22.726376, 115.615383 22.728609, 115.616172 22.730925, 115.616713 22.7333, 115.616999 22.735712, 115.617029 22.738139, 115.616802 22.740557, 115.616321 22.742943, 115.61559 22.745274, 115.614615 22.747528, 115.610709 22.755422, 115.609445 22.757666, 115.60794 22.75978, 115.60621 22.761743, 115.604272 22.763533, 115.602147 22.765132, 115.599857 22.766523, 115.599755 22.766572, 115.600267 22.766584, 115.600272 22.766584, 115.600276 22.766585, 115.600281 22.766586, 115.600285 22.766588, 115.60194 22.767294, 115.601944 22.767296, 115.601948 22.767299, 115.601952 22.767301, 115.603286 22.768421, 115.603289 22.768424, 115.603292 22.768427, 115.603295 22.768431, 115.603297 22.768435, 115.60414 22.770216, 115.604142 22.77022, 115.604143 22.770224, 115.604144 22.770228, 115.604144 22.770233, 115.604102 22.772737, 115.604101 22.772741, 115.604101 22.772745, 115.6041 22.772749, 115.604098 22.772753, 115.603433 22.774209, 115.603431 22.774213, 115.603428 22.774217, 115.603425 22.77422, 115.603422 22.774224, 115.601845 22.775551, 115.601842 22.775554, 115.601839 22.775556, 115.601835 22.775558, 115.601831 22.775559, 115.601828 22.77556, 115.599491 22.776199, 115.599487 22.7762, 115.599483 22.776201, 115.599479 22.776201, 115.597697 22.776221, 115.597692 22.776221, 115.597688 22.776221, 115.597684 22.77622, 115.597679 22.776218, 115.596029 22.775598, 115.596025 22.775596, 115.596021 22.775594, 115.596017 22.775592, 115.596014 22.775589, 115.594755 22.774426, 115.594752 22.774423, 115.594749 22.774419, 115.594747 22.774416, 115.594745 22.774412, 115.594076 22.772889, 115.594075 22.772885, 115.594074 22.772882, 115.594073 22.772878, 115.59378 22.770466, 115.59378 22.770462, 115.59378 22.770458, 115.59378 22.770454, 115.593781 22.770451, 115.593783 22.770447, 115.594471 22.768736, 115.59224 22.769321, 115.589539 22.769762, 115.570668 22.77194, 115.568058 22.772123, 115.565441 22.772072, 115.562842 22.771787, 115.560286 22.771271, 115.559354 22.770993, 115.56155 22.775011, 115.576681 22.791241, 115.577213 22.79183, 115.599275 22.817021, 115.603232 22.819501, 115.610375 22.822676, 115.618212 22.823797, 115.626063 22.822768, 115.740266 22.791468, 115.745121 22.789646, 115.751463 22.785384, 115.754829 22.781679, 115.758269 22.775176, 115.759363 22.770449, 115.759102 22.763217, 115.748968 22.71167, 115.747147 22.706154, 115.735474 22.6815, 115.730605 22.674613, 115.682081 22.625966, 115.678041 22.622654, 115.673367 22.620152))",5538.569840233728,False,land_area_clipped,terminal_area_clipped
107,22.086417237462356,113.89294401160123,52,120454.83333333334,arithmetic_mean_stop_location,,anchorage,"POLYGON ((113.876376 22.037559, 113.871287 22.038015, 113.866382 22.039353, 113.861838 22.041526, 113.853348 22.046719, 113.849625 22.050017, 113.846647 22.05391, 113.844521 22.058257, 113.843094 22.065279, 113.845141 22.103171, 113.846676 22.110253, 113.850335 22.116632, 113.853809 22.120225, 113.860251 22.124294, 113.867681 22.126485, 113.877122 22.127824, 113.881864 22.127766, 113.915687 22.124579, 113.923439 22.122742, 113.928133 22.120373, 113.934004 22.115336, 113.936913 22.111181, 113.938879 22.106576, 113.939826 22.101702, 113.940974 22.085067, 113.939997 22.072285, 113.938742 22.067735, 113.935199 22.061517, 113.931852 22.057989, 113.927853 22.055105, 113.923341 22.052965, 113.886375 22.03933, 113.881466 22.038003, 113.876376 22.037559))",16996.61892654323,False,unchanged,unchanged
108,21.717019098534887,108.61155413184547,36,104615.44999999998,arithmetic_mean_stop_location,,anchorage,"POLYGON ((108.681936 21.633859, 108.676075 21.628919, 108.668924 21.625773, 108.661099 21.624692, 108.655839 21.625174, 108.650782 21.6266, 108.643996 21.630382, 108.591042 21.670787, 108.591615 21.672571, 108.592121 21.675006, 108.592366 21.677476, 108.592346 21.679956, 108.592063 21.682422, 108.591519 21.68485, 108.585903 21.704869, 108.585083 21.707285, 108.584004 21.709611, 108.582678 21.711825, 108.581118 21.713902, 108.579339 21.715822, 108.577362 21.717566, 108.575204 21.719115, 108.572889 21.720453, 108.570441 21.721567, 108.567883 21.722446, 108.565243 21.72308, 108.562548 21.723463, 108.559825 21.723591, 108.559524 21.723591, 108.559321 21.724649, 108.558618 21.726978, 108.557676 21.729234, 108.556504 21.731394, 108.555113 21.73344, 108.553516 21.735351, 108.552286 21.73656, 108.552924 21.739819, 108.554843 21.74435, 108.557671 21.748451, 108.563373 21.753461, 108.566857 21.755287, 108.56684 21.753667, 108.567573 21.739018, 108.567836 21.736502, 108.568372 21.734022, 108.569174 21.731606, 108.570234 21.729276, 108.571542 21.727058, 108.573084 21.724974, 108.574845 21.723045, 108.576806 21.721291, 108.578948 21.71973, 108.580218 21.718983, 108.580074 21.717592, 108.580074 21.717588, 108.580074 21.717584, 108.580074 21.71758, 108.580075 21.717576, 108.580077 21.717573, 108.580856 21.715706, 108.580858 21.715702, 108.58086 21.715698, 108.580862 21.715695, 108.580865 21.715692, 108.580868 21.715689, 108.582494 21.714374, 108.582498 21.714372, 108.582502 21.714369, 108.582506 21.714367, 108.58251 21.714366, 108.584728 21.713714, 108.584733 21.713713, 108.584738 21.713712, 108.584743 21.713712, 108.586213 21.713748, 108.586095 21.710597, 108.586095 21.710592, 108.586095 21.710588, 108.586097 21.710584, 108.586098 21.710579, 108.586976 21.708657, 108.586978 21.708654, 108.58698 21.70865, 108.586982 21.708647, 108.586985 21.708645, 108.586988 21.708642, 108.588351 21.707543, 108.588355 21.707541, 108.588358 21.707538, 108.588362 21.707536, 108.588367 21.707535, 108.590085 21.707023, 108.590089 21.707023, 108.590093 21.707022, 108.590097 21.707022, 108.593276 21.706887, 108.59328 21.706887, 108.593285 21.706888, 108.593289 21.706888, 108.593293 21.70689, 108.593297 21.706891, 108.595297 21.707763, 108.5953 21.707765, 108.595303 21.707767, 108.595307 21.707769, 108.59531 21.707772, 108.596663 21.709054, 108.596666 21.709057, 108.596668 21.70906, 108.596671 21.709064, 108.596673 21.709068, 108.597337 21.71064, 108.597338 21.710644, 108.597339 21.710647, 108.59734 21.710651, 108.59734 21.710655, 108.597299 21.713777, 108.597299 21.713781, 108.597298 21.713784, 108.597297 21.713788, 108.597296 21.713792, 108.596676 21.71524, 108.596984 21.715252, 108.599679 21.715613, 108.625985 21.720405, 108.630066 21.7126, 108.631384 21.710374, 108.632938 21.708283, 108.634712 21.706349, 108.636688 21.704593, 108.638845 21.703031, 108.641162 21.701681, 108.643614 21.700555, 108.657724 21.694888, 108.66216 21.689739, 108.663926 21.687886, 108.665881 21.686203, 108.668005 21.684708, 108.670277 21.683415, 108.672676 21.682336, 108.675177 21.681484, 108.677757 21.680864, 108.68039 21.680485, 108.681947 21.680406, 108.685346 21.664711, 108.684735 21.662384, 108.684366 21.660013, 108.684243 21.65762, 108.684243 21.650133, 108.684364 21.647764, 108.684725 21.645416, 108.685323 21.643111, 108.686154 21.640868, 108.686176 21.640823, 108.686 21.640169, 108.681936 21.633859), (108.63814 21.702734, 108.638137 21.702736, 108.638133 21.702738, 108.638129 21.70274, 108.638126 21.702741, 108.635587 21.703527, 108.635583 21.703528, 108.63558 21.703529, 108.635576 21.703529, 108.635572 21.703529, 108.633475 21.703465, 108.63347 21.703464, 108.633466 21.703463, 108.633461 21.703462, 108.633457 21.70346, 108.633453 21.703458, 108.631318 21.702238, 108.631314 21.702235, 108.631311 21.702233, 108.631308 21.70223, 108.631305 21.702227, 108.631303 21.702224, 108.629904 21.700143, 108.629902 21.70014, 108.629901 21.700136, 108.629899 21.700133, 108.629898 21.700129, 108.629898 21.700125, 108.629897 21.700121, 108.629919 21.689662, 108.62992 21.689657, 108.62992 21.689653, 108.629921 21.689649, 108.629923 21.689645, 108.629925 21.689641, 108.629928 21.689637, 108.631696 21.687391, 108.631699 21.687388, 108.631702 21.687385, 108.631705 21.687382, 108.631708 21.68738, 108.631712 21.687378, 108.631716 21.687377, 108.634593 21.686363, 108.634597 21.686362, 108.634601 21.686361, 108.634606 21.68636, 108.63461 21.68636, 108.636818 21.686442, 108.636823 21.686442, 108.636827 21.686443, 108.636831 21.686444, 108.636835 21.686446, 108.636839 21.686448, 108.638738 21.687498, 108.638741 21.6875, 108.638744 21.687502, 108.638747 21.687505, 108.63875 21.687508, 108.639984 21.688909, 108.639987 21.688912, 108.639989 21.688916, 108.639991 21.688919, 108.639993 21.688923, 108.640501 21.690482, 108.640502 21.690486, 108.640503 21.690491, 108.640503 21.690495, 108.64033 21.700236, 108.640329 21.70024, 108.640329 21.700244, 108.640328 21.700247, 108.640326 21.700251, 108.640324 21.700255, 108.639501 21.701688, 108.639499 21.701692, 108.639496 21.701695, 108.639493 21.701698, 108.63949 21.701701, 108.63814 21.702734))",3089.0306925133937,False,land_area_clipped,terminal_area_clipped
115,37.679879193255914,120.16002526327858,39,115576.84999999999,arithmetic_mean_stop_location,,anchorage,"POLYGON ((120.241577 37.601327, 120.237585 37.595793, 120.233847 37.592733, 120.226997 37.589389, 120.221866 37.588121, 120.216519 37.587685, 120.208561 37.588619, 120.203604 37.590265, 120.199157 37.592658, 120.120155 37.645128, 120.115488 37.650221, 120.108008 37.664951, 120.095229 37.713978, 120.095492 37.720042, 120.096871 37.723945, 120.099158 37.727571, 120.104104 37.732209, 120.110501 37.735556, 120.134273 37.744444, 120.139094 37.74582, 120.146724 37.746476, 120.151807 37.745951, 120.163904 37.742745, 120.191813 37.732522, 120.197977 37.728624, 120.201174 37.725307, 120.203493 37.721563, 120.210679 37.706257, 120.209953 37.706058, 120.207617 37.705213, 120.205394 37.704196, 120.201081 37.701999, 120.198904 37.700765, 120.196892 37.699366, 120.195065 37.697815, 120.193443 37.696129, 120.192039 37.694323, 120.190869 37.692417, 120.189945 37.690427, 120.189274 37.688375, 120.188864 37.68628, 120.188719 37.684164, 120.18884 37.682046, 120.189226 37.679948, 120.189874 37.677891, 120.190776 37.675895, 120.191924 37.673979, 120.193307 37.672163, 120.194911 37.670465, 120.196719 37.668901, 120.198715 37.667487, 120.205958 37.662847, 120.208554 37.661377, 120.211351 37.66016, 120.223803 37.655479, 120.226592 37.654578, 120.229491 37.653929, 120.235755 37.652822, 120.236475 37.651287, 120.243168 37.611804, 120.24333 37.607548, 120.241577 37.601327))",6222.099951626366,False,land_area_clipped,unchanged
117,21.489797243077692,108.38369316477494,263,893303.05,arithmetic_mean_stop_location,,anchorage,"POLYGON ((108.359407 21.346094, 108.354627 21.348502, 108.350464 21.351754, 108.347085 21.355718, 108.344629 21.360233, 108.339219 21.378171, 108.310925 21.544053, 108.311673 21.548665, 108.322896 21.557655, 108.327651 21.560259, 108.329779 21.561554, 108.331767 21.56303, 108.332099 21.563328, 108.332184 21.563231, 108.332187 21.563228, 108.33219 21.563225, 108.332194 21.563222, 108.333838 21.562207, 108.333842 21.562205, 108.333845 21.562204, 108.333849 21.562202, 108.333853 21.562201, 108.333857 21.562201, 108.336054 21.561916, 108.336059 21.561916, 108.336063 21.561916, 108.336068 21.561916, 108.336072 21.561917, 108.336076 21.561918, 108.338152 21.562647, 108.338156 21.562648, 108.33816 21.56265, 108.338164 21.562653, 108.338167 21.562655, 108.338171 21.562658, 108.339618 21.564222, 108.339621 21.564225, 108.339623 21.564229, 108.339625 21.564232, 108.340388 21.565842, 108.340389 21.565846, 108.34039 21.565849, 108.340391 21.565853, 108.340391 21.565857, 108.340505 21.5675, 108.340506 21.567504, 108.340505 21.567507, 108.340505 21.567511, 108.340504 21.567515, 108.340502 21.567518, 108.3405 21.567522, 108.339086 21.570042, 108.339084 21.570045, 108.339081 21.570048, 108.339079 21.570051, 108.339075 21.570054, 108.339072 21.570057, 108.338092 21.570694, 108.339026 21.572613, 108.339851 21.574851, 108.340446 21.57715, 108.340805 21.579492, 108.340925 21.581855, 108.340925 21.589301, 108.340798 21.591731, 108.340418 21.594138, 108.339789 21.5965, 108.338916 21.598794, 108.337809 21.600998, 108.336753 21.602657, 108.336857 21.602798, 108.338117 21.604899, 108.339154 21.607102, 108.339401 21.607801, 108.340256 21.608174, 108.342512 21.609419, 108.344627 21.610862, 108.346582 21.612489, 108.348356 21.614284, 108.349935 21.616232, 108.351302 21.618313, 108.352446 21.620508, 108.353354 21.622796, 108.354019 21.625155, 108.354434 21.627563, 108.354595 21.629997, 108.3545 21.632434, 108.354152 21.634851, 108.353552 21.637225, 108.352707 21.639533, 108.351624 21.641754, 108.350695 21.643252, 108.368306 21.647354, 108.376385 21.648065, 108.384326 21.646508, 108.391408 21.642824, 108.392536 21.642008, 108.392333 21.641677, 108.39129 21.639528, 108.39047 21.637297, 108.389879 21.635005, 108.389522 21.632671, 108.389402 21.630316, 108.389402 21.62344, 108.38951 21.621375, 108.382285 21.619186, 108.379746 21.618283, 108.378251 21.617583, 108.378461 21.618831, 108.380159 21.621204, 108.380161 21.621207, 108.380163 21.621211, 108.380164 21.621215, 108.380165 21.621219, 108.380166 21.621223, 108.380166 21.621227, 108.380166 21.621231, 108.379707 21.626019, 108.379707 21.626023, 108.379706 21.626027, 108.379704 21.626031, 108.379702 21.626035, 108.3797 21.626039, 108.379697 21.626042, 108.379694 21.626045, 108.377483 21.628021, 108.37748 21.628024, 108.377476 21.628026, 108.377472 21.628028, 108.377468 21.62803, 108.377464 21.628031, 108.377459 21.628032, 108.377455 21.628032, 108.373735 21.628262, 108.373731 21.628262, 108.373726 21.628262, 108.373722 21.628261, 108.373718 21.62826, 108.373714 21.628259, 108.370979 21.627122, 108.370975 21.62712, 108.370971 21.627118, 108.370967 21.627115, 108.370964 21.627112, 108.370961 21.627109, 108.370958 21.627105, 108.36968 21.62501, 108.367939 21.624042, 108.367935 21.62404, 108.367932 21.624037, 108.367929 21.624034, 108.367926 21.624031, 108.367923 21.624028, 108.366773 21.622301, 108.366771 21.622297, 108.366769 21.622293, 108.366768 21.622289, 108.366767 21.622285, 108.366766 21.622281, 108.366503 21.617677, 108.366503 21.617673, 108.366504 21.617669, 108.366504 21.617665, 108.366966 21.615763, 108.366967 21.615759, 108.366969 21.615755, 108.366971 21.615751, 108.366973 21.615748, 108.366976 21.615745, 108.368799 21.613843, 108.368802 21.61384, 108.368806 21.613837, 108.36881 21.613835, 108.368814 21.613833, 108.37051 21.613122, 108.370513 21.613121, 108.370517 21.61312, 108.370521 21.613119, 108.370525 21.613119, 108.370529 21.613118, 108.370533 21.613119, 108.371826 21.613263, 108.370939 21.612465, 108.369186 21.610533, 108.367651 21.608447, 108.366351 21.606227, 108.365297 21.603897, 108.364501 21.601481, 108.363972 21.599002, 108.363713 21.596485, 108.362781 21.577131, 108.362224 21.578088, 108.362221 21.578092, 108.362218 21.578096, 108.362215 21.578099, 108.362211 21.578102, 108.362207 21.578104, 108.360715 21.578934, 108.360711 21.578936, 108.360707 21.578938, 108.360703 21.578939, 108.360699 21.57894, 108.35898 21.57918, 108.358975 21.579181, 108.358971 21.579181, 108.358966 21.57918, 108.355617 21.578677, 108.355612 21.578677, 108.355608 21.578675, 108.355604 21.578673, 108.3556 21.578671, 108.353821 21.577611, 108.353817 21.577609, 108.353814 21.577606, 108.353811 21.577603, 108.353808 21.5776, 108.353806 21.577597, 108.353804 21.577593, 108.35258 21.575117, 108.352578 21.575113, 108.352577 21.575108, 108.352576 21.575104, 108.352575 21.575099, 108.352554 21.569882, 108.352555 21.569878, 108.352555 21.569874, 108.352556 21.569871, 108.353008 21.568396, 108.351812 21.567351, 108.351809 21.567348, 108.351806 21.567345, 108.351804 21.567342, 108.351802 21.567338, 108.351049 21.565844, 108.351047 21.56584, 108.351046 21.565836, 108.351045 21.565832, 108.351044 21.565828, 108.350972 21.564179, 108.350972 21.564175, 108.350972 21.564171, 108.350973 21.564167, 108.350975 21.564163, 108.351595 21.562616, 108.351597 21.562612, 108.351599 21.562608, 108.351602 21.562605, 108.352915 21.561117, 108.352918 21.561114, 108.352921 21.561112, 108.352924 21.561109, 108.352928 21.561107, 108.354473 21.56029, 108.354477 21.560288, 108.354481 21.560287, 108.354485 21.560285, 108.354489 21.560285, 108.354493 21.560284, 108.356702 21.560143, 108.356706 21.560143, 108.35671 21.560143, 108.356714 21.560143, 108.356718 21.560144, 108.356721 21.560146, 108.358373 21.560758, 108.358377 21.56076, 108.35838 21.560762, 108.358384 21.560764, 108.358387 21.560766, 108.35839 21.560769, 108.360586 21.563045, 108.360589 21.563049, 108.360591 21.563052, 108.360593 21.563056, 108.360595 21.56306, 108.360596 21.563064, 108.360597 21.563068, 108.360597 21.563073, 108.360648 21.566108, 108.362554 21.567078, 108.362557 21.56708, 108.362561 21.567082, 108.362564 21.567085, 108.362566 21.567087, 108.362569 21.56709, 108.362571 21.567093, 108.3636 21.568731, 108.364353 21.566482, 108.365392 21.564199, 108.366669 21.562023, 108.36817 21.559975, 108.368207 21.559929, 108.367512 21.55853, 108.36751 21.558526, 108.367509 21.558522, 108.367508 21.558518, 108.367095 21.555242, 108.367094 21.555237, 108.367094 21.555233, 108.367095 21.555228, 108.367097 21.555224, 108.367801 21.553239, 108.367802 21.553235, 108.367804 21.553231, 108.367807 21.553228, 108.36781 21.553224, 108.367813 21.553221, 108.369463 21.551802, 108.369466 21.551799, 108.36947 21.551797, 108.369475 21.551794, 108.369479 21.551793, 108.371807 21.551076, 108.371811 21.551075, 108.371815 21.551074, 108.37182 21.551074, 108.371824 21.551074, 108.373996 21.551177, 108.374001 21.551178, 108.374006 21.551179, 108.374011 21.55118, 108.374015 21.551182, 108.374948 21.551647, 108.380622 21.544674, 108.382236 21.542872, 108.384024 21.541218, 108.38597 21.539728, 108.388058 21.538412, 108.390268 21.537284, 108.392583 21.536353, 108.39498 21.535628, 108.39744 21.535114, 108.415344 21.532183, 108.417855 21.531885, 108.420386 21.531807, 108.422913 21.53195, 108.473857 21.537078, 108.476452 21.537459, 108.478996 21.538073, 108.481462 21.538915, 108.483829 21.539976, 108.486074 21.541246, 108.488174 21.542714, 108.490111 21.544365, 108.491867 21.546184, 108.493423 21.548153, 108.494766 21.550253, 108.495882 21.552465, 108.496762 21.554768, 108.497396 21.55714, 108.497779 21.559557, 108.497781 21.559594, 108.49886 21.559864, 108.501541 21.560828, 108.503561 21.561673, 108.50574 21.560096, 108.509705 21.556568, 108.514015 21.550065, 108.515624 21.545186, 108.516137 21.540104, 108.496832 21.376816, 108.494871 21.369814, 108.4924 21.365563, 108.4891 21.361832, 108.485092 21.35876, 108.480527 21.356459, 108.475573 21.355017, 108.372735 21.344314, 108.367301 21.344268, 108.359407 21.346094))",8624.18036119509,False,land_area_clipped,terminal_area_clipped
119,21.420240527187712,108.1338589919426,3,15901.433333333332,arithmetic_mean_stop_location,,anchorage,"POLYGON ((108.165884 21.420911, 108.166587 21.41357, 108.165761 21.408706, 108.163931 21.404086, 108.159466 21.397999, 108.155511 21.394729, 108.14849 21.391323, 108.143346 21.390178, 108.13806 21.389991, 108.132838 21.390769, 108.127879 21.392481, 108.116027 21.39913, 108.111673 21.402235, 108.106625 21.40826, 108.104451 21.412947, 108.103342 21.417947, 108.103342 21.423052, 108.104453 21.428051, 108.108175 21.437355, 108.111251 21.441481, 108.11515 21.444954, 108.119713 21.447635, 108.124759 21.449415, 108.130084 21.450225, 108.135477 21.45003, 108.140719 21.44884, 108.145602 21.446701, 108.151828 21.441912, 108.161467 21.429807, 108.164147 21.425562, 108.165884 21.420911))",9818.872869376546,False,unchanged,unchanged
121,27.41186557992468,120.9326865404549,3,8541.983333333334,arithmetic_mean_stop_location,,anchorage,"POLYGON ((120.902464 27.390627, 120.897581 27.392298, 120.893154 27.394775, 120.887727 27.399791, 120.885116 27.403817, 120.883432 27.408215, 120.882736 27.41282, 120.883056 27.417456, 120.884379 27.42195, 120.886656 27.426132, 120.8898 27.429845, 120.893694 27.432948, 120.900611 27.436212, 120.908293 27.437572, 120.957106 27.435682, 120.962287 27.435017, 120.967225 27.433476, 120.973775 27.429657, 120.97733 27.426246, 120.980074 27.42229, 120.981905 27.417937, 120.982797 27.411025, 120.981412 27.404178, 120.979273 27.399936, 120.976251 27.396141, 120.970319 27.391595, 120.963164 27.388755, 120.958011 27.387936, 120.934681 27.386278, 120.927882 27.38656, 120.902464 27.390627))",14195.746688722786,False,unchanged,unchanged
122,34.3105269896729,120.32204876358666,19,61859.86666666666,arithmetic_mean_stop_location,,anchorage,"POLYGON ((120.29692 34.259879, 120.293305 34.270389, 120.290847 34.29277, 120.290533 34.294691, 120.290019 34.296583, 120.283101 34.317659, 120.282243 34.319827, 120.281121 34.321911, 120.279747 34.323888, 120.278134 34.32574, 120.276301 34.327445, 120.274266 34.328986, 120.263968 34.33602, 120.323385 34.365762, 120.330689 34.367676, 120.335794 34.367969, 120.340875 34.367461, 120.461211 34.335648, 120.465964 34.333955, 120.470238 34.331544, 120.473875 34.328502, 120.477849 34.323008, 120.479766 34.316806, 120.479467 34.31041, 120.476977 34.304349, 120.472502 34.299122, 120.468592 34.29632, 120.425872 34.271203, 120.420673 34.268812, 120.387675 34.260632, 120.383024 34.259858, 120.306917 34.258372, 120.29893 34.25922, 120.29692 34.259879))",6933.034417926164,False,land_area_clipped,unchanged
133,21.83421838322023,113.28760991963807,33,99181.31666666667,arithmetic_mean_stop_location,,anchorage,"POLYGON ((113.332095 21.783424, 113.325232 21.779888, 113.317563 21.778338, 113.309739 21.778906, 113.304765 21.780444, 113.256746 21.800301, 113.251225 21.803363, 113.237101 21.813646, 113.232298 21.819232, 113.230131 21.823562, 113.22889 21.828195, 113.228853 21.835342, 113.230994 21.842206, 113.239856 21.860372, 113.241045 21.859871, 113.248777 21.857104, 113.251279 21.856336, 113.253851 21.855799, 113.256467 21.855498, 113.259102 21.855435, 113.261731 21.855612, 113.261996 21.855654, 113.260417 21.85269, 113.260416 21.852686, 113.260414 21.852682, 113.260413 21.852679, 113.260413 21.852675, 113.260413 21.852671, 113.260413 21.852667, 113.260593 21.851065, 113.260593 21.85106, 113.260595 21.851056, 113.260597 21.851052, 113.260599 21.851048, 113.261712 21.849328, 113.261715 21.849325, 113.261718 21.849321, 113.261721 21.849319, 113.261725 21.849316, 113.263645 21.848045, 113.263649 21.848043, 113.263653 21.848041, 113.263657 21.848039, 113.263662 21.848038, 113.265344 21.847709, 113.265349 21.847708, 113.265353 21.847708, 113.265358 21.847708, 113.265363 21.847709, 113.267451 21.848153, 113.267455 21.848154, 113.267459 21.848156, 113.267463 21.848158, 113.267466 21.84816, 113.26747 21.848162, 113.269098 21.849453, 113.269102 21.849456, 113.269105 21.84946, 113.269108 21.849464, 113.270153 21.851112, 113.270155 21.851116, 113.270157 21.851119, 113.270158 21.851123, 113.270159 21.851127, 113.270399 21.852716, 113.270399 21.85272, 113.270399 21.852724, 113.270398 21.852728, 113.270398 21.852732, 113.269973 21.854287, 113.269972 21.854291, 113.26997 21.854295, 113.269968 21.854298, 113.269966 21.854302, 113.26894 21.855593, 113.268937 21.855596, 113.268934 21.8556, 113.26893 21.855602, 113.267322 21.856653, 113.267319 21.856655, 113.267315 21.856657, 113.267312 21.856658, 113.267308 21.856659, 113.267027 21.856728, 113.269333 21.857548, 113.27169 21.858642, 113.273922 21.859945, 113.283199 21.865968, 113.285351 21.867521, 113.287322 21.869268, 113.289094 21.871191, 113.290647 21.87327, 113.292439 21.875948, 113.310684 21.871131, 113.345445 21.859476, 113.350171 21.857385, 113.354373 21.854484, 113.359351 21.848862, 113.362375 21.842149, 113.36319 21.834911, 113.362463 21.830097, 113.359537 21.823346, 113.339002 21.790688, 113.335931 21.786742, 113.332095 21.783424))",6422.79996724696,False,land_area_clipped,terminal_area_clipped
137,30.774738363288165,122.62245546207139,23,50641.96666666667,arithmetic_mean_stop_location,,anchorage,"POLYGON ((122.618254 30.727847, 122.59917 30.731593, 122.594103 30.73309, 122.587394 30.736869, 122.582276 30.742177, 122.579202 30.748545, 122.578432 30.753102, 122.58011 30.781443, 122.581009 30.786235, 122.583051 30.79076, 122.604888 30.819625, 122.607909 30.822905, 122.61184 30.825837, 122.616353 30.828066, 122.621281 30.829507, 122.62644 30.830108, 122.63419 30.829393, 122.639082 30.827865, 122.645556 30.824137, 122.649059 30.820829, 122.651757 30.817005, 122.653548 30.812807, 122.65994 30.791695, 122.660747 30.787423, 122.660614 30.783097, 122.656055 30.750602, 122.653982 30.744076, 122.649803 30.738343, 122.646017 30.735207, 122.641595 30.732763, 122.631652 30.72927, 122.626408 30.727999, 122.618254 30.727847))",12505.382502983184,False,unchanged,unchanged
138,30.471658852417107,122.10823444314441,110,331763.48333333334,arithmetic_mean_stop_location,,anchorage,"POLYGON ((121.959494 30.388526, 121.952581 30.391933, 121.947124 30.396934, 121.943599 30.403091, 121.942314 30.409867, 121.941236 30.476785, 121.942513 30.484181, 121.954062 30.506669, 121.959118 30.512167, 121.963454 30.514996, 121.968362 30.517017, 121.982831 30.521493, 121.988643 30.522685, 122.204497 30.545602, 122.209975 30.5457, 122.215363 30.544842, 122.220438 30.543064, 122.234689 30.536379, 122.239238 30.533, 122.252709 30.520287, 122.265239 30.502002, 122.26341 30.500885, 122.261446 30.499421, 122.258028 30.496614, 122.256171 30.494928, 122.254519 30.493091, 122.253089 30.491121, 122.251894 30.489037, 122.250947 30.486861, 122.247122 30.476526, 122.246417 30.474216, 122.24599 30.471855, 122.245848 30.469468, 122.245848 30.459296, 122.245998 30.456845, 122.246975 30.44891, 122.24736 30.446751, 122.247913 30.444858, 122.247155 30.443129, 122.246469 30.440941, 122.246033 30.438705, 122.245853 30.436443, 122.245929 30.434177, 122.246261 30.431927, 122.246845 30.429717, 122.247677 30.427566, 122.248748 30.425495, 122.250047 30.423523, 122.251564 30.421671, 122.256882 30.415803, 122.255271 30.415028, 122.250678 30.413862, 122.112088 30.390041, 121.96992 30.386952, 121.964616 30.387293, 121.959494 30.388526))",18321.2122340135,False,land_area_clipped,unchanged
147,22.00395089198775,113.90555590136101,8,22941.350000000002,arithmetic_mean_stop_location,,anchorage,"POLYGON ((113.895284 21.962262, 113.889953 21.962333, 113.884741 21.963376, 113.879853 21.96535, 113.87548 21.968178, 113.870252 21.97377, 113.86702 21.980537, 113.861848 22.008601, 113.862496 22.016043, 113.865487 22.022974, 113.870554 22.028776, 113.874868 22.031756, 113.879734 22.033882, 113.884959 22.035069, 113.914659 22.038838, 113.919982 22.038553, 113.92514 22.037303, 113.942878 22.031209, 113.947625 22.029066, 113.95183 22.026107, 113.955332 22.022445, 113.957997 22.018219, 113.959722 22.013593, 113.960441 22.008744, 113.960127 22.003858, 113.958791 21.999122, 113.956484 21.994718, 113.951409 21.9891, 113.947137 21.986223, 113.928863 21.976329, 113.905473 21.965008, 113.900525 21.963165, 113.895284 21.962262))",14593.43521039272,False,unchanged,unchanged
148,22.96826635380215,116.57527224155083,23,54912.71666666667,arithmetic_mean_stop_location,,anchorage,"POLYGON ((116.558686 22.889808, 116.55075 22.890384, 116.545711 22.891951, 116.541104 22.8944, 116.535391 22.899508, 116.515497 22.923616, 116.515944 22.924095, 116.53973 22.952202, 116.54118 22.95409, 116.542433 22.956095, 116.543478 22.958198, 116.544305 22.960382, 116.544908 22.962627, 116.545282 22.964914, 116.546938 22.979724, 116.55606 22.98241, 116.55872 22.983338, 116.56126 22.984519, 116.563649 22.985941, 116.565863 22.987586, 116.581262 23.000322, 116.583115 23.002012, 116.584783 23.003858, 116.586249 23.005844, 116.587499 23.007951, 116.588522 23.01016, 116.589309 23.012449, 116.589851 23.014797, 116.590144 23.017183, 116.590185 23.019584, 116.590058 23.02102, 116.632478 23.018374, 116.637735 23.01756, 116.642715 23.015809, 116.647223 23.013191, 116.651082 23.009806, 116.654143 23.005789, 116.656285 23.001295, 116.662066 22.977, 116.661889 22.969929, 116.659552 22.963191, 116.655245 22.957333, 116.643257 22.945332, 116.573391 22.895002, 116.56646 22.891393, 116.558686 22.889808), (116.541792 22.951462, 116.541787 22.951463, 116.541783 22.951464, 116.541778 22.951463, 116.541774 22.951463, 116.54177 22.951462, 116.541765 22.951461, 116.539752 22.950748, 116.539748 22.950746, 116.539744 22.950743, 116.53974 22.950741, 116.539736 22.950738, 116.538534 22.94959, 116.538531 22.949586, 116.538528 22.949583, 116.538526 22.949579, 116.538524 22.949575, 116.538523 22.949571, 116.537592 22.94608, 116.537591 22.946076, 116.537591 22.946072, 116.537591 22.946068, 116.537591 22.946064, 116.537592 22.94606, 116.537594 22.946056, 116.538379 22.944155, 116.538381 22.944152, 116.538382 22.944149, 116.538385 22.944145, 116.538387 22.944143, 116.53839 22.94414, 116.539675 22.943015, 116.539678 22.943012, 116.539682 22.94301, 116.539686 22.943008, 116.53969 22.943006, 116.542078 22.942171, 116.542082 22.94217, 116.542086 22.942169, 116.542091 22.942169, 116.542095 22.942169, 116.543867 22.942225, 116.543871 22.942225, 116.543876 22.942226, 116.54388 22.942227, 116.543884 22.942229, 116.545494 22.942912, 116.545498 22.942914, 116.545501 22.942916, 116.545504 22.942918, 116.545507 22.94292, 116.54551 22.942923, 116.546919 22.944488, 116.546922 22.944492, 116.546924 22.944496, 116.546926 22.9445, 116.547725 22.946454, 116.547726 22.946458, 116.547727 22.946462, 116.547728 22.946466, 116.547728 22.94647, 116.547653 22.948069, 116.547653 22.948073, 116.547652 22.948077, 116.547651 22.94808, 116.547649 22.948084, 116.546922 22.949537, 116.54692 22.94954, 116.546918 22.949544, 116.546915 22.949547, 116.546912 22.94955, 116.54564 22.95064, 116.545637 22.950643, 116.545633 22.950645, 116.545629 22.950647, 116.545624 22.950649, 116.54562 22.95065, 116.541792 22.951462))",5493.630051239449,False,land_area_clipped,terminal_area_clipped
151,38.30264372813487,118.1230765820877,18,49087.96666666667,arithmetic_mean_stop_location,,anchorage,"POLYGON ((118.118413 38.277036, 118.110629 38.277604, 118.105697 38.278953, 118.099149 38.282306, 118.095588 38.285304, 118.092831 38.288785, 118.090419 38.294622, 118.090049 38.29871, 118.09069 38.302778, 118.092318 38.306671, 118.094873 38.310245, 118.105351 38.320053, 118.109143 38.322924, 118.115979 38.326014, 118.121047 38.327148, 118.126299 38.327487, 118.131535 38.327017, 118.136555 38.325757, 118.141165 38.323754, 118.145191 38.321086, 118.148478 38.317854, 118.1509 38.314181, 118.152365 38.310209, 118.152817 38.306089, 118.152238 38.301978, 118.150074 38.296783, 118.146121 38.290238, 118.141016 38.285282, 118.1308 38.279996, 118.126078 38.278246, 118.118413 38.277036))",19616.640594889057,False,unchanged,unchanged
154,29.743895921892822,122.21062108935293,14,341477.9166666667,arithmetic_mean_stop_location,,anchorage,"POLYGON ((122.207509 29.694513, 122.206789 29.694257, 122.202328 29.704871, 122.201175 29.707212, 122.199736 29.709429, 122.198102 29.711408, 122.198656 29.711854, 122.198659 29.711856, 122.198662 29.711859, 122.198664 29.711862, 122.198666 29.711865, 122.198668 29.711868, 122.199492 29.713692, 122.199493 29.713695, 122.199494 29.713699, 122.199495 29.713702, 122.199495 29.713706, 122.199495 29.713709, 122.199275 29.716104, 122.199275 29.716108, 122.199274 29.716112, 122.199272 29.716115, 122.199271 29.716119, 122.198493 29.717453, 122.198491 29.717457, 122.198488 29.71746, 122.198485 29.717463, 122.198482 29.717465, 122.197183 29.718447, 122.19718 29.71845, 122.197176 29.718452, 122.197173 29.718453, 122.197169 29.718455, 122.19554 29.71894, 122.195535 29.718941, 122.195531 29.718942, 122.195526 29.718942, 122.192711 29.718987, 122.192707 29.718987, 122.192702 29.718987, 122.192697 29.718986, 122.192693 29.718984, 122.191508 29.718552, 122.175298 29.736089, 122.187957 29.760443, 122.19594 29.774318, 122.199117 29.777933, 122.205235 29.782191, 122.212506 29.784739, 122.220315 29.785363, 122.225493 29.784677, 122.230421 29.783134, 122.238328 29.779006, 122.242279 29.775876, 122.245441 29.77213, 122.247687 29.767916, 122.24893 29.763399, 122.249121 29.758758, 122.248253 29.754175, 122.246358 29.749832, 122.224786 29.712153, 122.215285 29.700553, 122.211737 29.697203, 122.207509 29.694513))",6692.967397905925,False,land_area_clipped,terminal_area_clipped
156,23.72932262871118,117.56258937040909,29,159950.86666666664,arithmetic_mean_stop_location,,anchorage,"POLYGON ((117.597332 23.661869, 117.591851 23.661524, 117.58377 23.662921, 117.528351 23.686979, 117.524006 23.69004, 117.521973 23.6922, 117.523942 23.692644, 117.526471 23.693468, 117.528898 23.694517, 117.531198 23.695782, 117.53335 23.697251, 117.535332 23.698908, 117.537124 23.700737, 117.538709 23.702721, 117.54007 23.704839, 117.541194 23.70707, 117.542941 23.711047, 117.543693 23.710528, 117.543697 23.710526, 117.543701 23.710524, 117.543705 23.710522, 117.543709 23.710521, 117.545381 23.710116, 117.545385 23.710115, 117.545388 23.710115, 117.545392 23.710115, 117.548218 23.710109, 117.548222 23.710109, 117.548226 23.71011, 117.54823 23.710111, 117.548234 23.710112, 117.548238 23.710113, 117.55012 23.71095, 117.550124 23.710952, 117.550128 23.710955, 117.550132 23.710958, 117.55143 23.712146, 117.551433 23.71215, 117.551436 23.712153, 117.551438 23.712157, 117.55144 23.712161, 117.552188 23.713961, 117.55219 23.713965, 117.552191 23.713968, 117.552191 23.713972, 117.552191 23.713976, 117.552191 23.71398, 117.551929 23.716433, 117.551928 23.716437, 117.551927 23.716441, 117.551926 23.716445, 117.551924 23.716448, 117.550906 23.718177, 117.550904 23.718181, 117.550901 23.718185, 117.550897 23.718188, 117.550894 23.718191, 117.549515 23.719136, 117.549511 23.719138, 117.549508 23.71914, 117.549504 23.719141, 117.549499 23.719143, 117.547834 23.719543, 117.547829 23.719544, 117.547825 23.719544, 117.54782 23.719544, 117.546649 23.719487, 117.551664 23.730901, 117.552547 23.733247, 117.553169 23.735661, 117.553523 23.738121, 117.553605 23.740601, 117.553414 23.743076, 117.552953 23.74552, 117.552226 23.74791, 117.551241 23.750221, 117.550007 23.75243, 117.548536 23.754514, 117.546845 23.756452, 117.544949 23.758225, 117.542869 23.759814, 117.540624 23.761205, 117.538238 23.762382, 117.537678 23.762625, 117.559563 23.796833, 117.565178 23.802053, 117.569751 23.804589, 117.574635 23.8062, 117.574674 23.805492, 117.56465 23.790909, 117.56342 23.788922, 117.562397 23.786839, 117.561589 23.784678, 117.561002 23.782459, 117.560643 23.780199, 117.560513 23.777918, 117.560615 23.775636, 117.562677 23.75401, 117.562717 23.753632, 117.564861 23.734542, 117.565269 23.732106, 117.565941 23.72972, 117.56687 23.727408, 117.568046 23.725191, 117.569457 23.723093, 117.57109 23.721135, 117.572929 23.719335, 117.574954 23.717712, 117.577146 23.716282, 117.579483 23.715059, 117.581941 23.714056, 117.584496 23.713282, 117.587123 23.712746, 117.589796 23.712452, 117.592487 23.712404, 117.59517 23.712602, 117.597817 23.713043, 117.600404 23.713725, 117.602903 23.714639, 117.605291 23.715777, 117.607542 23.717127, 117.609636 23.718676, 117.61155 23.720408, 117.613265 23.722307, 117.616319 23.726053, 117.62159 23.688574, 117.621178 23.683577, 117.619672 23.678758, 117.617134 23.674317, 117.61177 23.668705, 117.605127 23.664267, 117.597332 23.661869))",3371.2238355777317,False,land_area_clipped,terminal_area_clipped
157,38.11056968609697,119.10008279812625,4,8692.633333333333,arithmetic_mean_stop_location,,anchorage,"POLYGON ((119.107118 38.07647, 119.102287 38.074935, 119.09717 38.074161, 119.08938 38.07448, 119.084394 38.075669, 119.079791 38.077591, 119.073977 38.081685, 119.07104 38.085072, 119.068985 38.088841, 119.067717 38.094898, 119.067315 38.11245, 119.067703 38.116435, 119.070041 38.12213, 119.072689 38.125541, 119.078062 38.129776, 119.10241 38.144053, 119.109627 38.146462, 119.114798 38.147111, 119.120032 38.146961, 119.12513 38.146018, 119.1299 38.144317, 119.134161 38.141922, 119.137753 38.138925, 119.14054 38.135437, 119.142417 38.131591, 119.143313 38.127532, 119.143193 38.123413, 119.141132 38.117462, 119.11819 38.084937, 119.113441 38.080066, 119.107118 38.07647))",16808.809663462693,False,unchanged,unchanged
159,37.655890311364566,121.50732084355668,10,33582.98333333334,arithmetic_mean_stop_location,,anchorage,"POLYGON ((121.485032 37.629217, 121.48003 37.630249, 121.475369 37.632018, 121.463179 37.639203, 121.459569 37.642393, 121.456837 37.646088, 121.455091 37.650141, 121.454465 37.656531, 121.455401 37.660748, 121.457381 37.664732, 121.462126 37.669925, 121.466286 37.672661, 121.471052 37.674684, 121.505191 37.685846, 121.510256 37.687058, 121.518167 37.687356, 121.525846 37.685822, 121.530507 37.68384, 121.539366 37.679016, 121.5474 37.671999, 121.551424 37.666846, 121.553014 37.662999, 121.554554 37.654157, 121.554706 37.650026, 121.55385 37.64595, 121.552018 37.64208, 121.549278 37.638563, 121.543699 37.63423, 121.539204 37.632129, 121.534282 37.630754, 121.512996 37.628187, 121.507407 37.628005, 121.485032 37.629217))",11971.897113975861,False,unchanged,unchanged
162,19.493812664185445,110.8788452327729,9,41827.28333333334,arithmetic_mean_stop_location,,anchorage,"POLYGON ((110.899739 19.466358, 110.893316 19.462049, 110.885845 19.459678, 110.880596 19.45928, 110.875366 19.459852, 110.870353 19.461373, 110.86575 19.463783, 110.853481 19.473419, 110.848235 19.479057, 110.844964 19.485894, 110.843953 19.493332, 110.844586 19.498306, 110.846242 19.503066, 110.848857 19.507427, 110.851535 19.510352, 110.85258 19.51007, 110.85531 19.509613, 110.858075 19.509422, 110.860847 19.509501, 110.863595 19.509847, 110.866292 19.510458, 110.884114 19.515423, 110.886702 19.516281, 110.889184 19.517383, 110.891534 19.518717, 110.893729 19.520269, 110.895744 19.522024, 110.906975 19.532849, 110.909399 19.535536, 110.909428 19.535573, 110.912467 19.533561, 110.91611 19.529965, 110.91894 19.525768, 110.920848 19.521133, 110.921833 19.513747, 110.920503 19.506408, 110.905743 19.474458, 110.903163 19.47013, 110.899739 19.466358))",5281.238468004143,False,land_area_clipped,unchanged
168,28.39051137781503,121.66735482760747,36,188070.5333333333,arithmetic_mean_stop_location,,anchorage,"POLYGON ((121.64849 28.430727, 121.6654 28.4452, 121.671824 28.449271, 121.679316 28.451524, 121.687229 28.451765, 121.694881 28.449974, 121.699508 28.44772, 121.703545 28.444715, 121.714583 28.434544, 121.717434 28.430677, 121.71938 28.426398, 121.720348 28.421868, 121.7203 28.417259, 121.71834 28.410578, 121.689425 28.363331, 121.684433 28.35755, 121.680095 28.354556, 121.677832 28.353569, 121.677087 28.354441, 121.66846 28.363595, 121.666699 28.36529, 121.664759 28.366827, 121.662659 28.368191, 121.66042 28.369371, 121.658061 28.370354, 121.657654 28.370483, 121.658629 28.374537, 121.659051 28.376851, 121.659211 28.37919, 121.659108 28.381531, 121.659003 28.3822, 121.660232 28.382206, 121.660237 28.382206, 121.660242 28.382207, 121.660246 28.382208, 121.660251 28.382209, 121.662323 28.383047, 121.662326 28.383048, 121.66233 28.38305, 121.662333 28.383052, 121.662336 28.383055, 121.663646 28.384212, 121.663649 28.384215, 121.663652 28.384219, 121.663655 28.384222, 121.663657 28.384226, 121.664399 28.385991, 121.664401 28.385994, 121.664402 28.385998, 121.664402 28.386002, 121.664402 28.386006, 121.664402 28.38601, 121.664039 28.388242, 121.664038 28.388246, 121.664037 28.38825, 121.664036 28.388253, 121.664034 28.388256, 121.662942 28.389941, 121.662939 28.389944, 121.662937 28.389947, 121.662934 28.38995, 121.662931 28.389952, 121.662928 28.389954, 121.661473 28.390842, 121.661469 28.390844, 121.661465 28.390845, 121.661461 28.390847, 121.661457 28.390848, 121.659725 28.391172, 121.65972 28.391172, 121.659716 28.391172, 121.659711 28.391172, 121.656312 28.390851, 121.656307 28.39085, 121.656302 28.390849, 121.656298 28.390847, 121.656294 28.390845, 121.655979 28.390683, 121.65477 28.392486, 121.653197 28.394377, 121.640006 28.408689, 121.63704 28.416824, 121.645036 28.427115, 121.64849 28.430727), (121.665754 28.373886, 121.665751 28.373883, 121.665748 28.37388, 121.665745 28.373876, 121.665743 28.373873, 121.664817 28.371815, 121.664816 28.371812, 121.664815 28.371808, 121.664814 28.371805, 121.664814 28.371801, 121.664793 28.370224, 121.664793 28.37022, 121.664794 28.370216, 121.664795 28.370212, 121.664796 28.370208, 121.665478 28.368749, 121.66548 28.368746, 121.665482 28.368742, 121.665485 28.368739, 121.665488 28.368736, 121.666764 28.367628, 121.666767 28.367625, 121.666771 28.367623, 121.666775 28.367621, 121.666779 28.367619, 121.669119 28.366799, 121.669123 28.366798, 121.669128 28.366797, 121.669132 28.366796, 121.669136 28.366796, 121.670876 28.366815, 121.670881 28.366816, 121.670885 28.366816, 121.67089 28.366818, 121.670895 28.366819, 121.672845 28.367651, 121.672849 28.367653, 121.672853 28.367655, 121.672857 28.367658, 121.67286 28.367661, 121.673955 28.36885, 121.673958 28.368853, 121.67396 28.368856, 121.673962 28.36886, 121.674818 28.370656, 121.674819 28.37066, 121.67482 28.370664, 121.674821 28.370668, 121.674821 28.370672, 121.674804 28.372229, 121.674804 28.372233, 121.674803 28.372237, 121.674802 28.372241, 121.674801 28.372244, 121.674101 28.373675, 121.674099 28.373679, 121.674097 28.373682, 121.674094 28.373685, 121.674091 28.373688, 121.672817 28.37477, 121.672814 28.374773, 121.67281 28.374775, 121.672806 28.374777, 121.672801 28.374779, 121.672797 28.37478, 121.669008 28.375593, 121.669003 28.375594, 121.668999 28.375594, 121.668995 28.375594, 121.66899 28.375594, 121.668986 28.375593, 121.668982 28.375592, 121.666984 28.374951, 121.666979 28.374949, 121.666975 28.374947, 121.666971 28.374945, 121.666968 28.374942, 121.665754 28.373886))",4149.748983115886,False,land_area_clipped,terminal_area_clipped
169,37.246393742144285,119.17455188417074,51,123703.61666666667,arithmetic_mean_stop_location,,anchorage,"POLYGON ((119.152232 37.213582, 119.145247 37.216649, 119.140253 37.220283, 119.136076 37.224235, 119.132437 37.23013, 119.131151 37.236458, 119.132271 37.242806, 119.135695 37.248606, 119.139116 37.25191, 119.154346 37.263905, 119.166652 37.272521, 119.171358 37.274686, 119.179197 37.276423, 119.184632 37.276505, 119.189977 37.275718, 119.195015 37.274093, 119.199541 37.271697, 119.208848 37.264389, 119.213123 37.259915, 119.215466 37.256058, 119.217628 37.250815, 119.218202 37.246634, 119.217123 37.240395, 119.211597 37.229551, 119.208069 37.22554, 119.202676 37.221356, 119.195496 37.218295, 119.167983 37.212849, 119.160039 37.212277, 119.152232 37.213582))",9145.040772106331,False,unchanged,unchanged
170,19.866905462826516,109.16542459915695,13,36533.9,arithmetic_mean_stop_location,,anchorage,"POLYGON ((109.142943 19.845537, 109.137052 19.850824, 109.13418 19.855169, 109.131747 19.862477, 109.131471 19.867586, 109.132398 19.875723, 109.135282 19.882426, 109.138279 19.886349, 109.142012 19.889665, 109.146347 19.892255, 109.151126 19.894025, 109.16843 19.897175, 109.173657 19.897603, 109.178873 19.89707, 109.18388 19.895597, 109.188489 19.89324, 109.192525 19.890087, 109.197177 19.884136, 109.199172 19.879573, 109.200189 19.874732, 109.200208 19.872591, 109.194126 19.86791, 109.19181 19.865905, 109.189759 19.863659, 109.185934 19.858939, 109.184784 19.857406, 109.183758 19.855797, 109.17792 19.84582, 109.177611 19.84539, 109.171822 19.841181, 109.163352 19.83667, 109.152326 19.840462, 109.142943 19.845537))",5424.55647596894,False,land_area_clipped,unchanged
172,22.502832756829186,114.78454252634288,20,67755.23333333334,arithmetic_mean_stop_location,,anchorage,"POLYGON ((114.813293 22.39392, 114.808064 22.393726, 114.802893 22.394471, 114.797976 22.396125, 114.793496 22.398626, 114.787963 22.403754, 114.785267 22.4079, 114.74327 22.490196, 114.736936 22.507504, 114.736463 22.515558, 114.738359 22.531621, 114.73951 22.536591, 114.743214 22.543384, 114.748966 22.548827, 114.787497 22.570324, 114.801732 22.568004, 114.80421 22.567709, 114.806707 22.567627, 114.809202 22.567759, 114.811672 22.568103, 114.814098 22.568658, 114.816457 22.569417, 114.837298 22.577143, 114.858642 22.576932, 114.859946 22.576257, 114.85715 22.571985, 114.855858 22.569764, 114.854816 22.567434, 114.854035 22.565019, 114.853522 22.562543, 114.853283 22.560032, 114.853321 22.557511, 114.853634 22.555007, 114.85422 22.552545, 114.855073 22.55015, 114.8585 22.541952, 114.859611 22.539647, 114.86097 22.537458, 114.861954 22.536191, 114.851181 22.422183, 114.84871 22.415422, 114.844266 22.409586, 114.838215 22.405153, 114.823142 22.397057, 114.818383 22.395045, 114.813293 22.39392))",11005.087495240432,False,land_area_clipped,unchanged
176,18.37643773509905,108.704412734855,3,8784.983333333334,arithmetic_mean_stop_location,,anchorage,"POLYGON ((108.72058 18.337728, 108.716004 18.335163, 108.710988 18.333501, 108.705725 18.332805, 108.700421 18.333103, 108.695281 18.334383, 108.690506 18.336596, 108.686281 18.339654, 108.666914 18.35679, 108.663387 18.360598, 108.66072 18.36499, 108.659019 18.369795, 108.658412 18.377361, 108.66017 18.384763, 108.662589 18.389282, 108.665899 18.39326, 108.669971 18.39654, 108.71259 18.418917, 108.720134 18.420844, 108.725351 18.420945, 108.732971 18.419314, 108.737637 18.417097, 108.743577 18.412284, 108.747814 18.406056, 108.749989 18.398937, 108.749922 18.391525, 108.747617 18.384442, 108.728982 18.347355, 108.724536 18.341094, 108.72058 18.337728))",14474.62544903422,False,unchanged,unchanged
180,37.92314210068554,120.91503927011561,16,48803.8,arithmetic_mean_stop_location,,anchorage,"POLYGON ((120.887878 37.868958, 120.88259 37.869836, 120.87763 37.871529, 120.871237 37.875439, 120.867921 37.878807, 120.865523 37.882629, 120.86414 37.886751, 120.860875 37.93062, 120.86367 37.949345, 120.866377 37.955072, 120.871039 37.959954, 120.87727 37.963587, 120.882045 37.965163, 120.887115 37.96599, 120.892292 37.966037, 120.897384 37.965303, 120.938453 37.956097, 120.944163 37.954236, 120.979401 37.93881, 120.983726 37.936453, 120.98739 37.933479, 120.990251 37.93, 120.992202 37.926149, 120.993168 37.922073, 120.9927 37.915875, 120.991127 37.911917, 120.987027 37.906617, 120.981161 37.902477, 120.91874 37.876371, 120.901129 37.870477, 120.895959 37.869238, 120.887878 37.868958))",13658.512786277268,False,unchanged,unchanged
181,30.188285363046717,122.36099796784342,43,105914.96666666666,arithmetic_mean_stop_location,,anchorage,"POLYGON ((122.371633 30.152987, 122.366324 30.153035, 122.333856 30.15626, 122.328084 30.158006, 122.323953 30.159857, 122.319723 30.162621, 122.316201 30.166048, 122.313523 30.170005, 122.311793 30.174339, 122.310746 30.180925, 122.311018 30.185311, 122.312237 30.189574, 122.314361 30.193564, 122.319069 30.198729, 122.338101 30.211635, 122.343611 30.213882, 122.352309 30.216324, 122.360025 30.216907, 122.393182 30.215152, 122.398521 30.213912, 122.407013 30.210641, 122.412955 30.206283, 122.416002 30.202635, 122.41818 30.198548, 122.419651 30.191933, 122.41938 30.187439, 122.418115 30.183074, 122.415902 30.179, 122.410997 30.173765, 122.393285 30.162032, 122.384062 30.156727, 122.37685 30.15384, 122.371633 30.152987))",7116.846431512403,False,unchanged,unchanged
183,23.134314108023528,116.61647350925787,4,12113.633333333333,arithmetic_mean_stop_location,,anchorage,"POLYGON ((116.636955 23.101953, 116.631004 23.097097, 116.623771 23.094051, 116.615886 23.09308, 116.608036 23.094269, 116.600906 23.097515, 116.595117 23.102533, 116.589295 23.110697, 116.586972 23.114867, 116.585544 23.119364, 116.585061 23.124027, 116.587472 23.148613, 116.588446 23.153267, 116.591661 23.159717, 116.594412 23.162619, 116.595886 23.161085, 116.597749 23.159482, 116.599768 23.158048, 116.601926 23.156795, 116.604203 23.155736, 116.606579 23.15488, 116.612415 23.153064, 116.615085 23.149624, 116.616633 23.147814, 116.618357 23.146144, 116.620243 23.144627, 116.622273 23.143279, 116.624431 23.142109, 116.626697 23.141129, 116.629053 23.140347, 116.631478 23.139769, 116.63395 23.1394, 116.643684 23.138373, 116.646294 23.138216, 116.648383 23.138276, 116.642687 23.112861, 116.641106 23.108195, 116.636955 23.101953))",4261.955205704186,False,land_area_clipped,unchanged
195,30.225573305405934,122.10651291750422,134,769441.5,arithmetic_mean_stop_location,,anchorage,"POLYGON ((122.042019 30.264974, 122.045669 30.268738, 122.050151 30.271757, 122.055267 30.273897, 122.055689 30.274028, 122.057357 30.272824, 122.097803 30.246493, 122.09783 30.246477, 122.097758 30.246326, 122.097756 30.246322, 122.097755 30.246318, 122.097754 30.246314, 122.097561 30.244132, 122.097561 30.244128, 122.097562 30.244124, 122.097562 30.24412, 122.097564 30.244116, 122.098316 30.242314, 122.098318 30.24231, 122.09832 30.242307, 122.098322 30.242304, 122.098325 30.242301, 122.098328 30.242298, 122.099987 30.241026, 122.09999 30.241024, 122.099994 30.241022, 122.099997 30.24102, 122.100001 30.241019, 122.100005 30.241018, 122.102389 30.240474, 122.102393 30.240473, 122.102398 30.240473, 122.102402 30.240473, 122.104219 30.240515, 122.104224 30.240515, 122.104228 30.240516, 122.104233 30.240517, 122.104237 30.240518, 122.105887 30.241179, 122.105891 30.241181, 122.105894 30.241183, 122.105898 30.241186, 122.106421 30.241602, 122.105803 30.238454, 122.105803 30.238451, 122.105803 30.238447, 122.105803 30.238443, 122.105804 30.238439, 122.105805 30.238435, 122.105807 30.238432, 122.10672 30.23673, 122.106723 30.236726, 122.106726 30.236723, 122.106729 30.236719, 122.106732 30.236717, 122.108069 30.23575, 122.108072 30.235747, 122.108076 30.235745, 122.10808 30.235744, 122.108084 30.235742, 122.110616 30.235049, 122.110621 30.235048, 122.110625 30.235047, 122.110629 30.235047, 122.110634 30.235047, 122.11236 30.235169, 122.112365 30.23517, 122.11237 30.235171, 122.112374 30.235172, 122.112379 30.235174, 122.114253 30.236097, 122.114256 30.236099, 122.11426 30.236101, 122.114263 30.236104, 122.114266 30.236107, 122.114268 30.23611, 122.115428 30.237681, 122.11543 30.237685, 122.115432 30.237688, 122.115434 30.237691, 122.115618 30.238233, 122.125439 30.233895, 122.1276 30.233042, 122.129839 30.232357, 122.13214 30.231845, 122.166676 30.225547, 122.178822 30.221746, 122.181531 30.221035, 122.184312 30.220573, 122.196523 30.219116, 122.196939 30.202479, 122.196419 30.197397, 122.194631 30.192534, 122.169453 30.143442, 122.168586 30.143587, 122.165861 30.1438, 122.146243 30.144465, 122.135948 30.152874, 122.133991 30.154325, 122.131883 30.155608, 122.117723 30.163378, 122.11543 30.164504, 122.11302 30.165431, 122.110518 30.16615, 122.094649 30.169974, 122.092314 30.170441, 122.089941 30.170727, 122.087548 30.170829, 121.974755 30.171318, 121.971957 30.171204, 121.970024 30.17095, 121.971025 30.173426, 122.042019 30.264974))",4913.698169884408,False,land_area_clipped,terminal_area_clipped
197,22.446808350550867,113.76448327189391,11,28942.416666666668,arithmetic_mean_stop_location,,anchorage,"POLYGON ((113.763598 22.354939, 113.75876 22.353062, 113.75362 22.352087, 113.748373 22.352053, 113.743218 22.352959, 113.738351 22.354772, 113.733956 22.357423, 113.728607 22.362742, 113.726066 22.366988, 113.712194 22.406586, 113.710914 22.413586, 113.711277 22.418315, 113.733787 22.541685, 113.736943 22.548371, 113.742061 22.553924, 113.748703 22.557869, 113.7537 22.559431, 113.75893 22.560064, 113.766774 22.55923, 113.774021 22.556332, 113.780046 22.551618, 113.783123 22.547661, 113.785308 22.543227, 113.803034 22.495241, 113.804418 22.488871, 113.803082 22.426989, 113.797885 22.401681, 113.796206 22.396618, 113.791258 22.388162, 113.773218 22.363037, 113.767952 22.357647, 113.763598 22.354939))",12001.010252751394,False,unchanged,unchanged
198,22.91820142364373,116.30799715917121,5,28082.099999999995,arithmetic_mean_stop_location,,anchorage,"POLYGON ((116.327513 22.881745, 116.321864 22.876683, 116.314868 22.873343, 116.309747 22.87222, 116.304487 22.872036, 116.299288 22.872798, 116.285282 22.876169, 116.277966 22.879048, 116.273738 22.882013, 116.270223 22.885685, 116.266578 22.892199, 116.265372 22.896967, 116.265205 22.90186, 116.266906 22.909018, 116.269276 22.913399, 116.274277 22.920594, 116.297163 22.937637, 116.30929 22.934163, 116.310155 22.932874, 116.308928 22.931691, 116.308926 22.931688, 116.308923 22.931684, 116.308921 22.931681, 116.308919 22.931677, 116.308303 22.930182, 116.308301 22.930179, 116.308301 22.930175, 116.3083 22.930171, 116.3083 22.930167, 116.3083 22.930164, 116.308301 22.93016, 116.309125 22.92618, 116.309126 22.926176, 116.309127 22.926172, 116.309129 22.926169, 116.309131 22.926165, 116.309134 22.926162, 116.309137 22.926159, 116.310648 22.924701, 116.310651 22.924698, 116.310654 22.924696, 116.310657 22.924694, 116.310661 22.924692, 116.310664 22.924691, 116.312306 22.924112, 116.31231 22.924111, 116.312315 22.92411, 116.31232 22.924109, 116.312325 22.924109, 116.312329 22.92411, 116.316607 22.924758, 116.316611 22.924758, 116.316615 22.924759, 116.316619 22.924761, 116.316622 22.924763, 116.316626 22.924765, 116.316629 22.924767, 116.31796 22.925852, 116.317963 22.925855, 116.317966 22.925858, 116.317969 22.925861, 116.317971 22.925865, 116.318741 22.92734, 116.318743 22.927344, 116.318744 22.927348, 116.318745 22.927352, 116.318746 22.927356, 116.318746 22.92736, 116.318618 22.930736, 116.319133 22.931344, 116.323805 22.930005, 116.333854 22.920624, 116.336033 22.918801, 116.338414 22.917207, 116.339635 22.916565, 116.332135 22.890408, 116.330285 22.885868, 116.327513 22.881745))",4884.891409300417,False,land_area_clipped,terminal_area_clipped
199,25.267104824248655,119.67479064287262,44,109959.38333333335,arithmetic_mean_stop_location,,anchorage,"POLYGON ((119.697445 25.194275, 119.689543 25.192861, 119.68417 25.193128, 119.678963 25.194355, 119.674129 25.196494, 119.655453 25.206965, 119.6511 25.210003, 119.647519 25.213775, 119.644858 25.218127, 119.61144 25.289009, 119.6098 25.293802, 119.609282 25.298798, 119.609531 25.322536, 119.609584 25.322546, 119.661261 25.334552, 119.663823 25.335272, 119.666293 25.336219, 119.668647 25.337383, 119.670862 25.338752, 119.672914 25.340314, 119.674785 25.342053, 119.676455 25.343951, 119.677908 25.34599, 119.679129 25.348149, 119.679769 25.349629, 119.683677 25.344039, 119.686249 25.339283, 119.724484 25.243307, 119.725755 25.238812, 119.726322 25.230152, 119.724871 25.22314, 119.721239 25.216807, 119.710171 25.202943, 119.704532 25.197739, 119.697445 25.194275))",11418.299442827109,False,land_area_clipped,unchanged
200,37.52762976882285,122.30295651345914,19,45482.73333333333,arithmetic_mean_stop_location,,anchorage,"POLYGON ((122.289084 37.494905, 122.283583 37.49594, 122.268597 37.500521, 122.257882 37.507556, 122.254616 37.510926, 122.252256 37.514741, 122.250605 37.520967, 122.251338 37.527302, 122.253127 37.531307, 122.25588 37.534953, 122.266885 37.544572, 122.285605 37.556079, 122.301998 37.562084, 122.306868 37.563353, 122.31452 37.563835, 122.346019 37.559934, 122.353595 37.558031, 122.358112 37.555819, 122.361994 37.552948, 122.36509 37.549529, 122.367281 37.545696, 122.368482 37.541595, 122.368645 37.537388, 122.367765 37.533236, 122.365876 37.529302, 122.363051 37.525737, 122.352075 37.514699, 122.345516 37.510708, 122.302954 37.4964, 122.294736 37.494804, 122.289084 37.494905))",11485.62735127195,False,unchanged,unchanged
201,38.8130027948837,121.09097565251557,17,40422.666666666664,arithmetic_mean_stop_location,,anchorage,"POLYGON ((121.0548 38.787054, 121.050273 38.789146, 121.046354 38.791884, 121.043193 38.795164, 121.026534 38.816503, 121.024232 38.820237, 121.022916 38.82425, 121.022636 38.828386, 121.024174 38.834468, 121.027924 38.839935, 121.0315 38.842999, 121.035778 38.845457, 121.043143 38.847804, 121.051067 38.848375, 121.084849 38.844308, 121.084644 38.843155, 121.084401 38.8409, 121.084472 38.838637, 121.084854 38.836394, 121.085545 38.834196, 121.086535 38.832068, 121.093127 38.819982, 121.094256 38.81816, 121.095606 38.816432, 121.097162 38.814812, 121.10573 38.806738, 121.109137 38.802333, 121.110411 38.796456, 121.10991 38.796239, 121.107775 38.795092, 121.105792 38.793791, 121.103978 38.792348, 121.10235 38.790775, 121.098195 38.78634, 121.067606 38.785104, 121.059763 38.785687, 121.0548 38.787054))",3703.2155860181224,False,land_area_clipped,unchanged
202,29.849096818502513,122.55359916067759,102,312430.10000000003,arithmetic_mean_stop_location,,anchorage,"POLYGON ((122.532304 29.740438, 122.527262 29.739556, 122.522119 29.739522, 122.517062 29.740336, 122.512276 29.74197, 122.5047 29.746698, 122.44726 29.8048, 122.444676 29.808776, 122.442581 29.815363, 122.442451 29.819926, 122.443344 29.824423, 122.445228 29.828684, 122.44803 29.832547, 122.480404 29.868657, 122.530459 29.909934, 122.535626 29.912606, 122.586016 29.932308, 122.593777 29.933541, 122.601616 29.932773, 122.606554 29.931176, 122.611038 29.928776, 122.622841 29.919415, 122.627749 29.914106, 122.630684 29.907797, 122.631414 29.903297, 122.634066 29.849006, 122.634168 29.838631, 122.633525 29.833385, 122.624237 29.810088, 122.613383 29.795471, 122.609322 29.791962, 122.541359 29.744586, 122.53706 29.742135, 122.532304 29.740438))",17463.266153850236,False,unchanged,unchanged
205,29.46140348746287,122.14500540352691,3,8440.316666666668,arithmetic_mean_stop_location,,anchorage,"POLYGON ((122.164773 29.422377, 122.159123 29.417561, 122.154565 29.415238, 122.149574 29.413735, 122.141699 29.413132, 122.136484 29.413855, 122.13153 29.415449, 122.125003 29.419333, 122.12005 29.4247, 122.117098 29.431087, 122.116375 29.435643, 122.119499 29.47903, 122.122121 29.485433, 122.125001 29.489219, 122.128664 29.492451, 122.132974 29.495008, 122.137769 29.496795, 122.14287 29.497744, 122.148086 29.49782, 122.15322 29.49702, 122.158082 29.495374, 122.162488 29.492944, 122.166273 29.489821, 122.169297 29.486121, 122.172164 29.479798, 122.172858 29.475297, 122.170204 29.43515, 122.168576 29.428413, 122.164773 29.422377))",19438.383515364218,False,unchanged,unchanged
210,30.200745208241294,122.4715252187317,7,16629.783333333333,arithmetic_mean_stop_location,,anchorage,"POLYGON ((122.482039 30.167536, 122.477101 30.165856, 122.471877 30.165045, 122.463953 30.165518, 122.458908 30.166941, 122.454284 30.169192, 122.450259 30.172182, 122.44568 30.177793, 122.435898 30.194586, 122.433394 30.201187, 122.433254 30.208132, 122.434489 30.212647, 122.436735 30.216862, 122.441795 30.222257, 122.446101 30.225029, 122.450957 30.227008, 122.465043 30.230121, 122.470258 30.230771, 122.478105 30.23008, 122.483062 30.228535, 122.487575 30.226186, 122.491473 30.223123, 122.498927 30.215996, 122.502159 30.212192, 122.504438 30.207903, 122.505875 30.200949, 122.505455 30.196244, 122.503266 30.190244, 122.500432 30.185683, 122.491928 30.175034, 122.488497 30.171534, 122.482039 30.167536))",8953.39878443152,False,unchanged,unchanged
213,24.062265530934084,117.99878179239761,3,16298.05,arithmetic_mean_stop_location,,anchorage,"POLYGON ((118.031761 24.025345, 118.029823 24.020935, 118.025276 24.015159, 118.021317 24.012077, 118.016782 24.009747, 118.011842 24.008257, 118.006681 24.007661, 118.00149 24.007982, 117.996464 24.009209, 117.99179 24.011294, 117.987641 24.014162, 117.982735 24.019687, 117.979764 24.026263, 117.972063 24.054227, 117.965349 24.092796, 117.965535 24.097554, 117.967678 24.104408, 117.971883 24.110413, 117.977798 24.115066, 117.982451 24.117217, 117.98747 24.11851, 117.992669 24.118897, 117.997851 24.118362, 118.002824 24.116927, 118.007401 24.114643, 118.01141 24.111598, 118.014701 24.107905, 118.017151 24.103702, 118.018669 24.099147, 118.032321 24.037115, 118.032736 24.030012, 118.031761 24.025345))",11233.496811035686,False,unchanged,unchanged
216,21.44981872221002,111.84270575243895,5,18155.283333333333,arithmetic_mean_stop_location,,anchorage,"POLYGON ((111.784681 21.406582, 111.777752 21.41017, 111.772245 21.415481, 111.768636 21.422054, 111.767447 21.426859, 111.767602 21.434238, 111.768993 21.438996, 111.772877 21.445431, 111.776518 21.449011, 111.821652 21.485442, 111.828406 21.489431, 111.836121 21.491399, 111.844118 21.491172, 111.872573 21.483598, 111.877293 21.481333, 111.909359 21.461862, 111.914721 21.456532, 111.917276 21.452273, 111.918896 21.447634, 111.919521 21.442791, 111.919127 21.437926, 111.917729 21.433225, 111.91538 21.428864, 111.912168 21.425009, 111.908216 21.421805, 111.903672 21.419374, 111.896129 21.417368, 111.797726 21.405192, 111.789798 21.405306, 111.784681 21.406582))",13610.3978372714,False,unchanged,unchanged
220,38.856576472169316,117.74426976464238,7,15440.266666666666,arithmetic_mean_stop_location,,anchorage,"POLYGON ((117.764422 38.871637, 117.769433 38.8669, 117.771696 38.863199, 117.772992 38.859225, 117.773024 38.853088, 117.77177 38.849105, 117.769546 38.845389, 117.764585 38.840618, 117.76038 38.838151, 117.755638 38.836368, 117.750542 38.835338, 117.745286 38.835098, 117.739274 38.835751, 117.728108 38.839121, 117.723878 38.841525, 117.720325 38.844522, 117.717583 38.847996, 117.715756 38.851818, 117.714912 38.855843, 117.715084 38.859919, 117.716264 38.863892, 117.71841 38.867611, 117.721438 38.870938, 117.725236 38.873745, 117.729659 38.875927, 117.734541 38.877402, 117.739888 38.878126, 117.745204 38.878041, 117.75543 38.875827, 117.76019 38.874076, 117.764422 38.871637))",12283.653910536794,False,unchanged,unchanged
224,19.670345683856418,109.12806911706653,5,28700.63333333333,arithmetic_mean_stop_location,,anchorage,"POLYGON ((109.099113 19.664103, 109.097577 19.668836, 109.097046 19.673759, 109.098167 19.681091, 109.10015 19.685674, 109.104793 19.691654, 109.108828 19.694824, 109.11344 19.697197, 109.118453 19.698682, 109.123677 19.699222, 109.136566 19.697347, 109.14128 19.695618, 109.145567 19.69309, 109.149277 19.689852, 109.152948 19.684972, 109.154618 19.681591, 109.143372 19.672482, 109.126051 19.667753, 109.123465 19.666911, 109.120983 19.665826, 109.118631 19.66451, 109.116433 19.662976, 109.115638 19.662294, 109.115225 19.662064, 109.112896 19.660613, 109.11074 19.658942, 109.104891 19.65391, 109.104275 19.654774, 109.099113 19.664103))",3231.7847541763376,False,land_area_clipped,unchanged
225,36.70327467425857,121.46965573459602,14,33353.083333333336,arithmetic_mean_stop_location,,anchorage,"POLYGON ((121.493233 36.685245, 121.489875 36.682053, 121.483567 36.678379, 121.476211 36.676307, 121.468424 36.67601, 121.463314 36.676817, 121.456248 36.679459, 121.452194 36.68208, 121.447746 36.686309, 121.444144 36.691476, 121.442455 36.695784, 121.44102 36.706567, 121.441213 36.711925, 121.442758 36.717642, 121.446322 36.723213, 121.449643 36.726344, 121.453644 36.728913, 121.458179 36.730829, 121.463085 36.732022, 121.468342 36.732449, 121.473601 36.732072, 121.478667 36.73088, 121.483346 36.728919, 121.489251 36.724708, 121.492225 36.721211, 121.494292 36.717317, 121.49824 36.70205, 121.497806 36.694928, 121.496686 36.69085, 121.493233 36.685245))",7501.311409054094,False,unchanged,unchanged
229,20.837440904906288,110.74925869727775,11,32322.18333333333,arithmetic_mean_stop_location,,anchorage,"POLYGON ((110.77994 20.763041, 110.772184 20.760927, 110.76679 20.760761, 110.734786 20.76278, 110.727306 20.76427, 110.722699 20.766335, 110.716773 20.770856, 110.713685 20.774661, 110.71142 20.778942, 110.678787 20.858926, 110.677101 20.86593, 110.677188 20.870724, 110.678247 20.875415, 110.681562 20.881891, 110.699947 20.902932, 110.706136 20.907289, 110.713396 20.909821, 110.718538 20.910384, 110.726228 20.90949, 110.733329 20.906589, 110.814858 20.848491, 110.818706 20.845138, 110.821784 20.841149, 110.824707 20.834313, 110.825419 20.829441, 110.824565 20.822122, 110.822746 20.817507, 110.79789 20.779261, 110.788588 20.768996, 110.784584 20.765612, 110.77994 20.763041))",16691.610450940454,False,unchanged,unchanged
244,30.64059851255426,122.39324682051144,131,334472.7,arithmetic_mean_stop_location,,anchorage,"POLYGON ((122.409786 30.605673, 122.403064 30.602436, 122.398108 30.60125, 122.39298 30.600896, 122.387868 30.601387, 122.380752 30.603504, 122.376211 30.605607, 122.36818 30.612053, 122.363871 30.618525, 122.356486 30.645812, 122.355676 30.653325, 122.356375 30.658105, 122.358207 30.662657, 122.361685 30.667459, 122.388724 30.690361, 122.395385 30.693738, 122.40033 30.695021, 122.402344 30.695113, 122.402428 30.694915, 122.402644 30.69453, 122.402015 30.694552, 122.40201 30.694552, 122.402006 30.694552, 122.402001 30.694551, 122.401997 30.69455, 122.401993 30.694549, 122.399684 30.693586, 122.39968 30.693584, 122.399676 30.693581, 122.399672 30.693579, 122.399669 30.693576, 122.399666 30.693573, 122.399664 30.693569, 122.398258 30.691311, 122.398256 30.691307, 122.398254 30.691304, 122.398253 30.6913, 122.398252 30.691296, 122.398252 30.691293, 122.398252 30.691289, 122.398542 30.688505, 122.397104 30.686381, 122.397102 30.686378, 122.3971 30.686374, 122.397099 30.686371, 122.397098 30.686367, 122.397097 30.686364, 122.397097 30.68636, 122.397098 30.686356, 122.397488 30.683818, 122.397489 30.683815, 122.39749 30.683811, 122.397492 30.683808, 122.397494 30.683804, 122.397496 30.683801, 122.397498 30.683798, 122.400467 30.680757, 122.40047 30.680754, 122.400474 30.680751, 122.400478 30.680749, 122.400482 30.680747, 122.402086 30.680095, 122.402091 30.680093, 122.402095 30.680092, 122.402099 30.680091, 122.402104 30.680091, 122.403876 30.680024, 122.403881 30.680024, 122.403886 30.680024, 122.403891 30.680025, 122.406352 30.680661, 122.406357 30.680662, 122.406361 30.680664, 122.406365 30.680666, 122.406368 30.680668, 122.406372 30.680671, 122.40791 30.682038, 122.407913 30.682041, 122.407916 30.682044, 122.407918 30.682047, 122.40792 30.682051, 122.407921 30.682054, 122.408515 30.683887, 122.408516 30.683891, 122.408516 30.683895, 122.408516 30.683899, 122.408516 30.683903, 122.408007 30.686922, 122.408071 30.686991, 122.409724 30.684911, 122.411284 30.683137, 122.413035 30.681499, 122.41496 30.680013, 122.417042 30.678693, 122.419261 30.67755, 122.421598 30.676596, 122.42403 30.675839, 122.426536 30.675286, 122.429091 30.674942, 122.438369 30.674082, 122.438796 30.669838, 122.438192 30.665255, 122.42959 30.632045, 122.427337 30.627881, 122.416586 30.612265, 122.413553 30.608688, 122.409786 30.605673))",8587.675571321719,False,land_area_clipped,terminal_area_clipped
249,37.85684038338921,120.50143958708676,17,44161.53333333334,arithmetic_mean_stop_location,,anchorage,"POLYGON ((120.539238 37.829471, 120.533891 37.824661, 120.526976 37.821324, 120.519117 37.819762, 120.513704 37.819783, 120.493296 37.823142, 120.4886 37.82469, 120.435898 37.846883, 120.429625 37.850532, 120.424937 37.855445, 120.422224 37.861212, 120.421714 37.867349, 120.423449 37.873345, 120.425789 37.877015, 120.428979 37.88026, 120.452217 37.896399, 120.456549 37.898833, 120.461403 37.900548, 120.469245 37.901636, 120.474549 37.901329, 120.479674 37.900207, 120.53041 37.880061, 120.534835 37.877843, 120.538632 37.87499, 120.542844 37.869764, 120.544971 37.863801, 120.545132 37.859664, 120.543433 37.839535, 120.541685 37.833286, 120.539238 37.829471))",14337.124125830695,False,unchanged,unchanged
252,30.112005721063674,122.50185179046782,14,79730.98333333334,arithmetic_mean_stop_location,,anchorage,"POLYGON ((122.546778 30.065357, 122.542917 30.062365, 122.538465 30.060067, 122.531044 30.058102, 122.523284 30.058049, 122.485058 30.062715, 122.47751 30.065399, 122.473147 30.068228, 122.468052 30.073744, 122.461073 30.084447, 122.4594 30.088659, 122.458682 30.093068, 122.457383 30.118466, 122.457626 30.122781, 122.460183 30.135165, 122.462402 30.139295, 122.465507 30.142973, 122.47156 30.147342, 122.498314 30.161483, 122.505027 30.164022, 122.532647 30.170785, 122.537722 30.171583, 122.542881 30.171532, 122.547933 30.170631, 122.552694 30.168915, 122.55699 30.166445, 122.560663 30.163314, 122.564718 30.15763, 122.566741 30.151185, 122.566873 30.146726, 122.55353 30.077295, 122.551158 30.070901, 122.546778 30.065357))",19916.00856826374,False,unchanged,unchanged
258,35.03851678865642,119.28340913756738,5,18397.283333333333,arithmetic_mean_stop_location,,anchorage,"POLYGON ((119.312403 35.030205, 119.31015 35.024014, 119.307466 35.0203, 119.301922 35.015703, 119.29742 35.01346, 119.289888 35.011539, 119.281999 35.011486, 119.276876 35.012499, 119.269885 35.015491, 119.265945 35.018358, 119.262762 35.021797, 119.260457 35.025678, 119.255031 35.038004, 119.254204 35.042256, 119.254394 35.046378, 119.256519 35.04668, 119.2593 35.047332, 119.289106 35.055763, 119.300379 35.05896, 119.300672 35.058751, 119.305193 35.053475, 119.311072 35.040846, 119.31264 35.034516, 119.312403 35.030205))",5009.358900429273,False,land_area_clipped,unchanged
259,27.12445966119869,120.47466237581554,5,9470.266666666666,arithmetic_mean_stop_location,,anchorage,"POLYGON ((120.536768 27.133793, 120.541569 27.128138, 120.544303 27.121481, 120.544733 27.114403, 120.543711 27.109756, 120.541683 27.105377, 120.536939 27.099683, 120.530532 27.095472, 120.523023 27.093111, 120.515066 27.092807, 120.447651 27.09916, 120.442449 27.100119, 120.437559 27.101968, 120.431221 27.106244, 120.42656 27.11198, 120.425563 27.11457, 120.427162 27.115879, 120.428909 27.117618, 120.430457 27.119499, 120.431794 27.121506, 120.432904 27.123618, 120.433645 27.125479, 120.435063 27.12612, 120.43724 27.127351, 120.439275 27.12876, 120.441149 27.130337, 120.442846 27.132065, 120.444348 27.13393, 120.445644 27.135914, 120.446721 27.137999, 120.447569 27.140166, 120.44818 27.142396, 120.448549 27.144667, 120.448672 27.146959, 120.448672 27.149086, 120.46013 27.154255, 120.467328 27.156433, 120.472385 27.156847, 120.479909 27.155876, 120.527897 27.138938, 120.532619 27.136757, 120.536768 27.133793))",6530.732567817252,False,land_area_clipped,unchanged
260,30.329740658181063,121.95553517011707,9,22785.816666666666,arithmetic_mean_stop_location,,anchorage,"POLYGON ((121.962503 30.274193, 121.957795 30.271955, 121.952666 30.270569, 121.94732 30.270089, 121.941971 30.270535, 121.93683 30.271889, 121.932103 30.274096, 121.90643 30.28912, 121.902352 30.292052, 121.899018 30.295616, 121.896557 30.299675, 121.895065 30.304072, 121.8946 30.308635, 121.895856 30.315406, 121.899344 30.321567, 121.949472 30.372984, 121.953316 30.376201, 121.957821 30.378698, 121.965424 30.380889, 121.970764 30.381228, 121.976077 30.38065, 121.990517 30.376581, 121.995116 30.374818, 121.999255 30.372349, 122.004291 30.367514, 122.007334 30.362673, 122.008896 30.358391, 122.009475 30.35393, 122.00905 30.349455, 122.006574 30.343082, 121.971267 30.282854, 121.966604 30.277193, 121.962503 30.274193))",14039.366496181176,False,unchanged,unchanged
261,24.83884033911432,118.90032860526732,7,13740.633333333335,arithmetic_mean_stop_location,,anchorage,"POLYGON ((118.874769 24.785292, 118.867004 24.785491, 118.859623 24.787692, 118.853241 24.791713, 118.848388 24.79722, 118.845466 24.803754, 118.844719 24.808415, 118.845464 24.815446, 118.857825 24.861516, 118.867537 24.865013, 118.882793 24.855589, 118.884846 24.854439, 118.887005 24.85346, 118.889251 24.85266, 118.891567 24.852046, 118.918015 24.846186, 118.920412 24.845758, 118.922842 24.845529, 118.925284 24.845501, 118.952872 24.846315, 118.954519 24.846432, 118.953854 24.844282, 118.951434 24.839979, 118.948129 24.836191, 118.888895 24.790801, 118.882274 24.787113, 118.874769 24.785292), (118.9276 24.833866, 118.927603 24.833863, 118.927606 24.83386, 118.927609 24.833858, 118.927613 24.833856, 118.92915 24.833116, 118.929154 24.833115, 118.929158 24.833113, 118.929162 24.833112, 118.929167 24.833112, 118.930898 24.832958, 118.930902 24.832958, 118.930907 24.832958, 118.930911 24.832958, 118.930915 24.832959, 118.930919 24.83296, 118.930922 24.832962, 118.937167 24.835755, 118.937171 24.835757, 118.937174 24.83576, 118.937178 24.835762, 118.937181 24.835765, 118.937183 24.835768, 118.937186 24.835771, 118.938303 24.837503, 118.938305 24.837506, 118.938306 24.83751, 118.938307 24.837514, 118.938308 24.837518, 118.938639 24.839694, 118.93864 24.839698, 118.93864 24.839702, 118.938639 24.839705, 118.938638 24.839709, 118.938637 24.839713, 118.938636 24.839716, 118.937585 24.841901, 118.937583 24.841904, 118.937581 24.841908, 118.937578 24.841911, 118.937575 24.841914, 118.937572 24.841917, 118.937568 24.841919, 118.935351 24.843197, 118.935347 24.843199, 118.935343 24.8432, 118.935339 24.843202, 118.935335 24.843203, 118.935331 24.843203, 118.932465 24.843414, 118.932461 24.843414, 118.932457 24.843414, 118.932453 24.843414, 118.932449 24.843413, 118.932445 24.843412, 118.932441 24.84341, 118.932438 24.843408, 118.929941 24.841983, 118.928236 24.841442, 118.928233 24.841441, 118.928229 24.841439, 118.928225 24.841437, 118.928222 24.841435, 118.926403 24.840027, 118.926399 24.840024, 118.926396 24.840021, 118.926394 24.840017, 118.926392 24.840013, 118.925642 24.838621, 118.92564 24.838617, 118.925639 24.838613, 118.925638 24.83861, 118.925638 24.838606, 118.925515 24.83706, 118.925515 24.837056, 118.925516 24.837052, 118.925516 24.837048, 118.925518 24.837044, 118.92604 24.835569, 118.926042 24.835565, 118.926043 24.835562, 118.926046 24.835558, 118.926048 24.835555, 118.9276 24.833866))",4342.4139344134155,False,land_area_clipped,terminal_area_clipped
262,36.547634603128486,121.26218668921506,8,18120.183333333334,arithmetic_mean_stop_location,,anchorage,"POLYGON ((121.301447 36.517276, 121.29882 36.513619, 121.29336 36.509071, 121.288906 36.506831, 121.281429 36.504871, 121.273567 36.504731, 121.265989 36.50642, 121.261416 36.508499, 121.257431 36.511251, 121.234335 36.530651, 121.226995 36.539087, 121.2237 36.544991, 121.222781 36.54925, 121.223412 36.5557, 121.225147 36.559791, 121.227859 36.563523, 121.23144 36.566748, 121.237854 36.571352, 121.244297 36.574267, 121.260398 36.579364, 121.265536 36.580533, 121.273527 36.580714, 121.281233 36.579004, 121.285873 36.576881, 121.289901 36.574065, 121.293159 36.570667, 121.295518 36.566819, 121.296887 36.562673, 121.30351 36.52967, 121.303616 36.523351, 121.301447 36.517276))",19647.833455672306,False,unchanged,unchanged
268,37.87468324204678,121.01807497475713,5,13323.066666666668,arithmetic_mean_stop_location,,anchorage,"POLYGON ((121.014739 37.839028, 121.009624 37.838309, 121.00443 37.838379, 120.999349 37.839234, 120.994571 37.840844, 120.990272 37.843147, 120.986613 37.846059, 120.982613 37.851326, 120.980684 37.857275, 120.98045 37.876548, 120.981346 37.88047, 120.983152 37.88419, 120.985805 37.887579, 120.991164 37.891786, 121.005662 37.898884, 121.010415 37.900697, 121.015524 37.901743, 121.046358 37.905466, 121.051613 37.905302, 121.059171 37.903562, 121.063714 37.90147, 121.067655 37.898723, 121.070845 37.895423, 121.073162 37.891697, 121.074518 37.887687, 121.074861 37.883545, 121.074178 37.879429, 121.072495 37.875495, 121.069877 37.871895, 121.066423 37.868764, 121.023979 37.842695, 121.019584 37.840508, 121.014739 37.839028))",12846.139525666968,False,unchanged,unchanged
270,38.28077185190413,118.24925191109617,23,64194.21666666667,arithmetic_mean_stop_location,,anchorage,"POLYGON ((118.181806 38.248485, 118.176536 38.249123, 118.17153 38.250564, 118.166983 38.25275, 118.163073 38.255597, 118.159953 38.258993, 118.157745 38.262804, 118.156537 38.266881, 118.156374 38.271065, 118.157264 38.275193, 118.159172 38.279101, 118.163768 38.284224, 118.170073 38.288065, 118.22432 38.311951, 118.229295 38.313649, 118.234602 38.314532, 118.24118 38.314676, 118.257907 38.313687, 118.278911 38.310681, 118.285844 38.308276, 118.28987 38.305867, 118.294662 38.301257, 118.300769 38.291296, 118.302084 38.287351, 118.30241 38.283282, 118.301736 38.279239, 118.298562 38.26893, 118.296273 38.265017, 118.293021 38.261549, 118.288943 38.258669, 118.281295 38.254392, 118.272125 38.250934, 118.266958 38.249891, 118.238943 38.24651, 118.233395 38.246295, 118.181806 38.248485))",19597.34499718657,False,unchanged,unchanged
272,39.31077857010435,121.6506301037764,4,12516.783333333333,arithmetic_mean_stop_location,,anchorage,"POLYGON ((121.614648 39.306744, 121.615681 39.310777, 121.617716 39.314574, 121.620674 39.317988, 121.624955 39.32143, 121.643826 39.33357, 121.648187 39.335857, 121.655595 39.337954, 121.66347 39.338304, 121.668647 39.337544, 121.673533 39.336019, 121.677943 39.333788, 121.681708 39.330936, 121.684682 39.327572, 121.686754 39.323824, 121.687843 39.319836, 121.687909 39.31576, 121.686092 39.309821, 121.68213 39.304543, 121.678458 39.301618, 121.664417 39.292431, 121.656878 39.289509, 121.655029 39.290396, 121.65273 39.291276, 121.650333 39.291984, 121.647861 39.292512, 121.645335 39.292856, 121.64037 39.293344, 121.640197 39.29336, 121.617449 39.295481, 121.615055 39.300598, 121.614648 39.306744))",5638.075957556267,False,land_area_clipped,unchanged
274,35.850930046378174,120.17009290640239,6,18248.183333333334,arithmetic_mean_stop_location,,anchorage,"POLYGON ((120.16096 35.820114, 120.155781 35.820286, 120.150739 35.821259, 120.14602 35.822996, 120.141798 35.825433, 120.136733 35.830199, 120.134383 35.833945, 120.128239 35.851413, 120.1278 35.855615, 120.128365 35.859807, 120.131041 35.865736, 120.133946 35.869234, 120.137626 35.872214, 120.144293 35.875478, 120.149262 35.87673, 120.153607 35.877113, 120.155019 35.875665, 120.156888 35.874099, 120.15894 35.872692, 120.161155 35.871457, 120.16351 35.870408, 120.165983 35.869553, 120.168548 35.868903, 120.171181 35.868462, 120.173855 35.868237, 120.176543 35.868229, 120.179219 35.868437, 120.181856 35.868861, 120.184428 35.869495, 120.186909 35.870334, 120.189274 35.871369, 120.1915 35.87259, 120.19305 35.873636, 120.196792 35.872705, 120.203552 35.86955, 120.207312 35.866628, 120.211483 35.861286, 120.213592 35.855199, 120.213461 35.848877, 120.211102 35.84285, 120.206713 35.837623, 120.20066 35.833634, 120.170962 35.822167, 120.166083 35.820749, 120.16096 35.820114))",5404.073275161791,False,land_area_clipped,unchanged
276,36.76958536795743,122.19162837936572,4,13281.25,arithmetic_mean_stop_location,,anchorage,"POLYGON ((122.154546 36.739948, 122.14794 36.743597, 122.142968 36.748643, 122.140069 36.754638, 122.139503 36.761051, 122.140453 36.765277, 122.143779 36.771126, 122.162111 36.789433, 122.165997 36.79208, 122.170437 36.794093, 122.196335 36.803364, 122.203884 36.805065, 122.209121 36.805195, 122.214289 36.804512, 122.219195 36.80304, 122.223653 36.800836, 122.229137 36.796347, 122.232774 36.790783, 122.234013 36.786707, 122.238056 36.763984, 122.238285 36.759757, 122.237481 36.755575, 122.235674 36.751599, 122.232934 36.747981, 122.229366 36.744861, 122.225107 36.742358, 122.217787 36.739965, 122.212559 36.739366, 122.167552 36.73778, 122.1622 36.738019, 122.154546 36.739948))",10157.735389889425,False,unchanged,unchanged
279,38.8894265276694,117.69012147160777,7,26588.416666666664,arithmetic_mean_stop_location,,anchorage,"POLYGON ((117.713097 38.901327, 117.715699 38.897787, 117.717371 38.893922, 117.718051 38.889877, 117.717712 38.885807, 117.716367 38.881864, 117.714068 38.878199, 117.709028 38.873518, 117.704793 38.871116, 117.70004 38.869397, 117.69495 38.868426, 117.689715 38.868241, 117.684466 38.868829, 117.678662 38.870318, 117.673909 38.872191, 117.669721 38.874755, 117.666263 38.87791, 117.665074 38.87957, 117.688092 38.910832, 117.688391 38.910855, 117.693692 38.910446, 117.703248 38.907921, 117.709664 38.904408, 117.713097 38.901327))",4718.363549885327,False,land_area_clipped,unchanged
280,35.76988832725152,120.14057342253139,5,18143.4,arithmetic_mean_stop_location,,anchorage,"POLYGON ((120.1441 35.718102, 120.139548 35.715949, 120.134566 35.714556, 120.129346 35.713976, 120.121505 35.714672, 120.114248 35.717182, 120.110045 35.719762, 120.105094 35.724747, 120.102133 35.730681, 120.096188 35.76415, 120.095976 35.768556, 120.097698 35.775005, 120.101713 35.780743, 120.105491 35.783912, 120.123907 35.79652, 120.128652 35.799122, 120.144518 35.805839, 120.149478 35.807063, 120.154635 35.807494, 120.159798 35.807116, 120.164777 35.805944, 120.169387 35.80402, 120.175242 35.799887, 120.178228 35.79645, 120.180347 35.792612, 120.182289 35.78383, 120.182469 35.779555, 120.181619 35.775333, 120.179773 35.771326, 120.152521 35.726209, 120.14805 35.720934, 120.1441 35.718102))",12965.40718698741,False,unchanged,unchanged
284,39.9258637828684,119.84285973739291,3,6687.75,arithmetic_mean_stop_location,,anchorage,"POLYGON ((119.854532 39.90504, 119.849511 39.903584, 119.841525 39.902894, 119.836208 39.903458, 119.831141 39.904819, 119.824447 39.908229, 119.820847 39.911284, 119.817096 39.916734, 119.815839 39.920737, 119.815641 39.924851, 119.816483 39.933457, 119.817876 39.937432, 119.820269 39.941117, 119.823567 39.944364, 119.827638 39.947046, 119.832323 39.949056, 119.837433 39.950314, 119.842768 39.95077, 119.848115 39.950407, 119.853262 39.949239, 119.858005 39.947312, 119.862156 39.944703, 119.86555 39.941514, 119.868052 39.937873, 119.869563 39.933924, 119.869912 39.923645, 119.869306 39.919565, 119.86766 39.915656, 119.862966 39.91007, 119.859077 39.907231, 119.854532 39.90504))",7660.298891150017,False,unchanged,unchanged
287,27.437724338358585,120.75326698839608,4,14702.066666666666,arithmetic_mean_stop_location,,anchorage,"POLYGON ((120.744727 27.387737, 120.736688 27.387219, 120.731388 27.388065, 120.726383 27.389829, 120.719861 27.394035, 120.716423 27.397715, 120.713877 27.401928, 120.697724 27.449183, 120.697634 27.449747, 120.699629 27.452109, 120.7012 27.454185, 120.702518 27.456395, 120.703568 27.458716, 120.70434 27.461121, 120.708045 27.475476, 120.714069 27.47846, 120.721972 27.479942, 120.727363 27.479739, 120.778708 27.468476, 120.785138 27.465606, 120.797978 27.456338, 120.801641 27.453086, 120.805659 27.447197, 120.80762 27.440536, 120.807362 27.433655, 120.80596 27.429228, 120.802141 27.423235, 120.796557 27.418455, 120.754501 27.39164, 120.749835 27.389253, 120.744727 27.387737))",9113.87520527261,False,land_area_clipped,unchanged
290,30.819830984857738,121.80137348469341,4,13671.066666666668,arithmetic_mean_stop_location,,anchorage,"POLYGON ((121.796567 30.783858, 121.791399 30.784322, 121.784079 30.786586, 121.777818 30.790551, 121.774494 30.793982, 121.771998 30.797897, 121.770423 30.80215, 121.769827 30.806584, 121.769408 30.826297, 121.81282 30.830147, 121.834199 30.831001, 121.837494 30.825972, 121.840359 30.81947, 121.840956 30.814854, 121.840467 30.810228, 121.838912 30.805779, 121.834731 30.799825, 121.828679 30.795206, 121.809101 30.786422, 121.801742 30.784254, 121.796567 30.783858))",4199.363421540607,False,land_area_clipped,unchanged
300,38.13551780672667,119.03831758622991,4,6768.85,arithmetic_mean_stop_location,,anchorage,"POLYGON ((119.040181 38.112045, 119.032257 38.111644, 119.02704 38.112401, 119.019818 38.114998, 119.015678 38.117606, 119.012267 38.120802, 119.008798 38.126421, 119.007715 38.130505, 119.007604 38.134792, 119.008477 38.138698, 119.011475 38.144149, 119.014497 38.147324, 119.022627 38.154214, 119.027065 38.156761, 119.032069 38.158546, 119.037428 38.159497, 119.042922 38.159573, 119.048321 38.158771, 119.056189 38.156513, 119.060581 38.154242, 119.064328 38.151343, 119.067289 38.147928, 119.06935 38.144125, 119.070434 38.14008, 119.070498 38.135946, 119.069541 38.131881, 119.067599 38.128038, 119.064746 38.124566, 119.06109 38.121595, 119.049866 38.115349, 119.045231 38.11332, 119.040181 38.112045))",11219.475653731013,False,unchanged,unchanged
301,37.84279818283052,121.12230009281686,10,24795.5,arithmetic_mean_stop_location,,anchorage,"POLYGON ((121.111684 37.80761, 121.104294 37.809318, 121.097816 37.812606, 121.085262 37.821338, 121.082081 37.824545, 121.079731 37.828172, 121.0783 37.832086, 121.077979 37.83818, 121.08127 37.848113, 121.085062 37.854238, 121.08888 37.857654, 121.103908 37.868501, 121.110179 37.871882, 121.1218 37.875474, 121.129743 37.876826, 121.135168 37.876655, 121.140438 37.87563, 121.147593 37.872589, 121.151579 37.86968, 121.165728 37.857041, 121.168892 37.853565, 121.17111 37.84966, 121.172293 37.845482, 121.172394 37.841202, 121.170545 37.832715, 121.169131 37.828809, 121.165323 37.823524, 121.161794 37.820569, 121.155335 37.817258, 121.124378 37.808594, 121.116822 37.807425, 121.111684 37.80761))",18899.601063276536,False,unchanged,unchanged
303,37.80373309355158,120.28091637216495,3,25640.683333333334,arithmetic_mean_stop_location,,anchorage,"POLYGON ((120.294895 37.780902, 120.287933 37.77804, 120.280223 37.776884, 120.272419 37.777532, 120.265181 37.77993, 120.258793 37.783475, 120.253739 37.788444, 120.251508 37.79232, 120.250298 37.79647, 120.25049 37.802842, 120.25195 37.80694, 120.263952 37.82541, 120.269132 37.830087, 120.273446 37.832458, 120.27826 37.834123, 120.283392 37.835017, 120.288646 37.835109, 120.293823 37.834393, 120.298726 37.832897, 120.303167 37.830678, 120.306979 37.82782, 120.310016 37.824432, 120.312876 37.818642, 120.313546 37.814524, 120.313191 37.810382, 120.311826 37.806372, 120.304326 37.790651, 120.300518 37.785229, 120.294895 37.780902))",16536.918388118967,False,unchanged,unchanged
318,22.712052432506336,115.29363359558825,3,6771.533333333333,arithmetic_mean_stop_location,,anchorage,"POLYGON ((115.293574 22.666223, 115.285744 22.664476, 115.277703 22.664943, 115.270172 22.667582, 115.263822 22.672157, 115.260532 22.676087, 115.257337 22.682911, 115.256492 22.687815, 115.25672 22.692776, 115.263064 22.733588, 115.264356 22.738405, 115.268163 22.744951, 115.2718 22.748607, 115.276153 22.751524, 115.283637 22.754268, 115.288973 22.754904, 115.29434 22.75455, 115.299524 22.753219, 115.304317 22.750965, 115.314159 22.743754, 115.313481 22.742405, 115.312597 22.740051, 115.311972 22.737628, 115.311614 22.735159, 115.311525 22.732669, 115.311708 22.730184, 115.312158 22.727727, 115.312874 22.725325, 115.313846 22.723001, 115.315066 22.720778, 115.3248 22.705046, 115.326409 22.702748, 115.32824 22.700676, 115.304294 22.673546, 115.300496 22.670028, 115.293574 22.666223))",5600.440174337517,False,land_area_clipped,unchanged
319,20.238268325832504,110.23435430224934,3,11064.183333333334,arithmetic_mean_stop_location,,anchorage,"POLYGON ((110.2372 20.211826, 110.231879 20.211666, 110.226628 20.212489, 110.221652 20.214266, 110.217145 20.216926, 110.213284 20.220365, 110.210218 20.224449, 110.208068 20.229019, 110.206917 20.233896, 110.206943 20.235241, 110.210131 20.238201, 110.211945 20.240062, 110.213552 20.242084, 110.214937 20.244247, 110.216085 20.246528, 110.216859 20.24857, 110.235309 20.24955, 110.237925 20.249072, 110.244321 20.246649, 110.250148 20.243377, 110.2621 20.234279, 110.260888 20.229527, 110.258585 20.2249, 110.255338 20.220803, 110.251279 20.217401, 110.247227 20.215039, 110.242383 20.212966, 110.2372 20.211826))",4330.386455432233,False,land_area_clipped,unchanged
323,22.71188645352862,114.70148840907386,5,15205.016666666668,arithmetic_mean_stop_location,,anchorage,"POLYGON ((114.704395 22.660318, 114.690979 22.671698, 114.687426 22.675435, 114.684749 22.679749, 114.664936 22.720702, 114.663233 22.725458, 114.662599 22.730432, 114.663943 22.745124, 114.664819 22.747499, 114.674348 22.751147, 114.693738 22.758231, 114.696388 22.759355, 114.69889 22.760737, 114.701216 22.76236, 114.701931 22.762983, 114.70465 22.761747, 114.708807 22.758819, 114.712272 22.755206, 114.714915 22.751044, 114.718237 22.744409, 114.717378 22.742857, 114.71641 22.740583, 114.715689 22.738232, 114.715222 22.735827, 114.71215 22.713822, 114.71194 22.711343, 114.712 22.708857, 114.712328 22.706389, 114.712922 22.703963, 114.713775 22.701605, 114.71488 22.699336, 114.716225 22.697181, 114.717797 22.695161, 114.722389 22.68984, 114.720159 22.688119, 114.718214 22.686461, 114.716454 22.684634, 114.714897 22.682658, 114.713558 22.680549, 114.712449 22.67833, 114.711582 22.676021, 114.710965 22.673644, 114.710604 22.671223, 114.710502 22.668781, 114.710661 22.666341, 114.711078 22.663927, 114.71277 22.6565, 114.71133 22.656783, 114.704395 22.660318))",4164.990727206748,False,land_area_clipped,unchanged
329,25.424983181098103,119.41961015026065,4,21357.183333333334,arithmetic_mean_stop_location,,anchorage,"POLYGON ((119.4329 25.401494, 119.425637 25.398992, 119.420485 25.398415, 119.415305 25.398742, 119.410291 25.39996, 119.405629 25.402024, 119.399668 25.40653, 119.395379 25.412385, 119.393632 25.416801, 119.39177 25.42714, 119.391496 25.431933, 119.392269 25.436682, 119.394059 25.441201, 119.396796 25.445315, 119.400374 25.448864, 119.404654 25.45171, 119.407076 25.452732, 119.40901 25.442737, 119.40964 25.440257, 119.410552 25.437851, 119.411738 25.435543, 119.413184 25.43336, 119.414874 25.431325, 119.41679 25.42946, 119.418912 25.427787, 119.430386 25.419647, 119.432543 25.418267, 119.434839 25.417083, 119.437252 25.416109, 119.439759 25.415352, 119.442336 25.414822, 119.444959 25.414521, 119.445424 25.41451, 119.445422 25.414502, 119.440791 25.407524, 119.437168 25.404164, 119.4329 25.401494))",3223.737075334913,False,land_area_clipped,unchanged
330,22.811752080451157,116.05796679850263,8,29669.36666666667,arithmetic_mean_stop_location,,anchorage,"POLYGON ((116.082018 22.763728, 116.077488 22.757869, 116.073533 22.754739, 116.068999 22.752369, 116.061486 22.750426, 116.053685 22.750548, 116.046248 22.752727, 116.0398 22.756779, 116.036322 22.760359, 116.033657 22.764489, 116.031391 22.771374, 116.024852 22.811427, 116.024848 22.81631, 116.038859 22.823246, 116.039136 22.823385, 116.045549 22.82665, 116.050365 22.827063, 116.052871 22.827389, 116.055334 22.82793, 116.05773 22.828681, 116.06004 22.829637, 116.062242 22.830788, 116.063743 22.83166, 116.070892 22.816175, 116.072046 22.813981, 116.073427 22.811902, 116.075023 22.809958, 116.076818 22.808168, 116.078794 22.806548, 116.080934 22.805114, 116.083215 22.803881, 116.085617 22.80286, 116.087583 22.802231, 116.084889 22.772921, 116.083938 22.768196, 116.082018 22.763728))",4533.081892295237,False,land_area_clipped,unchanged
331,22.06601927749265,113.74154724827562,8,24734.283333333333,arithmetic_mean_stop_location,,anchorage,"POLYGON ((113.720818 22.0324, 113.713437 22.035155, 113.707245 22.039788, 113.70405 22.043726, 113.700967 22.050526, 113.700162 22.057863, 113.701703 22.065098, 113.703977 22.069552, 113.715314 22.086835, 113.718696 22.090342, 113.722728 22.093199, 113.729675 22.096051, 113.734667 22.096899, 113.749976 22.096775, 113.755395 22.095687, 113.760458 22.093596, 113.766399 22.090294, 113.770294 22.087166, 113.773476 22.083409, 113.776663 22.076897, 113.777618 22.072204, 113.777592 22.067427, 113.776585 22.062743, 113.774634 22.058321, 113.77181 22.054325, 113.763662 22.044901, 113.759646 22.041149, 113.75226 22.03719, 113.733994 22.032552, 113.726085 22.031733, 113.720818 22.0324))",8063.592304332312,False,unchanged,unchanged
333,20.099238414546313,110.28080050509604,4,7216.616666666667,arithmetic_mean_stop_location,,anchorage,"POLYGON ((110.28157 20.070797, 110.25872 20.077726, 110.254037 20.080198, 110.249969 20.083494, 110.246678 20.087483, 110.244294 20.092005, 110.242913 20.096881, 110.24259 20.101917, 110.243337 20.106913, 110.245124 20.111671, 110.247881 20.116001, 110.251498 20.119732, 110.255831 20.122714, 110.266584 20.127368, 110.272055 20.128539, 110.277665 20.128622, 110.285812 20.126709, 110.301705 20.120374, 110.306325 20.118009, 110.310367 20.114845, 110.315017 20.108875, 110.317003 20.104299, 110.318123 20.096977, 110.31694 20.089663, 110.314914 20.085102, 110.314445 20.08451, 110.312703 20.083767, 110.304646 20.079902, 110.302691 20.078865, 110.300834 20.077679, 110.299089 20.076352, 110.292656 20.071028, 110.289675 20.070336, 110.28157 20.070797))",6386.814669864882,False,land_area_clipped,unchanged
334,29.01331978964912,121.92867113282766,3,7248.933333333333,arithmetic_mean_stop_location,,anchorage,"POLYGON ((121.962037 29.005845, 121.960986 28.998972, 121.957693 28.992663, 121.952444 28.987465, 121.945692 28.983828, 121.938023 28.982068, 121.9301 28.982336, 121.925016 28.983637, 121.920322 28.985783, 121.914011 28.990571, 121.91042 28.994386, 121.895534 29.014088, 121.893081 29.018144, 121.891194 29.024812, 121.891586 29.031672, 121.893105 29.036064, 121.895568 29.040114, 121.898883 29.043671, 121.902923 29.046598, 121.904276 29.04724, 121.90913 29.044106, 121.911443 29.042767, 121.913901 29.041644, 121.916479 29.040747, 121.919148 29.040087, 121.92188 29.03967, 121.924648 29.039501, 121.93482 29.039338, 121.937543 29.039415, 121.940243 29.039732, 121.940702 29.039827, 121.957253 29.018909, 121.960756 29.012688, 121.962037 29.005845))",6324.359092950163,False,land_area_clipped,unchanged
336,30.747634719356974,122.36407350473362,26,64306.950000000004,arithmetic_mean_stop_location,,anchorage,"POLYGON ((122.357022 30.710905, 122.351931 30.711555, 122.344794 30.714053, 122.338771 30.718185, 122.335623 30.721686, 122.333306 30.725637, 122.331905 30.729895, 122.320525 30.7946, 122.320277 30.79921, 122.321099 30.803771, 122.322957 30.808101, 122.327518 30.813791, 122.33383 30.818071, 122.341332 30.820561, 122.349355 30.821039, 122.354641 30.820212, 122.361952 30.817332, 122.367947 30.812728, 122.370944 30.808898, 122.399137 30.76368, 122.401823 30.75722, 122.402188 30.750366, 122.400585 30.738051, 122.399098 30.733827, 122.396707 30.729921, 122.393497 30.726476, 122.389584 30.723617, 122.374572 30.714734, 122.36717 30.712129, 122.362164 30.711098, 122.357022 30.710905))",7349.282540997391,False,unchanged,unchanged
338,30.621130875136302,122.57349410678906,3,6674.3,arithmetic_mean_stop_location,,anchorage,"POLYGON ((122.614215 30.606061, 122.612129 30.601862, 122.607319 30.596421, 122.603173 30.593571, 122.595944 30.590738, 122.590724 30.589917, 122.582798 30.590367, 122.575369 30.592785, 122.53096 30.61414, 122.526565 30.616778, 122.52132 30.622, 122.518093 30.628318, 122.51717 30.635174, 122.517884 30.639743, 122.519634 30.644101, 122.522352 30.648073, 122.525929 30.651505, 122.530225 30.65426, 122.53507 30.656229, 122.540272 30.657335, 122.545625 30.657534, 122.550918 30.656817, 122.555942 30.655214, 122.599703 30.636805, 122.604412 30.634277, 122.608418 30.630972, 122.611553 30.627031, 122.613684 30.622621, 122.61499 30.617361, 122.615461 30.612812, 122.614215 30.606061))",11759.698164107996,False,unchanged,unchanged
343,32.5511658573951,121.41642151857594,3,8984.166666666668,arithmetic_mean_stop_location,,anchorage,"POLYGON ((121.439646 32.5275, 121.434514 32.522452, 121.427868 32.518872, 121.420278 32.517068, 121.412393 32.517193, 121.40489 32.519238, 121.400419 32.521587, 121.396576 32.524625, 121.393506 32.528234, 121.391329 32.532278, 121.390126 32.536602, 121.389177 32.559813, 121.390886 32.566423, 121.394829 32.572315, 121.398534 32.575583, 121.402933 32.578167, 121.407852 32.579966, 121.413097 32.580909, 121.418459 32.580958, 121.423727 32.580112, 121.428691 32.578403, 121.433156 32.5759, 121.438536 32.57088, 121.441923 32.564746, 121.443204 32.557526, 121.44378 32.540183, 121.442825 32.533584, 121.439646 32.5275))",19229.313544068107,False,unchanged,unchanged
345,39.98905366375275,121.80339945220642,3,13191.016666666666,arithmetic_mean_stop_location,,anchorage,"POLYGON ((121.772674 39.968944, 121.769123 39.974381, 121.767977 39.978346, 121.768202 39.984423, 121.770726 39.990185, 121.787634 40.010393, 121.791304 40.013311, 121.795647 40.015624, 121.800496 40.017242, 121.800859 40.017303, 121.80153 40.015599, 121.802545 40.013718, 121.803796 40.011922, 121.805273 40.010229, 121.80696 40.008657, 121.808841 40.007219, 121.810898 40.005929, 121.81311 40.004802, 121.815457 40.003846, 121.817915 40.003073, 121.820461 40.002488, 121.831447 40.000412, 121.833991 40.00003, 121.835559 39.999913, 121.835548 39.999669, 121.821906 39.98944, 121.80187 39.984803, 121.799231 39.984076, 121.796705 39.983142, 121.79432 39.982012, 121.7921 39.980698, 121.790071 39.979215, 121.788254 39.977578, 121.786668 39.975805, 121.785332 39.973915, 121.780856 39.966714, 121.779735 39.964622, 121.779483 39.96395, 121.778137 39.964535, 121.772674 39.968944))",3541.945177587835,False,land_area_clipped,unchanged
348,36.10560047253263,120.25927755879778,4,23089.283333333333,arithmetic_mean_stop_location,,anchorage,"POLYGON ((120.2606 36.080618, 120.255475 36.081425, 120.250638 36.083016, 120.236037 36.090633, 120.231869 36.093358, 120.228451 36.096695, 120.225918 36.100514, 120.22437 36.104661, 120.22402 36.111139, 120.225113 36.115379, 120.228636 36.121204, 120.232104 36.124506, 120.236314 36.127188, 120.241097 36.129144, 120.246265 36.130297, 120.251613 36.130601, 120.25693 36.130043, 120.268332 36.127775, 120.273466 36.125824, 120.277981 36.123049, 120.284031 36.118284, 120.28719 36.114629, 120.288387 36.112371, 120.288239 36.112091, 120.287464 36.110139, 120.286921 36.108137, 120.286613 36.106103, 120.285576 36.094905, 120.284509 36.091624, 120.274424 36.084611, 120.272555 36.08318, 120.270863 36.081611, 120.270679 36.081404, 120.265822 36.080625, 120.2606 36.080618))",6029.304286387242,False,land_area_clipped,unchanged
351,28.886927763748695,121.66254897887994,7,253817.11666666667,arithmetic_mean_stop_location,,anchorage,"POLYGON ((121.71169 28.882235, 121.713307 28.875501, 121.713115 28.870906, 121.711909 28.866432, 121.709735 28.862247, 121.706676 28.85851, 121.700689 28.85405, 121.693488 28.851292, 121.685684 28.850472, 121.680475 28.851042, 121.680235 28.851112, 121.674486 28.855622, 121.672597 28.856974, 121.670577 28.858171, 121.65601 28.865982, 121.654313 28.866798, 121.654396 28.867148, 121.655535 28.873455, 121.655831 28.875943, 121.655825 28.878443, 121.655517 28.880929, 121.65491 28.883373, 121.654011 28.885746, 121.652831 28.888023, 121.650633 28.891725, 121.649325 28.893692, 121.647806 28.895539, 121.646091 28.89725, 121.644195 28.898808, 121.642137 28.900198, 121.639935 28.901409, 121.637611 28.902428, 121.635185 28.903246, 121.633763 28.903592, 121.633708 28.903679, 121.632126 28.905662, 121.631921 28.905871, 121.675178 28.89246, 121.677713 28.891795, 121.680309 28.891351, 121.682943 28.891132, 121.685589 28.89114, 121.688221 28.891375, 121.690814 28.891834, 121.693343 28.892515, 121.695784 28.893409, 121.698113 28.894508, 121.699134 28.89511, 121.702326 28.893106, 121.707923 28.888275, 121.71169 28.882235))",3945.1769612247285,False,land_area_clipped,unchanged
363,39.97309991806691,121.6526177320434,3,18372.05,arithmetic_mean_stop_location,,anchorage,"POLYGON ((121.655676 39.945831, 121.647686 39.945622, 121.642467 39.946492, 121.637575 39.948133, 121.631262 39.951894, 121.627979 39.955122, 121.624764 39.960733, 121.623882 39.96477, 121.624057 39.968861, 121.627439 39.988394, 121.628654 39.992357, 121.632309 39.99777, 121.635831 40.000818, 121.640065 40.003278, 121.647386 40.005662, 121.652636 40.006291, 121.657945 40.006118, 121.663107 40.005151, 121.66792 40.003427, 121.672199 40.001013, 121.675776 39.998002, 121.678512 39.994513, 121.680301 39.990679, 121.681068 39.984613, 121.679841 39.966412, 121.679115 39.962603, 121.67748 39.958962, 121.674992 39.955618, 121.671737 39.952685, 121.667701 39.950071, 121.663234 39.947828, 121.655676 39.945831))",8177.91714162616,False,unchanged,unchanged
364,21.581810319522607,112.70309522446216,3,17967.266666666666,arithmetic_mean_stop_location,,anchorage,"POLYGON ((112.674662 21.53806, 112.666852 21.539486, 112.662045 21.541597, 112.655896 21.546297, 112.652739 21.550275, 112.650482 21.554752, 112.648969 21.562018, 112.649803 21.569379, 112.652913 21.576191, 112.681346 21.611071, 112.687748 21.615777, 112.692737 21.617824, 112.698066 21.618896, 112.703519 21.618948, 112.708943 21.617966, 112.71054 21.608667, 112.711071 21.606309, 112.711843 21.60401, 112.712848 21.601791, 112.714079 21.599671, 112.715522 21.597671, 112.717165 21.595809, 112.718993 21.594103, 112.720989 21.592567, 112.723134 21.591217, 112.729888 21.587391, 112.730075 21.587296, 112.730768 21.585222, 112.732965 21.579566, 112.734272 21.576753, 112.735939 21.574109, 112.739113 21.569714, 112.740577 21.567874, 112.742215 21.566166, 112.743139 21.565364, 112.687573 21.54051, 112.682578 21.538817, 112.674662 21.53806))",5289.2937615142055,False,land_area_clipped,unchanged
365,22.67726076439702,114.65101001277101,3,4696.433333333333,arithmetic_mean_stop_location,,anchorage,"POLYGON ((114.672047 22.661696, 114.668359 22.658211, 114.664005 22.655456, 114.659153 22.653537, 114.653988 22.652527, 114.648709 22.652467, 114.643519 22.653357, 114.638616 22.655164, 114.634165 22.657836, 114.6303 22.661327, 114.627269 22.66546, 114.625193 22.670069, 114.624156 22.674967, 114.6242 22.679957, 114.625323 22.684838, 114.627479 22.689414, 114.630583 22.693501, 114.634508 22.696933, 114.639097 22.699573, 114.643979 22.701276, 114.649088 22.702076, 114.654268 22.70196, 114.659328 22.700931, 114.664082 22.699028, 114.668352 22.696321, 114.671982 22.692909, 114.674837 22.68892, 114.676812 22.6845, 114.677834 22.679813, 114.677864 22.675032, 114.676892 22.670301, 114.674929 22.665779, 114.672047 22.661696))",7863.685425885818,False,unchanged,unchanged
368,22.46640775451475,114.70877278814648,8,39946.566666666666,arithmetic_mean_stop_location,,anchorage,"POLYGON ((114.744697 22.446972, 114.741868 22.44018, 114.738848 22.4362, 114.735048 22.432839, 114.728212 22.429227, 114.720539 22.427597, 114.712683 22.428085, 114.686508 22.435879, 114.681876 22.438266, 114.676096 22.443294, 114.673236 22.447421, 114.671307 22.451986, 114.670382 22.456811, 114.670498 22.461711, 114.672895 22.478978, 114.67462 22.483746, 114.679051 22.490059, 114.683059 22.493459, 114.687725 22.496045, 114.700465 22.501468, 114.705094 22.502611, 114.714 22.503275, 114.719288 22.502712, 114.724354 22.5012, 114.728999 22.498798, 114.733042 22.495599, 114.736326 22.491728, 114.738723 22.487336, 114.740138 22.482594, 114.744962 22.456644, 114.745342 22.451796, 114.744697 22.446972))",11657.402287888806,False,unchanged,unchanged
369,22.56352722845033,114.67990755364801,5,23370.88333333333,arithmetic_mean_stop_location,,anchorage,"POLYGON ((114.717935 22.538219, 114.716528 22.531077, 114.71295 22.524613, 114.709502 22.520957, 114.705352 22.517987, 114.69816 22.515058, 114.69036 22.51417, 114.685149 22.514757, 114.68016 22.516266, 114.673502 22.520125, 114.669861 22.523618, 114.667021 22.527696, 114.652054 22.554648, 114.649552 22.56139, 114.64787 22.577192, 114.647915 22.582119, 114.64994 22.589253, 114.654142 22.595525, 114.657976 22.598951, 114.662466 22.601613, 114.667437 22.603405, 114.672692 22.604258, 114.678027 22.604139, 114.683231 22.603051, 114.688101 22.601039, 114.692447 22.598179, 114.696097 22.594585, 114.698908 22.590398, 114.716255 22.547745, 114.717599 22.543058, 114.717935 22.538219))",8686.607658982739,False,unchanged,unchanged
