port_id,lat,lon,berth_count,polygon
0,36.02632722224567,120.22508863504545,4,"POLYGON ((120.21764352371665 36.02266901741095, 120.21764352371665 36.02593017922653, 120.22010618633472 36.02844474066234, 120.22559284498857 36.03004666645187, 120.22958112540614 36.03004666645187, 120.23282061457022 36.02782913915922, 120.23282061457022 36.02494998277566, 120.22170118973361 36.02266901741095, 120.21764352371665 36.02266901741095))"
1,29.97004041498802,121.73294709917006,4,"POLYGON ((121.72432969915523 29.96398285550484, 121.72432969915523 29.967033932206732, 121.72836850867905 29.972017658418594, 121.73522146106 29.975441291228858, 121.74137804443447 29.975441291228858, 121.74137804443447 29.970494687348488, 121.7280794675114 29.96398285550484, 121.72432969915523 29.96398285550484))"
2,39.20661452073455,118.99827060990297,16,"POLYGON ((118.97895321212927 39.19766922091847, 118.97741536582191 39.19875865624529, 118.97715570748856 39.2035947133479, 118.97715570748856 39.20810118253987, 118.99255652161902 39.2172441073523, 119.00054864528921 39.2172441073523, 119.02197534251141 39.20961452472781, 119.02197534251141 39.20579766167513, 119.01606840229401 39.200050590314156, 118.98985140751142 39.19766922091847, 118.97895321212927 39.19766922091847))"
3,34.47578433607254,119.78656495495494,1,"POLYGON ((119.78267169915523 34.47190564311903, 119.78267169915523 34.47966302902606, 119.79045821075465 34.47966302902606, 119.79045821075465 34.47190564311903, 119.78267169915523 34.47190564311903))"
4,34.5889523225279,119.6089719866175,3,"POLYGON ((119.61044963248857 34.58621960510032, 119.60413712020785 34.58879501302613, 119.60413712020785 34.59165141867737, 119.6076787175114 34.59165141867737, 119.61378021751139 34.58911133118952, 119.61378021751139 34.58621960510032, 119.61044963248857 34.58621960510032))"
5,38.963919789898405,118.4576877403245,17,"POLYGON ((118.46185059131211 38.94301591841138, 118.45226753248859 38.94837871037773, 118.45226753248859 38.951064955709505, 118.4531253658219 38.991852132768344, 118.4569812175114 38.991852132768344, 118.46582284075083 38.946260438970675, 118.46582284075083 38.94301591841138, 118.46185059131211 38.94301591841138))"
6,39.577207094033284,121.2611857453223,2,"POLYGON ((121.25728070941165 39.57375364430859, 121.25640510748858 39.57867278275492, 121.25640510748858 39.58120736172629, 121.25970941912429 39.58120736172629, 121.26628830084474 39.5789584383641, 121.26628830084474 39.57375364430859, 121.25728070941165 39.57375364430859))"
7,39.58684731817913,121.28946445710619,2,"POLYGON ((121.28549334201237 39.5826268546174, 121.28549334201237 39.5893486690999, 121.28801960391712 39.59167149118874, 121.29128983809964 39.59167149118874, 121.29341719795349 39.5893486690999, 121.29337882790567 39.5826268546174, 121.28549334201237 39.5826268546174))"
8,39.21563306017961,119.03325243053725,4,"POLYGON ((119.02770040285894 39.21230328170553, 119.02770040285894 39.214868948838934, 119.02977400809837 39.21631856583111, 119.03440069915527 39.21889663887715, 119.03866458655902 39.21889663887715, 119.03866458655902 39.215875984339334, 119.0361339675114 39.214525210237966, 119.03126985881575 39.21230328170553, 119.02770040285894 39.21230328170553))"
9,39.92445038471466,119.67263222462284,10,"POLYGON ((119.67499780713646 39.912534507039496, 119.66395342137746 39.92740369299048, 119.66395342137746 39.9310539300171, 119.66952348901032 39.93455936651636, 119.6731197452892 39.93455936651636, 119.6780418925114 39.92863182389069, 119.67931696751141 39.91889072439087, 119.67931696751141 39.912534507039496, 119.67499780713646 39.912534507039496))"
10,38.97696750507923,117.7732030470321,18,"POLYGON ((117.78639261582191 38.965860552404195, 117.77951075471081 38.966281935616514, 117.76720235506922 38.96901591820519, 117.75934193444938 38.9708644231106, 117.75069934018087 38.972900688011705, 117.75069934018087 38.975869082645076, 117.75624808703402 38.98392106644622, 117.77767162072388 38.988456117176675, 117.78099571751143 38.988456117176675, 117.78604952751141 38.985231173186165, 117.79073028001142 38.98064573217043, 117.79074324148401 38.96859003858935, 117.79074324148401 38.965860552404195, 117.78639261582191 38.965860552404195))"
11,31.6417508389239,121.22541851293101,1,"POLYGON ((121.22379978248856 31.64037264276621, 121.22379978248856 31.643129035081603, 121.22703724337347 31.643129035081603, 121.22703724337347 31.64037264276621, 121.22379978248856 31.64037264276621))"
12,40.253872617746204,122.08791042922383,4,"POLYGON ((122.08014665748857 40.24568209612711, 122.08014665748857 40.26259345804216, 122.09329596751141 40.26259345804216, 122.09625295435353 40.25478384612393, 122.09638735640029 40.25236296527063, 122.09638735640029 40.2487902837528, 122.09633663417807 40.24586700276061, 122.09329596751141 40.24568209612711, 122.08014665748857 40.24568209612711))"
13,38.96549747430375,118.47355993499991,1,"POLYGON ((118.46745821533224 38.95961459631441, 118.46926121189085 38.971844919510836, 118.47882359517098 38.971602870830004, 118.47882359517098 38.95961459631441, 118.46745821533224 38.95961459631441))"
14,29.971071618086604,122.15101591457287,1,"POLYGON ((122.14861503248858 29.96889573623509, 122.14861503248858 29.97324749993813, 122.15341679665715 29.97324749993813, 122.15341679665715 29.96889573623509, 122.14861503248858 29.96889573623509))"
15,26.72515697075454,119.73566260893327,2,"POLYGON ((119.73338303248858 26.722709818811154, 119.73338303248858 26.726444226197884, 119.73448120895915 26.727651210878744, 119.73791463417805 26.727651210878744, 119.73791463417805 26.724472167103098, 119.73739033114776 26.722709818811154, 119.73338303248858 26.722709818811154))"
16,26.041514187979995,119.50254918103447,1,"POLYGON ((119.50045503248856 26.038856783561826, 119.50045503248856 26.044171592398165, 119.50464332958039 26.044171592398165, 119.50464332958039 26.038856783561826, 119.50045503248856 26.038856783561826))"
17,31.499122892706467,121.37267254887573,3,"POLYGON ((121.3686464074886 31.49556707688667, 121.3686464074886 31.499737080486312, 121.37136173060178 31.502871113817267, 121.37542778569323 31.502871113817267, 121.37679673374517 31.501149834654317, 121.37679673374517 31.498387814428305, 121.37421696751139 31.49556707688667, 121.3686464074886 31.49556707688667))"
18,38.985960664085056,117.7366764317445,3,"POLYGON ((117.73980303248857 38.982874837294275, 117.73435373248857 38.98384158064833, 117.72999063248858 38.98640182382724, 117.72999063248858 38.98899566634649, 117.73359083707663 38.98899566634649, 117.74088076061484 38.98752016627056, 117.74312363417806 38.985518488085, 117.74312363417806 38.982874837294275, 117.73980303248857 38.982874837294275))"
19,27.99787712183579,120.87670227997432,1,"POLYGON ((120.87084328248858 27.995689754782063, 120.87084328248858 27.99867015876647, 120.88398405719764 28.000838731877103, 120.87927937670392 27.995689754782063, 120.87084328248858 27.995689754782063))"
20,31.998656563253647,120.55586262222222,1,"POLYGON ((120.5526090547108 31.99699969916582, 120.5526090547108 32.00031342734147, 120.55911618973364 32.00031342734147, 120.55911618973364 31.99699969916582, 120.5526090547108 31.99699969916582))"
21,27.97087135607286,120.7910008028511,2,"POLYGON ((120.7885540324886 27.968501356303076, 120.78356637623857 27.97059995379192, 120.78356637623857 27.973457258539305, 120.7868404675114 27.973457258539305, 120.79836058289602 27.97210227344505, 120.79836058289602 27.968501356303076, 120.7885540324886 27.968501356303076))"
22,39.50525407788436,121.27218534853166,2,"POLYGON ((121.27052375556552 39.499418113748966, 121.2704016574886 39.50252444796752, 121.2704016574886 39.511037838251525, 121.27395601513047 39.511037838251525, 121.27395601513047 39.50252444796752, 121.27393352848702 39.499418113748966, 121.27052375556552 39.499418113748966))"
23,31.924289655828314,120.16380481451786,17,"POLYGON ((120.18978437731616 31.91542320288436, 120.15640332415525 31.918645374892613, 120.12698603248857 31.92986513617789, 120.12698603248857 31.933486501958516, 120.13372787291681 31.933486501958516, 120.19149711751139 31.92551999629759, 120.19543011195583 31.924341192460925, 120.19543011195583 31.921319287936626, 120.19405276751141 31.917640774618665, 120.19318855084475 31.91542320288436, 120.18978437731616 31.91542320288436))"
24,31.479459399292985,121.40221477222222,1,"POLYGON ((121.4000919658219 31.477590988386318, 121.4000919658219 31.48132781019966, 121.40433757862252 31.48132781019966, 121.40433757862252 31.477590988386318, 121.4000919658219 31.477590988386318))"
25,38.95324324248575,118.48332740123456,1,"POLYGON ((118.47643103248859 38.94557206726883, 118.47643103248859 38.960914417702675, 118.49022376998053 38.960914417702675, 118.49022376998053 38.94557206726883, 118.47643103248859 38.94557206726883))"
26,31.74170865877383,121.03905864532376,2,"POLYGON ((121.04028109018088 31.73831551146138, 121.0330338368364 31.740618511338603, 121.0330338368364 31.745017964999146, 121.04008336457024 31.745017964999146, 121.04524485640027 31.741831530828456, 121.04524485640027 31.73831551146138, 121.04028109018088 31.73831551146138))"
27,19.9640001072134,110.03670913837605,2,"POLYGON ((110.03299163713974 19.962070165850555, 110.03299163713974 19.965590615145697, 110.03616657095013 19.9659590102886, 110.04039017803773 19.9659590102886, 110.04039017803773 19.962365900289136, 110.03796349692318 19.962070165850555, 110.03299163713974 19.962070165850555))"
28,23.094863067214575,113.43891128307149,3,"POLYGON ((113.44114572660622 23.092735606333076, 113.43291968197312 23.09348558585796, 113.43037465748858 23.093868535540746, 113.43037465748858 23.09701673774012, 113.43367432921355 23.09701673774012, 113.4398800032257 23.09673811840193, 113.44741276751141 23.09596840238304, 113.44741276751141 23.092735606333076, 113.44114572660622 23.092735606333076))"
29,21.078187934765428,110.43030491411409,1,"POLYGON ((110.42850107693302 21.076540511185268, 110.42850107693302 21.079835358345587, 110.43210875129519 21.079835358345587, 110.43210875129519 21.076540511185268, 110.42850107693302 21.076540511185268))"
30,23.443330906359233,116.50444043357315,2,"POLYGON ((116.50019319915522 23.440937599235813, 116.50019319915522 23.4440928264397, 116.50236325471079 23.445586692549355, 116.50881188643035 23.445586692549355, 116.50881188643035 23.442210752418564, 116.50434041195587 23.440937599235813, 116.50019319915522 23.440937599235813))"
31,25.187134204323424,119.0138991346831,1,"POLYGON ((119.01171142685479 25.185384002873842, 119.01171142685479 25.188884405773013, 119.0160868425114 25.188884405773013, 119.0160868425114 25.185384002873842, 119.01171142685479 25.185384002873842))"
32,23.061088268146506,113.48173416666666,1,"POLYGON ((113.47852703248859 23.058970599503382, 113.47852703248859 23.063205936789625, 113.48494130084474 23.063205936789625, 113.48494130084474 23.058970599503382, 113.47852703248859 23.058970599503382))"
33,35.59510076738876,119.789694155445,1,"POLYGON ((119.78351864118423 35.584400702944265, 119.78351864118423 35.60580083183326, 119.79586966970577 35.60580083183326, 119.79586966970577 35.584400702944265, 119.78351864118423 35.584400702944265))"
34,36.671885809380946,121.23528708858696,1,"POLYGON ((121.23362268466249 36.669865682700525, 121.23362268466249 36.67390593606136, 121.23695149251144 36.67390593606136, 121.23695149251144 36.669865682700525, 121.23362268466249 36.669865682700525))"
35,21.569857634464768,108.35750838803048,2,"POLYGON ((108.35428244915525 21.563207924172453, 108.35428244915525 21.566297794560505, 108.355902979857 21.57607058768781, 108.36066280809113 21.57607058768781, 108.36066280809113 21.568792633861, 108.35757204158548 21.563207924172453, 108.35428244915525 21.563207924172453))"
36,25.983051006296122,119.47034823156537,4,"POLYGON ((119.46365974677428 25.975899818757533, 119.46365974677428 25.98253278968739, 119.47431503248856 25.991123598976664, 119.47777413417809 25.991123598976664, 119.47777413417809 25.988042540315238, 119.47037538214556 25.975899818757533, 119.46365974677428 25.975899818757533))"
37,21.62069417348962,108.37340546204257,2,"POLYGON ((108.36986932660622 21.616154110269644, 108.36986932660622 21.622316332689678, 108.37284924003575 21.62532971844565, 108.3769986849027 21.62532971844565, 108.3769986849027 21.620935656102507, 108.37512753674218 21.616154110269644, 108.36986932660622 21.616154110269644))"
38,40.30849439077917,122.0776040194805,1,"POLYGON ((122.07213717534573 40.30150404308403, 122.07213717534573 40.31548473847428, 122.08307086361529 40.31548473847428, 122.08307086361529 40.30150404308403, 122.07213717534573 40.30150404308403))"
39,31.810250845593107,120.94894687259786,4,"POLYGON ((120.9512559658219 31.804507661719633, 120.94873983248857 31.80593551629058, 120.94363958804412 31.81155153316369, 120.94363958804412 31.81589791150526, 120.94837945469088 31.81589791150526, 120.95313042205687 31.80951391758834, 120.95466046751143 31.807418215428154, 120.95466046751143 31.804507661719633, 120.9512559658219 31.804507661719633))"
40,31.945751621153686,120.18102925,1,"POLYGON ((120.17755685248858 31.943720236351673, 120.17755685248858 31.9477830059557, 120.18450164751141 31.9477830059557, 120.18450164751141 31.943720236351673, 120.17755685248858 31.943720236351673))"
41,26.459158803047593,119.69749153784467,2,"POLYGON ((119.69931024537176 26.45318023406016, 119.6941017632578 26.45591777825201, 119.69060690090963 26.459758589604455, 119.69060690090963 26.46375607987937, 119.69597685640028 26.46375607987937, 119.70376427520371 26.4618897094922, 119.70376427520371 26.455996743518437, 119.69931024537176 26.45318023406016))"
42,25.731209079890718,119.62081494767843,1,"POLYGON ((119.61824646838602 25.72807434041598, 119.61824646838602 25.734343819365456, 119.62338342697085 25.734343819365456, 119.62338342697085 25.72807434041598, 119.61824646838602 25.72807434041598))"
43,35.09170911000783,119.36891433152444,5,"POLYGON ((119.36213350471078 35.0861236640806, 119.36213350471078 35.09048096600683, 119.3634652705838 35.0945991627387, 119.36860521197573 35.09817400823421, 119.37365754197951 35.09817400823421, 119.3748628594033 35.094066431750946, 119.37517624821315 35.090065287884656, 119.37517624821315 35.08711543572489, 119.3656976780377 35.0861236640806, 119.36213350471078 35.0861236640806))"
44,31.943822132579808,120.21986266130943,8,"POLYGON ((120.22846710941164 31.94089839934664, 120.21451636582192 31.94124897723056, 120.2019947547108 31.9424496340464, 120.2019947547108 31.945577189741762, 120.20631503248856 31.947221133375404, 120.21005167205685 31.947221133375404, 120.23894131445019 31.94493082279757, 120.23894131445019 31.941777499010705, 120.2332838675114 31.94089839934664, 120.22846710941164 31.94089839934664))"
45,32.04382101309461,119.94932106743613,2,"POLYGON ((119.94784830521583 32.04124399756697, 119.94667581820286 32.043573538940585, 119.94667581820286 32.04642504840818, 119.95036890084474 32.04642504840818, 119.9519574675114 32.044657608207, 119.9519574675114 32.04124399756697, 119.94784830521583 32.04124399756697))"
46,32.31718187367828,119.81836317933704,5,"POLYGON ((119.82455290205377 32.31047634489237, 119.80735628248858 32.320595360056046, 119.80735628248858 32.32383606880495, 119.81095307007548 32.32383606880495, 119.81456024023866 32.32245851244892, 119.82888628257989 32.31431014234526, 119.82888628257989 32.31047634489237, 119.82455290205377 32.31047634489237))"
47,35.160821267773386,119.39794967917167,1,"POLYGON ((119.3882900030768 35.15936065321161, 119.3882900030768 35.16228188233517, 119.40760935526652 35.16228188233517, 119.40760935526652 35.15936065321161, 119.3882900030768 35.15936065321161))"
48,34.74828727837067,119.4191197414722,13,"POLYGON ((119.41453070990792 34.74305019346256, 119.39697540748857 34.748428409000866, 119.39697540748857 34.75121331757256, 119.4012751262972 34.75364634937668, 119.44460110387506 34.74968931208796, 119.44460110387506 34.74701384079252, 119.43470645322569 34.744996553799744, 119.41937033114777 34.74305019346256, 119.41453070990792 34.74305019346256))"
49,34.61196576061335,119.55652723559386,2,"POLYGON ((119.55750999800581 34.60705908640327, 119.55169128248859 34.608674436355365, 119.55169128248859 34.61734688404832, 119.55800001036856 34.61734688404832, 119.5623472306693 34.61023683136147, 119.5623472306693 34.60705908640327, 119.55750999800581 34.60705908640327))"
50,35.30855340378876,119.51559297999997,1,"POLYGON ((119.51371963248856 35.30480512949304, 119.51371963248856 35.312301678084474, 119.51746632751139 35.312301678084474, 119.51746632751139 35.30480512949304, 119.51371963248856 35.30480512949304))"
51,32.024508148775084,120.78236596093687,3,"POLYGON ((120.78474979248857 32.02204101315824, 120.77684657534571 32.02374698818277, 120.77684657534571 32.02692538794124, 120.7813876275114 32.02692538794124, 120.7843900032257 32.02609811330921, 120.78803042205688 32.02479433221491, 120.78803042205688 32.02204101315824, 120.78474979248857 32.02204101315824))"
52,32.12700675342136,121.50149403602931,7,"POLYGON ((121.50203628248858 32.11862472103318, 121.49730319190887 32.12085555450733, 121.49730319190887 32.127421034182454, 121.49838303248858 32.13470225822752, 121.49941603248858 32.13636956653211, 121.50287021751141 32.13636956653211, 121.5053493425114 32.13013513928074, 121.5056799065358 32.12160112927294, 121.5056799065358 32.11862472103318, 121.50203628248858 32.11862472103318))"
53,35.367305006946744,119.54877678994919,1,"POLYGON ((119.54564398901032 35.36207605156075, 119.54564398901032 35.372533962332746, 119.55190959088804 35.372533962332746, 119.55190959088804 35.36207605156075, 119.54564398901032 35.36207605156075))"
54,39.924102286027285,119.6460452029719,5,"POLYGON ((119.6438101753457 39.919006858977816, 119.64214563248856 39.92027912805513, 119.64136225471081 39.923370286602996, 119.64136225471081 39.926393951925114, 119.6474610913121 39.9286579516783, 119.65117646751142 39.9286579516783, 119.65117646751142 39.92589052832801, 119.64712756293126 39.919006858977816, 119.6438101753457 39.919006858977816))"
55,35.37434296760574,119.55174635847547,1,"POLYGON ((119.54917492801096 35.37112437037816, 119.54917492801096 35.37756156483333, 119.55431778893997 35.37756156483333, 119.55431778893997 35.37112437037816, 119.54917492801096 35.37112437037816))"
56,38.94832780149905,121.84792338893672,1,"POLYGON ((121.8489813447347 38.94343205768215, 121.84578228248859 38.94782690197078, 121.84578228248859 38.95118740648761, 121.85005306164898 38.95118740648761, 121.8489813447347 38.94343205768215))"
57,32.00076611988704,120.75392487777778,1,"POLYGON ((120.7517632324886 31.999181398458592, 120.7517632324886 32.00235084131548, 120.75608652306697 32.00235084131548, 120.75608652306697 31.999181398458592, 120.7517632324886 31.999181398458592))"
58,31.380488306578464,121.49879814285714,1,"POLYGON ((121.49701288963143 31.378600608605087, 121.49701288963143 31.382376004551837, 121.50058339608283 31.382376004551837, 121.50058339608283 31.378600608605087, 121.49701288963143 31.378600608605087))"
59,31.969842541238314,120.43296045710582,2,"POLYGON ((120.42629352763419 31.96705625157913, 120.42629352763419 31.970250883973883, 120.4333712981136 31.97274268394826, 120.43924274528919 31.97274268394826, 120.43924274528919 31.96873413379262, 120.43171840937188 31.96705625157913, 120.42629352763419 31.96705625157913))"
60,31.965866833590997,120.37200180689004,2,"POLYGON ((120.36756271669911 31.963342801731386, 120.36756271669911 31.96757887545622, 120.36958334157949 31.96822936677339, 120.3766169675114 31.96822936677339, 120.3766169675114 31.964189817843, 120.37136841678677 31.963342801731386, 120.36756271669911 31.963342801731386))"
61,30.000886972624528,122.06967877624713,3,"POLYGON ((122.06497003248855 29.997478639360644, 122.06497003248855 30.000311613151975, 122.06833225829502 30.003435523614982, 122.0699921247963 30.004286950993443, 122.07405730084474 30.004286950993443, 122.07405730084474 29.999992536371106, 122.06821037660231 29.997478639360644, 122.06497003248855 29.997478639360644))"
62,38.979521866560184,121.75970420588236,1,"POLYGON ((121.75761344425327 38.978003765524505, 121.75761344425327 38.98103996759586, 121.7617949675114 38.98103996759586, 121.7617949675114 38.978003765524505, 121.75761344425327 38.978003765524505))"
63,38.07725253639473,118.94931330150332,2,"POLYGON ((118.94382196582191 38.07412946827475, 118.94382196582191 38.07966931339186, 118.95283077161903 38.0797273457151, 118.95620250084474 38.0797273457151, 118.95620250084474 38.07716486082352, 118.94899163055487 38.07412946827475, 118.94382196582191 38.07412946827475))"
64,30.642075473976384,121.18056690064711,1,"POLYGON ((121.1769911310801 30.639821321765318, 121.1769911310801 30.64432962618746, 121.1841426702141 30.64432962618746, 121.1841426702141 30.639821321765318, 121.1769911310801 30.639821321765318))"
65,31.98961978252617,119.9579471903846,1,"POLYGON ((119.95578318248856 31.987765311092698, 119.95578318248856 31.99147425395964, 119.96011119828064 31.99147425395964, 119.96011119828064 31.987765311092698, 119.95578318248856 31.987765311092698))"
66,38.99781787720485,121.89377914009957,2,"POLYGON ((121.8919615510071 38.99538597611159, 121.889590979857 38.99552397856231, 121.889590979857 38.99826501888619, 121.8919615510071 39.000481458586286, 121.89749649076722 39.000481458586286, 121.89749649076722 38.99538597611159, 121.8919615510071 38.99538597611159))"
67,31.369975587678617,121.50138618382353,1,"POLYGON ((121.49961228248857 31.368446582492204, 121.49961228248857 31.371504592865037, 121.50316008515846 31.371504592865037, 121.50316008515846 31.368446582492204, 121.49961228248857 31.368446582492204))"
68,25.699578241277067,119.60519296832356,1,"POLYGON ((119.60261749545153 25.696500888607844, 119.60261749545153 25.70265559394629, 119.60776844119562 25.70265559394629, 119.60776844119562 25.696500888607844, 119.60261749545153 25.696500888607844))"
69,40.80200418211375,121.04378169288199,1,"POLYGON ((121.04086993044774 40.798861211450784, 121.04086993044774 40.80514715277671, 121.04669345531627 40.80514715277671, 121.04669345531627 40.798861211450784, 121.04086993044774 40.798861211450784))"
70,25.58244022922954,119.68815216834943,6,"POLYGON ((119.68263328248861 25.576593216959765, 119.68100494157949 25.578769405091478, 119.68100494157949 25.581817350792836, 119.68671896727119 25.590051031725967, 119.69065909434639 25.590051031725967, 119.69529888596632 25.581409007866664, 119.69529888596632 25.577799247971285, 119.6859841493296 25.576593216959765, 119.68263328248861 25.576593216959765))"
71,25.756732173355424,119.63219605555557,1,"POLYGON ((119.63015947693303 25.750989757636926, 119.63015947693303 25.762474589073918, 119.63423263417808 25.762474589073918, 119.63423263417808 25.750989757636926, 119.63015947693303 25.750989757636926))"
72,38.97983519084372,121.803917883048,2,"POLYGON ((121.80395740090964 38.97685487516064, 121.79982264915522 38.98025620151904, 121.79982264915522 38.982828019185355, 121.80317494965425 38.982828019185355, 121.80784719828065 38.980097679976254, 121.80784719828065 38.97685487516064, 121.80395740090964 38.97685487516064))"
73,31.27828835624881,121.73745899369744,1,"POLYGON ((121.73540459131209 31.276515336780616, 121.73540459131209 31.280061375717015, 121.73951339608281 31.280061375717015, 121.73951339608281 31.276515336780616, 121.73540459131209 31.276515336780616))"
74,40.289259014262655,122.09217418343341,7,"POLYGON ((122.09265439612493 40.27948974522333, 122.08875447434905 40.28399200010109, 122.08445653248857 40.29532040607055, 122.08445653248857 40.29835055127345, 122.08848053089169 40.29835055127345, 122.09570824956269 40.29541830479306, 122.09868439608282 40.290060880829735, 122.09868439608282 40.28399200010109, 122.09739692306697 40.27948974522333, 122.09265439612493 40.27948974522333))"
75,39.09948191013303,118.50231509277289,2,"POLYGON ((118.49693869915524 39.09472851996422, 118.49693869915524 39.1039953203426, 118.50615081936326 39.1039953203426, 118.50846496751139 39.102799717448235, 118.50846496751139 39.100170600947536, 118.50615081936326 39.09472851996422, 118.49693869915524 39.09472851996422))"
76,30.043787794900496,121.97957528889054,9,"POLYGON ((121.98688034827804 30.024220071375588, 121.9672884824886 30.048261656450183, 121.96534202585653 30.06057699557813, 121.96539829266145 30.06098967230248, 121.97627965981908 30.06149986443022, 121.98316086915077 30.050806412177288, 121.99178790653578 30.036494896242964, 121.99332941431992 30.03004890308014, 121.99332941431992 30.024220071375588, 121.98688034827804 30.024220071375588))"
77,26.00492097798314,119.48168939351254,4,"POLYGON ((119.48163032415522 25.997337155275307, 119.47347831820285 25.99786537609545, 119.47347831820285 26.001852365668817, 119.47835168633473 26.013994547893613, 119.4829061849027 26.013994547893613, 119.48977482465426 26.00876236420118, 119.48977482465426 26.004808774031243, 119.48650266316359 25.997337155275307, 119.48163032415522 25.997337155275307))"
78,25.982757484648026,119.44913790526314,2,"POLYGON ((119.44616963248858 25.980936088808814, 119.44616963248858 25.98457888048723, 119.45210617803771 25.98457888048723, 119.45210617803771 25.980936088808814, 119.44616963248858 25.980936088808814))"
79,40.80729363930129,121.06282489985101,3,"POLYGON ((121.07224719602662 40.80145672663391, 121.06346888195094 40.8029810049179, 121.0543692753457 40.807864148476455, 121.0543692753457 40.81180676328317, 121.06178323417807 40.81180676328317, 121.06666986406313 40.810779515563674, 121.07224719602662 40.80145672663391))"
80,35.33572520053025,119.53417221464649,1,"POLYGON ((119.5323986435997 35.33396005813829, 119.5323986435997 35.337490342922216, 119.53594578569323 35.337490342922216, 119.53594578569323 35.33396005813829, 119.5323986435997 35.33396005813829))"
81,31.57315289875119,121.4988377995985,1,"POLYGON ((121.49670282840692 31.57148278370164, 121.49670282840692 31.574823013800746, 121.5009727707901 31.574823013800746, 121.5009727707901 31.57148278370164, 121.49670282840692 31.57148278370164))"
82,31.38143032648853,121.68176624824964,2,"POLYGON ((121.68161983248856 31.37803725673706, 121.67764653248857 31.381319571638205, 121.67764653248857 31.384800397493077, 121.68200801296594 31.384800397493077, 121.68586615981908 31.381543845352564, 121.68586615981908 31.37803725673706, 121.68161983248856 31.37803725673706))"
83,38.7593525712946,117.594058874269,1,"POLYGON ((117.58826078102658 38.757262469942674, 117.58826078102658 38.761442672646524, 117.5998569675114 38.761442672646524, 117.5998569675114 38.757262469942674, 117.58826078102658 38.757262469942674))"
84,26.745381250762478,119.63742412762238,1,"POLYGON ((119.63253237864244 26.742707109714647, 119.63253237864244 26.7480553918103, 119.6423158766023 26.7480553918103, 119.6423158766023 26.742707109714647, 119.63253237864244 26.742707109714647))"
85,31.59661120039527,121.44270710144927,1,"POLYGON ((121.4410813658219 31.595225494032956, 121.4410813658219 31.59799690675758, 121.4443328370766 31.59799690675758, 121.4443328370766 31.595225494032956, 121.4410813658219 31.595225494032956))"
86,31.34891222372256,121.71205005090201,2,"POLYGON ((121.7121995324886 31.34542579441585, 121.70805858804412 31.34839908806822, 121.70805858804412 31.352487649953417, 121.71154839608282 31.352487649953417, 121.71610216751138 31.349403250796644, 121.71610216751138 31.34542579441585, 121.7121995324886 31.34542579441585))"
87,31.350471972719234,121.67831248364125,2,"POLYGON ((121.67681138542977 31.34783143267508, 121.67545783248855 31.3493419019109, 121.67545783248855 31.35331893139799, 121.67889568179713 31.35331893139799, 121.6813689675114 31.351242890452703, 121.6813689675114 31.34783143267508, 121.67681138542977 31.34783143267508))"
88,40.70451934016322,120.96450069471261,3,"POLYGON ((120.95952717534576 40.700678171031775, 120.95831567248855 40.70257406895033, 120.95831567248855 40.70808957431897, 120.96789125322567 40.70808957431897, 120.9714123813045 40.70630293666078, 120.9714123813045 40.70208882630341, 120.96349674337345 40.700678171031775, 120.95952717534576 40.700678171031775))"
89,30.1129733301641,122.20202708422023,3,"POLYGON ((122.20408427491282 30.11078430900299, 122.19853181820285 30.111166894886555, 122.19399567711666 30.112513297301057, 122.19399567711666 30.115332326158725, 122.19736245551141 30.115332326158725, 122.20560336036854 30.11450215491471, 122.21008464932959 30.113948885692277, 122.21008464932959 30.11078430900299, 122.20408427491282 30.11078430900299))"
90,26.46992855458074,119.6332446870725,1,"POLYGON ((119.63045570895916 26.467997526555973, 119.63045570895916 26.47185958260551, 119.63603366518583 26.47185958260551, 119.63603366518583 26.467997526555973, 119.63045570895916 26.467997526555973))"
91,31.945280361656817,120.19041829501218,1,"POLYGON ((120.18684719915527 31.9437007360605, 120.18684719915527 31.94685998725315, 120.19398939086908 31.94685998725315, 120.19398939086908 31.9437007360605, 120.18684719915527 31.9437007360605))"
92,31.990781101130246,120.33866827817454,3,"POLYGON ((120.33354303248859 31.983824418845753, 120.33354303248859 31.99124620736923, 120.33432843248855 31.99786304176357, 120.34247903417807 31.99786304176357, 120.3442377688359 31.992928159999153, 120.3442377688359 31.988587513782228, 120.34213696751142 31.983824418845753, 120.33354303248859 31.983824418845753))"
93,32.00183438977453,120.3491171469471,2,"POLYGON ((120.34605793873855 31.99954342470601, 120.34605793873855 32.00316219409313, 120.3488197467743 32.004160805154285, 120.35221246751141 32.004160805154285, 120.35221246751141 32.001349014209374, 120.35074001513046 31.99954342470601, 120.34605793873855 31.99954342470601))"
94,19.954494027608938,110.01191359185442,1,"POLYGON ((110.00867178248859 19.949975279502105, 110.00867178248859 19.95832420515757, 110.0154743045054 19.959300116139932, 110.01459844163782 19.949975279502105, 110.00867178248859 19.949975279502105))"
95,19.10250861626391,108.62419936592948,2,"POLYGON ((108.62108656582191 19.09958380152073, 108.62108656582191 19.10405386983691, 108.6235068473034 19.105757105575524, 108.62687836145079 19.105757105575524, 108.62708163662907 19.10405386983691, 108.62708163662907 19.09958380152073, 108.62108656582191 19.09958380152073))"
96,29.91580088886844,121.92643797844828,1,"POLYGON ((121.92410023938514 29.912816179650502, 121.92410023938514 29.918785598086377, 121.92877571751143 29.918785598086377, 121.92877571751143 29.912816179650502, 121.92410023938514 29.912816179650502))"
97,39.8405294793505,124.16234383897098,2,"POLYGON ((124.16010401686357 39.83791004746056, 124.16010401686357 39.840605716875025, 124.16067203248855 39.84309119693615, 124.1646024175114 39.84309119693615, 124.1646024175114 39.83941269326188, 124.16341122067595 39.83791004746056, 124.16010401686357 39.83791004746056))"
98,21.481642643275066,111.06867851761237,3,"POLYGON ((111.06983691484153 21.476170221177266, 111.06190251966805 21.481909499090836, 111.06190251966805 21.487034366054115, 111.06804003417807 21.487034366054115, 111.07546275820908 21.481116010934212, 111.07546275820908 21.476170221177266, 111.06983691484153 21.476170221177266))"
99,21.71004233018373,111.81057754831635,5,"POLYGON ((111.80542878248858 21.701370644959855, 111.80542878248858 21.704974833104828, 111.80738366039556 21.721057290196878, 111.8116792800114 21.721057290196878, 111.81644796751141 21.70813201890175, 111.81644796751141 21.702720659048598, 111.80898796751141 21.701370644959855, 111.80542878248858 21.701370644959855))"
100,24.402632915847207,117.98157704987071,2,"POLYGON ((117.97707025471078 24.400273720784377, 117.97707025471078 24.403898509023612, 117.98129335432768 24.40502391695384, 117.98607728330086 24.40502391695384, 117.98607728330086 24.40155711302947, 117.98276108515847 24.400273720784377, 117.97707025471078 24.400273720784377))"
101,21.586554755088724,109.59961831818181,1,"POLYGON ((109.5974836688522 21.583739337229673, 109.5974836688522 21.589370172947785, 109.60175296751142 21.589370172947785, 109.60175296751142 21.583739337229673, 109.5974836688522 21.583739337229673))"
102,26.795808237700573,119.70985673469066,4,"POLYGON ((119.7107692677827 26.786475827590294, 119.7036672324886 26.80175164084754, 119.7036672324886 26.806031714695404, 119.70712246294221 26.806031714695404, 119.71581368751141 26.792516497772016, 119.71581368751141 26.786475827590294, 119.7107692677827 26.786475827590294))"
103,25.209157500435644,118.96339483418636,2,"POLYGON ((118.95808599677427 25.206923823745107, 118.95808599677427 25.210079643599393, 118.96372837762134 25.211489229841106, 118.96848991487983 25.211489229841106, 118.96848991487983 25.2078712905989, 118.9629036075114 25.206923823745107, 118.95808599677427 25.206923823745107))"
104,25.684738995036028,119.57782978977272,1,"POLYGON ((119.57410815748858 25.682675534684524, 119.57410815748858 25.686802455387525, 119.58155142205685 25.686802455387525, 119.58155142205685 25.682675534684524, 119.57410815748858 25.682675534684524))"
105,21.614274290330094,109.56779778164525,2,"POLYGON ((109.56690939146294 21.61201611431096, 109.56468691885219 21.61342868977915, 109.56468691885219 21.61647486860162, 109.56802475917809 21.61647486860162, 109.57079309846377 21.615726339670097, 109.57079309846377 21.61201611431096, 109.56690939146294 21.61201611431096))"
106,29.714539799613274,122.194122577193,1,"POLYGON ((122.1920667658219 29.71288324571123, 122.1920667658219 29.71619635351531, 122.19617838856405 29.71619635351531, 122.19617838856405 29.71288324571123, 122.1920667658219 29.71288324571123))"
107,38.93855272359472,118.48342262184872,1,"POLYGON ((118.48004974677428 38.935982083760585, 118.48004974677428 38.94112336342884, 118.48679549692315 38.94112336342884, 118.48679549692315 38.935982083760585, 118.48004974677428 38.935982083760585))"
108,32.01420608387462,120.80558268084903,2,"POLYGON ((120.80495257915524 32.01201714959015, 120.80290129439332 32.01320589394887, 120.80290129439332 32.01638741432382, 120.80662263417807 32.01638741432382, 120.80828470084474 32.01488702639578, 120.80828470084474 32.01201714959015, 120.80495257915524 32.01201714959015))"
109,31.59550492728748,121.27681923240742,1,"POLYGON ((121.27388968248859 31.592442118432, 121.27388968248859 31.59856773614297, 121.27974878232621 31.59856773614297, 121.27974878232621 31.592442118432, 121.27388968248859 31.592442118432))"
110,25.14123350049532,119.01207895412234,1,"POLYGON ((119.01026962823326 25.139192724725095, 119.01026962823326 25.14327427626554, 119.01388828001141 25.14327427626554, 119.01388828001141 25.139192724725095, 119.01026962823326 25.139192724725095))"
111,22.8038795044216,113.58617573500587,2,"POLYGON ((113.58544643248857 22.79845545420783, 113.58313677406161 22.8038530941944, 113.58313677406161 22.809272769490732, 113.5872908175114 22.809272769490732, 113.58930780084472 22.802318272229773, 113.58930780084472 22.79845545420783, 113.58544643248857 22.79845545420783))"
112,32.01293632541188,120.36547661138779,5,"POLYGON ((120.35669724987989 32.00676828004761, 120.35669724987989 32.012189617957276, 120.36326201248858 32.01619588269559, 120.37176128248858 32.019661815685474, 120.37521624658116 32.019661815685474, 120.37521624658116 32.016806669354004, 120.36990242205687 32.01117647370711, 120.36379174528919 32.00676828004761, 120.35669724987989 32.00676828004761))"
113,21.483994031619233,109.55299708990688,2,"POLYGON ((109.54926903248857 21.47806042802087, 109.54926903248857 21.481103614165104, 109.55188755034574 21.489557170743787, 109.55657136751142 21.489557170743787, 109.55657136751142 21.483649821244747, 109.55253335526652 21.47806042802087, 109.54926903248857 21.47806042802087))"
114,21.301348642279624,110.4156431280999,3,"POLYGON ((110.4147761597613 21.29384307722472, 110.4121662632578 21.304385845935787, 110.4121662632578 21.308176038338235, 110.4157313675114 21.308176038338235, 110.4187285452892 21.304200799100368, 110.4187285452892 21.29957026499036, 110.41811951296596 21.29384307722472, 110.4147761597613 21.29384307722472))"
115,28.15704922419317,121.10024214964365,2,"POLYGON ((121.09705691127645 28.151396969841187, 121.09705691127645 28.15640632180468, 121.09838303248854 28.16259014713931, 121.10338463417807 28.16259014713931, 121.10338463417807 28.154981262818296, 121.1011050899604 28.151396969841187, 121.09705691127645 28.151396969841187))"
116,32.07596337960527,120.49325589008072,2,"POLYGON ((120.4896162824886 32.074423608213706, 120.4896162824886 32.077442464903285, 120.49325029248855 32.077503089852804, 120.49689856073175 32.077503089852804, 120.49689856073175 32.074503637190816, 120.49412268179711 32.074423608213706, 120.4896162824886 32.074423608213706))"
117,37.67286786337203,120.22139952043011,1,"POLYGON ((120.21854029915526 37.67029130929311, 120.21854029915526 37.67544441745096, 120.22425874170496 37.67544441745096, 120.22425874170496 37.67029130929311, 120.21854029915526 37.67029130929311))"
118,37.660979614863045,120.30885241713345,7,"POLYGON ((120.31438661785441 37.656122538086365, 120.30023999970169 37.658624898171034, 120.30023999970169 37.661212354155076, 120.30510213289112 37.667518248268884, 120.31044263417806 37.66556809889455, 120.31814887979212 37.65919746348844, 120.31814887979212 37.656122538086365, 120.31438661785441 37.656122538086365))"
119,31.835494649692354,120.84234618102823,3,"POLYGON ((120.84268210391716 31.828359897557256, 120.83751385067042 31.836273701069594, 120.83751385067042 31.84245099105081, 120.84283568973365 31.84245099105081, 120.84728582465426 31.833221312436585, 120.84728582465426 31.828359897557256, 120.84268210391716 31.828359897557256))"
120,21.56671525203624,108.33553901595471,1,"POLYGON ((108.33389882559202 21.565022703942155, 108.33389882559202 21.568407800130323, 108.33717920631739 21.568407800130323, 108.33717920631739 21.565022703942155, 108.33389882559202 21.565022703942155))"
121,19.728113768047464,109.2006247002212,3,"POLYGON ((109.20367128248857 19.723465528326972, 109.19619105496047 19.7268564888183, 109.1915477824886 19.72933607036, 109.1915477824886 19.73274252279693, 109.19564263417807 19.73274252279693, 109.20222403134119 19.730863006996604, 109.20920325736648 19.727635235633116, 109.20920325736648 19.723465528326972, 109.20367128248857 19.723465528326972))"
122,35.080632390244425,119.36519116477268,1,"POLYGON ((119.36270390748857 35.0747803164584, 119.36270390748857 35.086484464030455, 119.36767842205684 35.086484464030455, 119.36767842205684 35.0747803164584, 119.36270390748857 35.0747803164584))"
123,35.36655533202584,119.57137543529413,1,"POLYGON ((119.56930493248859 35.36435839318718, 119.56930493248859 35.36875227086449, 119.57344593809964 35.36875227086449, 119.57344593809964 35.36435839318718, 119.56930493248859 35.36435839318718))"
124,26.393815106555696,119.78300364702433,4,"POLYGON ((119.77381727424685 26.38903476547007, 119.77381727424685 26.392932754571515, 119.78125865317824 26.397984640882186, 119.78570088248856 26.39926841989737, 119.79130804625869 26.399447981708214, 119.78940905856018 26.390295778455176, 119.77849624023868 26.38903476547007, 119.77381727424685 26.38903476547007))"
125,26.380864416518378,119.75979827101878,2,"POLYGON ((119.75620424870478 26.378148965747076, 119.75620424870478 26.3814063698369, 119.75900685941164 26.38357584140716, 119.7633327487614 26.38357584140716, 119.7633327487614 26.379868398463234, 119.76000857216256 26.378148965747076, 119.75620424870478 26.378148965747076))"
126,32.02972350239607,120.58416382045452,1,"POLYGON ((120.58006108248857 32.02676866724297, 120.58006108248857 32.032678337549164, 120.58826655842049 32.032678337549164, 120.58826655842049 32.02676866724297, 120.58006108248857 32.02676866724297))"
127,31.699923654448245,121.13410432929102,1,"POLYGON ((121.13228331607067 31.69843582451133, 121.13228331607067 31.701411484385158, 121.1359253425114 31.701411484385158, 121.1359253425114 31.69843582451133, 121.13228331607067 31.69843582451133))"
128,31.989811758164702,120.62183700861776,5,"POLYGON ((120.6094217395593 31.98762185187726, 120.6094217395593 31.991773149490733, 120.61851346751142 31.991773149490733, 120.63539674279231 31.991752989077884, 120.63539674279231 31.988750463461503, 120.62838522677067 31.987959571689238, 120.61851346751142 31.98762185187726, 120.6094217395593 31.98762185187726))"
129,21.166212306670207,110.40548552577744,3,"POLYGON ((110.40639815594537 21.15925782040085, 110.40146531026636 21.165069668728055, 110.40146531026636 21.1703180184309, 110.40269295248856 21.173265262104437, 110.40628918973363 21.173265262104437, 110.40986893973364 21.162412886584335, 110.40986893973364 21.15925782040085, 110.40639815594537 21.15925782040085))"
130,25.579336145008234,119.66686891624167,5,"POLYGON ((119.66774736582194 25.572194769434343, 119.66139603248857 25.579974864224624, 119.65859246106 25.58371657648875, 119.65859246106 25.58681797491591, 119.66245446751141 25.58681797491591, 119.6698027675114 25.581988879005657, 119.67485330084476 25.57787934574659, 119.67485330084476 25.57470392121426, 119.67141228458458 25.572194769434343, 119.66774736582194 25.572194769434343))"
131,40.201847396995205,121.9809444090909,1,"POLYGON ((121.97929375976128 40.20056589728412, 121.97929375976128 40.203128896706296, 121.9825950584205 40.203128896706296, 121.9825950584205 40.20056589728412, 121.97929375976128 40.20056589728412))"
132,23.396675643657836,116.55842071794874,1,"POLYGON ((116.55631180171936 23.39324761989719, 116.55631180171936 23.40010366741849, 116.56052963417808 23.40010366741849, 116.56052963417808 23.39324761989719, 116.55631180171936 23.39324761989719))"
133,22.97699184142483,116.53049980781827,5,"POLYGON ((116.52904086582191 22.96805622974355, 116.52512929564645 22.979406688106124, 116.52512929564645 22.985567693741988, 116.53207775917807 22.985567693741988, 116.53502910084474 22.978505171560812, 116.53569318973362 22.971510807429873, 116.53569318973362 22.968454678576048, 116.5325539675114 22.96805622974355, 116.52904086582191 22.96805622974355))"
134,30.247499411822062,122.1503188257689,2,"POLYGON ((122.1505277547108 30.245945880568883, 122.14507117534569 30.24610642729561, 122.14507117534569 30.248941247499772, 122.1505277547108 30.249036246149213, 122.1554169362614 30.249036246149213, 122.1554169362614 30.245945880568883, 122.1505277547108 30.245945880568883))"
135,22.89803802203684,113.58260372217913,5,"POLYGON ((113.57508391620952 22.88865554279804, 113.57508391620952 22.89378060333994, 113.58027969915524 22.905928219943544, 113.58740017534572 22.906041600277113, 113.59100886224824 22.906041600277113, 113.59100886224824 22.90224850600008, 113.5877337261321 22.896055801631153, 113.58450748925054 22.89237931429627, 113.58012245873948 22.88865554279804, 113.57508391620952 22.88865554279804))"
136,23.75951968714351,117.4986396534082,2,"POLYGON ((117.4963370324886 23.7553593131362, 117.4963370324886 23.759113183738062, 117.4965050324886 23.763559981213096, 117.50103430084474 23.763559981213096, 117.50103430084474 23.75955608812503, 117.50047027703522 23.7553593131362, 117.4963370324886 23.7553593131362))"
137,24.452225928634352,117.98285323722595,2,"POLYGON ((117.98180221430675 24.450507552113134, 117.98008929335813 24.450905750313037, 117.98008929335813 24.45393792500878, 117.98356701228752 24.45393792500878, 117.98560326959473 24.453645665796763, 117.98560326959473 24.450507552113134, 117.98180221430675 24.450507552113134))"
138,24.62941770641382,118.43260757462426,2,"POLYGON ((118.43130120556548 24.62609827681689, 118.43003303248857 24.628855714007898, 118.43003303248857 24.632707579403775, 118.43396646751141 24.632707579403775, 118.43515244370188 24.630149748377473, 118.43515244370188 24.62609827681689, 118.43130120556548 24.62609827681689))"
139,21.73258117283946,108.63334103529412,1,"POLYGON ((108.63153783641015 21.7292907600333, 108.63153783641015 21.735871585645615, 108.63514423417809 21.735871585645615, 108.63514423417809 21.7292907600333, 108.63153783641015 21.7292907600333))"
140,39.93273134251315,119.6972600601304,2,"POLYGON ((119.69388964787318 39.930112844626926, 119.69388964787318 39.933151642017755, 119.69663503248856 39.935630576840246, 119.7003138425114 39.935630576840246, 119.7003138425114 39.93189910775323, 119.69916371141386 39.930112844626926, 119.69388964787318 39.930112844626926))"
141,26.63736673691793,119.82634904166666,1,"POLYGON ((119.82450328248856 26.63561014105529, 119.82450328248856 26.639123332780564, 119.82819480084476 26.639123332780564, 119.82819480084476 26.63561014105529, 119.82450328248856 26.63561014105529))"
142,22.765337346047623,113.65796259230324,1,"POLYGON ((113.65567873561358 22.76278611933427, 113.65567873561358 22.767888572760985, 113.66024644899288 22.767888572760985, 113.66024644899288 22.76278611933427, 113.65567873561358 22.76278611933427))"
143,24.457532373488597,117.95725904081081,1,"POLYGON ((117.95371349248857 24.455627826216194, 117.95371349248857 24.459436920760997, 117.96080458913303 24.459436920760997, 117.96080458913303 24.455627826216194, 117.95371349248857 24.455627826216194))"
144,22.20552193706559,113.08757197499999,1,"POLYGON ((113.08571578248858 22.203039826632818, 113.08571578248858 22.20800404749836, 113.0894281675114 22.20800404749836, 113.0894281675114 22.203039826632818, 113.08571578248858 22.203039826632818))"
145,24.359489203908357,118.0983055282227,1,"POLYGON ((118.09538619038331 24.35708802341454, 118.09538619038331 24.361890384402162, 118.10122486606213 24.361890384402162, 118.10122486606213 24.35708802341454, 118.09538619038331 24.35708802341454))"
146,23.3362814709565,116.73706747732426,1,"POLYGON ((116.73490554269267 23.33439481306914, 116.73490554269267 23.338168128843858, 116.73922941195585 23.338168128843858, 116.73922941195585 23.33439481306914, 116.73490554269267 23.33439481306914))"
147,39.93864857410952,119.71535445714285,1,"POLYGON ((119.71356674677428 39.935876822668604, 119.71356674677428 39.94142032555044, 119.7171421675114 39.94142032555044, 119.7171421675114 39.935876822668604, 119.71356674677428 39.935876822668604))"
148,22.979798797027623,113.56157578318694,5,"POLYGON ((113.55355022891715 22.97216457856312, 113.55355022891715 22.975833488871803, 113.56379403248857 22.98734071406245, 113.56891252891492 22.98734071406245, 113.56891252891492 22.981813424394783, 113.56167789971478 22.975091277379413, 113.55772108872354 22.97216457856312, 113.55355022891715 22.97216457856312))"
149,25.531868474661618,119.66384160317457,1,"POLYGON ((119.66216881026634 25.530360784012537, 119.66216881026634 25.533376165310692, 119.66551439608283 25.533376165310692, 119.66551439608283 25.530360784012537, 119.66216881026634 25.530360784012537))"
150,35.316363517186815,119.51568570584413,1,"POLYGON ((119.51390048963142 35.31169800978273, 119.51390048963142 35.321029024590885, 119.51747092205686 35.321029024590885, 119.51747092205686 35.31169800978273, 119.51390048963142 35.31169800978273))"
151,31.97181536766273,120.00317488253089,3,"POLYGON ((120.00312626718245 31.968480355049547, 120.00037751153047 31.969933415782073, 119.99840803248856 31.97217870312161, 119.99840803248856 31.975424737617473, 120.00219642904987 31.975424737617473, 120.005066543269 31.97386897250652, 120.0081720086073 31.97179697359049, 120.0081720086073 31.968480355049547, 120.00312626718245 31.968480355049547))"
152,32.02885144083613,120.3888621581384,2,"POLYGON ((120.38272412109616 32.023788226493295, 120.38272412109616 32.028874437077576, 120.38740456373857 32.03392913549289, 120.39477250084475 32.03392913549289, 120.39477250084475 32.02729296486261, 120.38902206627682 32.023788226493295, 120.38272412109616 32.023788226493295))"
153,32.28756912222357,119.85525453367192,3,"POLYGON ((119.85648681582192 32.2827501559776, 119.84917633641014 32.289867261232935, 119.84917633641014 32.292620937539205, 119.85245362806188 32.292620937539205, 119.8609284994263 32.28671633817599, 119.8609284994263 32.2827501559776, 119.85648681582192 32.2827501559776))"
154,25.237132339019137,118.9704689619658,1,"POLYGON ((118.96876311026634 25.23407384254478, 118.96876311026634 25.2401908354935, 118.97217481366525 25.2401908354935, 118.97217481366525 25.23407384254478, 118.96876311026634 25.23407384254478))"
155,39.1117805644989,118.53285692307693,1,"POLYGON ((118.52907253248857 39.10721479776318, 118.52907253248857 39.11634633123463, 118.53664131366527 39.11634633123463, 118.53664131366527 39.10721479776318, 118.52907253248857 39.10721479776318))"
156,30.557624551994802,121.02374223999999,1,"POLYGON ((121.01855703248857 30.553582551724947, 121.01855703248857 30.56166655226466, 121.0289274475114 30.56166655226466, 121.0289274475114 30.553582551724947, 121.01855703248857 30.553582551724947))"
157,38.99973138179594,118.45508812500002,1,"POLYGON ((118.45323503248858 38.9920334999117, 118.45323503248858 39.00742926368017, 118.45694121751141 39.00742926368017, 118.45694121751141 38.9920334999117, 118.45323503248858 38.9920334999117))"
158,21.945312874616526,113.22954963697683,2,"POLYGON ((113.22874486582192 21.941871433875157, 113.22698892259848 21.945487818939867, 113.22698892259848 21.94871941297656, 113.2304900598191 21.94871941297656, 113.23209717090121 21.944982272658013, 113.23209717090121 21.941871433875157, 113.22874486582192 21.941871433875157))"
159,22.991439365796968,116.53707547222221,1,"POLYGON ((116.53518153248858 22.989860219973757, 116.53518153248858 22.993018511620186, 116.53896941195585 22.993018511620186, 116.53896941195585 22.989860219973757, 116.53518153248858 22.989860219973757))"
160,23.008373177857173,113.53145075294118,1,"POLYGON ((113.52907073837093 23.00562164376291, 113.52907073837093 23.011124711951435, 113.5338307675114 23.011124711951435, 113.5338307675114 23.00562164376291, 113.52907073837093 23.00562164376291))"
161,23.01733092895958,113.5268243399146,2,"POLYGON ((113.52492713248857 23.0129252243321, 113.52382035806997 23.017799778119013, 113.52382035806997 23.021830775214198, 113.5275557493296 23.021830775214198, 113.52978718973363 23.019401170632097, 113.52978718973363 23.0129252243321, 113.52492713248857 23.0129252243321))"
162,22.741916839997387,113.66621685556206,2,"POLYGON ((113.66723599545153 22.7377000382552, 113.66186126221832 22.740705309134647, 113.66186126221832 22.745853060237515, 113.6678857611622 22.745853060237515, 113.67068383417806 22.740854943596947, 113.67068383417806 22.7377000382552, 113.66723599545153 22.7377000382552))"
163,21.07022303178054,110.48834189746309,2,"POLYGON ((110.49133663417807 21.064589848911183, 110.48299396697006 21.06655181802879, 110.48009614506033 21.071327512217337, 110.48951841127646 21.07512474436346, 110.49482401513046 21.07512474436346, 110.49482401513046 21.07154660260381, 110.49133663417807 21.064589848911183))"
164,21.691693659604603,111.82124947149946,4,"POLYGON ((111.82073457794313 21.684595969968935, 111.81758028703403 21.69392328021712, 111.81758028703403 21.699002312097107, 111.82142505084474 21.699002312097107, 111.8249952175114 21.689665038290403, 111.8249952175114 21.684595969968935, 111.82073457794313 21.684595969968935))"
165,30.585320233946632,121.0852030397504,1,"POLYGON ((121.08285326885219 30.58371731151476, 121.08285326885219 30.5869231563785, 121.08755281064865 30.5869231563785, 121.08755281064865 30.58371731151476, 121.08285326885219 30.58371731151476))"
166,21.138590592131514,110.39759206581165,2,"POLYGON ((110.39177935506923 21.13256665419358, 110.39177935506923 21.139093885700014, 110.3968659324886 21.144587943111826, 110.40344771751143 21.144587943111826, 110.40344771751143 21.138274741312394, 110.39834016751139 21.13256665419358, 110.39177935506923 21.13256665419358))"
167,21.241066793334575,110.4198048519936,1,"POLYGON ((110.41777717283945 21.23913533625871, 110.41777717283945 21.242998250410444, 110.42183253114777 21.242998250410444, 110.42183253114777 21.23913533625871, 110.41777717283945 21.23913533625871))"
168,32.19695020372255,119.87992092009912,1,"POLYGON ((119.87809874987987 32.19465957540407, 119.87809874987987 32.19924083204105, 119.88174309031841 32.19924083204105, 119.88174309031841 32.19465957540407, 119.87809874987987 32.19465957540407))"
169,23.054185655316466,113.50555433636373,3,"POLYGON ((113.50662683248859 23.047338552562717, 113.49922740748858 23.057309890155558, 113.49922740748858 23.06105426057612, 113.50347072426818 23.06105426057612, 113.50794831989235 23.056706902379197, 113.51141648266292 23.05271820271034, 113.51141648266292 23.047338552562717, 113.50662683248859 23.047338552562717))"
170,24.447715454282935,117.99697212201303,1,"POLYGON ((117.99214316447105 24.442901989615617, 117.9962978980448 24.450705096106702, 118.00066834251142 24.450705096106702, 118.00066834251142 24.447885363374326, 117.99214316447105 24.442901989615617))"
171,31.35588704268748,121.50897056563313,4,"POLYGON ((121.51692815748856 31.35086912433483, 121.50103199167225 31.354700619620715, 121.49808753753908 31.357757531610755, 121.49808753753908 31.360847709002297, 121.50157660853705 31.360847709002297, 121.51391939608284 31.35806999020101, 121.52033350917807 31.35385253634452, 121.52033350917807 31.35086912433483, 121.51692815748856 31.35086912433483))"
172,36.88075042084755,122.43497123844456,4,"POLYGON ((122.43591065897182 36.87271065791291, 122.43355984840603 36.87280739447387, 122.42699467371351 36.87890341510772, 122.4272058220315 36.88072583680167, 122.43712378858616 36.888982669135075, 122.44049591195585 36.888982669135075, 122.44075030084475 36.88586231458535, 122.44075030084475 36.88280587777241, 122.43997074528917 36.8776623184336, 122.43591065897182 36.87271065791291))"
173,34.31056297306192,120.26896376650546,2,"POLYGON ((120.2717835577411 34.306748889314115, 120.26295172814076 34.309481343846315, 120.26295172814076 34.3139978954051, 120.27096796751144 34.3139978954051, 120.27516148179711 34.30950299072017, 120.27516148179711 34.306748889314115, 120.2717835577411 34.306748889314115))"
174,37.716941709842054,121.11611639383268,2,"POLYGON ((121.10685603248858 37.71319410603402, 121.10685603248858 37.718756736680284, 121.12060553248857 37.72170868571212, 121.12417268179712 37.72170868571212, 121.12417268179712 37.71814854156917, 121.1238603925114 37.71319410603402, 121.10685603248858 37.71319410603402))"
175,31.368546124670825,121.64284239481974,2,"POLYGON ((121.64046503248858 31.365255668951434, 121.63819181026636 31.368263085678894, 121.63819181026636 31.37212425042794, 121.64204979104082 31.37212425042794, 121.64762252306696 31.369974948670578, 121.64762252306696 31.365255668951434, 121.64046503248858 31.365255668951434))"
176,37.71360380439974,121.07234317722178,1,"POLYGON ((121.06240145277843 37.71213669143778, 121.06240145277843 37.71504704315105, 121.08234002633493 37.71504704315105, 121.08234002633493 37.71218457223631, 121.06240145277843 37.71213669143778))"
177,23.046691264903046,113.51840185976891,1,"POLYGON ((113.51630809131211 23.044586544470647, 113.51630809131211 23.048795985335442, 113.5204956282257 23.048795985335442, 113.5204956282257 23.044586544470647, 113.51630809131211 23.044586544470647))"
178,39.02206333670714,121.74488664259215,2,"POLYGON ((121.74194303248859 39.01760327331877, 121.74194303248859 39.02520396095846, 121.74290027886539 39.02684303811195, 121.7463047675114 39.02684303811195, 121.74787042034161 39.02520396095846, 121.74787042034161 39.01760327331877, 121.74194303248859 39.01760327331877))"
179,23.092163827653813,113.45484090039683,1,"POLYGON ((113.45185121106002 23.090369246807082, 113.45185121106002 23.093958408500544, 113.45783058973363 23.093958408500544, 113.45783058973363 23.090369246807082, 113.45185121106002 23.090369246807082))"
180,21.063310232455713,110.4603208352273,1,"POLYGON ((110.45836657794314 21.061696332513876, 110.45836657794314 21.06492413239755, 110.46227509251143 21.06492413239755, 110.46227509251143 21.061696332513876, 110.45836657794314 21.061696332513876))"
181,31.32564588013755,121.55726786907294,5,"POLYGON ((121.55368590748857 31.319584632927857, 121.55240901165524 31.323043549264035, 121.55240901165524 31.329636395101343, 121.55671503248858 31.331879815706316, 121.5606168075114 31.331879815706316, 121.56244042904989 31.325301117366443, 121.56244042904989 31.321592747277375, 121.55703748364043 31.319584632927857, 121.55368590748857 31.319584632927857))"
182,30.162075887285226,121.99450852499999,1,"POLYGON ((121.99179953248857 30.160208941101942, 121.99179953248857 30.16394283346851, 121.99721751751139 30.16394283346851, 121.99721751751139 30.160208941101942, 121.99179953248857 30.160208941101942))"
183,38.96001402365167,117.72671834420291,1,"POLYGON ((117.72461955422771 38.958472233878666, 117.72461955422771 38.96155581342466, 117.72881713417807 38.96155581342466, 117.72881713417807 38.958472233878666, 117.72461955422771 38.958472233878666))"
184,32.06133863684896,121.69295582608696,1,"POLYGON ((121.69085103248857 32.0597722176355, 121.69085103248857 32.06290505606241, 121.69506061968532 32.06290505606241, 121.69506061968532 32.0597722176355, 121.69085103248857 32.0597722176355))"
185,24.415183753690084,118.03999270080091,1,"POLYGON ((118.0374642166991 24.413627766541744, 118.0374642166991 24.416739740838416, 118.0425211849027 24.416739740838416, 118.0425211849027 24.413627766541744, 118.0374642166991 24.413627766541744))"
186,25.145567193059723,119.02230228285714,1,"POLYGON ((119.02052331820285 25.14344820400996, 119.02052331820285 25.147686182109492, 119.0240812475114 25.147686182109492, 119.0240812475114 25.14344820400996, 119.02052331820285 25.14344820400996))"
187,26.030419713959493,119.50000799414919,1,"POLYGON ((119.49676217534572 26.02718956219915, 119.49676217534572 26.033309250774217, 119.50334238477812 26.033309250774217, 119.5034418727596 26.027916569449037, 119.49676217534572 26.02718956219915))"
188,22.77140043966594,115.59897508333331,1,"POLYGON ((115.59708736582192 22.769581761258877, 115.59708736582192 22.773219118073, 115.60086280084472 22.773219118073, 115.60086280084472 22.769581761258877, 115.59708736582192 22.769581761258877))"
189,19.804226015382927,109.16506084959154,1,"POLYGON ((109.16139462508116 19.801259645679092, 109.16139462508116 19.805474574418504, 109.16993137672625 19.807994187343965, 109.16645559913889 19.801259645679092, 109.16139462508116 19.801259645679092))"
190,21.55638582883928,108.37236771111111,1,"POLYGON ((108.37043389915526 21.55412891335324, 108.37043389915526 21.558642744325322, 108.37430152306698 21.558642744325322, 108.37430152306698 21.55412891335324, 108.37043389915526 21.55412891335324))"
191,19.553121922368913,110.82942628586473,1,"POLYGON ((110.8271995562981 19.550151694163887, 110.8271995562981 19.55560346523719, 110.83224319053693 19.55560346523719, 110.8312078519804 19.550722501951977, 110.8271995562981 19.550151694163887))"
192,32.00618830721526,120.67904887583195,2,"POLYGON ((120.67350771956342 32.00396410332157, 120.67350771956342 32.00748476452766, 120.67903856190037 32.0084403502338, 120.68458496751141 32.0084403502338, 120.68458496751141 32.00504193708992, 120.68018782465427 32.00396410332157, 120.67350771956342 32.00396410332157))"
193,21.56524727139314,108.37594340909092,1,"POLYGON ((108.37166403248858 21.5570634771149, 108.37166403248858 21.573431065671375, 108.38022278569323 21.573431065671375, 108.38022278569323 21.5570634771149, 108.37166403248858 21.5570634771149))"
194,32.08870785741526,119.92963999766651,4,"POLYGON ((119.92813763248857 32.082140323871265, 119.92571155248856 32.08899611664623, 119.92571155248856 32.09205845353501, 119.92617461490616 32.09567545485695, 119.93079480084474 32.09567545485695, 119.93209361751138 32.09205428934624, 119.9338085925114 32.08655858043455, 119.9338085925114 32.082140323871265, 119.92813763248857 32.082140323871265))"
195,32.30634594855893,119.83312265833332,1,"POLYGON ((119.83029594915524 32.30363330417685, 119.83029594915524 32.30905859294101, 119.8359493675114 32.30905859294101, 119.8359493675114 32.30363330417685, 119.83029594915524 32.30363330417685))"
196,32.32662971149538,119.7421354881936,2,"POLYGON ((119.73669249915524 32.32377685806354, 119.73669249915524 32.327064940714244, 119.73910516292337 32.32789364593523, 119.75143191630657 32.329714434987714, 119.7514591030816 32.32965516489364, 119.74072637927611 32.32377685806354, 119.73669249915524 32.32377685806354))"
197,30.245134012129512,122.28126703060421,2,"POLYGON ((122.27577064313283 30.242204682196768, 122.27577064313283 30.245035566758148, 122.28346203248857 30.24806183143046, 122.28675263417809 30.24806183143046, 122.28675263417809 30.245209547879302, 122.27902442904987 30.242204682196768, 122.27577064313283 30.242204682196768))"
198,28.270326721200327,121.57061461144377,1,"POLYGON ((121.568983476933 28.268891129753975, 121.568983476933 28.271762312646675, 121.57224574595453 28.271762312646675, 121.57224574595453 28.268891129753975, 121.568983476933 28.268891129753975))"
199,26.772078315224423,119.72205200060606,1,"POLYGON ((119.7194059124886 26.767746816731684, 119.7194059124886 26.77640981371716, 119.72469808872351 26.77640981371716, 119.72469808872351 26.767746816731684, 119.7194059124886 26.767746816731684))"
200,26.614565097733816,119.7300424032258,1,"POLYGON ((119.7275438389402 26.612898380839642, 119.7275438389402 26.616231814627994, 119.7325409675114 26.616231814627994, 119.7325409675114 26.612898380839642, 119.7275438389402 26.612898380839642))"
201,37.451534069921074,122.19513012601668,2,"POLYGON ((122.18723562623856 37.44754628381525, 122.18723562623856 37.45522860637667, 122.2005377322173 37.45522860637667, 122.20411421887755 37.454992046334056, 122.20411421887755 37.452379530691324, 122.2005377322173 37.44754628381525, 122.18723562623856 37.44754628381525))"
202,24.718541620464006,118.74041682585728,2,"POLYGON ((118.73950563248856 24.716113503874062, 118.73753621430676 24.717638688538834, 118.73753621430676 24.721021404258813, 118.74112396751141 24.721021404258813, 118.74335411036856 24.71932522555842, 118.74335411036856 24.716113503874062, 118.73950563248856 24.716113503874062))"
203,31.473111671174646,121.4272909333339,3,"POLYGON ((121.42613198804412 31.46848285418251, 121.41949733894019 31.470323244933308, 121.41949733894019 31.47320977091168, 121.42103426165522 31.47821028947579, 121.42804771751142 31.47821028947579, 121.43511680961666 31.474873294204013, 121.43511680961666 31.46848285418251, 121.42613198804412 31.46848285418251))"
204,38.96282491778421,117.73884723,1,"POLYGON ((117.7364209924886 38.961292454213414, 117.7364209924886 38.964357381355, 117.7412734675114 38.964357381355, 117.7412734675114 38.961292454213414, 117.7364209924886 38.961292454213414))"
205,26.720414927045564,119.65948461388888,1,"POLYGON ((119.6577444824886 26.717630364491743, 119.6577444824886 26.723199489599384, 119.66122474528919 26.723199489599384, 119.66122474528919 26.717630364491743, 119.6577444824886 26.717630364491743))"
206,26.728670243012484,119.65708463244515,1,"POLYGON ((119.65485534283341 26.72573060125659, 119.65485534283341 26.731609884768375, 119.65931392205687 26.731609884768375, 119.65931392205687 26.72573060125659, 119.65485534283341 26.72573060125659))"
207,31.378241037332305,121.62549489830667,4,"POLYGON ((121.6240825709501 31.374943785640802, 121.62034103248857 31.37756880223431, 121.62034103248857 31.380877055151405, 121.62435203248857 31.381543695354768, 121.62794130084474 31.381543695354768, 121.63032446751141 31.37871439602247, 121.63032446751141 31.374943785640802, 121.6240825709501 31.374943785640802))"
208,31.28516802407743,121.75156418340816,6,"POLYGON ((121.75295628248857 31.276715286679952, 121.74841458804413 31.282514343876716, 121.74404774677427 31.289567225020598, 121.74404774677427 31.29284914712711, 121.74807276751143 31.29284914712711, 121.75303269478412 31.29021214941609, 121.75683856751141 31.28749782556272, 121.75774913417807 31.28212107102563, 121.75774913417807 31.27876694174158, 121.7565488425114 31.276715286679952, 121.75295628248857 31.276715286679952))"
209,19.288869957923787,110.64384392105259,1,"POLYGON ((110.64216937459382 19.287121975765842, 110.64216937459382 19.290617940081727, 110.6455184675114 19.290617940081727, 110.6455184675114 19.287121975765842, 110.64216937459382 19.287121975765842))"
210,31.524532955800595,121.59848021052632,1,"POLYGON ((121.59570345354119 31.522461983379994, 121.59570345354119 31.526603928221196, 121.60125696751142 31.526603928221196, 121.60125696751142 31.522461983379994, 121.59570345354119 31.522461983379994))"
211,24.885950208027175,118.68472812575565,2,"POLYGON ((118.68500146106 24.882152075398675, 118.68125457302914 24.886064927925894, 118.68125457302914 24.889641819494607, 118.68510816751142 24.889641819494607, 118.68824751296596 24.88513151270015, 118.68824751296596 24.882152075398675, 118.68500146106 24.882152075398675))"
212,22.737391378621318,114.62910191075203,3,"POLYGON ((114.62650892137746 22.734413405915117, 114.62555726463142 22.736818476127684, 114.62555726463142 22.740542300749073, 114.62907996751139 22.740542300749073, 114.63314430084473 22.738519635738463, 114.63314430084473 22.73535217931216, 114.6302116341781 22.734413405915117, 114.62650892137746 22.734413405915117))"
213,26.695794933215446,119.81868928787878,1,"POLYGON ((119.81645269915522 26.693748777387345, 119.81645269915522 26.697841089043546, 119.82092587660235 26.697841089043546, 119.82092587660235 26.693748777387345, 119.81645269915522 26.693748777387345))"
214,31.991995019601404,119.97972363010753,1,"POLYGON ((119.97669909915524 31.989096419703003, 119.97669909915524 31.9948936194998, 119.9827481610598 31.9948936194998, 119.9827481610598 31.989096419703003, 119.97669909915524 31.989096419703003))"
215,31.968644364207584,120.39488058015125,3,"POLYGON ((120.38847903248856 31.967102708413627, 120.38847903248856 31.970052828620215, 120.3905866194451 31.9701519226619, 120.39446694965426 31.9701519226619, 120.4013616598191 31.9701397228442, 120.4013616598191 31.967228635107187, 120.39196886606213 31.967102708413627, 120.38847903248856 31.967102708413627))"
216,38.981242420341175,118.46851789999998,1,"POLYGON ((118.46663303248859 38.97151824933236, 118.46663303248859 38.99096659134998, 118.4704027675114 38.99096659134998, 118.4704027675114 38.97151824933236, 118.46663303248859 38.97151824933236))"
217,30.631016917454232,121.16117817566595,5,"POLYGON ((121.15311215748858 30.623940266698025, 121.15311215748858 30.626748235664184, 121.15810788248858 30.632453173839338, 121.16164057095008 30.635505498459388, 121.16627364359968 30.63740755689201, 121.16958421141383 30.63740755689201, 121.16958421141383 30.634571826129115, 121.16638822613211 30.631785546745835, 121.156364563471 30.623940266698025, 121.15311215748858 30.623940266698025))"
218,29.98191645998559,121.74005186444802,1,"POLYGON ((121.73707885067037 29.98043494439357, 121.73707885067037 29.98339797557761, 121.74302487822568 29.98339797557761, 121.74302487822568 29.98043494439357, 121.73707885067037 29.98043494439357))"
219,31.72355448794754,121.13357237499999,1,"POLYGON ((121.13174303248857 31.722054603444214, 121.13174303248857 31.725054372450863, 121.13540171751139 31.725054372450863, 121.13540171751139 31.722054603444214, 121.13174303248857 31.722054603444214))"
220,31.70887441605868,121.1519811875,1,"POLYGON ((121.15020815748858 31.70674112625714, 121.15020815748858 31.71100770586022, 121.15375421751139 31.71100770586022, 121.15375421751139 31.70674112625714, 121.15020815748858 31.70674112625714))"
221,39.505343614503005,121.40101976650942,1,"POLYGON ((121.39937631550744 39.50409386450701, 121.39937631550744 39.50659336449899, 121.40266321751142 39.50659336449899, 121.40266321751142 39.50409386450701, 121.39937631550744 39.50409386450701))"
222,40.33182772655789,122.13325525882351,1,"POLYGON ((122.12796143248856 40.32870075256899, 122.12796143248856 40.33495470054678, 122.13854908515846 40.33495470054678, 122.13854908515846 40.32870075256899, 122.12796143248856 40.32870075256899))"
223,22.671297352924043,113.66044421202386,3,"POLYGON ((113.66201465748858 22.668827227446993, 113.65892963248857 22.669286749191638, 113.65454488963142 22.670205886382394, 113.65454488963142 22.673756436462842, 113.66029812335556 22.673756436462842, 113.66389676751142 22.672912546483364, 113.66644878569322 22.671963777392314, 113.66644878569322 22.668827227446993, 113.66201465748858 22.668827227446993))"
224,32.13624842587862,119.90682195974667,6,"POLYGON ((119.90373978248859 32.12938534918462, 119.90006428248857 32.131975221391386, 119.89847729915525 32.13639578774962, 119.89847729915525 32.141031204881244, 119.91223885788541 32.1415841970173, 119.91599724635756 32.1415841970173, 119.91599724635756 32.136952219179854, 119.90859611036855 32.12938534918462, 119.90373978248859 32.12938534918462))"
225,22.86071188996247,113.57514952205881,1,"POLYGON ((113.57289078248857 22.85911330190237, 113.57289078248857 22.86231047802257, 113.57740826162906 22.86231047802257, 113.57740826162906 22.85911330190237, 113.57289078248857 22.85911330190237))"
226,22.874566191673186,113.57268712286807,2,"POLYGON ((113.57059453248858 22.869565272284987, 113.57059453248858 22.87327901080359, 113.57115811682593 22.879456818518445, 113.57480412751141 22.879456818518445, 113.57480412751141 22.87426095782884, 113.5739084127669 22.869565272284987, 113.57059453248858 22.869565272284987))"
227,22.97714416151184,113.54417722086532,3,"POLYGON ((113.54436730835066 22.969471411995748, 113.54211708963143 22.97344986809643, 113.53989317534572 22.980824386653506, 113.53989317534572 22.9849946000575, 113.54366414230815 22.9849946000575, 113.54677969119561 22.97956637415505, 113.5484842553902 22.973502416325463, 113.5484842553902 22.969471411995748, 113.54436730835066 22.969471411995748))"
228,22.7466676082694,115.03544635225094,1,"POLYGON ((115.03330018526636 22.74438877789427, 115.03330018526636 22.74894643864453, 115.03759251923555 22.74894643864453, 115.03759251923555 22.74438877789427, 115.03330018526636 22.74438877789427))"
229,21.95279041808556,113.210046635,1,"POLYGON ((113.20806178248858 21.950911263328845, 113.20806178248858 21.95466957284227, 113.21203148751142 21.95466957284227, 113.21203148751142 21.950911263328845, 113.20806178248858 21.950911263328845))"
230,19.76847506774629,109.1581716259438,2,"POLYGON ((109.15799308804414 19.765015816713888, 109.1536165324886 19.76833051827552, 109.1536165324886 19.771440670821004, 109.15704809692319 19.771440670821004, 109.16200292669508 19.770892692291316, 109.16200292669508 19.765015816713888, 109.15799308804414 19.765015816713888))"
231,32.003652379441604,120.53875434680133,3,"POLYGON ((120.54217411457813 32.00063208682059, 120.53181546106 32.00210291834188, 120.53181546106 32.00678688084887, 120.53594784986436 32.00678688084887, 120.5393848875114 32.00656869823002, 120.54631101296596 32.00392088201273, 120.54631101296596 32.00063208682059, 120.54217411457813 32.00063208682059))"
232,28.095552612492767,121.13446766918902,1,"POLYGON ((121.13276251792547 28.09406485422726, 121.13276251792547 28.09704037075827, 121.13617282045257 28.09704037075827, 121.13617282045257 28.09406485422726, 121.13276251792547 28.09406485422726))"
233,39.01574182562541,121.69982890543226,2,"POLYGON ((121.69818220895915 39.01187799328159, 121.69704877534569 39.016085077114454, 121.69704877534569 39.01925803168945, 121.70236590340885 39.01925803168945, 121.70236590340885 39.016085077114454, 121.70218207417808 39.01187799328159, 121.69818220895915 39.01187799328159))"
234,27.97834752296985,120.91501359049079,2,"POLYGON ((120.91381849760488 27.975915992914256, 120.91035214677429 27.97735739381545, 120.91035214677429 27.980734238061714, 120.91554964023868 27.980734238061714, 120.91955013030213 27.979799160626893, 120.91955013030213 27.975915992914256, 120.91381849760488 27.975915992914256))"
235,24.81786436519704,118.7181073828125,1,"POLYGON ((118.71531779811356 24.816302980048192, 118.71531779811356 24.819425750345882, 118.72089696751141 24.819425750345882, 118.72089696751141 24.816302980048192, 118.71531779811356 24.816302980048192))"
236,25.215967339278077,118.98486047920903,3,"POLYGON ((118.98680817534574 25.210727395106115, 118.98120133481416 25.214830155872455, 118.9783862478732 25.218215138638485, 118.9783862478732 25.221558410206875, 118.98213141487983 25.221558410206875, 118.98563216154125 25.218944368652885, 118.99146323066931 25.214513196016547, 118.99146323066931 25.210727395106115, 118.98680817534574 25.210727395106115))"
237,24.532066067836773,118.22642049545453,1,"POLYGON ((118.22386962339766 24.530217234650053, 118.22386962339766 24.533914901023497, 118.22897136751142 24.533914901023497, 118.22897136751142 24.530217234650053, 118.22386962339766 24.530217234650053))"
238,25.10375282962412,119.06684543154626,1,"POLYGON ((119.06394705951558 25.101502095683085, 119.06394705951558 25.10600356356517, 119.06974380357698 25.10600356356517, 119.06974380357698 25.101502095683085, 119.06394705951558 25.101502095683085))"
239,25.217821974658833,119.02980246261858,1,"POLYGON ((119.0281554518434 25.216292838359983, 119.0281554518434 25.219351110957682, 119.03144947339376 25.219351110957682, 119.03144947339376 25.216292838359983, 119.0281554518434 25.216292838359983))"
240,24.63456490272606,118.6802924651163,1,"POLYGON ((118.67859303248858 24.632480185210436, 118.67859303248858 24.636649620241677, 118.68199189774396 24.636649620241677, 118.68199189774396 24.632480185210436, 118.67859303248858 24.632480185210436))"
241,36.79679820820622,121.49620544494718,1,"POLYGON ((121.49272398120652 36.79491083496937, 121.49272398120652 36.79868558144307, 121.49968690868786 36.79868558144307, 121.49968690868786 36.79491083496937, 121.49272398120652 36.79491083496937))"
242,26.68501818663917,119.81557596770371,3,"POLYGON ((119.81637628248858 26.682473434467635, 119.81107303248858 26.68313574286112, 119.80794583248858 26.68424992364833, 119.80794583248858 26.687631118475135, 119.8116526341781 26.687631118475135, 119.8230507175114 26.68654298226672, 119.8230507175114 26.682473434467635, 119.81637628248858 26.682473434467635))"
243,32.01354237722485,119.9856692351407,2,"POLYGON ((119.98444811091996 32.010421553759855, 119.98245138963142 32.013862737109164, 119.98245138963142 32.016703526615494, 119.9858718425114 32.016703526615494, 119.9887789675114 32.014576117268106, 119.9887789675114 32.010421553759855, 119.98444811091996 32.010421553759855))"
244,31.951459900667825,120.11246767311887,2,"POLYGON ((120.11423444425327 31.948207220020965, 120.10609628248856 31.950303556883295, 120.10609628248856 31.954630954532433, 120.11168049132093 31.954630954532433, 120.1187984675114 31.95253306919873, 120.1187984675114 31.948207220020965, 120.11423444425327 31.948207220020965))"
245,32.056024771397446,120.55032920270267,1,"POLYGON ((120.54848441086695 32.054512613958046, 120.54848441086695 32.057536928836846, 120.55217399453844 32.057536928836846, 120.55217399453844 32.054512613958046, 120.54848441086695 32.054512613958046))"
246,22.776653032246276,113.6297005485882,2,"POLYGON ((113.62497753248859 22.772275482349897, 113.62497753248859 22.775654674799476, 113.63110928248858 22.781136087130985, 113.63449252306697 22.781136087130985, 113.63449252306697 22.77810359046786, 113.62882874528918 22.772275482349897, 113.62497753248859 22.772275482349897))"
247,22.231246119994722,113.08498991888074,1,"POLYGON ((113.08335506697134 22.229717927342683, 113.08335506697134 22.23277431264676, 113.08662477079011 22.23277431264676, 113.08662477079011 22.229717927342683, 113.08335506697134 22.229717927342683))"
248,31.361466598071157,121.65962880220543,3,"POLYGON ((121.65717178248856 31.3577599755242, 121.65491633248858 31.359911963011704, 121.65491633248858 31.36458042185387, 121.66038636582189 31.364652193526926, 121.66459596751139 31.364652193526926, 121.66459596751139 31.361627853759753, 121.66229734251141 31.3577599755242, 121.65717178248856 31.3577599755242))"
249,30.08567755695483,121.95171496758257,3,"POLYGON ((121.94747306697137 30.08201040504142, 121.94747306697137 30.085766320547222, 121.95001769915524 30.088641592368774, 121.95212503248858 30.08923233401071, 121.9560403675114 30.08923233401071, 121.9560403675114 30.08526427964399, 121.95180313893997 30.08201040504142, 121.94747306697137 30.08201040504142))"
250,29.89436356917993,122.08130634643734,1,"POLYGON ((122.07744481627235 29.892225535409057, 122.07744481627235 29.896501602950796, 122.08516787660231 29.896501602950796, 122.08516787660231 29.892225535409057, 122.07744481627235 29.892225535409057))"
251,30.417945312795066,122.4512343512605,1,"POLYGON ((122.44708214677428 30.414097785521808, 122.44708214677428 30.42179284006832, 122.45538655574671 30.42179284006832, 122.45538655574671 30.414097785521808, 122.44708214677428 30.414097785521808))"
252,32.1929336610177,119.63707111291444,2,"POLYGON ((119.63204475471079 32.190490844888465, 119.63204475471079 32.19449035999583, 119.63850179719446 32.19542780044571, 119.64223520560665 32.19542780044571, 119.64223520560665 32.192399158547516, 119.6391538766023 32.190490844888465, 119.63204475471079 32.190490844888465))"
253,32.18828785890168,119.90531745478208,2,"POLYGON ((119.90370148076443 32.185639354668595, 119.90343202099434 32.188108599111544, 119.90343202099434 32.19095671868079, 119.90683592584473 32.19095671868079, 119.90721743866524 32.188757262518635, 119.90721743866524 32.185639354668595, 119.90370148076443 32.185639354668595))"
254,32.185387182666496,119.58644017362836,4,"POLYGON ((119.58189518503093 32.18380277262728, 119.57857565829504 32.18397981025355, 119.57857565829504 32.186889033417486, 119.58204321751143 32.186889033417486, 119.5944638717667 32.18687657020974, 119.5944638717667 32.18404801933459, 119.58528205842049 32.18380277262728, 119.58189518503093 32.18380277262728))"
255,29.93217545164769,121.8846345712008,3,"POLYGON ((121.87784957794311 29.9287164558611, 121.87784957794311 29.933046705276833, 121.88348988542977 29.936570477081226, 121.88837059251141 29.936570477081226, 121.89123303893997 29.93201407398471, 121.89123303893997 29.92887285984906, 121.8853591550114 29.9287164558611, 121.87784957794311 29.9287164558611))"
256,32.206573166443114,119.66631620957787,4,"POLYGON ((119.6596585514759 32.20072880502371, 119.6596585514759 32.20349599242693, 119.66894362241665 32.213059110135084, 119.67228495452439 32.213059110135084, 119.67228495452439 32.21011752851753, 119.66871479919457 32.203862923478056, 119.66625600832772 32.20237015407561, 119.66290396751141 32.20072880502371, 119.6596585514759 32.20072880502371))"
257,32.200458315996826,119.6327733414785,1,"POLYGON ((119.63027750789844 32.19880540546558, 119.63027750789844 32.20211122652807, 119.63526917505855 32.20211122652807, 119.63526917505855 32.19880540546558, 119.63027750789844 32.19880540546558))"
258,38.965085302057815,117.80202979192543,1,"POLYGON ((117.80022074677427 38.963765988984775, 117.80022074677427 38.96640461513085, 117.80383883707661 38.96640461513085, 117.80383883707661 38.963765988984775, 117.80022074677427 38.963765988984775))"
259,40.745617082861365,120.97263949125596,1,"POLYGON ((120.96865889735342 40.74339553165702, 120.96865889735342 40.747838634065715, 120.97662008515846 40.747838634065715, 120.97662008515846 40.74339553165702, 120.96865889735342 40.74339553165702))"
260,31.354913078848355,121.61628119321854,2,"POLYGON ((121.61429746106 31.352551399036514, 121.61429746106 31.355715539062587, 121.61465156707978 31.35734530084356, 121.61814359251142 31.35734530084356, 121.61822041195585 31.355715539062587, 121.61822041195585 31.352551399036514, 121.61429746106 31.352551399036514))"
261,25.618177074070505,119.70200450912506,2,"POLYGON ((119.70150963248857 25.615857141494867, 119.69888332794315 25.617197484772355, 119.69888332794315 25.620458038686703, 119.70230998771342 25.620458038686703, 119.70506063097295 25.619428805791554, 119.70506063097295 25.615857141494867, 119.70150963248857 25.615857141494867))"
262,22.92601126424407,116.23968126415095,1,"POLYGON ((116.23706003248857 22.923796553576775, 116.23706003248857 22.928225974911378, 116.2423024958133 22.928225974911378, 116.2423024958133 22.923796553576775, 116.23706003248857 22.923796553576775))"
263,31.75935395354889,121.00201701624924,1,"POLYGON ((120.99973884018088 31.757787451779727, 120.99973884018088 31.760920455318043, 121.0042951923176 31.760920455318043, 121.0042951923176 31.757787451779727, 120.99973884018088 31.757787451779727))"
264,30.841876143798135,121.79683236666668,1,"POLYGON ((121.79360963248857 30.840207681161885, 121.79360963248857 30.8435446064344, 121.80005510084474 30.8435446064344, 121.80005510084474 30.840207681161885, 121.79360963248857 30.840207681161885))"
265,25.345192666583657,119.63905006395657,2,"POLYGON ((119.6384449658219 25.34318578297954, 119.63512214359969 25.344230781714604, 119.63512214359969 25.34715772835696, 119.63843596751141 25.34715772835696, 119.6428502675114 25.346586443592134, 119.6428502675114 25.34318578297954, 119.6384449658219 25.34318578297954))"
266,31.33869284847733,121.7088281317672,3,"POLYGON ((121.71213448703402 31.33388520835151, 121.70107461582191 31.33805793626081, 121.70107461582191 31.34086304283671, 121.70693879719444 31.343017011218546, 121.7120569675114 31.343017011218546, 121.7155114675114 31.336745557817387, 121.7155114675114 31.33388520835151, 121.71213448703402 31.33388520835151))"
267,34.73579480201249,119.47938546024007,1,"POLYGON ((119.47614540458159 34.73397669270744, 119.47614540458159 34.737612911317555, 119.4826255158985 34.737612911317555, 119.4826255158985 34.73397669270744, 119.47614540458159 34.73397669270744))"
268,29.113697908367488,121.60707954358972,1,"POLYGON ((121.60474118633473 29.11192031203906, 121.60474118633473 29.115475504695922, 121.60941790084473 29.115475504695922, 121.60941790084473 29.11192031203906, 121.60474118633473 29.11192031203906))"
269,29.948993394639775,121.8279009934488,1,"POLYGON ((121.82373338188619 29.946528133511574, 121.82373338188619 29.95145865576797, 121.83206860501141 29.95145865576797, 121.83206860501141 29.946528133511574, 121.82373338188619 29.946528133511574))"
270,29.496160576431354,121.50570920286383,5,"POLYGON ((121.49967471742006 29.491059310567515, 121.49967471742006 29.494329328684834, 121.50009003248857 29.501191330106575, 121.50344021751141 29.501191330106575, 121.51418427088217 29.497994793574886, 121.51418427088217 29.495063826524174, 121.50394965501138 29.491059310567515, 121.49967471742006 29.491059310567515))"
271,37.649566928085434,120.30292528668657,2,"POLYGON ((120.3014544967743 37.64493819440261, 120.30089032660625 37.64746877062049, 120.30089032660625 37.65418054127524, 120.30468141195585 37.65418054127524, 120.30498799909036 37.64804511132959, 120.30498799909036 37.64493819440261, 120.3014544967743 37.64493819440261))"
272,39.0126134395448,121.75007381129993,2,"POLYGON ((121.74758810225599 39.01013713962874, 121.74758810225599 39.01363199343858, 121.74870495140749 39.015068324808425, 121.7526080700755 39.015068324808425, 121.7526080700755 39.012238906081414, 121.75161664932959 39.01013713962874, 121.74758810225599 39.01013713962874))"
273,29.997632120243672,122.04341646185068,1,"POLYGON ((122.04130438476133 29.996048333465428, 122.04130438476133 29.999215907021917, 122.04552853893999 29.999215907021917, 122.04552853893999 29.996048333465428, 122.04130438476133 29.996048333465428))"
274,29.970654927392772,121.87382162500002,1,"POLYGON ((121.87171503248857 29.968896620862953, 121.87171503248857 29.972413233922587, 121.87592821751143 29.972413233922587, 121.87592821751143 29.968896620862953, 121.87171503248857 29.968896620862953))"
275,30.375664458529137,120.9122216,1,"POLYGON ((120.91035323248857 30.373904980854388, 120.91035323248857 30.37742393620388, 120.91408996751142 30.37742393620388, 120.91408996751142 30.373904980854388, 120.91035323248857 30.373904980854388))"
276,30.413085678065052,122.4126207307692,1,"POLYGON ((122.4102386478732 30.411391516089214, 122.4102386478732 30.414779840040897, 122.41500281366525 30.414779840040897, 122.41500281366525 30.411391516089214, 122.4102386478732 30.411391516089214))"
277,30.46139607063735,120.94019745238097,1,"POLYGON ((120.93846193725051 30.459305298899974, 120.93846193725051 30.463486842374728, 120.94193296751142 30.463486842374728, 120.94193296751142 30.459305298899974, 120.93846193725051 30.459305298899974))"
278,30.230045287038017,122.21768823924728,1,"POLYGON ((122.21597767764985 30.228548007862628, 122.21597767764985 30.231542566213406, 122.21939880084473 30.231542566213406, 122.21939880084473 30.228548007862628, 122.21597767764985 30.228548007862628))"
279,30.239593414900163,122.11090374285712,1,"POLYGON ((122.10905623248857 30.237933044452397, 122.10905623248857 30.24125378534792, 122.11275125322568 30.24125378534792, 122.11275125322568 30.237933044452397, 122.10905623248857 30.237933044452397))"
280,29.038361605565097,121.62585997944339,1,"POLYGON ((121.62318234621407 29.036774452202707, 121.62318234621407 29.03994875892748, 121.6285376126727 29.03994875892748, 121.6285376126727 29.036774452202707, 121.62318234621407 29.036774452202707))"
281,29.890181491365414,121.97339038122824,2,"POLYGON ((121.97387221998858 29.88864449222179, 121.96804136582189 29.888663035089078, 121.96804136582189 29.891704537089666, 121.97387221998858 29.891716776500857, 121.9787207675114 29.891716776500857, 121.9787207675114 29.88864449222179, 121.97387221998858 29.88864449222179))"
282,25.422280496491013,119.2728066934485,3,"POLYGON ((119.27447858804413 25.41873957194865, 119.26670165748858 25.42237806647783, 119.26670165748858 25.425808901765407, 119.27118600354743 25.425808901765407, 119.27889813417809 25.422191348371936, 119.27889813417809 25.41873957194865, 119.27447858804413 25.41873957194865))"
283,22.93546205611242,116.3124790148655,4,"POLYGON ((116.31150303248856 22.927151079643814, 116.30734067805818 22.940747739297002, 116.30734067805818 22.943841753173803, 116.31064366751143 22.943841753173803, 116.3173983675114 22.936604912776126, 116.3173983675114 22.933006844031162, 116.31561756751142 22.927151079643814, 116.31150303248856 22.927151079643814))"
284,23.22329014750534,116.77690838253483,2,"POLYGON ((116.774921976933 23.21936556722381, 116.774921976933 23.22317636246295, 116.77563246106 23.227195060597122, 116.77892042904988 23.227195060597122, 116.77892042904988 23.22386936947732, 116.77819290084474 23.21936556722381, 116.774921976933 23.21936556722381))"
285,25.150952481952697,119.2650565833333,1,"POLYGON ((119.26268069915523 25.148715983849467, 119.26268069915523 25.153188980055926, 119.2674324675114 25.153188980055926, 119.2674324675114 25.148715983849467, 119.26268069915523 25.148715983849467))"
286,23.397411343250255,117.01861608333331,1,"POLYGON ((117.01659194915523 23.395429691968072, 117.01659194915523 23.399392994532434, 117.0206402175114 23.399392994532434, 117.0206402175114 23.395429691968072, 117.01659194915523 23.395429691968072))"
287,31.798009247546005,121.01692811340466,2,"POLYGON ((121.01389653248859 31.795315691687236, 121.01389653248859 31.798085941401038, 121.01670350867906 31.800722153113664, 121.01994159909034 31.800722153113664, 121.01994159909034 31.797916993527007, 121.01721804326897 31.795315691687236, 121.01389653248859 31.795315691687236))"
288,31.682593857917677,121.8361408253968,1,"POLYGON ((121.8345222547108 31.68120851196561, 121.8345222547108 31.683979203869736, 121.83775939608282 31.683979203869736, 121.83775939608282 31.68120851196561, 121.8345222547108 31.68120851196561))"
289,31.711673005809864,121.72564931551582,3,"POLYGON ((121.7251065324886 31.706043490909522, 121.71979643248861 31.713218972348912, 121.71979643248861 31.71601575656562, 121.7231402175114 31.71601575656562, 121.7305769675114 31.715327627885767, 121.7305769675114 31.712074080364413, 121.7289266341781 31.706043490909522, 121.7251065324886 31.706043490909522))"
290,30.688602690921496,122.4078921718252,5,"POLYGON ((122.40036869915522 30.682809409201724, 122.40036869915522 30.686922930893147, 122.40140384498856 30.6917937671398, 122.40826303248858 30.693315126177154, 122.4129250925114 30.693315126177154, 122.4175084675114 30.691927888584452, 122.4175084675114 30.689112524372476, 122.40522453893996 30.682809409201724, 122.40036869915522 30.682809409201724))"
291,31.690498286495345,121.80184145770731,3,"POLYGON ((121.80229779861762 31.687970501140487, 121.79590033248857 31.68881568187294, 121.79590033248857 31.692918404683617, 121.7993606341781 31.692918404683617, 121.80779463417808 31.69245152271686, 121.80779463417808 31.689662789669594, 121.80685913417808 31.687970501140487, 121.80229779861762 31.687970501140487))"
292,31.670693225350785,121.8018568285714,1,"POLYGON ((121.79975783248857 31.669305721288183, 121.79975783248857 31.672080729413395, 121.80395582465427 31.672080729413395, 121.80395582465427 31.669305721288183, 121.79975783248857 31.669305721288183))"
293,31.672599768874683,121.82905472811058,1,"POLYGON ((121.82676877442407 31.67108626702578, 121.82676877442407 31.674113270723584, 121.83134068179712 31.674113270723584, 121.83134068179712 31.67108626702578, 121.82676877442407 31.67108626702578))"
294,31.68689193785182,121.82631414685133,2,"POLYGON ((121.82591641710395 31.68490959100115, 121.8235653658219 31.685579729140102, 121.8235653658219 31.688915056628108, 121.82729321279444 31.688915056628108, 121.82915081936325 31.687686074847093, 121.82915081936325 31.68490959100115, 121.82591641710395 31.68490959100115))"
295,23.509928241307648,117.10317351666667,1,"POLYGON ((117.10150336582188 23.508414746708933, 117.10150336582188 23.51144173590636, 117.10484366751142 23.51144173590636, 117.10484366751142 23.508414746708933, 117.10150336582188 23.508414746708933))"
296,25.416396046141557,119.68859173670212,1,"POLYGON ((119.68660978248857 25.414604703681903, 119.68660978248857 25.41818738860121, 119.69057369091564 25.41818738860121, 119.69057369091564 25.414604703681903, 119.68660978248857 25.414604703681903))"
297,31.715358152453852,121.2157939037037,1,"POLYGON ((121.21392977322931 31.713762332261723, 121.21392977322931 31.716953972645985, 121.21765803417809 31.716953972645985, 121.21765803417809 31.713762332261723, 121.21392977322931 31.713762332261723))"
298,31.756657776581633,121.16719093454545,1,"POLYGON ((121.16550299248857 31.7552505508141, 121.16550299248857 31.75806500234917, 121.16887887660234 31.75806500234917, 121.16887887660234 31.7552505508141, 121.16550299248857 31.7552505508141))"
299,35.607716521444004,119.79729170606431,2,"POLYGON ((119.79336906820286 35.60398328301367, 119.79336906820286 35.606745176012, 119.79780901165522 35.611537412081454, 119.8011091817971 35.611537412081454, 119.8011091817971 35.60849982151042, 119.796916560104 35.60398328301367, 119.79336906820286 35.60398328301367))"
300,38.98023394527536,121.73715472961956,1,"POLYGON ((121.73550296998857 38.978818890288814, 121.73550296998857 38.98164900026191, 121.73880648925052 38.98164900026191, 121.73880648925052 38.978818890288814, 121.73550296998857 38.978818890288814))"
301,38.99804438766326,121.65661955217476,2,"POLYGON ((121.65704639248855 38.99548729675148, 121.65274953248856 38.99713550718144, 121.65274953248856 39.00071161829164, 121.65668046751144 39.00071161829164, 121.6607631003239 38.998183963182825, 121.6607631003239 38.99548729675148, 121.65704639248855 38.99548729675148))"
302,22.573353970718788,113.61678032528408,1,"POLYGON ((113.61508550123858 22.571609081251747, 113.61508550123858 22.575098860185825, 113.61847514932961 22.575098860185825, 113.61847514932961 22.571609081251747, 113.61508550123858 22.571609081251747))"
303,35.37523085643533,119.53534039130435,1,"POLYGON ((119.53342381509728 35.373501890379465, 119.53342381509728 35.376959822491195, 119.53725696751141 35.376959822491195, 119.53725696751141 35.373501890379465, 119.53342381509728 35.373501890379465))"
304,23.50418096507206,117.11028605833334,1,"POLYGON ((117.10856919915526 23.50255748077948, 117.10856919915526 23.50580444936464, 117.1120029175114 23.50580444936464, 117.1120029175114 23.50255748077948, 117.10856919915526 23.50255748077948))"
305,39.50690238480975,121.31921443562193,2,"POLYGON ((121.31162019767146 39.50373533922957, 121.31122629803117 39.50587759090165, 121.32021427491281 39.51028088214571, 121.3255964411956 39.51028088214571, 121.3255964411956 39.506678787701254, 121.32313912751142 39.50475559704767, 121.31162019767146 39.50373533922957))"
306,23.767861042642238,117.58024463571428,1,"POLYGON ((117.57854960391715 23.763997166405222, 117.57854960391715 23.771724918879247, 117.5819396675114 23.771724918879247, 117.5819396675114 23.763997166405222, 117.57854960391715 23.763997166405222))"
307,30.39312817421638,122.39195002436891,3,"POLYGON ((122.38935243248856 30.388698525339453, 122.38655343248857 30.388863444360563, 122.38655343248857 30.392900767911637, 122.39384203248858 30.398227263283687, 122.39723225322571 30.398227263283687, 122.39723225322571 30.395382573153874, 122.39323030084475 30.388698525339453, 122.38935243248856 30.388698525339453))"
308,21.435227409858925,111.28904225111827,2,"POLYGON ((111.28598546106 21.432270996156475, 111.28598546106 21.435327297370453, 111.28719853248857 21.43815330585771, 111.2920236126727 21.43815330585771, 111.2920236126727 21.433420865157583, 111.28935863417807 21.432270996156475, 111.28598546106 21.432270996156475))"
309,30.58111985523742,121.07028784942065,2,"POLYGON ((121.06583124301488 30.578787163454443, 121.06583124301488 30.58286334800771, 121.071259979857 30.58348103913857, 121.07485073562735 30.58348103913857, 121.07485073562735 30.580515938275195, 121.07286783543593 30.578787163454443, 121.06583124301488 30.578787163454443))"
310,31.956716242399782,120.32929799846156,1,"POLYGON ((120.32616230941167 31.95474899079903, 120.32616230941167 31.958683494000528, 120.33243368751143 31.958683494000528, 120.33243368751143 31.95474899079903, 120.32616230941167 31.95474899079903))"
311,31.893941922163567,120.92034629039168,1,"POLYGON ((120.91861142722543 31.89234670790308, 120.91861142722543 31.895537136424053, 120.92208115355791 31.895537136424053, 120.92208115355791 31.89234670790308, 120.91861142722543 31.89234670790308))"
312,32.227756914635435,119.89442968446176,2,"POLYGON ((119.8934576411842 32.22420906217059, 119.89194260824614 32.22634209528118, 119.89194260824614 32.23123249843436, 119.89610177306695 32.23123249843436, 119.89691737660233 32.22767634991056, 119.89691737660233 32.22420906217059, 119.8934576411842 32.22420906217059))"
313,31.364799581108617,121.60057610568359,3,"POLYGON ((121.60083479811357 31.361697640499035, 121.59723347693303 31.364020428584844, 121.59553515443979 31.365241202752536, 121.59553515443979 31.36802852197983, 121.59885383485835 31.36802852197983, 121.60548583114777 31.365123389730673, 121.60548583114777 31.361697640499035, 121.60083479811357 31.361697640499035))"
314,29.981209437206825,122.04737401820012,2,"POLYGON ((122.04152382036737 29.97908589273485, 122.04152382036737 29.98253207608636, 122.04764140748857 29.983554939240996, 122.05279046751141 29.983554939240996, 122.05279046751141 29.97917879870021, 122.04575624528918 29.97908589273485, 122.04152382036737 29.97908589273485))"
315,29.9747266805543,121.77566071774193,1,"POLYGON ((121.77348596797245 29.973099895507556, 121.77348596797245 29.976353465601044, 121.77783546751141 29.976353465601044, 121.77783546751141 29.973099895507556, 121.77348596797245 29.973099895507556))"
316,32.06780774622121,119.93732016599708,2,"POLYGON ((119.93666069915525 32.06391033704521, 119.93381151074942 32.06866216318215, 119.93381151074942 32.07182232630091, 119.93742290299528 32.07182232630091, 119.94083169478412 32.06752376571047, 119.94083169478412 32.06391033704521, 119.93666069915525 32.06391033704521))"
317,40.07539317044608,120.12088267499999,1,"POLYGON ((120.11563763248857 40.073071446591065, 120.11563763248857 40.07771489430109, 120.1261277175114 40.07771489430109, 120.1261277175114 40.073071446591065, 120.11563763248857 40.073071446591065))"
318,31.993538317427642,120.6755446708297,5,"POLYGON ((120.66345634498856 31.991360364841928, 120.66345634498856 31.99429723131593, 120.67228152479626 31.995039996798237, 120.6800908530014 31.99551295985128, 120.68445403248856 31.99574757339735, 120.68772883417807 31.99574757339735, 120.68772883417807 31.992977139015885, 120.68490411867421 31.99252029885178, 120.6690077175114 31.991360364841928, 120.66345634498856 31.991360364841928))"
319,29.94766003277337,121.9539450051488,1,"POLYGON ((121.95952670377808 29.9454829931963, 121.94864592137743 29.947141059998703, 121.94864592137743 29.94980860806575, 121.95074468592375 29.94980860806575, 121.96006535505127 29.94752260615961, 121.95952670377808 29.9454829931963))"
320,28.087923747212866,121.1382666482558,1,"POLYGON ((121.13575028248856 28.085141115946715, 121.13575028248856 28.09070637847902, 121.14078301402303 28.09070637847902, 121.14078301402303 28.085141115946715, 121.13575028248856 28.085141115946715))"
321,31.6910069334477,121.14971994312168,1,"POLYGON ((121.1477623473034 31.689488048983755, 121.1477623473034 31.692525817911637, 121.15167753893996 31.692525817911637, 121.15167753893996 31.689488048983755, 121.1477623473034 31.689488048983755))"
322,40.792287619089585,121.02107488686313,1,"POLYGON ((121.0192706698512 40.7910271594259, 121.0192706698512 40.79354807875326, 121.02287910387504 40.79354807875326, 121.02287910387504 40.7910271594259, 121.0192706698512 40.7910271594259))"
323,31.771791864734304,120.95955995967739,1,"POLYGON ((120.95768553248855 31.770314720062395, 120.95768553248855 31.773269009406214, 120.96143438686624 31.773269009406214, 120.96143438686624 31.770314720062395, 120.95768553248855 31.770314720062395))"
324,32.01725735291606,120.76777043009118,1,"POLYGON ((120.76598760695666 32.01582055515474, 120.76598760695666 32.01869415067737, 120.7695532532257 32.01869415067737, 120.7695532532257 32.01582055515474, 120.76598760695666 32.01582055515474))"
325,21.712219625235242,108.5916917147059,1,"POLYGON ((108.5893384324886 21.709941616773612, 108.5893384324886 21.714497633696876, 108.59404499692317 21.714497633696876, 108.59404499692317 21.709941616773612, 108.5893384324886 21.709941616773612))"
326,29.890466547723456,122.06815992639746,1,"POLYGON ((122.06581002942306 29.886149680889012, 122.06622993140022 29.89301059118436, 122.0710296126727 29.89301059118436, 122.0710296126727 29.89038571835921, 122.06581002942306 29.886149680889012))"
327,27.183002265173315,120.38634225227273,1,"POLYGON ((120.38407748703402 27.180608351823107, 120.38407748703402 27.185396178523522, 120.38860701751143 27.185396178523522, 120.38860701751143 27.180608351823107, 120.38407748703402 27.180608351823107))"
328,37.567279395603016,121.3822485668728,2,"POLYGON ((121.383026310269 37.564464252199386, 121.37395628248859 37.56654978174475, 121.37395628248859 37.56920013446873, 121.38502769915524 37.569225980690675, 121.39009230084476 37.569225980690675, 121.39009230084476 37.56617948894271, 121.383026310269 37.564464252199386))"
329,37.42047190782681,122.65725403576253,3,"POLYGON ((122.65408257794311 37.41609156243685, 122.65356103248857 37.42091249359269, 122.65356103248857 37.42380914542014, 122.65700403248857 37.423864544470035, 122.6618077623832 37.423864544470035, 122.6618077623832 37.42092542714782, 122.65755052306696 37.41609156243685, 122.65408257794311 37.41609156243685))"
330,23.56286933521197,117.12187174615839,1,"POLYGON ((117.12012872693302 23.561378003141762, 117.12012872693302 23.564360667282184, 117.12361476538375 23.564360667282184, 117.12361476538375 23.561378003141762, 117.12012872693302 23.561378003141762))"
331,32.12377149796545,121.47526846157376,2,"POLYGON ((121.47338748963143 32.12155705439562, 121.47338748963143 32.12444002094888, 121.47381360656266 32.125972018891915, 121.47716336036855 32.125972018891915, 121.47716336036855 32.12313794590013, 121.47666283985183 32.12155705439562, 121.47338748963143 32.12155705439562))"
332,22.92430261735186,113.56678137572752,1,"POLYGON ((113.56506067351421 22.922345363177573, 113.56506067351421 22.92625987152615, 113.56850207794085 22.92625987152615, 113.56850207794085 22.922345363177573, 113.56506067351421 22.922345363177573))"
333,35.20837581588248,119.40112719197117,1,"POLYGON ((119.3976314462817 35.206962827274666, 119.3976314462817 35.2097888044903, 119.40462293766066 35.2097888044903, 119.40462293766066 35.206962827274666, 119.3976314462817 35.206962827274666))"
334,22.469884367381503,113.90297564540737,2,"POLYGON ((113.90087740748858 22.466628964719806, 113.90087740748858 22.469924090856715, 113.90093146669912 22.473001116876603, 113.90517840124636 22.473001116876603, 113.90517840124636 22.468824701153512, 113.90442981751141 22.466628964719806, 113.90087740748858 22.466628964719806))"
335,28.18684016641819,121.11268681266233,1,"POLYGON ((121.11085208963142 28.184996656127147, 121.11085208963142 28.18868367670923, 121.11452153569323 28.18868367670923, 121.11452153569323 28.184996656127147, 121.11085208963142 28.184996656127147))"
336,39.60184183911816,122.9598047117551,2,"POLYGON ((122.96022328248857 39.597262067074084, 122.95418470556548 39.60245849388606, 122.95418470556548 39.60562330492363, 122.9625544362614 39.60562330492363, 122.96453325698509 39.60114554457039, 122.96453325698509 39.597262067074084, 122.96022328248857 39.597262067074084))"
337,35.999391685892874,120.19241267177976,3,"POLYGON ((120.18701303248858 35.997181689904636, 120.18701303248858 35.999983915312754, 120.18793681297637 36.00156487242068, 120.19137688417807 36.00156487242068, 120.19823465501142 36.00110508421455, 120.19823465501142 35.99785937670116, 120.19036331126141 35.997181689904636, 120.18701303248858 35.997181689904636))"
338,31.345938670188964,121.53443090998469,3,"POLYGON ((121.53982975341881 31.34248867571685, 121.52638796304413 31.345745191962052, 121.52638796304413 31.349369370341694, 121.53089202205688 31.349369370341694, 121.5378405275114 31.347139836408335, 121.54306949178324 31.345284317740415, 121.54306949178324 31.34248867571685, 121.53982975341881 31.34248867571685))"
339,31.989621683319097,120.64342942057223,2,"POLYGON ((120.63917301733707 31.988106114574876, 120.63917301733707 31.991113046944033, 120.64541076616914 31.991113046944033, 120.64775950492636 31.991091117171013, 120.64775950492636 31.98831252297736, 120.64541076616914 31.988106114574876, 120.63917301733707 31.988106114574876))"
340,30.74286945035574,121.41774050320512,1,"POLYGON ((121.41606728889884 30.741431164406457, 121.41606728889884 30.74430773630503, 121.4194137175114 30.74430773630503, 121.4194137175114 30.741431164406457, 121.41606728889884 30.741431164406457))"
341,25.17281908419915,118.979339375,1,"POLYGON ((118.97748828248857 25.170771081808702, 118.97748828248857 25.174867086589604, 118.98119046751141 25.174867086589604, 118.98119046751141 25.170771081808702, 118.97748828248857 25.170771081808702))"
342,22.177654278983987,113.09670196405227,1,"POLYGON ((113.09494707170427 22.176098539473013, 113.09494707170427 22.179210018494956, 113.09845685640029 22.179210018494956, 113.09845685640029 22.176098539473013, 113.09494707170427 22.176098539473013))"
343,22.209649702310024,113.0977879774436,1,"POLYGON ((113.09615955880437 22.208130992046456, 113.09615955880437 22.21116841257359, 113.09941639608284 22.21116841257359, 113.09941639608284 22.208130992046456, 113.09615955880437 22.208130992046456))"
344,21.597956611083042,108.38572403080174,3,"POLYGON ((108.38209374677429 21.593687681010604, 108.38209374677429 21.596717249754647, 108.38374887807682 21.5992355174551, 108.38578762508118 21.60219752239702, 108.3892752532257 21.60219752239702, 108.3892752532257 21.598657686604934, 108.38720424023867 21.595963900451814, 108.38537354645877 21.593687681010604, 108.38209374677429 21.593687681010604))"
345,22.477493904259795,113.87982321001378,2,"POLYGON ((113.87645568248857 22.47523445754655, 113.87645568248857 22.479685027221258, 113.88040371751141 22.479685027221258, 113.88357003893998 22.479161259063314, 113.88357003893998 22.476119992100642, 113.88040371751141 22.47523445754655, 113.87645568248857 22.47523445754655))"
346,38.96468331886863,121.81357010199557,1,"POLYGON ((121.81133857794312 38.96290646012809, 121.81133857794312 38.96646017760917, 121.81580162604799 38.96646017760917, 121.81580162604799 38.96290646012809, 121.81133857794312 38.96290646012809))"
347,28.699871934826316,121.43469354999999,1,"POLYGON ((121.4330280324886 28.698399144750258, 121.4330280324886 28.701344724902373, 121.4363590675114 28.701344724902373, 121.4363590675114 28.698399144750258, 121.4330280324886 28.698399144750258))"
348,29.04519760854177,121.64059735110473,2,"POLYGON ((121.6360797824886 29.04134416016359, 121.6360797824886 29.04516162299445, 121.64109805846262 29.049053990713517, 121.64515167004305 29.049053990713517, 121.64515167004305 29.045404760465008, 121.6402479675114 29.04134416016359, 121.6360797824886 29.04134416016359))"
349,36.87270926883436,122.4468152009804,1,"POLYGON ((122.44277353248859 36.870408565594296, 122.44277353248859 36.87500997207443, 122.45085686947219 36.87500997207443, 122.45085686947219 36.870408565594296, 122.44277353248859 36.870408565594296))"
350,37.789731703348096,120.63301505936833,1,"POLYGON ((120.63782655780123 37.786644177158806, 120.62829624677428 37.78933045770275, 120.62829624677428 37.791727282797886, 120.63572195883442 37.791727282797886, 120.63782655780123 37.786644177158806))"
351,30.068226382855983,121.89414403846153,1,"POLYGON ((121.89240110941165 30.066700309395866, 121.89240110941165 30.069752456316106, 121.89588696751142 30.069752456316106, 121.89588696751142 30.066700309395866, 121.89240110941165 30.066700309395866))"
352,32.248985486251726,119.69257240588233,1,"POLYGON ((119.69077343248856 32.24738875656317, 119.69077343248856 32.250582215940284, 119.69437137927609 32.250582215940284, 119.69437137927609 32.24738875656317, 119.69077343248856 32.24738875656317))"
353,31.925108272185255,120.21029581424035,2,"POLYGON ((120.20617239498857 31.923337638757793, 120.20617239498857 31.92617202942386, 120.21112336582192 31.92687311896068, 120.2144339675114 31.92687311896068, 120.2144339675114 31.92407260972603, 120.20954344828064 31.923337638757793, 120.20617239498857 31.923337638757793))"
354,40.05369549772939,120.02499234405938,1,"POLYGON ((120.02319572060739 40.05240643206574, 120.02319572060739 40.05498456339306, 120.02678896751141 40.05498456339306, 120.02678896751141 40.05240643206574, 120.02319572060739 40.05240643206574))"
355,32.27343398478124,119.70672703957138,4,"POLYGON ((119.70285713248856 32.26750595958106, 119.70285713248856 32.27043531688195, 119.70289985067039 32.27309941203282, 119.70697112339765 32.27959998786491, 119.71048266371393 32.27959998786491, 119.71048266371393 32.27564498348985, 119.70989196751141 32.272438283900556, 119.70830236751141 32.269407879146776, 119.7062448675114 32.26750595958106, 119.70285713248856 32.26750595958106))"
356,31.676195292995722,121.17895810968294,2,"POLYGON ((121.17848232794313 31.67397361176772, 121.1759580627916 31.675507219305445, 121.1759580627916 31.678404639270852, 121.17950695056226 31.678404639270852, 121.1819458532257 31.676890686707626, 121.1819458532257 31.67397361176772, 121.17848232794313 31.67397361176772))"
357,39.978957056588875,119.83222732289836,8,"POLYGON ((119.83243631820285 39.971114961285416, 119.82448974677428 39.974509951408635, 119.82448974677428 39.97737357981255, 119.82942086582189 39.988034397244384, 119.83317671751139 39.988034397244384, 119.83641294142443 39.98654204195606, 119.83931684663227 39.97526241455783, 119.83931684663227 39.972555935461955, 119.83569696751144 39.971114961285416, 119.83243631820285 39.971114961285416))"
358,31.997600128337343,119.99934230345896,3,"POLYGON ((119.99951646727118 31.99372620021619, 119.99715870640162 31.995638801622377, 119.99535386347448 31.998651171623674, 119.99535386347448 32.00159044987078, 119.99868683318306 32.00159044987078, 120.00153696751144 31.99943335016472, 120.00334048179711 31.997003060420674, 120.00334048179711 31.99372620021619, 119.99951646727118 31.99372620021619))"
359,31.68384643812514,121.1632885681063,1,"POLYGON ((121.16157431155834 31.682433285674886, 121.16157431155834 31.6852595905754, 121.16500282465427 31.6852595905754, 121.16500282465427 31.682433285674886, 121.16157431155834 31.682433285674886))"
360,37.44011820191936,120.02005617159294,1,"POLYGON ((120.01842760530411 37.438770755467075, 120.01842760530411 37.44146564837164, 120.02168473788177 37.44146564837164, 120.02168473788177 37.438770755467075, 120.01842760530411 37.438770755467075))"
361,29.78698607430372,122.08486015346547,1,"POLYGON ((122.08261350375295 29.782120599100683, 122.08261350375295 29.783647543624692, 122.08417098485664 29.79204388077726, 122.08731093276245 29.79161475760717, 122.08562652323785 29.782120599100683, 122.08261350375295 29.782120599100683))"
362,28.273873549008385,121.55653675606061,1,"POLYGON ((121.55276907794314 28.271840596324623, 121.55276907794314 28.275906501692152, 121.56030443417808 28.275906501692152, 121.56030443417808 28.271840596324623, 121.55276907794314 28.271840596324623))"
363,28.386682738438278,121.65871524999999,1,"POLYGON ((121.65635903248857 28.385109746558474, 121.65635903248857 28.388255730318082, 121.66107146751142 28.388255730318082, 121.66107146751142 28.385109746558474, 121.65635903248857 28.385109746558474))"
364,39.04750738068681,117.77017328282828,1,"POLYGON ((117.76577814359968 39.04516819398281, 117.76577814359968 39.0498465673908, 117.77456842205686 39.0498465673908, 117.77456842205686 39.04516819398281, 117.76577814359968 39.04516819398281))"
365,31.97760669802348,120.44751786561865,1,"POLYGON ((120.4442770913121 31.974528951479282, 120.4442770913121 31.980684444567682, 120.4507586399252 31.980684444567682, 120.4507586399252 31.974528951479282, 120.4442770913121 31.974528951479282))"
366,29.997157346640726,122.07959807969951,1,"POLYGON ((122.0776401529705 29.9956699838286, 122.0776401529705 29.998644709452854, 122.0815560064285 29.998644709452854, 122.0815560064285 29.9956699838286, 122.0776401529705 29.9956699838286))"
367,39.08142103925276,118.49388034101317,2,"POLYGON ((118.49455803248857 39.078861593190155, 118.48885378248856 39.08068110333866, 118.48885378248856 39.0840067998521, 118.49370430084474 39.0840067998521, 118.4990397675114 39.081822676460256, 118.4990397675114 39.078861593190155, 118.49455803248857 39.078861593190155))"
368,30.01828298950941,122.07224183333332,1,"POLYGON ((122.07061469915526 30.016839912624807, 122.07061469915526 30.019726066394004, 122.07386896751142 30.019726066394004, 122.07386896751142 30.016839912624807, 122.07061469915526 30.016839912624807))"
369,38.80950816105748,121.13545884635963,1,"POLYGON ((121.13523142684186 38.80741660313621, 121.13046935118837 38.81194441066414, 121.1386232075114 38.810303245079325, 121.1386232075114 38.80741660313621, 121.13523142684186 38.80741660313621))"
370,32.08179586213082,121.62969725141244,1,"POLYGON ((121.62725720198011 32.080252278904425, 121.62725720198011 32.08333944535721, 121.63213730084475 32.08333944535721, 121.63213730084475 32.080252278904425, 121.62725720198011 32.080252278904425))"
371,30.101414792708127,121.86908184113709,1,"POLYGON ((121.86684980171933 30.099819839233565, 121.86684980171933 30.10300974618269, 121.87131388055488 30.10300974618269, 121.87131388055488 30.099819839233565, 121.86684980171933 30.099819839233565))"
372,21.610672995998,108.32794321153108,2,"POLYGON ((108.32547836582191 21.605890730647495, 108.32547836582191 21.609603451391397, 108.32717822479628 21.615485100871336, 108.33044003600456 21.615485100871336, 108.33044003600456 21.612442427075763, 108.3288487675114 21.605890730647495, 108.32547836582191 21.605890730647495))"
373,39.040859000240665,118.36290005907989,3,"POLYGON ((118.36080092307607 39.0385298259765, 118.35865471998859 39.038838170167054, 118.35759111198279 39.04336619695975, 118.3657965675114 39.04289463978737, 118.36822936081836 39.0418553071706, 118.36822936081836 39.03933873233035, 118.3657965675114 39.0385298259765, 118.36080092307607 39.0385298259765))"
374,21.59381299741428,108.32944645798318,1,"POLYGON ((108.327084856018 21.590182747971145, 108.327084856018 21.597443246857416, 108.33180805994839 21.597443246857416, 108.33180805994839 21.590182747971145, 108.327084856018 21.590182747971145))"
375,37.41728001845217,119.94878816943263,3,"POLYGON ((119.94577658804414 37.412351013450404, 119.94534846286834 37.420866864118196, 119.94534846286834 37.42359911330793, 119.94884203893996 37.42359911330793, 119.95335714608284 37.4153767900229, 119.95335714608284 37.412351013450404, 119.94577658804414 37.412351013450404))"
376,22.782475572123943,115.92832993378994,1,"POLYGON ((115.92669736582191 22.780965588256006, 115.92669736582191 22.783985555991883, 115.92996250175798 22.783985555991883, 115.92996250175798 22.780965588256006, 115.92669736582191 22.780965588256006))"
377,22.817346345089597,113.57350180769231,1,"POLYGON ((113.57185403248856 22.815731224152543, 113.57185403248856 22.818961466026646, 113.57514958289605 22.818961466026646, 113.57514958289605 22.815731224152543, 113.57185403248856 22.815731224152543))"
378,21.92751407033344,113.21680426555024,1,"POLYGON ((113.21445092722541 21.925190044758097, 113.21445092722541 21.929838095908785, 113.21915760387505 21.929838095908785, 113.21915760387505 21.925190044758097, 113.21445092722541 21.925190044758097))"
379,31.75622043541359,121.1801578304265,3,"POLYGON ((121.1802781753457 31.75045701036974, 121.17545978248856 31.757172914295744, 121.17545978248856 31.760945253358162, 121.18016830084473 31.760945253358162, 121.18326320560662 31.760350928393613, 121.18398024692316 31.754498792460765, 121.18398024692316 31.75045701036974, 121.1802781753457 31.75045701036974))"
380,31.388342198166384,121.60933328999998,1,"POLYGON ((121.60767631248856 31.386846952874752, 121.60767631248856 31.38983744345802, 121.61099026751141 31.38983744345802, 121.61099026751141 31.386846952874752, 121.60767631248856 31.386846952874752))"
381,32.242347140848736,119.68690551875,1,"POLYGON ((119.68508053248856 32.24064040495302, 119.68508053248856 32.24405387674444, 119.6887305050114 32.24405387674444, 119.6887305050114 32.24064040495302, 119.68508053248856 32.24064040495302))"
382,29.89159687069824,122.0001204017857,1,"POLYGON ((121.99782546105999 29.889532023500646, 121.99782546105999 29.893661717895835, 122.00241534251141 29.893661717895835, 122.00241534251141 29.889532023500646, 121.99782546105999 29.889532023500646))"
383,37.819271254555154,120.83854185630841,4,"POLYGON ((120.83692401230991 37.81463226920483, 120.82851849675784 37.81613400768279, 120.82888615788667 37.81790457260647, 120.83719246106001 37.823337564889535, 120.84033256440345 37.823937336984564, 120.84618201513044 37.823937336984564, 120.84667021751142 37.82191653684999, 120.84667021751142 37.81875755778056, 120.8387337275114 37.81463226920483, 120.83692401230991 37.81463226920483))"
384,31.75226864984722,121.19343074285713,1,"POLYGON ((121.19169731820288 31.75051278590393, 121.19169731820288 31.75402451379051, 121.1951641675114 31.75402451379051, 121.1951641675114 31.75051278590393, 121.19169731820288 31.75051278590393))"
385,39.11003496315386,118.5502387423913,1,"POLYGON ((118.54715708248857 39.10821014156883, 118.54715708248857 39.11185978473889, 118.55332040229402 39.11185978473889, 118.55332040229402 39.10821014156883, 118.54715708248857 39.10821014156883))"
386,36.09753011994431,120.3236633861709,4,"POLYGON ((120.31788650471081 36.094198544086986, 120.31788650471081 36.09769090375922, 120.32282048703401 36.10172480890684, 120.3265470925114 36.10172480890684, 120.328852402294 36.099114866797684, 120.328852402294 36.09585258184358, 120.32826130084474 36.09431919224671, 120.32176216751141 36.094198544086986, 120.31788650471081 36.094198544086986))"
387,26.46877293607159,119.67140183654578,2,"POLYGON ((119.67068303248857 26.466290755088053, 119.66857803248858 26.46686826235184, 119.66857803248858 26.47136732426302, 119.67233234251141 26.47136732426302, 119.67436021751139 26.469956467010416, 119.67436021751139 26.466290755088053, 119.67068303248857 26.466290755088053))"
388,22.902273891492275,113.56569460000003,1,"POLYGON ((113.5634636324886 22.90075448959193, 113.5634636324886 22.903793293392624, 113.56792556751142 22.903793293392624, 113.56792556751142 22.90075448959193, 113.5634636324886 22.90075448959193))"
389,21.718690802661115,108.58526304398147,1,"POLYGON ((108.58337165748856 21.716775935408624, 108.58337165748856 21.72060566991361, 108.58715443047437 21.72060566991361, 108.58715443047437 21.716775935408624, 108.58337165748856 21.716775935408624))"
390,22.69533681452161,114.56193854672789,2,"POLYGON ((114.56277631937382 22.693123965029294, 114.55770592137745 22.69398356182041, 114.55770592137745 22.697392350638683, 114.56467824528919 22.697392350638683, 114.56603529058833 22.696128510554555, 114.56603529058833 22.693123965029294, 114.56277631937382 22.693123965029294))"
391,32.017170191168766,120.6057882076439,2,"POLYGON ((120.60682283248856 32.014178706122124, 120.6016288551836 32.016721494166546, 120.6016288551836 32.0200928695192, 120.60582216751139 32.0200928695192, 120.61006184251141 32.01697862249952, 120.61006184251141 32.014178706122124, 120.60682283248856 32.014178706122124))"
392,30.11327484635492,121.94980746616358,2,"POLYGON ((121.94966794915523 30.109359095643256, 121.94538328248858 30.113547279941304, 121.94538328248858 30.117384935523287, 121.94962669478413 30.117384935523287, 121.95451136751142 30.112442422173448, 121.95451136751142 30.109359095643256, 121.94966794915523 30.109359095643256))"
393,29.637564025665377,121.94291089663152,3,"POLYGON ((121.94058049915523 29.633971516332707, 121.9357281795474 29.638700684552827, 121.9357281795474 29.641542228344015, 121.93898854084473 29.641542228344015, 121.9505734675114 29.638228250226156, 121.9505734675114 29.63500295294833, 121.94439319743842 29.633971516332707, 121.94058049915523 29.633971516332707))"
394,22.707746686022272,114.58515732947964,2,"POLYGON ((114.58219653248858 22.70611852731704, 114.58219653248858 22.709324257039306, 114.58494203248858 22.70933003727937, 114.58818021751142 22.70933003727937, 114.58818021751142 22.70633643994738, 114.58556596751141 22.70611852731704, 114.58219653248858 22.70611852731704))"
395,29.516106403624377,121.66399150088047,1,"POLYGON ((121.66230541560549 29.51464643203952, 121.66230541560549 29.51756637520923, 121.66567758615545 29.51756637520923, 121.66567758615545 29.51464643203952, 121.66230541560549 29.51464643203952))"
396,21.583879535380873,109.58957025,1,"POLYGON ((109.58746819915523 21.582157404140208, 109.58746819915523 21.585601666621532, 109.59167230084475 21.585601666621532, 109.59167230084475 21.582157404140208, 109.58746819915523 21.582157404140208))"
397,39.010220230231276,118.45516116225959,1,"POLYGON ((118.4534632632578 39.00834385209109, 118.4534632632578 39.012096608371465, 118.45685906126141 39.012096608371465, 118.45685906126141 39.00834385209109, 118.4534632632578 39.00834385209109))"
398,26.78021627671332,119.71813481612317,1,"POLYGON ((119.71622420640162 26.77831853446092, 119.71622420640162 26.78211401896571, 119.72004542584473 26.78211401896571, 119.72004542584473 26.77831853446092, 119.71622420640162 26.77831853446092))"
399,27.49049247733321,120.6735953797204,2,"POLYGON ((120.67416373619228 27.488566141061888, 120.66973086765341 27.489501418045116, 120.66973086765341 27.492425865526204, 120.67301110084475 27.492425865526204, 120.6774708175114 27.491466351193267, 120.6774708175114 27.488566141061888, 120.67416373619228 27.488566141061888))"
400,31.94753477975656,120.1293247328186,3,"POLYGON ((120.12696943248855 31.94442531354646, 120.12582986582193 31.947264122603976, 120.12582986582193 31.950524315865398, 120.12916766751141 31.950524315865398, 120.13280821751138 31.949990261936257, 120.13280821751138 31.946972951589196, 120.13218778001139 31.94442531354646, 120.12696943248855 31.94442531354646))"
401,31.43287157238887,121.4704312368421,1,"POLYGON ((121.4672187561728 31.42994803677691, 121.4672187561728 31.435795108000836, 121.47364371751141 31.435795108000836, 121.47364371751141 31.42994803677691, 121.4672187561728 31.42994803677691))"
402,39.82884450872199,124.15913771858104,2,"POLYGON ((124.1570716753457 39.82472673995322, 124.1570716753457 39.828552667120675, 124.15758374677429 39.83292676742834, 124.1612242175114 39.83292676742834, 124.1612242175114 39.828987655540814, 124.16060761457022 39.82472673995322, 124.1570716753457 39.82472673995322))"
403,26.138175814042203,119.60400917424244,1,"POLYGON ((119.60190971430676 26.136507699354254, 119.60190971430676 26.139843928730166, 119.60610863417807 26.139843928730166, 119.60610863417807 26.136507699354254, 119.60190971430676 26.136507699354254))"
404,24.839026884652938,118.93370621296297,1,"POLYGON ((118.9320589584145 24.837545356766594, 118.9320589584145 24.84050841253929, 118.93535346751142 24.84050841253929, 118.93535346751142 24.837545356766594, 118.9320589584145 24.837545356766594))"
405,26.288018459242775,119.87092753124999,1,"POLYGON ((119.86926303248856 26.28653293877407, 119.86926303248856 26.28950397971148, 119.8725920300114 26.28950397971148, 119.8725920300114 26.28653293877407, 119.86926303248856 26.28653293877407))"
406,22.2232243217993,113.3842483625,1,"POLYGON ((113.38240915748857 22.221395300246144, 113.38240915748857 22.225053343352457, 113.38608756751142 22.225053343352457, 113.38608756751142 22.221395300246144, 113.38240915748857 22.221395300246144))"
407,31.66848812296831,121.85194719999998,1,"POLYGON ((121.84999203248857 31.667100455280746, 121.84999203248857 31.669875790655865, 121.8539023675114 31.669875790655865, 121.8539023675114 31.667100455280746, 121.84999203248857 31.667100455280746))"
408,36.37456036006502,120.87197831249999,1,"POLYGON ((120.87027640748857 36.3730170720326, 120.87027640748857 36.37610364809745, 120.8736802175114 36.37610364809745, 120.8736802175114 36.3730170720326, 120.87027640748857 36.3730170720326))"
409,24.8626258348628,118.8838026337719,1,"POLYGON ((118.88214288336576 24.861148834068608, 118.88214288336576 24.864102835656993, 118.88546238417806 24.864102835656993, 118.88546238417806 24.861148834068608, 118.88214288336576 24.861148834068608))"
410,32.02334454842013,120.63608957267662,2,"POLYGON ((120.63303046106003 32.02097791151434, 120.63303046106003 32.025661330073255, 120.63733175917808 32.025661330073255, 120.63926378569323 32.02549188040329, 120.63926378569323 32.021495838333394, 120.63733175917808 32.02097791151434, 120.63303046106003 32.02097791151434))"
411,22.144944852713188,113.09989577272727,1,"POLYGON ((113.09813712339768 22.143169209139952, 113.09813712339768 22.14672049628643, 113.10165442205687 22.14672049628643, 113.10165442205687 22.143169209139952, 113.09813712339768 22.143169209139952))"
412,32.013994805691574,120.63248794934374,2,"POLYGON ((120.62987518400374 32.011255441124085, 120.62987518400374 32.01409639895491, 120.63136137095012 32.01671188695551, 120.63507206053467 32.01671188695551, 120.63507206053467 32.01328101961494, 120.63320545027001 32.011255441124085, 120.62987518400374 32.011255441124085))"
413,38.18167261938419,118.0792879385404,5,"POLYGON ((118.07179623248858 38.16751231066669, 118.07179623248858 38.171350274820384, 118.07852753248858 38.19333976095232, 118.08671496751141 38.19333976095232, 118.08671496751141 38.185696056424305, 118.07583267339378 38.16751231066669, 118.07179623248858 38.16751231066669))"
414,39.38450679067566,121.74631822391802,2,"POLYGON ((121.74518435506924 39.38112558807693, 121.74038903248858 39.38381306953336, 121.74038903248858 39.38784031406153, 121.74745913417807 39.38784031406153, 121.75214082465426 39.38546475660261, 121.75214082465426 39.38112558807693, 121.74518435506924 39.38112558807693))"
415,39.27280087594431,121.57640476808233,3,"POLYGON ((121.57020936582188 39.26864250971138, 121.57020936582188 39.27152179454955, 121.57037003248858 39.27455059758423, 121.57986887248857 39.27653386500933, 121.58369481366528 39.27653386500933, 121.58369481366528 39.27381012583524, 121.57910753893998 39.27032745647683, 121.57365930084475 39.26864250971138, 121.57020936582188 39.26864250971138))"
416,37.58084313237254,121.38880636468626,3,"POLYGON ((121.39020991560545 37.57612666227815, 121.38322450867906 37.58203124507128, 121.38322450867906 37.58464047731117, 121.38618709915524 37.58471884739076, 121.39045069478414 37.58471884739076, 121.39371112540614 37.57875432549025, 121.39371112540614 37.57612666227815, 121.39020991560545 37.57612666227815))"
417,37.421608331449335,122.63812814292467,2,"POLYGON ((122.63408536582193 37.41895012660691, 122.63408536582193 37.42165139075851, 122.6377850152472 37.42425644809358, 122.64205222838098 37.42425644809358, 122.64205222838098 37.42100191541607, 122.63771246751143 37.41895012660691, 122.63408536582193 37.41895012660691))"
418,31.695526897539356,121.1732618859649,1,"POLYGON ((121.17085813775174 31.69398134087722, 121.17085813775174 31.697072454201496, 121.17566563417807 31.697072454201496, 121.17566563417807 31.69398134087722, 121.17085813775174 31.69398134087722))"
419,30.11338017948217,121.97329663337379,2,"POLYGON ((121.97278557794311 30.109693270017214, 121.9704536688522 30.114265540111475, 121.9704536688522 30.11709372412974, 121.97372739608282 30.11709372412974, 121.97614982328064 30.11256240643958, 121.97614982328064 30.109693270017214, 121.97278557794311 30.109693270017214))"
420,29.929255902863485,121.98880573164398,2,"POLYGON ((121.98937280776947 29.926191644597615, 121.98538555959385 29.928526462112153, 121.98486919666423 29.93225325630506, 121.9891238521268 29.93225325630506, 121.99262368973362 29.929019511984038, 121.99262368973362 29.926191644597615, 121.98937280776947 29.926191644597615))"
421,30.156980987395286,122.07920272352938,1,"POLYGON ((122.07693567954739 30.155392872818954, 122.07693567954739 30.158569101971615, 122.08146976751141 30.158569101971615, 122.08146976751141 30.155392872818954, 122.07693567954739 30.155392872818954))"
422,29.96227915036696,121.80487788519812,1,"POLYGON ((121.80322362339767 29.96083076255193, 121.80322362339767 29.963727538182, 121.80653214699858 29.963727538182, 121.80653214699858 29.96083076255193, 121.80322362339767 29.96083076255193))"
423,38.957489426417894,117.76065206136363,1,"POLYGON ((117.75846163248856 38.95599907369936, 117.75846163248856 38.958979779136435, 117.76284249023868 38.958979779136435, 117.76284249023868 38.95599907369936, 117.75846163248856 38.95599907369936))"
424,31.38007503065088,121.56486015758675,1,"POLYGON ((121.56277000867905 31.37846723703921, 121.56277000867905 31.381682824262555, 121.56695030649445 31.381682824262555, 121.56695030649445 31.37846723703921, 121.56277000867905 31.37846723703921))"
425,29.755942328514916,122.0625851547619,1,"POLYGON ((122.06066669915526 29.754034290224258, 122.06066669915526 29.75785036680558, 122.06450361036855 29.75785036680558, 122.06450361036855 29.754034290224258, 122.06066669915526 29.754034290224258))"
426,29.948110148068643,121.96817554042508,2,"POLYGON ((121.97040737529665 29.939830725465647, 121.96953619062982 29.93985442405002, 121.96404799702951 29.94504127114757, 121.96529622878144 29.95536837417156, 121.96878284702946 29.95536837417156, 121.97218692121511 29.950575104210834, 121.97218692121511 29.948372955621924, 121.97040737529665 29.939830725465647))"
427,40.20128848873138,121.96143471714092,1,"POLYGON ((121.95975039359969 40.20003378405584, 121.95975039359969 40.20254319340692, 121.96311904068213 40.20254319340692, 121.96311904068213 40.20003378405584, 121.95975039359969 40.20003378405584))"
428,32.06946786964201,120.52563775324674,1,"POLYGON ((120.52395562989118 32.06806594476236, 120.52395562989118 32.070869794521656, 120.5273198766023 32.070869794521656, 120.5273198766023 32.06806594476236, 120.52395562989118 32.06806594476236))"
429,35.57348195629814,119.77332212311474,2,"POLYGON ((119.76968812339766 35.571090248207284, 119.76968812339766 35.57431357111575, 119.77258339868578 35.5758956641882, 119.77692623281753 35.5758956641882, 119.77692623281753 35.57259874445204, 119.77416232465426 35.571090248207284, 119.76968812339766 35.571090248207284))"
430,30.68335179413335,121.28569301045557,1,"POLYGON ((121.2835502072459 30.68171766812754, 121.2835502072459 30.68498592013917, 121.28783581366528 30.68498592013917, 121.28783581366528 30.68171766812754, 121.2835502072459 30.68171766812754))"
431,37.44217070666153,121.58054801783192,1,"POLYGON ((121.57795967832193 37.44069716629559, 121.57795967832193 37.443644247027464, 121.58313635734191 37.443644247027464, 121.58313635734191 37.44069716629559, 121.57795967832193 37.44069716629559))"
432,37.253943806845975,119.86465513481104,1,"POLYGON ((119.86198402086066 37.252562834285705, 119.86198402086066 37.255324779406244, 119.86732624876142 37.255324779406244, 119.86732624876142 37.252562834285705, 119.86198402086066 37.252562834285705))"
433,36.01632913783456,120.21352687136395,2,"POLYGON ((120.20845462072387 36.01064691564309, 120.20845462072387 36.01404740567242, 120.21159103248856 36.02188158769298, 120.21818119667809 36.02188158769298, 120.21818119667809 36.01406666898209, 120.21261607277457 36.01064691564309, 120.20845462072387 36.01064691564309))"
434,37.59689144823451,121.38327587129129,2,"POLYGON ((121.3789182467743 37.59450527033394, 121.3789182467743 37.59787133286686, 121.38452360391713 37.599292889818344, 121.38782496751143 37.599292889818344, 121.38782496751143 37.596650132451146, 121.38372157277458 37.59450527033394, 121.3789182467743 37.59450527033394))"
435,37.782969631365376,120.62836258083489,2,"POLYGON ((120.62377726474665 37.78116919815673, 120.62377726474665 37.78416504857783, 120.6260663401809 37.784612645429526, 120.63321169724115 37.784612645429526, 120.63321169724115 37.7819081341001, 120.62742570664184 37.78116919815673, 120.62377726474665 37.78116919815673))"
436,35.912955872907034,120.1381228,1,"POLYGON ((120.13602043248856 35.910664376322906, 120.13602043248856 35.91524736949117, 120.1402251675114 35.91524736949117, 120.1402251675114 35.910664376322906, 120.13602043248856 35.910664376322906))"
437,38.81724190977373,121.13278070496892,1,"POLYGON ((121.13055072814073 38.81585997363803, 121.13055072814073 38.81862384590943, 121.13501068179713 38.81862384590943, 121.13501068179713 38.81585997363803, 121.13055072814073 38.81585997363803))"
438,37.276429683272326,118.98650697604174,2,"POLYGON ((118.98223306582189 37.27414818090502, 118.98223306582189 37.276992768508315, 118.98596575776328 37.278676862905144, 118.99073580357697 37.278676862905144, 118.99073580357697 37.27552593119359, 118.9859883425114 37.27414818090502, 118.98223306582189 37.27414818090502))"
439,29.62196515357451,121.75875251474201,1,"POLYGON ((121.75712530521584 29.62055862415072, 121.75712530521584 29.623371682998304, 121.76037972426818 29.623371682998304, 121.76037972426818 29.62055862415072, 121.75712530521584 29.62055862415072))"
440,27.97535937498932,120.84821693210094,1,"POLYGON ((120.84651441393189 27.973862460574036, 120.84651441393189 27.9768562894046, 120.84991945027001 27.9768562894046, 120.84991945027001 27.973862460574036, 120.84651441393189 27.973862460574036))"
441,26.74863207444024,119.6136758974359,1,"POLYGON ((119.6101913658219 26.746881926625203, 119.6101913658219 26.75038222225529, 119.61716042904986 26.75038222225529, 119.61716042904986 26.746881926625203, 119.6101913658219 26.746881926625203))"
442,30.84361282286298,121.84291738749998,1,"POLYGON ((121.84128309915526 30.842195043248744, 121.84128309915526 30.845030602477213, 121.84455167584473 30.845030602477213, 121.84455167584473 30.842195043248744, 121.84128309915526 30.842195043248744))"
443,30.84097319299448,121.81966789191091,2,"POLYGON ((121.8204579555655 30.839476285964935, 121.8155328506704 30.839570402711193, 121.8155328506704 30.84246848478629, 121.8198164675114 30.84246848478629, 121.82380596751142 30.84235862030442, 121.82380596751142 30.839476285964935, 121.8204579555655 30.839476285964935))"
444,24.674349139442214,118.45193190047111,3,"POLYGON ((118.44916003248855 24.667941547062473, 118.44916003248855 24.671905186183107, 118.44961207794316 24.680610356346833, 118.45366561457024 24.680610356346833, 118.45515586224826 24.677066911841546, 118.45515586224826 24.674048549558975, 118.45323953893997 24.667941547062473, 118.44916003248855 24.667941547062473))"
445,35.347290929561396,119.53412085858585,1,"POLYGON ((119.53243380521583 35.344140098739004, 119.53243380521583 35.35044176038379, 119.53580791195584 35.35044176038379, 119.53580791195584 35.344140098739004, 119.53243380521583 35.344140098739004))"
446,34.73793736780918,119.4504104157554,2,"POLYGON ((119.45213745248859 34.73614133138623, 119.44543264442888 34.7370583313955, 119.44543264442888 34.73973022988007, 119.44877696751139 34.73973022988007, 119.4553892075114 34.73880908708161, 119.4553892075114 34.73614133138623, 119.45213745248859 34.73614133138623))"
447,27.97862192252245,120.85950093275612,1,"POLYGON ((120.85758040911193 27.977015098374554, 120.85758040911193 27.980228746670342, 120.8614214564003 27.980228746670342, 120.8614214564003 27.977015098374554, 120.85758040911193 27.977015098374554))"
448,26.810708356807893,119.68568297668138,1,"POLYGON ((119.68627241515448 26.80473021975727, 119.68412301833051 26.804873922724653, 119.68421668972383 26.815707455169843, 119.68768525698509 26.815707455169843, 119.68768525698509 26.813562184219517, 119.68627241515448 26.80473021975727))"
449,29.483616615756045,121.48311548260784,1,"POLYGON ((121.48082828830255 29.481694581365645, 121.48082828830255 29.485538650146445, 121.48540267691311 29.485538650146445, 121.48540267691311 29.481694581365645, 121.48082828830255 29.481694581365645))"
450,35.99270900777577,120.27226177070229,1,"POLYGON ((120.27054976833762 35.99113326514149, 120.27054976833762 35.99428475041006, 120.27397377306696 35.99428475041006, 120.27397377306696 35.99113326514149, 120.27054976833762 35.99113326514149))"
451,34.453679763326676,119.78746272499998,1,"POLYGON ((119.78562978248858 34.45228196307135, 119.78562978248858 34.45507756358201, 119.7892956675114 34.45507756358201, 119.7892956675114 34.45228196307135, 119.78562978248858 34.45228196307135))"
452,29.889208149260835,121.95480041927995,2,"POLYGON ((121.95588110565932 29.886730441408613, 121.94848361185366 29.888888024364324, 121.94848361185366 29.891717443450197, 121.95176393012822 29.891717443450197, 121.96088264398199 29.89002492345672, 121.96088264398199 29.886730441408613, 121.95588110565932 29.886730441408613))"
453,35.978887354052176,120.24677650146016,1,"POLYGON ((120.24512524817486 35.97754959011051, 120.24512524817486 35.98022511799384, 120.24842775474546 35.98022511799384, 120.24842775474546 35.97754959011051, 120.24512524817486 35.97754959011051))"
454,31.42420569013127,121.4748527714447,2,"POLYGON ((121.4688002079272 31.418657692079087, 121.4688002079272 31.423696055682257, 121.47432974677429 31.429866027967314, 121.48081841195585 31.429866027967314, 121.48081841195585 31.424777877363095, 121.47579659449553 31.418657692079087, 121.4688002079272 31.418657692079087))"
455,37.59503279435109,121.39807939234701,1,"POLYGON ((121.40359558613956 37.59171084910867, 121.3944901574886 37.59483848895355, 121.3944901574886 37.59736847545369, 121.39805245137701 37.59736847545369, 121.40359558613956 37.59171084910867))"
456,28.692686040267372,121.48363242506137,1,"POLYGON ((121.48194839612492 28.691163906357968, 121.48194839612492 28.69420817417678, 121.48531645399787 28.69420817417678, 121.48531645399787 28.691163906357968, 121.48194839612492 28.691163906357968))"
457,35.10947605945409,119.38443522820405,3,"POLYGON ((119.38140243487899 35.10656367788556, 119.37663686582192 35.10874745340907, 119.37663686582192 35.112238333620745, 119.38013031366526 35.112238333620745, 119.3928810429831 35.111072857801936, 119.3928810429831 35.10790652366022, 119.38491095291286 35.10656367788556, 119.38140243487899 35.10656367788556))"
458,22.739440671767888,114.61117945793649,1,"POLYGON ((114.609358976933 22.737610622865425, 114.609358976933 22.741270720670357, 114.61299993893996 22.741270720670357, 114.61299993893996 22.737610622865425, 114.609358976933 22.737610622865425))"
459,21.726525428926674,108.5946168999734,4,"POLYGON ((108.59193951010052 21.720496874489715, 108.59095394157949 21.722655356545875, 108.59095394157949 21.726917162811336, 108.5934407247963 21.73217552362469, 108.59836683114779 21.73217552362469, 108.59836683114779 21.726917078370512, 108.59723111036855 21.724370985105327, 108.59545190457436 21.720496874489715, 108.59193951010052 21.720496874489715))"
460,23.073006067968286,113.49214341666666,1,"POLYGON ((113.49040003248857 23.070659778746414, 113.49040003248857 23.075352357190155, 113.49388680084476 23.075352357190155, 113.49388680084476 23.070659778746414, 113.49040003248857 23.070659778746414))"
461,37.59489363787926,121.40936058129701,1,"POLYGON ((121.40760055222542 37.59355450772412, 121.40760055222542 37.59623276803439, 121.41112061036856 37.59623276803439, 121.41112061036856 37.59355450772412, 121.40760055222542 37.59355450772412))"
462,26.464133207443908,119.61683083035716,1,"POLYGON ((119.61492581820288 26.462510457543726, 119.61492581820288 26.46575595734409, 119.6187358425114 26.46575595734409, 119.6187358425114 26.462510457543726, 119.61492581820288 26.462510457543726))"
463,29.968409029765546,121.79263877999996,1,"POLYGON ((121.79097727248858 29.96698264926587, 121.79097727248858 29.969835410265226, 121.79430028751139 29.969835410265226, 121.79430028751139 29.96698264926587, 121.79097727248858 29.96698264926587))"
464,28.692893827720678,121.50312784027776,1,"POLYGON ((121.50134758804411 28.691420940143562, 121.50134758804411 28.694366715297793, 121.50490809251141 28.694366715297793, 121.50490809251141 28.691420940143562, 121.50134758804411 28.691420940143562))"
465,28.686773614766736,121.45349056818183,1,"POLYGON ((121.45178616885222 28.68526551352311, 121.45178616885222 28.688281716010355, 121.4551949675114 28.688281716010355, 121.4551949675114 28.68526551352311, 121.45178616885222 28.68526551352311))"
466,29.75773714035892,122.14801627318954,3,"POLYGON ((122.14171368963142 29.754287820604443, 122.14171368963142 29.757341687656133, 122.14728876833763 29.76182461801578, 122.15147740084474 29.76182461801578, 122.15386637810742 29.75843758559342, 122.15386637810742 29.755407388603217, 122.14506876939818 29.754287820604443, 122.14171368963142 29.754287820604443))"
467,30.03031001218871,121.99906300277779,1,"POLYGON ((121.99707248248859 30.028569744923583, 121.99707248248859 30.032050279453838, 122.00105352306696 30.032050279453838, 122.00105352306696 30.028569744923583, 121.99707248248859 30.028569744923583))"
468,36.86040803559656,122.37944125759854,1,"POLYGON ((122.37673116292335 36.85828802985799, 122.37673116292335 36.86075330430143, 122.38068058405089 36.86406746548775, 122.38219994496556 36.85828802985799, 122.37673116292335 36.85828802985799))"
469,31.94682810863428,120.0817511991758,1,"POLYGON ((120.08002960391715 31.945414071167963, 120.08002960391715 31.948242146100586, 120.08347279443447 31.948242146100586, 120.08347279443447 31.945414071167963, 120.08002960391715 31.945414071167963))"
470,28.164876496400847,121.10966137633932,2,"POLYGON ((121.10756103248858 28.16162865904172, 121.10756103248858 28.16584200931806, 121.10838315681289 28.16813704900777, 121.11177439175383 28.16813704900777, 121.11177439175383 28.164806830143043, 121.11114753893999 28.16162865904172, 121.10756103248858 28.16162865904172))"
471,19.051523055433144,108.62249210416667,1,"POLYGON ((108.62087290748859 19.049991719126673, 108.62087290748859 19.053054391739618, 108.62411130084476 19.053054391739618, 108.62411130084476 19.049991719126673, 108.62087290748859 19.049991719126673))"
472,39.966571631558466,119.82372092857143,1,"POLYGON ((119.82210303248857 39.96532871353259, 119.82210303248857 39.96781454958434, 119.82533882465428 39.96781454958434, 119.82533882465428 39.96532871353259, 119.82210303248857 39.96532871353259))"
473,37.5572867353434,121.43389195238095,1,"POLYGON ((121.43223827058381 37.55579381026719, 121.43223827058381 37.558779660419624, 121.43554563417807 37.558779660419624, 121.43554563417807 37.55579381026719, 121.43223827058381 37.55579381026719))"
474,26.495448686995857,119.85205205000003,1,"POLYGON ((119.8501804324886 26.493692249901592, 119.8501804324886 26.497205124090108, 119.85392366751142 26.497205124090108, 119.85392366751142 26.493692249901592, 119.8501804324886 26.493692249901592))"
475,26.80391748918132,119.69291435999999,1,"POLYGON ((119.69113263248857 26.802345756763085, 119.69113263248857 26.80548922159955, 119.69469608751142 26.80548922159955, 119.69469608751142 26.802345756763085, 119.69113263248857 26.802345756763085))"
476,31.994334490647688,120.58016755376089,2,"POLYGON ((120.58011380668212 31.99271996374197, 120.57564536582191 31.993084851894046, 120.57564536582191 31.995978669941728, 120.57924215061001 31.995978669941728, 120.58472482014301 31.995578923231015, 120.58472482014301 31.99271996374197, 120.58011380668212 31.99271996374197))"
477,31.80377379036991,121.06127587280703,1,"POLYGON ((121.05944361143595 31.802330322318436, 121.05944361143595 31.805217258421383, 121.06310813417808 31.805217258421383, 121.06310813417808 31.802330322318436, 121.05944361143595 31.802330322318436))"
478,29.920744669103627,121.99883675210084,1,"POLYGON ((121.99679888963145 29.9189837553481, 121.99679888963145 29.92250558285916, 122.00087461457022 29.92250558285916, 122.00087461457022 29.9189837553481, 121.99679888963145 29.9189837553481))"
479,30.28053575243521,122.23392112927927,1,"POLYGON ((122.23217239915526 30.279090100336248, 122.23217239915526 30.28198140453417, 122.2356698594033 30.28198140453417, 122.2356698594033 30.279090100336248, 122.23217239915526 30.279090100336248))"
480,29.779950448926236,122.13214564441456,2,"POLYGON ((122.13061310767652 29.77640323045663, 122.13016254677429 29.77966426847141, 122.13016254677429 29.78347726884786, 122.1337345627495 29.78347726884786, 122.13411503569323 29.780182399208243, 122.13411503569323 29.77640323045663, 122.13061310767652 29.77640323045663))"
481,39.04556459243982,118.52027614285711,1,"POLYGON ((118.51804103248857 39.04410963945011, 118.51804103248857 39.04701954542952, 118.52251125322567 39.04701954542952, 118.52251125322567 39.04410963945011, 118.51804103248857 39.04410963945011))"
482,38.96639096860268,121.6548454126984,1,"POLYGON ((121.65281041344095 38.964887625157104, 121.65281041344095 38.96789431204825, 121.65688041195584 38.96789431204825, 121.65688041195584 38.964887625157104, 121.65281041344095 38.964887625157104))"
483,40.798693152215485,121.07139220525832,2,"POLYGON ((121.06587103248856 40.796002012263784, 121.06587103248856 40.79896835243522, 121.07388635132915 40.80147694799748, 121.07712685813641 40.80147694799748, 121.07712685813641 40.79902684755437, 121.07055547970653 40.796002012263784, 121.06587103248856 40.796002012263784))"
484,37.722301233881225,121.0785529506643,2,"POLYGON ((121.07922739915523 37.720907114198305, 121.0742492520008 37.7209389219509, 121.0742492520008 37.7236714110812, 121.07922739915523 37.72369217084333, 121.08282768546013 37.72369217084333, 121.08282768546013 37.720907114198305, 121.07922739915523 37.720907114198305))"
485,38.97732088755385,121.90108899986146,2,"POLYGON ((121.90063382196226 38.97557015761843, 121.89702464359968 38.975926708133635, 121.89702464359968 38.97845249501136, 121.90063382196226 38.97913787855585, 121.90476365172194 38.97913787855585, 121.90476365172194 38.97557015761843, 121.90063382196226 38.97557015761843))"
486,22.917248556853917,113.559088,1,"POLYGON ((113.55671603248858 22.915177648037776, 113.55671603248858 22.91931946567006, 113.56145996751141 22.91931946567006, 113.56145996751141 22.915177648037776, 113.55671603248858 22.915177648037776))"
487,30.247428241813076,122.16569431574239,1,"POLYGON ((122.16363332095013 30.2459337221273, 122.16363332095013 30.248922761498847, 122.16775531053466 30.248922761498847, 122.16775531053466 30.2459337221273, 122.16363332095013 30.2459337221273))"
488,37.64768351230613,120.28452363849848,2,"POLYGON ((120.28370731248859 37.64498896520256, 120.28149717019348 37.64777092744192, 120.28149717019348 37.6504303012435, 120.28478932751139 37.6504303012435, 120.2875282532257 37.64809798898953, 120.2875282532257 37.64498896520256, 120.28370731248859 37.64498896520256))"
489,31.70249747577187,121.16061382499998,1,"POLYGON ((121.15896528248857 31.700737870554413, 121.15896528248857 31.704257080989326, 121.1622623675114 31.704257080989326, 121.1622623675114 31.700737870554413, 121.15896528248857 31.700737870554413))"
490,22.9468202025863,116.54267015178571,1,"POLYGON ((116.54089546106 22.945215259569405, 116.54089546106 22.948425145603192, 116.5444448425114 22.948425145603192, 116.5444448425114 22.945215259569405, 116.54089546106 22.945215259569405))"
491,31.914014830428933,120.89072643328916,7,"POLYGON ((120.89172103248858 31.900133852595445, 120.88461353248857 31.914973973959714, 120.88280023248856 31.91969511583102, 120.88280023248856 31.923412220609766, 120.8869159675114 31.923412220609766, 120.88902825322567 31.923343421636446, 120.89663484846379 31.922756097067595, 120.89663484846379 31.919987667815448, 120.8950571675114 31.900133852595445, 120.89172103248858 31.900133852595445))"
492,29.01849712632827,121.71273063888889,1,"POLYGON ((121.71091781026632 29.016974085328812, 121.71091781026632 29.020020167327733, 121.7145434675114 29.020020167327733, 121.7145434675114 29.016974085328812, 121.71091781026632 29.016974085328812))"
493,21.730247828465075,108.58067118141068,2,"POLYGON ((108.58020371150091 21.725694288442348, 108.57700608804413 21.73052537797553, 108.57700608804413 21.734778910732427, 108.58117629009205 21.734778910732427, 108.58431555178107 21.73002433078489, 108.58431555178107 21.725694288442348, 108.58020371150091 21.725694288442348))"
494,29.50866878227638,121.6479426111111,1,"POLYGON ((121.6457663658219 29.506940085808214, 121.6457663658219 29.51039747874454, 121.6501188564003 29.51039747874454, 121.6501188564003 29.506940085808214, 121.6457663658219 29.506940085808214))"
495,29.939729949474927,121.85739365833332,1,"POLYGON ((121.85523694915524 29.93814686961726, 121.85523694915524 29.941313029332605, 121.85955036751142 29.941313029332605, 121.85955036751142 29.93814686961726, 121.85523694915524 29.93814686961726))"
496,30.403053655369764,122.40184766666668,1,"POLYGON ((122.40021303248858 30.4015653757333, 122.40021303248858 30.40454193500623, 122.40348230084474 30.40454193500623, 122.40348230084474 30.4015653757333, 122.40021303248858 30.4015653757333))"
497,26.596853773480554,119.75202436979167,1,"POLYGON ((119.75036231373858 26.59537517401308, 119.75036231373858 26.598332372948036, 119.75368642584475 26.598332372948036, 119.75368642584475 26.59537517401308, 119.75036231373858 26.59537517401308))"
498,24.530682956933855,118.08395630357141,1,"POLYGON ((118.08214088963142 24.528752909353464, 118.08214088963142 24.532613004514243, 118.0857717175114 24.532613004514243, 118.0857717175114 24.528752909353464, 118.08214088963142 24.528752909353464))"
499,29.985986359803693,121.99744585714286,1,"POLYGON ((121.99507303248858 29.984208702161684, 121.99507303248858 29.98776401744569, 121.99981868179712 29.98776401744569, 121.99981868179712 29.984208702161684, 121.99507303248858 29.984208702161684))"
500,29.162621307476176,121.87277231122445,1,"POLYGON ((121.87069815493753 29.16108623762732, 121.87069815493753 29.164156377325035, 121.87484646751139 29.164156377325035, 121.87484646751139 29.16108623762732, 121.87069815493753 29.16108623762732))"
501,36.88068972845457,122.44755716666667,1,"POLYGON ((122.44584425471079 36.8793176335056, 122.44584425471079 36.882061823403546, 122.44927007862253 36.882061823403546, 122.44927007862253 36.8793176335056, 122.44584425471079 36.8793176335056))"
502,39.81848350263613,124.15201105330338,2,"POLYGON ((124.15082058606 39.81624581525211, 124.14954132036735 39.818203671845424, 124.14954132036735 39.82073465107092, 124.15283621751142 39.82073465107092, 124.1544595675114 39.81923313177825, 124.1544595675114 39.81624581525211, 124.15082058606 39.81624581525211))"
503,29.980244580074842,122.06340417419987,1,"POLYGON ((122.06177441934989 29.978807229999244, 122.06177441934989 29.981681930150447, 122.06503392904986 29.981681930150447, 122.06503392904986 29.978807229999244, 122.06177441934989 29.978807229999244))"
504,32.3294643183844,119.781551125,1,"POLYGON ((119.77923203248858 32.32779066863627, 119.77923203248858 32.33113796813254, 119.7838702175114 32.33113796813254, 119.7838702175114 32.32779066863627, 119.77923203248858 32.32779066863627))"
505,24.411861206931178,118.05457477840909,1,"POLYGON ((118.05241340748857 24.41026596422029, 118.05241340748857 24.41345644964206, 118.0567361493296 24.41345644964206, 118.0567361493296 24.41026596422029, 118.05241340748857 24.41026596422029))"
506,35.124066733821074,119.39752787938595,1,"POLYGON ((119.39584787459383 35.12266689575047, 119.39584787459383 35.12546657189169, 119.39920788417807 35.12546657189169, 119.39920788417807 35.12266689575047, 119.39584787459383 35.12266689575047))"
507,40.29914578285145,122.07777344663741,1,"POLYGON ((122.07612245354122 40.29784598424902, 122.07612245354122 40.300445581453864, 122.07942443973361 40.300445581453864, 122.07942443973361 40.29784598424902, 122.07612245354122 40.29784598424902))"
508,28.010146941049896,121.06854319615383,1,"POLYGON ((121.06644992479625 28.008553938749788, 121.06644992479625 28.011739943350005, 121.0706364675114 28.011739943350005, 121.0706364675114 28.008553938749788, 121.06644992479625 28.008553938749788))"
509,40.315779860386805,122.07305413333333,1,"POLYGON ((122.07133563248857 40.314392213025656, 122.07133563248857 40.31716750774795, 122.07477263417807 40.31716750774795, 122.07477263417807 40.314392213025656, 122.07133563248857 40.314392213025656))"
510,32.04092944033854,120.40255422953315,3,"POLYGON ((120.39707154745864 32.03880382466917, 120.39707154745864 32.041777751326926, 120.40440078248857 32.04320139924194, 120.4079640444345 32.04320139924194, 120.4079640444345 32.040398348542034, 120.4035068617422 32.03883506426731, 120.40055996751141 32.03880382466917, 120.39707154745864 32.03880382466917))"
511,31.82183545796131,120.9408628542857,1,"POLYGON ((120.93873846106001 31.819283448199627, 120.93873846106001 31.824387467722982, 120.94298724751138 31.824387467722982, 120.94298724751138 31.819283448199627, 120.93873846106001 31.819283448199627))"
512,31.851778360671148,120.93356784950443,1,"POLYGON ((120.93190506952561 31.849729834759476, 120.93190506952561 31.853826886582823, 120.93523062948324 31.853826886582823, 120.93523062948324 31.849729834759476, 120.93190506952561 31.849729834759476))"
513,22.917913618763272,113.59695401438609,1,"POLYGON ((113.59679412215739 22.91487953365077, 113.59237103799543 22.922446586249688, 113.60008059909036 22.918001143870846, 113.60008059909036 22.91487953365077, 113.59679412215739 22.91487953365077))"
514,21.07313904657766,110.50586569508712,2,"POLYGON ((110.50462167534572 21.06846224100647, 110.50358303248856 21.071741546140327, 110.50358303248856 21.07751693104995, 110.50796689608285 21.07751693104995, 110.50798832751138 21.072836119015545, 110.50798832751138 21.06846224100647, 110.50462167534572 21.06846224100647))"
515,29.911681863014515,122.26397241666665,1,"POLYGON ((122.26205953248856 29.910129408505913, 122.26205953248856 29.913234317523113, 122.26588530084474 29.913234317523113, 122.26588530084474 29.910129408505913, 122.26205953248856 29.910129408505913))"
516,30.146840091480687,122.11593775757575,1,"POLYGON ((122.11428121430676 30.14511227254657, 122.11428121430676 30.148567910414798, 122.11759430084474 30.148567910414798, 122.11759430084474 30.14511227254657, 122.11428121430676 30.14511227254657))"
517,27.19618303659283,120.37769646120108,1,"POLYGON ((120.37594100617282 27.19433833442253, 120.37594100617282 27.198027738763123, 120.37945191622934 27.198027738763123, 120.37945191622934 27.19433833442253, 120.37594100617282 27.19433833442253))"
518,32.06447636452357,120.46287120526314,1,"POLYGON ((120.46014723248855 32.06212587394752, 120.46014723248855 32.06682685509961, 120.46559517803773 32.06682685509961, 120.46559517803773 32.06212587394752, 120.46014723248855 32.06212587394752))"
519,20.027663618356613,110.27787767171718,1,"POLYGON ((110.27623915370071 20.02608602907228, 110.27623915370071 20.029241207640943, 110.27951618973364 20.029241207640943, 110.27951618973364 20.02608602907228, 110.27623915370071 20.02608602907228))"
520,21.993955063825094,113.15333325480769,1,"POLYGON ((113.15144565748858 21.992016697368438, 113.15144565748858 21.99589343028175, 113.15522085212679 21.99589343028175, 113.15522085212679 21.992016697368438, 113.15144565748858 21.992016697368438))"
521,31.990305298454032,120.65498320629086,1,"POLYGON ((120.65170045895918 31.98889409267429, 120.65170045895918 31.99171650423377, 120.65826595362255 31.99171650423377, 120.65826595362255 31.98889409267429, 120.65170045895918 31.98889409267429))"
522,22.682957602589795,113.75454871164017,1,"POLYGON ((113.75269655100709 22.68105418298346, 113.75269655100709 22.684861022196127, 113.7564008722733 22.684861022196127, 113.7564008722733 22.68105418298346, 113.75269655100709 22.68105418298346))"
523,25.962930146806844,119.44816644308942,1,"POLYGON ((119.44634969915525 25.96141837789374, 119.44634969915525 25.96444191571996, 119.44998318702362 25.96444191571996, 119.44998318702362 25.96141837789374, 119.44634969915525 25.96141837789374))"
524,24.417066830249276,117.86847884627328,1,"POLYGON ((117.86685551074946 24.415589340148525, 117.86685551074946 24.418544320350033, 117.87010218179711 24.418544320350033, 117.87010218179711 24.415589340148525, 117.86685551074946 24.415589340148525))"
525,22.68341874672941,115.51474163588851,1,"POLYGON ((115.51304888963143 22.68175865638751, 115.51304888963143 22.685078837071302, 115.51643438214556 22.685078837071302, 115.51643438214556 22.68175865638751, 115.51304888963143 22.68175865638751))"
526,31.958693344620173,120.35551119576881,1,"POLYGON ((120.35377673775173 31.957294916276574, 120.35377673775173 31.960091772963768, 120.35724565378594 31.960091772963768, 120.35724565378594 31.957294916276574, 120.35377673775173 31.957294916276574))"
527,30.111309240719393,122.23695339327483,1,"POLYGON ((122.23463337459383 30.109776004323457, 122.23463337459383 30.112842477115326, 122.23927341195585 30.112842477115326, 122.23927341195585 30.109776004323457, 122.23463337459383 30.109776004323457))"
528,25.56728840700342,119.87204625,1,"POLYGON ((119.87032603248856 25.565765691124714, 119.87032603248856 25.56881112288214, 119.87376646751142 25.56881112288214, 119.87376646751142 25.565765691124714, 119.87032603248856 25.565765691124714))"
529,39.51853458961905,121.37299932926828,1,"POLYGON ((121.37072103248856 39.517214003382925, 121.37072103248856 39.51985517585516, 121.375277626048 39.51985517585516, 121.375277626048 39.517214003382925, 121.37072103248856 39.517214003382925))"
530,31.950831744030616,120.14811684656082,1,"POLYGON ((120.14581510656265 31.949344869363376, 120.14581510656265 31.95231861869785, 120.15041858655904 31.95231861869785, 120.15041858655904 31.949344869363376, 120.14581510656265 31.949344869363376))"
531,32.073524004040664,120.46465554527987,1,"POLYGON ((120.46303254204271 32.072146891134274, 120.46303254204271 32.07490111694706, 120.46627854851698 32.07490111694706, 120.46627854851698 32.072146891134274, 120.46303254204271 32.072146891134274))"
532,27.214279597939065,120.30145716666664,1,"POLYGON ((120.29971069915523 27.21254001369931, 120.29971069915523 27.216019182178826, 120.30320363417806 27.216019182178826, 120.30320363417806 27.21254001369931, 120.29971069915523 27.21254001369931))"
533,39.51043069701585,121.33845548165866,1,"POLYGON ((121.33656215370068 39.50905448186983, 121.33656215370068 39.51180691216187, 121.34034880961664 39.51180691216187, 121.34034880961664 39.50905448186983, 121.33656215370068 39.50905448186983))"
534,39.00336636584299,117.78628754833561,1,"POLYGON ((117.78366014876764 38.99860711174788, 117.78366014876764 39.008125619938106, 117.78891494790356 39.008125619938106, 117.78891494790356 38.99860711174788, 117.78366014876764 38.99860711174788))"
535,38.99399872673139,117.78898378368643,1,"POLYGON ((117.78723857486146 38.99228672940841, 117.78723857486146 38.995710724054376, 117.7907289925114 38.995710724054376, 117.7907289925114 38.99228672940841, 117.78723857486146 38.99228672940841))"
536,38.996340438117464,117.77545201736021,2,"POLYGON ((117.77463613963145 38.990654558759076, 117.76947719406502 38.995116032418665, 117.77417015443491 39.002700999625155, 117.7772437175114 39.002700999625155, 117.77954796751142 38.99918049396958, 117.77954796751142 38.990654558759076, 117.77463613963145 38.990654558759076))"
537,19.715902668571943,109.17343558705711,2,"POLYGON ((109.16938488154518 19.712156588097557, 109.16938488154518 19.71590441650099, 109.17199146998857 19.719534291463997, 109.17742739608283 19.719534291463997, 109.17742739608283 19.714623850382615, 109.17330950084475 19.712156588097557, 109.16938488154518 19.712156588097557))"
538,22.529851613826015,113.85603104695585,2,"POLYGON ((113.85484149402703 22.52532382709685, 113.85358272693301 22.530756974514905, 113.85358272693301 22.53437165867576, 113.85699272613212 22.53437165867576, 113.85841325322569 22.530320153344665, 113.85841325322569 22.52532382709685, 113.85484149402703 22.52532382709685))"
539,22.768692085445508,113.64288342500002,1,"POLYGON ((113.6412662824886 22.7666140205118, 113.6412662824886 22.770770150379214, 113.64450056751141 22.770770150379214, 113.64450056751141 22.7666140205118, 113.6412662824886 22.7666140205118))"
540,31.313725902619133,121.69260664646464,1,"POLYGON ((121.69098671430675 31.312249613148175, 121.69098671430675 31.315202192090087, 121.69422657862252 31.315202192090087, 121.69422657862252 31.312249613148175, 121.69098671430675 31.312249613148175))"
541,30.15081495311364,122.02986790751943,1,"POLYGON ((122.02815061675825 30.14933779219141, 122.02815061675825 30.152292114035863, 122.03158519828064 30.152292114035863, 122.03158519828064 30.14933779219141, 122.02815061675825 30.14933779219141))"
542,21.089918632008853,110.51533999999998,1,"POLYGON ((110.51370853248858 21.087802953221118, 110.51370853248858 21.09203431079658, 110.5169714675114 21.09203431079658, 110.5169714675114 21.087802953221118, 110.51370853248858 21.087802953221118))"
543,26.325360499490785,119.85381577548384,1,"POLYGON ((119.8521179034563 26.323873478278436, 119.8521179034563 26.326847520703136, 119.85551364751139 26.326847520703136, 119.85551364751139 26.323873478278436, 119.8521179034563 26.323873478278436))"
544,31.604172751719204,121.27016355042016,1,"POLYGON ((121.26840727058381 31.60270076671431, 121.26840727058381 31.605644736724095, 121.27191983025652 31.605644736724095, 121.27191983025652 31.60270076671431, 121.26840727058381 31.60270076671431))"
545,26.300099609064205,119.87817516363637,1,"POLYGON ((119.8759307597613 26.29850024087767, 119.8759307597613 26.30169897725074, 119.88041956751141 26.30169897725074, 119.88041956751141 26.29850024087767, 119.8759307597613 26.29850024087767))"
546,28.103253944985465,121.10316440909088,1,"POLYGON ((121.10152985067037 28.101821663212704, 121.10152985067037 28.104686226758233, 121.10479896751141 28.104686226758233, 121.10479896751141 28.101821663212704, 121.10152985067037 28.101821663212704))"
547,30.40270751580453,122.36467102777776,1,"POLYGON ((122.36233858804411 30.40117187011334, 122.36233858804411 30.404243161495724, 122.36700346751141 30.404243161495724, 122.36700346751141 30.40117187011334, 122.36233858804411 30.40117187011334))"
548,36.84068529433284,122.26533602777775,1,"POLYGON ((122.2637042547108 36.83937503139946, 122.2637042547108 36.84199555726622, 122.26696780084474 36.84199555726622, 122.26696780084474 36.83937503139946, 122.2637042547108 36.83937503139946))"
549,39.11833868233815,122.0792848361111,1,"POLYGON ((122.07766548248858 39.1170835104957, 122.07766548248858 39.11959385418059, 122.08090418973363 39.11959385418059, 122.08090418973363 39.1170835104957, 122.07766548248858 39.1170835104957))"
550,32.116419485760105,119.91155663888891,1,"POLYGON ((119.90969619915528 32.11478563009828, 119.90969619915528 32.118053341421934, 119.91341707862252 32.118053341421934, 119.91341707862252 32.11478563009828, 119.90969619915528 32.11478563009828))"
551,24.53251790376636,118.52487863333333,1,"POLYGON ((118.52254969915523 24.530681490089798, 118.52254969915523 24.53435431744293, 118.52720756751141 24.53435431744293, 118.52720756751141 24.530681490089798, 118.52254969915523 24.530681490089798))"
552,23.392370883299563,117.00388625,1,"POLYGON ((117.00217669915526 23.390679257786104, 117.00217669915526 23.39406250881302, 117.00559580084474 23.39406250881302, 117.00559580084474 23.390679257786104, 117.00217669915526 23.390679257786104))"
553,32.06605569780224,120.5869689562312,2,"POLYGON ((120.58409783248858 32.064149904270735, 120.58409783248858 32.067284602627204, 120.58638912339767 32.067936592858345, 120.5898888425114 32.067936592858345, 120.5898888425114 32.065062317940736, 120.58781463417809 32.064149904270735, 120.58409783248858 32.064149904270735))"
554,36.0752246968008,120.26892650909087,1,"POLYGON ((120.26726023248855 36.073831682477994, 120.26726023248855 36.07661771112362, 120.27059278569324 36.07661771112362, 120.27059278569324 36.073831682477994, 120.26726023248855 36.073831682477994))"
555,25.339386370027864,119.64866975157233,1,"POLYGON ((119.64688720229991 25.337528023602513, 119.64688720229991 25.341244716453218, 119.65045230084475 25.341244716453218, 119.65045230084475 25.337528023602513, 119.64688720229991 25.337528023602513))"
556,21.537425469153632,111.85036428,1,"POLYGON ((111.84858843248858 21.535626521593816, 111.84858843248858 21.53922441671344, 111.85214012751142 21.53922441671344, 111.85214012751142 21.535626521593816, 111.84858843248858 21.535626521593816))"
557,31.743586118533266,121.19731346296295,1,"POLYGON ((121.19558603248858 31.742151235075436, 121.19558603248858 31.745021001991095, 121.19904089343731 31.745021001991095, 121.19904089343731 31.742151235075436, 121.19558603248858 31.742151235075436))"
558,32.03791685315108,119.93349095071706,1,"POLYGON ((119.93168580171933 32.03614002377275, 119.93168580171933 32.03969368252941, 119.93529609971479 32.03969368252941, 119.93529609971479 32.03614002377275, 119.93168580171933 32.03614002377275))"
559,24.40886235264484,118.36351684999995,1,"POLYGON ((118.36174973248858 24.40712797437657, 118.36174973248858 24.41059673091311, 118.36528396751139 24.41059673091311, 118.36528396751139 24.40712797437657, 118.36174973248858 24.40712797437657))"
560,36.00666715562536,120.25097423412696,1,"POLYGON ((120.24920964359967 36.00510844139917, 120.24920964359967 36.00822586985154, 120.25273882465426 36.00822586985154, 120.25273882465426 36.00510844139917, 120.24920964359967 36.00510844139917))"
561,22.690904044866457,115.04845996388887,1,"POLYGON ((115.04681031026634 22.689176287260118, 115.04681031026634 22.692631802472793, 115.0501096175114 22.692631802472793, 115.0501096175114 22.689176287260118, 115.04681031026634 22.689176287260118))"
562,23.71482947358492,117.54660977272725,1,"POLYGON ((117.54435203248858 23.713096893673455, 117.54435203248858 23.716562053496382, 117.54886751296593 23.716562053496382, 117.54886751296593 23.713096893673455, 117.54435203248858 23.713096893673455))"
563,32.04058182121354,120.73188193939393,1,"POLYGON ((120.73021436582191 32.03908699557533, 120.73021436582191 32.042076646851754, 120.73354951296595 32.042076646851754, 120.73354951296595 32.03908699557533, 120.73021436582191 32.03908699557533))"
564,21.85239462482374,113.26539989999999,1,"POLYGON ((113.26376069915526 21.850834143157844, 113.26376069915526 21.85395510648965, 113.26703910084474 21.85395510648965, 113.26703910084474 21.850834143157844, 113.26376069915526 21.850834143157844))"
565,38.9392960249428,121.61210341820276,1,"POLYGON ((121.61046972603697 38.93799493605092, 121.61046972603697 38.940597113834656, 121.61373711036855 38.940597113834656, 121.61373711036855 38.93799493605092, 121.61046972603697 38.93799493605092))"
566,27.230285972087664,120.32961713888889,1,"POLYGON ((120.32751447693302 27.22883963152242, 120.32751447693302 27.23173231265291, 120.33171980084474 27.23173231265291, 120.33171980084474 27.22883963152242, 120.32751447693302 27.22883963152242))"
567,32.05472119703651,119.94223138009049,1,"POLYGON ((119.94056256190034 32.05269012084267, 119.94056256190034 32.056752273230344, 119.94390019828063 32.056752273230344, 119.94390019828063 32.05269012084267, 119.94056256190034 32.05269012084267))"
568,29.943181196832448,122.2469085938402,1,"POLYGON ((122.24459785885514 29.941747001569425, 122.24459785885514 29.94461539209547, 122.24921932882528 29.94461539209547, 122.24921932882528 29.941747001569425, 122.24459785885514 29.941747001569425))"
569,39.578236653282545,121.28003367514124,1,"POLYGON ((121.27841536582191 39.57698491293222, 121.27841536582191 39.57948839363288, 121.28165198446055 39.57948839363288, 121.28165198446055 39.57698491293222, 121.27841536582191 39.57698491293222))"
570,30.064361322936414,121.84798609999999,1,"POLYGON ((121.84633403248858 30.062926230394876, 121.84633403248858 30.065796415477955, 121.84963816751139 30.065796415477955, 121.84963816751139 30.062926230394876, 121.84633403248858 30.062926230394876))"
571,26.93745295279292,120.2413341125,1,"POLYGON ((120.23953915748858 26.935612706576183, 120.23953915748858 26.93929319900966, 120.2431290675114 26.93929319900966, 120.2431290675114 26.935612706576183, 120.23953915748858 26.935612706576183))"
572,29.193877198882138,121.77536125698364,2,"POLYGON ((121.77278843248861 29.188234027776954, 121.77278843248861 29.19351291899319, 121.77394153248856 29.1994081711704, 121.7780404675114 29.1994081711704, 121.7780404675114 29.19536429259005, 121.7767169675114 29.188234027776954, 121.77278843248861 29.188234027776954))"
573,21.429581825370658,111.29739038333334,1,"POLYGON ((111.29576413248859 21.428056976513307, 111.29576413248859 21.431106674228012, 111.29901663417809 21.431106674228012, 111.29901663417809 21.428056976513307, 111.29576413248859 21.428056976513307))"
574,29.925651857362475,122.2910554676564,1,"POLYGON ((122.2894208373666 29.924240624470258, 122.2894208373666 29.927063090254695, 122.2926900979462 29.927063090254695, 122.2926900979462 29.924240624470258, 122.2894208373666 29.924240624470258))"
575,32.12897163660223,119.91744032962328,1,"POLYGON ((119.91567765748859 32.12715473123088, 119.91567765748859 32.13078854197358, 119.91920300175798 32.13078854197358, 119.91920300175798 32.12715473123088, 119.91567765748859 32.12715473123088))"
576,30.244967486539288,122.10282112499998,1,"POLYGON ((122.10083328248857 30.24332212104959, 122.10083328248857 30.246612852028985, 122.10480896751139 30.246612852028985, 122.10480896751139 30.24332212104959, 122.10083328248857 30.24332212104959))"
577,30.250010872603887,122.11530199999999,1,"POLYGON ((122.11360303248858 30.248557795478266, 122.11360303248858 30.25146394972951, 122.1170009675114 30.25146394972951, 122.1170009675114 30.248557795478266, 122.11360303248858 30.248557795478266))"
578,30.153402361424025,122.06488313443396,1,"POLYGON ((122.06299253248858 30.15165281665401, 122.06299253248858 30.15515190619403, 122.06677373637933 30.15515190619403, 122.06677373637933 30.15165281665401, 122.06299253248858 30.15165281665401))"
579,30.257075530505645,122.25221724886879,1,"POLYGON ((122.25057291484151 30.255649766902287, 122.25057291484151 30.258501294109, 122.25386158289604 30.258501294109, 122.25386158289604 30.255649766902287, 122.25057291484151 30.255649766902287))"
580,39.01517947069341,117.77129415837615,2,"POLYGON ((117.77003586582191 39.01160334749344, 117.76899908248856 39.01580156681432, 117.76899908248856 39.018802846919804, 117.77236528330087 39.018802846919804, 117.77360039608283 39.01501853082127, 117.77360039608283 39.01160334749344, 117.77003586582191 39.01160334749344))"
581,36.01275772198424,120.23210353187957,3,"POLYGON ((120.2246285658219 36.007816386326226, 120.2246285658219 36.01106478147892, 120.23547069915523 36.0177439817571, 120.23963777306696 36.0177439817571, 120.23963777306696 36.01461584914779, 120.22901696751143 36.007816386326226, 120.2246285658219 36.007816386326226))"
582,39.01659415486543,121.859953390625,1,"POLYGON ((121.85823503248858 39.015288871759964, 121.85823503248858 39.0178994379709, 121.8616717487614 39.0178994379709, 121.8616717487614 39.015288871759964, 121.85823503248858 39.015288871759964))"
583,31.631532165548695,121.23728689607843,1,"POLYGON ((121.23551076582191 31.629857472409224, 121.23551076582191 31.633206858688173, 121.23906302633495 31.633206858688173, 121.23906302633495 31.629857472409224, 121.23551076582191 31.629857472409224))"
584,30.094784876004965,121.98436236815066,1,"POLYGON ((121.98232303248857 30.093164169501254, 121.98232303248857 30.096405582508673, 121.98640170381277 30.096405582508673, 121.98640170381277 30.093164169501254, 121.98232303248857 30.093164169501254))"
585,27.249211654032525,120.2472720833333,1,"POLYGON ((120.24530519915523 27.247515132011248, 120.24530519915523 27.250908176053798, 120.24923896751139 27.250908176053798, 120.24923896751139 27.247515132011248, 120.24530519915523 27.247515132011248))"
586,30.099266481388756,121.9541046608699,1,"POLYGON ((121.95245715370068 30.0978381333208, 121.95245715370068 30.100694829456717, 121.9557521680391 30.100694829456717, 121.9557521680391 30.0978381333208, 121.95245715370068 30.0978381333208))"
587,39.90875780537533,119.58685976863998,2,"POLYGON ((119.58573667764988 39.905790317855065, 119.58442681026634 39.90792217352607, 119.58442681026634 39.91154620394842, 119.58889513417809 39.91154620394842, 119.5891549675114 39.90836500757988, 119.5891549675114 39.905790317855065, 119.58573667764988 39.905790317855065))"
588,27.989275078838936,120.83207875671987,1,"POLYGON ((120.83036420947974 27.987813318594085, 120.83036420947974 27.990736839083784, 120.83379330396001 27.990736839083784, 120.83379330396001 27.987813318594085, 120.83036420947974 27.987813318594085))"
589,30.13131706708624,122.13094553447598,2,"POLYGON ((122.13031932415524 30.12768436477061, 122.12779343248859 30.132044684781807, 122.12779343248859 30.13493510360434, 122.13134428942921 30.13493510360434, 122.13400208289603 30.1312704471891, 122.13400208289603 30.12768436477061, 122.13031932415524 30.12768436477061))"
590,36.01385904877512,129.40052825307563,1,"POLYGON ((129.39889222357135 36.01252947217047, 129.39889222357135 36.01518862537977, 129.40216428257992 36.01518862537977, 129.40216428257992 36.01252947217047, 129.39889222357135 36.01252947217047))"
591,35.973871075299215,126.52943376364478,1,"POLYGON ((126.52778677716944 35.972550791540606, 126.52778677716944 35.975191359057824, 126.5310807501201 35.975191359057824, 126.5310807501201 35.972550791540606, 126.52778677716944 35.972550791540606))"
592,31.95179875584304,120.3116479167608,1,"POLYGON ((120.30964118804411 31.950362824435093, 120.30964118804411 31.953234687250998, 120.31365464547751 31.953234687250998, 120.31365464547751 31.950362824435093, 120.30964118804411 31.950362824435093))"
593,22.47683076451024,113.18702601023391,1,"POLYGON ((113.18503816406752 22.475260515722425, 113.18503816406752 22.47840101329805, 113.18901385640028 22.47840101329805, 113.18901385640028 22.475260515722425, 113.18503816406752 22.475260515722425))"
594,22.829792143186506,115.99174620289854,1,"POLYGON ((115.98983269915524 22.827989858340935, 115.98983269915524 22.83159442803208, 115.99365970664185 22.83159442803208, 115.99365970664185 22.827989858340935, 115.98983269915524 22.827989858340935))"
595,21.58450756659106,108.47410343712491,1,"POLYGON ((108.4722271478732 21.58201176433044, 108.4722271478732 21.58700336885168, 108.47597972637664 21.58700336885168, 108.47597972637664 21.58201176433044, 108.4722271478732 21.58201176433044))"
596,37.54795831977489,121.45639608333333,1,"POLYGON ((121.45456819915526 37.54652898424375, 121.45456819915526 37.54938765530604, 121.4582239675114 37.54938765530604, 121.4582239675114 37.54652898424375, 121.45456819915526 37.54652898424375))"
597,29.11180510509506,121.62408545833333,1,"POLYGON ((121.62192069915523 29.10964903085455, 121.62192069915523 29.113961179335572, 121.62625021751141 29.113961179335572, 121.62625021751141 29.10964903085455, 121.62192069915523 29.10964903085455))"
598,30.164119619897953,122.02910071895423,1,"POLYGON ((122.02743158804411 30.16265753137779, 122.02743158804411 30.165581708418113, 122.03076984986434 30.165581708418113, 122.03076984986434 30.16265753137779, 122.02743158804411 30.16265753137779))"
599,28.37118957282692,121.6698069444444,1,"POLYGON ((121.6680473658219 28.369694739793747, 121.6680473658219 28.372684405860095, 121.67156652306694 28.372684405860095, 121.67156652306694 28.369694739793747, 121.6680473658219 28.369694739793747))"
600,33.81198822563695,120.45804764473684,1,"POLYGON ((120.45640482196224 33.8106029758279, 120.45640482196224 33.813373475446, 120.4596904675114 33.813373475446, 120.4596904675114 33.8106029758279, 120.45640482196224 33.8106029758279))"
601,25.421506300553045,119.11803065592704,1,"POLYGON ((119.11635100391715 25.419868351580117, 119.11635100391715 25.42314424952597, 119.11971030793694 25.42314424952597, 119.11971030793694 25.419868351580117, 119.11635100391715 25.419868351580117))"
602,23.32416647748429,116.74924035283568,1,"POLYGON ((116.74928807985502 23.31876959002115, 116.74661963812237 23.32736321193042, 116.74661963812237 23.329108165750032, 116.74955854995551 23.329108165750032, 116.752092156792 23.31944643620825, 116.74928807985502 23.31876959002115))"
603,26.264327518274676,119.79299066666667,1,"POLYGON ((119.79113403248859 26.26239668307177, 119.79113403248859 26.26625835347758, 119.79484730084476 26.26625835347758, 119.79484730084476 26.26239668307177, 119.79113403248859 26.26239668307177))"
604,38.978391033365426,121.74935640999999,1,"POLYGON ((121.7476895324886 38.97682547990199, 121.7476895324886 38.979956586828855, 121.75102328751139 38.979956586828855, 121.75102328751139 38.97682547990199, 121.7476895324886 38.97682547990199))"
605,34.75159884987231,119.37781930555555,1,"POLYGON ((119.37608747693301 34.75023593807674, 119.37608747693301 34.75296176166788, 119.37955113417807 34.75296176166788, 119.37955113417807 34.75023593807674, 119.37608747693301 34.75023593807674))"
606,29.93984853106378,121.978242982572,1,"POLYGON ((121.97661744025557 29.93843512222791, 121.97661744025557 29.94126193989965, 121.97986852488845 29.94126193989965, 121.97986852488845 29.93843512222791, 121.97661744025557 29.93843512222791))"
607,31.38330595009538,121.55578636608452,1,"POLYGON ((121.5541520606576 31.381895805458687, 121.5541520606576 31.384716094732074, 121.5574206715114 31.384716094732074, 121.5574206715114 31.381895805458687, 121.5541520606576 31.381895805458687))"
608,40.73970874244074,121.99016033333334,1,"POLYGON ((121.98849953248858 40.73845069772359, 121.98849953248858 40.74096678715789, 121.99182113417805 40.74096678715789, 121.99182113417805 40.73845069772359, 121.98849953248858 40.73845069772359))"
609,29.78902163936473,122.12904522420259,1,"POLYGON ((122.12742272479625 29.78760144784782, 122.12742272479625 29.790441830881633, 122.13066772360897 29.790441830881633, 122.13066772360897 29.78760144784782, 122.12742272479625 29.78760144784782))"
610,34.430650852903746,119.79478313314088,2,"POLYGON ((119.79214069915525 34.42686494490591, 119.79214069915525 34.42976989934233, 119.7933879020538 34.4344553927574, 119.79730548674218 34.4344553927574, 119.79730548674218 34.42941190674023, 119.7956510675114 34.42686494490591, 119.79214069915525 34.42686494490591))"
611,34.443169369479875,119.7959485787879,1,"POLYGON ((119.7939261233977 34.43888190371397, 119.7939261233977 34.44745683524578, 119.79797103417809 34.44745683524578, 119.79797103417809 34.43888190371397, 119.7939261233977 34.43888190371397))"
612,31.023831410581142,121.48633245241145,1,"POLYGON ((121.48441608882662 31.021938923446644, 121.48441608882662 31.02572389771563, 121.48824881599626 31.02572389771563, 121.48824881599626 31.021938923446644, 121.48441608882662 31.021938923446644))"
613,31.054154884787632,121.4724754524074,11,"POLYGON ((121.47549642137747 31.032692084921415, 121.4736710324886 31.038393756771274, 121.46542323248856 31.068574412803713, 121.46542323248856 31.074500812715723, 121.46977696751138 31.074500812715723, 121.47621359251143 31.053448692191548, 121.47804696751142 31.0458886043186, 121.47861176751141 31.042894797889414, 121.4788623675114 31.03554750480331, 121.4788623675114 31.032692084921415, 121.47549642137747 31.032692084921415))"
614,31.132973231742202,121.4587388833333,1,"POLYGON ((121.45593219915521 31.131029906575684, 121.45593219915521 31.134916556908728, 121.4615455675114 31.134916556908728, 121.4615455675114 31.131029906575684, 121.45593219915521 31.131029906575684))"
615,31.31275795165438,121.5549008888889,1,"POLYGON ((121.55315881026637 31.310862900890616, 121.55315881026637 31.314653002418144, 121.55664296751141 31.314653002418144, 121.55664296751141 31.310862900890616, 121.55315881026637 31.310862900890616))"
616,31.221304970795916,118.11700324999997,1,"POLYGON ((118.11304953248857 31.218617186140513, 118.11304953248857 31.22399275545132, 118.12095696751139 31.22399275545132, 118.12095696751139 31.218617186140513, 118.11304953248857 31.218617186140513))"
617,23.495387562744444,116.48757191010101,2,"POLYGON ((116.48616323248858 23.488898693762927, 116.48433413775173 23.498932539984885, 116.48433413775173 23.501974852992085, 116.48760990084476 23.501974852992085, 116.49052813417806 23.497581641902073, 116.49052813417806 23.488898693762927, 116.48616323248858 23.488898693762927))"
618,34.3256303265112,119.7483551758324,1,"POLYGON ((119.74608064258034 34.323888095899996, 119.74608064258034 34.327372557122416, 119.75062970908444 34.327372557122416, 119.75062970908444 34.323888095899996, 119.74608064258034 34.323888095899996))"
619,32.1866904563867,119.03092454766075,2,"POLYGON ((119.02621066710394 32.18302769792668, 119.02621066710394 32.18604315366024, 119.0292307467743 32.19011181219154, 119.03552650084474 32.19011181219154, 119.03552650084474 32.18548038226118, 119.02960721751141 32.18302769792668, 119.02621066710394 32.18302769792668))"
620,31.760552763007496,118.46795945162951,7,"POLYGON ((118.46100969915524 31.75200615919344, 118.46100969915524 31.755776249677837, 118.46331959131211 31.763281781325603, 118.46612540748858 31.76529160832974, 118.47140340748861 31.768615725608605, 118.47529587660233 31.768615725608605, 118.47529587660233 31.76403131761352, 118.47129687660231 31.757216525469847, 118.4645489675114 31.75200615919344, 118.46100969915524 31.75200615919344))"
621,31.285614180377692,118.21156866439594,7,"POLYGON ((118.20027782036736 31.27785133903989, 118.20027782036736 31.290529781124096, 118.22135833248858 31.293038944344982, 118.22559334251142 31.293038944344982, 118.22559334251142 31.289339471682343, 118.21500487660231 31.27785133903989, 118.20027782036736 31.27785133903989))"
622,31.30514999325535,121.56010691428571,1,"POLYGON ((121.55815803248856 31.30152166442204, 121.55815803248856 31.308778322088656, 121.56205579608284 31.308778322088656, 121.56205579608284 31.30152166442204, 121.55815803248856 31.30152166442204))"
623,23.51573528648674,116.40772776030681,2,"POLYGON ((116.40817833551888 23.512778170833737, 116.40290203248857 23.515292657479865, 116.40290203248857 23.5184699627064, 116.40803670267123 23.5184699627064, 116.41223596751139 23.516645040956984, 116.41223596751139 23.512778170833737, 116.40817833551888 23.512778170833737))"
624,23.495221072840124,116.40985338032786,1,"POLYGON ((116.40818843248859 23.493546979387453, 116.40818843248859 23.49689516629279, 116.41151832816715 23.49689516629279, 116.41151832816715 23.493546979387453, 116.40818843248859 23.493546979387453))"
625,31.285566160666274,121.56726824414717,1,"POLYGON ((121.56551359770599 31.283611332174882, 121.56551359770599 31.287520989157667, 121.56902289058833 31.287520989157667, 121.56902289058833 31.283611332174882, 121.56551359770599 31.283611332174882))"
626,22.444593249414982,113.04186962528985,2,"POLYGON ((113.04209586582192 22.441995499186994, 113.0364948129764 22.443733184575734, 113.0364948129764 22.447275370595786, 113.04096804251138 22.447275370595786, 113.04734261036857 22.4454122784889, 113.04734261036857 22.441995499186994, 113.04209586582192 22.441995499186994))"
627,22.299521740588492,113.07436143584863,3,"POLYGON ((113.0700730324886 22.295036920810265, 113.0700730324886 22.299144751224357, 113.07417603248858 22.30497174584626, 113.07765984104772 22.30497174584626, 113.07785432235012 22.301660862989777, 113.07785432235012 22.295745928401587, 113.0738551675114 22.295036920810265, 113.0700730324886 22.295036920810265))"
628,31.096652231264827,121.46054934541795,3,"POLYGON ((121.45883188494757 31.089749804634838, 121.45610531820286 31.095692891251847, 121.45610531820286 31.101476455339718, 121.45884588963143 31.103614877087484, 121.4630637175114 31.103614877087484, 121.46465516751141 31.09695703673352, 121.46465516751141 31.089749804634838, 121.45883188494757 31.089749804634838))"
629,31.398725912961574,118.34612518157896,1,"POLYGON ((118.34434763248859 31.397162204513545, 118.34434763248859 31.40028962140961, 118.3479027306693 31.40028962140961, 118.3479027306693 31.397162204513545, 118.34434763248859 31.397162204513545))"
630,31.275109471993606,118.19535004623019,5,"POLYGON ((118.19784164118421 31.269672455238368, 118.18527250307679 31.26967399234528, 118.18527250307679 31.27315611904645, 118.19242888665525 31.28023211953863, 118.19692814359969 31.281758859666716, 118.20340580084475 31.281758859666716, 118.20340580084475 31.27591469161649, 118.2012603425114 31.269672455238368, 118.19784164118421 31.269672455238368))"
631,23.523852733973424,116.37976293191048,4,"POLYGON ((116.38405636582189 23.520467464614963, 116.37016303248858 23.522905891369454, 116.37016303248858 23.526432967081984, 116.37415647348236 23.526728138224964, 116.37758039304332 23.526728138224964, 116.3852156647591 23.526395437069972, 116.38846132465426 23.52428644840418, 116.38846132465426 23.520467464614963, 116.38405636582189 23.520467464614963))"
632,31.197136796538427,118.00430647329198,13,"POLYGON ((117.99877110145411 31.17936362952591, 117.99824216582189 31.18748831434106, 117.99824216582189 31.19097953818446, 118.00002501208041 31.204179459017865, 118.00278098862893 31.21499877162602, 118.00698412563106 31.21499877162602, 118.0112220925114 31.203134248006606, 118.0112220925114 31.198737286735305, 118.00913487660232 31.191153584576146, 118.00592124023869 31.18340667136062, 118.0023832175114 31.17936362952591, 117.99877110145411 31.17936362952591))"
633,31.131625998772748,118.00054153349944,1,"POLYGON ((117.99890471853509 31.130090845255392, 117.99890471853509 31.133161152290093, 118.00217834846381 31.133161152290093, 118.00217834846381 31.130090845255392, 117.99890471853509 31.130090845255392))"
634,31.45674777448223,118.33960411163336,1,"POLYGON ((118.33791895140749 31.45535939258347, 118.33791895140749 31.458136156380995, 118.34128927185924 31.458136156380995, 118.34128927185924 31.45535939258347, 118.33791895140749 31.45535939258347))"
635,31.20817526502036,118.07925392380953,1,"POLYGON ((118.07741954677431 31.2067198978573, 118.07741954677431 31.20963063218342, 118.08108830084475 31.20963063218342, 118.08108830084475 31.2067198978573, 118.07741954677431 31.2067198978573))"
636,23.471683249528215,116.48237040382081,1,"POLYGON ((116.48004093103931 23.468643350070998, 116.48004093103931 23.474723148985433, 116.4846998766023 23.474723148985433, 116.4846998766023 23.468643350070998, 116.48004093103931 23.468643350070998))"
637,23.46242751357984,116.47339228333333,1,"POLYGON ((116.47155643248857 23.460669509739816, 116.47155643248857 23.46418551741986, 116.47522813417808 23.46418551741986, 116.47522813417808 23.460669509739816, 116.47155643248857 23.460669509739816))"
638,32.27139289440582,119.43905739440996,1,"POLYGON ((119.43627160391718 32.269671883124694, 119.43627160391718 32.273113905686955, 119.44184318490272 32.273113905686955, 119.44184318490272 32.269671883124694, 119.43627160391718 32.269671883124694))"
639,32.17410738775522,118.86776282307105,3,"POLYGON ((118.86309975662651 32.17151455659508, 118.86309975662651 32.17489353097917, 118.86910161785441 32.17668577049759, 118.8725707675114 32.17668577049759, 118.8725707675114 32.17371857055832, 118.86719487762375 32.17151455659508, 118.86309975662651 32.17151455659508))"
640,23.505665486109958,116.38316469509593,1,"POLYGON ((116.38151913696618 23.504127039354028, 116.38151913696618 23.507203932865885, 116.38481025322568 23.507203932865885, 116.38481025322568 23.504127039354028, 116.38151913696618 23.504127039354028))"
641,32.18792616819787,119.28383385408164,1,"POLYGON ((119.28115744065184 32.18621253612463, 119.28115744065184 32.18963980027111, 119.28651026751139 32.18963980027111, 119.28651026751139 32.18621253612463, 119.28115744065184 32.18621253612463))"
642,32.16597583966589,118.85202404642857,1,"POLYGON ((118.85011155391715 32.16460362566216, 118.85011155391715 32.16734805366961, 118.85393653893998 32.16734805366961, 118.85393653893998 32.16460362566216, 118.85011155391715 32.16460362566216))"
643,32.187350271642266,119.32137113194443,1,"POLYGON ((119.31879192137744 32.18579597430697, 119.31879192137744 32.18890456897756, 119.32395034251142 32.18890456897756, 119.32395034251142 32.18579597430697, 119.31879192137744 32.18579597430697))"
644,32.18584752466402,118.88672305774732,3,"POLYGON ((118.88085507596685 32.18407437898279, 118.88085507596685 32.18698678530821, 118.88916868633473 32.18766108767138, 118.89257065981909 32.18766108767138, 118.89257065981909 32.1848161818004, 118.89004082465426 32.18445323695055, 118.88522727520372 32.18407437898279, 118.88085507596685 32.18407437898279))"
645,32.267550257145054,119.428521075,1,"POLYGON ((119.4267287824886 32.26608382148773, 119.4267287824886 32.269016692802374, 119.4303133675114 32.269016692802374, 119.4303133675114 32.26608382148773, 119.4267287824886 32.26608382148773))"
646,32.204296449764946,119.2480086162704,2,"POLYGON ((119.24741534644204 32.20227521514775, 119.24523771742007 32.20345625837348, 119.24523771742007 32.20631137400618, 119.24871046751142 32.20631137400618, 119.25077803980055 32.20509618887471, 119.25077803980055 32.20227521514775, 119.24741534644204 32.20227521514775))"
647,26.88585802211436,119.65531808313521,3,"POLYGON ((119.65571223248858 26.882421977195488, 119.6488405562981 26.88587044025106, 119.6488405562981 26.88882098933265, 119.6521464781497 26.88882098933265, 119.6611743675114 26.887649097579132, 119.6611743675114 26.884569480276163, 119.65939953893998 26.882421977195488, 119.65571223248858 26.882421977195488))"
648,22.44837552913278,113.02944301262626,1,"POLYGON ((113.02737166885223 22.44681671780154, 113.02737166885223 22.44993434046402, 113.0315143564003 22.44993434046402, 113.0315143564003 22.44681671780154, 113.02737166885223 22.44681671780154))"
649,22.375691202900306,113.07665816868281,1,"POLYGON ((113.07492990748858 22.373258653326346, 113.07492990748858 22.37812375247427, 113.07838642987701 22.37812375247427, 113.07838642987701 22.373258653326346, 113.07492990748858 22.373258653326346))"
650,22.308160117518348,113.06596136842104,1,"POLYGON ((113.06418376933068 22.306409342602077, 113.06418376933068 22.309910892434623, 113.0677389675114 22.309910892434623, 113.0677389675114 22.306409342602077, 113.06418376933068 22.306409342602077))"
651,31.009566120913718,121.4456519849105,3,"POLYGON ((121.44648953248858 31.00612158738284, 121.43889465748858 31.00873862543045, 121.43889465748858 31.012264788278113, 121.44719739314431 31.01236361979129, 121.4513264411956 31.01236361979129, 121.4513264411956 31.009405535126728, 121.4511510925114 31.00612158738284, 121.44648953248858 31.00612158738284))"
652,32.20019116867706,119.28060670373534,5,"POLYGON ((119.2908080324886 32.1948432311023, 119.28347699545155 32.19533357031679, 119.27814783248857 32.196059559174586, 119.27129974301488 32.199425538712916, 119.26712486227582 32.20309020657174, 119.26712486227582 32.20664289390561, 119.2732278175114 32.20664289390561, 119.29590671751139 32.19820737553228, 119.29590671751139 32.1948432311023, 119.2908080324886 32.1948432311023))"
653,30.984686288301962,121.37622136363635,1,"POLYGON ((121.3737417597613 30.98289920443814, 121.3737417597613 30.986473372165772, 121.3787009675114 30.986473372165772, 121.3787009675114 30.98289920443814, 121.3737417597613 30.98289920443814))"
654,32.23723011620751,119.25333605887681,1,"POLYGON ((119.25171165748857 32.23583284507702, 119.25171165748857 32.23862738733801, 119.25496046026504 32.23862738733801, 119.25496046026504 32.23583284507702, 119.25171165748857 32.23583284507702))"
655,31.716265256906553,118.45236114133832,1,"POLYGON ((118.45046382736037 31.714314770656912, 118.45046382736037 31.718215743156197, 118.45425845531628 31.718215743156197, 118.45425845531628 31.714314770656912, 118.45046382736037 31.714314770656912))"
656,31.54981504398233,118.38079014798949,4,"POLYGON ((118.3758064074886 31.5414540553553, 118.3758064074886 31.54485170649453, 118.3793391292628 31.558772253614944, 118.38442154645877 31.558772253614944, 118.38506021751141 31.552099357338665, 118.38506021751141 31.545757857533566, 118.38018113417807 31.5414540553553, 118.3758064074886 31.5414540553553))"
657,32.19411818042474,119.35052054565217,1,"POLYGON ((119.34758292379293 32.19232488888864, 119.34758292379293 32.19591147196083, 119.3534581675114 32.19591147196083, 119.3534581675114 32.19232488888864, 119.34758292379293 32.19232488888864))"
658,30.983001943312836,121.3606431590909,1,"POLYGON ((121.35899653248858 30.981535639174027, 121.35899653248858 30.98446824745164, 121.36228978569324 30.98446824745164, 121.36228978569324 30.981535639174027, 121.35899653248858 30.981535639174027))"
659,31.001954663586822,121.42901644999999,1,"POLYGON ((121.42666543248859 31.000344203399028, 121.42666543248859 31.00356512377461, 121.43136746751141 31.00356512377461, 121.43136746751141 31.000344203399028, 121.42666543248859 31.000344203399028))"
660,32.23656328830686,119.17426159999997,1,"POLYGON ((119.17246363248857 32.235102671585366, 119.17246363248857 32.238023905028356, 119.17605956751139 32.238023905028356, 119.17605956751139 32.235102671585366, 119.17246363248857 32.235102671585366))"
661,31.817118417448796,118.52943254502274,2,"POLYGON ((118.52693244425328 31.813999832332037, 118.52693244425328 31.817049916045782, 118.5287044324886 31.820255957773767, 118.53194081195583 31.820255957773767, 118.53194081195583 31.817445215969972, 118.53029678051952 31.813999832332037, 118.52693244425328 31.813999832332037))"
662,38.09309367430615,118.0410449583508,2,"POLYGON ((118.04187218633471 38.088015406678025, 118.03691377322933 38.093521691290924, 118.03691377322933 38.097931865826084, 118.0413453425114 38.097931865826084, 118.04528212540615 38.09129161107208, 118.04528212540615 38.088015406678025, 118.04187218633471 38.088015406678025))"
663,38.062695629259395,118.03884776900131,2,"POLYGON ((118.03886386582191 38.05822083552276, 118.03577523248858 38.06089472414842, 118.03577523248858 38.067135817229236, 118.04031567339376 38.067135817229236, 118.04218803893997 38.060808427323025, 118.04218803893997 38.05822083552276, 118.03886386582191 38.05822083552276))"
664,38.07607077134512,118.04592330519482,1,"POLYGON ((118.04327446106004 38.07113606024794, 118.04327446106004 38.081005482442315, 118.0485721493296 38.081005482442315, 118.0485721493296 38.07113606024794, 118.04327446106004 38.07113606024794))"
665,38.030775619802405,118.03626298177223,2,"POLYGON ((118.03351243989599 38.02785473597825, 118.03351243989599 38.03165818194286, 118.03550057095013 38.03373352161563, 118.03901696751139 38.03373352161563, 118.03901696751139 38.030357150914384, 118.0374558075114 38.02785473597825, 118.03351243989599 38.02785473597825))"
666,38.018930369860776,118.02350409231023,4,"POLYGON ((118.0174177824886 38.014147269128856, 118.0174177824886 38.016911165843595, 118.01885695556548 38.02058691251074, 118.02400969915524 38.0227651365511, 118.02688958918961 38.02360482985788, 118.03021122677067 38.02360482985788, 118.03021122677067 38.021038503725435, 118.02523703893998 38.01555369357348, 118.02096346751142 38.014147269128856, 118.0174177824886 38.014147269128856))"
667,31.11934849863017,121.46622983333334,1,"POLYGON ((121.46452978248858 31.117746236606123, 121.46452978248858 31.120950760654214, 121.46792988417808 31.120950760654214, 121.46792988417808 31.117746236606123, 121.46452978248858 31.117746236606123))"
668,32.25179689787555,119.13068997826615,5,"POLYGON ((119.13545835067038 32.25014941362888, 119.12251319090443 32.25036951996916, 119.12251319090443 32.25330598339496, 119.12698590748859 32.25344052352704, 119.13033232167808 32.25344052352704, 119.13252052306696 32.25341133248869, 119.1349002402387 32.253350807578634, 119.13882820694802 32.253066639815344, 119.13882820694802 32.25014941362888, 119.13545835067038 32.25014941362888))"
669,34.28692326359252,119.70522030138657,2,"POLYGON ((119.7006853658219 34.28364472646436, 119.7006853658219 34.28806485685785, 119.70599907248857 34.290374687781, 119.7098169675114 34.290374687781, 119.7098169675114 34.2871190316978, 119.7067917322173 34.28364472646436, 119.7006853658219 34.28364472646436))"
670,34.39162401033388,119.79376882503021,2,"POLYGON ((119.78875765748856 34.38963673513164, 119.78875765748856 34.39384983586128, 119.7937445300114 34.39384983586128, 119.79941824023867 34.39265664276109, 119.79941824023867 34.38978793884054, 119.7937445300114 34.38963673513164, 119.78875765748856 34.38963673513164))"
671,34.42290106350816,119.78615649055861,1,"POLYGON ((119.78417369102516 34.42093804089674, 119.78417369102516 34.42486408611957, 119.78813929009206 34.42486408611957, 119.78813929009206 34.42093804089674, 119.78417369102516 34.42093804089674))"
672,31.77586845140077,118.4951040081081,1,"POLYGON ((118.4924472487048 31.773547719455657, 118.4924472487048 31.778189183345877, 118.49776076751141 31.778189183345877, 118.49776076751141 31.773547719455657, 118.4924472487048 31.773547719455657))"
673,23.54942006606821,116.43767635957913,1,"POLYGON ((116.43566861080181 23.54728652287792, 116.43566861080181 23.551553609258495, 116.43968410835649 23.551553609258495, 116.43968410835649 23.54728652287792, 116.43566861080181 23.54728652287792))"
674,22.808595942053746,113.02618620133322,4,"POLYGON ((113.02066574216599 22.80187298651485, 113.02066574216599 22.805104950083415, 113.02321743248858 22.81551964718649, 113.02936915355792 22.81551964718649, 113.03209395709474 22.808220728499975, 113.03209395709474 22.805145710897868, 113.02396984251142 22.80187298651485, 113.02066574216599 22.80187298651485))"
675,22.80238246898006,113.00634726875,1,"POLYGON ((113.0046186324886 22.800832794492976, 113.0046186324886 22.803932143467144, 113.00807590501141 22.803932143467144, 113.00807590501141 22.800832794492976, 113.0046186324886 22.800832794492976))"
676,22.882693112181748,112.90428867045452,1,"POLYGON ((112.90257228248858 22.880806725156408, 112.90257228248858 22.88457949920709, 112.90600505842049 22.88457949920709, 112.90600505842049 22.880806725156408, 112.90257228248858 22.880806725156408))"
677,22.389685559872596,113.0787838778698,1,"POLYGON ((113.07710288732729 22.38812198464556, 113.07710288732729 22.391249135099635, 113.08046486841232 22.391249135099635, 113.08046486841232 22.38812198464556, 113.07710288732729 22.38812198464556))"
678,31.785085976800993,118.50915837931035,1,"POLYGON ((118.50693603248858 31.783460996922976, 118.50693603248858 31.786710956679006, 118.5113807261321 31.786710956679006, 118.5113807261321 31.783460996922976, 118.50693603248858 31.783460996922976))"
679,31.083489174597876,121.47095714554793,1,"POLYGON ((121.46927628248858 31.082018276185174, 121.46927628248858 31.08496007301058, 121.47263800860729 31.08496007301058, 121.47263800860729 31.082018276185174, 121.46927628248858 31.082018276185174))"
680,31.291164855790498,121.5602587080745,1,"POLYGON ((121.55858416292335 31.28953422453689, 121.55858416292335 31.29279548704411, 121.56193325322569 31.29279548704411, 121.56193325322569 31.28953422453689, 121.55858416292335 31.28953422453689))"
681,31.2361555898826,118.1391818295019,1,"POLYGON ((118.13648958804414 31.234013744736593, 118.13648958804414 31.23829743502861, 118.14187407095969 31.23829743502861, 118.14187407095969 31.234013744736593, 118.13648958804414 31.234013744736593))"
682,32.12922101155203,118.77599631666664,1,"POLYGON ((118.7722746658219 32.12616504847155, 118.7722746658219 32.13227697463251, 118.77971796751139 32.13227697463251, 118.77971796751139 32.12616504847155, 118.7722746658219 32.12616504847155))"
683,32.19973100301074,118.75942186266862,2,"POLYGON ((118.75900236582191 32.194940267343995, 118.75594083248858 32.19687109637785, 118.75594083248858 32.20423003961671, 118.76240256751142 32.20423003961671, 118.76279716751141 32.19812780530027, 118.76279716751141 32.194940267343995, 118.75900236582191 32.194940267343995))"
684,31.102262374625653,117.99711055926174,2,"POLYGON ((117.99342263665523 31.097714254048746, 117.99342263665523 31.101061525674137, 117.99676030275889 31.106817133431097, 118.00067110084476 31.106817133431097, 118.00067110084476 31.102602464946525, 117.99715224251139 31.097714254048746, 117.99342263665523 31.097714254048746))"
685,31.19650106532495,118.0631312833333,1,"POLYGON ((118.06145219915524 31.19505261934507, 118.06145219915524 31.197949511304827, 118.06481036751141 31.197949511304827, 118.06481036751141 31.19505261934507, 118.06145219915524 31.19505261934507))"
686,32.22981369117982,119.19330119503422,3,"POLYGON ((119.19676469915522 32.22638666213547, 119.19216503248857 32.22723021975843, 119.18656579248858 32.230241198409004, 119.18656579248858 32.23344749391816, 119.19010413417809 32.23344749391816, 119.19609963417808 32.23151020307804, 119.20031722838097 32.22916494948753, 119.20031722838097 32.22638666213547, 119.19676469915522 32.22638666213547))"
687,32.232157697013314,118.83717111428444,2,"POLYGON ((118.83715884498856 32.22972932165702, 118.83384145640161 32.231669161078585, 118.83384145640161 32.234586415311114, 118.83716637567468 32.234586415311114, 118.84049878773612 32.23265791623776, 118.84049878773612 32.22972932165702, 118.83715884498856 32.22972932165702))"
688,32.1695245297636,118.9535187710229,2,"POLYGON ((118.95431707846558 32.167945819486405, 118.94932719397924 32.16827716657029, 118.94932719397924 32.17107709653995, 118.95259293380353 32.17107709653995, 118.9576614175114 32.17084359586798, 118.9576614175114 32.167945819486405, 118.95431707846558 32.167945819486405))"
689,31.173460125463276,117.9974522083333,1,"POLYGON ((117.99575744915524 31.17205602726397, 117.99575744915524 31.17486422366259, 117.9991469675114 31.17486422366259, 117.9991469675114 31.17205602726397, 117.99575744915524 31.17205602726397))"
690,32.17632076664056,118.85551418840578,1,"POLYGON ((118.8509803658219 32.17317909022899, 118.8509803658219 32.17946244305211, 118.86004801098967 32.17946244305211, 118.86004801098967 32.17317909022899, 118.8509803658219 32.17317909022899))"
691,30.71941780102689,117.39253091702034,2,"POLYGON ((117.39007546106 30.717213904916655, 117.39007546106 30.720890669260623, 117.39177572814079 30.72155922894972, 117.39508473221727 30.72155922894972, 117.39508473221727 30.718668534582292, 117.39366878001142 30.717213904916655, 117.39007546106 30.717213904916655))"
692,31.255880523163817,118.16544129166664,1,"POLYGON ((118.1627036158219 31.253925786212157, 118.1627036158219 31.257835260115474, 118.1681789675114 31.257835260115474, 118.1681789675114 31.253925786212157, 118.1627036158219 31.253925786212157))"
693,32.22319777509152,119.05900598931876,2,"POLYGON ((119.05446428248861 32.217789261023555, 119.05446428248861 32.22547906051473, 119.0600657324886 32.228832964585074, 119.06391833114778 32.228832964585074, 119.06391833114778 32.22579463148655, 119.06112842205687 32.217789261023555, 119.05446428248861 32.217789261023555))"
694,31.748577354794563,118.47013660666667,1,"POLYGON ((118.4681563658219 31.74709037508054, 118.4681563658219 31.750064334508586, 118.47211684751142 31.750064334508586, 118.47211684751142 31.74709037508054, 118.4681563658219 31.74709037508054))"
695,30.867175282362147,117.73357062499998,1,"POLYGON ((117.73169203248855 30.865263143791196, 117.73169203248855 30.869087420933095, 117.73544921751142 30.869087420933095, 117.73544921751142 30.865263143791196, 117.73169203248855 30.865263143791196))"
696,30.906160586116595,117.74073171304268,2,"POLYGON ((117.73869499402703 30.903822910080002, 117.73869499402703 30.90683308837546, 117.73920470941167 30.90862114817016, 117.74251459251141 30.90862114817016, 117.74271603997518 30.90683308837546, 117.74271603997518 30.903822910080002, 117.73869499402703 30.903822910080002))"
697,30.730876864959253,117.42298131056215,2,"POLYGON ((117.42074366885221 30.72818424490566, 117.42074366885221 30.731295912083546, 117.42089726140428 30.733588879014864, 117.42519696751141 30.733588879014864, 117.42519696751141 30.730262683421678, 117.42514424023868 30.72818424490566, 117.42074366885221 30.72818424490566))"
698,30.825731791437637,117.72141283963616,3,"POLYGON ((117.71741023248856 30.821144705440023, 117.71741023248856 30.824745437571618, 117.72055044065185 30.829092348544794, 117.72214203248858 30.830538853786795, 117.72539769478415 30.830538853786795, 117.72539769478415 30.827649899512174, 117.72460495588349 30.825786156769134, 117.72170165501142 30.821144705440023, 117.71741023248856 30.821144705440023))"
699,30.736968290166374,117.43120768333333,1,"POLYGON ((117.42874489915525 30.7352239646133, 117.42874489915525 30.738712615719447, 117.43367046751139 30.738712615719447, 117.43367046751139 30.7352239646133, 117.42874489915525 30.7352239646133))"
700,32.182570869308314,118.7656509285714,1,"POLYGON ((118.76338488963141 32.180319947548924, 118.76338488963141 32.18482179106772, 118.7679169675114 32.18482179106772, 118.7679169675114 32.180319947548924, 118.76338488963141 32.180319947548924))"
701,32.191089715493504,119.27321659057232,2,"POLYGON ((119.2733287824886 32.189008578159005, 119.26969523248857 32.190378277323035, 119.26969523248857 32.193156980044215, 119.2730000032257 32.193156980044215, 119.27670371751141 32.191898148971035, 119.27670371751141 32.189008578159005, 119.2733287824886 32.189008578159005))"
702,31.472726929600118,118.30522683536583,1,"POLYGON ((118.30359653248856 31.471314995908976, 118.30359653248856 31.474138863291262, 118.30685713824312 31.474138863291262, 118.30685713824312 31.471314995908976, 118.30359653248856 31.471314995908976))"
703,32.23871067290365,119.15681590894538,1,"POLYGON ((119.15365543926826 32.236332401208315, 119.15365543926826 32.24108894459899, 119.15997637862252 32.24108894459899, 119.15997637862252 32.236332401208315, 119.15365543926826 32.236332401208315))"
704,32.23777501094861,119.20505393063185,1,"POLYGON ((119.20214671106 32.23603916068282, 119.20214671106 32.239510861214406, 119.20796115020373 32.239510861214406, 119.20796115020373 32.23603916068282, 119.20214671106 32.23603916068282))"
705,22.573288532969617,113.48718784253364,3,"POLYGON ((113.48037675976131 22.571665215831125, 113.48037675976131 22.574765991632926, 113.49080721998857 22.574893233337438, 113.4940618805549 22.574893233337438, 113.4940618805549 22.571897386931717, 113.49079283114777 22.571779037638297, 113.48435654645877 22.571665215831125, 113.48037675976131 22.571665215831125))"
706,22.871461855620467,112.91651571252592,2,"POLYGON ((112.9151732417909 22.869220418502625, 112.91456529915524 22.870661623595858, 112.91456529915524 22.87369262378478, 112.91792728893998 22.87369262378478, 112.91845723166236 22.872220839928893, 112.91845723166236 22.869220418502625, 112.9151732417909 22.869220418502625))"
707,22.743584396386616,113.0776023937347,3,"POLYGON ((113.07609443248857 22.737359801210506, 113.07447363248858 22.74557801309286, 113.07447363248858 22.749406433624664, 113.07824507862253 22.749406433624664, 113.08023441195583 22.748097626478682, 113.08036721751142 22.740968588190515, 113.08036721751142 22.737359801210506, 113.07609443248857 22.737359801210506))"
708,31.94779594660078,118.62439424999997,1,"POLYGON ((118.62201905422769 31.945717693714226, 118.62201905422769 31.949874199487336, 118.62676944577227 31.949874199487336, 118.62676944577227 31.945717693714226, 118.62201905422769 31.945717693714226))"
709,22.81395292940703,113.01578510735293,1,"POLYGON ((113.01382448248857 22.81222481323336, 113.01382448248857 22.815681045580693, 113.01774573221729 22.815681045580693, 113.01774573221729 22.81222481323336, 113.01382448248857 22.81222481323336))"
710,34.344337709360666,119.7461559234323,2,"POLYGON ((119.74422253248855 34.33984751341913, 119.74394953248857 34.34295015995762, 119.74394953248857 34.34869146226629, 119.74835398254899 34.34869146226629, 119.74835398254899 34.34295015995762, 119.74813132045259 34.33984751341913, 119.74422253248855 34.33984751341913))"
711,32.179200930832465,119.01866552352939,1,"POLYGON ((119.01703743248858 32.17782841010119, 119.01703743248858 32.18057345156373, 119.02029361457022 32.18057345156373, 119.02029361457022 32.17782841010119, 119.01703743248858 32.17782841010119))"
712,32.219155278817745,119.21575247619046,1,"POLYGON ((119.21394369915524 32.21761734177018, 119.21394369915524 32.2206932158653, 119.2175612532257 32.2206932158653, 119.2175612532257 32.21761734177018, 119.21394369915524 32.21761734177018))"
713,31.93644327961486,118.61146139248093,3,"POLYGON ((118.60752055521583 31.930469523380832, 118.6068883368364 31.934418171547936, 118.6068883368364 31.938119541748215, 118.61253530521584 31.94162652804072, 118.61677010544244 31.94162652804072, 118.61677010544244 31.937791314496646, 118.61077743417805 31.930469523380832, 118.60752055521583 31.930469523380832))"
714,34.21926393824391,119.58192454166667,1,"POLYGON ((119.5802860324886 34.21785466481485, 119.5802860324886 34.220673211672974, 119.58356305084473 34.220673211672974, 119.58356305084473 34.21785466481485, 119.5802860324886 34.21785466481485))"
715,34.22694139147198,119.59972660192308,1,"POLYGON ((119.59805018633472 34.22559250884032, 119.59805018633472 34.22829027410364, 119.60140301751142 34.22829027410364, 119.60140301751142 34.22559250884032, 119.59805018633472 34.22559250884032))"
716,34.353822874929335,119.75886400387597,1,"POLYGON ((119.7572173658219 34.352481676379625, 119.7572173658219 34.35516407347906, 119.76051064193001 34.35516407347906, 119.76051064193001 34.352481676379625, 119.7572173658219 34.352481676379625))"
717,34.320680028867244,119.73386206704978,1,"POLYGON ((119.732212476933 34.31929821017265, 119.732212476933 34.32206184756184, 119.73551165716655 34.32206184756184, 119.73551165716655 34.31929821017265, 119.732212476933 34.31929821017265))"
718,34.230719656975175,119.60781730769227,1,"POLYGON ((119.60565464787317 34.22903695512605, 119.60565464787317 34.2324023588243, 119.6099799675114 34.2324023588243, 119.6099799675114 34.22903695512605, 119.60565464787317 34.22903695512605))"
719,32.20020110750547,119.04939879220778,1,"POLYGON ((119.04759388963144 32.19867750925655, 119.04759388963144 32.201724705754394, 119.05120369478415 32.201724705754394, 119.05120369478415 32.19867750925655, 119.04759388963144 32.19867750925655))"
720,23.45626732441385,116.46466149999999,1,"POLYGON ((116.46255519915528 23.45473164303131, 116.46255519915528 23.457803005796393, 116.46676780084474 23.457803005796393, 116.46676780084474 23.45473164303131, 116.46255519915528 23.45473164303131))"
721,34.364907813476904,119.76993697771697,1,"POLYGON ((119.76779203248859 34.36268623425712, 119.76779203248859 34.3671293926967, 119.77208192294533 34.3671293926967, 119.77208192294533 34.36268623425712, 119.76779203248859 34.36268623425712))"
722,32.2404609619379,119.31272633333333,1,"POLYGON ((119.31081803248858 32.23890952889423, 119.31081803248858 32.242012394981565, 119.31463463417806 32.242012394981565, 119.31463463417806 32.23890952889423, 119.31081803248858 32.23890952889423))"
723,34.30771860727348,119.73116271657481,4,"POLYGON ((119.72551469915524 34.30295091981415, 119.72551469915524 34.30595335670623, 119.73190471783342 34.31261415551394, 119.73627982465428 34.31261415551394, 119.73627982465428 34.30895319357825, 119.73416546751143 34.30563176444656, 119.7312054675114 34.30411635037388, 119.7288411493296 34.30295091981415, 119.72551469915524 34.30295091981415))"
724,22.444725433517405,113.01261452365591,1,"POLYGON ((113.0109538324886 22.443196912131043, 113.0109538324886 22.44625395490376, 113.01427521482324 22.44625395490376, 113.01427521482324 22.443196912131043, 113.0109538324886 22.443196912131043))"
725,32.197299041195684,119.26015574451476,1,"POLYGON ((119.25794748818477 32.195638211172124, 119.25794748818477 32.198959871219245, 119.26236400084473 32.198959871219245, 119.26236400084473 32.195638211172124, 119.25794748818477 32.195638211172124))"
726,22.970570100500698,112.85890873318178,1,"POLYGON ((112.85715811248858 22.96890819367165, 112.85715811248858 22.972232007329747, 112.86065935387502 22.972232007329747, 112.86065935387502 22.96890819367165, 112.85715811248858 22.96890819367165))"
727,22.763398407465857,113.09912598214285,1,"POLYGON ((113.0969187467743 22.761810301387257, 113.0969187467743 22.764986513544454, 113.1013332175114 22.764986513544454, 113.1013332175114 22.761810301387257, 113.0969187467743 22.761810301387257))"
728,22.92940459162461,112.8699879861111,1,"POLYGON ((112.86806478248857 22.927670865358515, 112.86806478248857 22.93113831789071, 112.87191118973364 22.93113831789071, 112.87191118973364 22.927670865358515, 112.86806478248857 22.927670865358515))"
729,30.662666780701024,117.26300183333335,1,"POLYGON ((117.26128969915524 30.661209431569386, 117.26128969915524 30.664124129832658, 117.26471396751143 30.664124129832658, 117.26471396751143 30.661209431569386, 117.26128969915524 30.661209431569386))"
730,30.653089333686374,117.27933060336537,1,"POLYGON ((117.27725546998857 30.651408790538923, 117.27725546998857 30.654769876833818, 117.28140573674217 30.654769876833818, 117.28140573674217 30.651408790538923, 117.27725546998857 30.651408790538923))"
