{"type":"FeatureCollection","features":[{"type":"Feature","geometry":{"type":"Polygon","coordinates":[[[120.2272098125,36.02840505263158],[120.22796415789473,36.02840505263158],[120.22796415789473,36.028739],[120.2272098125,36.028739],[120.2272098125,36.02840505263158]]]},"properties":{"cluster_id":0,"lat":36.02855666919754,"lon":120.22753183851414,"count":22,"type":"berth","distance_to_coast":3952.671671010196,"inside_china_land":false}},{"type":"Feature","geometry":{"type":"Polygon","coordinates":[[[121.72998547619048,29.96854264893617],[121.73014527083332,29.96854264893617],[121.73014527083332,29.968757255319147],[121.72998547619048,29.968757255319147],[121.72998547619048,29.96854264893617]]]},"properties":{"cluster_id":1,"lat":29.968645462033543,"lon":121.7300789928432,"count":14,"type":"berth","distance_to_coast":345.32112731734804,"inside_china_land":false}},{"type":"Feature","geometry":{"type":"Polygon","coordinates":[[[119.79375766666668,34.4281986875],[119.7940341,34.4281986875],[119.7940341,34.428436181818185],[119.79375766666668,34.428436181818185],[119.79375766666668,34.4281986875]]]},"properties":{"cluster_id":3,"lat":34.428314687817604,"lon":119.79391021667148,"count":32,"type":"berth","distance_to_coast":6649.302319066479,"inside_china_land":true}},{"type":"Feature","geometry":{"type":"Polygon","coordinates":[[[119.0039358,39.2074037],[119.01075096875,39.2074037],[119.01075096875,39.211241125],[119.0039358,39.211241125],[119.0039358,39.2074037]]]},"properties":{"cluster_id":4,"lat":39.20961452722625,"lon":119.00720766714362,"count":186,"type":"berth","distance_to_coast":2507.8442925335553,"inside_china_land":true}},{"type":"Feature","geometry":{"type":"Polygon","coordinates":[[[119.78428866666667,34.47323866666667],[119.78884124324324,34.47323866666667],[119.78884124324324,34.47833010810811],[119.78428866666667,34.47833010810811],[119.78428866666667,34.47323866666667]]]},"properties":{"cluster_id":5,"lat":34.47573013047999,"lon":119.78649252419356,"count":56,"type":"berth","distance_to_coast":1249.226670264629,"inside_china_land":true}},{"type":"Feature","geometry":{"type":"Polygon","coordinates":[[[119.79554309090909,34.44021545454546],[119.79635406666667,34.44021545454546],[119.79635406666667,34.44461026086957],[119.79554309090909,34.44461026086957],[119.79554309090909,34.44021545454546]]]},"properties":{"cluster_id":6,"lat":34.442459042132434,"lon":119.79614026379284,"count":27,"type":"berth","distance_to_coast":4802.880224721217,"inside_china_land":true}},{"type":"Feature","geometry":{"type":"Polygon","coordinates":[[[119.00997685,39.2080997],[119.01036482352941,39.2080997],[119.01036482352941,39.20860946153846],[119.00997685,39.20860946153846],[119.00997685,39.2080997]]]},"properties":{"cluster_id":7,"lat":39.20838067399297,"lon":119.010201187772,"count":15,"type":"berth","distance_to_coast":2136.6418534552267,"inside_china_land":true}},{"type":"Feature","geometry":{"type":"Polygon","coordinates":[[[119.60831541509434,34.589153625],[119.60832487500001,34.589153625],[119.60832487500001,34.589333169811326],[119.60831541509434,34.589333169811326],[119.60831541509434,34.589153625]]]},"properties":{"cluster_id":8,"lat":34.58924871948256,"lon":119.60832021791023,"count":3,"type":"berth","distance_to_coast":2341.621924758876,"inside_china_land":false}},{"type":"Feature","geometry":{"type":"Polygon","coordinates":[[[118.46041329166667,38.94623594736842],[118.46146031578947,38.94623594736842],[118.46146031578947,38.94670220879121],[118.46041329166667,38.94670220879121],[118.46041329166667,38.94623594736842]]]},"properties":{"cluster_id":9,"lat":38.94636774068348,"lon":118.46120550571204,"count":19,"type":"berth","distance_to_coast":2640.0920182105974,"inside_china_land":false}},{"type":"Feature","geometry":{"type":"Polygon","coordinates":[[[118.45511244117647,38.952569218390806],[118.45517186363637,38.952569218390806],[118.45517186363637,38.95269167272727],[118.45511244117647,38.95269167272727],[118.45511244117647,38.952569218390806]]]},"properties":{"cluster_id":10,"lat":38.952631998591514,"lon":118.45514038766495,"count":7,"type":"berth","distance_to_coast":2779.1846477103363,"inside_china_land":false}},{"type":"Feature","geometry":{"type":"Polygon","coordinates":[[[121.25802207500001,39.57991905],[121.2580924516129,39.57991905],[121.2580924516129,39.57996111764706],[121.25802207500001,39.57996111764706],[121.25802207500001,39.57991905]]]},"properties":{"cluster_id":11,"lat":39.579940255119794,"lon":121.25804394367184,"count":15,"type":"berth","distance_to_coast":1865.207490031017,"inside_china_land":false}},{"type":"Feature","geometry":{"type":"Polygon","coordinates":[[[118.45504735185185,38.971034157894735],[118.45526181818182,38.971034157894735],[118.45526181818182,38.971486666666664],[118.45504735185185,38.971486666666664],[118.45504735185185,38.971034157894735]]]},"properties":{"cluster_id":12,"lat":38.97130364869178,"lon":118.45519475217526,"count":18,"type":"berth","distance_to_coast":1722.343895452591,"inside_china_land":false}},{"type":"Feature","geometry":{"type":"Polygon","coordinates":[[[121.28963657142856,39.59030487878788],[121.28967287058823,39.59030487878788],[121.28967287058823,39.590425435294115],[121.28963657142856,39.590425435294115],[121.28963657142856,39.59030487878788]]]},"properties":{"cluster_id":13,"lat":39.59037271829913,"lon":121.2896547449099,"count":9,"type":"berth","distance_to_coast":551.5300918497359,"inside_china_land":false}},{"type":"Feature","geometry":{"type":"Polygon","coordinates":[[[118.45499055555554,38.98165162790698],[118.45539586666668,38.98165162790698],[118.45539586666668,38.9821445],[118.45499055555554,38.9821445],[118.45499055555554,38.98165162790698]]]},"properties":{"cluster_id":14,"lat":38.98186979288016,"lon":118.45516617393676,"count":24,"type":"berth","distance_to_coast":1685.3982793483312,"inside_china_land":false}},{"type":"Feature","geometry":{"type":"Polygon","coordinates":[[[118.46346755882352,38.94427353846154],[118.46420587323944,38.94427353846154],[118.46420587323944,38.94500285416667],[118.46346755882352,38.94500285416667],[118.46346755882352,38.94427353846154]]]},"properties":{"cluster_id":15,"lat":38.944595404810215,"lon":118.46369559711992,"count":20,"type":"berth","distance_to_coast":2316.0721867446155,"inside_china_land":false}},{"type":"Feature","geometry":{"type":"Polygon","coordinates":[[[118.4538845,38.94963623529412],[118.45419411764705,38.94963623529412],[118.45419411764705,38.94980745614035],[118.4538845,38.94980745614035],[118.4538845,38.94963623529412]]]},"properties":{"cluster_id":16,"lat":38.949723734052355,"lon":118.45406729954009,"count":20,"type":"berth","distance_to_coast":3090.05126493914,"inside_china_land":false}},{"type":"Feature","geometry":{"type":"Polygon","coordinates":[[[118.45794496226415,38.94765243478261],[118.45841039130435,38.94765243478261],[118.45841039130435,38.9479776],[118.45794496226415,38.9479776],[118.45794496226415,38.94765243478261]]]},"properties":{"cluster_id":17,"lat":38.94780489293177,"lon":118.45821156489632,"count":25,"type":"berth","distance_to_coast":2826.7104718147075,"inside_china_land":false}},{"type":"Feature","geometry":{"type":"Polygon","coordinates":[[[118.45503980000001,38.972685299999995],[118.45525860000001,38.972685299999995],[118.45525860000001,38.97403781818182],[118.45503980000001,38.97403781818182],[118.45503980000001,38.972685299999995]]]},"properties":{"cluster_id":18,"lat":38.973624604330205,"lon":118.45516449916768,"count":38,"type":"berth","distance_to_coast":1716.8969511794128,"inside_china_land":false}},{"type":"Feature","geometry":{"type":"Polygon","coordinates":[[[119.015639,39.20336510526315],[119.01625053125,39.20336510526315],[119.01625053125,39.203669],[119.015639,39.203669],[119.015639,39.20336510526315]]]},"properties":{"cluster_id":19,"lat":39.20346829423141,"lon":119.0160016005065,"count":24,"type":"berth","distance_to_coast":1192.124676887881,"inside_china_land":true}},{"type":"Feature","geometry":{"type":"Polygon","coordinates":[[[119.00716208333334,39.20242566666666],[119.01085058333332,39.20242566666666],[119.01085058333332,39.20552417391304],[119.00716208333334,39.20552417391304],[119.00716208333334,39.20242566666666]]]},"properties":{"cluster_id":20,"lat":39.20406421374143,"lon":119.00821514779273,"count":68,"type":"berth","distance_to_coast":1924.1756094642672,"inside_china_land":true}},{"type":"Feature","geometry":{"type":"Polygon","coordinates":[[[119.03392325,39.215778],[119.034517,39.215778],[119.034517,39.216336],[119.03392325,39.216336],[119.03392325,39.215778]]]},"properties":{"cluster_id":21,"lat":39.21610820162413,"lon":119.03422750303292,"count":19,"type":"berth","distance_to_coast":732.5255124707674,"inside_china_land":true}},{"type":"Feature","geometry":{"type":"Polygon","coordinates":[[[118.4550389,38.960509],[118.45528216666666,38.960509],[118.45528216666666,38.96216121875],[118.4550389,38.96216121875],[118.4550389,38.960509]]]},"properties":{"cluster_id":22,"lat":38.96177393172666,"lon":118.45512301889808,"count":18,"type":"berth","distance_to_coast":2129.267200884111,"inside_china_land":false}},{"type":"Feature","geometry":{"type":"Polygon","coordinates":[[[118.45507305882353,38.95800926315789],[118.45532265,38.95800926315789],[118.45532265,38.95830333333333],[118.45507305882353,38.95830333333333],[118.45507305882353,38.95800926315789]]]},"properties":{"cluster_id":23,"lat":38.95819447904989,"lon":118.45519030469065,"count":13,"type":"berth","distance_to_coast":2377.9080399138793,"inside_china_land":false}},{"type":"Feature","geometry":{"type":"Polygon","coordinates":[[[119.6765649074074,39.9197670909091],[119.67677970731707,39.9197670909091],[119.67677970731707,39.92019814634146],[119.6765649074074,39.92019814634146],[119.6765649074074,39.9197670909091]]]},"properties":{"cluster_id":24,"lat":39.91998433630393,"lon":119.67671226270208,"count":7,"type":"berth","distance_to_coast":1949.0172278747575,"inside_china_land":false}},{"type":"Feature","geometry":{"type":"Polygon","coordinates":[[[118.45494000000001,38.968597307692306],[118.45525475,38.968597307692306],[118.45525475,38.969096377777774],[118.45494000000001,38.969096377777774],[118.45494000000001,38.968597307692306]]]},"properties":{"cluster_id":25,"lat":38.96870602977731,"lon":118.4551453648024,"count":25,"type":"berth","distance_to_coast":1751.3393562830845,"inside_china_land":false}},{"type":"Feature","geometry":{"type":"Polygon","coordinates":[[[118.45502669696971,38.976172999999996],[118.45523627659574,38.976172999999996],[118.45523627659574,38.97762024050633],[118.45502669696971,38.97762024050633],[118.45502669696971,38.976172999999996]]]},"properties":{"cluster_id":26,"lat":38.97720615771178,"lon":118.45510781965106,"count":64,"type":"berth","distance_to_coast":1709.6032447613893,"inside_china_land":false}},{"type":"Feature","geometry":{"type":"Polygon","coordinates":[[[118.44363578571428,38.942019625],[118.44951274736842,38.942019625],[118.44951274736842,38.94496042857143],[118.44363578571428,38.94496042857143],[118.44363578571428,38.942019625]]]},"properties":{"cluster_id":27,"lat":38.94346105894499,"lon":118.44656801123378,"count":38,"type":"berth","distance_to_coast":3950.909574043296,"inside_china_land":false}},{"type":"Feature","geometry":{"type":"Polygon","coordinates":[[[118.45510431707316,38.95534704878048],[118.45531109302325,38.95534704878048],[118.45531109302325,38.95551210294118],[118.45510431707316,38.95551210294118],[118.45510431707316,38.95534704878048]]]},"properties":{"cluster_id":28,"lat":38.95545463378518,"lon":118.45522806055578,"count":7,"type":"berth","distance_to_coast":2569.5453740502576,"inside_china_land":false}},{"type":"Feature","geometry":{"type":"Polygon","coordinates":[[[118.45508627500001,38.965938575],[118.45524084210527,38.965938575],[118.45524084210527,38.966362412844035],[118.45508627500001,38.966362412844035],[118.45508627500001,38.965938575]]]},"properties":{"cluster_id":29,"lat":38.966114201340815,"lon":118.45513998202928,"count":8,"type":"berth","distance_to_coast":1844.7216708110511,"inside_china_land":false}},{"type":"Feature","geometry":{"type":"Polygon","coordinates":[[[117.78800958333333,38.967117767123284],[117.78912627397261,38.967117767123284],[117.78912627397261,38.967332850000005],[117.78800958333333,38.967332850000005],[117.78800958333333,38.967117767123284]]]},"properties":{"cluster_id":31,"lat":38.96724305285539,"lon":117.788608273537,"count":4,"type":"berth","distance_to_coast":2473.852344274657,"inside_china_land":false}},{"type":"Feature","geometry":{"type":"Polygon","coordinates":[[[118.4550712244898,38.986542666666665],[118.45534883333333,38.986542666666665],[118.45534883333333,38.986973612244896],[118.4550712244898,38.986973612244896],[118.4550712244898,38.986542666666665]]]},"properties":{"cluster_id":32,"lat":38.98673356422,"lon":118.4551937742644,"count":12,"type":"berth","distance_to_coast":1663.8543164154707,"inside_china_land":false}},{"type":"Feature","geometry":{"type":"Polygon","coordinates":[[[121.25889767692307,39.575],[121.26467133333334,39.575],[121.26467133333334,39.57771215384615],[121.25889767692307,39.57771215384615],[121.25889767692307,39.575]]]},"properties":{"cluster_id":33,"lat":39.57628513229596,"lon":121.26231265495552,"count":199,"type":"berth","distance_to_coast":1155.0560803313915,"inside_china_land":false}},{"type":"Feature","geometry":{"type":"Polygon","coordinates":[[[122.081763625,40.246916285714285],[122.091679,40.246916285714285],[122.091679,40.26135955434783],[122.081763625,40.26135955434783],[122.081763625,40.246916285714285]]]},"properties":{"cluster_id":35,"lat":40.252361369670034,"lon":122.08383958994348,"count":190,"type":"berth","distance_to_coast":2110.3465347223073,"inside_china_land":false}},{"type":"Feature","geometry":{"type":"Polygon","coordinates":[[[121.72594666666666,29.96538368852459],[121.7264625,29.96538368852459],[121.7264625,29.96563312244898],[121.72594666666666,29.96563312244898],[121.72594666666666,29.96538368852459]]]},"properties":{"cluster_id":36,"lat":29.96551750972584,"lon":121.72622033966309,"count":55,"type":"berth","distance_to_coast":140.25572573992514,"inside_china_land":false}},{"type":"Feature","geometry":{"type":"Polygon","coordinates":[[[118.46927111111111,38.960871921875],[118.47720662765957,38.960871921875],[118.47720662765957,38.970386],[118.46927111111111,38.970386],[118.46927111111111,38.960871921875]]]},"properties":{"cluster_id":38,"lat":38.96648174961624,"lon":118.4725668192339,"count":161,"type":"berth","distance_to_coast":109.64540461939788,"inside_china_land":false}},{"type":"Feature","geometry":{"type":"Polygon","coordinates":[[[122.150232,29.9702965],[122.15179982914573,29.9702965],[122.15179982914573,29.971846777777778],[122.150232,29.971846777777778],[122.150232,29.9702965]]]},"properties":{"cluster_id":40,"lat":29.97086663981473,"lon":122.15081130680484,"count":53,"type":"berth","distance_to_coast":3619.0498680145183,"inside_china_land":false}},{"type":"Feature","geometry":{"type":"Polygon","coordinates":[[[121.48603305633804,31.02332460606061],[121.48663184848485,31.02332460606061],[121.48663184848485,31.02433825],[121.48603305633804,31.02433825],[121.48603305633804,31.02332460606061]]]},"properties":{"cluster_id":41,"lat":31.02418675121843,"lon":121.48633058448095,"count":33,"type":"berth","distance_to_coast":27665.325232181774,"inside_china_land":true}},{"type":"Feature","geometry":{"type":"Polygon","coordinates":[[[121.475288,31.039779199999998],[121.47699480000001,31.039779199999998],[121.47699480000001,31.041509400000002],[121.475288,31.041509400000002],[121.475288,31.039779199999998]]]},"properties":{"cluster_id":42,"lat":31.040558780683536,"lon":121.47630253502214,"count":81,"type":"berth","distance_to_coast":30007.194767457335,"inside_china_land":true}},{"type":"Feature","geometry":{"type":"Polygon","coordinates":[[[119.73609817647059,26.7259164],[119.73629766666666,26.7259164],[119.73629766666666,26.726207],[119.73609817647059,26.726207],[119.73609817647059,26.7259164]]]},"properties":{"cluster_id":43,"lat":26.726022929543277,"lon":119.73618729384827,"count":54,"type":"berth","distance_to_coast":1406.1284069278606,"inside_china_land":false}},{"type":"Feature","geometry":{"type":"Polygon","coordinates":[[[121.45754916666665,31.132414],[121.45992859999998,31.132414],[121.45992859999998,31.1335325],[121.45754916666665,31.1335325],[121.45754916666665,31.132414]]]},"properties":{"cluster_id":44,"lat":31.13329098103632,"lon":121.4581328682265,"count":10,"type":"berth","distance_to_coast":31757.145028120736,"inside_china_land":true}},{"type":"Feature","geometry":{"type":"Polygon","coordinates":[[[119.502072,26.040309614285714],[119.50302636206897,26.040309614285714],[119.50302636206897,26.042718809523812],[119.502072,26.042718809523812],[119.502072,26.040309614285714]]]},"properties":{"cluster_id":46,"lat":26.041727978760647,"lon":119.50246696467669,"count":29,"type":"berth","distance_to_coast":175.9781516855637,"inside_china_land":false}},{"type":"Feature","geometry":{"type":"Polygon","coordinates":[[[121.3729786981132,31.500971693779903],[121.37381081818181,31.500971693779903],[121.37381081818181,31.501492454545453],[121.3729786981132,31.501492454545453],[121.3729786981132,31.500971693779903]]]},"properties":{"cluster_id":49,"lat":31.501162080888324,"lon":121.3732588945864,"count":3,"type":"berth","distance_to_coast":3280.6019244970676,"inside_china_land":false}},{"type":"Feature","geometry":{"type":"Polygon","coordinates":[[[118.99417348913043,39.21475753125],[118.99893167777779,39.21475753125],[118.99893167777779,39.21599134375],[118.99417348913043,39.21599134375],[118.99417348913043,39.21475753125]]]},"properties":{"cluster_id":51,"lat":39.21566105329452,"lon":118.99613610340607,"count":69,"type":"berth","distance_to_coast":4013.265533288235,"inside_china_land":true}},{"type":"Feature","geometry":{"type":"Polygon","coordinates":[[[117.73838953333333,38.98509847619047],[117.73926379310345,38.98509847619047],[117.73926379310345,38.985410599999994],[117.73838953333333,38.985410599999994],[117.73838953333333,38.98509847619047]]]},"properties":{"cluster_id":53,"lat":38.98518317658961,"lon":117.73889786753762,"count":15,"type":"berth","distance_to_coast":318.5470626303492,"inside_china_land":true}},{"type":"Feature","geometry":{"type":"Polygon","coordinates":[[[121.73683842857143,29.97189542857143],[121.73976107692307,29.97189542857143],[121.73976107692307,29.974040600000002],[121.73683842857143,29.974040600000002],[121.73683842857143,29.97189542857143]]]},"properties":{"cluster_id":54,"lat":29.97332879010086,"lon":121.73830808052725,"count":48,"type":"berth","distance_to_coast":822.7525840877927,"inside_china_land":false}},{"type":"Feature","geometry":{"type":"Polygon","coordinates":[[[117.73597070000001,38.98586048863637],[117.73702153977273,38.98586048863637],[117.73702153977273,38.98626331372549],[117.73597070000001,38.98626331372549],[117.73597070000001,38.98586048863637]]]},"properties":{"cluster_id":55,"lat":38.986106392257135,"lon":117.7363071971981,"count":4,"type":"berth","distance_to_coast":392.2557006728213,"inside_china_land":true}},{"type":"Feature","geometry":{"type":"Polygon","coordinates":[[[120.87246025,27.9971175],[120.8785063142857,27.9971175],[120.8785063142857,27.99748455882353],[120.87246025,27.99748455882353],[120.87246025,27.9971175]]]},"properties":{"cluster_id":56,"lat":27.997339153749277,"lon":120.87492943976766,"count":62,"type":"berth","distance_to_coast":121.6774798072447,"inside_china_land":false}},{"type":"Feature","geometry":{"type":"Polygon","coordinates":[[[120.55422602222222,31.998371],[120.55749922222223,31.998371],[120.55749922222223,31.998942155555557],[120.55422602222222,31.998942155555557],[120.55422602222222,31.998371]]]},"properties":{"cluster_id":57,"lat":31.99859528392353,"lon":120.5561916223514,"count":10,"type":"berth","distance_to_coast":988.006513724699,"inside_china_land":true}},{"type":"Feature","geometry":{"type":"Polygon","coordinates":[[[121.37026337500001,31.496945823529412],[121.37259999999999,31.496945823529412],[121.37259999999999,31.498358375],[121.37026337500001,31.498358375],[121.37026337500001,31.496945823529412]]]},"properties":{"cluster_id":58,"lat":31.49742187378869,"lon":121.37183950719968,"count":20,"type":"berth","distance_to_coast":2799.7184588882856,"inside_china_land":false}},{"type":"Feature","geometry":{"type":"Polygon","coordinates":[[[120.790171,27.969929461538463],[120.79674361538461,27.969929461538463],[120.79674361538461,27.970674196969696],[120.790171,27.970674196969696],[120.790171,27.969929461538463]]]},"properties":{"cluster_id":60,"lat":27.97035921141912,"lon":120.79261400524048,"count":92,"type":"berth","distance_to_coast":550.8287199461732,"inside_china_land":false}},{"type":"Feature","geometry":{"type":"Polygon","coordinates":[[[121.55477577777778,31.312244363636363],[121.555026,31.312244363636363],[121.555026,31.313271574999998],[121.55477577777778,31.313271574999998],[121.55477577777778,31.312244363636363]]]},"properties":{"cluster_id":61,"lat":31.31261883375893,"lon":121.55488625998768,"count":14,"type":"berth","distance_to_coast":6066.652397205542,"inside_china_land":true}},{"type":"Feature","geometry":{"type":"Polygon","coordinates":[[[121.272018625,39.50377208333333],[121.27233904761906,39.50377208333333],[121.27233904761906,39.509790333333335],[121.272018625,39.509790333333335],[121.272018625,39.50377208333333]]]},"properties":{"cluster_id":63,"lat":39.50700592815644,"lon":121.27219457247394,"count":22,"type":"berth","distance_to_coast":1139.2763937953391,"inside_china_land":false}},{"type":"Feature","geometry":{"type":"Polygon","coordinates":[[[120.15802029166667,31.92195714705882],[120.15862666666665,31.92195714705882],[120.15862666666665,31.922927666666666],[120.15802029166667,31.922927666666666],[120.15802029166667,31.92195714705882]]]},"properties":{"cluster_id":64,"lat":31.922455964719173,"lon":120.15834525008168,"count":29,"type":"berth","distance_to_coast":1907.9115199462085,"inside_china_land":false}},{"type":"Feature","geometry":{"type":"Polygon","coordinates":[[[121.40170893333334,31.47897],[121.4027206111111,31.47897],[121.4027206111111,31.479948833333335],[121.40170893333334,31.479948833333335],[121.40170893333334,31.47897]]]},"properties":{"cluster_id":65,"lat":31.479558228408465,"lon":121.40209217207124,"count":17,"type":"berth","distance_to_coast":2323.9363610903297,"inside_china_land":false}},{"type":"Feature","geometry":{"type":"Polygon","coordinates":[[[118.47804800000002,38.94827506976744],[118.48741376744186,38.94827506976744],[118.48741376744186,38.95965709289618],[118.47804800000002,38.95965709289618],[118.47804800000002,38.94827506976744]]]},"properties":{"cluster_id":66,"lat":38.95490949015856,"lon":118.48195478057448,"count":120,"type":"berth","distance_to_coast":28.181666889635984,"inside_china_land":false}},{"type":"Feature","geometry":{"type":"Polygon","coordinates":[[[121.03465080434782,31.74199363235294],[121.03846639705883,31.74199363235294],[121.03846639705883,31.74364288888889],[121.03465080434782,31.74364288888889],[121.03465080434782,31.74199363235294]]]},"properties":{"cluster_id":67,"lat":31.742812678075232,"lon":121.03648377045718,"count":20,"type":"berth","distance_to_coast":949.2212536350642,"inside_china_land":false}},{"type":"Feature","geometry":{"type":"Polygon","coordinates":[[[120.16430623076924,31.923542076923077],[120.16552866666666,31.923542076923077],[120.16552866666666,31.92372378125],[120.16430623076924,31.92372378125],[120.16430623076924,31.923542076923077]]]},"properties":{"cluster_id":68,"lat":31.923602021031066,"lon":120.1650195835915,"count":12,"type":"berth","distance_to_coast":1894.6666009478624,"inside_china_land":false}},{"type":"Feature","geometry":{"type":"Polygon","coordinates":[[[110.03460860465115,19.963589976744185],[110.03634652941177,19.963589976744185],[110.03634652941177,19.96407082352941],[110.03460860465115,19.96407082352941],[110.03460860465115,19.963589976744185]]]},"properties":{"cluster_id":69,"lat":19.963885449298907,"lon":110.03565272327576,"count":5,"type":"berth","distance_to_coast":379.49861335090554,"inside_china_land":true}},{"type":"Feature","geometry":{"type":"Polygon","coordinates":[[[113.44276269411765,23.094223],[113.4457958,23.094223],[113.4457958,23.094481028037382],[113.44276269411765,23.094481028037382],[113.44276269411765,23.094223]]]},"properties":{"cluster_id":70,"lat":23.094391565756048,"lon":113.44370984399164,"count":20,"type":"berth","distance_to_coast":538.7922459611568,"inside_china_land":true}},{"type":"Feature","geometry":{"type":"Polygon","coordinates":[[[110.43011804444444,21.078049297297298],[110.43049178378378,21.078049297297298],[110.43049178378378,21.078326590361446],[110.43011804444444,21.078326590361446],[110.43011804444444,21.078049297297298]]]},"properties":{"cluster_id":71,"lat":21.078214373562965,"lon":110.43025790109807,"count":5,"type":"berth","distance_to_coast":2477.322969438443,"inside_china_land":false}},{"type":"Feature","geometry":{"type":"Polygon","coordinates":[[[116.50398022222222,23.44369425],[116.50719491891893,23.44369425],[116.50719491891893,23.444103216216217],[116.50398022222222,23.444103216216217],[116.50398022222222,23.44369425]]]},"properties":{"cluster_id":72,"lat":23.44398296859874,"lon":116.50525683437228,"count":25,"type":"berth","distance_to_coast":3678.5482428310265,"inside_china_land":true}},{"type":"Feature","geometry":{"type":"Polygon","coordinates":[[[119.0133283943662,25.186847245614032],[119.014469875,25.186847245614032],[119.014469875,25.1874211875],[119.0133283943662,25.1874211875],[119.0133283943662,25.186847245614032]]]},"properties":{"cluster_id":73,"lat":25.187057843901854,"lon":119.01380935294662,"count":3,"type":"berth","distance_to_coast":3944.1082901746418,"inside_china_land":false}},{"type":"Feature","geometry":{"type":"Polygon","coordinates":[[[113.480144,23.06045836666667],[113.48332433333333,23.06045836666667],[113.48332433333333,23.0617182],[113.480144,23.0617182],[113.480144,23.06045836666667]]]},"properties":{"cluster_id":74,"lat":23.061142611748185,"lon":113.48181968566053,"count":33,"type":"berth","distance_to_coast":874.1765970813029,"inside_china_land":false}},{"type":"Feature","geometry":{"type":"Polygon","coordinates":[[[119.78513560869564,35.58571570588236],[119.79425270219436,35.58571570588236],[119.79425270219436,35.604486158823526],[119.78513560869564,35.604486158823526],[119.78513560869564,35.58571570588236]]]},"properties":{"cluster_id":75,"lat":35.595106096878105,"lon":119.78961950475347,"count":152,"type":"berth","distance_to_coast":1646.8833302200185,"inside_china_land":false}},{"type":"Feature","geometry":{"type":"Polygon","coordinates":[[[118.1146665,31.22],[118.11934,31.22],[118.11934,31.22261],[118.1146665,31.22261],[118.1146665,31.22]]]},"properties":{"cluster_id":77,"lat":31.221331303385227,"lon":118.11670372037916,"count":83,"type":"berth","distance_to_coast":209248.1832503307,"inside_china_land":true}},{"type":"Feature","geometry":{"type":"Polygon","coordinates":[[[121.23523965217392,36.671162625],[121.23533452500001,36.671162625],[121.23533452500001,36.672609040000005],[121.23523965217392,36.672609040000005],[121.23523965217392,36.671162625]]]},"properties":{"cluster_id":78,"lat":36.67177689843224,"lon":121.23530653659562,"count":5,"type":"berth","distance_to_coast":2395.7847199463245,"inside_china_land":false}},{"type":"Feature","geometry":{"type":"Polygon","coordinates":[[[108.35751994736843,21.570296368421054],[108.35904584057971,21.570296368421054],[108.35904584057971,21.57456691304348],[108.35751994736843,21.57456691304348],[108.35751994736843,21.570296368421054]]]},"properties":{"cluster_id":79,"lat":21.572069277637013,"lon":108.35827297166136,"count":33,"type":"berth","distance_to_coast":3512.667446212032,"inside_china_land":false}},{"type":"Feature","geometry":{"type":"Polygon","coordinates":[[[116.4877802,23.490381666666668],[116.48891116666665,23.490381666666668],[116.48891116666665,23.49609875],[116.4877802,23.49609875],[116.4877802,23.490381666666668]]]},"properties":{"cluster_id":81,"lat":23.492619604944174,"lon":116.48850462421714,"count":134,"type":"berth","distance_to_coast":9762.63647609506,"inside_china_land":true}},{"type":"Feature","geometry":{"type":"Polygon","coordinates":[[[119.47030789361702,25.982506880000003],[119.4711575,25.982506880000003],[119.4711575,25.983342714285715],[119.47030789361702,25.983342714285715],[119.47030789361702,25.982506880000003]]]},"properties":{"cluster_id":82,"lat":25.98305445169077,"lon":119.4708406376903,"count":24,"type":"berth","distance_to_coast":72.74096065212642,"inside_china_land":false}},{"type":"Feature","geometry":{"type":"Polygon","coordinates":[[[108.37148629411764,21.617657352941176],[108.37351056923077,21.617657352941176],[108.37351056923077,21.62081313846154],[108.37148629411764,21.62081313846154],[108.37148629411764,21.617657352941176]]]},"properties":{"cluster_id":83,"lat":21.619034600567147,"lon":108.3723453424052,"count":24,"type":"berth","distance_to_coast":3489.729041351422,"inside_china_land":false}},{"type":"Feature","geometry":{"type":"Polygon","coordinates":[[[120.18585882926828,31.9238372],[120.18988015,31.9238372],[120.18988015,31.924147607142856],[120.18585882926828,31.924147607142856],[120.18585882926828,31.9238372]]]},"properties":{"cluster_id":85,"lat":31.923968359038525,"lon":120.18763523303464,"count":24,"type":"berth","distance_to_coast":1671.5548704368946,"inside_china_land":false}},{"type":"Feature","geometry":{"type":"Polygon","coordinates":[[[122.07375414285715,40.30679872727273],[122.07889519354839,40.30679872727273],[122.07889519354839,40.3142518],[122.07375414285715,40.3142518],[122.07375414285715,40.30679872727273]]]},"properties":{"cluster_id":86,"lat":40.31065875171509,"lon":122.0762485354592,"count":38,"type":"berth","distance_to_coast":3325.7646818861017,"inside_china_land":false}},{"type":"Feature","geometry":{"type":"Polygon","coordinates":[[[119.03084771428573,32.186848857142856],[119.03200352,32.186848857142856],[119.03200352,32.187437981818185],[119.03084771428573,32.187437981818185],[119.03084771428573,32.186848857142856]]]},"properties":{"cluster_id":87,"lat":32.187237706172446,"lon":119.03175485948624,"count":30,"type":"berth","distance_to_coast":63942.835583741864,"inside_china_land":true}},{"type":"Feature","geometry":{"type":"Polygon","coordinates":[[[120.95035680000001,31.807309666666665],[120.95151345454546,31.807309666666665],[120.95151345454546,31.8081398],[120.95035680000001,31.8081398],[120.95035680000001,31.807309666666665]]]},"properties":{"cluster_id":88,"lat":31.807685964229364,"lon":120.95119608805489,"count":10,"type":"berth","distance_to_coast":2053.4276339703333,"inside_china_land":false}},{"type":"Feature","geometry":{"type":"Polygon","coordinates":[[[120.17917382,31.945092333333335],[120.18288468,31.945092333333335],[120.18288468,31.946410949152543],[120.17917382,31.946410949152543],[120.17917382,31.945092333333335]]]},"properties":{"cluster_id":89,"lat":31.94612229012866,"lon":120.18155664338492,"count":37,"type":"berth","distance_to_coast":1237.1248860072333,"inside_china_land":true}},{"type":"Feature","geometry":{"type":"Polygon","coordinates":[[[118.467742375,31.763114375],[118.46851411111112,31.763114375],[118.46851411111112,31.763916833333333],[118.467742375,31.763916833333333],[118.467742375,31.763114375]]]},"properties":{"cluster_id":90,"lat":31.763646202777775,"lon":118.46825378703704,"count":3,"type":"berth","distance_to_coast":138837.38801652275,"inside_china_land":true}},{"type":"Feature","geometry":{"type":"Polygon","coordinates":[[[118.20189478787879,31.279233285714287],[118.2094185,31.279233285714287],[118.2094185,31.286686],[118.20189478787879,31.286686],[118.20189478787879,31.279233285714287]]]},"properties":{"cluster_id":91,"lat":31.28331145692493,"lon":118.20550437781291,"count":86,"type":"berth","distance_to_coast":196492.2447264311,"inside_china_land":true}},{"type":"Feature","geometry":{"type":"Polygon","coordinates":[[[121.559775,31.302903264150945],[121.56043882857144,31.302903264150945],[121.56043882857144,31.30739680851064],[121.559775,31.30739680851064],[121.559775,31.302903264150945]]]},"properties":{"cluster_id":93,"lat":31.304767212087985,"lon":121.56012458561962,"count":114,"type":"berth","distance_to_coast":6786.925827589179,"inside_china_land":true}},{"type":"Feature","geometry":{"type":"Polygon","coordinates":[[[119.69571873076923,26.456746578947367],[119.70214730769231,26.456746578947367],[119.70214730769231,26.46044214102564],[119.69571873076923,26.46044214102564],[119.69571873076923,26.456746578947367]]]},"properties":{"cluster_id":94,"lat":26.458268506834575,"lon":119.69956547131804,"count":37,"type":"berth","distance_to_coast":386.263573803859,"inside_china_land":true}},{"type":"Feature","geometry":{"type":"Polygon","coordinates":[[[119.61986343589743,25.729530999999998],[119.62176645945945,25.729530999999998],[119.62176645945945,25.73288721875],[119.61986343589743,25.73288721875],[119.61986343589743,25.729530999999998]]]},"properties":{"cluster_id":96,"lat":25.73109263466729,"lon":119.6207641102819,"count":36,"type":"berth","distance_to_coast":2066.953887637883,"inside_china_land":false}},{"type":"Feature","geometry":{"type":"Polygon","coordinates":[[[119.37276245454545,35.090082621621626],[119.37324589189188,35.090082621621626],[119.37324589189188,35.0927434032258],[119.37276245454545,35.0927434032258],[119.37276245454545,35.090082621621626]]]},"properties":{"cluster_id":97,"lat":35.0916129592105,"lon":119.37297059927614,"count":8,"type":"berth","distance_to_coast":1824.4997916102725,"inside_china_land":false}},{"type":"Feature","geometry":{"type":"Polygon","coordinates":[[[120.20361172222222,31.943821749999998],[120.20698675,31.943821749999998],[120.20698675,31.944205099999998],[120.20361172222222,31.944205099999998],[120.20361172222222,31.943821749999998]]]},"properties":{"cluster_id":98,"lat":31.943978216371544,"lon":120.2054287744044,"count":30,"type":"berth","distance_to_coast":945.2015708456928,"inside_china_land":true}},{"type":"Feature","geometry":{"type":"Polygon","coordinates":[[[119.94829278571429,32.04494414285714],[119.94875193333334,32.04494414285714],[119.94875193333334,32.04505446666666],[119.94829278571429,32.04505446666666],[119.94829278571429,32.04494414285714]]]},"properties":{"cluster_id":99,"lat":32.0449993047619,"lon":119.94852235952382,"count":2,"type":"berth","distance_to_coast":1992.8310104873065,"inside_china_land":false}},{"type":"Feature","geometry":{"type":"Polygon","coordinates":[[[119.8261698695652,32.3118429375],[119.82726931506848,32.3118429375],[119.82726931506848,32.31294358695652],[119.8261698695652,32.31294358695652],[119.8261698695652,32.3118429375]]]},"properties":{"cluster_id":100,"lat":32.312275835475575,"lon":119.82686678967076,"count":30,"type":"berth","distance_to_coast":405.0797866146747,"inside_china_land":true}},{"type":"Feature","geometry":{"type":"Polygon","coordinates":[[[119.38990697058823,35.1606826],[119.4059923877551,35.1606826],[119.4059923877551,35.16095996153847],[119.38990697058823,35.16095996153847],[119.38990697058823,35.1606826]]]},"properties":{"cluster_id":101,"lat":35.16086358511066,"lon":119.39708326135528,"count":214,"type":"berth","distance_to_coast":1982.191495377154,"inside_china_land":false}},{"type":"Feature","geometry":{"type":"Polygon","coordinates":[[[119.40051330000001,34.749682395348835],[119.40255475,34.749682395348835],[119.40255475,34.749848],[119.40051330000001,34.749848],[119.40051330000001,34.749682395348835]]]},"properties":{"cluster_id":102,"lat":34.74979823069566,"lon":119.4017199735849,"count":8,"type":"berth","distance_to_coast":177.99628928767706,"inside_china_land":true}},{"type":"Feature","geometry":{"type":"Polygon","coordinates":[[[119.413903,34.7459588],[119.41422685,34.7459588],[119.41422685,34.74656485483871],[119.413903,34.74656485483871],[119.413903,34.7459588]]]},"properties":{"cluster_id":103,"lat":34.74635946311543,"lon":119.414103147445,"count":15,"type":"berth","distance_to_coast":569.376320061466,"inside_china_land":true}},{"type":"Feature","geometry":{"type":"Polygon","coordinates":[[[119.55330825,34.61000527142858],[119.55638304285715,34.61000527142858],[119.55638304285715,34.61601616666667],[119.55330825,34.61601616666667],[119.55330825,34.61000527142858]]]},"properties":{"cluster_id":105,"lat":34.612082186259926,"lon":119.55445577453612,"count":38,"type":"berth","distance_to_coast":1069.8494384883006,"inside_china_land":false}},{"type":"Feature","geometry":{"type":"Polygon","coordinates":[[[119.5153366,35.30612470833333],[119.51584935999999,35.30612470833333],[119.51584935999999,35.3109822],[119.5153366,35.3109822],[119.5153366,35.30612470833333]]]},"properties":{"cluster_id":106,"lat":35.30979169664147,"lon":119.51571467062884,"count":20,"type":"berth","distance_to_coast":3200.2463035098353,"inside_china_land":false}},{"type":"Feature","geometry":{"type":"Polygon","coordinates":[[[119.74893588030302,34.32600646060606],[119.74901274157304,34.32600646060606],[119.74901274157304,34.32603720786517],[119.74893588030302,34.32603720786517],[119.74893588030302,34.32600646060606]]]},"properties":{"cluster_id":107,"lat":34.32602183423562,"lon":119.74897431093802,"count":2,"type":"berth","distance_to_coast":21290.735246965516,"inside_china_land":true}},{"type":"Feature","geometry":{"type":"Polygon","coordinates":[[[120.77846354285715,32.02511788888889],[120.77977066,32.02511788888889],[120.77977066,32.025554514285716],[120.77846354285715,32.025554514285716],[120.77846354285715,32.02511788888889]]]},"properties":{"cluster_id":108,"lat":32.02528642141698,"lon":120.77940096998688,"count":30,"type":"berth","distance_to_coast":460.74805627071765,"inside_china_land":false}},{"type":"Feature","geometry":{"type":"Polygon","coordinates":[[[121.50365325,32.1199942],[121.5040629390244,32.1199942],[121.5040629390244,32.120231674418605],[121.50365325,32.120231674418605],[121.50365325,32.1199942]]]},"properties":{"cluster_id":109,"lat":32.12010659396997,"lon":121.50395914579268,"count":20,"type":"berth","distance_to_coast":1341.39257654408,"inside_china_land":false}},{"type":"Feature","geometry":{"type":"Polygon","coordinates":[[[119.54726095652175,35.363394695652175],[119.54944701282052,35.363394695652175],[119.54944701282052,35.37009312820513],[119.54726095652175,35.37009312820513],[119.54726095652175,35.363394695652175]]]},"properties":{"cluster_id":110,"lat":35.367685406708816,"lon":119.54854910409288,"count":63,"type":"berth","distance_to_coast":858.6513545854267,"inside_china_land":false}},{"type":"Feature","geometry":{"type":"Polygon","coordinates":[[[119.64634833333332,39.926118],[119.64679563333334,39.926118],[119.64679563333334,39.9262098],[119.64634833333332,39.9262098],[119.64634833333332,39.926118]]]},"properties":{"cluster_id":111,"lat":39.92615953589743,"lon":119.64652771965812,"count":3,"type":"berth","distance_to_coast":142.3017016814483,"inside_china_land":true}},{"type":"Feature","geometry":{"type":"Polygon","coordinates":[[[119.5507918955224,35.37244286666667],[119.55270082142856,35.37244286666667],[119.55270082142856,35.37624315217391],[119.5507918955224,35.37624315217391],[119.5507918955224,35.37244286666667]]]},"properties":{"cluster_id":112,"lat":35.37382244942444,"lon":119.55191104345128,"count":37,"type":"berth","distance_to_coast":589.7991833682123,"inside_china_land":false}},{"type":"Feature","geometry":{"type":"Polygon","coordinates":[[[121.84739925,38.948158166666666],[121.84790425,38.948158166666666],[121.84790425,38.94869514285715],[121.84739925,38.94869514285715],[121.84739925,38.948158166666666]]]},"properties":{"cluster_id":114,"lat":38.94841081250113,"lon":121.84766195988628,"count":112,"type":"berth","distance_to_coast":83.27616485798409,"inside_china_land":true}},{"type":"Feature","geometry":{"type":"Polygon","coordinates":[[[120.7533802,32.000552666666664],[120.75446955555556,32.000552666666664],[120.75446955555556,32.0009796],[120.7533802,32.0009796],[120.7533802,32.000552666666664]]]},"properties":{"cluster_id":115,"lat":32.00076613333333,"lon":120.75392487777778,"count":2,"type":"berth","distance_to_coast":2888.1072256296793,"inside_china_land":false}},{"type":"Feature","geometry":{"type":"Polygon","coordinates":[[[121.49862985714286,31.379981076923077],[121.49896642857142,31.379981076923077],[121.49896642857142,31.38099557142857],[121.49862985714286,31.38099557142857],[121.49862985714286,31.379981076923077]]]},"properties":{"cluster_id":116,"lat":31.38042077948429,"lon":121.49877920717609,"count":59,"type":"berth","distance_to_coast":1573.7791270032078,"inside_china_land":true}},{"type":"Feature","geometry":{"type":"Polygon","coordinates":[[[121.04189805769231,31.739690666666668],[121.04362788888888,31.739690666666668],[121.04362788888888,31.74045640740741],[121.04189805769231,31.74045640740741],[121.04189805769231,31.739690666666668]]]},"properties":{"cluster_id":117,"lat":31.740061227570827,"lon":121.04275848677506,"count":23,"type":"berth","distance_to_coast":886.508891754271,"inside_china_land":false}},{"type":"Feature","geometry":{"type":"Polygon","coordinates":[[[120.43498826562501,31.97010585714286],[120.43762577777778,31.97010585714286],[120.43762577777778,31.971371],[120.43498826562501,31.971371],[120.43498826562501,31.97010585714286]]]},"properties":{"cluster_id":118,"lat":31.970765103517916,"lon":120.43637450292248,"count":47,"type":"berth","distance_to_coast":701.5513734983437,"inside_china_land":true}},{"type":"Feature","geometry":{"type":"Polygon","coordinates":[[[120.37418325,31.9664525625],[120.375,31.9664525625],[120.375,31.966857615384615],[120.37418325,31.966857615384615],[120.37418325,31.9664525625]]]},"properties":{"cluster_id":121,"lat":31.966776492595883,"lon":120.3744714587353,"count":19,"type":"berth","distance_to_coast":602.3740994479454,"inside_china_land":false}},{"type":"Feature","geometry":{"type":"Polygon","coordinates":[[[122.0716090923077,30.001392861538463],[122.07244033333335,30.001392861538463],[122.07244033333335,30.002886666666665],[122.0716090923077,30.002886666666665],[122.0716090923077,30.001392861538463]]]},"properties":{"cluster_id":122,"lat":30.00230911873732,"lon":122.07183337662026,"count":18,"type":"berth","distance_to_coast":1846.335527223624,"inside_china_land":false}},{"type":"Feature","geometry":{"type":"Polygon","coordinates":[[[120.36917968421051,31.9647146056338],[120.36975144927537,31.9647146056338],[120.36975144927537,31.966207114348144],[120.36917968421051,31.966207114348144],[120.36917968421051,31.9647146056338]]]},"properties":{"cluster_id":124,"lat":31.965529547586023,"lon":120.36942222096992,"count":7,"type":"berth","distance_to_coast":554.5410044066876,"inside_china_land":false}},{"type":"Feature","geometry":{"type":"Polygon","coordinates":[[[121.75923041176469,38.979260764705884],[121.760178,38.979260764705884],[121.760178,38.979783000000005],[121.75923041176469,38.979783000000005],[121.75923041176469,38.979260764705884]]]},"properties":{"cluster_id":125,"lat":38.97952188235294,"lon":121.75970420588234,"count":2,"type":"berth","distance_to_coast":3919.558245712602,"inside_china_land":false}},{"type":"Feature","geometry":{"type":"Polygon","coordinates":[[[122.06994922580645,30.001771735353536],[122.07008256818182,30.001771735353536],[122.07008256818182,30.002035227272724],[122.06994922580645,30.002035227272724],[122.06994922580645,30.001771735353536]]]},"properties":{"cluster_id":126,"lat":30.00190658098026,"lon":122.07001590284716,"count":5,"type":"berth","distance_to_coast":1817.846984886091,"inside_china_land":false}},{"type":"Feature","geometry":{"type":"Polygon","coordinates":[[[118.94543893333334,38.075402355932205],[118.94737466304348,38.075402355932205],[118.94737466304348,38.078396500000004],[118.94543893333334,38.078396500000004],[118.94543893333334,38.075402355932205]]]},"properties":{"cluster_id":127,"lat":38.07655531211827,"lon":118.9465826799968,"count":25,"type":"berth","distance_to_coast":971.7788684595556,"inside_china_land":false}},{"type":"Feature","geometry":{"type":"Polygon","coordinates":[[[121.17860809859154,30.641212531249998],[121.18252570270269,30.641212531249998],[121.18252570270269,30.642938461538463],[121.17860809859154,30.642938461538463],[121.17860809859154,30.641212531249998]]]},"properties":{"cluster_id":128,"lat":30.64218392522109,"lon":121.18083722852757,"count":57,"type":"berth","distance_to_coast":566.0289818005091,"inside_china_land":false}},{"type":"Feature","geometry":{"type":"Polygon","coordinates":[[[119.95740014999998,31.98913675],[119.95849423076923,31.98913675],[119.95849423076923,31.99010285],[119.95740014999998,31.99010285],[119.95740014999998,31.98913675]]]},"properties":{"cluster_id":129,"lat":31.989630061987494,"lon":119.95799042372008,"count":22,"type":"berth","distance_to_coast":368.77227524947074,"inside_china_land":true}},{"type":"Feature","geometry":{"type":"Polygon","coordinates":[[[121.89357851851852,38.996642666666666],[121.89587952325581,38.996642666666666],[121.89587952325581,38.9992248362069],[121.89357851851852,38.9992248362069],[121.89357851851852,38.996642666666666]]]},"properties":{"cluster_id":130,"lat":38.998412230254736,"lon":121.89512601972956,"count":11,"type":"berth","distance_to_coast":1462.4978121069178,"inside_china_land":false}},{"type":"Feature","geometry":{"type":"Polygon","coordinates":[[[121.50122925,31.3698272],[121.50154311764705,31.3698272],[121.50154311764705,31.370124],[121.50122925,31.370124],[121.50122925,31.3698272]]]},"properties":{"cluster_id":132,"lat":31.369942982478396,"lon":121.50145984152616,"count":48,"type":"berth","distance_to_coast":2507.9590732019815,"inside_china_land":true}},{"type":"Feature","geometry":{"type":"Polygon","coordinates":[[[119.60423446296296,25.697957934782607],[119.6061514736842,25.697957934782607],[119.6061514736842,25.70119860526316],[119.60423446296296,25.70119860526316],[119.60423446296296,25.697957934782607]]]},"properties":{"cluster_id":133,"lat":25.6992790123798,"lon":119.60500138656003,"count":33,"type":"berth","distance_to_coast":1315.1767288939511,"inside_china_land":false}},{"type":"Feature","geometry":{"type":"Polygon","coordinates":[[[121.04248689795918,40.801467],[121.04423100000001,40.801467],[121.04423100000001,40.8039232],[121.04248689795918,40.8039232],[121.04248689795918,40.801467]]]},"properties":{"cluster_id":134,"lat":40.802954751082055,"lon":121.0431717086157,"count":16,"type":"berth","distance_to_coast":429.2642022206753,"inside_china_land":false}},{"type":"Feature","geometry":{"type":"Polygon","coordinates":[[[119.68833593478261,25.587914473684208],[119.68904212683499,25.587914473684208],[119.68904212683499,25.58859266764533],[119.68833593478261,25.58859266764533],[119.68833593478261,25.587914473684208]]]},"properties":{"cluster_id":135,"lat":25.58807316831567,"lon":119.68844800469996,"count":7,"type":"berth","distance_to_coast":775.2839258364955,"inside_china_land":false}},{"type":"Feature","geometry":{"type":"Polygon","coordinates":[[[116.40979530303031,23.514260874999998],[116.410619,23.514260874999998],[116.410619,23.51516236363636],[116.40979530303031,23.51516236363636],[116.40979530303031,23.514260874999998]]]},"properties":{"cluster_id":136,"lat":23.51446984184755,"lon":116.41037133041904,"count":11,"type":"berth","distance_to_coast":17127.136358424184,"inside_china_land":true}},{"type":"Feature","geometry":{"type":"Polygon","coordinates":[[[119.63177644444444,25.752446136363634],[119.63261566666668,25.752446136363634],[119.63261566666668,25.761018333333336],[119.63177644444444,25.761018333333336],[119.63177644444444,25.752446136363634]]]},"properties":{"cluster_id":137,"lat":25.75626771511668,"lon":119.63223708938744,"count":61,"type":"berth","distance_to_coast":1361.9744102864204,"inside_china_land":false}},{"type":"Feature","geometry":{"type":"Polygon","coordinates":[[[121.80557436842106,38.97811189473684],[121.80623023076924,38.97811189473684],[121.80623023076924,38.978840695652174],[121.80557436842106,38.978840695652174],[121.80557436842106,38.97811189473684]]]},"properties":{"cluster_id":138,"lat":38.97850579001119,"lon":121.8058472880791,"count":7,"type":"berth","distance_to_coast":158.52829711043628,"inside_china_land":false}},{"type":"Feature","geometry":{"type":"Polygon","coordinates":[[[119.68635391983122,25.582327338888888],[119.68790354444445,25.582327338888888],[119.68790354444445,25.583711834782612],[119.68635391983122,25.583711834782612],[119.68635391983122,25.582327338888888]]]},"properties":{"cluster_id":139,"lat":25.58306989933626,"lon":119.68719274437004,"count":4,"type":"berth","distance_to_coast":1187.5610707667188,"inside_china_land":false}},{"type":"Feature","geometry":{"type":"Polygon","coordinates":[[[116.404519,23.51677533333333],[116.40641973515982,23.51677533333333],[116.40641973515982,23.516987305936073],[116.404519,23.516987305936073],[116.404519,23.51677533333333]]]},"properties":{"cluster_id":141,"lat":23.516861392804437,"lon":116.40556408480369,"count":25,"type":"berth","distance_to_coast":17717.614591499638,"inside_china_land":true}},{"type":"Feature","geometry":{"type":"Polygon","coordinates":[[[121.73702155882353,31.277897303030304],[121.73789642857142,31.277897303030304],[121.73789642857142,31.27867944117647],[121.73702155882353,31.27867944117647],[121.73702155882353,31.277897303030304]]]},"properties":{"cluster_id":142,"lat":31.27827544987444,"lon":121.73747331278236,"count":20,"type":"berth","distance_to_coast":902.7290263720656,"inside_china_land":false}},{"type":"Feature","geometry":{"type":"Polygon","coordinates":[[[122.09141366666667,40.28428780769231],[122.0918296923077,40.28428780769231],[122.0918296923077,40.2845315],[122.09141366666667,40.2845315],[122.09141366666667,40.28428780769231]]]},"properties":{"cluster_id":143,"lat":40.284420343553485,"lon":122.091709978193,"count":19,"type":"berth","distance_to_coast":1833.4451414840564,"inside_china_land":false}},{"type":"Feature","geometry":{"type":"Polygon","coordinates":[[[118.49855566666666,39.09598344444444],[118.50453385185185,39.09598344444444],[118.50453385185185,39.10274053846154],[118.49855566666666,39.10274053846154],[118.49855566666666,39.09598344444444]]]},"properties":{"cluster_id":144,"lat":39.10047109911819,"lon":118.5014777237602,"count":85,"type":"berth","distance_to_coast":1114.2860688600583,"inside_china_land":false}},{"type":"Feature","geometry":{"type":"Polygon","coordinates":[[[121.98041241772151,30.048725844827583],[121.9807845142857,30.048725844827583],[121.9807845142857,30.049406784810124],[121.98041241772151,30.049406784810124],[121.98041241772151,30.048725844827583]]]},"properties":{"cluster_id":145,"lat":30.048952553837996,"lon":121.98066661962972,"count":4,"type":"berth","distance_to_coast":55.39941720167035,"inside_china_land":false}},{"type":"Feature","geometry":{"type":"Polygon","coordinates":[[[119.47996865384616,26.009386000000003],[119.4812892173913,26.009386000000003],[119.4812892173913,26.01254139130435],[119.47996865384616,26.01254139130435],[119.47996865384616,26.009386000000003]]]},"properties":{"cluster_id":146,"lat":26.0104996002008,"lon":119.48044149477332,"count":41,"type":"berth","distance_to_coast":40.871346686085026,"inside_china_land":true}},{"type":"Feature","geometry":{"type":"Polygon","coordinates":[[[119.4477866,25.982389636363635],[119.45048921052631,25.982389636363635],[119.45048921052631,25.98312536],[119.4477866,25.98312536],[119.4477866,25.982389636363635]]]},"properties":{"cluster_id":147,"lat":25.982769965986996,"lon":119.44927060819631,"count":25,"type":"berth","distance_to_coast":91.3963129949489,"inside_china_land":true}},{"type":"Feature","geometry":{"type":"Polygon","coordinates":[[[121.5604666,31.322974052631583],[121.56082346153848,31.322974052631583],[121.56082346153848,31.323919846153846],[121.5604666,31.323919846153846],[121.5604666,31.322974052631583]]]},"properties":{"cluster_id":148,"lat":31.323581312595184,"lon":121.56068769973736,"count":30,"type":"berth","distance_to_coast":4499.683391812479,"inside_china_land":true}},{"type":"Feature","geometry":{"type":"Polygon","coordinates":[[[116.40980540000001,23.4950299],[116.40990136065574,23.4950299],[116.40990136065574,23.49541226666667],[116.40980540000001,23.49541226666667],[116.40980540000001,23.4950299]]]},"properties":{"cluster_id":149,"lat":23.49523888443865,"lon":116.40986782046696,"count":4,"type":"berth","distance_to_coast":15679.16692408416,"inside_china_land":true}},{"type":"Feature","geometry":{"type":"Polygon","coordinates":[[[122.09337758181817,40.28522549090909],[122.09706742857142,40.28522549090909],[122.09706742857142,40.28682060989011],[122.09337758181817,40.28682060989011],[122.09337758181817,40.28522549090909]]]},"properties":{"cluster_id":150,"lat":40.285899522558005,"lon":122.0951107986446,"count":12,"type":"berth","distance_to_coast":1465.3910314090415,"inside_china_land":false}},{"type":"Feature","geometry":{"type":"Polygon","coordinates":[[[121.06508584946236,40.80395600000001],[121.06633695555556,40.80395600000001],[121.06633695555556,40.80545233333333],[121.06508584946236,40.80545233333333],[121.06508584946236,40.80395600000001]]]},"properties":{"cluster_id":151,"lat":40.804952789615946,"lon":121.06593361821665,"count":19,"type":"berth","distance_to_coast":236.49963879753113,"inside_china_land":true}},{"type":"Feature","geometry":{"type":"Polygon","coordinates":[[[119.53401561111112,35.33527916129032],[119.53432881818183,35.33527916129032],[119.53432881818183,35.33617127586207],[119.53401561111112,35.33617127586207],[119.53401561111112,35.33527916129032]]]},"properties":{"cluster_id":152,"lat":35.33585068779255,"lon":119.53419703860338,"count":12,"type":"berth","distance_to_coast":2252.256256544971,"inside_china_land":false}},{"type":"Feature","geometry":{"type":"Polygon","coordinates":[[[121.5671305652174,31.284993194444446],[121.56740592307693,31.284993194444446],[121.56740592307693,31.286139163934426],[121.5671305652174,31.286139163934426],[121.5671305652174,31.284993194444446]]]},"properties":{"cluster_id":154,"lat":31.28594155949052,"lon":121.56724672413648,"count":52,"type":"berth","distance_to_coast":8746.261119092982,"inside_china_land":true}},{"type":"Feature","geometry":{"type":"Polygon","coordinates":[[[121.49831979591836,31.572860409836064],[121.49935580327869,31.572860409836064],[121.49935580327869,31.57344541666667],[121.49831979591836,31.57344541666667],[121.49831979591836,31.572860409836064]]]},"properties":{"cluster_id":155,"lat":31.573091272864424,"lon":121.49898637666064,"count":13,"type":"berth","distance_to_coast":214.67614980945152,"inside_china_land":false}},{"type":"Feature","geometry":{"type":"Polygon","coordinates":[[[121.67926349999999,31.3827],[121.68039104545454,31.3827],[121.68039104545454,31.38342],[121.67926349999999,31.38342],[121.67926349999999,31.3827]]]},"properties":{"cluster_id":156,"lat":31.38321913297758,"lon":121.67970117227496,"count":16,"type":"berth","distance_to_coast":166.57461734737385,"inside_china_land":true}},{"type":"Feature","geometry":{"type":"Polygon","coordinates":[[[117.589877748538,38.75852337837838],[117.59824,38.75852337837838],[117.59824,38.76018181578947],[117.589877748538,38.76018181578947],[117.589877748538,38.75852337837838]]]},"properties":{"cluster_id":157,"lat":38.759391754484085,"lon":117.5936197677856,"count":38,"type":"berth","distance_to_coast":2011.523481918504,"inside_china_land":false}},{"type":"Feature","geometry":{"type":"Polygon","coordinates":[[[119.63414934615386,26.744151111111112],[119.6406989090909,26.744151111111112],[119.6406989090909,26.746611440000002],[119.63414934615386,26.746611440000002],[119.63414934615386,26.744151111111112]]]},"properties":{"cluster_id":158,"lat":26.745457526812544,"lon":119.63720992869,"count":46,"type":"berth","distance_to_coast":720.7855459978254,"inside_china_land":false}},{"type":"Feature","geometry":{"type":"Polygon","coordinates":[[[121.44269833333333,31.596602769230767],[121.4427158695652,31.596602769230767],[121.4427158695652,31.596619652173914],[121.44269833333333,31.596619652173914],[121.44269833333333,31.596602769230767]]]},"properties":{"cluster_id":159,"lat":31.596611210702346,"lon":121.44270710144926,"count":2,"type":"berth","distance_to_coast":117.95498283790108,"inside_china_land":false}},{"type":"Feature","geometry":{"type":"Polygon","coordinates":[[[121.71381650000001,31.34680675],[121.71448519999998,31.34680675],[121.71448519999998,31.348022333333333],[121.71381650000001,31.348022333333333],[121.71381650000001,31.34680675]]]},"properties":{"cluster_id":160,"lat":31.34730896111111,"lon":121.71421545555556,"count":3,"type":"berth","distance_to_coast":1447.8309597026653,"inside_china_land":false}},{"type":"Feature","geometry":{"type":"Polygon","coordinates":[[[120.95993263999999,40.70379988888889],[120.96627428571428,40.70379988888889],[120.96627428571428,40.70686383333334],[120.95993263999999,40.70686383333334],[120.95993263999999,40.70379988888889]]]},"properties":{"cluster_id":161,"lat":40.70541738002851,"lon":120.9628257545554,"count":55,"type":"berth","distance_to_coast":405.4744384167265,"inside_china_land":false}},{"type":"Feature","geometry":{"type":"Polygon","coordinates":[[[118.95444773913044,38.07843769565218],[118.95458553333333,38.07843769565218],[118.95458553333333,38.078454533333336],[118.95444773913044,38.078454533333336],[118.95444773913044,38.07843769565218]]]},"properties":{"cluster_id":162,"lat":38.07844611449275,"lon":118.95451663623189,"count":2,"type":"berth","distance_to_coast":1640.800716054306,"inside_china_land":false}},{"type":"Feature","geometry":{"type":"Polygon","coordinates":[[[119.69222386842105,26.461206166666667],[119.69435988888888,26.461206166666667],[119.69435988888888,26.46230853488372],[119.69222386842105,26.46230853488372],[119.69222386842105,26.461206166666667]]]},"properties":{"cluster_id":163,"lat":26.462025015686525,"lon":119.6927226851438,"count":18,"type":"berth","distance_to_coast":435.86280896606934,"inside_china_land":true}},{"type":"Feature","geometry":{"type":"Polygon","coordinates":[[[122.20570124242424,30.11218306818182],[122.20846768181818,30.11218306818182],[122.20846768181818,30.11255015151515],[122.20570124242424,30.11255015151515],[122.20570124242424,30.11218306818182]]]},"properties":{"cluster_id":164,"lat":30.11239368080644,"lon":122.2070908032637,"count":11,"type":"berth","distance_to_coast":1690.5951649116955,"inside_china_land":false}},{"type":"Feature","geometry":{"type":"Polygon","coordinates":[[[119.63207267647059,26.469445],[119.63441669767442,26.469445],[119.63441669767442,26.470412139534886],[119.63207267647059,26.470412139534886],[119.63207267647059,26.469445]]]},"properties":{"cluster_id":166,"lat":26.46994289839868,"lon":119.63314379865972,"count":51,"type":"berth","distance_to_coast":668.7463931942011,"inside_china_land":false}},{"type":"Feature","geometry":{"type":"Polygon","coordinates":[[[120.18846416666668,31.94507283333333],[120.19237242335767,31.94507283333333],[120.19237242335767,31.945487916666668],[120.18846416666668,31.945487916666668],[120.18846416666668,31.94507283333333]]]},"properties":{"cluster_id":167,"lat":31.945302812419772,"lon":120.19054224152327,"count":21,"type":"berth","distance_to_coast":1125.6110702945552,"inside_china_land":true}},{"type":"Feature","geometry":{"type":"Polygon","coordinates":[[[120.33698919999999,31.98628972222222],[120.34052000000001,31.98628972222222],[120.34052000000001,31.988704166666665],[120.33698919999999,31.988704166666665],[120.33698919999999,31.98628972222222]]]},"properties":{"cluster_id":168,"lat":31.98744819770023,"lon":120.33820178991928,"count":10,"type":"berth","distance_to_coast":1600.0346820702553,"inside_china_land":false}},{"type":"Feature","geometry":{"type":"Polygon","coordinates":[[[120.35043671428572,32.002720249999996],[120.3505955,32.002720249999996],[120.3505955,32.00278959090909],[120.35043671428572,32.00278959090909],[120.35043671428572,32.002720249999996]]]},"properties":{"cluster_id":169,"lat":32.00275450252525,"lon":120.35050469264068,"count":3,"type":"berth","distance_to_coast":1191.791373006781,"inside_china_land":false}},{"type":"Feature","geometry":{"type":"Polygon","coordinates":[[[110.01028875,19.95149520689655],[110.01311794444445,19.95149520689655],[110.01311794444445,19.95701872],[110.01028875,19.95701872],[110.01028875,19.95149520689655]]]},"properties":{"cluster_id":170,"lat":19.953987386676143,"lon":110.01179809814776,"count":21,"type":"berth","distance_to_coast":232.39865909380197,"inside_china_land":false}},{"type":"Feature","geometry":{"type":"Polygon","coordinates":[[[108.62270353333334,19.10111175],[108.62546466911765,19.10111175],[108.62546466911765,19.10252594852941],[108.62270353333334,19.10252594852941],[108.62270353333334,19.10111175]]]},"properties":{"cluster_id":173,"lat":19.10141260730396,"lon":108.6232657438897,"count":11,"type":"berth","distance_to_coast":537.6266332830822,"inside_china_land":true}},{"type":"Feature","geometry":{"type":"Polygon","coordinates":[[[121.92571720689656,29.91421773333333],[121.92715875,29.91421773333333],[121.92715875,29.917384108695654],[121.92571720689656,29.917384108695654],[121.92571720689656,29.91421773333333]]]},"properties":{"cluster_id":174,"lat":29.91667838731719,"lon":121.92607177309654,"count":109,"type":"berth","distance_to_coast":953.1063294524791,"inside_china_land":false}},{"type":"Feature","geometry":{"type":"Polygon","coordinates":[[[124.16228899999999,39.84065425925925],[124.16298545,39.84065425925925],[124.16298545,39.841849675],[124.16228899999999,39.841849675],[124.16228899999999,39.84065425925925]]]},"properties":{"cluster_id":175,"lat":39.84105495200173,"lon":124.16258612205282,"count":9,"type":"berth","distance_to_coast":2400.1524118642524,"inside_china_land":false}},{"type":"Feature","geometry":{"type":"Polygon","coordinates":[[[111.07145388235294,21.478384885714284],[111.07265607692308,21.478384885714284],[111.07265607692308,21.479611352941177],[111.07145388235294,21.479611352941177],[111.07145388235294,21.478384885714284]]]},"properties":{"cluster_id":176,"lat":21.478800667769335,"lon":111.0720973565652,"count":10,"type":"berth","distance_to_coast":779.5399427323925,"inside_china_land":false}},{"type":"Feature","geometry":{"type":"Polygon","coordinates":[[[111.80845665,21.7140503],[111.80853110666666,21.7140503],[111.80853110666666,21.714096533333336],[111.80845665,21.714096533333336],[111.80845665,21.7140503]]]},"properties":{"cluster_id":178,"lat":21.71407341666667,"lon":111.80849387833334,"count":2,"type":"berth","distance_to_coast":2877.207690770679,"inside_china_land":false}},{"type":"Feature","geometry":{"type":"Polygon","coordinates":[[[111.80900062790698,21.715625448275862],[111.80903863636364,21.715625448275862],[111.80903863636364,21.715685511627907],[111.80900062790698,21.715685511627907],[111.80900062790698,21.715625448275862]]]},"properties":{"cluster_id":179,"lat":21.715655555044435,"lon":111.80902300147152,"count":4,"type":"berth","distance_to_coast":2735.098272322176,"inside_china_land":false}},{"type":"Feature","geometry":{"type":"Polygon","coordinates":[[[121.27214072307693,39.50066580487805],[121.27231656097561,39.50066580487805],[121.27231656097561,39.50240783544304],[121.27214072307693,39.50240783544304],[121.27214072307693,39.50066580487805]]]},"properties":{"cluster_id":180,"lat":39.50140777647473,"lon":121.27218881687732,"count":8,"type":"berth","distance_to_coast":1879.4962626024997,"inside_china_land":false}},{"type":"Feature","geometry":{"type":"Polygon","coordinates":[[[117.97868722222222,24.401746254901962],[117.98114411764706,24.401746254901962],[117.98114411764706,24.402426000000002],[117.97868722222222,24.402426000000002],[117.97868722222222,24.401746254901962]]]},"properties":{"cluster_id":181,"lat":24.40200210640584,"lon":117.97959308264927,"count":29,"type":"berth","distance_to_coast":1019.401314080616,"inside_china_land":false}},{"type":"Feature","geometry":{"type":"Polygon","coordinates":[[[109.59910063636363,21.58524291666667],[109.600136,21.58524291666667],[109.600136,21.587866636363636],[109.59910063636363,21.587866636363636],[109.59910063636363,21.58524291666667]]]},"properties":{"cluster_id":182,"lat":21.58654153143939,"lon":109.59952341818182,"count":4,"type":"berth","distance_to_coast":1097.72251458983,"inside_china_land":false}},{"type":"Feature","geometry":{"type":"Polygon","coordinates":[[[119.71238623529412,26.78791927272727],[119.71419672,26.78791927272727],[119.71419672,26.79107311111111],[119.71238623529412,26.79107311111111],[119.71238623529412,26.78791927272727]]]},"properties":{"cluster_id":183,"lat":26.78936423140837,"lon":119.7133390553863,"count":24,"type":"berth","distance_to_coast":1044.316783876186,"inside_china_land":false}},{"type":"Feature","geometry":{"type":"Polygon","coordinates":[[[118.95970296428571,25.208386807692307],[118.96128664,25.208386807692307],[118.96128664,25.20861668],[118.95970296428571,25.20861668],[118.95970296428571,25.208386807692307]]]},"properties":{"cluster_id":184,"lat":25.20850368293498,"lon":118.96021214466116,"count":4,"type":"berth","distance_to_coast":1684.2119118589858,"inside_china_land":false}},{"type":"Feature","geometry":{"type":"Polygon","coordinates":[[[119.575725125,25.68413275],[119.57993445454545,25.68413275],[119.57993445454545,25.68534527272727],[119.575725125,25.68534527272727],[119.575725125,25.68413275]]]},"properties":{"cluster_id":185,"lat":25.68485661711644,"lon":119.57808301247212,"count":22,"type":"berth","distance_to_coast":609.3894580615903,"inside_china_land":true}},{"type":"Feature","geometry":{"type":"Polygon","coordinates":[[[109.56852635897437,21.6135194],[109.56917613095237,21.6135194],[109.56917613095237,21.61422307692308],[109.56852635897437,21.61422307692308],[109.56852635897437,21.6135194]]]},"properties":{"cluster_id":187,"lat":21.61383164016552,"lon":109.56893527219584,"count":10,"type":"berth","distance_to_coast":1912.4621877843665,"inside_china_land":false}},{"type":"Feature","geometry":{"type":"Polygon","coordinates":[[[121.6832368,31.379417733333334],[121.68424919230769,31.379417733333334],[121.68424919230769,31.380163399999997],[121.6832368,31.380163399999997],[121.6832368,31.379417733333334]]]},"properties":{"cluster_id":188,"lat":31.379849534529622,"lon":121.68373148221409,"count":11,"type":"berth","distance_to_coast":58.73506060677189,"inside_china_land":true}},{"type":"Feature","geometry":{"type":"Polygon","coordinates":[[[122.19368373333333,29.714287604651165],[122.19456142105264,29.714287604651165],[122.19456142105264,29.714792021276597],[122.19368373333333,29.714792021276597],[122.19368373333333,29.714287604651165]]]},"properties":{"cluster_id":189,"lat":29.71459365338488,"lon":122.19402454340234,"count":11,"type":"berth","distance_to_coast":2900.781291139801,"inside_china_land":false}},{"type":"Feature","geometry":{"type":"Polygon","coordinates":[[[118.48166671428572,38.93723982857143],[118.48517852941175,38.93723982857143],[118.48517852941175,38.9398656875],[118.48166671428572,38.9398656875],[118.48166671428572,38.93723982857143]]]},"properties":{"cluster_id":193,"lat":38.93821017126097,"lon":118.4829796632292,"count":34,"type":"berth","distance_to_coast":126.8345685322108,"inside_china_land":false}},{"type":"Feature","geometry":{"type":"Polygon","coordinates":[[[119.6935820871795,25.579257743589743],[119.69368191845493,25.579257743589743],[119.69368191845493,25.57995053846154],[119.6935820871795,25.57995053846154],[119.6935820871795,25.579257743589743]]]},"properties":{"cluster_id":194,"lat":25.57974152923312,"lon":119.69364009972828,"count":5,"type":"berth","distance_to_coast":745.2385274231532,"inside_china_land":false}},{"type":"Feature","geometry":{"type":"Polygon","coordinates":[[[119.69086743589745,25.580355143053644],[119.69191218435753,25.580355143053644],[119.69191218435753,25.5821969375],[119.69086743589745,25.5821969375],[119.69086743589745,25.580355143053644]]]},"properties":{"cluster_id":195,"lat":25.581673574791793,"lon":119.69136456950189,"count":15,"type":"berth","distance_to_coast":857.645114472274,"inside_china_land":false}},{"type":"Feature","geometry":{"type":"Polygon","coordinates":[[[120.21613333333335,31.94262111111111],[120.21704554054054,31.94262111111111],[120.21704554054054,31.94300847169811],[120.21613333333335,31.94300847169811],[120.21613333333335,31.94262111111111]]]},"properties":{"cluster_id":196,"lat":31.942904229999098,"lon":120.21691425007248,"count":20,"type":"berth","distance_to_coast":799.1876734409324,"inside_china_land":true}},{"type":"Feature","geometry":{"type":"Polygon","coordinates":[[[119.01935289285714,39.207050607142854],[119.020358375,39.207050607142854],[119.020358375,39.208361625],[119.01935289285714,39.208361625],[119.01935289285714,39.207050607142854]]]},"properties":{"cluster_id":197,"lat":39.20795397699293,"lon":119.0200503954507,"count":19,"type":"berth","distance_to_coast":1239.8760202828123,"inside_china_land":true}},{"type":"Feature","geometry":{"type":"Polygon","coordinates":[[[120.80451826190476,32.01457695238095],[120.80500566666667,32.01457695238095],[120.80500566666667,32.01501638297872],[120.80451826190476,32.01501638297872],[120.80451826190476,32.01457695238095]]]},"properties":{"cluster_id":198,"lat":32.014795091190095,"lon":120.80484509307946,"count":24,"type":"berth","distance_to_coast":1150.867923916274,"inside_china_land":false}},{"type":"Feature","geometry":{"type":"Polygon","coordinates":[[[121.27550665000001,31.59617829230769],[121.27646293846153,31.59617829230769],[121.27646293846153,31.59719049],[121.27550665000001,31.59719049],[121.27550665000001,31.59617829230769]]]},"properties":{"cluster_id":199,"lat":31.596399289335057,"lon":121.27623495760396,"count":8,"type":"berth","distance_to_coast":2616.0817291781073,"inside_china_land":false}},{"type":"Feature","geometry":{"type":"Polygon","coordinates":[[[119.03312224675325,32.18811145454546],[119.03390953333334,32.18811145454546],[119.03390953333334,32.18874338636363],[119.03312224675325,32.18874338636363],[119.03312224675325,32.18811145454546]]]},"properties":{"cluster_id":201,"lat":32.18849356394198,"lon":119.03364207959504,"count":15,"type":"berth","distance_to_coast":63729.70383450359,"inside_china_land":true}},{"type":"Feature","geometry":{"type":"Polygon","coordinates":[[[120.33594539999999,31.993178699999998],[120.34086206666666,31.993178699999998],[120.34086206666666,31.996491733333336],[120.33594539999999,31.996491733333336],[120.33594539999999,31.993178699999998]]]},"properties":{"cluster_id":202,"lat":31.995072255036693,"lon":120.33888511922828,"count":26,"type":"berth","distance_to_coast":960.3346118473386,"inside_china_land":false}},{"type":"Feature","geometry":{"type":"Polygon","coordinates":[[[119.6704742,39.926704794871796],[119.67100313953489,39.926704794871796],[119.67100313953489,39.927163023255815],[119.6704742,39.927163023255815],[119.6704742,39.926704794871796]]]},"properties":{"cluster_id":203,"lat":39.92689745229799,"lon":119.67064319093558,"count":15,"type":"berth","distance_to_coast":905.6487732479836,"inside_china_land":false}},{"type":"Feature","geometry":{"type":"Polygon","coordinates":[[[119.01188659574468,25.14068105],[119.01225675,25.14068105],[119.01225675,25.141810510638297],[119.01188659574468,25.141810510638297],[119.01188659574468,25.14068105]]]},"properties":{"cluster_id":204,"lat":25.14106790203095,"lon":119.01211756979367,"count":3,"type":"berth","distance_to_coast":1887.5559363895416,"inside_china_land":false}},{"type":"Feature","geometry":{"type":"Polygon","coordinates":[[[113.58475374157304,22.80534366666667],[113.58567384999999,22.80534366666667],[113.58567384999999,22.80778224],[113.58475374157304,22.80778224],[113.58475374157304,22.80534366666667]]]},"properties":{"cluster_id":205,"lat":22.806586888581418,"lon":113.5851841694722,"count":23,"type":"berth","distance_to_coast":221.76831285690156,"inside_china_land":false}},{"type":"Feature","geometry":{"type":"Polygon","coordinates":[[[119.676543375,39.92205851851851],[119.67677223684211,39.92205851851851],[119.67677223684211,39.922816250000004],[119.676543375,39.922816250000004],[119.676543375,39.92205851851851]]]},"properties":{"cluster_id":206,"lat":39.92239232346657,"lon":119.6767235770715,"count":25,"type":"berth","distance_to_coast":1600.2464631989944,"inside_china_land":false}},{"type":"Feature","geometry":{"type":"Polygon","coordinates":[[[120.36487898,32.012547562499996],[120.36828545454546,32.012547562499996],[120.36828545454546,32.01482484848485],[120.36487898,32.01482484848485],[120.36487898,32.012547562499996]]]},"properties":{"cluster_id":207,"lat":32.01366160217772,"lon":120.36656920634142,"count":31,"type":"berth","distance_to_coast":1485.6265795244667,"inside_china_land":false}},{"type":"Feature","geometry":{"type":"Polygon","coordinates":[[[119.67667682222222,39.91558181632653],[119.67758645833334,39.91558181632653],[119.67758645833334,39.917650574074074],[119.67667682222222,39.917650574074074],[119.67667682222222,39.91558181632653]]]},"properties":{"cluster_id":208,"lat":39.916786028010144,"lon":119.67715393962024,"count":22,"type":"berth","distance_to_coast":2415.38560223254,"inside_china_land":false}},{"type":"Feature","geometry":{"type":"Polygon","coordinates":[[[109.55350451785715,21.4851544375],[109.5549544,21.4851544375],[109.5549544,21.4880526],[109.55350451785715,21.4880526],[109.55350451785715,21.4851544375]]]},"properties":{"cluster_id":209,"lat":21.486624204499066,"lon":109.55420798987944,"count":12,"type":"berth","distance_to_coast":2416.13381365333,"inside_china_land":false}},{"type":"Feature","geometry":{"type":"Polygon","coordinates":[[[110.41639312727273,21.295349647058824],[110.41650254545453,21.295349647058824],[110.41650254545453,21.298097333333335],[110.41639312727273,21.298097333333335],[110.41639312727273,21.295349647058824]]]},"properties":{"cluster_id":211,"lat":21.29687291797412,"lon":110.41642367210596,"count":8,"type":"berth","distance_to_coast":1408.6396102189085,"inside_china_land":false}},{"type":"Feature","geometry":{"type":"Polygon","coordinates":[[[121.09867387878788,28.152822647058823],[121.09948812244899,28.152822647058823],[121.09948812244899,28.154980692307692],[121.09867387878788,28.154980692307692],[121.09867387878788,28.152822647058823]]]},"properties":{"cluster_id":214,"lat":28.153699840174134,"lon":121.099059361155,"count":14,"type":"berth","distance_to_coast":2186.425298093203,"inside_china_land":false}},{"type":"Feature","geometry":{"type":"Polygon","coordinates":[[[120.49123325000001,32.07579375],[120.49250571428571,32.07579375],[120.49250571428571,32.076072347826084],[120.49123325000001,32.076072347826084],[120.49123325000001,32.07579375]]]},"properties":{"cluster_id":216,"lat":32.07598936222363,"lon":120.49211289138913,"count":27,"type":"berth","distance_to_coast":816.0622915841144,"inside_china_land":false}},{"type":"Feature","geometry":{"type":"Polygon","coordinates":[[[120.22015726666667,37.6733325],[120.22110506060606,37.6733325],[120.22110506060606,37.674164600000005],[120.22015726666667,37.674164600000005],[120.22015726666667,37.6733325]]]},"properties":{"cluster_id":219,"lat":37.67369430513468,"lon":120.2207399226936,"count":6,"type":"berth","distance_to_coast":832.3292738585355,"inside_china_land":false}},{"type":"Feature","geometry":{"type":"Polygon","coordinates":[[[120.3049135,37.6628894],[120.30502139999999,37.6628894],[120.30502139999999,37.663038547619045],[120.3049135,37.663038547619045],[120.3049135,37.6628894]]]},"properties":{"cluster_id":220,"lat":37.662969464817095,"lon":120.3049610011393,"count":8,"type":"berth","distance_to_coast":263.12786393704664,"inside_china_land":false}},{"type":"Feature","geometry":{"type":"Polygon","coordinates":[[[120.165991,31.924963313432837],[120.16904588059701,31.924963313432837],[120.16904588059701,31.92524970689655],[120.165991,31.92524970689655],[120.165991,31.924963313432837]]]},"properties":{"cluster_id":221,"lat":31.92511372444234,"lon":120.1669840307891,"count":22,"type":"berth","distance_to_coast":1662.1350101225607,"inside_china_land":false}},{"type":"Feature","geometry":{"type":"Polygon","coordinates":[[[120.84429907142857,31.829733714285712],[120.84566885714285,31.829733714285712],[120.84566885714285,31.83184754761905],[120.84429907142857,31.83184754761905],[120.84429907142857,31.829733714285712]]]},"properties":{"cluster_id":222,"lat":31.83079416349473,"lon":120.8450152993274,"count":13,"type":"berth","distance_to_coast":2267.138231398898,"inside_china_land":false}},{"type":"Feature","geometry":{"type":"Polygon","coordinates":[[[108.33551579310344,21.56652647761194],[108.33556223880596,21.56652647761194],[108.33556223880596,21.56690404597701],[108.33551579310344,21.56690404597701],[108.33551579310344,21.56652647761194]]]},"properties":{"cluster_id":223,"lat":21.56671526179448,"lon":108.33553901595472,"count":2,"type":"berth","distance_to_coast":3007.7285206112847,"inside_china_land":false}},{"type":"Feature","geometry":{"type":"Polygon","coordinates":[[[109.20528825,19.724987625],[109.20758628985507,19.724987625],[109.20758628985507,19.726113164179104],[109.20528825,19.726113164179104],[109.20528825,19.724987625]]]},"properties":{"cluster_id":224,"lat":19.725937117937757,"lon":109.20601328236587,"count":10,"type":"berth","distance_to_coast":511.080333516146,"inside_china_land":false}},{"type":"Feature","geometry":{"type":"Polygon","coordinates":[[[119.36520564705881,35.076103636363634],[119.36606145454545,35.076103636363634],[119.36606145454545,35.08007919607843],[119.36520564705881,35.08007919607843],[119.36520564705881,35.076103636363634]]]},"properties":{"cluster_id":225,"lat":35.07795302695113,"lon":119.36562156076808,"count":12,"type":"berth","distance_to_coast":2719.263892262783,"inside_china_land":false}},{"type":"Feature","geometry":{"type":"Polygon","coordinates":[[[121.5,32.13289127272727],[121.50087063235296,32.13289127272727],[121.50087063235296,32.133333],[121.5,32.133333],[121.5,32.13289127272727]]]},"properties":{"cluster_id":226,"lat":32.132996247608105,"lon":121.50072824737892,"count":21,"type":"berth","distance_to_coast":3011.1426406223227,"inside_china_land":false}},{"type":"Feature","geometry":{"type":"Polygon","coordinates":[[[119.5709219,35.365677],[119.57182897058823,35.365677],[119.57182897058823,35.36743371428572],[119.5709219,35.36743371428572],[119.5709219,35.365677]]]},"properties":{"cluster_id":227,"lat":35.366939546859605,"lon":119.57111530820318,"count":49,"type":"berth","distance_to_coast":2819.719243944714,"inside_china_land":false}},{"type":"Feature","geometry":{"type":"Polygon","coordinates":[[[119.78407418085106,26.3958245],[119.78421303125,26.3958245],[119.78421303125,26.395929265625],[119.78407418085106,26.395929265625],[119.78407418085106,26.3958245]]]},"properties":{"cluster_id":228,"lat":26.3958768828125,"lon":119.78414360605052,"count":2,"type":"berth","distance_to_coast":309.7552674951568,"inside_china_land":false}},{"type":"Feature","geometry":{"type":"Polygon","coordinates":[[[119.76062382692308,26.381316978723405],[119.76171578125,26.381316978723405],[119.76171578125,26.382127289473686],[119.76062382692308,26.382127289473686],[119.76062382692308,26.381316978723405]]]},"properties":{"cluster_id":229,"lat":26.381504794613395,"lon":119.7608599693788,"count":17,"type":"berth","distance_to_coast":1370.5065510168754,"inside_china_land":false}},{"type":"Feature","geometry":{"type":"Polygon","coordinates":[[[121.27782439130434,31.593819434782606],[121.27813181481481,31.593819434782606],[121.27813181481481,31.594094337837838],[121.27782439130434,31.594094337837838],[121.27782439130434,31.593819434782606]]]},"properties":{"cluster_id":231,"lat":31.593953354438472,"lon":121.2780042880214,"count":14,"type":"berth","distance_to_coast":2600.7377389426315,"inside_china_land":false}},{"type":"Feature","geometry":{"type":"Polygon","coordinates":[[[120.83913081818181,31.839812327868852],[120.84000181967214,31.839812327868852],[120.84000181967214,31.841077363636362],[120.83913081818181,31.841077363636362],[120.83913081818181,31.839812327868852]]]},"properties":{"cluster_id":234,"lat":31.839958538752157,"lon":120.83978942167045,"count":26,"type":"berth","distance_to_coast":2044.5519619047573,"inside_china_land":false}},{"type":"Feature","geometry":{"type":"Polygon","coordinates":[[[120.58338053465346,32.02907678723404],[120.58528595744681,32.02907678723404],[120.58528595744681,32.03031213207547],[120.58338053465346,32.03031213207547],[120.58338053465346,32.02907678723404]]]},"properties":{"cluster_id":235,"lat":32.02988995473261,"lon":120.58392030069068,"count":9,"type":"berth","distance_to_coast":3939.63912157376,"inside_china_land":false}},{"type":"Feature","geometry":{"type":"Polygon","coordinates":[[[120.128603,31.93123744],[120.13211090540541,31.93123744],[120.13211090540541,31.932114231707317],[120.128603,31.932114231707317],[120.128603,31.93123744]]]},"properties":{"cluster_id":236,"lat":31.931804915030604,"lon":120.13010633739226,"count":21,"type":"berth","distance_to_coast":1494.4785528989664,"inside_china_land":false}},{"type":"Feature","geometry":{"type":"Polygon","coordinates":[[[121.1339002835821,31.69981157142857],[121.134308375,31.69981157142857],[121.134308375,31.70003576119403],[121.1339002835821,31.70003576119403],[121.1339002835821,31.69981157142857]]]},"properties":{"cluster_id":237,"lat":31.699873506259888,"lon":121.13421301561424,"count":7,"type":"berth","distance_to_coast":1124.9029892803944,"inside_china_land":false}},{"type":"Feature","geometry":{"type":"Polygon","coordinates":[[[120.6309774107143,31.99012188764045],[120.6337797752809,31.99012188764045],[120.6337797752809,31.990381589285715],[120.6309774107143,31.990381589285715],[120.6309774107143,31.99012188764045]]]},"properties":{"cluster_id":238,"lat":31.99023932009947,"lon":120.63227889271634,"count":5,"type":"berth","distance_to_coast":566.9838391710781,"inside_china_land":true}},{"type":"Feature","geometry":{"type":"Polygon","coordinates":[[[121.97714074193547,30.053475361445784],[121.97720252542372,30.053475361445784],[121.97720252542372,30.053535564516128],[121.97714074193547,30.053535564516128],[121.97714074193547,30.053475361445784]]]},"properties":{"cluster_id":239,"lat":30.053498466846065,"lon":121.97717745458158,"count":3,"type":"berth","distance_to_coast":17.95679490370069,"inside_china_land":true}},{"type":"Feature","geometry":{"type":"Polygon","coordinates":[[[121.05598624285714,40.80908802857142],[121.06016626666666,40.80908802857142],[121.06016626666666,40.81058293333333],[121.05598624285714,40.81058293333333],[121.05598624285714,40.80908802857142]]]},"properties":{"cluster_id":240,"lat":40.81000255776628,"lon":121.0584923123792,"count":26,"type":"berth","distance_to_coast":960.0058026207012,"inside_china_land":true}},{"type":"Feature","geometry":{"type":"Polygon","coordinates":[[[110.40430992,21.171721285714284],[110.40467222222223,21.171721285714284],[110.40467222222223,21.171757444444445],[110.40430992,21.171757444444445],[110.40430992,21.171721285714284]]]},"properties":{"cluster_id":241,"lat":21.1717333322171,"lon":110.40448812311315,"count":4,"type":"berth","distance_to_coast":725.3572665698904,"inside_china_land":false}},{"type":"Feature","geometry":{"type":"Polygon","coordinates":[[[121.4718735,31.0584415],[121.472329,31.0584415],[121.472329,31.058736666666668],[121.4718735,31.058736666666668],[121.4718735,31.0584415]]]},"properties":{"cluster_id":243,"lat":31.05858925706432,"lon":121.4720165666346,"count":43,"type":"berth","distance_to_coast":32394.077641638985,"inside_china_land":true}},{"type":"Feature","geometry":{"type":"Polygon","coordinates":[[[119.66020942857142,25.585175],[119.6608375,25.585175],[119.6608375,25.585359571428572],[119.66020942857142,25.585359571428572],[119.66020942857142,25.585175]]]},"properties":{"cluster_id":244,"lat":25.58528524563492,"lon":119.66046071825396,"count":4,"type":"berth","distance_to_coast":3756.644873955005,"inside_china_land":false}},{"type":"Feature","geometry":{"type":"Polygon","coordinates":[[[121.98091072727271,40.201800909090906],[121.98097809090909,40.201800909090906],[121.98097809090909,40.20189390909091],[121.98091072727271,40.20189390909091],[121.98091072727271,40.201800909090906]]]},"properties":{"cluster_id":245,"lat":40.20184934290271,"lon":121.9809411323764,"count":3,"type":"berth","distance_to_coast":2461.114502761792,"inside_china_land":false}},{"type":"Feature","geometry":{"type":"Polygon","coordinates":[[[116.55792876923077,23.39473166666667],[116.55891266666667,23.39473166666667],[116.55891266666667,23.398619680851063],[116.55792876923077,23.398619680851063],[116.55792876923077,23.39473166666667]]]},"properties":{"cluster_id":247,"lat":23.396497994719383,"lon":116.5584923850991,"count":34,"type":"berth","distance_to_coast":388.34962630793075,"inside_china_land":false}},{"type":"Feature","geometry":{"type":"Polygon","coordinates":[[[116.5332545,22.976606666666665],[116.53341213333333,22.976606666666665],[116.53341213333333,22.977016499999998],[116.5332545,22.977016499999998],[116.5332545,22.976606666666665]]]},"properties":{"cluster_id":248,"lat":22.97681158333333,"lon":116.53333331666668,"count":2,"type":"berth","distance_to_coast":1529.5922634928238,"inside_china_land":false}},{"type":"Feature","geometry":{"type":"Polygon","coordinates":[[[122.15214472222222,30.247342722222225],[122.15379996875001,30.247342722222225],[122.15379996875001,30.24763942857143],[122.15214472222222,30.24763942857143],[122.15214472222222,30.247342722222225]]]},"properties":{"cluster_id":249,"lat":30.247456858820502,"lon":122.15321673377164,"count":31,"type":"berth","distance_to_coast":547.2100181912438,"inside_china_land":false}},{"type":"Feature","geometry":{"type":"Polygon","coordinates":[[[113.58526163636363,22.897545363636365],[113.58611675862069,22.897545363636365],[113.58611675862069,22.898439137931035],[113.58526163636363,22.898439137931035],[113.58526163636363,22.897545363636365]]]},"properties":{"cluster_id":250,"lat":22.897879894110662,"lon":113.5855661769424,"count":17,"type":"berth","distance_to_coast":1086.368280317142,"inside_china_land":false}},{"type":"Feature","geometry":{"type":"Polygon","coordinates":[[[110.41378323076923,21.305892307692304],[110.41411439999999,21.305892307692304],[110.41411439999999,21.3066696],[110.41378323076923,21.3066696],[110.41378323076923,21.305892307692304]]]},"properties":{"cluster_id":251,"lat":21.306293986307256,"lon":110.4139524020982,"count":8,"type":"berth","distance_to_coast":2150.2815787064337,"inside_china_land":false}},{"type":"Feature","geometry":{"type":"Polygon","coordinates":[[[117.49812200000001,23.761036],[117.49941733333333,23.761036],[117.49941733333333,23.762080098039217],[117.49812200000001,23.762080098039217],[117.49812200000001,23.761036]]]},"properties":{"cluster_id":252,"lat":23.761631763596075,"lon":117.49857372855494,"count":10,"type":"berth","distance_to_coast":1358.304126940949,"inside_china_land":false}},{"type":"Feature","geometry":{"type":"Polygon","coordinates":[[[111.809117375,21.716995750000002],[111.8100623125,21.716995750000002],[111.8100623125,21.719555125],[111.809117375,21.719555125],[111.809117375,21.716995750000002]]]},"properties":{"cluster_id":253,"lat":21.71786807946931,"lon":111.8095454757535,"count":9,"type":"berth","distance_to_coast":2557.6497599220065,"inside_china_land":false}},{"type":"Feature","geometry":{"type":"Polygon","coordinates":[[[113.58706339999999,22.799946085714286],[113.58769083333333,22.799946085714286],[113.58769083333333,22.800827666666667],[113.58706339999999,22.800827666666667],[113.58706339999999,22.799946085714286]]]},"properties":{"cluster_id":255,"lat":22.80053905284296,"lon":113.58729753160648,"count":15,"type":"berth","distance_to_coast":200.2644627636069,"inside_china_land":false}},{"type":"Feature","geometry":{"type":"Polygon","coordinates":[[[113.58189666666668,22.901764857142858],[113.58455419354839,22.901764857142858],[113.58455419354839,22.90443875],[113.58189666666668,22.90443875],[113.58189666666668,22.901764857142858]]]},"properties":{"cluster_id":256,"lat":22.902905323032332,"lon":113.58313534073405,"count":43,"type":"berth","distance_to_coast":1560.0404356964862,"inside_china_land":false}},{"type":"Feature","geometry":{"type":"Polygon","coordinates":[[[117.98170626086957,24.45237769354839],[117.98195004477611,24.45237769354839],[117.98195004477611,24.452466],[117.98170626086957,24.452466],[117.98170626086957,24.45237769354839]]]},"properties":{"cluster_id":257,"lat":24.452421551875094,"lon":117.98187148021326,"count":4,"type":"berth","distance_to_coast":5.614601584719679,"inside_china_land":true}},{"type":"Feature","geometry":{"type":"Polygon","coordinates":[[[118.43164999999999,24.630325571428575],[118.4323495,24.630325571428575],[118.4323495,24.63123775],[118.43164999999999,24.63123775],[118.43164999999999,24.630325571428575]]]},"properties":{"cluster_id":258,"lat":24.630661433459014,"lon":118.43207310740834,"count":17,"type":"berth","distance_to_coast":15.109610282046669,"inside_china_land":false}},{"type":"Feature","geometry":{"type":"Polygon","coordinates":[[[113.03811178048781,22.445227666666668],[113.03935107499998,22.445227666666668],[113.03935107499998,22.445780910569106],[113.03811178048781,22.445780910569106],[113.03811178048781,22.445227666666668]]]},"properties":{"cluster_id":260,"lat":22.44549843974925,"lon":113.038783984859,"count":16,"type":"berth","distance_to_coast":14433.406707697584,"inside_china_land":true}},{"type":"Feature","geometry":{"type":"Polygon","coordinates":[[[119.46527671428571,25.97735342857143],[119.46875841463415,25.97735342857143],[119.46875841463415,25.981079243902442],[119.46527671428571,25.981079243902442],[119.46527671428571,25.97735342857143]]]},"properties":{"cluster_id":262,"lat":25.97967215291175,"lon":119.4675068057104,"count":76,"type":"berth","distance_to_coast":61.592634279336856,"inside_china_land":true}},{"type":"Feature","geometry":{"type":"Polygon","coordinates":[[[120.22016860606061,31.943035695652178],[120.22087189393939,31.943035695652178],[120.22087189393939,31.943517588235295],[120.22016860606061,31.943517588235295],[120.22016860606061,31.943035695652178]]]},"properties":{"cluster_id":263,"lat":31.943198436963367,"lon":120.22053656231095,"count":26,"type":"berth","distance_to_coast":836.1664832736952,"inside_china_land":true}},{"type":"Feature","geometry":{"type":"Polygon","coordinates":[[[108.63315480392157,21.730792823529413],[108.63352726666666,21.730792823529413],[108.63352726666666,21.734369575221237],[108.63315480392157,21.734369575221237],[108.63315480392157,21.730792823529413]]]},"properties":{"cluster_id":264,"lat":21.732316085286428,"lon":108.63332843028992,"count":32,"type":"berth","distance_to_coast":1766.2470834334472,"inside_china_land":false}},{"type":"Feature","geometry":{"type":"Polygon","coordinates":[[[109.1978080224719,19.72837855319149],[109.20060706382978,19.72837855319149],[109.20060706382978,19.729340966292135],[109.1978080224719,19.729340966292135],[109.1978080224719,19.72837855319149]]]},"properties":{"cluster_id":266,"lat":19.72884118094155,"lon":109.19926327876396,"count":23,"type":"berth","distance_to_coast":1292.7440809209645,"inside_china_land":false}},{"type":"Feature","geometry":{"type":"Polygon","coordinates":[[[120.96779642857143,40.7037678],[120.96848938157893,40.7037678],[120.96848938157893,40.7050771627907],[120.96779642857143,40.7050771627907],[120.96779642857143,40.7037678]]]},"properties":{"cluster_id":268,"lat":40.70465917966889,"lon":120.96815507179704,"count":9,"type":"berth","distance_to_coast":805.0155230882485,"inside_china_land":false}},{"type":"Feature","geometry":{"type":"Polygon","coordinates":[[[113.04371283333334,22.443489999999997],[113.04572564285715,22.443489999999997],[113.04572564285715,22.443917798387098],[113.04371283333334,22.443917798387098],[113.04371283333334,22.443489999999997]]]},"properties":{"cluster_id":269,"lat":22.4436761935283,"lon":113.04467101749812,"count":8,"type":"berth","distance_to_coast":13903.8713530573,"inside_china_land":true}},{"type":"Feature","geometry":{"type":"Polygon","coordinates":[[[119.69550661538462,39.93135276923077],[119.69754674390245,39.93135276923077],[119.69754674390245,39.93191175],[119.69550661538462,39.93191175],[119.69550661538462,39.93135276923077]]]},"properties":{"cluster_id":270,"lat":39.931629151265675,"lon":119.69657068152424,"count":10,"type":"berth","distance_to_coast":398.74585077963474,"inside_china_land":false}},{"type":"Feature","geometry":{"type":"Polygon","coordinates":[[[113.0753665,22.297241999999997],[113.07623735483871,22.297241999999997],[113.07623735483871,22.300164838709676],[113.0753665,22.300164838709676],[113.0753665,22.297241999999997]]]},"properties":{"cluster_id":271,"lat":22.298663196740343,"lon":113.07597794678232,"count":15,"type":"berth","distance_to_coast":10294.325109336658,"inside_china_land":true}},{"type":"Feature","geometry":{"type":"Polygon","coordinates":[[[119.82612025,26.6370555],[119.82657783333333,26.6370555],[119.82657783333333,26.637678],[119.82612025,26.637678],[119.82612025,26.6370555]]]},"properties":{"cluster_id":272,"lat":26.63736675,"lon":119.82634904166667,"count":2,"type":"berth","distance_to_coast":3955.009671618131,"inside_china_land":false}},{"type":"Feature","geometry":{"type":"Polygon","coordinates":[[[113.657295703125,22.764277140625],[113.65862948148148,22.764277140625],[113.65862948148148,22.76639759090909],[113.657295703125,22.76639759090909],[113.657295703125,22.764277140625]]]},"properties":{"cluster_id":273,"lat":22.765450983256784,"lon":113.65796818560274,"count":16,"type":"berth","distance_to_coast":374.6649024665764,"inside_china_land":true}},{"type":"Feature","geometry":{"type":"Polygon","coordinates":[[[117.95533046,24.457099714285714],[117.95918762162162,24.457099714285714],[117.95918762162162,24.457965060000003],[117.95533046,24.457965060000003],[117.95533046,24.457099714285714]]]},"properties":{"cluster_id":274,"lat":24.45750753543919,"lon":117.95716566354298,"count":16,"type":"berth","distance_to_coast":479.2102673313761,"inside_china_land":false}},{"type":"Feature","geometry":{"type":"Polygon","coordinates":[[[113.08733275,22.20453688888889],[113.08781119999999,22.20453688888889],[113.08781119999999,22.206507022222223],[113.08733275,22.206507022222223],[113.08733275,22.20453688888889]]]},"properties":{"cluster_id":275,"lat":22.205509086935177,"lon":113.08750819588352,"count":21,"type":"berth","distance_to_coast":300.9627247649671,"inside_china_land":false}},{"type":"Feature","geometry":{"type":"Polygon","coordinates":[[[118.09700315789473,24.35856106060606],[118.09960789855073,24.35856106060606],[118.09960789855073,24.36041738596491],[118.09700315789473,24.36041738596491],[118.09700315789473,24.35856106060606]]]},"properties":{"cluster_id":276,"lat":24.359524332900524,"lon":118.09831184472932,"count":22,"type":"berth","distance_to_coast":2367.574562160182,"inside_china_land":false}},{"type":"Feature","geometry":{"type":"Polygon","coordinates":[[[116.73652251020408,23.33587951851852],[116.73761244444444,23.33587951851852],[116.73761244444444,23.336683448979592],[116.73652251020408,23.336683448979592],[116.73652251020408,23.33587951851852]]]},"properties":{"cluster_id":277,"lat":23.336491363123088,"lon":116.7368332018026,"count":17,"type":"berth","distance_to_coast":862.7834482356915,"inside_china_land":false}},{"type":"Feature","geometry":{"type":"Polygon","coordinates":[[[121.55402597916667,31.324424833333335],[121.55519,31.324424833333335],[121.55519,31.328255187499998],[121.55402597916667,31.328255187499998],[121.55402597916667,31.324424833333335]]]},"properties":{"cluster_id":278,"lat":31.32582091884159,"lon":121.55470502049256,"count":60,"type":"berth","distance_to_coast":4486.244134693042,"inside_china_land":true}},{"type":"Feature","geometry":{"type":"Polygon","coordinates":[[[119.71518371428571,39.93711664285714],[119.7155252,39.93711664285714],[119.7155252,39.94018058333334],[119.71518371428571,39.94018058333334],[119.71518371428571,39.93711664285714]]]},"properties":{"cluster_id":279,"lat":39.93852266484168,"lon":119.7153749253105,"count":21,"type":"berth","distance_to_coast":72.61017884044445,"inside_china_land":true}},{"type":"Feature","geometry":{"type":"Polygon","coordinates":[[[113.565411,22.983302043103446],[113.56729556140351,22.983302043103446],[113.56729556140351,22.985852139860143],[113.565411,22.985852139860143],[113.565411,22.983302043103446]]]},"properties":{"cluster_id":280,"lat":22.984740615753413,"lon":113.56652062073606,"count":23,"type":"berth","distance_to_coast":1227.6683017422154,"inside_china_land":false}},{"type":"Feature","geometry":{"type":"Polygon","coordinates":[[[119.66378577777778,25.531819857142857],[119.66389742857143,25.531819857142857],[119.66389742857143,25.53191711111111],[119.66378577777778,25.53191711111111],[119.66378577777778,25.531819857142857]]]},"properties":{"cluster_id":281,"lat":25.53186848412698,"lon":119.6638416031746,"count":2,"type":"berth","distance_to_coast":3882.64314893595,"inside_china_land":false}},{"type":"Feature","geometry":{"type":"Polygon","coordinates":[[[118.97903233333334,39.20001172727273],[118.97941436363635,39.20001172727273],[118.97941436363635,39.201082416666665],[118.97903233333334,39.201082416666665],[118.97903233333334,39.20001172727273]]]},"properties":{"cluster_id":283,"lat":39.20019083315419,"lon":118.97924292583444,"count":23,"type":"berth","distance_to_coast":1428.7513017437009,"inside_china_land":true}},{"type":"Feature","geometry":{"type":"Polygon","coordinates":[[[119.77543424175825,26.39048323076923],[119.77687927272727,26.39048323076923],[119.77687927272727,26.39148432],[119.77543424175825,26.39148432],[119.77543424175825,26.39048323076923]]]},"properties":{"cluster_id":284,"lat":26.39075121618195,"lon":119.775823570452,"count":34,"type":"berth","distance_to_coast":1078.8836391494729,"inside_china_land":false}},{"type":"Feature","geometry":{"type":"Polygon","coordinates":[[[119.48324729166666,25.9987905],[119.48488569565218,25.9987905],[119.48488569565218,26.00134411111111],[119.48324729166666,26.00134411111111],[119.48324729166666,25.9987905]]]},"properties":{"cluster_id":286,"lat":25.99990688390204,"lon":119.48393424036428,"count":32,"type":"berth","distance_to_coast":907.7714006699036,"inside_china_land":false}},{"type":"Feature","geometry":{"type":"Polygon","coordinates":[[[119.51551745714285,35.313017476190474],[119.51585395454545,35.313017476190474],[119.51585395454545,35.319709688888885],[119.51551745714285,35.319709688888885],[119.51551745714285,35.313017476190474]]]},"properties":{"cluster_id":287,"lat":35.31588340213268,"lon":119.5156843951118,"count":72,"type":"berth","distance_to_coast":2416.8256576197796,"inside_china_land":false}},{"type":"Feature","geometry":{"type":"Polygon","coordinates":[[[113.07169,22.296533],[113.07223819999999,22.296533],[113.07223819999999,22.2976487],[113.07169,22.2976487],[113.07169,22.296533]]]},"properties":{"cluster_id":288,"lat":22.29709085,"lon":113.0719641,"count":2,"type":"berth","distance_to_coast":10297.660923276188,"inside_china_land":true}},{"type":"Feature","geometry":{"type":"Polygon","coordinates":[[[120.00199447904191,31.971305121212122],[120.00344957575757,31.971305121212122],[120.00344957575757,31.972497305389222],[120.00199447904191,31.972497305389222],[120.00199447904191,31.971305121212122]]]},"properties":{"cluster_id":290,"lat":31.97198378908277,"lon":120.00260704520844,"count":4,"type":"berth","distance_to_coast":1966.4494368273984,"inside_china_land":false}},{"type":"Feature","geometry":{"type":"Polygon","coordinates":[[[120.38902153125,32.0286638125],[120.39315553333334,32.0286638125],[120.39315553333334,32.03255836666667],[120.38902153125,32.03255836666667],[120.38902153125,32.0286638125]]]},"properties":{"cluster_id":292,"lat":32.03051893707541,"lon":120.39092251248844,"count":22,"type":"berth","distance_to_coast":847.2286182316897,"inside_china_land":false}},{"type":"Feature","geometry":{"type":"Polygon","coordinates":[[[119.85810378333333,32.28411716666667],[119.85931153191488,32.28411716666667],[119.85931153191488,32.285349366666665],[119.85810378333333,32.285349366666665],[119.85810378333333,32.28411716666667]]]},"properties":{"cluster_id":293,"lat":32.28439284325716,"lon":119.85907110739348,"count":10,"type":"berth","distance_to_coast":43.61352968080733,"inside_china_land":true}},{"type":"Feature","geometry":{"type":"Polygon","coordinates":[[[118.97042725531915,25.238650105263158],[118.97052535714286,25.238650105263158],[118.97052535714286,25.238728234042554],[118.97042725531915,25.238728234042554],[118.97042725531915,25.238650105263158]]]},"properties":{"cluster_id":294,"lat":25.238676240086033,"lon":118.97048934450488,"count":3,"type":"berth","distance_to_coast":585.5319173718838,"inside_china_land":false}},{"type":"Feature","geometry":{"type":"Polygon","coordinates":[[[118.5306895,39.1084695],[118.53502434615385,39.1084695],[118.53502434615385,39.11509176923077],[118.5306895,39.11509176923077],[118.5306895,39.1084695]]]},"properties":{"cluster_id":295,"lat":39.112222563299085,"lon":118.53318337186543,"count":138,"type":"berth","distance_to_coast":1737.138909297884,"inside_china_land":false}},{"type":"Feature","geometry":{"type":"Polygon","coordinates":[[[121.020174,30.554975],[121.02731048,30.554975],[121.02731048,30.5602742],[121.020174,30.5602742],[121.020174,30.554975]]]},"properties":{"cluster_id":296,"lat":30.558319810804555,"lon":121.02466659666678,"count":64,"type":"berth","distance_to_coast":1637.0866720632291,"inside_china_land":false}},{"type":"Feature","geometry":{"type":"Polygon","coordinates":[[[118.45502678947368,38.99554489473684],[118.45523,38.99554489473684],[118.45523,38.99821242307692],[118.45502678947368,38.99821242307692],[118.45502678947368,38.99554489473684]]]},"properties":{"cluster_id":297,"lat":38.99664481332507,"lon":118.45512324070266,"count":15,"type":"berth","distance_to_coast":1634.0564911125678,"inside_china_land":false}},{"type":"Feature","geometry":{"type":"Polygon","coordinates":[[[120.17661266666666,31.92411011111111],[120.17782500000001,31.92411011111111],[120.17782500000001,31.924273392857142],[120.17661266666666,31.924273392857142],[120.17661266666666,31.92411011111111]]]},"properties":{"cluster_id":298,"lat":31.92419509660169,"lon":120.17743741685187,"count":13,"type":"berth","distance_to_coast":1637.2669253064355,"inside_china_land":false}},{"type":"Feature","geometry":{"type":"Polygon","coordinates":[[[118.98380558333334,39.199896884615384],[118.98823444,39.199896884615384],[118.98823444,39.201200879999995],[118.98380558333334,39.201200879999995],[118.98380558333334,39.199896884615384]]]},"properties":{"cluster_id":300,"lat":39.200341127662625,"lon":118.98542186670775,"count":23,"type":"berth","distance_to_coast":1993.9762130004592,"inside_china_land":true}},{"type":"Feature","geometry":{"type":"Polygon","coordinates":[[[113.22860589010989,21.94698761282051],[113.2288730923077,21.94698761282051],[113.2288730923077,21.947219637362636],[113.22860589010989,21.947219637362636],[113.22860589010989,21.94698761282051]]]},"properties":{"cluster_id":301,"lat":21.94710362509157,"lon":113.22873949120878,"count":2,"type":"berth","distance_to_coast":1474.397193109285,"inside_china_land":false}},{"type":"Feature","geometry":{"type":"Polygon","coordinates":[[[116.5367985,22.99134875],[116.53735244444445,22.99134875],[116.53735244444445,22.991529999999997],[116.5367985,22.991529999999997],[116.5367985,22.99134875]]]},"properties":{"cluster_id":302,"lat":22.991439375,"lon":116.53707547222224,"count":2,"type":"berth","distance_to_coast":1316.3230059276834,"inside_china_land":false}},{"type":"Feature","geometry":{"type":"Polygon","coordinates":[[[113.53068770588234,23.00711],[113.5322138,23.00711],[113.5322138,23.009636399999998],[113.53068770588234,23.009636399999998],[113.53068770588234,23.00711]]]},"properties":{"cluster_id":303,"lat":23.00793873224761,"lon":113.53132005791646,"count":12,"type":"berth","distance_to_coast":190.12267210460303,"inside_china_land":true}},{"type":"Feature","geometry":{"type":"Polygon","coordinates":[[[113.5265441,23.014413500000003],[113.52817022222222,23.014413500000003],[113.52817022222222,23.01791295],[113.5265441,23.01791295],[113.5265441,23.014413500000003]]]},"properties":{"cluster_id":304,"lat":23.016180205138568,"lon":113.52734215967024,"count":7,"type":"berth","distance_to_coast":153.6803224673809,"inside_china_land":false}},{"type":"Feature","geometry":{"type":"Polygon","coordinates":[[[113.66347822972973,22.742196571428572],[113.66626879365079,22.742196571428572],[113.66626879365079,22.744361837837836],[113.66347822972973,22.744361837837836],[113.66347822972973,22.742196571428572]]]},"properties":{"cluster_id":305,"lat":22.743114426601455,"lon":113.6650068038892,"count":12,"type":"berth","distance_to_coast":839.2401655307478,"inside_china_land":false}},{"type":"Feature","geometry":{"type":"Polygon","coordinates":[[[121.97408975,30.05978557142857],[121.97466269230769,30.05978557142857],[121.97466269230769,30.060022520833332],[121.97408975,30.060022520833332],[121.97408975,30.05978557142857]]]},"properties":{"cluster_id":306,"lat":30.05994567130307,"lon":121.97454471844996,"count":22,"type":"berth","distance_to_coast":114.4784764593731,"inside_china_land":true}},{"type":"Feature","geometry":{"type":"Polygon","coordinates":[[[119.00870914285714,39.20680744594595],[119.00901008695654,39.20680744594595],[119.00901008695654,39.207064583333334],[119.00870914285714,39.207064583333334],[119.00870914285714,39.20680744594595]]]},"properties":{"cluster_id":307,"lat":39.20692887915627,"lon":119.00883286762482,"count":20,"type":"berth","distance_to_coast":2126.233307384167,"inside_china_land":true}},{"type":"Feature","geometry":{"type":"Polygon","coordinates":[[[110.48286988679246,21.066526200000002],[110.48971966666666,21.066526200000002],[110.48971966666666,21.069818657894736],[110.48286988679246,21.069818657894736],[110.48286988679246,21.066526200000002]]]},"properties":{"cluster_id":308,"lat":21.067206019533707,"lon":110.48747275601367,"count":107,"type":"berth","distance_to_coast":321.72868791686847,"inside_china_land":true}},{"type":"Feature","geometry":{"type":"Polygon","coordinates":[[[111.81919725454546,21.695425712962965],[111.81980808333333,21.695425712962965],[111.81980808333333,21.69749991666667],[111.81919725454546,21.69749991666667],[111.81919725454546,21.695425712962965]]]},"properties":{"cluster_id":309,"lat":21.696791031677847,"lon":111.8194357059283,"count":10,"type":"berth","distance_to_coast":2300.1469350647694,"inside_china_land":false}},{"type":"Feature","geometry":{"type":"Polygon","coordinates":[[[121.08447023636363,30.585109327272725],[121.08593584313725,30.585109327272725],[121.08593584313725,30.585531166666666],[121.08447023636363,30.585531166666666],[121.08447023636363,30.585109327272725]]]},"properties":{"cluster_id":310,"lat":30.585402365698823,"lon":121.08565486445929,"count":30,"type":"berth","distance_to_coast":222.70625788051095,"inside_china_land":false}},{"type":"Feature","geometry":{"type":"Polygon","coordinates":[[[110.3984829,21.1397829],[110.40183075,21.1397829],[110.40183075,21.143079833333335],[110.3984829,21.143079833333335],[110.3984829,21.1397829]]]},"properties":{"cluster_id":311,"lat":21.141649411914138,"lon":110.40030183964922,"count":29,"type":"berth","distance_to_coast":2392.792851827152,"inside_china_land":false}},{"type":"Feature","geometry":{"type":"Polygon","coordinates":[[[110.41939414035087,21.240642466101693],[110.42021556363636,21.240642466101693],[110.42021556363636,21.241491144654088],[110.41939414035087,21.241491144654088],[110.41939414035087,21.240642466101693]]]},"properties":{"cluster_id":312,"lat":21.241235415738352,"lon":110.41963400847752,"count":10,"type":"berth","distance_to_coast":1322.6160836304475,"inside_china_land":false}},{"type":"Feature","geometry":{"type":"Polygon","coordinates":[[[119.8797157173913,32.1960279122807],[119.88012612280701,32.1960279122807],[119.88012612280701,32.197872543478255],[119.8797157173913,32.197872543478255],[119.8797157173913,32.1960279122807]]]},"properties":{"cluster_id":313,"lat":32.19674434824164,"lon":119.879913647121,"count":7,"type":"berth","distance_to_coast":1985.5566793377432,"inside_china_land":false}},{"type":"Feature","geometry":{"type":"Polygon","coordinates":[[[118.99029336734694,39.20805312244898],[118.99249065714287,39.20805312244898],[118.99249065714287,39.20869054285714],[118.99029336734694,39.20869054285714],[118.99029336734694,39.20805312244898]]]},"properties":{"cluster_id":314,"lat":39.208337421431246,"lon":118.99115442354471,"count":12,"type":"berth","distance_to_coast":3196.6460649938485,"inside_china_land":true}},{"type":"Feature","geometry":{"type":"Polygon","coordinates":[[[113.50824380000002,23.048826448275864],[113.50979951515151,23.048826448275864],[113.50979951515151,23.05123035],[113.50824380000002,23.05123035],[113.50824380000002,23.048826448275864]]]},"properties":{"cluster_id":316,"lat":23.05015470559824,"lon":113.50891434811264,"count":11,"type":"berth","distance_to_coast":1452.698304613639,"inside_china_land":false}},{"type":"Feature","geometry":{"type":"Polygon","coordinates":[[[121.4577222857143,31.0970775],[121.45924325,31.0970775],[121.45924325,31.100091910714287],[121.4577222857143,31.100091910714287],[121.4577222857143,31.0970775]]]},"properties":{"cluster_id":317,"lat":31.09898936965134,"lon":121.45838459172626,"count":51,"type":"berth","distance_to_coast":35863.88032676104,"inside_china_land":true}},{"type":"Feature","geometry":{"type":"Polygon","coordinates":[[[121.4670402,31.0724986],[121.467710125,31.0724986],[121.467710125,31.073115875],[121.4670402,31.073115875],[121.4670402,31.0724986]]]},"properties":{"cluster_id":318,"lat":31.072723119463564,"lon":121.46720294567824,"count":10,"type":"berth","distance_to_coast":34306.865940750424,"inside_china_land":true}},{"type":"Feature","geometry":{"type":"Polygon","coordinates":[[[117.99731104166666,24.4486895],[117.99905137500001,24.4486895],[117.99905137500001,24.449233133333333],[117.99731104166666,24.449233133333333],[117.99731104166666,24.4486895]]]},"properties":{"cluster_id":319,"lat":24.4489524088943,"lon":117.99833059295544,"count":11,"type":"berth","distance_to_coast":255.4139373961631,"inside_china_land":true}},{"type":"Feature","geometry":{"type":"Polygon","coordinates":[[[118.98057017964071,39.198922311377245],[118.98235171428571,39.198922311377245],[118.98235171428571,39.19945496341464],[118.98057017964071,39.19945496341464],[118.98057017964071,39.198922311377245]]]},"properties":{"cluster_id":320,"lat":39.19922131260076,"lon":118.98180836258886,"count":42,"type":"berth","distance_to_coast":1567.049602142717,"inside_china_land":true}},{"type":"Feature","geometry":{"type":"Polygon","coordinates":[[[121.51197233333335,31.355639],[121.51230242857143,31.355639],[121.51230242857143,31.355888],[121.51197233333335,31.355888],[121.51197233333335,31.355639]]]},"properties":{"cluster_id":322,"lat":31.355801884477668,"lon":121.51210271214292,"count":60,"type":"berth","distance_to_coast":3311.535375719939,"inside_china_land":true}},{"type":"Feature","geometry":{"type":"Polygon","coordinates":[[[122.43875921428571,36.88409922222222],[122.43913333333334,36.88409922222222],[122.43913333333334,36.884569],[122.43875921428571,36.884569],[122.43875921428571,36.88409922222222]]]},"properties":{"cluster_id":323,"lat":36.88423997851275,"lon":122.43888767201705,"count":18,"type":"berth","distance_to_coast":688.5962254299421,"inside_china_land":false}},{"type":"Feature","geometry":{"type":"Polygon","coordinates":[[[122.4351427162162,36.880765679245286],[122.43535659782609,36.880765679245286],[122.43535659782609,36.88114075],[122.4351427162162,36.88114075],[122.4351427162162,36.880765679245286]]]},"properties":{"cluster_id":324,"lat":36.88097863236204,"lon":122.43519911955444,"count":11,"type":"berth","distance_to_coast":116.37000060081265,"inside_china_land":false}},{"type":"Feature","geometry":{"type":"Polygon","coordinates":[[[121.510563875,31.3565725625],[121.5108474909091,31.3565725625],[121.5108474909091,31.356689199999998],[121.510563875,31.356689199999998],[121.510563875,31.3565725625]]]},"properties":{"cluster_id":326,"lat":31.356632420228873,"lon":121.51073824160974,"count":30,"type":"berth","distance_to_coast":3312.4479360633413,"inside_china_land":true}},{"type":"Feature","geometry":{"type":"Polygon","coordinates":[[[120.26456968181819,34.310815590909094],[120.26935100000001,34.310815590909094],[120.26935100000001,34.31266233333333],[120.26456968181819,34.31266233333333],[120.26456968181819,34.310815590909094]]]},"properties":{"cluster_id":327,"lat":34.311978091790856,"lon":120.26770571643353,"count":19,"type":"berth","distance_to_coast":1145.5343813376926,"inside_china_land":false}},{"type":"Feature","geometry":{"type":"Polygon","coordinates":[[[121.11237684615384,37.716933499999996],[121.122243425,37.716933499999996],[121.122243425,37.71747766666667],[121.11237684615384,37.71747766666667],[121.11237684615384,37.716933499999996]]]},"properties":{"cluster_id":328,"lat":37.71725494878035,"lon":121.11694505301672,"count":44,"type":"berth","distance_to_coast":1332.4129064027877,"inside_china_land":false}},{"type":"Feature","geometry":{"type":"Polygon","coordinates":[[[121.4997045050505,31.359138306122446],[121.49995964102564,31.359138306122446],[121.49995964102564,31.359466959595956],[121.4997045050505,31.359466959595956],[121.4997045050505,31.359138306122446]]]},"properties":{"cluster_id":329,"lat":31.359350043829,"lon":121.49983878365808,"count":25,"type":"berth","distance_to_coast":3734.046985994048,"inside_china_land":true}},{"type":"Feature","geometry":{"type":"Polygon","coordinates":[[[121.64438341666666,31.366636333333332],[121.64600555555555,31.366636333333332],[121.64600555555555,31.367964888888892],[121.64438341666666,31.367964888888892],[121.64438341666666,31.366636333333332]]]},"properties":{"cluster_id":330,"lat":31.367195638888887,"lon":121.64534165972222,"count":4,"type":"berth","distance_to_coast":3722.093515281436,"inside_china_land":false}},{"type":"Feature","geometry":{"type":"Polygon","coordinates":[[[121.0768426,37.71347766666667],[121.08072305882354,37.71347766666667],[121.08072305882354,37.71376790909091],[121.0768426,37.71376790909091],[121.0768426,37.71347766666667]]]},"properties":{"cluster_id":331,"lat":37.713611184902646,"lon":121.07848892151864,"count":17,"type":"berth","distance_to_coast":194.25217814082103,"inside_china_land":false}},{"type":"Feature","geometry":{"type":"Polygon","coordinates":[[[118.99996466666666,39.209662],[119.00020699193549,39.209662],[119.00020699193549,39.2100616532258],[118.99996466666666,39.2100616532258],[118.99996466666666,39.209662]]]},"properties":{"cluster_id":332,"lat":39.209819249669,"lon":119.00012584872508,"count":6,"type":"berth","distance_to_coast":3143.521249050004,"inside_china_land":true}},{"type":"Feature","geometry":{"type":"Polygon","coordinates":[[[118.99963257142858,39.21169628571429],[118.99974176785715,39.21169628571429],[118.99974176785715,39.212778428571426],[118.99963257142858,39.212778428571426],[118.99963257142858,39.21169628571429]]]},"properties":{"cluster_id":333,"lat":39.21215446031746,"lon":118.99969168825862,"count":3,"type":"berth","distance_to_coast":3389.9994047015234,"inside_china_land":true}},{"type":"Feature","geometry":{"type":"Polygon","coordinates":[[[113.51792505882354,23.046074470588238],[113.5188786607143,23.046074470588238],[113.5188786607143,23.047308089285714],[113.51792505882354,23.047308089285714],[113.51792505882354,23.046074470588238]]]},"properties":{"cluster_id":334,"lat":23.04678415921442,"lon":113.51847756400304,"count":16,"type":"berth","distance_to_coast":1351.8282807212704,"inside_china_land":false}},{"type":"Feature","geometry":{"type":"Polygon","coordinates":[[[118.99479888111887,39.212602],[118.99485558333333,39.212602],[118.99485558333333,39.21266565034965],[118.99479888111887,39.21266565034965],[118.99479888111887,39.212602]]]},"properties":{"cluster_id":335,"lat":39.21263382517482,"lon":118.9948272322261,"count":2,"type":"berth","distance_to_coast":3856.9062843338743,"inside_china_land":true}},{"type":"Feature","geometry":{"type":"Polygon","coordinates":[[[121.74356,39.01885956923077],[121.74431723076923,39.01885956923077],[121.74431723076923,39.01996233333333],[121.74356,39.01996233333333],[121.74356,39.01885956923077]]]},"properties":{"cluster_id":337,"lat":39.01946058182271,"lon":121.74390692315848,"count":9,"type":"berth","distance_to_coast":1550.9245668384222,"inside_china_land":false}},{"type":"Feature","geometry":{"type":"Polygon","coordinates":[[[113.45346817857143,23.09185666666667],[113.45621362222222,23.09185666666667],[113.45621362222222,23.092471011904763],[113.45346817857143,23.092471011904763],[113.45346817857143,23.09185666666667]]]},"properties":{"cluster_id":338,"lat":23.09215679572222,"lon":113.45444965372862,"count":38,"type":"berth","distance_to_coast":817.6373430302654,"inside_china_land":true}},{"type":"Feature","geometry":{"type":"Polygon","coordinates":[[[110.45998354545455,21.063205269230767],[110.46065812500001,21.063205269230767],[110.46065812500001,21.063415213114755],[110.45998354545455,21.063415213114755],[110.45998354545455,21.063205269230767]]]},"properties":{"cluster_id":339,"lat":21.063339348125364,"lon":110.46034810833318,"count":15,"type":"berth","distance_to_coast":239.3167239432577,"inside_china_land":false}},{"type":"Feature","geometry":{"type":"Polygon","coordinates":[[[121.55833200000001,31.329649720000003],[121.55899984,31.329649720000003],[121.55899984,31.330498641025642],[121.55833200000001,31.330498641025642],[121.55833200000001,31.329649720000003]]]},"properties":{"cluster_id":340,"lat":31.33035587024453,"lon":121.55855104570962,"count":52,"type":"berth","distance_to_coast":3776.0867517421902,"inside_china_land":true}},{"type":"Feature","geometry":{"type":"Polygon","coordinates":[[[121.9934165,30.161606999999997],[121.99560054999999,30.161606999999997],[121.99560054999999,30.16254480769231],[121.9934165,30.16254480769231],[121.9934165,30.161606999999997]]]},"properties":{"cluster_id":341,"lat":30.162128911389413,"lon":121.99433705608894,"count":8,"type":"berth","distance_to_coast":1827.8079984513363,"inside_china_land":false}},{"type":"Feature","geometry":{"type":"Polygon","coordinates":[[[122.09214936363635,40.2903735625],[122.0940912820513,40.2903735625],[122.0940912820513,40.294185],[122.09214936363635,40.294185],[122.09214936363635,40.2903735625]]]},"properties":{"cluster_id":342,"lat":40.29238576363721,"lon":122.09318772991357,"count":33,"type":"berth","distance_to_coast":1703.3238396786355,"inside_china_land":false}},{"type":"Feature","geometry":{"type":"Polygon","coordinates":[[[122.0938879090909,40.24710118897638],[122.09471966666668,40.24710118897638],[122.09471966666668,40.24761433333333],[122.0938879090909,40.24761433333333],[122.0938879090909,40.24710118897638]]]},"properties":{"cluster_id":343,"lat":40.247222549121645,"lon":122.0941644310028,"count":5,"type":"berth","distance_to_coast":770.1759060947466,"inside_china_land":false}},{"type":"Feature","geometry":{"type":"Polygon","coordinates":[[[120.16917325,31.91987202],[120.16976985393259,31.91987202],[120.16976985393259,31.921974039473685],[120.16917325,31.921974039473685],[120.16917325,31.91987202]]]},"properties":{"cluster_id":344,"lat":31.92104404977132,"lon":120.16953505157132,"count":44,"type":"berth","distance_to_coast":1972.305290746638,"inside_china_land":false}},{"type":"Feature","geometry":{"type":"Polygon","coordinates":[[[120.23074341025641,36.026257712121215],[120.23120364705882,36.026257712121215],[120.23120364705882,36.026521435897436],[120.23074341025641,36.026521435897436],[120.23074341025641,36.026257712121215]]]},"properties":{"cluster_id":345,"lat":36.02643319580954,"lon":120.2309863474677,"count":8,"type":"berth","distance_to_coast":3652.5720172438055,"inside_china_land":false}},{"type":"Feature","geometry":{"type":"Polygon","coordinates":[[[117.72623652173914,38.95972957971015],[117.72720016666666,38.95972957971015],[117.72720016666666,38.96029849999999],[117.72623652173914,38.96029849999999],[117.72623652173914,38.95972957971015]]]},"properties":{"cluster_id":346,"lat":38.95993659775712,"lon":117.72688333437918,"count":19,"type":"berth","distance_to_coast":3252.576380968306,"inside_china_land":false}},{"type":"Feature","geometry":{"type":"Polygon","coordinates":[[[111.810095875,21.709806292682927],[111.8112094090909,21.709806292682927],[111.8112094090909,21.71092788888889],[111.810095875,21.71092788888889],[111.810095875,21.709806292682927]]]},"properties":{"cluster_id":347,"lat":21.71026125911211,"lon":111.81070809849854,"count":16,"type":"berth","distance_to_coast":2878.1250976992433,"inside_china_land":false}},{"type":"Feature","geometry":{"type":"Polygon","coordinates":[[[121.69246799999999,32.06114257894737],[121.69344365217391,32.06114257894737],[121.69344365217391,32.06153472115385],[121.69246799999999,32.06153472115385],[121.69246799999999,32.06114257894737]]]},"properties":{"cluster_id":348,"lat":32.061272784136776,"lon":121.69307687012576,"count":4,"type":"berth","distance_to_coast":2578.0972546072535,"inside_china_land":false}},{"type":"Feature","geometry":{"type":"Polygon","coordinates":[[[118.03908118421053,24.415100144927536],[118.0409042173913,24.415100144927536],[118.0409042173913,24.415267381578946],[118.03908118421053,24.415267381578946],[118.03908118421053,24.415100144927536]]]},"properties":{"cluster_id":349,"lat":24.415166778676763,"lon":118.04009193545458,"count":3,"type":"berth","distance_to_coast":768.9332327503988,"inside_china_land":false}},{"type":"Feature","geometry":{"type":"Polygon","coordinates":[[[119.02214028571429,25.14491195],[119.02246428000001,25.14491195],[119.02246428000001,25.14622246938776],[119.02214028571429,25.14622246938776],[119.02214028571429,25.14491195]]]},"properties":{"cluster_id":350,"lat":25.145599993880342,"lon":119.02223896587036,"count":9,"type":"berth","distance_to_coast":887.2768590890133,"inside_china_land":false}},{"type":"Feature","geometry":{"type":"Polygon","coordinates":[[[119.47441898507462,25.987747989473686],[119.47456275,25.987747989473686],[119.47456275,25.987877849462365],[119.47441898507462,25.987877849462365],[119.47441898507462,25.987747989473686]]]},"properties":{"cluster_id":351,"lat":25.98781337741277,"lon":119.4745064223184,"count":10,"type":"berth","distance_to_coast":326.5027483204212,"inside_china_land":false}},{"type":"Feature","geometry":{"type":"Polygon","coordinates":[[[119.49837914285715,26.028829142857145],[119.50175199999998,26.028829142857145],[119.50175199999998,26.031856333333334],[119.49837914285715,26.031856333333334],[119.49837914285715,26.028829142857145]]]},"properties":{"cluster_id":352,"lat":26.029920532594456,"lon":119.49967472421952,"count":43,"type":"berth","distance_to_coast":252.6312976180797,"inside_china_land":false}},{"type":"Feature","geometry":{"type":"Polygon","coordinates":[[[115.59870433333334,22.771072708333335],[115.59924583333333,22.771072708333335],[115.59924583333333,22.771728194444442],[115.59870433333334,22.771728194444442],[115.59870433333334,22.771072708333335]]]},"properties":{"cluster_id":353,"lat":22.77140045138889,"lon":115.59897508333331,"count":2,"type":"berth","distance_to_coast":3478.878178245751,"inside_china_land":false}},{"type":"Feature","geometry":{"type":"Polygon","coordinates":[[[109.16533620689655,19.80429672413793],[109.16544325333334,19.80429672413793],[109.16544325333334,19.80435037333333],[109.16533620689655,19.80435037333333],[109.16533620689655,19.80429672413793]]]},"properties":{"cluster_id":356,"lat":19.80432354873563,"lon":109.16538973011497,"count":2,"type":"berth","distance_to_coast":128.67819937192914,"inside_china_land":false}},{"type":"Feature","geometry":{"type":"Polygon","coordinates":[[[108.37205086666667,21.5556328],[108.37268455555555,21.5556328],[108.37268455555555,21.55713888888889],[108.37205086666667,21.55713888888889],[108.37205086666667,21.5556328]]]},"properties":{"cluster_id":357,"lat":21.55599189131599,"lon":108.37222585268258,"count":14,"type":"berth","distance_to_coast":2927.732515481166,"inside_china_land":false}},{"type":"Feature","geometry":{"type":"Polygon","coordinates":[[[110.82881652380952,19.551923000000002],[110.83027102941176,19.551923000000002],[110.83027102941176,19.554079761904763],[110.82881652380952,19.554079761904763],[110.82881652380952,19.551923000000002]]]},"properties":{"cluster_id":358,"lat":19.55322029093437,"lon":110.82941764474998,"count":19,"type":"berth","distance_to_coast":16.374158833767293,"inside_china_land":true}},{"type":"Feature","geometry":{"type":"Polygon","coordinates":[[[120.68065552941177,32.00641311764706],[120.682968,32.00641311764706],[120.682968,32.007069200000004],[120.68065552941177,32.007069200000004],[120.68065552941177,32.00641311764706]]]},"properties":{"cluster_id":359,"lat":32.006828904868314,"lon":120.68221710471948,"count":13,"type":"berth","distance_to_coast":1096.1367254003023,"inside_china_land":false}},{"type":"Feature","geometry":{"type":"Polygon","coordinates":[[[122.20280635714286,30.112565648648648],[122.20398639285715,30.112565648648648],[122.20398639285715,30.112743625],[122.20280635714286,30.112743625],[122.20280635714286,30.112565648648648]]]},"properties":{"cluster_id":360,"lat":30.112657295150292,"lon":122.20360765342828,"count":7,"type":"berth","distance_to_coast":1684.5628167335913,"inside_china_land":false}},{"type":"Feature","geometry":{"type":"Polygon","coordinates":[[[108.373281,21.558567333333333],[108.37860581818182,21.558567333333333],[108.37860581818182,21.571927363636362],[108.373281,21.571927363636362],[108.373281,21.558567333333333]]]},"properties":{"cluster_id":361,"lat":21.564855428927032,"lon":108.37575594137726,"count":63,"type":"berth","distance_to_coast":1974.139407811419,"inside_china_land":false}},{"type":"Feature","geometry":{"type":"Polygon","coordinates":[[[120.235506625,31.943149625],[120.23732434693878,31.943149625],[120.23732434693878,31.943558723404255],[120.235506625,31.943558723404255],[120.235506625,31.943149625]]]},"properties":{"cluster_id":364,"lat":31.943464289981996,"lon":120.23704870156276,"count":28,"type":"berth","distance_to_coast":373.6282183285386,"inside_china_land":true}},{"type":"Feature","geometry":{"type":"Polygon","coordinates":[[[111.06351948717948,21.483414133333333],[111.06642306666667,21.483414133333333],[111.06642306666667,21.48552976923077],[111.06351948717948,21.48552976923077],[111.06351948717948,21.483414133333333]]]},"properties":{"cluster_id":365,"lat":21.484472884184825,"lon":111.0648710823523,"count":13,"type":"berth","distance_to_coast":630.1891460234739,"inside_china_land":false}},{"type":"Feature","geometry":{"type":"Polygon","coordinates":[[[118.3459646,31.398542400000004],[118.3462857631579,31.398542400000004],[118.3462857631579,31.3989094516129],[118.3459646,31.3989094516129],[118.3459646,31.398542400000004]]]},"properties":{"cluster_id":366,"lat":31.398771549590652,"lon":118.34614968446,"count":15,"type":"berth","distance_to_coast":174926.96747925857,"inside_china_land":true}},{"type":"Feature","geometry":{"type":"Polygon","coordinates":[[[118.19945860869565,31.271054521739128],[118.19964337500001,31.271054521739128],[118.19964337500001,31.271435],[118.19945860869565,31.271435],[118.19945860869565,31.271054521739128]]]},"properties":{"cluster_id":367,"lat":31.271200673913043,"lon":118.19954561956524,"count":3,"type":"berth","distance_to_coast":197980.44233517945,"inside_china_land":true}},{"type":"Feature","geometry":{"type":"Polygon","coordinates":[[[119.92779158241758,32.09378561538461],[119.9283734375,32.09378561538461],[119.9283734375,32.09430561111111],[119.92779158241758,32.09430561111111],[119.92779158241758,32.09378561538461]]]},"properties":{"cluster_id":368,"lat":32.09403171746952,"lon":119.92808284811665,"count":4,"type":"berth","distance_to_coast":409.6891899162417,"inside_china_land":false}},{"type":"Feature","geometry":{"type":"Polygon","coordinates":[[[119.83191291666667,32.305],[119.8343324,32.305],[119.8343324,32.30769195833333],[119.83191291666667,32.30769195833333],[119.83191291666667,32.305]]]},"properties":{"cluster_id":369,"lat":32.306257329417555,"lon":119.83370871173018,"count":61,"type":"berth","distance_to_coast":213.42392642852616,"inside_china_land":true}},{"type":"Feature","geometry":{"type":"Polygon","coordinates":[[[116.38567333333333,23.521950082191783],[116.38684435714286,23.521950082191783],[116.38684435714286,23.522803857142858],[116.38567333333333,23.522803857142858],[116.38567333333333,23.521950082191783]]]},"properties":{"cluster_id":372,"lat":23.522480263313955,"lon":116.38623012971924,"count":19,"type":"berth","distance_to_coast":19790.47952332869,"inside_china_land":true}},{"type":"Feature","geometry":{"type":"Polygon","coordinates":[[[118.002626,31.18479],[118.00430427272727,31.18479],[118.00430427272727,31.1865135],[118.002626,31.1865135],[118.002626,31.18479]]]},"properties":{"cluster_id":373,"lat":31.185581548566745,"lon":118.00350457302756,"count":6,"type":"berth","distance_to_coast":222107.18750649,"inside_china_land":true}},{"type":"Feature","geometry":{"type":"Polygon","coordinates":[[[118.00052168604651,31.131474952380955],[118.00056138095239,31.131474952380955],[118.00056138095239,31.13177706976744],[118.00052168604651,31.13177706976744],[118.00052168604651,31.131474952380955]]]},"properties":{"cluster_id":374,"lat":31.131626011074196,"lon":118.00054153349944,"count":2,"type":"berth","distance_to_coast":226618.7283096617,"inside_china_land":true}},{"type":"Feature","geometry":{"type":"Polygon","coordinates":[[[118.33953591891893,31.45673873170732],[118.33967230434783,31.45673873170732],[118.33967230434783,31.456756837837837],[118.33953591891893,31.456756837837837],[118.33953591891893,31.45673873170732]]]},"properties":{"cluster_id":375,"lat":31.456746240928585,"lon":118.33960092284656,"count":6,"type":"berth","distance_to_coast":171114.90931589282,"inside_china_land":true}},{"type":"Feature","geometry":{"type":"Polygon","coordinates":[[[118.07903651428572,31.20810288571429],[118.07947133333334,31.20810288571429],[118.07947133333334,31.208247666666665],[118.07903651428572,31.208247666666665],[118.07903651428572,31.20810288571429]]]},"properties":{"cluster_id":376,"lat":31.20817104126984,"lon":118.07929433015872,"count":3,"type":"berth","distance_to_coast":213596.10894811095,"inside_china_land":true}},{"type":"Feature","geometry":{"type":"Polygon","coordinates":[[[119.73830946666666,32.32514325],[119.7391094117647,32.32514325],[119.7391094117647,32.32569857777778],[119.73830946666666,32.32569857777778],[119.73830946666666,32.32514325]]]},"properties":{"cluster_id":377,"lat":32.32557319937049,"lon":119.7385611451595,"count":12,"type":"berth","distance_to_coast":112.9643358717244,"inside_china_land":false}},{"type":"Feature","geometry":{"type":"Polygon","coordinates":[[[122.27738761064425,30.243601577030812],[122.27740746153846,30.243601577030812],[122.27740746153846,30.24363869230769],[122.27738761064425,30.24363869230769],[122.27738761064425,30.243601577030812]]]},"properties":{"cluster_id":378,"lat":30.24362013466925,"lon":122.27739753609136,"count":2,"type":"berth","distance_to_coast":355.20171491487446,"inside_china_land":false}},{"type":"Feature","geometry":{"type":"Polygon","coordinates":[[[119.01242533333334,39.20130363829787],[119.0144514347826,39.20130363829787],[119.0144514347826,39.201910956521736],[119.01242533333334,39.201910956521736],[119.01242533333334,39.20130363829787]]]},"properties":{"cluster_id":379,"lat":39.20155492381063,"lon":119.01401566391723,"count":14,"type":"berth","distance_to_coast":1194.336620731381,"inside_china_land":true}},{"type":"Feature","geometry":{"type":"Polygon","coordinates":[[[113.43453664948454,23.094972971223022],[113.43826303571429,23.094972971223022],[113.43826303571429,23.095250752577318],[113.43453664948454,23.095250752577318],[113.43453664948454,23.094972971223022]]]},"properties":{"cluster_id":380,"lat":23.095073367234058,"lon":113.4358461405394,"count":24,"type":"berth","distance_to_coast":365.8447328772969,"inside_china_land":true}},{"type":"Feature","geometry":{"type":"Polygon","coordinates":[[[121.57060044444444,28.270315239520958],[121.57062877844312,28.270315239520958],[121.57062877844312,28.27033822222222],[121.57060044444444,28.27033822222222],[121.57060044444444,28.270315239520958]]]},"properties":{"cluster_id":381,"lat":28.270323398818896,"lon":121.570610130477,"count":4,"type":"berth","distance_to_coast":903.5263698848282,"inside_china_land":false}},{"type":"Feature","geometry":{"type":"Polygon","coordinates":[[[119.72102288,26.769190499999997],[119.72308112121212,26.769190499999997],[119.72308112121212,26.774966222222222],[119.72102288,26.774966222222222],[119.72102288,26.769190499999997]]]},"properties":{"cluster_id":382,"lat":26.772404598067943,"lon":119.72177583904693,"count":59,"type":"berth","distance_to_coast":899.3368308029667,"inside_china_land":false}},{"type":"Feature","geometry":{"type":"Polygon","coordinates":[[[119.72916080645162,26.614344027027027],[119.730924,26.614344027027027],[119.730924,26.614786192307694],[119.72916080645162,26.614786192307694],[119.72916080645162,26.614344027027027]]]},"properties":{"cluster_id":383,"lat":26.61461527633483,"lon":119.72984559882414,"count":14,"type":"berth","distance_to_coast":366.2872358154999,"inside_china_land":false}},{"type":"Feature","geometry":{"type":"Polygon","coordinates":[[[122.18885259375,37.448829999999994],[122.19892076470587,37.448829999999994],[122.19892076470587,37.453945],[122.18885259375,37.453945],[122.18885259375,37.448829999999994]]]},"properties":{"cluster_id":384,"lat":37.45095943576598,"lon":122.19408009731688,"count":97,"type":"berth","distance_to_coast":1743.2581249655907,"inside_china_land":false}},{"type":"Feature","geometry":{"type":"Polygon","coordinates":[[[113.57670088372093,22.890145186046514],[113.57850549122807,22.890145186046514],[113.57850549122807,22.892290999999997],[113.57670088372093,22.892290999999997],[113.57670088372093,22.890145186046514]]]},"properties":{"cluster_id":385,"lat":22.89129352042874,"lon":113.57760573953246,"count":17,"type":"berth","distance_to_coast":1657.312812018287,"inside_china_land":false}},{"type":"Feature","geometry":{"type":"Polygon","coordinates":[[[118.7411226,24.717582333333336],[118.74173714285715,24.717582333333336],[118.74173714285715,24.717856416666667],[118.7411226,24.717856416666667],[118.7411226,24.717582333333336]]]},"properties":{"cluster_id":386,"lat":24.71770887021345,"lon":118.74154352985444,"count":10,"type":"berth","distance_to_coast":171.60986535595524,"inside_china_land":false}},{"type":"Feature","geometry":{"type":"Polygon","coordinates":[[[121.72849532142857,29.967284666666668],[121.72878077777779,29.967284666666668],[121.72878077777779,29.96772540425532],[121.72849532142857,29.96772540425532],[121.72849532142857,29.967284666666668]]]},"properties":{"cluster_id":388,"lat":29.967591357921748,"lon":121.72867098916464,"count":47,"type":"berth","distance_to_coast":265.4906121386764,"inside_china_land":false}},{"type":"Feature","geometry":{"type":"Polygon","coordinates":[[[117.76881932258065,38.97027307692308],[117.76921669230771,38.97027307692308],[117.76921669230771,38.97041476923077],[117.76881932258065,38.97041476923077],[117.76881932258065,38.97027307692308]]]},"properties":{"cluster_id":389,"lat":38.970314296281295,"lon":117.76898423891394,"count":7,"type":"berth","distance_to_coast":1570.0260996167613,"inside_china_land":false}},{"type":"Feature","geometry":{"type":"Polygon","coordinates":[[[117.77207838888889,38.969797130434785],[117.77242226086956,38.969797130434785],[117.77242226086956,38.96993691666667],[117.77207838888889,38.96993691666667],[117.77207838888889,38.969797130434785]]]},"properties":{"cluster_id":390,"lat":38.96984644178218,"lon":117.77228268805072,"count":8,"type":"berth","distance_to_coast":1619.4433741531038,"inside_china_land":false}},{"type":"Feature","geometry":{"type":"Polygon","coordinates":[[[121.42774895555556,31.469862],[121.43349984210526,31.469862],[121.43349984210526,31.473494222222225],[121.42774895555556,31.473494222222225],[121.42774895555556,31.469862]]]},"properties":{"cluster_id":392,"lat":31.47114971084766,"lon":121.4314608175474,"count":39,"type":"berth","distance_to_coast":2842.24704518855,"inside_china_land":false}},{"type":"Feature","geometry":{"type":"Polygon","coordinates":[[[119.364320875,35.081329875],[119.36512979166666,35.081329875],[119.36512979166666,35.0851613125],[119.364320875,35.0851613125],[119.364320875,35.081329875]]]},"properties":{"cluster_id":393,"lat":35.08318762108368,"lon":119.36482040411988,"count":11,"type":"berth","distance_to_coast":2037.258287058658,"inside_china_land":false}},{"type":"Feature","geometry":{"type":"Polygon","coordinates":[[[117.73803796,38.96254975],[117.73965650000001,38.96254975],[117.73965650000001,38.96310011764706],[117.73803796,38.96310011764706],[117.73803796,38.96254975]]]},"properties":{"cluster_id":394,"lat":38.96294350725303,"lon":117.73874552567364,"count":20,"type":"berth","distance_to_coast":2808.9704139988544,"inside_china_land":false}},{"type":"Feature","geometry":{"type":"Polygon","coordinates":[[[119.735,26.72415407407407],[119.73577336363637,26.72415407407407],[119.73577336363637,26.725000000000005],[119.735,26.725000000000005],[119.735,26.72415407407407]]]},"properties":{"cluster_id":395,"lat":26.72436213195343,"lon":119.7356221817108,"count":28,"type":"berth","distance_to_coast":1218.4340607762783,"inside_china_land":false}},{"type":"Feature","geometry":{"type":"Polygon","coordinates":[[[119.65936145,26.719074684210526],[119.6596077777778,26.719074684210526],[119.6596077777778,26.72175522222222],[119.65936145,26.72175522222222],[119.65936145,26.719074684210526]]]},"properties":{"cluster_id":396,"lat":26.72034840098692,"lon":119.65950459103196,"count":39,"type":"berth","distance_to_coast":1940.5077848504225,"inside_china_land":false}},{"type":"Feature","geometry":{"type":"Polygon","coordinates":[[[119.65647231034484,26.72717481818182],[119.65769695454546,26.72717481818182],[119.65769695454546,26.73016572413793],[119.65647231034484,26.73016572413793],[119.65647231034484,26.72717481818182]]]},"properties":{"cluster_id":397,"lat":26.728083306102143,"lon":119.6572797831118,"count":17,"type":"berth","distance_to_coast":1536.0390721596375,"inside_china_land":false}},{"type":"Feature","geometry":{"type":"Polygon","coordinates":[[[121.625969,31.379905666666662],[121.62632433333334,31.379905666666662],[121.62632433333334,31.38016325],[121.625969,31.38016325],[121.625969,31.379905666666662]]]},"properties":{"cluster_id":399,"lat":31.38003445833333,"lon":121.62614666666668,"count":2,"type":"berth","distance_to_coast":3553.4406756591184,"inside_china_land":false}},{"type":"Feature","geometry":{"type":"Polygon","coordinates":[[[110.64378634210526,19.288648184210526],[110.6439015,19.288648184210526],[110.6439015,19.28909175],[110.64378634210526,19.28909175],[110.64378634210526,19.288648184210526]]]},"properties":{"cluster_id":406,"lat":19.288801116987365,"lon":110.64384766130064,"count":4,"type":"berth","distance_to_coast":895.2764090711082,"inside_china_land":false}},{"type":"Feature","geometry":{"type":"Polygon","coordinates":[[[121.46046285714286,31.10170745],[121.46144675,31.10170745],[121.46144675,31.102230363636362],[121.46046285714286,31.102230363636362],[121.46046285714286,31.10170745]]]},"properties":{"cluster_id":407,"lat":31.102040278796103,"lon":121.46108709488637,"count":78,"type":"berth","distance_to_coast":35382.07725568049,"inside_china_land":true}},{"type":"Feature","geometry":{"type":"Polygon","coordinates":[[[121.59732042105263,31.523840333333332],[121.59964000000001,31.523840333333332],[121.59964000000001,31.525225619047617],[121.59732042105263,31.525225619047617],[121.59732042105263,31.523840333333332]]]},"properties":{"cluster_id":408,"lat":31.524647808766137,"lon":121.59827824172793,"count":17,"type":"berth","distance_to_coast":13.527581133851026,"inside_china_land":true}},{"type":"Feature","geometry":{"type":"Polygon","coordinates":[[[109.19316475000001,19.73085811111111],[109.19402566666666,19.73085811111111],[109.19402566666666,19.7312205],[109.19316475000001,19.7312205],[109.19316475000001,19.73085811111111]]]},"properties":{"cluster_id":409,"lat":19.730999399219648,"lon":109.193649618363,"count":7,"type":"berth","distance_to_coast":1240.056844000709,"inside_china_land":false}},{"type":"Feature","geometry":{"type":"Polygon","coordinates":[[[109.16301159259258,19.802781000000003],[109.16396775,19.802781000000003],[109.16396775,19.804357397058823],[109.16301159259258,19.804357397058823],[109.16301159259258,19.802781000000003]]]},"properties":{"cluster_id":410,"lat":19.803645173984908,"lon":109.16353686821532,"count":21,"type":"berth","distance_to_coast":313.30082381160724,"inside_china_land":false}},{"type":"Feature","geometry":{"type":"Polygon","coordinates":[[[118.68287154054056,24.887531745454545],[118.68349119999999,24.887531745454545],[118.68349119999999,24.888175027027028],[118.68287154054056,24.888175027027028],[118.68287154054056,24.887531745454545]]]},"properties":{"cluster_id":411,"lat":24.887926799487673,"lon":118.68312163535464,"count":6,"type":"berth","distance_to_coast":1090.4568716889562,"inside_china_land":false}},{"type":"Feature","geometry":{"type":"Polygon","coordinates":[[[119.47509528571427,25.999318714285714],[119.47571242857143,25.999318714285714],[119.47571242857143,26.00039905882353],[119.47509528571427,26.00039905882353],[119.47509528571427,25.999318714285714]]]},"properties":{"cluster_id":412,"lat":26.000116874833154,"lon":119.47550941710035,"count":9,"type":"berth","distance_to_coast":63.027930496819536,"inside_china_land":false}},{"type":"Feature","geometry":{"type":"Polygon","coordinates":[[[120.67512468707484,32.0053353],[120.67857085714286,32.0053353],[120.67857085714286,32.006113600000006],[120.67512468707484,32.006113600000006],[120.67512468707484,32.0053353]]]},"properties":{"cluster_id":413,"lat":32.00576204324024,"lon":120.67744974803074,"count":58,"type":"berth","distance_to_coast":937.032027683768,"inside_china_land":false}},{"type":"Feature","geometry":{"type":"Polygon","coordinates":[[[114.62717423214285,22.73830978082192],[114.62746299999999,22.73830978082192],[114.62746299999999,22.739051020408166],[114.62717423214285,22.739051020408166],[114.62717423214285,22.73830978082192]]]},"properties":{"cluster_id":414,"lat":22.738857906962945,"lon":114.62727750136622,"count":9,"type":"berth","distance_to_coast":1594.358917230707,"inside_china_land":false}},{"type":"Feature","geometry":{"type":"Polygon","coordinates":[[[116.37577344099378,23.525212708074534],[116.3759634255319,23.525212708074534],[116.3759634255319,23.525245574468084],[116.37577344099378,23.525245574468084],[116.37577344099378,23.525212708074534]]]},"properties":{"cluster_id":415,"lat":23.525232665892744,"lon":116.37583330554986,"count":4,"type":"berth","distance_to_coast":20900.737531550516,"inside_china_land":true}},{"type":"Feature","geometry":{"type":"Polygon","coordinates":[[[116.48165789855074,23.47012655072464],[116.48308290909091,23.47012655072464],[116.48308290909091,23.47324],[116.48165789855074,23.47324],[116.48165789855074,23.47012655072464]]]},"properties":{"cluster_id":416,"lat":23.472246484856218,"lon":116.48252346653204,"count":59,"type":"berth","distance_to_coast":7937.1345957310095,"inside_china_land":true}},{"type":"Feature","geometry":{"type":"Polygon","coordinates":[[[121.46204325,31.0911345],[121.4630382,31.0911345],[121.4630382,31.09299],[121.46204325,31.09299],[121.46204325,31.0911345]]]},"properties":{"cluster_id":417,"lat":31.092199477659772,"lon":121.46239606088552,"count":68,"type":"berth","distance_to_coast":36507.104062351485,"inside_china_land":true}},{"type":"Feature","geometry":{"type":"Polygon","coordinates":[[[119.81806966666666,26.6951934],[119.81930890909092,26.6951934],[119.81930890909092,26.6963965],[119.81806966666666,26.6963965],[119.81806966666666,26.6951934]]]},"properties":{"cluster_id":418,"lat":26.696250367998612,"lon":119.8191435236246,"count":85,"type":"berth","distance_to_coast":1173.4312044106025,"inside_china_land":false}},{"type":"Feature","geometry":{"type":"Polygon","coordinates":[[[121.755771625,31.280148875],[121.75613216666666,31.280148875],[121.75613216666666,31.280739166666667],[121.755771625,31.280739166666667],[121.755771625,31.280148875]]]},"properties":{"cluster_id":419,"lat":31.280444020833333,"lon":121.75595189583332,"count":2,"type":"berth","distance_to_coast":2771.306603987166,"inside_china_land":false}},{"type":"Feature","geometry":{"type":"Polygon","coordinates":[[[119.97831606666666,31.99046783870968],[119.98113119354838,31.99046783870968],[119.98113119354838,31.993522266666666],[119.97831606666666,31.993522266666666],[119.97831606666666,31.99046783870968]]]},"properties":{"cluster_id":420,"lat":31.99200082481628,"lon":119.9797172129836,"count":13,"type":"berth","distance_to_coast":1802.1787942121875,"inside_china_land":false}},{"type":"Feature","geometry":{"type":"Polygon","coordinates":[[[119.66936433333335,25.573653333333336],[119.66979531707317,25.573653333333336],[119.66979531707317,25.573942878048783],[119.66936433333335,25.573942878048783],[119.66936433333335,25.573653333333336]]]},"properties":{"cluster_id":421,"lat":25.57379810569106,"lon":119.66957982520326,"count":2,"type":"berth","distance_to_coast":3455.7337629241833,"inside_china_land":false}},{"type":"Feature","geometry":{"type":"Polygon","coordinates":[[[121.469979,31.063077786885245],[121.47026120000001,31.063077786885245],[121.47026120000001,31.0642492],[121.469979,31.0642492],[121.469979,31.063077786885245]]]},"properties":{"cluster_id":424,"lat":31.06329491678134,"lon":121.47015783030716,"count":14,"type":"berth","distance_to_coast":33038.182840882844,"inside_china_land":true}},{"type":"Feature","geometry":{"type":"Polygon","coordinates":[[[118.45474233333334,38.98998216666667],[118.45536425,38.98998216666667],[118.45536425,38.99059535714286],[118.45474233333334,38.99059535714286],[118.45474233333334,38.98998216666667]]]},"properties":{"cluster_id":425,"lat":38.99034793544005,"lon":118.4550420678526,"count":36,"type":"berth","distance_to_coast":1667.0080636404637,"inside_china_land":false}},{"type":"Feature","geometry":{"type":"Polygon","coordinates":[[[120.61900744444445,31.99002423076923],[120.62050502040816,31.99002423076923],[120.62050502040816,31.990191],[120.61900744444445,31.990191],[120.61900744444445,31.99002423076923]]]},"properties":{"cluster_id":426,"lat":31.990116925062463,"lon":120.6200799338622,"count":25,"type":"berth","distance_to_coast":404.1427267415031,"inside_china_land":true}},{"type":"Feature","geometry":{"type":"Polygon","coordinates":[[[121.47244265384614,31.056698746987955],[121.472763625,31.056698746987955],[121.472763625,31.05693882191781],[121.47244265384614,31.05693882191781],[121.47244265384614,31.056698746987955]]]},"properties":{"cluster_id":428,"lat":31.056800624670032,"lon":121.47259336312445,"count":30,"type":"berth","distance_to_coast":32152.956648920703,"inside_china_land":true}},{"type":"Feature","geometry":{"type":"Polygon","coordinates":[[[119.64907805882353,39.92713052941176],[119.64955950000001,39.92713052941176],[119.64955950000001,39.92741797826087],[119.64907805882353,39.92741797826087],[119.64907805882353,39.92713052941176]]]},"properties":{"cluster_id":429,"lat":39.92727255830592,"lon":119.64930227676918,"count":26,"type":"berth","distance_to_coast":97.38244724903264,"inside_china_land":true}},{"type":"Feature","geometry":{"type":"Polygon","coordinates":[[[120.62236771794872,31.99007936781609],[120.6225513670886,31.99007936781609],[120.6225513670886,31.99016717647059],[120.62236771794872,31.99016717647059],[120.62236771794872,31.99007936781609]]]},"properties":{"cluster_id":431,"lat":31.9901326674955,"lon":120.62246492567247,"count":9,"type":"berth","distance_to_coast":437.0446107327245,"inside_china_land":true}},{"type":"Feature","geometry":{"type":"Polygon","coordinates":[[[120.390096,31.968474456140353],[120.39035189855072,31.968474456140353],[120.39035189855072,31.96868110447761],[120.390096,31.96868110447761],[120.390096,31.968474456140353]]]},"properties":{"cluster_id":432,"lat":31.9686081411554,"lon":120.390219594938,"count":27,"type":"berth","distance_to_coast":487.05137193512894,"inside_china_land":false}},{"type":"Feature","geometry":{"type":"Polygon","coordinates":[[[118.46825,38.972775363636366],[118.4687858,38.972775363636366],[118.4687858,38.9897098],[118.46825,38.9897098],[118.46825,38.972775363636366]]]},"properties":{"cluster_id":433,"lat":38.980724174693485,"lon":118.46861500558612,"count":115,"type":"berth","distance_to_coast":193.1586411996497,"inside_china_land":false}},{"type":"Feature","geometry":{"type":"Polygon","coordinates":[[[121.1678906111111,30.63596311111111],[121.16796724390244,30.63596311111111],[121.16796724390244,30.636016292682925],[121.1678906111111,30.636016292682925],[121.1678906111111,30.63596311111111]]]},"properties":{"cluster_id":434,"lat":30.635989701897017,"lon":121.16792892750678,"count":2,"type":"berth","distance_to_coast":565.1750967230588,"inside_china_land":false}},{"type":"Feature","geometry":{"type":"Polygon","coordinates":[[[121.73869581818181,29.981835545454544],[121.74140791071429,29.981835545454544],[121.74140791071429,29.981997396551723],[121.73869581818181,29.981997396551723],[121.73869581818181,29.981835545454544]]]},"properties":{"cluster_id":435,"lat":29.98191022201981,"lon":121.73977137467116,"count":26,"type":"berth","distance_to_coast":929.7119674362094,"inside_china_land":false}},{"type":"Feature","geometry":{"type":"Polygon","coordinates":[[[118.97038007777778,25.2355365],[118.97055784615385,25.2355365],[118.97055784615385,25.236831244444446],[118.97038007777778,25.236831244444446],[118.97038007777778,25.2355365]]]},"properties":{"cluster_id":437,"lat":25.235940873455935,"lon":118.97048043135489,"count":7,"type":"berth","distance_to_coast":430.6323895057827,"inside_china_land":false}},{"type":"Feature","geometry":{"type":"Polygon","coordinates":[[[120.39220358695653,31.968597543478264],[120.39284998214285,31.968597543478264],[120.39284998214285,31.968780199999998],[120.39220358695653,31.968780199999998],[120.39220358695653,31.968597543478264]]]},"properties":{"cluster_id":438,"lat":31.968696019906563,"lon":120.39258804462324,"count":19,"type":"berth","distance_to_coast":445.5895281377189,"inside_china_land":false}},{"type":"Feature","geometry":{"type":"Polygon","coordinates":[[[118.454852,38.99945938181818],[118.45526468421052,38.99945938181818],[118.45526468421052,39.00617276470588],[118.454852,39.00617276470588],[118.454852,38.99945938181818]]]},"properties":{"cluster_id":441,"lat":39.00315967061312,"lon":118.45509719534304,"count":29,"type":"berth","distance_to_coast":1612.2059640135435,"inside_china_land":false}},{"type":"Feature","geometry":{"type":"Polygon","coordinates":[[[120.38434108860758,32.02515912658228],[120.38740509876543,32.02515912658228],[120.38740509876543,32.02750359259259],[120.38434108860758,32.02750359259259],[120.38434108860758,32.02515912658228]]]},"properties":{"cluster_id":442,"lat":32.026601846403224,"lon":120.38613358069055,"count":16,"type":"berth","distance_to_coast":1076.1813192605282,"inside_china_land":false}},{"type":"Feature","geometry":{"type":"Polygon","coordinates":[[[121.13336,31.72343],[121.13378474999999,31.72343],[121.13378474999999,31.723679],[121.13336,31.723679],[121.13336,31.72343]]]},"properties":{"cluster_id":443,"lat":31.7235545,"lon":121.133572375,"count":2,"type":"berth","distance_to_coast":3746.7054333960336,"inside_china_land":false}},{"type":"Feature","geometry":{"type":"Polygon","coordinates":[[[121.151825125,31.70811675],[121.15213725,31.70811675],[121.15213725,31.709632125],[121.151825125,31.709632125],[121.151825125,31.70811675]]]},"properties":{"cluster_id":444,"lat":31.70881234294872,"lon":121.15198238141026,"count":3,"type":"berth","distance_to_coast":3144.6833367750623,"inside_china_land":false}},{"type":"Feature","geometry":{"type":"Polygon","coordinates":[[[120.39922661111112,31.96860038095238],[120.39974469230769,31.96860038095238],[120.39974469230769,31.968768],[120.39922661111112,31.968768],[120.39922661111112,31.96860038095238]]]},"properties":{"cluster_id":445,"lat":31.968661790541027,"lon":120.39945210494982,"count":10,"type":"berth","distance_to_coast":288.2834462829164,"inside_china_land":false}},{"type":"Feature","geometry":{"type":"Polygon","coordinates":[[[121.40099328301888,39.50534147169811],[121.40104625000001,39.50534147169811],[121.40104625000001,39.5053457797834],[121.40099328301888,39.5053457797834],[121.40099328301888,39.50534147169811]]]},"properties":{"cluster_id":446,"lat":39.505343594488025,"lon":121.4010152672906,"count":4,"type":"berth","distance_to_coast":2031.444066222832,"inside_china_land":false}},{"type":"Feature","geometry":{"type":"Polygon","coordinates":[[[118.45502922222222,38.9635049117647],[118.45522456930694,38.9635049117647],[118.45522456930694,38.964492222222226],[118.45502922222222,38.964492222222226],[118.45502922222222,38.9635049117647]]]},"properties":{"cluster_id":449,"lat":38.96425740782924,"lon":118.45507267153444,"count":47,"type":"berth","distance_to_coast":1958.9303299772728,"inside_china_land":false}},{"type":"Feature","geometry":{"type":"Polygon","coordinates":[[[119.03139097560977,39.21474219512195],[119.03224378181818,39.21474219512195],[119.03224378181818,39.21506578571429],[119.03139097560977,39.21506578571429],[119.03139097560977,39.21474219512195]]]},"properties":{"cluster_id":450,"lat":39.21493847118273,"lon":119.03193153341488,"count":19,"type":"berth","distance_to_coast":828.0886136482932,"inside_china_land":true}},{"type":"Feature","geometry":{"type":"Polygon","coordinates":[[[119.02931737037036,39.21355611111111],[119.02965289130434,39.21355611111111],[119.02965289130434,39.21361614285714],[119.02931737037036,39.21361614285714],[119.02931737037036,39.21355611111111]]]},"properties":{"cluster_id":451,"lat":39.21358925116446,"lon":119.02947836419,"count":9,"type":"berth","distance_to_coast":921.4086361165686,"inside_china_land":true}},{"type":"Feature","geometry":{"type":"Polygon","coordinates":[[[121.09999999999998,28.156406892307693],[121.10176766666667,28.156406892307693],[121.10176766666667,28.1611646],[121.09999999999998,28.1611646],[121.09999999999998,28.156406892307693]]]},"properties":{"cluster_id":452,"lat":28.159078760989104,"lon":121.10097415181043,"count":103,"type":"berth","distance_to_coast":1917.605842895122,"inside_china_land":false}},{"type":"Feature","geometry":{"type":"Polygon","coordinates":[[[121.46120549999999,31.0941241875],[121.46144473076923,31.0941241875],[121.46144473076923,31.09441491176471],[121.46120549999999,31.09441491176471],[121.46120549999999,31.0941241875]]]},"properties":{"cluster_id":453,"lat":31.094229853601053,"lon":121.4613425352564,"count":3,"type":"berth","distance_to_coast":36308.519404124025,"inside_china_land":true}},{"type":"Feature","geometry":{"type":"Polygon","coordinates":[[[119.64297922222221,39.924610333333334],[119.644140015625,39.924610333333334],[119.644140015625,39.9251539375],[119.64297922222221,39.9251539375],[119.64297922222221,39.924610333333334]]]},"properties":{"cluster_id":454,"lat":39.92476662493181,"lon":119.64329223158887,"count":11,"type":"berth","distance_to_coast":183.39431609649424,"inside_china_land":true}},{"type":"Feature","geometry":{"type":"Polygon","coordinates":[[[122.12957839999999,40.32993342718447],[122.13693211764706,40.32993342718447],[122.13693211764706,40.333722117647056],[122.12957839999999,40.333722117647056],[122.12957839999999,40.32993342718447]]]},"properties":{"cluster_id":455,"lat":40.331668856016506,"lon":122.13294768189094,"count":100,"type":"berth","distance_to_coast":431.7886886927943,"inside_china_land":false}},{"type":"Feature","geometry":{"type":"Polygon","coordinates":[[[113.55922401492538,22.976579970149253],[113.56006093220338,22.976579970149253],[113.56006093220338,22.977380999999998],[113.55922401492538,22.977380999999998],[113.55922401492538,22.976579970149253]]]},"properties":{"cluster_id":457,"lat":22.977044562146517,"lon":113.55967908837836,"count":6,"type":"berth","distance_to_coast":1427.7850894321118,"inside_china_land":false}},{"type":"Feature","geometry":{"type":"Polygon","coordinates":[[[120.18047106153846,31.923759],[120.18342254054055,31.923759],[120.18342254054055,31.924177],[120.18047106153846,31.924177],[120.18047106153846,31.923759]]]},"properties":{"cluster_id":458,"lat":31.923902649471067,"lon":120.1824046604404,"count":27,"type":"berth","distance_to_coast":1677.839340798262,"inside_china_land":false}},{"type":"Feature","geometry":{"type":"Polygon","coordinates":[[[113.6605466,22.670778789473683],[113.66227980000001,22.670778789473683],[113.66227980000001,22.671420529411765],[113.6605466,22.671420529411765],[113.6605466,22.670778789473683]]]},"properties":{"cluster_id":460,"lat":22.671248758757795,"lon":113.66095661559616,"count":11,"type":"berth","distance_to_coast":3330.1098179837263,"inside_china_land":false}},{"type":"Feature","geometry":{"type":"Polygon","coordinates":[[[119.91385582539682,32.138321423076924],[119.91438027884615,32.138321423076924],[119.91438027884615,32.14021504210526],[119.91385582539682,32.14021504210526],[119.91385582539682,32.138321423076924]]]},"properties":{"cluster_id":461,"lat":32.13922657702126,"lon":119.91404971561484,"count":9,"type":"berth","distance_to_coast":613.4134237541546,"inside_china_land":true}},{"type":"Feature","geometry":{"type":"Polygon","coordinates":[[[113.50562399999998,23.054600514285713],[113.50633135238095,23.054600514285713],[113.50633135238095,23.05521909375],[113.50562399999998,23.05521909375],[113.50562399999998,23.054600514285713]]]},"properties":{"cluster_id":462,"lat":23.0550642005815,"lon":113.50587988784798,"count":5,"type":"berth","distance_to_coast":874.7346675548652,"inside_china_land":false}},{"type":"Feature","geometry":{"type":"Polygon","coordinates":[[[113.57450775,22.86060326923077],[113.57579129411765,22.86060326923077],[113.57579129411765,22.860820529411765],[113.57450775,22.860820529411765],[113.57450775,22.86060326923077]]]},"properties":{"cluster_id":463,"lat":22.8606996788273,"lon":113.5751420110294,"count":4,"type":"berth","distance_to_coast":3093.264629547038,"inside_china_land":false}},{"type":"Feature","geometry":{"type":"Polygon","coordinates":[[[113.57277508433735,22.875750759036144],[113.57318716,22.875750759036144],[113.57318716,22.877967057971016],[113.57277508433735,22.877967057971016],[113.57277508433735,22.875750759036144]]]},"properties":{"cluster_id":464,"lat":22.87708684356942,"lon":113.57300543671045,"count":9,"type":"berth","distance_to_coast":2409.544011673884,"inside_china_land":false}},{"type":"Feature","geometry":{"type":"Polygon","coordinates":[[[122.09427136363637,40.28072331818182],[122.09577995555556,40.28072331818182],[122.09577995555556,40.281498488888886],[122.09427136363637,40.281498488888886],[122.09427136363637,40.28072331818182]]]},"properties":{"cluster_id":466,"lat":40.28096981719183,"lon":122.09475760594754,"count":8,"type":"berth","distance_to_coast":1530.1376126339544,"inside_china_land":false}},{"type":"Feature","geometry":{"type":"Polygon","coordinates":[[[115.03491715277778,22.745880000000003],[115.03597555172414,22.745880000000003],[115.03597555172414,22.74745525],[115.03491715277778,22.74745525],[115.03491715277778,22.745880000000003]]]},"properties":{"cluster_id":468,"lat":22.746811871701155,"lon":115.03537247043091,"count":6,"type":"berth","distance_to_coast":574.3081802910787,"inside_china_land":false}},{"type":"Feature","geometry":{"type":"Polygon","coordinates":[[[121.47405566666667,31.051144931034482],[121.474596625,31.051144931034482],[121.474596625,31.052063447916666],[121.47405566666667,31.052063447916666],[121.47405566666667,31.051144931034482]]]},"properties":{"cluster_id":469,"lat":31.0519074791825,"lon":121.47427349784994,"count":16,"type":"berth","distance_to_coast":31490.43274809106,"inside_china_land":true}},{"type":"Feature","geometry":{"type":"Polygon","coordinates":[[[113.65616185714285,22.67169791666667],[113.65868115584415,22.67169791666667],[113.65868115584415,22.672264428571427],[113.65616185714285,22.672264428571427],[113.65616185714285,22.67169791666667]]]},"properties":{"cluster_id":470,"lat":22.671956837898023,"lon":113.65773112076296,"count":16,"type":"berth","distance_to_coast":3083.8662064430328,"inside_china_land":false}},{"type":"Feature","geometry":{"type":"Polygon","coordinates":[[[113.20967875,21.952411],[113.21041452,21.952411],[113.21041452,21.95316986],[113.20967875,21.95316986],[113.20967875,21.952411]]]},"properties":{"cluster_id":472,"lat":21.952680184473188,"lon":113.21005638062852,"count":9,"type":"berth","distance_to_coast":3252.4976914451645,"inside_china_land":false}},{"type":"Feature","geometry":{"type":"Polygon","coordinates":[[[109.15961005555556,19.76653751724138],[109.16038595918367,19.76653751724138],[109.16038595918367,19.769371033333332],[109.15961005555556,19.769371033333332],[109.15961005555556,19.76653751724138]]]},"properties":{"cluster_id":474,"lat":19.768133431876,"lon":109.15979800468357,"count":14,"type":"berth","distance_to_coast":595.1414175319837,"inside_china_land":false}},{"type":"Feature","geometry":{"type":"Polygon","coordinates":[[[120.54379108208956,32.002003333333334],[120.54469404545455,32.002003333333334],[120.54469404545455,32.00254966417911],[120.54379108208956,32.00254966417911],[120.54379108208956,32.002003333333334]]]},"properties":{"cluster_id":475,"lat":32.00220571271672,"lon":120.54440516778511,"count":6,"type":"berth","distance_to_coast":1001.9384029227156,"inside_china_land":true}},{"type":"Feature","geometry":{"type":"Polygon","coordinates":[[[121.2871103095238,39.58387305076142],[121.29167816666666,39.58387305076142],[121.29167816666666,39.58810257142857],[121.2871103095238,39.58810257142857],[121.2871103095238,39.58387305076142]]]},"properties":{"cluster_id":476,"lat":39.58529893449435,"lon":121.28865093322588,"count":53,"type":"berth","distance_to_coast":104.4820802413209,"inside_china_land":false}},{"type":"Feature","geometry":{"type":"Polygon","coordinates":[[[121.47548193478261,31.046412431578947],[121.4758188,31.046412431578947],[121.4758188,31.046720606060607],[121.47548193478261,31.046720606060607],[121.47548193478261,31.046412431578947]]]},"properties":{"cluster_id":477,"lat":31.0465217815497,"lon":121.47558321184307,"count":16,"type":"berth","distance_to_coast":30776.63339592211,"inside_china_land":true}},{"type":"Feature","geometry":{"type":"Polygon","coordinates":[[[121.1343794854369,28.095491294117647],[121.13455585294118,28.095491294117647],[121.13455585294118,28.09561395145631],[121.1343794854369,28.09561395145631],[121.1343794854369,28.095491294117647]]]},"properties":{"cluster_id":478,"lat":28.0955649929691,"lon":121.1344531127927,"count":3,"type":"berth","distance_to_coast":185.8199734313177,"inside_china_land":false}},{"type":"Feature","geometry":{"type":"Polygon","coordinates":[[[116.48595110526315,23.5004154],[116.48599293333334,23.5004154],[116.48599293333334,23.500492010526315],[116.48595110526315,23.500492010526315],[116.48595110526315,23.5004154]]]},"properties":{"cluster_id":479,"lat":23.50045354860681,"lon":116.48596869914002,"count":3,"type":"berth","distance_to_coast":10737.460411052802,"inside_china_land":true}},{"type":"Feature","geometry":{"type":"Polygon","coordinates":[[[121.69979917647058,39.01313439090909],[121.70056510666667,39.01313439090909],[121.70056510666667,39.01532394666667],[121.69979917647058,39.01532394666667],[121.69979917647058,39.01313439090909]]]},"properties":{"cluster_id":480,"lat":39.01427089227437,"lon":121.70022826515326,"count":6,"type":"berth","distance_to_coast":966.0891964604753,"inside_china_land":true}},{"type":"Feature","geometry":{"type":"Polygon","coordinates":[[[120.91688473809525,27.977344],[120.9179331627907,27.977344],[120.9179331627907,27.97782188095238],[120.91688473809525,27.97782188095238],[120.91688473809525,27.977344]]]},"properties":{"cluster_id":481,"lat":27.977585103584723,"lon":120.917558445401,"count":20,"type":"berth","distance_to_coast":656.9546237765941,"inside_china_land":false}},{"type":"Feature","geometry":{"type":"Polygon","coordinates":[[[116.4731734,23.462152800000002],[116.47361116666667,23.462152800000002],[116.47361116666667,23.46270225],[116.4731734,23.46270225],[116.4731734,23.462152800000002]]]},"properties":{"cluster_id":482,"lat":23.462490572222222,"lon":116.47342689722224,"count":3,"type":"berth","distance_to_coast":7691.655358120629,"inside_china_land":true}},{"type":"Feature","geometry":{"type":"Polygon","coordinates":[[[118.716934765625,24.817770625],[118.71928,24.817770625],[118.71928,24.817958125],[118.716934765625,24.817958125],[118.716934765625,24.817770625]]]},"properties":{"cluster_id":483,"lat":24.81789298958334,"lon":118.71811213020833,"count":3,"type":"berth","distance_to_coast":1772.906876808721,"inside_china_land":false}},{"type":"Feature","geometry":{"type":"Polygon","coordinates":[[[108.37446620754717,21.622438849056604],[108.3753817173913,21.622438849056604],[108.3753817173913,21.623826555555556],[108.37446620754717,21.623826555555556],[108.37446620754717,21.622438849056604]]]},"properties":{"cluster_id":484,"lat":21.623042472261663,"lon":108.37492042682725,"count":8,"type":"berth","distance_to_coast":3747.502949543089,"inside_china_land":false}},{"type":"Feature","geometry":{"type":"Polygon","coordinates":[[[113.500844375,23.058797675675677],[113.50185375675677,23.058797675675677],[113.50185375675677,23.0595665],[113.500844375,23.0595665],[113.500844375,23.058797675675677]]]},"properties":{"cluster_id":487,"lat":23.05918208783784,"lon":113.5013490658784,"count":2,"type":"berth","distance_to_coast":401.0333498531067,"inside_china_land":false}},{"type":"Feature","geometry":{"type":"Polygon","coordinates":[[[118.98281830232558,25.21629304477612],[118.98401519402985,25.21629304477612],[118.98401519402985,25.21748151162791],[118.98281830232558,25.21748151162791],[118.98281830232558,25.21629304477612]]]},"properties":{"cluster_id":488,"lat":25.21701075919552,"lon":118.98331564444013,"count":10,"type":"berth","distance_to_coast":732.9902604678812,"inside_china_land":false}},{"type":"Feature","geometry":{"type":"Polygon","coordinates":[[[118.22548659090909,24.53168825],[118.22735440000001,24.53168825],[118.22735440000001,24.532443911764705],[118.22548659090909,24.532443911764705],[118.22548659090909,24.53168825]]]},"properties":{"cluster_id":489,"lat":24.53214438574688,"lon":118.22627596282352,"count":5,"type":"berth","distance_to_coast":1221.589417897595,"inside_china_land":false}},{"type":"Feature","geometry":{"type":"Polygon","coordinates":[[[119.06556402702702,25.102966344262295],[119.06812683606557,25.102966344262295],[119.06812683606557,25.104539351351352],[119.06556402702702,25.104539351351352],[119.06556402702702,25.102966344262295]]]},"properties":{"cluster_id":490,"lat":25.10375015891352,"lon":119.0667037356564,"count":11,"type":"berth","distance_to_coast":2217.593256772694,"inside_china_land":false}},{"type":"Feature","geometry":{"type":"Polygon","coordinates":[[[119.02977241935483,25.217755709677416],[119.02983250588235,25.217755709677416],[119.02983250588235,25.21788825882353],[119.02977241935483,25.21788825882353],[119.02977241935483,25.217755709677416]]]},"properties":{"cluster_id":491,"lat":25.21782198425047,"lon":119.0298024626186,"count":2,"type":"berth","distance_to_coast":1143.410553134397,"inside_china_land":false}},{"type":"Feature","geometry":{"type":"Polygon","coordinates":[[[118.68021,24.63395],[118.68037493023256,24.63395],[118.68037493023256,24.635179837209304],[118.68021,24.635179837209304],[118.68021,24.63395]]]},"properties":{"cluster_id":493,"lat":24.634619210672756,"lon":118.68031167753324,"count":7,"type":"berth","distance_to_coast":3276.929310135804,"inside_china_land":false}},{"type":"Feature","geometry":{"type":"Polygon","coordinates":[[[121.642082,31.3668325],[121.643417,31.3668325],[121.643417,31.36859433333333],[121.642082,31.36859433333333],[121.642082,31.3668325]]]},"properties":{"cluster_id":494,"lat":31.36771131428571,"lon":121.64283656666666,"count":5,"type":"berth","distance_to_coast":3824.699211184586,"inside_china_land":false}},{"type":"Feature","geometry":{"type":"Polygon","coordinates":[[[119.48774697368421,26.00626202631579],[119.48815785714285,26.00626202631579],[119.48815785714285,26.007309142857142],[119.48774697368421,26.007309142857142],[119.48774697368421,26.00626202631579]]]},"properties":{"cluster_id":497,"lat":26.00687232356857,"lon":119.48797922887282,"count":5,"type":"berth","distance_to_coast":910.8489948179804,"inside_china_land":false}},{"type":"Feature","geometry":{"type":"Polygon","coordinates":[[[120.35831421739131,32.008139434782606],[120.36217477777778,32.008139434782606],[120.36217477777778,32.010818523809526],[120.35831421739131,32.010818523809526],[120.35831421739131,32.008139434782606]]]},"properties":{"cluster_id":498,"lat":32.00892867459323,"lon":120.35939150923905,"count":28,"type":"berth","distance_to_coast":1341.5617079558915,"inside_china_land":false}},{"type":"Feature","geometry":{"type":"Polygon","coordinates":[[[119.43788857142859,32.27103909090909],[119.44022621739131,32.27103909090909],[119.44022621739131,32.271746729166665],[119.43788857142859,32.271746729166665],[119.43788857142859,32.27103909090909]]]},"properties":{"cluster_id":499,"lat":32.271430480459784,"lon":119.43927400082416,"count":15,"type":"berth","distance_to_coast":20995.433921214597,"inside_china_land":true}},{"type":"Feature","geometry":{"type":"Polygon","coordinates":[[[121.49434094871795,36.796205666666665],[121.49806994117647,36.796205666666665],[121.49806994117647,36.797390791666665],[121.49434094871795,36.797390791666665],[121.49434094871795,36.796205666666665]]]},"properties":{"cluster_id":500,"lat":36.796899259383814,"lon":121.49643533450735,"count":34,"type":"berth","distance_to_coast":1371.8936620697905,"inside_china_land":false}},{"type":"Feature","geometry":{"type":"Polygon","coordinates":[[[119.81799325,26.6839182],[119.82143375,26.6839182],[119.82143375,26.68509825],[119.81799325,26.68509825],[119.81799325,26.6839182]]]},"properties":{"cluster_id":501,"lat":26.68450887877123,"lon":119.81961660552784,"count":13,"type":"berth","distance_to_coast":2154.4406986515673,"inside_china_land":false}},{"type":"Feature","geometry":{"type":"Polygon","coordinates":[[[119.98714981679389,32.01179265384615],[119.987162,32.01179265384615],[119.987162,32.0119956259542],[119.98714981679389,32.0119956259542],[119.98714981679389,32.01179265384615]]]},"properties":{"cluster_id":502,"lat":32.01189413990018,"lon":119.98715590839694,"count":2,"type":"berth","distance_to_coast":751.9687772275455,"inside_china_land":false}},{"type":"Feature","geometry":{"type":"Polygon","coordinates":[[[120.10771325,31.951675555555557],[120.11006352380953,31.951675555555557],[120.11006352380953,31.953259000000003],[120.10771325,31.953259000000003],[120.10771325,31.951675555555557]]]},"properties":{"cluster_id":503,"lat":31.952277022246268,"lon":120.10866705363156,"count":6,"type":"berth","distance_to_coast":320.911693599005,"inside_china_land":true}},{"type":"Feature","geometry":{"type":"Polygon","coordinates":[[[120.55010137837837,32.05588305405406],[120.55055702702703,32.05588305405406],[120.55055702702703,32.05616651351351],[120.55010137837837,32.05616651351351],[120.55010137837837,32.05588305405406]]]},"properties":{"cluster_id":504,"lat":32.055993227418206,"lon":120.55038956939646,"count":4,"type":"berth","distance_to_coast":2954.5092315930874,"inside_china_land":false}},{"type":"Feature","geometry":{"type":"Polygon","coordinates":[[[113.62659450000001,22.7737664],[113.62721177777777,22.7737664],[113.62721177777777,22.77416377777778],[113.62659450000001,22.77416377777778],[113.62659450000001,22.7737664]]]},"properties":{"cluster_id":505,"lat":22.77400105925926,"lon":113.62696675925925,"count":3,"type":"berth","distance_to_coast":2688.415568259069,"inside_china_land":false}},{"type":"Feature","geometry":{"type":"Polygon","coordinates":[[[113.23036183333333,21.943371265895955],[113.23048020338982,21.943371265895955],[113.23048020338982,21.94348245762712],[113.23036183333333,21.94348245762712],[113.23036183333333,21.943371265895955]]]},"properties":{"cluster_id":507,"lat":21.94343432150577,"lon":113.23039959252664,"count":4,"type":"berth","distance_to_coast":1000.9988487260508,"inside_china_land":false}},{"type":"Feature","geometry":{"type":"Polygon","coordinates":[[[120.53746773076924,32.005033884615386],[120.53776792000001,32.005033884615386],[120.53776792000001,32.00519752],[120.53746773076924,32.00519752],[120.53746773076924,32.005033884615386]]]},"properties":{"cluster_id":508,"lat":32.0050781741772,"lon":120.53763909348702,"count":10,"type":"berth","distance_to_coast":911.5327584660082,"inside_china_land":true}},{"type":"Feature","geometry":{"type":"Polygon","coordinates":[[[113.08497203448275,22.23121470491803],[113.08500780327869,22.23121470491803],[113.08500780327869,22.231277551724137],[113.08497203448275,22.231277551724137],[113.08497203448275,22.23121470491803]]]},"properties":{"cluster_id":509,"lat":22.23125052258443,"lon":113.08499281999455,"count":3,"type":"berth","distance_to_coast":2552.786743073608,"inside_china_land":true}},{"type":"Feature","geometry":{"type":"Polygon","coordinates":[[[121.66200333333332,31.363008571428573],[121.66297899999999,31.363008571428573],[121.66297899999999,31.3632715],[121.66200333333332,31.3632715],[121.66200333333332,31.363008571428573]]]},"properties":{"cluster_id":512,"lat":31.363140035714288,"lon":121.66249116666664,"count":2,"type":"berth","distance_to_coast":3076.097772885235,"inside_china_land":false}},{"type":"Feature","geometry":{"type":"Polygon","coordinates":[[[122.094718,40.25002441666666],[122.09477038888889,40.25002441666666],[122.09477038888889,40.251128875],[122.094718,40.251128875],[122.094718,40.25002441666666]]]},"properties":{"cluster_id":514,"lat":40.25050560515873,"lon":122.09475244708996,"count":3,"type":"berth","distance_to_coast":878.3277761999069,"inside_china_land":false}},{"type":"Feature","geometry":{"type":"Polygon","coordinates":[[[122.07906178378377,29.89362737878788],[122.0835509090909,29.89362737878788],[122.0835509090909,29.895099800000004],[122.07906178378377,29.895099800000004],[122.07906178378377,29.89362737878788]]]},"properties":{"cluster_id":515,"lat":29.89441591351403,"lon":122.0820635566347,"count":72,"type":"berth","distance_to_coast":283.291073914272,"inside_china_land":true}},{"type":"Feature","geometry":{"type":"Polygon","coordinates":[[[120.1527838095238,31.92659536956522],[120.15561339130434,31.92659536956522],[120.15561339130434,31.926899900000002],[120.1527838095238,31.926899900000002],[120.1527838095238,31.92659536956522]]]},"properties":{"cluster_id":516,"lat":31.926782511803903,"lon":120.15391947497751,"count":21,"type":"berth","distance_to_coast":1693.4434925448306,"inside_china_land":false}},{"type":"Feature","geometry":{"type":"Polygon","coordinates":[[[122.44869911428572,30.41549223076923],[122.4537695882353,30.41549223076923],[122.4537695882353,30.420398484848484],[122.44869911428572,30.420398484848484],[122.44869911428572,30.41549223076923]]]},"properties":{"cluster_id":518,"lat":30.417814821214563,"lon":122.45141767839928,"count":210,"type":"berth","distance_to_coast":3173.322845681246,"inside_china_land":false}},{"type":"Feature","geometry":{"type":"Polygon","coordinates":[[[118.868776,32.17432225],[118.86885598780488,32.17432225],[118.86885598780488,32.17440760869565],[118.868776,32.17440760869565],[118.868776,32.17432225]]]},"properties":{"cluster_id":520,"lat":32.17437386875459,"lon":118.86882110272046,"count":4,"type":"berth","distance_to_coast":82121.42924034152,"inside_china_land":true}},{"type":"Feature","geometry":{"type":"Polygon","coordinates":[[[119.66557038888888,39.928643666666666],[119.66594760000001,39.928643666666666],[119.66594760000001,39.929814],[119.66557038888888,39.929814],[119.66557038888888,39.928643666666666]]]},"properties":{"cluster_id":521,"lat":39.929091433792905,"lon":119.6657843201203,"count":14,"type":"berth","distance_to_coast":554.2892951574987,"inside_china_land":false}},{"type":"Feature","geometry":{"type":"Polygon","coordinates":[[[119.67240757142858,39.92886035714286],[119.67352546666666,39.92886035714286],[119.67352546666666,39.930050900000005],[119.67240757142858,39.930050900000005],[119.67240757142858,39.92886035714286]]]},"properties":{"cluster_id":523,"lat":39.92944939084544,"lon":119.67298508998888,"count":12,"type":"berth","distance_to_coast":552.045889276911,"inside_china_land":false}},{"type":"Feature","geometry":{"type":"Polygon","coordinates":[[[119.6676935,39.93039975],[119.66847980000001,39.93039975],[119.66847980000001,39.93080244594595],[119.6676935,39.93080244594595],[119.6676935,39.93039975]]]},"properties":{"cluster_id":524,"lat":39.93059955847048,"lon":119.66809013535632,"count":14,"type":"berth","distance_to_coast":351.66673875239036,"inside_china_land":false}},{"type":"Feature","geometry":{"type":"Polygon","coordinates":[[[119.63366172222221,32.191859244444444],[119.6375369090909,32.191859244444444],[119.6375369090909,32.193122],[119.63366172222221,32.193122],[119.63366172222221,32.191859244444444]]]},"properties":{"cluster_id":526,"lat":32.19242551353175,"lon":119.63537908814398,"count":47,"type":"berth","distance_to_coast":59.2638318909791,"inside_china_land":false}},{"type":"Feature","geometry":{"type":"Polygon","coordinates":[[[120.14702593333332,31.9276987],[120.14800748076922,31.9276987],[120.14800748076922,31.927861333333336],[120.14702593333332,31.927861333333336],[120.14702593333332,31.9276987]]]},"properties":{"cluster_id":528,"lat":31.92781571119143,"lon":120.14725655828028,"count":6,"type":"berth","distance_to_coast":1685.8692391042864,"inside_china_land":false}},{"type":"Feature","geometry":{"type":"Polygon","coordinates":[[[119.90531844827586,32.18700782716049],[119.90560047115385,32.18700782716049],[119.90560047115385,32.187388816326525],[119.90531844827586,32.187388816326525],[119.90531844827586,32.18700782716049]]]},"properties":{"cluster_id":530,"lat":32.187206866580595,"lon":119.9054779884387,"count":21,"type":"berth","distance_to_coast":1435.2298098806814,"inside_china_land":false}},{"type":"Feature","geometry":{"type":"Polygon","coordinates":[[[121.06401842028986,37.71349447826087],[121.065808632,37.71349447826087],[121.065808632,37.71365720512821],[121.06401842028986,37.71365720512821],[121.06401842028986,37.71349447826087]]]},"properties":{"cluster_id":531,"lat":37.71356373886445,"lon":121.0648528033469,"count":13,"type":"berth","distance_to_coast":17.444060109174263,"inside_china_land":false}},{"type":"Feature","geometry":{"type":"Polygon","coordinates":[[[119.80897325000001,32.3219618],[119.80933610256409,32.3219618],[119.80933610256409,32.32246965714286],[119.80897325000001,32.32246965714286],[119.80897325000001,32.3219618]]]},"properties":{"cluster_id":532,"lat":32.32225371330599,"lon":119.80919553017628,"count":19,"type":"berth","distance_to_coast":773.7686799233829,"inside_china_land":true}},{"type":"Feature","geometry":{"type":"Polygon","coordinates":[[[119.58351215254237,32.185171272727274],[119.5836650909091,32.185171272727274],[119.5836650909091,32.18533681818182],[119.58351215254237,32.18533681818182],[119.58351215254237,32.185171272727274]]]},"properties":{"cluster_id":533,"lat":32.185242496305975,"lon":119.5835772298752,"count":33,"type":"berth","distance_to_coast":2935.9380816749126,"inside_china_land":true}},{"type":"Feature","geometry":{"type":"Polygon","coordinates":[[[120.80656954666668,32.01338822580645],[120.80666773333334,32.01338822580645],[120.80666773333334,32.01351597260274],[120.80656954666668,32.01351597260274],[120.80656954666668,32.01338822580645]]]},"properties":{"cluster_id":534,"lat":32.01347533223132,"lon":120.80663300502307,"count":20,"type":"berth","distance_to_coast":1171.6570779893857,"inside_china_land":false}},{"type":"Feature","geometry":{"type":"Polygon","coordinates":[[[119.64011876470589,32.193767529411765],[119.64061823809524,32.193767529411765],[119.64061823809524,32.19405945454545],[119.64011876470589,32.19405945454545],[119.64011876470589,32.193767529411765]]]},"properties":{"cluster_id":535,"lat":32.1939341461399,"lon":119.64036830202082,"count":11,"type":"berth","distance_to_coast":41.761053396680666,"inside_china_land":false}},{"type":"Feature","geometry":{"type":"Polygon","coordinates":[[[121.87946654545455,29.930603333333334],[121.88227078,29.930603333333334],[121.88227078,29.93164541666667],[121.87946654545455,29.93164541666667],[121.87946654545455,29.930603333333334]]]},"properties":{"cluster_id":536,"lat":29.931173616643253,"lon":121.88074461111584,"count":79,"type":"berth","distance_to_coast":177.51259526740142,"inside_china_land":false}},{"type":"Feature","geometry":{"type":"Polygon","coordinates":[[[119.66594292682926,32.205231121951215],[119.66709783168317,32.205231121951215],[119.66709783168317,32.20670146315789],[119.66594292682926,32.20670146315789],[119.66594292682926,32.205231121951215]]]},"properties":{"cluster_id":537,"lat":32.20625123735422,"lon":119.66678027031271,"count":8,"type":"berth","distance_to_coast":750.2891892035417,"inside_china_land":true}},{"type":"Feature","geometry":{"type":"Polygon","coordinates":[[[119.90504898850574,32.189477034482756],[119.90521895833334,32.189477034482756],[119.90521895833334,32.18958830555555],[119.90504898850574,32.18958830555555],[119.90504898850574,32.189477034482756]]]},"properties":{"cluster_id":538,"lat":32.18955301630617,"lon":119.90516664289554,"count":7,"type":"berth","distance_to_coast":1249.7940572466202,"inside_china_land":false}},{"type":"Feature","geometry":{"type":"Polygon","coordinates":[[[119.63189447540984,32.20017368],[119.63222579787234,32.20017368],[119.63222579787234,32.200332821428574],[119.63189447540984,32.200332821428574],[119.63189447540984,32.20017368]]]},"properties":{"cluster_id":539,"lat":32.20023049743597,"lon":119.632118830642,"count":4,"type":"berth","distance_to_coast":1123.0353058090996,"inside_china_land":false}},{"type":"Feature","geometry":{"type":"Polygon","coordinates":[[[117.80183771428571,38.965023240875915],[117.80222186956522,38.965023240875915],[117.80222186956522,38.9651473877551],[117.80183771428571,38.9651473877551],[117.80183771428571,38.965023240875915]]]},"properties":{"cluster_id":540,"lat":38.96512013277599,"lon":117.80209751666447,"count":20,"type":"berth","distance_to_coast":3759.11663847576,"inside_china_land":false}},{"type":"Feature","geometry":{"type":"Polygon","coordinates":[[[121.06721919354838,37.71347457142857],[121.07531394444443,37.71347457142857],[121.07531394444443,37.713741666666664],[121.06721919354838,37.713741666666664],[121.06721919354838,37.71347457142857]]]},"properties":{"cluster_id":543,"lat":37.71356749323512,"lon":121.07124920025105,"count":36,"type":"berth","distance_to_coast":72.91277301233416,"inside_china_land":false}},{"type":"Feature","geometry":{"type":"Polygon","coordinates":[[[120.15831649315068,31.920017846153847],[120.15844575,31.920017846153847],[120.15844575,31.920751698412698],[120.15831649315068,31.920751698412698],[120.15831649315068,31.920017846153847]]]},"properties":{"cluster_id":545,"lat":31.920378263180307,"lon":120.15835871206184,"count":16,"type":"berth","distance_to_coast":1641.073600701731,"inside_china_land":false}},{"type":"Feature","geometry":{"type":"Polygon","coordinates":[[[124.161720984375,39.839151640625],[124.16179425316456,39.839151640625],[124.16179425316456,39.83936415],[124.161720984375,39.83936415],[124.161720984375,39.839151640625]]]},"properties":{"cluster_id":546,"lat":39.83927955468091,"lon":124.16175920417986,"count":3,"type":"berth","distance_to_coast":2476.1181430282472,"inside_china_land":false}},{"type":"Feature","geometry":{"type":"Polygon","coordinates":[[[120.97027586486486,40.744620600000005],[120.97500311764706,40.744620600000005],[120.97500311764706,40.746613625],[120.97027586486486,40.746613625],[120.97027586486486,40.744620600000005]]]},"properties":{"cluster_id":547,"lat":40.74602769875832,"lon":120.97334807831128,"count":42,"type":"berth","distance_to_coast":1010.6880585009926,"inside_china_land":false}},{"type":"Feature","geometry":{"type":"Polygon","coordinates":[[[120.94525655555555,31.814141306666667],[120.94559836,31.814141306666667],[120.94559836,31.81452388888889],[120.94525655555555,31.81452388888889],[120.94525655555555,31.814141306666667]]]},"properties":{"cluster_id":549,"lat":31.814329636690065,"lon":120.945382144501,"count":9,"type":"berth","distance_to_coast":1541.5164332512402,"inside_china_land":false}},{"type":"Feature","geometry":{"type":"Polygon","coordinates":[[[119.70888709090909,26.796199785714286],[119.7094615,26.796199785714286],[119.7094615,26.7970218],[119.70888709090909,26.7970218],[119.70888709090909,26.796199785714286]]]},"properties":{"cluster_id":552,"lat":26.79679515940707,"lon":119.70906118420164,"count":12,"type":"berth","distance_to_coast":985.7619564199272,"inside_china_land":false}},{"type":"Feature","geometry":{"type":"Polygon","coordinates":[[[121.61591442857143,31.35393225],[121.61660344444444,31.35393225],[121.61660344444444,31.354334714285717],[121.61591442857143,31.354334714285717],[121.61591442857143,31.35393225]]]},"properties":{"cluster_id":553,"lat":31.354039754675817,"lon":121.61641331708152,"count":25,"type":"berth","distance_to_coast":1549.5650150530275,"inside_china_land":false}},{"type":"Feature","geometry":{"type":"Polygon","coordinates":[[[119.70050029545455,25.6186555],[119.70069302020201,25.6186555],[119.70069302020201,25.61900004545455],[119.70050029545455,25.61900004545455],[119.70050029545455,25.6186555]]]},"properties":{"cluster_id":555,"lat":25.61879256565657,"lon":119.7006106385522,"count":3,"type":"berth","distance_to_coast":289.4074685140381,"inside_china_land":false}},{"type":"Feature","geometry":{"type":"Polygon","coordinates":[[[119.70312659999999,25.61731517307692],[119.70344366346154,25.61731517307692],[119.70344366346154,25.617970800000002],[119.70312659999999,25.617970800000002],[119.70312659999999,25.61731517307692]]]},"properties":{"cluster_id":556,"lat":25.617642986538463,"lon":119.70328513173077,"count":2,"type":"berth","distance_to_coast":34.064251830972196,"inside_china_land":true}},{"type":"Feature","geometry":{"type":"Polygon","coordinates":[[[119.67223343055555,25.576162454545454],[119.67323633333335,25.576162454545454],[119.67323633333335,25.576420833333334],[119.67223343055555,25.576420833333334],[119.67223343055555,25.576162454545454]]]},"properties":{"cluster_id":557,"lat":25.57628040614478,"lon":119.6726009364478,"count":3,"type":"berth","distance_to_coast":3015.2083286735883,"inside_china_land":false}},{"type":"Feature","geometry":{"type":"Polygon","coordinates":[[[116.23867700000001,22.925285810810813],[116.2406855283019,22.925285810810813],[116.2406855283019,22.92673675],[116.23867700000001,22.92673675],[116.23867700000001,22.925285810810813]]]},"properties":{"cluster_id":558,"lat":22.926164454231092,"lon":116.23986393636474,"count":10,"type":"berth","distance_to_coast":240.9898815786189,"inside_china_land":false}},{"type":"Feature","geometry":{"type":"Polygon","coordinates":[[[118.43291817307691,24.627568166666666],[118.43353547619047,24.627568166666666],[118.43353547619047,24.62867988888889],[118.43291817307691,24.62867988888889],[118.43291817307691,24.627568166666666]]]},"properties":{"cluster_id":559,"lat":24.628371062888284,"lon":118.43317344879726,"count":20,"type":"berth","distance_to_coast":274.2398610773782,"inside_china_land":false}},{"type":"Feature","geometry":{"type":"Polygon","coordinates":[[[121.7952266,30.841596000000003],[121.79843813333333,30.841596000000003],[121.79843813333333,30.842156315789477],[121.7952266,30.842156315789477],[121.7952266,30.841596000000003]]]},"properties":{"cluster_id":561,"lat":30.8419591408578,"lon":121.79675528568212,"count":28,"type":"berth","distance_to_coast":1293.039579921687,"inside_china_land":false}},{"type":"Feature","geometry":{"type":"Polygon","coordinates":[[[121.69866574285713,39.0173414],[121.70074893589744,39.0173414],[121.70074893589744,39.018001742857145],[121.69866574285713,39.018001742857145],[121.69866574285713,39.0173414]]]},"properties":{"cluster_id":562,"lat":39.017695043041606,"lon":121.69977983663276,"count":26,"type":"berth","distance_to_coast":1449.7475422961602,"inside_china_land":true}},{"type":"Feature","geometry":{"type":"Polygon","coordinates":[[[116.3831361044776,23.505609840909088],[116.38319328571428,23.505609840909088],[116.38319328571428,23.50572114925373],[116.3831361044776,23.50572114925373],[116.3831361044776,23.505609840909088]]]},"properties":{"cluster_id":563,"lat":23.505658383658673,"lon":116.38317121992912,"count":7,"type":"berth","distance_to_coast":18836.27103146704,"inside_china_land":true}},{"type":"Feature","geometry":{"type":"Polygon","coordinates":[[[121.70855576470588,31.341093941176467],[121.70891027272728,31.341093941176467],[121.70891027272728,31.341635999999998],[121.70855576470588,31.341635999999998],[121.70855576470588,31.341093941176467]]]},"properties":{"cluster_id":564,"lat":31.34136497058823,"lon":121.70873301871656,"count":2,"type":"berth","distance_to_coast":2425.8511147803074,"inside_china_land":false}},{"type":"Feature","geometry":{"type":"Polygon","coordinates":[[[119.47776237209301,34.73530551612904],[119.48100854838711,34.73530551612904],[119.48100854838711,34.736284125],[119.47776237209301,34.736284125],[119.47776237209301,34.73530551612904]]]},"properties":{"cluster_id":565,"lat":34.73582751308671,"lon":119.4794490633126,"count":31,"type":"berth","distance_to_coast":1815.6534270016873,"inside_china_land":false}},{"type":"Feature","geometry":{"type":"Polygon","coordinates":[[[122.0943,40.25324],[122.0946359868421,40.25324],[122.0946359868421,40.2535498],[122.0943,40.2535498],[122.0943,40.25324]]]},"properties":{"cluster_id":566,"lat":40.25342324883043,"lon":122.09451455543405,"count":8,"type":"berth","distance_to_coast":1026.1374291309176,"inside_china_land":false}},{"type":"Feature","geometry":{"type":"Polygon","coordinates":[[[121.60635815384616,29.113333],[121.60780093333332,29.113333],[121.60780093333332,29.114062846153846],[121.60635815384616,29.114062846153846],[121.60635815384616,29.113333]]]},"properties":{"cluster_id":568,"lat":29.11368649657799,"lon":121.60738913711384,"count":43,"type":"berth","distance_to_coast":18.88036801400045,"inside_china_land":false}},{"type":"Feature","geometry":{"type":"Polygon","coordinates":[[[121.50000625925925,32.12844111111111],[121.50057148611111,32.12844111111111],[121.50057148611111,32.13099394871795],[121.50000625925925,32.13099394871795],[121.50000625925925,32.12844111111111]]]},"properties":{"cluster_id":570,"lat":32.13039582524909,"lon":121.50034024210564,"count":45,"type":"berth","distance_to_coast":2667.3327856476,"inside_china_land":false}},{"type":"Feature","geometry":{"type":"Polygon","coordinates":[[[121.50103299999999,32.1344225],[121.50125325,32.1344225],[121.50125325,32.13500033333333],[121.50103299999999,32.13500033333333],[121.50103299999999,32.1344225]]]},"properties":{"cluster_id":571,"lat":32.134867149144604,"lon":121.5010974684384,"count":24,"type":"berth","distance_to_coast":3259.106312814949,"inside_china_land":false}},{"type":"Feature","geometry":{"type":"Polygon","coordinates":[[[120.00474323469388,31.970348436893204],[120.00495563106796,31.970348436893204],[120.00495563106796,31.970425275510205],[120.00474323469388,31.970425275510205],[120.00474323469388,31.970348436893204]]]},"properties":{"cluster_id":572,"lat":31.970386856201703,"lon":120.00484943288092,"count":2,"type":"berth","distance_to_coast":1957.3955658529276,"inside_china_land":false}},{"type":"Feature","geometry":{"type":"Polygon","coordinates":[[[119.58019262580645,32.18534830769231],[119.58042625,32.18534830769231],[119.58042625,32.18552055913978],[119.58019262580645,32.18552055913978],[119.58019262580645,32.18534830769231]]]},"properties":{"cluster_id":573,"lat":32.18541201200681,"lon":119.58027625323876,"count":25,"type":"berth","distance_to_coast":3244.2529703879704,"inside_china_land":true}},{"type":"Feature","geometry":{"type":"Polygon","coordinates":[[[121.8253503493976,29.948508755208334],[121.82894551980198,29.948508755208334],[121.82894551980198,29.950057626506027],[121.8253503493976,29.950057626506027],[121.8253503493976,29.948508755208334]]]},"properties":{"cluster_id":574,"lat":29.949199072654235,"lon":121.8274471237818,"count":29,"type":"berth","distance_to_coast":165.65368816844335,"inside_china_land":false}},{"type":"Feature","geometry":{"type":"Polygon","coordinates":[[[121.51235930263158,29.49647122222222],[121.51256730337077,29.49647122222222],[121.51256730337077,29.496587419047618],[121.51235930263158,29.496587419047618],[121.51235930263158,29.49647122222222]]]},"properties":{"cluster_id":575,"lat":29.49652760274114,"lon":121.51248549056366,"count":22,"type":"berth","distance_to_coast":1830.40607574098,"inside_china_land":false}},{"type":"Feature","geometry":{"type":"Polygon","coordinates":[[[120.00637582876713,31.96985208219178],[120.0065550410959,31.96985208219178],[120.0065550410959,31.969898294520547],[120.00637582876713,31.969898294520547],[120.00637582876713,31.96985208219178]]]},"properties":{"cluster_id":576,"lat":31.969878721530375,"lon":120.00645028658734,"count":3,"type":"berth","distance_to_coast":2015.9001570793928,"inside_china_land":false}},{"type":"Feature","geometry":{"type":"Polygon","coordinates":[[[120.30254161538461,37.648749048387096],[120.30306444444444,37.648749048387096],[120.30306444444444,37.65061],[120.30254161538461,37.65061],[120.30254161538461,37.648749048387096]]]},"properties":{"cluster_id":577,"lat":37.649617115437216,"lon":120.30288912273768,"count":15,"type":"berth","distance_to_coast":1158.7422427236806,"inside_china_land":false}},{"type":"Feature","geometry":{"type":"Polygon","coordinates":[[[121.75032191891891,39.0134952972973],[121.75099110256409,39.0134952972973],[121.75099110256409,39.013811961538465],[121.75032191891891,39.013811961538465],[121.75032191891891,39.0134952972973]]]},"properties":{"cluster_id":578,"lat":39.013656935872085,"lon":121.75067688114471,"count":3,"type":"berth","distance_to_coast":1484.2830666744746,"inside_china_land":false}},{"type":"Feature","geometry":{"type":"Polygon","coordinates":[[[122.04292135227273,29.997448714285717],[122.04391157142858,29.997448714285717],[122.04391157142858,29.997815551136362],[122.04292135227273,29.997815551136362],[122.04292135227273,29.997448714285717]]]},"properties":{"cluster_id":579,"lat":29.997569505855115,"lon":122.04369767280728,"count":9,"type":"berth","distance_to_coast":926.890492278172,"inside_china_land":false}},{"type":"Feature","geometry":{"type":"Polygon","coordinates":[[[121.87333199999999,29.970297384615385],[121.87431125,29.970297384615385],[121.87431125,29.9710125],[121.87333199999999,29.9710125],[121.87333199999999,29.970297384615385]]]},"properties":{"cluster_id":580,"lat":29.970662507664613,"lon":121.87376381657714,"count":11,"type":"berth","distance_to_coast":814.0224073764119,"inside_china_land":false}},{"type":"Feature","geometry":{"type":"Polygon","coordinates":[[[120.9119702,30.3753],[120.912473,30.3753],[120.912473,30.37602894736842],[120.9119702,30.37602894736842],[120.9119702,30.3753]]]},"properties":{"cluster_id":581,"lat":30.375851404054988,"lon":120.91232874391297,"count":12,"type":"berth","distance_to_coast":188.09230668427725,"inside_china_land":true}},{"type":"Feature","geometry":{"type":"Polygon","coordinates":[[[122.413299875,30.412786],[122.41338584615384,30.412786],[122.41338584615384,30.41305225],[122.413299875,30.41305225],[122.413299875,30.412786]]]},"properties":{"cluster_id":582,"lat":30.412917661458337,"lon":122.41334699278848,"count":4,"type":"berth","distance_to_coast":494.0886417025489,"inside_china_land":false}},{"type":"Feature","geometry":{"type":"Polygon","coordinates":[[[120.9400789047619,30.4618808],[120.94015206666667,30.4618808],[120.94015206666667,30.462093083333333],[120.9400789047619,30.462093083333333],[120.9400789047619,30.4618808]]]},"properties":{"cluster_id":583,"lat":30.461995387149496,"lon":120.9401198664991,"count":7,"type":"berth","distance_to_coast":1109.8119580264172,"inside_china_land":false}},{"type":"Feature","geometry":{"type":"Polygon","coordinates":[[[122.21759464516128,30.22994509677419],[122.21778183333333,30.22994509677419],[122.21778183333333,30.2301455],[122.21759464516128,30.2301455],[122.21759464516128,30.22994509677419]]]},"properties":{"cluster_id":584,"lat":30.230015976702507,"lon":122.21771406426012,"count":3,"type":"berth","distance_to_coast":2145.4820721101837,"inside_china_land":false}},{"type":"Feature","geometry":{"type":"Polygon","coordinates":[[[122.1106732,30.239330000000002],[122.11113428571427,30.239330000000002],[122.11113428571427,30.239856857142858],[122.1106732,30.239856857142858],[122.1106732,30.239330000000002]]]},"properties":{"cluster_id":585,"lat":30.239593428571432,"lon":122.11090374285712,"count":2,"type":"berth","distance_to_coast":3082.8004163489004,"inside_china_land":false}},{"type":"Feature","geometry":{"type":"Polygon","coordinates":[[[121.62479931372549,29.038188170731708],[121.62692064516129,29.038188170731708],[121.62692064516129,29.03853506451613],[121.62479931372549,29.03853506451613],[121.62479931372549,29.038188170731708]]]},"properties":{"cluster_id":586,"lat":29.038343697007775,"lon":121.62592414404784,"count":8,"type":"berth","distance_to_coast":624.6319112557802,"inside_china_land":true}},{"type":"Feature","geometry":{"type":"Polygon","coordinates":[[[121.96965833333333,29.890064928571427],[121.97086796153847,29.890064928571427],[121.97086796153847,29.890302666666667],[121.96965833333333,29.890302666666667],[121.96965833333333,29.890064928571427]]]},"properties":{"cluster_id":587,"lat":29.890141298403258,"lon":121.97006391756037,"count":23,"type":"berth","distance_to_coast":119.48424892491232,"inside_china_land":false}},{"type":"Feature","geometry":{"type":"Polygon","coordinates":[[[113.57221150000001,22.871055125],[113.57229144525547,22.871055125],[113.57229144525547,22.871789182481752],[113.57221150000001,22.871789182481752],[113.57221150000001,22.871055125]]]},"properties":{"cluster_id":588,"lat":22.871422153740877,"lon":113.57225147262774,"count":2,"type":"berth","distance_to_coast":2713.046124650106,"inside_china_land":false}},{"type":"Feature","geometry":{"type":"Polygon","coordinates":[[[119.27609555555556,25.4202],[119.27728116666668,25.4202],[119.27728116666668,25.420730944444443],[119.27609555555556,25.420730944444443],[119.27609555555556,25.4202]]]},"properties":{"cluster_id":589,"lat":25.420338138276147,"lon":119.27694712026144,"count":4,"type":"berth","distance_to_coast":2191.2349165490773,"inside_china_land":false}},{"type":"Feature","geometry":{"type":"Polygon","coordinates":[[[116.31523606,22.934496000000003],[116.31578139999999,22.934496000000003],[116.31578139999999,22.93511578],[116.31523606,22.93511578],[116.31523606,22.934496000000003]]]},"properties":{"cluster_id":591,"lat":22.934814669206354,"lon":116.31539695230158,"count":4,"type":"berth","distance_to_coast":2722.841663561213,"inside_china_land":false}},{"type":"Feature","geometry":{"type":"Polygon","coordinates":[[[116.31312,22.9286403],[116.31400060000001,22.9286403],[116.31400060000001,22.92921175],[116.31312,22.92921175],[116.31312,22.9286403]]]},"properties":{"cluster_id":593,"lat":22.928926025000003,"lon":116.3135603,"count":2,"type":"berth","distance_to_coast":3463.220565991407,"inside_china_land":false}},{"type":"Feature","geometry":{"type":"Polygon","coordinates":[[[116.3132,22.936400666666668],[116.313271,22.936400666666668],[116.313271,22.936682],[116.3132,22.936682],[116.3132,22.936400666666668]]]},"properties":{"cluster_id":594,"lat":22.936545533333337,"lon":116.313234825,"count":5,"type":"berth","distance_to_coast":2594.554987871011,"inside_china_land":false}},{"type":"Feature","geometry":{"type":"Polygon","coordinates":[[[116.30895764556962,22.94223681012658],[116.3090267,22.94223681012658],[116.3090267,22.9423527],[116.30895764556962,22.9423527],[116.30895764556962,22.94223681012658]]]},"properties":{"cluster_id":595,"lat":22.94229475506329,"lon":116.3089921727848,"count":2,"type":"berth","distance_to_coast":2071.2417974774507,"inside_china_land":false}},{"type":"Feature","geometry":{"type":"Polygon","coordinates":[[[116.77724942857142,23.225355307692308],[116.77730346153847,23.225355307692308],[116.77730346153847,23.225709142857145],[116.77724942857142,23.225709142857145],[116.77724942857142,23.225355307692308]]]},"properties":{"cluster_id":596,"lat":23.225532225274726,"lon":116.77727644505497,"count":2,"type":"berth","distance_to_coast":811.3784318359428,"inside_china_land":true}},{"type":"Feature","geometry":{"type":"Polygon","coordinates":[[[119.26429766666666,25.150179666666663],[119.26581549999999,25.150179666666663],[119.26581549999999,25.151725333333335],[119.26429766666666,25.151725333333335],[119.26429766666666,25.150179666666663]]]},"properties":{"cluster_id":597,"lat":25.151013181988343,"lon":119.26496761674062,"count":22,"type":"berth","distance_to_coast":3181.196586738836,"inside_china_land":false}},{"type":"Feature","geometry":{"type":"Polygon","coordinates":[[[117.01820891666667,23.396913714285713],[117.01902325,23.396913714285713],[117.01902325,23.397909],[117.01820891666667,23.397909],[117.01820891666667,23.396913714285713]]]},"properties":{"cluster_id":599,"lat":23.39737620952381,"lon":117.01856917142857,"count":5,"type":"berth","distance_to_coast":2148.5466651884212,"inside_china_land":false}},{"type":"Feature","geometry":{"type":"Polygon","coordinates":[[[121.0155135,31.79669],[121.01560107575757,31.79669],[121.01560107575757,31.796711653846156],[121.0155135,31.796711653846156],[121.0155135,31.79669]]]},"properties":{"cluster_id":602,"lat":31.79670274825175,"lon":121.01556882012432,"count":3,"type":"berth","distance_to_coast":3094.1301273638755,"inside_china_land":false}},{"type":"Feature","geometry":{"type":"Polygon","coordinates":[[[121.83613922222223,31.68258451428572],[121.83614242857142,31.68258451428572],[121.83614242857142,31.682603222222227],[121.83613922222223,31.682603222222227],[121.83613922222223,31.68258451428572]]]},"properties":{"cluster_id":603,"lat":31.682593868253974,"lon":121.83614082539682,"count":2,"type":"berth","distance_to_coast":1080.998568125067,"inside_china_land":false}},{"type":"Feature","geometry":{"type":"Polygon","coordinates":[[[121.72651711111111,31.713449625],[121.72896,31.713449625],[121.72896,31.713952111111112],[121.72651711111111,31.713952111111112],[121.72651711111111,31.713449625]]]},"properties":{"cluster_id":604,"lat":31.713642306528907,"lon":121.72812837073494,"count":10,"type":"berth","distance_to_coast":259.8155008147896,"inside_china_land":false}},{"type":"Feature","geometry":{"type":"Polygon","coordinates":[[[122.40343584615385,30.6842],[122.40360757142857,30.6842],[122.40360757142857,30.685050384615387],[122.40343584615385,30.685050384615387],[122.40343584615385,30.6842]]]},"properties":{"cluster_id":607,"lat":30.684625192307692,"lon":122.4035217087912,"count":2,"type":"berth","distance_to_coast":3591.0306987896865,"inside_china_land":false}},{"type":"Feature","geometry":{"type":"Polygon","coordinates":[[[121.79751730000001,31.690191571428574],[121.79774366666668,31.690191571428574],[121.79774366666668,31.691542555555557],[121.79751730000001,31.691542555555557],[121.79751730000001,31.690191571428574]]]},"properties":{"cluster_id":608,"lat":31.69069202030023,"lon":121.79764107838828,"count":6,"type":"berth","distance_to_coast":766.1968071500944,"inside_china_land":false}},{"type":"Feature","geometry":{"type":"Polygon","coordinates":[[[121.8013748,31.670681899999998],[121.80233885714286,31.670681899999998],[121.80233885714286,31.67070457142857],[121.8013748,31.67070457142857],[121.8013748,31.670681899999998]]]},"properties":{"cluster_id":609,"lat":31.67069323571428,"lon":121.80185682857145,"count":2,"type":"berth","distance_to_coast":3073.1866315427333,"inside_china_land":false}},{"type":"Feature","geometry":{"type":"Polygon","coordinates":[[[122.40988,30.691345875],[122.411308125,30.691345875],[122.411308125,30.691924666666665],[122.40988,30.691924666666665],[122.40988,30.691345875]]]},"properties":{"cluster_id":610,"lat":30.69159044722222,"lon":122.410407575,"count":3,"type":"berth","distance_to_coast":2449.4904652324776,"inside_china_land":false}},{"type":"Feature","geometry":{"type":"Polygon","coordinates":[[[122.4030208125,30.689842875],[122.40436757142857,30.689842875],[122.40436757142857,30.690403285714286],[122.4030208125,30.690403285714286],[122.4030208125,30.689842875]]]},"properties":{"cluster_id":611,"lat":30.69016333887987,"lon":122.403974653612,"count":4,"type":"berth","distance_to_coast":3145.0006800491988,"inside_china_land":false}},{"type":"Feature","geometry":{"type":"Polygon","coordinates":[[[121.82518233333333,31.686955666666666],[121.82567624528302,31.686955666666666],[121.82567624528302,31.68753914814815],[121.82518233333333,31.68753914814815],[121.82518233333333,31.686955666666666]]]},"properties":{"cluster_id":612,"lat":31.687379067468555,"lon":121.82549790434896,"count":17,"type":"berth","distance_to_coast":461.834415930123,"inside_china_land":false}},{"type":"Feature","geometry":{"type":"Polygon","coordinates":[[[122.40198566666666,30.685511153846154],[122.40202637931034,30.685511153846154],[122.40202637931034,30.685532379310345],[122.40198566666666,30.685532379310345],[122.40198566666666,30.685511153846154]]]},"properties":{"cluster_id":613,"lat":30.685521766578248,"lon":122.4020060229885,"count":2,"type":"berth","distance_to_coast":3664.882481861083,"inside_china_land":false}},{"type":"Feature","geometry":{"type":"Polygon","coordinates":[[[117.10312033333332,23.5098975],[117.10322670000001,23.5098975],[117.10322670000001,23.509959],[117.10312033333332,23.509959],[117.10312033333332,23.5098975]]]},"properties":{"cluster_id":614,"lat":23.50992653333334,"lon":117.10318459444444,"count":3,"type":"berth","distance_to_coast":3414.849224706907,"inside_china_land":false}},{"type":"Feature","geometry":{"type":"Polygon","coordinates":[[[122.285079,30.2466064],[122.28513566666668,30.2466064],[122.28513566666668,30.246664999999997],[122.285079,30.246664999999997],[122.285079,30.2466064]]]},"properties":{"cluster_id":617,"lat":30.24662928282828,"lon":122.28510700050504,"count":6,"type":"berth","distance_to_coast":64.6173650385141,"inside_china_land":false}},{"type":"Feature","geometry":{"type":"Polygon","coordinates":[[[119.68822675,25.41606518181818],[119.68895672340425,25.41606518181818],[119.68895672340425,25.416726936170214],[119.68822675,25.416726936170214],[119.68822675,25.41606518181818]]]},"properties":{"cluster_id":618,"lat":25.416314789329466,"lon":119.68862030931656,"count":3,"type":"berth","distance_to_coast":1904.2542300388657,"inside_china_land":false}},{"type":"Feature","geometry":{"type":"Polygon","coordinates":[[[121.01832047619048,31.799291263157897],[121.01832463157895,31.799291263157897],[121.01832463157895,31.799347904761902],[121.01832047619048,31.799347904761902],[121.01832047619048,31.799291263157897]]]},"properties":{"cluster_id":621,"lat":31.7993195839599,"lon":121.01832255388472,"count":2,"type":"berth","distance_to_coast":2736.71798209518,"inside_china_land":false}},{"type":"Feature","geometry":{"type":"Polygon","coordinates":[[[121.21554674074075,31.71513785185185],[121.21604106666668,31.71513785185185],[121.21604106666668,31.715578479999998],[121.21554674074075,31.715578479999998],[121.21554674074075,31.71513785185185]]]},"properties":{"cluster_id":622,"lat":31.715418788158885,"lon":121.21570960336896,"count":6,"type":"berth","distance_to_coast":2978.5828046515753,"inside_china_land":false}},{"type":"Feature","geometry":{"type":"Polygon","coordinates":[[[121.16711996,31.756625454545453],[121.16726190909093,31.756625454545453],[121.16726190909093,31.75669012],[121.16711996,31.75669012],[121.16711996,31.756625454545453]]]},"properties":{"cluster_id":623,"lat":31.75665778727273,"lon":121.16719093454546,"count":2,"type":"berth","distance_to_coast":3140.2767939136224,"inside_china_land":false}},{"type":"Feature","geometry":{"type":"Polygon","coordinates":[[[121.7214134,31.7145945],[121.72152324999999,31.7145945],[121.72152324999999,31.714640250000002],[121.7214134,31.714640250000002],[121.7214134,31.7145945]]]},"properties":{"cluster_id":624,"lat":31.714617375000003,"lon":121.721468325,"count":2,"type":"berth","distance_to_coast":299.72849545750574,"inside_china_land":false}},{"type":"Feature","geometry":{"type":"Polygon","coordinates":[[[119.79498603571429,35.60529796428572],[119.7952995925926,35.60529796428572],[119.7952995925926,35.60543051851852],[119.79498603571429,35.60543051851852],[119.79498603571429,35.60529796428572]]]},"properties":{"cluster_id":625,"lat":35.605364241402114,"lon":119.79514281415344,"count":2,"type":"berth","distance_to_coast":1446.0025062503407,"inside_china_land":false}},{"type":"Feature","geometry":{"type":"Polygon","coordinates":[[[121.7371199375,38.980075875],[121.73718952173913,38.980075875],[121.73718952173913,38.98039204347826],[121.7371199375,38.98039204347826],[121.7371199375,38.980075875]]]},"properties":{"cluster_id":626,"lat":38.98023395923913,"lon":121.73715472961956,"count":2,"type":"berth","distance_to_coast":3055.772412557356,"inside_china_land":false}},{"type":"Feature","geometry":{"type":"Polygon","coordinates":[[[121.6543665,38.99839216666667],[121.65506350000001,38.99839216666667],[121.65506350000001,38.999455],[121.6543665,38.999455],[121.6543665,38.99839216666667]]]},"properties":{"cluster_id":627,"lat":38.99878744438631,"lon":121.65467182786136,"count":5,"type":"berth","distance_to_coast":417.0917011179382,"inside_china_land":false}},{"type":"Feature","geometry":{"type":"Polygon","coordinates":[[[113.663631625,22.670319272727273],[113.66483181818181,22.670319272727273],[113.66483181818181,22.67047175],[113.663631625,22.67047175],[113.663631625,22.670319272727273]]]},"properties":{"cluster_id":629,"lat":22.670429635681817,"lon":113.66394696579545,"count":4,"type":"berth","distance_to_coast":3568.0262624082475,"inside_china_land":false}},{"type":"Feature","geometry":{"type":"Polygon","coordinates":[[[113.61670246875,22.573102181818182],[113.61685818181819,22.573102181818182],[113.61685818181819,22.57360578125],[113.61670246875,22.57360578125],[113.61670246875,22.573102181818182]]]},"properties":{"cluster_id":631,"lat":22.57335398153409,"lon":113.6167803252841,"count":2,"type":"berth","distance_to_coast":1971.6216920371976,"inside_china_land":false}},{"type":"Feature","geometry":{"type":"Polygon","coordinates":[[[113.07579299999999,22.302397777777774],[113.07604287353631,22.302397777777774],[113.07604287353631,22.303475757025762],[113.07579299999999,22.303475757025762],[113.07579299999999,22.302397777777774]]]},"properties":{"cluster_id":632,"lat":22.302636311244825,"lon":113.07588901223929,"count":5,"type":"berth","distance_to_coast":10742.633946269294,"inside_china_land":true}},{"type":"Feature","geometry":{"type":"Polygon","coordinates":[[[119.39859237499999,34.749757],[119.3986266,34.749757],[119.3986266,34.74988475],[119.39859237499999,34.74988475],[119.39859237499999,34.749757]]]},"properties":{"cluster_id":635,"lat":34.749820875,"lon":119.3986094875,"count":2,"type":"berth","distance_to_coast":237.86249763025256,"inside_china_land":true}},{"type":"Feature","geometry":{"type":"Polygon","coordinates":[[[119.53504078260869,35.37482034782609],[119.53564000000001,35.37482034782609],[119.53564000000001,35.3756414],[119.53504078260869,35.3756414],[119.53504078260869,35.37482034782609]]]},"properties":{"cluster_id":636,"lat":35.37523087391304,"lon":119.53534039130436,"count":2,"type":"berth","distance_to_coast":926.513645166778,"inside_china_land":true}},{"type":"Feature","geometry":{"type":"Polygon","coordinates":[[[117.11018616666667,23.5040403],[117.11038595,23.5040403],[117.11038595,23.50432165],[117.11018616666667,23.50432165],[117.11018616666667,23.5040403]]]},"properties":{"cluster_id":637,"lat":23.504180975,"lon":117.11028605833332,"count":2,"type":"berth","distance_to_coast":2651.932160314264,"inside_china_land":false}},{"type":"Feature","geometry":{"type":"Polygon","coordinates":[[[119.27361105882353,25.4215751875],[119.2738075,25.4215751875],[119.2738075,25.421771000000003],[119.27361105882353,25.421771000000003],[119.27361105882353,25.4215751875]]]},"properties":{"cluster_id":638,"lat":25.42167309375,"lon":119.27370927941178,"count":2,"type":"berth","distance_to_coast":2471.720106559647,"inside_china_land":false}},{"type":"Feature","geometry":{"type":"Polygon","coordinates":[[[121.3214664263566,39.50586817054264],[121.32152216,39.50586817054264],[121.32152216,39.50594873],[121.3214664263566,39.50594873],[121.3214664263566,39.50586817054264]]]},"properties":{"cluster_id":639,"lat":39.50590845027132,"lon":121.32149429317828,"count":2,"type":"berth","distance_to_coast":122.89557450250362,"inside_china_land":false}},{"type":"Feature","geometry":{"type":"Polygon","coordinates":[[[117.58016657142856,23.76712835714286],[117.5803227,23.76712835714286],[117.5803227,23.77024512857143],[117.58016657142856,23.77024512857143],[117.58016657142856,23.76712835714286]]]},"properties":{"cluster_id":640,"lat":23.768705013214607,"lon":117.58025201607803,"count":10,"type":"berth","distance_to_coast":895.5993352097878,"inside_china_land":false}},{"type":"Feature","geometry":{"type":"Polygon","coordinates":[[[122.38817039999999,30.390258250000002],[122.388685875,30.390258250000002],[122.388685875,30.391506],[122.38817039999999,30.391506],[122.38817039999999,30.390258250000002]]]},"properties":{"cluster_id":641,"lat":30.390750550000003,"lon":122.38841425833334,"count":3,"type":"berth","distance_to_coast":3995.115219206262,"inside_china_land":false}},{"type":"Feature","geometry":{"type":"Polygon","coordinates":[[[111.2888155,21.434926],[111.2904066451613,21.434926],[111.2904066451613,21.436648204301076],[111.2888155,21.436648204301076],[111.2888155,21.434926]]]},"properties":{"cluster_id":642,"lat":21.436042050572222,"lon":111.28992079607912,"count":13,"type":"berth","distance_to_coast":1447.670889280899,"inside_china_land":false}},{"type":"Feature","geometry":{"type":"Polygon","coordinates":[[[121.06744821052632,30.58017925],[121.07125086792453,30.58017925],[121.07125086792453,30.581471299999997],[121.06744821052632,30.581471299999997],[121.06744821052632,30.58017925]]]},"properties":{"cluster_id":645,"lat":30.580725866043995,"lon":121.06912779762868,"count":58,"type":"berth","distance_to_coast":579.4196816065621,"inside_china_land":false}},{"type":"Feature","geometry":{"type":"Polygon","coordinates":[[[119.28277440816326,32.187580999999994],[119.2848933,32.187580999999994],[119.2848933,32.188271367346935],[119.28277440816326,32.188271367346935],[119.28277440816326,32.187580999999994]]]},"properties":{"cluster_id":646,"lat":32.18786888865887,"lon":119.28407194289191,"count":10,"type":"berth","distance_to_coast":35862.12087113876,"inside_china_land":true}},{"type":"Feature","geometry":{"type":"Polygon","coordinates":[[[120.32777927692307,31.956120923076924],[120.33081672,31.956120923076924],[120.33081672,31.957311599999997],[120.32777927692307,31.957311599999997],[120.32777927692307,31.956120923076924]]]},"properties":{"cluster_id":647,"lat":31.956778669057087,"lon":120.32931876643973,"count":30,"type":"berth","distance_to_coast":646.3635412580727,"inside_china_land":false}},{"type":"Feature","geometry":{"type":"Polygon","coordinates":[[[121.98849731578947,30.025620054545453],[121.99171244680852,30.025620054545453],[121.99171244680852,30.02864898245614],[121.98849731578947,30.02864898245614],[121.98849731578947,30.025620054545453]]]},"properties":{"cluster_id":648,"lat":30.026893361376217,"lon":121.99042028812586,"count":54,"type":"berth","distance_to_coast":1364.152391329926,"inside_china_land":false}},{"type":"Feature","geometry":{"type":"Polygon","coordinates":[[[120.94654057142857,31.8129256],[120.94676248717948,31.8129256],[120.94676248717948,31.813226020408162],[120.94654057142857,31.813226020408162],[120.94654057142857,31.8129256]]]},"properties":{"cluster_id":649,"lat":31.812994375641,"lon":120.9466791354708,"count":8,"type":"berth","distance_to_coast":1638.3161002031222,"inside_china_land":false}},{"type":"Feature","geometry":{"type":"Polygon","coordinates":[[[118.85172852142857,32.16597241428572],[118.85231957142857,32.16597241428572],[118.85231957142857,32.165979285714286],[118.85172852142857,32.165979285714286],[118.85172852142857,32.16597241428572]]]},"properties":{"cluster_id":650,"lat":32.16597585,"lon":118.85202404642855,"count":2,"type":"berth","distance_to_coast":84036.33055225355,"inside_china_land":true}},{"type":"Feature","geometry":{"type":"Polygon","coordinates":[[[117.58027938888888,23.765477027777777],[117.58030287931035,23.765477027777777],[117.58030287931035,23.76587475862069],[117.58027938888888,23.76587475862069],[117.58027938888888,23.765477027777777]]]},"properties":{"cluster_id":651,"lat":23.765625465031373,"lon":117.5802926980954,"count":3,"type":"berth","distance_to_coast":923.655348072816,"inside_china_land":false}},{"type":"Feature","geometry":{"type":"Polygon","coordinates":[[[119.01721157142858,39.205113157894736],[119.01831980769231,39.205113157894736],[119.01831980769231,39.20582140384615],[119.01721157142858,39.20582140384615],[119.01721157142858,39.205113157894736]]]},"properties":{"cluster_id":652,"lat":39.20538046418691,"lon":119.01769657019231,"count":10,"type":"berth","distance_to_coast":1215.1764119012591,"inside_china_land":true}},{"type":"Feature","geometry":{"type":"Polygon","coordinates":[[[121.46890857142857,31.06583207142857],[121.4690877142857,31.06583207142857],[121.4690877142857,31.066193285714284],[121.46890857142857,31.066193285714284],[121.46890857142857,31.06583207142857]]]},"properties":{"cluster_id":653,"lat":31.066050575697652,"lon":121.4689853743146,"count":8,"type":"berth","distance_to_coast":33417.781207370725,"inside_china_land":true}},{"type":"Feature","geometry":{"type":"Polygon","coordinates":[[[120.92022839473684,31.893719571428573],[120.92046418604652,31.893719571428573],[120.92046418604652,31.8941643],[120.92022839473684,31.8941643],[120.92022839473684,31.893719571428573]]]},"properties":{"cluster_id":654,"lat":31.89389016949833,"lon":120.92035559881872,"count":25,"type":"berth","distance_to_coast":544.485589800404,"inside_china_land":false}},{"type":"Feature","geometry":{"type":"Polygon","coordinates":[[[121.88361554022988,29.930117785714284],[121.8837421875,29.930117785714284],[121.8837421875,29.93028207142857],[121.88361554022988,29.93028207142857],[121.88361554022988,29.930117785714284]]]},"properties":{"cluster_id":656,"lat":29.930186809179705,"lon":121.88368514498949,"count":25,"type":"berth","distance_to_coast":183.7549129287031,"inside_china_land":false}},{"type":"Feature","geometry":{"type":"Polygon","coordinates":[[[119.89507460869564,32.22557695454545],[119.89530040909091,32.22557695454545],[119.89530040909091,32.22630848913043],[119.89507460869564,32.22630848913043],[119.89507460869564,32.22557695454545]]]},"properties":{"cluster_id":657,"lat":32.22605627108037,"lon":119.89515290447956,"count":3,"type":"berth","distance_to_coast":1170.7968510059284,"inside_china_land":true}},{"type":"Feature","geometry":{"type":"Polygon","coordinates":[[[119.89355957575758,32.227709955555554],[119.89448480555555,32.227709955555554],[119.89448480555555,32.22986469117647],[119.89355957575758,32.22986469117647],[119.89355957575758,32.227709955555554]]]},"properties":{"cluster_id":658,"lat":32.228884260891164,"lon":119.89402307512314,"count":19,"type":"berth","distance_to_coast":1127.4898704552545,"inside_china_land":true}},{"type":"Feature","geometry":{"type":"Polygon","coordinates":[[[121.602451765625,31.363535441860463],[121.60257281395349,31.363535441860463],[121.60257281395349,31.363742703125002],[121.602451765625,31.363742703125002],[121.602451765625,31.363535441860463]]]},"properties":{"cluster_id":659,"lat":31.36363907249273,"lon":121.60251228978925,"count":2,"type":"berth","distance_to_coast":2110.0033761628465,"inside_china_land":false}},{"type":"Feature","geometry":{"type":"Polygon","coordinates":[[[122.049258375,29.980579417475727],[122.0511735,29.980579417475727],[122.0511735,29.98215436242884],[122.049258375,29.98215436242884],[122.049258375,29.980579417475727]]]},"properties":{"cluster_id":660,"lat":29.981160591029724,"lon":122.04993302885886,"count":26,"type":"berth","distance_to_coast":3137.1795310740645,"inside_china_land":false}},{"type":"Feature","geometry":{"type":"Polygon","coordinates":[[[121.77510293548387,29.9745006],[121.7762185,29.9745006],[121.7762185,29.974952787234045],[121.77510293548387,29.974952787234045],[121.77510293548387,29.9745006]]]},"properties":{"cluster_id":661,"lat":29.97471496389376,"lon":121.7756441152647,"count":8,"type":"berth","distance_to_coast":521.8657895783911,"inside_china_land":false}},{"type":"Feature","geometry":{"type":"Polygon","coordinates":[[[121.98464073214286,30.038274785714286],[121.98518637037036,30.038274785714286],[121.98518637037036,30.03852225714286],[121.98464073214286,30.03852225714286],[121.98464073214286,30.038274785714286]]]},"properties":{"cluster_id":662,"lat":30.03844657942829,"lon":121.98502158952502,"count":7,"type":"berth","distance_to_coast":542.9901512652443,"inside_china_land":false}},{"type":"Feature","geometry":{"type":"Polygon","coordinates":[[[119.93542847826086,32.07003239130435],[119.93580593548388,32.07003239130435],[119.93580593548388,32.070452125],[119.93542847826086,32.070452125],[119.93542847826086,32.07003239130435]]]},"properties":{"cluster_id":663,"lat":32.070237302925825,"lon":119.93557180458156,"count":3,"type":"berth","distance_to_coast":1405.4170626327398,"inside_china_land":false}},{"type":"Feature","geometry":{"type":"Polygon","coordinates":[[[120.1172546,40.07430877777778],[120.12451074999998,40.07430877777778],[120.12451074999998,40.076477625],[120.1172546,40.076477625],[120.1172546,40.07430877777778]]]},"properties":{"cluster_id":664,"lat":40.07553001933387,"lon":120.12123521652305,"count":42,"type":"berth","distance_to_coast":3477.6669893514204,"inside_china_land":false}},{"type":"Feature","geometry":{"type":"Polygon","coordinates":[[[117.98291032183909,24.403029632183905],[117.98446031578946,24.403029632183905],[117.98446031578946,24.403551421052633],[117.98291032183909,24.403551421052633],[117.98291032183909,24.403029632183905]]]},"properties":{"cluster_id":665,"lat":24.403197721419396,"lon":117.9835163425143,"count":16,"type":"berth","distance_to_coast":1107.2308212280177,"inside_china_land":false}},{"type":"Feature","geometry":{"type":"Polygon","coordinates":[[[117.7523163076923,38.974157777777776],[117.75356564646465,38.974157777777776],[117.75356564646465,38.97461202325581],[117.7523163076923,38.97461202325581],[117.7523163076923,38.974157777777776]]]},"properties":{"cluster_id":666,"lat":38.9744233087618,"lon":117.75285413637344,"count":25,"type":"berth","distance_to_coast":1067.8948090481117,"inside_china_land":false}},{"type":"Feature","geometry":{"type":"Polygon","coordinates":[[[121.518545125,31.352249999999998],[121.51871654166666,31.352249999999998],[121.51871654166666,31.352471684210524],[121.518545125,31.352471684210524],[121.518545125,31.352249999999998]]]},"properties":{"cluster_id":667,"lat":31.35235495293672,"lon":121.51862172661411,"count":25,"type":"berth","distance_to_coast":3252.043902027576,"inside_china_land":true}},{"type":"Feature","geometry":{"type":"Polygon","coordinates":[[[119.42474627777779,34.745569278350516],[119.42495629896908,34.745569278350516],[119.42495629896908,34.74560927777778],[119.42474627777779,34.74560927777778],[119.42474627777779,34.745569278350516]]]},"properties":{"cluster_id":668,"lat":34.745589278064145,"lon":119.42485128837345,"count":2,"type":"berth","distance_to_coast":609.481648837894,"inside_china_land":true}},{"type":"Feature","geometry":{"type":"Polygon","coordinates":[[[119.32040888888888,32.18716444444445],[119.322333375,32.18716444444445],[119.322333375,32.187536125],[119.32040888888888,32.187536125],[119.32040888888888,32.18716444444445]]]},"properties":{"cluster_id":669,"lat":32.18741642577232,"lon":119.32148799081916,"count":14,"type":"berth","distance_to_coast":31701.879300005967,"inside_china_land":true}},{"type":"Feature","geometry":{"type":"Polygon","coordinates":[[[119.60575408771929,34.590126166666664],[119.60606175,34.590126166666664],[119.60606175,34.59032028947368],[119.60575408771929,34.59032028947368],[119.60575408771929,34.590126166666664]]]},"properties":{"cluster_id":670,"lat":34.590178133422086,"lon":119.60591081925128,"count":18,"type":"berth","distance_to_coast":2189.0055228435563,"inside_china_land":false}},{"type":"Feature","geometry":{"type":"Polygon","coordinates":[[[119.67661477464789,39.91377475],[119.6777,39.91377475],[119.6777,39.914662845070424],[119.67661477464789,39.914662845070424],[119.67661477464789,39.91377475]]]},"properties":{"cluster_id":673,"lat":39.91417624141951,"lon":119.6772192436642,"count":21,"type":"berth","distance_to_coast":2793.887823401391,"inside_china_land":false}},{"type":"Feature","geometry":{"type":"Polygon","coordinates":[[[120.68170782051283,31.993891666666666],[120.68175266666667,31.993891666666666],[120.68175266666667,31.9939655],[120.68170782051283,31.9939655],[120.68170782051283,31.993891666666666]]]},"properties":{"cluster_id":674,"lat":31.99393312602564,"lon":120.6817362241026,"count":5,"type":"berth","distance_to_coast":597.4709847543164,"inside_china_land":true}},{"type":"Feature","geometry":{"type":"Polygon","coordinates":[[[121.95026288888887,29.948317235294116],[121.95052024761904,29.948317235294116],[121.95052024761904,29.948407555555555],[121.95026288888887,29.948407555555555],[121.95026288888887,29.948317235294116]]]},"properties":{"cluster_id":675,"lat":29.948363413951263,"lon":121.95040902042436,"count":9,"type":"berth","distance_to_coast":149.3974429194238,"inside_china_land":false}},{"type":"Feature","geometry":{"type":"Polygon","coordinates":[[[110.49113537878787,21.07305543939394],[110.49320704761905,21.07305543939394],[110.49320704761905,21.073615928571428],[110.49113537878787,21.073615928571428],[110.49113537878787,21.07305543939394]]]},"properties":{"cluster_id":676,"lat":21.07340921247866,"lon":110.49221979838087,"count":11,"type":"berth","distance_to_coast":164.5191571077659,"inside_china_land":true}},{"type":"Feature","geometry":{"type":"Polygon","coordinates":[[[121.13736725,28.086567674418607],[121.13916604651163,28.086567674418607],[121.13916604651163,28.089279875],[121.13736725,28.089279875],[121.13736725,28.086567674418607]]]},"properties":{"cluster_id":678,"lat":28.087714213636698,"lon":121.1384965460754,"count":10,"type":"berth","distance_to_coast":197.8971507928893,"inside_china_land":false}},{"type":"Feature","geometry":{"type":"Polygon","coordinates":[[[121.14937931481481,31.690863928571428],[121.15006057142857,31.690863928571428],[121.15006057142857,31.691149962962964],[121.14937931481481,31.691149962962964],[121.14937931481481,31.690863928571428]]]},"properties":{"cluster_id":679,"lat":31.6909959533991,"lon":121.14966763693737,"count":7,"type":"berth","distance_to_coast":1015.3680490872888,"inside_china_land":false}},{"type":"Feature","geometry":{"type":"Polygon","coordinates":[[[119.03601766666667,39.21712875],[119.03704761904763,39.21712875],[119.03704761904763,39.21764390476191],[119.03601766666667,39.21764390476191],[119.03601766666667,39.21712875]]]},"properties":{"cluster_id":680,"lat":39.21734871077878,"lon":119.03645423101892,"count":12,"type":"berth","distance_to_coast":674.8705905949711,"inside_china_land":true}},{"type":"Feature","geometry":{"type":"Polygon","coordinates":[[[118.89078565384615,32.18618466666667],[118.89095369230768,32.18618466666667],[118.89095369230768,32.186292625],[118.89078565384615,32.186292625],[118.89078565384615,32.18618466666667]]]},"properties":{"cluster_id":681,"lat":32.18625569155841,"lon":118.89087208065187,"count":10,"type":"berth","distance_to_coast":79625.50524255441,"inside_china_land":true}},{"type":"Feature","geometry":{"type":"Polygon","coordinates":[[[118.45512787719298,38.97910434782609],[118.45532622222224,38.97910434782609],[118.45532622222224,38.979591163265304],[118.45512787719298,38.979591163265304],[118.45512787719298,38.97910434782609]]]},"properties":{"cluster_id":683,"lat":38.979284942636816,"lon":118.45521637699989,"count":9,"type":"berth","distance_to_coast":1689.6284027758306,"inside_china_land":false}},{"type":"Feature","geometry":{"type":"Polygon","coordinates":[[[119.42834575,32.267451083333334],[119.42869639999999,32.267451083333334],[119.42869639999999,32.267649454545456],[119.42834575,32.267649454545456],[119.42834575,32.267451083333334]]]},"properties":{"cluster_id":684,"lat":32.26757275813834,"lon":119.42860406023024,"count":9,"type":"berth","distance_to_coast":21831.631544205935,"inside_china_land":true}},{"type":"Feature","geometry":{"type":"Polygon","coordinates":[[[119.24903231395348,32.2036434375],[119.24916107228916,32.2036434375],[119.24916107228916,32.203727988372094],[119.24903231395348,32.203727988372094],[119.24903231395348,32.2036434375]]]},"properties":{"cluster_id":687,"lat":32.20368399752241,"lon":119.24909859124912,"count":5,"type":"berth","distance_to_coast":39745.48430757672,"inside_china_land":true}},{"type":"Feature","geometry":{"type":"Polygon","coordinates":[[[120.34767490624999,32.0009146875],[120.34912304761905,32.0009146875],[120.34912304761905,32.00179096491228],[120.34767490624999,32.00179096491228],[120.34767490624999,32.0009146875]]]},"properties":{"cluster_id":688,"lat":32.001487920465934,"lon":120.34860545506234,"count":8,"type":"berth","distance_to_coast":1154.9569915590869,"inside_china_land":false}},{"type":"Feature","geometry":{"type":"Polygon","coordinates":[[[121.59885044444445,31.36540111111111],[121.59908522222223,31.36540111111111],[121.59908522222223,31.36560978985507],[121.59885044444445,31.36560978985507],[121.59885044444445,31.36540111111111]]]},"properties":{"cluster_id":689,"lat":31.365514438869184,"lon":121.59899066154492,"count":10,"type":"berth","distance_to_coast":2185.024960463735,"inside_china_land":false}},{"type":"Feature","geometry":{"type":"Polygon","coordinates":[[[120.49486725999999,32.07587377777778],[120.49528159322034,32.07587377777778],[120.49528159322034,32.07613297368421],[120.49486725999999,32.07613297368421],[120.49486725999999,32.07587377777778]]]},"properties":{"cluster_id":690,"lat":32.07604231467921,"lon":120.49512088782896,"count":45,"type":"berth","distance_to_coast":844.950119993735,"inside_china_land":false}},{"type":"Feature","geometry":{"type":"Polygon","coordinates":[[[121.02088763736263,40.79225135],[121.02126213636365,40.79225135],[121.02126213636365,40.792323912087916],[121.02088763736263,40.792323912087916],[121.02088763736263,40.79225135]]]},"properties":{"cluster_id":691,"lat":40.792282756809854,"lon":121.02114279343157,"count":4,"type":"berth","distance_to_coast":3263.9808230677204,"inside_china_land":false}},{"type":"Feature","geometry":{"type":"Polygon","coordinates":[[[120.37172060526315,32.017040724137935],[120.37221766666666,32.017040724137935],[120.37221766666666,32.017194314814816],[120.37172060526315,32.017194314814816],[120.37172060526315,32.017040724137935]]]},"properties":{"cluster_id":692,"lat":32.017086509138984,"lon":120.3718452738509,"count":6,"type":"berth","distance_to_coast":1502.8374177972914,"inside_china_land":false}},{"type":"Feature","geometry":{"type":"Polygon","coordinates":[[[121.16325753846152,30.63317687179487],[121.16477125862069,30.63317687179487],[121.16477125862069,30.63411420689655],[121.16325753846152,30.63411420689655],[121.16325753846152,30.63317687179487]]]},"properties":{"cluster_id":693,"lat":30.63375058606153,"lon":121.16417354377212,"count":14,"type":"berth","distance_to_coast":616.1946526319824,"inside_china_land":false}},{"type":"Feature","geometry":{"type":"Polygon","coordinates":[[[117.77877475,38.968718513513515],[117.77900774545455,38.968718513513515],[117.77900774545455,38.96885],[117.77877475,38.96885],[117.77877475,38.968718513513515]]]},"properties":{"cluster_id":694,"lat":38.96878957038249,"lon":117.7789161496016,"count":9,"type":"berth","distance_to_coast":1803.2073160331663,"inside_china_land":false}},{"type":"Feature","geometry":{"type":"Polygon","coordinates":[[[120.95930249999999,31.771689400000003],[120.95981741935483,31.771689400000003],[120.95981741935483,31.771894352941178],[120.95930249999999,31.771894352941178],[120.95930249999999,31.771689400000003]]]},"properties":{"cluster_id":695,"lat":31.771736512066298,"lon":120.95959916297468,"count":15,"type":"berth","distance_to_coast":2055.1584891332877,"inside_china_land":false}},{"type":"Feature","geometry":{"type":"Polygon","coordinates":[[[120.15695275757577,31.92618430769231],[120.15831745238096,31.92618430769231],[120.15831745238096,31.926386818181815],[120.15695275757577,31.926386818181815],[120.15695275757577,31.92618430769231]]]},"properties":{"cluster_id":696,"lat":31.926286762901263,"lon":120.15796488591384,"count":10,"type":"berth","distance_to_coast":1681.0365859006606,"inside_china_land":false}},{"type":"Feature","geometry":{"type":"Polygon","coordinates":[[[120.76760457446808,32.017191574468086],[120.76793628571428,32.017191574468086],[120.76793628571428,32.01732315384616],[120.76760457446808,32.01732315384616],[120.76760457446808,32.017191574468086]]]},"properties":{"cluster_id":697,"lat":32.017280732373315,"lon":120.76775408699248,"count":8,"type":"berth","distance_to_coast":1781.533877159305,"inside_china_land":false}},{"type":"Feature","geometry":{"type":"Polygon","coordinates":[[[120.68607099999998,31.994348499999997],[120.68611186666666,31.994348499999997],[120.68611186666666,31.994376233333334],[120.68607099999998,31.994376233333334],[120.68607099999998,31.994348499999997]]]},"properties":{"cluster_id":698,"lat":31.994363765811965,"lon":120.68609622905984,"count":3,"type":"berth","distance_to_coast":523.4749346350769,"inside_china_land":true}},{"type":"Feature","geometry":{"type":"Polygon","coordinates":[[[119.2468546849315,32.20482446296297],[119.2470935,32.20482446296297],[119.2470935,32.20494319178082],[119.2468546849315,32.20494319178082],[119.2468546849315,32.20482446296297]]]},"properties":{"cluster_id":699,"lat":32.204849803024786,"lon":119.24702596222278,"count":16,"type":"berth","distance_to_coast":39979.8557748872,"inside_china_land":true}},{"type":"Feature","geometry":{"type":"Polygon","coordinates":[[[120.37337825,32.018177673913044],[120.37359927906977,32.018177673913044],[120.37359927906977,32.01829083333334],[120.37337825,32.01829083333334],[120.37337825,32.018177673913044]]]},"properties":{"cluster_id":700,"lat":32.018236695550755,"lon":120.3734948887564,"count":5,"type":"berth","distance_to_coast":1447.492031050638,"inside_china_land":false}},{"type":"Feature","geometry":{"type":"Polygon","coordinates":[[[108.59095540000001,21.71144388235294],[108.59242802941176,21.71144388235294],[108.59242802941176,21.7129954],[108.59095540000001,21.7129954],[108.59095540000001,21.71144388235294]]]},"properties":{"cluster_id":702,"lat":21.71227713937621,"lon":108.59175780061146,"count":14,"type":"berth","distance_to_coast":3357.4606333235,"inside_china_land":false}},{"type":"Feature","geometry":{"type":"Polygon","coordinates":[[[118.455003,38.983579750000004],[118.455320625,38.983579750000004],[118.455320625,38.984668400000004],[118.455003,38.984668400000004],[118.455003,38.983579750000004]]]},"properties":{"cluster_id":703,"lat":38.98432108812726,"lon":118.45517857362712,"count":35,"type":"berth","distance_to_coast":1674.7085841509977,"inside_china_land":false}},{"type":"Feature","geometry":{"type":"Polygon","coordinates":[[[120.68323283168316,31.994131257425742],[120.68328715116279,31.994131257425742],[120.68328715116279,31.994141616279073],[120.68323283168316,31.994141616279073],[120.68323283168316,31.994131257425742]]]},"properties":{"cluster_id":704,"lat":31.994136436852408,"lon":120.68325999142296,"count":2,"type":"berth","distance_to_coast":564.6834578067004,"inside_china_land":true}},{"type":"Feature","geometry":{"type":"Polygon","coordinates":[[[122.067763375,29.890993692307692],[122.0694126451613,29.890993692307692],[122.0694126451613,29.891608739130433],[122.067763375,29.891608739130433],[122.067763375,29.890993692307692]]]},"properties":{"cluster_id":705,"lat":29.89143258995425,"lon":122.06902793401376,"count":45,"type":"berth","distance_to_coast":128.4372405995433,"inside_china_land":false}},{"type":"Feature","geometry":{"type":"Polygon","coordinates":[[[121.06367580000001,40.80676451724138],[121.06505289655173,40.80676451724138],[121.06505289655173,40.8083599],[121.06367580000001,40.8083599],[121.06367580000001,40.80676451724138]]]},"properties":{"cluster_id":706,"lat":40.807352268005545,"lon":121.06449894469188,"count":15,"type":"berth","distance_to_coast":348.4147909715442,"inside_china_land":true}},{"type":"Feature","geometry":{"type":"Polygon","coordinates":[[[113.66885296296296,22.739191333333334],[113.66906686666665,22.739191333333334],[113.66906686666665,22.739363666666666],[113.66885296296296,22.739363666666666],[113.66885296296296,22.739191333333334]]]},"properties":{"cluster_id":707,"lat":22.739246308892486,"lon":113.66899146751516,"count":7,"type":"berth","distance_to_coast":996.9075272589076,"inside_china_land":false}},{"type":"Feature","geometry":{"type":"Polygon","coordinates":[[[119.67114045652174,39.933010821839076],[119.67150277777779,39.933010821839076],[119.67150277777779,39.933319499999996],[119.67114045652174,39.933319499999996],[119.67114045652174,39.933010821839076]]]},"properties":{"cluster_id":708,"lat":39.933196464903446,"lon":119.67136398852816,"count":23,"type":"berth","distance_to_coast":2.049754153805069,"inside_china_land":true}},{"type":"Feature","geometry":{"type":"Polygon","coordinates":[[[116.52674626315789,22.982916071428573],[116.52766971428571,22.982916071428573],[116.52766971428571,22.9840791],[116.52674626315789,22.9840791],[116.52674626315789,22.982916071428573]]]},"properties":{"cluster_id":709,"lat":22.983465369201433,"lon":116.52703324333186,"count":5,"type":"berth","distance_to_coast":749.5619835792455,"inside_china_land":false}},{"type":"Feature","geometry":{"type":"Polygon","coordinates":[[[116.53383129411765,22.969943444444443],[116.53407622222221,22.969943444444443],[116.53407622222221,22.970022058823528],[116.53383129411765,22.970022058823528],[116.53383129411765,22.969943444444443]]]},"properties":{"cluster_id":710,"lat":22.969982751633985,"lon":116.53395375816991,"count":2,"type":"berth","distance_to_coast":1682.8567852184394,"inside_china_land":false}},{"type":"Feature","geometry":{"type":"Polygon","coordinates":[[[119.6573292,26.883864199999998],[119.65778257142858,26.883864199999998],[119.65778257142858,26.884882937500002],[119.6573292,26.884882937500002],[119.6573292,26.883864199999998]]]},"properties":{"cluster_id":711,"lat":26.88411021657192,"lon":119.65762045615745,"count":20,"type":"berth","distance_to_coast":9183.13218452311,"inside_china_land":true}},{"type":"Feature","geometry":{"type":"Polygon","coordinates":[[[119.65947316666666,26.886011675675675],[119.6595574,26.886011675675675],[119.6595574,26.886206923076923],[119.65947316666666,26.886206923076923],[119.65947316666666,26.886011675675675]]]},"properties":{"cluster_id":712,"lat":26.886128137371948,"lon":119.6595075920866,"count":8,"type":"berth","distance_to_coast":9327.686515002995,"inside_china_land":true}},{"type":"Feature","geometry":{"type":"Polygon","coordinates":[[[120.38569445454546,27.18204675],[120.38699005000001,27.18204675],[120.38699005000001,27.183957823529415],[120.38569445454546,27.183957823529415],[120.38569445454546,27.18204675]]]},"properties":{"cluster_id":713,"lat":27.183104028742715,"lon":120.38639752782812,"count":32,"type":"berth","distance_to_coast":402.6790567129714,"inside_china_land":false}},{"type":"Feature","geometry":{"type":"Polygon","coordinates":[[[113.02898863636364,22.448311166666667],[113.02989738888888,22.448311166666667],[113.02989738888888,22.448439909090908],[113.02898863636364,22.448439909090908],[113.02898863636364,22.448311166666667]]]},"properties":{"cluster_id":714,"lat":22.44837553787879,"lon":113.02944301262626,"count":2,"type":"berth","distance_to_coast":15300.628502620202,"inside_china_land":true}},{"type":"Feature","geometry":{"type":"Polygon","coordinates":[[[108.62512381481481,19.10391407142857],[108.62526139393938,19.10391407142857],[108.62526139393938,19.1042292],[108.62512381481481,19.1042292],[108.62512381481481,19.10391407142857]]]},"properties":{"cluster_id":715,"lat":19.10407483865797,"lon":108.6251920926483,"count":13,"type":"berth","distance_to_coast":405.9679416803354,"inside_china_land":true}},{"type":"Feature","geometry":{"type":"Polygon","coordinates":[[[118.473020375,31.765406090909092],[118.4736789090909,31.765406090909092],[118.4736789090909,31.767241000000002],[118.473020375,31.767241000000002],[118.473020375,31.765406090909092]]]},"properties":{"cluster_id":716,"lat":31.766341551136364,"lon":118.47334424621214,"count":3,"type":"berth","distance_to_coast":138175.92010216633,"inside_china_land":true}},{"type":"Feature","geometry":{"type":"Polygon","coordinates":[[[118.46592454545454,31.755937727272727],[118.46596263636364,31.755937727272727],[118.46596263636364,31.75610218181818],[118.46592454545454,31.75610218181818],[118.46592454545454,31.755937727272727]]]},"properties":{"cluster_id":717,"lat":31.75601995454545,"lon":118.46594359090908,"count":2,"type":"berth","distance_to_coast":139483.2572116921,"inside_china_land":true}},{"type":"Feature","geometry":{"type":"Polygon","coordinates":[[[118.21488845454546,31.290141818181816],[118.216035,31.290141818181816],[118.216035,31.290225],[118.21488845454546,31.290225],[118.21488845454546,31.290141818181816]]]},"properties":{"cluster_id":718,"lat":31.290183409090908,"lon":118.21546172727273,"count":2,"type":"berth","distance_to_coast":195067.92681463916,"inside_china_land":true}},{"type":"Feature","geometry":{"type":"Polygon","coordinates":[[[113.54151014285715,22.982313016260164],[113.54204717479675,22.982313016260164],[113.54204717479675,22.983506000000002],[113.54151014285715,22.983506000000002],[113.54151014285715,22.982313016260164]]]},"properties":{"cluster_id":720,"lat":22.98308767208672,"lon":113.54170815350368,"count":3,"type":"berth","distance_to_coast":416.0454636078244,"inside_china_land":false}},{"type":"Feature","geometry":{"type":"Polygon","coordinates":[[[121.380329,37.56769416666667],[121.38200364102565,37.56769416666667],[121.38200364102565,37.56788860240964],[121.380329,37.56788860240964],[121.380329,37.56769416666667]]]},"properties":{"cluster_id":722,"lat":37.56777971296894,"lon":121.38094745089953,"count":10,"type":"berth","distance_to_coast":79.27261876447736,"inside_china_land":true}},{"type":"Feature","geometry":{"type":"Polygon","coordinates":[[[119.65045752380952,26.887312619047616],[119.6505295106383,26.887312619047616],[119.6505295106383,26.887378829787234],[119.65045752380952,26.887378829787234],[119.65045752380952,26.887312619047616]]]},"properties":{"cluster_id":723,"lat":26.88734574973716,"lon":119.6505050572928,"count":11,"type":"berth","distance_to_coast":9898.395498400456,"inside_china_land":true}},{"type":"Feature","geometry":{"type":"Polygon","coordinates":[[[121.47580788235294,31.043381722222225],[121.47643,31.043381722222225],[121.47643,31.044503249999998],[121.47580788235294,31.044503249999998],[121.47580788235294,31.043381722222225]]]},"properties":{"cluster_id":724,"lat":31.044169045018613,"lon":121.47599507297237,"count":14,"type":"berth","distance_to_coast":30469.391550530258,"inside_china_land":true}},{"type":"Feature","geometry":{"type":"Polygon","coordinates":[[[122.658621,37.4222096],[122.66019079487181,37.4222096],[122.66019079487181,37.4225804],[122.658621,37.4225804],[122.658621,37.4222096]]]},"properties":{"cluster_id":725,"lat":37.422421631412625,"lon":122.6593643824392,"count":13,"type":"berth","distance_to_coast":1098.1130150937254,"inside_china_land":false}},{"type":"Feature","geometry":{"type":"Polygon","coordinates":[[[120.23008407692308,31.942270538461536],[120.23166690000001,31.942270538461536],[120.23166690000001,31.94286245],[120.23008407692308,31.94286245],[120.23008407692308,31.942270538461536]]]},"properties":{"cluster_id":726,"lat":31.942678470106532,"lon":120.23076784977911,"count":6,"type":"berth","distance_to_coast":489.6106195161024,"inside_china_land":true}},{"type":"Feature","geometry":{"type":"Polygon","coordinates":[[[110.40308227777777,21.167591666666667],[110.4035543902439,21.167591666666667],[110.4035543902439,21.168810170731707],[110.40308227777777,21.168810170731707],[110.40308227777777,21.167591666666667]]]},"properties":{"cluster_id":727,"lat":21.167941435311132,"lon":110.40322602277465,"count":4,"type":"berth","distance_to_coast":745.1432646130943,"inside_china_land":false}},{"type":"Feature","geometry":{"type":"Polygon","coordinates":[[[113.52543732558138,23.019288000000003],[113.52593878181818,23.019288000000003],[113.52593878181818,23.020342581395347],[113.52543732558138,23.020342581395347],[113.52543732558138,23.019288000000003]]]},"properties":{"cluster_id":728,"lat":23.01966495870331,"lon":113.52576743481325,"count":5,"type":"berth","distance_to_coast":321.9970586836147,"inside_china_land":false}},{"type":"Feature","geometry":{"type":"Polygon","coordinates":[[[117.12174569444444,23.56286015957447],[117.12199779787234,23.56286015957447],[117.12199779787234,23.56287852777778],[117.12174569444444,23.56287852777778],[117.12174569444444,23.56286015957447]]]},"properties":{"cluster_id":729,"lat":23.562869343676127,"lon":117.1218717461584,"count":2,"type":"berth","distance_to_coast":541.0446604601517,"inside_china_land":false}},{"type":"Feature","geometry":{"type":"Polygon","coordinates":[[[113.076546875,22.374753893617022],[113.07676946236559,22.374753893617022],[113.07676946236559,22.3766285483871],[113.076546875,22.3766285483871],[113.076546875,22.374753893617022]]]},"properties":{"cluster_id":731,"lat":22.375544211844325,"lon":113.07666097690158,"count":5,"type":"berth","distance_to_coast":15891.186002879393,"inside_china_land":true}},{"type":"Feature","geometry":{"type":"Polygon","coordinates":[[[121.47500445714286,32.1229264893617],[121.47504587234043,32.1229264893617],[121.47504587234043,32.123070608695656],[121.47500445714286,32.123070608695656],[121.47500445714286,32.1229264893617]]]},"properties":{"cluster_id":732,"lat":32.122977432685786,"lon":121.47503010982776,"count":3,"type":"berth","distance_to_coast":496.7742811255519,"inside_china_land":false}},{"type":"Feature","geometry":{"type":"Polygon","coordinates":[[[118.7391531818182,24.7191075],[118.739507,24.7191075],[118.739507,24.719552615384618],[118.7391531818182,24.719552615384618],[118.7391531818182,24.7191075]]]},"properties":{"cluster_id":733,"lat":24.719375863510898,"lon":118.7392872290021,"count":6,"type":"berth","distance_to_coast":98.62657955723738,"inside_china_land":true}},{"type":"Feature","geometry":{"type":"Polygon","coordinates":[[[120.1686678888889,31.923256095238095],[120.16907784615385,31.923256095238095],[120.16907784615385,31.923321571428573],[120.1686678888889,31.923321571428573],[120.1686678888889,31.923256095238095]]]},"properties":{"cluster_id":734,"lat":31.92329507369248,"lon":120.16880002252604,"count":8,"type":"berth","distance_to_coast":1862.8645348320076,"inside_china_land":false}},{"type":"Feature","geometry":{"type":"Polygon","coordinates":[[[113.56667764102563,22.923834636363637],[113.56688511042944,22.923834636363637],[113.56688511042944,22.924770625],[113.56667764102563,22.924770625],[113.56667764102563,22.923834636363637]]]},"properties":{"cluster_id":735,"lat":22.92430910589221,"lon":113.56677064293206,"count":8,"type":"berth","distance_to_coast":1851.0483289524009,"inside_china_land":false}},{"type":"Feature","geometry":{"type":"Polygon","coordinates":[[[117.98341918181818,24.451979499999997],[117.98398630208334,24.451979499999997],[117.98398630208334,24.452173737373737],[117.98341918181818,24.452173737373737],[117.98341918181818,24.451979499999997]]]},"properties":{"cluster_id":736,"lat":24.452076618686867,"lon":117.98370274195076,"count":2,"type":"berth","distance_to_coast":45.169662615756344,"inside_china_land":true}},{"type":"Feature","geometry":{"type":"Polygon","coordinates":[[[119.3992484137931,35.208284],[119.40300597014925,35.208284],[119.40300597014925,35.20846765625],[119.3992484137931,35.20846765625],[119.3992484137931,35.208284]]]},"properties":{"cluster_id":738,"lat":35.20841399182746,"lon":119.40180394730596,"count":24,"type":"berth","distance_to_coast":1396.6139437443,"inside_china_land":false}},{"type":"Feature","geometry":{"type":"Polygon","coordinates":[[[113.90254843421053,22.47031891275168],[113.90356143373494,22.47031891275168],[113.90356143373494,22.471506934210527],[113.90254843421053,22.471506934210527],[113.90254843421053,22.47031891275168]]]},"properties":{"cluster_id":739,"lat":22.470635778614383,"lon":113.90327998033943,"count":5,"type":"berth","distance_to_coast":87.03222312317264,"inside_china_land":true}},{"type":"Feature","geometry":{"type":"Polygon","coordinates":[[[121.11246905714286,28.186421885714285],[121.11290456818182,28.186421885714285],[121.11290456818182,28.18725847727273],[121.11246905714286,28.18725847727273],[121.11246905714286,28.186421885714285]]]},"properties":{"cluster_id":740,"lat":28.18700338241342,"lon":121.11276744554684,"count":4,"type":"berth","distance_to_coast":1096.831048047753,"inside_china_land":false}},{"type":"Feature","geometry":{"type":"Polygon","coordinates":[[[121.8482079090909,38.949896],[121.848253,38.949896],[121.848253,38.94992990909091],[121.8482079090909,38.94992990909091],[121.8482079090909,38.949896]]]},"properties":{"cluster_id":741,"lat":38.949912954545454,"lon":121.84823045454544,"count":2,"type":"berth","distance_to_coast":285.55677078884713,"inside_china_land":true}},{"type":"Feature","geometry":{"type":"Polygon","coordinates":[[[120.37120030909092,31.96556160909091],[120.37278790697674,31.96556160909091],[120.37278790697674,31.96622881395349],[120.37120030909092,31.96622881395349],[120.37120030909092,31.96556160909091]]]},"properties":{"cluster_id":748,"lat":31.966032578614634,"lon":120.37207211777954,"count":4,"type":"berth","distance_to_coast":560.182249316216,"inside_china_land":false}},{"type":"Feature","geometry":{"type":"Polygon","coordinates":[[[122.95580167307692,39.60370433333333],[122.96093746875,39.60370433333333],[122.96093746875,39.6043775],[122.95580167307692,39.6043775],[122.95580167307692,39.60370433333333]]]},"properties":{"cluster_id":751,"lat":39.60427671054784,"lon":122.95813715983093,"count":42,"type":"berth","distance_to_coast":1252.952609845382,"inside_china_land":false}},{"type":"Feature","geometry":{"type":"Polygon","coordinates":[[[120.62650484883721,31.989331007692307],[120.62676825925926,31.989331007692307],[120.62676825925926,31.989437509259258],[120.62650484883721,31.989437509259258],[120.62650484883721,31.989331007692307]]]},"properties":{"cluster_id":752,"lat":31.989397152937343,"lon":120.62664466936548,"count":3,"type":"berth","distance_to_coast":593.9921883702231,"inside_china_land":true}},{"type":"Feature","geometry":{"type":"Polygon","coordinates":[[[120.18955378048781,36.00008690243902],[120.18975991666667,36.00008690243902],[120.18975991666667,36.00025673333334],[120.18955378048781,36.00025673333334],[120.18955378048781,36.00008690243902]]]},"properties":{"cluster_id":753,"lat":36.00014506763066,"lon":120.18968953432886,"count":5,"type":"berth","distance_to_coast":1768.4235586548566,"inside_china_land":false}},{"type":"Feature","geometry":{"type":"Polygon","coordinates":[[[121.52800493055555,31.347126142857142],[121.52927505454547,31.347126142857142],[121.52927505454547,31.347988452380953],[121.52800493055555,31.347988452380953],[121.52800493055555,31.347126142857142]]]},"properties":{"cluster_id":757,"lat":31.34760390556394,"lon":121.5289189657837,"count":39,"type":"berth","distance_to_coast":3084.680952591359,"inside_china_land":true}},{"type":"Feature","geometry":{"type":"Polygon","coordinates":[[[120.64588817933131,31.989683953703704],[120.64614253741496,31.989683953703704],[120.64614253741496,31.989719707482994],[120.64588817933131,31.989719707482994],[120.64588817933131,31.989683953703704]]]},"properties":{"cluster_id":766,"lat":31.98969950990493,"lon":120.64607758518952,"count":9,"type":"berth","distance_to_coast":839.4266245002283,"inside_china_land":true}},{"type":"Feature","geometry":{"type":"Polygon","coordinates":[[[122.20014878571429,30.1128801875],[122.20145433333333,30.1128801875],[122.20145433333333,30.11310342857143],[122.20014878571429,30.11310342857143],[122.20014878571429,30.1128801875]]]},"properties":{"cluster_id":767,"lat":30.11296207193224,"lon":122.20092536309016,"count":5,"type":"berth","distance_to_coast":1715.4886803836928,"inside_china_land":false}},{"type":"Feature","geometry":{"type":"Polygon","coordinates":[[[121.41768425641025,30.742820910256413],[121.41779675000001,30.742820910256413],[121.41779675000001,30.74291801190476],[121.41768425641025,30.74291801190476],[121.41768425641025,30.742820910256413]]]},"properties":{"cluster_id":769,"lat":30.74286381259539,"lon":121.41774087192842,"count":3,"type":"berth","distance_to_coast":2770.0820697519835,"inside_china_land":false}},{"type":"Feature","geometry":{"type":"Polygon","coordinates":[[[117.78112772222224,38.96825111111111],[117.78210329310345,38.96825111111111],[117.78210329310345,38.96841754545455],[117.78112772222224,38.96841754545455],[117.78112772222224,38.96825111111111]]]},"properties":{"cluster_id":770,"lat":38.968338064621406,"lon":117.781649006564,"count":9,"type":"berth","distance_to_coast":1955.19563354733,"inside_china_land":false}},{"type":"Feature","geometry":{"type":"Polygon","coordinates":[[[121.98166288,30.0406929375],[121.98221828125,30.0406929375],[121.98221828125,30.041093542553195],[121.98166288,30.041093542553195],[121.98166288,30.0406929375]]]},"properties":{"cluster_id":772,"lat":30.04095082375002,"lon":121.98204319308708,"count":7,"type":"berth","distance_to_coast":593.2082158275288,"inside_china_land":false}},{"type":"Feature","geometry":{"type":"Polygon","coordinates":[[[113.54482382692308,22.97493857894737],[113.5451627236842,22.97493857894737],[113.5451627236842,22.975553826923075],[113.54482382692308,22.975553826923075],[113.54482382692308,22.97493857894737]]]},"properties":{"cluster_id":773,"lat":22.97523571404473,"lon":113.54498750588009,"count":3,"type":"berth","distance_to_coast":1390.4094388275355,"inside_china_land":false}},{"type":"Feature","geometry":{"type":"Polygon","coordinates":[[[118.97910525,25.172234500000002],[118.9795735,25.172234500000002],[118.9795735,25.1734037],[118.97910525,25.1734037],[118.97910525,25.172234500000002]]]},"properties":{"cluster_id":774,"lat":25.17249155784049,"lon":118.97928442702464,"count":11,"type":"berth","distance_to_coast":763.2434203548205,"inside_china_land":false}},{"type":"Feature","geometry":{"type":"Polygon","coordinates":[[[116.38342376086958,23.52482113385827],[116.3835986972477,23.52482113385827],[116.3835986972477,23.524912869565217],[116.38342376086958,23.524912869565217],[116.38342376086958,23.52482113385827]]]},"properties":{"cluster_id":775,"lat":23.524864780957675,"lon":116.38351206346692,"count":3,"type":"berth","distance_to_coast":20208.177152340388,"inside_china_land":true}},{"type":"Feature","geometry":{"type":"Polygon","coordinates":[[[121.73126663157893,29.969548315789474],[121.7327822264151,29.969548315789474],[121.7327822264151,29.970616918918918],[121.73126663157893,29.970616918918918],[121.73126663157893,29.969548315789474]]]},"properties":{"cluster_id":778,"lat":29.969804957308867,"lon":121.73155763806056,"count":46,"type":"berth","distance_to_coast":426.1456094855018,"inside_china_land":false}},{"type":"Feature","geometry":{"type":"Polygon","coordinates":[[[113.0658007368421,22.3079053],[113.066122,22.3079053],[113.066122,22.308414956521737],[113.0658007368421,22.308414956521737],[113.0658007368421,22.3079053]]]},"properties":{"cluster_id":783,"lat":22.30808142808266,"lon":113.06595902562928,"count":5,"type":"berth","distance_to_coast":11778.51962600205,"inside_china_land":true}},{"type":"Feature","geometry":{"type":"Polygon","coordinates":[[[113.09656403921569,22.177595888888888],[113.09683988888888,22.177595888888888],[113.09683988888888,22.17771268627451],[113.09656403921569,22.17771268627451],[113.09656403921569,22.177595888888888]]]},"properties":{"cluster_id":784,"lat":22.1776542875817,"lon":113.09670196405229,"count":2,"type":"berth","distance_to_coast":1713.4924672690772,"inside_china_land":false}},{"type":"Feature","geometry":{"type":"Polygon","coordinates":[[[111.82148684210527,21.690209759259258],[111.82155007407408,21.690209759259258],[111.82155007407408,21.690561736842106],[111.82148684210527,21.690561736842106],[111.82148684210527,21.690209759259258]]]},"properties":{"cluster_id":785,"lat":21.69038574805068,"lon":111.82151845808968,"count":2,"type":"berth","distance_to_coast":1820.471451712914,"inside_china_land":false}},{"type":"Feature","geometry":{"type":"Polygon","coordinates":[[[113.0977765263158,22.209628000000002],[113.09779942857143,22.209628000000002],[113.09779942857143,22.209671421052633],[113.0977765263158,22.209671421052633],[113.0977765263158,22.209628000000002]]]},"properties":{"cluster_id":787,"lat":22.20964971052632,"lon":113.09778797744362,"count":2,"type":"berth","distance_to_coast":407.0321182572302,"inside_china_land":false}},{"type":"Feature","geometry":{"type":"Polygon","coordinates":[[[116.50181016666666,23.44242111111111],[116.50272344444446,23.44242111111111],[116.50272344444446,23.442609333333333],[116.50181016666666,23.442609333333333],[116.50181016666666,23.44242111111111]]]},"properties":{"cluster_id":788,"lat":23.44251522222222,"lon":116.50226680555556,"count":2,"type":"berth","distance_to_coast":3728.814257750018,"inside_china_land":true}},{"type":"Feature","geometry":{"type":"Polygon","coordinates":[[[108.38740459259259,21.60016111111111],[108.3876582857143,21.60016111111111],[108.3876582857143,21.60069411904762],[108.38740459259259,21.60069411904762],[108.38740459259259,21.60016111111111]]]},"properties":{"cluster_id":790,"lat":21.600466204924704,"lon":108.38750265174332,"count":3,"type":"berth","distance_to_coast":703.4453763053923,"inside_china_land":false}},{"type":"Feature","geometry":{"type":"Polygon","coordinates":[[[119.37348511111112,35.088438555555555],[119.37355928070174,35.088438555555555],[119.37355928070174,35.08874219444445],[119.37348511111112,35.08874219444445],[119.37348511111112,35.088438555555555]]]},"properties":{"cluster_id":791,"lat":35.08855020906433,"lon":119.37351207504874,"count":3,"type":"berth","distance_to_coast":2082.8514133009235,"inside_china_land":false}},{"type":"Feature","geometry":{"type":"Polygon","coordinates":[[[113.87807265,22.4767286],[113.878183,22.4767286],[113.878183,22.477025333333334],[113.87807265,22.477025333333334],[113.87807265,22.4767286]]]},"properties":{"cluster_id":794,"lat":22.476876966666666,"lon":113.878127825,"count":2,"type":"berth","distance_to_coast":122.09552050636718,"inside_china_land":true}},{"type":"Feature","geometry":{"type":"Polygon","coordinates":[[[121.55530287500001,31.320965967741934],[121.55542051612902,31.320965967741934],[121.55542051612902,31.321172133333334],[121.55530287500001,31.321172133333334],[121.55530287500001,31.320965967741934]]]},"properties":{"cluster_id":796,"lat":31.3210355609342,"lon":121.55534155450358,"count":6,"type":"berth","distance_to_coast":5034.694529197659,"inside_china_land":true}},{"type":"Feature","geometry":{"type":"Polygon","coordinates":[[[121.81295554545454,38.96416372727273],[121.81418465853659,38.96416372727273],[121.81418465853659,38.96520295121952],[121.81295554545454,38.96520295121952],[121.81295554545454,38.96416372727273]]]},"properties":{"cluster_id":799,"lat":38.96469855694169,"lon":121.81357866863608,"count":5,"type":"berth","distance_to_coast":716.0362815133835,"inside_china_land":false}},{"type":"Feature","geometry":{"type":"Polygon","coordinates":[[[121.434645,28.69981747368421],[121.4347421,28.69981747368421],[121.4347421,28.699926416666667],[121.434645,28.699926416666667],[121.434645,28.69981747368421]]]},"properties":{"cluster_id":804,"lat":28.699882836833368,"lon":121.43469751392207,"count":9,"type":"berth","distance_to_coast":715.0110215269339,"inside_china_land":false}},{"type":"Feature","geometry":{"type":"Polygon","coordinates":[[[121.64271502597404,29.046818360759495],[121.64353470253164,29.046818360759495],[121.64353470253164,29.04764042105263],[121.64271502597404,29.04764042105263],[121.64271502597404,29.046818360759495]]]},"properties":{"cluster_id":805,"lat":29.047299714154633,"lon":121.6429024786836,"count":5,"type":"berth","distance_to_coast":350.06409188117414,"inside_china_land":true}},{"type":"Feature","geometry":{"type":"Polygon","coordinates":[[[121.47543057407408,32.12450735714286],[121.47554639285714,32.12450735714286],[121.47554639285714,32.12460262962963],[121.47543057407408,32.12460262962963],[121.47543057407408,32.12450735714286]]]},"properties":{"cluster_id":806,"lat":32.12457217128258,"lon":121.47548047901084,"count":6,"type":"berth","distance_to_coast":707.8829755080128,"inside_china_land":false}},{"type":"Feature","geometry":{"type":"Polygon","coordinates":[[[122.39096939999999,30.390093333333336],[122.39161333333334,30.390093333333336],[122.39161333333334,30.3910584],[122.39096939999999,30.3910584],[122.39096939999999,30.390093333333336]]]},"properties":{"cluster_id":808,"lat":30.390575866666666,"lon":122.39129136666666,"count":2,"type":"berth","distance_to_coast":3892.0675644750568,"inside_china_land":false}},{"type":"Feature","geometry":{"type":"Polygon","coordinates":[[[121.440511625,31.0101245],[121.4427308,31.0101245],[121.4427308,31.010878944827585],[121.440511625,31.010878944827585],[121.440511625,31.0101245]]]},"properties":{"cluster_id":809,"lat":31.01060763289583,"lon":121.44145983322694,"count":41,"type":"berth","distance_to_coast":27600.08119789749,"inside_china_land":true}},{"type":"Feature","geometry":{"type":"Polygon","coordinates":[[[122.4443905,36.87170212],[122.4492399019608,36.87170212],[122.4492399019608,36.873716473684205],[122.4443905,36.873716473684205],[122.4443905,36.87170212]]]},"properties":{"cluster_id":812,"lat":36.872573424923914,"lon":122.4471287512076,"count":68,"type":"berth","distance_to_coast":1219.7979849196226,"inside_china_land":false}},{"type":"Feature","geometry":{"type":"Polygon","coordinates":[[[119.28594688888887,32.19670189705882],[119.28862499999998,32.19670189705882],[119.28862499999998,32.19810944444444],[119.28594688888887,32.19810944444444],[119.28594688888887,32.19670189705882]]]},"properties":{"cluster_id":813,"lat":32.19742603387449,"lon":119.2873986989309,"count":7,"type":"berth","distance_to_coast":35472.052875471054,"inside_china_land":true}},{"type":"Feature","geometry":{"type":"Polygon","coordinates":[[[120.62991321428571,37.790231375],[120.63454970967742,37.790231375],[120.63454970967742,37.79044947368421],[120.62991321428571,37.79044947368421],[120.62991321428571,37.790231375]]]},"properties":{"cluster_id":817,"lat":37.79034116868485,"lon":120.63235698674934,"count":32,"type":"berth","distance_to_coast":288.96302379118237,"inside_china_land":false}},{"type":"Feature","geometry":{"type":"Polygon","coordinates":[[[121.89401807692308,30.06809969230769],[121.89427,30.06809969230769],[121.89427,30.068353096774196],[121.89401807692308,30.068353096774196],[121.89401807692308,30.06809969230769]]]},"properties":{"cluster_id":819,"lat":30.068247625221705,"lon":121.89413611175678,"count":12,"type":"berth","distance_to_coast":1143.1459816882766,"inside_china_land":false}},{"type":"Feature","geometry":{"type":"Polygon","coordinates":[[[119.6923904,32.248756300000004],[119.6927544117647,32.248756300000004],[119.6927544117647,32.249214699999996],[119.6923904,32.249214699999996],[119.6923904,32.248756300000004]]]},"properties":{"cluster_id":820,"lat":32.249007399823306,"lon":119.69263767287016,"count":24,"type":"berth","distance_to_coast":1815.6897401196145,"inside_china_land":false}},{"type":"Feature","geometry":{"type":"Polygon","coordinates":[[[120.2077893625,31.92471004],[120.20792648076923,31.92471004],[120.20792648076923,31.92479965],[120.2077893625,31.92479965],[120.2077893625,31.92471004]]]},"properties":{"cluster_id":821,"lat":31.92477491296803,"lon":120.20784564438004,"count":11,"type":"berth","distance_to_coast":1574.7874070915104,"inside_china_land":false}},{"type":"Feature","geometry":{"type":"Polygon","coordinates":[[[119.40514,34.74976951612903],[119.4053034032258,34.74976951612903],[119.4053034032258,34.74984970212766],[119.40514,34.74984970212766],[119.40514,34.74976951612903]]]},"properties":{"cluster_id":822,"lat":34.74980960912835,"lon":119.4052217016129,"count":2,"type":"berth","distance_to_coast":155.57745048452966,"inside_china_land":true}},{"type":"Feature","geometry":{"type":"Polygon","coordinates":[[[120.02481268811881,40.05364413861386],[120.025172,40.05364413861386],[120.025172,40.05374688118812],[120.02481268811881,40.05374688118812],[120.02481268811881,40.05364413861386]]]},"properties":{"cluster_id":823,"lat":40.05372064560195,"lon":120.02507811024516,"count":15,"type":"berth","distance_to_coast":3051.9304096942515,"inside_china_land":false}},{"type":"Feature","geometry":{"type":"Polygon","coordinates":[[[119.64542714285713,39.92024698473282],[119.64551059541985,39.92024698473282],[119.64551059541985,39.92037131372549],[119.64542714285713,39.92037131372549],[119.64542714285713,39.92024698473282]]]},"properties":{"cluster_id":824,"lat":39.92031125246229,"lon":119.64546676350476,"count":6,"type":"berth","distance_to_coast":485.14753790885146,"inside_china_land":false}},{"type":"Feature","geometry":{"type":"Polygon","coordinates":[[[118.86471672413793,32.17288324137931],[118.86557791011235,32.17288324137931],[118.86557791011235,32.17352487640449],[118.86471672413793,32.17352487640449],[118.86471672413793,32.17288324137931]]]},"properties":{"cluster_id":826,"lat":32.17332919841549,"lon":118.86527575272189,"count":5,"type":"berth","distance_to_coast":82520.89273871548,"inside_china_land":true}},{"type":"Feature","geometry":{"type":"Polygon","coordinates":[[[119.81231468,32.320775600000005],[119.81294327272727,32.320775600000005],[119.81294327272727,32.32109208],[119.81231468,32.32109208],[119.81231468,32.320775600000005]]]},"properties":{"cluster_id":827,"lat":32.32093688583585,"lon":119.81252998375749,"count":8,"type":"berth","distance_to_coast":717.7370607032924,"inside_china_land":true}},{"type":"Feature","geometry":{"type":"Polygon","coordinates":[[[119.70451681818182,32.27077509090909],[119.7066854,32.27077509090909],[119.7066854,32.27173223529412],[119.70451681818182,32.27173223529412],[119.70451681818182,32.27077509090909]]]},"properties":{"cluster_id":828,"lat":32.27118367036885,"lon":119.70556247515974,"count":5,"type":"berth","distance_to_coast":1194.0363474259475,"inside_china_land":false}},{"type":"Feature","geometry":{"type":"Polygon","coordinates":[[[119.66374875000001,32.203738375],[119.66463904081631,32.203738375],[119.66463904081631,32.204421982758625],[119.66374875000001,32.204421982758625],[119.66374875000001,32.203738375]]]},"properties":{"cluster_id":829,"lat":32.20423735225642,"lon":119.66442326807083,"count":19,"type":"berth","distance_to_coast":709.4113965892503,"inside_china_land":true}},{"type":"Feature","geometry":{"type":"Polygon","coordinates":[[[121.18009929545455,31.675349721311477],[121.18032888571429,31.675349721311477],[121.18032888571429,31.675514599999996],[121.18009929545455,31.675514599999996],[121.18009929545455,31.675349721311477]]]},"properties":{"cluster_id":830,"lat":31.675431253781102,"lon":121.18026023621348,"count":10,"type":"berth","distance_to_coast":1961.3250486321217,"inside_china_land":false}},{"type":"Feature","geometry":{"type":"Polygon","coordinates":[[[122.1956126446281,30.113912032],[122.195745488,30.113912032],[122.195745488,30.113933611570246],[122.1956126446281,30.113933611570246],[122.1956126446281,30.113912032]]]},"properties":{"cluster_id":831,"lat":30.113923551001403,"lon":122.19568462282572,"count":3,"type":"berth","distance_to_coast":1822.994377481506,"inside_china_land":false}},{"type":"Feature","geometry":{"type":"Polygon","coordinates":[[[119.02782763461538,32.18439620967742],[119.02799025,32.18439620967742],[119.02799025,32.184674666666666],[119.02782763461538,32.184674666666666],[119.02782763461538,32.18439620967742]]]},"properties":{"cluster_id":832,"lat":32.184574268467934,"lon":119.02790377194722,"count":28,"type":"berth","distance_to_coast":64379.340814172865,"inside_china_land":true}},{"type":"Feature","geometry":{"type":"Polygon","coordinates":[[[114.631403,22.7368435],[114.63152733333334,22.7368435],[114.63152733333334,22.73702833333333],[114.631403,22.73702833333333],[114.631403,22.7368435]]]},"properties":{"cluster_id":833,"lat":22.736921106268277,"lon":114.63146202365388,"count":8,"type":"berth","distance_to_coast":1939.141235543662,"inside_china_land":false}},{"type":"Feature","geometry":{"type":"Polygon","coordinates":[[[121.5072273882353,29.495697517241382],[121.50746581666667,29.495697517241382],[121.50746581666667,29.495757152173912],[121.5072273882353,29.495757152173912],[121.5072273882353,29.495697517241382]]]},"properties":{"cluster_id":834,"lat":29.495731117082048,"lon":121.5073536139388,"count":17,"type":"berth","distance_to_coast":1546.192070812503,"inside_china_land":false}},{"type":"Feature","geometry":{"type":"Polygon","coordinates":[[[121.51005016666666,29.4961138],[121.51033620000001,29.4961138],[121.51033620000001,29.496297142857145],[121.51005016666666,29.496297142857145],[121.51005016666666,29.4961138]]]},"properties":{"cluster_id":835,"lat":29.496190336119575,"lon":121.5102026980452,"count":36,"type":"berth","distance_to_coast":1687.3703297611162,"inside_china_land":false}},{"type":"Feature","geometry":{"type":"Polygon","coordinates":[[[119.83347765957446,39.98451466666666],[119.83479597391303,39.98451466666666],[119.83479597391303,39.985303117647064],[119.83347765957446,39.985303117647064],[119.83347765957446,39.98451466666666]]]},"properties":{"cluster_id":836,"lat":39.984925905311584,"lon":119.8341017326924,"count":8,"type":"berth","distance_to_coast":539.8721408492653,"inside_china_land":true}},{"type":"Feature","geometry":{"type":"Polygon","coordinates":[[[119.9969708309859,32.00002244776119],[119.99706986567165,32.00002244776119],[119.99706986567165,32.0002191971831],[119.9969708309859,32.0002191971831],[119.9969708309859,32.00002244776119]]]},"properties":{"cluster_id":837,"lat":32.00010721703341,"lon":119.99701505908288,"count":5,"type":"berth","distance_to_coast":1019.1542804568912,"inside_china_land":false}},{"type":"Feature","geometry":{"type":"Polygon","coordinates":[[[119.41118522222223,34.749769375],[119.41188575,34.749769375],[119.41188575,34.749868390625004],[119.41118522222223,34.749868390625004],[119.41118522222223,34.749769375]]]},"properties":{"cluster_id":838,"lat":34.74981084780093,"lon":119.41149435532408,"count":3,"type":"berth","distance_to_coast":118.008433330129,"inside_china_land":true}},{"type":"Feature","geometry":{"type":"Polygon","coordinates":[[[121.16319127906976,31.68380926984127],[121.16338585714286,31.68380926984127],[121.16338585714286,31.683883627906976],[121.16319127906976,31.683883627906976],[121.16319127906976,31.68380926984127]]]},"properties":{"cluster_id":839,"lat":31.68384644887412,"lon":121.16328856810632,"count":2,"type":"berth","distance_to_coast":1408.239502814286,"inside_china_land":false}},{"type":"Feature","geometry":{"type":"Polygon","coordinates":[[[120.02004457281554,37.44005462222223],[120.02006777037037,37.44005462222223],[120.02006777037037,37.44018180582524],[120.02004457281554,37.44018180582524],[120.02004457281554,37.44005462222223]]]},"properties":{"cluster_id":840,"lat":37.440118214023734,"lon":120.02005617159296,"count":2,"type":"berth","distance_to_coast":1772.0010971734312,"inside_china_land":false}},{"type":"Feature","geometry":{"type":"Polygon","coordinates":[[[119.81442260377358,32.32004640677966],[119.81454135593219,32.32004640677966],[119.81454135593219,32.32014877192982],[119.81442260377358,32.32014877192982],[119.81442260377358,32.32004640677966]]]},"properties":{"cluster_id":842,"lat":32.320102880318004,"lon":119.81447542104873,"count":9,"type":"berth","distance_to_coast":676.776566222093,"inside_china_land":true}},{"type":"Feature","geometry":{"type":"Polygon","coordinates":[[[117.78343990476189,38.96753914285715],[117.78518105714286,38.96753914285715],[117.78518105714286,38.96798966666667],[117.78343990476189,38.96798966666667],[117.78343990476189,38.96753914285715]]]},"properties":{"cluster_id":843,"lat":38.96781768756491,"lon":117.78462794225362,"count":8,"type":"berth","distance_to_coast":2163.592404767208,"inside_china_land":false}},{"type":"Feature","geometry":{"type":"Polygon","coordinates":[[[121.17757503030303,31.676883306122452],[121.17788998305085,31.676883306122452],[121.17788998305085,31.677028575],[121.17757503030303,31.677028575],[121.17757503030303,31.676883306122452]]]},"properties":{"cluster_id":844,"lat":31.676955742415288,"lon":121.17777479757711,"count":6,"type":"berth","distance_to_coast":1907.398996251824,"inside_china_land":false}},{"type":"Feature","geometry":{"type":"Polygon","coordinates":[[[119.64376259999999,39.92151923076923],[119.64444184615384,39.92151923076923],[119.64444184615384,39.922736183098586],[119.64376259999999,39.922736183098586],[119.64376259999999,39.92151923076923]]]},"properties":{"cluster_id":845,"lat":39.922414290244774,"lon":119.64391374985686,"count":16,"type":"berth","distance_to_coast":135.94665725213304,"inside_china_land":false}},{"type":"Feature","geometry":{"type":"Polygon","coordinates":[[[121.88510685294119,29.93467721875],[121.886753625,29.93467721875],[121.886753625,29.935169238095238],[121.88510685294119,29.935169238095238],[121.88510685294119,29.93467721875]]]},"properties":{"cluster_id":846,"lat":29.934806030099164,"lon":121.88646126627724,"count":24,"type":"berth","distance_to_coast":849.8769764677154,"inside_china_land":false}},{"type":"Feature","geometry":{"type":"Polygon","coordinates":[[[122.08423047126438,29.78352398850575],[122.08423947297298,29.78352398850575],[122.08423947297298,29.783535304054055],[122.08423047126438,29.783535304054055],[122.08423047126438,29.78352398850575]]]},"properties":{"cluster_id":847,"lat":29.783529646279906,"lon":122.08423497211868,"count":2,"type":"berth","distance_to_coast":154.24890430264787,"inside_china_land":true}},{"type":"Feature","geometry":{"type":"Polygon","coordinates":[[[121.15972485,30.630975149999998],[121.15981913186812,30.630975149999998],[121.15981913186812,30.631061838383836],[121.15972485,30.631061838383836],[121.15972485,30.630975149999998]]]},"properties":{"cluster_id":849,"lat":30.631024254187167,"lon":121.15977708115076,"count":12,"type":"berth","distance_to_coast":587.4262856490404,"inside_china_land":false}},{"type":"Feature","geometry":{"type":"Polygon","coordinates":[[[121.1661314901961,30.634855708333333],[121.16658678723405,30.634855708333333],[121.16658678723405,30.63519136170213],[121.1661314901961,30.63519136170213],[121.1661314901961,30.634855708333333]]]},"properties":{"cluster_id":850,"lat":30.635013136309933,"lon":121.1663210971804,"count":13,"type":"berth","distance_to_coast":589.0467023495172,"inside_china_land":false}},{"type":"Feature","geometry":{"type":"Polygon","coordinates":[[[121.154729125,30.625331704545456],[121.15474759595959,30.625331704545456],[121.15474759595959,30.625356818181817],[121.154729125,30.625356818181817],[121.154729125,30.625331704545456]]]},"properties":{"cluster_id":851,"lat":30.62534373338221,"lon":121.15473629766753,"count":3,"type":"berth","distance_to_coast":715.0348505634546,"inside_china_land":false}},{"type":"Feature","geometry":{"type":"Polygon","coordinates":[[[119.99877567391304,31.997010122807016],[119.99992000000002,31.997010122807016],[119.99992000000002,31.998062065217393],[119.99877567391304,31.998062065217393],[119.99877567391304,31.997010122807016]]]},"properties":{"cluster_id":852,"lat":31.997378527940963,"lon":119.99950382911702,"count":10,"type":"berth","distance_to_coast":1064.3099262525568,"inside_china_land":false}},{"type":"Feature","geometry":{"type":"Polygon","coordinates":[[[118.88837620454545,32.185821727272725],[118.88842385714285,32.185821727272725],[118.88842385714285,32.18609504347826],[118.88837620454545,32.18609504347826],[118.88837620454545,32.185821727272725]]]},"properties":{"cluster_id":853,"lat":32.185972986329126,"lon":118.88840044660424,"count":5,"type":"berth","distance_to_coast":79901.26556056288,"inside_china_land":true}},{"type":"Feature","geometry":{"type":"Polygon","coordinates":[[[119.40698114285715,34.7497005],[119.4086311443299,34.7497005],[119.4086311443299,34.749861546391756],[119.40698114285715,34.749861546391756],[119.40698114285715,34.7497005]]]},"properties":{"cluster_id":854,"lat":34.74979966802651,"lon":119.4080948953682,"count":4,"type":"berth","distance_to_coast":139.7906105035954,"inside_china_land":true}},{"type":"Feature","geometry":{"type":"Polygon","coordinates":[[[120.27340052525253,34.30808454545455],[120.27354451428572,34.30808454545455],[120.27354451428572,34.30816735714286],[120.27340052525253,34.30816735714286],[120.27340052525253,34.30808454545455]]]},"properties":{"cluster_id":856,"lat":34.308125951298706,"lon":120.27347251976911,"count":2,"type":"berth","distance_to_coast":1629.2828221369575,"inside_china_land":false}},{"type":"Feature","geometry":{"type":"Polygon","coordinates":[[[120.30307146428572,37.64621851578947],[120.30337103157895,37.64621851578947],[120.30337103157895,37.64676482142857],[120.30307146428572,37.64676482142857],[120.30307146428572,37.64621851578947]]]},"properties":{"cluster_id":857,"lat":37.646491668609016,"lon":120.30322124793231,"count":2,"type":"berth","distance_to_coast":1283.5943334779429,"inside_china_land":false}},{"type":"Feature","geometry":{"type":"Polygon","coordinates":[[[120.58653113043479,32.02813952272727],[120.58664959090908,32.02813952272727],[120.58664959090908,32.02826752173913],[120.58653113043479,32.02826752173913],[120.58653113043479,32.02813952272727]]]},"properties":{"cluster_id":858,"lat":32.028211764410415,"lon":120.58657505640646,"count":4,"type":"berth","distance_to_coast":3836.312879666058,"inside_china_land":false}},{"type":"Feature","geometry":{"type":"Polygon","coordinates":[[[121.5561,28.27332175],[121.55868746666667,28.27332175],[121.55868746666667,28.27448246666667],[121.5561,28.27448246666667],[121.5561,28.27332175]]]},"properties":{"cluster_id":862,"lat":28.27397543429943,"lon":121.55752857461582,"count":14,"type":"berth","distance_to_coast":2382.1678428288214,"inside_china_land":false}},{"type":"Feature","geometry":{"type":"Polygon","coordinates":[[[121.55438604545454,28.273264666666666],[121.55472000000002,28.273264666666666],[121.55472000000002,28.27347240909091],[121.55438604545454,28.27347240909091],[121.55438604545454,28.273264666666666]]]},"properties":{"cluster_id":863,"lat":28.273399994949497,"lon":121.55452746969696,"count":3,"type":"berth","distance_to_coast":2711.926968954888,"inside_china_land":false}},{"type":"Feature","geometry":{"type":"Polygon","coordinates":[[[121.657976,28.3865323],[121.6594545,28.3865323],[121.6594545,28.3868332],[121.657976,28.3868332],[121.657976,28.3865323]]]},"properties":{"cluster_id":864,"lat":28.386729392979987,"lon":121.6588816530458,"count":6,"type":"berth","distance_to_coast":3103.1811181415537,"inside_china_land":false}},{"type":"Feature","geometry":{"type":"Polygon","coordinates":[[[117.76874433333334,39.046423999999995],[117.77295145454545,39.046423999999995],[117.77295145454545,39.047931166666665],[117.76874433333334,39.047931166666665],[117.76874433333334,39.046423999999995]]]},"properties":{"cluster_id":865,"lat":39.047199588326855,"lon":117.7711051306492,"count":14,"type":"berth","distance_to_coast":1533.1089302599423,"inside_china_land":false}},{"type":"Feature","geometry":{"type":"Polygon","coordinates":[[[121.74566471428571,31.290949],[121.7464558,31.290949],[121.7464558,31.2914674],[121.74566471428571,31.2914674],[121.74566471428571,31.290949]]]},"properties":{"cluster_id":867,"lat":31.2912082,"lon":121.74606025714286,"count":2,"type":"berth","distance_to_coast":2632.203482759003,"inside_china_land":false}},{"type":"Feature","geometry":{"type":"Polygon","coordinates":[[[121.63769675,29.042757816091957],[121.63863099999999,29.042757816091957],[121.63863099999999,29.043747999999997],[121.63769675,29.043747999999997],[121.63769675,29.042757816091957]]]},"properties":{"cluster_id":868,"lat":29.043463740597577,"lon":121.63812846992045,"count":15,"type":"berth","distance_to_coast":680.4986773993074,"inside_china_land":true}},{"type":"Feature","geometry":{"type":"Polygon","coordinates":[[[120.84069663934427,31.8376474],[120.84121872222222,31.8376474],[120.84121872222222,31.838623393442624],[120.84069663934427,31.838623393442624],[120.84069663934427,31.8376474]]]},"properties":{"cluster_id":872,"lat":31.837864772461504,"lon":120.8410124594944,"count":21,"type":"berth","distance_to_coast":2088.674497797434,"inside_china_land":false}},{"type":"Feature","geometry":{"type":"Polygon","coordinates":[[[120.64078998484848,31.989477548387097],[120.6420775625,31.989477548387097],[120.6420775625,31.98958488888889],[120.64078998484848,31.98958488888889],[120.64078998484848,31.989477548387097]]]},"properties":{"cluster_id":873,"lat":31.989517476713853,"lon":120.64106962020531,"count":5,"type":"berth","distance_to_coast":789.7230197882694,"inside_china_land":true}},{"type":"Feature","geometry":{"type":"Polygon","coordinates":[[[121.42265122916666,31.474522256880732],[121.42643075000001,31.474522256880732],[121.42643075000001,31.476831266666668],[121.42265122916666,31.476831266666668],[121.42265122916666,31.474522256880732]]]},"properties":{"cluster_id":874,"lat":31.475064402550483,"lon":121.42548830658242,"count":130,"type":"berth","distance_to_coast":2982.7041369076373,"inside_china_land":false}},{"type":"Feature","geometry":{"type":"Polygon","coordinates":[[[118.221404,31.289904029411765],[118.22193894117648,31.289904029411765],[118.22193894117648,31.290656000000002],[118.221404,31.290656000000002],[118.221404,31.289904029411765]]]},"properties":{"cluster_id":875,"lat":31.290280014705885,"lon":118.22167147058823,"count":2,"type":"berth","distance_to_coast":194512.1373245677,"inside_china_land":true}},{"type":"Feature","geometry":{"type":"Polygon","coordinates":[[[118.21056739999999,31.283647785714287],[118.2133879090909,31.283647785714287],[118.2133879090909,31.289148],[118.21056739999999,31.289148],[118.21056739999999,31.283647785714287]]]},"properties":{"cluster_id":876,"lat":31.28674401513332,"lon":118.21146648587182,"count":29,"type":"berth","distance_to_coast":195693.50244508425,"inside_china_land":true}},{"type":"Feature","geometry":{"type":"Polygon","coordinates":[[[118.21686832352941,31.287299876923075],[118.21737006153846,31.287299876923075],[118.21737006153846,31.288726264705883],[118.21686832352941,31.288726264705883],[118.21686832352941,31.287299876923075]]]},"properties":{"cluster_id":877,"lat":31.28804451365765,"lon":118.21706960630648,"count":7,"type":"berth","distance_to_coast":195095.70505192087,"inside_china_land":true}},{"type":"Feature","geometry":{"type":"Polygon","coordinates":[[[118.19404585416667,31.27606523809524],[118.20037138095238,31.27606523809524],[118.20037138095238,31.278850187499998],[118.19404585416667,31.278850187499998],[118.19404585416667,31.27606523809524]]]},"properties":{"cluster_id":878,"lat":31.277230878504195,"lon":118.19746492644308,"count":18,"type":"berth","distance_to_coast":197684.40699934887,"inside_china_land":true}},{"type":"Feature","geometry":{"type":"Polygon","coordinates":[[[118.1938574,31.274514399999997],[118.1946130909091,31.274514399999997],[118.1946130909091,31.275640913043475],[118.1938574,31.275640913043475],[118.1938574,31.274514399999997]]]},"properties":{"cluster_id":879,"lat":31.27515903546223,"lon":118.1942389960683,"count":5,"type":"berth","distance_to_coast":198133.5822536174,"inside_china_land":true}},{"type":"Feature","geometry":{"type":"Polygon","coordinates":[[[120.67575102,31.99359066233766],[120.67692830909091,31.99359066233766],[120.67692830909091,31.9936141097561],[120.67575102,31.9936141097561],[120.67575102,31.99359066233766]]]},"properties":{"cluster_id":880,"lat":31.993602711146018,"lon":120.6760528690681,"count":5,"type":"berth","distance_to_coast":663.6342995376309,"inside_china_land":true}},{"type":"Feature","geometry":{"type":"Polygon","coordinates":[[[120.44777391666668,31.977976388888887],[120.44914167241379,31.977976388888887],[120.44914167241379,31.979312879310342],[120.44777391666668,31.979312879310342],[120.44777391666668,31.977976388888887]]]},"properties":{"cluster_id":881,"lat":31.978668566711,"lon":120.44852076561484,"count":7,"type":"berth","distance_to_coast":195.12288687691355,"inside_china_land":true}},{"type":"Feature","geometry":{"type":"Polygon","coordinates":[[[122.07925712048193,29.997070369987064],[122.07993903891709,29.997070369987064],[122.07993903891709,29.997244345507667],[122.07925712048193,29.997244345507667],[122.07925712048193,29.997070369987064]]]},"properties":{"cluster_id":882,"lat":29.997135213278145,"lon":122.07967818838604,"count":5,"type":"berth","distance_to_coast":2556.8995050173185,"inside_china_land":false}},{"type":"Feature","geometry":{"type":"Polygon","coordinates":[[[118.49617500000001,39.0801168],[118.49742280000001,39.0801168],[118.49742280000001,39.0805675],[118.49617500000001,39.0805675],[118.49617500000001,39.0801168]]]},"properties":{"cluster_id":883,"lat":39.08039339940983,"lon":118.49659430100208,"count":30,"type":"berth","distance_to_coast":3276.887193052418,"inside_china_land":false}},{"type":"Feature","geometry":{"type":"Polygon","coordinates":[[[119.55026114666667,35.37115662666667],[119.55029262337662,35.37115662666667],[119.55029262337662,35.371215467532465],[119.55026114666667,35.371215467532465],[119.55026114666667,35.37115662666667]]]},"properties":{"cluster_id":884,"lat":35.37119030189152,"lon":119.5502799397412,"count":3,"type":"berth","distance_to_coast":689.245530138685,"inside_china_land":false}},{"type":"Feature","geometry":{"type":"Polygon","coordinates":[[[122.07223166666665,30.01824],[122.072252,30.01824],[122.072252,30.018326000000002],[122.07223166666665,30.018326000000002],[122.07223166666665,30.01824]]]},"properties":{"cluster_id":885,"lat":30.018283,"lon":122.07224183333332,"count":2,"type":"berth","distance_to_coast":173.19197616529297,"inside_china_land":true}},{"type":"Feature","geometry":{"type":"Polygon","coordinates":[[[121.13599686363636,38.808676625000004],[121.13700623999999,38.808676625000004],[121.13700623999999,38.809327360000005],[121.13599686363636,38.809327360000005],[121.13599686363636,38.808676625000004]]]},"properties":{"cluster_id":886,"lat":38.808865634527486,"lon":121.1363118912765,"count":20,"type":"berth","distance_to_coast":138.33673615103083,"inside_china_land":true}},{"type":"Feature","geometry":{"type":"Polygon","coordinates":[[[118.48821232394367,38.946829641975306],[118.48860680246914,38.946829641975306],[118.48860680246914,38.94712311267606],[118.48821232394367,38.94712311267606],[118.48821232394367,38.946829641975306]]]},"properties":{"cluster_id":887,"lat":38.94690920803776,"lon":118.48848905914036,"count":7,"type":"berth","distance_to_coast":32.4704987326226,"inside_china_land":true}},{"type":"Feature","geometry":{"type":"Polygon","coordinates":[[[120.44589405882353,31.97590058823529],[120.44683410869564,31.97590058823529],[120.44683410869564,31.97692466666667],[120.44589405882353,31.97692466666667],[120.44589405882353,31.97590058823529]]]},"properties":{"cluster_id":888,"lat":31.97668238623918,"lon":120.446635361132,"count":8,"type":"berth","distance_to_coast":367.2615990828608,"inside_china_land":true}},{"type":"Feature","geometry":{"type":"Polygon","coordinates":[[[121.6162685345912,31.35580152],[121.616526625,31.35580152],[121.616526625,31.3559645],[121.6162685345912,31.3559645],[121.6162685345912,31.35580152]]]},"properties":{"cluster_id":889,"lat":31.35589738357592,"lon":121.61637459409994,"count":10,"type":"berth","distance_to_coast":1771.459080265331,"inside_china_land":false}},{"type":"Feature","geometry":{"type":"Polygon","coordinates":[[[122.0860735,40.29655369014085],[122.08686356338028,40.29655369014085],[122.08686356338028,40.2971173],[122.0860735,40.2971173],[122.0860735,40.29655369014085]]]},"properties":{"cluster_id":893,"lat":40.29699432387406,"lon":122.08643640045187,"count":8,"type":"berth","distance_to_coast":2380.0201032433915,"inside_china_land":false}},{"type":"Feature","geometry":{"type":"Polygon","coordinates":[[[113.63272625,22.77959444444444],[113.63287555555556,22.77959444444444],[113.63287555555556,22.77964525],[113.63272625,22.77964525],[113.63272625,22.77959444444444]]]},"properties":{"cluster_id":895,"lat":22.77961984722222,"lon":113.63280090277776,"count":2,"type":"berth","distance_to_coast":2632.89011742314,"inside_china_land":false}},{"type":"Feature","geometry":{"type":"Polygon","coordinates":[[[121.62887416949154,32.08196255932204],[121.62890499999999,32.08196255932204],[121.62890499999999,32.08196941666667],[121.62887416949154,32.08196941666667],[121.62887416949154,32.08196255932204]]]},"properties":{"cluster_id":897,"lat":32.08196598799435,"lon":121.62888958474576,"count":2,"type":"berth","distance_to_coast":1021.5960205906032,"inside_china_land":false}},{"type":"Feature","geometry":{"type":"Polygon","coordinates":[[[121.86846676923076,30.101218753623186],[121.86969691304348,30.101218753623186],[121.86969691304348,30.101610857142855],[121.86846676923076,30.101610857142855],[121.86846676923076,30.101218753623186]]]},"properties":{"cluster_id":898,"lat":30.10145302235007,"lon":121.86867859009398,"count":9,"type":"berth","distance_to_coast":2045.196509013954,"inside_china_land":false}},{"type":"Feature","geometry":{"type":"Polygon","coordinates":[[[113.90249437499999,22.4681232],[113.90281285,22.4681232],[113.90281285,22.468429875],[113.90249437499999,22.468429875],[113.90249437499999,22.4681232]]]},"properties":{"cluster_id":899,"lat":22.468262666666664,"lon":113.90264574166666,"count":3,"type":"berth","distance_to_coast":22.0837023836258,"inside_china_land":false}},{"type":"Feature","geometry":{"type":"Polygon","coordinates":[[[109.55088599999999,21.47956510204082],[109.5509163877551,21.47956510204082],[109.5509163877551,21.479598956043954],[109.55088599999999,21.479598956043954],[109.55088599999999,21.47956510204082]]]},"properties":{"cluster_id":900,"lat":21.47957985269493,"lon":109.5509008252224,"count":3,"type":"berth","distance_to_coast":2652.208187331748,"inside_china_land":false}},{"type":"Feature","geometry":{"type":"Polygon","coordinates":[[[118.96534534513275,25.209334263157896],[118.96687294736842,25.209334263157896],[118.96687294736842,25.21002628318584],[118.96534534513275,25.21002628318584],[118.96534534513275,25.209334263157896]]]},"properties":{"cluster_id":901,"lat":25.209754997108902,"lon":118.96610486621464,"count":7,"type":"berth","distance_to_coast":1998.1024438405232,"inside_china_land":false}},{"type":"Feature","geometry":{"type":"Polygon","coordinates":[[[116.527943,22.980895333333333],[116.52920019999999,22.980895333333333],[116.52920019999999,22.982513444444447],[116.527943,22.982513444444447],[116.527943,22.980895333333333]]]},"properties":{"cluster_id":902,"lat":22.981837925120775,"lon":116.52866335600643,"count":5,"type":"berth","distance_to_coast":950.2249188654416,"inside_china_land":false}},{"type":"Feature","geometry":{"type":"Polygon","coordinates":[[[108.3287951923077,21.613945708333333],[108.32882306849315,21.613945708333333],[108.32882306849315,21.61398183561644],[108.3287951923077,21.61398183561644],[108.3287951923077,21.613945708333333]]]},"properties":{"cluster_id":903,"lat":21.613970070755126,"lon":108.32881103043356,"count":5,"type":"berth","distance_to_coast":1669.8814428468106,"inside_china_land":false}},{"type":"Feature","geometry":{"type":"Polygon","coordinates":[[[120.95287293333332,31.805881833333334],[120.9530435,31.805881833333334],[120.9530435,31.80604406666667],[120.95287293333332,31.80604406666667],[120.95287293333332,31.805881833333334]]]},"properties":{"cluster_id":904,"lat":31.80595709954023,"lon":120.95294807632185,"count":5,"type":"berth","distance_to_coast":2175.301870625516,"inside_china_land":false}},{"type":"Feature","geometry":{"type":"Polygon","coordinates":[[[122.088979,40.28892140000001],[122.08914466666666,40.28892140000001],[122.08914466666666,40.2890725],[122.088979,40.2890725],[122.088979,40.28892140000001]]]},"properties":{"cluster_id":905,"lat":40.28900359002507,"lon":122.0890669663158,"count":5,"type":"berth","distance_to_coast":2158.6879986891668,"inside_china_land":false}},{"type":"Feature","geometry":{"type":"Polygon","coordinates":[[[111.06781172727273,21.481893722891567],[111.06845042857142,21.481893722891567],[111.06845042857142,21.482236636363638],[111.06781172727273,21.482236636363638],[111.06781172727273,21.481893722891567]]]},"properties":{"cluster_id":906,"lat":21.482053738799355,"lon":111.06822255395608,"count":3,"type":"berth","distance_to_coast":716.2888661798518,"inside_china_land":false}},{"type":"Feature","geometry":{"type":"Polygon","coordinates":[[[108.38536584558824,21.597467352941177],[108.38558727272726,21.597467352941177],[108.38558727272726,21.597732083333334],[108.38536584558824,21.597732083333334],[108.38536584558824,21.597467352941177]]]},"properties":{"cluster_id":909,"lat":21.59766847057564,"lon":108.38553104027405,"count":6,"type":"berth","distance_to_coast":631.6944298916079,"inside_china_land":false}},{"type":"Feature","geometry":{"type":"Polygon","coordinates":[[[118.99402366037735,39.20900905660377],[118.99469777777777,39.20900905660377],[118.99469777777777,39.210018444444444],[118.99402366037735,39.210018444444444],[118.99402366037735,39.20900905660377]]]},"properties":{"cluster_id":911,"lat":39.20950058604952,"lon":118.99433616784798,"count":4,"type":"berth","distance_to_coast":3572.5732390996955,"inside_china_land":true}},{"type":"Feature","geometry":{"type":"Polygon","coordinates":[[[108.38371071428571,21.595191157142857],[108.38375657894736,21.595191157142857],[108.38375657894736,21.595213789473682],[108.38371071428571,21.595213789473682],[108.38371071428571,21.595191157142857]]]},"properties":{"cluster_id":912,"lat":21.59520121774657,"lon":108.38373182074788,"count":4,"type":"berth","distance_to_coast":766.8853839514537,"inside_china_land":false}},{"type":"Feature","geometry":{"type":"Polygon","coordinates":[[[118.36178656603774,39.03978575],[118.36417959999999,39.03978575],[118.36417959999999,39.04172826470588],[118.36178656603774,39.04172826470588],[118.36178656603774,39.03978575]]]},"properties":{"cluster_id":915,"lat":39.04063951779557,"lon":118.3624390914571,"count":37,"type":"berth","distance_to_coast":276.53964181570433,"inside_china_land":false}},{"type":"Feature","geometry":{"type":"Polygon","coordinates":[[[118.3602716875,39.04009408870967],[118.36033378512397,39.04009408870967],[118.36033378512397,39.04011776033058],[118.3602716875,39.04011776033058],[118.3602716875,39.04009408870967]]]},"properties":{"cluster_id":916,"lat":39.04010433769956,"lon":118.3603015069744,"count":13,"type":"berth","distance_to_coast":192.74898589458175,"inside_china_land":false}},{"type":"Feature","geometry":{"type":"Polygon","coordinates":[[[121.6565333,31.361292705882352],[121.65692070588236,31.361292705882352],[121.65692070588236,31.3623529],[121.6565333,31.3623529],[121.6565333,31.361292705882352]]]},"properties":{"cluster_id":917,"lat":31.361822802941177,"lon":121.65672700294118,"count":2,"type":"berth","distance_to_coast":3581.160652222451,"inside_china_land":false}},{"type":"Feature","geometry":{"type":"Polygon","coordinates":[[[108.32870182352941,21.5916862605042],[108.33019109243698,21.5916862605042],[108.33019109243698,21.595939794117648],[108.32870182352941,21.595939794117648],[108.32870182352941,21.5916862605042]]]},"properties":{"cluster_id":918,"lat":21.593825752341612,"lon":108.32940082235008,"count":6,"type":"berth","distance_to_coast":1800.5682360385415,"inside_china_land":false}},{"type":"Feature","geometry":{"type":"Polygon","coordinates":[[[120.22200616666666,37.67157119354838],[120.22264177419355,37.67157119354838],[120.22264177419355,37.67238038888889],[120.22200616666666,37.67238038888889],[120.22200616666666,37.67157119354838]]]},"properties":{"cluster_id":920,"lat":37.671975791218635,"lon":120.2223239704301,"count":2,"type":"berth","distance_to_coast":975.0235138678272,"inside_china_land":false}},{"type":"Feature","geometry":{"type":"Polygon","coordinates":[[[119.67606031578948,39.9269388],[119.67642492499999,39.9269388],[119.67642492499999,39.92739185],[119.67606031578948,39.92739185],[119.67606031578948,39.9269388]]]},"properties":{"cluster_id":921,"lat":39.92718486950931,"lon":119.6763092654768,"count":20,"type":"berth","distance_to_coast":903.0515598803502,"inside_china_land":false}},{"type":"Feature","geometry":{"type":"Polygon","coordinates":[[[119.94739355555556,37.41363533333333],[119.95174017857143,37.41363533333333],[119.95174017857143,37.4140925],[119.94739355555556,37.4140925],[119.94739355555556,37.41363533333333]]]},"properties":{"cluster_id":922,"lat":37.413747696815626,"lon":119.9502690033506,"count":21,"type":"berth","distance_to_coast":2257.2269523754017,"inside_china_land":false}},{"type":"Feature","geometry":{"type":"Polygon","coordinates":[[[120.30879551515152,37.66421533333334],[120.30882566666666,37.66421533333334],[120.30882566666666,37.66428811111111],[120.30879551515152,37.66428811111111],[120.30879551515152,37.66421533333334]]]},"properties":{"cluster_id":923,"lat":37.664251722222225,"lon":120.30881059090908,"count":2,"type":"berth","distance_to_coast":201.62434242179947,"inside_china_land":true}},{"type":"Feature","geometry":{"type":"Polygon","coordinates":[[[120.3076624736842,37.66039594736842],[120.30810813253011,37.66039594736842],[120.30810813253011,37.660723843373496],[120.3076624736842,37.660723843373496],[120.3076624736842,37.66039594736842]]]},"properties":{"cluster_id":924,"lat":37.66052333175645,"lon":120.307856707674,"count":4,"type":"berth","distance_to_coast":87.41574205604506,"inside_china_land":false}},{"type":"Feature","geometry":{"type":"Polygon","coordinates":[[[115.92831433333333,22.782456410958904],[115.92834553424657,22.782456410958904],[115.92834553424657,22.782494749999998],[115.92831433333333,22.782494749999998],[115.92831433333333,22.782456410958904]]]},"properties":{"cluster_id":927,"lat":22.782472331430743,"lon":115.92833387252664,"count":3,"type":"berth","distance_to_coast":2138.219196889495,"inside_china_land":false}},{"type":"Feature","geometry":{"type":"Polygon","coordinates":[[[113.573471,22.817221666666665],[113.57353261538462,22.817221666666665],[113.57353261538462,22.81747104255319],[113.573471,22.81747104255319],[113.573471,22.817221666666665]]]},"properties":{"cluster_id":928,"lat":22.817370364611747,"lon":113.57351069448993,"count":3,"type":"berth","distance_to_coast":569.5977411470363,"inside_china_land":true}},{"type":"Feature","geometry":{"type":"Polygon","coordinates":[[[113.21606789473684,21.926690052631578],[113.21754063636364,21.926690052631578],[113.21754063636364,21.928338121212118],[113.21606789473684,21.928338121212118],[113.21606789473684,21.926690052631578]]]},"properties":{"cluster_id":929,"lat":21.927361858411903,"lon":113.21665030679472,"count":4,"type":"berth","distance_to_coast":1169.661272887547,"inside_china_land":false}},{"type":"Feature","geometry":{"type":"Polygon","coordinates":[[[121.17707675,31.758547789473685],[121.17855133333332,31.758547789473685],[121.17855133333332,31.759570413793107],[121.17707675,31.759570413793107],[121.17707675,31.758547789473685]]]},"properties":{"cluster_id":930,"lat":31.759085473375663,"lon":121.17804069971676,"count":19,"type":"berth","distance_to_coast":2036.4538674661292,"inside_china_land":false}},{"type":"Feature","geometry":{"type":"Polygon","coordinates":[[[121.37535872727273,30.984285454545454],[121.377084,30.984285454545454],[121.377084,30.985087153846152],[121.37535872727273,30.985087153846152],[121.37535872727273,30.984285454545454]]]},"properties":{"cluster_id":931,"lat":30.984790876857367,"lon":121.37640705388048,"count":33,"type":"berth","distance_to_coast":27438.2836527792,"inside_china_land":true}},{"type":"Feature","geometry":{"type":"Polygon","coordinates":[[[121.60929328,31.3882273],[121.60937329999999,31.3882273],[121.60937329999999,31.388457119999998],[121.60929328,31.388457119999998],[121.60929328,31.3882273]]]},"properties":{"cluster_id":932,"lat":31.38834221,"lon":121.60933329,"count":2,"type":"berth","distance_to_coast":3721.2667702123176,"inside_china_land":false}},{"type":"Feature","geometry":{"type":"Polygon","coordinates":[[[119.253328625,32.2372005625],[119.25334349275363,32.2372005625],[119.25334349275363,32.23725969139466],[119.253328625,32.23725969139466],[119.253328625,32.2372005625]]]},"properties":{"cluster_id":934,"lat":32.23724009972095,"lon":119.25333574376388,"count":7,"type":"berth","distance_to_coast":39620.5483397274,"inside_china_land":true}},{"type":"Feature","geometry":{"type":"Polygon","coordinates":[[[119.6866975,32.242008049999995],[119.6871135375,32.242008049999995],[119.6871135375,32.2426862625],[119.6866975,32.2426862625],[119.6866975,32.242008049999995]]]},"properties":{"cluster_id":935,"lat":32.24234715625,"lon":119.68690551875,"count":2,"type":"berth","distance_to_coast":1002.9344708563582,"inside_china_land":false}},{"type":"Feature","geometry":{"type":"Polygon","coordinates":[[[116.77653894444444,23.220851555555555],[116.77657593333333,23.220851555555555],[116.77657593333333,23.2216904],[116.77653894444444,23.2216904],[116.77653894444444,23.220851555555555]]]},"properties":{"cluster_id":936,"lat":23.221392154166665,"lon":116.77655306944445,"count":4,"type":"berth","distance_to_coast":364.446822632658,"inside_china_land":true}},{"type":"Feature","geometry":{"type":"Polygon","coordinates":[[[118.46405810000002,31.756825900000003],[118.46512348888888,31.756825900000003],[118.46512348888888,31.757605222222224],[118.46405810000002,31.757605222222224],[118.46405810000002,31.756825900000003]]]},"properties":{"cluster_id":938,"lat":31.757331481216937,"lon":118.46472036891537,"count":3,"type":"berth","distance_to_coast":139536.09191115544,"inside_china_land":true}},{"type":"Feature","geometry":{"type":"Polygon","coordinates":[[[121.99944242857143,29.890933904761905],[122.000798375,29.890933904761905],[122.000798375,29.892259875],[121.99944242857143,29.892259875],[121.99944242857143,29.890933904761905]]]},"properties":{"cluster_id":941,"lat":29.891965660519716,"lon":122.0004104278974,"count":6,"type":"berth","distance_to_coast":309.8239715215581,"inside_china_land":false}},{"type":"Feature","geometry":{"type":"Polygon","coordinates":[[[120.84194953191489,37.822014095238096],[120.84456504761904,37.822014095238096],[120.84456504761904,37.82266008510638],[120.84194953191489,37.82266008510638],[120.84194953191489,37.822014095238096]]]},"properties":{"cluster_id":942,"lat":37.82244167473315,"lon":120.84309436064348,"count":10,"type":"berth","distance_to_coast":688.5601895342486,"inside_china_land":false}},{"type":"Feature","geometry":{"type":"Polygon","coordinates":[[[121.1933142857143,31.75188776],[121.1935472,31.75188776],[121.1935472,31.75264957142857],[121.1933142857143,31.75264957142857],[121.1933142857143,31.75188776]]]},"properties":{"cluster_id":943,"lat":31.75226251262056,"lon":121.19342979813834,"count":5,"type":"berth","distance_to_coast":1381.1884878322255,"inside_china_land":false}},{"type":"Feature","geometry":{"type":"Polygon","coordinates":[[[120.13640290909092,31.929886155555554],[120.13784590196079,31.929886155555554],[120.13784590196079,31.930186090909093],[120.13640290909092,31.930186090909093],[120.13640290909092,31.929886155555554]]]},"properties":{"cluster_id":944,"lat":31.930024091027924,"lon":120.1371794311943,"count":4,"type":"berth","distance_to_coast":1590.9418262673976,"inside_china_land":false}},{"type":"Feature","geometry":{"type":"Polygon","coordinates":[[[118.54877404999999,39.109464826086956],[118.55170343478261,39.109464826086956],[118.55170343478261,39.11060514285714],[118.54877404999999,39.11060514285714],[118.54877404999999,39.109464826086956]]]},"properties":{"cluster_id":945,"lat":39.110054742053585,"lon":118.55007835810322,"count":17,"type":"berth","distance_to_coast":3133.167631271305,"inside_china_land":false}},{"type":"Feature","geometry":{"type":"Polygon","coordinates":[[[120.32443745454545,36.099367125],[120.324930125,36.099367125],[120.324930125,36.10041833333334],[120.32443745454545,36.10041833333334],[120.32443745454545,36.099367125]]]},"properties":{"cluster_id":946,"lat":36.10006752381473,"lon":120.32466020423657,"count":7,"type":"berth","distance_to_coast":1285.648343206895,"inside_china_land":true}},{"type":"Feature","geometry":{"type":"Polygon","coordinates":[[[119.34919989130434,32.193693260869566],[119.3518412,32.193693260869566],[119.3518412,32.19454313333333],[119.34919989130434,32.19454313333333],[119.34919989130434,32.193693260869566]]]},"properties":{"cluster_id":954,"lat":32.194202825187276,"lon":119.35090279400023,"count":11,"type":"berth","distance_to_coast":28405.007628878164,"inside_china_land":true}},{"type":"Feature","geometry":{"type":"Polygon","coordinates":[[[119.670195,26.46831575],[119.670715375,26.46831575],[119.670715375,26.469919875],[119.670195,26.469919875],[119.670195,26.46831575]]]},"properties":{"cluster_id":955,"lat":26.469195141666663,"lon":119.670501725,"count":3,"type":"berth","distance_to_coast":1077.9246000559524,"inside_china_land":false}},{"type":"Feature","geometry":{"type":"Polygon","coordinates":[[[113.56508060000002,22.902244000000003],[113.5663086,22.902244000000003],[113.5663086,22.9023038],[113.56508060000002,22.9023038],[113.56508060000002,22.902244000000003]]]},"properties":{"cluster_id":957,"lat":22.9022739,"lon":113.5656946,"count":2,"type":"berth","distance_to_coast":1348.715933666059,"inside_china_land":false}},{"type":"Feature","geometry":{"type":"Polygon","coordinates":[[[108.584988625,21.71827812962963],[108.58553746296296,21.71827812962963],[108.58553746296296,21.7191035],[108.584988625,21.7191035],[108.584988625,21.71827812962963]]]},"properties":{"cluster_id":958,"lat":21.718785357635884,"lon":108.58514556174843,"count":5,"type":"berth","distance_to_coast":2766.9080187668997,"inside_china_land":false}},{"type":"Feature","geometry":{"type":"Polygon","coordinates":[[[114.55932288888887,22.695475333333334],[114.56306127777778,22.695475333333334],[114.56306127777778,22.695900599999998],[114.55932288888887,22.695900599999998],[114.55932288888887,22.695475333333334]]]},"properties":{"cluster_id":959,"lat":22.69577507387719,"lon":114.5612931801989,"count":30,"type":"berth","distance_to_coast":273.5226612716097,"inside_china_land":false}},{"type":"Feature","geometry":{"type":"Polygon","coordinates":[[[120.21245950000001,31.943099],[120.21398615384615,31.943099],[120.21398615384615,31.94325634210526],[120.21245950000001,31.94325634210526],[120.21245950000001,31.943099]]]},"properties":{"cluster_id":960,"lat":31.94320445808022,"lon":120.21359748829444,"count":11,"type":"berth","distance_to_coast":840.0523543698843,"inside_china_land":true}},{"type":"Feature","geometry":{"type":"Polygon","coordinates":[[[121.04484910869566,40.80008525757576],[121.04507648780486,40.80008525757576],[121.04507648780486,40.80022666666667],[121.04484910869566,40.80022666666667],[121.04484910869566,40.80008525757576]]]},"properties":{"cluster_id":961,"lat":40.800160071906895,"lon":121.04495431983266,"count":7,"type":"berth","distance_to_coast":378.9020202574384,"inside_china_land":false}},{"type":"Feature","geometry":{"type":"Polygon","coordinates":[[[120.60324582269503,32.0180925],[120.6042052,32.0180925],[120.6042052,32.01872189361702],[120.60324582269503,32.01872189361702],[120.60324582269503,32.0180925]]]},"properties":{"cluster_id":963,"lat":32.01835744046341,"lon":120.6038002140678,"count":6,"type":"berth","distance_to_coast":3293.2532529788173,"inside_china_land":false}},{"type":"Feature","geometry":{"type":"Polygon","coordinates":[[[119.59279973622047,32.18541651574803],[119.59284690425531,32.18541651574803],[119.59284690425531,32.18550809574468],[119.59279973622047,32.18550809574468],[119.59279973622047,32.18541651574803]]]},"properties":{"cluster_id":968,"lat":32.185462305746356,"lon":119.5928233202379,"count":2,"type":"berth","distance_to_coast":2107.5005416112513,"inside_china_land":true}},{"type":"Feature","geometry":{"type":"Polygon","coordinates":[[[121.75479070000002,31.2856124],[121.7552216,31.2856124],[121.7552216,31.286116],[121.75479070000002,31.286116],[121.75479070000002,31.2856124]]]},"properties":{"cluster_id":969,"lat":31.2858642,"lon":121.75500615,"count":2,"type":"berth","distance_to_coast":3075.089615507382,"inside_china_land":false}},{"type":"Feature","geometry":{"type":"Polygon","coordinates":[[[121.3606135,30.98292190909091],[121.36067281818183,30.98292190909091],[121.36067281818183,30.983082000000003],[121.3606135,30.983082000000003],[121.3606135,30.98292190909091]]]},"properties":{"cluster_id":970,"lat":30.983036102272727,"lon":121.36064589621212,"count":4,"type":"berth","distance_to_coast":27981.5302216338,"inside_china_land":true}},{"type":"Feature","geometry":{"type":"Polygon","coordinates":[[[121.4481065,31.0075075],[121.449534125,31.0075075],[121.449534125,31.008236750000002],[121.4481065,31.008236750000002],[121.4481065,31.0075075]]]},"properties":{"cluster_id":971,"lat":31.0078182148945,"lon":121.4491740435417,"count":73,"type":"berth","distance_to_coast":26929.22444683084,"inside_china_land":true}},{"type":"Feature","geometry":{"type":"Polygon","coordinates":[[[121.70916883333332,31.339697714285712],[121.71043999999999,31.339697714285712],[121.71043999999999,31.340207666666668],[121.70916883333332,31.340207666666668],[121.70916883333332,31.339697714285712]]]},"properties":{"cluster_id":972,"lat":31.33992696031746,"lon":121.70963942063491,"count":3,"type":"berth","distance_to_coast":2484.751322905328,"inside_china_land":false}},{"type":"Feature","geometry":{"type":"Polygon","coordinates":[[[121.75457324999999,31.27809725],[121.754931875,31.27809725],[121.754931875,31.278826],[121.75457324999999,31.278826],[121.75457324999999,31.27809725]]]},"properties":{"cluster_id":973,"lat":31.278461625,"lon":121.7547525625,"count":2,"type":"berth","distance_to_coast":2517.044160633966,"inside_china_land":false}},{"type":"Feature","geometry":{"type":"Polygon","coordinates":[[[121.42828239999999,31.001730200000004],[121.4297505,31.001730200000004],[121.4297505,31.002179153846154],[121.42828239999999,31.002179153846154],[121.42828239999999,31.001730200000004]]]},"properties":{"cluster_id":974,"lat":31.002037791080028,"lon":121.42950267908851,"count":28,"type":"berth","distance_to_coast":27102.16680733973,"inside_china_land":true}},{"type":"Feature","geometry":{"type":"Polygon","coordinates":[[[121.18079116666667,31.757584322580644],[121.18164623809523,31.757584322580644],[121.18164623809523,31.758976080000004],[121.18079116666667,31.758976080000004],[121.18079116666667,31.757584322580644]]]},"properties":{"cluster_id":975,"lat":31.75831692093177,"lon":121.18118958570028,"count":10,"type":"berth","distance_to_coast":1846.7291862934285,"inside_china_land":false}},{"type":"Feature","geometry":{"type":"Polygon","coordinates":[[[121.46752564814815,31.069959416666666],[121.46815999999998,31.069959416666666],[121.46815999999998,31.071307037037037],[121.46752564814815,31.071307037037037],[121.46752564814815,31.069959416666666]]]},"properties":{"cluster_id":976,"lat":31.070467194199495,"lon":121.46780000862344,"count":12,"type":"berth","distance_to_coast":34006.42651140963,"inside_china_land":true}},{"type":"Feature","geometry":{"type":"Polygon","coordinates":[[[121.4685014,31.06806396],[121.46878325,31.06806396],[121.46878325,31.068603000000003],[121.4685014,31.068603000000003],[121.4685014,31.06806396]]]},"properties":{"cluster_id":978,"lat":31.068276445,"lon":121.46861009666668,"count":3,"type":"berth","distance_to_coast":33708.1099655316,"inside_china_land":true}},{"type":"Feature","geometry":{"type":"Polygon","coordinates":[[[121.95128491666667,30.110757875],[121.9528944,30.110757875],[121.9528944,30.111043666666664],[121.95128491666667,30.111043666666664],[121.95128491666667,30.110757875]]]},"properties":{"cluster_id":981,"lat":30.110917528077657,"lon":121.95234239178696,"count":21,"type":"berth","distance_to_coast":2366.3136723646635,"inside_china_land":false}},{"type":"Feature","geometry":{"type":"Polygon","coordinates":[[[121.94219746666666,29.635376977777778],[121.942776229927,29.635376977777778],[121.942776229927,29.636891000000002],[121.94219746666666,29.636891000000002],[121.94219746666666,29.635376977777778]]]},"properties":{"cluster_id":982,"lat":29.63649478313027,"lon":121.94239625176871,"count":12,"type":"berth","distance_to_coast":1589.7984335373403,"inside_china_land":false}},{"type":"Feature","geometry":{"type":"Polygon","coordinates":[[[119.7793854423077,26.393039692307692],[119.77981706779661,26.393039692307692],[119.77981706779661,26.39332359322034],[119.7793854423077,26.39332359322034],[119.7793854423077,26.393039692307692]]]},"properties":{"cluster_id":984,"lat":26.393158635275224,"lon":119.77960676544232,"count":6,"type":"berth","distance_to_coast":731.1858170234366,"inside_china_land":false}},{"type":"Feature","geometry":{"type":"Polygon","coordinates":[[[119.41531565079364,34.748665714285714],[119.41546800000002,34.748665714285714],[119.41546800000002,34.749029916666665],[119.41531565079364,34.749029916666665],[119.41531565079364,34.748665714285714]]]},"properties":{"cluster_id":988,"lat":34.74887178781873,"lon":119.41538967777534,"count":11,"type":"berth","distance_to_coast":221.8254660551896,"inside_china_land":true}},{"type":"Feature","geometry":{"type":"Polygon","coordinates":[[[114.58655900000001,22.70782807692308],[114.58656325,22.70782807692308],[114.58656325,22.707838416666664],[114.58655900000001,22.707838416666664],[114.58655900000001,22.70782807692308]]]},"properties":{"cluster_id":989,"lat":22.70783324679487,"lon":114.586561125,"count":2,"type":"berth","distance_to_coast":1843.82747316878,"inside_china_land":false}},{"type":"Feature","geometry":{"type":"Polygon","coordinates":[[[121.66392238311688,29.516053555555555],[121.66406061864406,29.516053555555555],[121.66406061864406,29.516159272727272],[121.66392238311688,29.516159272727272],[121.66392238311688,29.516053555555555]]]},"properties":{"cluster_id":990,"lat":29.51610050213534,"lon":121.6639824511095,"count":8,"type":"berth","distance_to_coast":1200.9453210681954,"inside_china_land":false}},{"type":"Feature","geometry":{"type":"Polygon","coordinates":[[[108.32709533333333,21.60739408],[108.3272318,21.60739408],[108.3272318,21.608100125],[108.32709533333333,21.608100125],[108.32709533333333,21.60739408]]]},"properties":{"cluster_id":991,"lat":21.607547288967773,"lon":108.32716952638948,"count":9,"type":"berth","distance_to_coast":1786.0330785992412,"inside_china_land":false}},{"type":"Feature","geometry":{"type":"Polygon","coordinates":[[[109.58908516666666,21.583661],[109.59005533333334,21.583661],[109.59005533333334,21.58409809090909],[109.58908516666666,21.58409809090909],[109.58908516666666,21.583661]]]},"properties":{"cluster_id":996,"lat":21.583908141414145,"lon":109.58967916666668,"count":3,"type":"berth","distance_to_coast":1900.8580732390296,"inside_china_land":false}},{"type":"Feature","geometry":{"type":"Polygon","coordinates":[[[122.093623,40.28269918181818],[122.09404678723405,40.28269918181818],[122.09404678723405,40.28317981415929],[122.093623,40.28317981415929],[122.093623,40.28269918181818]]]},"properties":{"cluster_id":998,"lat":40.283016826033375,"lon":122.09392820141764,"count":4,"type":"berth","distance_to_coast":1589.8314549957156,"inside_china_land":false}},{"type":"Feature","geometry":{"type":"Polygon","coordinates":[[[121.59715212195123,31.366621867346936],[121.59723686734694,31.366621867346936],[121.59723686734694,31.36664787804878],[121.59715212195123,31.36664787804878],[121.59715212195123,31.366621867346936]]]},"properties":{"cluster_id":999,"lat":31.36663487269786,"lon":121.59719449464907,"count":2,"type":"berth","distance_to_coast":2243.0200366262147,"inside_china_land":false}},{"type":"Feature","geometry":{"type":"Polygon","coordinates":[[[119.71784117391304,26.779762083333335],[119.71842845833334,26.779762083333335],[119.71842845833334,26.7806705],[119.71784117391304,26.7806705],[119.71784117391304,26.779762083333335]]]},"properties":{"cluster_id":1000,"lat":26.78039729207839,"lon":119.71804333244972,"count":4,"type":"berth","distance_to_coast":1056.0685036323948,"inside_china_land":false}},{"type":"Feature","geometry":{"type":"Polygon","coordinates":[[[120.67578070370371,27.490000548387098],[120.67585385,27.490000548387098],[120.67585385,27.490031962962963],[120.67578070370371,27.490031962962963],[120.67578070370371,27.490000548387098]]]},"properties":{"cluster_id":1002,"lat":27.49001560871987,"lon":120.67582272523808,"count":4,"type":"berth","distance_to_coast":298.26924033020987,"inside_china_land":true}},{"type":"Feature","geometry":{"type":"Polygon","coordinates":[[[120.12858639999999,31.945797399999996],[120.12924014285714,31.945797399999996],[120.12924014285714,31.946121285714288],[120.12858639999999,31.946121285714288],[120.12858639999999,31.945797399999996]]]},"properties":{"cluster_id":1003,"lat":31.945959342857144,"lon":120.12891327142856,"count":2,"type":"berth","distance_to_coast":257.8565840972536,"inside_china_land":true}},{"type":"Feature","geometry":{"type":"Polygon","coordinates":[[[121.46883572368422,31.43132775],[121.47202675,31.43132775],[121.47202675,31.434415460526314],[121.46883572368422,31.434415460526314],[121.46883572368422,31.43132775]]]},"properties":{"cluster_id":1004,"lat":31.4326164074379,"lon":121.47081337828068,"count":15,"type":"berth","distance_to_coast":2131.1167253699564,"inside_china_land":false}},{"type":"Feature","geometry":{"type":"Polygon","coordinates":[[[122.07946706896551,40.30273721428572],[122.0814538961039,40.30273721428572],[122.0814538961039,40.305787571428574],[122.07946706896551,40.305787571428574],[122.07946706896551,40.30273721428572]]]},"properties":{"cluster_id":1005,"lat":40.30457084205378,"lon":122.08030174323032,"count":16,"type":"berth","distance_to_coast":2942.909886637044,"inside_china_land":false}},{"type":"Feature","geometry":{"type":"Polygon","coordinates":[[[121.71375145454545,31.335266333333333],[121.7138945,31.335266333333333],[121.7138945,31.335364454545456],[121.71375145454545,31.335364454545456],[121.71375145454545,31.335266333333333]]]},"properties":{"cluster_id":1007,"lat":31.335315393939396,"lon":121.71382297727271,"count":2,"type":"berth","distance_to_coast":2572.0044995285343,"inside_china_land":false}},{"type":"Feature","geometry":{"type":"Polygon","coordinates":[[[121.62652654545454,31.37718525],[121.627399125,31.37718525],[121.627399125,31.377333909090908],[121.62652654545454,31.377333909090908],[121.62652654545454,31.37718525]]]},"properties":{"cluster_id":1009,"lat":31.377259579545452,"lon":121.62696283522726,"count":2,"type":"berth","distance_to_coast":3800.097402307566,"inside_china_land":false}},{"type":"Feature","geometry":{"type":"Polygon","coordinates":[[[124.15868864285714,39.825968571428575],[124.15899064705881,39.825968571428575],[124.15899064705881,39.82731088235295],[124.15868864285714,39.82731088235295],[124.15868864285714,39.825968571428575]]]},"properties":{"cluster_id":1011,"lat":39.82686123508979,"lon":124.15884885919274,"count":7,"type":"berth","distance_to_coast":3292.6686894611134,"inside_china_land":false}},{"type":"Feature","geometry":{"type":"Polygon","coordinates":[[[119.60352668181818,26.13795931818182],[119.60449166666666,26.13795931818182],[119.60449166666666,26.138392333333332],[119.60352668181818,26.138392333333332],[119.60352668181818,26.13795931818182]]]},"properties":{"cluster_id":1012,"lat":26.138301385114406,"lon":119.60428991025972,"count":7,"type":"berth","distance_to_coast":1052.9326259201316,"inside_china_land":false}},{"type":"Feature","geometry":{"type":"Polygon","coordinates":[[[118.49047075,39.08193627777778],[118.49208733333333,39.08193627777778],[118.49208733333333,39.08275166225165],[118.49047075,39.08275166225165],[118.49047075,39.08193627777778]]]},"properties":{"cluster_id":1014,"lat":39.08249020458476,"lon":118.49087042891472,"count":21,"type":"berth","distance_to_coast":2802.546285874515,"inside_china_land":false}},{"type":"Feature","geometry":{"type":"Polygon","coordinates":[[[118.93367592592593,24.839012750000002],[118.93373650000001,24.839012750000002],[118.93373650000001,24.839041037037035],[118.93367592592593,24.839041037037035],[118.93367592592593,24.839012750000002]]]},"properties":{"cluster_id":1015,"lat":24.83902689351852,"lon":118.93370621296296,"count":2,"type":"berth","distance_to_coast":3824.1922703436617,"inside_china_land":false}},{"type":"Feature","geometry":{"type":"Polygon","coordinates":[[[119.87088,26.2879826875],[119.8709750625,26.2879826875],[119.8709750625,26.288054250000002],[119.87088,26.288054250000002],[119.87088,26.2879826875]]]},"properties":{"cluster_id":1018,"lat":26.288018468750003,"lon":119.87092753125,"count":2,"type":"berth","distance_to_coast":3232.0581049069106,"inside_china_land":false}},{"type":"Feature","geometry":{"type":"Polygon","coordinates":[[[120.18863,35.99848988],[120.18874634375,35.99848988],[120.18874634375,35.998675750000004],[120.18863,35.998675750000004],[120.18863,35.99848988]]]},"properties":{"cluster_id":1019,"lat":35.998556272500004,"lon":120.18868226125,"count":3,"type":"berth","distance_to_coast":1544.7757144720606,"inside_china_land":false}},{"type":"Feature","geometry":{"type":"Polygon","coordinates":[[[119.1740806,32.236470399999995],[119.17444259999999,32.236470399999995],[119.17444259999999,32.2366562],[119.1740806,32.2366562],[119.1740806,32.236470399999995]]]},"properties":{"cluster_id":1020,"lat":32.23656,"lon":119.17425235555554,"count":3,"type":"berth","distance_to_coast":48349.44588015861,"inside_china_land":true}},{"type":"Feature","geometry":{"type":"Polygon","coordinates":[[[118.5303214,31.81881919512195],[118.53032384444444,31.81881919512195],[118.53032384444444,31.818882000000002],[118.5303214,31.818882000000002],[118.5303214,31.81881919512195]]]},"properties":{"cluster_id":1021,"lat":31.818852309485095,"lon":118.53032242294488,"count":3,"type":"berth","distance_to_coast":129627.5008652652,"inside_china_land":true}},{"type":"Feature","geometry":{"type":"Polygon","coordinates":[[[113.38402612499999,22.222892166666668],[113.38447060000001,22.222892166666668],[113.38447060000001,22.2235565],[113.38402612499999,22.2235565],[113.38402612499999,22.222892166666668]]]},"properties":{"cluster_id":1022,"lat":22.2230437375947,"lon":113.3843308940341,"count":8,"type":"berth","distance_to_coast":1337.2594057183524,"inside_china_land":false}},{"type":"Feature","geometry":{"type":"Polygon","coordinates":[[[120.32609633333333,36.097159133333335],[120.3272354347826,36.097159133333335],[120.3272354347826,36.09780834782609],[120.32609633333333,36.09780834782609],[120.32609633333333,36.097159133333335]]]},"properties":{"cluster_id":1028,"lat":36.09759461589511,"lon":120.32693980224025,"count":13,"type":"berth","distance_to_coast":1564.123207768404,"inside_china_land":true}},{"type":"Feature","geometry":{"type":"Polygon","coordinates":[[[121.851609,31.668476666666667],[121.8522854,31.668476666666667],[121.8522854,31.6684996],[121.851609,31.6684996],[121.851609,31.668476666666667]]]},"properties":{"cluster_id":1030,"lat":31.668487391666662,"lon":121.85193472857144,"count":4,"type":"berth","distance_to_coast":2916.0476170469115,"inside_china_land":false}},{"type":"Feature","geometry":{"type":"Polygon","coordinates":[[[120.871893375,36.374319],[120.87206325,36.374319],[120.87206325,36.37480175],[120.871893375,36.37480175],[120.871893375,36.374319]]]},"properties":{"cluster_id":1037,"lat":36.37456343427003,"lon":120.87198618553508,"count":4,"type":"berth","distance_to_coast":574.5777942338052,"inside_china_land":false}},{"type":"Feature","geometry":{"type":"Polygon","coordinates":[[[118.88375985087718,24.86261594736842],[118.88384541666666,24.86261594736842],[118.88384541666666,24.86263574],[118.88375985087718,24.86263574],[118.88375985087718,24.86261594736842]]]},"properties":{"cluster_id":1038,"lat":24.862623359342106,"lon":118.8838009050678,"count":4,"type":"berth","distance_to_coast":2223.430429214202,"inside_china_land":false}},{"type":"Feature","geometry":{"type":"Polygon","coordinates":[[[121.82753338461538,31.68628553846154],[121.82753385185185,31.68628553846154],[121.82753385185185,31.68631014814815],[121.82753338461538,31.68631014814815],[121.82753338461538,31.68628553846154]]]},"properties":{"cluster_id":1039,"lat":31.686297843304843,"lon":121.82753361823362,"count":2,"type":"berth","distance_to_coast":601.9748322662559,"inside_china_land":false}},{"type":"Feature","geometry":{"type":"Polygon","coordinates":[[[120.6376396517857,32.02286677272727],[120.6376468181818,32.02286677272727],[120.6376468181818,32.02286925892857],[120.6376396517857,32.02286925892857],[120.6376396517857,32.02286677272727]]]},"properties":{"cluster_id":1045,"lat":32.022868015827925,"lon":120.63764323498376,"count":2,"type":"berth","distance_to_coast":3600.4599474263114,"inside_china_land":false}},{"type":"Feature","geometry":{"type":"Polygon","coordinates":[[[120.53343242857143,32.003474142857144],[120.53384866666666,32.003474142857144],[120.53384866666666,32.004307000000004],[120.53343242857143,32.004307000000004],[120.53343242857143,32.003474142857144]]]},"properties":{"cluster_id":1049,"lat":32.00401056277057,"lon":120.53370020598844,"count":3,"type":"berth","distance_to_coast":1195.934858932694,"inside_china_land":true}},{"type":"Feature","geometry":{"type":"Polygon","coordinates":[[[122.39545899999999,30.396777285714286],[122.39561528571429,30.396777285714286],[122.39561528571429,30.396832571428572],[122.39545899999999,30.396832571428572],[122.39545899999999,30.396777285714286]]]},"properties":{"cluster_id":1052,"lat":30.396804928571427,"lon":122.39553714285714,"count":2,"type":"berth","distance_to_coast":2974.674941748245,"inside_china_land":false}},{"type":"Feature","geometry":{"type":"Polygon","coordinates":[[[113.09975409090909,22.144666909090912],[113.10003745454546,22.144666909090912],[113.10003745454546,22.145222818181818],[113.09975409090909,22.145222818181818],[113.09975409090909,22.144666909090912]]]},"properties":{"cluster_id":1053,"lat":22.144944863636365,"lon":113.09989577272728,"count":2,"type":"berth","distance_to_coast":2047.6340362486412,"inside_china_land":false}},{"type":"Feature","geometry":{"type":"Polygon","coordinates":[[[119.292425,32.19621156521739],[119.29428974999999,32.19621156521739],[119.29428974999999,32.19683907142857],[119.292425,32.19683907142857],[119.292425,32.19621156521739]]]},"properties":{"cluster_id":1054,"lat":32.19643581094607,"lon":119.2933365308175,"count":9,"type":"berth","distance_to_coast":34811.05527263023,"inside_china_land":true}},{"type":"Feature","geometry":{"type":"Polygon","coordinates":[[[122.14668814285713,30.247503266666666],[122.14673086666667,30.247503266666666],[122.14673086666667,30.24754442857143],[122.14668814285713,30.24754442857143],[122.14668814285713,30.247503266666666]]]},"properties":{"cluster_id":1055,"lat":30.24752384761905,"lon":122.1467095047619,"count":2,"type":"berth","distance_to_coast":688.3622909654378,"inside_china_land":false}},{"type":"Feature","geometry":{"type":"Polygon","coordinates":[[[120.42791049514562,31.968428],[120.43010144186047,31.968428],[120.43010144186047,31.9688791627907],[120.42791049514562,31.9688791627907],[120.42791049514562,31.968428]]]},"properties":{"cluster_id":1056,"lat":31.96859915485813,"lon":120.42870222563847,"count":7,"type":"berth","distance_to_coast":617.5323173017272,"inside_china_land":true}},{"type":"Feature","geometry":{"type":"Polygon","coordinates":[[[120.63149215151516,32.01262652873563],[120.63158848275862,32.01262652873563],[120.63158848275862,32.012725333333336],[120.63149215151516,32.012725333333336],[120.63149215151516,32.01262652873563]]]},"properties":{"cluster_id":1057,"lat":32.012680428770466,"lon":120.63154079872618,"count":3,"type":"berth","distance_to_coast":2363.9876965856106,"inside_china_land":false}},{"type":"Feature","geometry":{"type":"Polygon","coordinates":[[[121.98964285333332,30.034464837606837],[121.99017093902438,30.034464837606837],[121.99017093902438,30.035095066666663],[121.98964285333332,30.035095066666663],[121.98964285333332,30.034464837606837]]]},"properties":{"cluster_id":1059,"lat":30.03475071836169,"lon":121.98983804907807,"count":13,"type":"berth","distance_to_coast":475.19629897868447,"inside_china_land":false}},{"type":"Feature","geometry":{"type":"Polygon","coordinates":[[[121.07287694736843,30.581908],[121.07323376811594,30.581908],[121.07323376811594,30.582089],[121.07287694736843,30.582089],[121.07287694736843,30.581908]]]},"properties":{"cluster_id":1060,"lat":30.582009211520745,"lon":121.07301145808492,"count":10,"type":"berth","distance_to_coast":471.9602261363207,"inside_china_land":false}},{"type":"Feature","geometry":{"type":"Polygon","coordinates":[[[120.31950347222222,36.09550512307692],[120.3201452,36.09550512307692],[120.3201452,36.09638436111111],[120.31950347222222,36.09638436111111],[120.31950347222222,36.09550512307692]]]},"properties":{"cluster_id":1061,"lat":36.09594474209402,"lon":120.31982433611113,"count":2,"type":"berth","distance_to_coast":791.1989137622974,"inside_china_land":true}},{"type":"Feature","geometry":{"type":"Polygon","coordinates":[[[118.03853074074074,38.09479424137931],[118.039728375,38.09479424137931],[118.039728375,38.096659370370375],[118.03853074074074,38.096659370370375],[118.03853074074074,38.09479424137931]]]},"properties":{"cluster_id":1062,"lat":38.0957779767622,"lon":118.03910865400849,"count":12,"type":"berth","distance_to_coast":7297.010623698515,"inside_china_land":true}},{"type":"Feature","geometry":{"type":"Polygon","coordinates":[[[118.04048083333333,38.059494],[118.04057107142856,38.059494],[118.04057107142856,38.05953528571428],[118.04048083333333,38.05953528571428],[118.04048083333333,38.059494]]]},"properties":{"cluster_id":1064,"lat":38.059514454212454,"lon":118.04053117338218,"count":3,"type":"berth","distance_to_coast":12136.758718880874,"inside_china_land":true}},{"type":"Feature","geometry":{"type":"Polygon","coordinates":[[[118.36660998765431,39.040594641975304],[118.36661239330695,39.040594641975304],[118.36661239330695,39.040599419935226],[118.36660998765431,39.040599419935226],[118.36660998765431,39.040594641975304]]]},"properties":{"cluster_id":1065,"lat":39.04059703095527,"lon":118.36661119048064,"count":2,"type":"berth","distance_to_coast":506.3375224655122,"inside_china_land":false}},{"type":"Feature","geometry":{"type":"Polygon","coordinates":[[[118.077423,38.178414000000004],[118.07899325,38.178414000000004],[118.07899325,38.180640833333335],[118.077423,38.180640833333335],[118.077423,38.178414000000004]]]},"properties":{"cluster_id":1066,"lat":38.17964938583334,"lon":118.07819990916664,"count":10,"type":"berth","distance_to_coast":2870.9740734858287,"inside_china_land":false}},{"type":"Feature","geometry":{"type":"Polygon","coordinates":[[[118.0373922,38.06216784210526],[118.03869870588235,38.06216784210526],[118.03869870588235,38.06586278571428],[118.0373922,38.06586278571428],[118.0373922,38.06216784210526]]]},"properties":{"cluster_id":1067,"lat":38.06427521950536,"lon":118.03809818721815,"count":17,"type":"berth","distance_to_coast":11549.946240701927,"inside_china_land":true}},{"type":"Feature","geometry":{"type":"Polygon","coordinates":[[[118.04489142857143,38.07240899999999],[118.04695518181819,38.07240899999999],[118.04695518181819,38.079732692307694],[118.04489142857143,38.079732692307694],[118.04489142857143,38.07240899999999]]]},"properties":{"cluster_id":1068,"lat":38.07508394649065,"lon":118.0460790046785,"count":64,"type":"berth","distance_to_coast":9853.172725132816,"inside_china_land":true}},{"type":"Feature","geometry":{"type":"Polygon","coordinates":[[[118.080694,38.18806675],[118.0826115,38.18806675],[118.0826115,38.18987216666667],[118.080694,38.18987216666667],[118.080694,38.18806675]]]},"properties":{"cluster_id":1070,"lat":38.188959187777776,"lon":118.08190975333332,"count":5,"type":"berth","distance_to_coast":3845.783278153977,"inside_china_land":false}},{"type":"Feature","geometry":{"type":"Polygon","coordinates":[[[121.74998,39.38355],[121.75052385714285,39.38355],[121.75052385714285,39.384215],[121.74998,39.384215],[121.74998,39.38355]]]},"properties":{"cluster_id":1071,"lat":39.38406570731718,"lon":121.75041675227833,"count":42,"type":"berth","distance_to_coast":1848.096484839971,"inside_china_land":false}},{"type":"Feature","geometry":{"type":"Polygon","coordinates":[[[118.03711753846154,38.0316308],[118.03739999999999,38.0316308],[118.03739999999999,38.03245990909091],[118.03711753846154,38.03245990909091],[118.03711753846154,38.0316308]]]},"properties":{"cluster_id":1072,"lat":38.03216975708042,"lon":118.03726104054002,"count":8,"type":"berth","distance_to_coast":15974.657950151892,"inside_china_land":true}},{"type":"Feature","geometry":{"type":"Polygon","coordinates":[[[121.108473,37.714473250000005],[121.110915,37.714473250000005],[121.110915,37.717415875],[121.108473,37.717415875],[121.108473,37.714473250000005]]]},"properties":{"cluster_id":1073,"lat":37.71594726280726,"lon":121.10964206099256,"count":14,"type":"berth","distance_to_coast":1015.5576208626932,"inside_china_land":false}},{"type":"Feature","geometry":{"type":"Polygon","coordinates":[[[121.74200599999999,39.385062833333336],[121.74584216666666,39.385062833333336],[121.74584216666666,39.3865906],[121.74200599999999,39.3865906],[121.74200599999999,39.385062833333336]]]},"properties":{"cluster_id":1074,"lat":39.385743297561966,"lon":121.7437249672452,"count":13,"type":"berth","distance_to_coast":1731.0533578729226,"inside_china_land":false}},{"type":"Feature","geometry":{"type":"Polygon","coordinates":[[[121.57198700000001,39.271739600000004],[121.5729012,39.271739600000004],[121.5729012,39.27226],[121.57198700000001,39.27226],[121.57198700000001,39.271739600000004]]]},"properties":{"cluster_id":1075,"lat":39.27189454880953,"lon":121.57233284166668,"count":4,"type":"berth","distance_to_coast":2260.9807568778756,"inside_china_land":false}},{"type":"Feature","geometry":{"type":"Polygon","coordinates":[[[121.74764425000001,39.3823754],[121.7480874,39.3823754],[121.7480874,39.38250925],[121.74764425000001,39.38250925],[121.74764425000001,39.3823754]]]},"properties":{"cluster_id":1076,"lat":39.382442325,"lon":121.747865825,"count":2,"type":"berth","distance_to_coast":2131.8102929610777,"inside_china_land":false}},{"type":"Feature","geometry":{"type":"Polygon","coordinates":[[[118.07903116666667,38.182464181818176],[118.0799795,38.182464181818176],[118.0799795,38.18362833333333],[118.07903116666667,38.18362833333333],[118.07903116666667,38.182464181818176]]]},"properties":{"cluster_id":1078,"lat":38.18283512045454,"lon":118.07940214848486,"count":4,"type":"berth","distance_to_coast":3163.9245770678276,"inside_china_land":false}},{"type":"Feature","geometry":{"type":"Polygon","coordinates":[[[121.574008,39.2725586],[121.57444450000001,39.2725586],[121.57444450000001,39.272914666666665],[121.574008,39.272914666666665],[121.574008,39.2725586]]]},"properties":{"cluster_id":1079,"lat":39.27268371388889,"lon":121.57418933333334,"count":3,"type":"berth","distance_to_coast":2147.888581260234,"inside_china_land":false}},{"type":"Feature","geometry":{"type":"Polygon","coordinates":[[[118.0351294074074,38.029128428571426],[118.03583884,38.029128428571426],[118.03583884,38.03038453333333],[118.0351294074074,38.03038453333333],[118.0351294074074,38.029128428571426]]]},"properties":{"cluster_id":1080,"lat":38.029796463070184,"lon":118.03541829069908,"count":7,"type":"berth","distance_to_coast":16359.296192092575,"inside_china_land":true}},{"type":"Feature","geometry":{"type":"Polygon","coordinates":[[[118.01903475,38.0154212],[118.0193465,38.0154212],[118.0193465,38.01563726086956],[118.01903475,38.01563726086956],[118.01903475,38.0154212]]]},"properties":{"cluster_id":1081,"lat":38.015520740668435,"lon":118.01919515581189,"count":7,"type":"berth","distance_to_coast":18752.926612331325,"inside_china_land":true}},{"type":"Feature","geometry":{"type":"Polygon","coordinates":[[[118.04348915384615,38.08928805263158],[118.04366515789475,38.08928805263158],[118.04366515789475,38.090019],[118.04348915384615,38.090019],[118.04348915384615,38.08928805263158]]]},"properties":{"cluster_id":1083,"lat":38.08975013519092,"lon":118.04355761371755,"count":3,"type":"berth","distance_to_coast":7921.734917996827,"inside_china_land":true}},{"type":"Feature","geometry":{"type":"Polygon","coordinates":[[[118.0801445,38.186967],[118.08026233333334,38.186967],[118.08026233333334,38.18698825],[118.0801445,38.18698825],[118.0801445,38.186967]]]},"properties":{"cluster_id":1084,"lat":38.186977625,"lon":118.08020341666668,"count":2,"type":"berth","distance_to_coast":3530.5205360646055,"inside_china_land":false}},{"type":"Feature","geometry":{"type":"Polygon","coordinates":[[[121.57182633333332,39.26989433333333],[121.57204233333334,39.26989433333333],[121.57204233333334,39.270270000000004],[121.57182633333332,39.270270000000004],[121.57182633333332,39.26989433333333]]]},"properties":{"cluster_id":1085,"lat":39.27008216666667,"lon":121.57193433333332,"count":2,"type":"berth","distance_to_coast":2183.61951376883,"inside_china_land":false}},{"type":"Feature","geometry":{"type":"Polygon","coordinates":[[[121.57697619999999,39.273176],[121.57749057142857,39.273176],[121.57749057142857,39.273298857142855],[121.57697619999999,39.273298857142855],[121.57697619999999,39.273176]]]},"properties":{"cluster_id":1087,"lat":39.27323742857143,"lon":121.57723338571428,"count":2,"type":"berth","distance_to_coast":1934.944415198054,"inside_china_land":false}},{"type":"Feature","geometry":{"type":"Polygon","coordinates":[[[118.02207764285716,38.01807885714286],[118.02362007142857,38.01807885714286],[118.02362007142857,38.01931307142858],[118.02207764285716,38.01931307142858],[118.02207764285716,38.01807885714286]]]},"properties":{"cluster_id":1088,"lat":38.01857285688482,"lon":118.0226880342688,"count":12,"type":"berth","distance_to_coast":18233.65197431402,"inside_china_land":true}},{"type":"Feature","geometry":{"type":"Polygon","coordinates":[[[121.38780406666666,37.58340736363636],[121.38883372727273,37.58340736363636],[121.38883372727273,37.583437466666666],[121.38780406666666,37.583437466666666],[121.38780406666666,37.58340736363636]]]},"properties":{"cluster_id":1089,"lat":37.58342241515152,"lon":121.3883188969697,"count":2,"type":"berth","distance_to_coast":461.2586589451603,"inside_china_land":false}},{"type":"Feature","geometry":{"type":"Polygon","coordinates":[[[118.02047392307692,38.0168276],[118.021795,38.0168276],[118.021795,38.017098727272725],[118.02047392307692,38.017098727272725],[118.02047392307692,38.0168276]]]},"properties":{"cluster_id":1090,"lat":38.017030294360744,"lon":118.02074545430968,"count":6,"type":"berth","distance_to_coast":18500.912875298534,"inside_china_land":true}},{"type":"Feature","geometry":{"type":"Polygon","coordinates":[[[118.45501019999999,38.99329025],[118.45532425,38.99329025],[118.45532425,38.9943868],[118.45501019999999,38.9943868],[118.45501019999999,38.99329025]]]},"properties":{"cluster_id":1091,"lat":38.99383671064103,"lon":118.45517080121796,"count":5,"type":"berth","distance_to_coast":1639.4307551094778,"inside_china_land":false}},{"type":"Feature","geometry":{"type":"Polygon","coordinates":[[[121.38484147619047,37.583312649999996],[121.38504515,37.583312649999996],[121.38504515,37.583359095238094],[121.38484147619047,37.583359095238094],[121.38484147619047,37.583312649999996]]]},"properties":{"cluster_id":1092,"lat":37.583335872619045,"lon":121.38494331309523,"count":2,"type":"berth","distance_to_coast":221.8851227764591,"inside_china_land":false}},{"type":"Feature","geometry":{"type":"Polygon","coordinates":[[[118.02562666666667,38.020572],[118.0268852,38.020572],[118.0268852,38.02149133333334],[118.02562666666667,38.02149133333334],[118.02562666666667,38.020572]]]},"properties":{"cluster_id":1093,"lat":38.02104788699512,"lon":118.02622711770388,"count":13,"type":"berth","distance_to_coast":17795.98412124589,"inside_china_land":true}},{"type":"Feature","geometry":{"type":"Polygon","coordinates":[[[122.63940198275863,37.422286086956525],[122.64043526086957,37.422286086956525],[122.64043526086957,37.422972310344825],[122.63940198275863,37.422972310344825],[122.63940198275863,37.422286086956525]]]},"properties":{"cluster_id":1095,"lat":37.422629198650675,"lon":122.6399186218141,"count":2,"type":"berth","distance_to_coast":892.5252086565732,"inside_china_land":false}},{"type":"Feature","geometry":{"type":"Polygon","coordinates":[[[121.46614675000001,31.119130523809524],[121.46631291666667,31.119130523809524],[121.46631291666667,31.1195665],[121.46614675000001,31.1195665],[121.46614675000001,31.119130523809524]]]},"properties":{"cluster_id":1101,"lat":31.11928950793651,"lon":121.4662459206349,"count":3,"type":"berth","distance_to_coast":33090.88787251445,"inside_china_land":true}},{"type":"Feature","geometry":{"type":"Polygon","coordinates":[[[121.4989201594203,32.122225],[121.49965235714286,32.122225],[121.49965235714286,32.12605166666667],[121.4989201594203,32.12605166666667],[121.4989201594203,32.122225]]]},"properties":{"cluster_id":1104,"lat":32.124038833249706,"lon":121.49925663852318,"count":13,"type":"berth","distance_to_coast":1825.99632496343,"inside_china_land":false}},{"type":"Feature","geometry":{"type":"Polygon","coordinates":[[[120.12985783333333,31.948345],[120.13119124999999,31.948345],[120.13119124999999,31.948618238095236],[120.12985783333333,31.948618238095236],[120.12985783333333,31.948345]]]},"properties":{"cluster_id":1107,"lat":31.94846719047619,"lon":120.13069783730158,"count":3,"type":"berth","distance_to_coast":633.1655059267641,"inside_china_land":true}},{"type":"Feature","geometry":{"type":"Polygon","coordinates":[[[121.17247510526316,31.695357153846153],[121.17404866666668,31.695357153846153],[121.17404866666668,31.695696666666667],[121.17247510526316,31.695696666666667],[121.17247510526316,31.695357153846153]]]},"properties":{"cluster_id":1108,"lat":31.695534506207828,"lon":121.17360602109684,"count":5,"type":"berth","distance_to_coast":3302.165672503319,"inside_china_land":false}},{"type":"Feature","geometry":{"type":"Polygon","coordinates":[[[119.64006193333333,25.344647125],[119.6412333,25.344647125],[119.6412333,25.345125125],[119.64006193333333,25.345125125],[119.64006193333333,25.344647125]]]},"properties":{"cluster_id":1109,"lat":25.34490992292023,"lon":119.64069439734764,"count":27,"type":"berth","distance_to_coast":1194.427625379033,"inside_china_land":false}},{"type":"Feature","geometry":{"type":"Polygon","coordinates":[[[120.0011334347826,31.995097549999997],[120.0017235142857,31.995097549999997],[120.0017235142857,31.995631739130435],[120.0011334347826,31.995631739130435],[120.0011334347826,31.995097549999997]]]},"properties":{"cluster_id":1110,"lat":31.99529147872975,"lon":120.00152461047374,"count":3,"type":"berth","distance_to_coast":1089.367271282532,"inside_china_land":false}},{"type":"Feature","geometry":{"type":"Polygon","coordinates":[[[122.0431407878788,29.980486512820516],[122.04413927777779,29.980486512820516],[122.04413927777779,29.981131484848486],[122.0431407878788,29.981131484848486],[122.0431407878788,29.980486512820516]]]},"properties":{"cluster_id":1112,"lat":29.980615543135546,"lon":122.04395038750287,"count":12,"type":"berth","distance_to_coast":2832.1710601934456,"inside_china_land":false}},{"type":"Feature","geometry":{"type":"Polygon","coordinates":[[[121.97207063636364,30.11566425],[121.97211042857143,30.11566425],[121.97211042857143,30.11569503448276],[121.97207063636364,30.11569503448276],[121.97207063636364,30.11566425]]]},"properties":{"cluster_id":1113,"lat":30.115682737684725,"lon":121.97208404463352,"count":3,"type":"berth","distance_to_coast":119.46854035833802,"inside_china_land":false}},{"type":"Feature","geometry":{"type":"Polygon","coordinates":[[[121.9866919375,29.9298525],[121.98750688461539,29.9298525],[121.98750688461539,29.93085195652174],[121.9866919375,29.93085195652174],[121.9866919375,29.9298525]]]},"properties":{"cluster_id":1114,"lat":29.930514216136977,"lon":121.98694391373162,"count":43,"type":"berth","distance_to_coast":62.99758962439339,"inside_china_land":false}},{"type":"Feature","geometry":{"type":"Polygon","coordinates":[[[122.07855264705883,30.156791],[122.0798528,30.156791],[122.0798528,30.157170999999998],[122.07855264705883,30.157170999999998],[122.07855264705883,30.156791]]]},"properties":{"cluster_id":1115,"lat":30.156945758270886,"lon":122.07939382618532,"count":40,"type":"berth","distance_to_coast":1207.895306364754,"inside_china_land":false}},{"type":"Feature","geometry":{"type":"Polygon","coordinates":[[[121.8048405909091,29.96223164],[121.80491517948718,29.96223164],[121.80491517948718,29.962326681818183],[121.8048405909091,29.962326681818183],[121.8048405909091,29.96223164]]]},"properties":{"cluster_id":1119,"lat":29.962263612604616,"lon":121.80487957941442,"count":11,"type":"berth","distance_to_coast":429.9712169503557,"inside_china_land":false}},{"type":"Feature","geometry":{"type":"Polygon","coordinates":[[[120.22545506382978,31.942496382978725],[120.22546774418605,31.942496382978725],[120.22546774418605,31.942521860465117],[120.22545506382978,31.942521860465117],[120.22545506382978,31.942496382978725]]]},"properties":{"cluster_id":1120,"lat":31.94250912172192,"lon":120.22546140400792,"count":2,"type":"berth","distance_to_coast":649.3610541293926,"inside_china_land":true}},{"type":"Feature","geometry":{"type":"Polygon","coordinates":[[[117.7600786,38.95725646341464],[117.76122552272727,38.95725646341464],[117.76122552272727,38.95772242],[117.7600786,38.95772242],[117.7600786,38.95725646341464]]]},"properties":{"cluster_id":1121,"lat":38.95749880533083,"lon":117.76061838002636,"count":23,"type":"berth","distance_to_coast":3447.0871573872028,"inside_china_land":false}},{"type":"Feature","geometry":{"type":"Polygon","coordinates":[[[117.7792885882353,38.986404125],[117.77937875,38.986404125],[117.77937875,38.98719928125],[117.7792885882353,38.98719928125],[117.7792885882353,38.986404125]]]},"properties":{"cluster_id":1122,"lat":38.98699366874164,"lon":117.77931228555316,"count":4,"type":"berth","distance_to_coast":510.38570718391475,"inside_china_land":false}},{"type":"Feature","geometry":{"type":"Polygon","coordinates":[[[119.85079330392156,32.29123416463415],[119.85083666055047,32.29123416463415],[119.85083666055047,32.291254055045876],[119.85079330392156,32.291254055045876],[119.85079330392156,32.29123416463415]]]},"properties":{"cluster_id":1123,"lat":32.2912432858671,"lon":119.8508159641104,"count":4,"type":"berth","distance_to_coast":4.544613972519229,"inside_china_land":false}},{"type":"Feature","geometry":{"type":"Polygon","coordinates":[[[121.56438697619048,31.379847707317072],[121.56533333898304,31.379847707317072],[121.56533333898304,31.380302380952383],[121.56438697619048,31.380302380952383],[121.56438697619048,31.379847707317072]]]},"properties":{"cluster_id":1128,"lat":31.38012291813646,"lon":121.5647885460486,"count":6,"type":"berth","distance_to_coast":2479.898982928882,"inside_china_land":false}},{"type":"Feature","geometry":{"type":"Polygon","coordinates":[[[122.06228366666667,29.75543807317073],[122.06288664285715,29.75543807317073],[122.06288664285715,29.75644661764706],[122.06228366666667,29.75644661764706],[122.06228366666667,29.75543807317073]]]},"properties":{"cluster_id":1129,"lat":29.75605754701946,"lon":122.06262471402096,"count":10,"type":"berth","distance_to_coast":1343.240132102407,"inside_china_land":true}},{"type":"Feature","geometry":{"type":"Polygon","coordinates":[[[121.96675269696969,29.953034111111112],[121.96716587951806,29.953034111111112],[121.96716587951806,29.9539674],[121.96675269696969,29.9539674],[121.96675269696969,29.953034111111112]]]},"properties":{"cluster_id":1131,"lat":29.95347514116466,"lon":121.96697565826337,"count":4,"type":"berth","distance_to_coast":231.12775909796787,"inside_china_land":false}},{"type":"Feature","geometry":{"type":"Polygon","coordinates":[[[121.96136736111112,40.20126880555555],[121.96150207317073,40.20126880555555],[121.96150207317073,40.201308195121946],[121.96136736111112,40.201308195121946],[121.96136736111112,40.20126880555555]]]},"properties":{"cluster_id":1132,"lat":40.20128850033875,"lon":121.96143471714092,"count":2,"type":"berth","distance_to_coast":3938.6769573060737,"inside_china_land":false}},{"type":"Feature","geometry":{"type":"Polygon","coordinates":[[[120.5255725974026,32.06943618181818],[120.52570290909091,32.06943618181818],[120.52570290909091,32.069499578947365],[120.5255725974026,32.069499578947365],[120.5255725974026,32.06943618181818]]]},"properties":{"cluster_id":1136,"lat":32.06946778795281,"lon":120.52564369890185,"count":5,"type":"berth","distance_to_coast":1645.2929247662191,"inside_china_land":false}},{"type":"Feature","geometry":{"type":"Polygon","coordinates":[[[119.77130509090908,35.57240546969697],[119.77254535714285,35.57240546969697],[119.77254535714285,35.57299838095238],[119.77130509090908,35.57299838095238],[119.77130509090908,35.57240546969697]]]},"properties":{"cluster_id":1140,"lat":35.57258183354595,"lon":119.77167910424396,"count":5,"type":"berth","distance_to_coast":2274.5669585908654,"inside_china_land":false}},{"type":"Feature","geometry":{"type":"Polygon","coordinates":[[[121.28516717475729,30.683108274647886],[121.28621884615386,30.683108274647886],[121.28621884615386,30.68359534065934],[121.28516717475729,30.68359534065934],[121.28516717475729,30.683108274647886]]]},"properties":{"cluster_id":1142,"lat":30.683267902940138,"lon":121.28555828335276,"count":18,"type":"berth","distance_to_coast":1277.8845791329743,"inside_china_land":false}},{"type":"Feature","geometry":{"type":"Polygon","coordinates":[[[119.94696543037975,37.422151037974686],[119.94722507142856,37.422151037974686],[119.94722507142856,37.42231496428571],[119.94696543037975,37.42231496428571],[119.94696543037975,37.422151037974686]]]},"properties":{"cluster_id":1143,"lat":37.422233001130195,"lon":119.94709525090416,"count":2,"type":"berth","distance_to_coast":3456.839948968357,"inside_china_land":false}},{"type":"Feature","geometry":{"type":"Polygon","coordinates":[[[110.40801512345679,21.1607657654321],[110.40825197222222,21.1607657654321],[110.40825197222222,21.160904958333333],[110.40801512345679,21.160904958333333],[110.40801512345679,21.1607657654321]]]},"properties":{"cluster_id":1145,"lat":21.160837070714436,"lon":110.40817386513362,"count":9,"type":"berth","distance_to_coast":1548.8861849283896,"inside_china_land":false}},{"type":"Feature","geometry":{"type":"Polygon","coordinates":[[[119.77420036619719,35.57391394117647],[119.77530926530612,35.57391394117647],[119.77530926530612,35.574580499999996],[119.77420036619719,35.574580499999996],[119.77420036619719,35.57391394117647]]]},"properties":{"cluster_id":1146,"lat":35.5741891989506,"lon":119.77461959193911,"count":8,"type":"berth","distance_to_coast":2304.9112724826346,"inside_china_land":false}},{"type":"Feature","geometry":{"type":"Polygon","coordinates":[[[120.30250729411765,37.65181514814815],[120.30275405128204,37.65181514814815],[120.30275405128204,37.65290035714286],[120.30250729411765,37.65290035714286],[120.30250729411765,37.65181514814815]]]},"properties":{"cluster_id":1147,"lat":37.65216285106323,"lon":120.30265303439742,"count":5,"type":"berth","distance_to_coast":1053.470511449385,"inside_china_land":false}},{"type":"Feature","geometry":{"type":"Polygon","coordinates":[[[119.128602875,32.25190779166667],[119.12871535416667,32.25190779166667],[119.12871535416667,32.25207305063291],[119.128602875,32.25207305063291],[119.128602875,32.25190779166667]]]},"properties":{"cluster_id":1148,"lat":32.25198809597389,"lon":119.12865091592604,"count":7,"type":"berth","distance_to_coast":53635.36155665313,"inside_china_land":true}},{"type":"Feature","geometry":{"type":"Polygon","coordinates":[[[119.12413015841585,32.25173701851852],[119.12435225531915,32.25173701851852],[119.12435225531915,32.25193850847457],[119.12413015841585,32.25193850847457],[119.12413015841585,32.25173701851852]]]},"properties":{"cluster_id":1150,"lat":32.25184390576686,"lon":119.12429196474524,"count":13,"type":"berth","distance_to_coast":54113.65170688105,"inside_china_land":true}},{"type":"Feature","geometry":{"type":"Polygon","coordinates":[[[119.13707531818181,32.25151691549296],[119.13721123943661,32.25151691549296],[119.13721123943661,32.251699161290325],[119.13707531818181,32.251699161290325],[119.13707531818181,32.25151691549296]]]},"properties":{"cluster_id":1152,"lat":32.25162047951251,"lon":119.13714205364352,"count":5,"type":"berth","distance_to_coast":52692.32042787218,"inside_china_land":true}},{"type":"Feature","geometry":{"type":"Polygon","coordinates":[[[121.97207014893615,30.0473418125],[121.97274634375,30.0473418125],[121.97274634375,30.047979468085103],[121.97207014893615,30.047979468085103],[121.97207014893615,30.0473418125]]]},"properties":{"cluster_id":1153,"lat":30.047660640292552,"lon":121.97240824634308,"count":2,"type":"berth","distance_to_coast":869.6692294858526,"inside_china_land":false}},{"type":"Feature","geometry":{"type":"Polygon","coordinates":[[[121.57957664583334,37.441981],[121.5815193898305,37.441981],[121.5815193898305,37.442360441860465],[121.57957664583334,37.442360441860465],[121.57957664583334,37.441981]]]},"properties":{"cluster_id":1154,"lat":37.442260654704995,"lon":121.58107232123248,"count":42,"type":"berth","distance_to_coast":1734.307211662148,"inside_china_land":false}},{"type":"Feature","geometry":{"type":"Polygon","coordinates":[[[122.96184025000001,39.598507999999995],[122.96291628947368,39.598507999999995],[122.96291628947368,39.59989965909091],[122.96184025000001,39.59989965909091],[122.96184025000001,39.598507999999995]]]},"properties":{"cluster_id":1155,"lat":39.59921057076687,"lon":122.96259504130782,"count":4,"type":"berth","distance_to_coast":1803.860803814962,"inside_china_land":false}},{"type":"Feature","geometry":{"type":"Polygon","coordinates":[[[119.86360098837208,37.25384988888889],[119.86570928125,37.25384988888889],[119.86570928125,37.25403775],[119.86360098837208,37.25403775],[119.86360098837208,37.25384988888889]]]},"properties":{"cluster_id":1156,"lat":37.25397266909066,"lon":119.86471765905138,"count":23,"type":"berth","distance_to_coast":3000.840082467559,"inside_china_land":false}},{"type":"Feature","geometry":{"type":"Polygon","coordinates":[[[120.21434583606556,36.017917708333336],[120.21471941666668,36.017917708333336],[120.21471941666668,36.01814491803279],[120.21434583606556,36.01814491803279],[120.21434583606556,36.017917708333336]]]},"properties":{"cluster_id":1157,"lat":36.01803131318306,"lon":120.21453262636612,"count":2,"type":"berth","distance_to_coast":3017.3007956493416,"inside_china_land":false}},{"type":"Feature","geometry":{"type":"Polygon","coordinates":[[[120.8444384385965,37.82003487719299],[120.84505325,37.82003487719299],[120.84505325,37.82063925],[120.8444384385965,37.82063925],[120.8444384385965,37.82003487719299]]]},"properties":{"cluster_id":1158,"lat":37.820314938231,"lon":120.84481664619884,"count":3,"type":"berth","distance_to_coast":348.81478421736426,"inside_china_land":false}},{"type":"Feature","geometry":{"type":"Polygon","coordinates":[[[121.38053521428571,37.59578646052631],[121.38210460526317,37.59578646052631],[121.38210460526317,37.59659017857143],[121.38053521428571,37.59659017857143],[121.38053521428571,37.59578646052631]]]},"properties":{"cluster_id":1159,"lat":37.59643403633411,"lon":121.38114911363436,"count":17,"type":"berth","distance_to_coast":1437.7258809662992,"inside_china_land":true}},{"type":"Feature","geometry":{"type":"Polygon","coordinates":[[[120.62539423225807,37.782447167741935],[120.62580873913045,37.782447167741935],[120.62580873913045,37.782887108695654],[120.62539423225807,37.782887108695654],[120.62539423225807,37.782447167741935]]]},"properties":{"cluster_id":1160,"lat":37.7826285260083,"lon":120.6255557417856,"count":3,"type":"berth","distance_to_coast":620.8518245481541,"inside_china_land":true}},{"type":"Feature","geometry":{"type":"Polygon","coordinates":[[[120.13763739999999,35.911974],[120.1386082,35.911974],[120.1386082,35.9139378],[120.13763739999999,35.9139378],[120.13763739999999,35.911974]]]},"properties":{"cluster_id":1162,"lat":35.91275573212165,"lon":120.1383002812824,"count":27,"type":"berth","distance_to_coast":651.8022107309655,"inside_china_land":true}},{"type":"Feature","geometry":{"type":"Polygon","coordinates":[[[124.1592007142857,39.83022941],[124.15960725,39.83022941],[124.15960725,39.83168506172839],[124.1592007142857,39.83168506172839],[124.1592007142857,39.83022941]]]},"properties":{"cluster_id":1163,"lat":39.830770739350555,"lon":124.15940296143953,"count":24,"type":"berth","distance_to_coast":2985.194515259795,"inside_china_land":false}},{"type":"Feature","geometry":{"type":"Polygon","coordinates":[[[121.13216769565216,38.81711984615385],[121.13339371428572,38.81711984615385],[121.13339371428572,38.817364],[121.13216769565216,38.817364],[121.13216769565216,38.81711984615385]]]},"properties":{"cluster_id":1164,"lat":38.81731275271144,"lon":121.13285737617572,"count":13,"type":"berth","distance_to_coast":366.1933850482831,"inside_china_land":true}},{"type":"Feature","geometry":{"type":"Polygon","coordinates":[[[119.70761603999999,34.288455],[119.70819999999999,34.288455],[119.70819999999999,34.28903875],[119.70761603999999,34.28903875],[119.70761603999999,34.288455]]]},"properties":{"cluster_id":1168,"lat":34.28879793125696,"lon":119.70795407040406,"count":11,"type":"berth","distance_to_coast":27725.277982057916,"inside_china_land":true}},{"type":"Feature","geometry":{"type":"Polygon","coordinates":[[[119.790374625,34.390971071428574],[119.7921275625,34.390971071428574],[119.7921275625,34.39251554545455],[119.790374625,34.39251554545455],[119.790374625,34.390971071428574]]]},"properties":{"cluster_id":1169,"lat":34.39172812033104,"lon":119.79126774461176,"count":87,"type":"berth","distance_to_coast":11307.456841255607,"inside_china_land":true}},{"type":"Feature","geometry":{"type":"Polygon","coordinates":[[[122.43874075609757,36.88606677777778],[122.43887894444444,36.88606677777778],[122.43887894444444,36.88768940740741],[122.43874075609757,36.88768940740741],[122.43874075609757,36.88606677777778]]]},"properties":{"cluster_id":1170,"lat":36.887219112051454,"lon":122.43879831674272,"count":8,"type":"berth","distance_to_coast":868.5048922995592,"inside_china_land":false}},{"type":"Feature","geometry":{"type":"Polygon","coordinates":[[[122.09257160714286,40.28765060714286],[122.09309257692308,40.28765060714286],[122.09309257692308,40.287936538461544],[122.09257160714286,40.287936538461544],[122.09257160714286,40.28765060714286]]]},"properties":{"cluster_id":1171,"lat":40.2877935728022,"lon":122.09283209203298,"count":2,"type":"berth","distance_to_coast":1731.7370613695325,"inside_china_land":false}},{"type":"Feature","geometry":{"type":"Polygon","coordinates":[[[122.09631568862275,40.2879424590164],[122.09647849180328,40.2879424590164],[122.09647849180328,40.288077832335325],[122.09631568862275,40.288077832335325],[122.09631568862275,40.2879424590164]]]},"properties":{"cluster_id":1172,"lat":40.28801014567586,"lon":122.09639709021302,"count":2,"type":"berth","distance_to_coast":1336.8017850512124,"inside_china_land":false}},{"type":"Feature","geometry":{"type":"Polygon","coordinates":[[[120.62768330769231,37.78318609090909],[120.63002472131147,37.78318609090909],[120.63002472131147,37.78333471328671],[120.62768330769231,37.78333471328671],[120.62768330769231,37.78318609090909]]]},"properties":{"cluster_id":1173,"lat":37.78328224988853,"lon":120.6291109497399,"count":9,"type":"berth","distance_to_coast":611.1389364379562,"inside_china_land":true}},{"type":"Feature","geometry":{"type":"Polygon","coordinates":[[[118.98758272527472,37.276812593406596],[118.98911883606557,37.276812593406596],[118.98911883606557,37.27739023255814],[118.98758272527472,37.27739023255814],[118.98758272527472,37.276812593406596]]]},"properties":{"cluster_id":1174,"lat":37.27719532768138,"lon":118.98859239953596,"count":5,"type":"berth","distance_to_coast":238.66684065419977,"inside_china_land":false}},{"type":"Feature","geometry":{"type":"Polygon","coordinates":[[[119.79500486956522,34.43074560869565],[119.79568851923077,34.43074560869565],[119.79568851923077,34.43312175],[119.79500486956522,34.43312175],[119.79500486956522,34.43074560869565]]]},"properties":{"cluster_id":1175,"lat":34.43182004307214,"lon":119.79533533255612,"count":7,"type":"berth","distance_to_coast":6152.463793350831,"inside_china_land":true}},{"type":"Feature","geometry":{"type":"Polygon","coordinates":[[[119.81905766666667,32.316666999999995],[119.8198912,32.316666999999995],[119.8198912,32.31707947126437],[119.81905766666667,32.31707947126437],[119.81905766666667,32.316666999999995]]]},"properties":{"cluster_id":1176,"lat":32.316964683707354,"lon":119.81930913816204,"count":11,"type":"berth","distance_to_coast":440.8630020852265,"inside_china_land":true}},{"type":"Feature","geometry":{"type":"Polygon","coordinates":[[[121.75874227272726,29.621964272727272],[121.75876275675677,29.621964272727272],[121.75876275675677,29.621966054054056],[121.75874227272726,29.621966054054056],[121.75874227272726,29.621964272727272]]]},"properties":{"cluster_id":1177,"lat":29.621965163390666,"lon":121.758752514742,"count":2,"type":"berth","distance_to_coast":908.6162283219526,"inside_china_land":false}},{"type":"Feature","geometry":{"type":"Polygon","coordinates":[[[120.84813138144331,27.97529049484536],[120.84830248275861,27.97529049484536],[120.84830248275861,27.97542827586207],[120.84813138144331,27.97542827586207],[120.84813138144331,27.97529049484536]]]},"properties":{"cluster_id":1178,"lat":27.97535593642686,"lon":120.84821871292549,"count":4,"type":"berth","distance_to_coast":2431.0713266874845,"inside_china_land":false}},{"type":"Feature","geometry":{"type":"Polygon","coordinates":[[[119.61180833333333,26.748325875],[119.61554346153846,26.748325875],[119.61554346153846,26.7489383],[119.61180833333333,26.7489383],[119.61180833333333,26.748325875]]]},"properties":{"cluster_id":1179,"lat":26.7485120460066,"lon":119.61283968316582,"count":68,"type":"berth","distance_to_coast":1470.7766999916362,"inside_china_land":false}},{"type":"Feature","geometry":{"type":"Polygon","coordinates":[[[121.84290006666667,30.843583333333335],[121.84293470833332,30.843583333333335],[121.84293470833332,30.84364233333333],[121.84290006666667,30.84364233333333],[121.84290006666667,30.843583333333335]]]},"properties":{"cluster_id":1180,"lat":30.84361283333333,"lon":121.8429173875,"count":2,"type":"berth","distance_to_coast":1411.7215294145362,"inside_china_land":false}},{"type":"Feature","geometry":{"type":"Polygon","coordinates":[[[120.78518334374999,27.97202803125],[120.7852235,27.97202803125],[120.7852235,27.9720292],[120.78518334374999,27.9720292],[120.78518334374999,27.97202803125]]]},"properties":{"cluster_id":1181,"lat":27.972028615625,"lon":120.785203421875,"count":2,"type":"berth","distance_to_coast":545.2055521578139,"inside_china_land":false}},{"type":"Feature","geometry":{"type":"Polygon","coordinates":[[[118.98385003333333,37.275434866666664],[118.984371375,37.275434866666664],[118.984371375,37.275706109375],[118.98385003333333,37.275706109375],[118.98385003333333,37.275434866666664]]]},"properties":{"cluster_id":1182,"lat":37.2755885735025,"lon":118.98412242065064,"count":8,"type":"berth","distance_to_coast":159.1181297156365,"inside_china_land":true}},{"type":"Feature","geometry":{"type":"Polygon","coordinates":[[[121.97440254545454,30.111092044642856],[121.97453285576923,30.111092044642856],[121.97453285576923,30.11116365263158],[121.97440254545454,30.11116365263158],[121.97440254545454,30.111092044642856]]]},"properties":{"cluster_id":1183,"lat":30.11112984192186,"lon":121.97445230539968,"count":5,"type":"berth","distance_to_coast":134.900396106957,"inside_china_land":false}},{"type":"Feature","geometry":{"type":"Polygon","coordinates":[[[121.82207492307693,30.840864615384614],[121.822189,30.840864615384614],[121.822189,30.8409703125],[121.82207492307693,30.8409703125],[121.82207492307693,30.840864615384614]]]},"properties":{"cluster_id":1184,"lat":30.84091113974359,"lon":121.82213123739317,"count":5,"type":"berth","distance_to_coast":1654.1763941842437,"inside_china_land":false}},{"type":"Feature","geometry":{"type":"Polygon","coordinates":[[[118.45122904545455,24.677981857142857],[118.45204864705883,24.677981857142857],[118.45204864705883,24.67914109090909],[118.45122904545455,24.67914109090909],[118.45122904545455,24.677981857142857]]]},"properties":{"cluster_id":1185,"lat":24.678452518935543,"lon":118.45179656337424,"count":9,"type":"berth","distance_to_coast":1890.0762004976784,"inside_china_land":true}},{"type":"Feature","geometry":{"type":"Polygon","coordinates":[[[121.9754891875,29.89004638596491],[121.97710380000001,29.89004638596491],[121.97710380000001,29.89031490625],[121.9754891875,29.89031490625],[121.9754891875,29.89004638596491]]]},"properties":{"cluster_id":1186,"lat":29.890131781456905,"lon":121.97632639024334,"count":10,"type":"berth","distance_to_coast":44.05233782653555,"inside_china_land":false}},{"type":"Feature","geometry":{"type":"Polygon","coordinates":[[[121.38664466666667,37.56746116666667],[121.38847533333335,37.56746116666667],[121.38847533333335,37.56794433333334],[121.38664466666667,37.56794433333334],[121.38664466666667,37.56746116666667]]]},"properties":{"cluster_id":1187,"lat":37.56784670416667,"lon":121.38783951041668,"count":8,"type":"berth","distance_to_coast":668.0007121192721,"inside_china_land":false}},{"type":"Feature","geometry":{"type":"Polygon","coordinates":[[[122.65569954545454,37.41737581818182],[122.65593355555555,37.41737581818182],[122.65593355555555,37.417781777777776],[122.65569954545454,37.417781777777776],[122.65569954545454,37.41737581818182]]]},"properties":{"cluster_id":1188,"lat":37.4175787979798,"lon":122.65581655050504,"count":2,"type":"berth","distance_to_coast":380.5257833278404,"inside_china_land":false}},{"type":"Feature","geometry":{"type":"Polygon","coordinates":[[[121.57539566666667,39.27157925],[121.57652025,39.27157925],[121.57652025,39.272029],[121.57539566666667,39.272029],[121.57539566666667,39.27157925]]]},"properties":{"cluster_id":1189,"lat":39.27179813988096,"lon":121.57614290178572,"count":4,"type":"berth","distance_to_coast":1896.937352494058,"inside_china_land":false}},{"type":"Feature","geometry":{"type":"Polygon","coordinates":[[[121.58148584,39.27506185714286],[121.58207784615385,39.27506185714286],[121.58207784615385,39.27528216],[121.58148584,39.27528216],[121.58148584,39.27506185714286]]]},"properties":{"cluster_id":1190,"lat":39.27513931340659,"lon":121.58169451443224,"count":3,"type":"berth","distance_to_coast":1837.2453975463288,"inside_china_land":false}},{"type":"Feature","geometry":{"type":"Polygon","coordinates":[[[122.094351075,40.288333275],[122.09534273913044,40.288333275],[122.09534273913044,40.28882747826087],[122.094351075,40.28882747826087],[122.094351075,40.288333275]]]},"properties":{"cluster_id":1193,"lat":40.28856113396984,"lon":122.09483046056602,"count":3,"type":"berth","distance_to_coast":1514.7767497376806,"inside_china_land":false}},{"type":"Feature","geometry":{"type":"Polygon","coordinates":[[[119.8372310909091,39.97379509090909],[119.83769987912088,39.97379509090909],[119.83769987912088,39.97402328571429],[119.8372310909091,39.97402328571429],[119.8372310909091,39.97379509090909]]]},"properties":{"cluster_id":1194,"lat":39.973909188311694,"lon":119.837465485015,"count":2,"type":"berth","distance_to_coast":1075.2687012051024,"inside_china_land":false}},{"type":"Feature","geometry":{"type":"Polygon","coordinates":[[[121.74570633333332,39.02332737735849],[121.74625345283019,39.02332737735849],[121.74625345283019,39.02394777777778],[121.74570633333332,39.02394777777778],[121.74570633333332,39.02332737735849]]]},"properties":{"cluster_id":1195,"lat":39.02363757756814,"lon":121.74597989308177,"count":2,"type":"berth","distance_to_coast":1187.9014711278037,"inside_china_land":false}},{"type":"Feature","geometry":{"type":"Polygon","coordinates":[[[119.41614767741936,34.74437887096774],[119.41775336363638,34.74437887096774],[119.41775336363638,34.74722781818181],[119.41614767741936,34.74722781818181],[119.41614767741936,34.74437887096774]]]},"properties":{"cluster_id":1196,"lat":34.74542757198512,"lon":119.41674692425576,"count":18,"type":"berth","distance_to_coast":679.6807210085707,"inside_china_land":true}},{"type":"Feature","geometry":{"type":"Polygon","coordinates":[[[119.53405077272727,35.345459035714285],[119.53419094444445,35.345459035714285],[119.53419094444445,35.349122904761906],[119.53405077272727,35.349122904761906],[119.53405077272727,35.345459035714285]]]},"properties":{"cluster_id":1197,"lat":35.34713841995643,"lon":119.53413719235404,"count":7,"type":"berth","distance_to_coast":1493.7522647178864,"inside_china_land":false}},{"type":"Feature","geometry":{"type":"Polygon","coordinates":[[[119.364004,35.087446799999995],[119.36408071052631,35.087446799999995],[119.36408071052631,35.08780470588235],[119.364004,35.08780470588235],[119.364004,35.087446799999995]]]},"properties":{"cluster_id":1198,"lat":35.087565071646026,"lon":119.36403635818712,"count":4,"type":"berth","distance_to_coast":1462.436369330292,"inside_china_land":false}},{"type":"Feature","geometry":{"type":"Polygon","coordinates":[[[119.45375442000001,34.73747012],[119.45377223999999,34.73747012],[119.45377223999999,34.73748032],[119.45375442000001,34.73748032],[119.45375442000001,34.73747012]]]},"properties":{"cluster_id":1199,"lat":34.73747522,"lon":119.45376333,"count":2,"type":"berth","distance_to_coast":111.96296940952548,"inside_china_land":true}},{"type":"Feature","geometry":{"type":"Polygon","coordinates":[[[119.78579065853658,34.42227187804878],[119.78652232258065,34.42227187804878],[119.78652232258065,34.42353029032258],[119.78579065853658,34.42353029032258],[119.78579065853658,34.42227187804878]]]},"properties":{"cluster_id":1200,"lat":34.42290819167511,"lon":119.78611734791744,"count":7,"type":"berth","distance_to_coast":7667.413663535824,"inside_china_land":true}},{"type":"Feature","geometry":{"type":"Polygon","coordinates":[[[120.85919737662337,27.978443090909092],[120.85980448888888,27.978443090909092],[120.85980448888888,27.978800777777778],[120.85919737662337,27.978800777777778],[120.85919737662337,27.978443090909092]]]},"properties":{"cluster_id":1201,"lat":27.978678313349665,"lon":120.85964402370888,"count":4,"type":"berth","distance_to_coast":2305.640681221188,"inside_china_land":false}},{"type":"Feature","geometry":{"type":"Polygon","coordinates":[[[119.68582122727274,26.813664684210526],[119.68606828947368,26.813664684210526],[119.68606828947368,26.814264363636365],[119.68582122727274,26.814264363636365],[119.68582122727274,26.813664684210526]]]},"properties":{"cluster_id":1202,"lat":26.814026933501005,"lon":119.68591734551453,"count":5,"type":"berth","distance_to_coast":178.2270178283685,"inside_china_land":true}},{"type":"Feature","geometry":{"type":"Polygon","coordinates":[[[121.48244525581396,29.483102162790697],[121.48378570940172,29.483102162790697],[121.48378570940172,29.484131102564103],[121.48244525581396,29.484131102564103],[121.48244525581396,29.483102162790697]]]},"properties":{"cluster_id":1204,"lat":29.48360566195817,"lon":121.4831318558654,"count":7,"type":"berth","distance_to_coast":900.8543794983904,"inside_china_land":false}},{"type":"Feature","geometry":{"type":"Polygon","coordinates":[[[120.27216673584905,35.99244155555556],[120.27235680555555,35.99244155555556],[120.27235680555555,35.992976490566036],[120.27216673584905,35.992976490566036],[120.27216673584905,35.99244155555556]]]},"properties":{"cluster_id":1205,"lat":35.9925818230261,"lon":120.2723022783932,"count":5,"type":"berth","distance_to_coast":62.36395220797621,"inside_china_land":false}},{"type":"Feature","geometry":{"type":"Polygon","coordinates":[[[119.37022217948717,35.09618636170213],[119.37204057446809,35.09618636170213],[119.37204057446809,35.096851046357614],[119.37022217948717,35.096851046357614],[119.37022217948717,35.09618636170213]]]},"properties":{"cluster_id":1206,"lat":35.096474640999226,"lon":119.37127426063368,"count":5,"type":"berth","distance_to_coast":1356.4775241564614,"inside_china_land":false}},{"type":"Feature","geometry":{"type":"Polygon","coordinates":[[[120.21926049122807,36.02397678461538],[120.22008422222221,36.02397678461538],[120.22008422222221,36.02462244444445],[120.21926049122807,36.02462244444445],[120.21926049122807,36.02397678461538]]]},"properties":{"cluster_id":1208,"lat":36.02422659097315,"lon":120.21954105320138,"count":3,"type":"berth","distance_to_coast":3543.5552305792644,"inside_china_land":false}},{"type":"Feature","geometry":{"type":"Polygon","coordinates":[[[120.2228654,36.026472525],[120.2239118095238,36.026472525],[120.2239118095238,36.02713704761905],[120.2228654,36.02713704761905],[120.2228654,36.026472525]]]},"properties":{"cluster_id":1209,"lat":36.02674739649778,"lon":120.22334325892164,"count":4,"type":"berth","distance_to_coast":3767.534193751811,"inside_china_land":false}},{"type":"Feature","geometry":{"type":"Polygon","coordinates":[[[119.78724675000001,34.4536153],[119.78767869999999,34.4536153],[119.78767869999999,34.45374425],[119.78724675000001,34.45374425],[119.78724675000001,34.4536153]]]},"properties":{"cluster_id":1210,"lat":34.453679775,"lon":119.787462725,"count":2,"type":"berth","distance_to_coast":3808.1468674662856,"inside_china_land":true}},{"type":"Feature","geometry":{"type":"Polygon","coordinates":[[[119.4470496119403,34.73838710526315],[119.44716,34.73838710526315],[119.44716,34.73840147761194],[119.4470496119403,34.73840147761194],[119.4470496119403,34.73838710526315]]]},"properties":{"cluster_id":1211,"lat":34.738394291437544,"lon":119.44710480597016,"count":2,"type":"berth","distance_to_coast":474.7272906903925,"inside_china_land":true}},{"type":"Feature","geometry":{"type":"Polygon","coordinates":[[[120.78636675999999,32.02341193939394],[120.78641345454547,32.02341193939394],[120.78641345454547,32.02342342666667],[120.78636675999999,32.02342342666667],[120.78636675999999,32.02341193939394]]]},"properties":{"cluster_id":1212,"lat":32.0234176830303,"lon":120.78639010727272,"count":2,"type":"berth","distance_to_coast":520.8692246566375,"inside_china_land":false}},{"type":"Feature","geometry":{"type":"Polygon","coordinates":[[[118.4940642162162,31.774922351351353],[118.4961438,31.774922351351353],[118.4961438,31.7768146],[118.4940642162162,31.7768146],[118.4940642162162,31.774922351351353]]]},"properties":{"cluster_id":1213,"lat":31.775561111082716,"lon":118.49498180979114,"count":16,"type":"berth","distance_to_coast":135484.2217142189,"inside_china_land":true}},{"type":"Feature","geometry":{"type":"Polygon","coordinates":[[[116.43803770588235,23.548768838235294],[116.43806714084508,23.548768838235294],[116.43806714084508,23.54885492253521],[116.43803770588235,23.54885492253521],[116.43803770588235,23.548768838235294]]]},"properties":{"cluster_id":1214,"lat":23.548806117439938,"lon":116.43805025407346,"count":3,"type":"berth","distance_to_coast":18436.226760791265,"inside_china_land":true}},{"type":"Feature","geometry":{"type":"Polygon","coordinates":[[[120.19234046341464,31.919013260869566],[120.1924358,31.919013260869566],[120.1924358,31.919145099999998],[120.19234046341464,31.919145099999998],[120.19234046341464,31.919013260869566]]]},"properties":{"cluster_id":1215,"lat":31.919082997823875,"lon":120.19237185436305,"count":7,"type":"berth","distance_to_coast":1774.55668767753,"inside_china_land":false}},{"type":"Feature","geometry":{"type":"Polygon","coordinates":[[[121.55504744444445,31.32289856],[121.55524366666667,31.32289856],[121.55524366666667,31.322963333333334],[121.55504744444445,31.322963333333334],[121.55504744444445,31.32289856]]]},"properties":{"cluster_id":1216,"lat":31.322932788979667,"lon":121.55514997152504,"count":9,"type":"berth","distance_to_coast":4814.655771976079,"inside_china_land":true}},{"type":"Feature","geometry":{"type":"Polygon","coordinates":[[[121.95749807317074,29.888132362068966],[121.9592656764706,29.888132362068966],[121.9592656764706,29.888623029411765],[121.95749807317074,29.888623029411765],[121.95749807317074,29.888132362068966]]]},"properties":{"cluster_id":1217,"lat":29.88838489526977,"lon":121.95834843861223,"count":41,"type":"berth","distance_to_coast":48.8811118286272,"inside_china_land":false}},{"type":"Feature","geometry":{"type":"Polygon","coordinates":[[[118.00528720689655,31.202086222222224],[118.00594522222224,31.202086222222224],[118.00594522222224,31.202796413793102],[118.00528720689655,31.202796413793102],[118.00528720689655,31.202086222222224]]]},"properties":{"cluster_id":1218,"lat":31.20241863967807,"lon":118.00568463989494,"count":3,"type":"berth","distance_to_coast":220612.90082670728,"inside_china_land":true}},{"type":"Feature","geometry":{"type":"Polygon","coordinates":[[[120.24674221568628,35.97885810576923],[120.24681078723405,35.97885810576923],[120.24681078723405,35.978916625000004],[120.24674221568628,35.978916625000004],[120.24674221568628,35.97885810576923]]]},"properties":{"cluster_id":1219,"lat":35.97889315331709,"lon":120.24676406874858,"count":5,"type":"berth","distance_to_coast":307.2648146101496,"inside_china_land":false}},{"type":"Feature","geometry":{"type":"Polygon","coordinates":[[[121.4704171754386,31.42003757142857],[121.47417962698414,31.42003757142857],[121.47417962698414,31.422316230158728],[121.4704171754386,31.422316230158728],[121.4704171754386,31.42003757142857]]]},"properties":{"cluster_id":1220,"lat":31.42097185734356,"lon":121.47193005150388,"count":19,"type":"berth","distance_to_coast":971.0691207943188,"inside_china_land":false}},{"type":"Feature","geometry":{"type":"Polygon","coordinates":[[[121.396107125,37.59567948148148],[121.39726070370371,37.59567948148148],[121.39726070370371,37.5960873125],[121.396107125,37.5960873125],[121.396107125,37.59567948148148]]]},"properties":{"cluster_id":1221,"lat":37.59588339699074,"lon":121.39668391435184,"count":2,"type":"berth","distance_to_coast":236.10366511618383,"inside_china_land":true}},{"type":"Feature","geometry":{"type":"Polygon","coordinates":[[[121.48356536363636,28.692582333333334],[121.48369948648647,28.692582333333334],[121.48369948648647,28.692789769230767],[121.48356536363636,28.692789769230767],[121.48356536363636,28.692582333333334]]]},"properties":{"cluster_id":1222,"lat":28.69273548087187,"lon":121.48363647547188,"count":13,"type":"berth","distance_to_coast":1150.3443362674725,"inside_china_land":false}},{"type":"Feature","geometry":{"type":"Polygon","coordinates":[[[119.37825383333335,35.11007022222222],[119.37851334615385,35.11007022222222],[119.37851334615385,35.1109156],[119.37825383333335,35.1109156],[119.37825383333335,35.11007022222222]]]},"properties":{"cluster_id":1223,"lat":35.1104898876753,"lon":119.3784190135711,"count":15,"type":"berth","distance_to_coast":1201.4956375640477,"inside_china_land":false}},{"type":"Feature","geometry":{"type":"Polygon","coordinates":[[[120.21567569047619,36.01537457894737],[120.21656422916668,36.01537457894737],[120.21656422916668,36.017005976190475],[120.21567569047619,36.017005976190475],[120.21567569047619,36.01537457894737]]]},"properties":{"cluster_id":1224,"lat":36.016214146596965,"lon":120.21628722991072,"count":4,"type":"berth","distance_to_coast":2703.6491657071915,"inside_china_land":false}},{"type":"Feature","geometry":{"type":"Polygon","coordinates":[[[114.61097594444443,22.73910191891892],[114.61138297142857,22.73910191891892],[114.61138297142857,22.739779448275865],[114.61097594444443,22.739779448275865],[114.61097594444443,22.73910191891892]]]},"properties":{"cluster_id":1225,"lat":22.739574406871192,"lon":114.61113748935968,"count":13,"type":"berth","distance_to_coast":641.153143894556,"inside_china_land":false}},{"type":"Feature","geometry":{"type":"Polygon","coordinates":[[[108.59257090909091,21.7241574893617],[108.59315494117648,21.7241574893617],[108.59315494117648,21.72541505882353],[108.59257090909091,21.72541505882353],[108.59257090909091,21.7241574893617]]]},"properties":{"cluster_id":1226,"lat":21.724716995758428,"lon":108.5928450596413,"count":4,"type":"berth","distance_to_coast":1862.0719497079217,"inside_china_land":false}},{"type":"Feature","geometry":{"type":"Polygon","coordinates":[[[113.0248344,22.813646000000002],[113.02775218604651,22.813646000000002],[113.02775218604651,22.81402918604651],[113.0248344,22.81402918604651],[113.0248344,22.813646000000002]]]},"properties":{"cluster_id":1227,"lat":22.813792154789496,"lon":113.0260331485425,"count":8,"type":"berth","distance_to_coast":23521.39752212005,"inside_china_land":true}},{"type":"Feature","geometry":{"type":"Polygon","coordinates":[[[119.55912696551724,34.608389947368416],[119.5607302631579,34.608389947368416],[119.5607302631579,34.608906],[119.55912696551724,34.608906],[119.55912696551724,34.608389947368416]]]},"properties":{"cluster_id":1228,"lat":34.608532150983514,"lon":119.5601261785138,"count":4,"type":"berth","distance_to_coast":1045.953319046813,"inside_china_land":false}},{"type":"Feature","geometry":{"type":"Polygon","coordinates":[[[116.43728557831325,23.550006727272727],[116.43729709090908,23.550006727272727],[116.43729709090908,23.550071325301204],[116.43728557831325,23.550071325301204],[116.43728557831325,23.550006727272727]]]},"properties":{"cluster_id":1229,"lat":23.550039026286967,"lon":116.43729133461116,"count":2,"type":"berth","distance_to_coast":18608.075157075386,"inside_china_land":true}},{"type":"Feature","geometry":{"type":"Polygon","coordinates":[[[113.00623560000001,22.8023234],[113.0064589375,22.8023234],[113.0064589375,22.802441555555554],[113.00623560000001,22.802441555555554],[113.00623560000001,22.8023234]]]},"properties":{"cluster_id":1230,"lat":22.802406914199345,"lon":113.00638297916666,"count":5,"type":"berth","distance_to_coast":26098.271659879578,"inside_china_land":true}},{"type":"Feature","geometry":{"type":"Polygon","coordinates":[[[120.91196911428571,27.97878538181818],[120.91393267272727,27.97878538181818],[120.91393267272727,27.979306275862072],[120.91196911428571,27.979306275862072],[120.91196911428571,27.97878538181818]]]},"properties":{"cluster_id":1231,"lat":27.97903047326379,"lon":120.91294609426885,"count":21,"type":"berth","distance_to_coast":741.4901617631327,"inside_china_land":false}},{"type":"Feature","geometry":{"type":"Polygon","coordinates":[[[113.492017,23.072147416666667],[113.49226983333334,23.072147416666667],[113.49226983333334,23.07386475471698],[113.492017,23.07386475471698],[113.492017,23.072147416666667]]]},"properties":{"cluster_id":1232,"lat":23.072865979589068,"lon":113.49215403926358,"count":8,"type":"berth","distance_to_coast":931.5974593766352,"inside_china_land":true}},{"type":"Feature","geometry":{"type":"Polygon","coordinates":[[[121.40921751973684,37.594835714285715],[121.40950364285713,37.594835714285715],[121.40950364285713,37.59495158552632],[121.40921751973684,37.59495158552632],[121.40921751973684,37.594835714285715]]]},"properties":{"cluster_id":1233,"lat":37.59489364990601,"lon":121.409360581297,"count":2,"type":"berth","distance_to_coast":94.69451381402736,"inside_china_land":false}},{"type":"Feature","geometry":{"type":"Polygon","coordinates":[[[118.50670482857142,39.101425428571424],[118.50684799999999,39.101425428571424],[118.50684799999999,39.10154491428571],[118.50670482857142,39.10154491428571],[118.50670482857142,39.101425428571424]]]},"properties":{"cluster_id":1236,"lat":39.10150311428571,"lon":118.50678906190474,"count":3,"type":"berth","distance_to_coast":1338.9834695119798,"inside_china_land":false}},{"type":"Feature","geometry":{"type":"Polygon","coordinates":[[[121.65866335999999,38.996743985507244],[121.6591461328125,38.996743985507244],[121.6591461328125,38.9969273],[121.65866335999999,38.9969273],[121.65866335999999,38.996743985507244]]]},"properties":{"cluster_id":1239,"lat":38.99676670763454,"lon":121.65908221856908,"count":14,"type":"berth","distance_to_coast":883.6728742849017,"inside_china_land":false}},{"type":"Feature","geometry":{"type":"Polygon","coordinates":[[[119.61654278571429,26.463958],[119.617118875,26.463958],[119.617118875,26.4643084375],[119.61654278571429,26.4643084375],[119.61654278571429,26.463958]]]},"properties":{"cluster_id":1240,"lat":26.464183436029312,"lon":119.61693144547716,"count":17,"type":"berth","distance_to_coast":590.2571693314497,"inside_china_land":false}},{"type":"Feature","geometry":{"type":"Polygon","coordinates":[[[112.90418925,22.882296454545454],[112.9043880909091,22.882296454545454],[112.9043880909091,22.883089794871797],[112.90418925,22.883089794871797],[112.90418925,22.882296454545454]]]},"properties":{"cluster_id":1241,"lat":22.882804749805747,"lon":112.9042636520979,"count":3,"type":"berth","distance_to_coast":34466.53582072696,"inside_china_land":true}},{"type":"Feature","geometry":{"type":"Polygon","coordinates":[[[113.07871985483871,22.389617065217394],[113.0788479009009,22.389617065217394],[113.0788479009009,22.389754072072073],[113.07871985483871,22.389754072072073],[113.07871985483871,22.389617065217394]]]},"properties":{"cluster_id":1242,"lat":22.389705448988963,"lon":113.07878027365234,"count":3,"type":"berth","distance_to_coast":14437.5256539107,"inside_china_land":true}},{"type":"Feature","geometry":{"type":"Polygon","coordinates":[[[121.50264895918367,31.356081439024386],[121.50334190243903,31.356081439024386],[121.50334190243903,31.356587111111114],[121.50264895918367,31.356587111111114],[121.50264895918367,31.356081439024386]]]},"properties":{"cluster_id":1245,"lat":31.35646787387801,"lon":121.50283485121088,"count":10,"type":"berth","distance_to_coast":3844.0177004915577,"inside_china_land":true}},{"type":"Feature","geometry":{"type":"Polygon","coordinates":[[[113.54373405714286,22.97672372222222],[113.54428427777778,22.97672372222222],[113.54428427777778,22.978077714285714],[113.54373405714286,22.978077714285714],[113.54373405714286,22.97672372222222]]]},"properties":{"cluster_id":1246,"lat":22.9774036153408,"lon":113.54405264482727,"count":5,"type":"berth","distance_to_coast":1119.2486620759885,"inside_china_land":false}},{"type":"Feature","geometry":{"type":"Polygon","coordinates":[[[108.5950576923077,21.72841916666667],[108.59674986363638,21.72841916666667],[108.59674986363638,21.73067347457627],[108.5950576923077,21.73067347457627],[108.5950576923077,21.72841916666667]]]},"properties":{"cluster_id":1247,"lat":21.7291949719318,"lon":108.59603320011703,"count":8,"type":"berth","distance_to_coast":1327.5236538257784,"inside_china_land":false}},{"type":"Feature","geometry":{"type":"Polygon","coordinates":[[[119.90009426666667,32.137765],[119.90152259999999,32.137765],[119.90152259999999,32.13966204166667],[119.90009426666667,32.13966204166667],[119.90009426666667,32.137765]]]},"properties":{"cluster_id":1248,"lat":32.13868132974387,"lon":119.90075005103266,"count":6,"type":"berth","distance_to_coast":858.3579697017384,"inside_china_land":false}},{"type":"Feature","geometry":{"type":"Polygon","coordinates":[[[118.508553,31.784835481481483],[118.50976375862071,31.784835481481483],[118.50976375862071,31.7853365],[118.508553,31.7853365],[118.508553,31.784835481481483]]]},"properties":{"cluster_id":1249,"lat":31.785156051298426,"lon":118.50909880842912,"count":3,"type":"berth","distance_to_coast":133537.68215539338,"inside_china_land":true}},{"type":"Feature","geometry":{"type":"Polygon","coordinates":[[[121.79259424,29.968383439999997],[121.79268332,29.968383439999997],[121.79268332,29.96843464],[121.79259424,29.96843464],[121.79259424,29.968383439999997]]]},"properties":{"cluster_id":1250,"lat":29.968409039999997,"lon":121.79263878,"count":2,"type":"berth","distance_to_coast":474.3923514852633,"inside_china_land":false}},{"type":"Feature","geometry":{"type":"Polygon","coordinates":[[[120.78275490909091,32.024707],[120.78277303571429,32.024707],[120.78277303571429,32.02472722727273],[120.78275490909091,32.02472722727273],[120.78275490909091,32.024707]]]},"properties":{"cluster_id":1251,"lat":32.02471711363636,"lon":120.7827639724026,"count":2,"type":"berth","distance_to_coast":447.5213602390889,"inside_china_land":false}},{"type":"Feature","geometry":{"type":"Polygon","coordinates":[[[118.45344159999999,24.675517875],[118.45353889473685,24.675517875],[118.45353889473685,24.67559760465116],[118.45344159999999,24.67559760465116],[118.45344159999999,24.675517875]]]},"properties":{"cluster_id":1252,"lat":24.67556532200579,"lon":118.45347789618329,"count":7,"type":"berth","distance_to_coast":2079.7973546225603,"inside_china_land":true}},{"type":"Feature","geometry":{"type":"Polygon","coordinates":[[[121.39182688311688,37.57740816883117],[121.39209415789473,37.57740816883117],[121.39209415789473,37.577472842105266],[121.39182688311688,37.577472842105266],[121.39182688311688,37.57740816883117]]]},"properties":{"cluster_id":1253,"lat":37.57744050546822,"lon":121.3919605205058,"count":2,"type":"berth","distance_to_coast":1162.1632522878133,"inside_china_land":false}},{"type":"Feature","geometry":{"type":"Polygon","coordinates":[[[118.45077699999999,24.669410944444444],[118.45162257142856,24.669410944444444],[118.45162257142856,24.67043581818182],[118.45077699999999,24.67043581818182],[118.45077699999999,24.669410944444444]]]},"properties":{"cluster_id":1254,"lat":24.670067902433846,"lon":118.45131667699842,"count":12,"type":"berth","distance_to_coast":1844.0938970668824,"inside_china_land":true}},{"type":"Feature","geometry":{"type":"Polygon","coordinates":[[[121.47089325,31.083403084210524],[121.47102104109588,31.083403084210524],[121.47102104109588,31.083575287671234],[121.47089325,31.083575287671234],[121.47089325,31.083403084210524]]]},"properties":{"cluster_id":1255,"lat":31.08347664960161,"lon":121.47095844790915,"count":3,"type":"berth","distance_to_coast":35550.92522097889,"inside_china_land":true}},{"type":"Feature","geometry":{"type":"Polygon","coordinates":[[[121.38614057142857,37.59793128571429],[121.38620800000001,37.59793128571429],[121.38620800000001,37.59801176],[121.38614057142857,37.59801176],[121.38614057142857,37.59793128571429]]]},"properties":{"cluster_id":1256,"lat":37.597971522857144,"lon":121.38617428571428,"count":2,"type":"berth","distance_to_coast":1229.8374979952694,"inside_china_land":true}},{"type":"Feature","geometry":{"type":"Polygon","coordinates":[[[117.75786505454545,38.98162728571429],[117.76138431707318,38.98162728571429],[117.76138431707318,38.98266415],[117.75786505454545,38.98266415],[117.75786505454545,38.98162728571429]]]},"properties":{"cluster_id":1257,"lat":38.982040066247,"lon":117.76028420800024,"count":30,"type":"berth","distance_to_coast":60.97414692853356,"inside_china_land":true}},{"type":"Feature","geometry":{"type":"Polygon","coordinates":[[[121.50296455555555,28.692839363636367],[121.503291125,28.692839363636367],[121.503291125,28.6929483125],[121.50296455555555,28.6929483125],[121.50296455555555,28.692839363636367]]]},"properties":{"cluster_id":1258,"lat":28.692884834637244,"lon":121.50307542918796,"count":8,"type":"berth","distance_to_coast":952.3791270996828,"inside_china_land":false}},{"type":"Feature","geometry":{"type":"Polygon","coordinates":[[[121.32183124242424,39.507926348484844],[121.3239794736842,39.507926348484844],[121.3239794736842,39.50903336363636],[121.32183124242424,39.50903336363636],[121.32183124242424,39.507926348484844]]]},"properties":{"cluster_id":1259,"lat":39.50846551881684,"lon":121.32283198392145,"count":19,"type":"berth","distance_to_coast":64.02637647445378,"inside_china_land":true}},{"type":"Feature","geometry":{"type":"Polygon","coordinates":[[[121.45340313636365,28.686684020408162],[121.453578,28.686684020408162],[121.453578,28.68686323076923],[121.45340313636365,28.68686323076923],[121.45340313636365,28.686684020408162]]]},"properties":{"cluster_id":1260,"lat":28.686755174012063,"lon":121.45350746352617,"count":8,"type":"berth","distance_to_coast":368.7502156327445,"inside_china_land":true}},{"type":"Feature","geometry":{"type":"Polygon","coordinates":[[[122.43730126150832,36.87895575],[122.43835377777776,36.87895575],[122.43835377777776,36.879131615384615],[122.43730126150832,36.879131615384615],[122.43730126150832,36.87895575]]]},"properties":{"cluster_id":1261,"lat":36.879074265939586,"lon":122.4383072616266,"count":29,"type":"berth","distance_to_coast":346.8584917714638,"inside_china_land":false}},{"type":"Feature","geometry":{"type":"Polygon","coordinates":[[[121.81714981818182,30.84095873076923],[121.81819949999999,30.84095873076923],[121.81819949999999,30.841080178571428],[121.81714981818182,30.841080178571428],[121.81714981818182,30.84095873076923]]]},"properties":{"cluster_id":1262,"lat":30.84102937102647,"lon":121.81787365064936,"count":6,"type":"berth","distance_to_coast":1616.8539661085576,"inside_china_land":false}},{"type":"Feature","geometry":{"type":"Polygon","coordinates":[[[120.19250114035088,31.922691719298243],[120.19381314444443,31.922691719298243],[120.19381314444443,31.922968785714286],[120.19250114035088,31.922968785714286],[120.19250114035088,31.922691719298243]]]},"properties":{"cluster_id":1263,"lat":31.92286738685603,"lon":120.1933690235032,"count":3,"type":"berth","distance_to_coast":1818.511184610324,"inside_china_land":false}},{"type":"Feature","geometry":{"type":"Polygon","coordinates":[[[119.74072213043478,32.32625895652174],[119.7421265,32.32625895652174],[119.7421265,32.326745425],[119.74072213043478,32.326745425],[119.74072213043478,32.32625895652174]]]},"properties":{"cluster_id":1264,"lat":32.326583567643375,"lon":119.74178997325052,"count":11,"type":"berth","distance_to_coast":42.37062915990119,"inside_china_land":false}},{"type":"Feature","geometry":{"type":"Polygon","coordinates":[[[122.14333065714285,29.7556916],[122.14345180188678,29.7556916],[122.14345180188678,29.75593793137255],[122.14333065714285,29.75593793137255],[122.14333065714285,29.7556916]]]},"properties":{"cluster_id":1265,"lat":29.755840359929575,"lon":122.14338844744606,"count":18,"type":"berth","distance_to_coast":2278.510283593989,"inside_china_land":false}},{"type":"Feature","geometry":{"type":"Polygon","coordinates":[[[120.64355747692308,31.98963175384615],[120.64379379865773,31.98963175384615],[120.64379379865773,31.989741637583894],[120.64355747692308,31.989741637583894],[120.64355747692308,31.98963175384615]]]},"properties":{"cluster_id":1266,"lat":31.989686695715022,"lon":120.6436756377904,"count":2,"type":"berth","distance_to_coast":805.895270936408,"inside_china_land":true}},{"type":"Feature","geometry":{"type":"Polygon","coordinates":[[[121.56020113043478,31.290916],[121.56031628571428,31.290916],[121.56031628571428,31.291413739130434],[121.56020113043478,31.291413739130434],[121.56020113043478,31.290916]]]},"properties":{"cluster_id":1268,"lat":31.291185627329188,"lon":121.56025913871636,"count":3,"type":"berth","distance_to_coast":8414.615805993473,"inside_china_land":true}},{"type":"Feature","geometry":{"type":"Polygon","coordinates":[[[121.99868945,30.029969666666666],[121.99943655555556,30.029969666666666],[121.99943655555556,30.030650387096774],[121.99868945,30.030650387096774],[121.99868945,30.029969666666666]]]},"properties":{"cluster_id":1269,"lat":30.030396942908567,"lon":121.99900138406402,"count":6,"type":"berth","distance_to_coast":660.3491017702408,"inside_china_land":false}},{"type":"Feature","geometry":{"type":"Polygon","coordinates":[[[122.37834813043477,36.85958178947368],[122.3802074883721,36.85958178947368],[122.3802074883721,36.86023539534884],[122.37834813043477,36.86023539534884],[122.37834813043477,36.85958178947368]]]},"properties":{"cluster_id":1270,"lat":36.859798691761554,"lon":122.3787500771885,"count":11,"type":"berth","distance_to_coast":26.19613989319038,"inside_china_land":true}},{"type":"Feature","geometry":{"type":"Polygon","coordinates":[[[119.82859226666666,39.97683035483871],[119.8286378125,39.97683035483871],[119.8286378125,39.97718401388889],[119.82859226666666,39.97718401388889],[119.82859226666666,39.97683035483871]]]},"properties":{"cluster_id":1271,"lat":39.97689890151938,"lon":119.82861178151995,"count":6,"type":"berth","distance_to_coast":279.4487337058156,"inside_china_land":false}},{"type":"Feature","geometry":{"type":"Polygon","coordinates":[[[119.83459534545455,39.9773688],[119.83553326470589,39.9773688],[119.83553326470589,39.977777181818176],[119.83459534545455,39.977777181818176],[119.83459534545455,39.9773688]]]},"properties":{"cluster_id":1272,"lat":39.97752950374331,"lon":119.83520553672014,"count":3,"type":"berth","distance_to_coast":492.5446278579355,"inside_china_land":false}},{"type":"Feature","geometry":{"type":"Polygon","coordinates":[[[119.83405328571429,39.97235414285714],[119.83408000000001,39.97235414285714],[119.83408000000001,39.9723835],[119.83405328571429,39.9723835],[119.83405328571429,39.97235414285714]]]},"properties":{"cluster_id":1273,"lat":39.972368821428574,"lon":119.83406664285717,"count":2,"type":"berth","distance_to_coast":1126.8759427859447,"inside_china_land":false}},{"type":"Feature","geometry":{"type":"Polygon","coordinates":[[[120.08164657142858,31.946786142857142],[120.08185582692307,31.946786142857142],[120.08185582692307,31.946870096153848],[120.08164657142858,31.946870096153848],[120.08164657142858,31.946786142857142]]]},"properties":{"cluster_id":1274,"lat":31.946836809829065,"lon":120.0817198470696,"count":3,"type":"berth","distance_to_coast":1376.8246111831047,"inside_china_land":false}},{"type":"Feature","geometry":{"type":"Polygon","coordinates":[[[121.109178,28.163054199999998],[121.10953057142856,28.163054199999998],[121.10953057142856,28.164416505494504],[121.109178,28.164416505494504],[121.109178,28.163054199999998]]]},"properties":{"cluster_id":1277,"lat":28.163424420923462,"lon":121.10928835285026,"count":5,"type":"berth","distance_to_coast":2358.417642584099,"inside_china_land":false}},{"type":"Feature","geometry":{"type":"Polygon","coordinates":[[[121.63034202083333,32.081622333333335],[121.63052033333334,32.081622333333335],[121.63052033333334,32.08169247826087],[121.63034202083333,32.08169247826087],[121.63034202083333,32.081622333333335]]]},"properties":{"cluster_id":1278,"lat":32.081653218103,"lon":121.63044012993872,"count":6,"type":"berth","distance_to_coast":1057.245847529941,"inside_china_land":false}},{"type":"Feature","geometry":{"type":"Polygon","coordinates":[[[108.622489875,19.051520125],[108.62249433333334,19.051520125],[108.62249433333334,19.051526],[108.622489875,19.051526],[108.622489875,19.051520125]]]},"properties":{"cluster_id":1280,"lat":19.0515230625,"lon":108.62249210416668,"count":2,"type":"berth","distance_to_coast":980.9874114956316,"inside_china_land":false}},{"type":"Feature","geometry":{"type":"Polygon","coordinates":[[[119.83090325,39.97807],[119.83091300000001,39.97807],[119.83091300000001,39.97809025],[119.83090325,39.97809025],[119.83090325,39.97807]]]},"properties":{"cluster_id":1284,"lat":39.97807775,"lon":119.83090935,"count":3,"type":"berth","distance_to_coast":226.2753308191477,"inside_china_land":false}},{"type":"Feature","geometry":{"type":"Polygon","coordinates":[[[119.83103783333333,39.986756166666666],[119.83155975,39.986756166666666],[119.83155975,39.9867955],[119.83103783333333,39.9867955],[119.83103783333333,39.986756166666666]]]},"properties":{"cluster_id":1285,"lat":39.98676790679995,"lon":119.83126915874092,"count":8,"type":"berth","distance_to_coast":912.1584591619682,"inside_china_land":true}},{"type":"Feature","geometry":{"type":"Polygon","coordinates":[[[119.82610671428571,39.975749071428574],[119.82703810752687,39.975749071428574],[119.82703810752687,39.976134489247315],[119.82610671428571,39.976134489247315],[119.82610671428571,39.975749071428574]]]},"properties":{"cluster_id":1286,"lat":39.975918507019976,"lon":119.826520408967,"count":10,"type":"berth","distance_to_coast":315.5377437530576,"inside_china_land":false}},{"type":"Feature","geometry":{"type":"Polygon","coordinates":[[[119.82372,39.966567999999995],[119.82372185714287,39.966567999999995],[119.82372185714287,39.966575285714285],[119.82372,39.966575285714285],[119.82372,39.966567999999995]]]},"properties":{"cluster_id":1287,"lat":39.96657164285714,"lon":119.82372092857145,"count":2,"type":"berth","distance_to_coast":1431.179873116732,"inside_china_land":false}},{"type":"Feature","geometry":{"type":"Polygon","coordinates":[[[120.6110387070707,31.98899329292929],[120.6168965,31.98899329292929],[120.6168965,31.99040175],[120.6110387070707,31.99040175],[120.6110387070707,31.98899329292929]]]},"properties":{"cluster_id":1288,"lat":31.989627324830145,"lon":120.61367477246974,"count":34,"type":"berth","distance_to_coast":373.9815985092419,"inside_china_land":true}},{"type":"Feature","geometry":{"type":"Polygon","coordinates":[[[122.65517799999999,37.422196666666665],[122.65529533333334,37.422196666666665],[122.65529533333334,37.422525],[122.65517799999999,37.422525],[122.65517799999999,37.422196666666665]]]},"properties":{"cluster_id":1289,"lat":37.422433377296215,"lon":122.65525938113032,"count":20,"type":"berth","distance_to_coast":1050.2444047358508,"inside_china_land":false}},{"type":"Feature","geometry":{"type":"Polygon","coordinates":[[[122.63570233333333,37.42023433333333],[122.63609550000001,37.42023433333333],[122.63609550000001,37.42036720833333],[122.63570233333333,37.42036720833333],[122.63570233333333,37.42023433333333]]]},"properties":{"cluster_id":1290,"lat":37.42030727663141,"lon":122.63594987200582,"count":9,"type":"berth","distance_to_coast":521.1196853692575,"inside_china_land":false}},{"type":"Feature","geometry":{"type":"Polygon","coordinates":[[[117.74142,38.98413175],[117.74150666666667,38.98413175],[117.74150666666667,38.9842616],[117.74142,38.9842616],[117.74142,38.98413175]]]},"properties":{"cluster_id":1291,"lat":38.98420813050724,"lon":117.74146493333332,"count":5,"type":"berth","distance_to_coast":237.04858813478796,"inside_china_land":true}},{"type":"Feature","geometry":{"type":"Polygon","coordinates":[[[119.6120666,34.587550799999995],[119.61216325,34.587550799999995],[119.61216325,34.58778016129032],[119.6120666,34.58778016129032],[119.6120666,34.587550799999995]]]},"properties":{"cluster_id":1292,"lat":34.58770007043011,"lon":119.61212041989246,"count":3,"type":"berth","distance_to_coast":2576.0997153496874,"inside_china_land":false}},{"type":"Feature","geometry":{"type":"Polygon","coordinates":[[[121.43385523809523,37.55707566666666],[121.43392866666666,37.55707566666666],[121.43392866666666,37.557497833333336],[121.43385523809523,37.557497833333336],[121.43385523809523,37.55707566666666]]]},"properties":{"cluster_id":1296,"lat":37.55728675,"lon":121.43389195238096,"count":2,"type":"berth","distance_to_coast":3005.045137004814,"inside_china_land":false}},{"type":"Feature","geometry":{"type":"Polygon","coordinates":[[[118.0734132,38.16878357142857],[118.07410685714285,38.16878357142857],[118.07410685714285,38.1691098],[118.0734132,38.1691098],[118.0734132,38.16878357142857]]]},"properties":{"cluster_id":1300,"lat":38.16894668571429,"lon":118.07376002857144,"count":2,"type":"berth","distance_to_coast":2002.6446880751,"inside_china_land":false}},{"type":"Feature","geometry":{"type":"Polygon","coordinates":[[[118.07522939999998,38.17236425],[118.07585675,38.17236425],[118.07585675,38.1728874],[118.07522939999998,38.1728874],[118.07522939999998,38.17236425]]]},"properties":{"cluster_id":1307,"lat":38.172625825,"lon":118.07554307499998,"count":2,"type":"berth","distance_to_coast":2326.7257270902383,"inside_china_land":false}},{"type":"Feature","geometry":{"type":"Polygon","coordinates":[[[120.83880942857142,37.82165857142857],[120.84009672727274,37.82165857142857],[120.84009672727274,37.82206030263158],[120.83880942857142,37.82206030263158],[120.83880942857142,37.82165857142857]]]},"properties":{"cluster_id":1314,"lat":37.82190691453776,"lon":120.83973587119787,"count":4,"type":"berth","distance_to_coast":714.7713315843988,"inside_china_land":false}},{"type":"Feature","geometry":{"type":"Polygon","coordinates":[[[120.3062827,37.66428654545455],[120.30689325925925,37.66428654545455],[120.30689325925925,37.664908777777775],[120.3062827,37.664908777777775],[120.3062827,37.66428654545455]]]},"properties":{"cluster_id":1315,"lat":37.664534925512264,"lon":120.3065657450986,"count":5,"type":"berth","distance_to_coast":16.831161082386135,"inside_china_land":false}},{"type":"Feature","geometry":{"type":"Polygon","coordinates":[[[121.37879464705881,37.56776876470588],[121.37881764705882,37.56776876470588],[121.37881764705882,37.567797784313726],[121.37879464705881,37.567797784313726],[121.37879464705881,37.56776876470588]]]},"properties":{"cluster_id":1317,"lat":37.56778327450981,"lon":121.3788061470588,"count":2,"type":"berth","distance_to_coast":317.6200930984027,"inside_china_land":true}},{"type":"Feature","geometry":{"type":"Polygon","coordinates":[[[121.12222249999999,37.7194276],[121.12255571428571,37.7194276],[121.12255571428571,37.72042966666667],[121.12222249999999,37.72042966666667],[121.12222249999999,37.7194276]]]},"properties":{"cluster_id":1318,"lat":37.71978256507937,"lon":121.12238971031744,"count":3,"type":"berth","distance_to_coast":1872.586700409448,"inside_china_land":false}},{"type":"Feature","geometry":{"type":"Polygon","coordinates":[[[120.31600358536585,37.65740266666666],[120.31653191228071,37.65740266666666],[120.31653191228071,37.657917365853656],[120.31600358536585,37.657917365853656],[120.31600358536585,37.65740266666666]]]},"properties":{"cluster_id":1319,"lat":37.657623034231925,"lon":120.31625327699328,"count":3,"type":"berth","distance_to_coast":635.8410052203866,"inside_china_land":true}},{"type":"Feature","geometry":{"type":"Polygon","coordinates":[[[118.13810655555555,31.23539633333333],[118.14025710344828,31.23539633333333],[118.14025710344828,31.236914888888887],[118.13810655555555,31.236914888888887],[118.13810655555555,31.23539633333333]]]},"properties":{"cluster_id":1320,"lat":31.236519453143178,"lon":118.13970489512242,"count":13,"type":"berth","distance_to_coast":206013.1434006259,"inside_china_land":true}},{"type":"Feature","geometry":{"type":"Polygon","coordinates":[[[119.85179740000001,26.4951394],[119.85230670000001,26.4951394],[119.85230670000001,26.495758000000002],[119.85179740000001,26.495758000000002],[119.85179740000001,26.4951394]]]},"properties":{"cluster_id":1321,"lat":26.4954487,"lon":119.85205205,"count":2,"type":"berth","distance_to_coast":3497.717428408734,"inside_china_land":false}},{"type":"Feature","geometry":{"type":"Polygon","coordinates":[[[118.00702919999999,31.194181125],[118.00751790909091,31.194181125],[118.00751790909091,31.194881099999996],[118.00702919999999,31.194881099999996],[118.00702919999999,31.194181125]]]},"properties":{"cluster_id":1323,"lat":31.194601135606064,"lon":118.00726661969696,"count":3,"type":"berth","distance_to_coast":221072.7012696075,"inside_china_land":true}},{"type":"Feature","geometry":{"type":"Polygon","coordinates":[[[118.77389163333333,32.12753441428571],[118.77810099999999,32.12753441428571],[118.77810099999999,32.13090768],[118.77389163333333,32.13090768],[118.77389163333333,32.12753441428571]]]},"properties":{"cluster_id":1324,"lat":32.12918225528372,"lon":118.77602803009518,"count":47,"type":"berth","distance_to_coast":92825.95993818952,"inside_china_land":true}},{"type":"Feature","geometry":{"type":"Polygon","coordinates":[[[118.7575578,32.1982394],[118.7607856,32.1982394],[118.7607856,32.20286182608696],[118.7575578,32.20286182608696],[118.7575578,32.1982394]]]},"properties":{"cluster_id":1325,"lat":32.20011086644615,"lon":118.7586327625842,"count":53,"type":"berth","distance_to_coast":94334.87701307688,"inside_china_land":true}},{"type":"Feature","geometry":{"type":"Polygon","coordinates":[[[118.00845178333334,31.200120391304345],[118.00960512500001,31.200120391304345],[118.00960512500001,31.2017511875],[118.00845178333334,31.2017511875],[118.00845178333334,31.200120391304345]]]},"properties":{"cluster_id":1326,"lat":31.2012048751468,"lon":118.00922438613868,"count":9,"type":"berth","distance_to_coast":220388.1652609581,"inside_china_land":true}},{"type":"Feature","geometry":{"type":"Polygon","coordinates":[[[118.46493655882354,31.7585914],[118.46967990909091,31.7585914],[118.46967990909091,31.761906976470588],[118.46493655882354,31.761906976470588],[118.46493655882354,31.7585914]]]},"properties":{"cluster_id":1328,"lat":31.760452696015395,"lon":118.46753602105228,"count":13,"type":"berth","distance_to_coast":139081.96279344906,"inside_china_land":true}},{"type":"Feature","geometry":{"type":"Polygon","coordinates":[[[117.99877675,31.105220666666664],[117.99905413333335,31.105220666666664],[117.99905413333335,31.10543266666667],[117.99877675,31.10543266666667],[117.99877675,31.105220666666664]]]},"properties":{"cluster_id":1329,"lat":31.105290070935105,"lon":117.99893657112452,"count":20,"type":"berth","distance_to_coast":228879.78815410356,"inside_china_land":true}},{"type":"Feature","geometry":{"type":"Polygon","coordinates":[[[119.92895133333333,32.088147142857146],[119.93047664999999,32.088147142857146],[119.93047664999999,32.08950431531532],[119.92895133333333,32.08950431531532],[119.92895133333333,32.088147142857146]]]},"properties":{"cluster_id":1330,"lat":32.088696380419194,"lon":119.92989637722928,"count":7,"type":"berth","distance_to_coast":620.4367098724919,"inside_china_land":false}},{"type":"Feature","geometry":{"type":"Polygon","coordinates":[[[118.06306916666666,31.19643577777778],[118.0631934,31.19643577777778],[118.0631934,31.196566375],[118.06306916666666,31.196566375],[118.06306916666666,31.19643577777778]]]},"properties":{"cluster_id":1331,"lat":31.19653043194445,"lon":118.06315873541666,"count":4,"type":"berth","distance_to_coast":215942.99203338375,"inside_china_land":true}},{"type":"Feature","geometry":{"type":"Polygon","coordinates":[[[118.00306746153846,31.1974097],[118.00582944736841,31.1974097],[118.00582944736841,31.199671857142857],[118.00306746153846,31.199671857142857],[118.00306746153846,31.1974097]]]},"properties":{"cluster_id":1332,"lat":31.198749605156284,"lon":118.0047816815212,"count":9,"type":"berth","distance_to_coast":220975.95454685183,"inside_china_land":true}},{"type":"Feature","geometry":{"type":"Polygon","coordinates":[[[119.6927496,26.803789000000002],[119.69307912000001,26.803789000000002],[119.69307912000001,26.804046],[119.6927496,26.804046],[119.6927496,26.803789000000002]]]},"properties":{"cluster_id":1333,"lat":26.803916003492063,"lon":119.69294949888888,"count":7,"type":"berth","distance_to_coast":1115.9828019396082,"inside_china_land":false}},{"type":"Feature","geometry":{"type":"Polygon","coordinates":[[[120.57726233333334,31.994456211267604],[120.5776251830986,31.994456211267604],[120.5776251830986,31.994607333333335],[120.57726233333334,31.994607333333335],[120.57726233333334,31.994456211267604]]]},"properties":{"cluster_id":1334,"lat":31.99453177230047,"lon":120.57744375821596,"count":2,"type":"berth","distance_to_coast":661.9337106756858,"inside_china_land":true}},{"type":"Feature","geometry":{"type":"Polygon","coordinates":[[[118.21815333333332,31.289662],[118.2182372,31.289662],[118.2182372,31.2908306],[118.21815333333332,31.2908306],[118.21815333333332,31.289662]]]},"properties":{"cluster_id":1336,"lat":31.290519541666665,"lon":118.21818363333333,"count":4,"type":"berth","distance_to_coast":194800.8888223459,"inside_china_land":true}},{"type":"Feature","geometry":{"type":"Polygon","coordinates":[[[118.21396185714286,31.286705361702126],[118.21543814285714,31.286705361702126],[118.21543814285714,31.28772067272727],[118.21396185714286,31.28772067272727],[118.21396185714286,31.286705361702126]]]},"properties":{"cluster_id":1337,"lat":31.287485611807252,"lon":118.21478698472797,"count":7,"type":"berth","distance_to_coast":195341.51108508324,"inside_china_land":true}},{"type":"Feature","geometry":{"type":"Polygon","coordinates":[[[118.00751176923077,31.202924199999998],[118.00768975,31.202924199999998],[118.00768975,31.20339575],[118.00751176923077,31.20339575],[118.00751176923077,31.202924199999998]]]},"properties":{"cluster_id":1338,"lat":31.203109818205128,"lon":118.00762515717948,"count":5,"type":"berth","distance_to_coast":220385.40945006176,"inside_china_land":true}},{"type":"Feature","geometry":{"type":"Polygon","coordinates":[[[119.93186539999999,32.08351035],[119.932191625,32.08351035],[119.932191625,32.08370625],[119.93186539999999,32.08370625],[119.93186539999999,32.08351035]]]},"properties":{"cluster_id":1339,"lat":32.083608299999995,"lon":119.9320285125,"count":2,"type":"berth","distance_to_coast":783.7438553134698,"inside_china_land":false}},{"type":"Feature","geometry":{"type":"Polygon","coordinates":[[[119.446667,25.981667],[119.446667,25.981667],[119.446667,25.981667],[119.446667,25.981667],[119.446667,25.981667]]]},"properties":{"cluster_id":1341,"lat":25.981667,"lon":119.446667,"count":2,"type":"berth","distance_to_coast":29.000023545311407,"inside_china_land":false}},{"type":"Feature","geometry":{"type":"Polygon","coordinates":[[[121.06105033333334,31.80370452631579],[121.06149116666667,31.80370452631579],[121.06149116666667,31.803843076923076],[121.06105033333334,31.803843076923076],[121.06105033333334,31.80370452631579]]]},"properties":{"cluster_id":1342,"lat":31.803745589153497,"lon":121.06128385200326,"count":11,"type":"berth","distance_to_coast":1173.6509388953937,"inside_china_land":false}},{"type":"Feature","geometry":{"type":"Polygon","coordinates":[[[119.18818276,32.231609],[119.18848716666668,32.231609],[119.18848716666668,32.23207972],[119.18818276,32.23207972],[119.18818276,32.231609]]]},"properties":{"cluster_id":1343,"lat":32.23184436,"lon":119.18833496333336,"count":2,"type":"berth","distance_to_coast":46726.13288143847,"inside_china_land":true}},{"type":"Feature","geometry":{"type":"Polygon","coordinates":[[[121.9699126875,29.94849839814815],[121.9705699537037,29.94849839814815],[121.9705699537037,29.9491740625],[121.9699126875,29.9491740625],[121.9699126875,29.94849839814815]]]},"properties":{"cluster_id":1344,"lat":29.948836230324076,"lon":121.97024132060184,"count":2,"type":"berth","distance_to_coast":143.03834478469187,"inside_china_land":false}},{"type":"Feature","geometry":{"type":"Polygon","coordinates":[[[118.8387758125,32.23109713095238],[118.83888182022471,32.23109713095238],[118.83888182022471,32.23129013043478],[118.8387758125,32.23129013043478],[118.8387758125,32.23109713095238]]]},"properties":{"cluster_id":1345,"lat":32.23122814528651,"lon":118.83884454441996,"count":27,"type":"berth","distance_to_coast":85523.98031043637,"inside_china_land":true}},{"type":"Feature","geometry":{"type":"Polygon","coordinates":[[[121.99841585714287,29.92038522222222],[121.99925764705883,29.92038522222222],[121.99925764705883,29.921104145833336],[121.99841585714287,29.921104145833336],[121.99841585714287,29.92038522222222]]]},"properties":{"cluster_id":1348,"lat":29.92070990500496,"lon":121.99881608295756,"count":24,"type":"berth","distance_to_coast":638.158187319104,"inside_china_land":false}},{"type":"Feature","geometry":{"type":"Polygon","coordinates":[[[119.193782,32.22962716666667],[119.19402695,32.22962716666667],[119.19402695,32.2301424],[119.193782,32.2301424],[119.193782,32.22962716666667]]]},"properties":{"cluster_id":1349,"lat":32.22994763333333,"lon":119.19394315,"count":3,"type":"berth","distance_to_coast":46080.69463699843,"inside_china_land":true}},{"type":"Feature","geometry":{"type":"Polygon","coordinates":[[[122.23378936666667,30.280486470588237],[122.23405289189189,30.280486470588237],[122.23405289189189,30.280585055555555],[122.23378936666667,30.280585055555555],[122.23378936666667,30.280486470588237]]]},"properties":{"cluster_id":1350,"lat":30.280525278954975,"lon":122.2339699983287,"count":22,"type":"berth","distance_to_coast":424.34084834912977,"inside_china_land":false}},{"type":"Feature","geometry":{"type":"Polygon","coordinates":[[[119.13312065853658,32.25175847368421],[119.13328327272728,32.25175847368421],[119.13328327272728,32.251983333333335],[119.13312065853658,32.251983333333335],[119.13312065853658,32.25175847368421]]]},"properties":{"cluster_id":1351,"lat":32.251895268728084,"lon":119.13322736165574,"count":21,"type":"berth","distance_to_coast":53128.9634497404,"inside_china_land":true}},{"type":"Feature","geometry":{"type":"Polygon","coordinates":[[[122.13177951428572,29.781067692307694],[122.1321175952381,29.781067692307694],[122.1321175952381,29.78207387878788],[122.13177951428572,29.78207387878788],[122.13177951428572,29.781067692307694]]]},"properties":{"cluster_id":1352,"lat":29.781486543795303,"lon":122.13198261545696,"count":10,"type":"berth","distance_to_coast":1158.22012566109,"inside_china_land":false}},{"type":"Feature","geometry":{"type":"Polygon","coordinates":[[[118.519658,39.045365464285716],[118.52089428571428,39.045365464285716],[118.52089428571428,39.04576375],[118.519658,39.04576375],[118.519658,39.045365464285716]]]},"properties":{"cluster_id":1353,"lat":39.045532273979966,"lon":118.51991148119816,"count":57,"type":"berth","distance_to_coast":256.6416893661018,"inside_china_land":true}},{"type":"Feature","geometry":{"type":"Polygon","coordinates":[[[121.65442738095238,38.96614485714286],[121.65526344444444,38.96614485714286],[121.65526344444444,38.96663711111111],[121.65442738095238,38.96663711111111],[121.65442738095238,38.96614485714286]]]},"properties":{"cluster_id":1354,"lat":38.96647829140424,"lon":121.6549188065535,"count":20,"type":"berth","distance_to_coast":135.78717018198483,"inside_china_land":false}},{"type":"Feature","geometry":{"type":"Polygon","coordinates":[[[121.06748799999998,40.79722611111111],[121.06893851219513,40.79722611111111],[121.06893851219513,40.79774428571428],[121.06748799999998,40.79774428571428],[121.06748799999998,40.79722611111111]]]},"properties":{"cluster_id":1355,"lat":40.79742361872697,"lon":121.06789566277187,"count":15,"type":"berth","distance_to_coast":786.6907421443287,"inside_china_land":false}},{"type":"Feature","geometry":{"type":"Polygon","coordinates":[[[117.76638192982456,38.97133480357143],[117.76645137179487,38.97133480357143],[117.76645137179487,38.97149520833333],[117.76638192982456,38.97149520833333],[117.76638192982456,38.97133480357143]]]},"properties":{"cluster_id":1357,"lat":38.97145479473123,"lon":117.76642037411172,"count":14,"type":"berth","distance_to_coast":1420.5104650614026,"inside_china_land":false}},{"type":"Feature","geometry":{"type":"Polygon","coordinates":[[[121.0758662195122,37.72221793220339],[121.07701702702703,37.72221793220339],[121.07701702702703,37.722392425925925],[121.0758662195122,37.722392425925925],[121.0758662195122,37.72221793220339]]]},"properties":{"cluster_id":1360,"lat":37.7223406924765,"lon":121.07687809309284,"count":11,"type":"berth","distance_to_coast":1384.4583528471635,"inside_china_land":false}},{"type":"Feature","geometry":{"type":"Polygon","coordinates":[[[121.8986416111111,38.97718374418604],[121.89865158139536,38.97718374418604],[121.89865158139536,38.97719548148148],[121.8986416111111,38.97719548148148],[121.8986416111111,38.97718374418604]]]},"properties":{"cluster_id":1362,"lat":38.97719149895132,"lon":121.8986460585191,"count":3,"type":"berth","distance_to_coast":395.3925455426216,"inside_china_land":false}},{"type":"Feature","geometry":{"type":"Polygon","coordinates":[[[117.76095890196079,38.97212154901961],[117.7609968627451,38.97212154901961],[117.7609968627451,38.97228203636364],[117.76095890196079,38.97228203636364],[117.76095890196079,38.97212154901961]]]},"properties":{"cluster_id":1363,"lat":38.97221522833413,"lon":117.7609846496792,"count":5,"type":"berth","distance_to_coast":1340.582118344524,"inside_china_land":false}},{"type":"Feature","geometry":{"type":"Polygon","coordinates":[[[117.76344709803921,38.97172473469388],[117.763495546875,38.97172473469388],[117.763495546875,38.971884453125],[117.76344709803921,38.971884453125],[117.76344709803921,38.97172473469388]]]},"properties":{"cluster_id":1364,"lat":38.97176765762583,"lon":117.7634744000422,"count":9,"type":"berth","distance_to_coast":1391.389382617096,"inside_china_land":false}},{"type":"Feature","geometry":{"type":"Polygon","coordinates":[[[121.90225078947368,38.9768272],[121.90314668421053,38.9768272],[121.90314668421053,38.97788087719298],[121.90225078947368,38.97788087719298],[121.90225078947368,38.9768272]]]},"properties":{"cluster_id":1365,"lat":38.97751185810538,"lon":121.9025518367909,"count":12,"type":"berth","distance_to_coast":828.1870997709935,"inside_china_land":false}},{"type":"Feature","geometry":{"type":"Polygon","coordinates":[[[117.75792987755102,38.972841781818175],[117.75809609615385,38.972841781818175],[117.75809609615385,38.972885020408164],[117.75792987755102,38.972885020408164],[117.75792987755102,38.972841781818175]]]},"properties":{"cluster_id":1367,"lat":38.972857792600614,"lon":117.75806163760365,"count":7,"type":"berth","distance_to_coast":1264.1837044039248,"inside_china_land":false}},{"type":"Feature","geometry":{"type":"Polygon","coordinates":[[[118.95593404597702,32.16931455789474],[118.95604445000001,32.16931455789474],[118.95604445000001,32.169474880434784],[118.95593404597702,32.169474880434784],[118.95593404597702,32.16931455789474]]]},"properties":{"cluster_id":1369,"lat":32.169444604917565,"lon":118.955975560142,"count":16,"type":"berth","distance_to_coast":72456.06466738574,"inside_china_land":true}},{"type":"Feature","geometry":{"type":"Polygon","coordinates":[[[120.30185696721311,37.65990498360655],[120.30187809615384,37.65990498360655],[120.30187809615384,37.65993229126214],[120.30185696721311,37.65993229126214],[120.30185696721311,37.65990498360655]]]},"properties":{"cluster_id":1370,"lat":37.659914905725465,"lon":120.3018664839055,"count":3,"type":"berth","distance_to_coast":739.8955386879054,"inside_china_land":false}},{"type":"Feature","geometry":{"type":"Polygon","coordinates":[[[121.08084436666667,37.722186125],[121.08121071794871,37.722186125],[121.08121071794871,37.722413186046516],[121.08084436666667,37.722413186046516],[121.08084436666667,37.722186125]]]},"properties":{"cluster_id":1372,"lat":37.72233699554264,"lon":121.08096023462,"count":5,"type":"berth","distance_to_coast":1448.92998045144,"inside_china_land":false}},{"type":"Feature","geometry":{"type":"Polygon","coordinates":[[[121.66016757142857,31.35922575],[121.660680375,31.35922575],[121.660680375,31.359997357142856],[121.66016757142857,31.359997357142856],[121.66016757142857,31.35922575]]]},"properties":{"cluster_id":1373,"lat":31.359611553571423,"lon":121.66042397321428,"count":2,"type":"berth","distance_to_coast":3585.514652757957,"inside_china_land":false}},{"type":"Feature","geometry":{"type":"Polygon","coordinates":[[[113.55894857142857,22.917025000000002],[113.559843,22.917025000000002],[113.559843,22.917830142857145],[113.55894857142857,22.917830142857145],[113.55894857142857,22.917025000000002]]]},"properties":{"cluster_id":1375,"lat":22.917427571428576,"lon":113.55939578571429,"count":2,"type":"berth","distance_to_coast":828.7063411913392,"inside_china_land":false}},{"type":"Feature","geometry":{"type":"Polygon","coordinates":[[[122.16525028846155,30.247330563953486],[122.16613834302326,30.247330563953486],[122.16613834302326,30.247525942307693],[122.16525028846155,30.247525942307693],[122.16525028846155,30.247330563953486]]]},"properties":{"cluster_id":1378,"lat":30.24742825313059,"lon":122.1656943157424,"count":2,"type":"berth","distance_to_coast":263.96218794485253,"inside_china_land":false}},{"type":"Feature","geometry":{"type":"Polygon","coordinates":[[[120.83710457575758,37.815909659999996],[120.83711675999999,37.815909659999996],[120.83711675999999,37.815949878787876],[120.83710457575758,37.815949878787876],[120.83710457575758,37.815909659999996]]]},"properties":{"cluster_id":1379,"lat":37.81592976939393,"lon":120.8371106678788,"count":2,"type":"berth","distance_to_coast":20.2274690839472,"inside_china_land":true}},{"type":"Feature","geometry":{"type":"Polygon","coordinates":[[[119.9297546,32.08431208235294],[119.9308479882353,32.08431208235294],[119.9308479882353,32.0851886],[119.9297546,32.0851886],[119.9297546,32.08431208235294]]]},"properties":{"cluster_id":1382,"lat":32.08466563368347,"lon":119.9303718309874,"count":4,"type":"berth","distance_to_coast":863.2973452380737,"inside_china_land":false}},{"type":"Feature","geometry":{"type":"Polygon","coordinates":[[[120.28311413770491,37.6490512],[120.28317236,37.6490512],[120.28317236,37.64915005245902],[120.28311413770491,37.64915005245902],[120.28311413770491,37.6490512]]]},"properties":{"cluster_id":1383,"lat":37.64910062622951,"lon":120.28314324885244,"count":2,"type":"berth","distance_to_coast":3143.193367353492,"inside_china_land":false}},{"type":"Feature","geometry":{"type":"Polygon","coordinates":[[[120.3135140378788,37.658599333333335],[120.31413465333334,37.658599333333335],[120.31413465333334,37.65907005333333],[120.3135140378788,37.65907005333333],[120.3135140378788,37.658599333333335]]]},"properties":{"cluster_id":1384,"lat":37.65884506828283,"lon":120.31388901828284,"count":3,"type":"berth","distance_to_coast":452.8558753618635,"inside_china_land":true}},{"type":"Feature","geometry":{"type":"Polygon","coordinates":[[[121.16058225,31.702113583333333],[121.16064539999999,31.702113583333333],[121.16064539999999,31.702881400000003],[121.16058225,31.702881400000003],[121.16058225,31.702113583333333]]]},"properties":{"cluster_id":1385,"lat":31.70249749166667,"lon":121.160613825,"count":2,"type":"berth","distance_to_coast":2950.2398340276923,"inside_china_land":false}},{"type":"Feature","geometry":{"type":"Polygon","coordinates":[[[116.54251242857143,22.94670428125],[116.542827875,22.94670428125],[116.542827875,22.946936142857144],[116.54251242857143,22.946936142857144],[116.54251242857143,22.94670428125]]]},"properties":{"cluster_id":1387,"lat":22.94680950248016,"lon":116.54264382341267,"count":3,"type":"berth","distance_to_coast":3656.5257565653465,"inside_china_land":false}},{"type":"Feature","geometry":{"type":"Polygon","coordinates":[[[117.99737441666667,31.17343952173913],[117.99753,31.17343952173913],[117.99753,31.173480750000003],[117.99737441666667,31.173480750000003],[117.99737441666667,31.17343952173913]]]},"properties":{"cluster_id":1389,"lat":31.173455229786423,"lon":117.99744865498346,"count":5,"type":"berth","distance_to_coast":223590.26468648048,"inside_china_land":true}},{"type":"Feature","geometry":{"type":"Polygon","coordinates":[[[121.94700025,30.114946],[121.94800972727272,30.114946],[121.94800972727272,30.11598625],[121.94700025,30.11598625],[121.94700025,30.114946]]]},"properties":{"cluster_id":1391,"lat":30.115101675727544,"lon":121.94773400240844,"count":158,"type":"berth","distance_to_coast":2596.274152817031,"inside_china_land":false}},{"type":"Feature","geometry":{"type":"Polygon","coordinates":[[[116.37178,23.524388481481484],[116.37404604395604,23.524388481481484],[116.37404604395604,23.5249504],[116.37178,23.5249504],[116.37178,23.524388481481484]]]},"properties":{"cluster_id":1394,"lat":23.524781048667965,"lon":116.37329497603946,"count":6,"type":"berth","distance_to_coast":21089.680669735604,"inside_china_land":true}},{"type":"Feature","geometry":{"type":"Polygon","coordinates":[[[114.62812588888889,22.735904736842105],[114.62859466666667,22.735904736842105],[114.62859466666667,22.737011333333335],[114.62812588888889,22.737011333333335],[114.62812588888889,22.735904736842105]]]},"properties":{"cluster_id":1395,"lat":22.736412819194417,"lon":114.62841036338943,"count":10,"type":"berth","distance_to_coast":1911.876551287543,"inside_china_land":false}},{"type":"Feature","geometry":{"type":"Polygon","coordinates":[[[118.52854941176471,31.8153738627451],[118.52867981300813,31.8153738627451],[118.52867981300813,31.815675910569105],[118.52854941176471,31.815675910569105],[118.52854941176471,31.8153738627451]]]},"properties":{"cluster_id":1397,"lat":31.8155248866571,"lon":118.52861461238642,"count":2,"type":"berth","distance_to_coast":129970.44807224003,"inside_china_land":true}},{"type":"Feature","geometry":{"type":"Polygon","coordinates":[[[120.89168744999999,31.91179915],[120.8919813,31.91179915],[120.8919813,31.9121212],[120.89168744999999,31.9121212],[120.89168744999999,31.91179915]]]},"properties":{"cluster_id":1398,"lat":31.911960175,"lon":120.891834375,"count":2,"type":"berth","distance_to_coast":2220.6773294567593,"inside_china_land":false}},{"type":"Feature","geometry":{"type":"Polygon","coordinates":[[[118.37937403076923,31.547135863636367],[118.38344325,31.547135863636367],[118.38344325,31.5498804375],[118.37937403076923,31.5498804375],[118.37937403076923,31.547135863636367]]]},"properties":{"cluster_id":1399,"lat":31.548714212450346,"lon":118.38108330584492,"count":10,"type":"berth","distance_to_coast":160669.93206135498,"inside_china_land":true}},{"type":"Feature","geometry":{"type":"Polygon","coordinates":[[[111.82235154545455,21.6860985],[111.82337824999999,21.6860985],[111.82337824999999,21.688162545454546],[111.82235154545455,21.688162545454546],[111.82235154545455,21.6860985]]]},"properties":{"cluster_id":1400,"lat":21.687141077054164,"lon":111.82295138354104,"count":8,"type":"berth","distance_to_coast":1571.247536085028,"inside_china_land":false}},{"type":"Feature","geometry":{"type":"Polygon","coordinates":[[[117.99503960416666,31.099098833333333],[117.995535275,31.099098833333333],[117.995535275,31.099676975],[117.99503960416666,31.099676975],[117.99503960416666,31.099098833333333]]]},"properties":{"cluster_id":1401,"lat":31.09932618611111,"lon":117.99523200972222,"count":3,"type":"berth","distance_to_coast":229686.0035605901,"inside_china_land":true}},{"type":"Feature","geometry":{"type":"Polygon","coordinates":[[[120.88623050000001,31.9163465],[120.88659145454545,31.9163465],[120.88659145454545,31.916577181818184],[120.88623050000001,31.916577181818184],[120.88623050000001,31.9163465]]]},"properties":{"cluster_id":1402,"lat":31.916461840909093,"lon":120.88641097727272,"count":2,"type":"berth","distance_to_coast":2449.0692557565726,"inside_china_land":false}},{"type":"Feature","geometry":{"type":"Polygon","coordinates":[[[121.71253477777776,29.018388075],[121.7129265,29.018388075],[121.7129265,29.0186062],[121.71253477777776,29.0186062],[121.71253477777776,29.018388075]]]},"properties":{"cluster_id":1403,"lat":29.018519826015808,"lon":121.71270897519936,"count":99,"type":"berth","distance_to_coast":2558.0235822217937,"inside_china_land":false}},{"type":"Feature","geometry":{"type":"Polygon","coordinates":[[[119.98406835714286,32.01523378571429],[119.984254875,32.01523378571429],[119.984254875,32.0153325],[119.98406835714286,32.0153325],[119.98406835714286,32.01523378571429]]]},"properties":{"cluster_id":1412,"lat":32.01529146708074,"lon":119.98414547847052,"count":4,"type":"berth","distance_to_coast":777.9571090656651,"inside_china_land":false}},{"type":"Feature","geometry":{"type":"Polygon","coordinates":[[[108.57925416666666,21.732027428571428],[108.57955932258065,21.732027428571428],[108.57955932258065,21.732081500000003],[108.57925416666666,21.732081500000003],[108.57925416666666,21.732027428571428]]]},"properties":{"cluster_id":1415,"lat":21.732049319631336,"lon":108.5793460807066,"count":5,"type":"berth","distance_to_coast":1947.4264898666952,"inside_china_land":false}},{"type":"Feature","geometry":{"type":"Polygon","coordinates":[[[114.5838135,22.707610166666665],[114.58394900000002,22.707610166666665],[114.58394900000002,22.707832636363637],[114.5838135,22.707832636363637],[114.5838135,22.707610166666665]]]},"properties":{"cluster_id":1417,"lat":22.707762871212125,"lon":114.58389697632578,"count":4,"type":"berth","distance_to_coast":1562.0899598378758,"inside_china_land":false}},{"type":"Feature","geometry":{"type":"Polygon","coordinates":[[[122.14890573584906,29.760358150943397],[122.14896149056604,29.760358150943397],[122.14896149056604,29.7604209245283],[122.14890573584906,29.7604209245283],[122.14890573584906,29.760358150943397]]]},"properties":{"cluster_id":1420,"lat":29.760389537735847,"lon":122.14893361320756,"count":2,"type":"berth","distance_to_coast":3000.400529556408,"inside_china_land":false}},{"type":"Feature","geometry":{"type":"Polygon","coordinates":[[[118.85259733333334,32.17454775],[118.85843104347826,32.17454775],[118.85843104347826,32.178093857142855],[118.85259733333334,32.178093857142855],[118.85259733333334,32.17454775]]]},"properties":{"cluster_id":1421,"lat":32.176463880637115,"lon":118.85597055370847,"count":30,"type":"berth","distance_to_coast":83541.72086493141,"inside_china_land":true}},{"type":"Feature","geometry":{"type":"Polygon","coordinates":[[[121.64738333333332,29.508347316455698],[121.64850188888889,29.508347316455698],[121.64850188888889,29.508990276595743],[121.64738333333332,29.508990276595743],[121.64738333333332,29.508347316455698]]]},"properties":{"cluster_id":1423,"lat":29.50855132648384,"lon":121.6478397499232,"count":27,"type":"berth","distance_to_coast":1233.8143445131277,"inside_china_land":false}},{"type":"Feature","geometry":{"type":"Polygon","coordinates":[[[117.39339269565218,30.72005860869565],[117.39346776470587,30.72005860869565],[117.39346776470587,30.72016917647059],[117.39339269565218,30.72016917647059],[117.39339269565218,30.72005860869565]]]},"properties":{"cluster_id":1424,"lat":30.72011651123214,"lon":117.39342458834928,"count":4,"type":"berth","distance_to_coast":312752.55179416476,"inside_china_land":true}},{"type":"Feature","geometry":{"type":"Polygon","coordinates":[[[118.16432058333334,31.255308083333333],[118.166562,31.255308083333333],[118.166562,31.256452999999997],[118.16432058333334,31.256452999999997],[118.16432058333334,31.255308083333333]]]},"properties":{"cluster_id":1425,"lat":31.255793088548955,"lon":118.16539482338774,"count":10,"type":"berth","distance_to_coast":202216.33932351667,"inside_china_land":true}},{"type":"Feature","geometry":{"type":"Polygon","coordinates":[[[121.85685391666668,29.939548066666667],[121.85793340000001,29.939548066666667],[121.85793340000001,29.939911857142857],[121.85685391666668,29.939911857142857],[121.85685391666668,29.939548066666667]]]},"properties":{"cluster_id":1426,"lat":29.939665565446557,"lon":121.8577019241702,"count":24,"type":"berth","distance_to_coast":238.19153156327093,"inside_china_land":false}},{"type":"Feature","geometry":{"type":"Polygon","coordinates":[[[118.76061933333334,32.196308599999995],[118.76118019999998,32.196308599999995],[118.76118019999998,32.1967595],[118.76061933333334,32.1967595],[118.76061933333334,32.196308599999995]]]},"properties":{"cluster_id":1427,"lat":32.19653405,"lon":118.76089976666664,"count":2,"type":"berth","distance_to_coast":94081.59911180646,"inside_china_land":true}},{"type":"Feature","geometry":{"type":"Polygon","coordinates":[[[119.2729167105263,32.2012834],[119.2746826,32.2012834],[119.2746826,32.20279081578947],[119.2729167105263,32.20279081578947],[119.2729167105263,32.2012834]]]},"properties":{"cluster_id":1429,"lat":32.20189677174237,"lon":119.27370230953458,"count":7,"type":"berth","distance_to_coast":37002.4451670225,"inside_china_land":true}},{"type":"Feature","geometry":{"type":"Polygon","coordinates":[[[121.5012916849315,29.492466761904762],[121.50233268749999,29.492466761904762],[121.50233268749999,29.492921903225806],[121.5012916849315,29.492921903225806],[121.5012916849315,29.492466761904762]]]},"properties":{"cluster_id":1430,"lat":29.492734808452713,"lon":121.50186343045246,"count":10,"type":"berth","distance_to_coast":1187.447641747921,"inside_china_land":false}},{"type":"Feature","geometry":{"type":"Polygon","coordinates":[[[119.2807251219512,32.197427875],[119.28416791304349,32.197427875],[119.28416791304349,32.19969973076923],[119.2807251219512,32.19969973076923],[119.2807251219512,32.197427875]]]},"properties":{"cluster_id":1431,"lat":32.19865225692044,"lon":119.2822910692342,"count":9,"type":"berth","distance_to_coast":36041.28595066276,"inside_china_land":true}},{"type":"Feature","geometry":{"type":"Polygon","coordinates":[[[119.05608125,32.21915725],[119.05951145454546,32.21915725],[119.05951145454546,32.22411116666667],[119.05608125,32.22411116666667],[119.05608125,32.21915725]]]},"properties":{"cluster_id":1432,"lat":32.22186565876577,"lon":119.05773556237278,"count":18,"type":"berth","distance_to_coast":61126.10550063915,"inside_china_land":true}},{"type":"Feature","geometry":{"type":"Polygon","coordinates":[[[119.2797648,32.2002916],[119.2798262,32.2002916],[119.2798262,32.2004034],[119.2797648,32.2004034],[119.2797648,32.2002916]]]},"properties":{"cluster_id":1433,"lat":32.2003475,"lon":119.2797955,"count":2,"type":"berth","distance_to_coast":36321.164889511485,"inside_china_land":true}},{"type":"Feature","geometry":{"type":"Polygon","coordinates":[[[122.40183,30.402959999999997],[122.40186533333333,30.402959999999997],[122.40186533333333,30.403147333333333],[122.40183,30.403147333333333],[122.40183,30.402959999999997]]]},"properties":{"cluster_id":1434,"lat":30.403053666666665,"lon":122.40184766666668,"count":2,"type":"berth","distance_to_coast":2017.664536625278,"inside_china_land":false}},{"type":"Feature","geometry":{"type":"Polygon","coordinates":[[[119.75197928125,26.59682104166667],[119.75206945833334,26.59682104166667],[119.75206945833334,26.596886524390246],[119.75197928125,26.596886524390246],[119.75197928125,26.59682104166667]]]},"properties":{"cluster_id":1435,"lat":26.59685961605019,"lon":119.752025684134,"count":11,"type":"berth","distance_to_coast":1160.3497354168614,"inside_china_land":false}},{"type":"Feature","geometry":{"type":"Polygon","coordinates":[[[121.88766675,29.930408],[121.88800923333334,29.930408],[121.88800923333334,29.930612770833335],[121.88766675,29.930612770833335],[121.88766675,29.930408]]]},"properties":{"cluster_id":1436,"lat":29.930554343675595,"lon":121.88795080625,"count":8,"type":"berth","distance_to_coast":406.7878700229835,"inside_china_land":false}},{"type":"Feature","geometry":{"type":"Polygon","coordinates":[[[119.94946527272727,32.04261463636364],[119.95034050000001,32.04261463636364],[119.95034050000001,32.043287],[119.94946527272727,32.043287],[119.94946527272727,32.04261463636364]]]},"properties":{"cluster_id":1437,"lat":32.043059212121214,"lon":119.94996072424242,"count":3,"type":"berth","distance_to_coast":1996.555774600614,"inside_china_land":false}},{"type":"Feature","geometry":{"type":"Polygon","coordinates":[[[121.88948071875,29.9302741875],[121.88961607142858,29.9302741875],[121.88961607142858,29.930352214285712],[121.88948071875,29.930352214285712],[121.88948071875,29.9302741875]]]},"properties":{"cluster_id":1439,"lat":29.93031056946352,"lon":121.88954589946772,"count":4,"type":"berth","distance_to_coast":444.8474541185249,"inside_china_land":false}},{"type":"Feature","geometry":{"type":"Polygon","coordinates":[[[117.39169242857143,30.718604],[117.3920518125,30.718604],[117.3920518125,30.71950060714286],[117.39169242857143,30.71950060714286],[117.39169242857143,30.718604]]]},"properties":{"cluster_id":1440,"lat":30.719215457563156,"lon":117.3918325699467,"count":8,"type":"berth","distance_to_coast":312964.02649723814,"inside_china_land":true}},{"type":"Feature","geometry":{"type":"Polygon","coordinates":[[[118.00459745762711,31.19370190677966],[118.0057142826087,31.19370190677966],[118.0057142826087,31.194044130434783],[118.00459745762711,31.194044130434783],[118.00459745762711,31.19370190677966]]]},"properties":{"cluster_id":1441,"lat":31.19387301860722,"lon":118.0051558701179,"count":2,"type":"berth","distance_to_coast":221318.07979834988,"inside_china_land":true}},{"type":"Feature","geometry":{"type":"Polygon","coordinates":[[[118.46977333333332,31.7484654],[118.47049988,31.7484654],[118.47049988,31.74868933333333],[118.46977333333332,31.74868933333333],[118.46977333333332,31.7484654]]]},"properties":{"cluster_id":1442,"lat":31.748577366666662,"lon":118.47013660666668,"count":2,"type":"berth","distance_to_coast":139466.9087125824,"inside_china_land":true}},{"type":"Feature","geometry":{"type":"Polygon","coordinates":[[[117.73330899999999,30.866651100000002],[117.73383225,30.866651100000002],[117.73383225,30.8676995],[117.73330899999999,30.8676995],[117.73330899999999,30.866651100000002]]]},"properties":{"cluster_id":1443,"lat":30.867171976190473,"lon":117.7335944125,"count":4,"type":"berth","distance_to_coast":271314.0194258308,"inside_china_land":true}},{"type":"Feature","geometry":{"type":"Polygon","coordinates":[[[118.00324626666666,31.189346872340423],[118.00379878723405,31.189346872340423],[118.00379878723405,31.19018073333333],[118.00324626666666,31.19018073333333],[118.00324626666666,31.189346872340423]]]},"properties":{"cluster_id":1444,"lat":31.18976380283688,"lon":118.00352252695036,"count":2,"type":"berth","distance_to_coast":221781.80722806693,"inside_china_land":true}},{"type":"Feature","geometry":{"type":"Polygon","coordinates":[[[119.0616827,32.227162500000006],[119.06230136363637,32.227162500000006],[119.06230136363637,32.22746512121212],[119.0616827,32.22746512121212],[119.0616827,32.227162500000006]]]},"properties":{"cluster_id":1445,"lat":32.22731381060606,"lon":119.0619920318182,"count":2,"type":"berth","distance_to_coast":60695.97148955534,"inside_china_land":true}},{"type":"Feature","geometry":{"type":"Polygon","coordinates":[[[119.92732851999999,32.09036604],[119.9280188888889,32.09036604],[119.9280188888889,32.09068855555555],[119.92732851999999,32.09068855555555],[119.92732851999999,32.09036604]]]},"properties":{"cluster_id":1446,"lat":32.090527297777776,"lon":119.92767370444444,"count":2,"type":"berth","distance_to_coast":697.7683268083306,"inside_china_land":false}},{"type":"Feature","geometry":{"type":"Polygon","coordinates":[[[118.08375785714286,24.530223941860466],[118.08415475,24.530223941860466],[118.08415475,24.531142],[118.08375785714286,24.531142],[118.08375785714286,24.530223941860466]]]},"properties":{"cluster_id":1448,"lat":24.530407607129717,"lon":118.0838474897696,"count":16,"type":"berth","distance_to_coast":120.65918363851502,"inside_china_land":false}},{"type":"Feature","geometry":{"type":"Polygon","coordinates":[[[119.9060755,32.136277166666666],[119.90701675,32.136277166666666],[119.90701675,32.136759749999996],[119.9060755,32.136759749999996],[119.9060755,32.136277166666666]]]},"properties":{"cluster_id":1449,"lat":32.13651845833333,"lon":119.906546125,"count":2,"type":"berth","distance_to_coast":271.43364674022763,"inside_china_land":false}},{"type":"Feature","geometry":{"type":"Polygon","coordinates":[[[117.74031196153845,30.905210307692307],[117.74109907246377,30.905210307692307],[117.74109907246377,30.905445714285715],[117.74031196153845,30.905445714285715],[117.74031196153845,30.905210307692307]]]},"properties":{"cluster_id":1450,"lat":30.905359176408137,"lon":117.74083120181028,"count":3,"type":"berth","distance_to_coast":267544.47603011545,"inside_china_land":true}},{"type":"Feature","geometry":{"type":"Polygon","coordinates":[[[119.26874182978725,32.20524761702128],[119.26874215,32.20524761702128],[119.26874215,32.205274716666665],[119.26874182978725,32.205274716666665],[119.26874182978725,32.20524761702128]]]},"properties":{"cluster_id":1451,"lat":32.20526116684397,"lon":119.2687419898936,"count":2,"type":"berth","distance_to_coast":37564.854100499535,"inside_china_land":true}},{"type":"Feature","geometry":{"type":"Polygon","coordinates":[[[117.42251422891567,30.731652590361442],[117.42358,30.731652590361442],[117.42358,30.732199],[117.42251422891567,30.732199],[117.42251422891567,30.731652590361442]]]},"properties":{"cluster_id":1452,"lat":30.73192579518072,"lon":117.42304711445784,"count":2,"type":"berth","distance_to_coast":309214.2406106853,"inside_china_land":true}},{"type":"Feature","geometry":{"type":"Polygon","coordinates":[[[121.99669,29.98560925],[121.99690377777779,29.98560925],[121.99690377777779,29.98582111111111],[121.99669,29.98582111111111],[121.99669,29.98560925]]]},"properties":{"cluster_id":1454,"lat":29.985715180555555,"lon":121.9967968888889,"count":2,"type":"berth","distance_to_coast":2418.596941075534,"inside_china_land":false}},{"type":"Feature","geometry":{"type":"Polygon","coordinates":[[[119.7044741,32.2688732],[119.70462789999999,32.2688732],[119.70462789999999,32.2690681],[119.7044741,32.2690681],[119.7044741,32.2688732]]]},"properties":{"cluster_id":1455,"lat":32.26897065,"lon":119.704551,"count":2,"type":"berth","distance_to_coast":1341.1682678680484,"inside_china_land":false}},{"type":"Feature","geometry":{"type":"Polygon","coordinates":[[[119.70820584210526,32.27380545],[119.708275,32.27380545],[119.708275,32.273810315789476],[119.70820584210526,32.273810315789476],[119.70820584210526,32.27380545]]]},"properties":{"cluster_id":1456,"lat":32.27380788289474,"lon":119.70824042105264,"count":2,"type":"berth","distance_to_coast":894.2867223352272,"inside_china_land":false}},{"type":"Feature","geometry":{"type":"Polygon","coordinates":[[[118.004174875,31.205519875],[118.00530970454544,31.205519875],[118.00530970454544,31.206093499999998],[118.004174875,31.206093499999998],[118.004174875,31.205519875]]]},"properties":{"cluster_id":1457,"lat":31.2058066875,"lon":118.00474228977272,"count":2,"type":"berth","distance_to_coast":220437.92569179603,"inside_china_land":true}},{"type":"Feature","geometry":{"type":"Polygon","coordinates":[[[117.723759,30.8290384],[117.72378072727274,30.8290384],[117.72378072727274,30.829150374999998],[117.723759,30.829150374999998],[117.723759,30.8290384]]]},"properties":{"cluster_id":1458,"lat":30.829078335054348,"lon":117.72377141587614,"count":4,"type":"berth","distance_to_coast":275333.33581297036,"inside_china_land":true}},{"type":"Feature","geometry":{"type":"Polygon","coordinates":[[[119.27577573737373,32.20079380392157],[119.27622221568626,32.20079380392157],[119.27622221568626,32.201327181818186],[119.27577573737373,32.201327181818186],[119.27577573737373,32.20079380392157]]]},"properties":{"cluster_id":1459,"lat":32.201095577738165,"lon":119.27602434798968,"count":3,"type":"berth","distance_to_coast":36742.273091953255,"inside_china_land":true}},{"type":"Feature","geometry":{"type":"Polygon","coordinates":[[[117.43036186666667,30.7366138],[117.4320535,30.7366138],[117.4320535,30.73732281060606],[117.43036186666667,30.73732281060606],[117.43036186666667,30.7366138]]]},"properties":{"cluster_id":1460,"lat":30.73690297701132,"lon":117.43142802002664,"count":5,"type":"berth","distance_to_coast":308082.45046228037,"inside_china_land":true}},{"type":"Feature","geometry":{"type":"Polygon","coordinates":[[[118.4526228846154,31.71683087804878],[118.45264148780488,31.71683087804878],[118.45264148780488,31.71684026923077],[118.4526228846154,31.71684026923077],[118.4526228846154,31.71683087804878]]]},"properties":{"cluster_id":1461,"lat":31.716835573639777,"lon":118.45263218621014,"count":2,"type":"berth","distance_to_coast":143016.5664405824,"inside_china_land":true}},{"type":"Feature","geometry":{"type":"Polygon","coordinates":[[[118.4705372,31.7649527],[118.47076409574467,31.7649527],[118.47076409574467,31.765247319148934],[118.4705372,31.765247319148934],[118.4705372,31.7649527]]]},"properties":{"cluster_id":1462,"lat":31.765100009574468,"lon":118.47065064787232,"count":2,"type":"berth","distance_to_coast":138516.03115613703,"inside_china_land":true}},{"type":"Feature","geometry":{"type":"Polygon","coordinates":[[[118.76500185714285,32.1816885],[118.7663,32.1816885],[118.7663,32.183453285714286],[118.76500185714285,32.183453285714286],[118.76500185714285,32.1816885]]]},"properties":{"cluster_id":1464,"lat":32.18261771514286,"lon":118.76570051542858,"count":5,"type":"berth","distance_to_coast":93566.09964519892,"inside_china_land":true}},{"type":"Feature","geometry":{"type":"Polygon","coordinates":[[[118.38200747826087,31.553044630434783],[118.38223120833334,31.553044630434783],[118.38223120833334,31.553346083333334],[118.38200747826087,31.553346083333334],[118.38200747826087,31.553044630434783]]]},"properties":{"cluster_id":1466,"lat":31.55319535688406,"lon":118.3821193432971,"count":2,"type":"berth","distance_to_coast":160263.06539153846,"inside_china_land":true}},{"type":"Feature","geometry":{"type":"Polygon","coordinates":[[[121.87231512244897,29.16249825],[121.8732295,29.16249825],[121.8732295,29.1627443877551],[121.87231512244897,29.1627443877551],[121.87231512244897,29.16249825]]]},"properties":{"cluster_id":1469,"lat":29.162595659438775,"lon":121.87284506632652,"count":4,"type":"berth","distance_to_coast":901.447925782182,"inside_china_land":false}},{"type":"Feature","geometry":{"type":"Polygon","coordinates":[[[119.81269,26.6845805],[119.81387527272727,26.6845805],[119.81387527272727,26.685017272727272],[119.81269,26.685017272727272],[119.81269,26.6845805]]]},"properties":{"cluster_id":1471,"lat":26.684816990909088,"lon":119.81336349090908,"count":3,"type":"berth","distance_to_coast":1601.130517813576,"inside_china_land":false}},{"type":"Feature","geometry":{"type":"Polygon","coordinates":[[[122.44746122222223,36.880611037037035],[122.44765311111112,36.880611037037035],[122.44765311111112,36.88076844444444],[122.44746122222223,36.88076844444444],[122.44746122222223,36.880611037037035]]]},"properties":{"cluster_id":1472,"lat":36.880689740740735,"lon":122.44755716666668,"count":2,"type":"berth","distance_to_coast":1396.2022720462442,"inside_china_land":false}},{"type":"Feature","geometry":{"type":"Polygon","coordinates":[[[121.44881436065575,31.0107914],[121.44970947368421,31.0107914],[121.44970947368421,31.010977777777775],[121.44881436065575,31.010977777777775],[121.44881436065575,31.0107914]]]},"properties":{"cluster_id":1474,"lat":31.010940614640024,"lon":121.44955180420835,"count":9,"type":"berth","distance_to_coast":27287.470253398285,"inside_china_land":true}},{"type":"Feature","geometry":{"type":"Polygon","coordinates":[[[121.95163466666668,30.085873],[121.95216,30.085873],[121.95216,30.087242500000002],[121.95163466666668,30.087242500000002],[121.95163466666668,30.085873]]]},"properties":{"cluster_id":1475,"lat":30.086294021932165,"lon":121.95201698601694,"count":11,"type":"berth","distance_to_coast":2993.6773056542975,"inside_china_land":false}},{"type":"Feature","geometry":{"type":"Polygon","coordinates":[[[120.22172315384616,36.02564965384615],[120.22174083018868,36.02564965384615],[120.22174083018868,36.02571479245283],[120.22172315384616,36.02571479245283],[120.22172315384616,36.02564965384615]]]},"properties":{"cluster_id":1476,"lat":36.02568222314949,"lon":120.22173199201742,"count":2,"type":"berth","distance_to_coast":3664.7267233352018,"inside_china_land":false}},{"type":"Feature","geometry":{"type":"Polygon","coordinates":[[[124.15243755357143,39.817487799999995],[124.1528426,39.817487799999995],[124.1528426,39.81799117857143],[124.15243755357143,39.81799117857143],[124.15243755357143,39.817487799999995]]]},"properties":{"cluster_id":1477,"lat":39.817739489285714,"lon":124.15264007678572,"count":2,"type":"berth","distance_to_coast":3934.2065696802542,"inside_china_land":false}},{"type":"Feature","geometry":{"type":"Polygon","coordinates":[[[121.27706817391305,31.59503717777778],[121.27708864444445,31.59503717777778],[121.27708864444445,31.595059],[121.27706817391305,31.595059],[121.27706817391305,31.59503717777778]]]},"properties":{"cluster_id":1478,"lat":31.59505091433173,"lon":121.27707687278584,"count":3,"type":"berth","distance_to_coast":2595.3023543986365,"inside_china_land":false}},{"type":"Feature","geometry":{"type":"Polygon","coordinates":[[[122.20214076,37.45366316393443],[122.20249725136613,37.45366316393443],[122.20249725136613,37.45370843589743],[122.20214076,37.45370843589743],[122.20214076,37.45366316393443]]]},"properties":{"cluster_id":1479,"lat":37.45369038873348,"lon":122.20223231668244,"count":4,"type":"berth","distance_to_coast":1220.9830792020414,"inside_china_land":false}},{"type":"Feature","geometry":{"type":"Polygon","coordinates":[[[122.06339138686131,29.980207854014598],[122.06341696153846,29.980207854014598],[122.06341696153846,29.980281326923077],[122.06339138686131,29.980281326923077],[122.06339138686131,29.980207854014598]]]},"properties":{"cluster_id":1480,"lat":29.980256035359155,"lon":122.06340673332308,"count":4,"type":"berth","distance_to_coast":3846.3976863641906,"inside_china_land":false}},{"type":"Feature","geometry":{"type":"Polygon","coordinates":[[[116.52995999999999,22.9796095],[116.5301635,22.9796095],[116.5301635,22.9799055],[116.52995999999999,22.9799055],[116.52995999999999,22.9796095]]]},"properties":{"cluster_id":1481,"lat":22.9797575,"lon":116.53006175,"count":2,"type":"berth","distance_to_coast":1130.837913302076,"inside_china_land":false}},{"type":"Feature","geometry":{"type":"Polygon","coordinates":[[[118.00740772222223,31.19832525],[118.00811675,31.19832525],[118.00811675,31.198446333333333],[118.00740772222223,31.198446333333333],[118.00740772222223,31.19832525]]]},"properties":{"cluster_id":1486,"lat":31.198405966326938,"lon":118.00759876239007,"count":4,"type":"berth","distance_to_coast":220749.5316476949,"inside_china_land":true}},{"type":"Feature","geometry":{"type":"Polygon","coordinates":[[[118.00554919999999,31.1925368],[118.006409,31.1925368],[118.006409,31.19273708333333],[118.00554919999999,31.19273708333333],[118.00554919999999,31.1925368]]]},"properties":{"cluster_id":1488,"lat":31.192639804166664,"lon":118.0060462375,"count":4,"type":"berth","distance_to_coast":221333.51113855772,"inside_china_land":true}},{"type":"Feature","geometry":{"type":"Polygon","coordinates":[[[118.05403037500001,24.41173838181818],[118.05511918181818,24.41173838181818],[118.05511918181818,24.41198405208333],[118.05403037500001,24.41198405208333],[118.05403037500001,24.41173838181818]]]},"properties":{"cluster_id":1489,"lat":24.41186121695075,"lon":118.05457477840908,"count":2,"type":"berth","distance_to_coast":1436.698121062254,"inside_china_land":false}},{"type":"Feature","geometry":{"type":"Polygon","coordinates":[[[118.00164197959184,31.199205979591838],[118.002091875,31.199205979591838],[118.002091875,31.201227833333334],[118.00164197959184,31.201227833333334],[118.00164197959184,31.199205979591838]]]},"properties":{"cluster_id":1490,"lat":31.20020931264172,"lon":118.00181272930838,"count":3,"type":"berth","distance_to_coast":221130.55680570588,"inside_china_land":true}},{"type":"Feature","geometry":{"type":"Polygon","coordinates":[[[118.46262666666667,31.753381111111114],[118.46293200000001,31.753381111111114],[118.46293200000001,31.754401333333334],[118.46262666666667,31.754401333333334],[118.46262666666667,31.753381111111114]]]},"properties":{"cluster_id":1491,"lat":31.753891222222222,"lon":118.46277933333334,"count":2,"type":"berth","distance_to_coast":139919.4116769628,"inside_china_land":true}},{"type":"Feature","geometry":{"type":"Polygon","coordinates":[[[121.80143961666666,38.98151316071428],[121.80155798214285,38.98151316071428],[121.80155798214285,38.98157108333333],[121.80143961666666,38.98157108333333],[121.80143961666666,38.98151316071428]]]},"properties":{"cluster_id":1494,"lat":38.98154212202381,"lon":121.80149879940475,"count":2,"type":"berth","distance_to_coast":369.7623646620195,"inside_china_land":false}},{"type":"Feature","geometry":{"type":"Polygon","coordinates":[[[119.39036411111111,35.10922930612245],[119.3912640754717,35.10922930612245],[119.3912640754717,35.10975010526316],[119.39036411111111,35.10975010526316],[119.39036411111111,35.10922930612245]]]},"properties":{"cluster_id":1495,"lat":35.109513346819156,"lon":119.3908324891806,"count":4,"type":"berth","distance_to_coast":2494.336837333621,"inside_china_land":false}},{"type":"Feature","geometry":{"type":"Polygon","coordinates":[[[119.39746484210526,35.12398943859649],[119.39759091666667,35.12398943859649],[119.39759091666667,35.12414405303031],[119.39746484210526,35.12414405303031],[119.39746484210526,35.12398943859649]]]},"properties":{"cluster_id":1496,"lat":35.124066745813394,"lon":119.39752787938596,"count":2,"type":"berth","distance_to_coast":2816.7883756780143,"inside_china_land":false}},{"type":"Feature","geometry":{"type":"Polygon","coordinates":[[[119.948064975,37.4192542125],[119.94809783333334,37.4192542125],[119.94809783333334,37.4192707],[119.948064975,37.4192707],[119.948064975,37.4192542125]]]},"properties":{"cluster_id":1497,"lat":37.41926245625,"lon":119.94808140416666,"count":2,"type":"berth","distance_to_coast":3044.0949765606856,"inside_china_land":false}},{"type":"Feature","geometry":{"type":"Polygon","coordinates":[[[122.07773942105264,40.29907922222222],[122.07780747222222,40.29907922222222],[122.07780747222222,40.29921236842105],[122.07773942105264,40.29921236842105],[122.07773942105264,40.29907922222222]]]},"properties":{"cluster_id":1498,"lat":40.299145795321635,"lon":122.07777344663742,"count":2,"type":"berth","distance_to_coast":3306.028918521438,"inside_china_land":false}},{"type":"Feature","geometry":{"type":"Polygon","coordinates":[[[119.13085184444444,32.25189257777778],[119.13090355555555,32.25189257777778],[119.13090355555555,32.25204385915493],[119.13085184444444,32.25204385915493],[119.13085184444444,32.25189257777778]]]},"properties":{"cluster_id":1499,"lat":32.2519912814467,"lon":119.13088426009388,"count":3,"type":"berth","distance_to_coast":53389.0932111734,"inside_china_land":true}},{"type":"Feature","geometry":{"type":"Polygon","coordinates":[[[121.06806689230768,28.009981513513516],[121.0690195,28.009981513513516],[121.0690195,28.01031239189189],[121.06806689230768,28.01031239189189],[121.06806689230768,28.009981513513516]]]},"properties":{"cluster_id":1500,"lat":28.010178819234447,"lon":121.06878821225118,"count":10,"type":"berth","distance_to_coast":3442.9902553488228,"inside_china_land":false}},{"type":"Feature","geometry":{"type":"Polygon","coordinates":[[[121.96890545000001,30.049661300000004],[121.968979575,30.049661300000004],[121.968979575,30.049729386363637],[121.96890545000001,30.049729386363637],[121.96890545000001,30.049661300000004]]]},"properties":{"cluster_id":1501,"lat":30.04969642878788,"lon":121.96893984924245,"count":3,"type":"berth","distance_to_coast":1014.0645550863824,"inside_china_land":false}},{"type":"Feature","geometry":{"type":"Polygon","coordinates":[[[122.13223007518796,29.777806700000003],[122.13249806818182,29.777806700000003],[122.13249806818182,29.77877896296296],[122.13223007518796,29.77877896296296],[122.13223007518796,29.777806700000003]]]},"properties":{"cluster_id":1502,"lat":29.77826012867004,"lon":122.13234193945236,"count":19,"type":"berth","distance_to_coast":1111.3601055393965,"inside_china_land":false}},{"type":"Feature","geometry":{"type":"Polygon","coordinates":[[[117.74082167692309,30.907181066666666],[117.740897625,30.907181066666666],[117.740897625,30.9072338],[117.74082167692309,30.9072338],[117.74082167692309,30.907181066666666]]]},"properties":{"cluster_id":1506,"lat":30.90720444786325,"lon":117.74085041175212,"count":3,"type":"berth","distance_to_coast":267391.89980618993,"inside_china_land":true}},{"type":"Feature","geometry":{"type":"Polygon","coordinates":[[[119.27131220000001,32.19174667857143],[119.2713830357143,32.19174667857143],[119.2713830357143,32.191788599999995],[119.27131220000001,32.191788599999995],[119.27131220000001,32.19174667857143]]]},"properties":{"cluster_id":1507,"lat":32.191767639285715,"lon":119.27134761785716,"count":2,"type":"berth","distance_to_coast":37264.968945969435,"inside_china_land":true}},{"type":"Feature","geometry":{"type":"Polygon","coordinates":[[[118.00038806896552,31.180747017241377],[118.00076624999998,31.180747017241377],[118.00076624999998,31.181698541666666],[118.00038806896552,31.181698541666666],[118.00038806896552,31.180747017241377]]]},"properties":{"cluster_id":1508,"lat":31.18122277945402,"lon":118.00057715948276,"count":2,"type":"berth","distance_to_coast":222706.95465194315,"inside_china_land":true}},{"type":"Feature","geometry":{"type":"Polygon","coordinates":[[[118.3052135,31.472694100000002],[118.30524017073172,31.472694100000002],[118.30524017073172,31.472759780487806],[118.3052135,31.472759780487806],[118.3052135,31.472694100000002]]]},"properties":{"cluster_id":1511,"lat":31.47272767444832,"lon":118.3052277711963,"count":3,"type":"berth","distance_to_coast":173129.0182006354,"inside_china_land":true}},{"type":"Feature","geometry":{"type":"Polygon","coordinates":[[[118.2003,31.278174380952382],[118.20090130952381,31.278174380952382],[118.20090130952381,31.27966],[118.2003,31.27966],[118.2003,31.278174380952382]]]},"properties":{"cluster_id":1512,"lat":31.27899763355379,"lon":118.20047071424165,"count":6,"type":"berth","distance_to_coast":197278.8667487769,"inside_china_land":true}},{"type":"Feature","geometry":{"type":"Polygon","coordinates":[[[117.99985913333333,31.189284625],[118.00033925,31.189284625],[118.00033925,31.189596299999998],[117.99985913333333,31.189596299999998],[117.99985913333333,31.189284625]]]},"properties":{"cluster_id":1513,"lat":31.189481974999996,"lon":118.00006212777778,"count":3,"type":"berth","distance_to_coast":222113.53362564673,"inside_china_land":true}},{"type":"Feature","geometry":{"type":"Polygon","coordinates":[[[118.3809560967742,31.557122090909093],[118.38280457894737,31.557122090909093],[118.38280457894737,31.55739441935484],[118.3809560967742,31.55739441935484],[118.3809560967742,31.557122090909093]]]},"properties":{"cluster_id":1514,"lat":31.557244003421314,"lon":118.38194794241224,"count":3,"type":"berth","distance_to_coast":160001.45821282355,"inside_china_land":true}},{"type":"Feature","geometry":{"type":"Polygon","coordinates":[[[122.15204702912621,29.756811152317884],[122.15224941059603,29.756811152317884],[122.15224941059603,29.757033844660196],[122.15204702912621,29.757033844660196],[122.15204702912621,29.756811152317884]]]},"properties":{"cluster_id":1515,"lat":29.756881050633407,"lon":122.15212499770834,"count":4,"type":"berth","distance_to_coast":3017.7340324880483,"inside_china_land":false}},{"type":"Feature","geometry":{"type":"Polygon","coordinates":[[[121.83021926956522,29.947929212499997],[121.8304516375,29.947929212499997],[121.8304516375,29.948112888888893],[121.83021926956522,29.948112888888893],[121.83021926956522,29.947929212499997]]]},"properties":{"cluster_id":1516,"lat":29.948015137731147,"lon":121.83032824926732,"count":22,"type":"berth","distance_to_coast":138.55433045555586,"inside_china_land":false}},{"type":"Feature","geometry":{"type":"Polygon","coordinates":[[[119.6762234,39.92468620408163],[119.67646397959184,39.92468620408163],[119.67646397959184,39.9247389],[119.6762234,39.9247389],[119.6762234,39.92468620408163]]]},"properties":{"cluster_id":1517,"lat":39.924706616853506,"lon":119.6763516523522,"count":3,"type":"berth","distance_to_coast":1262.3967953177616,"inside_china_land":false}},{"type":"Feature","geometry":{"type":"Polygon","coordinates":[[[121.11000012432432,28.166232328767123],[121.11015742424242,28.166232328767123],[121.11015742424242,28.166711575757574],[121.11000012432432,28.166711575757574],[121.11000012432432,28.166232328767123]]]},"properties":{"cluster_id":1518,"lat":28.166461892356928,"lon":121.11007822298347,"count":8,"type":"berth","distance_to_coast":2209.481602573195,"inside_china_land":false}},{"type":"Feature","geometry":{"type":"Polygon","coordinates":[[[122.0729526,40.31562514893617],[122.07315566666666,40.31562514893617],[122.07315566666666,40.3159346],[122.0729526,40.3159346],[122.0729526,40.31562514893617]]]},"properties":{"cluster_id":1520,"lat":40.315727973692375,"lon":122.07304295618351,"count":4,"type":"berth","distance_to_coast":3771.527612609603,"inside_china_land":false}},{"type":"Feature","geometry":{"type":"Polygon","coordinates":[[[122.09037144186047,40.28681752631579],[122.09110407407407,40.28681752631579],[122.09110407407407,40.287129566666664],[122.09037144186047,40.287129566666664],[122.09037144186047,40.28681752631579]]]},"properties":{"cluster_id":1522,"lat":40.28692964326243,"lon":122.09064623003115,"count":9,"type":"berth","distance_to_coast":1968.8867224327437,"inside_china_land":false}},{"type":"Feature","geometry":{"type":"Polygon","coordinates":[[[120.40163740229885,32.040205739130435],[120.40188989423078,32.040205739130435],[120.40188989423078,32.040409626666666],[120.40163740229885,32.040409626666666],[120.40163740229885,32.040205739130435]]]},"properties":{"cluster_id":1524,"lat":32.040292472040456,"lon":120.40172960723656,"count":6,"type":"berth","distance_to_coast":220.22378704485453,"inside_china_land":false}},{"type":"Feature","geometry":{"type":"Polygon","coordinates":[[[120.63297833846154,32.01465207692308],[120.63345509302326,32.01465207692308],[120.63345509302326,32.015340860465116],[120.63297833846154,32.015340860465116],[120.63297833846154,32.01465207692308]]]},"properties":{"cluster_id":1525,"lat":32.01497715973269,"lon":120.63324684958698,"count":5,"type":"berth","distance_to_coast":2637.8899735332616,"inside_china_land":false}},{"type":"Feature","geometry":{"type":"Polygon","coordinates":[[[120.1908802857143,31.92219242857143],[120.19088655,31.92219242857143],[120.19088655,31.9222009],[120.1908802857143,31.9222009],[120.1908802857143,31.92219242857143]]]},"properties":{"cluster_id":1527,"lat":31.92219666428571,"lon":120.19088341785717,"count":2,"type":"berth","distance_to_coast":1905.3699959738228,"inside_china_land":false}},{"type":"Feature","geometry":{"type":"Polygon","coordinates":[[[119.36375047222221,35.08900741666667],[119.36388153846154,35.08900741666667],[119.36388153846154,35.08915787931034],[119.36375047222221,35.08915787931034],[119.36375047222221,35.08900741666667]]]},"properties":{"cluster_id":1535,"lat":35.089068397804304,"lon":119.36383343459572,"count":3,"type":"berth","distance_to_coast":1272.5401069659436,"inside_china_land":false}},{"type":"Feature","geometry":{"type":"Polygon","coordinates":[[[119.6723,26.46773825],[119.67274325,26.46773825],[119.67274325,26.468509],[119.6723,26.468509],[119.6723,26.46773825]]]},"properties":{"cluster_id":1536,"lat":26.468123625,"lon":119.672521625,"count":2,"type":"berth","distance_to_coast":968.7078341748748,"inside_china_land":false}},{"type":"Feature","geometry":{"type":"Polygon","coordinates":[[[119.67056058992807,32.2114856329114],[119.67066798701298,32.2114856329114],[119.67066798701298,32.21169102941176],[119.67056058992807,32.21169102941176],[119.67056058992807,32.2114856329114]]]},"properties":{"cluster_id":1538,"lat":32.211613617275994,"lon":119.67059757427428,"count":5,"type":"berth","distance_to_coast":650.530575815248,"inside_china_land":true}},{"type":"Feature","geometry":{"type":"Polygon","coordinates":[[[120.32651026666667,36.09562576923077],[120.32664433333332,36.09562576923077],[120.32664433333332,36.09572106666666],[120.32651026666667,36.09572106666666],[120.32651026666667,36.09562576923077]]]},"properties":{"cluster_id":1539,"lat":36.09565928081568,"lon":120.32658566254878,"count":8,"type":"berth","distance_to_coast":1544.7027092649255,"inside_china_land":true}},{"type":"Feature","geometry":{"type":"Polygon","coordinates":[[[120.36969333333334,32.01572614285714],[120.37049420408164,32.01572614285714],[120.37049420408164,32.016156918367344],[120.36969333333334,32.016156918367344],[120.36969333333334,32.01572614285714]]]},"properties":{"cluster_id":1542,"lat":32.015821366685564,"lon":120.36985367753212,"count":6,"type":"berth","distance_to_coast":1552.0885811711516,"inside_china_land":false}},{"type":"Feature","geometry":{"type":"Polygon","coordinates":[[[119.90535675000001,32.13075466666667],[119.905556,32.13075466666667],[119.905556,32.1307874],[119.90535675000001,32.1307874],[119.90535675000001,32.13075466666667]]]},"properties":{"cluster_id":1544,"lat":32.13077103333333,"lon":119.905456375,"count":2,"type":"berth","distance_to_coast":545.0422822614581,"inside_china_land":false}},{"type":"Feature","geometry":{"type":"Polygon","coordinates":[[[119.698252,39.933139],[119.698696875,39.933139],[119.698696875,39.93439072972973],[119.698252,39.93439072972973],[119.698252,39.933139]]]},"properties":{"cluster_id":1545,"lat":39.933955427475496,"lon":119.69843927499691,"count":8,"type":"berth","distance_to_coast":74.55405391774454,"inside_china_land":false}},{"type":"Feature","geometry":{"type":"Polygon","coordinates":[[[113.58901714285714,22.903738],[113.58939189473683,22.903738],[113.58939189473683,22.904552131578946],[113.58901714285714,22.904552131578946],[113.58901714285714,22.903738]]]},"properties":{"cluster_id":1546,"lat":22.904317881553887,"lon":113.58927841243944,"count":5,"type":"berth","distance_to_coast":985.7536382682376,"inside_china_land":false}},{"type":"Feature","geometry":{"type":"Polygon","coordinates":[[[120.14494892,31.928038300000004],[120.1455010967742,31.928038300000004],[120.1455010967742,31.92813072],[120.14494892,31.92813072],[120.14494892,31.928038300000004]]]},"properties":{"cluster_id":1547,"lat":31.92809469483871,"lon":120.14516627225808,"count":3,"type":"berth","distance_to_coast":1689.328834233556,"inside_china_land":false}},{"type":"Feature","geometry":{"type":"Polygon","coordinates":[[[108.35589941666667,21.564711716666668],[108.35595507407407,21.564711716666668],[108.35595507407407,21.56479401851852],[108.35589941666667,21.56479401851852],[108.35589941666667,21.564711716666668]]]},"properties":{"cluster_id":1549,"lat":21.564752867592595,"lon":108.35592724537037,"count":2,"type":"berth","distance_to_coast":3954.0042654756426,"inside_china_land":false}},{"type":"Feature","geometry":{"type":"Polygon","coordinates":[[[120.84187244444443,31.83515316981132],[120.842517754717,31.83515316981132],[120.842517754717,31.836308972222223],[120.84187244444443,31.836308972222223],[120.84187244444443,31.83515316981132]]]},"properties":{"cluster_id":1554,"lat":31.835888531659144,"lon":120.8420779698377,"count":11,"type":"berth","distance_to_coast":2120.918528408424,"inside_china_land":false}},{"type":"Feature","geometry":{"type":"Polygon","coordinates":[[[120.94035542857144,31.820657399999998],[120.94137027999999,31.820657399999998],[120.94137027999999,31.823013571428575],[120.94035542857144,31.823013571428575],[120.94035542857144,31.820657399999998]]]},"properties":{"cluster_id":1555,"lat":31.821751709697317,"lon":120.94101784864203,"count":9,"type":"berth","distance_to_coast":1163.0860905001732,"inside_china_land":false}},{"type":"Feature","geometry":{"type":"Polygon","coordinates":[[[118.18688947058823,31.271056058823525],[118.18722216666667,31.271056058823525],[118.18722216666667,31.27177408333333],[118.18688947058823,31.27177408333333],[118.18688947058823,31.271056058823525]]]},"properties":{"cluster_id":1557,"lat":31.27141507107843,"lon":118.18705581862744,"count":2,"type":"berth","distance_to_coast":199064.82070625265,"inside_china_land":true}},{"type":"Feature","geometry":{"type":"Polygon","coordinates":[[[118.88247204347827,32.185442875],[118.88361030769231,32.185442875],[118.88361030769231,32.1856183125],[118.88247204347827,32.1856183125],[118.88247204347827,32.185442875]]]},"properties":{"cluster_id":1558,"lat":32.185550565068795,"lon":118.88336781706252,"count":10,"type":"berth","distance_to_coast":80462.41897300002,"inside_china_land":true}},{"type":"Feature","geometry":{"type":"Polygon","coordinates":[[[120.93352203703705,31.85110333333333],[120.93361366197183,31.85110333333333],[120.93361366197183,31.85245342857143],[120.93352203703705,31.85245342857143],[120.93352203703705,31.85110333333333]]]},"properties":{"cluster_id":1559,"lat":31.851630033810903,"lon":120.933567292137,"count":7,"type":"berth","distance_to_coast":860.7298820338971,"inside_china_land":false}},{"type":"Feature","geometry":{"type":"Polygon","coordinates":[[[119.667421,25.5798154],[119.66818579999999,25.5798154],[119.66818579999999,25.580530416666665],[119.667421,25.580530416666665],[119.667421,25.5798154]]]},"properties":{"cluster_id":1560,"lat":25.58017290833333,"lon":119.6678034,"count":2,"type":"berth","distance_to_coast":3262.6394011631132,"inside_china_land":false}},{"type":"Feature","geometry":{"type":"Polygon","coordinates":[[[110.03778353846154,19.963885708333333],[110.03877321052632,19.963885708333333],[110.03877321052632,19.964439222222225],[110.03778353846154,19.964439222222225],[110.03778353846154,19.963885708333333]]]},"properties":{"cluster_id":1562,"lat":19.96414513952148,"lon":110.03828096849696,"count":4,"type":"berth","distance_to_coast":478.633498527272,"inside_china_land":true}},{"type":"Feature","geometry":{"type":"Polygon","coordinates":[[[113.59776,22.91636888888889],[113.59846363157895,22.91636888888889],[113.59846363157895,22.917176412698414],[113.59776,22.917176412698414],[113.59776,22.91636888888889]]]},"properties":{"cluster_id":1563,"lat":22.9167889626704,"lon":113.59815339466311,"count":5,"type":"berth","distance_to_coast":235.72647674585303,"inside_china_land":false}},{"type":"Feature","geometry":{"type":"Polygon","coordinates":[[[119.78731785,26.397752405000002],[119.78733936111111,26.397752405000002],[119.78733936111111,26.397820064814816],[119.78731785,26.397820064814816],[119.78731785,26.397752405000002]]]},"properties":{"cluster_id":1565,"lat":26.397786234907407,"lon":119.78732860555556,"count":2,"type":"berth","distance_to_coast":22.41768113501267,"inside_china_land":false}},{"type":"Feature","geometry":{"type":"Polygon","coordinates":[[[108.58182067901234,21.72719638951311],[108.58269858426966,21.72719638951311],[108.58269858426966,21.72852225925926],[108.58182067901234,21.72852225925926],[108.58182067901234,21.72719638951311]]]},"properties":{"cluster_id":1567,"lat":21.72792689868577,"lon":108.58234612442855,"count":4,"type":"berth","distance_to_coast":1996.1223469738457,"inside_china_land":false}},{"type":"Feature","geometry":{"type":"Polygon","coordinates":[[[110.5052,21.07325038095238],[110.50634992857144,21.07325038095238],[110.50634992857144,21.07600813953488],[110.5052,21.07600813953488],[110.5052,21.07325038095238]]]},"properties":{"cluster_id":1568,"lat":21.074021327981185,"lon":110.506161258411,"count":13,"type":"berth","distance_to_coast":840.7977941769436,"inside_china_land":true}},{"type":"Feature","geometry":{"type":"Polygon","coordinates":[[[122.2636765,29.911531],[122.26426833333333,29.911531],[122.26426833333333,29.911832750000002],[122.2636765,29.911832750000002],[122.2636765,29.911531]]]},"properties":{"cluster_id":1569,"lat":29.911681875,"lon":122.26397241666666,"count":2,"type":"berth","distance_to_coast":3942.124250263901,"inside_china_land":false}},{"type":"Feature","geometry":{"type":"Polygon","coordinates":[[[108.59355647761194,21.721999029850746],[108.59383493706294,21.721999029850746],[108.59383493706294,21.72287148951049],[108.59355647761194,21.72287148951049],[108.59355647761194,21.721999029850746]]]},"properties":{"cluster_id":1570,"lat":21.72246444768797,"lon":108.5937105978682,"count":6,"type":"berth","distance_to_coast":2124.7214189404176,"inside_china_land":false}},{"type":"Feature","geometry":{"type":"Polygon","coordinates":[[[120.11585141176471,31.950261555555553],[120.11679758333332,31.950261555555553],[120.11679758333332,31.951161083333332],[120.11585141176471,31.951161083333332],[120.11585141176471,31.950261555555553]]]},"properties":{"cluster_id":1571,"lat":31.95065484264905,"lon":120.11617465256856,"count":4,"type":"berth","distance_to_coast":387.06771558940585,"inside_china_land":true}},{"type":"Feature","geometry":{"type":"Polygon","coordinates":[[[122.11589818181818,30.146510545454547],[122.11597733333332,30.146510545454547],[122.11597733333332,30.147169666666667],[122.11589818181818,30.147169666666667],[122.11589818181818,30.146510545454547]]]},"properties":{"cluster_id":1572,"lat":30.14684010606061,"lon":122.11593775757576,"count":2,"type":"berth","distance_to_coast":1095.8241019931083,"inside_china_land":false}},{"type":"Feature","geometry":{"type":"Polygon","coordinates":[[[120.37755797368422,27.195776555555554],[120.37783494871795,27.195776555555554],[120.37783494871795,27.19658954666667],[120.37755797368422,27.19658954666667],[120.37755797368422,27.195776555555554]]]},"properties":{"cluster_id":1573,"lat":27.19598096410259,"lon":120.3777321448502,"count":18,"type":"berth","distance_to_coast":1352.219607087986,"inside_china_land":false}},{"type":"Feature","geometry":{"type":"Polygon","coordinates":[[[119.15527240677966,32.23770011111111],[119.1583594111111,32.23770011111111],[119.1583594111111,32.23972128571428],[119.15527240677966,32.23972128571428],[119.15527240677966,32.23770011111111]]]},"properties":{"cluster_id":1574,"lat":32.238743732813504,"lon":119.15651362060224,"count":22,"type":"berth","distance_to_coast":50343.6438194584,"inside_china_land":true}},{"type":"Feature","geometry":{"type":"Polygon","coordinates":[[[119.36508223809523,35.09302608695652],[119.36527361904761,35.09302608695652],[119.36527361904761,35.09327614285714],[119.36508223809523,35.09327614285714],[119.36508223809523,35.09302608695652]]]},"properties":{"cluster_id":1575,"lat":35.09309827992365,"lon":119.36513729852484,"count":4,"type":"berth","distance_to_coast":963.9972493411713,"inside_china_land":false}},{"type":"Feature","geometry":{"type":"Polygon","coordinates":[[[120.46227999999999,32.064604],[120.46235116666666,32.064604],[120.46235116666666,32.065082833333335],[120.46227999999999,32.065082833333335],[120.46227999999999,32.064604]]]},"properties":{"cluster_id":1576,"lat":32.06484341666667,"lon":120.46231558333332,"count":2,"type":"berth","distance_to_coast":490.63407589224937,"inside_china_land":false}},{"type":"Feature","geometry":{"type":"Polygon","coordinates":[[[110.27785612121212,20.02760522222222],[110.27789922222222,20.02760522222222],[110.27789922222222,20.027722030303032],[110.27785612121212,20.027722030303032],[110.27785612121212,20.02760522222222]]]},"properties":{"cluster_id":1577,"lat":20.027663626262623,"lon":110.27787767171716,"count":2,"type":"berth","distance_to_coast":662.3712160340666,"inside_china_land":true}},{"type":"Feature","geometry":{"type":"Polygon","coordinates":[[[113.02228270967741,22.80336358064516],[113.02235287500001,22.80336358064516],[113.02235287500001,22.803614375],[113.02228270967741,22.803614375],[113.02228270967741,22.80336358064516]]]},"properties":{"cluster_id":1579,"lat":22.803439703269397,"lon":113.02232023806124,"count":4,"type":"berth","distance_to_coast":24486.751074588727,"inside_china_land":true}},{"type":"Feature","geometry":{"type":"Polygon","coordinates":[[[119.79942597916666,35.60981442857143],[119.7994922142857,35.60981442857143],[119.7994922142857,35.61022283333333],[119.79942597916666,35.61022283333333],[119.79942597916666,35.60981442857143]]]},"properties":{"cluster_id":1580,"lat":35.60998163664596,"lon":119.79945766585791,"count":4,"type":"berth","distance_to_coast":1529.7283239477188,"inside_china_land":false}},{"type":"Feature","geometry":{"type":"Polygon","coordinates":[[[118.00422424657535,31.190210294117644],[118.00507623529411,31.190210294117644],[118.00507623529411,31.191517248175185],[118.00422424657535,31.191517248175185],[118.00422424657535,31.190210294117644]]]},"properties":{"cluster_id":1581,"lat":31.19104636111137,"lon":118.00469378939331,"count":4,"type":"berth","distance_to_coast":221577.7769469631,"inside_china_land":true}},{"type":"Feature","geometry":{"type":"Polygon","coordinates":[[[121.535355125,31.345488136363635],[121.53622356,31.345488136363635],[121.53622356,31.345758885714286],[121.535355125,31.345758885714286],[121.535355125,31.345488136363635]]]},"properties":{"cluster_id":1582,"lat":31.34563002871961,"lon":121.53585776233164,"count":8,"type":"berth","distance_to_coast":2909.59129927242,"inside_china_land":true}},{"type":"Feature","geometry":{"type":"Polygon","coordinates":[[[113.55516719642857,22.973653303571428],[113.55610412121212,22.973653303571428],[113.55610412121212,22.97434478787879],[113.55516719642857,22.97434478787879],[113.55516719642857,22.973653303571428]]]},"properties":{"cluster_id":1583,"lat":22.97403905429293,"lon":113.55565811381672,"count":3,"type":"berth","distance_to_coast":1652.477339184498,"inside_china_land":false}},{"type":"Feature","geometry":{"type":"Polygon","coordinates":[[[119.20511597058824,32.237406875],[119.20634418269232,32.237406875],[119.20634418269232,32.23777275],[119.20511597058824,32.23777275],[119.20511597058824,32.237406875]]]},"properties":{"cluster_id":1584,"lat":32.23764137049549,"lon":119.20555575379622,"count":3,"type":"berth","distance_to_coast":44903.426732968954,"inside_china_land":true}},{"type":"Feature","geometry":{"type":"Polygon","coordinates":[[[114.56439328688525,22.69461574590164],[114.56441832307692,22.69461574590164],[114.56441832307692,22.694636746153844],[114.56439328688525,22.694636746153844],[114.56439328688525,22.69461574590164]]]},"properties":{"cluster_id":1585,"lat":22.69462624602774,"lon":114.56440580498108,"count":2,"type":"berth","distance_to_coast":542.6405474623938,"inside_china_land":false}},{"type":"Feature","geometry":{"type":"Polygon","coordinates":[[[113.153062625,21.993516],[113.15360388461538,21.993516],[113.15360388461538,21.99439415277778],[113.153062625,21.99439415277778],[113.153062625,21.993516]]]},"properties":{"cluster_id":1586,"lat":21.99395507638889,"lon":113.15333325480768,"count":2,"type":"berth","distance_to_coast":3720.060770758488,"inside_china_land":false}},{"type":"Feature","geometry":{"type":"Polygon","coordinates":[[[113.75431351851852,22.682546095238095],[113.7547839047619,22.682546095238095],[113.7547839047619,22.683369135135138],[113.75431351851852,22.683369135135138],[113.75431351851852,22.682546095238095]]]},"properties":{"cluster_id":1587,"lat":22.68288442409293,"lon":113.75458637832637,"count":5,"type":"berth","distance_to_coast":1874.2748470470187,"inside_china_land":false}},{"type":"Feature","geometry":{"type":"Polygon","coordinates":[[[119.44796666666667,25.962872166666667],[119.44836621951221,25.962872166666667],[119.44836621951221,25.962988146341463],[119.44796666666667,25.962988146341463],[119.44796666666667,25.962872166666667]]]},"properties":{"cluster_id":1588,"lat":25.962943727061557,"lon":119.44821389682902,"count":4,"type":"berth","distance_to_coast":548.7292172309417,"inside_china_land":true}},{"type":"Feature","geometry":{"type":"Polygon","coordinates":[[[113.48199372727272,22.573158315789474],[113.48273957894736,22.573158315789474],[113.48273957894736,22.57327290909091],[113.48199372727272,22.57327290909091],[113.48199372727272,22.573158315789474]]]},"properties":{"cluster_id":1590,"lat":22.573201194223685,"lon":113.48244400791523,"count":5,"type":"berth","distance_to_coast":10336.194983310925,"inside_china_land":true}},{"type":"Feature","geometry":{"type":"Polygon","coordinates":[[[113.56372206578946,22.980875460526317],[113.56377878787879,22.980875460526317],[113.56377878787879,22.980986333333334],[113.56372206578946,22.980986333333334],[113.56372206578946,22.980875460526317]]]},"properties":{"cluster_id":1591,"lat":22.98093099054581,"lon":113.56375266233388,"count":3,"type":"berth","distance_to_coast":1340.2186629391258,"inside_china_land":false}},{"type":"Feature","geometry":{"type":"Polygon","coordinates":[[[111.80704575,21.702873],[111.807371,21.702873],[111.807371,21.7034725],[111.80704575,21.7034725],[111.80704575,21.702873]]]},"properties":{"cluster_id":1592,"lat":21.703188916666665,"lon":111.80722891666666,"count":3,"type":"berth","distance_to_coast":3622.371896366555,"inside_china_land":false}},{"type":"Feature","geometry":{"type":"Polygon","coordinates":[[[117.49795400000001,23.756839272727277],[117.49885330952381,23.756839272727277],[117.49885330952381,23.75763325],[117.49795400000001,23.75763325],[117.49795400000001,23.756839272727277]]]},"properties":{"cluster_id":1593,"lat":23.75728168858684,"lon":117.498417336553,"count":9,"type":"berth","distance_to_coast":830.0616649863986,"inside_china_land":false}},{"type":"Feature","geometry":{"type":"Polygon","coordinates":[[[117.86847247826087,24.417061695652173],[117.86848521428571,24.417061695652173],[117.86848521428571,24.417071982142858],[117.86847247826087,24.417071982142858],[117.86847247826087,24.417061695652173]]]},"properties":{"cluster_id":1594,"lat":24.417066838897515,"lon":117.86847884627328,"count":2,"type":"berth","distance_to_coast":1494.6469760203945,"inside_china_land":false}},{"type":"Feature","geometry":{"type":"Polygon","coordinates":[[[120.39868851497006,32.0401745],[120.398943,32.0401745],[120.398943,32.040407099999996],[120.39868851497006,32.040407099999996],[120.39868851497006,32.0401745]]]},"properties":{"cluster_id":1595,"lat":32.04026758193794,"lon":120.39879246380208,"count":5,"type":"berth","distance_to_coast":79.98376635183219,"inside_china_land":false}},{"type":"Feature","geometry":{"type":"Polygon","coordinates":[[[112.91679020930232,22.870710275],[112.91684026415095,22.870710275],[112.91684026415095,22.870731],[112.91679020930232,22.870731],[112.91679020930232,22.870710275]]]},"properties":{"cluster_id":1596,"lat":22.870717642054263,"lon":112.9168123244844,"count":3,"type":"berth","distance_to_coast":33221.668100954186,"inside_china_land":true}},{"type":"Feature","geometry":{"type":"Polygon","coordinates":[[[111.81332803125,21.704223],[111.814831,21.704223],[111.814831,21.70662971875],[111.81332803125,21.70662971875],[111.81332803125,21.704223]]]},"properties":{"cluster_id":1597,"lat":21.70555316789143,"lon":111.81390099370044,"count":8,"type":"berth","distance_to_coast":2834.482943372737,"inside_china_land":false}},{"type":"Feature","geometry":{"type":"Polygon","coordinates":[[[113.0760906,22.747069222222223],[113.07662811111112,22.747069222222223],[113.07662811111112,22.747915250000002],[113.0760906,22.747915250000002],[113.0760906,22.747069222222223]]]},"properties":{"cluster_id":1598,"lat":22.74762622407407,"lon":113.07628398703704,"count":3,"type":"berth","distance_to_coast":22997.46767403505,"inside_china_land":true}},{"type":"Feature","geometry":{"type":"Polygon","coordinates":[[[110.50623864285714,21.069971109090908],[110.50637135999999,21.069971109090908],[110.50637135999999,21.071327280000002],[110.50623864285714,21.071327280000002],[110.50623864285714,21.069971109090908]]]},"properties":{"cluster_id":1599,"lat":21.070705355709375,"lon":110.5063221979358,"count":11,"type":"berth","distance_to_coast":1206.2858344628482,"inside_china_land":true}},{"type":"Feature","geometry":{"type":"Polygon","coordinates":[[[118.98842514285715,25.212190333333336],[118.9898462631579,25.212190333333336],[118.9898462631579,25.213050285714285],[118.98842514285715,25.213050285714285],[118.98842514285715,25.212190333333336]]]},"properties":{"cluster_id":1601,"lat":25.21245757436774,"lon":118.98940780717705,"count":5,"type":"berth","distance_to_coast":1223.034211578968,"inside_china_land":false}},{"type":"Feature","geometry":{"type":"Polygon","coordinates":[[[113.58189054761905,22.893868916666666],[113.58289052173913,22.893868916666666],[113.58289052173913,22.895318586956524],[113.58189054761905,22.895318586956524],[113.58189054761905,22.893868916666666]]]},"properties":{"cluster_id":1602,"lat":22.89449725905797,"lon":113.5823696586439,"count":4,"type":"berth","distance_to_coast":1268.3687234870613,"inside_china_land":false}},{"type":"Feature","geometry":{"type":"Polygon","coordinates":[[[118.00260980246914,31.191330699029127],[118.0026642524272,31.191330699029127],[118.0026642524272,31.191836259259258],[118.00260980246914,31.191836259259258],[118.00260980246914,31.191330699029127]]]},"properties":{"cluster_id":1603,"lat":31.191583479144192,"lon":118.00263702744816,"count":2,"type":"berth","distance_to_coast":221720.54602461556,"inside_china_land":true}},{"type":"Feature","geometry":{"type":"Polygon","coordinates":[[[120.12744683333334,31.94863616666667],[120.1275507,31.94863616666667],[120.1275507,31.949152299999998],[120.12744683333334,31.949152299999998],[120.12744683333334,31.94863616666667]]]},"properties":{"cluster_id":1604,"lat":31.948894233333338,"lon":120.12749876666666,"count":2,"type":"berth","distance_to_coast":572.1409884097908,"inside_china_land":true}},{"type":"Feature","geometry":{"type":"Polygon","coordinates":[[[113.56138008139534,22.978634488372094],[113.56171869135802,22.978634488372094],[113.56171869135802,22.979062925925927],[113.56138008139534,22.979062925925927],[113.56138008139534,22.978634488372094]]]},"properties":{"cluster_id":1605,"lat":22.978893513166263,"lon":113.56159546717842,"count":7,"type":"berth","distance_to_coast":1354.2007858716574,"inside_china_land":false}},{"type":"Feature","geometry":{"type":"Polygon","coordinates":[[[115.51466585714286,22.683250560975612],[115.51481741463415,22.683250560975612],[115.51481741463415,22.683586952380953],[115.51466585714286,22.683586952380953],[115.51466585714286,22.683250560975612]]]},"properties":{"cluster_id":1606,"lat":22.68344588639663,"lon":115.51473020864788,"count":3,"type":"berth","distance_to_coast":483.6453323338717,"inside_china_land":true}},{"type":"Feature","geometry":{"type":"Polygon","coordinates":[[[120.35539370526315,31.958666810526317],[120.35562868627451,31.958666810526317],[120.35562868627451,31.958719900000002],[120.35539370526315,31.958719900000002],[120.35539370526315,31.958666810526317]]]},"properties":{"cluster_id":1607,"lat":31.958696745327583,"lon":120.35547330487611,"count":6,"type":"berth","distance_to_coast":13.136996314424918,"inside_china_land":true}},{"type":"Feature","geometry":{"type":"Polygon","coordinates":[[[113.48905445833333,22.573272136363638],[113.48917586363636,22.573272136363638],[113.48917586363636,22.573273187500003],[113.48905445833333,22.573273187500003],[113.48905445833333,22.573272136363638]]]},"properties":{"cluster_id":1608,"lat":22.57327266193182,"lon":113.48911516098484,"count":2,"type":"berth","distance_to_coast":9687.32715867992,"inside_china_land":true}},{"type":"Feature","geometry":{"type":"Polygon","coordinates":[[[120.67134783516484,27.490935813186812],[120.67139413333334,27.490935813186812],[120.67139413333334,27.490991489795917],[120.67134783516484,27.490991489795917],[120.67134783516484,27.490935813186812]]]},"properties":{"cluster_id":1609,"lat":27.4909624207256,"lon":120.67138174169426,"count":4,"type":"berth","distance_to_coast":716.5975251368113,"inside_china_land":true}},{"type":"Feature","geometry":{"type":"Polygon","coordinates":[[[122.23625034210527,30.11117477777778],[122.23765644444445,30.11117477777778],[122.23765644444445,30.11144372727273],[122.23625034210527,30.11144372727273],[122.23625034210527,30.11117477777778]]]},"properties":{"cluster_id":1611,"lat":30.11130412955616,"lon":122.23708498921468,"count":18,"type":"berth","distance_to_coast":2675.091999163514,"inside_china_land":false}},{"type":"Feature","geometry":{"type":"Polygon","coordinates":[[[120.19505855813952,35.99916755555556],[120.19511627272728,35.99916755555556],[120.19511627272728,35.99933337209302],[120.19505855813952,35.99933337209302],[120.19505855813952,35.99916755555556]]]},"properties":{"cluster_id":1612,"lat":35.999216557669726,"lon":120.19509802253152,"count":4,"type":"berth","distance_to_coast":1815.874221847993,"inside_china_land":false}},{"type":"Feature","geometry":{"type":"Polygon","coordinates":[[[119.871943,25.567224333333332],[119.8721495,25.567224333333332],[119.8721495,25.5673525],[119.871943,25.5673525],[119.871943,25.567224333333332]]]},"properties":{"cluster_id":1614,"lat":25.567288416666663,"lon":119.87204625,"count":2,"type":"berth","distance_to_coast":1050.4025145952926,"inside_china_land":false}},{"type":"Feature","geometry":{"type":"Polygon","coordinates":[[[119.68425025,25.578051727272726],[119.68436718181819,25.578051727272726],[119.68436718181819,25.57842175],[119.68425025,25.57842175],[119.68425025,25.578051727272726]]]},"properties":{"cluster_id":1615,"lat":25.578236738636363,"lon":119.6843087159091,"count":2,"type":"berth","distance_to_coast":1750.2776321993013,"inside_china_land":false}},{"type":"Feature","geometry":{"type":"Polygon","coordinates":[[[121.47594671428571,31.42615766666667],[121.47920144444444,31.42615766666667],[121.47920144444444,31.428486293233085],[121.47594671428571,31.428486293233085],[121.47594671428571,31.42615766666667]]]},"properties":{"cluster_id":1616,"lat":31.42746780734617,"lon":121.47749957992664,"count":8,"type":"berth","distance_to_coast":2021.044488968833,"inside_china_land":false}},{"type":"Feature","geometry":{"type":"Polygon","coordinates":[[[120.63464742857143,32.022348853658535],[120.6354962682927,32.022348853658535],[120.6354962682927,32.022995571428574],[120.63464742857143,32.022995571428574],[120.63464742857143,32.022348853658535]]]},"properties":{"cluster_id":1617,"lat":32.02269351068097,"lon":120.63501301829524,"count":11,"type":"berth","distance_to_coast":3616.2908255121465,"inside_china_land":false}},{"type":"Feature","geometry":{"type":"Polygon","coordinates":[[[120.6650733125,31.99273175],[120.66739075,31.99273175],[120.66739075,31.99292586956522],[120.6650733125,31.99292586956522],[120.6650733125,31.99273175]]]},"properties":{"cluster_id":1618,"lat":31.9928386559322,"lon":120.66557876720243,"count":14,"type":"berth","distance_to_coast":716.7637829480265,"inside_china_land":true}},{"type":"Feature","geometry":{"type":"Polygon","coordinates":[[[120.635300125,32.02388416666667],[120.63571479166667,32.02388416666667],[120.63571479166667,32.0242904375],[120.635300125,32.0242904375],[120.635300125,32.02388416666667]]]},"properties":{"cluster_id":1619,"lat":32.02410394564816,"lon":120.63553248098964,"count":4,"type":"berth","distance_to_coast":3792.255692542468,"inside_china_land":false}},{"type":"Feature","geometry":{"type":"Polygon","coordinates":[[[121.372338,39.518461375],[121.3736606585366,39.518461375],[121.3736606585366,39.51860782926829],[121.372338,39.51860782926829],[121.372338,39.518461375]]]},"properties":{"cluster_id":1620,"lat":39.51854740647695,"lon":121.37296259176854,"count":6,"type":"berth","distance_to_coast":407.01412622955326,"inside_china_land":false}},{"type":"Feature","geometry":{"type":"Polygon","coordinates":[[[120.14743207407408,31.950716882352943],[120.14880161904763,31.950716882352943],[120.14880161904763,31.95094662962963],[120.14743207407408,31.95094662962963],[120.14743207407408,31.950716882352943]]]},"properties":{"cluster_id":1621,"lat":31.950793409732626,"lon":120.14835932828024,"count":5,"type":"berth","distance_to_coast":1305.3753075194786,"inside_china_land":true}},{"type":"Feature","geometry":{"type":"Polygon","coordinates":[[[119.66301299999999,25.581433333333333],[119.66329909999999,25.581433333333333],[119.66329909999999,25.5824229],[119.66301299999999,25.5824229],[119.66301299999999,25.581433333333333]]]},"properties":{"cluster_id":1622,"lat":25.581928116666667,"lon":119.66315605,"count":2,"type":"berth","distance_to_coast":3624.015146833384,"inside_china_land":false}},{"type":"Feature","geometry":{"type":"Polygon","coordinates":[[[120.94795352173914,31.81123391503268],[120.94842800653595,31.81123391503268],[120.94842800653595,31.81155182608696],[120.94795352173914,31.81155182608696],[120.94795352173914,31.81123391503268]]]},"properties":{"cluster_id":1623,"lat":31.811364306868946,"lon":120.94820958634811,"count":3,"type":"berth","distance_to_coast":1758.991924667789,"inside_china_land":false}},{"type":"Feature","geometry":{"type":"Polygon","coordinates":[[[112.91618226666667,22.872151464285714],[112.91631032142857,22.872151464285714],[112.91631032142857,22.8722028],[112.91618226666667,22.8722028],[112.91618226666667,22.872151464285714]]]},"properties":{"cluster_id":1624,"lat":22.87218159940476,"lon":112.9162285220238,"count":4,"type":"berth","distance_to_coast":33264.91954395956,"inside_china_land":true}},{"type":"Feature","geometry":{"type":"Polygon","coordinates":[[[120.65331742647061,31.990265514705886],[120.65507031034483,31.990265514705886],[120.65507031034483,31.990345103896104],[120.65331742647061,31.990345103896104],[120.65331742647061,31.990265514705886]]]},"properties":{"cluster_id":1625,"lat":31.99030228163108,"lon":120.65404116167228,"count":5,"type":"berth","distance_to_coast":877.7003402822578,"inside_china_land":true}},{"type":"Feature","geometry":{"type":"Polygon","coordinates":[[[120.46464950955414,32.073517067039106],[120.46466158100559,32.073517067039106],[120.46466158100559,32.07353096178344],[120.46464950955414,32.07353096178344],[120.46464950955414,32.073517067039106]]]},"properties":{"cluster_id":1626,"lat":32.07352401441128,"lon":120.46465554527988,"count":2,"type":"berth","distance_to_coast":380.8796017525373,"inside_china_land":true}},{"type":"Feature","geometry":{"type":"Polygon","coordinates":[[[120.19140134482758,31.916795722222226],[120.19157158333334,31.916795722222226],[120.19157158333334,31.917701172413793],[120.19140134482758,31.917701172413793],[120.19140134482758,31.916795722222226]]]},"properties":{"cluster_id":1627,"lat":31.91714384033856,"lon":120.19149223620016,"count":5,"type":"berth","distance_to_coast":1532.0593813804282,"inside_china_land":false}},{"type":"Feature","geometry":{"type":"Polygon","coordinates":[[[117.7316076,38.987658673913046],[117.73197386956522,38.987658673913046],[117.73197386956522,38.98773884],[117.7316076,38.98773884],[117.7316076,38.987658673913046]]]},"properties":{"cluster_id":1628,"lat":38.98769875695652,"lon":117.7317907347826,"count":2,"type":"berth","distance_to_coast":518.3536453493487,"inside_china_land":true}},{"type":"Feature","geometry":{"type":"Polygon","coordinates":[[[117.76457956603774,38.97632965957447],[117.76477959574468,38.97632965957447],[117.76477959574468,38.97645525],[117.76457956603774,38.97645525],[117.76457956603774,38.97632965957447]]]},"properties":{"cluster_id":1629,"lat":38.97641582175436,"lon":117.76467644689036,"count":7,"type":"berth","distance_to_coast":720.2037938215996,"inside_china_land":false}},{"type":"Feature","geometry":{"type":"Polygon","coordinates":[[[118.68661842857144,24.88361893939394],[118.68663054545455,24.88361893939394],[118.68663054545455,24.883664666666668],[118.68661842857144,24.883664666666668],[118.68661842857144,24.88361893939394]]]},"properties":{"cluster_id":1631,"lat":24.883641803030304,"lon":118.686624487013,"count":2,"type":"berth","distance_to_coast":1504.2717569975562,"inside_china_land":false}},{"type":"Feature","geometry":{"type":"Polygon","coordinates":[[[120.30132766666667,27.213977999999997],[120.30158666666667,27.213977999999997],[120.30158666666667,27.214581222222222],[120.30132766666667,27.214581222222222],[120.30132766666667,27.213977999999997]]]},"properties":{"cluster_id":1632,"lat":27.214238928104574,"lon":120.30140590849672,"count":4,"type":"berth","distance_to_coast":533.6513260521992,"inside_china_land":true}},{"type":"Feature","geometry":{"type":"Polygon","coordinates":[[[121.33817912121212,39.510302],[121.33873184210525,39.510302],[121.33873184210525,39.510559421052626],[121.33817912121212,39.510559421052626],[121.33817912121212,39.510302]]]},"properties":{"cluster_id":1633,"lat":39.510430710526315,"lon":121.33845548165868,"count":2,"type":"berth","distance_to_coast":836.621123295885,"inside_china_land":false}},{"type":"Feature","geometry":{"type":"Polygon","coordinates":[[[113.4924241875,22.573390484375],[113.49244491304349,22.573390484375],[113.49244491304349,22.573400152173914],[113.4924241875,22.573400152173914],[113.4924241875,22.573390484375]]]},"properties":{"cluster_id":1634,"lat":22.573395318274457,"lon":113.49243455027177,"count":2,"type":"berth","distance_to_coast":9364.106179597751,"inside_china_land":true}},{"type":"Feature","geometry":{"type":"Polygon","coordinates":[[[113.431991625,23.095355916666666],[113.43205736170212,23.095355916666666],[113.43205736170212,23.095529375],[113.431991625,23.095529375],[113.431991625,23.095355916666666]]]},"properties":{"cluster_id":1635,"lat":23.095462325290733,"lon":113.4320194006538,"count":8,"type":"berth","distance_to_coast":288.30879718015257,"inside_china_land":true}},{"type":"Feature","geometry":{"type":"Polygon","coordinates":[[[117.72216740816327,30.827174684210526],[117.72298798837208,30.827174684210526],[117.72298798837208,30.82770384883721],[117.72216740816327,30.82770384883721],[117.72216740816327,30.827174684210526]]]},"properties":{"cluster_id":1636,"lat":30.82738393958734,"lon":117.72248613217846,"count":3,"type":"berth","distance_to_coast":275584.72671556857,"inside_china_land":true}},{"type":"Feature","geometry":{"type":"Polygon","coordinates":[[[120.58173077419355,31.99409132857143],[120.58310785263158,31.99409132857143],[120.58310785263158,31.99420758064516],[120.58173077419355,31.99420758064516],[120.58173077419355,31.99409132857143]]]},"properties":{"cluster_id":1638,"lat":31.994138844279274,"lon":120.58235147130132,"count":7,"type":"berth","distance_to_coast":519.541477757006,"inside_china_land":true}},{"type":"Feature","geometry":{"type":"Polygon","coordinates":[[[118.83545842391304,32.23303694117647],[118.83554940816326,32.23303694117647],[118.83554940816326,32.233218658536586],[118.83545842391304,32.233218658536586],[118.83545842391304,32.23303694117647]]]},"properties":{"cluster_id":1644,"lat":32.23317870443577,"lon":118.83553217106612,"count":33,"type":"berth","distance_to_coast":85906.07093508074,"inside_china_land":true}},{"type":"Feature","geometry":{"type":"Polygon","coordinates":[[[119.8553865897436,32.287785794871795],[119.85548312962963,32.287785794871795],[119.85548312962963,32.28798209375],[119.8553865897436,32.28798209375],[119.8553865897436,32.287785794871795]]]},"properties":{"cluster_id":1645,"lat":32.287933107461555,"lon":119.85546322425448,"count":8,"type":"berth","distance_to_coast":71.97661430662741,"inside_china_land":true}},{"type":"Feature","geometry":{"type":"Polygon","coordinates":[[[118.95094416149068,32.1696459],[118.95097596629212,32.1696459],[118.95097596629212,32.16970838461539],[118.95094416149068,32.16970838461539],[118.95094416149068,32.1696459]]]},"properties":{"cluster_id":1646,"lat":32.169663377517786,"lon":118.95095627089997,"count":6,"type":"berth","distance_to_coast":73012.70033849835,"inside_china_land":true}},{"type":"Feature","geometry":{"type":"Polygon","coordinates":[[[117.78725942424242,38.97818309375],[117.7891133125,38.97818309375],[117.7891133125,38.979388757575755],[117.78725942424242,38.979388757575755],[117.78725942424242,38.97818309375]]]},"properties":{"cluster_id":1649,"lat":38.97871192862858,"lon":117.78829364349797,"count":13,"type":"berth","distance_to_coast":1488.87065611262,"inside_china_land":false}},{"type":"Feature","geometry":{"type":"Polygon","coordinates":[[[118.99735556756757,39.20367247826087],[118.99738334782609,39.20367247826087],[118.99738334782609,39.20368129054054],[118.99735556756757,39.20368129054054],[118.99735556756757,39.20367247826087]]]},"properties":{"cluster_id":1650,"lat":39.20367688440071,"lon":118.99736945769683,"count":2,"type":"berth","distance_to_coast":2754.6751017918523,"inside_china_land":true}},{"type":"Feature","geometry":{"type":"Polygon","coordinates":[[[117.7834592745098,38.9812474],[117.78443256,38.9812474],[117.78443256,38.98190468627451],[117.7834592745098,38.98190468627451],[117.7834592745098,38.9812474]]]},"properties":{"cluster_id":1651,"lat":38.98154094578269,"lon":117.78406348476044,"count":6,"type":"berth","distance_to_coast":981.995025564857,"inside_china_land":false}},{"type":"Feature","geometry":{"type":"Polygon","coordinates":[[[117.78588434782608,38.97365795],[117.78614528070176,38.97365795],[117.78614528070176,38.973738363636365],[117.78588434782608,38.973738363636365],[117.78588434782608,38.97365795]]]},"properties":{"cluster_id":1652,"lat":38.97369926092093,"lon":117.78598778528274,"count":9,"type":"berth","distance_to_coast":1592.3469007351348,"inside_china_land":false}},{"type":"Feature","geometry":{"type":"Polygon","coordinates":[[[117.78709537499999,38.99986374509804],[117.78729798039217,38.99986374509804],[117.78729798039217,39.000505625],[117.78709537499999,39.000505625],[117.78709537499999,38.99986374509804]]]},"properties":{"cluster_id":1653,"lat":39.0001893278002,"lon":117.78719641340945,"count":4,"type":"berth","distance_to_coast":1523.030764081156,"inside_china_land":false}},{"type":"Feature","geometry":{"type":"Polygon","coordinates":[[[117.780412,38.98367440625],[117.78081403125,38.98367440625],[117.78081403125,38.983974280000005],[117.780412,38.983974280000005],[117.780412,38.98367440625]]]},"properties":{"cluster_id":1655,"lat":38.98386491566705,"lon":117.7805285450083,"count":7,"type":"berth","distance_to_coast":613.3360737644214,"inside_china_land":false}},{"type":"Feature","geometry":{"type":"Polygon","coordinates":[[[117.78184513043479,38.98263733333334],[117.7824003809524,38.98263733333334],[117.7824003809524,38.98297047826087],[117.78184513043479,38.98297047826087],[117.78184513043479,38.98263733333334]]]},"properties":{"cluster_id":1656,"lat":38.98276966283445,"lon":117.78216358618012,"count":4,"type":"berth","distance_to_coast":783.6455570736474,"inside_china_land":false}},{"type":"Feature","geometry":{"type":"Polygon","coordinates":[[[118.9927391891892,39.202407918918915],[118.99420548717947,39.202407918918915],[118.99420548717947,39.20278697435897],[118.9927391891892,39.20278697435897],[118.9927391891892,39.202407918918915]]]},"properties":{"cluster_id":1657,"lat":39.202553329654314,"lon":118.9933728636623,"count":4,"type":"berth","distance_to_coast":2841.917388607448,"inside_china_land":true}},{"type":"Feature","geometry":{"type":"Polygon","coordinates":[[[117.78527711627908,39.00165572413793],[117.78679148275862,39.00165572413793],[117.78679148275862,39.00686913333333],[117.78527711627908,39.00686913333333],[117.78527711627908,39.00165572413793]]]},"properties":{"cluster_id":1658,"lat":39.00448058439198,"lon":117.78596952042297,"count":13,"type":"berth","distance_to_coast":1516.4699189118091,"inside_china_land":false}},{"type":"Feature","geometry":{"type":"Polygon","coordinates":[[[117.78885554237289,38.993543475],[117.78911202500001,38.993543475],[117.78911202500001,38.99445401694915],[117.78885554237289,38.99445401694915],[117.78885554237289,38.993543475]]]},"properties":{"cluster_id":1660,"lat":38.99412611149304,"lon":117.78894185400796,"count":4,"type":"berth","distance_to_coast":1652.7618668904531,"inside_china_land":false}},{"type":"Feature","geometry":{"type":"Polygon","coordinates":[[[118.978772675,39.20484769811321],[118.98577488372094,39.20484769811321],[118.98577488372094,39.20684825581395],[118.978772675,39.20684825581395],[118.978772675,39.20484769811321]]]},"properties":{"cluster_id":1661,"lat":39.20580445321503,"lon":118.98213589760527,"count":37,"type":"berth","distance_to_coast":2248.270530955459,"inside_china_land":true}},{"type":"Feature","geometry":{"type":"Polygon","coordinates":[[[117.77697973529412,38.99318194117647],[117.77764757142857,38.99318194117647],[117.77764757142857,38.99530305882353],[117.77697973529412,38.99530305882353],[117.77697973529412,38.99318194117647]]]},"properties":{"cluster_id":1663,"lat":38.99412811648329,"lon":117.7773551031636,"count":9,"type":"berth","distance_to_coast":366.2643835535352,"inside_china_land":false}},{"type":"Feature","geometry":{"type":"Polygon","coordinates":[[[117.77625310714286,38.99644882352941],[117.77665911764706,38.99644882352941],[117.77665911764706,38.99792384848485],[117.77625310714286,38.99792384848485],[117.77625310714286,38.99644882352941]]]},"properties":{"cluster_id":1664,"lat":38.99730352964095,"lon":117.77642900426537,"count":5,"type":"berth","distance_to_coast":296.01495387675567,"inside_china_land":false}},{"type":"Feature","geometry":{"type":"Polygon","coordinates":[[[117.77612230434782,38.9765011025641],[117.77642769230769,38.9765011025641],[117.77642769230769,38.97658834782609],[117.77612230434782,38.97658834782609],[117.77612230434782,38.9765011025641]]]},"properties":{"cluster_id":1666,"lat":38.97653293346339,"lon":117.77631799888518,"count":3,"type":"berth","distance_to_coast":658.5717959122293,"inside_china_land":false}},{"type":"Feature","geometry":{"type":"Polygon","coordinates":[[[117.78381004,38.97435112],[117.7838215652174,38.97435112],[117.7838215652174,38.97435686956522],[117.78381004,38.97435686956522],[117.78381004,38.97435112]]]},"properties":{"cluster_id":1667,"lat":38.97435399478261,"lon":117.7838158026087,"count":2,"type":"berth","distance_to_coast":1352.0207242723156,"inside_china_land":false}},{"type":"Feature","geometry":{"type":"Polygon","coordinates":[[[109.17552866666666,19.717989708333334],[109.17581042857144,19.717989708333334],[109.17581042857144,19.71801214285714],[109.17552866666666,19.71801214285714],[109.17552866666666,19.717989708333334]]]},"properties":{"cluster_id":1668,"lat":19.71800092559524,"lon":109.17566954761904,"count":2,"type":"berth","distance_to_coast":1010.0241231752476,"inside_china_land":false}},{"type":"Feature","geometry":{"type":"Polygon","coordinates":[[[113.85645846153847,22.52681742857143],[113.85679628571428,22.52681742857143],[113.85679628571428,22.52882658974359],[113.85645846153847,22.52882658974359],[113.85645846153847,22.52681742857143]]]},"properties":{"cluster_id":1670,"lat":22.52783628815629,"lon":113.85666506959708,"count":3,"type":"berth","distance_to_coast":2234.943378355673,"inside_china_land":false}},{"type":"Feature","geometry":{"type":"Polygon","coordinates":[[[113.85519969444444,22.532250517241376],[113.8553757586207,22.532250517241376],[113.8553757586207,22.53287813888889],[113.85519969444444,22.53287813888889],[113.85519969444444,22.532250517241376]]]},"properties":{"cluster_id":1671,"lat":22.532564328065135,"lon":113.85528772653257,"count":2,"type":"berth","distance_to_coast":2049.789390617126,"inside_china_land":false}},{"type":"Feature","geometry":{"type":"Polygon","coordinates":[[[110.39339632258064,21.134074870967744],[110.3967232,21.134074870967744],[110.3967232,21.13758572],[110.39339632258064,21.13758572],[110.39339632258064,21.134074870967744]]]},"properties":{"cluster_id":1672,"lat":21.135556300254738,"lon":110.39484438882414,"count":16,"type":"berth","distance_to_coast":2708.0455190739845,"inside_china_land":false}},{"type":"Feature","geometry":{"type":"Polygon","coordinates":[[[109.17100184905661,19.713678792452832],[109.17169253333333,19.713678792452832],[109.17169253333333,19.714382233333332],[109.17100184905661,19.714382233333332],[109.17100184905661,19.713678792452832]]]},"properties":{"cluster_id":1677,"lat":19.71403051289308,"lon":109.17134719119495,"count":2,"type":"berth","distance_to_coast":1280.0579171982529,"inside_china_land":false}},{"type":"Feature","geometry":{"type":"Polygon","coordinates":[[[109.1736084375,19.71614603125],[109.17516,19.71614603125],[109.17516,19.716700200000002],[109.1736084375,19.716700200000002],[109.1736084375,19.71614603125]]]},"properties":{"cluster_id":1678,"lat":19.71650011629902,"lon":109.1742694987745,"count":3,"type":"berth","distance_to_coast":1081.9805216974603,"inside_china_land":false}},{"type":"Feature","geometry":{"type":"Polygon","coordinates":[[[111.82036526415094,21.692029571428574],[111.82078538571429,21.692029571428574],[111.82078538571429,21.693208056603776],[111.82036526415094,21.693208056603776],[111.82036526415094,21.692029571428574]]]},"properties":{"cluster_id":1679,"lat":21.692452385038393,"lon":111.82063915792084,"count":4,"type":"berth","distance_to_coast":1996.90622742038,"inside_china_land":false}},{"type":"Feature","geometry":{"type":"Polygon","coordinates":[[[113.64288325000001,22.768105],[113.6428836,22.768105],[113.6428836,22.7692792],[113.64288325000001,22.7692792],[113.64288325000001,22.768105]]]},"properties":{"cluster_id":1680,"lat":22.7686921,"lon":113.642883425,"count":2,"type":"berth","distance_to_coast":1342.0948080014855,"inside_china_land":false}},{"type":"Feature","geometry":{"type":"Polygon","coordinates":[[[109.15523350000001,19.769852187165775],[109.15543112941177,19.769852187165775],[109.15543112941177,19.76991901709402],[109.15523350000001,19.76991901709402],[109.15523350000001,19.769852187165775]]]},"properties":{"cluster_id":1681,"lat":19.76988446029364,"lon":109.15529133777328,"count":4,"type":"berth","distance_to_coast":1079.3535893836415,"inside_china_land":false}},{"type":"Feature","geometry":{"type":"Polygon","coordinates":[[[120.18421907142859,31.91804975],[120.1846193125,31.91804975],[120.1846193125,31.91973964285714],[120.18421907142859,31.91973964285714],[120.18421907142859,31.91804975]]]},"properties":{"cluster_id":1682,"lat":31.91882309070513,"lon":120.18445440111034,"count":4,"type":"berth","distance_to_coast":1834.1450232864015,"inside_china_land":false}},{"type":"Feature","geometry":{"type":"Polygon","coordinates":[[[121.69260368181818,31.313631055555554],[121.69260961111111,31.313631055555554],[121.69260961111111,31.313820772727272],[121.69260368181818,31.313820772727272],[121.69260368181818,31.313631055555554]]]},"properties":{"cluster_id":1683,"lat":31.313725914141415,"lon":121.69260664646464,"count":2,"type":"berth","distance_to_coast":1473.5353100053628,"inside_china_land":false}},{"type":"Feature","geometry":{"type":"Polygon","coordinates":[[[118.98000321538463,25.219677986842107],[118.98051444736844,25.219677986842107],[118.98051444736844,25.220095584615386],[118.98000321538463,25.220095584615386],[118.98000321538463,25.219677986842107]]]},"properties":{"cluster_id":1684,"lat":25.21990414228162,"lon":118.98017803835724,"count":4,"type":"berth","distance_to_coast":474.3485348426904,"inside_china_land":false}},{"type":"Feature","geometry":{"type":"Polygon","coordinates":[[[113.07813842857142,22.746122333333332],[113.07861744444443,22.746122333333332],[113.07861744444443,22.74660642857143],[113.07813842857142,22.74660642857143],[113.07813842857142,22.746122333333332]]]},"properties":{"cluster_id":1685,"lat":22.74636438095238,"lon":113.07837793650792,"count":2,"type":"berth","distance_to_coast":22760.04507122881,"inside_china_land":true}},{"type":"Feature","geometry":{"type":"Polygon","coordinates":[[[122.02976758426966,30.150736005208334],[122.02996823076924,30.150736005208334],[122.02996823076924,30.15089392307692],[122.02976758426966,30.15089392307692],[122.02976758426966,30.150736005208334]]]},"properties":{"cluster_id":1686,"lat":30.15079621802637,"lon":122.0298398938639,"count":4,"type":"berth","distance_to_coast":388.5934320931019,"inside_china_land":false}},{"type":"Feature","geometry":{"type":"Polygon","coordinates":[[[118.62363602173912,31.947089760869567],[118.62515247826086,31.947089760869567],[118.62515247826086,31.948502173913045],[118.62363602173912,31.948502173913045],[118.62363602173912,31.947089760869567]]]},"properties":{"cluster_id":1687,"lat":31.948098190976403,"lon":118.62470806996365,"count":7,"type":"berth","distance_to_coast":114028.20754066083,"inside_china_land":true}},{"type":"Feature","geometry":{"type":"Polygon","coordinates":[[[113.01544145,22.813715294117646],[113.01612876470588,22.813715294117646],[113.01612876470588,22.814190586206898],[113.01544145,22.814190586206898],[113.01544145,22.813715294117646]]]},"properties":{"cluster_id":1688,"lat":22.814045507581135,"lon":113.01567980856154,"count":4,"type":"berth","distance_to_coast":24533.353814363003,"inside_china_land":true}},{"type":"Feature","geometry":{"type":"Polygon","coordinates":[[[120.000025,31.973550375],[120.00057946153846,31.973550375],[120.00057946153846,31.97405309375],[120.000025,31.97405309375],[120.000025,31.973550375]]]},"properties":{"cluster_id":1689,"lat":31.973665706392453,"lon":120.00044567054844,"count":6,"type":"berth","distance_to_coast":1989.8479299046992,"inside_china_land":false}},{"type":"Feature","geometry":{"type":"Polygon","coordinates":[[[119.7455665,34.34428524],[119.7467370150376,34.34428524],[119.7467370150376,34.34735645238095],[119.7455665,34.34735645238095],[119.7455665,34.34428524]]]},"properties":{"cluster_id":1690,"lat":34.34603987709087,"lon":119.74633027584642,"count":37,"type":"berth","distance_to_coast":18941.567483420175,"inside_china_land":true}},{"type":"Feature","geometry":{"type":"Polygon","coordinates":[[[110.5153255,21.089311625],[110.5153545,21.089311625],[110.5153545,21.090525666666668],[110.5153255,21.090525666666668],[110.5153255,21.089311625]]]},"properties":{"cluster_id":1691,"lat":21.089918645833336,"lon":110.51534,"count":2,"type":"berth","distance_to_coast":924.6278085854884,"inside_china_land":false}},{"type":"Feature","geometry":{"type":"Polygon","coordinates":[[[113.0777114,22.738851099999998],[113.07875025,22.738851099999998],[113.07875025,22.7394773125],[113.0777114,22.7394773125],[113.0777114,22.738851099999998]]]},"properties":{"cluster_id":1692,"lat":22.73916420625,"lon":113.078230825,"count":2,"type":"berth","distance_to_coast":21983.71275272705,"inside_china_land":true}},{"type":"Feature","geometry":{"type":"Polygon","coordinates":[[[117.42236063636363,30.72957418181818],[117.42352727272727,30.72957418181818],[117.42352727272727,30.729905999999996],[117.42236063636363,30.729905999999996],[117.42236063636363,30.72957418181818]]]},"properties":{"cluster_id":1694,"lat":30.72974009090909,"lon":117.42294395454545,"count":2,"type":"berth","distance_to_coast":309398.37233702803,"inside_china_land":true}},{"type":"Feature","geometry":{"type":"Polygon","coordinates":[[[117.99837727027028,31.103986972972972],[117.99838726666667,31.103986972972972],[117.99838726666667,31.10409333333333],[117.99837727027028,31.10409333333333],[117.99837727027028,31.103986972972972]]]},"properties":{"cluster_id":1695,"lat":31.10404015315315,"lon":117.99838226846848,"count":2,"type":"berth","distance_to_coast":229029.3940406044,"inside_china_land":true}},{"type":"Feature","geometry":{"type":"Polygon","coordinates":[[[119.85373487096774,26.32532276],[119.85389667999999,26.32532276],[119.85389667999999,26.325398258064517],[119.85373487096774,26.325398258064517],[119.85373487096774,26.32532276]]]},"properties":{"cluster_id":1697,"lat":26.32535984914691,"lon":119.8538075847978,"count":8,"type":"berth","distance_to_coast":274.2001630527801,"inside_china_land":false}},{"type":"Feature","geometry":{"type":"Polygon","coordinates":[[[121.27002423809525,31.604077931372547],[121.2703028627451,31.604077931372547],[121.2703028627451,31.604267595238092],[121.27002423809525,31.604267595238092],[121.27002423809525,31.604077931372547]]]},"properties":{"cluster_id":1699,"lat":31.604203492997197,"lon":121.27011923996264,"count":3,"type":"berth","distance_to_coast":2621.6542423865526,"inside_china_land":false}},{"type":"Feature","geometry":{"type":"Polygon","coordinates":[[[119.68262190909091,25.58022788888889],[119.68290146153846,25.58022788888889],[119.68290146153846,25.580358886363637],[119.68262190909091,25.580358886363637],[119.68262190909091,25.58022788888889]]]},"properties":{"cluster_id":1701,"lat":25.580318613437257,"lon":119.68277441440364,"count":5,"type":"berth","distance_to_coast":1781.1027745711656,"inside_china_land":false}},{"type":"Feature","geometry":{"type":"Polygon","coordinates":[[[119.70528420000001,26.8044736],[119.70528864285714,26.8044736],[119.70528864285714,26.804588499999998],[119.70528420000001,26.804588499999998],[119.70528420000001,26.8044736]]]},"properties":{"cluster_id":1702,"lat":26.80453105,"lon":119.70528642142858,"count":2,"type":"berth","distance_to_coast":728.0605619060663,"inside_china_land":false}},{"type":"Feature","geometry":{"type":"Polygon","coordinates":[[[119.70720728997868,26.800694085287844],[119.70735814285715,26.800694085287844],[119.70735814285715,26.800810857142856],[119.70720728997868,26.800810857142856],[119.70720728997868,26.800694085287844]]]},"properties":{"cluster_id":1703,"lat":26.80075442821201,"lon":119.70729857647126,"count":3,"type":"berth","distance_to_coast":904.951655516674,"inside_china_land":false}},{"type":"Feature","geometry":{"type":"Polygon","coordinates":[[[119.87754772727273,26.29994984],[119.8788026,26.29994984],[119.8788026,26.300249400000002],[119.87754772727273,26.300249400000002],[119.87754772727273,26.29994984]]]},"properties":{"cluster_id":1705,"lat":26.30007714060606,"lon":119.87796604242423,"count":3,"type":"berth","distance_to_coast":1653.0991704876649,"inside_china_land":false}},{"type":"Feature","geometry":{"type":"Polygon","coordinates":[[[119.98606507843138,32.0129966],[119.98633784444444,32.0129966],[119.98633784444444,32.01320505882353],[119.98606507843138,32.01320505882353],[119.98606507843138,32.0129966]]]},"properties":{"cluster_id":1707,"lat":32.01311170797994,"lon":119.9861807649896,"count":3,"type":"berth","distance_to_coast":742.8875899428632,"inside_china_land":false}},{"type":"Feature","geometry":{"type":"Polygon","coordinates":[[[119.27494575,32.190377],[119.27508675,32.190377],[119.27508675,32.190529749999996],[119.27494575,32.190529749999996],[119.27494575,32.190377]]]},"properties":{"cluster_id":1708,"lat":32.19047875438852,"lon":119.27500152784526,"count":17,"type":"berth","distance_to_coast":36861.79682013983,"inside_china_land":true}},{"type":"Feature","geometry":{"type":"Polygon","coordinates":[[[119.01865439999999,32.179197],[119.01867664705883,32.179197],[119.01867664705883,32.17920488235294],[119.01865439999999,32.17920488235294],[119.01865439999999,32.179197]]]},"properties":{"cluster_id":1713,"lat":32.179200941176475,"lon":119.0186655235294,"count":2,"type":"berth","distance_to_coast":65428.78613546432,"inside_china_land":true}},{"type":"Feature","geometry":{"type":"Polygon","coordinates":[[[118.87071858536585,32.175087222222224],[118.8709538,32.175087222222224],[118.8709538,32.17531714285714],[118.87071858536585,32.17531714285714],[118.87071858536585,32.175087222222224]]]},"properties":{"cluster_id":1714,"lat":32.17517500779778,"lon":118.87085222285994,"count":17,"type":"berth","distance_to_coast":81891.72523840648,"inside_china_land":true}},{"type":"Feature","geometry":{"type":"Polygon","coordinates":[[[119.90168125,32.1333445],[119.90170625,32.1333445],[119.90170625,32.1333485],[119.90168125,32.1333485],[119.90168125,32.1333445]]]},"properties":{"cluster_id":1715,"lat":32.1333465,"lon":119.90169375,"count":2,"type":"berth","distance_to_coast":885.6023886175293,"inside_china_land":false}},{"type":"Feature","geometry":{"type":"Polygon","coordinates":[[[120.21274033333334,31.925445],[120.212817,31.925445],[120.212817,31.92550075],[120.21274033333334,31.92550075],[120.21274033333334,31.925445]]]},"properties":{"cluster_id":1716,"lat":31.92547272368421,"lon":120.2127748128655,"count":3,"type":"berth","distance_to_coast":1485.4635457175627,"inside_china_land":false}},{"type":"Feature","geometry":{"type":"Polygon","coordinates":[[[119.21556066666666,32.218985333333336],[119.21594428571429,32.218985333333336],[119.21594428571429,32.21932525],[119.21556066666666,32.21932525],[119.21556066666666,32.218985333333336]]]},"properties":{"cluster_id":1717,"lat":32.21919357704082,"lon":119.21579714696097,"count":7,"type":"berth","distance_to_coast":43541.3091540302,"inside_china_land":true}},{"type":"Feature","geometry":{"type":"Polygon","coordinates":[[[119.83145933333334,39.979064],[119.83151271428572,39.979064],[119.83151271428572,39.97906777777777],[119.83145933333334,39.97906777777777],[119.83145933333334,39.979064]]]},"properties":{"cluster_id":1718,"lat":39.97906628571428,"lon":119.8314885313492,"count":4,"type":"berth","distance_to_coast":121.01603046466548,"inside_china_land":false}},{"type":"Feature","geometry":{"type":"Polygon","coordinates":[[[118.61502371052632,31.9401765],[118.61515313793103,31.9401765],[118.61515313793103,31.940254379310346],[118.61502371052632,31.940254379310346],[118.61502371052632,31.9401765]]]},"properties":{"cluster_id":1719,"lat":31.940215439655173,"lon":118.61508842422867,"count":2,"type":"berth","distance_to_coast":115352.59016043373,"inside_china_land":true}},{"type":"Feature","geometry":{"type":"Polygon","coordinates":[[[118.60913752272727,31.93184181818182],[118.60916046666665,31.93184181818182],[118.60916046666665,31.9318704],[118.60913752272727,31.9318704],[118.60913752272727,31.93184181818182]]]},"properties":{"cluster_id":1720,"lat":31.93185610909091,"lon":118.60914899469697,"count":2,"type":"berth","distance_to_coast":116308.5877380478,"inside_china_land":true}},{"type":"Feature","geometry":{"type":"Polygon","coordinates":[[[118.61415227272727,31.9391635],[118.61416581034483,31.9391635],[118.61416581034483,31.93926859090909],[118.61415227272727,31.93926859090909],[118.61415227272727,31.9391635]]]},"properties":{"cluster_id":1722,"lat":31.939216045454543,"lon":118.61415904153606,"count":2,"type":"berth","distance_to_coast":115489.89418904194,"inside_china_land":true}},{"type":"Feature","geometry":{"type":"Polygon","coordinates":[[[118.60850530434782,31.935790407407406],[118.6100683956044,31.935790407407406],[118.6100683956044,31.93674734065934],[118.60850530434782,31.93674734065934],[118.60850530434782,31.935790407407406]]]},"properties":{"cluster_id":1723,"lat":31.93617240877587,"lon":118.60932186294704,"count":3,"type":"berth","distance_to_coast":116121.96198278278,"inside_china_land":true}},{"type":"Feature","geometry":{"type":"Polygon","coordinates":[[[121.10314681818181,28.103247999999997],[121.103182,28.103247999999997],[121.103182,28.10325990909091],[121.10314681818181,28.10325990909091],[121.10314681818181,28.103247999999997]]]},"properties":{"cluster_id":1729,"lat":28.10325395454545,"lon":121.10316440909092,"count":2,"type":"berth","distance_to_coast":3057.104952168877,"inside_china_land":false}},{"type":"Feature","geometry":{"type":"Polygon","coordinates":[[[119.66127551898732,32.20209705063291],[119.661287,32.20209705063291],[119.661287,32.20212776785714],[119.66127551898732,32.20212776785714],[119.66127551898732,32.20209705063291]]]},"properties":{"cluster_id":1731,"lat":32.202112409245025,"lon":119.66128125949366,"count":2,"type":"berth","distance_to_coast":651.848985473128,"inside_china_land":true}},{"type":"Feature","geometry":{"type":"Polygon","coordinates":[[[116.53065783333334,22.969545],[116.530937,22.969545],[116.530937,22.969969],[116.53065783333334,22.969969],[116.53065783333334,22.969545]]]},"properties":{"cluster_id":1733,"lat":22.969778208333334,"lon":116.53076479166668,"count":4,"type":"berth","distance_to_coast":1332.262048026707,"inside_china_land":false}},{"type":"Feature","geometry":{"type":"Polygon","coordinates":[[[119.19838166666666,32.22775452173913],[119.19870026086957,32.22775452173913],[119.19870026086957,32.22779711111111],[119.19838166666666,32.22779711111111],[119.19838166666666,32.22775452173913]]]},"properties":{"cluster_id":1735,"lat":32.22777581642512,"lon":119.19854096376812,"count":2,"type":"berth","distance_to_coast":45544.8145412536,"inside_china_land":true}},{"type":"Feature","geometry":{"type":"Polygon","coordinates":[[[119.70230233333332,34.28498075],[119.70294487234042,34.28498075],[119.70294487234042,34.285036000000005],[119.70230233333332,34.285036000000005],[119.70230233333332,34.28498075]]]},"properties":{"cluster_id":1740,"lat":34.28501132633324,"lon":119.702822036311,"count":7,"type":"berth","distance_to_coast":28422.89868773429,"inside_china_land":true}},{"type":"Feature","geometry":{"type":"Polygon","coordinates":[[[119.704069875,34.2858349375],[119.70517476470589,34.2858349375],[119.70517476470589,34.28672888235294],[119.704069875,34.28672888235294],[119.704069875,34.2858349375]]]},"properties":{"cluster_id":1743,"lat":34.28611497273284,"lon":119.70438999938725,"count":4,"type":"berth","distance_to_coast":28216.322881472403,"inside_china_land":true}},{"type":"Feature","geometry":{"type":"Polygon","coordinates":[[[119.581903,34.21919173333333],[119.58194608333334,34.21919173333333],[119.58194608333334,34.21933616666667],[119.581903,34.21933616666667],[119.581903,34.21919173333333]]]},"properties":{"cluster_id":1748,"lat":34.21926395,"lon":119.58192454166668,"count":2,"type":"berth","distance_to_coast":42613.06568973424,"inside_china_land":true}},{"type":"Feature","geometry":{"type":"Polygon","coordinates":[[[119.79779133333334,34.39112227272727],[119.79780127272726,34.39112227272727],[119.79780127272726,34.391322333333335],[119.79779133333334,34.391322333333335],[119.79779133333334,34.39112227272727]]]},"properties":{"cluster_id":1749,"lat":34.391222303030304,"lon":119.7977963030303,"count":2,"type":"berth","distance_to_coast":11144.1088871857,"inside_china_land":true}},{"type":"Feature","geometry":{"type":"Polygon","coordinates":[[[119.59966715384616,34.226929454545456],[119.59978605,34.226929454545456],[119.59978605,34.22695335],[119.59966715384616,34.22695335],[119.59966715384616,34.226929454545456]]]},"properties":{"cluster_id":1750,"lat":34.22694006305361,"lon":119.59974140128206,"count":3,"type":"berth","distance_to_coast":40663.76906786097,"inside_china_land":true}},{"type":"Feature","geometry":{"type":"Polygon","coordinates":[[[119.75883433333333,34.35381660465116],[119.7588936744186,34.35381660465116],[119.7588936744186,34.353829166666664],[119.75883433333333,34.353829166666664],[119.75883433333333,34.35381660465116]]]},"properties":{"cluster_id":1752,"lat":34.353822885658914,"lon":119.75886400387596,"count":2,"type":"berth","distance_to_coast":17417.58640756474,"inside_china_land":true}},{"type":"Feature","geometry":{"type":"Polygon","coordinates":[[[119.73382944444444,34.32063366666667],[119.73389468965516,34.32063366666667],[119.73389468965516,34.3207264137931],[119.73382944444444,34.3207264137931],[119.73382944444444,34.32063366666667]]]},"properties":{"cluster_id":1753,"lat":34.32069041025094,"lon":119.73386793792476,"count":5,"type":"berth","distance_to_coast":22627.982268521864,"inside_china_land":true}},{"type":"Feature","geometry":{"type":"Polygon","coordinates":[[[119.79569636000001,34.44574849056604],[119.79576007142857,34.44574849056604],[119.79576007142857,34.4461234],[119.79569636000001,34.4461234],[119.79569636000001,34.44574849056604]]]},"properties":{"cluster_id":1756,"lat":34.44590527828903,"lon":119.79573211550328,"count":5,"type":"berth","distance_to_coast":4395.789974441455,"inside_china_land":true}},{"type":"Feature","geometry":{"type":"Polygon","coordinates":[[[122.26532122222223,36.84066911111111],[122.26535083333333,36.84066911111111],[122.26535083333333,36.8407015],[122.26532122222223,36.8407015],[122.26532122222223,36.84066911111111]]]},"properties":{"cluster_id":1757,"lat":36.84068530555555,"lon":122.26533602777778,"count":2,"type":"berth","distance_to_coast":1185.9557663065443,"inside_china_land":true}},{"type":"Feature","geometry":{"type":"Polygon","coordinates":[[[119.6072716153846,34.230373846153846],[119.608363,34.230373846153846],[119.608363,34.2310655],[119.6072716153846,34.2310655],[119.6072716153846,34.230373846153846]]]},"properties":{"cluster_id":1758,"lat":34.23061359551282,"lon":119.60772159615384,"count":5,"type":"berth","distance_to_coast":39773.464080978,"inside_china_land":true}},{"type":"Feature","geometry":{"type":"Polygon","coordinates":[[[119.74583949999999,34.34118264285714],[119.74651435294118,34.34118264285714],[119.74651435294118,34.34208913333334],[119.74583949999999,34.34208913333334],[119.74583949999999,34.34118264285714]]]},"properties":{"cluster_id":1759,"lat":34.34172592315254,"lon":119.74611881301249,"count":5,"type":"berth","distance_to_coast":19483.037112019298,"inside_china_land":true}},{"type":"Feature","geometry":{"type":"Polygon","coordinates":[[[122.07928245000001,39.118338037037034],[122.07928722222222,39.118338037037034],[122.07928722222222,39.11833935],[122.07928245000001,39.11833935],[122.07928245000001,39.118338037037034]]]},"properties":{"cluster_id":1764,"lat":39.11833869351852,"lon":122.07928483611111,"count":2,"type":"berth","distance_to_coast":1034.643325297071,"inside_china_land":true}},{"type":"Feature","geometry":{"type":"Polygon","coordinates":[[[120.40601775,32.041769],[120.40634707692308,32.041769],[120.40634707692308,32.04183076923077],[120.40601775,32.04183076923077],[120.40601775,32.041769]]]},"properties":{"cluster_id":1769,"lat":32.0417920233903,"lon":120.40622643024724,"count":23,"type":"berth","distance_to_coast":262.3910474397662,"inside_china_land":false}},{"type":"Feature","geometry":{"type":"Polygon","coordinates":[[[119.04921085714287,32.20004578571429],[119.04958672727274,32.20004578571429],[119.04958672727274,32.20035645454545],[119.04921085714287,32.20035645454545],[119.04921085714287,32.20004578571429]]]},"properties":{"cluster_id":1770,"lat":32.20023337571286,"lon":119.0494302704508,"count":6,"type":"berth","distance_to_coast":61964.0435900803,"inside_china_land":true}},{"type":"Feature","geometry":{"type":"Polygon","coordinates":[[[119.91131316666667,32.116155166666665],[119.9118001111111,32.116155166666665],[119.9118001111111,32.11668383333333],[119.91131316666667,32.11668383333333],[119.91131316666667,32.116155166666665]]]},"properties":{"cluster_id":1771,"lat":32.116389444444444,"lon":119.91162175925926,"count":3,"type":"berth","distance_to_coast":497.5951557329823,"inside_china_land":false}},{"type":"Feature","geometry":{"type":"Polygon","coordinates":[[[116.46417216666667,23.456215],[116.46515083333333,23.456215],[116.46515083333333,23.45631966666667],[116.46417216666667,23.45631966666667],[116.46417216666667,23.456215]]]},"properties":{"cluster_id":1774,"lat":23.45625007936508,"lon":116.46478971428571,"count":3,"type":"berth","distance_to_coast":7952.07568482543,"inside_china_land":true}},{"type":"Feature","geometry":{"type":"Polygon","coordinates":[[[118.52416666666666,24.5321525],[118.52559060000002,24.5321525],[118.52559060000002,24.532883333333334],[118.52416666666666,24.532883333333334],[118.52416666666666,24.5321525]]]},"properties":{"cluster_id":1776,"lat":24.532399144444444,"lon":118.52496197777778,"count":3,"type":"berth","distance_to_coast":2921.1594799430345,"inside_china_land":false}},{"type":"Feature","geometry":{"type":"Polygon","coordinates":[[[113.88177189855072,22.477614125],[113.88195307142857,22.477614125],[113.88195307142857,22.477667142857143],[113.88177189855072,22.477667142857143],[113.88177189855072,22.477614125]]]},"properties":{"cluster_id":1778,"lat":22.477641853196168,"lon":113.88186054284206,"count":4,"type":"berth","distance_to_coast":442.942087536238,"inside_china_land":true}},{"type":"Feature","geometry":{"type":"Polygon","coordinates":[[[117.00379366666668,23.392163333333333],[117.00397883333333,23.392163333333333],[117.00397883333333,23.392578454545454],[117.00379366666668,23.392578454545454],[117.00379366666668,23.392163333333333]]]},"properties":{"cluster_id":1780,"lat":23.39237531818182,"lon":117.00387353030304,"count":3,"type":"berth","distance_to_coast":3154.9925188558727,"inside_china_land":false}},{"type":"Feature","geometry":{"type":"Polygon","coordinates":[[[120.5857148,32.065520199999995],[120.58620260000001,32.065520199999995],[120.58620260000001,32.0659112],[120.5857148,32.0659112],[120.5857148,32.065520199999995]]]},"properties":{"cluster_id":1784,"lat":32.065799481944445,"lon":120.58607459305556,"count":4,"type":"berth","distance_to_coast":1445.3419259166951,"inside_china_land":false}},{"type":"Feature","geometry":{"type":"Polygon","coordinates":[[[120.58800609090909,32.0664326],[120.588271875,32.0664326],[120.588271875,32.066566333333334],[120.58800609090909,32.066566333333334],[120.58800609090909,32.0664326]]]},"properties":{"cluster_id":1785,"lat":32.066495162166916,"lon":120.58813142710284,"count":32,"type":"berth","distance_to_coast":1355.120321416856,"inside_china_land":false}},{"type":"Feature","geometry":{"type":"Polygon","coordinates":[[[118.19854511111112,31.2798383],[118.19897655,31.2798383],[118.19897655,31.280376949999997],[118.19854511111112,31.280376949999997],[118.19854511111112,31.2798383]]]},"properties":{"cluster_id":1786,"lat":31.28005612037037,"lon":118.19872322037035,"count":3,"type":"berth","distance_to_coast":197349.31650648243,"inside_china_land":true}},{"type":"Feature","geometry":{"type":"Polygon","coordinates":[[[121.37517873750001,31.49976651948052],[121.37517976623377,31.49976651948052],[121.37517976623377,31.499771149999997],[121.37517873750001,31.499771149999997],[121.37517873750001,31.49976651948052]]]},"properties":{"cluster_id":1788,"lat":31.49976883474026,"lon":121.37517925186688,"count":2,"type":"berth","distance_to_coast":3270.7514902431813,"inside_china_land":false}},{"type":"Feature","geometry":{"type":"Polygon","coordinates":[[[119.769409,34.364021],[119.77046495543394,34.364021],[119.77046495543394,34.365794676470586],[119.769409,34.365794676470586],[119.769409,34.364021]]]},"properties":{"cluster_id":1792,"lat":34.36511961391705,"lon":119.77006729285998,"count":86,"type":"berth","distance_to_coast":15520.062126185552,"inside_china_land":true}},{"type":"Feature","geometry":{"type":"Polygon","coordinates":[[[121.7267235,31.707419125],[121.72730966666667,31.707419125],[121.72730966666667,31.707517444444445],[121.7267235,31.707517444444445],[121.7267235,31.707419125]]]},"properties":{"cluster_id":1793,"lat":31.707468284722225,"lon":121.72701658333334,"count":2,"type":"berth","distance_to_coast":1075.0481907023586,"inside_china_land":false}},{"type":"Feature","geometry":{"type":"Polygon","coordinates":[[[120.26887719999999,36.0751386],[120.26897581818183,36.0751386],[120.26897581818183,36.07531081818182],[120.26887719999999,36.07531081818182],[120.26887719999999,36.0751386]]]},"properties":{"cluster_id":1796,"lat":36.07522470909091,"lon":120.2689265090909,"count":2,"type":"berth","distance_to_coast":2749.8047529959276,"inside_china_land":false}},{"type":"Feature","geometry":{"type":"Polygon","coordinates":[[[116.53045030188679,22.98226609433962],[116.53046079166667,22.98226609433962],[116.53046079166667,22.982300666666664],[116.53045030188679,22.982300666666664],[116.53045030188679,22.98226609433962]]]},"properties":{"cluster_id":1798,"lat":22.98228338050314,"lon":116.53045554677672,"count":2,"type":"berth","distance_to_coast":1143.1652796560438,"inside_china_land":false}},{"type":"Feature","geometry":{"type":"Polygon","coordinates":[[[119.63673911111111,25.34569211111111],[119.636819,25.34569211111111],[119.636819,25.345696416666666],[119.63673911111111,25.345696416666666],[119.63673911111111,25.34569211111111]]]},"properties":{"cluster_id":1799,"lat":25.345694263888888,"lon":119.63677905555556,"count":2,"type":"berth","distance_to_coast":992.3533830175476,"inside_china_land":false}},{"type":"Feature","geometry":{"type":"Polygon","coordinates":[[[119.64850416981133,25.33898943396226],[119.64883533333334,25.33898943396226],[119.64883533333334,25.339783333333333],[119.64850416981133,25.339783333333333],[119.64850416981133,25.33898943396226]]]},"properties":{"cluster_id":1800,"lat":25.3393863836478,"lon":119.64866975157231,"count":2,"type":"berth","distance_to_coast":2074.3745658441103,"inside_china_land":false}},{"type":"Feature","geometry":{"type":"Polygon","coordinates":[[[111.85020540000001,21.5371306],[111.85052316,21.5371306],[111.85052316,21.537720359999998],[111.85020540000001,21.537720359999998],[111.85020540000001,21.5371306]]]},"properties":{"cluster_id":1802,"lat":21.53742548,"lon":111.85036428,"count":2,"type":"berth","distance_to_coast":3407.625902393618,"inside_china_land":false}},{"type":"Feature","geometry":{"type":"Polygon","coordinates":[[[121.197203,31.74352633333333],[121.19742392592592,31.74352633333333],[121.19742392592592,31.743645925925925],[121.197203,31.743645925925925],[121.197203,31.74352633333333]]]},"properties":{"cluster_id":1805,"lat":31.743586129629627,"lon":121.19731346296297,"count":2,"type":"berth","distance_to_coast":1805.766769291413,"inside_china_land":false}},{"type":"Feature","geometry":{"type":"Polygon","coordinates":[[[111.28760242857143,21.43377614285714],[111.28774166666666,21.43377614285714],[111.28774166666666,21.43382216666667],[111.28760242857143,21.43382216666667],[111.28760242857143,21.43377614285714]]]},"properties":{"cluster_id":1810,"lat":21.43380040752243,"lon":111.28768330710837,"count":3,"type":"berth","distance_to_coast":1581.1376680283809,"inside_china_land":false}},{"type":"Feature","geometry":{"type":"Polygon","coordinates":[[[119.31243500000001,32.2402772],[119.31301766666667,32.2402772],[119.31301766666667,32.24064475],[119.31243500000001,32.24064475],[119.31243500000001,32.2402772]]]},"properties":{"cluster_id":1812,"lat":32.240434039066194,"lon":119.3127860651587,"count":51,"type":"berth","distance_to_coast":33144.03086103539,"inside_china_land":true}},{"type":"Feature","geometry":{"type":"Polygon","coordinates":[[[119.92915057142856,32.093168428571424],[119.92917783333333,32.093168428571424],[119.92917783333333,32.093196166666665],[119.92915057142856,32.093196166666665],[119.92915057142856,32.093168428571424]]]},"properties":{"cluster_id":1813,"lat":32.093182297619045,"lon":119.92916420238096,"count":2,"type":"berth","distance_to_coast":369.122176715167,"inside_china_land":false}},{"type":"Feature","geometry":{"type":"Polygon","coordinates":[[[121.75003155555555,31.283896222222225],[121.75070466666666,31.283896222222225],[121.75070466666666,31.284696666666665],[121.75003155555555,31.284696666666665],[121.75003155555555,31.283896222222225]]]},"properties":{"cluster_id":1814,"lat":31.28426748677249,"lon":121.7504054074074,"count":3,"type":"berth","distance_to_coast":2533.5396752244296,"inside_china_land":false}},{"type":"Feature","geometry":{"type":"Polygon","coordinates":[[[119.93330276923076,32.03751073898305],[119.93367913220338,32.03751073898305],[119.93367913220338,32.038323],[119.93330276923076,32.038323],[119.93330276923076,32.03751073898305]]]},"properties":{"cluster_id":1818,"lat":32.037916869491525,"lon":119.93349095071709,"count":2,"type":"berth","distance_to_coast":1418.5099464008763,"inside_china_land":false}},{"type":"Feature","geometry":{"type":"Polygon","coordinates":[[[120.46373246666667,32.065182],[120.46397821052632,32.065182],[120.46397821052632,32.06545657894736],[120.46373246666667,32.06545657894736],[120.46373246666667,32.065182]]]},"properties":{"cluster_id":1819,"lat":32.06531928947368,"lon":120.46385533859647,"count":2,"type":"berth","distance_to_coast":518.956683550546,"inside_china_land":false}},{"type":"Feature","geometry":{"type":"Polygon","coordinates":[[[118.3633667,24.40860042857143],[118.36366699999999,24.40860042857143],[118.36366699999999,24.4091243],[118.3633667,24.4091243],[118.3633667,24.40860042857143]]]},"properties":{"cluster_id":1820,"lat":24.408835909523813,"lon":118.36352137083334,"count":3,"type":"berth","distance_to_coast":1960.7933266189204,"inside_china_land":false}},{"type":"Feature","geometry":{"type":"Polygon","coordinates":[[[117.7673951111111,39.04855833333333],[117.7674152,39.04855833333333],[117.7674152,39.04859082222222],[117.7673951111111,39.04859082222222],[117.7673951111111,39.04855833333333]]]},"properties":{"cluster_id":1821,"lat":39.04857457777778,"lon":117.76740515555556,"count":2,"type":"berth","distance_to_coast":1182.1666080791365,"inside_china_land":false}},{"type":"Feature","geometry":{"type":"Polygon","coordinates":[[[119.72713166666666,34.3042716],[119.7272213,34.3042716],[119.7272213,34.304617666666665],[119.72713166666666,34.304617666666665],[119.72713166666666,34.3042716]]]},"properties":{"cluster_id":1823,"lat":34.30451260238095,"lon":119.72717862380952,"count":4,"type":"berth","distance_to_coast":24923.22681912148,"inside_china_land":true}},{"type":"Feature","geometry":{"type":"Polygon","coordinates":[[[120.88678564285715,31.92090022222222],[120.88741128571428,31.92090022222222],[120.88741128571428,31.921971000000003],[120.88678564285715,31.921971000000003],[120.88678564285715,31.92090022222222]]]},"properties":{"cluster_id":1824,"lat":31.921273316269843,"lon":120.8870916654762,"count":4,"type":"berth","distance_to_coast":2007.117565904127,"inside_china_land":false}},{"type":"Feature","geometry":{"type":"Polygon","coordinates":[[[121.95010057936508,29.89028991468254],[121.95014696261681,29.89028991468254],[121.95014696261681,29.890315573208724],[121.95010057936508,29.890315573208724],[121.95010057936508,29.89028991468254]]]},"properties":{"cluster_id":1826,"lat":29.890302743945632,"lon":121.95012377099096,"count":2,"type":"berth","distance_to_coast":420.0257403961384,"inside_china_land":false}},{"type":"Feature","geometry":{"type":"Polygon","coordinates":[[[120.25082661111111,36.0064165],[120.25112185714285,36.0064165],[120.25112185714285,36.006917841269846],[120.25082661111111,36.006917841269846],[120.25082661111111,36.0064165]]]},"properties":{"cluster_id":1828,"lat":36.00666717063493,"lon":120.25097423412696,"count":2,"type":"berth","distance_to_coast":2514.3656964370452,"inside_china_land":false}},{"type":"Feature","geometry":{"type":"Polygon","coordinates":[[[115.04842727777776,22.690668111111112],[115.04849265,22.690668111111112],[115.04849265,22.691139999999997],[115.04842727777776,22.691139999999997],[115.04842727777776,22.690668111111112]]]},"properties":{"cluster_id":1829,"lat":22.690878513227513,"lon":115.04845799973543,"count":3,"type":"berth","distance_to_coast":3032.5860156267827,"inside_china_land":false}},{"type":"Feature","geometry":{"type":"Polygon","coordinates":[[[117.545969,23.714577333333335],[117.54725054545453,23.714577333333335],[117.54725054545453,23.71508163636364],[117.545969,23.71508163636364],[117.545969,23.714577333333335]]]},"properties":{"cluster_id":1830,"lat":23.71481803434344,"lon":117.54674751515152,"count":3,"type":"berth","distance_to_coast":3222.0304557536974,"inside_china_land":false}},{"type":"Feature","geometry":{"type":"Polygon","coordinates":[[[120.73183133333333,32.04045766666667],[120.73193254545454,32.04045766666667],[120.73193254545454,32.040706],[120.73183133333333,32.040706],[120.73183133333333,32.04045766666667]]]},"properties":{"cluster_id":1831,"lat":32.04064324519799,"lon":120.7319036207608,"count":19,"type":"berth","distance_to_coast":23.533659083307914,"inside_china_land":true}},{"type":"Feature","geometry":{"type":"Polygon","coordinates":[[[113.26537766666667,21.852334933333335],[113.26542213333333,21.852334933333335],[113.26542213333333,21.85245433333333],[113.26537766666667,21.85245433333333],[113.26537766666667,21.852334933333335]]]},"properties":{"cluster_id":1833,"lat":21.852394633333333,"lon":113.2653999,"count":2,"type":"berth","distance_to_coast":3451.066601089869,"inside_china_land":false}},{"type":"Feature","geometry":{"type":"Polygon","coordinates":[[[122.06658699999998,29.998879],[122.06659340909091,29.998879],[122.06659340909091,29.998911272727273],[122.06658699999998,29.998911272727273],[122.06658699999998,29.998879]]]},"properties":{"cluster_id":1835,"lat":29.998895136363636,"lon":122.06659020454543,"count":2,"type":"berth","distance_to_coast":1953.4658179353976,"inside_china_land":false}},{"type":"Feature","geometry":{"type":"Polygon","coordinates":[[[120.207932,31.94513688888889],[120.20843470454544,31.94513688888889],[120.20843470454544,31.94584906818182],[120.207932,31.94584906818182],[120.207932,31.94513688888889]]]},"properties":{"cluster_id":1836,"lat":31.945492978535356,"lon":120.20818335227273,"count":2,"type":"berth","distance_to_coast":1142.6873625160904,"inside_china_land":true}},{"type":"Feature","geometry":{"type":"Polygon","coordinates":[[[109.56630388636363,21.61493196078431],[109.56640779166668,21.61493196078431],[109.56640779166668,21.614971613636364],[109.56630388636363,21.614971613636364],[109.56630388636363,21.61493196078431]]]},"properties":{"cluster_id":1837,"lat":21.61494526091801,"lon":109.5663455005199,"count":3,"type":"berth","distance_to_coast":1757.4758105224184,"inside_china_land":false}},{"type":"Feature","geometry":{"type":"Polygon","coordinates":[[[121.61208669354839,38.93925264516129],[121.61212014285714,38.93925264516129],[121.61212014285714,38.93933942857143],[121.61208669354839,38.93933942857143],[121.61208669354839,38.93925264516129]]]},"properties":{"cluster_id":1838,"lat":38.93929366969368,"lon":121.6121055946056,"count":4,"type":"berth","distance_to_coast":1369.2807978213882,"inside_china_land":false}},{"type":"Feature","geometry":{"type":"Polygon","coordinates":[[[121.74451724637682,39.025453600000006],[121.7446878,39.025453600000006],[121.7446878,39.02558688405797],[121.74451724637682,39.02558688405797],[121.74451724637682,39.025453600000006]]]},"properties":{"cluster_id":1839,"lat":39.02552024202899,"lon":121.7446025231884,"count":2,"type":"berth","distance_to_coast":1023.2223946652904,"inside_china_land":false}},{"type":"Feature","geometry":{"type":"Polygon","coordinates":[[[120.32913144444446,27.230277407407407],[120.33010283333333,27.230277407407407],[120.33010283333333,27.230294555555556],[120.32913144444446,27.230294555555556],[120.32913144444446,27.230277407407407]]]},"properties":{"cluster_id":1840,"lat":27.23028598148148,"lon":120.32961713888888,"count":2,"type":"berth","distance_to_coast":232.99577157288329,"inside_china_land":true}},{"type":"Feature","geometry":{"type":"Polygon","coordinates":[[[120.96114414285715,40.70190402586207],[120.96187977586206,40.70190402586207],[120.96187977586206,40.70249430708661],[120.96114414285715,40.70249430708661],[120.96114414285715,40.70190402586207]]]},"properties":{"cluster_id":1843,"lat":40.7022953302689,"lon":120.96137639668932,"count":6,"type":"berth","distance_to_coast":602.5974574277956,"inside_china_land":false}},{"type":"Feature","geometry":{"type":"Polygon","coordinates":[[[121.54144672093024,31.343869674418603],[121.54145252427183,31.343869674418603],[121.54145252427183,31.343903339805824],[121.54144672093024,31.343903339805824],[121.54144672093024,31.343869674418603]]]},"properties":{"cluster_id":1844,"lat":31.343886507112213,"lon":121.54144962260104,"count":2,"type":"berth","distance_to_coast":2879.843437767724,"inside_china_land":true}},{"type":"Feature","geometry":{"type":"Polygon","coordinates":[[[119.38301940239043,35.10788648214286],[119.38329398540145,35.10788648214286],[119.38329398540145,35.10887854074074],[119.38301940239043,35.10887854074074],[119.38301940239043,35.10788648214286]]]},"properties":{"cluster_id":1845,"lat":35.108291039509155,"lon":119.38318246891012,"count":5,"type":"berth","distance_to_coast":1809.7793989944307,"inside_china_land":false}},{"type":"Feature","geometry":{"type":"Polygon","coordinates":[[[121.07550331884059,40.800250890625],[121.075509890625,40.800250890625],[121.075509890625,40.80025292753623],[121.07550331884059,40.80025292753623],[121.07550331884059,40.800250890625]]]},"properties":{"cluster_id":1847,"lat":40.800251909080615,"lon":121.0755066047328,"count":2,"type":"berth","distance_to_coast":920.5362845807398,"inside_china_land":false}},{"type":"Feature","geometry":{"type":"Polygon","coordinates":[[[121.28003233333334,39.57823121052631],[121.28003501694914,39.57823121052631],[121.28003501694914,39.57824211864407],[121.28003233333334,39.57824211864407],[121.28003233333334,39.57823121052631]]]},"properties":{"cluster_id":1848,"lat":39.57823666458519,"lon":121.28003367514124,"count":2,"type":"berth","distance_to_coast":14.12827295634342,"inside_china_land":false}},{"type":"Feature","geometry":{"type":"Polygon","coordinates":[[[121.84795100000001,30.064325666666665],[121.84802119999999,30.064325666666665],[121.84802119999999,30.064396999999996],[121.84795100000001,30.064396999999996],[121.84795100000001,30.064325666666665]]]},"properties":{"cluster_id":1852,"lat":30.06436054682539,"lon":121.84798862063492,"count":6,"type":"berth","distance_to_coast":782.4271979304432,"inside_china_land":true}},{"type":"Feature","geometry":{"type":"Polygon","coordinates":[[[121.47711338888888,31.03407761111111],[121.47724539999999,31.03407761111111],[121.47724539999999,31.034162],[121.47711338888888,31.034162],[121.47711338888888,31.03407761111111]]]},"properties":{"cluster_id":1854,"lat":31.034119805555555,"lon":121.47717939444443,"count":2,"type":"berth","distance_to_coast":29173.537540779133,"inside_china_land":true}},{"type":"Feature","geometry":{"type":"Polygon","coordinates":[[[121.93734514705883,29.64010608],[121.93737157333334,29.64010608],[121.93737157333334,29.640136852941176],[121.93734514705883,29.640136852941176],[121.93734514705883,29.64010608]]]},"properties":{"cluster_id":1855,"lat":29.640118551684985,"lon":121.93736005150006,"count":8,"type":"berth","distance_to_coast":1337.4952745805206,"inside_china_land":false}},{"type":"Feature","geometry":{"type":"Polygon","coordinates":[[[120.241156125,26.93705425],[120.2415121,26.93705425],[120.2415121,26.93785168421053],[120.241156125,26.93785168421053],[120.241156125,26.93705425]]]},"properties":{"cluster_id":1858,"lat":26.937377534105863,"lon":120.24132146691088,"count":8,"type":"berth","distance_to_coast":944.299600019175,"inside_china_land":false}},{"type":"Feature","geometry":{"type":"Polygon","coordinates":[[[113.0125708,22.4446914],[113.01265824731183,22.4446914],[113.01265824731183,22.444759483870968],[113.0125708,22.444759483870968],[113.0125708,22.4446914]]]},"properties":{"cluster_id":1860,"lat":22.44472544193548,"lon":113.01261452365593,"count":2,"type":"berth","distance_to_coast":17218.895557621796,"inside_china_land":true}},{"type":"Feature","geometry":{"type":"Polygon","coordinates":[[[121.42111430645161,31.471702363636364],[121.4212342,31.471702363636364],[121.4212342,31.4718306744186],[121.42111430645161,31.4718306744186],[121.42111430645161,31.471702363636364]]]},"properties":{"cluster_id":1861,"lat":31.471752738619784,"lon":121.42120040884488,"count":30,"type":"berth","distance_to_coast":2380.9587505772924,"inside_china_land":false}},{"type":"Feature","geometry":{"type":"Polygon","coordinates":[[[121.77555849999999,29.196775833333334],[121.77642349999999,29.196775833333334],[121.77642349999999,29.19799666666667],[121.77555849999999,29.19799666666667],[121.77555849999999,29.196775833333334]]]},"properties":{"cluster_id":1863,"lat":29.197065716666668,"lon":121.77591413333334,"count":5,"type":"berth","distance_to_coast":1303.1135279869184,"inside_china_land":false}},{"type":"Feature","geometry":{"type":"Polygon","coordinates":[[[121.501707,29.4988065],[121.50182325,29.4988065],[121.50182325,29.499784],[121.501707,29.499784],[121.501707,29.4988065]]]},"properties":{"cluster_id":1864,"lat":29.49929525,"lon":121.501765125,"count":2,"type":"berth","distance_to_coast":2008.0175339114576,"inside_china_land":false}},{"type":"Feature","geometry":{"type":"Polygon","coordinates":[[[121.7747335,29.189645666666667],[121.7751,29.189645666666667],[121.7751,29.1905278],[121.7747335,29.1905278],[121.7747335,29.189645666666667]]]},"properties":{"cluster_id":1866,"lat":29.190043405555556,"lon":121.77488072222222,"count":3,"type":"berth","distance_to_coast":1355.9358955754933,"inside_china_land":false}},{"type":"Feature","geometry":{"type":"Polygon","coordinates":[[[121.7744054,29.191733799999998],[121.77486216666667,29.191733799999998],[121.77486216666667,29.19210133333333],[121.7744054,29.19210133333333],[121.7744054,29.191733799999998]]]},"properties":{"cluster_id":1867,"lat":29.191902599999995,"lon":121.77458541111112,"count":3,"type":"berth","distance_to_coast":1405.129805596172,"inside_china_land":false}},{"type":"Feature","geometry":{"type":"Polygon","coordinates":[[[119.475932,25.989496],[119.47615716666667,25.989496],[119.47615716666667,25.98967015942029],[119.475932,25.98967015942029],[119.475932,25.989496]]]},"properties":{"cluster_id":1868,"lat":25.989584034889173,"lon":119.47602543603116,"count":19,"type":"berth","distance_to_coast":411.1300346894131,"inside_china_land":false}},{"type":"Feature","geometry":{"type":"Polygon","coordinates":[[[111.29738110000001,21.429562166666667],[111.29739966666666,21.429562166666667],[111.29739966666666,21.4296015],[111.29738110000001,21.4296015],[111.29738110000001,21.429562166666667]]]},"properties":{"cluster_id":1869,"lat":21.429581833333337,"lon":111.29739038333334,"count":2,"type":"berth","distance_to_coast":2504.509778460532,"inside_china_land":false}},{"type":"Feature","geometry":{"type":"Polygon","coordinates":[[[110.41696456,21.302425644444444],[110.41711157777779,21.302425644444444],[110.41711157777779,21.30269432],[110.41696456,21.30269432],[110.41696456,21.302425644444444]]]},"properties":{"cluster_id":1870,"lat":21.30255998222222,"lon":110.4170380688889,"count":2,"type":"berth","distance_to_coast":1882.884429460555,"inside_china_land":false}},{"type":"Feature","geometry":{"type":"Polygon","coordinates":[[[122.29103780487804,29.92564201734104],[122.29107313043478,29.92564201734104],[122.29107313043478,29.925661717391307],[122.29103780487804,29.925661717391307],[122.29103780487804,29.92564201734104]]]},"properties":{"cluster_id":1875,"lat":29.925651139271167,"lon":122.29105647179836,"count":5,"type":"berth","distance_to_coast":1083.1558245317922,"inside_china_land":false}},{"type":"Feature","geometry":{"type":"Polygon","coordinates":[[[119.917294625,32.12852408219178],[119.91758603424658,32.12852408219178],[119.91758603424658,32.129419225],[119.917294625,32.129419225],[119.917294625,32.12852408219178]]]},"properties":{"cluster_id":1876,"lat":32.128948913437604,"lon":119.91744316879344,"count":3,"type":"berth","distance_to_coast":711.8885499371399,"inside_china_land":true}},{"type":"Feature","geometry":{"type":"Polygon","coordinates":[[[119.59040295522388,32.1854479375],[119.59097306666668,32.1854479375],[119.59097306666668,32.18549011666667],[119.59040295522388,32.18549011666667],[119.59040295522388,32.1854479375]]]},"properties":{"cluster_id":1877,"lat":32.185469388018205,"lon":119.59077063957788,"count":4,"type":"berth","distance_to_coast":2272.400700737069,"inside_china_land":true}},{"type":"Feature","geometry":{"type":"Polygon","coordinates":[[[120.89498853333332,31.921360119047616],[120.89501788095238,31.921360119047616],[120.89501788095238,31.921383666666664],[120.89498853333332,31.921383666666664],[120.89498853333332,31.921360119047616]]]},"properties":{"cluster_id":1878,"lat":31.921371892857135,"lon":120.89500320714284,"count":2,"type":"berth","distance_to_coast":1297.8808956854327,"inside_china_land":false}},{"type":"Feature","geometry":{"type":"Polygon","coordinates":[[[122.10245025,30.244719],[122.10319199999999,30.244719],[122.10319199999999,30.245216],[122.10245025,30.245216],[122.10245025,30.244719]]]},"properties":{"cluster_id":1879,"lat":30.2449491,"lon":122.10274698333332,"count":3,"type":"berth","distance_to_coast":2881.6564015881486,"inside_china_land":false}},{"type":"Feature","geometry":{"type":"Polygon","coordinates":[[[122.11522000000001,30.249954600000002],[122.11538399999999,30.249954600000002],[122.11538399999999,30.250067166666668],[122.11522000000001,30.250067166666668],[122.11522000000001,30.249954600000002]]]},"properties":{"cluster_id":1880,"lat":30.250010883333335,"lon":122.115302,"count":2,"type":"berth","distance_to_coast":1664.6793303069726,"inside_china_land":false}},{"type":"Feature","geometry":{"type":"Polygon","coordinates":[[[122.0646095,30.15305099685535],[122.06515676886792,30.15305099685535],[122.06515676886792,30.15375375577558],[122.0646095,30.15375375577558],[122.0646095,30.15305099685535]]]},"properties":{"cluster_id":1881,"lat":30.153371544620693,"lon":122.0650032291284,"count":5,"type":"berth","distance_to_coast":739.7285335527226,"inside_china_land":false}},{"type":"Feature","geometry":{"type":"Polygon","coordinates":[[[119.2595644556962,32.19700653333333],[119.26074703333333,32.19700653333333],[119.26074703333333,32.19759157843137],[119.2595644556962,32.19759157843137],[119.2595644556962,32.19700653333333]]]},"properties":{"cluster_id":1882,"lat":32.197461255968264,"lon":119.25977516501928,"count":7,"type":"berth","distance_to_coast":38547.09392493456,"inside_china_land":true}},{"type":"Feature","geometry":{"type":"Polygon","coordinates":[[[122.25218988235295,30.257046470588232],[122.25224461538463,30.257046470588232],[122.25224461538463,30.25710461111111],[122.25218988235295,30.25710461111111],[122.25218988235295,30.257046470588232]]]},"properties":{"cluster_id":1883,"lat":30.257072906354267,"lon":122.2522272942742,"count":5,"type":"berth","distance_to_coast":3491.638413925739,"inside_china_land":false}},{"type":"Feature","geometry":{"type":"Polygon","coordinates":[[[121.50345375,32.12859275],[121.503732375,32.12859275],[121.503732375,32.1287658125],[121.50345375,32.1287658125],[121.50345375,32.12859275]]]},"properties":{"cluster_id":1884,"lat":32.12867928125,"lon":121.5035930625,"count":2,"type":"berth","distance_to_coast":2463.764096011223,"inside_china_land":false}},{"type":"Feature","geometry":{"type":"Polygon","coordinates":[[[124.15115828787877,39.819445621212125],[124.15121925000001,39.819445621212125],[124.15121925000001,39.819492724999996],[124.15115828787877,39.819492724999996],[124.15115828787877,39.819445621212125]]]},"properties":{"cluster_id":1885,"lat":39.81946917310606,"lon":124.1511887689394,"count":2,"type":"berth","distance_to_coast":3635.9869487411006,"inside_china_land":false}},{"type":"Feature","geometry":{"type":"Polygon","coordinates":[[[119.90333323076923,32.138255117647056],[119.90369266666666,32.138255117647056],[119.90369266666666,32.13865869230769],[119.90333323076923,32.13865869230769],[119.90333323076923,32.138255117647056]]]},"properties":{"cluster_id":1886,"lat":32.138513862577504,"lon":119.90345494620412,"count":3,"type":"berth","distance_to_coast":558.7948489834905,"inside_china_land":false}},{"type":"Feature","geometry":{"type":"Polygon","coordinates":[[[120.91543546511629,27.97822727631579],[120.9154385263158,27.97822727631579],[120.9154385263158,27.97837118604651],[120.91543546511629,27.97837118604651],[120.91543546511629,27.97822727631579]]]},"properties":{"cluster_id":1887,"lat":27.978299231181147,"lon":120.91543699571604,"count":2,"type":"berth","distance_to_coast":690.3704599819109,"inside_china_land":false}},{"type":"Feature","geometry":{"type":"Polygon","coordinates":[[[117.77518683333334,39.001279714285715],[117.77530478571428,39.001279714285715],[117.77530478571428,39.001444416666665],[117.77518683333334,39.001444416666665],[117.77518683333334,39.001279714285715]]]},"properties":{"cluster_id":1888,"lat":39.00136206547619,"lon":117.7752458095238,"count":2,"type":"berth","distance_to_coast":253.9934159096775,"inside_china_land":false}},{"type":"Feature","geometry":{"type":"Polygon","coordinates":[[[121.94909003448277,30.08340957142857],[121.95018617142856,30.08340957142857],[121.95018617142856,30.0843671875],[121.94909003448277,30.0843671875],[121.94909003448277,30.08340957142857]]]},"properties":{"cluster_id":1889,"lat":30.08396664729818,"lon":121.94967264203858,"count":9,"type":"berth","distance_to_coast":3060.0921848339185,"inside_china_land":false}},{"type":"Feature","geometry":{"type":"Polygon","coordinates":[[[117.77165283333333,39.01285975],[117.77198342857142,39.01285975],[117.77198342857142,39.013762166666666],[117.77165283333333,39.013762166666666],[117.77165283333333,39.01285975]]]},"properties":{"cluster_id":1890,"lat":39.01311870098039,"lon":117.77188550728292,"count":5,"type":"berth","distance_to_coast":256.5225310735815,"inside_china_land":false}},{"type":"Feature","geometry":{"type":"Polygon","coordinates":[[[119.43904657894736,34.74826394736842],[119.43993331818182,34.74826394736842],[119.43993331818182,34.74841255],[119.43904657894736,34.74841255],[119.43904657894736,34.74826394736842]]]},"properties":{"cluster_id":1891,"lat":34.74834443094099,"lon":119.43934799904304,"count":3,"type":"berth","distance_to_coast":192.52882633528264,"inside_china_land":false}},{"type":"Feature","geometry":{"type":"Polygon","coordinates":[[[117.77061604999999,39.017057894736844],[117.77074831578948,39.017057894736844],[117.77074831578948,39.01754655],[117.77061604999999,39.01754655],[117.77061604999999,39.017057894736844]]]},"properties":{"cluster_id":1892,"lat":39.01729297384868,"lon":117.77066986858551,"count":4,"type":"berth","distance_to_coast":254.98648211462748,"inside_china_land":false}},{"type":"Feature","geometry":{"type":"Polygon","coordinates":[[[120.23143983333333,36.01233988888889],[120.23155341666666,36.01233988888889],[120.23155341666666,36.012458214285715],[120.23143983333333,36.012458214285715],[120.23143983333333,36.01233988888889]]]},"properties":{"cluster_id":1893,"lat":36.012386599323065,"lon":120.2314819017857,"count":4,"type":"berth","distance_to_coast":1725.6241342862568,"inside_china_land":false}},{"type":"Feature","geometry":{"type":"Polygon","coordinates":[[[121.89120794736841,38.99678066666666],[121.89153603333332,38.99678066666666],[121.89153603333332,38.99700835714286],[121.89120794736841,38.99700835714286],[121.89120794736841,38.99678066666666]]]},"properties":{"cluster_id":1894,"lat":38.99691183249791,"lon":121.89135868404344,"count":3,"type":"berth","distance_to_coast":997.335244975525,"inside_china_land":false}},{"type":"Feature","geometry":{"type":"Polygon","coordinates":[[[119.4346128235294,34.74824690909091],[119.4376178,34.74824690909091],[119.4376178,34.748464764705886],[119.4346128235294,34.748464764705886],[119.4346128235294,34.74824690909091]]]},"properties":{"cluster_id":1895,"lat":34.748332691914946,"lon":119.43611795336132,"count":7,"type":"berth","distance_to_coast":75.38760328733578,"inside_china_land":false}},{"type":"Feature","geometry":{"type":"Polygon","coordinates":[[[120.21364057142857,36.020202285714284],[120.21398578571429,36.020202285714284],[120.21398578571429,36.02057378571429],[120.21364057142857,36.02057378571429],[120.21364057142857,36.020202285714284]]]},"properties":{"cluster_id":1896,"lat":36.02039429047619,"lon":120.21382100793652,"count":3,"type":"berth","distance_to_coast":3339.747891272747,"inside_china_land":false}},{"type":"Feature","geometry":{"type":"Polygon","coordinates":[[[120.22624553333334,36.009124400000005],[120.22740000000002,36.009124400000005],[120.22740000000002,36.009756800000005],[120.22624553333334,36.009756800000005],[120.22624553333334,36.009124400000005]]]},"properties":{"cluster_id":1897,"lat":36.00936188484849,"lon":120.22668884444448,"count":3,"type":"berth","distance_to_coast":1352.294740789275,"inside_china_land":false}},{"type":"Feature","geometry":{"type":"Polygon","coordinates":[[[120.2100715882353,36.01195488235294],[120.21099910526317,36.01195488235294],[120.21099910526317,36.012739473684206],[120.2100715882353,36.012739473684206],[120.2100715882353,36.01195488235294]]]},"properties":{"cluster_id":1898,"lat":36.01234717801857,"lon":120.21053534674924,"count":2,"type":"berth","distance_to_coast":2552.3123926859353,"inside_china_land":false}},{"type":"Feature","geometry":{"type":"Polygon","coordinates":[[[119.4426414,34.74834245454545],[119.44298413636365,34.74834245454545],[119.44298413636365,34.74836072],[119.4426414,34.74836072],[119.4426414,34.74834245454545]]]},"properties":{"cluster_id":1899,"lat":34.74835158727272,"lon":119.44281276818182,"count":2,"type":"berth","distance_to_coast":317.4852407893535,"inside_china_land":false}},{"type":"Feature","geometry":{"type":"Polygon","coordinates":[[[121.85985199999999,39.01654520879121],[121.86005478125,39.01654520879121],[121.86005478125,39.016643124999995],[121.85985199999999,39.016643124999995],[121.85985199999999,39.01654520879121]]]},"properties":{"cluster_id":1900,"lat":39.01660270501373,"lon":121.85995251316392,"count":3,"type":"berth","distance_to_coast":1371.8814535949182,"inside_china_land":false}},{"type":"Feature","geometry":{"type":"Polygon","coordinates":[[[120.23708766666665,36.01592375],[120.23802080555555,36.01592375],[120.23802080555555,36.01643611111111],[120.23708766666665,36.01643611111111],[120.23708766666665,36.01592375]]]},"properties":{"cluster_id":1901,"lat":36.01616463738513,"lon":120.23752963730158,"count":5,"type":"berth","distance_to_coast":2389.7622937150145,"inside_china_land":false}},{"type":"Feature","geometry":{"type":"Polygon","coordinates":[[[121.23712773333334,31.63123423529412],[121.23744605882354,31.63123423529412],[121.23744605882354,31.631830125],[121.23712773333334,31.631830125],[121.23712773333334,31.63123423529412]]]},"properties":{"cluster_id":1902,"lat":31.631534031209153,"lon":121.23724647238562,"count":3,"type":"berth","distance_to_coast":2345.6155171796704,"inside_china_land":false}},{"type":"Feature","geometry":{"type":"Polygon","coordinates":[[[121.98394,30.09456317808219],[121.98478473630136,30.09456317808219],[121.98478473630136,30.095006599999998],[121.98394,30.095006599999998],[121.98394,30.09456317808219]]]},"properties":{"cluster_id":1903,"lat":30.094784889041097,"lon":121.98436236815068,"count":2,"type":"berth","distance_to_coast":476.62647712162607,"inside_china_land":true}},{"type":"Feature","geometry":{"type":"Polygon","coordinates":[[[119.43287021428571,34.7463252],[119.43308948571428,34.7463252],[119.43308948571428,34.74682971428572],[119.43287021428571,34.74682971428572],[119.43287021428571,34.7463252]]]},"properties":{"cluster_id":1904,"lat":34.74657745714286,"lon":119.43297985,"count":2,"type":"berth","distance_to_coast":262.1214227891038,"inside_china_land":true}},{"type":"Feature","geometry":{"type":"Polygon","coordinates":[[[120.24692216666666,27.248952666666668],[120.24762199999999,27.248952666666668],[120.24762199999999,27.249470666666667],[120.24692216666666,27.249470666666667],[120.24692216666666,27.248952666666668]]]},"properties":{"cluster_id":1905,"lat":27.249253444444445,"lon":120.24738530555555,"count":3,"type":"berth","distance_to_coast":534.7001886957746,"inside_china_land":true}},{"type":"Feature","geometry":{"type":"Polygon","coordinates":[[[121.95407412121212,30.099237075757575],[121.9541352005277,30.099237075757575],[121.9541352005277,30.09929590765171],[121.95407412121212,30.09929590765171],[121.95407412121212,30.099237075757575]]]},"properties":{"cluster_id":1907,"lat":30.099266491704643,"lon":121.95410466086992,"count":2,"type":"berth","distance_to_coast":2778.406937067275,"inside_china_land":false}},{"type":"Feature","geometry":{"type":"Polygon","coordinates":[[[119.58710375,39.9091625],[119.58727816666668,39.9091625],[119.58727816666668,39.90952468831169],[119.58710375,39.90952468831169],[119.58710375,39.9091625]]]},"properties":{"cluster_id":1908,"lat":39.90941092534656,"lon":119.58721582933208,"count":29,"type":"berth","distance_to_coast":586.718009823624,"inside_china_land":true}},{"type":"Feature","geometry":{"type":"Polygon","coordinates":[[[119.58735364516129,39.90703068292683],[119.587538,39.90703068292683],[119.587538,39.90712466666667],[119.58735364516129,39.90712466666667],[119.58735364516129,39.90703068292683]]]},"properties":{"cluster_id":1909,"lat":39.9070624739037,"lon":119.58745688546276,"count":12,"type":"berth","distance_to_coast":244.8702176649619,"inside_china_land":true}},{"type":"Feature","geometry":{"type":"Polygon","coordinates":[[[121.74494357407409,39.02169998148148],[121.74591566666668,39.02169998148148],[121.74591566666668,39.022223333333336],[121.74494357407409,39.022223333333336],[121.74494357407409,39.02169998148148]]]},"properties":{"cluster_id":1912,"lat":39.0220776974473,"lon":121.7456325142186,"count":8,"type":"berth","distance_to_coast":1402.9888462174083,"inside_china_land":false}},{"type":"Feature","geometry":{"type":"Polygon","coordinates":[[[119.58604377777777,39.91029333333333],[119.58607468253969,39.91029333333333],[119.58607468253969,39.91030592063492],[119.58604377777777,39.91030592063492],[119.58604377777777,39.91029333333333]]]},"properties":{"cluster_id":1913,"lat":39.91029962698413,"lon":119.58605923015872,"count":2,"type":"berth","distance_to_coast":726.6698052756743,"inside_china_land":true}},{"type":"Feature","geometry":{"type":"Polygon","coordinates":[[[120.83198117699115,27.989241168141593],[120.8321763364486,27.989241168141593],[120.8321763364486,27.989309009345796],[120.83198117699115,27.989309009345796],[120.83198117699115,27.989241168141593]]]},"properties":{"cluster_id":1914,"lat":27.989275088743696,"lon":120.83207875671988,"count":2,"type":"berth","distance_to_coast":313.08400482024757,"inside_china_land":false}},{"type":"Feature","geometry":{"type":"Polygon","coordinates":[[[121.62195799999999,31.378949285714288],[121.622329,31.378949285714288],[121.622329,31.3794966],[121.62195799999999,31.3794966],[121.62195799999999,31.378949285714288]]]},"properties":{"cluster_id":1917,"lat":31.379241961904764,"lon":121.62217233333332,"count":3,"type":"berth","distance_to_coast":3889.260874624978,"inside_china_land":false}},{"type":"Feature","geometry":{"type":"Polygon","coordinates":[[[122.12941040000001,30.133443142857143],[122.12972732191781,30.133443142857143],[122.12972732191781,30.133536666666668],[122.12941040000001,30.133536666666668],[122.12941040000001,30.133443142857143]]]},"properties":{"cluster_id":1918,"lat":30.1334729160298,"lon":122.12958186697315,"count":15,"type":"berth","distance_to_coast":697.8701140210393,"inside_china_land":false}},{"type":"Feature","geometry":{"type":"Polygon","coordinates":[[[121.94761824175825,29.6364084],[121.9489565,29.6364084],[121.9489565,29.636822828571425],[121.94761824175825,29.636822828571425],[121.94761824175825,29.6364084]]]},"properties":{"cluster_id":1920,"lat":29.636606266213093,"lon":121.94807475276724,"count":9,"type":"berth","distance_to_coast":2144.574066819583,"inside_china_land":false}},{"type":"Feature","geometry":{"type":"Polygon","coordinates":[[[129.4005091910828,36.01383740764331],[129.4005473150685,36.01383740764331],[129.4005473150685,36.01388071232877],[129.4005091910828,36.01388071232877],[129.4005091910828,36.01383740764331]]]},"properties":{"cluster_id":1921,"lat":36.013854539990696,"lon":129.40052544649487,"count":3,"type":"berth","distance_to_coast":1198.2131891565843,"inside_china_land":false}},{"type":"Feature","geometry":{"type":"Polygon","coordinates":[[[121.62459691666668,31.37834575],[121.62459824999999,31.37834575],[121.62459824999999,31.378347166666668],[121.62459691666668,31.378347166666668],[121.62459691666668,31.37834575]]]},"properties":{"cluster_id":1925,"lat":31.378346458333333,"lon":121.62459758333333,"count":2,"type":"berth","distance_to_coast":3832.506867015912,"inside_china_land":false}},{"type":"Feature","geometry":{"type":"Polygon","coordinates":[[[121.5013512,32.125967200000005],[121.50166771428572,32.125967200000005],[121.50166771428572,32.12651157142857],[121.5013512,32.12651157142857],[121.5013512,32.125967200000005]]]},"properties":{"cluster_id":1928,"lat":32.126239385714285,"lon":121.50150945714286,"count":2,"type":"berth","distance_to_coast":2129.7377021906905,"inside_china_land":false}},{"type":"Feature","geometry":{"type":"Polygon","coordinates":[[[126.52940374468086,35.97385939007092],[126.52946378260869,35.97385939007092],[126.52946378260869,35.9738827826087],[126.52940374468086,35.9738827826087],[126.52940374468086,35.97385939007092]]]},"properties":{"cluster_id":1930,"lat":35.97387165831151,"lon":126.52943684783546,"count":4,"type":"berth","distance_to_coast":362.63055500035136,"inside_china_land":false}},{"type":"Feature","geometry":{"type":"Polygon","coordinates":[[[120.28532428,37.64626928571429],[120.28591128571429,37.64626928571429],[120.28591128571429,37.6468177],[120.28532428,37.6468177],[120.28532428,37.64626928571429]]]},"properties":{"cluster_id":1931,"lat":37.64654349285715,"lon":120.28561778285714,"count":2,"type":"berth","distance_to_coast":3107.2435596450027,"inside_china_land":false}},{"type":"Feature","geometry":{"type":"Polygon","coordinates":[[[120.67389849230769,31.993646065789473],[120.67392335526316,31.993646065789473],[120.67392335526316,31.99366864615385],[120.67389849230769,31.99366864615385],[120.67389849230769,31.993646065789473]]]},"properties":{"cluster_id":1933,"lat":31.993657355971663,"lon":120.67391092378544,"count":2,"type":"berth","distance_to_coast":665.0678000166906,"inside_china_land":true}},{"type":"Feature","geometry":{"type":"Polygon","coordinates":[[[120.31125815555555,31.95173482222222],[120.3120376779661,31.95173482222222],[120.3120376779661,31.951862711864404],[120.31125815555555,31.951862711864404],[120.31125815555555,31.95173482222222]]]},"properties":{"cluster_id":1937,"lat":31.95179876704331,"lon":120.31164791676082,"count":2,"type":"berth","distance_to_coast":946.2481590225176,"inside_china_land":false}},{"type":"Feature","geometry":{"type":"Polygon","coordinates":[[[113.18665513157895,22.476754657894737],[113.18739688888888,22.476754657894737],[113.18739688888888,22.47690688888889],[113.18665513157895,22.47690688888889],[113.18665513157895,22.476754657894737]]]},"properties":{"cluster_id":1938,"lat":22.476830773391814,"lon":113.18702601023392,"count":2,"type":"berth","distance_to_coast":1233.0005210431082,"inside_china_land":false}},{"type":"Feature","geometry":{"type":"Polygon","coordinates":[[[115.99144966666667,22.829480166666666],[115.99204273913044,22.829480166666666],[115.99204273913044,22.83010414285714],[115.99144966666667,22.83010414285714],[115.99144966666667,22.829480166666666]]]},"properties":{"cluster_id":1939,"lat":22.829963355806587,"lon":115.99190892583177,"count":7,"type":"berth","distance_to_coast":364.3409258569076,"inside_china_land":false}},{"type":"Feature","geometry":{"type":"Polygon","coordinates":[[[120.3413495,31.99073675],[120.34217622222224,31.99073675],[120.34217622222224,31.991556777777777],[120.3413495,31.991556777777777],[120.3413495,31.99073675]]]},"properties":{"cluster_id":1940,"lat":31.99114676388889,"lon":120.34176286111112,"count":2,"type":"berth","distance_to_coast":1548.5553280908289,"inside_china_land":false}},{"type":"Feature","geometry":{"type":"Polygon","coordinates":[[[108.59509617500001,21.7258731],[108.59561414285714,21.7258731],[108.59561414285714,21.72687069642857],[108.59509617500001,21.72687069642857],[108.59509617500001,21.7258731]]]},"properties":{"cluster_id":1942,"lat":21.726371898214285,"lon":108.59535515892858,"count":2,"type":"berth","distance_to_coast":1657.4845625956034,"inside_china_land":false}},{"type":"Feature","geometry":{"type":"Polygon","coordinates":[[[121.45618516666667,37.547811],[121.456607,37.547811],[121.456607,37.548105666666665],[121.45618516666667,37.548105666666665],[121.45618516666667,37.547811]]]},"properties":{"cluster_id":1944,"lat":37.547958333333334,"lon":121.45639608333336,"count":2,"type":"berth","distance_to_coast":3623.808549824003,"inside_china_land":false}},{"type":"Feature","geometry":{"type":"Polygon","coordinates":[[[121.62353766666666,29.11106175],[121.62463325,29.11106175],[121.62463325,29.1125485],[121.62353766666666,29.1125485],[121.62353766666666,29.11106175]]]},"properties":{"cluster_id":1945,"lat":29.11168863888889,"lon":121.62400255555556,"count":3,"type":"berth","distance_to_coast":215.35166190282797,"inside_china_land":false}},{"type":"Feature","geometry":{"type":"Polygon","coordinates":[[[119.7293664,34.30545229508197],[119.72958613114753,34.30545229508197],[119.72958613114753,34.3055058],[119.7293664,34.3055058],[119.7293664,34.30545229508197]]]},"properties":{"cluster_id":1951,"lat":34.305479047540985,"lon":119.72947626557377,"count":2,"type":"berth","distance_to_coast":24700.68409620231,"inside_china_land":true}},{"type":"Feature","geometry":{"type":"Polygon","coordinates":[[[121.806151,31.691038666666667],[121.80617766666667,31.691038666666667],[121.80617766666667,31.691075666666666],[121.806151,31.691075666666666],[121.806151,31.691038666666667]]]},"properties":{"cluster_id":1952,"lat":31.691057166666667,"lon":121.80616433333331,"count":2,"type":"berth","distance_to_coast":402.8603922824405,"inside_china_land":false}},{"type":"Feature","geometry":{"type":"Polygon","coordinates":[[[122.41583607317072,30.690503024390242],[122.4158915,30.690503024390242],[122.4158915,30.690537409090908],[122.41583607317072,30.690537409090908],[122.41583607317072,30.690503024390242]]]},"properties":{"cluster_id":1953,"lat":30.690520216740573,"lon":122.41586378658536,"count":2,"type":"berth","distance_to_coast":2026.1199137041085,"inside_china_land":false}},{"type":"Feature","geometry":{"type":"Polygon","coordinates":[[[122.41355214285714,30.690117],[122.4136335,30.690117],[122.4136335,30.690333285714285],[122.41355214285714,30.690333285714285],[122.41355214285714,30.690117]]]},"properties":{"cluster_id":1954,"lat":30.69019958008658,"lon":122.41359194155844,"count":3,"type":"berth","distance_to_coast":2258.3561416425646,"inside_china_land":false}},{"type":"Feature","geometry":{"type":"Polygon","coordinates":[[[122.02904855555555,30.164055555555553],[122.02915288235293,30.164055555555553],[122.02915288235293,30.16418370588235],[122.02904855555555,30.16418370588235],[122.02904855555555,30.164055555555553]]]},"properties":{"cluster_id":1955,"lat":30.164128157321404,"lon":122.02910522491686,"count":3,"type":"berth","distance_to_coast":2104.588924896965,"inside_china_land":false}},{"type":"Feature","geometry":{"type":"Polygon","coordinates":[[[120.6084398,32.01554975],[120.608444875,32.01554975],[120.608444875,32.015607599999996],[120.6084398,32.015607599999996],[120.6084398,32.01554975]]]},"properties":{"cluster_id":1956,"lat":32.015578675,"lon":120.6084423375,"count":2,"type":"berth","distance_to_coast":3079.664102413352,"inside_china_land":false}},{"type":"Feature","geometry":{"type":"Polygon","coordinates":[[[121.66966433333333,28.3711175],[121.66994955555555,28.3711175],[121.66994955555555,28.37126166666667],[121.66966433333333,28.37126166666667],[121.66966433333333,28.3711175]]]},"properties":{"cluster_id":1958,"lat":28.371189583333333,"lon":121.66980694444445,"count":2,"type":"berth","distance_to_coast":3783.912439612165,"inside_china_land":false}},{"type":"Feature","geometry":{"type":"Polygon","coordinates":[[[119.73352168534483,34.31028881465517],[119.73466285714287,34.31028881465517],[119.73466285714287,34.311278571428566],[119.73352168534483,34.311278571428566],[119.73352168534483,34.31028881465517]]]},"properties":{"cluster_id":1961,"lat":34.31063673980569,"lon":119.7341533474959,"count":3,"type":"berth","distance_to_coast":23854.4294118334,"inside_china_land":true}},{"type":"Feature","geometry":{"type":"Polygon","coordinates":[[[119.73246782191781,34.30696743835617],[119.73254850000001,34.30696743835617],[119.73254850000001,34.307013250000004],[119.73246782191781,34.307013250000004],[119.73246782191781,34.30696743835617]]]},"properties":{"cluster_id":1962,"lat":34.30699034417809,"lon":119.7325081609589,"count":2,"type":"berth","distance_to_coast":24377.932727402866,"inside_china_land":true}},{"type":"Feature","geometry":{"type":"Polygon","coordinates":[[[120.45802178947368,33.811946473684216],[120.4580735,33.811946473684216],[120.4580735,33.81203],[120.45802178947368,33.81203],[120.45802178947368,33.811946473684216]]]},"properties":{"cluster_id":1967,"lat":33.81198823684211,"lon":120.45804764473684,"count":2,"type":"berth","distance_to_coast":1131.52282784954,"inside_china_land":false}},{"type":"Feature","geometry":{"type":"Polygon","coordinates":[[[108.47384411538461,21.58478274324324],[108.47400512162162,21.58478274324324],[108.47400512162162,21.585499807692308],[108.47384411538461,21.585499807692308],[108.47384411538461,21.58478274324324]]]},"properties":{"cluster_id":1971,"lat":21.585141275467777,"lon":108.4739246185031,"count":2,"type":"berth","distance_to_coast":389.3554472910547,"inside_china_land":false}},{"type":"Feature","geometry":{"type":"Polygon","coordinates":[[[118.45508023076923,39.010658],[118.45512792307692,39.010658],[118.45512792307692,39.0108401923077],[118.45508023076923,39.0108401923077],[118.45508023076923,39.010658]]]},"properties":{"cluster_id":1972,"lat":39.01072508974359,"lon":118.4551104957265,"count":3,"type":"berth","distance_to_coast":1689.4684024254273,"inside_china_land":false}},{"type":"Feature","geometry":{"type":"Polygon","coordinates":[[[112.85877508,22.970396954545453],[112.85904238636363,22.970396954545453],[112.85904238636363,22.970743266666666],[112.85877508,22.970743266666666],[112.85877508,22.970396954545453]]]},"properties":{"cluster_id":1973,"lat":22.970585007070703,"lon":112.8588751110101,"count":3,"type":"berth","distance_to_coast":40049.85072842992,"inside_china_land":true}},{"type":"Feature","geometry":{"type":"Polygon","coordinates":[[[119.11796797142857,25.421328765957444],[119.11809334042553,25.421328765957444],[119.11809334042553,25.42168385714286],[119.11796797142857,25.42168385714286],[119.11796797142857,25.421328765957444]]]},"properties":{"cluster_id":1974,"lat":25.421506311550154,"lon":119.11803065592704,"count":2,"type":"berth","distance_to_coast":609.7321927763468,"inside_china_land":false}},{"type":"Feature","geometry":{"type":"Polygon","coordinates":[[[119.75782121621621,26.37959756756757],[119.75839160465117,26.37959756756757],[119.75839160465117,26.379957790697677],[119.75782121621621,26.379957790697677],[119.75782121621621,26.37959756756757]]]},"properties":{"cluster_id":1975,"lat":26.379724095031506,"lon":119.75804174516718,"count":3,"type":"berth","distance_to_coast":1035.186937976296,"inside_china_land":false}},{"type":"Feature","geometry":{"type":"Polygon","coordinates":[[[116.74823660563379,23.327570763157894],[116.74828473076923,23.327570763157894],[116.74828473076923,23.327623384615382],[116.74823660563379,23.327623384615382],[116.74823660563379,23.327570763157894]]]},"properties":{"cluster_id":1976,"lat":23.32759005864743,"lon":116.74825729634487,"count":3,"type":"berth","distance_to_coast":141.96144471357775,"inside_china_land":false}},{"type":"Feature","geometry":{"type":"Polygon","coordinates":[[[113.09853571428572,22.76330133333333],[113.09971624999999,22.76330133333333],[113.09971624999999,22.7634955],[113.09853571428572,22.7634955],[113.09853571428572,22.76330133333333]]]},"properties":{"cluster_id":1977,"lat":22.763398416666668,"lon":113.09912598214284,"count":2,"type":"berth","distance_to_coast":21241.848027710625,"inside_china_land":true}},{"type":"Feature","geometry":{"type":"Polygon","coordinates":[[[112.86968175,22.929160080000003],[112.87029422222223,22.929160080000003],[112.87029422222223,22.929649125],[112.86968175,22.929649125],[112.86968175,22.929160080000003]]]},"properties":{"cluster_id":1978,"lat":22.929468500259254,"lon":112.86990396688888,"count":5,"type":"berth","distance_to_coast":38249.56004984217,"inside_china_land":true}},{"type":"Feature","geometry":{"type":"Polygon","coordinates":[[[113.02467838461538,22.804587],[113.02473044444444,22.804587],[113.02473044444444,22.804662692307694],[113.02467838461538,22.804662692307694],[113.02467838461538,22.804587]]]},"properties":{"cluster_id":1979,"lat":22.80462484615385,"lon":113.02470441452992,"count":2,"type":"berth","distance_to_coast":24185.333972563643,"inside_china_land":true}},{"type":"Feature","geometry":{"type":"Polygon","coordinates":[[[120.33554870588236,31.985195916666665],[120.33635433333335,31.985195916666665],[120.33635433333335,31.985832323529415],[120.33554870588236,31.985832323529415],[120.33554870588236,31.985195916666665]]]},"properties":{"cluster_id":1983,"lat":31.98551412009804,"lon":120.33595151960785,"count":2,"type":"berth","distance_to_coast":1595.8444326555014,"inside_china_land":false}},{"type":"Feature","geometry":{"type":"Polygon","coordinates":[[[117.26290666666667,30.662600333333334],[117.263097,30.662600333333334],[117.263097,30.66273325],[117.26290666666667,30.66273325],[117.26290666666667,30.662600333333334]]]},"properties":{"cluster_id":1986,"lat":30.662666791666663,"lon":117.26300183333332,"count":2,"type":"berth","distance_to_coast":326591.33866697235,"inside_china_land":true}},{"type":"Feature","geometry":{"type":"Polygon","coordinates":[[[119.80956280000001,26.685694666666667],[119.81003566666668,26.685694666666667],[119.81003566666668,26.686186399999997],[119.80956280000001,26.686186399999997],[119.80956280000001,26.685694666666667]]]},"properties":{"cluster_id":1987,"lat":26.68594053333333,"lon":119.80979923333334,"count":2,"type":"berth","distance_to_coast":1232.1892485030423,"inside_china_land":false}},{"type":"Feature","geometry":{"type":"Polygon","coordinates":[[[118.00762666666667,31.206101999999998],[118.0079628,31.206101999999998],[118.0079628,31.206195666666662],[118.00762666666667,31.206195666666662],[118.00762666666667,31.206101999999998]]]},"properties":{"cluster_id":1989,"lat":31.20614883333333,"lon":118.00779473333333,"count":2,"type":"berth","distance_to_coast":220137.0139695656,"inside_china_land":true}},{"type":"Feature","geometry":{"type":"Polygon","coordinates":[[[121.37557325,37.5675125],[121.3757572,37.5675125],[121.3757572,37.5678072],[121.37557325,37.5678072],[121.37557325,37.5675125]]]},"properties":{"cluster_id":1992,"lat":37.567650212650776,"lon":121.37566713740532,"count":5,"type":"berth","distance_to_coast":667.2442323814892,"inside_china_land":true}},{"type":"Feature","geometry":{"type":"Polygon","coordinates":[[[119.79275100000001,26.26384673333333],[119.79323033333334,26.26384673333333],[119.79323033333334,26.264808333333335],[119.79275100000001,26.264808333333335],[119.79275100000001,26.26384673333333]]]},"properties":{"cluster_id":1993,"lat":26.26431428833333,"lon":119.7929257,"count":5,"type":"berth","distance_to_coast":2454.4586380532405,"inside_china_land":false}},{"type":"Feature","geometry":{"type":"Polygon","coordinates":[[[119.420848,34.7472738],[119.42099326470588,34.7472738],[119.42099326470588,34.74739105882353],[119.420848,34.74739105882353],[119.420848,34.7472738]]]},"properties":{"cluster_id":1995,"lat":34.747339630024506,"lon":119.42093069240195,"count":3,"type":"berth","distance_to_coast":396.0656582833359,"inside_china_land":true}},{"type":"Feature","geometry":{"type":"Polygon","coordinates":[[[121.7493065,38.9780825],[121.74940631999999,38.9780825],[121.74940631999999,38.9786996],[121.7493065,38.9786996],[121.7493065,38.9780825]]]},"properties":{"cluster_id":1996,"lat":38.97839105,"lon":121.74935641,"count":2,"type":"berth","distance_to_coast":3517.2177856513736,"inside_china_land":false}},{"type":"Feature","geometry":{"type":"Polygon","coordinates":[[[119.37770444444443,34.7515645],[119.37793416666666,34.7515645],[119.37793416666666,34.751633222222225],[119.37770444444443,34.751633222222225],[119.37770444444443,34.7515645]]]},"properties":{"cluster_id":1998,"lat":34.75159886111111,"lon":119.37781930555556,"count":2,"type":"berth","distance_to_coast":778.2812028445527,"inside_china_land":true}},{"type":"Feature","geometry":{"type":"Polygon","coordinates":[[[121.74920506976743,39.011393568181816],[121.74999968181818,39.011393568181816],[121.74999968181818,39.01237560465116],[121.74920506976743,39.01237560465116],[121.74920506976743,39.011393568181816]]]},"properties":{"cluster_id":1999,"lat":39.01174533618821,"lon":121.74972788545224,"count":5,"type":"berth","distance_to_coast":1281.5353757123785,"inside_china_land":false}},{"type":"Feature","geometry":{"type":"Polygon","coordinates":[[[121.9909897752809,29.92759301],[121.99100672222222,29.92759301],[121.99100672222222,29.927618166666665],[121.9909897752809,29.927618166666665],[121.9909897752809,29.92759301]]]},"properties":{"cluster_id":2000,"lat":29.927601975778593,"lon":121.99099709581807,"count":4,"type":"berth","distance_to_coast":275.36510704483226,"inside_china_land":false}},{"type":"Feature","geometry":{"type":"Polygon","coordinates":[[[121.97823440776699,29.939836315217395],[121.97825155737705,29.939836315217395],[121.97825155737705,29.939860766990293],[121.97823440776699,29.939860766990293],[121.97823440776699,29.939836315217395]]]},"properties":{"cluster_id":2001,"lat":29.939846467293275,"lon":121.9782454666422,"count":3,"type":"berth","distance_to_coast":103.7154411257496,"inside_china_land":false}},{"type":"Feature","geometry":{"type":"Polygon","coordinates":[[[121.55576902816902,31.38327622535211],[121.555803704,31.38327622535211],[121.555803704,31.383335696],[121.55576902816902,31.383335696],[121.55576902816902,31.38327622535211]]]},"properties":{"cluster_id":2003,"lat":31.383293819096885,"lon":121.55578780646746,"count":5,"type":"berth","distance_to_coast":2438.9738110245903,"inside_china_land":false}},{"type":"Feature","geometry":{"type":"Polygon","coordinates":[[[121.9901165,40.739675857142856],[121.99020416666666,40.739675857142856],[121.99020416666666,40.739741651515146],[121.9901165,40.739741651515146],[121.9901165,40.739675857142856]]]},"properties":{"cluster_id":2007,"lat":40.73970851783499,"lon":121.99016757200388,"count":6,"type":"berth","distance_to_coast":3927.084629463572,"inside_china_land":false}},{"type":"Feature","geometry":{"type":"Polygon","coordinates":[[[122.12903969230769,29.78900476041667],[122.12905075609757,29.78900476041667],[122.12905075609757,29.789038538461536],[122.12903969230769,29.789038538461536],[122.12903969230769,29.78900476041667]]]},"properties":{"cluster_id":2009,"lat":29.789017172796804,"lon":122.12904616335732,"count":3,"type":"berth","distance_to_coast":1369.5030382336213,"inside_china_land":false}},{"type":"Feature","geometry":{"type":"Polygon","coordinates":[[[122.13193629166666,30.129082884615382],[122.13238511538461,30.129082884615382],[122.13238511538461,30.129871958333336],[122.13193629166666,30.129871958333336],[122.13193629166666,30.129082884615382]]]},"properties":{"cluster_id":2010,"lat":30.12947742147436,"lon":122.13216070352564,"count":2,"type":"berth","distance_to_coast":521.1381783692559,"inside_china_land":false}},{"type":"Feature","geometry":{"type":"Polygon","coordinates":[[[118.02850655670103,38.02231231481482],[118.02859425925926,38.02231231481482],[118.02859425925926,38.022331041237116],[118.02850655670103,38.022331041237116],[118.02850655670103,38.02231231481482]]]},"properties":{"cluster_id":2011,"lat":38.02232167802597,"lon":118.02855040798016,"count":2,"type":"berth","distance_to_coast":17559.568404680693,"inside_china_land":true}},{"type":"Feature","geometry":{"type":"Polygon","coordinates":[[[113.02981992307693,22.80663626923077],[113.03047698958333,22.80663626923077],[113.03047698958333,22.806730187499998],[113.02981992307693,22.806730187499998],[113.02981992307693,22.80663626923077]]]},"properties":{"cluster_id":2012,"lat":22.806683228365383,"lon":113.03014845633012,"count":2,"type":"berth","distance_to_coast":23536.273450998695,"inside_china_land":true}},{"type":"Feature","geometry":{"type":"Polygon","coordinates":[[[117.2788724375,30.652799833333333],[117.27978876923076,30.652799833333333],[117.27978876923076,30.65337886238532],[117.2788724375,30.65337886238532],[117.2788724375,30.652799833333333]]]},"properties":{"cluster_id":2013,"lat":30.653141464258717,"lon":117.2795058266402,"count":22,"type":"berth","distance_to_coast":324560.45391703496,"inside_china_land":true}}]}