{"type":"FeatureCollection","features":[{"type":"Feature","geometry":{"type":"LineString","coordinates":[[111.01050866000003,19.68378327000005],[110.99659264400003,19.68659088700008],[110.99439537900003,19.694281317000048],[111.00001061300003,19.72166575700004],[110.99683678500003,19.749172268000052],[110.98316491000003,19.807766018000052],[110.97706139400003,19.86587148600006],[110.93458092500003,19.995062567000048],[110.92066491000003,20.01203034100007],[110.90430748800003,19.999172268000052],[110.89633222700007,20.00458405200004],[110.89380944100003,20.004380601000037],[110.89307701900003,20.001654364000046],[110.89014733200003,19.999172268000052],[110.86988366000003,19.997015692000048],[110.78834069100003,20.01040273600006],[110.77466881600003,20.02020905200004],[110.75277754000007,20.04751211100006],[110.72445722700007,20.06386953300006],[110.71094811300003,20.07518138200004],[110.68506920700003,20.15330638200004],[110.67790774800005,20.16356028900009],[110.67074629000007,20.15497467700004],[110.65202884200005,20.117010809000078],[110.64014733200003,20.108343817000048],[110.60417728000004,20.11082591400009],[110.59310957100007,20.10732656500005],[110.56934655000003,20.079779364000046],[110.56617272200003,20.069525458000044],[110.57203209700003,20.057521877000056],[110.57227623800003,20.050726630000042],[110.57016035200007,20.040269273000035],[110.57081139400003,20.03066640800006],[110.57886803500003,20.02643463700008],[110.60092207100007,20.02106354400007],[110.60645592500003,20.007635809000078],[110.60914147200003,19.989894924000055],[110.62322024800005,19.971828518000052],[110.61784915500004,19.96393463700008],[110.61841881600003,19.95722077000005],[110.62134850400003,19.950018622000073],[110.62322024800005,19.940741278000075],[110.61988366000003,19.93235911700009],[110.61296634200005,19.925726630000042],[110.60580488400007,19.923163153000075],[110.60271243600005,19.92715078300006],[110.59864342500003,19.94399648600006],[110.58033287900003,19.979722398000035],[110.57545006600003,19.999172268000052],[110.56413821700005,19.984523830000057],[110.55054772200003,19.98847077000005],[110.53565514400003,19.99957916900007],[110.52076256600003,20.00657786700009],[110.52076256600003,20.01276276200008],[110.52759850400003,20.01276276200008],[110.52759850400003,20.02020905200004],[110.49594160200007,20.023504950000074],[110.47022545700003,20.031805731000077],[110.43116295700003,20.050604559000078],[110.42457116000003,20.04751211100006],[110.38298587300005,20.08104075700004],[110.37647545700003,20.071966864000046],[110.37501061300003,20.063625393000052],[110.37671959700003,20.043850002000056],[110.37818444100003,20.039862372000073],[110.38331139400003,20.014146226000037],[110.38298587300005,20.01276276200008],[110.38648522200003,20.001898505000042],[110.39063561300003,19.993068752000056],[110.39714603000004,19.98704661700009],[110.40707441500007,19.984849351000037],[110.40943444100003,19.98004791900007],[110.41456139400003,19.95799388200004],[110.41773522200003,19.95136139500005],[110.41773522200003,19.943915106000077],[110.41089928500003,19.943915106000077],[110.41089928500003,19.93768952000005],[110.41334069100003,19.93431224200009],[110.41439863400007,19.932074286000045],[110.41773522200003,19.92340729400007],[110.41089928500003,19.92340729400007],[110.40650475400003,19.935939846000053],[110.40251712300005,19.96434153900009],[110.39722741000003,19.978664455000057],[110.37517337300005,19.99677155200004],[110.36817467500003,20.00779857000009],[110.37671959700003,20.02020905200004],[110.37671959700003,20.02643463700008],[110.36898847700007,20.03864166900007],[110.35889733200003,20.04979075700004],[110.34473717500003,20.05805084800005],[110.32496178500003,20.06122467700004],[110.31690514400003,20.05735911700009],[110.29517662900003,20.03937409100007],[110.28052819100003,20.033270575000074],[110.26099694100003,20.033148505000042],[110.24512780000003,20.038316148000035],[110.23259524800005,20.04450104400007],[110.22217858200003,20.04751211100006],[110.20866946700005,20.04950592700004],[110.17115319100003,20.06077708500004],[110.15699303500003,20.06736888200004],[110.14966881600003,20.055812893000052],[110.13746178500003,20.024359442000048],[110.12973066500007,20.01276276200008],[110.11491946700005,20.00193919500009],[110.06820722700007,19.984849351000037],[110.10499108200003,19.982977606000077],[110.11548912900003,19.984849351000037],[110.12330162900003,19.98969147300005],[110.13884524800005,20.00263092700004],[110.14958743600005,20.00657786700009],[110.13689212300005,19.99673086100006],[110.12273196700005,19.974310614000046],[110.10987389400003,19.964992580000057],[110.10254967500003,19.973944403000075],[110.08961022200003,19.97809479400007],[110.07634524800005,19.97915273600006],[110.06820722700007,19.978664455000057],[110.05030358200003,19.97406647300005],[110.01368248800003,19.957505601000037],[110.01465905000003,19.94086334800005],[110.00123131600003,19.932847398000035],[109.99219811300003,19.92536041900007],[110.00619550900007,19.916571356000077],[110.00619550900007,19.91034577000005],[109.99008222700007,19.905951239000046],[109.97380618600005,19.90892161700009],[109.95997155000003,19.917792059000078],[109.95150800900007,19.930853583000044],[109.97559655000003,19.93227773600006],[109.97242272200003,19.948187567000048],[109.95720462300005,19.967271226000037],[109.94467207100007,19.978664455000057],[109.94223066500007,19.982896226000037],[109.94336998800003,19.987453518000052],[109.94263756600003,19.99091217700004],[109.93458092500003,19.992336330000057],[109.93132571700005,19.99013906500005],[109.92945397200003,19.986151434000078],[109.92660566500007,19.984320380000042],[109.92090905000003,19.98859284100007],[109.91480553500003,19.99022044500009],[109.89527428500003,19.985174872000073],[109.88331139400003,19.984849351000037],[109.88038170700003,19.967596747000073],[109.87037194100003,19.95335521000004],[109.85466556100005,19.941351630000042],[109.83545983200003,19.930853583000044],[109.83838951900003,19.94326406500005],[109.83855228000004,19.95844147300005],[109.83513431100005,19.97333405200004],[109.82797285200007,19.984849351000037],[109.81592858200003,19.99119700700004],[109.81169681100005,19.98183828300006],[109.81055748800003,19.96552155200004],[109.80762780000003,19.95136139500005],[109.76368248800003,19.974351304000038],[109.73755944100003,19.97809479400007],[109.72559655000003,19.957505601000037],[109.71810957100007,19.957505601000037],[109.72217858200003,19.966131903000075],[109.72559655000003,19.971828518000052],[109.72559655000003,19.978664455000057],[109.71989993600005,19.985296942000048],[109.72836347700007,19.997870184000078],[109.72559655000003,20.00657786700009],[109.71900475400003,20.010646877000056],[109.71290123800003,20.01007721600007],[109.70460045700003,20.00657786700009],[109.68669681100005,20.007879950000074],[109.66814212300005,20.00690338700008],[109.65211022200003,20.00218333500004],[109.64258873800003,19.992336330000057],[109.63624108200003,19.992336330000057],[109.62631269600007,19.99795156500005],[109.61166425900007,19.997870184000078],[109.59571373800003,19.99315013200004],[109.58139082100007,19.984808661000045],[109.52702884200005,19.95136139500005],[109.52588951900003,19.940375067000048],[109.53093509200005,19.930121161000045],[109.53736412900003,19.92446523600006],[109.54078209700003,19.92715078300006],[109.54460696700005,19.933335679000038],[109.55225670700003,19.927476304000038],[109.55746504000007,19.917303778000075],[109.55445397200003,19.91034577000005],[109.52540123800003,19.911851304000038],[109.51563561300003,19.905218817000048],[109.52019290500004,19.882473049000055],[109.52930748800003,19.875474351000037],[109.58171634200005,19.86196523600006],[109.58171634200005,19.85569896000004],[109.56177819100003,19.85740794500009],[109.54509524800005,19.85374583500004],[109.53296959700003,19.85260651200008],[109.52702884200005,19.86196523600006],[109.51140384200005,19.85504791900007],[109.49398847700007,19.850165106000077],[109.47950280000003,19.844183661000045],[109.47242272200003,19.834051825000074],[109.46501712300005,19.834051825000074],[109.46265709700003,19.849310614000046],[109.45533287900003,19.864935614000046],[109.44361412900003,19.872992255000042],[109.42750084700003,19.865383205000057],[109.41260826900003,19.861395575000074],[109.39576256600003,19.869533596000053],[109.36882571700005,19.88930898600006],[109.33790123800003,19.889878648000035],[109.32129967500003,19.89203522300005],[109.31421959700003,19.89984772300005],[109.31137129000007,19.91950104400007],[109.30372155000003,19.921698309000078],[109.28003991000003,19.902899481000077],[109.27051842500003,19.900091864000046],[109.26156660200007,19.900824286000045],[109.25513756600003,19.89834219000005],[109.25269616000003,19.885891018000052],[109.25171959700003,19.874701239000046],[109.24870853000004,19.868841864000046],[109.23560631600003,19.85883209800005],[109.22950280000003,19.85537344000005],[109.22486412900003,19.855536200000074],[109.21949303500003,19.854681708000044],[109.21119225400003,19.84829336100006],[109.20736738400007,19.843573309000078],[109.20093834700003,19.832586981000077],[109.19752037900003,19.827826239000046],[109.18677819100003,19.820013739000046],[109.17554772200003,19.81403229400007],[109.16684004000007,19.805487372000073],[109.16334069100003,19.790269273000035],[109.16724694100003,19.742743231000077],[109.16334069100003,19.72479889500005],[109.17017662900003,19.72479889500005],[109.17481530000003,19.73037344000005],[109.18132571700005,19.735988674000055],[109.19752037900003,19.745835679000038],[109.21013431100005,19.749741929000038],[109.23560631600003,19.76235586100006],[109.26099694100003,19.77871328300006],[109.27320397200003,19.79364655200004],[109.28150475400003,19.790187893000052],[109.28923587300005,19.787909247000073],[109.29737389400003,19.786851304000038],[109.30738366000003,19.786851304000038],[109.30046634200005,19.77684153900009],[109.29574629000007,19.774644273000035],[109.28679446700005,19.773179429000038],[109.28679446700005,19.765692450000074],[109.29420006600003,19.765692450000074],[109.29420006600003,19.759507554000038],[109.27466881600003,19.75722890800006],[109.28158613400007,19.74433014500005],[109.29818769600007,19.72679271000004],[109.30738366000003,19.71112702000005],[109.30046634200005,19.71112702000005],[109.28321373800003,19.72479889500005],[109.27271569100003,19.729396877000056],[109.25896243600005,19.731634833000044],[109.24398847700007,19.72992584800005],[109.21851647200003,19.72296784100007],[109.21119225400003,19.72479889500005],[109.20492597700007,19.718573309000078],[109.20582116000003,19.698431708000044],[109.19206790500004,19.67845286700009],[109.15650475400003,19.649644273000035],[109.13355553500003,19.643377997000073],[109.13257897200003,19.642238674000055],[109.12891686300003,19.64020416900007],[109.11841881600003,19.63117096600007],[109.10336347700007,19.626288153000075],[109.07886803500003,19.61273834800005],[109.06706790500004,19.608710028000075],[109.01587975400003,19.601263739000046],[109.00847415500004,19.59707265800006],[109.00220787900003,19.587225653000075],[108.99268639400003,19.56777578300006],[108.95655358200003,19.53461334800005],[108.94076582100007,19.514105536000045],[108.94483483200003,19.498846747000073],[108.94483483200003,19.492010809000078],[108.93734785200007,19.492010809000078],[108.92448978000004,19.506252346000053],[108.90333092500003,19.493353583000044],[108.86980228000004,19.457912502000056],[108.82748457100007,19.444240627000056],[108.81788170700003,19.439195054000038],[108.79818769600007,19.425848700000074],[108.79029381600003,19.423163153000075],[108.77068118600005,19.394354559000078],[108.76295006600003,19.38898346600007],[108.75220787900003,19.38694896000004],[108.72917728000004,19.37799713700008],[108.71452884200005,19.375921942000048],[108.69434655000003,19.38031647300005],[108.68653405000003,19.377875067000048],[108.68344160200007,19.36542389500005],[108.67953535200007,19.35809967700004],[108.67253665500004,19.351263739000046],[108.66928144600007,19.34373607000009],[108.67725670700003,19.334377346000053],[108.67725670700003,19.32758209800005],[108.66684004000007,19.32518138200004],[108.66309655000003,19.32050202000005],[108.66456139400003,19.314276434000078],[108.66260826900003,19.309719143000052],[108.64966881600003,19.31122467700004],[108.64478600400003,19.310370184000078],[108.64730879000007,19.303534247000073],[108.64942467500003,19.299627997000073],[108.64112389400003,19.29490794500009],[108.63168379000007,19.286281643000052],[108.62696373800003,19.27496979400007],[108.63795006600003,19.248968817000048],[108.63070722700007,19.237982489000046],[108.62175540500004,19.22809479400007],[108.62208092500003,19.217718817000048],[108.63428795700003,19.212551174000055],[108.65007571700005,19.21279531500005],[108.66391035200007,19.20962148600006],[108.66993248800003,19.19407786700009],[108.67188561300003,19.173000393000052],[108.67603600400003,19.162176825000074],[108.68344160200007,19.15623607000009],[108.68344160200007,19.150051174000055],[108.67896569100003,19.152044989000046],[108.66309655000003,19.15623607000009],[108.65691165500004,19.139797268000052],[108.64429772200003,19.124172268000052],[108.62907962300005,19.11090729400007],[108.61524498800003,19.101629950000074],[108.64258873800003,19.018459377000056],[108.64258873800003,18.982814846000053],[108.64600670700003,18.977484442000048],[108.65040123800003,18.973578192000048],[108.65357506600003,18.96434153900009],[108.65626061300003,18.94399648600006],[108.65381920700003,18.921047268000052],[108.64722741000003,18.903225002000056],[108.62891686300003,18.86823151200008],[108.62387129000007,18.84918854400007],[108.62745201900003,18.835882880000042],[108.63697350400003,18.825100002000056],[108.64942467500003,18.813625393000052],[108.66814212300005,18.78864166900007],[108.68336022200003,18.75617096600007],[108.69361412900003,18.719875393000052],[108.69711347700007,18.683294989000046],[108.69092858200003,18.604722398000092],[108.68718509200005,18.587836005000042],[108.67945397200003,18.57225169500009],[108.67408287900003,18.554836330000057],[108.67725670700003,18.532416083000044],[108.68490644600007,18.51520416900007],[108.69499759200005,18.504828192000048],[108.71070397200003,18.499660549000055],[108.75513756600003,18.496975002000056],[108.77556399800005,18.493068752000056],[108.79558353000004,18.48655833500004],[108.83106530000003,18.468695380000042],[108.86866295700003,18.443833726000037],[108.87598717500003,18.43317291900007],[108.88591556100005,18.426662502000056],[108.93734785200007,18.40892161700009],[108.95281009200005,18.402289130000042],[108.96094811300003,18.393866278000075],[108.96778405000003,18.384466864000046],[108.97901451900003,18.374823309000078],[108.99089603000004,18.36871979400007],[109.00074303500003,18.36717357000009],[109.09164472700007,18.36859772300005],[109.10157311300003,18.366034247000073],[109.11117597700007,18.361273505000042],[109.12208092500003,18.358221747000073],[109.13599694100003,18.361151434000078],[109.12916100400003,18.347479559000078],[109.13949629000007,18.340725002000056],[109.14234459700003,18.328680731000077],[109.14389082100007,18.314154364000046],[109.14966881600003,18.299709377000056],[109.16260826900003,18.28782786700009],[109.17310631600003,18.28815338700008],[109.19060306100005,18.299709377000056],[109.21810957100007,18.30565013200004],[109.33350670700003,18.30426666900007],[109.43995201900003,18.28896719000005],[109.46273847700007,18.279689846000053],[109.48072350400003,18.264797268000052],[109.49293053500003,18.245062567000048],[109.50017337300005,18.259507554000038],[109.50652103000004,18.252752997000073],[109.51026451900003,18.23859284100007],[109.50961347700007,18.23078034100007],[109.49268639400003,18.22809479400007],[109.48471113400007,18.221502997000073],[109.47803795700003,18.21279531500005],[109.46501712300005,18.20408763200004],[109.47868899800005,18.192694403000075],[109.51075280000003,18.21360911700009],[109.53394616000003,18.21035390800006],[109.52955162900003,18.227687893000052],[109.53882897200003,18.236761786000045],[109.55225670700003,18.24477773600006],[109.56120853000004,18.258734442000048],[109.56657962300005,18.248846747000073],[109.56625410200007,18.242987372000073],[109.56332441500007,18.238023179000038],[109.56120853000004,18.23078034100007],[109.55909264400003,18.230536200000074],[109.55445397200003,18.22882721600007],[109.54965254000007,18.225531317000048],[109.54761803500003,18.220851955000057],[109.54859459700003,18.217678127000056],[109.55323326900003,18.217678127000056],[109.55445397200003,18.214056708000044],[109.55648847700007,18.20921458500004],[109.56120853000004,18.20579661700009],[109.56576582100007,18.20136139500005],[109.56804446700005,18.193182684000078],[109.56251061300003,18.176988023000092],[109.56120853000004,18.16933828300006],[109.56804446700005,18.16933828300006],[109.57601972700007,18.177476304000038],[109.58765709700003,18.181586005000042],[109.60132897200003,18.18121979400007],[109.61573326900003,18.176174221000053],[109.61304772200003,18.18305084800005],[109.60352623800003,18.19879791900007],[109.60206139400003,18.20408763200004],[109.60613040500004,18.20888906500005],[109.61915123800003,18.217271226000037],[109.62191816500007,18.220851955000057],[109.62907962300005,18.227362372000073],[109.66374759200005,18.237616278000075],[109.67725670700003,18.245062567000048],[109.68433678500003,18.221136786000045],[109.69068444100003,18.20917389500005],[109.70118248800003,18.20408763200004],[109.70875084700003,18.20722077000005],[109.71900475400003,18.21482982000009],[109.72803795700003,18.224676825000074],[109.73178144600007,18.234198309000078],[109.73853600400003,18.24323151200008],[109.74146569100003,18.250799872000073],[109.73926842500003,18.258734442000048],[109.73454837300005,18.25999583500004],[109.71778405000003,18.25844961100006],[109.71192467500003,18.258734442000048],[109.69402103000004,18.26715729400007],[109.68620853000004,18.267645575000074],[109.67042076900003,18.265570380000042],[109.67042076900003,18.27301666900007],[109.69678795700003,18.289862372000073],[109.70460045700003,18.292222398000092],[109.71159915500004,18.287990627000056],[109.71338951900003,18.279852606000077],[109.71778405000003,18.273098049000055],[109.73178144600007,18.27301666900007],[109.72657311300003,18.30377838700008],[109.75001061300003,18.373602606000077],[109.74610436300003,18.39590078300006],[109.75904381600003,18.40037669500009],[109.77621504000007,18.404038804000038],[109.79566491000003,18.405178127000056],[109.81446373800003,18.402085679000038],[109.81959069100003,18.397772528000075],[109.82154381600003,18.39166901200008],[109.82520592500003,18.385891018000052],[109.83545983200003,18.38226959800005],[109.88209069100003,18.407538153000075],[109.89828535200007,18.41425202000005],[109.91537519600007,18.416815497000073],[109.94874108200003,18.415228583000044],[109.95411217500003,18.41425202000005],[109.95801842500003,18.41437409100007],[109.96517988400007,18.41632721600007],[109.97364342500003,18.423081773000092],[109.97738691500007,18.431463934000078],[109.98194420700003,18.435492255000042],[109.99252363400007,18.429388739000046],[109.99284915500004,18.432766018000052],[109.99236087300005,18.43964264500005],[109.99252363400007,18.443060614000046],[110.00318444100003,18.43357982000009],[110.00619550900007,18.429388739000046],[110.00928795700003,18.434800523000092],[110.01734459700003,18.444973049000055],[110.02051842500003,18.450506903000075],[110.02393639400003,18.441229559000078],[110.02344811300003,18.429388739000046],[110.01986738400007,18.417669989000046],[110.01368248800003,18.40892161700009],[110.00033613400007,18.40302155200004],[109.98707116000003,18.403998114000046],[109.97592207100007,18.406642971000053],[109.96859785200007,18.405503648000092],[109.96859785200007,18.389837958000044],[109.99512780000003,18.38231028900009],[110.02621504000007,18.380601304000038],[110.04029381600003,18.38226959800005],[110.05258222700007,18.39020416900007],[110.05111738400007,18.399644273000092],[110.04444420700003,18.411363023000092],[110.04029381600003,18.42597077000005],[110.04460696700005,18.44013092700004],[110.05323326900003,18.440619208000044],[110.06072024800005,18.42959219000005],[110.06137129000007,18.40892161700009],[110.06820722700007,18.40892161700009],[110.06983483200003,18.426988023000092],[110.08130944100003,18.464544989000046],[110.08253014400003,18.477769273000092],[110.07406660200007,18.489081122000073],[110.04615319100003,18.495917059000078],[110.03419030000003,18.50576406500005],[110.03419030000003,18.51194896000004],[110.07064863400007,18.502020575000074],[110.08814537900003,18.504339911000045],[110.10328209700003,18.53937409100007],[110.12110436300003,18.555812893000052],[110.15699303500003,18.58079661700009],[110.22722415500004,18.64215729400007],[110.27084394600007,18.66815827000005],[110.30103600400003,18.66278717700004],[110.30787194100003,18.66278717700004],[110.32732181100005,18.679348049000055],[110.38013756600003,18.69049713700008],[110.39722741000003,18.70376211100006],[110.40349368600005,18.70376211100006],[110.41089928500003,18.69749583500004],[110.41089928500003,18.69013092700004],[110.36866295700003,18.685939846000053],[110.34538821700005,18.680853583000044],[110.33521569100003,18.67332591400009],[110.34449303500003,18.664618231000077],[110.38868248800003,18.675034898000092],[110.40349368600005,18.66278717700004],[110.41602623800003,18.67055898600006],[110.42676842500003,18.680894273000035],[110.43100019600007,18.69245026200008],[110.42457116000003,18.70376211100006],[110.45036868600005,18.75653717700004],[110.46900475400003,18.777167059000078],[110.48658287900003,18.772040106000077],[110.49284915500004,18.772040106000077],[110.49854576900003,18.781642971000053],[110.50717207100007,18.78351471600007],[110.51905358200003,18.78310781500005],[110.53443444100003,18.785630601000037],[110.51002037900003,18.86859772300005],[110.50342858200003,18.88190338700008],[110.49366295700003,18.87604401200008],[110.49341881600003,18.862616278000075],[110.49968509200005,18.837551174000055],[110.50245201900003,18.81122467700004],[110.50082441500007,18.80292389500005],[110.49284915500004,18.793117580000057],[110.48080488400007,18.80097077000005],[110.46501712300005,18.804510809000078],[110.45093834700003,18.80499909100007],[110.44507897200003,18.803656317000048],[110.44190514400003,18.808254299000055],[110.43580162900003,18.814154364000046],[110.43148847700007,18.821478583000044],[110.43458092500003,18.83038971600007],[110.44109134200005,18.836493231000077],[110.45435631600003,18.84446849200009],[110.45875084700003,18.84833405200004],[110.46127363400007,18.856024481000077],[110.46314537900003,18.875148830000057],[110.46558678500003,18.88190338700008],[110.47046959700003,18.88426341400009],[110.47771243600005,18.885239976000037],[110.48389733200003,18.887193101000037],[110.48658287900003,18.89248281500005],[110.49089603000004,18.895656643000052],[110.50001061300003,18.895738023000035],[110.50912519600007,18.897772528000075],[110.51335696700005,18.906398830000057],[110.51238040500004,18.91351959800005],[110.50806725400003,18.92218659100007],[110.50709069100003,18.93032461100006],[110.50993899800005,18.96434153900009],[110.51807701900003,18.993475653000075],[110.53077233200003,19.018377997000073],[110.54753665500004,19.040187893000052],[110.56324303500003,19.05565013200004],[110.56723066500007,19.065578518000052],[110.56999759200005,19.100897528000075],[110.58228600400003,19.150051174000055],[110.57545006600003,19.150051174000055],[110.56234785200007,19.102362372000073],[110.55494225400003,19.08734772300005],[110.55681399800005,19.120021877000056],[110.55494225400003,19.12832265800006],[110.54623457100007,19.139878648000035],[110.54151451900003,19.138617255000042],[110.53565514400003,19.13222890800006],[110.52418053500003,19.12832265800006],[110.50733483200003,19.13222890800006],[110.49756920700003,19.141546942000048],[110.48975670700003,19.15298086100006],[110.47917728000004,19.16307200700004],[110.47917728000004,19.169256903000075],[110.49048912900003,19.166571356000077],[110.49691816500007,19.159898179000038],[110.50220787900003,19.153143622000073],[110.51010175900007,19.150051174000055],[110.54444420700003,19.150051174000055],[110.54908287900003,19.15176015800006],[110.56861412900003,19.16307200700004],[110.57585696700005,19.157049872000073],[110.58033287900003,19.155178127000056],[110.58904056100005,19.176703192000048],[110.60629316500007,19.19985586100006],[110.62159264400003,19.23065827000005],[110.63266035200007,19.264471747000073],[110.63672936300003,19.296535549000055],[110.64136803500003,19.312445380000042],[110.66602623800003,19.31976959800005],[110.67790774800005,19.334377346000053],[110.67603600400003,19.34674713700008],[110.67066491000003,19.365057684000078],[110.66968834700003,19.381740627000056],[110.68148847700007,19.38898346600007],[110.68580162900003,19.393052476000037],[110.69499759200005,19.411810614000046],[110.69825280000003,19.416937567000048],[110.70622806100005,19.41828034100007],[110.72437584700003,19.415961005000042],[110.73243248800003,19.416937567000048],[110.74512780000003,19.422674872000073],[110.75757897200003,19.430894273000035],[110.76449629000007,19.44082265800006],[110.76026451900003,19.451646226000037],[110.76026451900003,19.457912502000056],[110.77230879000007,19.46165599200009],[110.78549238400007,19.471909898000035],[110.79623457100007,19.48460521000004],[110.80062910200007,19.495428778000075],[110.80250084700003,19.517401434000078],[110.80738366000003,19.530585028000075],[110.82178795700003,19.55410390800006],[110.81299889400003,19.563381252000056],[110.80355879000007,19.589178778000075],[110.79444420700003,19.601263739000046],[110.80632571700005,19.61273834800005],[110.82642662900003,19.62177155200004],[110.84766686300003,19.62246328300006],[110.86264082100007,19.608710028000075],[110.84115644600007,19.607977606000077],[110.82569420700003,19.603257554000038],[110.81853274800005,19.591050523000035],[110.82178795700003,19.56777578300006],[110.82984459700003,19.552069403000075],[110.84278405000003,19.539943752000056],[110.85865319100003,19.534816799000055],[110.87647545700003,19.53978099200009],[110.88770592500003,19.550604559000078],[110.91358483200003,19.583685614000046],[110.96583092500003,19.635972398000035],[110.97730553500003,19.640773830000057],[110.99333743600005,19.643011786000045],[111.00912519600007,19.641750393000052],[111.02035566500007,19.635972398000035],[111.03467858200003,19.642238674000055],[111.01636803500003,19.67804596600007],[111.01050866000003,19.68378327000005]]},"properties":{}},{"type":"Feature","geometry":{"type":"LineString","coordinates":[[111.96265709700003,21.65761953300006],[111.95582116000003,21.656398830000057],[111.95093834700003,21.65110911700009],[111.94516035200007,21.650132554000038],[111.93848717500003,21.65257396000004],[111.93433678500003,21.657456773000035],[111.93140709700003,21.66229889500005],[111.92823326900003,21.664455471000053],[111.91586347700007,21.66274648600006],[111.89600670700003,21.653957424000055],[111.88379967500003,21.650132554000038],[111.84717858200003,21.647406317000048],[111.83529707100007,21.64394765800006],[111.84506269600007,21.623968817000048],[111.84205162900003,21.60683828300006],[111.82243899800005,21.575100002000056],[111.81690514400003,21.57135651200008],[111.81006920700003,21.56834544500009],[111.80933678500003,21.56549713700008],[111.82243899800005,21.56199778900009],[111.86329186300003,21.56826406500005],[111.87110436300003,21.57322825700004],[111.88819420700003,21.58893463700008],[111.89747155000003,21.595526434000078],[111.90967858200003,21.600531317000048],[111.91976972700007,21.60187409100007],[111.92904707100007,21.60187409100007],[111.98145592500003,21.61204661700009],[111.99984785200007,21.621161200000074],[112.00733483200008,21.636542059000078],[112.00733483200008,21.64394765800006],[111.99984785200007,21.653998114000046],[111.98951256600003,21.65778229400007],[111.96265709700003,21.65761953300006]]},"properties":{}},{"type":"Feature","geometry":{"type":"LineString","coordinates":[[112.64535566500001,21.712836005000042],[112.62012780000009,21.70449453300006],[112.57781009200005,21.68301015800006],[112.55591881600003,21.678127346000053],[112.56788170700008,21.660630601000037],[112.55982506600003,21.648382880000042],[112.52426191500001,21.626898505000042],[112.51823978000004,21.61676666900007],[112.51929772200003,21.606675523000035],[112.52540123800009,21.598863023000035],[112.53492272200003,21.595526434000078],[112.53923587300005,21.598944403000075],[112.54908287900003,21.616400458000044],[112.55591881600003,21.623439846000053],[112.56714928500003,21.617621161000045],[112.57992597700002,21.61554596600007],[112.60718834700003,21.616034247000073],[112.61646569100003,21.619208075000074],[112.62378991000003,21.633286851000037],[112.65040123800009,21.640448309000078],[112.64991295700008,21.649318752000056],[112.63795006600003,21.664455471000053],[112.64332116000003,21.678168036000045],[112.65137780000009,21.688299872000073],[112.65455162900003,21.698472398000035],[112.64535566500001,21.712836005000042]]},"properties":{}},{"type":"Feature","geometry":{"type":"LineString","coordinates":[[112.84400475400003,21.774318752000056],[112.85027103000004,21.774318752000056],[112.82113691500001,21.77480703300006],[112.80762780000009,21.772772528000075],[112.79566491000003,21.766831773000035],[112.77751712300005,21.772650458000044],[112.76490319100003,21.731756903000075],[112.74781334700003,21.733343817000048],[112.72437584700003,21.71580638200004],[112.71168053500003,21.70254140800006],[112.70622806100005,21.688381252000056],[112.71558678500003,21.680243231000077],[112.73666425900001,21.68109772300005],[112.75961347700002,21.686346747000073],[112.77442467500009,21.69171784100007],[112.76758873800009,21.66347890800006],[112.73438561300009,21.628729559000078],[112.73715254000001,21.612616278000075],[112.74390709700003,21.60879140800006],[112.74968509200005,21.60879140800006],[112.75367272200003,21.607367255000042],[112.75611412900003,21.59373607000009],[112.75831139400009,21.58808014500005],[112.76148522200003,21.583685614000046],[112.76490319100003,21.581854559000078],[112.79021243600005,21.57758209800005],[112.79965254000001,21.57908763200004],[112.81055748800009,21.58930084800005],[112.79346764400009,21.608221747000073],[112.79444420700008,21.623114325000074],[112.80323326900009,21.63816966400009],[112.81055748800009,21.65761953300006],[112.80713951900009,21.67129140800006],[112.80046634200005,21.68976471600007],[112.79753665500004,21.705877997000073],[112.81251061300009,21.71710846600007],[112.82056725400003,21.726507880000042],[112.83179772200003,21.73590729400007],[112.86255944100003,21.74559153900009],[112.86817467500009,21.757554429000038],[112.86255944100003,21.76943594000005],[112.84400475400003,21.774318752000056]]},"properties":{}},{"type":"Feature","geometry":{"type":"LineString","coordinates":[[113.39144941500001,22.02753327000005],[113.41032962300005,22.06354401200008],[113.41260826900009,22.075995184000078],[113.39893639400009,22.068508205000057],[113.39356530000009,22.071600653000075],[113.38990319100003,22.074693101000037],[113.38721764400009,22.078192450000074],[113.38526451900009,22.082180080000057],[113.38404381600003,22.08539459800005],[113.38404381600003,22.08812083500004],[113.38266035200002,22.089585679000038],[113.37777754000001,22.089016018000052],[113.37273196700005,22.080145575000074],[113.36329186300009,22.075995184000078],[113.35279381600003,22.073146877000056],[113.34359785200002,22.068508205000057],[113.30941816500001,22.02411530200004],[113.32349694100003,22.01194896000004],[113.40577233200008,22.007025458000044],[113.40267988400001,22.01434967700004],[113.40162194100003,22.018459377000056],[113.39893639400009,22.021918036000045],[113.39144941500001,22.02753327000005]]},"properties":{}},{"type":"Feature","geometry":{"type":"LineString","coordinates":[[113.36475670700008,22.157904364000046],[113.34717858200008,22.15643952000005],[113.33545983200008,22.148871161000045],[113.32797285200002,22.145819403000075],[113.32309004000001,22.157904364000046],[113.31495201900009,22.153998114000046],[113.30844160200002,22.14862702000005],[113.30420983200008,22.141831773000035],[113.30274498800009,22.133978583000044],[113.29867597700002,22.128566799000055],[113.28972415500004,22.125474351000037],[113.27914472700002,22.123195705000057],[113.27173912900003,22.120021877000056],[113.26417076900009,22.10492584800005],[113.26880944100003,22.088324286000045],[113.27914472700002,22.074693101000037],[113.28907311300009,22.068508205000057],[113.31364993600005,22.07640208500004],[113.33619225400003,22.100490627000056],[113.35401451900009,22.13084544500009],[113.36475670700008,22.157904364000046]]},"properties":{}},{"type":"Feature","geometry":{"type":"LineString","coordinates":[[113.59351647200003,22.784816799000055],[113.58765709700003,22.794623114000046],[113.57642662900003,22.823919989000046],[113.57300866000003,22.83006419500009],[113.54672285200002,22.834865627000056],[113.52702884200005,22.846625067000048],[113.48780358200008,22.89280833500004],[113.47559655000009,22.90070221600007],[113.43295332100001,22.91201406500005],[113.40512129000001,22.90810781500005],[113.39616946700005,22.898098049000055],[113.40211022200003,22.882879950000074],[113.43409264400009,22.84906647300005],[113.45590254000001,22.83075592700004],[113.47315514400009,22.825384833000044],[113.47396894600001,22.849310614000046],[113.48080488400001,22.849310614000046],[113.49529056100005,22.81386953300006],[113.50611412900003,22.798041083000044],[113.52116946700005,22.787909247000073],[113.52857506600003,22.80215078300006],[113.53565514400009,22.784328518000052],[113.54460696700005,22.768784898000035],[113.55827884200005,22.757879950000074],[113.57984459700003,22.753729559000078],[113.59457441500001,22.75608958500004],[113.60279381600003,22.762640692000048],[113.60287519600001,22.77244700700004],[113.59351647200003,22.784816799000055]]},"properties":{}},{"type":"Feature","geometry":{"type":"LineString","coordinates":[[117.07154381600003,23.473089911000045],[117.07081139400009,23.47532786700009],[117.06299889400009,23.478461005000042],[117.0490833,23.474083690000043],[117.0443484320001,23.464467225000078],[117.03757899000004,23.446900552000045],[117.02685730100006,23.44385463000009],[117.01742597700002,23.441880601000037],[117.01002037900003,23.43895091400009],[117.00025475400003,23.441555080000057],[116.99390709700003,23.44830963700008],[116.98878014400009,23.455633856000077],[116.98218834700003,23.459458726000037],[116.96763467800008,23.453148053000064],[116.95311006600002,23.442087018000052],[116.942989291,23.43006217900006],[116.94809769200003,23.421805245000087],[116.96934496400002,23.418945631000042],[116.9924451500001,23.41921278300009],[117.004008645,23.41975883300006],[117.01544726200007,23.416249271000083],[117.02393639400009,23.414536851000037],[117.04889680300005,23.404709558000036],[117.08287717300004,23.411144377000085],[117.10694420700008,23.403550523000035],[117.12878132000003,23.39936918400008],[117.137366714,23.41956471000009],[117.14179358900003,23.449653305000083],[117.1340905190001,23.460469009000064],[117.12256920700008,23.46552155200004],[117.12585215700005,23.48269187300008],[117.108944737,23.48229427600006],[117.10214777500005,23.467993079000053],[117.090327731,23.461077402000058],[117.07154381600003,23.473089911000045]]},"properties":{}},{"type":"Feature","geometry":{"type":"LineString","coordinates":[[117.46890066700007,23.75309046400008],[117.44778172300005,23.74225160700007],[117.43482506600003,23.75071849200009],[117.41976972700002,23.754299221000053],[117.41358483200008,23.77167389500005],[117.40430748800009,23.77415599200009],[117.38591556100005,23.77415599200009],[117.37273196700005,23.766750393000052],[117.37924238400001,23.74681224200009],[117.37566165500004,23.747300523000035],[117.37668889000008,23.72886530900007],[117.34245853000004,23.699652411000045],[117.34050540500004,23.68895091400009],[117.34644616000003,23.684759833000044],[117.35613040500004,23.689398505000042],[117.36394290500004,23.691473700000074],[117.37549889400009,23.689398505000042],[117.38672936300009,23.684881903000075],[117.39372806100005,23.67918528900009],[117.36912531100006,23.62235712800009],[117.33781909800007,23.596462572000064],[117.320482728,23.574015926000072],[117.37446006000005,23.57265430500007],[117.431558644,23.582630235000067],[117.42383873800009,23.601996161000045],[117.41537519600001,23.608221747000073],[117.41776554900002,23.627465821000044],[117.42114944500008,23.64646441900004],[117.43266955400009,23.660117014000036],[117.44483483200008,23.664943752000056],[117.46721918500009,23.657933737000064],[117.47983528300006,23.662678062000055],[117.47654291000003,23.689431710000065],[117.48415604000002,23.71079304400007],[117.49594160200002,23.72016022300005],[117.51619127600009,23.716277715000047],[117.52666076500009,23.74010690500006],[117.50416100400003,23.74990469000005],[117.46890066700007,23.75309046400008]]},"properties":{}},{"type":"Feature","geometry":{"type":"LineString","coordinates":[[121.90577233200008,24.950100002000056],[121.92676842500009,24.966620184000078],[122.00538170700008,25.001898505000042],[121.99773196700005,25.010687567000048],[121.98357181100005,25.01715729400007],[121.96753991000003,25.02106354400007],[121.95386803500003,25.022365627000056],[121.92725670700008,25.018703518000052],[121.91920006600003,25.022040106000077],[121.90919030000009,25.036037502000056],[121.89991295700008,25.06598541900007],[121.89722741000003,25.08388906500005],[121.89893639400009,25.09398021000004],[121.90512129000001,25.106594143000052],[121.89283287900003,25.113674221000053],[121.71851647200003,25.152004299000055],[121.70386803500003,25.15688711100006],[121.69752037900003,25.162583726000037],[121.69459069100003,25.166083075000074],[121.68051191500001,25.175034898000035],[121.67644290500004,25.179388739000046],[121.67611738400001,25.18691640800006],[121.67994225400003,25.193019924000055],[121.68392988400001,25.19745514500005],[121.68441816500001,25.200506903000075],[121.67611738400001,25.20258209800005],[121.66439863400001,25.20136139500005],[121.65414472700002,25.19879791900007],[121.64966881600003,25.197088934000078],[121.63599694100003,25.222805080000057],[121.59791100400003,25.271429755000042],[121.58082116000003,25.283026434000078],[121.53972415500004,25.28742096600007],[121.49781334700003,25.27875397300005],[121.46127363400001,25.26190827000005],[121.43628991000003,25.241441148000035],[121.42416425900001,25.22134023600006],[121.41627037900003,25.203599351000037],[121.41325931100005,25.200425523000035],[121.40601647200003,25.197333075000074],[121.39909915500004,25.19212474200009],[121.39576256600003,25.182806708000044],[121.40739993600005,25.176214911000045],[121.42945397200003,25.155991929000038],[121.44320722700002,25.136419989000046],[121.43002363400001,25.13157786700009],[121.42408287900003,25.13690827000005],[121.41944420700008,25.14638906500005],[121.41228274800005,25.155462958000044],[121.39893639400009,25.159491278000075],[121.38738040500004,25.159328518000052],[121.37875410200002,25.157945054000038],[121.37175540500004,25.154771226000037],[121.34831790500004,25.137111721000053],[121.33025149800005,25.130682684000078],[121.28744550900001,25.12368398600006],[121.21094811300009,25.111151434000078],[121.17693118600005,25.100043036000045],[121.15984134200005,25.091620184000078],[121.14576256600003,25.08038971600007],[121.12940514400009,25.071112372000073],[121.05933678500003,25.05023834800005],[121.03199303500003,25.029242255000042],[121.00554446700005,25.00067780200004],[120.97169030000009,24.95176829600007],[120.96387780000009,24.94041575700004],[120.95533287900003,24.91937897300005],[120.95281009200005,24.90924713700008],[120.95362389400009,24.90501536700009],[120.94402103000004,24.902044989000046],[120.93392988400001,24.894598700000074],[120.92603600400003,24.884711005000042],[120.92286217500009,24.874660549000055],[120.92058353000004,24.861395575000074],[120.91488691500001,24.85370514500005],[120.91464277400007,24.85342031500005],[120.90805097700002,24.84707265800006],[120.90235436300009,24.836818752000056],[120.90650475400003,24.82908763200004],[120.90902754000001,24.822739976000037],[120.90919030000009,24.816880601000037],[120.90642337300005,24.811468817000048],[120.89812259200005,24.801174221000053],[120.87696373800009,24.76190827000005],[120.87134850400003,24.74323151200008],[120.85767662900003,24.73700592700004],[120.85450280000009,24.73065827000005],[120.84750410200002,24.71084219000005],[120.83334394600001,24.697821356000077],[120.82300866000003,24.68504466400009],[120.82667076900009,24.666083075000074],[120.79932701900009,24.670803127000056],[120.77808678500003,24.665716864000046],[120.76059004000001,24.653957424000055],[120.74463951900009,24.638820705000057],[120.73943118600005,24.63035716400009],[120.73511803500003,24.621242580000057],[120.72787519600001,24.61391836100006],[120.70215905000009,24.60700104400007],[120.69629967500009,24.597723700000074],[120.69019616000003,24.576117255000042],[120.66773522200003,24.54002513200004],[120.65935306100005,24.520697333000044],[120.65601647200003,24.497870184000078],[120.64893639400009,24.48387278900009],[120.62134850400003,24.456000067000048],[120.57081139400009,24.40493398600006],[120.55811608200008,24.385891018000052],[120.54737389400009,24.35154857000009],[120.51197350400003,24.29555898600006],[120.50163821700005,24.252875067000048],[120.49317467500009,24.23065827000005],[120.48064212300005,24.221096096000053],[120.47779381600003,24.20966217700004],[120.47543379000001,24.207098700000074],[120.43230228000004,24.161078192000048],[120.42204837300005,24.152167059000078],[120.41863040500004,24.142523505000042],[120.41635175900001,24.107489325000074],[120.41187584700003,24.096909898000035],[120.39234459700003,24.082912502000056],[120.38786868600005,24.07330963700008],[120.38550866000003,24.063055731000077],[120.37956790500004,24.05801015800006],[120.37126712300005,24.054348049000055],[120.36182701900009,24.048529364000046],[120.35035241000003,24.03807200700004],[120.34009850400003,24.02179596600007],[120.31812584700003,23.96580638200004],[120.30250084700003,23.93886953300006],[120.29224694100003,23.911932684000078],[120.28443444100003,23.902004299000055],[120.25749759200005,23.87840403900009],[120.25294030000009,23.868068752000056],[120.24675540500004,23.843410549000055],[120.24073326900009,23.832831122000073],[120.21949303500003,23.81793854400007],[120.21656334700003,23.812648830000057],[120.21265709700003,23.803168036000045],[120.18921959700003,23.77480703300006],[120.18441816500001,23.76439036700009],[120.17554772200003,23.73383209800005],[120.17080496100004,23.69890152000005],[120.1542299140001,23.672211863000086],[120.143609008,23.63803570200008],[120.14086753400011,23.595262518000084],[120.14168913100002,23.537946590000047],[120.1242615330001,23.520020550000083],[120.12502924700004,23.489611410000066],[120.15754360400001,23.491475715000036],[120.14210045700008,23.473089911000045],[120.13868248800009,23.46426015800006],[120.13209069100003,23.456976630000042],[120.13054446700005,23.450995184000078],[120.14210045700008,23.445786851000037],[120.14210045700008,23.43895091400009],[120.13477623800009,23.426255601000037],[120.15064537900003,23.398138739000046],[120.1645773890001,23.36171145600008],[120.14416428100003,23.36185437200004],[120.13014916000009,23.36096024400007],[120.12077884200005,23.34125397300005],[120.12094160200002,23.329738674000055],[120.130284437,23.329334817000074],[120.13734148200001,23.32773406000007],[120.14576256600003,23.333319403000075],[120.14893639400009,23.32225169500009],[120.14356530000009,23.323879299000055],[120.13117971100007,23.31881007800007],[120.116527217,23.317897404000064],[120.11049353800001,23.303698714000063],[120.12468509200005,23.294989325000074],[120.11491946700005,23.292710679000038],[120.10889733200008,23.28668854400007],[120.09603925900001,23.25535716400009],[120.09424889400009,23.24750397300005],[120.096097504,23.23949089200005],[120.08744371300008,23.230287823000083],[120.08215891700002,23.21729237900007],[120.07862389400009,23.206976630000042],[120.08383222700002,23.195746161000045],[120.08692467500009,23.182033596000053],[120.08187910200002,23.173163153000075],[120.07154381600003,23.169989325000074],[120.06202233200008,23.16502513200004],[120.05941816500001,23.15102773600006],[120.07007897200003,23.139797268000052],[120.08627363400001,23.12693919500009],[120.08920332100001,23.117743231000077],[120.05941816500001,23.11749909100007],[120.05941816500001,23.110663153000075],[120.09498131600003,23.102484442000048],[120.10043379000001,23.096991278000075],[120.09644616000003,23.086411851000037],[120.08472741000003,23.082953192000048],[120.07056725400003,23.081203518000052],[120.05941816500001,23.075873114000046],[120.05494225400003,23.06777578300006],[120.05241946700005,23.055812893000052],[120.05518639400009,23.04368724200009],[120.06625410200002,23.034898179000038],[120.07667076900009,23.03742096600007],[120.08375084700003,23.04755280200004],[120.09245853000004,23.054754950000074],[120.10792076900009,23.048570054000038],[120.11101321700005,23.039984442000048],[120.10914147200003,23.015448309000078],[120.11410566500001,23.007635809000078],[120.12671959700003,23.007147528000075],[120.13347415500004,23.016546942000048],[120.13746178500003,23.02838776200008],[120.14210045700008,23.034898179000038],[120.16618899800005,23.031724351000037],[120.17025800900001,23.013373114000046],[120.16016686300009,22.992132880000042],[120.14210045700008,22.980292059000078],[120.15691165500004,22.966538804000038],[120.16382897200003,22.95384349200009],[120.16749108200008,22.93187083500004],[120.17554772200003,22.884100653000075],[120.17847741000003,22.877346096000053],[120.18921959700003,22.860174872000073],[120.19141686300009,22.852036851000037],[120.19646243600005,22.847479559000078],[120.20134524800005,22.844142971000053],[120.20346113400001,22.839667059000078],[120.20215905000009,22.831244208000044],[120.19646243600005,22.81858958500004],[120.19605553500003,22.808335679000038],[120.19996178500003,22.79246653900009],[120.21753991000003,22.756740627000056],[120.23617597700002,22.72988515800006],[120.24634850400003,22.709906317000048],[120.25212649800005,22.68964264500005],[120.24781334700003,22.67523834800005],[120.23959394600001,22.659084377000056],[120.24577884200005,22.642523505000042],[120.25896243600005,22.62759023600006],[120.29330488400001,22.59829336100006],[120.31348717500009,22.577053127000056],[120.31991621200007,22.56582265800006],[120.32797285200002,22.551703192000048],[120.33366946700005,22.525946356000077],[120.28516686300009,22.58006419500009],[120.33122806100005,22.51972077000005],[120.38086998800009,22.48387278900009],[120.38900800900001,22.484076239000046],[120.39600670700008,22.486476955000057],[120.40211022200003,22.486802476000037],[120.41325931100005,22.48232656500005],[120.42172285200002,22.477362372000073],[120.43995201900009,22.462591864000046],[120.45720462300005,22.451605536000045],[120.49529056100005,22.434759833000044],[120.51197350400003,22.424750067000048],[120.51441491000003,22.420070705000057],[120.51807701900009,22.40696849200009],[120.52222741000003,22.40428294500009],[120.52637780000009,22.40302155200004],[120.53874759200005,22.396429755000042],[120.56967207100001,22.373846747000073],[120.57732181100005,22.363836981000077],[120.59392337300005,22.32916901200008],[120.61500084700003,22.30499909100007],[120.62126712300005,22.295070705000057],[120.69695071700005,22.113226630000042],[120.69483483200008,22.10260651200008],[120.68555748800009,22.09015534100007],[120.68336022200003,22.079046942000048],[120.68336022200003,22.04120514500005],[120.68189537900003,22.02960846600007],[120.68165123800009,22.02252838700008],[120.68336022200003,22.01386139500005],[120.70435631600003,21.981390692000048],[120.69955488400001,21.956691799000055],[120.70036868600005,21.948431708000044],[120.71436608200008,21.93748607000009],[120.72730553500003,21.934475002000056],[120.73609459700003,21.94281647300005],[120.73731530000009,21.966131903000075],[120.76742597700002,21.95929596600007],[120.79737389400009,21.94676341400009],[120.82309004000001,21.928615627000056],[120.84034264400009,21.90460846600007],[120.84156334700003,21.925482489000046],[120.83619225400003,21.95770905200004],[120.83570397200003,21.987250067000048],[120.85084069100003,22.00023021000004],[120.86361738400001,22.008937893000052],[120.87330162900003,22.02997467700004],[120.87924238400001,22.055812893000052],[120.87598717500009,22.23769765800006],[120.87501061300009,22.28925202000005],[120.88135826900009,22.34593333500004],[120.88656660200002,22.36595286700009],[120.92286217500009,22.424750067000048],[120.94109134200005,22.483628648000035],[120.94825280000009,22.52680084800005],[120.96062259200005,22.547796942000048],[120.99122155000009,22.58307526200008],[121.00114993600005,22.600775458000044],[121.02100670700008,22.64789459800005],[121.02906334700003,22.657538153000075],[121.03907311300009,22.66242096600007],[121.08025149800005,22.70408763200004],[121.14144941500001,22.74176666900007],[121.15935306100005,22.757473049000055],[121.17741946700005,22.778631903000075],[121.18555748800009,22.790961005000042],[121.19027754000001,22.80215078300006],[121.19092858200008,22.81195709800005],[121.18848717500009,22.833929755000042],[121.19027754000001,22.84316640800006],[121.20281009200005,22.85651276200008],[121.25562584700003,22.897772528000075],[121.26050866000003,22.90729401200008],[121.29957116000003,22.95917389500005],[121.30762780000009,22.979803778000075],[121.31885826900009,23.025539455000057],[121.33708743600005,23.055080471000053],[121.34343509200005,23.075384833000044],[121.34742272200003,23.083319403000075],[121.35547936300009,23.091009833000044],[121.37370853000004,23.103216864000046],[121.38160241000003,23.110663153000075],[121.40007571700005,23.14549388200004],[121.40381920700008,23.17926666900007],[121.40333092500009,23.21474844000005],[121.40886478000004,23.25458405200004],[121.41675866000003,23.27606842700004],[121.42676842500009,23.293117580000057],[121.45362389400009,23.325995184000078],[121.46216881600003,23.343003648000035],[121.47950280000009,23.435207424000055],[121.52149498800009,23.658677476000037],[121.53980553500003,23.69281647300005],[121.57032311300009,23.832098700000074],[121.59449303500003,23.891506252000056],[121.60670006600003,23.948065497000073],[121.60816491000003,23.970363674000055],[121.61109459700003,23.982489325000074],[121.62501061300009,24.002386786000045],[121.62916100400003,24.014960028000075],[121.62891686300009,24.026190497000073],[121.62574303500003,24.030951239000046],[121.62077884200005,24.03461334800005],[121.61500084700003,24.042303778000075],[121.60816491000003,24.060492255000042],[121.60743248800009,24.07684967700004],[121.61304772200003,24.09210846600007],[121.64128665500004,24.12986888200004],[121.65219160200002,24.17218659100007],[121.66285241000003,24.193101304000038],[121.67237389400009,24.20148346600007],[121.69776451900009,24.21898021000004],[121.70093834700003,24.22418854400007],[121.69825280000009,24.23151276200008],[121.70386803500003,24.238348700000074],[121.72144616000003,24.251166083000044],[121.74529056100005,24.28123607000009],[121.76742597700002,24.300930080000057],[121.77271569100003,24.30923086100006],[121.77198326900009,24.312933661000045],[121.76929772200003,24.318060614000046],[121.76587975400003,24.323187567000048],[121.76335696700005,24.325791734000063],[121.76254316500001,24.326605536000045],[121.75855553500003,24.33234284100007],[121.76050866000003,24.337103583000044],[121.76433353000004,24.34170156500005],[121.76644941500001,24.347357489000046],[121.76840254000001,24.36937083500004],[121.77149498800009,24.380560614000046],[121.77637780000009,24.388332424000055],[121.78077233200008,24.397609768000052],[121.77914472700002,24.42177969000005],[121.78003991000003,24.43268463700008],[121.80681399800005,24.460638739000046],[121.83041425900001,24.473130601000037],[121.84001712300005,24.481350002000056],[121.83773847700002,24.491034247000073],[121.83130944100003,24.500392971000053],[121.82837975400003,24.51072825700004],[121.83008873800009,24.519232489000046],[121.85279381600003,24.530991929000038],[121.85596764400009,24.550523179000038],[121.85084069100003,24.57298411700009],[121.84083092500009,24.590318101000037],[121.84791100400003,24.594916083000044],[121.85775800900001,24.59784577000005],[121.86947675900001,24.598944403000075],[121.88184655000009,24.597805080000057],[121.88184655000009,24.603989976000037],[121.85271243600005,24.60887278900009],[121.82797285200002,24.622788804000038],[121.81495201900009,24.644354559000078],[121.81421959700003,24.672308661000045],[121.81959069100003,24.685980536000045],[121.82032311300009,24.699652411000045],[121.80779056100005,24.753119208000044],[121.80681399800005,24.77875397300005],[121.80884850400003,24.805161851000037],[121.81462649800005,24.831732489000046],[121.82349694100003,24.85492584800005],[121.83472741000003,24.871527411000045],[121.90577233200008,24.950100002000056]]},"properties":{}},{"type":"Feature","geometry":{"type":"LineString","coordinates":[[119.30543053500003,26.035956122000073],[119.27222741000003,26.04205963700008],[119.25757897200003,26.04755280200004],[119.24333743600005,26.057074286000045],[119.22120201900009,26.089544989000046],[119.20923912900003,26.098578192000048],[119.21778405000009,26.059027411000045],[119.22673587300005,26.047674872000073],[119.23755944100003,26.037583726000037],[119.24683678500003,26.026556708000044],[119.25074303500003,26.01239655200004],[119.25757897200003,26.00145091400009],[119.27328535200002,25.99713776200008],[119.29053795700008,25.995266018000052],[119.30201256600003,25.991848049000055],[119.31202233200008,25.986761786000045],[119.34595787900003,25.976385809000078],[119.37159264400009,25.971584377000056],[119.38111412900003,25.96698639500005],[119.39063561300009,25.96698639500005],[119.40495853000004,25.97793203300006],[119.40121504000001,25.996039130000042],[119.36980228000004,26.014227606000077],[119.30543053500003,26.035956122000073]]},"properties":{}},{"type":"Feature","geometry":{"type":"LineString","coordinates":[[121.25553061200003,28.140000892000046],[121.26183975900005,28.168809099000043],[121.27024056900007,28.18229047300008],[121.26889341600008,28.193941892000055],[121.25640250600009,28.21479830900006],[121.2305876040001,28.219732518000058],[121.21094811300009,28.20897044500009],[121.2089755720001,28.20013198500004],[121.20406983500004,28.189707446000057],[121.18753112400009,28.168901841000036],[121.16528325500008,28.150533523000036],[121.13493899800005,28.143052476000037],[121.12501061300009,28.14008209800005],[121.12037194100003,28.135687567000048],[121.1273592980001,28.126556316000062],[121.1323291980001,28.11431429600009],[121.13062584700003,28.103461005000042],[121.13746178500003,28.094183661000045],[121.14275149800005,28.082586981000077],[121.15235145600002,28.078073949000043],[121.15523523500008,28.07136814200004],[121.14673393800001,28.057810957000072],[121.15157280200003,28.041232470000068],[121.16689887200005,28.043081974000074],[121.186400477,28.043700183000055],[121.20244170800004,28.05475387100006],[121.21851240000001,28.05846334900008],[121.21924889400009,28.06785716400009],[121.23145592500009,28.065008856000077],[121.23812910200002,28.071193752000056],[121.23389733200008,28.07908763200004],[121.23365319100003,28.082424221000053],[121.23568769600001,28.08551666900007],[121.23812910200002,28.092922268000052],[121.24724368600005,28.08779531500005],[121.25709069100003,28.085150458000044],[121.26783287900003,28.084540106000077],[121.27914472700002,28.08543528900009],[121.2853524200001,28.101945631000035],[121.26453571900004,28.121594912000035],[121.25553061200003,28.140000892000046]]},"properties":{}},{"type":"Feature","geometry":{"type":"LineString","coordinates":[[122.23878014400009,30.31313711100006],[122.22787519600001,30.316351630000042],[122.22046959700003,30.320705471000053],[122.21876061300009,30.32607656500005],[122.22510826900009,30.33234284100007],[122.21143639400009,30.346625067000048],[122.19467207100001,30.33856842700004],[122.16602623800009,30.331691799000055],[122.15284264400009,30.322699286000045],[122.14722741000003,30.321478583000044],[122.12208092500009,30.319281317000048],[122.10417728000004,30.314154364000046],[122.09571373800009,30.310695705000057],[122.08790123800009,30.30565013200004],[122.08399498800009,30.302435614000046],[122.07357832100001,30.291408596000053],[122.11402428500003,30.26508209800005],[122.13770592500009,30.25462474200009],[122.17408287900003,30.247992255000042],[122.18799889400009,30.24363841400009],[122.20232181100005,30.241929429000038],[122.21452884200005,30.247300523000035],[122.21753991000003,30.25458405200004],[122.21705162900003,30.262518622000073],[122.21957441500001,30.270453192000048],[122.23194420700008,30.277736721000053],[122.22380618600005,30.27887604400007],[122.20386803500003,30.285142320000034],[122.20386803500003,30.291408596000053],[122.23878014400009,30.31313711100006]]},"properties":{}},{"type":"Feature","geometry":{"type":"LineString","coordinates":[[122.39893639400009,30.45648834800005],[122.38542728000004,30.456203518000052],[122.37468509200005,30.45734284100007],[122.36850019600001,30.46320221600007],[122.36915123800009,30.476996161000045],[122.34880618600005,30.460638739000046],[122.33741295700008,30.45848216400009],[122.31128991000003,30.472642320000034],[122.29948978000004,30.47134023600006],[122.29078209700003,30.47166575700004],[122.28711998800009,30.48314036700009],[122.28003991000003,30.48261139500005],[122.27662194100003,30.479803778000075],[122.27279707100001,30.46946849200009],[122.27279707100001,30.45929596600007],[122.27377363400001,30.45136139500005],[122.27800540500004,30.445746161000045],[122.28711998800009,30.442206122000073],[122.27735436300009,30.436712958000044],[122.27279707100001,30.435980536000045],[122.28541100400003,30.42206452000005],[122.30600019600001,30.423163153000075],[122.34799238400001,30.435980536000045],[122.36378014400009,30.433417059000078],[122.40406334700003,30.41864655200004],[122.42310631600003,30.414943752000056],[122.41651451900009,30.44159577000005],[122.41098066500001,30.45213450700004],[122.39893639400009,30.45648834800005]]},"properties":{}},{"type":"Feature","geometry":{"type":"LineString","coordinates":[[121.83773847700002,31.375148830000057],[121.80445397200003,31.374701239000046],[121.79420006600003,31.368801174000055],[121.81324303500003,31.320786851000037],[121.82341556100005,31.302394924000055],[121.83472741000003,31.29254791900007],[121.85108483200008,31.29393138200004],[121.86622155000009,31.30418528900009],[121.87745201900009,31.319647528000075],[121.88184655000009,31.33661530200004],[121.87794030000009,31.354315497000073],[121.86784915500004,31.36619700700004],[121.85377037900003,31.372992255000042],[121.83773847700002,31.375148830000057]]},"properties":{}},{"type":"Feature","geometry":{"type":"LineString","coordinates":[[119.88070722700002,32.12518952000005],[119.87501061300009,32.15521881700005],[119.83285566500001,32.25214264500005],[119.81430097700002,32.27558014500005],[119.78532962300005,32.29169342700004],[119.75082441500001,32.29311758000006],[119.71615644600001,32.272650458000044],[119.71949303500003,32.24957916900007],[119.74984785200002,32.22801341400009],[119.78931725400003,32.21149323100008],[119.81934655000009,32.20376211100006],[119.80990644600001,32.189113674000055],[119.79883873800009,32.17869700700004],[119.79102623800009,32.16547272300005],[119.79200280000009,32.142279364000046],[119.79127037900003,32.13686758000006],[119.78834069100003,32.13361237200007],[119.78711998800009,32.12958405200004],[119.79200280000009,32.12177155200004],[119.79517662900003,32.12055084800005],[119.80486087300005,32.120306708000044],[119.81519616000003,32.115220445000034],[119.84351647200003,32.10814036700009],[119.85873457100001,32.101548570000034],[119.89031009200005,32.075384833000044],[119.90186608200008,32.07339101800005],[119.90137780000009,32.082464911000045],[119.88070722700002,32.12518952000005]]},"properties":{}},{"type":"Feature","geometry":{"type":"LineString","coordinates":[[122.32129967500009,39.16596100500004],[122.33399498800009,39.14630768400008],[122.35523522200003,39.151556708000044],[122.37631269600001,39.160589911000045],[122.38892662900003,39.152329820000034],[122.40259850400003,39.15912506700005],[122.39747155000009,39.16583893400008],[122.38892662900003,39.18707916900007],[122.38990319100003,39.19354889500005],[122.39291425900001,39.20380280200004],[122.40259850400003,39.21381256700005],[122.38257897200003,39.208319403000075],[122.35482832100001,39.19562409100007],[122.33057701900009,39.180121161000045],[122.32129967500009,39.16596100500004]]},"properties":{}},{"type":"Feature","geometry":{"type":"LineString","coordinates":[[122.63599694100003,39.23427969000005],[122.63599694100003,39.22801341400009],[122.68360436300009,39.224310614000046],[122.69752037900003,39.22125885600008],[122.69369550900001,39.213771877000056],[122.69255618600005,39.20766836100006],[122.69214928500003,39.20140208500004],[122.69068444100003,39.19330475500004],[122.72559655000009,39.21002838700008],[122.73951256600003,39.22223541900007],[122.74195397200003,39.23607005400004],[122.71859785200002,39.241888739000046],[122.66211998800009,39.23273346600007],[122.63599694100003,39.23427969000005]]},"properties":{}},{"type":"Feature","geometry":{"type":"LineString","coordinates":[[122.68441816500001,39.26219310100004],[122.66325931100005,39.27220286700009],[122.64389082100001,39.278509833000044],[122.58472741000003,39.284369208000044],[122.54656009200005,39.296942450000074],[122.53663170700008,39.298041083000044],[122.50505618600005,39.296942450000074],[122.53345787900003,39.27167389500005],[122.58619225400003,39.25800202000005],[122.64307701900009,39.255072333000044],[122.68441816500001,39.26219310100004]]},"properties":{}},{"type":"Feature","geometry":{"type":"LineString","coordinates":[[121.42253665500004,39.47451406500005],[121.41325931100005,39.47650788000004],[121.38843834700003,39.47451406500005],[121.35254967500009,39.482407945000034],[121.34058678500003,39.481350002000056],[121.33130944100003,39.475775458000044],[121.32732181100005,39.468451239000046],[121.32471764400009,39.46076080900008],[121.32016035200002,39.454006252000056],[121.31104576900009,39.44794342700004],[121.30290774800005,39.44521719000005],[121.29476972700002,39.443345445000034],[121.26587975400003,39.433579820000034],[121.26172936300009,39.427801825000074],[121.25863691500001,39.41242096600007],[121.25757897200003,39.399644273000035],[121.25945071700005,39.391506252000056],[121.26441491000003,39.38690827000005],[121.27295983200008,39.38507721600007],[121.29615319100003,39.39142487200007],[121.31332441500001,39.40843333500004],[121.32732181100005,39.42763906500005],[121.34058678500003,39.440334377000056],[121.35189863400001,39.44428131700005],[121.36426842500009,39.44546133000006],[121.37525475400003,39.44236888200004],[121.38160241000003,39.43353913000004],[121.37964928500003,39.42487213700008],[121.37175540500004,39.41754791900007],[121.35425866000003,39.40619538000004],[121.33611087300005,39.38735586100006],[121.33692467500009,39.377386786000045],[121.35320071700005,39.37319570500006],[121.40349368600005,39.37059153900009],[121.42172285200002,39.37368398600006],[121.43360436300009,39.38580963700008],[121.43604576900009,39.409816799000055],[121.43555748800009,39.41620514500005],[121.43197675900001,39.424261786000045],[121.42554772200003,39.430121161000045],[121.41627037900003,39.43353913000004],[121.41627037900003,39.440334377000056],[121.44312584700003,39.44114817900004],[121.45045006600003,39.45026276200008],[121.44239342500009,39.462876695000034],[121.42253665500004,39.47451406500005]]},"properties":{}},{"type":"Feature","geometry":{"type":"LineString","coordinates":[[122.96436608200008,39.51544830900008],[122.97974694100003,39.499335028000075],[123.00570722700002,39.497300523000035],[123.02995853000004,39.507879950000074],[123.04004967500009,39.529730536000045],[123.01758873800009,39.54450104400007],[122.98975670700008,39.54950592700004],[122.96802819100003,39.541083075000074],[122.96436608200008,39.51544830900008]]},"properties":{}},{"type":"Feature","geometry":{"type":"LineString","coordinates":[[114.22982832100001,22.555812893000052],[114.23829186300009,22.559922593000067],[114.24968509200005,22.57050202000005],[114.26962324300007,22.582953192000048],[114.27621504000001,22.587958075000074],[114.302175326,22.582953192000048],[114.30713951900009,22.58543528900009],[114.30534915500004,22.594183661000045],[114.31690514400009,22.60219961100006],[114.31714928500003,22.602362372000073],[114.31723066500001,22.60232168200008],[114.32455488400001,22.598537502000056],[114.3280542330001,22.604763088000084],[114.32846113400001,22.60545482000009],[114.32911217500009,22.60500722900008],[114.3402612640001,22.59788646000004],[114.36068769600001,22.604803778000075],[114.38013756600003,22.61033763200004],[114.39559980600006,22.61351146000004],[114.39576256600003,22.61351146000004],[114.40870201900009,22.61163971600007],[114.41423587300005,22.604803778000075],[114.42432701900009,22.601670640000066],[114.433034701,22.591091213000084],[114.43848717500009,22.582953192000048],[114.43734785200002,22.579372463000084],[114.43677819100003,22.577378648000035],[114.44035892000011,22.56867096600007],[114.44532311300009,22.57176341400009],[114.44695071700005,22.571559963000084],[114.45573978000004,22.57050202000005],[114.46216881600003,22.561753648000035],[114.47120201900009,22.551703192000048],[114.47958418100006,22.546210028000075],[114.47958418100006,22.53933340100008],[114.48511803500003,22.534409898000035],[114.48698978000004,22.521918036000045],[114.48454837300005,22.51699453300006],[114.47641035200002,22.509426174000055],[114.48015384200005,22.500148830000057],[114.4769800140001,22.49042389500005],[114.47681725400003,22.489894924000055],[114.47722415500004,22.489528713000084],[114.48324629000001,22.48456452000005],[114.48446699300007,22.474351304000038],[114.48511803500003,22.46832916900007],[114.49114017000011,22.464626369000086],[114.49219811300009,22.46397532800006],[114.50155683700007,22.452093817000048],[114.5158162140001,22.45264280300006],[114.52966684100011,22.468285095000056],[114.54216235700005,22.47799288500005],[114.57053206300009,22.48429125800004],[114.58765709700003,22.49559153900009],[114.60751386800007,22.504380601000037],[114.61768639400009,22.514146226000037],[114.61158287900003,22.52871328300006],[114.59327233200008,22.541896877000056],[114.57276451900009,22.55145905200004],[114.55990644600001,22.555121161000045],[114.55477949300007,22.55731842700004],[114.54721113400001,22.56708405200004],[114.54322350400003,22.56940338700008],[114.53711998800009,22.567206122000073],[114.53248131600003,22.562323309000078],[114.52979576900009,22.55735911700009],[114.52955162900003,22.555121161000045],[114.51815839900007,22.552801825000074],[114.50928795700008,22.54954661700009],[114.50204511800007,22.550848700000074],[114.49537194100003,22.56195709800005],[114.50220787900003,22.573919989000046],[114.51392662900003,22.58734772300005],[114.52914472700002,22.59833405200004],[114.54664147200003,22.60293203300006],[114.56088300900001,22.60879140800006],[114.57764733200008,22.635891018000052],[114.59034264400009,22.643866278000075],[114.58253014400009,22.65525950700004],[114.57325280000009,22.654445705000057],[114.56251061300009,22.64834219000005],[114.5482164760001,22.64454053600008],[114.52341051100007,22.64556316100004],[114.53490558700003,22.644647692000035],[114.50660702000005,22.64652286900008],[114.4995758450001,22.653113887000075],[114.50592603700011,22.663688963000084],[114.51710045700008,22.67641836100006],[114.52378006100002,22.687213932000077],[114.52206464900007,22.705959377000056],[114.53248131600003,22.69953034100007],[114.54224694100003,22.69529857000009],[114.55233808700007,22.694525458000044],[114.57109590700009,22.702354350000064],[114.56498603500006,22.717915753000057],[114.56332441500001,22.73273346600007],[114.57937799500007,22.73331058900004],[114.6025462990001,22.740457636000087],[114.61719811300009,22.750067450000074],[114.63778730600006,22.755072333000044],[114.64548395700001,22.76700589400008],[114.66421875200001,22.774175831000036],[114.68381192600009,22.781332801000076],[114.69548075400007,22.792641588000038],[114.7167323330001,22.790803400000073],[114.73414147200003,22.775783596000053],[114.75489342500009,22.781683661000045],[114.76246178500003,22.791083075000074],[114.76978600400003,22.81045156500005],[114.77523847700002,22.81582265800006],[114.78475996200007,22.81586334800005],[114.79273522200003,22.810939846000053],[114.798465985,22.80873580800005],[114.80727862600008,22.80538264000006],[114.81695432000004,22.800389479000046],[114.82125206600006,22.790560097000082],[114.81763756600003,22.779120184000078],[114.81324303500003,22.77484772300005],[114.80201256600003,22.773382880000042],[114.79542076900009,22.769924221000053],[114.7785513130001,22.76245281100006],[114.752545241,22.749661867000043],[114.74195106600007,22.73265274000005],[114.7388790220001,22.71064696700006],[114.75377792100005,22.693385353000053],[114.74998970200011,22.678724066000086],[114.73745015700001,22.66904582500007],[114.74248302600006,22.646963523000068],[114.74224181900001,22.627380042000084],[114.74377585100001,22.60940429200008],[114.75414529800003,22.589714066000056],[114.77460903400004,22.597692709000057],[114.806416431,22.592508912000085],[114.83222895100005,22.602076657000055],[114.86581619100002,22.601744611000072],[114.88682041100003,22.59087178300007],[114.88923391500009,22.57289383200009],[114.88021450300005,22.559112545000062],[114.88364080000008,22.550915623000037],[114.8959664250001,22.547524404000058],[114.91911854600005,22.56115516400007],[114.90521329800004,22.578440025000077],[114.90193762400008,22.598056881000048],[114.92489668100006,22.63865794500009],[114.93873131600003,22.65729401200008],[114.95045006600003,22.664984442000048],[114.96662940100009,22.67648694400009],[114.95530177500007,22.684793556000045],[114.94668867200005,22.69632868800005],[114.937229043,22.709491557000035],[114.92672625500006,22.716930079000065],[114.90999580100004,22.723615477000067],[114.90285798600007,22.713934062000078],[114.89044712900011,22.714054656000087],[114.88073575600004,22.72146994400009],[114.87814452500004,22.729637968000077],[114.886216794,22.73607469300009],[114.88187326500008,22.747523043000058],[114.87037907000001,22.753348498000037],[114.86252380000008,22.76321563500005],[114.87671936700008,22.767957236000086],[114.88905903200009,22.76374773400005],[114.90311007700006,22.74892445000006],[114.91675866000003,22.74404531500005],[114.92676842500009,22.76117584800005],[114.94166100400003,22.753851630000042],[114.94581139400009,22.742254950000074],[114.95237039800008,22.72883282500004],[114.95658369400007,22.715740246000053],[114.95467022500009,22.703544178000072],[114.95983548000004,22.696134337000046],[114.97125781200009,22.69273518500006],[114.98002977300007,22.688554022000062],[114.98534174000008,22.689309001000083],[114.99252068300007,22.69738089100008],[114.99877219200005,22.70220144700005],[115.008513472,22.703720144000044],[115.0182774220001,22.706868644000053],[115.028903474,22.708376584000064],[115.03079380000008,22.717322203000037],[115.02208124900005,22.726391530000058],[115.01782843800004,22.737044052000044],[115.02232988000003,22.743512898000063],[115.03663170700008,22.753729559000078],[115.04102623800009,22.76162344000005],[115.04566491000003,22.775864976000037],[115.05030358200008,22.781683661000045],[115.06547548000003,22.795984798000063],[115.10108483200008,22.800116278000075],[115.11166425900001,22.80215078300006],[115.13287802700006,22.811453821000043],[115.15056624700003,22.809633511000072],[115.15827282300006,22.792417197000077],[115.18027057300003,22.784805971000083],[115.17440728100007,22.80689202600007],[115.17294355600006,22.821193752000056],[115.19601300300008,22.83189769200004],[115.21729394500005,22.83489118300008],[115.23145592500009,22.83006419500009],[115.24561608200008,22.83535390800006],[115.25595136800007,22.84784577000005],[115.27222741000003,22.873846747000073],[115.29224694100003,22.895331122000073],[115.30380293100006,22.90302155200004],[115.31714928500003,22.90452708500004],[115.31055748800009,22.882473049000055],[115.30941816500001,22.86937083500004],[115.31373131600003,22.86359284100007],[115.32479902400007,22.85956452000005],[115.32016035200002,22.850531317000048],[115.3030404210001,22.83861373400009],[115.25856378500009,22.82046302300006],[115.23276710300001,22.805339609000043],[115.23339092700007,22.788208507000036],[115.25108133600008,22.787980248000054],[115.28914445700002,22.791553391000036],[115.33057039700009,22.78854041900007],[115.36399407500005,22.76364478000005],[115.37476689900006,22.77328464100009],[115.38624108200008,22.782904364000046],[115.411208225,22.788267543000075],[115.422372548,22.77179740300005],[115.424133428,22.761993113000074],[115.40975996200007,22.757879950000074],[115.39755293100006,22.74876536700009],[115.38892662900003,22.746893622000073],[115.35840905000009,22.74868398600006],[115.35067793100006,22.746893622000073],[115.33847089900007,22.73309967700004],[115.3482051950001,22.717368990000068],[115.3612720430001,22.70413735900007],[115.373508023,22.694177267000043],[115.39429772200003,22.68968333500004],[115.42126350300009,22.690235633000043],[115.43826484100009,22.700598507000052],[115.46481812900004,22.701034142000083],[115.49119293900003,22.687586813000053],[115.52209550200007,22.67650328700006],[115.53615557400008,22.668123388000083],[115.57521894800004,22.66833597200008],[115.56421959700003,22.684881903000075],[115.56251061300009,22.705633856000077],[115.58090254000001,22.72333405200004],[115.59009850400003,22.737209377000056],[115.58619225400003,22.74510325700004],[115.56732101300008,22.747281344000044],[115.56575300400004,22.73708086000005],[115.55558818200006,22.71437029300006],[115.52393639400009,22.74176666900007],[115.5270169690001,22.767042406000087],[115.53896582800007,22.788904414000058],[115.55624428600004,22.807435384000087],[115.59131920700008,22.847479559000078],[115.61207116000003,22.86359284100007],[115.60059655000009,22.861883856000077],[115.59335371200007,22.856390692000048],[115.58692467500009,22.849351304000038],[115.57789147200003,22.84316640800006],[115.56592858200008,22.837958075000074],[115.55941816500001,22.836086330000057],[115.54004967500009,22.83624909100007],[115.53036543100006,22.838324286000045],[115.51514733200008,22.847316799000055],[115.50562584700003,22.849310614000046],[115.47860761800007,22.847479559000078],[115.46802819100003,22.849310614000046],[115.46802819100003,22.856756903000075],[115.49415123800009,22.86078522300005],[115.49610436300009,22.88031647300005],[115.48300214900007,22.90184153900009],[115.46420332100001,22.91201406500005],[115.45541425900001,22.90973541900007],[115.44613691500001,22.89996979400007],[115.43702233200008,22.897772528000075],[115.42725670700008,22.90062083500004],[115.41854902400007,22.90770091400009],[115.40601647200003,22.925034898000035],[115.42383873800009,22.918768622000073],[115.43018639400009,22.91819896000004],[115.43832441500001,22.920355536000045],[115.44239342500009,22.92967357000009],[115.45093834700003,22.93187083500004],[115.46827233200008,22.92649974200009],[115.49634850400003,22.90306224200009],[115.50562584700003,22.897772528000075],[115.53378339900007,22.898260809000078],[115.54761803500003,22.895412502000056],[115.54688561300009,22.887152411000045],[115.53663170700008,22.874335028000075],[115.53296959700003,22.86204661700009],[115.53988691500001,22.85293203300006],[115.56055748800009,22.849310614000046],[115.56495201900009,22.853257554000038],[115.57406660200002,22.87173086100006],[115.57789147200003,22.87726471600007],[115.58399498800009,22.88031647300005],[115.63941491000003,22.88934967700004],[115.65333092500009,22.893744208000044],[115.66659589900007,22.90452708500004],[115.68311608200008,22.924261786000045],[115.69198652400007,22.929022528000075],[115.73031660200002,22.93423086100006],[115.73373457100001,22.93187083500004],[115.72754967500009,22.922756252000056],[115.72128339900007,22.90452708500004],[115.71387780000009,22.90452708500004],[115.70517011800007,22.907375393000052],[115.69263756600003,22.900091864000046],[115.68246504000001,22.88816966400009],[115.68426622900006,22.877779098000076],[115.7035808390001,22.86932319400006],[115.6970355850001,22.85067112200005],[115.736869609,22.85167302800005],[115.76323712500005,22.841487071000074],[115.7763443450001,22.832345699000086],[115.7850551350001,22.825677925000036],[115.79037519600001,22.821926174000055],[115.79843183700007,22.819525458000044],[115.80477949300007,22.81509023600006],[115.80990644600001,22.808335679000038],[115.81275475400003,22.79954661700009],[115.81470787900003,22.78611888200004],[115.81356855600006,22.776271877000056],[115.80648847700002,22.778265692000048],[115.80136152400007,22.786851304000038],[115.79940839900007,22.794663804000038],[115.79501386800007,22.80027903900009],[115.78803850300005,22.79784174100007],[115.79048384700002,22.78720037000005],[115.79545956600009,22.769988070000068],[115.79781189200003,22.75444957600007],[115.810029869,22.746090775000084],[115.82595611500005,22.746643521000067],[115.84321232500008,22.770024884000065],[115.85488226100006,22.778790126000047],[115.88349730700008,22.794618575000072],[115.90373753900008,22.789376442000048],[115.93326333900006,22.805993707000084],[115.93948765200003,22.80751586200006],[115.95801360200005,22.804743209000037],[115.96607506600003,22.817206122000073],[115.99671759400007,22.836684122000065],[116.01179603500009,22.83804350300005],[116.02610749200005,22.845127110000078],[116.03744550900001,22.850897528000075],[116.04786217500009,22.85179271000004],[116.053772235,22.855228638000085],[116.07617780700002,22.867871480000076],[116.0872538220001,22.889693668000064],[116.07129967500009,22.897772528000075],[116.04188078800007,22.92232107700005],[116.04210490800006,22.932918286000074],[116.08700605600006,22.90656159100007],[116.12372104000008,22.89472923900007],[116.09125331300004,22.868409860000042],[116.08467166600008,22.84976535000004],[116.09568990500009,22.825900457000046],[116.11356126700002,22.83291023700008],[116.12965056100006,22.83913479800009],[116.1449099130001,22.847822500000063],[116.17098930300006,22.86446526900005],[116.20008802000007,22.89655534600007],[116.21456253200006,22.90852205300007],[116.2210090860001,22.919009820000042],[116.24618135200001,22.931590004000043],[116.2814583920001,22.957857275000038],[116.26937910200002,22.966620184000078],[116.25228925900001,22.959051825000074],[116.23487389400009,22.960272528000075],[116.20101972700002,22.973456122000073],[116.21363366000003,22.982814846000053],[116.23471113400001,22.980414130000042],[116.26225996800008,22.973737028000073],[116.28906383900005,22.978943018000052],[116.29848707000008,22.963246737000077],[116.33825115100001,22.951857250000046],[116.35303795700008,22.938055731000077],[116.37960727900008,22.92898441300008],[116.42629040700001,22.937425476000044],[116.4585096620001,22.947419938000053],[116.494687913,22.93935241300005],[116.51847389200009,22.967455536000045],[116.52193572500005,22.99841091500008],[116.54785154900003,23.00603914600009],[116.56325009500006,23.01877372100006],[116.55484606100003,23.036094399000035],[116.54849613500005,23.066401898000038],[116.5516555910001,23.086724106000077],[116.53364811400002,23.10913453800009],[116.54512080800009,23.144775094000067],[116.56991582300009,23.17769187500005],[116.60149581500002,23.196580792000077],[116.604504249,23.209556543000076],[116.6029491600001,23.21773845200005],[116.57455488400001,23.22410716400009],[116.56397545700008,23.22296784100007],[116.55315787300003,23.21637335400004],[116.54142873,23.21010457200009],[116.52698753700008,23.200621073000036],[116.50928795700008,23.21637604400007],[116.50888105600006,23.234116929000038],[116.51685631600003,23.235174872000073],[116.56997645400008,23.246972843000037],[116.58858539900007,23.244933802000048],[116.61151014100005,23.238729609000075],[116.61814794100007,23.221479117000058],[116.61675443900003,23.202770202000067],[116.61377172000005,23.190607423000074],[116.61521596500006,23.178349308000065],[116.62929588000009,23.17396980300009],[116.6370210230001,23.16401789400004],[116.64675495900008,23.162991383000076],[116.66174784000009,23.193648388000042],[116.67116605600006,23.214638817000036],[116.68930798100007,23.22973059900005],[116.70550223000009,23.23834402700004],[116.71509850400003,23.243801174000055],[116.70899498800009,23.25853099200009],[116.69507897200003,23.265692450000074],[116.67920983200008,23.27138906500005],[116.66724694100003,23.281317450000074],[116.70557701900009,23.276597398000035],[116.73129316500001,23.25771719000005],[116.75416100400003,23.23338450700004],[116.78394616000003,23.21238841400009],[116.804822489,23.236122461000036],[116.79426890800005,23.23962214700009],[116.78617904300006,23.235722800000076],[116.77711022200003,23.240383205000057],[116.76852783200002,23.272821140000076],[116.76563084100007,23.297350702000074],[116.74863483000001,23.326288333000036],[116.73011154700009,23.330753946000073],[116.72707447100004,23.316115909000075],[116.70941427800005,23.31976964900008],[116.69124035800007,23.338976648000084],[116.66097618700007,23.337223022000046],[116.64188900700003,23.31883540800004],[116.60840905000009,23.320461330000057],[116.58798261800007,23.316107489000046],[116.57300866000003,23.32367584800005],[116.55225670700008,23.341498114000046],[116.53321373800009,23.361883856000077],[116.52320397200003,23.377508856000077],[116.52173912900003,23.41120026200008],[116.52320397200003,23.418524481000077],[116.53174889400009,23.42255280200004],[116.54322350400003,23.421210028000075],[116.55347741000003,23.41425202000005],[116.55787194100003,23.40176015800006],[116.56893964900007,23.391017971000053],[116.62191816500001,23.36912669500009],[116.65784363400007,23.35445209100004],[116.68075605600006,23.35700104400007],[116.69288170700008,23.359930731000077],[116.71298926300005,23.355628883000065],[116.73241003700002,23.35113160900005],[116.74656684900003,23.34920666000005],[116.75294030000009,23.35024648600006],[116.77322445100003,23.34943237200008],[116.86662820400011,23.450232931000073],[116.87262115300007,23.473806531000037],[116.85425866000003,23.497381903000075],[116.84970136800007,23.51129791900007],[116.85499108200008,23.52488841400009],[116.87549889400009,23.54706452000005],[116.88331139400009,23.55963776200008],[116.88624108200008,23.573065497000073],[116.88404381600003,23.58661530200004],[116.87916100400003,23.593573309000078],[116.87427819100003,23.59861888200004],[116.87208092500009,23.60687897300005],[116.87745201900009,23.618353583000044],[116.90072675900001,23.63426341400009],[116.90609785200002,23.64130280200004],[116.90894616000003,23.65460846600007],[116.91651451900009,23.66274648600006],[116.92750084700003,23.664496161000045],[116.94092858200008,23.658677476000037],[116.91757246200007,23.637925523000035],[116.92758222700002,23.624741929000038],[116.95070523000004,23.610883295000065],[116.96507212100005,23.615437651000036],[116.98535568500006,23.640228473000036],[117.00950178400001,23.64454238600007],[117.01832116000003,23.64789459800005],[117.02344811300009,23.658677476000037],[117.03427168100006,23.661322333000044],[117.04444420700008,23.65566640800006],[117.05779791000009,23.653964983000037],[117.06841298800009,23.65127271500006],[117.077881123,23.63882981000006],[117.07918982300009,23.622489485000074],[117.0760033680001,23.604627399000037],[117.08355969400009,23.588949683000067],[117.08046765200004,23.574346566000088],[117.07840664300011,23.564611083000045],[117.084227758,23.55060551300005],[117.09946427700004,23.55430956500004],[117.12846022200006,23.572353777000046],[117.1508298120001,23.60686733500006],[117.17465254000001,23.616359768000052],[117.18588300900001,23.621039130000042],[117.21920130500007,23.629627879000054],[117.22041024000009,23.640201411000078],[117.21718120000003,23.652511357000037],[117.20850670700008,23.664943752000056],[117.22518964900007,23.684719143000052],[117.22950280000009,23.69281647300005],[117.23560631600003,23.67145416900007],[117.24408975600011,23.657548493000036],[117.23553754,23.639819411000076],[117.23596388500005,23.62431050300006],[117.23896432000004,23.605472819000056],[117.25709264900001,23.615616376000048],[117.2791221110001,23.636267573000055],[117.26364898600002,23.655424769000035],[117.26796469200008,23.679791608000073],[117.27624182700004,23.687743259000058],[117.27192081500004,23.721306450000043],[117.28573652400007,23.74677155200004],[117.29232832100001,23.762152411000045],[117.27735436300009,23.78221263200004],[117.29257246200007,23.789496161000045],[117.30396569100003,23.77558014500005],[117.31910241000003,23.76162344000005],[117.34555097700002,23.76854075700004],[117.35458418100006,23.777411200000074],[117.36093183700007,23.785956122000073],[117.36890709700003,23.792629299000055],[117.38241621200007,23.79523346600007],[117.43433140800005,23.77592209700009],[117.46347744400009,23.788287134000086],[117.490072768,23.832578709000074],[117.49959628800002,23.87407223200006],[117.46851647200003,23.911932684000078],[117.44979902400007,23.91347890800006],[117.42709394600001,23.91038646000004],[117.40967858200008,23.913397528000075],[117.40707441500001,23.93305084800005],[117.41659589900007,23.94684479400007],[117.43018639400009,23.943752346000053],[117.45484459700003,23.925604559000078],[117.47461998800009,23.92096588700008],[117.53736412900003,23.91937897300005],[117.55673261800007,23.913234768000052],[117.57105553500003,23.903265692000048],[117.58236738400001,23.88930898600006],[117.59205162900003,23.87099844000005],[117.59815514400009,23.852443752000056],[117.60010826900009,23.83397044500009],[117.60201234700003,23.798949107000055],[117.58746244400004,23.777780118000067],[117.58952473800002,23.756154105000064],[117.5916687880001,23.73706444600009],[117.61255944100003,23.76268138200004],[117.61939537900003,23.77480703300006],[117.63926948000005,23.794102300000077],[117.6260078030001,23.81223288800004],[117.62553554500005,23.840153334000036],[117.63359979200004,23.87415807900004],[117.64863267600003,23.90923358200007],[117.67156489500007,23.931411491000063],[117.69507897200003,23.953558661000045],[117.68726647200003,23.979071356000077],[117.68848717500009,23.99750397300005],[117.70875084700003,24.03546784100007],[117.69223066500001,24.035223700000074],[117.67969811300009,24.03904857000009],[117.67099043100006,24.048000393000052],[117.66708418100006,24.06273021000004],[117.69223066500001,24.046535549000055],[117.72413170700008,24.033758856000077],[117.75001061300009,24.03729889500005],[117.75709069100003,24.070257880000042],[117.76327558700007,24.070257880000042],[117.77027428500003,24.05145905200004],[117.77418053500003,24.045396226000037],[117.77613366000003,24.03729889500005],[117.76978600400003,24.031317450000074],[117.75709069100003,24.02488841400009],[117.76172936300009,24.014837958000044],[117.78646894600001,24.028143622000073],[117.79810631600003,24.02179596600007],[117.79135175900001,24.00153229400007],[117.73788496200007,23.950506903000075],[117.72925866000003,23.91937897300005],[117.73658287900003,23.90810781500005],[117.74805748800009,23.907538153000075],[117.75863691500001,23.91547272300005],[117.76327558700007,23.929348049000055],[117.76547285200002,23.947333075000074],[117.77198326900009,23.958929755000042],[117.79810631600003,23.980210679000038],[117.83912194100003,24.02362702000005],[117.86231530000009,24.035223700000074],[117.89364668100006,24.02802155200004],[117.89942467500009,24.040187893000052],[117.89869225400003,24.050523179000038],[117.89559980600006,24.060980536000045],[117.89364668100006,24.07330963700008],[117.89576256600003,24.08661530200004],[117.90137780000009,24.09861888200004],[117.93051191500001,24.141099351000037],[117.93775475400003,24.16168854400007],[117.93238366000003,24.178290106000077],[117.90731855600006,24.18626536700009],[117.92090905000009,24.19668203300006],[117.93213951900009,24.207953192000048],[117.94361412900003,24.212591864000046],[117.95850670700008,24.203070380000042],[117.96265709700003,24.17381419500009],[117.96786543100006,24.159816799000055],[117.97877037900003,24.16209544500009],[117.98251386800007,24.169175523000035],[117.98642011800007,24.187160549000055],[117.98926842500009,24.193101304000038],[117.99642988400001,24.197414455000057],[118.01620527400007,24.20311107000009],[118.02393639400009,24.206732489000046],[118.03834069100003,24.22020091400009],[118.05933678500003,24.24551015800006],[118.07178795700008,24.25458405200004],[118.08472741000003,24.24909088700008],[118.10873457100001,24.261053778000075],[118.12647545700008,24.26203034100007],[118.12265058700007,24.270738023000035],[118.12061608200008,24.27952708500004],[118.11963951900009,24.299261786000045],[118.11646569100003,24.304510809000078],[118.10230553500003,24.314276434000078],[118.09913170700008,24.31972890800006],[118.09058678500003,24.341457424000055],[118.07178795700008,24.348863023000035],[118.05298912900003,24.346909898000035],[118.04444420700008,24.34052155200004],[118.03736412900003,24.331284898000035],[118.02418053500003,24.323553778000075],[118.01587975400003,24.32684967700004],[118.02393639400009,24.350775458000044],[118.03003991000003,24.35814036700009],[118.03573652400007,24.361029364000046],[118.04078209700003,24.365627346000053],[118.04688561300009,24.38963450700004],[118.04745527400007,24.39907461100006],[118.04297936300009,24.406683661000045],[118.03012129000001,24.41282786700009],[118.01954186300009,24.406195380000042],[117.98934980600006,24.39476146000004],[117.90731855600006,24.384914455000057],[117.87460371200007,24.396307684000078],[117.79127037900003,24.460638739000046],[117.79127037900003,24.46747467700004],[117.81568444100003,24.471625067000048],[117.90113366000003,24.453192450000074],[117.88485761800007,24.46865469000005],[117.86622155000009,24.473578192000048],[117.84628339900007,24.475083726000037],[117.82593834700003,24.48045482000009],[117.86768639400009,24.489569403000075],[117.91187584700003,24.478949286000045],[117.99610436300009,24.446966864000046],[118.02173912900003,24.445746161000045],[118.02027428500003,24.45465729400007],[118.00757897200003,24.465725002000056],[117.99952233200008,24.470851955000057],[118.00692793100006,24.48045482000009],[118.00936933700007,24.485541083000044],[118.01392662900003,24.487616278000075],[118.02711022200003,24.487941799000055],[118.03671308700007,24.49087148600006],[118.04428144600001,24.49803294500009],[118.05811608200008,24.51585521000004],[118.04403730600006,24.528265692000048],[118.02076256600003,24.53656647300005],[117.97877037900003,24.54254791900007],[117.97486412900003,24.55272044500009],[117.99244225400003,24.571478583000044],[118.00928795700008,24.58071523600006],[118.00294030000009,24.562445380000042],[118.02108808700007,24.55499909100007],[118.03736412900003,24.560614325000074],[118.04476972700002,24.575995184000078],[118.03695722700002,24.597805080000057],[118.04444420700008,24.617661851000037],[118.09229576900009,24.597805080000057],[118.10336347700002,24.584784247000073],[118.11036217500009,24.584051825000074],[118.11280358200008,24.597805080000057],[118.12216230600006,24.607855536000045],[118.13095136800007,24.620062567000048],[118.13746178500003,24.63377513200004],[118.14144941500001,24.65696849200009],[118.14527428500003,24.658636786000045],[118.15088951900009,24.658636786000045],[118.15748131600003,24.662665106000077],[118.16049238400001,24.693426825000074],[118.18140709700003,24.672756252000056],[118.18759199300007,24.657375393000052],[118.18384850400003,24.64276764500005],[118.17432701900009,24.62449778900009],[118.18783613400001,24.624660549000055],[118.20370527400007,24.621527411000045],[118.21517988400001,24.61481354400007],[118.21583092500009,24.603989976000037],[118.20508873800009,24.59870026200008],[118.19166100400003,24.600897528000075],[118.18165123800009,24.597805080000057],[118.18116295700008,24.576117255000042],[118.19434655000009,24.556463934000078],[118.21900475400003,24.541449286000045],[118.24179121200007,24.543768622000073],[118.24984785200002,24.576117255000042],[118.26319420700008,24.570379950000074],[118.27295983200008,24.57440827000005],[118.27979576900009,24.58470286700009],[118.28402754000001,24.597805080000057],[118.30713951900009,24.588324286000045],[118.31739342500009,24.58698151200008],[118.32504316500001,24.590318101000037],[118.35165449300007,24.58234284100007],[118.37989342500009,24.590236721000053],[118.40479576900009,24.606634833000044],[118.42188561300009,24.62449778900009],[118.40088951900009,24.672308661000045],[118.41146894600001,24.680121161000045],[118.42261803500003,24.69285716400009],[118.43124433700007,24.699693101000037],[118.43490644600001,24.68964264500005],[118.43466230600006,24.659002997000073],[118.43270918100006,24.64472077000005],[118.42807050900001,24.631333726000037],[118.44532311300009,24.628973700000074],[118.47486412900003,24.61432526200008],[118.48609459700003,24.61082591400009],[118.50123131600003,24.60814036700009],[118.57113691500001,24.56899648600006],[118.57813561300009,24.560207424000055],[118.56153405000009,24.55621979400007],[118.55445397200003,24.553208726000037],[118.55136152400007,24.54596588700008],[118.55087324300007,24.53701406500005],[118.55160566500001,24.528957424000055],[118.55396569100003,24.518052476000037],[118.55722089900007,24.517238674000055],[118.56128991000003,24.520697333000044],[118.56519616000003,24.522691148000035],[118.59083092500009,24.52806224200009],[118.62045332100001,24.545477606000077],[118.64657636800007,24.568426825000074],[118.66146894600001,24.590318101000037],[118.66415449300007,24.612250067000048],[118.65381920700008,24.616400458000044],[118.64022871200007,24.616929429000038],[118.63355553500003,24.627875067000048],[118.63388105600006,24.647284247000073],[118.63599694100003,24.663763739000046],[118.64210045700008,24.67869700700004],[118.65406334700003,24.693426825000074],[118.66651451900009,24.68301015800006],[118.67579186300009,24.67145416900007],[118.68539472700002,24.666489976000037],[118.69874108200008,24.67601146000004],[118.72022545700008,24.705552476000037],[118.73202558700007,24.716457424000055],[118.74683678500003,24.72068919500009],[118.74854576900009,24.725165106000077],[118.76392662900003,24.751695054000038],[118.76295006600003,24.76268138200004],[118.75953209700003,24.76776764500005],[118.74341881600003,24.775336005000042],[118.72877037900003,24.769476630000042],[118.71998131600003,24.769354559000078],[118.71607506600003,24.77875397300005],[118.71631920700008,24.789943752000056],[118.71509850400003,24.79832591400009],[118.71102949300007,24.80487702000005],[118.70175214900007,24.81004466400009],[118.69752037900003,24.801662502000056],[118.68653405000009,24.792792059000078],[118.66773522200003,24.782171942000048],[118.66065514400009,24.78188711100006],[118.65162194100003,24.782538153000075],[118.64380944100003,24.78221263200004],[118.64039147200003,24.77875397300005],[118.63795006600003,24.77212148600006],[118.63257897200003,24.77724844000005],[118.61793053500003,24.80532461100006],[118.61801191500001,24.817531643000052],[118.62061608200008,24.829291083000044],[118.61988366000003,24.843573309000078],[118.61280358200008,24.85578034100007],[118.57203209700003,24.885199286000045],[118.59579511800007,24.874741929000038],[118.62411543100006,24.86782461100006],[118.65121504000001,24.866888739000046],[118.67115319100003,24.874660549000055],[118.67343183700007,24.88662344000005],[118.66211998800009,24.898382880000042],[118.64747155000009,24.90851471600007],[118.64039147200003,24.91559479400007],[118.64405358200008,24.92413971600007],[118.66163170700008,24.94086334800005],[118.66773522200003,24.95343659100007],[118.67725670700008,24.93740469000005],[118.68270918100006,24.930975653000075],[118.68808027400007,24.926174221000053],[118.68433678500003,24.91547272300005],[118.68482506600003,24.90330638200004],[118.68881269600001,24.895738023000035],[118.69556725400003,24.898871161000045],[118.69752037900003,24.906805731000077],[118.69556725400003,24.94041575700004],[118.70753014400009,24.93121979400007],[118.72046959700003,24.916896877000056],[118.72950280000009,24.900539455000057],[118.72974694100003,24.885199286000045],[118.72518964900007,24.88279857000009],[118.70777428500003,24.87726471600007],[118.70175214900007,24.871527411000045],[118.69809004000001,24.859523830000057],[118.69979902400007,24.85154857000009],[118.70606530000009,24.846625067000048],[118.71607506600003,24.843573309000078],[118.73633873800009,24.851385809000078],[118.76197350400003,24.857977606000077],[118.78012129000001,24.86782461100006],[118.77759850400003,24.885199286000045],[118.79208418100006,24.891099351000037],[118.80274498800009,24.88808828300006],[118.81275475400003,24.881659247000073],[118.82593834700003,24.877752997000073],[118.83765709700003,24.880560614000046],[118.86670983200008,24.891017971000053],[118.87720787900003,24.888617255000042],[118.89795983200008,24.875799872000073],[118.92440839900007,24.869940497000073],[118.95199629000001,24.870754299000055],[118.97616621200007,24.877752997000073],[118.97584069100003,24.88271719000005],[118.97494550900001,24.88385651200008],[118.97299238400001,24.883734442000048],[118.96998131600003,24.885199286000045],[118.97250410200002,24.89012278900009],[118.97388756600003,24.891913153000075],[118.97323652400007,24.893784898000035],[118.96998131600003,24.898871161000045],[118.93417402400007,24.886053778000075],[118.90992272200003,24.907171942000048],[118.90113366000003,24.93781159100007],[118.91163170700008,24.95343659100007],[118.94849694100003,24.956773179000038],[118.96371504000001,24.954413153000075],[118.96998131600003,24.94354889500005],[118.97706139400009,24.934027411000045],[118.99268639400009,24.93695709800005],[119.00904381600003,24.947333075000074],[119.01767011800007,24.960272528000075],[119.01319420700008,24.958197333000044],[118.99732506600003,24.95343659100007],[118.98731530000009,24.979722398000035],[118.98324629000001,24.99510325700004],[118.98666425900001,25.001898505000042],[118.99341881600003,25.008734442000048],[118.99952233200008,25.02407461100006],[119.00342858200008,25.04047272300005],[119.00416100400003,25.05023834800005],[118.99732506600003,25.053534247000073],[118.99048912900003,25.040187893000052],[118.97999108200008,25.011786200000074],[118.96705162900003,25.00454336100006],[118.95370527400007,25.00299713700008],[118.94068444100003,25.006659247000073],[118.92831464900007,25.014878648000035],[118.93515058700007,25.022365627000056],[118.89576256600003,25.03351471600007],[118.87794030000009,25.040716864000046],[118.86011803500003,25.05654531500005],[118.84913170700008,25.07379791900007],[118.84896894600001,25.08661530200004],[118.85767662900003,25.098049221000053],[118.86768996700005,25.100408375000086],[118.88559004000001,25.10614655200004],[118.90316816500001,25.102484442000048],[118.92139733200008,25.101385809000078],[118.93515058700007,25.104315497000073],[118.94296308700007,25.10883209800005],[118.94727623800009,25.11318594000005],[118.94906660200002,25.118963934000078],[118.94898522200003,25.13694896000004],[118.95557701900009,25.152085679000038],[118.97217858200008,25.17206452000005],[118.97461998800009,25.182562567000048],[118.96314537900003,25.19367096600007],[118.94825280000009,25.19717031500005],[118.93295332100001,25.194566148000035],[118.92090905000009,25.187933661000045],[118.91529381600003,25.179388739000046],[118.90927168100006,25.195705471000053],[118.91382897200003,25.208685614000046],[118.91114342500009,25.217230536000045],[118.88404381600003,25.220363674000055],[118.86483808700007,25.22797272300005],[118.87558027400007,25.243841864000046],[118.89649498800009,25.257513739000046],[118.90780683700007,25.25849030200004],[118.91846764400009,25.26439036700009],[118.98365319100003,25.283026434000078],[119.02729761500007,25.278237969000088],[119.02494595300004,25.25928888800007],[119.00001061300009,25.254055080000057],[118.97999108200008,25.24485911700009],[118.96933027400007,25.226385809000078],[118.98731530000009,25.22223541900007],[119.03475996200007,25.227769273000035],[119.05738366000003,25.225002346000053],[119.06885826900009,25.216742255000042],[119.06910241000003,25.203680731000077],[119.05860436300009,25.18622467700004],[119.03402754000001,25.158677476000037],[119.02906334700003,25.14052969000005],[119.04444420700008,25.124741929000038],[119.04590905000009,25.143052476000037],[119.05323326900009,25.15761953300006],[119.06470787900003,25.162543036000045],[119.07919355600006,25.152085679000038],[119.07398522200003,25.145656643000052],[119.06478925900001,25.124741929000038],[119.08944746200007,25.113674221000053],[119.09913170700008,25.111151434000078],[119.09571373800009,25.11473216400009],[119.09310957100001,25.118068752000056],[119.09034264400009,25.121242580000057],[119.08545983200008,25.124741929000038],[119.09327233200008,25.135646877000056],[119.10352623800009,25.133246161000045],[119.11670983200008,25.126613674000055],[119.13379967500009,25.124741929000038],[119.14991295700008,25.13157786700009],[119.15308678500003,25.13971588700008],[119.14657636800007,25.143744208000044],[119.13379967500009,25.138413804000038],[119.12924238400001,25.14866771000004],[119.12484785200002,25.155503648000035],[119.11988366000003,25.160711981000077],[119.11425057600002,25.173056235000047],[119.1041801340001,25.182947837000086],[119.10179393100009,25.196634419000077],[119.11609619800004,25.213781835000077],[119.14197462600009,25.220978417000083],[119.15335906500002,25.206954893000045],[119.16467866300002,25.19157374000008],[119.17562910200002,25.17649974200009],[119.19288170700008,25.18231842700004],[119.21265709700003,25.18622467700004],[119.22937574000002,25.193215206000048],[119.2427534310001,25.189987132000056],[119.25562625300006,25.17589713600006],[119.28126061300009,25.179388739000046],[119.28882897200003,25.189113674000055],[119.27247155000009,25.231756903000075],[119.28126061300009,25.241441148000035],[119.32374108200008,25.237982489000046],[119.34424889400009,25.24237702000005],[119.35287519600001,25.25849030200004],[119.34750410200002,25.26776764500005],[119.33578535200002,25.272284247000073],[119.32422936300009,25.275091864000046],[119.31885826900009,25.279364325000074],[119.29696699300007,25.307196356000077],[119.29135175900001,25.31659577000005],[119.29835045700008,25.31659577000005],[119.29330488400001,25.321966864000046],[119.28866621200007,25.325425523000035],[119.27784264400009,25.330226955000057],[119.27369225400003,25.31858958500004],[119.26514733200008,25.317572333000044],[119.25416100400003,25.322821356000077],[119.24301191500001,25.330226955000057],[119.24122155000009,25.312567450000074],[119.23471113400001,25.294867255000042],[119.22584069100003,25.279689846000053],[119.21631920700008,25.269354559000078],[119.20126386800007,25.259711005000042],[119.19678795700008,25.263332424000055],[119.19320722700002,25.27496979400007],[119.18148847700002,25.28925202000005],[119.19174238400001,25.29954661700009],[119.20150800900001,25.306341864000046],[119.22315514400009,25.31659577000005],[119.20337975400003,25.35814036700009],[119.19532311300009,25.35814036700009],[119.19239342500009,25.34202708500004],[119.18311608200008,25.329413153000075],[119.17318769600001,25.325140692000048],[119.16846764400009,25.333929755000042],[119.16529381600003,25.349554755000042],[119.15699303500003,25.362616278000075],[119.10962975400003,25.406805731000077],[119.10254967500009,25.420314846000053],[119.11670983200008,25.42641836100006],[119.12867272200003,25.42999909100007],[119.16138756600003,25.448919989000046],[119.17164147200003,25.457464911000045],[119.18336022200003,25.464992580000057],[119.21509850400003,25.47028229400007],[119.22934004000001,25.47483958500004],[119.23780358200008,25.481756903000075],[119.26075280000009,25.512111721000053],[119.26880944100003,25.52692291900007],[119.27198326900009,25.557521877000056],[119.27784264400009,25.570461330000057],[119.31055748800009,25.577866929000038],[119.32138105600006,25.58734772300005],[119.30518639400009,25.60455963700008],[119.32260175900001,25.611029364000046],[119.34302819100003,25.609198309000078],[119.35629316500001,25.600043036000045],[119.35287519600001,25.58466217700004],[119.36036217500009,25.577297268000052],[119.36475670700008,25.582180080000057],[119.36890709700003,25.584906317000048],[119.38086998800009,25.59088776200008],[119.35604902400007,25.550726630000042],[119.35287519600001,25.53974030200004],[119.35653730600006,25.52692291900007],[119.36597741000003,25.520697333000044],[119.44190514400009,25.509507554000038],[119.44906660200002,25.50527578300006],[119.44556725400003,25.49013906500005],[119.43311608200008,25.459540106000077],[119.43555748800009,25.446926174000055],[119.44703209700003,25.438788153000075],[119.45321699300007,25.449774481000077],[119.45826256600003,25.46629466400009],[119.46615644600001,25.47483958500004],[119.50489342500009,25.47492096600007],[119.50733483200008,25.474432684000078],[119.50546308700007,25.472316799000055],[119.50294030000009,25.46246979400007],[119.49366295700008,25.454250393000052],[119.49073326900009,25.446926174000055],[119.49219811300009,25.440375067000048],[119.49683678500003,25.436753648000035],[119.50204511800007,25.433986721000053],[119.50424238400001,25.42987702000005],[119.50253339900007,25.41620514500005],[119.49781334700003,25.39940013200004],[119.49122155000009,25.383205471000053],[119.48324629000001,25.371161200000074],[119.50326582100001,25.373928127000056],[119.52588951900009,25.37409088700008],[119.54444420700008,25.37718333500004],[119.55209394600001,25.38886139500005],[119.55819746200007,25.40460846600007],[119.55616295700008,25.41046784100007],[119.54200280000009,25.41278717700004],[119.53598066500001,25.419134833000044],[119.53443444100003,25.43378327000005],[119.53589928500003,25.44993724200009],[119.53858483200008,25.46116771000004],[119.54542076900009,25.458644924000055],[119.54818769600001,25.456976630000042],[119.55209394600001,25.45376211100006],[119.55600019600001,25.458929755000042],[119.56153405000009,25.463283596000053],[119.56836998800009,25.46625397300005],[119.57601972700002,25.467352606000077],[119.57626386800007,25.462836005000042],[119.58969160200002,25.44326406500005],[119.59310957100001,25.43943919500009],[119.58985436300009,25.43183014500005],[119.58253014400009,25.425604559000078],[119.57797285200002,25.41868724200009],[119.58871504000001,25.401312567000048],[119.59986412900003,25.371161200000074],[119.59359785200002,25.36709219000005],[119.58790123800009,25.36078522300005],[119.58301842500009,25.35301341400009],[119.57943769600001,25.34446849200009],[119.60287519600001,25.346136786000045],[119.65455162900003,25.35814036700009],[119.64559980600006,25.36155833500004],[119.63778730600006,25.36359284100007],[119.62037194100003,25.364976304000038],[119.63729902400007,25.37799713700008],[119.64600670700008,25.39256419500009],[119.64527428500003,25.41046784100007],[119.63412519600001,25.433254299000055],[119.62533613400001,25.438055731000077],[119.61670983200008,25.437241929000038],[119.61402428500003,25.438788153000075],[119.62354576900009,25.450344143000052],[119.62802168100006,25.461371161000045],[119.62240644600001,25.46942780200004],[119.61142011800007,25.47410716400009],[119.59986412900003,25.47483958500004],[119.59986412900003,25.481024481000077],[119.60360761800007,25.491156317000048],[119.59848066500001,25.492743231000077],[119.57260175900001,25.48786041900007],[119.57260175900001,25.494696356000077],[119.58163496200007,25.496161200000074],[119.58741295700008,25.49872467700004],[119.59986412900003,25.508368231000077],[119.58985436300009,25.507879950000074],[119.58163496200007,25.50926341400009],[119.56641686300009,25.51581452000005],[119.57691491000003,25.515326239000046],[119.58301842500009,25.517320054000038],[119.58741295700008,25.521918036000045],[119.59310957100001,25.52948639500005],[119.57227623800009,25.53343333500004],[119.56836998800009,25.547430731000077],[119.57943769600001,25.58466217700004],[119.57569420700008,25.577785549000055],[119.56812584700003,25.56903717700004],[119.55844160200002,25.563788153000075],[119.54883873800009,25.56704336100006],[119.53443444100003,25.575873114000046],[119.52670332100001,25.57099030200004],[119.52206464900007,25.56150950700004],[119.51734459700003,25.556789455000057],[119.49244225400003,25.56476471600007],[119.48104902400007,25.580471096000053],[119.47934004000001,25.60154857000009],[119.48324629000001,25.62567780200004],[119.46705162900003,25.61391836100006],[119.45972741000003,25.632879950000074],[119.45590254000001,25.663723049000055],[119.44906660200002,25.687160549000055],[119.46363366000003,25.685288804000038],[119.46949303500003,25.68357982000009],[119.47706139400009,25.67967357000009],[119.48707116000003,25.687323309000078],[119.50058027400007,25.68968333500004],[119.51734459700003,25.69017161700009],[119.52279707100001,25.70579661700009],[119.53541100400003,25.705877997000073],[119.56430097700002,25.68968333500004],[119.56763756600003,25.68195221600007],[119.57260175900001,25.67967357000009],[119.57992597700002,25.67999909100007],[119.58432050900001,25.68260325700004],[119.58716881600003,25.685695705000057],[119.58993574300007,25.687160549000055],[119.59302819100003,25.693182684000078],[119.59376061300009,25.721869208000044],[119.59644616000003,25.73151276200008],[119.61670983200008,25.75226471600007],[119.62086022200003,25.760321356000077],[119.61670983200008,25.76471588700008],[119.60987389400009,25.76715729400007],[119.60604902400007,25.76902903900009],[119.60840905000009,25.792669989000046],[119.60792076900009,25.805161851000037],[119.60303795700008,25.810614325000074],[119.58301842500009,25.82021719000005],[119.57911217500009,25.84125397300005],[119.57789147200003,25.86237213700008],[119.56641686300009,25.87205638200004],[119.57422936300009,25.884914455000057],[119.58407636800007,25.87693919500009],[119.59986412900003,25.844183661000045],[119.61646569100003,25.892645575000074],[119.62354576900009,25.89940013200004],[119.64039147200003,25.90135325700004],[119.65430748800009,25.90692780200004],[119.66553795700008,25.915350653000075],[119.67505944100003,25.92609284100007],[119.69898522200003,25.97256094000005],[119.70240319100003,25.98505280200004],[119.70069420700008,25.99518463700008],[119.69540449300007,26.00263092700004],[119.67505944100003,26.022284247000073],[119.64844811300009,26.015448309000078],[119.61939537900003,26.023504950000074],[119.56641686300009,26.05023834800005],[119.55429121200007,26.04564036700009],[119.51905358200008,26.04450104400007],[119.50424238400001,26.035956122000073],[119.50180097700002,26.02920156500005],[119.50001061300009,26.010199286000045],[119.49683678500003,26.001776434000078],[119.49000084700003,25.994208075000074],[119.44092858200008,25.963812567000048],[119.40975996200007,25.94985586100006],[119.37753339900007,25.94139232000009],[119.34669030000009,25.940375067000048],[119.32984459700003,25.944281317000048],[119.29615319100003,25.956976630000042],[119.25497480600006,25.963283596000053],[119.24683678500003,25.967230536000045],[119.24301191500001,25.995021877000056],[119.23731530000009,26.006252346000053],[119.21737714900007,26.028957424000055],[119.20899498800009,26.043402411000045],[119.20069420700008,26.075913804000038],[119.19516035200002,26.087591864000046],[119.18148847700002,26.09861888200004],[119.15731855600006,26.090765692000048],[119.13648522200003,26.10293203300006],[119.11597741000003,26.123195705000057],[119.09351647200003,26.139593817000048],[119.09351647200003,26.145819403000075],[119.10360761800007,26.143133856000077],[119.12020918100006,26.135931708000044],[119.15162194100003,26.115708726000037],[119.16114342500009,26.11163971600007],[119.20093834700003,26.104681708000044],[119.21583092500009,26.100083726000037],[119.23316491000003,26.08779531500005],[119.26124108200008,26.06053294500009],[119.27711022200003,26.05292389500005],[119.32691491000003,26.048041083000044],[119.34335371200007,26.04205963700008],[119.37338300900001,26.022284247000073],[119.38282311300009,26.01862213700008],[119.40487714900007,26.01386139500005],[119.41504967500009,26.00926341400009],[119.42147871200007,26.002386786000045],[119.43173261800007,25.985296942000048],[119.43555748800009,25.981350002000056],[119.45850670700008,25.982489325000074],[119.47315514400009,25.99713776200008],[119.49374433700007,26.032863674000055],[119.51832116000003,26.064886786000045],[119.53736412900003,26.096828518000052],[119.56112714900007,26.12498607000009],[119.59986412900003,26.145819403000075],[119.59180748800009,26.166408596000053],[119.60010826900009,26.176336981000077],[119.61353600400003,26.182196356000077],[119.62037194100003,26.19049713700008],[119.62501061300009,26.202948309000078],[119.63697350400003,26.21165599200009],[119.65243574300007,26.217596747000073],[119.66822350400003,26.221502997000073],[119.66480553500003,26.231634833000044],[119.66822350400003,26.242010809000078],[119.65170332100001,26.250067450000074],[119.63412519600001,26.255072333000044],[119.65430748800009,26.272406317000048],[119.67359459700003,26.280503648000035],[119.69459069100003,26.282945054000038],[119.71933027400007,26.282945054000038],[119.73267662900003,26.28506094000005],[119.75342858200008,26.29441966400009],[119.76441491000003,26.296616929000038],[119.77662194100003,26.29328034100007],[119.78467858200008,26.28709544500009],[119.79273522200003,26.284084377000056],[119.80543053500003,26.29043203300006],[119.79086347700002,26.29555898600006],[119.78492272200003,26.296616929000038],[119.80111738400001,26.317572333000044],[119.82675214900007,26.32835521000004],[119.85474694100003,26.32754140800006],[119.87745201900009,26.313381252000056],[119.88819420700008,26.318833726000037],[119.94996178500003,26.364935614000046],[119.94996178500003,26.372300523000035],[119.93482506600003,26.37055084800005],[119.90845787900003,26.360500393000052],[119.89478600400003,26.358710028000075],[119.88013756600003,26.363104559000078],[119.85580488400001,26.37763092700004],[119.84009850400003,26.378566799000055],[119.85132897200003,26.39280833500004],[119.84628339900007,26.402411200000074],[119.83480879000001,26.41209544500009],[119.82577558700007,26.426947333000044],[119.79769941500001,26.411322333000044],[119.79175866000003,26.40648021000004],[119.78736412900003,26.397406317000048],[119.78467858200008,26.386379299000055],[119.78012129000001,26.37498607000009],[119.77059980600006,26.364935614000046],[119.75440514400009,26.37205638200004],[119.74838300900001,26.35887278900009],[119.74708092500009,26.32762278900009],[119.73568769600001,26.322211005000042],[119.69629967500009,26.316839911000045],[119.68189537900003,26.31712474200009],[119.68384850400003,26.32168203300006],[119.68661543100006,26.33307526200008],[119.68873131600003,26.337591864000046],[119.66529381600003,26.34015534100007],[119.65552819100003,26.355617580000057],[119.65430748800009,26.429022528000075],[119.64844811300009,26.437445380000042],[119.63998457100001,26.44440338700008],[119.63086998800009,26.44871653900009],[119.62655683700007,26.44432200700004],[119.61630293100006,26.43740469000005],[119.59408613400001,26.43357982000009],[119.57309004000001,26.43781159100007],[119.56641686300009,26.454901434000078],[119.57129967500009,26.465725002000056],[119.57960045700008,26.47089264500005],[119.59986412900003,26.47479889500005],[119.60572350400003,26.474351304000038],[119.62037194100003,26.467962958000044],[119.62549889400009,26.47093333500004],[119.63575280000009,26.479437567000048],[119.64096113400001,26.482163804000038],[119.64698326900009,26.49404531500005],[119.65365644600001,26.49803294500009],[119.66456139400009,26.492132880000042],[119.68978925900001,26.459458726000037],[119.69922936300009,26.454901434000078],[119.71876061300009,26.45184967700004],[119.73764082100001,26.44367096600007],[119.75204511800007,26.431463934000078],[119.76197350400003,26.407456773000035],[119.77206464900007,26.406724351000037],[119.79175866000003,26.413316148000035],[119.79249108200008,26.41665273600006],[119.79110761800007,26.42991771000004],[119.79175866000003,26.43378327000005],[119.79574629000001,26.43427155200004],[119.80884850400003,26.43305084800005],[119.81226647200003,26.43378327000005],[119.81674238400001,26.44472890800006],[119.81885826900009,26.453192450000074],[119.81771894600001,26.462144273000035],[119.81226647200003,26.47479889500005],[119.80225670700008,26.489447333000044],[119.79428144600001,26.49713776200008],[119.78492272200003,26.502020575000074],[119.79061933700007,26.505194403000075],[119.79346764400009,26.508205471000053],[119.79525800900001,26.51162344000005],[119.79859459700003,26.515773830000057],[119.77914472700002,26.520697333000044],[119.76587975400003,26.534369208000044],[119.76172936300009,26.550726630000042],[119.77059980600006,26.564113674000055],[119.77418053500003,26.559515692000048],[119.78492272200003,26.550482489000046],[119.78272545700008,26.55963776200008],[119.78223717500009,26.56476471600007],[119.78492272200003,26.577826239000046],[119.77173912900003,26.58388906500005],[119.74862714900007,26.587958075000074],[119.73642011800007,26.591457424000055],[119.74293053500003,26.60175202000005],[119.74219811300009,26.608628648000035],[119.73519941500001,26.61196523600006],[119.72274824300007,26.611273505000042],[119.73023522200003,26.611273505000042],[119.70093834700003,26.608587958000044],[119.68751061300009,26.611273505000042],[119.67505944100003,26.618801174000055],[119.65796959700003,26.60765208500004],[119.63778730600006,26.598822333000044],[119.61890709700003,26.587836005000042],[119.60604902400007,26.570379950000074],[119.59986412900003,26.570379950000074],[119.59237714900007,26.59088776200008],[119.55420983200008,26.615179755000042],[119.54542076900009,26.63617584800005],[119.54110761800007,26.656317450000074],[119.54444420700008,26.662502346000053],[119.55892988400001,26.666571356000077],[119.56812584700003,26.664536851000037],[119.59986412900003,26.64606354400007],[119.60645592500009,26.66990794500009],[119.60824629000001,26.683539130000042],[119.60604902400007,26.694525458000044],[119.59595787900003,26.70331452000005],[119.58375084700003,26.703924872000073],[119.57081139400009,26.703273830000057],[119.55892988400001,26.708197333000044],[119.55469811300009,26.71482982000009],[119.55152428500003,26.725165106000077],[119.55030358200008,26.737209377000056],[119.55209394600001,26.74909088700008],[119.55762780000009,26.75877513200004],[119.57154381600003,26.766546942000048],[119.57943769600001,26.77643463700008],[119.57553144600001,26.788031317000048],[119.58456464900007,26.794623114000046],[119.59774824300007,26.79710521000004],[119.60604902400007,26.796942450000074],[119.62183678500003,26.786769924000055],[119.62265058700007,26.777167059000078],[119.62037194100003,26.765570380000042],[119.62655683700007,26.74909088700008],[119.64600670700008,26.75332265800006],[119.66382897200003,26.74054596600007],[119.68043053500003,26.721828518000052],[119.69613691500001,26.708197333000044],[119.71314537900003,26.69985586100006],[119.72494550900001,26.697821356000077],[119.73023522200003,26.704738674000055],[119.72738691500001,26.717922268000052],[119.72022545700008,26.72451406500005],[119.71029707100001,26.72988515800006],[119.68384850400003,26.75421784100007],[119.67798912900003,26.76312897300005],[119.67505944100003,26.77643463700008],[119.67628014400009,26.78587474200009],[119.68018639400009,26.799627997000073],[119.68580162900003,26.81199778900009],[119.69239342500009,26.81736888200004],[119.71200605600006,26.807928778000075],[119.72608483200008,26.78652578300006],[119.73267662900003,26.763413804000038],[119.73023522200003,26.74909088700008],[119.73023522200003,26.74290599200009],[119.74301191500001,26.737127997000073],[119.75619550900001,26.73773834800005],[119.76644941500001,26.744940497000073],[119.77059980600006,26.759019273000035],[119.76880944100003,26.77440013200004],[119.76587975400003,26.784002997000073],[119.76522871200007,26.794094143000052],[119.77059980600006,26.81053294500009],[119.78199303500003,26.828517971000053],[119.79835045700008,26.84137604400007],[119.81983483200008,26.849269924000055],[119.84628339900007,26.85219961100006],[119.83480879000001,26.832505601000037],[119.81503339900007,26.82562897300005],[119.79737389400009,26.81639232000009],[119.79175866000003,26.79002513200004],[119.80323326900009,26.795721747000073],[119.81576582100001,26.79759349200009],[119.82837975400003,26.79564036700009],[119.84009850400003,26.79002513200004],[119.81153405000009,26.775783596000053],[119.80225670700008,26.766791083000044],[119.79151451900009,26.704779364000046],[119.79175866000003,26.68768952000005],[119.80307050900001,26.693793036000045],[119.81959069100003,26.711371161000045],[119.82919355600006,26.714992580000057],[119.85059655000009,26.689520575000074],[119.85377037900003,26.68768952000005],[119.85694420700008,26.653509833000044],[119.87964928500003,26.65534088700008],[119.90162194100003,26.65973541900007],[119.88803144600001,26.687241929000038],[119.90186608200008,26.710109768000052],[119.92408287900003,26.732489325000074],[119.93563886800007,26.759019273000035],[119.92367597700002,26.78123607000009],[119.92514082100001,26.792181708000044],[119.94629967500009,26.796942450000074],[120.01490319100003,26.79002513200004],[120.06747480600006,26.800482489000046],[120.07968183700007,26.796942450000074],[120.07764733200008,26.785589911000045],[120.03199303500003,26.728583075000074],[120.03052819100003,26.72492096600007],[120.03199303500003,26.720404364000046],[120.03231855600006,26.716620184000078],[120.02816816500001,26.714992580000057],[120.01783287900003,26.71702708500004],[120.01229902400007,26.71906159100007],[120.01148522200003,26.721177476000037],[120.00025475400003,26.70770905200004],[119.98633873800009,26.679632880000042],[119.97681725400003,26.67401764500005],[119.97877037900003,26.669623114000046],[119.98202558700007,26.658148505000042],[119.98414147200003,26.653509833000044],[119.96851647200003,26.64793528900009],[119.94483483200008,26.632025458000044],[119.92896569100003,26.62563711100006],[119.88843834700003,26.617132880000042],[119.86850019600001,26.61005280200004],[119.85377037900003,26.59829336100006],[119.85206139400009,26.591009833000044],[119.85482832100001,26.571926174000055],[119.85377037900003,26.564113674000055],[119.84815514400009,26.56073639500005],[119.84164472700002,26.56240469000005],[119.83594811300009,26.56150950700004],[119.83261152400007,26.550482489000046],[119.83570397200003,26.531398830000057],[119.84717858200008,26.52362702000005],[119.88428795700008,26.523179429000038],[119.93563886800007,26.56045156500005],[119.93702233200008,26.576727606000077],[119.94117272200003,26.59332916900007],[119.94874108200008,26.60614655200004],[119.95997155000009,26.611273505000042],[120.01490319100003,26.611273505000042],[120.02784264400009,26.615301825000074],[120.07968183700007,26.64606354400007],[120.08668053500003,26.639227606000077],[120.07650800900001,26.630113023000035],[120.07520592500009,26.621486721000053],[120.08041425900001,26.61741771000004],[120.09034264400009,26.622219143000052],[120.09896894600001,26.62836334800005],[120.13436933700007,26.64606354400007],[120.13436933700007,26.653509833000044],[120.12069746200007,26.64606354400007],[120.11044355600006,26.660630601000037],[120.10360761800007,26.67527903900009],[120.10206139400009,26.689154364000046],[120.10767662900003,26.701320705000057],[120.11850019600001,26.706366278000075],[120.13192793100006,26.70722077000005],[120.14356530000009,26.710109768000052],[120.14869225400003,26.721177476000037],[120.14283287900003,26.732814846000053],[120.12875410200002,26.73505280200004],[120.11239668100006,26.73574453300006],[120.10018964900007,26.74290599200009],[120.09774824300007,26.75849030200004],[120.10694420700008,26.77179596600007],[120.11963951900009,26.78416575700004],[120.12818444100003,26.796942450000074],[120.11085045700008,26.79873281500005],[120.09652754000001,26.805894273000035],[120.08505293100006,26.813706773000035],[120.07626386800007,26.81736888200004],[120.06299889400009,26.818915106000077],[120.04761803500003,26.82322825700004],[120.03370201900009,26.829738674000055],[120.02450605600006,26.83787669500009],[120.02515709700003,26.860174872000073],[120.04420006600003,26.876695054000038],[120.05526777400007,26.88939036700009],[120.03199303500003,26.89988841400009],[120.05575605600006,26.89988841400009],[120.06568444100003,26.89785390800006],[120.07349694100003,26.893052476000037],[120.07911217500009,26.888373114000046],[120.08326256600003,26.88629791900007],[120.09555097700002,26.887274481000077],[120.10279381600003,26.89008209800005],[120.10962975400003,26.894354559000078],[120.12069746200007,26.89988841400009],[120.11361738400001,26.918768622000073],[120.12574303500003,26.92731354400007],[120.14722741000003,26.929022528000075],[120.16846764400009,26.92723216400009],[120.20077558700007,26.91543203300006],[120.20948326900009,26.91356028900009],[120.21908613400001,26.91543203300006],[120.22413170700008,26.91868724200009],[120.22860761800007,26.923000393000052],[120.23739668100006,26.92723216400009],[120.22999108200008,26.94090403900009],[120.23471113400001,26.94562409100007],[120.23934980600006,26.952337958000044],[120.24366295700008,26.955145575000074],[120.23568769600001,26.96637604400007],[120.22592207100001,26.967352606000077],[120.21387780000009,26.963812567000048],[120.19955488400001,26.961371161000045],[120.18702233200008,26.96352773600006],[120.14869225400003,26.98187897300005],[120.19320722700002,26.981350002000056],[120.21607506600003,26.984076239000046],[120.22999108200008,26.98932526200008],[120.23739668100006,26.98187897300005],[120.25521894600001,26.99705638200004],[120.25562584700003,27.017523505000042],[120.24154707100001,27.034002997000073],[120.21631920700008,27.03709544500009],[120.21631920700008,27.04393138200004],[120.23218834700003,27.05068594000005],[120.24520918100006,27.065334377000056],[120.25782311300009,27.072658596000053],[120.27149498800009,27.057562567000048],[120.27833092500009,27.063788153000075],[120.26400800900001,27.098578192000048],[120.25839277400007,27.107082424000055],[120.25245201900009,27.11395905200004],[120.24716230600006,27.121649481000077],[120.24366295700008,27.13271719000005],[120.25513756600003,27.13304271000004],[120.26205488400001,27.12995026200008],[120.27491295700008,27.115627346000053],[120.28272545700008,27.11229075700004],[120.35792076900009,27.09837474200009],[120.37753339900007,27.098578192000048],[120.39503014400009,27.106024481000077],[120.37387129000001,27.106024481000077],[120.37387129000001,27.112250067000048],[120.38135826900009,27.112250067000048],[120.38135826900009,27.11904531500005],[120.36703535200002,27.12523021000004],[120.37387129000001,27.13271719000005],[120.38135826900009,27.12523021000004],[120.40796959700003,27.13271719000005],[120.40796959700003,27.139553127000056],[120.37387129000001,27.146958726000037],[120.38461347700002,27.14984772300005],[120.40658613400001,27.146429755000042],[120.42172285200002,27.146958726000037],[120.42172285200002,27.153143622000073],[120.40186608200008,27.165228583000044],[120.38624108200008,27.179510809000078],[120.36988366000003,27.18748607000009],[120.34725996200007,27.180487372000073],[120.36548912900003,27.20962148600006],[120.36483808700007,27.225083726000037],[120.34725996200007,27.242580471000053],[120.34278405000009,27.23582591400009],[120.34131920700008,27.23305898600006],[120.33985436300009,27.228908596000053],[120.33358808700007,27.228908596000053],[120.33358808700007,27.23509349200009],[120.31910241000003,27.225897528000075],[120.30640709700003,27.215277411000045],[120.29761803500003,27.22679271000004],[120.27003014400009,27.239447333000044],[120.26400800900001,27.252834377000056],[120.25660241000003,27.25690338700008],[120.23934980600006,27.251125393000052],[120.20948326900009,27.23509349200009],[120.20663496200007,27.23045482000009],[120.20541425900001,27.223863023000035],[120.20191491000003,27.21784088700008],[120.19239342500009,27.215277411000045],[120.18238366000003,27.216864325000074],[120.17750084700003,27.221502997000073],[120.17554772200003,27.228949286000045],[120.17530358200008,27.238836981000077],[120.19141686300009,27.25604889500005],[120.19581139400009,27.263006903000075],[120.19556725400003,27.26976146000004],[120.19312584700003,27.27806224200009],[120.19214928500003,27.287665106000077],[120.19581139400009,27.297796942000048],[120.21298261800007,27.283026434000078],[120.21924889400009,27.27094147300005],[120.22567793100006,27.26862213700008],[120.24366295700008,27.28351471600007],[120.24366295700008,27.290350653000075],[120.23560631600003,27.29401276200008],[120.23072350400003,27.29832591400009],[120.22730553500003,27.303941148000035],[120.22372480600006,27.311468817000048],[120.23788496200007,27.309149481000077],[120.24830162900003,27.303534247000073],[120.25855553500003,27.299994208000044],[120.27149498800009,27.304022528000075],[120.26710045700008,27.30857982000009],[120.26596113400001,27.31191640800006],[120.26571699300007,27.316351630000042],[120.26400800900001,27.32444896000004],[120.27613366000003,27.31671784100007],[120.28077233200008,27.311753648000035],[120.28516686300009,27.304022528000075],[120.29151451900009,27.30890534100007],[120.31185957100001,27.317694403000075],[120.30909264400009,27.303941148000035],[120.30575605600006,27.300604559000078],[120.29883873800009,27.297796942000048],[120.30640709700003,27.290350653000075],[120.31031334700003,27.294175523000035],[120.31006920700008,27.295314846000053],[120.31112714900007,27.293890692000048],[120.31934655000009,27.290350653000075],[120.30762780000009,27.284816799000055],[120.29525800900001,27.276271877000056],[120.28809655000009,27.264471747000073],[120.29200280000009,27.24941640800006],[120.30307050900001,27.242254950000074],[120.31788170700008,27.24323151200008],[120.33326256600003,27.247300523000035],[120.34725996200007,27.24941640800006],[120.37623131600003,27.236273505000042],[120.40674889400009,27.18423086100006],[120.42920983200008,27.173651434000078],[120.42042076900009,27.19790273600006],[120.41920006600003,27.206366278000075],[120.41871178500003,27.20966217700004],[120.42172285200002,27.22207265800006],[120.43702233200008,27.21946849200009],[120.45028730600006,27.22329336100006],[120.45972741000003,27.220445054000038],[120.46338951900009,27.19790273600006],[120.46835371200007,27.182196356000077],[120.48145592500009,27.186346747000073],[120.49903405000009,27.197211005000042],[120.51783287900003,27.201605536000045],[120.50814863400001,27.216009833000044],[120.51205488400001,27.22361888200004],[120.52100670700008,27.22955963700008],[120.52597089900007,27.238836981000077],[120.52271569100003,27.25381094000005],[120.52003014400009,27.26170482000009],[120.51783287900003,27.263006903000075],[120.52149498800009,27.26829661700009],[120.52597089900007,27.272650458000044],[120.53158613400001,27.276678778000075],[120.53467858200008,27.27960846600007],[120.53939863400001,27.28188711100006],[120.54395592500009,27.285956122000073],[120.54590905000009,27.29401276200008],[120.54525800900001,27.30849844000005],[120.54615319100003,27.31549713700008],[120.54932701900009,27.32103099200009],[120.54745527400007,27.32758209800005],[120.53419030000009,27.333197333000044],[120.51718183700007,27.337225653000075],[120.50489342500009,27.338771877000056],[120.50489342500009,27.344956773000035],[120.52735436300009,27.34979889500005],[120.53964277400007,27.36522044500009],[120.54493248800009,27.385199286000045],[120.54590905000009,27.403265692000048],[120.55958092500009,27.402085679000038],[120.62256920700008,27.38035716400009],[120.63526451900009,27.379706122000073],[120.63941491000003,27.384426174000055],[120.64893639400009,27.400213934000078],[120.63941491000003,27.408270575000074],[120.63624108200008,27.41600169500009],[120.63770592500009,27.424302476000037],[120.64649498800009,27.444484768000052],[120.65048261800007,27.446112372000073],[120.65601647200003,27.44627513200004],[120.66561933700007,27.451727606000077],[120.67807050900001,27.466457424000055],[120.68197675900001,27.481594143000052],[120.67684980600006,27.494614976000037],[120.66195722700002,27.503241278000075],[120.65211022200003,27.50336334800005],[120.63338728600002,27.507312262000085],[120.61845908400005,27.516421152000078],[120.61384852800006,27.529633207000074],[120.605784975,27.549958836000087],[120.59657442500009,27.570282778000035],[120.60687424700006,27.581487783000057],[120.61833143800004,27.59372542600005],[120.63559004000001,27.608710028000075],[120.66648375600005,27.625357910000048],[120.67562910200002,27.65965403900009],[120.67310631600003,27.65961334800005],[120.66757717300004,27.66806019900008],[120.669861212,27.677213023000036],[120.68018054900006,27.686379299000066],[120.67359459700003,27.704250393000052],[120.67245527400007,27.711493231000077],[120.64527428500003,27.73427969000005],[120.63672936300009,27.745835679000038],[120.63526451900009,27.763332424000055],[120.65267988400001,27.753241278000075],[120.68726647200003,27.726711330000057],[120.70425489400009,27.71283855100006],[120.722614496,27.715909536000083],[120.740960051,27.73320273300004],[120.76963001400009,27.772849369000085],[120.796018258,27.805369744000075],[120.80748625600006,27.834826693000082],[120.82700426300005,27.849049252000043],[120.85227198200005,27.858191886000043],[120.868363681,27.882559233000052],[120.86261188600008,27.902874352000083],[120.863761748,27.91810565600008],[120.85425866000003,27.93463776200008],[120.84725996200007,27.948960679000038],[120.83529707100001,27.955959377000056],[120.75058027400007,27.97557200700004],[120.73853600400003,27.98309967700004],[120.70728600400003,28.009711005000042],[120.67359459700003,28.02171458500004],[120.65894616000003,28.023993231000077],[120.60425866000003,28.023993231000077],[120.58895918100006,28.026678778000075],[120.58204186300009,28.034328518000052],[120.58008873800009,28.046128648000035],[120.58017011800007,28.089789130000042],[120.57447350400003,28.100002346000053],[120.55958092500009,28.11277903900009],[120.57699629000001,28.115627346000053],[120.58497155000009,28.095526434000078],[120.59017988400001,28.054388739000046],[120.60604902400007,28.042222398000035],[120.62094160200002,28.039943752000056],[120.66195722700002,28.04450104400007],[120.70753014400009,28.04120514500005],[120.73104902400007,28.03583405200004],[120.74756920700008,28.027085679000038],[120.76270592500009,28.01430898600006],[120.78109785200002,28.002386786000045],[120.80079186300009,27.993394273000035],[120.81959069100003,27.98924388200004],[120.85580488400001,27.99673086100006],[120.87997480600006,27.99872467700004],[120.89844811300009,27.992661851000037],[120.92139733200008,27.981675523000035],[120.96522777500002,27.98714491700008],[120.98093608400006,28.005536972000073],[120.99351229800004,28.02577909100006],[121.00088550300006,28.050635666000062],[121.00201713000001,28.08564236600006],[121.00937821800005,28.103132635000065],[121.03137613800004,28.12610665300008],[121.05338456700008,28.14816311700008],[121.08583632600005,28.166503859000045],[121.10052737800004,28.184894263000047],[121.10894349800003,28.199610238000048],[121.11946677900005,28.218936170000063],[121.12475305600003,28.235520137000037],[121.13009527200006,28.265928751000047],[121.12180321300002,28.28436223600005],[121.07894941500001,28.278143622000073],[121.05811608200008,28.27993398600006],[121.03956139400009,28.28534577000005],[121.02499433700007,28.30459219000005],[121.03492272200003,28.30817291900007],[121.05909264400009,28.311428127000056],[121.06666100400003,28.311428127000056],[121.07211347700002,28.29169342700004],[121.08847089900007,28.29319896000004],[121.1302500380001,28.305554447000077],[121.14429772200003,28.343573309000078],[121.16895592500009,28.359767971000053],[121.16163170700008,28.377508856000077],[121.16895592500009,28.384833075000074],[121.18409264400009,28.382147528000075],[121.21412194100003,28.360581773000035],[121.23096764400009,28.359076239000046],[121.26465905000009,28.366034247000073],[121.25619550900001,28.355169989000046],[121.24415123800009,28.34910716400009],[121.23047936300009,28.348089911000045],[121.21753991000003,28.352362372000073],[121.21029707100001,28.34373607000009],[121.20313561300009,28.331854559000078],[121.23682701900009,28.30609772300005],[121.24887129000001,28.27020905200004],[121.225165393,28.238862571000084],[121.26169450400005,28.225790679000056],[121.2751843420001,28.208199163000074],[121.28785241000003,28.180894273000035],[121.29721113400001,28.17645905200004],[121.30933678500003,28.17487213700008],[121.32618248800009,28.15180084800005],[121.33008873800009,28.14752838700008],[121.34009850400003,28.146429755000042],[121.34579511800007,28.14516836100006],[121.35141035200002,28.146551825000074],[121.36085045700008,28.15375397300005],[121.36817467500009,28.16201406500005],[121.37403405000009,28.17259349200009],[121.37671959700003,28.184149481000077],[121.37452233200008,28.195257880000042],[121.36866295700008,28.19204336100006],[121.35401451900009,28.187892971000053],[121.35889733200008,28.20221588700008],[121.36109459700003,28.21474844000005],[121.36483808700007,28.225816148000035],[121.37452233200008,28.236273505000042],[121.38803144600001,28.242661851000037],[121.39893639400009,28.243841864000046],[121.40805097700002,28.24628327000005],[121.41602623800009,28.25617096600007],[121.41879316500001,28.26972077000005],[121.41146894600001,28.273911851000037],[121.40137780000009,28.27610911700009],[121.39551842500009,28.284084377000056],[121.39893639400009,28.298488674000055],[121.40894616000003,28.30491771000004],[121.42066491000003,28.30418528900009],[121.42977949300007,28.29710521000004],[121.43604576900009,28.29710521000004],[121.43726647200003,28.305609442000048],[121.44125410200002,28.311712958000044],[121.44776451900009,28.31590403900009],[121.45639082100001,28.318833726000037],[121.47308608900005,28.330602852000084],[121.49998648600001,28.332673020000072],[121.521960691,28.326868963000038],[121.54149122500007,28.321786815000053],[121.567488561,28.30449500700007],[121.58057701900009,28.300848700000074],[121.57813561300009,28.260321356000077],[121.58554121200007,28.25682200700004],[121.60792076900009,28.270453192000048],[121.62134850400003,28.285101630000042],[121.64169355600006,28.32184479400007],[121.65634199300007,28.33930084800005],[121.64771569100003,28.348456122000073],[121.64087975400003,28.349676825000074],[121.63404381600003,28.34723541900007],[121.63153166500001,28.35584295600006],[121.6285250090001,28.36390183700007],[121.63226304600005,28.379445683000085],[121.61588832000007,28.397214387000076],[121.60746340000003,28.42031875300006],[121.59287430900008,28.43110620500005],[121.58377693300008,28.44294618400005],[121.584439428,28.454214643000057],[121.60036092900009,28.46542510900008],[121.607742701,28.477202856000076],[121.58460110400006,28.48910241300007],[121.54492634100006,28.49247389800007],[121.52125084700003,28.490708726000037],[121.51156660200002,28.489488023000035],[121.52100670700008,28.50104401200008],[121.53492272200003,28.50340403900009],[121.55087324300007,28.50214264500005],[121.58161920600003,28.504690259000085],[121.5731598220001,28.52513372800007],[121.54943924500003,28.551010215000076],[121.538433274,28.571445577000077],[121.53036950800004,28.599478876000035],[121.52555624000001,28.62465465100007],[121.51012813400007,28.65705930900009],[121.49000084700003,28.665716864000046],[121.45484459700003,28.689520575000074],[121.41382897200003,28.696600653000075],[121.38135826900009,28.68195221600007],[121.36500084700003,28.69603099200009],[121.32764733200008,28.69204336100006],[121.25839277400007,28.675116278000075],[121.27035566500001,28.687445380000042],[121.28646894600001,28.692694403000075],[121.29867597700002,28.701239325000074],[121.29932701900009,28.72288646000004],[121.28589928500003,28.73826732000009],[121.24081464900007,28.752752997000073],[121.23121178500003,28.760158596000053],[121.22738691500001,28.770738023000035],[121.21827233200008,28.78579336100006],[121.20606530000009,28.79905833500004],[121.19345136800007,28.804836330000057],[121.17188561300009,28.80695221600007],[121.15967858200008,28.81354401200008],[121.14234459700003,28.839585679000038],[121.14234459700003,28.845851955000057],[121.15211022200003,28.84251536700009],[121.15577233200008,28.837551174000055],[121.15772545700008,28.83148834800005],[121.16285241000003,28.825344143000052],[121.17359459700003,28.81785716400009],[121.19003339900007,28.811672268000052],[121.20101972700002,28.809515692000048],[121.20801842500009,28.80955638200004],[121.21444746200007,28.80731842700004],[121.22437584700003,28.798041083000044],[121.22738691500001,28.791408596000053],[121.23471113400001,28.769964911000045],[121.23788496200007,28.76386139500005],[121.24642988400001,28.76007721600007],[121.26889082100001,28.758286851000037],[121.27890058700007,28.756415106000077],[121.29029381600003,28.751613674000055],[121.29493248800009,28.748114325000074],[121.29843183700007,28.74363841400009],[121.30616295700008,28.73590729400007],[121.32016035200002,28.72483958500004],[121.33423912900003,28.71702708500004],[121.35116621200007,28.711859442000048],[121.50277754000001,28.700384833000044],[121.60556074300007,28.724676825000074],[121.62142988400001,28.73590729400007],[121.62240644600001,28.741888739000046],[121.61972089900007,28.74827708500004],[121.61475670700008,28.756415106000077],[121.61825605600006,28.76194896000004],[121.62232506600003,28.76552969000005],[121.62623131600003,28.768052476000037],[121.62891686300009,28.770697333000044],[121.63550866000003,28.778509833000044],[121.64258873800009,28.784002997000073],[121.65113366000003,28.787909247000073],[121.66260826900009,28.79059479400007],[121.66260826900009,28.798041083000044],[121.63575280000009,28.798041083000044],[121.63575280000009,28.804836330000057],[121.64673912900003,28.80768463700008],[121.65381920700008,28.81195709800005],[121.66993248800009,28.825344143000052],[121.66236412900003,28.83344147300005],[121.65650475400003,28.838039455000057],[121.64193769600001,28.845851955000057],[121.63502037900003,28.84520091400009],[121.62826582100001,28.84125397300005],[121.62354576900009,28.842271226000037],[121.62142988400001,28.856350002000056],[121.62265058700007,28.861273505000042],[121.62777754000001,28.870835679000038],[121.62891686300009,28.87714264500005],[121.62671959700003,28.88084544500009],[121.61695397200003,28.88027578300006],[121.61085045700008,28.891180731000077],[121.60165449300007,28.89362213700008],[121.59034264400009,28.891913153000075],[121.58057701900009,28.886786200000074],[121.56617272200003,28.893377997000073],[121.54981530000009,28.89785390800006],[121.53516686300009,28.90371328300006],[121.52588951900009,28.91469961100006],[121.51767011800007,28.91278717700004],[121.51181074300007,28.916937567000048],[121.50766035200002,28.924994208000044],[121.50489342500009,28.935207424000055],[121.49179121200007,28.92837148600006],[121.49781334700003,28.949652411000045],[121.51685631600003,28.956366278000075],[121.53711998800009,28.955023505000042],[121.54647871200007,28.95221588700008],[121.55429121200007,28.935695705000057],[121.57081139400009,28.930080471000053],[121.58529707100001,28.938299872000073],[121.58741295700008,28.96312083500004],[121.60531660200002,28.942572333000044],[121.62850996200007,28.93195221600007],[121.68417402400007,28.91469961100006],[121.68946373800009,28.927801825000074],[121.69752037900003,28.936835028000075],[121.71778405000009,28.94879791900007],[121.70948326900009,28.95115794500009],[121.69214928500003,28.95335521000004],[121.68417402400007,28.955633856000077],[121.68287194100003,28.95888906500005],[121.68417402400007,28.963446356000077],[121.68466230600006,28.96751536700009],[121.68018639400009,28.969305731000077],[121.66895592500009,28.96898021000004],[121.66382897200003,28.969916083000044],[121.65943444100003,28.972723700000074],[121.65381920700008,28.98859284100007],[121.66171308700007,29.00291575700004],[121.67587324300007,29.01325104400007],[121.68978925900001,29.01707591400009],[121.68173261800007,29.02676015800006],[121.64193769600001,29.051255601000037],[121.61744225400003,29.039984442000048],[121.55738366000003,29.04901764500005],[121.53956139400009,29.037583726000037],[121.55274498800009,29.02871328300006],[121.54859459700003,29.021429755000042],[121.53809655000009,29.018052476000037],[121.53207441500001,29.02049388200004],[121.53028405000009,29.051174221000053],[121.53687584700003,29.06118398600006],[121.55640709700003,29.064886786000045],[121.57113691500001,29.06085846600007],[121.58505293100006,29.053615627000056],[121.59921308700007,29.05023834800005],[121.61475670700008,29.05805084800005],[121.62142988400001,29.070868231000077],[121.62460371200007,29.088283596000053],[121.62452233200008,29.104396877000056],[121.62142988400001,29.11326732000009],[121.52865644600001,29.115057684000078],[121.49683678500003,29.104437567000048],[121.40170332100001,29.10651276200008],[121.41537519600001,29.119696356000077],[121.42831464900007,29.12714264500005],[121.44149824300007,29.13108958500004],[121.45639082100001,29.13377513200004],[121.45639082100001,29.14061107000009],[121.43604576900009,29.14061107000009],[121.43808027400007,29.143866278000075],[121.43848717500009,29.14484284100007],[121.43930097700002,29.145453192000048],[121.44336998800009,29.147406317000048],[121.40853925900001,29.16111888200004],[121.41976972700002,29.17145416900007],[121.43140709700003,29.17218659100007],[121.45639082100001,29.16111888200004],[121.46151777400007,29.17645905200004],[121.47120201900009,29.191351630000042],[121.48023522200003,29.197211005000042],[121.48438561300009,29.185288804000038],[121.49097741000003,29.17597077000005],[121.50350996200007,29.178941148000035],[121.51172936300009,29.189276434000078],[121.50489342500009,29.202093817000048],[121.50489342500009,29.208929755000042],[121.51693769600001,29.21906159100007],[121.53052819100003,29.238226630000042],[121.53638756600003,29.258286851000037],[121.52588951900009,29.27098216400009],[121.52588951900009,29.277777411000045],[121.55054772200003,29.271429755000042],[121.56275475400003,29.271877346000053],[121.57431074300007,29.277777411000045],[121.56723066500001,29.285305080000057],[121.56202233200008,29.295843817000048],[121.56308027400007,29.30418528900009],[121.57431074300007,29.305121161000045],[121.58399498800009,29.29987213700008],[121.58871504000001,29.291489976000037],[121.60645592500009,29.227362372000073],[121.61475670700008,29.206000067000048],[121.62891686300009,29.188421942000048],[121.63233483200008,29.210638739000046],[121.62289472700002,29.264105536000045],[121.62891686300009,29.28461334800005],[121.62484785200002,29.30145905200004],[121.64039147200003,29.30662669500009],[121.65455162900003,29.299994208000044],[121.64576256600003,29.281195380000042],[121.64161217500009,29.26756419500009],[121.63917076900009,29.217271226000037],[121.64193769600001,29.202093817000048],[121.65245779600002,29.183020241000065],[121.67059743200002,29.175747914000056],[121.70446018300004,29.174182362000067],[121.72432815900004,29.182034848000058],[121.73878014400009,29.195868231000077],[121.74569746200007,29.201605536000045],[121.75863691500001,29.229396877000056],[121.77431375900005,29.25388736900004],[121.777880546,29.296383845000037],[121.77084394600001,29.33779531500005],[121.75863691500001,29.359767971000053],[121.76685631600003,29.367743231000077],[121.77588951900009,29.37262604400007],[121.78663170700008,29.37449778900009],[121.79965254000001,29.373968817000048],[121.78793379000001,29.342596747000073],[121.78817793100006,29.328558661000045],[121.79965254000001,29.318793036000045],[121.80494225400003,29.32371653900009],[121.81698652400007,29.332180080000057],[121.83065839900007,29.33388906500005],[121.84058678500003,29.318793036000045],[121.82886803500003,29.31854889500005],[121.81836998800009,29.316229559000078],[121.80868574300007,29.311753648000035],[121.79965254000001,29.305121161000045],[121.80182094300005,29.292667717000086],[121.795868692,29.266036602000042],[121.79490121800006,29.24370471800006],[121.78977036700007,29.21562526300005],[121.78803572600009,29.20194310800008],[121.7853467440001,29.168085488000088],[121.812551203,29.161484647000066],[121.84058678500003,29.16111888200004],[121.89380944100003,29.18707916900007],[121.92212975400003,29.195786851000037],[121.94296308700007,29.195868231000077],[121.93995201900009,29.204291083000044],[121.93970787900003,29.210109768000052],[121.94296308700007,29.223211981000077],[121.95728600400003,29.21637604400007],[121.95069420700008,29.237127997000073],[121.95321699300007,29.249660549000055],[121.96656334700003,29.25576406500005],[121.99146569100003,29.25731028900009],[121.98585045700008,29.263332424000055],[121.97559655000009,29.280951239000046],[121.97437584700003,29.28461334800005],[121.96265709700003,29.28143952000005],[121.94955488400001,29.267279364000046],[121.93995201900009,29.264146226000037],[121.92221113400001,29.27049388200004],[121.90585371200007,29.28461334800005],[121.90048261800007,29.298651434000078],[121.91578209700003,29.305121161000045],[121.91163170700008,29.315008856000077],[121.90894616000003,29.318793036000045],[121.92505944100003,29.31907786700009],[121.93140709700003,29.323879299000055],[121.93148847700002,29.331203518000052],[121.92945397200003,29.33926015800006],[121.92701256600003,29.33860911700009],[121.91624575700007,29.34893666100004],[121.916348019,29.36329405300006],[121.92144327000005,29.381303450000075],[121.91572936400007,29.39070356600007],[121.92157721900003,29.39863437100007],[121.92910204500004,29.40873509100004],[121.92255563600008,29.418146385000057],[121.93005624400007,29.42531477700004],[121.93628991000003,29.42772044500009],[121.94752037900003,29.421087958000044],[121.95728600400003,29.408148505000042],[121.95777428500003,29.423081773000035],[121.96322675900001,29.43195221600007],[121.96933027400007,29.439154364000046],[121.97095787900003,29.44912344000005],[121.94271894600001,29.479722398000035],[121.93995201900009,29.48700592700004],[121.94410241000003,29.497707424000055],[121.93555748800009,29.504380601000037],[121.92221113400001,29.50922272300005],[121.91236412900003,29.51430898600006],[121.91041100400003,29.524562893000052],[121.92212975400003,29.53115469000005],[121.94979902400007,29.53847890800006],[121.94117272200003,29.551174221000053],[121.94971764400009,29.556341864000046],[121.96371504000001,29.560207424000055],[121.97095787900003,29.568915106000077],[121.97120201900009,29.59332916900007],[121.96631920700008,29.602484442000048],[121.95362389400009,29.60614655200004],[121.94263756600003,29.611273505000042],[121.92725670700008,29.634466864000046],[121.91578209700003,29.64085521000004],[121.89964357200006,29.627526790000047],[121.88013756600003,29.623521226000037],[121.86793053500003,29.62726471600007],[121.85401451900009,29.61591217700004],[121.8345277200001,29.615570072000082],[121.81836998800009,29.606634833000044],[121.79612041300004,29.600591156000064],[121.77432204500008,29.575436248000074],[121.74842207900008,29.562566943000036],[121.74496504000001,29.544663804000038],[121.75827350300005,29.54809864200007],[121.76571699300007,29.545721747000073],[121.78272545700008,29.543443101000037],[121.79981530000009,29.54559967700004],[121.81397545700008,29.55215078300006],[121.82553144600001,29.54637278900009],[121.83651777400007,29.54238515800006],[121.84481855600006,29.53620026200008],[121.84742272200003,29.524237372000073],[121.83057701900009,29.52806224200009],[121.82132673000001,29.51459860700004],[121.81198839800004,29.490118476000077],[121.79032644300003,29.475795453000046],[121.7783813100001,29.46942307800009],[121.76456720800002,29.476650154000083],[121.76128901000004,29.486046644000055],[121.75722263800003,29.499048921000053],[121.76646070200002,29.520648665000067],[121.76399931200001,29.530761435000045],[121.74586022200003,29.523098049000055],[121.73764082100001,29.51898834800005],[121.73129316500001,29.518011786000045],[121.72657311300009,29.522284247000073],[121.72535241000003,29.529038804000038],[121.72535241000003,29.53546784100007],[121.72461998800009,29.53847890800006],[121.71094811300009,29.53864166900007],[121.69979902400007,29.534328518000052],[121.68175557900008,29.523910369000077],[121.674300001,29.520331513000087],[121.67554772200003,29.51048411700009],[121.64267244900009,29.495218252000086],[121.6019944520001,29.483113264000053],[121.58125579200009,29.47813910700006],[121.569641348,29.47457382400006],[121.55965554800002,29.463073242000064],[121.55380850900008,29.450117227000078],[121.5487961230001,29.438601128000073],[121.53797279100002,29.424224223000067],[121.53132511900003,29.417036778000067],[121.519709767,29.406974949000073],[121.50892998500001,29.398349478000057],[121.49731378400008,29.393352530000072],[121.48486407400003,29.390540112000053],[121.47885175900001,29.402899481000077],[121.47665449300007,29.40778229400007],[121.47763105600006,29.41274648600006],[121.48096764400009,29.414984442000048],[121.49716230600006,29.42218659100007],[121.51172936300009,29.437567450000074],[121.51368248800009,29.451971747000073],[121.49179121200007,29.455959377000056],[121.50009199300007,29.475897528000075],[121.50489342500009,29.48383209800005],[121.47974694100003,29.474758205000057],[121.47346109500006,29.44893344400009],[121.4650741590001,29.420886452000047],[121.44259289400009,29.415369252000062],[121.44271132200004,29.439767174000053],[121.42783560400005,29.46794695600005],[121.44115978900004,29.481526372000076],[121.45532372600007,29.48935530300008],[121.45701871400001,29.500870888000065],[121.44825280000009,29.514105536000045],[121.44336998800009,29.518011786000045],[121.44336998800009,29.524237372000073],[121.45834394600001,29.525213934000078],[121.46786543100006,29.531195380000042],[121.47543379000001,29.538763739000046],[121.48438561300009,29.544663804000038],[121.49927819100003,29.549261786000045],[121.51104346500006,29.548988326000085],[121.5168359160001,29.546090835000086],[121.520119206,29.528061679000075],[121.52255000100001,29.512921688000063],[121.53082229500001,29.51001492200004],[121.57431074300007,29.55215078300006],[121.59253991000003,29.54360586100006],[121.60914147200003,29.545721747000073],[121.62387129000001,29.554429429000038],[121.63589838100006,29.554350982000074],[121.64820397200003,29.556708075000074],[121.66700280000009,29.556586005000042],[121.68734785200002,29.562648830000057],[121.70411217500009,29.572007554000038],[121.717726545,29.588653511000075],[121.77646532300002,29.652624736000064],[121.83459789300002,29.687086355000076],[121.86244825200004,29.70800212100005],[121.86610718400004,29.736565399000085],[121.87314894400004,29.753828466000073],[121.88532463900003,29.76128376400004],[121.90217086500002,29.752539493000086],[121.92441021800005,29.77347324300007],[121.93677819100003,29.79169342700004],[121.96604681100007,29.81124658200008],[121.98303901000008,29.82317576300005],[122.02816816500001,29.836004950000074],[122.06861412900003,29.851548570000034],[122.11475531500002,29.871553919000064],[122.136414564,29.884535001000074],[122.1291433020001,29.903776502000085],[122.10588654700007,29.906953422000072],[122.08668053500003,29.899359442000048],[122.06763756600003,29.889553127000056],[122.05624433700007,29.88735586100006],[121.98170006600003,29.890285549000055],[121.96241295700008,29.888495184000078],[121.9495907810001,29.886934479000047],[121.93555748800009,29.88735586100006],[121.91487649700002,29.91869584300008],[121.89925264600004,29.92313947300005],[121.87323052700003,29.932336897000084],[121.84981429900006,29.940380340000047],[121.8164296970001,29.95148136800009],[121.79664147200003,29.963039455000057],[121.76748188600004,29.973176555000066],[121.7501100820001,29.97250518700008],[121.7322478750001,29.96206013500006],[121.72193444100003,29.96051666900007],[121.73234373800005,29.97860254300008],[121.70676302900006,29.985109125000065],[121.67775592200007,30.000640952000083],[121.65830555600007,30.01838893900009],[121.643193688,30.03649266800005],[121.62332169700005,30.05987467300008],[121.58703420200004,30.11151193900008],[121.55459636900002,30.160891366000044],[121.50684671500005,30.220026009000037],[121.42959194500008,30.29297626600004],[121.37738414700004,30.325063579000073],[121.3132175180001,30.338191748000042],[121.25410242800001,30.34839323400007],[121.18538938300003,30.337563798000076],[121.149696726,30.325753330000055],[121.12877910600002,30.30162684000004],[121.10914147200003,30.28278229400007],[120.99439537900003,30.211086330000057],[120.96021569100003,30.195786851000037],[120.95419355600006,30.191961981000077],[120.92350395900007,30.185866239000063],[120.89281215100004,30.169796399000063],[120.85321522200002,30.174436014000037],[120.82862042500005,30.184990129000084],[120.81348715800004,30.213253156000064],[120.75142508700003,30.225625953000076],[120.70104639800002,30.184552056000086],[120.66285241000003,30.141180731000077],[120.64625084700003,30.126939195000034],[120.66456139400009,30.10960521000004],[120.68799889400009,30.097805080000057],[120.71412194100003,30.09332916900007],[120.76465905000009,30.096625067000048],[120.78370201900009,30.08930084800005],[120.79224694100003,30.066066799000055],[120.78402754000001,30.07168203300006],[120.77198326900009,30.083197333000044],[120.76498457100001,30.08661530200004],[120.75497480600006,30.086859442000048],[120.72339928500003,30.079738674000055],[120.70101972700002,30.08075592700004],[120.68246504000001,30.084906317000048],[120.65332335800008,30.102544600000044],[120.63178902200002,30.122387742000058],[120.63010994900003,30.13497216400009],[120.64381338500004,30.145872987000075],[120.665955661,30.16624150000007],[120.69135211000003,30.197451019000084],[120.73440116100005,30.23221314300008],[120.7255176650001,30.242635629000063],[120.69868588700001,30.251796329000058],[120.68494114100008,30.271780919000037],[120.6573474810001,30.336294046000035],[120.65167061600005,30.359270455000058],[120.62160579500005,30.372562878000053],[120.524908407,30.377872730000036],[120.47713307700008,30.374754400000086],[120.45049431400003,30.368860059000042],[120.42095557900006,30.305419965000056],[120.40463300900001,30.27993398600006],[120.39503014400009,30.26471588700008],[120.38472004300002,30.24958816600008],[120.368120847,30.240851155000087],[120.350337835,30.24073406100007],[120.33136769600003,30.249238020000064],[120.31456869600004,30.26351106900006],[120.29552252500002,30.278726003000088],[120.2743871350001,30.277618205000067],[120.25001061300009,30.270086981000077],[120.23024299000008,30.23603538900005],[120.19996178500003,30.21784088700008],[120.17896569100003,30.20066966400009],[120.147094433,30.19889096500009],[120.19576726000003,30.23288844600006],[120.23977767200006,30.28888044900009],[120.25790449300007,30.298081773000035],[120.28516686300009,30.298814195000034],[120.31625410200002,30.29092031500005],[120.3422755470001,30.27424635600005],[120.36455484100009,30.26863725700008],[120.37896691200001,30.27352374800006],[120.38883165800007,30.290844994000054],[120.39748223900006,30.321579641000085],[120.40723189700009,30.35423589700008],[120.41602459900002,30.36770970200007],[120.43031537900004,30.389840062000076],[120.47914493200005,30.403523661000065],[120.61919297100007,30.406095993000065],[120.66700167800002,30.401499973000057],[120.69814822600006,30.393950619000066],[120.72711885500007,30.37584626100005],[120.7449630210001,30.35961442900009],[120.75398941000003,30.32706166400004],[120.76961920800011,30.306027723000057],[120.78743319500006,30.29362528200005],[120.81073172600009,30.29656770200006],[120.83179130300005,30.30525044600006],[120.85058016300002,30.33021752800005],[120.88819420700008,30.36855703300006],[120.90072675900001,30.373602606000077],[120.91513105600006,30.37457916900007],[120.91513105600006,30.38076406500005],[120.90902754000001,30.384426174000055],[120.90455162900003,30.388617255000042],[120.89478600400003,30.401271877000056],[120.90170332100001,30.403550523000035],[120.92164147200003,30.405218817000048],[120.92880293100006,30.40810781500005],[120.93954511800007,30.421942450000074],[120.93848717500009,30.43073151200008],[120.93238366000003,30.439398505000042],[120.92880293100006,30.453070380000042],[120.93165123800009,30.473049221000053],[120.94889073600007,30.506815232000065],[120.977758677,30.543317594000087],[120.99814597,30.557924187000083],[121.02022566300002,30.571071146000065],[121.047400391,30.58275702800006],[121.10238691500001,30.589056708000044],[121.12134850400003,30.593003648000035],[121.13086998800009,30.599758205000057],[121.13656660200002,30.60814036700009],[121.14161217500009,30.617743231000077],[121.14852949300007,30.627834377000056],[121.15894616000003,30.636704820000034],[121.17774498800009,30.645656643000052],[121.20289147200003,30.66510651200008],[121.22193444100003,30.674994208000044],[121.26465905000009,30.689195054000038],[121.33350670700008,30.703070380000042],[121.35059655000009,30.713446356000077],[121.41059758600011,30.767388095000058],[121.45640612300008,30.783278050000035],[121.49203744900001,30.797734233000085],[121.5429370380001,30.816494909000085],[121.63113225500001,30.83655553300008],[121.73283463300004,30.846316906000084],[121.81080854200002,30.853230646000043],[121.90739924100001,30.85708552400007],[121.96007537800006,30.87425678200009],[121.97738292300005,30.914923436000038],[121.95082006200005,30.982080909000047],[121.87702454800001,31.099135878000084],[121.7775017130001,31.214393784000038],[121.725163995,31.281567150000058],[121.66993248800009,31.313055731000077],[121.63160241000003,31.335760809000078],[121.54623457100001,31.366115627000056],[121.44800866000003,31.42649974200009],[121.41773522200003,31.452785549000055],[121.36085045700008,31.477484442000048],[121.34091230600006,31.49095286700009],[121.32032311300009,31.504828192000048],[121.24472089900007,31.600409247000073],[121.21168053500003,31.62763092700004],[121.14440229000002,31.684658291000062],[121.06702629300003,31.724085562000084],[121.01376436400005,31.74303425700009],[120.98072350400003,31.751206773000035],[120.94849694100003,31.757879950000074],[120.89536285100007,31.76332027400008],[120.83189898,31.777766057000065],[120.74838300900001,31.80223216400009],[120.73145592500009,31.81386953300006],[120.72079511800007,31.83193594000005],[120.71713300900001,31.861070054000038],[120.72763105600006,31.85065338700008],[120.73853600400003,31.836818752000056],[120.75147545700008,31.824693101000037],[120.80775223800003,31.809740522000084],[120.824798601,31.82870246600004],[120.80744703300002,31.873769896000056],[120.779818159,31.91588266800005],[120.7503538740001,31.97833627600005],[120.68995201900009,31.99823639500005],[120.67001386800007,31.998846747000073],[120.60425866000003,31.991441148000035],[120.51783287900003,32.018744208000044],[120.46949303500003,32.02513255400004],[120.455412335,32.02142844200006],[120.45415713800003,32.003185570000085],[120.455781043,31.982518923000043],[120.43222089900007,31.975165106000077],[120.41822350400003,31.969671942000048],[120.34117085600008,31.95632050800009],[120.22999108200008,31.90888092700004],[120.17831464900007,31.90420156500005],[120.13095136800007,31.91229889500005],[120.03882897200003,31.943060614000046],[120.00639553200006,31.950304999000082],[119.97868014300002,31.96895660200005],[119.96122240600005,31.990615801000047],[119.93850207500009,32.018042851000075],[119.90716251700007,32.04538471300009],[119.86695397200003,32.07709381700005],[119.85556074300007,32.08698151200008],[119.78492272200003,32.11432526200008],[119.77247155000009,32.12677643400008],[119.76441491000003,32.143744208000044],[119.76376386800007,32.16250234600005],[119.78858483200008,32.19863515800006],[119.77857506600003,32.20465729400007],[119.75513756600003,32.20587799700007],[119.73023522200003,32.210598049000055],[119.71216881600003,32.22260163000004],[119.70142662900003,32.23346588700008],[119.69044030000009,32.23533763200004],[119.67164147200003,32.220770575000074],[119.65975996200007,32.207912502000056],[119.64527428500003,32.19521719000005],[119.62769616000003,32.18939850500004],[119.60604902400007,32.196926174000055],[119.61988366000003,32.20490143400008],[119.63575280000009,32.211004950000074],[119.64901777400007,32.21954987200007],[119.65455162900003,32.23476797100005],[119.67603600400003,32.27806224200009],[119.67847741000003,32.28628164300005],[119.68539472700002,32.29242584800005],[119.67855879000001,32.30621979400007],[119.66073652400007,32.32721588700008],[119.64901777400007,32.33608633000006],[119.61288496200007,32.35455963700008],[119.64087975400003,32.35883209800005],[119.66089928500003,32.345770575000074],[119.67684980600006,32.32843659100007],[119.69239342500009,32.31976959800005],[119.74390709700003,32.32721588700008],[119.75806725400003,32.32697174700007],[119.78199303500003,32.32123444200005],[119.79517662900003,32.31976959800005],[119.81836998800009,32.313706773000035],[119.84213300900001,32.29905833500004],[119.86215254000001,32.28115469000005],[119.87427819100003,32.26512278900009],[119.88754316500001,32.21385325700004],[119.90048261800007,32.19818756700005],[119.92212975400003,32.21743398600006],[119.92115319100003,32.196478583000044],[119.91098066500001,32.15814850500004],[119.90845787900003,32.13886139500005],[119.91220136800007,32.12372467700004],[119.92139733200008,32.10854726800005],[119.99203535200002,32.01585521000004],[120.02003014400009,31.990790106000077],[120.05233808700007,31.97093333500004],[120.09009850400003,31.955023505000042],[120.13135826900009,31.943182684000078],[120.17587324300007,31.936672268000052],[120.22372480600006,31.936835028000075],[120.26710045700008,31.94867584800005],[120.30030358200008,31.97166575700004],[120.36158287900003,32.02558014500005],[120.42782102700005,32.052929987000084],[120.49075762900009,32.08245338200004],[120.52236056200002,32.08260123700006],[120.56548762200009,32.07671334500009],[120.63437647600006,32.077009598000075],[120.74364441600005,32.03604475700007],[120.81080162900003,32.02260976800005],[120.84693444100003,31.991441148000035],[120.90552819100003,31.92597077000005],[120.91089928500003,31.917669989000046],[120.91928144600001,31.899359442000048],[120.92579186300009,31.89590078300006],[120.94141686300009,31.892523505000042],[120.94483483200008,31.884588934000078],[120.94312584700003,31.87531159100007],[120.94312584700003,31.86790599200009],[120.94056409400002,31.84464723700006],[120.95062836200009,31.825236128000086],[120.977816792,31.814365316000078],[121.00536508300002,31.82077902700007],[121.0399349060001,31.81933228400004],[121.06241343500005,31.813500849000036],[121.08662362000007,31.801835915000083],[121.11508706100005,31.79633360300005],[121.18515058700007,31.836737372000073],[121.22786432600003,31.865903812000056],[121.28641836400004,31.89058916600004],[121.31739683400008,31.883248006000088],[121.41602623800009,31.840643622000073],[121.48023522200003,31.810980536000045],[121.49488366000003,31.806463934000078],[121.50049889400009,31.80219147300005],[121.50790449300007,31.79287344000005],[121.51742597700002,31.78343333500004],[121.52906334700003,31.77920156500005],[121.55160566500001,31.77374909100007],[121.57431074300007,31.76552969000005],[121.60719438800004,31.74855079100007],[121.65505997000002,31.732380486000068],[121.675554272,31.723572594000075],[121.7029101820001,31.720554647000085],[121.74904506100006,31.711633711000047],[121.81730624900001,31.690949425000042],[121.87199794100002,31.69068168800004],[121.91484204100004,31.706434259000048],[121.93038277800008,31.726714179000055],[121.9220571830001,31.754378129000088],[121.90177628000004,31.786487458000067],[121.87468722000006,31.82590347100006],[121.87496019900004,31.863722900000084],[121.84783311500007,31.904607285000054],[121.82520592500009,31.927720445000034],[121.82194511600005,31.952486444000044],[121.79864398300003,31.970474858000046],[121.76436590100002,31.995286882000073],[121.72730553500003,32.01658763200004],[121.71778405000009,32.02558014500005],[121.68311608200008,32.042629299000055],[121.65536543100006,32.062933661000045],[121.59424889400009,32.08706289300005],[121.55423799100004,32.10249823500004],[121.53081178900004,32.10851859600007],[121.49659264400009,32.110256252000056],[121.48804772200003,32.10814036700009],[121.48194420700008,32.110256252000056],[121.47299238400001,32.11961497600004],[121.46729576900009,32.12177155200004],[121.46241295700008,32.11969635600008],[121.45614668100006,32.11554596600007],[121.44947350400003,32.11273834800005],[121.44336998800009,32.11432526200008],[121.43213951900009,32.13385651200008],[121.43116295700008,32.15135325700004],[121.42514082100001,32.164048570000034],[121.39869225400003,32.16893138200004],[121.36801191500001,32.22736237200007],[121.36085045700008,32.231634833000044],[121.36670983200008,32.23895905200004],[121.37720787900003,32.24164459800005],[121.40170332100001,32.24469635600008],[121.41578209700003,32.24860260600008],[121.41928144600001,32.25031159100007],[121.41773522200003,32.25527578300006],[121.41602623800009,32.26894765800006],[121.40111730900003,32.35213194900007],[121.38940888400009,32.38494757500007],[121.35413965600003,32.41482275900006],[121.2717099360001,32.44773449200005],[121.21510394400002,32.472664414000064],[121.191507408,32.47865253500004],[121.1737999820001,32.487625079000054],[121.157256416,32.49559551700008],[121.12020918100006,32.50739166900007],[121.10767662900003,32.49795156500005],[121.10084069100003,32.49795156500005],[121.09872480600006,32.521144924000055],[121.08619225400003,32.536037502000056],[121.06625410200002,32.54401276200008],[121.04278207100003,32.55754181600008],[121.02070551400004,32.568521788000055],[120.97502096700009,32.59511507700006],[120.94388695400005,32.60522416300006],[120.91119932700008,32.630121296000084],[120.90661411500002,32.65971027300009],[120.86386823800001,32.67105755700004],[120.83033287900003,32.69765859600005],[120.83017011800007,32.709418036000045],[120.84009850400003,32.72451406500005],[120.84693444100003,32.717678127000056],[120.84140058700007,32.71108633000006],[120.84310957100001,32.70392487200007],[120.85018964900007,32.696600653000075],[120.86044355600006,32.68976471600007],[120.86142011800007,32.71967194200005],[120.85238691500001,32.75600820500006],[120.88030821400002,32.77203182900007],[120.90479576900009,32.81264883000006],[120.90780683700007,32.84389883000006],[120.88868248800009,32.96271393400008],[120.88851972700002,32.977728583000044],[120.89576256600003,33.01357656500005],[120.89014733200008,33.02610911700009],[120.86744225400003,33.03237539300005],[120.84644616000003,33.02985260600008],[120.83375084700003,33.02562083500004],[120.82593834700003,33.030178127000056],[120.81959069100003,33.05410390800006],[120.81893964900007,33.09218984600005],[120.81251061300009,33.10578034100007],[120.79224694100003,33.108710028000075],[120.80697675900001,33.13776276200008],[120.78524824300007,33.16502513200004],[120.73023522200003,33.20490143400008],[120.74008222700002,33.205511786000045],[120.74350019600001,33.208644924000055],[120.74439537900003,33.22410716400009],[120.74252363400001,33.227769273000035],[120.73251386800007,33.23712799700007],[120.73023522200003,33.24213288000004],[120.73218834700003,33.24823639500005],[120.73707116000003,33.25092194200005],[120.74268639400009,33.25267161700009],[120.74756920700008,33.25580475500004],[120.75025475400003,33.269598700000074],[120.73788496200007,33.279282945000034],[120.72046959700003,33.28497955900008],[120.70728600400003,33.286810614000046],[120.69507897200003,33.29315827000005],[120.68002363400001,33.30801015800006],[120.66724694100003,33.325100002000056],[120.66195722700002,33.33803945500006],[120.65577233200008,33.41315338700008],[120.65211022200003,33.42812734600005],[120.63436933700007,33.46694570500006],[120.62777754000001,33.47801341400009],[120.57325280000009,33.533270575000074],[120.56324303500003,33.54800039300005],[120.53907311300009,33.59467194200005],[120.52597089900007,33.610663153000075],[120.48373457100001,33.64996979400007],[120.48902428500003,33.65839264500005],[120.49512780000009,33.662176825000074],[120.50269616000003,33.66156647300005],[120.51172936300009,33.65672435100004],[120.50586998800009,33.69717031500005],[120.50489342500009,33.735581773000035],[120.49830162900003,33.75332265800006],[120.48243248800009,33.76512278900009],[120.46412194100003,33.77496979400007],[120.44971764400009,33.786444403000075],[120.45093834700003,33.80149974200009],[120.44336998800009,33.82469310100004],[120.43140709700003,33.84601471600007],[120.41895592500009,33.85537344000005],[120.40707441500001,33.85976797100005],[120.39966881600003,33.86933014500005],[120.39844811300009,33.878973700000074],[120.41260826900009,33.88751862200007],[120.41334069100003,33.897365627000056],[120.40796959700003,33.91681549700007],[120.38502037900003,33.970404364000046],[120.37134850400003,34.036037502000056],[120.36532636800007,34.04564036700009],[120.35849043100006,34.05345286700009],[120.35352623800009,34.06077708500004],[120.34823652400007,34.07684967700004],[120.3252237590001,34.111297999000044],[120.32496554200009,34.13645107200006],[120.317212315,34.152123405000054],[120.30937427900005,34.17407134900009],[120.29883873800009,34.20425039300005],[120.27418053500003,34.24453359600005],[120.26669355600006,34.26630280200004],[120.26400800900001,34.29075755400004],[120.25709069100003,34.311835028000075],[120.23975670700008,34.32367584800005],[120.11817467500009,34.35960521000004],[120.07870527400007,34.37750885600008],[120.02295983200008,34.41937897300005],[119.98292076900009,34.440741278000075],[119.93995201900009,34.457912502000056],[119.90503991000003,34.464911200000074],[119.86207116000003,34.46580638200004],[119.82618248800009,34.470404364000046],[119.79525800900001,34.481675523000035],[119.75123131600003,34.51422760600008],[119.72885175900001,34.52411530200004],[119.70533287900003,34.53115469000005],[119.68531334700003,34.53384023600006],[119.65845787900003,34.53156159100007],[119.64771569100003,34.53384023600006],[119.64340254000001,34.53656647300005],[119.64144941500001,34.54083893400008],[119.64096113400001,34.54572174700007],[119.64096113400001,34.55052317900004],[119.60922285200002,34.56273021000004],[119.59986412900003,34.56854889500005],[119.58871504000001,34.58222077000005],[119.53174889400009,34.61570872600004],[119.45655358200008,34.68455638200004],[119.47274824300007,34.698146877000056],[119.47421308700007,34.715277411000045],[119.46322675900001,34.73236725500004],[119.44223066500001,34.74603913000004],[119.42823326900009,34.74994538000004],[119.40145918100006,34.75112539300005],[119.38770592500009,34.75348541900007],[119.37558027400007,34.75934479400007],[119.35800214900007,34.774603583000044],[119.34669030000009,34.78082916900007],[119.33505293100006,34.76850006700005],[119.32496178500003,34.75999583500004],[119.31177819100003,34.755072333000044],[119.29135175900001,34.75348541900007],[119.24179121200007,34.76166413000004],[119.22934004000001,34.75971100500004],[119.22095787900003,34.74941640800006],[119.20980879000001,34.71857330900008],[119.20337975400003,34.71190013200004],[119.19223066500001,34.71820709800005],[119.18873131600003,34.73305898600006],[119.19027754000001,34.749253648000035],[119.19532311300009,34.75971100500004],[119.18905683700007,34.76654694200005],[119.20191491000003,34.78497955900008],[119.19312584700003,34.809881903000075],[119.18869763400005,34.856274168000084],[119.20337975400003,34.931626695000034],[119.19703209700003,34.947699286000045],[119.19288170700008,34.97402578300006],[119.19288170700008,35.000433661000045],[119.19931074300007,35.01666901200008],[119.20394941500001,35.02496979400007],[119.20728600400003,35.04840729400007],[119.21265709700003,35.05801015800006],[119.22120201900009,35.06403229400007],[119.22909589900007,35.066107489000046],[119.25049889400009,35.06818268400008],[119.28028405000009,35.076605536000045],[119.31430097700002,35.08624909100007],[119.33619225400003,35.08869049700007],[119.35800214900007,35.09711334800005],[119.37061608200008,35.11741771000004],[119.38770592500009,35.20538971600007],[119.40455162900003,35.25372955900008],[119.41871178500003,35.27130768400008],[119.42188561300009,35.277411200000074],[119.42188561300009,35.30052317900004],[119.42392011800007,35.31346263200004],[119.42872155000009,35.321478583000044],[119.43580162900003,35.32257721600007],[119.46957441500001,35.321478583000044],[119.50766035200002,35.33234284100007],[119.51351972700002,35.33930084800005],[119.52230879000001,35.352728583000044],[119.55152428500003,35.38003164300005],[119.55892988400001,35.390326239000046],[119.56226647200003,35.40062083500004],[119.56454511800007,35.424709377000056],[119.56959069100003,35.434759833000044],[119.59595787900003,35.46198151200008],[119.59986412900003,35.469183661000045],[119.60409589900007,35.48802317900004],[119.63412519600001,35.548041083000044],[119.64136803500003,35.57200755400004],[119.64795983200008,35.58392975500004],[119.65772545700008,35.58893463700008],[119.66895592500009,35.59031810100004],[119.68384850400003,35.59398021000004],[119.69678795700008,35.59943268400008],[119.70240319100003,35.60602448100008],[119.70712324300007,35.614162502000056],[119.71876061300009,35.61953359600005],[119.73251386800007,35.62083567900004],[119.74390709700003,35.616888739000046],[119.74838300900001,35.60932038000004],[119.74805748800009,35.59979889500005],[119.74390709700003,35.57591380400004],[119.77100670700008,35.59332916900007],[119.81161543100006,35.64789459800005],[119.84009850400003,35.657904364000046],[119.83407636800007,35.63532135600008],[119.84327233200008,35.61579010600008],[119.86019941500001,35.60610586100006],[119.87745201900009,35.61318594000005],[119.88526451900009,35.617621161000045],[119.89559980600006,35.620306708000044],[119.90455162900003,35.62457916900007],[119.90845787900003,35.633978583000044],[119.90674889400009,35.64447663000004],[119.90292402400007,35.652411200000074],[119.90048261800007,35.66054922100005],[119.90162194100003,35.671535549000055],[119.90829511800007,35.680894273000035],[119.93075605600006,35.69953034100007],[119.93563886800007,35.70502350500004],[119.93124433700007,35.71084219000005],[119.90015709700003,35.73627350500004],[119.90821373800009,35.74485911700009],[119.92554772200003,35.75682200700004],[119.93775475400003,35.76113515800006],[119.94971764400009,35.75381094000005],[119.96998131600003,35.73236725500004],[120.00294030000009,35.727769273000035],[120.01978600400003,35.759751695000034],[120.03882897200003,35.84284088700008],[120.05225670700008,35.862616278000075],[120.09717858200008,35.900824286000045],[120.10718834700003,35.903998114000046],[120.13575280000009,35.90412018400008],[120.14185631600003,35.90794505400004],[120.14551842500009,35.91380442900004],[120.16285241000003,35.933294989000046],[120.16846764400009,35.93842194200005],[120.18897545700008,35.94525788000004],[120.18970787900003,35.93154531500005],[120.17945397200003,35.92007070500006],[120.17050214900007,35.907456773000035],[120.17530358200008,35.89004140800006],[120.18515058700007,35.90375397300005],[120.22681725400003,35.941839911000045],[120.24439537900003,35.95307038000004],[120.28443444100003,35.962591864000046],[120.29883873800009,35.97313060100004],[120.30347741000003,35.980536200000074],[120.30526777400007,35.98700592700004],[120.30307050900001,35.99404531500005],[120.29542076900009,36.00332265800006],[120.28492272200003,36.010931708000044],[120.28199303500003,36.00665924700007],[120.28077233200008,35.99823639500005],[120.27491295700008,35.99363841400009],[120.24276777400007,35.97357819200005],[120.22950280000009,35.97280508000006],[120.22999108200008,35.99990469000005],[120.19776451900009,35.98529694200005],[120.18604576900009,35.98452383000006],[120.17530358200008,35.99363841400009],[120.17074629000001,36.008693752000056],[120.17188561300009,36.046128648000035],[120.16846764400009,36.06195709800005],[120.15406334700003,36.077053127000056],[120.13575280000009,36.08340078300006],[120.11679121200007,36.087591864000046],[120.10018964900007,36.09609609600005],[120.08969160200002,36.11172109600005],[120.08643639400009,36.13003164300005],[120.08936608200008,36.147691148000035],[120.10523522200003,36.17422109600005],[120.10922285200002,36.188788153000075],[120.10531660200002,36.200873114000046],[120.09034264400009,36.205959377000056],[120.08594811300009,36.20913320500006],[120.08790123800009,36.21621328300006],[120.09286543100006,36.22321198100008],[120.09717858200008,36.22638580900008],[120.10816491000003,36.22553131700005],[120.11142011800007,36.222723700000074],[120.11239668100006,36.21747467700004],[120.11727949300007,36.20966217700004],[120.14454186300009,36.20888906500005],[120.18677819100003,36.21906159100007],[120.21908613400001,36.221909898000035],[120.21631920700008,36.19912344000005],[120.22128339900007,36.19839101800005],[120.22388756600003,36.196519273000035],[120.22608483200008,36.19407786700009],[120.22999108200008,36.19163646000004],[120.24398847700002,36.191107489000046],[120.26425214900007,36.180853583000044],[120.28451582100001,36.17597077000005],[120.29883873800009,36.19163646000004],[120.27515709700003,36.20408763200004],[120.27352949300007,36.23427969000005],[120.28646894600001,36.26382070500006],[120.30640709700003,36.27423737200007],[120.31177819100003,36.26585521000004],[120.32276451900009,36.22638580900008],[120.33920332100001,36.22260163000004],[120.34848066500001,36.21336497600004],[120.36158287900003,36.19163646000004],[120.33497155000009,36.13613515800006],[120.32276451900009,36.11994049700007],[120.31348717500009,36.10447825700004],[120.31226647200003,36.09129466400009],[120.30844160200002,36.07953522300005],[120.29200280000009,36.06810130400004],[120.29200280000009,36.06195709800005],[120.30909264400009,36.06150950700004],[120.32471764400009,36.05719635600008],[120.33936608200008,36.04995351800005],[120.35352623800009,36.04083893400008],[120.36947675900001,36.04877350500004],[120.42172285200002,36.06195709800005],[120.43563886800007,36.06850820500006],[120.46192467500009,36.08576080900008],[120.47364342500009,36.08926015800006],[120.51417076900009,36.08856842700004],[120.53622480600006,36.091457424000055],[120.54590905000009,36.09975820500006],[120.55160566500001,36.113714911000045],[120.56519616000003,36.11579010600008],[120.59359785200002,36.10976797100005],[120.61670983200008,36.12335846600007],[120.62061608200008,36.12128327000005],[120.62387129000001,36.11766185100004],[120.62777754000001,36.116522528000075],[120.69678795700008,36.14398834800005],[120.70484459700003,36.156236070000034],[120.69336998800009,36.17487213700008],[120.68751061300009,36.18789297100005],[120.67562910200002,36.25063711100006],[120.67042076900009,36.26581452000005],[120.66024824300007,36.277329820000034],[120.65455162900003,36.288275458000044],[120.66195722700002,36.30149974200009],[120.64869225400003,36.31240469000005],[120.64364668100006,36.32249583500004],[120.64771569100003,36.33087799700007],[120.66195722700002,36.33633047100005],[120.66903730600006,36.33462148600006],[120.69369550900001,36.32489655200004],[120.70728600400003,36.32265859600005],[120.72217858200008,36.33055247600004],[120.70956464900007,36.34935130400004],[120.69068444100003,36.37083567900004],[120.68653405000009,36.387152411000045],[120.71412194100003,36.42869700700004],[120.71900475400003,36.43235911700009],[120.73170006600003,36.43622467700004],[120.73707116000003,36.438666083000044],[120.74048912900003,36.44281647300005],[120.74781334700003,36.45563385600008],[120.75058027400007,36.45917389500005],[120.77247155000009,36.46352773600006],[120.80689537900003,36.46393463700008],[120.83204186300009,36.45526764500005],[120.82642662900003,36.432521877000056],[120.84400475400003,36.42267487200007],[120.84970136800007,36.38613515800006],[120.86744225400003,36.37718333500004],[120.87427819100003,36.38060130400004],[120.88266035200002,36.388739325000074],[120.89039147200003,36.39793528900009],[120.89828535200002,36.41160716400009],[120.90137780000009,36.41901276200008],[120.90097089900007,36.42767975500004],[120.89478600400003,36.438666083000044],[120.90626061300009,36.452378648000035],[120.91952558700007,36.45648834800005],[120.93433678500003,36.45677317900004],[120.94996178500003,36.45917389500005],[120.93783613400001,36.48769765800006],[120.93628991000003,36.49701569200005],[120.94117272200003,36.50971100500004],[120.95191491000003,36.51992422100005],[120.96143639400009,36.53143952000005],[120.96363366000003,36.54791901200008],[120.95679772200003,36.54791901200008],[120.95020592500009,36.54002513200004],[120.93848717500009,36.534369208000044],[120.92750084700003,36.532904364000046],[120.92261803500003,36.53766510600008],[120.92025800900001,36.55329010600008],[120.91407311300009,36.55703359600005],[120.90528405000009,36.557074286000045],[120.89478600400003,36.56159088700008],[120.86459394600001,36.597723700000074],[120.85035241000003,36.60455963700008],[120.82642662900003,36.59634023600006],[120.81356855600006,36.583685614000046],[120.79379316500001,36.55097077000005],[120.77865644600001,36.541083075000074],[120.75025475400003,36.54075755400004],[120.74227949300007,36.555853583000044],[120.74732506600003,36.57729726800005],[120.75757897200003,36.59634023600006],[120.75001061300009,36.59983958500004],[120.74691816500001,36.603176174000055],[120.74732506600003,36.60822174700007],[120.75058027400007,36.616848049000055],[120.77084394600001,36.617173570000034],[120.82406660200002,36.64398834800005],[120.85059655000009,36.65094635600008],[120.86475670700008,36.64671458500004],[120.89267011800007,36.62848541900007],[120.90552819100003,36.624253648000035],[120.92212975400003,36.62368398600006],[120.93336022200003,36.62026601800005],[120.93653405000009,36.61196523600006],[120.92880293100006,36.59634023600006],[120.94467207100001,36.59121328300006],[120.99838300900001,36.589504299000055],[121.00611412900003,36.58763255400004],[121.01465905000009,36.58454010600008],[121.02352949300007,36.58392975500004],[121.03248131600003,36.589504299000055],[121.03402754000001,36.59682851800005],[121.03077233200008,36.61709219000005],[121.03248131600003,36.624253648000035],[121.04249108200008,36.62767161700009],[121.06275475400003,36.61005280200004],[121.08017011800007,36.61001211100006],[121.08969160200002,36.616400458000044],[121.12802168100006,36.65094635600008],[121.15772545700008,36.66860586100006],[121.31421959700003,36.711818752000056],[121.33350670700008,36.71238841400009],[121.36841881600003,36.70677317900004],[121.38526451900009,36.70648834800005],[121.40170332100001,36.71238841400009],[121.37940514400009,36.71698639500005],[121.37777754000001,36.73151276200008],[121.39014733200008,36.74681224200009],[121.40894616000003,36.753973700000074],[121.43246504000001,36.75275299700007],[121.44483483200008,36.75348541900007],[121.45337975400003,36.75739166900007],[121.46615644600001,36.77757396000004],[121.47071373800009,36.78961823100008],[121.46729576900009,36.794989325000074],[121.45801842500009,36.801947333000044],[121.45297285200002,36.816392320000034],[121.45948326900009,36.82868073100008],[121.48438561300009,36.82908763200004],[121.49227949300007,36.823919989000046],[121.49423261800007,36.81688060100004],[121.49813886800007,36.81085846600007],[121.51156660200002,36.808579820000034],[121.52222741000003,36.812160549000055],[121.53052819100003,36.81989166900007],[121.53809655000009,36.82884349200009],[121.54647871200007,36.835923570000034],[121.56283613400001,36.84137604400007],[121.58814537900003,36.84617747600004],[121.60718834700003,36.844956773000035],[121.60474694100003,36.83250560100004],[121.59522545700008,36.82632070500006],[121.57300866000003,36.819647528000075],[121.56324303500003,36.81232330900008],[121.55518639400009,36.80341217700004],[121.54737389400009,36.798163153000075],[121.53711998800009,36.79564036700009],[121.52222741000003,36.794989325000074],[121.50318444100003,36.78864166900007],[121.49642988400001,36.77448151200008],[121.50350996200007,36.76044342700004],[121.52588951900009,36.753973700000074],[121.53711998800009,36.75576406500005],[121.55038496200007,36.76434967700004],[121.56006920700008,36.767645575000074],[121.57300866000003,36.76361725500004],[121.58301842500009,36.76284414300005],[121.59424889400009,36.767645575000074],[121.59766686300009,36.75849030200004],[121.60352623800009,36.749660549000055],[121.61255944100003,36.74298737200007],[121.62525475400003,36.74038320500006],[121.63428795700008,36.74656810100004],[121.63209069100003,36.76121653900009],[121.62142988400001,36.788763739000046],[121.62452233200008,36.81476471600007],[121.63746178500003,36.831366278000075],[121.65821373800009,36.84015534100007],[121.68417402400007,36.84275950700004],[121.68417402400007,36.835923570000034],[121.67408287900003,36.833238023000035],[121.64942467500009,36.822251695000034],[121.64942467500009,36.816066799000055],[121.67147871200007,36.81928131700005],[121.70850670700008,36.83283112200007],[121.72803795700008,36.835923570000034],[121.73715254000001,36.839178778000075],[121.74488366000003,36.84723541900007],[121.75001061300009,36.857407945000034],[121.75180097700002,36.86692942900004],[121.75586998800009,36.872300523000035],[121.77686608200008,36.88646067900004],[121.78598066500001,36.89118073100008],[121.91513105600006,36.92023346600007],[121.94979902400007,36.93891022300005],[121.92335045700008,36.96849192900004],[121.91488691500001,36.98582591400009],[121.92628014400009,36.99359772300005],[121.96143639400009,36.99286530200004],[122.00416100400003,36.986029364000046],[122.02930748800009,36.986761786000045],[122.03964277400007,36.98460521000004],[122.04916425900001,36.97992584800005],[122.05380293100006,36.97524648600006],[122.04981530000009,36.973089911000045],[122.03760826900009,36.96369049700007],[122.03475996200007,36.941839911000045],[122.03541100400003,36.91681549700007],[122.03305097700002,36.89801666900007],[122.04688561300009,36.90033600500004],[122.06519616000003,36.90672435100004],[122.08090254000001,36.91657135600008],[122.08765709700003,36.929022528000075],[122.09433027400007,36.95091380400004],[122.11011803500003,36.95189036700009],[122.12842858200008,36.94562409100007],[122.14291425900001,36.94578685100004],[122.14918053500003,36.962144273000035],[122.14795983200008,36.98501211100006],[122.14999433700007,37.00531647300005],[122.16610761800007,37.014105536000045],[122.17969811300009,37.00580475500004],[122.17855879000001,36.98627350500004],[122.16268964900007,36.94578685100004],[122.17465254000001,36.941107489000046],[122.21119225400003,36.91844310100004],[122.25294030000009,36.905951239000046],[122.26587975400003,36.89801666900007],[122.19686933700007,36.89801666900007],[122.18482506600003,36.88495514500005],[122.18067467500009,36.866400458000044],[122.18531334700003,36.84992096600007],[122.20028730600006,36.84275950700004],[122.31983483200008,36.82294342700004],[122.35523522200003,36.82908763200004],[122.36109459700003,36.83344147300005],[122.37118574300007,36.84564850500004],[122.37574303500003,36.84955475500004],[122.37720787900003,36.85248444200005],[122.37777754000001,36.857123114000046],[122.37973066500001,36.861395575000074],[122.38559004000001,36.86322663000004],[122.38990319100003,36.86196523600006],[122.39332116000003,36.85911692900004],[122.39722741000003,36.85691966400009],[122.40235436300009,36.85700104400007],[122.42066491000003,36.86078522300005],[122.43100019600001,36.86465078300006],[122.43637129000001,36.87067291900007],[122.43515058700007,36.87921784100007],[122.42945397200003,36.88812897300005],[122.42139733200008,36.89516836100006],[122.41260826900009,36.89801666900007],[122.40748131600003,36.900458075000074],[122.40341230600006,36.90664297100005],[122.40219160200002,36.914496161000045],[122.40577233200008,36.92218659100007],[122.41220136800007,36.92475006700005],[122.42090905000009,36.923081773000035],[122.43051191500001,36.92011139500005],[122.43995201900009,36.91844310100004],[122.45663496200007,36.92064036700009],[122.47730553500003,36.92597077000005],[122.49390709700003,36.93260325700004],[122.49854576900009,36.93891022300005],[122.51270592500009,36.93463776200008],[122.50904381600003,36.92625560100004],[122.50009199300007,36.91559479400007],[122.49854576900009,36.90420156500005],[122.50741621200007,36.89801666900007],[122.51734459700003,36.90314362200007],[122.52645918100006,36.91425202000005],[122.53272545700008,36.92593008000006],[122.52540123800009,36.94448476800005],[122.54004967500009,37.02773672100005],[122.51303144600001,37.02049388200004],[122.46119225400003,37.03082916900007],[122.43637129000001,37.02773672100005],[122.43702233200008,37.01162344000005],[122.42432701900009,37.00364817900004],[122.40919030000009,37.006293036000045],[122.40235436300009,37.021470445000034],[122.41122480600006,37.03652578300006],[122.44849694100003,37.05719635600008],[122.45704186300009,37.06590403900009],[122.45411217500009,37.077460028000075],[122.44752037900003,37.08226146000004],[122.44052168100006,37.08490631700005],[122.43637129000001,37.08978913000004],[122.43628991000003,37.09918854400007],[122.44174238400001,37.11709219000005],[122.44434655000009,37.13654205900008],[122.44760175900001,37.14744700700004],[122.45394941500001,37.154282945000034],[122.46444746200007,37.15184153900009],[122.46583092500009,37.14516836100006],[122.46444746200007,37.11029694200005],[122.47071373800009,37.11029694200005],[122.48267662900003,37.139960028000075],[122.51002037900003,37.15521881700005],[122.54346764400009,37.15664297100005],[122.57431074300007,37.14443594000005],[122.57715905000009,37.15778229400007],[122.56885826900009,37.165676174000055],[122.56324303500003,37.173163153000075],[122.57431074300007,37.18537018400008],[122.58521569100003,37.188706773000035],[122.62891686300009,37.19281647300005],[122.62891686300009,37.199652411000045],[122.61353600400003,37.20307038000004],[122.60287519600001,37.20990631700005],[122.59669030000009,37.22089264500005],[122.59473717500009,37.23688385600008],[122.58985436300009,37.243353583000044],[122.56666100400003,37.26634349200009],[122.56006920700008,37.274725653000075],[122.54908287900003,37.31085846600007],[122.54965254000001,37.31976959800005],[122.55762780000009,37.31907786700009],[122.59473717500009,37.29523346600007],[122.59115644600001,37.314154364000046],[122.57081139400009,37.34479401200008],[122.57740319100003,37.34983958500004],[122.58505293100006,37.35268789300005],[122.61459394600001,37.37091705900008],[122.65609785200002,37.38458893400008],[122.67896569100003,37.374660549000055],[122.68873131600003,37.38971588700008],[122.68824303500003,37.409816799000055],[122.68043053500003,37.41502513200004],[122.66504967500009,37.414048570000034],[122.61239668100006,37.41860586100006],[122.60092207100001,37.41502513200004],[122.59164472700002,37.404364325000074],[122.57056725400003,37.401556708000044],[122.48804772200003,37.41193268400008],[122.48495527400007,37.41380442900004],[122.48218834700003,37.42267487200007],[122.47803795700008,37.42560455900008],[122.47120201900009,37.42536041900007],[122.46607506600003,37.42267487200007],[122.46151777400007,37.419623114000046],[122.45704186300009,37.41815827000005],[122.29647871200007,37.41815827000005],[122.27857506600003,37.423895575000074],[122.26181074300007,37.45091380400004],[122.24537194100003,37.45970286700009],[122.22421308700007,37.45799388200004],[122.20972741000003,37.447333075000074],[122.19776451900009,37.43235911700009],[122.18319746200007,37.41815827000005],[122.16211998800009,37.43309153900009],[122.14144941500001,37.45661041900007],[122.12989342500009,37.48346588700008],[122.13550866000003,37.50067780200004],[122.15259850400003,37.514553127000056],[122.15186608200008,37.532863674000055],[122.13949629000001,37.55060455900008],[122.12183678500003,37.56273021000004],[122.10946699300007,37.55223216400009],[122.09506269600001,37.54913971600007],[122.08204186300009,37.55292389500005],[122.07333418100006,37.56273021000004],[122.06714928500003,37.56273021000004],[122.07178795700008,37.54450104400007],[122.06153405000009,37.537176825000074],[122.04379316500001,37.53392161700009],[122.02564537900003,37.52802155200004],[122.01636803500003,37.517564195000034],[121.99463951900009,37.48672109600005],[121.98121178500003,37.480169989000046],[121.97779381600003,37.47166575700004],[121.99740644600001,37.43406810100004],[121.98804772200003,37.42560455900008],[121.95728600400003,37.423814195000034],[121.94979902400007,37.42560455900008],[121.94459069100003,37.432521877000056],[121.94459069100003,37.440741278000075],[121.94906660200002,37.44839101800005],[121.95728600400003,37.453558661000045],[121.95728600400003,37.45970286700009],[121.93783613400001,37.46426015800006],[121.73243248800009,37.46173737200007],[121.65943444100003,37.472723700000074],[121.65235436300009,37.474676825000074],[121.64478600400003,37.47846100500004],[121.63502037900003,37.48126862200007],[121.62142988400001,37.480169989000046],[121.61304772200003,37.47728099200009],[121.60254967500009,37.471869208000044],[121.59278405000009,37.46385325700004],[121.58741295700008,37.453558661000045],[121.63428795700008,37.46238841400009],[121.65487714900007,37.45770905200004],[121.67611738400001,37.43919505400004],[121.65162194100003,37.43707916900007],[121.59164472700002,37.42446523600006],[121.57032311300009,37.42865631700005],[121.54981530000009,37.44782135600008],[121.53711998800009,37.456244208000044],[121.52222741000003,37.45970286700009],[121.49146569100003,37.462958075000074],[121.47689863400001,37.468003648000035],[121.47071373800009,37.47646719000005],[121.46395918100006,37.49945709800005],[121.44678795700008,37.519598700000074],[121.42457116000003,37.536322333000044],[121.40170332100001,37.54905833500004],[121.38168379000001,37.566107489000046],[121.38143964900007,37.58299388200004],[121.39844811300009,37.59487539300005],[121.42977949300007,37.596869208000044],[121.41407311300009,37.60968659100007],[121.39356530000009,37.62246328300006],[121.37216230600006,37.63271719000005],[121.35401451900009,37.637884833000044],[121.36060631600003,37.63133372600004],[121.37452233200008,37.610541083000044],[121.34473717500009,37.59080638200004],[121.30811608200008,37.581244208000044],[121.19149824300007,37.57518138200004],[121.17164147200003,37.57709381700005],[121.15536543100006,37.58258698100008],[121.14210045700008,37.59467194200005],[121.13436933700007,37.610541083000044],[121.13550866000003,37.626288153000075],[121.14852949300007,37.637884833000044],[121.13013756600003,37.65180084800005],[121.13217207100001,37.664496161000045],[121.14242597700002,37.67682526200008],[121.14852949300007,37.68939850500004],[121.13795006600003,37.701157945000034],[121.11329186300009,37.708238023000035],[121.06666100400003,37.71356842700004],[121.05469811300009,37.71271393400008],[121.04354902400007,37.71035390800006],[121.03256269600001,37.71039459800005],[121.02198326900009,37.71670156500005],[121.01612389400009,37.72573476800005],[121.01148522200003,37.73590729400007],[121.00538170700008,37.74428945500006],[120.99463951900009,37.747748114000046],[120.97535241000003,37.75136953300006],[120.95687910200002,37.76089101800005],[120.94092858200008,37.77399323100008],[120.92880293100006,37.788723049000055],[120.94076582100001,37.80646393400008],[120.92579186300009,37.81928131700005],[120.89942467500009,37.827053127000056],[120.87769616000003,37.82965729400007],[120.86597741000003,37.82754140800006],[120.84644616000003,37.81810130400004],[120.83668053500003,37.81598541900007],[120.82162519600001,37.81732819200005],[120.78492272200003,37.82965729400007],[120.73804772200003,37.833970445000034],[120.70492597700002,37.82094961100006],[120.67432701900009,37.801988023000035],[120.63526451900009,37.788723049000055],[120.59359785200002,37.78188711100006],[120.56454511800007,37.76434967700004],[120.55616295700008,37.761379299000055],[120.46338951900009,37.747748114000046],[120.44312584700003,37.73818594000005],[120.41098066500001,37.712103583000044],[120.39136803500003,37.706732489000046],[120.38599694100003,37.70453522300005],[120.36850019600001,37.69472890800006],[120.31185957100001,37.68626536700009],[120.21998131600003,37.68626536700009],[120.21566816500001,37.68406810100004],[120.22291100400003,37.67942942900004],[120.23536217500009,37.67475006700005],[120.24756920700008,37.67259349200009],[120.27857506600003,37.67243073100008],[120.29379316500001,37.67031484600005],[120.30640709700003,37.66518789300005],[120.32252037900003,37.63239166900007],[120.29761803500003,37.59788646000004],[120.18759199300007,37.511786200000074],[120.05982506600003,37.44041575700004],[120.00904381600003,37.42234935100004],[119.99781334700003,37.42182038000004],[119.98829186300009,37.413275458000044],[119.92896569100003,37.38458893400008],[119.88233483200008,37.370754299000055],[119.85889733200008,37.36017487200007],[119.84628339900007,37.34369538000004],[119.86353600400003,37.321926174000055],[119.88672936300009,37.28465403900009],[119.89730879000001,37.24941640800006],[119.87745201900009,37.23383209800005],[119.79184004000001,37.180568752000056],[119.77890058700007,37.16705963700008],[119.77059980600006,37.15184153900009],[119.71680748800009,37.14158763200004],[119.66073652400007,37.137600002000056],[119.56348717500009,37.141791083000044],[119.53858483200008,37.137600002000056],[119.52450605600006,37.13906484600005],[119.47510826900009,37.13328685100004],[119.44117272200003,37.12055084800005],[119.28711998800009,37.13727448100008],[119.14551842500009,37.17885976800005],[119.11500084700003,37.20111725500004],[119.05860436300009,37.22760651200008],[119.04273522200003,37.24237702000005],[119.03012129000001,37.257798570000034],[119.01474043100006,37.26984284100007],[118.99048912900003,37.274725653000075],[118.97242272200003,37.28066640800006],[118.96119225400003,37.29564036700009],[118.94947350400003,37.33616771000004],[118.94459069100003,37.378119208000044],[118.95785566500001,37.53139883000006],[118.96778405000009,37.57322825700004],[118.96998131600003,37.593451239000046],[118.97665449300007,37.61090729400007],[118.99244225400003,37.63336823100008],[119.01075280000009,37.65375397300005],[119.02540081300003,37.68992311800008],[119.02752700200006,37.703942931000086],[119.03712772600011,37.72208882600006],[119.06947218100004,37.74063064900008],[119.12014099700002,37.737507864000065],[119.1893132240001,37.70073456600005],[119.21773647400005,37.67524798000005],[119.25566353600004,37.67186657700006],[119.25959745600005,37.71584741200007],[119.243083071,37.76948233600007],[119.20683608900003,37.802838559000065],[119.155697433,37.82396426300005],[119.11694226300006,37.85327074700007],[119.09249331000001,37.91277311500005],[119.04840455700003,37.94797820300005],[118.99659264400009,37.96312083500004],[118.97339928500003,37.99648672100005],[118.95614668100006,38.03359609600005],[118.94198652400007,38.04938385600008],[118.92481530000009,38.05776601800005],[118.95003676100009,38.09726186800009],[118.8982451820001,38.12329876700005],[118.84009850400003,38.15257396000004],[118.82506583500003,38.151642167000034],[118.80543053500003,38.15180084800005],[118.76035265500002,38.15513204600006],[118.6548709430001,38.145694596000055],[118.615777009,38.12512038300008],[118.59937584700003,38.11082591400009],[118.58350670700008,38.089178778000075],[118.57300866000003,38.07990143400008],[118.56153405000009,38.07607656500005],[118.55689537900003,38.073919989000046],[118.55062910200002,38.070013739000046],[118.54297936300009,38.068345445000034],[118.53394616000003,38.07294342700004],[118.51229902400007,38.08808014500005],[118.49415123800009,38.093817450000074],[118.47250485200004,38.101881035000076],[118.4489284440001,38.10778712200005],[118.42400472600002,38.11156859500005],[118.31202233200008,38.12787506700005],[118.21583092500009,38.144964911000045],[118.14608808700007,38.14248281500005],[118.11923261800007,38.15228913000004],[118.10767662900003,38.14858633000006],[118.09579511800007,38.14232005400004],[118.08480879000001,38.138739325000074],[118.08179772200003,38.140692450000074],[118.06521373100009,38.143082037000056],[118.05240830600007,38.153659066000046],[118.0577849340001,38.161079362000066],[118.05372658700003,38.17325326400004],[118.03822468700002,38.18071770500006],[118.00719688600009,38.19700984200006],[117.98899518300004,38.19856575100005],[117.97754417700003,38.19483706400007],[117.9633461090001,38.21069368600007],[117.9416977510001,38.23394647100008],[117.90015709700003,38.246161200000074],[117.83716881600003,38.27090078300006],[117.80389382300007,38.29401812600008],[117.71608248500002,38.37851093200004],[117.66804518100002,38.44615737100008],[117.58043785300003,38.58481046600008],[117.56597071300007,38.61250744900008],[117.54354902400007,38.62132396000004],[117.5529534530001,38.64344657500004],[117.56047272400008,38.657096624000076],[117.55724628600001,38.67234853300005],[117.55877791300009,38.69094144700006],[117.57322225600001,38.71374780800005],[117.57626386800007,38.77374909100007],[117.57837975400003,38.792669989000046],[117.58399498800009,38.81159088700008],[117.70875084700003,38.98102448100008],[117.70557701900009,38.984361070000034],[117.70435631600003,38.98615143400008],[117.70191491000003,38.995306708000044],[117.72950280000009,38.984361070000034],[117.74325605600006,38.98224518400008],[117.775263945,38.981058362000056],[117.773615103,38.99890416300008],[117.76577158100008,39.02615531500004],[117.75748395000005,39.04508591500007],[117.751477841,39.06791408700008],[117.73781695600007,39.078387182000085],[117.72664914300003,39.08829118400007],[117.71827233200008,39.093003648000035],[117.71542402400007,39.111395575000074],[117.73755944100003,39.10639069200005],[117.75733483200008,39.114447333000044],[117.811815508,39.15136979500005],[117.88559004000001,39.20111725500004],[117.93116295700008,39.212103583000044],[117.97372480600006,39.216131903000075],[118.02801994200001,39.219798051000055],[118.04537990800009,39.21897204800007],[118.09640359000002,39.20239193700007],[118.14052807300004,39.17283510700008],[118.17093646400008,39.135250764000034],[118.18680376100008,39.11008019800005],[118.20712242500008,39.076705813000046],[118.23528462200011,39.053097566000076],[118.26785485100004,39.043004120000035],[118.30012638000005,39.040563804000044],[118.32609628900002,39.03093224600008],[118.344269586,39.03070861800006],[118.36035134000008,39.04194827400005],[118.38011530900008,39.050422282000056],[118.40995940100004,39.06289983500005],[118.46910620000006,39.09779346100004],[118.48709561800001,39.102018411000074],[118.51214550700001,39.115980154000056],[118.529146018,39.124652763000086],[118.51937910200002,39.13934967700004],[118.52711022200003,39.14923737200007],[118.56049306700004,39.147042929000065],[118.59015064900007,39.14831235200006],[118.61935987000004,39.16104245200006],[118.64908209600003,39.15973155800009],[118.68720441900007,39.153473287000054],[118.72777874000008,39.14724971000004],[118.77469445200006,39.14817017000007],[118.79599059200007,39.15177712700006],[118.816200267,39.16366540100006],[118.84053530200003,39.17563023000008],[118.85897871200007,39.20750560100004],[118.87378991000003,39.21381256700005],[118.87142988400001,39.200100002000056],[118.88550866000003,39.185248114000046],[118.88062584700003,39.17279694200005],[118.90267988400001,39.176662502000056],[118.94556725400003,39.19212474200009],[118.96998131600003,39.19330475500004],[118.95630944100003,39.18805573100008],[118.95069420700008,39.179022528000075],[118.94760175900001,39.16860586100006],[118.94198652400007,39.15912506700005],[118.93189537900003,39.15224844000005],[118.89429772200003,39.13182200700004],[118.89429772200003,39.12441640800006],[118.91041100400003,39.125433661000045],[118.92603600400003,39.13060130400004],[118.94019616000003,39.13886139500005],[118.99350019600001,39.17963288000004],[119.01563561300009,39.18976471600007],[119.03931725400003,39.212876695000034],[119.06234862200006,39.23146551500008],[119.09376740800008,39.26080836400007],[119.12926608300006,39.29407360400006],[119.18480422500011,39.35481411000006],[119.20334492500001,39.36343799300005],[119.22584968500007,39.35776693100007],[119.2556602730001,39.36552154900005],[119.2794293290001,39.38400560800005],[119.29612802500003,39.41163902300008],[119.30507538100005,39.432977787000084],[119.2971032150001,39.455216619000055],[119.27076255400004,39.489060804000076],[119.25642455900004,39.49311137600006],[119.26198127500004,39.53508424100005],[119.281398136,39.57501372400009],[119.27014167200002,39.58063606700006],[119.26239651600008,39.57751181200007],[119.24268639400009,39.54588450700004],[119.22934004000001,39.53595612200007],[119.23121178500003,39.54547760600008],[119.23414147200003,39.554388739000046],[119.23804772200003,39.56273021000004],[119.24301191500001,39.57070547100005],[119.23267662900003,39.56622955900008],[119.20899498800009,39.55019765800006],[119.20858808700007,39.569566148000035],[119.22323652400007,39.58466217700004],[119.24537194100003,39.59446849200009],[119.26758873800009,39.59796784100007],[119.28101647200003,39.59674713700008],[119.28492272200003,39.59544505400004],[119.30233808700007,39.61782461100006],[119.31405683700007,39.64118073100008],[119.33961022200003,39.71556224200009],[119.34986412900003,39.731756903000075],[119.35580488400001,39.73578522300005],[119.3678657160001,39.74834820700005],[119.38586899000006,39.75963047200008],[119.41153788600002,39.778029364000076],[119.42940637800007,39.795305952000035],[119.46679518000008,39.81484778200007],[119.49552420000009,39.813235671000086],[119.53069893500003,39.81470221200004],[119.52489928500006,39.841649302000064],[119.51986738400001,39.858303127000056],[119.52491295700008,39.87173086100006],[119.53559238800005,39.89082558800004],[119.55369991300006,39.89906255800008],[119.57186375200001,39.904296285000044],[119.60303795700008,39.90643952000005],[119.62061608200008,39.911037502000056],[119.66089928500003,39.93268463700008],[119.7082172590001,39.93493496200006],[119.74964876900003,39.952396744000055],[119.77442467500009,39.950506903000075],[119.79249108200008,39.96344635600008],[119.81104576900009,39.97304922100005],[119.85018964900007,39.986314195000034],[119.87550094400001,39.99473907500004],[119.91199784800006,39.99808813300007],[119.911798266,40.01110570800006],[119.91531026300004,40.03615345600008],[119.95027692000008,40.05650213300004],[120.11842925100007,40.10003543800008],[120.15496447700002,40.111354927000036],[120.18319746200007,40.12323639500005],[120.18897545700008,40.126166083000044],[120.19393964900007,40.126654364000046],[120.225469191,40.134946995000064],[120.246356977,40.144123369000056],[120.26132246200007,40.14671458500004],[120.289474445,40.16348444100004],[120.30902673000003,40.17966794800009],[120.33358808700007,40.18699778900009],[120.35800214900007,40.19179922100005],[120.39435218400001,40.19431209000004],[120.43604576900009,40.19448476800005],[120.45069420700008,40.20107656500005],[120.47201582100001,40.21430084800005],[120.49252363400001,40.23126862200007],[120.50489342500009,40.24909088700008],[120.50660241000003,40.27334219000005],[120.50131269600001,40.291896877000056],[120.50098717500009,40.307847398000035],[120.501757645,40.32690995200005],[120.53458443400007,40.34405893500008],[120.56486835200008,40.35418214200007],[120.59115289700003,40.36729769300007],[120.588395547,40.384320341000034],[120.56731603700007,40.38023714700006],[120.547526447,40.37615916700008],[120.53907311300009,40.382879950000074],[120.54566491000003,40.402411200000074],[120.56210371200007,40.411322333000044],[120.58407636800007,40.413723049000055],[120.5973763720001,40.42242315000004],[120.59848066500001,40.43183014500005],[120.59701582100001,40.45001862200007],[120.60409589900007,40.46515534100007],[120.62094160200002,40.47443268400008],[120.63331139400009,40.47516510600008],[120.65911435200007,40.48376149400008],[120.665702947,40.49080019000007],[120.6696190030001,40.50284098100008],[120.67878839700006,40.52191605100006],[120.70011311600001,40.53724422300007],[120.77003014400009,40.58576080900008],[120.78858483200008,40.59174225500004],[120.79843183700007,40.599676825000074],[120.80860436300009,40.618353583000044],[120.81641686300009,40.64004140800006],[120.81959069100003,40.65692780200004],[120.82532081500005,40.67403348000005],[120.84776417300009,40.68309677500008],[120.86768639400009,40.67865631700005],[120.88477623800009,40.68048737200007],[120.89530456400007,40.68518129900008],[120.92302989300003,40.68922261600005],[120.94019490100004,40.691246239000066],[120.96263662700005,40.709290141000054],[120.99564874300006,40.715318538000076],[121.020737908,40.719330067000044],[121.01026451900009,40.73086172100005],[120.99439537900003,40.73627350500004],[120.97584685800007,40.73934102100009],[120.95603623200009,40.73733066700004],[120.93954511800007,40.74054596600007],[120.93628991000003,40.755560614000046],[120.94385826900009,40.76585521000004],[120.95785566500001,40.774725653000075],[120.96851647200003,40.78359609600005],[120.96705162900003,40.79401276200008],[120.96322675900001,40.80658600500004],[120.97046959700003,40.81793854400007],[120.98194420700008,40.82680898600006],[120.99097741000003,40.831284898000035],[121.00497480600006,40.83307526200008],[121.02963300900001,40.82648346600007],[121.041923989,40.81440147100005],[121.049850107,40.797400734000064],[121.06835077700009,40.80338908600004],[121.06572061200006,40.818395836000036],[121.08027266400006,40.82839510800005],[121.08017011800007,40.844916083000044],[121.08114668100006,40.85024648600006],[121.08008873800009,40.857082424000055],[121.07992597700002,40.862982489000046],[121.08358808700007,40.86542389500005],[121.10604902400007,40.87323639500005],[121.11109459700003,40.87604401200008],[121.11996504000001,40.88491445500006],[121.13062584700003,40.89329661700003],[121.14242597700002,40.90070221600007],[121.15536543100006,40.90639883000006],[121.17579186300009,40.922308661000045],[121.20028730600006,40.93073151200008],[121.22494550900001,40.927069403000075],[121.24472089900007,40.90639883000006],[121.25839277400007,40.92064036700003],[121.26490319100003,40.91038646000004],[121.27393639400009,40.90302155200004],[121.28565514400009,40.89923737200007],[121.29932701900009,40.899603583000044],[121.31552168100006,40.910142320000034],[121.33725019600001,40.928168036000045],[121.36133873800009,40.93964264500005],[121.38477623800009,40.93060944200005],[121.39454186300009,40.92422109600005],[121.41846764400009,40.91889069200005],[121.42977949300007,40.91380442900004],[121.43458092500009,40.90721263200004],[121.43685957100001,40.89907461100006],[121.44092858200008,40.89134349200003],[121.45020592500009,40.885931708000044],[121.47999656000002,40.88448912000007],[121.51042757300002,40.87935670400009],[121.52888779,40.86726698700005],[121.56763756600003,40.84552643400008],[121.57504316500001,40.841498114000046],[121.5949618630001,40.845923568000046],[121.6944232940001,40.84836295100007],[121.73955232000003,40.849078718000044],[121.75838975800002,40.87199238000005],[121.76920249300008,40.888949284000034],[121.78005610600007,40.907909722000056],[121.77770903800001,40.93497152900005],[121.80738366000003,40.96002838700008],[121.82601972700002,40.97402578300006],[121.86793053500003,40.995794989000046],[121.87476647200003,40.989569403000075],[121.85889733200008,40.96747467700004],[121.84888756600003,40.95844147300005],[121.83749433700007,40.954779364000046],[121.82593834700003,40.94818756700005],[121.82837975400003,40.93390534100007],[121.83619225400003,40.91974518400008],[121.84058678500003,40.91380442900004],[121.84376061300009,40.85968659100007],[121.85108483200008,40.83226146000004],[121.87200535,40.81505719300009],[121.89718454000001,40.80783650200004],[122.04908287900003,40.746079820000034],[122.06714928500003,40.73505280200004],[122.10865319100003,40.69953034100007],[122.12183678500003,40.680121161000045],[122.13697350400003,40.68512604400007],[122.15943444100003,40.701605536000045],[122.17066491000003,40.68650950700004],[122.16797936300009,40.653509833000044],[122.13758565700005,40.624020286000075],[122.15043401500009,40.60386446400008],[122.17649690600001,40.58658253600004],[122.22486412900003,40.57851797100005],[122.27564537900003,40.54364655200004],[122.29395592500009,40.52301666900007],[122.30184980600006,40.50234609600005],[122.28687584700003,40.488714911000045],[122.28809655000009,40.47284577000005],[122.27955162900003,40.465725002000056],[122.26563561300009,40.461371161000045],[122.25147545700008,40.45392487200007],[122.24976647200003,40.447333075000074],[122.25098717500009,40.43842194200005],[122.25009199300007,40.43060944200005],[122.24195397200003,40.42723216400009],[122.20362389400009,40.42723216400009],[122.21102949300007,40.38060130400004],[122.18032824700003,40.352419843000064],[122.12868679100006,40.325917007000044],[122.10611612000002,40.310122817000035],[122.10865319100003,40.29181549700007],[122.10816491000003,40.28388092700004],[122.10938561300009,40.275458075000074],[122.10751386800007,40.262152411000045],[122.10230553500003,40.24872467700004],[122.09164569300003,40.22720738800007],[122.05884850400003,40.20921458500004],[122.03858483200008,40.19635651200008],[122.01596113400001,40.18813711100006],[121.99146569100003,40.18699778900009],[122.00635826900009,40.156317450000074],[121.99566779300005,40.12389527500005],[121.93311608200008,40.10138580900008],[121.92946773000006,40.077286453000056],[121.88046117600004,40.041498612000055],[121.82691491000003,40.02252838700008],[121.83790123800009,40.02045319200005],[121.86475670700008,40.01943594000005],[121.87476647200003,40.01630280200004],[121.88095136800007,40.00796133000006],[121.88013756600003,39.99872467700004],[121.87378991000003,39.991400458000044],[121.85474694100003,39.98517487200007],[121.83602949300007,39.971136786000045],[121.80966230600006,39.96503327000005],[121.80518639400009,39.95783112200007],[121.80380293100006,39.94871653900009],[121.79965254000001,39.94000885600008],[121.77442467500009,39.92084381700005],[121.75464928500003,39.91828034100007],[121.73438561300009,39.92328522300005],[121.70712324300007,39.926947333000044],[121.68490644600001,39.92251211100006],[121.635971735,39.89668676800005],[121.61609295800008,39.87170050600008],[121.56629232600005,39.85884151800008],[121.53589928500003,39.861761786000045],[121.50991686300006,39.824031398000045],[121.47071373800009,39.810248114000046],[121.47152754000001,39.80508047100005],[121.47754967500009,39.786769924000055],[121.48732049700004,39.77800009900005],[121.48461221900004,39.764005018000034],[121.47418492300005,39.75607402900005],[121.45728600400003,39.748480536000045],[121.45980879000001,39.74433014500005],[121.46265709700003,39.741522528000075],[121.46387780000009,39.73859284100007],[121.49086364000004,39.720994069000085],[121.50684655000009,39.69432200700004],[121.51840254000001,39.686712958000044],[121.52401777400007,39.68732330900008],[121.53028405000009,39.69098541900007],[121.53744550900001,39.69253164300005],[121.54647871200007,39.686712958000044],[121.55014082100001,39.67865631700005],[121.54737389400009,39.673163153000075],[121.54232832100001,39.66937897300005],[121.53956139400009,39.66624583500004],[121.53768964900007,39.66290924700007],[121.52865644600001,39.655951239000046],[121.52588951900009,39.65265534100007],[121.52784264400009,39.649603583000044],[121.53768964900007,39.64142487200007],[121.53956139400009,39.63898346600007],[121.53720136800007,39.63198476800005],[121.53614342500009,39.626654364000046],[121.53329511800007,39.622300523000035],[121.52588951900009,39.61786530200004],[121.498165438,39.65292419200006],[121.46387780000009,39.645819403000075],[121.47071373800009,39.632147528000075],[121.4498053850001,39.615098025000066],[121.38218295200011,39.601336840000045],[121.32650800900001,39.60236237200007],[121.30616295700008,39.59796784100007],[121.29151451900009,39.586371161000045],[121.26000136500011,39.563673366000046],[121.24854576900009,39.543402411000045],[121.23837324300007,39.54148997600004],[121.22852623800009,39.536444403000075],[121.22339928500003,39.528631903000075],[121.22779381600003,39.518866278000075],[121.23682701900009,39.51471588700008],[121.27271569100003,39.51544830900008],[121.28248131600003,39.512152411000045],[121.29981530000009,39.50336334800005],[121.30616295700008,39.50177643400008],[121.31942793100006,39.50568268400008],[121.34042402400007,39.51927317900004],[121.35401451900009,39.52220286700009],[121.39950605600006,39.52020905200004],[121.41993248800009,39.516058661000045],[121.43604576900009,39.50861237200007],[121.46143639400009,39.47370026200008],[121.49195397200003,39.38898346600007],[121.52588951900009,39.36465078300006],[121.54892011800007,39.36188385600008],[121.71778405000009,39.37148672100005],[121.70777428500003,39.39565664300005],[121.74537194100003,39.39789459800005],[121.83065839900007,39.38507721600007],[121.84888756600003,39.38735586100006],[121.88095136800007,39.39716217700004],[121.89869225400003,39.39935944200005],[121.91268964900007,39.40525950700004],[121.92237389400009,39.415228583000044],[121.93124433700007,39.417181708000044],[121.94296308700007,39.39935944200005],[121.91504967500009,39.395412502000056],[121.86548912900003,39.37055084800005],[121.83749433700007,39.36465078300006],[121.79127037900003,39.37132396000004],[121.77979576900009,39.37148672100005],[121.76514733200008,39.36538320500006],[121.75350996200007,39.35521067900004],[121.73129316500001,39.33047109600005],[121.73829186300009,39.319647528000075],[121.73609459700003,39.311753648000035],[121.71778405000009,39.296942450000074],[121.68018639400009,39.27521393400008],[121.65845787900003,39.266791083000044],[121.64698326900009,39.264878648000035],[121.64193769600001,39.27216217700004],[121.63697350400003,39.272650458000044],[121.61198414700004,39.274980894000066],[121.58993856400002,39.264053964000084],[121.6040857700001,39.252949595000075],[121.63306725400003,39.23615143400008],[121.62631269600001,39.22451406500005],[121.60165449300007,39.22125885600008],[121.60336347700002,39.216498114000046],[121.60596764400009,39.20538971600007],[121.60792076900009,39.20075104400007],[121.59262129000001,39.19220612200007],[121.60670006600003,39.18081289300005],[121.62989342500009,39.17324453300006],[121.64193769600001,39.176214911000045],[121.64918053500003,39.15814850500004],[121.68100019600001,39.136419989000046],[121.68978925900001,39.11815013200004],[121.67408287900003,39.08803945500006],[121.63233483200008,39.06948476800005],[121.54647871200007,39.049261786000045],[121.48633873800009,39.019598700000074],[121.46729576900009,39.01512278900009],[121.44149824300007,39.01390208500004],[121.42807050900001,39.01471588700008],[121.41920006600003,39.01854075700004],[121.40853925900001,39.032863674000055],[121.40333092500009,39.038275458000044],[121.39551842500009,39.04246653900009],[121.37484785200002,39.044175523000035],[121.35230553500003,39.03807200700004],[121.33423912900003,39.026597398000035],[121.32675214900007,39.01203034100007],[121.32886803500003,39.00141022300005],[121.33814537900003,38.985256252000056],[121.34034264400009,38.97760651200008],[121.33432050900001,38.96857330900008],[121.32032311300009,38.966498114000046],[121.29184004000001,38.96735260600008],[121.25684655000009,38.949652411000045],[121.23438561300009,38.94562409100007],[121.21949303500003,38.94049713700008],[121.21070397200003,38.94009023600006],[121.20199629000001,38.94285716400009],[121.18881269600001,38.95229726800005],[121.17953535200002,38.954331773000035],[121.12875410200002,38.947333075000074],[121.11793053500003,38.943426825000074],[121.09620201900009,38.92059967700004],[121.08619225400003,38.90570709800005],[121.09042402400007,38.89907461100006],[121.14852949300007,38.89907461100006],[121.15235436300009,38.88629791900007],[121.14014733200008,38.874253648000035],[121.11451256600003,38.85814036700009],[121.11133873800009,38.840277411000045],[121.11793053500003,38.828192450000074],[121.12777754000001,38.81891510600008],[121.13485761800007,38.809759833000044],[121.13925214900007,38.789496161000045],[121.13404381600003,38.78221263200004],[121.12411543100006,38.77838776200008],[121.11451256600003,38.76813385600008],[121.13241621200007,38.75873444200005],[121.14136803500003,38.74274323100008],[121.15308678500003,38.72760651200008],[121.17953535200002,38.72093333500004],[121.19849694100003,38.727850653000075],[121.24472089900007,38.77558014500005],[121.22559655000009,38.77631256700005],[121.21753991000003,38.77558014500005],[121.23666425900001,38.798488674000055],[121.26075280000009,38.79511139500005],[121.28760826900009,38.78807200700004],[121.34473717500009,38.81464264500005],[121.38013756600003,38.81659577000005],[121.48495527400007,38.809881903000075],[121.49887129000001,38.81464264500005],[121.50489342500009,38.82648346600007],[121.51221764400009,38.82697174700007],[121.55274498800009,38.85814036700009],[121.58106530000009,38.862982489000046],[121.65479576900009,38.857855536000045],[121.67611738400001,38.871161200000074],[121.69629967500009,38.862941799000055],[121.70484459700003,38.873114325000074],[121.70362389400009,38.891913153000075],[121.69361412900003,38.90961334800005],[121.67676842500009,38.921535549000055],[121.65919030000009,38.92625560100004],[121.61817467500009,38.92641836100006],[121.59253991000003,38.935980536000045],[121.58741295700008,38.94009023600006],[121.59213300900001,38.94867584800005],[121.60434004000001,38.95197174700007],[121.62891686300009,38.954331773000035],[121.64779707100001,38.95937734600005],[121.65259850400003,38.96344635600008],[121.65634199300007,38.97418854400007],[121.65780683700007,38.98387278900009],[121.65601647200003,38.99062734600005],[121.64926191500001,38.99445221600007],[121.63575280000009,38.995306708000044],[121.67090905000009,39.00771719000005],[121.68018639400009,39.008978583000044],[121.71045983200008,39.006740627000056],[121.73878014400009,39.00153229400007],[121.73878014400009,39.008978583000044],[121.72006269600001,39.019517320000034],[121.72470136800007,39.030178127000056],[121.74488366000003,39.03351471600007],[121.77247155000009,39.02195872600004],[121.78711998800009,39.00690338700008],[121.81153405000009,38.97284577000005],[121.84791100400003,38.94745514500005],[121.85987389400009,38.944647528000075],[121.87134850400003,38.95062897300005],[121.88754316500001,38.96238841400009],[121.89478600400003,38.970770575000074],[121.89527428500003,38.98102448100008],[121.88013756600003,38.99701569200005],[121.83798261800007,39.01508209800005],[121.82691491000003,39.03628164300005],[121.85596764400009,39.03375885600008],[121.87940514400009,39.027411200000074],[121.92318769600001,39.008978583000044],[121.92025800900001,39.02094147300005],[121.91293379000001,39.03070709800005],[121.90194746200007,39.03803131700005],[121.88843834700003,39.04246653900009],[121.90430748800009,39.04938385600008],[121.91724694100003,39.04633209800005],[121.92945397200003,39.03986237200007],[121.94296308700007,39.03628164300005],[121.95932050900001,39.04047272300005],[121.97128339900007,39.04962799700007],[121.98047936300009,39.05878327000005],[121.98804772200003,39.062933661000045],[122.04232832100001,39.05971914300005],[122.05128014400009,39.06712474200009],[122.03931725400003,39.09088776200008],[122.04786217500009,39.09918854400007],[122.05567467500009,39.10138580900008],[122.06397545700008,39.10175202000005],[122.07333418100006,39.10455963700008],[122.12745201900009,39.14199453300006],[122.14267011800007,39.14630768400008],[122.16268964900007,39.146144924000055],[122.14991295700008,39.15444570500006],[122.13583418100006,39.15814850500004],[122.10450280000009,39.15912506700005],[122.10401451900009,39.16380442900004],[122.11060631600003,39.174994208000044],[122.11670983200008,39.188666083000044],[122.11500084700003,39.20075104400007],[122.19857832100001,39.251206773000035],[122.24024498800009,39.28563060100004],[122.24537194100003,39.310614325000074],[122.24952233200008,39.31655508000006],[122.25074303500003,39.31903717700004],[122.25147545700008,39.32367584800005],[122.26742597700002,39.318019924000055],[122.27711022200003,39.32851797100005],[122.28370201900009,39.343410549000055],[122.29004967500009,39.35097890800006],[122.30355879000001,39.35415273600006],[122.31885826900009,39.36200592700004],[122.33326256600003,39.37205638200004],[122.34473717500009,39.382025458000044],[122.35596764400009,39.387884833000044],[122.38331139400009,39.39565664300005],[122.39633222700002,39.411037502000056],[122.41382897200003,39.41364166900007],[122.44703209700003,39.41242096600007],[122.46981855600006,39.41669342700004],[122.49561608200008,39.42719147300005],[122.54004967500009,39.454006252000056],[122.54647871200007,39.45661041900007],[122.55111738400001,39.455959377000056],[122.55543053500003,39.45600006700005],[122.56006920700008,39.46076080900008],[122.56104576900009,39.467962958000044],[122.55722089900007,39.47329336100006],[122.55323326900009,39.47752513200004],[122.55323326900009,39.481350002000056],[122.56210371200007,39.486761786000045],[122.56910241000003,39.48354726800005],[122.57691491000003,39.47565338700008],[122.58790123800009,39.46698639500005],[122.63656660200002,39.50844961100006],[122.64258873800009,39.52602773600006],[122.64844811300009,39.532416083000044],[122.66098066500001,39.52802155200004],[122.67294355600006,39.519964911000045],[122.67676842500009,39.51544830900008],[122.68824303500003,39.51862213700008],[122.69654381600003,39.523871161000045],[122.71078535200002,39.53595612200007],[122.76913496200007,39.55817291900007],[122.77979576900009,39.56045156500005],[122.78817793100006,39.572333075000074],[122.84864342500009,39.61786530200004],[122.87159264400009,39.60578034100007],[122.94491621200007,39.61969635600008],[122.96412194100003,39.61163971600007],[122.99244225400003,39.636704820000034],[122.99634850400003,39.649644273000035],[122.97763105600006,39.65884023600006],[122.97763105600006,39.66624583500004],[122.99195397200003,39.66592031500005],[123.00058027400007,39.671087958000044],[123.00570722700002,39.677435614000046],[123.00912519600001,39.68048737200007],[123.01661217500009,39.67951080900008],[123.02963300900001,39.674709377000056],[123.03980553500003,39.673081773000035],[123.05811608200008,39.67475006700005],[123.09994550900001,39.68577708500004],[123.10800214900007,39.69013092700004],[123.12842858200008,39.66486237200007],[123.17432701900009,39.66575755400004],[123.22315514400009,39.679754950000074],[123.26587975400003,39.70107656500005],[123.26913496200007,39.70758698100008],[123.26295006600003,39.718085028000075],[123.25513756600003,39.72410716400009],[123.24927819100003,39.72532786700009],[123.24227949300007,39.725490627000056],[123.22079511800007,39.73069896000004],[123.21216881600003,39.73139069200005],[123.20639082100001,39.73468659100007],[123.20419355600006,39.74506256700005],[123.20997155000009,39.75495026200008],[123.22299238400001,39.75495026200008],[123.24903405000009,39.74823639500005],[123.26539147200003,39.75409577000005],[123.26351972700002,39.767645575000074],[123.25277754000001,39.782904364000046],[123.24219811300009,39.79352448100008],[123.23585045700008,39.802435614000046],[123.23804772200003,39.80923086100006],[123.24472089900007,39.81403229400007],[123.25204511800007,39.81708405200004],[123.25277754000001,39.81118398600006],[123.25717207100001,39.80109284100007],[123.26417076900009,39.797308661000045],[123.27320397200003,39.810248114000046],[123.28500410200002,39.80345286700009],[123.30298912900003,39.784491278000075],[123.31405683700007,39.77610911700009],[123.33936608200008,39.78489817900004],[123.36451256600003,39.785223700000074],[123.38672936300009,39.78961823100008],[123.40357506600003,39.810248114000046],[123.39820397200003,39.818345445000034],[123.40308678500003,39.823553778000075],[123.41163170700008,39.82566966400009],[123.41708418100006,39.82453034100007],[123.42115319100003,39.81321849200009],[123.41822350400003,39.80654531500005],[123.41309655000009,39.80182526200008],[123.41041100400003,39.79661692900004],[123.40845787900003,39.74599844000005],[123.41041100400003,39.73517487200007],[123.42774498800009,39.726629950000074],[123.44564863400001,39.73704661700009],[123.48153730600006,39.77968984600005],[123.49561608200008,39.790716864000046],[123.51319420700008,39.79779694200005],[123.53321373800009,39.79661692900004],[123.54184004000001,39.79169342700004],[123.54737389400009,39.78534577000005],[123.55079186300009,39.77948639500005],[123.55372155000009,39.77610911700009],[123.56324303500003,39.770412502000056],[123.56324303500003,39.768784898000035],[123.56373131600003,39.77094147300005],[123.59140058700007,39.78432851800005],[123.59766686300009,39.792629299000055],[123.60157311300009,39.81708405200004],[123.62256920700008,39.87173086100006],[123.62623131600003,39.889105536000045],[123.63095136800007,39.903998114000046],[123.64014733200008,39.91469961100006],[123.65674889400009,39.91950104400007],[123.64307701900009,39.878566799000055],[123.66968834700003,39.85659414300005],[123.72006269600001,39.83055247600004],[123.77304121200007,39.818345445000034],[123.80762780000009,39.837591864000046],[123.81446373800009,39.837591864000046],[123.83407636800007,39.82916901200008],[123.86036217500009,39.82440827000005],[123.88754316500001,39.82290273600006],[123.91065514400009,39.82453034100007],[123.92025800900001,39.82949453300006],[123.93067467500009,39.83685944200005],[123.94214928500003,39.84056224200009],[123.95492597700002,39.83417389500005],[123.96778405000009,39.82054271000004],[123.97510826900009,39.81500885600008],[123.98568769600001,39.810248114000046],[123.99805748800009,39.81590403900009],[124.04102623800009,39.82453034100007],[124.05543053500003,39.82990143400008],[124.06690514400009,39.83616771000004],[124.08814537900003,39.85187409100007],[124.11817467500009,39.83315664300005],[124.13721764400009,39.84235260600008],[124.15503991000003,39.861314195000034],[124.20215905000009,39.878607489000046],[124.26636803500003,39.926947333000044],[124.27369225400003,39.928900458000044],[124.28028405000009,39.92869700700004],[124.28671308700007,39.929348049000055],[124.29420006600003,39.93378327000005],[124.29908287900003,39.94037506700005],[124.30298912900003,39.95408763200004],[124.30787194100003,39.96108633000006],[124.35230553500003,39.99896881700005],[124.36133873800009,40.01117584800005],[124.36402428500003,40.02090078300006],[124.36255944100003,40.04677969000005],[124.35694420700008,40.07632070500006],[124.35824629000001,40.089056708000044],[124.36996504000001,40.09829336100006],[124.38038170700008,40.08266836100006],[124.38436933700007,40.064886786000045],[124.39144941500001,40.04828522300005],[124.41024824300007,40.03620026200008],[124.43287194100003,40.03278229400007],[124.47925866000003,40.03074778900009],[124.49960371200007,40.02252838700008],[124.46583092500009,40.015285549000055],[124.43409264400009,40.02456289300005],[124.40577233200008,40.027777411000045],[124.38306725400003,40.00267161700009],[124.37606855600006,39.95408763200004],[124.36996504000001,39.94000885600008],[124.35938561300009,39.93353913000004],[124.34571373800009,39.93024323100008],[124.33212324300007,39.925116278000075],[124.32154381600003,39.91266510600008],[124.32797285200002,39.90973541900007],[124.33480879000001,39.905585028000075],[124.34180748800009,39.89996979400007],[124.34888756600003,39.89280833500004],[124.36255944100003,39.87173086100006],[124.38965905000009,39.86786530200004],[124.39657636800007,39.86554596600007],[124.39918053500003,39.859808661000045],[124.40357506600003,39.841498114000046],[124.40723717500009,39.837591864000046],[124.40975996200007,39.835923570000034],[124.41366621200007,39.827826239000046],[124.41773522200003,39.82453034100007],[124.42261803500003,39.824204820000034],[124.42636152400007,39.82648346600007],[124.43002363400001,39.829331773000035],[124.43441816500001,39.83075592700004],[124.51978600400003,39.818060614000046],[124.55494225400003,39.81708405200004],[124.56405683700007,39.81427643400008],[124.56544030000009,39.80711497600004],[124.56161543100006,39.78668854400007],[124.56600996200007,39.77887604400007],[124.58472741000003,39.77094147300005],[124.58912194100003,39.76585521000004],[124.58790123800009,39.756293036000045],[124.58326256600003,39.74054596600007],[124.58228600400003,39.731756903000075],[124.58480879000001,39.72357819200005],[124.59156334700003,39.72085195500006],[124.60035241000003,39.71930573100008],[124.60946699300007,39.71466705900008],[124.61337324300007,39.70978424700007],[124.61988366000003,39.69794342700004],[124.62378991000003,39.69354889500005],[124.63143964900007,39.69391510600008],[124.63990319100003,39.69806549700007],[124.64698326900009,39.69757721600007],[124.64991295700008,39.683661200000074],[124.64509531300007,39.66946608400008],[124.63214883400008,39.662945980000075],[124.62857395600008,39.64474758800009],[124.610803014,39.62865050000005],[124.61573326900009,39.61786530200004],[124.61866295700008,39.61473216400009],[124.62191816500001,39.61310455900008],[124.62940514400009,39.61163971600007],[124.62533613400001,39.605169989000046],[124.62411543100006,39.60219961100006],[124.62378991000003,39.59796784100007],[124.63745219100008,39.59048344900009],[124.6405747230001,39.59460383000004],[124.6490628140001,39.61212080700005],[124.67492862800009,39.622069139000075],[124.69501666400004,39.637539814000036],[124.71641220400011,39.647127675000036],[124.73513749100005,39.641587568000034],[124.74390709700003,39.64435455900008],[124.73424385800001,39.654996174000075],[124.72980457000006,39.66529252400005],[124.74053231200003,39.671791548000044],[124.75304515100004,39.672458745000085],[124.75711508900008,39.687905913000066],[124.74462405300005,39.69135615600004],[124.74418696600003,39.70130795300008],[124.75002107500006,39.70989247400007],[124.75025475400003,39.722357489000046],[124.75473066500001,39.733710028000075],[124.74952233200008,39.74506256700005],[124.74293053500003,39.75299713700008],[124.73951256600003,39.76211172100005],[124.74024498800009,39.77216217700004],[124.74610436300009,39.78294505400004],[124.75643964900007,39.77065664300005],[124.76039012900003,39.748007778000044],[124.77064966,39.74181142100008],[124.79916425900001,39.73981354400007],[124.80307050900001,39.730454820000034],[124.81128991000003,39.72833893400008],[124.83358808700007,39.72597890800006],[124.84913170700008,39.72150299700007],[124.86630293100006,39.71385325700004],[124.88160241000003,39.70416901200008],[124.89267011800007,39.69196198100008],[124.90162194100003,39.66205475500004],[124.91309655000009,39.656236070000034],[124.92652428500003,39.65298086100006],[124.93783613400001,39.645819403000075],[124.94727623800009,39.662990627000056],[124.95826256600003,39.66201406500005],[124.98633873800009,39.63898346600007],[124.99439537900003,39.63690827000005],[125.00326582100001,39.63686758000006],[125.01059004000001,39.63532135600008],[125.01351972700002,39.62872955900008],[125.01807701900009,39.62400950700004],[125.04004967500009,39.60854726800005],[125.04769941500001,39.60419342700004],[125.06031334700003,39.60114166900007],[125.07007897200003,39.60150788000004],[125.08554121200007,39.60419342700004],[125.09750410200002,39.602728583000044],[125.10165449300007,39.59870026200008],[125.10377037900003,39.59247467700004],[125.10971113400001,39.58437734600005],[125.11353600400003,39.57758209800005],[125.11426842500009,39.57094961100006],[125.11695397200003,39.56586334800005],[125.12680097700002,39.56386953300006],[125.17123457100001,39.56386953300006],[125.16781660200002,39.56976959800005],[125.16098066500001,39.585191148000035],[125.15756269600001,39.59121328300006],[125.22518964900007,39.59121328300006],[125.21029707100001,39.57306549700007],[125.21957441500001,39.566473700000074],[125.23707116000003,39.56289297100005],[125.24634850400003,39.553615627000056],[125.25074303500003,39.551214911000045],[125.27711022200003,39.52602773600006],[125.28598066500001,39.521185614000046],[125.29493248800009,39.52301666900007],[125.30355879000001,39.52728913000004],[125.32569420700008,39.533189195000034],[125.42969811300009,39.575384833000044],[125.44491621200007,39.58437734600005],[125.45175214900007,39.57127513200004],[125.45028730600006,39.557928778000075],[125.44198652400007,39.54755280200004],[125.41366621200007,39.538723049000055],[125.40658613400001,39.52749258000006],[125.40259850400003,39.513739325000074],[125.39722741000003,39.50177643400008],[125.37940514400009,39.48627350500004],[125.36036217500009,39.474676825000074],[125.34603925900001,39.45962148600006],[125.34253991000003,39.43353913000004],[125.35165449300007,39.43740469000005],[125.36182701900009,39.43992747600004],[125.37256920700008,39.44098541900007],[125.38355553500003,39.440334377000056],[125.35995527400007,39.41315338700008],[125.35702558700007,39.39874909100007],[125.37647545700008,39.39252350500004],[125.43848717500009,39.38499583500004],[125.45923912900003,39.38507721600007],[125.45419355600006,39.374335028000075],[125.44564863400001,39.36692942900004],[125.42440839900007,39.357123114000046],[125.41895592500009,39.360541083000044],[125.41480553500003,39.36200592700004],[125.40463300900001,39.36465078300006],[125.41342207100001,39.35443756700005],[125.41822350400003,39.35097890800006],[125.41114342500009,39.33348216400009],[125.41627037900003,39.32025788000004],[125.42920983200008,39.31224192900004],[125.44491621200007,39.310614325000074],[125.43189537900003,39.30072663000004],[125.39356530000009,39.245794989000046],[125.39600670700008,39.23655833500004],[125.40487714900007,39.228949286000045],[125.41089928500003,39.21381256700005],[125.38900800900001,39.22028229400007],[125.36508222700002,39.22089264500005],[125.34359785200002,39.212876695000034],[125.32886803500003,39.19330475500004],[125.33204186300009,39.18496328300006],[125.34009850400003,39.17601146000004],[125.34351647200003,39.16889069200005],[125.33204186300009,39.16596100500004],[125.30713951900009,39.16543203300006],[125.29672285200002,39.16152578300006],[125.28736412900003,39.152329820000034],[125.29444420700008,39.147365627000056],[125.29330488400001,39.14354075700004],[125.28915449300007,39.13906484600005],[125.28736412900003,39.13182200700004],[125.28815316700002,39.123542083000075],[125.28617909400009,39.117048880000084],[125.2903347780001,39.11128125700009],[125.29061152600002,39.104530787000044],[125.2866942820001,39.09704642300005],[125.28407024400008,39.089556418000086],[125.33505293100006,39.08344147300005],[125.31600996200007,39.07953522300005],[125.29110761800007,39.08047109600005],[125.27080255200008,39.08060612500009],[125.26002037900003,39.06635163000004],[125.2520020290001,39.049638677000075],[125.23336837900001,39.029886770000076],[125.21216881600003,39.00153229400007],[125.19864306900001,38.986056348000034],[125.20090124600006,38.97526244800008],[125.19002722000005,38.95851982600004],[125.17298086200003,38.93879952100008],[125.1636271540001,38.91546040500003],[125.151966217,38.891528975000085],[125.15072675900001,38.87457916900007],[125.14755293100006,38.837144273000035],[125.14332116000003,38.820379950000074],[125.13721764400009,38.80353424700007],[125.14527391700005,38.777087866000045],[125.15677039000002,38.76926729200005],[125.17211143100008,38.76322957000008],[125.17666381900005,38.75122800100007],[125.188119798,38.73860758200004],[125.21655678700006,38.73971680000005],[125.23047936300009,38.771918036000045],[125.22518964900007,38.796087958000044],[125.24097741000003,38.79311758000006],[125.25269616000003,38.78359609600005],[125.25782311300009,38.771918036000045],[125.25318444100003,38.76251862200007],[125.25977623800009,38.75828685100004],[125.26685631600003,38.755072333000044],[125.24691816500001,38.73672109600005],[125.24350019600001,38.72833893400008],[125.24976647200003,38.717230536000045],[125.26246178500003,38.707912502000056],[125.27767988400001,38.70331452000005],[125.29371178500003,38.703192450000074],[125.30836022200003,38.70726146000004],[125.30836022200003,38.71352773600006],[125.30347741000003,38.71674225500004],[125.29794355600006,38.72211334800005],[125.29590905000009,38.72846100500004],[125.30103600400003,38.73456452000005],[125.30640709700003,38.73460521000004],[125.31031334700003,38.729803778000075],[125.31275475400003,38.723863023000035],[125.31454511800007,38.72093333500004],[125.34107506600003,38.71747467700004],[125.35035241000003,38.72125885600008],[125.35621178500003,38.73456452000005],[125.36304772200003,38.73456452000005],[125.37312844300004,38.72054103700009],[125.38924406500007,38.717449085000055],[125.41931328300006,38.72926491900006],[125.43417402400007,38.736761786000045],[125.42782636800007,38.744126695000034],[125.42001386800007,38.75018952000005],[125.41089928500003,38.755072333000044],[125.42457116000003,38.755926825000074],[125.43213951900009,38.76308828300006],[125.43588300900001,38.77130768400008],[125.43873131600003,38.77558014500005],[125.44776451900009,38.77724844000005],[125.44800866000003,38.77619049700007],[125.44703209700003,38.771551825000074],[125.47291100400003,38.73432038000004],[125.47909589900007,38.727728583000044],[125.49097741000003,38.72288646000004],[125.51474043100006,38.72280508000006],[125.52759850400003,38.72093333500004],[125.54371178500003,38.71112702000005],[125.58895918100006,38.66632721600007],[125.59961998800009,38.66225820500006],[125.61988366000003,38.661444403000075],[125.63062584700003,38.65888092700004],[125.63681074300007,38.653998114000046],[125.64852949300007,38.63849518400008],[125.65780683700007,38.63100820500006],[125.63795006600003,38.62641022300005],[125.61036217500009,38.63108958500004],[125.58594811300009,38.641913153000075],[125.57520592500009,38.65574778900009],[125.57235761800007,38.66229889500005],[125.56495201900009,38.67011139500005],[125.55518639400009,38.676662502000056],[125.54517662900003,38.679388739000046],[125.54078209700003,38.674261786000045],[125.53793379000001,38.66364166900007],[125.53272545700008,38.65412018400008],[125.52076256600003,38.65265534100007],[125.51465905000009,38.657863674000055],[125.51181074300007,38.67670319200005],[125.50709069100003,38.68622467700004],[125.46265709700003,38.70726146000004],[125.45101972700002,38.704006252000056],[125.44613691500001,38.69672272300005],[125.44442793100006,38.689520575000074],[125.44190514400009,38.68622467700004],[125.42969811300009,38.687486070000034],[125.40674889400009,38.69285716400009],[125.39722741000003,38.69367096600007],[125.369108353,38.69476077500008],[125.34601622600007,38.68707909500006],[125.33060514700003,38.67874746700005],[125.31979146600008,38.66858445200006],[125.31132433100004,38.66501670200006],[125.30103600400003,38.65680573100008],[125.27798275600003,38.66307753800004],[125.26729528800001,38.67031000600008],[125.25961350900002,38.669738521000056],[125.23573354900009,38.65783722300006],[125.22038123100003,38.656092424000065],[125.20348540400005,38.652553381000075],[125.193545234,38.657378649000066],[125.18899038100005,38.66697903000005],[125.1797965070001,38.67000248100004],[125.17819758300004,38.65682617900006],[125.18349645,38.64243174400008],[125.17962270700002,38.63465513600005],[125.15659989900007,38.631726627000035],[125.148228539,38.64612822300006],[125.13755966000008,38.66233230700004],[125.12338300900001,38.66632721600007],[125.11654707100001,38.65721263200004],[125.11841881600003,38.64516836100006],[125.12606855600006,38.633246161000045],[125.13721764400009,38.62474192900004],[125.13404381600003,38.61001211100006],[125.13453209700003,38.59125397300005],[125.12800864000008,38.58028144200006],[125.10276941300003,38.59352342600005],[125.07974441700003,38.583988530000056],[125.05824114500001,38.568467928000075],[125.04296633600006,38.581682956000066],[125.03762506700002,38.59127144900009],[125.02920047300006,38.589495285000055],[125.01768591000007,38.58352329600007],[124.99774737500002,38.59252162100006],[124.98394855600009,38.59194167600003],[124.9808656990001,38.58415720100004],[124.99569746200007,38.57404205900008],[124.99708092500009,38.56614817900004],[124.99488366000003,38.55768463700008],[124.99301191500001,38.54588450700004],[124.99683678500003,38.53587474200009],[125.01474043100006,38.52496979400007],[125.02100670700008,38.514878648000035],[125.01636803500003,38.49795156500005],[125.00204511800007,38.47361888200004],[124.98519941500001,38.45136139500005],[124.97266686300009,38.44037506700005],[124.97486412900003,38.455145575000074],[124.97217858200008,38.462144273000035],[124.96656334700003,38.46336497600004],[124.95899498800009,38.46088288000004],[124.94727623800009,38.450506903000075],[124.93506920700008,38.42059967700004],[124.92798912900003,38.409084377000056],[124.88388105600006,38.35529205900008],[124.87973066500001,38.34520091400009],[124.86963951900009,38.282131252000056],[124.87012780000009,38.26544830900008],[124.87232506600003,38.25763580900008],[124.88656660200002,38.244574286000045],[124.91504967500009,38.22907135600008],[124.96762129000001,38.23533763200004],[124.99301191500001,38.22695547100005],[124.93100019600001,38.19293854400007],[124.92090905000009,38.18935781500005],[124.89527428500003,38.22150299700007],[124.87916100400003,38.23065827000005],[124.85596764400009,38.22695547100005],[124.84546959700003,38.218410549000055],[124.82911217500009,38.193793036000045],[124.82178795700008,38.18593984600005],[124.78003991000003,38.178615627000056],[124.77328535200002,38.17597077000005],[124.76514733200008,38.15607330900008],[124.74512780000009,38.14793528900009],[124.69776451900009,38.144964911000045],[124.67359459700003,38.13719310100004],[124.66724694100003,38.12571849200009],[124.67709394600001,38.11538320500006],[124.79379316500001,38.09780508000006],[124.84009850400003,38.101996161000045],[124.86548912900003,38.107082424000055],[124.87647545700008,38.11395905200004],[124.88526451900009,38.13165924700007],[124.90487714900007,38.12482330900008],[124.93783613400001,38.09780508000006],[125.01351972700002,38.06240469000005],[125.02735436300009,38.06899648600006],[125.07569420700008,38.07607656500005],[125.12452233200008,38.09511953300006],[125.14063561300009,38.09780508000006],[125.15585371200007,38.09552643400008],[125.19044030000009,38.08576080900008],[125.20850670700008,38.08348216400009],[125.24830162900003,38.08380768400008],[125.26490319100003,38.07794830900008],[125.27369225400003,38.06240469000005],[125.25318444100003,38.053941148000035],[125.24634850400003,38.02008698100008],[125.22518964900007,38.02142975500004],[125.21957441500001,38.02781810100004],[125.21729576900009,38.037176825000074],[125.21322675900001,38.04572174700007],[125.20167076900009,38.04938385600008],[125.15756269600001,38.04254791900007],[125.11622155000009,38.04193756700005],[125.10670006600003,38.03461334800005],[125.10971113400001,38.015285549000055],[125.11532636800007,38.002386786000045],[125.11850019600001,37.99945709800005],[125.12330162900003,37.99843984600005],[125.14429772200003,37.98346588700008],[125.15528405000009,37.97996653900009],[125.16651451900009,37.98126862200007],[125.17750084700003,37.987941799000055],[125.18490644600001,37.980454820000034],[125.17538496200007,37.969916083000044],[125.16382897200003,37.963771877000056],[125.14991295700008,37.96076080900008],[125.13379967500009,37.96002838700008],[125.11597741000003,37.96271393400008],[125.08961022200003,37.975816148000035],[125.07569420700008,37.980454820000034],[125.06202233200008,37.978583075000074],[125.03663170700008,37.96360911700009],[125.02418053500003,37.96002838700008],[125.00546308700007,37.95844147300005],[124.99219811300009,37.95294830900008],[124.98365319100003,37.94232819200005],[124.97950280000009,37.92523834800005],[124.98902428500003,37.927435614000046],[125.01351972700002,37.939520575000074],[125.00660241000003,37.91844310100004],[125.01319420700008,37.90599192900004],[125.02938886800007,37.900091864000046],[125.05152428500003,37.89858633000006],[125.06210371200007,37.896144924000055],[125.08936608200008,37.87807851800005],[125.10035241000003,37.875067450000074],[125.15821373800009,37.86758047100005],[125.17660566500001,37.867621161000045],[125.19312584700003,37.87177155200004],[125.20850670700008,37.88117096600007],[125.21957441500001,37.89671458500004],[125.22852623800009,37.915228583000044],[125.24008222700002,37.92959219000005],[125.26002037900003,37.93268463700008],[125.25709069100003,37.91461823100008],[125.30062910200002,37.89520905200004],[125.30836022200003,37.87807851800005],[125.29493248800009,37.85984935100004],[125.25171959700003,37.83783600500004],[125.23951256600003,37.82282135600008],[125.30103600400003,37.82282135600008],[125.30543053500003,37.82021719000005],[125.30811608200008,37.81549713700008],[125.30909264400009,37.81110260600008],[125.30836022200003,37.80914948100008],[125.32667076900009,37.81297435100004],[125.34595787900003,37.82257721600007],[125.37728925900001,37.84332916900007],[125.36801191500001,37.84662506700005],[125.36036217500009,37.85106028900009],[125.35401451900009,37.85700104400007],[125.34937584700003,37.86440664300005],[125.37183678500003,37.869126695000034],[125.39966881600003,37.86546458500004],[125.42628014400009,37.85602448100008],[125.44491621200007,37.84332916900007],[125.44629967500009,37.86001211100006],[125.42798912900003,37.87449778900009],[125.40284264400009,37.88556549700007],[125.38355553500003,37.89175039300005],[125.39454186300009,37.89667389500005],[125.40626061300009,37.89862702000005],[125.43189537900003,37.89858633000006],[125.43002363400001,37.902004299000055],[125.42750084700003,37.90835195500006],[125.42440839900007,37.912176825000074],[125.44564863400001,37.92039622600004],[125.45508873800009,37.91461823100008],[125.46387780000009,37.90412018400008],[125.48316491000003,37.89858633000006],[125.51010175900001,37.89427317900004],[125.50863691500001,37.88373444200005],[125.47909589900007,37.85761139500005],[125.48666425900001,37.84707265800006],[125.49732506600003,37.83966705900008],[125.51083418100006,37.83771393400008],[125.52759850400003,37.84332916900007],[125.52418053500003,37.81781647300005],[125.50513756600003,37.81317780200004],[125.45582116000003,37.82282135600008],[125.43490644600001,37.81903717700004],[125.41098066500001,37.80939362200007],[125.38990319100003,37.796128648000035],[125.37728925900001,37.78188711100006],[125.39511152400007,37.77643463700008],[125.42945397200003,37.78156159100007],[125.44491621200007,37.77440013200004],[125.39039147200003,37.75454336100006],[125.36378014400009,37.76089101800005],[125.34864342500009,37.737982489000046],[125.33505293100006,37.68626536700009],[125.34750410200002,37.67560455900008],[125.36158287900003,37.68008047100005],[125.37265058700007,37.69354889500005],[125.37728925900001,37.710150458000044],[125.38526451900009,37.71637604400007],[125.40365644600001,37.71906159100007],[125.43873131600003,37.71979401200008],[125.47461998800009,37.73118724200009],[125.49097741000003,37.75405508000006],[125.50350996200007,37.77879466400009],[125.52759850400003,37.796128648000035],[125.52051842500009,37.780178127000056],[125.52890058700007,37.77252838700008],[125.54184004000001,37.77045319200005],[125.54859459700003,37.77130768400008],[125.55160566500001,37.78270091400009],[125.55958092500009,37.78774648600006],[125.57056725400003,37.787095445000034],[125.58277428500003,37.78188711100006],[125.58041425900001,37.77879466400009],[125.58008873800009,37.77765534100007],[125.57935631600003,37.776678778000075],[125.57520592500009,37.77440013200004],[125.58399498800009,37.76752350500004],[125.59302819100003,37.76361725500004],[125.60279381600003,37.761786200000074],[125.61353600400003,37.761379299000055],[125.62012780000009,37.765326239000046],[125.62037194100003,37.77411530200004],[125.61695397200003,37.788723049000055],[125.61109459700003,37.79975006700005],[125.60922285200002,37.806301174000055],[125.61353600400003,37.80914948100008],[125.63355553500003,37.80955638200004],[125.64014733200008,37.81342194200005],[125.64413496200007,37.82282135600008],[125.63778730600006,37.82534414300005],[125.62305748800009,37.837103583000044],[125.64120527400007,37.85639069200005],[125.63681074300007,37.87864817900004],[125.62745201900009,37.90216705900008],[125.63062584700003,37.92523834800005],[125.64551842500009,37.91547272300005],[125.65707441500001,37.90582916900007],[125.66895592500009,37.89915599200009],[125.68506920700008,37.89858633000006],[125.70150800900001,37.90249258000006],[125.71534264400009,37.908270575000074],[125.72779381600003,37.91592031500005],[125.73975670700008,37.92523834800005],[125.73292076900009,37.93268463700008],[125.72518964900007,37.92747630400004],[125.71753991000003,37.92527903900009],[125.69882246200007,37.92523834800005],[125.70753014400009,37.93976471600007],[125.71933027400007,37.95254140800006],[125.70883222700002,37.95742422100005],[125.69898522200003,37.958197333000044],[125.68881269600001,37.95604075700004],[125.67831464900007,37.95254140800006],[125.68531334700003,37.97211334800005],[125.67538496200007,37.97760651200008],[125.64071699300007,37.97361888200004],[125.62142988400001,37.97898997600004],[125.59652754000001,37.992254950000074],[125.57821699300007,38.009019273000035],[125.57894941500001,38.02513255400004],[125.59693444100003,38.03221263200004],[125.62216230600006,38.03192780200004],[125.64730879000001,38.02728913000004],[125.68734785200002,38.01227448100008],[125.70517011800007,38.00934479400007],[125.74659264400009,38.00775788000004],[125.75635826900009,38.005072333000044],[125.77377363400001,37.996079820000034],[125.78419030000009,37.99408600500004],[125.79932701900009,37.99290599200009],[125.80396569100003,37.98895905200004],[125.80176842500009,37.97020091400009],[125.80250084700003,37.95892975500004],[125.80518639400009,37.95156484600005],[125.81128991000003,37.94757721600007],[125.83497155000009,37.94354889500005],[125.84107506600003,37.93634674700007],[125.84546959700003,37.92649974200009],[125.89551842500009,37.86481354400007],[125.91163170700008,37.850775458000044],[125.92164147200003,37.84487539300005],[125.92701256600003,37.84398021000004],[125.93336022200003,37.844631252000056],[125.94589277400007,37.84332916900007],[125.95590254000001,37.84031810100004],[125.96713300900001,37.83543528900009],[125.97787519600001,37.829331773000035],[125.98617597700002,37.82282135600008],[125.98365319100003,37.837103583000044],[125.97445722700002,37.864162502000056],[125.97250410200002,37.874335028000075],[125.96461022200003,37.87864817900004],[125.95053144600001,37.88934967700004],[125.94410241000003,37.90192291900007],[125.95948326900009,37.912176825000074],[125.96981855600006,37.90867747600004],[125.98593183700007,37.89838288000004],[126.00074303500003,37.88556549700007],[126.00733483200008,37.874335028000075],[126.01278730600006,37.85431549700007],[126.02613366000003,37.85366445500006],[126.05575605600006,37.87059153900009],[126.05860436300009,37.82469310100004],[126.06283613400001,37.80223216400009],[126.07211347700002,37.799261786000045],[126.08692467500009,37.80036041900007],[126.09693444100003,37.78139883000006],[126.11036217500009,37.74091217700004],[126.15821373800009,37.73346588700008],[126.16122480600006,37.740668036000045],[126.16431725400003,37.75462474200009],[126.16537519600001,37.76825592700004],[126.15967858200008,37.77887604400007],[126.15284264400009,37.799709377000056],[126.14975019600001,37.81525299700007],[126.14771569100003,37.81903717700004],[126.14918053500003,37.82217031500005],[126.15821373800009,37.82965729400007],[126.17847741000003,37.84052155200004],[126.19996178500003,37.84422435100004],[126.23690839900007,37.84332916900007],[126.25953209700003,37.84544505400004],[126.27955162900003,37.851263739000046],[126.35800214900007,37.88434479400007],[126.37867272200003,37.88959381700005],[126.39771569100003,37.89175039300005],[126.40430748800009,37.887152411000045],[126.42847741000003,37.85419342700004],[126.43661543100006,37.84837474200009],[126.57618248800009,37.77753327000005],[126.59327233200008,37.77440013200004],[126.62077884200005,37.78770579600007],[126.64210045700008,37.79800039300005],[126.65162194100003,37.799261786000045],[126.65577233200008,37.814520575000074],[126.66700280000009,37.82758209800005],[126.66749108200008,37.827826239000046],[126.68262780000009,37.836004950000074],[126.69247480600006,37.837103583000044],[126.69996178500003,37.82965729400007],[126.68946373800009,37.813666083000044],[126.68490644600001,37.79360586100006],[126.68604576900009,37.78217194200005],[126.68685957100001,37.77362702000005],[126.69629967500009,37.75796133000006],[126.70053144600001,37.74298737200007],[126.69556725400003,37.72174713700008],[126.67880293100006,37.68626536700009],[126.73642011800007,37.65330638200004],[126.75521894600001,37.637884833000044],[126.73104902400007,37.63906484600005],[126.69214928500003,37.652044989000046],[126.66146894600001,37.67243073100008],[126.66187584700003,37.69586823100008],[126.66732832100001,37.70880768400008],[126.66879316500001,37.727728583000044],[126.66684004000001,37.746161200000074],[126.66187584700003,37.75796133000006],[126.64852949300007,37.76504140800006],[126.63550866000003,37.763006903000075],[126.62086022200003,37.75755442900004],[126.60328209700003,37.75454336100006],[126.54818769600001,37.77016836100006],[126.53492272200003,37.76821523600006],[126.53101647200003,37.75470612200007],[126.54542076900009,37.67251211100006],[126.55616295700008,37.64101797100005],[126.56028577100005,37.62084737200007],[126.560514625,37.60735331500007],[126.57193454900005,37.59849457000007],[126.58225004500002,37.58448345700009],[126.59110467000005,37.57287000800005],[126.598906704,37.55808773500007],[126.60379237200004,37.54929667300007],[126.59890451700005,37.52510653300004],[126.60110577300009,37.50680210400009],[126.60645123400002,37.49681174700004],[126.627025162,37.49859465700007],[126.63067522600011,37.50730105300005],[126.64416298100002,37.50438517100008],[126.64202197400004,37.49606221200008],[126.63344429000006,37.492570852000085],[126.60476098200002,37.48569654000005],[126.59501803700005,37.47227345500005],[126.59829071400009,37.457927538000035],[126.59598521600003,37.43965658900004],[126.61240549000001,37.43274063700005],[126.63030839400005,37.42501279800007],[126.63862853900002,37.41379056200009],[126.62538212000004,37.39791834500005],[126.61508749300003,37.37974492700005],[126.64034014200001,37.36438956600006],[126.66475029200001,37.38916822900006],[126.71716238900001,37.38383877600006],[126.72004509100009,37.37705338200004],[126.70686509900008,37.366468577000035],[126.68748790400002,37.344027753000034],[126.68979271900002,37.332486420000066],[126.73331008900004,37.30617043500007],[126.76464317200009,37.29826674600008],[126.783573079,37.295267564000085],[126.79555963000007,37.294724614000074],[126.8076026970001,37.29776593100007],[126.8225444740001,37.29560677300009],[126.82889134800007,37.287984005000055],[126.84278405000009,37.288397528000075],[126.85214277400007,37.28620026200008],[126.85987389400009,37.282131252000056],[126.86597741000003,37.27606842700004],[126.87069746200007,37.26788971600007],[126.84864342500009,37.265326239000046],[126.83301842500009,37.27285390800006],[126.81918379000001,37.27440013200004],[126.80233808700007,37.25429922100005],[126.79737389400009,37.232855536000045],[126.79249108200008,37.22345612200007],[126.78199303500003,37.22016022300005],[126.77247155000009,37.223944403000075],[126.76758873800009,37.23232656500005],[126.76636803500003,37.24315013200004],[126.76758873800009,37.25429922100005],[126.75220787900003,37.24827708500004],[126.73910566500001,37.251654364000046],[126.72584069100003,37.25820547100005],[126.70997155000009,37.261704820000034],[126.69052168100006,37.25771719000005],[126.67945397200003,37.25722890800006],[126.67212975400003,37.261704820000034],[126.66578209700003,37.25690338700008],[126.66293379000001,37.25531647300005],[126.65845787900003,37.25429922100005],[126.66651451900009,37.241848049000055],[126.67318769600001,37.22842031500005],[126.68018639400009,37.217678127000056],[126.68905683700007,37.213324286000045],[126.71583092500009,37.21629466400009],[126.71900475400003,37.212876695000034],[126.70687910200002,37.199652411000045],[126.69678795700008,37.19513580900008],[126.68287194100003,37.19135163000004],[126.67066491000003,37.185614325000074],[126.66529381600003,37.175482489000046],[126.66846764400009,37.161810614000046],[126.67774498800009,37.159491278000075],[126.70687910200002,37.16486237200007],[126.69214928500003,37.14826080900008],[126.68604576900009,37.13930898600006],[126.68563886800007,37.130113023000035],[126.69214928500003,37.124986070000034],[126.70289147200003,37.124701239000046],[126.71444746200007,37.12799713700008],[126.72364342500009,37.13385651200008],[126.75928795700008,37.16469961100006],[126.77857506600003,37.17568594000005],[126.80233808700007,37.18537018400008],[126.80225670700008,37.173163153000075],[126.80738366000003,37.165269273000035],[126.81690514400009,37.16079336100006],[126.82984459700003,37.15867747600004],[126.85059655000009,37.173041083000044],[126.86451256600003,37.17910390800006],[126.87069746200007,37.175482489000046],[126.86915123800009,37.15696849200009],[126.86353600400003,37.15029531500005],[126.83651777400007,37.14443594000005],[126.8112099,37.144120531000056],[126.79418169300004,37.13892030000005],[126.77826835000008,37.13280400600007],[126.76445101400009,37.11765780400009],[126.75285886400002,37.100687967000056],[126.75481395200006,37.08355618400009],[126.75119053500009,37.07009237300008],[126.75552653200009,37.06014106400005],[126.75521894600001,37.048814195000034],[126.80128014400009,37.03774648600006],[126.82056725400003,37.04169342700004],[126.83969160200002,37.04486725500004],[126.84913170700008,37.03729889500005],[126.85865319100003,37.04132721600007],[126.86329186300009,37.05878327000005],[126.86508222700002,37.07485586100006],[126.87045332100001,37.09076569200005],[126.87916100400003,37.10000234600005],[126.89047285200002,37.09593333500004],[126.88314863400001,37.069566148000035],[126.89307701900009,37.050116278000075],[126.90674889400009,37.03314850500004],[126.91098066500001,37.014105536000045],[126.90235436300009,37.01947663000004],[126.89258873800009,37.02216217700004],[126.88192793100006,37.022650458000044],[126.87069746200007,37.021470445000034],[126.88013756600003,37.015692450000074],[126.88428795700008,37.014105536000045],[126.88428795700008,37.007879950000074],[126.82440967100001,37.00261617600006],[126.83790123800009,36.975897528000075],[126.87338300900001,36.94798411700009],[126.91268964900007,36.92963288000004],[126.94581139400009,36.92593008000006],[126.96908613400001,36.93203359600005],[126.97632897200003,36.93903229400007],[126.97315514400009,36.969956773000035],[126.98218834700003,36.980169989000046],[127.04200280000009,36.99359772300005],[127.03939863400001,36.98200104400007],[127.03280683700007,36.978501695000034],[127.02393639400009,36.977443752000056],[127.01002037900003,36.97125885600008],[127.00489342500009,36.97142161700009],[126.99952233200008,36.97089264500005],[126.99415123800009,36.966864325000074],[126.99594160200002,36.96478913000004],[127.00521894600001,36.95693594000005],[127.00717207100001,36.95262278900009],[127.00033613400001,36.92837148600006],[126.98951256600003,36.91860586100006],[126.97445722700002,36.91290924700007],[126.94247480600006,36.89337799700007],[126.89901777400007,36.879339911000045],[126.88062584700003,36.87689850500004],[126.86019941500001,36.869574286000045],[126.87045332100001,36.852769273000035],[126.90479576900009,36.822251695000034],[126.88355553500003,36.82436758000006],[126.86329186300009,36.82908763200004],[126.87159264400009,36.804022528000075],[126.86654707100001,36.78978099200009],[126.85670006600003,36.77643463700008],[126.85084069100003,36.753973700000074],[126.84253991000003,36.757025458000044],[126.83676191500001,36.760931708000044],[126.83285566500001,36.76666901200008],[126.82984459700003,36.775091864000046],[126.84628339900007,36.77912018400008],[126.84913170700008,36.78803131700005],[126.84066816500001,36.81915924700007],[126.83179772200003,36.83112213700008],[126.82984459700003,36.83934153900009],[126.83082116000003,36.84723541900007],[126.83545983200008,36.86082591400009],[126.83651777400007,36.86692942900004],[126.83432050900001,36.89549388200004],[126.83017011800007,36.910223700000074],[126.82300866000003,36.91844310100004],[126.81275475400003,36.91693756700005],[126.79395592500009,36.89752838700008],[126.78199303500003,36.89118073100008],[126.79769941500001,36.93439362200007],[126.79623457100001,36.95575592700004],[126.77515709700003,36.973089911000045],[126.75776694600006,36.982219859000054],[126.73351239400006,36.98743087200006],[126.71434831600004,36.993042063000075],[126.69703209700003,36.99481842700004],[126.681544454,36.99470406900008],[126.66504315300006,36.988524572000074],[126.65579253700002,36.97459363300004],[126.64944896100008,36.96605646100005],[126.645375457,36.957953220000036],[126.64918053500003,36.93341705900008],[126.64649498800009,36.925116278000075],[126.64210045700008,36.91771067900004],[126.63111412900003,36.91160716400009],[126.63477623800009,36.92804596600007],[126.63355553500003,36.93740469000005],[126.62362714900007,36.95262278900009],[126.62167402400007,36.95978424700007],[126.63138267900001,36.968930852000085],[126.63609541000005,36.982453124000074],[126.626094867,36.99610446500009],[126.61146668700007,37.00256009700007],[126.59629238700006,37.01082778700004],[126.58845236900004,37.01722113300008],[126.56934144700006,37.02777751600007],[126.54932701900009,37.03921133000006],[126.53500410200002,37.049261786000045],[126.51905358200008,37.05540599200009],[126.50074303500003,37.05499909100007],[126.50292077300003,37.039520921000076],[126.51225445700004,37.016430340000056],[126.53296959700003,37.00092194200005],[126.55201256600003,36.99359772300005],[126.56617272200003,36.99079010600008],[126.57300866000003,36.984361070000034],[126.57211347700002,36.97748444200005],[126.56275475400003,36.973089911000045],[126.55030358200008,36.97313060100004],[126.54004967500009,36.97687409100007],[126.53158613400001,36.98289622600004],[126.51563561300009,36.99884674700007],[126.50538170700008,37.00657786700009],[126.49683678500003,37.007798570000034],[126.49341881600003,36.99701569200005],[126.49781334700003,36.994208075000074],[126.55909264400009,36.94236888200004],[126.56674238400001,36.93219635600008],[126.57545006600003,36.911810614000046],[126.58261152400007,36.90420156500005],[126.58261152400007,36.89801666900007],[126.56836998800009,36.898504950000074],[126.56080162900003,36.90509674700007],[126.55567467500009,36.91510651200008],[126.54859459700003,36.92593008000006],[126.53126061300009,36.94131094000005],[126.51913496200007,36.94790273600006],[126.51376386800007,36.94236888200004],[126.50953209700003,36.918850002000056],[126.49122155000009,36.871079820000034],[126.48715254000001,36.84617747600004],[126.48389733200008,36.841498114000046],[126.47657311300009,36.844916083000044],[126.46924889400009,36.85398997600004],[126.46591230600006,36.86692942900004],[126.46591230600006,36.91160716400009],[126.46876061300009,36.91779205900008],[126.47779381600003,36.92641836100006],[126.47958418100006,36.929022528000075],[126.47852623800009,36.93585846600007],[126.47388756600003,36.94220612200007],[126.47274824300007,36.949204820000034],[126.46859785200002,36.95758698100008],[126.45883222700002,36.95774974200009],[126.44752037900003,36.952826239000046],[126.43873131600003,36.94578685100004],[126.43238366000003,36.96198151200008],[126.43824303500003,36.97333405200004],[126.44784589900007,36.98200104400007],[126.45289147200003,36.99017975500004],[126.44540449300007,37.00340403900009],[126.42774498800009,37.00836823100008],[126.39087975400003,37.007879950000074],[126.39087975400003,37.000433661000045],[126.39527428500003,36.99290599200009],[126.39144941500001,36.98981354400007],[126.38306725400003,36.99115631700005],[126.37354576900009,36.99701569200005],[126.36378014400009,37.00145091400009],[126.35303795700008,36.999986070000034],[126.34310957100001,36.99445221600007],[126.33570397200003,36.986761786000045],[126.35401451900009,36.98786041900007],[126.36939537900003,36.98411692900004],[126.37647545700008,36.97492096600007],[126.36988366000003,36.959418036000045],[126.35547936300009,36.96775950700004],[126.35067793100006,36.964504299000055],[126.35385175900001,36.95522695500006],[126.36353600400003,36.94578685100004],[126.37647545700008,36.94159577000005],[126.40267988400001,36.94122955900008],[126.41138756600003,36.93891022300005],[126.41920006600003,36.922308661000045],[126.41553795700008,36.89984772300005],[126.40137780000009,36.88141510600008],[126.37728925900001,36.87689850500004],[126.37728925900001,36.87067291900007],[126.39657636800007,36.86420319200005],[126.40455162900003,36.86322663000004],[126.40455162900003,36.85700104400007],[126.38453209700003,36.85293203300006],[126.37411543100006,36.84955475500004],[126.36988366000003,36.84617747600004],[126.36532636800007,36.83535390800006],[126.35547936300009,36.84048086100006],[126.33936608200008,36.85700104400007],[126.32870527400007,36.846991278000075],[126.33602949300007,36.824652411000045],[126.35670006600003,36.788763739000046],[126.32789147200003,36.80463288000004],[126.31527754000001,36.804348049000055],[126.29843183700007,36.791896877000056],[126.29127037900003,36.78925202000005],[126.28598066500001,36.794582424000055],[126.28272545700008,36.80369700700004],[126.28174889400009,36.81232330900008],[126.28549238400001,36.81492747600004],[126.30347741000003,36.82436758000006],[126.30892988400001,36.82908763200004],[126.30811608200008,36.83307526200008],[126.30184980600006,36.84780508000006],[126.30152428500003,36.85700104400007],[126.30762780000009,36.865668036000045],[126.31739342500009,36.87396881700005],[126.32349694100003,36.883246161000045],[126.31104576900009,36.90957265800006],[126.30665123800009,36.93146393400008],[126.30591881600003,36.95307038000004],[126.30892988400001,36.966864325000074],[126.28565514400009,36.96112702000005],[126.28101647200003,36.93646881700005],[126.28353925900001,36.906236070000034],[126.28174889400009,36.88373444200005],[126.27523847700002,36.87474192900004],[126.26856530000009,36.87103913000004],[126.24374433700007,36.87067291900007],[126.22999108200008,36.873032945000034],[126.22754967500009,36.879787502000056],[126.23389733200008,36.90420156500005],[126.20948326900009,36.89716217700004],[126.19223066500001,36.885931708000044],[126.19076582100001,36.87201569200005],[126.21338951900009,36.85700104400007],[126.19686933700007,36.83567942900004],[126.19874108200008,36.82322825700004],[126.21444746200007,36.81753164300005],[126.24000084700003,36.816066799000055],[126.23243248800009,36.80418528900009],[126.22071373800009,36.80174388200004],[126.19223066500001,36.808579820000034],[126.20289147200003,36.79319896000004],[126.21338951900009,36.781317450000074],[126.20484459700003,36.78278229400007],[126.19727623800009,36.78489817900004],[126.19068444100003,36.78530508000006],[126.18539472700002,36.781317450000074],[126.17847741000003,36.78945547100005],[126.17310631600003,36.79767487200007],[126.16879316500001,36.80638255400004],[126.16561933700007,36.816066799000055],[126.16163170700008,36.80329010600008],[126.15658613400001,36.794175523000035],[126.13095136800007,36.76805247600004],[126.12818444100003,36.76129791900007],[126.13013756600003,36.73696523600006],[126.12891686300009,36.71190013200004],[126.13282311300009,36.70384349200009],[126.14454186300009,36.71238841400009],[126.15015709700003,36.723944403000075],[126.15308678500003,36.74884674700007],[126.15821373800009,36.76080963700008],[126.17115319100003,36.75226471600007],[126.18726647200003,36.748480536000045],[126.20264733200008,36.74241771000004],[126.21338951900009,36.72671133000006],[126.21363366000003,36.71161530200004],[126.20313561300009,36.70587799700007],[126.16187584700003,36.70620351800005],[126.15699303500003,36.702053127000056],[126.15853925900001,36.69285716400009],[126.16268964900007,36.68353913000004],[126.16561933700007,36.678900458000044],[126.17774498800009,36.67324453300006],[126.18799889400009,36.673814195000034],[126.19825280000009,36.677069403000075],[126.20972741000003,36.678900458000044],[126.22925866000003,36.68471914300005],[126.25570722700002,36.71157461100006],[126.27418053500003,36.71987539300005],[126.28174889400009,36.692572333000044],[126.27295983200008,36.673163153000075],[126.30233808700007,36.634426174000055],[126.28858483200008,36.61001211100006],[126.29200280000009,36.60423411700009],[126.29428144600001,36.59747955900008],[126.29542076900009,36.59003327000005],[126.29525800900001,36.58270905200004],[126.30396569100003,36.593085028000075],[126.31478925900001,36.601629950000074],[126.32772871200007,36.60757070500006],[126.34302819100003,36.61001211100006],[126.32618248800009,36.62836334800005],[126.32471764400009,36.63662344000005],[126.33570397200003,36.64411041900007],[126.32911217500009,36.660589911000045],[126.31088300900001,36.68398672100005],[126.30152428500003,36.69936758000006],[126.32431074300007,36.699652411000045],[126.33155358200008,36.711371161000045],[126.33399498800009,36.72736237200007],[126.34302819100003,36.74038320500006],[126.35914147200003,36.74266185100004],[126.36988366000003,36.73232656500005],[126.36642243100005,36.70697153900005],[126.3779087690001,36.702581756000086],[126.371968767,36.68307773200007],[126.36714982900003,36.62906549500008],[126.38639103700007,36.618887706000066],[126.40572781000003,36.61819575800007],[126.42423834400006,36.60658137000007],[126.43328998600009,36.61572651200004],[126.443907384,36.638081079000074],[126.4395134880001,36.66426528100004],[126.44688039700009,36.683761865000065],[126.44563611300009,36.70072162800005],[126.43856855600006,36.709418036000045],[126.43799889400009,36.716457424000055],[126.44117272200003,36.723537502000056],[126.45704186300009,36.72898997600004],[126.47120201900009,36.741400458000044],[126.47958418100006,36.74713776200008],[126.48267662900003,36.738348700000074],[126.48731530000009,36.73216380400004],[126.50074303500003,36.71987539300005],[126.477349172,36.71688812300005],[126.4696868320001,36.70458703700007],[126.474535156,36.687885090000066],[126.49851049800009,36.684273433000044],[126.50803023500009,36.67041328400006],[126.49395599600007,36.661316129000056],[126.48379869000007,36.64960341400007],[126.49985528800005,36.63683581500004],[126.511710376,36.634848333000036],[126.51986738400001,36.626166083000044],[126.51386797300006,36.61539162100007],[126.51231193700005,36.603209348000064],[126.49145308100003,36.60376195500004],[126.47145646900003,36.59629146000009],[126.45765695400007,36.595595665000076],[126.45809519600004,36.59140682000009],[126.4641820280001,36.58412088400007],[126.46921750700005,36.566933745000085],[126.47005864200003,36.557766204000075],[126.46568460600008,36.54938739600004],[126.47032852100006,36.54019879300006],[126.47507125300001,36.53941443800005],[126.48292076900009,36.535223700000074],[126.4915798940001,36.52866968700005],[126.51075280000009,36.53424713700008],[126.51392662900003,36.52879466400009],[126.50424238400001,36.51666901200008],[126.48340905000009,36.49701569200005],[126.48275800900001,36.48582591400009],[126.48853600400003,36.466864325000074],[126.49765058700007,36.44839101800005],[126.50757897200003,36.438666083000044],[126.52344811300009,36.441107489000046],[126.54501386800007,36.46698639500005],[126.55909264400009,36.47345612200007],[126.61744225400003,36.47345612200007],[126.597959919,36.46507264600007],[126.55677759000002,36.45582983400004],[126.53753659200004,36.433220901000084],[126.5168953000001,36.428187147000074],[126.49877937600002,36.420105859000046],[126.51376386800007,36.397691148000035],[126.50074303500003,36.397691148000035],[126.50074303500003,36.39093659100007],[126.50879967500009,36.385199286000045],[126.52059980600006,36.37360260600008],[126.52743574300007,36.36977773600006],[126.56039472700002,36.36961497600004],[126.57618248800009,36.36627838700008],[126.58261152400007,36.35301341400009],[126.57333418100006,36.34259674700007],[126.52881920700008,36.33388906500005],[126.51376386800007,36.32265859600005],[126.52906334700003,36.316107489000046],[126.57154381600003,36.30560944200005],[126.58261152400007,36.29466380400004],[126.56796308700007,36.286810614000046],[126.55591881600003,36.26626211100006],[126.53492272200003,36.219631252000056],[126.54110761800007,36.212551174000055],[126.54859459700003,36.205959377000056],[126.55429121200007,36.20343659100007],[126.56226647200003,36.20722077000005],[126.56893964900007,36.205959377000056],[126.58008873800009,36.19936758000006],[126.58847089900007,36.19159577000005],[126.60328209700003,36.17182038000004],[126.56134123800007,36.18158844000004],[126.531356813,36.17393972800005],[126.49740117200008,36.16001868200004],[126.49341881600003,36.13080475500004],[126.50025475400003,36.12571849200009],[126.50357948600004,36.13219012500008],[126.50964758000009,36.15102477900007],[126.52917225600004,36.153514132000055],[126.55176768800004,36.14182264700008],[126.55228153900009,36.13080877800007],[126.55857335600001,36.13076369800007],[126.57186865200003,36.13697874200005],[126.58944746200007,36.13080475500004],[126.61232836700003,36.09899244200005],[126.62484785200002,36.09560781500005],[126.63851972700002,36.09096914300005],[126.64503014400009,36.08470286700009],[126.63111412900003,36.07558828300006],[126.64014733200008,36.06342194200005],[126.65699303500003,36.04547760600008],[126.66529381600003,36.03461334800005],[126.67050214900007,36.02204010600008],[126.67212975400003,36.012884833000044],[126.67725670700008,36.005926825000074],[126.69247480600006,35.99990469000005],[126.71338951900009,36.00739166900007],[126.73568769600001,36.01044342700004],[126.75440514400009,36.01772695500006],[126.77133222700002,36.030910549000055],[126.79151451900009,36.042181708000044],[126.81210371200007,36.047308661000045],[126.87069746200007,36.06195709800005],[126.86890709700003,36.04751211100006],[126.84913170700008,36.036037502000056],[126.80233808700007,36.02094147300005],[126.76547285200002,35.99827708500004],[126.74447675900001,35.989569403000075],[126.72730553500003,35.99363841400009],[126.71119225400003,35.98578522300005],[126.66133514700005,35.98339864800005],[126.61204597100004,35.978430089000085],[126.5214167360001,35.97052000300005],[126.52573565800003,35.940358909000054],[126.56973974000005,35.94595198400009],[126.59957573500003,35.93765363000006],[126.60880930300004,35.931126764000055],[126.61183815100003,35.90743966800005],[126.61228893200007,35.89022422000005],[126.66009099600001,35.88715780100006],[126.70850670700008,35.88458893400008],[126.73316491000003,35.88556549700007],[126.80665123800009,35.90965403900009],[126.80982506600003,35.91168854400007],[126.82162519600001,35.90814850500004],[126.83228600400003,35.90062083500004],[126.83749433700007,35.89329661700009],[126.83309980600006,35.89004140800006],[126.81934655000009,35.88812897300005],[126.81454511800007,35.88304271000004],[126.81226647200003,35.87567780200004],[126.80616295700008,35.86668528900009],[126.79712975400003,35.86286041900007],[126.78492272200003,35.86204661700009],[126.72909589900007,35.86497630400004],[126.71998131600003,35.863267320000034],[126.71168053500003,35.85773346600007],[126.70337975400003,35.84845612200007],[126.70069420700008,35.839829820000034],[126.70997155000009,35.836004950000074],[126.72762228500005,35.825278498000046],[126.74934413200003,35.813257440000086],[126.76846474400008,35.805555327000036],[126.77766824800005,35.800092446000065],[126.79102623800009,35.791449286000045],[126.78956139400009,35.77968984600005],[126.78614342500009,35.76837799700007],[126.78199303500003,35.76023997600004],[126.77133222700002,35.77521393400008],[126.75538170700008,35.77846914300005],[126.73312722800006,35.792415051000035],[126.69802294700003,35.79593945900007],[126.66215366800009,35.79299834500006],[126.6561167210001,35.78873572100008],[126.64475472000004,35.78290180400006],[126.62938900800009,35.77548057900009],[126.62513225000009,35.745625835000055],[126.5971677010001,35.713890194000044],[126.56034574700004,35.697391795000044],[126.53033472200002,35.68316430500005],[126.5114156950001,35.66553251100004],[126.49097741000003,35.64911530200004],[126.46755899100003,35.63963844700004],[126.46674363400007,35.62887469100008],[126.46373599600008,35.60197285700008],[126.51315778100002,35.57689651800007],[126.65503991000003,35.595770575000074],[126.67017662900003,35.58869049700007],[126.67945397200003,35.57172272300005],[126.69247480600006,35.534369208000044],[126.67904707100001,35.53803131700005],[126.66073652400007,35.55646393400008],[126.64288939900007,35.57277499300005],[126.62297749100003,35.56861206000008],[126.60889429500003,35.552056091000054],[126.59423270100001,35.54248771200008],[126.562449969,35.541087444000084],[126.52528299100004,35.534857697000064],[126.492663279,35.525333007000086],[126.46981423500006,35.49852640700004],[126.44271894600001,35.446926174000055],[126.42554772200003,35.417669989000046],[126.41822350400003,35.39402903900009],[126.42310631600003,35.38336823100008],[126.45606530000009,35.352769273000035],[126.45850670700008,35.34544505400004],[126.44955488400001,35.344956773000035],[126.43189537900003,35.34935130400004],[126.41724694100003,35.364894924000055],[126.41138756600003,35.36985911700009],[126.38941491000003,35.34247467700004],[126.38070722700002,35.32709381700005],[126.37728925900001,35.31150950700004],[126.37899824300007,35.30459219000005],[126.38217207100001,35.29828522300005],[126.38379967500009,35.29173411700009],[126.38038170700008,35.28416575700004],[126.37387129000001,35.27838776200008],[126.36744225400003,35.274318752000056],[126.36158287900003,35.26902903900009],[126.35670006600003,35.25999583500004],[126.36451256600003,35.25873444200005],[126.36817467500009,35.256740627000056],[126.37134850400003,35.25446198100008],[126.37728925900001,35.25259023600006],[126.35914147200003,35.24896881700005],[126.33838951900009,35.248032945000034],[126.32007897200003,35.244574286000045],[126.30892988400001,35.233303127000056],[126.33741295700008,35.233587958000044],[126.35067793100006,35.23533763200004],[126.36353600400003,35.239488023000035],[126.36158287900003,35.22565338700008],[126.36670983200008,35.21771881700005],[126.37728925900001,35.21161530200004],[126.37509199300007,35.202378648000035],[126.37037194100003,35.196966864000046],[126.36573326900009,35.19285716400009],[126.36353600400003,35.18797435100004],[126.37110436300009,35.173529364000046],[126.40390058700007,35.14215729400007],[126.41415449300007,35.11969635600008],[126.42074629000001,35.11420319200005],[126.42872155000009,35.110541083000044],[126.44752037900003,35.106675523000035],[126.45240319100003,35.10028717700004],[126.45289147200003,35.082464911000045],[126.45028730600006,35.06659577000005],[126.42505944100003,35.01976146000004],[126.41439863400001,35.02875397300005],[126.40723717500009,35.03896719000005],[126.40560957100001,35.04995351800005],[126.41138756600003,35.06134674700007],[126.40381920700008,35.064886786000045],[126.38697350400003,35.06537506700005],[126.37728925900001,35.06818268400008],[126.36532636800007,35.07404205900008],[126.36166425900001,35.07729726800005],[126.36068769600001,35.08295319200005],[126.35670006600003,35.096136786000045],[126.35360761800007,35.09784577000005],[126.34896894600001,35.09642161700009],[126.34498131600003,35.09642161700009],[126.34302819100003,35.10236237200007],[126.34424889400009,35.10814036700009],[126.34872480600006,35.11749909100007],[126.35141035200002,35.135972398000035],[126.35010826900009,35.14557526200008],[126.34302819100003,35.15696849200009],[126.33497155000009,35.134100653000075],[126.32789147200003,35.12262604400007],[126.31519616000003,35.11595286700009],[126.30722089900007,35.13178131700005],[126.28907311300009,35.13939036700009],[126.26864668100006,35.137152411000045],[126.25424238400001,35.12343984600005],[126.25782311300009,35.10683828300006],[126.28353925900001,35.07884349200009],[126.27418053500003,35.06818268400008],[126.28834069100003,35.05296458500004],[126.30250084700003,35.05337148600006],[126.30941816500001,35.06622955900008],[126.30152428500003,35.08869049700007],[126.32064863400001,35.083319403000075],[126.33822675900001,35.07013580900008],[126.36670983200008,35.03778717700004],[126.37411543100006,35.016831773000035],[126.34620201900009,34.99408600500004],[126.34921308700007,34.97260163000004],[126.32422936300009,34.97695547100005],[126.31299889400009,34.977443752000056],[126.30152428500003,34.97260163000004],[126.30640709700003,34.96356842700004],[126.31259199300007,34.95612213700008],[126.32007897200003,34.94989655200004],[126.32886803500003,34.94472890800006],[126.32471764400009,34.94326406500005],[126.31519616000003,34.93789297100005],[126.32772871200007,34.93109772300005],[126.34522545700008,34.92641836100006],[126.36329186300009,34.927435614000046],[126.37728925900001,34.93789297100005],[126.37696373800009,34.947251695000034],[126.37208092500009,34.95872630400004],[126.37061608200008,34.96849192900004],[126.38038170700008,34.97260163000004],[126.38795006600003,34.97483958500004],[126.39332116000003,34.979803778000075],[126.39999433700007,34.98456452000005],[126.41138756600003,34.98627350500004],[126.43637129000001,34.98139069200005],[126.43051191500001,34.97260163000004],[126.41163170700008,34.96198151200008],[126.39771569100003,34.95148346600007],[126.39576256600003,34.93504466400009],[126.40170332100001,34.91547272300005],[126.41260826900009,34.89874909100007],[126.42505944100003,34.890692450000074],[126.41211998800009,34.88133372600004],[126.40870201900009,34.87396881700005],[126.41138756600003,34.859035549000055],[126.41098066500001,34.851263739000046],[126.40927168100006,34.84446849200009],[126.40512129000001,34.837225653000075],[126.39771569100003,34.82802969000005],[126.37728925900001,34.81126536700009],[126.37012780000009,34.80133698100008],[126.37354576900009,34.790716864000046],[126.38404381600003,34.786322333000044],[126.40560957100001,34.792181708000044],[126.41931790800004,34.79198817900004],[126.42099043100006,34.80231354400007],[126.42945397200003,34.80560944200005],[126.45606530000009,34.80072663000004],[126.46924889400009,34.80410390800006],[126.47803795700008,34.81045156500005],[126.48715254000001,34.813788153000075],[126.50074303500003,34.80809153900009],[126.49659264400009,34.802801825000074],[126.49122155000009,34.79238515800006],[126.48715254000001,34.78705475500004],[126.49341881600003,34.78314850500004],[126.49341881600003,34.78082916900007],[126.51327558700007,34.78229401200008],[126.52369225400003,34.79393138200004],[126.53492272200003,34.82802969000005],[126.54688561300009,34.847723700000074],[126.54859459700003,34.84906647300005],[126.54712975400003,34.85809967700004],[126.54053795700008,34.87494538000004],[126.54175866000003,34.883246161000045],[126.55274498800009,34.895697333000044],[126.56763756600003,34.90143463700008],[126.58139082100001,34.89801666900007],[126.58944746200007,34.883246161000045],[126.58912194100003,34.87287018400008],[126.58472741000003,34.86676666900007],[126.57943769600001,34.86188385600008],[126.57577558700007,34.85529205900008],[126.57577558700007,34.84487539300005],[126.57837975400003,34.83803945500006],[126.57968183700007,34.83144765800006],[126.57577558700007,34.82176341400009],[126.62769616000003,34.82558828300006],[126.65040123800009,34.82217031500005],[126.66529381600003,34.80809153900009],[126.65487714900007,34.80853913000004],[126.64657636800007,34.80711497600004],[126.63111412900003,34.80072663000004],[126.63819420700008,34.78803131700005],[126.61475670700008,34.78945547100005],[126.56893964900007,34.80072663000004],[126.54444420700008,34.79572174700007],[126.53248131600003,34.782863674000055],[126.53052819100003,34.765285549000055],[126.53492272200003,34.74603913000004],[126.53028405000009,34.74750397300005],[126.52759850400003,34.749253648000035],[126.52515709700003,34.751288153000075],[126.52125084700003,34.75348541900007],[126.50586998800009,34.75104401200008],[126.46014859900004,34.77875539200005],[126.422127907,34.764783571000066],[126.39232840700004,34.76860745200008],[126.37831687300002,34.76388770600005],[126.36401690800005,34.74916010800007],[126.36705994600004,34.73966441200008],[126.3901786020001,34.733397455000045],[126.41537519600001,34.73899974200009],[126.43576744100005,34.72810539400007],[126.46534264400009,34.729681708000044],[126.49024498800009,34.72557200700004],[126.50839277400007,34.71849192900004],[126.54110761800007,34.68398672100005],[126.56275475400003,34.67096588700008],[126.55543053500003,34.66351959800005],[126.58545983200008,34.641791083000044],[126.60254967500009,34.632879950000074],[126.62362714900007,34.62995026200008],[126.6027010030001,34.62553248100005],[126.57387257900007,34.63311135300006],[126.55003784200005,34.643830033000086],[126.53155606200005,34.65259658800005],[126.51911134500006,34.65036980700006],[126.54004967500009,34.62759023600006],[126.53571133000003,34.62317762500004],[126.52512592100004,34.62890229200008],[126.51119327000004,34.637154827000074],[126.50034546500001,34.64581857600007],[126.482399784,34.65166988900006],[126.46936248600002,34.658674345000065],[126.46330599400005,34.66542139300009],[126.45289147200003,34.67096588700008],[126.45053144600001,34.676988023000035],[126.45093834700003,34.680853583000044],[126.45069420700008,34.684881903000075],[126.45333635200006,34.69788382400009],[126.4478811570001,34.705878563000056],[126.405969475,34.71340801300005],[126.37861288900001,34.711182163000046],[126.38437937200001,34.693698786000084],[126.37677542400002,34.67947015200008],[126.379854787,34.65450554200004],[126.3861337410001,34.63583540500008],[126.39651901100001,34.636604222000074],[126.40290177500003,34.65074783000006],[126.41610761800007,34.65273672100005],[126.41256654200004,34.62976606800004],[126.4252993120001,34.61927176900008],[126.4349971470001,34.60678590300006],[126.45557701900009,34.60309479400007],[126.46151777400007,34.60065338700008],[126.47274824300007,34.60203685100004],[126.46461022200003,34.58466217700004],[126.45313561300009,34.58380768400008],[126.43189537900003,34.59589264500005],[126.38233483200008,34.602728583000044],[126.36988366000003,34.60887278900009],[126.34921308700007,34.656683661000045],[126.34595787900003,34.667669989000046],[126.34424889400009,34.67788320500006],[126.34717858200008,34.68789297100005],[126.35670006600003,34.69822825700004],[126.32618248800009,34.73582591400009],[126.31959069100003,34.747748114000046],[126.31373131600003,34.75104401200008],[126.30591881600003,34.75287506700005],[126.29843183700007,34.75348541900007],[126.29029381600003,34.75023021000004],[126.28882897200003,34.74241771000004],[126.28964277400007,34.73314036700009],[126.28858483200008,34.72557200700004],[126.27808678500003,34.70331452000005],[126.26937910200002,34.67129140800006],[126.27108808700007,34.64248281500005],[126.29184004000001,34.62995026200008],[126.31861412900003,34.619126695000034],[126.32276451900009,34.60887278900009],[126.31552168100006,34.60407135600008],[126.30551191500001,34.60419342700004],[126.30152428500003,34.60887278900009],[126.29761803500003,34.60333893400008],[126.29354902400007,34.601996161000045],[126.29184004000001,34.59910716400009],[126.29525800900001,34.589056708000044],[126.29786217500009,34.58803945500006],[126.31861412900003,34.57168203300006],[126.32496178500003,34.569647528000075],[126.33301842500009,34.57099030200004],[126.34009850400003,34.57436758000006],[126.34302819100003,34.578192450000074],[126.34603925900001,34.58462148600006],[126.35206139400009,34.579779364000046],[126.35702558700007,34.57172272300005],[126.35670006600003,34.56854889500005],[126.38046308700007,34.55890534100007],[126.38900800900001,34.549709377000056],[126.39087975400003,34.53384023600006],[126.40560957100001,34.53864166900007],[126.41732832100001,34.540350653000075],[126.43873131600003,34.540676174000055],[126.44849694100003,34.53929271000004],[126.45704186300009,34.539048570000034],[126.46591230600006,34.540676174000055],[126.46933027400007,34.549709377000056],[126.47348066500001,34.55654531500005],[126.47958418100006,34.56110260600008],[126.48633873800009,34.56093984600005],[126.49927819100003,34.554348049000055],[126.50757897200003,34.55426666900007],[126.51392662900003,34.557806708000044],[126.52295983200008,34.56708405200004],[126.52743574300007,34.56854889500005],[126.53964277400007,34.56297435100004],[126.53931725400003,34.553615627000056],[126.52955162900003,34.542954820000034],[126.51376386800007,34.53384023600006],[126.52320397200003,34.53115469000005],[126.53101647200003,34.527004299000055],[126.53720136800007,34.52106354400007],[126.54175866000003,34.513332424000055],[126.51685631600003,34.51284414300005],[126.49024498800009,34.50861237200007],[126.47030683700007,34.49648672100005],[126.46591230600006,34.472357489000046],[126.48194420700008,34.47675202000005],[126.48373457100001,34.47016022300005],[126.47999108200008,34.45783112200007],[126.47958418100006,34.445013739000046],[126.47730553500003,34.44358958500004],[126.47437584700003,34.438666083000044],[126.47584069100003,34.433254299000055],[126.48658287900003,34.43081289300005],[126.50147545700008,34.429348049000055],[126.50879967500009,34.42723216400009],[126.51376386800007,34.42397695500006],[126.51758873800009,34.413763739000046],[126.51490319100003,34.403550523000035],[126.50074303500003,34.38231028900009],[126.49642988400001,34.37986888200004],[126.49195397200003,34.38108958500004],[126.48853600400003,34.380560614000046],[126.48658287900003,34.36481354400007],[126.48487389400009,34.36082591400009],[126.47958418100006,34.35504791900007],[126.47958418100006,34.348822333000044],[126.50570722700002,34.34992096600007],[126.51832116000003,34.34784577000005],[126.52743574300007,34.34137604400007],[126.52930748800009,34.33002350500004],[126.51986738400001,34.305975653000075],[126.52125084700003,34.294175523000035],[126.53280683700007,34.292222398000035],[126.57886803500003,34.304754950000074],[126.60328209700003,34.300441799000055],[126.60328209700003,34.31199778900009],[126.60531660200002,34.32168203300006],[126.62964928500003,34.38922760600008],[126.63363691500001,34.395697333000044],[126.64478600400003,34.40346914300005],[126.67440839900007,34.40965403900009],[126.68222089900007,34.41400788000004],[126.68734785200002,34.423895575000074],[126.68751061300009,34.431341864000046],[126.69019616000003,34.43593984600005],[126.70337975400003,34.437567450000074],[126.70826256600003,34.43646881700005],[126.71753991000003,34.43183014500005],[126.72364342500009,34.43081289300005],[126.72689863400001,34.43301015800006],[126.72803795700008,34.43789297100005],[126.72706139400009,34.44277578300006],[126.72364342500009,34.445013739000046],[126.70875084700003,34.44989655200004],[126.72315514400009,34.46084219000005],[126.76148522200003,34.47919342700004],[126.73910566500001,34.50267161700009],[126.73511803500003,34.514878648000035],[126.76596113400001,34.52338288000004],[126.76563561300009,34.53180573100008],[126.75928795700008,34.543850002000056],[126.75521894600001,34.55768463700008],[126.75855553500003,34.56720612200007],[126.76693769600001,34.57802969000005],[126.77784264400009,34.58649323100008],[126.78866621200007,34.589056708000044],[126.80005944100003,34.582017320000034],[126.80665123800009,34.56854889500005],[126.80787194100003,34.553168036000045],[126.80233808700007,34.540676174000055],[126.80616295700008,34.52106354400007],[126.80201256600003,34.470404364000046],[126.80982506600003,34.451239325000074],[126.81861412900003,34.44684479400007],[126.85702558700007,34.437567450000074],[126.88502037900003,34.421087958000044],[126.89795983200008,34.41771067900004],[126.89234459700003,34.429388739000046],[126.89185631600003,34.44013092700004],[126.89600670700008,34.44993724200009],[126.90479576900009,34.458685614000046],[126.93140709700003,34.447699286000045],[126.94076582100001,34.45457591400009],[126.93897545700008,34.49591705900008],[126.99415123800009,34.540676174000055],[126.98666425900001,34.55369700700004],[126.99130293100006,34.56435781500005],[127.00058027400007,34.57330963700008],[127.00717207100001,34.58152903900009],[127.00904381600003,34.59320709800005],[127.00855553500003,34.60423411700009],[127.01026451900009,34.612494208000044],[127.01783287900003,34.61570872600004],[127.03003991000003,34.618353583000044],[127.04273522200003,34.62445709800005],[127.06251061300009,34.63686758000006],[127.09913170700008,34.65448639500005],[127.10718834700003,34.66010163000004],[127.12525475400003,34.679754950000074],[127.13624108200008,34.68805573100008],[127.14804121200007,34.691473700000074],[127.17310631600003,34.687201239000046],[127.18531334700003,34.68667226800005],[127.19971764400009,34.691473700000074],[127.21371504000001,34.70555247600004],[127.23389733200008,34.74823639500005],[127.24805748800009,34.76654694200005],[127.27271569100003,34.73379140800006],[127.29078209700003,34.72138092700004],[127.31259199300007,34.72898997600004],[127.33155358200008,34.74115631700005],[127.33863366000003,34.73309967700004],[127.34400475400003,34.715277411000045],[127.35792076900009,34.69822825700004],[127.35010826900009,34.68781159100007],[127.33643639400009,34.66364166900007],[127.32992597700002,34.656683661000045],[127.31446373800009,34.65192291900007],[127.30298912900003,34.65501536700009],[127.29444420700008,34.664129950000074],[127.28842207100001,34.67719147300005],[127.29371178500003,34.686712958000044],[127.29200280000009,34.694525458000044],[127.28516686300009,34.70062897300005],[127.27475019600001,34.705145575000074],[127.24594160200002,34.678900458000044],[127.24057050900001,34.67096588700008],[127.24146569100003,34.65582916900007],[127.24740644600001,34.648098049000055],[127.25513756600003,34.641506252000056],[127.26099694100003,34.62995026200008],[127.26132246200007,34.60040924700007],[127.24667402400007,34.58372630400004],[127.22217858200008,34.57636139500005],[127.19288170700008,34.57477448100008],[127.20753014400009,34.60398997600004],[127.21241295700008,34.62018463700008],[127.21338951900009,34.63686758000006],[127.19882246200007,34.63100820500006],[127.19166100400003,34.62360260600008],[127.17920983200008,34.60203685100004],[127.15902754000001,34.58002350500004],[127.15186608200008,34.57477448100008],[127.12964928500003,34.56391022300005],[127.12330162900003,34.55536530200004],[127.12452233200008,34.540676174000055],[127.13379967500009,34.52631256700005],[127.14722741000003,34.52049388200004],[127.16293379000001,34.51797109600005],[127.17920983200008,34.513332424000055],[127.17636152400007,34.51732005400004],[127.17237389400009,34.52757396000004],[127.21200605600006,34.54466380400004],[127.22348066500001,34.54682038000004],[127.26099694100003,34.513332424000055],[127.27508180100006,34.48945330000004],[127.315925504,34.44490102000009],[127.34359785200002,34.445013739000046],[127.33082116000003,34.45648834800005],[127.32780172800005,34.47392946100007],[127.35661839400007,34.49196473000006],[127.37494096800003,34.485036569000044],[127.391788013,34.50477960100005],[127.43921959700003,34.540676174000055],[127.41841862600006,34.55528036900006],[127.3804082690001,34.54710467500007],[127.37194040400004,34.55173335900008],[127.35792076900009,34.55426666900007],[127.34595787900003,34.57501862200007],[127.34359785200002,34.578192450000074],[127.34937584700003,34.58584219000005],[127.36304772200003,34.59389883000006],[127.37916100400003,34.60000234600005],[127.39210045700008,34.60203685100004],[127.40674889400009,34.59813060100004],[127.45224043100006,34.57477448100008],[127.46461022200003,34.577337958000044],[127.48414147200003,34.57656484600005],[127.4944402210001,34.58377660800005],[127.50358985000003,34.59132477300005],[127.50075946700008,34.61216386700005],[127.49520918100006,34.62323639500005],[127.45224043100006,34.63686758000006],[127.45972741000003,34.63825104400007],[127.47730553500003,34.63816966400009],[127.48755944100003,34.63686758000006],[127.46615644600001,34.662176825000074],[127.43490644600001,34.67869700700004],[127.40601647200003,34.70001862200007],[127.39210045700008,34.73981354400007],[127.39486738400001,34.74249909100007],[127.40023847700002,34.74363841400009],[127.40235436300009,34.74713776200008],[127.39527428500003,34.75665924700007],[127.38526451900009,34.760199286000045],[127.36646569100003,34.753973700000074],[127.35792076900009,34.75971100500004],[127.36158287900003,34.77334219000005],[127.38306725400003,34.783270575000074],[127.42554772200003,34.79441966400009],[127.42554772200003,34.80072663000004],[127.40430748800009,34.805853583000044],[127.37850996200007,34.81513092700004],[127.36532636800007,34.82404205900008],[127.38160241000003,34.82802969000005],[127.42481530000009,34.82713450700004],[127.44467207100001,34.82916901200008],[127.47877037900003,34.839056708000044],[127.48389733200008,34.839544989000046],[127.48731530000009,34.841498114000046],[127.49390709700003,34.84906647300005],[127.51099694100003,34.88471100500004],[127.51441491000003,34.88694896000004],[127.51661217500009,34.89109935100004],[127.52125084700003,34.889837958000044],[127.52588951900009,34.88544342700004],[127.52808678500003,34.87982819200005],[127.52711022200003,34.874701239000046],[127.52271569100003,34.864935614000046],[127.52182050900001,34.859035549000055],[127.52442467500009,34.849269924000055],[127.53956139400009,34.82306549700007],[127.53663170700008,34.819240627000056],[127.53492272200003,34.81321849200009],[127.53541100400003,34.80809153900009],[127.54029381600003,34.80377838700008],[127.54615319100003,34.80304596600007],[127.55176842500009,34.80292389500005],[127.55591881600003,34.80072663000004],[127.57178795700008,34.77252838700008],[127.57984459700003,34.76312897300005],[127.58448326900009,34.74624258000006],[127.57504316500001,34.726548570000034],[127.56202233200008,34.70571523600006],[127.55591881600003,34.68455638200004],[127.56080162900003,34.662176825000074],[127.57227623800009,34.64740631700005],[127.59009850400003,34.63930898600006],[127.61402428500003,34.63686758000006],[127.63038170700008,34.622707424000055],[127.64071699300007,34.61798737200007],[127.64527428500003,34.626288153000075],[127.63795006600003,34.67096588700008],[127.63209069100003,34.68504466400009],[127.62427819100003,34.69822825700004],[127.62924238400001,34.699286200000074],[127.63062584700003,34.70111725500004],[127.63209069100003,34.70140208500004],[127.63795006600003,34.69822825700004],[127.65626061300009,34.73126862200007],[127.67855879000001,34.72736237200007],[127.70639082100001,34.71588776200008],[127.74154707100001,34.72557200700004],[127.74984785200002,34.73712799700007],[127.76132246200007,34.78705475500004],[127.77125084700003,34.815334377000056],[127.77450605600006,34.829331773000035],[127.77564537900003,34.84906647300005],[127.75684655000009,34.84080638200004],[127.73975670700008,34.84170156500005],[127.72144616000003,34.844631252000056],[127.69996178500003,34.84227122600004],[127.66895592500009,34.818345445000034],[127.65650475400003,34.81191640800006],[127.64600670700008,34.816066799000055],[127.63477623800009,34.82802969000005],[127.61890709700003,34.83641185100004],[127.60116621200007,34.856350002000056],[127.58570397200003,34.87921784100007],[127.57642662900003,34.896918036000045],[127.57528730600006,34.91364166900007],[127.58065839900007,34.933661200000074],[127.59156334700003,34.94643789300005],[127.60718834700003,34.94131094000005],[127.62606855600006,34.90973541900007],[127.64112389400009,34.89911530200004],[127.66211998800009,34.90680573100008],[127.69996178500003,34.931626695000034],[127.70923912900003,34.94041575700004],[127.71322675900001,34.94672272300005],[127.72046959700003,34.96515534100007],[127.71827233200008,34.970404364000046],[127.71656334700003,34.98236725500004],[127.71924889400009,34.99005768400008],[127.73072350400003,34.98257070500006],[127.73658287900003,34.97288646000004],[127.73902428500003,34.965277411000045],[127.74439537900003,34.960191148000035],[127.75790449300007,34.958319403000075],[127.79843183700007,34.958644924000055],[127.80502363400001,34.957139390000066],[127.81544030000009,34.95482005400004],[127.83033287900003,34.94472890800006],[127.83643639400009,34.94944896000004],[127.84433027400007,34.95018138200004],[127.85385175900001,34.94818756700005],[127.86451256600003,34.94472890800006],[127.89120527400007,34.94668203300006],[127.91211998800009,34.96206289300005],[127.92286217500009,34.987534898000035],[127.92579186300009,35.01976146000004],[127.93702233200008,35.01264069200005],[127.94336998800009,35.002834377000056],[127.95386803500003,34.97882721600007],[127.97974694100003,34.992254950000074],[128.0068465500001,34.99176666900007],[128.01929772200003,34.99868398600006],[128.0009871750001,35.034084377000056],[128.02499433700007,35.03579336100006],[128.04086347700002,35.04922109600005],[128.0537215500001,35.06712474200009],[128.0693465500001,35.082464911000045],[128.06812584700003,35.07021719000005],[128.06373131600003,35.060614325000074],[128.0586043630001,35.05329010600008],[128.0556746750001,35.047756252000056],[128.054047071,35.03583405200004],[128.0556746750001,34.96173737200007],[128.054047071,34.95502350500004],[128.05152428500003,34.94749583500004],[128.05103600400003,34.93964264500005],[128.0556746750001,34.931626695000034],[128.06397545700008,34.92792389500005],[128.08749433700007,34.92625560100004],[128.101898634,34.923529364000046],[128.11304772200003,34.92519765800006],[128.1176863940001,34.92422109600005],[128.11874433700007,34.920355536000045],[128.11898847700002,34.90570709800005],[128.1211043630001,34.90029531500005],[128.13941491000003,34.891913153000075],[128.185883009,34.89362213700008],[128.2070418630001,34.890692450000074],[128.20655358200008,34.905503648000035],[128.20858808700007,34.92084381700005],[128.21412194100003,34.932928778000075],[128.22413170700008,34.93789297100005],[128.24683678500003,34.935980536000045],[128.25790449300007,34.93016185100004],[128.27906334700003,34.90680573100008],[128.30225670700008,34.90802643400008],[128.318695509,34.93406810100004],[128.33505293100006,34.947333075000074],[128.357758009,34.90989817900004],[128.33472741000003,34.90257396000004],[128.32447350400003,34.89728424700007],[128.326508009,34.88906484600005],[128.3408309250001,34.872707424000055],[128.35377037900003,34.868475653000075],[128.41586347700002,34.86273834800005],[128.41089928500003,34.85602448100008],[128.402679884,34.854803778000075],[128.38339652600007,34.85458744400006],[128.38288272,34.839289670000085],[128.41292953100003,34.837635083000066],[128.43531334700003,34.84316640800006],[128.46054121200007,34.87018463700008],[128.47445722700002,34.890692450000074],[128.4609481130001,34.90371328300006],[128.457855665,34.893866278000075],[128.45093834700003,34.88589101800005],[128.44214928500003,34.88349030200004],[128.432953321,34.890692450000074],[128.4404403000001,34.931626695000034],[128.441742384,34.952460028000075],[128.4414168630001,34.95994700700004],[128.4404403000001,34.96515534100007],[128.43368574300007,34.97370026200008],[128.42465254,34.97801341400009],[128.42001386800007,34.98273346600007],[128.4267684250001,34.99249909100007],[128.43970787900003,34.98810455900008],[128.45923912900003,34.98737213700008],[128.47877037900003,34.99005768400008],[128.491547071,34.99591705900008],[128.49960371200007,35.00922272300005],[128.49756920700008,35.020697333000044],[128.491547071,35.03359609600005],[128.48812910200002,35.05117422100005],[128.4712020190001,35.05023834800005],[128.371429884,35.00678131700005],[128.371429884,35.01357656500005],[128.38209069100003,35.02260976800005],[128.38404381600003,35.036363023000035],[128.3891707690001,35.04901764500005],[128.42847741000003,35.057806708000044],[128.46273847700002,35.071966864000046],[128.481293165,35.07501862200007],[128.4697371750001,35.08836497600004],[128.469086134,35.095404364000046],[128.47811933700007,35.09906647300005],[128.51124108200008,35.10423411700009],[128.5263778000001,35.10346100500004],[128.58033287900003,35.087876695000034],[128.58716881600003,35.083319403000075],[128.59677168100006,35.07501862200007],[128.6001082690001,35.06858958500004],[128.6005965500001,35.06191640800006],[128.60360761800007,35.056626695000034],[128.6142684250001,35.05459219000005],[128.63453209700003,35.05463288000004],[128.64332116000003,35.05654531500005],[128.65211022200003,35.06134674700007],[128.6450301440001,35.06289297100005],[128.63266035200002,35.067287502000056],[128.62476647200003,35.06818268400008],[128.62948652400007,35.08148834800005],[128.62704511800007,35.09076569200005],[128.6103621750001,35.10919830900008],[128.60181725400003,35.12124258000006],[128.5976668630001,35.130519924000055],[128.59058678500003,35.15696849200009],[128.57789147200003,35.17865631700005],[128.5781356130001,35.18935781500005],[128.59058678500003,35.20538971600007],[128.6020613940001,35.21393463700008],[128.6079207690001,35.21116771000004],[128.61793053500003,35.184881903000075],[128.61402428500003,35.177435614000046],[128.62232506600003,35.15737539300005],[128.61793053500003,35.14325592700004],[128.638031446,35.14984772300005],[128.651703321,35.14077383000006],[128.6640731130001,35.12612539300005],[128.67994225400003,35.11595286700009],[128.680511915,35.13141510600008],[128.68775475400003,35.140611070000034],[128.6962996750001,35.14350006700005],[128.70045006600003,35.139878648000035],[128.70045006600003,35.096136786000045],[128.7158309250001,35.10586172100005],[128.72779381600003,35.104722398000035],[128.73868948900008,35.08798762200007],[128.7619708850001,35.07939238800009],[128.771988319,35.08331323900006],[128.78107691500009,35.11106214600005],[128.78777325400006,35.10131859300009],[128.791555442,35.08295320800005],[128.85740242600002,35.08382307900007],[128.8821860700001,35.08148477700007],[128.88925214900007,35.105454820000034],[128.89792560800004,35.12130533000004],[128.90458592900006,35.120509920000075],[128.90363532100002,35.10139002500006],[128.90459292600008,35.08109865000006],[128.91841959300007,35.08188205300007],[128.94894401700003,35.12597467100005],[128.95800991400006,35.13689688300008],[128.9627776430001,35.13338599100007],[128.96134093800003,35.11895463700006],[128.9537036060001,35.09320167000004],[128.95036040000002,35.07291301300006],[128.95844737900006,35.05038704700007],[128.96512461700001,35.04364879600007],[128.97486412900003,35.04865143400008],[128.98511156000006,35.05428378000005],[128.98940545900007,35.05269402400006],[128.9927699440001,35.045962659000054],[129.0004015300001,35.04595001800004],[128.9980147340001,35.06628118800006],[128.99702610500003,35.075728095000045],[129.00895713300008,35.06513447800006],[129.01375367600008,35.05530728900004],[129.021861854,35.05998310700005],[129.025689682,35.079502249000086],[129.03762722700003,35.09783422800007],[129.06384042000002,35.120847092000076],[129.071998054,35.11261736900008],[129.08296636300008,35.10518478100005],[129.101078185,35.09227615300006],[129.12347008100005,35.10084547300005],[129.12860118100002,35.11414797000009],[129.127280508,35.12582503400006],[129.11929663500007,35.13556719800005],[129.12025714900005,35.149616723000065],[129.132204581,35.150766444000055],[129.1430770190001,35.15477122600004],[129.15341230600006,35.154282945000034],[129.1674798470001,35.15616830700009],[129.17889555300007,35.155757452000046],[129.1943465500001,35.155503648000035],[129.20108409400007,35.16662808600006],[129.21069260600007,35.183001370000056],[129.22847902700005,35.20053055300008],[129.24439034400007,35.22821804000006],[129.25570722700002,35.246975002000056],[129.25538170700008,35.25259023600006],[129.24973457400006,35.266227746000084],[129.256484172,35.27442152200007],[129.26240016100007,35.283988745000045],[129.26412629100003,35.30242761400007],[129.26920554700007,35.31676652800007],[129.29271986900005,35.316049089000046],[129.32051321000006,35.33854547200008],[129.33987502900004,35.348074232000045],[129.36044355600006,35.353583075000074],[129.3618139900001,35.367171831000064],[129.35512974900007,35.37266731900007],[129.34678727000005,35.38227253800005],[129.35526191400004,35.394571780000035],[129.3645813290001,35.40687005700005],[129.36050348000003,35.42605606700005],[129.35922285200002,35.444647528000075],[129.357758009,35.45180898600006],[129.3657332690001,35.458319403000075],[129.37720787900003,35.45917389500005],[129.38746178500003,35.46230703300006],[129.39185631600003,35.47573476800005],[129.390961134,35.489935614000046],[129.387054884,35.50226471600007],[129.3789168630001,35.51068756700005],[129.3652449880001,35.51325104400007],[129.3735457690001,35.53278229400007],[129.38746178500003,35.52985260600008],[129.4004012380001,35.51264069200005],[129.4062606130001,35.48969147300005],[129.41285241000003,35.47207265800006],[129.42798912900003,35.47874583500004],[129.44442793100006,35.49681224200009],[129.45460045700008,35.51325104400007],[129.4613512840001,35.55206138500006],[129.463487901,35.577883359000054],[129.46727514100007,35.599667569000076],[129.4605899080001,35.60929422300006],[129.451375761,35.61824332300006],[129.44305339200002,35.63609001100008],[129.4515757040001,35.65180228300005],[129.471125895,35.68322229800009],[129.49765058700007,35.74787018400008],[129.49621649900007,35.78507393500007],[129.52213431000007,35.84455221300004],[129.53283905500007,35.91301291100007],[129.53558955300002,35.93903563200007],[129.5716437530001,35.99712436400006],[129.587250196,36.016913153000075],[129.5820418630001,36.036810614000046],[129.57496178500003,36.054673570000034],[129.5712996750001,36.07184479400007],[129.554794958,36.082477915000084],[129.54257246200007,36.06590403900009],[129.4790145190001,36.00958893400008],[129.45333141000003,35.99328736800004],[129.43305147500007,35.99610773200004],[129.41708062100008,36.01191268600007],[129.4019370430001,36.02566008400004],[129.38085871700002,36.041486844000076],[129.38178266800003,36.05517462200004],[129.3984481130001,36.06631094000005],[129.40829511800007,36.06891510600008],[129.41871178500003,36.07298411700009],[129.4267684250001,36.08177317900004],[129.430511915,36.09739817900004],[129.425140821,36.10301341400009],[129.41708418100006,36.10757070500006],[129.40967858200008,36.13361237200007],[129.40390058700007,36.167629299000055],[129.39852949300007,36.17267487200007],[129.39185631600003,36.17633698100008],[129.3857528000001,36.18545156500005],[129.38233483200008,36.20184967700004],[129.38656660200002,36.322699286000045],[129.39185631600003,36.34247467700004],[129.40390058700007,36.359442450000074],[129.43482506600003,36.38959381700005],[129.44092858200008,36.40794505400004],[129.44711347700002,36.49331289300005],[129.44166100400003,36.53465403900009],[129.42798912900003,36.57566966400009],[129.4228621750001,36.61497630400004],[129.42261803500003,36.61664459800005],[129.44092858200008,36.65778229400007],[129.46347089900007,36.69245026200008],[129.47388756600003,36.73061758000006],[129.4712020190001,36.77187734600005],[129.4379988940001,36.85614655200004],[129.4287215500001,36.89740631700005],[129.4199324880001,36.986761786000045],[129.41268964900007,37.01805247600004],[129.4130965500001,37.02773672100005],[129.4189559250001,37.03851959800005],[129.4282332690001,37.04954661700009],[129.4340926440001,37.06110260600008],[129.4301863940001,37.07306549700007],[129.3789168630001,37.130113023000035],[129.36011803500003,37.17177969000005],[129.34644616000003,37.24750397300005],[129.3310653000001,37.28217194200005],[129.28280683700007,37.32444896000004],[129.2758895190001,37.339911200000074],[129.27222741000003,37.35586172100005],[129.26278730600006,37.37091705900008],[129.23544355600006,37.39826080900008],[129.1899520190001,37.46938711100006],[129.17684980600006,37.480169989000046],[129.16122480600006,37.487616278000075],[129.14820397200003,37.505113023000035],[129.11898847700002,37.58063385600008],[129.108734571,37.59739817900004],[129.07333418100006,37.61302317900004],[129.06714928500003,37.63385651200008],[129.0669051440001,37.65843333500004],[129.06421959700003,37.67885976800005],[129.01229902400007,37.72724030200004],[129.001312696,37.734361070000034],[128.9238387380001,37.80231354400007],[128.85914147200003,37.87677643400008],[128.69247480600006,38.06492747600004],[128.6787215500001,38.09430573100008],[128.64283287900003,38.12929922100005],[128.63160241000003,38.144964911000045],[128.56275475400003,38.28896719000005],[128.47445722700002,38.42609284100007],[128.45069420700008,38.47410716400009],[128.4414168630001,38.50580475500004],[128.39478600400003,38.57807038000004],[128.36491946700005,38.624335028000075],[128.364593946,38.62474192900004],[128.3603621750001,38.64276764500005],[128.3613387380001,38.66071198100008],[128.35995527400007,38.67536041900007],[128.35962975400003,38.67865631700005],[128.3476668630001,38.69672272300005],[128.33814537900003,38.703558661000045],[128.32105553500003,38.71141185100004],[128.31324303500003,38.717230536000045],[128.28280683700007,38.755072333000044],[128.270355665,38.751654364000046],[128.2251082690001,38.73232656500005],[128.21021569100003,38.727728583000044],[128.091156446,38.843736070000034],[128.0146590500001,38.85814036700009],[127.99545332100001,38.87531159100007],[127.96176191500001,38.91791413000004],[127.94361412900003,38.92641836100006],[127.93384850400003,38.92865631700005],[127.92628014400009,38.934475002000056],[127.92147871200007,38.94232819200005],[127.91822350400003,38.95774974200009],[127.91431725400003,38.964178778000075],[127.90870201900009,38.96718984600005],[127.90219160200002,38.96393463700008],[127.89291425900001,38.957464911000045],[127.88868248800009,38.961371161000045],[127.88550866000003,38.97418854400007],[127.85157311300009,39.00141022300005],[127.83651777400007,39.01850006700005],[127.83033287900003,39.032863674000055],[127.82374108200008,39.043036200000074],[127.79257246200007,39.07754140800006],[127.76962324300007,39.10919830900008],[127.75928795700008,39.11701080900008],[127.74415123800009,39.11859772300005],[127.67562910200002,39.11815013200004],[127.66138756600003,39.12148672100005],[127.65170332100001,39.12929922100005],[127.64307701900009,39.13857656500005],[127.63168379000001,39.146144924000055],[127.60694420700008,39.152044989000046],[127.53174889400009,39.146144924000055],[127.51172936300009,39.15643952000005],[127.49130293100006,39.19489166900007],[127.47339928500003,39.19330475500004],[127.47364342500009,39.187160549000055],[127.47608483200008,39.177069403000075],[127.47193444100003,39.16828034100007],[127.45224043100006,39.16596100500004],[127.44125410200002,39.17084381700005],[127.42017662900003,39.18919505400004],[127.40853925900001,39.19330475500004],[127.39340254000001,39.20172760600008],[127.38290449300007,39.221991278000075],[127.3720298830001,39.24042604300007],[127.37842858200008,39.26898834800005],[127.38672936300009,39.29718659100007],[127.39828535200002,39.32367584800005],[127.39698326900009,39.32965729400007],[127.39267011800007,39.33641185100004],[127.39193769600001,39.341864325000074],[127.40137780000009,39.34414297100005],[127.40829511800007,39.34324778900009],[127.41456139400009,39.34064362200007],[127.42025800900001,39.336371161000045],[127.42554772200003,39.33047109600005],[127.43539472700002,39.33478424700007],[127.46680748800009,39.34015534100007],[127.47339928500003,39.34756094000005],[127.46753991000003,39.36383698100008],[127.45386803500003,39.36798737200007],[127.43783613400001,39.36424388200004],[127.42554772200003,39.357123114000046],[127.41407311300009,39.36180247600004],[127.38990319100003,39.36701080900008],[127.37842858200008,39.37148672100005],[127.37842858200008,39.37885163000004],[127.42554772200003,39.39252350500004],[127.43100019600001,39.39728424700007],[127.43808027400007,39.405178127000056],[127.44044030000009,39.407863674000055],[127.46998131600003,39.429754950000074],[127.48292076900009,39.43699778900009],[127.49512780000009,39.43341705900008],[127.50399824300007,39.42283763200004],[127.50757897200003,39.40924713700008],[127.54224694100003,39.37148672100005],[127.52694746200007,39.34422435100004],[127.52059980600006,39.329413153000075],[127.52182050900001,39.31622955900008],[127.53183027400007,39.305121161000045],[127.54346764400009,39.301947333000044],[127.55445397200003,39.305975653000075],[127.56210371200007,39.31622955900008],[127.56299889400009,39.343736070000034],[127.53541100400003,39.44375234600005],[127.52043931200001,39.51046513300008],[127.53676992700002,39.552012464000086],[127.57455488400001,39.595038153000075],[127.57032311300009,39.61786530200004],[127.55274498800009,39.636786200000074],[127.52808678500003,39.645819403000075],[127.51856530000009,39.64484284100007],[127.51221764400009,39.64948151200008],[127.50855553500003,39.66006094000005],[127.50635826900009,39.68378327000005],[127.50171959700003,39.698472398000035],[127.50131269600001,39.70722077000005],[127.50375410200002,39.71552155200004],[127.51246178500003,39.73110586100006],[127.51441491000003,39.73859284100007],[127.52084394600001,39.746975002000056],[127.54940839900007,39.761053778000075],[127.56185957100001,39.78400299700007],[127.57601972700002,39.79629140800006],[127.59302819100003,39.80621979400007],[127.60718834700003,39.810248114000046],[127.62374852100004,39.83093531800006],[127.6486994060001,39.82089715600006],[127.66329100900009,39.80680065900009],[127.67962851700008,39.816438696000034],[127.69574959500005,39.84820085000007],[127.72738250700002,39.85718861400005],[127.7624384720001,39.85353432000005],[127.79403730600006,39.865668036000045],[127.79639733200008,39.87563711100006],[127.78183027400007,39.88540273600006],[127.87460371200007,39.89280833500004],[127.88404381600003,39.90208567900004],[127.89126291000002,39.94383111700006],[127.89103838900007,39.96122529000007],[127.90665933500009,39.983942366000065],[127.93026777400007,39.971909898000035],[127.94003339900007,39.97475820500006],[127.94727623800009,39.981634833000044],[127.96371504000001,40.00409577000005],[127.97055097700002,40.00885651200008],[127.97982832100001,40.01056549700007],[127.98975670700008,40.014837958000044],[127.99781334700003,40.020412502000056],[128.0009871750001,40.02594635600008],[128.002289259,40.04047272300005],[128.0068465500001,40.04515208500004],[128.13941491000003,40.027329820000034],[128.1435653000001,40.02285390800006],[128.146820509,40.01829661700009],[128.15512129,40.01630280200004],[128.16431725400003,40.01797109600005],[128.18238366000003,40.02610911700009],[128.1933699880001,40.029364325000074],[128.20321699300007,40.02960846600007],[128.2251082690001,40.02757396000004],[128.2343856130001,40.029364325000074],[128.22783723700002,40.05620603700004],[128.23632157100008,40.06790429300008],[128.2634436310001,40.07710499800004],[128.280132052,40.06547653600006],[128.302093946,40.03343333500004],[128.32775258900006,40.02821641100007],[128.33776517800004,40.06704791100009],[128.364764841,40.096890115000065],[128.3918439050001,40.09957747700008],[128.41138756600003,40.09638092700004],[128.434946029,40.104001888000084],[128.448562992,40.10950008800006],[128.4662663250001,40.124373526000056],[128.47979942000006,40.134748641000044],[128.510189157,40.135455971000056],[128.52768092400004,40.143423720000044],[128.53609346200005,40.15137544600009],[128.54319885000007,40.16676701200004],[128.57760718600002,40.180211410000084],[128.5886112190001,40.186672799000064],[128.608102916,40.18570198900005],[128.62173228900008,40.180755529000066],[128.6288752810001,40.180265716000065],[128.63471320600001,40.18423881700005],[128.64184730600005,40.19069285100005],[128.65093108100007,40.19714769700005],[128.6645613940001,40.201239325000074],[128.66259900900002,40.225413382000056],[128.66777968400004,40.24030859800007],[128.66062985200006,40.24772150600006],[128.65672182800006,40.25714038800004],[128.6287917410001,40.266008756000076],[128.61644650800008,40.27144281200009],[128.61894776000008,40.29733080700004],[128.63648864200002,40.31321656500006],[128.655340282,40.32017698400006],[128.6566554310001,40.31076253100008],[128.66966869500004,40.310770897000054],[128.68780752700002,40.331196581000086],[128.72164470500002,40.338947061000056],[128.75200487400002,40.335095472000035],[128.76404237400004,40.34653026500007],[128.78097427500006,40.34702548300004],[128.8135672310001,40.35497991900007],[128.8305335010001,40.367387326000085],[128.8605320050001,40.37184836700004],[128.899755131,40.398164928000085],[128.975812174,40.45993303800009],[129.03011562100005,40.47397022500007],[129.07756443800008,40.47256500300006],[129.1150655240001,40.511164886000074],[129.150899083,40.54589673600009],[129.15531158300007,40.556634590000044],[129.16123496800003,40.56554866300007],[129.17261803500003,40.56891510600008],[129.17367597700002,40.593451239000046],[129.17455523,40.603660165000065],[129.17916533900006,40.60959949800008],[129.18704974700006,40.61653527100009],[129.19052168100006,40.62250397300005],[129.1933699880001,40.63263580900008],[129.1977645190001,40.638006903000075],[129.2003622960001,40.65075309000008],[129.2017090270001,40.65620715300008],[129.20699478900008,40.66363163400007],[129.2063864270001,40.67008890900007],[129.20642642100006,40.67554645700005],[129.2123927670001,40.68595193600004],[129.2177031010001,40.69635326300005],[129.233482084,40.70571354900005],[129.2531567970001,40.709131856000056],[129.27013756500003,40.70798012800009],[129.27791677000005,40.69803721400007],[129.28663170700008,40.683579820000034],[129.29615319100003,40.67625560100004],[129.3032332690001,40.67365143400008],[129.31121036700006,40.68747198900007],[129.3278297280001,40.71812813200006],[129.3397564720001,40.73443021400004],[129.3516865790001,40.74534319300005],[129.38918690000003,40.76075956100004],[129.42695414600007,40.78129564300008],[129.47652919900008,40.79387779800004],[129.50624007600004,40.79207435600006],[129.51808142200002,40.79546708200007],[129.531997338,40.80727731200005],[129.55105095300007,40.810117421000086],[129.55394109300005,40.82893169000005],[129.57177252600002,40.83971629700005],[129.5979675540001,40.83854114300004],[129.60980304500004,40.84092948700004],[129.626166796,40.83831245500005],[129.6439220860001,40.84161846200004],[129.66285241000003,40.838771877000056],[129.6845596290001,40.84182943600007],[129.6983567100001,40.84560622300006],[129.70608701000003,40.83566146800007],[129.71655794700007,40.834585581000056],[129.7252188340001,40.847817701000054],[129.73734311300007,40.87145578500008],[129.73427207300006,40.89110180800009],[129.75299654700007,40.90993974300005],[129.74922940500005,40.91701046800006],[129.755574368,40.93896967200004],[129.76489138300008,40.94441440600008],[129.750824415,40.95172760600008],[129.73251386800007,40.96893952000005],[129.72828209700003,40.97870514500005],[129.72079511800007,41.02366771000004],[129.71981855600006,41.05621979400007],[129.722015821,41.07184479400007],[129.72828209700003,41.085150458000044],[129.7119246750001,41.12262604400007],[129.719574415,41.16693756700005],[129.759125196,41.29287344000005],[129.770355665,41.31513092700004],[129.7861434250001,41.32477448100008],[129.78687584700003,41.330064195000034],[129.79468834700003,41.35228099200003],[129.79664147200003,41.355454820000034],[129.79989668100006,41.36859772300005],[129.8051863940001,41.37278880400004],[129.80616295700008,41.37604401200008],[129.79664147200003,41.38617584800005],[129.79110761800007,41.38776276200008],[129.77564537900003,41.38548411700003],[129.76929772200003,41.38617584800005],[129.7581839720001,41.39259418000006],[129.7441507960001,41.406962770000064],[129.7360557290001,41.42128622800004],[129.71460278400002,41.419646010000065],[129.70166987900006,41.42866567100003],[129.6816777570001,41.44308426500004],[129.6594031620001,41.464647435000074],[129.65272983900002,41.49412400400007],[129.65772304300003,41.509238682000046],[129.6606551440001,41.52594635600008],[129.64879790700002,41.549402728000075],[129.669408878,41.57595944900004],[129.6831849990001,41.617720114000065],[129.6908225640001,41.64971577300008],[129.715018611,41.67533690000005],[129.741360546,41.68401763900005],[129.74976647200003,41.69627513200004],[129.76278730600006,41.73102448100008],[129.77475988900005,41.75941719500008],[129.81331498300005,41.77773323300005],[129.82654599800003,41.77844638800008],[129.8428127210001,41.75878307800008],[129.8524602230001,41.76492342800009],[129.85517127100002,41.78179188000007],[129.86965230500005,41.79145665300007],[129.88453209700003,41.82416413000004],[129.88339277400007,41.857407945000034],[129.89039147200003,41.88300202000005],[129.89674003200003,41.904262980000055],[129.91362039900002,41.91119524800007],[129.93739352300008,41.903897810000046],[129.94678708800006,41.89493518300009],[129.954437696,41.89203522300005],[129.96469160200002,41.89874909100007],[129.96859785200002,41.91746653900009],[129.971039259,41.92206452000005],[129.97567793100006,41.93398672100005],[129.97828209700003,41.943793036000045],[129.97486412900003,41.94163646000004],[129.98560631600003,41.95526764500005],[129.99293053500003,41.95978424700007],[130.00269616000003,41.962225653000075],[129.9941512380001,41.97304922100005],[129.98902428500003,41.978176174000055],[129.98218834700003,41.98265208500004],[130.00129707400004,41.99046615000009],[130.00288397100007,42.01091176300008],[130.01495011500003,42.014403703000085],[130.02681671900007,41.992699522000066],[130.033879253,41.995513988000084],[130.03646983500005,42.01162370600008],[130.04490766100002,42.03597565800004],[130.04971177100003,42.042287515000055],[130.05222157100002,42.050364513000034],[130.067014707,42.05189864700009],[130.0679550100001,42.05941382700007],[130.07304050900007,42.07845867200007],[130.09277164500008,42.08981062400005],[130.12006878,42.090081352000084],[130.13319825000008,42.08471868200007],[130.15010820100008,42.074103465000064],[130.1594319830001,42.07283755200007],[130.16659589900007,42.07709381700005],[130.16358483200008,42.08348216400009],[130.16024824300007,42.08510976800005],[130.17392011800007,42.09878164300005],[130.18531334700003,42.10390859600005],[130.1938582690001,42.10097890800006],[130.19931074300007,42.10130442900004],[130.20428617100004,42.159644194000066],[130.20227391700007,42.17355132400007],[130.21493574300007,42.17462799700007],[130.2289856120001,42.18245195500003],[130.25136340200004,42.20529093600004],[130.29418223200003,42.23704468100004],[130.307417578,42.23629503800004],[130.31563515800008,42.21888303900005],[130.30815993200008,42.197594767000055],[130.30702563300008,42.18315395900004],[130.3187699140001,42.18473039200006],[130.33064466300004,42.191508042000066],[130.33505739600002,42.213999164000086],[130.35150542300005,42.216082705000076],[130.35882866500003,42.22927234200006],[130.36983713100005,42.23201097700007],[130.360655178,42.243663939000044],[130.3679918690001,42.25568678900004],[130.37818188000006,42.257854715000065],[130.39332116000003,42.24408600500004],[130.4008895190001,42.24249909100007],[130.40601647200003,42.24957916900007],[130.40585371200007,42.26080963700008],[130.399261915,42.26316966400009],[130.3911238940001,42.264105536000045],[130.38624108200008,42.27065664300005],[130.38632246200007,42.27765534100007],[130.38415748600005,42.291194579000035],[130.39399883200008,42.299952343000086],[130.40585371200007,42.30711497600004],[130.40699303500003,42.315741278000075],[130.40744972100003,42.324577343000044],[130.41915868400008,42.32439825900008],[130.43183884000007,42.31812457600006],[130.44009806300005,42.30912830600005],[130.45645952900009,42.311768735000044],[130.46939604800002,42.32207471500004],[130.46565258500004,42.33475247000007],[130.48068389600007,42.33975211600006],[130.5101895030001,42.33577952100006],[130.5190525490001,42.327602855000066],[130.5405013520001,42.31837065700006],[130.56936639700007,42.31525907200006],[130.5820418630001,42.307928778000075],[130.59498131600003,42.298163153000075],[130.5976668630001,42.29193756700005],[130.598480665,42.280951239000046],[130.59754438100003,42.262780245000044],[130.60382311,42.26326024000008],[130.616620711,42.272318290000044],[130.63157671200008,42.27439706800004],[130.66712883500009,42.28309217300006],[130.695556806,42.28900141200006],[130.69996178500003,42.29511139500005],[130.70360316000006,42.29524132000006],[130.73480510900004,42.33759791400007],[130.743193851,42.353687070000035],[130.752750267,42.38077658900005],[130.763031446,42.400376695000034],[130.78077233200008,42.45343659100007],[130.78663170700008,42.46185944200005],[130.80420983200008,42.46234772300005],[130.8232528000001,42.46503327000005],[130.83871504,42.472357489000046],[130.84498131600003,42.486314195000034],[130.8437606130001,42.49396393400008],[130.8383895190001,42.506293036000045],[130.83814537900003,42.51023997600004],[130.84302819100003,42.51976146000004],[130.84644616000003,42.520697333000044],[130.8505965500001,42.52000560100004],[130.85849043100006,42.52456289300005],[130.859711134,42.52106354400007],[130.864593946,42.517279364000046],[130.87020918100006,42.51797109600005],[130.87289472700002,42.52765534100007],[130.8696395190001,42.53546784100007],[130.85499108200008,42.53925202000005],[130.85181725400003,42.54779694200005],[130.842133009,42.55853913000004],[130.783539259,42.57916901200008],[130.77955162900003,42.58466217700004],[130.77808678500003,42.591131903000075],[130.77418053500003,42.59682851800005],[130.763031446,42.599595445000034],[130.75464928500003,42.59723541900007],[130.7295028000001,42.57916901200008],[130.73690839900007,42.60724518400008],[130.7329207690001,42.61554596600007],[130.68344160200002,42.64354075700004],[130.66078899700005,42.643184543000075],[130.65667038900006,42.66407951200006],[130.69352581300006,42.68545034500005],[130.7207578020001,42.70002462500008],[130.73466741000004,42.691689334000046],[130.74534894300007,42.68109583000006],[130.76929772200003,42.68158600500004],[130.78186638600005,42.69028216700008],[130.8017859790001,42.696845163000035],[130.825456917,42.69932245800004],[130.83700960800002,42.69159188900005],[130.8320418630001,42.67405833500004],[130.79594714100006,42.662849545000086],[130.78698147900002,42.65376356300004],[130.8034407350001,42.651151406000054],[130.8478326820001,42.66131692700009],[130.881524581,42.658987952000075],[130.89944468500005,42.65463145600006],[130.93178110200006,42.65750928300008],[130.949713986,42.65312261400004],[130.94459069100003,42.63117096600007],[130.9321395190001,42.618353583000044],[130.9115129810001,42.61682641200008],[130.88948072300002,42.63861172800006],[130.86287555900003,42.64081616400006],[130.8385870840001,42.64299477900005],[130.81547842700002,42.63417157900005],[130.83250570100006,42.62577466200008],[130.87256920700008,42.603949286000045],[130.8896590500001,42.599595445000034],[130.91431725400003,42.60150788000004],[130.93116295700008,42.60691966400009],[130.9524804450001,42.627797814000076],[130.99488366000003,42.640692450000074],[131.03443444100003,42.64520905200004],[131.073578321,42.63886139500005],[131.08702706300005,42.64037532800006],[131.09288647000005,42.654887733000066],[131.1057008360001,42.668348482000056],[131.12034658100004,42.66719049100004],[131.12741468000002,42.646809776000055],[131.12690303800002,42.617256069000064],[131.1435653000001,42.61269765800006],[131.158494367,42.60130537100008],[131.1806497450001,42.60520533400006],[131.17919651,42.59438159300004],[131.17115319100003,42.585272528000075],[131.1670028000001,42.58539459800005],[131.1670028000001,42.57562897300005],[131.17099043100006,42.57294342700004],[131.17963704800002,42.56400309500009],[131.18534559800003,42.559550184000045],[131.1945602400001,42.55896653100007],[131.20375066600002,42.557243723000056],[131.213275286,42.551392855000074],[131.21954721100008,42.554711688000054],[131.22155991,42.56630424200006],[131.22437584700003,42.57062409100007],[131.21275056900004,42.58393863500004],[131.2180499530001,42.586132080000084],[131.23404707500003,42.58726215200005],[131.2340899510001,42.588854379000054],[131.22797025600005,42.59167613500006],[131.22873617900007,42.59712517600008],[131.224301405,42.604925973000036],[131.20801004600003,42.60852199400006],[131.20118160800007,42.61402459700008],[131.20348331800005,42.61906297100006],[131.20978388800006,42.62261286900008],[131.20901679200006,42.63629456400008],[131.21656334700003,42.644191799000055],[131.22421308700007,42.660589911000045],[131.23267662900003,42.66791413000004],[131.2470809250001,42.667303778000075],[131.25416100400003,42.66819896000004],[131.25709069100003,42.67133209800005],[131.25806725400003,42.67523834800005],[131.26229902400007,42.68109772300005],[131.26327558700007,42.68500397300005],[131.261078321,42.68805573100008],[131.25180097700002,42.69082265800006],[131.24960371200007,42.694566148000035],[131.23644697300006,42.70664411200005],[131.24689629800002,42.73253378000004],[131.257069129,42.751560565000034],[131.27312717100006,42.777331349000065],[131.300134285,42.793276509000066],[131.352017262,42.77432756700006],[131.363617384,42.78217194200005],[131.35962975400003,42.794256903000075],[131.3603621750001,42.806626695000034],[131.3657332690001,42.81875234600005],[131.3789168630001,42.83112213700008],[131.40902754,42.83934153900009],[131.43637129,42.85578034100007],[131.45614668100006,42.86383698100008],[131.4716903000001,42.87323639500005],[131.47193444100003,42.88393789300005],[131.4589949880001,42.884426174000055],[131.4004012380001,42.87335846600007],[131.41073652400007,42.90094635600008],[131.40634199300007,42.91006094000005],[131.38624108200008,42.91429271000004],[131.38795006600003,42.930121161000045],[131.393890821,42.945013739000046],[131.40552819100003,42.95062897300005],[131.42994225400003,42.93504466400009],[131.43824303500003,42.93414948100008],[131.4550887380001,42.934759833000044],[131.47730553500003,42.94196198100008],[131.49195397200003,42.94489166900007],[131.4961043630001,42.942287502000056],[131.499359571,42.957098700000074],[131.49488366000003,42.97060781500005],[131.49195397200003,42.98432038000004],[131.49952233200008,42.999986070000034],[131.51767011800007,43.00934479400007],[131.53296959700003,43.00226471600007],[131.5478621750001,42.99310944200005],[131.5649520190001,42.99628327000005],[131.56763756600003,43.00755442900004],[131.56373131600003,43.02383047100005],[131.5629988940001,43.038316148000035],[131.586761915,43.04995351800005],[131.664886915,43.12518952000005],[131.68336022200003,43.148504950000074],[131.694672071,43.174994208000044],[131.6840926440001,43.165228583000044],[131.66675866000003,43.15688711100006],[131.65145918100006,43.15599192900004],[131.6469832690001,43.168850002000056],[131.65113366000003,43.169623114000046],[131.674164259,43.18183014500005],[131.67782636800007,43.18732330900008],[131.67953535200002,43.19367096600007],[131.68384850400003,43.199286200000074],[131.694672071,43.202337958000044],[131.70663496200007,43.19684479400007],[131.71753991000003,43.184475002000056],[131.73072350400003,43.17413971600007],[131.74984785200002,43.174994208000044],[131.76392662900003,43.18585846600007],[131.7583113940001,43.195379950000074],[131.74170983200008,43.20148346600007],[131.7226668630001,43.202337958000044],[131.7226668630001,43.20978424700007],[131.7504988940001,43.22528717700004],[131.7568465500001,43.24249909100007],[131.7563582690001,43.263739325000074],[131.76425214900007,43.29169342700004],[131.77418053500003,43.302069403000075],[131.7993270190001,43.31586334800005],[131.80453535200002,43.32208893400008],[131.8076278000001,43.330959377000056],[131.81568444100003,43.33673737200007],[131.8266707690001,43.337958075000074],[131.83863366000003,43.33270905200004],[131.8281356130001,43.32640208500004],[131.82601972700002,43.31793854400007],[131.8320418630001,43.309881903000075],[131.846039259,43.30536530200004],[131.85694420700008,43.30731842700004],[131.8847762380001,43.31777578300006],[131.89527428500003,43.31863027600008],[131.95679772200003,43.305853583000044],[131.97811933700007,43.29205963700008],[131.96835371200007,43.27057526200008],[131.99203535200002,43.273098049000055],[131.99984785200002,43.284084377000056],[132.00350996200007,43.29950592700004],[132.014008009,43.315619208000044],[132.03101647200003,43.32514069200005],[132.04444420700008,43.32436758000006],[132.05201256600003,43.31476471600007],[132.05152428500003,43.29791901200008],[132.0449324880001,43.286444403000075],[132.00660241000003,43.26032135600008],[132.0019637380001,43.25218333500004],[132.0004988940001,43.24453359600005],[131.99683678500003,43.238714911000045],[131.97803795700008,43.235541083000044],[131.95858808700007,43.22992584800005],[131.92367597700002,43.20783112200007],[131.91171308700007,43.19757721600007],[131.90015709700003,43.18183014500005],[131.8794051440001,43.13739655200004],[131.84986412900003,43.100490627000056],[131.84717858200008,43.089911200000074],[131.85914147200003,43.085638739000046],[131.87094160200002,43.09031810100004],[131.92066491000003,43.120428778000075],[131.91724694100003,43.107855536000045],[131.90796959700003,43.10106028900009],[131.89625084700003,43.095363674000055],[131.88648522200003,43.085638739000046],[131.9072371750001,43.07440827000005],[131.92994225400003,43.069566148000035],[131.95224043100006,43.071966864000046],[131.972015821,43.08250560100004],[131.99130293100006,43.09585195500006],[132.029633009,43.116522528000075],[132.04420006600003,43.12726471600007],[132.07545006600003,43.16303131700005],[132.09595787900003,43.180975653000075],[132.11646569100003,43.188666083000044],[132.13681074300007,43.19163646000004],[132.22665449300007,43.229803778000075],[132.23593183700007,43.23651764500005],[132.242523634,43.24551015800006],[132.25399824300007,43.266506252000056],[132.26050866000003,43.27057526200008],[132.28199303500003,43.278509833000044],[132.2895613940001,43.312567450000074],[132.30543053500003,43.31903717700004],[132.3149520190001,43.315659898000035],[132.34579511800007,43.29791901200008],[132.35621178500003,43.28595612200007],[132.354828321,43.282538153000075],[132.34921308700007,43.27920156500005],[132.34579511800007,43.26715729400007],[132.340668165,43.26154205900008],[132.316742384,43.25189850500004],[132.30844160200002,43.24701569200005],[132.30770918100006,43.23818594000005],[132.31714928500003,43.231350002000056],[132.35897871200007,43.21552155200004],[132.37606855600006,43.204738674000055],[132.38168379,43.19122955900008],[132.36695397200003,43.174994208000044],[132.35653730600006,43.17096588700008],[132.3481551440001,43.17145416900007],[132.33936608200008,43.17365143400008],[132.3291121750001,43.174994208000044],[132.32764733200008,43.17059967700004],[132.327484571,43.14899323100008],[132.32593834700003,43.14085521000004],[132.33277428500003,43.138332424000055],[132.33961022200003,43.134019273000035],[132.33375084700003,43.130194403000075],[132.32479902400007,43.12295156500005],[132.3183699880001,43.120428778000075],[132.32569420700008,43.10626862200007],[132.32056725400003,43.094183661000045],[132.30746504,43.08661530200004],[132.29110761800007,43.085638739000046],[132.2998153000001,43.075506903000075],[132.30494225400003,43.06403229400007],[132.3032332690001,43.053168036000045],[132.29110761800007,43.044623114000046],[132.3012801440001,43.02391185100004],[132.29957116000003,42.99713776200008],[132.29110761800007,42.94912344000005],[132.29566491000003,42.91754791900007],[132.29452558700007,42.902777411000045],[132.28768964900007,42.89044830900008],[132.28931725400003,42.88271719000005],[132.3115340500001,42.84544505400004],[132.3183699880001,42.84544505400004],[132.32569420700008,42.85146719000005],[132.34839928500003,42.85492584800005],[132.36011803500003,42.85968659100007],[132.35523522200003,42.86546458500004],[132.3535262380001,42.87026601800005],[132.35523522200003,42.875067450000074],[132.36011803500003,42.88080475500004],[132.35531660200002,42.88751862200007],[132.35018964900007,42.89663320500006],[132.34579511800007,42.90070221600007],[132.35425866000003,42.91083405200004],[132.36630293100006,42.915676174000055],[132.39413496200007,42.92177969000005],[132.39559980600006,42.925767320000034],[132.39527428500003,42.93276601800005],[132.39706464900007,42.93935781500005],[132.40438886800007,42.942287502000056],[132.41334069100003,42.941107489000046],[132.42831464900007,42.935980536000045],[132.48609459700003,42.928615627000056],[132.50269616000003,42.92430247600004],[132.5058699880001,42.91364166900007],[132.50342858200008,42.900091864000046],[132.50342858200008,42.88703034100007],[132.51050866000003,42.87140534100007],[132.51783287900003,42.86595286700003],[132.54444420700008,42.85968659100007],[132.56470787900003,42.84625885600008],[132.57789147200003,42.84039948100008],[132.58912194100003,42.84235260600008],[132.6001082690001,42.851629950000074],[132.60816491000003,42.85683828300006],[132.61890709700003,42.85919830900008],[132.6372176440001,42.85968659100007],[132.68319746200007,42.85569896000004],[132.6953231130001,42.85968659100007],[132.69117272200003,42.86273834800005],[132.68628991000003,42.868841864000046],[132.6816512380001,42.87335846600007],[132.70370527400007,42.87872955900008],[132.73975670700008,42.90717194200005],[132.76343834700003,42.90814850500004],[132.7744246750001,42.89590078300006],[132.77369225400003,42.875067450000074],[132.76636803500003,42.85179271000004],[132.75733483200008,42.83242422100005],[132.7754012380001,42.828111070000034],[132.79110761800007,42.82050202000005],[132.79843183700007,42.80841705900008],[132.7915145190001,42.79083893400008],[132.8051863940001,42.76581452000005],[132.81592858200008,42.75641510600008],[132.8330184250001,42.74982330900008],[132.85230553500003,42.74648672100005],[132.86500084700003,42.748114325000074],[132.875336134,42.755926825000074],[132.8877059250001,42.76349518400008],[132.90015709700003,42.79393138200004],[132.89795983200008,42.79828522300005],[132.88746178500003,42.80145905200004],[132.89039147200003,42.80849844000005],[132.90048261800007,42.81557851800005],[132.91163170700008,42.81875234600005],[132.963226759,42.82607656500005],[132.98975670700008,42.82697174700007],[133.01050866000003,42.81875234600005],[133.00660241000003,42.81549713700008],[132.99634850400003,42.80442942900004],[133.04322350400003,42.77960846600007],[133.0673934250001,42.76284414300005],[133.07886803500003,42.74982330900008],[133.0766707690001,42.73810455900008],[133.06617272200003,42.73737213700008],[133.05184980600006,42.74119700700004],[133.038422071,42.74298737200007],[133.02686608200008,42.73965078300006],[133.008636915,42.727850653000075],[132.99634850400003,42.72256094000005],[133.01343834700003,42.71035390800006],[133.0244246750001,42.69936758000006],[133.03768964900007,42.691392320000034],[133.06202233200008,42.68842194200005],[133.15772545700008,42.68842194200005],[133.1777449880001,42.693793036000045],[133.193695509,42.70677317900004],[133.22291100400003,42.73623281500005],[133.23739668100006,42.74396393400008],[133.29859459700003,42.76349518400008],[133.3183699880001,42.76581452000005],[133.3774520190001,42.76349518400008],[133.42017662900003,42.77142975500004],[133.4443465500001,42.77912018400008],[133.46802819100003,42.79319896000004],[133.48804772200003,42.79995351800005],[133.49781334700003,42.80442942900004],[133.50513756600003,42.811428127000056],[133.50766035200002,42.81696198100008],[133.51197350400003,42.82172272300005],[133.5244246750001,42.826239325000074],[133.54550214900007,42.81972890800006],[133.5517684250001,42.81875234600005],[133.5722762380001,42.826239325000074],[133.57919355600006,42.83075592700004],[133.5849715500001,42.835638739000046],[133.58944746200007,42.84247467700004],[133.59335371200007,42.852850653000075],[133.60499108200008,42.84625885600008],[133.614105665,42.84638092700004],[133.633636915,42.852850653000075],[133.642914259,42.85382721600007],[133.67164147200003,42.852850653000075],[133.6777449880001,42.848822333000044],[133.70630944100003,42.82245514500005],[133.7172957690001,42.81663646000004],[133.723968946,42.82518138200004],[133.72999108200008,42.84544505400004],[133.794281446,42.87669505400004],[133.81845136800007,42.88393789300005],[133.83961022200003,42.89760976800005],[133.85035241000003,42.90070221600007],[133.86451256600003,42.90119049700007],[133.87134850400003,42.899318752000056],[133.89625084700003,42.88491445500006],[133.9106551440001,42.87982819200005],[133.9267684250001,42.88271719000005],[134.04957116000003,42.97329336100006],[134.06983483200008,42.98505280200004],[134.10849043100006,42.99567291900007],[134.12037194100003,43.008978583000044],[134.12964928500003,43.024603583000044],[134.14087975400003,43.03725820500006],[134.14795983200008,43.04018789300005],[134.165375196,43.04433828300006],[134.1718856130001,43.048041083000044],[134.17603600400003,43.05487702000005],[134.17831464900007,43.06659577000005],[134.18238366000003,43.071966864000046],[134.193695509,43.079779364000046],[134.207855665,43.08633047100005],[134.22388756600003,43.09080638200004],[134.2407332690001,43.09247467700004],[134.255218946,43.09552643400008],[134.30591881600003,43.11359284100007],[134.31454511800007,43.123480536000045],[134.32138105600006,43.127386786000045],[134.3379012380001,43.120428778000075],[134.34791100400003,43.12156810100004],[134.3574324880001,43.12555573100008],[134.375824415,43.13849518400008],[134.40943444100003,43.15216705900008],[134.43043053500003,43.157904364000046],[134.47730553500003,43.18183014500005],[134.53036543100006,43.220363674000055],[134.56006920700008,43.234808661000045],[134.58716881600003,43.22898997600004],[134.59725996200007,43.236029364000046],[134.61312910200002,43.25112539300005],[134.62118574300007,43.25698476800005],[134.633636915,43.26154205900008],[134.65601647200003,43.267238674000055],[134.66529381600003,43.274318752000056],[134.6801863940001,43.288763739000046],[134.70289147200003,43.30418528900009],[134.72803795700008,43.312567450000074],[134.7509871750001,43.30536530200004],[134.77027428500003,43.31525299700007],[134.83570397200003,43.37970612200007],[134.8735457690001,43.40497467700004],[134.8955184250001,43.415228583000044],[134.938324415,43.426988023000035],[134.956390821,43.43634674700007],[134.9638778000001,43.452460028000075],[134.97470136800007,43.45954010600008],[135.05616295700008,43.48810455900008],[135.11532636800007,43.50067780200004],[135.12842858200008,43.50055573100008],[135.13062584700003,43.50372955900008],[135.1352645190001,43.50560130400004],[135.13990319100003,43.50836823100008],[135.14210045700008,43.51422760600008],[135.14087975400003,43.52016836100006],[135.1386824880001,43.523098049000055],[135.13624108200008,43.52496979400007],[135.1352645190001,43.52789948100008],[135.13795006600003,43.539496161000045],[135.144867384,43.546128648000035],[135.15390058700007,43.55125560100004],[135.162445509,43.558579820000034],[135.16724694100003,43.56655508000006],[135.17212975400003,43.58356354400007],[135.176117384,43.59332916900007],[135.19654381600003,43.62409088700008],[135.20077558700007,43.627834377000056],[135.21021569100003,43.63043854400007],[135.219574415,43.63495514500005],[135.22388756600003,43.644598700000074],[135.22486412900003,43.66836172100005],[135.22681725400003,43.68219635600008],[135.23072350400003,43.68211497600004],[135.22095787900003,43.693019924000055],[135.20883222700002,43.69546133000006],[135.19605553500003,43.696478583000044],[135.1836043630001,43.703192450000074],[135.18222089900007,43.710638739000046],[135.21021569100003,43.71369049700007],[135.21762129,43.719956773000035],[135.22323652400007,43.73261139500005],[135.23560631600003,43.734076239000046],[135.249359571,43.72943756700005],[135.25806725400003,43.72370026200008],[135.25806725400003,43.71625397300005],[135.2563582690001,43.70453522300005],[135.2597762380001,43.69375234600005],[135.2754012380001,43.68895091400009],[135.28541100400003,43.69188060100004],[135.30917402400007,43.70677317900004],[135.3164168630001,43.71283600500004],[135.3232528000001,43.71653880400004],[135.33114668100006,43.716457424000055],[135.33961022200003,43.71539948100008],[135.35499108200008,43.71946849200003],[135.35922285200002,43.722316799000055],[135.36793053500003,43.72992584800005],[135.37509199300007,43.738348700000074],[135.3813582690001,43.74746328300006],[135.39014733200008,43.75482819200005],[135.41773522200003,43.758978583000044],[135.4257918630001,43.76316966400009],[135.42953535200002,43.77130768400008],[135.42929121200007,43.77830638200004],[135.47250410200002,43.81810130400004],[135.47437584700003,43.825506903000075],[135.48788496200007,43.83270905200004],[135.51880944100003,43.88076406500005],[135.51880944100003,43.88751862200007],[135.49000084700003,43.87864817900004],[135.480804884,43.87799713700008],[135.48462975400003,43.88751862200007],[135.48462975400003,43.89443594000005],[135.47934004,43.89398834800005],[135.46363366000003,43.89443594000005],[135.4726668630001,43.91111888200004],[135.46640058700007,43.925482489000046],[135.45875084700003,43.93817780200004],[135.46363366000003,43.949652411000045],[135.47828209700003,43.95197174700007],[135.4931746750001,43.94391510600008],[135.50538170700008,43.931708075000074],[135.51197350400003,43.92169830900008],[135.51880944100003,43.95648834800005],[135.52515709700003,43.95783112200007],[135.52987714900007,43.95978424700007],[135.53296959700003,43.96263255400004],[135.5341903000001,43.96784088700008],[135.53296959700003,43.987209377000056],[135.54127037900003,44.003973700000074],[135.560883009,44.01439036700003],[135.60132897200003,44.025376695000034],[135.6240340500001,44.03847890800006],[135.62842858200008,44.05219147300005],[135.62850996200007,44.06854889500005],[135.63851972700002,44.08930084800005],[135.65308678500003,44.10602448100008],[135.65967858200008,44.116441148000035],[135.65927168100006,44.12400950700004],[135.65211022200003,44.134100653000075],[135.6494246750001,44.145697333000044],[135.6508895190001,44.15761953300006],[135.65585371200007,44.16868724200003],[135.6699324880001,44.17959219000005],[135.6884871750001,44.187160549000055],[135.70484459700003,44.19839101800005],[135.711761915,44.22028229400007],[135.72095787900003,44.23655833500004],[135.74227949300007,44.24494049700007],[135.766937696,44.250433661000045],[135.78622480600006,44.25812409100007],[135.81942793100006,44.29059479400007],[135.83456464900007,44.31122467700004],[135.8408309250001,44.32949453300006],[135.83570397200003,44.35171133000006],[135.8379012380001,44.36269765800006],[135.86215254,44.37189362200007],[135.8720809250001,44.38226959800005],[135.8808699880001,44.393744208000044],[135.8886824880001,44.40151601800005],[135.9082137380001,44.40961334800005],[135.95093834700003,44.42011139500005],[135.9848738940001,44.435614325000074],[135.98934980600006,44.44057851800005],[135.9931746750001,44.45197174700007],[135.9985457690001,44.45612213700008],[136.00904381600003,44.45693594000005],[136.03402754,44.450832424000055],[136.04639733200008,44.44989655200004],[136.12256920700008,44.47553131700005],[136.16529381600003,44.496527411000045],[136.1840926440001,44.51508209800005],[136.1860457690001,44.521144924000055],[136.19516035200002,44.53896719000005],[136.200531446,44.560532945000034],[136.20883222700002,44.56419505400004],[136.21900475400003,44.56537506700005],[136.22811933700007,44.56972890800006],[136.23316491000003,44.58608633000006],[136.22730553500003,44.63104889500005],[136.2353621750001,44.651678778000075],[136.2607528000001,44.683579820000034],[136.27450605600006,44.69293854400007],[136.30543053500003,44.69782135600008],[136.317718946,44.70180898600006],[136.32886803500003,44.70734284100007],[136.33375084700003,44.71369049700007],[136.32984459700003,44.71865469000005],[136.321136915,44.72500234600005],[136.31202233200008,44.73322174700007],[136.306976759,44.74408600500004],[136.31763756600003,44.74599844000005],[136.32699629,44.74884674700007],[136.3349715500001,44.75275299700007],[136.34107506600003,44.75775788000004],[136.34693444100003,44.76850006700005],[136.349945509,44.77985260600008],[136.35458418100006,44.78880442900004],[136.36475670700008,44.79254791900007],[136.3886824880001,44.786810614000046],[136.40845787900003,44.776678778000075],[136.426117384,44.772650458000044],[136.44361412900003,44.78510163000004],[136.4472762380001,44.818060614000046],[136.45028730600006,44.82664622600004],[136.4580184250001,44.83226146000004],[136.46762129,44.83661530200004],[136.47803795700008,44.83930084800005],[136.4882918630001,44.840277411000045],[136.49830162900003,44.845770575000074],[136.5102645190001,44.86969635600008],[136.51587975400003,44.875067450000074],[136.55347741000003,44.894964911000045],[136.5566512380001,44.902044989000046],[136.55811608200008,44.91844310100004],[136.56031334700003,44.92910390800006],[136.55811608200008,44.92812734600005],[136.5551863940001,44.93195221600007],[136.553070509,44.93789297100005],[136.55347741000003,44.943345445000034],[136.55819746200007,44.94830963700008],[136.564789259,44.949652411000045],[136.571625196,44.95026276200008],[136.57764733200008,44.95294830900008],[136.65650475400003,45.03339264500005],[136.66334069100003,45.03896719000005],[136.66944420700008,45.040228583000044],[136.68433678500003,45.03790924700007],[136.69052168100006,45.03896719000005],[136.6914168630001,45.04116445500006],[136.69800866000003,45.05255768400008],[136.70093834700003,45.056341864000046],[136.71851647200003,45.06736888200004],[136.7607528000001,45.087876695000034],[136.78003991000003,45.107855536000045],[136.78858483200008,45.128119208000044],[136.80030358200008,45.17527903900009],[136.81080162900003,45.19318268400008],[136.825531446,45.20408763200004],[136.92636152400007,45.25438060100004],[137.08277428500003,45.35521067900004],[137.10328209700003,45.36375560100004],[137.12574303500003,45.36733633000006],[137.1445418630001,45.374660549000055],[137.21949303500003,45.461004950000074],[137.236664259,45.47260163000004],[137.2563582690001,45.47711823100008],[137.26620527400007,45.48590729400007],[137.3359481130001,45.57062409100007],[137.39673912900003,45.623928127000056],[137.49496504,45.678900458000044],[137.5244246750001,45.68935781500005],[137.6386824880001,45.77903880400004],[137.67147871200007,45.794623114000046],[137.68580162900003,45.815334377000056],[137.70468183700007,45.85447825700004],[137.7529403000001,45.896551825000074],[137.7666121750001,45.92951080900008],[137.782074415,45.94599030200004],[137.86825605600006,46.00849030200004],[137.88436933700007,46.03424713700008],[137.924164259,46.060980536000045],[137.93824303500003,46.07363515800006],[137.94117272200003,46.08250560100004],[137.94117272200003,46.10028717700004],[137.94442793100006,46.10781484600005],[137.95289147200003,46.11440664300005],[137.96558678500003,46.12103913000004],[137.978851759,46.126166083000044],[137.98902428500003,46.128241278000075],[138.00961347700002,46.13646067900004],[138.03402754,46.155951239000046],[138.10035241000003,46.22797272300005],[138.10718834700003,46.24485911700003],[138.11304772200003,46.289496161000045],[138.20240319100003,46.454331773000035],[138.2324324880001,46.48456452000005],[138.312836134,46.523138739000046],[138.344574415,46.54873281500005],[138.3564559250001,46.59438711100006],[138.34913170700008,46.637152411000045],[138.34913170700008,46.66425202000005],[138.35962975400003,46.67633698100008],[138.36630293100006,46.68781159100007],[138.3969832690001,46.75885651200008],[138.40975996200007,46.780951239000046],[138.4843856130001,46.85797760600008],[138.49000084700003,46.86188385600008],[138.50155683700007,46.86615631700005],[138.50350996200007,46.876206773000035],[138.5000106130001,46.89545319200005],[138.51327558700007,46.94082265800006],[138.53475996200007,46.98663971600007],[138.56275475400003,47.02993398600006],[138.59481855600006,47.06732819200005],[138.61670983200008,47.08380768400008],[138.660980665,47.104803778000075],[138.89071699300007,47.30516185100004],[138.89730879,47.30906810100004],[138.905609571,47.31207916900007],[138.91757246200007,47.31439850500004],[138.9589949880001,47.31342194200005],[138.96949303500003,47.31753164300005],[138.97486412900003,47.32367584800005],[138.9804793630001,47.332464911000045],[138.984711134,47.342230536000045],[138.98658287900003,47.351629950000074],[138.99048912900003,47.36322663000004],[138.99984785200002,47.37128327000005],[139.02059980600006,47.383246161000045],[139.0263778000001,47.38943105700008],[139.03736412900003,47.40106842700004],[139.0454207690001,47.41742584800005],[139.048187696,47.434475002000056],[139.04859459700003,47.454331773000035],[139.05331464900007,47.47870514500005],[139.06519616000003,47.49632396000004],[139.08065839900007,47.51276276200008],[139.09644616000003,47.53351471600007],[139.1162215500001,47.567613023000035],[139.13974043100006,47.59349192900004],[139.1435653000001,47.59870026200008],[139.1508895190001,47.62177155200004],[139.168304884,47.63613515800006],[139.18897545700008,47.648098049000055],[139.20565839900007,47.66380442900004],[139.20956464900007,47.67401764500005],[139.2099715500001,47.69354889500005],[139.2119246750001,47.70416901200008],[139.21802819100003,47.71474844000005],[139.23609459700003,47.738714911000045],[139.24634850400003,47.76715729400007],[139.2617293630001,47.78790924700007],[139.39047285200002,47.90424225500004],[139.4248153000001,47.923895575000074],[139.49569746200007,47.954413153000075],[139.50733483200008,47.96149323100008],[139.51669355600006,47.971991278000075],[139.56112714900007,48.00926341400009],[139.65186608200008,48.06875234600005],[139.6840926440001,48.09552643400008],[139.71200605600006,48.12995026200008],[139.72665449300007,48.15534088700008],[139.73389733200008,48.16347890800006],[139.76734459700003,48.18768952000005],[139.77759850400003,48.19135163000004],[139.95126386800007,48.30487702000005],[139.99325605600006,48.32172272300005],[140.0263778000001,48.325425523000035],[140.03492272200003,48.32794830900008],[140.0434676440001,48.33624909100007],[140.05250084700003,48.35700104400007],[140.05868574300007,48.36587148600006],[140.0629988940001,48.374335028000075],[140.07211347700002,48.39862702000005],[140.07935631600003,48.40371328300006],[140.08863366000003,48.407456773000035],[140.12362714900007,48.43158600500004],[140.1650496750001,48.44940827000005],[140.17701256600003,48.461818752000056],[140.18580162900003,48.48627350500004],[140.1904403000001,48.50726959800005],[140.19263756600003,48.53034088700008],[140.18954511800007,48.53803131700005],[140.17587324300007,48.55687083500004],[140.17196699300007,48.56818268400008],[140.19345136800007,48.58112213700008],[140.1953231130001,48.603949286000045],[140.18580162900003,48.650091864000046],[140.19442793100006,48.70978424700007],[140.20191491000003,48.739488023000035],[140.21298261800007,48.76740143400008],[140.22144616000003,48.780585028000075],[140.23975670700008,48.80170319200005],[140.2465926440001,48.81460195500006],[140.24887129,48.82672760600008],[140.24960371200007,48.83698151200008],[140.2539168630001,48.84804922100005],[140.266937696,48.86237213700008],[140.3247176440001,48.891506252000056],[140.35230553500003,48.910223700000074],[140.3564559250001,48.931301174000055],[140.37867272200003,48.95872630400004],[140.39795983200008,48.99274323100008],[140.38795006600003,48.99176666900007],[140.38062584700003,48.99371979400007],[140.37061608200008,49.00018952000005],[140.36988366000003,49.002834377000056],[140.36874433700007,49.013373114000046],[140.36695397200003,49.017279364000046],[140.35914147200003,49.02130768400008],[140.3525496750001,49.019598700000074],[140.3462020190001,49.01585521000004],[140.32138105600006,49.00873444200005],[140.30526777400007,48.99628327000005],[140.29664147200003,48.98041413000004],[140.301117384,48.96539948100008],[140.29127037900003,48.96478913000004],[140.2812606130001,48.96539948100008],[140.28345787900003,48.976263739000046],[140.27808678500003,48.97752513200004],[140.26840254,48.97443268400008],[140.25709069100003,48.97223541900007],[140.248383009,48.97630442900004],[140.2539168630001,48.98541901200008],[140.26514733200008,48.99494049700007],[140.2744246750001,49.00018952000005],[140.26449629,49.01227448100008],[140.250824415,49.01089101800005],[140.235199415,49.007513739000046],[140.2192488940001,49.01386139500005],[140.2421981130001,49.021470445000034],[140.29175866000003,49.02802155200004],[140.33716881600003,49.03978099200003],[140.34359785200002,49.04706452000005],[140.3427840500001,49.06167226800005],[140.33602949300007,49.067694403000075],[140.2949324880001,49.082098700000074],[140.2949324880001,49.088324286000045],[140.32968183700007,49.08808014500005],[140.34498131600003,49.09007396000004],[140.3564559250001,49.095770575000074],[140.3598738940001,49.11701080900008],[140.36532636800007,49.13239166900007],[140.37680097700002,49.14354075700004],[140.36207116000003,49.15802643400008],[140.35922285200002,49.17365143400008],[140.3652449880001,49.18976471600007],[140.37680097700002,49.20563385600008],[140.3740340500001,49.20766836100006],[140.3730574880001,49.207912502000056],[140.37256920700008,49.20872630400004],[140.37061608200008,49.21246979400007],[140.36532636800007,49.20807526200008],[140.35531660200002,49.20258209800005],[140.35018964900007,49.19818756700005],[140.34498131600003,49.20770905200004],[140.3437606130001,49.218410549000055],[140.3457137380001,49.22919342700004],[140.35018964900007,49.239162502000056],[140.37753339900007,49.257025458000044],[140.38062584700003,49.26023997600004],[140.38941491000003,49.265285549000055],[140.39022871200007,49.275051174000055],[140.38453209700003,49.28156159100007],[140.36402428500003,49.273098049000055],[140.35035241000003,49.273098049000055],[140.3388778000001,49.27773672100005],[140.3359481130001,49.287543036000045],[140.35108483200008,49.29507070500006],[140.4355574880001,49.29437897300005],[140.43287194100003,49.30613841400009],[140.44402103000004,49.36497630400004]]},"properties":{}},{"type":"Feature","geometry":{"type":"LineString","coordinates":[[110.59587649800005,20.958726304000038],[110.60271243600005,20.964911200000074],[110.58961022200003,20.959377346000053],[110.57488040500004,20.94745514500005],[110.54753665500004,20.917710679000038],[110.56348717500003,20.903469143000052],[110.57569420700003,20.888820705000057],[110.58920332100007,20.88349030200004],[110.60954837300005,20.897284247000073],[110.62452233200003,20.915187893000052],[110.63038170700003,20.92576732000009],[110.63249759200005,20.936672268000052],[110.62794030000003,20.94863515800006],[110.61793053500003,20.952378648000035],[110.60613040500004,20.95384349200009],[110.59587649800005,20.958726304000038]]},"properties":{}},{"type":"Feature","geometry":{"type":"LineString","coordinates":[[110.54753665500004,21.037258205000057],[110.54558353000004,21.05735911700009],[110.53882897200003,21.073065497000073],[110.52637780000003,21.082098700000074],[110.50709069100003,21.08222077000005],[110.49293053500003,21.075995184000078],[110.48406009200005,21.06785716400009],[110.47282962300005,21.061672268000052],[110.45191491000003,21.061102606000077],[110.45875084700003,21.061102606000077],[110.44410241000003,21.05996328300006],[110.43213951900003,21.05727773600006],[110.42318769600007,21.05141836100006],[110.41773522200003,21.04059479400007],[110.40821373800003,21.04824453300006],[110.40040123800003,21.06391022300005],[110.38982181100005,21.09589264500005],[110.37134850400003,21.080959377000056],[110.34262129000007,21.074652411000045],[110.28736412900003,21.07444896000004],[110.29542076900003,21.063055731000077],[110.30795332100007,21.06085846600007],[110.32211347700007,21.06403229400007],[110.33521569100003,21.06858958500004],[110.32691491000003,21.057440497000073],[110.30990644600007,21.05292389500005],[110.29021243600005,21.05426666900007],[110.27312259200005,21.061102606000077],[110.26954186300003,21.051581122000073],[110.27068118600005,21.044867255000042],[110.27637780000003,21.041164455000057],[110.28736412900003,21.04059479400007],[110.28736412900003,21.03384023600006],[110.27507571700005,21.034328518000052],[110.26482181100005,21.03310781500005],[110.24586022200003,21.02757396000004],[110.25928795700003,21.01699453300006],[110.26539147200003,21.004339911000045],[110.26189212300005,20.992987372000073],[110.24586022200003,20.986029364000046],[110.26661217500003,20.97264232000009],[110.29867597700007,20.98065827000005],[110.33366946700005,20.99628327000005],[110.36304772200003,21.00584544500009],[110.44141686300003,21.00584544500009],[110.45769290500004,21.001206773000035],[110.47689863400007,20.99042389500005],[110.49301191500007,20.97797272300005],[110.49968509200005,20.96865469000005],[110.50017337300005,20.957505601000037],[110.50269616000003,20.94749583500004],[110.50798587300005,20.940375067000048],[110.51693769600007,20.937648830000057],[110.52605228000004,20.94159577000005],[110.52564537900003,20.95107656500005],[110.52222741000003,20.962591864000046],[110.52076256600003,20.972357489000046],[110.52686608200003,20.989203192000048],[110.54379316500007,21.022772528000075],[110.54753665500004,21.037258205000057]]},"properties":{}},{"type":"Feature","geometry":{"type":"LineString","coordinates":[[110.61695397200003,21.191473700000074],[110.61695397200003,21.198919989000046],[110.59400475400003,21.202785549000055],[110.57732181100005,21.19098541900007],[110.55494225400003,21.156724351000037],[110.54753665500004,21.156724351000037],[110.55005944100003,21.168443101000037],[110.55543053500003,21.17682526200008],[110.56861412900003,21.191473700000074],[110.56617272200003,21.19334544500009],[110.54965254000007,21.202460028000075],[110.54322350400003,21.20416901200008],[110.53785241000003,21.20449453300006],[110.53223717500003,21.20331452000005],[110.52637780000003,21.200832424000055],[110.50416100400003,21.18768952000005],[110.49293053500003,21.18390534100007],[110.47917728000004,21.18463776200008],[110.46338951900003,21.190741278000075],[110.47095787900003,21.19367096600007],[110.49626712300005,21.19521719000005],[110.49984785200007,21.206284898000035],[110.48780358200003,21.208644924000055],[110.46216881600003,21.205145575000074],[110.45264733200003,21.20148346600007],[110.44483483200003,21.193793036000045],[110.43433678500003,21.18659088700008],[110.41773522200003,21.18463776200008],[110.41773522200003,21.17845286700009],[110.42611738400007,21.17910390800006],[110.44336998800003,21.177883205000057],[110.45191491000003,21.17845286700009],[110.44532311300003,21.165676174000055],[110.44947350400003,21.15623607000009],[110.46143639400003,21.15106842700004],[110.47917728000004,21.150458075000074],[110.47291100400003,21.164129950000074],[110.47917728000004,21.164129950000074],[110.48357181100005,21.15582916900007],[110.48902428500003,21.150091864000046],[110.49659264400003,21.146307684000078],[110.50709069100003,21.143703518000052],[110.50586998800003,21.12685781500005],[110.52068118600005,21.111802476000037],[110.54322350400003,21.10496653900009],[110.56519616000003,21.112616278000075],[110.57691491000003,21.130926825000074],[110.59945722700007,21.178290106000077],[110.61695397200003,21.191473700000074]]},"properties":{}},{"type":"Feature","geometry":{"type":"LineString","coordinates":[[121.56348717500009,22.044623114000046],[121.56006920700008,22.053534247000073],[121.56137129000001,22.063666083000044],[121.56462649800005,22.07217031500005],[121.56657962300005,22.075995184000078],[121.56657962300005,22.082180080000057],[121.49203535200002,22.082180080000057],[121.49878991000003,22.074774481000077],[121.50261478000004,22.066555080000057],[121.50277754000001,22.057562567000048],[121.49830162900003,22.048041083000044],[121.51319420700008,22.03506094000005],[121.53891035200002,22.01821523600006],[121.56690514400009,22.007757880000042],[121.58765709700003,22.01386139500005],[121.58887780000009,22.023504950000074],[121.58106530000009,22.03221263200004],[121.56348717500009,22.044623114000046]]},"properties":{}},{"type":"Feature","geometry":{"type":"LineString","coordinates":[[118.39421634200005,24.522691148000035],[118.385392712,24.503817045000062],[118.381414146,24.473511031000044],[118.35480862500003,24.470561718000056],[118.3166568150001,24.49334875900007],[118.28785241000003,24.48045482000009],[118.28207441500001,24.477362372000073],[118.28296959700003,24.470038153000075],[118.28956139400009,24.455633856000077],[118.29232832100001,24.440619208000044],[118.29273522200003,24.432074286000045],[118.29200280000009,24.424994208000044],[118.28939863400001,24.42059967700004],[118.28109785200002,24.411037502000056],[118.27955162900003,24.40843333500004],[118.28394616000003,24.401271877000056],[118.29297936300009,24.397650458000044],[118.30323326900009,24.397040106000077],[118.31821764600011,24.390544350000084],[118.33099387900006,24.39648245400008],[118.34576026800005,24.417579187000058],[118.3728561050001,24.433201267000072],[118.40362421200007,24.436009837000086],[118.422900529,24.430303610000067],[118.44878503900009,24.415513445000045],[118.463355546,24.431523084000048],[118.46735474900004,24.461827610000057],[118.44958993900002,24.505527833000087],[118.422596613,24.52796832200005],[118.39421634200005,24.522691148000035]]},"properties":{}},{"type":"Feature","geometry":{"type":"LineString","coordinates":[[118.09253991000003,24.55621979400007],[118.08936608200008,24.538397528000075],[118.07520592500009,24.512152411000045],[118.07203209700003,24.497870184000078],[118.07471764400009,24.48395416900007],[118.08228600400003,24.48232656500005],[118.10621178500003,24.49412669500009],[118.10303795700008,24.47988515800006],[118.09343509200005,24.474676825000074],[118.08155358200008,24.472601630000042],[118.07203209700003,24.46747467700004],[118.06999759200005,24.460272528000075],[118.07341556100005,24.45270416900007],[118.08106530000009,24.44521719000005],[118.09205162900003,24.43846263200004],[118.11402428500003,24.430609442000048],[118.13648522200003,24.42926666900007],[118.15381920700008,24.43707916900007],[118.16081790500004,24.45693594000005],[118.16391035200002,24.471909898000035],[118.17164147200003,24.478461005000042],[118.18083743600005,24.48346588700008],[118.18873131600003,24.49412669500009],[118.18930097700002,24.503078518000052],[118.18230228000004,24.522650458000044],[118.18140709700003,24.535101630000042],[118.16309655000009,24.53196849200009],[118.13786868600005,24.53652578300006],[118.11207116000003,24.54559967700004],[118.09253991000003,24.55621979400007]]},"properties":{}},{"type":"Feature","geometry":{"type":"LineString","coordinates":[[119.84652754000001,25.536322333000044],[119.86247806100005,25.54629140800006],[119.87452233200008,25.556789455000057],[119.85515384200005,25.56513092700004],[119.83008873800009,25.572007554000038],[119.81690514400009,25.579820054000038],[119.83285566500001,25.59088776200008],[119.82292728000004,25.601385809000078],[119.81348717500009,25.60883209800005],[119.80372155000009,25.61074453300006],[119.79200280000009,25.60455963700008],[119.78028405000009,25.61741771000004],[119.77588951900009,25.63572825700004],[119.77702884200005,25.652085679000038],[119.78174889400009,25.65916575700004],[119.76351972700002,25.659491278000075],[119.75049889400009,25.65298086100006],[119.74545332100001,25.64907461100006],[119.73047936300009,25.646144924000055],[119.71363366000003,25.630601304000038],[119.69874108200008,25.612616278000075],[119.69271894600001,25.594224351000037],[119.70264733200008,25.577297268000052],[119.70923912900003,25.585598049000055],[119.71876061300009,25.59125397300005],[119.72706139400009,25.59088776200008],[119.73047936300009,25.581000067000048],[119.71762129000001,25.54490794500009],[119.71615644600001,25.536322333000044],[119.72632897200003,25.525132554000038],[119.75879967500009,25.53074778900009],[119.77833092500009,25.522040106000077],[119.76636803500003,25.506252346000053],[119.74854576900009,25.50259023600006],[119.69605553500003,25.50934479400007],[119.68620853000004,25.50771719000005],[119.67774498800009,25.501206773000035],[119.66846764400009,25.48786041900007],[119.67847741000003,25.48232656500005],[119.68921959700003,25.48045482000009],[119.69988040500004,25.48232656500005],[119.70997155000009,25.48786041900007],[119.71159915500004,25.48623281500005],[119.71225019600001,25.480210679000038],[119.71225019600001,25.473578192000048],[119.71176191500001,25.469549872000073],[119.70899498800009,25.465643622000073],[119.70101972700002,25.45994700700004],[119.69776451900009,25.45661041900007],[119.69304446700005,25.437648830000057],[119.70386803500003,25.423570054000038],[119.72217858200008,25.413804429000038],[119.73991946700005,25.40778229400007],[119.75733483200008,25.40493398600006],[119.76002037900003,25.410630601000037],[119.75733483200008,25.42133209800005],[119.75782311300009,25.433254299000055],[119.77198326900009,25.45058828300006],[119.79460696700005,25.463039455000057],[119.82105553500003,25.46751536700009],[119.84652754000001,25.46116771000004],[119.83969160200002,25.47915273600006],[119.80640709700003,25.495835679000038],[119.79883873800009,25.51581452000005],[119.80469811300009,25.53261953300006],[119.81861412900003,25.545803127000056],[119.83448326900009,25.54913971600007],[119.84652754000001,25.536322333000044]]},"properties":{}},{"type":"Feature","geometry":{"type":"LineString","coordinates":[[121.95753014400009,29.119533596000053],[121.95541425900001,29.143500067000048],[121.95191491000003,29.152289130000042],[121.94320722700002,29.16111888200004],[121.92660566500001,29.16673411700009],[121.90333092500009,29.166571356000077],[121.88135826900009,29.160305080000057],[121.86817467500009,29.147406317000048],[121.87159264400009,29.126613674000055],[121.88843834700003,29.110296942000048],[121.90015709700003,29.09373607000009],[121.88868248800009,29.072333075000074],[121.91228274800005,29.07135651200008],[121.92514082100001,29.063055731000077],[121.93531334700003,29.062892971000053],[121.95834394600001,29.10187409100007],[121.95883222700002,29.10805898600006],[121.95753014400009,29.119533596000053]]},"properties":{}},{"type":"Feature","geometry":{"type":"LineString","coordinates":[[122.14323978000004,29.73338450700004],[122.14031009200005,29.73460521000004],[122.12647545700008,29.745062567000048],[122.12208092500009,29.750799872000073],[122.12094160200002,29.75779857000009],[122.12378991000003,29.77090078300006],[122.12208092500009,29.77871328300006],[122.11475670700008,29.78851959800005],[122.10743248800009,29.789618231000077],[122.09799238400001,29.786851304000038],[122.08448326900009,29.784898179000038],[122.06820722700002,29.77952708500004],[122.05665123800009,29.76780833500004],[122.04859459700003,29.75608958500004],[122.04322350400003,29.750799872000073],[122.03931725400003,29.74754466400009],[122.03532962300005,29.739976304000038],[122.03288821700005,29.730943101000037],[122.03337649800005,29.723456122000073],[122.03646894600001,29.71747467700004],[122.04004967500009,29.71637604400007],[122.04509524800005,29.71698639500005],[122.05307050900001,29.716009833000044],[122.05681399800005,29.71979401200008],[122.07390384200005,29.724432684000078],[122.09278405000009,29.725775458000044],[122.10157311300009,29.71971263200004],[122.10368899800005,29.71051666900007],[122.10873457100001,29.704006252000056],[122.11524498800009,29.698391018000052],[122.12110436300009,29.69171784100007],[122.12305748800009,29.686468817000048],[122.12501061300009,29.67324453300006],[122.12745201900009,29.66901276200008],[122.13257897200003,29.668890692000048],[122.13892662900003,29.67259349200009],[122.14942467500009,29.68183014500005],[122.14942467500009,29.668850002000056],[122.16521243600005,29.673163153000075],[122.16976972700002,29.675034898000035],[122.16293379000001,29.65452708500004],[122.18685957100001,29.67340729400007],[122.17701256600003,29.69684479400007],[122.14323978000004,29.73338450700004]]},"properties":{}},{"type":"Feature","geometry":{"type":"LineString","coordinates":[[122.39519290500004,29.883612372000073],[122.40805097700002,29.89984772300005],[122.40967858200008,29.91120026200008],[122.39519290500004,29.92206452000005],[122.40316816500001,29.926255601000037],[122.40748131600003,29.930609442000048],[122.40902754000001,29.936672268000052],[122.40943444100003,29.945705471000053],[122.40674889400009,29.95270416900007],[122.40064537900003,29.952948309000078],[122.38892662900003,29.94879791900007],[122.35914147200003,29.94627513200004],[122.34644616000003,29.94940827000005],[122.34180748800009,29.963039455000057],[122.33545983200008,29.961330471000053],[122.33008873800009,29.958238023000035],[122.32545006600003,29.953924872000073],[122.32203209700003,29.948431708000044],[122.32056725400003,29.937241929000038],[122.32520592500009,29.927883205000057],[122.33350670700008,29.92059967700004],[122.35385175900001,29.910589911000045],[122.36207116000003,29.90448639500005],[122.36736087300005,29.89590078300006],[122.36915123800009,29.883612372000073],[122.36548912900003,29.876288153000075],[122.35922285200002,29.86977773600006],[122.35710696700005,29.861721096000053],[122.36540774800005,29.849758205000057],[122.37720787900003,29.83893463700008],[122.38477623800009,29.835191148000035],[122.39519290500004,29.833319403000075],[122.39551842500009,29.842678127000056],[122.39405358200008,29.84788646000004],[122.38591556100005,29.85687897300005],[122.38282311300009,29.86473216400009],[122.38672936300009,29.87067291900007],[122.39226321700005,29.87641022300005],[122.39519290500004,29.883612372000073]]},"properties":{}},{"type":"Feature","geometry":{"type":"LineString","coordinates":[[121.88184655000009,30.07636139500005],[121.87647545700008,30.08161041900007],[121.86475670700008,30.085923570000034],[121.85303795700008,30.087144273000035],[121.84766686300009,30.083156643000052],[121.83741295700008,30.055894273000035],[121.83472741000003,30.044989325000074],[121.83448326900009,30.03856028900009],[121.83594811300009,30.02570221600007],[121.83513431100005,30.01943594000005],[121.83220462300005,30.013657945000034],[121.82911217500009,30.009100653000075],[121.82740319100003,30.00421784100007],[121.82886803500003,29.99750397300005],[121.83619225400003,29.988674221000053],[121.84742272200003,29.982123114000046],[121.86011803500003,29.97809479400007],[121.87159264400009,29.976711330000057],[121.88965905000009,29.98395416900007],[121.90333092500009,30.001776434000078],[121.91049238400001,30.02411530200004],[121.90919030000009,30.044989325000074],[121.90211022200003,30.053534247000073],[121.89307701900009,30.05621979400007],[121.88526451900009,30.06118398600006],[121.88184655000009,30.07636139500005]]},"properties":{}},{"type":"Feature","geometry":{"type":"LineString","coordinates":[[122.32748457100001,30.02448151200008],[122.32252037900003,30.03192780200004],[122.30420983200008,30.04197825700004],[122.30014082100001,30.04873281500005],[122.29712975400003,30.062567450000074],[122.28956139400009,30.067328192000048],[122.26954186300009,30.066066799000055],[122.25611412900003,30.068182684000078],[122.24968509200005,30.073431708000044],[122.24537194100003,30.080145575000074],[122.23878014400009,30.08661530200004],[122.22934004000001,30.091620184000078],[122.20386803500003,30.099554755000042],[122.19369550900001,30.09979889500005],[122.18246504000001,30.098578192000048],[122.17359459700003,30.10224030200004],[122.16976972700002,30.117254950000074],[122.16480553500003,30.12051015800006],[122.14079837300005,30.12132396000004],[122.13233483200008,30.12376536700009],[122.11744225400003,30.135931708000044],[122.10328209700003,30.143703518000052],[122.08741295700008,30.14752838700008],[121.97461998800009,30.14801666900007],[121.96314537900003,30.142401434000078],[121.96550540500004,30.129706122000073],[121.97803795700008,30.107082424000055],[121.98080488400001,30.09007396000004],[121.98031660200002,30.08462148600006],[121.97730553500003,30.077337958000044],[121.97380618600005,30.07257721600007],[121.97185306100005,30.067694403000075],[121.97339928500003,30.05996328300006],[121.97681725400003,30.053656317000048],[121.99170983200008,30.03807200700004],[121.99545332100001,30.03656647300005],[122.00879967500009,30.03339264500005],[122.01221764400009,30.03192780200004],[122.01351972700002,30.025824286000045],[122.01124108200008,30.01508209800005],[122.01221764400009,30.011419989000046],[122.01172936300009,30.00844961100006],[122.00961347700002,30.004339911000045],[122.01050866000003,30.00031159100007],[122.01905358200008,29.997219143000052],[122.02572675900001,29.997259833000044],[122.03052819100003,29.999335028000075],[122.03467858200008,30.002020575000074],[122.04883873800009,30.00739166900007],[122.06527754000001,30.01593659100007],[122.07740319100003,30.017645575000074],[122.09896894600001,30.014471747000073],[122.14421634200005,30.000392971000053],[122.18474368600005,29.99445221600007],[122.22917728000004,29.978664455000057],[122.24561608200008,29.969875393000052],[122.27784264400009,29.939927476000037],[122.29363040500004,29.93378327000005],[122.30014082100001,29.952460028000075],[122.30103600400003,29.975897528000075],[122.30298912900003,29.986314195000034],[122.30697675900001,29.997219143000052],[122.31324303500003,30.00348541900007],[122.32097415500004,30.005926825000074],[122.32667076900009,30.01080963700008],[122.32748457100001,30.02448151200008]]},"properties":{}},{"type":"Feature","geometry":{"type":"LineString","coordinates":[[121.844075352,31.60794696800008],[121.72122670200008,31.63031279100005],[121.6632225950001,31.652351670000087],[121.64105310100001,31.66552035400008],[121.62570177100008,31.675756153000066],[121.60524304800003,31.691824392000058],[121.57109123000009,31.713752432000035],[121.5351758160001,31.728409827000064],[121.50096557900008,31.750328782000054],[121.47530402100006,31.770769919000088],[121.4238850380001,31.795639063000067],[121.3861331710001,31.811735768000062],[121.36208870500002,31.817608154000084],[121.322563521,31.82933065800006],[121.26406453300001,31.84107679400006],[121.21930074500006,31.829472772000088],[121.19516035200002,31.805243231000077],[121.181443091,31.79598035300006],[121.1762876040001,31.784322892000034],[121.18663053400007,31.77411598200007],[121.20557825800006,31.756618803000038],[121.22451110300005,31.737666620000084],[121.28589928500003,31.704046942000048],[121.30290774800005,31.67145416900007],[121.31446373800009,31.655585028000075],[121.34473717500009,31.64130280200004],[121.37552303300004,31.634133802000065],[121.40461395300008,31.61371463900008],[121.48462975400003,31.579901434000078],[121.51745636400005,31.56839191100005],[121.54134135200002,31.55378512900006],[121.57154381600003,31.529364325000074],[121.61468863000005,31.52158167500005],[121.68462982400001,31.506807045000073],[121.710167576,31.495077027000036],[121.73023522200003,31.484767971000053],[121.78335209000011,31.465686100000084],[121.81732579100003,31.446650375000047],[121.8513735040001,31.439178905000063],[121.9128896950001,31.45633220700006],[121.97785060400008,31.477771002000054],[121.98659839600009,31.503897262000066],[121.98008567500005,31.540295811000078],[121.91896634,31.578462856000044],[121.844075352,31.60794696800008]]},"properties":{}},{"type":"Feature","geometry":{"type":"LineString","coordinates":[[111.19654381600003,15.77537669500009],[111.19410241000003,15.77610911700009],[111.19288170700003,15.778225002000056],[111.19629967500003,15.785711981000077],[111.19939212300005,15.789211330000057],[111.20753014400003,15.78929271000004],[111.20850670700003,15.786281643000052],[111.20753014400003,15.782171942000048],[111.20460045700003,15.779242255000042],[111.19654381600003,15.77537669500009]]},"properties":{}},{"type":"Feature","geometry":{"type":"LineString","coordinates":[[111.76335696700005,16.043443101000037],[111.75310306100005,16.044663804000038],[111.75342858200003,16.047430731000077],[111.76140384200005,16.048651434000078],[111.76587975400003,16.045314846000053],[111.76335696700005,16.043443101000037]]},"properties":{}},{"type":"Feature","geometry":{"type":"LineString","coordinates":[[119.64795983200008,23.603461005000042],[119.64185631600003,23.59406159100007],[119.63331139400009,23.593491929000038],[119.62159264400009,23.594671942000048],[119.60629316500001,23.590399481000077],[119.60840905000009,23.594875393000052],[119.61312910200002,23.610296942000048],[119.59546959700003,23.604722398000035],[119.56723066500001,23.58852773600006],[119.55925540500004,23.590399481000077],[119.55241946700005,23.590399481000077],[119.55152428500003,23.57648346600007],[119.55241946700005,23.56248607000009],[119.55640709700003,23.564398505000042],[119.55713951900009,23.565008856000077],[119.55713951900009,23.566107489000046],[119.55925540500004,23.56932200700004],[119.56462649800005,23.561672268000052],[119.57056725400003,23.55605703300006],[119.57789147200003,23.551988023000035],[119.58716881600003,23.54881419500009],[119.57374108200008,23.538763739000046],[119.55738366000003,23.53461334800005],[119.54216556100005,23.537583726000037],[119.53199303500003,23.54881419500009],[119.52711022200003,23.539984442000048],[119.54558353000004,23.523098049000055],[119.56397545700008,23.51658763200004],[119.58236738400001,23.51894765800006],[119.60010826900009,23.52838776200008],[119.60271243600005,23.53261953300006],[119.60678144600001,23.546820380000042],[119.60971113400001,23.551947333000044],[119.61500084700003,23.554632880000042],[119.62566165500004,23.555812893000052],[119.64063561300009,23.56354401200008],[119.65137780000009,23.56159088700008],[119.66114342500009,23.55573151200008],[119.66846764400009,23.54881419500009],[119.67066491000003,23.55923086100006],[119.66578209700003,23.57330963700008],[119.64795983200008,23.603461005000042]]},"properties":{}},{"type":"Feature","geometry":{"type":"LineString","coordinates":[[119.47706139400009,23.603461005000042],[119.47681725400003,23.586818752000056],[119.47445722700002,23.579738674000055],[119.46615644600001,23.57680898600006],[119.45655358200008,23.57615794500009],[119.44947350400003,23.57412344000005],[119.44483483200008,23.56976959800005],[119.44239342500009,23.56248607000009],[119.45655358200008,23.56248607000009],[119.46119225400003,23.56598541900007],[119.46607506600003,23.568060614000046],[119.47193444100003,23.56903717700004],[119.48023522200003,23.56932200700004],[119.49170983200008,23.57103099200009],[119.49284915500004,23.57575104400007],[119.49024498800009,23.582464911000045],[119.49073326900009,23.590399481000077],[119.50123131600003,23.61981842700004],[119.50782311300009,23.63239166900007],[119.51734459700003,23.637600002000056],[119.50131269600001,23.65037669500009],[119.48943118600005,23.63963450700004],[119.47706139400009,23.603461005000042]]},"properties":{}},{"type":"Feature","geometry":{"type":"LineString","coordinates":[[119.57260175900001,23.62767161700009],[119.57683353000004,23.62250397300005],[119.58513431100005,23.624741929000038],[119.59066816500001,23.63279857000009],[119.58692467500009,23.645005601000037],[119.59620201900009,23.653265692000048],[119.59107506600003,23.66351959800005],[119.57886803500003,23.673081773000035],[119.56641686300009,23.67918528900009],[119.54525800900001,23.664943752000056],[119.56177819100003,23.64984772300005],[119.56934655000009,23.63971588700008],[119.57260175900001,23.62767161700009]]},"properties":{}},{"type":"Feature","geometry":{"type":"LineString","coordinates":[[109.10092207100007,21.021185614000046],[109.10523522200003,21.02448151200008],[109.11255944100003,21.027085679000038],[109.12769616000003,21.032171942000048],[109.13624108200003,21.05101146000004],[109.12273196700005,21.06541575700004],[109.09986412900003,21.060695705000057],[109.09050540500004,21.041937567000048],[109.09595787900003,21.022040106000077],[109.10092207100007,21.021185614000046]]},"properties":{}},{"type":"Feature","geometry":{"type":"LineString","coordinates":[[121.46070397200003,22.659002997000073],[121.47144616000003,22.641791083000044],[121.48145592500009,22.63808828300006],[121.48316491000003,22.63613515800006],[121.48658287900003,22.63540273600006],[121.49317467500009,22.63540273600006],[121.49610436300009,22.63467031500005],[121.49634850400003,22.638495184000078],[121.49496504000001,22.644191799000055],[121.49634850400003,22.650051174000055],[121.49976647200003,22.65566640800006],[121.50277754000001,22.66950104400007],[121.50001061300009,22.676255601000037],[121.49577884200005,22.678534247000073],[121.45753014400009,22.675930080000057],[121.45541425900001,22.67381419500009],[121.46070397200003,22.659002997000073]]},"properties":{}},{"type":"Feature","geometry":{"type":"LineString","coordinates":[[120.74838300900001,37.938706773000035],[120.73454837300005,37.94765859600005],[120.72706139400009,37.94765859600005],[120.72242272200003,37.91909414300005],[120.72632897200003,37.90884023600006],[120.73698978000004,37.90460846600007],[120.74659264400009,37.89789459800005],[120.75456790500004,37.89667389500005],[120.75879967500009,37.907538153000075],[120.75733483200008,37.92267487200007],[120.74838300900001,37.938706773000035]]},"properties":{}},{"type":"Feature","geometry":{"type":"LineString","coordinates":[[120.60678144600001,37.97988515800006],[120.60189863400001,37.96930573100008],[120.60938561300009,37.95502350500004],[120.61548912900003,37.94830963700008],[120.61841881600003,37.94700755400004],[120.62289472700002,37.94879791900007],[120.62566165500004,37.958685614000046],[120.62582441500001,37.97256094000005],[120.61898847700002,37.98114655200004],[120.60678144600001,37.97988515800006]]},"properties":{}},{"type":"Feature","geometry":{"type":"LineString","coordinates":[[120.72006269600001,37.98094310100004],[120.70411217500009,37.98965078300006],[120.69019616000003,37.99062734600005],[120.68824303500003,37.985256252000056],[120.69092858200008,37.98143138200004],[120.69499759200005,37.974676825000074],[120.70053144600001,37.96987539300005],[120.70915774800005,37.96576569200005],[120.72046959700003,37.96401601800005],[120.72730553500003,37.96942780200004],[120.72006269600001,37.98094310100004]]},"properties":{}},{"type":"Feature","geometry":{"type":"LineString","coordinates":[[120.76042728000004,38.17047760600008],[120.74268639400009,38.187567450000074],[120.73878014400009,38.17560455900008],[120.74659264400009,38.16185130400004],[120.75456790500004,38.158189195000034],[120.76124108200008,38.15802643400008],[120.77328535200002,38.15973541900007],[120.77271569100003,38.16543203300006],[120.76042728000004,38.17047760600008]]},"properties":{}},{"type":"Feature","geometry":{"type":"LineString","coordinates":[[120.80648847700002,38.28823476800005],[120.81332441500001,38.29376862200007],[120.82048587300005,38.29751211100006],[120.82439212300005,38.29832591400009],[120.82837975400003,38.298814195000034],[120.83619225400003,38.30426666900007],[120.83375084700003,38.312567450000074],[120.81983483200008,38.313666083000044],[120.80738366000003,38.30487702000005],[120.80274498800009,38.29840729400007],[120.79997806100005,38.29389069200005],[120.80005944100003,38.28750234600005],[120.80648847700002,38.28823476800005]]},"properties":{}},{"type":"Feature","geometry":{"type":"LineString","coordinates":[[120.91423587300005,38.384100653000075],[120.91724694100003,38.384426174000055],[120.92318769600001,38.383246161000045],[120.92457116000003,38.38686758000006],[120.91781660200002,38.39545319200005],[120.90691165500004,38.392564195000034],[120.90756269600001,38.38515859600005],[120.91423587300005,38.384100653000075]]},"properties":{}},{"type":"Feature","geometry":{"type":"LineString","coordinates":[[123.18067467500009,39.09194570500006],[123.17628014400009,39.08999258000006],[123.16814212300005,39.08392975500004],[123.14356530000009,39.08087799700007],[123.14332116000003,39.075832424000055],[123.15088951900009,39.073431708000044],[123.15919030000009,39.07168203300006],[123.16472415500004,39.066392320000034],[123.16488691500001,39.06049225500004],[123.15308678500003,39.06232330900008],[123.14812259200005,39.056341864000046],[123.14519290500004,39.04328034100007],[123.14991295700008,39.03656647300005],[123.16065514400009,39.02924225500004],[123.17253665500004,39.03367747600004],[123.18523196700005,39.042303778000075],[123.19556725400003,39.052069403000075],[123.19581139400009,39.065334377000056],[123.18482506600003,39.08612702000005],[123.18067467500009,39.09194570500006]]},"properties":{}},{"type":"Feature","geometry":{"type":"LineString","coordinates":[[111.60010826900003,16.527289130000042],[111.59986412900003,16.527492580000057],[111.60084069100003,16.53196849200009],[111.60287519600007,16.533351955000057],[111.60572350400003,16.53351471600007],[111.60816491000003,16.531805731000077],[111.60962975400003,16.528265692000048],[111.60889733200003,16.52724844000005],[111.60629316500007,16.524237372000073],[111.60279381600003,16.524644273000092],[111.60010826900003,16.527289130000042]]},"properties":{}},{"type":"Feature","geometry":{"type":"LineString","coordinates":[[112.73503665500004,16.657945054000038],[112.73015384200005,16.660223700000074],[112.72527103000004,16.66620514500005],[112.72624759200005,16.66901276200008],[112.72877037900003,16.669256903000075],[112.73340905000009,16.666083075000074],[112.73682701900009,16.660223700000074],[112.73503665500004,16.657945054000038]]},"properties":{}},{"type":"Feature","geometry":{"type":"LineString","coordinates":[[112.33318118600005,16.825018622000073],[112.32715905000009,16.829738674000055],[112.32593834700003,16.833238023000092],[112.32789147200003,16.837103583000044],[112.33057701900009,16.837632554000038],[112.33545983200008,16.832586981000077],[112.33725019600001,16.82843659100007],[112.33318118600005,16.825018622000073]]},"properties":{}},{"type":"Feature","geometry":{"type":"LineString","coordinates":[[112.33366946700005,16.933254299000055],[112.33668053500003,16.932114976000037],[112.33708743600005,16.932033596000053],[112.33757571700005,16.931341864000046],[112.34107506600003,16.926988023000092],[112.34050540500004,16.923570054000038],[112.33545983200008,16.92381419500009],[112.33366946700005,16.92641836100006],[112.33366946700005,16.933254299000055]]},"properties":{}},{"type":"Feature","geometry":{"type":"LineString","coordinates":[[110.47136478000004,20.647365627000056],[110.46273847700007,20.654771226000037],[110.44752037900003,20.658351955000057],[110.44263756600003,20.66351959800005],[110.43702233200003,20.667914130000042],[110.43336022200003,20.66742584800005],[110.43336022200003,20.663763739000046],[110.43002363400007,20.66201406500005],[110.42204837300005,20.662258205000057],[110.41765384200005,20.654771226000037],[110.42660566500007,20.64288971600007],[110.43580162900003,20.638495184000078],[110.43921959700003,20.629461981000077],[110.44809004000007,20.596258856000077],[110.45167076900003,20.589178778000075],[110.45728600400003,20.586859442000048],[110.46485436300003,20.590765692000048],[110.47120201900003,20.592596747000073],[110.47584069100003,20.59593333500004],[110.47803795700003,20.61078522300005],[110.47632897200003,20.63157786700009],[110.47136478000004,20.647365627000056]]},"properties":{}},{"type":"Feature","geometry":{"type":"LineString","coordinates":[[113.27800540500004,21.925034898000035],[113.27515709700003,21.93154531500005],[113.26783287900003,21.943304755000042],[113.25766035200002,21.946600653000075],[113.24773196700005,21.943182684000078],[113.23170006600003,21.934475002000056],[113.22169030000009,21.914129950000074],[113.22584069100003,21.900824286000045],[113.22974694100003,21.89874909100007],[113.23462975400003,21.893459377000056],[113.25074303500003,21.883205471000053],[113.25847415500004,21.88043854400007],[113.26775149800005,21.886460679000038],[113.27515709700003,21.89752838700008],[113.27865644600001,21.907375393000052],[113.28370201900009,21.91351959800005],[113.28565514400009,21.918117580000057],[113.28093509200005,21.92283763200004],[113.27800540500004,21.925034898000035]]},"properties":{}},{"type":"Feature","geometry":{"type":"LineString","coordinates":[[113.77174662900006,22.000343410000085],[113.7568592660001,22.00039040000007],[113.74550153700011,21.99779525400004],[113.73627928000008,21.997162124000056],[113.73905611400005,21.985972906000086],[113.74820564800007,21.97278847000007],[113.76447678300008,21.96681792700008],[113.77592108400006,21.985858782000037],[113.77174662900006,22.000343410000085]]},"properties":{}},{"type":"Feature","geometry":{"type":"LineString","coordinates":[[114.30681399800005,22.057196356000077],[114.30933678500003,22.062567450000074],[114.31006920700008,22.06858958500004],[114.30420983200008,22.069281317000048],[114.29859459700003,22.06712474200009],[114.29542076900009,22.06281159100007],[114.29297936300009,22.057806708000044],[114.28296959700003,22.052557684000078],[114.27165774800005,22.050523179000038],[114.21680748800009,22.032171942000048],[114.20671634200005,22.025783596000053],[114.22242272200003,22.02167389500005],[114.30250084700003,22.044867255000042],[114.30534915500004,22.05027903900009],[114.30681399800005,22.057196356000077]]},"properties":{}},{"type":"Feature","geometry":{"type":"LineString","coordinates":[[113.47348066500001,22.098537502000056],[113.47396894600001,22.08812083500004],[113.47022545700008,22.07762278900009],[113.48471113400001,22.07135651200008],[113.53891035200002,22.082098700000074],[113.54761803500003,22.092596747000073],[113.53256269600001,22.095363674000055],[113.52711022200003,22.10610586100006],[113.53093509200005,22.112941799000055],[113.53272545700008,22.120306708000044],[113.52711022200003,22.125881252000056],[113.51889082100001,22.12726471600007],[113.47152754000001,22.114081122000073],[113.46485436300009,22.10814036700009],[113.46599368600005,22.101507880000042],[113.47348066500001,22.098537502000056]]},"properties":{}},{"type":"Feature","geometry":{"type":"LineString","coordinates":[[113.6233788830001,22.43987218600006],[113.61181578900005,22.430470252000077],[113.61044137500005,22.41333744600007],[113.61227218300007,22.397961588000044],[113.62118666100002,22.39141902700004],[113.63144949100001,22.396102116000066],[113.64234696300002,22.400189681000086],[113.642421958,22.411420603000067],[113.65329326100004,22.41372844400007],[113.6578245720001,22.423751330000073],[113.65786970800002,22.43202334500006],[113.64959548400009,22.43856570300005],[113.6348832110001,22.43804473600005],[113.6233788830001,22.43987218600006]]},"properties":{}},{"type":"Feature","geometry":{"type":"LineString","coordinates":[[113.54675920200009,22.74188415100008],[113.52550121900003,22.744872770000086],[113.50208046400007,22.736111940000058],[113.47653944900003,22.731267681000077],[113.47651141600011,22.719514324000045],[113.49136813500002,22.70577385200005],[113.52533118000008,22.68318207300007],[113.56242715100007,22.65568324900005],[113.6026095740001,22.611521289000052],[113.6280148190001,22.595784940000044],[113.64183151700001,22.601623679000056],[113.64510971700008,22.625115360000052],[113.6356865240001,22.656474951000064],[113.603939094,22.684951690000048],[113.5753217350001,22.698734278000074],[113.57320394300007,22.70069774500007],[113.563707368,22.72030299800008],[113.5595046740001,22.734999722000055],[113.54675920200009,22.74188415100008]]},"properties":{}},{"type":"Feature","geometry":{"type":"LineString","coordinates":[[113.52920975100005,22.96035383800006],[113.51537583800007,22.969220349000068],[113.50575350000008,22.951609447000067],[113.50995973500005,22.921216480000055],[113.52375724500007,22.89667912200008],[113.54501369100001,22.879960560000086],[113.553541515,22.885811368000077],[113.55359928200005,22.911280871000088],[113.54513977500005,22.937762314000054],[113.529185923,22.948594041000035],[113.52920975100005,22.96035383800006]]},"properties":{}},{"type":"Feature","geometry":{"type":"LineString","coordinates":[[120.02186078900002,23.45164440700006],[120.07493184000009,23.50081817100005],[120.11525123000001,23.54791155500004],[120.12476993200005,23.550453797000046],[120.090300909,23.499395950000064],[120.07344997300004,23.483814315000075],[120.06227206400001,23.471279090000053],[120.04791202000001,23.458084713000062],[120.03659538500006,23.45080878100009],[120.01954186300009,23.438381252000056],[120.00765628500005,23.432593713000074],[120.02186078900002,23.45164440700006]]},"properties":{}},{"type":"Feature","geometry":{"type":"LineString","coordinates":[[116.99561608200008,23.56354401200008],[116.98585045700008,23.56045156500005],[116.97852623800009,23.55927155200004],[116.97437584700003,23.559393622000073],[116.96753991000003,23.554348049000055],[116.95777428500003,23.54490794500009],[116.94654381600003,23.539455471000053],[116.93604576900009,23.535549221000053],[116.93726647200003,23.526271877000056],[116.95093834700003,23.517401434000078],[116.97095787900003,23.51463450700004],[116.98780358200008,23.52411530200004],[116.99293053500003,23.53388092700004],[116.99586022200003,23.53851959800005],[117.00367272200003,23.546210028000075],[117.00928795700008,23.55499909100007],[117.00513756600003,23.562933661000045],[116.99561608200008,23.56354401200008]]},"properties":{}},{"type":"Feature","geometry":{"type":"LineString","coordinates":[[119.55103600400003,25.209458726000037],[119.54346764400009,25.209377346000053],[119.53402754000001,25.20722077000005],[119.52279707100001,25.20844147300005],[119.51197350400003,25.213446356000077],[119.50261478000004,25.22101471600007],[119.49642988400001,25.231350002000056],[119.49170983200008,25.241400458000044],[119.48666425900001,25.24485911700009],[119.48145592500009,25.245021877000056],[119.47608483200008,25.250555731000077],[119.47038821700005,25.25218333500004],[119.45818118600005,25.241115627000056],[119.45435631600003,25.23847077000005],[119.44654381600003,25.235988674000055],[119.44467207100001,25.229071356000077],[119.44947350400003,25.21434153900009],[119.46119225400003,25.20331452000005],[119.48894290500004,25.19627513200004],[119.49293053500003,25.200506903000075],[119.50326582100001,25.20380280200004],[119.51270592500009,25.19879791900007],[119.51295006600003,25.19139232000009],[119.51091556100005,25.18231842700004],[119.51734459700003,25.17145416900007],[119.52898196700005,25.165350653000075],[119.54216556100005,25.165350653000075],[119.54867597700002,25.172430731000077],[119.54818769600001,25.185980536000045],[119.55339603000004,25.195257880000042],[119.56324303500003,25.19879791900007],[119.56755618600005,25.204901434000078],[119.56104576900009,25.208644924000055],[119.55103600400003,25.209458726000037]]},"properties":{}},{"type":"Feature","geometry":{"type":"LineString","coordinates":[[119.34652754000001,25.56671784100007],[119.34327233200008,25.57330963700008],[119.33171634200005,25.57127513200004],[119.32129967500009,25.56122467700004],[119.31820722700002,25.557074286000045],[119.31031334700003,25.548651434000078],[119.30746504000001,25.546820380000042],[119.30502363400001,25.543361721000053],[119.30372155000009,25.53774648600006],[119.28150475400003,25.482896226000037],[119.28158613400001,25.463812567000048],[119.28565514400009,25.454738674000055],[119.28834069100003,25.44367096600007],[119.29688561300009,25.42291901200008],[119.30258222700002,25.42291901200008],[119.31373131600003,25.42991771000004],[119.32601972700002,25.433986721000053],[119.33497155000009,25.437974351000037],[119.33480879000001,25.44989655200004],[119.33057701900009,25.467352606000077],[119.33472741000003,25.48969147300005],[119.34359785200002,25.515366929000038],[119.34913170700008,25.54401276200008],[119.35206139400009,25.55223216400009],[119.34595787900003,25.561102606000077],[119.34652754000001,25.56671784100007]]},"properties":{}},{"type":"Feature","geometry":{"type":"LineString","coordinates":[[119.62696373800009,26.107896226000037],[119.61312910200002,26.121161200000074],[119.59937584700003,26.128119208000044],[119.57488040500004,26.119533596000053],[119.55396569100003,26.095648505000042],[119.56527754000001,26.080471096000053],[119.62037194100003,26.064195054000038],[119.63884524800005,26.07050202000005],[119.64405358200008,26.07843659100007],[119.63892662900003,26.08856842700004],[119.62696373800009,26.107896226000037]]},"properties":{}},{"type":"Feature","geometry":{"type":"LineString","coordinates":[[120.32683353000004,26.93968333500004],[120.31853274800005,26.948594468000067],[120.3202417330001,26.958197333000044],[120.3221948580001,26.962103583000044],[120.32618248800009,26.961778062000064],[120.33708743600005,26.970038153000075],[120.34489993600005,26.971950588000084],[120.35092207100001,26.971177476000037],[120.35531660200002,26.968858140000066],[120.35751386800007,26.966050523000035],[120.36304772200003,26.963039455000057],[120.36890709700003,26.95567454600007],[120.37387129000001,26.94358958500004],[120.37769616000003,26.939846096000053],[120.384206576,26.937974351000037],[120.38567142000011,26.935166734000063],[120.35254967500009,26.923773505000042],[120.32683353000004,26.93968333500004]]},"properties":{}},{"type":"Feature","geometry":{"type":"LineString","coordinates":[[121.07400226300001,27.479483886000082],[121.08314306,27.47301855900008],[121.09433796400003,27.466534876000082],[121.10347872300008,27.460070019000057],[121.10336493,27.451879507000058],[121.09312375500008,27.45289444100007],[121.07471580200001,27.456721832000085],[121.06648675400004,27.454983920000075],[121.06945127100005,27.44676176900009],[121.07651703400006,27.438498163000077],[121.06726355500007,27.43677010400006],[121.05915926700004,27.444133394000062],[121.05008762500006,27.456055828000046],[121.04610864400001,27.465199494000046],[121.05340295400003,27.47332001700005],[121.07400226300001,27.479483886000082]]},"properties":{}},{"type":"Feature","geometry":{"type":"LineString","coordinates":[[121.18165123800009,27.86465078300006],[121.16797936300009,27.85968659100007],[121.15870201900009,27.85814036700009],[121.15365644600001,27.85643138200004],[121.15259850400003,27.852769273000035],[121.15674889400009,27.848781643000052],[121.14918053500003,27.845770575000074],[121.13306725400003,27.84715403900009],[121.11402428500003,27.844142971000053],[121.09603925900001,27.827866929000038],[121.09799238400001,27.81781647300005],[121.11638431100005,27.81781647300005],[121.13005618600005,27.82050202000005],[121.13843834700003,27.82485586100006],[121.14747155000009,27.824367580000057],[121.16000410200002,27.818508205000057],[121.17123457100001,27.818793036000045],[121.17481530000009,27.825873114000046],[121.17302493600005,27.841009833000044],[121.17505944100003,27.843695380000042],[121.18034915500004,27.842271226000037],[121.18539472700002,27.843817450000074],[121.18751061300009,27.84593333500004],[121.18930097700002,27.84829336100006],[121.18970787900003,27.855292059000078],[121.18848717500009,27.863714911000045],[121.18165123800009,27.86465078300006]]},"properties":{}},{"type":"Feature","geometry":{"type":"LineString","coordinates":[[121.04932701900009,27.950873114000046],[121.07178795700008,27.95726146000004],[121.08334394600001,27.954738674000055],[121.09294681100005,27.947739976000037],[121.10328209700003,27.946193752000056],[121.12582441500001,27.95136139500005],[121.13917076900009,27.956976630000042],[121.13965905000009,27.965765692000048],[121.12745201900009,27.977484442000048],[121.11133873800009,27.98379140800006],[121.08082116000003,27.98065827000005],[121.07569420700008,27.981390692000048],[121.07016035200002,27.982896226000037],[121.06478925900001,27.98143138200004],[121.04517662900003,27.96747467700004],[121.04021243600005,27.957953192000048],[121.04468834700003,27.951971747000073],[121.04932701900009,27.950873114000046]]},"properties":{}},{"type":"Feature","geometry":{"type":"LineString","coordinates":[[121.86215254000001,29.12958405200004],[121.85678144600001,29.13426341400009],[121.84392337300005,29.141913153000075],[121.79623457100001,29.14940013200004],[121.78980553500003,29.14984772300005],[121.78598066500001,29.143744208000044],[121.78353925900001,29.132879950000074],[121.78272545700008,29.124660549000055],[121.78581790500004,29.119696356000077],[121.79273522200003,29.11855703300006],[121.80250084700003,29.11863841400009],[121.81446373800009,29.115383205000057],[121.82667076900009,29.107977606000077],[121.83725019600001,29.09979889500005],[121.84205162900003,29.095038153000075],[121.85352623800009,29.09756094000005],[121.86101321700005,29.10683828300006],[121.86736087300005,29.115790106000077],[121.86459394600001,29.123846747000073],[121.86215254000001,29.12958405200004]]},"properties":{}},{"type":"Feature","geometry":{"type":"LineString","coordinates":[[122.30469811300009,29.81745026200008],[122.31039472700002,29.824611721000053],[122.31202233200008,29.829046942000048],[122.28419030000009,29.84284088700008],[122.27116946700005,29.846828518000052],[122.24773196700005,29.846096096000053],[122.23170006600003,29.83624909100007],[122.23267662900003,29.827826239000046],[122.23755944100003,29.82379791900007],[122.25131269600001,29.80609772300005],[122.26539147200003,29.798000393000052],[122.27247155000009,29.792141018000052],[122.29558353000004,29.779120184000078],[122.30836022200003,29.776271877000056],[122.31470787900003,29.783677476000037],[122.31218509200005,29.79515208500004],[122.30469811300009,29.81745026200008]]},"properties":{}},{"type":"Feature","geometry":{"type":"LineString","coordinates":[[121.97217858200008,29.94476959800005],[121.97022545700008,29.94684479400007],[121.96648196700005,29.951727606000077],[121.95997155000009,29.953192450000074],[121.95191491000003,29.948065497000073],[121.94092858200008,29.93768952000005],[121.93360436300009,29.92133209800005],[121.94613691500001,29.903957424000055],[121.97413170700008,29.89984772300005],[121.99244225400003,29.908270575000074],[121.99350019600001,29.918850002000056],[121.98682701900009,29.92987702000005],[121.97217858200008,29.94476959800005]]},"properties":{}},{"type":"Feature","geometry":{"type":"LineString","coordinates":[[122.34571373800009,30.241929429000038],[122.35718834700003,30.247748114000046],[122.37501061300009,30.262152411000045],[122.38062584700003,30.263739325000074],[122.38355553500003,30.261542059000078],[122.38453209700003,30.250148830000057],[122.39584394600001,30.239447333000044],[122.40853925900001,30.243963934000078],[122.41065514400009,30.254706122000073],[122.40772545700008,30.26593659100007],[122.39991295700008,30.274603583000044],[122.38257897200003,30.277167059000078],[122.34205162900003,30.27362702000005],[122.33187910200002,30.27366771000004],[122.32398522200003,30.27216217700004],[122.31861412900003,30.268377997000073],[122.31299889400009,30.25995514500005],[122.30250084700003,30.252101955000057],[122.28744550900001,30.247788804000038],[122.27833092500009,30.240627346000053],[122.27759850400003,30.235541083000044],[122.28337649800005,30.235256252000056],[122.29476972700002,30.236721096000053],[122.30534915500004,30.24013906500005],[122.31568444100003,30.240301825000074],[122.32911217500009,30.239081122000073],[122.34571373800009,30.241929429000038]]},"properties":{}},{"type":"Feature","geometry":{"type":"LineString","coordinates":[[122.52930748800009,30.720770575000074],[122.52458743600005,30.723578192000048],[122.50961347700002,30.721177476000037],[122.50196373800009,30.71898021000004],[122.49634850400003,30.716782945000034],[122.48438561300009,30.714667059000078],[122.47291100400003,30.717230536000045],[122.45801842500009,30.73065827000005],[122.44076582100001,30.741034247000073],[122.42994225400003,30.743068752000056],[122.42920983200008,30.738023179000038],[122.43474368600005,30.727118231000077],[122.43262780000009,30.714829820000034],[122.42725670700008,30.703924872000073],[122.43197675900001,30.69798411700009],[122.44516035200002,30.69676341400009],[122.45525149800005,30.69399648600006],[122.46070397200003,30.69403717700004],[122.46306399800005,30.69635651200008],[122.46656334700003,30.69912344000005],[122.47437584700003,30.70258209800005],[122.48731530000009,30.70184967700004],[122.49317467500009,30.703111070000034],[122.52475019600001,30.70180898600006],[122.53109785200002,30.704413153000075],[122.52637780000009,30.714178778000075],[122.52930748800009,30.720770575000074]]},"properties":{}},{"type":"Feature","geometry":{"type":"LineString","coordinates":[[121.76238040500004,31.37376536700009],[121.74594160200002,31.388495184000078],[121.72559655000009,31.402736721000053],[121.69125410200002,31.419175523000035],[121.61817467500009,31.443793036000045],[121.60254967500009,31.444240627000056],[121.59115644600001,31.445868231000077],[121.58448326900009,31.441392320000034],[121.59880618600005,31.42914459800005],[121.72046959700003,31.35773346600007],[121.75163821700005,31.330511786000045],[121.76636803500003,31.32062409100007],[121.78003991000003,31.32518138200004],[121.78223717500009,31.341782945000034],[121.77418053500003,31.359198309000078],[121.76238040500004,31.37376536700009]]},"properties":{}},{"type":"Feature","geometry":{"type":"LineString","coordinates":[[118.6327429910001,39.07458077300004],[118.64867241500008,39.05585067800007],[118.64873628100008,39.04465116700004],[118.59432056600008,38.97219739900004],[118.51430835400004,38.919445031000066],[118.50269895000008,38.919027758000084],[118.48027591300001,38.934819522000055],[118.49090040700003,38.94318689100004],[118.4706979660001,38.970550754000044],[118.4694771400001,39.00631855200004],[118.47848274500006,39.04285781300007],[118.48819315800006,39.05049224800007],[118.52638107400003,39.046693882000056],[118.559717761,39.00312515400009],[118.57781186700004,39.00861929800004],[118.61019559500005,39.034034371000075],[118.62871121300009,39.04855385900004],[118.61463708200006,39.06764896700008],[118.6327429910001,39.07458077300004]]},"properties":{}},{"type":"Feature","geometry":{"type":"LineString","coordinates":[[114.22982832100001,22.555812893000052],[114.23471113400001,22.55617910400008],[114.22722415500004,22.54706452000005],[114.22217858200008,22.541449286000045],[114.21485436300009,22.534491278000075],[114.20997155000009,22.534491278000075],[114.20932050900001,22.52370840100008],[114.21794681100005,22.52602773600006],[114.2186792330001,22.529852606000077],[114.2303979830001,22.532945054000038],[114.2343042330001,22.536932684000078],[114.24203535200002,22.55019765800006],[114.24594160200002,22.55097077000005],[114.24903405000009,22.54783763200004],[114.25456790500004,22.55097077000005],[114.25766035200002,22.54783763200004],[114.25326582100001,22.539455471000053],[114.259206576,22.540798244000086],[114.26563561300009,22.535264390000066],[114.26514733200008,22.528469143000052],[114.27003014400009,22.52558014500005],[114.27800540500004,22.529852606000077],[114.27979576900009,22.52602773600006],[114.27979576900009,22.51972077000005],[114.27767988400001,22.511664130000042],[114.28516686300009,22.51117584800005],[114.28923587300005,22.505194403000075],[114.29851321700005,22.501003322000088],[114.3265893890001,22.50877513200004],[114.33277428500003,22.51194896000004],[114.33513431100005,22.506415106000077],[114.3163354830001,22.49237702000005],[114.30543053500003,22.48301829600007],[114.29363040500004,22.478257554000038],[114.28044681100005,22.47288646000004],[114.26872806100005,22.46503327000005],[114.2640893890001,22.45807526200008],[114.25375410200002,22.45176829600007],[114.24594160200002,22.45176829600007],[114.23121178500003,22.46979401200008],[114.21713300900001,22.467352606000077],[114.21176191500001,22.47056712400007],[114.20932050900001,22.46580638200004],[114.21094811300009,22.45730215100008],[114.21558678500003,22.45498281500005],[114.21713300900001,22.44794342700004],[114.20997155000009,22.44948965100008],[114.20932050900001,22.45408763200004],[114.20224043100006,22.45807526200008],[114.19060306100005,22.45652903900009],[114.18669681100005,22.45176829600007],[114.16749108200008,22.448065497000073],[114.17652428500003,22.44322337400007],[114.18751061300009,22.43614329600007],[114.20020592500009,22.428168036000045],[114.21176191500001,22.42059967700004],[114.20997155000009,22.41274648600006],[114.21485436300009,22.40888092700004],[114.20932050900001,22.39866771000004],[114.21558678500003,22.400336005000042],[114.22339928500003,22.41502513200004],[114.23422285200002,22.424750067000048],[114.2382104830001,22.435370184000078],[114.24382571700005,22.43553294500009],[114.25147545700008,22.43073151200008],[114.26718183700007,22.43073151200008],[114.26937910200002,22.425523179000038],[114.26718183700007,22.415961005000042],[114.27255293100006,22.40965403900009],[114.27645918100006,22.41982656500005],[114.2889917330001,22.42601146000004],[114.27645918100006,22.44399648600006],[114.2889917330001,22.45331452000005],[114.30160566500001,22.45652903900009],[114.30079186300009,22.46503327000005],[114.32374108200008,22.48004791900007],[114.32504316500001,22.47520579600007],[114.33073978000004,22.47410716400009],[114.32504316500001,22.46426015800006],[114.33570397200003,22.461737372000073],[114.33806399800005,22.44635651200008],[114.33277428500003,22.440008856000077],[114.33741295700008,22.431586005000042],[114.34278405000009,22.43768952000005],[114.3475854830001,22.42291901200008],[114.35230553500003,22.42369212400007],[114.35157311300009,22.44098541900007],[114.35987389400009,22.46116771000004],[114.36784915500004,22.45498281500005],[114.36736087300005,22.44627513200004],[114.37020918100006,22.440008856000077],[114.38575280000009,22.439235744000086],[114.39975019600001,22.43614329600007],[114.39739017000011,22.42841217700004],[114.40129642000011,22.41274648600006],[114.38933353000004,22.417914130000042],[114.38176517000011,22.41905345300006],[114.37020918100006,22.39797597900008],[114.37501061300009,22.400539455000057],[114.38493899800005,22.38735586100006],[114.38974043100006,22.36595286700009],[114.38656660200002,22.36522044500009],[114.38575280000009,22.37018463700008],[114.376394076,22.37063222900008],[114.37948652400007,22.36208730700008],[114.37558027400007,22.353461005000042],[114.37020918100006,22.348822333000044],[114.36085045700008,22.345770575000074],[114.35759524800005,22.332424221000053],[114.35230553500003,22.339463609000063],[114.35230553500003,22.351914781000062],[114.34197024800005,22.345770575000074],[114.33904056100005,22.352687893000052],[114.33277428500003,22.359767971000053],[114.33432050900001,22.37531159100007],[114.32040449300007,22.38076406500005],[114.31861412900003,22.38939036700009],[114.31006920700008,22.38377513200004],[114.30005944100003,22.38157786700009],[114.28598066500001,22.390977281000062],[114.27800540500004,22.390977281000062],[114.26872806100005,22.37844472900008],[114.2733667330001,22.363633531000062],[114.27979576900009,22.35500722900008],[114.27645918100006,22.348049221000053],[114.26718183700007,22.35578034100007],[114.26636803500003,22.36595286700009],[114.25839277400007,22.36208730700008],[114.25554446700005,22.355902411000045],[114.26579837300005,22.34634023600006],[114.27255293100006,22.320705471000053],[114.27719160200002,22.319199937000064],[114.29127037900003,22.316555080000057],[114.29208418100006,22.305161851000037],[114.29599043100006,22.305161851000037],[114.30388431100005,22.306708075000074],[114.31161543100006,22.297308661000045],[114.30567467500009,22.290757554000038],[114.29769941500001,22.285630601000037],[114.29053795700008,22.287949937000064],[114.2889917330001,22.287176825000074],[114.28972415500004,22.281683661000045],[114.28956139400009,22.273911851000037],[114.30005944100003,22.277044989000046],[114.3031518890001,22.269191799000055],[114.3031518890001,22.262152411000045],[114.29672285200002,22.258286851000037],[114.2889917330001,22.264593817000048],[114.27833092500009,22.270453192000048],[114.27979576900009,22.279364325000074],[114.2733667330001,22.295762437000064],[114.26482181100005,22.301947333000044],[114.26563561300009,22.309800523000035],[114.26636803500003,22.31598541900007],[114.25554446700005,22.322333075000074],[114.25147545700008,22.305161851000037],[114.25302168100006,22.295762437000064],[114.23894290500004,22.281683661000045],[114.22811933700007,22.291856187000064],[114.21176191500001,22.310573635000083],[114.21485436300009,22.301174221000053],[114.21249433700007,22.301174221000053],[114.19548587300005,22.31826406500005],[114.18653405000009,22.308742580000057],[114.19141686300009,22.301947333000044],[114.19141686300009,22.298895575000074],[114.18368574300007,22.301947333000044],[114.18165123800009,22.29441966400009],[114.17652428500003,22.291083075000074],[114.17188561300009,22.288723049000055],[114.16724694100003,22.294175523000035],[114.16822350400003,22.305487372000073],[114.16570071700005,22.310573635000083],[114.16488691500001,22.31521230700008],[114.15951582100001,22.31521230700008],[114.15951582100001,22.32225169500009],[114.15219160200002,22.328517971000053],[114.13819420700008,22.336004950000074],[114.12435957100001,22.342230536000045],[114.12354576900009,22.337144273000035],[114.11337324300007,22.352687893000052],[114.11101321700005,22.36595286700009],[114.10482832100001,22.36985911700009],[114.09750410200002,22.363023179000038],[114.07911217500009,22.36595286700009],[114.07829837300005,22.36286041900007],[114.07040449300007,22.36286041900007],[114.06723066500001,22.358994859000063],[114.05795332100001,22.36131419500009],[114.050222201,22.358994859000063],[114.03988691500001,22.35500722900008],[114.02051842500009,22.35036855700008],[114.01498457100001,22.353461005000042],[114.01498457100001,22.358994859000063],[113.99862714900007,22.358994859000063],[113.99187259200005,22.364081122000073],[113.98267662900003,22.36676666900007],[113.97673587300005,22.37921784100007],[113.97291100400003,22.37999095300006],[113.9706323580001,22.387071031000062],[113.96436608200008,22.380682684000078],[113.97461998800009,22.37205638200004],[113.95492597700002,22.36985911700009],[113.94483483200008,22.36208730700008],[113.93067467500009,22.369086005000042],[113.92595462300005,22.369086005000042],[113.91439863400001,22.376125393000052],[113.91830488400001,22.387844143000052],[113.9105737640001,22.39866771000004],[113.89698326900009,22.408758856000077],[113.90943444100003,22.41860586100006],[113.93067467500009,22.41982656500005],[113.94100996200007,22.426784572000088],[113.95411217500009,22.44948965100008],[113.97754967500009,22.45884837400007],[113.99862714900007,22.48855215100008],[114.00489342500009,22.48855215100008],[114.01270592500009,22.486110744000086],[114.01172936300009,22.48004791900007],[114.011159701,22.47288646000004],[114.01498457100001,22.47520579600007],[114.026784701,22.478257554000038],[114.02987714900007,22.478257554000038],[114.03142337300005,22.482245184000078],[114.03060957100001,22.487656968000067],[114.03060957100001,22.49551015800006],[114.04224694100003,22.501003322000088],[114.05795332100001,22.50486888200004],[114.06177819100003,22.50877513200004],[114.06576582100001,22.51585521000004],[114.07349694100003,22.51817454600007],[114.07829837300005,22.51972077000005],[114.08529707100001,22.52293528900009],[114.08236738400001,22.529364325000074]]},"properties":{}},{"type":"Feature","geometry":{"type":"LineString","coordinates":[[107.31104576900003,21.00527578300006],[107.33383222700007,21.00584544500009],[107.34774824300007,21.00995514500005],[107.35767662900003,21.01520416900007],[107.37427819100003,21.02757396000004],[107.37427819100003,21.03384023600006],[107.36434980600006,21.040350653000075],[107.36036217500003,21.052435614000046],[107.35824629000007,21.067328192000048],[107.35434004000007,21.08222077000005],[107.36353600400003,21.084418036000045],[107.36744225400003,21.08787669500009],[107.36630293100006,21.093491929000038],[107.36060631600003,21.102118231000077],[107.37549889400003,21.116156317000048],[107.38233483200003,21.139797268000052],[107.38843834700003,21.18463776200008],[107.37964928500003,21.180975653000075],[107.37069746200007,21.18162669500009],[107.36207116000003,21.185614325000074],[107.35434004000007,21.191473700000074],[107.35889733200003,21.203070380000042],[107.36060631600003,21.23924388200004],[107.36483808700007,21.24762604400007],[107.37086022200003,21.25336334800005],[107.37330162900003,21.258978583000044],[107.36744225400003,21.26658763200004],[107.36744225400003,21.273382880000042],[107.39161217500003,21.280422268000052],[107.42359459700003,21.27960846600007],[107.44312584700003,21.287665106000077],[107.44312584700003,21.293890692000048],[107.41602623800003,21.308539130000042],[107.40902754000007,21.315008856000077],[107.41529381600003,21.328680731000077],[107.45093834700003,21.32050202000005],[107.45679772200003,21.31834544500009],[107.46168053500003,21.30927155200004],[107.47217858200003,21.30369700700004],[107.48178144600007,21.301336981000077],[107.48414147200003,21.301336981000077],[107.50448652400007,21.29840729400007],[107.52662194100003,21.298773505000042],[107.53744550900007,21.301947333000044],[107.52515709700003,21.307562567000048],[107.52515709700003,21.315008856000077],[107.52881920700003,21.32322825700004],[107.52597089900007,21.334418036000045],[107.52198326900003,21.344305731000077],[107.52230879000007,21.348537502000056],[107.53516686300003,21.345363674000055],[107.54037519600007,21.33734772300005],[107.54257246200007,21.326564846000053],[107.54688561300003,21.315008856000077],[107.55404707100007,21.304510809000078],[107.56226647200003,21.298041083000044],[107.57374108200003,21.294745184000078],[107.59058678500003,21.293890692000048],[107.59921308700007,21.298773505000042],[107.60352623800003,21.310492255000042],[107.60816491000003,21.33551666900007],[107.62411543100006,21.33071523600006],[107.62875410200007,21.328680731000077],[107.62720787900003,21.333156643000052],[107.62671959700003,21.33388906500005],[107.62533613400007,21.333726304000038],[107.62134850400003,21.33551666900007],[107.63575280000003,21.34137604400007],[107.64234459700003,21.342271226000037],[107.63388105600006,21.349351304000038],[107.63119550900007,21.35447825700004],[107.63412519600007,21.358587958000044],[107.64234459700003,21.36277903900009],[107.64234459700003,21.370266018000052],[107.63778730600006,21.37372467700004],[107.63721764400003,21.375433661000045],[107.63729902400007,21.377752997000073],[107.63502037900003,21.383246161000045],[107.65023847700007,21.37685781500005],[107.66342207100007,21.378078518000052],[107.66944420700003,21.38544342700004],[107.66285241000003,21.39752838700008],[107.66285241000003,21.40375397300005],[107.66602623800003,21.406805731000077],[107.66903730600006,21.41120026200008],[107.67652428500003,21.41120026200008],[107.68417402400007,21.403265692000048],[107.69809004000007,21.398382880000042],[107.71151777400007,21.398911851000037],[107.71737714900007,21.407456773000035],[107.72144616000003,21.41087474200009],[107.73031660200007,21.411810614000046],[107.74854576900003,21.41120026200008],[107.76522871200007,21.43854401200008],[107.75855553500003,21.44472890800006],[107.76181074300007,21.45075104400007],[107.76758873800003,21.45571523600006],[107.77564537900003,21.45856354400007],[107.78638756600003,21.45840078300006],[107.78394616000003,21.464911200000074],[107.78109785200007,21.47915273600006],[107.77890058700007,21.485663153000075],[107.79257246200007,21.480129299000055],[107.78858483200003,21.49445221600007],[107.78036543100006,21.503078518000052],[107.76832116000003,21.50690338700008],[107.75220787900003,21.506781317000048],[107.75220787900003,21.513617255000042],[107.76685631600003,21.52020905200004],[107.78345787900003,21.524318752000056],[107.79623457100007,21.519476630000042],[107.80005944100003,21.499335028000075],[107.80689537900003,21.506781317000048],[107.81299889400003,21.493109442000048],[107.82056725400003,21.493109442000048],[107.81893964900007,21.506252346000053],[107.81739342500003,21.50934479400007],[107.81299889400003,21.513617255000042],[107.81299889400003,21.520453192000048],[107.82056725400003,21.526678778000075],[107.82667076900003,21.526678778000075],[107.82593834700003,21.508978583000044],[107.82886803500003,21.494940497000073],[107.83594811300003,21.488348700000074],[107.84791100400003,21.493109442000048],[107.85596764400003,21.52094147300005],[107.86280358200003,21.530218817000048],[107.86841881600003,21.513617255000042],[107.87509199300007,21.513617255000042],[107.88266035200007,21.52252838700008],[107.88379967500003,21.52676015800006],[107.88192793100006,21.534084377000056],[107.89673912900003,21.53156159100007],[107.90967858200003,21.526516018000052],[107.91871178500003,21.517523505000042],[107.92221113400007,21.503078518000052],[107.92343183700007,21.499945380000042],[107.92603600400003,21.495917059000078],[107.92855879000007,21.49054596600007],[107.92969811300003,21.482855536000045],[107.92701256600003,21.479315497000073],[107.92123457100007,21.47479889500005],[107.91627037900003,21.46824778900009],[107.91602623800003,21.45840078300006],[107.92969811300003,21.442613023000035],[107.94857832100007,21.45498281500005],[107.96998131600003,21.475775458000044],[107.99122155000003,21.485663153000075],[107.99122155000003,21.480129299000055],[107.97266686300003,21.460272528000075],[107.96534264400003,21.447333075000074],[107.96387780000003,21.43162669500009],[107.97071373800003,21.43162669500009],[108.01661217500003,21.470363674000055],[108.04322350400003,21.481634833000044],[108.08057701900003,21.485663153000075],[108.08057701900003,21.493109442000048],[108.06104576900003,21.496161200000074],[108.04761803500003,21.49315013200004],[108.03622480600006,21.488226630000042],[108.02222741000003,21.485663153000075],[108.01368248800003,21.49241771000004],[108.01124108200003,21.50653717700004],[108.01864668100006,21.51894765800006],[108.03956139400003,21.520453192000048],[108.02735436300003,21.52334219000005],[107.99122155000003,21.54840729400007],[108.00228925900007,21.55426666900007],[108.01710045700003,21.555243231000077],[108.03199303500003,21.551906643000052],[108.05689537900003,21.536037502000056],[108.07105553500003,21.53656647300005],[108.07699629000007,21.545477606000077],[108.06625410200007,21.56199778900009],[108.07846113400007,21.56321849200009],[108.09278405000003,21.558661200000074],[108.10580488400007,21.559068101000037],[108.11475670700003,21.575100002000056],[108.12094160200007,21.56631094000005],[108.12826582100007,21.56273021000004],[108.13233483200003,21.565375067000048],[108.12842858200003,21.575100002000056],[108.13526451900003,21.581854559000078],[108.15796959700003,21.571519273000035],[108.17636152400007,21.57575104400007],[108.21029707100007,21.60297272300005],[108.20411217500003,21.60297272300005],[108.20411217500003,21.609198309000078],[108.20883222700007,21.61619700700004],[108.20883222700007,21.623928127000056],[108.20468183700007,21.631008205000057],[108.19727623800003,21.636542059000078],[108.20093834700003,21.638617255000042],[108.20606530000003,21.64256419500009],[108.21029707100007,21.64394765800006],[108.20980879000007,21.63349030200004],[108.21029707100007,21.63031647300005],[108.21688886800007,21.63540273600006],[108.23829186300003,21.64394765800006],[108.22787519600007,21.632066148000035],[108.22681725400003,21.625555731000077],[108.24170983200003,21.612616278000075],[108.24935957100007,21.60309479400007],[108.25253339900007,21.59528229400007],[108.25277754000007,21.58852773600006],[108.25196373800003,21.581854559000078],[108.24496504000007,21.56435781500005],[108.21933027400007,21.529364325000074],[108.21029707100007,21.513617255000042],[108.21102949300007,21.50063711100006],[108.22641035200007,21.50800202000005],[108.25863691500007,21.534084377000056],[108.26913496200007,21.53864166900007],[108.27784264400003,21.54010651200008],[108.28378339900007,21.544745184000078],[108.28598066500007,21.558294989000046],[108.28956139400003,21.56403229400007],[108.30713951900003,21.57811107000009],[108.31397545700003,21.581854559000078],[108.31397545700003,21.58930084800005],[108.30909264400003,21.58893463700008],[108.29346764400003,21.58930084800005],[108.29664147200003,21.599432684000078],[108.30079186300003,21.607245184000078],[108.30640709700003,21.61273834800005],[108.31397545700003,21.616034247000073],[108.31112714900007,21.619940497000073],[108.30648847700007,21.63031647300005],[108.32764733200003,21.63031647300005],[108.31275475400003,21.65184153900009],[108.31137129000007,21.681708075000074],[108.32154381600003,21.70966217700004],[108.34131920700003,21.725816148000035],[108.33594811300003,21.706854559000078],[108.33765709700003,21.69745514500005],[108.38599694100003,21.67291901200008],[108.39795983200003,21.67283763200004],[108.40333092500003,21.68496328300006],[108.40699303500003,21.683294989000046],[108.40805097700007,21.683294989000046],[108.40967858200003,21.678127346000053],[108.41358483200003,21.684800523000035],[108.42090905000003,21.693182684000078],[108.42383873800003,21.698553778000075],[108.42701256600003,21.68773021000004],[108.42359459700003,21.679388739000046],[108.40967858200003,21.664455471000053],[108.42343183700007,21.663275458000044],[108.47095787900003,21.67129140800006],[108.47095787900003,21.664455471000053],[108.45948326900003,21.66209544500009],[108.44809004000007,21.65810781500005],[108.44141686300003,21.652085679000038],[108.44369550900007,21.64394765800006],[108.43482506600003,21.64215729400007],[108.42733808700007,21.639146226000037],[108.42123457100007,21.635158596000053],[108.41635175900007,21.63031647300005],[108.41635175900007,21.623439846000053],[108.42237389400003,21.61871979400007],[108.42758222700007,21.61668528900009],[108.43246504000007,21.618109442000048],[108.43751061300003,21.623439846000053],[108.44369550900007,21.623439846000053],[108.43873131600003,21.594183661000045],[108.43189537900003,21.583238023000035],[108.41635175900007,21.581854559000078],[108.42090905000003,21.594224351000037],[108.40674889400003,21.60024648600006],[108.39063561300003,21.595363674000055],[108.38965905000003,21.575100002000056],[108.40211022200003,21.559800523000035],[108.42001386800007,21.55687083500004],[108.47095787900003,21.56199778900009],[108.47095787900003,21.56826406500005],[108.46102949300007,21.56785716400009],[108.45801842500003,21.56826406500005],[108.45801842500003,21.575100002000056],[108.46713300900007,21.57754140800006],[108.47120201900003,21.581203518000052],[108.46998131600003,21.58690013200004],[108.46347089900007,21.595526434000078],[108.47177168100006,21.600490627000056],[108.47852623800003,21.60614655200004],[108.49146569100003,21.623439846000053],[108.50513756600003,21.609198309000078],[108.50513756600003,21.60297272300005],[108.48910566500007,21.60761139500005],[108.48178144600007,21.59951406500005],[108.48007246200007,21.587836005000042],[108.48121178500003,21.581854559000078],[108.49048912900003,21.583685614000046],[108.51880944100003,21.595526434000078],[108.51661217500003,21.59918854400007],[108.51197350400003,21.609198309000078],[108.52100670700003,21.61078522300005],[108.52686608200003,21.61424388200004],[108.53052819100003,21.62051015800006],[108.53305097700007,21.63031647300005],[108.52540123800003,21.63117096600007],[108.52100670700003,21.63300202000005],[108.51734459700003,21.63495514500005],[108.51197350400003,21.636542059000078],[108.51197350400003,21.64394765800006],[108.52344811300003,21.63930898600006],[108.53598066500007,21.638006903000075],[108.54688561300003,21.643052476000037],[108.55298912900003,21.65761953300006],[108.54883873800003,21.656195380000042],[108.53931725400003,21.650132554000038],[108.54517662900003,21.666083075000074],[108.55722089900007,21.671616929000038],[108.56544030000003,21.678534247000073],[108.55982506600003,21.698553778000075],[108.55298912900003,21.698553778000075],[108.54224694100003,21.68382396000004],[108.53931725400003,21.678127346000053],[108.53858483200003,21.684027411000045],[108.53711998800003,21.685370184000078],[108.53305097700007,21.68496328300006],[108.53101647200003,21.67987702000005],[108.52792402400007,21.677679755000042],[108.52401777400007,21.675604559000078],[108.51880944100003,21.67129140800006],[108.52076256600003,21.680568752000056],[108.51791425900007,21.689276434000078],[108.51880944100003,21.698553778000075],[108.52149498800003,21.702297268000052],[108.52597089900007,21.70538971600007],[108.53052819100003,21.710191148000035],[108.53305097700007,21.71906159100007],[108.52011152400007,21.712632554000038],[108.51303144600007,21.70018138200004],[108.50513756600003,21.67129140800006],[108.50228925900007,21.67914459800005],[108.50082441500007,21.68032461100006],[108.50147545700003,21.68036530200004],[108.50513756600003,21.68496328300006],[108.50513756600003,21.69171784100007],[108.49634850400003,21.69293854400007],[108.48642011800007,21.69725169500009],[108.47779381600003,21.698553778000075],[108.47779381600003,21.70538971600007],[108.49382571700005,21.70538971600007],[108.49634850400003,21.704779364000046],[108.49765058700007,21.70538971600007],[108.49504642000005,21.705633856000077],[108.49390709700003,21.705877997000073],[108.49170983200003,21.708685614000046],[108.49146569100003,21.712836005000042],[108.50513756600003,21.712836005000042],[108.50513756600003,21.71906159100007],[108.49691816500007,21.725897528000075],[108.48682701900003,21.73187897300005],[108.47543379000007,21.736761786000045],[108.46347089900007,21.740179755000042],[108.47046959700003,21.743068752000056],[108.47592207100007,21.74433014500005],[108.48218834700003,21.74359772300005],[108.49146569100003,21.740179755000042],[108.49130293100006,21.75771719000005],[108.49610436300003,21.76825592700004],[108.50196373800003,21.776678778000075],[108.50513756600003,21.787909247000073],[108.50294030000003,21.79759349200009],[108.49708092500003,21.809027411000045],[108.48829186300003,21.81476471600007],[108.47779381600003,21.807806708000044],[108.47608483200003,21.811712958000044],[108.47388756600003,21.81443919500009],[108.47201582100007,21.817531643000052],[108.47095787900003,21.822088934000078],[108.48153730600006,21.821478583000044],[108.48462975400003,21.822088934000078],[108.46957441500007,21.832953192000048],[108.45565839900007,21.848781643000052],[108.44874108200003,21.865790106000077],[108.45728600400003,21.888332424000055],[108.45801842500003,21.917669989000046],[108.46070397200003,21.926947333000044],[108.46469160200007,21.93431224200009],[108.47022545700003,21.940252997000073],[108.47779381600003,21.945013739000046],[108.46070397200003,21.887111721000053],[108.46314537900003,21.862982489000046],[108.49146569100003,21.856268622000073],[108.47836347700007,21.866400458000044],[108.48487389400003,21.877101955000057],[108.50171959700003,21.88580963700008],[108.51880944100003,21.890326239000046],[108.51539147200003,21.894924221000053],[108.51319420700003,21.898504950000074],[108.51075280000003,21.901597398000035],[108.50513756600003,21.90460846600007],[108.50513756600003,21.91083405200004],[108.52149498800003,21.906724351000037],[108.52564537900003,21.90460846600007],[108.53768964900007,21.914496161000045],[108.54566491000003,21.92381419500009],[108.55054772200003,21.93545156500005],[108.55298912900003,21.95180898600006],[108.55836022200003,21.942572333000044],[108.55982506600003,21.938788153000075],[108.56714928500003,21.938788153000075],[108.56739342500003,21.941961981000077],[108.56698652400007,21.948553778000075],[108.56714928500003,21.95180898600006],[108.57333418100006,21.95180898600006],[108.57382246200007,21.93545156500005],[108.56690514400003,21.927801825000074],[108.55811608200003,21.923651434000078],[108.55298912900003,21.917669989000046],[108.55372155000003,21.90375397300005],[108.56031334700003,21.89549388200004],[108.57032311300003,21.893377997000073],[108.58082116000003,21.89785390800006],[108.57699629000007,21.899359442000048],[108.57398522200003,21.89996979400007],[108.57089277400007,21.901271877000056],[108.56714928500003,21.90460846600007],[108.57960045700003,21.90180084800005],[108.58334394600007,21.900539455000057],[108.58765709700003,21.89785390800006],[108.58969160200007,21.902899481000077],[108.59229576900003,21.906805731000077],[108.59408613400007,21.91120026200008],[108.59449303500003,21.917669989000046],[108.62256920700003,21.896226304000038],[108.63550866000003,21.890326239000046],[108.63550866000003,21.88418203300006],[108.62208092500003,21.87107982000009],[108.60059655000003,21.830633856000077],[108.58423912900003,21.822088934000078],[108.57138105600006,21.81281159100007],[108.56942793100006,21.79437897300005],[108.58057701900003,21.781317450000074],[108.60751386800007,21.787909247000073],[108.59750410200007,21.766546942000048],[108.59376061300003,21.754828192000048],[108.59449303500003,21.740179755000042],[108.62867272200003,21.74640534100007],[108.62916100400003,21.75608958500004],[108.62501061300003,21.76780833500004],[108.61500084700003,21.787909247000073],[108.62183678500003,21.787909247000073],[108.62330162900003,21.78351471600007],[108.62867272200003,21.774318752000056],[108.63550866000003,21.774318752000056],[108.63965905000003,21.784979559000078],[108.64218183700007,21.79686107000009],[108.64307701900003,21.809393622000073],[108.64234459700003,21.822088934000078],[108.64918053500003,21.822088934000078],[108.64975019600007,21.814154364000046],[108.65601647200003,21.79482656500005],[108.66016686300003,21.801336981000077],[108.66700280000003,21.809515692000048],[108.66968834700003,21.815252997000073],[108.67701256600003,21.815252997000073],[108.67310631600003,21.798000393000052],[108.66480553500003,21.787176825000074],[108.65560957100007,21.778225002000056],[108.64918053500003,21.766831773000035],[108.64633222700007,21.75136953300006],[108.65259850400003,21.74998607000009],[108.66537519600007,21.75185781500005],[108.68319746200007,21.74640534100007],[108.68319746200007,21.740179755000042],[108.66700280000003,21.734849351000037],[108.65878339900007,21.733221747000073],[108.64918053500003,21.733343817000048],[108.65430748800003,21.723537502000056],[108.67457116000003,21.715399481000077],[108.68319746200007,21.70538971600007],[108.69410241000003,21.712144273000035],[108.70045006600003,21.722479559000078],[108.71119225400003,21.74640534100007],[108.71786543100006,21.74315013200004],[108.72486412900003,21.74640534100007],[108.72470136800007,21.729722398000035],[108.71542402400007,21.709133205000057],[108.71265709700003,21.688421942000048],[108.73170006600003,21.67129140800006],[108.73853600400003,21.67129140800006],[108.74024498800003,21.67999909100007],[108.74244225400003,21.684149481000077],[108.75155683700007,21.69171784100007],[108.75155683700007,21.650132554000038],[108.74537194100003,21.650132554000038],[108.74032636800007,21.66014232000009],[108.73316491000003,21.66242096600007],[108.71119225400003,21.65761953300006],[108.71119225400003,21.650132554000038],[108.72754967500003,21.64476146000004],[108.73129316500007,21.629461981000077],[108.73349043100006,21.61273834800005],[108.74537194100003,21.60297272300005],[108.73853600400003,21.616034247000073],[108.74594160200007,21.620266018000052],[108.76278730600006,21.62055084800005],[108.77271569100003,21.623439846000053],[108.77808678500003,21.628729559000078],[108.78207441500007,21.63548411700009],[108.78736412900003,21.641424872000073],[108.79647871200007,21.64394765800006],[108.81544030000003,21.637925523000035],[108.83399498800003,21.62799713700008],[108.84994550900007,21.62596263200004],[108.86142011800007,21.64394765800006],[108.85181725400003,21.64598216400009],[108.84237714900007,21.64638906500005],[108.82105553500003,21.64394765800006],[108.83863366000003,21.668036200000074],[108.83432050900007,21.68573639500005],[108.81666100400003,21.699693101000037],[108.79306074300007,21.712836005000042],[108.79306074300007,21.71906159100007],[108.79989668100006,21.71906159100007],[108.79989668100006,21.725816148000035],[108.77955162900003,21.725816148000035],[108.78296959700003,21.727443752000056],[108.78638756600003,21.727850653000075],[108.78980553500003,21.72915273600006],[108.79306074300007,21.733343817000048],[108.78687584700003,21.740179755000042],[108.79281660200007,21.738430080000057],[108.79517662900003,21.737982489000046],[108.79664147200003,21.73696523600006],[108.79989668100006,21.733343817000048],[108.80054772200003,21.74481842700004],[108.79859459700003,21.74827708500004],[108.79306074300007,21.75381094000005],[108.80591881600003,21.75844961100006],[108.81210371200007,21.752427476000037],[108.81405683700007,21.741115627000056],[108.81421959700003,21.729641018000052],[108.81666100400003,21.71637604400007],[108.82211347700007,21.71503327000005],[108.82894941500007,21.720038153000075],[108.83472741000003,21.725816148000035],[108.84351647200003,21.745021877000056],[108.84253991000003,21.768052476000037],[108.83261152400007,21.78384023600006],[108.81421959700003,21.78115469000005],[108.81592858200003,21.789007880000042],[108.81625410200007,21.793361721000053],[108.81739342500003,21.796576239000046],[108.82105553500003,21.80097077000005],[108.78891035200007,21.810939846000053],[108.77955162900003,21.815252997000073],[108.80136152400007,21.81834544500009],[108.84083092500003,21.81159088700008],[108.86142011800007,21.815252997000073],[108.85523522200003,21.80817291900007],[108.85067793100006,21.800523179000038],[108.84986412900003,21.79169342700004],[108.85523522200003,21.78115469000005],[108.85824629000007,21.78729889500005],[108.86947675900007,21.80097077000005],[108.87574303500003,21.80097077000005],[108.86695397200003,21.77415599200009],[108.86142011800007,21.766831773000035],[108.86142011800007,21.75999583500004],[108.86947675900007,21.75381094000005],[108.87574303500003,21.75381094000005],[108.88062584700003,21.76117584800005],[108.88632246200007,21.76715729400007],[108.89380944100003,21.771551825000074],[108.90308678500003,21.774318752000056],[108.89747155000003,21.75999583500004],[108.90430748800003,21.76276276200008],[108.91684004000007,21.76434967700004],[108.92408287900003,21.766831773000035],[108.92237389400003,21.762884833000044],[108.91659589900007,21.75381094000005],[108.88599694100003,21.750433661000045],[108.87574303500003,21.74640534100007],[108.86996504000007,21.742336330000057],[108.86744225400003,21.741400458000044],[108.86548912900003,21.73973216400009],[108.86142011800007,21.733343817000048],[108.86426842500003,21.73187897300005],[108.86947675900007,21.70538971600007],[108.86646569100003,21.70018138200004],[108.86036217500003,21.69790273600006],[108.85523522200003,21.694281317000048],[108.85523522200003,21.68496328300006],[108.85726972700007,21.683417059000078],[108.86947675900007,21.67129140800006],[108.87549889400003,21.67015208500004],[108.89161217500003,21.672674872000073],[108.89747155000003,21.67129140800006],[108.90170332100007,21.665187893000052],[108.90650475400003,21.650824286000045],[108.92074629000007,21.622015692000048],[108.92798912900003,21.615057684000078],[108.94459069100003,21.609198309000078],[108.95899498800003,21.606594143000052],[108.97022545700003,21.606350002000056],[108.99244225400003,21.609198309000078],[109.01376386800007,21.615383205000057],[109.04843183700007,21.63690827000005],[109.06674238400007,21.64394765800006],[109.06674238400007,21.636542059000078],[109.05469811300003,21.62205638200004],[109.04981530000003,21.614081122000073],[109.04639733200003,21.60297272300005],[109.05665123800003,21.61155833500004],[109.06006920700003,21.616034247000073],[109.06674238400007,21.616034247000073],[109.06967207100007,21.60224030200004],[109.07764733200003,21.596991278000075],[109.08741295700003,21.599554755000042],[109.09481855600006,21.609198309000078],[109.10108483200003,21.609198309000078],[109.10718834700003,21.59796784100007],[109.11605879000007,21.59056224200009],[109.12435957100007,21.590969143000052],[109.12891686300003,21.60297272300005],[109.13575280000003,21.60297272300005],[109.14210045700003,21.55345286700009],[109.14258873800003,21.510199286000045],[109.13282311300003,21.495917059000078],[109.10987389400003,21.489569403000075],[109.08253014400003,21.486029364000046],[109.06006920700003,21.480129299000055],[109.04371178500003,21.46625397300005],[109.03980553500003,21.45026276200008],[109.05014082100007,21.437160549000055],[109.07740319100003,21.43162669500009],[109.09644616000003,21.42519765800006],[109.13868248800003,21.401597398000035],[109.15626061300003,21.40375397300005],[109.14893639400003,21.409979559000078],[109.14462324300007,21.41795482000009],[109.14429772200003,21.427557684000078],[109.14942467500003,21.43854401200008],[109.15707441500007,21.423529364000046],[109.17196699300007,21.41754791900007],[109.21461022200003,21.41742584800005],[109.21973717500003,21.44912344000005],[109.22706139400003,21.47223541900007],[109.23878014400003,21.485663153000075],[109.23715254000007,21.458685614000046],[109.23878014400003,21.43162669500009],[109.24496504000007,21.43162669500009],[109.24765058700007,21.43626536700009],[109.25025475400003,21.438299872000073],[109.25375410200007,21.440334377000056],[109.25863691500007,21.44472890800006],[109.27759850400003,21.43699778900009],[109.29892011800007,21.44326406500005],[109.31552168100006,21.459051825000074],[109.32081139400003,21.480129299000055],[109.33521569100003,21.458156643000052],[109.34376061300003,21.453517971000053],[109.42440839900007,21.452378648000035],[109.43824303500003,21.45506419500009],[109.44418379000007,21.462103583000044],[109.44727623800003,21.47011953300006],[109.45460045700003,21.48183828300006],[109.46387780000003,21.492987372000073],[109.47217858200003,21.499335028000075],[109.46786543100006,21.49087148600006],[109.46583092500003,21.482896226000037],[109.46688886800007,21.47483958500004],[109.47217858200003,21.46580638200004],[109.48585045700003,21.474310614000046],[109.53077233200003,21.49164459800005],[109.54053795700003,21.503078518000052],[109.54330488400007,21.508246161000045],[109.55697675900007,21.521551825000074],[109.56088300900007,21.526678778000075],[109.56226647200003,21.536932684000078],[109.56088300900007,21.56826406500005],[109.56495201900003,21.572739976000037],[109.57105553500003,21.576239325000074],[109.57276451900003,21.581732489000046],[109.54322350400003,21.619574286000045],[109.54053795700003,21.626898505000042],[109.52987714900007,21.635687567000048],[109.46469160200007,21.65761953300006],[109.46469160200007,21.664455471000053],[109.48471113400007,21.658026434000078],[109.50635826900003,21.65766022300005],[109.52100670700003,21.665757554000038],[109.51986738400007,21.68496328300006],[109.51343834700003,21.68268463700008],[109.49927819100003,21.680161851000037],[109.49268639400003,21.678127346000053],[109.49268639400003,21.68496328300006],[109.49594160200007,21.68500397300005],[109.50302168100006,21.684515692000048],[109.50619550900007,21.68496328300006],[109.50326582100007,21.688381252000056],[109.50098717500003,21.691880601000037],[109.49805748800003,21.695379950000074],[109.49268639400003,21.698553778000075],[109.56771894600007,21.75999583500004],[109.56942793100006,21.75063711100006],[109.57496178500003,21.74567291900007],[109.58334394600007,21.744533596000053],[109.59449303500003,21.74640534100007],[109.59449303500003,21.740179755000042],[109.58155358200003,21.732367255000042],[109.56788170700003,21.719956773000035],[109.56080162900003,21.70726146000004],[109.56771894600007,21.698553778000075],[109.56421959700003,21.691229559000078],[109.56088300900007,21.67129140800006],[109.56942793100006,21.666489976000037],[109.57593834700003,21.659369208000044],[109.57992597700007,21.650458075000074],[109.58139082100007,21.64020416900007],[109.58529707100007,21.63084544500009],[109.59449303500003,21.63418203300006],[109.61548912900003,21.650132554000038],[109.60303795700003,21.62059153900009],[109.60499108200003,21.616034247000073],[109.61085045700003,21.61151764500005],[109.61353600400003,21.601223049000055],[109.61280358200003,21.589789130000042],[109.60800214900007,21.581854559000078],[109.60800214900007,21.575100002000056],[109.61581464900007,21.570705471000053],[109.62232506600003,21.56781647300005],[109.62891686300003,21.566839911000045],[109.63599694100003,21.56826406500005],[109.62525475400003,21.58539459800005],[109.63721764400003,21.601629950000074],[109.65878339900007,21.614935614000046],[109.67701256600003,21.623439846000053],[109.67798912900003,21.615301825000074],[109.67676842500003,21.61005280200004],[109.67367597700007,21.606390692000048],[109.67017662900003,21.60297272300005],[109.67172285200007,21.596625067000048],[109.67335045700003,21.582098700000074],[109.67701256600003,21.575100002000056],[109.66822350400003,21.55963776200008],[109.65992272200003,21.52806224200009],[109.64966881600003,21.520453192000048],[109.70858808700007,21.483303127000056],[109.74146569100003,21.47402578300006],[109.75953209700003,21.493109442000048],[109.76571699300007,21.493109442000048],[109.76571699300007,21.485663153000075],[109.77320397200003,21.485663153000075],[109.77320397200003,21.493109442000048],[109.76026451900003,21.51162344000005],[109.74781334700003,21.54523346600007],[109.74805748800003,21.574611721000053],[109.74805748800003,21.57493724200009],[109.77320397200003,21.581854559000078],[109.77320397200003,21.575100002000056],[109.76514733200003,21.563381252000056],[109.77011152400007,21.551581122000073],[109.78329511800007,21.54637278900009],[109.80054772200003,21.55459219000005],[109.79908287900003,21.498602606000077],[109.80274498800003,21.47333405200004],[109.81421959700003,21.45840078300006],[109.82105553500003,21.45840078300006],[109.82374108200003,21.46503327000005],[109.82691491000003,21.470526434000078],[109.83521569100003,21.480129299000055],[109.83521569100003,21.485663153000075],[109.82772871200007,21.485663153000075],[109.82772871200007,21.493109442000048],[109.84140058700007,21.506781317000048],[109.85897871200007,21.482814846000053],[109.88697350400003,21.48151276200008],[109.91797936300003,21.489406643000052],[109.94442793100006,21.493109442000048],[109.94442793100006,21.485663153000075],[109.92725670700003,21.479803778000075],[109.92457116000003,21.46503327000005],[109.93344160200007,21.45380280200004],[109.95126386800007,21.45840078300006],[109.94052168100006,21.437201239000046],[109.91757246200007,21.413804429000038],[109.90479576900003,21.390692450000074],[109.92408287900003,21.370266018000052],[109.92408287900003,21.36277903900009],[109.84140058700007,21.355943101000037],[109.81625410200007,21.357570705000057],[109.80738366000003,21.355943101000037],[109.80396569100003,21.350043036000045],[109.80347741000003,21.34121328300006],[109.79981530000003,21.332912502000056],[109.78687584700003,21.328680731000077],[109.78736412900003,21.339911200000074],[109.78370201900003,21.34829336100006],[109.77637780000003,21.353664455000057],[109.76571699300007,21.355943101000037],[109.77393639400003,21.31867096600007],[109.77352949300007,21.299709377000056],[109.76571699300007,21.287665106000077],[109.76571699300007,21.28082916900007],[109.77027428500003,21.271307684000078],[109.77320397200003,21.215399481000077],[109.76710045700003,21.20453522300005],[109.75489342500003,21.19293854400007],[109.74667402400007,21.17967357000009],[109.75204511800007,21.164129950000074],[109.73642011800007,21.16901276200008],[109.72836347700007,21.177883205000057],[109.72022545700003,21.183417059000078],[109.70435631600003,21.17845286700009],[109.69589277400007,21.17011139500005],[109.67660566500007,21.138495184000078],[109.67017662900003,21.12323639500005],[109.68555748800003,21.106594143000052],[109.69996178500003,21.08299388200004],[109.70980879000007,21.057196356000077],[109.71168053500003,21.03384023600006],[109.70850670700003,21.03587474200009],[109.70077558700007,21.03856028900009],[109.69752037900003,21.04059479400007],[109.68067467500003,20.99445221600007],[109.67896569100003,20.973863023000035],[109.69125410200007,20.958726304000038],[109.66122480600006,20.927557684000078],[109.66561933700007,20.880926825000074],[109.68946373800003,20.83539459800005],[109.71786543100006,20.807847398000035],[109.70679772200003,20.831854559000078],[109.70435631600003,20.84202708500004],[109.71387780000003,20.833685614000046],[109.72836347700007,20.81513092700004],[109.73902428500003,20.807847398000035],[109.73153730600006,20.85504791900007],[109.73780358200003,20.865383205000057],[109.74537194100003,20.867661851000037],[109.75302168100006,20.863714911000045],[109.75953209700003,20.85504791900007],[109.75953209700003,20.848863023000035],[109.75204511800007,20.848863023000035],[109.75204511800007,20.84202708500004],[109.77320397200003,20.821519273000035],[109.77320397200003,20.814113674000055],[109.76026451900003,20.807806708000044],[109.75814863400007,20.792792059000078],[109.76343834700003,20.776556708000044],[109.77320397200003,20.766913153000075],[109.75643964900007,20.749701239000046],[109.76026451900003,20.72996653900009],[109.78687584700003,20.691148179000038],[109.79371178500003,20.691148179000038],[109.80103600400003,20.706284898000035],[109.81397545700003,20.70844147300005],[109.82943769600007,20.707912502000056],[109.85474694100003,20.719916083000044],[109.86044355600006,20.71548086100006],[109.86190839900007,20.708156643000052],[109.85873457100007,20.704250393000052],[109.85409589900007,20.70184967700004],[109.84888756600003,20.69627513200004],[109.84424889400003,20.68968333500004],[109.84140058700007,20.684393622000073],[109.83700605600006,20.689154364000046],[109.83065839900007,20.69367096600007],[109.82772871200007,20.69798411700009],[109.81275475400003,20.684515692000048],[109.80591881600003,20.679510809000078],[109.79712975400003,20.677557684000078],[109.78524824300007,20.67959219000005],[109.77979576900003,20.683539130000042],[109.77515709700003,20.68618398600006],[109.76571699300007,20.684393622000073],[109.75155683700007,20.67373281500005],[109.75025475400003,20.66046784100007],[109.75171959700003,20.645412502000056],[109.74586022200003,20.629787502000056],[109.77588951900003,20.631333726000037],[109.80201256600003,20.61627838700008],[109.81885826900003,20.589097398000035],[109.82105553500003,20.554632880000042],[109.82772871200007,20.554632880000042],[109.84140058700007,20.595648505000042],[109.84823652400007,20.595648505000042],[109.84522545700003,20.58112213700008],[109.84376061300003,20.557074286000045],[109.84140058700007,20.54718659100007],[109.83749433700007,20.54437897300005],[109.83179772200003,20.544582424000055],[109.82569420700003,20.542792059000078],[109.82105553500003,20.534125067000048],[109.81959069100003,20.523504950000074],[109.82211347700007,20.516546942000048],[109.82748457100007,20.511460679000038],[109.83521569100003,20.506252346000053],[109.84970136800007,20.500921942000048],[109.88282311300003,20.497748114000046],[109.89608808700007,20.492580471000053],[109.90292402400007,20.484198309000078],[109.90951582100007,20.471177476000037],[109.91480553500003,20.45701732000009],[109.91724694100003,20.44476959800005],[109.92701256600003,20.454901434000078],[109.92994225400003,20.47138092700004],[109.93091881600003,20.506252346000053],[109.93751061300003,20.48965078300006],[109.93921959700003,20.473863023000035],[109.94361412900003,20.460679429000038],[109.95809980600006,20.451605536000045],[109.95850670700003,20.459906317000048],[109.96045983200003,20.46625397300005],[109.96298261800007,20.471991278000075],[109.96493574300007,20.478257554000038],[109.97225996200007,20.464544989000046],[109.98397871200007,20.453192450000074],[110.00977623800003,20.43423086100006],[110.01547285200007,20.418402411000045],[110.00611412900003,20.401190497000073],[109.99244225400003,20.38495514500005],[109.98544355600006,20.37213776200008],[109.98243248800003,20.35154857000009],[109.97486412900003,20.354641018000052],[109.95809980600006,20.38271719000005],[109.94581139400003,20.395738023000035],[109.91488691500007,20.41864655200004],[109.90357506600003,20.43109772300005],[109.89608808700007,20.43109772300005],[109.89380944100003,20.420477606000077],[109.88803144600007,20.41404857000009],[109.87891686300003,20.41087474200009],[109.86573326900003,20.41006094000005],[109.86280358200003,20.406317450000074],[109.88990319100003,20.38271719000005],[109.87411543100006,20.376288153000075],[109.88575280000003,20.366359768000052],[109.91724694100003,20.35228099200009],[109.91944420700003,20.342230536000045],[109.92872155000003,20.32636139500005],[109.93091881600003,20.31781647300005],[109.92855879000007,20.294582424000055],[109.92408287900003,20.27342357000009],[109.92172285200007,20.269680080000057],[109.91724694100003,20.25995514500005],[109.91456139400003,20.248480536000045],[109.91724694100003,20.23932526200008],[109.92489668100006,20.23826732000009],[109.93392988400007,20.24412669500009],[109.94141686300003,20.25185781500005],[109.94442793100006,20.25608958500004],[109.95093834700003,20.27216217700004],[109.96583092500003,20.280951239000046],[109.99227949300007,20.28652578300006],[109.99146569100003,20.284979559000078],[109.99520918100006,20.28278229400007],[110.00098717500003,20.28082916900007],[110.00595136800007,20.28034088700008],[110.01181074300007,20.283677476000037],[110.02157636800007,20.297023830000057],[110.02711022200003,20.30076732000009],[110.03785241000003,20.301703192000048],[110.04892011800007,20.30023834800005],[110.05762780000003,20.29637278900009],[110.06112714900007,20.290228583000044],[110.06373131600003,20.283026434000078],[110.06983483200003,20.277777411000045],[110.07764733200003,20.274562893000052],[110.08570397200003,20.27342357000009],[110.09310957100007,20.27057526200008],[110.10962975400003,20.25299713700008],[110.12753339900007,20.247992255000042],[110.18775475400003,20.25299713700008],[110.19117272200003,20.25617096600007],[110.19263756600003,20.26325104400007],[110.19662519600007,20.27024974200009],[110.20801842500003,20.27342357000009],[110.23715254000007,20.27496979400007],[110.24561608200003,20.27342357000009],[110.25635826900003,20.269354559000078],[110.26563561300003,20.264146226000037],[110.28028405000003,20.25299713700008],[110.29403730600006,20.262925523000035],[110.31967207100007,20.26972077000005],[110.34433027400007,20.279242255000042],[110.35547936300003,20.297349351000037],[110.36207116000003,20.30487702000005],[110.37671959700003,20.305243231000077],[110.39999433700007,20.30076732000009],[110.40683027400007,20.305161851000037],[110.45850670700003,20.362250067000048],[110.47535241000003,20.397650458000044],[110.48267662900003,20.403225002000056],[110.50228925900007,20.41274648600006],[110.51539147200003,20.434759833000044],[110.53419030000003,20.478257554000038],[110.51148522200003,20.527899481000077],[110.49520918100006,20.553168036000045],[110.47885175900007,20.567694403000075],[110.47266686300003,20.56858958500004],[110.45801842500003,20.56736888200004],[110.45167076900003,20.567694403000075],[110.44296308700007,20.570868231000077],[110.42514082100007,20.58006419500009],[110.40853925900007,20.58592357000009],[110.39747155000003,20.595445054000038],[110.39193769600007,20.606756903000075],[110.39698326900003,20.616115627000056],[110.38917076900003,20.625921942000048],[110.38062584700003,20.63377513200004],[110.37183678500003,20.63434479400007],[110.36280358200003,20.622300523000035],[110.36280358200003,20.643377997000073],[110.35214277400007,20.636542059000078],[110.33936608200003,20.63153717700004],[110.32593834700003,20.63076406500005],[110.31446373800003,20.636542059000078],[110.32374108200003,20.643052476000037],[110.32837975400003,20.65265534100007],[110.32960045700003,20.664455471000053],[110.32813561300003,20.677557684000078],[110.32129967500003,20.677557684000078],[110.31796308700007,20.67059967700004],[110.31348717500003,20.664862372000073],[110.30770918100006,20.66038646000004],[110.30079186300003,20.657049872000073],[110.30884850400003,20.683986721000053],[110.32943769600007,20.70722077000005],[110.33749433700007,20.725816148000035],[110.30762780000003,20.73895905200004],[110.30811608200003,20.743963934000078],[110.30884850400003,20.74510325700004],[110.31063886800007,20.745062567000048],[110.31446373800003,20.74640534100007],[110.30762780000003,20.753241278000075],[110.32252037900003,20.75995514500005],[110.33212324300007,20.76788971600007],[110.33301842500003,20.77875397300005],[110.32129967500003,20.794256903000075],[110.32862389400003,20.799750067000048],[110.33375084700003,20.80573151200008],[110.34180748800003,20.821519273000035],[110.34815514400003,20.80304596600007],[110.34725996200007,20.761786200000074],[110.34864342500003,20.74640534100007],[110.35645592500003,20.73232656500005],[110.36898847700007,20.719671942000048],[110.38355553500003,20.713446356000077],[110.39698326900003,20.718491929000038],[110.40943444100003,20.75096263200004],[110.40267988400007,20.79010651200008],[110.38624108200003,20.825995184000078],[110.36898847700007,20.848863023000035],[110.36581464900007,20.83856842700004],[110.36109459700003,20.835882880000042],[110.35523522200003,20.839667059000078],[110.34864342500003,20.848863023000035],[110.34180748800003,20.84202708500004],[110.33578535200007,20.85883209800005],[110.31967207100007,20.859930731000077],[110.30079186300003,20.852118231000077],[110.28711998800003,20.84202708500004],[110.21168053500003,20.84052155200004],[110.19149824300007,20.83584219000005],[110.19149824300007,20.848863023000035],[110.18336022200003,20.846096096000053],[110.18018639400003,20.84601471600007],[110.17750084700003,20.847479559000078],[110.17042076900003,20.848863023000035],[110.16879316500007,20.846096096000053],[110.16944420700003,20.84393952000005],[110.16871178500003,20.842678127000056],[110.16415449300007,20.84202708500004],[110.16391035200007,20.84674713700008],[110.16293379000007,20.84788646000004],[110.16073652400007,20.84784577000005],[110.15674889400003,20.848863023000035],[110.16065514400003,20.856675523000035],[110.16187584700003,20.862209377000056],[110.16065514400003,20.86790599200009],[110.15674889400003,20.876776434000078],[110.16415449300007,20.876776434000078],[110.16724694100003,20.872992255000042],[110.17725670700003,20.862494208000044],[110.17164147200003,20.877020575000074],[110.15414472700007,20.90643952000005],[110.14926191500007,20.923976955000057],[110.15097089900007,20.943182684000078],[110.15512129000007,20.96198151200008],[110.15479576900003,20.97728099200009],[110.14307701900003,20.986029364000046],[110.14307701900003,20.992254950000074],[110.15674889400003,20.986029364000046],[110.17782636800007,21.020086981000077],[110.18409264400003,21.03384023600006],[110.19068444100003,21.059068101000037],[110.19556725400003,21.07127513200004],[110.20460045700003,21.08222077000005],[110.20386803500003,21.066961981000077],[110.20557701900003,21.049383856000077],[110.21021569100003,21.03457265800006],[110.21884199300007,21.02757396000004],[110.22177168100006,21.03266022300005],[110.26929772200003,21.089178778000075],[110.28028405000003,21.09589264500005],[110.31527754000007,21.10765208500004],[110.33375084700003,21.116359768000052],[110.34742272200003,21.133205471000053],[110.37533613400007,21.15265534100007],[110.38607832100007,21.156724351000037],[110.39405358200003,21.162543036000045],[110.39942467500003,21.176581122000073],[110.40235436300003,21.19367096600007],[110.40316816500007,21.20848216400009],[110.40455162900003,21.212062893000052],[110.40748131600003,21.21698639500005],[110.40992272200003,21.223781643000052],[110.41065514400003,21.232367255000042],[110.40821373800003,21.238023179000038],[110.39901777400007,21.24555084800005],[110.39698326900003,21.249823309000078],[110.39340254000007,21.26040273600006],[110.38485761800007,21.27106354400007],[110.37378991000003,21.280585028000075],[110.36280358200003,21.287665106000077],[110.36280358200003,21.293890692000048],[110.36630293100006,21.30609772300005],[110.35670006600003,21.319159247000073],[110.34140058700007,21.330023505000042],[110.32813561300003,21.33551666900007],[110.32813561300003,21.342271226000037],[110.34498131600003,21.33885325700004],[110.36817467500003,21.325344143000052],[110.38266035200007,21.32184479400007],[110.37647545700003,21.33551666900007],[110.38583418100006,21.33148834800005],[110.38949629000007,21.328680731000077],[110.39437910200007,21.36399974200009],[110.37208092500003,21.40302155200004],[110.35849043100006,21.43573639500005],[110.38949629000007,21.45213450700004],[110.38949629000007,21.44472890800006],[110.38314863400007,21.441473700000074],[110.37867272200003,21.43748607000009],[110.36898847700007,21.42487213700008],[110.40097089900007,21.38703034100007],[110.41952558700007,21.377427476000037],[110.43116295700003,21.39752838700008],[110.43734785200007,21.39752838700008],[110.42392011800007,21.341620184000078],[110.42432701900003,21.328680731000077],[110.43392988400007,21.30878327000005],[110.44190514400003,21.31435781500005],[110.45118248800003,21.331976630000042],[110.46534264400003,21.348537502000056],[110.46534264400003,21.328680731000077],[110.46876061300003,21.33201732000009],[110.47266686300003,21.334906317000048],[110.47803795700003,21.336371161000045],[110.48633873800003,21.33551666900007],[110.48633873800003,21.328680731000077],[110.44483483200003,21.307562567000048],[110.44483483200003,21.301336981000077],[110.45704186300003,21.299302476000037],[110.46607506600003,21.296087958000044],[110.47315514400003,21.295477606000077],[110.47885175900007,21.301336981000077],[110.48633873800003,21.301336981000077],[110.48633873800003,21.293890692000048],[110.48218834700003,21.28656647300005],[110.48031660200007,21.281683661000045],[110.47885175900007,21.273382880000042],[110.47266686300003,21.273382880000042],[110.46631920700003,21.28343333500004],[110.45663496200007,21.28774648600006],[110.44629967500003,21.289984442000048],[110.43734785200007,21.293890692000048],[110.43116295700003,21.293890692000048],[110.43148847700007,21.289496161000045],[110.42994225400003,21.28847890800006],[110.42733808700007,21.28856028900009],[110.42432701900003,21.287665106000077],[110.42929121200007,21.28534577000005],[110.43311608200003,21.282863674000055],[110.43580162900003,21.27920156500005],[110.43734785200007,21.273382880000042],[110.42579186300003,21.269232489000046],[110.42701256600003,21.261542059000078],[110.43344160200007,21.251288153000075],[110.43734785200007,21.23924388200004],[110.43555748800003,21.226304429000038],[110.42701256600003,21.206000067000048],[110.42432701900003,21.191473700000074],[110.43116295700003,21.191473700000074],[110.44760175900007,21.203599351000037],[110.46322675900007,21.212144273000035],[110.48145592500003,21.217189846000053],[110.58871504000007,21.22557200700004],[110.58407636800007,21.229681708000044],[110.58017011800007,21.23460521000004],[110.57715905000003,21.240383205000057],[110.57520592500003,21.24673086100006],[110.61695397200003,21.229681708000044],[110.63648522200003,21.230169989000046],[110.64332116000003,21.25291575700004],[110.61972089900007,21.290757554000038],[110.61573326900003,21.301214911000045],[110.61670983200003,21.345404364000046],[110.63559004000007,21.38104889500005],[110.72730553500003,21.418890692000048],[110.76002037900003,21.44472890800006],[110.76636803500003,21.44472890800006],[110.75538170700003,21.413397528000075],[110.72461998800003,21.403143622000073],[110.69239342500003,21.39915599200009],[110.67164147200003,21.381293036000045],[110.64478600400003,21.37457916900007],[110.63648522200003,21.370266018000052],[110.63184655000003,21.35537344000005],[110.63575280000003,21.34642161700009],[110.64185631600003,21.33730703300006],[110.64332116000003,21.32184479400007],[110.64893639400003,21.333319403000075],[110.65552819100003,21.34275950700004],[110.66456139400003,21.34837474200009],[110.67758222700007,21.348537502000056],[110.66285241000003,21.337225653000075],[110.65479576900003,21.314601955000057],[110.65088951900003,21.26040273600006],[110.65707441500007,21.26040273600006],[110.66488691500007,21.285630601000037],[110.67628014400003,21.30963776200008],[110.69003339900007,21.331000067000048],[110.70484459700003,21.348537502000056],[110.74398847700007,21.382554429000038],[110.76815839900007,21.39752838700008],[110.79053795700003,21.40375397300005],[110.80616295700003,21.401597398000035],[110.82984459700003,21.392238674000055],[110.85230553500003,21.389146226000037],[110.86939537900003,21.384711005000042],[110.86988366000003,21.383246161000045],[110.87728925900007,21.38613515800006],[110.88965905000003,21.39549388200004],[110.89332116000003,21.39752838700008],[110.91724694100003,21.405910549000055],[110.94117272200003,21.42206452000005],[110.96591230600006,21.432847398000035],[110.99293053500003,21.42487213700008],[111.02491295700003,21.45652903900009],[111.04371178500003,21.46938711100006],[111.06861412900003,21.47264232000009],[111.05860436300003,21.48309967700004],[111.04224694100003,21.48456452000005],[111.02686608200003,21.479315497000073],[111.02011152400007,21.469224351000037],[111.01693769600007,21.45807526200008],[111.00814863400007,21.44989655200004],[110.99537194100003,21.44529857000009],[110.97974694100003,21.44472890800006],[110.97974694100003,21.45213450700004],[110.99244225400003,21.45498281500005],[111.00131269600007,21.46287669500009],[111.01392662900003,21.485663153000075],[111.00220787900003,21.489935614000046],[110.99569746200007,21.507635809000078],[110.98593183700007,21.513617255000042],[111.01172936300003,21.521185614000046],[111.02328535200007,21.527818101000037],[111.02759850400003,21.54092031500005],[111.03443444100003,21.53148021000004],[111.07545006600003,21.513617255000042],[111.07935631600003,21.50812409100007],[111.07846113400007,21.502875067000048],[111.07935631600003,21.497870184000078],[111.08838951900003,21.493109442000048],[111.09791100400003,21.492661851000037],[111.10767662900003,21.495794989000046],[111.11670983200003,21.50096263200004],[111.12378991000003,21.506781317000048],[111.12671959700003,21.50259023600006],[111.12997480600006,21.499335028000075],[111.12997480600006,21.493109442000048],[111.08838951900003,21.480129299000055],[111.08838951900003,21.47264232000009],[111.11988366000003,21.47337474200009],[111.13404381600003,21.471625067000048],[111.14364668100006,21.46580638200004],[111.16163170700003,21.476385809000078],[111.18458092500003,21.485663153000075],[111.22632897200003,21.499335028000075],[111.21363366000003,21.505682684000078],[111.19882246200007,21.50779857000009],[111.18417402400007,21.50576406500005],[111.17164147200003,21.499335028000075],[111.16496829500005,21.506008205000057],[111.16757246200007,21.508612372000073],[111.17164147200003,21.513617255000042],[111.15796959700003,21.513617255000042],[111.15796959700003,21.520453192000048],[111.19239342500003,21.531195380000042],[111.20630944100003,21.532049872000073],[111.21265709700003,21.520453192000048],[111.23218834700003,21.524562893000052],[111.25562584700003,21.517279364000046],[111.27979576900003,21.506293036000045],[111.30128014400003,21.499335028000075],[111.28028405000003,21.465318101000037],[111.26905358200003,21.45213450700004],[111.25294030000003,21.44472890800006],[111.26734459700003,21.43935781500005],[111.29249108200003,21.45062897300005],[111.34433027400007,21.487494208000044],[111.35645592500003,21.501288153000075],[111.36280358200003,21.506781317000048],[111.39356530000003,21.519680080000057],[111.40430748800003,21.526678778000075],[111.37647545700003,21.53270091400009],[111.36304772200003,21.532416083000044],[111.34970136800007,21.526678778000075],[111.36280358200003,21.54120514500005],[111.38778730600006,21.541449286000045],[111.43799889400003,21.534084377000056],[111.43091881600003,21.54401276200008],[111.41553795700003,21.55768463700008],[111.41114342500003,21.56826406500005],[111.41211998800003,21.576320705000057],[111.42432701900003,21.590277411000045],[111.43222089900007,21.60297272300005],[111.44410241000003,21.563625393000052],[111.45533287900003,21.551174221000053],[111.47266686300003,21.55459219000005],[111.46713300900007,21.529445705000057],[111.46810957100007,21.51825592700004],[111.47608483200003,21.513617255000042],[111.48934980600006,21.51471588700008],[111.50448652400007,21.51821523600006],[111.51661217500003,21.524562893000052],[111.52100670700003,21.534084377000056],[111.52719160200007,21.534084377000056],[111.53785241000003,21.520453192000048],[111.55665123800003,21.522365627000056],[111.57772871200007,21.53001536700009],[111.59555097700007,21.534084377000056],[111.58643639400003,21.543768622000073],[111.58204186300003,21.555487372000073],[111.58082116000003,21.56834544500009],[111.58187910200007,21.581854559000078],[111.59107506600003,21.57575104400007],[111.59652754000007,21.56549713700008],[111.60092207100007,21.55414459800005],[111.60645592500003,21.544623114000046],[111.61972089900007,21.533026434000078],[111.63046308700007,21.529852606000077],[111.64047285200007,21.533148505000042],[111.65137780000003,21.54092031500005],[111.66578209700003,21.558661200000074],[111.69044030000003,21.60382721600007],[111.71290123800003,21.623439846000053],[111.72836347700007,21.616359768000052],[111.74813886800007,21.614447333000044],[111.78793379000007,21.616034247000073],[111.78207441500007,21.62759023600006],[111.77247155000003,21.635199286000045],[111.76034589900007,21.64020416900007],[111.74691816500007,21.64394765800006],[111.77369225400003,21.650132554000038],[111.77963300900007,21.675441799000055],[111.77247155000003,21.705471096000053],[111.76059004000007,21.725816148000035],[111.69556725400003,21.761419989000046],[111.67807050900007,21.78115469000005],[111.70093834700003,21.768377997000073],[111.72120201900003,21.762640692000048],[111.72584069100003,21.766831773000035],[111.75790449300007,21.75332265800006],[111.76978600400003,21.753607489000046],[111.78793379000007,21.75999583500004],[111.79395592500003,21.744533596000053],[111.80689537900003,21.743312893000052],[111.82227623800003,21.752101955000057],[111.83505293100006,21.766831773000035],[111.82894941500007,21.749212958000044],[111.82935631600003,21.72870514500005],[111.83619225400003,21.71698639500005],[111.84937584700003,21.725816148000035],[111.86060631600003,21.721502997000073],[111.86947675900007,21.716742255000042],[111.87533613400007,21.70970286700009],[111.87671959700003,21.698553778000075],[111.86988366000003,21.698553778000075],[111.85377037900003,21.707424221000053],[111.84229576900003,21.699042059000078],[111.83692467500003,21.685288804000038],[111.83887780000003,21.678127346000053],[111.86793053500003,21.676703192000048],[111.87671959700003,21.678127346000053],[111.88428795700003,21.682847398000035],[111.89576256600003,21.695868231000077],[111.90064537900003,21.698553778000075],[111.90414472700007,21.701727606000077],[111.90406334700003,21.708807684000078],[111.90577233200003,21.71588776200008],[111.91456139400003,21.71906159100007],[111.99195397200003,21.763820705000057],[112.00025475400003,21.774318752000056],[111.97510826900003,21.776190497000073],[111.94638105600006,21.78587474200009],[111.92066491000003,21.800034898000035],[111.90406334700003,21.815252997000073],[111.89576256600003,21.837062893000052],[111.89063561300003,21.86737702000005],[111.88892662900003,21.89911530200004],[111.89039147200003,21.925116278000075],[111.91187584700003,21.91356028900009],[111.93409264400003,21.890448309000078],[111.95167076900003,21.864976304000038],[111.96924889400003,21.824042059000078],[111.99317467500003,21.83417389500005],[112.01880944100003,21.859808661000045],[112.03443444100003,21.88418203300006],[112.04127037900003,21.88418203300006],[112.03736412900003,21.862494208000044],[112.01295006600003,21.83462148600006],[112.00709069100003,21.81867096600007],[112.01303144600001,21.804388739000046],[112.02816816500001,21.797349351000037],[112.04721113400001,21.794989325000074],[112.08554121200007,21.796087958000044],[112.17269941500001,21.81443919500009],[112.18222089900007,21.823146877000056],[112.19263756600003,21.84316640800006],[112.20093834700003,21.826727606000077],[112.20313561300009,21.806708075000074],[112.19898522200003,21.786810614000046],[112.18897545700008,21.77057526200008],[112.18238366000003,21.75299713700008],[112.19686933700007,21.742336330000057],[112.21664472700002,21.735541083000044],[112.22681725400003,21.729641018000052],[112.24488366000003,21.70652903900009],[112.28622480600006,21.708807684000078],[112.33212324300007,21.72406647300005],[112.36329186300009,21.733343817000048],[112.37256920700008,21.742621161000045],[112.38143964900007,21.748521226000037],[112.38795006600003,21.75608958500004],[112.39283287900003,21.78514232000009],[112.40211022200003,21.80141836100006],[112.40430748800009,21.81150950700004],[112.40113366000003,21.83746979400007],[112.39795983200008,21.85057200700004],[112.39405358200008,21.856268622000073],[112.38843834700003,21.862250067000048],[112.38778730600006,21.876166083000044],[112.39063561300009,21.901190497000073],[112.38770592500009,21.908758856000077],[112.37012780000009,21.938788153000075],[112.35653730600006,21.979722398000035],[112.35751386800007,22.00535716400009],[112.36483808700007,22.034491278000075],[112.37818444100003,22.058417059000078],[112.39747155000009,22.068508205000057],[112.39283287900003,22.056301174000055],[112.38168379000001,22.006740627000056],[112.37720787900003,21.994574286000045],[112.37631269600001,21.98655833500004],[112.37850996200007,21.97687409100007],[112.38843834700003,21.96312083500004],[112.39063561300009,21.955511786000045],[112.40479576900009,21.94285716400009],[112.43628991000003,21.94562409100007],[112.46884199300007,21.955959377000056],[112.48617597700002,21.966131903000075],[112.49366295700008,21.966131903000075],[112.48145592500009,21.944647528000075],[112.42416425900001,21.917792059000078],[112.41114342500009,21.901190497000073],[112.41504967500009,21.868475653000075],[112.42603600400003,21.84516022300005],[112.44320722700002,21.82843659100007],[112.55087324300007,21.77285390800006],[112.57911217500009,21.766831773000035],[112.60800214900007,21.775091864000046],[112.63306725400003,21.795803127000056],[112.64755293100006,21.822658596000053],[112.64511152400007,21.849351304000038],[112.68555748800009,21.86985911700009],[112.69092858200008,21.875148830000057],[112.69629967500009,21.88580963700008],[112.70045006600003,21.890326239000046],[112.70606530000009,21.891791083000044],[112.73047936300009,21.890326239000046],[112.73764082100001,21.896877346000053],[112.74024498800009,21.925441799000055],[112.74374433700007,21.93195221600007],[112.78858483200008,21.95180898600006],[112.80038496200007,21.94717031500005],[112.80770918100006,21.952826239000046],[112.81478925900001,21.96157461100006],[112.82601972700002,21.966131903000075],[112.84083092500009,21.96092357000009],[112.85157311300009,21.94830963700008],[112.85897871200007,21.932521877000056],[112.87110436300009,21.893744208000044],[112.87940514400009,21.87518952000005],[112.91158606600004,21.85629082400004],[112.92877957200005,21.86529893100004],[112.95708123400004,21.87565345900009],[112.97266686300009,21.89207591400009],[112.97958418100006,21.901190497000073],[112.98096764400009,21.907171942000048],[112.98593183700007,21.92055898600006],[112.98707116000003,21.928534247000073],[112.98934980600006,21.937323309000078],[112.99472089900007,21.938421942000048],[113.00147545700008,21.938706773000035],[113.016675856,21.94253333800009],[113.025620043,21.949425357000052],[113.02861834200007,21.961148361000085],[113.02119483900003,21.97219124700007],[113.01896882200003,21.97702006800006],[113.021213375,21.984604708000063],[113.022729088,22.002534256000047],[113.01828600200008,22.02115791600005],[113.018304285,22.034950080000044],[113.01610515000004,22.057711938000068],[113.01762046700003,22.08184254300005],[113.0221102810001,22.101146484000083],[113.02063776900002,22.125977567000064],[113.02661394800009,22.143212451000068],[113.05789313000002,22.12109389400007],[113.07729033400005,22.14726667700006],[113.08505293100006,22.207586981000077],[113.11060631600003,22.219305731000077],[113.11036217500009,22.20416901200008],[113.11329186300009,22.18740469000005],[113.11915123800009,22.171942450000074],[113.12745201900009,22.160956122000073],[113.11824435300002,22.14374555800009],[113.12452233200008,22.13108958500004],[113.11532636800007,22.11347077000005],[113.11060631600003,22.09918854400007],[113.11885684100002,22.065838498000062],[113.13962991200003,22.036851782000042],[113.15746661600008,22.024699645000055],[113.17831417500008,22.040914172000043],[113.19469215800007,22.04639504700009],[113.21412194100003,22.045314846000053],[113.23056074300007,22.04315827000005],[113.24716230600006,22.05426666900007],[113.25123131600003,22.06073639500005],[113.25497480600006,22.071112372000073],[113.25586998800009,22.08266836100006],[113.24659264400009,22.103461005000042],[113.25098717500009,22.115668036000045],[113.26343834700003,22.13703034100007],[113.27352949300007,22.138373114000046],[113.27816816500001,22.14052969000005],[113.28223717500009,22.145412502000056],[113.28565514400009,22.153265692000048],[113.29468834700003,22.16787344000005],[113.29794355600006,22.17682526200008],[113.30274498800009,22.183294989000046],[113.31299889400009,22.18577708500004],[113.32545006600003,22.183661200000074],[113.35084069100003,22.171535549000055],[113.36255944100003,22.17145416900007],[113.40197053000009,22.179574118000062],[113.36451256600003,22.230129299000055],[113.35401451900009,22.24355703300006],[113.32850605300007,22.268475656000078],[113.31815839500007,22.289166392000084],[113.30298912900003,22.309759833000044],[113.22730553500003,22.42527903900009],[113.18921959700003,22.462591864000046],[113.16561933700007,22.47874583500004],[113.16016686300009,22.487616278000075],[113.15845787900003,22.506740627000056],[113.16529381600003,22.57558828300006],[113.17758222700002,22.564113674000055],[113.23194420700008,22.479071356000077],[113.24268639400009,22.457464911000045],[113.25562584700003,22.40387604400007],[113.27637780000009,22.37205638200004],[113.30323326900009,22.34365469000005],[113.35157311300009,22.308335679000038],[113.35702558700007,22.301906643000052],[113.36019941500001,22.29315827000005],[113.36231530000009,22.27496979400007],[113.36451256600003,22.26776764500005],[113.41187584700003,22.225531317000048],[113.41903730600006,22.208807684000078],[113.42562910200002,22.18622467700004],[113.45921374300008,22.158004487000085],[113.48374549000005,22.155142169000044],[113.49722991400006,22.17164050200006],[113.52149498800009,22.19131094000005],[113.52808678500003,22.19993724200009],[113.52987714900007,22.20225657800006],[113.52947024800005,22.202866929000038],[113.52295983200008,22.212998765000066],[113.52295983200008,22.213039455000057],[113.53858483200008,22.22174713700008],[113.55285748400001,22.21900641500008],[113.56119560400009,22.233730112000046],[113.58765470100002,22.237882255000045],[113.58998673000008,22.253415329000063],[113.58374784400007,22.26345862700009],[113.57720985200001,22.266637463000052],[113.57470248900006,22.28483152700005],[113.57357832100001,22.300726630000042],[113.58301842500009,22.309515692000048],[113.59229576900009,22.316148179000038],[113.59669030000009,22.32575104400007],[113.59725996200007,22.341538804000038],[113.59945722700002,22.350531317000048],[113.61036217500009,22.37018463700008],[113.58163496200007,22.37132396000004],[113.55811608200008,22.38076406500005],[113.5515710730001,22.395836745000054],[113.54635483700008,22.43758548800008],[113.56251061300009,22.480414130000042],[113.59473803000003,22.523389661000067],[113.59916999500001,22.575179846000083],[113.56384382800002,22.614443708000067],[113.55304258400008,22.63847230300007],[113.516277435,22.67141756600006],[113.47632897200003,22.69985586100006],[113.46631920700008,22.716498114000046],[113.45362389400009,22.725734768000052],[113.39503014400009,22.748195705000057],[113.37753339900007,22.767401434000078],[113.42603600400003,22.74941640800006],[113.43954511800007,22.739447333000044],[113.45191491000003,22.755113023000035],[113.46338951900009,22.76239655200004],[113.49423261800007,22.77484772300005],[113.44003339900007,22.80414459800005],[113.42587324300007,22.81582265800006],[113.36793053500003,22.880682684000078],[113.35043379000001,22.88971588700008],[113.33204186300009,22.887518622000073],[113.31259199300007,22.881008205000057],[113.29224694100003,22.87726471600007],[113.28305097700002,22.88043854400007],[113.26392662900003,22.894598700000074],[113.25806725400003,22.897772528000075],[113.23487389400009,22.899644273000035],[113.21298261800007,22.90452708500004],[113.21298261800007,22.91201406500005],[113.30762780000009,22.89411041900007],[113.33651777400007,22.897772528000075],[113.42994225400003,22.931341864000046],[113.44638105600006,22.92845286700009],[113.46786543100006,22.91901276200008],[113.47372480600006,22.91819896000004],[113.48397871200007,22.924261786000045],[113.48422285200002,22.929348049000055],[113.48096764400009,22.935695705000057],[113.49123164100001,22.953952883000056],[113.50384399300003,22.989832793000062],[113.50231200100006,23.02042368800005],[113.48121178500003,23.05149974200009],[113.45142662900003,23.062323309000078],[113.41928144600001,23.06549713700008],[113.39869225400003,23.083319403000075],[113.41749108200008,23.096991278000075],[113.44516035200002,23.08934153900009],[113.49423261800007,23.06281159100007],[113.50912519600001,23.062160549000055],[113.52466881600003,23.06659577000005],[113.53687584700003,23.075018622000073],[113.54200280000009,23.086411851000037],[113.55087324300007,23.08787669500009],[113.58765709700003,23.10610586100006],[113.59327233200008,23.110663153000075],[113.62647545700008,23.117987372000073],[113.67392011800007,23.150458075000074],[113.70313561300009,23.15778229400007],[113.71981855600006,23.15534088700008],[113.74537194100003,23.143011786000045],[113.76107832100001,23.137925523000035],[113.79794355600006,23.13434479400007],[113.81324303500003,23.129787502000056],[113.83008873800009,23.11749909100007],[113.80087324300007,23.12840403900009],[113.78443444100003,23.131740627000056],[113.75806725400003,23.121568101000037],[113.74423261800007,23.12604401200008],[113.73145592500009,23.13385651200008],[113.72022545700008,23.137925523000035],[113.69198652400007,23.132554429000038],[113.63721764400009,23.109116929000038],[113.58212324300007,23.098456122000073],[113.55640709700003,23.084133205000057],[113.53638756600003,23.06313711100006],[113.52833092500009,23.038031317000048],[113.52881920700008,23.01080963700008],[113.53272545700008,22.995754299000055],[113.54200280000009,22.98651764500005],[113.55396569100003,22.987616278000075],[113.56421959700003,22.996893622000073],[113.58301842500009,23.021226304000038],[113.58383222700002,22.978461005000042],[113.58204186300009,22.957464911000045],[113.57618248800009,22.938706773000035],[113.58668053500003,22.953558661000045],[113.59921308700007,23.00922272300005],[113.61719811300009,23.034898179000038],[113.60507246200007,23.00141022300005],[113.60263105600006,22.98773834800005],[113.60409589900007,22.973456122000073],[113.59799238400001,22.96051666900007],[113.59506269600001,22.94476959800005],[113.59498131600003,22.92959219000005],[113.59669030000009,22.91819896000004],[113.60181725400003,22.930609442000048],[113.60914147200003,22.96287669500009],[113.61207116000003,22.994696356000077],[113.61670983200008,23.007879950000074],[113.63070722700002,23.034898179000038],[113.63819420700008,23.034898179000038],[113.62435957100001,22.999212958000044],[113.61915123800009,22.979396877000056],[113.61719811300009,22.95604075700004],[113.61133873800009,22.93378327000005],[113.59229576900009,22.889064846000053],[113.59603925900001,22.880560614000046],[113.59799238400001,22.88963450700004],[113.60287519600001,22.897650458000044],[113.61036217500009,22.90452708500004],[113.60499108200008,22.887518622000073],[113.60230553500003,22.866359768000052],[113.60556074300007,22.84723541900007],[113.61719811300009,22.83624909100007],[113.61288496200007,22.84837474200009],[113.61011803500003,22.86204661700009],[113.61085045700008,22.87636953300006],[113.61719811300009,22.890285549000055],[113.63257897200003,22.85309479400007],[113.64356530000009,22.83417389500005],[113.65528405000009,22.819240627000056],[113.66260826900009,22.798081773000035],[113.65626061300009,22.77684153900009],[113.65357506600003,22.758734442000048],[113.67237389400009,22.746893622000073],[113.68458092500009,22.746893622000073],[113.69117272200003,22.751613674000055],[113.69507897200003,22.757473049000055],[113.69971764400009,22.76117584800005],[113.71216881600003,22.763332424000055],[113.74439537900003,22.76117584800005],[113.75806725400003,22.75340403900009],[113.76465905000009,22.734808661000045],[113.77293351100002,22.672447513000066],[113.79356800000005,22.661614499000052],[113.79915745100004,22.631001061000063],[113.81283613400001,22.604396877000056],[113.82235761800007,22.587225653000075],[113.83383222700002,22.571926174000055],[113.84376061300009,22.56195709800005],[113.87989342500009,22.53668854400007],[113.89389082100001,22.521144924000055],[113.88184655000009,22.514146226000037],[113.86615533000008,22.511493140000084],[113.86787329700007,22.49482860200004],[113.874362862,22.478184272000078],[113.88147873500009,22.47333294000009],[113.89034489800008,22.452712399000063],[113.90967858200008,22.47764720300006],[113.91032962300005,22.48582591400009],[113.91342207100001,22.487616278000075],[113.91529381600003,22.488674221000053],[113.91529381600003,22.488674221000053],[113.92505944100003,22.48704661700009],[113.93580162900003,22.48891836100006],[113.9477577780001,22.490406454000038],[113.94881613900009,22.50034809500005],[113.94890085200007,22.51119979000009],[113.95193877700001,22.523841151000056],[113.96029707100001,22.528469143000052],[113.96379642000011,22.538112697000088],[113.9706323580001,22.533718166000085],[113.98438561300009,22.533718166000085],[113.98747806100005,22.53184642100007],[113.99927819100003,22.530625718000067],[114.01856530000009,22.52256907800006],[114.03541100400003,22.514227606000077],[114.03549238400001,22.514146226000037],[114.03581790500004,22.513820705000057],[114.03809655000009,22.511379299000055],[114.03874759200005,22.510565497000073],[114.04200280000009,22.506781317000048],[114.05526777400007,22.50694407800006],[114.05844160200002,22.51699453300006],[114.06723066500001,22.521918036000045],[114.07968183700007,22.52374909100007],[114.07911217500009,22.52757396000004],[114.08236738400001,22.529364325000074]]},"properties":{}}]}