terminal_id,lat,lon,berth_count,dwell_minutes,center_method,polygon
0,36.02856796969697,120.22749515151516,9,56625.850000000006,duration_weighted_berth_medoid,"POLYGON ((120.20944674741644 36.01811652887268, 120.2087396518642 36.02044329995443, 120.20976926881603 36.0229320133174, 120.21183338880257 36.02429150594394, 120.21445115654704 36.0244721596107, 120.21464019443457 36.02597206125779, 120.21547422978965 36.027189488735495, 120.21809796313835 36.02842285604435, 120.21930011667794 36.02989913755585, 120.22073037177243 36.03072781013113, 120.22322592152048 36.03102304091564, 120.22584316329835 36.03256956236771, 120.22939134162993 36.03244558026518, 120.23131180569594 36.03164824312229, 120.23246372397638 36.03037677503164, 120.2342965922466 36.02961640622544, 120.23539808319937 36.028473157644555, 120.23606592971785 36.02560999162397, 120.23546823376577 36.024247216326025, 120.23426058338389 36.02318095356435, 120.23026197099264 36.02229809448894, 120.22855706003259 36.02267531180923, 120.22721913648057 36.02350844018074, 120.22459567366438 36.022392535190704, 120.22265412463 36.020589577888344, 120.21977409766764 36.020020202881746, 120.22138185720372 36.01773426512988, 120.22086145235362 36.013497692785315, 120.2186451607224 36.011755083859306, 120.21584675954487 36.01149128959288, 120.21472367442948 36.0093338219209, 120.212429166034 36.00822169079251, 120.2097350849942 36.00797081269397, 120.20807212651827 36.00831080826057, 120.2064105100538 36.009397371677665, 120.20565103344497 36.0106414383505, 120.20520795022586 36.01303200534913, 120.20558947520209 36.014409212709104, 120.20728020397019 36.01600306862436, 120.2097403377667 36.01658871685534, 120.20944674741644 36.01811652887268))"
1,29.96974581818182,121.73142313636363,5,288044.05,duration_weighted_berth_medoid,"POLYGON ((121.72404948971467 29.969527559289798, 121.72806652723541 29.973876014242943, 121.72962758661309 29.974610737485115, 121.73206521142293 29.974782935216606, 121.73312294891562 29.976860266448462, 121.73525375582398 29.97804845379159, 121.74138251514903 29.978038941502653, 121.74325470348265 29.977066914384547, 121.74437684998533 29.97544516393926, 121.74454963159903 29.97124785629086, 121.74331279016054 29.96892021456747, 121.7410967770529 29.967830568159243, 121.73716758794546 29.967633483904745, 121.73587307280606 29.96621235963451, 121.73349084818159 29.965400575942002, 121.72961544382339 29.962098196334573, 121.7280353150245 29.961393244771735, 121.72582317461847 29.961105786274157, 121.72412601739376 29.961422530253476, 121.72269428544283 29.96227321762331, 121.72174187760885 29.963530745348653, 121.7211286321436 29.965506420180965, 121.72129474827074 29.966990650662183, 121.7223795360796 29.968592833565168, 121.72404948971467 29.969527559289798))"
2,34.4283146,119.7939092,2,31355.166666666668,duration_weighted_berth_medoid,"POLYGON ((119.79021649966386 34.43125243431516, 119.79033970137469 34.43446261946001, 119.79125049660655 34.43572026633938, 119.79268116388484 34.43658838243688, 119.79518916501503 34.43714416169481, 119.79689356998139 34.43707315630926, 119.798778719185 34.43626267743378, 119.7998253340109 34.43515092931532, 119.80029357002539 34.433797405171745, 119.8004193023919 34.429570272095575, 119.79890621058152 34.42773846907461, 119.79822194261735 34.42603804422147, 119.79660475041038 34.42478228898212, 119.79314477788044 34.4241818508144, 119.79146077908221 34.4245904826385, 119.79009525096355 34.425500304646576, 119.78925675376608 34.426772344258865, 119.78886996920774 34.42860885121181, 119.78923229345762 34.43006858094878, 119.79021649966386 34.43125243431516))"
3,39.20837098148149,118.99111805555556,12,360005.01666666666,duration_weighted_berth_medoid,"POLYGON ((118.97470856707673 39.20283588050258, 118.97417769232405 39.20413374152686, 118.97412691945522 39.20747852589637, 118.97514934866142 39.209396989436435, 118.97784157511445 39.210600004104236, 118.98598930134014 39.210468496526076, 118.98752668601281 39.21186226827405, 118.98987488740273 39.21245554956057, 118.98927638212147 39.21429511093889, 118.98951011335929 39.21692532569079, 118.99018788450631 39.218212309561544, 118.99146174856739 39.21919108710093, 118.99357615282705 39.219750070299206, 118.99985266343374 39.219638561385885, 119.00153271254193 39.21920641600073, 119.00286674824439 39.2183049011223, 119.00364755216306 39.217074036234315, 119.00373859280697 39.214965554896644, 119.00460048379196 39.213472840296056, 119.00510474576988 39.20969995934187, 119.00394641709505 39.20729436272309, 119.00134780583122 39.205940457394966, 119.00219437985581 39.204528433427356, 119.00221037891593 39.20316247894306, 119.0013107449402 39.20144166207476, 119.00009455029158 39.20047992043726, 118.99787153267823 39.19988300348642, 118.99585277594772 39.198802823226934, 118.99274589416274 39.198587265619665, 118.991625333504 39.197131045508094, 118.98977888545713 39.19626584035124, 118.98556449349181 39.19608619387257, 118.98329303470952 39.195163495362664, 118.979893691314 39.195141887749266, 118.97781462003523 39.19575340418053, 118.9748812262647 39.19812717184438, 118.9740922662091 39.20114239644605, 118.97470856707673 39.20283588050258))"
4,39.21045625,119.00892791666666,8,372588.26666666666,duration_weighted_berth_medoid,"POLYGON ((119.00240529233248 39.20384751263718, 118.99986833749213 39.205230444828224, 118.99907076264884 39.20721034154028, 118.99926011683523 39.21243429396114, 119.00035997105115 39.21387468927202, 119.00220044759439 39.21475071705102, 119.0122162804374 39.214880645984266, 119.0137606558483 39.214275940463736, 119.0148953719715 39.213263755129134, 119.01553071399363 39.210780434485066, 119.01777687374734 39.211908140750495, 119.02115991194162 39.21210482791317, 119.02322171002676 39.2114812471828, 119.02482375168732 39.20985162424738, 119.02521833477475 39.206691804646994, 119.02455460396031 39.20502999460183, 119.01914128215297 39.20027831888849, 119.0180242926352 39.198659242232175, 119.01621675849422 39.197762530645434, 119.01155304102593 39.197543888426885, 119.00891620831554 39.19865301976801, 119.00462156127452 39.1991550227062, 119.00265206215207 39.200930526368616, 119.00240529233248 39.20384751263718))"
5,34.475525634920636,119.78628074603174,1,62845.450000000004,duration_weighted_berth_medoid,"POLYGON ((119.79185760160985 34.470124723295115, 119.7895288919708 34.469209126501795, 119.78373334174432 34.46933308087981, 119.78166624971418 34.46982765817747, 119.78036483955471 34.470764840554466, 119.77943748191063 34.47274235973209, 119.77957813135868 34.479069281476754, 119.7801210688915 34.48044831450821, 119.78126478733613 34.48154973971071, 119.78370439912243 34.48233016281103, 119.78932221820722 34.48223724815971, 119.79138296622763 34.48177833426136, 119.79269833749389 34.480872972739036, 119.7936804328439 34.47893245991651, 119.79376449400584 34.47289680041577, 119.79311145279146 34.47125893893036, 119.79185760160985 34.470124723295115))"
6,34.442998,119.79618388235295,2,42015.816666666666,duration_weighted_berth_medoid,"POLYGON ((119.79076542792833 34.445760823149875, 119.7914150949043 34.44814568165485, 119.79367213525332 34.44979445040543, 119.79700124227514 34.45002873619393, 119.79962757760507 34.44864381018015, 119.80125632054413 34.445108850546845, 119.80129263476208 34.44018353361824, 119.8008262479723 34.43853545161358, 119.79910928997457 34.43687187190655, 119.79750395640849 34.43625285810446, 119.7957332662825 34.43619413453618, 119.79315485467734 34.436805236775484, 119.79151372952816 34.437915729358195, 119.79062281439123 34.43987454591051, 119.79076542792833 34.445760823149875))"
7,34.590170729166665,119.60588560416666,3,29343.016666666663,duration_weighted_berth_medoid,"POLYGON ((119.60506072248768 34.586103817657396, 119.60355504815114 34.586513877442066, 119.60219788491924 34.587453253024854, 119.60088215623726 34.59018504798533, 119.60163975812274 34.59256891069906, 119.60404862866329 34.59403152656602, 119.60624401603992 34.59434382337486, 119.60832328474338 34.593936415725764, 119.61092415944154 34.592791849396406, 119.6122922171488 34.5917080583065, 119.61485997220329 34.59116614993342, 119.61676317159183 34.589204514684674, 119.61692931013434 34.58701276201413, 119.61646246357945 34.58560613919882, 119.6153713818958 34.58445745248148, 119.61382573263131 34.583745340876696, 119.61048246245167 34.583761379353035, 119.60808290567242 34.58514922934959, 119.60506072248768 34.586103817657396))"
8,38.947784999999996,118.45825825,7,131846.51666666666,duration_weighted_berth_medoid,"POLYGON ((118.45020371124022 38.952361741309524, 118.45053770271078 38.95690019972039, 118.45015527479518 38.95867320195594, 118.45087981640758 38.96026434882624, 118.45210503795741 38.961228131871316, 118.45443133385002 38.96206691521615, 118.45614835768805 38.96209018488868, 118.45775111543156 38.96161071414548, 118.45924137523238 38.960417426753615, 118.46021931021852 38.958451045344965, 118.45994631645782 38.9516122024679, 118.46437819975583 38.94980258087504, 118.4683540574879 38.94708565032186, 118.46904112493411 38.945086031708136, 118.4688571447992 38.9431842816936, 118.46811788797882 38.941942973538744, 118.46560294124164 38.94061882318076, 118.46162968530352 38.94075647632229, 118.46012898609277 38.94144597488771, 118.45906096382708 38.94256035596501, 118.4549189637705 38.94466777714631, 118.4537784845384 38.945854851485976, 118.45092967143137 38.94655730484561, 118.44956711576046 38.94786469244228, 118.44902483060152 38.94983079568915, 118.44927544591452 38.95116390135027, 118.45020371124022 38.952361741309524))"
9,38.96871393442623,118.45514906557376,6,144761.45,duration_weighted_berth_medoid,"POLYGON ((118.45011487061126 38.96958996676343, 118.45012001576876 38.974391087793904, 118.45128080271553 38.97643069705777, 118.45307934345293 38.9775286343438, 118.45514181902156 38.97787789325171, 118.45679811696787 38.97760012399313, 118.45889106258856 38.97650124177231, 118.4601777281468 38.974379906828275, 118.45980664617215 38.967780378095576, 118.46020965544288 38.96024097808612, 118.45919779329748 38.95828804619435, 118.45667833163189 38.95690805694628, 118.45490425330239 38.956668651896685, 118.45315181358978 38.95699030107263, 118.45127308097268 38.958121387087154, 118.45038645220095 38.95924814427692, 118.45011487061126 38.96958996676343))"
10,38.9963995,118.45519483333334,4,47813.733333333344,duration_weighted_berth_medoid,"POLYGON ((118.4502540721647 38.99807317594727, 118.44991350221935 39.00618701303919, 118.45041354372498 39.007807529227065, 118.45182349818505 39.00906314986876, 118.45388306707085 39.00982984424907, 118.45559075212554 39.010003428799, 118.45725697023045 39.00966489533668, 118.45931614304108 39.00825751822951, 118.46014856212285 39.00672635362227, 118.45994699437085 38.99201025912201, 118.46029510855155 38.99074565882318, 118.45947129557416 38.988081630785736, 118.4572225295606 38.98643128848684, 118.45546773935784 38.98614857757904, 118.45298419514454 38.98657646444939, 118.45140141842846 38.987248345252766, 118.45028622163049 38.98834996976572, 118.44981396411144 38.990056389307625, 118.45027518625899 38.992229970199034, 118.4502540721647 38.99807317594727))"
11,38.97720117857143,118.45511096428572,5,122197.11666666667,duration_weighted_berth_medoid,"POLYGON ((118.450252796007 38.978589462169026, 118.45006581208608 38.98478926574062, 118.45045829352638 38.988312932968874, 118.45178515877011 38.98971314006335, 118.45371136700334 38.99055833896378, 118.45545097117535 38.990811913154715, 118.4571815516074 38.9905234392556, 118.45918343104286 38.98919392015369, 118.46027210711016 38.986796344148935, 118.46026618213446 38.979526339182144, 118.45986876092545 38.978070844589865, 118.46016520202387 38.97591005651835, 118.45967370570867 38.97453595811543, 118.45812141483393 38.973120959564106, 118.45653264205521 38.972472092647614, 118.45474393559208 38.9723586005908, 118.45304085893726 38.97279860465687, 118.45132992826333 38.97372836397327, 118.45040741406208 38.97484576918479, 118.450252796007 38.978589462169026))"
12,39.576325,121.262405,2,205416.55,duration_weighted_berth_medoid,"POLYGON ((121.25415286136311 39.57760679997254, 121.25315999421429 39.58002785970844, 121.25402235104649 39.58219614800484, 121.25644103066988 39.58348771452003, 121.25976101611298 39.58353337932375, 121.2613039086687 39.58285135003587, 121.26253521546896 39.581484259061796, 121.26624270280475 39.581308533492724, 121.26861974114657 39.57996391443729, 121.2694104392181 39.57810353806407, 121.2692398042599 39.5735704930489, 121.2679766599429 39.57218482285535, 121.26601200039248 39.57142671911276, 121.25699077956946 39.571494293052176, 121.2552019701532 39.572491708965714, 121.25435578860485 39.57369246829441, 121.25415286136311 39.57760679997254))"
13,39.58503143478261,121.28841873913044,2,191042.55000000002,duration_weighted_berth_medoid,"POLYGON ((121.28489666769975 39.59146659673224, 121.28580906421976 39.592738377635236, 121.28735206334812 39.59371252109693, 121.29030700941841 39.59420108964405, 121.29267848580012 39.59337211747628, 121.29567043038112 39.5903242713577, 121.2964282931484 39.588744828117115, 121.29650013392659 39.58335421388826, 121.29580642928678 39.58178492737305, 121.29461218869852 39.58082349741673, 121.29260817224805 39.58022099058016, 121.28682835460863 39.58007198637117, 121.2847860846669 39.58056467773406, 121.28307472494312 39.58175732209236, 121.28218521102482 39.58357120479884, 121.28230043317093 39.588714212043826, 121.2830441177742 39.590263081523126, 121.28489666769975 39.59146659673224))"
14,39.214932000000005,119.03197606896552,4,56414.91666666666,duration_weighted_berth_medoid,"POLYGON ((119.02726445733045 39.217071090973825, 119.02826204963111 39.21801872585747, 119.03010761286014 39.218749457582, 119.03313527861576 39.220752493758695, 119.03520590907846 39.22138562312428, 119.03820010717789 39.221264249273, 119.0398535531446 39.22076253434019, 119.04136057758232 39.219508698821585, 119.04188882276594 39.218195241733824, 119.04160468781674 39.21585346435852, 119.04022331902267 39.214199279662985, 119.03202650194714 39.210215903860096, 119.02966586523087 39.209742941760396, 119.0279608174482 39.209881535145854, 119.0264469914425 39.21050502824585, 119.02534493606944 39.2115225734008, 119.02461183925145 39.21311892359079, 119.02500939562094 39.21545969759564, 119.02726445733045 39.217071090973825))"
15,39.92469474647887,119.67636757746479,11,170443.73333333334,duration_weighted_berth_medoid,"POLYGON ((119.66413983270327 39.933406230106606, 119.66642768549093 39.93445154009557, 119.66727063239091 39.93565213043144, 119.66890357106851 39.936695453170074, 119.67061323331075 39.9370720930377, 119.67237950629442 39.93691031662154, 119.67453740253282 39.93573599609114, 119.67546133105046 39.933517990580654, 119.67701121784133 39.93273340435161, 119.67825419300168 39.93079004574656, 119.67983864585743 39.930087914360584, 119.68088751703876 39.92901675220494, 119.68171223059015 39.9228787886735, 119.68139857638789 39.921504075403995, 119.68249271001216 39.91809685511393, 119.68262461413804 39.913469602692494, 119.681895321968 39.9118428079229, 119.67990897134067 39.91041333322347, 119.67788849370507 39.90998848980875, 119.67505528086117 39.910403158488435, 119.67351786893383 39.91095928221332, 119.67215080096828 39.91219964626201, 119.67167653045428 39.913782555732226, 119.67176655333104 39.922986625003915, 119.66839729780776 39.92327182603625, 119.66618895755082 39.92490810216767, 119.66312827456048 39.92537259096532, 119.66125065334555 39.92686522569813, 119.66063256663317 39.928547007473924, 119.66096957223746 39.931034159536566, 119.66206529820874 39.93248135683048, 119.66413983270327 39.933406230106606))"
16,38.94346063414634,118.4467070487805,1,44827.4,duration_weighted_berth_medoid,"POLYGON ((118.45252910573488 38.93908172736128, 118.44945725539083 38.938176971490975, 118.44290210193142 38.938255938563394, 118.44055546324755 38.939016767387464, 118.43945827715606 38.940034825344966, 118.43892903282062 38.94129784904268, 118.43878194099024 38.94540096779288, 118.4397224576358 38.947304718993685, 118.44105878814648 38.94819847672786, 118.4427344208439 38.948623524926326, 118.45010943584717 38.94873366214495, 118.45250171978955 38.948019193012485, 118.45412528188344 38.946080751723805, 118.45444635969729 38.94214949704359, 118.45401829131384 38.940488779387536, 118.45252910573488 38.93908172736128))"
17,38.97226310810811,117.76098777027026,10,124744.58333333333,duration_weighted_berth_medoid,"POLYGON ((117.75248669738835 38.970329076449474, 117.75032501609746 38.97065246617382, 117.74862059753126 38.971735579907346, 117.74786784016977 38.97297893843003, 117.74758907879449 38.97539783447519, 117.74899203061273 38.977452888070616, 117.75131134312663 38.978328554599656, 117.75494420145876 38.978232014254615, 117.75655504513894 38.97765726133282, 117.75774330735304 38.97665563906297, 117.75969879407573 38.97650890891136, 117.75996580531715 38.977816550760515, 117.75568805300647 38.978185092049394, 117.75433493089524 38.97901136599365, 117.75336176463819 38.980495876046135, 117.75343608901628 38.98417358420574, 117.75464707445593 38.985566116623836, 117.75613718447387 38.986258519645034, 117.76240716650344 38.98628595342599, 117.76502553651996 38.985242641123314, 117.7662513309766 38.98316342428339, 117.76584014444938 38.98018875483944, 117.76772060553735 38.97953632878357, 117.76887187537335 38.9785214769907, 117.76966414144776 38.97629585782479, 117.76922635023935 38.97466020976179, 117.76989865056713 38.974203004590365, 117.77274328986717 38.97375713848438, 117.77164718869429 38.975281405168985, 117.7713243313368 38.97727947159903, 117.77213006972671 38.97885012226672, 117.77379065137498 38.97994226639834, 117.7754774740324 38.980293856984325, 117.77813449847972 38.98017036407636, 117.77964216092381 38.97950504656933, 117.78089247692607 38.978136403431876, 117.78123796639188 38.97588681439753, 117.78047394492656 38.97429888138557, 117.7784372945508 38.97303569714655, 117.77579955549831 38.97268166309045, 117.77715828302533 38.9706886321965, 117.77726050076295 38.969026914185704, 117.77607680539305 38.96726488275903, 117.77426426966096 38.96638067033534, 117.77201090663081 38.965971096397084, 117.7676006363042 38.966554439439264, 117.76409060557374 38.9679385062102, 117.76004324292887 38.96834908412108, 117.75622657198952 38.96924099597457, 117.75424638505845 38.97041305368954, 117.75248669738835 38.970329076449474))"
18,38.973708499999994,117.7859677962963,7,57026.46666666667,duration_weighted_berth_medoid,"POLYGON ((117.77876875359253 38.964888726214745, 117.77640240034962 38.9653693162362, 117.774823783413 38.96659471765867, 117.77387063082382 38.96840500881976, 117.77434881687297 38.97047333377374, 117.77655601784866 38.97226646525544, 117.77946331027564 38.972630070034235, 117.77888109858954 38.97410400056659, 117.77911445666413 38.975494704065476, 117.78043797624899 38.97704932453464, 117.78232592502344 38.97800931533651, 117.78261056442064 38.980560183036204, 117.7840430694365 38.98230272696441, 117.78649244550643 38.98310966312055, 117.78987116639118 38.983110369034286, 117.79154822938266 38.982714914943614, 117.79290295043991 38.98185067486894, 117.79372908556253 38.98064920751825, 117.79389955810628 38.97758379778826, 117.79284396567901 38.975666324414156, 117.79082131166295 38.97462049822697, 117.79092652312097 38.97270527113594, 117.78982414811895 38.97113106655208, 117.791667423507 38.97060044901999, 117.79313419995275 38.969379736974474, 117.79402724830364 38.96746007610461, 117.79356502467164 38.96545839153095, 117.79174691647755 38.963996295610734, 117.78802796889875 38.96328389112428, 117.78537782717059 38.963901287374455, 117.7822591757587 38.96380931846732, 117.77876875359253 38.964888726214745))"
19,38.9839079375,117.78047471875,4,20215.350000000002,duration_weighted_berth_medoid,"POLYGON ((117.77559088952758 38.983954771716064, 117.77438004088687 38.98691030058446, 117.77506919605453 38.98915449734245, 117.7780439328593 38.990853145743316, 117.78107019896483 38.99080269175479, 117.78336806033397 38.989271215897084, 117.78428260231223 38.98670438232771, 117.78870206349862 38.98381090705356, 117.78924173883509 38.98215157239033, 117.78889983793833 38.979664340700864, 117.78792618655996 38.97853157069565, 117.78605399822646 38.977659229155094, 117.78143785471487 38.97776985145266, 117.77642589824619 38.98140578546993, 117.77568015586783 38.982636480334165, 117.77559088952758 38.983954771716064))"
20,40.2523666375,122.08205977499999,1,241000.5,duration_weighted_berth_medoid,"POLYGON ((122.09485502414542 40.24414924664902, 122.09202912715885 40.24315551261039, 122.08126411044596 40.243327218154775, 122.07917618641237 40.24376201395134, 122.07759702464371 40.24489162682113, 122.07687612702148 40.246787039435645, 122.07706051725022 40.261694190311374, 122.07761629329785 40.26331359158918, 122.07911088256793 40.264538951028875, 122.08118775998726 40.265077993695705, 122.09258795821033 40.26492616020672, 122.0946073983068 40.264351945430214, 122.09604387152227 40.26312603528118, 122.09656668084686 40.26153062646384, 122.0965991603569 40.24658852987351, 122.09609157274582 40.24530333282747, 122.09485502414542 40.24414924664902))"
21,38.96738914423077,118.47184888461538,1,281037.7666666667,duration_weighted_berth_medoid,"POLYGON ((118.48038265180519 38.95805301307403, 118.47755284215508 38.957040415113255, 118.4687897734321 38.95718625834954, 118.46670340125463 38.95763039784715, 118.4651259579208 38.9587813690246, 118.46440628230361 38.96071154163057, 118.46455622062898 38.971053158008836, 118.46531578503645 38.97264953361006, 118.46657367521827 38.973604166165984, 118.4686447281349 38.97415601325616, 118.47807927920464 38.97405035132644, 118.47972925888234 38.973646298869966, 118.48131878616738 38.97251530231884, 118.48207158246977 38.97060117925062, 118.4821280060438 38.96054803466469, 118.48162180538904 38.959232537696714, 118.48038265180519 38.95805301307403))"
22,29.97054466292135,122.15078051685393,1,67108.95000000001,duration_weighted_berth_medoid,"POLYGON ((122.15464925506247 29.966899573075494, 122.15266426887925 29.96608907067915, 122.14939910169997 29.966209670637802, 122.14767484627201 29.96668008290618, 122.14630431420285 29.967701283693035, 122.14541827448221 29.9694938634253, 122.1455411988616 29.972751046419948, 122.14613883226144 29.974183444763888, 122.1473254419156 29.975307345820635, 122.14935349741137 29.976022793407637, 122.15286827603087 29.975906925424336, 122.15452388918267 29.975378443171994, 122.15581676114796 29.974338319630743, 122.15662674720465 29.97256878787422, 122.15666578706595 29.96955528271412, 122.15600098065647 29.96809296666136, 122.15464925506247 29.966899573075494))"
23,31.024236609375,121.486345109375,1,28667.983333333334,duration_weighted_berth_medoid,"POLYGON ((121.48948127440134 31.019964250662163, 121.48798296101577 31.019268794824278, 121.48586505136083 31.019147020590864, 121.48325111596834 31.019905991390118, 121.48175560617484 31.02121272210666, 121.48113343788542 31.022963642529234, 121.48149072647213 31.025581719084087, 121.48219992112672 31.026923452857865, 121.48344530347804 31.0279386524497, 121.48547278873683 31.02852839659154, 121.48794892028866 31.028256084774846, 121.48953895179153 31.02768771490356, 121.49076232848199 31.02664822742469, 121.49150913102191 31.024924185134996, 121.49148930510742 31.022550686690717, 121.49082165825511 31.021129988421293, 121.48948127440134 31.019964250662163))"
24,31.056826382352938,121.47264359558824,8,139704.48333333334,duration_weighted_berth_medoid,"POLYGON ((121.46261814693567 31.07064287381964, 121.46221320888367 31.071975993002418, 121.46244882983297 31.074571354918298, 121.46328668520297 31.075865644964658, 121.46463302183729 31.07679324514974, 121.46628859514588 31.077216891876123, 121.46889534527054 31.077162440384157, 121.47050108751849 31.07659909382832, 121.47196586493847 31.075237887750426, 121.47287958003118 31.070883434666268, 121.47359822583152 31.069537018607488, 121.4736231531024 31.06786040504965, 121.47505666458568 31.06526553710015, 121.47485836810789 31.062275848369822, 121.476909910856 31.060322227848477, 121.47736669156296 31.055552511268825, 121.47864204653327 31.05436684827891, 121.47921263457263 31.052976799045513, 121.47924210748711 31.049704916065632, 121.47834927791227 31.04842264867037, 121.47695395307295 31.04752804918255, 121.47295413971449 31.04701879261224, 121.47104930892918 31.047842688851283, 121.46998345343309 31.048991550453856, 121.4691693858692 31.051845606422106, 121.46938293793622 31.053424172061575, 121.46779809742074 31.055268555323536, 121.46696314561916 31.05798824530337, 121.46719845611153 31.05963592432085, 121.46531624086415 31.061694093260282, 121.46508267569212 31.06320885671439, 121.46415848341368 31.064667972182384, 121.46403823037079 31.066269851782856, 121.46280291630359 31.06872285444228, 121.46261814693567 31.07064287381964))"
25,31.04006892,121.47640691999999,4,57890.93333333334,duration_weighted_berth_medoid,"POLYGON ((121.47047910738945 31.041824964046818, 121.47098714911215 31.04354883767611, 121.47060305223707 31.047383589031785, 121.47170586894349 31.04934156823964, 121.47389706749546 31.05056352370244, 121.47560765056758 31.050945403462876, 121.4773577575996 31.050732232609406, 121.47887631472457 31.049957025462724, 121.48049857750829 31.04801315410799, 121.48192317809519 31.04174118668294, 121.48162599367049 31.038510685265845, 121.48076226270362 31.037058194222077, 121.48193079399746 31.035197000547328, 121.48215291316927 31.033663554525926, 121.48165323410404 31.032178820783866, 121.48051230435568 31.030982143740456, 121.4770796149332 31.029845858900035, 121.47539861369522 31.030122028309883, 121.47366426582013 31.031184732550777, 121.47222598591907 31.03380113475967, 121.47277748369933 31.03616424898439, 121.47141805470265 31.037147527453183, 121.47062459179742 31.038470177547005, 121.47047910738945 31.041824964046818))"
26,26.72602115384615,119.73616476923077,2,67223.65,duration_weighted_berth_medoid,"POLYGON ((119.73031966979879 26.725759076748385, 119.73087336796132 26.72732035314403, 119.73254509718667 26.729258576041158, 119.73520746141202 26.730511118013514, 119.73776489940704 26.730320761726897, 119.739323764721 26.72966720155882, 119.7404927034253 26.728537767763665, 119.74115138944762 26.72671444999362, 119.73995046536099 26.721874143899424, 119.7384991601589 26.720473407852246, 119.73648746014811 26.71983014445035, 119.73335745433948 26.720082790796965, 119.73146360483831 26.7210827383233, 119.73022070566405 26.723151048910434, 119.73031966979879 26.725759076748385))"
27,31.133493692307695,121.45783084615384,1,2505.75,duration_weighted_berth_medoid,"POLYGON ((121.46294495836615 31.12918076036921, 121.46148461671125 31.128422850890114, 121.45979932638237 31.128186355028863, 121.4562938684069 31.128347190779124, 121.45434314495752 31.129199930051584, 121.45309551153429 31.1307409884549, 121.45269336236971 31.13349970819498, 121.45293276547801 31.135007498069328, 121.45383682081733 31.136317670884978, 121.45610603920356 31.13748002893222, 121.4599929111446 31.137693438090476, 121.46175292921723 31.13745266807372, 121.46326496883195 31.136644943183665, 121.46445043455986 31.135038755977654, 121.46485431551119 31.132085636587604, 121.46420493211507 31.13036695145518, 121.46294495836615 31.12918076036921))"
28,26.0411542,119.50263850000002,1,31001.216666666667,duration_weighted_berth_medoid,"POLYGON ((119.50604272043586 26.036915809444658, 119.5041592527676 26.036000835353217, 119.50201834567798 26.03597329851138, 119.49943515487806 26.036677587963087, 119.49766339986041 26.0383199008656, 119.49715063660257 26.040177695086552, 119.49753135623854 26.04386939770509, 119.49845726146938 26.04565151740655, 119.4998117090796 26.046657871365095, 119.50193379986938 26.04714042945028, 119.50475352239569 26.046699416294594, 119.50629553720559 26.04596282082427, 119.5074082925744 26.044753497678457, 119.50792356007321 26.043254263377833, 119.5078917512125 26.039544532125007, 119.50729236121603 26.03814583476609, 119.50604272043586 26.036915809444658))"
29,31.49786483435583,121.37119857055215,3,40888.83333333333,duration_weighted_berth_medoid,"POLYGON ((121.36810277923044 31.502119803696953, 121.36874686984149 31.50364260076206, 121.37035268601308 31.504944178684784, 121.37343742503371 31.50566430768388, 121.37562717967273 31.50540844994583, 121.37740868432793 31.504293104746882, 121.37949759907112 31.501712546950905, 121.38009842094121 31.49978906802796, 121.37979370822006 31.498262797486472, 121.37522124603088 31.49338719686932, 121.37313995182178 31.49284979643597, 121.36875113150087 31.492956526941025, 121.36619985152433 31.494637055367278, 121.36532768354148 31.49677116322193, 121.36591024082055 31.500310586819708, 121.36810277923044 31.502119803696953))"
30,38.98517462831859,117.7388952920354,4,35501.183333333334,duration_weighted_berth_medoid,"POLYGON ((117.73198973958014 38.98383832117696, 117.72997053993802 38.984046882701236, 117.7282179733292 38.98498177356438, 117.72703845573608 38.98676889809775, 117.72677290300831 38.98810914655106, 117.72738791267658 38.989729033347345, 117.72854705949834 38.99074245019343, 117.73197926156601 38.99149306184098, 117.73409709920168 38.991194054771746, 117.735924091481 38.99001954823525, 117.73840828933093 38.9899477015892, 117.7419164176182 38.9886472702801, 117.74533515668041 38.986661439110776, 117.74636402256354 38.98414188202583, 117.74612951795513 38.98280678788088, 117.74495959944082 38.98139610113678, 117.74349205600447 38.980678882316994, 117.7410877242189 38.98035054949645, 117.73386497375093 38.982411177506165, 117.73198973958014 38.98383832117696))"
31,27.997375842857142,120.87555838571427,1,104632.46666666669,duration_weighted_berth_medoid,"POLYGON ((120.88168233843099 27.993916521314638, 120.87894517672682 27.99277386298155, 120.87073172902703 27.99304627680949, 120.86899907000021 27.994148901381685, 120.86790876521678 27.995912778477567, 120.86752232806442 27.99745599902592, 120.86784911626093 27.99900990661475, 120.86956679893541 28.000944882453147, 120.87153996176191 28.001768871010956, 120.88020488962766 28.001566200700665, 120.8821858240931 28.00020822000909, 120.88340742277538 27.997643139119976, 120.88313120209105 27.995656569910473, 120.88168233843099 27.993916521314638))"
32,31.998684683544305,120.5561041392405,1,13683.55,duration_weighted_berth_medoid,"POLYGON ((120.56051558058925 31.99516764305861, 120.55788979544785 31.99419527909297, 120.55364513621102 31.994216461721624, 120.55165523175617 31.99480857141327, 120.5502032827537 31.996105620605604, 120.54943135657335 31.998154281581265, 120.54943627587866 31.99996818351284, 120.55015993127638 32.0012887056819, 120.55141501009592 32.002282439920414, 120.55301808878257 32.00280416924347, 120.55772204469771 32.00311488035755, 120.56020928512693 32.00242481392431, 120.56164160104174 32.001019246940466, 120.56242723689147 31.99859466861335, 120.56202303393204 31.996734915761404, 120.56051558058925 31.99516764305861))"
33,27.97040362162162,120.7919195,2,129266.5,duration_weighted_berth_medoid,"POLYGON ((120.78596409495502 27.96772929750216, 120.78401894507864 27.967800023001466, 120.78248436320168 27.96846047789154, 120.78088403182178 27.970028343680106, 120.78029536647085 27.97147435615332, 120.78037307495762 27.973009437410937, 120.78110549704625 27.974403248039238, 120.78408883767834 27.97625172297501, 120.786636353414 27.976202050598364, 120.78880980322327 27.974864694578596, 120.7980095343973 27.974886191019102, 120.80020050095527 27.973690828264118, 120.8014175642049 27.972077066393734, 120.80162317614743 27.97014659299934, 120.80086667886704 27.967798549699044, 120.79976169573033 27.966534012493316, 120.79818159556548 27.965756898421688, 120.78935315418026 27.96563206551742, 120.7874738669067 27.96636061279481, 120.78596409495502 27.96772929750216))"
34,31.31232717721519,121.55483663291139,1,21990.766666666666,duration_weighted_berth_medoid,"POLYGON ((121.55770162894959 31.30877835985091, 121.55560336060447 31.308055000304023, 121.55379124930592 31.30817101731079, 121.55150884030087 31.309187095984317, 121.55037924010118 31.31035226127738, 121.54984369106101 31.312180029372644, 121.55039839475322 31.314785266518523, 121.551252407513 31.316119562340855, 121.55264604917934 31.317065647155378, 121.55436042994602 31.317474939071776, 121.55612628370056 31.31728316042565, 121.55806814927843 31.316474454596865, 121.55946548419776 31.315093662532064, 121.5599405192293 31.31368565751158, 121.55984577254974 31.311321313497007, 121.55910019274704 31.309889926930563, 121.55770162894959 31.30877835985091))"
35,39.50829981640625,121.27224996875,2,34854.98333333333,duration_weighted_berth_medoid,"POLYGON ((121.26740503923699 39.50242600518792, 121.26708014331068 39.50980241648976, 121.26763214204648 39.51148880376913, 121.26880404724092 39.512553573214895, 121.27079541129199 39.51337671902819, 121.27255059693744 39.51359800401161, 121.27427951789483 39.51327639726236, 121.27641454721802 39.51183502452434, 121.27725495637839 39.5101541683415, 121.27724083197182 39.500369339311604, 121.27673574371916 39.499044809530645, 121.2741617897068 39.49713638536095, 121.27204765394337 39.49687094135349, 121.27039136400003 39.49722751091031, 121.26859344048525 39.49809516067376, 121.26757751660017 39.4992226669711, 121.26740503923699 39.50242600518792))"
36,31.923670414715723,120.16438249498329,10,228609.09999999998,duration_weighted_berth_medoid,"POLYGON ((120.14424353339133 31.923892722237884, 120.14264052192846 31.924339546239757, 120.14134485070461 31.925256829387042, 120.14001038836666 31.92815207472139, 120.14102839423856 31.93058484696086, 120.14241199865745 31.931681040645223, 120.14403744288455 31.932250285201047, 120.14901354752136 31.931966643495553, 120.1513210459566 31.930881277945648, 120.15618335902089 31.93106375325912, 120.15929579407751 31.93049703213786, 120.16125775889167 31.929705191866663, 120.1626409896058 31.928307337385153, 120.16490228105775 31.929324623047442, 120.17021657866856 31.929297731647598, 120.1722123298353 31.92846551971876, 120.17349317185115 31.926922821440755, 120.1736900413716 31.924707134747543, 120.17469086449918 31.922316182889805, 120.17452598479974 31.91882577451802, 120.17381368161958 31.917462711617446, 120.17253990179343 31.916435801243676, 120.1708995025854 31.91590214883319, 120.16865287823282 31.915881279445745, 120.1658813113906 31.91677798976993, 120.16480473706545 31.917912990633468, 120.1643048277251 31.91936581268599, 120.16333441461666 31.919432680528388, 120.16273579557279 31.917979194594317, 120.16115286939241 31.91656837426162, 120.15950538522601 31.915924698023044, 120.15769231407872 31.915886527558133, 120.15542885485294 31.916716156924178, 120.1539750120237 31.918033442851048, 120.15308819874788 31.922366470563805, 120.15102576989976 31.922682711516295, 120.14935866008516 31.923676522551432, 120.14424353339133 31.923892722237884))"
37,31.9320282987013,120.12951923376625,2,43897.08333333333,duration_weighted_berth_medoid,"POLYGON ((120.12864473084545 31.927044389643864, 120.12590945773246 31.92780574897023, 120.12452966156425 31.928950814294534, 120.1237770400815 31.930351845807706, 120.12425226585626 31.93386386525246, 120.12517989608416 31.935096405760145, 120.12658613190548 31.935941782171838, 120.1282639640766 31.93627556005778, 120.13365729193445 31.935948997724182, 120.13629212094123 31.93432904462965, 120.14032713480506 31.93374204110676, 120.14237882765694 31.931850647118228, 120.14273348914321 31.93039257462398, 120.14222501362812 31.928127987033687, 120.14128916892568 31.926902392012348, 120.13987901196333 31.926065391564293, 120.1360855667883 31.925702405727588, 120.13432194525107 31.926126702993265, 120.13280624269488 31.92710042330798, 120.12864473084545 31.927044389643864))"
38,31.47966566666667,121.40186585714285,1,15119.65,duration_weighted_berth_medoid,"POLYGON ((121.4055700370277 31.47562582168143, 121.40392751443763 31.474897172791, 121.40207992736532 31.47479546085521, 121.39941162503624 31.475295722043693, 121.3977034607828 31.47650355377146, 121.39688168143607 31.47826136191383, 121.39703135974158 31.48090936196269, 121.39765998885477 31.482310299943673, 121.3988712630765 31.48339793157362, 121.4009154103784 31.484069561081366, 121.40386428105377 31.483935341975034, 121.4054761152444 31.483409049151575, 121.40673622355271 31.48240325513886, 121.40754056689242 31.480702995258035, 121.40759445073185 31.478280281272813, 121.40693286611194 31.476815256392392, 121.4055700370277 31.47562582168143))"
39,38.95535621454545,118.48164275636363,1,253440.63333333336,duration_weighted_berth_medoid,"POLYGON ((118.49058979158725 38.9454556598819, 118.48777379807858 38.944443729360565, 118.4775824972975 38.9445884769383, 118.47549165689395 38.94502803671399, 118.47390839203261 38.9461774925641, 118.47318311075436 38.94810936712847, 118.47333236347977 38.960318968280475, 118.47385745098893 38.96162292891407, 118.47534354916624 38.96287219375787, 118.47741249607152 38.96342707277254, 118.48827801630286 38.963322723670096, 118.49030440636135 38.96274366066496, 118.49152551158559 38.9617872015512, 118.49227874672178 38.95986889106512, 118.49233478795331 38.94794815046257, 118.49182817214341 38.946634263712276, 118.49058979158725 38.9454556598819))"
40,31.740033266666668,121.04287126666667,2,49846.56666666667,duration_weighted_berth_medoid,"POLYGON ((121.03473442738657 31.737792471673238, 121.03196145477929 31.738552227771045, 121.03057573593627 31.73970432700042, 121.02982289474467 31.741113517638738, 121.0302412005329 31.74540068139649, 121.03124194168802 31.746675486640303, 121.03275144121933 31.74751307809348, 121.03452661848057 31.74777858806882, 121.04069475112313 31.747333779879558, 121.04242142213768 31.746160078865596, 121.0432428587965 31.7445862118567, 121.04613409774502 31.744077017137197, 121.04809673138071 31.742011292017906, 121.0483384447929 31.738448412743416, 121.04719788720958 31.736807690481672, 121.0456954040464 31.73596499785182, 121.04068883908839 31.735629237068373, 121.03869645021177 31.73650316074886, 121.03756905794005 31.73783736221952, 121.03473442738657 31.737792471673238))"
41,19.96389988372093,110.03564493023255,2,9710.400000000001,duration_weighted_berth_medoid,"POLYGON ((110.03495681925574 19.95895877041225, 110.03232699679647 19.959531323281684, 110.03012247025883 19.961702049285716, 110.02970232386399 19.964053903859867, 110.0307919995208 19.966886894015033, 110.03286219201391 19.96841370290288, 110.0374879803272 19.969073823563523, 110.04182048223326 19.96799247138029, 110.04303808684521 19.966759317912903, 110.04368985497491 19.964755852451848, 110.04251718030669 19.960974365494316, 110.04009344984935 19.959410812636396, 110.03495681925574 19.95895877041225))"
42,23.095037021276596,113.43569608510639,3,84745.08333333336,duration_weighted_berth_medoid,"POLYGON ((113.43252739912235 23.090852243514508, 113.42943176635363 23.091522041858706, 113.42780626795654 23.093025185500665, 113.42713544508413 23.09452769555945, 113.4271460795776 23.096151933748622, 113.42787918835353 23.097893832502766, 113.4290129839258 23.099136606664278, 113.43057958993155 23.099881993297245, 113.4387557324187 23.09977277609807, 113.44123296391979 23.09879426384185, 113.4466551937763 23.098955096833283, 113.44925268556996 23.097622922384527, 113.4505776096167 23.095621473337026, 113.45061984145333 23.093660795675948, 113.4498080942046 23.09180848638074, 113.4486986625502 23.090598383975703, 113.44717598324908 23.089860853244172, 113.4423607020228 23.089694715494442, 113.43983438883022 23.090681592069128, 113.43449262433688 23.09043012044998, 113.43252739912235 23.090852243514508))"
43,21.078314313253014,110.43014508433735,1,13281.650000000001,duration_weighted_berth_medoid,"POLYGON ((110.43464256483904 21.076028825236804, 110.43333734834202 21.07438746707836, 110.43135541368923 21.0735172745019, 110.42959671306721 21.073523131618526, 110.42720928866682 21.074377762928883, 110.42597579984361 21.075539447275315, 110.42531263703678 21.077053154436697, 110.42532076303091 21.078688424196603, 110.42617373328947 21.08102743361647, 110.4277732902141 21.082384450425128, 110.42943122831183 21.082863671389536, 110.43335168925219 21.082028357647452, 110.43460694324787 21.080874151532473, 110.43528965129292 21.07935815399231, 110.43529471046853 21.0777137457687, 110.43464256483904 21.076028825236804))"
44,23.444005131578947,116.50524764473685,2,26481.6,duration_weighted_berth_medoid,"POLYGON ((116.50007327177926 23.44676413810233, 116.50154535392379 23.448043423770542, 116.50321076879793 23.448568010749607, 116.50956400551308 23.44797121531071, 116.51121825903438 23.446714766610153, 116.51196002436026 23.445286874888573, 116.51206081772385 23.443707795881647, 116.51127282218175 23.441279071758682, 116.50945749988884 23.43966630342647, 116.50617779651171 23.43918275756406, 116.50426813125316 23.43814705025443, 116.50175475888278 23.437888419424077, 116.49966296232299 23.43838949739726, 116.49784508046241 23.440073110253294, 116.49694513900845 23.442829713546384, 116.49768593768827 23.445105321567887, 116.50007327177926 23.44676413810233))"
45,25.186847245614032,119.01362978947368,1,3839.116666666667,duration_weighted_berth_medoid,"POLYGON ((119.01731930091667 25.18329880911713, 119.01536885466955 25.18245841706408, 119.01260745430433 25.18251164441567, 119.01091749590543 25.182963641186056, 119.00954975904874 25.183969204692673, 119.00860648704972 25.185762495078276, 119.00854084369918 25.18810698309683, 119.00904957519586 25.18962457379374, 119.01016136603508 25.19085046031868, 119.01213452886132 25.191694938477866, 119.01522190703723 25.191753978644023, 119.01687895252275 25.191305517315314, 119.0182258763951 25.190323710990373, 119.01906295827398 25.188954130238276, 119.01938668469843 25.186432817341117, 119.01865957179942 25.184529636476796, 119.01731930091667 25.18329880911713))"
46,23.060967670731706,113.48216118292682,1,40054.866666666676,duration_weighted_berth_medoid,"POLYGON ((113.48634069170042 23.056982953588385, 113.4832541147497 23.055912864866276, 113.47899336400306 23.056052462125717, 113.47704566297868 23.056927643309585, 113.47577020389824 23.05854018813384, 113.47527570908989 23.06152925616239, 113.4754714895061 23.06317682274395, 113.47635509162563 23.064621098710123, 113.47778439536995 23.065629793973372, 113.47952950907627 23.066040679256375, 113.48420749100414 23.066168781819687, 113.48624270600142 23.065380617214792, 113.4877882144326 23.063413911085796, 113.4882604711018 23.060553878731618, 113.48781776071408 23.058624105817074, 113.48634069170042 23.056982953588385))"
47,35.596761560509556,119.79058261146498,1,169947.0,duration_weighted_berth_medoid,"POLYGON ((119.79742872633977 35.582767487515554, 119.79457908479407 35.58170723055436, 119.7841558455324 35.581952070212054, 119.78214360830198 35.58258413605071, 119.7807257528436 35.583906243934166, 119.78022930154772 35.5856134306674, 119.78049898266659 35.60522214966523, 119.78126903109512 35.60690015087893, 119.78292776193013 35.608078648502286, 119.78507620152354 35.60847420518938, 119.79521233191528 35.608250772351596, 119.79721916764228 35.60763130816908, 119.79864322532879 35.606325392320535, 119.79915924131318 35.604631279828276, 119.7991934314028 35.585721076135364, 119.79866424331277 35.58399556648851, 119.79742872633977 35.582767487515554))"
48,31.22124368181818,118.11658554545456,1,43799.883333333324,duration_weighted_berth_medoid,"POLYGON ((118.1223563583661 31.216769749350547, 118.1209133344336 31.216018044601267, 118.11924766499699 31.215775483670072, 118.11385995101158 31.215887855247473, 118.11151767286933 31.216743984876437, 118.11043138868537 31.217874794973227, 118.10989062224047 31.219638172406004, 118.10990036533589 31.223541688762698, 118.11109813085629 31.22553047460896, 118.11254654140444 31.226382785530678, 118.1142665921012 31.22669433421327, 118.12042996634442 31.226685645534385, 118.12270629239688 31.225701489200144, 118.12398888214862 31.22381607087543, 118.12427275020616 31.219766856256033, 118.12363796321154 31.217985337841444, 118.1223563583661 31.216769749350547))"
49,36.67145516981132,121.23532349056603,1,6881.333333333333,duration_weighted_berth_medoid,"POLYGON ((121.23818395091571 36.66801746449477, 121.23663474962909 36.667353933789386, 121.2344499369186 36.667270238163624, 121.23247490289839 36.66802419652324, 121.23082155099983 36.66947600457471, 121.23031865936733 36.67082522839071, 121.23050494132086 36.67373555395316, 121.23132998116023 36.67496752284093, 121.23312400172277 36.67614706209879, 121.2348050335839 36.67655480517158, 121.2365525119087 36.67641439013494, 121.23809927427537 36.67574728148466, 121.23975262617405 36.674295591753705, 121.2402555178066 36.67294642878771, 121.24017718597764 36.6703769700009, 121.23950586090126 36.66908626910696, 121.23818395091571 36.66801746449477))"
50,21.572527901960783,108.3583975882353,2,60316.21666666667,duration_weighted_berth_medoid,"POLYGON ((108.35305847647228 21.568383182156982, 108.35259936038373 21.569882009676913, 108.35262036036828 21.575099248477922, 108.35384503091159 21.577575977645154, 108.35562398591135 21.578636209014036, 108.3589733058776 21.57913917586367, 108.3606922670595 21.578898325533466, 108.36218413956104 21.57806854832604, 108.36361366106617 21.57561318058682, 108.36384335702654 21.569200880360082, 108.36253230408711 21.56711448969565, 108.36060348605585 21.566132961272466, 108.36055224353818 21.563073347506563, 108.35835624509195 21.560797053695417, 108.35670472081229 21.56018443580102, 108.354495691829 21.560325987973695, 108.35295011426408 21.561143470965913, 108.35163688585072 21.562631027544715, 108.35101685304929 21.5641773573631, 108.35108917066266 21.565826315667486, 108.35184255059414 21.567320516475032, 108.35305847647228 21.568383182156982))"
51,23.4927091875,116.488474375,2,110885.01666666668,duration_weighted_berth_medoid,"POLYGON ((116.48293058824828 23.49696047262434, 116.48107336707153 23.49985675886157, 116.48113172989069 23.50147500897445, 116.48186570149045 23.50294758951361, 116.48370047092692 23.504419723421282, 116.48538612265553 23.50497741193441, 116.48717537208977 23.504886388629302, 116.48878341294063 23.5041611410092, 116.4905540062439 23.502027913932764, 116.49092289781464 23.5002225089587, 116.49294968683364 23.49861272240772, 116.49377448013371 23.4968900083174, 116.49382215985193 23.489902385199006, 116.49333384305754 23.488395792505028, 116.49226580529009 23.487166591431105, 116.4907735314058 23.486393738738897, 116.4874991739734 23.485858379317474, 116.48583630775309 23.486256091110786, 116.48402132512139 23.48755861285331, 116.48286054845451 23.489963592663067, 116.48293058824828 23.49696047262434))"
52,25.9826992625,119.47049059999999,4,129442.38333333335,duration_weighted_berth_medoid,"POLYGON ((119.46542046269352 25.972917261103813, 119.46277648201487 25.9735709742758, 119.46066113450209 25.97581034491802, 119.46043905138335 25.981425433965665, 119.46104437081375 25.98336146209995, 119.46261352170873 25.984794838706254, 119.46596428141746 25.98541164158828, 119.46746393763402 25.98696651033543, 119.46953466616677 25.987644473745537, 119.47040393056042 25.99029088530588, 119.47314252144993 25.993314582387338, 119.47611677257166 25.994008923418924, 119.47865640850391 25.99349483249923, 119.48063094162008 25.991439394768157, 119.48087852843126 25.988322750903915, 119.47813358612322 25.984711646630483, 119.47596667883515 25.983502017339244, 119.47576882460157 25.981036212462623, 119.47492447140999 25.979635286713002, 119.47363509294857 25.978685371913247, 119.47299545882578 25.97507839571949, 119.47061803594495 25.973295215843063, 119.46542046269352 25.972917261103813))"
53,21.619233634615384,108.37241207692308,2,67768.9,duration_weighted_berth_medoid,"POLYGON ((108.36971293619176 21.624979621027297, 108.3709975277123 21.627084255966114, 108.37373213152611 21.628220460557284, 108.37745180483645 21.627990777624067, 108.37966256060554 21.626014944325323, 108.38012129584646 21.62122687347582, 108.37841814886649 21.61884654664063, 108.37784901638253 21.615459598093597, 108.37600903327527 21.613770459068647, 108.37052801307877 21.613160206958973, 108.36883267343313 21.613870744610825, 108.36700945893361 21.615772338104307, 108.36654815900162 21.617674612907642, 108.3668110487858 21.62227897370185, 108.367961614303 21.62400598204908, 108.36971293619176 21.624979621027297))"
54,31.923939909090908,120.18327490909091,8,74733.55,duration_weighted_berth_medoid,"POLYGON ((120.17813953183665 31.920124690775395, 120.17609945805474 31.919941048639192, 120.1744142275246 31.920371114490603, 120.17269147349982 31.92169163121502, 120.17185330697399 31.923037715300907, 120.17170259822902 31.924554820313116, 120.17226338462984 31.926000972500752, 120.17342124691106 31.927402821451295, 120.17527768165603 31.92830946167873, 120.19130494850616 31.928160781093162, 120.19324892721906 31.92712099988982, 120.19511643743238 31.927007463974814, 120.19662594616229 31.926349910075444, 120.19774035124934 31.92526400781361, 120.19870394100376 31.92313318057562, 120.19859579486035 31.921642102701146, 120.19723876422373 31.91977034085045, 120.19720120737479 31.917906590251462, 120.19590047204666 31.914774300327544, 120.19446509564625 31.913447078690204, 120.19218006274097 31.912697178936003, 120.18914542549648 31.913072203168035, 120.18728752425478 31.914669548346208, 120.18441919259517 31.913871091588856, 120.1818446253132 31.91439441116453, 120.17989491930555 31.916409383836342, 120.17929144258922 31.91970415681125, 120.17813953183665 31.920124690775395))"
55,40.309881850000004,122.07679826666666,4,60633.7,duration_weighted_berth_medoid,"POLYGON ((122.06886103289341 40.31355002392482, 122.06809443174221 40.31570397276387, 122.06837276605292 40.317342133510984, 122.06996927518395 40.31889552951797, 122.07223905624578 40.31960847400215, 122.07518499929556 40.31935863269775, 122.0771821627735 40.31790814062436, 122.08113417537255 40.31753648194076, 122.0825253089014 40.31678991695563, 122.08345253259922 40.3157024165464, 122.08381745670614 40.309023358786334, 122.08537724357724 40.3080696584162, 122.08628265453828 40.306502113841454, 122.08611319212257 40.30195675701302, 122.08498021248847 40.300123408739836, 122.08273246372389 40.29910926794767, 122.08167674401452 40.29679953705862, 122.0793778351419 40.29556198704858, 122.07725722962786 40.295328914010206, 122.07560922957504 40.295704510487916, 122.07426715034156 40.29652499481983, 122.07318524990364 40.29790378678304, 122.07286953870239 40.299847414474634, 122.0734771934295 40.3010789726412, 122.07464029535483 40.30203972646977, 122.07457100355919 40.303170111298805, 122.0711281551505 40.30366386929387, 122.06919130887941 40.30535828156381, 122.06886103289341 40.31355002392482))"
56,32.187284702127656,119.03183740425533,3,98959.23333333334,duration_weighted_berth_medoid,"POLYGON ((119.02616506731911 32.188482481688055, 119.02788043743882 32.190780750823194, 119.03117905666457 32.19258763502111, 119.03339521503922 32.19287700058396, 119.03596199068495 32.19250106125473, 119.03769881123381 32.19142652552389, 119.03864588395946 32.18979168658538, 119.03876203754201 32.18761649710352, 119.03786950268073 32.18561189209897, 119.03509299749827 32.183585745144875, 119.03252704824611 32.182763086178156, 119.03146946139864 32.18152259820231, 119.02975502761525 32.18058237888206, 119.0276530650526 32.18021745373654, 119.025976545474 32.18055243559658, 119.0245722962769 32.18139687671259, 119.02296527539364 32.18408152891988, 119.0234672170068 32.18660471912406, 119.02616506731911 32.188482481688055))"
57,31.812975018518518,120.94671375925925,5,39956.23333333334,duration_weighted_berth_medoid,"POLYGON ((120.94233389074184 31.810773453109608, 120.94116874796244 31.811919214895124, 120.94046316879006 31.813925770520736, 120.94045035792215 31.815427592842152, 120.941120385889 31.81681732515609, 120.94236950819263 31.81787979617536, 120.94400431564317 31.81845051046608, 120.94626255775155 31.818657746879534, 120.94792852533378 31.818225993996265, 120.9523494810914 31.81410541982801, 120.95325462760708 31.812026432379263, 120.95513083368064 31.81099926726036, 120.95725256288458 31.80823532631092, 120.95788071481368 31.806386981602923, 120.95733567419707 31.803862523858434, 120.9562525998215 31.802689326977557, 120.95472328256346 31.801958292205263, 120.95217839204942 31.801833904888507, 120.95047303769555 31.80224442806721, 120.94662925201332 31.804555301110053, 120.9457642570006 31.805868609856656, 120.9455861860647 31.80758662045817, 120.9443106858684 31.80839840121199, 120.94233389074184 31.810773453109608))"
58,31.946100973684214,120.18253515789473,2,63776.76666666666,duration_weighted_berth_medoid,"POLYGON ((120.17923454346017 31.940900098779256, 120.17615746163294 31.94188711664019, 120.17489508714417 31.94306635423112, 120.17429859037536 31.944417146375592, 120.17485475310022 31.948289458520666, 120.17588336589654 31.949522126268736, 120.17739550590028 31.950318954613635, 120.1839231137252 31.950362652909785, 120.18643875739333 31.949294865336995, 120.1879151550925 31.949652806395335, 120.19323328364213 31.94961490220376, 120.19543280687218 31.948691172563386, 120.19703581268206 31.946860766496826, 120.19726109844908 31.945033548204485, 120.1965448265463 31.94311402737682, 120.19556088209494 31.941941606309648, 120.1941347290977 31.941162414188096, 120.1880598037772 31.94089572689861, 120.185727730057 31.941671505029912, 120.18359692484633 31.940968495146542, 120.17923454346017 31.940900098779256))"
59,31.7613678,118.4659748,7,22074.916666666664,duration_weighted_berth_medoid,"POLYGON ((118.459151556027 31.75733655171828, 118.46001890239593 31.75999963299405, 118.46041184092952 31.763590965610128, 118.461403093457 31.764819837634352, 118.4633062909054 31.76575811333599, 118.46467062437398 31.767164122909385, 118.46690211277537 31.768050826162852, 118.47009160376327 31.770623213700468, 118.47165827466924 31.771243376896837, 118.47509950626517 31.77119123432694, 118.47759201253525 31.769805140090877, 118.47850531449913 31.76776652325018, 118.47834624726237 31.76427401624322, 118.47703850032214 31.762327030544533, 118.4745827620014 31.76133147441991, 118.47454262273584 31.75800911207522, 118.4739959836169 31.756546896318238, 118.47244342688288 31.75516579091319, 118.470477541548 31.75461219714475, 118.46959992337871 31.753185937564663, 118.46758241668425 31.75197365437332, 118.46610890056165 31.7502230355439, 118.46230085296993 31.749211122454245, 118.46056342058675 31.74956401662662, 118.459125138151 31.750464842440625, 118.45821349377294 31.751771106242735, 118.45772270749191 31.75441793754094, 118.45802612331093 31.755933045049932, 118.459151556027 31.75733655171828))"
60,31.283930204545456,118.20547847727272,7,110543.8,duration_weighted_berth_medoid,"POLYGON ((118.20190783674258 31.275012765750198, 118.20025243760456 31.275263736249254, 118.19882097632008 31.276017353402025, 118.19701917905303 31.27858196127646, 118.19714762924595 31.287420874322702, 118.197667208863 31.28882150032211, 118.19876452588638 31.28995266351524, 118.20112446356518 31.290798554283693, 118.20616720882389 31.290867973538106, 118.20713404452101 31.29216101942534, 118.20857686925972 31.293010908949476, 118.21159836478363 31.293340547451894, 118.21345885265393 31.294264238726406, 118.21740355587835 31.294979613598016, 118.22245822089013 31.29472556035648, 118.22439524947274 31.294192738706947, 118.22580311654959 31.293241052879907, 118.22686030207079 31.290752796717207, 118.22576059854988 31.287349854107834, 118.22407582009112 31.28610265320467, 118.2219171522588 31.285701390134115, 118.21993338534111 31.283717656587047, 118.21819424732536 31.28323952736979, 118.21703027102876 31.280795427618294, 118.21422127009754 31.279566097910745, 118.21396914448606 31.277734535797812, 118.21284800879754 31.27619549881637, 118.21018786525364 31.27512013798854, 118.20190783674258 31.275012765750198))"
61,31.276745858823528,118.19699929411766,6,30972.849999999995,duration_weighted_berth_medoid,"POLYGON ((118.18834120101974 31.267072904342978, 118.18571640990521 31.266954181823767, 118.18377660448166 31.26784182982407, 118.18256277718956 31.269410444431447, 118.18202410647267 31.272490005351145, 118.18289261281916 31.27421848448248, 118.18422169926846 31.275214003778558, 118.1867904104211 31.275950193010903, 118.18894914161719 31.275728479031184, 118.18938283104312 31.279882065846163, 118.19028817098778 31.28156649308256, 118.1920115386413 31.282691944449496, 118.19487985342573 31.283025767213427, 118.19644804350519 31.28417308524948, 118.19809357611666 31.284581708908018, 118.20056349462143 31.28436058793708, 118.20428955119004 31.282718723915742, 118.20564198025482 31.280770324860715, 118.20583179544164 31.277906525534764, 118.20492454485388 31.27464716826466, 118.20396019214971 31.27318542350471, 118.20453561373311 31.27050637406363, 118.20345232006756 31.26841391285616, 118.20095715735995 31.267066843309173, 118.19837029011305 31.266938534594228, 118.19613098557643 31.268052973991452, 118.19476103151291 31.270364188295105, 118.19212161992361 31.270591773288626, 118.19095743750371 31.26834529348355, 118.18834120101974 31.267072904342978))"
62,31.30415415,121.5601547,1,88784.55,duration_weighted_berth_medoid,"POLYGON ((121.5634551869375 31.29967584963304, 121.56151808697928 31.298794087662895, 121.55932327859884 31.298801901057494, 121.55659195295632 31.29982205674508, 121.55520337825207 31.30134635106517, 121.55492273313563 31.308183091911104, 121.55585596964987 31.309868916803588, 121.55807448842945 31.311345687926803, 121.56032163806061 31.311582862912616, 121.5627612226248 31.31092139963286, 121.56414134911898 31.310078283891503, 121.56505695641502 31.308857918843763, 121.56530039170207 31.302158039703897, 121.5647000798913 31.3008390332158, 121.5634551869375 31.29967584963304))"
63,26.458708650000002,119.69895553333335,2,47517.933333333334,duration_weighted_berth_medoid,"POLYGON ((119.6910131528391 26.456935225232996, 119.68829762240131 26.458660750985583, 119.68728358729803 26.461263269962966, 119.68790615971501 26.464438715972534, 119.69069802307963 26.466492409988547, 119.69526489872854 26.466601764146784, 119.696892625765 26.466100535128184, 119.69837663008069 26.464850711880498, 119.70367868435443 26.46464599650457, 119.70525181327572 26.46385925239719, 119.70653154896932 26.46220925885072, 119.70691843614128 26.455612737491958, 119.70587211470018 26.453874332820977, 119.70402761213083 26.452791461679443, 119.69399520121151 26.452601382857488, 119.69169481872214 26.454306959551676, 119.6910131528391 26.456935225232996))"
64,25.731651285714285,119.62112745238095,1,32756.23333333333,duration_weighted_berth_medoid,"POLYGON ((119.62478281782579 25.726128251274663, 119.62250894717454 25.725135709237126, 119.61891499988285 25.725358472230905, 119.61721202118967 25.725867098411797, 119.61561206117808 25.727271868395942, 119.61496128452823 25.72919725083031, 119.61525524895436 25.73389384718403, 119.6158860338319 25.73541025046858, 119.61712640673103 25.736582368204417, 119.6192245704158 25.73728516190109, 119.62305178805681 25.737011432258385, 119.6246645563191 25.736413597315806, 119.62590296670456 25.735307467840425, 119.62664788101254 25.73346940153346, 119.62668862416561 25.729145813712385, 119.6260341208369 25.72736393882883, 119.62478281782579 25.726128251274663))"
65,35.087555333333334,119.36401462222223,8,69205.9,duration_weighted_berth_medoid,"POLYGON ((119.35952779004326 35.08626302246697, 119.35885747035312 35.089713478583235, 119.35939201424068 35.091026764020086, 119.36047982466062 35.092083275641976, 119.36023362596475 35.09400513037153, 119.3614263348694 35.095961195503776, 119.36290407233118 35.09679678424033, 119.3654497700851 35.09729025110305, 119.36638783319252 35.09937071247022, 119.36847799025696 35.100622003887366, 119.37309014576776 35.10068817450122, 119.37548691677851 35.099735460575964, 119.37668401093576 35.09819525816113, 119.37675393150397 35.09549754957636, 119.37812754787709 35.093364365498424, 119.37832809693322 35.08747769279115, 119.37705843443408 35.08559494352186, 119.37515186848584 35.08469695032392, 119.3722552794982 35.084546171453056, 119.37003255565534 35.08556037894861, 119.37006366328941 35.08235559327375, 119.37097856615601 35.08047409962667, 119.37097839762313 35.0757073085145, 119.37024305867587 35.07402538244069, 119.36822690084519 35.072497721441245, 119.36611790050851 35.072061875649425, 119.36347116905016 35.07254591965308, 119.36191879334584 35.0732196708525, 119.3608010455693 35.07432928339419, 119.36028899210764 35.075704922366455, 119.36026560921918 35.07914601868157, 119.35940169155421 35.08097024505024, 119.35952779004326 35.08626302246697))"
66,31.943251605263157,120.21376939473684,6,95665.48333333332,duration_weighted_berth_medoid,"POLYGON ((120.20357837335871 31.939636711290003, 120.20116762255725 31.940203127383484, 120.19930642963422 31.941833071868146, 120.19867680919717 31.943630594743198, 120.1990569619446 31.94551332495578, 120.20081560989024 31.94765844144917, 120.20398140852143 31.948359388505903, 120.20537072464383 31.949406880001227, 120.20699052985636 31.949868582454975, 120.21083256445709 31.949440556020317, 120.21299778211208 31.94744218695961, 120.21596745334168 31.947090308958067, 120.22021608467448 31.947690651255666, 120.2241911475001 31.946540824870596, 120.22691305053478 31.946522307846923, 120.22906474776305 31.945232887753445, 120.23033960105033 31.94311350448254, 120.23030192618391 31.941642067921897, 120.22961008161221 31.940292425850423, 120.22785578502672 31.938919594535907, 120.22620958668702 31.938366240826436, 120.22443929081089 31.93839579135478, 120.22263802832688 31.939124621444428, 120.21547759379084 31.938469254790704, 120.21372649643783 31.939026555346743, 120.21118598350206 31.939048902094566, 120.20916411436028 31.94006358827528, 120.20357837335871 31.939636711290003))"
67,31.943517054545456,120.23721461818181,2,31026.26666666667,duration_weighted_berth_medoid,"POLYGON ((120.2302694703511 31.938081075146346, 120.22761076158646 31.938707767260745, 120.2253695260207 31.941024336314193, 120.22549501341052 31.944162668027495, 120.22685790959889 31.94603359305389, 120.22878176968788 31.946884542242042, 120.23254613459862 31.94685655909635, 120.23520757261034 31.94773963708226, 120.23928221176519 31.94722035486069, 120.24108784241739 31.946197371970513, 120.24198809223448 31.9449307681928, 120.24225227116051 31.94346869698465, 120.24149270057913 31.941183284433368, 120.24050577343638 31.940012650161787, 120.23826006346374 31.93903284009415, 120.23476340688167 31.939009815496, 120.23295242322712 31.938244839112837, 120.2302694703511 31.938081075146346))"
68,32.04494414285714,119.94829278571429,2,1089.15,duration_weighted_berth_medoid,"POLYGON ((119.9446152492143 32.042153895158584, 119.9435552357472 32.043898870442185, 119.94369127324892 32.04640114631714, 119.94480368997124 32.04801676012667, 119.94668967531204 32.04898823865456, 119.94947742389826 32.04913751867172, 119.95153374821696 32.04851343089962, 119.95501080689236 32.044607399275655, 119.95475968365683 32.04088262017253, 119.95348529332972 32.03938724472739, 119.95195589187085 32.03867098823575, 119.9487215659342 32.038608682048846, 119.94703110323988 32.0390200937575, 119.94538860778299 32.04024855196895, 119.9446152492143 32.042153895158584))"
69,32.312219,119.82690560869565,1,31563.05,duration_weighted_berth_medoid,"POLYGON ((119.83011874098516 32.308528875125496, 119.82849442783363 32.307811116009596, 119.82666609848928 32.307701564050625, 119.82390450903291 32.3081890787168, 119.82218275286485 32.309377533977724, 119.82134616810029 32.31111821669163, 119.82148823427872 32.31387493268557, 119.82210888583846 32.31526755414759, 119.82331531103014 32.31635150386144, 119.82535824614042 32.31702529691855, 119.82839836757381 32.31689631398546, 119.83002045945072 32.316374935011275, 119.83128758928763 32.31537277926237, 119.83209159571904 32.31367700747947, 119.8321407466879 32.31114704760079, 119.83147811098527 32.30970308458984, 119.83011874098516 32.308528875125496))"
70,35.160832944444444,119.39735731111111,1,379635.01666666666,duration_weighted_berth_medoid,"POLYGON ((119.40989508403844 35.15849769995922, 119.40843258224963 35.15723245732643, 119.4064216815532 35.1566600621748, 119.38905231361602 35.156710342714675, 119.3874667760937 35.15723245732645, 119.38623464181197 35.1582010619831, 119.38519050427455 35.159814135847625, 119.38504197794195 35.16163146513782, 119.38628178880116 35.1635564388601, 119.38903070749804 35.164928542909216, 119.40686865084531 35.1649285429092, 119.40884181367159 35.16416562073295, 119.41060533770494 35.16233698306979, 119.41090249760214 35.16053189216299, 119.40989508403844 35.15849769995922))"
71,34.74634832960894,119.41412307821228,10,93719.73333333334,duration_weighted_berth_medoid,"POLYGON ((119.39922001368656 34.745769915789616, 119.39618876961481 34.746220818233574, 119.39490669525769 34.747148506674556, 119.39395752132727 34.74858688007625, 119.39385981576304 34.75102577885357, 119.39568596263443 34.753095978057374, 119.39841402502678 34.75394076730906, 119.40021865721661 34.75367369455951, 119.41185774713219 34.75392558481824, 119.41488940728448 34.75300568842394, 119.41731038362627 34.75279658660868, 119.41947268984542 34.751287560672395, 119.42207235663157 34.75126286793794, 119.42395148621972 34.75054845600015, 119.42510790228413 34.74960221482503, 119.42745448539073 34.749110943145645, 119.42920946773525 34.74758906699624, 119.42982087366687 34.74531126314178, 119.42902473765179 34.74326584792959, 119.42697764181725 34.741930828645444, 119.42413384668855 34.74154179425812, 119.42190820448853 34.74229511846086, 119.41975653292168 34.74066881417834, 119.41601834175931 34.740347217013344, 119.41386382340478 34.740780525415744, 119.41054513933511 34.74301014801336, 119.40945301245625 34.74419564547371, 119.40901905435284 34.745657172807846, 119.39922001368656 34.745769915789616))"
72,34.74829003333333,119.4365555,4,8550.150000000001,duration_weighted_berth_medoid,"POLYGON ((119.43045058561536 34.75029335616237, 119.43167512395584 34.751654592727256, 119.43371338876487 34.75245495878131, 119.4432268818774 34.752388753100234, 119.44564925736455 34.75157080297617, 119.44700551064935 34.75059789735961, 119.44778779186713 34.74926551780514, 119.44787040663478 34.74778773513289, 119.44698061368412 34.74609689387662, 119.44477034557774 34.74458713068318, 119.43729272752981 34.74419733538587, 119.43532259697483 34.742783274971046, 119.43191353542754 34.7423600785799, 119.42961142413662 34.74328814034177, 119.42821719427714 34.745448987859014, 119.42826104648253 34.74828309656887, 119.43045058561536 34.75029335616237))"
73,34.61306597674418,119.55368593023256,2,51732.233333333344,duration_weighted_berth_medoid,"POLYGON ((119.55347815771147 34.60594140995866, 119.55062755028922 34.60666938577853, 119.54867123030097 34.60863734495316, 119.5484951092551 34.61690753744831, 119.54947062767083 34.618551261356345, 119.55128440297199 34.619608734886796, 119.55759724942853 34.619953139792145, 119.55921866355737 34.619333873688475, 119.56041818924318 34.61824322948828, 119.56100584290027 34.61685393150559, 119.56119270028404 34.61293508820169, 119.5632995108982 34.6123736308443, 119.56460232703728 34.61134311552974, 119.56530628366612 34.60997342566667, 119.56555388445675 34.60754139786703, 119.56434594366362 34.60565487420583, 119.56207302101005 34.604631312606244, 119.55812692617712 34.60441488666376, 119.55649330248616 34.604956250007135, 119.55522128882126 34.60599572196928, 119.55347815771147 34.60594140995866))"
74,35.31650235211267,119.51573874647887,2,83874.23333333334,duration_weighted_berth_medoid,"POLYGON ((119.5104983867338 35.31127294190913, 119.51057672323468 35.31970872759358, 119.51107971446572 35.32139482650283, 119.51213859970649 35.32248756430777, 119.51441477174859 35.32354770930242, 119.51612412165544 35.32373428944481, 119.5177936424206 35.32338158632371, 119.51994100726544 35.321892638049576, 119.52079252563678 35.31974657200019, 119.52076630307768 35.3057295009277, 119.52025757158094 35.30436087211921, 119.51874597563364 35.30292854071483, 119.51721680240807 35.302257088382994, 119.51505732459297 35.30215842285138, 119.51280685631627 35.302841140583226, 119.5114168960508 35.3037640684428, 119.5104140641436 35.30577932531631, 119.5104983867338 35.31127294190913))"
75,34.32600646060606,119.74893588030302,1,25036.466666666667,duration_weighted_berth_medoid,"POLYGON ((119.75257593964514 34.32337716127617, 119.75092307748044 34.32227832882014, 119.74884389337988 34.32192871561899, 119.74718482297133 34.322247176208165, 119.74523468971967 34.32338297173627, 119.7442812530626 34.324650538047734, 119.74400977919827 34.32612579990835, 119.7455636923649 34.328931050026824, 119.74695555468449 34.32976485146165, 119.74905719037609 34.330106232704495, 119.75244095888597 34.32887923357281, 119.75350993244363 34.32770189924527, 119.75394043373106 34.32627393307372, 119.75366470678995 34.324820073846126, 119.75257593964514 34.32337716127617))"
76,32.02526875,120.77957128125,3,23691.850000000002,duration_weighted_berth_medoid,"POLYGON ((120.7786256394553 32.020934807020836, 120.77574245468561 32.0216811196949, 120.77439090400071 32.022803341233676, 120.77363760877638 32.02422052853438, 120.77423324621634 32.0276348536992, 120.77530405274182 32.028771842506046, 120.7767996836213 32.02948535383784, 120.78127926503896 32.02945038666525, 120.78476825756556 32.028555872951024, 120.78630254811888 32.02757412609237, 120.78843044741447 32.0272471228967, 120.79010388018051 32.026142182165096, 120.79113834337143 32.02433824675714, 120.79129190288057 32.02284093947899, 120.7905137620668 32.0210892950217, 120.78923329742602 32.02004987790192, 120.78739792935653 32.0193910709023, 120.78528111431146 32.01933156221998, 120.78282907380137 32.02054329881044, 120.7786256394553 32.020934807020836))"
77,32.13089662962963,121.50040114814816,7,216090.2166666667,duration_weighted_berth_medoid,"POLYGON ((121.49426311282174 32.126606319100176, 121.4950676880134 32.128576336565835, 121.49517891860673 32.134234534008954, 121.4968798495884 32.13726134749382, 121.49843511441884 32.138533045305465, 121.50030297696607 32.13907379506776, 121.50211065548643 32.13912045756974, 121.50379353406382 32.13855963666573, 121.50531158070423 32.13715116855881, 121.50600585267173 32.13541279558695, 121.50582722982094 32.13253672092317, 121.50760264022676 32.13135097165589, 121.50860960329099 32.12918196171036, 121.50825128117775 32.12695003971523, 121.50651417066277 32.125179642524955, 121.50605017974465 32.12405147352844, 121.50769212216204 32.123053516617205, 121.50868222374879 32.12142795118877, 121.50887186277926 32.119183422897784, 121.5080143360722 32.11748317027886, 121.50590253573151 32.11618706531173, 121.50289226629653 32.115860226159135, 121.50087812062107 32.116595507237555, 121.49951288385864 32.11805588375784, 121.49572904168281 32.11914346817461, 121.49459442716574 32.120242020377546, 121.49403173964026 32.12162154124413, 121.49426311282174 32.126606319100176))"
78,35.367758055555555,119.54859058333334,3,112254.90000000001,duration_weighted_berth_medoid,"POLYGON ((119.54588571484652 35.37377895785102, 119.54607693857635 35.37744149788003, 119.54689604565688 35.37869777751045, 119.54824053253542 35.379604716640394, 119.55364166254147 35.380195689284896, 119.55557916985727 35.37949044927831, 119.55690343782125 35.37813874421349, 119.55747387726255 35.37141644862899, 119.55642721258592 35.36982824474071, 119.55438326091276 35.368793696172176, 119.5541787103459 35.362235109460336, 119.553088501688 35.36072768422788, 119.55126515419221 35.35980478460274, 119.54735313218053 35.35936620916158, 119.5455847769831 35.35963006435265, 119.5436357747347 35.36080461364932, 119.5425117440386 35.362336492165056, 119.54242496389278 35.37091026003628, 119.54362009440918 35.372760352847195, 119.54588571484652 35.37377895785102))"
79,39.9262098,119.64679563333334,5,73230.34999999999,duration_weighted_berth_medoid,"POLYGON ((119.63882946123576 39.922634003972874, 119.63809957633835 39.92402044739794, 119.63815565184636 39.92535102861102, 119.63904167845298 39.927214034166546, 119.64057221311249 39.92842596295804, 119.64295212674465 39.928937211330656, 119.64682705913718 39.930787820579376, 119.64847200197337 39.93113780288974, 119.65171707035798 39.930770276549886, 119.65371723909382 39.92946464506909, 119.65441215548987 39.927864915159624, 119.6540753506991 39.92576700637503, 119.65259569253602 39.92414271400821, 119.64934864762343 39.92287930557425, 119.65022923799945 39.921381227500106, 119.65032272892083 39.91952844812871, 119.64950831701235 39.91802079566792, 119.64825570145905 39.91713013205777, 119.64506115953537 39.91651685685949, 119.64255084416376 39.91716622760803, 119.63965880925286 39.91963896250106, 119.63882946123576 39.922634003972874))"
80,38.948408875,121.8477016875,2,110245.99999999999,duration_weighted_berth_medoid,"POLYGON ((121.84262769943571 38.94912942114441, 121.84433932182486 38.95231585018594, 121.84698645935651 38.95359843592502, 121.84901892722303 38.95365244440582, 121.85072360571465 38.953242453694116, 121.8520884993015 38.95234866494768, 121.85289820179386 38.951112120232125, 121.85227523762791 38.94643762553733, 121.85088493040021 38.94509400375767, 121.84927701890547 38.94449887800482, 121.8459404223494 38.94455197579058, 121.84402817508222 38.94535354910148, 121.84269574540019 38.947085711412306, 121.84262769943571 38.94912942114441))"
81,32.000552666666664,120.75446955555556,1,326.9666666666667,duration_weighted_berth_medoid,"POLYGON ((120.7573189814717 31.99722726601068, 120.75541213735933 31.996447438226664, 120.75276295715956 31.996459520589532, 120.75110696047714 31.996842636235616, 120.74974134946092 31.997724593765295, 120.74874003826419 31.999326785366492, 120.74854587972303 32.00139093886156, 120.74897291698906 32.00285025613613, 120.75003261227056 32.00405571656945, 120.75198791506213 32.00492564826184, 120.75502393786633 32.005076123140654, 120.75668680834647 32.00471249373275, 120.75806721943096 32.00384624617667, 120.75909453338663 32.00225510592316, 120.75936856647785 32.00001682738907, 120.75862275625511 31.9983345550879, 120.7573189814717 31.99722726601068))"
82,31.38006101818182,121.498738,1,67159.48333333334,duration_weighted_berth_medoid,"POLYGON ((121.50164205752054 31.37651756802, 121.50006783112173 31.375879996322745, 121.49789767227215 31.37587305730362, 121.49555546503659 31.37680010255683, 121.4941772593268 31.378182312785047, 121.4936980563353 31.379950794022257, 121.49425166211013 31.38250593725561, 121.49507929582923 31.38381367590354, 121.49642729254212 31.384754452283822, 121.49809309355096 31.385186911749145, 121.4998263848306 31.385046077241554, 121.50189081565154 31.384265200264068, 121.50337296061014 31.38287029418989, 121.50387968999917 31.38142124526978, 121.50378614553247 31.37905847196548, 121.5030405554888 31.377628256990572, 121.50164205752054 31.37651756802))"
83,31.970610264705883,120.43600247058825,2,47277.883333333324,duration_weighted_berth_medoid,"POLYGON ((120.42797548128621 31.964236880990775, 120.42521927981919 31.96499621942885, 120.42321729444315 31.96714847074188, 120.42313565532868 31.969410073153842, 120.42373206309354 31.970953489469775, 120.4248264639049 31.972132106091408, 120.42724155375261 31.97301806263429, 120.43046418179227 31.972853697135704, 120.43196830660993 31.97468687393904, 120.43401084640223 31.975447617982596, 120.43905340133092 31.975286438275564, 120.44132479829231 31.974143778623702, 120.44223474889053 31.97285081372756, 120.44248312035744 31.971359749780916, 120.44221973853783 31.96882169855695, 120.44083597533773 31.966923612942026, 120.43843656236852 31.96600849928314, 120.43403912383958 31.966004889262162, 120.43277138928924 31.964909198748643, 120.43119309220603 31.964346237921024, 120.42797548128621 31.964236880990775))"
84,31.966207114348144,120.36973242024763,3,75659.98333333332,duration_weighted_berth_medoid,"POLYGON ((120.3695919100713 31.960539001212553, 120.3669119250636 31.96104428782087, 120.36453533964377 31.96332077093862, 120.36450185369542 31.96694844540318, 120.36548964426078 31.96895396845164, 120.36760922956557 31.970175029682853, 120.37163597428992 31.97039512359874, 120.37360191626122 31.971019817429582, 120.37664673636229 31.97069692285588, 120.37818771104801 31.97002229363961, 120.3793125918316 31.96890273186084, 120.37985371220759 31.96750509864478, 120.37954532718445 31.96511478770655, 120.37876857719613 31.963789569854626, 120.37466721437801 31.96169358605494, 120.3695919100713 31.960539001212553))"
85,30.002775504237285,122.07174018559323,3,141203.08333333334,duration_weighted_berth_medoid,"POLYGON ((122.06525816692512 30.003010357952956, 122.06642130676477 30.005017468853346, 122.06954009617547 30.006767560619974, 122.07121260620532 30.007141670901653, 122.07385310221858 30.006886829778153, 122.07580889742594 30.006001377100258, 122.07704158962962 30.004416111173995, 122.07704555134052 30.00011984633783, 122.07630754274669 29.998764000441305, 122.07465039950057 29.99756970879484, 122.07115664814702 29.997320051540036, 122.06940461045424 29.995460647155944, 122.06781623966579 29.99474857267437, 122.06515660070319 29.994802590869377, 122.06256070106586 29.996558828939158, 122.06164750051235 29.99900246929491, 122.06269196434616 30.001406291300576, 122.06525816692512 30.003010357952956))"
86,38.979260764705884,121.75923041176469,1,519.0333333333333,duration_weighted_berth_medoid,"POLYGON ((121.76302742591639 38.97621246663519, 121.76142158075048 38.975556367698275, 121.75961287209138 38.97544761278328, 121.75703277358065 38.97585762276287, 121.75530406083337 38.976929689785806, 121.75444292243351 38.978513091346834, 121.75450126609788 38.98055867862212, 121.75508376626267 38.98183600027189, 121.75624804338511 38.982844677934494, 121.75824798729394 38.983502059777685, 121.76113214749655 38.983463992045515, 121.76275757331734 38.98303424995732, 121.76405682930556 38.98216183693651, 121.76484008216619 38.98097420725391, 121.76508517003487 38.97882525010342, 121.76434634603561 38.977244893029756, 121.76302742591639 38.97621246663519))"
87,38.076094761904756,118.94679631746031,2,32129.633333333335,duration_weighted_berth_medoid,"POLYGON ((118.94596508200355 38.07153725151168, 118.94310429610984 38.07202809658466, 118.94079858894507 38.07410079037808, 118.94055748167072 38.07890500318596, 118.94186336037572 38.08104389639635, 118.94373255738235 38.081918050467074, 118.94756746163884 38.08225863222817, 118.94932681147516 38.08196910675924, 118.95088339525408 38.08108441243386, 118.95294513535902 38.08204203758146, 118.95469305251797 38.082328343440345, 118.9564445822345 38.08205605963144, 118.95792298412253 38.081268201109054, 118.95948800499183 38.07865925568263, 118.9591735282628 38.07699829618996, 118.95823564924696 38.075870299301606, 118.9554252457093 38.07463315794807, 118.95226350309242 38.07499943252404, 118.95162310290951 38.073424443985104, 118.95040052429506 38.07238993545461, 118.94876101512452 38.07181486908605, 118.94596508200355 38.07153725151168))"
88,30.642370357798164,121.18136970642202,1,67315.79999999999,duration_weighted_berth_medoid,"POLYGON ((121.18554206106934 30.63796266896672, 121.18410407532684 30.637208024832905, 121.18244412606713 30.636962187991628, 121.17782741050809 30.63705379775589, 121.17539436926525 30.637987748975444, 121.17431135576409 30.63921525000293, 121.1738719649562 30.640709260835482, 121.17379466150716 30.64373722796947, 121.17465568458735 30.6454880687888, 121.17598592181825 30.646498279723897, 121.17766708284765 30.64698646898317, 121.1831065703578 30.647113528010674, 121.18560142792913 30.646263214301896, 121.18708748234069 30.644340820063366, 121.18746333403912 30.641095599208736, 121.18684981939057 30.639223611596446, 121.18554206106934 30.63796266896672))"
89,31.989924552941176,119.95774698823529,1,25244.98333333333,duration_weighted_berth_medoid,"POLYGON ((119.96134365668586 31.985810935400693, 119.95971829242615 31.98509037849281, 119.95788884906288 31.984980940052004, 119.95512837020078 31.985472467922268, 119.95340400353543 31.98667301575725, 119.95257334184038 31.988429128721886, 119.95272264817254 31.991058461634886, 119.95334906305096 31.992448463251396, 119.95455556366247 31.993528862624895, 119.9565927052993 31.994199487840813, 119.95962287464033 31.994069661030235, 119.96124020596159 31.99354910424604, 119.96250561655442 31.992548751399326, 119.9633138759716 31.990854712277823, 119.96336821885667 31.9884515934958, 119.96270670109466 31.986994121288166, 119.96134365668586 31.985810935400693))"
90,38.9992248362069,121.89584688793103,2,17502.88333333333,duration_weighted_berth_medoid,"POLYGON ((121.88896728959399 39.000423612755924, 121.89024852909996 39.00206062650741, 121.8921124348686 39.00286236723997, 121.89676021202133 39.002912123795554, 121.89879323528258 39.00231087818778, 121.90022429633233 39.00103775451616, 121.90070317792174 38.99973250403088, 121.90062539541084 38.9959657346161, 121.89981328201134 38.99433716289145, 121.89848773577346 38.99338522590247, 121.89678708691682 38.99291565283775, 121.8908233726796 38.99295353592622, 121.88872031495036 38.99352502880753, 121.88683946709702 38.99501952842123, 121.8862837809124 38.99691999788063, 121.88711816133001 38.99910904134442, 121.88896728959399 39.000423612755924))"
91,31.36991652173913,121.50149104347827,1,27815.666666666664,duration_weighted_berth_medoid,"POLYGON ((121.50567179094577 31.36793351468415, 121.50439544788688 31.36648116432562, 121.50247972572608 31.36569289205385, 121.50077292099586 31.365665388390685, 121.4984344110449 31.366427936015285, 121.49716539671724 31.36744412299984, 121.49636376302789 31.369163090502187, 121.49722988035997 31.372485146806394, 121.4988008622666 31.373794153050184, 121.50046895844052 31.37428017520901, 121.50436561432417 31.373508257542856, 121.50565934455614 31.372443358557312, 121.50636059936245 31.37103067026499, 121.5063571260745 31.369496317324995, 121.50567179094577 31.36793351468415))"
92,25.698951680851064,119.60481808510639,1,43963.666666666664,duration_weighted_berth_medoid,"POLYGON ((119.60916783205114 25.6945542830158, 119.6069434312362 25.693569205919218, 119.60337972323914 25.69374089812779, 119.60127853955767 25.694441381508923, 119.6000354735517 25.695613444009368, 119.59935405769822 25.69753659954049, 119.59957752825252 25.702135605448852, 119.60017904280997 25.7036494665157, 119.60138729179717 25.704832783801123, 119.60345346357265 25.705570035597006, 119.6073158106443 25.70537689623046, 119.60896305813033 25.704801492619758, 119.61023660035866 25.703698190871012, 119.61101093714964 25.701842472655922, 119.61107532477925 25.69759085964691, 119.610423128571 25.695796131631585, 119.60916783205114 25.6945542830158))"
93,40.80377611111111,121.04270253703704,2,23243.483333333337,duration_weighted_berth_medoid,"POLYGON ((121.04075967880101 40.79799207663097, 121.03872524719002 40.79913918762689, 121.03771344800224 40.80052024656144, 121.03793134882675 40.80537087407865, 121.03889991206962 40.8064603808951, 121.04075204726642 40.807303014546186, 121.04438881448364 40.807637089391754, 121.0461518716619 40.807368772856805, 121.04793198905911 40.806340400800146, 121.04873903510284 40.805123953297795, 121.04905104639252 40.802442737720675, 121.04990258420929 40.80086231380428, 121.04952999691977 40.798466518192626, 121.04783387819838 40.79703256946916, 121.04483970334081 40.79647899226586, 121.04270400701782 40.79675365289693, 121.04075967880101 40.79799207663097))"
94,25.582997735909824,119.68708955233495,6,254028.18333333332,duration_weighted_berth_medoid,"POLYGON ((119.679530526815 25.576779342966663, 119.6778815140864 25.579055016729086, 119.67802767251905 25.58172330176235, 119.67935937008524 25.583700262857224, 119.68161536140623 25.58468676296739, 119.68234636281305 25.586308137376875, 119.683685074407 25.587445570420638, 119.68349317698882 25.589220720882075, 119.68423488030776 25.591077781658097, 119.68548157868982 25.592194686587668, 119.68710800439993 25.59279471320007, 119.68975692690692 25.59295866307443, 119.69181148971245 25.59228292320432, 119.69360000730698 25.590074766253615, 119.6936394167678 25.58632506626678, 119.69557794264738 25.585183866757376, 119.69829866708042 25.581410135668218, 119.69847061257656 25.578584780934985, 119.69777307671549 25.576773917753858, 119.69623063683409 25.575455027992785, 119.69418864721092 25.574923432333964, 119.69222001345554 25.575011362965114, 119.68880716655417 25.576339844870837, 119.68718687698019 25.57439587056636, 119.6847604190248 25.573646261697203, 119.68152668430145 25.574395648337127, 119.68022995804192 25.575467506701827, 119.679530526815 25.576779342966663))"
95,23.516862166666666,116.40558596666666,2,97750.08333333334,duration_weighted_berth_medoid,"POLYGON ((116.40459308327848 23.512245442734244, 116.40166957408324 23.513179772489156, 116.40036807388029 23.51437395544317, 116.39969400711225 23.515800917273804, 116.39964500495992 23.51735532401535, 116.40030716026253 23.519167665640598, 116.40215226657135 23.520961047696613, 116.40432951713646 23.521486212774267, 116.40813289962573 23.52108758794465, 116.41047082767278 23.519555114112006, 116.41316747082162 23.5190281849253, 116.41492528435036 23.517347183505834, 116.41540769164801 23.515846511927457, 116.4153418744536 23.51316614258395, 116.41467121171951 23.511681449492, 116.4130539168823 23.510337307111772, 116.41137685389074 23.509870805548353, 116.40858967926529 23.509932272747616, 116.4065959552765 23.510810434329244, 116.4053986470636 23.512257628078743, 116.40459308327848 23.512245442734244))"
96,25.756375333333335,119.63228164444445,1,70904.79999999999,duration_weighted_berth_medoid,"POLYGON ((119.63579169081206 25.749180963874572, 119.6338987424247 25.748164614238817, 119.63169692132388 25.748081573085603, 119.62880383716308 25.749061099684663, 119.62702832210726 25.751240954717197, 119.62691145396865 25.761758085598824, 119.62799924819903 25.763734878867712, 119.63031324130311 25.765258777100993, 119.63258748393174 25.765392025375085, 119.63517855751594 25.76462614068275, 119.63653381324065 25.76362515875869, 119.6373604901874 25.762233245232107, 119.63753485960748 25.75205040696643, 119.63702622064552 25.75053940155373, 119.63579169081206 25.749180963874572))"
97,38.97865102,121.80572694,2,9439.266666666666,duration_weighted_berth_medoid,"POLYGON ((121.80066479327391 38.97772900347044, 121.79808010245604 38.97884647731717, 121.79690702482229 38.98019967105343, 121.79650903134258 38.98154842324914, 121.79748459320506 38.983813319165826, 121.80028799072105 38.98524163825287, 121.80242501822633 38.98535197548601, 121.8040298990609 38.98487242332957, 121.80621925113786 38.98263513393163, 121.80880406045539 38.98211838052676, 121.81070781852101 38.980241582451924, 121.81111694617069 38.97802033352577, 121.81081326379913 38.97668321573888, 121.8098764642934 38.97553722385926, 121.80803845588693 38.97463257118654, 121.80566388246714 38.97427162502871, 121.80347964517922 38.974673923618056, 121.8013696497674 38.97613873542295, 121.80066479327391 38.97772900347044))"
98,31.278081133333334,121.7376649,1,19128.61666666667,duration_weighted_berth_medoid,"POLYGON ((121.74074585448834 31.274545959760577, 121.7388649615058 31.273764877940085, 121.73718719668118 31.27372272548905, 121.7346657882739 31.274239281445503, 121.73298251863692 31.275465541151732, 121.7321880864352 31.27722972716081, 121.73235197063343 31.279680957448587, 121.73299526356364 31.281076355812505, 121.73421508976091 31.28215456852854, 121.73626075793031 31.282812315473073, 121.7390660340425 31.28267057558671, 121.74065877425384 31.282143413922196, 121.74190606828166 31.28114618347312, 121.74271159750232 31.27946314369635, 121.74278831967365 31.277309887070448, 121.74203778851408 31.2756470981626, 121.74074585448834 31.274545959760577))"
99,40.287936538461544,122.09309257692308,10,135537.13333333336,duration_weighted_berth_medoid,"POLYGON ((122.08553902813395 40.286229480936555, 122.08422433054545 40.288185864928856, 122.08415949006289 40.28990165754843, 122.08519379134228 40.291426067742066, 122.08724434376573 40.2924584663163, 122.08735648499305 40.29504670519003, 122.0883267593504 40.29656146652335, 122.08971921069512 40.29740087739653, 122.0914292734639 40.2977633548264, 122.09488389574601 40.29788414157801, 122.09696511929059 40.2972463769736, 122.09867649463163 40.29526754995035, 122.09891099568216 40.29135790651641, 122.10063876501911 40.2901058714762, 122.1019648117147 40.28731712914841, 122.10173872954638 40.28433883737239, 122.1005029282711 40.28252872905126, 122.10039565046351 40.27974762742057, 122.09942143334617 40.27820856216662, 122.09800816490298 40.27735920645006, 122.09627137269992 40.27700110935295, 122.09334563597176 40.2770859172144, 122.09133557050473 40.27769675318859, 122.08993305224215 40.278953673711605, 122.08928735200271 40.2809654691434, 122.08704141584772 40.282532547728174, 122.08553902813395 40.286229480936555))"
100,39.100885057142854,118.50166074285714,2,71027.81666666668,duration_weighted_berth_medoid,"POLYGON ((118.49864950105841 39.09214964365486, 118.4957153179879 39.092934411196026, 118.49379663865795 39.09500197408687, 118.49409898339074 39.104340520186504, 118.49537320391036 39.10567142383269, 118.49729571043866 39.10639486813597, 118.50628524969822 39.106319893734074, 118.51017179270526 39.10438111169008, 118.51161495579628 39.1022681881863, 118.51123307027372 39.099895333573485, 118.50940256952394 39.09815052041404, 118.50898559682655 39.09437421374534, 118.50803066532325 39.093274497435374, 118.50621291411365 39.09241499082328, 118.49864950105841 39.09214964365486))"
101,30.053475361445784,121.97718909638554,5,40038.36666666667,duration_weighted_berth_medoid,"POLYGON ((121.96760536962167 30.04554210246676, 121.96599433033481 30.0462815788759, 121.96446651817787 30.04803402994603, 121.96398413801569 30.049535889125753, 121.96439214253328 30.051444531632818, 121.96581532898104 30.052944536372724, 121.9680283017015 30.053893054913683, 121.97022593578824 30.053866882173608, 121.97234263458115 30.052764552891762, 121.9722485598093 30.054091086482075, 121.97286233788866 30.055646070869702, 121.9712395138304 30.056339051291925, 121.97009222645815 30.057490944633994, 121.96931278253028 30.05983266963225, 121.96945297211765 30.061364101075984, 121.97026766766037 30.062728931206333, 121.97203217017015 30.063881251550818, 121.9737721475859 30.06418478306209, 121.97669914660388 30.06388887944789, 121.9784523302475 30.062763549495568, 121.97927846537013 30.06142586750907, 121.97945102351432 30.059136566882398, 121.97886076977035 30.057561887312463, 121.98065201429095 30.056526889471122, 121.98211648221896 30.05352394857682, 121.98369476752504 30.052832563366493, 121.9850263267839 30.051344176995837, 121.98570415930803 30.04872145678746, 121.98526024608888 30.046924531020906, 121.98355814791292 30.045296335413365, 121.98110005857431 30.044502858856063, 121.97894425091579 30.04465154139166, 121.97719393676316 30.045593068420015, 121.97571575743149 30.043924060419105, 121.97325915401771 30.043158224837985, 121.96976045330399 30.043597882150195, 121.96760536962167 30.04554210246676))"
102,26.010634875,119.4804391875,4,90562.28333333333,duration_weighted_berth_medoid,"POLYGON ((119.47616373612375 25.995005637445892, 119.4735462985063 25.995113212489066, 119.47106596849713 25.996812364804587, 119.47022933519872 25.998549638463, 119.47028828874573 26.001398758923212, 119.4712292016666 26.003137294244848, 119.4729616287094 26.004283234915665, 119.47628489187558 26.004792847344806, 119.47903140326937 26.00364900535117, 119.4805378055363 26.004989777952318, 119.47778156748728 26.005436641050014, 119.47578414452967 26.00710766503067, 119.47504995245319 26.00896715600303, 119.47507211544607 26.01308263224346, 119.47561360468747 26.014620678508514, 119.47715205608341 26.016078001993318, 119.47883263418717 26.016644860441627, 119.48245053310737 26.01685639290454, 119.48403325283859 26.01621039063624, 119.4852244947665 26.015072695207653, 119.4860564199108 26.01130117356323, 119.48918202195416 26.011651377158802, 119.4918052887644 26.010206184209597, 119.4927136616206 26.008385711291744, 119.4929631483543 26.0052329405447, 119.49162745312245 26.003172955729926, 119.4895534764947 26.002167912417143, 119.48963499322537 25.997605754193696, 119.48787891777552 25.99530638456919, 119.48623338308869 25.994654715540122, 119.48281356378482 25.994366836364808, 119.48071995349642 25.995024774718466, 119.47925764291415 25.996275250783093, 119.47616373612375 25.995005637445892))"
103,25.98271222,119.4494303,2,15276.550000000001,duration_weighted_berth_medoid,"POLYGON ((119.44239493155986 25.98374937901359, 119.44487673646599 25.986683329849566, 119.44638104269413 25.98738310244558, 119.44806669079618 25.98753233608425, 119.45177220824105 25.987206565682996, 119.45341610455205 25.9865986240729, 119.45508398359294 25.984754081523107, 119.45538130886159 25.982782174713332, 119.45455415726722 25.980055761193302, 119.45310009755083 25.978637153155496, 119.44620725078616 25.977246728953826, 119.4441688988728 25.97790764045443, 119.44229533991137 25.979635133315636, 119.44174383876069 25.981842884893304, 119.44239493155986 25.98374937901359))"
104,31.32609219587629,121.5546762371134,5,123302.46666666669,duration_weighted_berth_medoid,"POLYGON ((121.55046961729009 31.32158888872968, 121.54946198324612 31.322828736586494, 121.5490938799516 31.324344603321002, 121.54910716932179 31.328652298852607, 121.55004526650555 31.33066109214333, 121.55170937974053 31.331781268104567, 121.55388862168986 31.332305909440105, 121.55499766543728 31.333607163091344, 121.55649047266226 31.33436002425529, 121.55995462127255 31.33458884776619, 121.56197993853687 31.3338643209165, 121.56315527487081 31.33274181567759, 121.56373424524112 31.33131936370516, 121.56383116356861 31.329185343647428, 121.56328089027811 31.327563168665385, 121.56493945295482 31.326056155060993, 121.56567413310607 31.323540874647986, 121.56552145436483 31.321667648352687, 121.56465293130263 31.320355062353485, 121.56202222865862 31.31900677765917, 121.55953761929409 31.31883516509415, 121.55723111022951 31.317040275020254, 121.55503013758793 31.316787559627976, 121.55266181954443 31.317514704636785, 121.55132742926106 31.318499066550363, 121.55053931911907 31.319846336367288, 121.55046961729009 31.32158888872968))"
105,23.495338098360655,116.40990136065574,1,4865.3,duration_weighted_berth_medoid,"POLYGON ((116.41393293421119 23.49280205035211, 116.41253547707156 23.49128145489789, 116.41052409932063 23.49053848581728, 116.40836758291918 23.49074631675189, 116.40667231102306 23.49168804901612, 116.40551699442646 23.49285485750709, 116.40487589027664 23.49472800136412, 116.40509690530475 23.49629097836667, 116.40635559106776 23.498507679097425, 116.4077243780125 23.499493360493698, 116.40983644276317 23.499940737705614, 116.41153794539012 23.49960541004918, 116.41323043302518 23.49861196660881, 116.41430305846745 23.497405533803303, 116.41481090435627 23.49592019250272, 116.41393293421119 23.49280205035211))"
106,40.80744970852018,121.06453639013453,3,80555.21666666666,duration_weighted_berth_medoid,"POLYGON ((121.05599372738592 40.80535018474368, 121.05345754920931 40.80591752908553, 121.05139039248249 40.80775221133084, 121.05106883007599 40.80938429865622, 121.05183354037749 40.81251360486281, 121.05299519348638 40.81355324136996, 121.05504503674798 40.814237071600395, 121.06162541907652 40.81404607317092, 121.06359118628168 40.81325347515645, 121.06477358111611 40.81191672427715, 121.06713172604937 40.811672157726285, 121.06915159366633 40.810444676345, 121.06995456249794 40.80791706087569, 121.07117168469394 40.8062227453127, 121.07095834677061 40.80300978310432, 121.07002968300304 40.801507529048834, 121.06827263928 40.80051657192864, 121.06654730533306 40.80025615426744, 121.06381564111807 40.80046074019029, 121.06221393620477 40.80095889552723, 121.06098021104691 40.801878693564326, 121.06018936628519 40.80415558646178, 121.05909367021282 40.80537709576742, 121.05599372738592 40.80535018474368))"
107,35.33604169230769,119.53415576923076,1,9362.116666666665,duration_weighted_berth_medoid,"POLYGON ((119.5370044471314 35.3319696096988, 119.53497685702595 35.33128684023671, 119.53321803013068 35.33136232289029, 119.53089866039578 35.33226503271527, 119.52953977602502 35.3335985734746, 119.52908471093946 35.335292492570574, 119.52965283310785 35.33765430887577, 119.53049669505765 35.338895005364385, 119.5318551103756 35.33978113514869, 119.53352437222571 35.34017982809801, 119.53525415948347 35.3400313038228, 119.53728364169623 35.33927892700855, 119.53874448947298 35.33794856043615, 119.53924261438856 35.336573244772886, 119.53914812820082 35.334396036581275, 119.53840246365995 35.333030383561386, 119.5370044471314 35.3319696096988))"
108,31.28605420689655,121.5672221551724,1,63570.5,duration_weighted_berth_medoid,"POLYGON ((121.57025534899385 31.281642103325012, 121.56874299279252 31.28094480082468, 121.56660651943464 31.280832060276012, 121.5642781173494 31.28168014882414, 121.56276538695131 31.283051557525052, 121.56219877503928 31.28487296235421, 121.56273444442007 31.28760034828368, 121.56356759176523 31.28894721248627, 121.56494823053568 31.289911006047415, 121.56665886076465 31.29033991036096, 121.56842999703274 31.29016636501749, 121.57040722488927 31.28936747806851, 121.57182615966668 31.28799357182085, 121.57231716702886 31.286583550270933, 121.57225172231996 31.28416945590839, 121.57158105958608 31.28278573939615, 121.57025534899385 31.281642103325012))"
109,31.57301436734694,121.49916197959185,1,12641.633333333333,duration_weighted_berth_medoid,"POLYGON ((121.50220522919565 31.569519591286625, 121.50023561949958 31.56872506863178, 121.49756771132932 31.568780966019766, 121.49588862905168 31.569213185600027, 121.49453187476689 31.57016036049531, 121.4935970723178 31.57184261483332, 121.49353224525132 31.57409108297657, 121.49404097674801 31.57551986897227, 121.49515276758727 31.576674017426786, 121.49712593041359 31.577469075725624, 121.50010950464579 31.577524522275596, 121.50177229863284 31.577099111443125, 121.5031214975218 31.57616823486625, 121.50406690951533 31.574511293958658, 121.50427090854255 31.57245314490017, 121.50354133846768 31.5706730412669, 121.50220522919565 31.569519591286625))"
110,31.383347484848482,121.67960948484848,2,24650.216666666667,duration_weighted_berth_medoid,"POLYGON ((121.67848844001227 31.378541940598243, 121.67565380845883 31.379907910111623, 121.67436128890007 31.382183538183746, 121.67490287940653 31.38538482402544, 121.67596762766486 31.38655567880885, 121.67747302090937 31.387294290321375, 121.68095600232928 31.387543324699543, 121.68302800411014 31.386983049255722, 121.68454926500782 31.385657869312872, 121.68512522309922 31.384236641715482, 121.68743580224344 31.383384877731853, 121.68872077562482 31.381893063101128, 121.6888649653701 31.37803343986226, 121.68774281886746 31.376435044569643, 121.68628564660364 31.37560377141425, 121.68291919758552 31.375311865355748, 121.681190234181 31.375607359630397, 121.6794315842616 31.376730179014267, 121.67848844001227 31.378541940598243))"
111,38.75926526136364,117.59445005681819,1,61946.41666666667,duration_weighted_berth_medoid,"POLYGON ((117.60141602414627 38.75569643695106, 117.59867134349942 38.754686721804575, 117.58973713615791 38.754685624154114, 117.58764095273393 38.75509467666496, 117.58629470600394 38.75594792196442, 117.58535273912167 38.757464414294034, 117.58495679682123 38.7602343641407, 117.58544490692175 38.76187199444043, 117.58685546936053 38.76314354449953, 117.58886343576398 38.763756025091524, 117.59821973310542 38.764017313036604, 117.60036394957055 38.763655413326234, 117.60247139928465 38.76194543562221, 117.60314622153139 38.75895673359966, 117.60285832227366 38.75722031551421, 117.60141602414627 38.75569643695106))"
112,26.745738142857142,119.63645538095238,1,39025.36666666666,duration_weighted_berth_medoid,"POLYGON ((119.6437152674573 26.74077793083179, 119.6406636780013 26.73973895043277, 119.63345172975659 26.739809730649696, 119.63136043441003 26.740512188307772, 119.63012615330747 26.741675201444792, 119.62950010785303 26.743176858056156, 119.62926623817638 26.746981804955194, 119.6299127167668 26.748880404025073, 119.63112271309366 26.750051627233635, 119.63318991897351 26.75077977488927, 119.6412222606319 26.750966433209477, 119.64324065078858 26.75039422367124, 119.6451157624133 26.748374646180405, 119.6456253544795 26.74440633295672, 119.64522683539673 26.742436258266704, 119.6437152674573 26.74077793083179))"
113,31.596602769230767,121.44269833333333,1,2910.7,duration_weighted_berth_medoid,"POLYGON ((121.44595970382177 31.59357396056956, 121.44410891584002 31.592583024342378, 121.44236605150638 31.592405985613063, 121.44067660725128 31.592811418698997, 121.438832770393 31.594119100693042, 121.4378623667966 31.595781286428785, 121.43782673346179 31.597271417731843, 121.43846231355099 31.598660043417034, 121.43977515228346 31.599906808252147, 121.44130528705838 31.60063922286655, 121.44348605552905 31.6007685745828, 121.44512061340431 31.600223875066135, 121.4465814325061 31.59910325403682, 121.44743639155706 31.597802854141904, 121.44764306693548 31.59632285480715, 121.44717009061416 31.594887878969047, 121.44595970382177 31.59357396056956))"
114,31.3470978,121.71448519999998,1,227.36666666666667,duration_weighted_berth_medoid,"POLYGON ((121.71733462591655 31.343457857579672, 121.71580981588788 31.34275771283375, 121.71365694347281 31.34265288612364, 121.71096262838229 31.34346598066975, 121.70949177958236 31.344784936702546, 121.70889905475514 31.346534593903925, 121.7093313772796 31.349329019678947, 121.71007822877462 31.35067416563464, 121.71136851630848 31.351675160241964, 121.71344398610506 31.352219645678076, 121.71597832375063 31.35186047840874, 121.71762172117036 31.351194801319522, 121.7188212485962 31.350027132870572, 121.71938019659467 31.348548943666202, 121.71933538956976 31.346002655283048, 121.718665755187 31.344607685709015, 121.71733462591655 31.343457857579672))"
115,40.705554529411764,120.96275491176469,3,91334.38333333333,duration_weighted_berth_medoid,"POLYGON ((120.95631174913798 40.70133325898016, 120.95503647397234 40.70330358563133, 120.95537400108307 40.70775936290367, 120.95627907278575 40.70930150981814, 120.95804998299131 40.71032464200338, 120.95980225641885 40.71059442173852, 120.96767635233459 40.71045511127421, 120.96951678234811 40.709644697921334, 120.97312862628631 40.70636377335737, 120.97340834944967 40.705064116501866, 120.97287944585393 40.70236199565088, 120.97173562920274 40.70098942576389, 120.97029198977042 40.70028162466339, 120.9660139890039 40.700044025407166, 120.96396734312385 40.6985132426459, 120.96136367489795 40.69820840848828, 120.95808984817384 40.6989826954479, 120.9569069502696 40.69997845423942, 120.95631174913798 40.70133325898016))"
116,30.112670303030303,122.20373015151516,4,39077.86666666667,duration_weighted_berth_medoid,"POLYGON ((122.19686403331023 30.10980991861787, 122.19486117920825 30.109688426697996, 122.19320682176097 30.11022045924619, 122.19191715440374 30.111262811141607, 122.19082241370617 30.11320381935165, 122.19086051757 30.11509230496534, 122.19163786782495 30.116451564397046, 122.19295754464808 30.117449862806325, 122.19491744222753 30.11808032467821, 122.19716556715035 30.11802479185148, 122.19889695727832 30.117193528242275, 122.20164225111162 30.1173738505909, 122.20533196016004 30.116636346272703, 122.20994520665276 30.116625835473933, 122.21204023258916 30.115382408386402, 122.21331231686187 30.11298248854414, 122.21334352706923 30.111525008777132, 122.21275163575328 30.11016013772658, 122.21114356310414 30.108647810071666, 122.20944449957234 30.107995605345877, 122.2052417061738 30.10792940922748, 122.203396883241 30.108463630567442, 122.19943900127925 30.108650960627628, 122.19686403331023 30.10980991861787))"
117,26.46999803030303,119.63324854545455,1,33181.46666666667,duration_weighted_berth_medoid,"POLYGON ((119.63743305604103 26.466063709307775, 119.63597188681652 26.465270823704078, 119.634285660464 26.465023818797484, 119.63082084470729 26.465191261190316, 119.62887936698294 26.466073844256904, 119.62762973255846 26.467670139441033, 119.62721947812692 26.47034378262272, 119.6274467978987 26.47193000458956, 119.62834686937565 26.47331141476415, 119.62977729717905 26.474269478523865, 119.63151178116027 26.474652637659723, 119.63536313927389 26.474718376588125, 119.63772252629943 26.473692751677174, 119.63891749553363 26.47204397919809, 119.6393466268903 26.469156290940987, 119.63870498204946 26.467321769188988, 119.63743305604103 26.466063709307775))"
118,31.99538983908046,120.33937142528737,4,43548.566666666666,duration_weighted_berth_medoid,"POLYGON ((120.33222917335891 31.988915325699974, 120.33247867697725 31.99021105731298, 120.33109142274496 31.992699897536074, 120.3312059650656 31.996912635963472, 120.33159246696984 31.998357530557925, 120.33259976442659 31.999568051168954, 120.33407546511918 32.00036107245159, 120.33579631280301 32.00061663133026, 120.34218997094918 32.00042550094513, 120.34442428925588 31.99938599484612, 120.34552386724228 31.997836231067737, 120.34576596571003 31.994430716641823, 120.34683904975536 31.992854224679817, 120.34711626400386 31.990669868904984, 120.34654169957405 31.98887147322928, 120.34534070924768 31.98770504889333, 120.34513343177629 31.985071054372508, 120.34407734949968 31.983395714198508, 120.34261994840264 31.9825015534385, 120.33972400975924 31.98214334115025, 120.33748754883176 31.98114383393745, 120.33485647740669 31.981087922010826, 120.33317105606088 31.981524145578202, 120.33155100075216 31.982779883355736, 120.33082576620964 31.98453677164312, 120.33088039740225 31.98715910301651, 120.33222917335891 31.988915325699974))"
119,32.00162034,120.34874137999999,2,8837.066666666668,duration_weighted_berth_medoid,"POLYGON ((120.34708565154978 32.00586191210808, 120.3490653088779 32.00677978633134, 120.35196250682785 32.0067623773819, 120.35390240115497 32.00590175236061, 120.35513206637118 32.004365691874035, 120.35540038714608 32.00289245629682, 120.35496605950168 32.00084337496042, 120.35291972620955 31.99823617658966, 120.35110144011587 31.997106185580353, 120.34631999855027 31.99690209741314, 120.34438495312907 31.9978959034804, 120.34309590277331 31.999359988456007, 120.3427591120481 32.001164682766074, 120.34334412491302 32.003770836657054, 120.34471314845196 32.00513927262982, 120.34708565154978 32.00586191210808))"
120,19.955179553333334,110.01127069333333,1,45863.916666666664,duration_weighted_berth_medoid,"POLYGON ((110.01613430281141 19.947944671135005, 110.01365622959024 19.946881367926906, 110.00949129029014 19.947126913751575, 110.00748320778322 19.947759262742146, 110.0060065728846 19.949186230782853, 110.00538965565288 19.95109057326237, 110.0056679016451 19.957988939601407, 110.00651200237664 19.95992724788236, 110.0078440850615 19.96105018266288, 110.00998561289127 19.961628750462577, 110.01429578455841 19.96134073623202, 110.01631802958296 19.96049246540866, 110.01746724546788 19.959217004985277, 110.01799980291874 19.957622302293217, 110.01803911669613 19.951082566276188, 110.01738334622415 19.94923059140213, 110.01613430281141 19.947944671135005))"
121,19.104095846153847,108.62518396923078,2,23740.066666666666,duration_weighted_berth_medoid,"POLYGON ((108.62101852661162 19.10681884138334, 108.62280999450269 19.108292679580696, 108.62522139168601 19.108817403050228, 108.62734453196639 19.108456480237255, 108.6290447132275 19.107201852043346, 108.62992975220709 19.105342909628067, 108.63032911920473 19.100807318746412, 108.62975113490603 19.098792201445594, 108.6285920200372 19.09752298294076, 108.62656701292836 19.096687866908283, 108.6221475210617 19.096475620303696, 108.62055205553955 19.096961582573165, 108.61876793755971 19.09836312288525, 108.61783460327948 19.100319605302264, 108.61795546562485 19.10372403329294, 108.61892125503375 19.105525425861163, 108.62101852661162 19.10681884138334))"
122,29.916471951219513,121.92617792682927,1,131530.03333333333,duration_weighted_berth_medoid,"POLYGON ((121.93017510836597 29.910943707701854, 121.92863150940337 29.91015039097595, 121.92640450380024 29.909990432345097, 121.92327997881699 29.910621936005644, 121.92138563523125 29.91217614021197, 121.92079748124203 29.913998634758926, 121.92115841531569 29.918407259775297, 121.92201854113267 29.920121037025872, 121.92331525216262 29.92111506267662, 121.92538281361668 29.92164559516828, 121.92869874949203 29.921269302714432, 121.93032412060651 29.920584798595534, 121.93150669327346 29.919400496298678, 121.93205504687805 29.917908082773433, 121.93202317700256 29.913475106770022, 121.93142354528611 29.912128637981645, 121.93017510836597 29.910943707701854))"
123,39.840924384615384,124.16252561538461,2,15285.766666666666,duration_weighted_berth_medoid,"POLYGON ((124.15737157969413 39.841097632616766, 124.15766226497647 39.84314966454767, 124.15880674684459 39.84453037518405, 124.16065139348414 39.84535047985587, 124.16370392402867 39.84556617981594, 124.16577183213487 39.84498231797681, 124.16700641522982 39.844009388643165, 124.16765587564512 39.84274586125832, 124.1678567893051 39.840091328931905, 124.16532974208438 39.8365390268359, 124.1633399289051 39.83560457752655, 124.16118547655763 39.83538018458622, 124.15879600824836 39.83616241498919, 124.15729691151311 39.83779516370534, 124.15678256846913 39.839369271398084, 124.15737157969413 39.841097632616766))"
124,21.484759133333334,111.06458500000001,3,31662.483333333334,duration_weighted_berth_medoid,"POLYGON ((111.0641638673913 21.47881819486222, 111.06216991584299 21.47899906095709, 111.06062575978162 21.479767548386594, 111.05930755795518 21.481093930043578, 111.05863796650102 21.48270913424496, 111.05875690611288 21.486425765139213, 111.05931432395933 21.487918646240526, 111.06077562645538 21.489342472560477, 111.06277534170141 21.48998580186074, 111.06716883824393 21.489985657243366, 111.06917516968797 21.4893375378886, 111.07040648110144 21.48824031854008, 111.07122502783044 21.486036765780774, 111.07288608242565 21.48408593142992, 111.07580721515984 21.483149828224853, 111.07692951001466 21.4818864902743, 111.07744340355984 21.480318681737884, 111.0774436275901 21.477679658698744, 111.07693489609346 21.476119042141306, 111.0754690654963 21.474614027911286, 111.07341393081394 21.473929734687587, 111.06905142321291 21.4743871651616, 111.06744297320212 21.47571070317279, 111.06670233653121 21.47744915454929, 111.0641638673913 21.47881819486222))"
125,21.710354962962963,111.81064431481482,6,49151.933333333334,duration_weighted_berth_medoid,"POLYGON ((111.80407405731454 21.716014626880437, 111.80430660624951 21.720596631176967, 111.80587593160205 21.72293025744502, 111.80739294832424 21.72367181096703, 111.81019453246579 21.72412705764601, 111.81191686384733 21.72380739040922, 111.81367148076733 21.722593871823733, 111.8146009759327 21.72075430071793, 111.81497437815993 21.717308058469495, 111.81420728786306 21.714555905617004, 111.81564398254191 21.712922673095445, 111.81603959962379 21.710926406677878, 111.81850193023475 21.709682488093073, 111.81967139737642 21.70743046548678, 111.81938606751609 21.702791670104165, 111.81798082189735 21.700698436340932, 111.81554879382543 21.699708315219816, 111.81129816034515 21.700140588700062, 111.80984715551938 21.699036889829845, 111.80739381932246 21.698300362858713, 111.80527065446383 21.69860682779555, 111.80354362291588 21.699794519893413, 111.8022218746734 21.70272876211714, 111.80229401343402 21.704729762797708, 111.80367563358806 21.706748325600525, 111.80571430621738 21.707715621057712, 111.8053244929358 21.71067044476713, 111.80360474298304 21.713193632234926, 111.80407405731454 21.716014626880437))"
126,24.40304885945946,117.98305243243244,2,55108.26666666666,duration_weighted_berth_medoid,"POLYGON ((117.97874563501371 24.397247137110668, 117.97599534903293 24.398062790586874, 117.97402588355321 24.400291367247064, 117.97386124927642 24.402616288245422, 117.97508515631125 24.405444497362847, 117.97680099018993 24.406584494289998, 117.97972132488776 24.406904983686804, 117.98213618016993 24.407994742513118, 117.98589646168193 24.407691056177388, 117.98785534910158 24.40676824373408, 117.98892271759311 24.405481389700157, 117.98936088640637 24.403918828709045, 117.98893472345556 24.401301028667792, 117.98801062424587 24.399915462661156, 117.98271924045834 24.397482675291105, 117.97874563501371 24.397247137110668))"
127,21.586733272727272,109.59931213636364,1,2140.5499999999997,duration_weighted_berth_medoid,"POLYGON ((109.60315235836643 21.581730567810567, 109.60129521690675 21.580790097201422, 109.59918112231735 21.580744073437888, 109.59650482499872 21.581462760892713, 109.5947069937691 21.583157376951323, 109.59417938709547 21.58508820766671, 109.59455650468276 21.5890404195784, 109.5954693112233 21.59088272908862, 109.59681170600858 21.591928850419556, 109.59892207716915 21.5924425033058, 109.60182455359933 21.591996969759464, 109.60338382057155 21.591240081573144, 109.60451091905662 21.58998443363351, 109.60503299744315 21.588422581936413, 109.60500121226865 21.58445020971935, 109.60440177732377 21.583003222275817, 109.60315235836643 21.581730567810567))"
128,26.788852736842106,119.71358415789473,1,16928.6,duration_weighted_berth_medoid,"POLYGON ((119.71721307836626 26.784547391823995, 119.71492473060428 26.783561708360136, 119.71141594898046 26.7837869770352, 119.70934005962113 26.784516252759918, 119.7081266245126 26.785692758734942, 119.70748354953201 26.787599679842035, 119.7077799580107 26.79208127973213, 119.70841594025484 26.793583339568972, 119.70966119539287 26.79474215745657, 119.71176342544118 26.79543262717149, 119.71549726746262 26.795157201281334, 119.71710360014218 26.794562283167902, 119.71833634822183 26.793467275679525, 119.71907807470093 26.791650574021315, 119.71911902671448 26.78753906314155, 119.71846470992827 26.78577234493594, 119.71721307836626 26.784547391823995))"
129,25.2099438989899,118.96574332323232,2,15902.966666666667,duration_weighted_berth_medoid,"POLYGON ((118.95979042253657 25.203917294231744, 118.9572179768366 25.20459515634272, 118.9550801514946 25.206825594179676, 118.95489863182596 25.209269923542998, 118.95646729998172 25.211963716976427, 118.95874522866382 25.212993178022124, 118.96161249646295 25.212870367824504, 118.96311490424146 25.214013494464602, 118.9648038044548 25.21445162498051, 118.96864409875761 25.214055827560852, 118.97047026812717 25.21304953740777, 118.97157523296674 25.21139333436542, 118.97176447392 25.2098497656653, 118.97123080739702 25.207485444741884, 118.96999664050983 25.205895782113565, 118.96808794484969 25.205006060434044, 118.96467510469994 25.20517564795743, 118.96283954972357 25.20414432622423, 118.95979042253657 25.203917294231744))"
130,25.68496724,119.57848665333334,1,37486.83333333333,duration_weighted_berth_medoid,"POLYGON ((119.58295081291202 25.680728703135063, 119.58031672178082 25.679694778568663, 119.57508847453991 25.679732633925877, 119.57308069721003 25.680379439534285, 119.57185744020269 25.681458434926533, 119.57109678716286 25.683253555127457, 119.57087973590484 25.68616584532743, 119.57173208734729 25.68794694471433, 119.57302190504427 25.688983201688462, 119.57465039886151 25.689503949904942, 119.58031902683537 25.689762368349275, 119.58277218176528 25.688976890646806, 119.58432972469767 25.687096974034237, 119.5848667857947 25.684306366976216, 119.58444487975252 25.68236831252057, 119.58295081291202 25.680728703135063))"
131,21.613772923076922,109.56905903846153,2,13931.183333333334,duration_weighted_berth_medoid,"POLYGON ((109.56472377951339 21.6106082567289, 109.56253814729622 21.6121556299178, 109.5614264177379 21.614273224297147, 109.56172478354172 21.61661317104815, 109.56346527729653 21.618625250136482, 109.56506707340417 21.619403416552224, 109.56686912116231 21.61953164816324, 109.57100870667735 21.618465845805158, 109.57280879936557 21.61732976930452, 109.57382338016683 21.615540467361274, 109.5740085686652 21.61303266063365, 109.57357764761876 21.611457311413, 109.57253239028617 21.610154270039086, 109.57061023594237 21.60920276121662, 109.56800571757448 21.609026520187125, 109.56626099985013 21.60944859786377, 109.56472377951339 21.6106082567289))"
132,29.714559281690143,122.1940791971831,1,12162.183333333332,duration_weighted_berth_medoid,"POLYGON ((122.1972370500016 29.71076415754605, 122.19525929965475 29.71004382329069, 122.19273970617644 29.71017366698404, 122.19106477657684 29.71067484628114, 122.18974324671339 29.71169953992442, 122.18889354165789 29.71346788888349, 122.18895686837598 29.715672006868548, 122.18954404734916 29.71709585510393, 122.19071066959316 29.718218707129985, 122.1927103652101 29.718948340443504, 122.19552502563837 29.71890345219272, 122.19715399880167 29.718417958970132, 122.19845285273449 29.717435759805323, 122.19923062743496 29.7161012476571, 122.19945033367891 29.71370607327161, 122.19862573954676 29.71188228874629, 122.1972370500016 29.71076415754605))"
133,38.93745960606061,118.48196527272727,1,44698.98333333333,duration_weighted_berth_medoid,"POLYGON ((118.48819488777845 38.93430173289073, 118.48672283726425 38.93360965629552, 118.48502431745142 38.93339870927361, 118.48034089551207 38.933588142180824, 118.4781190256845 38.93456509333037, 118.47694011903228 38.93632590745468, 118.47685753545048 38.940112720143134, 118.47719943634735 38.94144963624169, 118.47817308772579 38.942582999239825, 118.4796302599896 38.943340278087206, 118.48134911187097 38.943606197136425, 118.48635333078816 38.94354198861167, 118.48861672887925 38.94262536955582, 118.48987285521224 38.94089770053763, 118.49010848176475 38.93698925267391, 118.48946688635671 38.93539499271362, 118.48819488777845 38.93430173289073))"
134,32.01347937313433,120.80663689552239,2,61947.86666666666,duration_weighted_berth_medoid,"POLYGON ((120.80281886686788 32.010671515656874, 120.80110528500028 32.011720234689285, 120.8002605212132 32.01298327855247, 120.79963348676729 32.01505853805146, 120.80006596742216 32.01683166027241, 120.80108417127533 32.018001021157644, 120.80254491630811 32.0187617571801, 120.80534390862783 32.019159102447446, 120.80704104113187 32.01883259389644, 120.81094515099417 32.0155551792045, 120.8114923736371 32.013448575772, 120.8111347357698 32.01162942696337, 120.80981105440128 32.01016601396448, 120.80783171696062 32.00940151288448, 120.80494869062439 32.00945757803464, 120.80281886686788 32.010671515656874))"
135,31.596225955882353,121.27641827941176,3,53228.21666666666,duration_weighted_berth_medoid,"POLYGON ((121.2731258055068 31.592514062765847, 121.27181753355873 31.59351695323003, 121.27106585421508 31.594860648845547, 121.2706456388403 31.597564983219733, 121.27124815605306 31.599322910533605, 121.27238513356961 31.600429093014526, 121.2739279625696 31.601088365061166, 121.27679721935148 31.60133352523249, 121.2788845212488 31.600857156923777, 121.2804690693389 31.59960571343229, 121.2812355159115 31.59740579538054, 121.28283533294925 31.595323632768974, 121.28293333889485 31.59308497899639, 121.28237252006635 31.591669218450868, 121.28006536155483 31.58999735461309, 121.27694826058614 31.589731037098627, 121.2745558043259 31.59066386258496, 121.2731258055068 31.592514062765847))"
136,25.140712145454547,119.01220936363636,1,4252.85,duration_weighted_berth_medoid,"POLYGON ((119.01510617591703 25.137131270126915, 119.01307930539512 25.1362770500163, 119.01128414583422 25.136304758611676, 119.00886568470817 25.137273557004985, 119.0074570313593 25.13873285468045, 119.00695452243004 25.14061666240607, 119.00749925074645 25.143384971178694, 119.0083120724442 25.144772253560745, 119.0096450063738 25.145777233055124, 119.01129922955798 25.146250015728217, 119.01302799489919 25.14612008667725, 119.0151351994542 25.145304759262967, 119.01664217091833 25.143833928708947, 119.01716654623054 25.142294570119834, 119.0171025492431 25.13980846924966, 119.01643188650928 25.138342710675573, 119.01510617591703 25.137131270126915))"
137,22.807359271739127,113.58492432608696,2,41527.23333333334,duration_weighted_berth_medoid,"POLYGON ((113.58219947445211 22.801529162656202, 113.58072480754235 22.80280493032629, 113.57988830416919 22.804558952339672, 113.57985643064022 22.808330605887598, 113.58036856816221 22.809864249083887, 113.58147483156947 22.811103199189397, 113.5830090513266 22.81186136612299, 113.58579407304707 22.812318746108414, 113.58792222287882 22.811829548432623, 113.58928229175683 22.810798267822772, 113.59010766540781 22.809364224883375, 113.59052893140708 22.80453711582911, 113.59166996645706 22.80340705351233, 113.59229958545517 22.801854496177842, 113.59259389690531 22.799624659206184, 113.59218739293051 22.798059310690103, 113.59116412768985 22.796755111642252, 113.58967872476111 22.79590914679465, 113.58733450058358 22.795398876488218, 113.58557074415981 22.79562666486526, 113.58362965552105 22.796747507388673, 113.58260975465988 22.797986055859532, 113.58219947445211 22.801529162656202))"
138,32.0134591754386,120.36622945614036,4,50235.55,duration_weighted_berth_medoid,"POLYGON ((120.36498909970771 32.00836213767551, 120.36237170816332 32.008983736543186, 120.36024677660731 32.011127730996456, 120.36011515230136 32.0156339768052, 120.36096185562239 32.01737209041309, 120.36310216311446 32.018695935917954, 120.3660137318495 32.01894322341655, 120.37172298323941 32.02221188481059, 120.37470677829072 32.022285699868995, 120.3766872324432 32.02154950475129, 120.37783200182159 32.020442862323854, 120.37839625877596 32.01905077920138, 120.37832351995208 32.01702003747968, 120.37758034273016 32.015697374842524, 120.37309305708717 32.01217064438311, 120.3726712926608 32.0106641091252, 120.3712625812382 32.00920905855198, 120.36920409773877 32.008503869458174, 120.36498909970771 32.00836213767551))"
139,21.48632406451613,109.55414696774193,2,20854.850000000002,duration_weighted_berth_medoid,"POLYGON ((109.54883674110029 21.483692723705133, 109.54868924134948 21.48905077491091, 109.55021064282096 21.491420497797908, 109.55213151787892 21.49229568406044, 109.55545061943543 21.49260712799281, 109.55709770778832 21.49219396152272, 109.55873229313336 21.49093043436903, 109.5596082072158 21.4887126011808, 109.55961650608388 21.483634515331623, 109.55806560090696 21.481651778510116, 109.55563308752086 21.48080550459683, 109.55584774874958 21.47928740380509, 109.55538432115748 21.477661557871254, 109.55267097885809 21.475311670514714, 109.55051354584974 21.47498183336063, 109.54882630648845 21.475432814913734, 109.54629927574238 21.478018276817597, 109.54594748544139 21.479660922349552, 109.54631699515325 21.481300177159444, 109.54883674110029 21.483692723705133))"
140,21.297669113207547,110.4164573018868,3,20494.56666666667,duration_weighted_berth_medoid,"POLYGON ((110.41226295335578 21.301526988574953, 110.41080623914404 21.302306557269535, 110.40972306526463 21.30360211472617, 110.40892348384594 21.306100153720095, 110.40911690291631 21.3081811375755, 110.41004325850916 21.309619503009973, 110.41150152429606 21.31060336069293, 110.41368017150316 21.311221347237765, 110.41586511140794 21.310972772569457, 110.41793246829658 21.309458967865904, 110.41885482282707 21.30700024185934, 110.42087857103621 21.305550781893626, 110.42198424456087 21.302918894520246, 110.42190830990752 21.301325102071683, 110.42109119554073 21.29974776768672, 110.42124614701825 21.29412344292759, 110.42040197812945 21.292670239308816, 110.41884060745751 21.291422078743256, 110.41716365641548 21.290808231874912, 110.41536272110854 21.290857804447782, 110.41372758634532 21.29156281920952, 110.41205233451475 21.293222599018286, 110.41147926626248 21.294870257515804, 110.4114523943827 21.298094309379557, 110.41256042897865 21.300844122372048, 110.41226295335578 21.301526988574953))"
141,28.158724547008546,121.10084022222223,2,151082.43333333335,duration_weighted_berth_medoid,"POLYGON ((121.09402700374727 28.15568657249012, 121.09507993160743 28.157904618570328, 121.09531995119198 28.162541361239242, 121.09680938910611 28.164451360482442, 121.09881535008024 28.16524956908948, 121.10208323439639 28.165472564724272, 121.10383326289065 28.16512060434012, 121.10528721463466 28.164192618840136, 121.10642735679973 28.16206434527185, 121.10664614167203 28.155719513685263, 121.10581456266884 28.153969061666135, 121.10415225034902 28.152759793624973, 121.10378999942506 28.150975468016888, 121.10247419334624 28.14938689774557, 121.09955688018316 28.148483777411187, 121.09687105942481 28.14893699225948, 121.09536683075136 28.14966666025613, 121.09384424893042 28.151911274220023, 121.09402700374727 28.15568657249012))"
142,32.07607926666667,120.49510946666668,2,88860.56666666667,duration_weighted_berth_medoid,"POLYGON ((120.49129516792303 32.071607502834226, 120.48889020827201 32.07216603369689, 120.48670559311621 32.074166113800715, 120.48636252031 32.07641543074972, 120.48758980964301 32.07880796603939, 120.48934075447593 32.07993726233086, 120.49107059201445 32.08024226656713, 120.49579492368855 32.080227419157666, 120.49863820643331 32.07906962834924, 120.49988360064995 32.07761575733579, 120.50022000751974 32.07620209407364, 120.49886901489091 32.07315615093298, 120.49635556776018 32.07179042174232, 120.49129516792303 32.071607502834226))"
143,37.6738018,120.22067442,2,7676.916666666668,duration_weighted_berth_medoid,"POLYGON ((120.21745123894243 37.67008656596122, 120.21600733926363 37.671214991033416, 120.21537759424442 37.67253210711391, 120.21542179268054 37.67491892084354, 120.21623488273832 37.676524982325574, 120.21752245589626 37.677469072025374, 120.21916886371132 37.67795052171936, 120.22206887959925 37.677911456576105, 120.22409617082127 37.67726398491526, 120.22675300804471 37.674536233664085, 120.22745977953927 37.67321884471244, 120.22729077420755 37.67055926222474, 120.22661396135273 37.669286293066854, 120.2241877671637 37.667871612592194, 120.22119259376781 37.66783548802532, 120.21884167261693 37.66858811800652, 120.21745123894243 37.67008656596122))"
144,37.66052137719298,120.30788920175438,7,39007.11666666667,duration_weighted_berth_medoid,"POLYGON ((120.30000691138746 37.66347757965059, 120.30245857228854 37.667230560942926, 120.30440685160274 37.66851899752414, 120.30692642718203 37.66876547032651, 120.31122342944195 37.66755763045233, 120.31259918738797 37.66674086415733, 120.3134863569766 37.66557470555503, 120.31375488673012 37.66423009169632, 120.31335845846392 37.66289326975045, 120.31606744936326 37.66266718027852, 120.32055279532547 37.6601809206924, 120.32143003669665 37.65766092855259, 120.32109933625877 37.655915811568946, 120.3189920577501 37.65412751654283, 120.31576922225302 37.653507358680926, 120.31407481486308 37.65380389020972, 120.31083293473793 37.65534734108475, 120.30937486763406 37.656715680196484, 120.30702434439372 37.65655779278709, 120.30511206089727 37.65705172359352, 120.30255423269826 37.65605508916678, 120.29994820069695 37.65630577967895, 120.29796428323225 37.65766686173356, 120.2969262424754 37.660089761202656, 120.29773428215351 37.66203787850748, 120.30000691138746 37.66347757965059))"
145,31.837753104166666,120.84104685416666,4,118475.18333333333,duration_weighted_berth_medoid,"POLYGON ((120.83589624262542 31.83668139858092, 120.8346343439151 31.838074915763844, 120.83424355577061 31.839579310573487, 120.83450677962756 31.842127564688475, 120.83545606753123 31.84384376561761, 120.836850425852 31.844800679614565, 120.83857425999098 31.84521818078072, 120.84140307727775 31.844976041854405, 120.84305243706218 31.84433517572005, 120.84426896492955 31.843192430995703, 120.84709928928984 31.837875797583205, 120.84738149855934 31.835776194892688, 120.84913203249218 31.834816758042386, 120.85008377915754 31.833529411628184, 120.8505528578107 31.82939901254385, 120.84966499856877 31.827271789260365, 120.84793520203996 31.826084169992974, 120.84483401148808 31.825569551630434, 120.84302562846136 31.825683457100435, 120.84141762940104 31.826395626805702, 120.83953908723338 31.8286309263077, 120.83940113933248 31.83159386813184, 120.83758649446767 31.833065326392358, 120.83589624262542 31.83668139858092))"
146,21.56690404597701,108.33551579310344,1,4481.633333333333,duration_weighted_berth_medoid,"POLYGON ((108.33958425460919 21.56424931120059, 108.33813649643342 21.562685706806636, 108.33606059761968 21.5619573569902, 108.33386309503955 21.562241998062305, 108.33221863121449 21.56325710036378, 108.33108820651621 21.56455052481128, 108.33057816579667 21.566571167858807, 108.33209755981086 21.57007677641963, 108.33351113964582 21.57107783076464, 108.3356784801876 21.57149236414775, 108.3374021369974 21.571091353926587, 108.33904628406245 21.570022443754826, 108.34046063109935 21.567502453258435, 108.34034643433407 21.565859265783335, 108.33958425460919 21.56424931120059))"
147,19.728845733333333,109.19923842222224,3,61248.24999999999,duration_weighted_berth_medoid,"POLYGON ((109.19359045245163 19.726232741959834, 109.19147381211545 19.7265038913367, 109.19002599104358 19.727373158217283, 109.18903054233935 19.72869033085032, 109.18839546882279 19.730957186618394, 109.1885154315366 19.732637360809434, 109.18932260106968 19.73414016904794, 109.19068892368966 19.735227205648936, 109.19239763859991 19.73572602696476, 109.19606212096252 19.73542543405829, 109.19813910733208 19.73377215190281, 109.20121917903161 19.73394900941799, 109.20289153848013 19.733455472552667, 109.20423591868472 19.73239707000409, 109.20511073101919 19.73068802551294, 109.20859619375827 19.730533334162565, 109.21064591703899 19.72973659764786, 109.21204084339472 19.72811384796519, 109.21244906431589 19.726482250839908, 109.21217127269124 19.723530994734794, 109.2107878086969 19.72144940171903, 109.2088427974516 19.720515611739895, 109.20542165023886 19.720338593756665, 109.20260388801807 19.721174906700263, 109.20124726185752 19.722410265824507, 109.20047672340583 19.723964061946507, 109.19633390502348 19.72393960374315, 109.19479598092136 19.72473082119482, 109.19359045245163 19.726232741959834))"
148,35.36726383333333,119.5710805,1,42140.11666666667,duration_weighted_berth_medoid,"POLYGON ((119.57467839650516 35.36247930297581, 119.57306056142065 35.36178824701112, 119.57123910430232 35.36167958051962, 119.56824709952124 35.36239818100252, 119.5666990491591 35.363608902098456, 119.56601597322961 35.36526697100796, 119.5663964236182 35.36853929159201, 119.56708131911867 35.36984853727175, 119.56832656990234 35.37084599260484, 119.56994410433873 35.37138102441606, 119.57168962437741 35.37137283574374, 119.5743877021533 35.3707650953998, 119.57599226471665 35.36957626908637, 119.5767270133663 35.36791302768765, 119.57667781961705 35.364903587765475, 119.57600785818794 35.363575176867606, 119.57467839650516 35.36247930297581))"
149,26.39060992857143,119.77565860714286,4,53316.46666666667,duration_weighted_berth_medoid,"POLYGON ((119.77531487721797 26.395795224629456, 119.77722355413373 26.397289794321757, 119.77952651362543 26.39764246564973, 119.78110248037346 26.39936304864434, 119.78613165592907 26.4020723968695, 119.78854669075419 26.40202399565444, 119.79016150584829 26.40143260039558, 119.79140294094334 26.400334708722507, 119.79208370793826 26.398895941691876, 119.79193403934936 26.396308222969367, 119.79081761520095 26.394612073887664, 119.78670484642748 26.392133370768818, 119.7843416885622 26.39141373976847, 119.78333633591544 26.389936865000458, 119.78143902057923 26.388887735753165, 119.7802149990458 26.387218906090677, 119.7779414792128 26.386230831878, 119.77485732020102 26.38608766434928, 119.77323776171175 26.386551357241885, 119.7715186717447 26.3878875174438, 119.77058847168172 26.389630135572563, 119.77070185538136 26.392509631586233, 119.77135196682039 26.393963267382606, 119.77294645445333 26.39529140477562, 119.77531487721797 26.395795224629456))"
150,26.381362673469386,119.76068897959183,2,29148.2,duration_weighted_berth_medoid,"POLYGON ((119.75624211120446 26.384079654240175, 119.75755572404417 26.385596489579914, 119.75915911439027 26.386320752187846, 119.7626654873777 26.38636989243469, 119.76432720898138 26.385857603624803, 119.76564231484171 26.384813343789286, 119.7664997358981 26.383009326319794, 119.76644860482939 26.380446028644705, 119.76586234455667 26.378950871573966, 119.76467713674907 26.3777744472133, 119.7623911362159 26.37700215593322, 119.76037092942661 26.37559341580505, 119.75770122568689 26.375172663351467, 119.75552646383937 26.37573604023414, 119.75357847254003 26.37735394859834, 119.75292258780303 26.379885376349808, 119.75374253185787 26.38245275808356, 119.75624211120446 26.384079654240175))"
151,32.03000961702128,120.5836125106383,2,18315.75,duration_weighted_berth_medoid,"POLYGON ((120.58338053465344 32.02488804057425, 120.58088514849403 32.025529808544434, 120.57901948230241 32.027144364516445, 120.57845248562528 32.02884073853832, 120.5788013541368 32.03182946355015, 120.57998928508474 32.03335359644452, 120.58146336803166 32.03412124681374, 120.58680189079314 32.034295666409236, 120.58863022941202 32.033307949143556, 120.59098070569296 32.030215093509106, 120.59157085711418 32.02832959803316, 120.5913665698746 32.02690087678488, 120.59026411553513 32.02537088091903, 120.58777474177955 32.024129153065836, 120.58556966415574 32.02403081337151, 120.58338053465344 32.02488804057425))"
152,31.699878663265306,121.1342592142857,1,10016.283333333333,duration_weighted_berth_medoid,"POLYGON ((121.13843685872767 31.697924190224512, 121.13746233299223 31.69670852370648, 121.13561053576025 31.695771963617915, 121.1338897524574 31.69562447097705, 121.13140601573267 31.69625243871541, 121.13003097488512 31.697208257190177, 121.12909290590525 31.698911955838867, 121.12974171923094 31.702196905429787, 121.13118454539139 31.703545252250635, 121.13277022044889 31.70411345154897, 121.13677420042556 31.703607422577413, 121.13816067633816 31.702656535251013, 121.13900382524965 31.701321960344004, 121.13917110035564 31.69981348763812, 121.13843685872767 31.697924190224512))"
153,31.98975021875,120.61424246874999,5,193097.45,duration_weighted_berth_medoid,"POLYGON ((120.61099953208893 31.98480455091346, 120.6079606142231 31.985805130013485, 120.60672517687495 31.987051604894525, 120.60613695283705 31.988492493470392, 120.60694703999626 31.992501455879214, 120.60805498278508 31.99368714358234, 120.60961971921367 31.994413562964777, 120.62287648930709 31.99434820865512, 120.62552966927784 31.993426117170042, 120.62779372038075 31.993534942393506, 120.63038239536762 31.99453507415375, 120.63460798682281 31.994286546814696, 120.63708153807083 31.9934211049271, 120.63853584813744 31.991516190206365, 120.63866261510226 31.98999411432018, 120.63780204673233 31.98785561530778, 120.63669328593708 31.986767248619795, 120.6351877745672 31.986105134845964, 120.62972114656412 31.98607384310444, 120.62662314215129 31.985162692207084, 120.62358326850507 31.985987467953176, 120.6217106112048 31.98596938758648, 120.6200643518623 31.985853647477924, 120.61744443029689 31.98483009292735, 120.61099953208893 31.98480455091346))"
154,31.98970425,120.64608,4,40743.200000000004,duration_weighted_berth_medoid,"POLYGON ((120.64101519098024 31.98529567645751, 120.63807906909004 31.98603305731133, 120.63597252070045 31.98859117858907, 120.63633071653746 31.9911934860557, 120.63743440371213 31.99257190238989, 120.63918914165436 31.993545236023248, 120.64630388660119 31.99389371116353, 120.6493718281474 31.992711143572155, 120.65116628712835 31.994111733255913, 120.65376367509064 31.99448750453211, 120.65774247638247 31.993756407168, 120.65970596108511 31.99179272916138, 120.65998889614194 31.99032101202894, 120.6595840537394 31.988869906778362, 120.65859967763288 31.987410637629907, 120.65689348767258 31.986372316468614, 120.65242660461236 31.98614514533468, 120.65001633125804 31.987261383162316, 120.64878053547355 31.986219703243602, 120.64713522722417 31.985587615140027, 120.64101519098024 31.98529567645751))"
155,21.167771153846154,110.40311292307692,2,4735.799999999999,duration_weighted_berth_medoid,"POLYGON ((110.3994507340752 21.171862268536103, 110.4001006350583 21.174169206259933, 110.402086042092 21.175806537526665, 110.40571282585395 21.17622856203987, 110.40808494691247 21.175079232202656, 110.40923110069318 21.173286639420642, 110.4095051848741 21.170988935230273, 110.40834548424684 21.168651227778536, 110.40816552719298 21.16594037723885, 110.40717619647926 21.16452327946561, 110.40566663915492 21.16358644282224, 110.40287715634666 21.16300283720398, 110.40113992746029 21.16335821947033, 110.39968680288042 21.16431453685805, 110.39874562285526 21.165721835511633, 110.39816879390709 21.168683294500536, 110.39841707682977 21.17032610261147, 110.3994507340752 21.171862268536103))"
156,25.576257930555556,119.67223343055555,5,5099.299999999999,duration_weighted_berth_medoid,"POLYGON ((119.65813036086112 25.581148993784748, 119.65667843175189 25.58217642372842, 119.65582616826241 25.583594155284224, 119.65543296729173 25.58565218873767, 119.65592593459442 25.587518025315795, 119.65697820449572 25.588730478909284, 119.6584561001061 25.58950120083198, 119.66272257856438 25.589422788853003, 119.66455800990977 25.58829138185786, 119.6656114904693 25.586272414448967, 119.66743683120372 25.584854199693368, 119.66978017756361 25.58473264570456, 119.67164327697753 25.58370285851807, 119.67260289405745 25.582378102828454, 119.67295453406933 25.580759646244445, 119.67541025170857 25.58033233498755, 119.6771374597648 25.57914532749351, 119.67810600037457 25.576974476400594, 119.6775832318499 25.57422348217955, 119.67658863956886 25.572908668394014, 119.67428009655542 25.57182474221175, 119.6722346578262 25.569811057184364, 119.66974903122329 25.569217004802287, 119.66757361565537 25.56951742337381, 119.6661125878471 25.570414092834767, 119.66514806959405 25.57174973487532, 119.66454096824512 25.573864528419605, 119.66499032517056 25.575983590703476, 119.66374137888215 25.577034702773382, 119.66128488658153 25.577373251593972, 119.6597517200588 25.578122330601484, 119.65865033426721 25.57934159670115, 119.65813036086112 25.581148993784748))"
157,40.201853210526316,121.98093457894737,1,1040.2333333333333,duration_weighted_berth_medoid,"POLYGON ((121.98461126209227 40.19944076083985, 121.9828884319109 40.198352958044524, 121.98114404933304 40.198029533907025, 121.97937316043146 40.1982536820382, 121.97734931197812 40.199295311294534, 121.97634177152173 40.20040447065597, 121.97598898435292 40.20206396684481, 121.9776845920377 40.20465636579559, 121.97961303051355 40.20552942807372, 121.98140743322293 40.20564081065727, 121.98311496331021 40.20520508579218, 121.98471489951736 40.204263118495085, 121.98563606176461 40.20312105158701, 121.98591338345118 40.20179647995333, 121.98461126209227 40.19944076083985))"
158,23.395860727272726,116.55859054545454,1,32864.35,duration_weighted_berth_medoid,"POLYGON ((116.56192902503297 23.391264944049748, 116.55999722565218 23.390319012983852, 116.55780770049844 23.390323720188366, 116.55512773852472 23.391144046357855, 116.55336511427275 23.39301610195392, 116.55299667052995 23.394645140116463, 116.55315920125588 23.399780211613642, 116.55415373580188 23.40142836146744, 116.55589693577191 23.402739934567215, 116.55800224110385 23.40314345936743, 116.56078741086073 23.402606449219792, 116.56227369022055 23.401831906067986, 116.56333707059744 23.400603863046086, 116.56382357046712 23.399100135800914, 116.56383248791998 23.39431498535616, 116.56317508818043 23.392516100880805, 116.56192902503297 23.391264944049748))"
159,22.982381347826088,116.52889856521739,7,8600.05,duration_weighted_berth_medoid,"POLYGON ((116.52322177933463 22.979802578570176, 116.52206869982842 22.981452139900934, 116.52188422710987 22.983466065096806, 116.52258461067053 22.9862982261282, 116.5243598301053 22.988050286023654, 116.5264526552534 22.988606993603007, 116.52910205495733 22.988396480487335, 116.53403379609817 22.98544200074292, 116.53509135290092 22.983747563531715, 116.53523806686142 22.981240066240062, 116.53728638251863 22.979696790007193, 116.53824912494021 22.977284513377562, 116.53815564995409 22.97533440881747, 116.53697053894442 22.973525898194172, 116.53851361922018 22.971960881799582, 116.5389845969937 22.96958386999323, 116.5372377375965 22.966554735945977, 116.53537574818667 22.965561226191387, 116.53287210089444 22.965561977625583, 116.53075047818125 22.96499983463111, 116.52866600426051 22.96540701988766, 116.5272940893154 22.966347781675022, 116.52588382015254 22.969038376332886, 116.52586318246334 22.971064508524787, 116.52720382370327 22.973146611897533, 116.52926081385263 22.97416200129011, 116.52877121323961 22.975261238789848, 116.52443759853239 22.9776898208487, 116.52322177933463 22.979802578570176))"
160,30.247467833333335,122.1535131111111,2,32522.83333333333,duration_weighted_berth_medoid,"POLYGON ((122.14929164404398 30.24395789570515, 122.14758107134705 30.243312534002435, 122.14582804657111 30.243306890431246, 122.14420603999413 30.243881383823688, 122.14277900842764 30.24511055322524, 122.14193327469671 30.246484136826336, 122.14178012782791 30.248034279569236, 122.14318737799022 30.25042774152745, 122.1460839989468 30.251764380667673, 122.14783979870536 30.251699930657068, 122.14931001344623 30.251128415384063, 122.1518546834649 30.25186101674482, 122.1554332882712 30.251552235097968, 122.15763587976231 30.250317348400568, 122.15848312887405 30.248979879484896, 122.15866843502063 30.24746365924491, 122.15817542367566 30.245545310172204, 122.15691853369742 30.244042519678658, 122.1549979952841 30.243215056436892, 122.15227226472174 30.243076097286554, 122.14929164404398 30.24395789570515))"
161,22.90349736734694,113.58370781632652,5,111811.86666666668,duration_weighted_berth_medoid,"POLYGON ((113.57705441551771 22.88561168068704, 113.57533024391053 22.885780047714295, 113.5734808344279 22.8868074303665, 113.57227063663242 22.88819249685678, 113.57176407669076 22.89022059255431, 113.57195100360093 22.893451837386532, 113.57268422293753 22.894940989468733, 113.57437856932293 22.89624885047685, 113.57722621865071 22.896706277222464, 113.57841538197235 22.89854519258561, 113.5770716963384 22.901178174360485, 113.57715026468539 22.905236902122578, 113.5776893059716 22.906774372419775, 113.57918559334074 22.908240461299936, 113.58125576807811 22.90888293169893, 113.58677774608852 22.908457829657763, 113.58990124768724 22.909070666760808, 113.59197435535866 22.908414481144668, 113.59365636195194 22.906565611564037, 113.59429757250413 22.903272086000193, 113.59308969358268 22.900779471684135, 113.59083349243657 22.899561500357954, 113.59090285089577 22.89683380881661, 113.59036055473692 22.895243098310175, 113.58918074633206 22.8939786964866, 113.587710699718 22.89329074438873, 113.58630977339283 22.890587793241252, 113.58333989781308 22.889474237429194, 113.58275523770389 22.887824894117223, 113.58163342533155 22.88664680129736, 113.58011652310354 22.88593752632426, 113.57705441551771 22.88561168068704))"
162,23.76180461956522,117.49848384782608,2,30614.48333333333,duration_weighted_berth_medoid,"POLYGON ((117.49347450336175 23.759518689826173, 117.49345255307114 23.76353971677038, 117.49429076979729 23.764922364977746, 117.49563723921355 23.765913140839007, 117.50050533735775 23.766474385096885, 117.50246929275478 23.765627179864264, 117.50358014754583 23.764397693988627, 117.50430480457527 23.760883531753457, 117.50364655551691 23.758703450540818, 117.50369838048562 23.755965304511115, 117.50304207555995 23.754469677653837, 117.50142984035399 23.753108838826666, 117.49785303992553 23.752334911687637, 117.49500369678387 23.753246027726092, 117.49342768360698 23.755602023255754, 117.4930326793605 23.757729171477482, 117.49347450336175 23.759518689826173))"
163,24.452173737373737,117.98341918181818,2,11717.816666666666,duration_weighted_berth_medoid,"POLYGON ((117.98087942787919 24.447949912559004, 117.97886332592067 24.44880331864676, 117.97697993461266 24.45112951015599, 117.97691646523703 24.453428735705902, 117.97805987511438 24.455315008676443, 117.97937122848074 24.456389675744116, 117.98147816318638 24.456958091069193, 117.9871223275266 24.455488772917903, 117.98848534818278 24.453977810507954, 117.98891684617169 24.452458150377495, 117.9886875971702 24.450902463283363, 117.98769961103761 24.44921442547347, 117.98647548880962 24.44814278347535, 117.98490178691462 24.447561495440027, 117.98087942787919 24.447949912559004))"
164,24.628517562499997,118.43308677083333,2,26376.61666666666,duration_weighted_berth_medoid,"POLYGON ((118.42803086980288 24.62731387019917, 118.42701274424103 24.628776846816184, 118.42674946541037 24.630380457740078, 118.42726257732151 24.63302420435829, 118.42820359425174 24.634409552435805, 118.42966534684751 24.635350479692047, 118.43141537765533 24.63569736483218, 118.43402509408729 24.63531270440765, 118.43590112754832 24.63431633611934, 118.43688941877888 24.633009625935536, 118.43846066416091 24.628986028992756, 118.43799405713804 24.62587871931744, 118.43678661622866 24.62420185079266, 118.43441026867376 24.623169731912167, 118.43098513401688 24.623539096400652, 118.42887170440615 24.624996629133086, 118.42803086980288 24.62731387019917))"
165,22.44564832653061,113.03861982653062,2,31057.033333333333,duration_weighted_berth_medoid,"POLYGON ((113.03841154591734 22.440670398975097, 113.03674065753299 22.440859302954866, 113.03526235457194 22.441603476378237, 113.0339688799411 22.442796331130253, 113.03329410377226 22.44421560598462, 113.03376375639353 22.447871331102366, 113.03586661810469 22.449836851994625, 113.03754083684406 22.450244614520077, 113.0411580872491 22.449970131070675, 113.04335756872882 22.448444508859847, 113.04827203541329 22.447730779742436, 113.05013586232853 22.44597355876933, 113.05063055492475 22.443964768138542, 113.05015770590926 22.441791166510207, 113.0493279557897 22.44042665568344, 113.0480105363491 22.439443099523757, 113.04639273182485 22.43898032942779, 113.04294257551108 22.43898491972027, 113.04137157640181 22.439532024636915, 113.03985063338652 22.44075936834672, 113.03841154591734 22.440670398975097))"
166,21.7327628,108.63336272000001,1,40176.299999999996,duration_weighted_berth_medoid,"POLYGON ((108.636543625033 21.727284015742157, 108.63458707988069 21.72632095154525, 108.63237297398437 21.726343273984096, 108.62994945143531 21.727458989140512, 108.62857823757419 21.729110857088713, 108.6282162326757 21.73075192707936, 108.6284096384484 21.735621612109846, 108.62953178495107 21.73736068203942, 108.63145288606601 21.73866237769222, 108.63324232904584 21.738955203405897, 108.6350102440299 21.738565557047536, 108.63693653696873 21.737546686294266, 108.63814866570222 21.73595049607507, 108.63838882979734 21.729982621051043, 108.63778851798665 21.728548611517667, 108.636543625033 21.727284015742157))"
167,39.93165944,119.69667232,2,14435.849999999999,duration_weighted_berth_medoid,"POLYGON ((119.69346425971332 39.935298084270656, 119.69470722690174 39.93699272128447, 119.69703405582885 39.937911005235215, 119.69988599768979 39.93804484735964, 119.7024482319339 39.936833804108005, 119.70335834587391 39.93532278211987, 119.70353461463124 39.93236953588043, 119.70180711664987 39.92943543493544, 119.70067601722832 39.92844162523159, 119.69871927869491 39.9277720651322, 119.69495383711306 39.92759022448904, 119.69321590918305 39.92804565402033, 119.69146777341045 39.92920244936135, 119.69063294892159 39.93075202638567, 119.69077407525324 39.93293347191344, 119.69177207934715 39.93438775873154, 119.69346425971332 39.935298084270656))"
168,22.303475757025762,113.07604287353631,3,81134.05,duration_weighted_berth_medoid,"POLYGON ((113.07089792584699 22.30207600204904, 113.07117797846755 22.30506511379896, 113.07282164620779 22.30695359417078, 113.07601280499958 22.308044217282372, 113.0777061877153 22.307765342260748, 113.07916211347943 22.30691808036766, 113.08045114586199 22.304871748013255, 113.081147892139 22.30065265357027, 113.08109245034801 22.296394688303828, 113.07998941954403 22.29435332385315, 113.0777686246509 22.292907056910696, 113.0750691065898 22.292800353799787, 113.0719489291895 22.29196850791679, 113.06990833321161 22.292302537305243, 113.06808045099555 22.293506866637742, 113.06685823242753 22.295578438285347, 113.06704517400343 22.299056432953048, 113.06843160622967 22.301083648684926, 113.07089792584699 22.30207600204904))"
169,26.6370555,119.82657783333333,1,221.31666666666666,duration_weighted_berth_medoid,"POLYGON ((119.83086192269828 26.63544783626428, 119.82971741694848 26.633782828559536, 119.82782912188088 26.6327980167576, 119.82608023120933 26.63266378314456, 119.8235477405799 26.633380463828583, 119.8219638250909 26.63468048462611, 119.82130283402417 26.63610601004814, 119.82198425333844 26.63993663345197, 119.82349642308755 26.64141270135188, 119.8251690189567 26.64200278093316, 119.82922209404497 26.641317006566684, 119.83053050748525 26.64030534071091, 119.83131408027812 26.63892667739936, 119.83145656455503 26.637385540747292, 119.83086192269828 26.63544783626428))"
170,22.765111693069308,113.65773158415841,1,17243.466666666667,duration_weighted_berth_medoid,"POLYGON ((113.66164583984786 22.760794126241166, 113.66016305329047 22.759970090015432, 113.65801874476081 22.759759658731088, 113.65500294272488 22.760327506578268, 113.65328516076478 22.76162308449665, 113.65244970041906 22.763518874102225, 113.65265227404431 22.767436865748557, 113.6532880467213 22.768976844206914, 113.65452469803043 22.770166345912745, 113.65661060793381 22.770881351502606, 113.65988165306405 22.770658481352328, 113.66148741496542 22.770056910005792, 113.66272659183969 22.76893950733763, 113.6634864791845 22.767076235600623, 113.66355541715855 22.763926098203044, 113.66290638666263 22.762072811951185, 113.66164583984786 22.760794126241166))"
171,24.457485258741258,117.95786299300698,1,23765.13333333333,duration_weighted_berth_medoid,"POLYGON ((117.96220397998806 24.453661393206247, 117.95914950792401 24.45260237172036, 117.95467050208013 24.452657558975876, 117.95258238478516 24.4533727324497, 117.95134919770436 24.454555795196818, 117.95072210383285 24.456083498302405, 117.9504668789341 24.458685660717045, 117.95128741727399 24.460531778602693, 117.95258048901819 24.461614090691143, 117.95423072151624 24.46216218293651, 117.95954302195445 24.462427823483875, 117.96194710382186 24.461684611930536, 117.9635243697458 24.459873585580638, 117.96412583036326 24.457007695685707, 117.96351831489943 24.45500572490473, 117.96220397998806 24.453661393206247))"
172,22.2055445,113.087448,1,12423.833333333334,duration_weighted_berth_medoid,"POLYGON ((113.09066062591677 22.200906441861445, 113.08872325640336 22.20004912068172, 113.08657743704725 22.20012244459633, 113.08414050104376 22.20116901402166, 113.08282290349803 22.202695458305065, 113.08240375843906 22.20461053544918, 113.08287259744455 22.207865938090016, 113.08360366330149 22.20934926638817, 113.08528298012232 22.21065546074871, 113.0869872315284 22.211066365969348, 113.08873112967682 22.21083905519039, 113.09086833503986 22.209968026956677, 113.09224715914546 22.208487951151497, 113.09272309649063 22.206982158871526, 113.09265699924306 22.203644478051714, 113.0919863365091 22.2021454105421, 113.09066062591677 22.200906441861445))"
173,24.359293076923077,118.0987096923077,1,25201.533333333336,duration_weighted_berth_medoid,"POLYGON ((118.10262425691704 24.355120055286502, 118.10112973289391 24.354302089464344, 118.09940590565587 24.354064199677076, 118.09563660976801 24.354293056859706, 118.093438901413 24.355444197026088, 118.09227542559918 24.35749604553966, 118.09219397905959 24.36070671153571, 118.09253587995644 24.36227251876412, 118.0935095313349 24.363599930859756, 118.09580929238994 24.36471970426136, 118.09992550096528 24.36479832216549, 118.10169325227636 24.3644681115936, 118.10317566908175 24.363530774800896, 118.10427054956213 24.36174329436536, 118.1045419568997 24.35833757812396, 118.10391112766332 24.356422962836465, 118.10262425691704 24.355120055286502))"
174,23.336532666666667,116.73675255555555,1,17046.666666666664,duration_weighted_berth_medoid,"POLYGON ((116.74046187036055 23.332279036015134, 116.73888272137744 23.331511240765476, 116.73710253096522 23.331369530193665, 116.73437079892194 23.33184113422865, 116.73262131172977 23.333096003808222, 116.73174003216367 23.33496693190769, 116.7317893905757 23.33757417008739, 116.73236343410322 23.339089041121074, 116.73352348015734 23.340288251731508, 116.7355238882933 23.341073916365666, 116.73855737720436 23.34103246209847, 116.74020238230817 23.340518247978864, 116.74151169384275 23.339469202533326, 116.74238497377995 23.33765080351852, 116.74251383593865 23.335317596692366, 116.74176986368307 23.333483617129005, 116.74046187036055 23.332279036015134))"
175,39.93871194666667,119.71535143999999,1,15975.249999999998,duration_weighted_berth_medoid,"POLYGON ((119.71854155836628 39.934220418412124, 119.71655682524306 39.933420306783745, 119.71431498293413 39.93345560687541, 119.71193366628592 39.93439186381987, 119.71059726433985 39.935746182024666, 119.71043854881253 39.9412140009136, 119.71156069531497 39.94264939929126, 119.71336980429011 39.94368833952468, 119.71502893935185 39.943965908872755, 119.71670390551519 39.943751386827465, 119.71870627488654 39.942946528831854, 119.72009638417498 39.94157841343057, 119.72038676313062 39.93644789375416, 119.71978645131992 39.93526424138572, 119.71854155836628 39.934220418412124))"
176,22.985160110169492,113.56680886440678,5,86066.31666666668,duration_weighted_berth_medoid,"POLYGON ((113.55457824668379 22.978762224177387, 113.55581874881655 22.98067654572167, 113.56055773121325 22.984468183785374, 113.56085854519532 22.987597430376994, 113.56277877224754 22.989655859709938, 113.56438902408884 22.9901734198797, 113.56821000275839 22.990285269538628, 113.5698716806275 22.9897328809803, 113.57141727396186 22.98829128615978, 113.57199551478578 22.986754460820244, 113.57215273694096 22.982827763618996, 113.57128967583485 22.98062525397961, 113.57003507224827 22.97955746664185, 113.56824637500429 22.978976240805547, 113.56321069277041 22.973077958581147, 113.56071613456353 22.97216411577356, 113.55953429107267 22.97037945740712, 113.55770474968186 22.969397804885386, 113.55515222421715 22.96910644795918, 113.55313813007422 22.969532144420008, 113.55141113164088 22.970782836606546, 113.55039811446119 22.97246861737455, 113.5503831859836 22.97507435704803, 113.55091394137614 22.976629955201748, 113.55241878943387 22.978114518428104, 113.55457824668379 22.978762224177387))"
177,25.53191711111111,119.66378577777778,1,696.1,duration_weighted_berth_medoid,"POLYGON ((119.66760567138635 25.529127623572194, 119.66637214160538 25.52803220173726, 119.66434068796644 25.527381307472876, 119.66261781889027 25.527529483357483, 119.66052256397543 25.52858811987135, 119.65938611866187 25.529826705558463, 119.6588537965702 25.531770710894687, 119.66027048985582 25.534933776227955, 119.66163963579918 25.535916794635185, 119.66376095176905 25.536367093029682, 119.66723180120216 25.53509578531208, 119.66832476561478 25.533862865125826, 119.66881270762283 25.532346650555077, 119.66862157908787 25.530777230236236, 119.66760567138635 25.529127623572194))"
178,31.972497305389222,120.00199447904191,4,34257.86666666667,duration_weighted_berth_medoid,"POLYGON ((119.99739417695022 31.970058432394293, 119.99565729307399 31.972139177133734, 119.99515017293767 31.97394446370623, 119.99536728936415 31.9754362808863, 119.99726418483952 31.977471998183006, 120.00096109046596 31.97819644906649, 120.00265609863229 31.977855247701555, 120.00447362041588 31.97656276865982, 120.00627692507521 31.975934274073918, 120.00800375905175 31.973900692320512, 120.01008785474104 31.97279964155999, 120.01101696049659 31.97146663388536, 120.0114091420565 31.969374654849812, 120.0109420641665 31.96792986685741, 120.00985454814251 31.96674948454141, 120.00831470809092 31.966015990793274, 120.00656058081171 31.96584278448996, 120.00329729378994 31.96634867981228, 119.99952509947569 31.96767584102513, 119.99821893064976 31.96862795907982, 119.99739417695022 31.970058432394293))"
179,32.03085679032258,120.39139140322581,2,73586.04999999999,duration_weighted_berth_medoid,"POLYGON ((120.38417509678091 32.03158735157473, 120.3845865842944 32.03434923212764, 120.38661704881409 32.036199313531654, 120.38870392883561 32.03663524203512, 120.39519198762933 32.03634540907829, 120.39694517127312 32.03524316554434, 120.39787840778703 32.033570456773596, 120.39763425015846 32.02696096183826, 120.39566317291377 32.025069921503146, 120.3921913929299 32.02455603960673, 120.39133846995516 32.02263067405784, 120.38962553715585 32.02144036482194, 120.38789730536968 32.021084618835204, 120.38280636566243 32.02119940460883, 120.38087773541515 32.02230019465702, 120.37967161506705 32.023823517501214, 120.3795765033628 32.0283081046135, 120.38102134445174 32.030605168559745, 120.3825537926825 32.031371080410686, 120.38417509678091 32.03158735157473))"
180,32.28794495774648,119.855476,3,41334.083333333336,duration_weighted_berth_medoid,"POLYGON ((119.85061376079919 32.28706545937931, 119.84872109829102 32.28746843545592, 119.84735650738772 32.28836810567479, 119.84626128867434 32.28976161017012, 119.84586816303376 32.291539462818385, 119.84628989507955 32.29294695201008, 119.84730574871227 32.2941177018384, 119.84934698861808 32.29518147431624, 119.85105858275062 32.2954215828852, 119.85350835148641 32.294732014806684, 119.85561125656179 32.29214706047313, 119.85793272997228 32.29158408569528, 119.85996229742817 32.28937491584825, 119.86191844619086 32.28887181183287, 119.86322545196944 32.287898141911036, 119.8641399935051 32.28584749152369, 119.86369125710911 32.282263152373815, 119.86233314645762 32.28081257809351, 119.86075748773919 32.28015537694559, 119.85592292545002 32.280409813741116, 119.85397563822686 32.28182645402172, 119.85326674943842 32.28404499289325, 119.85182483912054 32.28504688926698, 119.85061376079919 32.28706545937931))"
181,25.23586980263158,118.97051560526315,2,13001.1,duration_weighted_berth_medoid,"POLYGON ((118.96576933725395 25.237358590354493, 118.96569482575258 25.239984750127622, 118.96710334428023 25.241888034276574, 118.9696349548709 25.243106392832765, 118.97261771331397 25.24274822742723, 118.9742526362345 25.241457720744044, 118.97536900806065 25.239441115453843, 118.97547008439305 25.236374314103912, 118.97451630255217 25.23313974325908, 118.97334908003667 25.231917780359353, 118.97174784167713 25.231203638147548, 118.96867959834923 25.23146007030527, 118.96693266858324 25.232473208987333, 118.96590993328941 25.233690133580684, 118.96544184893635 25.23554684307491, 118.96576933725395 25.237358590354493))"
182,39.112309625,118.533255,1,93872.41666666667,duration_weighted_berth_medoid,"POLYGON ((118.53820037029887 39.105656472560355, 118.53563123848966 39.10466758060949, 118.53006824944264 39.10482423976929, 118.52801634852896 39.10530094402169, 118.52648225054274 39.10646082926037, 118.5258148136454 39.10804010919377, 118.52601817645098 39.11581425667707, 118.52657186153817 39.11711974496249, 118.52809882980984 39.11835501919038, 118.53019966346125 39.11887724948252, 118.536014990724 39.11871021681514, 118.53763121932609 39.118289541374104, 118.53918031902522 39.11716250148374, 118.53988891428837 39.11560925861196, 118.5399457249452 39.1081462919566, 118.53943952476625 39.10683353755937, 118.53820037029887 39.105656472560355))"
183,30.558923294117648,121.02545229411766,1,75791.98333333334,duration_weighted_berth_medoid,"POLYGON ((121.03048650414532 30.551853154285094, 121.02899265095861 30.551001750290645, 121.02723122163904 30.550720836469996, 121.01934225897625 30.550858951424573, 121.0166524739185 30.551990684686416, 121.01538596648429 30.554326623885135, 121.0153648211649 30.560547685390173, 121.01570672206181 30.562027764281986, 121.01668037344028 30.56328249689668, 121.01813754570415 30.564120873382905, 121.01985639758549 30.56441527033604, 121.02806265510442 30.564397125690846, 121.03077166561017 30.563310148303206, 121.03208883051269 30.56100005306674, 121.03225028628101 30.555053612089583, 121.0317368776534 30.55317772854337, 121.03048650414532 30.551853154285094))"
184,21.94698761282051,113.2288730923077,2,25537.333333333332,duration_weighted_berth_medoid,"POLYGON ((113.2254979208149 21.943570458222037, 113.22413585835251 21.945587530038296, 113.22370697585234 21.947136342528488, 113.2239387034953 21.948720897662007, 113.22479690135033 21.95010774894078, 113.22615513298875 21.951092582916964, 113.22867883197233 21.951756659266437, 113.2304141089948 21.95157226446902, 113.23194234868298 21.950787883033605, 113.23303245367953 21.949522119057853, 113.23377634438005 21.94685678425626, 113.2353157668404 21.94431177254581, 113.23504592197109 21.941980555901967, 113.23401129594404 21.940197117227793, 113.23133726167231 21.938880817165845, 113.22805109023192 21.939406109148077, 113.2261489904717 21.94097850945128, 113.2254979208149 21.943570458222037))"
185,22.991529999999997,116.53735244444445,1,276.15,duration_weighted_berth_medoid,"POLYGON ((116.54156088194287 22.98949043916897, 116.54062269123216 22.988100890790022, 116.53875526209293 22.98700725608673, 116.53699048635323 22.98681386045154, 116.53440371169265 22.98740624076897, 116.53303524701742 22.988401760303976, 116.53218189463401 22.989802100942775, 116.53197233309673 22.991396093938167, 116.53249292520131 22.993692748965803, 116.5338858086202 22.995202897431184, 116.53545524441905 22.995867914918477, 116.53964218989783 22.99552033270303, 116.54105041084615 22.994545763678808, 116.54194309866304 22.993147553933095, 116.54218290846126 22.99154081634274, 116.54156088194287 22.98949043916897))"
186,23.007549247058822,113.53121485882353,1,12421.65,duration_weighted_berth_medoid,"POLYGON ((113.53523015836686 23.003633210905665, 113.5337726774798 23.002819188233573, 113.53166319847435 23.002593375327574, 113.52844590305409 23.003145930116613, 113.52670610776235 23.004424978360767, 113.5258474259797 23.006315950831855, 113.52603829483972 23.01063953655746, 113.52665996284648 23.01218153194688, 113.52788561670151 23.013378389384087, 113.52996476705457 23.014108290244156, 113.53343188067456 23.013895626275318, 113.53505414369452 23.01329972113133, 113.5363067726383 23.0121792932554, 113.53707193505595 23.010304836839907, 113.53713883663961 23.00674876592552, 113.53648839388609 23.004906142684423, 113.53523015836686 23.003633210905665))"
187,23.017228555555555,113.52691583838383,2,11728.849999999999,duration_weighted_berth_medoid,"POLYGON ((113.52163932338226 23.01644034605886, 113.52084142716824 23.01802477040718, 113.52053182467883 23.020411693257582, 113.52121052880682 23.022687323542144, 113.52353265379111 23.024400620467574, 113.52587785434275 23.02486823748258, 113.52763188462984 23.024613725655936, 113.52945189787808 23.023457715693763, 113.53036988798671 23.021915085681083, 113.53175115385942 23.021036510038417, 113.5327252231736 23.019651863867185, 113.53303349937089 23.018026897462125, 113.53267247430874 23.012739555518877, 113.53177558192995 23.01132193002095, 113.52993633678588 23.01017840690425, 113.52460941697642 23.010307456186844, 113.52309280968618 23.011172883352618, 113.52206198335116 23.012513529951097, 113.52163932338226 23.01644034605886))"
188,22.739219249999998,113.66900260714286,2,37166.25,duration_weighted_berth_medoid,"POLYGON ((113.66361166532644 22.737641713968944, 113.66115046427414 22.738239602284345, 113.65897206591258 22.7403825887634, 113.65854534001463 22.741947682855606, 113.65891622706037 22.746009930524, 113.66006127959346 22.747652803527036, 113.6618953008967 22.748629217289277, 113.66831355297089 22.748478492330083, 113.67033344918055 22.746938792668672, 113.67099770047302 22.745434373113124, 113.6710680185163 22.743491945121246, 113.67263630396928 22.742514078488632, 113.67355460838634 22.741195466719162, 113.67387604550171 22.738898416599643, 113.67353414460473 22.737313151771655, 113.67150178354865 22.73524503310503, 113.66853536054789 22.734755881231468, 113.66600078754601 22.73547845864298, 113.66425457037705 22.73765933682499, 113.66361166532644 22.737641713968944))"
189,21.066986749999998,110.48803475,2,159675.00000000003,duration_weighted_berth_medoid,"POLYGON ((110.48290362013469 21.0619157331055, 110.48002372168989 21.062864544993417, 110.47815084524107 21.065225660659085, 110.47822137945813 21.070841011590165, 110.47931722862351 21.072989629690706, 110.48191080715621 21.074321085613136, 110.48648787443337 21.074292433726132, 110.48751365748264 21.076687007415803, 110.49007591663594 21.07811160470638, 110.49447070749024 21.077891934212538, 110.49646253398015 21.07702290513541, 110.49802955593495 21.074583256931664, 110.49777926493728 21.07182771597547, 110.49656391063917 21.069712944368828, 110.49454539657307 21.068625740428235, 110.49437531920786 21.06554761262411, 110.49350150401548 21.0636131442587, 110.4908677489509 21.06205719856139, 110.48290362013469 21.0619157331055))"
190,21.69659573170732,111.8192431707317,4,30973.550000000003,duration_weighted_berth_medoid,"POLYGON ((111.81549348657042 21.692449429033754, 111.81457490747421 21.69380720631036, 111.81427618774875 21.695354899875813, 111.81467179109141 21.698759694745647, 111.81566611212983 21.700625486512152, 111.81709074277009 21.701646948416357, 111.81883256557146 21.70206686841582, 111.82177324505756 21.701542957125593, 111.82327630780611 21.700694577167837, 111.82460424125868 21.69859967995954, 111.82463758129234 21.696049547139484, 111.82549107299957 21.694601847321206, 111.8256985103512 21.693019173066045, 111.82818489657788 21.68919759851276, 111.82796714904069 21.684955569493116, 111.82680838624366 21.682840072294184, 111.82541098450989 21.681914209480748, 111.82374189684087 21.68154296363977, 111.82083926290048 21.681891515164097, 111.81893061944172 21.682837524668013, 111.81771919389693 21.684502850844957, 111.81750625912213 21.687519393180764, 111.81569842868312 21.69052465722939, 111.81549348657042 21.692449429033754))"
191,30.58546313207547,121.08583205660378,1,35102.566666666666,duration_weighted_berth_medoid,"POLYGON ((121.08878526905417 30.581733614103218, 121.08573780341408 30.580859643521716, 121.08312529524505 30.581037808374038, 121.08115246692583 30.581963867031536, 121.07994754368856 30.583596686921844, 121.07960573483746 30.585686262727094, 121.07990317239883 30.587130866165456, 121.08080435474223 30.588376073917036, 121.08298495180019 30.589492237057048, 121.08591935296836 30.58971245575775, 121.08760924913253 30.58951981992008, 121.08940703219174 30.58854691602931, 121.09048471491303 30.58697178691118, 121.09084689826473 30.584659991151764, 121.09011221964408 30.58288725123344, 121.08878526905417 30.581733614103218))"
192,21.141670081967213,110.40027418032787,2,40091.566666666666,duration_weighted_berth_medoid,"POLYGON ((110.39359687581359 21.129470561138817, 110.39071870009633 21.130292241953704, 110.3887414821322 21.13256839083992, 110.38855887695844 21.137953600127517, 110.38916555550556 21.139956231047687, 110.39112778812712 21.141638169119716, 110.3936505264838 21.14206690037509, 110.39403668991632 21.14502582555837, 110.39606794971738 21.1470804532343, 110.39772954647091 21.14754544248195, 110.40214835241447 21.14756520282547, 110.40426566688235 21.1470705597484, 110.40562038793966 21.146033636088177, 110.4065536244536 21.144193326725887, 110.40661918442629 21.139084502517477, 110.40613083766482 21.137549397824223, 110.40435351173568 21.135836954940693, 110.40157605024035 21.135277758470142, 110.40134473942022 21.132521935354642, 110.39979431992295 21.13047791210124, 110.39772304454327 21.129664020663277, 110.39359687581359 21.129470561138817))"
193,21.2414010625,110.4195208359375,1,22274.933333333334,duration_weighted_berth_medoid,"POLYGON ((110.42306498955327 21.23698760584682, 110.42157814463961 21.236234591843115, 110.41947545161311 21.236094526306157, 110.41701574480105 21.236663600658876, 110.41534634906064 21.238002025948642, 110.41456006616676 21.239919156789608, 110.41472488446611 21.242585087087697, 110.41537055925798 21.24410909353311, 110.41659437846957 21.24528537081716, 110.41864534429146 21.245999648052248, 110.42139764868784 21.245841689634442, 110.4229853622081 21.245264513369214, 110.42422809471658 21.244177600621548, 110.425030744815 21.24234575565309, 110.42510754941253 21.24000250293294, 110.42435707434399 21.23818866970956, 110.42306498955327 21.23698760584682))"
194,32.19655792857143,119.87988073469387,1,11032.416666666664,duration_weighted_berth_medoid,"POLYGON ((119.88297554872409 32.19270962007214, 119.88098424269856 32.19191683375288, 119.87921723959015 32.19192545247346, 119.8767333308067 32.19281999930309, 119.87527019364487 32.19423311276023, 119.87478559371016 32.19606660500917, 119.87525442100834 32.19911046937567, 119.8759983137232 32.200483990942224, 119.87771197808306 32.20168286526485, 119.87944604762546 32.20204293481444, 119.8812088848743 32.20180289214766, 119.883329147841 32.20094358206426, 119.88449833542909 32.199784360994535, 119.88503536880711 32.198329655456845, 119.88497192205007 32.19521223639648, 119.88430125931623 32.193842063114104, 119.88297554872409 32.19270962007214))"
195,23.050488140350875,113.50880024561403,3,17838.233333333334,duration_weighted_berth_medoid,"POLYGON ((113.50094226589543 23.05425757413588, 113.49883665473135 23.054669504922842, 113.49677959887829 23.056275876381694, 113.49594758606645 23.058199831360035, 113.49607352959622 23.060544725232646, 113.49669729287372 23.062032125588875, 113.49825303094994 23.063408510662253, 113.49989281149816 23.063923714066913, 113.50284488074729 23.063967182410245, 113.50518467275491 23.06292312215533, 113.50621391814944 23.061623652834356, 113.5066431898809 23.059693464967047, 113.50944432956805 23.058746770884223, 113.5107361499779 23.05713181502608, 113.51110267594048 23.05546944511017, 113.51296237544959 23.054680896809508, 113.51409034241766 23.0534838232135, 113.51468375567994 23.051587310457904, 113.5144954782411 23.048225684480926, 113.51356868484513 23.04593875203249, 113.51222140483414 23.04486385939665, 113.5105257829984 23.044356061839057, 113.50703712276568 23.044566386383874, 113.50508093970213 23.045375751438367, 113.50347655323026 23.047680883152605, 113.50346795558225 23.050547386065894, 113.50172257532259 23.052071947018135, 113.50094226589543 23.05425757413588))"
196,31.09883444230769,121.45848232692308,4,139438.81666666665,duration_weighted_berth_medoid,"POLYGON ((121.45602143245365 31.103921180468205, 121.45757653185237 31.105663522108195, 121.46010706383822 31.106394869562394, 121.46387618747073 31.105863294899123, 121.46596072559898 31.103934572813255, 121.46631178681106 31.102442144056628, 121.46600004618024 31.10028714468584, 121.46415952492232 31.0979237466024, 121.4673093930117 31.095116134948054, 121.46791601263487 31.092916268042764, 121.46743768694586 31.089404668112657, 121.46645987479393 31.088104815531192, 121.46496335589225 31.087239718780147, 121.46113379260989 31.0871319549431, 121.45878940557508 31.087985710167313, 121.45751353200218 31.089448423711552, 121.45645282436114 31.092995252479497, 121.45450223642139 31.093975081997378, 121.45311828668397 31.095583190936424, 121.45301353393307 31.101367819765997, 121.45411430300359 31.102943942598653, 121.45602143245365 31.103921180468205))"
197,24.44891251851852,117.99846118518518,1,13504.5,duration_weighted_berth_medoid,"POLYGON ((118.00190080091659 24.44511986073485, 117.99980768666666 24.444250094847643, 117.99689076250469 24.44426357704641, 117.99523095074831 24.444615617943477, 117.9938346860503 24.445505238899354, 117.99276016882823 24.44717212906843, 117.99244600431591 24.449460348046788, 117.99280921788915 24.451071043382996, 117.99384007367992 24.45242123134311, 117.99580529566252 24.453416981435822, 117.99949812675221 24.45365789386717, 118.00116987817324 24.453291063368848, 118.00256767661007 24.4523792584152, 118.00362389131901 24.45068284763777, 118.00395577719198 24.4481563159483, 118.00321435429352 24.44632160174574, 118.00190080091659 24.44511986073485))"
198,31.355812105263155,121.5121264736842,5,221927.98333333334,duration_weighted_berth_medoid,"POLYGON ((121.49792626312008 31.35521294094947, 121.49653751488653 31.355969898006126, 121.49550982816517 31.35720938162598, 121.4948282977314 31.35916871425323, 121.49497968980224 31.360693681069147, 121.49681922400778 31.362816932653672, 121.50067200733437 31.363628789862833, 121.50275125164278 31.36293673855771, 121.5045221331364 31.360638414941384, 121.50691856359897 31.35949293661391, 121.50976149235557 31.360829622888623, 121.51357249365763 31.360170114516837, 121.51604873091772 31.3586340246876, 121.51715130009453 31.35639028512666, 121.51980486127778 31.356586128341025, 121.522125791033 31.355460197092132, 121.52336531274445 31.353454638457844, 121.52359518575848 31.351610701224995, 121.52302466619781 31.350203835624235, 121.52186985406098 31.34908844907584, 121.51964180702439 31.348158208315585, 121.51786551907757 31.348071039818034, 121.5151570433049 31.349307476853284, 121.51376763845319 31.35163252806112, 121.5101784611882 31.351710882575325, 121.50723695523114 31.353491000888585, 121.50477326496467 31.352115859193116, 121.50128570776656 31.35206145010793, 121.4990762577551 31.35317163135855, 121.49792626312008 31.35521294094947))"
199,36.87908635,122.43833855,4,130629.28333333333,duration_weighted_berth_medoid,"POLYGON ((122.43299072906258 36.877238865762926, 122.43106302768174 36.87883095818312, 122.43022414968465 36.881372488702155, 122.43132362484883 36.883602562779274, 122.43396952486647 36.884862432034595, 122.43380939678961 36.8879281144391, 122.43421949066878 36.88923677561883, 122.43520422725382 36.8903321424971, 122.43730277744574 36.89139739392433, 122.43906728976707 36.891637387073345, 122.44080888492253 36.891307248071215, 122.44292321483682 36.889842855495544, 122.44380464824887 36.88798305196994, 122.44398798905038 36.88391300991133, 122.44244146433427 36.88121700149995, 122.4432418354866 36.87914389221458, 122.44288082509343 36.87737285528194, 122.44072273113865 36.8755831436039, 122.4373510205686 36.87503525677013, 122.43482909460029 36.87553782937191, 122.43299072906258 36.877238865762926))"
200,34.31199534343434,120.26768976767676,2,23594.45,duration_weighted_berth_medoid,"POLYGON ((120.26461738846578 34.306734694675335, 120.26155332345165 34.30769559942109, 120.26024073885041 34.3089129864293, 120.25966194218374 34.31034527313921, 120.2603997718278 34.314743026621144, 120.2619238721975 34.316107378944984, 120.26360644132151 34.31664705189959, 120.27034846534119 34.316513654078456, 120.27241036258442 34.31582455896284, 120.27381913060998 34.31440285092707, 120.27419834840235 34.312203081581664, 120.27706423054214 34.310956884921964, 120.27842928672608 34.30844965100447, 120.27830392422642 34.30698944966407, 120.2775045460432 34.305682940747026, 120.27558179044263 34.30447020395806, 120.2738638432205 34.30402309968248, 120.27085242775314 34.304658147106196, 120.26886990097306 34.306772006544534, 120.26461738846578 34.306734694675335))"
201,37.71724801818182,121.11851836363635,2,27197.316666666666,duration_weighted_berth_medoid,"POLYGON ((121.1124004822389 37.71302511417902, 121.10968149417315 37.71373594585257, 121.10773074186532 37.71563751681591, 121.10753058611341 37.71761530707152, 121.1091177716651 37.72034205160481, 121.11141162645394 37.721310564300474, 121.11743585050013 37.72138263444555, 121.11869232314018 37.72310346273605, 121.12103770004454 37.72403502389085, 121.12391363216496 37.7240675088142, 121.12613465898424 37.72310396198609, 121.12734330968316 37.721343046585694, 121.12746161424232 37.71902961414044, 121.12675802835184 37.71560108903017, 121.12564466966563 37.71411844236264, 121.12291836223592 37.713085966182305, 121.1124004822389 37.71302511417902))"
202,31.367085777777774,121.64538955555554,2,1591.5333333333333,duration_weighted_berth_medoid,"POLYGON ((121.64186777625719 31.36261811310668, 121.63940707961008 31.36336805780231, 121.63743599804424 31.36543338631387, 121.63744501710536 31.369364455945572, 121.63817958294547 31.37108446703276, 121.63976434181711 31.372317703674895, 121.64183812512621 31.37278313246823, 121.64471128539655 31.372664469353545, 121.64901153451147 31.371244265902547, 121.65020867271284 31.370172231666636, 121.65089723342442 31.3684234180474, 121.65056720111774 31.365470051318635, 121.64984653815722 31.36406985465752, 121.64730345420507 31.36256924367869, 121.64186777625719 31.36261811310668))"
203,37.713611125,121.07964,1,7079.1,duration_weighted_berth_medoid,"POLYGON ((121.08373941719007 37.71048954328913, 121.08112736249024 37.70958347422589, 121.07629943134638 37.70959419991977, 121.07460443187746 37.71000964765146, 121.07298423503367 37.71119855035697, 121.072078936285 37.71287329368092, 121.07194759844403 37.7142929832567, 121.07253119516174 37.71563949940837, 121.07410158372481 37.71696277781163, 121.07598177645826 37.71761535166345, 121.08125505131044 37.717652047219616, 121.08292068653898 37.71725302899678, 121.08453201012112 37.71610604223678, 121.08563214477745 37.71384930358114, 121.08520499085621 37.71188185923819, 121.08373941719007 37.71048954328913))"
204,23.046806507462687,113.5185242835821,1,35715.55,duration_weighted_berth_medoid,"POLYGON ((113.52172808663083 23.042466178146366, 113.52022488611601 23.04171799762973, 113.51810050736583 23.04159047947906, 113.51548543713669 23.04219900810571, 113.51382558166597 23.043540914512516, 113.51306183992364 23.045448714453787, 113.51330598837477 23.048469288179454, 113.51398728672403 23.04998053268019, 113.51525249134603 23.051130090598807, 113.51734675490684 23.051791798429523, 113.5202226158922 23.05154284791181, 113.52178467584164 23.050930434624785, 113.52298806051982 23.049828214212194, 113.52373289239165 23.04800651487064, 113.52374193165025 23.04527302805636, 113.52307616184285 23.043728689589337, 113.52172808663083 23.042466178146366))"
205,39.02212033333333,121.74574296774193,4,28990.399999999998,duration_weighted_berth_medoid,"POLYGON ((121.74920042911886 39.01886783719624, 121.74827466123271 39.01656852427622, 121.74574573404307 39.01529872846354, 121.74215314729442 39.01518783195181, 121.74054881903353 39.01582277914989, 121.73939431892484 39.016896236176066, 121.7386723615209 39.020144812438986, 121.74028701672768 39.02347791205026, 121.73968929094018 39.02481228995994, 121.73982978161744 39.02641471413213, 121.74043258617428 39.0276932676181, 121.74198777865124 39.028883330743945, 121.74408152395884 39.02936326059505, 121.74699441738653 39.02893028831324, 121.74838066179959 39.0281313813098, 121.7503212772881 39.02604481609322, 121.75095039404765 39.024441241663986, 121.75075702428735 39.02103551609262, 121.74920042911886 39.01886783719624))"
206,23.092238599999998,113.453963,1,44762.933333333334,duration_weighted_berth_medoid,"POLYGON ((113.45922998058914 23.08838206485409, 113.45658055471272 23.08732553161449, 113.45280583720154 23.087367879495456, 113.45076801799112 23.088059920641577, 113.44932154948948 23.089550719099453, 113.44864362612495 23.091843280124426, 113.44865671730953 23.093474754650938, 113.44935535757706 23.094974351454876, 113.45063060734378 23.0961082449998, 113.4522836158059 23.0966996371792, 113.45695786111352 23.096950652458442, 113.45902901273399 23.09619298730644, 113.46044917240134 23.094612745950116, 113.46114780789354 23.091998706101265, 113.46071676796784 23.090041509026822, 113.45922998058914 23.08838206485409))"
207,21.063288311475407,110.46033047540983,1,24377.2,duration_weighted_berth_medoid,"POLYGON ((110.46493570159915 21.061507752917866, 110.46376377309086 21.059758015916344, 110.4622637668005 21.058871556034322, 110.46051287017947 21.058596773639007, 110.45783602424744 21.059080992561615, 110.45614959437134 21.060301021541942, 110.45535909545428 21.061719180539583, 110.45551626751592 21.065315585935906, 110.45648991889418 21.06667537104285, 110.45836210722759 21.06772251268467, 110.46270802781038 21.067578721414456, 110.46417228457642 21.066656085713284, 110.46528740135678 21.06488596267868, 110.46543918333226 21.0632433073262, 110.46493570159915 21.061507752917866))"
208,30.162296807692307,121.99398655769231,1,9100.633333333333,duration_weighted_berth_medoid,"POLYGON ((121.99861690836661 30.158341137946685, 121.99715169993844 30.157574030578445, 121.99546090716774 30.15733696849948, 121.99215729074628 30.157499936935753, 121.9902194382141 30.15835374540234, 121.98897270715875 30.159894644398275, 121.988563242848 30.16247948429014, 121.98878995889753 30.16400916540917, 121.98968741387453 30.165341913458185, 121.99111407318199 30.166267556841923, 121.99284494319276 30.166640128277173, 121.99653807128864 30.16670522185052, 121.99890337363989 30.165715823169435, 122.00010135067957 30.164120927246557, 122.00053039708689 30.161327006862695, 121.99988857752689 30.159555885878778, 121.99861690836661 30.158341137946685))"
209,40.24710118897638,122.09416686614173,3,18435.55,duration_weighted_berth_medoid,"POLYGON ((122.08984712393662 40.25170636843914, 122.0895834317684 40.25456145950534, 122.09031142223049 40.255774099468, 122.09159077556342 40.25668285991958, 122.09322777700879 40.25715015410647, 122.09550044194258 40.25721396942215, 122.0971394078249 40.25679532229861, 122.09844989004478 40.25593535826522, 122.09955123185688 40.253469848074936, 122.0996262106397 40.246969994874185, 122.09927110414333 40.24563396518401, 122.0979241723227 40.244282989733186, 122.09633173657001 40.24366564799083, 122.0936081464192 40.24335708030895, 122.09191959115155 40.24364224877285, 122.09020946555113 40.244642056771305, 122.0889990256928 40.24744181431553, 122.08920836904842 40.248821597638674, 122.08999235306933 40.2499054106907, 122.08984712393662 40.25170636843914))"
210,38.959775912162165,117.72704644594594,1,23471.899999999998,duration_weighted_berth_medoid,"POLYGON ((117.73004959258358 38.95668044100882, 117.72844704710546 38.95602490153942, 117.72664185344722 38.95591470826062, 117.72404560450579 38.956323141438986, 117.72231513961134 38.95739277549234, 117.72145040600849 38.958974740207886, 117.72150609330237 38.96106753133624, 117.722086299669 38.962347374865416, 117.7232500697832 38.96335863267288, 117.72525140038904 38.96401825275022, 117.72815409578409 38.963980527974336, 117.72978495470663 38.96354831850529, 117.73108654811794 38.962670497718634, 117.73186734366584 38.961476225418494, 117.73210548608657 38.95928059024013, 117.73136489538543 38.95770897352336, 117.73004959258358 38.95668044100882))"
211,32.06124059731543,121.69298430201341,1,14421.133333333333,duration_weighted_berth_medoid,"POLYGON ((121.69611928112329 32.05770442715213, 121.69422983540741 32.0570140664699, 121.69169584155382 32.05708633904201, 121.69002379135323 32.057520505471025, 121.68867410989955 32.05846293755959, 121.68774475199673 32.06013238702017, 121.68768044933292 32.06217698376445, 121.68818918082957 32.063598237542756, 121.68930097166876 32.064746301383366, 121.69127413449493 32.0655371680597, 121.69419422689266 32.06559257983421, 121.69584624821718 32.06517535373667, 121.6971911602853 32.064261530147185, 121.69814540776763 32.06263139834406, 121.6983038962271 32.060406101845594, 121.69746305927947 32.05874398896065, 121.69611928112329 32.05770442715213))"
212,24.41513280952381,118.04029040476192,1,5333.35,duration_weighted_berth_medoid,"POLYGON ((118.04392057575707 24.41166067851518, 118.04085974893727 24.41060135749098, 118.03803088960696 24.410705469153942, 118.03606692903998 24.41157317059028, 118.03496861590659 24.412816924430345, 118.03417961255373 24.415002290438466, 118.03434858358169 24.416559401126054, 118.03514732768367 24.41794476701675, 118.03645893739247 24.418955628823458, 118.0380914401243 24.419444042911156, 118.04133469214847 24.419739454516446, 118.04372561536256 24.418933318794906, 118.04508143273137 24.41743317299749, 118.04583626078633 24.415280479786922, 118.04541566488648 24.41331932548267, 118.04392057575707 24.41166067851518))"
213,25.146074303030304,119.0221856060606,1,8650.2,duration_weighted_berth_medoid,"POLYGON ((119.02531370591635 25.141362293144187, 119.02369129145393 25.140594000228027, 119.02141207543498 25.140552482324814, 119.01900799173079 25.14157767623863, 119.01781622313908 25.142789819752625, 119.01720949216708 25.144734431558796, 119.01773107707376 25.14772923715834, 119.01854056700908 25.149155758188936, 119.01989647291408 25.150187947789597, 119.02158784115875 25.150665227958047, 119.02335152643958 25.150513349401905, 119.02539997426594 25.14968254101184, 119.02686596185144 25.14821852860125, 119.02737475287353 25.146700341038382, 119.02731007924301 25.144039399490087, 119.02663941650887 25.142573691712027, 119.02531370591635 25.141362293144187))"
214,26.02925827027027,119.4989689189189,1,43144.416666666664,duration_weighted_berth_medoid,"POLYGON ((119.50476835836699 26.025435005842414, 119.50327567710261 26.02462877701265, 119.50155392074178 26.024393373578153, 119.49697783293483 26.02464973568234, 119.49476257938151 26.025805580933593, 119.49361071210393 26.027861571739592, 119.49360316755605 26.03223110792819, 119.49397176418019 26.0337705864587, 119.49496795229129 26.035066122426425, 119.49728652665131 26.036138354861784, 119.50216902024374 26.036147709229077, 119.50422544837008 26.03566735788725, 119.50554725313172 26.034698725033895, 119.50655712319423 26.032605514861885, 119.5066799639864 26.028512370002225, 119.5060344272263 26.026689184655833, 119.50476835836699 26.025435005842414))"
215,22.771728194444442,115.59870433333334,1,1841.5833333333333,duration_weighted_berth_medoid,"POLYGON ((115.60192146228286 22.767332025767683, 115.6002659474609 22.766625217064753, 115.59844213666467 22.76658382723884, 115.59622056943343 22.76723812973182, 115.59458449880603 22.76857278183754, 115.59382473693154 22.770461237307966, 115.5941176514074 22.772873295081173, 115.5947868244844 22.774396400003155, 115.59604575986432 22.775559620904257, 115.59769623351391 22.776179815287826, 115.59947837225093 22.776159338899483, 115.60181487927166 22.77552076368303, 115.60339144641262 22.774193001518867, 115.6040568146394 22.772736431012806, 115.60409877523924 22.770232200552982, 115.60325548835897 22.768451146077883, 115.60192146228286 22.767332025767683))"
216,19.80364662352941,109.16352922352941,2,40380.73333333333,duration_weighted_berth_medoid,"POLYGON ((109.16337932864643 19.798146559407584, 109.1607342033184 19.798715887229015, 109.15868977943006 19.800602321870336, 109.15807422638626 19.80264169397705, 109.15841035676154 19.80585309524365, 109.15955060133071 19.807672185865044, 109.16148405711822 19.808744992798534, 109.16716850908712 19.808640517117052, 109.1689925600116 19.807581868845023, 109.1699418335497 19.806231772917965, 109.17003203970201 19.802761062994357, 109.16700764361424 19.79911660367857, 109.16547126466641 19.79838680130447, 109.16337932864643 19.798146559407584))"
217,21.555850227272728,108.3721675909091,1,13011.550000000001,duration_weighted_berth_medoid,"POLYGON ((108.3755339814714 21.551985804271244, 108.37399407603881 21.551219034331094, 108.3718214081869 21.55111540509266, 108.3694932674656 21.55183253156323, 108.36784328869989 21.553251872356032, 108.36713918507921 21.555236971042643, 108.36755272910861 21.558512742596065, 108.36829287915901 21.56000188882011, 108.36959252931713 21.561111109558382, 108.37169270005354 21.56171059147725, 108.37420704046457 21.561311994863498, 108.37583852208968 21.56058148561091, 108.37702727815245 21.559311195958596, 108.37758011341815 21.557707561033585, 108.37753428220897 21.55475490473606, 108.37686453356243 21.553237173615724, 108.3755339814714 21.551985804271244))"
218,19.5529800625,110.8296055,1,14863.633333333337,duration_weighted_berth_medoid,"POLYGON ((110.83328738777827 19.54836356291876, 110.83182109777405 19.547527129490494, 110.82969946733503 19.547301498545632, 110.82655227490454 19.547874303846882, 110.82481662209005 19.549197173274084, 110.82397111432317 19.55114403545401, 110.82417300500505 19.555141331911635, 110.82480512632179 19.556710038800265, 110.82603446713571 19.557923987601402, 110.82811002263189 19.55865974447767, 110.83150047990779 19.558438268498893, 110.8331150338922 19.557827959618034, 110.83436238930635 19.556685326310625, 110.83512779250613 19.554775177552997, 110.83519699046124 19.551564572853064, 110.83454800093887 19.5496704055858, 110.83328738777827 19.54836356291876))"
219,32.00589872,120.67802750666667,2,75646.26666666668,duration_weighted_berth_medoid,"POLYGON ((120.67514897537563 32.00114552365645, 120.67242940031112 32.001907486699004, 120.67033396876174 32.00432874463435, 120.6707338645283 32.007684160579636, 120.67224909081676 32.009492633811746, 120.67425636483568 32.010235051024516, 120.67746590811213 32.010221732562414, 120.67890629143469 32.01098638517759, 120.6805671166346 32.0112421952947, 120.68473554752694 32.01081561797586, 120.68691087377098 32.009552973974834, 120.6877199165029 32.008216140312655, 120.68785625953326 32.0067179818461, 120.68720835719222 32.004512288830625, 120.6858864858953 32.00306241013803, 120.68391914114437 32.002303869333694, 120.68183707784755 32.00225086411466, 120.67964218691431 32.00124638977036, 120.67514897537563 32.00114552365645))"
220,21.56453966666667,108.37560370588236,1,106417.70000000001,duration_weighted_berth_medoid,"POLYGON ((108.38178184232689 21.55519572120119, 108.37885694093627 21.553978702448, 108.37221950718283 21.554273554827216, 108.37023688354901 21.555020512260572, 108.36885058724616 21.556535678300808, 108.36837504944806 21.55847537505714, 108.36864771493202 21.572796634569396, 108.36943952819003 21.57472187908128, 108.37112499249794 21.576060541924754, 108.37284591833863 21.576482988262764, 108.37963222939601 21.57622523326971, 108.38160802438851 21.575501570241517, 108.38300552048602 21.574014729729065, 108.38351234973297 21.57209703291994, 108.38352582058998 21.55816643613003, 108.38301805838945 21.55660137761036, 108.38178184232689 21.55519572120119))"
221,31.398780652173915,118.34617386956522,1,9261.133333333335,duration_weighted_berth_medoid,"POLYGON ((118.35046352721452 31.396751122852883, 118.34920956106302 31.39524860881089, 118.34727866068356 31.394419923096482, 118.34554423808453 31.394377682291527, 118.34319076329552 31.39513304321409, 118.34168827425681 31.39643726256334, 118.34110899329572 31.397819932739907, 118.34192696356578 31.401215689957017, 118.3434938863418 31.40255722438656, 118.34517547582536 31.40306102012303, 118.34908267141331 31.4023064361291, 118.35036855652528 31.401269034739155, 118.35108525017745 31.399888217517095, 118.35112153228292 31.398378256662827, 118.35046352721452 31.396751122852883))"
222,32.088918371428576,119.93043077142858,6,16781.433333333334,duration_weighted_berth_medoid,"POLYGON ((119.92302998915083 32.092712316549694, 119.9233534149848 32.09592919238624, 119.92526594251426 32.09790248172506, 119.92690782243666 32.098403421276075, 119.9292913600604 32.098366838054076, 119.93091226853333 32.09789106793294, 119.93220440879433 32.09693520555406, 119.93376659602443 32.09474052818418, 119.93392686257826 32.09244929709635, 119.93519099377836 32.09075119335855, 119.93524847285587 32.087075798486495, 119.93646975870213 32.08578879766597, 119.93699792283776 32.08440452130598, 119.9368126290511 32.08222343068854, 119.9354755773588 32.08038310338812, 119.93359345879387 32.07953002103956, 119.93107950027506 32.07940025593762, 119.92723846870676 32.080738123311285, 119.92586701980169 32.08172873085358, 119.9249717050281 32.08347220656914, 119.92487482241567 32.085791016151056, 119.92248940283815 32.08956353288194, 119.92302998915083 32.092712316549694))"
223,32.30609470454545,119.8340053409091,1,54234.53333333334,duration_weighted_berth_medoid,"POLYGON ((119.83734875836639 32.30180740008513, 119.83491717447221 32.30085623400907, 119.83121924785254 32.30100230885091, 119.8295682188013 32.301377810293054, 119.82793064384893 32.30252887441369, 119.82705685144117 32.3045492501494, 119.8272104139961 32.30850430298071, 119.82777887331304 32.309913453368, 119.82894480586877 32.31102945139589, 119.8309625868398 32.31175725731542, 119.83533843292608 32.31166117795275, 119.8370293502423 32.3111516358041, 119.8383491075318 32.310123128973714, 119.83916419832107 32.30836384967963, 119.83925870116656 32.304682368985226, 119.83861026711504 32.30298079999121, 119.83734875836639 32.30180740008513))"
224,23.522624,116.38608909375,4,54036.61666666667,duration_weighted_berth_medoid,"POLYGON ((116.37176758919715 23.519860377737636, 116.36888960484056 23.5207928141907, 116.36737816983523 23.522395848052955, 116.36686625419475 23.52391572075369, 116.3678717769298 23.52757198931551, 116.3690569959826 23.528707373158706, 116.37061980887334 23.52935298092014, 116.3765214258561 23.529718073773598, 116.37984926530406 23.527994795686286, 116.38240517596597 23.529216644058955, 116.38493920373435 23.52926970862647, 116.38646948522461 23.528585185361408, 116.38774733260412 23.527198772813477, 116.39016887869188 23.52615421562297, 116.39149561083835 23.524088037599448, 116.39167540111417 23.521447207477934, 116.39123065569946 23.51988737012577, 116.38982156395335 23.51835024976671, 116.38822221071538 23.517680276516842, 116.38511598330454 23.517520876401225, 116.38309187759627 23.51809232875533, 116.37960807417396 23.522175555273147, 116.37546247699665 23.520048453832203, 116.37176758919715 23.519860377737636))"
225,31.19876162745098,118.00417303921567,11,36595.566666666666,duration_weighted_berth_medoid,"POLYGON ((117.99861872221702 31.195963594865155, 117.99691998762 31.197962412290508, 117.99675828982865 31.20176192462957, 117.99771488485847 31.203769691639927, 117.9994444115017 31.204898949407145, 117.99935369446803 31.206933298383746, 118.00021169345929 31.208609155761838, 118.00227825265307 31.20989549442646, 118.00510815674293 31.210311664975368, 118.00904769373436 31.210302775662605, 118.01100131282097 31.209519864791627, 118.01245475594553 31.207699043027787, 118.01270138486043 31.20499799299174, 118.01429171404537 31.20306901077001, 118.01449282309622 31.199939283849243, 118.01400050701709 31.198190433497718, 118.01221346792374 31.19616175309965, 118.01226030502572 31.193004870765964, 118.01036362713614 31.190024259868956, 118.00905725437079 31.188972353632753, 118.00737383634373 31.18844173941274, 118.00473207392466 31.188379348055065, 118.00308613281207 31.188877001409978, 118.00035107214462 31.191542218021237, 117.99974617537042 31.19303251769414, 117.99974531580096 31.19476006894803, 117.99861872221702 31.195963594865155))"
226,31.189346872340423,118.00379878723405,6,25074.733333333334,duration_weighted_berth_medoid,"POLYGON ((117.99770793259054 31.185498487528587, 117.99556848567634 31.187258920604222, 117.99495844610017 31.189744957057407, 117.99600569535525 31.192152363575858, 117.99821720754625 31.1935773061511, 117.99949452292608 31.19510656394866, 118.00102444108664 31.19583320799087, 118.00276286280958 31.196004597338227, 118.00711348729632 31.195274915247435, 118.0088786293227 31.194202828743506, 118.00985249366826 31.192548943602006, 118.01001298051787 31.19028218439881, 118.00902708113959 31.187742481351275, 118.00877859252583 31.183331646319623, 118.00764899013565 31.181715122433502, 118.00566453249714 31.180732580379782, 118.00507463394982 31.17868392283344, 118.0035194170289 31.177318927463904, 117.99955622541448 31.176590896626312, 117.99753295163387 31.177310271093383, 117.9963552662425 31.178428405438567, 117.99553118323199 31.182415416745258, 117.99611317725484 31.18381054300191, 117.99770793259054 31.185498487528587))"
227,31.13177706976744,118.00052168604651,1,3106.866666666667,duration_weighted_berth_medoid,"POLYGON ((118.00453283772586 31.12929456525859, 118.00341853560126 31.128123859391522, 118.00143297416854 31.127318758159515, 117.99966886690214 31.127322344906517, 117.99768779560372 31.128135510916138, 117.99629687992643 31.129357645052842, 117.99559203144486 31.13119512820121, 117.99584590638042 31.132733059931137, 117.99688212678805 31.134463875148867, 117.99858425034996 31.135646010435597, 118.0002946356572 31.13600110299864, 118.00203312235895 31.13576640198487, 118.00372455688134 31.134876748149477, 118.00490789902483 31.133722625904753, 118.0054691655742 31.132264133259593, 118.00531881988611 31.130733929593504, 118.00453283772586 31.12929456525859))"
228,31.456743115384615,118.33959118461539,1,10691.35,duration_weighted_berth_medoid,"POLYGON ((118.34332524215324 31.454126155588334, 118.3420572721689 31.453108803601015, 118.3399965296395 31.45253401640021, 118.33826893591568 31.45271584767081, 118.33619721578822 31.453708058518416, 118.33494682511154 31.455181188389744, 118.33461455577124 31.456613427701015, 118.33493447433432 31.458047689871073, 118.33619921886995 31.4598066050686, 118.33767854210627 31.4606603359627, 118.33943095050437 31.460954799709214, 118.34300808453396 31.459789529742565, 118.34410600540248 31.458604373986507, 118.34458157974257 31.457149316654007, 118.3443608863217 31.455650518677206, 118.34332524215324 31.454126155588334))"
229,31.20810288571429,118.07903651428572,1,1210.6833333333334,duration_weighted_berth_medoid,"POLYGON ((118.08359720511594 31.206200368055338, 118.0822326999004 31.20468881855304, 118.08062704014667 31.204006377969804, 118.0788372198727 31.203915504531317, 118.07635805542115 31.20459222144652, 118.07505026517453 31.205606899868368, 118.07430078326811 31.206974306104897, 118.07422543215763 31.20848311555268, 118.0749304078315 31.21053629332613, 118.07642496056015 31.21183452961258, 118.07802406585871 31.212352772811155, 118.08203082124527 31.211816940654394, 118.08336313082731 31.21084907382637, 118.08416253338618 31.209519500459102, 118.08430794691901 31.208029594752464, 118.08359720511594 31.206200368055338))"
230,32.325594605263156,119.73863302631578,2,20928.01666666667,duration_weighted_berth_medoid,"POLYGON ((119.73739068561159 32.32976546363461, 119.73878129285887 32.330581998840835, 119.74055752515996 32.33090385739739, 119.74379142595615 32.330591368221505, 119.74567560181538 32.329640345231155, 119.74665321007808 32.328401412171964, 119.7469914960328 32.32694000823797, 119.74667404735949 32.324841150507595, 119.74558890001595 32.32329102659272, 119.73981460590463 32.32107090744019, 119.73699602053914 32.321134012816195, 119.73470077583835 32.32237870823959, 119.73347948839626 32.3242644340521, 119.7337266280472 32.32701284045589, 119.73509176726441 32.32886275476772, 119.73739068561159 32.32976546363461))"
231,30.243601577030812,122.27738761064425,2,13281.65,duration_weighted_berth_medoid,"POLYGON ((122.2801670917653 30.247082918894776, 122.28162032423907 30.249581621062063, 122.28369026407323 30.25071163168059, 122.28543600666742 30.25092484271649, 122.28714225515026 30.25054118787658, 122.28854610330737 30.249619776068442, 122.28984466849668 30.24779296596397, 122.29005850201287 30.246243859447564, 122.2893154689577 30.24441033832612, 122.28715500017603 30.242777517097096, 122.28458450936506 30.24236176546545, 122.28231650242583 30.243164512235367, 122.28152867651379 30.24136705026604, 122.27940076456153 30.239744818417964, 122.27723665862953 30.239335416953256, 122.27510927575696 30.239869490612907, 122.27272396209507 30.242296916205767, 122.2724849455774 30.24414281467996, 122.27303387607031 30.245556539368582, 122.2746390509165 30.247082214048717, 122.27622930242077 30.247770997811337, 122.27844439361665 30.247802043695845, 122.2801670917653 30.247082918894776))"
232,28.270321767195767,121.57060933862434,1,16564.1,duration_weighted_berth_medoid,"POLYGON ((121.57403287766486 28.267338876063363, 121.57225601650511 28.26623247658548, 121.57053555689288 28.265964585367733, 121.56882920229823 28.26629513182962, 121.56692741036248 28.267523986259008, 121.56585246652418 28.269136338502204, 121.56567979912009 28.270629534973345, 121.56615114923541 28.272071884155523, 121.56761933782599 28.273724724858976, 121.56956518235543 28.27459011581557, 121.57131479165668 28.27463085315707, 121.5744521569734 28.272985789858048, 121.57531236099835 28.271690883872616, 121.57556319939854 28.270206979041195, 121.57516859306774 28.26874750815225, 121.57403287766486 28.267338876063363))"
233,26.77279471875,119.72166615625,1,56035.5,duration_weighted_berth_medoid,"POLYGON ((119.72609747957858 26.76581806284175, 119.723798863061 26.76483072169612, 119.72002226071358 26.765096324581034, 119.71797328918677 26.76581661845547, 119.71655400789172 26.767319878898643, 119.71610865145361 26.76884766911264, 119.71644434375798 26.775906203694674, 119.7172424696341 26.77768682550345, 119.71887556676774 26.778932855156132, 119.72097005182711 26.779359274530044, 119.72445084333513 26.779003775642412, 119.72604204485799 26.778395238718968, 119.72747955187528 26.77696050366952, 119.72798028031245 26.775481131026417, 119.72800134296963 26.768789074300894, 119.72734441534577 26.767036447779162, 119.72609747957858 26.76581806284175))"
234,26.614762193548387,119.72932722580646,1,9181.466666666667,duration_weighted_berth_medoid,"POLYGON ((119.7337734259166 26.610838261466775, 119.7308034236508 26.609928164660186, 119.72795250538114 26.61007422942526, 119.72600106554654 26.61096015912345, 119.72474957336142 26.61256543138517, 119.72428353228551 26.61470206583391, 119.72450422542147 26.616247009762443, 119.72536583764953 26.61760065589329, 119.72755462300205 26.61884258674763, 119.73078748452073 26.619143812248424, 119.73258151648463 26.618942186120936, 119.73414124634199 26.61812444470554, 119.73538339153234 26.616445637816362, 119.73584384694055 26.613969227341762, 119.73512170389589 26.61206517786199, 119.7337734259166 26.610838261466775))"
235,37.45089319298246,122.19509605263157,2,110506.35,duration_weighted_berth_medoid,"POLYGON ((122.18888554567721 37.444907560669805, 122.18600635308302 37.445714839469154, 122.1846506632931 37.4468706483939, 122.18397998740573 37.448211287342936, 122.18414728091622 37.45469076539085, 122.18469323538605 37.455996455525785, 122.18582126448808 37.45704085625094, 122.1882195876595 37.45779395559437, 122.20238066749602 37.457621661882236, 122.20487295657209 37.4569634622588, 122.20655280918722 37.45586643005831, 122.20738629471379 37.454271432228154, 122.2071779240557 37.45255254773203, 122.20556420158745 37.45067104527571, 122.20369196623763 37.44986420705133, 122.20345133512156 37.44745455014319, 122.20200740254889 37.4457690081618, 122.19963639226012 37.44498681489666, 122.18888554567721 37.444907560669805))"
236,24.719491923076927,118.73919741758243,2,15269.666666666666,duration_weighted_berth_medoid,"POLYGON ((118.73704306324139 24.715118940972353, 118.73503024245049 24.71663441716923, 118.73430528376562 24.718524736667632, 118.73477516939168 24.721498892298488, 118.73644969390082 24.723309038352678, 118.7385087230483 24.72395596840782, 118.74129818308211 24.723485546660505, 118.74562197913056 24.720591901160358, 118.74635779783645 24.719134232999085, 118.74653926406674 24.716675140660133, 118.74589539405224 24.71515862709421, 118.74465088320358 24.713990767453698, 118.7430032336231 24.713356911167686, 118.73998255914704 24.71324394732368, 118.73834150961147 24.713872772288383, 118.73704306324139 24.715118940972353))"
237,31.4746074,121.42618126666666,3,257753.6166666666,duration_weighted_berth_medoid,"POLYGON ((121.41789681010026 31.4749888898265, 121.41806219915065 31.478222574708145, 121.41989143466733 31.480324013404864, 121.4219827237735 31.480943943436984, 121.42850999171337 31.480608581418302, 121.43021992152224 31.47953529244647, 121.43121318965925 31.477655991960894, 121.43513318992336 31.477444347061507, 121.43751424354619 31.47592514319002, 121.43827599721673 31.47383910766872, 121.43801702402301 31.46819544402198, 121.43638287764419 31.46645692466951, 121.4338908550153 31.46578812942717, 121.42664329720499 31.465799340525017, 121.42468351307126 31.466557170750267, 121.42336870092788 31.467993997233627, 121.42112974256277 31.467538465272582, 121.4193856325173 31.467758662338333, 121.41728290757595 31.469096301436455, 121.41627251260127 31.471464966724668, 121.41647500821043 31.473267560593403, 121.41789681010026 31.4749888898265))"
238,38.9630431617647,117.73863138235295,1,11596.916666666666,duration_weighted_berth_medoid,"POLYGON ((117.74250592591689 38.95950073265819, 117.74040497916067 38.95875677803592, 117.73760656673805 38.95876966836406, 117.73594128751327 38.95907581443505, 117.73454410760736 38.95984403705576, 117.7334774085875 38.96127906570595, 117.73317305498915 38.96332095567672, 117.73354478866118 38.96468554242301, 117.7345737030379 38.965828151979785, 117.7365259551777 38.966672422311994, 117.74009631705624 38.96687969669291, 117.74178984285514 38.96656083825303, 117.74319985734986 38.965764851771524, 117.74424715605697 38.9642868570319, 117.74455456757502 38.962052480732446, 117.74380806825086 38.96051413116395, 117.74250592591689 38.95950073265819))"
239,26.720478928571428,119.65949335714286,1,27132.516666666666,duration_weighted_berth_medoid,"POLYGON ((119.6626241361437 26.71570076035628, 119.66071779958509 26.71478587855981, 119.65855378901503 26.71477345512351, 119.65595862040142 26.716014525352907, 119.65474145691645 26.71755132582254, 119.65461628452682 26.722959126230204, 119.65573843102928 26.72463133621783, 119.65761043883222 26.725865269608175, 119.65934309658488 26.726166206588736, 119.66107178970488 26.72584759936538, 119.66293050032611 26.724876297455115, 119.66421022965795 26.7233172875757, 119.66446934090841 26.718295628720906, 119.66386902909754 26.71691674517239, 119.6626241361437 26.71570076035628))"
240,26.72830692753623,119.6571300289855,1,14476.183333333334,duration_weighted_berth_medoid,"POLYGON ((119.66071331291208 26.723801134445377, 119.65868373737406 26.72285989165636, 119.6568471679849 26.72283433178306, 119.6539615106594 26.723503158104936, 119.65211442925326 26.72511286580568, 119.65155187670703 26.7269754331178, 119.65191827598372 26.731244627945095, 119.65254803916015 26.732696947455796, 119.65411973414717 26.734035757612308, 119.65621104551386 26.734559403123377, 119.65930833826918 26.73415239404382, 119.6609022646199 26.733436157196213, 119.66205818439668 26.73222218161277, 119.66259367939155 26.730702035223516, 119.66256162645006 26.72641077573905, 119.661962055616 26.725022572317922, 119.66071331291208 26.723801134445377))"
241,31.378347166666668,121.62459691666668,4,1720.9833333333336,duration_weighted_berth_medoid,"POLYGON ((121.62239429079409 31.374758785851416, 121.61986471478532 31.375155313346983, 121.6179487882141 31.37676635659734, 121.61706776604217 31.379316853645825, 121.61764064009938 31.381541922054208, 121.61919480254426 31.382912112386567, 121.62139604273462 31.383567590615392, 121.62613691159609 31.384320766398112, 121.6287366021673 31.383844225681077, 121.63056512317648 31.382196220990526, 121.63194787097969 31.378762979807984, 121.6322663912181 31.376639131078935, 121.63157116220582 31.374927747515027, 121.62965242511571 31.373512847991748, 121.62654635676066 31.372999648734936, 121.62442278100777 31.373368998326196, 121.62239429079409 31.374758785851416))"
242,19.288712221238935,110.64382705309735,1,7214.650000000001,duration_weighted_berth_medoid,"POLYGON ((110.64797567824735 19.286439510534198, 110.6466096380791 19.284842011230584, 110.64460858350402 19.28403758780759, 110.64244172932834 19.284214876552245, 110.64071326517232 19.285167245727116, 110.63953981135437 19.28634570721667, 110.6388631280563 19.28825635470553, 110.63904985473269 19.289863958092266, 110.64027954665141 19.292213713386946, 110.64163194048459 19.293255941522634, 110.64374178916417 19.29375302252124, 110.64545447715169 19.293432933680325, 110.64720068581069 19.292408255413168, 110.64833776934495 19.291081392716954, 110.64882839190656 19.289438830932294, 110.64797567824735 19.286439510534198))"
243,31.524743907407405,121.5983034074074,1,16703.75,duration_weighted_berth_medoid,"POLYGON ((121.60265635836629 31.520620510085763, 121.60117421308422 31.51985893589251, 121.59946431163425 31.519631574811903, 121.5959692535995 31.519825001088947, 121.59400342652675 31.520719603833342, 121.59295029818452 31.521952906187845, 121.59254560963231 31.52343880323624, 121.59254607310783 31.52611467862295, 121.59372086004292 31.52810906721675, 121.5960006940405 31.529206262714396, 121.59983022249929 31.529349301215017, 121.6015994131537 31.529074158807653, 121.60310016137245 31.528229491737683, 121.60423941132899 31.52658609846144, 121.60457753944945 31.523720743343173, 121.60396328584926 31.5218685875245, 121.60265635836629 31.520620510085763))"
244,24.888135333333334,118.6829576904762,2,8231.8,duration_weighted_berth_medoid,"POLYGON ((118.68171346715249 24.883189073346536, 118.67976609452727 24.884140779174878, 118.67839790102485 24.885640067027, 118.67795946617893 24.887151138791026, 118.67822594253458 24.88968670716677, 118.67911904959327 24.891074667379975, 118.68053435408767 24.892041365624372, 118.68347709912678 24.89260357621364, 118.68522153474598 24.892368793863373, 118.68732402297366 24.890944970544027, 118.68834256367636 24.887833553402523, 118.69092999731542 24.88571709940913, 118.69151520270505 24.88426078581369, 118.69134289676308 24.882336188704375, 118.68904513369941 24.87978270346273, 118.68601900074448 24.879173249924246, 118.68327836922019 24.88048718708852, 118.68171346715249 24.883189073346536))"
245,22.73903053488372,114.62724341860466,3,29513.866666666672,duration_weighted_berth_medoid,"POLYGON ((114.62328737277915 22.73553496450133, 114.62230108228943 22.738705347460545, 114.62259790993753 22.740768530423008, 114.62431466242336 22.74268467259347, 114.62686871462036 22.7435154173219, 114.62948616440273 22.743207908526617, 114.63148127783893 22.741569990266164, 114.63447118174798 22.740548590692168, 114.63567972404809 22.73944168518555, 114.63635450162869 22.737999352684994, 114.63630811102281 22.73604292179199, 114.63493120215242 22.733643255816872, 114.63354865785952 22.73269816330028, 114.62991478810314 22.73155340111985, 114.62708898841895 22.73154843205759, 114.62545077033528 22.73209912837583, 114.62392069389671 22.73352060140405, 114.62328737277915 22.73553496450133))"
246,23.47235981818182,116.48255020454545,1,50571.95000000001,duration_weighted_berth_medoid,"POLYGON ((116.4860992674574 23.466661804549513, 116.48373512970001 23.465638165950825, 116.48057363698904 23.465894836762665, 116.47854749235545 23.466673196917473, 116.47737189249509 23.46787932348563, 116.476754568424 23.46981305762461, 116.47704958719102 23.474264254239788, 116.47763449776355 23.475740233760995, 116.47913465773615 23.477130806150626, 116.48116500663426 23.477729897304705, 116.48446208308455 23.477421427994244, 116.48603698684394 23.476796029277217, 116.48724120710966 23.475674504519507, 116.48796472384801 23.473829384420984, 116.48800532705435 23.469737067063075, 116.48735115735465 23.46792087637073, 116.4860992674574 23.466661804549513))"
247,26.6963035,119.81918172727273,1,26415.533333333333,duration_weighted_berth_medoid,"POLYGON ((119.82215833500727 26.691690116571515, 119.82055896484583 26.690937766288712, 119.81875715635721 26.69080961093953, 119.81584322029731 26.691314974498056, 119.81409905377333 26.692567382367237, 119.81324767927589 26.694416204353953, 119.81338680754934 26.69737434075592, 119.81400234784144 26.69884406893222, 119.81520175311735 26.69999049657645, 119.81723628757966 26.700708796169554, 119.82041605773772 26.70057823658487, 119.82204775179964 26.700030625728164, 119.8233232290103 26.69896930526274, 119.82413158769604 26.697169235893064, 119.824179723885 26.694454465436184, 119.82351682876623 26.692930160395665, 119.82215833500727 26.691690116571515))"
248,31.280148875,121.755771625,4,1587.1,duration_weighted_berth_medoid,"POLYGON ((121.74975046536251 31.279684968680673, 121.7475536948524 31.28028800723217, 121.74587260927781 31.281975510628605, 121.74515584756531 31.28515789421355, 121.7460698183781 31.28721184154049, 121.74774969677145 31.288361349720727, 121.7510803598071 31.288867985630414, 121.75251675382175 31.289757063997683, 121.75435005571943 31.290203957909817, 121.75657420269486 31.290173973314563, 121.75816985460656 31.289487869694543, 121.75967924566916 31.28761923194165, 121.76012802847926 31.285493035011697, 121.75962316048188 31.283699615524526, 121.76057339937059 31.28236973712333, 121.7610161281382 31.28012446868116, 121.76073154058122 31.278614734628633, 121.75887664388311 31.275555345129323, 121.75758058249143 31.27455714328302, 121.75593727985186 31.274056317377543, 121.75375830624857 31.27394329099151, 121.75212565024768 31.274432959572795, 121.75019946589983 31.27638630944849, 121.74975046536251 31.279684968680673))"
249,31.99190445,119.979788725,1,13947.3,duration_weighted_berth_medoid,"POLYGON ((119.98414755191469 31.98726420572404, 119.98174544282516 31.9863131197576, 119.97766196355602 31.98645408271981, 119.97562169046242 31.98699465086537, 119.97434900101479 31.9879708693162, 119.97346103890266 31.990002012071333, 119.97361165061172 31.994324961833964, 119.97417378304696 31.995739341760483, 119.97533355227915 31.996861955643137, 119.9777856929552 31.99764079796899, 119.98211846618366 31.997507419314402, 119.9838190384174 31.996998544014453, 119.98514654348271 31.995963426807275, 119.98596396452515 31.994189684138668, 119.98605681944915 31.99014148160929, 119.9854072937574 31.98843921439271, 119.98414755191469 31.98726420572404))"
250,31.96861916770186,120.39020694409938,3,72968.91666666666,duration_weighted_berth_medoid,"POLYGON ((120.391736104771 31.964547571478203, 120.38998462203757 31.964284112113702, 120.38821797111804 31.964632022154717, 120.38560427054115 31.966780247863653, 120.38516697214571 31.968188848615085, 120.38538465628518 31.969633706639534, 120.38630301456577 31.97125131212169, 120.3876176502305 31.97229395620419, 120.39021274165451 31.972850241410523, 120.39396973528662 31.97265587537296, 120.39599530436843 31.971925702865907, 120.39778158650921 31.97270444417971, 120.4002218021707 31.97286933467244, 120.40228927841554 31.972355538294046, 120.40383689968576 31.971084157222872, 120.40445511178709 31.969713836369944, 120.40447622210809 31.967530944270788, 120.40377137256165 31.966173312347813, 120.4025088249288 31.96514690054196, 120.39911722013103 31.96441110937128, 120.39607205692903 31.965475125415114, 120.39397221698808 31.96451651053481, 120.391736104771 31.964547571478203))"
251,38.98024149056604,118.46866371698113,1,121603.08333333334,duration_weighted_berth_medoid,"POLYGON ((118.47196182414648 38.96995692846265, 118.4700265524661 38.96906999455853, 118.46734418407816 38.969118870267124, 118.46455127736652 38.97036466841251, 118.46339051285814 38.972114188364856, 118.46333089410547 38.99005198858338, 118.4646248182123 38.99217835021813, 118.46745128534327 38.9934942876966, 118.46925489732423 38.99346143521413, 118.47183864296495 38.99255445561878, 118.47301284128397 38.99159802689817, 118.47364528714185 38.99037081097761, 118.47370490589452 38.97243309154399, 118.47319617439827 38.97112924917015, 118.47196182414648 38.96995692846265))"
252,30.63103702620087,121.15978024890829,5,87457.29999999999,duration_weighted_berth_medoid,"POLYGON ((121.15520079347198 30.629586375915803, 121.1548139193494 30.631437673378535, 121.1554804789387 30.633214495583427, 121.1566697389384 30.6343099083457, 121.15855826288836 30.635103750311714, 121.15930436406974 30.63664315704328, 121.16062201980515 30.637706137799984, 121.1673128091614 30.640191852157816, 121.17018630887073 30.63977444082346, 121.17216087609815 30.638257031258664, 121.17282590593881 30.635542564935584, 121.17167469454314 30.633158680512082, 121.16739133234405 30.629576647585328, 121.1641557403268 30.628965643258045, 121.16186733257786 30.627214456555723, 121.15935831431241 30.6267365279106, 121.15965318306122 30.624826269321016, 121.15861098226041 30.62278459731558, 121.1563208976407 30.62134733760818, 121.1541417641788 30.62111027195872, 121.15246702471293 30.621586074712255, 121.15113426673376 30.622580074439472, 121.15008877569717 30.62400981279364, 121.14982353789814 30.625862250634047, 121.15036529027746 30.627286376878125, 121.15149579952445 30.62842614309505, 121.15315582331773 30.629341020064988, 121.15520079347198 30.629586375915803))"
253,29.98194406521739,121.73909782608695,1,25859.466666666664,duration_weighted_berth_medoid,"POLYGON ((121.74442426908075 29.978563745082436, 121.74139406500672 29.977555887558115, 121.7381422592907 29.97758433526741, 121.73604204979192 29.9782608469593, 121.73480106555587 29.979389574636095, 121.7338287387022 29.98141369075511, 121.73386597528588 29.982898745405844, 121.73454305208114 29.984263452629186, 121.73576127011292 29.98530888466963, 121.73734304705685 29.985882658480058, 121.74189694450784 29.986253839410786, 121.74397360903215 29.985623731053032, 121.74545554296229 29.98421489019079, 121.74634576251567 29.98186704307218, 121.74588823341276 29.980085389700704, 121.74442426908075 29.978563745082436))"
254,31.72343,121.13336,1,160.2,duration_weighted_berth_medoid,"POLYGON ((121.13793270549208 31.721582353881697, 121.13664685542962 31.72010347266513, 121.13512028292023 31.71940014067031, 121.1333941785995 31.719241807649638, 121.13088825085869 31.719861723040804, 121.12950768570762 31.72080982628708, 121.1285580375294 31.722506987704904, 121.12918889432154 31.72581981769095, 121.13027998928011 31.72695593882938, 121.1322133543164 31.72775267696287, 121.13623372683105 31.72725715298625, 121.1376195754057 31.726316904667136, 121.1385809137454 31.724626462443958, 121.13858727408761 31.723118601890896, 121.13793270549208 31.721582353881697))"
255,31.708688153846154,121.15198476923076,1,550.4333333333333,duration_weighted_berth_medoid,"POLYGON ((121.15498667591649 31.70478078722423, 121.15301468982656 31.703987016030972, 121.15126310519265 31.703986458727634, 121.14888377283849 31.70490148675826, 121.14741363047659 31.706283235986405, 121.14690687472604 31.707716225624683, 121.14711408612274 31.71089066189013, 121.148039380253 31.712256500775492, 121.14988433841934 31.713475973478356, 121.15162157563279 31.713830974156842, 121.15338405411644 31.713581778062817, 121.15536181768834 31.712672392643093, 121.15652430808287 31.71150407744758, 121.15705451107117 31.710041352319134, 121.15698072972475 31.707286877515884, 121.15630957182613 31.705915681145395, 121.15498667591649 31.70478078722423))"
256,39.5053457797834,121.4010123537906,1,14457.383333333335,duration_weighted_berth_medoid,"POLYGON ((121.40439112383405 39.502681961535345, 121.40293684751622 39.5018512431508, 121.40072058215858 39.50153839026007, 121.39897933150475 39.50191802768342, 121.3970917916711 39.50309256226267, 121.39625596840199 39.504281744401844, 121.39613604984527 39.505964037157355, 121.39806162937768 39.508345038610464, 121.39996385084196 39.50907167953843, 121.4016669795051 39.50911157736404, 121.40481778331687 39.50771000122799, 121.40571870443418 39.50655488732469, 121.40598016038052 39.50522191137962, 121.40556258339598 39.50391279675469, 121.40439112383405 39.502681961535345))"
257,40.331703153846156,122.13298356410257,1,112759.76666666666,duration_weighted_berth_medoid,"POLYGON ((122.14010814179143 40.327169784614284, 122.1386302922729 40.326421022546306, 122.13688740250066 40.326167020402735, 122.12885309382649 40.326243824015904, 122.12649366671455 40.32699295820435, 122.12520387931937 40.32829381991552, 122.12483838704908 40.32957287859715, 122.12472647700982 40.3341737868399, 122.1256786784944 40.33603301242634, 122.12701822848601 40.33690297197151, 122.12913516858931 40.33733570061449, 122.1375463192321 40.337419270701886, 122.13994313666257 40.336707051390064, 122.1415539642067 40.33479057291221, 122.14186972080475 40.33006125236663, 122.141371750537 40.328361756995484, 122.14010814179143 40.327169784614284))"
258,22.671367146666668,113.66056634222222,3,34841.833333333336,duration_weighted_berth_medoid,"POLYGON ((113.65617636895702 22.667141232032186, 113.65327406622811 22.66807738838243, 113.65196869475855 22.669370751563722, 113.65129780024397 22.670905495825682, 113.65183080853731 22.6742819593039, 113.65279137581481 22.675576349249017, 113.6542045319854 22.676448570245427, 113.65909318331276 22.67680736146248, 113.66146990987053 22.675952409905985, 113.66402915098185 22.675682990161185, 113.66789258387627 22.674009295569274, 113.66948223536188 22.671739222164593, 113.66976694662038 22.670116405946807, 113.6693455205703 22.668519097247806, 113.66828426197938 22.667198612500282, 113.6667501432129 22.666362719650255, 113.66334263574163 22.665768358977072, 113.65617636895702 22.667141232032186))"
259,32.1391708627451,119.91410598039216,6,17368.666666666668,duration_weighted_berth_medoid,"POLYGON ((119.89696935444096 32.13459570874777, 119.89523665191264 32.13703669257284, 119.89545509444254 32.14040840926918, 119.89645060183108 32.14242640154386, 119.89818393358665 32.14352017019085, 119.90298193954646 32.14365887559528, 119.90894148317219 32.140602352329125, 119.91014881831906 32.14289965484484, 119.91346448036576 32.14429508228104, 119.91646992134115 32.14399251934339, 119.91856632264155 32.142144128791124, 119.9193105190314 32.13835676855354, 119.9186259110556 32.13622638290562, 119.91705184979338 32.134946216877466, 119.91477162387781 32.13424111563655, 119.91155386574768 32.134644532869444, 119.90977081150939 32.13284392398339, 119.91042991570275 32.13087310857969, 119.91005273144854 32.129023242604035, 119.90901874819143 32.12779618798569, 119.90750311968925 32.12700562661367, 119.90558836933718 32.1265795777847, 119.90346539741573 32.126909022017735, 119.90205308534524 32.12775923640091, 119.9009781883851 32.12920697101371, 119.89855469340765 32.13017061896545, 119.89689721891747 32.132525460054424, 119.89696935444096 32.13459570874777))"
260,22.86060326923077,113.57450775,1,2763.8999999999996,duration_weighted_berth_medoid,"POLYGON ((113.57864072003353 22.856990026970568, 113.57563208239776 22.856053141015845, 113.57323466185102 22.856216624464107, 113.5712465364324 22.85719953157769, 113.57019167350826 22.858557103794816, 113.56962066336482 22.860947339679615, 113.56994189995508 22.862554090150613, 113.57091291143887 22.863921085019193, 113.57280203615599 22.864974508072628, 113.57600288543846 22.865324230429906, 113.57770473349487 22.86501570058569, 113.57915282118806 22.86413601763863, 113.58028341375893 22.86243969443802, 113.58070550950384 22.86015351474788, 113.57997473531329 22.858234618698848, 113.57864072003353 22.856990026970568))"
261,22.8767473814433,113.57291879381444,2,17196.61666666667,duration_weighted_berth_medoid,"POLYGON ((113.5681233330314 22.874244899831996, 113.56791710982446 22.878788046823104, 113.56855702327985 22.88025560472773, 113.56974775718317 22.881394800935396, 113.57225604077937 22.8824183588844, 113.57404790336632 22.882448075253578, 113.57570974158301 22.881829971419638, 113.5773687641303 22.8803066862635, 113.57810410307769 22.87841323822866, 113.57804629124544 22.874935322251442, 113.57683452179356 22.87281142838229, 113.57723001224704 22.871008865055913, 113.57686206964883 22.86937409291156, 113.5749491877122 22.86736036885892, 113.57335315223689 22.86663866603195, 113.57157824709574 22.86654408439108, 113.5688706207799 22.867875133889637, 113.56731389239367 22.871272099356673, 113.56742586225778 22.8729004579015, 113.5681233330314 22.874244899831996))"
262,22.746568777777778,115.03546535897436,1,8796.883333333333,duration_weighted_berth_medoid,"POLYGON ((115.03882497764079 22.742263714979373, 115.03734521926636 22.741520734601362, 115.03525195370038 22.741377545317174, 115.03252904006229 22.74197206635187, 115.03085283365564 22.74329427197163, 115.0300612244818 22.745192930656653, 115.03028604863499 22.748560289900507, 115.03094823095527 22.750090349783946, 115.03220473258493 22.75126135954382, 115.03430180667958 22.751945942241676, 115.03729089592471 22.751704986592998, 115.03886949928902 22.75109308418624, 115.040085051945 22.74998081580061, 115.04083200809988 22.74813821790512, 115.04083577182305 22.745061072559434, 115.04016898312553 22.743523304710294, 115.03882497764079 22.742263714979373))"
263,21.952764533333333,113.21007233333333,1,7784.683333333333,duration_weighted_berth_medoid,"POLYGON ((113.213090148949 21.948648266005527, 113.21116887143324 21.947887596748966, 113.2094924318955 21.947917155839672, 113.20710844086253 21.94856924664548, 113.20549624879911 21.9499736699017, 113.20480218642817 21.951921467721274, 113.20509092296344 21.95447582753838, 113.20581638137521 21.955964191564316, 113.20710307233794 21.95707944079693, 113.2091934625893 21.957695344224312, 113.21142131326135 21.957493381267263, 113.213111902967 21.956943757721042, 113.2144364127641 21.955825031495795, 113.21518414236104 21.9543151565201, 113.21527615359503 21.951612767283343, 113.21443584171014 21.949788327088118, 113.213090148949 21.948648266005527))"
264,19.768469779661018,109.15975439830508,2,69308.53333333334,duration_weighted_berth_medoid,"POLYGON ((109.15488616641873 19.765218174941822, 109.15220646640851 19.76630671830043, 109.15045398408158 19.769082636176307, 109.15062298853064 19.77158988393554, 109.15227416369912 19.773563974029507, 109.1551627868872 19.774515944454418, 109.15695803163075 19.774339369628688, 109.15837354675918 19.773629617821918, 109.16107929369495 19.77397377037753, 109.16276288066157 19.773422159562053, 109.16442483063743 19.771950289495866, 109.16524991117068 19.770179728949817, 109.16529539537972 19.76603092933165, 109.16478041168273 19.76444969657891, 109.16366014625643 19.763175440466547, 109.16088966270634 19.76206299957984, 109.15861360814337 19.76199316386826, 109.156146702364 19.763364109161255, 109.15488616641873 19.765218174941822))"
265,32.00215010833333,120.5446239,3,21864.800000000003,duration_weighted_berth_medoid,"POLYGON ((120.53441101698553 32.00846251751806, 120.53623931063899 32.009251306037214, 120.53848293761644 32.00922274738181, 120.54096802492771 32.00833141983552, 120.5424581720097 32.0065052273022, 120.54567145798688 32.006607439208764, 120.54767248529627 32.005892134851294, 120.5488382467892 32.00479275608868, 120.54942251483133 32.00339974982221, 120.54948253510614 32.00119329726821, 120.5486275117219 31.999468372957562, 120.54649301896683 31.99815707596551, 120.54351467038572 31.997820568855957, 120.54033535947167 31.999077801655947, 120.53900191783279 32.0009857493186, 120.53768452014785 32.00088372927484, 120.53620477652389 31.999922645519632, 120.5340386392236 31.999326186362822, 120.53228730508626 31.99940229153791, 120.53070381477642 32.00004130947189, 120.52902826027197 32.00218039219692, 120.52851470213858 32.00426368556301, 120.52880498574174 32.00577282908193, 120.53085059514986 32.00776074998906, 120.53441101698553 32.00846251751806))"
266,28.095589733333334,121.13442400000001,1,7761.333333333333,duration_weighted_berth_medoid,"POLYGON ((121.13841049800443 28.09306108457325, 121.13681272861672 28.091669202795693, 121.13510344553505 28.091162226320385, 121.13330589570968 28.091289196192893, 121.13111505645162 28.09230264412069, 121.12998694291609 28.0935109298222, 121.1294772894165 28.09501032391323, 121.1296656372497 28.09656680999554, 121.13080122575965 28.098532485540993, 121.13254129491665 28.09965775451269, 121.1342402981954 28.0999553268798, 121.1377868563928 28.0988262588329, 121.13889612180047 28.097678236908664, 121.13943859383288 28.096247669040505, 121.13933564486071 28.094741899498924, 121.13841049800443 28.09306108457325))"
267,39.01780469483568,121.69959503755868,2,43244.183333333334,duration_weighted_berth_medoid,"POLYGON ((121.69486190163461 39.01489494092666, 121.69389974031543 39.01641873230258, 121.69394044083485 39.01858447120681, 121.69464936823894 39.0201926475484, 121.69587586784647 39.02116978768077, 121.69792730642979 39.02176079052518, 121.70201596313119 39.02153152005447, 121.70366425401494 39.02100969520922, 121.70492224260722 39.02003143487526, 121.70566995639402 39.01805807180188, 121.70511795131618 39.01241456366632, 121.70461043655209 39.01114181873603, 121.70318177827717 39.0099078757729, 121.70031994762586 39.00931162702499, 121.69658015812527 39.01032416581674, 121.69507133613263 39.012025808837635, 121.69486190163461 39.01489494092666))"
268,27.979042500000002,120.91302586363636,3,35914.96666666667,duration_weighted_berth_medoid,"POLYGON ((120.91192154271538 27.974423937115308, 120.90907532055752 27.975324595253294, 120.90722576700553 27.977589770377524, 120.90741536889024 27.980769793979558, 120.90915794617742 27.98289427480531, 120.91115765639474 27.983571425640775, 120.91519124545636 27.983524655033342, 120.91780011170526 27.982134047058228, 120.92040778667423 27.981597333565194, 120.92195833696778 27.98030020149127, 120.92284272254632 27.976869687592313, 120.92234736455521 27.975417456861255, 120.92092808421546 27.97400382727469, 120.91648263474542 27.97299794255811, 120.91481470497916 27.973395481973963, 120.91314772635288 27.97442308207753, 120.91192154271538 27.974423937115308))"
269,23.46270225,116.473496125,1,484.3833333333333,duration_weighted_berth_medoid,"POLYGON ((116.47786349621849 23.460413987729716, 116.47669337225425 23.458743700733823, 116.47480755878367 23.457769329823325, 116.47307476422468 23.457649959970237, 116.47057023535346 23.458396866381936, 116.46924615898196 23.459426888293844, 116.46834497180204 23.46123003755815, 116.46906513447115 23.465067175730848, 116.47021959385486 23.466317651678164, 116.4722529084171 23.46714541369269, 116.47628469545583 23.466421287651794, 116.47759642492039 23.465359871442864, 116.4783666990425 23.463919315060078, 116.47847870127309 23.46231807886487, 116.47786349621849 23.460413987729716))"
270,24.81795021875,118.716934765625,1,2462.4,duration_weighted_berth_medoid,"POLYGON ((118.72229635836649 24.814342215446498, 118.71966223343647 24.81330088909644, 118.71632453836314 24.813326986566636, 118.71425656147815 24.81402302560948, 118.71302472622966 24.81517796485305, 118.71208479504487 24.81735233614053, 118.71211100260983 24.818921840824654, 118.71278861413315 24.820366000636458, 118.71401717347959 24.82147072612444, 118.7156145463147 24.82207225207901, 118.71980406082605 24.82240923863666, 118.7218110885466 24.821793761878073, 118.72328404972001 24.820411788893345, 118.7242140750813 24.81791303162938, 118.72378362050164 24.815980505595988, 118.72229635836649 24.814342215446498))"
271,25.216802262626263,118.98359955555556,3,22043.383333333335,duration_weighted_berth_medoid,"POLYGON ((118.9780358810045 25.21560435506116, 118.97669952043778 25.21647798940587, 118.97577719622907 25.217791126402574, 118.97515397760452 25.219980811846533, 118.9754913132564 25.22190064356746, 118.9764545376169 25.22319530539738, 118.97788613117352 25.224066029436173, 118.98201243738107 25.224336679445855, 118.98389000186673 25.22335122087222, 118.98499498478365 25.221785831853573, 118.98757245062238 25.220583402869178, 118.98849965455693 25.21928579972762, 118.98882437286498 25.21740121652817, 118.9914677013842 25.217226242644944, 118.9936359010977 25.215915557676805, 118.99463381382492 25.213735936970394, 118.99445608399948 25.210705741149596, 118.99330128112506 25.20899496907432, 118.99180722499058 25.208120987535633, 118.98707270064271 25.20790878955902, 118.98451700184198 25.209528179125883, 118.98350181167456 25.211942074335898, 118.98122764328522 25.212108717148677, 118.97938583402369 25.213078012877297, 118.9780358810045 25.21560435506116))"
272,24.532443911764705,118.22552579411764,1,4193.45,duration_weighted_berth_medoid,"POLYGON ((118.23020382591714 24.528120965282042, 118.22811794370081 24.527252902502465, 118.22507657770807 24.52726490176098, 118.22339569993008 24.52762145569741, 118.22198671808339 24.52852835314842, 118.22091839239357 24.53022563277574, 118.22062208196826 24.532733598801066, 118.22100621169953 24.53432538154121, 118.22204364369118 24.535653968285924, 118.22399982039835 24.536629449257454, 118.22782186015054 24.536864874221173, 118.22952328476492 24.53647784127247, 118.23093207742936 24.5355275810812, 118.23196134219276 24.533774916709376, 118.23227861352393 24.5313664423856, 118.23156553299815 24.529388172220525, 118.23020382591714 24.528120965282042))"
273,25.103664707317073,119.0667802195122,1,11315.216666666667,duration_weighted_berth_medoid,"POLYGON ((119.07114319443185 25.099545868323087, 119.0696680941241 25.09873916232256, 119.06796613336182 25.098494800583893, 119.06422473095361 25.09869817670073, 119.06225092101239 25.099647918863408, 119.0611937831001 25.100961533781543, 119.06078905811047 25.102545086285076, 119.06079069911512 25.10548919373231, 119.0619689731365 25.10760679354701, 119.06425117391916 25.10876947485122, 119.06832426670054 25.10892018634725, 119.07009582102631 25.10862426752747, 119.07159648264839 25.107721835148997, 119.07273103073013 25.10596954974267, 119.07306398460005 25.102824112859867, 119.07244693979467 25.10086680588743, 119.07114319443185 25.099545868323087))"
274,25.21788825882353,119.02983250588235,1,3414.55,duration_weighted_berth_medoid,"POLYGON ((119.03351428874949 25.215021828353365, 119.03190669725426 25.2137450180743, 119.02982862467229 25.213285771378153, 119.0281432789779 25.213584106689414, 119.0261939815862 25.214802737108865, 119.02505145175667 25.216466406279803, 119.02484711633582 25.218027986020875, 119.02646172774035 25.22108152700245, 119.02826250771935 25.22213358117693, 119.02996665946773 25.222350351768473, 119.03163583426105 25.22197146770398, 119.033268747007 25.220960956463518, 119.03431357601934 25.219714815455212, 119.03476071573077 25.218203938791028, 119.03454391784373 25.216652172809734, 119.03351428874949 25.215021828353365))"
275,24.63493486666667,118.68032073333333,1,5151.716666666666,duration_weighted_berth_medoid,"POLYGON ((118.6832243561492 24.63038562658345, 118.6816843729929 24.629636204669485, 118.67951160345224 24.629534976365505, 118.67728347784312 24.630505626308572, 118.67579049842075 24.632004674438463, 118.67527193126763 24.633971052586837, 118.6758960856284 24.636852950455687, 118.67677992407816 24.6382685892794, 118.67820198111592 24.639257841784048, 118.67993621833233 24.63966347594562, 118.68170697574234 24.6394210211987, 118.68355200720553 24.638461816372324, 118.68474679216251 24.63720501459094, 118.68529191942615 24.635619608531595, 118.68521773517105 24.63306026845813, 118.68454643920725 24.631597120042738, 118.6832243561492 24.63038562658345))"
276,32.00863560784313,120.35896231372548,1,28978.78333333333,duration_weighted_berth_medoid,"POLYGON ((120.36519113614436 32.00493641911962, 120.36289245481386 32.00399866706, 120.35785526153938 32.00406317784822, 120.35618028978546 32.00438661312764, 120.35477100197232 32.005219605008975, 120.35358792938867 32.00714176709999, 120.35350503855616 32.01108783375319, 120.35384693945309 32.01254531493512, 120.3548205908316 32.013780889665526, 120.35627776309545 32.01460646502193, 120.35799661497683 32.01489636677028, 120.36334840762811 32.01482656038276, 120.36560954205179 32.013829891870664, 120.36686721890618 32.01195050539334, 120.36710524762233 32.00787344739062, 120.36646478303949 32.00613056127575, 120.36519113614436 32.00493641911962))"
277,32.27167914285714,119.4401069047619,1,17702.333333333332,duration_weighted_berth_medoid,"POLYGON ((119.44324257575775 32.26784529508357, 119.44179904344385 32.26710191245382, 119.44013279710587 32.266862268454815, 119.43667870687031 32.26700125706411, 119.43467375836978 32.26788000595643, 119.43342795829544 32.269472664280904, 119.43300299675539 32.27180898971458, 119.433279389888 32.27324226091032, 119.43417181916939 32.27448301315803, 119.43635991551969 32.27560070445143, 119.44015732245353 32.27587188784503, 119.44186980965529 32.27568117267323, 119.44337054447375 32.27495814682329, 119.44461630140563 32.273474998488766, 119.44516378373652 32.27092153545807, 119.44454974251367 32.26908362963828, 119.44324257575775 32.26784529508357))"
278,36.797054732394365,121.49689094366197,1,35782.63333333333,duration_weighted_berth_medoid,"POLYGON ((121.50108629954259 36.793180937588794, 121.49843006354972 36.79226074756609, 121.49362985556391 36.792313938339895, 121.49158879104654 36.7929222427709, 121.49036686820878 36.79392384816107, 121.48971514364509 36.795223184671336, 121.4894823856269 36.79796933042608, 121.49028684102937 36.79964741324623, 121.49160627997323 36.80063099368052, 121.4933024242549 36.80111993883069, 121.49853725438992 36.80129873096324, 121.50101234669154 36.80056357756433, 121.50254415244066 36.798841982500655, 121.50300696191685 36.79626491042807, 121.50255759521092 36.79459971406729, 121.50108629954259 36.793180937588794))"
279,26.68435425,119.81978000000001,3,2602.133333333333,duration_weighted_berth_medoid,"POLYGON ((119.80945038199407 26.681283429334474, 119.80775604607724 26.681604026385912, 119.80630849907533 26.68248845067423, 119.8047511222723 26.685640354216503, 119.80524591751738 26.6883334594979, 119.80755398959533 26.69012104381267, 119.81083941999218 26.690518363597228, 119.81342821287475 26.689366577526783, 119.8158697243122 26.689051372634204, 119.81755225370918 26.68949501576969, 119.82248251439965 26.68941059079773, 119.82448793718915 26.688528706236557, 119.82576930517597 26.686892396803806, 119.82634690439134 26.68404467003732, 119.82611483888115 26.682506601200778, 119.82494404199433 26.680881014087486, 119.8234734654337 26.680055070471642, 119.81732214954705 26.679550050500897, 119.81497377807341 26.680463122839175, 119.81142008591257 26.68031822790736, 119.80945038199407 26.681283429334474))"
280,32.013133465116276,119.98613937209302,3,10821.466666666667,duration_weighted_berth_medoid,"POLYGON ((119.98136085008281 32.01179031415961, 119.97946726312124 32.01409778555027, 119.97936671012344 32.016615388662395, 119.98114158469141 32.01863543512022, 119.98438197948236 32.01949250562621, 119.98610439677734 32.019217079991265, 119.9878705915968 32.018129206215754, 119.98871259991978 32.01682342603001, 119.99061393736343 32.01530194458729, 119.9920787513514 32.01227929358514, 119.9916510624671 32.01021807242612, 119.9907551895156 32.00893293180332, 119.98934560422384 32.008038492634434, 119.98763887266911 32.007672187659765, 119.98576324065151 32.00780590742873, 119.98415596149032 32.00846023789202, 119.98136085008281 32.01179031415961))"
281,31.950278731707318,120.1160451707317,2,4272.45,duration_weighted_berth_medoid,"POLYGON ((120.10793446463785 31.94748789825383, 120.10503770382356 31.948233243754423, 120.10365328605339 31.949373991925725, 120.10290286736368 31.95073419802515, 120.10319290005202 31.954873024234743, 120.10522549721719 31.956865072763005, 120.10694343022631 31.957320038070677, 120.11168496203574 31.957175308163922, 120.11323055214066 31.956474376152634, 120.11447695919409 31.95508346426686, 120.11843961979439 31.955101202424604, 120.11997231648077 31.95436997234278, 120.12105669850463 31.953195510294705, 120.12154906702372 31.94919826736765, 120.12053777299386 31.947527070474937, 120.11912052721705 31.94661630157517, 120.11527365975965 31.946100870450536, 120.11369352439337 31.946537872262795, 120.11189315545413 31.947819209293193, 120.10793446463785 31.94748789825383))"
282,32.05616651351351,120.55010137837837,1,7300.3,duration_weighted_berth_medoid,"POLYGON ((120.55473025860633 32.0540947466106, 120.55378430371931 32.052854701257296, 120.55194307398584 32.051881327533906, 120.5502130404232 32.051706714414365, 120.5476678695926 32.052310943177744, 120.54600479728957 32.053545971008546, 120.5453074366552 32.05492986550611, 120.54591338242105 32.05827263068667, 120.54699688621115 32.059414299210665, 120.54892859708372 32.06022072492636, 120.55297925818189 32.059743321597765, 120.55436604366639 32.05882070674592, 120.55534239491612 32.05715390321924, 120.55537117587708 32.055659884105104, 120.55473025860633 32.0540947466106))"
283,22.774072999999998,113.62659450000001,2,839.3166666666666,duration_weighted_berth_medoid,"POLYGON ((113.62748165697721 22.769292356892194, 113.62492301050919 22.769508225104918, 113.62291131376362 22.77098195863653, 113.62176194499496 22.77389669694357, 113.6222297850652 22.776293366195887, 113.62448021427753 22.77821150458287, 113.62798440814504 22.77861780177617, 113.62813571638891 22.781325433083037, 113.62977641942196 22.78319344951108, 113.63257583826423 22.78416367356753, 113.63479568056117 22.78383974930167, 113.6362728561539 22.78288352656048, 113.63752226453094 22.780900224025245, 113.63779041782686 22.779250983602477, 113.637331245068 22.777637926986383, 113.63489216342856 22.77555232078998, 113.63190073432013 22.77510996243471, 113.63200363239189 22.77279176426651, 113.63134759839622 22.771274207882833, 113.62972530133757 22.769895147074465, 113.62748165697721 22.769292356892194))"
284,22.23125931111111,113.08499862222222,1,3837.25,duration_weighted_berth_medoid,"POLYGON ((113.08852082839938 22.22820821415654, 113.08675380760019 22.226968171005907, 113.08500862398543 22.22664116776597, 113.08326331139385 22.226967580610197, 113.08130922597562 22.22827128746646, 113.08034315521617 22.22965684151435, 113.08006883296795 22.231694699153117, 113.08187878021667 22.2347440682396, 113.08383199131829 22.235723257400746, 113.08561377010663 22.23580019305468, 113.0888346106895 22.23405660438002, 113.08971644406185 22.232631512275134, 113.08993331646764 22.231001499518083, 113.08852082839938 22.22820821415654))"
285,31.361292705882352,121.65692070588236,3,1501.8666666666668,duration_weighted_berth_medoid,"POLYGON ((121.65598454930236 31.357104613386543, 121.65374193321546 31.35787672986664, 121.65221113280874 31.35974275966777, 121.65162840986807 31.362792709334645, 121.65288986980231 31.365143695397038, 121.65475015035156 31.366121248079768, 121.65658104503325 31.3665340907896, 121.65860001681882 31.366314764931097, 121.6612078008671 31.367397148020757, 121.6645445696771 31.36718223377256, 121.66640355520477 31.366299122036253, 121.6677041881297 31.3644341607493, 121.66768083988131 31.36218359075906, 121.6668655100513 31.36043908807494, 121.66554371721409 31.35940434783136, 121.66529039096848 31.357717272540455, 121.664402957493 31.3564676889777, 121.66263670717659 31.355448250861194, 121.6593599168645 31.355085856399945, 121.65732185208307 31.355780709032164, 121.65598454930236 31.357104613386543))"
286,29.894362913043476,122.082163,1,72397.43333333333,duration_weighted_berth_medoid,"POLYGON ((122.08656726745733 29.890352676446945, 122.08350023749 29.8893441543608, 122.07835728491582 29.889413394307166, 122.07630216213842 29.890077051026445, 122.07507594289807 29.89117269998087, 122.07442978726512 29.89259282732628, 122.07420748134085 29.895757313581782, 122.07502717237263 29.897566466797326, 122.07635381453781 29.898621814189898, 122.07805196446841 29.899140682610767, 122.08404840437622 29.899329159335213, 122.08652578832357 29.89851305984102, 122.08804118454736 29.896628190843913, 122.08848896389024 29.893648259705046, 122.08802882716424 29.89187142300129, 122.08656726745733 29.890352676446945))"
287,30.41751995652174,122.45174539130434,1,181316.73333333334,duration_weighted_berth_medoid,"POLYGON ((122.45678594660195 30.41223480995976, 122.45449116998542 30.4112816771742, 122.4482158292015 30.411374762829404, 122.44652909123577 30.411706313533323, 122.44482693132503 30.41284590071069, 122.44387734059286 30.414909753435627, 122.44394880843815 30.42111573204657, 122.44447471998507 30.422558385131676, 122.44560118323015 30.42371739919849, 122.44802244735958 30.424556279838633, 122.45416582770342 30.424517119242093, 122.45585240762124 30.424216507527134, 122.45757582750122 30.42311491431017, 122.4585797040611 30.42108108099054, 122.45869450894175 30.4151525077483, 122.45804388946063 30.413427017903665, 122.45678594660195 30.41223480995976))"
288,32.17514988659794,118.87078463917526,3,33500.0,duration_weighted_berth_medoid,"POLYGON ((118.86521490057736 32.168724542784595, 118.86261226244284 32.169144231708245, 118.86030897741749 32.171026399246344, 118.85980949022637 32.17320859740762, 118.86010520343649 32.17490911153366, 118.8609143528881 32.17619234143848, 118.86262177835083 32.17728515968766, 118.8655357135444 32.17753431631723, 118.86968678230457 32.17939020622068, 118.87146653658571 32.17936631870056, 118.87390772423143 32.1786214089305, 118.87512066932202 32.17756196858216, 118.87576578443608 32.17619145861964, 118.87574592287108 32.17471625271273, 118.87488541725456 32.17262121181249, 118.87328155209845 32.17139840314751, 118.86932322956453 32.17016504445471, 118.86771187672225 32.169137194302216, 118.86521490057736 32.168724542784595))"
289,32.19267077083334,119.63613235416666,2,64292.61666666667,duration_weighted_berth_medoid,"POLYGON ((119.6337200045324 32.18767827900049, 119.63096983597485 32.18843626669149, 119.62900582099653 32.190494827392016, 119.6290656755075 32.19428292723264, 119.63033981519327 32.196199494534696, 119.63222704858403 32.197114557356514, 119.63688918519065 32.197207191024525, 119.63973632056744 32.198192821060005, 119.64261604368652 32.19778966101416, 119.6441212492365 32.196983548793696, 119.64513778852253 32.19574569756756, 119.64550577543963 32.194270789498695, 119.64498989472087 32.191998833016044, 119.6440301578094 32.190765153160314, 119.6390891949636 32.18789609616434, 119.6337200045324 32.18767827900049))"
290,32.18710767647059,119.90557529411764,2,61035.49999999999,duration_weighted_berth_medoid,"POLYGON ((119.90052060439149 32.18783851665637, 119.90011697821923 32.18942738247364, 119.90046152425683 32.19086309798502, 119.90148214132546 32.192365088885566, 119.90320201158835 32.19345847251099, 119.90489137475616 32.19376173829082, 119.90659108420694 32.19350316716192, 119.90843457294366 32.19265128282899, 119.9097789762534 32.191177297385096, 119.91039694988852 32.1865359060032, 119.90930469171519 32.184380764352426, 119.9072653242323 32.18307570581939, 119.90471491127401 32.18292392649971, 119.90197383812713 32.184033766510254, 119.90056525280038 32.18587149413201, 119.90052060439149 32.18783851665637))"
291,37.71350094871794,121.06430634615386,2,45902.78333333334,duration_weighted_berth_medoid,"POLYGON ((121.06400930952557 37.70958586914207, 121.06116811412447 37.71039300951838, 121.05984665400385 37.711506268235176, 121.05917704247206 37.71275125518286, 121.05954402819488 37.715071022828305, 121.06070836610688 37.716449963822484, 121.06217626897111 37.71726675713679, 121.06393124992066 37.71756373201168, 121.07610424831134 37.71759463241205, 121.07800734522534 37.71694037779702, 121.07982765679748 37.715284940749825, 121.08024847531742 37.71392717040901, 121.07997460916899 37.712546049588035, 121.07891645625448 37.71095280860072, 121.07712904654953 37.70985556957012, 121.07534885882791 37.7095676723104, 121.06400930952557 37.70958586914207))"
292,32.32010663934426,119.8144658032787,4,61974.23333333334,duration_weighted_berth_medoid,"POLYGON ((119.80888626703094 32.31779269243277, 119.8068701861936 32.31821067187717, 119.80547913577644 32.31915367065595, 119.80426099670103 32.32151063256554, 119.8040931927431 32.32302650305541, 119.80488572909013 32.32480005579922, 119.80619732837428 32.32584380329838, 119.81018419024645 32.32657258964529, 119.81298322013946 32.3252183456646, 119.81514614627363 32.32482908165944, 119.817392393944 32.3235514026687, 119.81858335862064 32.32253877849489, 119.8192638486604 32.32114362917531, 119.82151263822621 32.32098018865862, 119.82305822833116 32.32028204717229, 119.82450697306253 32.31844974241167, 119.82467903351811 32.316028965663484, 119.82417682253804 32.314620011641, 119.82272820932202 32.3132560448159, 119.82112478333812 32.312682415372116, 119.8186219986523 32.31250774397363, 119.8158858370972 32.31356496923364, 119.81452069203897 32.31588488027437, 119.81286143697854 32.31608840049958, 119.80888626703094 32.31779269243277))"
293,32.18531519411764,119.58358420588236,4,172392.81666666668,duration_weighted_berth_medoid,"POLYGON ((119.58152784947886 32.181356926618605, 119.57948383067657 32.181210420633086, 119.5778087298101 32.181725136112306, 119.5765019685246 32.182750656253305, 119.57551883830901 32.184458200981105, 119.57529980346972 32.185962938722476, 119.57579305662784 32.18742042349376, 119.578076609984 32.18918414584627, 119.58015894583022 32.1896547937518, 119.58434344144256 32.18947788934116, 119.58694750089411 32.188376113591985, 119.58953635110299 32.189606596002264, 119.5937855551792 32.18936007228289, 119.59618418269349 32.18848735573639, 119.59746131941483 32.18698646484254, 119.59777851354114 32.18552585967446, 119.59741025599476 32.18407383875116, 119.59603450075868 32.182292809758415, 119.59450876869008 32.1814833780538, 119.58968442213134 32.18131129762239, 119.58721890436229 32.182357550822246, 119.5842446184311 32.18106088773156, 119.58152784947886 32.181356926618605))"
294,29.930881512820513,121.88174946153846,5,163502.16666666663,duration_weighted_berth_medoid,"POLYGON ((121.87936767013544 29.926328942970628, 121.87691065460392 29.92696938460624, 121.87525905157665 29.928671034697512, 121.87454164992133 29.931972017484483, 121.87553959110008 29.934108663075666, 121.87777155678052 29.935639279851, 121.8803920587019 29.935918112841854, 121.88128149974837 29.937824179962373, 121.8834609444839 29.939201034199243, 121.88794659177965 29.939183256023416, 121.88991108719888 29.93842256061125, 121.89140161202215 29.936607294715905, 121.89150711388722 29.934307801985085, 121.89331342938883 29.93312367141184, 121.89439267727073 29.931271910144503, 121.89452183588011 29.929766422748855, 121.89374762226161 29.92800987277448, 121.8918668342365 29.926613127873527, 121.88988071083128 29.926013232821177, 121.8860182036869 29.92637692759189, 121.88342838727215 29.92584539434565, 121.87936767013544 29.926328942970628))"
295,32.2042733,119.66449370000001,4,55629.55,duration_weighted_berth_medoid,"POLYGON ((119.65917561395672 32.20584272356086, 119.66248928744841 32.20967861001364, 119.66397199876766 32.2104644995631, 119.66579756853673 32.21073565065485, 119.6659693671938 32.21321736440328, 119.66757336600016 32.21489546385151, 119.66937279898123 32.21567933573283, 119.67152376614922 32.21580792473, 119.67314040919811 32.21528403134954, 119.67463944354022 32.213972600240936, 119.67555714138268 32.21193577588487, 119.67516577020221 32.209781156187084, 119.67380016250904 32.20836914045798, 119.67180206423457 32.20747035172456, 119.67192023954166 32.20449759981536, 119.67114323578038 32.202831210253564, 119.6674371394659 32.20029454834162, 119.66529857942258 32.19966118135233, 119.66227263605617 32.198021586025185, 119.66007794337904 32.19804555362518, 119.65849659923248 32.19870387795487, 119.65713481803262 32.20016047779371, 119.65641885271556 32.20257085243823, 119.65730287131097 32.2046125774719, 119.65917561395672 32.20584272356086))"
296,32.20020312765958,119.63222579787234,1,7044.166666666667,duration_weighted_berth_medoid,"POLYGON ((119.63629609581845 32.198186503979436, 119.63494757492018 32.196770117173585, 119.63297574441401 32.1960461320405, 119.6312507056907 32.19608342508376, 119.62891763682323 32.19688371886592, 119.62770064623228 32.197965095996054, 119.62706986688619 32.19935971899877, 119.62712266540554 32.200852305957895, 119.62800614146191 32.202851225435595, 119.6292414307617 32.20385823526332, 119.63125971236576 32.20445175506195, 119.63514642539958 32.203655510974414, 119.63640112695646 32.20256592752695, 119.63705031268644 32.20114724164891, 119.63698996812526 32.19962674986245, 119.63629609581845 32.198186503979436))"
297,38.96512752941176,117.80211970588236,1,29197.449999999997,duration_weighted_berth_medoid,"POLYGON ((117.80634050543617 38.963280688327686, 117.80530074692601 38.962131202577396, 117.80332795071988 38.96128912134802, 117.80152251811303 38.9612241628622, 117.79911018214705 38.96185489256577, 117.79782721428312 38.96277995037758, 117.79709615514962 38.96401596532101, 117.79702794056831 38.96537536539635, 117.79773820314048 38.967236493571285, 117.79924179594295 38.96841560945935, 117.80084772294086 38.968882213211465, 117.8048026713403 38.96838284653414, 117.80612778144614 38.96749837293846, 117.80691884118501 38.96628779010896, 117.80705625491359 38.964934107483245, 117.80634050543617 38.963280688327686))"
298,40.74590769565218,120.97488804347827,1,43730.033333333326,duration_weighted_berth_medoid,"POLYGON ((120.97801947601452 40.74175883534069, 120.97493480892857 40.74087765833001, 120.96950479053542 40.74095763694321, 120.96705323870593 40.74178685717651, 120.9659678230098 40.74287975686025, 120.9655380040883 40.74420814086976, 120.96546830074564 40.747345291905276, 120.96634222501908 40.748877335531276, 120.9676757318183 40.74975785707698, 120.96935461069029 40.75018001285478, 120.9755776576511 40.75029037322756, 120.97795619903513 40.74961386310395, 120.97959802875359 40.74775768839157, 120.97993890348103 40.7444674203949, 120.979314622493 40.74285296572202, 120.97801947601452 40.74175883534069))"
299,26.800694085287844,119.70720728997868,3,30226.916666666668,duration_weighted_berth_medoid,"POLYGON ((119.70229328749926 26.8010529459066, 119.70042308997762 26.803886467855587, 119.70043926543778 26.805442110265293, 119.7011177251027 26.806875105883872, 119.70285557556305 26.80833158016351, 119.70448637694058 26.808924533199043, 119.70624725759765 26.808912347510535, 119.70786756114083 26.808296895916023, 119.70972194399529 26.806281594858213, 119.71022523630809 26.804369718549022, 119.7116098215982 26.802788479952238, 119.71227782491472 26.800627774631632, 119.71383385240118 26.798812065378563, 119.7143653750783 26.795908166804036, 119.71353874563934 26.79372519092416, 119.71190086528841 26.792467356132235, 119.70965573300701 26.79184866781211, 119.70784964790322 26.79189793892718, 119.70621146195927 26.79257854156582, 119.7042628380754 26.79464937078256, 119.70399635622552 26.797452221981246, 119.70264134245464 26.79936414506431, 119.70229328749926 26.8010529459066))"
300,31.35589480208333,121.616341875,2,33862.0,duration_weighted_berth_medoid,"POLYGON ((121.61143752629091 31.35550429423722, 121.61169695995932 31.357558796797385, 121.61332431048642 31.35930387877497, 121.61623847683553 31.36011443505027, 121.61840382540876 31.359864847828394, 121.61987470345434 31.359048351071074, 121.62102071072106 31.35745975794962, 121.62094333976817 31.352148401739676, 121.61998304704495 31.35089294164762, 121.61811803611671 31.349917522122464, 121.61637209273788 31.349757607364527, 121.61379566717108 31.350236397514305, 121.61230668772296 31.351087573840957, 121.61132579488643 31.35236807661123, 121.61100908446646 31.35387411849209, 121.61143752629091 31.35550429423722))"
301,25.61731517307692,119.70344366346154,2,14489.349999999999,duration_weighted_berth_medoid,"POLYGON ((119.69949141373651 25.614305755026813, 119.69721190913901 25.61549169584892, 119.6958395475115 25.617692676650012, 119.69561146981165 25.619639917522438, 119.6966975336289 25.621764430145014, 119.6988057712337 25.62303471859499, 119.70089827441856 25.623445798201097, 119.70689662820494 25.62115715108141, 119.70789992376531 25.619830820218475, 119.70825284229664 25.618257180787975, 119.70805943652387 25.615853110193463, 119.70693729002105 25.614164921825463, 119.70506510168725 25.613153049227485, 119.70280899758494 25.612978648672588, 119.70108584907116 25.61328855933794, 119.69949141373651 25.614305755026813))"
302,22.926044217821783,116.23964364356436,1,14837.05,duration_weighted_berth_medoid,"POLYGON ((116.24370188666842 22.921806917080236, 116.24218302057784 22.920971944395486, 116.2404319107257 22.920741851385834, 116.23721163831463 22.920993767479832, 116.23525475244297 22.922003797853893, 116.2342290822428 22.923367815029092, 116.23386782116481 22.92499329435597, 116.23395412554635 22.927836300111846, 116.23518337344031 22.929954354851656, 116.23748313449529 22.93108646511313, 116.24100313071656 22.9311659491938, 116.24275674985263 22.930837646389953, 116.24423201762085 22.929904845027796, 116.24533526306355 22.928121679740865, 116.245621589847 22.925106992054523, 116.24499856766604 22.92313937343119, 116.24370188666842 22.921806917080236))"
303,30.841962916666663,121.79633758333334,1,13121.050000000001,duration_weighted_berth_medoid,"POLYGON ((121.80145449169963 30.83835289007668, 121.79841213980073 30.837353916165615, 121.79461406437372 30.837392742235863, 121.79249969401687 30.838080162751986, 121.79104320250386 30.839564884841213, 121.79035282315913 30.841708216117965, 121.79043342167671 30.84318309445755, 121.79115365063535 30.844523846159493, 121.79240793079484 30.84553393806399, 121.79401239569899 30.84606531172522, 121.7986541404877 30.846380946397442, 121.80113712377108 30.84568884698898, 121.80257189266159 30.844273810975125, 121.80336491882882 30.841837385642588, 121.80296519320733 30.83994565673004, 121.80145449169963 30.83835289007668))"
304,23.505639093023255,116.38317406976745,1,19859.716666666667,duration_weighted_berth_medoid,"POLYGON ((116.38682567382968 23.50277517965593, 116.38549193403583 23.501659277628644, 116.38333406453808 23.501081029672402, 116.3815549700132 23.501362787688684, 116.37954533111798 23.502627681555115, 116.3784028675514 23.504338334342883, 116.37821572370552 23.505939787118137, 116.37987659295003 23.509006847056003, 116.38127662984233 23.509898411104267, 116.38336664917544 23.510242138486774, 116.38501730782953 23.509852300032126, 116.38664139867282 23.508825972121688, 116.38768935158748 23.507544230490772, 116.38812477103357 23.505992791453433, 116.38788178783261 23.504406347765624, 116.38682567382968 23.50277517965593))"
305,31.341093941176467,121.70855576470588,3,1170.4666666666667,duration_weighted_berth_medoid,"POLYGON ((121.70409646289396 31.339338278090423, 121.7037401974101 31.34241691012224, 121.70484596375742 31.34441745529809, 121.7074900383131 31.345639374260873, 121.71097662952124 31.345468114649865, 121.71475872395963 31.342257261378382, 121.71532110316114 31.339402245342445, 121.71680390944569 31.338745459252983, 121.717934486363 31.337620193402337, 121.71878284520766 31.335619500408853, 121.71832720941913 31.333414703199335, 121.71723564850893 31.332233513015872, 121.71515260476403 31.331237618328966, 121.71346490851592 31.33105398095611, 121.7118183249786 31.331419684768147, 121.70993227318873 31.332863544574423, 121.70883173612363 31.335528287224385, 121.70724470591486 31.335812795784623, 121.705790890799 31.33663834403968, 121.70409646289396 31.339338278090423))"
306,34.735646333333335,119.48000533333334,1,20583.316666666666,duration_weighted_berth_medoid,"POLYGON ((119.48402490675367 34.73220138403278, 119.48093966653695 34.73124558933951, 119.47661823677457 34.73136915361686, 119.47467932533083 34.732141488893916, 119.47358695097283 34.73324377332031, 119.47308248112157 34.734603561297995, 119.47295101447999 34.737135753179224, 119.47382516059211 34.73872878854374, 119.47511193904977 34.73965058846504, 119.47672434625629 34.740111248361174, 119.48144722901675 34.74029594179334, 119.4839051033731 34.73956868864007, 119.48545477716165 34.737840472473245, 119.48594247426811 34.73543716834824, 119.48551279986236 34.733685811071936, 119.48402490675367 34.73220138403278))"
307,29.113647955555557,121.60761424444445,1,28075.083333333332,duration_weighted_berth_medoid,"POLYGON ((121.61065035925057 29.109907157160162, 121.60878494062848 29.109111723777758, 121.60580862047203 29.109112284220394, 121.60411630856422 29.10949750190521, 121.6027206535184 29.110418182114152, 121.60170859262006 29.112103262216763, 121.60152655375762 29.114533574154642, 121.60197112501923 29.116026904907073, 121.60304034599842 29.117255023065333, 121.60499617013387 29.11813432249721, 121.60839374282058 29.118280944650667, 121.61009186421917 29.11787709421905, 121.61148201033603 29.116934224554186, 121.6124687294934 29.115224337477116, 121.61271895324435 29.112945934718717, 121.61199372060503 29.11109956097319, 121.61065035925057 29.109907157160162))"
308,29.949074519480522,121.8277853961039,2,164011.5833333333,duration_weighted_berth_medoid,"POLYGON ((121.82535034939755 29.944227643482474, 121.82270008474009 29.94497737644206, 121.82082180357845 29.94684605329662, 121.82042415036638 29.948759273526505, 121.82105339398605 29.95210818243601, 121.8221294670379 29.953303680095377, 121.82407509696785 29.9541543836245, 121.82928501765007 29.954327354641933, 121.83103304312812 29.953892642499344, 121.83285467484663 29.95260602818054, 121.83479060816092 29.95004606448447, 121.83539099523576 29.948025551021228, 121.83488134088243 29.94612627033612, 121.83337245583724 29.944679555082892, 121.8310676189327 29.943718128324253, 121.82535034939755 29.944227643482474))"
309,29.496170886792452,121.51018411320754,5,178646.44999999998,duration_weighted_berth_medoid,"POLYGON ((121.4979914582981 29.496121304524404, 121.49680046982405 29.499356205345862, 121.49709302792296 29.501281436863707, 121.49938381088114 29.503430334409565, 121.50194780869545 29.50408160315597, 121.50370064030291 29.503741755639076, 121.50516040469698 29.50283144766498, 121.50655435019345 29.49997209236072, 121.51213802595295 29.50086977353054, 121.51468704841896 29.500424938552783, 121.51674196155078 29.498836232402073, 121.5174994062528 29.496665935444984, 121.51661803858264 29.494247972631875, 121.51485727245654 29.492680525915716, 121.50701833792769 29.49140501040508, 121.50624285751174 29.48985634387974, 121.5049810912208 29.488839943844486, 121.50157397030333 29.488178368686, 121.49858269688507 29.48893057459227, 121.49661181345837 29.491098787894735, 121.49666326364029 29.494219754894026, 121.4979914582981 29.496121304524404))"
310,37.64936280434783,120.30299867391305,3,30351.716666666667,duration_weighted_berth_medoid,"POLYGON ((120.29760076215754 37.651670835340745, 120.29794838035383 37.654408187241394, 120.30001126489478 37.656187742150394, 120.30342461516383 37.656762909660124, 120.3051038826842 37.656338881481545, 120.30644774953984 37.65543592338022, 120.30724926211838 37.65419307546898, 120.30793592867927 37.65123205640522, 120.3083030050245 37.64686127961546, 120.30762730576014 37.6445455553018, 120.30632357042722 37.643130604695706, 120.3047585910401 37.64246539742596, 120.3029903247534 37.642332573933956, 120.30046559071059 37.64303321155508, 120.29910383344262 37.643947133884346, 120.298299186726 37.64520885369808, 120.29769300027516 37.64799716987681, 120.29760076215754 37.651670835340745))"
311,39.01155860810811,121.74990567567568,2,14906.900000000001,duration_weighted_berth_medoid,"POLYGON ((121.74451778590354 39.01297792890121, 121.74667435702743 39.016384352305614, 121.74922202476706 39.01752885445735, 121.75347442126102 39.017086708205056, 121.75509660991109 39.01594769696267, 121.75576953551719 39.01468786842835, 121.75576804723013 39.01261359780066, 121.75423022151057 39.00948724772802, 121.75313303407486 39.00842762703527, 121.75117209392187 39.007687699836936, 121.74800451307543 39.00776921250568, 121.74569444316707 39.00870195457894, 121.7444382623469 39.0104737578164, 121.74451778590354 39.01297792890121))"
312,29.997607016806725,122.04387009523809,1,55641.96666666667,duration_weighted_berth_medoid,"POLYGON ((122.04676099734534 29.994052715994343, 122.04525487462165 29.993347757410532, 122.04355359498712 29.993182085462887, 122.04102808888324 29.993515951675537, 122.03928109536768 29.994561969499795, 122.03828430321647 29.996186180565324, 122.0380862650157 29.99822002565265, 122.03850731032989 29.999713497393767, 122.03956358406937 30.000949043796737, 122.04151837770301 30.00184315945006, 122.04445224128351 30.001999751714756, 122.04610257844223 30.001638447333246, 122.04747914333437 30.00077124565128, 122.04851977719343 29.99917112406856, 122.04881624503459 29.996943579515754, 122.04807506552822 29.995196662393706, 122.04676099734534 29.994052715994343))"
313,29.970490863636368,121.87341968181818,1,4453.266666666667,duration_weighted_berth_medoid,"POLYGON ((121.87716067591664 29.966900457721003, 121.87556126126621 29.966170935422813, 121.87375940533035 29.966046691468026, 121.87114824384555 29.966499619983882, 121.86941672512714 29.967687103604412, 121.86854777718857 29.969445925893215, 121.86859980841146 29.971858569263194, 121.86917690294906 29.973287938278727, 121.87034018414501 29.974418204302772, 121.87234378731507 29.9751561524992, 121.87526556342985 29.975114502284843, 121.87690359251889 29.974629264259512, 121.87820810225803 29.97364342035155, 121.87908166190356 29.97193563546415, 121.87921393055167 29.969776835971455, 121.87847101718302 29.96803994083695, 121.87716067591664 29.966900457721003))"
314,30.375922000000003,120.91235536363637,1,8980.433333333332,duration_weighted_berth_medoid,"POLYGON ((120.91514862894996 30.371799985100132, 120.91347125151772 30.371134298404176, 120.91162519578614 30.371107038093346, 120.90908431337377 30.371915679948092, 120.90762742611274 30.373272081755246, 120.90706501178254 30.37505650644762, 120.90746187434911 30.37739656639991, 120.90820981049512 30.37871737312271, 120.90947418570818 30.379702787413553, 120.91149864997529 30.380253221984372, 120.91386592042593 30.379959189430945, 120.91543106102073 30.37937123722894, 120.91662885454154 30.378321915313176, 120.917353112043 30.376597005513833, 120.91732486779507 30.374508345169858, 120.91648126118986 30.37284552057832, 120.91514862894996 30.371799985100132))"
315,30.4128510625,122.41332825,1,1171.8833333333332,duration_weighted_berth_medoid,"POLYGON ((122.41730909837442 30.41051267117323, 122.41576668586414 30.40911398931807, 122.41408280205336 30.408571933284954, 122.41185496952075 30.40875695652676, 122.41013476924294 30.409664236057765, 122.40896482559187 30.410808609694183, 122.40836316937119 30.412636400321947, 122.40866141573721 30.41414017543625, 122.40973065887633 30.415838093099687, 122.41110554773921 30.416838452026276, 122.41327746239408 30.417311128029443, 122.41503814625906 30.416993174797543, 122.4167525129962 30.416033689558425, 122.41783482323753 30.414848816146666, 122.41831028441803 30.41339725827419, 122.41730909837442 30.41051267117323))"
316,30.46198612195122,120.94011217073171,1,5224.9,duration_weighted_berth_medoid,"POLYGON ((120.94399593097103 30.459490774109995, 120.94279723170067 30.458364584052152, 120.94074773427447 30.45765615778217, 120.93855427162508 30.457875217283608, 120.93687194624911 30.45878836713833, 120.93550504868472 30.460314634109746, 120.9351403553646 30.461830775989103, 120.93549406923111 30.46334882572036, 120.93659696369798 30.46496984417365, 120.93839233010137 30.46608170919692, 120.94014025863895 30.466348799060466, 120.94187172667328 30.466011328954824, 120.94356022395353 30.465042051952796, 120.94463864271702 30.46382363973219, 120.9450840909351 30.462339992517602, 120.94399593097103 30.459490774109995))"
317,30.22994509677419,122.21759464516128,1,4745.666666666667,duration_weighted_berth_medoid,"POLYGON ((122.22175101639513 30.227740545749676, 122.22030318897981 30.226345312860747, 122.21826749492723 30.22569890536021, 122.21653277261386 30.225829234815713, 122.21437238682012 30.226792774480792, 122.21324876404768 30.22793185236147, 122.21267485074627 30.229728898571416, 122.21391487940855 30.23289499793038, 122.21565671951659 30.23406944025216, 122.21738990368645 30.234397009550808, 122.22102532677104 30.233283061353962, 122.22215493635967 30.23211620748423, 122.22267861822638 30.230663828824397, 122.22175101639513 30.227740545749676))"
318,30.239856857142858,122.11113428571427,1,404.9833333333333,duration_weighted_berth_medoid,"POLYGON ((122.11539049653999 30.23770229687934, 122.1142305262436 30.236130809321352, 122.11235626419241 30.235207836394846, 122.11063001910715 30.23508599610146, 122.10809770115966 30.235779448038826, 122.10676119401185 30.236746325460153, 122.10584763578719 30.238447975157353, 122.10655977518445 30.242075987511793, 122.108072861211 30.243479608700476, 122.10973411599288 30.244038627511284, 122.11378994639514 30.243368338649386, 122.11510846970315 30.24237225954817, 122.11588573852566 30.241016231928114, 122.11600355262286 30.23950645851013, 122.11539049653999 30.23770229687934))"
319,29.03835780952381,121.62620666666668,1,11036.383333333335,duration_weighted_berth_medoid,"POLYGON ((121.62993700352736 29.034885728881054, 121.62727508493208 29.03388066087406, 121.62410777296537 29.033924679728003, 121.62201331293178 29.034631949013733, 121.62057206589701 29.03613718544956, 121.61994089800262 29.038112011126888, 121.62001778615705 29.0396053880691, 121.62072744755477 29.04096541886762, 121.62234004637494 29.04218191608068, 121.62398280360257 29.042596494541595, 121.62755539257799 29.042803828556774, 121.62992201487656 29.041947614230107, 121.63121645327882 29.04045387589612, 121.63185785060206 29.038246515147375, 121.63140689048117 29.0364322310396, 121.62993700352736 29.034885728881054))"
320,29.890096391304347,121.96981910869565,2,34726.566666666666,duration_weighted_berth_medoid,"POLYGON ((121.96982581341852 29.885784011421887, 121.9671828806268 29.88642612564827, 121.96574641891031 29.88751783644507, 121.96492052631204 29.888856004072025, 121.96514665558362 29.891771399454296, 121.96695414452584 29.893885563191972, 121.96901671740771 29.894522242755237, 121.97307790892273 29.89404538781687, 121.97581025916878 29.894545172811842, 121.9792578121594 29.89405424561162, 121.98123080975901 29.89265635096929, 121.98190734429281 29.891293081502628, 121.98194643467524 29.88980935688913, 121.98129488594861 29.88794823635157, 121.97986012683167 29.886501652197207, 121.97780503347327 29.885819542690825, 121.9751513132978 29.885773793667756, 121.97321879738658 29.886299888125535, 121.96982581341852 29.885784011421887))"
321,25.42022140277778,119.27728116666668,2,4277.766666666666,duration_weighted_berth_medoid,"POLYGON ((119.27242748780019 25.41725901824901, 119.27015566709075 25.41857774777177, 119.26877644263838 25.42109519614358, 119.26904281524905 25.42346547065238, 119.27037492622433 25.425056113736645, 119.27270413475047 25.426059752145967, 119.27445785952882 25.426188509666275, 119.27698229269022 25.425135410546915, 119.27907697694592 25.424884680248272, 119.28084066491459 25.423793199989337, 119.28184580972602 25.42208892200306, 119.28216566600067 25.419855692048042, 119.2817798945438 25.41835741268014, 119.28048298532337 25.41684083282612, 119.27856005367917 25.41603109685187, 119.27543003156286 25.415806186639596, 119.27369694875749 25.416298755840394, 119.27242748780019 25.41725901824901))"
322,22.93650675,116.31320662499999,4,5401.5666666666675,duration_weighted_berth_medoid,"POLYGON ((116.30839271664372 22.937718692223818, 116.30664962724586 22.93825271842266, 116.30531372724653 22.939351535723677, 116.30428785479666 22.94104055165179, 116.30407570788097 22.943049866124614, 116.30467400358685 22.944574285600005, 116.30586250202586 22.945769908525264, 116.30808204418423 22.946783868122093, 116.30987653106152 22.94683459668406, 116.3115492413733 22.946234081287905, 116.31283292814148 22.94507825797599, 116.31387205392028 22.942965121407244, 116.31383119427403 22.941196725262596, 116.31560474478628 22.940669738017906, 116.3170607522254 22.939422280065894, 116.31874085260203 22.93874312364005, 116.32047868956522 22.936408256613994, 116.32029604236168 22.932784437887534, 116.31857250668632 22.93074942606935, 116.31870076652038 22.927358110041627, 116.31793050698413 22.92588291005295, 116.31659927638786 22.924798356135955, 116.3123219846174 22.924150548664883, 116.3106804802515 22.924729301668695, 116.30916904791653 22.92618778289663, 116.30834475808814 22.930167510586582, 116.30896093590903 22.93166215011904, 116.31021125790086 22.9328686911704, 116.30852574353497 22.935381350690747, 116.30839271664372 22.937718692223818))"
323,23.22153091111111,116.77657593333333,2,3748.2166666666667,duration_weighted_berth_medoid,"POLYGON ((116.77261035195296 23.224330544233954, 116.7725521657229 23.227106839417168, 116.77410824508019 23.229087740581335, 116.77712322869434 23.230234118362073, 116.77884036221681 23.230020701235077, 116.78034180377738 23.2292258605881, 116.78158070382604 23.22760181064713, 116.78223426098755 23.225175322541673, 116.78115184378015 23.222586681684884, 116.78139853511654 23.21987917814431, 116.78039548265325 23.21808487667462, 116.77723754973175 23.21636978366187, 116.77508336135158 23.216522112032127, 116.77357290343329 23.217305886050486, 116.77231826822016 23.218922376394584, 116.77161417328276 23.22140753983004, 116.77183385461618 23.223044354409666, 116.77261035195296 23.224330544233954))"
324,25.151150615384616,119.26459584615385,1,6703.333333333334,duration_weighted_berth_medoid,"POLYGON ((119.2686649259162 25.146630163002126, 119.26667253087642 25.145781949168974, 119.2634527553752 25.14591040802595, 119.26173089246653 25.146405673911147, 119.26036390274719 25.147475018881416, 119.25948264880236 25.149348699735395, 119.25960806082618 25.15267734891243, 119.26020834094327 25.1541727130544, 119.26139665024961 25.15534504028112, 119.2634252905874 25.156089737341418, 119.26688902569657 25.15596716055527, 119.26854130707606 25.15541468575495, 119.2698318236028 25.1543295684104, 119.2706417779123 25.152484178473017, 119.27068221065974 25.14940909304633, 119.27001768576767 25.147878591322062, 119.2686649259162 25.146630163002126))"
325,23.39754166666667,117.01858433333332,1,1023.2333333333333,duration_weighted_berth_medoid,"POLYGON ((117.02187267591587 23.393314888338892, 117.02033217059478 23.39255807725003, 117.01859357764413 23.392398055203167, 117.01609778915639 23.392909398849604, 117.01433105646632 23.394115116727153, 117.01340086314016 23.39594653842191, 117.01353203521329 23.398719051675098, 117.01406916489768 23.40027168766538, 117.01521972986674 23.401512107273803, 117.01723987234638 23.402335687619374, 117.0199968827211 23.402191265298285, 117.02169671057865 23.401656348353683, 117.02303202175378 23.400552726635176, 117.02387141352865 23.398649049439378, 117.02388953843385 23.39613019018277, 117.02322485499202 23.3945798467501, 117.02187267591587 23.393314888338892))"
326,31.796706590909093,121.01560107575757,2,3675.8,duration_weighted_berth_medoid,"POLYGON ((121.01360043660895 31.800461188511314, 121.01456023880402 31.802071604153884, 121.0158978464396 31.802975427185682, 121.01817217041653 31.803442142666842, 121.01992546391499 31.8032927946321, 121.02147623536376 31.802581731874064, 121.02258581323753 31.80141837942295, 121.0230834279211 31.79998177007344, 121.02295529138794 31.797900532930758, 121.02210695511768 31.79658959361176, 121.02033827307046 31.79550458136514, 121.01857886902917 31.793465411775042, 121.01639954157247 31.792565678638276, 121.01417071153128 31.792665255336168, 121.01153734993129 31.794431702860255, 121.01058929569504 31.796559822454167, 121.01123434273059 31.798768300689304, 121.01360043660895 31.800461188511314))"
327,31.68258451428572,121.83614242857142,1,1226.3666666666666,duration_weighted_berth_medoid,"POLYGON ((121.83939339454425 31.679564856287264, 121.83793899355777 31.678699084114065, 121.83575785904563 31.678394035027416, 121.8340543571382 31.67881815443926, 121.83223182368606 31.680145470406853, 121.83140502413376 31.681438793591784, 121.83127112669688 31.683269131765186, 121.8319030515643 31.684639685742663, 121.83321201785172 31.6858844018394, 121.83476023770132 31.68662295947221, 121.83696618413245 31.686742208605967, 121.8386117905138 31.68617630500083, 121.84004982710815 31.685042201528294, 121.84087662666012 31.68374892854434, 121.84106763159312 31.68228564142605, 121.84059450147255 31.680869453233612, 121.83939339454425 31.679564856287264))"
328,31.713587166666667,121.7280955,3,8331.333333333334,duration_weighted_berth_medoid,"POLYGON ((121.72296755121235 31.710647835494253, 121.7213272632269 31.710393442648332, 121.71956053063245 31.710716827469486, 121.71808661700148 31.711606387347658, 121.71693660750468 31.713093695734923, 121.71663271904856 31.715700050822974, 121.71837322732634 31.717860480757153, 121.72063798748634 31.718727710203176, 121.72235250282208 31.71878013781913, 121.72466184602739 31.717842887709317, 121.72625742616121 31.718125201286284, 121.73061361116558 31.71777099930255, 121.73309780745919 31.716235993809573, 121.73378134188019 31.714839019200575, 121.73377379471758 31.713325855000047, 121.73308653039159 31.711284998500588, 121.73142747540227 31.709817436961696, 121.73203254112032 31.708533110598623, 121.73203787485953 31.706426633562003, 121.73140752057479 31.705085261210762, 121.73023690088303 31.70403881114737, 121.72649389389393 31.703220730740647, 121.72480012572166 31.703583823797523, 121.72339723285845 31.70446915258972, 121.72192189265323 31.707565863473718, 121.72296755121235 31.710647835494253))"
329,30.69023240909091,122.4043406590909,6,7592.283333333334,duration_weighted_berth_medoid,"POLYGON ((122.39858845882645 30.688495708878264, 122.39829711578362 30.69129247681024, 122.39970325691151 30.693550982598797, 122.40201268754355 30.694513854157634, 122.40588481776578 30.69437292890778, 122.4074005534103 30.695598541759157, 122.40903508735518 30.696074058416322, 122.41279469197562 30.695881100618568, 122.41501657914911 30.69472263820768, 122.41769676124149 30.69439633357822, 122.4196785817821 30.69318892568785, 122.42078174962313 30.691138820211595, 122.42067372108366 30.68962328766152, 122.41979455813363 30.688086147387267, 122.41739802701551 30.686459432822197, 122.41281340586919 30.685916392776598, 122.41017530495853 30.687113932426787, 122.40832143773068 30.687321754962607, 122.40795953263998 30.686932891957916, 122.40847144231387 30.68389737080894, 122.4078780039558 30.682064705855954, 122.40633934602762 30.680697886912196, 122.4038783215218 30.680062133897305, 122.40210559174056 30.680129495088433, 122.40050153511322 30.68078204369399, 122.3975327254803 30.683823245169084, 122.39714233818079 30.686361470198904, 122.39858845882645 30.688495708878264))"
330,31.690442948717948,121.79765505128205,2,3262.916666666667,duration_weighted_berth_medoid,"POLYGON ((121.79983288377801 31.686534465604783, 121.79824852035664 31.6860383889806, 121.79656085554659 31.686075059761226, 121.79500831011514 31.686639296771965, 121.79334529530598 31.687989674437983, 121.79267408327915 31.689360429614055, 121.79259807736582 31.691934374518844, 121.79308487370007 31.693342508171167, 121.79415952481632 31.694490657307394, 121.79637573208697 31.695550894566626, 121.798076091923 31.69573674858579, 121.8001134954286 31.695192376273166, 121.80213523121881 31.69342601027524, 121.80382710359929 31.694689357309123, 121.80592278357918 31.69526929500071, 121.80809041815834 31.69493129733849, 121.80952296744091 31.694047465539345, 121.81067924792313 31.692645550230733, 121.81111221783569 31.69116286844752, 121.81082808063891 31.689654329073758, 121.80954415369861 31.688096779471458, 121.80794384264394 31.68715220973442, 121.80577251056101 31.686848127983268, 121.8036920264769 31.687458173112905, 121.8022990823654 31.688619819133237, 121.79983288377801 31.686534465604783))"
331,31.670681899999998,121.8013748,1,467.9666666666667,duration_weighted_berth_medoid,"POLYGON ((121.80518828305999 31.667344591431892, 121.80353156123806 31.666614089302726, 121.80096067406713 31.666525868437017, 121.7993008466816 31.666866033407473, 121.79791007177151 31.667708808442185, 121.79698928749467 31.668932418566285, 121.79648720132737 31.67091020624146, 121.79682886654628 31.672347357134772, 121.79778109225788 31.67356930081502, 121.7996095419506 31.674525456852965, 121.80246357435938 31.674863581395233, 121.8041756859454 31.67460532986462, 121.80564425275433 31.67381302270109, 121.80687798417453 31.672171015633513, 121.80725641571964 31.670299931744328, 121.80653045194903 31.668504639136078, 121.80518828305999 31.667344591431892))"
332,31.68740014285714,121.82547057142858,2,17190.683333333334,duration_weighted_berth_medoid,"POLYGON ((121.82493911716496 31.682761273166896, 121.82311204785968 31.683181580106428, 121.82151136091004 31.68437114165937, 121.82037778914548 31.686783976248638, 121.82032337017752 31.688285114622293, 121.8209528533318 31.689688177506014, 121.822169040445 31.690776527574148, 121.82475093915015 31.691651347921752, 121.82651170474364 31.691681610967297, 121.82815079640633 31.69113350379931, 121.83110948425862 31.689157020905977, 121.83225311899051 31.6874277595164, 121.83239552137559 31.68554384560649, 121.83146090448571 31.683831703876113, 121.82918107563275 31.682364503098114, 121.82697480471155 31.68210819521815, 121.82493911716496 31.682761273166896))"
333,23.5099231,117.10322670000001,1,419.95,duration_weighted_berth_medoid,"POLYGON ((117.1068553007373 23.5070581631488, 117.10523711480265 23.505802442698425, 117.10317112436599 23.505367127835495, 117.10150438698304 23.505681659280715, 117.09953907875325 23.50687271554102, 117.09857127898296 23.508152787193985, 117.09819620336874 23.51006245752702, 117.09967993742681 23.513103665101095, 117.10144844087826 23.51421690999855, 117.10314642767429 23.514480295460842, 117.10658408336381 23.51317137158029, 117.10768084117178 23.511888197700546, 117.10814871024728 23.510315316699785, 117.10791438070235 23.50869917591009, 117.1068553007373 23.5070581631488))"
334,25.416726936170214,119.68895672340425,1,1719.1,duration_weighted_berth_medoid,"POLYGON ((119.69163235235342 25.41240094041249, 119.68997887515822 25.41170900385006, 119.68815714438016 25.41166735544243, 119.6857968508153 25.412233052663744, 119.68414851793727 25.413546077258573, 119.6833871960778 25.415408256463085, 119.6835659082104 25.417827798206016, 119.68422532204453 25.41929454510477, 119.68545605660778 25.42042166161081, 119.68750630854706 25.42109865006544, 119.69016343207923 25.420938665590363, 119.69174497867185 25.4203729209294, 119.69298016388906 25.419316550215463, 119.69377406173876 25.417541979337795, 119.69383030177535 25.415357038618314, 119.69299543017966 25.413532211192038, 119.69163235235342 25.41240094041249))"
335,31.715536066666665,121.21563792121214,1,7324.383333333333,duration_weighted_berth_medoid,"POLYGON ((121.22029870732564 31.713538739256276, 121.2190836818472 31.711945046630575, 121.21711669582304 31.711045995419912, 121.21532505878902 31.710983673596044, 121.21278348091646 31.711710499493854, 121.21126362492254 31.713043127869724, 121.21069821834641 31.714454192921472, 121.21151973505056 31.717931688743338, 121.21272032164492 31.719022090039022, 121.21475539897529 31.7197042510771, 121.2187849848664 31.719015834594703, 121.2200492248438 31.7180296140824, 121.2207866384965 31.716712147809083, 121.22088967183815 31.71525558263264, 121.22029870732564 31.713538739256276))"
336,31.75669012,121.16711996,1,938.9166666666667,duration_weighted_berth_medoid,"POLYGON ((121.17101817330507 31.754149520491016, 121.16976355914434 31.753071530673928, 121.16767022058438 31.752440109686056, 121.16589717262316 31.752604865618515, 121.16376620704449 31.753615452275046, 121.16266818735252 31.75481438718038, 121.16220687081751 31.756282458991674, 121.16245528701128 31.75778725497752, 121.16363508974285 31.759595292538908, 121.16539087195297 31.76062454027328, 121.16707757647217 31.76087390785753, 121.17056611730241 31.759735624027925, 121.1716591912269 31.758591322210357, 121.17216110130569 31.757180239521297, 121.17199706147585 31.755712624364506, 121.17101817330507 31.754149520491016))"
337,35.60982792753624,119.79948389855072,2,5608.883333333333,duration_weighted_berth_medoid,"POLYGON ((119.79463831341765 35.609334371215844, 119.79454747008545 35.61085380136517, 119.79540832195258 35.61247386187578, 119.7972832755379 35.61374519680959, 119.7989856646607 35.61421023892989, 119.80120353566205 35.61397688201075, 119.80270420027271 35.61317482084375, 119.80441334214974 35.61010014874442, 119.80421924248077 35.60867116260079, 119.80336173142342 35.60741381499977, 119.80185959709041 35.606379987829996, 119.80009474226894 35.60584233266608, 119.80003694971548 35.604188886248714, 119.798970786831 35.602626640075144, 119.79753416188063 35.60179379773579, 119.79513759797693 35.601282894553165, 119.7934386481392 35.60150438142956, 119.79196678212513 35.6022290029843, 119.7909380007402 35.603350407179185, 119.79010773226165 35.605366595033416, 119.79032461790922 35.60674714703666, 119.79116103358247 35.607961444319436, 119.79249549073577 35.60883312243071, 119.79463831341765 35.609334371215844))"
338,38.98039204347826,121.73718952173913,1,1060.55,duration_weighted_berth_medoid,"POLYGON ((121.74121218168615 38.97817342552734, 121.73978745094047 38.97687836559001, 121.73774394781758 38.97626172195803, 121.73556839200356 38.97647038432444, 121.73390112822298 38.977294153548556, 121.73278943055016 38.978287367436714, 121.7321874942683 38.979859324090064, 121.73241949460675 38.98116343137264, 121.73369104338002 38.98303458566338, 121.73508300228654 38.9838685014103, 121.73722201373164 38.98422914594289, 121.73893335817851 38.98391846473657, 121.74061118270555 38.98304231467594, 121.74208246613887 38.98092267638608, 121.74197737148471 38.97952934799161, 121.74121218168615 38.97817342552734))"
339,38.99674866216216,121.6591177635135,2,63078.916666666664,duration_weighted_berth_medoid,"POLYGON ((121.65464310786093 38.99456328685814, 121.65226240710699 38.99495903057919, 121.65044401242115 38.9961189921319, 121.64951032457216 38.99768493903144, 121.64948881472493 38.999983636136264, 121.65001902679403 39.00127511295631, 121.6514976710423 39.00251217896874, 121.65569730156605 39.00324952056766, 121.65807121742384 39.00248436260215, 121.65956089947522 39.00070324502248, 121.66123244722195 39.000402998458455, 121.66269120973094 38.999589319045256, 121.66362328463997 38.99839657826829, 121.66400387174576 38.996351129218255, 121.66307354605367 38.99441542139382, 121.66046363077217 38.99313715959751, 121.65716477291 38.993100563837736, 121.65464310786093 38.99456328685814))"
340,22.57360578125,113.61670246875,1,1080.95,duration_weighted_berth_medoid,"POLYGON ((113.62101827326872 22.571123669953483, 113.61976492856297 22.569525522233835, 113.61785367555893 22.56864303240262, 113.61571710413176 22.568675956244217, 113.61357588971539 22.569697099528476, 113.61242331514642 22.570867709267443, 113.61178020524774 22.57274688198463, 113.61292272294719 22.57637440121919, 113.6145228626075 22.577682643086405, 113.61616582825513 22.578139171686924, 113.61787431319219 22.577993560882124, 113.6197418680069 22.5771668787306, 113.6210038994784 22.576031025861926, 113.62169549980881 22.57453424259873, 113.62171019394101 22.572906958026124, 113.62101827326872 22.571123669953483))"
341,35.37482034782609,119.53504078260869,1,1066.9333333333334,duration_weighted_berth_medoid,"POLYGON ((119.538315628949 35.3715124162312, 119.53668980594539 35.37089310470546, 119.53489641670443 35.37084219843296, 119.53224784346573 35.37157315897301, 119.53074541445415 35.37283575745092, 119.53013833013448 35.3745239099056, 119.53051335151288 35.37687423546916, 119.53123505955092 35.37813228429182, 119.5324794009607 35.3790807360454, 119.53449197983605 35.379629052066676, 119.53695676141089 35.37936920530424, 119.53855371970599 35.37882475559698, 119.53977957615335 35.37782834523164, 119.54052023291653 35.37617737414386, 119.54049085544968 35.37406752143705, 119.53964695639607 35.37249917196742, 119.538315628949 35.3715124162312))"
342,23.5040403,117.11018616666667,1,1422.6166666666668,duration_weighted_berth_medoid,"POLYGON ((117.11442740265495 23.50183116621585, 117.11300680978883 23.500283342644867, 117.1109539612632 23.499542480866577, 117.10918708653959 23.49965884877797, 117.10700259085755 23.50066670389409, 117.10587702118993 23.501844682273774, 117.10527039415079 23.503714733050735, 117.10643997078097 23.50715930422684, 117.10777617396901 23.508264740004577, 117.10947832901016 23.50880045746578, 117.11127318432496 23.50868046350484, 117.1135907586936 23.507679948339277, 117.11471965578102 23.50647814263936, 117.11526957588511 23.50497423312566, 117.11442740265495 23.50183116621585))"
343,39.50842333898305,121.32265015254237,2,49518.46666666666,duration_weighted_berth_medoid,"POLYGON ((121.31666117966994 39.506338756111205, 121.31738831002374 39.510611764072195, 121.3194728175033 39.512375170893066, 121.32119605780115 39.51275594856912, 121.32530557569828 39.51263517022566, 121.32691568720807 39.512084881692886, 121.3283450146707 39.510801471746106, 121.32881621739354 39.509148868247955, 121.3283455157958 39.50621114532675, 121.32398855760762 39.50257086167866, 121.32184888128035 39.50213481385055, 121.31871053732156 39.502723184796174, 121.31704385997115 39.50419136456624, 121.31666117966994 39.506338756111205))"
344,23.76940052898551,117.58026695652174,2,18701.383333333335,duration_weighted_berth_medoid,"POLYGON ((117.57526694744774 23.766742955967615, 117.57542649977897 23.7715143930255, 117.57727848862973 23.773771918921902, 117.57916084597488 23.774596513334824, 117.58131900155963 23.77467376511478, 117.58291748491848 23.774058805220037, 117.58449450578603 23.77254510675822, 117.58526092391088 23.770382534294942, 117.58486803649032 23.76443196667624, 117.58424788161727 23.762913436098593, 117.58303446681644 23.761732412873442, 117.58008762602331 23.76098506700811, 117.57743085857375 23.761893867739623, 117.57577471908397 23.763628502984098, 117.57526694744774 23.766742955967615))"
345,21.436359319148934,111.29019259574467,2,22492.816666666666,duration_weighted_berth_medoid,"POLYGON ((111.28400112354615 21.436962139642052, 111.28468929501656 21.439160032276565, 111.28672880361242 21.440786682590886, 111.28849789758532 21.441124626245358, 111.292443099457 21.44080638670366, 111.29390027172089 21.439900113360512, 111.29502241822362 21.43815746725557, 111.29485721278306 21.432993340486608, 111.29349793560962 21.43134184219865, 111.28976908067374 21.4295993860589, 111.28802660925828 21.42927194071216, 111.28559080163319 21.429593233500274, 111.28383337600191 21.430814315163726, 111.28290651913906 21.432664403944244, 111.28285807646668 21.434940194094494, 111.28400112354615 21.436962139642052))"
346,30.580525169014084,121.06848728169014,2,78548.5,duration_weighted_berth_medoid,"POLYGON ((121.06748684685124 30.57592573252839, 121.06475435871423 30.576698289951555, 121.06277812900194 30.578824444067074, 121.0628283605666 30.58236608927351, 121.06387653263107 30.584355477938963, 121.066009762923 30.58553836899142, 121.07028734623393 30.585693980821542, 121.07227892974382 30.58630472700313, 121.07488341221745 30.585954739442126, 121.07642176435843 30.585278789649546, 121.07755008396464 30.584153061734106, 121.07813759794806 30.582371381607363, 121.07766338881054 30.580237804012466, 121.07678440949914 30.578980506236846, 121.07318385920478 30.57626467319342, 121.06748684685124 30.57592573252839))"
347,32.18770563636363,119.28436445454545,1,15680.883333333331,duration_weighted_berth_medoid,"POLYGON ((119.2879096583664 32.18438427002163, 119.28646201970164 32.18363890716558, 119.28479111555718 32.18340050188683, 119.2815583869052 32.18354064811374, 119.27955945454418 32.184419119747346, 119.27831572407608 32.18600838176736, 119.2778891262937 32.188325889476076, 119.27816090021915 32.18975832380128, 119.27904701092605 32.19100024027299, 119.28122563036047 32.19212440529217, 119.28480199039863 32.19239908201755, 119.28651785651786 32.19221480475262, 119.28802421674145 32.191495480119954, 119.28927797463535 32.19001277694661, 119.28983108159953 32.187472465554734, 119.28921886707836 32.18562669823972, 119.2879096583664 32.18438427002163))"
348,31.95672761111111,120.32907005555555,1,24611.950000000004,duration_weighted_berth_medoid,"POLYGON ((120.33383307836648 31.952916091121224, 120.332384865252 31.952168657641984, 120.33071330979757 31.951929853622566, 120.32654406147951 31.952085971019944, 120.3245788324674 31.952930961645485, 120.32332358757624 31.95446720966425, 120.32292261523858 31.957290700825116, 120.3231690139472 31.958788530585437, 120.32408268957192 31.96008707528924, 120.32551974238676 31.960981832211807, 120.32725384315563 31.96133189437, 120.33180714501336 31.96138701355163, 120.3338363426115 31.960628205359082, 120.33534705586221 31.958782153797454, 120.33575486545676 31.95613604200526, 120.33529340864925 31.954400313421537, 120.33383307836648 31.952916091121224))"
349,30.0271126,121.99004880000001,4,126528.09999999998,duration_weighted_berth_medoid,"POLYGON ((121.98014207107079 30.036634224708543, 121.97866577868177 30.037376230217454, 121.97761232816777 30.038548418907432, 121.97682520665683 30.04173809873989, 121.97812240154508 30.044066667797345, 121.98081966878806 30.045176360218424, 121.98332589668881 30.045233343218317, 121.9849601178003 30.04465148243562, 121.98676666588338 30.042541134950767, 121.98904145434045 30.041182227065747, 121.98992350629 30.039301269983188, 121.99186943822454 30.039107152860836, 121.99371428894672 30.038045847988624, 121.99462236292096 30.03672183809601, 121.99501644931303 30.034813234325508, 121.99438816614476 30.03223924219717, 121.99569290353756 30.031159811629642, 121.99646015955231 30.029389289231332, 121.99648061753746 30.02468651507324, 121.99501820687453 30.022447299711878, 121.9926918229053 30.02152316184455, 121.98818896610975 30.021350878759655, 121.9864029775066 30.021772960895362, 121.98487429681863 30.022832091064743, 121.98362876084585 30.024897970746885, 121.98369170294343 30.029367380893255, 121.98444120944245 30.03108903509703, 121.98570069109188 30.032152818365198, 121.98495593502544 30.034107844114896, 121.9820938773211 30.034614862307215, 121.98014207107079 30.036634224708543))"
350,32.16597241428572,118.85172852142857,1,4360.016666666666,duration_weighted_berth_medoid,"POLYGON ((118.85655341538587 32.16432275076229, 118.8553798355704 32.16280906479851, 118.85392258280585 32.1620403412649, 118.8522310724286 32.16179067816699, 118.84966612118106 32.16218664697184, 118.84823763993339 32.163015484547934, 118.84728576402192 32.16424020887619, 118.84688977951978 32.16623614518118, 118.84725902687163 32.16773024956645, 118.84829270791532 32.168980991366944, 118.84982421323113 32.1697867885744, 118.85281664710224 32.17007102377969, 118.85451626657438 32.169713684982696, 118.85592525892613 32.16883332352701, 118.85682942729983 32.16756376055728, 118.85709131883826 32.16609798507763, 118.85655341538587 32.16432275076229))"
351,31.893867342105267,120.92035518421052,1,31435.85,duration_weighted_berth_medoid,"POLYGON ((120.92461217944097 31.891875405522043, 120.92331117854454 31.89038860773739, 120.92133858192982 31.889597609654032, 120.91915971833977 31.889689023730003, 120.91728458590634 31.890478812587023, 120.91602742758418 31.8915596876344, 120.91530971930077 31.89335051341245, 120.91648548102172 31.896754406932782, 120.91816044224235 31.89796104208523, 120.9198654476485 31.89834451589308, 120.92352984215961 31.897332983071784, 120.92470147997453 31.896276125445073, 120.92532314062781 31.89492412525309, 120.92461217944097 31.891875405522043))"
352,32.22910287179487,119.89398971794871,2,31412.83333333333,duration_weighted_berth_medoid,"POLYGON ((119.89026416493397 32.22465550385696, 119.88895832504004 32.226981909400614, 119.88866046979756 32.23035301899881, 119.8893949702009 32.23208561595653, 119.89100598990544 32.23332284863656, 119.89372762917405 32.23395276146384, 119.89549789936584 32.23395358605188, 119.89713104986915 32.233375733698615, 119.89878441620446 32.23164167657757, 119.89927137087335 32.228725873716684, 119.90017176594097 32.2270054107411, 119.89997298503884 32.22447052537285, 119.89928947351132 32.22313412047405, 119.89689051573373 32.221647432167245, 119.89382384794092 32.22169815508718, 119.89152422471565 32.222710809431526, 119.89026416493397 32.22465550385696))"
353,31.365571208333336,121.59904589583334,3,18718.65,duration_weighted_berth_medoid,"POLYGON ((121.59494309303636 31.362856617162393, 121.59274352992 31.364854803329315, 121.59238464388939 31.367655931172212, 121.59399435045317 31.369870273049447, 121.59671174045063 31.37074434895381, 121.59924252240229 31.370496549445953, 121.60218041173117 31.368895903361125, 121.60321058020804 31.36785849127121, 121.60549586698167 31.3671431321432, 121.60667402201643 31.36606166568419, 121.60728614793938 31.36468020962789, 121.60737717627148 31.36281825056658, 121.60683183919272 31.361407387123005, 121.6056994879085 31.360279337304274, 121.60372385732516 31.3595186910526, 121.60036095756084 31.359727256241168, 121.59832496984716 31.361257517569353, 121.59626621423617 31.36180577534636, 121.59494309303636 31.362856617162393))"
354,29.980752499999998,122.04940108333334,2,99138.5,duration_weighted_berth_medoid,"POLYGON ((122.04368485920698 29.976235427968177, 122.0406562682496 29.976856216295086, 122.0385634468838 29.978895119919546, 122.03837454409869 29.982074671819653, 122.03985052733658 29.98431725965861, 122.04219002807382 29.985233487910897, 122.04573773564994 29.9851478628988, 122.0470615936492 29.98594645220508, 122.04880142012917 29.986290445138007, 122.05265607980364 29.98620468720963, 122.05485822195523 29.984997530744383, 122.05584015514395 29.98331031805073, 122.05600133323952 29.98006113929954, 122.05556363361649 29.978637632790786, 122.05454631885956 29.977457110504396, 122.0522703860277 29.97649651305443, 122.04867730270942 29.976332382952098, 122.04682783975548 29.976924128433794, 122.04368485920698 29.976235427968177))"
355,29.974855701030926,121.77517920618557,1,13138.633333333333,duration_weighted_berth_medoid,"POLYGON ((121.77906792591678 29.971103816810057, 121.77716487152536 29.970307956506737, 121.77449187818598 29.970319198282873, 121.7728328301367 29.97070959202748, 121.77146460848807 29.97161131062207, 121.7704621393157 29.97325058523125, 121.77026878866701 29.97537629352697, 121.77069714062715 29.976866323740314, 121.77175765327526 29.978096733304408, 121.77371320145693 29.978984078270862, 121.776776085703 29.979137088079455, 121.77844145118209 29.978763462900694, 121.7798225177933 29.977874950545008, 121.78084688476359 29.976244537248782, 121.78111625880453 29.97394445560063, 121.78036953850358 29.972232125638318, 121.77906792591678 29.971103816810057))"
356,32.070227392473114,119.93580593548388,1,6527.966666666667,duration_weighted_berth_medoid,"POLYGON ((119.94001606087592 32.06832561175488, 119.93880145397284 32.066815633914246, 119.93689636756737 32.065959391954486, 119.93516737516052 32.06588418158216, 119.93274050169585 32.06660386543625, 119.93144366913538 32.06757678226692, 119.93058448660399 32.06925372762423, 119.93135950245106 32.07269609836355, 119.93290334382282 32.074045633449245, 119.93457534929874 32.074565784100024, 119.93854311779556 32.07385568378482, 119.93984438777258 32.07284688088892, 119.94058696103058 32.0714912829377, 119.94065634191884 32.069997896218126, 119.94001606087592 32.06832561175488))"
357,40.07561988,120.12160028,1,49669.96666666667,duration_weighted_berth_medoid,"POLYGON ((120.1276867741454 40.07153469539384, 120.12493299541511 40.070543194890256, 120.11661515085741 40.07057281113052, 120.11491743152072 40.07097990329835, 120.11329968411852 40.07213836395593, 120.11265635473637 40.07340766688244, 120.11235004210951 40.076711344231555, 120.11297131949071 40.07835576153917, 120.11417528332743 40.079376004107495, 120.11624999996518 40.08001620459089, 120.12499735628212 40.08022349221461, 120.12712786556732 40.07967802119059, 120.12899005367242 40.07776918416912, 120.12943521992193 40.07460100201883, 120.12909954504686 40.07297508862792, 120.1276867741454 40.07153469539384))"
358,32.187412411764704,119.32083652941176,1,12171.516666666665,duration_weighted_berth_medoid,"POLYGON ((119.32534973336679 32.183967699838455, 119.3222601308275 32.18298344878122, 119.31925825017676 32.183103232139175, 119.31724814055201 32.18397571912083, 119.31616560306503 32.18520792208739, 119.31554154817469 32.18718045728252, 119.31566436661883 32.18869334615672, 119.316476235018 32.1900451924713, 119.31784794426864 32.19102086080471, 119.31956118642474 32.19146508706304, 119.32295022801767 32.19166978441382, 119.32535182557706 32.19082765653524, 119.3266508171112 32.18935036430426, 119.32727148710056 32.18718153660884, 119.32681053013823 32.185448978977824, 119.32534973336679 32.183967699838455))"
359,31.99360574,120.6758674,6,51066.283333333326,duration_weighted_berth_medoid,"POLYGON ((120.66506024969253 31.988543266985854, 120.66218285429356 31.989405818760964, 120.66087902645259 31.990594197792845, 120.66020815094934 31.992008503370602, 120.66024482823381 31.99353263141398, 120.66104405499877 31.99518169542155, 120.66216688000569 31.99628501254595, 120.66369607565699 31.996949963164695, 120.66828542949601 31.996825276428403, 120.67017412436905 31.996276236307384, 120.67154837511245 31.99731659302074, 120.67320359483077 31.99781677955021, 120.67894253786329 31.997411603735554, 120.68055006687733 31.99803827469832, 120.68635354394388 31.99855445901739, 120.68927124244233 31.997449818419156, 120.69080722783764 31.995650056728522, 120.69104124870064 31.994170026291517, 120.69058645180726 31.992727398646363, 120.68910540747837 31.99109647351633, 120.68756567896651 31.990352513068174, 120.68468844808467 31.99037390937017, 120.68180032794676 31.989704906514845, 120.6796032313017 31.990128274456875, 120.67693040508094 31.989402294022366, 120.67321400364175 31.989496804188608, 120.67119082162887 31.990178918817197, 120.66887933834475 31.98873609157249, 120.66506024969253 31.988543266985854))"
360,29.94833299009901,121.95039116831684,1,19233.199999999997,duration_weighted_berth_medoid,"POLYGON ((121.95441882112758 29.94599529981114, 121.95329713126004 29.944869051326844, 121.95134976670211 29.944103065326555, 121.94963295212311 29.944112813192863, 121.94733579404071 29.94494203366182, 121.94607251863441 29.946059942390225, 121.94541938023723 29.94751856629959, 121.94548193153835 29.949082170150728, 121.94649049677311 29.95109378777251, 121.9478337829302 29.95213173851043, 121.94953952153108 29.95262941831523, 121.95133381419039 29.95250692067072, 121.95376858200231 29.951576238228334, 121.95490683245173 29.95037411060899, 121.95541107184549 29.94888181038159, 121.95441882112758 29.94599529981114))"
361,28.087135305555556,121.13892891666667,1,9237.35,duration_weighted_berth_medoid,"POLYGON ((121.14218240487801 28.08323523942017, 121.14075323794454 28.082464352183106, 121.13868300660327 28.082231668952407, 121.13560309071462 28.08260644366861, 121.1334120185956 28.08396361249354, 121.13248535458419 28.086179516065453, 121.13271428520811 28.09022094921212, 121.13332439057413 28.091697672205072, 121.13453728112587 28.092848952864816, 121.13660361761296 28.093561762749918, 121.14034450270881 28.0933685550699, 121.1419840197405 28.092803773097963, 121.14325164630736 28.091726558746668, 121.1440246515062 28.089916942419205, 121.14409055869307 28.086215549449594, 121.14343932576074 28.08445343419242, 121.14218240487801 28.08323523942017))"
362,31.690947974683546,121.14967175949367,1,7797.383333333333,duration_weighted_berth_medoid,"POLYGON ((121.1543329525891 31.689302382437695, 121.15312741222581 31.68768941141925, 121.15158880586189 31.68688782171012, 121.14980364978032 31.68666604582779, 121.14706360535104 31.68718613933248, 121.14566525344266 31.688091749357266, 121.14478226254528 31.689384572949187, 121.14454979104868 31.690866707671887, 121.14505523344552 31.6931170299749, 121.14643916823499 31.694527884635377, 121.14800928028436 31.69515395378615, 121.15229703715913 31.694859659468882, 121.1536945161883 31.693997215846412, 121.1547408560229 31.69239872004908, 121.15486687993692 31.69093369193833, 121.1543329525891 31.689302382437695))"
363,32.186272055555555,118.89089843055555,3,32157.249999999996,duration_weighted_berth_medoid,"POLYGON ((118.8826483636592 32.181264225019035, 118.87999764540533 32.18189016755843, 118.8785475415811 32.18296949550709, 118.87771725595472 32.18431116347858, 118.87799636593887 32.18714834538842, 118.87982544971703 32.18914782488816, 118.881863130628 32.189739918039564, 118.88538171185569 32.18941481583675, 118.8871641680546 32.19010826618463, 118.89109218896907 32.190452005632494, 118.89342500314429 32.189757305551886, 118.89509342854005 32.18852281840623, 118.89579243663101 32.187137790227474, 118.895801018146 32.185631708125264, 118.89476674568975 32.183688321220146, 118.89351082639443 32.18263656437369, 118.889038567756 32.181689302053904, 118.88641377899101 32.182007593821695, 118.88489258267147 32.1814157401384, 118.8826483636592 32.181264225019035))"
364,32.26753078181818,119.42860763636364,1,3386.2166666666662,duration_weighted_berth_medoid,"POLYGON ((119.43280403915843 32.265534862584246, 119.43147481087168 32.26408712718386, 119.42949855218727 32.263334334114695, 119.42775853359414 32.263356994883026, 119.42540046636145 32.26414499538134, 119.42417552018902 32.26521287339204, 119.42352963848735 32.26659667935235, 119.42356191940956 32.268084085685956, 119.42443157693337 32.27013452382413, 119.42566263513618 32.27115564907324, 119.42768692265186 32.271763357469894, 119.43158934537918 32.27098546201876, 119.43284467522649 32.269916093256654, 119.43350942654921 32.26851812774817, 119.43347896933949 32.26701159180178, 119.43280403915843 32.265534862584246))"
365,32.204840875,119.24702625,2,58515.066666666666,duration_weighted_berth_medoid,"POLYGON ((119.24536966115511 32.20086226733516, 119.24369754006035 32.20174108905997, 119.24249588665101 32.203269801981484, 119.24197180226655 32.20469904236469, 119.24214040098482 32.20618865944607, 119.24297554410795 32.207507713045544, 119.24434775524365 32.20845171497666, 119.24686726252844 32.20907979697714, 119.24862005651833 32.2089177865413, 119.25209842163673 32.20708892057765, 119.25324090711595 32.20602894127829, 119.25396153833596 32.204074412382106, 119.25379369103304 32.20222554785291, 119.2526119729101 32.20066391134526, 119.2502650807042 32.19968222104341, 119.24772459853472 32.19963373088095, 119.24536966115511 32.20086226733516))"
366,40.792323912087916,121.02088763736263,1,5139.916666666667,duration_weighted_berth_medoid,"POLYGON ((121.02532706656108 40.790464751202066, 121.02392350351475 40.789171948275474, 121.02231414067793 40.78860528929491, 121.02054050745916 40.788554873907025, 121.0181399437881 40.78917576602572, 121.01685595921029 40.79008936567207, 121.01613495510574 40.79130659637591, 121.01608789023041 40.792640121750374, 121.01681276081364 40.7943887501376, 121.01796208867594 40.795337673073504, 121.01991323962062 40.79596247388933, 121.02387039497768 40.79546246203306, 121.02520352092844 40.794578421109314, 121.02598117190131 40.79337278568211, 121.02608227869713 40.792033244282294, 121.02532706656108 40.790464751202066))"
367,31.7717326,120.95961565,1,5961.933333333334,duration_weighted_berth_medoid,"POLYGON ((120.96404879970122 31.77002673830121, 120.96278816269034 31.7684434787288, 120.96122110160107 31.767680191877552, 120.95942709809508 31.767503371165517, 120.95688527090945 31.768058261513012, 120.95553200275067 31.76897503794396, 120.95468679704695 31.77025870096559, 120.95453735456155 31.77246109798504, 120.9549921517967 31.773883499653863, 120.95638743392378 31.775284846313024, 120.9579624668215 31.77590111233293, 120.96210013757786 31.77558231529376, 120.9637775355151 31.774405227753594, 120.96452219370336 31.773062370973243, 120.96460814968162 31.77157955074082, 120.96404879970122 31.77002673830121))"
368,32.017293,120.76776528571429,1,6939.15,duration_weighted_berth_medoid,"POLYGON ((120.77197699542658 32.01514770215353, 120.77062159881503 32.01375787893741, 120.76866406103586 32.01305261166685, 120.76695735830785 32.01309383947898, 120.7646212522414 32.01389888044282, 120.7634004013427 32.014992515516575, 120.76277490160987 32.01640187086472, 120.76284254373721 32.01790659873239, 120.7637345763907 32.019868598516965, 120.76534073660521 32.021046585064894, 120.76697745451243 32.021450959509664, 120.77078946778833 32.02069061983888, 120.77202177000972 32.01967477436144, 120.77271384617839 32.018340861577045, 120.77276435695336 32.016884194534136, 120.77197699542658 32.01514770215353))"
369,21.712546719298246,108.5915267368421,1,12924.833333333334,duration_weighted_berth_medoid,"POLYGON ((108.59527745532891 21.707800817604607, 108.59327801774982 21.706928981370144, 108.59009907647368 21.70706322513978, 108.58838037799202 21.707574710207172, 108.58701710720753 21.708673421789662, 108.5861396539018 21.710595523085207, 108.58626640094388 21.713976193076697, 108.58686837371121 21.71551081886455, 108.58805830032311 21.716713197835464, 108.59008835049976 21.717475562111144, 108.59350652607712 21.71734833206567, 108.59515622823774 21.7167806544549, 108.59644469422788 21.71566785411128, 108.59725401870385 21.71377627475574, 108.59729510372665 21.710654957131865, 108.59663071671476 21.7090828658789, 108.59527745532891 21.707800817604607))"
370,29.891522657894736,122.06927778947367,1,41930.600000000006,duration_weighted_berth_medoid,"POLYGON ((122.07226207107718 29.887594057515397, 122.07016319542926 29.886764861395445, 122.06733492014978 29.886778827628156, 122.06566854743767 29.88711955760416, 122.06427028813289 29.88797614515781, 122.06320281251651 29.88957691659768, 122.06289847522996 29.891855559807652, 122.0632707570947 29.893377596535554, 122.06430064294709 29.894651763695126, 122.06625426455147 29.89559253754609, 122.06985564934816 29.895822876267978, 122.07154830966267 29.89546653278228, 122.07295731131777 29.89457870578854, 122.07400359244075 29.892931005017264, 122.07431062535996 29.890438626746086, 122.07356406327757 29.888723796091817, 122.07226207107718 29.887594057515397))"
371,26.887351413043476,119.6505098657289,3,90790.48333333334,duration_weighted_berth_medoid,"POLYGON ((119.65243030814327 26.883336297040767, 119.65034956259022 26.88290823879824, 119.64863974776961 26.883233448994854, 119.64719865705031 26.884116261198685, 119.64583784266655 26.88598901643977, 119.64552730060043 26.8875728905339, 119.64594004125756 26.889138070249054, 119.64700957278947 26.890432413370437, 119.6487312869282 26.891407479145993, 119.65043667865972 26.89177443899605, 119.65257565467051 26.89137678995553, 119.65397462931847 26.89043270329172, 119.65513845537303 26.888714543550233, 119.6578576314991 26.890325278822104, 119.6607512655041 26.890419206611718, 119.66272442833048 26.889586874936604, 119.66383621916988 26.888378620209618, 119.66436657883503 26.88649019435524, 119.6640400780325 26.88422892167886, 119.66166640772178 26.881165947345526, 119.66035173352918 26.88019550409334, 119.6578214716618 26.879481484682657, 119.65562848509782 26.87975565214906, 119.65340512069184 26.88125710809781, 119.65243030814327 26.883336297040767))"
372,27.183089764705883,120.3864038235294,1,15885.416666666668,duration_weighted_berth_medoid,"POLYGON ((120.39000640836586 27.178686658382563, 120.3881003482892 27.177775589834145, 120.38636579203495 27.17769036589476, 120.38338898234676 27.178241794817904, 120.38167522149197 27.179496877702434, 120.38084639651986 27.181328741018728, 120.38105351151228 27.18497368387948, 120.38169395157747 27.186456062329675, 120.38293297315117 27.187599405766246, 120.38501867250527 27.188284182469832, 120.38824962061506 27.18806702720491, 120.3898511426182 27.18748613226287, 120.39108717035295 27.18641000386089, 120.39184649869779 27.18461665145247, 120.3918646429739 27.1813356089699, 120.39126793403054 27.179921640340627, 120.39000640836586 27.178686658382563))"
373,22.448311166666667,113.02989738888888,1,914.3833333333333,duration_weighted_berth_medoid,"POLYGON ((113.0325730178387 22.44456169876703, 113.03094844384327 22.443860006228494, 113.02844618880299 22.443823544302212, 113.02678797100643 22.444226847365663, 113.02541410037328 22.44517507945719, 113.02452479773451 22.446530040829717, 113.02412606036236 22.448807948142242, 113.02451695845025 22.450369406948337, 113.02551874127865 22.451677617118843, 113.0273955526231 22.45266572679475, 113.03022650657682 22.452935566622866, 113.03194347930985 22.452589696696204, 113.0333854559431 22.45166146143429, 113.03447180708476 22.449905500467057, 113.03478164085607 22.447657913263857, 113.03395342078794 22.445741039175243, 113.0325730178387 22.44456169876703))"
374,22.977694156862743,113.54390403921569,3,19806.383333333335,duration_weighted_berth_medoid,"POLYGON ((113.53905444806124 22.978416659764047, 113.53748708463465 22.979738168153887, 113.5367449184904 22.98111566525149, 113.53661437345522 22.98406709194347, 113.53715167486885 22.985630334087173, 113.53830669379242 22.986878419525883, 113.53989782197739 22.98761511764537, 113.54231037701194 22.988034835776254, 113.54442057334946 22.98748414617394, 113.54621031497153 22.98572234543117, 113.54694503457057 22.981814412440713, 113.54858466915127 22.980310530518615, 113.5499557647436 22.976655522514147, 113.54989522168228 22.974041371056664, 113.54930310948528 22.97249737850452, 113.54810653957361 22.971285989805402, 113.54649311059025 22.970597137792893, 113.54376400432429 22.97059326260118, 113.54216529939814 22.971130443719026, 113.54089841393498 22.972176669653056, 113.53908321943568 22.975190150226336, 113.53905444806124 22.978416659764047))"
375,37.56784606741573,121.3805953033708,4,20291.81666666667,duration_weighted_berth_medoid,"POLYGON ((121.37755734906037 37.56398651673187, 121.37605014679357 37.5636219363211, 121.3742704238885 37.56374059325239, 121.3726897343171 37.56439962832422, 121.37155800632382 37.56549482696746, 121.37073206533216 37.56724073711294, 121.37074527188312 37.568632854651455, 121.37169732119001 37.570193863262766, 121.37306552433748 37.57106675985148, 121.37587666557496 37.5717079429758, 121.38211326388794 37.57179779769749, 121.38424024364998 37.57136282625018, 121.38591917713393 37.57179500809914, 121.38921012160284 37.571662093033865, 121.3916121206841 37.57093268507711, 121.3929532117174 37.56959787796181, 121.39335660150009 37.56792172925088, 121.39290669883738 37.565927193983356, 121.39197764375913 37.5647239051756, 121.39053192953969 37.563901091497975, 121.38671012685174 37.56354763223787, 121.38405981897898 37.56417434002632, 121.38233141690135 37.56378736509148, 121.37755734906037 37.56398651673187))"
376,37.422442679999996,122.65526674,3,26126.36666666667,duration_weighted_berth_medoid,"POLYGON ((122.65147845851749 37.41977510102199, 122.65033594408054 37.42188389881403, 122.650431256206 37.42360875415556, 122.65153537631905 37.42509599059419, 122.6536337440547 37.42616024750401, 122.66122120144686 37.426417791521466, 122.66327589206058 37.42558675916268, 122.66484437637249 37.42386574038504, 122.66509991857059 37.42220756739568, 122.66418355587479 37.420154636756465, 122.66270147282988 37.41887346186065, 122.66067966903101 37.41830659224448, 122.66085323077888 37.41704102539441, 122.6603660218512 37.415671037228876, 122.6592431147432 37.41456142701614, 122.6574241050873 37.41372507755388, 122.6548357528315 37.41351822772273, 122.65224044344316 37.41474347753202, 122.65079464687219 37.41745933738016, 122.65147845851749 37.41977510102199))"
377,23.56286015957447,117.12199779787234,1,3703.4,duration_weighted_berth_medoid,"POLYGON ((117.12588021998761 23.560378189747468, 117.12469934326154 23.559159282923275, 117.12265622376012 23.558375773449338, 117.12088024343186 23.55846077397179, 117.11862360312855 23.559393894641214, 117.11744548585966 23.560630343773113, 117.11688807146876 23.562190438189266, 117.11778906171709 23.56551473861393, 117.11904679389434 23.566669812341154, 117.12069532809413 23.567286224334207, 117.1224756346837 23.567267127308693, 117.12496099061619 23.566450952834355, 117.12618678597521 23.56527789722065, 117.12682216344395 23.563761542957312, 117.12676821676463 23.56213792647047, 117.12588021998761 23.560378189747468))"
378,22.376016284313728,113.07672269607842,1,11625.416666666666,duration_weighted_berth_medoid,"POLYGON ((113.07961888828227 22.37112786474159, 113.0777217041574 22.37027947069119, 113.07561490097217 22.37032462120266, 113.07339204519052 22.371399376737546, 113.07197854235342 22.37306188296536, 113.0716083239086 22.374725625431683, 113.0718355011012 22.377995578928097, 113.07276098590343 22.37948100137761, 113.07455821325489 22.380785738730978, 113.07621990094658 22.381186928106597, 113.07792295540605 22.380982125712748, 113.08013307804325 22.37982780213453, 113.08120314905791 22.378582404091123, 113.08168848000759 22.377056387228567, 113.08161320795433 22.37385307947923, 113.0809421051854 22.372361878280355, 113.07961888828227 22.37112786474159))"
379,32.12459458208956,121.47545417910447,2,14296.383333333331,duration_weighted_berth_medoid,"POLYGON ((121.47054790930542 32.12482004537052, 121.47116905086467 32.12671923897695, 121.47270751169292 32.1280354948151, 121.47550566784999 32.128735883205316, 121.47761785178483 32.12840053171247, 121.47930432146148 32.12727259535013, 121.4800818310428 32.1259683198735, 121.47958643008309 32.12128315288402, 121.47854609353551 32.120039646421965, 121.47651823809416 32.11897999942842, 121.4747834056166 32.118746827786396, 121.47307564744226 32.11909500463928, 121.47165614703408 32.11997127401291, 121.47032810596548 32.121827176040526, 121.47007523462032 32.123353195237456, 121.47054790930542 32.12482004537052))"
380,22.92399924539877,113.56688511042944,1,12145.533333333333,duration_weighted_berth_medoid,"POLYGON ((113.56956073937894 22.920098153272132, 113.56795564599238 22.919403251527754, 113.56574697410052 22.919419045564943, 113.56350318150974 22.920507245705522, 113.56214193927853 22.92208168282723, 113.5617484573471 22.924061409901842, 113.56242634393709 22.926630708454002, 113.56332754273367 22.92798255335425, 113.56471489558434 22.928922620731637, 113.56638439393173 22.92931268433761, 113.56809054006462 22.929095390545456, 113.57028145283856 22.92793114279063, 113.5713401488605 22.926678314690722, 113.57180854720048 22.92515048468655, 113.57169973211444 22.922817908625085, 113.57095326762033 22.92128876296288, 113.56956073937894 22.920098153272132))"
381,35.208462874172184,119.40204781456954,1,46409.933333333334,duration_weighted_berth_medoid,"POLYGON ((119.40602232851573 35.20519773953986, 119.40341000171206 35.204261894337996, 119.39872832553037 35.20427111891807, 119.39674693769074 35.20482910577671, 119.39552268866537 35.205771799474014, 119.39444771483825 35.207658049710396, 119.39436617041193 35.20908455142507, 119.39495719302319 35.21042846025546, 119.39650742038867 35.211767479469586, 119.39838775899563 35.21244150060037, 119.40354951632035 35.212478425235446, 119.40525387320835 35.212045056044204, 119.40687758630446 35.2108047224925, 119.4079341958987 35.208496968422544, 119.40752920413416 35.20670670243758, 119.40602232851573 35.20519773953986))"
382,22.47037194117647,113.90352676470589,2,16829.833333333336,duration_weighted_berth_medoid,"POLYGON ((113.89777423575427 22.469213967886176, 113.89798110525712 22.473143998235226, 113.89882911343935 22.47451069783456, 113.90016722880723 22.475486904213522, 113.90180266057439 22.475931978390097, 113.9047703325497 22.47586834293086, 113.9064125377134 22.47522761452163, 113.90787930614624 22.473687882384795, 113.9083742213087 22.469287617788574, 113.90675720112094 22.465533740933637, 113.90485178322614 22.46396866268049, 113.90233154957107 22.463613974315706, 113.8990866632992 22.464895416134105, 113.89771419358182 22.466970125534953, 113.89777423575427 22.469213967886176))"
383,28.187202499999998,121.11286832352941,1,4503.283333333333,duration_weighted_berth_medoid,"POLYGON ((121.11558019713152 28.182846077262084, 121.11397963459623 28.182182037391385, 121.11177659058956 28.182193835636276, 121.1096727654979 28.18294201700146, 121.10812143016516 28.18437083232935, 121.10754774753708 28.186282768772635, 121.10803969760607 28.188784180276134, 121.10886360600834 28.190145531048785, 121.1102153750284 28.191125877571857, 121.1123293787047 28.191596138928727, 121.1146278833211 28.191164523397454, 121.11617802802525 28.190437809036197, 121.11729364238462 28.189242826878395, 121.11780425200071 28.18776216733147, 121.11774804754567 28.185572765091234, 121.11690226161629 28.183902023511163, 121.11558019713152 28.182846077262084))"
384,39.60422112765957,122.95752663829786,2,49566.933333333334,duration_weighted_berth_medoid,"POLYGON ((122.95581816873549 39.59989755464289, 122.95310560715997 39.60059034016443, 122.95113584501645 39.60248284908578, 122.95098216802033 39.60446194035844, 122.95231861580385 39.6070114907284, 122.953738590843 39.607832417712515, 122.95546050051938 39.60816534263402, 122.96203097580532 39.607900478822806, 122.9643391457332 39.60707270032122, 122.96569244615088 39.60541121162764, 122.96558246949076 39.603100705553196, 122.96689151746938 39.60209383633178, 122.96754984652678 39.600812413660556, 122.96777057648299 39.59792350502887, 122.96669836651013 39.596070826198535, 122.96446295182989 39.59499934248322, 122.96171293401879 39.59470230305665, 122.96007110891397 39.594980698981736, 122.95741883654522 39.59683768438689, 122.95694711740967 39.59990074933296, 122.95581816873549 39.59989755464289))"
385,36.00009528571429,120.1896842244898,3,11059.166666666666,duration_weighted_berth_medoid,"POLYGON ((120.18393557434285 35.99950047186817, 120.18617995351919 36.003172082894594, 120.18803361085399 36.00399482165698, 120.19015156643943 36.00417025311141, 120.19185721856235 36.003862347753376, 120.1933478290411 36.002995845920225, 120.19540709091301 36.00331974050323, 120.19749294951107 36.002816180119254, 120.19925098732594 36.00126585489841, 120.20004643256394 35.99898976925482, 120.19925600617283 35.99703558261749, 120.1971180081304 35.99559515943367, 120.194566624476 35.99519013824993, 120.19242112275505 35.99584323565739, 120.19088943705191 35.99489252815711, 120.188700286674 35.99456168670335, 120.18627655945483 35.99502620958833, 120.184627773504 35.996146495634406, 120.18381283607714 35.997758855784475, 120.18393557434285 35.99950047186817))"
386,31.347520533333338,121.52914993333334,3,66352.00000000001,duration_weighted_berth_medoid,"POLYGON ((121.52839695480762 31.342926474394535, 121.52530703724423 31.343649573279464, 121.52369781657649 31.345099349352115, 121.523112499625 31.346542592398194, 121.52322749119523 31.34886358248835, 121.5238465827789 31.350261662125817, 121.52504436600991 31.351351510074743, 121.52707206953545 31.352034876256496, 121.53071831362774 31.351991049788264, 121.53262191724454 31.35109138603991, 121.53372407156625 31.349710563427593, 121.53764200571091 31.349727460016325, 121.53925141489917 31.34908010060567, 121.54039385070028 31.348010141486757, 121.54330781578015 31.34778039817795, 121.5454843077185 31.34618335500833, 121.54638170648131 31.344144621401828, 121.54617632164957 31.342691894637632, 121.5453489599113 31.34141052059707, 121.54351199439255 31.340079485981526, 121.54178857883487 31.33966102008741, 121.53959142942193 31.339992454865268, 121.53753878625348 31.34146284454984, 121.53357441577194 31.341568632981076, 121.53133014061778 31.3433366623623, 121.52839695480762 31.342926474394535))"
387,30.742852515625,121.417741609375,1,6434.933333333333,duration_weighted_berth_medoid,"POLYGON ((121.42151443865974 30.740268521314903, 121.42028261325949 30.739219565062275, 121.4182490733598 30.738594027319255, 121.41652260263271 30.738732990788993, 121.41442412516088 30.739740584879208, 121.41309596172069 30.741264330147214, 121.4127522056539 30.74276432816475, 121.41416002717925 30.7457822279199, 121.41592954189015 30.746881174728223, 121.41765287364856 30.7471566091267, 121.42112792421725 30.745947954719718, 121.42222060774307 30.74477705997117, 121.42271107300422 30.743336476411596, 121.42252516920267 30.74184399125204, 121.42151443865974 30.740268521314903))"
388,25.17251498076923,118.97935453846154,1,6557.966666666666,duration_weighted_berth_medoid,"POLYGON ((118.98242292591648 25.16868563804175, 118.98034698331784 25.167823620148738, 118.9785134672004 25.167877722543462, 118.97636748394426 25.168629114617197, 118.97481081510274 25.170044963105827, 118.97418714790204 25.17196090563804, 118.97463416314035 25.17483741343951, 118.9754223490459 25.17628005974784, 118.97676738826168 25.177332805084173, 118.97845844732477 25.17783064433994, 118.98023045453021 25.177695548639942, 118.98246026615827 25.176924549200702, 118.98394601697079 25.175468932441497, 118.98446988057987 25.173950101011553, 118.98442406642826 25.171384152404954, 118.98375452611198 25.169904763287782, 118.98242292591648 25.16868563804175))"
389,22.30802226666667,113.06599299999999,1,2274.35,duration_weighted_berth_medoid,"POLYGON ((113.07032033829904 22.306012905238134, 113.06903164169621 22.304324072864265, 113.0670228430543 22.303418705970262, 113.06522844723784 22.303417330959803, 113.06286302770586 22.304337286695187, 113.06143100639996 22.305789374684814, 113.0609110021012 22.30729216881208, 113.06184534856261 22.310990840538054, 113.06336827521352 22.312380655750204, 113.06498395700773 22.312919122399947, 113.06881588109763 22.312124399009274, 113.07015227658836 22.311019892706053, 113.07091555349248 22.3095199265817, 113.07098421393523 22.307863255753144, 113.07032033829904 22.306012905238134))"
390,22.17771268627451,113.09656403921569,1,1567.2666666666667,duration_weighted_berth_medoid,"POLYGON ((113.10085193503193 22.17530999401518, 113.0994610409155 22.17380231319615, 113.09747440056972 22.173062317067682, 113.0957575723626 22.173143167488686, 113.09350327716388 22.17405148777891, 113.09231952364497 22.175255090512145, 113.09172532208886 22.176787242796145, 113.0918117007798 22.178413221098303, 113.09271960527919 22.18052558557904, 113.09434286357343 22.181799266679334, 113.0959878113594 22.182224989669173, 113.09973965316286 22.18136189858223, 113.10095827081302 22.18023652521213, 113.10163038213605 22.178769376465954, 113.10165730701124 22.177175853759024, 113.10085193503193 22.17530999401518))"
391,22.209671421052633,113.0977765263158,1,753.1166666666667,duration_weighted_berth_medoid,"POLYGON ((113.10112894794814 22.20642107741814, 113.0992819596842 22.205286812870412, 113.0975188749725 22.205061878990882, 113.09579983905017 22.205488576714707, 113.09393176177622 22.206906020091257, 113.0929545598565 22.20867806197023, 113.09289036440478 22.21027424359214, 113.09348083018432 22.21177505781859, 113.09476367778058 22.213171273338364, 113.09629399520269 22.21401247254745, 113.0985019707692 22.214190917492957, 113.10016658403354 22.213607929531403, 113.10164419311073 22.21239334732286, 113.10250200216922 22.211007502236253, 113.10273223767621 22.209424509182757, 113.10230092935548 22.207877929513838, 113.10112894794814 22.20642107741814))"
392,21.59768227586207,108.38554118965517,3,22703.4,duration_weighted_berth_medoid,"POLYGON ((108.37972908889476 21.597704777575938, 108.38124475697572 21.60026604908296, 108.3825646589633 21.60147308012699, 108.38346370956326 21.603455663973282, 108.3852161888771 21.604720184508093, 108.38905776047204 21.605089837850308, 108.39091875590908 21.60412914233874, 108.39193005468 21.60284852529176, 108.39253910168922 21.600195341628314, 108.39211407252266 21.598177377230602, 108.38747735014093 21.592282141813282, 108.38576567804704 21.590998030452734, 108.38272787404415 21.590756595258622, 108.37992648245236 21.592292563217846, 108.37879607466435 21.594840985872153, 108.37972908889476 21.597704777575938))"
393,22.477633144927534,113.88177189855072,2,4454.333333333334,duration_weighted_berth_medoid,"POLYGON ((113.87915522500148 22.48149895727255, 113.88197840305249 22.48221556459585, 113.884774922799 22.481267092633733, 113.88647798772402 22.47947482881024, 113.88683215249362 22.47711227561732, 113.8858875977504 22.475064645213507, 113.88437278745332 22.47365993877121, 113.8827561219056 22.47310963155841, 113.88099999711174 22.47317108401205, 113.87894616906176 22.47224236141548, 113.87720959503315 22.472240456220806, 113.87560203240368 22.472847415676025, 113.87436378325368 22.473972503076773, 113.87334051249222 22.47582222791288, 113.8732147316046 22.477848996293996, 113.8741442847713 22.47968840599018, 113.87572672055836 22.48088617826865, 113.87737510990729 22.48151332547341, 113.87915522500148 22.48149895727255))"
394,38.96473021621622,121.81347718918919,1,4319.333333333334,duration_weighted_berth_medoid,"POLYGON ((121.81703408445401 38.96111477938836, 121.81543305221216 38.96045962117497, 121.81362947147373 38.96034879090279, 121.81072631368505 38.960789268471146, 121.80898350340736 38.96187976439525, 121.80813332129877 38.96348865012606, 121.8082729208591 38.966055087065335, 121.8088890192667 38.967334061618, 121.81008889064034 38.96833149790962, 121.81212375779667 38.968956087308776, 121.81529323489355 38.96884211670093, 121.81692411863465 38.96836542264586, 121.8181989816193 38.967442056774615, 121.81900721432918 38.96587615420952, 121.81905561102612 38.96352126894966, 121.81839277347869 38.962194241996755, 121.81703408445401 38.96111477938836))"
395,28.69984203448276,121.43473489655173,1,4098.450000000001,duration_weighted_berth_medoid,"POLYGON ((121.43847965606253 28.697238515398205, 121.43723804036215 28.69614795269325, 121.43517723979961 28.695502163314703, 121.43342891006104 28.695655781583437, 121.43134433509327 28.696702813436715, 121.43004834049583 28.69824666003224, 121.42971293831236 28.69975763734505, 121.43110609054581 28.702834165073998, 121.43248671424153 28.703808886222273, 121.43463531797302 28.70425191282554, 121.43810135005894 28.702997801514133, 121.43917401218386 28.70181007776086, 121.43965626124456 28.700355074256237, 121.4394767620662 28.698848011485143, 121.43847965606253 28.697238515398205))"
396,29.043709197183098,121.6379885140845,2,30187.949999999997,duration_weighted_berth_medoid,"POLYGON ((121.63782926131557 29.047943009685728, 121.63825069993159 29.049489725760992, 121.63966984813402 29.050996444616832, 121.64129963669154 29.051649611675522, 121.64449715126935 29.051858005923688, 121.64614410055124 29.051307000176795, 121.64742146498432 29.05024419538999, 121.64842160886117 29.046706985385715, 121.64742453383911 29.044165460637583, 121.6456483847869 29.043004979469384, 121.64351709005427 29.042564312822183, 121.64298096300854 29.040709596330593, 121.64183922204693 29.03951071396038, 121.6402536644833 29.038795085119272, 121.63762778227185 29.038438714009406, 121.63595062680334 29.03874714077681, 121.63406927776239 29.03991408608787, 121.6330775613877 29.04124117819799, 121.63276680444936 29.042802920509747, 121.63293143133902 29.04484348572293, 121.63398797005539 29.046584876243436, 121.6354549590125 29.047512953501055, 121.63782926131557 29.047943009685728))"
397,30.396832571428572,122.39545899999999,2,527.8666666666667,duration_weighted_berth_medoid,"POLYGON ((122.39100745026634 30.395229070769837, 122.3905376082361 30.396941640709557, 122.39106410460475 30.398765040331718, 122.39252343041068 30.400160239599614, 122.3944416694263 30.400910529649874, 122.39624151268502 30.401053707687446, 122.39796105972526 30.400573367781018, 122.3993218493883 30.399547287374528, 122.40027065166122 30.397978317549963, 122.40047878589967 30.396044802780168, 122.39983615458425 30.394587132063705, 122.39857924889537 30.39346610171153, 122.39607308738992 30.392556274465004, 122.39651366402714 30.389741343892062, 122.39564405184943 30.387646464665615, 122.39398306352454 30.38645672081022, 122.39084860291571 30.385832758980147, 122.38920282820222 30.38614362372098, 122.38734631202472 30.387283714424914, 122.3863617115208 30.38857200262731, 122.38603806848127 30.390089583114676, 122.38616382642687 30.392023550335622, 122.38711091936308 30.39369420197918, 122.3888514128303 30.394791701439782, 122.39100745026634 30.395229070769837))"
398,31.007809428571427,121.4491935164835,3,72446.98333333334,duration_weighted_berth_medoid,"POLYGON ((121.44055990639605 31.005892486821434, 121.43762710319727 31.006759268387388, 121.436340044635 31.007935203703294, 121.43567020395164 31.009290430763624, 121.43611380047598 31.012613873449844, 121.43807315053618 31.014561593915598, 121.44059223119834 31.015059787667436, 121.44384673304515 31.014860167951174, 121.4456800531053 31.014222581673103, 121.44714325986499 31.014962163982805, 121.44892077676924 31.01517553348682, 121.45210718274542 31.01457923635891, 121.45401254746116 31.013052407939846, 121.4546135230772 31.01125337756475, 121.45439320514356 31.006892140471773, 121.45363390005565 31.005148015927002, 121.45238699487183 31.00410314962092, 121.45076978975482 31.003544060636553, 121.4470132383815 31.003393038363686, 121.44475733853405 31.004413082434517, 121.44362203659409 31.005983748026157, 121.44055990639605 31.005892486821434))"
399,36.87258346666667,122.44716443333333,1,64885.78333333333,duration_weighted_berth_medoid,"POLYGON ((122.45225626032754 36.86868037461779, 122.44917322926678 36.86774991976867, 122.4436213480608 36.86783420939003, 122.44152589121943 36.86848191687181, 122.44029994927828 36.86954074825155, 122.43969366561868 36.87090005273378, 122.43958213041462 36.87448504395417, 122.44045537931159 36.87610520718549, 122.44179009052472 36.877036375015955, 122.44347102555408 36.87748243556278, 122.44981591927358 36.87759870595242, 122.45219014200846 36.87688616798544, 122.45383241582947 36.87493180050057, 122.45417602481216 36.871548275723114, 122.45355329357984 36.86983821941054, 122.45225626032754 36.86868037461779))"
400,32.19875942857143,119.28287485714286,7,42486.33333333333,duration_weighted_berth_medoid,"POLYGON ((119.26828291398103 32.20109102943228, 119.26646371255279 32.20155686984147, 119.26511142811059 32.202538640828436, 119.2641122966042 32.20397755335983, 119.26383858339948 32.20577897755607, 119.26435842374191 32.20716912635999, 119.26545862597051 32.20829133105017, 119.26754859767068 32.209290009734886, 119.26932326271421 32.209424884202676, 119.27175452054925 32.20853177024172, 119.27320074222736 32.20687092136515, 119.27514517756518 32.2069511984388, 119.27681857212349 32.20651416727091, 119.27932623780276 32.20455073889849, 119.28568439887829 32.20367723921395, 119.28798203963001 32.202267187894364, 119.29051105400934 32.201973651271345, 119.29212785758375 32.20100432358103, 119.29482568132116 32.200993654277354, 119.2965302923057 32.20054757288306, 119.29856324465025 32.1985901076393, 119.29910605088945 32.19527988922048, 119.29836882418194 32.1939088558024, 119.29706016516708 32.19288780465571, 119.29299269469236 32.19207845733233, 119.29127934988801 32.19214474378982, 119.28960628691885 32.1928261123552, 119.2854469896448 32.19254229296232, 119.28321996082319 32.19328042979407, 119.27968187267649 32.19334799221483, 119.27737167337925 32.19439376147062, 119.27609799284474 32.19662375507518, 119.27152593800133 32.19727333749698, 119.26999971158004 32.197958757877885, 119.26870168572361 32.19941145482434, 119.26828291398103 32.20109102943228))"
401,37.790319078431374,120.63188821568627,1,39641.21666666667,duration_weighted_berth_medoid,"POLYGON ((120.6375660680438 37.787246349499085, 120.63495537574872 37.78634131722269, 120.62938561718592 37.78635070139235, 120.62773852516374 37.78674011107114, 120.62613411669331 37.78786111471656, 120.62520566887802 37.78941043207675, 120.62499102790282 37.79075446316661, 120.62542918879767 37.79206413209402, 120.62717208325445 37.79364096494506, 120.62905154407412 37.794292807104874, 120.63510318692103 37.79432785928857, 120.63684604157771 37.79388821490936, 120.63848060236464 37.79263456847744, 120.63948292597031 37.790369857205995, 120.63905682657533 37.78867859686595, 120.6375660680438 37.787246349499085))"
402,30.068227098039216,121.89416217647059,1,11865.866666666667,duration_weighted_berth_medoid,"POLYGON ((121.8982990644907 30.06599292887596, 121.89691074947496 30.064566565845773, 121.89491459125252 30.063863976691756, 121.89318669951993 30.063938494611214, 121.89092931851688 30.064853955896947, 121.88953787856752 30.066306772438534, 121.88910339503343 30.067774432969077, 121.89027179083693 30.07103096156769, 121.89158174993018 30.072060764361705, 121.89369295138212 30.072608463129402, 121.89741409088052 30.07156297641148, 121.89858038482667 30.07042328363633, 121.89915142667884 30.06898333302981, 121.8982990644907 30.06599292887596))"
403,32.249003075000005,119.69267835000001,1,43494.683333333334,duration_weighted_berth_medoid,"POLYGON ((119.69698478884679 32.2470998891045, 119.6957745452825 32.245564617294285, 119.69385174374429 32.24469274594237, 119.692102283638 32.24461788359693, 119.68968898335659 32.2453411875927, 119.68816136161733 32.24660467892546, 119.68755024990406 32.24796019154159, 119.68830683126461 32.25143257328406, 119.68948324627358 32.25257865926132, 119.69153858524103 32.253320467099066, 119.69549325780947 32.252610737934376, 119.6967836722378 32.25161533674631, 119.6975275772693 32.25027891039021, 119.69761248863696 32.248803526936975, 119.69698478884679 32.2470998891045))"
404,31.924774244444446,120.20783542222222,2,23067.883333333335,duration_weighted_berth_medoid,"POLYGON ((120.20972648237215 31.928696464564357, 120.21272584579403 31.929683689743616, 120.21560102131828 31.928923386486638, 120.2174970410358 31.926629724475703, 120.21745807496796 31.924020710018922, 120.21618483150284 31.9224792452911, 120.21415126652319 31.921444499913253, 120.21100164269819 31.9215534254277, 120.20815477598265 31.920529164824064, 120.20605543603298 31.920812053584324, 120.20463513568899 31.921614763434878, 120.2032170578303 31.923379000887458, 120.2028573597229 31.924848476334603, 120.20319382227942 31.926321887740716, 120.20450414503131 31.927824131916744, 120.20630306677037 31.928698208183675, 120.20799967839942 31.92898562289335, 120.20972648237215 31.928696464564357))"
405,40.05372659906542,120.02511882429906,1,58131.433333333334,duration_weighted_berth_medoid,"POLYGON ((120.0292704551914 40.05189370389102, 120.02786818576696 40.05055054219965, 120.02623742072555 40.04996031464677, 120.024434813212 40.04990881175132, 120.02205575372822 40.05053901525194, 120.02078418100629 40.05145488170015, 120.02006490638978 40.05267268227869, 120.02000661633248 40.05400838976068, 120.02072398793689 40.055817207587864, 120.02223207869078 40.056971439666654, 120.02383803811541 40.05742558433559, 120.02777139743878 40.05692396339789, 120.02909574856974 40.056043816793746, 120.0298787503378 40.054842545971546, 120.03000101030169 40.05350330969434, 120.0292704551914 40.05189370389102))"
406,32.27173223529412,119.70573252941176,3,3609.116666666667,duration_weighted_berth_medoid,"POLYGON ((119.69970367596484 32.269858368547055, 119.69978205340173 32.27268920502627, 119.700407503581 32.2740365461095, 119.7019452766168 32.27528565882124, 119.70386772506431 32.275784483825106, 119.70579574674805 32.277424588875945, 119.70816274784458 32.277886563623355, 119.70989572503095 32.27772961927943, 119.7114275714506 32.27702674968036, 119.71252763468902 32.27588377607188, 119.7130181586003 32.27278507983189, 119.7115712347298 32.270706142702785, 119.71127146665172 32.26922779524992, 119.70697002897721 32.26523206427136, 119.70395574820388 32.26474587647785, 119.7012794081057 32.26583160455635, 119.69975549923338 32.26766200596352, 119.69970367596484 32.269858368547055))"
407,31.6754544556962,121.18029535443038,2,24675.83333333333,duration_weighted_berth_medoid,"POLYGON ((121.17611998579294 31.67288823125309, 121.17396546856 31.674226177309645, 121.17274290692649 31.676609321570353, 121.17291673398559 31.67841472167137, 121.17436978295754 31.680191303169448, 121.17722162843629 31.68111392682672, 121.17936399165941 31.681033975699265, 121.18420270340584 31.67810850966892, 121.18494837332689 31.676811977087123, 121.18513455638585 31.674643949883308, 121.18458513361658 31.67322457404862, 121.18343825889754 31.67209292457274, 121.1818692186864 31.6714219738957, 121.17925471593736 31.671261437103286, 121.17758641640256 31.671735062286253, 121.17611998579294 31.67288823125309))"
408,39.98465419378238,119.83464732849741,9,58571.566666666666,duration_weighted_berth_medoid,"POLYGON ((119.8250106974479 39.97978213593909, 119.82936654634601 39.982454269822334, 119.82885499932453 39.9833705787523, 119.82706156854535 39.98464906913357, 119.82645890393057 39.985951614839, 119.82642978818353 39.98791311324702, 119.82771702594641 39.989592730476836, 119.82998814485265 39.99046790900905, 119.8324165428262 39.99040802845212, 119.83740636064398 39.9885134077117, 119.83915775174283 39.98701352243938, 119.83963160239685 39.98442523712937, 119.8389637192716 39.982486716052314, 119.83734071568311 39.98129696168129, 119.83958985736895 39.97985996638337, 119.84041616174964 39.97714642835963, 119.84227130007024 39.97543857514049, 119.84252478257706 39.97375540546981, 119.84185353210535 39.9718069463467, 119.840017449214 39.970453292431586, 119.83795042506087 39.97006689153604, 119.83558553467226 39.96880595922958, 119.83384858715826 39.9685754680273, 119.83212967224982 39.968875016788196, 119.83069355393101 39.96965845977761, 119.82958719761737 39.97092385690413, 119.82912864958047 39.97233590344214, 119.82589369089365 39.97197075654944, 119.82376875010017 39.97243259090105, 119.82180050459817 39.974229799172505, 119.8213761167328 39.97689147621548, 119.82248304398387 39.978702909343795, 119.8250106974479 39.97978213593909))"
409,31.997169763157892,119.99968668421053,3,29750.6,duration_weighted_berth_medoid,"POLYGON ((119.99396435627023 31.99672757324285, 119.99278470499888 31.99779718291549, 119.99216065989903 31.999217273769887, 119.99287610807237 32.00250452003358, 119.99526991990284 32.00414054761145, 119.99864079020735 32.00410193630676, 120.00023054439168 32.00341772336165, 120.00154859871846 32.001970430148596, 120.00408183725283 32.000301404399245, 120.00642392744595 31.99681159969111, 120.00636498145634 31.99387599701074, 120.00561396208349 31.992531398573917, 120.00392353833823 31.99135733923245, 120.00222118034075 31.990997995390316, 119.99969836335578 31.9911599488499, 119.99813238902323 31.991782575070474, 119.99507941475633 31.994230807040683, 119.99396435627023 31.99672757324285))"
410,31.68380926984127,121.16338585714286,1,2869.366666666667,duration_weighted_berth_medoid,"POLYGON ((121.16726148420126 31.681495184051325, 121.16610228682919 31.680383068881216, 121.16410242324052 31.679653765322392, 121.16235663780607 31.679706512308485, 121.16014625170634 31.680564582956933, 121.15894226414024 31.681671961729897, 121.1583355825392 31.683089510481814, 121.15842072178623 31.684596380718247, 121.15939595277449 31.686495351505606, 121.16101895820425 31.687658808277092, 121.16266043230775 31.68804657611253, 121.16634227274703 31.68718129250126, 121.16758334538044 31.686091016378377, 121.1682278330186 31.684675643431294, 121.16817408607741 31.683158399212836, 121.16726148420126 31.681495184051325))"
411,37.44005462222223,120.02006777037037,1,7346.533333333334,duration_weighted_berth_medoid,"POLYGON ((120.02368325909195 37.43758193093563, 120.02196797232376 37.43646650845687, 120.01978968775933 37.43613846870028, 120.01806984883915 37.43650388383951, 120.01620144640961 37.437718685154586, 120.01534422065228 37.438903573505016, 120.01515650169105 37.44059912931144, 120.01702897954053 37.44318134642667, 120.01898865074526 37.44400464515132, 120.02076772518727 37.4440580662129, 120.02243318317431 37.443558519034205, 120.02391089677648 37.442517666006026, 120.02476812253366 37.44133283488086, 120.02500123594665 37.43997900234771, 120.02368325909195 37.43758193093563))"
412,29.783535304054055,122.08423947297298,1,6836.5,duration_weighted_berth_medoid,"POLYGON ((122.08746060339811 29.78041732701329, 122.08559879465476 29.77941860752088, 122.08385217046145 29.779250312673838, 122.08216483488074 29.779676571122543, 122.0803385076796 29.781020324327617, 122.07949813813539 29.78235032485449, 122.07936530065875 29.784236034938232, 122.08001272995568 29.785644938647014, 122.08133261156027 29.78690348869868, 122.0828711495828 29.787640516226855, 122.08505573028714 29.787756953932384, 122.08668662408789 29.78718885833376, 122.08813143655777 29.786038905336767, 122.08897180610194 29.78470895381321, 122.08916368916672 29.783201288813217, 122.08867803404189 29.781744172917623, 122.08746060339811 29.78041732701329))"
413,28.27401195744681,121.55748991489362,2,7514.4333333333325,duration_weighted_berth_medoid,"POLYGON ((121.55101398170368 28.276522529354594, 121.55517287203664 28.278756319810167, 121.56128251681339 28.27803046241905, 121.562869879572 28.276747650712185, 121.5635312624099 28.275340167571013, 121.5627551444769 28.27110041189676, 121.56166244656563 28.269903630065503, 121.55971064187463 28.269064731251902, 121.55391702669795 28.26893516910397, 121.55221241425032 28.269373387156758, 121.55056705043319 28.270674715460505, 121.54952118165546 28.27274841289299, 121.5496836887077 28.274743950774322, 121.55101398170368 28.276522529354594))"
414,28.38678366666667,121.65885619047619,1,6175.816666666667,duration_weighted_berth_medoid,"POLYGON ((121.66230392591676 28.383082533620385, 121.66023184928096 28.382245180376543, 121.65762340150607 28.382234153757256, 121.65594746331455 28.382569912456113, 121.65453758656119 28.38343491173875, 121.65360024017765 28.384702466228244, 121.65308836382368 28.38704022090483, 121.65344150458132 28.38855541623012, 121.65442871347466 28.389835262375524, 121.65631645104443 28.390811349054047, 121.65971581613154 28.39113286278661, 121.66144754566383 28.3908090768594, 121.66290252331255 28.389921731568492, 121.6639947366181 28.38823676856974, 121.66435727899118 28.386004407340565, 121.66361444843837 28.384239976392784, 121.66230392591676 28.383082533620385))"
415,39.047258125,117.77088718750001,2,11431.783333333333,duration_weighted_berth_medoid,"POLYGON ((117.76410623712705 39.045729897114235, 117.76275494986058 39.04742179843698, 117.76256412682204 39.04939486856661, 117.7634958106412 39.05088422582787, 117.76566372857938 39.05215819289874, 117.76779933204625 39.05241359748873, 117.77003156550603 39.051758583046905, 117.77445334972832 39.05158515193995, 117.77631366114254 39.05070879150731, 117.77727857114839 39.04957784780139, 117.77764646457808 39.04523259119752, 117.77676642723314 39.04401104068533, 117.7749220270178 39.04301799981503, 117.76879990497845 39.0426177755072, 117.76702976365864 39.0428255166678, 117.76491242422618 39.044079670661354, 117.76410623712705 39.045729897114235))"
416,31.290949,121.74566471428571,1,230.08333333333334,duration_weighted_berth_medoid,"POLYGON ((121.74913142895018 31.287482212863562, 121.74712591730518 31.286769805980633, 121.74467617393795 31.28690651100575, 121.74301848707113 31.287408111922943, 121.74171321012008 31.288415161644426, 121.7408742541813 31.290144015458395, 121.74093728792295 31.29233002459473, 121.74152513903233 31.293734340232763, 121.74269503910487 31.29484113566403, 121.74470048219221 31.295558075287378, 121.74743042160601 31.295511390241575, 121.74905756982749 31.295030475653387, 121.75035343756227 31.294061792110714, 121.75112761315613 31.292747663402967, 121.75134380733826 31.29037046722908, 121.75051846756222 31.288580422510616, 121.74913142895018 31.287482212863562))"
417,31.97683947368421,120.44681760526316,2,21757.316666666666,duration_weighted_berth_medoid,"POLYGON ((120.44283367530817 31.980126826118802, 120.4441160156905 31.982129265778468, 120.44597025398652 31.983158565983555, 120.44972838237939 31.983408623138324, 120.45142332572247 31.983020086333788, 120.45308653829242 31.98181591230748, 120.45380506808928 31.980457067161918, 120.45397037191248 31.977479569599645, 120.45353754605307 31.976084924846546, 120.44909257096754 31.97217298518637, 120.44695625324596 31.971755160442427, 120.443652341954 31.972247342835807, 120.44189317840983 31.973447967891495, 120.44104489922779 31.97522294174961, 120.44111121119663 31.977973019472724, 120.44283367530817 31.980126826118802))"
418,29.997244345507667,122.0794723265157,1,83452.04999999999,duration_weighted_berth_medoid,"POLYGON ((122.08420662062792 29.995468272268628, 122.0830307170082 29.993859568265204, 122.08153644897881 29.99304568152344, 122.07979545924978 29.992793338296156, 122.07711273972215 29.993241562068928, 122.07570860433219 29.994093039987497, 122.07463291453307 29.995690474458563, 122.07478984254367 29.999007999961005, 122.07609009215079 30.000526305096443, 122.07763568225575 30.001241752726266, 122.08199523429394 30.00110602453466, 122.08375900698428 29.99995475277942, 122.08457447513875 29.998590839290088, 122.08471676481568 29.997059861847266, 122.08420662062792 29.995468272268628))"
419,39.08266307142857,118.49074498809523,2,49487.850000000006,duration_weighted_berth_medoid,"POLYGON ((118.49077554405015 39.07810898966859, 118.48796125391502 39.07869592274974, 118.48574309826911 39.0808283063619, 118.4858395515741 39.083969923688514, 118.48665742092257 39.085187382241635, 118.48801746495076 39.086065295202104, 118.48970874570318 39.08646751584765, 118.49370877155904 39.08633450154867, 118.4955809598927 39.08546348963966, 118.4965658227587 39.08430809209632, 118.50003934203427 39.083797499141674, 118.50182363835421 39.08229034673964, 118.50225640283645 39.08095604457808, 118.50206514701595 39.07900143015652, 118.50105654958594 39.07752364785937, 118.49967721578601 39.07671359921745, 118.49521148381822 39.076362547959235, 118.4936648093849 39.076876724694365, 118.49195498404288 39.07817126385723, 118.49077554405015 39.07810898966859))"
420,30.01824,122.072252,1,177.81666666666666,duration_weighted_berth_medoid,"POLYGON ((122.07572704247795 30.01538700293368, 122.07400090943013 30.014268837367606, 122.0718719192415 30.013975843097715, 122.07020797156724 30.014387960638512, 122.06837027039809 30.015710973417487, 122.06750452315309 30.017054959073466, 122.06737030002063 30.018967876420618, 122.0693699838853 30.021712426665804, 122.07089136974608 30.02242673929412, 122.07304311379998 30.02253992869231, 122.07465318691257 30.021990343726415, 122.07611339626904 30.02085495989275, 122.07697914351381 30.0195110257369, 122.07717508083401 30.01798153073477, 122.07572704247795 30.01538700293368))"
421,38.808869529411766,121.13631379411765,1,16291.250000000004,duration_weighted_berth_medoid,"POLYGON ((121.13985566591651 38.80562099688649, 121.13826209296423 38.804966090646275, 121.13646647150267 38.804851854627024, 121.13382222270663 38.80525725748443, 121.13208544641472 38.80632468279538, 121.13121306225761 38.80790863355809, 121.13126447994968 38.81008735797842, 121.13184082580875 38.81137291458055, 121.13300318357965 38.81238975340076, 121.13500574808543 38.81305428553567, 121.13795779463744 38.81301747257707, 121.13959754336848 38.81258116942771, 121.14090332804177 38.81169368455325, 121.14177706244352 38.810155923969546, 121.14190866754691 38.80820666880151, 121.14116554262289 38.80664546133657, 121.13985566591651 38.80562099688649))"
422,38.94685825,118.48854670833333,1,9991.383333333333,duration_weighted_berth_medoid,"POLYGON ((118.49280331221543 38.94523506735413, 118.49152419030747 38.94382420793265, 118.48953260595276 38.943061997664536, 118.48775027158402 38.943051090581, 118.48533761481147 38.94375170172909, 118.48387063425633 38.94499568048172, 118.48335069590615 38.94628914744818, 118.48423605695513 38.949336587028306, 118.48583169080082 38.95049006666119, 118.48749851058413 38.95090241059083, 118.49143262639151 38.950225709215964, 118.49268546584902 38.94928775285239, 118.4933862765738 38.948049979474646, 118.49343000404448 38.94669792629634, 118.49280331221543 38.94523506735413))"
423,40.297084197530864,122.08653804938272,1,8893.599999999999,duration_weighted_berth_medoid,"POLYGON ((122.089539192329 40.293459449030834, 122.08790552063087 40.292878709621384, 122.08610406656382 40.29283458511277, 122.0836729374222 40.293306256361824, 122.08200661072416 40.294413894965416, 122.08123470234995 40.29599360584203, 122.08141212284096 40.298044768366196, 122.08206838323116 40.29928118188203, 122.08329405290652 40.30023268651077, 122.08533772549997 40.30080763494913, 122.08805443359864 40.30067605226204, 122.08964241450319 40.30020062895386, 122.09088340121737 40.299307870876554, 122.09168090675949 40.29780552244202, 122.0917369929879 40.29595493687949, 122.0909020421018 40.29441451248382, 122.089539192329 40.293459449030834))"
424,32.08165235416667,121.63034202083333,2,6277.383333333333,duration_weighted_berth_medoid,"POLYGON ((121.62784127743727 32.07787823092443, 121.62600414178222 32.0786545275526, 121.62425716379806 32.08054392677361, 121.62396697074087 32.082426736694934, 121.62478655450371 32.08419395894315, 121.62648135693257 32.08559192995821, 121.62855294547799 32.08614646446173, 121.63358368314725 32.084823089396565, 121.63477598163557 32.083747026480644, 121.63539538951811 32.082367519745446, 121.63534873660775 32.080892063452715, 121.63464304034893 32.07954259369908, 121.63332141150921 32.078239180067676, 121.63173657460017 32.07756971981253, 121.62784127743727 32.07787823092443))"
425,30.101218753623186,121.86969691304348,1,3778.8833333333328,duration_weighted_berth_medoid,"POLYGON ((121.87254633895985 30.0978263113973, 121.8694674357386 30.09694930585555, 121.86709802035456 30.097132297405285, 121.86514367414377 30.098062022098524, 121.86394715846124 30.099690413316427, 121.86360213958612 30.10177438654836, 121.86394104756748 30.103308359582748, 121.86495067957532 30.104602985014353, 121.86689913805658 30.105572639184466, 121.87007521107306 30.105818095970797, 121.87173865634804 30.10549696676589, 121.87314404642213 30.104662812866284, 121.87423559705562 30.10308736432898, 121.87461034640741 30.10078900773259, 121.87387855444709 30.09899250543093, 121.87254633895985 30.0978263113973))"
426,21.607451902439024,108.32716129268292,2,12841.333333333332,duration_weighted_berth_medoid,"POLYGON ((108.32452736467498 21.611837534267163, 108.32387699432638 21.613625492497064, 108.32406666555951 21.615284787318593, 108.32494002105229 21.616742543735434, 108.32686225460489 21.61813404290208, 108.32900787291429 21.61857103482862, 108.33072551539887 21.61819889676938, 108.33331794653624 21.615714412445314, 108.333612272383 21.61283685634332, 108.33281140699061 21.61133620289664, 108.33141273922419 21.610137908341002, 108.33214044186369 21.607834424702194, 108.33199916240794 21.60621117206933, 108.33091079039832 21.60445324892827, 108.32890126501613 21.603152888460027, 108.32721870303737 21.60280203905342, 108.32551795803651 21.60306645453317, 108.32404969677292 21.603907160535915, 108.32303032105433 21.605200239867276, 108.32220784084801 21.60751306817356, 108.32227779316827 21.609103931421178, 108.32298310819462 21.610554802304367, 108.32452736467498 21.611837534267163))"
427,21.697595391304347,108.63536704347825,1,18204.666666666664,duration_weighted_berth_medoid,"POLYGON ((108.63871516847459 21.687533959064844, 108.63681639114758 21.686483830682516, 108.6346084971921 21.68640209849193, 108.6317320740406 21.687415675660766, 108.62996417693482 21.68966183639959, 108.62994237791531 21.70012120824223, 108.63134110291583 21.70220200409485, 108.63347638928923 21.70342281723984, 108.63557312316264 21.703487256463646, 108.63811136304545 21.70270154452633, 108.63946153842183 21.70166868377967, 108.64028478530429 21.700234990615183, 108.6404583454279 21.690494306478247, 108.63994971515424 21.68893542367179, 108.63871516847459 21.687533959064844))"
428,39.0404225,118.3623245,3,213949.11666666667,duration_weighted_berth_medoid,"POLYGON ((118.35653363590993 39.04252973500643, 118.35817214259431 39.04426470704785, 118.36009144697597 39.04530760349682, 118.36531532288565 39.04545775039741, 118.3690770811852 39.04386466621197, 118.37054160631524 39.0428049222205, 118.37137767404667 39.04156494219026, 118.37144037020747 39.039822637914995, 118.36969831239827 39.03768062943633, 118.36587833866773 39.036207278669245, 118.36415887972541 39.03594817138817, 118.3592553556026 39.03634005415137, 118.35700343430675 39.037264072712894, 118.35555708333051 39.03902476887996, 118.35547666768379 39.04099914943214, 118.35653363590993 39.04252973500643))"
429,21.595096032786888,108.32880821311475,1,15607.599999999999,duration_weighted_berth_medoid,"POLYGON ((108.33320745080339 21.588174067928232, 108.33079873364072 21.58713054120225, 108.32753600773957 21.587445013112948, 108.32554393843076 21.588247185332683, 108.3241891268687 21.589824380135678, 108.3237839124628 21.591400598266336, 108.3242231451232 21.597385858856963, 108.32525697514897 21.59915788353989, 108.32665843289955 21.600117932509633, 108.3287850198723 21.60051092204034, 108.33171758084 21.60011084716535, 108.33334975930268 21.599378130680897, 108.33453759063401 21.59810527827048, 108.3350876565505 21.59649954157377, 108.33511168419281 21.59127201237161, 108.33445520074207 21.589444161372832, 108.33320745080339 21.588174067928232))"
430,37.413693,119.95016912962963,3,21329.1,duration_weighted_berth_medoid,"POLYGON ((119.94319127685064 37.419652748683475, 119.94223807943831 37.42101700905253, 119.94208304277971 37.42238398726247, 119.94283362233412 37.424327940978664, 119.94393088861793 37.42539321647363, 119.94545431998642 37.42604928948561, 119.94717712246641 37.426198501547546, 119.95075951011783 37.42501787875054, 119.95191069431137 37.42355641444716, 119.95200489776907 37.42162733068378, 119.95291657066063 37.420132556777226, 119.95263940222681 37.417948360500155, 119.95519706414254 37.41680539466301, 119.95651840545472 37.415087886373264, 119.95645892304603 37.4130756263199, 119.95497690074937 37.41074155050381, 119.95270119980172 37.40978590882703, 119.9474022975536 37.409710960182515, 119.94540168473648 37.41008095930194, 119.94393020236333 37.41095695619181, 119.94289703148466 37.41205701619201, 119.94246314150162 37.413385455541146, 119.94305211135135 37.41558769111997, 119.94411128685422 37.41694546534452, 119.94326221783759 37.41833619071949, 119.94319127685064 37.419652748683475))"
431,22.782456410958904,115.92834553424657,1,677.9833333333333,duration_weighted_berth_medoid,"POLYGON ((115.93179175601514 22.77938640733199, 115.93001828370971 22.77819897319785, 115.9282882931712 22.77790140451739, 115.92656708992861 22.77823952866652, 115.9246330523494 22.779542273607237, 115.92366799168717 22.78094648883889, 115.92342128945745 22.783003944540727, 115.92403036673915 22.784568568736923, 115.92528995126649 22.786004976060298, 115.92723888005509 22.786937283208164, 115.92900083535241 22.786992807129185, 115.93219185694319 22.785242051422266, 115.93307014073855 22.783798245942407, 115.93326488231871 22.782152617461282, 115.93179175601514 22.77938640733199))"
432,22.81747104255319,113.5735284680851,1,1669.15,duration_weighted_berth_medoid,"POLYGON ((113.57740905846872 22.814716376474497, 113.57620775429554 22.813481914989875, 113.57413228935785 22.81270455156823, 113.57190764305516 22.812947933718206, 113.57022554060086 22.81394273009414, 113.5690876585939 22.815187149102282, 113.56853256914695 22.81714835291975, 113.56886589628608 22.818746525538813, 113.56995814104064 22.82051305961887, 113.57176810811382 22.821730370447142, 113.57353945396228 22.822021771237345, 113.57529274887172 22.821648989738883, 113.57696840761784 22.82060202409533, 113.57802274348485 22.819314872050015, 113.57846348024954 22.817754039751474, 113.57740905846872 22.814716376474497))"
433,21.92770384313725,113.2168773627451,1,4713.0,duration_weighted_berth_medoid,"POLYGON ((113.22039006228023 21.923052462670697, 113.21839064260885 21.92218193970261, 113.21521160022053 21.922315975642533, 113.21349539123563 21.92282538219022, 113.21213310199849 21.923919525143948, 113.21125353564192 21.925834415762182, 113.21137737550033 21.929308193954675, 113.21197702966407 21.930843891873998, 113.21316698979312 21.93204774953508, 113.21519950161439 21.932811372605794, 113.2186196177357 21.93268443561476, 113.22027097280069 21.932116461742055, 113.22155994914391 21.931003146382885, 113.22236754846244 21.929111333083974, 113.22240670990074 21.92589693774336, 113.22174194639301 21.924330626553903, 113.22039006228023 21.923052462670697))"
434,31.757696950000003,121.181046925,2,46809.11666666667,duration_weighted_berth_medoid,"POLYGON ((121.17738484654535 31.75435571355482, 121.17455691324945 31.7550043647058, 121.17246415583654 31.75711485776048, 121.17216639186984 31.75899119530725, 121.17330169581119 31.76212552452224, 121.1749382272031 31.763342564749312, 121.17661654766174 31.76375074964316, 121.1796489191977 31.76366019411148, 121.18411915433748 31.762546024812984, 121.18579754628273 31.76120232363715, 121.18654415425048 31.759520886189467, 121.18607531295004 31.75623059134107, 121.18530939485596 31.754898280658985, 121.18400438751016 31.753914463846588, 121.18192021359359 31.753393834363596, 121.17937914674286 31.75357770691961, 121.17738484654535 31.75435571355482))"
435,30.98486717777778,121.37679026666667,1,20496.866666666665,duration_weighted_berth_medoid,"POLYGON ((121.37993342591649 30.980923722984333, 121.37768318101652 30.98008404533618, 121.37484627336029 30.98014198027762, 121.37313851585729 30.98051281692424, 121.37172847239941 30.981418234841886, 121.37070786116226 30.983083348024852, 121.37052784268748 30.985559649074652, 121.37097755860263 30.987024750710923, 121.37205171611359 30.988227717399877, 121.37401197918342 30.989085428071263, 121.3776944608538 30.98922523084569, 121.3793963104007 30.98882079983921, 121.38078473723318 30.987885183297294, 121.38175993849104 30.986195131549128, 121.38199940826931 30.98387863093409, 121.38127026001244 30.982085331931764, 121.37993342591649 30.980923722984333))"
436,31.388457119999998,121.60929328,1,815.65,duration_weighted_berth_medoid,"POLYGON ((121.61324801848812 31.385904553296545, 121.61168920365881 31.384558510685153, 121.61001201331102 31.384048476118263, 121.60780741404595 31.38425007593115, 121.6061088415091 31.38514979882434, 121.60473489976326 31.38664584130955, 121.60435512433031 31.38813756043771, 121.6046872235 31.389637522945876, 121.60577703393292 31.391270893485025, 121.60715871148054 31.392232255659042, 121.60931779481125 31.3926724186496, 121.61105927026752 31.39234776755985, 121.61276039936652 31.391393322901425, 121.613843481814 31.390199482882675, 121.61430257836533 31.388741219294744, 121.61324801848812 31.385904553296545))"
437,32.237251372340424,119.25333438297872,1,37769.26666666667,duration_weighted_berth_medoid,"POLYGON ((119.25673998307133 32.234334597998995, 119.25500560320599 32.23329107141177, 119.25289800789919 32.23304009485535, 119.25089044314474 32.23363802967658, 119.24944608240996 32.23475105724004, 119.24858411392837 32.2360898849432, 119.24841373365116 32.23760751967378, 119.24896237424292 32.23905960672676, 119.25022845661906 32.24038864990067, 119.2520727622204 32.241287175612634, 119.25377410985416 32.24141996581895, 119.25578167460839 32.24082208221143, 119.25722603534322 32.23970912902135, 119.25808800382507 32.23837035465139, 119.25825838410253 32.236852732663394, 119.25673998307133 32.234334597998995))"
438,32.2426862625,119.6871135375,1,2713.9166666666665,duration_weighted_berth_medoid,"POLYGON ((119.68978916645055 32.23857671295087, 119.68773525794289 32.23786564165326, 119.68595644615468 32.23795729904892, 119.68391752743906 32.23866026099251, 119.68242578134985 32.23992972525493, 119.68178678240706 32.24163599615369, 119.6821802946142 32.24386547175383, 119.68287305378341 32.24521079588475, 119.68411697288748 32.24623368404991, 119.68572645724647 32.246781532533554, 119.68746136927156 32.246772610354974, 119.68967101138298 32.24614216531809, 119.6912815163142 32.244902597109196, 119.6920134072601 32.24316800403443, 119.69193880615437 32.24111602227142, 119.69119431756727 32.23968491729074, 119.68978916645055 32.23857671295087))"
439,29.89222595073892,122.00076961083744,1,12004.516666666666,duration_weighted_berth_medoid,"POLYGON ((122.00364780091601 29.887534267930562, 122.00162849271918 29.88671740293658, 121.99855394131924 29.88684907446814, 121.99684308894068 29.887335210489308, 121.99548986931477 29.88836479267433, 121.99462405714111 29.890157683954705, 121.99475585545605 29.89318865191846, 121.99536360558275 29.894618837931993, 121.99655801987615 29.89573721059885, 121.99859086218427 29.89644246251067, 122.00189050710458 29.89631999928016, 122.00353222477936 29.895789138907915, 122.00481472866625 29.894754105712558, 122.00562310496402 29.892996725946276, 122.00566692946437 29.890205200728662, 122.0050031165182 29.888733387015378, 122.00364780091601 29.887534267930562))"
440,37.82259442857143,120.84291257142857,4,22366.083333333336,duration_weighted_berth_medoid,"POLYGON ((120.8349002781206 37.81936392227924, 120.83396572803423 37.82089842051609, 120.83404210176576 37.8225941383937, 120.8350863416426 37.82456043230633, 120.83674703989826 37.82560640749416, 120.84104538192126 37.82649679772725, 120.84515017182305 37.82652922381372, 120.84719288225605 37.825948453988616, 120.84884049611071 37.82436608533569, 120.84997463758856 37.81993763115442, 120.84920573995824 37.817946606373, 120.84794464989027 37.81696402997041, 120.84630074304847 37.81644300443628, 120.84358541623415 37.816309865095654, 120.84192312232878 37.816720519982134, 120.84201853406432 37.8154216174221, 120.84147974024674 37.81413701562371, 120.838701454624 37.81225343590854, 120.83693625850728 37.81200951961672, 120.83519084660529 37.81233021331547, 120.83260830680722 37.81444921755601, 120.83217513606216 37.81575851411688, 120.8323939600466 37.81710068070501, 120.83323294968322 37.81828049562503, 120.8349002781206 37.81936392227924))"
441,31.752374384615386,121.19343384615385,1,2204.0833333333335,duration_weighted_berth_medoid,"POLYGON ((121.19622282894989 31.74843803535131, 121.19429363771987 31.747739498796737, 121.19261097667587 31.74777028104641, 121.19035878576777 31.748648715070114, 121.18909235013462 31.74975211127188, 121.1884421206402 31.751191369701644, 121.18851405659034 31.75273194379634, 121.18936635873553 31.754976621181005, 121.19089914682787 31.756290607248282, 121.19254136760519 31.756798668176042, 121.1942873255471 31.75673536749194, 121.19661653668715 31.75582085880771, 121.19778486422544 31.754764138206532, 121.1984627408312 31.753051774428627, 121.19836543414257 31.75096302398628, 121.19761957660837 31.749542239597186, 121.19622282894989 31.74843803535131))"
442,39.11039588,118.54902383999999,1,25934.416666666668,duration_weighted_berth_medoid,"POLYGON ((118.5547197931491 39.106533879130104, 118.55326993341217 39.10584984273585, 118.55159651140897 39.10563198540724, 118.54753473660834 39.10577541474475, 118.54556914697338 39.106550497857334, 118.54431568877749 39.10795799050568, 118.54391686779793 39.110592740336855, 118.54416556392246 39.111959753701306, 118.545078823309 39.113144562461535, 118.54735801297493 39.114188635834914, 118.55179638330773 39.114377850018485, 118.55355836119153 39.11414976221058, 118.55506641316752 39.11340686039057, 118.55623799902477 39.11193962742609, 118.55662635981783 39.10914001470836, 118.55597287135451 39.107600469617815, 118.5547197931491 39.106533879130104))"
443,36.0977544375,120.32714115625,4,26194.166666666664,duration_weighted_berth_medoid,"POLYGON ((120.31966563416074 36.10030634060916, 120.32036688421834 36.10255569208719, 120.32265856692176 36.10414243302897, 120.32525225783456 36.10429400593538, 120.32823093100787 36.10333810901373, 120.32977893958474 36.10111118352372, 120.33155337535375 36.09973067183839, 120.33211956769195 36.09838020052394, 120.33110766271876 36.09432242634532, 120.33029740604546 36.09302678096017, 120.32892359486023 36.092091344923006, 120.32720600941136 36.0916657825909, 120.32541942643714 36.09181818315028, 120.32344202486148 36.09258772400811, 120.31966016033776 36.09151810359995, 120.3167195956908 36.09226795532895, 120.31518760496692 36.09402263492206, 120.31462641045215 36.09610809718287, 120.31477524458636 36.09753571046345, 120.31657952101067 36.09953348090195, 120.31966563416074 36.10030634060916))"
444,32.19391527333333,119.34960502,1,9895.716666666665,duration_weighted_berth_medoid,"POLYGON ((119.35485755836596 32.190496745550725, 119.35341868109737 32.18975420521117, 119.35175771924398 32.18951271625049, 119.3480502465787 32.189640740650795, 119.34612977395433 32.190426006292476, 119.34504092138256 32.19154427840474, 119.3445256775678 32.19292611003614, 119.34437955779661 32.195378135924145, 119.34523417109773 32.19702931507602, 119.34651181151182 32.19799111138309, 119.3481216633502 32.198479108264536, 119.35267427787612 32.19864268081724, 119.3546898811901 32.197955257904205, 119.35608820267765 32.1965475619368, 119.3567711789864 32.19389099998581, 119.35635937132504 32.19205038866884, 119.35485755836596 32.190496745550725))"
445,26.469349799999996,119.6705948,2,508.1166666666666,duration_weighted_berth_medoid,"POLYGON ((119.67032643481578 26.463894535818937, 119.66853705361777 26.464176770072495, 119.66701897585504 26.465070510495853, 119.66575377288693 26.466472957856002, 119.66526337456574 26.468059813681364, 119.66620206979628 26.47235667155391, 119.66774076614288 26.473745323284128, 119.66982939365704 26.474319749875647, 119.67368778255033 26.473437356837547, 119.67663938349101 26.47118265875488, 119.67764593349301 26.46899232928658, 119.67699550902492 26.465756018186447, 119.67562727482175 26.46417688014752, 119.67313037251388 26.463339179922176, 119.67032643481578 26.463894535818937))"
446,22.902244000000003,113.56508060000002,1,379.66666666666663,duration_weighted_berth_medoid,"POLYGON ((113.56915802591632 22.898631865745177, 113.56619893270681 22.89769390034332, 113.56391689938648 22.897826299199643, 113.56195300337177 22.898746287425762, 113.56087627075937 22.900039379417404, 113.56018157598078 22.902222814971463, 113.56043257553856 22.90384556539529, 113.56134795061848 22.90525117148879, 113.5631993331518 22.90637289570379, 113.56631844453801 22.906820791304252, 113.56802979066761 22.906569558811267, 113.56951051079345 22.90574024250171, 113.57080883038347 22.90393351650221, 113.57123849742754 22.902033616006214, 113.57068046487723 22.90016221675727, 113.56915802591632 22.898631865745177))"
447,21.7187622987013,108.58509976623375,1,4828.216666666666,duration_weighted_berth_medoid,"POLYGON ((108.58821309191286 21.71450923012021, 108.5865615371741 21.713797950047212, 108.58474176989525 21.713754042907734, 108.58252354457832 21.71440567018825, 108.58089769364697 21.715720638627317, 108.58011853610196 21.717587886082242, 108.58038491988857 21.72016739202785, 108.58103017098817 21.721733297791072, 108.58228684214502 21.722936805723673, 108.58395201774172 21.723583595428952, 108.58575682064807 21.723569237070528, 108.58810423338339 21.72292583317177, 108.58968477185684 21.721584548515416, 108.5904174886261 21.719715938839414, 108.59038903263048 21.71742409957609, 108.5895453390142 21.715634612265408, 108.58821309191286 21.71450923012021))"
448,22.695742027272725,114.56135657272728,2,32033.86666666667,duration_weighted_berth_medoid,"POLYGON ((114.55932288888887 22.690917091591512, 114.55696665423933 22.691533063146995, 114.5547845791144 22.693724740414062, 114.5544009268585 22.695790746056137, 114.55540420939005 22.698568652897638, 114.55700798586705 22.699925084267875, 114.55867599255639 22.700403897314207, 114.5635328357129 22.700437866710192, 114.5656874833453 22.699703481005493, 114.56906732061039 22.696038917001598, 114.5693207277748 22.694050328909956, 114.56853387682186 22.692184245399883, 114.56675988571521 22.69070686292973, 114.5651566848845 22.69012697680161, 114.56343480523768 22.690146264052924, 114.5616209344472 22.690917091591512, 114.55932288888887 22.690917091591512))"
449,32.018449972972974,120.60370912837838,2,9886.699999999999,duration_weighted_berth_medoid,"POLYGON ((120.60380593119396 32.01393297927405, 120.60156884349391 32.01417865759274, 120.5993416308293 32.0155935734626, 120.59840924907853 32.01723693595611, 120.59847965652735 32.01964549874766, 120.59910807019264 32.02100646940497, 120.60065972128346 32.022264866978624, 120.6022912214776 32.02273671389735, 120.60519011189511 32.02277795506347, 120.60752940384053 32.02182026415699, 120.60888606003192 32.01977638202293, 120.61048309637233 32.01938208935901, 120.611836651145 32.01848505449689, 120.61300662997583 32.017080856468546, 120.61336813289967 32.01521411890801, 120.61235637065862 32.013123692954835, 120.61092884267335 32.01199866012113, 120.60934310585942 32.0114382004718, 120.60640157862754 32.01177510278193, 120.60380593119396 32.01393297927405))"
450,30.9830705,121.36064666666665,1,638.35,duration_weighted_berth_medoid,"POLYGON ((121.36442596600374 30.98042143741094, 121.36282536563779 30.979157048177935, 121.36071935342586 30.978686227785825, 121.35900186963863 30.97896241697576, 121.35703869276728 30.980120537993972, 121.35606255294358 30.981319257394873, 121.355682732817 30.98311106256487, 121.35722985292537 30.98604015462446, 121.35903686111916 30.9870847427023, 121.36076651042345 30.987312131964032, 121.36246625374432 30.986955648711604, 121.364126412309 30.985980452240902, 121.36519877202593 30.984731934736498, 121.36560980507113 30.983222012781763, 121.36442596600374 30.98042143741094))"
451,31.002073476190475,121.42959152380953,1,14059.799999999997,duration_weighted_berth_medoid,"POLYGON ((121.43259992591656 30.998369083187942, 121.42955274718243 30.997498880516574, 121.42693568220186 30.99767666920749, 121.42495942706536 30.998602519210927, 121.42375589512075 31.000234240093974, 121.42341745581591 31.002368248122416, 121.42376907942804 31.003886490519832, 121.42478989900876 31.005163303164004, 121.42674730502935 31.006111925035643, 121.430164858569 31.00634652545818, 121.43183270774965 31.006014077019753, 121.43323419337182 31.00517078426386, 121.43430733461568 31.003590716975733, 121.43465941036675 31.00126434644843, 121.43392236461 30.999511949241224, 121.43259992591656 30.998369083187942))"
452,30.115087999999997,121.94777714285715,2,58539.36666666667,duration_weighted_berth_medoid,"POLYGON ((121.94635690432405 30.110715922174126, 121.94452599437223 30.11131475011357, 121.94306028716085 30.11243452457369, 121.94207240101522 30.11503927248688, 121.94226083324955 30.117114546454278, 121.94298200116276 30.118472588295237, 121.9446213705416 30.119678536709152, 121.94628680890115 30.12007613803957, 121.94924058645998 30.120100614716435, 121.9511993620193 30.11924647633982, 121.95245687626102 30.11769176694376, 121.95285158946935 30.11515718653659, 121.95610281308063 30.114256352489946, 121.95723551080157 30.11308442197245, 121.95775841070231 30.111625337967748, 121.9568653975283 30.10828879280396, 121.95566692458753 30.107223024339234, 121.95366777522294 30.106560143391658, 121.95050044398486 30.106543487669327, 121.94880508427168 30.1071296606301, 121.94689777423608 30.108827018423327, 121.94635690432405 30.110715922174126))"
453,29.64011901574803,121.93736566535433,3,62334.83333333333,duration_weighted_berth_medoid,"POLYGON ((121.93726854142855 29.635817025389063, 121.93545330462715 29.6361593084873, 121.93402091141654 29.637050716951308, 121.93269508988905 29.638798522411538, 121.93240863014205 29.640293174784947, 121.93279852821865 29.641770019592908, 121.93380604499048 29.643006571833013, 121.93540440871023 29.644015905396085, 121.9371037332569 29.6444196930549, 121.94003038685838 29.643699430280005, 121.9421456160129 29.64110976622948, 121.94525689999791 29.64058954976704, 121.94722305497245 29.64104926685544, 121.95126036981206 29.64056467592405, 121.95314779484501 29.639096251804727, 121.95380775010229 29.63734537308435, 121.9533161554198 29.634509335877038, 121.95155325017572 29.632755224706283, 121.94940823485796 29.632183671689997, 121.94615296184433 29.632319979658522, 121.94267918859163 29.63110496978066, 121.94049306913405 29.63137446104996, 121.93857898749897 29.632541882906935, 121.93745404740467 29.634181143687908, 121.93726854142855 29.635817025389063))"
454,22.707787181818183,114.58389303030303,2,2674.8166666666666,duration_weighted_berth_medoid,"POLYGON ((114.58555256452777 22.703380082115824, 114.58373792118128 22.703052915382727, 114.58167716501606 22.703551027156568, 114.57991474068838 22.70488530798125, 114.57909414563194 22.70626922895855, 114.57889369678605 22.707835766281686, 114.57953907738101 22.710016227200608, 114.58059493565078 22.711286187823195, 114.582093793725 22.71209225456837, 114.58777078796392 22.712242457732238, 114.58972003383602 22.71119631572554, 114.59115062695227 22.709449299926806, 114.59148613376732 22.70746938366032, 114.59051795602086 22.705247967192648, 114.58838055801013 22.70362455188835, 114.58555256452777 22.703380082115824))"
455,29.51608548701299,121.66392238311688,1,11926.483333333334,duration_weighted_berth_medoid,"POLYGON ((121.66779342777241 29.513488786278444, 121.66621387460646 29.51223239878862, 121.66414555907187 29.511754649054303, 121.66245343709836 29.51201275199528, 121.66038849262387 29.51314331967403, 121.65935970030249 29.51442495772299, 121.65899035315975 29.515954915459304, 121.65933953780355 29.517488431247948, 121.660378243187 29.51903857221128, 121.6621246874572 29.520156821461114, 121.66383235096605 29.520451180496725, 121.66733905728978 29.519265098077845, 121.6684576174938 29.518085735451276, 121.66897057996012 29.516623155562133, 121.66879942803625 29.51510122130463, 121.66779342777241 29.513488786278444))"
456,21.583661,109.58908516666666,1,840.95,duration_weighted_berth_medoid,"POLYGON ((109.59273096228286 21.579888584052718, 109.59084033122055 21.57913091453224, 109.58831109190594 21.579210590426474, 109.58663971390689 21.579687404467, 109.58529070740902 21.58072148165591, 109.58436186867264 21.582552824888538, 109.58429761599957 21.584802801324148, 109.58480634749614 21.58636225035942, 109.58591813833524 21.58762195133259, 109.58789130116142 21.58848972429785, 109.59080619713718 21.588550498526878, 109.59245921551934 21.588092098744003, 109.59380452856877 21.58708818405932, 109.59475797109539 21.5852977090515, 109.59491505524326 21.582850011431553, 109.59407402612501 21.581028326693453, 109.59273096228286 21.579888584052718))"
457,26.780596454545456,119.71788615909091,1,3690.833333333333,duration_weighted_berth_medoid,"POLYGON ((119.72110408728241 26.77614031466358, 119.719472389618 26.775460993125414, 119.7176729623851 26.775408314594685, 119.71503976632013 26.776211549904097, 119.71354380096153 26.77759227622285, 119.71293880815587 26.779435716796222, 119.71331285631695 26.78201716350768, 119.71403516705558 26.783397383609064, 119.71528205322478 26.784437450357828, 119.71729895859619 26.785037021134116, 119.71975400997181 26.78475040942853, 119.72134759949664 26.784152667031808, 119.72257031326967 26.783061931651233, 119.72330880147669 26.78125642250295, 119.72327925599834 26.778937542733164, 119.72243534050821 26.777220597270684, 119.72110408728241 26.77614031466358))"
458,27.490973313253015,120.67139185542167,2,10803.916666666668,duration_weighted_berth_medoid,"POLYGON ((120.67267287023081 27.486731599644166, 120.67088597031106 27.48657400248983, 120.66920112893922 27.487037433334173, 120.66740039172312 27.48853386607764, 120.66657933339435 27.489944509381658, 120.6664443443678 27.49152754863732, 120.66701685509086 27.49303166343526, 120.66820597550195 27.494218072779972, 120.67033923095872 27.495251237689793, 120.6721055163603 27.49532810382842, 120.67459188157208 27.4942186567344, 120.67782638501666 27.49403928849611, 120.67950122468486 27.49285251060402, 120.6806395051564 27.490931962429208, 120.68033516827742 27.488183046042465, 120.67800383531802 27.48613988549663, 120.67510636835927 27.48566274081789, 120.67267287023081 27.486731599644166))"
459,31.948618238095236,120.13104442857143,3,1551.1,duration_weighted_berth_medoid,"POLYGON ((120.12366165635194 31.945998286257446, 120.12261822174817 31.947754882703123, 120.12268052818881 31.95007595758984, 120.12359762994883 31.951780513370526, 120.12536127624291 31.952908176868, 120.12831620799142 31.95318861002472, 120.13285257617642 31.952393946125245, 120.13442175164434 31.951708382937092, 120.13575259752427 31.9502239720605, 120.13609394343685 31.94838145761396, 120.13533912174555 31.94621991563717, 120.13292310225633 31.94310052428314, 120.13114306338198 31.94193061102126, 120.12891763114189 31.94164068692092, 120.12559356457503 31.942620017410956, 120.12413471851131 31.944034162916733, 120.12366165635194 31.945998286257446))"
460,31.433826716666665,121.46976915,1,13061.666666666666,duration_weighted_berth_medoid,"POLYGON ((121.4750431083664 31.428104742240315, 121.47269482684884 31.42715452923887, 121.4682802828596 31.42725614232554, 121.46661144279541 31.42760275560168, 121.46493661827859 31.428738760675703, 121.46401186936282 31.430772437153816, 121.4640878114731 31.435143548436145, 121.46462211118167 31.436569275941107, 121.46575574737308 31.43771160788302, 121.4681829137896 31.438531124433162, 121.47287533954187 31.438466926852087, 121.47450431783601 31.438032398756214, 121.47582569432015 31.437110731129653, 121.47683277060588 31.435120599582884, 121.47695424083413 31.43102114941547, 121.47630784689049 31.42929382712895, 121.4750431083664 31.428104742240315))"
461,39.830517223684204,124.1593817368421,2,58488.34999999999,duration_weighted_berth_medoid,"POLYGON ((124.15445353421305 39.829192854169904, 124.15434196502818 39.8323662458931, 124.15582599105673 39.83433459263196, 124.15949010351925 39.835475209998165, 124.16119231283615 39.835268077523885, 124.16266763351392 39.83458395978735, 124.16393950152438 39.83347439971899, 124.16453933076494 39.83176335697111, 124.164457185024 39.829513734071, 124.16376852654338 39.82825802837022, 124.16384207582034 39.82525856470254, 124.16287540148417 39.82371469561171, 124.16067935473991 39.82254995183877, 124.15894976588123 39.82218364732509, 124.15717148844406 39.8223664927558, 124.15562825934238 39.82306930979119, 124.15435660218908 39.82417875691603, 124.15378238128628 39.825531777588516, 124.15377031531673 39.8276718203229, 124.15445353421305 39.829192854169904))"
462,26.138360499999997,119.60441134999999,1,7463.45,duration_weighted_berth_medoid,"POLYGON ((119.60716729561621 26.134317303306194, 119.60527553556196 26.13358564210267, 119.60275078201224 26.133662911613236, 119.60108004434424 26.13412364972106, 119.5997316806169 26.13512200676784, 119.59880333622549 26.136889666695318, 119.59873913115126 26.13907268148227, 119.59924786264801 26.140578217093278, 119.6003596534873 26.14179436522307, 119.60233281631363 26.14263213463012, 119.6052430047924 26.142690766243042, 119.60689765865655 26.14224726321071, 119.60824362758159 26.141276109885236, 119.60919574408612 26.139544631372452, 119.60935052707956 26.137171762083316, 119.60850918688328 26.13541625224171, 119.60716729561621 26.134317303306194))"
463,24.839041037037035,118.93367592592593,2,908.25,duration_weighted_berth_medoid,"POLYGON ((118.92996077912694 24.841945798273986, 118.93246145800185 24.843373632156506, 118.93532704114206 24.84316241685597, 118.93754419566581 24.84188442543037, 118.93859467494461 24.839699756914264, 118.93826374246409 24.83752321873056, 118.93714710299733 24.835791899614332, 118.93090259055741 24.8329984237581, 118.92917114052598 24.833152453356778, 118.92763406956826 24.83389204341448, 118.92608277678907 24.83558132634776, 118.9255602814391 24.837056937185828, 118.9256825530118 24.838602865357572, 118.92643191303871 24.83999559642497, 118.92825124814964 24.841403904102723, 118.92996077912694 24.841945798273986))"
464,26.2879826875,119.8709750625,1,438.0333333333333,duration_weighted_berth_medoid,"POLYGON ((119.87462973450856 26.285238927659798, 119.87300073642477 26.2839856582221, 119.87134218988513 26.283566318087892, 119.86962960467712 26.283737771377233, 119.86756672978079 26.284808399741966, 119.86626142880569 26.28642592398772, 119.86594929301695 26.288004541620108, 119.86741836461354 26.29110739665868, 119.8687990336086 26.292057903377472, 119.87091679702462 26.29247463983219, 119.87435153602222 26.291180411471466, 119.87543215153842 26.289935231935047, 119.87589625194863 26.288413378882638, 119.87567260097534 26.286848440506184, 119.87462973450856 26.285238927659798))"
465,32.2366562,119.17423386666665,1,705.1,duration_weighted_berth_medoid,"POLYGON ((119.17853878337242 32.23453180344992, 119.17721136359998 32.23309888938589, 119.17524828335262 32.23235278941708, 119.1735206535152 32.2323720647512, 119.1711453454056 32.233157353095194, 119.16991171053607 32.23422967025261, 119.16926320900787 32.2356217212101, 119.16930041946448 32.23711759809753, 119.17017224266476 32.23914926247097, 119.1717723852523 32.24035114734239, 119.17341704406151 32.24077110521407, 119.17733443257593 32.23999397564077, 119.17859476117928 32.238918608757686, 119.17925841383577 32.237512277635375, 119.17921996418431 32.235998379215545, 119.17853878337242 32.23453180344992))"
466,31.8153738627451,118.52854941176471,2,10568.066666666666,duration_weighted_berth_medoid,"POLYGON ((118.52542764434043 31.818806942013477, 118.52614751640807 31.82111716257114, 118.5281936718712 31.822556178567933, 118.53099658126926 31.823027288104765, 118.53376714788205 31.8218497167198, 118.53495419109015 31.819990839460885, 118.535191790951 31.818173869896306, 118.53464079622788 31.81678284518231, 118.53357997421388 31.815720837716576, 118.53323574559455 31.813770379612492, 118.5322229357135 31.81253954240123, 118.52886965482261 31.81118508622164, 118.52712307868003 31.811372938178472, 118.52527679986393 31.81237796250525, 118.52390924594043 31.814396807326624, 118.52361837963723 31.815833733957817, 118.52417213516911 31.81758790405414, 118.52542764434043 31.818806942013477))"
467,22.222920625,113.384306625,1,2728.5499999999997,duration_weighted_berth_medoid,"POLYGON ((113.38714622894993 22.219136633580323, 113.3856168343713 22.218456035036187, 113.38350331573395 22.21841592392515, 113.38144018311152 22.219093009005636, 113.37986732790094 22.220435825371244, 113.3791440179747 22.22229991042706, 113.37943867103071 22.224702321832297, 113.38011885919664 22.22624956374153, 113.3814019731129 22.227424113337992, 113.38353153380856 22.228087743493766, 113.3859159901296 22.22776257960334, 113.38756464940397 22.22705287312264, 113.38877429847147 22.225796303125026, 113.38934671707727 22.224198767324484, 113.38922973810067 22.22166398396433, 113.38848017614883 22.22026010019917, 113.38714622894993 22.219136633580323))"
468,31.668483300000002,121.8519988,1,821.4666666666667,duration_weighted_berth_medoid,"POLYGON ((121.85496102894933 31.66502383782524, 121.85329570899688 31.66436947939917, 121.85099348995494 31.664348651907538, 121.84927808623705 31.664771176140988, 121.84789169596215 31.665729205120595, 121.84705347281722 31.667071284908825, 121.84676882399098 31.669113637318638, 121.84728698464163 31.670534024843644, 121.84840283177596 31.671678597402355, 121.85037416556796 31.672463722655976, 121.85296603699273 31.672622492670225, 121.85460325422582 31.672210730728903, 121.8559416632266 31.671308747645124, 121.85696818335224 31.669595091643444, 121.85715139048648 31.667767119887035, 121.85631286064786 31.666076979184204, 121.85496102894933 31.66502383782524))"
469,36.37479177777778,120.87205381481482,1,2940.8166666666666,duration_weighted_berth_medoid,"POLYGON ((120.87625114721759 36.37265015589941, 120.8750209743089 36.37123564995597, 120.87311647571576 36.370441654197876, 120.87097185428577 36.370449210255615, 120.86880522864281 36.37132704936675, 120.86764193384309 36.37233437661535, 120.8669754196626 36.37396162821832, 120.86807989029438 36.377176083226104, 120.86966761921262 36.37833673970416, 120.87131068556987 36.37875072199849, 120.87302648797393 36.378636633684856, 120.8749134199167 36.37792417794462, 120.87618049708375 36.376949508181674, 120.87688789326629 36.37565862756761, 120.8769279265617 36.37424802740039, 120.87625114721759 36.37265015589941))"
470,24.86261594736842,118.88375985087718,1,5573.083333333333,duration_weighted_berth_medoid,"POLYGON ((118.88737222496677 24.85968481738056, 118.8855999925102 24.85845686080107, 118.88384523929656 24.858133046512435, 118.88209051427432 24.85845698654833, 118.88011456927876 24.85968104744048, 118.87916760285722 24.860981373109826, 118.87884572324758 24.862900680426375, 118.88041894859161 24.86584522196286, 118.88219826004085 24.86688497175307, 118.88387956773181 24.867106302977916, 118.88726048458555 24.865768755120488, 118.88834385661268 24.864462285441316, 118.88877408489788 24.86287460471547, 118.88848192179333 24.861261253439302, 118.88737222496677 24.85968481738056))"
471,32.0242904375,120.635300125,3,71795.06666666667,duration_weighted_berth_medoid,"POLYGON ((120.62986291937983 32.023663418676875, 120.63099562554861 32.02633330970299, 120.63210383992116 32.02747587552909, 120.63364199440306 32.028174196466736, 120.63623559821758 32.028455863744426, 120.63834781108956 32.02778114036903, 120.6412437424346 32.025655144059925, 120.64239488904009 32.02392672691047, 120.64256313013085 32.02245079081824, 120.64182740725016 32.02071245428612, 120.64016626783665 32.019310143715465, 120.63665798415592 32.01828241492261, 120.63430839756968 32.01816985626683, 120.6322759819805 32.018712791209076, 120.63062205510876 32.019980161524565, 120.62978545705201 32.02160423232893, 120.62986291937983 32.023663418676875))"
472,22.145222818181818,113.09975409090909,1,589.7166666666667,duration_weighted_berth_medoid,"POLYGON ((113.10425765806283 22.142826714410607, 113.10306122856075 22.141174533555535, 113.10117337148738 22.140225797146076, 113.09902577136168 22.140197461988542, 113.097090355977 22.140936881398336, 113.0957469445453 22.142030409971063, 113.09488201084707 22.143931356898367, 113.09578368526451 22.14777894254683, 113.09695941296131 22.148970174405516, 113.09896602274709 22.14973625422276, 113.10277067828926 22.148915064213213, 113.10407651724442 22.147819839646715, 113.10482713424624 22.146343675920885, 113.10490705944864 22.14471364810619, 113.10425765806283 22.142826714410607))"
473,32.0151974251497,120.63335938922155,2,16438.033333333333,duration_weighted_berth_medoid,"POLYGON ((120.62718603962638 32.01449271858579, 120.6291212448908 32.01795642247855, 120.63167234618682 32.019277810889335, 120.63409670316953 32.01945132635867, 120.63580508440323 32.019023789400975, 120.63718312462129 32.018066838442714, 120.63811879579676 32.016361538998076, 120.63829350303688 32.01402640741835, 120.63754420109244 32.01230072346739, 120.63484513656742 32.009506345001476, 120.63246558709608 32.0085132611872, 120.62957151389767 32.008892521844274, 120.62743896410943 32.01024735487534, 120.62658693349587 32.01238824634964, 120.62718603962638 32.01449271858579))"
474,38.095907905660376,118.03897337735849,2,12100.816666666668,duration_weighted_berth_medoid,"POLYGON ((118.03868888083298 38.09091204491993, 118.03624134184078 38.091399499979616, 118.03425973032037 38.0929053471912, 118.03360715592389 38.09447107672339, 118.03365336646718 38.09719682850778, 118.03446606411175 38.098854889864796, 118.0357989262644 38.09982277105067, 118.0405769327 38.10048023488328, 118.0425425373187 38.09984427774224, 118.04391657730802 38.09856838132454, 118.04451078997941 38.093844820959454, 118.04630867842829 38.09325359527206, 118.04771372939358 38.09197175988511, 118.0485889822765 38.08953962879235, 118.04823557200187 38.08785171562689, 118.04724561573137 38.08672061180601, 118.04513065378 38.085643890935174, 118.04335093827817 38.085401016864026, 118.0415935751535 38.08572960113817, 118.04003060544181 38.08657490906087, 118.03896394708377 38.08773373276007, 118.03868888083298 38.09091204491993))"
475,38.06484218181818,118.037997,2,7274.983333333334,duration_weighted_berth_medoid,"POLYGON ((118.03572268396344 38.058536020192825, 118.033632478051 38.05974499908223, 118.03262338713338 38.06117011811842, 118.03267849697616 38.06702830942723, 118.03385967284702 38.06852229817666, 118.03537916639014 38.06927462176379, 118.03855686060149 38.06973080792688, 118.04029721022712 38.06954308221604, 118.04181300901855 38.068844216794325, 118.04304502096794 38.06742089480456, 118.0435897329228 38.06258534462722, 118.04533214523522 38.060488254454576, 118.04513845573155 38.058225863751154, 118.04338874323624 38.0562984449107, 118.04048655213228 38.0556731055132, 118.03732729954248 38.05651976348475, 118.03572268396344 38.058536020192825))"
476,38.182464181818176,118.07916472727274,4,2488.4333333333334,duration_weighted_berth_medoid,"POLYGON ((118.07413762304293 38.183485795691276, 118.07437286735211 38.18492090066298, 118.07534093271774 38.18617449197745, 118.07597763152381 38.19091467347295, 118.07734788395841 38.192724154464855, 118.07933892166305 38.19353623233748, 118.08278679344583 38.19367413282337, 118.08451679204842 38.19343747635588, 118.08599912572498 38.19269759188352, 118.0872817150672 38.19090854766545, 118.08737819130525 38.18721282428339, 118.08644828085421 38.18562004663587, 118.08457272830995 38.1845512636867, 118.0848897851758 38.1821135414955, 118.0837667760212 38.18002228654503, 118.08379011617913 38.17750338320323, 118.08224365882592 38.175540509418305, 118.08033301970214 38.17482366357364, 118.07685059383446 38.174570980043455, 118.07512814410008 38.17497622566041, 118.07374586287767 38.175880049549754, 118.07282559658711 38.177484473007496, 118.07251835988507 38.1808787345187, 118.07292429620627 38.1822459678191, 118.07413762304293 38.183485795691276))"
477,38.07543775,118.0461615,1,32434.999999999996,duration_weighted_berth_medoid,"POLYGON ((118.05013120596236 38.06955508497517, 118.04769832161196 38.06856812731339, 118.04380912659003 38.06884029820208, 118.04184524940953 38.06945984672896, 118.04028193541617 38.071024129910384, 118.04003642463947 38.080420166025334, 118.041331766738 38.08232234370186, 118.04316231860685 38.08337036053249, 118.04495394224664 38.0836129348814, 118.04883670349211 38.083150255855365, 118.05063269492149 38.08225271639254, 118.05156107628899 38.081124440591815, 118.05187464028216 38.072065248828444, 118.05136628565461 38.07074323795656, 118.05013120596236 38.06955508497517))"
478,39.38410135135135,121.75049435135136,3,23560.933333333334,duration_weighted_berth_medoid,"POLYGON ((121.74197216054226 39.38124572098743, 121.73911353325663 39.38203312866851, 121.73783322923799 39.383089918094484, 121.73716326115836 39.38431551523844, 121.73744538588454 39.38785345586753, 121.73828893460824 39.38908570627992, 121.73969172310612 39.3899620890352, 121.7418812362204 39.390349259329945, 121.7476579536741 39.39007098488269, 121.74951628812109 39.38913784250387, 121.75044717120939 39.387944898159866, 121.75311945260273 39.38746024719216, 121.7548779196363 39.385953186834556, 121.75535873420387 39.383474456022185, 121.75490534390335 39.381803586543015, 121.75382647646137 39.38071549299943, 121.75045013109637 39.37905257221668, 121.74869423646346 39.378689198512745, 121.74587037851002 39.37883157467202, 121.74403714387287 39.37977055712218, 121.74300897946785 39.38124753835257, 121.74197216054226 39.38124572098743))"
479,38.02929429069767,118.0351703255814,2,11538.283333333333,duration_weighted_berth_medoid,"POLYGON ((118.03238808080671 38.03356453413444, 118.0339258341997 38.03537602966415, 118.0367992380633 38.03627176947258, 118.03942712468366 38.03600862287828, 118.04140968494198 38.03462479571095, 118.04201489019732 38.03330563871765, 118.04218652948389 38.03068303222843, 118.04071784875926 38.028799921053846, 118.0401192177678 38.027185051894676, 118.0385503488354 38.0259298897278, 118.03425566379539 38.025316941410516, 118.03264471520598 38.025764783245585, 118.03111661020586 38.02693145893531, 118.03049801737272 38.028185808799456, 118.03026990374826 38.030947099398645, 118.03102921019745 38.032552381499116, 118.03238808080671 38.03356453413444))"
480,37.71563122580645,121.10949064516129,1,8272.3,duration_weighted_berth_medoid,"POLYGON ((121.11393135836678 37.71148516677134, 121.11145930177418 37.71059087252974, 121.10770243849586 37.71076488419173, 121.10605897763277 37.71113130113476, 121.1044389988597 37.712221725080894, 121.10359161808996 37.71411738852541, 121.10381481656474 37.71823158786026, 121.10440653996747 37.71955292785819, 121.10559831332178 37.720590363333486, 121.10764255183763 37.72124825798497, 121.11202771484193 37.72109076758036, 121.11369542619914 37.72059436951432, 121.11498788816333 37.71962409122265, 121.11577423590322 37.71798271305424, 121.11583871837372 37.71414970382614, 121.11518633297939 37.71257498255612, 121.11393135836678 37.71148516677134))"
481,39.271879642857144,121.57631335714287,6,3755.9000000000005,duration_weighted_berth_medoid,"POLYGON ((121.56715313186947 39.27099263470757, 121.56730750553925 39.273470281576934, 121.56873361398381 39.27510672704798, 121.57268766115064 39.27659919021753, 121.5771615961239 39.277096001851554, 121.57943028795842 39.27873409100567, 121.58369928438 39.27885520058786, 121.5852448744849 39.27821570802952, 121.58654512409208 39.27685858878924, 121.58680355636018 39.27414879192009, 121.58561265394383 39.27238963246752, 121.58379014515394 39.27151077783535, 121.5814838856619 39.27124520101845, 121.57939506344262 39.26851142564577, 121.57783336731713 39.26789287183606, 121.57607514494258 39.267767960282036, 121.57364144338293 39.26627873951029, 121.5710347821569 39.26618088384609, 121.56838286121666 39.267240594017125, 121.56704470164667 39.26893398108621, 121.56715313186947 39.27099263470757))"
482,38.02231231481482,118.02859425925926,5,47516.28333333334,duration_weighted_berth_medoid,"POLYGON ((118.01600876099069 38.01869723571264, 118.01843098101551 38.021938641702164, 118.02116689460514 38.02306775590319, 118.02238676554818 38.024429595962424, 118.02387206194877 38.02510836266769, 118.02746278879766 38.02610772113188, 118.02951755464724 38.02606452322182, 118.03185092244784 38.025251114103476, 118.0331023290561 38.023888073207296, 118.03343302913802 38.022563011850956, 118.03310840051205 38.02098419960445, 118.03072073456069 38.018131290465114, 118.02825559718202 38.016865145556224, 118.0272296111274 38.015421252264616, 118.02499680985181 38.01388841570135, 118.0213123629698 38.01189573257727, 118.01773392746476 38.01170059501109, 118.01613942812789 38.012267891692154, 118.01494097931406 38.01327211002801, 118.01423027920221 38.0162982919191, 118.0147636188438 38.01758367064748, 118.01600876099069 38.01869723571264))"
483,37.57740816883117,121.39182688311688,3,4721.533333333334,duration_weighted_berth_medoid,"POLYGON ((121.38684722184662 37.579791035882295, 121.38374930395635 37.57949716890489, 121.38108280857546 37.58084417659834, 121.37992209770583 37.58297546457837, 121.3804913375576 37.585056483887534, 121.38176502974754 37.586414430549155, 121.383686064583 37.58715289041468, 121.38903898525169 37.58733690687683, 121.39081107613549 37.587022558787666, 121.39257177886323 37.58589838632546, 121.39364250400935 37.58429390451619, 121.39372257820303 37.58289801579409, 121.39288476995124 37.581312625598265, 121.39520842040163 37.580503323249935, 121.39650562195251 37.5790489783088, 121.39697888733401 37.57711096344389, 121.39635994612622 37.57543310276388, 121.39517758767865 37.57438800637101, 121.39293259280679 37.573601938607425, 121.39123968438697 37.57352293766471, 121.38963048212982 37.57394704922509, 121.38833438051287 37.5748138077798, 121.38728083143525 37.57627888217859, 121.38695949727811 37.57797879999881, 121.38769057918815 37.57961053301593, 121.38684722184662 37.579791035882295))"
484,37.42031333519553,122.63597341340783,2,14771.733333333334,duration_weighted_berth_medoid,"POLYGON ((122.6347588749043 37.42410268244198, 122.63579596607845 37.42564959433922, 122.6375806943727 37.42659988075588, 122.64095026229624 37.426763097364415, 122.64265944874938 37.42643920706523, 122.64408136339456 37.42561934899209, 122.64513023622166 37.42409398168497, 122.64478817363246 37.42049807063391, 122.64339441544284 37.419144313571614, 122.64048622707911 37.41844857431323, 122.63842645595783 37.41682545297506, 122.6359362580687 37.41631514057669, 122.63373063951194 37.41667239327917, 122.63177896755177 37.41814094155533, 122.63085217842035 37.420855538617566, 122.63209008570936 37.4230368870928, 122.6347588749043 37.42410268244198))"
485,31.119130523809524,121.4662780952381,1,1089.0,duration_weighted_berth_medoid,"POLYGON ((121.4704523900508 31.117253572837637, 121.46909993373501 31.115730495605682, 121.46705754877493 31.1149539061267, 121.46526399596391 31.11500702093931, 121.46304323293506 31.115958953870088, 121.461661766708 31.117383007270817, 121.46122301291591 31.11882091837574, 121.46243036964576 31.122209632987605, 121.46415933215543 31.12342785742488, 121.46590812135177 31.12378656030485, 121.46768111552558 31.123529270728856, 121.46954309623229 31.122655111380958, 121.4706932407865 31.121488006723627, 121.47122207446806 31.120029692639747, 121.4704523900508 31.117253572837637))"
486,31.695559,121.17375127586207,1,1511.25,duration_weighted_berth_medoid,"POLYGON ((121.17689809258354 31.69202073219978, 121.17483128989338 31.691211680431678, 121.17213000071071 31.69120003000676, 121.17043901485994 31.691527802452626, 121.16902002635325 31.69237625563653, 121.16808459503962 31.693618880044284, 121.16758791678012 31.695934385461847, 121.16795509303815 31.697391170158, 121.16894907067501 31.698617766718165, 121.17083548946239 31.69954902191938, 121.17433127950602 31.69985479831718, 121.1760763597023 31.699529012979927, 121.17753412260586 31.69865021390767, 121.17860831603498 31.696992508225833, 121.17894546798864 31.69480438821554, 121.17819807634199 31.693126961059736, 121.17689809258354 31.69202073219978))"
487,25.345006,119.64098595,2,17889.866666666665,duration_weighted_berth_medoid,"POLYGON ((119.63693609836729 25.34123407685531, 119.63419654252148 25.341939893868105, 119.6323374531053 25.343861944172104, 119.63182323274548 25.34612032376273, 119.63303351265739 25.348563080871674, 119.63505478251578 25.34979263170743, 119.63681075084308 25.350152756044547, 119.6395996984477 25.34933689870799, 119.64227741755172 25.34948785128256, 119.64427021792197 25.34860828071586, 119.64537254650153 25.347344226638082, 119.64614302878695 25.344821650137476, 119.64592617947098 25.343251010242362, 119.64506116373154 25.341874706259677, 119.64327666796522 25.340740942923773, 119.64025090071384 25.340209611082322, 119.6384797773537 25.34041723227172, 119.63693609836729 25.34123407685531))"
488,30.111146020202018,121.97442830303031,2,14882.633333333335,duration_weighted_berth_medoid,"POLYGON ((121.96957373218831 30.11204876982666, 121.96735986025975 30.11451150049941, 121.96740214835621 30.117060066556427, 121.9682781029645 30.118325474173734, 121.9698014033885 30.119391068143848, 121.97144037235249 30.119917462363148, 121.97318753057965 30.119862715127063, 121.97512205846346 30.11899810370913, 121.97657824307169 30.11735775265105, 121.97695883478798 30.1148588361276, 121.97921886012547 30.112284708372382, 121.97933493350108 30.11008811265375, 121.9783521224794 30.108456118031587, 121.97680577705837 30.107420924366178, 121.97511797283967 30.10686755617141, 121.97331463726685 30.10693364853298, 121.97133958936416 30.10786156704357, 121.97006029242229 30.109314659423564, 121.96957373218831 30.11204876982666))"
489,29.93079119230769,121.98673326923077,2,76034.81666666667,duration_weighted_berth_medoid,"POLYGON ((121.98672089137361 29.92557216031037, 121.98457219566127 29.926031358673296, 121.98249157577195 29.92764702259643, 121.98182655693877 29.929108104348, 121.98184294227245 29.931545342092736, 121.98243097495119 29.933018709987156, 121.98401694957994 29.934389699327173, 121.98847962041694 29.935031409003457, 121.99084054713353 29.933993722663303, 121.99215614496632 29.931765802950675, 121.99501317470326 29.929969567020798, 121.99578803727783 29.92862088675976, 121.99591391886626 29.92711820522492, 121.99457256271867 29.92478996321212, 121.99176314311272 29.923369136753983, 121.9891550238901 29.923650591595685, 121.98672089137361 29.92557216031037))"
490,30.15697384375,122.0797638125,1,44589.3,duration_weighted_berth_medoid,"POLYGON ((122.08270222591646 30.153400466739896, 122.08057498290454 30.1525694138506, 122.07808397278518 30.152588961802362, 122.07634745746884 30.15297180537732, 122.07492225983749 30.153911222077816, 122.0740352553577 30.155257654272145, 122.07370016212515 30.157676907399335, 122.07414765740691 30.159098891617173, 122.07517566448293 30.1602743262995, 122.0770451751617 30.161144510923382, 122.08024034121756 30.16137563414786, 122.0818970076909 30.16105399509981, 122.08329721344964 30.16022362046984, 122.0843878856684 30.158656638505693, 122.08476713054647 30.156370082594233, 122.08403650935583 30.154568698272758, 122.08270222591646 30.153400466739896))"
491,29.962254425531913,121.80487465957448,1,13433.533333333335,duration_weighted_berth_medoid,"POLYGON ((121.80852323652387 29.959524883769745, 121.80680769520221 29.958313417323303, 121.80507967411074 29.957953729693322, 121.8033259003131 29.95820286682868, 121.80129769676671 29.959374185880144, 121.80027424290405 29.96064244749131, 121.79992037703481 29.962544954325875, 121.8004321796098 29.964027504196064, 121.80163753634761 29.96548009377578, 121.80312921521953 29.966327103752878, 121.80533139821793 29.96657745642266, 121.8086392812798 29.965025893805485, 121.80957274094189 29.963719594768207, 121.80984982105406 29.962202083484197, 121.80852323652387 29.959524883769745))"
492,38.95770121428571,117.7601954047619,1,30864.883333333328,duration_weighted_berth_medoid,"POLYGON ((117.76407494864502 38.954207218295004, 117.76212541648103 38.95348519104211, 117.75935914669948 38.953530681533, 117.75766867014511 38.95391880269093, 117.75630040873034 38.9547828889672, 117.7553567317328 38.95632416749994, 117.75529104933293 38.958311732400205, 117.75579978082956 38.95961581069974, 117.75691157166882 38.960669219517676, 117.75888473449521 38.961394879774986, 117.76197634313567 38.96144570433578, 117.76362921185782 38.96106245133924, 117.76497446477387 38.96022309736316, 117.76581372994798 38.95905140081077, 117.766143513207 38.956911660949714, 117.76541823337386 38.95526845576567, 117.76407494864502 38.954207218295004))"
493,31.380274055555553,121.56458599999999,1,8520.766666666666,duration_weighted_berth_medoid,"POLYGON ((121.56818276489969 31.376499991757786, 121.56662527853133 31.37579159867732, 121.56486836131735 31.375650143707972, 121.56233217005338 31.376040293510794, 121.56058999217898 31.3771515309817, 121.55966345646556 31.378831233109942, 121.55959942552342 31.380949381223143, 121.56010815702008 31.382381119209988, 121.56121994785931 31.383537652319575, 121.56319311068565 31.38433435338159, 121.56608160832434 31.384390364036843, 121.5677256708841 31.383974447780215, 121.56906735159197 31.383062867326075, 121.56991110693272 31.381788469254584, 121.57025366064408 31.37949533458076, 121.56953237673014 31.37767333652068, 121.56818276489969 31.376499991757786))"
494,29.756282893617023,122.06266208510638,1,13531.516666666665,duration_weighted_berth_medoid,"POLYGON ((122.06573606877403 29.75203382479239, 122.06382578984673 29.751234869009895, 122.0621240133859 29.751205295567274, 122.05950367843509 29.751973754281153, 122.0580053450468 29.753299878518607, 122.05738373473712 29.755077346394916, 122.05774288746306 29.75771199046677, 122.05845299436297 29.759068598664662, 122.05969742858805 29.76009489423236, 122.06172213502234 29.760691409237864, 122.06420066971945 29.760416176093855, 122.0657916176463 29.759841071235595, 122.06701599428696 29.75878821363971, 122.06776377474073 29.757041345771928, 122.06774426640534 29.754654829853674, 122.06707666970958 29.753215074643162, 122.06573606877403 29.75203382479239))"
495,29.953854222222223,121.96675269696969,2,10612.583333333332,duration_weighted_berth_medoid,"POLYGON ((121.96501272516224 29.94906213465634, 121.96332289428463 29.950024773568728, 121.96214025686143 29.951502735570656, 121.96183130348429 29.9540803677693, 121.96217113956466 29.955565287970437, 121.96313922329436 29.95682549039457, 121.96458906277418 29.957670290854903, 121.96684872848944 29.958211970840672, 121.96903199553421 29.957929023233067, 121.97128271058627 29.95613278164813, 121.97207204983287 29.95324014294769, 121.97382996155541 29.952375569308554, 121.97486624898899 29.951136105510805, 121.97545515289978 29.948444741080785, 121.97516714010486 29.946937990921228, 121.97423216524777 29.945643271625926, 121.9727942140324 29.944759980929604, 121.96877539775939 29.944344116034607, 121.96589056241162 29.946049191383512, 121.96514085109796 29.947389489705774, 121.96501272516224 29.94906213465634))"
496,40.201308195121946,121.96150207317073,1,2243.516666666667,duration_weighted_berth_medoid,"POLYGON ((121.96521446994055 40.198994629368975, 121.96394997268338 40.198049340627875, 121.96186432433448 40.19750623424892, 121.96010718166386 40.19766469363584, 121.9579906549877 40.19858017247399, 121.95689700359995 40.19967088667943, 121.95645131551284 40.20100186282106, 121.95672506372061 40.202359650795124, 121.95792202228665 40.203951245479914, 121.9592851580274 40.2047261392184, 121.96135479349306 40.205065778872324, 121.9648271308301 40.204030492645366, 121.96591841102561 40.202988234537095, 121.96640637473263 40.20170677445625, 121.96621717396043 40.200380039767026, 121.96521446994055 40.198994629368975))"
497,32.069454391025644,120.52568014743589,1,10951.566666666666,duration_weighted_berth_medoid,"POLYGON ((120.52934747678947 32.06683096464979, 120.52762768424473 32.065616489963325, 120.52588203651669 32.06525231005658, 120.5241076921645 32.06549743151939, 120.52204901659802 32.06659396085236, 120.52088920106911 32.068112944134064, 120.52064601764657 32.06955063620297, 120.52211167303602 32.072385949480626, 120.52346562316202 32.07327263032724, 120.52554265668293 32.07367865723601, 120.52901060259612 32.07250360166545, 120.5301321158356 32.07132380264662, 120.53062169346984 32.069866735511056, 120.53040177059661 32.068363239404455, 120.52934747678947 32.06683096464979))"
498,35.57396969444445,119.77430038888889,2,19603.716666666667,duration_weighted_berth_medoid,"POLYGON ((119.7701626589687 35.576862276507505, 119.7715633108766 35.577975117651, 119.77320032942688 35.57846947349364, 119.77625816558229 35.57843250344613, 119.77829344247623 35.57776958509707, 119.77948833466444 35.57671817753026, 119.78009463001277 35.57537399530804, 119.78004110767074 35.5731175399393, 119.77921649239163 35.571471357673985, 119.77400268278245 35.568596255211595, 119.77075961005914 35.5684137126464, 119.76879505259238 35.56901039822437, 119.76668567047828 35.57099491531362, 119.76656818023444 35.573764888306954, 119.7676697487529 35.57571395420401, 119.7701626589687 35.576862276507505))"
499,30.683163993006993,121.28538518881119,1,45626.75000000001,duration_weighted_berth_medoid,"POLYGON ((121.28906827207092 30.67973597885576, 121.28710169448114 30.67893449247887, 121.2844200147789 30.678989985391205, 121.28273920998684 30.679425219142345, 121.28138071986211 30.68038125129603, 121.28044458001149 30.68208033324156, 121.28037962409023 30.684247091602746, 121.28088835558687 30.685689342606807, 121.282000146426 30.686854368270495, 121.2839733092522 30.68765691976599, 121.28696845179263 30.687713230861842, 121.28861712922318 30.687291700998482, 121.28996069024788 30.686368184378328, 121.29080211159454 30.68507809602042, 121.29113797290213 30.682739497988813, 121.29041457277586 30.68091359276683, 121.28906827207092 30.67973597885576))"
500,21.16084528358209,110.40823056716418,1,20501.166666666668,duration_weighted_berth_medoid,"POLYGON ((110.41220626692225 21.158360298045853, 110.41072738542938 21.156851679236503, 110.40909736850995 21.15623297356936, 110.40733756922872 21.15624583035242, 110.4050620333495 21.157149599445805, 110.40382739403158 21.15833247620916, 110.40317867473692 21.159868345038763, 110.40321662330936 21.16151867449234, 110.40415524851382 21.163682827943408, 110.40575940506848 21.165002521759998, 110.40740493881763 21.16546059467725, 110.41114078544707 21.164561332953127, 110.41239316240008 21.163404018204222, 110.41307137897908 21.161886322036903, 110.41307093120682 21.160242093744863, 110.41220626692225 21.158360298045853))"
501,32.25203740740741,119.13090355555555,5,85724.84999999999,duration_weighted_berth_medoid,"POLYGON ((119.12576834772052 32.24783680251036, 119.12407411590323 32.24756032885545, 119.12198863661249 32.24799996103004, 119.12064603718777 32.24891661075184, 119.11959307743957 32.250575168276015, 119.11922390724412 32.25204050083278, 119.11955341642212 32.25351255681013, 119.12053034540382 32.25476234313611, 119.12200271979019 32.25559545130181, 119.12409860783376 32.25607084076455, 119.12631189692539 32.25577194671587, 119.12836198238311 32.25622201350847, 119.13374643732917 32.2561432587434, 119.13568527643878 32.255588771630215, 119.13801217993608 32.25581857918178, 119.1403166787024 32.25490843661817, 119.14153184109806 32.2534305919025, 119.14211791927505 32.25171386277807, 119.14178140650627 32.249934081928615, 119.14051274696605 32.248485804221616, 119.13871973747938 32.24766386998624, 119.1369914935798 32.24735493433918, 119.13472972416533 32.247853542652685, 119.13271838637114 32.24759387379422, 119.12656381167496 32.24811419047653, 119.12576834772052 32.24783680251036))"
502,37.442276820512824,121.58117517948718,1,69071.59999999999,duration_weighted_berth_medoid,"POLYGON ((121.58436881574687 37.438867627928545, 121.58140885575436 37.43805918569851, 121.57837830493023 37.43818731788306, 121.57642493197552 37.438970351043324, 121.5751693432491 37.440393288002745, 121.57470000142719 37.442278513431766, 121.5749198361342 37.44365719724311, 121.57578669546571 37.444864464315295, 121.5779899813998 37.44596706266798, 121.58140725709775 37.44623172216815, 121.58318877214306 37.4460479972922, 121.5847371015909 37.445324682169584, 121.58597412325874 37.44384483945778, 121.58644014507747 37.44165808274543, 121.58571966850961 37.43996034615168, 121.58436881574687 37.438867627928545))"
503,37.254024924999996,119.8647948,1,29509.933333333334,duration_weighted_berth_medoid,"POLYGON ((119.86872563961609 37.250843326754705, 119.86608827690061 37.249929903559696, 119.86298269197245 37.24995370529435, 119.86089802832593 37.25057708013163, 119.85966537067357 37.251608331197716, 119.85874302598107 37.25354281684759, 119.85878266029202 37.25490300061293, 119.85945787237729 37.25615288027613, 119.86067087285159 37.25711144820373, 119.86267031180158 37.25769425631044, 119.8662100889269 37.25794269922269, 119.86861295839681 37.25719203929184, 119.86994171852493 37.2558361278908, 119.87064530450397 37.25393525132057, 119.87020337186009 37.252264180677145, 119.86872563961609 37.250843326754705))"
504,37.596471055555554,121.38101627777777,2,14689.533333333333,duration_weighted_berth_medoid,"POLYGON ((121.38084759459457 37.5918802612358, 121.37838966053488 37.592303949794875, 121.37614350741637 37.594024594562285, 121.37561985550386 37.59602404492331, 121.37646348934227 37.59879561279067, 121.37848571180862 37.60012533346228, 121.38233026786159 37.60040051821063, 121.38524818020576 37.601834527523174, 121.38703081862477 37.60187064033265, 121.38869070320138 37.601354348152306, 121.39036917172274 37.599897517840326, 121.39105973820075 37.598592777083745, 121.3910540851908 37.59717794232246, 121.390353106215 37.5958766442804, 121.38855496198593 37.59457447544552, 121.38648571003628 37.594028316923485, 121.38445606914652 37.592361667975666, 121.38084759459457 37.5918802612358))"
505,37.7833105,120.62969263636364,2,28925.333333333332,duration_weighted_berth_medoid,"POLYGON ((120.62542796436544 37.786772955825676, 120.62726859491289 37.78722561807641, 120.630956508693 37.78696527456985, 120.63364416228636 37.785937036871864, 120.63460223057022 37.784799989138826, 120.63492784802162 37.78311793358331, 120.63334712889532 37.78034892378896, 120.63144309095904 37.77944552813322, 120.62874090473551 37.779306276893095, 120.62560458111133 37.77854608647166, 120.62347042831992 37.77888431066323, 120.62163066550873 37.78001841493032, 120.62046982463468 37.78213068018753, 120.62112372536032 37.7846033482538, 120.62283327699686 37.78621193049412, 120.62542796436544 37.786772955825676))"
506,35.91274037681159,120.1383358115942,1,29613.61666666667,duration_weighted_berth_medoid,"POLYGON ((120.14162455836696 35.90891471754919, 120.14015793848326 35.90819571003739, 120.13803585355933 35.90800196097164, 120.13500243432995 35.90869911774737, 120.13343897752021 35.90988913960642, 120.1327353961168 35.91153074509928, 120.13310307373486 35.91500097719145, 120.13377323495321 35.916307886652326, 120.13500846420655 35.917308777919274, 120.13705638431028 35.91790517751893, 120.13990014649555 35.91761339528697, 120.14151777369997 35.91707641133627, 120.14275972284929 35.91607993270021, 120.14350507212839 35.91442299405829, 120.14352984364797 35.91162280989871, 120.14287466722818 35.91002411704799, 120.14162455836696 35.90891471754919))"
507,38.81735551282051,121.13281785897435,1,11521.816666666666,duration_weighted_berth_medoid,"POLYGON ((121.13624314020193 38.814064580210804, 121.13439876474476 38.81335890845412, 121.1316880398691 38.813333744209565, 121.1299733151157 38.813674244852265, 121.1285604489983 38.81450437855078, 121.12766873226451 38.815695286274206, 121.1273109648157 38.817771163296115, 121.12774132731421 38.81906685873638, 121.12876447956911 38.82014190913586, 121.13064245876895 38.82094092349886, 121.13379049926372 38.821152602459286, 121.13552229341398 38.82083354058729, 121.13695912845401 38.82001553554621, 121.137875459707 38.81882697805412, 121.1383162953011 38.81682380825212, 121.13759948704782 38.81514347079667, 121.13624314020193 38.814064580210804))"
508,34.28893638888889,119.70817527777778,3,21418.399999999998,duration_weighted_berth_medoid,"POLYGON ((119.6996623855989 34.28848116881027, 119.70088532087445 34.28984985285732, 119.70313122764044 34.290683763846395, 119.70441859903067 34.29214890758274, 119.70685257275463 34.29299370070123, 119.70939386550536 34.29294072701965, 119.71101298857363 34.29238664529128, 119.7124788191706 34.291050469067926, 119.71298755066712 34.28966489116468, 119.71291765148871 34.28744724194508, 119.71193032895144 34.28577984842661, 119.7097791590885 34.28463491233053, 119.70802520887312 34.28250070025274, 119.70350003568407 34.2809256815043, 119.69979504073345 34.28153008929549, 119.69778216621734 34.28333551297761, 119.69741573598523 34.28472365100422, 119.69775790360032 34.286341602958586, 119.6996623855989 34.28848116881027))"
509,34.39145513333333,119.79150953333334,2,82047.91666666664,duration_weighted_berth_medoid,"POLYGON ((119.79072476334927 34.38690514554454, 119.78771206708484 34.387615332002916, 119.7857017927895 34.3896787537316, 119.78558315852771 34.393287226052976, 119.78704617578957 34.39552286282075, 119.78902087435068 34.39636271490954, 119.7931741967345 34.396454669260564, 119.79595951595336 34.39506861403012, 119.79915760476185 34.395226302204726, 119.8013098944958 34.39400700124635, 119.80242169581014 34.39249685994265, 119.80271477319592 34.39071473447299, 119.80218726024329 34.38933790473671, 119.8006021830516 34.387860605075915, 119.7981789612023 34.38705890368214, 119.79514496373027 34.38776137599696, 119.79371769397314 34.38717412936513, 119.79072476334927 34.38690514554454))"
510,37.27728136290323,118.98873599193549,2,22793.966666666667,duration_weighted_berth_medoid,"POLYGON ((118.98351323032203 37.27952848236935, 118.98480698998948 37.280639819729096, 118.98686764392328 37.28125682275459, 118.99032450524031 37.28107409292036, 118.99191208693955 37.28058109651604, 118.99315457478318 37.27965299475604, 118.99395681602509 37.27808900819423, 118.99319024241905 37.27466942957424, 118.99122208145772 37.27325565194386, 118.98821392312021 37.272973326804205, 118.98581496988602 37.271722081716355, 118.98365751089383 37.27150654268751, 118.9815448910024 37.27200987371158, 118.98009544861327 37.27292798919803, 118.97919614119567 37.274116093022634, 118.97916948530812 37.276808048705576, 118.98084753279382 37.278824016669084, 118.98351323032203 37.27952848236935))"
511,29.621966054054056,121.75876275675677,1,1651.2333333333333,duration_weighted_berth_medoid,"POLYGON ((121.76194600096487 29.618819123873358, 121.76010321025599 29.6178471145444, 121.75838304091043 29.61768315224175, 121.75671923446768 29.618096708649567, 121.75488179474618 29.619424268603762, 121.75390127971465 29.62114599437364, 121.75387948281609 29.622688516368747, 121.75454662614567 29.624117966948987, 121.7558806193242 29.625365956720383, 121.75782296238796 29.62617831443542, 121.7595533099482 29.626196791098664, 121.76116327166594 29.625645246979747, 121.76262323473895 29.624505994108883, 121.76348862494336 29.623159247768104, 121.76368644753944 29.621626231837077, 121.76318582366461 29.62014623757636, 121.76194600096487 29.618819123873358))"
512,27.97529049484536,120.84813138144331,1,5005.933333333333,duration_weighted_berth_medoid,"POLYGON ((120.85218050121462 27.97289248410787, 120.85070330551758 27.97154123823009, 120.84868785768144 27.97094162565148, 120.84699007392817 27.97110011556197, 120.84486007512155 27.972103232442983, 120.84374154897763 27.9733034384717, 120.84320999355513 27.975181608876795, 120.84453442320944 27.978330161586292, 120.84628053767797 27.979471985008125, 120.84799098575164 27.979774501429777, 120.85159332672866 27.978601264570905, 120.85272119034461 27.97736684933791, 120.85321123218526 27.97584085381663, 120.85218050121462 27.97289248410787))"
513,26.74846675,119.61219600000001,1,21407.333333333332,duration_weighted_berth_medoid,"POLYGON ((119.61855981990496 26.744952818575005, 119.61593669325642 26.74392915458014, 119.61122954074271 26.743951063319514, 119.6092353389932 26.74457600058934, 119.60778192864069 26.74594617888563, 119.60701127471881 26.748117533619933, 119.60693748801468 26.74965477806402, 119.60751725012207 26.751103699202012, 119.60902275429181 26.75246965418036, 119.61063588695299 26.75301037595923, 119.61580199345565 26.75333132411889, 119.61790250998808 26.752804398042244, 119.61969294837638 26.751112772074947, 119.62047215209007 26.74855245970166, 119.62006540085186 26.74659950486828, 119.61855981990496 26.744952818575005))"
514,30.84364233333333,121.84293470833332,1,1187.65,duration_weighted_berth_medoid,"POLYGON ((121.84644973680479 30.84079691045157, 121.84468126128485 30.83964477624668, 121.8429340276665 30.839341272817165, 121.8411869012643 30.839645230917466, 121.83923403683428 30.840856091211982, 121.8382703123976 30.842140303273812, 121.83799681862223 30.844028219585987, 121.83980521978951 30.846856308731144, 121.84133066542293 30.847653163432234, 121.84354398685382 30.847836847542986, 121.84676392606717 30.846217577680356, 121.8476438845784 30.844896771257982, 121.84786024200089 30.843386520191654, 121.84644973680479 30.84079691045157))"
515,30.84106448,121.81798228,2,6661.049999999999,duration_weighted_berth_medoid,"POLYGON ((121.81733849926422 30.836719958471615, 121.81467689524337 30.837353703932244, 121.81258783906 30.839350491196186, 121.81227573932306 30.84150137022094, 121.81359418996358 30.843994961798042, 121.81494591256227 30.84487656560144, 121.81658218321641 30.845264502821426, 121.82029385261984 30.84482837509401, 121.82260552259315 30.84519715995933, 121.82508424555658 30.84433384254113, 121.82704699293866 30.841554015000966, 121.82703688211788 30.840055772500534, 121.8260999996286 30.83837190421905, 121.82293200661626 30.836702701463782, 121.82003613939696 30.83702770330082, 121.81733849926422 30.836719958471615))"
516,24.675568472222224,118.45345088888888,3,32897.683333333334,duration_weighted_berth_medoid,"POLYGON ((118.44847706257018 24.674323145228698, 118.44695214721504 24.67577963825328, 118.44635685777659 24.677237818842425, 118.4463787805605 24.679859301464436, 118.44696493190197 24.68140809449262, 118.44817399073321 24.68262277602193, 118.44981124832016 24.683307743776083, 118.45255519408222 24.683573467866374, 118.45461209996631 24.682978145845045, 118.45632928898655 24.681229433852018, 118.4567867616235 24.67895619057872, 118.45802993435791 24.67745487242305, 118.45840285410394 24.675913771094145, 118.45779962183671 24.673341999826405, 118.45619922537158 24.671740544382672, 118.45632158412683 24.668047927859128, 118.4545013808346 24.665817047846488, 118.45286225224616 24.665209461876216, 118.4498825887711 24.665002810914974, 118.4482785363683 24.66561083755791, 118.44657619221884 24.6670989672811, 118.44585606225156 24.66904369048063, 118.4460107070792 24.671570780841424, 118.44676987952843 24.67305551697835, 118.44847706257018 24.674323145228698))"
517,35.34662139568345,119.53417079856115,1,11957.016666666668,duration_weighted_berth_medoid,"POLYGON ((119.53720730281094 35.34237799785441, 119.53526191822404 35.34153455934328, 119.53305887193359 35.34154716739323, 119.53052863327032 35.34278696883582, 119.52931896498866 35.34435464390902, 119.52933074705565 35.35028765643645, 119.53025747248854 35.3516025041897, 119.53255344071788 35.35294312351227, 119.53430472974316 35.353146813494945, 119.5360166255452 35.35278316336786, 119.53803133532847 35.35152504106354, 119.53892275218304 35.350227231379755, 119.53903179355005 35.344663049065495, 119.53720730281094 35.34237799785441))"
518,34.73840147761194,119.4470496119403,2,4948.916666666666,duration_weighted_berth_medoid,"POLYGON ((119.44951391183649 34.73493205442067, 119.44788060312918 34.73439061883024, 119.4456911958616 34.73449975560683, 119.44414949477022 34.735199455922036, 119.4428398522928 34.73646608322659, 119.4421974275317 34.737780303777534, 119.44220454019364 34.73919656075943, 119.44286014306662 34.74050633583221, 119.44406771038251 34.74151679727507, 119.44722804928448 34.74245436000034, 119.44938589533939 34.74200932328171, 119.451021232439 34.74076527799285, 119.45297216531665 34.741481347783456, 119.45471804171952 34.74145761888098, 119.4563209799264 34.74088859656703, 119.45799144378492 34.739476465834166, 119.45863997295065 34.73813288056267, 119.45849591513247 34.73633655617083, 119.45617945649128 34.73399409575662, 119.45455449468349 34.73346889797967, 119.45280861828066 34.733492629176325, 119.45120568007378 34.734061702423766, 119.44985888100526 34.73511809401427, 119.44951391183649 34.73493205442067))"
519,34.42313697619048,119.78620947619046,1,8050.400000000001,duration_weighted_berth_medoid,"POLYGON ((119.7893717484978 34.41903724745853, 119.78774779561856 34.41833677504065, 119.78591984817653 34.418229681473065, 119.78311714627426 34.41892743459768, 119.78157307691257 34.42015817378247, 119.7808979504958 34.421839499041994, 119.78122676829501 34.42464838725887, 119.78190284433293 34.425953828296684, 119.78312444896322 34.42695371406207, 119.78513980217326 34.42755638407111, 119.78775163557316 34.42731560379672, 119.78937970935809 34.42678137148502, 119.79063609723399 34.4257739693156, 119.79140048723558 34.424087907166886, 119.79137760647517 34.42151727883225, 119.79070932583703 34.4201558661772, 119.7893717484978 34.41903724745853))"
520,27.978744595238098,120.85978073809524,1,5974.233333333334,duration_weighted_berth_medoid,"POLYGON ((120.86405910622389 27.976775057641344, 120.8629077392439 27.97517872756994, 120.86104988300039 27.974235254005517, 120.85933609514068 27.974101349110274, 120.85667520793099 27.97473936823509, 120.85505544114406 27.976064385811515, 120.85440332396007 27.977520295120783, 120.855022967121 27.98105925998394, 120.85649287823502 27.982452217431902, 120.85809756043088 27.9830253900289, 120.86232999083691 27.982502755818757, 120.86369330653413 27.981490151910727, 120.86450365092709 27.980089160658643, 120.86463355553047 27.978520149982707, 120.86405910622389 27.976775057641344))"
521,26.8137115,119.686041,1,4989.099999999999,duration_weighted_berth_medoid,"POLYGON ((119.69028832592356 26.81189114426429, 119.68902901740228 26.810249312676497, 119.68704033056424 26.809350102450086, 119.6848121804214 26.80941505357096, 119.68291124054069 26.810238024914362, 119.68166470238754 26.811334716946075, 119.68091443163131 26.813161537961072, 119.6819966704143 26.816881454848644, 119.68366286121511 26.81821464045202, 119.68539108340761 26.818654378075298, 119.68717413658007 26.818454300221727, 119.68914146478558 26.817590365306728, 119.69034651121835 26.816425351643673, 119.69095115728821 26.814934477416248, 119.69028832592356 26.81189114426429))"
522,29.483653503597125,121.48324500719424,1,14257.966666666667,duration_weighted_berth_medoid,"POLYGON ((121.48663513531841 29.47968870318314, 121.48466521168709 29.478876851332245, 121.48166306027615 29.478962493343875, 121.47994799041638 29.479421199751958, 121.47857599613633 29.480427684809797, 121.47766879501485 29.482205059125675, 121.47770799329702 29.484949140293885, 121.47827211316287 29.486390695409547, 121.47942612938076 29.487535277471746, 121.48142498528196 29.48829038481582, 121.48471593793623 29.48825586149609, 121.48638277843317 29.48776308285009, 121.48770403113191 29.48675052066571, 121.48856813261929 29.484996566112127, 121.4886806386296 29.482523880757295, 121.48793199241464 29.480816494641925, 121.48663513531841 29.47968870318314))"
523,35.99250980952381,120.27235190476192,1,7561.85,duration_weighted_berth_medoid,"POLYGON ((120.2765723791795 35.99082384935819, 120.27536999508318 35.98938306589974, 120.2734780903817 35.98855900130653, 120.27132959744212 35.98854025026456, 120.26913039935181 35.98940484740981, 120.26794991317186 35.99040304190548, 120.26725447323903 35.992029451459, 120.26831787923685 35.99531925777763, 120.26952060471956 35.99631972252296, 120.27152813785546 35.996939456629214, 120.273248896376 35.99684149455894, 120.27516211954861 35.996136947766956, 120.27643914126519 35.99517442921341, 120.27716628729473 35.99389073729355, 120.2772337660538 35.992479685907846, 120.2765723791795 35.99082384935819))"
524,34.4536153,119.78767869999999,1,367.95,duration_weighted_berth_medoid,"POLYGON ((119.79179481371148 34.451762523127485, 119.79042655877284 34.45031515006217, 119.7888236231354 34.44966350062634, 119.78703942915898 34.44957885435215, 119.7845637891741 34.45023289196835, 119.78325618095883 34.45121375235649, 119.78250881050161 34.4525346958568, 119.78243743468246 34.45399111671509, 119.78314519229933 34.455956976678614, 119.78464009401807 34.457204825125174, 119.78623752767652 34.45770242477978, 119.79024367127614 34.45718285133042, 119.79157741597442 34.4562450516551, 119.79237428495632 34.454957720954006, 119.79251291973848 34.45351690112006, 119.79179481371148 34.451762523127485))"
525,31.77528203614458,118.49468839759037,1,10107.483333333334,duration_weighted_berth_medoid,"POLYGON ((118.49916015836654 31.77171121325473, 118.49674121941145 31.77075595160804, 118.49341377160675 31.77087034486276, 118.49176811406548 31.771239819377126, 118.49012890763255 31.772383211228046, 118.4892893089479 31.774038451566778, 118.48932001356552 31.777566967063517, 118.48986591942733 31.778983811493788, 118.49100847785854 31.780114912235252, 118.49300370962149 31.780870633634937, 118.49704449386668 31.780845956977107, 118.4987456959607 31.780359139795017, 118.50008679911211 31.779344910500864, 118.50093886814655 31.77758823562006, 118.50107481369787 31.77466351074578, 118.50043559310717 31.77291089801237, 118.49916015836654 31.77171121325473))"
526,23.54885492253521,116.43804591549295,2,11485.65,duration_weighted_berth_medoid,"POLYGON ((116.43305631907664 23.54771874453204, 116.43242273317604 23.550171452145985, 116.4329117054422 23.55217225687338, 116.43439271168941 23.553708772732254, 116.43668567600925 23.55445473679789, 116.43888290829936 23.554344648442488, 116.44075940518007 23.553291053817414, 116.44280137375863 23.549226726579743, 116.44278063272994 23.54763230028946, 116.44210065124078 23.546164636808218, 116.44086340440062 23.54504384546328, 116.43925443899862 23.544438018976095, 116.43561706887937 23.544839332141407, 116.43426661255663 23.545844947991192, 116.43305631907664 23.54771874453204))"
527,29.888404947368418,121.95841234210526,2,66599.91666666666,duration_weighted_berth_medoid,"POLYGON ((121.95281154370915 29.88680111983028, 121.95100544997452 29.88608614398301, 121.9488515237006 29.886159906962412, 121.94731304767912 29.88684700484247, 121.94574477817206 29.88843546330851, 121.94516464327906 29.890220370412, 121.94543494236402 29.891690491698274, 121.94632178704695 29.89296523219554, 121.94785792749082 29.89403060842835, 121.94992124713558 29.8945901004074, 121.95164128146216 29.89438855261908, 121.95314474751137 29.893636674960636, 121.95456776979526 29.892061018811066, 121.9567768104979 29.892835415529856, 121.96086626871849 29.892558070597964, 121.9627448168938 29.891638493621738, 121.96391214417665 29.890065620263968, 121.96414561013344 29.888577724605177, 121.96351539379172 29.886083549868047, 121.96244206967937 29.884863463582253, 121.9609084495378 29.884097583145742, 121.95582697493924 29.884128221730823, 121.95387625409235 29.885307311865947, 121.95281154370915 29.88680111983028))"
528,35.97889422772277,120.24675614851483,1,11582.483333333334,duration_weighted_berth_medoid,"POLYGON ((120.25033448171162 35.97624063855621, 120.24860911802045 35.97516385638102, 120.2469003752816 35.97486051847, 120.24517804264698 35.975108462415896, 120.24319638809447 35.97619130460991, 120.24204984322024 35.97763561646521, 120.24180899106109 35.978999774959696, 120.24221295510257 35.98033842719878, 120.24362634615812 35.98193006162196, 120.24553806396713 35.98278965066943, 120.24729041557097 35.98288124783807, 120.25056024691384 35.98141579028557, 120.25149095684776 35.98016730208266, 120.2517404356914 35.978723258165026, 120.25033448171162 35.97624063855621))"
529,31.421418691860467,121.47256280813954,2,58299.65,duration_weighted_berth_medoid,"POLYGON ((121.47053028262535 31.415822425226057, 121.46808506347551 31.416378388940068, 121.46590660917927 31.418367029680216, 121.46548488350156 31.420202608912902, 121.46569018237439 31.423180129856416, 121.46626064014927 31.424555617922177, 121.46811968106036 31.426039022972706, 121.47101965642523 31.426434957759547, 121.47137774253413 31.429993860283698, 121.47222509653018 31.431257701101067, 121.47356377254474 31.432160635974327, 121.47520055141287 31.43257235059773, 121.47951904685897 31.43258983560314, 121.48163636132682 31.432137302841603, 121.48299108238417 31.43118865313836, 121.4839243188981 31.429505003173016, 121.48398999612155 31.425519754096026, 121.48350435641753 31.424118899168313, 121.481735917356 31.422553225567196, 121.47900762349512 31.422035172863996, 121.47874868585248 31.418589818772396, 121.47699224530582 31.416572801677994, 121.4750049739322 31.415936062796604, 121.47053028262535 31.415822425226057))"
530,37.59567948148148,121.39726070370371,1,1105.5666666666666,duration_weighted_berth_medoid,"POLYGON ((121.4001101296203 37.59257251548231, 121.39821232663216 37.591845454914925, 121.39550464191544 37.591854350056714, 121.39384304386006 37.59220957738103, 121.39247201340345 37.59303385479487, 121.391466933672 37.594534219265626, 121.39127292266235 37.596473712085654, 121.39170133351433 37.59783757768016, 121.39276276780286 37.59896364690001, 121.39472010002109 37.599775127019036, 121.39782109545905 37.599914432558315, 121.39948405935426 37.59957267273847, 121.40086343124844 37.59876125313498, 121.40188784596835 37.597272571195084, 121.40215895079564 37.59517391135939, 121.40141258097132 37.59360553303356, 121.4001101296203 37.59257251548231))"
531,28.69275523076923,121.48364234615384,1,10174.583333333332,duration_weighted_berth_medoid,"POLYGON ((121.48760216371629 28.69023794456208, 121.4864153034259 28.68905004499098, 121.48434753207191 28.68828941748349, 121.48254980876229 28.68837945247338, 121.48037923313598 28.689387202005044, 121.47904698556565 28.690853738656127, 121.47863846373191 28.692315862123998, 121.47888486104543 28.693805643228117, 121.4801000404047 28.695773257889634, 121.48184395576978 28.696846268367988, 121.48352611511501 28.697115925083033, 121.48699723478774 28.695906656984775, 121.48812077299232 28.69469150620465, 121.4886165714674 28.69318856991715, 121.48760216371629 28.69023794456208))"
532,35.107909553846156,119.38328459230769,3,47312.4,duration_weighted_berth_medoid,"POLYGON ((119.37863208377473 35.10605066185511, 119.37672002338829 35.10623814254246, 119.37489349880839 35.10722643588062, 119.3733707457831 35.11044594040473, 119.37346286041821 35.111901096985726, 119.37423915784197 35.11321251759464, 119.37717572451474 35.11476028060887, 119.38020566687584 35.11470767514844, 119.38169081916803 35.11394266165749, 119.38264920995707 35.11285945773657, 119.38462274577341 35.112770142875604, 119.3862936521849 35.112031396711714, 119.38855303274876 35.11345683795414, 119.39267039339012 35.113592032529695, 119.3945795388151 35.11274604323888, 119.39578050105355 35.111266318083665, 119.39583111617812 35.10773754564084, 119.39490295205147 35.10649617701079, 119.39304200116668 35.10551314927196, 119.38999622926454 35.10519873697066, 119.38759517363349 35.10594485002941, 119.38576101732747 35.104535547485014, 119.38286338646942 35.103846730265374, 119.38071948814132 35.104362795231054, 119.37863208377473 35.10605066185511))"
533,22.73973548275862,114.61105889655173,1,11568.433333333332,duration_weighted_berth_medoid,"POLYGON ((114.61565201726131 22.73739993841933, 114.61444088922578 22.73565344411249, 114.61246389308558 22.73466687830523, 114.610660187863 22.73459911843269, 114.60817868151568 22.735461302832736, 114.60668812144776 22.736860409897762, 114.6061085151048 22.73834146264847, 114.60694174711011 22.742224539084024, 114.60842174636483 22.74366332030504, 114.6100271350505 22.744248879756032, 114.61175343247395 22.744232725579202, 114.61396046917251 22.743537848582548, 114.61531778487075 22.74249012592374, 114.61613079899921 22.74104011978016, 114.61627325611606 22.739412997284003, 114.61565201726131 22.73739993841933))"
534,21.72687069642857,108.59561414285714,4,34709.566666666666,duration_weighted_berth_medoid,"POLYGON ((108.58869943081484 21.721337785711228, 108.58775727221261 21.723153529332098, 108.58770679595416 21.726219710711813, 108.58855298117203 21.728019482647053, 108.59028868412572 21.7292982156264, 108.59023813651989 21.731650319271193, 108.59116320717165 21.733471555680428, 108.59331003201038 21.734817573852528, 108.5964453760843 21.73520772803883, 108.59820673612171 21.735056873826327, 108.59976881148376 21.734286000811935, 108.60122622117481 21.73225065342649, 108.60165680704719 21.727896749272777, 108.60002373895107 21.723828444596208, 108.59867387322126 21.72228534087543, 108.59829994813538 21.720289970996696, 108.59744257151381 21.718900007753376, 108.59485612707037 21.717526654078643, 108.59183118190106 21.717816529042018, 108.58972073008434 21.719118947421304, 108.58869943081484 21.721337785711228))"
535,22.806730187499998,113.03047698958333,4,13454.55,duration_weighted_berth_medoid,"POLYGON ((113.02131838375134 22.80797373192989, 113.02409300588951 22.809148649945232, 113.0219433605794 22.810031681121266, 113.02020871024344 22.812087209095363, 113.01993789625539 22.81417073410335, 113.02111572417088 22.81691555785736, 113.02373470111222 22.818467938245718, 113.0290078450436 22.818218913788623, 113.03100658658785 22.817368397029206, 113.03232678819481 22.81574458118667, 113.03265130239015 22.813737530908718, 113.0316833684603 22.81105150511917, 113.03354579631217 22.810286564523334, 113.0347263779567 22.809043170139862, 113.03528544014955 22.807473199672266, 113.03517804291424 22.80556041398485, 113.03452050769124 22.804049306072184, 113.03290215524717 22.80267599749492, 113.02884156944579 22.80217597222625, 113.0275910256566 22.800877960494446, 113.02458657861297 22.799343247326163, 113.02149200271313 22.798868546312622, 113.01981171126565 22.799467439655285, 113.01852184619949 22.80062681710393, 113.0174439297066 22.803876913672433, 113.01845480900596 22.80649396725875, 113.02131838375134 22.80797373192989), (113.02563388291111 22.80909794855394, 113.02528785726119 22.809096176628447, 113.02559657769666 22.809031916303958, 113.02563388291111 22.80909794855394))"
536,22.802431825,113.006448525,1,3167.85,duration_weighted_berth_medoid,"POLYGON ((113.01038809093237 22.79990316422287, 113.00889555188546 22.798430958866355, 113.00726358088245 22.79783570604232, 113.00550875498513 22.797862434172675, 113.00325385334108 22.79876705859417, 113.00202834441858 22.7999462011895, 113.00139269068679 22.801470438433604, 113.00144576218149 22.803102682168124, 113.00239625146868 22.80521446942097, 113.00363343962955 22.806306131676543, 113.0056503630672 22.80694699132512, 113.00936912993845 22.80604279611757, 113.01061834464392 22.804886728302783, 113.01128600017519 22.803375493270366, 113.01126840112202 22.801743797573554, 113.01038809093237 22.79990316422287))"
537,23.073006774647887,113.4921784084507,1,9800.766666666666,duration_weighted_berth_medoid,"POLYGON ((113.49511925924885 23.06853982308611, 113.49308380767849 23.06767022912381, 113.49128189908852 23.067703005966056, 113.48895969073865 23.068744037868314, 113.48757302129843 23.070221799419897, 113.48709748634721 23.07172665220248, 113.48730583546404 23.075225426645098, 113.48823120112236 23.0767027980756, 113.49001192812034 23.077993519976083, 113.4916476042544 23.07839730926311, 113.49332953685457 23.078215197409225, 113.4955841672229 23.077085896924387, 113.49668713544945 23.075837445408727, 113.49718826926497 23.074296092968524, 113.49711341280063 23.07125042393002, 113.4964422755355 23.06976728740542, 113.49511925924885 23.06853982308611))"
538,37.59495158552632,121.40921751973684,1,4875.083333333333,duration_weighted_berth_medoid,"POLYGON ((121.41353579225631 37.59291183402307, 121.41215491739057 37.59160702896929, 121.41016709044365 37.59095988718432, 121.40844353936227 37.59102139739617, 121.40617506094611 37.591792303426885, 121.4049857359145 37.59281614782108, 121.40438277734019 37.59412306643162, 121.40445836088138 37.59551325845705, 121.40535911455689 37.597343108949495, 121.40660552641573 37.5982734646501, 121.40862763368244 37.598811585161755, 121.41238872517714 37.59808177225311, 121.41360797798954 37.597127468537025, 121.41428733250649 37.595880779571424, 121.41432787793173 37.59452320771624, 121.41353579225631 37.59291183402307))"
539,26.464237035714287,119.61696035714286,1,10232.533333333333,duration_weighted_berth_medoid,"POLYGON ((119.62136802912785 26.462252765713078, 119.62020701893748 26.460636082762033, 119.6183404723892 26.459686473937463, 119.61662277503395 26.459559499217246, 119.6139992701423 26.46021405162479, 119.61265018660623 26.461235993277263, 119.61174672181032 26.463032651144392, 119.61237239371296 26.46660429139603, 119.6138463651303 26.468014581140316, 119.61545352932534 26.468592704264978, 119.61965558423123 26.468055607993236, 119.6210163715322 26.467024833769504, 119.6218220949081 26.465601381824722, 119.62194584645275 26.464009447415215, 119.62136802912785 26.462252765713078))"
540,22.883089794871797,112.90421361538462,1,1396.2166666666667,duration_weighted_berth_medoid,"POLYGON ((112.90867198214562 22.880638858612315, 112.90751814785189 22.87891476657836, 112.90561444040034 22.877901686751557, 112.90341693427922 22.877842341563095, 112.90115724252313 22.878835795354572, 112.8997119338692 22.880401278010275, 112.89926330614097 22.881999077327155, 112.90050693656164 22.88597672350484, 112.90220858690483 22.88724819645536, 112.90391821032757 22.887630215483146, 112.9075174751874 22.886485154564717, 112.9086596459786 22.885330652819626, 112.9092558757981 22.88386831152485, 112.90867198214562 22.880638858612315))"
541,22.38974520967742,113.07871985483871,1,8808.1,duration_weighted_berth_medoid,"POLYGON ((113.08262562902313 22.386955283179997, 113.08104058358057 22.385577217364517, 113.07937932180444 22.38507788401927, 113.07763768092559 22.385202309342187, 113.07550637367204 22.38626896031579, 113.07416052257342 22.387879526149298, 113.07378820356385 22.389477105705176, 113.07513641954448 22.39276896218582, 113.0764941020619 22.393813576821135, 113.07862614096695 22.39431428635905, 113.08213851592791 22.39304484452885, 113.08324001399433 22.391809345761654, 113.08375411307743 22.39028036457584, 113.08360439290267 22.388685176740115, 113.08262562902313 22.386955283179997))"
542,31.785296172413794,118.50976375862071,1,1729.0,duration_weighted_berth_medoid,"POLYGON ((118.51261318453693 31.781502281213523, 118.51072277793003 31.780723650952197, 118.50796259907713 31.780731111142483, 118.50629333379945 31.78111107732927, 118.50491637169034 31.781998656313803, 118.50391006660995 31.783616117443774, 118.50371946305732 31.785763129667, 118.50415225086135 31.787223229887744, 118.50521552720068 31.788427524167403, 118.50717191520349 31.789294066205816, 118.51033215531805 31.78944189470884, 118.51200575730368 31.78906804418236, 118.51338888048369 31.788184143853222, 118.51440322181165 31.786567585013984, 118.51465717860619 31.784260987280987, 118.51390757368449 31.78260049631766, 118.51261318453693 31.781502281213523))"
543,29.968383439999997,121.79259424,1,1389.0333333333333,duration_weighted_berth_medoid,"POLYGON ((121.79629507822527 29.96568118226516, 121.79465750022034 29.964499200441715, 121.79300545801668 29.9641132048765, 121.79130666604169 29.964290462060564, 121.78926070450032 29.96533103970001, 121.78796067207632 29.96691262056651, 121.78766517701663 29.96845067953915, 121.78917383983263 29.971424764326265, 121.7909581519954 29.97246870305992, 121.79266512881041 29.972704809309725, 121.79607868208649 29.971441011200188, 121.79715719060376 29.970222744625055, 121.79760775069217 29.968737891502524, 121.79736021496488 29.96721762116559, 121.79629507822527 29.96568118226516))"
544,31.083403084210524,121.47096105263158,1,6993.9,duration_weighted_berth_medoid,"POLYGON ((121.47487757197472 31.08104650400468, 121.47330264607493 31.079704939076034, 121.47161687669214 31.079205660874123, 121.46983713868241 31.07930769931727, 121.46768621988944 31.0802975901334, 121.46635564278643 31.08175161495502, 121.46596378282383 31.08319626059762, 121.46723655139652 31.086287881213316, 121.46859353925973 31.08730028785992, 121.47075763450971 31.08779890238159, 121.47252461407086 31.08750627626593, 121.4743396930911 31.086603445725956, 121.4754632281498 31.08539727081397, 121.47594289929009 31.083909998136193, 121.47487757197472 31.08104650400468))"
545,28.69285118181818,121.50302747727272,1,6427.95,duration_weighted_berth_medoid,"POLYGON ((121.50730117792487 28.69067048792801, 121.50581253943984 28.68918464524347, 121.50413963662062 28.688576178487235, 121.50232879223546 28.688596729851092, 121.49996801325747 28.689441028485472, 121.49874706358723 28.690583068380985, 121.49812952155963 28.692052044058073, 121.49892487424812 28.695356928131297, 121.50016049240783 28.696513302901785, 121.50181560588824 28.697149014513624, 121.50362238154129 28.6971612009443, 121.50615955271832 28.696423443506372, 121.50739465601 28.695358276935597, 121.50807844742438 28.69396234369002, 121.50810924346925 28.69244321798534, 121.50730117792487 28.69067048792801))"
546,28.68674460465116,121.45350041860465,1,7866.15,duration_weighted_berth_medoid,"POLYGON ((121.45751631880744 28.68439543613729, 121.45605253255721 28.683001563647657, 121.45401628697225 28.682368438369842, 121.4522899375603 28.68251513709513, 121.45015016483302 28.683504953054175, 121.44903603669236 28.684673432095945, 121.44848229939747 28.686507615045016, 121.44975319670326 28.68968825061499, 121.45150164428367 28.690861214396744, 121.45323122200531 28.6911802965034, 121.45684701650589 28.690030767968288, 121.45797106038003 28.688831689531252, 121.45847985123245 28.687344769399495, 121.45751631880744 28.68439543613729))"
547,29.755861892857144,122.14342710714286,3,33310.96666666667,duration_weighted_berth_medoid,"POLYGON ((122.14398687380701 29.760198182734413, 122.14437315530549 29.762104588640177, 122.14576847968866 29.763615121926424, 122.14838741447474 29.7646598913791, 122.15098579636745 29.76432136694726, 122.15267769440018 29.763101373688272, 122.15378861718376 29.761108665647612, 122.15534619881619 29.760334847565353, 122.156422247226 29.759106571087234, 122.1571641232125 29.756910559000577, 122.15674255968325 29.75503628144579, 122.15534641758971 29.753560527911766, 122.15307488660375 29.752636356396987, 122.15046371158357 29.75275983283199, 122.14815960061682 29.754408946426384, 122.1470293287694 29.75282475461756, 122.14538424463143 29.751833657096334, 122.14371923407103 29.751416832521876, 122.14158705427457 29.751708021745177, 122.1401498526466 29.752548507213568, 122.13893282214086 29.754169512466667, 122.13848131273734 29.756759086312947, 122.13914217303615 29.75816289878099, 122.14036995190436 29.75924165575938, 122.14220042617059 29.76004233773087, 122.14398687380701 29.760198182734413))"
548,31.291413739130434,121.56020113043478,1,2068.6166666666663,duration_weighted_berth_medoid,"POLYGON ((121.56446398598666 31.28905925985584, 121.56312850705723 31.287539309345235, 121.56110343205624 31.286753247668177, 121.55888533774454 31.28689384723006, 121.5571280454609 31.287764474873768, 121.55569851156658 31.289228817452802, 121.55526662711829 31.29071505984946, 121.55660559642897 31.294145422580126, 121.5579553367262 31.295141068021923, 121.56009975540968 31.295633522042408, 121.56185174476238 31.295350180021995, 121.56360538465432 31.294423417638008, 121.56472215403204 31.29326440619096, 121.56523318290624 31.291827968260236, 121.56446398598666 31.28905925985584))"
549,30.0305361,121.9988649,1,10424.016666666666,duration_weighted_berth_medoid,"POLYGON ((122.0021121845048 30.02645735184862, 122.00046456608344 30.02579529138292, 121.99864882232426 30.02575233939865, 121.99627087329665 30.026291393758807, 121.99461908238185 30.02754511048087, 121.99385151993492 30.029327043022032, 121.99402583877865 30.031692976336142, 121.99468130416327 30.033102661044758, 121.99591077815614 30.03418720371806, 121.99796264366509 30.0348402273805, 122.0006392681115 30.034688114052532, 122.0022248748058 30.034145144493564, 122.00346245268466 30.033129648043882, 122.00425524986247 30.031423584113618, 122.0043089118177 30.02928373872033, 122.0034733983927 30.027539543419323, 122.0021121845048 30.02645735184862))"
550,36.859756399999995,122.37865179999999,1,17174.466666666667,duration_weighted_berth_medoid,"POLYGON ((122.38305691428918 36.85644434699648, 122.38097057970099 36.85568081357331, 122.37793747497656 36.85569144790347, 122.37625769211138 36.856004860205196, 122.3748493863812 36.856801701761334, 122.37378077348913 36.85829306302815, 122.37348356991502 36.860487414753315, 122.37386664594217 36.8618881374314, 122.37490371299369 36.86305751143815, 122.3768602772581 36.86391631222909, 122.38067377574346 36.8641236317098, 122.38237380946205 36.863784165857645, 122.38378214476772 36.86295012144525, 122.38481283144795 36.86141110745732, 122.38509987365924 36.859034811051174, 122.38434963710267 36.8574761247167, 122.38305691428918 36.85644434699648))"
551,31.946870096153848,120.08185582692307,1,2028.9,duration_weighted_berth_medoid,"POLYGON ((120.08574731598527 31.944501801594658, 120.0842389914122 31.943174381050174, 120.0826085076969 31.942647534463106, 120.08086445756771 31.942687636122162, 120.07863232947513 31.943531978604263, 120.07741519671691 31.944630588438663, 120.07679538957038 31.946043733262588, 120.0768699172558 31.94755022555535, 120.07783707273896 31.949457883556086, 120.0790800309532 31.950446578543403, 120.08109211255744 31.951019546537236, 120.08479170086864 31.950170273419783, 120.086038874764 31.949090217810102, 120.08669290862413 31.947683634269023, 120.08665084984787 31.946171926153315, 120.08574731598527 31.944501801594658))"
552,28.166285578378382,121.11000012432432,2,30349.466666666667,duration_weighted_berth_medoid,"POLYGON ((121.10508313182274 28.16679011253657, 121.10585467595071 28.169051205902246, 121.10784044035961 28.170480677307673, 121.11075862271359 28.171028266436494, 121.1132000684839 28.170104996722348, 121.11448354662862 28.168503764281652, 121.11507784865974 28.166035135774873, 121.11425745057429 28.16179366437532, 121.11341413180915 28.160434003070932, 121.1120435206176 28.159463779377123, 121.10946670933613 28.158719854239127, 121.10770988968672 28.158897605274376, 121.10616704869418 28.159659448024968, 121.10489747046375 28.161245952384068, 121.10430957437214 28.163829347763993, 121.10437071766265 28.165420774360747, 121.10508313182274 28.16679011253657))"
553,19.051520125,108.622489875,1,380.8833333333333,duration_weighted_berth_medoid,"POLYGON ((108.62569210591359 19.048114174896522, 108.6242396586144 19.04718359297907, 108.6220799436697 19.046868059450283, 108.62039804638866 19.047340718091384, 108.61858314216741 19.04881018379837, 108.6177498391727 19.050265202864487, 108.61763014260494 19.05232277981536, 108.61828964648636 19.053855356090125, 108.61961707604614 19.055214114203068, 108.62115912696255 19.056005431154542, 108.62334117585951 19.056119090612377, 108.62496588227398 19.05549272620609, 108.62640106616645 19.054235896843064, 108.62723436916085 19.052780912598358, 108.6274160108879 19.051135329319763, 108.62691840518157 19.049549062033496, 108.62569210591359 19.048114174896522))"
554,39.966575285714285,119.82372185714287,1,233.93333333333334,duration_weighted_berth_medoid,"POLYGON ((119.82693096280931 39.96381515621001, 119.82547537724638 39.963054411164336, 119.82330727728299 39.962795917034015, 119.82161897383914 39.963181833725784, 119.81980619445247 39.96437722865433, 119.81897883470859 39.96555326679246, 119.8188592757951 39.96721485634955, 119.81951289246783 39.96845343909596, 119.82083618433042 39.96955864787383, 119.82281152264493 39.970290708269715, 119.82457327306862 39.97029916995417, 119.82620374418433 39.96978767179475, 119.82763566269092 39.968765986622714, 119.82846302243449 39.96759000375121, 119.82864385032909 39.96626114568453, 119.82815090714247 39.964979583668836, 119.82693096280931 39.96381515621001))"
555,37.55707566666666,121.43385523809523,1,470.93333333333334,duration_weighted_berth_medoid,"POLYGON ((121.43804624478072 37.55529708664592, 121.43675481200052 37.553952045808835, 121.43482649633658 37.55323067953635, 121.43269585125154 37.55329556946785, 121.43064916007437 37.55423101853573, 121.42949733169087 37.55528968434067, 121.42891757735532 37.556969074232754, 121.43031215110331 37.56008463796304, 121.43169888686138 37.56099443642339, 121.43342489166606 37.56139954929324, 121.43521294505963 37.56123491808635, 121.43698544581612 37.560430610222554, 121.43817707286809 37.55942925706052, 121.43880046828097 37.55814439908199, 121.43876244745513 37.5567680865167, 121.43804624478072 37.55529708664592))"
556,38.16878357142857,118.07410685714285,2,390.7166666666667,duration_weighted_berth_medoid,"POLYGON ((118.07031542366565 38.17212041297818, 118.07075122371431 38.17452691306005, 118.07289633053979 38.176239620430366, 118.07672707526395 38.17669159684718, 118.0794019748729 38.17556533003713, 118.08042889596187 38.17404589141609, 118.0806916225305 38.171657829835866, 118.08008213947117 38.17035223415107, 118.07889433623937 38.16934274554187, 118.07869801776533 38.16740324882493, 118.07750239800428 38.16596602292803, 118.07600675020755 38.16524592122118, 118.07322382411124 38.164902234185526, 118.07150216430877 38.165234678425904, 118.0696818435327 38.16628679470751, 118.06866184470765 38.16771863053339, 118.06851387730622 38.16903070235265, 118.06890171760519 38.17065708952563, 118.07031542366565 38.17212041297818))"
557,31.236728333333335,118.13997866666668,1,13289.749999999998,duration_weighted_berth_medoid,"POLYGON ((118.14327346181508 31.232166608883837, 118.14176146322646 31.231393517461328, 118.14001803665498 31.231177137619913, 118.13665340877367 31.231408950694547, 118.13468992915895 31.232344799708642, 118.13366016628609 31.233612658830246, 118.1332973767204 31.235124768882265, 118.13338368110189 31.237935674584197, 118.1346129289958 31.239901998312916, 118.1369126900507 31.240953003456454, 118.1405747058627 31.241026793136527, 118.14233520808695 31.24071950901328, 118.1438139728591 31.239846826618145, 118.14491319368743 31.238180551083524, 118.14519226256326 31.235209020231377, 118.14456537532197 31.23339675743715, 118.14327346181508 31.232166608883837))"
558,26.4951394,119.85230670000001,1,355.7166666666667,duration_weighted_berth_medoid,"POLYGON ((119.85658924910918 26.49352537612068, 119.85546003150122 26.49187475147931, 119.85359984816611 26.49088770589687, 119.8518719095176 26.49073637423969, 119.84928012541386 26.4914331823675, 119.84792527164115 26.49241924284996, 119.8469833817489 26.49417384208913, 119.84765855368701 26.49801463796594, 119.8491553600662 26.499486653997586, 119.85081237753717 26.500082693941735, 119.85491813718511 26.499418147778318, 119.85624361786721 26.498406517673022, 119.85703931671478 26.497019620999467, 119.85718554243257 26.495466069403523, 119.85658924910918 26.49352537612068))"
559,32.129216687500005,118.775585375,1,50460.799999999996,duration_weighted_berth_medoid,"POLYGON ((118.78111735836633 32.12433557743281, 118.77882673604232 32.123400159852544, 118.77344355929402 32.12346319637558, 118.77176517643514 32.123783698122686, 118.7703522082968 32.12461508517933, 118.76916560576834 32.126536917079825, 118.76908245449813 32.13117663648864, 118.76942435539503 32.13263220475864, 118.7703980067735 32.13386615776373, 118.77185517903742 32.13469064949902, 118.77357403091881 32.13498017072665, 118.77927846565782 32.13490982389156, 118.78154699930282 32.13390589295183, 118.78279955589049 32.13201559780586, 118.7830297157849 32.127245287671, 118.78238560085128 32.12552061618954, 118.78111735836633 32.12433557743281))"
560,32.19919382352941,118.75782429411764,2,25050.783333333333,duration_weighted_berth_medoid,"POLYGON ((118.75635573667283 32.19419793612985, 118.75409444680811 32.195385882742066, 118.75278463824517 32.19718017237129, 118.7526702796379 32.203074796384534, 118.75304701698633 32.204564967803265, 118.75443064851434 32.20605828622104, 118.75605094797918 32.20672348253193, 118.76123392574469 32.206992262550926, 118.76297379346289 32.20660981380708, 118.76467503160306 32.20537883599341, 118.76539159546026 32.20398384912572, 118.76553116476694 32.198151764582036, 118.76606742269362 32.196184726393376, 118.76557680641788 32.19440128274112, 118.76339813881792 32.19265515528817, 118.76037345732581 32.19229798343298, 118.75786890082433 32.192872335316665, 118.75635573667283 32.19419793612985))"
561,31.105263651685394,117.99896076404495,3,23801.5,duration_weighted_berth_medoid,"POLYGON ((117.9934679027556 31.10353576696214, 117.9943815220403 31.10734300592286, 117.99540338061989 31.10851848294497, 117.9968646034669 31.109281352990145, 118.00076884432721 31.10937558886825, 118.0026056838644 31.108369435098265, 118.00353612918792 31.107099616084152, 118.00395156264996 31.10531837291579, 118.00368312016413 31.10374253642537, 118.00193278644372 31.101241333213842, 118.00026357935026 31.100111052514652, 118.00041809662797 31.09855689145186, 117.9996791576361 31.09680760815145, 117.99767143850691 31.09539914804667, 117.9954924660943 31.094887710458277, 117.99376324772037 31.095026670788524, 117.99222487490928 31.095717016778963, 117.99091512665177 31.097191354641826, 117.990162502977 31.09938451015127, 117.9904428825194 31.101227796346656, 117.99170013085076 31.102743160670816, 117.9934679027556 31.10353576696214))"
562,31.1965542,118.0631934,1,1208.75,duration_weighted_berth_medoid,"POLYGON ((118.06697833552035 31.193982871438994, 118.06576396743576 31.192900851867822, 118.06372296876222 31.192236195934342, 118.06197487167017 31.1923534922013, 118.05984627317126 31.19334464155612, 118.05870465772517 31.19449129131255, 118.05813756726617 31.19630325440986, 118.05947990235846 31.199349358753274, 118.06084032325735 31.200320523336874, 118.0629791631099 31.200785178677354, 118.06649025381655 31.199606390020048, 118.0675866356571 31.19846600270768, 118.06809925143516 31.197056119081385, 118.06795239415194 31.19558495445533, 118.06697833552035 31.193982871438994))"
563,26.803885666666666,119.69297611111112,1,2789.166666666667,duration_weighted_berth_medoid,"POLYGON ((119.69716505607903 26.80172318831922, 119.6957717236926 26.800179290604294, 119.6941603079984 26.799496917335635, 119.6923784091181 26.79942811961319, 119.68996950233189 26.80022736307351, 119.68867943051447 26.801305701090552, 119.68787812694707 26.803135576327712, 119.68878024083249 26.80655726438951, 119.69034503333674 26.80789491717797, 119.69199336343344 26.808391199639765, 119.69583892339796 26.807618669882793, 119.69735053305713 26.806254613355865, 119.69793410875118 26.804805083334763, 119.69716505607903 26.80172318831922))"
564,31.99409132857143,120.58250801428572,2,13918.733333333335,duration_weighted_berth_medoid,"POLYGON ((120.57913493076062 31.99058067055192, 120.57606437405694 31.990403875925214, 120.57363865170103 31.99182447149879, 120.5723819403077 31.994569734266825, 120.57261262939292 31.996010417085326, 120.57346296588008 31.997272843594075, 120.57520130086087 31.998324761043303, 120.5778517085436 31.99875246581434, 120.58019369068147 31.99818221543701, 120.58402943676747 31.998322485149956, 120.58604189063401 31.997502668356304, 120.58797004786737 31.994753487553616, 120.58795592704621 31.99329316903947, 120.5870381189691 31.99164901063839, 120.5853259870885 31.99055326881414, 120.58219092430544 31.98992689272452, 120.57913493076062 31.99058067055192))"
565,31.803731866666666,121.06129117777778,1,22059.7,duration_weighted_berth_medoid,"POLYGON ((121.06561235568434 31.801804876030246, 121.06458941775429 31.800559064978753, 121.06264759597136 31.799634199541597, 121.06086332017983 31.79954298392633, 121.05837624462065 31.800213940975368, 121.05706502107815 31.801223315647064, 121.05631414123542 31.802584713832218, 121.05624009681695 31.804086917477765, 121.05694594748887 31.80611961417497, 121.05843940394583 31.807407484886383, 121.06003654234502 31.807921911319102, 121.0640508029733 31.807389609411597, 121.06538499867638 31.80642578036072, 121.06618411986454 31.80510162017455, 121.06632670508606 31.803618382368064, 121.06561235568434 31.801804876030246))"
566,32.2301424,119.19402695,3,2637.6,duration_weighted_berth_medoid,"POLYGON ((119.1896613144463 32.22766085292283, 119.18729646252055 32.22749877493857, 119.18535721310681 32.22824761918781, 119.18404451042555 32.22966845089385, 119.18330061262077 32.23168884784826, 119.18354438186265 32.23351734601398, 119.18446107779843 32.234774851477546, 119.18798991638997 32.236205330327905, 119.19091143599123 32.23570977732115, 119.19266542548097 32.23408684284772, 119.19432949896749 32.23430258186856, 119.19604087167359 32.23395517248772, 119.19746305309505 32.23307819342102, 119.19834216126715 32.23187763755181, 119.20140494955467 32.231294681848084, 119.20292142885017 32.229887542305825, 119.20356484151203 32.227489245310736, 119.2030048086853 32.22570540550675, 119.2018747021041 32.22457309664574, 119.19830601608695 32.223575425073655, 119.19617741983777 32.22406391446643, 119.19447715596289 32.225505882537, 119.19170415121987 32.22586130113699, 119.1896613144463 32.22766085292283))"
567,32.23318585714286,118.83553779120881,2,144969.28333333333,duration_weighted_berth_medoid,"POLYGON ((118.83456511363292 32.2289373112507, 118.83285347667194 32.22956181634101, 118.83166043885312 32.23062868655196, 118.83069055693713 32.23221840936664, 118.83061030408984 32.234014534642334, 118.83151505213402 32.23564084057811, 118.83303659585495 32.23672038549615, 118.83463270037507 32.237308094221206, 118.83637311385907 32.23733834399427, 118.83799641374378 32.23680659161398, 118.83958871344181 32.23534024923857, 118.84136132841705 32.23488908465581, 118.84269184252051 32.233947921787205, 118.84360648432776 32.23229236638999, 118.84360469467838 32.2300872299447, 118.84237544678452 32.228141810832405, 118.84007568572966 32.227101945574546, 118.83676763943303 32.22730835041074, 118.83456511363292 32.2289373112507))"
568,29.92043409090909,121.99911509090909,1,27080.183333333334,duration_weighted_berth_medoid,"POLYGON ((122.00210707297536 29.91698659027179, 122.00062541056269 29.91628779634801, 121.99895084292855 29.916111993189624, 121.99645219705003 29.91652807628039, 121.99463969657147 29.91762779091103, 121.99376911399582 29.918970062348013, 121.99356707845355 29.920499876605874, 121.99399432202132 29.922869974178496, 121.99527055916789 29.92440362315734, 121.99723004430984 29.925235135263154, 122.00000974621162 29.925199391011624, 122.00201972678833 29.924617150005954, 122.00326303645559 29.923610771853596, 122.00407042848892 29.921912514908197, 122.00415139711927 29.919801620454585, 122.00340199801204 29.918107039854778, 122.00210707297536 29.91698659027179))"
569,30.280524972972973,122.23396462162162,1,21895.250000000007,duration_weighted_berth_medoid,"POLYGON ((122.23796441708143 30.278192011557724, 122.23649674995674 30.276844145949834, 122.23490120420321 30.27628953224324, 122.23318126838252 30.276293459362655, 122.23087483939632 30.277115302793874, 122.2296080235543 30.278224708226254, 122.22894891371931 30.279675086520022, 122.22900385749246 30.281232409235443, 122.23000643482725 30.28325001561575, 122.2313475876006 30.284290350209645, 122.23305442062043 30.284791494141952, 122.23485196282958 30.284672721453443, 122.23729146569829 30.283749933000305, 122.23843176041488 30.28255756848146, 122.23894196784201 30.28107523928741, 122.23796441708143 30.278192011557724))"
570,29.777886386363637,122.13247013636364,2,39581.78333333333,duration_weighted_berth_medoid,"POLYGON ((122.12749130698825 29.778986678150748, 122.12686262691406 29.780671022464606, 122.1272954250883 29.783254217156706, 122.12797316136444 29.78464247620137, 122.12920718698182 29.785703678668987, 122.13081290238011 29.786279090128172, 122.13255010642212 29.786282642665505, 122.1350417717868 29.78539800515166, 122.13629832980332 29.784308415123615, 122.13696995520327 29.78288124645646, 122.13681742976418 29.780791592161965, 122.13743091816191 29.77862046892001, 122.13659311973694 29.775734902522785, 122.13515315778541 29.774246565756407, 122.13216073918437 29.773534214032352, 122.1292925151741 29.774524158593053, 122.12762014894794 29.776304671305716, 122.12749130698825 29.778986678150748))"
571,39.04550664285714,118.5198982244898,1,63226.683333333334,duration_weighted_berth_medoid,"POLYGON ((118.52374371163059 39.04232001401869, 118.52185642750473 39.041609129541655, 118.51907270172916 39.04161514691576, 118.51740536272345 39.04195991435048, 118.5160283912371 39.042767442312496, 118.51501845617123 39.04424088607711, 118.51482380018615 39.04614254217521, 118.51525301739862 39.04748068344942, 118.5163164136968 39.048585057207156, 118.51827682102868 39.04937961963749, 118.52146103221584 39.04951478277551, 118.5231213740989 39.04917870861414, 118.52449830086478 39.04838364850043, 118.52552120422149 39.04692619675958, 118.52579266028474 39.04487070693256, 118.52504638288295 39.04333282958847, 118.52374371163059 39.04232001401869))"
572,38.96654050724638,121.65503571014494,1,14375.666666666668,duration_weighted_berth_medoid,"POLYGON ((121.6579390733942 38.96299053324711, 121.65594848082702 38.96234410317114, 121.65346274921185 38.96246408637711, 121.65179746558948 38.96291559005997, 121.65048411697349 38.96383080853745, 121.64963799495509 38.96540681246733, 121.64969925056819 38.967418296687036, 121.65028518187546 38.96869629978079, 121.65145334601578 38.96970421198198, 121.65345737065881 38.970358364657024, 121.65623311427242 38.97031711919851, 121.6578643758608 38.96987939302725, 121.65916295654242 38.96899576776759, 121.66003339837263 38.96746766753384, 121.66015055912105 38.96561284658117, 121.65932450443265 38.963988045292204, 121.6579390733942 38.96299053324711))"
573,40.79741898888889,121.06779048888889,2,16697.0,duration_weighted_berth_medoid,"POLYGON ((121.0677514159028 40.793491591008426, 121.06497420728202 40.794068173169116, 121.06286430182172 40.79592153481403, 121.06275425264798 40.7984752491907, 121.0638355855043 40.80025714896134, 121.0664647604686 40.801360994908364, 121.0707361813029 40.8011777394102, 121.07190128622368 40.80267450571158, 121.07423154925308 40.80385231221357, 121.07640636427352 40.80392451152523, 121.07837059831469 40.80321414195488, 121.07970242047196 40.802129886283915, 121.08036829586845 40.80089889857215, 121.08035929109312 40.799568702396705, 121.07941106679138 40.798075529296234, 121.07678166021297 40.79665131064569, 121.07370916706839 40.79679597489212, 121.07308617880001 40.79522807440523, 121.07192243963489 40.79424530316275, 121.07035206751797 40.79367202309338, 121.0677514159028 40.793491591008426))"
574,37.72237375555555,121.07699464444445,2,23452.783333333333,duration_weighted_berth_medoid,"POLYGON ((121.07593401563167 37.71831018072776, 121.07317528544185 37.719017987879184, 121.07119842883641 37.720968183232394, 121.07104961458283 37.72300541340885, 121.07263492145763 37.72530257084969, 121.07488533409735 37.72622079872333, 121.07890959335137 37.72599982147489, 121.08109602474376 37.72630414964084, 121.08479940870494 37.72501648206338, 121.08579998613938 37.72384385125769, 121.08614269023246 37.72245532774552, 121.085773177778 37.72107108657038, 121.08440086924533 37.71926860205737, 121.08202679771257 37.71833183225534, 121.0791740832545 37.71871221160058, 121.07593401563167 37.71831018072776))"
575,38.97787491935484,121.90226377419354,2,21509.88333333333,duration_weighted_berth_medoid,"POLYGON ((121.89984528426471 38.97347291312636, 121.89686926371664 38.973626079728405, 121.89467476799166 38.97502427772398, 121.89371674249753 38.9769022570577, 121.89448722026538 38.97916910793366, 121.89660384579987 38.980652312935604, 121.90130643033108 38.981633657654534, 121.90451604474345 38.981454131982325, 121.90609382669784 38.98091928405307, 121.90729696570502 38.97996238852148, 121.9080123192708 38.97839113479937, 121.90776735195438 38.975852521564605, 121.90710054150985 38.97458807905107, 121.90586056259627 38.973619414069226, 121.90423733849347 38.97309490808942, 121.90158444502374 38.973045331944235, 121.89984528426471 38.97347291312636))"
576,32.16944626966292,118.95596296629213,2,50897.08333333333,duration_weighted_berth_medoid,"POLYGON ((118.95315063445368 32.16595635470813, 118.95049363095566 32.16548277004388, 118.94771316914385 32.166624571689944, 118.94607287141721 32.1690900430255, 118.94611594870678 32.17058326660896, 118.94683523201982 32.17194718901891, 118.94864873273683 32.17331566985837, 118.95077873434921 32.17388317635012, 118.95377336228867 32.173088280792996, 118.95613627227712 32.17364969510124, 118.95869744978685 32.172968572315355, 118.95994178577514 32.17186164407244, 118.96091358157781 32.16987480204712, 118.96086999860927 32.168417140351195, 118.96018145633877 32.167080542366335, 118.95839829596235 32.16575556734514, 118.95673451362747 32.16519310444936, 118.95494337944687 32.165225873017896, 118.95315063445368 32.16595635470813))"
577,22.917830142857145,113.55894857142857,1,267.76666666666665,duration_weighted_berth_medoid,"POLYGON ((113.5626924259156 22.913413259506456, 113.55956267966546 22.912482228086244, 113.55701055726101 22.912917136595762, 113.55518630125486 22.91407988588757, 113.55430687199141 22.91550683656788, 113.5540988420538 22.91713642539267, 113.55452272431606 22.91969671352119, 113.55579394185541 22.921329272909226, 113.55775027782747 22.922217737666138, 113.56058205299676 22.922183217582752, 113.56260036580677 22.92156618305828, 113.5638486585512 22.92049362487799, 113.5646569888294 22.918681935494032, 113.56473575368032 22.916397869742845, 113.56398573968663 22.914601801074976, 113.5626924259156 22.913413259506456))"
578,30.247330563953486,122.16613834302326,1,6678.266666666666,duration_weighted_berth_medoid,"POLYGON ((122.16881397197221 30.243825976206498, 122.16713581894953 30.243159267159545, 122.16457641521407 30.24316502601977, 122.1628513421433 30.24360709868145, 122.16146554226745 30.24459861194839, 122.16064142046947 30.24598042592467, 122.16041323534404 30.247879674147743, 122.16081721724522 30.249383566365307, 122.16186807904576 30.25063231046201, 122.16383011543952 30.251539754471963, 122.16669122427145 30.251698958998592, 122.16842606798713 30.251298802752327, 122.16984082472916 30.25034360374998, 122.17070938645399 30.24898600977156, 122.17099071292711 30.246540315795333, 122.17014725455934 30.244873618442487, 122.16881397197221 30.243825976206498))"
579,37.64915005245902,120.28311413770491,2,11222.083333333332,duration_weighted_berth_medoid,"POLYGON ((120.28049849138156 37.64580913663775, 120.2785856992366 37.64770023943109, 120.27822998982502 37.64973683820162, 120.27935729735339 37.651588917280804, 120.28210179850923 37.65294891286806, 120.28380503782853 37.6530294701948, 120.28578648828353 37.65242043615452, 120.2877587326085 37.65039124017412, 120.2896503015966 37.649374670411184, 120.29062266891407 37.64788431985678, 120.29025869235203 37.644477352087804, 120.28887127865828 37.64313742587407, 120.28728246869281 37.64254343008438, 120.28432049256605 37.642525363150106, 120.28270862359028 37.64297408106146, 120.28117862135504 37.64414563797555, 120.28049849138156 37.64580913663775))"
580,31.702113583333333,121.16058225,1,407.54999999999995,duration_weighted_berth_medoid,"POLYGON ((121.1649077940708 31.700526348758068, 121.16373167432842 31.69895499576423, 121.16182212872364 31.698043433031348, 121.16006814001082 31.69794164530884, 121.15803080460475 31.698624164923636, 121.15632289343621 31.70009006391695, 121.15570432341532 31.70147675663907, 121.15575290922045 31.70295935992451, 121.15691700543115 31.705472305245515, 121.15819430782571 31.706500026900738, 121.15983745386784 31.707031904747012, 121.1615947060791 31.706986461429107, 121.16319684539488 31.706370658270423, 121.16465472335304 31.705211259597778, 121.16542925120129 31.70388253737098, 121.16555079486815 31.70240298193464, 121.1649077940708 31.700526348758068))"
581,22.94678808333333,116.54259116666667,1,1553.5,duration_weighted_berth_medoid,"POLYGON ((116.54688434145781 22.944514700874198, 116.54547550447211 22.94294946023618, 116.54386547458262 22.942266322289438, 116.5420938205153 22.942210053401336, 116.53970593831623 22.943044847929254, 116.53842096142819 22.944169918923862, 116.53763567681084 22.946070396311946, 116.53856658908431 22.949560991933193, 116.53976839095057 22.950708995615926, 116.54178144041232 22.951422170191492, 116.54560988528505 22.950609549645154, 116.54688133132325 22.949519561696466, 116.54760852984431 22.948066811441798, 116.54768270602047 22.94646859443394, 116.54688434145781 22.944514700874198))"
582,31.173449210526314,117.99741542105264,1,20354.35,duration_weighted_berth_medoid,"POLYGON ((118.00123605161438 31.17088400010067, 117.99960698105421 31.169647689483487, 117.99792910996217 31.169227316313513, 117.99619076929017 31.169386923565497, 117.99408612545089 31.170363596854468, 117.99299982356318 31.171490286774244, 117.99245397682903 31.173248776988334, 117.99274376067524 31.174688128406576, 117.99398619871727 31.176494025490936, 117.99545805219651 31.177374563138866, 117.9972154573273 31.177691342255308, 118.00082592653898 31.176551171777408, 118.00193483158748 31.175381608580487, 118.00243326505151 31.173937233767514, 118.00224467891732 31.172439863257953, 118.00123605161438 31.17088400010067))"
583,31.921383666666664,120.89498853333332,4,4439.666666666667,duration_weighted_berth_medoid,"POLYGON ((120.88232410062358 31.91912906596461, 120.88186712066738 31.920529599614287, 120.88208965199458 31.92327042650248, 120.88292053013855 31.924557822711876, 120.88465641943117 31.925640546793478, 120.88712800811886 31.926115803782427, 120.88884116559589 31.925982854945897, 120.89036978259782 31.925313065848115, 120.89146845014044 31.924233066469288, 120.89477402368018 31.92555941886548, 120.89651203105487 31.925378080560034, 120.8980362585604 31.924646463257993, 120.89946244265957 31.92301314018136, 120.89993232431614 31.92162348019965, 120.89961573278566 31.919842587358445, 120.89868367792286 31.918632431738025, 120.89548482112693 31.917195975166262, 120.89332413715358 31.91742502533391, 120.8914871601654 31.918551815915663, 120.89106241787597 31.918115417901344, 120.8914760778156 31.916239638720963, 120.89441419267673 31.91576779596293, 120.89620604283292 31.914116931666083, 120.89688290066744 31.911474412169902, 120.89573885073456 31.909106417557, 120.8943424463919 31.908216940589636, 120.89189860848691 31.90761304349646, 120.89016885676003 31.907818215769648, 120.8886620676247 31.90856796091981, 120.88760607566678 31.90974890214101, 120.88678702897539 31.912193443923307, 120.88398780851425 31.912642474950992, 120.88216456655337 31.914269731945122, 120.88134430982046 31.91685568587498, 120.88232410062358 31.91912906596461))"
584,31.5485120078125,118.38010980468749,3,22900.95,duration_weighted_berth_medoid,"POLYGON ((118.3770806894672 31.55359912206181, 118.37724963941156 31.554456958470453, 118.37618509175864 31.55604890574978, 118.37605845235296 31.55760007305391, 118.37690826398526 31.559681993620924, 118.37802725062163 31.560769480438303, 118.38037781093557 31.56155957370424, 118.38366565533174 31.561349222748614, 118.38531223379884 31.560927369383588, 118.38665215046518 31.560009265158417, 118.38770950043696 31.55764374938567, 118.3867256600559 31.554666635456684, 118.38828144359456 31.550061413473518, 118.38812336275053 31.546051160157713, 118.38659874212375 31.543895879317997, 118.38426193217492 31.543039238678414, 118.37905291385789 31.54293502088429, 118.37741462853856 31.54330866680142, 118.37560042216103 31.544526398554837, 118.37448627694646 31.546524179603868, 118.37464210990119 31.5507143694812, 118.37543881659494 31.552406630001155, 118.3770806894672 31.55359912206181))"
585,29.01852014285714,121.71270774285715,1,96592.41666666667,duration_weighted_berth_medoid,"POLYGON ((121.71704504915097 29.016428110957243, 121.71606252117265 29.015183388051845, 121.71420451901548 29.01422984887275, 121.71248272618358 29.01408670866972, 121.71001939434403 29.0147398280224, 121.7086521000532 29.01572672164149, 121.70772410529035 29.017478643631357, 121.70838317366383 29.020838584276383, 121.70948275411956 29.02199523902872, 121.71141785136865 29.02279963336424, 121.71540557421244 29.022271114850476, 121.71679004031955 29.021287942998907, 121.7176277924913 29.01991112003771, 121.717786740884 29.018357721238164, 121.71704504915097 29.016428110957243))"
586,21.72719638951311,108.58269858426966,2,13882.45,duration_weighted_berth_medoid,"POLYGON ((108.57690348445217 21.728060606358863, 108.57570076015003 21.729058142413532, 108.57467475777396 21.730849168278606, 108.57464645574538 21.73370525218198, 108.5766024071537 21.73590899880768, 108.5804931337308 21.73655198458974, 108.58278497388967 21.735553351677915, 108.58428901030064 21.7328631848967, 108.58675962615976 21.73099500850631, 108.5875358831275 21.726306878585234, 108.58689406450534 21.72478371468514, 108.58529521553436 21.72338944691361, 108.58098094228389 21.722680158968842, 108.57933148435977 21.723305961220323, 108.57763298705902 21.72481441377158, 108.57696485943197 21.726349257159804, 108.57690348445217 21.728060606358863))"
587,32.1766390754717,118.85608571698114,1,21519.216666666667,duration_weighted_berth_medoid,"POLYGON ((118.86144740184416 32.17135056242081, 118.85877861414522 32.17037706983832, 118.85223755874107 32.170452498043375, 118.85055515406474 32.17075501311884, 118.84913041810077 32.1715705808579, 118.84791538062022 32.17347783567206, 118.84775892776635 32.178285946214245, 118.84807997520096 32.17974727473339, 118.84903851305405 32.18099269541135, 118.85048800989962 32.18183183323524, 118.8522068815415 32.18213642177304, 118.85910598114245 32.18217493608761, 118.86181976711678 32.18113564119953, 118.86309081961463 32.179248840729066, 118.86336118168732 32.17427762620794, 118.86271998679265 32.172541046803524, 118.86144740184416 32.17135056242081))"
588,29.508397666666667,121.64770655555556,1,21599.68333333333,duration_weighted_berth_medoid,"POLYGON ((121.6513513148059 29.504934707476206, 121.64939694206583 29.50412578526463, 121.64665600803747 29.504178176899995, 121.64496827605848 29.504614277332248, 121.64360279174734 29.505581449861253, 121.64266125839636 29.50730481935154, 121.64259578266632 29.509649818333255, 121.643104514163 29.511109310031888, 121.64421630500226 29.51228826298659, 121.64618946782859 29.513100408865753, 121.64925710126604 29.513156918599453, 121.6509250924906 29.5127194012503, 121.6522763234348 29.511762470149883, 121.65321736329925 29.510060957198235, 121.65341537384009 29.5079155069776, 121.65268364790582 29.50610798791334, 121.6513513148059 29.504934707476206))"
589,30.71945295652174,117.39195139130435,2,5378.716666666667,duration_weighted_berth_medoid,"POLYGON ((117.39287287678629 30.714492169785444, 117.39033953042616 30.714535758793673, 117.38779836910591 30.716059767013007, 117.38686759404246 30.71768981666737, 117.38691338403919 30.720373212422146, 117.38777083050256 30.722083787829174, 117.38907237675446 30.723075954512893, 117.39268658698371 30.724218508824244, 117.39439960509256 30.724288597155457, 117.3963797890531 30.7235995313244, 117.3975537348754 30.722524825163465, 117.39827839040564 30.719381992064378, 117.39753155339226 30.717645393204613, 117.39557080016787 30.715633075502545, 117.39287287678629 30.714492169785444))"
590,31.255727833333335,118.165309,1,2985.583333333334,duration_weighted_berth_medoid,"POLYGON ((118.1695783583665 31.252079039751855, 118.16809366055888 31.25131449250408, 118.16638088476957 31.251087457139224, 118.16296716793522 31.251281722998478, 118.16100763259776 31.252175257992388, 118.1599553424988 31.253406150300396, 118.15954630254514 31.254890068879277, 118.15963837098143 31.25770151327216, 118.16071395403361 31.259338355659064, 118.16299646642722 31.260444220437694, 118.16674964726026 31.26058845615875, 118.16850500559927 31.260318174981503, 118.16999890582507 31.259485208504138, 118.17114677231707 31.257859700037805, 118.17150035887214 31.25523310932375, 118.17089521275481 31.253345261804895, 118.1695783583665 31.252079039751855))"
591,29.939634013888888,121.85778954166666,1,25905.35,duration_weighted_berth_medoid,"POLYGON ((121.86078282591724 29.9361500890362, 121.85887451658658 29.935352970214293, 121.85623428278996 29.935365742838673, 121.85458376670994 29.935755744683984, 121.8532212508297 29.93665226631963, 121.85221784155164 29.938281495777414, 121.8520188162857 29.94031628689968, 121.85244079047563 29.94181260134626, 121.85349959088614 29.94304986779033, 121.85545846367958 29.94394338355865, 121.85848220338109 29.944098088573565, 121.86012877779068 29.943735204440475, 121.86150200182064 29.942868318737798, 121.8625408892142 29.941270421632918, 121.86283835132194 29.939044810602592, 121.86209742333114 29.93729538181858, 121.86078282591724 29.9361500890362))"
592,32.22233156,119.05736026000001,2,10809.300000000001,duration_weighted_berth_medoid,"POLYGON ((119.05635942042778 32.21498451375661, 119.05341143460086 32.2157214083774, 119.05144058720636 32.21775914264977, 119.05119370751005 32.22432191312259, 119.05157086610829 32.225814681571904, 119.053730952673 32.22771147059552, 119.0568782672865 32.228139979128166, 119.05777268613795 32.23001983278969, 119.05944360654945 32.231152184097674, 119.06236300763665 32.2315536369125, 119.06448745401406 32.23120120303798, 119.06662633897626 32.22941917825804, 119.06713741390087 32.22678900648819, 119.06630169204554 32.22471079093813, 119.06425279306973 32.22337267618855, 119.06411781097975 32.217654378156496, 119.06322400174989 32.21641539814725, 119.061448670445 32.21540877524047, 119.05635942042778 32.21498451375661))"
593,30.403147333333333,122.40186533333333,1,138.56666666666666,duration_weighted_berth_medoid,"POLYGON ((122.40566693820013 30.400509434983213, 122.40404573527479 30.39918567997859, 122.40233624164307 30.39871993631853, 122.40012758774473 30.399000276879455, 122.39849415558646 30.399955626499267, 122.39738903529705 30.401149718079594, 122.39689242530436 30.403003629329934, 122.39727824518509 30.404494775078778, 122.39840360732985 30.40608172783785, 122.39982801462938 30.407019259122364, 122.4020148091231 30.407401657650027, 122.40375013141362 30.40701666561602, 122.40538054322995 30.406014467730806, 122.40640546843639 30.404780414330215, 122.40680188671163 30.403301412756836, 122.40566693820013 30.400509434983213))"
594,26.5968568,119.75203510000001,1,31631.45,duration_weighted_berth_medoid,"POLYGON ((119.75571079950831 26.594068031383788, 119.75407575488762 26.592826009104183, 119.75241590002007 26.592415020561862, 119.75070510546021 26.59259283475875, 119.74865122920933 26.59366629697708, 119.74735341425834 26.595285086415917, 119.74704913425579 26.59686122287686, 119.74853123335211 26.599945259479234, 119.75031705664182 26.601041748351236, 119.75203316634362 26.60129462701054, 119.75545808873413 26.599994893604208, 119.75653452352863 26.598748150078812, 119.75699197685817 26.59722712119968, 119.7567600915457 26.595665738100696, 119.75571079950831 26.594068031383788))"
595,31.7484654,118.47049988,1,2004.0,duration_weighted_berth_medoid,"POLYGON ((118.47317550894958 31.7450155478421, 118.47121976309643 31.74431324925337, 118.46889426366486 31.74440570668212, 118.467259951662 31.74486328970232, 118.46594786286938 31.745809839952543, 118.46504731480738 31.747463741079926, 118.46498578266626 31.74933378295513, 118.46549451416293 31.7507598764802, 118.46660630500219 31.75191184992449, 118.46857946782862 31.75270540988267, 118.47127046643642 31.75275932389789, 118.47299100534255 31.752301830016506, 118.4743614277993 31.75130593419308, 118.47516098276763 31.749932043798324, 118.47537697051821 31.747819389035982, 118.47454406932938 31.746086938110484, 118.47317550894958 31.7450155478421))"
596,30.867631733333333,117.73382579999999,1,1084.1333333333332,duration_weighted_berth_medoid,"POLYGON ((117.73668167591633 30.863285231169503, 117.7350874333825 30.862563667773852, 117.73284427610275 30.862504488189728, 117.73062852447465 30.8632026589819, 117.72902846095361 30.864554465045348, 117.72839044649092 30.866402103044628, 117.72884380579136 30.869078105306034, 117.7296271241572 30.870428661820654, 117.73095429614825 30.8714177775248, 117.73306293331942 30.871922427188714, 117.7354585516664 30.871527396665773, 117.73704319005462 30.870838765401604, 117.73819292869676 30.869676728430218, 117.73872797653527 30.868222986779557, 117.73868304643601 30.865845624209335, 117.73801356399515 30.86444186763231, 117.73668167591633 30.863285231169503))"
597,24.530313371257485,118.08389171257484,1,26491.716666666667,duration_weighted_berth_medoid,"POLYGON ((118.08683037894912 24.52653322134987, 118.08520351422486 24.525842021071327, 118.08296792306842 24.52587429969771, 118.08091641622343 24.526658044775356, 118.07940173747008 24.528120817448986, 118.07883669834155 24.53006355585333, 118.07932048083248 24.532692369391143, 118.08014701565192 24.534115844721263, 118.08151380894687 24.535138389606924, 118.08320869850161 24.535601289356425, 118.08496859294405 24.535432696019562, 118.08710484981574 24.534642829858583, 118.08855283503209 24.533174745283713, 118.08905480846985 24.531658408974955, 118.08899822936372 24.5293475325731, 118.08815244343405 24.527623099896818, 118.08683037894912 24.52653322134987))"
598,30.907198476923078,117.74082167692309,2,5944.433333333334,duration_weighted_berth_medoid,"POLYGON ((117.73593766913147 30.906886889290977, 117.73613259234124 30.908568994286302, 117.73735373375877 30.910184041467705, 117.73994704532929 30.91134299895747, 117.74213555590212 30.911337269694954, 117.74406112079141 30.910444891760708, 117.74541040442557 30.90878106187805, 117.74588120862022 30.9044752477904, 117.74482995528975 30.902503219362423, 117.74309967754824 30.901334208343762, 117.74137441694198 30.901001333618915, 117.73868691117062 30.90135139075297, 117.73679891057638 30.902272423164995, 117.73579386983064 30.903495047637357, 117.73541623425889 30.905330125502893, 117.73593766913147 30.906886889290977))"
599,30.731652590361442,117.42251422891567,2,4188.883333333333,duration_weighted_berth_medoid,"POLYGON ((117.41757606948462 30.72939294001261, 117.41785581249235 30.73357100216066, 117.41971563245085 30.735663109280853, 117.42136905630963 30.73621680201918, 117.42438047349873 30.73635157375721, 117.42604338180497 30.735879200862122, 117.42762344480516 30.734586614960968, 117.42849972315774 30.731863729662255, 117.42832071008972 30.72867304537405, 117.4276640060227 30.727251988263948, 117.42603437207565 30.72596213414374, 117.42262076016029 30.72537438099928, 117.42045544026301 30.725655560459156, 117.4184405762423 30.727089998085585, 117.41757606948462 30.72939294001261))"
600,29.98582111111111,121.99690377777779,1,298.96666666666664,duration_weighted_berth_medoid,"POLYGON ((122.00088627850877 29.983421188343556, 121.9994610413153 29.982021872065378, 121.99744749479689 29.981358346980965, 121.99572245904123 29.981466707806263, 121.99352233031448 29.982412182740685, 121.99217052997247 29.983887732996358, 121.99177136330293 29.98536003439567, 121.99299250450026 29.988557481507513, 121.99432115221268 29.989566144238506, 121.99643927622907 29.99008228369552, 122.00010880918694 29.988992914383157, 122.00125598065829 29.987829513763376, 122.00179649684813 29.9863729356567, 122.00088627850877 29.983421188343556))"
601,30.82770384883721,117.72298798837208,2,5975.416666666666,duration_weighted_berth_medoid,"POLYGON ((117.71945209068426 30.831220068262546, 117.72127272538349 30.832768142377002, 117.72361165014024 30.83331110123328, 117.72573563377868 30.83303908426701, 117.72746978488985 30.831951457217333, 117.72849553347828 30.830148278973905, 117.72865462585877 30.82834424669531, 117.72743316760132 30.825332130977863, 117.72607628937939 30.82388763751634, 117.72409088990423 30.82315452699713, 117.72128941215591 30.823053222090465, 117.71961512130214 30.823546968054295, 117.71829303487773 30.824557924103267, 117.71744066491102 30.826303910288374, 117.71738049958168 30.828533007353766, 117.71800526904401 30.829984310053437, 117.71945209068426 30.831220068262546))"
602,30.73732281060606,117.43204768181818,1,7143.016666666666,duration_weighted_berth_medoid,"POLYGON ((117.43490292591679 30.73324337419399, 117.43182212684727 30.73237214363343, 117.42897261317592 30.732573162014578, 117.42704633622803 30.73346591595711, 117.4258395065865 30.735035109771523, 117.42552718181 30.737402906437396, 117.42580155182314 30.73890590122815, 117.42673022424067 30.740201056136787, 117.42816897486493 30.741087243486213, 117.42989436359952 30.741426849573937, 117.43309762887569 30.741426202225433, 117.43543187066756 30.740420236693716, 117.43660269572119 30.73883385154796, 117.43697180453806 30.736236094091772, 117.436247032283 30.7344174637325, 117.43490292591679 30.73324337419399))"
603,31.71683087804878,118.45264148780488,1,2071.616666666667,duration_weighted_berth_medoid,"POLYGON ((118.45585583322851 31.713780039039577, 118.45400830148978 31.71280912573167, 118.4522760410933 31.712640582355235, 118.45059884841878 31.713045894747438, 118.44875871954127 31.714349028104643, 118.44778420721998 31.716021017565723, 118.44775564948182 31.717519250758077, 118.44840660744714 31.718911587661577, 118.44972977029038 31.7201449043108, 118.45125607093013 31.720861846682485, 118.45342311329857 31.720981916658037, 118.45504585451616 31.720439456207195, 118.45650565287964 31.719322052484383, 118.45736501048931 31.718014063835604, 118.45756695587067 31.716525521454045, 118.45708042912078 31.7150853653231, 118.45585583322851 31.713780039039577))"
604,32.182674240000004,118.76552592,1,1350.9833333333333,duration_weighted_berth_medoid,"POLYGON ((118.76931635836631 32.178491563114044, 118.76741079865464 32.17762483830131, 118.76567666254452 32.17754353489847, 118.76269578736147 32.178068537014575, 118.76098066886446 32.17926470269658, 118.76015301304308 32.181010356221684, 118.76036200560925 32.18442527526264, 118.7610038513162 32.18583351818412, 118.7622426375624 32.18691933821382, 118.7643264463937 32.18756957106181, 118.7675588751224 32.187363045030565, 118.76916005679196 32.18681082223387, 118.77039611758481 32.18578761473506, 118.77115616164987 32.18408216389897, 118.77117492801938 32.18101355523085, 118.77057833027276 32.17966719753547, 118.76931635836631 32.178491563114044))"
605,29.1627443877551,121.87231512244897,1,2062.4666666666667,duration_weighted_berth_medoid,"POLYGON ((121.87590512894975 29.1589556015529, 121.8742317143606 29.15828259718234, 121.87164972362307 29.15828683756785, 121.86991655622775 29.158734170056853, 121.86852559011722 29.159741832883793, 121.86770202640272 29.16114666942466, 121.86747862727933 29.163118298412076, 121.86788811956265 29.164633743634507, 121.8689405890075 29.165890623701724, 121.87090000418752 29.166802877458867, 121.87378993036063 29.166962328605816, 121.87553984867198 29.166548314597392, 121.8769597652805 29.16556392595485, 121.87781833156758 29.164169536898356, 121.87812004238964 29.161925472202732, 121.87729684578434 29.160083471052257, 121.87590512894975 29.1589556015529))"
606,36.880611037037035,122.44746122222223,1,1231.4666666666667,duration_weighted_berth_medoid,"POLYGON ((122.45158262374338 36.87851150505471, 122.45013048521689 36.87725484239875, 122.44811633063733 36.876678060146986, 122.44640570710244 36.87680024151839, 122.44424121701387 36.87769123064727, 122.44291081775266 36.87907696085085, 122.44254042607609 36.88044815246264, 122.4438147498328 36.883347794828516, 122.44555029209303 36.88441055688853, 122.44726635282747 36.88470452717324, 122.45090183315985 36.88366977162697, 122.45203982489002 36.882572774718795, 122.45255489044925 36.88120812715337, 122.45158262374338 36.87851150505471))"
607,30.0843671875,121.94974193750001,2,32638.73333333333,duration_weighted_berth_medoid,"POLYGON ((121.94681034862431 30.088116551116062, 121.94834713675507 30.09037885877169, 121.95137283378251 30.0913982367092, 121.9539803102519 30.091216676783315, 121.95602865253554 30.08980890535722, 121.95679553283031 30.0880342783039, 121.95689684820104 30.08466607665784, 121.95312139947326 30.079986431197018, 121.95148480710611 30.079364578800472, 121.94825541871131 30.079201968933894, 121.9466017076277 30.079785232553878, 121.9449414345072 30.081140497867807, 121.94419371366988 30.082844137461382, 121.94440926789696 30.085635543009914, 121.94522811788315 30.087033586347644, 121.94681034862431 30.088116551116062))"
608,39.819445621212125,124.15115828787877,2,5079.05,duration_weighted_berth_medoid,"POLYGON ((124.14761379157936 39.81684866825351, 124.14649167085688 39.81858634304232, 124.14635159342554 39.82030756979714, 124.14762166134395 39.822121673003366, 124.14956839077418 39.82298100760021, 124.1515720302501 39.8232449944071, 124.15370980093806 39.82276973930655, 124.1567506975372 39.82031146180535, 124.15752751788273 39.819150008491334, 124.1572369245219 39.815871669667004, 124.15590626600705 39.81451203365059, 124.15432722830322 39.813883922124226, 124.15152656194958 39.813870905046535, 124.14982912039895 39.81430355360656, 124.14823234260533 39.81549609585857, 124.14761379157936 39.81684866825351))"
609,29.980281326923077,122.06341696153846,1,17971.583333333336,duration_weighted_berth_medoid,"POLYGON ((122.06685423466416 29.977314344382556, 122.06513411520687 29.976223664737716, 122.06302721313754 29.975942783088062, 122.06100810047656 29.976534973604487, 122.05954257176599 29.977665181468947, 122.05866329616195 29.97902492652007, 122.05847063887308 29.980574469579718, 122.0589955146207 29.982065160564172, 122.06024654491728 29.983448146906017, 122.06167423319253 29.984265353431798, 122.06378113526227 29.984546211545553, 122.06580024792365 29.98395406879451, 122.06726577663424 29.982823932493194, 122.068145052238 29.981464239452663, 122.06833770952656 29.979914710275043, 122.06685423466416 29.977314344382556))"
610,24.41198405208333,118.05403037500001,1,4216.033333333334,duration_weighted_berth_medoid,"POLYGON ((118.05796860773448 24.408167696716035, 118.05610987840274 24.40734000814363, 118.05352719855128 24.40731473252518, 118.05182816848104 24.40771494790573, 118.05042723801984 24.4086774790176, 118.04953827703368 24.410055372624065, 118.0491720314087 24.41243449059228, 118.0495924816039 24.41395206669859, 118.0506081225099 24.415214710521962, 118.05248143714373 24.41615868146171, 118.05548925064593 24.416412591080054, 118.05721355282286 24.41605315781737, 118.05865172087009 24.41511535470974, 118.05971437505801 24.413358174184463, 118.06001672882682 24.411152215388178, 118.05926985822744 24.409353284868175, 118.05796860773448 24.408167696716035))"
611,35.12414405303031,119.39759091666667,1,5979.1,duration_weighted_berth_medoid,"POLYGON ((119.40143061081882 35.121715939238214, 119.40022614436167 35.12064703318744, 119.39816915858869 35.11997884027757, 119.3963962875669 35.120080597382135, 119.39425174129782 35.12102746295714, 119.39311786183413 35.12210466487834, 119.39253468400233 35.123809651972934, 119.39382423180672 35.12675179112575, 119.3955871100314 35.12787359771413, 119.39734181311015 35.12817784278363, 119.40087474143796 35.127059580590384, 119.40196500719712 35.12598913562882, 119.40248951431317 35.12466360831501, 119.40237282369704 35.12327363987303, 119.40143061081882 35.121715939238214))"
612,28.010283461538464,121.06893792307693,1,24395.433333333334,duration_weighted_berth_medoid,"POLYGON ((121.07186892591673 28.00651957056857, 121.07035762892617 28.00579949498699, 121.06865071625468 28.005632809488226, 121.06616791979813 28.005974320852687, 121.06442780680838 28.00703755079143, 121.06343223675343 28.008686218700586, 121.06323132524213 28.010713917736513, 121.06364858604651 28.01223914362104, 121.06470327078202 28.013502064672334, 121.06665889035793 28.014417145527382, 121.06958353083822 28.014576625223096, 121.07133039819381 28.014157999241537, 121.07274824044154 28.013164614269737, 121.07360679305934 28.011757787958167, 121.07392784721947 28.009496840757397, 121.07319021287987 28.007695202135462, 121.07186892591673 28.00651957056857))"
613,32.190491,119.27497852631579,2,7952.833333333334,duration_weighted_berth_medoid,"POLYGON ((119.27132599073845 32.18756605778814, 119.26882048170617 32.188203941691704, 119.26672817538845 32.19034566168415, 119.26644458155579 32.1924988092397, 119.26790855184609 32.19468721079773, 119.26996615922862 32.195761198567844, 119.27211408426724 32.195923139786494, 119.2748310079163 32.19464103997886, 119.277185958882 32.19431412716071, 119.27863396096328 32.19341065716504, 119.27954685919948 32.192098781353614, 119.27996565770418 32.189960118675, 119.27952268316974 32.18853636868833, 119.27847366797378 32.187361847588484, 119.27697598229662 32.18661276598879, 119.27446635107839 32.18624728781033, 119.27273582105359 32.1866374194059, 119.27132599073845 32.18756605778814))"
614,31.472759780487806,118.30524017073172,1,2872.2833333333333,duration_weighted_berth_medoid,"POLYGON ((118.30877502943218 31.469947531359338, 118.30740360138661 31.46895378471915, 118.30523269002296 31.468480112335463, 118.30347024068074 31.46879008454798, 118.30152493912952 31.470004794608954, 118.30057857883428 31.471271933139498, 118.30030919587357 31.473128848125842, 118.3021016783751 31.475939020299755, 118.30363744726505 31.476742016161218, 118.30587032735605 31.476924815452474, 118.30755716203964 31.476385647820237, 118.30908582033557 31.4753018555783, 118.30995210026727 31.473998831741152, 118.31016627270273 31.47251207872587, 118.30877502943218 31.469947531359338))"
615,32.04179868840579,120.4062254347826,3,49926.05,duration_weighted_berth_medoid,"POLYGON ((120.40019742817758 32.03621235016919, 120.39697890530209 32.036272859984734, 120.39428778222938 32.03830380204087, 120.39384156916513 32.040838103363875, 120.39529804672996 32.04343276432316, 120.39717175807763 32.044385937810745, 120.40230222871291 32.044580099234096, 120.40380925646211 32.0455173101632, 120.40601703160438 32.0459227494829, 120.40771477278248 32.04583471970471, 120.4095846370761 32.04498991709395, 120.41078952367111 32.04351249844985, 120.41119880605633 32.04185034567909, 120.41098417545007 32.04035999381676, 120.41010651459337 32.03905583986723, 120.40870230687261 32.03814070200924, 120.40564283912664 32.0375973175715, 120.40294933934814 32.03619698578119, 120.40019742817758 32.03621235016919))"
616,31.821245819999998,120.94137027999999,1,6566.749999999999,duration_weighted_berth_medoid,"POLYGON ((120.94438663836658 31.81744785056411, 120.94252310020026 31.816587004412405, 120.94040246969745 31.816548803641858, 120.93774933702808 31.81720795336045, 120.93595767786337 31.81875822417915, 120.93543413351887 31.820521345898456, 120.93581242102675 31.824091192640157, 120.9364692330184 31.825471814922558, 120.93807404929208 31.826729020576614, 120.94018689871636 31.827194953468307, 120.94306824926117 31.826785412893116, 120.94462328518894 31.8260925829366, 120.9457468768612 31.824946141199092, 120.94626731514936 31.82352127585285, 120.94623555176166 31.819933311546578, 120.94563613190962 31.818610895805204, 120.94438663836658 31.81744785056411))"
617,31.851891549295775,120.93361366197183,1,10527.583333333332,duration_weighted_berth_medoid,"POLYGON ((120.9364630878887 31.847772524066734, 120.93448066940678 31.846978224748636, 120.93272074847279 31.846982621274027, 120.93074386402552 31.84778681135349, 120.92909996262802 31.849323539948895, 120.92860069067096 31.850749227679863, 120.92878783759218 31.853647861335233, 120.92961273512377 31.85495152706294, 120.9314080516947 31.856201078127445, 120.93309305445418 31.856632601769814, 120.93484391879342 31.856481083335474, 120.93639183498452 31.855769782735866, 120.93803573638121 31.854233161553132, 120.93853500833791 31.85280752768102, 120.93845591866875 31.8502696091556, 120.9377845124786 31.84890380010168, 120.9364630878887 31.847772524066734))"
618,22.917176412698414,113.5983989920635,1,5329.516666666667,duration_weighted_berth_medoid,"POLYGON ((113.60113926052821 22.912632199943847, 113.59961841133035 22.911957101897105, 113.59751578072513 22.911911200271664, 113.595175211391 22.91256113753873, 113.59357735267407 22.91394864101533, 113.59288459230447 22.91586802727224, 113.59316766548498 22.918455199539512, 113.59389131298624 22.919943258148738, 113.59518302606924 22.921058185951182, 113.59728484383128 22.921671122789952, 113.59992710442805 22.921389910150857, 113.60154542532587 22.920687415981366, 113.60273765734013 22.919458831308233, 113.60331464975012 22.917899063254758, 113.60332444827947 22.91557163115961, 113.6024838252906 22.9137629872987, 113.60113926052821 22.912632199943847))"
619,21.070939463235295,110.50635976470588,2,37178.93333333333,duration_weighted_berth_medoid,"POLYGON ((110.50131683460535 21.07051289128826, 110.50026142875413 21.073209300134668, 110.5003477331356 21.076866861872155, 110.50128096964964 21.0787080063507, 110.5030625538245 21.08013323381803, 110.50477857546157 21.080601449305416, 110.50817353931888 21.0800773093169, 110.509681877756 21.079297078243556, 110.51076393328024 21.07804401060875, 110.51128202233862 21.076098684562787, 110.51126416203486 21.07077155080502, 110.51078108133181 21.06819508988818, 110.50989789376347 21.06679680252038, 110.50726485633163 21.065446982296553, 110.50395971361746 21.065997329252117, 110.50194819270938 21.067692056121448, 110.50131683460535 21.07051289128826))"
620,29.911531,122.26426833333333,1,238.13333333333333,duration_weighted_berth_medoid,"POLYGON ((122.26854519403274 29.909952308040033, 122.26743520894426 29.908380748485495, 122.26561583004667 29.907427639109265, 122.26392031284163 29.907260002341985, 122.26131378468666 29.90780464657752, 122.25994016590516 29.908729047336955, 122.25895476458248 29.910401009375448, 122.25935296411878 29.91383755049091, 122.26040205052587 29.915039300598806, 122.26231806577734 29.915914061061464, 122.26651312335758 29.915608423189354, 122.26818322884215 29.914444927033887, 122.26894727706502 29.9131090931712, 122.26907599819201 29.911622266432648, 122.26854519403274 29.909952308040033))"
621,30.147169666666667,122.11597733333332,1,1539.0333333333333,duration_weighted_berth_medoid,"POLYGON ((122.12020869180827 30.144819295294, 122.11898167315819 30.143234797615975, 122.1170304823376 30.142346263858414, 122.11526108476036 30.14228768681795, 122.1132370521031 30.143044619841028, 122.11176501868954 30.144253167878574, 122.11098093017807 30.1460944882065, 122.11216531280822 30.14977210545618, 122.11343441299111 30.15082835253121, 122.11551525962963 30.151429074556784, 122.11726364598941 30.151243958427347, 122.11901667269598 30.15037951917993, 122.12023867073852 30.149258630627603, 122.12086064670127 30.147815108938374, 122.12020869180827 30.144819295294))"
622,27.195891163265305,120.37774591836734,1,29013.833333333332,duration_weighted_berth_medoid,"POLYGON ((120.38051057766745 27.192168153334816, 120.37844355875501 27.19141877915497, 120.37665485460381 27.1915222914881, 120.37436803097424 27.19253945943475, 120.3732376363555 27.193685739171332, 120.37263104897173 27.195506824214846, 120.37310748889335 27.197930913848914, 120.37383447103747 27.199326950472926, 120.37510070314696 27.200375095579066, 120.37671838575955 27.200919906387284, 120.37844759451812 27.20088058761418, 120.38083979289705 27.19994736420527, 120.38204691980854 27.198837134402325, 120.38274974988947 27.197017806966233, 120.38265329752194 27.194809750318516, 120.38190746028387 27.19332331232398, 120.38051057766745 27.192168153334816))"
623,32.23936853648069,119.15543049356224,1,63758.65,duration_weighted_berth_medoid,"POLYGON ((119.16137576947817 32.234505142367645, 119.15989468776654 32.233749773695116, 119.15818598440634 32.23352376604303, 119.15393020033666 32.233732386980726, 119.15171804533486 32.23479738129131, 119.15054535339175 32.236708280852454, 119.15046322794454 32.23998992091476, 119.15080512884144 32.24144375036014, 119.15177878021991 32.2426762292277, 119.15323595248377 32.243499735958835, 119.15495480436512 32.24378891129581, 119.15952738247587 32.24372020578391, 119.16177753635874 32.24273860469912, 119.16304253771453 32.24088363253388, 119.16329215474246 32.23746940485227, 119.16265734939608 32.23570741903498, 119.16137576947817 32.234505142367645))"
624,32.065182,120.46373246666667,2,1012.6666666666666,duration_weighted_berth_medoid,"POLYGON ((120.46393130436682 32.06068346593391, 120.46180020972088 32.06043865857679, 120.45977910835478 32.06106152036236, 120.45791103895112 32.06268436732447, 120.45735598152156 32.06475802570524, 120.45793908417446 32.067012276576015, 120.45929855344689 32.06842111114735, 120.46085039789486 32.06905767002895, 120.46449845039052 32.06950148737575, 120.46622983563358 32.06914524795881, 120.46766156002337 32.068246596992246, 120.46856834163569 32.066946924086324, 120.46880749832597 32.065450720786785, 120.46848648639941 32.06359204243397, 120.46762872440603 32.06236706240356, 120.46393130436682 32.06068346593391))"
625,20.027722030303032,110.27785612121212,1,3080.916666666667,duration_weighted_berth_medoid,"POLYGON ((110.2815376065812 20.024708757761257, 110.27990670806493 20.02340815529305, 110.27782045702442 20.0229638459727, 110.27614083970373 20.023300024028817, 110.27422454739421 20.02458792689969, 110.27311301227414 20.02633251280148, 110.27293703712324 20.027956528029218, 110.27459511664766 20.031086937231017, 110.27641283232717 20.032151887510697, 110.27811933205399 20.0323519992503, 110.27978079154529 20.031934939408103, 110.28138570921742 20.030870306028344, 110.28241044073391 20.02955990559951, 110.28283172125454 20.027982749327524, 110.28258699955929 20.02637300717846, 110.2815376065812 20.024708757761257))"
626,32.237744486486484,119.20520710810811,1,6978.85,duration_weighted_berth_medoid,"POLYGON ((119.20919360860934 32.23409009249159, 119.20734944094622 32.233324061884346, 119.20463665548041 32.23329668869489, 119.20290480451659 32.23367320453333, 119.20148385365528 32.23459141214352, 119.20059901067852 32.235905770509035, 119.20026316573215 32.238264016882, 119.2007082747557 32.239654034431254, 119.20173305632251 32.24080404591104, 119.2035985541803 32.241657614631734, 119.20672080528861 32.241886187234414, 119.20837938365305 32.24157458353627, 119.2097824627379 32.24076420310872, 119.21087706545293 32.23923199159352, 119.21125896683078 32.236999441722226, 119.21052895637153 32.23523427157831, 119.20919360860934 32.23409009249159))"
627,21.99439415277778,113.153062625,1,3693.3166666666666,duration_weighted_berth_medoid,"POLYGON ((113.1562795135649 21.989754354927495, 113.15462386805154 21.989043557436922, 113.15279992388407 21.98900200848979, 113.15021867269387 21.98985339185288, 113.14874424237887 21.99129624154493, 113.14815892715042 21.993208385680763, 113.14854192689792 21.99582057523631, 113.14927565536613 21.99725048938115, 113.15053202856183 21.998323072215975, 113.15255559707225 21.99893191869286, 113.15496496889429 21.998624704645763, 113.15654384526141 21.997997787599324, 113.15775349950863 21.996867227112762, 113.15848422206 21.995002755915166, 113.15845508443165 21.992661694346314, 113.15761128390322 21.99087698856579, 113.1562795135649 21.989754354927495))"
628,22.683369135135138,113.75434974324324,1,5014.0,duration_weighted_berth_medoid,"POLYGON ((113.75745953371238 22.678802991216678, 113.75545023498844 22.678033281324932, 113.75370539577449 22.678108670886306, 113.75160721861246 22.678853283360723, 113.75008142694486 22.680219690155717, 113.74940774485378 22.682080481343554, 113.74978409431066 22.68460257003347, 113.7504549674697 22.686076917743875, 113.75168089786055 22.687207157709626, 113.75327936644803 22.68782502755048, 113.75501238994492 22.687838544711884, 113.75729150554693 22.687163460434224, 113.75893472875396 22.685810452843135, 113.7596832698965 22.683899362115344, 113.75960917341621 22.68157301522096, 113.75886468482902 22.68001188132527, 113.75745953371238 22.678802991216678))"
629,25.962975,119.44829058208956,1,5312.216666666667,duration_weighted_berth_medoid,"POLYGON ((119.45246033473036 25.96080746342421, 119.45141810687599 25.95950539012525, 119.44946510001526 25.958552703535254, 119.44768284667947 25.958476992816763, 119.44524936580666 25.959202904782114, 119.44395533372557 25.960279238459265, 119.4432216749111 25.961720414142953, 119.44316140125191 25.963304426080057, 119.44387705393792 25.96541858451319, 119.44537736402859 25.966770941317524, 119.44697533185413 25.96730665689051, 119.45095247889765 25.966726646096664, 119.45228490205616 25.965691977231263, 119.45307259875716 25.964276325516614, 119.45319453870117 25.96269719777706, 119.45246033473036 25.96080746342421))"
630,22.573171843137256,113.48270990196077,3,10118.833333333334,duration_weighted_berth_medoid,"POLYGON ((113.48243582415779 22.568616155214407, 113.47931809832299 22.569412232042172, 113.47796237510651 22.57055962943516, 113.47721283077527 22.572008691605333, 113.4776324429578 22.575335181679687, 113.4797648721507 22.577332378054322, 113.48373861788002 22.577639519532482, 113.48593320429893 22.5767378475106, 113.48831684091292 22.577693045744613, 113.4926905528465 22.577950382109368, 113.49479408410475 22.577310434707314, 113.49681498265534 22.575460403186053, 113.49735461980808 22.573910245491085, 113.49720640286594 22.57228771299337, 113.4963931770477 22.570842894320418, 113.49464769258685 22.56934064453503, 113.4929768019 22.568854727402204, 113.49090004008217 22.569101833886908, 113.48886819899563 22.568713916769013, 113.48602745111288 22.56975995786142, 113.48433971731285 22.5688719535266, 113.48243582415779 22.568616155214407))"
631,24.417071982142858,117.86848521428571,1,2478.6666666666665,duration_weighted_berth_medoid,"POLYGON ((117.87170043493141 24.413796842505366, 117.86984441315582 24.41275454012607, 117.86810443318059 24.412577501774482, 117.86642231008683 24.41301967032374, 117.86459117144697 24.414423459429475, 117.86374313082544 24.41582177678335, 117.86360702667633 24.41780735672485, 117.86425753300439 24.41929080241769, 117.86557981966243 24.420609695052008, 117.86711327939064 24.421378990330616, 117.86928966180939 24.421502483007448, 117.87091615264544 24.42091249183456, 117.87236652109993 24.41971016300181, 117.87321456172128 24.418311888728727, 117.87340970423018 24.416724462894717, 117.87292218168128 24.415190028243526, 117.87170043493141 24.413796842505366))"
632,22.870710275,112.9168065,2,5784.400000000001,duration_weighted_berth_medoid,"POLYGON ((112.91202645971964 22.869711030233375, 112.91142366461813 22.8712395318303, 112.91145336942144 22.873123735077943, 112.91206241049255 22.874677140615557, 112.91328230095004 22.87588736225063, 112.9153632668225 22.876631696269467, 112.91746391198996 22.87653645025518, 112.91910278718707 22.87593667371098, 112.9203647467382 22.87480182216527, 112.92159862043621 22.870018568097795, 112.92087937673985 22.86811833778744, 112.91964898659721 22.866966930670518, 112.91759804811512 22.86627482308567, 112.91471411004719 22.866628072927636, 112.912919147105 22.867881573831696, 112.91202645971964 22.869711030233375))"
633,22.746122333333332,113.07861744444443,3,3278.4333333333334,duration_weighted_berth_medoid,"POLYGON ((113.07435966521098 22.74281849888438, 113.07294257045893 22.743663011455787, 113.0719587023669 22.74494066637896, 113.07122783736322 22.747496825062672, 113.07145052638379 22.749479260739644, 113.07234342290101 22.750851214749414, 113.0741357145312 22.751964852819352, 113.07644215368403 22.75245594362253, 113.07854140164898 22.752106036503353, 113.08204215556005 22.74989050031452, 113.08331049397104 22.747835151956853, 113.08340013644653 22.744982013640175, 113.08199289953579 22.742909134640016, 113.08336602306264 22.740972711359863, 113.08353775684334 22.738151737447062, 113.0822413476497 22.735626642842064, 113.08036612791769 22.734592464040396, 113.07770553477368 22.734294306146708, 113.07599022606081 22.734610527622007, 113.07409017705064 22.73584539466553, 113.07310865920073 22.737213228437746, 113.07277969051603 22.73882516147256, 113.07311260947358 22.74102318200189, 113.07435966521098 22.74281849888438))"
634,22.683500145833335,115.51470735416666,1,3767.333333333333,duration_weighted_berth_medoid,"POLYGON ((115.51885283426034 22.681016457663212, 115.51745154346106 22.67947941602542, 115.51543152518104 22.67873083149717, 115.51326725918325 22.678946551465422, 115.51151383217145 22.679865854092615, 115.51033405304184 22.681099948314856, 115.50973497111266 22.68307322429189, 115.51106244674052 22.686572421410403, 115.512800435568 22.687799049955878, 115.51451874629691 22.688137111914024, 115.51805487301068 22.68691037272127, 115.51917360281173 22.68569800088102, 115.51971427755898 22.68418590634381, 115.51885283426034 22.681016457663212))"
635,31.958680753623188,120.35544288405796,1,10535.983333333332,duration_weighted_berth_medoid,"POLYGON ((120.35946824247394 31.95630828257328, 120.35797284478079 31.95503503393683, 120.3559559381802 31.954484975665064, 120.35426705015735 31.95465418392, 120.35212209313991 31.955580183368596, 120.35103713950721 31.956693763897125, 120.35048837749311 31.958432302052685, 120.35166856702705 31.961402975933318, 120.35301920426659 31.962393013719826, 120.35471768582146 31.962858584369094, 120.35649578191169 31.96272617152368, 120.35884195921014 31.961846523833213, 120.35995660927496 31.960736692724257, 120.36049837249512 31.95935292425474, 120.36038793055842 31.957897805374746, 120.35946824247394 31.95630828257328))"
636,30.11130722222222,122.23697566666668,1,8804.6,duration_weighted_berth_medoid,"POLYGON ((122.24050587036145 30.107782677317687, 122.23842936097235 30.106958648401235, 122.23589144646824 30.106948652704745, 122.23422511774805 30.10727735857454, 122.23282136429556 30.108120761391007, 122.23188343528618 30.10935673397697, 122.2313626451218 30.111624150633876, 122.23170681156031 30.113118491494426, 122.2326888127755 30.11438341890958, 122.23457560617027 30.11535149498303, 122.23790139314801 30.11567163982588, 122.23962631115066 30.11536173201143, 122.24108074974211 30.11450178361784, 122.2421844116303 30.112861404265686, 122.24256255594906 30.110681578358495, 122.24182270660124 30.10892886290282, 122.24050587036145 30.107782677317687))"
637,25.5673525,119.8721495,1,920.6333333333333,duration_weighted_berth_medoid,"POLYGON ((119.8760084188135 25.564745721129178, 119.87443662336784 25.563331961534367, 119.87275307241049 25.56280406588048, 119.87097447879378 25.562908423409617, 119.86873922724293 25.563919963998263, 119.8675770912698 25.565154902202142, 119.86704409180024 25.566701800495977, 119.86722542233366 25.568313399043184, 119.86835366120849 25.570324908757858, 119.87007296933997 25.571475665838715, 119.87175561115644 25.571791575061617, 119.87533888350933 25.570666924340493, 119.87646939279983 25.56949557376751, 119.87702832730116 25.5680266073851, 119.87693356191046 25.566475856037158, 119.8760084188135 25.564745721129178))"
638,39.518535447368414,121.37280994736841,1,7652.116666666666,duration_weighted_berth_medoid,"POLYGON ((121.37651008445376 39.51543642390481, 121.37350550050931 39.514651959443526, 121.37107629341763 39.514786813339136, 121.36909950314862 39.51559572494765, 121.36804088561135 39.51671590528889, 121.36745191964225 39.51867817632846, 121.36776046609913 39.52003637944027, 121.3687312614846 39.521194177341364, 121.37063365040316 39.522085732012314, 121.37387413487005 39.5223781847887, 121.37555025339928 39.52212736462462, 121.37698392722103 39.52141214631412, 121.37812533014959 39.52002775102623, 121.37857971679519 39.51812989078585, 121.37785619988364 39.516492529382546, 121.37651008445376 39.51543642390481))"
639,31.950826868852456,120.14849134426228,1,4949.95,duration_weighted_berth_medoid,"POLYGON ((120.15165104496366 31.947389675610275, 120.14957214286382 31.946581056006384, 120.14706977994335 31.946571701255273, 120.14541495988776 31.94689099449773, 120.14401787115612 31.947708483625025, 120.14307795817686 31.948907455024028, 120.1425445445498 31.95109326559277, 120.14287778850789 31.952567207110864, 120.14385588903517 31.953817668723982, 120.14574650951116 31.95477689063164, 120.14903504909574 31.955093710575667, 120.1507462016245 31.954798720783504, 120.15219546964474 31.953972369221397, 120.1533116542761 31.952388662279922, 120.15371206451934 31.950268716834223, 120.15297669184379 31.948525079940804, 120.15165104496366 31.947389675610275))"
640,32.073517067039106,120.46466158100559,1,9473.3,duration_weighted_berth_medoid,"POLYGON ((120.46789402061381 32.070493825282796, 120.46644972904005 32.06964498429866, 120.46428976913217 32.06934341733195, 120.46260046287537 32.06975476010623, 120.46076724516264 32.071062879370366, 120.45992183447514 32.072358752320355, 120.45978148326463 32.07419910771857, 120.46042303301068 32.07557635957106, 120.46173930764589 32.07681056388745, 120.46370210927485 32.077631856962334, 120.46545955982612 32.07765507708433, 120.46709296339715 32.07710504449484, 120.46854384539752 32.07598508320525, 120.46938925608474 32.074689261651265, 120.46958711543384 32.07321811211985, 120.46910747753756 32.07179428937793, 120.46789402061381 32.070493825282796))"
641,27.21400382352941,120.3013784117647,1,2813.6000000000004,duration_weighted_berth_medoid,"POLYGON ((120.3058092974574 27.212217113250023, 120.30455841886659 27.21058339445034, 120.30257994876207 27.2096829941333, 120.30035828757882 27.20973638136657, 120.29844269843248 27.210548985274343, 120.2971839232817 27.21163966617444, 120.29642233857508 27.213464574578026, 120.29749765821533 27.21718171952048, 120.2991555364718 27.218511065413207, 120.30087751398403 27.21895422433565, 120.30265723820547 27.218763222796834, 120.30464090264651 27.217907513947736, 120.30585524912946 27.216748556805687, 120.30646749886206 27.215260953575097, 120.3058092974574 27.212217113250023))"
642,39.510302,121.33817912121212,1,4725.7,duration_weighted_berth_medoid,"POLYGON ((121.34295554083918 39.50877662541304, 121.34177710581717 39.50740818434794, 121.33991418471605 39.50661229081558, 121.3382095311541 39.50651357967812, 121.33561396085678 39.50708465959701, 121.33426957163915 39.507972713228185, 121.33347418811739 39.50919250521223, 121.33335129986665 39.51055464136876, 121.33402185105749 39.51255600279533, 121.33514572471658 39.51356691248204, 121.33710316394979 39.51425357399854, 121.3412896667772 39.51377975731254, 121.34265346754486 39.51287667251557, 121.34344914724527 39.51163337062904, 121.34354930411911 39.51024891305378, 121.34295554083918 39.50877662541304))"
643,39.004232875,117.7860469375,3,21657.050000000003,duration_weighted_berth_medoid,"POLYGON ((117.78240841466574 38.99865479702069, 117.7810920716709 38.99965993873278, 117.7803668148343 39.00124412421703, 117.78067734829402 39.00820303477489, 117.78200618048736 39.00967371888728, 117.7838265554739 39.01053706349385, 117.78552698230408 39.01069175556361, 117.78924882972842 39.01005578204496, 117.79090280366172 39.00894852153038, 117.79168955275199 39.00736607271885, 117.79196003993906 38.999628463975405, 117.79138659034317 38.99784082504218, 117.7933305815511 38.99616692441848, 117.7940440685037 38.993493432407845, 117.79370014172746 38.99213552825992, 117.7927043544943 38.99098818152574, 117.79050893720235 38.989948487199534, 117.78872499498105 38.9897048238506, 117.7869622823025 38.99002864317246, 117.7853940973115 38.99086628644624, 117.78396153271292 38.993057243382395, 117.78400002705132 38.99516402541906, 117.78478396207424 38.996570253638765, 117.78322672644234 38.9974984336454, 117.78240841466574 38.99865479702069))"
644,38.99417066666666,117.77733744444446,3,11495.033333333335,duration_weighted_berth_medoid,"POLYGON ((117.77148600284016 38.998911799765246, 117.77025473197114 39.00150901034054, 117.77058991156 39.00283559521293, 117.77154859567074 39.003963683847736, 117.77362559893143 39.004995820034495, 117.77529472441468 39.00527637340339, 117.77737200539627 39.00491991691721, 117.77873388715201 39.0041192432012, 117.77997007019569 39.002396749630655, 117.78016453766719 39.000607193899675, 117.78116864509222 38.99949033773525, 117.78255437130947 38.99574118083169, 117.78207292158734 38.991826323742394, 117.7805623316648 38.99010856239218, 117.77895505724933 38.98947884615626, 117.77715875590303 38.98939016148744, 117.77468321772324 38.98990534705189, 117.77302541461054 38.99091657909789, 117.77224553369 38.9920832871523, 117.77204803200335 38.99451136493482, 117.77133754269026 38.996061740653786, 117.77148600284016 38.998911799765246))"
645,19.71665411764706,109.17404005882354,3,7681.4333333333325,duration_weighted_berth_medoid,"POLYGON ((109.169135890966 19.718603278030375, 109.17012211418297 19.719995828423883, 109.17280421527829 19.721889152898893, 109.1744879054334 19.722506841793262, 109.17627829708236 19.722536902307343, 109.17799723165207 19.72215575037487, 109.17942721161911 19.72118027164104, 109.18034718030364 19.719761253675543, 109.18061492227075 19.71811805013988, 109.17971012041578 19.714431825525153, 109.1785089716726 19.712726943281567, 109.17614123212736 19.71166632436805, 109.17410452053704 19.70967607277569, 109.17090995539823 19.709028452029475, 109.16912028440527 19.709416465658613, 109.16755538431393 19.710423281985754, 109.1661286128216 19.71293853379247, 109.16657813820756 19.716444908544855, 109.16764404426526 19.7177771317649, 109.169135890966 19.718603278030375))"
646,22.527864846153843,113.85674046153846,2,5638.533333333334,duration_weighted_berth_medoid,"POLYGON ((113.85178254195252 22.529149827202893, 113.85027482075904 22.532723777333786, 113.85110792714926 22.535375214539044, 113.8542653954139 22.53728336521627, 113.85599721132905 22.537404245213324, 113.85764921324021 22.536909257927093, 113.85944974074862 22.53519661893223, 113.8602961380672 22.531944485584344, 113.86158908000648 22.52993278787003, 113.86133769813166 22.525873453323747, 113.86079368664453 22.524368315651973, 113.85932700921579 22.52292901094027, 113.85773341735195 22.522336451203635, 113.85601556195017 22.522339842642637, 113.853918705131 22.523068579799013, 113.85254556760061 22.5241048187028, 113.85171356439649 22.5255511699408, 113.85178254195252 22.529149827202893))"
647,22.7692792,113.6428836,1,177.2,duration_weighted_berth_medoid,"POLYGON ((113.64555922895008 22.764364236114687, 113.643465282862 22.763584056778903, 113.64165639454873 22.763706768678222, 113.6397088130508 22.764761115689122, 113.63827300490742 22.766545720803116, 113.63818996977655 22.77070248800935, 113.63910182793006 22.77215652342429, 113.64099114700416 22.773449437683766, 113.6427565286851 22.773833182002182, 113.64454257462344 22.773541860162112, 113.64605803694927 22.77262297364111, 113.64749384509261 22.770838447974157, 113.64769871315085 22.767089150917048, 113.64695232758864 22.765556936523613, 113.64555922895008 22.764364236114687))"
648,31.313631055555554,121.69260961111111,1,1266.0,duration_weighted_berth_medoid,"POLYGON ((121.69634252022638 31.31111322219325, 121.69510845994824 31.310058627049777, 121.69306299359552 31.309429518032545, 121.69132533038022 31.309570131863442, 121.68945448055209 31.310516150146714, 121.68820395643432 31.31180522272294, 121.68766296091908 31.313621765263317, 121.68800424211545 31.31509826817191, 121.68942726627198 31.316917501587557, 121.69087764650827 31.31774707978708, 121.6925886792437 31.31804169129765, 121.69430197755187 31.317756851134668, 121.69575881237705 31.316935568847807, 121.69700933649489 31.315646566487768, 121.69752740423449 31.314208111770146, 121.69735807214887 31.312710050810203, 121.69634252022638 31.31111322219325))"
649,30.150736005208334,122.02977026041667,1,9362.216666666667,duration_weighted_berth_medoid,"POLYGON ((122.03388056822145 30.148439763222065, 122.03243201898948 30.147100115325127, 122.03043410988919 30.146484575139006, 122.02873796268035 30.146612165294375, 122.02656180304258 30.147569891158543, 122.0254141078725 30.148732881007064, 122.02484657312526 30.15057258580365, 122.02613384081856 30.15369608327079, 122.02746806710444 30.154666472466033, 122.02956667223665 30.155148908978088, 122.0332103760057 30.154034946982478, 122.03435685014374 30.15284140157605, 122.03487152044362 30.151355026479067, 122.03388056822145 30.148439763222065))"
650,31.948334402597403,118.6249737012987,1,11316.9,duration_weighted_berth_medoid,"POLYGON ((118.62800190417776 31.943762422776135, 118.62600929958805 31.942967261086096, 118.62279077078279 31.94308774523717, 118.62106798690036 31.943552582613723, 118.61970070505394 31.9445561148961, 118.61882042116731 31.94631410197662, 118.6189470534428 31.949398125945077, 118.61954832136624 31.95079862131548, 118.62073666279605 31.951896315662662, 118.62276434456184 31.952593446654276, 118.62622594943166 31.952478468050025, 118.62787748193065 31.95196099203844, 118.62916773053554 31.95094464641709, 118.629978369734 31.949215991022555, 118.63001960646663 31.94636947688696, 118.62935523999234 31.944933463154193, 118.62800190417776 31.943762422776135))"
651,22.8141342,113.01559343333334,1,2621.416666666667,duration_weighted_berth_medoid,"POLYGON ((113.0188043936555 22.80997578113616, 113.01713552454952 22.80926634237558, 113.01529811008784 22.809232414341132, 113.0129753841295 22.80982180570155, 113.01133180575098 22.81118725323098, 113.01059486887877 22.813110335250723, 113.01079502576188 22.81538047068714, 113.0114718947813 22.816854973774284, 113.01270509925581 22.81798248528596, 113.01474220023569 22.818654140400692, 113.01737373026694 22.818482040136285, 113.01903528745753 22.81783953424211, 113.02028919676452 22.8166468168022, 113.02093366545192 22.815095821597257, 113.0209258600167 22.812627844550708, 113.02017726291389 22.811142517658816, 113.0188043936555 22.80997578113616))"
652,34.34732398770491,119.74673347540984,2,78532.16666666669,duration_weighted_berth_medoid,"POLYGON ((119.74099036708917 34.342846496010786, 119.74072551830818 34.3481296651645, 119.74218972351142 34.350286208429836, 119.74410767521134 34.35110513527906, 119.74716427482583 34.351401356908355, 119.74884460634246 34.35104531936866, 119.75023617932324 34.35019010950365, 119.75134762860856 34.3482662554205, 119.75164010937844 34.34399800218177, 119.75138112703418 34.34048583235317, 119.75022731638465 34.338600262788404, 119.74882989029986 34.33777371275054, 119.74641358784754 34.337140087073976, 119.74347273201259 34.33763922400099, 119.74156969719022 34.3395566850391, 119.74099036708917 34.342846496010786))"
653,21.089311625,110.5153255,1,296.76666666666665,duration_weighted_berth_medoid,"POLYGON ((110.51803012894939 21.08552647457741, 110.515985254557 21.084743275683806, 110.51421328389127 21.084839276214772, 110.51227930330604 21.085838036735726, 110.51074208819628 21.087673586296496, 110.51063196812684 21.09196513687783, 110.51154390040232 21.0934369519008, 110.51341544890631 21.09473757446145, 110.5151393850311 21.09513176539589, 110.51689238536717 21.09487210709079, 110.51887885433597 21.093580084597697, 110.51993791180374 21.092163673923906, 110.52016981489827 21.088284571775965, 110.51942346206498 21.086733628729142, 110.51803012894939 21.08552647457741))"
654,26.325330874015748,119.85385118110236,1,10889.216666666667,duration_weighted_berth_medoid,"POLYGON ((119.857666856022 26.322732025483027, 119.85642808654852 26.32159462797893, 119.85435373964907 26.32091524052829, 119.85258866945725 26.321068833566216, 119.8504261217919 26.32211579465498, 119.84930451071556 26.32337562413097, 119.84882412964194 26.324928805508467, 119.84906197680425 26.326526379536634, 119.85023257587258 26.328442959792632, 119.85197461817921 26.329534779481218, 119.85365341006735 26.32980893070267, 119.85716883512254 26.328632227650758, 119.8582763549053 26.327431754762394, 119.85879247639002 26.325944297426545, 119.85863992252524 26.324392560960074, 119.857666856022 26.322732025483027))"
655,31.604077931372547,121.2703028627451,1,4510.433333333333,duration_weighted_berth_medoid,"POLYGON ((121.27433334798344 31.60200707520343, 121.27289691051199 31.600572375637938, 121.27127123520052 31.599959833500037, 121.26949387679424 31.599932427613144, 121.26715556682862 31.600727313987168, 121.26589617335219 31.601779047964282, 121.26514175243027 31.60353612849695, 121.26610240726572 31.60672659624402, 121.26768857669444 31.607973213384792, 121.26933957061512 31.60842133523268, 121.2731270738486 31.607642464631734, 121.27438682621404 31.606620590462622, 121.27509613836742 31.605267659734984, 121.27514859592698 31.60378663604348, 121.27433334798344 31.60200707520343))"
656,26.29994984,119.87754779999999,1,1053.9666666666667,duration_weighted_berth_medoid,"POLYGON ((119.88165202591632 26.29643448871849, 119.87981033540812 26.295623111204307, 119.87707247380338 26.295593403860302, 119.87535291563624 26.29598556253858, 119.87393691990154 26.296944109711028, 119.87304545460987 26.298319451262937, 119.87269172555676 26.300728387221792, 119.87312560961848 26.30221666385441, 119.87415037437778 26.30345046313601, 119.87602786212902 26.304366298053278, 119.87920561032074 26.30460839738566, 119.88094272868928 26.3042366809837, 119.88238094787462 26.30328751818662, 119.88329288778745 26.301910958380777, 119.88372384310966 26.29959143650774, 119.88300430242889 26.297670241529445, 119.88165202591632 26.29643448871849))"
657,32.17920488235294,119.01867664705883,1,553.65,duration_weighted_berth_medoid,"POLYGON ((119.02188509070292 32.17615636641592, 119.02004311498847 32.175195341462796, 119.01831728028279 32.175027320936266, 119.01664520401515 32.17542619309941, 119.01480051510907 32.17671745927535, 119.01393375322367 32.17802156915308, 119.013786939339 32.1798808742199, 119.01444096266843 32.18127096155662, 119.01576651020001 32.18249664584811, 119.01728793207054 32.18320636469253, 119.01944703542449 32.183326896286864, 119.02106541943925 32.18279245861762, 119.02253053194976 32.181684355345595, 119.02339729383513 32.18038029792507, 119.02360235050602 32.17889413415626, 119.02311393620957 32.17745608563223, 119.02188509070292 32.17615636641592))"
658,32.219239,119.21582826086957,1,2097.8333333333335,duration_weighted_berth_medoid,"POLYGON ((119.2201063703478 32.21717675196428, 119.21910364287794 32.21590429041867, 119.21715809340729 32.2149466865343, 119.21535501720837 32.21483814008598, 119.21287037187629 32.215563555103955, 119.21130953512967 32.21686337735438, 119.21070656589465 32.21826092889918, 119.21152809932195 32.22161832613579, 119.21270433371402 32.2227228425448, 119.21472487984627 32.223434419461114, 119.21869671781353 32.22271542851639, 119.22001242892792 32.22168139868427, 119.22074414351663 32.220293949204276, 119.22077488971269 32.218774867187676, 119.2201063703478 32.21717675196428))"
659,31.93674734065934,118.6100683956044,4,11304.916666666666,duration_weighted_berth_medoid,"POLYGON ((118.6045499173298 31.933376698441425, 118.60365988946707 31.934980750715, 118.60371298354575 31.93734680243406, 118.60420875872926 31.938785236052507, 118.60531967173888 31.939950266983264, 118.60730468070524 31.94075409314614, 118.60966074448007 31.94082847595639, 118.61146558644661 31.943149031601063, 118.61373583374854 31.944279516662263, 118.61709903362325 31.944036409404774, 118.61915633391598 31.942711174998273, 118.61997183813314 31.941012218380564, 118.61959126514817 31.93884426868463, 118.61736901467108 31.935984086833063, 118.61483696873583 31.935038267884263, 118.61383565402922 31.933081699065564, 118.61387022317325 31.930603298625826, 118.61186483569715 31.928462599004206, 118.60897372890165 31.92765182196628, 118.60613766191955 31.928592256555554, 118.60435542080062 31.930910388555976, 118.6045499173298 31.933376698441425))"
660,28.10325990909091,121.10314681818181,1,343.8666666666667,duration_weighted_berth_medoid,"POLYGON ((121.10655021443411 28.100230657541815, 121.104783434148 28.099150085683316, 121.10264975632418 28.09891760562259, 121.10100717309132 28.099385132403608, 121.09920380754528 28.100721655092272, 121.0982939382961 28.102438934046287, 121.09828979328586 28.1039607069563, 121.10019880884107 28.106676694623243, 121.10212896934736 28.107521896160353, 121.10385847478368 28.107559659719527, 121.10699303296983 28.105923978235825, 121.10786587145164 28.104613962361178, 121.10811549715699 28.103110470333508, 121.10770519201674 28.10163465124138, 121.10655021443411 28.100230657541815))"
661,34.21933616666667,119.58194608333334,1,1186.9333333333334,duration_weighted_berth_medoid,"POLYGON ((119.5856787559146 34.21675448287686, 119.58405706808179 34.21554195760043, 119.58193521906489 34.21510619042082, 119.58021447491949 34.21539329645056, 119.57827886853788 34.21652997770528, 119.57717889260856 34.21802137270549, 119.57697528991608 34.21941345915304, 119.57854554150705 34.22221319293121, 119.5803710453435 34.223210025714046, 119.5821101668296 34.22341391467096, 119.5838108723047 34.22305071227831, 119.585445865954 34.22209684467703, 119.5864948694492 34.220885917306326, 119.58688408830544 34.219431544808494, 119.5856787559146 34.21675448287686))"
662,34.230397958333334,119.60729391666666,2,5937.0,duration_weighted_berth_medoid,"POLYGON ((119.60210507633111 34.22343895246322, 119.59913715348053 34.2228702221946, 119.59641307046809 34.22399821153851, 119.59480779541208 34.22636012744706, 119.5948290274458 34.227781499437235, 119.59549455217117 34.22909213225155, 119.5967068634951 34.23010001412702, 119.59898915733585 34.23095847497841, 119.60078017134936 34.23095477824826, 119.60234675101071 34.230413884617924, 119.6029112324191 34.23296874260781, 119.60507318924812 34.234684451772, 119.60892478622561 34.235058930383154, 119.61136037744222 34.234312418034584, 119.61252038666103 34.23323395689572, 119.61309547942568 34.231871303724105, 119.61314613775373 34.2295555383072, 119.61226565525459 34.227869007116674, 119.61091669727666 34.2269036152426, 119.60921960955588 34.22644857281448, 119.6068832999733 34.22630273955643, 119.60471124688574 34.2269549158595, 119.60414874778417 34.22504724879185, 119.60210507633111 34.22343895246322))"
663,34.35381660465116,119.7588936744186,1,1669.45,duration_weighted_berth_medoid,"POLYGON ((119.76226686521602 34.3509972930459, 119.76053131638203 34.349992856892115, 119.75843110802236 34.34975730779914, 119.75680257358711 34.35016398265677, 119.75495182723003 34.35139155814378, 119.75410695425037 34.352656576627595, 119.75397012192744 34.35445219853548, 119.75587216413324 34.357017020483845, 119.75777114385531 34.35780948153792, 119.75947806046466 34.35786247077327, 119.76264695005065 34.3563753603223, 119.76355544004484 34.35514711995745, 119.76382905690501 34.35372581080633, 119.76342658558013 34.35232552125617, 119.76226686521602 34.3509972930459))"
664,34.32071011111111,119.73388104761905,1,7061.783333333333,duration_weighted_berth_medoid,"POLYGON ((119.73750823430558 34.318059439866445, 119.73578178500284 34.31689634248651, 119.73404105889054 34.316555008725885, 119.73227710931504 34.31680196375306, 119.73026042845022 34.31793034453476, 119.72925386673141 34.319136354140866, 119.72890988397135 34.32093824696386, 119.72941833686883 34.32234148709626, 119.73062397252075 34.32373057542058, 119.73255255752628 34.324662582412266, 119.73434166734882 34.32477649767033, 119.73604199643539 34.32430292702662, 119.73763914359844 34.32328151280017, 119.73855872418257 34.32203978836953, 119.73882901010101 34.32060142289526, 119.73750823430558 34.318059439866445))"
665,36.8407015,122.26535083333333,1,851.0666666666666,duration_weighted_berth_medoid,"POLYGON ((122.26879410044712 36.83800141949351, 122.2674210628003 36.83711952421993, 122.26528742770633 36.836715268094046, 122.26356609282304 36.8370108856175, 122.26163495728208 36.83814368948882, 122.26067260472622 36.83936326231623, 122.26042895901442 36.8411487208519, 122.26103970698098 36.84250573537733, 122.2623004209835 36.843750991430355, 122.26425106619075 36.844558705679496, 122.26601361232782 36.84460512369133, 122.26920131834049 36.843082358520896, 122.27007722567848 36.84182849458465, 122.270269682627 36.84040024623349, 122.26879410044712 36.83800141949351))"
666,39.118338037037034,122.07928722222222,1,1544.25,duration_weighted_berth_medoid,"POLYGON ((122.08246921268298 39.11553004132815, 122.08060370643511 39.11465774489495, 122.07886393756655 39.11452020099668, 122.0771883345382 39.11490858990218, 122.07537575240951 39.11611365742983, 122.07443156757756 39.117644497320796, 122.07442527607951 39.119007085045205, 122.0750929390896 39.12026735609969, 122.07642576313226 39.12137688760739, 122.07839228470259 39.122103368853004, 122.08014105064512 39.122108228978746, 122.08175966107393 39.12159459991018, 122.08319391981313 39.12056365934158, 122.08402900934288 39.11936498164411, 122.08420778619033 39.11800947002799, 122.0837029166401 39.11670436971756, 122.08246921268298 39.11553004132815))"
667,32.200150826086954,119.04947208695653,1,6917.216666666667,duration_weighted_berth_medoid,"POLYGON ((119.0537279825753 32.19819412915009, 119.05271489894426 32.196938238822675, 119.0507716157007 32.195999516968214, 119.04897854465763 32.19589988158825, 119.04650606038697 32.196630536150735, 119.04494684392728 32.19794139889449, 119.04435209347427 32.19934743058869, 119.04519487833343 32.202673424570264, 119.04674130786024 32.20397331239112, 119.04839072414019 32.20446843689026, 119.05228845853313 32.203773099998706, 119.05356597895155 32.20281463703872, 119.05442379784952 32.2011677931675, 119.0537279825753 32.19819412915009))"
668,32.11632933333333,119.9118001111111,1,405.0,duration_weighted_berth_medoid,"POLYGON ((119.916061306287 32.114572006457855, 119.9149125329884 32.11303187402565, 119.91305006222515 32.11212068996478, 119.91133010209468 32.111991293601214, 119.90876716400643 32.11266071541599, 119.90715661023661 32.11390490872579, 119.90649094792222 32.115275887708016, 119.90719356910621 32.11884980366059, 119.90869845084667 32.120227613471734, 119.91035391688554 32.12078051620404, 119.91443633125144 32.1201358090797, 119.91576176567094 32.11916358134622, 119.91654669140038 32.11783562048681, 119.91667148717718 32.11635429479125, 119.916061306287 32.114572006457855))"
669,23.456215571428572,116.46504614285713,1,387.8166666666667,duration_weighted_berth_medoid,"POLYGON ((116.46800025924952 23.45261778748809, 116.4649509178437 23.451686551581492, 116.46246664296957 23.45196567983676, 116.46095940430392 23.452785857654295, 116.45990900299883 23.45407272200209, 116.45928996005465 23.456310212196094, 116.45955949489712 23.45793357363965, 116.46049871771376 23.459331441338847, 116.46237888647339 23.460429832060267, 116.46529928488566 23.46080297890553, 116.46708005406721 23.46049026811786, 116.46858096262014 23.45955718646529, 116.46978623696756 23.45760733335166, 116.4700533160301 23.45566218249185, 116.46931023706261 23.45382396031797, 116.46800025924952 23.45261778748809))"
670,24.5321525,118.52416666666666,1,741.6333333333333,duration_weighted_berth_medoid,"POLYGON ((118.52844002591691 24.528585228472984, 118.52657283091995 24.527756597276635, 118.52361422557539 24.52775770033523, 118.5219239176717 24.528159060701952, 118.52052976846927 24.529116734632783, 118.51951788345995 24.530869084334043, 118.51933483911469 24.5333698115341, 118.51977819475076 24.5349257805745, 118.52084694555445 24.536205776849968, 118.52280311407328 24.537122588746755, 118.52618132778895 24.537275726294, 118.5278766120534 24.536857300250553, 118.52926584238006 24.535879387817282, 118.53025549784988 24.534104464158847, 118.53050949340759 24.531759626643638, 118.52978569729491 24.529830053548004, 118.52844002591691 24.528585228472984))"
671,23.392578454545454,117.0038480909091,1,406.98333333333335,duration_weighted_berth_medoid,"POLYGON ((117.00808184564687 23.390073832241132, 117.00672886774967 23.388491647633643, 117.00472128909351 23.387685318094086, 117.00253698097487 23.38784679185094, 117.00073097496093 23.38873587945543, 116.99930896767934 23.390289305260925, 116.99886770807399 23.39186734284819, 117.00011090052816 23.395453878800517, 117.00182348477952 23.396725539188985, 117.0035440070233 23.39710240855898, 117.00714017959527 23.395938808471485, 117.00827763594428 23.394769409175325, 117.0088571721445 23.393294808801603, 117.00808184564687 23.390073832241132))"
672,32.0664642,120.58806139999999,2,8057.066666666667,duration_weighted_berth_medoid,"POLYGON ((120.58529571693842 32.070028159182456, 120.58774421778985 32.070742994424016, 120.5902066884519 32.07034665176296, 120.59200623217346 32.069302855370736, 120.5930135259936 32.06766382590874, 120.59295746788673 32.065519480113934, 120.59211559949033 32.063833338831856, 120.59082695641752 32.06284944418578, 120.58750566727693 32.06151860608998, 120.5853853218369 32.06134337589071, 120.5836302427475 32.06176789747926, 120.58179819722143 32.0630353639766, 120.58086470292257 32.06472190762711, 120.58087597401712 32.06621763537518, 120.58173283909726 32.068345108585575, 120.58331717145764 32.06957042608491, 120.58529571693842 32.070028159182456))"
673,34.36573361111111,119.77034791666668,1,159980.58333333334,duration_weighted_berth_medoid,"POLYGON ((119.77331438135003 34.36078411757826, 119.770935096172 34.35996285008812, 119.76816201279738 34.360235542873546, 119.76653575522492 34.360776001431695, 119.76505363008506 34.36209954533993, 119.76450266213543 34.36384359533422, 119.76482173178633 34.36681721421738, 119.76569872278966 34.36842085705495, 119.76699018532908 34.3693474460794, 119.76903616714372 34.369840976269465, 119.77198179907309 34.369530754495685, 119.77360404259667 34.36888434711003, 119.77478812033861 34.36776379595962, 119.7753435772442 34.366349323470715, 119.775317837727 34.36325537803031, 119.77464889646451 34.36189969760476, 119.77331438135003 34.36078411757826))"
674,36.07531081818182,120.26897581818183,1,338.25,duration_weighted_berth_medoid,"POLYGON ((120.27284854151922 36.07293666605665, 120.27136215977121 36.071699950462055, 120.26933752241881 36.071156963671214, 120.2676356409777 36.07131054634723, 120.26559268246235 36.07225786696846, 120.26450637890312 36.07331048591585, 120.26394718112354 36.07495718158722, 120.26421645984293 36.07631048588082, 120.26545345092008 36.07809754617731, 120.26722819203759 36.079070662913566, 120.26892731022586 36.07929535159139, 120.27234903557394 36.07813123405803, 120.2734369178903 36.07699997993851, 120.2738985033386 36.07561661459304, 120.27284854151922 36.07293666605665))"
675,25.33898943396226,119.64850416981133,1,1351.2,duration_weighted_berth_medoid,"POLYGON ((119.65151096228264 25.335322853765536, 119.64993249676417 25.334646935675938, 119.64775702495797 25.334642682030598, 119.6453991492751 25.335642171819778, 119.64421554666184 25.336816537851956, 119.64357758337471 25.338709093232595, 119.644059993643 25.341169339534513, 119.64483888468631 25.342635784108115, 119.64619225411661 25.343708121190552, 119.64790278621791 25.344214173592476, 119.64969581429528 25.344072689749172, 119.65176791670858 25.343239774458432, 119.6532464354785 25.341760202662915, 119.65374947057322 25.34022525119781, 119.6536534533011 25.338006091965894, 119.65290757562066 25.336496299125116, 119.65151096228264 25.335322853765536))"
676,21.537720359999998,111.85052316,1,1070.7166666666667,duration_weighted_berth_medoid,"POLYGON ((111.85475703028207 21.5353179552862, 111.85358470695569 21.533655709805977, 111.85171921956955 21.5326856143168, 111.84958293264353 21.5326273227501, 111.84722102411914 21.533572832761426, 111.84597482467267 21.534782982744964, 111.84534006696254 21.536351280855268, 111.84621683278992 21.540259280964154, 111.84773935058529 21.541688755077733, 111.84936949065822 21.542246187943128, 111.8532100302683 21.54145373855473, 111.85453225041212 21.540365644752075, 111.85530151372585 21.538887612789125, 111.85539897781824 21.537247973725034, 111.85475703028207 21.5353179552862))"
677,31.743645925925925,121.19742392592592,1,905.4000000000001,duration_weighted_berth_medoid,"POLYGON ((121.20136812693141 31.741316934739974, 121.20023576429011 31.74016569802411, 121.19823719470905 31.73938771831218, 121.19647254674005 31.739411252821245, 121.19421939817872 31.740246663746525, 121.19299877974608 31.741329279871863, 121.19236238852935 31.74272808744027, 121.19240834336563 31.744227409257956, 121.19335306851286 31.74619116697867, 121.1949649485169 31.747390294654117, 121.19661467419685 31.7478019566596, 121.2003323437768 31.746969089924647, 121.201577856889 31.74590862195624, 121.20224764610428 31.74452223998167, 121.20223857758192 31.74302340913366, 121.20136812693141 31.741316934739974))"
678,32.24059045,119.312848175,1,229431.81666666665,duration_weighted_berth_medoid,"POLYGON ((119.31728356782025 32.23870820742299, 119.3161326618054 32.23716025512469, 119.31426010572625 32.23624638350245, 119.31253082337 32.236120523786454, 119.30989970735693 32.23673599667598, 119.30829169652607 32.23800076037483, 119.30764227079459 32.2393871932327, 119.30825626636788 32.24280123438531, 119.30937566219174 32.243924458597704, 119.31133968439634 32.24469162003541, 119.31554241918313 32.24419068041924, 119.31689975919585 32.243227645013434, 119.31771120323721 32.24189557437275, 119.31785050150847 32.240401709735, 119.31728356782025 32.23870820742299))"
679,32.03751073898305,119.93367913220338,1,8888.95,duration_weighted_berth_medoid,"POLYGON ((119.93635476115242 32.03407169930392, 119.93471300602837 32.033424622329825, 119.9324591227915 32.03346553135694, 119.93043039699975 32.03420485066806, 119.92893073349943 32.0355755327151, 119.92838140677316 32.03738606014767, 119.92887334252492 32.03979015340142, 119.92970956501884 32.04111223731523, 119.93108334880974 32.04205787753448, 119.93278143047016 32.04248028799547, 119.93454020322486 32.042313901847976, 119.9366470323354 32.0415747858829, 119.93808225096825 32.04020904073709, 119.93857939985415 32.03880237329705, 119.93842585374391 32.03634871622302, 119.93767682563745 32.035087258824014, 119.93635476115242 32.03407169930392))"
680,24.408783,118.3635304125,1,2418.0833333333335,duration_weighted_berth_medoid,"POLYGON ((118.36787647009699 24.40676471089559, 118.36668302790474 24.40516051235355, 118.36481271592758 24.40423651649608, 118.36268527751858 24.40420010631629, 118.3603487883434 24.405138785739172, 118.35911208422147 24.406337328839676, 118.3584937578936 24.40788255263145, 118.35940392038044 24.41164873654827, 118.3609366293366 24.413028983467832, 118.36256605326214 24.413559933970813, 118.36638255264818 24.412763863379805, 118.3677026023303 24.4116817892132, 118.3684588199288 24.41021835984655, 118.3685329566538 24.408602401081666, 118.36787647009699 24.40676471089559))"
681,34.31028881465517,119.73352168534483,4,16911.45,duration_weighted_berth_medoid,"POLYGON ((119.72600907758559 34.30848067535935, 119.72890432622191 34.30979463348667, 119.72897980213546 34.31284037063592, 119.72990540414928 34.3140580581884, 119.73132202229624 34.314893609976515, 119.73610090770433 34.31515090936737, 119.73767535139226 34.31451289188299, 119.7390361357274 34.31310171104751, 119.73934228166345 34.30907397726309, 119.73745157210294 34.30694356510261, 119.73656513950314 34.30460861115274, 119.73225037231812 34.30201668292525, 119.7278767791409 34.3002496793892, 119.72613908920974 34.30027564851133, 119.72419569569533 34.30106338807995, 119.72310751688946 34.30218285046548, 119.72234593830385 34.30412964016064, 119.72236314654481 34.30558882400632, 119.7230602080462 34.306929646424926, 119.72432929728996 34.307944711311315, 119.72600907758559 34.30848067535935))"
682,36.006917841269846,120.25112185714285,1,2329.0499999999997,duration_weighted_berth_medoid,"POLYGON ((120.25535008433003 36.0048272750969, 120.25416388857904 36.003379844418006, 120.25228280947586 36.002543063213544, 120.25013653704195 36.00250809601614, 120.24818618449783 36.003148025030264, 120.24657796905977 36.00439823960291, 120.24595764292187 36.005757499659936, 120.24684673035206 36.00913759068055, 120.24838086768546 36.010378946688604, 120.2500195473114 36.010857413627015, 120.2538377272325 36.010150870459746, 120.25514828196643 36.00919973292008, 120.25590616093987 36.00791414260387, 120.25599490404204 36.00649163989166, 120.25535008433003 36.0048272750969))"
683,22.690827428571428,115.04845407142857,1,1195.2166666666667,duration_weighted_berth_medoid,"POLYGON ((115.05259637777843 22.688569183795078, 115.05129207036317 22.687013053288098, 115.04935695364651 22.686187157316045, 115.04764534673096 22.686184112979678, 115.0457067930598 22.687003119137543, 115.0442871064093 22.68826902120051, 115.0435166608094 22.690165882095936, 115.04366791782535 22.691786360054735, 115.04490423443657 22.69417336728626, 115.04629877929617 22.695222979728843, 115.04802800081445 22.6956832575508, 115.04981426047696 22.69548030592815, 115.0515742771782 22.694536723174, 115.05275783564129 22.69336302149637, 115.05336996076706 22.691862688938354, 115.0533190414443 22.69026025972082, 115.05259637777843 22.688569183795078))"
684,23.71508163636364,117.54725054545453,1,1522.5166666666669,duration_weighted_berth_medoid,"POLYGON ((117.5500999713711 23.710987195138582, 117.54821797322916 23.71015023932218, 117.54539234260542 23.710155745835742, 117.54372019755193 23.710560985215835, 117.54233930465274 23.711514732266643, 117.54132808149457 23.713256606560265, 117.5411351475239 23.715535088943284, 117.54156680064017 23.717111035962134, 117.54263144856998 23.71841089873002, 117.54459178362353 23.71934515182305, 117.5478224286197 23.71950333902344, 117.54948807888442 23.719102843328884, 117.55086668516215 23.718157937965355, 117.55188406821578 23.71642889835425, 117.55214641084834 23.71397578152984, 117.55139838264594 23.712175436976207, 117.5500999713711 23.710987195138582))"
685,32.04065063265306,120.73190695918368,1,33542.899999999994,duration_weighted_berth_medoid,"POLYGON ((120.7358370860713 32.03819498354114, 120.73430570759983 32.036844299503855, 120.7321998223952 32.03627618781873, 120.73044246461588 32.036485072964524, 120.72836539924131 32.03760119677165, 120.72730370151015 32.03882935550309, 120.72689458349332 32.040311929331, 120.7272034717697 32.04181181725616, 120.72827795870423 32.043461175889725, 120.73004361021903 32.044593585499626, 120.73178627753295 32.044892189779624, 120.73352910633399 32.04459426343339, 120.73526216477669 32.04366309424236, 120.73637067646237 32.04248981124197, 120.73685706262613 32.04104427426756, 120.7358370860713 32.03819498354114))"
686,21.852334933333335,113.26542213333333,1,508.7166666666667,duration_weighted_berth_medoid,"POLYGON ((113.26906920363825 21.849484730766743, 113.2674406013632 21.84819381542376, 113.26535308975598 21.847749628646575, 113.26367081420446 21.848079100927478, 113.26175081067166 21.849349791178543, 113.26063731888021 21.85106927190814, 113.26045751570216 21.852671237740935, 113.26210737396103 21.85576960057156, 113.26392419154598 21.856827409241106, 113.26563225784797 21.85702874904255, 113.26729644331766 21.856618864257733, 113.26890412942262 21.85556829348054, 113.26992975605346 21.854277019629578, 113.27035406000822 21.852721869617433, 113.27011420775568 21.851133134977164, 113.26906920363825 21.849484730766743))"
687,38.93925264516129,121.61208669354839,1,3006.116666666667,duration_weighted_berth_medoid,"POLYGON ((121.6157321589321 38.93682667262639, 121.61408776469383 38.935762652897736, 121.61199714508204 38.93541088527109, 121.61032128731212 38.93570200931487, 121.60842430964509 38.93677900944002, 121.60733104087765 38.938231544630284, 121.60717186780852 38.93957716225455, 121.60885573200414 38.942148882892575, 121.61068310750557 38.943016722732445, 121.61239061753668 38.943170105528374, 121.6140471710823 38.94281342110767, 121.61563581322761 38.94192473943393, 121.61664868689225 38.940831968188036, 121.61705464572101 38.93952233411004, 121.61679332478306 38.938190569795395, 121.6157321589321 38.93682667262639))"
688,27.230277407407407,120.33010283333333,1,3430.733333333333,duration_weighted_berth_medoid,"POLYGON ((120.33295225924978 27.226790727058766, 120.33129622769225 27.226027700257802, 120.32871857021797 27.22593531194209, 120.32706222958974 27.22628883424073, 120.32567303813535 27.227165352673115, 120.32475079378983 27.228438793228477, 120.32424378460442 27.230499305164436, 120.3245825794116 27.232004565729095, 120.32553492292831 27.233284979605383, 120.3273667371861 27.234286633602498, 120.33022789736224 27.234639744030428, 120.33193227835339 27.2343724668547, 120.33339647711502 27.23355204163637, 120.33479828052626 27.231478759065133, 120.33502157652707 27.229891677532542, 120.33429752830124 27.22800688566085, 120.33295225924978 27.226790727058766))"
689,39.57823121052631,121.28003233333334,1,3448.5333333333333,duration_weighted_berth_medoid,"POLYGON ((121.28325991380244 39.575475285099344, 121.28138859333113 39.57458395856338, 121.27963259894588 39.574436931863, 121.2779388375345 39.57482315555439, 121.27612188319647 39.57602491418801, 121.2752940960707 39.57720344903117, 121.27516868882874 39.57886984921391, 121.27581413834416 39.58011419823951, 121.27713208988945 39.58123170456557, 121.27867875695135 39.58188917812269, 121.28087474995336 39.581988679598744, 121.28251072079149 39.58147541492069, 121.28394546708658 39.58044834440758, 121.284773254212 39.57926986473736, 121.28495831240397 39.57793735314841, 121.28447291024578 39.57665048675048, 121.28325991380244 39.575475285099344))"
690,30.0643335,121.847965,1,908.85,duration_weighted_berth_medoid,"POLYGON ((121.85156871924566 30.061552649824296, 121.85024033032023 30.06055715342845, 121.84813155312303 30.06005072273398, 121.84640041648416 30.0603114705507, 121.84439099877748 30.061485312493456, 121.84321139991674 30.06314337709542, 121.843037764777 30.064699869246777, 121.84358684419502 30.066189620084547, 121.84481059490305 30.067599779000744, 121.84630209926601 30.06841445543496, 121.84848330568414 30.068638925425553, 121.85176370923537 30.067076336590002, 121.85269519904176 30.065749541014796, 121.85295243791225 30.064213059401215, 121.85156871924566 30.061552649824296))"
691,26.9371049,120.24122159999999,1,3249.4333333333334,duration_weighted_berth_medoid,"POLYGON ((120.24418772894957 26.933437512679884, 120.24253051011851 26.932753767775917, 120.24070496074144 26.932714662657048, 120.2382508136333 26.933596756298023, 120.23699501086391 26.934708926478002, 120.23631871640475 26.936167284829075, 120.23632696565016 26.937745324925086, 120.23708428104013 26.94015501219095, 120.23858128547889 26.9415940960285, 120.24022465187852 26.942174813787062, 120.24199210730369 26.94214524135484, 120.24413048178022 26.94146458808842, 120.245700947053 26.940159597316597, 120.2463500450695 26.938736193785143, 120.24635557936382 26.936195409854985, 120.24550979343435 26.93450554482312, 120.24418772894957 26.933437512679884))"
692,22.444759483870968,113.01265824731183,1,2798.0666666666666,duration_weighted_berth_medoid,"POLYGON ((113.01630047134446 22.441846946931925, 113.01504092482145 22.440757128596857, 113.01299929665045 22.440136843667958, 113.01128581543925 22.440323407427226, 113.00923511471063 22.441436508992258, 113.00812599837545 22.442729819879236, 113.00764073223702 22.444735387920648, 113.00912264562473 22.447920973547202, 113.01050897638723 22.44889541313878, 113.01263013104693 22.44931567364829, 113.01605244147024 22.44796790685795, 113.01712553439334 22.446679564878643, 113.01758093741056 22.445109099969486, 113.01734879340214 22.443497410364483, 113.01630047134446 22.441846946931925))"
693,29.196775833333334,121.77610433333332,3,1457.55,duration_weighted_berth_medoid,"POLYGON ((121.76982216670544 29.19010120105911, 121.7695198228757 29.192709347957724, 121.7709995046392 29.195145901829484, 121.77070730829959 29.19868037590928, 121.77154570760811 29.20050649201765, 121.77289061821622 29.201563817823256, 121.77460442192167 29.202071917440055, 121.77697589306024 29.20225194782913, 121.77908571370584 29.201628332418043, 121.78078552785132 29.19984158410224, 121.78131107857581 29.196562398587027, 121.78075704799357 29.194704333273002, 121.77936359709715 29.193364361552675, 121.77987619034765 29.18938998946413, 121.77916992360136 29.18723132489395, 121.77797695884308 29.186140116100127, 121.77640042323786 29.185522809088564, 121.77284995147444 29.185712161127295, 121.77056281254278 29.187339238468024, 121.76982216670544 29.19010120105911))"
694,21.4296015,111.29738110000001,1,720.0333333333333,duration_weighted_berth_medoid,"POLYGON ((111.30071502783925 21.426323229081756, 111.29927791606944 21.425346056122233, 111.29709830805038 21.42497234750185, 111.29538150570536 21.4254087648604, 111.2935228077468 21.426839921389547, 111.2925544226827 21.428625921915543, 111.29249823616433 21.430231165594574, 111.29309628738879 21.43173767540943, 111.29438387292689 21.433133573390897, 111.29591834537577 21.433972670397317, 111.29812709074832 21.43414252649268, 111.29978869444969 21.43354921495667, 111.30125795891955 21.432323693780294, 111.30210887978309 21.430926529090563, 111.3023311868061 21.42933382860303, 111.30189207636145 21.427780608795057, 111.30071502783925 21.426323229081756))"
695,29.92565857195572,122.29106523247233,1,18888.8,duration_weighted_berth_medoid,"POLYGON ((122.29446778952006 29.922703656670976, 122.29270053297175 29.921624433938604, 122.29055625953643 29.921385783158794, 122.28890320421162 29.921844354317777, 122.28709826883585 29.923156123967896, 122.2862941383432 29.924469581268546, 122.28617565577615 29.92631888970366, 122.28806337569 29.928999187553188, 122.28957658019763 29.929742912230243, 122.29173685080423 29.929888115838644, 122.29488068289581 29.928282599360482, 122.29575214514018 29.927003988808995, 122.29600769884826 29.925535565464784, 122.29561015191913 29.92409103335547, 122.29446778952006 29.922703656670976))"
696,32.128903433121025,119.91744884713376,1,11360.3,duration_weighted_berth_medoid,"POLYGON ((119.92026166319559 32.12508846523153, 119.9186504437613 32.124448244612864, 119.91643417655742 32.12446709991899, 119.91413965469283 32.125419296911886, 119.91280281560448 32.1268074424743, 119.91236439714193 32.12855979316555, 119.91293885073796 32.130977004553586, 119.9137933981597 32.13226434202515, 119.91516253730835 32.133179014359904, 119.9168398738878 32.13358314961099, 119.91857255361144 32.133415832230966, 119.92057023059654 32.1326283183709, 119.92201019063627 32.131250488187916, 119.9225002341356 32.12983271086136, 119.92240517083384 32.12760664014777, 119.92165947479441 32.12618940341229, 119.92026166319559 32.12508846523153))"
697,30.2449123,122.1025987,1,389.1166666666667,duration_weighted_berth_medoid,"POLYGON ((122.10586762894935 30.241214319113894, 122.10421819799518 30.240553329709073, 122.10240060102208 30.240511404405694, 122.1000167667593 30.241055337977674, 122.09835816209927 30.242327158448184, 122.0976061163721 30.24412950975067, 122.09779906206039 30.24631116938387, 122.09846852114659 30.24769742560435, 122.09969728380992 30.248760153260843, 122.10173338420431 30.249397648260015, 122.10442289130386 30.24924030410344, 122.10609479228525 30.24863796846623, 122.1073552850749 30.247514096668944, 122.10799934431768 30.246051478030584, 122.10798620160186 30.243689500883658, 122.10723736901988 30.2423041184829, 122.10586762894935 30.241214319113894))"
698,30.249954600000002,122.11538399999999,1,699.0333333333333,duration_weighted_berth_medoid,"POLYGON ((122.11922613612902 30.247556923651093, 122.11799840862109 30.24641156973116, 122.11589910133253 30.245712123921475, 122.1140990435041 30.245848693474723, 122.1119277505648 30.246851908059046, 122.11081285497596 30.248039218487794, 122.11031543765408 30.249506389654826, 122.11051272240086 30.251025636885174, 122.11165566911896 30.25293940269196, 122.11340366348959 30.254034652231482, 122.11510596184978 30.254318320515214, 122.1186355054961 30.253198516995894, 122.11973687131332 30.252069167784082, 122.12026997048703 30.25066612336899, 122.12015758193921 30.24919261209452, 122.11922613612902 30.247556923651093))"
699,30.153277175600742,122.0651492754159,1,53702.51666666668,duration_weighted_berth_medoid,"POLYGON ((122.06783239781748 30.1495430513164, 122.06618000104139 30.148880845286993, 122.06435937362339 30.148840413623404, 122.06213830479125 30.149449378859128, 122.06050757023067 30.150684193837083, 122.05973551289226 30.152435594759584, 122.06001228796526 30.15477715552134, 122.0606669968525 30.156222908756586, 122.0619243455749 30.157331363341058, 122.06358337809947 30.157925373874747, 122.06537893919234 30.15791001210815, 122.06772370114912 30.157311320417683, 122.06930317190555 30.156064167873357, 122.06996866733006 30.154695462736367, 122.07000887182326 30.152258691362977, 122.06916533437887 30.150591302703347, 122.06783239781748 30.1495430513164))"
700,32.197519,119.25964629213483,1,20130.4,duration_weighted_berth_medoid,"POLYGON ((119.2635964592505 32.19368827680956, 119.26165275217615 32.19290356532394, 119.2588544794541 32.192951345512554, 119.25716070226521 32.19337167120916, 119.25578909656419 32.19431183909494, 119.2548428365158 32.19599093321157, 119.25477690502919 32.19823288392977, 119.25528563652593 32.19965201966711, 119.25639742736521 32.20079837253041, 119.25837059019152 32.201588060534114, 119.26150087714244 32.20164312080056, 119.26316416131674 32.201220312224635, 119.26451355287075 32.20029516943137, 119.26545855555061 32.198648598212365, 119.26566198899594 32.19660057115016, 119.26493221291999 32.19483348287216, 119.2635964592505 32.19368827680956))"
701,30.257075965909088,122.25223328409092,1,6409.299999999999,duration_weighted_berth_medoid,"POLYGON ((122.2557562199473 30.25423944801486, 122.25401359773461 30.25309228458128, 122.25229220242292 30.252778920271208, 122.25056350708816 30.253060708210416, 122.24858279567127 30.254251344235662, 122.2474322932053 30.25591822022555, 122.24728340111571 30.25747137915035, 122.24785409684974 30.258949814908775, 122.24909106131015 30.260334885203893, 122.25101871449749 30.261246182273236, 122.25278042701771 30.261331410153367, 122.25602727683209 30.259740764247173, 122.25693823459403 30.25840635114802, 122.25717211790347 30.256870434163687, 122.2557562199473 30.25423944801486))"
702,39.0172761875,117.7706896875,2,4330.950000000001,duration_weighted_berth_medoid,"POLYGON ((117.76688834598872 39.01476530924086, 117.76569340471696 39.0172871409852, 117.76647150660177 39.01956194115733, 117.76957682387771 39.021253274652054, 117.7726471923642 39.02107203466975, 117.77438081349693 39.01999260005685, 117.77555282712629 39.017869930494, 117.77557819261752 39.01628049066748, 117.77688822865711 39.0131758890198, 117.77644216495378 39.0112321571655, 117.77506867072185 39.009970773796375, 117.77315300603135 39.009221097626394, 117.77142417667659 39.00902519775974, 117.76972994357615 39.0093566817819, 117.76819140912885 39.01018327746877, 117.76711966578026 39.01133908315088, 117.76688834598872 39.01476530924086))"
703,36.01238329411765,120.23145099999999,3,6466.950000000001,duration_weighted_berth_medoid,"POLYGON ((120.2266453412054 36.00514204674789, 120.22411926798776 36.00556054518763, 120.22183954951488 36.00734718389262, 120.22133732221245 36.00942777720659, 120.22163546843338 36.01108350097758, 120.22246448603596 36.01232706239341, 120.22421463072689 36.01337223032034, 120.22672632206547 36.013646929996675, 120.22748816249153 36.01481851745709, 120.2287985277614 36.015725901215355, 120.23226596647561 36.01640382962977, 120.23293274164173 36.01859350395241, 120.23487400862453 36.019970987421644, 120.23856536059567 36.020343779723035, 120.2410001709 36.01962360228222, 120.2421649117468 36.01857570532867, 120.24274905168717 36.017248148068006, 120.24280874390753 36.015148187715255, 120.24194367444768 36.01349457044542, 120.23978737112465 36.01224632530864, 120.23645924474283 36.011964291198986, 120.2354687020767 36.0099428170711, 120.23216761125386 36.008402551367745, 120.23167241819215 36.00714506181388, 120.23054814584694 36.00604634694256, 120.22898770893654 36.00538234444651, 120.2266453412054 36.00514204674789))"
704,39.01654520879121,121.85995075824177,1,4665.616666666667,duration_weighted_berth_medoid,"POLYGON ((121.8638906521709 39.014380633060476, 121.86268718306835 39.013368529272775, 121.86063436097058 39.012735508142846, 121.85886518414713 39.01283096027606, 121.85663708067415 39.013705949146, 121.85547580464682 39.0147774160677, 121.8549503144571 39.01611734702319, 121.8551452698096 39.01750986225011, 121.85628321607511 39.01922239449788, 121.85761363789912 39.020058580072266, 121.85967961448159 39.02046661029949, 121.86325490020607 39.01949131586171, 121.8643855760761 39.0184741958442, 121.86493765312994 39.01720049846543, 121.86482924647893 39.01585913208598, 121.8638906521709 39.014380633060476))"
705,31.631537733333335,121.23712773333334,1,1275.4166666666665,duration_weighted_berth_medoid,"POLYGON ((121.24170378680043 31.629633898590445, 121.24054544336991 31.62808383679705, 121.2386718160874 31.62717256546079, 121.23651530542458 31.627110410279666, 121.2345331771574 31.627772309903673, 121.23291026844004 31.62906771369295, 121.23226887821578 31.630487264940086, 121.23311587485013 31.634120455921348, 121.23463627090527 31.635449299034256, 121.23627508442888 31.635970514812218, 121.23802346728942 31.635919151046327, 121.24012435031761 31.635251684800416, 121.24143817517518 31.634270414376417, 121.24221265592051 31.632936473362, 121.24233053355982 31.63145181463876, 121.24170378680043 31.629633898590445))"
706,30.09456317808219,121.98478473630136,1,8992.25,duration_weighted_berth_medoid,"POLYGON ((121.98746036525078 30.09105315425721, 121.98547252157428 30.090334200670178, 121.98297977681403 30.090466817811848, 121.98130756210465 30.09097104934778, 121.97999056829968 30.09199532856304, 121.97914776692706 30.0937586254179, 121.97921509865826 30.095894452155587, 121.97980582618597 30.097309609555086, 121.98097360664246 30.09842453449927, 121.98297189337467 30.099147788499685, 121.98575035780533 30.099102125835405, 121.98737183812581 30.098621454533415, 121.98866713353996 30.097650273901213, 121.98944761681476 30.096330000224608, 121.98967620977182 30.094002565897885, 121.9888538452012 30.092172744919274, 121.98746036525078 30.09105315425721))"
707,27.248952666666668,120.24692216666666,1,430.48333333333335,duration_weighted_berth_medoid,"POLYGON ((120.25029762894904 27.245345986709406, 120.24863340069919 27.24466269750744, 120.24680070814263 27.244627465965888, 120.24446760853881 27.245192112267212, 120.24282297853 27.24650055896688, 120.24207787691284 27.248347455629666, 120.24227061554018 27.250596121493412, 120.24294159443664 27.25202585384101, 120.24417416955832 27.25312094234289, 120.24621610560153 27.25377502637061, 120.24886470982979 27.25361005101618, 120.25053218985961 27.252987748599708, 120.2517884339051 27.251831246565846, 120.252429788848 27.250328015590412, 120.25241586784992 27.247891984807275, 120.25166701005628 27.246467069075717, 120.25029762894904 27.245345986709406))"
708,30.09929590765171,121.9541352005277,1,14297.916666666666,duration_weighted_berth_medoid,"POLYGON ((121.95764848721262 30.09642737995346, 121.9563096292211 30.095448205316707, 121.95419946836427 30.09496286507529, 121.95247534660905 30.095237557206598, 121.95050591317288 30.096404567926143, 121.94952950134335 30.097607522934418, 121.94914203538704 30.099407734801837, 121.94955253146011 30.100834085166426, 121.95097134059509 30.10252817805256, 121.95246909754373 30.103326240811615, 121.95464698534035 30.103531634184534, 121.95790308061895 30.10195039803156, 121.95882341847629 30.10061321752427, 121.9590634597669 30.099070828865663, 121.95764848721262 30.09642737995346))"
709,39.909455095238094,119.58722257142857,3,51945.76666666666,duration_weighted_berth_medoid,"POLYGON ((119.58251514129654 39.90764379322806, 119.58142383588957 39.90895241507665, 119.58116078238605 39.91064285585739, 119.58223229270335 39.91264307797348, 119.5838959051816 39.91371808964116, 119.5860229923518 39.914067430682515, 119.58833109973968 39.913604119506424, 119.5917330683006 39.91115360233196, 119.59236965917545 39.906467311989935, 119.59135080501089 39.9047677637017, 119.58977385398222 39.90366687664848, 119.58685553097204 39.90329825047147, 119.58418520217703 39.90422621734408, 119.58267804760894 39.90581578573784, 119.58251514129654 39.90764379322806))"
710,27.989241168141593,120.83198117699115,1,6950.216666666667,duration_weighted_berth_medoid,"POLYGON ((120.83603696440952 27.98681741583247, 120.83451397974521 27.985457754549085, 120.83288220311184 27.984927520613937, 120.83114464830003 27.98498428467581, 120.82893482459785 27.98587502744089, 120.82751482067385 27.987376985822404, 120.827079734715 27.98890040214406, 120.82824809426182 27.99209242678891, 120.82961712054677 27.9931371229458, 120.83134190376278 27.99362004204689, 120.83314253713623 27.99346282111393, 120.8354940524968 27.99248741754789, 120.83660231849066 27.991245731961847, 120.83707324750216 27.98972040937158, 120.83603696440952 27.98681741583247))"
711,30.133459630136986,122.1295715479452,2,17901.566666666662,duration_weighted_berth_medoid,"POLYGON ((122.12701489818133 30.129773126657213, 122.12564559045819 30.130936108468333, 122.12469880748696 30.132642704081842, 122.12487812733171 30.135234262136724, 122.12690495960541 30.137149294323685, 122.13086367160871 30.137680544409555, 122.13320324424988 30.13654758888421, 122.13458191467609 30.133690298800385, 122.13647153426281 30.132083281261917, 122.1372114812509 30.128175245469333, 122.13648936767184 30.126735910161813, 122.1351678813534 30.125661005637237, 122.13304499326092 30.124929781373332, 122.13128706913217 30.124850364272408, 122.12962886435476 30.12536139527828, 122.1279385982322 30.12661024549829, 122.12718957012596 30.127897290425768, 122.12701489818133 30.129773126657213))"
712,36.01383740764331,129.4005091910828,1,6387.4,duration_weighted_berth_medoid,"POLYGON ((129.40402460482102 36.01117440924639, 129.4026616279506 36.010268588632215, 129.40052929435433 36.009840899229744, 129.39880104778055 36.01012671056172, 129.3968508053113 36.0112616776253, 129.39573355619294 36.012832106806734, 129.3956103129543 36.014283734239086, 129.39620112847697 36.01565803631747, 129.39745098653952 36.01693577806503, 129.39939543591214 36.017770758127746, 129.40116155218317 36.017831365452444, 129.40437323779534 36.01630994019432, 129.40526076292477 36.01505209569178, 129.40547028144192 36.01361373717422, 129.40402460482102 36.01117440924639))"
713,35.97387663703704,126.52943351111112,1,10056.833333333334,duration_weighted_berth_medoid,"POLYGON ((126.53287568525631 35.97113179470172, 126.53114004665336 35.9701234647697, 126.5290251297736 35.96987820347813, 126.5273815550532 35.970275041811014, 126.52552763269038 35.971476043128106, 126.5245694524224 35.97304504136642, 126.52453229409267 35.97444981823649, 126.52640278675507 35.97698061767046, 126.52789201509889 35.97767985894665, 126.53002764752686 35.97783897833712, 126.53321072955617 35.97638431133491, 126.53411768331297 35.97519188733152, 126.53440037313922 35.9738104723234, 126.53401685061318 35.97244505055151, 126.53287568525631 35.97113179470172))"
714,31.95173482222222,120.31125815555555,1,3431.5,duration_weighted_berth_medoid,"POLYGON ((120.3147133069153 31.948292564730288, 120.31301314755095 31.94763350884894, 120.31054497113436 31.947646416103066, 120.30884222023606 31.94808530943251, 120.3074739864866 31.949050850773386, 120.30665505131006 31.950391458733996, 120.30642036765875 31.952184579171952, 120.30681440624372 31.953667299679026, 120.30786005949567 31.954901413573143, 120.30982220532647 31.95580181295233, 120.31256991475827 31.955962510708563, 120.31428329433268 31.955586031733485, 120.31569223021435 31.954677162716177, 120.3166993573041 31.953013582382784, 120.31690183827637 31.951017733735128, 120.31606253394473 31.94933952800937, 120.3147133069153 31.948292564730288))"
715,22.476754657894737,113.18665513157895,1,1570.3833333333332,duration_weighted_berth_medoid,"POLYGON ((113.19007251783913 22.473005959429628, 113.18818969689826 22.47225434060081, 113.185926346251 22.472303699065876, 113.18422777821365 22.472785961109672, 113.18286452234835 22.473839159587023, 113.18204994403337 22.475298446139412, 113.18184999053423 22.47767718406256, 113.18241751503861 22.479244399203985, 113.18360189038009 22.480482721984856, 113.18521532597623 22.481195818949452, 113.18792561959833 22.481371894728287, 113.18964626584139 22.480960027963764, 113.19105927977917 22.479963681292435, 113.19206334610337 22.47814086423562, 113.19225874705191 22.475960663457517, 113.19141852192078 22.474142151256302, 113.19007251783913 22.473005959429628))"
716,22.830100103092782,115.99200607216495,1,13677.516666666666,duration_weighted_berth_medoid,"POLYGON ((115.9947183680806 22.825741086602793, 115.9931532113951 22.825054914580146, 115.99142270512885 22.824966030011602, 115.98917053108413 22.825526596778236, 115.9874659675519 22.826794192068892, 115.98661444978578 22.828654037726988, 115.98679190830036 22.831057290383953, 115.98738014421434 22.832589368146472, 115.9885629596651 22.833794669828446, 115.99059331837535 22.834566007964025, 115.99312050989226 22.834390973628413, 115.99477956782661 22.833832372625068, 115.99607664923819 22.83272740224635, 115.99681116814374 22.831246928989305, 115.99690669762445 22.828700088265983, 115.9960673102338 22.826877974038897, 115.9947183680806 22.825741086602793))"
717,37.547811,121.45618516666667,1,321.7,duration_weighted_berth_medoid,"POLYGON ((121.46080056846726 37.54617933937041, 121.4595307264055 37.544751457606786, 121.45755717161614 37.54397425921226, 121.45578797614534 37.54395336821847, 121.45333741706831 37.544659206799345, 121.45185155619333 37.54592967247661, 121.4513240280077 37.547256432131405, 121.4522079303552 37.5503609808119, 121.4537958770253 37.551534267384696, 121.45545507689042 37.55195694501173, 121.45942044808616 37.55127485387912, 121.46068099250485 37.550317671502654, 121.4613861255847 37.549051782639424, 121.46142936209924 37.547668344384746, 121.46080056846726 37.54617933937041))"
718,29.111455666666668,121.62353766666666,1,243.0,duration_weighted_berth_medoid,"POLYGON ((121.62748267591645 29.107635831537927, 121.62601045534123 29.106934074984068, 121.62392723821243 29.106793830711553, 121.62116216037118 29.10735410602688, 121.61947784842687 29.108606586003408, 121.61868191969941 29.110409527798453, 121.61890660706621 29.11359557561512, 121.61956727902619 29.115042906058996, 121.62082059512365 29.116151487284665, 121.62291310011125 29.116802015417672, 121.62593877627516 29.116576265862108, 121.62752116616038 29.115998319181553, 121.62874022889712 29.114944329012392, 121.62948958734184 29.113196387220846, 121.62949351393524 29.110286145680657, 121.62882673933595 29.108829194250085, 121.62748267591645 29.107635831537927))"
719,30.164145210526314,122.02911423684209,1,2190.5,duration_weighted_berth_medoid,"POLYGON ((122.03293068104111 30.161566660402084, 122.03170015092478 30.160468673859903, 122.02963549626764 30.159806235998502, 122.02787443186287 30.159944389149658, 122.02577134938932 30.1609688476384, 122.02446859958455 30.162472469162168, 122.02411658583806 30.16394980832951, 122.02547052964506 30.167008648156912, 122.02684575052209 30.167990318490713, 122.02900270446061 30.16844768861581, 122.03249073190914 30.16722683522357, 122.03356620636512 30.16607119992719, 122.03406207165884 30.16465122815054, 122.03390598377634 30.163174079343502, 122.03293068104111 30.161566660402084))"
720,28.3711175,121.66994955555555,1,656.7666666666667,duration_weighted_berth_medoid,"POLYGON ((121.67392033198533 28.368875090613184, 121.67282493513306 28.3676861178396, 121.67087511547807 28.366854939715875, 121.66913578817137 28.366835524429067, 121.66679550637089 28.367656042225516, 121.6655195991831 28.368764209520297, 121.66483789639769 28.370223182346688, 121.66485900287921 28.371800516599933, 121.6657852160845 28.373858047684564, 121.66699913303383 28.374913979516098, 121.66899700143544 28.375554667413365, 121.67278601237926 28.374741410526347, 121.67405968547641 28.37365961404422, 121.67475934124167 28.372228795909244, 121.6747762931017 28.370671214470136, 121.67392033198533 28.368875090613184))"
721,33.811946473684216,120.45802178947368,1,698.0833333333333,duration_weighted_berth_medoid,"POLYGON ((120.46166179136665 33.80932860211768, 120.45991748751898 33.80817029157846, 120.45816838810194 33.80784210799517, 120.45640416552713 33.80810860659483, 120.45441168055537 33.809260310985856, 120.45342570175167 33.81048057407382, 120.45310678467084 33.81229168275981, 120.4548466414481 33.81507698187285, 120.4567893528091 33.81600020890431, 120.45858269337734 33.81609920104809, 120.46027917377049 33.81560611795139, 120.46185266924716 33.8145689393554, 120.46275409129768 33.813313125598675, 120.46300557403262 33.81186592266382, 120.46166179136665 33.80932860211768))"
722,21.58478274324324,108.47400512162162,1,2982.95,duration_weighted_berth_medoid,"POLYGON ((108.47823983303981 21.58297290447089, 108.47707447471872 21.581315772889532, 108.47521932941652 21.58034391832309, 108.47309131074239 21.58027576400718, 108.4709065001029 21.581266088822172, 108.46965359372292 21.582433849468618, 108.46892312941543 21.584372582697466, 108.47012268483432 21.588313508236993, 108.47182643306965 21.589667154805188, 108.47356869951034 21.59008641650009, 108.47534811369279 21.58983607574826, 108.47717215105259 21.588864345738347, 108.4783216447279 21.587661364024786, 108.47889666536969 21.586143543043796, 108.47823983303981 21.58297290447089))"
723,39.0108401923077,118.45512792307692,1,1397.7833333333333,duration_weighted_berth_medoid,"POLYGON ((118.45895507324252 39.00848216657866, 118.45735240162408 39.007276909181755, 118.45565083924035 39.00684253696496, 118.45344058126794 39.00707444988677, 118.45178736571074 39.007923601383666, 118.45066383446792 39.0089905110378, 118.45014188450077 39.010658722552805, 118.45050965285171 39.01200730900561, 118.45162329932265 39.01345638000806, 118.45303550135183 39.01431214903821, 118.45521631744086 39.01467468381868, 118.45695554856604 39.0143428105746, 118.45860639671379 39.01344963086903, 118.45964739954317 39.0123464668845, 118.46006273691506 39.011017127026314, 118.45895507324252 39.00848216657866))"
724,22.970743266666666,112.85877508,1,4551.433333333333,duration_weighted_berth_medoid,"POLYGON ((112.86313873396423 22.968287146452518, 112.86177963607363 22.96670459596967, 112.85976907691219 22.96590239642128, 112.85801073655881 22.965958476101214, 112.85572670665114 22.966916926154965, 112.85432974971285 22.968424028873663, 112.85386717999398 22.969956598277037, 112.85496602550462 22.973511754406466, 112.85666257182729 22.974849895481597, 112.85839811520373 22.97526810235845, 112.86214628510366 22.9741859188828, 112.86331135786669 22.973009768164673, 112.86390756143486 22.97151555396381, 112.86313873396423 22.968287146452518))"
725,25.421328765957444,119.11809334042553,1,2690.6833333333334,duration_weighted_berth_medoid,"POLYGON ((119.12215250095528 25.419186378850984, 119.1207370164566 25.41764347731417, 119.11867657321822 25.416900679883224, 119.11689939237974 25.41701228629951, 119.1147515362378 25.418060385921766, 119.11341887721095 25.419610420084332, 119.1130372804655 25.421147888627022, 119.11434813385168 25.424587530029203, 119.1161108480772 25.425810257825773, 119.11785831256425 25.426138268343404, 119.11960925601656 25.425825756614202, 119.12141896159922 25.424872088094325, 119.12296456890641 25.42242862022859, 119.12289671677952 25.42079875287334, 119.12215250095528 25.419186378850984))"
726,23.327576028169016,116.74823660563379,1,4453.9,duration_weighted_berth_medoid,"POLYGON ((116.75177156533017 23.32455843192892, 116.75041894333299 23.323529185750797, 116.748298638565 23.323033847082357, 116.74657483348939 23.323344394544907, 116.744608426328 23.32461864719837, 116.74346987461188 23.326400414851445, 116.74333449691892 23.328054803147907, 116.7439199802832 23.329624310604043, 116.74516507831943 23.331080479304568, 116.7466737727668 23.3319152319735, 116.74885691783874 23.33211281578303, 116.75208598309058 23.330406772032234, 116.75298840569641 23.328980126915106, 116.75320967936747 23.327342829762113, 116.75177156533017 23.32455843192892))"
727,22.7634955,113.09853571428572,1,1149.4166666666667,duration_weighted_berth_medoid,"POLYGON ((113.10256567591637 22.759685509438388, 113.0995452753088 22.758748353117408, 113.09725725773994 22.758912761491093, 113.09528191458078 22.75988885599065, 113.0942288605999 22.761234702487183, 113.0936491853335 22.763596245933638, 113.09395973358214 22.765206762022437, 113.09492228858198 22.766580782091474, 113.09680570295754 22.76764554945767, 113.09990130211378 22.768002347158095, 113.10159927345518 22.767705031983564, 113.10304978723985 22.766838525963646, 113.10419391118234 22.765157003417652, 113.10463314701445 22.762880008849883, 113.10390616578543 22.760940016136036, 113.10256567591637 22.759685509438388))"
728,22.929160080000003,112.86988104,1,1992.7333333333331,duration_weighted_berth_medoid,"POLYGON ((112.87296985117284 22.92542374378672, 112.87106577766156 22.92467114177367, 112.86940291101692 22.92469191986031, 112.86717319544614 22.925290772389186, 112.86555806251057 22.926653689423805, 112.86483492854903 22.928558077188832, 112.8650344208898 22.93083399446297, 112.86571418034724 22.932313948770183, 112.86695500292183 22.933443665953522, 112.86900389719169 22.934110821483795, 112.87156272830518 22.93393258387792, 112.87321565801012 22.93328555225122, 112.87446117797553 22.93209381961886, 112.8751001351512 22.930547927445968, 112.8750905393563 22.9280705763344, 112.8743418759226 22.926588431720887, 112.87296985117284 22.92542374378672))"
729,30.662600333333334,117.26290666666667,1,224.95,duration_weighted_berth_medoid,"POLYGON ((117.26697301441058 30.66026172890062, 117.26539002844856 30.65889172999564, 117.26368616177008 30.658383676340087, 117.26188732543783 30.658493056505343, 117.25967415802081 30.659468990901644, 117.25853275342885 30.660639588447527, 117.25800809029597 30.662099236257887, 117.25818221061401 30.66361968052843, 117.25930660197851 30.66555642730998, 117.26064529269577 30.6665039601294, 117.26273672382274 30.66696631215624, 117.26630342495773 30.665882266519976, 117.26742033941868 30.664771646164752, 117.26797474487842 30.663382722137513, 117.26788654469614 30.661916149208057, 117.26697301441058 30.66026172890062))"
730,26.264243000000004,119.79278891666667,1,1201.7833333333333,duration_weighted_berth_medoid,"POLYGON ((119.79590596228294 26.260208653732516, 119.79390354760613 26.259461469631344, 119.79216399329789 26.2595311298473, 119.790014319615 26.260273697931122, 119.7884369458694 26.261707198194483, 119.78783057197663 26.26364629977004, 119.7883035032367 26.266305454138827, 119.78910710320456 26.267702978225373, 119.79044615791982 26.2687180943187, 119.79255672641236 26.26922114291291, 119.79490338236027 26.268795677413056, 119.79647562051498 26.268063529877008, 119.79760985098824 26.26684315335762, 119.79812961953296 26.265324392236074, 119.79807381269718 26.26298282494814, 119.79722802676774 26.261282988026387, 119.79590596228294 26.260208653732516))"
731,38.9786996,121.74940631999999,1,711.4499999999999,duration_weighted_berth_medoid,"POLYGON ((121.75364927143941 38.97658772518494, 121.75244591175058 38.97516258329618, 121.75051804641643 38.97435018703228, 121.74832519415935 38.97434419858809, 121.74673244997656 38.97492769407145, 121.74527751276874 38.97594159855304, 121.74443410942428 38.977451084229614, 121.74446544647066 38.9787719129274, 121.74555151980378 38.98101415157032, 121.74680244739979 38.981968398684934, 121.74886457162755 38.982524914300996, 121.75060706202134 38.982378526239245, 121.75238411785978 38.981618387595034, 121.753634221624 38.98061868435343, 121.75428148625645 38.97931843836222, 121.75364927143941 38.97658772518494))"
732,34.751633222222225,119.37770444444443,1,295.85,duration_weighted_berth_medoid,"POLYGON ((119.38180453546418 34.74932281013708, 119.3803086409257 34.74806280914253, 119.37870175271235 34.74755922935841, 119.37698233035317 34.74758875933789, 119.37472439963612 34.748393783524506, 119.37348313904253 34.74946403072189, 119.37285267994899 34.75084866202513, 119.3729341918721 34.752325476528675, 119.3739576195835 34.75420831280553, 119.37531154734559 34.75518175793286, 119.37702183092198 34.7556405568257, 119.37881405958416 34.75551110504762, 119.3812163827736 34.75461504460043, 119.38234265231564 34.75346348816099, 119.38282895765262 34.752041244327884, 119.38180453546418 34.74932281013708))"
733,29.93984231967213,121.97825155737705,1,11035.833333333334,duration_weighted_berth_medoid,"POLYGON ((121.9815227900956 29.936779921009347, 121.97967003683046 29.935754029056408, 121.97791805647482 29.935565574497897, 121.97621759877514 29.935976788190263, 121.97436932760601 29.93730902585555, 121.97340141665494 29.938988923733834, 121.97335864672526 29.940495939759515, 121.97397990011952 29.941903986162103, 121.97528308928017 29.943183936065058, 121.97681592831317 29.9439428846334, 121.97900857848605 29.944083818586922, 121.98065386852352 29.943529148520724, 121.98211663753847 29.94238799152633, 121.9829686154172 29.941073707911787, 121.98318037659861 29.93957745534176, 121.98272015533571 29.93812367980503, 121.9815227900956 29.936779921009347))"
734,31.38328068907563,121.55579226890757,1,15463.350000000002,duration_weighted_berth_medoid,"POLYGON ((121.55932101544182 31.380508050453717, 121.55755262579176 31.379360849313112, 121.55580471681313 31.37905821206642, 121.55405664814583 31.379360176299205, 121.5521032671548 31.38056420779615, 121.55113974758093 31.381840342778098, 121.55086547513345 31.383716521133845, 121.55267186725249 31.386529620653615, 121.5546272258878 31.387435386230795, 121.5564117456554 31.387506588588963, 121.55963253877539 31.385896714535285, 121.56051241814316 31.384584208137053, 121.56072941567511 31.38308333010256, 121.55932101544182 31.380508050453717))"
735,40.739723184210526,121.99016631578948,1,10477.95,duration_weighted_berth_medoid,"POLYGON ((121.99387274032765 40.73737197063611, 121.99223646805002 40.736300556891514, 121.99056548180252 40.73594327320469, 121.98884050621714 40.73609288872795, 121.98678358758093 40.737005762911124, 121.98549481865201 40.738366249389095, 121.98518566631108 40.7396903853261, 121.98664389831704 40.7423123014741, 121.98843454247452 40.74325691323483, 121.99016217284668 40.74347701297279, 121.993593880259 40.74237479630848, 121.99466413862744 40.741326855884544, 121.9951250315979 40.74004863908327, 121.994906685781 40.73873392186022, 121.99387274032765 40.73737197063611))"
736,29.78900476041667,122.12904804166668,1,4536.966666666666,duration_weighted_berth_medoid,"POLYGON ((122.13235582384792 29.785975300526953, 122.13091036792193 29.785066599022265, 122.12872238393737 29.784727230788604, 122.12700374950371 29.785145170144865, 122.12515872811481 29.786489884046347, 122.12432115576759 29.78779388895872, 122.1241605881793 29.789648283352474, 122.12476420441384 29.79104623444883, 122.12605480866847 29.79234108765078, 122.12802948847025 29.79322644804255, 122.12981367056753 29.793268007632935, 122.1314756382865 29.792703278416642, 122.13293172028968 29.791553350795564, 122.1337692926373 29.790249394862876, 122.13398064478362 29.788767815614204, 122.13353477620454 29.787325923915272, 122.13235582384792 29.785975300526953))"
737,30.653305294117644,117.27957882352942,1,9863.816666666666,duration_weighted_berth_medoid,"POLYGON ((117.28263819514703 30.64942647958344, 117.28102568787908 30.648698774408132, 117.27920989101007 30.648581588617922, 117.27666473756732 30.649037725234624, 117.27494224919333 30.650224542026397, 117.27408469736653 30.6519738463835, 117.27414329560393 30.654237283342155, 117.27472628768795 30.655651520990943, 117.27589160047322 30.65676804413932, 117.27789307105094 30.657494960169156, 117.28074624802483 30.657452027931022, 117.282370547186 30.65697575817708, 117.28366866091456 30.65601022623811, 117.28445110087317 30.65469636086348, 117.28469589817266 30.652317541919988, 117.2839570336033 30.65056889130147, 117.28263819514703 30.64942647958344))"
