cluster_id,lat,lon,count,type,polygon,distance_to_coast
0,35.28385725721925,119.6703211425611,195,anchorage,"POLYGON ((119.65011755802468 35.36416195321818, 119.65831439584804 35.372856060157204, 119.69260893437294 35.351914905009124, 119.67524273597644 35.34625220656889, 119.67907427479813 35.3421702046668, 119.6799536537732 35.33960445628034, 119.67824492349745 35.3370077766424, 119.68732136743292 35.33624908918712, 119.6900487763407 35.344906141166724, 119.69043417411801 35.34488278899372, 119.692612746084 35.32589985793411, 119.69306072979414 35.32572767480317, 119.70990899177413 35.33017220826208, 119.73564346524375 35.335307206867505, 119.73638357244525 35.33308681815248, 119.713106974138 35.32739672072468, 119.71055468493297 35.31721920901707, 119.70422967192161 35.31423337055481, 119.70384401479787 35.310152711453505, 119.73843495951404 35.311449349988585, 119.75357972350055 35.30692736607742, 119.7696287752271 35.274843552686406, 119.74828694330168 35.28969639401332, 119.73015885703336 35.30439484986395, 119.7264130465835 35.30033463537876, 119.7032374666442 35.29990079283569, 119.6812924433618 35.262086519369205, 119.68414041657991 35.26146642794012, 119.68772586814754 35.25812197826547, 119.688397735507 35.25530381041714, 119.69577285687078 35.25240709288972, 119.6985446824175 35.25325176506935, 119.71041551952078 35.247263058279664, 119.73173807201982 35.241554256456716, 119.73102235877869 35.23950572694254, 119.71299641465174 35.24309511623556, 119.70929625267678 35.22230233062931, 119.71418105374796 35.2197852601201, 119.74938676467114 35.22951060697165, 119.75665044588729 35.22880723727073, 119.76464579916296 35.22250950289418, 119.78020389509909 35.190685501911894, 119.77930325682217 35.19026701178632, 119.7738360701737 35.19609632471986, 119.72427950455673 35.20930787588233, 119.70410855484104 35.219546453751654, 119.69926562796246 35.22059518101668, 119.68525918633894 35.23592815536844, 119.68206868142981 35.23080427633122, 119.67343250258219 35.230555950906336, 119.6673274588728 35.23193278363548, 119.6650069375454 35.23694309399525, 119.65421395022153 35.24154246279546, 119.64732151877132 35.23940386002596, 119.63895481583643 35.24493758254554, 119.63056140580598 35.247357754484185, 119.62761743102882 35.246137428393794, 119.62351665645501 35.254194247061115, 119.61605334109997 35.25864715946266, 119.58515069858181 35.26575355301084, 119.61989694996453 35.26923249544845, 119.62249819682847 35.261175855932116, 119.62884416334062 35.25971521671733, 119.63592125535874 35.262616182917775, 119.63508577890603 35.25859795777262, 119.6368369868121 35.2527480833176, 119.64131731532939 35.254604957445316, 119.64362913483886 35.25747550105423, 119.64326922394416 35.262727780896945, 119.638967580429 35.26815079660731, 119.62712214777527 35.26809780978727, 119.62696308557314 35.26908178373799, 119.64780160381004 35.27399191021945, 119.65438154986728 35.269554170290974, 119.65757642827558 35.269003229762006, 119.66502265752175 35.26125949268339, 119.66896748071363 35.26302094089438, 119.67036546287083 35.262895227157685, 119.68266531415426 35.30479867583811, 119.68267210988984 35.309263914063365, 119.67710190230285 35.31273236210964, 119.68032003009853 35.32182796418035, 119.68089639736252 35.3289518048228, 119.6735145278937 35.33002508296871, 119.67043938569273 35.332254648266485, 119.6664648212014 35.3339659521499, 119.66155450339916 35.330302114399444, 119.66478261319956 35.32716608761586, 119.66964462461077 35.31794613637698, 119.66598179590959 35.31596126363558, 119.65102461761992 35.323948464906685, 119.6429450502186 35.32673503882679, 119.64158501626774 35.33062974166973, 119.63001691079522 35.3367959727021, 119.64229130861058 35.33798592285523, 119.64029608041713 35.34280989046638, 119.6399787819642 35.348333980357516, 119.64379759137869 35.351715425202265, 119.64798734087958 35.35006173259521, 119.65154765752833 35.35609339313643, 119.65011755802468 35.36416195321818))",18592.434685943936
1,39.1558384550078,119.15324068079876,433,anchorage,"POLYGON ((119.08354517917657 39.16304557446022, 119.081456116062 39.17642129248128, 119.10718678386293 39.1790085420869, 119.11042298283074 39.185007657171624, 119.11281709625442 39.18823360274906, 119.11555068217912 39.1906464072997, 119.12900578880222 39.1964017167992, 119.13388155841433 39.20425721739177, 119.13953147422006 39.20337579102164, 119.14136689946045 39.20240578636384, 119.16381988258756 39.20177668531534, 119.15520086325577 39.19101800648598, 119.16047371798345 39.18637171384961, 119.16672825996447 39.18565180126035, 119.1791418197095 39.1738064191314, 119.18871744058976 39.167218003429554, 119.19453324522418 39.164234709115114, 119.23579943994157 39.18371604316748, 119.23070151096096 39.197760678779375, 119.2393597542888 39.19068788063476, 119.25026076269495 39.19020366082302, 119.25708694919537 39.19490089251914, 119.26330761823618 39.196317198195146, 119.25500686140523 39.18913955103018, 119.25819460853987 39.18142229436365, 119.26008492437431 39.17429918747405, 119.27107819626067 39.185730574521585, 119.27542835875705 39.19659073956583, 119.28315522813108 39.19981658429329, 119.30225303091986 39.212991687831, 119.30371454855565 39.21189652796838, 119.2883323107123 39.19757172092565, 119.32121279359657 39.19532817628173, 119.32471519561808 39.19636648709101, 119.3302415679495 39.194021760775065, 119.35806051637967 39.175448477728516, 119.35614099173334 39.17366791548759, 119.33274033352014 39.18837378970707, 119.32680452600066 39.191541296685166, 119.32354234326311 39.192345357180294, 119.3144943834696 39.17511656567798, 119.2963888321429 39.178477816718434, 119.28437952746141 39.17316495487401, 119.28400069041703 39.16362185048312, 119.30154350738079 39.15310307901867, 119.27453375289252 39.15145281407394, 119.27375923708028 39.14339218083343, 119.2724989858966 39.143344752356846, 119.27086841137906 39.15065222953617, 119.25814413408541 39.15871000779115, 119.25476389181738 39.16670470142738, 119.2455615055446 39.17308257750229, 119.20569224172084 39.148324524010896, 119.21064419543596 39.145296417624195, 119.20260788892925 39.14186690879504, 119.19247395285471 39.133700547290644, 119.18623591459416 39.131814072980454, 119.17570445824687 39.12351865875861, 119.17392731938045 39.12025766955997, 119.16493178632652 39.110580132382914, 119.15980136811798 39.10719853326666, 119.15216442264719 39.10566053525553, 119.14397953279983 39.113140756190745, 119.13517454659602 39.11993211354543, 119.11968321928401 39.12842591320825, 119.09505587817733 39.098413448508644, 119.09007579398877 39.09477399621984, 119.08729905081618 39.09723724117198, 119.10391879769662 39.139976549788, 119.10029664717834 39.14567951942377, 119.09530177769079 39.15003002057541, 119.08354517917657 39.16304557446022))",14821.75266691401
7,39.20824626816053,118.99865744368071,107,anchorage,"POLYGON ((118.98008637412856 39.203907462374566, 118.97271549463647 39.202050928410245, 118.97176058014526 39.204181166476175, 118.99018192247767 39.20936719405311, 118.99274208264802 39.21180241663006, 118.99326021867194 39.21677598555227, 118.99936908099886 39.2171179208133, 119.00073824504932 39.21452771546943, 119.00165049172917 39.21096376151431, 119.0047521698627 39.21052737403566, 119.0058048791891 39.211482647581676, 119.00913782742671 39.21202828506833, 119.01224380905404 39.21023655923129, 119.01208014988751 39.20953293709126, 119.02132092315718 39.209230119041784, 119.02846154387792 39.21455276061488, 119.04224618205345 39.22200026611913, 119.04405783310924 39.22004797225614, 119.0351553982159 39.21500472014946, 119.01559603398788 39.20092877891267, 119.01301979973407 39.199664603270385, 119.00577983270497 39.203720460522334, 119.00544851798877 39.20596535012711, 119.00817940383727 39.20850118470123, 119.00680439306358 39.208290735152644, 119.00481523504854 39.20548786155468, 119.00364516764519 39.20746811011173, 118.99978827577026 39.20859818097928, 118.99572961134437 39.20892835511319, 118.99552987916593 39.20830311873908, 118.99259825969412 39.20741488468867, 118.99102491871155 39.200586020638866, 118.98186875590501 39.197846081333346, 118.97781828484939 39.199147218170594, 118.97728541134633 39.20223453245555, 118.98106354792289 39.2011385458471, 118.98008637412856 39.203907462374566))",3131.0089295315074
9,38.92190839745958,118.2802219545184,1038,anchorage,"POLYGON ((117.95584190515164 38.974539356286066, 117.97460457189312 38.99100338818025, 117.97963494539354 38.990977703148744, 118.01147496098156 38.986071520568345, 118.02483198601233 38.97909229400548, 118.04910991403219 38.98539354013536, 118.0656423995327 39.00668960446031, 118.06752153072486 38.9776480512367, 118.1002181755282 38.983648343889016, 118.13170318425205 38.97447770145999, 118.15032904059785 38.97557090651891, 118.20157487976162 38.954457897127334, 118.22059948971355 38.94448845166256, 118.24380267759287 38.979851399717276, 118.27692604117529 38.947449835609795, 118.30454302237601 38.94874922251864, 118.32137212747752 38.94140718272598, 118.33963263658688 38.94757899140525, 118.36133520691116 38.94068579947007, 118.37034329903663 38.93468008074053, 118.40223621757266 38.93134182420369, 118.43598926482906 38.9487805261655, 118.45367013459453 38.96914697400959, 118.45351876516871 39.000264099769865, 118.41875118440979 39.003387925304814, 118.41842417821992 38.999382436824085, 118.40210386302762 38.9838692874697, 118.40225478888863 39.000631088907866, 118.41882779677903 39.009752997541625, 118.4187638145094 39.00814881802193, 118.45601235508656 39.00598187905642, 118.47010112079279 38.987238640210705, 118.47031053461907 38.98300556469672, 118.4801465538393 38.959592676369674, 118.49047272392222 38.946627684947885, 118.46443374776184 38.94379974837872, 118.44901297184833 38.940786675943464, 118.43759787992946 38.94615649565634, 118.41265926152029 38.921465005373385, 118.42286600579367 38.91467290375449, 118.43031633598547 38.912803650689945, 118.43494091455634 38.90440401986354, 118.460710435913 38.88693443868786, 118.45238076387591 38.87053692901146, 118.44855915526765 38.86852136722166, 118.43226145233336 38.8676752504744, 118.4142630696709 38.869960414227016, 118.38960623814864 38.86843680496593, 118.37258217941333 38.874630555131276, 118.33964788220885 38.87004906782611, 118.31370217087769 38.880364707735076, 118.3059131842891 38.885406240291694, 118.28200247266145 38.86231023051973, 118.28365187261976 38.88199881163314, 118.25085318402675 38.881238124147465, 118.2452162377793 38.887884925585396, 118.2173141544694 38.89616088118259, 118.20163814839648 38.913977806375414, 118.19378225116967 38.916308382389836, 118.16205963833366 38.923218088906374, 118.14665770780577 38.932857746636195, 118.11609406241367 38.93920196902698, 118.09372828075837 38.93931802283613, 118.0791009976104 38.94450041900927, 118.06959527991108 38.94433541142789, 118.06597721176156 38.91044911946895, 118.07777461087294 38.904613640873855, 118.09863879281316 38.90311430934131, 118.117116252341 38.892750227671776, 118.11355628076807 38.87335090165281, 118.1170595294765 38.86433012915952, 118.121834366821 38.837286958857554, 118.11750723820766 38.83608672217828, 118.11522716507699 38.83696327460473, 118.10264456793988 38.85065015786521, 118.10073448233919 38.8536115439852, 118.08972503294945 38.86669589876032, 118.06664203066532 38.874346510527445, 118.0458528078557 38.877804861358555, 118.03477441378061 38.861909170945374, 118.01272307513175 38.88333964482346, 117.99613942643988 38.895413892790295, 117.97058336365167 38.900165392288, 117.97377444075359 38.90873353696103, 118.00308473153741 38.91550003641327, 118.02087083091914 38.911777299918676, 118.03718116153358 38.913705519637965, 118.05898624001007 38.9438893043908, 118.0488023623843 38.94707866665324, 118.02513867497287 38.95248586890882, 118.01491030403287 38.94917935923409, 117.99178304700165 38.953467081996045, 117.96801931318682 38.96067014357532, 117.95316549854657 38.96382136688234, 117.950189855162 38.96560746120487, 117.95584190515164 38.974539356286066))",16425.54363229834
10,38.90258276375318,118.66703464927332,480,anchorage,"POLYGON ((118.55977823773546 38.895755959869035, 118.55656394778728 38.90240378002093, 118.56811326504598 38.90494480782804, 118.5703927613126 38.90050498195193, 118.58153829301074 38.90853763152634, 118.59039876662408 38.90623388130481, 118.59302003683536 38.91158957789323, 118.59935336729808 38.90581889277004, 118.60618479780443 38.900743376592864, 118.60803917676728 38.90382943175554, 118.62116537749053 38.907559456226956, 118.61725562244256 38.908862529391264, 118.61215588371788 38.90842442269959, 118.6119812277686 38.91068365621247, 118.60056002865079 38.92173218055122, 118.60083250434795 38.92197497646587, 118.6147964516836 38.915431695099684, 118.61804064766115 38.91807070957879, 118.62323287957507 38.924248580900034, 118.63802068403672 38.9251911753609, 118.64265717942023 38.93233640745968, 118.63932413441057 38.94040234787015, 118.65030257747885 38.939146784837675, 118.65193793609065 38.945911890916705, 118.65534012131444 38.940013293141, 118.66027343557184 38.93522084601737, 118.66679846370585 38.93691830649672, 118.67541562007732 38.94072431919499, 118.67589640723742 38.943499440175074, 118.6841079107226 38.94127182767541, 118.69117135909704 38.94338627305684, 118.70490113364104 38.9439749657118, 118.7112446439265 38.949706844149496, 118.71442007792805 38.943945141600004, 118.71168380501898 38.939447180805985, 118.72101828939432 38.93627530250518, 118.71319571936621 38.93264358611825, 118.71322026897921 38.92599070574035, 118.7112110954556 38.91801065222522, 118.71111062556896 38.91472258023789, 118.71172116380957 38.91069805968998, 118.7133840095723 38.90768037265334, 118.72119675725001 38.91133082311563, 118.75529556030381 38.932649526930945, 118.79841474759078 38.92611202819491, 118.82298366334611 38.88224993768132, 118.8028434763781 38.86951080287531, 118.80243737926085 38.844252982314515, 118.80019555382644 38.844167407350284, 118.79629038877627 38.87391833106678, 118.77643146177712 38.90451223886968, 118.77296120019571 38.91579663556277, 118.72732243355763 38.89867165778355, 118.71668401285841 38.89783211029126, 118.7128528085672 38.892692943124075, 118.70919731593597 38.89147918890654, 118.70689372921662 38.88598304939914, 118.70402283008573 38.88379221841041, 118.7021374367868 38.8795955427702, 118.70664515055147 38.876956256006615, 118.71424701577125 38.87691499731788, 118.72707804560876 38.87225154556562, 118.7248187123364 38.86681793081498, 118.70966487382042 38.868608498116416, 118.71248421061775 38.865090037884116, 118.71089121074557 38.862300190117914, 118.70654965511906 38.86096104008748, 118.70234562427284 38.850320475019714, 118.70869086933354 38.85017718743133, 118.70845613881528 38.84427150550514, 118.7121387870257 38.837714347660764, 118.70608094097737 38.83705472691154, 118.69911147413721 38.84696968246313, 118.69380852246604 38.84553649916103, 118.69384961929133 38.84856432867062, 118.69688902830143 38.86257881311003, 118.68719480540669 38.8664843600465, 118.69105722448768 38.86912037809995, 118.69799951134281 38.87053535934273, 118.70316585935083 38.870191594663915, 118.70256578958293 38.87479334440653, 118.6939366856268 38.875766276391836, 118.67623103483952 38.8786886845088, 118.68943723668905 38.882604236243154, 118.6916033851801 38.89502766916009, 118.6902702294048 38.90142689158965, 118.68493472836612 38.90492014816637, 118.68137103259122 38.90268031355465, 118.6801551092622 38.900319660474054, 118.68264872100642 38.891290898823385, 118.6725947620465 38.893901975998396, 118.66937728198027 38.89404532592804, 118.66459259596853 38.89054556912867, 118.66397190253913 38.88416524139353, 118.66062452375598 38.882479334755324, 118.6598755159851 38.877691587263335, 118.66052261252759 38.874096326689205, 118.64409537670305 38.86842123088091, 118.64460410963306 38.86644344982624, 118.65791587401864 38.86119430294586, 118.66444374511799 38.86233477994967, 118.66752804024684 38.86361159202935, 118.68169798431767 38.85768118230809, 118.684729539388 38.84233668108469, 118.66841788915548 38.845519909992994, 118.67191763820091 38.84906506380694, 118.66991767280192 38.854645028100826, 118.6669086713476 38.856591562074044, 118.65625704786784 38.85028857262518, 118.64935185656442 38.85780236911338, 118.64091419560066 38.85841477416529, 118.64117679163805 38.851324498584425, 118.63176708539386 38.85343170647638, 118.62877863794981 38.85103117887239, 118.62211757166814 38.85037352423936, 118.6169194533436 38.84509618488857, 118.61227471509707 38.850961243585786, 118.59710221764003 38.85209433488298, 118.60654502877316 38.85773956024673, 118.61606462392861 38.85738995638803, 118.62326147024892 38.85574218225078, 118.62489127106268 38.86369798087227, 118.61968575758732 38.868703197732216, 118.61006295487694 38.86747250433235, 118.60689902637174 38.861391540072944, 118.60101671744071 38.86770480354023, 118.60685400695114 38.87220069554825, 118.60484837764741 38.875367975966824, 118.60560554065101 38.88085746175514, 118.60265540617802 38.88482479894499, 118.59559534952685 38.87841967388698, 118.59078809361512 38.87642338872797, 118.58571368523226 38.876657301766535, 118.58389164831121 38.8751303295547, 118.59483514684327 38.87150513045687, 118.59610147340979 38.86947249741132, 118.58455514410139 38.865946015034716, 118.59040237788057 38.849789543345054, 118.57654727217049 38.85547863967155, 118.57017879727555 38.85565070487011, 118.55773587289637 38.85982712371571, 118.55685536063514 38.86213638427119, 118.55087112575151 38.86768534260467, 118.55463661616902 38.86901522691478, 118.55231950673756 38.87574004914883, 118.55501735306503 38.88289782964599, 118.55784803606825 38.87871971143724, 118.56474913020871 38.870521441560456, 118.56192649696634 38.86438125922815, 118.57092459659198 38.86109570792465, 118.57467155720651 38.86327521972536, 118.57902768715485 38.86747068784026, 118.57588182367586 38.869274831330664, 118.57276687428026 38.87322314022719, 118.57076726312503 38.883096380493015, 118.57646887586289 38.881412443579016, 118.58440589697399 38.88236009119507, 118.58989308802589 38.885048548382684, 118.59403721686486 38.88959230956682, 118.60434627520682 38.889327888388735, 118.61362661815001 38.88244331243209, 118.62362114851676 38.88720593355008, 118.62116641700031 38.872995482146216, 118.62532093465792 38.870452111341514, 118.63107899840658 38.86135185098575, 118.63608560253593 38.867493581232914, 118.63410686553854 38.86845531820358, 118.63315293972116 38.87605422331866, 118.63594000348382 38.87585156605052, 118.6343993583952 38.88259668010021, 118.63185116052396 38.88202679232205, 118.63454773833404 38.889810218771885, 118.63018998463315 38.89170048842573, 118.61157679349004 38.89099596699724, 118.59880787025067 38.89492356730039, 118.5958348164305 38.90218939129608, 118.59108110241277 38.902061390251696, 118.58383648420129 38.89661659251524, 118.58530324684286 38.892013779157665, 118.57006160016648 38.895743973973055, 118.55969786163432 38.89188891739642, 118.55977823773546 38.895755959869035))",12833.871472837911
11,39.541923669659106,121.05515434469503,14,anchorage,"POLYGON ((121.04600259386748 39.556732156760525, 121.02989649776148 39.574927089278574, 121.03087111959378 39.575585363271195, 121.06725855038351 39.55045513240587, 121.06353540945146 39.54436669511517, 121.06378904549489 39.53753760893296, 121.07026822131839 39.52162235295355, 121.03786540759548 39.51309180304381, 121.05369770221422 39.53210360349598, 121.05358525419622 39.5371391679996, 121.03864681901399 39.54031204781464, 121.05320140687193 39.543348506081536, 121.05411742592243 39.546385182233315, 121.04600259386748 39.556732156760525))",18826.948470841646
13,39.83556069863435,119.7798429154095,127,anchorage,"POLYGON ((119.71684630843544 39.877929015673665, 119.72365770467961 39.88970814188517, 119.72344162378644 39.87952015020944, 119.72722256047909 39.874882216844036, 119.73033766678809 39.866670560856804, 119.73835312127247 39.864215753060776, 119.74937967028474 39.870365810253645, 119.73737664410682 39.88166011827707, 119.76500608721511 39.87095392860154, 119.77252711780739 39.87246568927013, 119.77464133668569 39.858002150536606, 119.78573571277124 39.86388101928772, 119.785832891214 39.864832698652634, 119.78777605566027 39.86693830302723, 119.79657529515049 39.86155384056098, 119.81178455779495 39.85645191481758, 119.8111691277829 39.843730392479706, 119.820458106618 39.83768119424437, 119.83630512144258 39.843141560638806, 119.88751992029987 39.84492042784099, 119.85487678799343 39.82962840045508, 119.83453732449485 39.8363517280998, 119.83043433468502 39.82919182666398, 119.83836633497334 39.823829226526065, 119.83736445987608 39.8151008439605, 119.8279744730792 39.819692317863286, 119.82414030984978 39.82033253516481, 119.81511522619532 39.82757442246531, 119.80903431345735 39.839906484579124, 119.79650589049209 39.84707888973078, 119.78067889840975 39.84108217621445, 119.77567785086669 39.837675383620066, 119.77235792245251 39.83200361800027, 119.77690957083368 39.82422985935789, 119.77937866200669 39.82194136968319, 119.7935583792479 39.829919025935155, 119.79687660477921 39.81983551054776, 119.80346071261589 39.81774655261071, 119.80898202342588 39.81437113484746, 119.81712770715546 39.8038973951884, 119.82892106429665 39.80235022925044, 119.86058811007051 39.80420096302527, 119.86609486104776 39.79036998418523, 119.85144366547652 39.78828321310218, 119.82447662891279 39.79156328062114, 119.82267941339238 39.78969407168504, 119.8276830321247 39.770687227937515, 119.81015296489548 39.75758123439967, 119.80981500221854 39.75776818516634, 119.82148834982813 39.77642931111297, 119.81021682707807 39.784836359318604, 119.80378688928076 39.77817809190636, 119.79384437007882 39.7627983866224, 119.79176810424335 39.76347370466183, 119.79814957531518 39.7773655014685, 119.79083437186299 39.783856133008065, 119.79223089790561 39.7873245015518, 119.77909076639004 39.799653628528965, 119.77720268504518 39.805023084932174, 119.77959535885947 39.80758021156818, 119.76990189382428 39.816223206872486, 119.76703116455596 39.81672222889742, 119.75987014547216 39.82958215709144, 119.75264792050042 39.83336617583352, 119.74822326104027 39.83698000094646, 119.74268692137353 39.84690163922853, 119.73651297308193 39.854034659325904, 119.73181590248612 39.85733815199559, 119.72433999310171 39.86459472889124, 119.72426742745908 39.865848267249625, 119.71684630843544 39.877929015673665))",16474.545976781705
14,39.34562173836981,121.19087987180477,155,anchorage,"POLYGON ((121.11256923189636 39.36335530408733, 121.09063366517908 39.3540546646316, 121.08980302716945 39.35496757925987, 121.11343454034044 39.37114181524494, 121.14536930432314 39.35534908508969, 121.16009939072171 39.355152296546265, 121.16667470930723 39.35940920721329, 121.17915822263504 39.35988178607113, 121.19484390174041 39.35668747806215, 121.2232204328222 39.36093820740151, 121.22081614192392 39.351906165873395, 121.21942120661971 39.34960981453654, 121.25420500229143 39.3455992247165, 121.26522551379725 39.34950460763322, 121.29749876437407 39.35541715088392, 121.25403053344316 39.32687100269427, 121.25253094409226 39.32807838212267, 121.21772683236478 39.33651421852301, 121.2061332130911 39.330158047093, 121.20015076122469 39.323702162397154, 121.1899661755392 39.32390620811814, 121.17560501472998 39.31991027204887, 121.16506538094386 39.32113198115885, 121.16469633529938 39.334740546406266, 121.14422027709249 39.335234811577436, 121.15427976316816 39.34393335959056, 121.13615102706433 39.348954693095976, 121.11256923189636 39.36335530408733))",10093.932414675513
18,39.811793333111495,119.62615042335098,71,anchorage,"POLYGON ((119.60843828326473 39.85171837839623, 119.60886566700032 39.85801349246388, 119.62857175270858 39.8597023429665, 119.63152593582139 39.862389206938985, 119.63420612636858 39.85733070647059, 119.6305469170461 39.85712058955179, 119.62368793632083 39.848249068052425, 119.63165185807055 39.8345785322171, 119.63587759978167 39.83351164277725, 119.63907540232621 39.83448567518902, 119.64337790634201 39.82979701432707, 119.6435656469019 39.82538222633599, 119.64548858604074 39.818797433814225, 119.64067347876905 39.81537972770666, 119.64515034855673 39.80775306449551, 119.65055198141597 39.80945340339895, 119.6494537901673 39.805805758059506, 119.64781814861131 39.795859025112605, 119.63104418977517 39.78950800997704, 119.62605956226069 39.78285342691614, 119.6245874647791 39.7749493739854, 119.6460790189514 39.77564762871935, 119.65062102527114 39.776628064349666, 119.66122068661713 39.76176649910435, 119.63499936295305 39.76394726795449, 119.61659964724558 39.74719398076732, 119.59486456447338 39.763216503870744, 119.61926475024825 39.77440143942947, 119.61881409122905 39.77710709030917, 119.62036761038367 39.78059076645275, 119.60254802734978 39.78387800567025, 119.58622338805579 39.78921890010156, 119.60502077238976 39.789325585128324, 119.60755385012433 39.79985279089078, 119.61965408846807 39.79855258085933, 119.62718897289301 39.791680479507335, 119.62800243522642 39.793626451337985, 119.63432239943398 39.79938058382821, 119.63642983954036 39.80424772874699, 119.6339525555657 39.81743722118872, 119.63674961062429 39.818409240127664, 119.6357210329997 39.82584758654082, 119.62524147766656 39.82457312401585, 119.62371160698171 39.821172350230434, 119.62712231403717 39.80559361128992, 119.62548562147143 39.805255856416856, 119.61698051087525 39.822233052353134, 119.61479107511114 39.821859673897244, 119.60651506302985 39.8112527175757, 119.59558808264083 39.814259026301315, 119.5996081053804 39.83018277454568, 119.6029404435191 39.82766649504557, 119.61546678022633 39.82767317534037, 119.60988190713122 39.83975344065748, 119.60551935907064 39.84354099054655, 119.60887673060697 39.84516306559647, 119.60843828326473 39.85171837839623))",10633.970251853632
22,31.496700118824016,121.41107432200573,198,anchorage,"POLYGON ((121.37138749572637 31.501660841872326, 121.37180456556813 31.513445148650412, 121.36429560413482 31.521207053234427, 121.3731598375497 31.518462298519214, 121.3831219606181 31.51349978855814, 121.39609951050628 31.520743317930414, 121.39322705036102 31.52297148359061, 121.38829941328777 31.524529376100787, 121.37788959845282 31.530393941857195, 121.37579383127749 31.53227283978348, 121.35980035533434 31.54065628792219, 121.36048100900621 31.54186369970542, 121.38059554509597 31.535714842357944, 121.38565304690374 31.536763266495118, 121.39458603337302 31.5346637113929, 121.40877607478406 31.528360618465655, 121.41759849411507 31.523480167030907, 121.42051585509384 31.51662405339142, 121.41903269233889 31.513366110764803, 121.41733594654659 31.512116712623193, 121.41248249773976 31.511000954235573, 121.40480651562582 31.516666382573348, 121.40229439712749 31.51780064152801, 121.39726959275507 31.506536450470882, 121.40269845643165 31.503845692225273, 121.40577926360947 31.500976941045824, 121.4096208048449 31.49890472251004, 121.41715826467939 31.496833054937063, 121.42137403424894 31.49320643997317, 121.42115941623703 31.488169797654706, 121.4251408830791 31.477125412662303, 121.43502962275417 31.470631885667927, 121.47658200492171 31.446277868213524, 121.47341250300727 31.432938209439488, 121.48054265464334 31.426838486562012, 121.47504493189298 31.421091363900683, 121.47258180481491 31.41932732619166, 121.46709324162435 31.41753620138747, 121.46896834696265 31.420585572502212, 121.46973563828412 31.43102751663191, 121.46776056253707 31.433638603327566, 121.41912671433893 31.471445573192252, 121.42127056001557 31.47519749862383, 121.39924034248452 31.478595256442638, 121.40614500223339 31.49194854440608, 121.4014794679883 31.493477584799354, 121.39323072549419 31.497951069355985, 121.38967370136501 31.507397436471354, 121.38270855055241 31.509004081804083, 121.37651955152356 31.49903073016427, 121.37317420298825 31.495291529267867, 121.36797047441752 31.49821700406481, 121.37138749572637 31.501660841872326))",4771.762088776515
24,27.931659198432968,121.19757139488304,126,anchorage,"POLYGON ((121.1302319547185 27.94025601748182, 121.1161791694008 27.892612130439456, 121.10915682989145 27.94170740794094, 121.15000440548147 27.955659775788874, 121.15321369881137 27.957872655177493, 121.15490777841832 27.957867089969866, 121.16583045341991 27.94986709279276, 121.16926896851773 27.948109730545216, 121.17042265621808 27.946209755307102, 121.19272460222203 27.956472385830814, 121.1928445408452 27.957808620119135, 121.20155869754304 27.954180139203416, 121.25085757989206 27.919606575786666, 121.26549337187954 27.916479263003488, 121.25485755280077 27.91217369408757, 121.25258670951965 27.90955138911323, 121.27385259812824 27.91316357357122, 121.28167763198975 27.907394596063757, 121.28571325763208 27.90927258212034, 121.28848289472651 27.915504368713826, 121.29718115842992 27.923397805132026, 121.30745393855814 27.901949526123687, 121.31278615860957 27.902510412368184, 121.33689695145695 27.891918455237498, 121.32900319392331 27.890969339672925, 121.31011971318964 27.871768138837147, 121.33302996842173 27.875615696739988, 121.33783764644973 27.86207371610446, 121.31695732619343 27.860769110495816, 121.3067512287312 27.86361221007104, 121.29707086667098 27.876122642948836, 121.27875796709112 27.88857523080156, 121.26827960361585 27.886920767224158, 121.24228708276243 27.8638025500954, 121.24327246289353 27.90335698239656, 121.23123195995778 27.905301660937333, 121.23029299475084 27.91236830200406, 121.16996258136761 27.94172414634371, 121.16647957920001 27.938425792097345, 121.15762590627172 27.935253340503476, 121.14742282847025 27.939014919287942, 121.14314908962567 27.946215526622947, 121.14385151281779 27.94707970567279, 121.1302319547185 27.94025601748182))",7241.732572295374
28,38.980036191857685,121.75399917332476,144,anchorage,"POLYGON ((121.69827876241705 39.012699747194844, 121.69669123162159 39.01925103457732, 121.70000290863425 39.01903219182178, 121.7427007908177 39.02114381775442, 121.74520852685183 39.02600484618655, 121.74780018903213 39.02404565983619, 121.75212312308157 39.01421689662706, 121.75606551989785 39.009887915338545, 121.75278412814241 38.98396956600702, 121.76070969509708 38.981799918016094, 121.76727444103759 38.98062689089057, 121.773723934612 38.97443829338897, 121.80641306742152 38.980077449910986, 121.81546191134207 38.966077513307155, 121.84975754192332 38.950666813068324, 121.8490427577814 38.94759507623982, 121.8478523519961 38.94639472664893, 121.8119359761088 38.963480555414904, 121.8047640895921 38.976283109380255, 121.77214857608789 38.963411672992756, 121.75965219144517 38.962585943120544, 121.73974435470245 38.96481306604252, 121.64727941448197 38.96534715923479, 121.64714239253125 38.966303809579884, 121.68686244588115 38.97370593034756, 121.72092745361034 38.97572995984623, 121.72389747814324 38.98055234623954, 121.73641852791222 38.981440044826, 121.7476114384527 38.98491275715754, 121.75006049306026 39.00855482535075, 121.74337507398532 39.017691870805194, 121.70190269804155 39.01409175509301, 121.70046942885183 39.00978758289129, 121.69827876241705 39.012699747194844))",3514.08789844446
30,26.247662675404285,119.85811482866079,191,anchorage,"POLYGON ((119.77723842220479 26.233567134465662, 119.77421369527013 26.233065068442667, 119.79331894764718 26.267510296872427, 119.794865175504 26.26567963103309, 119.83041718850546 26.23488161131947, 119.82526874230874 26.220051626763574, 119.83762436952954 26.22021226428996, 119.83492145236724 26.22677544414421, 119.83995635380226 26.227793116614322, 119.84392126659473 26.230224363719916, 119.84793944809542 26.235117763427937, 119.85174976224525 26.242226493313524, 119.84895799264173 26.24987617193595, 119.86484742081922 26.25093926821636, 119.86537496283904 26.26130985159304, 119.86410320781049 26.27213485253561, 119.87059850941081 26.281654168708997, 119.865734991392 26.282404026895083, 119.86171123321024 26.286210213194327, 119.85317802669572 26.291771319954346, 119.85367255978477 26.294584354174432, 119.85640578586823 26.29794064454624, 119.85767179536988 26.298628209899256, 119.86139985022545 26.297077027230703, 119.86723603667667 26.30040841206003, 119.86827216565207 26.308972855066802, 119.85239360804529 26.32508147149708, 119.85498236913217 26.328020341307877, 119.86184210748026 26.325774017710433, 119.87338738927829 26.32082339560671, 119.87773415887163 26.32449965559229, 119.87595697382623 26.318685999803826, 119.87676155033905 26.307986475808605, 119.88636607868357 26.30606419540176, 119.87493383930988 26.293609211383284, 119.87560921156651 26.284750675582583, 119.89622110251428 26.282741894185794, 119.88617560745861 26.26841945405364, 119.88728351310392 26.26063745756206, 119.8749751240271 26.24478400787285, 119.89784400351135 26.254145325356475, 119.92333658640071 26.23770461386134, 119.92981069611248 26.23453885337448, 119.93545333163901 26.243868444077005, 119.93000191459514 26.26731224241038, 119.9541035023074 26.257723531038824, 119.94679916120121 26.240064188177858, 119.93619240275252 26.227728406812954, 119.92663929469856 26.222606820724447, 119.91759095706398 26.20795386989086, 119.90604080394542 26.217103800924647, 119.91065954128672 26.23219609795108, 119.87476698046154 26.22691899912504, 119.87256471035178 26.224118499208835, 119.86690364060162 26.220219233255904, 119.87075021822245 26.21555416045757, 119.86649940009434 26.209340336273424, 119.85790657984417 26.211743488611685, 119.855888501917 26.204156250461047, 119.8534569941412 26.200175634240566, 119.85349372594177 26.193232324190788, 119.85634822021261 26.190077983530344, 119.86782424318892 26.185908246402512, 119.88144985601983 26.201989904194452, 119.88540938310979 26.193344873248368, 119.86987077203901 26.180923771583284, 119.85596035783574 26.18258977043469, 119.8507677560161 26.178037380350776, 119.84107778284607 26.17216832732659, 119.83883940104873 26.176090883160178, 119.82879695247634 26.17633755402773, 119.8231513095753 26.182555751401015, 119.81544168513261 26.185559479831234, 119.7993758325152 26.18724326483097, 119.81801242437525 26.19530238411768, 119.82383186268135 26.19693224804468, 119.83889246698298 26.193555764729624, 119.84488348932078 26.19553044750368, 119.84604302419008 26.19686887473311, 119.84358735390451 26.20216723562678, 119.84075596976098 26.202034646867045, 119.83713766483082 26.20062092621284, 119.83295852796682 26.204828640687005, 119.83612298042732 26.207172142148643, 119.82276102037339 26.207237620627208, 119.812929817783 26.206942074090264, 119.80921662748462 26.202024407444174, 119.80362719761882 26.21097462223796, 119.77723842220479 26.233567134465662))",7911.089307598252
31,36.77399902505047,122.48455010292882,278,anchorage,"POLYGON ((122.37308157059307 36.86027962361958, 122.37304924307475 36.868493893189154, 122.38039463001596 36.86169869696529, 122.43773366756959 36.842981666475936, 122.44635854085858 36.8713626726353, 122.4446772594904 36.8719851954952, 122.43329059827956 36.88075877240511, 122.43822520483657 36.88973243435451, 122.4490149664289 36.88117706317509, 122.45058246639506 36.872095512679195, 122.46035938370821 36.8495351957945, 122.45405487135223 36.84278480980151, 122.45355159486327 36.82886893648304, 122.4783718795115 36.83047462869256, 122.48236576113618 36.812053720381805, 122.4943562121866 36.80978481149318, 122.50565470845713 36.81466534194445, 122.52070268330178 36.80494948257595, 122.5418029596531 36.811416317430414, 122.5554127371102 36.823197893212345, 122.53189296700349 36.854357591850295, 122.56514972973112 36.86439515985913, 122.5883994932357 36.882760100829614, 122.62659946570935 36.90769224699448, 122.63907268611806 36.92321488365884, 122.67090242131314 36.89489299056048, 122.65841439343474 36.872320039587784, 122.67092332830936 36.87462073268514, 122.64689558788794 36.85903412475723, 122.61180314031995 36.83957171080482, 122.5973890364196 36.85130192259475, 122.57114074110294 36.86148440833368, 122.56449030594051 36.83811739364968, 122.56435331425403 36.826414353425236, 122.57207656575572 36.78391516282873, 122.56364069902152 36.75557852085175, 122.56551896274202 36.74450241488587, 122.58950382580845 36.75441942642868, 122.59637013266132 36.74200168566843, 122.60871468670736 36.762955116316114, 122.60840336142455 36.77468051019457, 122.62441001525126 36.779032617636496, 122.6366613217869 36.79188877050022, 122.67133613160793 36.81576582302181, 122.69816695942626 36.82236666385065, 122.68478623865086 36.8079912714959, 122.66088330096035 36.776188565717256, 122.66209940518766 36.77291050262922, 122.69730488506816 36.77419874128296, 122.70962817228946 36.76710161400564, 122.69976865599617 36.750284184829034, 122.67432604230886 36.731761225800156, 122.6459250760097 36.76139444546978, 122.6344360066961 36.759343060881854, 122.63193186160674 36.760540486708784, 122.61951512837729 36.73387041632115, 122.63502220153454 36.732734897098695, 122.64915515407176 36.72475908250629, 122.65812097211537 36.71273380028228, 122.65370170014306 36.69611592763036, 122.67889928204579 36.652944662320245, 122.70486824051798 36.621827898526604, 122.64299707758344 36.61662623195223, 122.65691887327071 36.64312758071064, 122.65986159565432 36.65666082292224, 122.61527754600125 36.683861251082526, 122.60306382841067 36.69592020325859, 122.60326749018816 36.69827217949743, 122.60579765022318 36.70357587671332, 122.59643594213246 36.71666441691396, 122.58718724488264 36.73120171289417, 122.57261663042424 36.721907380949325, 122.57254596073692 36.70919768072099, 122.55779300648236 36.69887348920784, 122.53690144261486 36.69987174067841, 122.53355879616865 36.690753359209346, 122.53198468542253 36.67551530994721, 122.53045174027251 36.67275663832975, 122.53668961478245 36.65808533590934, 122.57248790429871 36.66586806668828, 122.54443588466161 36.642949682814134, 122.51107099801725 36.6333482828776, 122.52008260632245 36.602432989488605, 122.53206677452253 36.58037635681759, 122.52922450738865 36.57935997418003, 122.51849743761845 36.59831355543362, 122.50325590213887 36.57744536513786, 122.48465009449883 36.5893693812814, 122.4496448577049 36.577796237314104, 122.41443130432599 36.57743349928308, 122.41472678958003 36.58254476822735, 122.37433178396589 36.590883084840456, 122.40103405902296 36.609521980819196, 122.48359506549724 36.59261786829264, 122.5001443788735 36.61887263397634, 122.48517592009395 36.655824602675565, 122.46315108500062 36.675944550640295, 122.49552838131179 36.675034023790026, 122.49599509684313 36.684771901387, 122.50968709448219 36.692843790588945, 122.52920543197757 36.69661849215268, 122.52068930889361 36.714273819599754, 122.51779546804765 36.71464244186918, 122.52261966818646 36.72087266203301, 122.51472799877251 36.73642467997844, 122.52130478170437 36.76937464868018, 122.49548126675703 36.79143938097308, 122.49302099428938 36.78583770510584, 122.49467622436205 36.777279125400256, 122.49337100247601 36.76626671874744, 122.48696636283677 36.751760372293404, 122.46242459365209 36.75062047668401, 122.44481093424388 36.75554395067768, 122.4415502825363 36.74120122674679, 122.43351764054268 36.72449695118406, 122.41968214268765 36.723720156339745, 122.40454476787872 36.71325630097068, 122.38816278334103 36.71294902982957, 122.36126135811294 36.68549578708947, 122.31662781435227 36.669410427223134, 122.29935417793989 36.66216952708888, 122.29566531266606 36.66296304262265, 122.28982953139435 36.66599132287621, 122.28738289500748 36.6808520745295, 122.3509565978998 36.69898630143919, 122.36528993419086 36.72038965006145, 122.35920559143275 36.748578496045894, 122.37103704740854 36.748354824878255, 122.39349385249966 36.74166048064895, 122.42030700292568 36.731090720522396, 122.42227519018374 36.740077168490394, 122.41624217380975 36.75342614242363, 122.40832355566538 36.76054113144351, 122.39394579938873 36.76464950347887, 122.38894155939118 36.77043719051631, 122.38658056286282 36.78577404358787, 122.38875406992126 36.80185919413419, 122.4039435946069 36.810879849957416, 122.41464807924915 36.81196672872343, 122.40077527330752 36.83248595688482, 122.37866735131449 36.85830764015427, 122.37582625046377 36.858493127878376, 122.37308157059307 36.86027962361958))",13944.225018712828
32,32.009606444644014,120.39444283295173,93,anchorage,"POLYGON ((120.33407562664739 31.98753760399665, 120.33440690687021 31.99522672597379, 120.34410913934265 31.99078784194511, 120.34379334537944 31.987735279452288, 120.33924510481522 31.985053816530588, 120.35570368350265 31.961116979170324, 120.36476127197014 31.96622413289982, 120.37695308307045 31.969288623364843, 120.38774696845789 31.969874925920752, 120.36530510847844 32.014196579777305, 120.38343699509484 32.026203442131035, 120.38925739032281 32.03100555196448, 120.39073347019055 32.03242820665678, 120.39713832565918 32.04267092864825, 120.46138599973598 32.0756980272071, 120.46436809491216 32.07532129093337, 120.4920792770793 32.077455201145135, 120.49560692378965 32.07737567482985, 120.51648145459514 32.06569761520959, 120.51479340465556 32.06349188674963, 120.49413227788095 32.07464541980834, 120.46809830112451 32.07075865029864, 120.46754610776414 32.06410964760491, 120.46187370477462 32.05860000997679, 120.45978037776008 32.06129535372534, 120.43504250860914 32.05692471587524, 120.403172857065 32.0387071304733, 120.4004382959929 32.038592349231244, 120.39130989340359 32.02876123429889, 120.45200927874943 31.98021410678549, 120.45028252116481 31.97832546570372, 120.4376643452681 31.96964691169339, 120.4268199971841 31.966892065079165, 120.40204123921643 31.967247168980904, 120.37104459923768 31.962828519886283, 120.35590032682339 31.957434978325246, 120.32720084782395 31.955020044302657, 120.32729232655441 31.957665965983736, 120.32930222773129 31.95830080959368, 120.32741647266906 31.98201445640323, 120.33407562664739 31.98753760399665))",3487.2673564797665
33,31.738866746404025,121.11678916050602,139,anchorage,"POLYGON ((121.01218982387486 31.794889573836688, 121.00291060705737 31.7953106244841, 121.00292919906789 31.797431035114464, 121.0144526664969 31.797807623935537, 121.0242188013846 31.78355173170885, 121.02929593602448 31.78317454406249, 121.03575626831585 31.784084816073577, 121.03956996500095 31.783666363769363, 121.06188825769718 31.795973003025793, 121.062506848406 31.802165904285573, 121.07264658672784 31.77919886960488, 121.11815703143735 31.767205007339065, 121.12756967656175 31.770222450716368, 121.16179747503124 31.764853385633216, 121.162532194249 31.762733679526928, 121.18232368035616 31.759863887444197, 121.18865925858185 31.755518585858105, 121.19903766527614 31.744428252993075, 121.22085179620062 31.709958779121777, 121.21836349403279 31.708755601742492, 121.2140408251577 31.714891871687048, 121.19668219478869 31.733319401115164, 121.18661078896099 31.736055545380406, 121.18519950260875 31.747101634127183, 121.17717991636908 31.753195032160697, 121.15946641067637 31.74891015152583, 121.15821049533068 31.74767932159678, 121.1467439469789 31.761665201522064, 121.12212776390764 31.74067360368832, 121.12414961987142 31.736642699382273, 121.14122070615755 31.719977964086105, 121.14911107845094 31.714718193369244, 121.15287812354764 31.71001479637014, 121.16260208004958 31.705727987085947, 121.16794774083557 31.70073685053807, 121.17548566175017 31.696352121075126, 121.17459978469928 31.69397793375449, 121.16994168763144 31.694732170389447, 121.16018616966116 31.700651236639022, 121.15536564921389 31.704157474593533, 121.15181471733807 31.691297312576175, 121.15745587352083 31.686799626112673, 121.15613352737321 31.68541440164494, 121.13883467622276 31.695662274452886, 121.13107191446471 31.699684475403288, 121.1470531606458 31.708083101917456, 121.14318753419865 31.712282440981987, 121.13021412336914 31.722773015783893, 121.12630460153025 31.728682238308703, 121.11908955038214 31.73435144682571, 121.11373487225114 31.739392246215026, 121.11280738900986 31.7484941167454, 121.11472222588495 31.763531845219234, 121.0622520230649 31.776901556697315, 121.05757769650877 31.775844989953516, 121.03762052556033 31.74397570321809, 121.04565755029869 31.740335447357737, 121.04391296816557 31.738437999614586, 121.0426991537799 31.73840128959265, 121.03465829666023 31.741099796841034, 121.03280073650411 31.743434145752666, 121.04324014710477 31.779694249447132, 121.03804467688776 31.78009050276309, 121.0297407604946 31.779176985817802, 121.02006147570084 31.78122153295922, 121.01218982387486 31.794889573836688))",4506.057935104144
34,26.45977046394732,119.95240270515988,504,anchorage,"POLYGON ((119.8511720563792 26.48832011763621, 119.835635075059 26.512757909280683, 119.85709703785032 26.499854512647985, 119.86654801586465 26.4986789846586, 119.87950755393936 26.494394665497495, 119.90089520351 26.491883071346102, 119.9106757236173 26.492814243827393, 119.92591815561809 26.488081208149392, 119.93911407031321 26.487288169003776, 119.95603892662365 26.48140847439713, 119.9700205327121 26.483304117720543, 119.9899739309005 26.481391138234226, 119.99833815351057 26.483420019406278, 120.0090359004538 26.484607109613556, 120.03452917643685 26.478753193770164, 120.04340042961627 26.477768711760934, 120.07504215869584 26.455437020504373, 120.10958959658248 26.48199510340339, 120.09370956762486 26.453785665221293, 120.12320116727234 26.41771410096028, 120.10116936236021 26.419495117513588, 120.10118619949023 26.42432614832466, 120.05460293255605 26.396171359991644, 120.04748761951775 26.447258303741894, 120.03369634794635 26.44227432151654, 120.02809823862793 26.437648446201884, 120.0228900103068 26.429192826602783, 120.00415533035229 26.42163717314221, 119.99419637782712 26.41343944779742, 119.97969075863378 26.416590254281857, 119.98202107522108 26.425541313373184, 119.96900846113782 26.43959418380566, 119.96072377184441 26.43927929114134, 119.94945887054178 26.424564936287346, 119.95435539289225 26.405023669174916, 119.94765901681055 26.394982336295506, 119.92814391445157 26.402463136778778, 119.92880564481393 26.414769697225292, 119.93151746776152 26.418567184591605, 119.93289839044868 26.434859474864506, 119.91792575278787 26.4418161245857, 119.88435618802676 26.46827319074639, 119.8667344515407 26.457334575270565, 119.86536577821182 26.480333954605282, 119.85847837296141 26.48500852691929, 119.8511720563792 26.48832011763621))",10875.7139789836
35,23.261677595558396,116.85412173777218,67,anchorage,"POLYGON ((116.85307694849116 23.274729016748033, 116.8510841655168 23.290951706567284, 116.86980804057337 23.291247912985668, 116.8697408061472 23.276149289192787, 116.86906035411064 23.268847916849605, 116.8615757884409 23.266034291631538, 116.86058575295664 23.26068277273956, 116.86305896391013 23.25993813614957, 116.86337687603702 23.25854608539909, 116.8748923908955 23.259758036594864, 116.88579288672616 23.27858646999705, 116.89820582583675 23.278697231709014, 116.92736390940428 23.334655267925488, 116.92289105655551 23.28291261665422, 116.87887070500742 23.25501828637587, 116.86243200034524 23.248179409565388, 116.85817672577127 23.242116255861077, 116.85186776590656 23.24095013468693, 116.84164374664418 23.2421145037995, 116.84502070957754 23.24635279558526, 116.84529842310971 23.247482708503412, 116.84430546143417 23.24984383504904, 116.83843282446291 23.248534532750938, 116.83566000282403 23.244625295750073, 116.83029021052594 23.249822538064937, 116.83348687499624 23.2517639291727, 116.83399369615495 23.258471114827085, 116.83342932131735 23.26035796964524, 116.8331035958004 23.266919508280726, 116.83874520473867 23.26731900373722, 116.84306477607731 23.268240434382374, 116.84692188857906 23.27287774563943, 116.85307694849116 23.274729016748033))",6301.129881189363
36,23.456467833208453,116.4965688955123,75,anchorage,"POLYGON ((116.46769613290844 23.459993247508383, 116.47192120020487 23.463569796733996, 116.4804848602761 23.472506810794986, 116.48627177117585 23.493284908653752, 116.4864746649383 23.503260969003698, 116.48774788885021 23.503381746944292, 116.49025089997303 23.491244010624627, 116.48456062123932 23.47269602528236, 116.4801208001895 23.461668745511457, 116.50406553760315 23.445507065159642, 116.51316250201408 23.445437089381574, 116.49836866788695 23.438374039655606, 116.46710682503188 23.455296936293127, 116.46263738327758 23.451534947464022, 116.46331206025876 23.456214777542844, 116.46674322966503 23.46059986473, 116.46769613290844 23.459993247508383))",5475.851378612951
37,22.141539236800377,113.77378293178552,26,anchorage,"POLYGON ((113.76373556734879 22.151212069842813, 113.76304915091204 22.15590015777702, 113.77023107635658 22.157651105340175, 113.78391572346072 22.159424813300234, 113.77297988129871 22.151243957253836, 113.77192614637474 22.149201130717625, 113.77357410088176 22.142752998275327, 113.77483113401966 22.142788983841292, 113.7862183793855 22.153735195783135, 113.78627669774325 22.14108306425898, 113.78564074357163 22.135537372282446, 113.78232018165026 22.133847472430087, 113.7843159216517 22.128435217158756, 113.79841424624468 22.125461783659418, 113.79788334558297 22.122959186076052, 113.77942878147265 22.125792427798793, 113.77500905993445 22.129597609357038, 113.77170046357436 22.13053174530048, 113.76778829129229 22.123256689681437, 113.76604691090783 22.135900883638822, 113.76931331025253 22.134610883365525, 113.77040879496857 22.13894048869704, 113.76316533428476 22.13738531475365, 113.76573350900917 22.14406021483686, 113.76527833719267 22.147421225235355, 113.75156317913374 22.147678356379682, 113.75143541119579 22.149249569279913, 113.76373556734879 22.151212069842813))",16962.262670437303
38,21.059281223962447,110.73108690557446,163,anchorage,"POLYGON ((110.67523611145263 21.07251600459766, 110.67789238841684 21.07993745565012, 110.68595323150683 21.08388581712319, 110.69010582362827 21.07979894222711, 110.69897203945845 21.089734490385244, 110.70014970197147 21.07914103117971, 110.70186390156302 21.07403796525216, 110.70466905324882 21.074308113635798, 110.70845621735491 21.079236856328425, 110.70863898502414 21.08219300052922, 110.71400345863698 21.08476659039859, 110.7188958699056 21.0909418356881, 110.72168025628335 21.09168061430172, 110.74096373562132 21.089442807744014, 110.72612781198424 21.07837467558335, 110.72508925764384 21.07372330381339, 110.73044726490855 21.073044254851872, 110.74118191268876 21.068530228465445, 110.74727114051475 21.06410508921104, 110.74997593854548 21.0646070046503, 110.75087590088819 21.059728431426716, 110.75469474170839 21.05811109737592, 110.75758235735414 21.062864373562835, 110.75230375492073 21.07305928717914, 110.75713805945915 21.071113012175605, 110.76292567231705 21.072517439319032, 110.7575216098043 21.089776082742613, 110.77448103998356 21.072745644856663, 110.78003885629514 21.069356649550137, 110.78922560098941 21.074313951784745, 110.80312188845666 21.080476929294175, 110.81629478545261 21.089857717601777, 110.81737542677648 21.088786438382918, 110.8055452538731 21.07600900672246, 110.79469130426067 21.065953386661487, 110.79940180941091 21.063792740389967, 110.81744491896605 21.065914180251827, 110.82397547725326 21.071154706961522, 110.84340219621353 21.07097188795813, 110.81804727000149 21.051322140992543, 110.79939342879045 21.05074981735874, 110.7947298194437 21.05673543309478, 110.78431604526487 21.051453114358928, 110.78243994635356 21.058841611691562, 110.77803055790928 21.056132901839387, 110.77407059950124 21.04914304331978, 110.77215571949218 21.048570408375276, 110.76395782197547 21.049669060428922, 110.75769311649722 21.049580969290503, 110.74855854994532 21.051197310549536, 110.74709413445937 21.057403365482156, 110.74221517826427 21.056643130762733, 110.73385383713641 21.051549430405682, 110.73110270650146 21.055826017661342, 110.72571817760493 21.054905831546204, 110.72321065756523 21.02166983162082, 110.73240954978685 21.011554989692925, 110.74713960822938 21.011783271909348, 110.75517380048063 21.016340966051782, 110.75508351208659 21.006737720955442, 110.74818263336897 21.000245005454197, 110.72782619428027 20.990410733795066, 110.72616211092593 21.009441930638882, 110.71590608052261 21.013413764541735, 110.7157023642949 21.012500089854235, 110.70687806508742 21.001764865259013, 110.6819434583747 21.00374513352086, 110.65803549366429 21.003398266354964, 110.6579537365099 21.006246655669052, 110.70488955710385 21.00781817532588, 110.70520212575023 21.01327164425352, 110.70108653595099 21.01788009576254, 110.68756946409879 21.015751126282648, 110.68705130846695 21.01789803153127, 110.7029712732715 21.02210755700929, 110.71025428867371 21.054663258261947, 110.71148365281708 21.057529407201667, 110.70587244727987 21.059023905020375, 110.69999400220742 21.051405442878938, 110.6965195533527 21.059420410049963, 110.69138229197654 21.055344180491964, 110.68366927224764 21.05757638662127, 110.67749243234925 21.063285694359607, 110.67660525165711 21.071121800881496, 110.67523611145263 21.07251600459766))",17490.444026861373
39,24.986606110100553,119.0921765815678,55,anchorage,"POLYGON ((119.04933407178811 25.057634657028846, 119.06899436333237 25.110288912878776, 119.07089829814927 25.109854078300987, 119.05947240809014 25.048851847881355, 119.05941159089738 25.045857727889025, 119.05898988187886 25.044597394928026, 119.05440439373102 25.039144134546103, 119.04628287925406 25.023056242189565, 119.04820750825506 25.014846007448075, 119.0810970250683 24.993398253132643, 119.08878808653927 24.991866910711305, 119.08974171895909 24.98991220521723, 119.0963675085421 24.982651256566207, 119.09731273171602 24.976739553624306, 119.10975265867471 24.97705296003948, 119.11255608015517 24.98699667777093, 119.14147808453177 24.985095194072446, 119.16687399141985 24.924094062926812, 119.14442645645055 24.933913610970677, 119.13472098960578 24.97099343269704, 119.13245916698173 24.96520285108643, 119.11899406810996 24.960088954178513, 119.1136690380712 24.95721350407609, 119.10830783900646 24.956703198869633, 119.09637544326611 24.957610694902144, 119.08339950113881 24.95081915043349, 119.08054086631508 24.963280271694927, 119.0776822829789 24.967999571490555, 119.0401737274931 25.00842211421282, 119.03498182214105 25.01516589553935, 119.0399586572542 25.028392513335042, 119.04933407178811 25.057634657028846))",8902.144828184233
42,35.47197782383453,119.88420088879793,150,anchorage,"POLYGON ((119.85372757138192 35.479589583481626, 119.84867944965369 35.4837855243635, 119.85860108076969 35.48288467845357, 119.8621549300538 35.48201976703001, 119.86644631439933 35.48200447538986, 119.86988104616704 35.481185686792735, 119.87139017480418 35.490171833625595, 119.87401693414496 35.49581763536042, 119.87809153875641 35.49824053855638, 119.89050834316431 35.502962541801715, 119.88379713291187 35.48740523392444, 119.879669401863 35.48714211839166, 119.87867157796876 35.48249195624093, 119.87889504902681 35.48120232502249, 119.88089307736905 35.47814205269622, 119.88463144400562 35.47767466800611, 119.88668233812696 35.478422084876804, 119.8902004694027 35.480339445042226, 119.8915926605457 35.48338322597074, 119.8958032453992 35.48042544870345, 119.89571782719706 35.479686998586004, 119.9073129312527 35.480456074332636, 119.90797950859499 35.48183459682807, 119.90179962041258 35.48443635558443, 119.89135523658041 35.49664506054889, 119.89229986960973 35.497302322785636, 119.89916916786112 35.49220008060908, 119.90972081829503 35.49021527972971, 119.94246372950832 35.5091537739767, 119.94272537441394 35.50894539962737, 119.92271638699839 35.48491723798332, 119.91594639264787 35.48049369120329, 119.91389307277225 35.48031366999989, 119.91299646239146 35.478382562037794, 119.92425396280089 35.47923541143782, 119.92389354897063 35.46650488826999, 119.91235729825975 35.47156924264373, 119.90945788871467 35.4683362500797, 119.90660556272123 35.46628045039321, 119.90462301916013 35.466209408036356, 119.90407223819582 35.463194262609775, 119.90294190456754 35.460716040280204, 119.90405042783483 35.46011026359032, 119.91727046463166 35.458289775137, 119.90263338527552 35.45331549053659, 119.89945492120026 35.438673092272005, 119.8950822425653 35.45552959991955, 119.88875721855614 35.4570052689218, 119.88727048287691 35.46080681752922, 119.8844316275128 35.461079546203564, 119.88441000959078 35.4595639899816, 119.88121662156995 35.45299666678502, 119.87453360802537 35.45476628681036, 119.87458359560101 35.45676750280122, 119.87162824784296 35.460231246392546, 119.87290059981423 35.46721800028363, 119.8767224227212 35.46262040641002, 119.87882783044562 35.46244613448187, 119.88166181280818 35.464050550664986, 119.88551820906596 35.46508896215837, 119.88391239984297 35.46911773471846, 119.88521070788981 35.470644782224674, 119.8815722682359 35.473380052691745, 119.87792118541779 35.47281494530456, 119.87799281610452 35.47007650660677, 119.87036208080823 35.46689636914502, 119.86766070012374 35.46072978953599, 119.86478952872727 35.46546607277806, 119.86449259230007 35.46834662818508, 119.86216267883688 35.471000051535725, 119.86006611754972 35.47236764804536, 119.85617832156528 35.46860808370735, 119.85258358264888 35.47426461794021, 119.85121462124967 35.4778753260527, 119.85372757138192 35.479589583481626), (119.8956887754589 35.47943584144402, 119.89531575403865 35.47621093907256, 119.90050503700833 35.472311043374404, 119.90207820467647 35.473544732649394, 119.90511079291353 35.4726733677391, 119.90639838034791 35.475753207406754, 119.8956887754589 35.47943584144402), (119.89905621340665 35.4711748488572, 119.89284272284304 35.473762840511796, 119.89147665998043 35.46803678243973, 119.8901681772848 35.465764493166034, 119.89354769369768 35.465431958293486, 119.89309510522827 35.46663770114616, 119.89687213233509 35.47070437973919, 119.89905621340665 35.4711748488572))",18542.663114496903
45,34.41250864158383,119.77361823431454,89,anchorage,"POLYGON ((119.78620411637877 34.477712069177045, 119.7875942015572 34.47924281576791, 119.80194030673998 34.489860586469455, 119.79744424049184 34.445351975683074, 119.79797902659698 34.44054245900542, 119.79683362622997 34.43132408898552, 119.79568722783682 34.42824422250495, 119.79930731809827 34.39166917543726, 119.80202152294835 34.38149099551058, 119.77960020298717 34.37298023033357, 119.77114788911949 34.363381512215966, 119.74758923804458 34.34168708672315, 119.7503892970753 34.32527718087033, 119.7478544599597 34.32337345248808, 119.730307944452 34.30429866766779, 119.7038351187782 34.283910570290125, 119.69715138739392 34.28211659715032, 119.71085939703894 34.29389316488395, 119.71864626201486 34.30220242606349, 119.72550292926748 34.30795155724375, 119.7446241700809 34.34589107121643, 119.74534115120187 34.34820072878278, 119.7567891017703 34.35462192105994, 119.77852994046502 34.41134855159513, 119.79447591249318 34.441739318752504, 119.7941734539795 34.44496973404074, 119.7903855177029 34.45976943372117, 119.7825536050245 34.47353243412915, 119.78620411637877 34.477712069177045))",9513.542438087425
48,21.47543970072329,108.67458726838534,54,anchorage,"POLYGON ((108.65425658020831 21.47491358540918, 108.64625594086554 21.481079038583175, 108.66432302513167 21.480476136590305, 108.66620367996215 21.474830807307807, 108.67046119253175 21.476376936021985, 108.6704754259323 21.478261244102615, 108.67585093415451 21.4804252089228, 108.67305565253439 21.48558330812085, 108.66558792749893 21.486112752931074, 108.66890586915848 21.48915586129306, 108.67265186138326 21.49481195653336, 108.68306264683756 21.495716671237822, 108.69056130497214 21.494298561787843, 108.68090942124776 21.48811382282034, 108.68066464101997 21.48175791015564, 108.68556463833997 21.48270251568616, 108.70306810236329 21.483697638430712, 108.69215953011575 21.478486333430588, 108.68979426699046 21.476797793594884, 108.6885167016197 21.472366009005967, 108.69496246894444 21.467509009788788, 108.73905411450096 21.450559109057263, 108.73832951450967 21.44858877956925, 108.68547090635367 21.462090714036997, 108.68149691033567 21.464592729385384, 108.6779201957023 21.46160922267246, 108.6836430039793 21.454497953876952, 108.68251187389977 21.4535208894942, 108.67103556942348 21.462839433909654, 108.66743637075668 21.46807812039674, 108.66127489145904 21.469591553757617, 108.65997486899803 21.45059249690243, 108.65254393573645 21.468079667733704, 108.65425658020831 21.47491358540918))",17176.784517116248
50,30.19406655812224,121.79819578919822,223,anchorage,"POLYGON ((121.75345637996426 30.195398782068963, 121.75075465488528 30.21767468167211, 121.76781243375088 30.203602184645096, 121.77857691935542 30.178789018903945, 121.80233547833876 30.189878814523446, 121.80254639733703 30.191489731181466, 121.80889860720208 30.191001252196866, 121.80934358192196 30.187775170484976, 121.80902577854486 30.186095627201638, 121.81102797109408 30.18673605253783, 121.81251895228826 30.189665765043443, 121.811420676145 30.19212715809338, 121.80685854015378 30.196388416165792, 121.80582822028217 30.196093699005694, 121.80072746962028 30.197393854226856, 121.80135637985168 30.201961450844106, 121.80299764480823 30.202395148041052, 121.80300558735986 30.20511192177399, 121.80101631667796 30.207902092827997, 121.80208530287365 30.209923366113724, 121.80179320671132 30.21183005372651, 121.79862383017111 30.211581296878276, 121.80042088116411 30.215321959663505, 121.79736732064332 30.220453219043815, 121.79958877118628 30.222982982244112, 121.799152399307 30.224509696797867, 121.79747353825346 30.225805383149005, 121.76590904629843 30.22353123242012, 121.76562018164249 30.224838509457985, 121.79760038904381 30.23320843539351, 121.80156135762296 30.229749187318866, 121.80382106667385 30.231858994565354, 121.81006204909391 30.232835656088234, 121.8094351408505 30.22796468272692, 121.8030246444286 30.224776483260847, 121.80544817334842 30.22100756398556, 121.80289804254319 30.218580733134264, 121.80431488462003 30.2160482104775, 121.80608155154297 30.215008416440035, 121.8115022137379 30.215080412298136, 121.80905074501416 30.219405391770007, 121.80831986154135 30.222514084120757, 121.81210848573168 30.230515909745858, 121.81330112706057 30.220735181242695, 121.8165481910494 30.217435004196062, 121.81901659452565 30.212205081815107, 121.81674923582729 30.210353019374484, 121.81456926120181 30.206665368575614, 121.81269353780431 30.209505632645175, 121.80627828365859 30.2098530218132, 121.80736445941722 30.20550931575585, 121.81047891110381 30.20442190775005, 121.81372634211856 30.204307136550053, 121.81731132470175 30.20735820144711, 121.82380335693757 30.206177694514498, 121.82162565046379 30.201981236459392, 121.81446565119356 30.20018949799612, 121.81655257960804 30.194755030084544, 121.82008813397002 30.19553998267159, 121.81998229453133 30.19592486053611, 121.82354877135566 30.19835400396074, 121.8260840149189 30.195992050842538, 121.82330676703275 30.192930056137147, 121.81930035752588 30.19004062530037, 121.82005911205759 30.18760485912134, 121.8231035357021 30.18819517825051, 121.8278090219459 30.190389901277538, 121.82885554656438 30.184210812013408, 121.820298368299 30.181809754582172, 121.82049104399393 30.18004538462332, 121.81966899723359 30.175877990819874, 121.81207400530026 30.175917041279362, 121.81611619776812 30.18074701573571, 121.81540794241137 30.181526573635477, 121.81186599307871 30.180169326468004, 121.80958763713303 30.17851765178671, 121.8126262081163 30.171765666226605, 121.80477099512906 30.173346859933787, 121.80253764732286 30.175679380544743, 121.80327229963015 30.17852821525921, 121.78158128532904 30.172967399358843, 121.77993566579539 30.172030130763154, 121.77970045202309 30.1692132086774, 121.78037850108504 30.167624425197396, 121.7865060103781 30.159678412240368, 121.777116356322 30.16467039159933, 121.77375405208669 30.16541199344935, 121.77380849714358 30.16505043852698, 121.77003669644705 30.162930464228218, 121.76532881186773 30.164795367212033, 121.76457112998186 30.16650781067757, 121.76732810411335 30.17189558703338, 121.77113909318555 30.169512995434257, 121.77483220955581 30.172779456307445, 121.77428550640019 30.1731734706793, 121.7703447430761 30.171921857774525, 121.76756338687778 30.173386972623124, 121.76610342794989 30.17259186774305, 121.76276679894295 30.172005774717235, 121.7587837161939 30.172010740340706, 121.75639216414692 30.16949284467426, 121.75899975625764 30.168123637942912, 121.75935256859185 30.165493416351595, 121.75717731709847 30.162704902638136, 121.75393482400617 30.16526557470313, 121.7514295595902 30.168424178876496, 121.75118958311646 30.173082195366778, 121.74159123850208 30.175600071464157, 121.75588274038031 30.1790918969661, 121.76103736975746 30.17734703352706, 121.76572432823828 30.177687412971586, 121.75855636315416 30.184571654968433, 121.75345637996426 30.195398782068963))",15056.641464426635
51,33.28451345770115,120.87410149212948,47,anchorage,"POLYGON ((120.86475918954852 33.34549892178259, 120.8610083916755 33.354669511594516, 120.87381029373964 33.36055601745093, 120.87414056101196 33.32493327105931, 120.87825889304777 33.318539247154504, 120.88404560013149 33.305777459787315, 120.87702864805567 33.311187200418374, 120.8714135306985 33.3038253311088, 120.87384170948614 33.29820586742324, 120.88656028103969 33.298570577054186, 120.88763440060939 33.29235304309265, 120.89382445782944 33.27927088060053, 120.89085784415803 33.276983664612196, 120.8897764272695 33.278421412799815, 120.87738748293454 33.276098425552355, 120.8594488838165 33.24375759452831, 120.88811792456391 33.184925793424995, 120.88513232243166 33.183901095999374, 120.85594599008175 33.243464794295555, 120.85532516540042 33.24557191568031, 120.87304621204134 33.27886943285482, 120.86923519194632 33.29406031851753, 120.86367398092136 33.306191012224836, 120.86598161489285 33.34083236420521, 120.86475918954852 33.34549892178259))",13928.858379533596
55,31.35112312478282,121.65379156588195,301,anchorage,"POLYGON ((121.5120232531487 31.35757433840179, 121.51840685193814 31.35411069826437, 121.55554963904812 31.385072006512708, 121.5638523553562 31.38202716842941, 121.5649876041757 31.40151182281257, 121.53070133259057 31.417063583734752, 121.53183550691372 31.419326366341508, 121.53816908079806 31.419255618165604, 121.55915779920915 31.4085610656698, 121.57606600522105 31.401923317322154, 121.60889090276979 31.386286403436948, 121.61539251622068 31.384628943890313, 121.62748786277014 31.387241541319955, 121.63554145236911 31.39434847176976, 121.63509311427201 31.38062426204835, 121.6504969102205 31.377851878280616, 121.65999651242852 31.369117900028385, 121.67193111349677 31.370514104568336, 121.68122871285908 31.379892011051652, 121.67946330054596 31.381612592760995, 121.67457101878975 31.384139526441274, 121.6800858165621 31.38482206445877, 121.69302462910088 31.37634380443461, 121.7042177795858 31.37185742601132, 121.69303175608503 31.3619150464155, 121.69135000060442 31.354854468032663, 121.70594706175639 31.34996674674603, 121.70852560087717 31.354906457455776, 121.72664798424569 31.349209336603252, 121.73355961598583 31.33717294785538, 121.73101458341029 31.333429358771237, 121.7437788329324 31.296669987518328, 121.74438093483373 31.296828518596904, 121.74952525013906 31.29129129252182, 121.7601643435053 31.283553252662326, 121.75781871331138 31.276467671459926, 121.75410164492261 31.278270321128346, 121.73488830635263 31.276294642218055, 121.74301987123762 31.28780399215509, 121.74003525368114 31.291791868037247, 121.73775594229218 31.29313202843662, 121.72383070555253 31.330864882070195, 121.71477694110027 31.330762254891837, 121.71319512688233 31.33190145072591, 121.69448718612219 31.31202496291408, 121.69016420303188 31.31301609069008, 121.70508867093379 31.336006349216333, 121.69970368650955 31.341696755223797, 121.70323404959434 31.344901657762435, 121.68903090112572 31.350614336805137, 121.68489714195213 31.34811805369446, 121.68242642472524 31.345152971810457, 121.65865870835003 31.357296386828942, 121.63507606086833 31.368591045774444, 121.63361244212949 31.369760986271984, 121.6177277506401 31.355105553354637, 121.61725562950508 31.354116871033174, 121.6075493352285 31.35666422438808, 121.60818041427879 31.358743713062868, 121.61549001474276 31.357419956308856, 121.62610492457097 31.373785688928212, 121.61957677635098 31.377013029433034, 121.61412895730452 31.37834440375631, 121.60902029179535 31.38173291668492, 121.56713970888204 31.378405897951822, 121.56688103019776 31.377937646085982, 121.55643348842668 31.381566415154154, 121.53017259801483 31.348209147592243, 121.5554109887593 31.329058457284187, 121.55695571299674 31.321251244188314, 121.56168078806992 31.30528729936124, 121.569685688659 31.284110063911427, 121.56593249476843 31.285005486326558, 121.55857813282518 31.304146065752402, 121.55306325458457 31.31199162590373, 121.55368821672793 31.32049263857028, 121.52700304437708 31.346813998702245, 121.51791710765448 31.351020168354363, 121.50217755785363 31.35519364081937, 121.49816699539008 31.35874742372574, 121.49701716779198 31.3808771763799, 121.49961618225251 31.38191773837594, 121.5120232531487 31.35757433840179))",3052.979892392025
56,25.776530131519742,119.8312489843637,76,anchorage,"POLYGON ((119.81278888596435 25.77905418020124, 119.8031056629284 25.789961197927486, 119.80917018096414 25.790217257665326, 119.81802228610735 25.786796403643432, 119.81778720818443 25.780968985887515, 119.82102286371148 25.779275071556103, 119.82509181111078 25.77514728354439, 119.82469169797378 25.77283096893191, 119.8276622404896 25.771787276043792, 119.82944528622282 25.77481325154094, 119.83350770026476 25.775358820394125, 119.83177772475005 25.778851309416265, 119.83331344066679 25.78109065733818, 119.83309149287976 25.781512332461972, 119.82715622000029 25.778840951814697, 119.82409350325577 25.780831955479773, 119.82085473255061 25.780711309736567, 119.81946122119659 25.78515799303482, 119.82288533134954 25.787357898484636, 119.83087879526161 25.786682729879377, 119.83405629547293 25.78755903391704, 119.83595245681737 25.78536309171988, 119.83778922700903 25.781470162757678, 119.83986539974819 25.779270638419767, 119.84533765987335 25.781652206975668, 119.8514351117184 25.779160443437735, 119.85860588785671 25.78860834796886, 119.8579893712484 25.78200480870624, 119.86436716945556 25.78084598212262, 119.87153820184253 25.776522744529117, 119.86082936517332 25.772728203561623, 119.85824507774801 25.770703563258397, 119.84759849557221 25.770415065357895, 119.84695434114957 25.771603731993526, 119.84202907520016 25.774678800640878, 119.83937789607157 25.77424676400256, 119.83849570669442 25.773697014744673, 119.84208812940531 25.77025048875432, 119.83765306976514 25.76503327611029, 119.83490025917472 25.765268759983805, 119.8316018900337 25.766583613022426, 119.82913653694735 25.764876324143117, 119.82836755120367 25.764926087277484, 119.83212490010926 25.758084006846904, 119.813368601544 25.75013735978451, 119.822343513775 25.766833921013063, 119.82155048619516 25.770228190203724, 119.81626886067166 25.76968571628428, 119.81754211679608 25.77390355844756, 119.81244752402431 25.77640846389625, 119.81278888596435 25.77905418020124))",15513.06390906762
57,25.959459971973146,119.80502874595906,50,anchorage,"POLYGON ((119.7723962809524 25.958468841222626, 119.76269419547086 25.947647698337754, 119.76036944491408 25.949271823347107, 119.77167470121313 25.962851545294033, 119.78327292529289 25.96851766756815, 119.78945811995101 25.97264107652085, 119.79561098990189 25.973331318422005, 119.80103658671817 25.98055569161418, 119.79954749763138 25.97139605080596, 119.80834228686004 25.976622771814974, 119.8159442213751 25.974059679212612, 119.82285070056506 25.974443360172014, 119.82890910825276 25.97949875549808, 119.84043504501476 25.98037327290472, 119.8526293171208 25.979111171432702, 119.84211542622951 25.97427429573634, 119.82965892398882 25.970738812798793, 119.82928811860172 25.967352676066607, 119.83530562350501 25.966756073887527, 119.84268615979538 25.963077918654953, 119.85493967641189 25.954667521260042, 119.83901334743364 25.95737269408311, 119.83980934616935 25.944258695738903, 119.82409260547585 25.948039132119774, 119.82068233072148 25.959653159637476, 119.81532372799926 25.96272782676668, 119.80471837277592 25.959299020264442, 119.81828246416916 25.956969659112207, 119.80212224015838 25.953394022945364, 119.79677398243048 25.955408842384614, 119.79403629186801 25.95345412581868, 119.7928735459447 25.951655001229277, 119.80295974839072 25.942082595884724, 119.80140617994651 25.94059089031225, 119.79130869530336 25.948129303480197, 119.78907523556738 25.94406531945698, 119.78140626258849 25.938033479756417, 119.76294736789262 25.92795812413569, 119.76739766513188 25.937431681355203, 119.77968287365168 25.943275789299754, 119.77804999823569 25.948884075642155, 119.78427750213017 25.953224051016907, 119.78154005781082 25.95525352316843, 119.7723962809524 25.958468841222626))",11850.490611728634
62,33.88413333398337,120.57143005914924,25,anchorage,"POLYGON ((120.55364983427596 33.89432712666923, 120.54130137102393 33.93766134151433, 120.56230248656739 33.944417511044755, 120.56882090200365 33.90984651410846, 120.56677938984826 33.90032012275999, 120.57300729459041 33.89204604145607, 120.56151968078682 33.887371026736645, 120.56169433512773 33.875816718672276, 120.57149121814086 33.874529636839306, 120.5825101422189 33.8793610546681, 120.58798049968402 33.88121578475769, 120.59207483416897 33.87674599185792, 120.5946522728146 33.87273551887342, 120.6307099715346 33.85374623786611, 120.59687895677945 33.83896578380872, 120.57667135613421 33.8650826240707, 120.57206869960322 33.860826186720274, 120.55142691100231 33.86391614855035, 120.5556354198352 33.87512341256227, 120.55534522236712 33.89103855866328, 120.55364983427596 33.89432712666923))",16287.00107443814
63,33.820989292558416,120.48092280459653,10,anchorage,"POLYGON ((120.48233469247126 33.81806270439986, 120.44209329119283 33.8117695234956, 120.44149918214427 33.814096024743, 120.48251640409607 33.82215040294496, 120.48508467039997 33.82432141081635, 120.49063261951136 33.824762772996834, 120.48233469247126 33.81806270439986))",3904.831460640917
64,35.96974277301985,120.39313530866922,68,anchorage,"POLYGON ((120.36111655881614 35.975970114876084, 120.35451204047565 36.001726519816515, 120.35676325217982 36.00221244539106, 120.36497218941693 35.98196006427113, 120.37120409953727 35.98001991990341, 120.37458543782272 35.981979976964176, 120.3787045698708 35.98647934834602, 120.38401995238434 35.981414021259404, 120.38869490998147 35.98067060485761, 120.39139789473342 35.97614420716077, 120.39703437191497 35.9787022207055, 120.41152816310831 35.97094029235628, 120.41462605564067 35.97171382624406, 120.41615777543039 35.97398651923478, 120.41670591221806 35.98829358679519, 120.42251221353855 35.98013921220712, 120.42729081112371 35.969958966038945, 120.42892329007601 35.969842347046026, 120.43225544218497 35.978697601821494, 120.43805742694241 35.97810675397425, 120.44407901405837 35.9755388757918, 120.44138507501256 35.96898476972612, 120.44228375770616 35.960094236905185, 120.43610174391299 35.963425072745736, 120.43715024817101 35.95357257382194, 120.42802539997861 35.95859231647675, 120.4241115343084 35.95723138068778, 120.42134734557371 35.95391105539584, 120.41050836406916 35.94926338695941, 120.38697301274311 35.95081178538367, 120.4044493062764 35.95578088918128, 120.40873318877584 35.95833351798475, 120.39373038793984 35.968326098000034, 120.38868548557649 35.96420333899136, 120.3825140273986 35.96777585835925, 120.38112222270216 35.965477996383015, 120.38150504801109 35.9609668888523, 120.37087797869495 35.95653291175056, 120.37307891317585 35.961248850520725, 120.37305061971621 35.963793825620805, 120.37065640456332 35.964596261013675, 120.36284060546737 35.961016880103166, 120.3661226746434 35.966974636427786, 120.360490053042 35.972011639842044, 120.36171942789028 35.97461031610742, 120.36395264927071 35.97469491783158, 120.36236982351855 35.976892993924515, 120.36111655881614 35.975970114876084))",10063.902996728344
66,29.949489902917215,122.1133507684824,456,anchorage,"POLYGON ((121.88483384940888 29.93115051044324, 121.92404514215964 29.91693548239713, 121.92257022804226 29.920180927950437, 121.92703619566336 29.918300477241765, 121.92733378389532 29.917722463087046, 121.94936862558151 29.949553252994807, 121.9663597385833 29.954104326466254, 121.98352997104455 29.980613248713194, 121.9817136888239 29.982401073574863, 121.97949796229851 29.987165543814104, 121.97848636329114 29.991106137715832, 121.97875651195841 29.996150495266384, 121.98533023819392 30.008355182809918, 121.985053466543 30.02951948634327, 121.97309868328361 30.05930974356317, 121.94752829742411 30.08308071613547, 121.95114930254313 30.11242295590589, 121.97505472867516 30.11248910855008, 121.9843860564747 30.10370717660437, 121.98675302494571 30.095235750482523, 121.98573291510809 30.094108861235682, 121.9538759825009 30.086378288319523, 121.95412822541465 30.08580199292382, 121.95226612942922 30.083962238754854, 121.97599856187676 30.06078671337318, 121.9825705911678 30.048845279820966, 122.00025429051617 30.03120272847466, 122.00355822612929 30.009237290783638, 122.04505819318203 29.999845761133486, 122.07072068932067 30.00377815092449, 122.0727703123768 30.003507734945405, 122.08144904103533 29.997903156506197, 122.08174089900957 29.99613347329519, 122.06559489779825 29.97862878045569, 122.10155118781525 29.954537742265742, 122.13070014131996 29.989495357321577, 122.15258711850069 29.97264077139293, 122.15307923858256 29.971047307457827, 122.19417902499707 29.94192887940408, 122.21721249555569 29.933647725928612, 122.24684187845844 29.946069587193577, 122.26484265711001 29.929083772846248, 122.2727803205868 29.926344018227166, 122.27474076574761 29.923154660576373, 122.274295751314 29.904473597084646, 122.2571327725589 29.899317542270705, 122.2432615279783 29.89860983167154, 122.2242949549047 29.87609517444122, 122.21979698887003 29.87373413399938, 122.20639775021586 29.8776211520506, 122.19359876606637 29.90205826442036, 122.18704061452159 29.919806545048683, 122.13991420324267 29.9449715086586, 122.10210690934038 29.946660128172283, 122.0987055196377 29.946125569244096, 122.06152225834897 29.976049927883892, 122.04820385543111 29.979028653122047, 122.00955249256566 29.981990614879503, 122.00065237357936 29.97779147521311, 121.99714791581295 29.97777957637029, 121.989305813471 29.976344212772137, 121.97240250352377 29.948594864358768, 122.00082166584109 29.920904581718688, 121.99635385295426 29.899449127586884, 122.01048629006094 29.89170446000429, 121.9995365622844 29.889508846466978, 121.96952512366826 29.888717275435077, 121.81742803840987 29.95181352647697, 121.8187912973879 29.954302664043986, 121.82840813056296 29.950382740591227, 121.85741845826739 29.94128658856857, 121.88741408276974 29.936057327616588, 121.88914148626675 29.934736813959915, 121.88483384940888 29.93115051044324))",5526.5414653791195
69,38.88920244463513,122.00283519714074,43,anchorage,"POLYGON ((121.96472333041808 38.8920476474342, 121.96027463800363 38.915725415939264, 121.98820286661666 38.923503185035784, 121.9835697262057 38.94104576404624, 121.986618355692 38.94155082722158, 121.99164681898725 38.923817355172396, 121.99759308989918 38.921565679302354, 122.00523013815157 38.92298331082258, 122.00183329632415 38.943469838884965, 122.02276896474632 38.941867706905576, 122.05115618994489 38.935899934148054, 122.05226091627092 38.93934445015941, 122.0558534083842 38.93079476435548, 122.06846874381273 38.91372358015582, 122.06581550836427 38.91250994145072, 122.05377562939371 38.928097345953105, 122.0402667792921 38.920435373295064, 122.017447671936 38.92273415114676, 122.01594500583346 38.91863716122573, 121.99770253916587 38.91867293825994, 121.9756309380332 38.9003067316249, 121.97428747257679 38.88430450892693, 121.98020799674605 38.87989070756059, 121.98752241050765 38.87903660774178, 122.0068591411211 38.8887711597316, 122.02852767607165 38.87472187434048, 122.0454598218103 38.86801992438047, 122.03941140179762 38.85439568934985, 122.0501230998244 38.85226777212786, 122.03688065041241 38.84363193458164, 122.02319723262741 38.83826159048293, 122.03552354691162 38.80999277353144, 122.03464343695855 38.80964651146546, 122.01016099656994 38.83707475522772, 121.99129169223912 38.86514396858845, 121.98733226752697 38.86708912322527, 121.98176190914656 38.84742629163405, 121.96081640407165 38.83590237247275, 121.9657871828256 38.8450785769868, 121.9641945206678 38.8573081661, 121.97210111528626 38.86837159644836, 121.96263901818438 38.865986622401046, 121.96182892696747 38.87475216830967, 121.97004533600875 38.876683587272964, 121.96472333041808 38.8920476474342))",16564.62589855577
70,30.390523561673803,122.44848188888459,284,anchorage,"POLYGON ((122.35180052004047 30.378829830630437, 122.30274805739106 30.39132274003713, 122.30280701822247 30.39175530074657, 122.35286775164282 30.39404618246473, 122.35236328599171 30.402839711368227, 122.35713414331818 30.405298614062026, 122.3796201369228 30.407153809924132, 122.38827490710771 30.406010232602345, 122.41742479493311 30.405902646777054, 122.43799916438088 30.399700477008963, 122.45152037917133 30.417228587164697, 122.49077142140229 30.458436974901954, 122.4803196097091 30.463067687518443, 122.48057843098553 30.463732135239123, 122.49190062898725 30.462025983266074, 122.50300738011524 30.454165844422427, 122.52062424014194 30.4185841219025, 122.53123196505985 30.418607838616023, 122.55564085959497 30.41629877418226, 122.56854170452115 30.416617737491745, 122.56870029403407 30.403456191475968, 122.5619925745514 30.401793618092054, 122.5575510755073 30.40131908080792, 122.54182204492881 30.404684988445055, 122.53067612270635 30.39991845375004, 122.51874896024115 30.40291643604583, 122.51772755794397 30.404765792215567, 122.51829085813112 30.41085360288627, 122.49897449209762 30.392209184386704, 122.46646489767167 30.377331297720303, 122.4341480322234 30.39146103423533, 122.42795121994274 30.3893643334836, 122.41257391558487 30.38686898394398, 122.4242399853396 30.360839296710623, 122.43336534362646 30.36870995632412, 122.43598311954446 30.35520190640939, 122.45249256772419 30.362651056881784, 122.46473270772744 30.34580558761318, 122.46847848019183 30.345598144797645, 122.4693192271548 30.34242667769921, 122.48067822809509 30.337177855063192, 122.4881297310251 30.345352823629227, 122.49085887227248 30.345741169108194, 122.50473756996442 30.349753293812434, 122.51157124238021 30.357888055333962, 122.52048015089282 30.3461327340387, 122.53755844968127 30.34603894111393, 122.57380412002873 30.315685162806993, 122.5732392438482 30.31501444237614, 122.55341962340985 30.324073746207517, 122.52967521479641 30.338407507897067, 122.5192768887241 30.32971061037856, 122.51613244067545 30.328388220909428, 122.50227736590229 30.331257032033033, 122.49368267033731 30.328136663295645, 122.48876231921516 30.327395057387708, 122.48152883295323 30.32924479758438, 122.46247812853618 30.33113397031876, 122.45429030282726 30.339472624001257, 122.44250732612024 30.347510739990724, 122.42720390810037 30.35213222796271, 122.41730310511966 30.351268137186118, 122.36793307094916 30.332801972828847, 122.39401856945193 30.37559018700643, 122.38703488925026 30.389214384715284, 122.38458454915066 30.38973159287682, 122.38012529346841 30.389673087585106, 122.37117042492042 30.384443279725318, 122.35180052004047 30.378829830630437))",4232.454465273122
74,31.628582288767465,121.27779034278534,58,anchorage,"POLYGON ((121.23740783122923 31.65760237151346, 121.23113289997491 31.66373948091533, 121.25645146208208 31.662162035192203, 121.25664314892146 31.660490190331643, 121.26700491565727 31.66751603532325, 121.2711464902203 31.65855338092931, 121.28677559243211 31.648453428735216, 121.28659007738803 31.639044330783097, 121.29057801247325 31.632075818669353, 121.29183193442636 31.627934761336228, 121.30185214510742 31.616865123094705, 121.32217670530498 31.596964501153373, 121.3337824161383 31.587269254375627, 121.3355763881406 31.582001149289518, 121.32106438854899 31.574088325541002, 121.31986965208574 31.575434924652498, 121.32790176448344 31.581628152513012, 121.32054430218918 31.593689474949358, 121.30788153492358 31.595229167303, 121.28016432438686 31.592523783388717, 121.27702987774212 31.592586485505308, 121.27360507250825 31.59710312860314, 121.29166731670003 31.61925657617805, 121.28560049936326 31.629323211730497, 121.28441410322225 31.63457909474955, 121.28235440082621 31.636994010305635, 121.28041266257777 31.641712103903973, 121.26286627221528 31.64563832772155, 121.26442768869404 31.639849199663658, 121.25637403011844 31.63565273192358, 121.25161435392255 31.64217922573963, 121.24966102255016 31.641777074140975, 121.24305598156181 31.645909607821064, 121.24141314143402 31.648126694335357, 121.22302591249681 31.64190850301014, 121.22041084308496 31.64408165239602, 121.2383262479688 31.65204554920157, 121.23740783122923 31.65760237151346))",5207.150882938405
76,23.519637308927493,116.39105263241856,84,anchorage,"POLYGON ((116.36945523326277 23.523422154121352, 116.36104341973014 23.524121301320346, 116.36892074727228 23.526855041581367, 116.38367882330498 23.526359141878334, 116.39124820904705 23.520170522313894, 116.40432036848318 23.518266921641462, 116.40580142915766 23.518425008825872, 116.43800589054167 23.551010513798836, 116.44844316736243 23.537093205736834, 116.41205318384236 23.513878290574112, 116.41211605956839 23.511818028414975, 116.40663376260984 23.514081683668397, 116.41150442078728 23.495534487462017, 116.41087302688436 23.49320331608408, 116.382165727551 23.503631420399586, 116.38089385502376 23.50694109974791, 116.38186927920225 23.507047810619373, 116.38498625486643 23.52138969156237, 116.38272513982606 23.523318141032995, 116.36945523326277 23.523422154121352))",19156.986741325545
78,40.68554992505394,122.00267724886135,28,anchorage,"POLYGON ((121.99192066835991 40.69026652481616, 121.99450648249862 40.69301730052093, 121.99511888211997 40.6910459463645, 122.00400690523172 40.69037398479194, 122.00377367403732 40.689576788883215, 122.01057103533545 40.68616399719034, 122.01418563064041 40.6858376876443, 122.01591600410093 40.68470843421485, 122.0191672212585 40.678779480247776, 122.01868092640997 40.678548344844295, 122.01360853811823 40.682884981218905, 122.00940900592538 40.68307991759067, 122.00830328662805 40.68187004924459, 122.00141532644513 40.6773404961845, 121.9998355020702 40.67856373741904, 122.00604546806385 40.683930585940125, 122.00060540164836 40.685193298571456, 121.99509344971466 40.678986877532274, 121.99231850366152 40.67316944552065, 121.99045719168424 40.688277967553134, 121.99192066835991 40.69026652481616))",10163.739414440886
79,39.991677144345,120.04580999985224,28,anchorage,"POLYGON ((120.01055645093953 39.98323659571979, 120.00585938390712 39.98669316406661, 120.01748697642216 39.985886106400436, 120.02057136892277 39.9848077606648, 120.02147238799796 39.99555751756829, 120.03085973282741 39.98890393316252, 120.03672491080685 39.99738276840179, 120.03953719631248 39.996934072979364, 120.0684666562682 40.00449299239228, 120.07202402319635 40.00720144950773, 120.06006537662225 40.01777949166012, 120.07312939172415 40.020533537799196, 120.0764367736484 40.02163836822467, 120.07678174890832 40.01895372584721, 120.07954977464937 40.01035496347008, 120.07791394613184 40.00580943766478, 120.07398707864898 40.00347500444446, 120.07193387535654 39.98986367045302, 120.06842279181355 39.997499366429615, 120.04082623182707 39.99099039563598, 120.0359423273138 39.98260924547122, 120.02686235560881 39.981558315278875, 120.03639509692363 39.97636737143879, 120.04001014430882 39.94642725545222, 120.01188057447943 39.942487570206936, 120.02304887843863 39.94992204383245, 120.00483790942812 39.97957447731053, 120.01055645093953 39.98323659571979))",12334.828216295684
80,29.07216069189847,121.67644164311558,124,anchorage,"POLYGON ((121.61754425456358 29.131551875745703, 121.61982985648476 29.137810533997357, 121.6247378274177 29.112791816962137, 121.66640229991133 29.112445278265223, 121.69625079388231 29.08094597287797, 121.70595257933586 29.074186048262295, 121.71270181549596 29.07229643341659, 121.71387695467854 29.063221017047784, 121.7694176836087 29.04559499552889, 121.77554156264785 29.04776085617348, 121.7729918346035 29.030222579728353, 121.76259806550215 29.03465508489488, 121.75857970780412 29.027887922521316, 121.71503406476074 29.017647721356493, 121.71620506386476 29.015194087319315, 121.71156192576802 29.0175027221049, 121.71103734582427 29.018286924230743, 121.71172362869885 29.05451799380429, 121.71068073271444 29.05592973660758, 121.7096500185631 29.059544038341087, 121.7032755274768 29.06419898960707, 121.69975445748372 29.06481439504161, 121.68612313422834 29.07848176204032, 121.65016439149707 29.0557652831906, 121.64487176926121 29.045980038159318, 121.63939874467782 29.04189882538923, 121.62524999620055 29.03671210201493, 121.61887204688269 29.036605167019612, 121.63229105455444 29.046678488107805, 121.63521358034066 29.04939601129292, 121.64103217880056 29.049727982265374, 121.64668776438965 29.05779672098281, 121.67483789375137 29.092356283524524, 121.67098633484164 29.09704903477129, 121.62272257378734 29.109813108306067, 121.62112606034842 29.110905917527013, 121.60548675420611 29.112430434766583, 121.60668785258135 29.11511604578333, 121.6201391384869 29.114426693377712, 121.61754425456358 29.131551875745703))",4388.098028775153
82,26.633734224005302,119.83108607563769,13,anchorage,"POLYGON ((119.8233503075068 26.637218636264084, 119.81682978914203 26.64002733602608, 119.81947844498107 26.644597936011113, 119.82826077360761 26.642011779449536, 119.82858303020608 26.63732530797131, 119.84259897901514 26.63275892449187, 119.84851569994785 26.62834409911241, 119.83901113012345 26.624160297976854, 119.83794954530526 26.620355369415698, 119.83078509296082 26.62871498066555, 119.82483722618292 26.633872531277536, 119.8233503075068 26.637218636264084))",3788.3943290108787
86,37.36964170533099,118.99513440289313,16,anchorage,"POLYGON ((118.99274463018939 37.36735882101137, 118.98457157649578 37.36443201759845, 118.98404398700237 37.36509600125191, 118.99140410205793 37.3700553097246, 118.9992036074389 37.372310554076996, 119.00810768733726 37.373323246778455, 119.00851947722279 37.371937546811374, 118.99274463018939 37.36735882101137))",5493.176796211364
87,28.681022343815926,121.77915370313723,77,anchorage,"POLYGON ((121.74536269778766 28.672230263319296, 121.73396711662859 28.670552133898653, 121.72988639111898 28.680294283987347, 121.74455352631732 28.687482170994937, 121.74281829762332 28.688660341835657, 121.74001098965007 28.69436911735465, 121.75032593481548 28.687114980735217, 121.75073825458233 28.676380087289154, 121.75462384288879 28.67398186242877, 121.75216303439552 28.657383050598483, 121.76350160836073 28.6598899931791, 121.7642869345529 28.660946268009408, 121.77178380892789 28.66003651962559, 121.8116309051659 28.669150399051716, 121.79238297973892 28.714357252815265, 121.78812382478652 28.71637987284463, 121.78754436345788 28.718470719490124, 121.7908726205186 28.72642220373022, 121.79897872376311 28.728509922721084, 121.80214815406052 28.72855529519235, 121.80728751196607 28.721790372755372, 121.80088322442641 28.716566615435752, 121.82339804958055 28.679408211529612, 121.83047202060118 28.674092163365387, 121.85070587313945 28.677801148961805, 121.87079873838394 28.678069282521562, 121.87098350379182 28.676749775380095, 121.84891332960797 28.67223094742709, 121.8525617688818 28.655521134794018, 121.89471894373483 28.629164604030517, 121.86310765999535 28.63250873768008, 121.81502683845943 28.65789784779418, 121.7749413204145 28.654999995967557, 121.7734329890852 28.647737291919817, 121.76497190428528 28.64663375333647, 121.75745830000534 28.643081031948984, 121.75337948084916 28.64636299971297, 121.74280679319986 28.64631407174617, 121.74536269778766 28.672230263319296))",18889.1546328641
88,30.133030438844422,122.23233274834543,10,anchorage,"POLYGON ((122.23830882696643 30.145594266196202, 122.23770803409465 30.161555405950452, 122.27028300631514 30.15859768684264, 122.28972640712877 30.171962709802127, 122.29092810357594 30.170880546919143, 122.25824351310841 30.138166362110585, 122.20893528843371 30.110813702633788, 122.19932817411176 30.11173958386363, 122.23830882696643 30.145594266196202))",5126.729142023787
89,39.09122690785184,118.52542909187083,76,anchorage,"POLYGON ((118.49276172276569 39.083227678592394, 118.49977710882048 39.08059635875859, 118.49990264790803 39.07967673199616, 118.52179719923168 39.04569242823567, 118.52058041186957 39.04426445836509, 118.51637695741671 39.04416755329321, 118.51801711259523 39.045815854368996, 118.49556662852667 39.078413691494205, 118.48855057458552 39.08215740236369, 118.501233601366 39.103168801494704, 118.50203003326573 39.10377574876347, 118.50409669542792 39.10371000013697, 118.52983017954587 39.10971364171729, 118.53265170684564 39.116515713592754, 118.53688650808573 39.11604501837397, 118.53623033685673 39.11394790429931, 118.54932454681577 39.11198052522583, 118.57177624522201 39.103271332568966, 118.57111997292753 39.10052244320096, 118.5486706735685 39.10914581337102, 118.53262186910082 39.10829865363777, 118.53118783206358 39.10581561277753, 118.53025646586711 39.10707175073974, 118.5073257197157 39.10036126415588, 118.50156932787515 39.09780744801538, 118.49276172276569 39.083227678592394))",3746.679696465846
90,21.366488525115578,111.16869349502397,17,anchorage,"POLYGON ((111.13156666616153 21.39175436896245, 111.13083487360501 21.395233749917182, 111.13875387622853 21.39692348451256, 111.13904361222933 21.391436032686386, 111.1382575664 21.38400226914708, 111.14698590302851 21.37522008623191, 111.14937245496779 21.369560319229713, 111.18372787489388 21.33770400731453, 111.21439621683484 21.344136051205325, 111.22830467357315 21.35437132100989, 111.24178799208038 21.348941709101307, 111.23806559858845 21.341042800488697, 111.21216863085766 21.32679508339324, 111.17799821934966 21.33348614504947, 111.12931749013748 21.371399887641164, 111.13364636053211 21.38335695276603, 111.13156666616153 21.39175436896245))",12198.929591082726
94,21.533637103206793,111.80135520251088,19,anchorage,"POLYGON ((111.77522516837196 21.494068663220823, 111.72040211230893 21.49147948709458, 111.7600027097343 21.53776358843157, 111.8076716357607 21.551474164871262, 111.8065297406717 21.544360846654957, 111.8147793107147 21.545284878210477, 111.82379124304778 21.5493988609301, 111.83596557769569 21.543198885958283, 111.83891301664211 21.538370625754073, 111.82111402288274 21.537513421896854, 111.8117193539572 21.534146473581995, 111.8147715383372 21.530703456090567, 111.81493948800986 21.523970838032906, 111.80324180917204 21.527108967900084, 111.80320308380232 21.53297283056467, 111.79690568424334 21.541054979236183, 111.79735112567073 21.541650045278303, 111.77677540847698 21.538122753879865, 111.77522516837196 21.494068663220823))",3910.293303647419
95,24.33352505918574,118.2559265910159,68,anchorage,"POLYGON ((118.12998218946665 24.309363103640198, 118.17038317073502 24.359083124266327, 118.1778008629308 24.36508782636845, 118.19836326246951 24.362451144378507, 118.2171128690083 24.36168595222756, 118.19679008552947 24.338693951850352, 118.22827524188345 24.33351423692807, 118.23152152435802 24.33942166942598, 118.23836702396217 24.33685709890069, 118.2560773982481 24.339171716207854, 118.2630450339887 24.332000047944888, 118.25965263760236 24.328439170261845, 118.28383094549181 24.320897517826857, 118.30086298413262 24.323355817146496, 118.30377306815011 24.327224273114744, 118.32462753543253 24.376340825939998, 118.3623336956372 24.38548448606552, 118.38977188639298 24.41281752174756, 118.41486947752601 24.402487674028148, 118.38875475757965 24.380149472235725, 118.36931711864673 24.373405105212765, 118.38028193527178 24.342767344517103, 118.37428454832344 24.340258200967988, 118.35372460197244 24.36490904337409, 118.33939762630506 24.34652970244155, 118.31798236535788 24.315356323221323, 118.32378510401017 24.296693134855875, 118.31304489616626 24.24625117594062, 118.28661836290222 24.301728031648427, 118.27958942558384 24.30864534016152, 118.25646596420003 24.325672593860972, 118.25225731714826 24.323421223241954, 118.23626115045151 24.3129362027253, 118.23429263508372 24.305146781836406, 118.23047625867609 24.302975264575743, 118.2208646079825 24.31017909250428, 118.21258402863249 24.322311793224195, 118.19298392799902 24.332207217015682, 118.18895037105852 24.337151864800774, 118.16877512010944 24.3108192697351, 118.12976773638863 24.30707642052726, 118.12998218946665 24.309363103640198))",8834.044541679801
96,24.52945531650208,118.52229849360855,27,anchorage,"POLYGON ((118.5004875285491 24.54673298524109, 118.48411775564618 24.55798576578663, 118.48517709192502 24.55949422363774, 118.51256639790019 24.546170942489585, 118.5146634969283 24.539985960326476, 118.51614273768965 24.54064513385238, 118.520119672588 24.535623668193836, 118.52603821948973 24.535739785042882, 118.53235620267671 24.53254686892266, 118.52556151971855 24.530953160865916, 118.53224395598063 24.526799183524876, 118.5638777842087 24.517617813242357, 118.53757318865661 24.502587851078225, 118.53541448648967 24.499407490366266, 118.52138599066257 24.490041078711858, 118.53047215206885 24.507970185282804, 118.51960360900794 24.530888328353168, 118.50775356403379 24.537142957838643, 118.50611730044861 24.544108808187683, 118.5004875285491 24.54673298524109))",3246.3379442024448
98,21.974019632540053,113.65722027998322,8,anchorage,"POLYGON ((113.65143717981003 21.965719787067723, 113.64783977401235 21.993332548631447, 113.65735518300326 21.99671010996761, 113.67721428336189 21.96605374684809, 113.6644216973275 21.960139593038182, 113.65434758474176 21.957222445661845, 113.64665651406148 21.95590017191401, 113.65143717981003 21.965719787067723))",9199.690165946318
99,40.7024022289697,121.11209722760528,48,anchorage,"POLYGON ((121.08359771993473 40.7082014835653, 121.0863537626054 40.7122278317894, 121.09765601667819 40.71500969103348, 121.10108768597254 40.716706064909594, 121.10557888821356 40.71556624390446, 121.10639885079858 40.71483777111685, 121.1055028524249 40.71839347273639, 121.11427100675014 40.72350469517466, 121.12038379106065 40.71411798376049, 121.12445166459811 40.71458762391263, 121.14583386789558 40.72254204955834, 121.1467836631213 40.721349786028206, 121.12571401851953 40.70970425917651, 121.11906630014609 40.70530246000312, 121.11850483785834 40.703832056523154, 121.11973535105501 40.70257337599405, 121.12356605039014 40.704947344233055, 121.13800918042436 40.69721308243948, 121.12022906737604 40.69882429739089, 121.11767157283126 40.69678135257567, 121.11817513016359 40.695786965712706, 121.11962443905111 40.69531257906211, 121.12161755402065 40.69295944705874, 121.1347145388365 40.689207502934465, 121.12641477077896 40.68016368523849, 121.12225135688037 40.68505542091288, 121.1135758283043 40.687719444300136, 121.10760265554309 40.688125032652, 121.09443875190317 40.69639960664563, 121.1091540177988 40.695091921770064, 121.10667641398673 40.69934710186139, 121.11260708013988 40.69848326809961, 121.11117098317746 40.70080126222603, 121.11114805832047 40.702265344156544, 121.10355039752083 40.702177345006184, 121.09836163417965 40.70912077593821, 121.09170083300967 40.700887240978425, 121.088918572838 40.69926358842912, 121.08359771993473 40.7082014835653))",10469.502070198923
100,19.998609223294274,110.02460517535044,53,anchorage,"POLYGON ((110.01374393083977 19.95377120562728, 110.03337884959282 19.964524398267393, 110.0269367206319 20.005521198671005, 110.01997102393706 20.00639184006983, 110.02406546731972 20.01265847747057, 110.01809039872984 20.02113691776306, 110.02388079545895 20.02090800870346, 110.02813271292523 20.02515781453766, 110.02929656445552 20.030564251875973, 110.01564483761456 20.026612472216904, 110.02408715905501 20.0357822849471, 110.0203090792872 20.04612986772401, 110.03163325919553 20.04580187369905, 110.036210715287 20.0451635138808, 110.04012674541453 20.037367798777936, 110.03638549502375 20.03358442189456, 110.03618053526334 20.02712448656373, 110.03888140293799 20.019416363817903, 110.03595557054953 20.016655225851185, 110.03358294336284 20.018539871118236, 110.02952388337003 20.018151928879632, 110.02945580585553 20.0126139991072, 110.0326147295476 20.00877755123868, 110.03718872815003 20.00674733040421, 110.03704837575951 19.96563362255435, 110.0461045070761 19.96740643419274, 110.04643225814705 19.96655398251949, 110.01220570035852 19.949439293067755, 110.01079628355467 19.952127814884427, 110.00119051553445 19.96363196758422, 110.01077699301018 19.959529185889174, 110.01374393083977 19.95377120562728))",3860.0343120980797
101,22.444095207213465,113.03553181974011,18,anchorage,"POLYGON ((113.01740172859522 22.44363506390272, 113.00405631945212 22.442415972304904, 113.00369772799063 22.44473038225858, 113.03035584217528 22.44947031082352, 113.04564094029058 22.445100035955413, 113.06580790181825 22.430128572493615, 113.0645274014444 22.42844884899009, 113.04170782493684 22.441410203049422, 113.03980931182353 22.440795708337838, 113.01740172859522 22.44363506390272))",14831.77416382917
103,38.32538310444974,117.87290907484449,100,anchorage,"POLYGON ((117.83775531919795 38.32710157374053, 117.82528052040018 38.324447454549635, 117.82454772192247 38.32617176068474, 117.83483789019114 38.329384621022484, 117.83850452731775 38.3311106791319, 117.87302878766639 38.353854235295756, 117.87468539097199 38.35242156499728, 117.86785267767718 38.347075709210564, 117.86079368761135 38.34241456449411, 117.87496128714737 38.32911417608422, 117.87901269964723 38.33146388801344, 117.88056253727788 38.329723784807896, 117.8810908839923 38.328671514325805, 117.87442629792672 38.32412014352108, 117.87586897893847 38.322726585121345, 117.88013426333919 38.326992027381785, 117.88324968086289 38.32321725725294, 117.88574040740505 38.32246433057546, 117.88912470275042 38.32340768170338, 117.89312880103193 38.319249332494536, 117.88401808499377 38.31827658456607, 117.88056878173663 38.31583562547987, 117.8790093012057 38.31544526232467, 117.87480205314486 38.31632956620899, 117.87495183858543 38.31867508878912, 117.8721093750971 38.31975970732519, 117.87076476763029 38.32322663469122, 117.84063990400718 38.32889990355619, 117.83775531919795 38.32710157374053))",8423.864409995154
105,22.72426235581132,115.63783106318478,183,anchorage,"POLYGON ((115.58283785336741 22.767242562922856, 115.58028409645914 22.77821874031927, 115.59356536555282 22.776151722230946, 115.5991253490411 22.780669873932137, 115.62236554413577 22.805490349567187, 115.62376854579666 22.804571009091074, 115.60856611023712 22.78030723231582, 115.62390025054769 22.772231943201998, 115.62614671234707 22.764288960639327, 115.63378196213638 22.758311244599714, 115.6397150401047 22.759635106923493, 115.63530593457621 22.770583961673136, 115.64604957853395 22.76437210990483, 115.6493664808088 22.75419910078481, 115.63786974393999 22.75127843722696, 115.62763120352398 22.751336285016247, 115.62797511641837 22.743199921241764, 115.63207417240997 22.743489321735527, 115.63612420569176 22.741927658573957, 115.64182114946216 22.740683730717834, 115.64371112342583 22.739259956554413, 115.65204613800123 22.737101738801858, 115.6586980993638 22.743160544160546, 115.66022819531027 22.74028018588628, 115.66772916392162 22.757464993485545, 115.66619557130744 22.766538671596276, 115.68002387579672 22.7772726285338, 115.73544947108086 22.768720288991997, 115.70118850823003 22.725858886852702, 115.7254666426676 22.71656576641738, 115.7122127476486 22.705812062407464, 115.71241108810604 22.69017734300288, 115.69768002748823 22.68806876764335, 115.68391205165237 22.68058502888092, 115.67746563134115 22.675559430302744, 115.66963056644902 22.677073590902232, 115.66440700881843 22.673976321632054, 115.66121617674789 22.666453226467297, 115.6754346150935 22.660458801265683, 115.66159418342711 22.638850813071485, 115.65590598335305 22.66135489476283, 115.629936790879 22.68059974454653, 115.63184276442824 22.682887573537645, 115.64987109763479 22.670274591849104, 115.65475483792464 22.673649600785136, 115.65076628148005 22.68188586495475, 115.65479378468235 22.68519456265487, 115.64626822137188 22.691553254196272, 115.64146594224357 22.69231278769519, 115.63926260591418 22.692065711846038, 115.63112505754602 22.693586822459174, 115.62699258618808 22.692098586311772, 115.6257667714282 22.695372734746336, 115.62575705071143 22.705487707998593, 115.6266651578694 22.714204988772693, 115.63161500613397 22.70348280926991, 115.638598479484 22.699274620379818, 115.64926316874593 22.699644653271314, 115.65096638238019 22.695292539213085, 115.66068591838219 22.689934961660484, 115.66198547948197 22.69069864907904, 115.67283608438136 22.689926514690615, 115.67658861006794 22.691144033957222, 115.6670560732367 22.729549715742156, 115.65740471025164 22.728809052079068, 115.64829432543408 22.728911578465688, 115.6396916043169 22.727119539299018, 115.63204060195868 22.729618863294025, 115.62750488692745 22.725774300442225, 115.62069515490163 22.73461930148623, 115.62350037206379 22.737799875711616, 115.6201091937577 22.746948674862, 115.6211701916261 22.75300565767987, 115.61951608561786 22.760786999776318, 115.61276570754605 22.769183915267522, 115.60386159753666 22.774929263937626, 115.59944371000728 22.771195581615096, 115.59697875003621 22.7650837622, 115.58832704567553 22.759079825988618, 115.5821292678704 22.76032696540408, 115.58283785336741 22.767242562922856))",5538.569840233728
106,22.086417237462356,113.89294401160123,52,anchorage,"POLYGON ((113.87570004707351 22.08595240005968, 113.87860643403043 22.086531926881456, 113.87915251052848 22.08962345246333, 113.8692785811732 22.102944038828223, 113.87983368292846 22.10455179328566, 113.88713099773584 22.09568076344463, 113.89344787048113 22.099571238180754, 113.90293031284513 22.100449108047012, 113.90970878447598 22.099914560676254, 113.91934016611388 22.104353530469197, 113.91978325935348 22.103772719397217, 113.9123374924562 22.097096992813427, 113.91317020617134 22.09539027236796, 113.91339584738323 22.092277772856395, 113.91537412601129 22.08896446244248, 113.9156997850487 22.086667399155516, 113.91449868087749 22.068750876865412, 113.90829188186507 22.085420987012657, 113.9085371883973 22.08671995987924, 113.90663245128846 22.08650513338264, 113.90553082893456 22.085586993274866, 113.89768751443772 22.08402667203339, 113.89703460036941 22.088842721383894, 113.90671628473497 22.091911194162446, 113.90561443951864 22.09537250231687, 113.90111296294887 22.09459891399423, 113.89787070990522 22.095251361370615, 113.8935287107624 22.094760441262, 113.88986340901785 22.08668332989164, 113.8844657447785 22.08608856511907, 113.89269898771902 22.08306739560238, 113.89086070944329 22.08109384417422, 113.89493502330201 22.07310594256226, 113.88984862009907 22.071153115254713, 113.88249607571022 22.07031809062355, 113.87528693768878 22.068700091651653, 113.87311379505816 22.066624779413832, 113.88385576472396 22.059351726335777, 113.88229894890257 22.057247705109198, 113.86795543648608 22.065792059531752, 113.87134331618276 22.07250417158402, 113.87109062651625 22.07723394542016, 113.8696977519419 22.07765433474757, 113.87078388696797 22.087319600667914, 113.87621539070686 22.08708760615518, 113.87570004707351 22.08595240005968))",16996.61892654323
107,21.717019098534887,108.61155413184547,36,anchorage,"POLYGON ((108.57761369871403 21.731779471557076, 108.57437139339619 21.73926281496234, 108.57576276177967 21.739945571874177, 108.58326639969806 21.729440242779656, 108.58338823884228 21.728272737383733, 108.59206024241803 21.727006334226928, 108.59420430060756 21.731831354908405, 108.59513302626435 21.732135006256694, 108.63176597015136 21.733442621851044, 108.63230246004862 21.7372301051922, 108.64666024885656 21.726134539680615, 108.6369392278626 21.697094241589248, 108.66616387289899 21.643811697516334, 108.66442386308297 21.64282919753888, 108.63400754603124 21.682391064838598, 108.63311951574138 21.692526166216908, 108.63376222984635 21.698906066923808, 108.63173093306743 21.729045886911496, 108.59355381154909 21.723476392524667, 108.58688459780595 21.719114120962868, 108.599554937636 21.706316504839407, 108.58721058036375 21.703483981869294, 108.57761369871403 21.731779471557076))",3089.0306925133937
114,37.679879193255914,120.16002526327858,39,anchorage,"POLYGON ((120.12794084288173 37.70182620414471, 120.1174582829851 37.72157551575722, 120.11816414920563 37.72191595449447, 120.12997964680982 37.71076408137983, 120.14520139165835 37.72667831827809, 120.16083130462223 37.72257644202976, 120.15998218816773 37.72039549354274, 120.14968800953967 37.722711586937756, 120.14617270183136 37.70884135105011, 120.14161620043852 37.703521235072735, 120.14880829258142 37.694305853755644, 120.16088760421445 37.69652676334995, 120.18148018168807 37.72004138699952, 120.18352030923946 37.71904299313718, 120.16694598855561 37.69516397397601, 120.16759546787175 37.691689669571325, 120.16450602831046 37.68633015800229, 120.17449538473564 37.67881238683955, 120.18835018817296 37.67499280709238, 120.18048031092113 37.67077555153407, 120.20060848445368 37.663929870921464, 120.19861330199997 37.65297082958957, 120.21182202567798 37.64693020875365, 120.21907813581258 37.60296987215512, 120.21820037707599 37.60277389554507, 120.19252385534075 37.648387759198165, 120.17721838438752 37.65347548548915, 120.16344671880557 37.66242474255284, 120.16116348087935 37.66090383715052, 120.15659852820524 37.65395474425927, 120.16354214408484 37.6476751985501, 120.162914079127 37.647096873756006, 120.14978829154286 37.653739193182176, 120.14343052891459 37.65864316713649, 120.13828249611716 37.6588249888827, 120.13204162301165 37.671158326783804, 120.1376852413257 37.68003180738509, 120.14523961643721 37.66787313008747, 120.16200697042774 37.67748640011641, 120.1475694483307 37.690549549819565, 120.1403007533925 37.68984818695822, 120.12794084288173 37.70182620414471))",6222.099951626366
116,21.489797243077692,108.38369316477494,263,anchorage,"POLYGON ((108.32595439794618 21.610377974203946, 108.3297023211533 21.61976071191595, 108.33222088893415 21.61898603786974, 108.32997211595273 21.611809543547036, 108.37043425536126 21.619055093783345, 108.37756062695486 21.63022078849278, 108.37964165895146 21.629209803430513, 108.37399548842666 21.618493337359215, 108.38953879902635 21.600179854800913, 108.36227620458816 21.57524366525869, 108.37990869428069 21.57071345881175, 108.374056590936 21.556179913632985, 108.36368365212385 21.541186023091882, 108.37969501374906 21.496511760807376, 108.38861857414446 21.4973826254929, 108.41127604555783 21.501854154440185, 108.42703388555732 21.5084974880011, 108.46950512200053 21.517959632548934, 108.49259708728427 21.547163757889475, 108.49379766580091 21.546526092992043, 108.48551701072367 21.528485782044818, 108.46938649829032 21.507821483978486, 108.44414111107554 21.48828001456913, 108.44075130241852 21.48321770273726, 108.48176700564139 21.467795504586306, 108.48165047696739 21.467302035907206, 108.43842924485257 21.469260052352695, 108.43759966080357 21.45584537261165, 108.4194666066617 21.443656317589454, 108.4182214828551 21.417195605624297, 108.40624993074957 21.40730967508576, 108.40394971294232 21.391311165597422, 108.43374871409823 21.395980750300453, 108.47790253100932 21.37779918550397, 108.45250415375737 21.378687411916992, 108.39455397930308 21.374708795594415, 108.39094628905718 21.371180526229264, 108.36860332108388 21.367541176132395, 108.36361881811256 21.384513354823074, 108.36140640815842 21.404529530222806, 108.36227719838612 21.410227136723865, 108.36689155091898 21.41569328817682, 108.37812556015093 21.4261817584195, 108.38751005944268 21.425696790653916, 108.39003142137332 21.458231197123617, 108.38429127826295 21.4563579688584, 108.36878954828225 21.45810923447497, 108.36337494580906 21.464968295449182, 108.36393502261654 21.469795917622523, 108.36737871563285 21.48456710134057, 108.35994893904036 21.54218796153207, 108.35319142019448 21.558886925116962, 108.33401411581765 21.565483087016553, 108.33105475212156 21.584640024414803, 108.32563316414883 21.60807792067663, 108.32595439794618 21.610377974203946))",8624.18036119509
119,34.3105269896729,120.32204876358666,19,anchorage,"POLYGON ((120.27251796298468 34.30714629698631, 120.26475788820069 34.31227006755202, 120.26957854747972 34.31413717708409, 120.28097011296963 34.307567274455174, 120.32484967102654 34.32732010791417, 120.33217140982703 34.34509416976648, 120.33566211495905 34.348173011566125, 120.34722194192905 34.3243284563756, 120.3889840406762 34.29757722581696, 120.39100408426879 34.30552954831601, 120.46008532060044 34.31700239682021, 120.41096385883112 34.288128207078756, 120.38030651134073 34.280661725424075, 120.30565432708823 34.27928903216249, 120.27251796298468 34.30714629698631))",6933.034417926163
121,36.025102216394885,120.21634187500683,39,anchorage,"POLYGON ((120.21070155006814 36.066959977987054, 120.21212876660377 36.06896875126776, 120.21838207463021 36.06855759163351, 120.21936824207677 36.0667779405364, 120.22874923592175 36.029291099082194, 120.23234296452519 36.02715873730904, 120.25353699254235 36.00724387950622, 120.2515334157929 36.00482057342603, 120.2205961684683 36.01370158491125, 120.248624087216 35.97919810671227, 120.24757379932609 35.97715150947894, 120.1957987997218 35.99751430870334, 120.19425350229251 35.995908066088234, 120.18937868442869 35.99624618409605, 120.18783304846525 35.99769751357235, 120.18819044639866 36.00167028739295, 120.19385427411626 36.00083642149377, 120.21248071761129 36.02119480999171, 120.21489825314623 36.01966580646408, 120.22222386617742 36.02758631616913, 120.2252994127867 36.02912468003332, 120.21070155006814 36.066959977987054))",3785.9641413353083
122,39.826055375041086,124.15717311234744,39,anchorage,"POLYGON ((124.1485111230983 39.81198157550115, 124.15046492836792 39.81892036763088, 124.15731642600562 39.827631706873355, 124.15791523867846 39.83181901974829, 124.16015869548158 39.83947348658938, 124.16320117821127 39.84462093411502, 124.16443853454736 39.8409097567437, 124.16332466393878 39.83858601661003, 124.16031104170509 39.82608271838628, 124.15354909903914 39.817699479528166, 124.1519291581326 39.8116826800063, 124.15408357385412 39.80911189169736, 124.14128934484492 39.793700258471446, 124.13899269808503 39.794740103917356, 124.1495681017234 39.809710037922, 124.1480336124431 39.81143416940283, 124.1485111230983 39.81198157550115))",3242.895373375878
125,22.29346627913435,113.08066172403781,36,anchorage,"POLYGON ((113.07503055653511 22.376151907271517, 113.07592059980458 22.379603147854258, 113.07842927465039 22.376094157188632, 113.07783195762809 22.372350479211082, 113.0696280742952 22.34376341927688, 113.0774946981452 22.30321426479076, 113.07747599033434 22.297733825514907, 113.08538895433227 22.2500192285524, 113.08652121880489 22.232337277845584, 113.10655775479086 22.168519474206025, 113.10040691951991 22.139255021378457, 113.09822192800186 22.144781981372823, 113.09549423770035 22.174497181408118, 113.08606786042832 22.205116651359425, 113.07143410281505 22.271513903999526, 113.07057974992438 22.291944957181443, 113.07332397478325 22.303186574909837, 113.06564584570336 22.34507896919785, 113.07503055653511 22.376151907271517))",9522.574479726603
130,21.83421838322023,113.28760991963807,33,anchorage,"POLYGON ((113.2628788832604 21.847052069479, 113.26466974680824 21.856450679630544, 113.26997658002009 21.84863802540165, 113.2720535356557 21.852584075706282, 113.2812723719649 21.849011303548423, 113.2866536475872 21.85347691610544, 113.29288221070566 21.85089777065388, 113.30673245167247 21.84790363770617, 113.29200977271121 21.838472067636772, 113.2938340518651 21.832627426279977, 113.30003210844045 21.838692038868295, 113.30741431349996 21.83474635443927, 113.30821500610044 21.835373528855072, 113.3441039800832 21.83779688232128, 113.31429359835 21.82447274827909, 113.30857417906161 21.826020881595976, 113.30339722564503 21.81344135053597, 113.3232020792489 21.800135358217165, 113.32153252225756 21.797904666660795, 113.29478164784348 21.81447006023821, 113.29128940185802 21.823977122849293, 113.28423688541255 21.816229690954696, 113.2821453797173 21.826948637473063, 113.27470306891951 21.824134519555372, 113.26968808722795 21.823951047395877, 113.26679207828468 21.815688293229982, 113.26591197798406 21.815827442588798, 113.26619497600834 21.82735150870233, 113.24749006796354 21.83256642973386, 113.24753858946956 21.832951884616087, 113.27023232078592 21.83419866899628, 113.2815413139689 21.835772600476233, 113.28056957630915 21.842171027911174, 113.27454898196639 21.84324271131543, 113.26810693245167 21.842427348520634, 113.2628788832604 21.847052069479))",6422.79996724696
134,30.774738363288165,122.62245546207139,23,anchorage,"POLYGON ((122.62586268006356 30.807473024247752, 122.6282340369384 30.810086341581886, 122.63460082529814 30.788069437432505, 122.6357749031978 30.78546327447758, 122.62716512430045 30.778982768629028, 122.62708355864125 30.777245614320325, 122.62519640536247 30.775668186487824, 122.62024972169529 30.775552337815093, 122.6285121148653 30.764863356944353, 122.63029334823509 30.754978807188913, 122.63140454504978 30.752594370258088, 122.62187697179029 30.749361352808563, 122.5972145605645 30.7543585405849, 122.59751198395249 30.756023606324675, 122.61914837668418 30.754662333720923, 122.60993542782319 30.772414711613663, 122.61132257466141 30.77669471235757, 122.60074104879273 30.78140108647747, 122.620549589148 30.78169591691759, 122.62010325910448 30.785741085476698, 122.62398385469001 30.789258778482917, 122.62586268006356 30.807473024247752))",12505.382502983184
135,30.471658852417107,122.10823444314441,110,anchorage,"POLYGON ((121.98570893360257 30.486023576967465, 121.97453569389987 30.49573626724248, 121.99189442101779 30.501107697767267, 122.04152460359751 30.48810202490309, 122.05075774352026 30.465752943828885, 122.05795268726774 30.468961072750336, 122.07076078273208 30.483202553517106, 122.10869999046955 30.49718520219538, 122.11316129101245 30.50802707501115, 122.11695384107988 30.508453674831188, 122.1260003233155 30.504119947130025, 122.12736860418556 30.497461539490338, 122.1514414191497 30.509107618806336, 122.16759459555954 30.509140456645536, 122.20561557700854 30.52096873296813, 122.2067649577082 30.5246126150719, 122.2204725142942 30.518339399655105, 122.23281414614337 30.50686778412696, 122.23097192921195 30.49497460592805, 122.24725283109042 30.48581238754301, 122.24930570704296 30.479877576812772, 122.22538865206059 30.480389917304308, 122.23953620314056 30.447565407206962, 122.25362557905991 30.44516743786978, 122.24843478162897 30.436869612892302, 122.2450366033003 30.434678583429374, 122.23636802056218 30.445153910976867, 122.20830867653808 30.46384827966783, 122.20493713367638 30.48464695973167, 122.20129701339782 30.500483045082607, 122.16420648194207 30.50144883023807, 122.12727845700448 30.487202480525298, 122.110979788442 30.490741828280097, 122.07724468549252 30.472943247534207, 122.07341585519943 30.467653830935447, 122.08122351194142 30.45507500547105, 122.11730781844601 30.438986402583456, 122.13820502034243 30.444185837157217, 122.14752812506478 30.42182170911662, 122.12985899493924 30.42786213166613, 122.11881211055163 30.434743081330133, 122.10911963497307 30.408603486640892, 122.09933554592367 30.434481777509358, 122.0792203967021 30.45234979413826, 122.07699245000114 30.451997469068882, 122.06002014910177 30.442844628079012, 122.04571692951126 30.421306196436777, 122.04017276317715 30.41614943849653, 122.03290467239918 30.4217424565858, 122.03379838906385 30.42547891752494, 122.05148587349836 30.443645635025586, 122.04258725753272 30.449900181205546, 122.03908623265055 30.454965914142633, 121.99392532711515 30.47453653202583, 121.99195849984672 30.46810430978066, 121.9878525684644 30.44913237235022, 121.98892998064778 30.447367387363542, 121.97865589083425 30.445850236627546, 121.96936466658119 30.403096621513622, 121.96638141321301 30.40354493981504, 121.97480219153316 30.448605334677524, 121.98385895073541 30.450261982016688, 121.97920097614526 30.472360744739895, 121.96396611345571 30.476886325113128, 121.98570893360257 30.486023576967465))",18321.2122340135
144,22.00395089198775,113.90555590136101,8,anchorage,"POLYGON ((113.89026496881661 21.999679416418154, 113.8866048030377 22.011819880273368, 113.90085369808675 22.011898205371494, 113.91586319687349 22.015445495469834, 113.93727360863447 22.00808846087181, 113.91649126389416 21.99679752332896, 113.9047276940728 22.00171793157556, 113.8917939450845 21.982541687038992, 113.89026496881661 21.999679416418154))",14593.43521039272
145,22.96826635380215,116.57527224155083,23,anchorage,"POLYGON ((116.527829019859 22.98111913003515, 116.51920083647153 22.991796760253273, 116.55002105951071 23.002540916316146, 116.53451358792165 22.986486798104057, 116.55073971755311 22.974011604999166, 116.5553195450963 22.973631707412164, 116.59072771052884 22.96387709628669, 116.61920500493186 22.973711222712765, 116.62272250466982 22.9773984502237, 116.6312359882261 22.99961257354272, 116.63505027260251 22.978024413562707, 116.63729045248188 22.97365591208967, 116.62647845703555 22.964852689854695, 116.62724403300501 22.963729600217306, 116.62604845455039 22.96243801013218, 116.55617703751614 22.912227146722152, 116.53791441274419 22.9499066019067, 116.51816148173181 22.9501260665925, 116.51804461148512 22.95212608187666, 116.53181498310853 22.95364962566323, 116.53465137037274 22.960104497073665, 116.53277023415143 22.96199523389605, 116.527829019859 22.98111913003515))",5493.630051239449
147,40.07521439092715,120.12038544696011,14,anchorage,"POLYGON ((120.11874221291454 40.07342102682183, 120.1154109147763 40.069795186638814, 120.11597993856645 40.07535850878445, 120.12876941208549 40.07897629349287, 120.12515551347082 40.07527309506145, 120.12053983864014 40.07363122761607, 120.11874221291454 40.07342102682183))",3490.843851481571
148,38.30264372813487,118.1230765820877,18,anchorage,"POLYGON ((118.12408628016077 38.306140081553984, 118.12681323303323 38.3127680882743, 118.129844874275 38.31200849386195, 118.1270452562625 38.305052551806334, 118.12416130674514 38.30002637238513, 118.11871581286232 38.2976383562084, 118.11183673610795 38.29312875796303, 118.10987312221661 38.29492358203132, 118.11681594250922 38.29973248125147, 118.12148984137299 38.30180628417227, 118.12267275610877 38.30452107702129, 118.12408628016077 38.306140081553984))",19616.640594889057
151,29.743895921892822,122.21062108935293,14,anchorage,"POLYGON ((122.2179150732598 29.759877545436474, 122.21607318624591 29.765093477799653, 122.22470065464036 29.760594850673307, 122.21394645475719 29.749713474986223, 122.20208870984924 29.721891783305185, 122.19134439425764 29.70952529733316, 122.19228544340818 29.715313138248714, 122.19754471931256 29.72399473768869, 122.21110145757565 29.751508942694148, 122.2179150732598 29.759877545436474))",6692.967397905925
153,23.72932262871118,117.56258937040909,29,anchorage,"POLYGON ((117.57861714595317 23.770538044767285, 117.58044601890529 23.789747864293844, 117.58251720454506 23.789720174268517, 117.58367577634736 23.77136089807773, 117.58192494717795 23.767307451352664, 117.59638122201758 23.68741235942586, 117.59299403405913 23.684322595194374, 117.5547513973254 23.705645850192035, 117.55230119834744 23.70631228951158, 117.54390071351196 23.70571050150737, 117.541190687233 23.706915002083683, 117.54054187342572 23.708809895186757, 117.54381839578674 23.71566226730255, 117.55119226502373 23.71988761498292, 117.55423207460073 23.718400658909644, 117.55454239036004 23.743412141955343, 117.57858675769565 23.769900058734194, 117.57861714595317 23.770538044767285))",3371.2238355777317
155,23.377341299257964,116.9978601997905,13,anchorage,"POLYGON ((116.98727424842214 23.35492300525199, 116.93799081418813 23.341716461181917, 116.95803146259118 23.36220751064945, 116.98623165681069 23.362839943849963, 116.99712782656353 23.37530823385192, 117.00255825035903 23.39373184966685, 117.01385794871092 23.398826437935753, 117.01905964887801 23.39893126938318, 117.02337903933947 23.396807222097152, 117.02187819397597 23.392079325113855, 117.00135605948542 23.3703040854739, 117.0035946640724 23.362369558080825, 116.98727424842214 23.35492300525199))",5096.510565388095
156,37.655890311364566,121.50732084355668,10,anchorage,"POLYGON ((121.48871441604193 37.64903473192179, 121.47747321515756 37.65564819337051, 121.48922060242957 37.65754730990342, 121.49528338823487 37.65564678155992, 121.51526023292828 37.65654458439639, 121.5134702712305 37.66874358537415, 121.52339119888696 37.66346902714551, 121.52826567575701 37.65885193075878, 121.52962230055718 37.650386311718336, 121.50916371099409 37.648017388215514, 121.48871441604193 37.64903473192179))",11971.897113975861
159,19.493812664185445,110.8788452327729,9,anchorage,"POLYGON ((110.87250445553788 19.490621612779435, 110.8663478431811 19.492768124939236, 110.87385111898037 19.495532516654258, 110.8773304181729 19.49548003627112, 110.89850615087957 19.52118066050905, 110.90008824022482 19.520211076146044, 110.88397233006566 19.491917499027032, 110.88156689750272 19.478119333408912, 110.8782791521813 19.4879776579937, 110.87250445553788 19.490621612779435))",5281.238468004143
161,30.25506196198924,122.25374944317431,8,anchorage,"POLYGON ((122.24835574551341 30.251484021108734, 122.22578172583142 30.2687697074037, 122.2401085233449 30.269606523386425, 122.25318236666646 30.2594694832469, 122.25353522434563 30.25802154040604, 122.28241034141857 30.246044672857636, 122.27789288878783 30.242235573021578, 122.2483134374439 30.246249753243784, 122.24835574551341 30.251484021108734))",3308.751956177715
164,28.39051137781503,121.66735482760747,36,anchorage,"POLYGON ((121.66534585186216 28.413414479142126, 121.66593839178995 28.414573237606483, 121.68423014262986 28.430231133851297, 121.69652299162634 28.419081851630246, 121.66863342645979 28.4118128396643, 121.66982152119736 28.398075893902796, 121.66946140974267 28.39708795274559, 121.67532058336218 28.39248720895721, 121.6751008838649 28.38941033396859, 121.67085547622371 28.38417324215951, 121.66734777741307 28.3766231232307, 121.66733558554947 28.37352527481813, 121.66546923405056 28.373082773348155, 121.66328350360403 28.373620574270895, 121.66333379551476 28.375531570679613, 121.65354028280403 28.374017843937175, 121.6210091813618 28.357119551365223, 121.64357033546594 28.382868658200316, 121.65867205593014 28.38825484803988, 121.66734357083384 28.38661732442959, 121.67056680899066 28.390413332860835, 121.6655742475933 28.39498162703298, 121.6649466556097 28.412475941601862, 121.66534585186216 28.413414479142126))",4149.748983115886
165,37.246393742144285,119.17455188417074,51,anchorage,"POLYGON ((119.15671932504442 37.235892617523206, 119.1562569986275 37.2370404168746, 119.17130113342607 37.24892551494354, 119.18612087941418 37.25946397730229, 119.18372934356016 37.254218214110956, 119.18047074354902 37.251875854407395, 119.19083386941564 37.250430629881556, 119.19520310089283 37.24071077724671, 119.19294294692283 37.24004131850397, 119.19129030917203 37.243091106340174, 119.18930210206346 37.23908997976718, 119.18693266195139 37.23696223344951, 119.18429890319455 37.23790795863676, 119.17551345553366 37.248298127548715, 119.16099396541038 37.23606852416746, 119.16836000934431 37.23006054420596, 119.16697681589932 37.22881420141095, 119.1599496442955 37.23308973604221, 119.15671932504442 37.235892617523206))",9145.04077210633
166,19.866905462826516,109.16542459915695,13,anchorage,"POLYGON ((109.15708230338497 19.868157013868455, 109.15682925832836 19.870914706432853, 109.16079581281795 19.871594946511536, 109.16795044587565 19.87004586034648, 109.17848465885398 19.878179731100587, 109.17941343475836 19.87734647233593, 109.1692615074741 19.864188577848978, 109.18099574019823 19.857399434593855, 109.18033828647525 19.856103420557268, 109.164516597192 19.86127595775363, 109.16042119226097 19.866034678398293, 109.15596785740959 19.862030655244588, 109.15708230338497 19.868157013868455))",5424.55647596894
168,22.502832756829186,114.78454252634288,20,anchorage,"POLYGON ((114.76257815808876 22.517484780681745, 114.76360110355581 22.529806158215692, 114.8440296130829 22.57451899407003, 114.84494000841903 22.57341206942457, 114.80072948586702 22.534825181504356, 114.7749717427049 22.525564218647453, 114.78269037052888 22.521079394165714, 114.78065862988907 22.511992677572675, 114.79013152413586 22.5000164241516, 114.79381126282243 22.497132993369537, 114.82672719560838 22.42606724407576, 114.80889824555416 22.41649281200223, 114.791330682319 22.450634730950185, 114.78385607081296 22.49341469551675, 114.77550094192387 22.492777651249135, 114.76628208999075 22.49989364689972, 114.7615855189637 22.51275736116059, 114.76257815808876 22.517484780681745))",11005.087495240432
171,26.538513951621134,120.09720316112285,11,anchorage,"POLYGON ((120.08880550652297 26.53914919412676, 120.08142353865593 26.5620486010772, 120.08869370636009 26.565968396677686, 120.09430028998905 26.551973418739383, 120.12100963880073 26.527252848098346, 120.10669152183814 26.525626631368922, 120.09870095597343 26.517361366355637, 120.08588268731735 26.526356620772713, 120.09792722325179 26.53278554070706, 120.08880550652297 26.53914919412676))",9997.629296570785
175,37.92314210068554,120.91503927011561,16,anchorage,"POLYGON ((120.8861839210213 37.92999429706902, 120.88933518847942 37.951274282242565, 120.8915065741329 37.95118794815346, 120.8918128856918 37.93560584354206, 120.91018634085748 37.93970257972957, 120.91327532766002 37.939847688681624, 120.93184144646129 37.93683350370376, 120.94483488034432 37.927545526686366, 120.94684068805932 37.927740873084794, 120.9731142963794 37.91945585143145, 120.93201974769538 37.91635502227201, 120.9288729741882 37.92123722727192, 120.9040376583482 37.92606096560145, 120.91067077000714 37.90621801229987, 120.907577530583 37.89426559229917, 120.88918938047284 37.8882108334208, 120.88836751876846 37.91653184363915, 120.8861839210213 37.92999429706902))",13658.512786277268
176,30.188285363046717,122.36099796784342,43,anchorage,"POLYGON ((122.33652428645736 30.178803587339075, 122.33594284452552 30.18249763816763, 122.35031968977289 30.191887795537802, 122.35128535339096 30.193013186126752, 122.35840169122777 30.195103778314884, 122.3626257131377 30.194271652800587, 122.36424002412122 30.1931461502978, 122.36447306054124 30.19231054081371, 122.36805545956857 30.19228014329328, 122.36659905518731 30.189290601485457, 122.3737826995891 30.183194974155644, 122.37728860046006 30.19050302913805, 122.37096946757704 30.193234657730457, 122.38917911832219 30.193560207671286, 122.39602680923734 30.191297137586986, 122.37794862013409 30.179463035869347, 122.36899730270387 30.17437570248834, 122.36586325030271 30.177322362169452, 122.36445547579396 30.17662468425977, 122.36413871607708 30.181102074657574, 122.35924833395849 30.190682857899855, 122.35379239388692 30.19035747093611, 122.34009726277262 30.181239155244942, 122.344104337442 30.17563705245783, 122.33652428645736 30.178803587339075))",7116.846431512403
186,30.225573305405934,122.10651291750422,134,anchorage,"POLYGON ((122.06718466279042 30.232710619831426, 122.06231965968277 30.253824532191803, 122.09177173513312 30.24814993283752, 122.09674666674609 30.2498674877102, 122.10197175305912 30.25421756110909, 122.10332470175926 30.258024918249454, 122.10387137017646 30.271668865355, 122.10665280137503 30.2716531558277, 122.10697998298875 30.25851936957469, 122.11279121391337 30.256194753412537, 122.12301759605 30.250786950172003, 122.14574377361063 30.24885291961065, 122.16727865236248 30.24887169330139, 122.17053757423184 30.244966610226413, 122.17178596492738 30.195044952175397, 122.16885842608683 30.19494257226448, 122.16565256314222 30.24162464059279, 122.15686304037956 30.24256522747494, 122.14986834640037 30.24199486598279, 122.14342751602759 30.24209932987957, 122.11691368584474 30.2366866250818, 122.104197598488 30.235904450618648, 122.10129764063275 30.24070739928652, 122.08716409245157 30.230473020092496, 122.08241861358114 30.23012184723104, 122.06319974380365 30.190807430979028, 122.06315960400808 30.18960102866219, 122.0791775020925 30.159195181102824, 122.10517181393173 30.177844074115566, 122.10425631447843 30.180683676948338, 122.1428730799044 30.165483284053252, 122.12511509761487 30.138820050558788, 122.13119341259251 30.134574796515626, 122.13402562875983 30.129919737607196, 122.13582306745866 30.122625847926344, 122.13519061898029 30.122414134937966, 122.12832538087461 30.132582685240013, 122.12078391372067 30.137843816362192, 122.11482013651496 30.145345662074774, 122.07855224798638 30.155445431177064, 122.06623040924896 30.15246052438846, 122.02954495707195 30.14925284939597, 121.99369738565012 30.16096890831343, 121.99216553947454 30.16485812950564, 122.02921555190724 30.152485503797, 122.05768758699419 30.190281963629644, 122.05347249472834 30.197138238710963, 122.0630362513011 30.22479790522506, 122.06396332164714 30.23177846216935, 122.06718466279042 30.232710619831426))",4913.698169884408
188,22.91820142364373,116.30799715917121,5,anchorage,"POLYGON ((116.28955098017857 22.89926293208608, 116.31122547822225 22.93103027565919, 116.32159351917957 22.940176248383924, 116.32379266411915 22.938079829385025, 116.31392787188436 22.92922825257554, 116.3073886095731 22.894970349487526, 116.28955098017857 22.89926293208608))",4884.891409300417
189,25.267104824248655,119.67479064287262,44,anchorage,"POLYGON ((119.64757802179008 25.33820484652451, 119.63326234641507 25.34566888104905, 119.64807385041841 25.35210357858496, 119.66244307122778 25.331549835461963, 119.66636217712423 25.307964185933336, 119.66220347935956 25.296815968712746, 119.67122645559833 25.29644818648287, 119.69587489236999 25.24711175630099, 119.69804043702197 25.239769797481095, 119.70072114308846 25.23547098596945, 119.7010936222526 25.22984108792141, 119.68772856697963 25.22795755121389, 119.68613775619866 25.227128014235014, 119.69189731526608 25.212507267535933, 119.678454748233 25.222975226359555, 119.66266735658341 25.228608212327824, 119.6806253293145 25.230022915432492, 119.680318837486 25.235909260025245, 119.68213907930809 25.240206356313976, 119.68297135219478 25.249513707032797, 119.68374989989441 25.250372081652632, 119.66817758105452 25.279171233394994, 119.66636999867792 25.286989175430726, 119.66062611313255 25.286002718584122, 119.65143119639426 25.28576107703524, 119.65053056606752 25.295372705769363, 119.62815774189237 25.298061437479216, 119.6281389713841 25.298648041030017, 119.65120999468263 25.302659313652693, 119.65227569935026 25.33452659330608, 119.64757802179008 25.33820484652451))",11418.299442827105
190,37.52762976882285,122.30295651345914,19,anchorage,"POLYGON ((122.29068536104002 37.52463105819887, 122.28034635395784 37.529745184785405, 122.29206369988947 37.53075723619969, 122.29922723920755 37.5391966396474, 122.31460883736908 37.544537590783754, 122.31350430536573 37.53208157135393, 122.31911017875778 37.531955167357104, 122.31855740331655 37.53135485130635, 122.32136957608915 37.53178554156783, 122.34760704491981 37.5427234882727, 122.33343594772 37.52823820442044, 122.31223849566013 37.526628442046565, 122.29886607551465 37.520531974957294, 122.2930811126498 37.514593059525325, 122.28132466067117 37.517869071090715, 122.27045133719618 37.52537633612759, 122.27121782104392 37.52626589451117, 122.28282649844091 37.5214417230934, 122.29068536104002 37.52463105819887))",11485.62735127195
191,38.8130027948837,121.09097565251557,17,anchorage,"POLYGON ((121.06026398755212 38.81418260894462, 121.04561833111768 38.82941032783464, 121.05795059762545 38.82721201591982, 121.0673389250093 38.814525436356526, 121.0704357631318 38.81368093697543, 121.1200617711806 38.816095704121786, 121.13321324395737 38.81887942471698, 121.13754848629188 38.80987815559616, 121.14302003711036 38.808045966691296, 121.06740634709858 38.80519804681253, 121.0654398526089 38.804066905949014, 121.06026398755212 38.81418260894462))",3703.2155860181224
193,29.84995096039062,122.55388741993568,101,anchorage,"POLYGON ((122.49809098835611 29.84402760807208, 122.49933866376962 29.860074047694077, 122.50242136678958 29.859918011283888, 122.50160541277057 29.84556410590632, 122.50461431153255 29.84115748619738, 122.52186228347566 29.842906580936738, 122.51514343948988 29.85292741775064, 122.52472440585683 29.855215277907224, 122.53078448747675 29.85441761776162, 122.53591264171773 29.85524722536288, 122.53863285647954 29.86130378953462, 122.53427228048479 29.858880703891476, 122.53661477667448 29.868935815894602, 122.54353196249588 29.86951662865015, 122.54540532795046 29.873862520514983, 122.54267847883749 29.879512319389722, 122.54657626457946 29.89836282293994, 122.54785893729198 29.898300539332777, 122.54882027989832 29.88559025647186, 122.55698768725276 29.88001758465536, 122.57055984713688 29.88493672448541, 122.57420739448476 29.888178743133047, 122.57957632723533 29.900340228111105, 122.59472355885967 29.912094858705274, 122.60808942641555 29.901320229896434, 122.59737266762474 29.900051797768178, 122.58770113954014 29.892600511493637, 122.5867533548334 29.884830280285662, 122.57077918305569 29.876841028177985, 122.56992781724897 29.870070354128917, 122.56210791164254 29.870404537264932, 122.56152183429079 29.868495005664432, 122.5726235440789 29.85887905490664, 122.56221203973931 29.858560639241862, 122.56036028687667 29.856926236730466, 122.55965069728056 29.85271321368538, 122.56652495537357 29.849061438151086, 122.57199103348697 29.844706495332368, 122.58033096973885 29.85340415847087, 122.57922087923058 29.842201827688537, 122.58437915715797 29.84238983792818, 122.58977840072788 29.834645480783497, 122.59177895088764 29.83349199009352, 122.59481815682769 29.83263018409246, 122.60183154629424 29.84485223880349, 122.60872666845668 29.85174100771732, 122.60883989006828 29.838012760986565, 122.60112930687912 29.82881186898387, 122.6016514529951 29.81994792373047, 122.59104530005726 29.805736221348706, 122.5899029972759 29.82926040459901, 122.5859719269757 29.831726222106333, 122.57912884584366 29.83226181109797, 122.57732270454068 29.82162607727347, 122.56559712753509 29.81002664773761, 122.5659423827025 29.821412842500063, 122.57066777615175 29.8308003236694, 122.56820844697087 29.834532222020314, 122.55805659758099 29.83284775441635, 122.55049101932374 29.83257233819175, 122.5571401105524 29.839160267412712, 122.55515532734454 29.849143671066194, 122.54811592580101 29.840471060263965, 122.53835421842221 29.836523360137083, 122.53776560811265 29.840525499140472, 122.5332861038186 29.84244867123952, 122.53183335440868 29.839011501686972, 122.52630640528768 29.830537498852014, 122.53551816503705 29.830620974296394, 122.5396604761377 29.829966268995648, 122.54637752837218 29.823062730255746, 122.54611747181742 29.819825558424256, 122.52383522851183 29.760542341459708, 122.49106205405835 29.800694824649945, 122.46651927601287 29.81842507802802, 122.49231820345919 29.83146344429104, 122.5052752067238 29.828109676883635, 122.5023892341191 29.838423180029935, 122.49809098835611 29.84402760807208))",17452.508180221186
196,30.200745208241294,122.4715252187317,7,anchorage,"POLYGON ((122.46689631497385 30.203784491537867, 122.45204760089092 30.20352410039589, 122.45185719022562 30.204775744799495, 122.47203141212229 30.209063834423446, 122.48081014668526 30.20066929062671, 122.4796878670574 30.19825134657333, 122.46656548419607 30.181822478308934, 122.46543159751579 30.18233592138977, 122.47290398150619 30.199453238824013, 122.46689631497385 30.203784491537867))",8953.39878443152
201,38.856576472169316,117.74426976464238,7,anchorage,"POLYGON ((117.74385995166048 38.85532826001657, 117.73379480321204 38.857969784995895, 117.74221546163098 38.858484303068785, 117.75438859534556 38.85516770061847, 117.75401315777167 38.853975503829595, 117.74385995166048 38.85532826001657))",12283.653910536794
206,19.670345683856418,109.12806911706653,5,anchorage,"POLYGON ((109.12688046740955 19.665555286377852, 109.12097988790069 19.67592523417082, 109.13019374755017 19.674314964982837, 109.13151181353118 19.67225078574103, 109.13069035382269 19.66410137752755, 109.12688046740955 19.665555286377852))",3231.784754176338
207,22.42735330199018,113.76553213264732,9,anchorage,"POLYGON ((113.76665427620347 22.468330108570825, 113.77930438730154 22.49448673684096, 113.77789602096023 22.42945625544043, 113.77296432643918 22.405893696583203, 113.7691249360013 22.399555631507447, 113.75028851003172 22.373465616119972, 113.73588119898241 22.414992655558557, 113.76665016279468 22.42830034032763, 113.7702810539241 22.43648240663444, 113.76665427620347 22.468330108570825))",11987.610486036592
208,36.70327467425857,121.46965573459602,14,anchorage,"POLYGON ((121.46666765864092 36.71099654353862, 121.4674714890725 36.712137311544936, 121.47051692873025 36.71215868553083, 121.46966104934494 36.70836268651864, 121.4711142401498 36.70251271096048, 121.4717663535905 36.70171344609493, 121.4770863733035 36.70462758574049, 121.47820679395561 36.703542031305666, 121.47252971499579 36.69901055793513, 121.47304909651886 36.693597089424756, 121.46793155620966 36.69847872072686, 121.46821929493177 36.6988897927539, 121.46734766391758 36.69919722498341, 121.46621783613821 36.70866309496021, 121.46666765864092 36.71099654353862))",7501.311409054094
211,20.837440904906288,110.74925869727775,11,anchorage,"POLYGON ((110.7174573788625 20.8852004983101, 110.71648268744838 20.89107473380644, 110.72070900176757 20.885707940606167, 110.76976734219099 20.84309091217426, 110.80091786875288 20.829067340645718, 110.78093672288725 20.802802429757957, 110.77629527609662 20.79159489392125, 110.76927757723767 20.784343758982544, 110.7345580609203 20.78653415668046, 110.75127162540713 20.848322902576285, 110.70129646889788 20.867281446484597, 110.7174573788625 20.8852004983101))",16691.610450940454
222,30.64059851255426,122.39324682051144,131,anchorage,"POLYGON ((122.38095650156099 30.65324918813185, 122.38302892923542 30.6556158325457, 122.38486025807451 30.654065300563225, 122.4051401991351 30.673947507721557, 122.4198824819671 30.66882291059036, 122.41905407519413 30.66681523509277, 122.41056630435493 30.669025925408846, 122.39462940706416 30.647714831181933, 122.39495459747975 30.646198287429087, 122.39920657625876 30.644638124684807, 122.39951212867774 30.64520254399762, 122.4038476169304 30.64379852157828, 122.40653986242059 30.642277053393986, 122.40533074210471 30.637975414077836, 122.40014310285575 30.638672183105818, 122.39898006005598 30.640222194785665, 122.39536933351467 30.63868663510418, 122.39897249212723 30.633844294031032, 122.39389407168288 30.628178628917563, 122.39511822255183 30.625440787783734, 122.39487280010931 30.62204461061677, 122.39027953053709 30.623706231329376, 122.38690226904343 30.62658842854249, 122.38907080122077 30.628785229625272, 122.38871987111125 30.62994436751231, 122.38533558699909 30.624612198799554, 122.38405593423423 30.6250576852697, 122.38725721157965 30.635050690029637, 122.39165129097262 30.63535517000685, 122.38910211903287 30.63753435048766, 122.38888463367913 30.639719074717863, 122.39093833279634 30.64517462120347, 122.39031900542865 30.64686798071756, 122.38726740952988 30.648375814802368, 122.38877394327649 30.645769616785365, 122.38808496166875 30.641274320192675, 122.38334913346503 30.64174066117595, 122.38328048218386 30.64732622397014, 122.38123185017291 30.650401669472625, 122.38095650156099 30.65324918813185))",8587.675571321719
226,37.85684038338921,120.50143958708676,17,anchorage,"POLYGON ((120.4923992182656 37.861038259697345, 120.44468780330853 37.864672638225365, 120.46988138772942 37.882030034027025, 120.50290005021284 37.86164000595406, 120.5038517695027 37.858668673076494, 120.51301610212255 37.860160198354016, 120.52175702268131 37.8641656192868, 120.51583104781845 37.853314047530766, 120.51334181861904 37.852171193152984, 120.51550542114586 37.84363580521904, 120.52136325741982 37.83884924692772, 120.49970745881251 37.84242652406012, 120.4992585153036 37.852722321624825, 120.49825003461756 37.85310842384517, 120.4993862772265 37.859343253210014, 120.4923992182656 37.861038259697345))",14337.124125830695
228,30.112005721063674,122.50185179046782,14,anchorage,"POLYGON ((122.48264649486863 30.119335403035443, 122.48423053512194 30.12896339766958, 122.49287304256639 30.12831865010986, 122.51156792834634 30.142857819787448, 122.54669630676615 30.151460384392035, 122.51667396541944 30.12938431498919, 122.49678582977134 30.11010559289553, 122.49406214288021 30.10286974879089, 122.5278458375212 30.103161942504357, 122.52862298162587 30.079543376116195, 122.4904016660071 30.084087357172585, 122.48329476212422 30.094767467930932, 122.48517311594222 30.095460440145384, 122.48906706793807 30.104820599364384, 122.48264649486863 30.119335403035443))",19916.00856826374
230,35.03851678865642,119.28340913756738,5,anchorage,"POLYGON ((119.28147284803681 35.03893783158985, 119.27679491752068 35.04932428390314, 119.27971512927064 35.05022490528851, 119.29000509376289 35.027576761396794, 119.28701842289675 35.02667983415179, 119.28147284803681 35.03893783158985))",5009.358900429273
231,30.329740658181063,121.95553517011707,9,anchorage,"POLYGON ((121.91915333329878 30.308097264412677, 121.96953823027575 30.359609357615398, 121.98304150558816 30.355689768831912, 121.98605772116808 30.350905832252852, 121.9722802840989 30.355516868261855, 121.95875182475815 30.33898329901262, 121.92533184293838 30.307944366913823, 121.9547439342138 30.290479704912844, 121.95299416735074 30.288296854526273, 121.91915333329878 30.308097264412677))",14039.366496181176
232,24.83884033911432,118.90032860526732,7,anchorage,"POLYGON ((118.87005910368933 24.809938957451916, 118.8850538158387 24.86582513067117, 118.9125984480353 24.85102070599373, 118.93385597975625 24.855865668860353, 118.92923656900157 24.85153092795683, 118.86942789712924 24.80600810156041, 118.87005910368933 24.809938957451916))",4342.4139344134155
233,36.547634603128486,121.26218668921506,8,anchorage,"POLYGON ((121.25282874125315 36.55003566069738, 121.24411628255636 36.548474171703816, 121.25330710550524 36.5552492930547, 121.27315164829189 36.56153228204951, 121.27067102048649 36.5564838085946, 121.27052229540236 36.53700612694544, 121.28246025771828 36.52146260528876, 121.28123797981831 36.520703223750225, 121.25211217633066 36.545164547641306, 121.25282874125315 36.55003566069738))",19647.833455672306
237,38.07988962779634,118.04521377756963,12,anchorage,"POLYGON ((118.04614940131152 38.080940671864795, 118.04781132574138 38.08471024529761, 118.04956175468932 38.084365699193356, 118.04661595755431 38.06650501398602, 118.04608118819873 38.066480635721554, 118.0359402615627 38.10120093542742, 118.03690074518971 38.101488409901826, 118.04090673571638 38.095730499443334, 118.04614940131152 38.080940671864795))",9213.615839143644
238,37.87468324204678,121.01807497475713,5,anchorage,"POLYGON ((121.00632126185286 37.87370305364107, 121.00481167494257 37.8750467114625, 121.01914078020236 37.8819548079, 121.05389380063187 37.886267230494795, 121.00577973531026 37.856866746586824, 121.00632126185286 37.87370305364107))",12846.13952566697
240,38.28077185190413,118.24925191109617,23,anchorage,"POLYGON ((118.23506122767786 38.26614561074364, 118.17520843575932 38.26868528911616, 118.17515037584221 38.27014971780571, 118.23167424004305 38.275330630218406, 118.23228349413296 38.27898324368742, 118.24164025440065 38.2830507852042, 118.244366939044 38.28868694407652, 118.23188000223739 38.294744319886675, 118.24169412563833 38.29479944438335, 118.24900789633557 38.29237877787121, 118.25758900412714 38.29436691035687, 118.25623492381581 38.28481750262946, 118.24628405518786 38.28155383131051, 118.24689466112511 38.2807671693399, 118.2558497037162 38.27772410223095, 118.27221558340493 38.28579955801332, 118.26703236159148 38.29568034820054, 118.26955562150137 38.29656414367954, 118.27717946107029 38.284143760530355, 118.27449587024799 38.27501353799742, 118.26826937357495 38.27144596324128, 118.26320795159667 38.26952683363184, 118.24959402485865 38.26982737198452, 118.23506122767786 38.26614561074364))",19597.34499718657
242,35.850930046378174,120.17009290640239,6,anchorage,"POLYGON ((120.15954890030122 35.84982467149731, 120.16232862466379 35.8357303052224, 120.16010852123729 35.83533125831142, 120.15254931366502 35.85681516828397, 120.18273089386004 35.854728942002595, 120.1940806537769 35.85207934779552, 120.17953418475524 35.85004498709722, 120.15954890030122 35.84982467149731))",5404.073275161791
244,38.8894265276694,117.69012147160777,7,anchorage,"POLYGON ((117.68908126153974 38.88832486519135, 117.68029391900137 38.890972997967644, 117.68131479278756 38.8931341223497, 117.69124152726945 38.89055249253102, 117.69892372321787 38.8875378727549, 117.69871578069696 38.887029372077556, 117.68908126153974 38.88832486519135))",4718.363549885326
249,27.12445966119869,120.47466237581554,5,anchorage,"POLYGON ((120.46606023460158 27.121958011382464, 120.44257361130524 27.121381645187807, 120.44236723924807 27.122795799247353, 120.46553563474329 27.127640421424676, 120.47180466733965 27.1345973659462, 120.52588600490994 27.11537622458498, 120.52553558443238 27.114215781367463, 120.46606023460158 27.121958011382464))",6530.732567817252
255,28.010153347414423,121.0686311040711,5,anchorage,"POLYGON ((121.07072184133402 28.009111197437004, 121.06550360151714 28.007877677735493, 121.0668388369696 28.011057391336415, 121.06845060503636 28.011678389260382, 121.07047447752363 28.01200696278982, 121.07072184133402 28.009111197437004))",3440.6026869196526
257,37.84279818283052,121.12230009281686,10,anchorage,"POLYGON ((121.10293643638482 37.83558654648594, 121.10564487355077 37.84265401586875, 121.12122880563248 37.85390423870243, 121.13798938455268 37.858940581274126, 121.1264397994175 37.84994388710623, 121.14737210789542 37.843770260627814, 121.14526691539993 37.834783150129844, 121.1208781979663 37.84304039934744, 121.11048692947851 37.8389567544378, 121.12039964388653 37.82362256284209, 121.10293643638482 37.83558654648594))",18899.601063276536
272,22.57924953793087,113.51781246832539,5,anchorage,"POLYGON ((113.49324051752687 22.57198168870977, 113.48463208847168 22.571000221150758, 113.48423304289473 22.57284169877991, 113.57596759571572 22.595696202623767, 113.57675559889879 22.59326949742972, 113.52919127037747 22.57863549054093, 113.49324051752687 22.57198168870977))",6653.208724991313
273,22.71188645352862,114.70148840907386,5,anchorage,"POLYGON ((114.68789873245383 22.730576126755565, 114.68985989104269 22.748063984349635, 114.6988436937324 22.71858783227334, 114.72607996864885 22.674460661460678, 114.72544810138707 22.673999732019876, 114.70801594959872 22.688998467315763, 114.68789873245383 22.730576126755565))",4164.990727206748
277,22.811752080451157,116.05796679850263,8,anchorage,"POLYGON ((116.05915450424038 22.812918620597383, 116.05975511946383 22.767720999701012, 116.05763100974477 22.767562359807673, 116.04973318944086 22.815938621040903, 116.05817857474372 22.819561442908828, 116.0617013553007 22.8263595806795, 116.06406140408315 22.813807190851783, 116.06026999609108 22.815471784518362, 116.05915450424038 22.812918620597383))",4533.081892295237
278,22.06601927749265,113.74154724827562,8,anchorage,"POLYGON ((113.74166073582433 22.066707908942863, 113.73231154253155 22.0735516615335, 113.74744791358233 22.073449940004114, 113.75393760254218 22.069986939179493, 113.74879108942582 22.067046837001, 113.7436764247868 22.059226138669786, 113.71983966634428 22.053363910854404, 113.73466068054331 22.063848130197922, 113.74166073582433 22.066707908942863))",8063.592304332312
280,30.747634719356974,122.36407350473362,26,anchorage,"POLYGON ((122.35784621725158 30.75649227627951, 122.34365446465621 30.804239044344506, 122.34486024889752 30.804641797510712, 122.37848960007848 30.750700740178413, 122.36953209708298 30.752481831941424, 122.37194128894987 30.747397834415125, 122.37722390301286 30.74146472332187, 122.36841718083214 30.740757672941967, 122.36549703266606 30.738752124865847, 122.36239438355149 30.733743748233206, 122.35577033587607 30.7317892581298, 122.35898188276222 30.739538302638284, 122.35401164879029 30.74019170503864, 122.35972760933318 30.74685484118155, 122.35784621725158 30.75649227627951))",7349.282540997392
284,35.76988832725152,120.14057342253139,5,anchorage,"POLYGON ((120.15724183510136 35.780728990177046, 120.12745686120414 35.73142303334526, 120.12114758703825 35.76773788388297, 120.14037872627941 35.78090699427279, 120.15610315409445 35.78767931424296, 120.15724183510136 35.780728990177046))",12965.407186987411
288,28.886927763748695,121.66254897887994,7,anchorage,"POLYGON ((121.64697708806057 28.89358940499043, 121.64618329764568 28.894008576394864, 121.64632447200233 28.8974756901957, 121.67735741688708 28.881620897340863, 121.69385155891715 28.871048234948855, 121.69228334434935 28.869053140778366, 121.6750708313214 28.878796004529736, 121.65460058751563 28.88818324013798, 121.64697708806057 28.89358940499043))",3945.1769612247285
291,22.46640775451475,114.70877278814648,8,anchorage,"POLYGON ((114.69974404532084 22.472105211495695, 114.69234137770769 22.46932861254819, 114.69121875810502 22.471699542447315, 114.7092893095499 22.479546618050854, 114.71508794940262 22.47999372003858, 114.71647683160755 22.459490744356348, 114.72333878273008 22.446472585592268, 114.7221242081406 22.445760708030722, 114.71408778754622 22.455001996634817, 114.69518359378316 22.4574836898325, 114.69974404532084 22.472105211495695))",11657.402287888806
292,22.56352722845033,114.67990755364801,5,anchorage,"POLYGON ((114.67445170847073 22.56558180498036, 114.67237599850587 22.586644298965304, 114.67418583273496 22.58694417984763, 114.67952161066646 22.568745790705254, 114.69548140770732 22.53273586071089, 114.69322099158629 22.531785035601537, 114.67445170847073 22.56558180498036))",8686.607658982739
