port_id,lat,lon,berth_count,polygon
0,36.01968716238811,120.21791027994517,9,"MULTIPOLYGON (((120.22720981249998 36.02840505263157, 120.22720981249998 36.02873900000001, 120.22796415789472 36.02873900000001, 120.22796415789472 36.02840505263157, 120.22720981249998 36.02840505263157)), ((120.23074341025641 36.02652143589743, 120.23120364705879 36.02652143589743, 120.23120364705879 36.02625771212121, 120.23074341025641 36.02625771212121, 120.23074341025641 36.02652143589743)), ((120.2200842222222 36.02462244444445, 120.2200842222222 36.02397678461537, 120.21926049122807 36.02397678461537, 120.21926049122807 36.02462244444445, 120.2200842222222 36.02462244444445)), ((120.22172315384614 36.02564965384615, 120.22172315384614 36.025714792452824, 120.22174083018868 36.025714792452824, 120.22174083018868 36.02564965384615, 120.22172315384614 36.02564965384615)), ((120.2228654 36.02647252500001, 120.2228654 36.027137047619036, 120.22391180952381 36.027137047619036, 120.22391180952381 36.02647252500001, 120.2228654 36.02647252500001)), ((120.21364057142856 36.020202285714284, 120.21364057142856 36.02057378571428, 120.21398578571429 36.02057378571428, 120.21398578571429 36.020202285714284, 120.21364057142856 36.020202285714284)), ((120.21434583606555 36.01814491803278, 120.2147194166667 36.01814491803278, 120.2147194166667 36.017917708333336, 120.21434583606555 36.017917708333336, 120.21434583606555 36.01814491803278)), ((120.21567569047619 36.01700597619046, 120.21656422916665 36.01700597619046, 120.21656422916665 36.01537457894737, 120.21567569047619 36.01537457894737, 120.21567569047619 36.01700597619046)), ((120.21099910526317 36.01195488235294, 120.21007158823527 36.01195488235294, 120.21007158823527 36.012739473684206, 120.21099910526317 36.012739473684206, 120.21099910526317 36.01195488235294)))"
1,29.97217706946721,121.7366835112708,5,"MULTIPOLYGON (((121.73976107692305 29.971895428571422, 121.73683842857142 29.971895428571422, 121.73683842857142 29.974040600000002, 121.73976107692305 29.974040600000002, 121.73976107692305 29.971895428571422)), ((121.72646250000001 29.965633122448978, 121.72646250000001 29.96538368852459, 121.72594666666664 29.96538368852459, 121.72594666666664 29.965633122448978, 121.72646250000001 29.965633122448978)), ((121.72849532142857 29.967284666666668, 121.72849532142857 29.96772540425531, 121.72878077777777 29.96772540425531, 121.72878077777777 29.967284666666668, 121.72849532142857 29.967284666666668)), ((121.72998547619049 29.96875725531915, 121.73014527083332 29.96875725531915, 121.73014527083332 29.96854264893617, 121.72998547619049 29.96854264893617, 121.72998547619049 29.96875725531915)), ((121.73126663157893 29.969548315789474, 121.73126663157893 29.97061691891891, 121.73278222641511 29.97061691891891, 121.73278222641511 29.969548315789474, 121.73126663157893 29.969548315789474)))"
2,34.43179320754496,119.79529033813246,2,"MULTIPOLYGON (((119.79375766666665 34.428436181818185, 119.7940341 34.428436181818185, 119.7940341 34.42819868750001, 119.79375766666665 34.42819868750001, 119.79375766666665 34.428436181818185)), ((119.79500486956522 34.43074560869565, 119.79500486956522 34.43312175, 119.79568851923075 34.43312175, 119.79568851923075 34.43074560869565, 119.79500486956522 34.43074560869565)))"
3,39.2070441099495,119.00027171294626,20,"MULTIPOLYGON (((119.0039358 39.2074037, 119.0039358 39.211241124999994, 119.01075096875 39.211241124999994, 119.01085058333332 39.20242566666666, 119.00716208333333 39.20242566666666, 119.00716208333333 39.2074037, 119.0039358 39.2074037)), ((119.01242533333335 39.20191095652173, 119.0144514347826 39.20191095652173, 119.0144514347826 39.20130363829787, 119.01242533333335 39.20130363829787, 119.01242533333335 39.20191095652173)), ((119.01563899999998 39.20336510526315, 119.01563899999998 39.203669000000005, 119.01625053125 39.203669000000005, 119.01625053125 39.20336510526315, 119.01563899999998 39.20336510526315)), ((119.01721157142858 39.20511315789473, 119.01721157142858 39.20582140384615, 119.01831980769232 39.20582140384615, 119.01831980769232 39.20511315789473, 119.01721157142858 39.20511315789473)), ((119.01935289285716 39.207050607142854, 119.01935289285716 39.208361625, 119.02035837500001 39.208361625, 119.02035837500001 39.207050607142854, 119.01935289285716 39.207050607142854)), ((118.99417348913045 39.21475753125, 118.99417348913045 39.215991343749984, 118.99893167777778 39.215991343749984, 118.99893167777778 39.21475753125, 118.99485558333333 39.21475753125, 118.99485558333333 39.212602, 118.99479888111888 39.21475753125, 118.99417348913045 39.21475753125)), ((118.99963257142858 39.212778428571426, 118.99974176785715 39.212778428571426, 118.99974176785715 39.21169628571428, 118.99963257142858 39.21169628571428, 118.99963257142858 39.212778428571426)), ((118.99996466666667 39.2100616532258, 119.0002069919355 39.2100616532258, 119.0002069919355 39.209662, 118.99996466666667 39.209662, 118.99996466666667 39.2100616532258)), ((118.99273918918918 39.20278697435897, 118.99420548717947 39.20278697435897, 118.99420548717947 39.202407918918915, 118.99273918918918 39.202407918918915, 118.99273918918918 39.20278697435897)), ((118.99735556756754 39.20367247826087, 118.99735556756754 39.20368129054053, 118.99738334782606 39.20368129054053, 118.99738334782606 39.20367247826087, 118.99735556756754 39.20367247826087)), ((118.99029336734694 39.20805312244898, 118.99029336734694 39.20869054285715, 118.99249065714288 39.20869054285715, 118.99249065714288 39.20805312244898, 118.99029336734694 39.20805312244898)), ((118.99402366037735 39.20900905660377, 118.99402366037735 39.21001844444444, 118.99469777777777 39.21001844444444, 118.99469777777777 39.20900905660377, 118.99402366037735 39.20900905660377)), ((118.98057017964068 39.198922311377245, 118.98057017964068 39.19945496341463, 118.98235171428573 39.19945496341463, 118.98235171428573 39.198922311377245, 118.98057017964068 39.198922311377245)), ((118.97903233333335 39.20001172727274, 118.97903233333335 39.201082416666665, 118.97941436363632 39.201082416666665, 118.97941436363632 39.20001172727274, 118.97903233333335 39.20001172727274)), ((118.98380558333331 39.19989688461538, 118.98380558333331 39.201200879999995, 118.98823444000001 39.201200879999995, 118.98823444000001 39.19989688461538, 118.98380558333331 39.19989688461538)), ((118.97877267499999 39.204847698113205, 118.97877267499999 39.20684825581395, 118.98577488372095 39.20684825581395, 118.98577488372095 39.204847698113205, 118.97877267499999 39.204847698113205)))"
4,34.47578438738739,119.78656495495498,1,"POLYGON ((119.78428866666667 34.47323866666667, 119.78428866666667 34.47833010810812, 119.78884124324325 34.47833010810812, 119.78884124324325 34.47323866666667, 119.78428866666667 34.47323866666667))"
5,34.442531821809986,119.79593709381375,2,"POLYGON ((119.79554309090909 34.44461026086957, 119.79576007142857 34.44612339999999, 119.79576007142857 34.44461026086957, 119.79635406666665 34.44461026086957, 119.79635406666665 34.44021545454546, 119.79554309090909 34.44021545454546, 119.79554309090909 34.44461026086957))"
6,34.589525017564014,119.60760299866048,3,"MULTIPOLYGON (((119.6120666 34.58778016129032, 119.61216325 34.58778016129032, 119.61216325 34.587550799999995, 119.6120666 34.587550799999995, 119.6120666 34.58778016129032)), ((119.60606175 34.59012616666666, 119.60575408771929 34.59012616666666, 119.60575408771929 34.59032028947368, 119.60606175 34.59032028947368, 119.60606175 34.59012616666666)), ((119.60831541509434 34.589333169811326, 119.60832487500001 34.589333169811326, 119.60832487500001 34.589153624999994, 119.60831541509434 34.589153624999994, 119.60831541509434 34.589333169811326)))"
7,38.97945777677417,118.4556808631602,22,"MULTIPOLYGON (((118.45794496226415 38.947652434782604, 118.45794496226415 38.947977599999994, 118.45841039130437 38.947977599999994, 118.45841039130437 38.947652434782604, 118.45794496226415 38.947652434782604)), ((118.46041329166667 38.94670220879121, 118.46146031578947 38.94670220879121, 118.46146031578947 38.946235947368415, 118.46041329166667 38.946235947368415, 118.46041329166667 38.94670220879121)), ((118.46346755882351 38.94500285416667, 118.46420587323942 38.94500285416667, 118.46420587323942 38.94427353846154, 118.46346755882351 38.94427353846154, 118.46346755882351 38.94500285416667)), ((118.45494000000001 38.968597307692306, 118.45500299999999 38.984668400000004, 118.45534883333333 38.986973612244896, 118.45531109302325 38.95534704878048, 118.45494000000001 38.968597307692306)), ((118.45485200000002 38.99945938181817, 118.45485200000002 39.00617276470588, 118.45526468421053 39.00617276470588, 118.45532425000002 38.993290249999994, 118.45485200000002 38.99945938181817)), ((118.45474233333331 38.98998216666667, 118.45474233333331 38.99059535714285, 118.45536424999999 38.99059535714285, 118.45536424999999 38.98998216666667, 118.45474233333331 38.98998216666667)), ((118.45511244117644 38.9525692183908, 118.45511244117644 38.95269167272726, 118.45517186363634 38.95269167272726, 118.45517186363634 38.9525692183908, 118.45511244117644 38.9525692183908)), ((118.45388450000002 38.949636235294115, 118.45388450000002 38.94980745614035, 118.45419411764705 38.94980745614035, 118.45419411764705 38.949636235294115, 118.45388450000002 38.949636235294115)))"
8,39.576356754405545,121.26178380057011,2,"MULTIPOLYGON (((121.258022075 39.579919049999994, 121.258022075 39.57996111764706, 121.2580924516129 39.57996111764706, 121.2580924516129 39.579919049999994, 121.258022075 39.579919049999994)), ((121.25889767692306 39.57771215384616, 121.26467133333334 39.57771215384616, 121.26467133333334 39.575, 121.25889767692306 39.575, 121.25889767692306 39.57771215384616)))"
9,39.585994101734556,121.2893948184461,2,"POLYGON ((121.28711030952381 39.588102571428564, 121.28963657142856 39.588102571428564, 121.2896728705882 39.5904254352941, 121.2896728705882 39.588102571428564, 121.29167816666667 39.588102571428564, 121.29167816666667 39.583873050761426, 121.28711030952381 39.583873050761426, 121.28711030952381 39.588102571428564))"
10,39.21634833721446,119.03462474798845,4,"MULTIPOLYGON (((119.02965289130434 39.2135561111111, 119.02931737037038 39.2135561111111, 119.02931737037038 39.21361614285714, 119.02965289130434 39.21361614285714, 119.02965289130434 39.2135561111111)), ((119.03139097560978 39.21474219512195, 119.03139097560978 39.21506578571429, 119.03224378181817 39.21506578571429, 119.03224378181817 39.21474219512195, 119.03139097560978 39.21474219512195)), ((119.03392325000002 39.215777999999986, 119.03392325000002 39.216336, 119.034517 39.216336, 119.034517 39.215777999999986, 119.03392325000002 39.215777999999986)), ((119.03601766666668 39.21712875, 119.03601766666668 39.2176439047619, 119.03704761904761 39.2176439047619, 119.03704761904761 39.21712875, 119.03601766666668 39.21712875)))"
11,39.9213318698581,119.67500798875723,11,"MULTIPOLYGON (((119.67100313953489 39.9271630232558, 119.67100313953489 39.926704794871796, 119.6704742 39.926704794871796, 119.6704742 39.9271630232558, 119.67100313953489 39.9271630232558)), ((119.6724075714286 39.92886035714286, 119.6724075714286 39.930050900000005, 119.67352546666663 39.930050900000005, 119.67352546666663 39.92886035714286, 119.6724075714286 39.92886035714286)), ((119.6760603157895 39.927391849999985, 119.67642492499999 39.927391849999985, 119.67646397959183 39.924686204081624, 119.6762234 39.924686204081624, 119.6760603157895 39.927391849999985)), ((119.67654337499997 39.922816250000004, 119.6767833397972 39.917650574074074, 119.67758645833334 39.917650574074074, 119.6777 39.913774749999995, 119.67661477464786 39.913774749999995, 119.67654337499997 39.922816250000004)), ((119.66594760000001 39.92981399999999, 119.66594760000001 39.928643666666666, 119.66557038888887 39.928643666666666, 119.66557038888887 39.92981399999999, 119.66594760000001 39.92981399999999)), ((119.66769350000001 39.93039974999999, 119.66769350000001 39.93080244594595, 119.66847979999999 39.93080244594595, 119.66847979999999 39.93039974999999, 119.66769350000001 39.93039974999999)), ((119.67114045652173 39.933010821839076, 119.67114045652173 39.933319499999996, 119.6715027777778 39.933319499999996, 119.6715027777778 39.933010821839076, 119.67114045652173 39.933010821839076)))"
12,38.94349002678571,118.44657426654135,1,"POLYGON ((118.44363578571429 38.942019625, 118.44363578571429 38.94496042857143, 118.4495127473684 38.94496042857143, 118.4495127473684 38.942019625, 118.44363578571429 38.942019625))"
13,38.978639460331514,117.77272686508711,21,"MULTIPOLYGON (((117.77877475 38.968718513513515, 117.77877475 38.96885, 117.77900774545456 38.96885, 117.77900774545456 38.968718513513515, 117.77877475 38.968718513513515)), ((117.78112772222225 38.96841754545454, 117.78210329310345 38.96841754545454, 117.78210329310345 38.9682511111111, 117.78112772222225 38.9682511111111, 117.78112772222225 38.96841754545454)), ((117.78343990476189 38.96798966666667, 117.78518105714286 38.96798966666667, 117.78518105714286 38.96753914285715, 117.78343990476189 38.96753914285715, 117.78343990476189 38.96798966666667)), ((117.78800958333333 38.96733285000001, 117.78912627397258 38.96733285000001, 117.78912627397258 38.967117767123284, 117.78800958333333 38.967117767123284, 117.78800958333333 38.96733285000001)), ((117.7792885882353 38.98640412499999, 117.7792885882353 38.98719928125, 117.77937874999999 38.98719928125, 117.77937874999999 38.98640412499999, 117.7792885882353 38.98640412499999)), ((117.780412 38.98397428, 117.78081403125 38.98397428, 117.78081403125 38.983674406249996, 117.780412 38.983674406249996, 117.780412 38.98397428)), ((117.78184513043477 38.98263733333334, 117.78184513043477 38.98297047826086, 117.78240038095238 38.98297047826086, 117.78240038095238 38.98263733333334, 117.78184513043477 38.98263733333334)), ((117.7834592745098 38.981904686274504, 117.78443256 38.981904686274504, 117.78443256 38.9812474, 117.7834592745098 38.9812474, 117.7834592745098 38.981904686274504)), ((117.78725942424241 38.979388757575755, 117.7891133125 38.979388757575755, 117.7891133125 38.97818309375, 117.78725942424241 38.97818309375, 117.78725942424241 38.979388757575755)), ((117.78381004 38.97435111999999, 117.78381004 38.97435686956521, 117.78382156521738 38.97435686956521, 117.78382156521738 38.97435111999999, 117.78381004 38.97435111999999)), ((117.78588434782606 38.97373836363636, 117.78614528070176 38.97373836363636, 117.78614528070176 38.97365795, 117.78588434782606 38.97365795, 117.78588434782606 38.97373836363636)), ((117.7761223043478 38.97658834782608, 117.77642769230769 38.97658834782608, 117.77642769230769 38.9765011025641, 117.7761223043478 38.9765011025641, 117.7761223043478 38.97658834782608)), ((117.75792987755102 38.972841781818175, 117.75792987755102 38.972885020408164, 117.75809609615385 38.972885020408164, 117.75809609615385 38.972841781818175, 117.75792987755102 38.972841781818175)), ((117.76095890196078 38.97228203636364, 117.7609968627451 38.97228203636364, 117.7609968627451 38.97212154901961, 117.76095890196078 38.97212154901961, 117.76095890196078 38.97228203636364)), ((117.76344709803922 38.97188445312499, 117.763495546875 38.97188445312499, 117.763495546875 38.97172473469388, 117.76344709803922 38.97172473469388, 117.76344709803922 38.97188445312499)), ((117.76638192982455 38.971495208333316, 117.76645137179487 38.971495208333316, 117.76645137179487 38.97133480357142, 117.76638192982455 38.97133480357142, 117.76638192982455 38.971495208333316)), ((117.76881932258063 38.970414769230764, 117.76921669230771 38.970414769230764, 117.76921669230771 38.97027307692308, 117.76881932258063 38.97027307692308, 117.76881932258063 38.970414769230764)), ((117.77207838888889 38.96993691666666, 117.77242226086956 38.96993691666666, 117.77242226086956 38.969797130434785, 117.77207838888889 38.969797130434785, 117.77207838888889 38.96993691666666)), ((117.76457956603774 38.97645525, 117.76477959574468 38.97645525, 117.76477959574468 38.97632965957447, 117.76457956603774 38.97632965957447, 117.76457956603774 38.97645525)), ((117.75786505454545 38.981627285714296, 117.75786505454545 38.98266415, 117.76138431707317 38.98266415, 117.76138431707317 38.981627285714296, 117.75786505454545 38.981627285714296)), ((117.75231630769231 38.97415777777777, 117.75231630769231 38.9746120232558, 117.75356564646464 38.9746120232558, 117.75356564646464 38.97415777777777, 117.75231630769231 38.97415777777777)))"
14,40.25366484271869,122.08751317600314,4,"POLYGON ((122.09167900000001 40.246916285714285, 122.08176362499998 40.246916285714285, 122.08176362499998 40.26135955434782, 122.09167900000001 40.26135955434782, 122.09167900000001 40.2535498, 122.09463598684209 40.2535498, 122.09477038888886 40.25112887499999, 122.09471966666668 40.24710118897638, 122.09167900000001 40.246916285714285))"
15,38.965628960937494,118.47323886938536,1,"POLYGON ((118.4692711111111 38.960871921875004, 118.4692711111111 38.97038599999999, 118.47720662765957 38.97038599999999, 118.47720662765957 38.960871921875004, 118.4692711111111 38.960871921875004))"
16,29.97107163888889,122.15101591457288,1,"POLYGON ((122.15023200000002 29.970296500000007, 122.15023200000002 29.97184677777778, 122.15179982914574 29.97184677777778, 122.15179982914574 29.970296500000007, 122.15023200000002 29.970296500000007))"
17,31.02383142803031,121.48633245241143,1,"POLYGON ((121.48603305633804 31.023324606060616, 121.48603305633804 31.024338250000003, 121.48663184848485 31.024338250000003, 121.48663184848485 31.023324606060616, 121.48603305633804 31.023324606060616))"
18,31.049989665108807,121.47389275326142,12,"MULTIPOLYGON (((121.47528800000002 31.039779199999998, 121.47528800000002 31.0415094, 121.47580788235295 31.0415094, 121.4754819347826 31.046720606060614, 121.47581880000001 31.046720606060614, 121.47581880000001 31.044503250000005, 121.47643000000001 31.044503250000005, 121.47643000000001 31.0415094, 121.4769948 31.0415094, 121.4769948 31.039779199999998, 121.47528800000002 31.039779199999998)), ((121.47724539999996 31.03407761111111, 121.47711338888887 31.03407761111111, 121.47711338888887 31.03416199999999, 121.47724539999996 31.03416199999999, 121.47724539999996 31.03407761111111)), ((121.47405566666669 31.051144931034475, 121.47405566666669 31.05206344791667, 121.47459662500002 31.05206344791667, 121.47459662500002 31.051144931034475, 121.47405566666669 31.051144931034475)), ((121.47187349999999 31.05844149999999, 121.47187349999999 31.058736666666668, 121.47232899999997 31.058736666666668, 121.47232899999997 31.05844149999999, 121.47187349999999 31.05844149999999)), ((121.47244265384613 31.056938821917797, 121.472763625 31.056938821917797, 121.472763625 31.056698746987948, 121.47244265384613 31.056698746987948, 121.47244265384613 31.056938821917797)), ((121.4670402 31.0724986, 121.4670402 31.073115875000003, 121.46771012499998 31.073115875000003, 121.46815999999998 31.069959416666663, 121.46752564814815 31.069959416666663, 121.46752564814815 31.0724986, 121.4670402 31.0724986)), ((121.46850139999997 31.068603, 121.46878324999999 31.068603, 121.46878324999999 31.06806396, 121.46850139999997 31.06806396, 121.46850139999997 31.068603)), ((121.46890857142857 31.066193285714277, 121.46908771428572 31.066193285714277, 121.46908771428572 31.06583207142857, 121.46890857142857 31.06583207142857, 121.46890857142857 31.066193285714277)), ((121.469979 31.0642492, 121.47026119999998 31.0642492, 121.47026119999998 31.063077786885252, 121.469979 31.063077786885252, 121.469979 31.0642492)))"
19,26.724697889399835,119.73545271716971,2,"MULTIPOLYGON (((119.73500000000001 26.725000000000005, 119.73577336363634 26.725000000000005, 119.73577336363634 26.724154074074075, 119.73500000000001 26.724154074074075, 119.73500000000001 26.725000000000005)), ((119.73609817647058 26.7259164, 119.73609817647058 26.726206999999995, 119.73629766666664 26.726206999999995, 119.73629766666664 26.7259164, 119.73609817647058 26.7259164)))"
20,31.132973250000006,121.45873888333331,1,"POLYGON ((121.45754916666664 31.132413999999994, 121.45754916666664 31.1335325, 121.45992859999998 31.1335325, 121.45992859999998 31.132413999999994, 121.45754916666664 31.132413999999994))"
21,26.041514211904758,119.50254918103448,1,"POLYGON ((119.502072 26.04030961428571, 119.502072 26.042718809523812, 119.50302636206895 26.042718809523812, 119.50302636206895 26.04030961428571, 119.502072 26.04030961428571))"
22,31.498555156860743,121.37202758724361,3,"MULTIPOLYGON (((121.370263375 31.498358375, 121.37259999999996 31.498358375, 121.37259999999996 31.496945823529416, 121.370263375 31.496945823529416, 121.370263375 31.498358375)), ((121.37297869811319 31.499766519480513, 121.37297869811319 31.50149245454545, 121.37381081818182 31.50149245454545, 121.37381081818182 31.499771149999987, 121.37517976623377 31.499771149999987, 121.37297869811319 31.499766519480513)))"
23,38.98579963163155,117.73724760175661,4,"MULTIPOLYGON (((117.73702153977273 38.98586048863637, 117.73597070000001 38.98586048863637, 117.73597070000001 38.98626331372549, 117.73702153977273 38.98626331372549, 117.73702153977273 38.98586048863637)), ((117.73838953333332 38.985410599999994, 117.73926379310342 38.985410599999994, 117.73926379310342 38.98509847619047, 117.73838953333332 38.98509847619047, 117.73838953333332 38.985410599999994)), ((117.74141999999999 38.984261599999996, 117.74150666666664 38.984261599999996, 117.74150666666664 38.98413175, 117.74141999999999 38.98413175, 117.74141999999999 38.984261599999996)), ((117.7319738695652 38.98773884, 117.7319738695652 38.98765867391303, 117.73160759999999 38.98765867391303, 117.73160759999999 38.98773884, 117.7319738695652 38.98773884)))"
24,27.997301029411766,120.87548328214285,1,"POLYGON ((120.87246025000002 27.9971175, 120.87246025000002 27.997484558823526, 120.8785063142857 27.997484558823526, 120.8785063142857 27.9971175, 120.87246025000002 27.9971175))"
25,31.998656577777776,120.55586262222225,1,"POLYGON ((120.55422602222222 31.998370999999995, 120.55422602222222 31.998942155555557, 120.55749922222225 31.998942155555557, 120.55749922222225 31.998370999999995, 120.55422602222222 31.998370999999995))"
26,27.970301845810585,120.79345722855359,2,"MULTIPOLYGON (((120.790171 27.970674196969693, 120.79674361538463 27.970674196969693, 120.79674361538463 27.96992946153846, 120.790171 27.96992946153846, 120.790171 27.970674196969693)), ((120.78518334375 27.972029199999998, 120.7852235 27.972029199999998, 120.7852235 27.972028031249998, 120.78518334375 27.972028031249998, 120.78518334375 27.972029199999998)))"
27,31.312757969318174,121.55490088888888,1,"POLYGON ((121.55477577777778 31.312244363636353, 121.55477577777778 31.313271574999995, 121.555026 31.313271574999995, 121.555026 31.312244363636353, 121.55477577777778 31.312244363636353))"
28,39.505986220861914,121.27218414215608,2,"POLYGON ((121.27201862500002 39.50377208333333, 121.27201862500002 39.50979033333333, 121.27233904761906 39.50979033333333, 121.27231656097561 39.50066580487805, 121.27201862500002 39.50377208333333))"
29,31.92506107827754,120.16481182364605,20,"MULTIPOLYGON (((120.1914013448276 31.91679572222222, 120.1914013448276 31.917701172413796, 120.19157158333336 31.917701172413796, 120.19157158333336 31.91679572222222, 120.1914013448276 31.91679572222222)), ((120.19234046341462 31.919013260869555, 120.19234046341462 31.91914510000001, 120.1924358 31.91914510000001, 120.1924358 31.919013260869555, 120.19234046341462 31.919013260869555)), ((120.17661266666667 31.924273392857135, 120.18988014999998 31.924147607142842, 120.18988014999998 31.923837199999994, 120.18047106153846 31.923759000000004, 120.18047106153846 31.924110111111112, 120.17661266666667 31.924273392857135)), ((120.19088028571431 31.92296878571428, 120.19381314444442 31.92296878571428, 120.19381314444442 31.92269171929824, 120.19088655000002 31.92269171929824, 120.19088028571431 31.92219242857143, 120.19088028571431 31.92296878571428)), ((120.18421907142859 31.918049750000005, 120.18421907142859 31.91973964285713, 120.1846193125 31.91973964285713, 120.1846193125 31.918049750000005, 120.18421907142859 31.918049750000005)), ((120.16430623076926 31.92354207692308, 120.165991 31.923723781250004, 120.165991 31.92524970689655, 120.169045880597 31.92524970689655, 120.16907784615384 31.923256095238095, 120.16430623076926 31.92354207692308)), ((120.16917325000001 31.921974039473685, 120.16976985393258 31.921974039473685, 120.16976985393258 31.919872019999993, 120.16917325000001 31.919872019999993, 120.16917325000001 31.921974039473685)), ((120.15802029166667 31.92195714705882, 120.15802029166667 31.92292766666666, 120.15862666666665 31.92292766666666, 120.15844575 31.92001784615384, 120.15802029166667 31.92195714705882)), ((120.15278380952381 31.92659536956522, 120.15278380952381 31.926899900000002, 120.15561339130434 31.926899900000002, 120.15561339130434 31.92659536956522, 120.15278380952381 31.92659536956522)), ((120.15695275757575 31.92638681818181, 120.15831745238093 31.92638681818181, 120.15831745238093 31.92618430769231, 120.15695275757575 31.92618430769231, 120.15695275757575 31.92638681818181)), ((120.14494892 31.928038300000008, 120.14494892 31.928130720000002, 120.14550109677418 31.928130720000002, 120.14550109677418 31.928038300000008, 120.14494892 31.928038300000008)), ((120.14702593333334 31.92786133333334, 120.1480074807692 31.92786133333334, 120.1480074807692 31.92769870000001, 120.14702593333334 31.92769870000001, 120.14702593333334 31.92786133333334)), ((120.1364029090909 31.93018609090909, 120.13784590196079 31.93018609090909, 120.13784590196079 31.92988615555554, 120.1364029090909 31.92988615555554, 120.1364029090909 31.93018609090909)), ((120.12860300000001 31.93211423170732, 120.1321109054054 31.93211423170732, 120.1321109054054 31.931237439999993, 120.12860300000001 31.931237439999993, 120.12860300000001 31.93211423170732)))"
30,31.479459416666664,121.4022147722222,1,"POLYGON ((121.40170893333332 31.47897, 121.40170893333332 31.479948833333335, 121.4027206111111 31.479948833333335, 121.4027206111111 31.47897, 121.40170893333332 31.47897))"
31,38.95396608133181,118.48273088372095,1,"POLYGON ((118.47804800000003 38.94827506976744, 118.47804800000003 38.95965709289618, 118.48741376744188 38.95965709289618, 118.48741376744188 38.94827506976744, 118.47804800000003 38.94827506976744))"
32,31.742340981974518,121.03763747602888,2,"MULTIPOLYGON (((121.04189805769231 31.740456407407407, 121.04362788888888 31.740456407407407, 121.04362788888888 31.739690666666664, 121.04189805769231 31.739690666666664, 121.04189805769231 31.740456407407407)), ((121.03465080434779 31.74364288888889, 121.03846639705881 31.74364288888889, 121.03846639705881 31.741993632352937, 121.03465080434779 31.741993632352937, 121.03465080434779 31.74364288888889)))"
33,19.963932830910984,110.03675158157262,2,"POLYGON ((110.03460860465115 19.964070823529408, 110.03778353846154 19.964070823529408, 110.03778353846154 19.96443922222222, 110.0387732105263 19.96443922222222, 110.0387732105263 19.96388570833333, 110.03634652941177 19.96358997674418, 110.03460860465115 19.96358997674418, 110.03460860465115 19.964070823529408))"
34,23.094788812759575,113.43974387718069,3,"MULTIPOLYGON (((113.44276269411763 23.094481028037375, 113.4457958 23.094481028037375, 113.4457958 23.094223, 113.44276269411763 23.094223, 113.44276269411763 23.094481028037375)), ((113.43205736170212 23.095355916666662, 113.431991625 23.095355916666662, 113.431991625 23.095529374999998, 113.43205736170212 23.095529374999998, 113.43205736170212 23.095355916666662)), ((113.43453664948453 23.095250752577318, 113.43826303571427 23.095250752577318, 113.43826303571427 23.094972971223022, 113.43453664948453 23.094972971223022, 113.43453664948453 23.095250752577318)))"
35,21.078187943829374,110.43030491411412,1,"POLYGON ((110.43011804444443 21.078049297297298, 110.43011804444443 21.07832659036145, 110.43049178378376 21.07832659036145, 110.43049178378376 21.078049297297298, 110.43011804444443 21.078049297297298))"
36,23.44373875454347,116.50520358282894,2,"MULTIPOLYGON (((116.50181016666664 23.44260933333333, 116.50272344444444 23.44260933333333, 116.50272344444444 23.44242111111111, 116.50181016666664 23.44242111111111, 116.50181016666664 23.44260933333333)), ((116.5039802222222 23.443694249999997, 116.5039802222222 23.444103216216213, 116.50719491891894 23.444103216216213, 116.50719491891894 23.443694249999997, 116.5039802222222 23.443694249999997)))"
37,25.18713421655701,119.01389913468309,1,"POLYGON ((119.0133283943662 25.186847245614032, 119.0133283943662 25.187421187499996, 119.01446987499999 25.187421187499996, 119.01446987499999 25.186847245614032, 119.0133283943662 25.186847245614032))"
38,23.061088283333337,113.48173416666664,1,"POLYGON ((113.48014399999998 23.060458366666673, 113.48014399999998 23.0617182, 113.48332433333331 23.0617182, 113.48332433333331 23.060458366666673, 113.48014399999998 23.060458366666673))"
39,35.595100932352935,119.78969415544502,1,"POLYGON ((119.78513560869565 35.58571570588235, 119.78513560869565 35.60448615882352, 119.79425270219436 35.60448615882352, 119.79425270219436 35.58571570588235, 119.78513560869565 35.58571570588235))"
40,31.221304999999994,118.11700324999997,1,"POLYGON ((118.1146665 31.22, 118.1146665 31.222609999999992, 118.11934 31.222609999999992, 118.11934 31.22, 118.1146665 31.22))"
41,36.6718858325,121.23528708858696,1,"POLYGON ((121.2352396521739 36.671162625, 121.2352396521739 36.672609040000005, 121.23533452500003 36.672609040000005, 121.23533452500003 36.671162625, 121.2352396521739 36.671162625))"
42,21.572426246721232,108.3582812392313,2,"MULTIPOLYGON (((108.35751994736843 21.57456691304348, 108.35904584057972 21.57456691304348, 108.35904584057972 21.570296368421054, 108.35751994736843 21.570296368421054, 108.35751994736843 21.57456691304348)), ((108.35589941666666 21.56479401851852, 108.35595507407406 21.56479401851852, 108.35595507407406 21.564711716666668, 108.35589941666666 21.564711716666668, 108.35589941666666 21.56479401851852)))"
43,23.49324378157685,116.48834450752639,2,"MULTIPOLYGON (((116.48778019999997 23.496098749999998, 116.48891116666667 23.496098749999998, 116.48891116666667 23.490381666666664, 116.48778019999997 23.490381666666664, 116.48778019999997 23.496098749999998)), ((116.48595110526315 23.500492010526315, 116.48599293333335 23.500492010526315, 116.48599293333335 23.500415399999994, 116.48595110526315 23.500415399999994, 116.48595110526315 23.500492010526315)))"
44,25.979449267052466,119.46724549021718,4,"MULTIPOLYGON (((119.47441898507459 25.987877849462365, 119.47456275 25.987877849462365, 119.47456275 25.98774798947369, 119.47441898507459 25.98774798947369, 119.47441898507459 25.987877849462365)), ((119.475932 25.989495999999995, 119.475932 25.98967015942029, 119.47615716666665 25.98967015942029, 119.47615716666665 25.989495999999995, 119.475932 25.989495999999995)), ((119.46875841463415 25.981079243902435, 119.46875841463415 25.977353428571426, 119.46527671428568 25.977353428571426, 119.46527671428568 25.981079243902435, 119.46875841463415 25.981079243902435)), ((119.470307893617 25.982506880000006, 119.470307893617 25.983342714285715, 119.4711575 25.983342714285715, 119.4711575 25.982506880000006, 119.470307893617 25.982506880000006)))"
45,21.619881778319797,108.37290079273554,2,"MULTIPOLYGON (((108.37148629411763 21.620813138461536, 108.37351056923077 21.620813138461536, 108.37351056923077 21.617657352941173, 108.37148629411763 21.617657352941173, 108.37148629411763 21.620813138461536)), ((108.37446620754716 21.622438849056604, 108.37446620754716 21.623826555555556, 108.37538171739129 21.623826555555556, 108.37538171739129 21.622438849056604, 108.37446620754716 21.622438849056604)))"
46,40.31053386707911,122.07631931331346,2,"MULTIPOLYGON (((122.07295259999997 40.31562514893617, 122.07295259999997 40.3159346, 122.07315566666668 40.3159346, 122.07315566666668 40.31562514893617, 122.07295259999997 40.31562514893617)), ((122.07375414285713 40.314251799999994, 122.0788951935484 40.314251799999994, 122.0788951935484 40.306798727272735, 122.07375414285713 40.306798727272735, 122.07375414285713 40.314251799999994)))"
47,32.18756893994246,119.0321453115769,3,"MULTIPOLYGON (((119.02782763461538 32.184674666666666, 119.02799025000002 32.184674666666666, 119.02799025000002 32.184396209677416, 119.02782763461538 32.184396209677416, 119.02782763461538 32.184674666666666)), ((119.0308477142857 32.186848857142856, 119.0308477142857 32.18743798181818, 119.03200352000002 32.18743798181818, 119.03200352000002 32.186848857142856, 119.0308477142857 32.186848857142856)), ((119.03312224675324 32.18811145454545, 119.03312224675324 32.18874338636363, 119.03390953333331 32.18874338636363, 119.03390953333331 32.18811145454545, 119.03312224675324 32.18811145454545)))"
48,31.809016082768892,120.94991442066492,5,"MULTIPOLYGON (((120.95151345454548 31.807309666666665, 120.9503568 31.807309666666665, 120.9503568 31.80813979999999, 120.95151345454548 31.80813979999999, 120.95151345454548 31.807309666666665)), ((120.95287293333332 31.806044066666672, 120.95304350000002 31.806044066666672, 120.95304350000002 31.80588183333333, 120.95287293333332 31.80588183333333, 120.95287293333332 31.806044066666672)), ((120.94654057142854 31.8129256, 120.94654057142854 31.813226020408162, 120.94676248717946 31.813226020408162, 120.94676248717946 31.8129256, 120.94654057142854 31.8129256)), ((120.94525655555556 31.814141306666667, 120.94525655555556 31.814523888888885, 120.94559836000002 31.814523888888885, 120.94559836000002 31.814141306666667, 120.94525655555556 31.814141306666667)), ((120.94795352173914 31.811551826086955, 120.94842800653593 31.811551826086955, 120.94842800653593 31.811233915032684, 120.94795352173914 31.811233915032684, 120.94795352173914 31.811551826086955)))"
49,31.945751641242946,120.18102925,1,"POLYGON ((120.17917382000002 31.94509233333334, 120.17917382000002 31.946410949152547, 120.18288467999999 31.946410949152547, 120.18288467999999 31.94509233333334, 120.17917382000002 31.94509233333334))"
50,31.760101383607317,118.46723042708649,7,"MULTIPOLYGON (((118.46262666666664 31.754401333333327, 118.462932 31.754401333333327, 118.462932 31.753381111111114, 118.46262666666664 31.753381111111114, 118.46262666666664 31.754401333333327)), ((118.46405810000002 31.75593772727272, 118.46405810000002 31.75760522222223, 118.46493655882354 31.75760522222223, 118.46493655882354 31.761906976470588, 118.467742375 31.761906976470588, 118.467742375 31.763916833333333, 118.46851411111109 31.763916833333333, 118.46851411111109 31.761906976470588, 118.46967990909089 31.761906976470588, 118.46967990909089 31.758591399999997, 118.46596263636364 31.758591399999997, 118.46596263636364 31.75593772727272, 118.46405810000002 31.75593772727272)), ((118.4705372 31.764952700000002, 118.4705372 31.76524731914894, 118.47076409574467 31.76524731914894, 118.47076409574467 31.764952700000002, 118.4705372 31.764952700000002)), ((118.473020375 31.765406090909085, 118.473020375 31.767241000000002, 118.47367890909092 31.767241000000002, 118.47367890909092 31.765406090909085, 118.473020375 31.765406090909085)))"
51,31.283172093830615,118.20637969705098,13,"MULTIPOLYGON (((118.1938574 31.274514399999997, 118.19404585416667 31.278850187499998, 118.19854511111113 31.278850187499998, 118.19854511111113 31.28037694999999, 118.2018947878788 31.28037694999999, 118.2018947878788 31.286686, 118.21056739999999 31.286686, 118.21056739999999 31.289148000000004, 118.21488845454543 31.289148000000004, 118.21488845454543 31.290225, 118.2181533333333 31.290225, 118.2181533333333 31.2908306, 118.22193894117649 31.290656000000006, 118.22193894117649 31.28990402941177, 118.21737006153847 31.289661999999993, 118.21737006153847 31.28729987692308, 118.21543814285714 31.28729987692308, 118.21543814285714 31.286705361702126, 118.21338790909088 31.286705361702126, 118.21338790909088 31.283647785714287, 118.2094185 31.283647785714287, 118.2094185 31.27923328571428, 118.20090130952383 31.27923328571428, 118.20090130952383 31.278174380952375, 118.20037138095238 31.278174380952375, 118.20037138095238 31.276065238095235, 118.1946130909091 31.276065238095235, 118.1946130909091 31.274514399999997, 118.1938574 31.274514399999997)), ((118.19964337500001 31.271054521739128, 118.19945860869565 31.271054521739128, 118.19945860869565 31.271435, 118.19964337500001 31.271435, 118.19964337500001 31.271054521739128)), ((118.1868894705882 31.27105605882352, 118.1868894705882 31.271774083333323, 118.18722216666667 31.271774083333323, 118.18722216666667 31.27105605882352, 118.1868894705882 31.27105605882352)))"
52,31.305150036330787,121.5601069142857,1,"POLYGON ((121.55977499999997 31.302903264150945, 121.55977499999997 31.30739680851063, 121.56043882857144 31.30739680851063, 121.56043882857144 31.302903264150945, 121.55977499999997 31.302903264150945))"
53,26.458879587736863,119.69842432036208,2,"MULTIPOLYGON (((119.69222386842104 26.462308534883718, 119.69435988888887 26.462308534883718, 119.69435988888887 26.46120616666667, 119.69222386842104 26.46120616666667, 119.69222386842104 26.462308534883718)), ((119.69571873076923 26.46044214102564, 119.7021473076923 26.46044214102564, 119.7021473076923 26.45674657894737, 119.69571873076923 26.45674657894737, 119.69571873076923 26.46044214102564)))"
54,25.731209109374994,119.62081494767845,1,"POLYGON ((119.61986343589744 25.729530999999994, 119.61986343589744 25.73288721875, 119.62176645945944 25.73288721875, 119.62176645945944 25.729530999999994, 119.61986343589744 25.729530999999994))"
55,35.084325477827754,119.36710241459798,8,"MULTIPOLYGON (((119.37276245454542 35.090082621621626, 119.37276245454542 35.092743403225796, 119.3732458918919 35.092743403225796, 119.3732458918919 35.090082621621626, 119.37276245454542 35.090082621621626)), ((119.37348511111112 35.08874219444446, 119.37355928070174 35.08874219444446, 119.37355928070174 35.08843855555556, 119.37348511111112 35.08843855555556, 119.37348511111112 35.08874219444446)), ((119.3720405744681 35.096186361702124, 119.37022217948714 35.096186361702124, 119.37022217948714 35.096851046357614, 119.3720405744681 35.096851046357614, 119.3720405744681 35.096186361702124)), ((119.36375047222222 35.08900741666666, 119.36375047222222 35.08915787931034, 119.36388153846156 35.08915787931034, 119.36388153846156 35.08900741666666, 119.36375047222222 35.08900741666666)), ((119.36400399999998 35.08780470588235, 119.36408071052631 35.08780470588235, 119.36408071052631 35.087446799999995, 119.36400399999998 35.087446799999995, 119.36400399999998 35.08780470588235)), ((119.36432087499999 35.08516131249999, 119.36512979166663 35.08516131249999, 119.36512979166663 35.081329875, 119.36432087499999 35.081329875, 119.36432087499999 35.08516131249999)), ((119.36520564705881 35.08007919607843, 119.36606145454543 35.08007919607843, 119.36606145454543 35.07610363636362, 119.36520564705881 35.07610363636362, 119.36520564705881 35.08007919607843)), ((119.36527361904761 35.09302608695652, 119.36508223809523 35.09302608695652, 119.36508223809523 35.09327614285714, 119.36527361904761 35.09327614285714, 119.36527361904761 35.09302608695652)))"
56,31.943499811921605,120.2191771748521,8,"MULTIPOLYGON (((120.23732434693878 31.943149624999993, 120.235506625 31.943149624999993, 120.235506625 31.94355872340425, 120.23732434693878 31.94355872340425, 120.23732434693878 31.943149624999993)), ((120.23166690000001 31.942270538461532, 120.23008407692306 31.942270538461532, 120.23008407692306 31.94286245, 120.23166690000001 31.94286245, 120.23166690000001 31.942270538461532)), ((120.22546774418602 31.942496382978725, 120.22545506382978 31.942496382978725, 120.22545506382978 31.942521860465124, 120.22546774418602 31.942521860465124, 120.22546774418602 31.942496382978725)), ((120.21398615384612 31.943099000000007, 120.21245950000002 31.943099000000007, 120.21245950000002 31.943256342105254, 120.21398615384612 31.943256342105254, 120.21398615384612 31.943099000000007)), ((120.21613333333336 31.94300847169811, 120.21704554054054 31.94300847169811, 120.21704554054054 31.942621111111105, 120.21613333333336 31.942621111111105, 120.21613333333336 31.94300847169811)), ((120.2201686060606 31.943035695652174, 120.2201686060606 31.9435175882353, 120.22087189393937 31.9435175882353, 120.22087189393937 31.943035695652174, 120.2201686060606 31.943035695652174)), ((120.20698675 31.94382175, 120.20361172222222 31.94382175, 120.20361172222222 31.9442051, 120.20698675 31.9442051, 120.20698675 31.94382175)), ((120.20843470454545 31.945136888888886, 120.207932 31.945136888888886, 120.207932 31.945849068181822, 120.20843470454545 31.945849068181822, 120.20843470454545 31.945136888888886)))"
57,32.04311317416126,119.94979347056885,2,"MULTIPOLYGON (((119.94829278571426 32.04494414285714, 119.94829278571426 32.045054466666656, 119.9487519333333 32.045054466666656, 119.9487519333333 32.04494414285714, 119.94829278571426 32.04494414285714)), ((119.94946527272727 32.043286999999985, 119.95034050000001 32.043286999999985, 119.95034050000001 32.04261463636364, 119.94946527272727 32.04261463636364, 119.94946527272727 32.043286999999985)))"
58,32.315031669237335,119.82226684282799,5,"MULTIPOLYGON (((119.82726931506849 32.312943586956514, 119.82726931506849 32.311842937499996, 119.82616986956519 32.311842937499996, 119.82616986956519 32.312943586956514, 119.82726931506849 32.312943586956514)), ((119.8198912 32.31707947126437, 119.8198912 32.316666999999995, 119.81905766666664 32.316666999999995, 119.81905766666664 32.31707947126437, 119.8198912 32.31707947126437)), ((119.80933610256406 32.3219618, 119.80897325000001 32.3219618, 119.80897325000001 32.32246965714286, 119.80933610256406 32.32246965714286, 119.80933610256406 32.3219618)), ((119.81231468000001 32.32109208000001, 119.81294327272725 32.32109208000001, 119.81294327272725 32.3207756, 119.81231468000001 32.3207756, 119.81231468000001 32.32109208000001)), ((119.81442260377358 32.32014877192982, 119.81454135593218 32.32014877192982, 119.81454135593218 32.32004640677966, 119.81442260377358 32.32004640677966, 119.81442260377358 32.32014877192982)))"
59,35.16082128076924,119.39794967917166,1,"POLYGON ((119.38990697058823 35.16068260000001, 119.38990697058823 35.16095996153847, 119.40599238775512 35.16095996153847, 119.40599238775512 35.16068260000001, 119.38990697058823 35.16068260000001))"
60,34.74699925933355,119.41702477271019,14,"MULTIPOLYGON (((119.43287021428573 34.746325199999994, 119.43287021428573 34.74682971428572, 119.43308948571429 34.74682971428572, 119.43308948571429 34.746325199999994, 119.43287021428573 34.746325199999994)), ((119.43461282352942 34.74824690909091, 119.43461282352942 34.74846476470588, 119.44298413636363 34.748360719999994, 119.43993331818179 34.74826394736842, 119.43461282352942 34.74824690909091)), ((119.42495629896906 34.745569278350516, 119.42474627777777 34.745569278350516, 119.42474627777777 34.745609277777774, 119.42495629896906 34.745609277777774, 119.42495629896906 34.745569278350516)), ((119.41390300000002 34.746564854838695, 119.41531565079364 34.746564854838695, 119.41546800000002 34.749029916666665, 119.41546800000002 34.74722781818181, 119.41775336363638 34.74722781818181, 119.41775336363638 34.744378870967736, 119.41614767741933 34.744378870967736, 119.41614767741933 34.7459588, 119.41390300000002 34.7459588, 119.41390300000002 34.746564854838695)), ((119.42084799999996 34.7472738, 119.42084799999996 34.74739105882354, 119.4209932647059 34.74739105882354, 119.4209932647059 34.7472738, 119.42084799999996 34.7472738)), ((119.39859237499998 34.749757, 119.39859237499998 34.74988475, 119.41188575000001 34.749865574835844, 119.40863114432992 34.7497005, 119.39859237499998 34.749757)))"
61,34.61282378269892,119.55506344310983,2,"MULTIPOLYGON (((119.55330825000001 34.61601616666667, 119.55638304285712 34.61601616666667, 119.55638304285712 34.61000527142858, 119.55330825000001 34.61000527142858, 119.55330825000001 34.61601616666667)), ((119.55912696551724 34.608906, 119.56073026315788 34.608906, 119.56073026315788 34.608389947368416, 119.55912696551724 34.608389947368416, 119.55912696551724 34.608906)))"
62,35.308553454166656,119.51559298,1,"POLYGON ((119.51533659999998 35.30612470833333, 119.51533659999998 35.31098219999999, 119.51584935999998 35.31098219999999, 119.51584935999998 35.30612470833333, 119.51533659999998 35.30612470833333))"
63,34.32602183423562,119.74897431093804,1,"POLYGON ((119.74893588030302 34.32600646060607, 119.74893588030302 34.32603720786517, 119.74901274157304 34.32603720786517, 119.74901274157304 34.32600646060607, 119.74893588030302 34.32600646060607))"
64,32.02533400421503,120.77912626536528,3,"MULTIPOLYGON (((120.78636676 32.02342342666667, 120.78641345454547 32.02342342666667, 120.78641345454547 32.02341193939393, 120.78636676 32.02341193939393, 120.78636676 32.02342342666667)), ((120.77977066000001 32.025117888888886, 120.77846354285715 32.025117888888886, 120.77846354285715 32.025554514285716, 120.77977066000001 32.025554514285716, 120.77977066000001 32.025117888888886)), ((120.78275490909091 32.02472722727272, 120.78277303571429 32.02472722727272, 120.78277303571429 32.024707, 120.78275490909091 32.024707, 120.78275490909091 32.02472722727272)))"
65,32.127713004220006,121.50034733357931,7,"MULTIPOLYGON (((121.5040629390244 32.1202316744186, 121.5040629390244 32.1199942, 121.50365324999999 32.1199942, 121.50365324999999 32.1202316744186, 121.5040629390244 32.1202316744186)), ((121.49892015942027 32.12605166666667, 121.50000625925925 32.12605166666667, 121.50000269718203 32.133333, 121.50087063235293 32.133333, 121.50057148611111 32.1287658125, 121.50373237499998 32.12859275, 121.50166771428572 32.12859275, 121.50166771428572 32.125967200000005, 121.49965235714285 32.125967200000005, 121.49965235714285 32.122225, 121.49892015942027 32.122225, 121.49892015942027 32.12605166666667)), ((121.50103299999999 32.1344225, 121.50103299999999 32.13500033333333, 121.50125325000002 32.13500033333333, 121.50125325000002 32.1344225, 121.50103299999999 32.1344225)))"
66,35.36926158070564,119.54947791221119,3,"MULTIPOLYGON (((119.54726095652174 35.37009312820512, 119.54944701282054 35.37009312820512, 119.54944701282054 35.363394695652175, 119.54726095652174 35.363394695652175, 119.54726095652174 35.37009312820512)), ((119.55026114666668 35.37115662666666, 119.55026114666668 35.37121546753246, 119.55029262337663 35.37121546753246, 119.55029262337663 35.37115662666666, 119.55026114666668 35.37115662666666)), ((119.55079189552237 35.372442866666674, 119.55079189552237 35.37624315217392, 119.55270082142856 35.37624315217392, 119.55270082142856 35.372442866666674, 119.55079189552237 35.372442866666674)))"
67,39.92371335568978,119.64425797109462,5,"MULTIPOLYGON (((119.64297922222221 39.92461033333334, 119.64297922222221 39.9251539375, 119.644140015625 39.9251539375, 119.64444184615384 39.92151923076922, 119.64376259999999 39.92151923076922, 119.64376259999999 39.92461033333334, 119.64297922222221 39.92461033333334)), ((119.64542714285713 39.92037131372548, 119.64551059541985 39.92037131372548, 119.64551059541985 39.92024698473282, 119.64542714285713 39.92024698473282, 119.64542714285713 39.92037131372548)), ((119.64634833333332 39.926118, 119.64634833333332 39.9262098, 119.64679563333333 39.9262098, 119.64679563333333 39.926118, 119.64634833333332 39.926118)), ((119.64907805882352 39.92713052941176, 119.64907805882352 39.92741797826087, 119.64955950000001 39.92741797826087, 119.64955950000001 39.92713052941176, 119.64907805882352 39.92713052941176)))"
68,38.94843498818209,121.84765499469408,2,"MULTIPOLYGON (((121.84739925 38.94869514285714, 121.84790425 38.94869514285714, 121.84790425 38.948158166666666, 121.84739925 38.948158166666666, 121.84739925 38.94869514285714)), ((121.84820790909089 38.949896, 121.84820790909089 38.94992990909091, 121.84825299999999 38.94992990909091, 121.84825299999999 38.949896, 121.84820790909089 38.949896)))"
69,32.00076613333333,120.75392487777778,1,"POLYGON ((120.7533802 32.000552666666664, 120.7533802 32.0009796, 120.75446955555556 32.0009796, 120.75446955555556 32.000552666666664, 120.7533802 32.000552666666664))"
70,31.380488324175825,121.49879814285715,1,"POLYGON ((121.49862985714287 31.379981076923084, 121.49862985714287 31.380995571428567, 121.49896642857144 31.380995571428567, 121.49896642857144 31.379981076923084, 121.49862985714287 31.379981076923084))"
71,31.970261972627352,120.43463849163633,2,"MULTIPOLYGON (((120.43498826562501 31.971370999999998, 120.4376257777778 31.971370999999998, 120.4376257777778 31.97010585714286, 120.43498826562501 31.97010585714286, 120.43498826562501 31.971370999999998)), ((120.42791049514562 31.96887916279069, 120.43010144186044 31.96887916279069, 120.43010144186044 31.968427999999996, 120.42791049514562 31.968427999999996, 120.42791049514562 31.96887916279069)))"
72,31.96585498878249,120.37113515988632,3,"MULTIPOLYGON (((120.36917968421052 31.966207114348148, 120.37278790697674 31.966228813953474, 120.37278790697674 31.96556160909091, 120.36975144927536 31.96556160909091, 120.36975144927536 31.9647146056338, 120.36917968421052 31.9647146056338, 120.36917968421052 31.966207114348148)), ((120.37418325000002 31.9664525625, 120.37418325000002 31.96685761538461, 120.375 31.96685761538461, 120.375 31.9664525625, 120.37418325000002 31.9664525625)))"
73,30.00211050340208,122.07187887830229,3,"MULTIPOLYGON (((122.0716090923077 30.001392861538456, 122.0716090923077 30.00177173535354, 122.06994922580645 30.002035227272728, 122.0716090923077 30.002035227272728, 122.0716090923077 30.00288666666666, 122.07244033333335 30.00288666666666, 122.07244033333335 30.001392861538456, 122.0716090923077 30.001392861538456)), ((122.06658699999998 29.998911272727277, 122.06659340909091 29.998911272727277, 122.06659340909091 29.998879, 122.06658699999998 29.998879, 122.06658699999998 29.998911272727277)))"
74,38.97952188235294,121.75970420588233,1,"POLYGON ((121.7592304117647 38.97926076470589, 121.7592304117647 38.979783, 121.760178 38.979783, 121.760178 38.97926076470589, 121.7592304117647 38.97926076470589))"
75,38.07690004687156,118.94641004333396,2,"MULTIPOLYGON (((118.95444773913046 38.078454533333336, 118.95458553333334 38.078454533333336, 118.95458553333334 38.07843769565218, 118.95444773913046 38.07843769565218, 118.95444773913046 38.078454533333336)), ((118.94543893333332 38.078396500000004, 118.94737466304345 38.078396500000004, 118.94737466304345 38.07540235593221, 118.94543893333332 38.07540235593221, 118.94543893333332 38.078396500000004)))"
76,30.642075496394227,121.18056690064712,1,"POLYGON ((121.17860809859154 30.641212531249998, 121.17860809859154 30.64293846153846, 121.18252570270269 30.64293846153846, 121.18252570270269 30.641212531249998, 121.17860809859154 30.641212531249998))"
77,31.989619799999996,119.9579471903846,1,"POLYGON ((119.95740014999998 31.989136750000004, 119.95740014999998 31.99010285, 119.95849423076923 31.99010285, 119.95849423076923 31.989136750000004, 119.95740014999998 31.989136750000004))"
78,38.997940127320796,121.89467067918423,2,"POLYGON ((121.89120794736843 38.99700835714286, 121.89357851851851 38.99700835714286, 121.89357851851851 38.9992248362069, 121.89587952325581 38.9992248362069, 121.89587952325581 38.996642666666666, 121.89120794736843 38.99700835714286))"
79,31.369975600000004,121.50138618382353,1,"POLYGON ((121.50122925 31.3698272, 121.50122925 31.370124, 121.50154311764703 31.370124, 121.50154311764703 31.3698272, 121.50122925 31.3698272))"
80,25.69957827002288,119.60519296832356,1,"POLYGON ((119.60423446296295 25.697957934782604, 119.60423446296295 25.70119860526316, 119.60615147368419 25.70119860526316, 119.60615147368419 25.697957934782604, 119.60423446296295 25.697957934782604))"
81,40.80267618392452,121.04337089733971,2,"MULTIPOLYGON (((121.04248689795915 40.8039232, 121.04423100000001 40.8039232, 121.04423100000001 40.801467, 121.04248689795915 40.801467, 121.04248689795915 40.8039232)), ((121.04484910869564 40.80022666666665, 121.04507648780488 40.80022666666665, 121.04507648780488 40.800085257575766, 121.04484910869564 40.800085257575766, 121.04484910869564 40.80022666666665)))"
82,25.58272343601684,119.68906892551632,6,"MULTIPOLYGON (((119.68790354444444 25.582327338888888, 119.68635391983122 25.582327338888888, 119.68635391983122 25.583711834782612, 119.68790354444444 25.583711834782612, 119.68790354444444 25.582327338888888)), ((119.69086743589745 25.5821969375, 119.6919121843575 25.5821969375, 119.6919121843575 25.580355143053644, 119.69086743589745 25.580355143053644, 119.69086743589745 25.5821969375)), ((119.6935820871795 25.579950538461535, 119.69368191845491 25.579950538461535, 119.69368191845491 25.579257743589743, 119.6935820871795 25.579257743589743, 119.6935820871795 25.579950538461535)), ((119.68904212683499 25.587914473684204, 119.6883359347826 25.587914473684204, 119.6883359347826 25.588592667645326, 119.68904212683499 25.588592667645326, 119.68904212683499 25.587914473684204)), ((119.68290146153846 25.580227888888885, 119.68262190909091 25.580227888888885, 119.68262190909091 25.580358886363634, 119.68290146153846 25.580358886363634, 119.68290146153846 25.580227888888885)), ((119.68425025000002 25.578421750000004, 119.68436718181816 25.578421750000004, 119.68436718181816 25.578051727272722, 119.68425025000002 25.578051727272722, 119.68425025000002 25.578421750000004)))"
83,23.51547479093957,116.40854068070344,2,"MULTIPOLYGON (((116.40979530303031 23.515162363636357, 116.41061899999997 23.515162363636357, 116.41061899999997 23.514260874999994, 116.40979530303031 23.514260874999994, 116.40979530303031 23.515162363636357)), ((116.404519 23.516987305936077, 116.40641973515982 23.516987305936077, 116.40641973515982 23.51677533333333, 116.404519 23.51677533333333, 116.404519 23.516987305936077)))"
84,25.756732234848485,119.63219605555557,1,"POLYGON ((119.63177644444444 25.752446136363634, 119.63177644444444 25.761018333333336, 119.63261566666668 25.761018333333336, 119.63261566666668 25.752446136363634, 119.63177644444444 25.752446136363634))"
85,38.97851964770488,121.80584003163342,2,"MULTIPOLYGON (((121.80557436842106 38.97884069565217, 121.80623023076924 38.97884069565217, 121.80623023076924 38.978111894736834, 121.80557436842106 38.978111894736834, 121.80557436842106 38.97884069565217)), ((121.80143961666666 38.98157108333333, 121.80155798214282 38.98157108333333, 121.80155798214282 38.98151316071428, 121.80143961666666 38.98151316071428, 121.80143961666666 38.98157108333333)))"
86,31.278288372103393,121.73745899369744,1,"POLYGON ((121.73702155882351 31.277897303030304, 121.73702155882351 31.27867944117647, 121.7378964285714 31.27867944117647, 121.7378964285714 31.277897303030304, 121.73702155882351 31.277897303030304))"
87,40.28796216506005,122.09366647170224,11,"MULTIPOLYGON (((122.088979 40.288921400000014, 122.088979 40.2890725, 122.08914466666667 40.2890725, 122.08914466666667 40.288921400000014, 122.088979 40.288921400000014)), ((122.09037144186047 40.28712956666666, 122.09257160714286 40.28712956666666, 122.09214936363637 40.294185000000006, 122.0940912820513 40.294185000000006, 122.0940912820513 40.28882747826088, 122.09534273913044 40.28882747826088, 122.09534273913044 40.28807783233533, 122.09647849180327 40.28807783233533, 122.09647849180327 40.28682060989011, 122.09706742857142 40.28682060989011, 122.09706742857142 40.28522549090909, 122.09404678723406 40.28522549090909, 122.09404678723406 40.28269918181818, 122.093623 40.28269918181818, 122.093623 40.28428780769231, 122.09141366666668 40.28428780769231, 122.09141366666668 40.286817526315794, 122.09037144186047 40.286817526315794, 122.09037144186047 40.28712956666666)), ((122.09427136363634 40.281498488888886, 122.09577995555553 40.281498488888886, 122.09577995555553 40.28072331818182, 122.09427136363634 40.28072331818182, 122.09427136363634 40.281498488888886)), ((122.08686356338028 40.29655369014084, 122.0860735 40.29655369014084, 122.0860735 40.2971173, 122.08686356338028 40.2971173, 122.08686356338028 40.29655369014084)))"
88,39.09936930124878,118.50155758571637,2,"POLYGON ((118.49855566666668 39.10274053846154, 118.50453385185185 39.10274053846154, 118.50453385185185 39.10154491428571, 118.50684799999999 39.10154491428571, 118.50453385185185 39.101425428571424, 118.50453385185185 39.095983444444435, 118.49855566666668 39.095983444444435, 118.49855566666668 39.10274053846154))"
89,30.050133643912716,121.9752337842066,5,"MULTIPOLYGON (((121.9807845142857 30.049406784810124, 121.9807845142857 30.04872584482759, 121.98041241772148 30.04872584482759, 121.98041241772148 30.049406784810124, 121.9807845142857 30.049406784810124)), ((121.97720252542369 30.05347536144579, 121.97714074193546 30.05347536144579, 121.97714074193546 30.05353556451613, 121.97720252542369 30.05353556451613, 121.97720252542369 30.05347536144579)), ((121.97466269230767 30.05978557142857, 121.97408975000002 30.05978557142857, 121.97408975000002 30.06002252083333, 121.97466269230767 30.06002252083333, 121.97466269230767 30.05978557142857)), ((121.96897957500002 30.049661299999997, 121.96890545000001 30.049661299999997, 121.96890545000001 30.049729386363634, 121.96897957500002 30.049729386363634, 121.96897957500002 30.049661299999997)), ((121.97207014893615 30.0479794680851, 121.97274634375002 30.0479794680851, 121.97274634375002 30.047341812499997, 121.97207014893615 30.047341812499997, 121.97207014893615 30.0479794680851)))"
90,26.00516437540066,119.48211600374438,4,"MULTIPOLYGON (((119.48815785714285 26.007309142857142, 119.48815785714285 26.006262026315788, 119.48774697368418 26.006262026315788, 119.48774697368418 26.007309142857142, 119.48815785714285 26.007309142857142)), ((119.4848856956522 26.00134411111111, 119.4848856956522 25.9987905, 119.48324729166664 25.9987905, 119.48324729166664 26.00134411111111, 119.4848856956522 26.00134411111111)), ((119.48128921739128 26.012541391304346, 119.48128921739128 26.009386000000003, 119.47996865384617 26.009386000000003, 119.47996865384617 26.012541391304346, 119.48128921739128 26.012541391304346)), ((119.47571242857144 26.00039905882353, 119.47571242857144 25.999318714285714, 119.47509528571426 25.999318714285714, 119.47509528571426 26.00039905882353, 119.47571242857144 26.00039905882353)))"
91,25.98275749818181,119.44913790526314,2,"POLYGON ((119.44778660000001 25.983125359999995, 119.45048921052629 25.983125359999995, 119.45048921052629 25.98238963636363, 119.44778660000001 25.98238963636363, 119.44778660000001 25.983125359999995))"
92,31.326452740056876,121.55540783544855,5,"MULTIPOLYGON (((121.56082346153848 31.323919846153842, 121.56082346153848 31.322974052631587, 121.5604666 31.322974052631587, 121.5604666 31.323919846153842, 121.56082346153848 31.323919846153842)), ((121.55402597916667 31.324424833333346, 121.55402597916667 31.32825518749999, 121.55519000000001 31.32825518749999, 121.55524366666667 31.32289855999999, 121.55504744444445 31.324424833333346, 121.55402597916667 31.324424833333346)), ((121.55530287499998 31.32117213333333, 121.55542051612902 31.32117213333333, 121.55542051612902 31.320965967741927, 121.55530287499998 31.320965967741927, 121.55530287499998 31.32117213333333)), ((121.558332 31.329649720000003, 121.558332 31.330498641025645, 121.55899984 31.330498641025645, 121.55899984 31.329649720000003, 121.558332 31.329649720000003)))"
93,23.495221083333334,116.40985338032787,1,"POLYGON ((116.40980540000002 23.4950299, 116.40980540000002 23.49541226666667, 116.40990136065574 23.49541226666667, 116.40990136065574 23.4950299, 116.40980540000002 23.4950299))"
94,40.80842039717548,121.0608005222172,3,"MULTIPOLYGON (((121.06367580000001 40.80676451724138, 121.06367580000001 40.8083599, 121.06505289655173 40.8083599, 121.06505289655173 40.80676451724138, 121.06367580000001 40.80676451724138)), ((121.06508584946235 40.80545233333333, 121.06633695555556 40.80545233333333, 121.06633695555556 40.80395600000001, 121.06508584946235 40.80395600000001, 121.06508584946235 40.80545233333333)), ((121.06016626666666 40.81058293333332, 121.06016626666666 40.80908802857142, 121.05598624285713 40.80908802857142, 121.05598624285713 40.81058293333332, 121.06016626666666 40.81058293333332)))"
95,35.335725218576194,119.53417221464647,1,"POLYGON ((119.5340156111111 35.335279161290316, 119.5340156111111 35.33617127586207, 119.53432881818182 35.33617127586207, 119.53432881818182 35.335279161290316, 119.5340156111111 35.335279161290316))"
96,31.28556617918944,121.56726824414717,1,"POLYGON ((121.56713056521741 31.28499319444445, 121.56713056521741 31.286139163934433, 121.56740592307693 31.286139163934433, 121.56740592307693 31.28499319444445, 121.56713056521741 31.28499319444445))"
97,31.57315291325137,121.49883779959852,1,"POLYGON ((121.49831979591836 31.572860409836068, 121.49831979591836 31.57344541666667, 121.49935580327869 31.57344541666667, 121.49935580327869 31.572860409836068, 121.49831979591836 31.572860409836068))"
98,31.38148467871283,121.68171399799112,2,"MULTIPOLYGON (((121.67926349999999 31.38342, 121.68039104545454 31.38342, 121.68039104545454 31.382700000000003, 121.67926349999999 31.382700000000003, 121.67926349999999 31.38342)), ((121.68323679999999 31.380163399999994, 121.68424919230768 31.380163399999994, 121.68424919230768 31.379417733333334, 121.68323679999999 31.379417733333334, 121.68323679999999 31.380163399999994)))"
99,38.75935259708392,117.59405887426901,1,"POLYGON ((117.58987774853802 38.75852337837837, 117.58987774853802 38.760181815789466, 117.59824 38.760181815789466, 117.59824 38.75852337837837, 117.58987774853802 38.75852337837837))"
100,26.745381275555555,119.6374241276224,1,"POLYGON ((119.63414934615388 26.74415111111111, 119.63414934615388 26.746611440000002, 119.6406989090909 26.746611440000002, 119.6406989090909 26.74415111111111, 119.63414934615388 26.74415111111111))"
101,31.59661121070234,121.44270710144927,1,"POLYGON ((121.44269833333334 31.596602769230767, 121.44269833333334 31.59661965217391, 121.4427158695652 31.59661965217391, 121.4427158695652 31.596602769230767, 121.44269833333334 31.596602769230767))"
102,31.34371431997228,121.71183378973942,4,"MULTIPOLYGON (((121.71448519999996 31.34802233333334, 121.71448519999996 31.346806749999992, 121.71381650000001 31.346806749999992, 121.71381650000001 31.34802233333334, 121.71448519999996 31.34802233333334)), ((121.71389449999998 31.33536445454545, 121.71389449999998 31.335266333333333, 121.71375145454545 31.335266333333333, 121.71375145454545 31.33536445454545, 121.71389449999998 31.33536445454545)), ((121.70855576470588 31.341093941176464, 121.70855576470588 31.341635999999998, 121.70891027272728 31.341635999999998, 121.70891027272728 31.341093941176464, 121.70855576470588 31.341093941176464)), ((121.70916883333332 31.34020766666666, 121.71043999999999 31.34020766666666, 121.71043999999999 31.33969771428571, 121.70916883333332 31.33969771428571, 121.70916883333332 31.34020766666666)))"
103,40.70507303946589,120.96353370067179,3,"POLYGON ((120.95993263999999 40.70379988888889, 120.95993263999999 40.70686383333334, 120.96627428571428 40.70686383333334, 120.96627428571428 40.7050771627907, 120.96848938157892 40.7050771627907, 120.96848938157892 40.703767799999994, 120.96187977586204 40.70379988888889, 120.96187977586204 40.70190402586207, 120.96114414285717 40.70190402586207, 120.96114414285717 40.70379988888889, 120.95993263999999 40.70379988888889))"
104,30.112529235906774,122.20534848526702,4,"MULTIPOLYGON (((122.20145433333333 30.112880187499993, 122.20014878571429 30.112880187499993, 122.20014878571429 30.11310342857143, 122.20145433333333 30.11310342857143, 122.20145433333333 30.112880187499993)), ((122.20280635714286 30.112743625000004, 122.20398639285715 30.112743625000004, 122.20398639285715 30.11256564864865, 122.20280635714286 30.11256564864865, 122.20280635714286 30.112743625000004)), ((122.20570124242425 30.112550151515155, 122.20846768181818 30.112550151515155, 122.20846768181818 30.11218306818182, 122.20570124242425 30.11218306818182, 122.20570124242425 30.112550151515155)), ((122.19574548799999 30.113933611570243, 122.19574548799999 30.11391203200001, 122.19561264462808 30.11391203200001, 122.19561264462808 30.113933611570243, 122.19574548799999 30.113933611570243)))"
105,26.469928569767447,119.6332446870725,1,"POLYGON ((119.63207267647059 26.469445000000004, 119.63207267647059 26.470412139534886, 119.63441669767444 26.470412139534886, 119.63441669767444 26.469445000000004, 119.63207267647059 26.469445000000004))"
106,31.945280375000003,120.19041829501218,1,"POLYGON ((120.18846416666668 31.94507283333333, 120.18846416666668 31.945487916666668, 120.19237242335767 31.945487916666668, 120.19237242335767 31.94507283333333, 120.18846416666668 31.94507283333333))"
107,31.992149630531028,120.33855797942648,4,"MULTIPOLYGON (((120.33554870588236 31.985832323529415, 120.33635433333336 31.985832323529415, 120.33635433333336 31.98519591666667, 120.33554870588236 31.98519591666667, 120.33554870588236 31.985832323529415)), ((120.33698919999999 31.986289722222217, 120.33698919999999 31.98870416666667, 120.34051999999998 31.98870416666667, 120.34051999999998 31.986289722222217, 120.33698919999999 31.986289722222217)), ((120.3413495 31.99073675, 120.3413495 31.991556777777788, 120.34217622222225 31.991556777777788, 120.34217622222225 31.99073675, 120.3413495 31.99073675)), ((120.34086206666666 31.993178699999994, 120.33594539999999 31.993178699999994, 120.33594539999999 31.99649173333333, 120.34086206666666 31.99649173333333, 120.34086206666666 31.993178699999994)))"
108,32.00136488693775,120.34841718836306,2,"MULTIPOLYGON (((120.34767490624996 32.00179096491228, 120.34912304761905 32.00179096491228, 120.34912304761905 32.0009146875, 120.34767490624996 32.0009146875, 120.34767490624996 32.00179096491228)), ((120.35043671428572 32.002720249999996, 120.35043671428572 32.00278959090908, 120.3505955 32.00278959090908, 120.3505955 32.002720249999996, 120.35043671428572 32.002720249999996)))"
109,19.954256963448273,110.01170334722222,1,"POLYGON ((110.01028875 19.951495206896546, 110.01028875 19.957018719999997, 110.01311794444445 19.957018719999997, 110.01311794444445 19.951495206896546, 110.01028875 19.951495206896546))"
110,19.10188168756942,108.62412344723295,2,"POLYGON ((108.62270353333334 19.102525948529408, 108.62512381481481 19.102525948529408, 108.62526139393938 19.104229199999995, 108.62546466911765 19.10111175, 108.62270353333334 19.10111175, 108.62270353333334 19.102525948529408))"
111,29.915800921014494,121.92643797844829,1,"POLYGON ((121.92571720689656 29.914217733333324, 121.92571720689656 29.91738410869566, 121.92715875000002 29.91738410869566, 121.92715875000002 29.914217733333324, 121.92571720689656 29.914217733333324))"
112,39.84121535863825,124.16262107660611,2,"MULTIPOLYGON (((124.161720984375 39.83936415, 124.16179425316456 39.83936415, 124.16179425316456 39.83915164062499, 124.161720984375 39.83915164062499, 124.161720984375 39.83936415)), ((124.16228899999997 39.840654259259246, 124.16228899999997 39.841849675, 124.16298545 39.841849675, 124.16298545 39.840654259259246, 124.16228899999997 39.840654259259246)))"
113,21.483374757955264,111.0663924211987,3,"MULTIPOLYGON (((111.06642306666666 21.483414133333337, 111.06351948717946 21.483414133333337, 111.06351948717946 21.485529769230773, 111.06642306666666 21.485529769230773, 111.06642306666666 21.483414133333337)), ((111.06781172727273 21.482236636363638, 111.06845042857141 21.482236636363638, 111.06845042857141 21.481893722891563, 111.06781172727273 21.481893722891563, 111.06781172727273 21.482236636363638)), ((111.07145388235294 21.479611352941173, 111.07265607692307 21.479611352941173, 111.07265607692307 21.478384885714284, 111.07145388235294 21.478384885714284, 111.07145388235294 21.479611352941173)))"
114,21.71035055638826,111.81187405855462,6,"MULTIPOLYGON (((111.81483099999998 21.704223, 111.81332803125 21.704223, 111.81332803125 21.70662971875, 111.81483099999998 21.70662971875, 111.81483099999998 21.704223)), ((111.80845665 21.71409653333334, 111.80853110666666 21.71409653333334, 111.80853110666666 21.714050299999997, 111.80845665 21.714050299999997, 111.80845665 21.71409653333334)), ((111.80900062790697 21.715625448275862, 111.80900062790697 21.715685511627903, 111.80903863636364 21.715685511627903, 111.80903863636364 21.715625448275862, 111.80900062790697 21.715625448275862)), ((111.8100623125 21.716995750000002, 111.809117375 21.716995750000002, 111.809117375 21.719555124999996, 111.8100623125 21.719555124999996, 111.8100623125 21.716995750000002)), ((111.8112094090909 21.709806292682924, 111.810095875 21.709806292682924, 111.810095875 21.710927888888886, 111.8112094090909 21.710927888888886, 111.8112094090909 21.709806292682924)), ((111.80737099999999 21.7034725, 111.80737099999999 21.702872999999997, 111.80704575 21.702872999999997, 111.80704575 21.7034725, 111.80737099999999 21.7034725)))"
115,24.402479087255255,117.98114559480189,2,"MULTIPOLYGON (((117.97868722222222 24.402426000000002, 117.98114411764708 24.402426000000002, 117.98114411764708 24.40174625490196, 117.97868722222222 24.40174625490196, 117.97868722222222 24.402426000000002)), ((117.98291032183907 24.403029632183905, 117.98291032183907 24.40355142105263, 117.98446031578943 24.40355142105263, 117.98446031578943 24.403029632183905, 117.98291032183907 24.403029632183905)))"
116,21.58655477651515,109.5996183181818,1,"POLYGON ((109.59910063636362 21.585242916666665, 109.59910063636362 21.587866636363636, 109.600136 21.587866636363636, 109.600136 21.585242916666665, 109.59910063636362 21.585242916666665))"
117,26.790071211194856,119.71296020955016,4,"MULTIPOLYGON (((119.71419672 26.791073111111103, 119.71419672 26.78791927272727, 119.71238623529413 26.78791927272727, 119.71238623529413 26.791073111111103, 119.71419672 26.791073111111103)), ((119.7094615 26.7970218, 119.7094615 26.796199785714286, 119.70888709090909 26.796199785714286, 119.70888709090909 26.7970218, 119.7094615 26.7970218)), ((119.70735814285715 26.800810857142856, 119.70735814285715 26.800694085287844, 119.70720728997868 26.800694085287844, 119.70720728997868 26.800810857142856, 119.70735814285715 26.800810857142856)), ((119.70528864285716 26.8045885, 119.70528864285716 26.804473600000005, 119.70528420000001 26.804473600000005, 119.70528420000001 26.8045885, 119.70528864285716 26.8045885)))"
118,25.20937838514433,118.96467099513154,2,"MULTIPOLYGON (((118.96534534513275 25.210026283185837, 118.96687294736842 25.210026283185837, 118.96687294736842 25.209334263157892, 118.96534534513275 25.209334263157892, 118.96534534513275 25.210026283185837)), ((118.95970296428571 25.208616680000002, 118.96128664 25.208616680000002, 118.96128664 25.208386807692307, 118.95970296428571 25.208386807692307, 118.95970296428571 25.208616680000002)))"
119,25.684739011363636,119.57782978977272,1,"POLYGON ((119.57572512499998 25.68413275, 119.57572512499998 25.68534527272727, 119.57993445454545 25.68534527272727, 119.57993445454545 25.68413275, 119.57572512499998 25.68413275))"
120,21.61388088843851,109.56882895942563,2,"MULTIPOLYGON (((109.56630388636361 21.61497161363636, 109.56640779166668 21.61497161363636, 109.56640779166668 21.61493196078431, 109.56630388636361 21.61493196078431, 109.56630388636361 21.61497161363636)), ((109.56852635897437 21.61422307692308, 109.56917613095236 21.61422307692308, 109.56917613095236 21.61351940000001, 109.56852635897437 21.61351940000001, 109.56852635897437 21.61422307692308)))"
121,29.71453981296388,122.19412257719297,1,"POLYGON ((122.19368373333333 29.714287604651176, 122.19368373333333 29.714792021276594, 122.19456142105264 29.714792021276594, 122.19456142105264 29.714287604651176, 122.19368373333333 29.714287604651176))"
122,38.93855275803571,118.48342262184872,1,"POLYGON ((118.4816667142857 38.93723982857143, 118.4816667142857 38.9398656875, 118.48517852941175 38.9398656875, 118.48517852941175 38.93723982857143, 118.4816667142857 38.93723982857143))"
123,32.014722282103314,120.80486468117664,2,"MULTIPOLYGON (((120.80451826190473 32.01501638297872, 120.80500566666664 32.01501638297872, 120.80500566666664 32.01457695238094, 120.80451826190473 32.01457695238094, 120.80451826190473 32.01501638297872)), ((120.80656954666668 32.01351597260275, 120.80666773333331 32.01351597260275, 120.80666773333331 32.01338822580645, 120.80656954666668 32.01338822580645, 120.80656954666668 32.01351597260275)))"
124,31.596464774445245,121.27614525063976,3,"MULTIPOLYGON (((121.27706817391305 31.59503717777778, 121.27706817391305 31.595059, 121.27708864444442 31.595059, 121.27708864444442 31.59503717777778, 121.27706817391305 31.59503717777778)), ((121.27550665 31.596178292307684, 121.27550665 31.597190489999996, 121.27646293846153 31.597190489999996, 121.27646293846153 31.596178292307684, 121.27550665 31.596178292307684)), ((121.27782439130434 31.594094337837838, 121.2781318148148 31.594094337837838, 121.2781318148148 31.593819434782606, 121.27782439130434 31.593819434782606, 121.27782439130434 31.594094337837838)))"
125,25.141245780319142,119.01207167287234,1,"POLYGON ((119.01188659574468 25.140681049999998, 119.01188659574468 25.141810510638294, 119.01225675 25.141810510638294, 119.01225675 25.140681049999998, 119.01188659574468 25.140681049999998))"
126,22.80534152535267,113.58564163057436,2,"MULTIPOLYGON (((113.58706339999999 22.80082766666667, 113.58769083333331 22.80082766666667, 113.58769083333331 22.799946085714286, 113.58706339999999 22.799946085714286, 113.58706339999999 22.80082766666667)), ((113.58475374157302 22.80778224, 113.58567384999998 22.80778224, 113.58567384999998 22.80534366666667, 113.58475374157302 22.80534366666667, 113.58475374157302 22.80778224)))"
127,32.01140220063092,120.36314471287643,5,"MULTIPOLYGON (((120.3621747777778 32.010818523809526, 120.3621747777778 32.00813943478261, 120.35831421739131 32.00813943478261, 120.35831421739131 32.010818523809526, 120.3621747777778 32.010818523809526)), ((120.36487897999999 32.012547562499996, 120.36487897999999 32.01482484848484, 120.36828545454544 32.01482484848484, 120.36828545454544 32.012547562499996, 120.36487897999999 32.012547562499996)), ((120.36969333333336 32.01572614285714, 120.36969333333336 32.016156918367344, 120.3704942040816 32.016156918367344, 120.3704942040816 32.01572614285714, 120.36969333333336 32.01572614285714)), ((120.37172060526312 32.01704072413793, 120.37172060526312 32.017194314814816, 120.37221766666666 32.017194314814816, 120.37221766666666 32.01704072413793, 120.37172060526312 32.01704072413793)), ((120.37359927906975 32.018177673913044, 120.37337825000002 32.018177673913044, 120.37337825000002 32.018290833333346, 120.37359927906975 32.018290833333346, 120.37359927906975 32.018177673913044)))"
128,21.486601800144626,109.55422864429029,2,"MULTIPOLYGON (((109.55350451785715 21.4880526, 109.5549544 21.4880526, 109.5549544 21.4851544375, 109.55350451785715 21.4851544375, 109.55350451785715 21.4880526)), ((109.55088599999998 21.479598956043958, 109.5509163877551 21.479598956043958, 109.5509163877551 21.479565102040816, 109.55088599999998 21.479565102040816, 109.55088599999998 21.479598956043958)))"
129,21.301226417561544,110.41541033436876,3,"MULTIPOLYGON (((110.41711157777779 21.30269432, 110.41711157777779 21.302425644444444, 110.41696456 21.302425644444444, 110.41696456 21.30269432, 110.41711157777779 21.30269432)), ((110.41639312727273 21.298097333333335, 110.41650254545455 21.298097333333335, 110.41650254545455 21.295349647058824, 110.41639312727273 21.295349647058824, 110.41639312727273 21.298097333333335)), ((110.41411439999997 21.306669599999996, 110.41411439999997 21.305892307692307, 110.41378323076921 21.305892307692307, 110.41378323076921 21.306669599999996, 110.41411439999997 21.306669599999996)))"
130,28.157941643356722,121.10057225423611,2,"MULTIPOLYGON (((121.09867387878789 28.154980692307696, 121.09948812244897 28.154980692307696, 121.09948812244897 28.152822647058816, 121.09867387878789 28.152822647058816, 121.09867387878789 28.154980692307696)), ((121.09999999999998 28.156406892307693, 121.09999999999998 28.161164600000003, 121.10176766666666 28.161164600000003, 121.10176766666666 28.156406892307693, 121.09999999999998 28.156406892307693)))"
131,32.07596778946,120.4932330796785,2,"POLYGON ((120.49123325000002 32.076072347826084, 120.49528159322034 32.07613297368421, 120.49528159322034 32.07587377777778, 120.49123325000002 32.07579375, 120.49123325000002 32.076072347826084))"
132,37.67304878700527,120.22129936709639,2,"MULTIPOLYGON (((120.22015726666667 37.6741646, 120.22110506060608 37.6741646, 120.22110506060608 37.6733325, 120.22015726666667 37.6733325, 120.22015726666667 37.6741646)), ((120.22200616666666 37.67238038888889, 120.22264177419353 37.67238038888889, 120.22264177419353 37.67157119354838, 120.22200616666666 37.67157119354838, 120.22200616666666 37.67238038888889)))"
133,37.66108166749042,120.31078402139472,7,"MULTIPOLYGON (((120.31413465333331 37.658599333333335, 120.3135140378788 37.658599333333335, 120.3135140378788 37.65907005333332, 120.31413465333331 37.65907005333332, 120.31413465333331 37.658599333333335)), ((120.31600358536583 37.65791736585365, 120.31653191228068 37.65791736585365, 120.31653191228068 37.65740266666666, 120.31600358536583 37.65740266666666, 120.31600358536583 37.65791736585365)), ((120.3049135 37.66303854761904, 120.3050214 37.66303854761904, 120.3050214 37.662889400000005, 120.3049135 37.662889400000005, 120.3049135 37.66303854761904)), ((120.30766247368419 37.660723843373496, 120.30810813253012 37.660723843373496, 120.30810813253012 37.66039594736842, 120.30766247368419 37.66039594736842, 120.30766247368419 37.660723843373496)), ((120.30628269999997 37.66428654545455, 120.30628269999997 37.66490877777777, 120.30689325925925 37.66490877777777, 120.30689325925925 37.6642881111111, 120.30882566666666 37.6642881111111, 120.30882566666666 37.66421533333334, 120.30628269999997 37.66428654545455)), ((120.30187809615384 37.659904983606545, 120.30185696721313 37.659904983606545, 120.30185696721313 37.65993229126213, 120.30187809615384 37.65993229126213, 120.30187809615384 37.659904983606545)))"
134,31.834229751629646,120.84306095337398,4,"MULTIPOLYGON (((120.84566885714285 31.83184754761905, 120.84566885714285 31.82973371428572, 120.84429907142855 31.82973371428572, 120.84429907142855 31.83184754761905, 120.84566885714285 31.83184754761905)), ((120.83913081818183 31.839812327868852, 120.83913081818183 31.841077363636362, 120.84000181967214 31.841077363636362, 120.84000181967214 31.839812327868852, 120.83913081818183 31.839812327868852)), ((120.84069663934429 31.838623393442628, 120.84121872222224 31.838623393442628, 120.84121872222224 31.837647399999998, 120.84069663934429 31.837647399999998, 120.84069663934429 31.838623393442628)), ((120.84187244444443 31.83630897222222, 120.842517754717 31.83630897222222, 120.842517754717 31.83515316981132, 120.84187244444443 31.83515316981132, 120.84187244444443 31.83630897222222)))"
135,21.566715261794474,108.3355390159547,1,"POLYGON ((108.33551579310343 21.56652647761194, 108.33551579310343 21.566904045977008, 108.33556223880596 21.566904045977008, 108.33556223880596 21.56652647761194, 108.33551579310343 21.56652647761194))"
136,19.727450729640783,109.20223828084632,3,"MULTIPOLYGON (((109.20528825 19.7261131641791, 109.20758628985506 19.7261131641791, 109.20758628985506 19.724987625, 109.20528825 19.724987625, 109.20528825 19.7261131641791)), ((109.20060706382978 19.72934096629214, 109.20060706382978 19.72837855319148, 109.19780802247189 19.72837855319148, 109.19780802247189 19.72934096629214, 109.20060706382978 19.72934096629214)), ((109.19402566666666 19.731220499999996, 109.19402566666666 19.730858111111107, 109.19316475000002 19.730858111111107, 109.19316475000002 19.731220499999996, 109.19402566666666 19.731220499999996)))"
137,35.36655535714286,119.57137543529413,1,"POLYGON ((119.5709219 35.36567699999999, 119.5709219 35.36743371428572, 119.57182897058824 35.36743371428572, 119.57182897058824 35.36567699999999, 119.5709219 35.36567699999999))"
138,26.391204829815834,119.77650658463061,4,"MULTIPOLYGON (((119.78421303124999 26.395929265624993, 119.78421303124999 26.395824499999996, 119.78407418085108 26.395824499999996, 119.78407418085108 26.395929265624993, 119.78421303124999 26.395929265624993)), ((119.78731785 26.397752405000002, 119.78731785 26.397820064814816, 119.78733936111111 26.397820064814816, 119.78733936111111 26.397752405000002, 119.78731785 26.397752405000002)), ((119.77687927272727 26.391484319999996, 119.77687927272727 26.390483230769227, 119.77543424175825 26.390483230769227, 119.77543424175825 26.391484319999996, 119.77687927272727 26.391484319999996)), ((119.77938544230767 26.39303969230769, 119.77938544230767 26.39332359322034, 119.77981706779661 26.39332359322034, 119.77981706779661 26.39303969230769, 119.77938544230767 26.39303969230769)))"
139,26.381355697881087,119.76059250175636,2,"MULTIPOLYGON (((119.75782121621621 26.37995779069768, 119.75839160465117 26.37995779069768, 119.75839160465117 26.37959756756757, 119.75782121621621 26.37959756756757, 119.75782121621621 26.37995779069768)), ((119.76062382692308 26.381316978723408, 119.76062382692308 26.382127289473686, 119.76171578124999 26.382127289473686, 119.76171578124999 26.381316978723408, 119.76062382692308 26.381316978723408)))"
140,32.02968491695379,120.58434769264566,2,"MULTIPOLYGON (((120.58338053465347 32.03031213207547, 120.58528595744681 32.03031213207547, 120.58528595744681 32.02907678723403, 120.58338053465347 32.02907678723403, 120.58338053465347 32.03031213207547)), ((120.5865311304348 32.02826752173913, 120.58664959090909 32.02826752173913, 120.58664959090909 32.02813952272727, 120.5865311304348 32.02813952272727, 120.5865311304348 32.02826752173913)))"
141,31.699923666311307,121.13410432929105,1,"POLYGON ((121.1339002835821 31.699811571428572, 121.1339002835821 31.700035761194034, 121.13430837499997 31.700035761194034, 121.13430837499997 31.699811571428572, 121.1339002835821 31.699811571428572))"
142,31.9897506140596,120.61577091881449,5,"MULTIPOLYGON (((120.6337797752809 31.99012188764045, 120.63097741071427 31.99012188764045, 120.63097741071427 31.99038158928572, 120.6337797752809 31.99038158928572, 120.6337797752809 31.99012188764045)), ((120.62676825925928 31.98943750925926, 120.62676825925928 31.989331007692314, 120.62650484883721 31.989331007692314, 120.62650484883721 31.98943750925926, 120.62676825925928 31.98943750925926)), ((120.61689650000001 31.988993292929283, 120.6110387070707 31.988993292929283, 120.6110387070707 31.99040175, 120.62255136708862 31.990167176470578, 120.61689650000001 31.99002423076923, 120.61689650000001 31.988993292929283)))"
143,21.168279704013464,110.40334444560078,2,"MULTIPOLYGON (((110.40308227777778 21.168810170731703, 110.4035543902439 21.168810170731703, 110.4035543902439 21.167591666666663, 110.40308227777778 21.167591666666663, 110.40308227777778 21.168810170731703)), ((110.40430991999999 21.171721285714288, 110.40430991999999 21.171757444444445, 110.40467222222222 21.171757444444445, 110.40467222222222 21.171721285714288, 110.40430991999999 21.171721285714288)))"
144,25.579636161832653,119.66730702018536,5,"MULTIPOLYGON (((119.66979531707318 25.573942878048776, 119.66979531707318 25.573653333333336, 119.66936433333335 25.573653333333336, 119.66936433333335 25.573942878048776, 119.66979531707318 25.573942878048776)), ((119.67223343055552 25.576162454545447, 119.67223343055552 25.57642083333333, 119.67323633333336 25.57642083333333, 119.67323633333336 25.576162454545447, 119.67223343055552 25.576162454545447)), ((119.66818579999999 25.58053041666666, 119.66818579999999 25.579815399999998, 119.66742100000002 25.579815399999998, 119.66742100000002 25.58053041666666, 119.66818579999999 25.58053041666666)), ((119.6608375 25.585174999999996, 119.66020942857139 25.585174999999996, 119.66020942857139 25.585359571428576, 119.6608375 25.585359571428576, 119.6608375 25.585174999999996)), ((119.66301299999999 25.582422899999997, 119.6632991 25.582422899999997, 119.6632991 25.581433333333333, 119.66301299999999 25.581433333333333, 119.66301299999999 25.582422899999997)))"
145,40.20184740909092,121.9809444090909,1,"POLYGON ((121.98091072727269 40.20180090909091, 121.98091072727269 40.20189390909091, 121.9809780909091 40.20189390909091, 121.9809780909091 40.20180090909091, 121.98091072727269 40.20180090909091))"
146,23.39667567375886,116.55842071794872,1,"POLYGON ((116.55792876923077 23.394731666666665, 116.55792876923077 23.398619680851056, 116.55891266666667 23.398619680851056, 116.55891266666667 23.394731666666665, 116.55792876923077 23.394731666666665))"
147,22.981687781553408,116.52887642894777,7,"MULTIPOLYGON (((116.53093699999997 22.969545, 116.53065783333335 22.969969000000003, 116.53407622222218 22.970022058823528, 116.53093699999997 22.969943444444443, 116.53093699999997 22.969545)), ((116.52674626315789 22.982916071428573, 116.52674626315789 22.984079099999995, 116.52766971428568 22.984079099999995, 116.52766971428568 22.982916071428573, 116.52674626315789 22.982916071428573)), ((116.527943 22.982513444444447, 116.53046079166667 22.98230066666666, 116.5301635 22.979609500000002, 116.52996 22.980895333333336, 116.527943 22.980895333333336, 116.527943 22.982513444444447)), ((116.53325450000001 22.977016499999994, 116.53341213333334 22.977016499999994, 116.53341213333334 22.976606666666665, 116.53325450000001 22.976606666666665, 116.53325450000001 22.977016499999994)))"
148,30.247491192327786,122.15294999973558,2,"MULTIPOLYGON (((122.15214472222223 30.247639428571432, 122.15379996875001 30.247639428571432, 122.15379996875001 30.24734272222223, 122.15214472222223 30.24734272222223, 122.15214472222223 30.247639428571432)), ((122.1466881428571 30.247544428571427, 122.14673086666669 30.247544428571427, 122.14673086666669 30.24750326666667, 122.1466881428571 30.24750326666667, 122.1466881428571 30.247544428571427)))"
149,22.898512865268447,113.58179741477167,5,"MULTIPOLYGON (((113.58939189473683 22.903737999999997, 113.58901714285713 22.903737999999997, 113.58901714285713 22.90455213157894, 113.58939189473683 22.90455213157894, 113.58939189473683 22.903737999999997)), ((113.58289052173912 22.895318586956524, 113.58289052173912 22.893868916666666, 113.58189054761904 22.893868916666666, 113.58189054761904 22.895318586956524, 113.58289052173912 22.895318586956524)), ((113.58526163636361 22.897545363636365, 113.58526163636361 22.89843913793104, 113.58611675862068 22.89843913793104, 113.58611675862068 22.897545363636365, 113.58526163636361 22.897545363636365)), ((113.58455419354837 22.901764857142858, 113.58189666666667 22.901764857142858, 113.58189666666667 22.90443875, 113.58455419354837 22.90443875, 113.58455419354837 22.901764857142858)), ((113.57850549122807 22.892290999999997, 113.57850549122807 22.890145186046514, 113.57670088372093 22.890145186046514, 113.57670088372093 22.892290999999997, 113.57850549122807 22.892290999999997)))"
150,23.760064745273386,117.49864319887322,2,"MULTIPOLYGON (((117.49812200000002 23.762080098039213, 117.49941733333333 23.762080098039213, 117.49941733333333 23.761036000000004, 117.49812200000002 23.761036000000004, 117.49812200000002 23.762080098039213)), ((117.49795400000002 23.757633250000005, 117.49885330952381 23.757633250000005, 117.49885330952381 23.756839272727273, 117.49795400000002 23.756839272727273, 117.49795400000002 23.757633250000005)))"
151,24.452133056705268,117.98339628341054,2,"MULTIPOLYGON (((117.98170626086957 24.452465999999998, 117.98195004477611 24.452465999999998, 117.98195004477611 24.45237769354839, 117.98170626086957 24.45237769354839, 117.98170626086957 24.452465999999998)), ((117.98341918181819 24.45217373737374, 117.98398630208331 24.45217373737374, 117.98398630208331 24.4519795, 117.98341918181819 24.4519795, 117.98341918181819 24.45217373737374)))"
152,24.629404480587244,118.43263561764621,2,"MULTIPOLYGON (((118.43164999999998 24.63032557142857, 118.43164999999998 24.63123775, 118.4323495 24.63123775, 118.4323495 24.63032557142857, 118.43164999999998 24.63032557142857)), ((118.43291817307689 24.62867988888889, 118.43353547619046 24.62867988888889, 118.43353547619046 24.62756816666667, 118.43291817307689 24.62756816666667, 118.43291817307689 24.62867988888889)))"
153,22.444501984030044,113.04206493420931,2,"MULTIPOLYGON (((113.04371283333334 22.443917798387094, 113.04572564285715 22.443917798387094, 113.04572564285715 22.443489999999997, 113.04371283333334 22.443489999999997, 113.04371283333334 22.443917798387094)), ((113.03811178048781 22.445780910569102, 113.03935107499997 22.445780910569102, 113.03935107499997 22.445227666666668, 113.03811178048781 22.445227666666668, 113.03811178048781 22.445780910569102)))"
154,21.732581199375325,108.63334103529411,1,"POLYGON ((108.63315480392156 21.730792823529413, 108.63315480392156 21.734369575221233, 108.63352726666666 21.734369575221233, 108.63352726666666 21.730792823529413, 108.63315480392156 21.730792823529413))"
155,39.93233195937118,119.6971657316654,2,"MULTIPOLYGON (((119.69550661538462 39.93191174999999, 119.69754674390245 39.93191174999999, 119.69754674390245 39.93135276923077, 119.69550661538462 39.93135276923077, 119.69550661538462 39.93191174999999)), ((119.698252 39.933139, 119.698252 39.93439072972972, 119.698696875 39.93439072972972, 119.698696875 39.933139, 119.698252 39.933139)))"
156,22.29853236639779,113.07480901826322,3,"POLYGON ((113.07168999999999 22.297648699999996, 113.07536649999999 22.297648699999996, 113.07604287353631 22.303475757025762, 113.07623735483871 22.297241999999994, 113.07223819999997 22.297241999999994, 113.07223819999997 22.296532999999997, 113.07168999999999 22.296532999999997, 113.07168999999999 22.297648699999996))"
157,26.637366749999995,119.82634904166669,1,"POLYGON ((119.82612025 26.637055499999992, 119.82612025 26.637678, 119.82657783333335 26.637678, 119.82657783333335 26.637055499999992, 119.82612025 26.637055499999992))"
158,22.765337365767046,113.65796259230322,1,"POLYGON ((113.65729570312499 22.764277140625, 113.65729570312499 22.766397590909094, 113.65862948148147 22.766397590909094, 113.65862948148147 22.764277140625, 113.65729570312499 22.764277140625))"
159,24.457532387142862,117.95725904081083,1,"POLYGON ((117.95533046000001 24.45709971428571, 117.95533046000001 24.457965060000003, 117.95918762162164 24.457965060000003, 117.95918762162164 24.45709971428571, 117.95533046000001 24.45709971428571))"
160,22.205521955555557,113.08757197499999,1,"POLYGON ((113.08733275 22.20453688888889, 113.08733275 22.20650702222222, 113.08781119999998 22.20650702222222, 113.08781119999998 22.20453688888889, 113.08733275 22.20453688888889))"
161,24.359489223285486,118.09830552822274,1,"POLYGON ((118.09700315789473 24.358561060606057, 118.09700315789473 24.360417385964915, 118.09960789855072 24.360417385964915, 118.09960789855072 24.358561060606057, 118.09700315789473 24.358561060606057))"
162,23.336281483749055,116.73706747732425,1,"POLYGON ((116.73652251020408 23.335879518518517, 116.73652251020408 23.336683448979592, 116.73761244444441 23.336683448979592, 116.73761244444441 23.335879518518517, 116.73652251020408 23.335879518518517))"
163,39.93864861309525,119.71535445714284,1,"POLYGON ((119.71518371428571 39.93711664285715, 119.71518371428571 39.940180583333344, 119.71552519999999 39.940180583333344, 119.71552519999999 39.93711664285715, 119.71518371428571 39.93711664285715))"
164,22.98253741254969,113.56441623827264,5,"MULTIPOLYGON (((113.55610412121212 22.974344787878785, 113.55610412121212 22.973653303571425, 113.55516719642856 22.973653303571425, 113.55516719642856 22.974344787878785, 113.55610412121212 22.974344787878785)), ((113.55922401492538 22.976579970149253, 113.55922401492538 22.977380999999998, 113.56006093220337 22.977380999999998, 113.56006093220337 22.976579970149253, 113.55922401492538 22.976579970149253)), ((113.56138008139533 22.978634488372098, 113.56138008139533 22.979062925925923, 113.56171869135801 22.979062925925923, 113.56171869135801 22.978634488372098, 113.56138008139533 22.978634488372098)), ((113.56372206578945 22.980875460526317, 113.56372206578945 22.980986333333338, 113.56377878787877 22.980986333333338, 113.56377878787877 22.980875460526317, 113.56372206578945 22.980875460526317)), ((113.565411 22.98330204310345, 113.565411 22.985852139860143, 113.56729556140351 22.985852139860143, 113.56729556140351 22.98330204310345, 113.565411 22.98330204310345)))"
165,25.531868484126978,119.6638416031746,1,"POLYGON ((119.66378577777778 25.531819857142857, 119.66378577777778 25.53191711111111, 119.6638974285714 25.53191711111111, 119.6638974285714 25.531819857142857, 119.66378577777778 25.531819857142857))"
166,35.31636358253968,119.51568570584415,1,"POLYGON ((119.51551745714286 35.31301747619047, 119.51551745714286 35.31970968888888, 119.51585395454546 35.31970968888888, 119.51585395454546 35.31301747619047, 119.51551745714286 35.31301747619047))"
167,31.972140778550738,120.00242333121328,4,"MULTIPOLYGON (((120.00057946153848 31.973550375, 120.000025 31.973550375, 120.000025 31.97405309375, 120.00057946153848 31.97405309375, 120.00057946153848 31.973550375)), ((120.00199447904188 31.97249730538922, 120.00344957575756 31.97249730538922, 120.00344957575756 31.971305121212126, 120.00199447904188 31.971305121212126, 120.00199447904188 31.97249730538922)), ((120.00474323469389 31.970425275510202, 120.00495563106794 31.970425275510202, 120.00495563106794 31.970348436893197, 120.00474323469389 31.970348436893197, 120.00474323469389 31.970425275510202)), ((120.00637582876712 31.969898294520547, 120.00655504109591 31.969898294520547, 120.00655504109591 31.96985208219178, 120.00637582876712 31.96985208219178, 120.00637582876712 31.969898294520547)))"
168,32.02929070307516,120.38947946004292,2,"MULTIPOLYGON (((120.38434108860758 32.02750359259259, 120.38740509876541 32.02750359259259, 120.38740509876541 32.02515912658228, 120.38434108860758 32.02515912658228, 120.38434108860758 32.02750359259259)), ((120.38902153125 32.02866381249999, 120.38902153125 32.03255836666667, 120.39315553333334 32.03255836666667, 120.39315553333334 32.02866381249999, 120.38902153125 32.02866381249999)))"
169,32.2847765838074,119.85866201559902,3,"MULTIPOLYGON (((119.85548312962963 32.28778579487178, 119.85538658974362 32.28778579487178, 119.85538658974362 32.28798209375, 119.85548312962963 32.28798209375, 119.85548312962963 32.28778579487178)), ((119.85810378333335 32.285349366666665, 119.8593115319149 32.285349366666665, 119.8593115319149 32.28411716666667, 119.85810378333335 32.28411716666667, 119.85810378333335 32.285349366666665)), ((119.85083666055047 32.291254055045876, 119.85083666055047 32.29123416463415, 119.85079330392155 32.29123416463415, 119.85079330392155 32.291254055045876, 119.85083666055047 32.291254055045876)))"
170,25.237310297082804,118.97047637344922,2,"POLYGON ((118.97038007777775 25.236831244444442, 118.97042725531912 25.23872823404255, 118.97052535714285 25.23872823404255, 118.97055784615382 25.235536500000002, 118.97038007777775 25.236831244444442))"
171,39.111780634615386,118.53285692307692,1,"POLYGON ((118.53068949999997 39.1084695, 118.53068949999997 39.11509176923077, 118.53502434615386 39.11509176923077, 118.53502434615386 39.1084695, 118.53068949999997 39.1084695))"
172,30.557624599999997,121.02374223999999,1,"POLYGON ((121.02017400000001 30.554975, 121.02017400000001 30.5602742, 121.02731047999998 30.5602742, 121.02731047999998 30.554975, 121.02017400000001 30.554975))"
173,21.946459755896235,113.22903395768311,2,"MULTIPOLYGON (((113.23036183333333 21.943482457627123, 113.2304802033898 21.943482457627123, 113.2304802033898 21.943371265895955, 113.23036183333333 21.943371265895955, 113.23036183333333 21.943482457627123)), ((113.22860589010989 21.947219637362632, 113.2288730923077 21.947219637362632, 113.2288730923077 21.946987612820507, 113.22860589010989 21.946987612820507, 113.22860589010989 21.947219637362632)))"
174,22.991439374999995,116.53707547222221,1,"POLYGON ((116.5367985 22.991348749999997, 116.5367985 22.991529999999994, 116.53735244444444 22.991529999999994, 116.53735244444444 22.991348749999997, 116.5367985 22.991348749999997))"
175,23.008373199999998,113.53145075294118,1,"POLYGON ((113.53068770588234 23.007109999999997, 113.53068770588234 23.009636399999994, 113.5322138 23.009636399999994, 113.5322138 23.007109999999997, 113.53068770588234 23.007109999999997))"
176,23.016473756770814,113.52721523845058,2,"MULTIPOLYGON (((113.52543732558138 23.019288000000003, 113.52543732558138 23.02034258139534, 113.52593878181818 23.02034258139534, 113.52593878181818 23.019288000000003, 113.52543732558138 23.019288000000003)), ((113.52654409999998 23.01791295, 113.5281702222222 23.01791295, 113.5281702222222 23.0144135, 113.52654409999998 23.0144135, 113.52654409999998 23.01791295)))"
177,22.743254939212232,113.6648982907035,2,"MULTIPOLYGON (((113.66347822972972 22.74436183783784, 113.66626879365077 22.74436183783784, 113.66626879365077 22.742196571428575, 113.66347822972972 22.742196571428575, 113.66347822972972 22.74436183783784)), ((113.66885296296294 22.739363666666666, 113.66906686666665 22.739363666666666, 113.66906686666665 22.739191333333334, 113.66885296296294 22.739191333333334, 113.66885296296294 22.739363666666666)))"
178,21.068425248538272,110.48658251736121,2,"MULTIPOLYGON (((110.49113537878786 21.073615928571428, 110.49320704761904 21.073615928571428, 110.49320704761904 21.07305543939394, 110.49113537878786 21.07305543939394, 110.49113537878786 21.073615928571428)), ((110.48286988679244 21.06981865789474, 110.48971966666666 21.06981865789474, 110.48971966666666 21.0665262, 110.48286988679244 21.0665262, 110.48286988679244 21.06981865789474)))"
179,21.690874228721395,111.82147552352473,4,"MULTIPOLYGON (((111.81919725454544 21.69542571296296, 111.81919725454544 21.697499916666672, 111.81980808333333 21.697499916666672, 111.81980808333333 21.69542571296296, 111.81919725454544 21.69542571296296)), ((111.82036526415092 21.69320805660378, 111.82078538571427 21.69320805660378, 111.82078538571427 21.692029571428574, 111.82036526415092 21.692029571428574, 111.82036526415092 21.69320805660378)), ((111.82148684210526 21.690561736842106, 111.82155007407408 21.690561736842106, 111.82155007407408 21.690209759259254, 111.82148684210526 21.690209759259254, 111.82148684210526 21.690561736842106)), ((111.82235154545454 21.68816254545455, 111.82337824999999 21.68816254545455, 111.82337824999999 21.686098500000003, 111.82235154545454 21.686098500000003, 111.82235154545454 21.68816254545455)))"
180,30.585320246969697,121.08520303975044,1,"POLYGON ((121.08447023636363 30.58510932727272, 121.08447023636363 30.58553116666667, 121.08593584313724 30.58553116666667, 121.08593584313724 30.58510932727272, 121.08447023636363 30.58510932727272))"
181,21.138551623712498,110.39753621318741,2,"MULTIPOLYGON (((110.39339632258064 21.13758572, 110.39672319999998 21.13758572, 110.39672319999998 21.13407487096774, 110.39339632258064 21.13407487096774, 110.39339632258064 21.13758572)), ((110.3984829 21.139782899999997, 110.3984829 21.143079833333335, 110.40183075000002 21.143079833333335, 110.40183075000002 21.139782899999997, 110.3984829 21.139782899999997)))"
182,21.24106680537789,110.4198048519936,1,"POLYGON ((110.41939414035086 21.240642466101693, 110.41939414035086 21.241491144654088, 110.42021556363635 21.241491144654088, 110.42021556363635 21.240642466101693, 110.41939414035086 21.240642466101693))"
183,32.19695022787947,119.87992092009915,1,"POLYGON ((119.8797157173913 32.1960279122807, 119.8797157173913 32.19787254347825, 119.880126122807 32.19787254347825, 119.880126122807 32.1960279122807, 119.8797157173913 32.1960279122807))"
184,23.05189368810946,113.50755071729112,3,"MULTIPOLYGON (((113.5082438 23.05123035, 113.50979951515151 23.05123035, 113.50979951515151 23.04882644827586, 113.5082438 23.04882644827586, 113.5082438 23.05123035)), ((113.50633135238094 23.055219093750004, 113.50633135238094 23.05460051428571, 113.50562399999997 23.05460051428571, 113.50562399999997 23.055219093750004, 113.50633135238094 23.055219093750004)), ((113.50185375675677 23.0595665, 113.50185375675677 23.058797675675677, 113.500844375 23.058797675675677, 113.500844375 23.0595665, 113.50185375675677 23.0595665)))"
185,31.09707361416252,121.45976018258035,4,"MULTIPOLYGON (((121.45924325 31.0970775, 121.4577222857143 31.0970775, 121.4577222857143 31.100091910714287, 121.45924325 31.100091910714287, 121.45924325 31.0970775)), ((121.46120549999999 31.094414911764712, 121.46144473076924 31.094414911764712, 121.46144473076924 31.094124187499993, 121.46120549999999 31.094124187499993, 121.46120549999999 31.094414911764712)), ((121.46204324999998 31.092990000000004, 121.4630382 31.092990000000004, 121.4630382 31.091134499999995, 121.46204324999998 31.091134499999995, 121.46204324999998 31.092990000000004)), ((121.46046285714287 31.101707450000003, 121.46046285714287 31.10223036363636, 121.46144675000001 31.10223036363636, 121.46144675000001 31.101707450000003, 121.46046285714287 31.101707450000003)))"
186,24.448961316666665,117.99818120833335,1,"POLYGON ((117.99731104166666 24.4486895, 117.99731104166666 24.44923313333333, 117.999051375 24.44923313333333, 117.999051375 24.4486895, 117.99731104166666 24.4486895))"
187,31.356437770609737,121.50526828906723,5,"MULTIPOLYGON (((121.51871654166663 31.352471684210524, 121.51871654166663 31.35225, 121.51854512499997 31.35225, 121.51854512499997 31.352471684210524, 121.51871654166663 31.352471684210524)), ((121.51197233333333 31.355639000000004, 121.51197233333333 31.355887999999997, 121.51230242857145 31.355887999999997, 121.51230242857145 31.355639000000004, 121.51197233333333 31.355639000000004)), ((121.51056387499999 31.356572562500006, 121.51056387499999 31.356689199999998, 121.51084749090911 31.356689199999998, 121.51084749090911 31.356572562500006, 121.51056387499999 31.356572562500006)), ((121.49995964102564 31.359138306122443, 121.4997045050505 31.359138306122443, 121.4997045050505 31.359466959595956, 121.49995964102564 31.359466959595956, 121.49995964102564 31.359138306122443)), ((121.50264895918367 31.356587111111118, 121.50334190243902 31.356587111111118, 121.50334190243902 31.356081439024376, 121.50264895918367 31.356081439024376, 121.50264895918367 31.356587111111118)))"
188,36.884002819204596,122.43844818046858,4,"MULTIPOLYGON (((122.43874075609759 36.88606677777777, 122.43887894444445 36.88768940740741, 122.43913333333333 36.88409922222222, 122.4387592142857 36.88409922222222, 122.43874075609759 36.88606677777777)), ((122.43535659782609 36.880765679245286, 122.4351427162162 36.880765679245286, 122.4351427162162 36.88114074999999, 122.43535659782609 36.88114074999999, 122.43535659782609 36.880765679245286)), ((122.4373012615083 36.87913161538461, 122.43835377777778 36.87913161538461, 122.43835377777778 36.87895575000001, 122.4373012615083 36.87895575000001, 122.4373012615083 36.87913161538461)))"
189,34.31173408963899,120.26696912318994,2,"MULTIPOLYGON (((120.27340052525253 34.30816735714285, 120.27354451428572 34.30816735714285, 120.27354451428572 34.308084545454555, 120.27340052525253 34.308084545454555, 120.27340052525253 34.30816735714285)), ((120.26456968181817 34.31266233333333, 120.26935100000003 34.31266233333333, 120.26935100000003 34.310815590909094, 120.26456968181817 34.310815590909094, 120.26456968181817 34.31266233333333)))"
190,37.716628264203074,121.11325271281143,3,"POLYGON ((121.10847300000002 37.71741587499999, 121.12222249999999 37.71747766666666, 121.12222249999999 37.72042966666667, 121.12255571428568 37.72042966666667, 121.12224342500001 37.716933499999996, 121.110915 37.716933499999996, 121.110915 37.71447325000001, 121.10847300000002 37.71447325000001, 121.10847300000002 37.71741587499999))"
191,31.367486410427606,121.64389629741036,2,"POLYGON ((121.64208199999997 31.36859433333332, 121.64341699999999 31.36859433333332, 121.64341699999999 31.367964888888896, 121.64600555555555 31.367964888888896, 121.64600555555555 31.366636333333332, 121.64208199999997 31.366832499999997, 121.64208199999997 31.36859433333332))"
192,37.71360151742636,121.07315449441052,3,"POLYGON ((121.06401842028986 37.71365720512821, 121.08072305882352 37.71376790909091, 121.08072305882352 37.71347766666668, 121.06401842028986 37.71349447826087, 121.06401842028986 37.71365720512821))"
193,23.046691279936976,113.51840185976889,1,"POLYGON ((113.51792505882352 23.046074470588234, 113.51792505882352 23.047308089285718, 113.51887866071428 23.047308089285718, 113.51887866071428 23.046074470588234, 113.51792505882352 23.046074470588234))"
194,39.021404600656126,121.74500301392462,4,"MULTIPOLYGON (((121.74355999999999 39.01996233333333, 121.74431723076923 39.01996233333333, 121.74431723076923 39.01885956923077, 121.74355999999999 39.01885956923077, 121.74355999999999 39.01996233333333)), ((121.74494357407407 39.02169998148149, 121.74494357407407 39.02222333333333, 121.74570633333333 39.02222333333333, 121.74570633333333 39.02394777777778, 121.7462534528302 39.02394777777778, 121.74591566666666 39.02169998148149, 121.74494357407407 39.02169998148149)), ((121.74468780000001 39.0254536, 121.74451724637682 39.0254536, 121.74451724637682 39.02558688405798, 121.74468780000001 39.02558688405798, 121.74468780000001 39.0254536)))"
195,23.09216383928571,113.45484090039682,1,"POLYGON ((113.45346817857143 23.09185666666666, 113.45346817857143 23.092471011904763, 113.45621362222221 23.092471011904763, 113.45621362222221 23.09185666666666, 113.45346817857143 23.09185666666666))"
196,21.06331024117276,110.46032083522726,1,"POLYGON ((110.45998354545455 21.063205269230767, 110.45998354545455 21.063415213114755, 110.46065812500001 21.063415213114755, 110.46065812500001 21.063205269230767, 110.45998354545455 21.063205269230767))"
197,30.16207590384616,121.99450852499999,1,"POLYGON ((121.99341649999998 30.161607, 121.99341649999998 30.162544807692317, 121.99560054999999 30.162544807692317, 121.99560054999999 30.161607, 121.99341649999998 30.161607))"
198,38.96001403985507,117.72671834420291,1,"POLYGON ((117.72623652173914 38.95972957971015, 117.72623652173914 38.960298499999986, 117.72720016666666 38.960298499999986, 117.72720016666666 38.95972957971015, 117.72623652173914 38.95972957971015))"
199,32.06133865005061,121.69295582608697,1,"POLYGON ((121.692468 32.06114257894736, 121.692468 32.06153472115384, 121.69344365217393 32.06153472115384, 121.69344365217393 32.06114257894736, 121.692468 32.06114257894736))"
200,24.415183763253243,118.03999270080091,1,"POLYGON ((118.03908118421052 24.415100144927536, 118.03908118421052 24.415267381578946, 118.04090421739129 24.415267381578946, 118.04090421739129 24.415100144927536, 118.03908118421052 24.415100144927536))"
201,25.145567209693873,119.02230228285714,1,"POLYGON ((119.02214028571429 25.144911949999997, 119.02214028571429 25.146222469387755, 119.02246427999998 25.146222469387755, 119.02246427999998 25.144911949999997, 119.02214028571429 25.144911949999997))"
202,26.030342738095232,119.50006557142855,1,"POLYGON ((119.49837914285716 26.02882914285714, 119.49837914285716 26.031856333333334, 119.50175199999995 26.031856333333334, 119.50175199999995 26.02882914285714, 119.49837914285716 26.02882914285714))"
203,22.77140045138889,115.59897508333331,1,"POLYGON ((115.59870433333333 22.77107270833333, 115.59870433333333 22.771728194444442, 115.59924583333331 22.771728194444442, 115.59924583333331 22.77107270833333, 115.59870433333333 22.77107270833333))"
204,19.803607690294445,109.16355205615793,2,"POLYGON ((109.16301159259258 19.804357397058823, 109.16544325333334 19.804350373333335, 109.16544325333334 19.80429672413793, 109.16396774999998 19.80429672413793, 109.16396774999998 19.802781, 109.16301159259258 19.802781, 109.16301159259258 19.804357397058823))"
205,21.55638584444445,108.37236771111112,1,"POLYGON ((108.37205086666668 21.555632800000005, 108.37205086666668 21.557138888888886, 108.37268455555555 21.557138888888886, 108.37268455555555 21.555632800000005, 108.37205086666668 21.555632800000005))"
206,19.55300138095238,110.82954377661063,1,"POLYGON ((110.82881652380952 19.551923000000002, 110.82881652380952 19.55407976190476, 110.83027102941176 19.55407976190476, 110.83027102941176 19.551923000000002, 110.82881652380952 19.551923000000002))"
207,32.006091775981254,120.67864120933436,2,"MULTIPOLYGON (((120.67512468707486 32.006113600000006, 120.67857085714286 32.006113600000006, 120.67857085714286 32.0053353, 120.67512468707486 32.0053353, 120.67512468707486 32.006113600000006)), ((120.68065552941177 32.00641311764706, 120.68065552941177 32.007069200000004, 120.682968 32.007069200000004, 120.682968 32.00641311764706, 120.68065552941177 32.00641311764706)))"
208,21.56524734848485,108.37594340909092,1,"POLYGON ((108.37328099999999 21.55856733333333, 108.37328099999999 21.571927363636362, 108.37860581818182 21.571927363636362, 108.37860581818182 21.55856733333333, 108.37328099999999 21.55856733333333))"
209,31.398725925806446,118.34612518157893,1,"POLYGON ((118.3459646 31.398542399999997, 118.3459646 31.398909451612894, 118.34628576315787 31.398909451612894, 118.34628576315787 31.398542399999997, 118.3459646 31.398542399999997))"
210,32.088196251921005,119.92964834079935,6,"MULTIPOLYGON (((119.93084798823527 32.08431208235294, 119.9297546 32.08431208235294, 119.9297546 32.0851886, 119.93084798823527 32.0851886, 119.93084798823527 32.08431208235294)), ((119.93186539999998 32.08370625, 119.93219162499999 32.08370625, 119.93219162499999 32.08351035, 119.93186539999998 32.08351035, 119.93186539999998 32.08370625)), ((119.92779158241758 32.093785615384604, 119.92779158241758 32.0943056111111, 119.92837343749997 32.0943056111111, 119.92837343749997 32.093785615384604, 119.92779158241758 32.093785615384604)), ((119.92915057142858 32.093196166666665, 119.92917783333331 32.093196166666665, 119.92917783333331 32.093168428571424, 119.92915057142858 32.093168428571424, 119.92915057142858 32.093196166666665)), ((119.92801888888887 32.09068855555555, 119.92801888888887 32.09036604, 119.92732851999999 32.09036604, 119.92732851999999 32.09068855555555, 119.92801888888887 32.09068855555555)), ((119.92895133333332 32.08950431531532, 119.93047664999997 32.08950431531532, 119.93047664999997 32.088147142857146, 119.92895133333332 32.088147142857146, 119.92895133333332 32.08950431531532)))"
211,32.306345979166665,119.83312265833331,1,"POLYGON ((119.83191291666665 32.305, 119.83191291666665 32.30769195833332, 119.8343324 32.30769195833332, 119.8343324 32.305, 119.83191291666665 32.305))"
212,23.523673835880683,116.37880806273564,4,"MULTIPOLYGON (((116.3835986972477 23.52482113385827, 116.38342376086958 23.52482113385827, 116.38342376086958 23.524912869565217, 116.3835986972477 23.524912869565217, 116.3835986972477 23.52482113385827)), ((116.38567333333333 23.522803857142858, 116.38684435714283 23.522803857142858, 116.38684435714283 23.521950082191783, 116.38567333333333 23.521950082191783, 116.38567333333333 23.522803857142858)), ((116.37404604395601 23.52438848148148, 116.37178 23.52438848148148, 116.37178 23.524950399999998, 116.37404604395601 23.524950399999998, 116.37404604395601 23.52438848148148)), ((116.37577344099377 23.525212708074534, 116.37577344099377 23.525245574468077, 116.3759634255319 23.525245574468077, 116.3759634255319 23.525212708074534, 116.37577344099377 23.525212708074534)))"
213,31.198320456525323,118.00531817097362,17,"MULTIPOLYGON (((117.99985913333332 31.189284625, 117.99985913333332 31.189596299999998, 118.00260980246914 31.189596299999998, 118.00260980246914 31.191836259259258, 118.00459745762711 31.191836259259258, 118.00459745762711 31.194044130434776, 118.00640900000002 31.194044130434776, 118.00640900000002 31.192536799999992, 118.00507623529411 31.192536799999992, 118.00507623529411 31.190210294117637, 118.00379878723405 31.190210294117637, 118.00379878723405 31.189346872340423, 117.99985913333332 31.189284625)), ((118.00702919999999 31.194181125000004, 118.00702919999999 31.194881099999996, 118.0075179090909 31.194881099999996, 118.0075179090909 31.194181125000004, 118.00702919999999 31.194181125000004)), ((118.00582944736841 31.1974097, 118.00306746153846 31.1974097, 118.00306746153846 31.199205979591845, 118.00164197959182 31.199205979591845, 118.00164197959182 31.201227833333327, 118.00528720689654 31.201227833333327, 118.00528720689654 31.205519875000004, 118.004174875 31.205519875000004, 118.004174875 31.20609349999999, 118.0079628 31.206195666666662, 118.00768975 31.201751187500005, 118.00960512500001 31.201751187500005, 118.00960512500001 31.200120391304345, 118.00811675 31.200120391304345, 118.00811675 31.19832525, 118.00582944736841 31.19832525, 118.00582944736841 31.1974097)), ((118.00262600000002 31.18478999999999, 118.00262600000002 31.1865135, 118.00430427272728 31.1865135, 118.00430427272728 31.18478999999999, 118.00262600000002 31.18478999999999)), ((118.00038806896552 31.18074701724137, 118.00038806896552 31.18169854166667, 118.00076624999996 31.18169854166667, 118.00076624999996 31.18074701724137, 118.00038806896552 31.18074701724137)))"
214,31.131626011074193,118.00054153349946,1,"POLYGON ((118.00052168604653 31.131474952380955, 118.00052168604653 31.131777069767434, 118.0005613809524 31.131777069767434, 118.0005613809524 31.131474952380955, 118.00052168604653 31.131474952380955))"
215,31.456747784772574,118.33960411163334,1,"POLYGON ((118.3395359189189 31.456738731707315, 118.3395359189189 31.45675683783784, 118.3396723043478 31.45675683783784, 118.3396723043478 31.456738731707315, 118.3395359189189 31.456738731707315))"
216,31.208175276190477,118.07925392380955,1,"POLYGON ((118.07903651428573 31.20810288571429, 118.07903651428573 31.20824766666666, 118.07947133333336 31.20824766666666, 118.07947133333336 31.20810288571429, 118.07903651428573 31.20810288571429))"
217,32.32607613802858,119.74035457964057,2,"MULTIPOLYGON (((119.73830946666665 32.32569857777778, 119.7391094117647 32.32569857777778, 119.7391094117647 32.325143249999996, 119.73830946666665 32.325143249999996, 119.73830946666665 32.32569857777778)), ((119.74072213043479 32.32625895652174, 119.74072213043479 32.32674542499999, 119.74212650000001 32.32674542499999, 119.74212650000001 32.32625895652174, 119.74072213043479 32.32625895652174)))"
218,30.246088117427625,122.28370734688198,2,"MULTIPOLYGON (((122.28507900000001 30.246665, 122.28513566666668 30.246665, 122.28513566666668 30.2466064, 122.28507900000001 30.2466064, 122.28507900000001 30.246665)), ((122.27738761064425 30.24363869230769, 122.27740746153843 30.24363869230769, 122.27740746153843 30.24360157703081, 122.27738761064425 30.24360157703081, 122.27738761064425 30.24363869230769)))"
219,28.27032673087159,121.57061461144376,1,"POLYGON ((121.57060044444441 28.27031523952096, 121.57060044444441 28.270338222222225, 121.57062877844314 28.270338222222225, 121.57062877844314 28.27031523952096, 121.57060044444441 28.27031523952096))"
220,26.772078361111102,119.72205200060607,1,"POLYGON ((119.72102288000002 26.76919049999999, 119.72102288000002 26.77496622222222, 119.72308112121212 26.77496622222222, 119.72308112121212 26.76919049999999, 119.72102288000002 26.76919049999999))"
221,26.61456510966736,119.73004240322581,1,"POLYGON ((119.72916080645162 26.614344027027023, 119.72916080645162 26.614786192307694, 119.730924 26.614786192307694, 119.730924 26.614344027027023, 119.72916080645162 26.614344027027023))"
222,37.45141046540717,122.1939470217976,2,"POLYGON ((122.18885259374998 37.453945, 122.19892076470589 37.453945, 122.20249725136614 37.45366316393442, 122.19892076470589 37.45366316393442, 122.19892076470589 37.44883, 122.18885259374998 37.44883, 122.18885259374998 37.453945))"
223,24.718497669405988,118.74041524114793,2,"MULTIPOLYGON (((118.7391531818182 24.71955261538462, 118.739507 24.71955261538462, 118.739507 24.7191075, 118.7391531818182 24.7191075, 118.7391531818182 24.71955261538462)), ((118.74112259999997 24.717856416666663, 118.74173714285712 24.717856416666663, 118.74173714285712 24.717582333333333, 118.74112259999997 24.717582333333333, 118.74112259999997 24.717856416666663)))"
224,31.472855850116897,121.42882779084977,3,"MULTIPOLYGON (((121.42111430645161 31.471830674418605, 121.4212342 31.471830674418605, 121.4212342 31.471702363636368, 121.42111430645161 31.471702363636368, 121.42111430645161 31.471830674418605)), ((121.42265122916665 31.474522256880732, 121.42265122916665 31.476831266666657, 121.42643075 31.476831266666657, 121.42643075 31.474522256880732, 121.42265122916665 31.474522256880732)), ((121.42774895555553 31.473494222222225, 121.43349984210523 31.473494222222225, 121.43349984210523 31.469861999999996, 121.42774895555553 31.469861999999996, 121.42774895555553 31.473494222222225)))"
225,38.96282493382353,117.73884723000002,1,"POLYGON ((117.73803796 38.96254975, 117.73803796 38.963100117647066, 117.73965650000001 38.963100117647066, 117.73965650000001 38.96254975, 117.73803796 38.96254975))"
226,26.720414953216373,119.6594846138889,1,"POLYGON ((119.65936145000002 26.71907468421052, 119.65936145000002 26.72175522222222, 119.6596077777778 26.72175522222222, 119.6596077777778 26.71907468421052, 119.65936145000002 26.71907468421052))"
227,26.72867027115987,119.65708463244516,1,"POLYGON ((119.65647231034484 26.727174818181823, 119.65647231034484 26.730165724137926, 119.65769695454546 26.730165724137926, 119.65769695454546 26.727174818181823, 119.65647231034484 26.727174818181823))"
228,31.37898304703689,121.62542424533677,4,"MULTIPOLYGON (((121.622329 31.378949285714285, 121.62195799999999 31.378949285714285, 121.62195799999999 31.3794966, 121.622329 31.3794966, 121.622329 31.378949285714285)), ((121.62459691666665 31.378347166666675, 121.62596900000001 31.378347166666675, 121.62596900000001 31.38016325, 121.62632433333334 31.38016325, 121.62632433333334 31.378345749999998, 121.62459691666665 31.378347166666675)), ((121.62652654545451 31.37733390909091, 121.62739912500001 31.37733390909091, 121.62739912500001 31.377185250000004, 121.62652654545451 31.377185250000004, 121.62652654545451 31.37733390909091)))"
229,19.28886996710526,110.64384392105259,1,"POLYGON ((110.64378634210524 19.288648184210526, 110.64378634210524 19.289091749999997, 110.64390149999998 19.289091749999997, 110.64390149999998 19.288648184210526, 110.64378634210524 19.288648184210526))"
230,31.52453297619047,121.5984802105263,1,"POLYGON ((121.5973204210526 31.523840333333325, 121.5973204210526 31.52522561904762, 121.59964000000002 31.52522561904762, 121.59964000000002 31.523840333333325, 121.5973204210526 31.523840333333325))"
231,24.887847540303344,118.68318614952881,2,"MULTIPOLYGON (((118.68661842857144 24.88366466666667, 118.68663054545455 24.88366466666667, 118.68663054545455 24.883618939393937, 118.68661842857144 24.883618939393937, 118.68661842857144 24.88366466666667)), ((118.68287154054056 24.888175027027028, 118.6834912 24.888175027027028, 118.6834912 24.88753174545454, 118.68287154054056 24.88753174545454, 118.68287154054056 24.888175027027028)))"
232,22.737034537075488,114.62889693390908,3,"MULTIPOLYGON (((114.62717423214285 22.738309780821915, 114.62717423214285 22.739051020408166, 114.62746299999999 22.739051020408166, 114.62746299999999 22.738309780821915, 114.62717423214285 22.738309780821915)), ((114.62812588888889 22.73701133333333, 114.6315273333333 22.737028333333324, 114.6315273333333 22.736843499999996, 114.62859466666669 22.736843499999996, 114.62859466666669 22.7359047368421, 114.62812588888889 22.7359047368421, 114.62812588888889 22.73701133333333)))"
233,23.47168327536232,116.48237040382081,1,"POLYGON ((116.48165789855071 23.47012655072464, 116.48165789855071 23.473239999999997, 116.48308290909088 23.473239999999997, 116.48308290909088 23.47012655072464, 116.48165789855071 23.47012655072464))"
234,26.69579495,119.81868928787881,1,"POLYGON ((119.81806966666666 26.695193399999997, 119.81806966666666 26.696396499999995, 119.81930890909094 26.696396499999995, 119.81930890909094 26.695193399999997, 119.81806966666666 26.695193399999997))"
235,31.282666634442357,121.75308420737689,4,"MULTIPOLYGON (((121.75457324999996 31.278826000000002, 121.754931875 31.278826000000002, 121.754931875 31.27809724999999, 121.75457324999996 31.27809724999999, 121.75457324999996 31.278826000000002)), ((121.755771625 31.280148874999995, 121.755771625 31.28073916666666, 121.75613216666667 31.28073916666666, 121.75613216666667 31.280148874999995, 121.755771625 31.280148874999995)), ((121.75522159999998 31.286116, 121.75522159999998 31.2856124, 121.7547907 31.2856124, 121.7547907 31.286116, 121.75522159999998 31.286116)), ((121.75070466666668 31.284696666666658, 121.75070466666668 31.283896222222225, 121.75003155555555 31.283896222222225, 121.75003155555555 31.284696666666658, 121.75070466666668 31.284696666666658)))"
236,31.99199505268817,119.97972363010754,1,"POLYGON ((119.97831606666666 31.99046783870969, 119.97831606666666 31.993522266666663, 119.98113119354839 31.993522266666663, 119.98113119354839 31.99046783870969, 119.97831606666666 31.99046783870969))"
237,31.968625232409252,120.39281900436538,3,"MULTIPOLYGON (((120.39974469230769 31.96876799999999, 120.39974469230769 31.968600380952374, 120.3992266111111 31.968600380952374, 120.3992266111111 31.96876799999999, 120.39974469230769 31.96876799999999)), ((120.39009599999997 31.968681104477604, 120.39220358695653 31.968681104477604, 120.39284998214285 31.968780199999998, 120.39284998214285 31.968597543478268, 120.39035189855072 31.96847445614035, 120.39009599999997 31.968681104477604)))"
238,38.98124258181818,118.46851789999998,1,"POLYGON ((118.46825000000001 38.97277536363636, 118.46825000000001 38.98970979999999, 118.46878579999999 38.98970979999999, 118.46878579999999 38.97277536363636, 118.46825000000001 38.97277536363636))"
239,30.633768500662878,121.16422602764194,5,"MULTIPOLYGON (((121.1647712586207 30.634114206896548, 121.1647712586207 30.63317687179487, 121.16325753846152 30.63317687179487, 121.16325753846152 30.634114206896548, 121.1647712586207 30.634114206896548)), ((121.16613149019608 30.63485570833332, 121.16613149019608 30.63519136170213, 121.16658678723405 30.63519136170213, 121.16658678723405 30.63485570833332, 121.16613149019608 30.63485570833332)), ((121.16796724390244 30.635963111111106, 121.16789061111109 30.635963111111106, 121.16789061111109 30.636016292682918, 121.16796724390244 30.636016292682918, 121.16796724390244 30.635963111111106)), ((121.1598191318681 30.631061838383832, 121.1598191318681 30.63097515, 121.15972485 30.63097515, 121.15972485 30.631061838383832, 121.1598191318681 30.631061838383832)), ((121.1547475959596 30.625356818181807, 121.1547475959596 30.625331704545456, 121.15472912500002 30.625331704545456, 121.15472912500002 30.625356818181807, 121.1547475959596 30.625356818181807)))"
240,29.981916471003135,121.740051864448,1,"POLYGON ((121.73869581818178 29.98183554545454, 121.73869581818178 29.981997396551723, 121.74140791071427 29.981997396551723, 121.74140791071427 29.98183554545454, 121.73869581818178 29.98183554545454))"
241,31.7235545,121.13357237499994,1,"POLYGON ((121.13335999999998 31.723430000000004, 121.13335999999998 31.723678999999997, 121.13378474999998 31.723678999999997, 121.13378474999998 31.723430000000004, 121.13335999999998 31.723430000000004))"
242,31.708874437499997,121.15198118749998,1,"POLYGON ((121.15182512499999 31.708116749999995, 121.15182512499999 31.709632125, 121.15213725 31.709632125, 121.15213725 31.708116749999995, 121.15182512499999 31.708116749999995))"
243,39.50534362574075,121.40101976650944,1,"POLYGON ((121.40099328301888 39.505341471698095, 121.40099328301888 39.5053457797834, 121.40104625 39.5053457797834, 121.40104625 39.505341471698095, 121.40099328301888 39.505341471698095))"
244,40.33182777241577,122.1332552588235,1,"POLYGON ((122.12957839999996 40.32993342718447, 122.12957839999996 40.33372211764705, 122.13693211764704 40.33372211764705, 122.13693211764704 40.32993342718447, 122.12957839999996 40.32993342718447))"
245,22.671514445509672,113.65951008120888,3,"MULTIPOLYGON (((113.65868115584415 22.67169791666667, 113.65616185714285 22.67169791666667, 113.65616185714285 22.672264428571427, 113.65868115584415 22.672264428571427, 113.65868115584415 22.67169791666667)), ((113.66054659999999 22.671420529411762, 113.66227980000002 22.671420529411762, 113.66227980000002 22.670778789473683, 113.66054659999999 22.670778789473683, 113.66054659999999 22.671420529411762)), ((113.663631625 22.67047175, 113.6648318181818 22.67047175, 113.6648318181818 22.67031927272727, 113.663631625 22.67031927272727, 113.663631625 22.67047175)))"
246,32.13857000011079,119.90426727232422,6,"MULTIPOLYGON (((119.91438027884617 32.13832142307693, 119.91385582539684 32.13832142307693, 119.91385582539684 32.14021504210526, 119.91438027884617 32.14021504210526, 119.91438027884617 32.13832142307693)), ((119.90152259999999 32.137765, 119.90009426666667 32.137765, 119.90009426666667 32.13966204166667, 119.90152259999999 32.13966204166667, 119.90152259999999 32.1386586923077, 119.90369266666667 32.1386586923077, 119.90369266666667 32.13825511764706, 119.90152259999999 32.13825511764706, 119.90152259999999 32.137765)), ((119.90607549999999 32.13675975, 119.90701674999997 32.13675975, 119.90701674999997 32.13627716666666, 119.90607549999999 32.13627716666666, 119.90607549999999 32.13675975)), ((119.905556 32.130787399999996, 119.905556 32.13075466666666, 119.90535675 32.13075466666666, 119.90535675 32.130787399999996, 119.905556 32.130787399999996)), ((119.90170624999999 32.133344499999986, 119.90168125 32.133344499999986, 119.90168125 32.13334849999999, 119.90170624999999 32.13334849999999, 119.90170624999999 32.133344499999986)))"
247,22.860711899321267,113.57514952205881,1,"POLYGON ((113.57450775 22.86060326923077, 113.57450775 22.860820529411765, 113.57579129411764 22.860820529411765, 113.57579129411764 22.86060326923077, 113.57450775 22.86060326923077))"
248,22.87653065386696,113.57293706815936,2,"MULTIPOLYGON (((113.57277508433735 22.877967057971013, 113.57318715999999 22.877967057971013, 113.57318715999999 22.875750759036144, 113.57277508433735 22.875750759036144, 113.57277508433735 22.877967057971013)), ((113.5722115 22.871789182481752, 113.57229144525547 22.871789182481752, 113.57229144525547 22.871055124999998, 113.5722115 22.871055124999998, 113.5722115 22.871789182481752)))"
249,22.746667625,115.03544635225091,1,"POLYGON ((115.03491715277777 22.745880000000003, 115.03491715277777 22.747455249999998, 115.0359755517241 22.747455249999998, 115.0359755517241 22.745880000000003, 115.03491715277777 22.745880000000003))"
250,21.952790430000004,113.21004663500001,1,"POLYGON ((113.20967875 21.952411000000005, 113.20967875 21.95316986, 113.21041452 21.95316986, 113.21041452 21.952411000000005, 113.20967875 21.952411000000005))"
251,19.767965808324547,109.15997014589848,2,"MULTIPOLYGON (((109.15961005555555 19.76937103333333, 109.16038595918367 19.76937103333333, 109.16038595918367 19.76653751724138, 109.15961005555555 19.76653751724138, 109.15961005555555 19.76937103333333)), ((109.15523350000001 19.76991901709402, 109.15543112941177 19.76991901709402, 109.15543112941177 19.76985218716577, 109.15523350000001 19.76985218716577, 109.15523350000001 19.76991901709402)))"
252,32.00306269559266,120.53974277518998,3,"MULTIPOLYGON (((120.54379108208957 32.00254966417909, 120.54469404545455 32.00254966417909, 120.54469404545455 32.00200333333333, 120.54379108208957 32.00200333333333, 120.54379108208957 32.00254966417909)), ((120.53776792000001 32.00519752, 120.53776792000001 32.00503388461538, 120.53746773076925 32.00503388461538, 120.53746773076925 32.00519752, 120.53776792000001 32.00519752)), ((120.53384866666666 32.004307, 120.53384866666666 32.003474142857144, 120.53343242857142 32.003474142857144, 120.53343242857142 32.004307, 120.53384866666666 32.004307)))"
253,28.095552622786975,121.13446766918902,1,"POLYGON ((121.1343794854369 28.09549129411764, 121.1343794854369 28.09561395145631, 121.13455585294115 28.09561395145631, 121.13455585294115 28.09549129411764, 121.1343794854369 28.09549129411764))"
254,39.015961517121795,121.70007814876466,2,"POLYGON ((121.6986657428571 39.0173414, 121.6986657428571 39.01800174285714, 121.70074893589745 39.01800174285714, 121.70056510666664 39.01313439090908, 121.69979917647059 39.01313439090908, 121.69979917647059 39.0173414, 121.6986657428571 39.0173414))"
255,27.978564766364713,120.91441696099581,3,"MULTIPOLYGON (((120.91393267272727 27.97878538181818, 120.91196911428571 27.97878538181818, 120.91196911428571 27.979306275862076, 120.91393267272727 27.979306275862076, 120.91393267272727 27.97878538181818)), ((120.91543546511627 27.978371186046505, 120.91543852631578 27.978371186046505, 120.91543852631578 27.978227276315774, 120.91543546511627 27.978227276315774, 120.91543546511627 27.978371186046505)), ((120.91688473809525 27.977344, 120.91688473809525 27.97782188095238, 120.91793316279069 27.97782188095238, 120.91793316279069 27.977344, 120.91688473809525 27.977344)))"
256,23.462427525000006,116.47339228333334,1,"POLYGON ((116.47317340000001 23.462152800000002, 116.47317340000001 23.462702249999996, 116.47361116666667 23.462702249999996, 116.47361116666667 23.462152800000002, 116.47317340000001 23.462152800000002))"
257,24.817864375000003,118.7181073828125,1,"POLYGON ((118.71693476562497 24.817770625000005, 118.71693476562497 24.817958125, 118.71928 24.817958125, 118.71928 24.817770625000005, 118.71693476562497 24.817770625000005))"
258,25.215286788504248,118.98562627085644,3,"MULTIPOLYGON (((118.98842514285717 25.21305028571428, 118.9898462631579 25.21305028571428, 118.9898462631579 25.212190333333336, 118.98842514285717 25.212190333333336, 118.98842514285717 25.21305028571428)), ((118.9805144473684 25.219677986842107, 118.98000321538463 25.219677986842107, 118.98000321538463 25.220095584615386, 118.9805144473684 25.220095584615386, 118.9805144473684 25.219677986842107)), ((118.9828183023256 25.217481511627906, 118.98401519402984 25.217481511627906, 118.98401519402984 25.21629304477612, 118.9828183023256 25.21629304477612, 118.9828183023256 25.217481511627906)))"
259,24.532066080882352,118.22642049545453,1,"POLYGON ((118.22548659090909 24.53168825, 118.22548659090909 24.532443911764705, 118.22735440000001 24.532443911764705, 118.22735440000001 24.53168825, 118.22548659090909 24.53168825))"
260,25.103752847806824,119.0668454315463,1,"POLYGON ((119.06556402702702 25.102966344262292, 119.06556402702702 25.104539351351352, 119.06812683606556 25.104539351351352, 119.06812683606556 25.102966344262292, 119.06556402702702 25.102966344262292))"
261,25.217821984250477,119.02980246261858,1,"POLYGON ((119.0297724193548 25.21775570967742, 119.0297724193548 25.217888258823532, 119.02983250588235 25.217888258823532, 119.02983250588235 25.21775570967742, 119.0297724193548 25.21775570967742))"
262,24.634564918604646,118.6802924651163,1,"POLYGON ((118.68021000000002 24.633949999999995, 118.68021000000002 24.6351798372093, 118.68037493023255 24.6351798372093, 118.68037493023255 24.633949999999995, 118.68021000000002 24.633949999999995))"
263,32.27139291003787,119.43905739440993,1,"POLYGON ((119.43788857142857 32.27103909090909, 119.43788857142857 32.271746729166665, 119.4402262173913 32.271746729166665, 119.4402262173913 32.27103909090909, 119.43788857142857 32.27103909090909))"
264,36.79679822916667,121.49620544494721,1,"POLYGON ((121.49434094871795 36.79620566666666, 121.49434094871795 36.797390791666665, 121.49806994117645 36.797390791666665, 121.49806994117645 36.79620566666666, 121.49434094871795 36.79620566666666))"
265,26.684608745200773,119.81854212360841,3,"MULTIPOLYGON (((119.81799324999997 26.68509825, 119.82143375 26.68509825, 119.82143375 26.683918199999997, 119.81799324999997 26.683918199999997, 119.81799324999997 26.68509825)), ((119.81003566666669 26.685694666666667, 119.80956279999998 26.685694666666667, 119.80956279999998 26.686186399999993, 119.81003566666669 26.686186399999993, 119.81003566666669 26.685694666666667)), ((119.81268999999998 26.685017272727272, 119.81387527272726 26.685017272727272, 119.81387527272726 26.684580499999996, 119.81268999999998 26.684580499999996, 119.81268999999998 26.685017272727272)))"
266,32.013579272954345,119.98574873469722,3,"MULTIPOLYGON (((119.984254875 32.01523378571429, 119.98406835714286 32.01523378571429, 119.98406835714286 32.0153325, 119.984254875 32.0153325, 119.984254875 32.01523378571429)), ((119.9860650784314 32.01320505882354, 119.98633784444444 32.01320505882354, 119.98633784444444 32.0129966, 119.9860650784314 32.0129966, 119.9860650784314 32.01320505882354)), ((119.98714981679389 32.01179265384615, 119.98714981679389 32.011995625954206, 119.987162 32.011995625954206, 119.987162 32.01179265384615, 119.98714981679389 32.01179265384615)))"
267,31.95214044012361,120.11027247496249,2,"MULTIPOLYGON (((120.11585141176468 31.95116108333334, 120.11679758333334 31.95116108333334, 120.11679758333334 31.950261555555546, 120.11585141176468 31.950261555555546, 120.11585141176468 31.95116108333334)), ((120.10771324999999 31.953259000000003, 120.1100635238095 31.953259000000003, 120.1100635238095 31.95167555555555, 120.10771324999999 31.95167555555555, 120.10771324999999 31.953259000000003)))"
268,32.056024783783776,120.5503292027027,1,"POLYGON ((120.55010137837837 32.05588305405406, 120.55010137837837 32.05616651351351, 120.55055702702703 32.05616651351351, 120.55055702702703 32.05588305405406, 120.55010137837837 32.05588305405406))"
269,22.774134713995572,113.62708005340403,2,"MULTIPOLYGON (((113.63272624999999 22.779645249999998, 113.63287555555556 22.779645249999998, 113.63287555555556 22.779594444444438, 113.63272624999999 22.779594444444438, 113.63272624999999 22.779645249999998)), ((113.6265945 22.77416377777778, 113.62721177777777 22.77416377777778, 113.62721177777777 22.773766399999996, 113.6265945 22.773766399999996, 113.6265945 22.77416377777778)))"
270,22.231246128321082,113.08498991888072,1,"POLYGON ((113.08497203448275 22.231214704918024, 113.08497203448275 22.231277551724133, 113.0850078032787 22.231277551724133, 113.0850078032787 22.231214704918024, 113.08497203448275 22.231214704918024))"
271,31.361317559460012,121.65949434198673,3,"MULTIPOLYGON (((121.66297899999999 31.3632715, 121.66297899999999 31.363008571428562, 121.6620033333333 31.363008571428562, 121.6620033333333 31.3632715, 121.66297899999999 31.3632715)), ((121.66016757142857 31.35999735714286, 121.660680375 31.35999735714286, 121.660680375 31.35922575, 121.66016757142857 31.35922575, 121.66016757142857 31.35999735714286)), ((121.65692070588236 31.3623529, 121.65692070588236 31.36129270588235, 121.65653330000002 31.36129270588235, 121.65653330000002 31.3623529, 121.65692070588236 31.3623529)))"
272,29.89436358939394,122.08130634643732,1,"POLYGON ((122.07906178378377 29.89362737878788, 122.07906178378377 29.895099799999997, 122.0835509090909 29.895099799999997, 122.0835509090909 29.89362737878788, 122.07906178378377 29.89362737878788))"
273,30.41794535780885,122.45123435126051,1,"POLYGON ((122.44869911428572 30.415492230769225, 122.44869911428572 30.42039848484848, 122.4537695882353 30.42039848484848, 122.4537695882353 30.415492230769225, 122.44869911428572 30.415492230769225))"
274,32.17339312260532,118.86568964824264,3,"MULTIPOLYGON (((118.86471672413793 32.173524876404485, 118.86557791011234 32.173524876404485, 118.86557791011234 32.17288324137931, 118.86471672413793 32.17288324137931, 118.86471672413793 32.173524876404485)), ((118.86877599999998 32.174322249999996, 118.86877599999998 32.17440760869566, 118.86885598780488 32.17440760869566, 118.86885598780488 32.174322249999996, 118.86877599999998 32.174322249999996)), ((118.87071858536585 32.175087222222224, 118.87071858536585 32.17531714285713, 118.8709538 32.17531714285713, 118.8709538 32.175087222222224, 118.87071858536585 32.175087222222224)))"
275,32.192531792656645,119.63573731103386,2,"MULTIPOLYGON (((119.63366172222223 32.19312200000001, 119.63753690909088 32.19312200000001, 119.63753690909088 32.191859244444444, 119.63366172222223 32.191859244444444, 119.63366172222223 32.19312200000001)), ((119.64011876470587 32.19376752941176, 119.64011876470587 32.19405945454545, 119.64061823809521 32.19405945454545, 119.64061823809521 32.19376752941176, 119.64011876470587 32.19376752941176)))"
276,32.18754771041249,119.90541074323811,2,"MULTIPOLYGON (((119.90504898850574 32.18947703448275, 119.90504898850574 32.189588305555546, 119.90521895833331 32.189588305555546, 119.90521895833331 32.18947703448275, 119.90504898850574 32.18947703448275)), ((119.90531844827586 32.187388816326525, 119.90560047115383 32.187388816326525, 119.90560047115383 32.18700782716049, 119.90531844827586 32.18700782716049, 119.90531844827586 32.187388816326525)))"
277,32.18543635598688,119.58882803381763,4,"MULTIPOLYGON (((119.59279973622046 32.18541651574803, 119.59040295522385 32.1854479375, 119.59040295522385 32.185490116666664, 119.59284690425531 32.18550809574468, 119.59279973622046 32.18541651574803)), ((119.58042624999999 32.1853483076923, 119.58019262580646 32.1853483076923, 119.58019262580646 32.185520559139775, 119.58042624999999 32.185520559139775, 119.58042624999999 32.1853483076923)), ((119.58351215254237 32.18533681818181, 119.5836650909091 32.18533681818181, 119.5836650909091 32.185171272727274, 119.58351215254237 32.185171272727274, 119.58351215254237 32.18533681818181)))"
278,29.93190871143516,121.8821049763259,5,"MULTIPOLYGON (((121.88800923333335 29.930407999999993, 121.88766675 29.930407999999993, 121.88766675 29.930612770833335, 121.88800923333335 29.930612770833335, 121.88800923333335 29.930407999999993)), ((121.88948071875 29.930352214285705, 121.88961607142858 29.930352214285705, 121.88961607142858 29.9302741875, 121.88948071875 29.9302741875, 121.88948071875 29.930352214285705)), ((121.886753625 29.93467721875, 121.88510685294116 29.93467721875, 121.88510685294116 29.935169238095238, 121.886753625 29.935169238095238, 121.886753625 29.93467721875)), ((121.88227077999998 29.930603333333334, 121.87946654545455 29.930603333333334, 121.87946654545455 29.93164541666667, 121.88227077999998 29.93164541666667, 121.88227077999998 29.930603333333334)), ((121.88361554022988 29.93028207142857, 121.88374218749999 29.93028207142857, 121.88374218749999 29.930117785714287, 121.88361554022988 29.930117785714287, 121.88361554022988 29.93028207142857)))"
279,32.205526105998345,119.66595043968164,4,"MULTIPOLYGON (((119.67066798701296 32.21169102941177, 119.67066798701296 32.2114856329114, 119.67056058992807 32.2114856329114, 119.67056058992807 32.21169102941177, 119.67066798701296 32.21169102941177)), ((119.66128699999999 32.20212776785714, 119.66128699999999 32.2020970506329, 119.66127551898732 32.2020970506329, 119.66127551898732 32.20212776785714, 119.66128699999999 32.20212776785714)), ((119.66374875000001 32.20373837500001, 119.66374875000001 32.204421982758625, 119.66463904081633 32.204421982758625, 119.66463904081633 32.20373837500001, 119.66374875000001 32.20373837500001)), ((119.66594292682926 32.205231121951215, 119.66594292682926 32.20670146315789, 119.66709783168318 32.20670146315789, 119.66709783168318 32.205231121951215, 119.66594292682926 32.205231121951215)))"
280,32.20025325071428,119.63206013664109,1,"POLYGON ((119.63189447540985 32.20017367999999, 119.63189447540985 32.20033282142857, 119.63222579787232 32.20033282142857, 119.63222579787232 32.20017367999999, 119.63189447540985 32.20017367999999))"
281,38.9650853143155,117.80202979192543,1,"POLYGON ((117.80183771428568 38.96502324087591, 117.80183771428568 38.965147387755096, 117.8022218695652 38.965147387755096, 117.8022218695652 38.96502324087591, 117.80183771428568 38.96502324087591))"
282,40.7456171125,120.97263949125596,1,"POLYGON ((120.97027586486485 40.744620600000005, 120.97027586486485 40.746613624999995, 120.97500311764706 40.746613624999995, 120.97500311764706 40.744620600000005, 120.97027586486485 40.744620600000005))"
283,31.354495791622256,121.61635549558478,2,"POLYGON ((121.61591442857144 31.354334714285717, 121.61626853459121 31.354334714285717, 121.616526625 31.3559645, 121.61660344444445 31.35393225, 121.61591442857144 31.35393225, 121.61591442857144 31.354334714285717))"
284,25.61792982234951,119.70263425429853,2,"MULTIPOLYGON (((119.70050029545455 25.61900004545455, 119.70069302020202 25.61900004545455, 119.70069302020202 25.6186555, 119.70050029545455 25.6186555, 119.70050029545455 25.61900004545455)), ((119.70312659999999 25.617970800000005, 119.70344366346156 25.617970800000005, 119.70344366346156 25.61731517307692, 119.70312659999999 25.61731517307692, 119.70312659999999 25.617970800000005)))"
285,22.926011280405405,116.23968126415096,1,"POLYGON ((116.23867700000001 22.925285810810813, 116.23867700000001 22.926736749999996, 116.2406855283019 22.926736749999996, 116.2406855283019 22.925285810810813, 116.23867700000001 22.925285810810813))"
286,30.84187615789473,121.79683236666666,1,"POLYGON ((121.79522659999999 30.841595999999996, 121.79522659999999 30.842156315789474, 121.79843813333335 30.842156315789474, 121.79843813333335 30.841595999999996, 121.79522659999999 30.841595999999996))"
287,23.505665495081413,116.3831646950959,1,"POLYGON ((116.38313610447757 23.505609840909088, 116.38313610447757 23.50572114925373, 116.38319328571428 23.50572114925373, 116.38319328571428 23.505609840909088, 116.38313610447757 23.505609840909088))"
288,34.73579482056452,119.47938546024005,1,"POLYGON ((119.47776237209303 34.73530551612904, 119.47776237209303 34.736284125, 119.48100854838708 34.736284125, 119.48100854838708 34.73530551612904, 119.47776237209303 34.73530551612904))"
289,29.11369792307692,121.60707954358976,1,"POLYGON ((121.60635815384617 29.113333, 121.60635815384617 29.11406284615384, 121.60780093333334 29.11406284615384, 121.60780093333334 29.113333, 121.60635815384617 29.113333))"
290,29.949273590524914,121.82717218011688,2,"MULTIPOLYGON (((121.82535034939761 29.95005762650602, 121.82894551980198 29.95005762650602, 121.82894551980198 29.948508755208337, 121.82535034939761 29.948508755208337, 121.82535034939761 29.95005762650602)), ((121.83021926956522 29.948112888888893, 121.83045163749998 29.948112888888893, 121.83045163749998 29.94792921249999, 121.83021926956522 29.94792921249999, 121.83021926956522 29.948112888888893)))"
291,29.494271934319926,121.50294785759684,5,"MULTIPOLYGON (((121.50746581666668 29.495697517241368, 121.5072273882353 29.495697517241368, 121.5072273882353 29.495757152173912, 121.50746581666668 29.495757152173912, 121.50746581666668 29.495697517241368)), ((121.51005016666663 29.4961138, 121.51005016666663 29.496297142857145, 121.5103362 29.496297142857145, 121.5103362 29.4961138, 121.51005016666663 29.4961138)), ((121.51235930263157 29.49647122222222, 121.51235930263157 29.49658741904762, 121.51256730337077 29.49658741904762, 121.51256730337077 29.49647122222222, 121.51235930263157 29.49647122222222)), ((121.50233268749999 29.492921903225803, 121.50233268749999 29.492466761904765, 121.5012916849315 29.492466761904765, 121.5012916849315 29.492921903225803, 121.50233268749999 29.492921903225803)), ((121.50182324999997 29.49880649999999, 121.50170699999998 29.49880649999999, 121.50170699999998 29.49978400000001, 121.50182324999997 29.49978400000001, 121.50182324999997 29.49880649999999)))"
292,37.650017229019404,120.30278512505821,3,"MULTIPOLYGON (((120.30250729411766 37.65181514814815, 120.30275405128204 37.65290035714286, 120.30306444444443 37.648749048387096, 120.3025416153846 37.648749048387096, 120.30250729411766 37.65181514814815)), ((120.30307146428572 37.64676482142856, 120.30337103157893 37.64676482142856, 120.30337103157893 37.64621851578947, 120.30307146428572 37.64621851578947, 120.30307146428572 37.64676482142856)))"
293,39.01226238820763,121.74982749981262,2,"MULTIPOLYGON (((121.74920506976743 39.01237560465116, 121.74999968181818 39.01237560465116, 121.74999968181818 39.01139356818181, 121.74920506976743 39.01139356818181, 121.74920506976743 39.01237560465116)), ((121.75032191891891 39.01349529729729, 121.75032191891891 39.013811961538465, 121.7509911025641 39.013811961538465, 121.7509911025641 39.01349529729729, 121.75032191891891 39.01349529729729)))"
294,29.99763213271104,122.04341646185064,1,"POLYGON ((122.04292135227273 29.997448714285717, 122.04292135227273 29.997815551136366, 122.0439115714286 29.997815551136366, 122.0439115714286 29.997448714285717, 122.04292135227273 29.997448714285717))"
295,29.970654942307693,121.87382162499998,1,"POLYGON ((121.87333199999999 29.970297384615385, 121.87333199999999 29.971012499999997, 121.87431124999999 29.971012499999997, 121.87431124999999 29.970297384615385, 121.87333199999999 29.970297384615385))"
296,30.375664473684214,120.9122216,1,"POLYGON ((120.91197020000001 30.375300000000003, 120.91197020000001 30.376028947368425, 120.91247299999999 30.376028947368425, 120.91247299999999 30.375300000000003, 120.91197020000001 30.375300000000003))"
297,30.412919125000002,122.41334286057692,1,"POLYGON ((122.41329987499999 30.412786000000004, 122.41329987499999 30.41305225, 122.41338584615384 30.41305225, 122.41338584615384 30.412786000000004, 122.41329987499999 30.412786000000004))"
298,30.461986941666666,120.94011548571429,1,"POLYGON ((120.94007890476192 30.461880800000007, 120.94007890476192 30.462093083333325, 120.94015206666664 30.462093083333325, 120.94015206666664 30.461880800000007, 120.94007890476192 30.461880800000007))"
299,30.230045298387093,122.2176882392473,1,"POLYGON ((122.21759464516127 30.22994509677419, 122.21759464516127 30.2301455, 122.21778183333332 30.2301455, 122.21778183333332 30.22994509677419, 122.21759464516127 30.22994509677419))"
300,30.239593428571435,122.11090374285713,1,"POLYGON ((122.1106732 30.239330000000006, 122.1106732 30.239856857142858, 122.11113428571429 30.239856857142858, 122.11113428571429 30.239330000000006, 122.1106732 30.239330000000006))"
301,29.03836161762392,121.62585997944338,1,"POLYGON ((121.62479931372548 29.038188170731708, 121.62479931372548 29.03853506451612, 121.62692064516129 29.03853506451612, 121.62692064516129 29.038188170731708, 121.62479931372548 29.038188170731708))"
302,29.89018190287651,121.9738904981743,2,"MULTIPOLYGON (((121.9754891875 29.890314906249994, 121.97710379999997 29.890314906249994, 121.97710379999997 29.89004638596491, 121.9754891875 29.89004638596491, 121.9754891875 29.890314906249994)), ((121.9696583333333 29.890302666666667, 121.97086796153849 29.890302666666667, 121.97086796153849 29.890064928571427, 121.9696583333333 29.890064928571427, 121.9696583333333 29.890302666666667)))"
303,25.420535015283335,119.27651680532486,2,"MULTIPOLYGON (((119.2736110588235 25.421771000000003, 119.27380750000002 25.421771000000003, 119.27380750000002 25.4215751875, 119.2736110588235 25.4215751875, 119.2736110588235 25.421771000000003)), ((119.27609555555554 25.420730944444436, 119.27728116666668 25.420730944444436, 119.27728116666668 25.420199999999998, 119.27609555555554 25.420199999999998, 119.27609555555554 25.420730944444436)))"
304,22.931510554616974,116.31426844019046,4,"MULTIPOLYGON (((116.313271 22.936400666666664, 116.3132 22.936400666666664, 116.3132 22.936682, 116.313271 22.936682, 116.313271 22.936400666666664)), ((116.31523606 22.935115779999997, 116.31578139999996 22.935115779999997, 116.31578139999996 22.934495999999996, 116.31523606 22.934495999999996, 116.31523606 22.935115779999997)), ((116.31400060000001 22.92921175, 116.31400060000001 22.928640299999998, 116.31311999999998 22.928640299999998, 116.31311999999998 22.92921175, 116.31400060000001 22.92921175)), ((116.30902670000002 22.9423527, 116.30902670000002 22.942236810126577, 116.30895764556962 22.942236810126577, 116.30895764556962 22.9423527, 116.30902670000002 22.9423527)))"
305,23.22289560719914,116.77683156485139,2,"MULTIPOLYGON (((116.77724942857142 23.22570914285714, 116.77730346153847 23.22570914285714, 116.77730346153847 23.225355307692304, 116.77724942857142 23.225355307692304, 116.77724942857142 23.22570914285714)), ((116.7765389444444 23.221690400000004, 116.77657593333335 23.221690400000004, 116.77657593333335 23.22085155555555, 116.7765389444444 23.22085155555555, 116.7765389444444 23.221690400000004)))"
306,25.150952500000002,119.2650565833333,1,"POLYGON ((119.26429766666666 25.150179666666663, 119.26429766666666 25.151725333333335, 119.26581549999999 25.151725333333335, 119.26581549999999 25.150179666666663, 119.26429766666666 25.150179666666663))"
307,23.397411357142857,117.01861608333333,1,"POLYGON ((117.01820891666667 23.39691371428571, 117.01820891666667 23.397909, 117.01902325 23.397909, 117.01902325 23.39691371428571, 117.01820891666667 23.39691371428571))"
308,31.79698996963437,121.01586260696688,2,"MULTIPOLYGON (((121.01551350000001 31.79671165384616, 121.01560107575757 31.79671165384616, 121.01560107575757 31.796690000000005, 121.01551350000001 31.796690000000005, 121.01551350000001 31.79671165384616)), ((121.01832047619048 31.7992912631579, 121.01832047619048 31.799347904761902, 121.01832463157892 31.799347904761902, 121.01832463157892 31.7992912631579, 121.01832047619048 31.7992912631579)))"
309,31.68259386825397,121.83614082539682,1,"POLYGON ((121.83613922222223 31.682584514285725, 121.83613922222223 31.682603222222227, 121.8361424285714 31.682603222222227, 121.8361424285714 31.682584514285725, 121.83613922222223 31.682584514285725))"
310,31.713426031222056,121.72768188083397,3,"MULTIPOLYGON (((121.72896 31.713952111111116, 121.72896 31.713449624999992, 121.72651711111108 31.713449624999992, 121.72651711111108 31.713952111111116, 121.72896 31.713952111111116)), ((121.72672350000002 31.707517444444434, 121.72730966666668 31.707517444444434, 121.72730966666668 31.707419125, 121.72672350000002 31.707419125, 121.72672350000002 31.707517444444434)), ((121.72152325 31.714640250000002, 121.72152325 31.7145945, 121.72141340000002 31.7145945, 121.72141340000002 31.714640250000002, 121.72152325 31.714640250000002)))"
311,30.6903780765046,122.40705517403451,6,"MULTIPOLYGON (((122.41130812499999 30.691345875, 122.40987999999997 30.691345875, 122.40987999999997 30.691924666666665, 122.41130812499999 30.691924666666665, 122.41130812499999 30.691345875)), ((122.41355214285713 30.690333285714285, 122.4136335 30.690333285714285, 122.4136335 30.690117000000004, 122.41355214285713 30.690117000000004, 122.41355214285713 30.690333285714285)), ((122.41583607317074 30.69050302439023, 122.41583607317074 30.69053740909091, 122.41589149999997 30.69053740909091, 122.41589149999997 30.69050302439023, 122.41583607317074 30.69050302439023)), ((122.40343584615387 30.684199999999997, 122.40343584615387 30.685050384615387, 122.40360757142857 30.685050384615387, 122.40360757142857 30.684199999999997, 122.40343584615387 30.684199999999997)), ((122.40198566666666 30.685511153846143, 122.40198566666666 30.68553237931035, 122.40202637931031 30.68553237931035, 122.40202637931031 30.685511153846143, 122.40198566666666 30.685511153846143)), ((122.40436757142857 30.689842874999997, 122.4030208125 30.689842874999997, 122.4030208125 30.690403285714286, 122.40436757142857 30.690403285714286, 122.40436757142857 30.689842874999997)))"
312,31.6908676748537,121.7976579277384,2,"MULTIPOLYGON (((121.806151 31.691075666666666, 121.80617766666666 31.691075666666666, 121.80617766666666 31.691038666666667, 121.806151 31.691038666666667, 121.806151 31.691075666666666)), ((121.79751729999998 31.691542555555557, 121.79774366666669 31.691542555555557, 121.79774366666669 31.690191571428567, 121.79751729999998 31.690191571428567, 121.79751729999998 31.691542555555557)))"
313,31.670693235714285,121.80185682857145,1,"POLYGON ((121.8013748 31.670681899999998, 121.8013748 31.67070457142857, 121.80233885714286 31.67070457142857, 121.80233885714286 31.670681899999998, 121.8013748 31.670681899999998))"
314,31.687247369521895,121.8254293732663,2,"MULTIPOLYGON (((121.82518233333334 31.68753914814814, 121.82567624528303 31.68753914814814, 121.82567624528303 31.686955666666666, 121.82518233333334 31.686955666666666, 121.82518233333334 31.68753914814814)), ((121.82753338461536 31.686310148148134, 121.82753385185185 31.686310148148134, 121.82753385185185 31.68628553846154, 121.82753338461536 31.68628553846154, 121.82753338461536 31.686310148148134)))"
315,23.509928249999998,117.10317351666666,1,"POLYGON ((117.10312033333332 23.509897499999997, 117.10312033333332 23.509959, 117.10322670000001 23.509959, 117.10322670000001 23.509897499999997, 117.10312033333332 23.509897499999997))"
316,25.416396058994195,119.68859173670212,1,"POLYGON ((119.68822675 25.41606518181818, 119.68822675 25.41672693617021, 119.68895672340425 25.41672693617021, 119.68895672340425 25.41606518181818, 119.68822675 25.41606518181818))"
317,31.71535816592593,121.2157939037037,1,"POLYGON ((121.21554674074073 31.715137851851853, 121.21554674074073 31.71557848, 121.21604106666665 31.71557848, 121.21604106666665 31.715137851851853, 121.21554674074073 31.715137851851853))"
318,31.756657787272726,121.16719093454549,1,"POLYGON ((121.16711996000001 31.756625454545453, 121.16711996000001 31.75669012, 121.16726190909093 31.75669012, 121.16726190909093 31.756625454545453, 121.16711996000001 31.756625454545453))"
319,35.607199211208794,119.79684448697489,2,"MULTIPOLYGON (((119.79942597916666 35.610222833333324, 119.7994922142857 35.610222833333324, 119.7994922142857 35.60981442857143, 119.79942597916666 35.60981442857143, 119.79942597916666 35.610222833333324)), ((119.79498603571429 35.60543051851852, 119.7952995925926 35.60543051851852, 119.7952995925926 35.60529796428572, 119.79498603571429 35.60529796428572, 119.79498603571429 35.60543051851852)))"
320,38.98023395923912,121.73715472961956,1,"POLYGON ((121.73711993749998 38.980075875, 121.73711993749998 38.98039204347826, 121.73718952173913 38.98039204347826, 121.73718952173913 38.980075875, 121.73711993749998 38.980075875))"
321,38.998700765897276,121.65516211452089,2,"MULTIPOLYGON (((121.65866335999998 38.996927299999996, 121.65914613281251 38.996927299999996, 121.65914613281251 38.996743985507244, 121.65866335999998 38.996743985507244, 121.65866335999998 38.996927299999996)), ((121.65436649999997 38.99945499999999, 121.65506350000003 38.99945499999999, 121.65506350000003 38.998392166666676, 121.65436649999997 38.998392166666676, 121.65436649999997 38.99945499999999)))"
322,22.573353981534094,113.6167803252841,1,"POLYGON ((113.61670246875 22.57310218181818, 113.61670246875 22.573605781250002, 113.61685818181819 22.573605781250002, 113.61685818181819 22.57310218181818, 113.61670246875 22.57310218181818))"
323,35.37523087391303,119.53534039130435,1,"POLYGON ((119.53504078260869 35.37482034782609, 119.53504078260869 35.3756414, 119.53564 35.3756414, 119.53564 35.37482034782609, 119.53504078260869 35.37482034782609))"
324,23.504180974999997,117.11028605833334,1,"POLYGON ((117.11018616666668 23.504040299999996, 117.11018616666668 23.504321649999998, 117.11038595 23.504321649999998, 117.11038595 23.504040299999996, 117.11018616666668 23.504040299999996))"
325,39.50847501042427,121.32290269900005,2,"MULTIPOLYGON (((121.3214664263566 39.50594872999999, 121.32152216000001 39.50594872999999, 121.32152216000001 39.50586817054264, 121.3214664263566 39.50586817054264, 121.3214664263566 39.50594872999999)), ((121.32183124242424 39.507926348484844, 121.32183124242424 39.50903336363636, 121.32397947368418 39.50903336363636, 121.32397947368418 39.507926348484844, 121.32183124242424 39.507926348484844)))"
326,23.768278283234235,117.58024514120353,2,"POLYGON ((117.58016657142856 23.76712835714286, 117.58016657142856 23.77024512857143, 117.5803227 23.77024512857143, 117.58030287931035 23.765477027777777, 117.58016657142856 23.76712835714286))"
327,30.3906790277363,122.389853418903,3,"MULTIPOLYGON (((122.39561528571427 30.396832571428572, 122.39561528571427 30.396777285714286, 122.395459 30.396777285714286, 122.395459 30.396832571428572, 122.39561528571427 30.396832571428572)), ((122.388685875 30.391506, 122.388685875 30.391058400000002, 122.39161333333334 30.391058400000002, 122.39161333333334 30.39009333333333, 122.3881704 30.390258249999995, 122.3881704 30.391506, 122.388685875 30.391506)))"
328,21.435782464087797,111.28960654865838,2,"MULTIPOLYGON (((111.28760242857142 21.43382216666667, 111.28774166666665 21.43382216666667, 111.28774166666665 21.433776142857138, 111.28760242857142 21.433776142857138, 111.28760242857142 21.43382216666667)), ((111.2888155 21.434926, 111.2888155 21.436648204301076, 111.29040664516128 21.436648204301076, 111.29040664516128 21.434926, 111.2888155 21.434926)))"
329,30.580840497004182,121.06939762035643,2,"MULTIPOLYGON (((121.06744821052632 30.58147129999999, 121.07125086792453 30.58147129999999, 121.07125086792453 30.580179250000008, 121.06744821052632 30.580179250000008, 121.06744821052632 30.58147129999999)), ((121.07287694736841 30.581908, 121.07287694736841 30.582089000000003, 121.07323376811595 30.582089000000003, 121.07323376811595 30.581908, 121.07287694736841 30.581908)))"
330,32.187926183673454,119.28383385408159,1,"POLYGON ((119.28277440816326 32.187580999999994, 119.28277440816326 32.18827136734693, 119.28489329999996 32.18827136734693, 119.28489329999996 32.187580999999994, 119.28277440816326 32.187580999999994))"
331,31.956716261538464,120.32929799846156,1,"POLYGON ((120.32777927692308 31.956120923076927, 120.32777927692308 31.9573116, 120.33081672000002 31.9573116, 120.33081672000002 31.956120923076927, 120.32777927692308 31.956120923076927))"
332,30.02781789525744,121.98985716149878,4,"MULTIPOLYGON (((121.99171244680852 30.02864898245614, 121.99171244680852 30.025620054545456, 121.98849731578947 30.025620054545456, 121.98849731578947 30.02864898245614, 121.99171244680852 30.02864898245614)), ((121.99017093902435 30.035095066666656, 121.99017093902435 30.03446483760683, 121.98964285333334 30.03446483760683, 121.98964285333334 30.035095066666656, 121.99017093902435 30.035095066666656)), ((121.98221828125 30.04069293750001, 121.98166287999999 30.04069293750001, 121.98166287999999 30.041093542553188, 121.98221828125 30.041093542553188, 121.98221828125 30.04069293750001)), ((121.98464073214285 30.03852225714285, 121.98518637037034 30.03852225714285, 121.98518637037034 30.03827478571429, 121.98464073214285 30.03827478571429, 121.98464073214285 30.03852225714285)))"
333,32.16597585,118.8520240464286,1,"POLYGON ((118.85172852142858 32.16597241428572, 118.85172852142858 32.16597928571428, 118.85231957142858 32.16597928571428, 118.85231957142858 32.16597241428572, 118.85172852142858 32.16597241428572))"
334,31.893941935714285,120.92034629039166,1,"POLYGON ((120.92022839473682 31.893719571428566, 120.92022839473682 31.894164300000003, 120.9204641860465 31.894164300000003, 120.9204641860465 31.893719571428566, 120.92022839473682 31.893719571428566))"
335,32.2285696690403,119.89411135483384,2,"MULTIPOLYGON (((119.89355957575756 32.227709955555554, 119.89355957575756 32.22986469117647, 119.8944848055555 32.22986469117647, 119.8944848055555 32.227709955555554, 119.89355957575756 32.227709955555554)), ((119.89507460869564 32.22630848913044, 119.89530040909092 32.22630848913044, 119.89530040909092 32.22557695454545, 119.89507460869564 32.22557695454545, 119.89507460869564 32.22630848913044)))"
336,31.364924278748557,121.60008227835972,3,"MULTIPOLYGON (((121.60245176562499 31.363742703124995, 121.6025728139535 31.363742703124995, 121.6025728139535 31.36353544186047, 121.60245176562499 31.36353544186047, 121.60245176562499 31.363742703124995)), ((121.59723686734694 31.366621867346936, 121.59715212195123 31.366621867346936, 121.59715212195123 31.366647878048777, 121.59723686734694 31.366647878048777, 121.59723686734694 31.366621867346936)), ((121.59885044444445 31.365609789855068, 121.59908522222224 31.365609789855068, 121.59908522222224 31.36540111111111, 121.59885044444445 31.36540111111111, 121.59885044444445 31.365609789855068)))"
337,29.98126873155366,122.049058937054,2,"MULTIPOLYGON (((122.049258375 29.98215436242884, 122.05117350000002 29.98215436242884, 122.05117350000002 29.98057941747573, 122.049258375 29.98057941747573, 122.049258375 29.98215436242884)), ((122.0431407878788 29.981131484848483, 122.04413927777779 29.981131484848483, 122.04413927777779 29.98048651282052, 122.0431407878788 29.98048651282052, 122.0431407878788 29.981131484848483)))"
338,29.97472669361702,121.77566071774191,1,"POLYGON ((121.77510293548389 29.974500599999995, 121.77510293548389 29.974952787234045, 121.7762185 29.974952787234045, 121.7762185 29.974500599999995, 121.77510293548389 29.974500599999995))"
339,32.07024225815218,119.93561720687238,1,"POLYGON ((119.93542847826086 32.07003239130436, 119.93542847826086 32.070452125, 119.93580593548387 32.070452125, 119.93580593548387 32.07003239130436, 119.93542847826086 32.07003239130436))"
340,40.07539320138889,120.12088267499998,1,"POLYGON ((120.11725459999998 40.07430877777778, 120.11725459999998 40.076477624999995, 120.12451074999998 40.076477624999995, 120.12451074999998 40.07430877777778, 120.11725459999998 40.07430877777778))"
341,32.187350284722214,119.32137113194443,1,"POLYGON ((119.32040888888888 32.18716444444444, 119.32040888888888 32.187536125, 119.32233337499999 32.187536125, 119.32233337499999 32.18716444444444, 119.32040888888888 32.18716444444444))"
342,31.992886641519558,120.6669912595802,6,"MULTIPOLYGON (((120.68170782051284 31.993965499999995, 120.68175266666665 31.993965499999995, 120.68175266666665 31.99389166666667, 120.68170782051284 31.99389166666667, 120.68170782051284 31.993965499999995)), ((120.6832871511628 31.994131257425742, 120.68323283168314 31.994131257425742, 120.68323283168314 31.994141616279073, 120.6832871511628 31.994141616279073, 120.6832871511628 31.994131257425742)), ((120.68607099999996 31.9943485, 120.68607099999996 31.99437623333333, 120.68611186666666 31.99437623333333, 120.68611186666666 31.9943485, 120.68607099999996 31.9943485)), ((120.67392335526314 31.993646065789477, 120.6738984923077 31.993646065789477, 120.6738984923077 31.993668646153843, 120.67392335526314 31.993668646153843, 120.67392335526314 31.993646065789477)), ((120.67575101999998 31.9936141097561, 120.67692830909093 31.9936141097561, 120.67692830909093 31.993590662337656, 120.67575101999998 31.993590662337656, 120.67575101999998 31.9936141097561)), ((120.66739075 31.992925869565216, 120.66739075 31.99273175, 120.66507331249997 31.99273175, 120.66507331249997 31.992925869565216, 120.66739075 31.992925869565216)))"
343,29.948362395424834,121.95039156825398,1,"POLYGON ((121.95026288888887 29.94831723529411, 121.95026288888887 29.94840755555555, 121.95052024761905 29.94840755555555, 121.95052024761905 29.94831723529411, 121.95026288888887 29.94831723529411))"
344,28.08792377470931,121.1382666482558,1,"POLYGON ((121.13736724999998 28.08656767441861, 121.13736724999998 28.089279874999995, 121.13916604651162 28.089279874999995, 121.13916604651162 28.08656767441861, 121.13736724999998 28.08656767441861))"
345,31.691006945767196,121.14971994312168,1,"POLYGON ((121.14937931481482 31.690863928571435, 121.14937931481482 31.691149962962957, 121.15006057142855 31.691149962962957, 121.15006057142855 31.690863928571435, 121.14937931481482 31.690863928571435))"
346,32.18561036749704,118.88395867221938,3,"MULTIPOLYGON (((118.88842385714285 32.18582172727271, 118.88837620454547 32.18582172727271, 118.88837620454547 32.18609504347826, 118.88842385714285 32.18609504347826, 118.88842385714285 32.18582172727271)), ((118.89078565384615 32.186184666666676, 118.89078565384615 32.186292625, 118.89095369230769 32.186292625, 118.89095369230769 32.186184666666676, 118.89078565384615 32.186184666666676)), ((118.88247204347827 32.1856183125, 118.88361030769231 32.1856183125, 118.88361030769231 32.18544287500001, 118.88247204347827 32.18544287500001, 118.88247204347827 32.1856183125)))"
347,32.26755026893939,119.42852107499999,1,"POLYGON ((119.42834575 32.267451083333334, 119.42834575 32.26764945454545, 119.4286964 32.26764945454545, 119.4286964 32.267451083333334, 119.42834575 32.267451083333334))"
348,32.20455143333325,119.24756296760422,2,"MULTIPOLYGON (((119.2468546849315 32.20494319178082, 119.2470935 32.20494319178082, 119.2470935 32.20482446296297, 119.2468546849315 32.20482446296297, 119.2468546849315 32.20494319178082)), ((119.24903231395346 32.203727988372094, 119.24916107228916 32.203727988372094, 119.24916107228916 32.2036434375, 119.24903231395346 32.2036434375, 119.24903231395346 32.203727988372094)))"
349,40.79228763104396,121.02107488686315,1,"POLYGON ((121.02088763736262 40.79225135000001, 121.02088763736262 40.792323912087916, 121.02126213636365 40.792323912087916, 121.02126213636365 40.79225135000001, 121.02088763736262 40.79225135000001))"
350,31.771791876470584,120.95955995967739,1,"POLYGON ((120.95930249999998 31.7716894, 120.95930249999998 31.771894352941175, 120.95981741935483 31.771894352941175, 120.95981741935483 31.7716894, 120.95930249999998 31.7716894))"
351,32.01725736415711,120.76777043009116,1,"POLYGON ((120.76760457446808 32.017191574468086, 120.76760457446808 32.01732315384615, 120.76793628571428 32.01732315384615, 120.76793628571428 32.017191574468086, 120.76760457446808 32.017191574468086))"
352,21.712219641176468,108.59169171470587,1,"POLYGON ((108.59095540000001 21.71144388235294, 108.59095540000001 21.712995399999997, 108.59242802941175 21.712995399999997, 108.59242802941175 21.71144388235294, 108.59095540000001 21.71144388235294))"
353,29.891301215719057,122.06858801008063,1,"POLYGON ((122.06776337499998 29.890993692307692, 122.06776337499998 29.891608739130426, 122.0694126451613 29.891608739130426, 122.0694126451613 29.890993692307692, 122.06776337499998 29.890993692307692))"
354,26.884461986159593,119.65755291217052,3,"MULTIPOLYGON (((119.6573292 26.8848829375, 119.65778257142856 26.8848829375, 119.65778257142856 26.883864199999994, 119.6573292 26.883864199999994, 119.6573292 26.8848829375)), ((119.65947316666666 26.88601167567567, 119.65947316666666 26.88620692307692, 119.65955740000001 26.88620692307692, 119.65955740000001 26.88601167567567, 119.65947316666666 26.88601167567567)), ((119.65052951063828 26.887378829787227, 119.65052951063828 26.887312619047616, 119.65045752380954 26.887312619047616, 119.65045752380954 26.887378829787227, 119.65052951063828 26.887378829787227)))"
355,27.18300228676471,120.38634225227274,1,"POLYGON ((120.38569445454544 27.18204675, 120.38569445454544 27.183957823529415, 120.38699005000002 27.183957823529415, 120.38699005000002 27.18204675, 120.38569445454544 27.18204675))"
356,22.448375537878782,113.02944301262626,1,"POLYGON ((113.02898863636364 22.448311166666663, 113.02898863636364 22.448439909090904, 113.02989738888888 22.448439909090904, 113.02989738888888 22.448311166666663, 113.02898863636364 22.448311166666663))"
357,22.979332814267767,113.54324147729642,3,"MULTIPOLYGON (((113.54373405714284 22.976723722222225, 113.54373405714284 22.97807771428571, 113.54428427777776 22.97807771428571, 113.54428427777776 22.976723722222225, 113.54373405714284 22.976723722222225)), ((113.54482382692306 22.975553826923072, 113.54516272368419 22.975553826923072, 113.54516272368419 22.974938578947373, 113.54482382692306 22.974938578947373, 113.54482382692306 22.975553826923072)), ((113.54204717479674 22.983506000000006, 113.54204717479674 22.982313016260168, 113.54151014285713 22.982313016260168, 113.54151014285713 22.983506000000006, 113.54204717479674 22.983506000000006)))"
358,37.567717580695685,121.38605713819794,4,"MULTIPOLYGON (((121.38847533333333 37.56794433333333, 121.38847533333333 37.56746116666666, 121.38664466666667 37.56746116666666, 121.38664466666667 37.56794433333333, 121.38847533333333 37.56794433333333)), ((121.3757572 37.5675125, 121.37557325 37.5678072, 121.38200364102565 37.567888602409624, 121.3757572 37.56776876470588, 121.3757572 37.5675125)))"
359,37.42175379404595,122.65870494959532,3,"MULTIPOLYGON (((122.6601907948718 37.4225804, 122.6601907948718 37.4222096, 122.658621 37.4222096, 122.658621 37.4225804, 122.6601907948718 37.4225804)), ((122.65569954545451 37.41778177777777, 122.65593355555554 37.41778177777777, 122.65593355555554 37.41737581818182, 122.65569954545451 37.41737581818182, 122.65569954545451 37.41778177777777)), ((122.65529533333336 37.42252500000001, 122.65529533333336 37.42219666666666, 122.65517799999999 37.42219666666666, 122.65517799999999 37.42252500000001, 122.65529533333336 37.42252500000001)))"
360,23.562869343676123,117.12187174615839,1,"POLYGON ((117.12174569444441 23.562860159574466, 117.12174569444441 23.562878527777777, 117.12199779787233 23.562878527777777, 117.12199779787233 23.562860159574466, 117.12174569444441 23.562860159574466))"
361,22.375691221002057,113.07665816868281,1,"POLYGON ((113.07654687499999 22.37475389361702, 113.07654687499999 22.3766285483871, 113.07676946236559 22.3766285483871, 113.07676946236559 22.37475389361702, 113.07654687499999 22.37475389361702))"
362,32.124008621764524,121.47532584083635,2,"MULTIPOLYGON (((121.47500445714284 32.12307060869566, 121.47504587234043 32.12307060869566, 121.47504587234043 32.1229264893617, 121.47500445714284 32.1229264893617, 121.47500445714284 32.12307060869566)), ((121.47543057407408 32.12450735714285, 121.47543057407408 32.12460262962963, 121.47554639285713 32.12460262962963, 121.47554639285713 32.12450735714285, 121.47543057407408 32.12450735714285)))"
363,22.924302630681815,113.56678137572754,1,"POLYGON ((113.56667764102563 22.923834636363633, 113.56667764102563 22.924770625, 113.56688511042942 22.924770625, 113.56688511042942 22.923834636363633, 113.56667764102563 22.923834636363633))"
364,35.20837582812499,119.40112719197117,1,"POLYGON ((119.3992484137931 35.20828399999999, 119.3992484137931 35.208467656249994, 119.40300597014925 35.208467656249994, 119.40300597014925 35.20828399999999, 119.3992484137931 35.20828399999999))"
365,22.4703592645975,113.90292000648658,2,"POLYGON ((113.90249437499999 22.468429875, 113.90254843421053 22.471506934210527, 113.90356143373494 22.471506934210527, 113.90356143373494 22.47031891275168, 113.90281284999999 22.47031891275168, 113.90281284999999 22.4681232, 113.90249437499999 22.468429875))"
366,28.1868401814935,121.11268681266235,1,"POLYGON ((121.11246905714286 28.186421885714292, 121.11246905714286 28.187258477272717, 121.11290456818182 28.187258477272717, 121.11290456818182 28.186421885714292, 121.11246905714286 28.186421885714292))"
367,39.60257899103261,122.95958113056128,2,"MULTIPOLYGON (((122.96184025000001 39.5998996590909, 122.96291628947367 39.5998996590909, 122.96291628947367 39.598507999999995, 122.96184025000001 39.598507999999995, 122.96184025000001 39.5998996590909)), ((122.95580167307689 39.6043775, 122.96093746875 39.6043775, 122.96093746875 39.60370433333333, 122.95580167307689 39.60370433333333, 122.95580167307689 39.6043775)))"
368,35.99951959383074,120.19012545555542,3,"MULTIPOLYGON (((120.19511627272728 35.99933337209303, 120.19511627272728 35.999167555555566, 120.19505855813952 35.999167555555566, 120.19505855813952 35.99933337209303, 120.19511627272728 35.99933337209303)), ((120.18863 35.99867575000001, 120.18874634374998 35.99867575000001, 120.18874634374998 35.99848988000001, 120.18863 35.99848988000001, 120.18863 35.99867575000001)), ((120.18955378048778 36.000086902439016, 120.18955378048778 36.00025673333334, 120.18975991666666 36.00025673333334, 120.18975991666666 36.000086902439016, 120.18955378048778 36.000086902439016)))"
369,31.347215032919024,121.52990525827451,3,"MULTIPOLYGON (((121.54144672093021 31.343903339805824, 121.54145252427183 31.343903339805824, 121.54145252427183 31.343869674418603, 121.54144672093021 31.343869674418603, 121.54144672093021 31.343903339805824)), ((121.53622356000001 31.34575888571429, 121.53622356000001 31.345488136363628, 121.53535512499997 31.345488136363628, 121.53535512499997 31.34575888571429, 121.53622356000001 31.34575888571429)), ((121.52927505454548 31.347988452380946, 121.52927505454548 31.347126142857146, 121.52800493055557 31.347126142857146, 121.52800493055557 31.347988452380946, 121.52927505454548 31.347988452380946)))"
370,31.989871014617467,120.64702916336641,4,"MULTIPOLYGON (((120.65507031034484 31.9903451038961, 120.65507031034484 31.990265514705882, 120.65331742647062 31.990265514705882, 120.65331742647062 31.9903451038961, 120.65507031034484 31.9903451038961)), ((120.64207756249999 31.989477548387097, 120.6407899848485 31.989477548387097, 120.6407899848485 31.98958488888888, 120.64207756249999 31.98958488888888, 120.64207756249999 31.989477548387097)), ((120.64355747692308 31.989631753846144, 120.64355747692308 31.98974163758389, 120.64614253741496 31.989719707483, 120.6437937986577 31.989683953703704, 120.64355747692308 31.989631753846144)))"
371,30.742869461080584,121.41774050320514,1,"POLYGON ((121.41768425641024 30.742820910256413, 121.41768425641024 30.74291801190476, 121.41779675000001 30.74291801190476, 121.41779675000001 30.742820910256413, 121.41768425641024 30.742820910256413))"
372,25.172819099999998,118.979339375,1,"POLYGON ((118.97910524999999 25.1722345, 118.97910524999999 25.1734037, 118.97957349999999 25.1734037, 118.97957349999999 25.1722345, 118.97910524999999 25.1722345))"
373,22.308160128260873,113.06596136842104,1,"POLYGON ((113.0658007368421 22.3079053, 113.0658007368421 22.308414956521737, 113.066122 22.308414956521737, 113.066122 22.3079053, 113.0658007368421 22.3079053))"
374,22.1776542875817,113.09670196405229,1,"POLYGON ((113.09656403921568 22.177595888888884, 113.09656403921568 22.177712686274507, 113.09683988888888 22.177712686274507, 113.09683988888888 22.177595888888884, 113.09656403921568 22.177595888888884))"
375,22.209649710526318,113.0977879774436,1,"POLYGON ((113.0977765263158 22.209628000000002, 113.0977765263158 22.209671421052633, 113.09779942857142 22.209671421052633, 113.09779942857142 22.209628000000002, 113.0977765263158 22.209628000000002))"
376,21.599549158860597,108.38689310732188,3,"MULTIPOLYGON (((108.3837107142857 21.595213789473682, 108.38375657894734 21.595213789473682, 108.38375657894734 21.595191157142857, 108.3837107142857 21.595191157142857, 108.3837107142857 21.595213789473682)), ((108.38536584558823 21.597467352941173, 108.38536584558823 21.597732083333334, 108.38558727272725 21.597732083333334, 108.38558727272725 21.597467352941173, 108.38536584558823 21.597467352941173)), ((108.38740459259257 21.600161111111106, 108.38740459259257 21.60069411904762, 108.3876582857143 21.60069411904762, 108.3876582857143 21.600161111111106, 108.38740459259257 21.600161111111106)))"
377,22.47705017425749,113.87897488430399,2,"MULTIPOLYGON (((113.88177189855072 22.477667142857143, 113.88195307142855 22.477667142857143, 113.88195307142855 22.47761412499999, 113.88177189855072 22.47761412499999, 113.88177189855072 22.477667142857143)), ((113.87807265 22.477025333333334, 113.878183 22.477025333333334, 113.878183 22.476728599999998, 113.87807265 22.476728599999998, 113.87807265 22.477025333333334)))"
378,38.96468333924612,121.81357010199558,1,"POLYGON ((121.81295554545456 38.96416372727273, 121.81295554545456 38.96520295121951, 121.81418465853658 38.96520295121951, 121.81418465853658 38.96416372727273, 121.81295554545456 38.96416372727273))"
379,28.69987194517544,121.43469355,1,"POLYGON ((121.434645 28.69981747368421, 121.434645 28.699926416666667, 121.4347421 28.699926416666667, 121.4347421 28.69981747368421, 121.434645 28.69981747368421))"
380,29.0449287120344,121.64025457823423,2,"MULTIPOLYGON (((121.64271502597406 29.04764042105263, 121.64353470253165 29.04764042105263, 121.64353470253165 29.0468183607595, 121.64271502597406 29.0468183607595, 121.64271502597406 29.04764042105263)), ((121.63769675 29.043747999999997, 121.638631 29.043747999999997, 121.638631 29.04275781609196, 121.63769675 29.04275781609196, 121.63769675 29.043747999999997)))"
381,31.009558417157297,121.44659300128109,3,"MULTIPOLYGON (((121.44810650000001 31.00823675, 121.44881436065573 31.00823675, 121.44881436065573 31.01097777777778, 121.44970947368421 31.01097777777778, 121.44953412499996 31.007507499999996, 121.44810650000001 31.007507499999996, 121.44810650000001 31.00823675)), ((121.44273080000002 31.01087894482758, 121.44273080000002 31.0101245, 121.440511625 31.0101245, 121.440511625 31.01087894482758, 121.44273080000002 31.01087894482758)))"
382,36.8727092968421,122.4468152009804,1,"POLYGON ((122.44439049999998 36.87170212, 122.44439049999998 36.8737164736842, 122.4492399019608 36.8737164736842, 122.4492399019608 36.87170212, 122.44439049999998 36.87170212))"
383,32.1986978183638,119.28299346303876,7,"MULTIPOLYGON (((119.29428974999996 32.19683907142858, 119.29428974999996 32.19621156521739, 119.29242500000001 32.19621156521739, 119.29242500000001 32.19683907142858, 119.29428974999996 32.19683907142858)), ((119.2797648 32.2002916, 119.2797648 32.2004034, 119.27982619999997 32.2004034, 119.27982619999997 32.2002916, 119.2797648 32.2002916)), ((119.28072512195122 32.19969973076922, 119.28416791304346 32.19969973076922, 119.28416791304346 32.198109444444434, 119.288625 32.198109444444434, 119.288625 32.19670189705882, 119.28594688888884 32.19670189705882, 119.28594688888884 32.197427874999995, 119.28072512195122 32.197427874999995, 119.28072512195122 32.19969973076922)), ((119.27577573737373 32.20079380392157, 119.27577573737373 32.201283399999994, 119.27291671052632 32.201283399999994, 119.27291671052632 32.20279081578947, 119.2746826 32.20279081578947, 119.2746826 32.201327181818186, 119.27622221568627 32.201327181818186, 119.27622221568627 32.20079380392157, 119.27577573737373 32.20079380392157)), ((119.26874215 32.20524761702128, 119.26874182978725 32.20524761702128, 119.26874182978725 32.20527471666667, 119.26874215 32.20527471666667, 119.26874215 32.20524761702128)))"
384,37.79034042434209,120.63223146198158,1,"POLYGON ((120.62991321428571 37.79023137499999, 120.62991321428571 37.7904494736842, 120.63454970967742 37.7904494736842, 120.63454970967742 37.79023137499999, 120.62991321428571 37.79023137499999))"
385,30.068226394540943,121.89414403846155,1,"POLYGON ((121.89401807692308 30.068099692307683, 121.89401807692308 30.0683530967742, 121.89427000000002 30.0683530967742, 121.89427000000002 30.068099692307683, 121.89401807692308 30.068099692307683))"
386,32.2489855,119.69257240588234,1,"POLYGON ((119.69239039999998 32.24875630000001, 119.69239039999998 32.249214699999996, 119.6927544117647 32.249214699999996, 119.6927544117647 32.24875630000001, 119.69239039999998 32.24875630000001))"
387,31.924940154936213,120.20912787267844,2,"MULTIPOLYGON (((120.21274033333333 31.925500749999994, 120.21281699999997 31.925500749999994, 120.21281699999997 31.925444999999996, 120.21274033333333 31.925444999999996, 120.21274033333333 31.925500749999994)), ((120.20778936249997 31.924799650000004, 120.20792648076923 31.924799650000004, 120.20792648076923 31.92471004, 120.20778936249997 31.92471004, 120.20778936249997 31.924799650000004)))"
388,40.05369550990099,120.0249923440594,1,"POLYGON ((120.02481268811881 40.053644138613855, 120.02481268811881 40.053746881188125, 120.02517199999998 40.053746881188125, 120.02517199999998 40.053644138613855, 120.02481268811881 40.053644138613855))"
389,32.271201933376574,119.70554533745313,3,"MULTIPOLYGON (((119.70447409999998 32.2690681, 119.70451681818182 32.27173223529412, 119.7066854 32.27173223529412, 119.7066854 32.27077509090909, 119.70462789999999 32.27077509090909, 119.70447409999998 32.2690681)), ((119.70820584210527 32.273805450000005, 119.70820584210527 32.273810315789476, 119.708275 32.273810315789476, 119.708275 32.273805450000005, 119.70820584210527 32.273805450000005)))"
390,31.67626602546559,121.17885608245889,2,"MULTIPOLYGON (((121.177575030303 31.677028574999998, 121.17788998305085 31.677028574999998, 121.17788998305085 31.67688330612246, 121.177575030303 31.67688330612246, 121.177575030303 31.677028574999998)), ((121.18009929545453 31.675514599999993, 121.1803288857143 31.675514599999993, 121.1803288857143 31.675349721311477, 121.18009929545453 31.675349721311477, 121.18009929545453 31.675514599999993)))"
391,39.98111554379191,119.83301933170694,9,"MULTIPOLYGON (((119.83408 39.9723835, 119.83408 39.97235414285714, 119.83405328571429 39.97235414285714, 119.83405328571429 39.9723835, 119.83408 39.9723835)), ((119.8372310909091 39.97379509090909, 119.8372310909091 39.97402328571429, 119.83769987912088 39.97402328571429, 119.83769987912088 39.97379509090909, 119.8372310909091 39.97379509090909)), ((119.82703810752689 39.975749071428574, 119.82610671428571 39.975749071428574, 119.82610671428571 39.9761344892473, 119.82703810752689 39.9761344892473, 119.82703810752689 39.975749071428574)), ((119.8286378125 39.97683035483871, 119.82859226666666 39.97683035483871, 119.82859226666666 39.977184013888895, 119.8286378125 39.977184013888895, 119.8286378125 39.97683035483871)), ((119.83090325 39.97807, 119.83090325 39.97809025000001, 119.830913 39.97809025000001, 119.830913 39.97807, 119.83090325 39.97807)), ((119.83145933333333 39.97906777777777, 119.83151271428571 39.97906777777777, 119.83151271428571 39.979063999999994, 119.83145933333333 39.979063999999994, 119.83145933333333 39.97906777777777)), ((119.83459534545453 39.97777718181817, 119.83553326470589 39.97777718181817, 119.83553326470589 39.9773688, 119.83459534545453 39.9773688, 119.83459534545453 39.97777718181817)), ((119.83103783333333 39.986756166666666, 119.83103783333333 39.98679550000001, 119.83155974999997 39.98679550000001, 119.83155974999997 39.986756166666666, 119.83103783333333 39.986756166666666)), ((119.83347765957443 39.985303117647064, 119.83479597391302 39.985303117647064, 119.83479597391302 39.98451466666667, 119.83347765957443 39.98451466666667, 119.83347765957443 39.985303117647064)))"
392,31.99712392458764,119.99974465805191,3,"MULTIPOLYGON (((119.99706986567165 32.00002244776119, 119.9969708309859 32.00002244776119, 119.9969708309859 32.0002191971831, 119.99706986567165 32.0002191971831, 119.99706986567165 32.00002244776119)), ((119.99877567391306 31.99806206521739, 119.99992 31.99806206521739, 119.99992 31.99701012280701, 119.99877567391306 31.99701012280701, 119.99877567391306 31.99806206521739)), ((120.00113343478259 31.99563173913044, 120.0017235142857 31.99563173913044, 120.0017235142857 31.995097549999986, 120.00113343478259 31.995097549999986, 120.00113343478259 31.99563173913044)))"
393,31.68384644887412,121.16328856810634,1,"POLYGON ((121.16319127906978 31.683809269841266, 121.16319127906978 31.683883627906976, 121.16338585714287 31.683883627906976, 121.16338585714287 31.683809269841266, 121.16319127906978 31.683809269841266))"
394,37.44011821402373,120.02005617159296,1,"POLYGON ((120.02004457281554 37.44005462222223, 120.02004457281554 37.44018180582523, 120.02006777037037 37.44018180582523, 120.02006777037037 37.44005462222223, 120.02004457281554 37.44005462222223))"
395,29.7835296462799,122.08423497211868,1,"POLYGON ((122.08423047126439 29.78352398850575, 122.08423047126439 29.783535304054052, 122.084239472973 29.783535304054052, 122.084239472973 29.78352398850575, 122.08423047126439 29.78352398850575))"
396,28.27391619089652,121.55737828242452,2,"POLYGON ((121.55438604545454 28.27347240909091, 121.55609999999997 28.27347240909091, 121.55609999999997 28.27448246666667, 121.55868746666668 28.27448246666667, 121.55868746666668 28.27332175, 121.55438604545454 28.27347240909091))"
397,28.386682750000006,121.65871525,1,"POLYGON ((121.657976 28.3865323, 121.657976 28.386833200000005, 121.65945450000001 28.386833200000005, 121.65945450000001 28.3865323, 121.657976 28.3865323))"
398,39.04717772711199,117.77084753961276,2,"MULTIPOLYGON (((117.76739511111109 39.048558333333325, 117.76739511111109 39.048590822222216, 117.7674152 39.048590822222216, 117.7674152 39.048558333333325, 117.76739511111109 39.048558333333325)), ((117.76874433333334 39.04793116666666, 117.77295145454545 39.04793116666666, 117.77295145454545 39.046424, 117.76874433333334 39.046424, 117.76874433333334 39.04793116666666)))"
399,31.2912082,121.74606025714284,1,"POLYGON ((121.74566471428568 31.290949, 121.74566471428568 31.2914674, 121.74645580000002 31.2914674, 121.74645580000002 31.290949, 121.74566471428568 31.290949))"
400,31.977874670870023,120.44773553848626,2,"MULTIPOLYGON (((120.44589405882351 31.976924666666665, 120.44683410869565 31.976924666666665, 120.44683410869565 31.97590058823529, 120.44589405882351 31.97590058823529, 120.44589405882351 31.976924666666665)), ((120.44777391666669 31.977976388888877, 120.44777391666669 31.979312879310335, 120.44914167241379 31.979312879310335, 120.44914167241379 31.977976388888877, 120.44777391666669 31.977976388888877)))"
401,29.997157357747373,122.0795980796995,1,"POLYGON ((122.07925712048191 29.99707036998707, 122.07925712048191 29.997244345507667, 122.07993903891709 29.997244345507667, 122.07993903891709 29.99707036998707, 122.07925712048191 29.99707036998707))"
402,39.081745311015986,118.49292979589963,2,"MULTIPOLYGON (((118.496175 39.0805675, 118.49742279999998 39.0805675, 118.49742279999998 39.0801168, 118.496175 39.0801168, 118.496175 39.0805675)), ((118.49047074999997 39.08275166225164, 118.49208733333334 39.08275166225164, 118.49208733333334 39.08193627777778, 118.49047074999997 39.08193627777778, 118.49047074999997 39.08275166225164)))"
403,30.018282999999997,122.07224183333335,1,"POLYGON ((122.07223166666665 30.01823999999999, 122.07223166666665 30.018326000000005, 122.07225200000002 30.018326000000005, 122.07225200000002 30.01823999999999, 122.07223166666665 30.01823999999999))"
404,38.8090019925,121.13650155181817,1,"POLYGON ((121.13599686363636 38.808676625, 121.13599686363636 38.80932736, 121.13700623999999 38.80932736, 121.13700623999999 38.808676625, 121.13599686363636 38.808676625))"
405,38.94697637732568,118.4884095632064,1,"POLYGON ((118.48821232394369 38.946829641975306, 118.48821232394369 38.94712311267605, 118.48860680246914 38.94712311267605, 118.48860680246914 38.946829641975306, 118.48821232394369 38.946829641975306))"
406,32.08166253500177,121.63040555297839,2,"MULTIPOLYGON (((121.6303420208333 32.081622333333335, 121.6303420208333 32.08169247826088, 121.63052033333331 32.08169247826088, 121.63052033333331 32.081622333333335, 121.6303420208333 32.081622333333335)), ((121.62887416949152 32.08196255932204, 121.62887416949152 32.08196941666667, 121.62890499999996 32.08196941666667, 121.62890499999996 32.08196255932204, 121.62887416949152 32.08196255932204)))"
407,30.101414805383023,121.8690818411371,1,"POLYGON ((121.86846676923075 30.101218753623186, 121.86846676923075 30.101610857142862, 121.86969691304346 30.101610857142862, 121.86969691304346 30.101218753623186, 121.86846676923075 30.101218753623186))"
408,21.60781140852504,108.32718058858863,2,"MULTIPOLYGON (((108.3287951923077 21.61398183561644, 108.32882306849314 21.61398183561644, 108.32882306849314 21.61394570833333, 108.3287951923077 21.61394570833333, 108.3287951923077 21.61398183561644)), ((108.32709533333332 21.608100125000004, 108.32723179999999 21.608100125000004, 108.32723179999999 21.60739408, 108.32709533333332 21.60739408, 108.32709533333332 21.608100125000004)))"
409,39.040754295665174,118.36297905067869,3,"POLYGON ((118.36178656603775 39.03978575, 118.36178656603775 39.04009408870967, 118.36027168750002 39.04009408870967, 118.36178656603775 39.04011776033058, 118.36178656603775 39.041728264705874, 118.36417959999999 39.041728264705874, 118.36417959999999 39.040599419935226, 118.36661239330697 39.040599419935226, 118.36417959999999 39.0405946419753, 118.36417959999999 39.03978575, 118.36178656603775 39.03978575))"
410,21.59381302731093,108.32944645798318,1,"POLYGON ((108.32870182352941 21.591686260504197, 108.32870182352941 21.595939794117648, 108.33019109243696 21.595939794117648, 108.33019109243696 21.591686260504197, 108.32870182352941 21.591686260504197))"
411,37.41404080734785,119.94951465553018,3,"MULTIPOLYGON (((119.94739355555556 37.414092499999995, 119.95174017857143 37.414092499999995, 119.95174017857143 37.41363533333333, 119.94739355555556 37.41363533333333, 119.94739355555556 37.414092499999995)), ((119.94809783333334 37.4192707, 119.94809783333334 37.41925421249999, 119.94806497500001 37.41925421249999, 119.94806497500001 37.4192707, 119.94809783333334 37.4192707)), ((119.94722507142853 37.42231496428571, 119.94722507142853 37.42215103797468, 119.94696543037976 37.42215103797468, 119.94696543037976 37.42231496428571, 119.94722507142853 37.42231496428571)))"
412,22.78247558047945,115.92832993378995,1,"POLYGON ((115.92831433333335 22.7824564109589, 115.92831433333335 22.78249475, 115.92834553424656 22.78249475, 115.92834553424656 22.7824564109589, 115.92831433333335 22.7824564109589))"
413,22.817346354609928,113.57350180769231,1,"POLYGON ((113.57347099999998 22.817221666666665, 113.57347099999998 22.81747104255319, 113.57353261538462 22.81747104255319, 113.57353261538462 22.817221666666665, 113.57347099999998 22.817221666666665))"
414,21.927514086921843,113.21680426555022,1,"POLYGON ((113.21606789473682 21.926690052631578, 113.21606789473682 21.928338121212114, 113.21754063636362 21.928338121212114, 113.21754063636362 21.926690052631578, 113.21606789473682 21.926690052631578))"
415,31.75872770819957,121.1794090292905,2,"POLYGON ((121.17707675 31.759570413793117, 121.17855133333332 31.759570413793117, 121.17855133333332 31.758976080000007, 121.18164623809521 31.758976080000007, 121.18164623809521 31.757584322580644, 121.18079116666665 31.757584322580644, 121.18079116666665 31.758547789473685, 121.17707675 31.758547789473685, 121.17707675 31.759570413793117))"
416,30.984686304195797,121.37622136363636,1,"POLYGON ((121.37535872727271 30.984285454545446, 121.37535872727271 30.985087153846152, 121.377084 30.985087153846152, 121.377084 30.984285454545446, 121.37535872727271 30.984285454545446))"
417,31.388342209999998,121.60933329,1,"POLYGON ((121.60929328 31.3882273, 121.60929328 31.388457119999998, 121.60937329999997 31.388457119999998, 121.60937329999997 31.3882273, 121.60929328 31.3882273))"
418,32.237230126947324,119.2533360588768,1,"POLYGON ((119.25332862499998 32.23720056249999, 119.25332862499998 32.23725969139466, 119.25334349275364 32.23725969139466, 119.25334349275364 32.23720056249999, 119.25332862499998 32.23720056249999))"
419,32.24234715625,119.68690551875,1,"POLYGON ((119.6866975 32.242008049999995, 119.6866975 32.2426862625, 119.6871135375 32.2426862625, 119.6871135375 32.242008049999995, 119.6866975 32.242008049999995))"
420,29.891596889880944,122.00012040178571,1,"POLYGON ((121.9994424285714 29.890933904761898, 121.9994424285714 29.892259875, 122.00079837500002 29.892259875, 122.00079837500002 29.890933904761898, 121.9994424285714 29.890933904761898))"
421,37.8219161364102,120.84276692457854,4,"MULTIPOLYGON (((120.84009672727275 37.82165857142857, 120.83880942857144 37.82165857142857, 120.83880942857144 37.82206030263157, 120.84194953191488 37.82206030263157, 120.84194953191488 37.82266008510638, 120.84456504761904 37.82266008510638, 120.84456504761904 37.82063924999999, 120.84505325000002 37.82063924999999, 120.84505325000002 37.82003487719299, 120.84443843859651 37.82003487719299, 120.84443843859651 37.82201409523809, 120.84009672727275 37.82201409523809, 120.84009672727275 37.82165857142857)), ((120.83711675999999 37.81594987878787, 120.83711675999999 37.815909659999996, 120.83710457575756 37.815909659999996, 120.83710457575756 37.81594987878787, 120.83711675999999 37.81594987878787)))"
422,31.752268665714283,121.19343074285715,1,"POLYGON ((121.19331428571428 31.751887759999995, 121.19331428571428 31.752649571428574, 121.1935472 31.752649571428574, 121.1935472 31.751887759999995, 121.19331428571428 31.751887759999995))"
423,39.11003498447206,118.55023874239133,1,"POLYGON ((118.54877404999999 39.109464826086956, 118.54877404999999 39.11060514285714, 118.55170343478261 39.11060514285714, 118.55170343478261 39.109464826086956, 118.54877404999999 39.109464826086956))"
424,36.097550752194806,120.32428994522779,4,"MULTIPOLYGON (((120.32493012499997 36.09936712500001, 120.32443745454542 36.09936712500001, 120.32443745454542 36.10041833333334, 120.32493012499997 36.10041833333334, 120.32493012499997 36.09936712500001)), ((120.32609633333333 36.09780834782609, 120.3272354347826 36.09780834782609, 120.3272354347826 36.097159133333335, 120.32664433333333 36.097159133333335, 120.32664433333333 36.09562576923077, 120.32609633333333 36.09780834782609)), ((120.3201452 36.09638436111111, 120.3201452 36.095505123076926, 120.31950347222224 36.095505123076926, 120.31950347222224 36.09638436111111, 120.3201452 36.09638436111111)))"
425,32.194118197101446,119.35052054565216,1,"POLYGON ((119.34919989130434 32.193693260869566, 119.34919989130434 32.194543133333326, 119.35184120000001 32.194543133333326, 119.35184120000001 32.193693260869566, 119.34919989130434 32.193693260869566))"
426,26.468743017813086,119.67114874336042,2,"POLYGON ((119.67019500000002 26.469919874999995, 119.67071537499999 26.469919874999995, 119.67071537499999 26.468509, 119.67274324999998 26.468509, 119.67274324999998 26.46773825, 119.67229999999999 26.46773825, 119.67229999999999 26.468315749999995, 119.67019500000002 26.468315749999995, 119.67019500000002 26.469919874999995))"
427,22.902273899999997,113.56569460000001,1,"POLYGON ((113.56508060000002 22.902244, 113.56508060000002 22.9023038, 113.5663086 22.9023038, 113.5663086 22.902244, 113.56508060000002 22.902244))"
428,21.718690814814813,108.58526304398146,1,"POLYGON ((108.58498862499998 21.718278129629635, 108.58498862499998 21.719103499999992, 108.58553746296296 21.719103499999992, 108.58553746296296 21.718278129629635, 108.58498862499998 21.718278129629635))"
429,22.695687615661406,114.56119314579091,2,"MULTIPOLYGON (((114.55932288888887 22.695900599999998, 114.56306127777776 22.695900599999998, 114.56306127777776 22.69547533333333, 114.55932288888887 22.69547533333333, 114.55932288888887 22.695900599999998)), ((114.56439328688525 22.694636746153837, 114.56441832307692 22.694636746153837, 114.56441832307692 22.694615745901633, 114.56439328688525 22.694615745901633, 114.56439328688525 22.694636746153837)))"
430,32.01840582220939,120.60372780362083,2,"MULTIPOLYGON (((120.60843979999997 32.015607599999996, 120.60844487500002 32.015607599999996, 120.60844487500002 32.01554974999999, 120.60843979999997 32.01554974999999, 120.60843979999997 32.015607599999996)), ((120.603245822695 32.01872189361702, 120.60420519999998 32.01872189361702, 120.60420519999998 32.018092499999995, 120.603245822695 32.018092499999995, 120.603245822695 32.01872189361702)))"
431,30.983001954545454,121.36064315909093,1,"POLYGON ((121.3606135 30.98292190909091, 121.3606135 30.983082000000007, 121.36067281818184 30.983082000000007, 121.36067281818184 30.98292190909091, 121.3606135 30.98292190909091))"
432,31.001954676923077,121.42901645,1,"POLYGON ((121.4282824 31.001730200000004, 121.4282824 31.002179153846146, 121.4297505 31.002179153846146, 121.4297505 31.001730200000004, 121.4282824 31.001730200000004))"
433,30.114075503509103,121.94890149369962,2,"MULTIPOLYGON (((121.95128491666665 30.111043666666664, 121.9528944 30.111043666666664, 121.9528944 30.110757874999994, 121.95128491666665 30.110757874999994, 121.95128491666665 30.111043666666664)), ((121.94700025000002 30.11598624999999, 121.94800972727269 30.11598624999999, 121.94800972727269 30.114946000000007, 121.94700025000002 30.114946000000007, 121.94700025000002 30.11598624999999)))"
434,29.636322827849288,121.94473096555284,3,"MULTIPOLYGON (((121.94895650000001 29.636822828571432, 121.94895650000001 29.6364084, 121.94761824175825 29.6364084, 121.94761824175825 29.636822828571432, 121.94895650000001 29.636822828571432)), ((121.94219746666667 29.636891000000006, 121.942776229927 29.636891000000006, 121.942776229927 29.63537697777778, 121.94219746666667 29.63537697777778, 121.94219746666667 29.636891000000006)), ((121.93737157333334 29.640136852941186, 121.93737157333334 29.64010608000001, 121.93734514705883 29.64010608000001, 121.93734514705883 29.640136852941186, 121.93737157333334 29.640136852941186)))"
435,22.707759394265643,114.58475978531885,2,"POLYGON ((114.5838135 22.70783263636364, 114.58656325 22.707835527515797, 114.58656325 22.70782807692308, 114.5838135 22.70761016666666, 114.5838135 22.70783263636364))"
436,29.516106414141422,121.66399150088047,1,"POLYGON ((121.6639223831169 29.516053555555565, 121.6639223831169 29.516159272727275, 121.66406061864406 29.516159272727275, 121.66406061864406 29.516053555555565, 121.6639223831169 29.516053555555565))"
437,21.58387954545454,109.58957024999998,1,"POLYGON ((109.58908516666665 21.583661, 109.58908516666665 21.584098090909084, 109.59005533333332 21.584098090909084, 109.59005533333332 21.583661, 109.58908516666665 21.583661))"
438,26.780216291666658,119.71813481612314,1,"POLYGON ((119.71784117391303 26.779762083333335, 119.71784117391303 26.780670499999992, 119.71842845833329 26.780670499999992, 119.71842845833329 26.779762083333335, 119.71784117391303 26.779762083333335))"
439,27.49051714448257,120.67346651895173,2,"MULTIPOLYGON (((120.67578070370371 27.490031962962963, 120.67585385 27.490031962962963, 120.67585385 27.490000548387098, 120.67578070370371 27.490000548387098, 120.67578070370371 27.490031962962963)), ((120.67134783516484 27.490991489795917, 120.67139413333332 27.490991489795917, 120.67139413333332 27.490935813186812, 120.67134783516484 27.490935813186812, 120.67134783516484 27.490991489795917)))"
440,31.94752437416941,120.129167717337,3,"MULTIPOLYGON (((120.12744683333335 31.948636166666667, 120.12744683333335 31.949152299999998, 120.1275507 31.949152299999998, 120.1275507 31.948636166666667, 120.12744683333335 31.948636166666667)), ((120.12858639999997 31.948618238095232, 120.13119124999999 31.948618238095232, 120.13119124999999 31.948345, 120.12924014285711 31.948345, 120.12924014285711 31.945797399999993, 120.12858639999997 31.945797399999993, 120.12858639999997 31.948618238095232)))"
441,31.43287160526316,121.47043123684212,1,"POLYGON ((121.46883572368422 31.43132775, 121.46883572368422 31.434415460526317, 121.47202675000001 31.434415460526317, 121.47202675000001 31.43132775, 121.46883572368422 31.43132775))"
442,40.30425475474473,122.0804564712983,2,"MULTIPOLYGON (((122.07946706896549 40.305787571428574, 122.08145389610388 40.305787571428574, 122.08145389610388 40.30273721428571, 122.07946706896549 40.30273721428571, 122.07946706896549 40.305787571428574)), ((122.07773942105263 40.299212368421045, 122.07780747222222 40.299212368421045, 122.07780747222222 40.299079222222225, 122.07773942105263 40.299079222222225, 122.07773942105263 40.299212368421045)))"
443,39.82920200033666,124.15917455710114,2,"MULTIPOLYGON (((124.15920071428572 39.83168506172839, 124.15960724999998 39.83168506172839, 124.15960724999998 39.83022941, 124.15920071428572 39.83022941, 124.15920071428572 39.83168506172839)), ((124.15868864285714 39.82731088235295, 124.15899064705883 39.82731088235295, 124.15899064705883 39.825968571428575, 124.15868864285714 39.825968571428575, 124.15868864285714 39.82731088235295)))"
444,26.13817582575758,119.60400917424242,1,"POLYGON ((119.6035266818182 26.137959318181817, 119.6035266818182 26.138392333333332, 119.60449166666666 26.138392333333332, 119.60449166666666 26.137959318181817, 119.6035266818182 26.137959318181817))"
445,24.839026893518515,118.93370621296297,1,"POLYGON ((118.93367592592594 24.839012750000006, 118.93367592592594 24.83904103703703, 118.93373650000001 24.83904103703703, 118.93373650000001 24.839012750000006, 118.93367592592594 24.839012750000006))"
446,26.28801846875,119.87092753124998,1,"POLYGON ((119.87088 26.287982687499998, 119.87088 26.28805425, 119.87097506249997 26.28805425, 119.87097506249997 26.287982687499998, 119.87088 26.287982687499998))"
447,32.2365633,119.17426159999998,1,"POLYGON ((119.17408060000001 32.2364704, 119.17408060000001 32.23665619999999, 119.17444259999996 32.23665619999999, 119.17444259999996 32.2364704, 119.17408060000001 32.2364704))"
448,31.815537799180003,118.52862124396586,2,"MULTIPOLYGON (((118.53032139999999 31.818882000000006, 118.53032384444441 31.818882000000006, 118.53032384444441 31.818819195121957, 118.53032139999999 31.818819195121957, 118.53032139999999 31.818882000000006)), ((118.52854941176467 31.815675910569105, 118.52867981300813 31.815675910569105, 118.52867981300813 31.815373862745098, 118.52854941176467 31.815373862745098, 118.52854941176467 31.815675910569105)))"
449,22.223224333333338,113.38424836249997,1,"POLYGON ((113.38402612499998 22.222892166666668, 113.38402612499998 22.2235565, 113.38447060000001 22.2235565, 113.38447060000001 22.222892166666668, 113.38402612499998 22.222892166666668))"
450,31.668488133333334,121.8519472,1,"POLYGON ((121.85160900000001 31.668476666666667, 121.85160900000001 31.668499599999997, 121.8522854 31.668499599999997, 121.8522854 31.668476666666667, 121.85160900000001 31.668476666666667))"
451,36.37456037500001,120.8719783125,1,"POLYGON ((120.87189337500001 36.374319, 120.87189337500001 36.37480175000001, 120.87206325 36.37480175000001, 120.87206325 36.374319, 120.87189337500001 36.374319))"
452,24.862625843684203,118.88380263377194,1,"POLYGON ((118.8837598508772 24.862615947368415, 118.8837598508772 24.86263574, 118.88384541666666 24.86263574, 118.88384541666666 24.862615947368415, 118.8837598508772 24.862615947368415))"
453,32.02314604941737,120.63529757124041,3,"POLYGON ((120.63464742857143 32.022995571428574, 120.63530012499999 32.022995571428574, 120.63530012499999 32.02429043750001, 120.63571479166666 32.02429043750001, 120.63571479166666 32.02286925892857, 120.63764681818182 32.02286677272727, 120.6354962682927 32.02286677272727, 120.6354962682927 32.022348853658535, 120.63464742857143 32.022348853658535, 120.63464742857143 32.022995571428574))"
454,22.144944863636365,113.09989577272728,1,"POLYGON ((113.09975409090907 22.144666909090915, 113.09975409090907 22.145222818181814, 113.10003745454546 22.145222818181814, 113.10003745454546 22.144666909090915, 113.09975409090907 22.144666909090915))"
455,32.0149311035136,120.63316949474728,2,"MULTIPOLYGON (((120.63149215151516 32.01272533333334, 120.6315884827586 32.01272533333334, 120.6315884827586 32.01262652873563, 120.63149215151516 32.01262652873563, 120.63149215151516 32.01272533333334)), ((120.63297833846153 32.01465207692308, 120.63297833846153 32.01534086046512, 120.63345509302323 32.01534086046512, 120.63345509302323 32.01465207692308, 120.63297833846153 32.01465207692308)))"
456,38.09539607094785,118.03937176242981,2,"MULTIPOLYGON (((118.04348915384612 38.090019, 118.04366515789475 38.090019, 118.04366515789475 38.08928805263158, 118.04348915384612 38.08928805263158, 118.04348915384612 38.090019)), ((118.03853074074075 38.096659370370375, 118.039728375 38.096659370370375, 118.039728375 38.09479424137932, 118.03853074074075 38.09479424137932, 118.03853074074075 38.096659370370375)))"
457,38.064011843244124,118.03804736576352,2,"MULTIPOLYGON (((118.04048083333335 38.059535285714276, 118.04057107142854 38.059535285714276, 118.04057107142854 38.059494, 118.04048083333335 38.059494, 118.04048083333335 38.059535285714276)), ((118.0373922 38.06586278571428, 118.03869870588235 38.06586278571428, 118.03869870588235 38.06216784210526, 118.0373922 38.06216784210526, 118.0373922 38.06586278571428)))"
458,38.18406435224715,118.07986489975826,4,"MULTIPOLYGON (((118.08014449999999 38.18698824999999, 118.08026233333332 38.18698824999999, 118.08026233333332 38.186967, 118.08014449999999 38.186967, 118.08014449999999 38.18698824999999)), ((118.08069400000001 38.18806674999999, 118.08069400000001 38.18987216666666, 118.08261149999997 38.18987216666666, 118.08261149999997 38.18806674999999, 118.08069400000001 38.18806674999999)), ((118.077423 38.18064083333333, 118.07899324999997 38.18064083333333, 118.07899324999997 38.17841400000001, 118.077423 38.17841400000001, 118.077423 38.18064083333333)), ((118.07903116666664 38.18246418181817, 118.07903116666664 38.18362833333333, 118.07997949999996 38.18362833333333, 118.07997949999996 38.18246418181817, 118.07903116666664 38.18246418181817)))"
459,38.07607084615384,118.0459233051948,1,"POLYGON ((118.04489142857143 38.072408999999986, 118.04489142857143 38.07973269230769, 118.04695518181816 38.07973269230769, 118.04695518181816 38.072408999999986, 118.04489142857143 38.072408999999986))"
460,39.3856828232139,121.74432562235606,3,"MULTIPOLYGON (((121.74764425000001 39.382509250000005, 121.74808739999997 39.382509250000005, 121.74808739999997 39.3823754, 121.74764425000001 39.3823754, 121.74764425000001 39.382509250000005)), ((121.74997999999998 39.383549999999985, 121.74997999999998 39.384215, 121.75052385714287 39.384215, 121.75052385714287 39.383549999999985, 121.74997999999998 39.383549999999985)), ((121.74584216666666 39.3865906, 121.74584216666666 39.38506283333333, 121.742006 39.38506283333333, 121.742006 39.3865906, 121.74584216666666 39.3865906)))"
461,38.03023282356709,118.03585344916279,2,"MULTIPOLYGON (((118.03512940740738 38.03038453333333, 118.03583883999998 38.03038453333333, 118.03583883999998 38.029128428571426, 118.03512940740738 38.029128428571426, 118.03512940740738 38.03038453333333)), ((118.03711753846156 38.0316308, 118.03711753846156 38.0324599090909, 118.03739999999996 38.0324599090909, 118.03739999999996 38.0316308, 118.03711753846156 38.0316308)))"
462,39.272210410971404,121.57476298063965,6,"MULTIPOLYGON (((121.58207784615387 39.27506185714285, 121.58148584 39.27506185714285, 121.58148584 39.27528216, 121.58207784615387 39.27528216, 121.58207784615387 39.27506185714285)), ((121.57182633333332 39.27027, 121.57198700000002 39.272259999999996, 121.57400800000002 39.272259999999996, 121.57400800000002 39.272914666666665, 121.57652025 39.272914666666665, 121.57652025 39.27157925, 121.57204233333336 39.271739600000004, 121.57204233333336 39.26989433333333, 121.57182633333332 39.27027)), ((121.57697619999999 39.27317599999999, 121.57697619999999 39.273298857142855, 121.57749057142857 39.273298857142855, 121.57749057142857 39.27317599999999, 121.57697619999999 39.27317599999999)))"
463,38.01923337793888,118.02373504664126,5,"MULTIPOLYGON (((118.01903474999999 38.01563726086955, 118.01934650000001 38.01563726086955, 118.01934650000001 38.015421200000006, 118.01903474999999 38.015421200000006, 118.01903474999999 38.01563726086955)), ((118.02047392307692 38.0168276, 118.02047392307692 38.017098727272725, 118.02179499999998 38.017098727272725, 118.02179499999998 38.0168276, 118.02047392307692 38.0168276)), ((118.02207764285716 38.01807885714286, 118.02207764285716 38.01931307142858, 118.02362007142854 38.01931307142858, 118.02362007142854 38.01807885714286, 118.02207764285716 38.01807885714286)), ((118.02562666666667 38.020572, 118.02562666666667 38.02149133333334, 118.02688519999998 38.02149133333334, 118.02688519999998 38.020572, 118.02562666666667 38.020572)), ((118.02850655670105 38.02231231481482, 118.02850655670105 38.02233104123712, 118.02859425925925 38.02233104123712, 118.02859425925925 38.02231231481482, 118.02850655670105 38.02231231481482)))"
464,37.58161747653612,121.38885604404254,3,"MULTIPOLYGON (((121.39182688311686 37.577472842105266, 121.3920941578947 37.577472842105266, 121.3920941578947 37.57740816883117, 121.39182688311686 37.57740816883117, 121.39182688311686 37.577472842105266)), ((121.38504514999998 37.58331264999999, 121.38484147619047 37.58331264999999, 121.38484147619047 37.58335909523809, 121.38504514999998 37.58335909523809, 121.38504514999998 37.58331264999999)), ((121.38780406666666 37.58340736363636, 121.38780406666666 37.58343746666667, 121.38883372727273 37.58343746666667, 121.38883372727273 37.58340736363636, 121.38780406666666 37.58340736363636)))"
465,37.422469417336394,122.63964278171002,2,"MULTIPOLYGON (((122.6394019827586 37.42297231034482, 122.64043526086955 37.42297231034482, 122.64043526086955 37.422286086956525, 122.6394019827586 37.422286086956525, 122.6394019827586 37.42297231034482)), ((122.63570233333333 37.42036720833333, 122.63609550000002 37.42036720833333, 122.63609550000002 37.42023433333333, 122.63570233333333 37.42023433333333, 122.63570233333333 37.42036720833333)))"
466,31.119348511904764,121.46622983333333,1,"POLYGON ((121.46614675 31.11913052380953, 121.46614675 31.119566499999994, 121.46631291666667 31.119566499999994, 121.46631291666667 31.11913052380953, 121.46614675 31.11913052380953))"
467,31.69552691025641,121.17326188596489,1,"POLYGON ((121.17247510526313 31.695357153846153, 121.17247510526313 31.69569666666667, 121.17404866666665 31.69569666666667, 121.17404866666665 31.695357153846153, 121.17247510526313 31.695357153846153))"
468,25.34488662115127,119.64064524159035,2,"MULTIPOLYGON (((119.64006193333334 25.345125124999996, 119.6412333 25.345125124999996, 119.6412333 25.344647124999998, 119.64006193333334 25.344647124999998, 119.64006193333334 25.345125124999996)), ((119.63673911111113 25.345696416666666, 119.63681899999997 25.345696416666666, 119.63681899999997 25.345692111111106, 119.63673911111113 25.345692111111106, 119.63673911111113 25.345696416666666)))"
469,30.111656054377708,121.97419184586775,2,"MULTIPOLYGON (((121.97440254545454 30.111163652631568, 121.97453285576923 30.111163652631568, 121.97453285576923 30.11109204464286, 121.97440254545454 30.11109204464286, 121.97440254545454 30.111163652631568)), ((121.97207063636364 30.115695034482755, 121.97211042857141 30.115695034482755, 121.97211042857141 30.115664250000002, 121.97207063636364 30.115664250000002, 121.97207063636364 30.115695034482755)))"
470,29.930350791364138,121.98710145072333,2,"MULTIPOLYGON (((121.99098977528091 29.92761816666667, 121.99100672222222 29.92761816666667, 121.99100672222222 29.92759301000001, 121.99098977528091 29.92759301000001, 121.99098977528091 29.92761816666667)), ((121.98669193750001 29.930851956521742, 121.98750688461539 29.930851956521742, 121.98750688461539 29.9298525, 121.98669193750001 29.9298525, 121.98669193750001 29.930851956521742)))"
471,30.156980999999995,122.07920272352942,1,"POLYGON ((122.07855264705883 30.15679099999999, 122.07855264705883 30.15717099999999, 122.0798528 30.15717099999999, 122.0798528 30.15679099999999, 122.07855264705883 30.15679099999999))"
472,29.962279160909087,121.80487788519812,1,"POLYGON ((121.80484059090908 29.96223163999999, 121.80484059090908 29.962326681818183, 121.80491517948717 29.962326681818183, 121.80491517948717 29.96223163999999, 121.80484059090908 29.96223163999999))"
473,38.95748944170732,117.76065206136363,1,"POLYGON ((117.7600786 38.95725646341464, 117.7600786 38.95772242, 117.76122552272727 38.95772242, 117.76122552272727 38.95725646341464, 117.7600786 38.95725646341464))"
474,31.380075044134724,121.56486015758675,1,"POLYGON ((121.56438697619048 31.379847707317072, 121.56438697619048 31.38030238095238, 121.56533333898302 31.38030238095238, 121.56533333898302 31.379847707317072, 121.56438697619048 31.379847707317072))"
475,29.755942345408894,122.06258515476192,1,"POLYGON ((122.06228366666669 29.755438073170723, 122.06228366666669 29.756446617647054, 122.06288664285715 29.756446617647054, 122.06288664285715 29.755438073170723, 122.06228366666669 29.755438073170723))"
476,29.951004129969984,121.96871595275974,2,"MULTIPOLYGON (((121.96991268749997 29.949174062499996, 121.9705699537037 29.949174062499996, 121.9705699537037 29.948498398148143, 121.96991268749997 29.948498398148143, 121.96991268749997 29.949174062499996)), ((121.96675269696968 29.953967399999996, 121.96716587951803 29.953967399999996, 121.96716587951803 29.953034111111112, 121.96675269696968 29.953034111111112, 121.96675269696968 29.953967399999996)))"
477,40.20128850033874,121.96143471714095,1,"POLYGON ((121.96136736111113 40.20126880555555, 121.96136736111113 40.20130819512195, 121.96150207317073 40.20130819512195, 121.96150207317073 40.20126880555555, 121.96136736111113 40.20126880555555))"
478,32.069467880382774,120.52563775324676,1,"POLYGON ((120.5255725974026 32.06943618181818, 120.5255725974026 32.069499578947365, 120.52570290909091 32.069499578947365, 120.52570290909091 32.06943618181818, 120.5255725974026 32.06943618181818))"
479,35.57347655298802,119.77334364552658,2,"MULTIPOLYGON (((119.77130509090905 35.572998380952384, 119.77254535714285 35.572998380952384, 119.77254535714285 35.57240546969696, 119.77130509090905 35.57240546969696, 119.77130509090905 35.572998380952384)), ((119.77420036619718 35.573913941176464, 119.77420036619718 35.57458049999999, 119.77530926530612 35.57458049999999, 119.77530926530612 35.573913941176464, 119.77420036619718 35.573913941176464)))"
480,30.683351807653608,121.28569301045559,1,"POLYGON ((121.28516717475729 30.683108274647886, 121.28516717475729 30.683595340659338, 121.28621884615387 30.683595340659338, 121.28621884615387 30.683108274647886, 121.28516717475729 30.683108274647886))"
481,21.160835361882715,110.40813354783951,1,"POLYGON ((110.40801512345678 21.160765765432096, 110.40801512345678 21.160904958333333, 110.40825197222222 21.160904958333333, 110.40825197222222 21.160765765432096, 110.40801512345678 21.160765765432096))"
482,32.251915153499674,119.13092276334437,5,"MULTIPOLYGON (((119.13721123943662 32.25169916129032, 119.13721123943662 32.25151691549295, 119.13707531818179 32.25151691549295, 119.13707531818179 32.25169916129032, 119.13721123943662 32.25169916129032)), ((119.12871535416667 32.25207305063291, 119.13328327272727 32.251983333333335, 119.13328327272727 32.25175847368421, 119.128602875 32.25190779166667, 119.12871535416667 32.25207305063291)), ((119.12435225531915 32.25193850847457, 119.12435225531915 32.25173701851852, 119.12413015841587 32.25173701851852, 119.12413015841587 32.25193850847457, 119.12435225531915 32.25193850847457)))"
483,37.442170720930235,121.58054801783192,1,"POLYGON ((121.57957664583336 37.441981, 121.57957664583336 37.44236044186047, 121.58151938983048 37.44236044186047, 121.58151938983048 37.441981, 121.57957664583336 37.441981))"
484,37.253943819444444,119.86465513481104,1,"POLYGON ((119.86360098837208 37.25384988888889, 119.86360098837208 37.25403775000001, 119.86570928125002 37.25403775000001, 119.86570928125002 37.25384988888889, 119.86360098837208 37.25384988888889))"
485,37.59619595795544,121.38134070364404,2,"MULTIPOLYGON (((121.38614057142854 37.59801176, 121.38620800000002 37.59801176, 121.38620800000002 37.59793128571429, 121.38614057142854 37.59793128571429, 121.38614057142854 37.59801176)), ((121.38053521428571 37.59659017857143, 121.38210460526318 37.59659017857143, 121.38210460526318 37.59578646052631, 121.38053521428571 37.59578646052631, 121.38053521428571 37.59659017857143)))"
486,37.78305640896432,120.62773563604183,2,"MULTIPOLYGON (((120.62539423225807 37.782887108695654, 120.62580873913045 37.782887108695654, 120.62580873913045 37.78244716774193, 120.62539423225807 37.78244716774193, 120.62539423225807 37.782887108695654)), ((120.62768330769231 37.7831860909091, 120.62768330769231 37.78333471328671, 120.63002472131147 37.78333471328671, 120.63002472131147 37.7831860909091, 120.62768330769231 37.7831860909091)))"
487,35.9129559,120.13812279999998,1,"POLYGON ((120.13763739999999 35.911973999999994, 120.13763739999999 35.9139378, 120.1386082 35.9139378, 120.1386082 35.911973999999994, 120.13763739999999 35.911973999999994))"
488,38.81724192307692,121.13278070496891,1,"POLYGON ((121.13216769565216 38.81711984615385, 121.13216769565216 38.81736399999999, 121.13339371428569 38.81736399999999, 121.13339371428569 38.81711984615385, 121.13216769565216 38.81711984615385))"
489,34.286864758953264,119.70539139712358,3,"MULTIPOLYGON (((119.70230233333331 34.28503600000001, 119.70294487234042 34.28503600000001, 119.70294487234042 34.28498075, 119.70230233333331 34.28498075, 119.70230233333331 34.28503600000001)), ((119.704069875 34.2858349375, 119.704069875 34.28672888235293, 119.70517476470589 34.28672888235293, 119.70517476470589 34.2858349375, 119.704069875 34.2858349375)), ((119.70761604 34.288455, 119.70761604 34.289038749999996, 119.70819999999999 34.289038749999996, 119.70819999999999 34.288455, 119.70761604 34.288455)))"
490,34.39174292605923,119.79125589748584,2,"MULTIPOLYGON (((119.79779133333335 34.39132233333333, 119.79780127272726 34.39132233333333, 119.79780127272726 34.39112227272727, 119.79779133333335 34.39112227272727, 119.79779133333335 34.39132233333333)), ((119.790374625 34.39251554545454, 119.7921275625 34.39251554545454, 119.7921275625 34.390971071428574, 119.790374625 34.390971071428574, 119.790374625 34.39251554545454)))"
491,37.276890970260176,118.9877679348324,2,"MULTIPOLYGON (((118.98385003333331 37.275706109375, 118.984371375 37.275706109375, 118.984371375 37.27543486666666, 118.98385003333331 37.27543486666666, 118.98385003333331 37.275706109375)), ((118.98758272527472 37.276812593406596, 118.98758272527472 37.27739023255814, 118.98911883606557 37.27739023255814, 118.98911883606557 37.276812593406596, 118.98758272527472 37.276812593406596)))"
492,29.621965163390662,121.75875251474201,1,"POLYGON ((121.75874227272726 29.621964272727272, 121.75874227272726 29.621966054054056, 121.75876275675678 29.621966054054056, 121.75876275675678 29.621964272727272, 121.75874227272726 29.621964272727272))"
493,27.97535938535372,120.84821693210095,1,"POLYGON ((120.84813138144331 27.975290494845364, 120.84813138144331 27.975428275862072, 120.8483024827586 27.975428275862072, 120.8483024827586 27.975290494845364, 120.84813138144331 27.975290494845364))"
494,26.748632087499992,119.6136758974359,1,"POLYGON ((119.61180833333334 26.748325874999992, 119.61180833333334 26.7489383, 119.61554346153845 26.7489383, 119.61554346153845 26.748325874999992, 119.61180833333334 26.748325874999992))"
495,30.843612833333324,121.8429173875,1,"POLYGON ((121.84290006666666 30.843583333333324, 121.84290006666666 30.843642333333328, 121.84293470833332 30.843642333333328, 121.84293470833332 30.843583333333324, 121.84290006666666 30.843583333333324))"
496,30.841010641634252,121.8180598153499,2,"MULTIPOLYGON (((121.8220749230769 30.84097031249999, 121.82218900000001 30.84097031249999, 121.82218900000001 30.840864615384614, 121.8220749230769 30.840864615384614, 121.8220749230769 30.84097031249999)), ((121.81714981818182 30.84108017857142, 121.81819949999999 30.84108017857142, 121.81819949999999 30.840958730769223, 121.81714981818182 30.840958730769223, 121.81714981818182 30.84108017857142)))"
497,24.67444570253332,118.4514381690434,3,"MULTIPOLYGON (((118.45204864705883 24.677981857142857, 118.45122904545457 24.677981857142857, 118.45122904545457 24.67914109090909, 118.45204864705883 24.67914109090909, 118.45204864705883 24.677981857142857)), ((118.45344159999999 24.675597604651163, 118.45353889473685 24.675597604651163, 118.45353889473685 24.675517874999997, 118.45344159999999 24.675517874999997, 118.45344159999999 24.675597604651163)), ((118.45077699999997 24.670435818181815, 118.45162257142857 24.670435818181815, 118.45162257142857 24.66941094444444, 118.45077699999997 24.66941094444444, 118.45077699999997 24.670435818181815)))"
498,35.3472909702381,119.53412085858581,1,"POLYGON ((119.53405077272724 35.345459035714285, 119.53405077272724 35.34912290476191, 119.53419094444443 35.34912290476191, 119.53419094444443 35.345459035714285, 119.53405077272724 35.345459035714285))"
499,34.73829981983795,119.4477892374412,2,"MULTIPOLYGON (((119.45375442 34.737480319999996, 119.45377224 34.737480319999996, 119.45377224 34.73747011999999, 119.45375442 34.73747011999999, 119.45375442 34.737480319999996)), ((119.44704961194032 34.73840147761194, 119.44716 34.73840147761194, 119.44716 34.738387105263136, 119.44704961194032 34.738387105263136, 119.44704961194032 34.73840147761194)))"
500,34.42290108418568,119.78615649055862,1,"POLYGON ((119.7857906585366 34.422271878048775, 119.7857906585366 34.42353029032258, 119.78652232258062 34.42353029032258, 119.78652232258062 34.422271878048775, 119.7857906585366 34.422271878048775))"
501,27.97862193434343,120.85950093275613,1,"POLYGON ((120.85919737662337 27.978443090909085, 120.85919737662337 27.97880077777777, 120.85980448888888 27.97880077777777, 120.85980448888888 27.978443090909085, 120.85919737662337 27.978443090909085))"
502,26.813964523923445,119.6859447583732,1,"POLYGON ((119.68582122727271 26.81366468421053, 119.68582122727271 26.814264363636365, 119.6860682894737 26.814264363636365, 119.6860682894737 26.81366468421053, 119.68582122727271 26.81366468421053))"
503,29.4836166326774,121.48311548260786,1,"POLYGON ((121.48244525581397 29.483102162790697, 121.48244525581397 29.484131102564096, 121.48378570940172 29.484131102564096, 121.48378570940172 29.483102162790697, 121.48244525581397 29.483102162790697))"
504,35.9927090230608,120.27226177070229,1,"POLYGON ((120.27216673584903 35.992441555555565, 120.27216673584903 35.992976490566036, 120.27235680555555 35.992976490566036, 120.27235680555555 35.992441555555565, 120.27216673584903 35.992441555555565))"
505,34.45367977499999,119.787462725,1,"POLYGON ((119.78724675000001 34.453615299999996, 119.78724675000001 34.45374425, 119.78767869999999 34.45374425, 119.78767869999999 34.453615299999996, 119.78724675000001 34.453615299999996))"
506,31.775868475675672,118.49510400810813,1,"POLYGON ((118.49406421621622 31.77492235135135, 118.49406421621622 31.776814600000005, 118.49614380000001 31.776814600000005, 118.49614380000001 31.77492235135135, 118.49406421621622 31.77492235135135))"
507,23.549090322892326,116.43787973040189,2,"MULTIPOLYGON (((116.43728557831322 23.55000672727273, 116.43728557831322 23.550071325301204, 116.43729709090908 23.550071325301204, 116.43729709090908 23.55000672727273, 116.43728557831322 23.55000672727273)), ((116.43803770588237 23.54885492253521, 116.43806714084509 23.54885492253521, 116.43806714084509 23.54876883823529, 116.43803770588237 23.54876883823529, 116.43803770588237 23.54885492253521)))"
508,29.888380333693128,121.95837055848698,2,"MULTIPOLYGON (((121.95749807317073 29.888623029411765, 121.9592656764706 29.888623029411765, 121.9592656764706 29.888132362068973, 121.95749807317073 29.888132362068973, 121.95749807317073 29.888623029411765)), ((121.9501005793651 29.89031557320872, 121.9501469626168 29.89031557320872, 121.9501469626168 29.890289914682544, 121.9501005793651 29.890289914682544, 121.9501005793651 29.89031557320872)))"
509,35.978887365384615,120.24677650146018,1,"POLYGON ((120.24674221568628 35.97885810576923, 120.24674221568628 35.978916625000004, 120.24681078723405 35.978916625000004, 120.24681078723405 35.97885810576923, 120.24674221568628 35.97885810576923))"
510,31.42406030423964,121.47477386298844,2,"MULTIPOLYGON (((121.47594671428571 31.42848629323309, 121.47920144444444 31.42848629323309, 121.47920144444444 31.426157666666672, 121.47594671428571 31.426157666666672, 121.47594671428571 31.42848629323309)), ((121.4704171754386 31.422316230158724, 121.47417962698412 31.422316230158724, 121.47417962698412 31.420037571428573, 121.4704171754386 31.420037571428573, 121.4704171754386 31.422316230158724)))"
511,37.59588339699074,121.39668391435185,1,"POLYGON ((121.396107125 37.59567948148148, 121.396107125 37.5960873125, 121.39726070370371 37.5960873125, 121.39726070370371 37.59567948148148, 121.396107125 37.59567948148148))"
512,28.692686051282056,121.48363242506143,1,"POLYGON ((121.48356536363636 28.69258233333334, 121.48356536363636 28.69278976923077, 121.48369948648647 28.69278976923077, 121.48369948648647 28.69258233333334, 121.48356536363636 28.69258233333334))"
513,35.109404839780424,119.38580313017822,3,"MULTIPOLYGON (((119.39126407547168 35.10975010526316, 119.39126407547168 35.109229306122444, 119.39036411111111 35.109229306122444, 119.39036411111111 35.10975010526316, 119.39126407547168 35.10975010526316)), ((119.3830194023904 35.10887854074075, 119.38329398540147 35.10887854074075, 119.38329398540147 35.10788648214286, 119.3830194023904 35.10788648214286, 119.3830194023904 35.10887854074075)), ((119.37851334615387 35.1109156, 119.37851334615387 35.11007022222221, 119.37825383333336 35.11007022222221, 119.37825383333336 35.1109156, 119.37851334615387 35.1109156)))"
514,22.739440683597383,114.6111794579365,1,"POLYGON ((114.61097594444442 22.739101918918916, 114.61097594444442 22.73977944827586, 114.61138297142857 22.73977944827586, 114.61138297142857 22.739101918918916, 114.61097594444442 22.739101918918916))"
515,21.727748574630308,108.59509673079403,4,"MULTIPOLYGON (((108.59257090909091 21.72415748936171, 108.59257090909091 21.725415058823526, 108.59383493706294 21.725415058823526, 108.59383493706294 21.721999029850743, 108.59355647761193 21.72415748936171, 108.59257090909091 21.72415748936171)), ((108.59505769230769 21.725873100000005, 108.59505769230769 21.730673474576268, 108.59674986363636 21.730673474576268, 108.59674986363636 21.72841916666667, 108.59561414285713 21.72841916666667, 108.59561414285713 21.725873100000005, 108.59505769230769 21.725873100000005)))"
516,22.813288266073688,113.02642788526688,4,"MULTIPOLYGON (((113.03047698958333 22.806730187499998, 113.03047698958333 22.80663626923077, 113.02981992307693 22.80663626923077, 113.02981992307693 22.806730187499998, 113.03047698958333 22.806730187499998)), ((113.0277521860465 22.81402918604651, 113.0277521860465 22.813646000000002, 113.0248344 22.813646000000002, 113.0248344 22.81402918604651, 113.0277521860465 22.81402918604651)), ((113.022352875 22.80336358064516, 113.0222827096774 22.80336358064516, 113.0222827096774 22.803614374999995, 113.022352875 22.803614374999995, 113.022352875 22.80336358064516)), ((113.02467838461537 22.804587, 113.02467838461537 22.804662692307698, 113.02473044444443 22.804662692307698, 113.02473044444443 22.804587, 113.02467838461537 22.804587)))"
517,22.802382477777776,113.00634726875,1,"POLYGON ((113.00623560000001 22.80232339999999, 113.00623560000001 22.802441555555557, 113.00645893749999 22.802441555555557, 113.00645893749999 22.80232339999999, 113.00623560000001 22.80232339999999))"
518,23.073006085691826,113.49214341666666,1,"POLYGON ((113.49201699999999 23.072147416666667, 113.49201699999999 23.07386475471698, 113.49226983333334 23.07386475471698, 113.49226983333334 23.072147416666667, 113.49201699999999 23.072147416666667))"
519,37.59489364990602,121.409360581297,1,"POLYGON ((121.40921751973684 37.59483571428571, 121.40921751973684 37.59495158552632, 121.40950364285715 37.59495158552632, 121.40950364285715 37.59483571428571, 121.40921751973684 37.59483571428571))"
520,26.464133218750003,119.61683083035713,1,"POLYGON ((119.61654278571429 26.463958, 119.61654278571429 26.4643084375, 119.617118875 26.4643084375, 119.617118875 26.463958, 119.61654278571429 26.463958))"
521,22.882693124708624,112.90428867045452,1,"POLYGON ((112.90418924999999 22.882296454545447, 112.90418924999999 22.8830897948718, 112.90438809090908 22.8830897948718, 112.90438809090908 22.882296454545447, 112.90418924999999 22.882296454545447))"
522,22.38968556864474,113.0787838778698,1,"POLYGON ((113.0787198548387 22.389617065217394, 113.0787198548387 22.389754072072076, 113.0788479009009 22.389754072072076, 113.0788479009009 22.389617065217394, 113.0787198548387 22.389617065217394))"
523,31.785085990740736,118.50915837931032,1,"POLYGON ((118.50855299999999 31.78483548148148, 118.50855299999999 31.785336500000003, 118.50976375862068 31.785336500000003, 118.50976375862068 31.78483548148148, 118.50855299999999 31.78483548148148))"
524,29.96840903999999,121.79263878,1,"POLYGON ((121.79259424000001 29.968383439999993, 121.79259424000001 29.968434639999995, 121.79268332 29.968434639999995, 121.79268332 29.968383439999993, 121.79259424000001 29.968383439999993))"
525,31.08348918594088,121.47095714554796,1,"POLYGON ((121.47089325000002 31.083403084210524, 121.47089325000002 31.083575287671238, 121.4710210410959 31.083575287671238, 121.4710210410959 31.083403084210524, 121.47089325000002 31.083403084210524))"
526,28.69289383806818,121.50312784027776,1,"POLYGON ((121.50296455555552 28.692839363636367, 121.50296455555552 28.6929483125, 121.503291125 28.6929483125, 121.503291125 28.692839363636367, 121.50296455555552 28.692839363636367))"
527,28.686773625588703,121.45349056818183,1,"POLYGON ((121.45340313636366 28.686684020408165, 121.45340313636366 28.686863230769234, 121.45357800000001 28.686863230769234, 121.45357800000001 28.686684020408165, 121.45340313636366 28.686684020408165))"
528,29.756655667893753,122.14867196503106,3,"MULTIPOLYGON (((122.15224941059601 29.757033844660203, 122.15224941059601 29.75681115231788, 122.15204702912621 29.75681115231788, 122.15204702912621 29.757033844660203, 122.15224941059601 29.757033844660203)), ((122.14896149056602 29.760420924528297, 122.14896149056602 29.760358150943397, 122.14890573584907 29.760358150943397, 122.14890573584907 29.760420924528297, 122.14896149056602 29.760420924528297)), ((122.14333065714283 29.755937931372543, 122.14345180188675 29.755937931372543, 122.14345180188675 29.7556916, 122.14333065714283 29.7556916, 122.14333065714283 29.755937931372543)))"
529,31.291164869565222,121.56025870807454,1,"POLYGON ((121.56020113043478 31.290916000000003, 121.56020113043478 31.291413739130434, 121.5603162857143 31.291413739130434, 121.5603162857143 31.290916000000003, 121.56020113043478 31.290916000000003))"
530,30.030310026881715,121.99906300277779,1,"POLYGON ((121.99868944999999 30.02996966666666, 121.99868944999999 30.03065038709677, 121.99943655555556 30.03065038709677, 121.99943655555556 30.02996966666666, 121.99868944999999 30.02996966666666))"
531,36.859908592411266,122.37927780940343,1,"POLYGON ((122.37834813043476 36.85958178947369, 122.37834813043476 36.86023539534884, 122.38020748837208 36.86023539534884, 122.38020748837208 36.85958178947369, 122.37834813043476 36.85958178947369))"
532,31.946828119505494,120.08175119917581,1,"POLYGON ((120.08164657142856 31.946786142857142, 120.08164657142856 31.946870096153848, 120.08185582692306 31.946870096153848, 120.08185582692306 31.946786142857142, 120.08164657142856 31.946786142857142))"
533,28.16410659914757,121.10945256965094,2,"MULTIPOLYGON (((121.109178 28.164416505494508, 121.10953057142858 28.164416505494508, 121.10953057142858 28.16305419999999, 121.109178 28.16305419999999, 121.109178 28.164416505494508)), ((121.11000012432432 28.16623232876712, 121.11000012432432 28.166711575757574, 121.11015742424242 28.166711575757574, 121.11015742424242 28.16623232876712, 121.11000012432432 28.16623232876712)))"
534,19.051523062500003,108.62249210416664,1,"POLYGON ((108.622489875 19.051520125, 108.622489875 19.051526, 108.62249433333334 19.051526, 108.62249433333334 19.051520125, 108.622489875 19.051520125))"
535,39.96657164285713,119.82372092857145,1,"POLYGON ((119.82372000000001 39.966567999999995, 119.82372000000001 39.96657528571428, 119.82372185714289 39.96657528571428, 119.82372185714289 39.966567999999995, 119.82372000000001 39.966567999999995))"
536,37.55728675,121.43389195238093,1,"POLYGON ((121.43385523809523 37.55707566666666, 121.43385523809523 37.55749783333333, 121.43392866666666 37.55749783333333, 121.43392866666666 37.55707566666666, 121.43385523809523 37.55707566666666))"
537,38.17112434273909,118.07481540138531,2,"MULTIPOLYGON (((118.07522939999997 38.1728874, 118.07585674999997 38.1728874, 118.07585674999997 38.17236425, 118.07522939999997 38.17236425, 118.07522939999997 38.1728874)), ((118.07341320000002 38.1691098, 118.07410685714285 38.1691098, 118.07410685714285 38.16878357142856, 118.07341320000002 38.16878357142856, 118.07341320000002 38.1691098)))"
538,31.23615561111111,118.1391818295019,1,"POLYGON ((118.13810655555555 31.23539633333333, 118.13810655555555 31.236914888888887, 118.14025710344826 31.236914888888887, 118.14025710344826 31.23539633333333, 118.13810655555555 31.23539633333333))"
539,26.4954487,119.85205204999998,1,"POLYGON ((119.8517974 26.495139399999992, 119.8517974 26.495758000000002, 119.85230670000001 26.495758000000002, 119.85230670000001 26.495139399999992, 119.8517974 26.495139399999992))"
540,32.129221047142856,118.77599631666668,1,"POLYGON ((118.77389163333332 32.12753441428571, 118.77389163333332 32.13090768, 118.77810099999999 32.13090768, 118.77810099999999 32.12753441428571, 118.77389163333332 32.12753441428571))"
541,32.20043604622008,118.75922447027622,2,"POLYGON ((118.75755780000001 32.20286182608695, 118.7607856 32.20286182608695, 118.7607856 32.19675949999999, 118.7611802 32.19675949999999, 118.7611802 32.196308599999995, 118.76061933333335 32.196308599999995, 118.76061933333335 32.19823939999999, 118.75755780000001 32.19823939999999, 118.75755780000001 32.20286182608695))"
542,31.10041024716622,117.99591276672697,3,"MULTIPOLYGON (((117.99837727027028 31.10409333333332, 117.99838726666665 31.10409333333332, 117.99838726666665 31.10398697297297, 117.99837727027028 31.10398697297297, 117.99837727027028 31.10409333333332)), ((117.99905413333332 31.105220666666664, 117.99877675000002 31.105220666666664, 117.99877675000002 31.10543266666667, 117.99905413333332 31.10543266666667, 117.99905413333332 31.105220666666664)), ((117.99503960416665 31.099676975, 117.99553527499998 31.099676975, 117.99553527499998 31.09909883333333, 117.99503960416665 31.09909883333333, 117.99503960416665 31.099676975)))"
543,31.196501076388884,118.06313128333336,1,"POLYGON ((118.06306916666666 31.19643577777778, 118.06306916666666 31.196566375000007, 118.0631934 31.196566375000007, 118.0631934 31.19643577777778, 118.06306916666666 31.19643577777778))"
544,26.803917499999994,119.69291435999999,1,"POLYGON ((119.6927496 26.803788999999995, 119.6927496 26.804045999999992, 119.69307911999998 26.804045999999992, 119.69307911999998 26.803788999999995, 119.6927496 26.803788999999995))"
545,31.994246997712622,120.58114986889154,2,"MULTIPOLYGON (((120.58173077419352 31.994207580645156, 120.5831078526316 31.994207580645156, 120.5831078526316 31.994091328571432, 120.58173077419352 31.994091328571432, 120.58173077419352 31.994207580645156)), ((120.57726233333335 31.994607333333338, 120.5776251830986 31.994607333333338, 120.5776251830986 31.9944562112676, 120.57726233333335 31.9944562112676, 120.57726233333335 31.994607333333338)))"
546,31.803773801619432,121.06127074999999,1,"POLYGON ((121.06105033333333 31.803704526315794, 121.06105033333333 31.803843076923076, 121.06149116666668 31.803843076923076, 121.06149116666668 31.803704526315794, 121.06105033333333 31.803704526315794))"
547,32.230775645693114,119.19130738725181,3,"MULTIPOLYGON (((119.19838166666663 32.2277971111111, 119.19870026086957 32.2277971111111, 119.19870026086957 32.22775452173912, 119.19838166666663 32.22775452173912, 119.19838166666663 32.2277971111111)), ((119.19402694999998 32.23014239999999, 119.19402694999998 32.22962716666666, 119.19378200000001 32.22962716666666, 119.19378200000001 32.23014239999999, 119.19402694999998 32.23014239999999)), ((119.18848716666668 32.23207972, 119.18848716666668 32.231609, 119.18818276 32.231609, 119.18818276 32.23207972, 119.18848716666668 32.23207972)))"
548,32.23205807945971,118.83734280053814,2,"MULTIPOLYGON (((118.83545842391305 32.233218658536586, 118.83554940816327 32.233218658536586, 118.83554940816327 32.233036941176465, 118.83545842391305 32.233036941176465, 118.83545842391305 32.233218658536586)), ((118.83877581249997 32.23129013043478, 118.83888182022471 32.23129013043478, 118.83888182022471 32.231097130952385, 118.83877581249997 32.231097130952385, 118.83877581249997 32.23129013043478)))"
549,29.92074468402777,121.99883675210084,1,"POLYGON ((121.99841585714289 29.92038522222221, 121.99841585714289 29.921104145833333, 121.99925764705883 29.921104145833333, 121.99925764705883 29.92038522222221, 121.99841585714289 29.92038522222221))"
550,30.280535763071896,122.2339211292793,1,"POLYGON ((122.23378936666668 30.280486470588237, 122.23378936666668 30.280585055555555, 122.23405289189188 30.280585055555555, 122.23405289189188 30.280486470588237, 122.23378936666668 30.280486470588237))"
551,29.780149016111224,122.13212877975879,2,"MULTIPOLYGON (((122.13177951428571 29.781067692307687, 122.13177951428571 29.782073878787877, 122.13211759523807 29.782073878787877, 122.13211759523807 29.781067692307687, 122.13177951428571 29.781067692307687)), ((122.13223007518796 29.77877896296296, 122.13249806818179 29.77877896296296, 122.13249806818179 29.777806700000003, 122.13223007518796 29.777806700000003, 122.13223007518796 29.77877896296296)))"
552,39.04556460714286,118.52027614285711,1,"POLYGON ((118.51965799999998 39.045365464285716, 118.51965799999998 39.04576374999999, 118.52089428571426 39.04576374999999, 118.52089428571426 39.045365464285716, 118.51965799999998 39.045365464285716))"
553,38.966390984126974,121.6548454126984,1,"POLYGON ((121.65442738095237 38.96614485714285, 121.65442738095237 38.966637111111105, 121.65526344444444 38.966637111111105, 121.65526344444444 38.96614485714285, 121.65442738095237 38.96614485714285))"
554,40.79748524768625,121.068213385988,2,"MULTIPOLYGON (((121.07550331884056 40.80025292753622, 121.075509890625 40.80025292753622, 121.075509890625 40.80025089062501, 121.07550331884056 40.80025089062501, 121.07550331884056 40.80025292753622)), ((121.067488 40.79774428571427, 121.06893851219513 40.79774428571427, 121.06893851219513 40.79722611111111, 121.067488 40.79722611111111, 121.067488 40.79774428571427)))"
555,37.72230356116849,121.07778488120756,2,"MULTIPOLYGON (((121.08084436666664 37.722413186046516, 121.08121071794872 37.722413186046516, 121.08121071794872 37.722186125, 121.08084436666664 37.722186125, 121.08084436666664 37.722413186046516)), ((121.0758662195122 37.72239242592592, 121.07701702702701 37.72239242592592, 121.07701702702701 37.722217932203385, 121.0758662195122 37.722217932203385, 121.0758662195122 37.72239242592592)))"
556,38.9773540182154,121.90269823456697,2,"MULTIPOLYGON (((121.90225078947368 38.97788087719297, 121.90314668421051 38.97788087719297, 121.90314668421051 38.9768272, 121.90225078947368 38.9768272, 121.90225078947368 38.97788087719297)), ((121.89864161111112 38.97719548148148, 121.89865158139536 38.97719548148148, 121.89865158139536 38.97718374418604, 121.89864161111112 38.97718374418604, 121.89864161111112 38.97719548148148)))"
557,32.16942322764623,118.95548158986936,2,"MULTIPOLYGON (((118.95593404597699 32.16947488043479, 118.95604445000001 32.16947488043479, 118.95604445000001 32.169314557894744, 118.95593404597699 32.169314557894744, 118.95593404597699 32.16947488043479)), ((118.95094416149065 32.16970838461539, 118.95097596629212 32.16970838461539, 118.95097596629212 32.1696459, 118.95094416149065 32.1696459, 118.95094416149065 32.16970838461539)))"
558,22.917427571428572,113.55939578571429,1,"POLYGON ((113.55894857142857 22.917025000000002, 113.55894857142857 22.91783014285714, 113.559843 22.91783014285714, 113.559843 22.917025000000002, 113.55894857142857 22.917025000000002))"
559,30.247428253130586,122.16569431574239,1,"POLYGON ((122.16525028846155 30.24733056395348, 122.16525028846155 30.247525942307693, 122.16613834302326 30.247525942307693, 122.16613834302326 30.24733056395348, 122.16525028846155 30.24733056395348))"
560,37.64658840701312,120.28557431949795,2,"MULTIPOLYGON (((120.28311413770491 37.64915005245901, 120.28317235999995 37.64915005245901, 120.28317235999995 37.649051199999995, 120.28311413770491 37.649051199999995, 120.28311413770491 37.64915005245901)), ((120.28532427999998 37.64681769999999, 120.2859112857143 37.64681769999999, 120.2859112857143 37.64626928571429, 120.28532427999998 37.64626928571429, 120.28532427999998 37.64681769999999)))"
561,31.70249749166666,121.160613825,1,"POLYGON ((121.16058225 31.702113583333322, 121.16058225 31.702881400000003, 121.16064539999999 31.702881400000003, 121.16064539999999 31.702113583333322, 121.16058225 31.702113583333322))"
562,22.946820212053566,116.54267015178569,1,"POLYGON ((116.54251242857144 22.946704281249993, 116.54251242857144 22.946936142857147, 116.54282787499999 22.946936142857147, 116.54282787499999 22.946704281249993, 116.54251242857144 22.946704281249993))"
563,31.17346013586957,117.99745220833331,1,"POLYGON ((117.99737441666664 31.17343952173913, 117.99737441666664 31.17348075000001, 117.99752999999997 31.17348075000001, 117.99752999999997 31.17343952173913, 117.99737441666664 31.17343952173913))"
564,31.91989068910808,120.88756563152864,4,"MULTIPOLYGON (((120.89501788095238 31.921383666666664, 120.89501788095238 31.92136011904761, 120.89498853333332 31.92136011904761, 120.89498853333332 31.921383666666664, 120.89501788095238 31.921383666666664)), ((120.8919813 31.912121200000005, 120.8919813 31.911799150000004, 120.89168745 31.911799150000004, 120.89168745 31.912121200000005, 120.8919813 31.912121200000005)), ((120.88741128571426 31.921970999999992, 120.88741128571426 31.920900222222222, 120.88678564285715 31.920900222222222, 120.88678564285715 31.921970999999992, 120.88741128571426 31.921970999999992)), ((120.88659145454545 31.916577181818184, 120.88659145454545 31.916346499999992, 120.88623050000001 31.916346499999992, 120.88623050000001 31.916577181818184, 120.88659145454545 31.916577181818184)))"
565,31.548910300001268,118.38143295078693,3,"MULTIPOLYGON (((118.37937403076923 31.549880437500004, 118.38344324999998 31.549880437500004, 118.38344324999998 31.547135863636367, 118.37937403076923 31.547135863636367, 118.37937403076923 31.549880437500004)), ((118.38280457894734 31.55739441935484, 118.38280457894734 31.55712209090909, 118.38095609677421 31.55712209090909, 118.38095609677421 31.55739441935484, 118.38280457894734 31.55739441935484)), ((118.38223120833334 31.553346083333334, 118.38223120833334 31.553044630434783, 118.38200747826089 31.553044630434783, 118.38200747826089 31.553346083333334, 118.38223120833334 31.553346083333334)))"
566,29.018497137500002,121.71273063888884,1,"POLYGON ((121.71253477777776 29.018388075, 121.71253477777776 29.0186062, 121.7129265 29.0186062, 121.7129265 29.018388075, 121.71253477777776 29.018388075))"
567,21.727917961747576,108.58221975555317,2,"MULTIPOLYGON (((108.58182067901232 21.728522259259258, 108.58269858426966 21.728522259259258, 108.58269858426966 21.727196389513114, 108.58182067901232 21.727196389513114, 108.58182067901232 21.728522259259258)), ((108.57925416666664 21.732081500000003, 108.57955932258064 21.732081500000003, 108.57955932258064 21.732027428571428, 108.57925416666664 21.732027428571428, 108.57925416666664 21.732081500000003)))"
568,32.17632080357142,118.85551418840579,1,"POLYGON ((118.85259733333332 32.174547749999995, 118.85259733333332 32.178093857142855, 118.85843104347825 32.178093857142855, 118.85843104347825 32.174547749999995, 118.85259733333332 32.174547749999995))"
569,29.50866879652572,121.6479426111111,1,"POLYGON ((121.6473833333333 29.508347316455694, 121.6473833333333 29.50899027659574, 121.6485018888889 29.50899027659574, 121.6485018888889 29.508347316455694, 121.6473833333333 29.508347316455694))"
570,30.71907896231957,117.39191124796838,2,"MULTIPOLYGON (((117.3916924285714 30.719500607142844, 117.39205181250001 30.719500607142844, 117.39205181250001 30.718604, 117.3916924285714 30.718604, 117.3916924285714 30.719500607142844)), ((117.3933926956522 30.720058608695652, 117.3933926956522 30.720169176470588, 117.39346776470587 30.720169176470588, 117.39346776470587 30.720058608695652, 117.3933926956522 30.720058608695652)))"
571,31.255880541666667,118.16544129166667,1,"POLYGON ((118.16432058333334 31.255308083333325, 118.16432058333334 31.256452999999997, 118.166562 31.256452999999997, 118.166562 31.255308083333325, 118.16432058333334 31.255308083333325))"
572,29.939729961904757,121.85739365833335,1,"POLYGON ((121.85685391666668 29.939548066666667, 121.85685391666668 29.939911857142853, 121.85793340000001 29.939911857142853, 121.85793340000001 29.939548066666667, 121.85685391666668 29.939548066666667))"
573,32.22169610175166,119.05784207465551,2,"MULTIPOLYGON (((119.06168270000002 32.22746512121211, 119.06230136363637 32.22746512121211, 119.06230136363637 32.227162500000006, 119.06168270000002 32.227162500000006, 119.06168270000002 32.22746512121211)), ((119.05608125000002 32.22411116666667, 119.05951145454546 32.22411116666667, 119.05951145454546 32.21915725000001, 119.05608125000002 32.21915725000001, 119.05608125000002 32.22411116666667)))"
574,30.403053666666665,122.40184766666668,1,"POLYGON ((122.40183 30.402959999999993, 122.40183 30.403147333333333, 122.40186533333335 30.403147333333333, 122.40186533333335 30.402959999999993, 122.40183 30.402959999999993))"
575,26.59685378302845,119.75202436979166,1,"POLYGON ((119.75197928124999 26.596821041666672, 119.75197928124999 26.596886524390236, 119.75206945833334 26.596886524390236, 119.75206945833334 26.596821041666672, 119.75197928124999 26.596821041666672))"
576,31.748577366666662,118.47013660666667,1,"POLYGON ((118.46977333333331 31.7484654, 118.46977333333331 31.748689333333324, 118.47049988000002 31.748689333333324, 118.47049988000002 31.7484654, 118.46977333333331 31.7484654))"
577,30.8671753,117.73357062499998,1,"POLYGON ((117.73330899999996 30.866651099999995, 117.73330899999996 30.8676995, 117.73383224999999 30.8676995, 117.73383224999999 30.866651099999995, 117.73330899999996 30.866651099999995))"
578,24.53068297093024,118.08395630357144,1,"POLYGON ((118.08375785714286 24.53022394186047, 118.08375785714286 24.531142, 118.08415475000001 24.531142, 118.08415475000001 24.53022394186047, 118.08375785714286 24.53022394186047))"
579,30.90585044801524,117.74090250349526,2,"POLYGON ((117.74031196153845 30.905445714285708, 117.74082167692308 30.905445714285708, 117.740897625 30.9072338, 117.74109907246374 30.905210307692307, 117.74031196153845 30.905445714285708))"
580,30.7308641770551,117.42298973136762,2,"POLYGON ((117.42236063636365 30.72990599999999, 117.42251422891569 30.73219900000001, 117.42358 30.73219900000001, 117.42352727272727 30.729574181818176, 117.42236063636365 30.729574181818176, 117.42236063636365 30.72990599999999))"
581,29.98571518055555,121.9967968888889,1,"POLYGON ((121.99669000000002 29.985609249999996, 121.99669000000002 29.985821111111115, 121.99690377777779 29.985821111111115, 121.99690377777779 29.985609249999996, 121.99669000000002 29.985609249999996))"
582,30.827448488365512,117.72258434065841,2,"MULTIPOLYGON (((117.72216740816327 30.827703848837196, 117.72298798837208 30.827703848837196, 117.72298798837208 30.82717468421053, 117.72216740816327 30.82717468421053, 117.72216740816327 30.827703848837196)), ((117.72375900000002 30.8290384, 117.72375900000002 30.829150375, 117.72378072727275 30.829150375, 117.72378072727275 30.8290384, 117.72375900000002 30.8290384)))"
583,30.736968305303034,117.43120768333333,1,"POLYGON ((117.43036186666664 30.7366138, 117.43036186666664 30.737322810606063, 117.4320535 30.737322810606063, 117.4320535 30.7366138, 117.43036186666664 30.7366138))"
584,31.71683557363978,118.45263218621015,1,"POLYGON ((118.45262288461541 31.716830878048782, 118.45262288461541 31.716840269230772, 118.45264148780487 31.716840269230772, 118.45264148780487 31.716830878048782, 118.45262288461541 31.716830878048782))"
585,32.18257089285715,118.76565092857142,1,"POLYGON ((118.76500185714283 32.1816885, 118.76500185714283 32.18345328571429, 118.76629999999999 32.18345328571429, 118.76629999999999 32.1816885, 118.76500185714283 32.1816885))"
586,29.16262131887755,121.87277231122448,1,"POLYGON ((121.87231512244895 29.16249824999999, 121.87231512244895 29.162744387755108, 121.87322949999998 29.162744387755108, 121.87322949999998 29.16249824999999, 121.87231512244895 29.16249824999999))"
587,36.880689740740735,122.44755716666668,1,"POLYGON ((122.44746122222223 36.880611037037035, 122.44746122222223 36.88076844444443, 122.44765311111112 36.88076844444443, 122.44765311111112 36.880611037037035, 122.44746122222223 36.880611037037035))"
588,30.084973924853248,121.95055685780301,2,"MULTIPOLYGON (((121.94909003448277 30.084367187499993, 121.95018617142853 30.084367187499993, 121.95018617142853 30.083409571428575, 121.94909003448277 30.083409571428575, 121.94909003448277 30.084367187499993)), ((121.95163466666665 30.085873000000003, 121.95163466666665 30.087242500000006, 121.95216000000002 30.087242500000006, 121.95216000000002 30.085873000000003, 121.95163466666665 30.085873000000003)))"
589,39.8177635112932,124.15261992088926,2,"MULTIPOLYGON (((124.15115828787879 39.819445621212125, 124.15115828787879 39.81949272499999, 124.15121925000003 39.81949272499999, 124.15121925000003 39.819445621212125, 124.15115828787879 39.819445621212125)), ((124.15243755357143 39.81799117857143, 124.15284259999999 39.81799117857143, 124.15284259999999 39.81748779999999, 124.15243755357143 39.81748779999999, 124.15243755357143 39.81799117857143)))"
590,29.980244590468835,122.0634041741999,1,"POLYGON ((122.06339138686131 29.980207854014594, 122.06339138686131 29.980281326923073, 122.06341696153846 29.980281326923073, 122.06341696153846 29.980207854014594, 122.06339138686131 29.980207854014594))"
591,24.411861216950754,118.05457477840909,1,"POLYGON ((118.05403037500001 24.411738381818175, 118.05403037500001 24.41198405208333, 118.05511918181818 24.41198405208333, 118.05511918181818 24.411738381818175, 118.05403037500001 24.411738381818175))"
592,35.124066745813394,119.39752787938596,1,"POLYGON ((119.39746484210526 35.12398943859649, 119.39746484210526 35.12414405303031, 119.39759091666666 35.12414405303031, 119.39759091666666 35.12398943859649, 119.39746484210526 35.12398943859649))"
593,28.010146952702698,121.06854319615384,1,"POLYGON ((121.06806689230766 28.00998151351351, 121.06806689230766 28.010312391891887, 121.06901950000001 28.010312391891887, 121.06901950000001 28.00998151351351, 121.06806689230766 28.00998151351351))"
594,32.19061262368993,119.27457172383505,2,"MULTIPOLYGON (((119.27494575 32.19052974999999, 119.27508674999997 32.19052974999999, 119.27508674999997 32.190377, 119.27494575 32.190377, 119.27494575 32.19052974999999)), ((119.27131219999998 32.191788599999995, 119.27138303571428 32.191788599999995, 119.27138303571428 32.191746678571434, 119.27131219999998 32.191746678571434, 119.27131219999998 32.191788599999995)))"
595,31.472726940243902,118.30522683536587,1,"POLYGON ((118.30521349999998 31.472694100000002, 118.30521349999998 31.47275978048781, 118.30524017073172 31.47275978048781, 118.30524017073172 31.472694100000002, 118.30521349999998 31.472694100000002))"
596,32.040341342086904,120.40042077816747,3,"MULTIPOLYGON (((120.40634707692308 32.041830769230764, 120.40634707692308 32.041768999999995, 120.40601774999998 32.041768999999995, 120.40601774999998 32.041830769230764, 120.40634707692308 32.041830769230764)), ((120.39868851497006 32.040407099999996, 120.40188989423079 32.04040845432478, 120.40188989423079 32.040205739130435, 120.39868851497006 32.040174500000006, 120.39868851497006 32.040407099999996)))"
597,31.821835485714285,120.94086285428571,1,"POLYGON ((120.94035542857144 31.820657399999998, 120.94035542857144 31.82301357142857, 120.94137027999996 31.82301357142857, 120.94137027999996 31.820657399999998, 120.94035542857144 31.820657399999998))"
598,31.851778380952382,120.93356784950443,1,"POLYGON ((120.93352203703704 31.851103333333334, 120.93352203703704 31.852453428571433, 120.93361366197185 31.852453428571433, 120.93361366197185 31.851103333333334, 120.93352203703704 31.851103333333334))"
599,22.916772650793657,113.59811181578947,1,"POLYGON ((113.59775999999998 22.91636888888889, 113.59775999999998 22.917176412698417, 113.59846363157895 22.917176412698417, 113.59846363157895 22.91636888888889, 113.59775999999998 22.91636888888889))"
600,21.07448237745409,110.50580944287809,2,"POLYGON ((110.50519999999999 21.073250380952384, 110.50519999999999 21.07600813953488, 110.50634992857142 21.07600813953488, 110.50637135999997 21.06997110909091, 110.50623864285713 21.073250380952384, 110.50519999999999 21.073250380952384))"
601,29.911681875,122.26397241666668,1,"POLYGON ((122.26367649999997 29.911531, 122.26367649999997 29.911832750000006, 122.26426833333333 29.911832750000006, 122.26426833333333 29.911531, 122.26367649999997 29.911531))"
602,30.14684010606061,122.11593775757574,1,"POLYGON ((122.11589818181817 30.146510545454543, 122.11589818181817 30.147169666666674, 122.11597733333333 30.147169666666674, 122.11597733333333 30.146510545454543, 122.11589818181817 30.146510545454543))"
603,27.19618305111111,120.37769646120107,1,"POLYGON ((120.37755797368422 27.195776555555554, 120.37755797368422 27.196589546666665, 120.37783494871793 27.196589546666665, 120.37783494871793 27.195776555555554, 120.37755797368422 27.195776555555554))"
604,32.238710698412696,119.15681590894538,1,"POLYGON ((119.15527240677966 32.23770011111112, 119.15527240677966 32.239721285714275, 119.15835941111109 32.239721285714275, 119.15835941111109 32.23770011111112, 119.15527240677966 32.23770011111112))"
605,32.0651596064073,120.46333866095009,2,"MULTIPOLYGON (((120.46227999999999 32.06508283333333, 120.46235116666666 32.06508283333333, 120.46235116666666 32.064604, 120.46227999999999 32.064604, 120.46227999999999 32.06508283333333)), ((120.46373246666664 32.06518200000001, 120.46373246666664 32.06545657894736, 120.46397821052632 32.06545657894736, 120.46397821052632 32.06518200000001, 120.46373246666664 32.06518200000001)))"
606,20.02766362626263,110.27787767171716,1,"POLYGON ((110.27785612121211 20.027605222222224, 110.27785612121211 20.027722030303032, 110.27789922222222 20.027722030303032, 110.27789922222222 20.027605222222224, 110.27785612121211 20.027605222222224))"
607,32.23758981249999,119.20573007664025,1,"POLYGON ((119.20511597058822 32.237406874999984, 119.20511597058822 32.23777275, 119.20634418269232 32.23777275, 119.20634418269232 32.237406874999984, 119.20511597058822 32.237406874999984))"
608,21.993955076388886,113.15333325480768,1,"POLYGON ((113.15306262499999 21.993515999999996, 113.15306262499999 21.994394152777776, 113.15360388461536 21.994394152777776, 113.15360388461536 21.993515999999996, 113.15306262499999 21.993515999999996))"
609,22.682957615186616,113.75454871164021,1,"POLYGON ((113.7543135185185 22.68254609523809, 113.7543135185185 22.683369135135138, 113.7547839047619 22.683369135135138, 113.7547839047619 22.68254609523809, 113.7543135185185 22.68254609523809))"
610,25.96293015650407,119.44816644308945,1,"POLYGON ((119.44796666666664 25.96287216666667, 119.44796666666664 25.962988146341463, 119.44836621951222 25.962988146341463, 119.44836621951222 25.96287216666667, 119.44796666666664 25.96287216666667))"
611,22.573216116976678,113.4824002031126,3,"MULTIPOLYGON (((113.49244491304349 22.573400152173914, 113.49244491304349 22.573390484375, 113.49242418749999 22.573390484375, 113.49242418749999 22.573400152173914, 113.49244491304349 22.573400152173914)), ((113.48917586363635 22.573273187500007, 113.48917586363635 22.57327213636364, 113.48905445833333 22.57327213636364, 113.48905445833333 22.573273187500007, 113.48917586363635 22.573273187500007)), ((113.48199372727271 22.573272909090907, 113.48273957894736 22.573272909090907, 113.48273957894736 22.573158315789474, 113.48199372727271 22.573158315789474, 113.48199372727271 22.573272909090907)))"
612,24.41706683889751,117.86847884627329,1,"POLYGON ((117.86847247826086 24.41706169565217, 117.86847247826086 24.417071982142858, 117.86848521428571 24.417071982142858, 117.86848521428571 24.41706169565217, 117.86847247826086 24.41706169565217))"
613,22.87197861491835,112.91632383976474,2,"MULTIPOLYGON (((112.91618226666667 22.872151464285718, 112.91618226666667 22.872202799999997, 112.91631032142857 22.872202799999997, 112.91631032142857 22.872151464285718, 112.91618226666667 22.872151464285718)), ((112.9167902093023 22.870730999999996, 112.91684026415093 22.870730999999996, 112.91684026415093 22.870710275, 112.9167902093023 22.870710275, 112.9167902093023 22.870730999999996)))"
614,22.743245041727338,113.07761988540743,3,"MULTIPOLYGON (((113.07771139999998 22.7394773125, 113.07875025 22.7394773125, 113.07875025 22.73885109999999, 113.07771139999998 22.73885109999999, 113.07771139999998 22.7394773125)), ((113.07662811111113 22.747069222222223, 113.07609059999999 22.747069222222223, 113.07609059999999 22.747915249999995, 113.07662811111113 22.747915249999995, 113.07662811111113 22.747069222222223)), ((113.07813842857144 22.746606428571422, 113.07861744444442 22.746606428571422, 113.07861744444442 22.746122333333325, 113.07813842857144 22.746122333333325, 113.07813842857144 22.746606428571422)))"
615,22.683418756678282,115.51474163588848,1,"POLYGON ((115.51466585714283 22.68325056097561, 115.51466585714283 22.683586952380956, 115.51481741463414 22.683586952380956, 115.51481741463414 22.68325056097561, 115.51466585714283 22.68325056097561))"
616,31.958693355263158,120.35551119576884,1,"POLYGON ((120.35539370526317 31.958666810526317, 120.35539370526317 31.958719900000002, 120.3556286862745 31.958719900000002, 120.3556286862745 31.958666810526317, 120.35539370526317 31.958666810526317))"
617,30.111309252525256,122.23695339327485,1,"POLYGON ((122.23625034210524 30.11117477777778, 122.23625034210524 30.11144372727273, 122.23765644444445 30.11144372727273, 122.23765644444445 30.11117477777778, 122.23625034210524 30.11117477777778))"
618,25.567288416666663,119.87204625000001,1,"POLYGON ((119.871943 25.567224333333336, 119.871943 25.567352499999995, 119.8721495 25.567352499999995, 119.8721495 25.567224333333336, 119.871943 25.567224333333336))"
619,39.51853460213415,121.37299932926828,1,"POLYGON ((121.37233799999998 39.518461375, 121.37233799999998 39.5186078292683, 121.3736606585366 39.5186078292683, 121.3736606585366 39.518461375, 121.37233799999998 39.518461375))"
620,31.950831755991285,120.14811684656087,1,"POLYGON ((120.14743207407408 31.950716882352943, 120.14743207407408 31.95094662962963, 120.14880161904765 31.95094662962963, 120.14880161904765 31.950716882352943, 120.14743207407408 31.950716882352943))"
621,32.07352401441128,120.46465554527985,1,"POLYGON ((120.46464950955412 32.0735170670391, 120.46464950955412 32.07353096178345, 120.46466158100559 32.07353096178345, 120.46466158100559 32.0735170670391, 120.46464950955412 32.0735170670391))"
622,27.2142796111111,120.30145716666665,1,"POLYGON ((120.30132766666665 27.213977999999994, 120.30132766666665 27.214581222222215, 120.30158666666667 27.214581222222215, 120.30158666666667 27.213977999999994, 120.30132766666665 27.213977999999994))"
623,39.51043071052631,121.33845548165867,1,"POLYGON ((121.3381791212121 39.510301999999996, 121.3381791212121 39.510559421052626, 121.33873184210523 39.510559421052626, 121.33873184210523 39.510301999999996, 121.3381791212121 39.510301999999996))"
624,39.0039079780855,117.78613600957563,3,"MULTIPOLYGON (((117.7888555423729 38.99445401694915, 117.789112025 38.99445401694915, 117.789112025 38.993543474999996, 117.7888555423729 38.993543474999996, 117.7888555423729 38.99445401694915)), ((117.78679148275862 39.00165572413793, 117.78527711627905 39.00165572413793, 117.78527711627905 39.00686913333333, 117.78679148275862 39.00686913333333, 117.78679148275862 39.00165572413793)), ((117.78709537499995 39.000505624999995, 117.78729798039217 39.000505624999995, 117.78729798039217 38.99986374509803, 117.78709537499995 38.99986374509803, 117.78709537499995 39.000505624999995)))"
625,38.99517686508458,117.77704153045944,3,"MULTIPOLYGON (((117.77625310714286 38.99644882352941, 117.77625310714286 38.99792384848486, 117.77665911764703 38.99792384848486, 117.77665911764703 38.99644882352941, 117.77625310714286 38.99644882352941)), ((117.77697973529413 38.99530305882353, 117.77764757142856 38.99530305882353, 117.77764757142856 38.993181941176466, 117.77697973529413 38.993181941176466, 117.77697973529413 38.99530305882353)), ((117.77530478571428 39.00144441666667, 117.77530478571428 39.00127971428571, 117.77518683333332 39.00127971428571, 117.77518683333332 39.00144441666667, 117.77530478571428 39.00144441666667)))"
626,19.715570688031992,109.17329884350032,3,"MULTIPOLYGON (((109.1710018490566 19.714382233333332, 109.17169253333334 19.714382233333332, 109.17169253333334 19.713678792452825, 109.1710018490566 19.713678792452825, 109.1710018490566 19.714382233333332)), ((109.17360843749998 19.716146031249995, 109.17360843749998 19.716700200000002, 109.17516 19.716700200000002, 109.17516 19.716146031249995, 109.17360843749998 19.716146031249995)), ((109.17552866666666 19.71798970833333, 109.17552866666666 19.718012142857145, 109.17581042857142 19.718012142857145, 109.17581042857142 19.71798970833333, 109.17552866666666 19.71798970833333)))"
627,22.528485978278475,113.85643981046988,2,"MULTIPOLYGON (((113.85645846153845 22.528826589743588, 113.85679628571427 22.528826589743588, 113.85679628571427 22.52681742857143, 113.85645846153845 22.52681742857143, 113.85645846153845 22.528826589743588)), ((113.85519969444444 22.53287813888889, 113.8553757586207 22.53287813888889, 113.8553757586207 22.532250517241376, 113.85519969444444 22.532250517241376, 113.85519969444444 22.53287813888889)))"
628,22.768692099999996,113.64288342500001,1,"POLYGON ((113.64288325000001 22.768104999999995, 113.64288325000001 22.769279199999996, 113.64288359999999 22.769279199999996, 113.64288359999999 22.768104999999995, 113.64288325000001 22.768104999999995))"
629,31.313725914141425,121.69260664646464,1,"POLYGON ((121.69260368181818 31.313631055555554, 121.69260368181818 31.313820772727283, 121.69260961111111 31.313820772727283, 121.69260961111111 31.313631055555554, 121.69260368181818 31.313631055555554))"
630,30.150814964142622,122.02986790751945,1,"POLYGON ((122.02976758426966 30.150736005208326, 122.02976758426966 30.150893923076918, 122.02996823076923 30.150893923076918, 122.02996823076923 30.150736005208326, 122.02976758426966 30.150736005208326))"
631,31.94779596739131,118.62439424999997,1,"POLYGON ((118.62363602173909 31.94708976086957, 118.62363602173909 31.948502173913045, 118.62515247826086 31.948502173913045, 118.62515247826086 31.94708976086957, 118.62363602173909 31.94708976086957))"
632,22.813952940162267,113.01578510735293,1,"POLYGON ((113.01544145 22.813715294117646, 113.01544145 22.814190586206898, 113.01612876470588 22.814190586206898, 113.01612876470588 22.813715294117646, 113.01544145 22.813715294117646))"
633,34.34452733967355,119.74612854935523,2,"POLYGON ((119.7455665 34.34428524, 119.7455665 34.34735645238095, 119.74673701503757 34.34735645238095, 119.74651435294118 34.341182642857135, 119.74583949999997 34.341182642857135, 119.7455665 34.34428524))"
634,21.08991864583334,110.51534,1,"POLYGON ((110.5153255 21.089311625000004, 110.5153255 21.09052566666667, 110.51535449999999 21.09052566666667, 110.51535449999999 21.089311625000004, 110.5153255 21.089311625000004))"
635,26.325360509032254,119.85381577548384,1,"POLYGON ((119.85373487096773 26.325322759999995, 119.85373487096773 26.325398258064517, 119.85389667999998 26.325398258064517, 119.85389667999998 26.325322759999995, 119.85373487096773 26.325322759999995))"
636,31.60417276330532,121.27016355042016,1,"POLYGON ((121.27002423809522 31.60407793137254, 121.27002423809522 31.604267595238102, 121.27030286274511 31.604267595238102, 121.27030286274511 31.60407793137254, 121.27002423809522 31.60407793137254))"
637,26.30009962,119.87817516363637,1,"POLYGON ((119.87754772727273 26.29994984, 119.87754772727273 26.300249400000002, 119.8788026 26.300249400000002, 119.8788026 26.29994984, 119.87754772727273 26.29994984))"
638,32.179200941176475,119.0186655235294,1,"POLYGON ((119.01865439999999 32.179197, 119.01865439999999 32.17920488235294, 119.01867664705883 32.17920488235294, 119.01867664705883 32.179197, 119.01865439999999 32.179197))"
639,32.21915529166666,119.21575247619046,1,"POLYGON ((119.21556066666665 32.218985333333336, 119.21556066666665 32.21932525, 119.2159442857143 32.21932525, 119.2159442857143 32.218985333333336, 119.21556066666665 32.218985333333336))"
640,31.93629611620508,118.60933016717377,4,"MULTIPOLYGON (((118.61415227272728 31.939268590909087, 118.6141658103448 31.939268590909087, 118.6141658103448 31.9391635, 118.61415227272728 31.9391635, 118.61415227272728 31.939268590909087)), ((118.61515313793103 31.940176500000003, 118.61502371052632 31.940176500000003, 118.61502371052632 31.940254379310346, 118.61515313793103 31.940254379310346, 118.61515313793103 31.940176500000003)), ((118.6100683956044 31.93674734065935, 118.6100683956044 31.935790407407406, 118.60850530434783 31.935790407407406, 118.60850530434783 31.93674734065935, 118.6100683956044 31.93674734065935)), ((118.60916046666665 31.931870399999994, 118.60916046666665 31.931841818181823, 118.60913752272724 31.931841818181823, 118.60913752272724 31.931870399999994, 118.60916046666665 31.931870399999994)))"
641,28.103253954545455,121.1031644090909,1,"POLYGON ((121.10314681818178 28.103248, 121.10314681818178 28.10325990909091, 121.10318200000002 28.10325990909091, 121.10318200000002 28.103248, 121.10314681818178 28.103248))"
642,34.21926395,119.58192454166667,1,"POLYGON ((119.58190300000001 34.21919173333334, 119.58190300000001 34.219336166666665, 119.58194608333334 34.219336166666665, 119.58194608333334 34.21919173333334, 119.58190300000001 34.21919173333334))"
643,34.22694140227273,119.59972660192307,1,"POLYGON ((119.59966715384616 34.226929454545456, 119.59966715384616 34.22695335, 119.59978605 34.22695335, 119.59978605 34.226929454545456, 119.59966715384616 34.226929454545456))"
644,34.35382288565891,119.75886400387597,1,"POLYGON ((119.75883433333333 34.35381660465116, 119.75883433333333 34.35382916666666, 119.75889367441862 34.35382916666666, 119.75889367441862 34.35381660465116, 119.75883433333333 34.35381660465116))"
645,34.32068004022989,119.73386206704976,1,"POLYGON ((119.73382944444441 34.32063366666667, 119.73382944444441 34.3207264137931, 119.73389468965513 34.3207264137931, 119.73389468965513 34.32063366666667, 119.73382944444441 34.32063366666667))"
646,36.84068530555555,122.26533602777775,1,"POLYGON ((122.2653212222222 36.840669111111104, 122.2653212222222 36.8407015, 122.26535083333333 36.8407015, 122.26535083333333 36.840669111111104, 122.2653212222222 36.840669111111104))"
647,34.23071967307692,119.60781730769232,1,"POLYGON ((119.6072716153846 34.230373846153846, 119.6072716153846 34.23106549999999, 119.60836300000001 34.23106549999999, 119.60836300000001 34.230373846153846, 119.6072716153846 34.230373846153846))"
648,39.11833869351851,122.07928483611109,1,"POLYGON ((122.07928245 39.11833803703703, 122.07928245 39.11833934999999, 122.07928722222222 39.11833934999999, 122.07928722222222 39.11833803703703, 122.07928245 39.11833803703703))"
649,32.20020112012987,119.0493987922078,1,"POLYGON ((119.04921085714288 32.20004578571429, 119.04921085714288 32.20035645454545, 119.04958672727273 32.20035645454545, 119.04958672727273 32.20004578571429, 119.04921085714288 32.20004578571429))"
650,32.1164195,119.91155663888891,1,"POLYGON ((119.91131316666669 32.116155166666665, 119.91131316666669 32.11668383333333, 119.91180011111112 32.11668383333333, 119.91180011111112 32.116155166666665, 119.91131316666669 32.116155166666665))"
651,23.456267333333333,116.4646615,1,"POLYGON ((116.46417216666669 23.456214999999997, 116.46417216666669 23.45631966666667, 116.46515083333333 23.45631966666667, 116.46515083333333 23.456214999999997, 116.46417216666669 23.456214999999997))"
652,24.53251791666667,118.52487863333333,1,"POLYGON ((118.52416666666664 24.5321525, 118.52416666666664 24.532883333333334, 118.52559060000002 24.532883333333334, 118.52559060000002 24.5321525, 118.52416666666664 24.5321525))"
653,23.392370893939393,117.00388625000002,1,"POLYGON ((117.0037936666667 23.39216333333333, 117.0037936666667 23.39257845454545, 117.00397883333335 23.39257845454545, 117.00397883333335 23.39216333333333, 117.0037936666667 23.39216333333333))"
654,32.06583881778705,120.58630118919216,2,"MULTIPOLYGON (((120.58571479999999 32.065911199999995, 120.5862026 32.065911199999995, 120.5862026 32.06552019999999, 120.58571479999999 32.06552019999999, 120.58571479999999 32.065911199999995)), ((120.58800609090909 32.0664326, 120.58800609090909 32.066566333333334, 120.58827187499999 32.066566333333334, 120.58827187499999 32.0664326, 120.58800609090909 32.0664326)))"
655,34.36490783823529,119.76993697771694,1,"POLYGON ((119.76940899999998 34.364021, 119.76940899999998 34.36579467647058, 119.77046495543391 34.36579467647058, 119.77046495543391 34.364021, 119.76940899999998 34.364021))"
656,36.07522470909091,120.2689265090909,1,"POLYGON ((120.26887719999998 36.075138599999995, 120.26887719999998 36.075310818181826, 120.26897581818183 36.075310818181826, 120.26897581818183 36.075138599999995, 120.26887719999998 36.075138599999995))"
657,25.3393863836478,119.64866975157233,1,"POLYGON ((119.64850416981135 25.33898943396226, 119.64850416981135 25.339783333333337, 119.64883533333334 25.339783333333337, 119.64883533333334 25.33898943396226, 119.64850416981135 25.33898943396226))"
658,21.537425479999996,111.85036428000001,1,"POLYGON ((111.85020540000001 21.5371306, 111.85020540000001 21.537720359999994, 111.85052316 21.537720359999994, 111.85052316 21.5371306, 111.85020540000001 21.5371306))"
659,31.743586129629637,121.19731346296295,1,"POLYGON ((121.197203 31.743526333333342, 121.197203 31.743645925925925, 121.1974239259259 31.743645925925925, 121.1974239259259 31.743526333333342, 121.197203 31.743526333333342))"
660,32.240460975,119.31272633333334,1,"POLYGON ((119.31243500000002 32.240277199999994, 119.31243500000002 32.24064475, 119.31301766666665 32.24064475, 119.31301766666665 32.240277199999994, 119.31243500000002 32.240277199999994))"
661,32.037916869491525,119.93349095071707,1,"POLYGON ((119.93330276923076 32.037510738983045, 119.93330276923076 32.038323, 119.93367913220338 32.038323, 119.93367913220338 32.037510738983045, 119.93330276923076 32.037510738983045))"
662,24.408862364285714,118.36351684999998,1,"POLYGON ((118.3633667 24.40860042857143, 118.3633667 24.409124299999995, 118.36366699999999 24.409124299999995, 118.36366699999999 24.40860042857143, 118.3633667 24.40860042857143))"
663,34.31055152646042,119.73385872014518,4,"MULTIPOLYGON (((119.73466285714287 34.31127857142856, 119.73466285714287 34.310288814655166, 119.73352168534481 34.310288814655166, 119.73352168534481 34.31127857142856, 119.73466285714287 34.31127857142856)), ((119.72722130000001 34.30427160000001, 119.72713166666666 34.30427160000001, 119.72713166666666 34.304617666666665, 119.72722130000001 34.304617666666665, 119.72722130000001 34.30427160000001)), ((119.72936640000002 34.30545229508197, 119.72936640000002 34.3055058, 119.7295861311475 34.3055058, 119.7295861311475 34.30545229508197, 119.72936640000002 34.30545229508197)), ((119.7324678219178 34.30696743835616, 119.7324678219178 34.307013250000004, 119.7325485 34.307013250000004, 119.7325485 34.30696743835616, 119.7324678219178 34.30696743835616)))"
664,36.00666717063491,120.25097423412697,1,"POLYGON ((120.2508266111111 36.00641649999999, 120.2508266111111 36.00691784126984, 120.25112185714285 36.00691784126984, 120.25112185714285 36.00641649999999, 120.2508266111111 36.00641649999999))"
665,22.690904055555553,115.04845996388886,1,"POLYGON ((115.04842727777775 22.69066811111111, 115.04842727777775 22.691139999999997, 115.04849265 22.691139999999997, 115.04849265 22.69066811111111, 115.04842727777775 22.69066811111111))"
666,23.714829484848487,117.54660977272724,1,"POLYGON ((117.54596899999999 23.71457733333333, 117.54596899999999 23.71508163636364, 117.5472505454545 23.71508163636364, 117.5472505454545 23.71457733333333, 117.54596899999999 23.71457733333333))"
667,32.040581833333334,120.73188193939393,1,"POLYGON ((120.73183133333333 32.04045766666666, 120.73183133333333 32.040706, 120.73193254545454 32.040706, 120.73193254545454 32.04045766666666, 120.73183133333333 32.04045766666666))"
668,21.852394633333333,113.2653999,1,"POLYGON ((113.26537766666667 21.85233493333333, 113.26537766666667 21.85245433333333, 113.26542213333333 21.85245433333333, 113.26542213333333 21.85233493333333, 113.26537766666667 21.85233493333333))"
669,38.93929603686636,121.61210341820276,1,"POLYGON ((121.61208669354839 38.93925264516129, 121.61208669354839 38.93933942857142, 121.61212014285714 38.93933942857142, 121.61212014285714 38.93925264516129, 121.61208669354839 38.93925264516129))"
670,27.230285981481476,120.32961713888889,1,"POLYGON ((120.32913144444444 27.230277407407403, 120.32913144444444 27.230294555555552, 120.33010283333333 27.230294555555552, 120.33010283333333 27.230277407407403, 120.32913144444444 27.230277407407403))"
671,39.5782366645852,121.28003367514124,1,"POLYGON ((121.28003233333334 39.57823121052631, 121.28003233333334 39.57824211864408, 121.28003501694914 39.57824211864408, 121.28003501694914 39.57823121052631, 121.28003233333334 39.57823121052631))"
672,30.064361333333327,121.8479861,1,"POLYGON ((121.84795100000002 30.06432566666666, 121.84795100000002 30.064396999999996, 121.84802119999999 30.064396999999996, 121.84802119999999 30.06432566666666, 121.84795100000002 30.06432566666666))"
673,26.937452967105262,120.2413341125,1,"POLYGON ((120.24115612500002 26.93705425, 120.24115612500002 26.93785168421053, 120.2415121 26.93785168421053, 120.2415121 26.93705425, 120.24115612500002 26.93705425))"
674,22.44472544193549,113.01261452365591,1,"POLYGON ((113.01257079999999 22.444691400000004, 113.01257079999999 22.44475948387097, 113.01265824731182 22.44475948387097, 113.01265824731182 22.444691400000004, 113.01257079999999 22.444691400000004))"
675,29.194866794533937,121.77555905076161,3,"MULTIPOLYGON (((121.7744054 29.19173380000001, 121.77486216666667 29.19210133333333, 121.7751 29.18964566666667, 121.77473350000001 29.18964566666667, 121.77473350000001 29.19173380000001, 121.7744054 29.19173380000001)), ((121.77642349999998 29.197996666666665, 121.77642349999998 29.196775833333326, 121.77555849999999 29.196775833333326, 121.77555849999999 29.197996666666665, 121.77642349999998 29.197996666666665)))"
676,21.429581833333334,111.29739038333334,1,"POLYGON ((111.2973811 21.429562166666667, 111.2973811 21.4296015, 111.29739966666668 21.4296015, 111.29739966666668 21.429562166666667, 111.2973811 21.429562166666667))"
677,29.925651867366184,122.29105546765642,1,"POLYGON ((122.29103780487804 29.92564201734104, 122.29103780487804 29.92566171739131, 122.2910731304348 29.92566171739131, 122.2910731304348 29.92564201734104, 122.29103780487804 29.92564201734104))"
678,32.128971653595876,119.91744032962326,1,"POLYGON ((119.917294625 32.128524082191774, 119.917294625 32.129419225, 119.91758603424655 32.129419225, 119.91758603424655 32.128524082191774, 119.917294625 32.128524082191774))"
679,30.2449675,122.102821125,1,"POLYGON ((122.10245025 30.244718999999996, 122.10245025 30.245216000000003, 122.10319199999999 30.245216000000003, 122.10319199999999 30.244718999999996, 122.10245025 30.244718999999996))"
680,30.25001088333334,122.115302,1,"POLYGON ((122.11522 30.24995460000001, 122.11522 30.25006716666666, 122.115384 30.25006716666666, 122.115384 30.24995460000001, 122.11522 30.24995460000001))"
681,30.15340237631546,122.06488313443396,1,"POLYGON ((122.06460950000002 30.153050996855345, 122.06460950000002 30.15375375577558, 122.06515676886792 30.15375375577558, 122.06515676886792 30.153050996855345, 122.06460950000002 30.153050996855345))"
682,32.19729905588234,119.26015574451476,1,"POLYGON ((119.25956445569621 32.19700653333332, 119.25956445569621 32.197591578431364, 119.26074703333332 32.197591578431364, 119.26074703333332 32.19700653333332, 119.25956445569621 32.19700653333332))"
683,30.25707554084968,122.25221724886877,1,"POLYGON ((122.25218988235295 30.257046470588236, 122.25218988235295 30.25710461111111, 122.25224461538461 30.25710461111111, 122.25224461538461 30.257046470588236, 122.25218988235295 30.257046470588236))"
684,39.01402166991694,117.77161585632562,2,"MULTIPOLYGON (((117.77165283333333 39.013762166666666, 117.7719834285714 39.013762166666666, 117.7719834285714 39.01285974999999, 117.77165283333333 39.01285974999999, 117.77165283333333 39.013762166666666)), ((117.77061605 39.01754655, 117.77074831578948 39.01754655, 117.77074831578948 39.01705789473684, 117.77061605 39.01705789473684, 117.77061605 39.01754655)))"
685,36.012110693367326,120.23107412017175,3,"MULTIPOLYGON (((120.23802080555555 36.01643611111111, 120.23802080555555 36.01592375, 120.23708766666667 36.01592375, 120.23708766666667 36.01643611111111, 120.23802080555555 36.01643611111111)), ((120.23155341666667 36.012458214285715, 120.23155341666667 36.01233988888889, 120.23143983333334 36.01233988888889, 120.23143983333334 36.012458214285715, 120.23155341666667 36.012458214285715)), ((120.22624553333334 36.00975680000001, 120.22740000000003 36.00975680000001, 120.22740000000003 36.0091244, 120.22624553333334 36.0091244, 120.22624553333334 36.00975680000001)))"
686,39.016594166895594,121.859953390625,1,"POLYGON ((121.859852 39.0165452087912, 121.859852 39.01664312499999, 121.86005478124999 39.01664312499999, 121.86005478124999 39.0165452087912, 121.859852 39.0165452087912))"
687,31.631532180147055,121.23728689607846,1,"POLYGON ((121.23712773333335 31.63123423529412, 121.23712773333335 31.631830124999993, 121.23744605882354 31.631830124999993, 121.23744605882354 31.63123423529412, 121.23712773333335 31.63123423529412))"
688,30.09478488904109,121.98436236815067,1,"POLYGON ((121.98393999999998 30.09456317808219, 121.98393999999998 30.095006599999998, 121.98478473630136 30.095006599999998, 121.98478473630136 30.09456317808219, 121.98393999999998 30.09456317808219))"
689,27.249211666666667,120.24727208333331,1,"POLYGON ((120.24692216666665 27.248952666666664, 120.24692216666665 27.249470666666667, 120.24762199999999 27.249470666666667, 120.24762199999999 27.248952666666664, 120.24692216666665 27.248952666666664))"
690,30.099266491704636,121.95410466086992,1,"POLYGON ((121.9540741212121 30.09923707575758, 121.9540741212121 30.099295907651705, 121.9541352005277 30.099295907651705, 121.9541352005277 30.09923707575758, 121.9540741212121 30.09923707575758))"
691,39.90886282216985,119.58724010858081,3,"MULTIPOLYGON (((119.58710375 39.9091625, 119.58710375 39.90952468831169, 119.58727816666668 39.90952468831169, 119.58727816666668 39.9091625, 119.58710375 39.9091625)), ((119.58604377777777 39.91029333333333, 119.58604377777777 39.91030592063492, 119.58607468253969 39.91030592063492, 119.58607468253969 39.91029333333333, 119.58604377777777 39.91029333333333)), ((119.58735364516127 39.907124666666675, 119.58753799999998 39.907124666666675, 119.58753799999998 39.90703068292683, 119.58735364516127 39.90703068292683, 119.58735364516127 39.907124666666675)))"
692,27.989275088743696,120.83207875671988,1,"POLYGON ((120.83198117699116 27.989241168141593, 120.83198117699116 27.9893090093458, 120.83217633644861 27.9893090093458, 120.83217633644861 27.989241168141593, 120.83198117699116 27.989241168141593))"
693,30.129787297999098,122.13196054040725,2,"MULTIPOLYGON (((122.13193629166666 30.129871958333332, 122.13238511538462 30.129871958333332, 122.13238511538462 30.129082884615375, 122.13193629166666 30.129082884615375, 122.13193629166666 30.129871958333332)), ((122.12941040000001 30.133536666666668, 122.12972732191781 30.133536666666668, 122.12972732191781 30.133443142857136, 122.12941040000001 30.133443142857136, 122.12941040000001 30.133536666666668)))"
694,36.01385905998604,129.40052825307563,1,"POLYGON ((129.40050919108276 36.013837407643315, 129.40050919108276 36.01388071232876, 129.4005473150685 36.01388071232876, 129.4005473150685 36.013837407643315, 129.40050919108276 36.013837407643315))"
695,35.973871086339805,126.52943376364478,1,"POLYGON ((126.52940374468088 35.97385939007091, 126.52940374468088 35.9738827826087, 126.52946378260869 35.9738827826087, 126.52946378260869 35.97385939007091, 126.52940374468088 35.97385939007091))"
696,31.951798767043304,120.3116479167608,1,"POLYGON ((120.31125815555552 31.95173482222221, 120.31125815555552 31.95186271186439, 120.3120376779661 31.95186271186439, 120.3120376779661 31.95173482222221, 120.31125815555552 31.95173482222221))"
697,22.476830773391818,113.18702601023391,1,"POLYGON ((113.18665513157893 22.47675465789474, 113.18665513157893 22.47690688888889, 113.18739688888887 22.47690688888889, 113.18739688888887 22.47675465789474, 113.18665513157893 22.47675465789474))"
698,22.8297921547619,115.99174620289853,1,"POLYGON ((115.99144966666664 22.829480166666663, 115.99144966666664 22.830104142857138, 115.99204273913044 22.830104142857138, 115.99204273913044 22.829480166666663, 115.99144966666664 22.829480166666663))"
699,37.54795833333334,121.45639608333332,1,"POLYGON ((121.45618516666667 37.547811, 121.45618516666667 37.548105666666665, 121.45660699999999 37.548105666666665, 121.45660699999999 37.547811, 121.45618516666667 37.547811))"
700,29.11180512499999,121.62408545833333,1,"POLYGON ((121.62353766666666 29.111061749999994, 121.62353766666666 29.112548499999995, 121.62463324999999 29.112548499999995, 121.62463324999999 29.111061749999994, 121.62353766666666 29.111061749999994))"
701,30.16411963071895,122.02910071895423,1,"POLYGON ((122.02904855555555 30.164055555555564, 122.02904855555555 30.164183705882344, 122.02915288235292 30.164183705882344, 122.02915288235292 30.164055555555564, 122.02904855555555 30.164055555555564))"
702,28.371189583333337,121.66980694444443,1,"POLYGON ((121.66966433333333 28.3711175, 121.66966433333333 28.371261666666665, 121.66994955555555 28.371261666666665, 121.66994955555555 28.3711175, 121.66966433333333 28.3711175))"
703,33.81198823684211,120.45804764473684,1,"POLYGON ((120.45802178947368 33.81194647368422, 120.45802178947368 33.81203000000001, 120.45807349999997 33.81203000000001, 120.45807349999997 33.81194647368422, 120.45802178947368 33.81194647368422))"
704,21.585141275467773,108.47392461850312,1,"POLYGON ((108.47384411538461 21.584782743243238, 108.47384411538461 21.58549980769231, 108.4740051216216 21.58549980769231, 108.4740051216216 21.584782743243238, 108.47384411538461 21.584782743243238))"
705,39.01074909615385,118.45510407692308,1,"POLYGON ((118.45508023076924 39.010658, 118.45508023076924 39.0108401923077, 118.45512792307692 39.0108401923077, 118.45512792307692 39.010658, 118.45508023076924 39.010658))"
706,22.970570110606058,112.85890873318182,1,"POLYGON ((112.85877507999999 22.970396954545453, 112.85877507999999 22.970743266666666, 112.85904238636363 22.970743266666666, 112.85904238636363 22.970396954545453, 112.85877507999999 22.970396954545453))"
707,25.42150631155015,119.11803065592707,1,"POLYGON ((119.11796797142857 25.421328765957444, 119.11796797142857 25.421683857142853, 119.11809334042555 25.421683857142853, 119.11809334042555 25.421328765957444, 119.11796797142857 25.421328765957444))"
708,23.327597073886636,116.74826066820151,1,"POLYGON ((116.7482366056338 23.32757076315789, 116.7482366056338 23.32762338461538, 116.74828473076923 23.32762338461538, 116.74828473076923 23.32757076315789, 116.7482366056338 23.32757076315789))"
709,22.763398416666664,113.09912598214288,1,"POLYGON ((113.09853571428572 22.763301333333334, 113.09853571428572 22.763495499999998, 113.09971624999999 22.763495499999998, 113.09971624999999 22.763301333333334, 113.09853571428572 22.763301333333334))"
710,22.929404602500004,112.8699879861111,1,"POLYGON ((112.86968175 22.92916008, 112.86968175 22.929649125, 112.87029422222221 22.929649125, 112.87029422222221 22.92916008, 112.86968175 22.92916008))"
711,30.662666791666663,117.26300183333333,1,"POLYGON ((117.26290666666665 30.662600333333334, 117.26290666666665 30.662733250000002, 117.26309700000002 30.662733250000002, 117.26309700000002 30.662600333333334, 117.26290666666665 30.662600333333334))"
712,26.264327533333333,119.79299066666667,1,"POLYGON ((119.792751 26.26384673333333, 119.792751 26.26480833333333, 119.79323033333336 26.26480833333333, 119.79323033333336 26.26384673333333, 119.792751 26.26384673333333))"
713,38.97839104999999,121.74935641000002,1,"POLYGON ((121.7493065 38.9780825, 121.7493065 38.978699599999985, 121.74940631999999 38.978699599999985, 121.74940631999999 38.9780825, 121.7493065 38.9780825))"
714,34.75159886111112,119.37781930555556,1,"POLYGON ((119.37770444444443 34.75156450000001, 119.37770444444443 34.751633222222225, 119.37793416666666 34.751633222222225, 119.37793416666666 34.75156450000001, 119.37770444444443 34.75156450000001))"
715,29.939848541103842,121.97824298257201,1,"POLYGON ((121.97823440776699 29.9398363152174, 121.97823440776699 29.93986076699028, 121.97825155737705 29.93986076699028, 121.97825155737705 29.9398363152174, 121.97823440776699 29.9398363152174))"
716,31.383305960676047,121.55578636608452,1,"POLYGON ((121.55576902816904 31.383276225352105, 121.55576902816904 31.383335696, 121.555803704 31.383335696, 121.555803704 31.383276225352105, 121.55576902816904 31.383276225352105))"
717,40.739708754329,121.99016033333332,1,"POLYGON ((121.99011649999998 40.739675857142856, 121.99011649999998 40.739741651515146, 121.99020416666664 40.739741651515146, 121.99020416666664 40.739675857142856, 121.99011649999998 40.739675857142856))"
718,29.789021649439103,122.12904522420261,1,"POLYGON ((122.12903969230766 29.789004760416667, 122.12903969230766 29.78903853846154, 122.12905075609756 29.78903853846154, 122.12905075609756 29.789004760416667, 122.12903969230766 29.789004760416667))"
719,30.653089347859325,117.2793306033654,1,"POLYGON ((117.2788724375 30.65279983333333, 117.2788724375 30.653378862385324, 117.27978876923078 30.653378862385324, 117.27978876923078 30.65279983333333, 117.2788724375 30.65279983333333))"
