pid,name,geom,guid,point,gangkou_guid,create_time,update_time
994,台北码头,"POLYGON((121.38717038888889 25.171105111111114,121.40682563888889 25.15502422222222,121.37077674999999 25.13202563888889,121.35850294444444 25.156111888888887,121.38717038888889 25.171105111111114))",a69cfa64-3e1f-4869-8827-3724dab8680a,POINT(121.38086807746204 25.152884650256475),87451751-5ebe-4700-8b70-41e4cf14a8fc,2026-02-28 14:38:22,2026-02-28 14:38:22
995,永生码头,"POLYGON((118.45059852777779 24.675516972222223,118.45388691666668 24.677359527777778,118.45472375 24.675931305555558,118.45373133333334 24.671792722222225,118.45103683333333 24.672323583333334,118.45059852777779 24.675516972222223))",30ef3854-2098-409f-a284-1b088a9c070c,POINT(118.4526992023581 24.67446189751915),0536656f-d8b4-4671-9530-d82a2fafe5d9,2026-02-28 14:38:22,2026-02-28 14:38:22
997,东莞华润水泥码头,"POLYGON((113.58564733333333 22.9002885,113.58807108333333 22.898808527777778,113.58174105555555 22.89204322222222,113.57952019444444 22.89377288888889,113.58564733333333 22.9002885))",24b5082c-19d5-422d-9447-01588aa96a19,POINT(113.58374756394501 22.896218992653004),0e07092d-d78a-447e-a652-23ceecf1c230,2026-02-28 14:38:22,2026-02-28 14:38:22
998,东莞国际码头,"POLYGON((113.59077827777777 22.908124194444444,113.59322594444444 22.90691888888889,113.58803091666667 22.898974499999998,113.58568130555555 22.900377916666667,113.59077827777777 22.908124194444444))",73d5cce8-6c27-4a40-96a0-c20de0530784,POINT(113.58942963034879 22.90358990016912),0e07092d-d78a-447e-a652-23ceecf1c230,2026-02-28 14:38:22,2026-02-28 14:38:22
999,宁波通用码头,"POLYGON((121.97536644444445 29.891214777777776,121.97537183333334 29.888777722222223,121.98199266666667 29.888535555555556,121.98203558333334 29.891098166666666,121.97536644444445 29.891214777777776))",3647f9b5-1e4c-4371-8ceb-29f145dd29d4,POINT(121.97871973861444 29.8899072816122),e86dff3d-0099-4f8f-8d65-e7bfe2567db2,2026-02-28 14:38:22,2026-02-28 14:38:22
"1,000",良波企业码头,"POLYGON((121.96789236111111 29.89126177777778,121.96791919444445 29.88902936111111,121.96335405555556 29.888792166666665,121.96041436111112 29.888113138888887,121.96029636111112 29.89049438888889,121.96789236111111 29.89126177777778))",069de708-1219-4e0f-82bc-7535d2eed8d2,POINT(121.96410141103486 29.889801538836693),e86dff3d-0099-4f8f-8d65-e7bfe2567db2,2026-02-28 14:38:23,2026-02-28 14:38:23
"1,001",永港物流公司码头,"POLYGON((121.97183916666667 29.89127863888889,121.9718498888889 29.889125305555556,121.968012 29.889175722222223,121.96800661111111 29.8912965,121.97183916666667 29.89127863888889))",0e8133b3-fc0a-426e-8a11-5ca5afe8f269,POINT(121.96993177940443 29.89021875642726),e86dff3d-0099-4f8f-8d65-e7bfe2567db2,2026-02-28 14:38:23,2026-02-28 14:38:23
"1,002",满洋公司码头,"POLYGON((121.97525975 29.89124325,121.97528119444445 29.88918758333333,121.97192308333334 29.889178277777777,121.97191772222223 29.891271166666666,121.97525975 29.89124325))",f1216746-1bd8-4eac-aecd-1f06e2d59c8b,POINT(121.97359042718318 29.890219241086072),e86dff3d-0099-4f8f-8d65-e7bfe2567db2,2026-02-28 14:38:23,2026-02-28 14:38:23
"1,004",上海干散码头,"POLYGON((121.43553158333334 31.004982333333334,121.42658152777778 30.998484611111113,121.42515458333334 31.000121583333332,121.43405952777778 31.006503666666667,121.43553158333334 31.004982333333334))",ddf836a8-5411-41a5-9e33-58a4eaefc12a,POINT(121.4303094837015 31.0025047170257),02c24555-7846-427a-bcf3-a04472331270,2026-02-28 14:38:23,2026-02-28 14:38:23
"1,006",芜湖三山海螺港货运码头,"POLYGON((118.16811858333334 31.256259777777778,118.16426155555556 31.253788,118.16227672222223 31.25609011111111,118.16613375 31.258314194444445,118.16811858333334 31.256259777777778))",354fd55a-975f-4f13-a78b-cc06b910fa0c,POINT(118.16518036927867 31.256091877660545),9d88cc3f-da09-4a70-a2af-90a88f2edfca,2026-02-28 14:38:23,2026-02-28 14:38:23
"1,007",志布志码头,"POLYGON((131.06834758333332 31.46265097222222,131.1028086111111 31.480842388888888,131.10834469444444 31.474510555555554,131.10383858333333 31.460820666666667,131.08332505555555 31.438414694444443,131.06834758333332 31.46265097222222))",402197f4-72dc-4f73-8182-be447afe41f5,POINT(131.08922382887454 31.46119919914153),70904599-f20e-486e-90dc-563b1440ead6,2026-02-28 14:38:23,2026-02-28 14:38:23
"1,008",佛山通用码头,"POLYGON((112.90299116666667 22.885597722222222,112.90398358333334 22.88088777777778,112.90696619444445 22.88131775,112.9059845 22.88612158333333,112.90299116666667 22.885597722222222))",a4517bfa-ddc7-41e7-9761-d994ac2c6b12,POINT(112.90498522660775 22.883485832433845),4f213250-6144-4142-88b4-9e4f37d77c71,2026-02-28 14:38:23,2026-02-28 14:38:23
"1,009",福州新港干散码头,"POLYGON((119.11781608333332 25.423142444444444,119.11879777777777 25.42052616666667,119.11725013888888 25.420077972222224,119.11632577777777 25.422732361111112,119.11781608333332 25.423142444444444))",2beac6a5-072f-49fb-aa32-d471aaeeb322,POINT(119.11754986304952 25.421610137604333),b3d0fd2f-f8d9-413f-8d10-8b794f15763e,2026-02-28 14:38:23,2026-02-28 14:38:23
"1,010",芜湖富鑫钢铁码头,"POLYGON((118.06277622222223 31.199067166666666,118.066129 31.197217944444446,118.06222905555555 31.191688444444445,118.05889238888889 31.193689194444445,118.06277622222223 31.199067166666666))",06e4950d-1653-4bfd-8178-2540975f9213,POINT(118.06250616699023 31.19540347121189),9d88cc3f-da09-4a70-a2af-90a88f2edfca,2026-02-28 14:38:23,2026-02-28 14:38:23
"1,012",洋浦国际集装箱码头,"POLYGON((109.1694355 19.71363297222222,109.16163047222223 19.706587194444445,109.16481477777778 19.70328327777778,109.17287966666667 19.71043036111111,109.1694355 19.71363297222222))",99873997-58b0-4a4b-8d93-0956b5d8b00e,POINT(109.16721065937818 19.708489429957073),1ed82b50-c570-4512-a7f4-c4d1adbe45d3,2026-02-28 14:38:23,2026-02-28 14:38:23
"1,013",日升码头,"POLYGON((118.45058827777778 24.681388083333335,118.45342977777779 24.677284833333335,118.45054 24.675616722222223,118.44759494444445 24.67984777777778,118.45058827777778 24.681388083333335))",89709605-fef7-4c5f-8c27-db60efb1ca86,POINT(118.45052950602346 24.67853133504206),0536656f-d8b4-4671-9530-d82a2fafe5d9,2026-02-28 14:38:23,2026-02-28 14:38:23
"1,014",鹰舌头山码头,"POLYGON((121.95061866666667 30.11431213888889,121.94539372222222 30.11279938888889,121.94462125 30.114831861111114,121.93146394444445 30.11155955555556,121.92948750000001 30.116402972222225,121.94755719444444 30.121675305555556,121.95061866666667 30.11431213888889))",dc018e0b-7f82-455d-83f6-971373bb0df0,POINT(121.94054597064803 30.116307070479614),4083f670-b01b-4fd3-9c17-e010ffb412d8,2026-02-28 14:38:23,2026-02-28 14:38:23
"1,015",燕窝湾码头,"POLYGON((122.00398947222222 29.921259833333334,121.99911858333333 29.90556222222222,122.00984741666667 29.903218527777778,122.01948191666666 29.903590527777776,122.02040458333333 29.90853825,122.01821588888889 29.91863752777778,122.00398947222222 29.921259833333334))",2bcd7ec4-c809-4890-bf8d-25e97b4f3b1c,POINT(122.0103114239424 29.9114347308203),e86dff3d-0099-4f8f-8d65-e7bfe2567db2,2026-02-28 14:38:23,2026-02-28 14:38:23
"1,017",石浦码头,"POLYGON((121.92535469444445 29.178684750000002,121.92882011111112 29.1768815,121.92513405555556 29.172142861111112,121.92165541666667 29.174133333333334,121.92535469444445 29.178684750000002))",482ee5aa-7bed-4613-9200-d5779171d74b,POINT(121.9252388725069 29.175443743940388),07c7deb3-96e5-40c8-86d0-989126b1ecf1,2026-02-28 14:38:23,2026-02-28 14:38:23
"1,018",干散码头,"POLYGON((108.47584716666667 21.582996305555554,108.47395686111112 21.582429666666666,108.47334769444444 21.585864583333333,108.47196005555556 21.589361416666666,108.47380130555555 21.589812194444445,108.47584716666667 21.582996305555554))",6fb5a7df-319f-431d-ab52-58141fdbb4b7,POINT(108.47398110829374 21.586150970017606),5efdf805-d831-4b35-84c7-16ce9aecde2c,2026-02-28 14:38:23,2026-02-28 14:38:23
"1,021",华埠码头,"POLYGON((121.9601025 29.889613138888887,121.96037072222222 29.887376027777776,121.95733238888889 29.887048666666665,121.95719291666667 29.88943925,121.9601025 29.889613138888887))",9b0b0aa5-acc3-4654-8dce-d1473eb859da,POINT(121.95873527532633 29.888358836640823),e86dff3d-0099-4f8f-8d65-e7bfe2567db2,2026-02-28 14:38:23,2026-02-28 14:38:23
"1,022",大榭船厂修理码头,"POLYGON((121.95217491666666 29.894592499999998,121.94963991666667 29.89563888888889,121.94422725 29.89484472222222,121.9440395 29.892542638888887,121.94699530555556 29.89292863888889,121.95217491666666 29.894592499999998))",b48e2140-c3b7-4a50-ae8b-4ffaaf0aa970,POINT(121.94740217207628 29.894202660218596),e86dff3d-0099-4f8f-8d65-e7bfe2567db2,2026-02-28 14:38:23,2026-02-28 14:38:23
"1,023",修理码头,"POLYGON((121.94766811111111 29.891061666666666,121.94825283333334 29.88932688888889,121.94992652777778 29.889685027777777,121.95197194444445 29.887819999999998,121.9572836388889 29.886620805555555,121.95694341666668 29.893667722222222,121.95029669444445 29.89321483333333,121.94766811111111 29.891061666666666))",272b4145-7dfc-4d93-8d6f-51037b8d8b2b,POINT(121.95330528470704 29.890507049403496),e86dff3d-0099-4f8f-8d65-e7bfe2567db2,2026-02-28 14:38:23,2026-02-28 14:38:23
"1,024",揭阳干散码头,"POLYGON((116.40776344444446 23.517683166666664,116.40409955555556 23.517501166666666,116.39988847222223 23.515272916666667,116.40116522222223 23.51364475,116.40464672222222 23.515951722222223,116.40784391666668 23.516030416666666,116.40776344444446 23.517683166666664))",b98c7c12-6b23-4cf8-b2e6-ac83ee62f9d4,POINT(116.40387109494634 23.516067820114984),62bd80bb-a41f-4914-a9db-d452f310b04f,2026-02-28 14:38:23,2026-02-28 14:38:23
"1,025",干散码头,"POLYGON((113.53614766666666 23.010267777777777,113.54000041666667 23.002291805555554,113.53054830555556 22.998854972222222,113.52721055555556 23.007305166666665,113.53614766666666 23.010267777777777))",b6bc71b9-89c3-4b84-b398-0f400ac37fb1,POINT(113.53347328567504 23.004624942090647),0e07092d-d78a-447e-a652-23ceecf1c230,2026-02-28 14:38:23,2026-02-28 14:38:23
"1,027",修理码头,"POLYGON((119.73728691666666 26.739132944444446,119.74678194444445 26.734380416666667,119.74364913888888 26.72957975,119.73402952777778 26.734373916666666,119.73728691666666 26.739132944444446))",abaf3236-5eea-4b2a-826a-d5208c3625e4,POINT(119.74043112724519 26.734363278812072),95bd81b0-6088-433b-9bab-7232f3f40d1e,2026-02-28 14:38:23,2026-02-28 14:38:23
"1,029",上海干散码头,"POLYGON((121.45660436111112 31.0088605,121.45645416666667 31.0063225,121.44781844444445 31.006659055555556,121.44774333333334 31.006070527777776,121.4447531388889 31.00607972222222,121.43990372222223 31.00539002777778,121.43969986111111 31.008332666666668,121.45660436111112 31.0088605))",33a64bfb-4fc1-48c4-a9b7-e8b35d702393,POINT(121.4478752578785 31.007376590072067),02c24555-7846-427a-bcf3-a04472331270,2026-02-28 14:38:23,2026-02-28 14:38:23
"1,030",区块装运码头,"POLYGON((121.12708247222221 37.639191,121.13098774999999 37.61254316666667,121.15934008333333 37.6127355,121.15879691666667 37.63881716666667,121.12708247222221 37.639191))",f54dca16-8908-45c8-9029-6be296b01d90,POINT(121.14397855099125 37.62606438744229),42edba99-e8ed-4369-b369-0e7729a7d323,2026-02-28 14:38:23,2026-02-28 14:38:23
"1,031",永安码头,"POLYGON((106.35602022222221 18.10753838888889,106.40717530555555 18.09375086111111,106.42125152777778 18.13584433333333,106.36923813888889 18.149465444444445,106.35602022222221 18.10753838888889))",c7ddb74e-1bb6-4ef5-badc-b55cc8c95a38,POINT(106.3884747753778 18.121690131344067),85cc61a1-cb81-464a-b14a-601fe5e39747,2026-02-28 14:38:24,2026-02-28 14:38:24
"1,032",山阳码头,"POLYGON((106.41910933333334 18.075356166666666,106.43455886111111 18.04622436111111,106.47524261111111 18.064503694444443,106.4585056388889 18.093714027777775,106.41910933333334 18.075356166666666))",6c5428f0-cbad-43cc-aaff-eea361f12374,POINT(106.44694835108918 18.069917144453612),c46d4ca2-095e-46f2-8ec1-c0aa30a7657b,2026-02-28 14:38:24,2026-02-28 14:38:24
"1,033",青峙石场码头,"POLYGON((121.78926197222222 29.965456749999998,121.79383669444444 29.963876499999998,121.79854122222223 29.969343416666664,121.79261888888888 29.97153683333333,121.78926197222222 29.965456749999998))",59e216a3-87d2-4687-be3a-6194ae96b5db,POINT(121.79364774118208 29.967686294702748),e86dff3d-0099-4f8f-8d65-e7bfe2567db2,2026-02-28 14:38:24,2026-02-28 14:38:24
"1,034",宜山码头,"POLYGON((105.78836266666667 19.31828572222222,105.82114997222222 19.326486555555555,105.831278 19.293680722222224,105.79741777777778 19.284526305555556,105.78836266666667 19.31828572222222))",869f4f25-05d5-4b7c-b438-678c6b4c7085,POINT(105.80952984850327 19.305626859123834),e86e9592-9f36-4d21-92e9-94eb12a81f69,2026-02-28 14:38:24,2026-02-28 14:38:24
"1,035",芜湖海螺物流码头,"POLYGON((118.34881227777777 31.42177777777778,118.35168491666666 31.421748027777777,118.35158030555554 31.41859163888889,118.34866205555555 31.418646555555558,118.34881227777777 31.42177777777778))",66ee64f6-d3af-4036-9927-e749ad86ced7,POINT(118.3501865972324 31.420186755776626),9d88cc3f-da09-4a70-a2af-90a88f2edfca,2026-02-28 14:38:24,2026-02-28 14:38:24
"1,036",深港宝安港一期货运码头,"POLYGON((113.74530166666666 22.686862333333334,113.75615925 22.692049166666667,113.77121672222222 22.669860194444446,113.75873416666667 22.663063777777776,113.74530166666666 22.686862333333334))",73a68652-98d6-475a-8af9-de1a96cdb3f8,POINT(113.75803043321788 22.67761945372948),e7ad8769-bd8b-4da5-97fa-aee39d01cce4,2026-02-28 14:38:24,2026-02-28 14:38:24
"1,037",张家埠新港码头,"POLYGON((122.03466461111111 36.872182361111115,122.04863027777778 36.84871463888889,122.07755519444444 36.848989361111116,122.05841497222222 36.881057750000004,122.03466461111111 36.872182361111115))",83533ce9-ea6d-4a98-a7f9-0afab78e4ed9,POINT(122.05549891522044 36.86285043003663),1d053059-4853-4cb3-9c11-ef425aaa7f34,2026-02-28 14:38:24,2026-02-28 14:38:24
"1,038",纳霍德卡煤炭码头,"POLYGON((132.8799818888889 42.82307494444445,132.91843402777778 42.82263427777778,132.91774738888887 42.79146444444444,132.8556059722222 42.777102138888885,132.85680758333334 42.806767944444445,132.8799818888889 42.82307494444445))",3dd51abd-df73-45de-93bc-a4df6e1801ee,POINT(132.88708374929283 42.80215327464815),17974ec4-67f5-4ac3-8158-4243fc24b905,2026-02-28 14:38:24,2026-02-28 14:38:24
"1,044",渔湖港口码头,"POLYGON((116.40912108333333 23.516602694444444,116.41121322222223 23.514320333333334,116.40987211111111 23.513410305555556,116.40785508333335 23.51568286111111,116.40912108333333 23.516602694444444))",28825b32-f014-4505-a388-692f31ebfa4b,POINT(116.40952253023642 23.514999422957228),62bd80bb-a41f-4914-a9db-d452f310b04f,2026-02-28 14:38:24,2026-02-28 14:38:24
"1,046",平泽煤炭码头,"POLYGON((126.65854486111111 36.99991377777778,126.79038080555556 36.9590485,126.8023971111111 36.98483183333333,126.66953119444445 37.02376458333333,126.65854486111111 36.99991377777778))",aa1a2ba0-bb93-47c8-b44e-f2a676cb3c9f,POINT(126.73108899779841 36.99162784001705),d383e97f-b6b2-4627-bb9d-592c7631da45,2026-02-28 14:38:24,2026-02-28 14:38:24
"1,047",汕尾干散码头,"POLYGON((115.51573255555556 22.687633166666668,115.51770666666667 22.68188191666667,115.51153758333334 22.679981277777777,115.50962783333334 22.686138444444445,115.51573255555556 22.687633166666668))",a6398976-06be-44b3-ade2-e97be9c0136f,POINT(115.51362534217185 22.683885651747744),0dadff92-c9e8-4adf-9a30-16c421fc3cff,2026-02-28 14:38:24,2026-02-28 14:38:24
"1,049",新开河码头,"POLYGON((119.63071502777777 39.920211333333334,119.62158838888888 39.923897527777775,119.62507883333333 39.934406527777774,119.61901344444443 39.93605183333333,119.61366333333332 39.92172533333333,119.62756791666666 39.916042166666664,119.63071502777777 39.920211333333334))",cffab3dc-f9e8-409b-a591-f13006ac05b9,POINT(119.62113516982633 39.92532012644728),1d811671-a073-43d2-8556-b0d8b015dc5a,2026-02-28 14:38:24,2026-02-28 14:38:24
"1,051",台州干散码头,"POLYGON((121.47949144444445 28.697012694444446,121.49119302777778 28.69718836111111,121.49133608333334 28.688805972222223,121.47966311111111 28.68875577777778,121.47949144444445 28.697012694444446))",5cfe20f8-abff-4ca1-a350-6dffc0624115,POINT(121.48543553526648 28.69294268067499),86cd0af1-a74c-4ce7-8c28-07737f48d569,2026-02-28 14:38:24,2026-02-28 14:38:24
"1,055",珠海分公司北区货运码头,"POLYGON((113.13843180555556 21.977194166666663,113.16200216666667 21.996719583333334,113.11509027777777 22.054219055555556,113.08797291666666 22.032792083333334,113.13843180555556 21.977194166666663))",76862987-c660-467a-a4e2-d80be0ad3ff8,POINT(113.1253636125163 22.01578255561741),d5009240-462b-4d8f-9810-b9251de0dad2,2026-02-28 14:38:24,2026-02-28 14:38:24
"1,056",连云港干散码头,"POLYGON((119.59734147222221 34.229426305555556,119.60797016666666 34.23420441666667,119.61047525 34.23069733333333,119.5997791111111 34.22566180555556,119.59734147222221 34.229426305555556))",92fb3386-a9a4-4d78-9f42-feb6ba178002,POINT(119.60385292524619 34.2299728247123),8af0eeaf-bc33-459b-b7b8-17b7c8e16fb7,2026-02-28 14:38:24,2026-02-28 14:38:24
"1,057",陈家港干散码头,"POLYGON((119.80064472222222 34.38996644444445,119.79726219444444 34.388774194444444,119.79501672222221 34.392811333333334,119.79844213888889 34.39403305555555,119.80064472222222 34.38996644444445))",11efecb8-9010-4b1d-9be5-5661605f32f0,POINT(119.79783958837206 34.39140145783917),1ed4176e-9813-4cc3-8ea5-bccffc768ed2,2026-02-28 14:38:24,2026-02-28 14:38:24
"1,058",姬路码头,"POLYGON((134.58536158333334 34.79260222222222,134.67804116666665 34.789688777777776,134.67518066666665 34.73741722222222,134.58272994444445 34.739862305555555,134.58536158333334 34.79260222222222))",3f96df62-8a7f-4a02-83fc-5f01247e3e27,POINT(134.6302612331819 34.764906550289346),20066621-db96-4efc-83f1-e9886da72f28,2026-02-28 14:38:24,2026-02-28 14:38:24
"1,062",通用码头,"POLYGON((121.68340183333333 31.38295338888889,121.68795 31.379997972222224,121.68192869444445 31.372987666666667,121.67722319444445 31.376150916666667,121.68340183333333 31.38295338888889))",ff816f37-0609-435c-8d1e-f5fd38e178a7,POINT(121.68260594447972 31.37799329671001),9e7dc9e5-5986-4b0f-8a53-62023a7c9b0e,2026-02-28 14:38:24,2026-02-28 14:38:24
"1,067",江苏长宏国际码头,"POLYGON((120.16298630555556 31.92761411111111,120.17096702777778 31.926630694444444,120.17008030555556 31.92264836111111,120.1717616388889 31.911134277777776,120.15930655555556 31.91217772222222,120.16298630555556 31.92761411111111))",413c7422-e2bd-4717-a3d4-bad7e71bb599,POINT(120.16591617529957 31.918758253870024),a8554a58-1976-424e-95b2-24091881d1dc,2026-02-28 14:38:25,2026-02-28 14:38:25
"1,068",佛山干散码头,"POLYGON((113.02834797222222 22.80757238888889,113.02856249999999 22.805225166666666,113.03286752777778 22.805647166666667,113.03256716666667 22.808086666666668,113.02834797222222 22.80757238888889))",1c5fc78b-49f7-4a36-b3d4-fe75163ba670,POINT(113.03060158619347 22.8066309750239),4f213250-6144-4142-88b4-9e4f37d77c71,2026-02-28 14:38:25,2026-02-28 14:38:25
"1,069",上海外高桥造船和海洋工程,"POLYGON((121.78365444444444 30.850609083333335,121.81117227777777 30.849086222222223,121.80951319444443 30.8272725,121.78182375 30.828599166666667,121.78365444444444 30.850609083333335))",6cdbebbb-2b23-4673-bba5-70e721ca9ae7,POINT(121.79651866007121 30.838882573221504),9db00cdd-2fde-47f8-90f1-9b36b55cdc58,2026-02-28 14:38:25,2026-02-28 14:38:25
"1,070",温州大麦屿码头,"POLYGON((121.13312719444444 28.091730055555555,121.13867652777779 28.093799694444442,121.13481486111112 28.10110613888889,121.12968030555555 28.09932688888889,121.13312719444444 28.091730055555555))",d5386c28-df72-4339-a623-14c29103b74b,POINT(121.13409455929595 28.09643307136098),88121609-71c6-4652-b18d-8046dd3b127c,2026-02-28 14:38:25,2026-02-28 14:38:25
"1,072",陈家港作业区码头,"POLYGON((119.80070788888888 34.38990577777778,119.80419766666667 34.383342138888885,119.80045044444444 34.38242127777778,119.79726099999999 34.38872530555555,119.80070788888888 34.38990577777778))",551840b8-347f-418c-9404-888bb13e0f46,POINT(119.80067942596516 34.38608129888702),1ed4176e-9813-4cc3-8ea5-bccffc768ed2,2026-02-28 14:38:25,2026-02-28 14:38:25
"1,073",恒成船业有限公司码头,"POLYGON((119.79380702777777 34.38675491666667,119.79626702777777 34.38252858333333,119.79925625 34.38375636111111,119.7966961111111 34.38786458333333,119.79380702777777 34.38675491666667))",2e6f9e9d-3553-4dbb-a7d6-a368e4cd1938,POINT(119.79651272599247 34.38520830787726),1ed4176e-9813-4cc3-8ea5-bccffc768ed2,2026-02-28 14:38:25,2026-02-28 14:38:25
"1,074",兴鑫钢铁厂码头,"POLYGON((119.78790316666667 34.39300597222222,119.79332377777777 34.387776555555554,119.79598402777778 34.38942922222222,119.79006283333334 34.394812,119.78790316666667 34.39300597222222))",4fe47e8e-a833-4222-ab05-9d89317d6146,POINT(119.79186679565929 34.39122885544369),1ed4176e-9813-4cc3-8ea5-bccffc768ed2,2026-02-28 14:38:25,2026-02-28 14:38:25
"1,076",陈家港干散码头,"POLYGON((119.74594394444445 34.34827752777778,119.74464241666666 34.343234305555555,119.74734558333333 34.34266736111111,119.74867569444444 34.3477815,119.74594394444445 34.34827752777778))",4310cf44-fef6-4e1c-83a3-2202ce5f32d7,POINT(119.7466555486941 34.34549105198502),1ed4176e-9813-4cc3-8ea5-bccffc768ed2,2026-02-28 14:38:25,2026-02-28 14:38:25
"1,078",启威码头,"POLYGON((120.21886919444445 31.944381027777776,120.21836144444444 31.94109747222222,120.23264922222222 31.94107622222222,120.23247761111111 31.944887833333333,120.21886919444445 31.944381027777776))",2b57ce31-5336-48e6-b364-919bd73c949b,POINT(120.22576569428148 31.942848778590818),dc4b11ec-ea0a-4b72-a085-36841f3b32ed,2026-02-28 14:38:26,2026-02-28 14:38:26
"1,079",上海青祁物流,"POLYGON((121.46777519444444 31.06669338888889,121.47224111111112 31.067673638888888,121.47000852777778 31.075120055555555,121.46568919444445 31.074225638888887,121.46777519444444 31.06669338888889))",f3d0835c-b8ba-4335-9bf2-355cae8d137d,POINT(121.46893260673332 31.070904712503594),02c24555-7846-427a-bcf3-a04472331270,2026-02-28 14:38:26,2026-02-28 14:38:26
"1,080",洋山码头,"POLYGON((122.06468722222222 30.656502194444442,122.05530486111111 30.643457277777777,122.10578899999999 30.62077475,122.11431325 30.634659694444444,122.06468722222222 30.656502194444442))",5c5e8362-e36b-4c38-a25c-eb699442593f,POINT(122.08511687510895 30.638775229288136),8bd6e5b6-3acd-4583-bea6-b748c9d129d1,2026-02-28 14:38:26,2026-02-28 14:38:26
"1,081",荷塘集装箱码头,"POLYGON((113.14658394444444 22.62496272222222,113.15045988888889 22.621945555555556,113.14902963888889 22.62036761111111,113.14506788888889 22.623206555555555,113.14658394444444 22.62496272222222))",4b5caff7-fb50-4f8f-9c8f-d71d21c703bb,POINT(113.14775809963739 22.622643505837836),2045f201-4efc-416f-9680-55b950866b8c,2026-02-28 14:38:26,2026-02-28 14:38:26
"1,082",珠江钢铁码头,"POLYGON((113.49248294444445 23.075399583333333,113.4938988611111 23.069582555555556,113.49055211111111 23.069174555555556,113.48945083333334 23.07486,113.49248294444445 23.075399583333333))",45e9613f-ded5-4308-946d-b8f0c66fb3b0,POINT(113.4916132728837 23.07221375852902),9aa3b61c-9bc3-46e2-a316-9154617154ad,2026-02-28 14:38:26,2026-02-28 14:38:26
"1,083",高雄码头,"POLYGON((120.27153033333333 22.643163083333334,120.36838205555554 22.53318272222222,120.31156213888889 22.49306213888889,120.220208 22.61143902777778,120.27153033333333 22.643163083333334))",12614135-f8fb-4278-bb8d-bd0c34d2a8fc,POINT(120.29396339546909 22.568719352919793),d3479b5c-69cd-4f16-854e-afa4f8ee0021,2026-02-28 14:38:26,2026-02-28 14:38:26
"1,085",漳湾作业区,"POLYGON((119.65691144444445 26.73260147222222,119.66074447222223 26.724488444444443,119.65612480555556 26.723287416666665,119.65240616666667 26.731541055555553,119.65691144444445 26.73260147222222))",d178c374-db38-441f-ba8e-7c7b5cae9a5f,POINT(119.65655313623363 26.7279543920104),95bd81b0-6088-433b-9bab-7232f3f40d1e,2026-02-28 14:38:26,2026-02-28 14:38:26
"1,086",天津港太平洋国际集装箱码头,"POLYGON((117.78669452777777 38.98756158333333,117.79275875 38.98828430555556,117.78579330555556 39.01114538888889,117.77978630555556 39.01027838888889,117.78669452777777 38.98756158333333))",be0461ec-e2c2-4723-af54-defaab3a523b,POINT(117.78626266888877 38.999313815963106),975e3c8d-c089-4058-b7ad-24fc69898e3d,2026-02-28 14:38:26,2026-02-28 14:38:26
"1,087",台中码头,"POLYGON((120.49133538888888 24.31776811111111,120.55243525 24.2946145,120.50483686111112 24.197364888888888,120.44373697222223 24.221579916666666,120.49133538888888 24.31776811111111))",e065fbbf-783d-4d14-9466-f9e1fb30590d,POINT(120.4981045632558 24.257755794588217),497c61e9-36d5-433f-8e13-c02ae15e3e42,2026-02-28 14:38:26,2026-02-28 14:38:26
"1,088",铁山神华国华电厂,"POLYGON((109.587059 21.552178083333335,109.60101813888889 21.554785805555557,109.60505141666665 21.53711625,109.60084652777778 21.526258,109.58288269444444 21.532166277777776,109.587059 21.552178083333335))",1e2f4e86-7128-4b78-b4d7-e56846deb432,POINT(109.59451454608771 21.540530290856797),7669d001-ddcf-4afe-bad2-7fc3cb072d94,2026-02-28 14:38:26,2026-02-28 14:38:26
"1,090",江门修理码头,"POLYGON((113.07242083333333 22.30754288888889,113.08094505555555 22.307039972222224,113.078199 22.291104833333335,113.0699036111111 22.29171366666667,113.07242083333333 22.30754288888889))",ce1cd28b-c396-408d-b203-652a734d0837,POINT(113.07537785820475 22.299382882073125),2045f201-4efc-416f-9680-55b950866b8c,2026-02-28 14:38:26,2026-02-28 14:38:26
"1,091",马鞍山人头矶码头,"POLYGON((118.45182997222223 31.724373055555553,118.45878094444444 31.721744805555552,118.45017088888889 31.70680133333333,118.44281944444445 31.710014138888887,118.45182997222223 31.724373055555553))",acda49b1-b887-48ba-91c7-2afd961cf13a,POINT(118.45085207829321 31.715624644600688),ea95431a-4af9-467b-a236-3a1042e9bac3,2026-02-28 14:38:26,2026-02-28 14:38:26
"1,092",上海通用码头,"POLYGON((121.47707586111112 31.030154,121.48102333333334 31.030815916666665,121.4760175 31.0544705,121.47186977777778 31.053637166666668,121.47707586111112 31.030154))",d5e0026c-3591-4a46-8ad1-8a5f7a828191,POINT(121.47647447327398 31.042380495525563),02c24555-7846-427a-bcf3-a04472331270,2026-02-28 14:38:26,2026-02-28 14:38:26
"1,093",达娒拉煤炭码头,"POLYGON((86.96857444444444 20.835199555555555,86.96090836111111 20.80958136111111,86.97463866666666 20.805355833333333,86.98304847222222 20.831669944444446,86.96857444444444 20.835199555555555))",d23ae104-12a4-4c11-bb6f-2bc6e2cc3f45,POINT(86.97185316558615 20.82051605141831),562c866d-d412-4e8b-a58e-a9ecd8f4ceb9,2026-02-28 14:38:26,2026-02-28 14:38:26
"1,094",天津港集装箱码头,"POLYGON((117.76729508333334 38.97532986111111,117.78846263888889 38.97163763888889,117.79255313888889 38.978287972222226,117.78162608333334 38.98560486111111,117.78071075 38.98682797222222,117.76660858333334 38.98253586111111,117.76729508333334 38.97532986111111))",63a8b4f4-5db1-45e6-b658-8fb8cda1c9f9,POINT(117.77912907647342 38.97883239977427),975e3c8d-c089-4058-b7ad-24fc69898e3d,2026-02-28 14:38:26,2026-02-28 14:38:26
"1,095",佛山中外运,"POLYGON((113.02117855555555 22.814604694444444,113.02149322222222 22.81166425,113.03103291666666 22.812521333333333,113.03061813888888 22.815606833333334,113.02117855555555 22.814604694444444))",d1d1ab4d-921b-4a2a-94d6-cb503735a9a8,POINT(113.02612113945797 22.813601054238596),4f213250-6144-4142-88b4-9e4f37d77c71,2026-02-28 14:38:26,2026-02-28 14:38:26
"1,096",梅山滚装杂货码头,"POLYGON((113.5485146111111 22.86245336111111,113.55300555555556 22.85798488888889,113.55560861111111 22.860107111111112,113.55083161111111 22.864496444444445,113.5485146111111 22.86245336111111))",829aec76-3fba-413e-a937-0205eaebca0b,POINT(113.55202480312968 22.861234493843188),e86dff3d-0099-4f8f-8d65-e7bfe2567db2,2026-02-28 14:38:26,2026-02-28 14:38:26
"1,097",霍尔迪亚码头,"POLYGON((88.10465549999999 22.031050444444443,88.07828186111111 22.01731197222222,88.07261811111111 22.0286105,88.08634841666667 22.046458222222224,88.09444358333333 22.045026222222223,88.10465549999999 22.031050444444443))",a6b62e91-4bad-431d-9d7a-01d1560b87f6,POINT(88.08758390485876 22.03229983204252),ff356002-09ec-468e-82eb-978322b15aac,2026-02-28 14:38:26,2026-02-28 14:38:26
"1,098",宁波冠保码头,"POLYGON((121.77907133333333 29.977169194444443,121.77513816666666 29.970465277777777,121.76843036111111 29.97299322222222,121.77257805555556 29.979833277777775,121.77907133333333 29.977169194444443))",4f3ea334-fe08-4e80-8301-a53a47054cd2,POINT(121.77378446490735 29.97511171769005),e86dff3d-0099-4f8f-8d65-e7bfe2567db2,2026-02-28 14:38:26,2026-02-28 14:38:26
"1,099",码头,"POLYGON((118.35273761111111 39.03948180555555,118.36034649999999 39.005207666666664,118.37470608333332 39.006941777777776,118.37178841666666 39.04561472222222,118.35273761111111 39.03948180555555))",93c1985f-b56d-43b3-893e-f73e50f36cfb,POINT(118.3648810090884 39.0252773284312),3b6f833a-28fd-48d0-9515-b33f65b66959,2026-02-28 14:38:27,2026-02-28 14:38:27
"1,100",太重码头,"POLYGON((117.82096427777778 38.931476499999995,117.81265116666667 38.91361927777778,117.82555438888889 38.91007961111111,117.83388230555555 38.92790422222222,117.82096427777778 38.931476499999995))",5d83ba08-6462-43b0-aa44-d5a4292590ac,POINT(117.82326293837387 38.920773385679325),975e3c8d-c089-4058-b7ad-24fc69898e3d,2026-02-28 14:38:27,2026-02-28 14:38:27
"1,101",海委码头,"POLYGON((117.72598397222222 38.96889763888889,117.73673941666667 38.96452997222222,117.74691433333334 38.96269930555556,117.74582713888888 38.95867266666667,117.73472238888888 38.960870500000006,117.72313725000001 38.96609483333334,117.72598397222222 38.96889763888889))",7b9771cc-8036-4089-869a-4a35c9b3aae4,POINT(117.73543605511296 38.963408561633074),975e3c8d-c089-4058-b7ad-24fc69898e3d,2026-02-28 14:38:27,2026-02-28 14:38:27
"1,102",大连大孤山铁矿石码头,"POLYGON((121.86352141666666 38.94562352777778,121.86729955555555 38.941382749999995,121.88510941666668 38.95026936111111,121.8779211111111 38.95675630555556,121.86352141666666 38.94562352777778))",c104e6ca-ffb5-40fb-8b77-2d524d245c58,POINT(121.87415013940253 38.94890422592958),d4a88f43-1504-4c1a-abd9-5c1548ceb8d8,2026-02-28 14:38:27,2026-02-28 14:38:27
"1,103",大连修理码头,"POLYGON((121.59633774999999 38.94794133333333,121.61583738888888 38.95052791666667,121.62104088888888 38.935403361111106,121.6006561111111 38.93093838888888,121.59633774999999 38.94794133333333))",52a8eab1-6566-4eca-b150-03baee38e830,POINT(121.60832602496342 38.94108085666611),d4a88f43-1504-4c1a-abd9-5c1548ceb8d8,2026-02-28 14:38:27,2026-02-28 14:38:27
"1,104",日照港裕廊码头,"POLYGON((119.54668091666666 35.3702305,119.55303775 35.37726188888889,119.53394044444444 35.37904425,119.53093636111112 35.370011805555556,119.54236258333333 35.367474666666666,119.54668091666666 35.3702305))",3aa82b14-0443-487f-854f-9b09073970da,POINT(119.54080196995811 35.37366651498434),bedfd077-e582-4f9e-b7c7-d05fd887830f,2026-02-28 14:38:27,2026-02-28 14:38:27
"1,105",东枣外码头,"POLYGON((121.5342283611111 32.161084027777775,121.5511531111111 32.15384041666667,121.55691986111111 32.16308216666666,121.54015605555556 32.16962122222222,121.5342283611111 32.161084027777775))",3829f8e1-a7a6-49a3-96c0-926c0b34fc6a,POINT(121.5456795847484 32.16185280895256),f926321d-7524-4731-9f52-8538fa2c8f5a,2026-02-28 14:38:27,2026-02-28 14:38:27
"1,106",吕四西港池,"POLYGON((121.6291616111111 32.10104880555556,121.7207858888889 32.066869555555556,121.70276144444445 32.03958972222222,121.61800363888888 32.07687013888889,121.6291616111111 32.10104880555556))",b9a887c5-c1f9-49ee-95ba-6d557d19a128,POINT(121.6691018803897 32.07064192249861),f926321d-7524-4731-9f52-8538fa2c8f5a,2026-02-28 14:38:27,2026-02-28 14:38:27
"1,107",大丰粮食码头,"POLYGON((120.79473327777778 33.29437294444444,120.80750058333334 33.26872122222222,120.85502933333333 33.282714,120.84065269444444 33.30934791666667,120.79473327777778 33.29437294444444))",95b854fe-6fd9-4f03-8222-e904d9a35eba,POINT(120.82469190573286 33.28880376525167),a2405236-c6ad-4306-b914-864a1a1e4a1e,2026-02-28 14:38:27,2026-02-28 14:38:27
"1,108",华丰船厂,"POLYGON((122.06336991666666 30.300287416666666,122.1028428611111 30.283769083333336,122.09356241666666 30.271214527777776,122.0553856111111 30.28846813888889,122.06336991666666 30.300287416666666))",4dfb2d79-ef4c-4ca1-ba2e-6246e2d4fca5,POINT(122.07906482485274 30.285835631297893),4083f670-b01b-4fd3-9c17-e010ffb412d8,2026-02-28 14:38:27,2026-02-28 14:38:27
"1,109",舟山修理码头,"POLYGON((122.04946327777778 30.00419397222222,122.05231983333333 29.99947863888889,122.04061197222222 29.994217194444445,122.03771519444444 29.999374111111113,122.04946327777778 30.00419397222222))",85552f25-89d9-4f88-87a3-de1505779ed0,POINT(122.04495846271818 29.99927866195772),4083f670-b01b-4fd3-9c17-e010ffb412d8,2026-02-28 14:38:27,2026-02-28 14:38:27
"1,110",舟山修理码头,"POLYGON((122.21604538888889 29.771409916666666,122.23012697222222 29.756974083333333,122.22387744444444 29.752340194444443,122.20952761111111 29.76759161111111,122.21604538888889 29.771409916666666))",e8492c8c-6bc9-462b-b1a8-2424a67d1bcd,POINT(122.21993081345772 29.762003715907483),4083f670-b01b-4fd3-9c17-e010ffb412d8,2026-02-28 14:38:27,2026-02-28 14:38:27
"1,111",台州修理码头,"POLYGON((121.64314177777779 29.05213722222222,121.64782222222223 29.046099361111114,121.63819311111112 29.03977977777778,121.63498786111111 29.043860000000002,121.64314177777779 29.05213722222222))",ab85cc1f-da2e-45fa-84ca-e95300102ee1,POINT(121.64131812071642 29.04570285888044),86cd0af1-a74c-4ce7-8c28-07737f48d569,2026-02-28 14:38:27,2026-02-28 14:38:27
"1,112",台州干散码头,"POLYGON((121.59446986111111 29.114611638888892,121.60793455555554 29.108917222222225,121.61246747222222 29.117072083333333,121.59830541666666 29.122203666666667,121.59446986111111 29.114611638888892))",8b0c06a2-219e-4ecb-895a-f1e654d2a308,POINT(121.60340381792632 29.115677163191005),86cd0af1-a74c-4ce7-8c28-07737f48d569,2026-02-28 14:38:27,2026-02-28 14:38:27
"1,113",宁德干散码头,"POLYGON((120.27193730555555 27.041245444444446,120.29543344444444 27.048746611111113,120.30348008333333 27.029060916666666,120.2801985 27.02179738888889,120.27193730555555 27.041245444444446))",f5ad948c-76f2-4c99-872d-e48f3da2a022,POINT(120.28776924022831 27.03523663213031),95bd81b0-6088-433b-9bab-7232f3f40d1e,2026-02-28 14:38:27,2026-02-28 14:38:27
"1,114",罗源湾码头,"POLYGON((119.65393177777779 26.272834777777778,119.66428511111111 26.27159611111111,119.66353408333335 26.266617333333333,119.65306005555556 26.26781997222222,119.65393177777779 26.272834777777778))",cb440a0b-46df-4725-8307-82f99c1b73a3,POINT(119.65869347391043 26.26971354459366),f27a2780-6a2c-4635-8ef5-671668ce8ae6,2026-02-28 14:38:27,2026-02-28 14:38:27
"1,115",福州干散码头,"POLYGON((119.50204872222223 26.033742694444445,119.49751580555555 26.029308083333333,119.49988955555555 26.027223305555555,119.50469072222222 26.031995388888888,119.50204872222223 26.033742694444445))",53f019bf-9521-4e6c-bd99-08260e7d9e25,POINT(119.50104362083198 26.03055039682907),690292cd-7bf9-4245-b3e0-e129de08f901,2026-02-28 14:38:27,2026-02-28 14:38:27
"1,116",台泥水泥码头,"POLYGON((119.48690977777778 26.010463722222223,119.49322638888889 26.00822188888889,119.49077216666667 26.0031475,119.48433486111111 26.00546175,119.48690977777778 26.010463722222223))",4799718f-6093-40ae-bafe-57a47f9245be,POINT(119.48880904767364 26.006814014824474),690292cd-7bf9-4245-b3e0-e129de08f901,2026-02-28 14:38:27,2026-02-28 14:38:27
"1,117",福州修理码头,"POLYGON((119.69963530555556 25.623329333333334,119.70891575 25.61728311111111,119.70376591666667 25.61024491666667,119.69263475000001 25.61462266666667,119.69963530555556 25.623329333333334))",e9013acd-d9a7-4d12-acb1-4f1e07c82eae,POINT(119.70101535499906 25.61644747379621),690292cd-7bf9-4245-b3e0-e129de08f901,2026-02-28 14:38:27,2026-02-28 14:38:27
"1,118",福州干散码头,"POLYGON((119.63547666666668 25.347520222222222,119.64714427777778 25.35193180555556,119.65014836111112 25.34560525,119.63802477777779 25.341363138888887,119.63547666666668 25.347520222222222))",858f6580-d9af-4dc1-ad4c-5a91074852cc,POINT(119.6427507312603 25.346607452749705),690292cd-7bf9-4245-b3e0-e129de08f901,2026-02-28 14:38:27,2026-02-28 14:38:27
"1,119",石湖山码头_海沧,"POLYGON((117.99685391666667 24.450135694444445,118.00250666666666 24.44890263888889,118.0012125 24.444251138888887,117.99545916666666 24.445539166666666,117.99685391666667 24.450135694444445))",ff864159-5d8f-4851-a8f4-4f653e0fb57d,POINT(117.99900907261997 24.44719906044519),a58be882-85bc-4547-b7b9-ca39f53ae2be,2026-02-28 14:38:27,2026-02-28 14:38:27
"1,120",潮州虎屿码头,"POLYGON((117.11768916666666 23.570303694444444,117.11771599999999 23.556781611111113,117.13633052777779 23.55700288888889,117.13611594444446 23.570229916666666,117.11768916666666 23.570303694444444))",956b5430-121b-4e0a-bbb5-629b2847b7a4,POINT(117.12692905201396 23.563567934177502),1d675030-d3bc-430c-8736-28b096aeaf21,2026-02-28 14:38:27,2026-02-28 14:38:27
"1,121",深圳海螺水泥码头,"POLYGON((114.39485541666667 22.614528500000002,114.40396152777778 22.614491361111114,114.40394811111112 22.606654666666667,114.39473000000001 22.60662988888889,114.39485541666667 22.614528500000002))",de6f8e14-86fc-44be-ad99-1a57b6551a7c,POINT(114.39936767757716 22.610568132680893),e7ad8769-bd8b-4da5-97fa-aee39d01cce4,2026-02-28 14:38:27,2026-02-28 14:38:27
"1,122",江门南洋船舶工程_舾装码头,"POLYGON((113.08903280555555 22.216948666666664,113.09579197222222 22.22074772222222,113.10558202777777 22.206618694444444,113.09847416666666 22.20229775,113.08903280555555 22.216948666666664))",f2b2c565-f2a5-42ee-9d95-ad877844e118,POINT(113.09726900791532 22.211561140890314),2045f201-4efc-416f-9680-55b950866b8c,2026-02-28 14:38:27,2026-02-28 14:38:27
"1,123",阳江港码头,"POLYGON((111.80614505555555 21.714752166666667,111.80994038888889 21.71380525,111.81384299999999 21.708111166666665,111.81015494444445 21.706005416666667,111.8052465 21.714341,111.80614505555555 21.714752166666667))",31b25407-9b5f-49ec-a2e3-4584024582f9,POINT(111.80962892839545 21.71059646686913),c4e064d9-b8bd-413c-9142-dfcfee53f8ed,2026-02-28 14:38:27,2026-02-28 14:38:27
"1,124",中石化茂名石化公司,"POLYGON((111.0746095 21.480878388888886,111.07011133333333 21.475564694444444,111.08541891666667 21.46468725,111.08957633333333 21.47007888888889,111.0746095 21.480878388888886))",66998be0-2e6f-45cc-9fff-95c65efdfd76,POINT(111.07989814580597 21.47281251444497),492db0ef-c198-445a-8f95-be5bdd7eb512,2026-02-28 14:38:27,2026-02-28 14:38:27
"1,125",南山锚地,"POLYGON((109.1172616111111 18.323158555555555,109.12681027777776 18.317607694444444,109.13040444444444 18.311089055555556,109.13029716666667 18.300342944444445,109.12241147222221 18.291939111111112,109.10701558333332 18.290563916666667,109.09719869444444 18.30095411111111,109.09816430555556 18.313431722222223,109.1091613611111 18.322343749999998,109.1172616111111 18.323158555555555))",8cde442c-87ad-4a90-8227-bf9056c8fc12,POINT(109.11406058483625 18.306532043663022),532b6d2f-3049-4a0c-b857-17a54f7c0b26,2026-02-28 14:38:27,2026-02-28 14:38:27
"1,126",三亚南山港,"POLYGON((109.13120796 18.33246987,109.15495048 18.32990778,109.150414 18.301118,109.127069 18.30454,109.13120796 18.33246987))",11682c6f-3f04-412f-8aff-93246b2741b1,POINT(109.14097615005986 18.317027252062136),532b6d2f-3049-4a0c-b857-17a54f7c0b26,2026-02-28 14:38:27,2026-02-28 14:38:27
"1,127",昌化码头,"POLYGON((108.67020005 19.32808689,108.67382103 19.33204792,108.6794939 19.32832734,108.67571198 19.32377142,108.67020005 19.32808689))",93b0ca6c-3e3e-41a2-9227-c1ea73ef122a,POINT(108.67484251356763 19.32801009085114),1bdb3465-5474-4cb0-9e97-67c7d11cab41,2026-02-28 14:38:28,2026-02-28 14:38:28
"1,128",洋浦2号港池,"POLYGON((109.15922059 19.83640533,109.18255581 19.85487307,109.201784 19.831632,109.18437971 19.81813732,109.15922059 19.83640533))",7464c941-0905-4f75-9a7d-b8b0bb56d3de,POINT(109.18144386683176 19.835792468513525),1ed82b50-c570-4512-a7f4-c4d1adbe45d3,2026-02-28 14:38:28,2026-02-28 14:38:28
"1,129",洋浦码头,"POLYGON((109.1438928888889 19.81661975,109.17141233333334 19.799712250000002,109.16427766666668 19.776745444444444,109.12683402777778 19.787043055555557,109.1438928888889 19.81661975))",487dc0b8-a64c-41ae-b62d-0cd253b8548d,POINT(109.15049529743597 19.795030750933748),1ed82b50-c570-4512-a7f4-c4d1adbe45d3,2026-02-28 14:38:28,2026-02-28 14:38:28
"1,130",国投孚宝码头,"POLYGON((109.15696677777778 19.834540666666665,109.18363158333334 19.817880444444445,109.17161527777779 19.800468333333335,109.144119 19.817216194444445,109.15696677777778 19.834540666666665))",86d097b2-0655-4ffc-b06f-d93e693ce50c,POINT(109.16402109936989 19.817516898348433),1ed82b50-c570-4512-a7f4-c4d1adbe45d3,2026-02-28 14:38:28,2026-02-28 14:38:28
"1,131",大兰坪码头,"POLYGON((108.65164155555556 21.654273277777776,108.66569633333334 21.662649249999998,108.67851727777779 21.643702916666665,108.66462344444444 21.63597411111111,108.65164155555556 21.654273277777776))",91d50bfd-f9d1-4b53-84ac-0edf45f062e1,POINT(108.66511092913771 21.649212525521193),8ad2e326-0537-4581-a138-d9bb6cf84ef5,2026-02-28 14:38:28,2026-02-28 14:38:28
"1,152",东莞中联船厂,"POLYGON((113.604598 22.934267,113.607731 22.933338,113.60400267 22.92694728,113.601079 22.928654,113.604598 22.934267))",c2335dd3-5127-40bf-be96-cb964f59f704,POINT(113.60436104837046 22.930754944677364),0e07092d-d78a-447e-a652-23ceecf1c230,2026-02-28 14:38:28,2026-02-28 14:38:28
"1,153",金锚系泊浮筒,"POLYGON((113.58489033333333 22.906968,113.57920405555555 22.901668277777777,113.58216788888889 22.89924688888889,113.58781394444443 22.904694944444444,113.58489033333333 22.906968))",cc78bfe7-8e2f-4724-a432-be7d327549a3,POINT(113.58350480487783 22.903125978783144),0e07092d-d78a-447e-a652-23ceecf1c230,2026-02-28 14:38:28,2026-02-28 14:38:28
"1,165",洋口干散码头,"POLYGON((121.096158 32.576111,121.120963 32.567069,121.106801 32.542255,121.075215 32.549345,121.096158 32.576111))",07f98602-1ba9-4431-8c7e-838b78b0d4fc,POINT(121.09925069923555 32.55843202640372),7238f004-6d50-4183-9500-6952b36d776c,2026-02-28 14:38:29,2026-02-28 14:38:29
"1,184",秦皇岛油码头,"POLYGON((119.65405575000001 39.93048283333333,119.66041177777778 39.92113597222222,119.65544244444445 39.91643769444444,119.64908530555556 39.92493938888889,119.65251855555556 39.92619411111111,119.65053227777778 39.929395444444445,119.65405575000001 39.93048283333333))",67227339-5a87-44ad-9cb2-188ff5ee3a35,POINT(119.65476442863122 39.923469732406986),1d811671-a073-43d2-8556-b0d8b015dc5a,2026-02-28 14:38:29,2026-02-28 14:38:29
"1,185",秦山化工码头,"POLYGON((119.69061836111112 39.93719013888889,119.70014019444444 39.93710788888889,119.70014019444444 39.93001230555555,119.69064516666667 39.92999175,119.69061836111112 39.93719013888889))",9159d19a-5468-489a-bb3b-683cd387aa74,POINT(119.69537458780721 39.93357722474014),1d811671-a073-43d2-8556-b0d8b015dc5a,2026-02-28 14:38:29,2026-02-28 14:38:29
"1,186",秦皇岛渤海船务码头,"POLYGON((119.71124077777777 39.94601241666666,119.71523725 39.942619388888886,119.71606875 39.94033675,119.71628330555556 39.93550383333333,119.71443258333333 39.93426983333333,119.71006058333333 39.93437266666666,119.70678830555556 39.94416169444444,119.71124077777777 39.94601241666666))",9a103877-5493-49d7-b2ea-c589e546ad5b,POINT(119.71190485655842 39.93987585884131),1d811671-a073-43d2-8556-b0d8b015dc5a,2026-02-28 14:38:29,2026-02-28 14:38:29
"1,187",河钢码头,"POLYGON((118.41269641666668 39.01104194444444,118.4209576388889 39.010875222222225,118.42052847222223 38.97856355555556,118.41194541666667 38.97860525,118.41269641666668 39.01104194444444))",4bbb14b9-c32a-4ff5-90de-4a89cd3e80ad,POINT(118.4165273245825 38.99466918843784),3b6f833a-28fd-48d0-9515-b33f65b66959,2026-02-28 14:38:29,2026-02-28 14:38:29
"1,188",西港码头,"POLYGON((118.40214947222223 39.00261238888889,118.41067947222223 39.00258791666667,118.40983611111112 38.961240027777784,118.40119941666667 38.96136516666667,118.40214947222223 39.00261238888889))",d06ab1f4-0ce4-4142-a7b2-21b4437fa651,POINT(118.40596689746249 38.98190771305091),3b6f833a-28fd-48d0-9515-b33f65b66959,2026-02-28 14:38:29,2026-02-28 14:38:29
"1,189",3号港池杂货码头,"POLYGON((118.51339858333333 39.07527597222222,118.47681325 39.089517111111114,118.46849841666666 39.08493694444444,118.46694272222223 39.08102275,118.50669305555556 39.06532213888889,118.51339858333333 39.07527597222222))",e801f1d7-ca5b-4f82-9999-a4998ac0377d,POINT(118.49043223757752 39.07789006636189),3b6f833a-28fd-48d0-9515-b33f65b66959,2026-02-28 14:38:29,2026-02-28 14:38:29
"1,190",文丰码头,"POLYGON((118.50289919444444 39.10552511111111,118.54592183333334 39.08970502777778,118.53894808333334 39.07775436111111,118.49522805555556 39.09403511111111,118.50289919444444 39.10552511111111))",0c84151d-64ec-4208-9493-83ad1bde6583,POINT(118.52078877426162 39.09171810546635),3b6f833a-28fd-48d0-9515-b33f65b66959,2026-02-28 14:38:29,2026-02-28 14:38:29
"1,191",中物通用码头,"POLYGON((118.53573372222222 39.11807175,118.57655694444443 39.102171222222225,118.56926133333333 39.09118027777778,118.52859902777777 39.10700002777778,118.53573372222222 39.11807175))",eec60904-bddf-466f-b72a-d84c0fce3839,POINT(118.55253582186046 39.10461139556305),3b6f833a-28fd-48d0-9515-b33f65b66959,2026-02-28 14:38:29,2026-02-28 14:38:29
"1,192",葫芦岛电厂,"POLYGON((120.9686993611111 40.754972277777775,120.98103752777779 40.754972277777775,120.98084977777778 40.741500111111115,120.96891394444445 40.74156108333334,120.9686993611111 40.754972277777775))",83984996-6286-417d-8a53-e898597a9b62,POINT(120.97487977960607 40.74828856337913),b3e6a0d4-8d43-4a6f-ac85-ff405570a039,2026-02-28 14:38:29,2026-02-28 14:38:29
"1,193",金门科罗码头,"POLYGON((118.42857375 24.416591444444443,118.42952594444445 24.41109608333333,118.42078194444444 24.409423,118.416477 24.411633416666664,118.41595397222223 24.41438111111111,118.42857375 24.416591444444443))",92012a42-e697-4f8f-a1b2-bf6c53155a2c,POINT(118.42312926771895 24.412926100361506),1e397ae2-441c-49af-9cab-2b34d2be9f3a,2026-02-28 14:38:30,2026-02-28 14:38:30
"1,194",恒力石化码头,"POLYGON((114.62372538888889 22.749295333333333,114.63068572222221 22.733847166666667,114.62821808333332 22.732968944444444,114.62132480555555 22.74838013888889,114.62372538888889 22.749295333333333))",e8deab00-e71a-4d6f-ab13-38024992e791,POINT(114.62599946337811 22.74110028063121),21310145-4091-49d2-a6e1-a6f51d01743a,2026-02-28 14:38:30,2026-02-28 14:38:30
"1,195",中山港码头,"POLYGON((113.48610686111111 22.574449444444443,113.48607813888889 22.572358027777778,113.47518155555555 22.572966055555554,113.47530225 22.5748205,113.48610686111111 22.574449444444443))",0669be2e-4f69-482c-bb7f-5ba26113edd2,POINT(113.48077366688852 22.573642174035083),09cf2894-c12b-46af-a1db-70cdcf0b8856,2026-02-28 14:38:30,2026-02-28 14:38:30
"1,196",中山集装箱码头,"POLYGON((113.49135180555555 22.57420972222222,113.49136519444444 22.572695833333334,113.48622877777778 22.572643194444446,113.48623480555555 22.574175055555557,113.49135180555555 22.57420972222222))",35a1f524-67fb-4ebd-81e9-c8b5cb9b315a,POINT(113.48879015157378 22.573430427149596),09cf2894-c12b-46af-a1db-70cdcf0b8856,2026-02-28 14:38:30,2026-02-28 14:38:30
"1,197",中山干散码头,"POLYGON((113.49146080555556 22.574189555555556,113.49141386111111 22.572672555555556,113.49475322222223 22.572697333333334,113.49475991666667 22.574245277777777,113.49146080555556 22.574189555555556))",0679c17a-69ce-4eab-9787-660092010f56,POINT(113.49310259852344 22.573449679598916),09cf2894-c12b-46af-a1db-70cdcf0b8856,2026-02-28 14:38:30,2026-02-28 14:38:30
"1,198",广州南沙华润码头,"POLYGON((113.52161208333334 22.877214055555555,113.5254241111111 22.873655444444445,113.52819688888889 22.876034055555557,113.52411322222223 22.879506111111112,113.52161208333334 22.877214055555555))",de2b7baa-e649-4c21-9e2d-ba9a51518e47,POINT(113.52486447422991 22.876586147914686),d55e25ef-1c42-4ab6-afdb-6bf8c4aa616c,2026-02-28 14:38:30,2026-02-28 14:38:30
"1,199",中外运广东东江仓码头,"POLYGON((113.51827055555556 23.044777500000002,113.51613147222223 23.046702638888892,113.52416736111111 23.054506222222223,113.52634663888888 23.052871194444446,113.51827055555556 23.044777500000002))",f4c87a4e-798f-4398-963e-af3575332c5f,POINT(113.52118999707488 23.049668679027246),83ad0cad-e171-4e95-8e50-c5e81b596fcd,2026-02-28 14:38:30,2026-02-28 14:38:30
"1,200",大铲湾码头,"POLYGON((113.85290730555555 22.52301888888889,113.86116013888888 22.525285416666666,113.85429775 22.546690194444444,113.84641636111111 22.544894583333335,113.85290730555555 22.52301888888889))",c156204e-e23e-427a-ab22-2eed4fdde2cd,POINT(113.85371758045004 22.534862344783775),115e6512-b80b-4c71-8592-56b3cdae09d6,2026-02-28 14:38:30,2026-02-28 14:38:30
"1,201",妈湾集装箱码头,"POLYGON((113.86998774999999 22.483932777777778,113.86402652777777 22.48225372222222,113.85854533333332 22.498177277777778,113.85774466666666 22.501625861111112,113.86367716666666 22.502163972222224,113.86473663888889 22.50183563888889,113.86438452777777 22.49976725,113.86998774999999 22.483932777777778))",f8ae1aa8-28f0-46f9-a96d-0bfc1017f9c3,POINT(113.86375422387846 22.4924855434853),2a7da433-be1f-4258-a621-36a71832b000,2026-02-28 14:38:30,2026-02-28 14:38:30
"1,202",赤湾集装箱码头,"POLYGON((113.87316594444444 22.475221444444443,113.86725380555555 22.47345511111111,113.87629616666666 22.45515483333333,113.88222858333333 22.457508666666666,113.87316594444444 22.475221444444443))",8c03223a-829f-489f-9d60-3db0678e511f,POINT(113.87475680489825 22.465262234341502),ea07e08f-6fe8-44fb-9708-82b897f5a779,2026-02-28 14:38:30,2026-02-28 14:38:30
"1,203",泰普克沥青码头,"POLYGON((113.03676780555556 22.446703222222222,113.0400041111111 22.445473,113.03916258333334 22.44365402777778,113.03583997222222 22.44485636111111,113.03676780555556 22.446703222222222))",ead7a974-e6be-4fac-893f-a476c2b289cd,POINT(113.03793465431514 22.445171584439397),5862e22e-dd94-4ae6-965e-ff41c7981993,2026-02-28 14:38:30,2026-02-28 14:38:30
"1,204",新会新港码头,"POLYGON((113.02641313888888 22.4502625,113.03269622222223 22.448279333333332,113.03199213888888 22.44628997222222,113.02562858333333 22.448242166666667,113.02641313888888 22.4502625))",54a1b5ef-e062-4450-84b8-d3260a32497b,POINT(113.02916871674687 22.44827096621737),5862e22e-dd94-4ae6-965e-ff41c7981993,2026-02-28 14:38:30,2026-02-28 14:38:30
"1,205",新会港口码头,"POLYGON((113.04008511111111 22.445433861111113,113.04654252777777 22.443729527777776,113.04588538888889 22.441814472222223,113.0393475 22.443556,113.04008511111111 22.445433861111113))",ef887ddd-8a1c-46ef-a026-5ce12c7f12ce,POINT(113.04296848970706 22.44363028498839),5862e22e-dd94-4ae6-965e-ff41c7981993,2026-02-28 14:38:30,2026-02-28 14:38:30
"1,206",东港区榄根作业区,"POLYGON((109.59584147222222 21.589201805555554,109.610084 21.594339444444444,109.61367816666666 21.590872805555556,109.61067408333332 21.586159055555555,109.59919422222222 21.581320416666667,109.59584147222222 21.589201805555554))",1a172dff-a54b-416f-a014-6d565b1a534b,POINT(109.60464726912154 21.58813428500482),7669d001-ddcf-4afe-bad2-7fc3cb072d94,2026-02-28 14:38:30,2026-02-28 14:38:30
"1,207",湛江码头,"POLYGON((110.42566697222223 21.07867461111111,110.43631536111111 21.069964833333334,110.44157516666667 21.075416,110.4308195 21.084200527777778,110.42566697222223 21.07867461111111))",55c393fd-b128-4db8-83a4-b4218797e04e,POINT(110.43359950245542 21.077067315098496),9ddb764d-aa1f-4064-9696-9ba7cc7a7c00,2026-02-28 14:38:30,2026-02-28 14:38:30
"1,208",中科广东炼化一体化综合体码头,"POLYGON((110.47028147222223 21.060756861111113,110.44343255555556 21.060731833333335,110.44348619444445 21.073972305555554,110.47033511111111 21.074172527777776,110.47028147222223 21.060756861111113))",5274b665-553d-4ce9-a0d1-7b9870e860da,POINT(110.45691324395487 21.067408476148184),9ddb764d-aa1f-4064-9696-9ba7cc7a7c00,2026-02-28 14:38:30,2026-02-28 14:38:30
"1,209",中海油涠洲原油码头,"POLYGON((109.01096213888889 21.09251375,109.14829122222223 21.08610722222222,109.14163936111112 20.977754805555556,109.00302277777777 20.984767055555558,109.01096213888889 21.09251375))",026dc05c-f273-4bba-8980-86e0cffc192a,POINT(109.0760306451193 21.035196499306124),2efed80d-7861-43ab-9f42-ed5c71f8163b,2026-02-28 14:38:30,2026-02-28 14:38:30
"1,214",防城集装箱码头,"POLYGON((108.32706063888888 21.603147305555556,108.32921983333333 21.596972444444443,108.32531738888889 21.595760499999997,108.32335266666666 21.602225861111112,108.32706063888888 21.603147305555556))",4dda0a51-8502-45f5-a872-d22b81b3c16d,POINT(108.32623875094671 21.599486806751848),5efdf805-d831-4b35-84c7-16ce9aecde2c,2026-02-28 14:38:30,2026-02-28 14:38:30
"1,215",防城散货码头,"POLYGON((108.3325276111111 21.621003416666667,108.3276926111111 21.60338163888889,108.32376316666667 21.60262102777778,108.32852469444444 21.620409055555555,108.3325276111111 21.621003416666667))",f18b791d-e479-4c0f-8bc1-5a1d13431567,POINT(108.32813605057143 21.611899419310266),5efdf805-d831-4b35-84c7-16ce9aecde2c,2026-02-28 14:38:30,2026-02-28 14:38:30
"1,216",铁山干散码头,"POLYGON((109.59366702777777 21.573865972222222,109.5952763611111 21.56921402777778,109.58403725 21.565859361111112,109.582593 21.57037136111111,109.59366702777777 21.573865972222222))",44e70a81-d58e-466c-b430-5fb4b0414d41,POINT(109.58892972403349 21.56983477368276),7669d001-ddcf-4afe-bad2-7fc3cb072d94,2026-02-28 14:38:30,2026-02-28 14:38:30
"1,217",湛江大唐雷州电厂,"POLYGON((109.83094702777777 20.507504444444443,109.8079693611111 20.495242722222223,109.802757 20.504339,109.82579716666666 20.515694083333333,109.83094702777777 20.507504444444443))",cbbfe567-93cc-40cb-9a5a-d2a23ff553ee,POINT(109.81671528553977 20.505601816734927),fc98a011-7b97-4d49-9cea-67d6734606d4,2026-02-28 14:38:30,2026-02-28 14:38:30
"1,218",修理码头,"POLYGON((110.52936344444444 21.106386861111112,110.53541183333333 21.096715277777776,110.52716405555556 21.09259872222222,110.52146436111111 21.10262091666667,110.52936344444444 21.106386861111112))",1827175a-41b6-448d-bb50-b6c69065eb56,POINT(110.52836757317567 21.099531873409102),9ddb764d-aa1f-4064-9696-9ba7cc7a7c00,2026-02-28 14:38:30,2026-02-28 14:38:30
"1,219",粤电水东博贺电厂,"POLYGON((111.29479761111111 21.43541986111111,111.29949316666666 21.432508000000002,111.29725191666667 21.42546727777778,111.29191833333333 21.428200055555557,111.29479761111111 21.43541986111111))",d75c9f29-a734-40e6-adda-701aa28adf30,POINT(111.29581871208798 21.43035701316273),492db0ef-c198-445a-8f95-be5bdd7eb512,2026-02-28 14:38:30,2026-02-28 14:38:30
"1,220",茂名广钢码头,"POLYGON((111.29035325 21.438480055555555,111.28144286111112 21.43009125,111.27992680555556 21.427188333333334,111.28880858333333 21.423579583333336,111.29445805555555 21.436216472222224,111.29035325 21.438480055555555))",1ffa9be3-1950-46f8-87eb-42611257257f,POINT(111.28766506816258 21.430783628159862),492db0ef-c198-445a-8f95-be5bdd7eb512,2026-02-28 14:38:30,2026-02-28 14:38:30
"1,221",富利码头,"POLYGON((111.81226711111111 21.721151361111108,111.80998919444444 21.71396436111111,111.80610536111111 21.71495113888889,111.80841144444445 21.72206083333333,111.81226711111111 21.721151361111108))",9b9bd4a8-5b13-45e1-b113-945ae64c43d5,POINT(111.80919379929108 21.718023644373343),c4e064d9-b8bd-413c-9142-dfcfee53f8ed,2026-02-28 14:38:30,2026-02-28 14:38:30
"1,222",江门码头,"POLYGON((113.07812147222222 22.377303194444444,113.0773436111111 22.36966388888889,113.07271680555556 22.369924333333334,113.07343027777777 22.377662972222222,113.07812147222222 22.377303194444444))",c8c0c51a-c550-4e99-a5b2-f968b6e0dded,POINT(113.07539925401191 22.373649029522777),2045f201-4efc-416f-9680-55b950866b8c,2026-02-28 14:38:30,2026-02-28 14:38:30
"1,223",珠海高栏鑫和码头,"POLYGON((113.21105111111112 21.957907388888888,113.2100855 21.959176083333332,113.19703655555556 21.952397166666668,113.19201930555556 21.959855583333333,113.18867994444444 21.958251055555554,113.19643108333334 21.947063555555555,113.20635525 21.952175944444445,113.21105111111112 21.957907388888888))",5c5e86cd-abe7-4276-b9f3-7ed7803398d7,POINT(113.19936782727262 21.953610521138312),184b10f7-5a18-4abc-b128-569fbe294997,2026-02-28 14:38:31,2026-02-28 14:38:31
"1,224",修理码头,"POLYGON((122.21075902777778 30.114327472222225,122.20918994444445 30.108898111111113,122.21707563888889 30.108608055555557,122.21873858333333 30.114025861111113,122.21075902777778 30.114327472222225))",0232b6fb-6afa-41dd-9488-a1584b50acf8,POINT(122.21394146132496 30.111470394241344),4083f670-b01b-4fd3-9c17-e010ffb412d8,2026-02-28 14:38:31,2026-02-28 14:38:31
"1,225",马迹山码头,"POLYGON((122.37943436111111 30.758719694444444,122.38636786111111 30.759998916666667,122.38867455555557 30.752023722222223,122.38149966666666 30.750479333333335,122.37943436111111 30.758719694444444))",5c430d82-64a7-4f7b-a276-9e09e55dead4,POINT(122.38398685926451 30.755273997532615),e4e727fc-2852-43c9-a0fa-d8d145c5f28f,2026-02-28 14:38:31,2026-02-28 14:38:31
"1,226",海鸿石化码头,"POLYGON((117.99667808333334 24.44990738888889,117.99536380555556 24.445567222222223,117.99331191666667 24.44600063888889,117.99460608333334 24.450353,117.99667808333334 24.44990738888889))",c76b2087-59aa-47af-b732-8364ff4d9927,POINT(117.99499085600404 24.44796104948298),a58be882-85bc-4547-b7b9-ca39f53ae2be,2026-02-28 14:38:31,2026-02-28 14:38:31
"1,227",泉州围头集装箱码头,"POLYGON((118.56365063888889 24.51749111111111,118.55357894444444 24.513366833333333,118.55105766666667 24.518296444444445,118.56115616666666 24.522420555555556,118.56365063888889 24.51749111111111))",6ddf2c29-931d-41c4-8dd5-2101799cc02e,POINT(118.55735882526945 24.51789399482579),5eb2e880-eb5c-4885-b56d-4576a2507985,2026-02-28 14:38:31,2026-02-28 14:38:31
"1,228",宁德海螺水泥码头,"POLYGON((119.74809788888889 26.603472638888892,119.74415505555555 26.59879597222222,119.75542033333333 26.592128416666664,119.75923527777778 26.597105833333334,119.74809788888889 26.603472638888892))",6f82750f-ce95-4e13-878d-c32f1b753f31,POINT(119.75174969699088 26.597849318989297),95bd81b0-6088-433b-9bab-7232f3f40d1e,2026-02-28 14:38:31,2026-02-28 14:38:31
"1,229",宁德福鼎杨歧码头,"POLYGON((120.38344488888889 27.184813083333335,120.38787227777779 27.17955375,120.39299530555556 27.18300152777778,120.38848919444445 27.188023861111112,120.38344488888889 27.184813083333335))",aa9f3cc0-3b3c-4538-931b-49ca93cdf767,POINT(120.38820396029811 27.18382638902921),95bd81b0-6088-433b-9bab-7232f3f40d1e,2026-02-28 14:38:31,2026-02-28 14:38:31
"1,230",亚东水泥码头,"POLYGON((121.34925355555555 28.696775722222224,121.34956819444444 28.69420438888889,121.35242188888888 28.69453175,121.3521268611111 28.696963944444445,121.34925355555555 28.696775722222224))",d1c92539-c416-42aa-acd6-8b5496425495,POINT(121.35082930766661 28.69561794594763),86cd0af1-a74c-4ce7-8c28-07737f48d569,2026-02-28 14:38:31,2026-02-28 14:38:31
"1,231",浙江联盛化学工业码头,"POLYGON((121.35892141666666 28.695095972222223,121.35817374999999 28.693263694444443,121.35923186111111 28.69290725,121.35998422222222 28.694828333333334,121.35892141666666 28.695095972222223))",d5b6596d-4ea9-4e9f-ad59-7862bcd9487e,POINT(121.35907998837148 28.694018630544228),86cd0af1-a74c-4ce7-8c28-07737f48d569,2026-02-28 14:38:31,2026-02-28 14:38:31
"1,232",南亚化工厂码头,"POLYGON((121.35888077777777 28.695117944444444,121.35811633333333 28.69324747222222,121.35657408333333 28.69368861111111,121.35734186111111 28.695506166666668,121.35888077777777 28.695117944444444))",85d90560-1f48-4f99-ab2d-3f840b849649,POINT(121.35773057759708 28.694386900444453),86cd0af1-a74c-4ce7-8c28-07737f48d569,2026-02-28 14:38:31,2026-02-28 14:38:31
"1,233",台州煤码头,"POLYGON((121.36002869444444 28.694820583333332,121.35927022222222 28.692915055555556,121.36442972222221 28.691527472222223,121.36509625 28.693531194444446,121.36002869444444 28.694820583333332))",c1500bfa-0ebd-494f-a9ea-30e4563c9c7a,POINT(121.36221962110359 28.693191000225703),86cd0af1-a74c-4ce7-8c28-07737f48d569,2026-02-28 14:38:31,2026-02-28 14:38:31
"1,234",台州椒江三山码头,"POLYGON((121.36568163888889 28.693301944444446,121.36516866666666 28.691272583333333,121.36805874999999 28.690731416666665,121.36853819444444 28.692860777777778,121.36568163888889 28.693301944444446))",007b5746-a4fd-485e-a59b-7a83cdb900a4,POINT(121.36687144874762 28.692036572258417),86cd0af1-a74c-4ce7-8c28-07737f48d569,2026-02-28 14:38:31,2026-02-28 14:38:31
"1,235",南京电厂,"POLYGON((118.76013075 32.20786269444445,118.75820833333333 32.20953952777778,118.76320016666666 32.214041638888894,118.76784633333334 32.218464583333336,118.78483416666667 32.230234083333336,118.78700944444444 32.22799236111111,118.77695113888889 32.22133269444445,118.76861994444444 32.21574877777778,118.76013075 32.20786269444445))",29f9a317-88ae-45ea-a986-b0f14a8dfab5,POINT(118.77275015874635 32.21979083021175),b2803b63-2aae-4cee-8c6c-2a873260085b,2026-02-28 14:38:31,2026-02-28 14:38:31
"1,236",中港三航局码头,"POLYGON((118.79420666666667 32.238819416666665,118.80175708333333 32.23441802777778,118.791967 32.231105500000005,118.79420666666667 32.238819416666665))",86b0f379-f308-4715-ad8e-b6bf49ca4d99,POINT(118.79597691666666 32.234780981481485),b2803b63-2aae-4cee-8c6c-2a873260085b,2026-02-28 14:38:31,2026-02-28 14:38:31
"1,239",乐清湾港区C区码头,"POLYGON((121.11476683333333 28.19938252777778,121.12609074999999 28.195058944444444,121.11606633333332 28.17876213888889,121.10434508333333 28.18360886111111,121.11476683333333 28.19938252777778))",39636054-6c9f-44dc-b80b-7661a1d72e99,POINT(121.11529158400351 28.189128574325554),88121609-71c6-4652-b18d-8046dd3b127c,2026-02-28 14:38:31,2026-02-28 14:38:31
"1,240",通用码头,"POLYGON((113.65468186111111 22.67394838888889,113.65717630555557 22.669877111111113,113.67079075000001 22.667502000000002,113.66840358333334 22.671505305555556,113.65468186111111 22.67394838888889))",dc62397c-5771-4919-9f23-4e6c4a84ddb4,POINT(113.66274652977694 22.670712755543462),83ad0cad-e171-4e95-8e50-c5e81b596fcd,2026-02-28 14:38:31,2026-02-28 14:38:31
"1,241",南沙粮食码头,"POLYGON((113.66982225000001 22.682525833333333,113.66406147222223 22.679332444444444,113.67231966666667 22.664972249999998,113.67868811111111 22.66811311111111,113.66982225000001 22.682525833333333))",181fc241-8aa6-4933-b8d2-5bd270dd22ed,POINT(113.67128452221735 22.673654158209764),d55e25ef-1c42-4ab6-afdb-6bf8c4aa616c,2026-02-28 14:38:31,2026-02-28 14:38:31
"1,242",南沙四期码头,"POLYGON((113.65198152777778 22.664335555555553,113.66795350000001 22.660881749999998,113.6693581388889 22.66520836111111,113.6529216388889 22.668636833333334,113.65198152777778 22.664335555555553))",e02b40d2-cc79-4d44-81f3-ad2437f36c61,POINT(113.66059300102161 22.664767432248233),d55e25ef-1c42-4ab6-afdb-6bf8c4aa616c,2026-02-28 14:38:31,2026-02-28 14:38:31
"1,243",秦皇岛西港,"POLYGON((119.58014616666667 39.91127733333333,119.58140680555555 39.898952666666666,119.61568405555555 39.90152741666667,119.6143966111111 39.91070391666666,119.59983219444445 39.910559916666664,119.59725727777777 39.91251438888889,119.58014616666667 39.91127733333333))",68bd6c1b-726d-47fd-a8e7-b2d09dcff5ab,POINT(119.59683428201706 39.90577078794736),1d811671-a073-43d2-8556-b0d8b015dc5a,2026-02-28 14:38:31,2026-02-28 14:38:31
"1,244",台州海螺水泥码头,"POLYGON((121.46660830555555 28.694697916666666,121.47079925 28.69456263888889,121.47067855555555 28.69046277777778,121.46636691666667 28.690574527777777,121.46660830555555 28.694697916666666))",a2b8780e-63be-4e53-ace2-fe53429578a1,POINT(121.46861050643514 28.692564901241873),86cd0af1-a74c-4ce7-8c28-07737f48d569,2026-02-28 14:38:31,2026-02-28 14:38:31
"1,245",漳湾作业区,"POLYGON((119.65799455555556 26.722930416666664,119.66320475 26.722882499999997,119.6631945 26.717340055555553,119.6579708888889 26.717340055555553,119.65799455555556 26.722930416666664))",c01558e0-e96d-498a-a336-6c31bcf94774,POINT(119.66058742291457 26.720122094191023),95bd81b0-6088-433b-9bab-7232f3f40d1e,2026-02-28 14:38:31,2026-02-28 14:38:31
"1,246",宁德干散码头,"POLYGON((119.72483711111111 26.613936055555556,119.73447963888889 26.61264113888889,119.73523066666667 26.616933555555555,119.72575308333333 26.618168472222223,119.72483711111111 26.613936055555556))",673bf286-1a62-4ec5-849f-18d74556589e,POINT(119.73008082905223 26.615412486440515),95bd81b0-6088-433b-9bab-7232f3f40d1e,2026-02-28 14:38:31,2026-02-28 14:38:31
"1,247",观海码头,"POLYGON((119.59933075 26.137996277777777,119.60610333333332 26.140103194444443,119.60791383333333 26.135612416666667,119.60098033333333 26.133481361111112,119.59933075 26.137996277777777))",976ad8fe-6af1-4c86-8845-4867c7e88107,POINT(119.60358816667458 26.136790881146347),690292cd-7bf9-4245-b3e0-e129de08f901,2026-02-28 14:38:31,2026-02-28 14:38:31
"1,248",松门码头,"POLYGON((119.50465686111112 26.039184277777778,119.50083469444445 26.039292722222225,119.50101575 26.04414866666667,119.50471719444444 26.044064333333335,119.50465686111112 26.039184277777778))",e3ca4962-4ff0-4690-bab5-d5c8cebe6a51,POINT(119.50280715345798 26.04165939070472),690292cd-7bf9-4245-b3e0-e129de08f901,2026-02-28 14:38:31,2026-02-28 14:38:31
"1,249",马尾老港,"POLYGON((119.44518475000001 25.98466652777778,119.45098502777778 25.982900416666666,119.45001944444445 25.980356666666665,119.44402469444445 25.98214694444444,119.44518475000001 25.98466652777778))",c6a3722d-db47-4425-9adc-cb86ff2f36ac,POINT(119.44754481189071 25.98251293240819),cdf53232-0e04-4e20-8160-7ae76a32b55b,2026-02-28 14:38:31,2026-02-28 14:38:31
"1,250",小漠国际物流港码头,"POLYGON((115.03472325 22.750403805555557,115.02770927777777 22.746928444444446,115.0335028611111 22.73798613888889,115.04063486111112 22.74179566666667,115.03472325 22.750403805555557))",7b4743f2-1c7d-4335-a6a8-7b8a39008eca,POINT(115.03414639130806 22.74424524048084),0dadff92-c9e8-4adf-9a30-16c421fc3cff,2026-02-28 14:38:31,2026-02-28 14:38:31
"1,251",蛇口码头,"POLYGON((113.90829308333333 22.471006499999998,113.90057608333333 22.480109777777777,113.87669105555555 22.48270047222222,113.87443127777777 22.478100638888886,113.88349452777778 22.456295694444442,113.88200705555555 22.44680325,113.8877566388889 22.442810416666667,113.90829308333333 22.471006499999998))",cb10d58c-1dc0-43bd-890f-41cd61516ad3,POINT(113.89032917382896 22.4668089594192),ea07e08f-6fe8-44fb-9708-82b897f5a779,2026-02-28 14:38:31,2026-02-28 14:38:31
"1,252",南沙二、三期码头,"POLYGON((113.68711491666667 22.649979638888887,113.67795519444445 22.64720722222222,113.68276991666667 22.629269416666666,113.67634602777778 22.627883,113.68194711111111 22.60391591666667,113.69833541666667 22.60683775,113.68711491666667 22.649979638888887))",3966e205-c306-45a0-8f73-ffbfc75ecb52,POINT(113.68652142090846 22.62417370889942),d55e25ef-1c42-4ab6-afdb-6bf8c4aa616c,2026-02-28 14:38:31,2026-02-28 14:38:31
"1,253",宏业货柜码头,"POLYGON((113.65771972222223 22.76913625,113.66070636111111 22.76755586111111,113.65743405555556 22.762250722222223,113.65438975 22.76385836111111,113.65771972222223 22.76913625))",51b5200e-0d0c-4c82-8916-3f9e1e82f9ab,POINT(113.65755723433236 22.76569214873302),0e07092d-d78a-447e-a652-23ceecf1c230,2026-02-28 14:38:31,2026-02-28 14:38:31
"1,254",小虎石化码头,"POLYGON((113.56030794444445 22.836907305555556,113.56559191666666 22.83716686111111,113.56594058333333 22.82852711111111,113.56042866666667 22.828354055555554,113.56030794444445 22.836907305555556))",9e6ed03a-a544-4902-9876-c3cea5524a0b,POINT(113.56307309299383 22.832709128677475),83ad0cad-e171-4e95-8e50-c5e81b596fcd,2026-02-28 14:38:32,2026-02-28 14:38:32
"1,255",广州港发油码头,"POLYGON((113.56151633333333 22.82398,113.56816822222221 22.820135666666665,113.57099794444444 22.823942916666667,113.56422536111111 22.827737666666668,113.56151633333333 22.82398))",39680113-cbb9-46df-a519-eb9e72b02873,POINT(113.5662413589057 22.823944834923807),83ad0cad-e171-4e95-8e50-c5e81b596fcd,2026-02-28 14:38:32,2026-02-28 14:38:32
"1,256",东莞国丰粮食码头,"POLYGON((113.56433249999999 22.9801905,113.56207944444444 22.981869638888888,113.56686688888888 22.987045333333334,113.56921380555555 22.985495888888888,113.56433249999999 22.9801905))",29a8d029-8679-4624-b703-ca5c8b0a15c1,POINT(113.56562476032106 22.98364432159953),0e07092d-d78a-447e-a652-23ceecf1c230,2026-02-28 14:38:32,2026-02-28 14:38:32
"1,257",黄埔冷冻厂码头,"POLYGON((113.43310302777778 23.09622672222222,113.43286497222223 23.093827333333333,113.42751986111112 23.093896666666666,113.42764055555556 23.096388583333333,113.43310302777778 23.09622672222222))",9907b79b-2695-4cfc-b802-a5b08d65c9bb,POINT(113.43026589821763 23.095089855296827),9aa3b61c-9bc3-46e2-a316-9154617154ad,2026-02-28 14:38:32,2026-02-28 14:38:32
"1,258",广东中外运黄埔仓码,"POLYGON((113.45303733333334 23.094091249999998,113.452521 23.094276305555553,113.45208513888889 23.09357311111111,113.45161575 23.091371055555555,113.45954055555556 23.08942488888889,113.46032305555556 23.092368777777775,113.45303733333334 23.094091249999998))",4faa6d6e-e082-47c9-8ea1-1d2e8d1ef22b,POINT(113.45595728937164 23.091855458714793),9aa3b61c-9bc3-46e2-a316-9154617154ad,2026-02-28 14:38:32,2026-02-28 14:38:32
"1,259",黄埔旧港码头,"POLYGON((113.45150136111111 23.09137197222222,113.45196508333333 23.093642638888888,113.44652477777778 23.095073666666664,113.43313863888889 23.096238055555553,113.43289725000001 23.09379858333333,113.45150136111111 23.09137197222222))",00766820-f7c3-4201-8c57-206563165829,POINT(113.44248421074484 23.093928124319234),9aa3b61c-9bc3-46e2-a316-9154617154ad,2026-02-28 14:38:32,2026-02-28 14:38:32
"1,260",黄埔修船厂,"POLYGON((113.47975475 23.088895277777777,113.47857455555555 23.08574936111111,113.47634711111111 23.08301402777778,113.46159763888889 23.087584916666664,113.46380241666667 23.09360275,113.47975475 23.088895277777777))",277ef8c5-aa7d-41f7-b223-d5f48440b6e9,POINT(113.47057364224848 23.08825427950688),9aa3b61c-9bc3-46e2-a316-9154617154ad,2026-02-28 14:38:32,2026-02-28 14:38:32
"1,261",龙沙码头,"POLYGON((113.47904341666667 23.061514555555558,113.48425361111111 23.059188583333334,113.48571541666666 23.061798361111112,113.48050522222222 23.063994722222223,113.47904341666667 23.061514555555558))",9d50b2b6-3f8b-4270-af29-c63bc08a2724,POINT(113.4823957233391 23.061613948263354),83ad0cad-e171-4e95-8e50-c5e81b596fcd,2026-02-28 14:38:32,2026-02-28 14:38:32
"1,262",广州集装箱码头,"POLYGON((113.51298552777777 23.049968472222226,113.50737219444444 23.047097944444445,113.51144325 23.040737583333335,113.51726363888889 23.04376113888889,113.51298552777777 23.049968472222226))",fed31931-6323-45dd-95d2-18da164f0b32,POINT(113.51227753225677 23.045368872902845),9aa3b61c-9bc3-46e2-a316-9154617154ad,2026-02-28 14:38:32,2026-02-28 14:38:32
"1,263",新港码头,"POLYGON((113.50840161111111 23.05783363888889,113.50668838888889 23.056244722222225,113.51107380555555 23.04907938888889,113.50734952777778 23.04713375,113.50270191666667 23.054163083333336,113.50734213888889 23.058771444444446,113.50840161111111 23.05783363888889))",0136fa2a-0e0c-469b-9760-f27d37047cc8,POINT(113.50681058249792 23.052406738902587),9aa3b61c-9bc3-46e2-a316-9154617154ad,2026-02-28 14:38:32,2026-02-28 14:38:32
"1,264",江阴干散码头,"POLYGON((120.19112675000001 31.92575766666667,120.19256555555556 31.912207444444444,120.19924913888889 31.912821583333333,120.19961125 31.9258895,120.19112675000001 31.92575766666667))",76d1be98-ad98-4f42-a00a-008237b3583d,POINT(120.1956006017306 31.919427713589105),a8554a58-1976-424e-95b2-24091881d1dc,2026-02-28 14:38:32,2026-02-28 14:38:32
"1,265",如皋通用码头,"POLYGON((120.63077991666665 32.01652769444444,120.63428691666667 32.015265472222225,120.62742552777777 32.00587386111111,120.62415324999999 32.00752058333333,120.63077991666665 32.01652769444444))",f4b76024-241f-42ba-90ff-5e1140ea5a8f,POINT(120.62916678911799 32.01128392706952),40eb431e-4b50-4a85-a8be-e2c2a8f5f5a5,2026-02-28 14:38:32,2026-02-28 14:38:32
"1,266",外高桥码头,"POLYGON((121.69285744444444 31.317496805555557,121.68764055555556 31.312467027777778,121.68172627777778 31.317130194444445,121.68686272222223 31.321678527777777,121.69285744444444 31.317496805555557))",a40962ad-1712-4470-a581-af6fb6627a0f,POINT(121.68728517338019 31.31715368141512),665abb5f-21e9-48b3-91a0-5cf6542c8295,2026-02-28 14:38:32,2026-02-28 14:38:32
"1,267",江苏恒兴船业,"POLYGON((119.69984869444446 34.28524136111111,119.70287958333334 34.282526527777776,119.70011158333334 34.280254,119.69566122222223 34.278196277777774,119.68755800000001 34.272641444444446,119.68025194444445 34.268013583333335,119.67688577777778 34.26709369444444,119.67553936111112 34.268734055555555,119.69984869444446 34.28524136111111))",4a3457a9-fc7a-4a52-ab04-748375e4b5bd,POINT(119.68967067823482 34.27617326772566),8af0eeaf-bc33-459b-b7b8-17b7c8e16fb7,2026-02-28 14:38:32,2026-02-28 14:38:32
"1,268",连云港干散码头,"POLYGON((119.69987547222223 34.28530444444444,119.70221066666667 34.28317991666667,119.71028244444445 34.28904966666666,119.70762705555556 34.29129894444444,119.69987547222223 34.28530444444444))",613fff65-988a-4bd8-940a-e9b0b689246a,POINT(119.70506070522389 34.28725048015434),8af0eeaf-bc33-459b-b7b8-17b7c8e16fb7,2026-02-28 14:38:32,2026-02-28 14:38:32
"1,269",广西华林码头,"POLYGON((108.59478625 21.70273286111111,108.59997633333333 21.70726836111111,108.60951158333333 21.700303055555555,108.60920313888889 21.699343583333334,108.60717805555555 21.694446444444445,108.59478625 21.70273286111111))",eb84be33-215f-4ed6-abe6-d9681c19ff38,POINT(108.60272758689912 21.70113384656688),8ad2e326-0537-4581-a138-d9bb6cf84ef5,2026-02-28 14:38:32,2026-02-28 14:38:32
"1,270",天盛油气码头,"POLYGON((108.6167655 21.69766575,108.61516958333333 21.692332416666666,108.60758530555555 21.69440722222222,108.60986519444444 21.700033305555554,108.6167655 21.69766575))",89480d35-6dab-44c1-bbfd-10876148828a,POINT(108.61228478832366 21.696091970301076),8ad2e326-0537-4581-a138-d9bb6cf84ef5,2026-02-28 14:38:32,2026-02-28 14:38:32
"1,271",广西石化码头,"POLYGON((108.61683891666667 21.697645972222222,108.62328416666666 21.695701694444445,108.62200641666666 21.690682305555555,108.6152475 21.692313111111112,108.61683891666667 21.697645972222222))",938e170c-affd-4f50-9a7f-7f146cf3cf49,POINT(108.61930103986771 21.694082653169623),8ad2e326-0537-4581-a138-d9bb6cf84ef5,2026-02-28 14:38:32,2026-02-28 14:38:32
"1,272",宝盛码头,"POLYGON((110.41826211111112 21.242135055555558,110.42020180555556 21.239443722222223,110.42496091666668 21.242147555555558,110.42292244444445 21.24496625,110.41826211111112 21.242135055555558))",6f4ebddd-b7e6-40e4-8576-618442693391,POINT(110.42160553297208 21.242183809538766),9ddb764d-aa1f-4064-9696-9ba7cc7a7c00,2026-02-28 14:38:32,2026-02-28 14:38:32
"1,273",东流长江水务码头,"POLYGON((116.90446455555556 30.213751583333334,116.90838058333334 30.212917166666667,116.90671091666667 30.208478361111112,116.90288877777779 30.20945188888889,116.90446455555556 30.213751583333334))",a532da2b-5ad0-4d48-93a2-7aa5264dcba1,POINT(116.90562350164102 30.211150851286533),d306ecfa-80ad-4d05-9d9f-f3598b63cc62,2026-02-28 14:38:32,2026-02-28 14:38:32
"1,274",东至世平船舶修造码头,"POLYGON((116.90552450000001 30.21924411111111,116.90990322222223 30.219713444444444,116.90884502777779 30.21343886111111,116.90448644444444 30.21386186111111,116.90552450000001 30.21924411111111))",e499d9cb-a9cd-4997-86a1-7ae1cb88cb1e,POINT(116.90724277370909 30.216549248703647),d306ecfa-80ad-4d05-9d9f-f3598b63cc62,2026-02-28 14:38:32,2026-02-28 14:38:32
"1,275",新发建工码头,"POLYGON((116.90576911111111 30.22159211111111,116.91006736111112 30.222102,116.90990641666667 30.219772749999997,116.90552102777778 30.219309194444442,116.90576911111111 30.22159211111111))",397f2547-2306-4c71-b6be-e120013806af,POINT(116.90782450798832 30.220690931246015),d306ecfa-80ad-4d05-9d9f-f3598b63cc62,2026-02-28 14:38:32,2026-02-28 14:38:32
"1,276",东至安东孙达港务码头,"POLYGON((116.906751 30.227262916666664,116.91068713888889 30.226283777777777,116.91007394444445 30.222174499999998,116.90578241666667 30.22169361111111,116.906751 30.227262916666664))",6d3753fe-6ad2-4437-b33e-b6240b5a37b8,POINT(116.9082178468475 30.22434865972145),d306ecfa-80ad-4d05-9d9f-f3598b63cc62,2026-02-28 14:38:32,2026-02-28 14:38:32
"1,277",安庆通用码头,"POLYGON((116.90743030555556 30.23760877777778,116.91363961111112 30.235360972222225,116.91003205555556 30.22784094444444,116.903407 30.23018161111111,116.90743030555556 30.23760877777778))",83285d1d-68ee-487c-83bb-32423fc64e0e,POINT(116.90860446196669 30.232711270624787),d306ecfa-80ad-4d05-9d9f-f3598b63cc62,2026-02-28 14:38:32,2026-02-28 14:38:32
"1,278",安庆煤码头,"POLYGON((117.01703575 30.50188763888889,117.02108588888889 30.503152916666668,117.02215208333334 30.500587666666668,117.01808183333333 30.499258805555556,117.01703575 30.50188763888889))",ab887373-69f3-4a7f-9080-d8804374cda7,POINT(117.0195831801976 30.501217482989585),d306ecfa-80ad-4d05-9d9f-f3598b63cc62,2026-02-28 14:38:33,2026-02-28 14:38:33
"1,279",安庆轮船公司码头,"POLYGON((117.01327988888889 30.50077425,117.01566705555555 30.497376944444447,117.018128 30.49839961111111,117.01584141666666 30.501785333333334,117.01327988888889 30.50077425))",49f8d11a-aad4-4ea6-8e04-2cc1434c97c8,POINT(117.01572095202006 30.499591161155543),d306ecfa-80ad-4d05-9d9f-f3598b63cc62,2026-02-28 14:38:33,2026-02-28 14:38:33
"1,280",石化安庆资产公司码头,"POLYGON((117.01310761111111 30.500739055555556,117.01560205555556 30.497301305555556,117.00736683333334 30.493605944444447,117.00518752777778 30.497251805555557,117.01310761111111 30.500739055555556))",5e03d62e-1bd2-4ae3-a586-5a0f46cc96df,POINT(117.01031444813228 30.497207302596813),d306ecfa-80ad-4d05-9d9f-f3598b63cc62,2026-02-28 14:38:33,2026-02-28 14:38:33
"1,281",安庆港集装箱码头,"POLYGON((117.07371702777778 30.50465611111111,117.08354730555556 30.505776916666665,117.08407033333333 30.502368222222223,117.07413274999999 30.50140913888889,117.07371702777778 30.50465611111111))",6f489020-1e67-45ef-bc46-a22a04701ada,POINT(117.07890937920102 30.503554700783493),d306ecfa-80ad-4d05-9d9f-f3598b63cc62,2026-02-28 14:38:33,2026-02-28 14:38:33
"1,282",海螺水泥集团码头,"POLYGON((117.21457172222223 30.48160672222222,117.2186755 30.478139416666664,117.20960963888889 30.471551166666664,117.20557291666667 30.475550388888887,117.21457172222223 30.48160672222222))",55fa49ff-df30-4eac-b34c-070c49c05f50,POINT(117.21206576612168 30.476660465884702),a95662ad-5e24-4210-9ce3-ee2204dd3a7f,2026-02-28 14:38:33,2026-02-28 14:38:33
"1,283",长九码头,"POLYGON((117.22378380555556 30.49028077777778,117.22787416666667 30.487356944444446,117.21873586111111 30.478490638888886,117.21465888888889 30.48180769444444,117.22378380555556 30.49028077777778))",6a5733ad-e78a-4bd9-b987-1d6e07730906,POINT(117.2212305752861 30.484438022548268),a95662ad-5e24-4210-9ce3-ee2204dd3a7f,2026-02-28 14:38:33,2026-02-28 14:38:33
"1,284",安庆电厂,"POLYGON((117.16973802777778 30.53455113888889,117.18176775 30.534990083333334,117.18200913888889 30.53013847222222,117.16984533333334 30.529560888888888,117.16973802777778 30.53455113888889))",84674cbe-6e51-4ebe-9ce3-31e28b42905e,POINT(117.17581302328496 30.532304297831587),d306ecfa-80ad-4d05-9d9f-f3598b63cc62,2026-02-28 14:38:33,2026-02-28 14:38:33
"1,285",长丰码头,"POLYGON((117.23799805555555 30.564668222222224,117.24491816666666 30.563998444444444,117.24304061111111 30.554875305555555,117.23612052777779 30.555683722222224,117.23799805555555 30.564668222222224))",d9ef093c-558c-4969-812c-421e2cee80d0,POINT(117.24052734425673 30.559802437185684),d306ecfa-80ad-4d05-9d9f-f3598b63cc62,2026-02-28 14:38:33,2026-02-28 14:38:33
"1,286",弘泰码头,"POLYGON((117.38112505555554 30.716218972222222,117.38889105555556 30.71978913888889,117.39084908333334 30.717004805555554,117.38291141666666 30.713510638888888,117.38112505555554 30.716218972222222))",2145a8ee-4783-4173-b289-9f3a2d2af028,POINT(117.38597391371347 30.716640783392393),d306ecfa-80ad-4d05-9d9f-f3598b63cc62,2026-02-28 14:38:33,2026-02-28 14:38:33
"1,287",海螺水泥码头,"POLYGON((117.40136066666668 30.722022,117.39900602777779 30.725108527777778,117.38899469444445 30.719845611111108,117.39095269444445 30.71709011111111,117.40136066666668 30.722022))",46148863-185a-4229-9422-926f3441fdec,POINT(117.39519307789222 30.72107012729562),d306ecfa-80ad-4d05-9d9f-f3598b63cc62,2026-02-28 14:38:33,2026-02-28 14:38:33
"1,288",池州港源砂石贸易码头,"POLYGON((117.52979847222223 30.73727722222222,117.5327355 30.73077575,117.54445675 30.735110111111112,117.54130516666666 30.741461444444447,117.52979847222223 30.73727722222222))",7dbb7818-7125-43cf-ac67-9fe543ecb8b6,POINT(117.5370701206489 30.736141546432542),a95662ad-5e24-4210-9ce3-ee2204dd3a7f,2026-02-28 14:38:33,2026-02-28 14:38:33
"1,289",九华电厂,"POLYGON((117.58695608333333 30.760841805555554,117.58847825 30.75706177777778,117.59531788888889 30.759072833333335,117.59367502777778 30.762760583333332,117.58695608333333 30.760841805555554))",418d6772-3450-47bd-bef3-5370e3d02f2e,POINT(117.59110186056319 30.759925480005247),a95662ad-5e24-4210-9ce3-ee2204dd3a7f,2026-02-28 14:38:33,2026-02-28 14:38:33
"1,290",铜陵上峰水泥码头,"POLYGON((117.72809952777779 30.845309083333333,117.73254530555556 30.84636836111111,117.73478494444444 30.84081847222222,117.73001730555556 30.83956336111111,117.72809952777779 30.845309083333333))",bd084e7d-d925-42d8-abfb-7ff36d380d4e,POINT(117.73136817627721 30.842976181204474),8c40fde8-6191-4f8f-8203-31af9757a4f5,2026-02-28 14:38:33,2026-02-28 14:38:33
"1,291",天元国际港储码头,"POLYGON((117.73366169444445 30.874008555555555,117.73833544444444 30.872569722222224,117.73661883333334 30.868914944444445,117.73169027777777 30.870618611111112,117.73366169444445 30.874008555555555))",16114c05-ab36-4f6c-ab2c-ee1be705127c,POINT(117.73508340674795 30.871501663922224),8c40fde8-6191-4f8f-8203-31af9757a4f5,2026-02-28 14:38:33,2026-02-28 14:38:33
"1,292",铜陵港长江外贸码头,"POLYGON((117.73638527777779 30.88041261111111,117.7402848888889 30.879265222222223,117.73799830555555 30.87386686111111,117.73396158333334 30.87498913888889,117.73638527777779 30.88041261111111))",1a0939b3-1516-4dd6-9693-682b9ac14c93,POINT(117.73714846808403 30.877121707086506),8c40fde8-6191-4f8f-8203-31af9757a4f5,2026-02-28 14:38:33,2026-02-28 14:38:33
"1,293",六国化工码头,"POLYGON((117.74633877777778 30.90548947222222,117.75008047222222 30.90383822222222,117.74899416666666 30.901139777777775,117.74483675 30.903182333333334,117.74633877777778 30.90548947222222))",15943bdd-87c1-4cd2-8a03-ec0130bd5daa,POINT(117.74756980287977 30.90337641759235),8c40fde8-6191-4f8f-8203-31af9757a4f5,2026-02-28 14:38:33,2026-02-28 14:38:33
"1,294",铜陵通用码头,"POLYGON((117.75197847222222 30.914271222222222,117.75513005555555 30.91281572222222,117.75000663888889 30.90403863888889,117.7463555 30.905627749999997,117.75197847222222 30.914271222222222))",febc2ae1-3129-4a65-b72b-968c5b550556,POINT(117.75080533470964 30.909092035444726),8c40fde8-6191-4f8f-8203-31af9757a4f5,2026-02-28 14:38:33,2026-02-28 14:38:33
"1,295",金源港码头,"POLYGON((117.76966488888888 30.987157472222222,117.77266225 30.987146,117.77265555555556 30.982075638888887,117.76955761111111 30.982087138888886,117.76966488888888 30.987157472222222))",987b61d8-990e-4cf8-bcec-31733f9255e2,POINT(117.7711349020705 30.984602618162665),8c40fde8-6191-4f8f-8203-31af9757a4f5,2026-02-28 14:38:33,2026-02-28 14:38:33
"1,296",宣利特港码头,"POLYGON((117.95213025 31.073925083333332,117.95498680555556 31.0691925,117.94691333333334 31.06542463888889,117.94391763888889 31.070585194444444,117.95213025 31.073925083333332))",44cccea5-341e-4f07-9d69-59ea1bc896cf,POINT(117.94943643623009 31.0697540113355),8c40fde8-6191-4f8f-8203-31af9757a4f5,2026-02-28 14:38:33,2026-02-28 14:38:33
"1,297",国电铜陵电厂,"POLYGON((117.95220597222223 31.073979138888888,117.95511616666667 31.069258027777778,117.96284094444445 31.073175055555556,117.9598905 31.07735611111111,117.95220597222223 31.073979138888888))",aa0756d7-9cda-4f75-b5ae-05799daa06c9,POINT(117.95746566207524 31.073400434132296),8c40fde8-6191-4f8f-8203-31af9757a4f5,2026-02-28 14:38:33,2026-02-28 14:38:33
"1,298",铜陵海螺码头,"POLYGON((117.73320836111111 30.869609194444443,117.73663488888889 30.868705555555557,117.73394716666667 30.86225905555556,117.73044069444444 30.8631585,117.73320836111111 30.869609194444443))",7faae32d-9105-45fc-87f0-533d77fa17da,POINT(117.73355215159057 30.865922421514774),8c40fde8-6191-4f8f-8203-31af9757a4f5,2026-02-28 14:38:33,2026-02-28 14:38:33
"1,301",华滋船厂,"POLYGON((121.79110152777777 31.699231833333332,121.78568347222222 31.689646638888888,121.8335736111111 31.67825638888889,121.87783866666666 31.679944972222223,121.87615288888888 31.691139944444444,121.83400277777777 31.69049025,121.79110152777777 31.699231833333332))",126cdc2e-c476-4b06-bd71-1b2d3e74e72c,POINT(121.8329545376907 31.687080638626234),9e7dc9e5-5986-4b0f-8a53-62023a7c9b0e,2026-02-28 14:38:33,2026-02-28 14:38:33
"1,302",莱州朱旺码头,"POLYGON((119.84718799999999 37.26794069444444,119.88838672222222 37.267044166666665,119.88672375 37.24385927777778,119.84590052777777 37.24531122222222,119.84718799999999 37.26794069444444))",7d17d959-5cfd-4af3-a051-071a8f0413d7,POINT(119.86713507911121 37.256052210531),184415be-299d-4f46-9811-d32a1f2e3866,2026-02-28 14:38:33,2026-02-28 14:38:33
"1,303",黄岛码头,"POLYGON((120.20244241666667 36.07480488888889,120.23607730555555 36.07463144444445,120.24970294444445 36.065872638888884,120.24782538888888 36.041152,120.22340655555556 36.04291738888889,120.20362258333334 36.05386025,120.20244241666667 36.07480488888889))",8c34b294-2283-49e7-bca9-0a1bf3737cfc,POINT(120.22680579475039 36.059165494916165),4e0346c3-04a5-4e62-a2f7-587f4f192a79,2026-02-28 14:38:33,2026-02-28 14:38:33
"1,305",中化泉州石化码头,"POLYGON((118.89581169444445 25.072427444444443,118.92671075 25.04657513888889,118.93920983333334 25.05794691666667,118.90761341666668 25.082776555555554,118.89581169444445 25.072427444444443))",9ebb4407-85d9-4767-8965-ecd39967ac39,POINT(118.91752848767807 25.064762815687565),5eb2e880-eb5c-4885-b56d-4576a2507985,2026-02-28 14:38:33,2026-02-28 14:38:33
"1,306",湄洲湾码头,"POLYGON((119.01166230555556 25.218584305555552,119.03987916666667 25.22474761111111,119.04406877777778 25.211401444444444,119.01573927777778 25.20516463888889,119.01166230555556 25.218584305555552))",e829fd98-5103-411b-bfa5-fb83c42c66c5,POINT(119.02783087985289 25.214967735657424),d742b9f8-5114-4a16-8d0b-028a256b754c,2026-02-28 14:38:33,2026-02-28 14:38:33
"1,307",莆头区码头,"POLYGON((118.96714619444445 25.24440063888889,118.98114730555555 25.244036722222223,118.98095505555555 25.23332111111111,118.96719533333334 25.233515222222223,118.96714619444445 25.24440063888889))",3f89b4e8-38f6-42bc-99c7-04a00d0aa2a4,POINT(118.97409341275534 25.238834501818413),d742b9f8-5114-4a16-8d0b-028a256b754c,2026-02-28 14:38:33,2026-02-28 14:38:33
"1,308",罗屿港码头,"POLYGON((119.00968983333334 25.195201277777777,119.00912655555555 25.173453138888892,119.03228377777778 25.172822,119.03265930555555 25.194934305555556,119.00968983333334 25.195201277777777))",1578d6ec-f590-459b-89b7-d0acef10b945,POINT(119.02097111825266 25.184086577309863),0573f77e-c046-4845-bd7a-8e6299f70e5d,2026-02-28 14:38:33,2026-02-28 14:38:33
"1,309",莆田集团码头,"POLYGON((118.97948977777779 25.22273869444444,118.98660994444444 25.21633161111111,118.98333094444445 25.21312236111111,118.97625527777778 25.220085527777776,118.97948977777779 25.22273869444444))",a6ce06cb-6aa3-4eb6-9e28-d6250fe97837,POINT(118.98146973959696 25.218004370417507),0573f77e-c046-4845-bd7a-8e6299f70e5d,2026-02-28 14:38:33,2026-02-28 14:38:33
"1,310",福建LNG码头,"POLYGON((118.99375725 25.212195666666666,119.00154905555556 25.212171416666667,119.0016161111111 25.206541333333334,118.99377066666666 25.20638361111111,118.99375725 25.212195666666666))",2731b9ff-84e7-44a4-95b5-6545398c6413,POINT(118.99765262360211 25.209319481935744),d742b9f8-5114-4a16-8d0b-028a256b754c,2026-02-28 14:38:33,2026-02-28 14:38:33
"1,311",莆田港集团_多用途码头,"POLYGON((118.9879716111111 25.21441175,118.99300747222222 25.211062944444443,118.99139813888888 25.20890922222222,118.98616111111112 25.212063944444445,118.9879716111111 25.21441175))",2ca5e814-aad3-4a72-b733-36d8b27a80e3,POINT(118.98959230015281 25.21163677210521),0573f77e-c046-4845-bd7a-8e6299f70e5d,2026-02-28 14:38:33,2026-02-28 14:38:33
"1,312",新晋江码头,"POLYGON((118.42763222222223 24.6477905,118.43340166666667 24.647488222222222,118.43345530555555 24.6354935,118.42786022222222 24.635539805555556,118.42763222222223 24.6477905))",896f9bd1-fca2-45e2-b284-5067ac27a003,POINT(118.43057720704132 24.64160878848067),0536656f-d8b4-4671-9530-d82a2fafe5d9,2026-02-28 14:38:33,2026-02-28 14:38:33
"1,313",石井码头,"POLYGON((118.42938825 24.631594888888888,118.43353225 24.625572527777777,118.43738122222223 24.627328055555555,118.43290194444445 24.633228416666668,118.42938825 24.631594888888888))",58edef79-f75f-4745-a901-5f18062bcbb8,POINT(118.43333317624145 24.629388669729842),0536656f-d8b4-4671-9530-d82a2fafe5d9,2026-02-28 14:38:33,2026-02-28 14:38:33
"1,314",泉州深沪码头,"POLYGON((118.66610577777779 24.63939702777778,118.66589122222223 24.62581666666667,118.68520311111112 24.624475611111112,118.68522994444444 24.638909416666667,118.66610577777779 24.63939702777778))",22e44d3e-c5dd-40e0-b07d-d6a46fd7c5aa,POINT(118.67570392983377 24.632133244934952),5eb2e880-eb5c-4885-b56d-4576a2507985,2026-02-28 14:38:33,2026-02-28 14:38:33
"1,315",揭阳干散码头,"POLYGON((116.36986791666666 23.525175972222222,116.37046538888889 23.52267363888889,116.3769898611111 23.52408158333333,116.37641988888888 23.526331833333334,116.36986791666666 23.525175972222222))",4eae5f11-cd9c-4b4b-92a9-f6ec6e7f4f74,POINT(116.37337968524976 23.52455371943448),62bd80bb-a41f-4914-a9db-d452f310b04f,2026-02-28 14:38:34,2026-02-28 14:38:34
"1,316",祥顺码头,"POLYGON((116.38573030555557 23.52426047222222,116.38800080555556 23.52214422222222,116.38644511111112 23.52087152777778,116.38426583333334 23.52260536111111,116.38573030555557 23.52426047222222))",c04171f6-e88a-4ede-b902-a3f792aecac1,POINT(116.38610471941045 23.52250204074127),62bd80bb-a41f-4914-a9db-d452f310b04f,2026-02-28 14:38:34,2026-02-28 14:38:34
"1,317",揭阳津榕码头,"POLYGON((116.38264802777778 23.526300027777776,116.385632 23.524307999999998,116.384197 23.52264797222222,116.38126 23.524566222222223,116.38264802777778 23.526300027777776))",dc26df28-5085-45d7-9eb0-378af2eb7b00,POINT(116.38343302313027 23.524461545383847),62bd80bb-a41f-4914-a9db-d452f310b04f,2026-02-28 14:38:34,2026-02-28 14:38:34
"1,318",揭阳宏东码头,"POLYGON((116.48663038888888 23.495989861111113,116.48911144444445 23.49637113888889,116.49023233333334 23.490266916666666,116.48763730555555 23.489965583333333,116.48663038888888 23.495989861111113))",708d0de7-66d5-46eb-ae7d-5e5c46c8cd6a,POINT(116.4884095251087 23.493129369603405),62bd80bb-a41f-4914-a9db-d452f310b04f,2026-02-28 14:38:34,2026-02-28 14:38:34
"1,319",揭阳利宏基码头,"POLYGON((116.48189727777778 23.47401511111111,116.48448561111111 23.472944888888886,116.48171622222222 23.467556833333333,116.47883283333333 23.468768555555553,116.48189727777778 23.47401511111111))",7be664fa-f299-4fd3-b51e-2031eedb3dc4,POINT(116.4817066829248 23.47077195662429),62bd80bb-a41f-4914-a9db-d452f310b04f,2026-02-28 14:38:34,2026-02-28 14:38:34
"1,320",揭阳泰都钢厂码头,"POLYGON((116.50305488888888 23.445192583333334,116.50959275 23.44526025,116.50960616666667 23.442374972222222,116.50314205555556 23.44238727777778,116.50305488888888 23.445192583333334))",b962914e-39e9-4b54-b8f3-5f865f84a38b,POINT(116.50636408275487 23.443806576609195),62bd80bb-a41f-4914-a9db-d452f310b04f,2026-02-28 14:38:34,2026-02-28 14:38:34
"1,321",汕头干散码头,"POLYGON((116.55585769444444 23.40066661111111,116.56008216666666 23.40142969444444,116.56192216666666 23.392900027777777,116.55768161111111 23.39160761111111,116.55585769444444 23.40066661111111))",0f8c2391-dab4-44b9-beb0-4fd46219f6fd,POINT(116.55887018917633 23.396625291367748),1274ac71-c72d-49ed-8bf7-2ea3f9f2a939,2026-02-28 14:38:34,2026-02-28 14:38:34
"1,322",广东中石化昆仑液化石油气公司,"POLYGON((116.65136925 23.33948838888889,116.65238177777778 23.336748555555555,116.6488063888889 23.33557075,116.64776166666667 23.33846636111111,116.65136925 23.33948838888889))",fbeedb5c-949b-435f-91f1-b0222fd77dee,POINT(116.65006447611819 23.337562216661418),1274ac71-c72d-49ed-8bf7-2ea3f9f2a939,2026-02-28 14:38:34,2026-02-28 14:38:34
"1,323",汕头四公司码头,"POLYGON((116.73085525 23.33696111111111,116.7407526111111 23.32794963888889,116.7457415 23.333084777777778,116.73529430555556 23.341246277777778,116.73085525 23.33696111111111))",1988245e-adbb-4447-ba5f-740bd1cc06c8,POINT(116.73828281691846 23.33469594668162),1274ac71-c72d-49ed-8bf7-2ea3f9f2a939,2026-02-28 14:38:34,2026-02-28 14:38:34
"1,324",暹罗LPG码头,"POLYGON((116.78266816666667 23.213441749999998,116.78918591666667 23.21319522222222,116.78870313888889 23.200400916666666,116.78194397222222 23.20059813888889,116.78266816666667 23.213441749999998))",452bc9fc-c264-4b04-b7e5-90b21cdf478e,POINT(116.78562101804535 23.206870675279003),1274ac71-c72d-49ed-8bf7-2ea3f9f2a939,2026-02-28 14:38:34,2026-02-28 14:38:34
"1,325",汕头广澳码头,"POLYGON((116.76574183333334 23.228416,116.7779245 23.22821997222222,116.78079447222223 23.22733263888889,116.77870233333333 23.21672122222222,116.76456486111111 23.215383555555555,116.76542733333334 23.22552738888889,116.76574183333334 23.228416))",72fe7ff2-9fdf-4267-a00c-94be2cf4c7f9,POINT(116.77227381120974 23.22221901546997),1274ac71-c72d-49ed-8bf7-2ea3f9f2a939,2026-02-28 14:38:34,2026-02-28 14:38:34
"1,326",汕头华能海门电厂,"POLYGON((116.66173833333333 23.191546944444443,116.65229694444444 23.177641,116.66817561111111 23.168665444444446,116.67847530555557 23.1837805,116.66173833333333 23.191546944444443))",77206225-2b7b-4441-96af-4c93ef41da06,POINT(116.6652874042137 23.180351658649517),1274ac71-c72d-49ed-8bf7-2ea3f9f2a939,2026-02-28 14:38:34,2026-02-28 14:38:34
"1,327",揭阳南海炼油厂,"POLYGON((116.24215511111112 22.932417305555557,116.22555225 22.921053833333335,116.23780994444445 22.90455036111111,116.25588802777777 22.916508166666667,116.24215511111112 22.932417305555557))",310bd0e0-c718-40ee-8ba8-1efe9d3ad53e,POINT(116.2404535623477 22.918549149144223),62bd80bb-a41f-4914-a9db-d452f310b04f,2026-02-28 14:38:34,2026-02-28 14:38:34
"1,328",前詹作业区通用码头,"POLYGON((116.38213155555555 22.931465972222224,116.39627752777778 22.93405475,116.40055833333334 22.920225916666666,116.3854575 22.91736016666667,116.38213155555555 22.931465972222224))",9fe3c2d4-fde0-4d0b-b481-398cba3d1a27,POINT(116.39111926929286 22.925697128521925),62bd80bb-a41f-4914-a9db-d452f310b04f,2026-02-28 14:38:34,2026-02-28 14:38:34
"1,329",广东粤电靖海电厂,"POLYGON((116.54106022222221 23.005279972222223,116.55439080555556 23.000465555555557,116.54567361111111 22.982169166666665,116.53274536111111 22.98681141666667,116.54106022222221 23.005279972222223))",e2e2f7d9-0f24-490e-9f51-3c39e9e49010,POINT(116.54348844095067 22.993730234358406),76d996aa-3c28-4818-8df8-8e6954cd892c,2026-02-28 14:38:34,2026-02-28 14:38:34
"1,330",盐田西港区,"POLYGON((114.24769977777778 22.571042722222224,114.2576776111111 22.56029313888889,114.24515508333333 22.551482500000002,114.23692069444445 22.560758972222224,114.24769977777778 22.571042722222224))",6118edf9-b757-4ee4-a064-350541284cde,POINT(114.24703958064065 22.561009875681354),3a959d41-20b7-4a0b-a42f-9ff6c36f1463,2026-02-28 14:38:34,2026-02-28 14:38:34
"1,331",盐田国际集装箱码头,"POLYGON((114.27159986111111 22.587984,114.24802136111111 22.570905944444444,114.25781375 22.560338055555555,114.26763061111112 22.567174305555554,114.27806583333333 22.55639963888889,114.29241377777778 22.567031583333332,114.27159986111111 22.587984))",0e19794d-23b4-4cf8-8903-b63ec4bb372d,POINT(114.27067465026366 22.571444402478786),3a959d41-20b7-4a0b-a42f-9ff6c36f1463,2026-02-28 14:38:34,2026-02-28 14:38:34
"1,332",中海油深圳液化天然气码头,"POLYGON((114.42844775 22.599046972222222,114.44712716666668 22.569684,114.43419891666667 22.563194666666668,114.41616666666667 22.59310475,114.42844775 22.599046972222222))",714dbfd9-3bc1-487c-8e34-4b27d3083604,POINT(114.43157059928356 22.581106548778283),e7ad8769-bd8b-4da5-97fa-aee39d01cce4,2026-02-28 14:38:34,2026-02-28 14:38:34
"1,333",马鞭洲中海油原油码头,"POLYGON((114.6417273888889 22.671613361111113,114.65985258333333 22.671458666666666,114.65997597222223 22.682654916666667,114.64189788888889 22.682654916666667,114.6417273888889 22.671613361111113))",41fef3c6-92ce-42d6-89e5-85757fbc873b,POINT(114.65088438354402 22.6770928597244),21310145-4091-49d2-a6e1-a6f51d01743a,2026-02-28 14:38:34,2026-02-28 14:38:34
"1,334",马鞭洲GPC码头,"POLYGON((114.64180252777778 22.671393222222225,114.65980911111112 22.671257083333334,114.65983616666668 22.650014416666664,114.64133136111111 22.650022777777778,114.64180252777778 22.671393222222225))",e902b371-a3c2-48b6-8728-8e328a121ce5,POINT(114.65068502416304 22.660623586152838),21310145-4091-49d2-a6e1-a6f51d01743a,2026-02-28 14:38:34,2026-02-28 14:38:34
"1,335",欧德油储大亚湾码头,"POLYGON((114.61491963888888 22.74627727777778,114.62103408333333 22.748553277777777,114.62804805555555 22.73288236111111,114.62182580555555 22.73075447222222,114.61491963888888 22.74627727777778))",0a0a99f9-705c-4d02-88aa-f89db1ca118f,POINT(114.62146558360836 22.73961115951979),21310145-4091-49d2-a6e1-a6f51d01743a,2026-02-28 14:38:34,2026-02-28 14:38:34
"1,336",东联中海油成品油码头,"POLYGON((114.60577547222222 22.743990361111113,114.61441216666667 22.74695375,114.62197599999999 22.730132305555554,114.61317836111111 22.72681722222222,114.60577547222222 22.743990361111113))",92d3990a-f500-4873-9186-8d497ec17f8c,POINT(114.61384416349769 22.73692521827034),21310145-4091-49d2-a6e1-a6f51d01743a,2026-02-28 14:38:34,2026-02-28 14:38:34
"1,337",惠州港业码头,"POLYGON((114.55000658333333 22.697218916666667,114.57790680555556 22.696719027777778,114.57794911111111 22.6842805,114.54978591666666 22.684577472222223,114.55000658333333 22.697218916666667))",2bc7c47d-5b75-4a06-a24e-d34a78363f74,POINT(114.56387354269309 22.69068977767323),21310145-4091-49d2-a6e1-a6f51d01743a,2026-02-28 14:38:34,2026-02-28 14:38:34
"1,338",东莞沈粮食品工业有限公司,"POLYGON((113.56241386111111 22.981411166666664,113.55711452777777 22.976166361111108,113.55877552777777 22.974704305555555,113.56423777777778 22.980114777777775,113.56241386111111 22.981411166666664))",e452df8b-87fe-4a37-8ea7-896e3c6e972b,POINT(113.56063925642515 22.97809499714143),0e07092d-d78a-447e-a652-23ceecf1c230,2026-02-28 14:38:34,2026-02-28 14:38:34
"1,339",湛江石化码头,"POLYGON((110.40321225000001 21.164288166666665,110.41030669444444 21.16227461111111,110.40951202777778 21.156369305555554,110.40961930555557 21.145387638888888,110.40141175000001 21.148714722222223,110.40321225000001 21.164288166666665))",e7dff16f-e914-4712-b9ab-838c0d2db8ca,POINT(110.4060175672763 21.15495515737465),9ddb764d-aa1f-4064-9696-9ba7cc7a7c00,2026-02-28 14:38:34,2026-02-28 14:38:34
"1,340",湛江港宝满集装箱码头,"POLYGON((110.39627850000001 21.13921788888889,110.40310411111112 21.13356197222222,110.39614377777778 21.12651922222222,110.38919686111112 21.132811444444446,110.39627850000001 21.13921788888889))",43183dde-de3b-41d9-b99e-f0fad05025bb,POINT(110.3961695663656 21.13297345402728),9ddb764d-aa1f-4064-9696-9ba7cc7a7c00,2026-02-28 14:38:34,2026-02-28 14:38:34
"1,341",湛江港(集团) 三公司,"POLYGON((110.41467094444445 21.30482602777778,110.41474008333334 21.28880925,110.42109691666667 21.288746777777778,110.42083425 21.304800500000002,110.41467094444445 21.30482602777778))",6d7d19a1-5dd3-4775-96ce-0a76859755fd,POINT(110.4178371329398 21.296754399015725),9ddb764d-aa1f-4064-9696-9ba7cc7a7c00,2026-02-28 14:38:34,2026-02-28 14:38:34
"1,342",钦州干散码头,"POLYGON((108.63294458333333 21.734964083333335,108.63215333333332 21.728510888888888,108.63572066666667 21.727987638888887,108.63649852777779 21.734602805555557,108.63294458333333 21.734964083333335))",d6dad70e-e3c2-4a29-b1b6-f2d9ac2b0cf9,POINT(108.63433585643236 21.731510515428916),8ad2e326-0537-4581-a138-d9bb6cf84ef5,2026-02-28 14:38:34,2026-02-28 14:38:34
"1,343",永衡码头,"POLYGON((109.55750027777778 21.61621088888889,109.56028977777777 21.612956722222222,109.56319997222222 21.61512616666667,109.56914105555555 21.60965263888889,109.57368741666666 21.61353027777778,109.56511775 21.62198338888889,109.55750027777778 21.61621088888889))",f5119409-f9c5-4b2f-909a-092f0f8e8908,POINT(109.56585064399664 21.61580510262743),7669d001-ddcf-4afe-bad2-7fc3cb072d94,2026-02-28 14:38:34,2026-02-28 14:38:34
"1,344",上海中油天宝码头,"POLYGON((121.46003994444445 31.103650861111113,121.46588044444445 31.104282416666667,121.46620230555556 31.102554222222224,121.46113294444444 31.100923611111114,121.46003994444445 31.103650861111113))",b39368c4-eb5e-4f6a-a08c-2ec51ec7e8a9,POINT(121.46308742770367 31.102821263175162),02c24555-7846-427a-bcf3-a04472331270,2026-02-28 14:38:34,2026-02-28 14:38:34
"1,345",龙吴码头,"POLYGON((121.45589694444445 31.100999555555557,121.45994091666667 31.095018305555556,121.46284275000001 31.08774686111111,121.46573955555556 31.08819475,121.46259277777779 31.095936444444444,121.45844875 31.101999777777777,121.45589694444445 31.100999555555557))",5bc0b65f-c071-477d-844a-7aeefeb178a0,POINT(121.46115165467316 31.094837240933884),02c24555-7846-427a-bcf3-a04472331270,2026-02-28 14:38:34,2026-02-28 14:38:34
"1,346",三沙港口码头,"POLYGON((120.23703194444444 26.93796038888889,120.24116255555556 26.935258305555557,120.24363019444445 26.93866577777778,120.24070658333333 26.940148305555557,120.23703194444444 26.93796038888889))",66398910-9ac7-4f0e-9770-13622970e504,POINT(120.24055298766045 26.93788727745542),95bd81b0-6088-433b-9bab-7232f3f40d1e,2026-02-28 14:38:34,2026-02-28 14:38:34
"1,347",泉州后渚码头,"POLYGON((118.68208008333333 24.892994944444442,118.67873233333334 24.89109536111111,118.68694827777779 24.87972211111111,118.69022058333334 24.881729555555555,118.68208008333333 24.892994944444442))",55834d0b-8b81-4c0e-a0c9-5c181ed8e47e,POINT(118.6844930748293 24.886383460066295),5eb2e880-eb5c-4885-b56d-4576a2507985,2026-02-28 14:38:34,2026-02-28 14:38:34
"1,348",古雷北码头,"POLYGON((117.57938430555555 23.78728488888889,117.58393066666666 23.787223555555556,117.58355513888888 23.778375305555553,117.57895516666666 23.778510305555553,117.57938430555555 23.78728488888889))",ab8c8d08-ca27-4108-a57b-f91fa0bb85f0,POINT(117.58145903541624 23.78283930750731),43426cc8-70c5-4dfb-952b-08a250f2bc61,2026-02-28 14:38:34,2026-02-28 14:38:34
"1,349",漳州古雷电厂,"POLYGON((117.57604219444444 23.77810775,117.5845716111111 23.777862305555555,117.5840083611111 23.763085194444443,117.575318 23.763281583333335,117.57604219444444 23.77810775))",30013564-561f-4e6d-a4ae-ed1901e26939,POINT(117.57998147809568 23.770561548184443),43426cc8-70c5-4dfb-952b-08a250f2bc61,2026-02-28 14:38:34,2026-02-28 14:38:34
"1,350",福建漳州古雷石化码头,"POLYGON((117.58094619444444 23.762412527777776,117.58818816666667 23.762486194444445,117.58802722222222 23.746725277777777,117.58075844444444 23.746676166666667,117.58094619444444 23.762412527777776))",827ad6b2-c011-4d08-8467-e6831a6c77ca,POINT(117.58448090423897 23.75457015137039),43426cc8-70c5-4dfb-952b-08a250f2bc61,2026-02-28 14:38:34,2026-02-28 14:38:34
"1,351",古雷码头,"POLYGON((117.57545444444445 23.744369111111112,117.58806083333333 23.744639194444446,117.58776580555555 23.725806777777777,117.57513258333333 23.725659444444442,117.57545444444445 23.744369111111112))",c105e464-7322-4812-ab82-ce146b336e3b,POINT(117.58161026171507 23.735115169082388),43426cc8-70c5-4dfb-952b-08a250f2bc61,2026-02-28 14:38:34,2026-02-28 14:38:34
"1,352",潮州大唐电厂,"POLYGON((117.10340127777778 23.567434305555555,117.11093827777778 23.560513472222222,117.10734413888888 23.55389963888889,117.09774183333333 23.562972055555555,117.10340127777778 23.567434305555555))",afa569d3-dc98-485d-b74e-5fa615f6ae1d,POINT(117.10477497905903 23.56107280031774),1d675030-d3bc-430c-8736-28b096aeaf21,2026-02-28 14:38:34,2026-02-28 14:38:34
"1,353",潮州亚太码头,"POLYGON((117.09548372222221 23.560977805555556,117.10206855555555 23.555359777777777,117.10068722222222 23.550282444444445,117.0917688611111 23.557572611111112,117.09548372222221 23.560977805555556))",9b8cc7b2-d96a-4b36-989b-df3818b65af4,POINT(117.09741364676368 23.55596959523541),1d675030-d3bc-430c-8736-28b096aeaf21,2026-02-28 14:38:34,2026-02-28 14:38:34
"1,354",小红山港码头,"POLYGON((116.96931394444445 23.61197788888889,116.97555008333333 23.612070055555556,116.9755433888889 23.608887361111112,116.96931394444445 23.608758333333334,116.96931394444445 23.61197788888889))",632b3a2f-ff73-4573-9969-d154634b2306,POINT(116.97242434028522 23.610423591424453),1d675030-d3bc-430c-8736-28b096aeaf21,2026-02-28 14:38:34,2026-02-28 14:38:34
"1,355",天津港高沙岭港区新兴建材码头,"POLYGON((117.73594475 38.861367083333334,117.7512556111111 38.85766133333333,117.7483561388889 38.85055536111111,117.73287980555556 38.854294333333335,117.73594475 38.861367083333334))",964f88e6-b69f-4988-bd0a-59009b4ca19e,POINT(117.74210533147607 38.85596354645485),975e3c8d-c089-4058-b7ad-24fc69898e3d,2026-02-28 14:38:35,2026-02-28 14:38:35
"1,356",上海石化金山码头,"POLYGON((121.27935730555555 30.69546738888889,121.28423891666667 30.679621055555558,121.30009077777777 30.68289663888889,121.29451177777777 30.698188916666666,121.27935730555555 30.69546738888889))",b875d18a-b864-404f-8aa1-ae7ae4f7efd9,POINT(121.28954035801453 30.688967753699796),8a7efcc9-c97c-484f-a5bc-4a6d908a58f7,2026-02-28 14:38:35,2026-02-28 14:38:35
"1,357",南京华润电厂,"POLYGON((118.62977919444444 31.955150694444445,118.63272294444444 31.952943194444444,118.62740194444444 31.948059555555556,118.62422761111111 31.950575694444442,118.62977919444444 31.955150694444445))",224afb0f-f36e-44da-aa82-fbd67d783a3a,POINT(118.62849072595583 31.95163945011038),b2803b63-2aae-4cee-8c6c-2a873260085b,2026-02-28 14:38:35,2026-02-28 14:38:35
"1,358",梅山钢铁码头,"POLYGON((118.62258999999999 31.951808277777776,118.62679880555555 31.948455972222224,118.60825958333332 31.927900166666667,118.60306949999999 31.93117816666667,118.60889358333333 31.93843236111111,118.62258999999999 31.951808277777776))",34e77368-309e-456e-a0d7-67d11c1a2963,POINT(118.61476623656301 31.939692497576996),b2803b63-2aae-4cee-8c6c-2a873260085b,2026-02-28 14:38:35,2026-02-28 14:38:35
"1,359",南京中储库码头,"POLYGON((118.53081411111111 31.823942111111112,118.53541411111111 31.822358194444444,118.52597188888889 31.804543694444444,118.52099638888889 31.80645613888889,118.53081411111111 31.823942111111112))",9424417f-9bc6-46ef-84a0-40e06c6160ca,POINT(118.52822519646868 31.81418160457963),b2803b63-2aae-4cee-8c6c-2a873260085b,2026-02-28 14:38:35,2026-02-28 14:38:35
"1,360",马鞍山电厂,"POLYGON((118.47244988888889 31.756688277777776,118.47819247222222 31.753895333333332,118.47529566666667 31.749816805555557,118.46959502777779 31.752578194444446,118.47244988888889 31.756688277777776))",abc86a75-4b0a-4677-acf2-06459de1f4fb,POINT(118.4738842940374 31.753247975722378),ea95431a-4af9-467b-a236-3a1042e9bac3,2026-02-28 14:38:35,2026-02-28 14:38:35
"1,361",马鞍山长江码头,"POLYGON((118.49990277777778 31.77777025,118.49346547222223 31.772343361111112,118.48994911111112 31.775370388888888,118.49653661111111 31.780643194444444,118.49990277777778 31.77777025))",bb5488f6-0f07-4652-a154-e15f167f0f93,POINT(118.49493809164282 31.776509816273816),ea95431a-4af9-467b-a236-3a1042e9bac3,2026-02-28 14:38:35,2026-02-28 14:38:35
"1,362",马鞍山钢铁码头,"POLYGON((118.46942766666668 31.752417333333334,118.47524541666667 31.74971963888889,118.46127433333334 31.726741583333332,118.45505102777778 31.729287499999998,118.46942766666668 31.752417333333334))",d1c581d7-97c3-4f9d-842b-b83845cb7f97,POINT(118.46519565325198 31.73946537474559),ea95431a-4af9-467b-a236-3a1042e9bac3,2026-02-28 14:38:35,2026-02-28 14:38:35
"1,363",天津太平洋国际集装箱码头,"POLYGON((117.81166133333333 38.97794366666667,117.830705 38.97485761111111,117.82922980555556 38.968997944444446,117.81002516666666 38.97227191666667,117.81166133333333 38.97794366666667))",b292a4f3-154c-42f4-97ea-2b66e99a60dc,POINT(117.82044658330315 38.973505606283325),975e3c8d-c089-4058-b7ad-24fc69898e3d,2026-02-28 14:38:35,2026-02-28 14:38:35
"1,364",氯碱码头,"POLYGON((121.48479861111112 31.026164916666666,121.487454 31.02681422222222,121.4890365 31.02230913888889,121.4862135 31.021642555555555,121.48479861111112 31.026164916666666))",736a02bb-7c44-4fe4-9d7b-85acafd9679e,POINT(121.48688404902781 31.02421092112155),02c24555-7846-427a-bcf3-a04472331270,2026-02-28 14:38:35,2026-02-28 14:38:35
"1,365",大榭集装箱码头,"POLYGON((121.93290027777778 29.944481500000002,121.9379828888889 29.937586194444446,121.92014619444446 29.927800333333334,121.91478177777779 29.935749972222222,121.93290027777778 29.944481500000002))",af5e2560-5fb3-4a16-ac52-51dbd2fe5e49,POINT(121.92628326850459 29.936301364149994),e86dff3d-0099-4f8f-8d65-e7bfe2567db2,2026-02-28 14:38:35,2026-02-28 14:38:35
"1,366",大榭永鑫码头,"POLYGON((121.92537416666667 29.92392988888889,121.92977300000001 29.913049972222222,121.92476791666667 29.911625638888886,121.92086805555556 29.922814055555556,121.92537416666667 29.92392988888889))",b58aaa34-b52c-4dc7-84c9-03c46b62d3e1,POINT(121.92523069964643 29.91774530437146),e86dff3d-0099-4f8f-8d65-e7bfe2567db2,2026-02-28 14:38:35,2026-02-28 14:38:35
"1,367",修理码头,"POLYGON((121.98477127777778 29.895867027777776,121.99245580555555 29.891762805555555,121.99841030555555 29.893471944444443,121.99910769444445 29.898622472222222,121.99423558333334 29.90206525,121.98656447222223 29.89900763888889,121.98477127777778 29.895867027777776))",e9871400-9a51-46d4-a8cb-25efcc191b9b,POINT(121.9926590093351 29.896770966509767),e86dff3d-0099-4f8f-8d65-e7bfe2567db2,2026-02-28 14:38:35,2026-02-28 14:38:35
"1,368",大榭中石油燃料油码头,"POLYGON((122.00097505555556 29.91257061111111,121.99268702777778 29.914128277777777,121.99516805555555 29.920614444444446,121.98094586111111 29.931070611111114,121.97133925 29.940628305555556,121.96292091666668 29.948867944444444,121.95451219444445 29.945126138888888,121.94807747222222 29.95450138888889,121.9664745 29.963120055555557,121.97985872222222 29.949385916666667,121.99946575 29.931429416666667,122.00364686111111 29.921559916666666,122.00097505555556 29.91257061111111))",13a31771-0b90-445e-a0e3-15fc7d157afd,POINT(121.97832319621047 29.94068201341808),e86dff3d-0099-4f8f-8d65-e7bfe2567db2,2026-02-28 14:38:35,2026-02-28 14:38:35
"1,369",宏运码头,"POLYGON((121.88991405555556 30.072545694444443,121.89589538888889 30.062610638888888,121.906391 30.06661811111111,121.89935019444445 30.076575972222223,121.88991405555556 30.072545694444443))",3e79b368-b3c1-4b7d-bcce-4c522e50ba2f,POINT(121.89796238189632 30.069530861207745),4083f670-b01b-4fd3-9c17-e010ffb412d8,2026-02-28 14:38:35,2026-02-28 14:38:35
"1,370",修理码头,"POLYGON((121.89271502777778 29.16634033333333,121.89866952777778 29.167851000000002,121.90015144444445 29.164648138888886,121.89395555555556 29.16286222222222,121.89271502777778 29.16634033333333))",03d66b7b-f76e-4417-9475-6b03ea39ab47,POINT(121.89635020816559 29.165403069785942),07c7deb3-96e5-40c8-86d0-989126b1ecf1,2026-02-28 14:38:35,2026-02-28 14:38:35
"1,371",小门屿码头,"POLYGON((121.06536833333332 28.010679194444446,121.0670045 28.00700872222222,121.07219455555555 28.00900975,121.08070252777777 28.0064605,121.08223674999999 28.011190694444444,121.07253522222221 28.013055472222224,121.06536833333332 28.010679194444446))",d1e3d819-9e8d-4c0c-924b-fe3af42cf74a,POINT(121.07413227290516 28.00996545690939),88121609-71c6-4652-b18d-8046dd3b127c,2026-02-28 14:38:35,2026-02-28 14:38:35
"1,372",小门岛码头,"POLYGON((121.05876549999999 28.00700038888889,121.06013341666666 28.004732916666665,121.0650955 28.006710277777778,121.06369405555556 28.008971805555557,121.05876549999999 28.00700038888889))",1c27d6fc-b549-489f-b6fd-5528c969ee8b,POINT(121.06192390352236 28.00685314197052),88121609-71c6-4652-b18d-8046dd3b127c,2026-02-28 14:38:35,2026-02-28 14:38:35
"1,373",温州海运码头,"POLYGON((120.91188222222223 27.982063861111108,120.91557025 27.981021638888887,120.91338425000001 27.97547883333333,120.90981691666667 27.976710583333332,120.91188222222223 27.982063861111108))",3edb1d9b-f6d3-4b36-a6c5-16b859a35d8b,POINT(120.91267668474468 27.978820418857918),88121609-71c6-4652-b18d-8046dd3b127c,2026-02-28 14:38:35,2026-02-28 14:38:35
"1,374",石湖港油轮码头,"POLYGON((118.70938219444444 24.82060261111111,118.71335186111111 24.820578277777777,118.71325797222222 24.81671961111111,118.71195711111112 24.815234555555556,118.70918102777777 24.815258888888888,118.70938219444444 24.82060261111111))",06b30801-7d97-442e-8992-dbed0e24a48f,POINT(118.71121401517544 24.818008667922758),5eb2e880-eb5c-4885-b56d-4576a2507985,2026-02-28 14:38:35,2026-02-28 14:38:35
"1,375",泉州太平洋集装箱码头,"POLYGON((118.71352147222223 24.820597833333334,118.71340077777778 24.816398333333336,118.71285091666667 24.81586275,118.71523808333333 24.813440361111113,118.74362161111111 24.812088833333334,118.74394347222223 24.819937777777778,118.71352147222223 24.820597833333334))",86948cdb-c86e-4d63-9ff5-8e71dc63c7d5,POINT(118.72896288717072 24.816549541047163),5eb2e880-eb5c-4885-b56d-4576a2507985,2026-02-28 14:38:35,2026-02-28 14:38:35
"1,376",九江电厂,"POLYGON((112.91317080555557 22.894709666666667,112.92061394444445 22.893597749999998,112.91774397222223 22.882045666666667,112.91039472222222 22.88310825,112.91317080555557 22.894709666666667))",dea952af-a892-4718-8df7-f5775f41c6d2,POINT(112.91548228726558 22.888378939322834),4f213250-6144-4142-88b4-9e4f37d77c71,2026-02-28 14:38:35,2026-02-28 14:38:35
"1,377",修理码头,"POLYGON((113.08016608333332 22.253334777777777,113.0900366111111 22.253880916666667,113.09183369444445 22.22677022222222,113.08166811111111 22.22657158333333,113.08016608333332 22.253334777777777))",16a618f1-4e1c-404b-9427-4513a8ebc089,POINT(113.0859409575933 22.24007858149407),2045f201-4efc-416f-9680-55b950866b8c,2026-02-28 14:38:35,2026-02-28 14:38:35
"1,378",鑫鹏码头,"POLYGON((113.06301927777777 22.328958749999998,113.06313997222222 22.322495361111113,113.0675656111111 22.32255738888889,113.06748272222222 22.329043333333335,113.06301927777777 22.328958749999998))",e8456daa-16c0-43cb-8207-3a19a6063e79,POINT(113.0653030773008 22.325768360362236),2045f201-4efc-416f-9680-55b950866b8c,2026-02-28 14:38:35,2026-02-28 14:38:35
"1,379",后石码头,"POLYGON((118.09656836111111 24.36403588888889,118.09266491666666 24.359724555555555,118.10028238888889 24.354287833333334,118.10437358333333 24.359112472222222,118.09656836111111 24.36403588888889))",640709ff-3963-4a0e-8b4e-7c5827d87f21,POINT(118.0985218517089 24.35924400441779),c4ea2c8a-9eab-4edd-a0c4-6390f8786a78,2026-02-28 14:38:35,2026-02-28 14:38:35
"1,380",漳浦六鳌重装码头,"POLYGON((117.78722566666667 23.96496086111111,117.78619569444444 23.95998036111111,117.79101294444445 23.959294055555556,117.79150647222222 23.964451055555553,117.78722566666667 23.96496086111111))",1c6ee21b-06e8-4836-88fc-90255a202615,POINT(117.78898526285043 23.96211930031963),43426cc8-70c5-4dfb-952b-08a250f2bc61,2026-02-28 14:38:35,2026-02-28 14:38:35
"1,381",厦门市高屿码头,"POLYGON((118.03761844444445 24.448050583333334,118.03907755555555 24.455707555555556,118.04699544444445 24.454750472222223,118.04596547222222 24.44750363888889,118.03761844444445 24.448050583333334))",7b1fabc2-9221-4c79-8581-f55b193f25e9,POINT(118.04236941355765 24.45147966815105),a58be882-85bc-4547-b7b9-ca39f53ae2be,2026-02-28 14:38:35,2026-02-28 14:38:35
"1,382",明峰码头,"POLYGON((117.96844338888889 24.40287188888889,117.97020291666666 24.39716588888889,117.99457883333334 24.403731694444442,117.99213266666666 24.409750027777775,117.96844338888889 24.40287188888889))",bfd44f77-8577-4059-acb9-cbdc68ba8440,POINT(117.98149986266712 24.40341306242271),c4ea2c8a-9eab-4edd-a0c4-6390f8786a78,2026-02-28 14:38:35,2026-02-28 14:38:35
"1,383",宁德修理码头,"POLYGON((119.69794808333334 26.81060527777778,119.70572647222222 26.79488838888889,119.7139206388889 26.79834191666667,119.70590083333333 26.813526916666667,119.69794808333334 26.81060527777778))",82cc971b-eb16-45a2-a388-e65adae4ea60,POINT(119.70589301468816 26.804266261036346),95bd81b0-6088-433b-9bab-7232f3f40d1e,2026-02-28 14:38:35,2026-02-28 14:38:35
"1,384",宁德大唐电厂,"POLYGON((119.72347152777778 26.757370666666667,119.73246369444445 26.757449305555557,119.73272705555556 26.748482916666667,119.73538347222222 26.740176194444444,119.73148083333334 26.738032333333333,119.72371586111112 26.742032583333334,119.72347152777778 26.757370666666667))",246bf14c-e5d1-4663-ab17-a5e1cdfcb446,POINT(119.72871280875769 26.748105751263896),95bd81b0-6088-433b-9bab-7232f3f40d1e,2026-02-28 14:38:35,2026-02-28 14:38:35
"1,385",华锦港区,"POLYGON((118.73610833333333 24.72087122222222,118.74114747222222 24.716036444444445,118.74526733333333 24.719954277777777,118.74017166666667 24.724407888888887,118.73610833333333 24.72087122222222))",9b307f18-f857-4923-a6c6-2567574fca71,POINT(118.74068601573816 24.720283990003256),5eb2e880-eb5c-4885-b56d-4576a2507985,2026-02-28 14:38:35,2026-02-28 14:38:35
"1,386",上海亿升海运仓储码头,"POLYGON((121.6234718611111 31.359068055555557,121.61771852777777 31.352162250000003,121.62411558333332 31.34905847222222,121.62926541666666 31.356422611111114,121.6234718611111 31.359068055555557))",4b7287c3-f61a-4334-9170-b300d462e642,POINT(121.62359968564303 31.354105172098347),665abb5f-21e9-48b3-91a0-5cf6542c8295,2026-02-28 14:38:35,2026-02-28 14:38:35
"1,387",上海江南码头,"POLYGON((121.72407005555556 31.36288702777778,121.71614047222222 31.353390166666667,121.74067322222223 31.332864444444443,121.75122375 31.340640777777775,121.72407005555556 31.36288702777778))",10791fb7-03a5-47cd-ba0a-f6a538d60621,POINT(121.73315668821489 31.34746243517683),9e7dc9e5-5986-4b0f-8a53-62023a7c9b0e,2026-02-28 14:38:36,2026-02-28 14:38:36
"1,388",上海修理码头,"POLYGON((121.75627811111111 31.31809575,121.76840169444445 31.325748694444446,121.75842388888888 31.335462944444444,121.74670261111112 31.327856583333332,121.75627811111111 31.31809575))",ff37e189-9f11-4c99-99ce-8f89679cafc3,POINT(121.75748335875753 31.326780766988165),9e7dc9e5-5986-4b0f-8a53-62023a7c9b0e,2026-02-28 14:38:36,2026-02-28 14:38:36
"1,390",华润大东修理码头,"POLYGON((121.44449958333334 31.60144086111111,121.43782272222222 31.59156213888889,121.46890769444444 31.57799922222222,121.47432575 31.587595916666665,121.44449958333334 31.60144086111111))",89a76624-90ff-4f9b-b9a1-e0ceac6fcc08,POINT(121.45620208746699 31.58970473707319),9e7dc9e5-5986-4b0f-8a53-62023a7c9b0e,2026-02-28 14:38:36,2026-02-28 14:38:36
"1,391",上海崇明国际货运码头,"POLYGON((121.49570180555556 31.5786205,121.50899216666667 31.57231361111111,121.50424463888889 31.565217833333335,121.49068877777778 31.571452083333334,121.49570180555556 31.5786205))",8903aaf5-1d5a-4cd4-82fd-e25969556a3b,POINT(121.49987851925864 31.571904685399307),9e7dc9e5-5986-4b0f-8a53-62023a7c9b0e,2026-02-28 14:38:36,2026-02-28 14:38:36
"1,392",军工路货运码头,"POLYGON((121.51263722222222 31.352399861111113,121.51120225 31.350487222222224,121.51839055555556 31.346553,121.52004683333334 31.348929583333334,121.51263722222222 31.352399861111113))",9dab794b-7d16-4033-84e6-2bb2699ba1d4,POINT(121.51568742581892 31.34952968842931),02c24555-7846-427a-bcf3-a04472331270,2026-02-28 14:38:36,2026-02-28 14:38:36
"1,393",上海集装箱码头有限公司军工路码头,"POLYGON((121.50395783333333 31.357257361111113,121.50248725 31.355798833333335,121.51113897222223 31.35059091666667,121.51255383333333 31.352411916666668,121.50395783333333 31.357257361111113))",d034a8e4-9731-433b-bb3d-629a26580cf7,POINT(121.50762661832445 31.353955110553823),02c24555-7846-427a-bcf3-a04472331270,2026-02-28 14:38:36,2026-02-28 14:38:36
"1,394",鑫海码头,"POLYGON((119.59685586111111 25.69918888888889,119.60595388888888 25.694896416666666,119.60949441666666 25.70150908333333,119.60071822222221 25.705337305555556,119.59685586111111 25.69918888888889))",dca29426-c260-4f0f-839f-0cad72c3e572,POINT(119.60326882894444 25.700191741668014),690292cd-7bf9-4245-b3e0-e129de08f901,2026-02-28 14:38:36,2026-02-28 14:38:36
"1,395",福州港沙埕港区福建鼎盛钢铁有限公司配套码头,"POLYGON((120.32359669444445 27.217521416666663,120.33850977777777 27.22713822222222,120.33190427777778 27.234748305555556,120.31701263888888 27.22536111111111,120.32359669444445 27.217521416666663))",ec70808c-3f5b-476c-b177-d25e8d5f3e2c,POINT(120.32773856158656 27.22617184840184),1a41a386-98af-4e0b-96d4-872f92675535,2026-02-28 14:38:36,2026-02-28 14:38:36
"1,396",杨岐码头,"POLYGON((120.37433922222222 27.19801602777778,120.37652791666666 27.1919945,120.38159191666666 27.193321,120.3792101111111 27.199027555555556,120.37433922222222 27.19801602777778))",a654bc1a-1714-4e86-8e3a-67481e09d49a,POINT(120.37791095546238 27.19555720735553),1a41a386-98af-4e0b-96d4-872f92675535,2026-02-28 14:38:36,2026-02-28 14:38:36
"1,397",滨江码头,"POLYGON((120.19285397222222 30.211101083333332,120.2020163888889 30.21555136111111,120.19972041666666 30.21896311111111,120.19062236111111 30.214754027777776,120.19285397222222 30.211101083333332))",1c45cd94-5857-4b85-8d01-a9782dd6c4c1,POINT(120.19627195242632 30.215070479042023),f09233a0-5c9f-4238-8de0-1b1eeb628c40,2026-02-28 14:38:36,2026-02-28 14:38:36
"1,398",三航码头,"POLYGON((121.55939902777777 31.332379194444446,121.56197433333332 31.32429436111111,121.56236019444444 31.31585413888889,121.55859272222222 31.31609527777778,121.55879822222222 31.32349811111111,121.5562525 31.3318045,121.55939902777777 31.332379194444446))",afae38c0-9df3-4ea4-9265-6b887490c094,POINT(121.55978729686997 31.323910714855515),02c24555-7846-427a-bcf3-a04472331270,2026-02-28 14:38:36,2026-02-28 14:38:36
"1,399",液散码头,"POLYGON((117.7088355 38.98479486111111,117.70956505555556 38.97843975,117.71505822222223 38.97874,117.71447886111112 38.98526186111111,117.7088355 38.98479486111111))",97c9cd61-0ed6-403c-9d2c-25527e167ee6,POINT(117.71199397755527 38.98182588272573),975e3c8d-c089-4058-b7ad-24fc69898e3d,2026-02-28 14:38:36,2026-02-28 14:38:36
"1,400",金岸重工码头西,"POLYGON((117.682834 38.88956072222222,117.68955025000001 38.88782372222222,117.69156727777778 38.88728925,117.69298347222222 38.89019538888889,117.68444333333333 38.89239994444444,117.682834 38.88956072222222))",b38f54a8-517c-4005-a975-e4f05940deb0,POINT(117.68795776673406 38.88985728471759),975e3c8d-c089-4058-b7ad-24fc69898e3d,2026-02-28 14:38:36,2026-02-28 14:38:36
"1,401",大湾港码头,"POLYGON((120.13610902777778 35.91411488888889,120.13807241666667 35.90970930555555,120.14448825000001 35.91140377777778,120.14193477777779 35.915678944444444,120.13610902777778 35.91411488888889))",3c2b5e6c-d9ab-4d4a-8bf3-9b967070a375,POINT(120.14017163871453 35.912693311415566),4e0346c3-04a5-4e62-a2f7-587f4f192a79,2026-02-28 14:38:36,2026-02-28 14:38:36
"1,402",中国石化上海石化储运码头,"POLYGON((121.5598843611111 31.38489158333333,121.55730944444444 31.37941888888889,121.55121033333333 31.38149961111111,121.55363775 31.386846249999998,121.5598843611111 31.38489158333333))",1769909e-55a7-4a83-8822-9b87d0ed21ba,POINT(121.55552748482721 31.383165038117713),665abb5f-21e9-48b3-91a0-5cf6542c8295,2026-02-28 14:38:36,2026-02-28 14:38:36
"1,403",修理码头,"POLYGON((121.37102408333332 37.591506361111115,121.3712011111111 37.59645838888889,121.37605591666666 37.5964265,121.37607930555555 37.59736783333334,121.3872238888889 37.60008797222223,121.40132866666667 37.598169472222224,121.40897766666667 37.595631555555556,121.40574047222223 37.588245,121.393523 37.590837972222225,121.38371952777779 37.59224069444445,121.37102408333332 37.591506361111115))",44976846-1920-422f-b023-aa89012f1d89,POINT(121.39106143237944 37.59461194645939),42edba99-e8ed-4369-b369-0e7729a7d323,2026-02-28 14:38:36,2026-02-28 14:38:36
"1,404",莱州海庙港码头,"POLYGON((119.81650225 37.22812861111111,119.85212197222222 37.228171333333336,119.85239019444444 37.21283572222222,119.8398911111111 37.20206902777778,119.81703866666666 37.20095808333333,119.81650225 37.22812861111111))",40f8f27d-b064-49c3-b86e-a1d397a6adff,POINT(119.83334097435065 37.215657806238625),184415be-299d-4f46-9811-d32a1f2e3866,2026-02-28 14:38:36,2026-02-28 14:38:36
"1,405",黄骅港港区,"POLYGON((117.91963075000001 38.345326416666666,117.92378816666667 38.340130305555554,117.88117577777777 38.31142438888889,117.86303047222222 38.32801527777778,117.87559474999999 38.33635094444445,117.89412175000001 38.33442188888889,117.91963075000001 38.345326416666666))",abfe835a-d474-4246-9d32-332d391c35ec,POINT(117.89063312213558 38.328797025874124),2a9d84f4-a54c-4260-ab42-cb0f3e6024de,2026-02-28 14:38:36,2026-02-28 14:38:36
"1,406",干散码头,"POLYGON((121.73960688888889 39.390347416666664,121.74628558333333 39.38959077777778,121.75367505555556 39.38316436111111,121.75012113888889 39.380521083333335,121.74325469444445 39.38674044444444,121.73872175 39.38717577777778,121.73960688888889 39.390347416666664))",4f6d40ca-b9f5-432f-b65e-720c2fbe8d85,POINT(121.74641231660883 39.386095047996406),d4a88f43-1504-4c1a-abd9-5c1548ceb8d8,2026-02-28 14:38:36,2026-02-28 14:38:36
"1,408",双狮石化码头,"POLYGON((120.45064633333334 32.006686027777775,120.45391861111112 32.007959722222225,120.45775416666667 32.001284,120.45806263888889 31.99475563888889,120.45403930555555 31.99464188888889,120.45399908333333 32.000522,120.45064633333334 32.006686027777775))",3084af06-3888-4d87-80e1-4db262e3cf31,POINT(120.45502231057054 32.00105918786826),a5ef38e8-f45c-4025-85bd-a143d43a7e31,2026-02-28 14:38:36,2026-02-28 14:38:36
"1,409",洋鸿石化码头,"POLYGON((120.53219977777778 32.06284497222222,120.53532455555555 32.067186444444445,120.54249319444445 32.0633075,120.53936841666666 32.058761249999996,120.53219977777778 32.06284497222222))",736fa9a2-2191-4ef6-8455-04b75ff4d2b3,POINT(120.53736252155241 32.06300869739366),40eb431e-4b50-4a85-a8be-e2c2a8f5f5a5,2026-02-28 14:38:36,2026-02-28 14:38:36
"1,410",卓升石化码头,"POLYGON((120.52158666666666 32.06845388888889,120.52512716666666 32.07274966666667,120.53517430555556 32.067283305555556,120.53200930555556 32.06289636111111,120.52158666666666 32.06845388888889))",59ea0079-0966-448b-8d8e-86e55c129381,POINT(120.52845035471871 32.06784297229466),40eb431e-4b50-4a85-a8be-e2c2a8f5f5a5,2026-02-28 14:38:36,2026-02-28 14:38:36
"1,412",中天科技装备码头,"POLYGON((120.9183966388889 31.891771972222223,120.92277536111112 31.893166833333332,120.92545086111112 31.88832175,120.92063627777779 31.886795888888887,120.9183966388889 31.891771972222223))",0ab757fe-d202-45f0-9f24-079cb6e226aa,POINT(120.92183456312779 31.889975755836886),0b7f167e-04ea-4658-8b4d-0321dcabbeff,2026-02-28 14:38:36,2026-02-28 14:38:36
"1,413",南通中集（中集集团）码头,"POLYGON((120.91680352777779 31.895601305555555,120.92113527777778 31.89696763888889,120.92276472222223 31.89325002777778,120.91836591666667 31.891855194444442,120.91680352777779 31.895601305555555))",ddfa45fd-04e3-408f-a470-fa9089cd4568,POINT(120.91976886154436 31.894413370785962),0b7f167e-04ea-4658-8b4d-0321dcabbeff,2026-02-28 14:38:36,2026-02-28 14:38:36
"1,415",中船长兴分公司_中船码头,"POLYGON((121.68678986111111 31.3869625,121.67728761111111 31.376412722222224,121.62877841666666 31.405598944444442,121.6374151388889 31.413748388888887,121.68678986111111 31.3869625))",719c14d6-b64f-406a-81d8-1f868044250a,POINT(121.65836559026721 31.39520113223852),9e7dc9e5-5986-4b0f-8a53-62023a7c9b0e,2026-02-28 14:38:36,2026-02-28 14:38:36
"1,416",荻港海螺码头,"POLYGON((117.99872911111112 31.10794938888889,118.00080783333334 31.107082444444448,117.99809880555556 31.101995527777778,117.99581222222223 31.103000305555558,117.99872911111112 31.10794938888889))",015a15b1-a843-4788-a4c0-2e9548a905b0,POINT(117.99833872832347 31.104962265505065),9d88cc3f-da09-4a70-a2af-90a88f2edfca,2026-02-28 14:38:36,2026-02-28 14:38:36
"1,417",芜湖码头,"POLYGON((118.07390738888888 31.209555249999998,118.07620069444444 31.205024416666667,118.08578958333332 31.20874086111111,118.0832415 31.213065055555553,118.07390738888888 31.209555249999998))",0afe17a1-e50f-479e-b02b-88afe3e2d1cf,POINT(118.07977516911664 31.2090783802661),9d88cc3f-da09-4a70-a2af-90a88f2edfca,2026-02-28 14:38:36,2026-02-28 14:38:36
"1,418",芜湖海螺码头,"POLYGON((118.10894255555554 31.222055777777776,118.11087375 31.21805311111111,118.1209588611111 31.221218555555552,118.11912152777776 31.225175194444443,118.10894255555554 31.222055777777776))",eb0d29a6-b866-4a8a-b38d-b8af9d026722,POINT(118.11495929931449 31.221623405395572),9d88cc3f-da09-4a70-a2af-90a88f2edfca,2026-02-28 14:38:36,2026-02-28 14:38:36
"1,419",沧州港码头,"POLYGON((117.80011541666667 38.35351075,117.83552058333333 38.32170063888889,117.88546658333334 38.35332941666667,117.9313636388889 38.37271422222222,117.89909283333334 38.409668499999995,117.80011541666667 38.35351075))",3dbdddfe-aea7-4cfe-85e1-3d67f7acedf6,POINT(117.86604685109104 38.36560924605559),2a9d84f4-a54c-4260-ab42-cb0f3e6024de,2026-02-28 14:38:36,2026-02-28 14:38:36
"1,437",漳州招商局码头,"POLYGON((118.03171347222222 24.421502111111113,118.029675 24.411293194444443,118.065107 24.406261694444442,118.06703816666666 24.416397749999998,118.03171347222222 24.421502111111113))",ab03de94-b9bd-45c1-b231-06dac4e9a014,POINT(118.04835811002958 24.41386508114175),c4ea2c8a-9eab-4edd-a0c4-6390f8786a78,2026-02-28 14:38:37,2026-02-28 14:38:37
"1,438",平湖玻璃终端LPG码头,"POLYGON((121.23536516666667 30.67169875,121.24807883333334 30.67928841666667,121.25742633333333 30.667444583333335,121.24370683333333 30.65984013888889,121.23536516666667 30.67169875))",183a5e9e-2a09-43b2-8409-10fdcd336203,POINT(121.24622061529645 30.66953585953947),50201deb-f665-4d37-b618-a9fa45919a07,2026-02-28 14:38:37,2026-02-28 14:38:37
"1,439",上海化学工业区漕泾孚宝码头,"POLYGON((121.448892 30.77923436111111,121.45308966666667 30.770903583333332,121.44540513888889 30.767976666666666,121.45000227777778 30.75930025,121.46999275 30.76780813888889,121.46076594444445 30.783755222222222,121.448892 30.77923436111111))",caf9a922-5d74-4535-9fba-4eae2eed0b95,POINT(121.4573873059668 30.77124525231045),8a7efcc9-c97c-484f-a5bc-4a6d908a58f7,2026-02-28 14:38:37,2026-02-28 14:38:37
"1,440",上海天原华胜码头,"POLYGON((121.44855941666667 30.779003916666667,121.43796469444445 30.775178527777776,121.44188072222222 30.76708936111111,121.45263636111112 30.771076416666666,121.44855941666667 30.779003916666667))",a979086b-d127-4482-a47b-5f8bd53ff77b,POINT(121.44525701726468 30.77307075149945),8a7efcc9-c97c-484f-a5bc-4a6d908a58f7,2026-02-28 14:38:37,2026-02-28 14:38:37
"1,441",修理码头,"POLYGON((119.7424458888889 34.329738777777784,119.7523968888889 34.32438427777778,119.73225347222223 34.30302777777778,119.72648675 34.30943086111111,119.73107330555555 34.31782130555556,119.735794 34.32648266666667,119.7424458888889 34.329738777777784))",0c57c3bf-8771-4726-9f2f-b98c2981f992,POINT(119.73833044138988 34.317673324001866),8af0eeaf-bc33-459b-b7b8-17b7c8e16fb7,2026-02-28 14:38:37,2026-02-28 14:38:37
"1,442",连云港新世纪石化码头,"POLYGON((119.48322080555556 34.737411111111115,119.48088727777778 34.73311288888889,119.49276944444445 34.72905691666667,119.49500911111112 34.73396152777778,119.48322080555556 34.737411111111115))",a795f752-c6fc-4818-a745-61605769c6a7,POINT(119.48807293369562 34.73334069463057),8af0eeaf-bc33-459b-b7b8-17b7c8e16fb7,2026-02-28 14:38:37,2026-02-28 14:38:37
"1,443",徐圩港池,"POLYGON((119.6472811388889 34.64792661111111,119.63955638888889 34.561473138888886,119.55801722222222 34.59486422222223,119.525938 34.62011944444445,119.57883116666666 34.66928325,119.6472811388889 34.64792661111111))",435d0e4c-38e7-4c56-9218-6646738728d5,POINT(119.59661921561046 34.61898092423268),8af0eeaf-bc33-459b-b7b8-17b7c8e16fb7,2026-02-28 14:38:37,2026-02-28 14:38:37
"1,444",烟台牟平码头,"POLYGON((121.57280266666666 37.44257811111111,121.5731111111111 37.43962858333333,121.58463119444444 37.44069341666666,121.58422888888889 37.443504472222216,121.57280266666666 37.44257811111111))",68f0b2f5-10f8-424b-b71f-f1d3b3b4e219,POINT(121.57865094550306 37.44159513507795),42edba99-e8ed-4369-b369-0e7729a7d323,2026-02-28 14:38:37,2026-02-28 14:38:37
"1,445",潍坊修理码头,"POLYGON((118.86567030555555 37.27330736111111,118.89358080555556 37.275057527777776,118.89384902777779 37.27089547222222,118.88464902777778 37.26861155555555,118.8845953888889 37.26316836111111,118.88033069444444 37.26310430555556,118.88025022222222 37.26833408333333,118.86168208333332 37.26625716666667,118.86243980555555 37.271057694444444,118.86567030555555 37.27330736111111))",9a4dea48-cb44-42a6-8b8e-22f16ffe9809,POINT(118.87783139913896 37.27040569357442),ca7d26ba-e13f-42b8-9e86-293a9b1f5f08,2026-02-28 14:38:37,2026-02-28 14:38:37
"1,446",大连船舶重工修理码头,"POLYGON((121.64244075 39.00256375,121.6782946388889 39.00282638888889,121.67789230555556 39.019749555555556,121.64262125 39.01881180555556,121.64244075 39.00256375))",5436b553-11e4-4130-8264-886468dd2d75,POINT(121.66043475997117 39.01096746652887),d4a88f43-1504-4c1a-abd9-5c1548ceb8d8,2026-02-28 14:38:37,2026-02-28 14:38:37
"1,447",大连通用码头,"POLYGON((121.64460011111112 39.00159136111111,121.6445196388889 38.998860694444446,121.65342458333333 38.998933666666666,121.65336333333335 38.99594369444444,121.66648011111111 38.99531622222222,121.66657527777778 39.0013965,121.64460011111112 39.00159136111111))",5c351d8b-9afb-4804-ab24-353f618d3d1c,POINT(121.65744777514921 38.99893641003362),d4a88f43-1504-4c1a-abd9-5c1548ceb8d8,2026-02-28 14:38:37,2026-02-28 14:38:37
"1,448",防城钢铁基地,"POLYGON((108.37603983333332 21.576683111111112,108.38290630555555 21.573764805555555,108.37303444444444 21.552060166666667,108.37321788888889 21.53321547222222,108.35256488888888 21.533340222222225,108.36581497222221 21.55448788888889,108.37603983333332 21.576683111111112))",88676845-30f3-4f20-bb11-94d17e848452,POINT(108.36894207259378 21.55049984810164),5efdf805-d831-4b35-84c7-16ce9aecde2c,2026-02-28 14:38:37,2026-02-28 14:38:37
"1,449",中国石油沪淀液化气码头,"POLYGON((108.35846619444443 21.593913166666667,108.35560963888888 21.58143036111111,108.36483644444444 21.57982161111111,108.36745158333332 21.592728527777776,108.35846619444443 21.593913166666667))",c342c2b7-0add-40d9-990b-2c7994f0265c,POINT(108.36160529695624 21.586932553405322),5efdf805-d831-4b35-84c7-16ce9aecde2c,2026-02-28 14:38:37,2026-02-28 14:38:37
"1,450",防城云约江码头,"POLYGON((108.3877036388889 21.598986527777775,108.38432405555557 21.600750944444446,108.38739725 21.605261333333335,108.39464591666668 21.605267555555557,108.39462597222223 21.598815194444445,108.3877036388889 21.598986527777775))",8f4604ac-04f7-413c-88ca-1cf1197fa24c,POINT(108.39024523652319 21.602024964219215),5efdf805-d831-4b35-84c7-16ce9aecde2c,2026-02-28 14:38:37,2026-02-28 14:38:37
"1,451",防城渔澫第五区,"POLYGON((108.37592319444444 21.62598875,108.36948588888889 21.616039694444446,108.37443455555555 21.613197000000003,108.38120713888888 21.623644916666667,108.37592319444444 21.62598875))",c106785c-54e4-444f-8252-8d0fadfa5c99,POINT(108.37528473218225 21.619708445980937),5efdf805-d831-4b35-84c7-16ce9aecde2c,2026-02-28 14:38:37,2026-02-28 14:38:37
"1,452",防城港码头,"POLYGON((108.39997208333334 21.664715444444443,108.41298080555556 21.670373833333336,108.41622627777778 21.66479022222222,108.40289569444445 21.65895711111111,108.39997208333334 21.664715444444443))",d948da38-d0b8-4132-a711-df0fd71c5dad,POINT(108.408019927103 21.664694721561712),5efdf805-d831-4b35-84c7-16ce9aecde2c,2026-02-28 14:38:37,2026-02-28 14:38:37
"1,453",俊达散货码头,"POLYGON((108.5926718611111 21.726109527777776,108.58961413888889 21.72055297222222,108.58646255555556 21.718609388888886,108.58242583333333 21.72382961111111,108.58344508333333 21.728090388888887,108.57686763888888 21.73714727777778,108.58083730555555 21.741606944444445,108.57932186111111 21.74307688888889,108.57403791666667 21.737819972222223,108.58128872222221 21.727272944444444,108.58038925 21.72252572222222,108.58568199999999 21.715987138888888,108.59152847222222 21.71932463888889,108.59414022222222 21.725486388888886,108.5926718611111 21.726109527777776))",b0fd119f-6186-48d8-b155-366c38b4050d,POINT(108.58283564819773 21.727728202223524),8ad2e326-0537-4581-a138-d9bb6cf84ef5,2026-02-28 14:38:37,2026-02-28 14:38:37
"1,454",永新散货码头_散货泊位,"POLYGON((108.59120130555556 21.71516297222222,108.59892608333332 21.70685236111111,108.5945675 21.702890027777777,108.58650744444444 21.711487416666667,108.59120130555556 21.71516297222222))",0e7de107-fe1b-4e11-a0e7-f5ae1f90a02d,POINT(108.59278087527699 21.709092080091427),8ad2e326-0537-4581-a138-d9bb6cf84ef5,2026-02-28 14:38:37,2026-02-28 14:38:37
"1,455",大榄坪港区,"POLYGON((108.63725541666668 21.694882444444445,108.63757461111112 21.684965583333334,108.63339036111111 21.682361,108.6328023611111 21.69466688888889,108.63725541666668 21.694882444444445))",b82a6a92-0b85-4ce6-84d7-b19f46f27510,POINT(108.63517504205407 21.689229371196397),8ad2e326-0537-4581-a138-d9bb6cf84ef5,2026-02-28 14:38:37,2026-02-28 14:38:37
"1,456",北部湾港-PSA国际集装箱码头,"POLYGON((108.63199791666666 21.68141052777778,108.63741597222223 21.684713,108.6578681388889 21.65849797222222,108.65145766666667 21.654883305555554,108.63199791666666 21.68141052777778))",3c2e6365-0856-4cb9-9216-063c010e8fec,POINT(108.64492789489985 21.669561745710052),8ad2e326-0537-4581-a138-d9bb6cf84ef5,2026-02-28 14:38:37,2026-02-28 14:38:37
"1,457",北海港区,"POLYGON((109.062106 21.484710222222223,109.07101094444444 21.47327886111111,109.044618 21.457228472222223,109.03579352777777 21.47043336111111,109.062106 21.484710222222223))",c1e423e6-4da0-4d38-9928-de9ed95e9ca0,POINT(109.05319125838587 21.47125005592191),5d5c8646-62bd-4c9e-a9d6-d006d5dc4c94,2026-02-28 14:38:37,2026-02-28 14:38:37
"1,458",铁山电厂,"POLYGON((109.5861198611111 21.587696944444442,109.58239158333333 21.58615061111111,109.58575775 21.57840625,109.58978108333334 21.58017713888889,109.5861198611111 21.587696944444442))",04cd6fc6-6812-4397-bd9e-40d0940ecfc0,POINT(109.58603424120672 21.58305162803564),7669d001-ddcf-4afe-bad2-7fc3cb072d94,2026-02-28 14:38:37,2026-02-28 14:38:37
"1,459",广西液化天然气码头,"POLYGON((109.53621152777778 21.456616527777776,109.52923780555555 21.442836194444446,109.53830366666666 21.43884163888889,109.54573338888889 21.452996805555554,109.53621152777778 21.456616527777776))",a402f34e-6094-4c97-a28b-a19051b81314,POINT(109.53741131575904 21.44783942702591),7669d001-ddcf-4afe-bad2-7fc3cb072d94,2026-02-28 14:38:37,2026-02-28 14:38:37
"1,460",铁山港码头,"POLYGON((109.55503866666666 21.504559694444445,109.54305694444444 21.482405805555555,109.52052638888888 21.491889833333335,109.51371355555555 21.479061305555554,109.55196186111111 21.461788416666668,109.57039219444444 21.49861713888889,109.55503866666666 21.504559694444445))",ef07d679-5a22-4755-ae10-4f0129064ee2,POINT(109.54471909821659 21.482346187621225),7669d001-ddcf-4afe-bad2-7fc3cb072d94,2026-02-28 14:38:37,2026-02-28 14:38:37
"1,461",三亚港区,"POLYGON((109.49752522222222 18.233730861111113,109.48785586111111 18.230571888888885,109.48650136111111 18.234062055555558,109.49622436111112 18.237182750000002,109.49752522222222 18.233730861111113))",39adea3e-74da-4460-9255-21c48ce54251,POINT(109.49201477910391 18.233884191551525),532b6d2f-3049-4a0c-b857-17a54f7c0b26,2026-02-28 14:38:37,2026-02-28 14:38:37
"1,462",文昌清澜港码头,"POLYGON((110.8288683611111 19.557123722222222,110.82640408333333 19.555713583333333,110.83474397222221 19.54344491666667,110.83731197222222 19.545138472222224,110.8288683611111 19.557123722222222))",73fcd782-ca49-4359-b831-bfe83ebeab14,POINT(110.83188784586352 19.55026912787117),cd45e71d-7b8a-4229-8690-2f74bc8c579f,2026-02-28 14:38:37,2026-02-28 14:38:37
"1,463",华能八所东方电厂,"POLYGON((108.62803441666667 19.063509472222222,108.63157491666666 19.05232925,108.61446241666665 19.04553455555556,108.61102919444444 19.059909583333333,108.62803441666667 19.063509472222222))",dfc7d893-803e-4ad6-91b5-f2e5eb30ef47,POINT(108.62096583613126 19.055165336100256),6bc5377d-9ef5-4ec5-8763-d1c66d7bbdbc,2026-02-28 14:38:37,2026-02-28 14:38:37
"1,464",八所港区,"POLYGON((108.62505083333333 19.11031077777778,108.61829166666666 19.108029805555557,108.61838555555555 19.098474749999998,108.62903391666666 19.101123361111114,108.62505083333333 19.11031077777778))",6e3ec566-ea50-4e35-8c2a-119994249ea5,POINT(108.62281695914734 19.10416435782793),6bc5377d-9ef5-4ec5-8763-d1c66d7bbdbc,2026-02-28 14:38:38,2026-02-28 14:38:38
"1,465",小铲滩港区,"POLYGON((109.17659966666668 19.720567416666665,109.1695095 19.713688527777776,109.17295613888889 19.71049436111111,109.18040841666667 19.717436527777775,109.17659966666668 19.720567416666665))",cbd4aea7-edf1-44e8-9623-04a2082065e5,POINT(109.17490282332275 19.715563639544502),1ed82b50-c570-4512-a7f4-c4d1adbe45d3,2026-02-28 14:38:38,2026-02-28 14:38:38
"1,466",国投洋浦码头,"POLYGON((109.19833047222222 19.73060319444444,109.19722069444445 19.728128916666666,109.20291797222222 19.725113777777775,109.21044155555556 19.72459619444444,109.21003922222222 19.72738611111111,109.20378969444445 19.728421277777777,109.19833047222222 19.73060319444444))",e4e1c41b-e45b-4663-9d30-914cb06be638,POINT(109.203850910322 19.7271230552375),1ed82b50-c570-4512-a7f4-c4d1adbe45d3,2026-02-28 14:38:38,2026-02-28 14:38:38
"1,467",洋浦集装箱码头,"POLYGON((109.19080736111111 19.730604888888887,109.19201436111112 19.73295286111111,109.19831033333334 19.73063544444444,109.1971905 19.728142249999998,109.19080736111111 19.730604888888887))",e7eb12bd-4172-47ad-9356-e7a381ad07b4,POINT(109.19459936755189 19.730571805949094),1ed82b50-c570-4512-a7f4-c4d1adbe45d3,2026-02-28 14:38:38,2026-02-28 14:38:38
"1,468",马村港货码头,"POLYGON((110.01780519444445 19.967089166666664,110.02143155555555 19.95745872222222,110.02329666666667 19.95798838888889,110.02537902777777 19.957183083333334,110.02628025 19.95494933333333,110.01087736111111 19.94595222222222,110.0037695 19.96239036111111,110.01780519444445 19.967089166666664))",93c58636-c090-4511-af5b-5e60e0fadba3,POINT(110.01423026547926 19.95703398206234),b6452e3c-2a9f-439e-a918-c98ab1c6ab8c,2026-02-28 14:38:38,2026-02-28 14:38:38
"1,469",干散码头,"POLYGON((110.03444363888889 19.96167875,110.04077366666667 19.96430061111111,110.03809144444445 19.969972833333333,110.032432 19.967918249999997,110.0337328611111 19.96356952777778,110.03444363888889 19.96167875))",6324e5ff-a0bd-4a3a-81d3-e2444f95141d,POINT(110.03641617447728 19.965883323979128),b6452e3c-2a9f-439e-a918-c98ab1c6ab8c,2026-02-28 14:38:38,2026-02-28 14:38:38
"1,470",海口港集装箱码头,"POLYGON((110.27214952777777 20.040468750000002,110.28285152777778 20.037470138888892,110.28666419444444 20.020734305555553,110.26657444444444 20.025043666666665,110.27214952777777 20.040468750000002))",ff5c617b-7cd9-45b8-842e-3699e157627b,POINT(110.27694313600027 20.03013358288249),b6452e3c-2a9f-439e-a918-c98ab1c6ab8c,2026-02-28 14:38:38,2026-02-28 14:38:38
"1,471",湛江港(集团) 一公司,"POLYGON((110.41037736111112 21.162565277777777,110.39935577777779 21.165990416666666,110.40756230555556 21.185339694444444,110.41830708333333 21.18168988888889,110.41037736111112 21.162565277777777))",e7c6ed72-53d4-4840-a667-9e89a27b3e29,POINT(110.40887765156458 21.173876895397825),9ddb764d-aa1f-4064-9696-9ba7cc7a7c00,2026-02-28 14:38:38,2026-02-28 14:38:38
"1,472",宝钢湛江码头,"POLYGON((110.50967544444444 21.078773833333333,110.50962180555555 21.068637416666668,110.49106555555555 21.06882722222222,110.49099475 21.064060722222223,110.47397447222222 21.064101583333333,110.47405819444445 21.079292583333334,110.50967544444444 21.078773833333333))",8edbb26d-8365-4c11-aab2-ff5d9f47d336,POINT(110.49007288708329 21.07255560452689),9ddb764d-aa1f-4064-9696-9ba7cc7a7c00,2026-02-28 14:38:38,2026-02-28 14:38:38
"1,473",茂名天源码头,"POLYGON((111.06837675 21.485242972222224,111.06564475 21.48089869444444,111.07138327777777 21.477141611111108,111.07458852777778 21.480922944444444,111.06837675 21.485242972222224))",5cd11aba-6efa-458e-8c10-ddc964f6ef4f,POINT(111.0700029001846 21.481098586924034),492db0ef-c198-445a-8f95-be5bdd7eb512,2026-02-28 14:38:38,2026-02-28 14:38:38
"1,474",长升码头,"POLYGON((111.05655658333333 21.485968305555556,111.06493847222222 21.480015666666667,111.06831058333333 21.485319805555555,111.06016416666667 21.49100975,111.05655658333333 21.485968305555556))",e28f6c59-439f-40ef-9b86-050575699f8e,POINT(111.06249134505711 21.485557634416725),492db0ef-c198-445a-8f95-be5bdd7eb512,2026-02-28 14:38:38,2026-02-28 14:38:38
"1,475",阳江源强码头,"POLYGON((111.81430319444443 21.699806722222224,111.81786383333333 21.701999777777775,111.8138798611111 21.707879777777777,111.81024252777777 21.705914944444444,111.81430319444443 21.699806722222224))",b84d375e-eac1-47ee-8bda-1e85aad1dd1b,POINT(111.81406765889425 21.703886982308195),c4e064d9-b8bd-413c-9142-dfcfee53f8ed,2026-02-28 14:38:38,2026-02-28 14:38:38
"1,476",阳江宝丰码头,"POLYGON((111.82101399999999 21.697079444444444,111.82226122222222 21.69964636111111,111.82333411111111 21.701291166666667,111.82266355555555 21.702587055555554,111.81893297222221 21.70012977777778,111.81877205555556 21.698298055555554,111.81639827777778 21.696603361111112,111.82124197222223 21.682928944444445,111.82599941666666 21.68443563888889,111.82101399999999 21.697079444444444))",ea3b2a01-e12b-4d9c-b635-d14bbeb8e748,POINT(111.82104362494016 21.69194269661202),c4e064d9-b8bd-413c-9142-dfcfee53f8ed,2026-02-28 14:38:38,2026-02-28 14:38:38
"1,477",高栏集装箱码头,"POLYGON((113.2031525 21.927157750000003,113.22407372222223 21.95367925,113.23700197222222 21.944872472222222,113.21549066666667 21.917602833333333,113.2031525 21.927157750000003))",cefbb097-c8be-4a4e-8d2e-ac70b04bef15,POINT(113.21995899121686 21.9358067871287),184b10f7-5a18-4abc-b128-569fbe294997,2026-02-28 14:38:38,2026-02-28 14:38:38
"1,478",江门电厂,"POLYGON((112.99789533333333 22.44599336111111,113.00016180555555 22.44867066666667,113.00531163888888 22.446135916666666,113.00507694444444 22.442349194444446,112.99789533333333 22.44599336111111))",7169a7cc-293c-400c-a387-e8d6e598a1c0,POINT(113.00208875278119 22.445691142869126),5862e22e-dd94-4ae6-965e-ff41c7981993,2026-02-28 14:38:38,2026-02-28 14:38:38
"1,479",修理码头,"POLYGON((113.00549158333334 22.447084444444446,113.00508480555555 22.43976825,113.01943299999999 22.44049961111111,113.01901725 22.44758963888889,113.00549158333334 22.447084444444446))",ec9bdbd4-7ec3-4646-8867-5caeb9b8aadd,POINT(113.01222609956994 22.443698698302896),5862e22e-dd94-4ae6-965e-ff41c7981993,2026-02-28 14:38:38,2026-02-28 14:38:38
"1,480",黄埔造船厂码头,"POLYGON((113.41641852777778 23.086908944444442,113.41517800000001 23.089993166666666,113.41085380555556 23.088898416666666,113.40589169444445 23.087146555555556,113.40360511111112 23.085937555555553,113.40214436111111 23.084428944444443,113.406256 23.079328555555556,113.41641852777778 23.086908944444442))",05323a91-5d75-4539-94c9-ab53c4e4ea9d,POINT(113.4091481644141 23.085139397047282),9aa3b61c-9bc3-46e2-a316-9154617154ad,2026-02-28 14:38:38,2026-02-28 14:38:38
"1,481",广东重工码头,"POLYGON((113.49001941666667 23.079343194444444,113.48699988888889 23.076365444444445,113.47606988888889 23.082410888888887,113.47833680555556 23.085178277777775,113.47954808333334 23.086851666666664,113.48617313888889 23.082681722222222,113.49001941666667 23.079343194444444))",0eb500ec-6573-4a82-adad-43e7274fcb49,POINT(113.48302885500028 23.081490260818686),9aa3b61c-9bc3-46e2-a316-9154617154ad,2026-02-28 14:38:38,2026-02-28 14:38:38
"1,482",西基码头,"POLYGON((113.49989338888889 23.061517527777777,113.50533494444444 23.056944277777777,113.50255886111111 23.054204833333333,113.49706702777777 23.058949472222224,113.49989338888889 23.061517527777777))",d7eebede-42df-41b4-bf6d-6899fe1f876f,POINT(113.50121997466876 23.05788920470493),9aa3b61c-9bc3-46e2-a316-9154617154ad,2026-02-28 14:38:38,2026-02-28 14:38:38
"1,483",广东重工修理码头,"POLYGON((113.52066294444444 23.032782083333334,113.52427219444445 23.036323000000003,113.52686052777777 23.037211583333335,113.52802883333334 23.04320266666667,113.53150569444445 23.049479944444446,113.53018469444444 23.051719694444444,113.52436811111112 23.048656750000003,113.52008627777778 23.045481333333335,113.51665305555555 23.039446555555557,113.51739066666667 23.036311833333336,113.52066294444444 23.032782083333334))",628c642d-a57d-4387-aaa3-20ea80908d94,POINT(113.52367250642234 23.042219017663896),9aa3b61c-9bc3-46e2-a316-9154617154ad,2026-02-28 14:38:38,2026-02-28 14:38:38
"1,484",新沙码头,"POLYGON((113.52315380555555 23.017669166666664,113.53145522222222 23.02070561111111,113.53600158333333 23.010583944444445,113.52720394444444 23.007534944444444,113.52315380555555 23.017669166666664))",1a8a0dd3-6838-4358-b837-ef58e44c721d,POINT(113.52948192010867 23.014083969504878),0e07092d-d78a-447e-a652-23ceecf1c230,2026-02-28 14:38:38,2026-02-28 14:38:38
"1,485",东莞海腾码头,"POLYGON((113.57760958333333 22.894837916666667,113.58030519444443 22.89260788888889,113.57604047222222 22.887906833333332,113.57311016666667 22.890254305555555,113.57760958333333 22.894837916666667))",ec84ca67-3ee9-4006-bbab-ee4a0756f87e,POINT(113.57673888221333 22.891376565032118),0e07092d-d78a-447e-a652-23ceecf1c230,2026-02-28 14:38:38,2026-02-28 14:38:38
"1,486",南沙汽车码头,"POLYGON((113.540601 22.87146488888889,113.53900508333334 22.86904297222222,113.54296133333334 22.86721413888889,113.54842608333333 22.862630305555555,113.55058861111111 22.86453952777778,113.54532166666667 22.869302472222223,113.540601 22.87146488888889))",b07fac52-d344-4875-acee-779d8d9bd36d,POINT(113.54491017271849 22.867262314528),d55e25ef-1c42-4ab6-afdb-6bf8c4aa616c,2026-02-28 14:38:38,2026-02-28 14:38:38
"1,487",东莞国际集装箱码头,"POLYGON((113.57446541666667 22.855480777777778,113.58170527777777 22.861032,113.58083355555556 22.863157472222223,113.57560325 22.862168888888892,113.57402075 22.867074722222224,113.57577044444444 22.88012572222222,113.57016463888888 22.880953555555557,113.56828705555556 22.867057388888888,113.56977086111111 22.86101838888889,113.57446541666667 22.855480777777778))",829dcd27-d276-433b-9a4b-ccb7f9d05412,POINT(113.57313114402415 22.867708545625685),0e07092d-d78a-447e-a652-23ceecf1c230,2026-02-28 14:38:38,2026-02-28 14:38:38
"1,488",南伟码头,"POLYGON((113.58636652777777 22.808915305555555,113.5835636111111 22.80814266666667,113.58496013888889 22.80466161111111,113.58305577777777 22.804340305555556,113.58317647222222 22.802016083333335,113.58886944444444 22.80228188888889,113.58636652777777 22.808915305555555))",40a79780-9f99-4bb0-8e59-2e592688d20a,POINT(113.58576788530364 22.804893574938507),d55e25ef-1c42-4ab6-afdb-6bf8c4aa616c,2026-02-28 14:38:38,2026-02-28 14:38:38
"1,489",南沙货运码头,"POLYGON((113.58348591666666 22.801897305555556,113.5889375 22.80220638888889,113.59152969444445 22.796728555555557,113.58586352777778 22.79476275,113.58348591666666 22.801897305555556))",05cfa656-3d28-40eb-a432-5f1ae3aa06ed,POINT(113.58737442632754 22.798800434160345),d55e25ef-1c42-4ab6-afdb-6bf8c4aa616c,2026-02-28 14:38:38,2026-02-28 14:38:38
"1,490",南沙一期码头,"POLYGON((113.67544161111111 22.660095027777775,113.67988033333334 22.648044,113.68679372222222 22.650438916666666,113.68054413888889 22.665293166666665,113.66945322222223 22.66139486111111,113.66447391666667 22.658755749999997,113.66519811111111 22.65687461111111,113.67544161111111 22.660095027777775))",157eeb9a-74ec-488d-90bd-45cbf59c4492,POINT(113.67825493903369 22.657304987098104),d55e25ef-1c42-4ab6-afdb-6bf8c4aa616c,2026-02-28 14:38:38,2026-02-28 14:38:38
"1,491",文冲修造,"POLYGON((113.64192936111112 22.72310011111111,113.62551422222222 22.71290675,113.65234602777778 22.673511416666667,113.67026319444444 22.682940527777777,113.64192936111112 22.72310011111111))",7e53c4ed-1d98-4176-98ad-0a6cbc068172,POINT(113.64764821284733 22.698004158633015),83ad0cad-e171-4e95-8e50-c5e81b596fcd,2026-02-28 14:38:38,2026-02-28 14:38:38
"1,492",友联船厂,"POLYGON((113.83684033333333 22.512390694444445,113.85277263888888 22.49873725,113.84351188888888 22.488684250000002,113.82701627777777 22.503255555555555,113.83684033333333 22.512390694444445))",61f3d156-e510-4d13-b071-d3aef040849d,POINT(113.84002875402119 22.500699829536902),2a7da433-be1f-4258-a621-36a71832b000,2026-02-28 14:38:38,2026-02-28 14:38:38
"1,493",青洲水泥_外码头,"POLYGON((113.91684197222223 22.36599636111111,113.93718383333334 22.353137194444447,113.942677 22.361154472222225,113.91194961111111 22.385759027777777,113.90405319444444 22.380917833333335,113.90456819444445 22.376155833333335,113.91684197222223 22.36599636111111))",0a01fcfc-49cb-42c5-9023-b689aec72a85,POINT(113.91249712707955 22.37505549824479),b1f181e7-132e-4711-9df5-0dcc5b1aec17,2026-02-28 14:38:38,2026-02-28 14:38:38
"1,494",招商局集装箱服务码头,"POLYGON((114.08308261111111 22.33902997222222,114.08688463888889 22.337609666666665,114.08540944444444 22.334018694444442,114.08612283333333 22.332569888888887,114.08342722222221 22.33090138888889,114.08223363888888 22.333884833333332,114.08166038888889 22.335994916666664,114.08308261111111 22.33902997222222))",0c1c96ff-5df5-416a-9a10-63c10a8860f1,POINT(114.08409594623988 22.335266050498337),b1f181e7-132e-4711-9df5-0dcc5b1aec17,2026-02-28 14:38:38,2026-02-28 14:38:38
"1,495",葵涌三八九号码头,"POLYGON((114.11644563888888 22.353066555555557,114.11963241666666 22.343047416666664,114.12583358333333 22.34448025,114.12757702777778 22.339220805555556,114.12145791666666 22.33701883333333,114.12277219444444 22.33299963888889,114.13157352777777 22.33537536111111,114.13433747222223 22.327465333333333,114.1243391111111 22.31768413888889,114.11184002777777 22.322919555555554,114.10829238888888 22.331622055555556,114.10308272222221 22.34983161111111,114.11644563888888 22.353066555555557))",aee09306-c4d4-4599-b37b-4fa46b79a8e5,POINT(114.11778591877432 22.334881653801027),b1f181e7-132e-4711-9df5-0dcc5b1aec17,2026-02-28 14:38:38,2026-02-28 14:38:38
"1,496",旗滨码头,"POLYGON((117.47913702777778 23.761166333333332,117.50586111111112 23.74266241666667,117.51900430555555 23.75772825,117.4931775 23.775619388888888,117.47913702777778 23.761166333333332))",57cd934b-287c-4016-97eb-53cad7409974,POINT(117.49925573351238 23.7592528657856),43426cc8-70c5-4dfb-952b-08a250f2bc61,2026-02-28 14:38:38,2026-02-28 14:38:38
"1,497",修理码头,"POLYGON((117.88468425 24.43166941666667,117.88058044444443 24.439898777777778,117.86446038888889 24.437359222222224,117.85391102777777 24.435590055555554,117.84280666666666 24.438056416666665,117.83712038888888 24.43895991666667,117.83333847222222 24.433392277777777,117.85117516666666 24.429655972222225,117.87070922222222 24.432164333333336,117.88141125 24.429868805555557,117.88468425 24.43166941666667))",4b7192c6-166f-4913-a8d7-e5e9bc9ef6e3,POINT(117.8603259516482 24.43436466373497),c4ea2c8a-9eab-4edd-a0c4-6390f8786a78,2026-02-28 14:38:38,2026-02-28 14:38:38
"1,498",海隆码头,"POLYGON((117.96043680555556 24.460019027777776,117.95855927777778 24.45313386111111,117.95146483333333 24.454598833333332,117.95361058333333 24.4614595,117.96043680555556 24.460019027777776))",b83eb2a9-f056-4e2b-8309-e12ff711fe60,POINT(117.95600912023846 24.45728197160011),a58be882-85bc-4547-b7b9-ca39f53ae2be,2026-02-28 14:38:38,2026-02-28 14:38:38
"1,499",新海达集装箱码头,"POLYGON((117.96770677777778 24.458468166666666,117.96576216666666 24.451424222222222,117.95864091666667 24.453072305555555,117.96057719444445 24.46000561111111,117.96770677777778 24.458468166666666))",f3ed5287-5b8c-41f5-82e5-64d77d7483ba,POINT(117.96318028559206 24.455738841790808),a58be882-85bc-4547-b7b9-ca39f53ae2be,2026-02-28 14:38:38,2026-02-28 14:38:38
"1,500",厦门海润集装箱码头,"POLYGON((117.99125652777778 24.453644166666667,117.98919122222222 24.44603836111111,117.96588461111111 24.45143002777778,117.96782922222222 24.458535027777778,117.99125652777778 24.453644166666667))",257b1203-8178-42b9-be8c-398dd0d37ac3,POINT(117.97867200168453 24.45238252464879),a58be882-85bc-4547-b7b9-ca39f53ae2be,2026-02-28 14:38:38,2026-02-28 14:38:38
"1,501",厦门国际集装箱码,"POLYGON((118.01720644444444 24.441186833333333,118.02021125 24.445305416666667,118.0025546388889 24.44879661111111,118.00129936111111 24.444233,118.01720644444444 24.441186833333333))",4d6f1d99-57de-4d91-97c7-f21c1fde03ab,POINT(118.01030626383692 24.44492515713387),a58be882-85bc-4547-b7b9-ca39f53ae2be,2026-02-28 14:38:38,2026-02-28 14:38:38
"1,502",嵩屿集装箱码头,"POLYGON((118.0373513611111 24.438771055555556,118.03754897222223 24.44346413888889,118.02504827777777 24.443950083333334,118.02490747222222 24.442387333333333,118.02528297222221 24.442063805555556,118.0234441111111 24.439296055555555,118.0373513611111 24.438771055555556))",88dde075-3071-49c4-b0d2-64b2d256b1de,POINT(118.03101943457523 24.441321735077082),a58be882-85bc-4547-b7b9-ca39f53ae2be,2026-02-28 14:38:38,2026-02-28 14:38:38
"1,503",海通码头,"POLYGON((118.04371116666667 24.44724363888889,118.03780641666667 24.44733102777778,118.03747905555555 24.438856,118.04360388888888 24.438807166666667,118.04371116666667 24.44724363888889))",fb5375c1-98ae-4be0-beb9-f22c616487f1,POINT(118.04064703998438 24.443033826195737),a58be882-85bc-4547-b7b9-ca39f53ae2be,2026-02-28 14:38:38,2026-02-28 14:38:38
"1,504",修理码头,"POLYGON((118.06762352777777 24.514064333333334,118.06157513888888 24.512111972222222,118.06314422222222 24.509732472222222,118.05607024999999 24.503985277777776,118.06269530555555 24.497907972222222,118.06919966666666 24.504351361111112,118.07165227777777 24.509107055555557,118.06762352777777 24.514064333333334))",4446cc8b-77b1-4f88-b27a-4c0dd153c0cc,POINT(118.06443271691288 24.506210066860497),a58be882-85bc-4547-b7b9-ca39f53ae2be,2026-02-28 14:38:38,2026-02-28 14:38:38
"1,505",海天集装箱码头,"POLYGON((118.07750369444445 24.52349911111111,118.08339869444444 24.52189025,118.07928341666667 24.510083805555556,118.07353008333332 24.500763166666665,118.06898375 24.50338686111111,118.07462711111111 24.513363805555556,118.07750369444445 24.52349911111111))",dfff7e08-08e4-449a-91f3-4fb59d49a859,POINT(118.07656665572577 24.512336611347564),a58be882-85bc-4547-b7b9-ca39f53ae2be,2026-02-28 14:38:38,2026-02-28 14:38:38
"1,506",现代码头,"POLYGON((118.09503558333333 24.55538702777778,118.102814 24.551654333333335,118.10766880555555 24.546116083333335,118.09258597222222 24.536415194444444,118.08110611111111 24.545491666666667,118.09503558333333 24.55538702777778))",73cfd8b2-f171-44e4-bdd3-bf6d3d39efd8,POINT(118.09456154394947 24.54611842856166),a58be882-85bc-4547-b7b9-ca39f53ae2be,2026-02-28 14:38:39,2026-02-28 14:38:39
"1,507",石湖山码头,"POLYGON((118.08761594444444 24.534597055555558,118.08356469444443 24.521880666666664,118.07711397222222 24.523832888888887,118.08148597222223 24.536228694444446,118.08761594444444 24.534597055555558))",748f91b3-5ac2-41a2-acec-f63bc328c482,POINT(118.08243206867755 24.529067310975655),a58be882-85bc-4547-b7b9-ca39f53ae2be,2026-02-28 14:38:39,2026-02-28 14:38:39
"1,508",厦门海翔码头,"POLYGON((118.22195941666666 24.53684025,118.2324615 24.531856583333333,118.23429758333333 24.535120055555556,118.24032036111112 24.532515416666666,118.2344195 24.520534055555554,118.21604636111111 24.528123194444444,118.22195941666666 24.53684025))",c5bdfbd4-0f1c-497c-b020-e9b573602ec8,POINT(118.22863229206861 24.529040173925683),a58be882-85bc-4547-b7b9-ca39f53ae2be,2026-02-28 14:38:39,2026-02-28 14:38:39
"1,509",修理码头,"POLYGON((118.70107872222222 24.81761061111111,118.71228500000001 24.8100975,118.6990938888889 24.79472416666667,118.68684661111112 24.803192083333332,118.70107872222222 24.81761061111111))",19d8aa8d-abda-48f7-8243-db353f5c358d,POINT(118.69972098881492 24.806274453242164),5eb2e880-eb5c-4885-b56d-4576a2507985,2026-02-28 14:38:39,2026-02-28 14:38:39
"1,510",泉州博洋船厂,"POLYGON((119.01031058333334 25.066444694444446,119.01366333333333 25.054126055555557,118.99872341666666 25.050823861111112,119.00017180555555 25.045378333333336,118.98850422222222 25.042535194444447,118.9830861388889 25.06105088888889,119.01031058333334 25.066444694444446))",7bd0ced0-f2a6-4a32-a045-5fa9ef1d77ea,POINT(118.9975832196576 25.055707019189857),5eb2e880-eb5c-4885-b56d-4576a2507985,2026-02-28 14:38:39,2026-02-28 14:38:39
"1,511",福建石化码头,"POLYGON((118.97467355555555 25.172007194444447,118.97317011111112 25.155928194444442,118.99017530555555 25.154981333333332,118.99122136111112 25.171732222222225,118.97467355555555 25.172007194444447))",9f306d59-c58b-496c-a583-700e3f43d05f,POINT(118.98236251391408 25.16361877813841),d742b9f8-5114-4a16-8d0b-028a256b754c,2026-02-28 14:38:39,2026-02-28 14:38:39
"1,512",江阴港区壁头作业,"POLYGON((119.25570847222222 25.44421425,119.27448394444444 25.436051666666668,119.26439883333333 25.419143472222224,119.24522105555556 25.427864333333336,119.25570847222222 25.44421425))",3f1506b6-d742-4053-a97c-3567957a2fc6,POINT(119.25995488029989 25.431763032175688),b3d0fd2f-f8d9-413f-8d10-8b794f15763e,2026-02-28 14:38:39,2026-02-28 14:38:39
"1,513",福州国际集装箱码头,"POLYGON((119.26919694444445 25.42603052777778,119.29800386111111 25.413699833333332,119.29183477777778 25.403039666666665,119.26259869444445 25.415371444444443,119.26919694444445 25.42603052777778))",05aa8c58-9d09-4564-8503-eccdc9371c60,POINT(119.28036950464356 25.414538810721723),b3d0fd2f-f8d9-413f-8d10-8b794f15763e,2026-02-28 14:38:39,2026-02-28 14:38:39
"1,514",福州平潭港金井（金井）码,"POLYGON((119.68236108333333 25.46215533333333,119.69008586111111 25.44278027777778,119.67646022222223 25.437887611111112,119.66881594444445 25.45786886111111,119.68236108333333 25.46215533333333))",bf2235f3-83c3-4d30-ace5-d223f5ebea7a,POINT(119.67941455974419 25.45012925067886),690292cd-7bf9-4245-b3e0-e129de08f901,2026-02-28 14:38:39,2026-02-28 14:38:39
"1,515",修理码头,"POLYGON((119.68809272222222 25.5803985,119.69359125 25.585176527777776,119.70124897222223 25.579781583333332,119.69520058333333 25.574023472222223,119.68809272222222 25.5803985))",64be4d30-b354-4746-8775-6b9e9957ca70,POINT(119.69460355881071 25.57975790786941),690292cd-7bf9-4245-b3e0-e129de08f901,2026-02-28 14:38:39,2026-02-28 14:38:39
"1,516",松下元洪码头,"POLYGON((119.57308241666667 25.68603088888889,119.5833821111111 25.688049194444446,119.58489755555556 25.682646805555557,119.57426261111111 25.680386694444447,119.57308241666667 25.68603088888889))",08442a7e-f2c2-44e7-b656-0665614050cb,POINT(119.57888413594964 25.68425655554299),690292cd-7bf9-4245-b3e0-e129de08f901,2026-02-28 14:38:39,2026-02-28 14:38:39
"1,517",松下牛头湾码头,"POLYGON((119.62777224999999 25.74754013888889,119.62833552777776 25.762686944444443,119.63742819444445 25.762566166666666,119.64862327777779 25.75711666666667,119.64795275 25.745738083333336,119.62777224999999 25.74754013888889))",79fe443c-8eb5-4613-9930-66a4a4c43aa6,POINT(119.63773422561516 25.753978404129832),690292cd-7bf9-4245-b3e0-e129de08f901,2026-02-28 14:38:39,2026-02-28 14:38:39
"1,518",沙市码头,"POLYGON((119.4699475 25.987310555555556,119.47529850000001 25.984007416666667,119.46552213888889 25.975536805555553,119.46141836111111 25.97850261111111,119.4699475 25.987310555555556))",c86a9ee0-fe24-4063-a9b0-371a98992527,POINT(119.46821180910662 25.98147418992907),690292cd-7bf9-4245-b3e0-e129de08f901,2026-02-28 14:38:39,2026-02-28 14:38:39
"1,519",华能电厂,"POLYGON((119.48035833333334 25.991490000000002,119.47538822222222 25.984164166666666,119.47012891666667 25.987408055555555,119.475319 25.994098444444447,119.48035833333334 25.991490000000002))",c264c477-214f-4938-953a-f7614b02a799,POINT(119.47528112461222 25.989222917576647),690292cd-7bf9-4245-b3e0-e129de08f901,2026-02-28 14:38:39,2026-02-28 14:38:39
"1,520",青州码头,"POLYGON((119.48077863888889 26.015987638888888,119.47583708333333 26.00316363888889,119.48004036111111 26.0019815,119.48462444444445 26.0150835,119.48077863888889 26.015987638888888))",60b6af24-561c-4e74-a35b-764a7daad07b,POINT(119.48028312423742 26.008940294043903),690292cd-7bf9-4245-b3e0-e129de08f901,2026-02-28 14:38:39,2026-02-28 14:38:39
"1,521",鑫通码头,"POLYGON((119.48360833333334 26.00482138888889,119.48926780555556 26.002133472222223,119.48478850000001 25.99459977777778,119.47888763888889 25.99755302777778,119.48360833333334 26.00482138888889))",c7a21ce1-bfe4-4040-8034-c56e2db6d84d,POINT(119.48412476234023 25.999740057094442),690292cd-7bf9-4245-b3e0-e129de08f901,2026-02-28 14:38:39,2026-02-28 14:38:39
"1,522",修理码头,"POLYGON((119.8483325 26.338705166666667,119.89907988888889 26.32601261111111,119.88910208333334 26.295717944444448,119.83674536111111 26.308510000000002,119.8483325 26.338705166666667))",55c10187-8dce-452a-80f1-d447783d413f,POINT(119.86824967403392 26.31717215161423),f27a2780-6a2c-4635-8ef5-671668ce8ae6,2026-02-28 14:38:39,2026-02-28 14:38:39
"1,523",罗源博奥码头,"POLYGON((119.62694166666665 26.47174933333333,119.63713408333334 26.475782944444443,119.64319586111112 26.465938805555556,119.63252066666666 26.46161672222222,119.62694166666665 26.47174933333333))",744a473d-3f78-4624-b953-df8121821627,POINT(119.63496588568508 26.46872716121466),f27a2780-6a2c-4635-8ef5-671668ce8ae6,2026-02-28 14:38:39,2026-02-28 14:38:39
"1,524",罗源湾码头,"POLYGON((119.70482325 26.45943186111111,119.69886175 26.45142727777778,119.68614805555556 26.45949575,119.691895 26.46663538888889,119.70482325 26.45943186111111))",71cdedf8-28cf-4919-96e2-d3a356b30a67,POINT(119.69551609099771 26.459175141941014),f27a2780-6a2c-4635-8ef5-671668ce8ae6,2026-02-28 14:38:39,2026-02-28 14:38:39
"1,525",福建华东船厂,"POLYGON((119.70580052777778 26.459214805555554,119.69957780555556 26.451050277777778,119.72081250000001 26.439117083333333,119.72680583333333 26.448310833333334,119.70580052777778 26.459214805555554))",4cf046b9-3511-4b58-8f08-34165de0c4a4,POINT(119.71336548526664 26.44932770178555),f27a2780-6a2c-4635-8ef5-671668ce8ae6,2026-02-28 14:38:39,2026-02-28 14:38:39
"1,526",华电可门储运码头,"POLYGON((119.74576861111112 26.380627361111113,119.75274233333333 26.370823166666668,119.77167874999999 26.381228083333333,119.76446361111111 26.39095933333333,119.74576861111112 26.380627361111113))",63954cd8-99e7-40fc-8ce7-4f49a5443172,POINT(119.75867682124519 26.38090418671713),f27a2780-6a2c-4635-8ef5-671668ce8ae6,2026-02-28 14:38:39,2026-02-28 14:38:39
"1,527",罗源湾将军帽福建华能电厂,"POLYGON((119.76584672222222 26.41010913888889,119.77626711111111 26.412559416666664,119.77790325 26.406854,119.76732194444445 26.40403122222222,119.76584672222222 26.41010913888889))",2b8293e1-b471-44f5-99ca-a5a568a976b7,POINT(119.77179150024787 26.40836546115484),f27a2780-6a2c-4635-8ef5-671668ce8ae6,2026-02-28 14:38:39,2026-02-28 14:38:39
"1,528",宁德漳湾码头,"POLYGON((119.61203066666666 26.744190500000002,119.6220728611111 26.746202500000003,119.62018458333333 26.751586888888887,119.61074322222221 26.74972825,119.61203066666666 26.744190500000002))",78ddc06c-69a7-48a1-8227-7d83cd58ebf6,POINT(119.61626134329855 26.74789758087634),95bd81b0-6088-433b-9bab-7232f3f40d1e,2026-02-28 14:38:39,2026-02-28 14:38:39
"1,529",漳湾作业区码头,"POLYGON((119.62487938888889 26.751626194444444,119.62271213888889 26.745456194444447,119.64234591666667 26.74035897222222,119.64457752777778 26.74633763888889,119.62487938888889 26.751626194444444))",67fa25bd-e541-4de0-8d2e-cb98bf86ca21,POINT(119.63358694875402 26.74595922583151),95bd81b0-6088-433b-9bab-7232f3f40d1e,2026-02-28 14:38:39,2026-02-28 14:38:39
"1,530",宁德升港码头,"POLYGON((119.7325445 26.730551944444443,119.72995619444444 26.722107249999997,119.73713108333334 26.719987,119.73994741666667 26.729018777777775,119.7325445 26.730551944444443))",e53664c2-0bf8-4823-bd43-a1ce24008497,POINT(119.73493769148762 26.725410136061342),95bd81b0-6088-433b-9bab-7232f3f40d1e,2026-02-28 14:38:39,2026-02-28 14:38:39
"1,531",宁德海螺水泥白马军联码头,"POLYGON((119.68517325 26.80114202777778,119.68403330555556 26.810023694444446,119.69091316666668 26.81239363888889,119.69401111111111 26.812537250000002,119.69594230555556 26.802363,119.68517325 26.80114202777778))",85563a92-e253-410d-b7fa-3b1fe3418ecb,POINT(119.68991529824964 26.806652076019482),95bd81b0-6088-433b-9bab-7232f3f40d1e,2026-02-28 14:38:39,2026-02-28 14:38:39
"1,532",宁德鼎信码头,"POLYGON((119.71367377777779 26.7978665,119.70595047222223 26.794546611111112,119.71933733333333 26.764791305555555,119.72777575 26.76821425,119.71367377777779 26.7978665))",1c789654-021f-4087-933f-b289f4da5f3c,POINT(119.71677866722747 26.78116036524454),95bd81b0-6088-433b-9bab-7232f3f40d1e,2026-02-28 14:38:39,2026-02-28 14:38:39
"1,533",温州状元岙码头,"POLYGON((121.12800758333333 27.911877166666667,121.13479355555556 27.89969372222222,121.10813238888888 27.889974444444444,121.10201697222222 27.902964916666665,121.12800758333333 27.911877166666667))",9fc02f17-3240-4d99-80e1-3c549a307759,POINT(121.11817230592398 27.90106125226826),88121609-71c6-4652-b18d-8046dd3b127c,2026-02-28 14:38:39,2026-02-28 14:38:39
"1,534",龙湾交通码头,"POLYGON((120.78849141666666 27.973593166666664,120.78635236111111 27.96963122222222,120.7791618611111 27.972064083333333,120.78134786111112 27.975854194444445,120.78849141666666 27.973593166666664))",e4bf5b6c-9862-4a63-90e7-3385e3764b3f,POINT(120.78385572331806 27.97277354938429),88121609-71c6-4652-b18d-8046dd3b127c,2026-02-28 14:38:39,2026-02-28 14:38:39
"1,535",温州龙湾码头,"POLYGON((120.80080069444445 27.972293055555554,120.80015697222223 27.967957944444443,120.788543 27.969450388888887,120.78942813888888 27.973441944444442,120.80080069444445 27.972293055555554))",903fd382-5e3b-4c50-a53a-bce622f58e4c,POINT(120.79480170037331 27.970768655573476),88121609-71c6-4652-b18d-8046dd3b127c,2026-02-28 14:38:39,2026-02-28 14:38:39
"1,536",浙江浙能温州苍南电厂,"POLYGON((120.82751275 27.991962444444447,120.83173725 27.985117472222225,120.84595058333333 27.992857,120.84104213888888 27.999085722222222,120.82751275 27.991962444444447))",5f0ce585-c7b5-4cbb-aafc-252419fc22f0,POINT(120.83655077928171 27.992206590438215),88121609-71c6-4652-b18d-8046dd3b127c,2026-02-28 14:38:39,2026-02-28 14:38:39
"1,537",金洋集装箱码头,"POLYGON((120.871517 27.998747861111113,120.8846075 27.99781475,120.88441305555556 27.99463527777778,120.87119780555555 27.99555775,120.871517 27.998747861111113))",d12918d0-b8dd-4670-b74c-1b3b5651de24,POINT(120.87792698769505 27.99668689319696),88121609-71c6-4652-b18d-8046dd3b127c,2026-02-28 14:38:39,2026-02-28 14:38:39
"1,538",修理码头,"POLYGON((120.9290321388889 27.98395038888889,120.93087786111111 27.989598722222222,120.89177625 27.99880525,120.88984508333334 27.993358083333334,120.9290321388889 27.98395038888889))",5c18418a-0d3f-4689-a192-5d0c53b2fe6a,POINT(120.91048063761389 27.991403038899367),88121609-71c6-4652-b18d-8046dd3b127c,2026-02-28 14:38:39,2026-02-28 14:38:39
"1,539",温州灵昆港务码头,"POLYGON((120.91590497222222 27.981044055555554,120.91358352777779 27.97561613888889,120.91801588888889 27.974230388888888,120.92058544444446 27.979646555555554,120.91590497222222 27.981044055555554))",a3704c01-e145-4ac0-aab5-90d680e099a9,POINT(120.91703636114585 27.97765516797093),88121609-71c6-4652-b18d-8046dd3b127c,2026-02-28 14:38:39,2026-02-28 14:38:39
"1,540",大麦屿,"POLYGON((121.13785758333334 28.093324694444444,121.14226983333334 28.085551444444445,121.14532752777778 28.086722805555553,121.14750958333335 28.080805416666667,121.14052244444446 28.07753963888889,121.13314469444444 28.091568638888887,121.13785758333334 28.093324694444444))",84dea0c0-3317-4d6c-bd68-d30b7cfd0eea,POINT(121.14032087309823 28.085099138112877),88121609-71c6-4652-b18d-8046dd3b127c,2026-02-28 14:38:39,2026-02-28 14:38:39
"1,541",兴源船舶制造码头,"POLYGON((121.6429306388889 28.364943444444446,121.6338111388889 28.370772916666667,121.62632777777777 28.36510863888889,121.62198258333332 28.368342055555555,121.60512038888888 28.355632833333335,121.6256661111111 28.34383025,121.6429306388889 28.364943444444446))",f7fcfd96-e7f6-45e4-93a8-1235d01f95b8,POINT(121.62479719226293 28.357991419583623),86cd0af1-a74c-4ce7-8c28-07737f48d569,2026-02-28 14:38:39,2026-02-28 14:38:39
"1,542",浙江台州湾港区,"POLYGON((121.4505 28.689013777777777,121.44900869444444 28.686190222222223,121.45729672222222 28.682890083333334,121.45897311111112 28.685949027777777,121.4505 28.689013777777777))",83c2f1bb-7aa3-477f-8b04-f834beb81fca,POINT(121.4540056525356 28.685989311661093),86cd0af1-a74c-4ce7-8c28-07737f48d569,2026-02-28 14:38:40,2026-02-28 14:38:40
"1,543",干散码头,"POLYGON((121.51892808333334 28.695405555555556,121.52999222222222 28.69424091666667,121.52922777777778 28.687276333333333,121.51790886111111 28.68833516666667,121.51892808333334 28.695405555555556))",13c2b1c8-4620-468a-9d44-6b8ea68465ac,POINT(121.52399544554768 28.6913037493867),86cd0af1-a74c-4ce7-8c28-07737f48d569,2026-02-28 14:38:40,2026-02-28 14:38:40
"1,544",浙江海昌船业,"POLYGON((121.49539397222222 28.6968635,121.49517938888889 28.690899083333335,121.50712863888889 28.690699083333335,121.50724933333333 28.69645175,121.49539397222222 28.6968635))",c05b54aa-53ea-4ea1-9f01-566ec7b64aca,POINT(121.50120149891637 28.693725685293305),86cd0af1-a74c-4ce7-8c28-07737f48d569,2026-02-28 14:38:40,2026-02-28 14:38:40
"1,545",亚达货码头,"POLYGON((121.63049302777777 29.04802027777778,121.63369827777778 29.042908444444446,121.63554630555556 29.045876500000002,121.64079197222223 29.053004583333333,121.63556166666667 29.055501666666668,121.63049302777777 29.04802027777778))",04deea8b-6ce8-4ce3-85e6-f8b293cd9598,POINT(121.63523278601842 29.049834348552857),86cd0af1-a74c-4ce7-8c28-07737f48d569,2026-02-28 14:38:40,2026-02-28 14:38:40
"1,546",六横海水淡化厂码头,"POLYGON((122.19121369444444 29.718707249999998,122.18822302777778 29.71375711111111,122.19653786111111 29.709855083333334,122.19999791666667 29.715201416666666,122.19121369444444 29.718707249999998))",dba52bde-b5a8-4eaa-8fcd-dc5f0a03b138,POINT(122.19406385256505 29.714360672432363),4083f670-b01b-4fd3-9c17-e010ffb412d8,2026-02-28 14:38:40,2026-02-28 14:38:40
"1,547",干散码头,"POLYGON((121.86137419444444 30.106394083333335,121.85694855555555 30.094814777777778,121.87255430555555 30.090785527777776,121.87132519444444 30.08759733333333,121.87663597222222 30.0831645,121.88489136111112 30.079101527777777,121.89300372222223 30.078949527777777,121.89939247222223 30.093978805555555,121.86137419444444 30.106394083333335))",128e3c03-80cb-44e2-9a2e-94bb8e4b6d66,POINT(121.87917247286612 30.09240384696274),4083f670-b01b-4fd3-9c17-e010ffb412d8,2026-02-28 14:38:40,2026-02-28 14:38:40
"1,548",浙江沥港修理码头,"POLYGON((121.83342569444444 30.04507166666667,121.8423708611111 30.04561727777778,121.8438 30.05128813888889,121.84484605555555 30.056616194444445,121.83690672222222 30.059494861111112,121.83342569444444 30.04507166666667))",fabaccc2-355b-4b25-a264-f68cc929e32c,POINT(121.8392242818038 30.051697680139117),4083f670-b01b-4fd3-9c17-e010ffb412d8,2026-02-28 14:38:40,2026-02-28 14:38:40
"1,549",舟山永舟集装箱码头,"POLYGON((121.82758008333333 29.98999175,121.842207 29.99640625,121.85536775 29.97728361111111,121.83997188888888 29.969941416666664,121.82758008333333 29.98999175))",8a427f80-b137-42b5-9368-ff4d9552fbb7,POINT(121.84132842075424 29.983277768244335),4083f670-b01b-4fd3-9c17-e010ffb412d8,2026-02-28 14:38:40,2026-02-28 14:38:40
"1,550",宁波镇海港码头,"POLYGON((121.74246188888888 29.98586163888889,121.75066980555556 29.983181527777777,121.75631702777778 29.981131444444443,121.75699372222222 29.97771611111111,121.74841463888889 29.975340166666665,121.74094469444445 29.974178444444444,121.73289116666668 29.96978725,121.72747308333334 29.965964916666668,121.72549905555556 29.963463944444445,121.72074486111111 29.96624075,121.72329716666667 29.98600491666667,121.74246188888888 29.98586163888889))",9577d13b-a912-4771-bd9d-afe2fafb665d,POINT(121.73515796248635 29.97757186041036),e86dff3d-0099-4f8f-8d65-e7bfe2567db2,2026-02-28 14:38:40,2026-02-28 14:38:40
"1,551",宁波威山化工码头,"POLYGON((121.77895097222222 29.976687277777778,121.77526716666667 29.970403694444443,121.78911702777778 29.965414944444444,121.79248002777777 29.97183586111111,121.77895097222222 29.976687277777778))",d2713be6-4b5a-4a73-b4d4-36fe647a3095,POINT(121.78394999855406 29.971071459482957),e86dff3d-0099-4f8f-8d65-e7bfe2567db2,2026-02-28 14:38:40,2026-02-28 14:38:40
"1,552",洋公山石化码头（原埃索码头）,"POLYGON((121.79490980555555 29.96492136111111,121.800006 29.961290555555554,121.80542708333333 29.96723022222222,121.79968494444444 29.970421888888886,121.79490980555555 29.96492136111111))",e3d5a32e-d8d7-4d45-b060-89614b989bac,POINT(121.80006251606005 29.965953425672563),f7db258a-637c-42d4-b28b-d2e1a5d2b880,2026-02-28 14:38:40,2026-02-28 14:38:40
"1,553",宁波北仑化学品_北仑算山码头,"POLYGON((121.80550244444444 29.967222138888886,121.79985641666667 29.960634416666664,121.81756702777777 29.948900944444446,121.8244335 29.956477083333333,121.80550244444444 29.967222138888886))",10ee0d32-47b7-43dc-b7c6-2c3472f00be1,POINT(121.81208912600019 29.95816690738176),f7db258a-637c-42d4-b28b-d2e1a5d2b880,2026-02-28 14:38:40,2026-02-28 14:38:40
"1,554",北仑台塑化学品码头,"POLYGON((121.89448902777778 29.938744166666666,121.89030477777779 29.92519261111111,121.91023358333334 29.92244952777778,121.91307672222223 29.93674525,121.89448902777778 29.938744166666666))",5ab0ff42-c0aa-4bbd-8c26-a02543b073a0,POINT(121.90206821365535 29.93068557910523),f7db258a-637c-42d4-b28b-d2e1a5d2b880,2026-02-28 14:38:40,2026-02-28 14:38:40
"1,555",中化兴中石油中转码头,"POLYGON((122.12414022222221 29.957319777777776,122.13403758333334 29.963756666666665,122.1487628888889 29.967637194444443,122.15579027777778 29.96947283333333,122.16484144444445 29.966703555555554,122.16712130555555 29.9589915,122.16602161111112 29.949812,122.16167644444445 29.944698972222223,122.14555636111112 29.942979083333334,122.12749227777778 29.946511805555556,122.12414022222221 29.957319777777776))",14398d83-2ae7-49ef-8844-6511cdd5a6cf,POINT(122.14739184881029 29.95545050933723),4083f670-b01b-4fd3-9c17-e010ffb412d8,2026-02-28 14:38:40,2026-02-28 14:38:40
"1,556",光汇石油码头（外钓岛）码头,"POLYGON((121.95715213888889 30.067313055555555,121.95725941666667 30.052618250000002,121.97480105555556 30.045049444444444,121.9764103888889 30.049089305555558,121.97273575 30.056170277777777,121.97123372222222 30.064457833333336,121.96737133333333 30.069355777777776,121.95715213888889 30.067313055555555))",4d8f5725-521e-40f1-a9ff-7b834c38413c,POINT(121.96580630101481 30.057656676687557),4083f670-b01b-4fd3-9c17-e010ffb412d8,2026-02-28 14:38:40,2026-02-28 14:38:40
"1,557",老塘山码头,"POLYGON((121.97405994444445 30.05574663888889,121.97692438888889 30.057055222222225,121.97919636111111 30.05380813888889,121.97629286111112 30.052351305555558,121.97405994444445 30.05574663888889))",3e7d416a-a666-42cb-b804-294a47977019,POINT(121.97661817234763 30.054726825638014),4083f670-b01b-4fd3-9c17-e010ffb412d8,2026-02-28 14:38:40,2026-02-28 14:38:40
"1,558",中海油舟山石化码头,"POLYGON((122.08697513888889 30.160150249999997,122.08806144444443 30.156056944444444,122.0767291111111 30.154166777777775,122.07589763888889 30.15822536111111,122.08697513888889 30.160150249999997))",5ce34093-68e4-4f50-b744-55c45272bcb6,POINT(122.08193472847442 30.15714557273584),4083f670-b01b-4fd3-9c17-e010ffb412d8,2026-02-28 14:38:40,2026-02-28 14:38:40
"1,559",舟山修理码头,"POLYGON((122.13741702777779 30.167333555555558,122.14337825000001 30.167872694444444,122.14421644444445 30.16437686111111,122.13836252777779 30.1623535,122.13741702777779 30.167333555555558))",32108b5d-fb8f-4ed1-a5bb-6a398aef4e1a,POINT(122.14067855619625 30.165436108252933),4083f670-b01b-4fd3-9c17-e010ffb412d8,2026-02-28 14:38:40,2026-02-28 14:38:40
"1,560",岱山金海（长宏国际）船厂,"POLYGON((122.27247619444444 30.266669277777776,122.25380519444444 30.23421888888889,122.23883847222223 30.248122055555555,122.25621919444444 30.278285166666667,122.26657533333334 30.280475194444442,122.27247619444444 30.266669277777776))",c0a28f97-5e0c-40be-a51d-2b1f9066a4c2,POINT(122.25637285421531 30.25854383981287),4083f670-b01b-4fd3-9c17-e010ffb412d8,2026-02-28 14:38:40,2026-02-28 14:38:40
"1,561",长宏国际船厂,"POLYGON((122.23934372222222 30.239169472222223,122.22748833333334 30.234789777777777,122.23781486111112 30.217732638888886,122.25017983333333 30.222762027777776,122.23934372222222 30.239169472222223))",8dba637b-3337-48d3-a977-493ae5bc4ed5,POINT(122.23873861775695 30.22851990421495),4083f670-b01b-4fd3-9c17-e010ffb412d8,2026-02-28 14:38:40,2026-02-28 14:38:40
"1,562",嵊泗码头,"POLYGON((122.42604444444444 30.755131277777778,122.41541752777778 30.73710461111111,122.46313330555556 30.72452047222222,122.46907966666667 30.749369222222224,122.42604444444444 30.755131277777778))",de8c8d53-a33b-49c3-8e6b-3768852b6ccf,POINT(122.44427673922789 30.741069841547482),58acd5aa-d7f5-4ffe-ad9b-29de6aa04be8,2026-02-28 14:38:40,2026-02-28 14:38:40
"1,563",鼠浪湖码头,"POLYGON((122.28962177777778 30.42471488888889,122.28579963888889 30.416931833333333,122.29679669444444 30.41331183333333,122.30064566666667 30.42144213888889,122.28962177777778 30.42471488888889))",98af9f7a-6e6a-420e-a66b-dbcfb960d752,POINT(122.29324803440002 30.4190816645605),0b4c0a5f-485a-4960-b3b8-04b46471efd7,2026-02-28 14:38:40,2026-02-28 14:38:40
"1,564",洋山码头,"POLYGON((122.09955516666666 30.612626722222224,122.13916980555557 30.604269972222223,122.13529925 30.58961683333333,122.09463697222222 30.59834422222222,122.09955516666666 30.612626722222224))",560041c4-c5cc-49fb-af6a-cb75502db7a3,POINT(122.117187427165 30.601174878473003),8bd6e5b6-3acd-4583-bea6-b748c9d129d1,2026-02-28 14:38:40,2026-02-28 14:38:40
"1,575",镇江修理码头,"POLYGON((119.68734855555556 32.24759230555556,119.69282025 32.24492680555556,119.68694622222223 32.23716805555556,119.68139405555556 32.239935861111114,119.68734855555556 32.24759230555556))",b1abbc79-004a-4a85-8998-d79a7836bca9,POINT(119.68711966544826 32.242390980282046),00c761c9-28a4-4a39-836c-8061f5c24470,2026-02-28 14:38:40,2026-02-28 14:38:40
"1,577",靖江夹港物资中转码头,"POLYGON((120.09485649999999 31.965378277777777,120.10051597222221 31.96420638888889,120.09916144444443 31.95942197222222,120.09334774999999 31.960736138888887,120.09485649999999 31.965378277777777))",4f6fd07c-ad8f-4141-bcb6-778e793940b2,POINT(120.09697692354297 31.96242076625972),dc4b11ec-ea0a-4b72-a085-36841f3b32ed,2026-02-28 14:38:40,2026-02-28 14:38:40
"1,579",华电码头,"POLYGON((118.13036638888889 31.237354111111113,118.13747422222222 31.230450833333332,118.15171675 31.241275666666667,118.14533311111111 31.24735263888889,118.13036638888889 31.237354111111113))",1a9cb7e0-299b-4d59-8b0a-4165ac8493e0,POINT(118.14108098310898 31.239002353938982),9d88cc3f-da09-4a70-a2af-90a88f2edfca,2026-02-28 14:38:40,2026-02-28 14:38:40
"1,581",中石化江阴长山码头,"POLYGON((120.33165119444445 31.960095666666668,120.33397130555555 31.954315388888887,120.35175913888888 31.95937936111111,120.34937197222222 31.965045555555555,120.33165119444445 31.960095666666668))",473cb4b5-fc53-415f-84a9-a4971dc8204e,POINT(120.34166748452702 31.95970003222215),a8554a58-1976-424e-95b2-24091881d1dc,2026-02-28 14:38:40,2026-02-28 14:38:40
"1,582",长江国际石化码头,"POLYGON((120.44310730555556 31.97630597222222,120.44558836111112 31.97384869444444,120.44026416666667 31.970833888888887,120.43830613888889 31.97406486111111,120.44310730555556 31.97630597222222))",3b17c582-8010-4e17-8d0c-3861d3162b7b,POINT(120.44179277402797 31.97369828990564),a5ef38e8-f45c-4025-85bd-a143d43a7e31,2026-02-28 14:38:40,2026-02-28 14:38:40
"1,583",中化（汇丰）码头,"POLYGON((120.93928405555556 31.840787083333332,120.94155052777778 31.827057611111112,120.93357094444445 31.826294166666667,120.93166658333334 31.84016047222222,120.93928405555556 31.840787083333332))",ff7a99aa-7d4c-4145-b07a-cf43c70400b2,POINT(120.93652158531695 31.833518711070287),0b7f167e-04ea-4658-8b4d-0321dcabbeff,2026-02-28 14:38:41,2026-02-28 14:38:41
"1,586",海滨油轮石油码头,"POLYGON((121.56911677777778 31.382571694444444,121.56737333333334 31.377133194444443,121.5578018611111 31.38007575,121.56009113888888 31.384872944444442,121.56911677777778 31.382571694444444))",c85027dc-f3ef-4703-9ab9-7b069b84f366,POINT(121.56364920832948 31.381111706158705),665abb5f-21e9-48b3-91a0-5cf6542c8295,2026-02-28 14:38:41,2026-02-28 14:38:41
"1,587",修理码头,"POLYGON((121.62948683333333 31.356359166666667,121.62440405555554 31.349205777777776,121.64180047222223 31.340962416666667,121.64695030555556 31.34852188888889,121.62948683333333 31.356359166666667))",c4aee107-1b7f-48e6-a477-112229de78d4,POINT(121.63572175611709 31.34872644213232),665abb5f-21e9-48b3-91a0-5cf6542c8295,2026-02-28 14:38:41,2026-02-28 14:38:41
"1,588",上海干散码头,"POLYGON((121.55432586111111 31.315346722222223,121.5540978611111 31.310609,121.5574908611111 31.310448583333333,121.55767861111111 31.31524361111111,121.55432586111111 31.315346722222223))",36093cf9-d120-4028-b3d8-10a8b6c930d6,POINT(121.5559013604183 31.312906825299077),02c24555-7846-427a-bcf3-a04472331270,2026-02-28 14:38:41,2026-02-28 14:38:41
"1,589",上海井点真空泵制造码头,"POLYGON((121.56125336111111 31.278654888888887,121.562742 31.278116194444443,121.5600463611111 31.274081527777778,121.55676066666666 31.271559777777778,121.55675394444444 31.27314736111111,121.56125336111111 31.278654888888887))",e969825e-d9b9-430d-b6a9-564689a971d5,POINT(121.5596160362103 31.275293695906484),02c24555-7846-427a-bcf3-a04472331270,2026-02-28 14:38:41,2026-02-28 14:38:41
"1,590",动员船舶工程码头,"POLYGON((121.56184080555555 31.29442430555556,121.56434533333334 31.295515861111113,121.5675005 31.289265083333333,121.56446958333333 31.289024416666667,121.56184080555555 31.29442430555556))",22490184-59f0-4096-8082-98d178d6ee39,POINT(121.56458171660037 31.292049448629626),02c24555-7846-427a-bcf3-a04472331270,2026-02-28 14:38:41,2026-02-28 14:38:41
"1,591",上海嘉里粮油工业码头,"POLYGON((121.55837544444444 31.304135666666667,121.56087397222223 31.304479333333333,121.56434269444445 31.295550416666668,121.561808 31.29446175,121.55837544444444 31.304135666666667))",4dedacf3-2a45-4cdb-b3c0-f5e970ca4124,POINT(121.5613673463227 31.299565455490367),02c24555-7846-427a-bcf3-a04472331270,2026-02-28 14:38:41,2026-02-28 14:38:41
"1,592",上海修理码头,"POLYGON((121.56592966666666 31.281738916666665,121.56926233333333 31.28168736111111,121.57028355555555 31.28130969444444,121.56466069444444 31.271810805555553,121.56137497222223 31.274011583333333,121.56592966666666 31.281738916666665))",4840d23d-e61f-4b14-b0d3-04a6382c6eab,POINT(121.5656728388365 31.27726419947059),02c24555-7846-427a-bcf3-a04472331270,2026-02-28 14:38:41,2026-02-28 14:38:41
"1,593",朱家尖砂石码头,"POLYGON((121.56603644444444 31.28638325,121.56839008333333 31.28640616666667,121.56841688888889 31.281764416666665,121.56593586111111 31.281793055555553,121.56603644444444 31.28638325))",d45d49f3-6ec5-44fb-bf2f-a0a36eb4b8be,POINT(121.56719690024559 31.28406638311437),02c24555-7846-427a-bcf3-a04472331270,2026-02-28 14:38:41,2026-02-28 14:38:41
"1,594",华润大东船厂,"POLYGON((121.72026916666667 31.720277694444444,121.7536895 31.712657,121.75044402777777 31.702000638888887,121.71605100000001 31.709623416666666,121.72026916666667 31.720277694444444))",d676abb6-4211-42db-b3c4-fdd5d906fe67,POINT(121.73505191019169 31.711128022945083),9e7dc9e5-5986-4b0f-8a53-62023a7c9b0e,2026-02-28 14:38:41,2026-02-28 14:38:41
"1,595",浙江舟山武港码头,"POLYGON((122.1993481388889 29.73810866666667,122.18974583333333 29.721664805555555,122.20739475 29.71435038888889,122.2182308888889 29.731214666666666,122.1993481388889 29.73810866666667))",045cb67c-9757-4afc-82bd-24bef7ec72e5,POINT(122.20378306507016 29.726368654380078),4083f670-b01b-4fd3-9c17-e010ffb412d8,2026-02-28 14:38:41,2026-02-28 14:38:41
"1,596",白象山码头（宁海）,"POLYGON((121.48524625 29.48840675,121.49198694444445 29.481267638888887,121.48439630555556 29.476154055555554,121.4773555 29.483637555555557,121.48524625 29.48840675))",38a1066b-f2a9-48a8-92af-4c4fd781a8fc,POINT(121.48471785914234 29.48234645036772),a35cdf69-3ebc-4639-9cd7-0bac88da128b,2026-02-28 14:38:41,2026-02-28 14:38:41
"1,597",宁海强蛟水泥_主码头(北),"POLYGON((121.50362933333334 29.495631694444445,121.50440716666667 29.49058888888889,121.49813080555556 29.488861222222223,121.49747019444445 29.494742944444447,121.50362933333334 29.495631694444445))",20d04bdf-f978-4495-a4fe-9dca6a104a8a,POINT(121.50083635328986 29.492424155581467),a35cdf69-3ebc-4639-9cd7-0bac88da128b,2026-02-28 14:38:41,2026-02-28 14:38:41
"1,598",北仑第二集装箱码头,"POLYGON((121.8332876111111 29.950665916666665,121.83077972222222 29.94665688888889,121.8482275 29.940358361111112,121.85044541666666 29.944780194444444,121.8332876111111 29.950665916666665))",a10fd702-7df1-4dbf-8f91-12e0ae182dd7,POINT(121.84076886845175 29.945575248225353),e86dff3d-0099-4f8f-8d65-e7bfe2567db2,2026-02-28 14:38:41,2026-02-28 14:38:41
"1,599",宁波北仑国际集装箱码头(NBCT),"POLYGON((121.87815561111111 29.94177538888889,121.87316669444444 29.930943916666667,121.84881225 29.939916,121.85439122222222 29.949677444444443,121.87815561111111 29.94177538888889))",78685b8d-2abd-4c9f-bf12-d235a35645d7,POINT(121.86375620956233 29.940493808641616),e86dff3d-0099-4f8f-8d65-e7bfe2567db2,2026-02-28 14:38:41,2026-02-28 14:38:41
"1,600",北仑铁矿石码头,"POLYGON((121.87952405555555 29.941515055555556,121.87426694444444 29.928707722222224,121.88966280555556 29.924546722222225,121.89387388888889 29.938144861111113,121.87952405555555 29.941515055555556))",dab04e5d-cb63-46f2-9782-5454bfae3e64,POINT(121.88434485662415 29.933126958844763),e86dff3d-0099-4f8f-8d65-e7bfe2567db2,2026-02-28 14:38:41,2026-02-28 14:38:41
"1,601",北仑第三集装箱码头,"POLYGON((122.06440705555555 29.895792694444445,122.06596738888888 29.88848063888889,122.04794294444444 29.888015555555555,122.02560013888889 29.894549944444442,122.02836280555556 29.90024683333333,122.06440705555555 29.895792694444445))",8ea65523-97c5-41fc-811c-e93c5d9e70dd,POINT(122.04655766120327 29.893766656250577),e86dff3d-0099-4f8f-8d65-e7bfe2567db2,2026-02-28 14:38:41,2026-02-28 14:38:41
"1,602",万邦重工船厂,"POLYGON((122.23493216666667 29.95023725,122.23144530555555 29.941382333333333,122.26913033333334 29.93078325,122.27154433333334 29.93938347222222,122.23493216666667 29.95023725))",b1622bc8-8d2a-4857-a62e-49369784f046,POINT(122.25157466785649 29.940481647335577),4083f670-b01b-4fd3-9c17-e010ffb412d8,2026-02-28 14:38:41,2026-02-28 14:38:41
"1,603",舟山港海粮油码头,"POLYGON((121.9978103888889 30.034704861111113,121.99287513888889 30.030977916666664,121.99823955555556 30.02583425,122.00344302777778 30.029781999999997,121.9978103888889 30.034704861111113))",895bd415-f39c-4402-8389-327b44d155c5,POINT(121.99811641598784 30.03030106713565),4083f670-b01b-4fd3-9c17-e010ffb412d8,2026-02-28 14:38:41,2026-02-28 14:38:41
"1,604",舟山港自贸区,"POLYGON((122.20245744444445 30.114772194444445,122.20163936111112 30.11049138888889,122.20910930555556 30.1097605,122.2105308888889 30.11437777777778,122.20245744444445 30.114772194444445))",01615896-a115-4811-bc9c-bde7dd0ae579,POINT(122.20599471778546 30.11237083766289),4083f670-b01b-4fd3-9c17-e010ffb412d8,2026-02-28 14:38:41,2026-02-28 14:38:41
"1,605",华丰船厂,"POLYGON((122.16701263888889 30.1207935,122.16781730555556 30.11135052777778,122.18326680555556 30.111814583333334,122.18262308333334 30.1213735,122.16701263888889 30.1207935))",ba49b9ea-94fc-444c-8652-ec1fce4cfcab,POINT(122.1751943181342 30.11634216626336),4083f670-b01b-4fd3-9c17-e010ffb412d8,2026-02-28 14:38:41,2026-02-28 14:38:41
"1,606",舟山太平洋船厂,"POLYGON((122.00966416666667 30.170356666666667,122.02074169444444 30.17726663888889,122.0326238611111 30.16040822222222,122.02390669444445 30.15709186111111,122.00966416666667 30.170356666666667))",11cd397d-4a90-491b-abc4-a8c21da5e5eb,POINT(122.02140790261721 30.166806886853337),4083f670-b01b-4fd3-9c17-e010ffb412d8,2026-02-28 14:38:41,2026-02-28 14:38:41
"1,607",中天重工,"POLYGON((122.04973472222223 30.20700722222222,122.04225136111111 30.200887527777777,122.06146116666666 30.184327333333332,122.07001741666666 30.190610361111112,122.04973472222223 30.20700722222222))",b3592df1-264d-4cbc-81f8-58fd250f76b9,POINT(122.0560152997136 30.195606208020568),4083f670-b01b-4fd3-9c17-e010ffb412d8,2026-02-28 14:38:41,2026-02-28 14:38:41
"1,608",中东(舟山)港,"POLYGON((122.14391452777778 30.251236638888887,122.14139325000001 30.246475166666666,122.15386550000001 30.243995861111113,122.15426783333334 30.249151333333334,122.14391452777778 30.251236638888887))",7c6eb090-8c3a-4c82-af17-ac12d3237d01,POINT(122.14833236189523 30.247639409536063),4083f670-b01b-4fd3-9c17-e010ffb412d8,2026-02-28 14:38:41,2026-02-28 14:38:41
"1,609",浙江石化通用码头,"POLYGON((121.94394472222223 30.300344722222224,121.93681002777778 30.291961166666667,121.94963100000001 30.283993805555557,121.95746305555556 30.292980194444446,121.94394472222223 30.300344722222224))",66f4a51d-b9ea-4c8c-b63f-e1df7c09efce,POINT(121.94705270543936 30.292277068950554),4083f670-b01b-4fd3-9c17-e010ffb412d8,2026-02-28 14:38:41,2026-02-28 14:38:41
"1,610",浙江石化油码头,"POLYGON((121.91901683333334 30.31585213888889,121.94326402777779 30.300893305555554,121.93623663888889 30.292370833333337,121.91097022222223 30.307655166666667,121.91901683333334 30.31585213888889))",6f2a833c-25bc-42ef-aedd-9324f58188cf,POINT(121.92730318059482 30.30419791558311),4083f670-b01b-4fd3-9c17-e010ffb412d8,2026-02-28 14:38:41,2026-02-28 14:38:41
"1,611",浙江石化干散货码,"POLYGON((121.9423558888889 30.347090138888888,121.94227541666667 30.33702072222222,121.96408177777778 30.336835527777776,121.96437680555556 30.347404944444442,121.9423558888889 30.347090138888888))",2f693c2c-02ee-486d-b92d-fd9055681516,POINT(121.95336099200489 30.342096157875233),4083f670-b01b-4fd3-9c17-e010ffb412d8,2026-02-28 14:38:41,2026-02-28 14:38:41
"1,612",友联船厂,"POLYGON((122.26778966666667 30.480892666666666,122.26982813888888 30.47092947222222,122.29624788888889 30.473980972222222,122.29466538888889 30.484151861111112,122.26778966666667 30.480892666666666))",a8314aca-3094-4308-b214-dbaecb967e80,POINT(122.28216323368824 30.47750788092233),0b4c0a5f-485a-4960-b3b8-04b46471efd7,2026-02-28 14:38:41,2026-02-28 14:38:41
"1,613",鼠浪湖矿石码头,"POLYGON((122.44677944444445 30.432601444444444,122.44806133333334 30.424831583333333,122.45152136111112 30.424993500000003,122.45608113888889 30.42811577777778,122.468312 30.41662061111111,122.45412311111112 30.405147222222222,122.43888816666667 30.42071463888889,122.43685527777778 30.431283222222223,122.44677944444445 30.432601444444444))",ef8beb2e-8aaf-4fab-bf49-119b537f3e70,POINT(122.4515603048964 30.419432131271176),0b4c0a5f-485a-4960-b3b8-04b46471efd7,2026-02-28 14:38:41,2026-02-28 14:38:41
"1,614",盛东国际集装箱码头,"POLYGON((122.03908547222223 30.64359713888889,122.09451933333332 30.60490236111111,122.08711641666666 30.596221749999998,122.03046816666667 30.636570805555554,122.03908547222223 30.64359713888889))",b5fd208a-4132-40a5-943d-472aca843a74,POINT(122.06305319776386 30.62010869398505),8bd6e5b6-3acd-4583-bea6-b748c9d129d1,2026-02-28 14:38:41,2026-02-28 14:38:41
"1,615",上港集团山东（洋山四期）码头,"POLYGON((122.00792955555555 30.657641388888887,122.04094755555555 30.649726972222222,122.03920413888889 30.644373416666667,122.00575697222222 30.65219597222222,122.00792955555555 30.657641388888887))",4af815c3-6397-413d-be49-82b01297b5ea,POINT(122.02336637921687 30.651001139144014),8bd6e5b6-3acd-4583-bea6-b748c9d129d1,2026-02-28 14:38:41,2026-02-28 14:38:41
"1,616",马迹山矿石码头 (宝钢),"POLYGON((122.4051718888889 30.681689055555555,122.40259697222223 30.664248527777776,122.42920447222222 30.661526027777775,122.43232827777778 30.69007661111111,122.4051718888889 30.681689055555555))",0d87d31b-596d-48f4-8fa5-7bdc75c36268,POINT(122.41840891385948 30.67444021757322),e4e727fc-2852-43c9-a0fa-d8d145c5f28f,2026-02-28 14:38:41,2026-02-28 14:38:41
"1,617",上港集团陈山码头,"POLYGON((121.09492722222221 30.59050225,121.11533883333333 30.592811138888887,121.11667991666666 30.583967777777776,121.0961878611111 30.581497055555555,121.09492722222221 30.59050225))",392f9f1b-b001-40ed-b8fa-3417ad93c760,POINT(121.10575537701801 30.58718749124242),50201deb-f665-4d37-b618-a9fa45919a07,2026-02-28 14:38:41,2026-02-28 14:38:41
"1,618",嘉兴港独山港区开发码头,"POLYGON((121.27119516666667 30.691085805555556,121.25797186111112 30.684235194444444,121.26379227777778 30.66995577777778,121.27535258333333 30.67413141666667,121.27119516666667 30.691085805555556))",c438f6cb-31ae-4791-a446-47289c7b4e43,POINT(121.26711605343012 30.680133386952985),50201deb-f665-4d37-b618-a9fa45919a07,2026-02-28 14:38:41,2026-02-28 14:38:41
"1,619",乍浦独山码头,"POLYGON((121.1583013888889 30.63500422222222,121.1628075 30.63038838888889,121.17322788888889 30.63637738888889,121.16916433333334 30.64121213888889,121.1583013888889 30.63500422222222))",1cf02e30-b0f4-4919-84ef-5bee5fec13d7,POINT(121.16585683771544 30.63575868863049),50201deb-f665-4d37-b618-a9fa45919a07,2026-02-28 14:38:41,2026-02-28 14:38:41
"1,622",金陵（中国石化）5号码头,"POLYGON((118.9185035 32.17186844444444,118.91831102777778 32.16773627777778,118.96020630555556 32.16703883333333,118.96024652777778 32.17122780555555,118.9185035 32.17186844444444))",c8a11b3c-9d2f-41f9-8f51-84d7d30d56ec,POINT(118.93936232487518 32.16946583715064),b2803b63-2aae-4cee-8c6c-2a873260085b,2026-02-28 14:38:41,2026-02-28 14:38:41
"1,634",扬州修理码头,"POLYGON((119.6009111111111 32.255429666666664,119.6014743611111 32.2615765,119.57125608333332 32.26387363888889,119.57103613888889 32.26000877777778,119.58004338888888 32.25942138888889,119.58295627777777 32.25703297222222,119.6009111111111 32.255429666666664))",ff3cdc64-7958-4812-a0ff-2d8a973f063a,POINT(119.58764610441132 32.259891105139104),6d6c2417-e8a6-47ac-b8f4-90efc30ddcbe,2026-02-28 14:38:42,2026-02-28 14:38:42
"1,637",沪扬船舶码头,"POLYGON((119.87253833333332 32.08766272222223,119.87752052777778 32.08508341666667,119.87514005555555 32.081952972222226,119.86994999999999 32.08486752777778,119.87253833333332 32.08766272222223))",c13ea575-cd80-42ae-bd25-5618c66c1ad9,POINT(119.8737954853806 32.0848634636999),46f17f4d-8363-41a1-a504-2cb9cb033744,2026-02-28 14:38:42,2026-02-28 14:38:42
"1,638",扬中绿建建材货码头,"POLYGON((119.7979205 32.16756813888889,119.80392863888889 32.167307027777774,119.79989191666667 32.15335386111111,119.79389572222222 32.15404011111111,119.7979205 32.16756813888889))",a602dc73-504c-40d8-9e4e-3a704b40c19f,POINT(119.79891818557927 32.16054506202645),46f17f4d-8363-41a1-a504-2cb9cb033744,2026-02-28 14:38:42,2026-02-28 14:38:42
"1,639",港发大路码头,"POLYGON((119.75246197222222 32.21611816666667,119.75745758333333 32.212748222222224,119.76002041666666 32.215389138888895,119.75482230555555 32.21850086111111,119.75246197222222 32.21611816666667))",ae87ca16-c2c1-4924-87f0-fdbe0326fda1,POINT(119.75622963120911 32.21566218348574),46f17f4d-8363-41a1-a504-2cb9cb033744,2026-02-28 14:38:42,2026-02-28 14:38:42
"1,640",中交二航三局大路码头,"POLYGON((119.73723619444445 32.226123944444446,119.74283566666666 32.222142500000004,119.74538375 32.224723583333336,119.73942255555556 32.22837102777778,119.73723619444445 32.226123944444446))",62225f5d-19a9-4d6d-a141-27ca0db8ddfb,POINT(119.74128962964339 32.22529520326732),46f17f4d-8363-41a1-a504-2cb9cb033744,2026-02-28 14:38:42,2026-02-28 14:38:42
"1,641",中远海运江苏工业码头,"POLYGON((119.67199147222223 32.34114016666667,119.67580019444445 32.344380694444446,119.70061730555555 32.32254463888889,119.69527972222222 32.31853263888889,119.67199147222223 32.34114016666667))",d7236b38-ce54-47cf-876e-914e53ac4599,POINT(119.68648379241937 32.33113765095666),6d6c2417-e8a6-47ac-b8f4-90efc30ddcbe,2026-02-28 14:38:42,2026-02-28 14:38:42
"1,648",泰州修理码头,"POLYGON((119.87443547222222 32.26946886111111,119.87929697222222 32.27237063888889,119.86713852777777 32.28353672222222,119.86305352777777 32.28118763888889,119.87443547222222 32.26946886111111))",ee33c490-8af6-40ae-ac6f-98ab3c980538,POINT(119.87116305423979 32.276461031646654),efc73220-5dd5-4017-b889-91f6f1d71e66,2026-02-28 14:38:42,2026-02-28 14:38:42
"1,649",泰州海事,"POLYGON((119.88780161111112 32.249363305555555,119.88937069444445 32.24516661111111,119.88658791666667 32.244486055555555,119.88508586111112 32.24869980555555,119.88780161111112 32.249363305555555))",60a1f5dc-04ac-4d0f-aba9-adbba0918880,POINT(119.88721461752927 32.24692036384754),efc73220-5dd5-4017-b889-91f6f1d71e66,2026-02-28 14:38:42,2026-02-28 14:38:42
"1,651",永安码头,"POLYGON((119.89515116666668 32.233394777777775,119.89731036111112 32.224659361111115,119.89222755555556 32.223615583333334,119.89016225 32.232453222222226,119.89515116666668 32.233394777777775))",e9940b9b-c6e0-4d1e-a62f-414d610615fa,POINT(119.89371296925361 32.22851353850389),efc73220-5dd5-4017-b889-91f6f1d71e66,2026-02-28 14:38:42,2026-02-28 14:38:42
"1,653",泰兴修理码头,"POLYGON((119.90415466666667 32.18284922222222,119.9116246388889 32.183280527777775,119.91351391666667 32.16489572222222,119.90554775000001 32.16412372222222,119.90415466666667 32.18284922222222))",9f139294-1f0a-468b-8581-10e3e63d8753,POINT(119.90870910883424 32.17368176386803),cbb2f313-f661-46f7-9db6-a518c2cff34d,2026-02-28 14:38:42,2026-02-28 14:38:42
"1,654",上港集团化工码头,"POLYGON((119.90973877777779 32.157211249999996,119.91495569444444 32.15784705555556,119.9152105 32.1477645,119.91113352777778 32.14725352777778,119.90973877777779 32.157211249999996))",f2887459-332a-4ef9-b49c-04fcf7bb4212,POINT(119.91274217808053 32.15272361405808),cbb2f313-f661-46f7-9db6-a518c2cff34d,2026-02-28 14:38:42,2026-02-28 14:38:42
"1,655",泰兴太平洋码头,"POLYGON((119.92345586111112 32.12161969444445,119.91780983333334 32.120495222222225,119.92018358333334 32.113975361111116,119.9261515 32.11502038888889,119.92345586111112 32.12161969444445))",cbf989b3-8321-43cd-a3f9-f34b6438c5cf,POINT(119.92191967668144 32.11775389510872),cbb2f313-f661-46f7-9db6-a518c2cff34d,2026-02-28 14:38:42,2026-02-28 14:38:42
"1,656",泰兴建材码头,"POLYGON((119.92152586111112 32.12690147222222,119.9234436388889 32.12179047222222,119.91783783333334 32.12063194444445,119.91610780555555 32.125788416666666,119.92152586111112 32.12690147222222))",af5a51ae-02b3-4495-bc8e-cf5b7f72a4f5,POINT(119.91973345826925 32.1237632132094),cbb2f313-f661-46f7-9db6-a518c2cff34d,2026-02-28 14:38:42,2026-02-28 14:38:42
"1,657",江苏新海油脂码头,"POLYGON((119.91928269444445 32.13312883333333,119.92150058333334 32.12716297222222,119.91607583333334 32.12597044444445,119.91401722222223 32.13193863888889,119.91928269444445 32.13312883333333))",8402732b-f52f-4d0a-adcc-ab31f3dbd548,POINT(119.91772631896599 32.12953693966145),cbb2f313-f661-46f7-9db6-a518c2cff34d,2026-02-28 14:38:42,2026-02-28 14:38:42
"1,658",华东油脂工业（泰兴）码头,"POLYGON((119.91775444444445 32.13760558333333,119.91928330555557 32.13322769444444,119.91399266666667 32.13201819444444,119.91257777777778 32.13646994444444,119.91775444444445 32.13760558333333))",53ff0eb2-4131-407b-ae5f-e0bd09ba283e,POINT(119.91590062871146 32.1348202933114),cbb2f313-f661-46f7-9db6-a518c2cff34d,2026-02-28 14:38:42,2026-02-28 14:38:42
"1,664",泰兴虹桥码头,"POLYGON((119.98608533333334 32.009098305555554,119.9971226388889 32.015864444444446,119.98993922222222 32.02365261111111,119.98059172222223 32.01719405555556,119.98608533333334 32.009098305555554))",24fdc5a1-9e59-4905-8eb1-4f95e3a371ad,POINT(119.98855638190075 32.016405611302964),cbb2f313-f661-46f7-9db6-a518c2cff34d,2026-02-28 14:38:43,2026-02-28 14:38:43
"1,668",江苏民生港,"POLYGON((119.99994602777778 32.00084144444445,119.99563436111112 31.998219916666667,119.99305275 32.00150677777778,119.99719675 32.00384391666667,119.99994602777778 32.00084144444445))",1a89498c-75c4-4659-af9a-8b97e4d01b5d,POINT(119.9964578910108 32.00107792580664),cbb2f313-f661-46f7-9db6-a518c2cff34d,2026-02-28 14:38:43,2026-02-28 14:38:43
"1,670",三江水泥制造货运突堤码头,"POLYGON((120.14541680555556 31.95251247222222,120.15129116666667 31.95158563888889,120.14966808333334 31.948359027777776,120.14368005555556 31.94914988888889,120.14541680555556 31.95251247222222))",b5873ccb-9cb1-4459-ad90-36ebe30a23ee,POINT(120.14749175743201 31.95040292953026),dc4b11ec-ea0a-4b72-a085-36841f3b32ed,2026-02-28 14:38:43,2026-02-28 14:38:43
"1,671",江阴苏南国际集装箱码头,"POLYGON((120.17895858333334 31.92582461111111,120.17843555555557 31.92178375,120.1716591388889 31.922500444444445,120.17308205555555 31.91304758333333,120.1716605 31.91289958333333,120.17038644444445 31.922621,120.17117666666667 31.926598083333335,120.17895858333334 31.92582461111111))",9209fa24-7470-4105-8ac9-22c847d92a63,POINT(120.1738755418267 31.922323737907213),a8554a58-1976-424e-95b2-24091881d1dc,2026-02-28 14:38:43,2026-02-28 14:38:43
"1,672",东国钢铁码头,"POLYGON((120.18421580555555 31.925594694444445,120.1855573888889 31.915701305555555,120.17949561111112 31.915382583333333,120.17861047222223 31.92177997222222,120.17910619444444 31.925788194444447,120.18421580555555 31.925594694444445))",bcdc8037-cb3a-4ca5-a624-822b84a979d9,POINT(120.18191521447928 31.920494730599938),a8554a58-1976-424e-95b2-24091881d1dc,2026-02-28 14:38:43,2026-02-28 14:38:43
"1,673",江苏华澄重工华澄码头,"POLYGON((120.18399305555556 31.947722083333332,120.18353708333333 31.943727722222224,120.15085022222223 31.94792811111111,120.15180572222222 31.95210363888889,120.18399305555556 31.947722083333332))",7d40b316-5445-475e-89b7-6545b40445bf,POINT(120.16738573796957 31.94788674436561),dc4b11ec-ea0a-4b72-a085-36841f3b32ed,2026-02-28 14:38:43,2026-02-28 14:38:43
"1,674",长强钢铁东突堤码头,"POLYGON((120.18411591666667 31.947721555555557,120.19324211111112 31.946993250000002,120.19281966666667 31.943067166666665,120.18363761111111 31.943712333333334,120.18411591666667 31.947721555555557))",cb8d89fd-f9da-4e4d-9169-ecea9511eb2a,POINT(120.18843698895286 31.945373162738292),dc4b11ec-ea0a-4b72-a085-36841f3b32ed,2026-02-28 14:38:43,2026-02-28 14:38:43
"1,675",永宜码头,"POLYGON((120.2073616388889 31.94319927777778,120.20791147222222 31.944758361111113,120.20278847222222 31.945150972222223,120.20180944444445 31.943529305555554,120.2073616388889 31.94319927777778))",ef5df855-036a-48a1-8c33-b3ca792bf5fc,POINT(120.20493832216478 31.944151561821364),dc4b11ec-ea0a-4b72-a085-36841f3b32ed,2026-02-28 14:38:43,2026-02-28 14:38:43
"1,676",江苏博联港内港区,"POLYGON((120.21410136111112 31.952103472222223,120.21031622222222 31.943652916666668,120.20786125000001 31.944394305555555,120.20806241666666 31.944855194444443,120.2072376388889 31.94512263888889,120.21050216666667 31.953030055555555,120.21410136111112 31.952103472222223))",66c03985-6e02-4228-8955-f2e4d056f1ae,POINT(120.21055834823454 31.94845990207599),dc4b11ec-ea0a-4b72-a085-36841f3b32ed,2026-02-28 14:38:43,2026-02-28 14:38:43
"1,678",靖江干散码头,"POLYGON((120.233974 31.944650361111112,120.24133666666667 31.945247833333333,120.24176583333333 31.94251088888889,120.23419227777778 31.941879555555555,120.233974 31.944650361111112))",a9e290b8-c730-4cdf-a48a-8673423b18a8,POINT(120.23781426757382 31.94356531615146),dc4b11ec-ea0a-4b72-a085-36841f3b32ed,2026-02-28 14:38:43,2026-02-28 14:38:43
"1,679",靖江修理码头,"POLYGON((120.24651772222222 31.95032388888889,120.24427808333333 31.94351877777778,120.25719172222222 31.94441722222222,120.267723 31.947231527777777,120.26866177777778 31.950144694444443,120.25967638888889 31.955299416666666,120.24651772222222 31.95032388888889))",eba441ce-12bd-4962-90f5-7506b2a2f64a,POINT(120.2563129680988 31.94882904815601),dc4b11ec-ea0a-4b72-a085-36841f3b32ed,2026-02-28 14:38:43,2026-02-28 14:38:43
"1,681",江阴兴澄特钢码头,"POLYGON((120.33146680555555 31.960005055555555,120.33314988888888 31.955732444444443,120.32570675 31.953695638888888,120.32411083333334 31.958338138888887,120.33146680555555 31.960005055555555))",13ab50e1-2370-4be9-9491-537ff7f36f15,POINT(120.3285682517039 31.956921523825766),a8554a58-1976-424e-95b2-24091881d1dc,2026-02-28 14:38:43,2026-02-28 14:38:43
"1,682",张家港港机厂,"POLYGON((120.38495075 31.970176749999997,120.38480322222223 31.96553486111111,120.38583586111112 31.964078527777776,120.37923763888888 31.962053277777777,120.37713211111111 31.965876194444444,120.37632744444444 31.969733055555555,120.37632744444444 31.970153999999997,120.38495075 31.970176749999997))",80b5ad9b-abf5-4ed6-bc97-9b6e8c747990,POINT(120.38097909609343 31.966676027246795),a5ef38e8-f45c-4025-85bd-a143d43a7e31,2026-02-28 14:38:43,2026-02-28 14:38:43
"1,683",张家港久盛船厂,"POLYGON((120.36310791666666 31.96825786111111,120.36436855555554 31.9615565,120.36961227777778 31.96260325,120.37075222222222 31.961101361111112,120.37291138888888 31.964742277777777,120.3771358611111 31.964821916666665,120.37622013888888 31.968668166666664,120.37600558333332 31.969630666666664,120.36310791666666 31.96825786111111))",7ca13d26-48d3-4cd7-9134-9a2bb8506194,POINT(120.36969303543279 31.96588038722919),a5ef38e8-f45c-4025-85bd-a143d43a7e31,2026-02-28 14:38:43,2026-02-28 14:38:43
"1,684",张家港港口集团,"POLYGON((120.41440702777778 31.970186499999997,120.41434169444445 31.967111222222222,120.3906911388889 31.96746536111111,120.39062138888889 31.970376527777777,120.41440702777778 31.970186499999997))",cf803d3a-244d-4fc9-bff1-cf1e9acec9e2,POINT(120.40262470277393 31.968785069800735),a5ef38e8-f45c-4025-85bd-a143d43a7e31,2026-02-28 14:38:43,2026-02-28 14:38:43
"1,685",张家港永嘉集装箱码头,"POLYGON((120.42495486111112 31.970356083333332,120.4257595 31.96822858333333,120.4257595 31.967278583333332,120.41440263888889 31.967104499999998,120.41445627777779 31.97019908333333,120.42495486111112 31.970356083333332))",5b016d23-f52c-4f7d-b511-df67957f1326,POINT(120.41995718165174 31.96871329102836),a5ef38e8-f45c-4025-85bd-a143d43a7e31,2026-02-28 14:38:43,2026-02-28 14:38:43
"1,686",苏润集装箱码头,"POLYGON((120.438128 31.973990777777775,120.44012625 31.970646027777775,120.42612511111112 31.966766444444442,120.4260446388889 31.968347888888886,120.42525338888889 31.97030472222222,120.438128 31.973990777777775))",89de365b-38b2-4f30-85b6-c854be9eead8,POINT(120.43252488747504 31.970434830301436),a5ef38e8-f45c-4025-85bd-a143d43a7e31,2026-02-28 14:38:43,2026-02-28 14:38:43
"1,687",中粮东海洋码头,"POLYGON((120.44967575 31.98324036111111,120.45290780555555 31.981534055555553,120.44602794444445 31.97363911111111,120.44327866666667 31.976369444444444,120.44967575 31.98324036111111))",18ce9235-6cd3-4f0b-a4da-d54bac8af975,POINT(120.44795192750392 31.978620929202076),a5ef38e8-f45c-4025-85bd-a143d43a7e31,2026-02-28 14:38:43,2026-02-28 14:38:43
"1,688",靖江苏通货码头,"POLYGON((120.33998230555555 31.997697555555558,120.3421415 31.995468305555555,120.33565725 31.991578416666666,120.33364558333332 31.99407502777778,120.33998230555555 31.997697555555558))",71b45583-6081-499d-bb09-219dce8c81fc,POINT(120.33783655257305 31.994681264985132),dc4b11ec-ea0a-4b72-a085-36841f3b32ed,2026-02-28 14:38:43,2026-02-28 14:38:43
"1,689",靖江盈利码头,"POLYGON((120.35010802777778 32.00424647222222,120.35085569444443 32.003348027777776,120.35171063888889 32.00247516666666,120.35340377777777 32.0035755,120.35172219444443 32.00531536111111,120.35010802777778 32.00424647222222))",5530117d-de44-4a1c-8da7-c6f0525bbaf1,POINT(120.3517323404549 32.00389123894648),dc4b11ec-ea0a-4b72-a085-36841f3b32ed,2026-02-28 14:38:43,2026-02-28 14:38:43
"1,692",干撒码头,"POLYGON((120.470857 32.075708222222225,120.4653718888889 32.073617250000005,120.46082844444445 32.07862791666667,120.46005344444444 32.07817416666667,120.46208697222222 32.075838027777785,120.46413122222222 32.073466361111116,120.46649341666667 32.069521583333334,120.47316661111111 32.07195733333334,120.470857 32.075708222222225))",4144659a-9684-47b8-902d-b43961498fde,POINT(120.46767224899968 32.073163965141184),dc4b11ec-ea0a-4b72-a085-36841f3b32ed,2026-02-28 14:38:43,2026-02-28 14:38:43
"1,693",三峰码头,"POLYGON((120.48902122222222 32.07667358333334,120.49669233333333 32.07662813888889,120.49671916666667 32.073480333333336,120.48765330555555 32.073582611111114,120.48660722222222 32.08167347222223,120.4881495 32.081912111111116,120.48902122222222 32.07667358333334))",40132992-b4d6-4beb-8fcb-ec33a5f7f6c0,POINT(120.49110433237537 32.076037012351975),dc4b11ec-ea0a-4b72-a085-36841f3b32ed,2026-02-28 14:38:43,2026-02-28 14:38:43
"1,694",干散货码头,"POLYGON((120.56418622222222 32.05948536111111,120.56185272222221 32.05643927777778,120.55664922222222 32.05716672222222,120.55707838888888 32.058326055555554,120.55469122222222 32.05918986111111,120.55398041666666 32.057928249999996,120.54553133333333 32.06060897222222,120.543171 32.056642249999996,120.56400408333333 32.051320749999995,120.5669545 32.05892483333333,120.56418622222222 32.05948536111111))",bd9d48df-69c6-4be0-80b0-d642f3a6ef9f,POINT(120.55577360273962 32.05613855497765),40eb431e-4b50-4a85-a8be-e2c2a8f5f5a5,2026-02-28 14:38:43,2026-02-28 14:38:43
"1,696",如皋苏中国际集装箱码头,"POLYGON((120.57226322222222 32.03589594444444,120.57648769444444 32.033144666666665,120.58271041666666 32.03999997222222,120.57804338888889 32.04246686111111,120.57226322222222 32.03589594444444))",9130342d-3a73-4d2c-9eab-22e536e0d2fb,POINT(120.57740977006951 32.03788084481104),40eb431e-4b50-4a85-a8be-e2c2a8f5f5a5,2026-02-28 14:38:43,2026-02-28 14:38:43
"1,698",育丰码头,"POLYGON((120.52152366666667 32.00791644444445,120.53245366666667 32.00397019444444,120.53493472222222 32.00816661111111,120.52370966666666 32.011908,120.52152366666667 32.00791644444445))",3dc1bb55-216c-4ec3-a8b7-be94161e8d31,POINT(120.52821588236192 32.007974827052536),dc4b11ec-ea0a-4b72-a085-36841f3b32ed,2026-02-28 14:38:43,2026-02-28 14:38:43
"1,699",张家港港鑫重装码头,"POLYGON((120.548264 32.00344416666667,120.54638644444444 31.99946361111111,120.53309608333333 32.00455869444444,120.53514799999999 32.00807277777778,120.548264 32.00344416666667))",f6674e29-fede-4d3e-83ef-eff037bae297,POINT(120.54081827550324 32.003840053134034),a5ef38e8-f45c-4025-85bd-a143d43a7e31,2026-02-28 14:38:43,2026-02-28 14:38:43
"1,700",辻重工码头,"POLYGON((120.57374875 31.997752583333334,120.57268497222222 31.99357691666667,120.562665 31.995274944444446,120.56522652777778 31.999141944444446,120.57374875 31.997752583333334))",a2432e74-2d89-4fa2-9be1-39cfd33f6f02,POINT(120.56856709892988 31.996379797395587),a5ef38e8-f45c-4025-85bd-a143d43a7e31,2026-02-28 14:38:43,2026-02-28 14:38:43
"1,701",张家港华达码头,"POLYGON((120.56510544444444 31.999168583333333,120.56253052777778 31.995278833333334,120.54660375 31.999384694444444,120.54852958333333 32.00336525,120.56510544444444 31.999168583333333))",8e1247d7-923d-43e9-aaca-dc746449e585,POINT(120.55572190510138 31.999305930102416),a5ef38e8-f45c-4025-85bd-a143d43a7e31,2026-02-28 14:38:44,2026-02-28 14:38:44
"1,702",张家港浦项码头,"POLYGON((120.58565497222222 31.99643588888889,120.58460891666667 31.990953611111113,120.57265102777778 31.99294352777778,120.57393847222222 31.997993472222223,120.58565497222222 31.99643588888889))",cec9c779-6cd0-47a7-9ad1-1aafb87dd61e,POINT(120.57928249018174 31.99455876405425),a5ef38e8-f45c-4025-85bd-a143d43a7e31,2026-02-28 14:38:44,2026-02-28 14:38:44
"1,705",南通粮食码头,"POLYGON((120.67675738888889 32.05958277777778,120.6829398888889 32.05745733333333,120.68114280555557 32.05318361111111,120.6747055 32.05521819444444,120.67675738888889 32.05958277777778))",53acb344-674a-466a-bef5-2a6e3d440485,POINT(120.67886308505265 32.05635593812727),0b7f167e-04ea-4658-8b4d-0321dcabbeff,2026-02-28 14:38:44,2026-02-28 14:38:44
"1,707",南通大港码头,"POLYGON((120.7198531111111 32.03696275,120.72331316666667 32.044556694444445,120.73420291666666 32.041896611111106,120.73903091666666 32.051081499999995,120.74713116666666 32.04796691666667,120.74257141666666 32.03996402777778,120.74855275 32.03732655555555,120.74450261111112 32.028595055555556,120.7198531111111 32.03696275))",b96896e1-c573-4d4e-b27f-2fd5d40f55fc,POINT(120.73608471008643 32.039050451362016),0b7f167e-04ea-4658-8b4d-0321dcabbeff,2026-02-28 14:38:44,2026-02-28 14:38:44
"1,708",南通姚港务分公司码头,"POLYGON((120.85250116666666 31.978024805555552,120.86610141666667 31.963441333333332,120.85834983333332 31.958389472222223,120.83871788888888 31.98130475,120.84922419444445 31.987512416666668,120.85606849999999 31.980208944444442,120.85250116666666 31.978024805555552))",c493e2f8-a9bd-4feb-ab1e-7aaf9b11d4a6,POINT(120.85222291683307 31.973357149508878),0b7f167e-04ea-4658-8b4d-0321dcabbeff,2026-02-28 14:38:44,2026-02-28 14:38:44
"1,709",南通升华燃料码头,"POLYGON((120.80136969444445 32.01483813888889,120.8055271111111 32.01856219444444,120.79382127777778 32.02389522222222,120.79116591666667 32.01994966666667,120.80136969444445 32.01483813888889))",ad4817f7-b280-4f34-80cf-256e21e60145,POINT(120.79808463230837 32.019306692453625),0b7f167e-04ea-4658-8b4d-0321dcabbeff,2026-02-28 14:38:44,2026-02-28 14:38:44
"1,710",南通天南船舶制造码头,"POLYGON((120.78444497222222 32.026710888888886,120.78313738888889 32.02320322222222,120.79142413888889 32.020931166666664,120.79294066666667 32.02464777777778,120.78444497222222 32.026710888888886))",6a3e5f9c-067e-4276-b981-db45fd1fc4a5,POINT(120.78803464223667 32.023865468580425),0b7f167e-04ea-4658-8b4d-0321dcabbeff,2026-02-28 14:38:44,2026-02-28 14:38:44
"1,711",南通卢泾码头,"POLYGON((120.78432308333333 32.02675680555556,120.78304902777778 32.02319794444444,120.77666275 32.024982638888886,120.77813797222223 32.02833675,120.78432308333333 32.02675680555556))",dd4fb06d-23b7-48c4-85ab-28f6bffd79e7,POINT(120.78055922289312 32.025801298674324),0b7f167e-04ea-4658-8b4d-0321dcabbeff,2026-02-28 14:38:44,2026-02-28 14:38:44
"1,712",南通松才船舶服务公司码头,"POLYGON((120.81958019444444 32.007517472222226,120.81357205555555 32.0036565,120.80706219444444 32.00924366666667,120.81284236111111 32.01331477777778,120.81958019444444 32.007517472222226))",f1496fc1-6dcb-416e-b172-b205ec2b266e,POINT(120.81328092518983 32.00844568985554),0b7f167e-04ea-4658-8b4d-0321dcabbeff,2026-02-28 14:38:44,2026-02-28 14:38:44
"1,713",中国华粮物流码头,"POLYGON((120.82563025 32.00376063888889,120.81917952777778 31.99932513888889,120.81354688888888 32.00355591666667,120.81980983333332 32.00750219444444,120.82563025 32.00376063888889))",ab44cfb9-ea59-4a75-a343-3c535691a48d,POINT(120.81955102079922 32.003495628010526),0b7f167e-04ea-4658-8b4d-0321dcabbeff,2026-02-28 14:38:44,2026-02-28 14:38:44
"1,714",南通船务,"POLYGON((120.84504458333333 31.991345666666668,120.83946558333332 31.984498083333335,120.81916027777777 31.999144972222222,120.82618766666667 32.004024,120.84504458333333 31.991345666666668))",5ed662ff-4eab-4594-8d4a-0388e112ab0d,POINT(120.83256222318873 31.9945960655867),0b7f167e-04ea-4658-8b4d-0321dcabbeff,2026-02-28 14:38:44,2026-02-28 14:38:44
"1,715",新大港货运码头,"POLYGON((120.89689883333334 31.92569052777778,120.89001897222222 31.921797666666667,120.89424344444446 31.91688013888889,120.90143177777779 31.921160222222223,120.89689883333334 31.92569052777778))",9f541993-739a-426e-b14c-339a8de8c4cd,POINT(120.89565398283702 31.921348114790028),0b7f167e-04ea-4658-8b4d-0321dcabbeff,2026-02-28 14:38:44,2026-02-28 14:38:44
"1,716",南通通用码头,"POLYGON((120.93177183333334 31.873054583333335,120.93499047222222 31.865457861111114,120.93472225000001 31.85534827777778,120.92947852777779 31.85533688888889,120.92954675 31.865322444444445,120.92708913888889 31.871956972222222,120.93177183333334 31.873054583333335))",90a7abc0-3ff2-4700-8aae-1129097785f2,POINT(120.93166812005394 31.863914977794494),0b7f167e-04ea-4658-8b4d-0321dcabbeff,2026-02-28 14:38:44,2026-02-28 14:38:44
"1,719",南通江山化工码头,"POLYGON((120.93474580555556 31.854949555555557,120.93508108333334 31.850051222222223,120.93074930555557 31.849891749999998,120.93048108333333 31.85482425,120.93474580555556 31.854949555555557))",cc84b6e3-1223-40ea-9797-487587edd93f,POINT(120.93276240004856 31.85242254066297),0b7f167e-04ea-4658-8b4d-0321dcabbeff,2026-02-28 14:38:44,2026-02-28 14:38:44
"1,720",中海油生物拉克生物燃料码头,"POLYGON((120.93509683333333 31.849274583333333,120.93622336111112 31.845184805555554,120.93224027777778 31.84439872222222,120.93122102777778 31.848625249999998,120.93509683333333 31.849274583333333))",dd6f655c-0992-4f4f-86df-5b64e9e87a9d,POINT(120.9336896619817 31.846857225157276),0b7f167e-04ea-4658-8b4d-0321dcabbeff,2026-02-28 14:38:44,2026-02-28 14:38:44
"1,721",南通其他码头,"POLYGON((120.95678619444445 31.809317333333333,120.96498033333333 31.805978,120.96311619444445 31.80267275,120.95586083333333 31.805978,120.95678619444445 31.809317333333333))",91d6d331-aefc-489f-a8f0-33729791993b,POINT(120.9602587087569 31.80598936111111),0b7f167e-04ea-4658-8b4d-0321dcabbeff,2026-02-28 14:38:44,2026-02-28 14:38:44
"1,723",苏州现代货箱码头,"POLYGON((121.2207425 31.643614027777776,121.22444394444445 31.647033416666666,121.20437583333333 31.661207833333332,121.20062075 31.657956777777777,121.2207425 31.643614027777776))",4de6fe5e-2c53-4363-9bc7-f80858b9ff3e,POINT(121.2125801484215 31.652425266535804),d18befbd-45ef-4aaa-bdea-8c75c06fae8e,2026-02-28 14:38:44,2026-02-28 14:38:44
"1,724",太仓国际集装箱码头,"POLYGON((121.22789241666666 31.637924666666667,121.23170827777778 31.641350694444444,121.22452652777778 31.646989444444444,121.22082313888889 31.6435595,121.22789241666666 31.637924666666667))",2aca3556-c2bc-46b5-8a12-343b0fc3ca23,POINT(121.22624822832599 31.6424523422123),d18befbd-45ef-4aaa-bdea-8c75c06fae8e,2026-02-28 14:38:44,2026-02-28 14:38:44
"1,725",上港正和集装箱码头,"POLYGON((121.23269711111111 31.633797694444443,121.23683441666667 31.63722313888889,121.23178722222222 31.64128172222222,121.22794494444445 31.637841583333334,121.23269711111111 31.633797694444443))",af118004-4df3-47d6-accd-710b825f1f89,POINT(121.23234062841537 31.63753383010107),d18befbd-45ef-4aaa-bdea-8c75c06fae8e,2026-02-28 14:38:44,2026-02-28 14:38:44
"1,726",太仓港区,"POLYGON((121.2426886388889 31.62458886111111,121.23273816666666 31.633688083333332,121.236909 31.637159222222223,121.24755316666666 31.628347694444447,121.2426886388889 31.62458886111111))",01bb22d3-8cec-4d64-a00f-afc889b33c0e,POINT(121.24007944574929 31.630862509094904),d18befbd-45ef-4aaa-bdea-8c75c06fae8e,2026-02-28 14:38:44,2026-02-28 14:38:44
"1,727",上海南港码头,"POLYGON((121.81522580555556 30.844614805555555,121.85047002777777 30.843601555555555,121.84966536111111 30.8270195,121.81388469444444 30.828493555555557,121.81522580555556 30.844614805555555))",22762042-bf1c-429d-a2a1-45496a2838b5,POINT(121.8323898633356 30.83590786499927),9db00cdd-2fde-47f8-90f1-9b36b55cdc58,2026-02-28 14:38:44,2026-02-28 14:38:44
"1,728",通用码头,"POLYGON((121.43685166666667 31.010399916666668,121.44280619444444 31.011762,121.45363547222223 31.011775222222223,121.46398433333334 31.014717666666666,121.4654461388889 31.012625805555555,121.4542881388889 31.009372944444443,121.44263694444444 31.009418916666668,121.4375943888889 31.008303944444446,121.43685166666667 31.010399916666668))",e9e3db0f-d05e-4fe8-915f-1daf0b12d324,POINT(121.45129342591703 31.011092434426963),02c24555-7846-427a-bcf3-a04472331270,2026-02-28 14:38:44,2026-02-28 14:38:44
"1,729",浙中建设码头,"POLYGON((121.37393483333332 30.983638111111112,121.3784141111111 30.98464413888889,121.37768322222222 30.98670788888889,121.37331122222221 30.985742138888888,121.37393483333332 30.983638111111112))",e0b16df1-0ffe-43e2-9792-8d5b166aa483,POINT(121.37583457541217 30.985178063021245),02c24555-7846-427a-bcf3-a04472331270,2026-02-28 14:38:44,2026-02-28 14:38:44
"1,730",共青货码头,"POLYGON((121.55454338888889 31.332880527777778,121.55143202777778 31.331213777777776,121.553287 31.32773786111111,121.55416544444444 31.32041475,121.55772741666667 31.320488083333334,121.55646677777777 31.328633444444446,121.55454338888889 31.332880527777778))",2f45c250-6fc2-435b-ae9d-812f5b795c5c,POINT(121.55492417487548 31.32635687601506),02c24555-7846-427a-bcf3-a04472331270,2026-02-28 14:38:44,2026-02-28 14:38:44
"1,731",干散货码头2,"POLYGON((121.50089733333333 31.374538805555556,121.50444455555555 31.37420675,121.50326066666666 31.368495583333335,121.50731080555556 31.35995286111111,121.5035288888889 31.358154916666667,121.50010905555555 31.3661825,121.49969333333334 31.371338722222223,121.50089733333333 31.374538805555556))",5d961c28-22fb-4536-9c8f-60d8a85f5d59,POINT(121.50285482242248 31.36641306595594),02c24555-7846-427a-bcf3-a04472331270,2026-02-28 14:38:44,2026-02-28 14:38:44
"1,732",干散货码头1,"POLYGON((121.50065975 31.382007333333334,121.49846036111111 31.382631305555556,121.49658222222223 31.376524833333335,121.49479855555556 31.374103166666668,121.49711866666667 31.373078361111112,121.49947230555556 31.37571761111111,121.50113202777777 31.381886,121.50065975 31.382007333333334))",a9bbaccb-ef24-470a-a753-788705a03e29,POINT(121.49831326721119 31.377798843962644),02c24555-7846-427a-bcf3-a04472331270,2026-02-28 14:38:44,2026-02-28 14:38:44
"1,733",吴淞船厂,"POLYGON((121.50738777777778 31.359605472222224,121.53703663888889 31.345917305555556,121.5354943611111 31.343351666666667,121.50516825 31.3573895,121.50738777777778 31.359605472222224))",bd546244-f18f-428b-996c-989b5cd878d3,POINT(121.52129614341021 31.35154838516656),02c24555-7846-427a-bcf3-a04472331270,2026-02-28 14:38:44,2026-02-28 14:38:44
"1,734",张华浜货码头,"POLYGON((121.49929719444445 31.365833194444445,121.49635347222222 31.365106055555557,121.49795219444445 31.360267750000002,121.50155708333334 31.35680463888889,121.50325222222222 31.358233861111113,121.50072022222223 31.36149538888889,121.49929719444445 31.365833194444445))",7e7c3bb1-8e31-4e28-9cd9-a593f8845bf2,POINT(121.49953695112087 31.361435777579175),02c24555-7846-427a-bcf3-a04472331270,2026-02-28 14:38:44,2026-02-28 14:38:44
"1,735",上海集装箱码头有限公司张华浜码头,"POLYGON((121.49760077777778 31.372826694444445,121.49535444444444 31.372889666666666,121.49561291666667 31.36779727777778,121.49632969444444 31.365157,121.49927611111112 31.365879000000003,121.49794252777778 31.36985902777778,121.49799616666667 31.372824722222223,121.49760077777778 31.372826694444445))",797a0e4e-4a54-4e52-beb0-2ec653621ae6,POINT(121.4970018244005 31.36901241925207),02c24555-7846-427a-bcf3-a04472331270,2026-02-28 14:38:44,2026-02-28 14:38:44
"1,736",上海浦东国际集装箱码头,"POLYGON((121.59518308333332 31.366766444444444,121.59875244444444 31.37152138888889,121.57894969444445 31.380886027777777,121.56925680555555 31.382508472222224,121.56764747222222 31.377688250000002,121.59518308333332 31.366766444444444))",8615b22b-c8f2-4a0f-88ce-b6a0f6fec499,POINT(121.5829015802832 31.375104812440885),665abb5f-21e9-48b3-91a0-5cf6542c8295,2026-02-28 14:38:44,2026-02-28 14:38:44
"1,737",上海外高桥通用码头,"POLYGON((121.60902855555555 31.358257416666667,121.61793349999999 31.352828944444447,121.62313697222221 31.358933083333334,121.6140308611111 31.363903111111114,121.60902855555555 31.358257416666667))",49eede0c-e2b6-40df-a513-6e6db2f93ab9,POINT(121.6160751594186 31.35844528235916),665abb5f-21e9-48b3-91a0-5cf6542c8295,2026-02-28 14:38:44,2026-02-28 14:38:44
"1,738",上海东集装箱码头,"POLYGON((121.64719472222222 31.348369583333334,121.64255125000001 31.34170286111111,121.65672297222223 31.33388875,121.66195327777778 31.340841722222223,121.64719472222222 31.348369583333334))",b2adadbc-daa7-4efd-8d21-462030e27c57,POINT(121.65218973656978 31.341170968213863),665abb5f-21e9-48b3-91a0-5cf6542c8295,2026-02-28 14:38:44,2026-02-28 14:38:44
"1,739",上港集团上海海通国际汽车码头港建路码头,"POLYGON((121.66208641666667 31.340766166666665,121.65685611111111 31.333778833333334,121.68322983333334 31.318784805555556,121.68896977777779 31.325933638888888,121.66208641666667 31.340766166666665))",669e2b67-28d6-42b4-a752-ea5432bacc18,POINT(121.67288793772606 31.329767011111965),665abb5f-21e9-48b3-91a0-5cf6542c8295,2026-02-28 14:38:44,2026-02-28 14:38:44
"1,740",上海外高桥粮油码头,"POLYGON((121.69306938888889 31.31731025,121.6888315 31.313254361111113,121.69375336111112 31.309438916666668,121.69839358333334 31.31374702777778,121.69306938888889 31.31731025))",b04939d1-5cd9-4e33-9c33-08d002265b3f,POINT(121.69354882372761 31.3134202472337),665abb5f-21e9-48b3-91a0-5cf6542c8295,2026-02-28 14:38:45,2026-02-28 14:38:45
"1,741",上海重工船厂,"POLYGON((121.68767575 31.379494027777778,121.7217895 31.361230000000003,121.71666647222223 31.354427416666667,121.68195869444445 31.37286425,121.68767575 31.379494027777778))",3c44f6c8-dd74-4dcb-838d-93836e573989,POINT(121.7019728966118 31.367018501533355),9e7dc9e5-5986-4b0f-8a53-62023a7c9b0e,2026-02-28 14:38:45,2026-02-28 14:38:45
"1,742",上海崇明堡镇电厂,"POLYGON((121.59689305555555 31.526902083333333,121.60068166666666 31.524621472222222,121.59806652777777 31.521374777777776,121.59400966666666 31.52357547222222,121.59689305555555 31.526902083333333))",9f8c60af-b6af-432b-b6a0-47836db96960,POINT(121.59738907844591 31.524117898714184),9e7dc9e5-5986-4b0f-8a53-62023a7c9b0e,2026-02-28 14:38:45,2026-02-28 14:38:45
"1,743",大丰港码头三期,"POLYGON((120.82178644444444 33.21341897222222,120.87171819444444 33.22783030555556,120.87619747222222 33.21723958333334,120.82570247222222 33.20412819444445,120.82178644444444 33.21341897222222))",011580d5-b4c3-4a42-9a7a-54c2ab240a8d,POINT(120.84939991366707 33.21580442158408),a2405236-c6ad-4306-b914-864a1a1e4a1e,2026-02-28 14:38:45,2026-02-28 14:38:45
"1,744",射阳港码头,"POLYGON((120.48592319444444 33.825076055555556,120.47731330555555 33.81876997222223,120.48301886111112 33.81325483333333,120.49227461111111 33.819602305555556,120.48592319444444 33.825076055555556))",b79e9dc0-d269-495a-a1f5-5f49ce8c5e62,POINT(120.48468608821993 33.819178318453844),8dd6ea4d-d74d-47f9-b073-1c0c5a6d41cf,2026-02-28 14:38:45,2026-02-28 14:38:45
"1,745",射阳电厂,"POLYGON((120.45722683333334 33.815645277777776,120.47848308333333 33.81687911111111,120.47876472222222 33.81365897222222,120.45740119444444 33.81235822222222,120.45722683333334 33.815645277777776))",3758b5c0-146b-4d4c-ae43-e9e9ef7e7106,POINT(120.46793615363808 33.81463202035397),8dd6ea4d-d74d-47f9-b073-1c0c5a6d41cf,2026-02-28 14:38:45,2026-02-28 14:38:45
"1,746",滨海货运港,"POLYGON((120.26260058333334 34.31138030555555,120.26488936111112 34.307345999999995,120.27571522222222 34.31122744444444,120.27327575 34.31532375,120.26260058333334 34.31138030555555))",3d9fa8ae-e7fb-4a41-ad72-f2c2e260fca1,POINT(120.26914321416812 34.3113241273874),585c21fa-277a-44c7-adcc-b9e6196b340c,2026-02-28 14:38:45,2026-02-28 14:38:45
"1,747",通用码头,"POLYGON((119.78572141666666 34.42521605555555,119.78090683333333 34.41610022222222,119.78462169444444 34.41470622222222,119.78961061111112 34.42404344444444,119.78572141666666 34.42521605555555))",24db5151-289c-4a86-8466-4060b83ae53f,POINT(119.78522846568282 34.420023457614015),8af0eeaf-bc33-459b-b7b8-17b7c8e16fb7,2026-02-28 14:38:45,2026-02-28 14:38:45
"1,748",连云港燕尾,"POLYGON((119.78906927777777 34.48078455555556,119.78181391666666 34.47280472222222,119.78647094444445 34.470116527777776,119.7938086111111 34.478290944444446,119.78906927777777 34.48078455555556))",c9191f86-98d1-4255-bede-948bbf4f49d6,POINT(119.78779037691014 34.47548596728941),8af0eeaf-bc33-459b-b7b8-17b7c8e16fb7,2026-02-28 14:38:45,2026-02-28 14:38:45
"1,749",青岛港码头,"POLYGON((120.89615066666667 36.38817925,120.86163872222221 36.38847502777778,120.86076433333332 36.355816527777776,120.89541847222223 36.355168500000005,120.89615066666667 36.38817925))",b35a5dc8-4fd0-45a5-ac48-77588dd9191d,POINT(120.87852349347564 36.371897478658376),4e0346c3-04a5-4e62-a2f7-587f4f192a79,2026-02-28 14:38:45,2026-02-28 14:38:45
"1,750",海阳港货码头,"POLYGON((121.22394491666667 36.66635286111111,121.24111794444444 36.67137511111111,121.24140194444445 36.69432252777777,121.22442355555556 36.69436555555555,121.22394491666667 36.66635286111111))",9c449e30-6645-44d1-8e04-b54f62fd9698,POINT(121.23243995957779 36.68154810274074),72afe7d0-5b5f-44a7-9a78-b66514fa53f6,2026-02-28 14:38:45,2026-02-28 14:38:45
"1,751",乳山港,"POLYGON((121.48755183333333 36.80397763888889,121.48461480555555 36.79764188888889,121.48482938888888 36.79641763888889,121.48720313888889 36.79677202777778,121.48744452777778 36.795386666666666,121.49974513888888 36.79940736111111,121.50156905555555 36.79591719444444,121.48746063888889 36.791191805555556,121.48074144444445 36.79162336111111,121.47989652777778 36.79788441666666,121.48258563888889 36.80505394444444,121.48755183333333 36.80397763888889))",152e78b6-b617-4800-9ad0-2b959a5b5436,POINT(121.48801610886773 36.79663636493944),72afe7d0-5b5f-44a7-9a78-b66514fa53f6,2026-02-28 14:38:45,2026-02-28 14:38:45
"1,752",张家埠码头,"POLYGON((122.19154083333333 36.870166527777776,122.1917553888889 36.868407,122.19313675000001 36.86485561111111,122.19446444444445 36.86275258333333,122.19402186111111 36.86154008333334,122.19274780555556 36.861475722222224,122.19238572222223 36.858793166666665,122.18837580555557 36.85935113888889,122.18800030555556 36.85784888888889,122.1866323888889 36.85797763888889,122.18525602777778 36.85253491666667,122.1646348888889 36.85682997222222,122.1707771388889 36.8740615,122.19154083333333 36.870166527777776))",08f7d2c8-f4d2-41cd-9362-80d50a8270f1,POINT(122.17919611609462 36.863372337905446),1d053059-4853-4cb3-9c11-ef425aaa7f34,2026-02-28 14:38:45,2026-02-28 14:38:45
"1,753",荣成码头,"POLYGON((122.57273725 37.273892583333335,122.54969708333333 37.27419138888889,122.54819505555555 37.27982588888889,122.54776588888889 37.284158194444444,122.54996530555556 37.287658,122.55640261111111 37.28823416666666,122.57308594444444 37.28319783333333,122.57273725 37.273892583333335))",2d47cb25-6e3e-4c90-ba80-66239eff4ad1,POINT(122.55998062102046 37.280373693117845),5a1d4c4e-9f86-4cef-986a-563745977c64,2026-02-28 14:38:45,2026-02-28 14:38:45
"1,754",蓬莱港码头,"POLYGON((120.88889627777779 37.82947744444445,120.89157847222224 37.820557944444445,120.90504316666667 37.820346083333334,120.90515044444444 37.82960455555556,120.88889627777779 37.82947744444445))",752a1b94-ebd2-4470-8b12-efdc46c10e93,POINT(120.89769387927477 37.82514106309347),5fd9fd57-396a-4ae5-9ae8-1a6ba212f3d9,2026-02-28 14:38:45,2026-02-28 14:38:45
"1,755",蓬莱东港区,"POLYGON((120.82429580555555 37.827414583333336,120.81903866666666 37.82362222222223,120.82236461111111 37.81158711111111,120.8342736111111 37.81148116666667,120.84427288888888 37.814956305555555,120.85087113888888 37.82192725,120.8515685 37.82510527777778,120.84853919444444 37.830758055555556,120.82772527777777 37.830546194444445,120.82429580555555 37.827414583333336))",06c3425c-c37f-495a-8d94-cb5f22f9db1f,POINT(120.83491300653772 37.821603767202284),5fd9fd57-396a-4ae5-9ae8-1a6ba212f3d9,2026-02-28 14:38:45,2026-02-28 14:38:45
"1,756",修理码头,"POLYGON((120.23105261111111 37.663007944444445,120.23867008333333 37.669037833333334,120.24918433333333 37.66551338888889,120.24950619444445 37.675958861111106,120.2729345 37.67566163888888,120.2729345 37.667763944444445,120.28200825 37.66597736111111,120.28208333333333 37.66115330555555,120.24820358333334 37.64974013888889,120.23105261111111 37.663007944444445))",4ec58254-00d0-43cb-a1bd-546ac96eb37b,POINT(120.25723778678164 37.663642366476964),f66e65c4-a84c-46ec-8d7a-db55013aa53f,2026-02-28 14:38:45,2026-02-28 14:38:45
"1,757",寿光码头,"POLYGON((118.99503727777778 37.278486916666665,118.98331602777778 37.27439972222222,118.9744245 37.273033749999996,118.96759738888889 37.27444913888889,118.96995775 37.278248194444444,118.97638066666667 37.27743930555555,118.9839981388889 37.27895463888889,118.99275930555555 37.28209225,118.99503727777778 37.278486916666665))",4d1b03ad-d6e0-4459-8a53-8bbd2f02a087,POINT(118.98133729452536 37.27687832383896),ca7d26ba-e13f-42b8-9e86-293a9b1f5f08,2026-02-28 14:38:45,2026-02-28 14:38:45
"1,758",东营广利码头,"POLYGON((118.95490230555556 37.39808813888889,118.98193897222222 37.325860500000005,119.16968827777778 37.37648455555556,119.13599972222222 37.442104611111105,118.95490230555556 37.39808813888889))",d74ad7bf-2c88-498f-b239-f1eb60dc88ae,POINT(119.05976838725553 37.38511496042),5ee30736-f532-4b50-8c2d-d7db96626910,2026-02-28 14:38:45,2026-02-28 14:38:45
"1,759",东营码头,"POLYGON((119.06239216666667 38.164162499999996,118.95126808333333 38.08983466666667,118.90941280555556 38.07426400000001,118.9141335 38.05956669444444,119.09932636111111 38.12225552777778,119.06239216666667 38.164162499999996))",7127fac7-b615-4cee-a26a-f266c15f93dd,POINT(119.01658589554685 38.112284719940064),5ee30736-f532-4b50-8c2d-d7db96626910,2026-02-28 14:38:45,2026-02-28 14:38:45
"1,760",滨州港码头,"POLYGON((118.08629802777777 38.33520275,117.9129131388889 37.92228708333333,118.14208108333334 37.88503875,118.21654611111111 38.317359361111116,118.08629802777777 38.33520275))",06633e2f-a33c-42c9-8775-206e10edd271,POINT(118.0838505250081 38.09533086325924),480ce908-1011-40c2-8357-f30655dc6381,2026-02-28 14:38:45,2026-02-28 14:38:45
"1,761",黑沿子码头,"POLYGON((118.13583666666668 39.20280416666667,118.12956027777777 39.19349194444444,118.13650722222224 39.19070636111111,118.14275675 39.20066327777778,118.13583666666668 39.20280416666667))",06fa86e6-e8c2-429a-b080-0ccd6c461949,POINT(118.13616890317252 39.19686349309738),3b6f833a-28fd-48d0-9515-b33f65b66959,2026-02-28 14:38:45,2026-02-28 14:38:45
"1,762",丹东大东沟港2号码头,"POLYGON((124.15820969444445 39.798754527777774,124.13804266666668 39.822686250000004,124.12680419444443 39.794066666666666,124.15289891666667 39.77468094444444,124.15820969444445 39.798754527777774))",7656fcaa-a9d4-43a2-ab09-47c91e5b35d3,POINT(124.14331439342159 39.797751517556904),394578e4-662c-4990-ac8a-77e110819488,2026-02-28 14:38:45,2026-02-28 14:38:45
"1,763",庄河码头,"POLYGON((122.96599963888889 39.59014222222223,122.94977227777778 39.58764113888889,122.9500405 39.607089333333334,122.96591916666667 39.607109972222226,122.96599963888889 39.59014222222223))",cb80a7c5-d20d-4a8c-9d50-7453b94a3c4c,POINT(122.95775243144236 39.59794974251037),566829f6-6942-44fa-bb0d-cca1a348f707,2026-02-28 14:38:45,2026-02-28 14:38:45
"1,764",大长山码头,"POLYGON((122.592964 39.27065694444445,122.5643586111111 39.271258277777775,122.56286961111111 39.246898083333335,122.59162288888888 39.24656575,122.592964 39.27065694444445))",ab566bb7-418e-4c2c-81ed-ffd1fc0b1a06,POINT(122.57792648503462 39.25883590394577),1c7124de-699a-4345-99e7-b58c9d5753ea,2026-02-28 14:38:45,2026-02-28 14:38:45
"1,765",大连重工船厂,"POLYGON((121.69371227777778 39.0182245,121.69372569444445 39.012879,121.69246505555556 39.01288941666667,121.69238458333334 39.00339261111111,121.67935527777779 39.00306147222222,121.67911388888889 39.01804655555556,121.69371227777778 39.0182245))",187d5805-edc3-47ad-8473-ca1f9e2e8a68,POINT(121.6860627563745 39.01086729568712),d4a88f43-1504-4c1a-abd9-5c1548ceb8d8,2026-02-28 14:38:45,2026-02-28 14:38:45
"1,766",大连湾码头,"POLYGON((121.67022800000001 38.93834783333333,121.66226183333333 38.92449355555555,121.6443715 38.93002305555555,121.64021408333333 38.92971008333333,121.63079952777777 38.93306933333333,121.64330105555557 38.94822461111111,121.67022800000001 38.93834783333333))",85f5e516-2120-4288-b0b2-22444b160de3,POINT(121.65108469935632 38.93608244326103),d4a88f43-1504-4c1a-abd9-5c1548ceb8d8,2026-02-28 14:38:45,2026-02-28 14:38:45
"1,767",旅顺港码头,"POLYGON((121.26327241666667 38.79960225,121.2476351388889 38.795233249999995,121.25061238888888 38.78856430555555,121.22210052777778 38.78170652777778,121.21746713888889 38.79461144444444,121.22379713888888 38.803662749999994,121.2434878611111 38.80828802777778,121.25470222222222 38.80624836111111,121.26108586111111 38.80633197222222,121.26411677777777 38.79978947222222,121.26327241666667 38.79960225))",11466f5a-f47f-485f-ade8-2b823fd7afda,POINT(121.23783580230678 38.7963606204386),75890a70-9ab5-479d-a941-0a540f47ed39,2026-02-28 14:38:45,2026-02-28 14:38:45
"1,768",修理码头,"POLYGON((121.13909422222223 38.81189447222222,121.13653941666668 38.80977308333333,121.12811058333332 38.81517569444444,121.13069491666666 38.81937230555556,121.13581794444445 38.81907452777778,121.1378316388889 38.81486169444444,121.1431443888889 38.815927555555554,121.14441844444445 38.81285536111111,121.13909422222223 38.81189447222222))",b12d59e3-63bc-4f90-a784-329bbd74faec,POINT(121.13550430170766 38.814780757713486),d4a88f43-1504-4c1a-abd9-5c1548ceb8d8,2026-02-28 14:38:45,2026-02-28 14:38:45
"1,769",旅顺新港码头,"POLYGON((121.12851227777777 38.80233755555555,121.13359508333335 38.80819008333333,121.13553966666667 38.80688375,121.13992502777778 38.81075744444444,121.13892588888889 38.81146283333333,121.13659908333334 38.809498194444444,121.13411802777779 38.81110752777777,121.13289680555555 38.81187258333333,121.13089938888888 38.81002072222222,121.12493099999999 38.80378941666666,121.12851227777777 38.80233755555555))",a974f8e1-b082-46da-b057-68e2caf94830,POINT(121.13169048363811 38.807449894999024),d4a88f43-1504-4c1a-abd9-5c1548ceb8d8,2026-02-28 14:38:45,2026-02-28 14:38:45
"1,770",中远造船厂,"POLYGON((121.11492605555554 38.80555277777778,121.11505105555555 38.823690722222224,121.1237146111111 38.823837000000005,121.12317816666666 38.81401497222222,121.12309769444444 38.81219672222222,121.12889127777777 38.80876905555555,121.12400963888888 38.803961666666666,121.11492605555554 38.80555277777778))",11d91fbf-f53d-4ad9-b17b-f0c4d4ab5e0e,POINT(121.12002520334839 38.81350116258232),d4a88f43-1504-4c1a-abd9-5c1548ceb8d8,2026-02-28 14:38:45,2026-02-28 14:38:45
"1,771",靖江太和码头,"POLYGON((120.35042447222222 32.003736333333336,120.34609333333333 32.00095527777778,120.34823238888889 31.998390611111112,120.35271980555555 32.00139475,120.35042447222222 32.003736333333336))",4cacf3dc-e79c-4d01-8025-df7729ab77b1,POINT(120.34936557869699 32.001101389059826),dc4b11ec-ea0a-4b72-a085-36841f3b32ed,2026-02-28 14:38:45,2026-02-28 14:38:45
"1,773",江苏扬子沥青码头,"POLYGON((119.67155708333334 32.20908361111111,119.66926486111112 32.2066965,119.66742655555556 32.20826597222222,119.66950519444445 32.21021830555556,119.67155708333334 32.20908361111111))",ef4d29c4-6037-475f-952f-e09323d252cf,POINT(119.66945169697347 32.20853601644477),00c761c9-28a4-4a39-836c-8061f5c24470,2026-02-28 14:38:45,2026-02-28 14:38:45
"1,774",孟家港码头,"POLYGON((119.62756188888888 32.201283333333336,119.63852075000001 32.20442672222222,119.640252 32.20046416666667,119.628897 32.19731594444444,119.62756188888888 32.201283333333336))",586dd483-c082-4d41-84f6-d073712b07a6,POINT(119.6338346140187 32.20086828413536),00c761c9-28a4-4a39-836c-8061f5c24470,2026-02-28 14:38:45,2026-02-28 14:38:45
"1,777",石岛新港,"POLYGON((122.44484263888889 36.88629036111111,122.43917283333333 36.87725869444444,122.44320955555555 36.87555480555556,122.44223052777778 36.87403813888889,122.45039786111111 36.8706265,122.45798116666667 36.881439444444446,122.44484263888889 36.88629036111111))",8d3ce391-f509-4ae1-8ba4-f56b1862ce1c,POINT(122.44828058587306 36.87868273723387),a7c7c56e-5487-4e4c-b28e-10619e6233e4,2026-02-28 14:38:45,2026-02-28 14:38:45
"1,778",乐清湾码头,"POLYGON((121.10011455555555 28.16211622222222,121.09602416666667 28.151320916666666,121.10458041666666 28.14907422222222,121.10883172222222 28.159999805555554,121.10011455555555 28.16211622222222))",086aae86-80be-440a-81ec-0093e380d249,POINT(121.10240210862077 28.155635775604242),88121609-71c6-4652-b18d-8046dd3b127c,2026-02-28 14:38:45,2026-02-28 14:38:45
"1,779",台州修理码头,"POLYGON((121.45292183333333 28.696007277777777,121.45160755555555 28.695577888888888,121.45102416666667 28.696342527777777,121.44732266666666 28.69781888888889,121.44498180555556 28.693530222222222,121.45096691666667 28.691397388888888,121.45444708333333 28.692144416666668,121.45292183333333 28.696007277777777))",71f82e24-5c9c-4e6c-b0fd-47985c0684db,POINT(121.44973001841916 28.694285952391),86cd0af1-a74c-4ce7-8c28-07737f48d569,2026-02-28 14:38:45,2026-02-28 14:38:45
"1,780",台州电厂,"POLYGON((121.45743044444444 28.69458613888889,121.46534297222223 28.694862611111112,121.46553475 28.690100416666667,121.4574478888889 28.68987688888889,121.45743044444444 28.69458613888889))",646e6dda-24d9-4606-a251-76337db6cd81,POINT(121.46144741663473 28.692348233911954),86cd0af1-a74c-4ce7-8c28-07737f48d569,2026-02-28 14:38:45,2026-02-28 14:38:45
"1,781",头门港码头,"POLYGON((121.74278680555555 28.694645027777778,121.75606375 28.686868694444446,121.75103461111111 28.680774305555556,121.73781130555555 28.688609888888887,121.74278680555555 28.694645027777778))",4f3b84ce-060b-41ef-a8fe-0b5343fdc190,POINT(121.74693535053257 28.68771804373555),86cd0af1-a74c-4ce7-8c28-07737f48d569,2026-02-28 14:38:46,2026-02-28 14:38:46
"1,782",台二电电厂,"POLYGON((121.71175430555556 29.02360325,121.70209286111111 29.01887736111111,121.70783277777778 29.01024561111111,121.71844641666667 29.01538236111111,121.71175430555556 29.02360325))",13a77c76-0f9b-4981-a369-590a850c2adb,POINT(121.71008265399075 29.016965036140682),86cd0af1-a74c-4ce7-8c28-07737f48d569,2026-02-28 14:38:46,2026-02-28 14:38:46
"1,783",台州码头_1,"POLYGON((121.61945733333333 29.03913413888889,121.61977577777778 29.03591652777778,121.62971666666667 29.036754611111114,121.62937333333333 29.039920416666668,121.61945733333333 29.03913413888889))",362c69e0-d268-4478-b4b3-9282cb109e5e,POINT(121.62456806809334 29.037929573282153),86cd0af1-a74c-4ce7-8c28-07737f48d569,2026-02-28 14:38:46,2026-02-28 14:38:46
"1,784",象山海螺水泥,"POLYGON((121.64930494444445 29.51396272222222,121.65466936111112 29.505559416666667,121.64410144444444 29.500050194444444,121.63834811111111 29.509644444444444,121.64930494444445 29.51396272222222))",6d0be1a6-29a3-4377-a71e-2677e0bf24d3,POINT(121.64651122016387 29.507236774518674),a35cdf69-3ebc-4639-9cd7-0bac88da128b,2026-02-28 14:38:46,2026-02-28 14:38:46
"1,785",宁波乌沙山电厂,"POLYGON((121.6551 29.5175175,121.6577553888889 29.507994027777777,121.66875244444445 29.51434311111111,121.66631161111111 29.522675666666665,121.6551 29.5175175))",9af4ca83-2b2d-4510-900d-85076009fe0a,POINT(121.66186437833169 29.515564342003707),a35cdf69-3ebc-4639-9cd7-0bac88da128b,2026-02-28 14:38:46,2026-02-28 14:38:46
"1,786",梅山岛国际集装箱码头,"POLYGON((122.02302527777778 29.788426194444448,121.99046325 29.76151325,122.00011305555556 29.753076611111112,122.03321766666667 29.780744166666665,122.02302527777778 29.788426194444448))",76d87b79-4e6f-4e05-944e-eb890c3bbf8f,POINT(122.01167217709308 29.77088282971632),e86dff3d-0099-4f8f-8d65-e7bfe2567db2,2026-02-28 14:38:46,2026-02-28 14:38:46
"1,787",舟山鑫亚船厂,"POLYGON((122.13729883333335 29.78679202777778,122.12388777777777 29.78330022222222,122.06996752777778 29.76792488888889,122.05276036111111 29.780052555555553,122.0930925 29.795906277777778,122.13289647222221 29.803075111111113,122.13729883333335 29.78679202777778))",22786a06-4e63-4291-90b8-563684b0428e,POINT(122.09754340612666 29.78574463774641),4083f670-b01b-4fd3-9c17-e010ffb412d8,2026-02-28 14:38:46,2026-02-28 14:38:46
"1,788",舟山浙能电厂,"POLYGON((122.13516102777778 29.755767055555555,122.14955375000001 29.76672,122.16437027777778 29.753578194444444,122.14886711111112 29.7420975,122.13516102777778 29.755767055555555))",83f8d45b-65fe-4828-8f33-5e028bb760bd,POINT(122.14957774500441 29.7544830517393),4083f670-b01b-4fd3-9c17-e010ffb412d8,2026-02-28 14:38:46,2026-02-28 14:38:46
"1,789",舟山册子船业,"POLYGON((121.95235997222223 30.079211305555557,121.94585561111111 30.08119575,121.95132588888889 30.10103613888889,121.95475375000001 30.10158377777778,121.95884502777778 30.100258,121.95369516666666 30.078651666666666,121.95235997222223 30.079211305555557))",c624a672-2581-4eee-a36a-8f2e7beddda9,POINT(121.9524934610296 30.09035560005875),4083f670-b01b-4fd3-9c17-e010ffb412d8,2026-02-28 14:38:46,2026-02-28 14:38:46
"1,790",老塘山_5期,"POLYGON((121.99249494444445 30.0394095,121.98004711111112 30.029631805555553,121.99104416666667 30.02011047222222,121.99562002777778 30.024565805555554,121.98938358333334 30.030005194444442,121.99684011111111 30.035717555555557,121.99249494444445 30.0394095))",9dbb46d4-c7d2-4dba-909c-43673706444a,POINT(121.98905101739247 30.029784035538384),4083f670-b01b-4fd3-9c17-e010ffb412d8,2026-02-28 14:38:46,2026-02-28 14:38:46
"1,791",老塘山码头4期,"POLYGON((121.9849098888889 30.04728627777778,121.97640897222223 30.04005466666667,121.98367777777779 30.033750444444447,121.9927838611111 30.041865750000003,121.9849098888889 30.04728627777778))",d06c3643-6ee2-4a75-9cfe-477723ce3dff,POINT(121.98448303845525 30.04067541447738),4083f670-b01b-4fd3-9c17-e010ffb412d8,2026-02-28 14:38:46,2026-02-28 14:38:46
"1,792",宁波环海重工船厂,"POLYGON((122.00895730555555 29.89405908333333,122.00881647222222 29.888954833333333,122.00199294444444 29.88840486111111,121.9976866388889 29.889336222222223,121.99696916666667 29.889900138888887,121.99631202777778 29.8919465,122.00301755555556 29.894167222222222,122.00895730555555 29.89405908333333))",06a09eb8-6283-4f88-8f8d-6997032d66ef,POINT(122.00333243108882 29.89125740201031),4083f670-b01b-4fd3-9c17-e010ffb412d8,2026-02-28 14:38:46,2026-02-28 14:38:46
"1,793",宁波中宅煤炭码头,"POLYGON((122.08392038888888 29.898828166666664,122.08585533333333 29.892062888888887,122.067658 29.88779733333333,122.06553905555555 29.894634,122.08392038888888 29.898828166666664))",74dd1a89-7ca6-4b53-8df5-e1a8741cbf15,POINT(122.07571790015498 29.893329789746105),e86dff3d-0099-4f8f-8d65-e7bfe2567db2,2026-02-28 14:38:46,2026-02-28 14:38:46
"1,794",舟山船厂,"POLYGON((122.12500438888888 29.98529775,122.1379326388889 29.978955194444442,122.14619383333334 29.99208127777778,122.13025616666665 29.992336805555556,122.1241648611111 29.99091277777778,122.12500438888888 29.98529775))",59e61696-bd8e-44df-8325-cfc1a3907c02,POINT(122.13464927054027 29.987198023213168),4083f670-b01b-4fd3-9c17-e010ffb412d8,2026-02-28 14:38:46,2026-02-28 14:38:46
"1,795",舟山兴港船厂,"POLYGON((122.0605753611111 30.00308697222222,122.07344997222222 30.005874277777778,122.09785808333334 29.980181638888887,122.08723652777778 29.97270025,122.07017769444444 29.968843166666666,122.04008330555556 29.972189055555553,122.02710141666667 29.981110944444442,122.04287280555555 29.99272677777778,122.0605753611111 30.00308697222222))",9fa4b43e-ca7a-4e9e-827c-41bf08eb3185,POINT(122.06387792802931 29.984847735993306),4083f670-b01b-4fd3-9c17-e010ffb412d8,2026-02-28 14:38:46,2026-02-28 14:38:46
"1,796",乍浦海盐码头,"POLYGON((121.02893883333333 30.567648916666666,121.00957327777778 30.55697863888889,121.02035575 30.54284216666667,121.04017727777777 30.553744972222223,121.02893883333333 30.567648916666666))",6097b65b-22f7-4560-a2e8-37a2a03c846d,POINT(121.02478366601143 30.555277916559117),50201deb-f665-4d37-b618-a9fa45919a07,2026-02-28 14:38:46,2026-02-28 14:38:46
"1,798",南通天生电厂,"POLYGON((120.7523895 32.033246749999996,120.75906819444444 32.03167777777778,120.75780888888889 32.02878425,120.75089325 32.030358944444444,120.7523895 32.033246749999996))",cf6c51b2-9fe4-478c-ae6f-4e912a546a5b,POINT(120.75502765092571 32.03101128274843),0b7f167e-04ea-4658-8b4d-0321dcabbeff,2026-02-28 14:38:46,2026-02-28 14:38:46
"1,801",新泰港务码头,"POLYGON((121.03177052777778 31.743686111111113,121.04445738888889 31.738074722222223,121.0467775 31.741690222222225,121.03405041666666 31.746845222222223,121.03177052777778 31.743686111111113))",b7466c53-86b4-4e2a-9430-66e6f4e2fc34,POINT(121.03937573690021 31.742520724986075),d18befbd-45ef-4aaa-bdea-8c75c06fae8e,2026-02-28 14:38:46,2026-02-28 14:38:46
"1,802",修理码头,"POLYGON((121.10771722222222 31.720918277777777,121.10334522222222 31.71589875,121.11611255555555 31.707615944444445,121.12110144444443 31.71352577777778,121.10771722222222 31.720918277777777))",26e1344b-b64b-4748-989f-dc81eaed7e4a,POINT(121.11223226311459 31.71438682127992),d18befbd-45ef-4aaa-bdea-8c75c06fae8e,2026-02-28 14:38:46,2026-02-28 14:38:46
"1,805",太仓润禾码头_干散货作业区,"POLYGON((121.15496011111112 31.689369361111112,121.15202311111112 31.685774666666667,121.15756186111112 31.682510750000002,121.16056594444446 31.686482194444444,121.15496011111112 31.689369361111112))",4b1ecf66-fff5-4194-8566-d443f8fd8949,POINT(121.15630610053817 31.68600565766646),d18befbd-45ef-4aaa-bdea-8c75c06fae8e,2026-02-28 14:38:46,2026-02-28 14:38:46
"1,806",修理码头,"POLYGON((121.53055138888888 31.559520777777777,121.56053849999999 31.544755277777778,121.55152627777777 31.53250222222222,121.52068086111112 31.548229722222224,121.53055138888888 31.559520777777777))",d58e63c9-5615-46aa-970b-5fcbb701f31e,POINT(121.54087585177514 31.54617357071358),9e7dc9e5-5986-4b0f-8a53-62023a7c9b0e,2026-02-28 14:38:46,2026-02-28 14:38:46
"1,812",宝钢全天候制成品码头,"POLYGON((121.46610038888889 31.4339135,121.47167936111111 31.429336222222222,121.47668169444445 31.43334136111111,121.47100883333333 31.437884083333334,121.46610038888889 31.4339135))",552488c2-610c-42c2-926c-b2e2b530643f,POINT(121.47137591387644 31.433615037794148),564f6448-4816-4a87-8bcb-3db92d168ae7,2026-02-28 14:38:46,2026-02-28 14:38:46
"1,813",宝钢一体化码头_1,"POLYGON((121.46840430555555 31.426404444444447,121.46969177777778 31.41772963888889,121.49215605555555 31.41969813888889,121.47647452777778 31.432436916666667,121.46840430555555 31.426404444444447))",fa062f67-088c-4665-8f14-2b32bbdfda12,POINT(121.47788115846157 31.423728592540364),564f6448-4816-4a87-8bcb-3db92d168ae7,2026-02-28 14:38:47,2026-02-28 14:38:47
"1,814",上海外高桥申能电力码头,"POLYGON((121.59529522222222 31.366657111111113,121.60848341666666 31.359132055555555,121.61247991666666 31.36429675,121.59886255555556 31.37144925,121.59529522222222 31.366657111111113))",102bec30-c287-441d-b14a-43e9f7ee0cd5,POINT(121.60387896642192 31.365334277975943),665abb5f-21e9-48b3-91a0-5cf6542c8295,2026-02-28 14:38:47,2026-02-28 14:38:47
"1,815",漕泾电厂,"POLYGON((121.27168091666667 30.69129713888889,121.27971177777778 30.69261563888889,121.28483480555555 30.676145972222223,121.27640688888889 30.67433836111111,121.27168091666667 30.69129713888889))",fd2fca02-87ad-465e-bc3d-7a56feb63a59,POINT(121.2781680788588 30.68350948517916),8a7efcc9-c97c-484f-a5bc-4a6d908a58f7,2026-02-28 14:38:47,2026-02-28 14:38:47
"1,816",嘉兴港物流,"POLYGON((121.17381188888889 30.644022777777778,121.19416983333333 30.652145333333333,121.19891736111111 30.644484305555554,121.17813022222222 30.636314944444443,121.17381188888889 30.644022777777778))",6135810c-f0e5-4544-a53d-5011b97d8d59,POINT(121.18628639623572 30.64423913173178),50201deb-f665-4d37-b618-a9fa45919a07,2026-02-28 14:38:47,2026-02-28 14:38:47
"1,817",嘉兴电厂,"POLYGON((121.16260141666667 30.63028166666667,121.15802825 30.634955194444444,121.15452797222223 30.632808861111112,121.15078630555556 30.62473086111111,121.15169825000001 30.62321902777778,121.15632505555556 30.621672555555556,121.16260141666667 30.63028166666667))",2e346060-53e7-4ac9-a2d9-195e0de67aa3,POINT(121.15646981726653 30.628160567912822),50201deb-f665-4d37-b618-a9fa45919a07,2026-02-28 14:38:47,2026-02-28 14:38:47
"1,818",吴泾电厂,"POLYGON((121.47227280555556 31.067622694444445,121.46778011111111 31.06664625,121.47192144444445 31.053926055555557,121.4764488888889 31.054815861111113,121.47227280555556 31.067622694444445))",4ec6d0d3-1275-4a18-baca-e790d0f9b146,POINT(121.47210887032695 31.060751810150897),02c24555-7846-427a-bcf3-a04472331270,2026-02-28 14:38:47,2026-02-28 14:38:47
"1,819",东枣港_散杂货区,"POLYGON((121.47846200000001 32.15604236111111,121.48858738888889 32.14645327777778,121.50553852777777 32.150139583333335,121.51425569444444 32.15826908333333,121.52251691666666 32.15340963888889,121.51382655555555 32.14566577777778,121.49024991666667 32.14135075,121.47561886111112 32.14223508333333,121.4688328888889 32.149547749999996,121.47846200000001 32.15604236111111))",01e6bdfa-68cf-4f61-979f-46ae4fa954ef,POINT(121.49464309938016 32.14820786710313),f926321d-7524-4731-9f52-8538fa2c8f5a,2026-02-28 14:38:47,2026-02-28 14:38:47
"1,820",海门海螺水泥码头,"POLYGON((121.47747308333334 32.11740916666667,121.48391038888889 32.13994188888889,121.43927841666667 32.13980563888889,121.43536238888889 32.13126563888889,121.42854958333334 32.11731830555556,121.47135763888889 32.11763633333334,121.47747308333334 32.11740916666667))",1d6772c7-67d5-4271-9010-a602455b569d,POINT(121.45727507135818 32.12850549485547),f926321d-7524-4731-9f52-8538fa2c8f5a,2026-02-28 14:38:47,2026-02-28 14:38:47
"1,821",东枣港池,"POLYGON((121.49513583333334 32.141249944444446,121.48806647222223 32.114047416666665,121.50984602777778 32.11118488888889,121.51688008333333 32.138860694444446,121.49513583333334 32.141249944444446))",d9e7c77c-6bdb-42ab-bb4e-70077e9749d2,POINT(121.50250805954072 32.12631611450041),f926321d-7524-4731-9f52-8538fa2c8f5a,2026-02-28 14:38:47,2026-02-28 14:38:47
"1,822",洋口重件码头,"POLYGON((121.38423516666667 32.510271805555554,121.45161225 32.50832388888889,121.452256 32.56318452777777,121.38702466666668 32.56463127777778,121.38423516666667 32.510271805555554))",75f9950e-3cd2-4119-8453-37666da3aec4,POINT(121.41882247432041 32.53645348302631),7238f004-6d50-4183-9500-6952b36d776c,2026-02-28 14:38:47,2026-02-28 14:38:47
"1,823",响水小蟒牛作业区（一期）,"POLYGON((119.79688163888889 34.446832416666666,119.79768630555556 34.43744241666666,119.79405175 34.437385166666665,119.79317197222223 34.44671102777777,119.79688163888889 34.446832416666666))",be67ac1d-6e53-4fab-a742-cb5f1decb6f4,POINT(119.79544840729244 34.44210994573143),8af0eeaf-bc33-459b-b7b8-17b7c8e16fb7,2026-02-28 14:38:47,2026-02-28 14:38:47
"1,824",东源港码头,"POLYGON((119.42294258333334 34.75379752777778,119.42274141666667 34.744239416666666,119.41752452777779 34.74429011111111,119.41612977777778 34.74239466666667,119.39384061111112 34.742152222222224,119.3921481388889 34.74272966666667,119.39387816666667 34.746939250000004,119.39504491666668 34.74675191666667,119.39542044444445 34.747622444444445,119.39543386111112 34.75241577777778,119.39536019444445 34.75383955555556,119.42294258333334 34.75379752777778))",17e81a71-578a-4761-a48e-431e80fa2154,POINT(119.40814691662642 34.74810301324561),8af0eeaf-bc33-459b-b7b8-17b7c8e16fb7,2026-02-28 14:38:47,2026-02-28 14:38:47
"1,825",新亚欧大陆桥集装箱码头,"POLYGON((119.44416002777778 34.74401097222222,119.44641977777778 34.74286763888889,119.448931 34.74393383333334,119.45197530555556 34.748307000000004,119.4518921111111 34.75371205555555,119.42335333333334 34.75382222222222,119.42313875 34.74430158333333,119.44416002777778 34.74401097222222))",90428236-fa89-4799-b946-3b99f84e9052,POINT(119.43743112427262 34.748960181283955),8af0eeaf-bc33-459b-b7b8-17b7c8e16fb7,2026-02-28 14:38:47,2026-02-28 14:38:47
"1,826",连云港东联港码头,"POLYGON((119.46860219444444 34.74270825,119.46106519444444 34.73023252777778,119.44070186111111 34.73934263888889,119.44443013888889 34.74366258333333,119.44637475 34.74270383333334,119.44850708333334 34.74365155555556,119.45266822222223 34.74195641666667,119.45661105555556 34.74709166666667,119.46860219444444 34.74270825))",c953ed97-9a9c-4809-a9d2-cfdbfa4112f7,POINT(119.45602640255193 34.739165583419535),8af0eeaf-bc33-459b-b7b8-17b7c8e16fb7,2026-02-28 14:38:47,2026-02-28 14:38:47
"1,827",新苏铁矿石码头,"POLYGON((119.4830856388889 34.737486805555555,119.48100691666667 34.733552277777775,119.46903086111111 34.737552916666665,119.47144483333334 34.74142113888889,119.4830856388889 34.737486805555555))",9d34d118-ffdf-43e9-b71a-2397c3e9cd32,POINT(119.47612730984885 34.737497960065944),8af0eeaf-bc33-459b-b7b8-17b7c8e16fb7,2026-02-28 14:38:47,2026-02-28 14:38:47
"1,828",连云港东泰港码头,"POLYGON((119.39515352777778 34.75104208333333,119.39515352777778 34.747593083333335,119.39492555555556 34.746987000000004,119.37258158333333 34.75154197222222,119.37427138888889 34.75614775,119.39514836111111 34.752417972222226,119.39515352777778 34.75104208333333))",11635419-846f-4d77-91a9-898ef7b43e12,POINT(119.38446717716788 34.75169392127235),8af0eeaf-bc33-459b-b7b8-17b7c8e16fb7,2026-02-28 14:38:47,2026-02-28 14:38:47
"1,829",连云港新海湾码头,"POLYGON((119.30522461111111 35.02253252777778,119.28512233333333 35.066787000000005,119.25492066666666 35.05892730555555,119.27320544444444 35.013063861111114,119.30522461111111 35.02253252777778))",968a8af5-c5d9-4a65-b703-e625677ed875,POINT(119.27967657348468 35.04004182602143),8af0eeaf-bc33-459b-b7b8-17b7c8e16fb7,2026-02-28 14:38:47,2026-02-28 14:38:47
"1,830",岚山码头北区,"POLYGON((119.44717952777778 35.12293594444444,119.37475988888889 35.14004602777778,119.37265702777778 35.10457588888889,119.38188383333333 35.10440036111111,119.38295672222222 35.09786097222222,119.40857716666667 35.07950405555556,119.44717952777778 35.12293594444444))",3a0e9d58-4864-4fab-b9ea-132585900624,POINT(119.4040960462219 35.112765167625874),c1b8f7e0-3f19-4586-9b5c-163687eaf1ba,2026-02-28 14:38:47,2026-02-28 14:38:47
"1,831",岚山码头南区,"POLYGON((119.38768983333334 35.07413944444445,119.39294697222223 35.079583222222226,119.39145030555557 35.08735313888889,119.38243808333333 35.08665080555556,119.37680544444444 35.090338,119.37358677777777 35.10271522222222,119.36006844444444 35.09125977777778,119.36221422222222 35.073085777777784,119.38050688888889 35.070802750000006,119.38768983333334 35.07413944444445))",c5979ee6-db17-42b3-a235-014066264367,POINT(119.37446427214226 35.083353837105214),c1b8f7e0-3f19-4586-9b5c-163687eaf1ba,2026-02-28 14:38:47,2026-02-28 14:38:47
"1,832",岚山码头北区一期,"POLYGON((119.43256038888889 35.15070458333333,119.41314119444445 35.17526341666667,119.38547433333333 35.17511547222222,119.38500102777779 35.14996991666666,119.43256038888889 35.15070458333333))",1afcf41c-af9c-472b-8ead-bb765d92a59d,POINT(119.40442018327764 35.16166014287092),c1b8f7e0-3f19-4586-9b5c-163687eaf1ba,2026-02-28 14:38:47,2026-02-28 14:38:47
"1,833",山东钢铁日照港_散杂货码头,"POLYGON((119.39235461111112 35.21087136111112,119.40986944444445 35.21107955555556,119.41010011111112 35.20125686111111,119.39269258333334 35.20130069444445,119.39235461111112 35.21087136111112))",7fcb04a6-b619-4188-991b-91ac28ef0a3a,POINT(119.40129177056149 35.20613260273271),c1b8f7e0-3f19-4586-9b5c-163687eaf1ba,2026-02-28 14:38:47,2026-02-28 14:38:47
"1,834",董家口大唐码头,"POLYGON((119.80058138888889 35.60730577777778,119.79838866666667 35.608510611111114,119.79841422222222 35.61388302777778,119.80208619444444 35.613886416666666,119.80213983333333 35.607311861111114,119.80058138888889 35.60730577777778))",60e46599-6b9b-4102-b74d-905c0d72e78b,POINT(119.80032095196964 35.610748172496066),901db4d4-99b4-467e-a9b4-f1c3aac7107d,2026-02-28 14:38:47,2026-02-28 14:38:47
"1,835",董家口粮食码头,"POLYGON((119.79111416666666 35.603746944444445,119.79162211111111 35.60313633333333,119.79190038888889 35.603280805555556,119.79220716666667 35.60293869444445,119.800459 35.607236972222225,119.79829980555556 35.60842544444444,119.79056177777778 35.60444572222222,119.79111416666666 35.603746944444445))",a451f507-4fcb-4026-9772-2ffb79d243f9,POINT(119.7953310558461 35.60572188590373),901db4d4-99b4-467e-a9b4-f1c3aac7107d,2026-02-28 14:38:47,2026-02-28 14:38:47
"1,836",董家口华能码头,"POLYGON((119.78424166666666 35.59322658333333,119.78547213888889 35.59382363888889,119.78563308333334 35.593638250000005,119.78637402777778 35.594033583333335,119.78724575 35.593057,119.79748816666667 35.59861591666667,119.79333475 35.60335058333334,119.79220822222221 35.60283263888889,119.79190111111112 35.60321755555556,119.79162283333334 35.603084,119.79127749999999 35.60350652777778,119.78037630555555 35.597914611111115,119.78424166666666 35.59322658333333))",45eeca93-ea4a-4d60-bb34-1bd999f76e6e,POINT(119.78895003164597 35.59823271120464),901db4d4-99b4-467e-a9b4-f1c3aac7107d,2026-02-28 14:38:47,2026-02-28 14:38:47
"1,837",董家口铁矿石码头,"POLYGON((119.79195727777777 35.58365616666667,119.78425891666666 35.59319052777778,119.78545975 35.59377722222222,119.7856233611111 35.593593472222224,119.7863388611111 35.593933722222225,119.78762775 35.59253402777778,119.789626 35.593635472222225,119.79706913888889 35.58506336111111,119.80497563888889 35.57645322222223,119.77357594444445 35.56033044444444,119.76451005555556 35.57326858333334,119.78298702777778 35.582607583333335,119.78531116666666 35.579859000000006,119.79195727777777 35.58365616666667))",2d3e02f7-1932-473b-a1b2-cb8683078a7d,POINT(119.78451271807096 35.57514286596257),901db4d4-99b4-467e-a9b4-f1c3aac7107d,2026-02-28 14:38:47,2026-02-28 14:38:47
"1,838",青岛北海船厂,"POLYGON((120.27471175 36.00132022222222,120.27996888888889 35.98858177777778,120.25414969444445 35.98219619444445,120.24698819444444 35.97546752777778,120.24167741666666 35.97557608333334,120.23607161111111 35.980676888888894,120.23534741666667 35.98516963888889,120.2447258611111 36.00483025,120.27492752777778 36.00207455555555,120.27471175 36.00132022222222))",4336c7a5-d194-4652-a4d2-7d148e56b320,POINT(120.25550385481436 35.99162652784034),4e0346c3-04a5-4e62-a2f7-587f4f192a79,2026-02-28 14:38:47,2026-02-28 14:38:47
"1,839",青岛前湾集装箱码头,"POLYGON((120.21684225 36.02641802777778,120.22766497222223 36.01652575,120.23333422222223 36.0202865,120.24138086111111 36.012866833333334,120.20823638888889 35.99288161111111,120.19391341666667 35.992838194444445,120.18425744444446 35.99917477777778,120.17948311111111 36.00707311111111,120.21684225 36.02641802777778))",b5491aa8-ef3c-475f-bd68-2479d316b927,POINT(120.20900326800016 36.00822533398387),4e0346c3-04a5-4e62-a2f7-587f4f192a79,2026-02-28 14:38:47,2026-02-28 14:38:47
"1,840",青岛前港散货码头,"POLYGON((120.2292921111111 36.038624138888885,120.22400816666666 36.03128211111111,120.21697388888889 36.02650716666667,120.22750158333334 36.01700975,120.23793627777778 36.024719499999996,120.24348844444445 36.03341780555555,120.2292921111111 36.038624138888885))",e3bd801e-68c8-4458-bc6e-7e31b8feba4a,POINT(120.23040639742553 36.0282233166767),4e0346c3-04a5-4e62-a2f7-587f4f192a79,2026-02-28 14:38:47,2026-02-28 14:38:47
"1,841",青岛大港,"POLYGON((120.32461552777778 36.10384338888889,120.32879441666667 36.09865952777778,120.33102066666666 36.088797972222224,120.3128621111111 36.08385591666667,120.30685394444444 36.08452788888889,120.30159683333333 36.09436827777778,120.32461552777778 36.10384338888889))",4ff21d41-6a18-47e3-9200-c2e63533b384,POINT(120.31723342258402 36.092895555578366),4e0346c3-04a5-4e62-a2f7-587f4f192a79,2026-02-28 14:38:47,2026-02-28 14:38:47
"1,842",荣成源通造船厂,"POLYGON((122.18509566666667 36.852205777777776,122.18208355555556 36.843081444444444,122.16078680555556 36.847546083333334,122.16451508333334 36.85649602777778,122.18509566666667 36.852205777777776))",358b6393-a65b-47a0-887e-81405315cc62,POINT(122.17311497560894 36.84980534457766),a7c7c56e-5487-4e4c-b28e-10619e6233e4,2026-02-28 14:38:47,2026-02-28 14:38:47
"1,843",石岛鑫弘重工船厂,"POLYGON((122.2760673611111 36.84573316666667,122.27617463888889 36.828860250000005,122.25619219444444 36.822118638888895,122.25618858333333 36.84566077777778,122.2760673611111 36.84573316666667))",51ded7c5-b832-4e90-80fa-b4ba9f4b2652,POINT(122.26560928305355 36.835489498092784),a7c7c56e-5487-4e4c-b28e-10619e6233e4,2026-02-28 14:38:47,2026-02-28 14:38:47
"1,844",石岛山东华东船厂,"POLYGON((122.37709463888888 36.858692777777776,122.37309816666667 36.86152555555556,122.37352730555556 36.86325305555556,122.37045616666666 36.86583888888889,122.37863691666666 36.86934733333334,122.3821506111111 36.86709422222222,122.38440366666667 36.868381722222225,122.38689811111112 36.86665433333334,122.38664330555557 36.86507711111111,122.38079608333332 36.860173555555555,122.37709463888888 36.858692777777776))",985ba226-a61f-473f-b7df-6f5cb9dd7f2a,POINT(122.37879316640844 36.86437961334174),a7c7c56e-5487-4e4c-b28e-10619e6233e4,2026-02-28 14:38:47,2026-02-28 14:38:47
"1,845",石岛威海华东船厂,"POLYGON((122.44064980555557 36.88558252777778,122.43580844444445 36.88550744444444,122.43574138888889 36.88314752777778,122.43287141666667 36.88300808333334,122.43261661111111 36.87775169444444,122.43796761111112 36.877687305555554,122.43909413888889 36.877268944444445,122.44351977777778 36.88472438888889,122.44064980555557 36.88558252777778))",e4c2cf36-6ab6-45f9-9648-0bf659c0282a,POINT(122.43758324983385 36.88158118923776),a7c7c56e-5487-4e4c-b28e-10619e6233e4,2026-02-28 14:38:48,2026-02-28 14:38:48
"1,846",龙眼湾码头,"POLYGON((122.64418625 37.42180505555555,122.63927780555557 37.423775444444445,122.63163349999999 37.42246541666666,122.63436936111111 37.416458138888885,122.63789647222222 37.41427452777778,122.64170522222223 37.41334780555555,122.64712327777778 37.41425325,122.64967916666667 37.42014227777778,122.64418625 37.42180505555555))",ca3347bd-fc59-4e35-963f-6f0f01f0d0b1,POINT(122.64066055992252 37.41861414509954),1ec73c79-ca84-46d6-bb3b-266edc414897,2026-02-28 14:38:48,2026-02-28 14:38:48
"1,847",龙眼港马兰湾船厂,"POLYGON((122.67642630555557 37.41742747222222,122.6739855 37.412740666666664,122.66856744444445 37.40973672222222,122.66320302777778 37.40954497222222,122.65470041666667 37.41197372222222,122.65263511111111 37.41533975,122.65279605555556 37.418173055555556,122.64968469444445 37.41823697222222,122.65030158333334 37.42053761111111,122.65335930555555 37.42045241666666,122.65437855555557 37.423541138888886,122.65987708333334 37.423200333333334,122.66414180555556 37.423200333333334,122.66714586111111 37.42211394444444,122.67642630555557 37.41742747222222))",dcb69840-9630-4f8c-834d-3965c6c5fce8,POINT(122.66307598647047 37.416578225968564),1ec73c79-ca84-46d6-bb3b-266edc414897,2026-02-28 14:38:48,2026-02-28 14:38:48
"1,848",威海友联船厂,"POLYGON((122.22721230555555 37.47311205555556,122.22691725 37.45886966666667,122.25371252777778 37.4587845,122.25384663888889 37.472899194444445,122.22721230555555 37.47311205555556))",ac6ee364-96b6-4a9f-bdfb-d13dac1b3b45,POINT(122.24040188502008 37.46590943458105),41866ed7-75c0-4375-a23d-4ee7093c251c,2026-02-28 14:38:48,2026-02-28 14:38:48
"1,849",威海港码头,"POLYGON((122.19206680555556 37.46443575,122.20829419444445 37.45157575,122.18305127777778 37.42802413888889,122.16234461111112 37.444849166666664,122.19206680555556 37.46443575))",27773fe6-57c0-4988-b126-7b615ce767fa,POINT(122.18586809427377 37.44675253104111),41866ed7-75c0-4375-a23d-4ee7093c251c,2026-02-28 14:38:48,2026-02-28 14:38:48
"1,850",烟台芝罘港区,"POLYGON((121.41071422222223 37.58503291666667,121.39779686111112 37.58910566666667,121.38300422222221 37.591486083333336,121.37165847222222 37.59095475,121.37187583333332 37.55280313888888,121.38457522222222 37.54504483333333,121.39444575 37.55469922222222,121.41038880555556 37.55426544444444,121.41071422222223 37.58503291666667))",9d23c2c9-a5c8-4e5f-9ef0-70bf497e4247,POINT(121.38999121633682 37.57044705664542),42edba99-e8ed-4369-b369-0e7729a7d323,2026-02-28 14:38:48,2026-02-28 14:38:48
"1,851",屺坶岛通用码头,"POLYGON((120.21702958333333 37.68153475,120.22947502777778 37.66760816666667,120.21645022222222 37.659951694444445,120.20346833333333 37.67481380555555,120.21702958333333 37.68153475))",e154ba1e-5a41-4879-9fbd-7c85f827dbc6,POINT(120.2165575934687 37.67092488372001),f66e65c4-a84c-46ec-8d7a-db55013aa53f,2026-02-28 14:38:48,2026-02-28 14:38:48
"1,852",龙口散货码头,"POLYGON((120.26928072222222 37.64741741666666,120.26945233333333 37.62815997222222,120.33136202777777 37.629066305555554,120.33153363888889 37.66349922222222,120.31236841666666 37.67083680555555,120.29932463888889 37.66105319444444,120.26928072222222 37.64741741666666))",664be5ee-6f6f-480a-bba9-56836453a869,POINT(120.30381024386743 37.6454264494821),f66e65c4-a84c-46ec-8d7a-db55013aa53f,2026-02-28 14:38:48,2026-02-28 14:38:48
"1,853",烟台港龙口港区南作业区,"POLYGON((120.1881746388889 37.622999138888886,120.31112708333333 37.62282919444444,120.30919588888888 37.60209180555556,120.29181519444444 37.58151872222223,120.26499308333334 37.56179038888889,120.24224797222222 37.55107369444444,120.18624344444444 37.55056333333333,120.1881746388889 37.622999138888886))",697a7ca7-5dd1-4e60-a90e-40a2ae9541cf,POINT(120.24063797351977 37.59071659724249),f66e65c4-a84c-46ec-8d7a-db55013aa53f,2026-02-28 14:38:48,2026-02-28 14:38:48
"1,854",莱州港码头,"POLYGON((119.95311208333334 37.41292497222222,119.93844038888889 37.41294627777778,119.93849402777778 37.423831916666664,119.95319255555556 37.42374672222222,119.95311208333334 37.41292497222222))",06ccf180-0117-41f4-848c-4009cfb8d645,POINT(119.94580258187841 37.41836417527489),184415be-299d-4f46-9811-d32a1f2e3866,2026-02-28 14:38:48,2026-02-28 14:38:48
"1,855",潍坊码头,"POLYGON((119.20708644444444 37.276306749999996,119.13885972222224 37.28638919444444,119.12823819444444 37.28306005555555,119.12705799999999 37.25522616666667,119.15211852777779 37.238895222222226,119.16625136111112 37.22639547222222,119.19092766666667 37.238568055555554,119.22355752777779 37.26404711111111,119.20708644444444 37.276306749999996))",bc86f412-384f-4121-a430-b02a5a6fbdda,POINT(119.16951889420767 37.260213885734565),ca7d26ba-e13f-42b8-9e86-293a9b1f5f08,2026-02-28 14:38:48,2026-02-28 14:38:48
"1,856",厦门嵩屿电厂,"POLYGON((118.02010552777777 24.44481366666667,118.02512997222222 24.442073944444445,118.02283666666666 24.438557666666668,118.01754602777778 24.441262055555555,118.02010552777777 24.44481366666667))",4f1a28fc-f40d-4184-b2bf-c817a662e71d,POINT(118.02138189054058 24.441674977391656),a58be882-85bc-4547-b7b9-ca39f53ae2be,2026-02-28 14:38:48,2026-02-28 14:38:48
"1,857",金海浆纸码头,"POLYGON((109.15231433333334 19.771885916666665,109.16596677777778 19.77170922222222,109.1659131388889 19.76337952777778,109.15228752777779 19.763278555555555,109.15231433333334 19.771885916666665))",1710253f-6355-48d8-8e64-cb7b5686d4e8,POINT(109.1590831954035 19.767564865604925),1ed82b50-c570-4512-a7f4-c4d1adbe45d3,2026-02-28 14:38:48,2026-02-28 14:38:48
"1,858",华能海南电厂,"POLYGON((110.03383383333333 19.962648305555554,110.0254175 19.957269166666666,110.02335575 19.958159416666668,110.02152813888888 19.957692833333333,110.01872791666666 19.965397194444442,110.03166125 19.96922811111111,110.03383383333333 19.962648305555554))",0c964f53-01c4-48da-9a50-7de58aa2b2de,POINT(110.02636367035754 19.96326882531417),b6452e3c-2a9f-439e-a918-c98ab1c6ab8c,2026-02-28 14:38:48,2026-02-28 14:38:48
"1,859",阳江阳西电厂,"POLYGON((111.67352491666666 21.538972333333334,111.66852619444445 21.53088947222222,111.67764211111111 21.52669688888889,111.68264736111112 21.534850805555557,111.67352491666666 21.538972333333334))",9c566149-d824-4367-b75e-43eafbefa1e7,POINT(111.67558922668809 21.532847751083604),c4e064d9-b8bd-413c-9142-dfcfee53f8ed,2026-02-28 14:38:48,2026-02-28 14:38:48
"2,019",南京西坝电厂5号码头,"POLYGON((118.75603308333334 32.20685372222223,118.75546983333334 32.20108902777778,118.75660975 32.19563427777778,118.75975402777777 32.196064888888884,118.75867347222223 32.201618888888895,118.75895955555555 32.20687822222222,118.75603308333334 32.20685372222223))",8fb550a7-a81b-46cb-8ce5-eed696dfcfc4,POINT(118.75745029386805 32.20124648794873),b2803b63-2aae-4cee-8c6c-2a873260085b,2026-03-26 16:15:31,2026-03-26 16:15:31
"1,863",霞山散货码头,"POLYGON((110.39631019444445 21.13931002777778,110.40352533333333 21.14661486111111,110.41339586111111 21.13940008333333,110.40580522222223 21.13136938888889,110.39631019444445 21.13931002777778))",42a0d7ab-3e95-4e21-9dd0-f753fb0f0892,POINT(110.40480847242539 21.139113526739962),9ddb764d-aa1f-4064-9696-9ba7cc7a7c00,2026-02-28 14:38:48,2026-02-28 14:38:48
"1,864",东莞海昌煤炭码头,"POLYGON((113.53525536111111 22.986454916666666,113.54103552777778 22.988467333333336,113.54289297222222 22.9841585,113.53710611111111 22.981929972222222,113.53525536111111 22.986454916666666))",9c41b79a-97b4-4b97-a30f-0c501c7eea93,POINT(113.53905454423126 22.985239900271154),0e07092d-d78a-447e-a652-23ceecf1c230,2026-02-28 14:38:48,2026-02-28 14:38:48
"1,865",东莞麻涌码头,"POLYGON((113.5421305 22.98383613888889,113.53832444444444 22.982339138888886,113.54396961111111 22.967232749999997,113.55752008333333 22.973511055555555,113.55625944444444 22.975461916666664,113.54716383333333 22.971518027777776,113.5421305 22.98383613888889))",5da4dce8-c984-4b8d-968f-53a8e89707d9,POINT(113.54554227408515 22.974681648302344),0e07092d-d78a-447e-a652-23ceecf1c230,2026-02-28 14:38:48,2026-02-28 14:38:48
"1,866",南丫发电厂,"POLYGON((114.10115688888888 22.220072249999998,114.10257844444443 22.211691805555557,114.09628866666667 22.210586777777777,114.09485369444444 22.21917836111111,114.10115688888888 22.220072249999998))",95d9bdd4-653f-4798-ba99-96f9e58fcef8,POINT(114.09870698716945 22.215377840244866),b1f181e7-132e-4711-9df5-0dcc5b1aec17,2026-02-28 14:38:48,2026-02-28 14:38:48
"1,867",惠州平海电厂,"POLYGON((114.73454455555556 22.60957063888889,114.74399936111111 22.601783166666667,114.74229613888889 22.600025055555555,114.73328391666666 22.596954472222222,114.72614925 22.603467000000002,114.73454455555556 22.60957063888889))",62abb0bb-b265-4e5b-9546-9fcfabd625a5,POINT(114.73493499811843 22.60285917935),21310145-4091-49d2-a6e1-a6f51d01743a,2026-02-28 14:38:48,2026-02-28 14:38:48
"1,868",汕尾海丰华润电厂,"POLYGON((115.04159391666667 22.749589833333335,115.04376652777778 22.740944527777778,115.04750819444445 22.744617916666666,115.04760208333333 22.749639305555558,115.04732044444444 22.75099975,115.04159391666667 22.749589833333335))",9497047d-4184-4b63-a5ed-ce910b6d6a32,POINT(115.04490623627188 22.74668485875306),0dadff92-c9e8-4adf-9a30-16c421fc3cff,2026-02-28 14:38:48,2026-02-28 14:38:48
"1,869",汕尾红海湾电厂,"POLYGON((115.55286488888889 22.719661749999997,115.56809983333333 22.711497027777778,115.56450566666666 22.705756694444442,115.54897566666666 22.714515583333334,115.55286488888889 22.719661749999997))",94befe62-a6f0-448a-8e9e-b362bd76d8e8,POINT(115.55867496321468 22.7128021161284),0dadff92-c9e8-4adf-9a30-16c421fc3cff,2026-02-28 14:38:48,2026-02-28 14:38:48
"1,870",广东陆丰甲湖湾电厂,"POLYGON((115.99273352777777 22.83114847222222,115.98720816666666 22.82621661111111,115.99022566666667 22.823348888888887,115.99593741666666 22.828477361111112,115.99273352777777 22.83114847222222))",f63e1186-0fb8-4054-97f5-2f3195adcc14,POINT(115.99153305530278 22.82728724860732),0dadff92-c9e8-4adf-9a30-16c421fc3cff,2026-02-28 14:38:48,2026-02-28 14:38:48
"1,871",泉州沙格码头,"POLYGON((118.95651938888889 25.208745694444445,118.9683625 25.204393638888888,118.97108494444444 25.21063047222222,118.96158991666667 25.213615305555553,118.95932766666667 25.211908944444442,118.95698744444445 25.210125305555554,118.95651938888889 25.208745694444445))",d35ee094-3a38-46d2-bb60-39f8f669393e,POINT(118.96419209516891 25.209257016025926),5eb2e880-eb5c-4885-b56d-4576a2507985,2026-02-28 14:38:48,2026-02-28 14:38:48
"1,872",莆田八方港,"POLYGON((119.06404908333333 25.10727375,119.07134469444443 25.102926166666666,119.06729455555555 25.097048166666667,119.06002575 25.101687444444448,119.06404908333333 25.10727375))",21a212a3-6317-46b1-baef-13d2443a7ae0,POINT(119.06569551672878 25.102211678532367),0573f77e-c046-4845-bd7a-8e6299f70e5d,2026-02-28 14:38:48,2026-02-28 14:38:48
"1,873",国投湄洲湾电厂,"POLYGON((119.00613397222222 25.151397694444444,119.02657347222222 25.153391694444444,119.02981894444444 25.136006944444443,119.00823863888888 25.1332365,119.00613397222222 25.151397694444444))",4ed98222-d818-4320-94fb-a8de73432b9b,POINT(119.01764170146268 25.14341393067076),0573f77e-c046-4845-bd7a-8e6299f70e5d,2026-02-28 14:38:48,2026-02-28 14:38:48
"1,874",烟台西港,"POLYGON((121.12559063888888 37.72977133333333,121.12612708333333 37.71012480555556,121.06074508333333 37.70975794444445,121.06080947222222 37.71451097222222,121.06809433333333 37.72965913888889,121.12559063888888 37.72977133333333))",1ce4b0cd-817d-4d04-8e88-45ad715b02ea,POINT(121.09460995078231 37.71959517862209),42edba99-e8ed-4369-b369-0e7729a7d323,2026-02-28 14:38:48,2026-02-28 14:38:48
"1,875",珠海电厂,"POLYGON((113.18364627777778 21.963284388888887,113.18744161111111 21.956856138888888,113.18408916666667 21.955049305555555,113.18021377777778 21.96175236111111,113.18364627777778 21.963284388888887))",2044be79-6536-4345-8cc2-64a4e4b1f93b,POINT(113.18384308890417 21.95922029662293),184b10f7-5a18-4abc-b128-569fbe294997,2026-02-28 14:38:49,2026-02-28 14:38:49
"1,876",曹妃甸通用码头,"POLYGON((118.47049691666666 38.99470055555555,118.47005791666668 38.97217055555556,118.46538183333334 38.97217941666667,118.46558847222222 38.99470055555555,118.47049691666666 38.99470055555555))",efbc00af-f60b-4b4b-bca9-07ffcd4007e1,POINT(118.46788274926806 38.98352873563379),3b6f833a-28fd-48d0-9515-b33f65b66959,2026-02-28 14:38:49,2026-02-28 14:38:49
"1,877",首钢京唐码头,"POLYGON((118.46949094444444 38.97172452777778,118.47768530555555 38.96159544444445,118.47273302777778 38.95921113888889,118.4649546388889 38.96968041666667,118.46949094444444 38.97172452777778))",8bb21c31-c5cb-4d57-b069-c0f613a7c6a0,POINT(118.47128188098681 38.96546066499746),3b6f833a-28fd-48d0-9515-b33f65b66959,2026-02-28 14:38:49,2026-02-28 14:38:49
"1,878",首钢码头,"POLYGON((118.47776872222222 38.961479555555556,118.4910551388889 38.94573561111111,118.48562891666667 38.94287144444444,118.47276638888889 38.95908108333334,118.47776872222222 38.961479555555556))",2126e39a-0061-4733-927e-7daf9b9cabb1,POINT(118.48191898869143 38.95214400879404),3b6f833a-28fd-48d0-9515-b33f65b66959,2026-02-28 14:38:49,2026-02-28 14:38:49
"1,879", 南通王子码头,"POLYGON((120.94077269444445 31.825951361111112,120.9434213888889 31.81971822222222,120.939559 31.818561583333334,120.93700419444446 31.825051166666665,120.94077269444445 31.825951361111112))",77bbcb67-0831-4a6f-a4bb-fd88eaf2a906,POINT(120.94018908754155 31.82229290356601),0b7f167e-04ea-4658-8b4d-0321dcabbeff,2026-02-28 14:38:49,2026-02-28 14:38:49
"1,880",南通易得港码头,"POLYGON((120.94235397222222 31.815540805555557,120.94525075 31.817141944444444,120.95073783333333 31.811372916666667,120.94766669444445 31.809389916666667,120.94235397222222 31.815540805555557))",a0e8429e-4b07-4590-8527-3b67eaa8e4bb,POINT(120.9465456415922 31.813300810399404),0b7f167e-04ea-4658-8b4d-0321dcabbeff,2026-02-28 14:38:49,2026-02-28 14:38:49
"1,881",南通通常码头,"POLYGON((120.94799672222223 31.809031444444447,120.95060516666668 31.810627,120.95581380555556 31.80538277777778,120.95291030555556 31.80347941666667,120.94799672222223 31.809031444444447))",cb43b405-bddf-4d62-bb5f-b928a048614a,POINT(120.95188427898255 31.80706839781167),0b7f167e-04ea-4658-8b4d-0321dcabbeff,2026-02-28 14:38:49,2026-02-28 14:38:49
"1,882",天津南港通用码头,"POLYGON((117.58458047222221 38.76423033333333,117.5829175 38.7600265,117.59683816666666 38.757244722222225,117.6049116111111 38.756784583333335,117.60485797222222 38.76184611111111,117.58458047222221 38.76423033333333))",8a4836fa-55a5-4ca5-8582-36e81c84d122,POINT(117.59457045479368 38.76046170891625),975e3c8d-c089-4058-b7ad-24fc69898e3d,2026-02-28 14:38:49,2026-02-28 14:38:49
"1,883",天津临港,"POLYGON((117.72561530555556 38.961851833333334,117.72411325 38.96012077777778,117.73728291666667 38.95375927777778,117.73905316666666 38.95609536111112,117.72561530555556 38.961851833333334))",ff0b0b76-03e1-4148-817f-edb55f41a4ab,POINT(117.73180464483582 38.95782264211541),975e3c8d-c089-4058-b7ad-24fc69898e3d,2026-02-28 14:38:49,2026-02-28 14:38:49
"1,884",孚宝渤海—临港工业,"POLYGON((117.75724069444445 38.95133402777778,117.75560455555555 38.947944361111105,117.73789713888888 38.95317525,117.73949572222223 38.956260138888894,117.75724069444445 38.95133402777778))",5ca810d1-6446-47ed-bc64-ee2d6579fb6d,POINT(117.74768471744595 38.95214083218489),975e3c8d-c089-4058-b7ad-24fc69898e3d,2026-02-28 14:38:49,2026-02-28 14:38:49
"1,885",天津临港码头,"POLYGON((117.75760744444445 38.95135502777778,117.75583486111111 38.94802405555555,117.76913861111112 38.94445691666667,117.76220030555555 38.928697166666666,117.77794486111111 38.924169166666665,117.78132444444444 38.93109666666666,117.77011280555556 38.93439327777777,117.77590011111111 38.94643213888889,117.75760744444445 38.95135502777778))",5e248b85-108e-4472-b24f-5245b7b2491a,POINT(117.76965075164368 38.93676979744158),975e3c8d-c089-4058-b7ad-24fc69898e3d,2026-02-28 14:38:49,2026-02-28 14:38:49
"1,886",中粮佳悦（天津）有限公司码头,"POLYGON((117.78425583333333 38.943810166666665,117.78141269444444 38.937781027777774,117.80469425 38.93110455555556,117.8078056111111 38.93769755555555,117.78425583333333 38.943810166666665))",a7c44eda-f7bb-48dd-a6e8-83d051193290,POINT(117.79471662311988 38.93755071530259),975e3c8d-c089-4058-b7ad-24fc69898e3d,2026-02-28 14:38:49,2026-02-28 14:38:49
"1,887",天津远航国际矿石码头,"POLYGON((117.84516705555555 38.957753805555555,117.84318219444444 38.950057111111114,117.86303055555555 38.94671952777777,117.86517633333332 38.95493802777778,117.84516705555555 38.957753805555555))",41b0e7d4-0eee-4978-ad47-327b15b9be52,POINT(117.85424893569255 38.95235099924124),975e3c8d-c089-4058-b7ad-24fc69898e3d,2026-02-28 14:38:49,2026-02-28 14:38:49
"1,888",天津五公司,"POLYGON((117.75861847222222 38.98348788888889,117.75826980555556 38.97738913888889,117.7668528611111 38.97533525,117.76620913888888 38.981673972222225,117.75861847222222 38.98348788888889))",576b4255-d465-44b5-8ad2-b339e239a76a,POINT(117.76248936694051 38.97940790248657),975e3c8d-c089-4058-b7ad-24fc69898e3d,2026-02-28 14:38:49,2026-02-28 14:38:49
"1,889",天津四公司,"POLYGON((117.75410430555556 38.98461077777778,117.75842305555555 38.98357741666667,117.75806097222222 38.97742652777778,117.75355311111112 38.97859344444445,117.75410430555556 38.98461077777778))",c4816701-86d5-4508-8cc1-4c5769f3e760,POINT(117.75603880330951 38.981028306577166),975e3c8d-c089-4058-b7ad-24fc69898e3d,2026-02-28 14:38:49,2026-02-28 14:38:49
"1,890",天津二公司件杂货码头,"POLYGON((117.74362661111111 38.98744358333333,117.7439945 38.98809719444444,117.74832919444445 38.9866375,117.7467145 38.98255377777778,117.74864569444445 38.981917861111114,117.750255 38.986077305555554,117.75427552777778 38.98468691666667,117.75376072222222 38.98385536111111,117.75103830555555 38.984632,117.74942016666667 38.980297444444446,117.74451966666666 38.982005138888894,117.74644963888889 38.986495,117.74362661111111 38.98744358333333))",29fe5c8b-ca26-4b01-a5c1-28ce993eec0d,POINT(117.7481700219353 38.98399316070776),975e3c8d-c089-4058-b7ad-24fc69898e3d,2026-02-28 14:38:49,2026-02-28 14:38:49
"1,891",天津北疆一公司杂货码头,"POLYGON((117.73033761111111 38.98864730555556,117.74188452777778 38.98460269444445,117.7434133888889 38.98725047222222,117.74525069444445 38.986583333333336,117.74302447222222 38.98239263888889,117.72935861111111 38.98709411111111,117.73033761111111 38.98864730555556))",470e1bf8-3b0d-489a-82e3-78d8fd37fa20,POINT(117.73794023390151 38.985539291382295),975e3c8d-c089-4058-b7ad-24fc69898e3d,2026-02-28 14:38:49,2026-02-28 14:38:49
"1,892",修理码头,"POLYGON((117.73313005555556 38.98287397222222,117.73133966666667 38.979798583333334,117.72301908333334 38.98265830555556,117.72381033333333 38.983846722222225,117.71588441666667 38.98676558333334,117.71706505555555 38.988783833333336,117.73313005555556 38.98287397222222))",526a5838-4ef2-4a61-8740-ba75032a15b0,POINT(117.7251590078775 38.984151827264775),975e3c8d-c089-4058-b7ad-24fc69898e3d,2026-02-28 14:38:49,2026-02-28 14:38:49
"1,893",海港码头（嘉良）,"POLYGON((117.755124 38.975897,117.75380972222223 38.973644972222225,117.7378258611111 38.97873641666667,117.73922061111111 38.980967444444445,117.755124 38.975897))",1018855c-c204-4e6c-b3b6-4a126b79f73d,POINT(117.7464921868632 38.9773112788419),975e3c8d-c089-4058-b7ad-24fc69898e3d,2026-02-28 14:38:49,2026-02-28 14:38:49
"1,894",天津南疆石油化工码头,"POLYGON((117.768218 38.973103055555555,117.76727922222221 38.96935991666667,117.75704661111111 38.97112202777778,117.75353291666667 38.972779833333334,117.75528975 38.97568872222222,117.768218 38.973103055555555))",1917da98-435d-42da-b760-f81e6412fe1f,POINT(117.76107148333553 38.97250796886912),975e3c8d-c089-4058-b7ad-24fc69898e3d,2026-02-28 14:38:49,2026-02-28 14:38:49
"1,895",焦炭码头,"POLYGON((117.76738358333333 38.96924466666667,117.77258708333333 38.96833752777778,117.77364655555556 38.97228925,117.76851011111111 38.973112944444445,117.76738358333333 38.96924466666667))",c04cc2e9-5336-4716-a6ed-7a96f8c60d54,POINT(117.77053791415511 38.97073938310919),975e3c8d-c089-4058-b7ad-24fc69898e3d,2026-02-28 14:38:49,2026-02-28 14:38:49
"1,896",华能煤码头,"POLYGON((117.7739506111111 38.97225738888889,117.77281066666667 38.96804497222222,117.78826019444445 38.965271333333334,117.78965494444444 38.96983841666667,117.7739506111111 38.97225738888889))",925a018b-fa36-4888-bc13-60db4328543f,POINT(117.78128213436034 38.96883776758177),975e3c8d-c089-4058-b7ad-24fc69898e3d,2026-02-28 14:38:49,2026-02-28 14:38:49
"1,897",天津南疆远航矿石码头,"POLYGON((117.79821774999999 38.96347055555556,117.78852158333333 38.96523283333334,117.78987519444445 38.969807555555555,117.79959819444444 38.96828522222222,117.79821774999999 38.96347055555556))",65e13572-1b1a-4693-b73e-7ad6b3becf05,POINT(117.79409285817546 38.96669059649027),975e3c8d-c089-4058-b7ad-24fc69898e3d,2026-02-28 14:38:49,2026-02-28 14:38:49
"1,898",天津港汇盛码头,"POLYGON((117.76234816666667 39.05090441666666,117.77524958333333 39.04670711111111,117.77378777777777 39.04370738888889,117.76049744444444 39.04804027777777,117.76234816666667 39.05090441666666))",7c7f8257-b851-4ce4-9575-5322628334d9,POINT(117.76796940353927 39.047331549955004),975e3c8d-c089-4058-b7ad-24fc69898e3d,2026-02-28 14:38:49,2026-02-28 14:38:49
"1,899",天津港环球滚装码头,"POLYGON((117.75608652777778 39.02411511111111,117.76957805555556 39.01982244444444,117.77150925 39.02353163888889,117.75809819444444 39.02750113888889,117.75608652777778 39.02411511111111))",bc1e1a84-488b-4042-870b-935e9f325dda,POINT(117.76389584817902 39.02371296159123),975e3c8d-c089-4058-b7ad-24fc69898e3d,2026-02-28 14:38:49,2026-02-28 14:38:49
"1,900",天津港联盟国际集装箱码头,"POLYGON((117.76819002777778 39.018518944444445,117.77843316666666 38.98671063888889,117.78562147222222 38.98788233333333,117.77540516666667 39.01988388888889,117.76819002777778 39.018518944444445))",de866d15-efdf-4a39-8f01-5be7e9387ae1,POINT(117.77690586598185 39.00328057200778),975e3c8d-c089-4058-b7ad-24fc69898e3d,2026-02-28 14:38:49,2026-02-28 14:38:49
"1,901",丹东大港码头,"POLYGON((124.16020541666667 39.850150694444444,124.15346530555556 39.83384763888889,124.15166958333334 39.82090466666667,124.16198291666667 39.809847749999996,124.18572427777778 39.83500175,124.18744088888889 39.84628769444445,124.16020541666667 39.850150694444444))",28b90bad-907e-467a-85d4-2aebabe77bca,POINT(124.16780488068166 39.832878719877485),394578e4-662c-4990-ac8a-77e110819488,2026-02-28 14:38:49,2026-02-28 14:38:49
"1,902",大连汽车码头,"POLYGON((121.84403647222221 39.037622166666665,121.84103238888889 39.028121416666664,121.84451927777778 39.027308777777776,121.84768427777777 39.03698675,121.84403647222221 39.037622166666665))",62030a7d-ddd9-432f-aeba-f73889e1067f,POINT(121.84433124039558 39.032530388489015),d4a88f43-1504-4c1a-abd9-5c1548ceb8d8,2026-02-28 14:38:49,2026-02-28 14:38:49
"1,903",大连集装箱码头,"POLYGON((121.8980825 39.00350291666667,121.89222186111112 38.9960405,121.87900780555555 39.00300486111111,121.87507836111111 39.00086833333334,121.86927888888889 39.003925305555555,121.87362405555555 39.008781694444444,121.85984427777777 39.016099277777776,121.8539396111111 39.02139872222222,121.85215594444443 39.02111738888889,121.84514130555556 39.027483777777775,121.84835394444444 39.02950852777778,121.89928066666667 39.005078583333336,121.8980825 39.00350291666667))",ad342ccb-aede-42ce-88c5-6bdeef31efe0,POINT(121.87497539799064 39.01136068941606),d4a88f43-1504-4c1a-abd9-5c1548ceb8d8,2026-02-28 14:38:49,2026-02-28 14:38:49
"1,904",大连港油码头,"POLYGON((121.89265888888889 38.990844361111115,121.89107638888889 38.98892638888889,121.89225655555556 38.98694580555556,121.8933026388889 38.98682069444445,121.89314169444445 38.98027394444445,121.89308805555557 38.97399766666667,121.8952606388889 38.97164133333334,121.89534111111112 38.969368305555555,121.90473552777779 38.95959644444445,121.91940722222223 38.97031591666667,121.91604775 38.97268397222222,121.91545766666667 38.99090691666667,121.89265888888889 38.990844361111115))",a26c5d8f-d222-43db-9158-225c29f0fd35,POINT(121.90493245634201 38.97757393292235),d4a88f43-1504-4c1a-abd9-5c1548ceb8d8,2026-02-28 14:38:49,2026-02-28 14:38:49
"1,905",大连福佳大化石化,"POLYGON((121.85680155555555 38.944717999999995,121.85748552777777 38.94457197222222,121.85857852777777 38.94271008333333,121.86186866666667 38.943527027777776,121.86366575 38.94475783333333,121.8667771111111 38.94129483333333,121.86027275 38.938687055555555,121.85555208333332 38.94004311111111,121.85449261111111 38.94178508333333,121.85404691666666 38.94249269444444,121.856186 38.943003805555556,121.85680155555555 38.944717999999995))",cbae9e8a-c884-47b4-a7a6-e7e66da16732,POINT(121.86032463285687 38.94160784852519),d4a88f43-1504-4c1a-abd9-5c1548ceb8d8,2026-02-28 14:38:49,2026-02-28 14:38:49
"1,906",逸盛大化码头,"POLYGON((121.84542241666666 38.95102930555556,121.84927138888888 38.94986744444444,121.84785652777778 38.94752594444444,121.85643558333332 38.94485788888888,121.85593266666666 38.94351755555555,121.85202066666666 38.94445838888888,121.84307366666667 38.94709913888889,121.84542241666666 38.95102930555556))",eb0386e3-3dfc-40f4-81bf-11d12fa40e09,POINT(121.84868364302251 38.94710376291298),d4a88f43-1504-4c1a-abd9-5c1548ceb8d8,2026-02-28 14:38:49,2026-02-28 14:38:49
"1,907",大连国际谷物，油料和食品物流工业园区东,"POLYGON((121.81646869444444 38.96778966666667,121.81147980555555 38.96378555555556,121.81634799999999 38.96002108333334,121.82172583333333 38.964859611111116,121.81646869444444 38.96778966666667))",307e5c1d-5d4b-4456-ae61-10f15b7b928e,POINT(121.81653593697715 38.96405102395309),d4a88f43-1504-4c1a-abd9-5c1548ceb8d8,2026-02-28 14:38:49,2026-02-28 14:38:49
"1,908",大船重工修理码头,"POLYGON((121.30717105555556 39.49388480555556,121.3237133611111 39.502247805555555,121.3190195 39.507628527777776,121.37230791666666 39.53037425,121.40942969444446 39.515808694444445,121.40176344444446 39.48882125,121.35911144444444 39.50380638888889,121.31055402777777 39.47859391666667,121.3013333611111 39.492080666666666,121.30178516666666 39.494100083333336,121.30717105555556 39.49388480555556))",89603c6e-b926-4ab1-aa63-b48ea9834222,POINT(121.36071620697965 39.50642818066444),d4a88f43-1504-4c1a-abd9-5c1548ceb8d8,2026-02-28 14:38:49,2026-02-28 14:38:49
"1,909",航兴岛杂货码头,"POLYGON((121.27168883333333 39.500355666666664,121.27184575 39.515109555555554,121.28442530555556 39.51505780555556,121.28477952777777 39.5002155,121.27168883333333 39.500355666666664))",bc0adda1-e63c-45f8-8f65-6d08b71451d5,POINT(121.2781912959751 39.507635531149006),d4a88f43-1504-4c1a-abd9-5c1548ceb8d8,2026-02-28 14:38:49,2026-02-28 14:38:49
"1,910",太平湾杂货码头,"POLYGON((121.80392327777777 40.02667811111111,121.84565844444444 39.999725777777776,121.78772272222223 39.95845494444445,121.74909891666667 39.98953369444445,121.80392327777777 40.02667811111111))",42d3c010-5461-46d1-a31b-44f84c95dcc2,POINT(121.79670594086977 39.99329272511988),d4a88f43-1504-4c1a-abd9-5c1548ceb8d8,2026-02-28 14:38:49,2026-02-28 14:38:49
"1,911",鲅鱼圈仙人岛,"POLYGON((121.9566261388889 40.20007972222223,121.98194619444445 40.20012069444445,121.98210711111112 40.20987158333334,121.99176308333334 40.20987158333334,121.99181672222223 40.199383166666664,122.02421780555555 40.20032555555556,122.02384230555556 40.20692188888889,122.03553672222222 40.21466458333334,122.01139683333334 40.23624936111111,121.96323422222223 40.235962694444446,121.94596080555556 40.21699952777778,121.9566261388889 40.20007972222223))",fdbd0e49-a51a-47b4-abc8-fe2755b141ce,POINT(121.98926748387598 40.2177147234606),4a2bbf9b-a001-406b-aeb9-b957f6803e28,2026-02-28 14:38:49,2026-02-28 14:38:49
"1,912",营口港区码头,"POLYGON((122.08729219444444 40.28007794444444,122.09535119444443 40.28009930555555,122.09547316666666 40.26289202777778,122.08731208333333 40.26290430555556,122.08729219444444 40.28007794444444))",f47767a3-3d62-421b-a54f-c25ed4a1ee1f,POINT(122.09135855876828 40.27147538938027),4a2bbf9b-a001-406b-aeb9-b957f6803e28,2026-02-28 14:38:49,2026-02-28 14:38:49
"1,913",鲅鱼圈货码头,"POLYGON((122.08207788888889 40.29146791666666,122.09258141666666 40.295060416666665,122.09837499999999 40.28534222222222,122.10081580555556 40.28481025,122.09936741666667 40.28170011111111,122.09459308333332 40.280243194444445,122.08907847222221 40.280337333333335,122.08207788888889 40.29146791666666))",6820595b-f88e-4b14-9e2c-63c53e6a4cff,POINT(122.0913776763074 40.28704007808915),4a2bbf9b-a001-406b-aeb9-b957f6803e28,2026-02-28 14:38:49,2026-02-28 14:38:49
"1,914",鲅鱼圈钢产品码头,"POLYGON((122.081148 40.26268997222222,122.08133575 40.24606819444445,122.09568558333333 40.246088666666665,122.09563191666666 40.26279230555556,122.081148 40.26268997222222))",004a606c-3f86-4bd7-9e04-78740832e5a7,POINT(122.0884560794885 40.25442278061595),4a2bbf9b-a001-406b-aeb9-b957f6803e28,2026-02-28 14:38:49,2026-02-28 14:38:49
"1,915",盘锦荣兴港西港池,"POLYGON((121.98847941666666 40.74353127777778,122.00467994444445 40.73458925,121.97758963888889 40.704828000000006,121.99561408333334 40.69502663888888,121.97914530555556 40.67635533333333,121.96887683333334 40.68457791666666,121.96169475 40.71331286111111,121.98847941666666 40.74353127777778))",2800d965-d88e-4691-b5cb-8ef99212b72e,POINT(121.9804018725784 40.71066828230284),b8d69c3b-1736-4174-b293-191f884e5326,2026-02-28 14:38:49,2026-02-28 14:38:49
"1,916",葫芦岛码头,"POLYGON((120.98471783333333 40.751899361111114,120.98171377777778 40.74206430555556,120.98137736111111 40.728189666666665,120.99365641666667 40.708879333333336,121.00857530555555 40.70579686111111,121.01941141666667 40.709212722222226,121.04138408333333 40.70779758333334,121.04170594444444 40.75202613888889,120.98471783333333 40.751899361111114))",87230aad-8aa3-46b3-a8e7-70ec4a351b33,POINT(121.01296423951425 40.73060463126365),b3e6a0d4-8d43-4a6f-ac85-ff405570a039,2026-02-28 14:38:49,2026-02-28 14:38:49
"1,917",葫芦岛大港,"POLYGON((120.96620519444444 40.70842666666667,120.95826852777778 40.70379280555556,120.97057719444445 40.69160983333333,120.97835558333334 40.69651094444444,120.96620519444444 40.70842666666667))",f248500f-1b2a-449f-bda8-97a0d1be66dd,POINT(120.96834847506824 40.70006871507165),b3e6a0d4-8d43-4a6f-ac85-ff405570a039,2026-02-28 14:38:49,2026-02-28 14:38:49
"1,918",华电莱州电厂,"POLYGON((120.01065508333333 37.44366880555555,120.02013669444445 37.44359425,120.02194716666666 37.437524805555555,120.01254602777777 37.437471555555554,120.01065508333333 37.44366880555555))",9fa9dc90-2f15-4149-9935-05a1b99d8568,POINT(120.0163041695251 37.44056714210884),184415be-299d-4f46-9811-d32a1f2e3866,2026-02-28 14:38:50,2026-02-28 14:38:50
"1,919",绿华山码头,"POLYGON((122.62413302777777 30.80866277777778,122.62338199999999 30.805379944444446,122.63018138888889 30.804205,122.63112016666666 30.807603055555557,122.62413302777777 30.80866277777778))",d6759ac8-77e5-43bc-8c2e-e3bc1049fa73,POINT(122.6272297630876 30.806464947135467),16ab367d-327c-4098-9862-b274b4998cf2,2026-02-28 14:38:50,2026-02-28 14:38:50
"2,020",南京西坝电厂4号码头,"POLYGON((118.80454502777778 32.237181722222225,118.81264902777778 32.238043833333336,118.813193 32.235493472222224,118.80495325 32.23470694444445,118.80454502777778 32.237181722222225))",ab94c37a-4985-4aab-b0d0-b88fb645606b,POINT(118.80885939801668 32.23635583520166),b2803b63-2aae-4cee-8c6c-2a873260085b,2026-03-26 16:15:31,2026-03-26 16:15:31
"1,921",大唐吕四电厂,"POLYGON((121.74862416666667 32.090152805555554,121.74603583333334 32.087312250000004,121.753774 32.08259675,121.75650986111111 32.08558513888889,121.74862416666667 32.090152805555554))",98175a0b-a1a1-4574-a303-099151960eee,POINT(121.75127029124333 32.086391729286966),f926321d-7524-4731-9f52-8538fa2c8f5a,2026-02-28 14:38:50,2026-02-28 14:38:50
"1,922",大丰通用码头,"POLYGON((120.81290297222222 33.233258472222225,120.81730180555556 33.22428391666667,120.86627891666666 33.23927088888889,120.86208136111111 33.248272944444444,120.81290297222222 33.233258472222225))",97c815d5-0d91-49f1-8406-42caf578da29,POINT(120.83962639251139 33.23627028269376),a2405236-c6ad-4306-b914-864a1a1e4a1e,2026-02-28 14:38:50,2026-02-28 14:38:50
"1,923",大丰港码头二期,"POLYGON((120.81762366666666 33.22361077777778,120.82148602777778 33.214365944444445,120.87170877777777 33.228923361111114,120.86763180555555 33.238065694444444,120.81762366666666 33.22361077777778))",d9565b30-1d14-43f9-8848-b8a2deb01e83,POINT(120.84459778328015 33.226233207092356),a2405236-c6ad-4306-b914-864a1a1e4a1e,2026-02-28 14:38:50,2026-02-28 14:38:50
"1,924",华能煤码头,"POLYGON((118.43682125000001 38.94970602777777,118.453923 38.94194838888889,118.4506298888889 38.93773133333333,118.43354897222223 38.94595122222222,118.43682125000001 38.94970602777777))",80918c43-b397-494b-82dc-c8891a5e9265,POINT(118.44384839489813 38.9437722731969),3b6f833a-28fd-48d0-9515-b33f65b66959,2026-02-28 14:38:50,2026-02-28 14:38:50
"1,925",弘毅码头,"POLYGON((118.4537086388889 39.01207266666667,118.45373294444445 38.99175555555556,118.4582735 38.991762972222226,118.45812891666667 39.01216019444445,118.4537086388889 39.01207266666667))",0e57db01-6778-4923-822d-7d09d821c26e,POINT(118.45596268099577 39.00189244980339),3b6f833a-28fd-48d0-9515-b33f65b66959,2026-02-28 14:38:50,2026-02-28 14:38:50
"1,926",华电煤码头,"POLYGON((118.45373141666667 38.99172055555556,118.45371472222223 38.978593361111116,118.45843991666666 38.97856080555556,118.45826425 38.991697083333335,118.45373141666667 38.99172055555556))",f3e227ab-07e7-4535-82fb-69171035e544,POINT(118.4560380842165 38.98509748662891),3b6f833a-28fd-48d0-9515-b33f65b66959,2026-02-28 14:38:50,2026-02-28 14:38:50
"1,927",秦港码头,"POLYGON((118.45373044444445 38.97852452777778,118.45378136111111 38.96558925,118.45851544444444 38.96551625,118.45845208333334 38.97848744444445,118.45373044444445 38.97852452777778))",dcdc892a-b697-4614-ad6f-275859fd340d,POINT(118.4561209338059 38.97202655017719),3b6f833a-28fd-48d0-9515-b33f65b66959,2026-02-28 14:38:50,2026-02-28 14:38:50
"1,928",国投煤码头,"POLYGON((118.45379572222222 38.96550611111111,118.4540081388889 38.95220863888889,118.45077608333334 38.94843311111111,118.46534236111111 38.94183405555555,118.46815869444444 38.94538047222222,118.4586905 38.95024088888889,118.45879588888889 38.95182483333333,118.45850972222223 38.96542788888889,118.45379572222222 38.96550611111111))",d3209256-c0d5-4858-9fab-d149fa5ffb01,POINT(118.4579940971848 38.95240494157192),3b6f833a-28fd-48d0-9515-b33f65b66959,2026-02-28 14:38:50,2026-02-28 14:38:50
"1,929",曹妃甸矿石码头,"POLYGON((118.48547486111111 38.941815388888884,118.48732558333333 38.94012033333333,118.48198244444444 38.93658208333333,118.48424888888889 38.93458961111111,118.4783173888889 38.92983505555555,118.46930516666667 38.93213019444444,118.48547486111111 38.941815388888884))",7eb2e0fd-c40b-43f7-a7c2-a31c1e6ad9d1,POINT(118.4788401630686 38.93490491914946),3b6f833a-28fd-48d0-9515-b33f65b66959,2026-02-28 14:38:50,2026-02-28 14:38:50
"1,930",曹妃甸实业码头,"POLYGON((118.48619666666667 38.92169175,118.50043919444444 38.91730938888889,118.51698841666666 38.91703808333333,118.51679861111111 38.91051247222222,118.49845230555556 38.910846416666665,118.48276344444444 38.915827666666665,118.48619666666667 38.92169175))",c8be9295-5cb5-4b84-92e5-f84713d1dcdd,POINT(118.5003896132313 38.915065232041805),3b6f833a-28fd-48d0-9515-b33f65b66959,2026-02-28 14:38:50,2026-02-28 14:38:50
"1,931",锦州港码头,"POLYGON((121.05392375 40.80825105555555,121.06014647222221 40.79862736111111,121.05223394444444 40.79550038888889,121.04908244444444 40.79574430555555,121.04637341666667 40.80033319444444,121.04180086111111 40.80837555555555,121.03380786111111 40.80841613888889,121.03391516666666 40.80096502777778,121.04366316666666 40.784036694444445,121.053736 40.78729641666666,121.07965969444444 40.79568322222222,121.07357108333333 40.802992805555554,121.06953619444444 40.801545499999996,121.06178277777778 40.81205761111111,121.05361544444445 40.80883988888888,121.05392375 40.80825105555555))",efc38829-24dc-4c59-8147-fd1e9c69eeb5,POINT(121.05437560342456 40.79764669878865),5822d216-020d-47d4-b888-bc59955cb415,2026-02-28 14:38:50,2026-02-28 14:38:50
"1,932",防城码头,"POLYGON((108.35896858333332 21.575394222222222,108.3503433611111 21.54887941666667,108.35307922222222 21.548133194444446,108.36147555555554 21.574913083333332,108.35896858333332 21.575394222222222))",cca6297f-fa57-4947-8c22-48c0b60eaec6,POINT(108.35588936283368 21.561582467755848),5efdf805-d831-4b35-84c7-16ce9aecde2c,2026-02-28 14:38:50,2026-02-28 14:38:50
"1,933",防城干散货码头,"POLYGON((108.33646544444444 21.56460022222222,108.33494963888889 21.578496,108.33353655555555 21.584464305555553,108.32896583333333 21.596830583333332,108.32695149999999 21.59621086111111,108.3313223611111 21.583785916666667,108.33287283333333 21.577924027777776,108.33415633333333 21.56444388888889,108.33646544444444 21.56460022222222))",51d8e59c-81cf-4d2b-bcdd-825fe2ef6bf3,POINT(108.33260730234755 21.58064909012174),5efdf805-d831-4b35-84c7-16ce9aecde2c,2026-02-28 14:38:50,2026-02-28 14:38:50
"1,934",广西电厂,"POLYGON((108.38762916666667 21.598903999999997,108.38375922222222 21.59325675,108.38037291666666 21.595145916666667,108.38425305555556 21.600681055555558,108.38762916666667 21.598903999999997))",855f49d0-3cbe-4dc4-8f9b-0b7cc722053e,POINT(108.38400139291839 21.596986009945294),5efdf805-d831-4b35-84c7-16ce9aecde2c,2026-02-28 14:38:50,2026-02-28 14:38:50
"1,935",舟山浪西电厂,"POLYGON((122.19299033333334 30.116454222222224,122.19190672222223 30.111711777777778,122.20148219444445 30.11049363888889,122.20252691666667 30.115301111111112,122.19299033333334 30.116454222222224))",54cbc660-773c-498e-af9b-130dc17ae261,POINT(122.19723582968328 30.113486812331267),4083f670-b01b-4fd3-9c17-e010ffb412d8,2026-02-28 14:38:50,2026-02-28 14:38:50
"1,936",大榭万华煤码头,"POLYGON((121.94846605555556 29.94474625,121.95299227777778 29.947076194444445,121.94962611111112 29.951817249999998,121.94528091666668 29.95009747222222,121.94846605555556 29.94474625))",2d9b1e78-148e-4160-9645-0cf85e715c68,POINT(121.94908892753787 29.948378479254057),e86dff3d-0099-4f8f-8d65-e7bfe2567db2,2026-02-28 14:38:50,2026-02-28 14:38:50
"2,021",南京油运代理公司码头,"POLYGON((118.81288074999999 32.238218277777776,118.81343016666666 32.23561638888889,118.82086883333334 32.235991500000004,118.82148997222222 32.23856822222222,118.81288074999999 32.238218277777776))",0a804cea-7bec-45a0-80a3-54dcbbfdca29,POINT(118.8171476978367 32.23712919298702),b2803b63-2aae-4cee-8c6c-2a873260085b,2026-03-26 16:15:31,2026-03-26 16:15:31
"1,938",国家电投滨海电厂,"POLYGON((120.26493658333334 34.306980555555555,120.26803452777777 34.30439936111111,120.27744672222222 34.308048361111105,120.2757623888889 34.31092388888889,120.26493658333334 34.306980555555555))",f38d920f-9ba2-412d-8734-87274b552b43,POINT(120.27146539472889 34.30759571505471),585c21fa-277a-44c7-adcc-b9e6196b340c,2026-02-28 14:38:50,2026-02-28 14:38:50
"1,939",苍南电厂,"POLYGON((120.66726569444445 27.49881227777778,120.66111269444445 27.489994694444444,120.67519430555556 27.48297536111111,120.68106833333334 27.49139852777778,120.66726569444445 27.49881227777778))",fd75ee4f-7aab-45ab-8c31-75ca7ee13b55,POINT(120.6711068005003 27.490822687374113),f1feda11-e374-4caf-b4e2-2884423c7b51,2026-02-28 14:38:50,2026-02-28 14:38:50
"1,940",华能玉环电厂,"POLYGON((121.12040805555554 28.11982822222222,121.13242830555555 28.12142836111111,121.13386327777778 28.11376363888889,121.12196372222222 28.11218702777778,121.12040805555554 28.11982822222222))",15dcdba3-699b-4092-8de7-2676dc9a1cc1,POINT(121.12716551973516 28.11680845094161),88121609-71c6-4652-b18d-8046dd3b127c,2026-02-28 14:38:50,2026-02-28 14:38:50
"1,941",浙能乐清湾电厂,"POLYGON((121.10561952777778 28.171179416666668,121.10340702777778 28.16172086111111,121.11130613888888 28.160550333333333,121.1129553611111 28.170186333333334,121.10561952777778 28.171179416666668))",20f89fc3-daab-4610-965b-ce2a45e1224c,POINT(121.10831600944171 28.1658475091356),88121609-71c6-4652-b18d-8046dd3b127c,2026-02-28 14:38:50,2026-02-28 14:38:50
"1,942",扬子江港靖江新港作业区,"POLYGON((120.36490141666665 32.014565555555556,120.3752563611111 32.021257472222224,120.37725766666667 32.01943027777778,120.37092766666666 32.01493302777778,120.36474072222222 32.011182194444444,120.35961769444444 32.017550194444446,120.36101647222222 32.01832683333333,120.36490141666665 32.014565555555556))",776262e1-ace0-429b-874c-99f57c872c69,POINT(120.36853003500426 32.0161361428366),dc4b11ec-ea0a-4b72-a085-36841f3b32ed,2026-02-28 14:38:50,2026-02-28 14:38:50
"1,943",常熟电厂,"POLYGON((120.95707761111112 31.77408447222222,120.95721172222223 31.768201277777777,120.95951633333334 31.7682905,120.95970408333334 31.758073888888887,120.97209588888889 31.758142305555555,120.9722836388889 31.773991249999998,120.95707761111112 31.77408447222222))",d34fe7d0-5d8a-40b3-aba9-d17e02e91725,POINT(120.96538702867332 31.766437934258686),82d682d5-94d3-445b-8bf4-e1dd51267409,2026-02-28 14:38:50,2026-02-28 14:38:50
"1,944",漕泾发电厂,"POLYGON((121.40043858333334 30.754031444444443,121.40709047222222 30.758387833333334,121.42264727777778 30.742874555555556,121.41564669444445 30.737756694444446,121.40043858333334 30.754031444444443))",303bd0bd-4215-4624-a2cf-eb0fb4f8a0b8,POINT(121.41156659447238 30.74812889726011),8a7efcc9-c97c-484f-a5bc-4a6d908a58f7,2026-02-28 14:38:50,2026-02-28 14:38:50
"1,945",丹东大东沟港1号码头,"POLYGON((124.14726644444445 39.82517297222223,124.16180105555556 39.80969844444444,124.15836783333334 39.79918958333333,124.13967580555556 39.82162977777778,124.14726644444445 39.82517297222223))",ce7cf2f2-a1ce-4a9e-a14d-2b9a80961de7,POINT(124.1518684020825 39.813480184101685),394578e4-662c-4990-ac8a-77e110819488,2026-02-28 14:38:50,2026-02-28 14:38:50
"1,946",绥中粮食码头,"POLYGON((120.11424591666666 40.07449586111112,120.12749602777777 40.07794388888889,120.13058055555555 40.07170447222222,120.11714269444444 40.06827666666667,120.11424591666666 40.07449586111112))",4e45be23-f422-46d0-b51e-d5302819a7d2,POINT(120.12238015469413 40.07310186589274),ae8982df-bad3-4072-8f37-ee263ce5250a,2026-02-28 14:38:50,2026-02-28 14:38:50
"1,947",山海关船厂,"POLYGON((119.82949541666666 39.988298,119.83184233333333 39.988924777777775,119.83361258333333 39.988534333333334,119.83524874999999 39.988606250000004,119.83722016666667 39.98730127777778,119.83786388888889 39.98703413888889,119.83480755555556 39.982275055555554,119.83915272222222 39.98073361111111,119.83700697222221 39.97713680555556,119.83931366666665 39.97405366666667,119.83553175 39.97214202777778,119.83805302777778 39.968400861111114,119.82022705555555 39.961325,119.81293144444444 39.974440083333334,119.82291463888889 39.977841777777776,119.81916794444444 39.98499975,119.819463 39.98509222222222,119.82949541666666 39.988298))",021ef6de-ecab-4d36-b328-ba74041bd465,POINT(119.82726042859797 39.9753237904202),2caacfd1-3f68-4126-8a29-13ba79039552,2026-02-28 14:38:50,2026-02-28 14:38:50
"1,948",秦皇岛2公司,"POLYGON((119.64025802777779 39.92442397222222,119.64969697222223 39.92806558333333,119.64781941666668 39.93074972222222,119.6488788888889 39.93105825,119.65205975 39.92650147222222,119.64618572222223 39.92438283333333,119.64967258333334 39.91958994444444,119.64454958333334 39.91751222222222,119.64025802777779 39.92442397222222))",102c7aac-c59b-41ef-b023-02d422cef293,POINT(119.64597997690528 39.92337752778164),1d811671-a073-43d2-8556-b0d8b015dc5a,2026-02-28 14:38:50,2026-02-28 14:38:50
"1,949",秦皇岛9公司,"POLYGON((119.67495347222223 39.929149249999995,119.67857447222222 39.929128694444444,119.67935230555555 39.91209608333333,119.67543627777778 39.91203436111111,119.67495347222223 39.929149249999995))",ebf6d299-2c04-4b52-82fe-aefa3ee360ec,POINT(119.677081802203 39.920489576469116),1d811671-a073-43d2-8556-b0d8b015dc5a,2026-02-28 14:38:50,2026-02-28 14:38:50
"1,950",秦皇岛7公司,"POLYGON((119.67235377777779 39.93569330555555,119.67468394444445 39.933937361111106,119.6662886388889 39.927355694444444,119.66329797222222 39.929659361111106,119.67235377777779 39.93569330555555))",2afc5cde-6e5a-4f0d-befa-f7a9b2d738f3,POINT(119.66896825438045 39.93152453435433),1d811671-a073-43d2-8556-b0d8b015dc5a,2026-02-28 14:38:50,2026-02-28 14:38:50
"1,951",秦皇岛3公司,"POLYGON((119.67537277777778 39.930301638888885,119.66894888888889 39.922567666666666,119.66530108333333 39.924429249999996,119.67235530555556 39.93189563888889,119.67537277777778 39.930301638888885))",f3343a10-32ff-4da7-ac86-9ea62a4a9a22,POINT(119.67039287413517 39.927186361282274),1d811671-a073-43d2-8556-b0d8b015dc5a,2026-02-28 14:38:50,2026-02-28 14:38:50
"1,952",锦州港煤码头,"POLYGON((121.0136386111111 40.79337608333333,121.03399658333333 40.793213638888886,121.03388930555555 40.789233499999995,121.01328994444444 40.78939594444444,121.0136386111111 40.79337608333333))",5ef740f1-fb8d-43bd-b7ca-f4a416dc9c4c,POINT(121.02370256665452 40.79130089034939),5822d216-020d-47d4-b888-bc59955cb415,2026-02-28 14:38:50,2026-02-28 14:38:50
"1,953",盘锦荣兴港东港码头,"POLYGON((121.97518113888889 40.67022411111111,121.99631694444444 40.69495763888889,122.03708652777777 40.675513305555555,122.01600436111111 40.650121388888884,121.97518113888889 40.67022411111111))",48746fc4-231d-4c48-9a99-14c4b6ef40aa,POINT(122.00618953678774 40.67265247703675),b8d69c3b-1736-4174-b293-191f884e5326,2026-02-28 14:38:50,2026-02-28 14:38:50
"1,954",大连长兴岛恒力石化码头,"POLYGON((121.29373372222221 39.59486288888889,121.29314363888889 39.59035705555556,121.29523577777778 39.58779397222222,121.28611624999999 39.579608,121.27190055555556 39.57216538888889,121.2685746111111 39.57216538888889,121.26380027777778 39.57386072222223,121.25237405555555 39.5790705,121.25484169444445 39.58477602777778,121.28456058333333 39.596020305555555,121.29373372222221 39.59486288888889))",782811ff-2d5d-4fe5-8270-51b9f7903d42,POINT(121.27465414821442 39.58399014249822),d4a88f43-1504-4c1a-abd9-5c1548ceb8d8,2026-02-28 14:38:50,2026-02-28 14:38:50
"1,955",鲅鱼圈煤码头,"POLYGON((122.05728919444444 40.311504944444444,122.07356130555556 40.31750275,122.08275055555555 40.302423527777776,122.06581594444444 40.29653177777777,122.05728919444444 40.311504944444444))",8981f0ab-4162-4326-b7b3-56506e6c6c47,POINT(122.06990237436835 40.30696273182965),4a2bbf9b-a001-406b-aeb9-b957f6803e28,2026-02-28 14:38:50,2026-02-28 14:38:50
"1,956",鲅鱼圈铁矿石码头,"POLYGON((122.08458905555555 40.302740111111106,122.08979252777777 40.29447558333333,122.07579138888889 40.2892995,122.07042697222222 40.29797380555556,122.08458905555555 40.302740111111106))",af65c73b-be22-4635-a81b-b5ab0255b994,POINT(122.08009943337197 40.29609965654239),4a2bbf9b-a001-406b-aeb9-b957f6803e28,2026-02-28 14:38:51,2026-02-28 14:38:51
"1,957",鞍钢鲅鱼圈货运码头,"POLYGON((122.13941136111112 40.333756722222226,122.12779738888888 40.32713186111111,122.12302305555555 40.33242772222223,122.1347711388889 40.338500055555556,122.13941136111112 40.333756722222226))",ec595e00-f05c-4ccc-a93e-65975b99a691,POINT(122.13117894187604 40.332901317879895),4a2bbf9b-a001-406b-aeb9-b957f6803e28,2026-02-28 14:38:51,2026-02-28 14:38:51
"1,958",大连湾新港码头,"POLYGON((121.69683208333333 39.01902686111111,121.70509327777778 39.01700544444444,121.70125772222222 39.00798130555555,121.69299652777778 39.010023833333335,121.69683208333333 39.01902686111111))",5e827deb-ad53-4552-a2c4-8c8fbb4e91a6,POINT(121.69904604777177 39.01350826268247),d4a88f43-1504-4c1a-abd9-5c1548ceb8d8,2026-02-28 14:38:51,2026-02-28 14:38:51
"1,959",大连和尚岛码头,"POLYGON((121.73331166666667 39.03145333333333,121.75285627777778 39.006183694444445,121.76350466666666 39.01037297222222,121.74902941666667 39.02884886111111,121.73331166666667 39.03145333333333))",1d9d0435-e165-4bff-a7fb-71e5cb858da8,POINT(121.74935687903921 39.019165978166264),d4a88f43-1504-4c1a-abd9-5c1548ceb8d8,2026-02-28 14:38:51,2026-02-28 14:38:51
"1,960",大窑湾粮食散货码头,"POLYGON((121.89159191666667 38.99477352777778,121.89837791666667 39.00342419444444,121.90325952777778 39.00140233333333,121.89660766666667 38.992376166666666,121.89159191666667 38.99477352777778))",2263ccc1-a4be-4c64-b398-a6b9aa6194c5,POINT(121.897434807511 38.997942522476805),d4a88f43-1504-4c1a-abd9-5c1548ceb8d8,2026-02-28 14:38:51,2026-02-28 14:38:51
"1,961",蔚阳栾家口码头,"POLYGON((120.62665088888889 37.79377619444444,120.6371263888889 37.793825138888884,120.63696544444446 37.782569555555554,120.63161933333333 37.78254072222222,120.63167027777777 37.7810865,120.63147180555555 37.77976366666667,120.63071408333333 37.77882558333333,120.62597058333333 37.77969794444444,120.62367730555555 37.7810335,120.62594377777778 37.78358794444444,120.62665088888889 37.79377619444444))",a0220711-275b-4c6d-a90c-29f06ca5a93e,POINT(120.63109857237892 37.7869938518662),5fd9fd57-396a-4ae5-9ae8-1a6ba212f3d9,2026-02-28 14:38:51,2026-02-28 14:38:51
"1,962",修理码头,"POLYGON((120.63868766666667 37.79126925,120.64837044444445 37.79108908333333,120.64835702777779 37.77976947222222,120.64122508333334 37.77612377777778,120.62906091666666 37.77667180555555,120.63159561111111 37.77974577777778,120.63181688888888 37.78072094444445,120.63177666666667 37.78240097222222,120.63840272222222 37.782416194444444,120.63868766666667 37.79126925))",dca5f170-22be-4f36-aa84-a967fc5f5abe,POINT(120.64107333357595 37.78299222499154),5fd9fd57-396a-4ae5-9ae8-1a6ba212f3d9,2026-02-28 14:38:51,2026-02-28 14:38:51
"1,963",日照一公司煤码头,"POLYGON((119.56423216666667 35.37646297222222,119.57640938888889 35.365505472222225,119.57198375 35.36099952777778,119.55967241666666 35.37316058333333,119.56423216666667 35.37646297222222))",152292a6-ebdd-4c02-971d-e3a3b4b42535,POINT(119.56818707223823 35.368885434459045),bedfd077-e582-4f9e-b7c7-d05fd887830f,2026-02-28 14:38:51,2026-02-28 14:38:51
"1,964",日照一公司东,"POLYGON((119.55251338888888 35.37538113888889,119.55347897222222 35.37410175,119.55015302777778 35.36939944444445,119.54629597222223 35.353619305555554,119.54286275 35.354100555555554,119.54661783333333 35.369871527777775,119.55218036111111 35.376011444444444,119.55251338888888 35.37538113888889))",cbd8355a-c92b-4907-8db0-f57ebe569da1,POINT(119.54744764667186 35.36432903698765),bedfd077-e582-4f9e-b7c7-d05fd887830f,2026-02-28 14:38:51,2026-02-28 14:38:51
"1,965",日照二公司西区,"POLYGON((119.53306452777778 35.3693365,119.53287675 35.33028594444445,119.53948572222222 35.33029033333334,119.53952366666667 35.367918805555554,119.53306452777778 35.3693365))",6d605cc6-52d0-4920-a7b0-f0ad4a98ffc8,POINT(119.53621703677177 35.34938890982173),bedfd077-e582-4f9e-b7c7-d05fd887830f,2026-02-28 14:38:51,2026-02-28 14:38:51
"1,966",日照一公司南区,"POLYGON((119.51293819444444 35.33597352777778,119.51870494444444 35.335853166666666,119.5182085 35.30781861111111,119.53151225 35.30781861111111,119.53159283333333 35.287662166666664,119.51201269444445 35.28757461111111,119.51293819444444 35.33597352777778))",fd97a791-fee8-44e0-b712-328c82b00782,POINT(119.5200173711241 35.30478128335866),bedfd077-e582-4f9e-b7c7-d05fd887830f,2026-02-28 14:38:51,2026-02-28 14:38:51
"1,967",大连北良粮食码头,"POLYGON((121.80172538888888 38.98520463888889,121.81253469444444 38.97586366666667,121.80966472222222 38.97269411111111,121.80185949999999 38.97160977777778,121.79252541666666 38.97988794444445,121.80172538888888 38.98520463888889))",8ec747b7-d308-41a8-a05d-98d9ac7837d0,POINT(121.80270620478149 38.97782732481059),d4a88f43-1504-4c1a-abd9-5c1548ceb8d8,2026-02-28 14:38:51,2026-02-28 14:38:51
"1,968",庄河电厂,"POLYGON((123.20131225 39.671101,123.21536702777779 39.673413249999996,123.21987313888889 39.653839166666664,123.20506736111112 39.65202188888889,123.20131225 39.671101))",ea6d183a-9637-4980-96f0-e5ccd42c2417,POINT(123.21045625007784 39.6625291560669),566829f6-6942-44fa-bb0d-cca1a348f707,2026-02-28 14:38:51,2026-02-28 14:38:51
"1,969",绥中电厂,"POLYGON((119.99819555555555 40.072575694444446,120.05796508333333 40.08979380555556,120.08142786111111 40.048858027777776,120.02068319444444 40.02895011111111,119.99819555555555 40.072575694444446))",f550a8e6-28b8-4f3b-bdbf-71bc40b9483d,POINT(120.03939116406086 40.05984747212032),ae8982df-bad3-4072-8f37-ee263ce5250a,2026-02-28 14:38:51,2026-02-28 14:38:51
"2,022",中石化扬子石化码头,"POLYGON((118.82292294444444 32.23973133333333,118.83025880555556 32.238562944444446,118.84198941666666 32.232276500000005,118.85031088888888 32.22476736111111,118.84834994444444 32.22302513888889,118.83896580555555 32.22988661111111,118.82873122222222 32.23533625,118.8220418611111 32.23666911111111,118.82292294444444 32.23973133333333))",271b0681-051c-4e0e-8f6e-04ab6f1117fd,POINT(118.83632515557984 32.23264382419807),b2803b63-2aae-4cee-8c6c-2a873260085b,2026-03-26 16:15:31,2026-03-26 16:15:31
"2,023",南京惠宁码头,"POLYGON((118.84655597222222 32.164723055555555,118.84823563888888 32.16231827777778,118.87491958333332 32.175008388888884,118.87423983333332 32.17738797222222,118.86485566666666 32.17422775,118.84655597222222 32.164723055555555))",3f03d12f-fc49-4927-bf13-693c2b98ae35,POINT(118.86081581944823 32.170086181361306),b2803b63-2aae-4cee-8c6c-2a873260085b,2026-03-26 16:15:31,2026-03-26 16:15:31
"1,972",江苏长宏国际码头,"POLYGON((120.18460850000001 31.92542825,120.18597763888889 31.913318583333332,120.19237308333334 31.913390805555554,120.1910323888889 31.925769722222224,120.18460850000001 31.92542825))",817c8f8f-58fb-43a4-b69a-72c9740da243,POINT(120.1885085444521 31.919486454763657),a8554a58-1976-424e-95b2-24091881d1dc,2026-02-28 14:38:51,2026-02-28 14:38:51
"1,973",乐东电厂,"POLYGON((108.66573441666667 18.530827555555554,108.6795746388889 18.538405944444445,108.68383933333334 18.529733999999998,108.66994550000001 18.522078916666665,108.66573441666667 18.530827555555554))",8fb2d399-9682-4057-9924-31f44afcd851,POINT(108.67477035313806 18.53025513151167),026630a4-6984-426d-915d-b3fa0f8ed063,2026-02-28 14:38:51,2026-02-28 14:38:51
"1,974",国投钦州煤码头,"POLYGON((108.62981997222222 21.72831958333333,108.62216594444443 21.690496666666668,108.62956422222221 21.689111416666666,108.63581772222223 21.72761336111111,108.62981997222222 21.72831958333333))",47961f21-59c6-484d-bdb6-b163f9a8f855,POINT(108.62922028874759 21.70818054002708),8ad2e326-0537-4581-a138-d9bb6cf84ef5,2026-02-28 14:38:51,2026-02-28 14:38:51
"1,975",湛江电厂,"POLYGON((110.40989458333334 21.316200944444446,110.41123569444446 21.309079444444446,110.41806191666667 21.30997902777778,110.416652 21.317265972222224,110.40989458333334 21.316200944444446))",b5fcca02-0d32-4f63-b365-9cbbbe812dcf,POINT(110.41397506916839 21.31313008529079),9ddb764d-aa1f-4064-9696-9ba7cc7a7c00,2026-02-28 14:38:51,2026-02-28 14:38:51
"1,976",国华台山电厂,"POLYGON((112.91119494444445 21.856463972222222,112.92940713888889 21.85604077777778,112.92911211111111 21.842746666666667,112.91063166666667 21.842796472222222,112.91119494444445 21.856463972222222))",9c536775-a21e-4d3e-963b-b34db2a53676,POINT(112.9200432450284 21.849496831464457),3d5d6a80-a9c2-46a9-961e-4ec1223784c1,2026-02-28 14:38:51,2026-02-28 14:38:51
"1,977",高栏神华粤电码头,"POLYGON((113.20253241666667 21.94117702777778,113.21677494444445 21.95881536111111,113.21390497222222 21.960730833333333,113.19958197222222 21.94334152777778,113.20253241666667 21.94117702777778))",fb7d16f4-fd9b-4b9f-a99c-9b1b54e9109c,POINT(113.2081264845445 21.950924516382905),184b10f7-5a18-4abc-b128-569fbe294997,2026-02-28 14:38:51,2026-02-28 14:38:51
"1,978",东莞煤码头,"POLYGON((113.54123613888889 23.002268833333332,113.54656377777778 22.99057116666667,113.53518199999999 22.986574027777777,113.53046438888889 22.998219722222224,113.54123613888889 23.002268833333332))",dc0d3ec2-cc80-436b-a0f2-fe66328094eb,POINT(113.53839948932455 22.99437060552226),0e07092d-d78a-447e-a652-23ceecf1c230,2026-02-28 14:38:51,2026-02-28 14:38:51
"1,979",东莞虎门沙角电厂,"POLYGON((113.66202872222223 22.748252444444446,113.67648030555556 22.734990083333333,113.6694316388889 22.72870986111111,113.65481358333334 22.74273627777778,113.66202872222223 22.748252444444446))",a98fb0a7-ce04-4ab4-8420-1cbc1a598c83,POINT(113.66572613855811 22.738600021041215),83ad0cad-e171-4e95-8e50-c5e81b596fcd,2026-02-28 14:38:51,2026-02-28 14:38:51
"2,024",干散码头,"POLYGON((118.85997455555555 32.18265022222222,118.85335127777778 32.17911486111111,118.85478180555555 32.17710497222222,118.86166255555555 32.18068883333333,118.85997455555555 32.18265022222222))",8500791f-b446-4554-a034-dcb048057a66,POINT(118.85746405386958 32.179893816471406),b2803b63-2aae-4cee-8c6c-2a873260085b,2026-03-26 16:15:31,2026-03-26 16:15:31
"1,981",惠州大亚湾国华电厂,"POLYGON((114.62388633333333 22.749381916666668,114.62899677777777 22.751183138888887,114.63613147222223 22.73606913888889,114.63083325 22.733946111111113,114.62388633333333 22.749381916666668))",9298206b-935f-44ce-bf77-635f264bc631,POINT(114.62998816941848 22.742572750369902),21310145-4091-49d2-a6e1-a6f51d01743a,2026-02-28 14:38:51,2026-02-28 14:38:51
"1,982",宁波宁海电厂,"POLYGON((121.515074555556 29.48611375,121.505032361111 29.4882430833333,121.504259888889 29.4973575,121.514774166667 29.4983286666667,121.515074555556 29.48611375))",c4cd171c-fead-43dd-b181-178b80accacb,POINT(121.5100343665819 29.49255101837943),a35cdf69-3ebc-4639-9cd7-0bac88da128b,2026-02-28 14:38:51,2026-02-28 14:38:51
"1,983",宁波北仑电厂,"POLYGON((121.82345724999999 29.953844611111112,121.81925958333333 29.948394833333335,121.82895577777778 29.943049333333335,121.83269744444443 29.950010027777775,121.82345724999999 29.953844611111112))",41d61769-8cf2-476e-a151-ce70c02cab72,POINT(121.82617976196359 29.94870471115162),f7db258a-637c-42d4-b28b-d2e1a5d2b880,2026-02-28 14:38:51,2026-02-28 14:38:51
"2,025",南京汇鑫新港区,"POLYGON((118.88417669444445 32.17770925,118.88410516666667 32.17540872222222,118.89144369444445 32.175057583333334,118.89140077777779 32.17770925,118.88417669444445 32.17770925))",049f7a53-5e5b-4f64-b6fe-1d31c9b45b65,POINT(118.88786692384107 32.17646584295155),b2803b63-2aae-4cee-8c6c-2a873260085b,2026-03-26 16:15:31,2026-03-26 16:15:31
"1,985",京唐港码头,"POLYGON((118.951463388889 39.2143241388889,119.009484944444 39.1544482222222,119.11248175 39.2270910555556,119.060296694444 39.2781355555556,118.951463388889 39.2143241388889))",fb7360fb-bf0a-414e-baee-cb72a7984411,POINT(119.03228753972026 39.217634509285695),3057dd04-494a-4e41-887f-b0bdb84f7042,2026-02-28 14:38:51,2026-02-28 14:38:51
"1,986",靖江港（博联港口码头）,"POLYGON((120.211200733333 31.94486335,120.210771583333 31.9416951,120.2182603 31.9411124166667,120.218775283333 31.9443899333333,120.211200733333 31.94486335))",11a86b4a-00d6-4aa7-b0ba-af3f5c0475be,POINT(120.21477455873514 31.94301610668214),dc4b11ec-ea0a-4b72-a085-36841f3b32ed,2026-02-28 14:38:51,2026-02-28 14:38:51
"1,987",靖江国信电厂,"POLYGON((120.38164327777777 32.02657936111111,120.38486319444445 32.02307044444444,120.39040194444445 32.02670886111111,120.38718736111112 32.0299685,120.38164327777777 32.02657936111111))",eb7feb8d-2719-402c-9486-f27e95d031ab,POINT(120.38600942724388 32.02656079730528),dc4b11ec-ea0a-4b72-a085-36841f3b32ed,2026-02-28 14:38:51,2026-02-28 14:38:51
"2,026",清江码头,"POLYGON((118.89716041666668 32.189129027777774,118.89722966666668 32.18559794444444,118.91582633333334 32.18217166666666,118.91574366666667 32.18599644444444,118.89716041666668 32.189129027777774))",760f57fd-f09c-4183-9ace-6af13084ac44,POINT(118.90661318073116 32.18570192315565),b2803b63-2aae-4cee-8c6c-2a873260085b,2026-03-26 16:15:31,2026-03-26 16:15:31
"1,989",天津港煤码头,"POLYGON((117.79984863888889 38.96825641666667,117.79842708333334 38.96347025,117.81098088888889 38.96135105555556,117.81223208333333 38.966327166666666,117.79984863888889 38.96825641666667))",1955649c-1a88-488b-b87f-a12d6f26e458,POINT(117.80540334810946 38.96483890702709),975e3c8d-c089-4058-b7ad-24fc69898e3d,2026-02-28 14:38:52,2026-02-28 14:38:52
"2,027",南京西坝电厂码头,"POLYGON((118.87967624999999 32.18715366666666,118.89479050000001 32.18831133333333,118.89514547222223 32.18524686111111,118.87999636111111 32.184205666666664,118.87967624999999 32.18715366666666))",34b13761-d57c-4769-94a4-561f1553b14e,POINT(118.88745169908091 32.1862326217132),b2803b63-2aae-4cee-8c6c-2a873260085b,2026-03-26 16:15:31,2026-03-26 16:15:31
"1,991",江阴苏龙电厂,"POLYGON((120.20193305 31.9267168833333,120.201632633333 31.9225281,120.210387366667 31.92245525,120.210408833333 31.92668045,120.20193305 31.9267168833333))",49818cde-01b5-486f-af18-bb325c61e8c8,POINT(120.20609594579135 31.924583728042204),a8554a58-1976-424e-95b2-24091881d1dc,2026-02-28 14:38:52,2026-02-28 14:38:52
"1,992",1期码头,"POLYGON((117.881304194444 38.3125601388889,117.877066305556 38.3164071944444,117.878600527778 38.3176025277778,117.877828055556 38.3182085833333,117.887966583333 38.3247434722222,117.892601444444 38.3202823888889,117.881304194444 38.3125601388889))",bc8b9466-ca51-4aaa-a30d-7dd7a1970103,POINT(117.88462180163172 38.31868852084745),2a9d84f4-a54c-4260-ab42-cb0f3e6024de,2026-02-28 14:38:52,2026-02-28 14:38:52
"1,993",南通港（通沙码头）,"POLYGON((120.804557083333 32.0174112,120.801553016667 32.0148276666667,120.807174916667 32.0109158333333,120.810093166667 32.0136996166667,120.804557083333 32.0174112))",cd322554-e7da-4a3a-af5d-fe1622b6dfac,POINT(120.80585079771451 32.014197010480714),0b7f167e-04ea-4658-8b4d-0321dcabbeff,2026-02-28 14:38:52,2026-02-28 14:38:52
"1,994",妈湾港码头,"POLYGON((113.870004083333 22.4838726111111,113.864038861111 22.4821873055556,113.867236055556 22.4735623611111,113.873158361111 22.4754261944444,113.870004083333 22.4838726111111))",58635fb9-f2e6-40c2-a6cd-0f5d9b93cd1d,POINT(113.86860028901602 22.47875660276159),2a7da433-be1f-4258-a621-36a71832b000,2026-02-28 14:38:52,2026-02-28 14:38:52
"1,995",惠州荃湾煤炭码头,"POLYGON((114.57486241666666 22.71744686111111,114.57899302777777 22.701636277777776,114.60039705555555 22.70574375,114.59617 22.72098786111111,114.57486241666666 22.71744686111111))",13e098ee-71c4-48cc-bed7-d266d847bf9a,POINT(114.58754944495323 22.711428546527884),21310145-4091-49d2-a6e1-a6f51d01743a,2026-02-28 14:38:52,2026-02-28 14:38:52
"2,028",华能南京电厂,"POLYGON((119.01978858333334 32.181736888888885,119.02215222222222 32.17898566666666,119.01464205555556 32.17486519444444,119.01224977777778 32.17785036111111,119.01978858333334 32.181736888888885))",4db09c1c-b1e8-4d64-a187-a542789ddf7b,POINT(119.01717337986027 32.17833577131192),b2803b63-2aae-4cee-8c6c-2a873260085b,2026-03-26 16:15:31,2026-03-26 16:15:31
"1,997",漳州后石煤码头华阳电厂,"POLYGON((118.12633627777777 24.31044938888889,118.13277358333333 24.305988333333335,118.13797705555557 24.312551527777778,118.13160680555555 24.316425722222224,118.12633627777777 24.31044938888889))",70a980bf-db49-4477-bf7e-6b9e88074f93,POINT(118.13217878141172 24.311304795145254),c4ea2c8a-9eab-4edd-a0c4-6390f8786a78,2026-02-28 14:38:52,2026-02-28 14:38:52
"1,998",鸿山电厂,"POLYGON((118.75379075 24.7193929444444,118.759541388889 24.7148318611111,118.765549555556 24.7206403888889,118.759798888889 24.7255131111111,118.75379075 24.7193929444444))",07644b6b-f891-41dc-a358-37b8939e3f02,POINT(118.75967140351842 24.7201206799646),5eb2e880-eb5c-4885-b56d-4576a2507985,2026-02-28 14:38:52,2026-02-28 14:38:52
"1,999",泉州南浦电厂,"POLYGON((118.95383608333334 25.21365886111111,118.95688038888889 25.210238416666666,118.96148252777778 25.213797027777776,118.95837116666667 25.216922527777776,118.95383608333334 25.21365886111111))",7061f317-ce27-4d17-9c4c-632874cf3320,POINT(118.9576371667611 25.213629633479446),5eb2e880-eb5c-4885-b56d-4576a2507985,2026-02-28 14:38:52,2026-02-28 14:38:52
"2,000",2期码头,"POLYGON((117.870080527778 38.3217815277778,117.872773472222 38.3235154722222,117.874007277778 38.3224549166667,117.882824166667 38.3280428055556,117.886750916667 38.3244236388889,117.877609972222 38.3182285277778,117.878318055556 38.3176729722222,117.876150833333 38.3161240833333,117.870080527778 38.3217815277778))",ff06bf51-f4ed-4bd8-8f49-a9ea4e7d8f1a,POINT(117.87850281917486 38.32226290007097),2a9d84f4-a54c-4260-ab42-cb0f3e6024de,2026-02-28 14:38:52,2026-02-28 14:38:52
"2,001",可门港码头,"POLYGON((119.79129152777777 26.39626386111111,119.77574813888889 26.385740138888888,119.76960588888889 26.39383725,119.78522058333333 26.404322277777776,119.79129152777777 26.39626386111111))",7e6f65cd-1f0f-431a-8f2e-ac6d14a01430,POINT(119.78045638733037 26.39503585699877),e377debf-2d48-4188-a8a0-fa4834b35986,2026-02-28 14:38:52,2026-02-28 14:38:52
"2,029",南京龙潭码头,"POLYGON((119.03742202777778 32.188076555555554,119.02411827777777 32.18013133333333,119.02166261111111 32.18285411111111,119.0349663611111 32.1908445,119.03742202777778 32.188076555555554))",93a168ae-a807-41f6-b27c-7f7ab5201835,POINT(119.02955379161232 32.185484190600626),b2803b63-2aae-4cee-8c6c-2a873260085b,2026-03-26 16:15:31,2026-03-26 16:15:31
"2,030",南京龙潭集装箱码头,"POLYGON((119.0613633611111 32.212918138888895,119.06433583333333 32.211631555555556,119.05878547222223 32.20429663888889,119.04559911111112 32.19485841666666,119.04296697222222 32.197424749999996,119.05495466666666 32.206091694444446,119.0613633611111 32.212918138888895))",a251ea64-108a-4ca1-b67f-90e25f651957,POINT(119.05399065868086 32.20359134477994),b2803b63-2aae-4cee-8c6c-2a873260085b,2026-03-26 16:15:31,2026-03-26 16:15:31
"2,031",南京龙潭天宇码头,"POLYGON((119.06854138888889 32.22142430555556,119.06393716666666 32.21187775,119.06179472222222 32.21283866666667,119.06754980555556 32.22549822222222,119.07351019444444 32.22412363888889,119.07265219444444 32.220419444444445,119.06854138888889 32.22142430555556))",3d91a3f1-ebad-4041-9773-60b9c1f4fc7f,POINT(119.06746112053652 32.21998599301962),b2803b63-2aae-4cee-8c6c-2a873260085b,2026-03-26 16:15:31,2026-03-26 16:15:31
"2,032",惠能码头,"POLYGON((119.08138452777777 32.237734833333334,119.08252769444444 32.233992,119.07935597222222 32.23235938888889,119.07696425 32.23602872222222,119.08138452777777 32.237734833333334))",45ebf7fe-2c2b-4776-8182-e3fd22f104fd,POINT(119.0799833855369 32.23510030773235),b2803b63-2aae-4cee-8c6c-2a873260085b,2026-03-26 16:15:31,2026-03-26 16:15:31
"2,033",南京码头,"POLYGON((119.10269788888888 32.24220763888889,119.11603025 32.243707944444445,119.12009288888888 32.24295777777778,119.12075694444444 32.23973358333333,119.08259794444444 32.234064611111116,119.08149769444444 32.237718694444446,119.10269788888888 32.24220763888889))",39a90966-28ca-48b0-aadd-495533846d52,POINT(119.10146230146493 32.23918422550408),b2803b63-2aae-4cee-8c6c-2a873260085b,2026-03-26 16:15:31,2026-03-26 16:15:31
"2,007",张家港电厂,"POLYGON((120.38517680555556 31.970154333333333,120.38511647222222 31.967389694444442,120.39062608333334 31.967483138888888,120.39059522222223 31.97018975,120.38517680555556 31.970154333333333))",435a6abf-4be1-4636-9d71-a5a20a6aaa11,POINT(120.38786914528671 31.968800325378936),a5ef38e8-f45c-4025-85bd-a143d43a7e31,2026-02-28 14:38:52,2026-02-28 14:38:52
"2,008",乍浦港码头,"POLYGON((121.05097416666666 30.580760083333335,121.08885616666666 30.5922385,121.0944083611111 30.579585055555555,121.05586086111111 30.56849311111111,121.05097416666666 30.580760083333335))",d9305c99-4c96-400e-8d5f-f15d960c2b0b,POINT(121.07266258956827 30.580296167976563),50201deb-f665-4d37-b618-a9fa45919a07,2026-02-28 14:38:52,2026-02-28 14:38:52
"2,034",仪化港码头,"POLYGON((119.10569491666666 32.25270963888889,119.10580602777777 32.249554027777776,119.09597127777778 32.2493665,119.09588472222222 32.25244311111111,119.10569491666666 32.25270963888889))",81df9be2-4a91-4e5c-8bac-5b28011be6a5,POINT(119.10086014006279 32.251018219667515),01d7237a-9fe0-44d6-aea9-b5d445ff34c9,2026-03-26 16:15:31,2026-03-26 16:15:31
"2,010",广州珠江电厂,"POLYGON((113.56825177777777 22.81962847222222,113.57393805555556 22.815499722222224,113.57746516666667 22.819850972222223,113.57156430555555 22.82376947222222,113.56825177777777 22.81962847222222))",df306b1b-143d-47ed-aa55-cb7096ad9e3a,POINT(113.5728324512481 22.819670737861692),83ad0cad-e171-4e95-8e50-c5e81b596fcd,2026-02-28 14:38:52,2026-02-28 14:38:52
"2,011",广州港（新沙港区）,"POLYGON((113.531947 23.0210345,113.523106433333 23.0177956666667,113.519458633333 23.027038,113.52538095 23.0353713833333,113.531947 23.0210345))",a8599c06-6357-4b0c-bfaa-505b05e4a6cf,POINT(113.52529140279782 23.025464583676122),83ad0cad-e171-4e95-8e50-c5e81b596fcd,2026-02-28 14:38:52,2026-02-28 14:38:52
"2,012",福州港（松下港区）,"POLYGON((119.618491933333 25.7286870166667,119.621667666667 25.7344086666667,119.623749066667 25.7333648666667,119.620466033333 25.7276625,119.618491933333 25.7286870166667))",d9296ec6-5fef-429d-9f32-61fbf8339bc3,POINT(119.62110666519018 25.7310518846308),690292cd-7bf9-4245-b3e0-e129de08f901,2026-02-28 14:38:52,2026-02-28 14:38:52
"2,013",国电福州电厂,"POLYGON((119.332619361111 25.4149057222222,119.328070333333 25.4028113055556,119.340773277778 25.39808175,119.345493972222 25.4107968611111,119.332619361111 25.4149057222222))",723c45b8-0d95-4c75-8c97-4a3ebf93b14f,POINT(119.33678936634264 25.406626717222732),690292cd-7bf9-4245-b3e0-e129de08f901,2026-02-28 14:38:52,2026-02-28 14:38:52
"2,035",仪征修理码头,"POLYGON((119.1141481111111 32.253085666666664,119.11393319444444 32.25188055555556,119.11459133333332 32.25011830555555,119.10587594444443 32.24954969444445,119.10578566666666 32.25276505555556,119.1141481111111 32.253085666666664))",af24b918-ba70-4bb4-bfe0-315ebabaa29d,POINT(119.1099542588237 32.25135825983166),01d7237a-9fe0-44d6-aea9-b5d445ff34c9,2026-03-26 16:15:31,2026-03-26 16:15:31
"2,015",陈家港码头,"POLYGON((119.79498055555555 34.42526205555556,119.79100852777778 34.42629047222222,119.794313 34.43521052777778,119.79827427777778 34.43442722222222,119.79498055555555 34.42526205555556))",e0f1e8e6-b84a-475f-8a12-8ede0bc70c18,POINT(119.79464586929063 34.43027813257139),1ed4176e-9813-4cc3-8ea5-bccffc768ed2,2026-02-28 14:38:52,2026-02-28 14:38:52
"2,016",3期码头,"POLYGON((117.870019416667 38.3218525,117.872857194444 38.3235990555556,117.873976638889 38.3226138611111,117.882694083333 38.3282248611111,117.876718111111 38.3337711111111,117.865045138889 38.3262301388889,117.870019416667 38.3218525))",ab18c274-49ba-4d1c-970d-0a9ae87348a3,POINT(117.8739960179818 38.32750764464101),2a9d84f4-a54c-4260-ab42-cb0f3e6024de,2026-02-28 14:38:52,2026-02-28 14:38:52
"2,017",镇江港（镇江盛华港务有限公司）,"POLYGON((119.69126800000001 32.24631988888889,119.69518402777778 32.247998555555554,119.69301144444445 32.25107227777778,119.68922952777778 32.24932561111111,119.69126800000001 32.24631988888889))",347dfaec-c077-4e55-9bbd-94c5612603f4,POINT(119.6921865800296 32.2486792884559),00c761c9-28a4-4a39-836c-8061f5c24470,2026-02-28 14:38:52,2026-02-28 14:38:52
"2,036",仪征6号码头,"POLYGON((119.14056541666667 32.25006211111111,119.14071922222223 32.25246658333333,119.12718183333332 32.25345355555555,119.11415152777778 32.25297041666666,119.11396308333333 32.251885,119.11464097222222 32.25018913888889,119.12664652777777 32.25049763888889,119.14056541666667 32.25006211111111))",da8bc81d-b700-42f2-a97d-d7a925195424,POINT(119.12712829048381 32.25171162950923),01d7237a-9fe0-44d6-aea9-b5d445ff34c9,2026-03-26 16:15:31,2026-03-26 16:15:31
"2,037",扬州赢基码头,"POLYGON((119.15373847222223 32.25218919444445,119.15355269444446 32.24959316666667,119.14083544444445 32.2501255,119.14093569444445 32.25250325,119.15373847222223 32.25218919444445))",98e4b347-e6c5-4b75-b8c7-f8ada97ebba8,POINT(119.14736000768092 32.25110083112203),01d7237a-9fe0-44d6-aea9-b5d445ff34c9,2026-03-26 16:15:31,2026-03-26 16:15:31
"2,038",紫金山船厂(东泽厂区),"POLYGON((119.15106361111111 32.23995638888889,119.15024366666667 32.237297833333336,119.16242088888889 32.234654722222224,119.16325158333333 32.237778416666664,119.15106361111111 32.23995638888889))",e06c9c45-6159-49da-89d3-e879a8f7a798,POINT(119.15689959302269 32.23738882561854),b2803b63-2aae-4cee-8c6c-2a873260085b,2026-03-26 16:15:31,2026-03-26 16:15:31
"2,039",仪征港公用码头,"POLYGON((119.20280880555556 32.24209911111111,119.20089025 32.23745241666667,119.215553 32.23313263888889,119.21765430555556 32.23857216666667,119.20280880555556 32.24209911111111))",f78fd499-8d3d-412e-a7e1-83e3092db132,POINT(119.20941070557473 32.2377613290418),01d7237a-9fe0-44d6-aea9-b5d445ff34c9,2026-03-26 16:15:31,2026-03-26 16:15:31
"2,040",南京大唐电厂,"POLYGON((119.21078894444445 32.219300555555556,119.21877119444444 32.216335416666666,119.22027325 32.21950627777778,119.21251986111112 32.22239869444444,119.21078894444445 32.219300555555556))",7939ed27-fed5-46aa-9c36-eec644b1ba9b,POINT(119.2155822980473 32.219378631785794),b2803b63-2aae-4cee-8c6c-2a873260085b,2026-03-26 16:15:31,2026-03-26 16:15:31
"2,041",华电句容码头,"POLYGON((119.24091294444445 32.206477250000006,119.25641786111112 32.19653572222222,119.258965 32.19970261111111,119.24328761111111 32.20930952777778,119.24091294444445 32.206477250000006))",4c5e9241-bb90-4bd0-bec8-ca6950e6b3cd,POINT(119.25002160496476 32.20292580748499),54a91f37-0a59-423b-963e-78881bbace0f,2026-03-26 16:15:31,2026-03-26 16:15:31
"2,042",句容码头,"POLYGON((119.25911661111111 32.19961408333333,119.25657463888889 32.196517361111106,119.26296780555556 32.19293413888889,119.26551097222222 32.195909888888885,119.25911661111111 32.19961408333333))",d4b0f090-1727-45e0-b78a-e7dadaf7e5ec,POINT(119.26103051642073 32.19625475739711),00c761c9-28a4-4a39-836c-8061f5c24470,2026-03-26 16:15:31,2026-03-26 16:15:31
"2,043",镇江电厂,"POLYGON((119.27226563888888 32.19342033333333,119.2704043611111 32.18879913888888,119.28459622222222 32.18459963888888,119.28657075 32.189340611111106,119.27226563888888 32.19342033333333))",20fa62fa-ed82-4ea7-b42d-d7eadafc7501,POINT(119.2784944946805 32.18903144587833),00c761c9-28a4-4a39-836c-8061f5c24470,2026-03-26 16:15:31,2026-03-26 16:15:31
"2,044",和麟水泥码头,"POLYGON((119.31766975 32.18932913888889,119.31770316666666 32.18562897222222,119.32609847222221 32.18582191666666,119.32602394444444 32.189401777777775,119.31766975 32.18932913888889))",877799e1-1ebd-48e9-baa7-ccf33769e26b,POINT(119.32185092068764 32.187543534421465),00c761c9-28a4-4a39-836c-8061f5c24470,2026-03-26 16:15:31,2026-03-26 16:15:31
"2,045",中瑞资源码头,"POLYGON((119.33056166666667 32.19032541666666,119.33196394444444 32.18536058333333,119.34182108333333 32.18845911111111,119.34054663888888 32.19260136111111,119.33056166666667 32.19032541666666))",64c1ce73-73bf-4e91-b2dc-3c632c945ad4,POINT(119.3360803591405 32.18914353389586),00c761c9-28a4-4a39-836c-8061f5c24470,2026-03-26 16:15:31,2026-03-26 16:15:31
"2,046",惠龙港_货运码头,"POLYGON((119.34537919444443 32.19432136111111,119.34710861111111 32.18988269444444,119.35551733333332 32.19220933333333,119.35369044444444 32.19675458333333,119.34537919444443 32.19432136111111))",ed13ae51-4420-482d-8db1-8763c89c5df1,POINT(119.3504435001855 32.193295098764956),00c761c9-28a4-4a39-836c-8061f5c24470,2026-03-26 16:15:31,2026-03-26 16:15:31
"2,047",镇江码头,"POLYGON((119.38338986111111 32.2176695,119.37038197222222 32.20330469444445,119.36738652777777 32.20515486111111,119.38061875 32.21935802777778,119.38338986111111 32.2176695))",b8ab5699-0891-43e6-8e02-ab87e4357e48,POINT(119.37535412821187 32.21127318469069),00c761c9-28a4-4a39-836c-8061f5c24470,2026-03-26 16:15:32,2026-03-26 16:15:32
"2,048",扬州电厂,"POLYGON((119.41081436111112 32.262768638888886,119.41810997222223 32.26562338888889,119.42001255555556 32.26252672222222,119.41265972222223 32.25955091666667,119.41081436111112 32.262768638888886))",f714ccdd-ad79-46f4-90e6-23d0eac6d39b,POINT(119.41538601038759 32.26260754894031),6d6c2417-e8a6-47ac-b8f4-90efc30ddcbe,2026-03-26 16:15:32,2026-03-26 16:15:32
"2,049",扬州国信扬二电,"POLYGON((119.4243383888889 32.26831738888889,119.42585619444445 32.26563244444444,119.43571558333333 32.26958283333333,119.43414294444445 32.2723395,119.4243383888889 32.26831738888889))",5cc9d1c8-da95-4b4f-bf6b-db0e1dc4f9bd,POINT(119.43003642530564 32.26897710137772),6d6c2417-e8a6-47ac-b8f4-90efc30ddcbe,2026-03-26 16:15:32,2026-03-26 16:15:32
"2,050",扬州港码头,"POLYGON((119.44639636111111 32.27459122222222,119.44146825 32.2751355,119.43931533333334 32.27474844444444,119.43900061111111 32.27268625,119.43519447222222 32.271068194444446,119.43587219444444 32.269880083333334,119.44073594444446 32.27116825,119.44680161111111 32.27163905555555,119.44639636111111 32.27459122222222))",4f5da71a-8009-4017-afa2-68f7290496c5,POINT(119.44169924519221 32.27271221008077),6d6c2417-e8a6-47ac-b8f4-90efc30ddcbe,2026-03-26 16:15:32,2026-03-26 16:15:32
"2,051",扬州五兴能源实业码头,"POLYGON((119.44834836111112 32.27472822222222,119.44673902777778 32.27466172222222,119.44708236111111 32.271383916666665,119.44868452777779 32.27148069444444,119.44834836111112 32.27472822222222))",6c171fe0-76f8-446c-a77e-2d2844b11834,POINT(119.4477122489319 32.27306425137045),6d6c2417-e8a6-47ac-b8f4-90efc30ddcbe,2026-03-26 16:15:32,2026-03-26 16:15:32
"2,052",扬州宝盛码头,"POLYGON((119.45586886111111 32.27558913888889,119.45642436111112 32.272263861111114,119.46250494444445 32.27293594444444,119.46199758333334 32.27626577777777,119.45586886111111 32.27558913888889))",a9752fab-4b1b-41d0-a746-47be89a7b1b5,POINT(119.45919847464214 32.274265849122635),6d6c2417-e8a6-47ac-b8f4-90efc30ddcbe,2026-03-26 16:15:32,2026-03-26 16:15:32
"2,053",扬州远洋国际港区,"POLYGON((119.45580586111112 32.27557791666666,119.44843155555556 32.274713138888885,119.44877488888889 32.2714535,119.45631369444445 32.27227597222222,119.45580586111112 32.27557791666666))",5a76653e-40d5-4e28-9297-72ead504a005,POINT(119.45234361609513 32.27350067246359),6d6c2417-e8a6-47ac-b8f4-90efc30ddcbe,2026-03-26 16:15:32,2026-03-26 16:15:32
"2,054",新民洲码头,"POLYGON((119.53550502777777 32.246281305555556,119.52218966666666 32.25861236111111,119.51885772222222 32.25676061111111,119.52552391666667 32.25033669444444,119.53339172222222 32.244916555555555,119.53550502777777 32.246281305555556))",5c1d4d07-b4ac-4fea-b81a-a2a7a864b845,POINT(119.52690440588896 32.25187602307021),00c761c9-28a4-4a39-836c-8061f5c24470,2026-03-26 16:15:32,2026-03-26 16:15:32
"2,055",镇江索普船舶建造码头,"POLYGON((119.54969683333333 32.190464444444444,119.55813238888888 32.18738866666666,119.55963822222222 32.19045783333333,119.55119819444444 32.19359327777777,119.54969683333333 32.190464444444444))",5aaa30d6-87d1-41e5-a45d-b1e718b5571d,POINT(119.55465566091122 32.190481034677994),00c761c9-28a4-4a39-836c-8061f5c24470,2026-03-26 16:15:32,2026-03-26 16:15:32
"2,056",国电谏壁电厂,"POLYGON((119.57133077777777 32.183560111111106,119.5850771111111 32.18345794444444,119.58507225 32.18684775,119.57148238888888 32.18713830555555,119.57133077777777 32.183560111111106))",5c395a33-330c-4f21-a0a1-2adb4516b985,POINT(119.57817825856971 32.185248684402794),2b81a712-68a6-40bc-848a-5b958d2c6536,2026-03-26 16:15:32,2026-03-26 16:15:32
"2,057",中粮镇江粮油码头,"POLYGON((119.59479266666666 32.186589444444444,119.59465380555555 32.183827916666665,119.58558019444445 32.183792777777775,119.58573752777777 32.18681947222222,119.59479266666666 32.186589444444444))",60efe65c-bbad-446f-831a-0ed05ad0e8c3,POINT(119.59012181954417 32.185258016550925),00c761c9-28a4-4a39-836c-8061f5c24470,2026-03-26 16:15:32,2026-03-26 16:15:32
"2,058",镇江港集团金港码头,"POLYGON((119.62176074999999 32.19184877777777,119.62278019444443 32.18839108333333,119.64801441666667 32.193893277777775,119.64676972222223 32.197162666666664,119.62176074999999 32.19184877777777))",7bb4fff7-6f94-4722-a47b-afb9d8546122,POINT(119.6347511398686 32.19280348084905),00c761c9-28a4-4a39-836c-8061f5c24470,2026-03-26 16:15:32,2026-03-26 16:15:32
"2,059",金东码头,"POLYGON((119.67467944444445 32.21438358333334,119.67182958333333 32.20899547222223,119.66942947222223 32.21045002777778,119.67161813888889 32.215339694444445,119.67467944444445 32.21438358333334))",a694f2e8-9176-45df-8c8b-08138702a365,POINT(119.67194427574934 32.21233323670999),00c761c9-28a4-4a39-836c-8061f5c24470,2026-03-26 16:15:32,2026-03-26 16:15:32
"2,060",镇江港（大港港区）,"POLYGON((119.64693527777779 32.197613999999994,119.64884436111112 32.19405133333333,119.65992572222223 32.19925327777777,119.66930916666666 32.206550972222225,119.66733597222223 32.20824763888889,119.65800572222223 32.20227588888889,119.64693527777779 32.197613999999994))",7110c628-afa1-4a87-b8dc-995f139a9cf4,POINT(119.65767039774289 32.2006773898199),00c761c9-28a4-4a39-836c-8061f5c24470,2026-03-26 16:15:32,2026-03-26 16:15:32
"2,061",扬州泰富特种材料码头,"POLYGON((119.74679305555556 32.326679444444444,119.74481058333333 32.33045811111111,119.73476097222222 32.32699044444445,119.73647547222222 32.32329472222222,119.74679305555556 32.326679444444444))",8cec8d9e-807a-4935-a13a-6fa5a8926b28,POINT(119.74074666348187 32.32686106826717),6d6c2417-e8a6-47ac-b8f4-90efc30ddcbe,2026-03-26 16:15:32,2026-03-26 16:15:32
"2,062",高港修理码头,"POLYGON((119.80619255555555 32.32236516666667,119.80789844444445 32.324904305555556,119.80272177777778 32.32612652777778,119.8028036111111 32.32862716666667,119.79792408333333 32.328771305555556,119.79805819444444 32.33085638888889,119.79540280555555 32.33090172222222,119.78125352777778 32.33137136111112,119.78065002777778 32.33217591666667,119.77760572222222 32.33134869444445,119.77729727777778 32.333989,119.75334930555556 32.335526333333334,119.75353483333333 32.33028461111112,119.76658111111111 32.32977694444445,119.7992953888889 32.323962111111115,119.80619255555555 32.32236516666667))",3c50b7f9-a79b-4bfb-af5e-a0a8fb2dd08c,POINT(119.7797056724604 32.329786432266644),3b57acd1-41af-4ee4-abe4-ae9fbaeaae81,2026-03-26 16:15:32,2026-03-26 16:15:32
"2,063",海昌码头,"POLYGON((119.8078515 32.32436930555556,119.80641052777777 32.32234991666667,119.81504724999999 32.31852491666667,119.81632577777778 32.3204805,119.8078515 32.32436930555556))",bfe29205-2f92-4f42-9714-10bf2277a739,POINT(119.81136999069996 32.32144633939776),6d6c2417-e8a6-47ac-b8f4-90efc30ddcbe,2026-03-26 16:15:32,2026-03-26 16:15:32
"2,064",泰州洋湾海螺水泥码头,"POLYGON((119.82968305555555 32.30830897222222,119.831532 32.31003033333333,119.81814777777777 32.31978436111111,119.81636797222222 32.31818644444445,119.82968305555555 32.30830897222222))",c05da0ef-57a7-4878-ab8b-81547f47fbb7,POINT(119.8239970513439 32.31402953061321),efc73220-5dd5-4017-b889-91f6f1d71e66,2026-03-26 16:15:32,2026-03-26 16:15:32
"2,065",泰州港杨湾港区,"POLYGON((119.82975119444444 32.30828686111111,119.83155583333333 32.30999519444444,119.83833405555555 32.30479483333333,119.83648891666667 32.30311197222222,119.82975119444444 32.30828686111111))",8ca39e7f-0fe4-4991-a965-4e1a433952bc,POINT(119.83403435843412 32.30654720868496),efc73220-5dd5-4017-b889-91f6f1d71e66,2026-03-26 16:15:32,2026-03-26 16:15:32
"2,066",通江沥青突堤码头,"POLYGON((119.85518480555555 32.29116425,119.85291027777777 32.28854008333333,119.84465622222221 32.29429622222222,119.84717391666666 32.29661791666666,119.85518480555555 32.29116425))",d6119fcf-6105-4546-82ee-d1b76eb6e54d,POINT(119.84999557470695 32.292631195311266),efc73220-5dd5-4017-b889-91f6f1d71e66,2026-03-26 16:15:32,2026-03-26 16:15:32
"2,067",泰州高港码头,"POLYGON((119.85531474999999 32.29117452777778,119.86458447222222 32.28530936111111,119.86245180555555 32.282493333333335,119.85308194444444 32.28857636111111,119.85531474999999 32.29117452777778))",0851bb30-86dc-4983-ba72-3efdf5b72d83,POINT(119.85888375938454 32.28686536363586),efc73220-5dd5-4017-b889-91f6f1d71e66,2026-03-26 16:15:32,2026-03-26 16:15:32
"2,068",泰州国际集装箱码头,"POLYGON((119.89348488888889 32.238880333333334,119.89511569444446 32.233725694444445,119.89000875 32.23262455555556,119.88837797222223 32.23776713888889,119.89348488888889 32.238880333333334))",9bec3f3e-d9a3-40ba-ab9a-ca8a0806337c,POINT(119.89174766492701 32.235749930821804),efc73220-5dd5-4017-b889-91f6f1d71e66,2026-03-26 16:15:32,2026-03-26 16:15:32
"2,069",扬中干散货码头,"POLYGON((119.8766771111111 32.19416183333333,119.88250077777776 32.19502522222222,119.87978280555555 32.206137444444444,119.87414241666666 32.205237861111115,119.8766771111111 32.19416183333333))",709ac5dc-dadd-4418-a98a-99028cb5ebf6,POINT(119.87828488878897 32.20011381276824),46f17f4d-8363-41a1-a504-2cb9cb033744,2026-03-26 16:15:32,2026-03-26 16:15:32
"2,070",东新港码头,"POLYGON((119.87462802777777 32.18984002777778,119.88328605555554 32.19043108333333,119.88434461111112 32.18098780555555,119.87555069444444 32.18048747222222,119.87462802777777 32.18984002777778))",ac23027e-6804-4a27-bea7-88caf46e78c5,POINT(119.87946116138698 32.18542581061209),00c761c9-28a4-4a39-836c-8061f5c24470,2026-03-26 16:15:32,2026-03-26 16:15:32
"2,071",国电泰州电厂,"POLYGON((119.90715597222223 32.193554388888884,119.90232083333333 32.192973305555554,119.90364266666667 32.18568052777778,119.90857794444445 32.18629797222222,119.90715597222223 32.193554388888884))",afa040c3-4f9e-4802-b6eb-672ece6d0f4a,POINT(119.9054254845695 32.1896134098832),efc73220-5dd5-4017-b889-91f6f1d71e66,2026-03-26 16:15:32,2026-03-26 16:15:32
"2,072",泰兴国川码头,"POLYGON((119.91506877777779 32.14564444444444,119.91770091666667 32.13769855555555,119.91302313888889 32.13680216666667,119.91073433333334 32.144832944444445,119.91506877777779 32.14564444444444))",788ba6fa-7bf0-478e-b160-9ce69e0fbb11,POINT(119.91414679621595 32.141192787463766),cbb2f313-f661-46f7-9db6-a518c2cff34d,2026-03-26 16:15:32,2026-03-26 16:15:32
"2,073",太仓修理码头,"POLYGON((119.89923916666667 32.12925336111111,119.88879666666668 32.127633805555554,119.89169344444446 32.112686305555556,119.90341625 32.112194833333334,119.89923916666667 32.12925336111111))",38d5e43b-7510-4431-bb52-080c759c52df,POINT(119.89593197613836 32.120351569067246),d18befbd-45ef-4aaa-bdea-8c75c06fae8e,2026-03-26 16:15:32,2026-03-26 16:15:32
"2,074",江苏无锡船厂,"POLYGON((119.89962275 32.059602,119.89456277777778 32.053036138888885,119.8936861388889 32.06143263888889,119.89962275 32.059602))",1b713a2a-6aee-41e4-a10d-1fde2599233c,POINT(119.89595722222222 32.0580235925926),249036d4-3fb4-4bb7-9a1f-05e8c73e9499,2026-03-26 16:15:32,2026-03-26 16:15:32
"2,075",常州码头,"POLYGON((119.90229361111112 32.05884913888889,119.90085375000001 32.05596655555555,119.91326616666667 32.05131894444444,119.91475336111111 32.054314777777776,119.90229361111112 32.05884913888889))",08ac9bfc-78ee-437c-82b6-b1fa4595a489,POINT(119.90783058228351 32.055097829939356),249036d4-3fb4-4bb7-9a1f-05e8c73e9499,2026-03-26 16:15:32,2026-03-26 16:15:32
"2,076",苏州中海粮油货码头,"POLYGON((119.9294951388889 32.03968661111111,119.93081119444444 32.03623058333333,119.92838577777778 32.03556375,119.92919044444444 32.03325019444444,119.93269947222223 32.034132638888885,119.93425727777777 32.03064163888889,119.93787791666666 32.03154958333333,119.9338725 32.04075369444444,119.9294951388889 32.03968661111111))",193a7269-1aa8-4c44-b879-a98bdd525786,POINT(119.93320182101871 32.035693181984115),249036d4-3fb4-4bb7-9a1f-05e8c73e9499,2026-03-26 16:15:32,2026-03-26 16:15:32
"2,077",夹江码头,"POLYGON((119.96655005555556 31.987479222222223,119.97207183333333 31.98406977777778,119.97068066666667 31.982565194444444,119.96520180555555 31.9860475,119.96655005555556 31.987479222222223))",29388d6a-501a-491b-aec2-ce691b10622c,POINT(119.96864541615103 31.985027758819886),249036d4-3fb4-4bb7-9a1f-05e8c73e9499,2026-03-26 16:15:32,2026-03-26 16:15:32
"2,078",德胜港码头,"POLYGON((119.95452497222223 31.991713361111113,119.95960105555555 31.98727161111111,119.96079977777778 31.988240055555558,119.95566425 31.99255927777778,119.95452497222223 31.991713361111113))",616d3a66-a866-468d-a3cd-b6b3b99d110c,POINT(119.95768527562154 31.98991222138059),249036d4-3fb4-4bb7-9a1f-05e8c73e9499,2026-03-26 16:15:32,2026-03-26 16:15:32
"2,079",安州码头,"POLYGON((119.97385141666666 31.9958295,119.98147425 31.98741263888889,119.98473761111111 31.98929013888889,119.97729894444444 31.997782722222222,119.97385141666666 31.9958295))",bd8dfd57-fd1f-4bcc-a167-de05e5d5d66f,POINT(119.97930871384905 31.992613406679162),249036d4-3fb4-4bb7-9a1f-05e8c73e9499,2026-03-26 16:15:32,2026-03-26 16:15:32
"2,080",泰兴中建材码头,"POLYGON((120.00005083333333 32.000771,119.99610805555555 31.998375194444446,120.00244522222222 31.991957333333335,120.0064345 31.99487952777778,120.00005083333333 32.000771))",074bbcc8-8748-46ff-8cdd-f7fcebd7cbd4,POINT(120.00129056032917 31.996440123697983),cbb2f313-f661-46f7-9db6-a518c2cff34d,2026-03-26 16:15:32,2026-03-26 16:15:32
"2,081",华润化学码头,"POLYGON((119.98576283333334 31.98477088888889,119.99301552777779 31.977793888888886,119.99590513888889 31.979711111111108,119.98860955555556 31.98677288888889,119.98576283333334 31.98477088888889))",009a2521-13e0-427d-8eaa-2342ce29ca1e,POINT(119.99081997420933 31.982269117380955),249036d4-3fb4-4bb7-9a1f-05e8c73e9499,2026-03-26 16:15:32,2026-03-26 16:15:32
"2,082",常州新长江码头,"POLYGON((120.00521425 31.97202258333333,119.99656058333333 31.965295777777776,119.99208308333334 31.968730194444444,120.00050522222222 31.97571536111111,120.00521425 31.97202258333333))",874ae030-8b66-48c2-8cd1-a2e33c1b0dfb,POINT(119.99863213703901 31.9704777151586),249036d4-3fb4-4bb7-9a1f-05e8c73e9499,2026-03-26 16:15:32,2026-03-26 16:15:32
"2,083",国电常州电厂,"POLYGON((120.00531175 31.97192786111111,119.99663569444445 31.965235083333333,120.0007591388889 31.961342388888887,120.00956752777778 31.968536027777777,120.00531175 31.97192786111111))",e0090217-b3bd-47b3-887b-c09ef27a1744,POINT(120.00304194622923 31.966714631638816),249036d4-3fb4-4bb7-9a1f-05e8c73e9499,2026-03-26 16:15:32,2026-03-26 16:15:32
"2,084",华西化工码头,"POLYGON((120.02837805555555 31.961932194444444,120.02537438888889 31.953874055555556,120.04511544444445 31.9490265,120.04831938888888 31.956397805555554,120.02837805555555 31.961932194444444))",f0035398-0853-4ab0-8144-494e07612db9,POINT(120.0366794167451 31.955353797460564),a8554a58-1976-424e-95b2-24091881d1dc,2026-03-26 16:15:32,2026-03-26 16:15:32
"2,085",三芳巷码头,"POLYGON((120.0953443611111 31.944239666666668,120.0926435 31.93924272222222,120.11406652777777 31.93048075,120.11701661111111 31.936907555555557,120.0953443611111 31.944239666666668))",5779ee10-a35a-4a94-922a-9dcb3507080a,POINT(120.10516763500853 31.937558216068403),a8554a58-1976-424e-95b2-24091881d1dc,2026-03-26 16:15:32,2026-03-26 16:15:32
"2,086",江阴港申夏港区-5号码头,"POLYGON((120.14264516666667 31.93011588888889,120.13941222222223 31.914380249999997,120.15903883333334 31.912121666666664,120.16272955555556 31.927687722222224,120.14264516666667 31.93011588888889))",fbce8480-94b5-446a-84d8-8d6798b635eb,POINT(120.15095155167117 31.921109493116532),a8554a58-1976-424e-95b2-24091881d1dc,2026-03-26 16:15:32,2026-03-26 16:15:32
"2,087",江阴港（临港开发区6号码头）,"POLYGON((120.13120730555555 31.927025722222222,120.14040877777778 31.924372194444445,120.14238288888889 31.930078472222224,120.13312108333332 31.932479472222223,120.13120730555555 31.927025722222222))",02e005ec-3806-4193-8ea4-3c0cc0764b34,POINT(120.13681343405155 31.928478423830864),a8554a58-1976-424e-95b2-24091881d1dc,2026-03-26 16:15:32,2026-03-26 16:15:32
"2,088",江阴港（中信中煤江阴码头有限公司）,"POLYGON((120.13099288888888 31.927006722222224,120.13301772222222 31.932520916666668,120.12526077777777 31.934517972222224,120.12322522222222 31.92930136111111,120.13099288888888 31.927006722222224))",f013d274-031c-44c3-be61-93eff1dd7574,POINT(120.12815387542693 31.930821422819506),a8554a58-1976-424e-95b2-24091881d1dc,2026-03-26 16:15:32,2026-03-26 16:15:32
"2,089",江阴利港电厂,"POLYGON((120.07169572222222 31.945406194444445,120.08921702777778 31.939706277777777,120.0920236111111 31.945473833333335,120.0744686111111 31.951127555555555,120.07169572222222 31.945406194444445))",b699fa84-9ea6-4108-a68f-b672367bbfc5,POINT(120.08186392626112 31.94542466728565),a8554a58-1976-424e-95b2-24091881d1dc,2026-03-26 16:15:32,2026-03-26 16:15:32
"2,090",澄西船厂,"POLYGON((120.24260552777778 31.92796963888889,120.24286919444445 31.923893583333335,120.21578758333334 31.92267563888889,120.21621672222223 31.919625,120.21061358333334 31.919425805555555,120.21053313888889 31.92665952777778,120.24260552777778 31.92796963888889))",5439b9a7-923b-40fe-94e6-2df3cc111836,POINT(120.22510950412493 31.924773667541032),a8554a58-1976-424e-95b2-24091881d1dc,2026-03-26 16:15:32,2026-03-26 16:15:32
"2,091",江阴码头,"POLYGON((120.28083663888889 31.946099416666666,120.28266486111112 31.94047488888889,120.30050977777778 31.944493916666666,120.29852472222223 31.950168694444443,120.28083663888889 31.946099416666666))",085bd0fb-1ebd-458f-b967-3908d951a554,POINT(120.29065607870079 31.945310548270957),a8554a58-1976-424e-95b2-24091881d1dc,2026-03-26 16:15:32,2026-03-26 16:15:32
"2,092",江海码头,"POLYGON((120.31655469444445 31.95048622222222,120.3255526111111 31.953035166666666,120.32425083333332 31.956251583333334,120.31535305555555 31.95383625,120.31655469444445 31.95048622222222))",a220c954-8c40-4918-8820-cd3427eb88f6,POINT(120.3204076545069 31.953392098017062),a8554a58-1976-424e-95b2-24091881d1dc,2026-03-26 16:15:32,2026-03-26 16:15:32
"2,093",中粮江阴麦芽码头,"POLYGON((120.31481555555555 31.954999444444443,120.31643233333332 31.950387499999998,120.30063916666667 31.946296555555556,120.29889394444444 31.951006166666666,120.31481555555555 31.954999444444443))",099e4361-6465-4cac-84a8-3ebc4bb605bf,POINT(120.30766063498552 31.95066587639556),a8554a58-1976-424e-95b2-24091881d1dc,2026-03-26 16:15:33,2026-03-26 16:15:33
"2,094",靖江盈利码头,"POLYGON((120.35948341666666 32.017473833333334,120.36492858333332 32.010635666666666,120.36035630555556 32.00462208333333,120.35539241666666 32.00160144444445,120.34747275 32.01008980555556,120.35948341666666 32.017473833333334))",f6570f7a-f2d5-4a4a-8d8a-4bfa5f1856fc,POINT(120.35674160829514 32.00956706408317),dc4b11ec-ea0a-4b72-a085-36841f3b32ed,2026-03-26 16:15:33,2026-03-26 16:15:33
"2,095",靖江新华港货码头,"POLYGON((120.39569166666668 32.03263897222222,120.39325980555556 32.03462772222222,120.38734463888889 32.02999211111111,120.38965741666668 32.02781972222222,120.39569166666668 32.03263897222222))",13b4b0dc-be0f-431e-8b55-3fc8db1150ab,POINT(120.39148284676763 32.031255720286),dc4b11ec-ea0a-4b72-a085-36841f3b32ed,2026-03-26 16:15:33,2026-03-26 16:15:33
"2,096",修理码头,"POLYGON((120.44374308 32.060342,120.44081947 32.06453586,120.41795281 32.05164119,120.41488853 32.05396392,120.41357425 32.05611783,120.41069086 32.05389572,120.41664536 32.04943994,120.40042056 32.04153644,120.39661183 32.04271872,120.39616408 32.04178014,120.40593708 32.03777231,120.44374308 32.060342))",dc2c829f-9b2a-4e42-8cde-adc28cca8c73,POINT(120.42132791921422 32.05070573986484),dc4b11ec-ea0a-4b72-a085-36841f3b32ed,2026-03-26 16:15:33,2026-03-26 16:15:33
"2,097",如皋港集团通用码头,"POLYGON((120.59395988 32.03362138,120.58759411 32.02583553,120.57643612 32.0328695,120.58281772 32.03989767,120.58405153 32.03927583,120.59395988 32.03362138))",deeca08c-ec0c-4c48-b7ea-48cdd1b20050,POINT(120.58524847749875 32.03300954290639),40eb431e-4b50-4a85-a8be-e2c2a8f5f5a5,2026-03-26 16:15:33,2026-03-26 16:15:33
"2,098",南通船务修理码头,"POLYGON((120.63489355555556 32.02614797222222,120.64180025 32.02315763888889,120.63666383333334 32.015784805555555,120.63517719444445 32.01654213888889,120.63375161111112 32.01556136111111,120.63072630555556 32.01664425,120.62228319444444 32.00531758333333,120.58725155555555 32.02513255555556,120.59275252777778 32.03177872222222,120.62596022222222 32.01414347222222,120.62880336111111 32.01746388888889,120.63489355555556 32.02614797222222))",30c57bae-de62-4b0d-a064-dea02899611d,POINT(120.61295557542854 32.01887000977086),40eb431e-4b50-4a85-a8be-e2c2a8f5f5a5,2026-03-26 16:15:33,2026-03-26 16:15:33
"2,099",张家港海力码头,"POLYGON((120.6692115 31.994912833333334,120.66917394444445 31.991682305555557,120.66382294444445 31.991670916666667,120.66013488888889 31.987621611111113,120.6085756111111 31.987334611111113,120.60873413888888 31.991981333333335,120.64455616666667 31.991588361111113,120.6692115 31.994912833333334))",c973bd79-215d-44b1-8aaa-ed42630aec71,POINT(120.63854481155384 31.990091745757464),a5ef38e8-f45c-4025-85bd-a143d43a7e31,2026-03-26 16:15:33,2026-03-26 16:15:33
"2,100",越洋码头,"POLYGON((120.69348517 31.99343007,120.70326271 31.99287805,120.70344868 31.99530449,120.69368544 31.99578371,120.69348517 31.99343007))",3984a690-e7b1-470f-a9bf-f897c88eceec,POINT(120.69849490589374 31.994347380590604),a5ef38e8-f45c-4025-85bd-a143d43a7e31,2026-03-26 16:15:33,2026-03-26 16:15:33
"2,101",张家港沙洲电力,"POLYGON((120.66947075 31.991614666666667,120.68984627777778 31.992197027777777,120.68974794444445 31.99624466666667,120.66947758333333 31.995880694444445,120.66947075 31.991614666666667))",cd11a40d-8beb-4a82-8c90-33bab3510238,POINT(120.67954770309457 31.99398038300834),a5ef38e8-f45c-4025-85bd-a143d43a7e31,2026-03-26 16:15:33,2026-03-26 16:15:33
"2,102",新世界码头,"POLYGON((120.66653166666667 32.01108683333333,120.68538580555555 32.01458019444444,120.68773183333333 32.006695666666666,120.66873463888889 32.00288661111111,120.66653166666667 32.01108683333333))",c0dff6c8-5c3b-4ca6-a7a7-a58aed47574d,POINT(120.67704461906239 32.008794188872834),40eb431e-4b50-4a85-a8be-e2c2a8f5f5a5,2026-03-26 16:15:33,2026-03-26 16:15:33
"2,103",南通金德船舶码头,"POLYGON((120.68768022222223 32.055117277777775,120.71506558333334 32.041863138888885,120.71245786111112 32.037642999999996,120.68467675000001 32.05049838888888,120.68768022222223 32.055117277777775))",1b78e7a8-8e60-4a58-978f-bdde243cd141,POINT(120.699734788364 32.04638991889313),0b7f167e-04ea-4658-8b4d-0321dcabbeff,2026-03-26 16:15:33,2026-03-26 16:15:33
"2,104",南通华能电厂码头,"POLYGON((120.75928916666666 32.03162588888889,120.75362033333333 32.01886186111111,120.771457 32.014904694444446,120.77593361111111 32.02746919444444,120.75928916666666 32.03162588888889))",3ceab75d-a4ba-47ad-b499-73ba096a3a13,POINT(120.76500033281863 32.023164898585534),0b7f167e-04ea-4658-8b4d-0321dcabbeff,2026-03-26 16:15:33,2026-03-26 16:15:33
"2,105",华盛码头,"POLYGON((120.90638422222223 31.919051583333335,120.91433786111112 31.91064886111111,120.90017580555556 31.90260361111111,120.89881680555557 31.904680277777775,120.89525483333334 31.91313211111111,120.90638422222223 31.919051583333335))",b59a756a-15ba-42d3-a594-30f31189f5d9,POINT(120.90406547398611 31.911082673771602),0b7f167e-04ea-4658-8b4d-0321dcabbeff,2026-03-26 16:15:33,2026-03-26 16:15:33
"2,106",张家港永泰码头,"POLYGON((120.83191044444445 31.843862555555553,120.84200986111111 31.823566416666665,120.85033541666667 31.826337666666667,120.83960658333334 31.846754694444442,120.83191044444445 31.843862555555553))",ccadd738-33ed-474f-b6c3-6ccf5ce66cd6,POINT(120.84102718332784 31.83503192097399),a5ef38e8-f45c-4025-85bd-a143d43a7e31,2026-03-26 16:15:33,2026-03-26 16:15:33
"2,107",常熟兴华港码头,"POLYGON((120.93488244444445 31.762576833333334,120.95891505555556 31.762782083333335,120.95886141666666 31.767707833333333,120.95599144444445 31.767753444444445,120.9559441388889 31.770381333333333,120.93493011111111 31.77032786111111,120.93488244444445 31.762576833333334))",c006938a-f67d-48c9-b581-84636fb3ffbe,POINT(120.94639517957015 31.76640496183545),82d682d5-94d3-445b-8bf4-e1dd51267409,2026-03-26 16:15:33,2026-03-26 16:15:33
"2,108",南通港集团通海港区,"POLYGON((121.01634163888889 31.79373427777778,121.03586811111111 31.79129491666667,121.0348748611111 31.78533163888889,121.01521233333334 31.788010250000003,121.01634163888889 31.79373427777778))",dd5c3afa-2dc0-4780-b95a-583ef1a6374e,POINT(121.02563389877288 31.789580517891576),0b7f167e-04ea-4658-8b4d-0321dcabbeff,2026-03-26 16:15:33,2026-03-26 16:15:33
"2,109",南通其他码头,"POLYGON((121.00754308333333 31.80104038888889,121.01928041666666 31.799599694444446,121.01890491666667 31.793763722222224,121.01600813888889 31.794110250000003,121.0147045 31.78808927777778,121.00489119444444 31.789609194444445,121.00754308333333 31.80104038888889))",3d191b32-024c-4c2a-b36d-bbd93f6f76e9,POINT(121.01185761254224 31.794851531058303),0b7f167e-04ea-4658-8b4d-0321dcabbeff,2026-03-26 16:15:33,2026-03-26 16:15:33
"2,110",南通海螺水泥_水泥码头,"POLYGON((121.10261386111111 31.785698361111113,121.11555727777777 31.787247694444446,121.11061797222222 31.775072277777777,121.09960977777777 31.777623972222223,121.10261386111111 31.785698361111113))",cf9fa484-4079-4bde-ab52-1e20ceda3e56,POINT(121.10751415240698 31.781416236797327),0b7f167e-04ea-4658-8b4d-0321dcabbeff,2026-03-26 16:15:33,2026-03-26 16:15:33
"2,111",招商局重工（江苏）码头,"POLYGON((121.06879441666666 31.790293416666668,121.08488766666666 31.78840113888889,121.08341272222222 31.780365694444445,121.06736341666667 31.78255958333333,121.06879441666666 31.790293416666668))",8260ef07-0d67-4207-81d9-37dbabf8efc9,POINT(121.07616545560226 31.78539801186775),0b7f167e-04ea-4658-8b4d-0321dcabbeff,2026-03-26 16:15:33,2026-03-26 16:15:33
"2,112",江苏理文码头,"POLYGON((121.01464211111112 31.755864083333332,121.01215302777777 31.75119313888889,120.99860608333333 31.756800694444443,121.00002227777777 31.761301083333333,121.01464211111112 31.755864083333332))",b541c1b2-fce6-4e5d-91d5-9b812b9e5624,POINT(121.0064954472814 31.756262163094082),82d682d5-94d3-445b-8bf4-e1dd51267409,2026-03-26 16:15:33,2026-03-26 16:15:33
"2,113",长春化工码头,"POLYGON((121.014793 31.75576997222222,121.0120035 31.750612444444446,121.01915605555556 31.747997083333335,121.02178819444444 31.75296011111111,121.014793 31.75576997222222))",f4f864db-0ea1-4b01-92ea-226451381974,POINT(121.0169091507247 31.751841717703584),82d682d5-94d3-445b-8bf4-e1dd51267409,2026-03-26 16:15:33,2026-03-26 16:15:33
"2,114",东港化工码头,"POLYGON((121.0338053888889 31.74709538888889,121.03149869444444 31.74358275,121.0197685 31.74883388888889,121.02177122222223 31.752300722222223,121.0338053888889 31.74709538888889))",8d83637e-4e38-4ee6-ad06-e61b2405de31,POINT(121.02675429045293 31.74794086542747),82d682d5-94d3-445b-8bf4-e1dd51267409,2026-03-26 16:15:33,2026-03-26 16:15:33
"2,115",协鑫码头,"POLYGON((121.12916330555555 31.699718055555557,121.13506488888889 31.695486666666667,121.13851241666667 31.69947886111111,121.13254716666665 31.70334913888889,121.12916330555555 31.699718055555557))",f009dc67-0258-4eb7-9491-992d48cd4c0a,POINT(121.13384676936177 31.69947731708308),d18befbd-45ef-4aaa-bdea-8c75c06fae8e,2026-03-26 16:15:33,2026-03-26 16:15:33
"2,116",梅津码头,"POLYGON((121.13529472222223 31.695451833333333,121.15090327777779 31.686181666666666,121.15382152777778 31.68988211111111,121.13839891666667 31.699066722222224,121.13529472222223 31.695451833333333))",e4373f2f-45b3-45a2-954b-9a6824d1611e,POINT(121.14459588800769 31.692645734514816),d18befbd-45ef-4aaa-bdea-8c75c06fae8e,2026-03-26 16:15:33,2026-03-26 16:15:33
"2,117",太仓武钢码头,"POLYGON((121.16146444444445 31.686473222222222,121.15770219444445 31.681810944444447,121.16870283333334 31.67617452777778,121.17270827777779 31.681311833333336,121.16146444444445 31.686473222222222))",7925088a-f149-48ad-a1a2-cdb5f4c5c4c7,POINT(121.16522265104193 31.681399770802336),d18befbd-45ef-4aaa-bdea-8c75c06fae8e,2026-03-26 16:15:33,2026-03-26 16:15:33
"2,118",华能煤炭运输中心,"POLYGON((121.17084877777778 31.67520413888889,121.17762938888889 31.671003944444447,121.18209258333334 31.675934583333333,121.17518322222223 31.67996411111111,121.17084877777778 31.67520413888889))",c0111651-7b47-401d-ad0e-dd0c42442222,POINT(121.17645647841927 31.675514337637726),d18befbd-45ef-4aaa-bdea-8c75c06fae8e,2026-03-26 16:15:33,2026-03-26 16:15:33
"2,119",华能太仓电厂,"POLYGON((121.1780705 31.670953305555557,121.18181683333334 31.674859944444446,121.19401908333333 31.667530777777777,121.18969894444444 31.662587499999997,121.1780705 31.670953305555557))",1cd47114-4d2d-4f96-86f5-c93c4bc90a01,POINT(121.186093150057 31.668845072009766),d18befbd-45ef-4aaa-bdea-8c75c06fae8e,2026-03-26 16:15:33,2026-03-26 16:15:33
"2,120",玖龙纸业码头,"POLYGON((121.25085516666667 31.59927061111111,121.25703497222223 31.590765694444443,121.27620380555555 31.600099111111113,121.26973791666667 31.60835952777778,121.25085516666667 31.59927061111111))",0dc441d0-9099-4eb6-985d-4534ef23b579,POINT(121.2634528248864 31.599603972301946),d18befbd-45ef-4aaa-bdea-8c75c06fae8e,2026-03-26 16:15:33,2026-03-26 16:15:33
"2,121",太仓协鑫电厂,"POLYGON((121.2570686388889 31.590243277777777,121.26376344444445 31.581298805555555,121.28321838888888 31.59129122222222,121.27638055555555 31.59972297222222,121.2570686388889 31.590243277777777))",120ca615-3ae2-4a0a-9168-bb3004009202,POINT(121.27006017745157 31.590594913506855),d18befbd-45ef-4aaa-bdea-8c75c06fae8e,2026-03-26 16:15:33,2026-03-26 16:15:33
"2,122",太仓阳鸿石化码头,"POLYGON((121.28430738888889 31.591625777777775,121.26628680555555 31.581948444444443,121.27830002777777 31.565102305555556,121.29761113888888 31.57558875,121.28430738888889 31.591625777777775))",05934b8c-a72e-4de6-b734-767e97201177,POINT(121.28169522829081 31.578463073009154),d18befbd-45ef-4aaa-bdea-8c75c06fae8e,2026-03-26 16:15:33,2026-03-26 16:15:33
"2,123",罗泾杂货码头,"POLYGON((121.36533891666666 31.497060166666667,121.38534819444445 31.485875916666668,121.39232586111112 31.494789416666666,121.37284230555555 31.505693611111113,121.36533891666666 31.497060166666667))",18c3cf8f-6d04-4bf8-a3a7-e57504620800,POINT(121.3789462022832 31.495836608467645),564f6448-4816-4a87-8bcb-3db92d168ae7,2026-03-26 16:15:33,2026-03-26 16:15:33
"2,124",罗泾煤码头,"POLYGON((121.3860931388889 31.486173194444444,121.39830369444445 31.479462888888886,121.40573761111112 31.48794855555556,121.39302036111111 31.494669805555557,121.3860931388889 31.486173194444444))",7b471d67-36b9-42a9-a1c4-94a3f7168556,POINT(121.39582774060348 31.48707186732633),564f6448-4816-4a87-8bcb-3db92d168ae7,2026-03-26 16:15:33,2026-03-26 16:15:33
"2,125",华能上海石洞口电厂,"POLYGON((121.39857 31.479391027777776,121.40911108333334 31.473054555555553,121.41313569444445 31.477524055555556,121.41505347222223 31.476483249999998,121.41854677777778 31.480987,121.40608702777779 31.487806333333335,121.39857 31.479391027777776))",ea0d4286-7686-4cb4-964f-30ab1b6917f5,POINT(121.40833398333258 31.480398930623053),2453ef8f-f79a-41d2-a943-1421806ae563,2026-03-26 16:15:33,2026-03-26 16:15:33
"2,126",宝钢原材料码头,"POLYGON((121.40827027777779 31.47076733333333,121.42908422222223 31.45784108333333,121.43965744444445 31.470946388888887,121.42037413888889 31.48197536111111,121.41495175 31.47550411111111,121.41309150000001 31.476637055555553,121.40827027777779 31.47076733333333))",8c0324c0-c38e-498b-af12-91832a84b7d1,POINT(121.42429605938435 31.47017611554166),564f6448-4816-4a87-8bcb-3db92d168ae7,2026-03-26 16:15:34,2026-03-26 16:15:34
"2,127",上海浦航石化码头,"POLYGON((121.71059538888889 31.303421444444446,121.70330861111111 31.297019333333335,121.71721319444444 31.286164222222222,121.72542433333334 31.29303438888889,121.71059538888889 31.303421444444446))",f70a5046-cc7e-467f-89e3-7ab9a7aa88ca,POINT(121.71425598292852 31.29483523223119),665abb5f-21e9-48b3-91a0-5cf6542c8295,2026-03-26 16:15:34,2026-03-26 16:15:34
