cluster_id,lat,lon,count,dwell_minutes,center_method,radius_m,type,polygon,distance_to_coast,inside_china_land,land_overlap_action,terminal_overlap_action
0,35.26501445454546,119.65918946060606,195,564744.7,duration_weighted_stop_medoid,6000.0,anchorage,"POLYGON ((119.708986 35.248172, 119.704005 35.240561, 119.697302 35.23389, 119.689134 35.228415, 119.679816 35.224346, 119.669705 35.221841, 119.659189 35.220995, 119.648674 35.221841, 119.638563 35.224346, 119.629245 35.228415, 119.621077 35.23389, 119.614374 35.240561, 119.609393 35.248172, 119.606326 35.256428, 119.605291 35.265014, 119.606326 35.2736, 119.609393 35.281854, 119.614374 35.28946, 119.621077 35.296127, 119.629245 35.301597, 119.638563 35.305662, 119.648674 35.308165, 119.659189 35.30901, 119.669705 35.308165, 119.679816 35.305662, 119.689134 35.301597, 119.697302 35.296127, 119.704005 35.28946, 119.708986 35.281854, 119.712053 35.2736, 119.713088 35.265014, 119.712053 35.256428, 119.708986 35.248172))",19121.40359471854,False,unchanged,unchanged
1,39.15520324074074,119.14676377777778,433,1466000.6,duration_weighted_stop_medoid,6000.0,anchorage,"POLYGON ((119.19656 39.139207, 119.191579 39.131979, 119.184876 39.125643, 119.176708 39.120443, 119.16739 39.116579, 119.157279 39.114199, 119.146764 39.113396, 119.136249 39.114199, 119.126138 39.116579, 119.116819 39.120443, 119.108651 39.125643, 119.101948 39.131979, 119.096968 39.139207, 119.093901 39.147049, 119.092865 39.155203, 119.093901 39.163357, 119.096968 39.171196, 119.101948 39.17842, 119.108651 39.184751, 119.116819 39.189946, 119.126138 39.193806, 119.136249 39.196184, 119.146764 39.196986, 119.157279 39.196184, 119.16739 39.193806, 119.176708 39.189946, 119.184876 39.184751, 119.191579 39.17842, 119.19656 39.171196, 119.199627 39.163357, 119.200663 39.155203, 119.199627 39.147049, 119.19656 39.139207))",14364.734821346614,False,unchanged,unchanged
9,38.90998323287671,118.35950227397261,1038,2988389.416666667,duration_weighted_stop_medoid,6000.0,anchorage,"POLYGON ((118.409298 38.893931, 118.404318 38.886678, 118.397615 38.880321, 118.389447 38.875102, 118.380128 38.871225, 118.370017 38.868837, 118.359502 38.86803, 118.348987 38.868837, 118.338876 38.871225, 118.329558 38.875102, 118.32139 38.880321, 118.314687 38.886678, 118.309706 38.893931, 118.306639 38.901801, 118.305603 38.909983, 118.306639 38.918165, 118.309706 38.926031, 118.314687 38.93328, 118.32139 38.939633, 118.329558 38.944847, 118.338876 38.948721, 118.348987 38.951106, 118.359502 38.951911, 118.370017 38.951106, 118.380128 38.948721, 118.389447 38.944847, 118.397615 38.939633, 118.404318 38.93328, 118.409298 38.926031, 118.412366 38.918165, 118.413401 38.909983, 118.412366 38.901801, 118.409298 38.893931))",13906.193789283834,False,unchanged,unchanged
10,38.91063241935484,118.67540192741936,480,1418217.85,duration_weighted_stop_medoid,6000.0,anchorage,"POLYGON ((118.725198 38.894581, 118.720217 38.887328, 118.713514 38.88097, 118.705347 38.875752, 118.696028 38.871874, 118.685917 38.869486, 118.675402 38.86868, 118.664887 38.869486, 118.654776 38.871874, 118.645457 38.875752, 118.63729 38.88097, 118.630587 38.887328, 118.625606 38.894581, 118.622539 38.90245, 118.621503 38.910632, 118.622539 38.918814, 118.625606 38.92668, 118.630587 38.933929, 118.63729 38.940282, 118.645457 38.945496, 118.654776 38.94937, 118.664887 38.951755, 118.675402 38.95256, 118.685917 38.951755, 118.696028 38.94937, 118.705347 38.945496, 118.713514 38.940282, 118.720217 38.933929, 118.725198 38.92668, 118.728265 38.918814, 118.729301 38.910632, 118.728265 38.90245, 118.725198 38.894581))",12613.788803347821,False,unchanged,unchanged
11,39.54659652173913,121.05584131521739,14,42385.58333333333,duration_weighted_stop_medoid,3754.5359049194735,anchorage,"POLYGON ((121.087002 39.536643, 121.083885 39.532146, 121.07969 39.528204, 121.074579 39.524969, 121.068748 39.522565, 121.062421 39.521084, 121.055841 39.520584, 121.049261 39.521084, 121.042934 39.522565, 121.037103 39.524969, 121.031992 39.528204, 121.027798 39.532146, 121.024681 39.536643, 121.022762 39.541523, 121.022114 39.546597, 121.022762 39.55167, 121.024681 39.556548, 121.027798 39.561044, 121.031992 39.564984, 121.037103 39.568218, 121.042934 39.57062, 121.049261 39.5721, 121.055841 39.572599, 121.062421 39.5721, 121.068748 39.57062, 121.074579 39.568218, 121.07969 39.564984, 121.083885 39.561044, 121.087002 39.556548, 121.088921 39.55167, 121.089569 39.546597, 121.088921 39.541523, 121.087002 39.536643))",18831.853255795126,False,unchanged,unchanged
13,39.838427371428565,119.77434524285714,127,401103.1166666667,duration_weighted_stop_medoid,6000.0,anchorage,"POLYGON ((119.824141 39.822588, 119.819161 39.81543, 119.812458 39.809156, 119.80429 39.804007, 119.794971 39.800181, 119.78486 39.797824, 119.774345 39.797028, 119.76383 39.797824, 119.753719 39.800181, 119.744401 39.804007, 119.736233 39.809156, 119.72953 39.81543, 119.724549 39.822588, 119.721482 39.830353, 119.720446 39.838427, 119.721482 39.846501, 119.724549 39.854263, 119.72953 39.861417, 119.736233 39.867686, 119.744401 39.87283, 119.753719 39.876653, 119.76383 39.879007, 119.774345 39.879801, 119.78486 39.879007, 119.794971 39.876653, 119.80429 39.87283, 119.812458 39.867686, 119.819161 39.861417, 119.824141 39.854263, 119.827209 39.846501, 119.828244 39.838427, 119.827209 39.830353, 119.824141 39.822588))",15818.270350973464,False,unchanged,unchanged
14,39.347175422535216,121.18871985915493,155,426161.29999999993,duration_weighted_stop_medoid,3542.679662920328,anchorage,"POLYGON ((121.218122 39.337757, 121.215181 39.333501, 121.211223 39.329771, 121.206401 39.32671, 121.200899 39.324435, 121.194928 39.323034, 121.18872 39.322561, 121.182511 39.323034, 121.176541 39.324435, 121.171039 39.32671, 121.166217 39.329771, 121.162259 39.333501, 121.159318 39.337757, 121.157507 39.342374, 121.156895 39.347175, 121.157507 39.351977, 121.159318 39.356593, 121.162259 39.360847, 121.166217 39.364575, 121.171039 39.367635, 121.176541 39.369909, 121.182511 39.371309, 121.18872 39.371782, 121.194928 39.371309, 121.200899 39.369909, 121.206401 39.367635, 121.211223 39.364575, 121.215181 39.360847, 121.218122 39.356593, 121.219933 39.351977, 121.220544 39.347175, 121.219933 39.342374, 121.218122 39.337757))",10136.278855942574,False,unchanged,unchanged
18,39.81142278125,119.62420653125,71,200886.65,duration_weighted_stop_medoid,6000.0,anchorage,"POLYGON ((119.674003 39.795577, 119.669022 39.788417, 119.662319 39.78214, 119.654151 39.776989, 119.644833 39.773161, 119.634722 39.770804, 119.624207 39.770008, 119.613691 39.770804, 119.60358 39.773161, 119.594262 39.776989, 119.586094 39.78214, 119.579391 39.788417, 119.57441 39.795577, 119.571343 39.803345, 119.570308 39.811423, 119.571343 39.8195, 119.57441 39.827265, 119.579391 39.834421, 119.586094 39.840693, 119.594262 39.845839, 119.60358 39.849663, 119.613691 39.852018, 119.624207 39.852813, 119.634722 39.852018, 119.644833 39.849663, 119.654151 39.845839, 119.662319 39.840693, 119.669022 39.834421, 119.674003 39.827265, 119.67707 39.8195, 119.678105 39.811423, 119.67707 39.803345, 119.674003 39.795577))",10420.06193923446,False,unchanged,unchanged
22,31.502759532467532,121.4016725064935,198,471565.7333333333,duration_weighted_stop_medoid,6000.0,anchorage,"POLYGON ((121.451469 31.485172, 121.446488 31.477225, 121.439785 31.470259, 121.438103 31.469081, 121.438321 31.473838, 121.438321 31.473842, 121.43832 31.473846, 121.438319 31.47385, 121.437557 31.475937, 121.437556 31.47594, 121.437553 31.475944, 121.437551 31.475947, 121.437548 31.47595, 121.437545 31.475953, 121.437541 31.475956, 121.43516 31.477475, 121.435157 31.477477, 121.435153 31.477479, 121.435149 31.47748, 121.435145 31.477481, 121.43514 31.477482, 121.435136 31.477483, 121.431243 31.477693, 121.430261 31.479551, 121.430259 31.479555, 121.430256 31.479558, 121.430253 31.479561, 121.43025 31.479564, 121.430247 31.479566, 121.428537 31.480639, 121.428533 31.480641, 121.428529 31.480643, 121.428525 31.480645, 121.428521 31.480646, 121.428517 31.480646, 121.428513 31.480647, 121.421985 31.480982, 121.421981 31.480982, 121.421977 31.480982, 121.421972 31.480981, 121.421968 31.48098, 121.419877 31.48036, 121.419873 31.480359, 121.419869 31.480357, 121.419865 31.480355, 121.419861 31.480352, 121.419858 31.48035, 121.419855 31.480347, 121.418157 31.478396, 121.377693 31.495961, 121.379829 31.498239, 121.379831 31.498242, 121.379834 31.498245, 121.379836 31.498249, 121.379837 31.498253, 121.379838 31.498256, 121.380143 31.499783, 121.380143 31.499787, 121.380143 31.499791, 121.380143 31.499795, 121.380142 31.499799, 121.379541 31.501722, 121.37954 31.501726, 121.379538 31.501729, 121.379537 31.501732, 121.379535 31.501734, 121.377446 31.504315, 121.377443 31.504318, 121.377439 31.504321, 121.377435 31.504324, 121.375654 31.505439, 121.37565 31.505441, 121.375646 31.505443, 121.375642 31.505445, 121.375638 31.505446, 121.375633 31.505446, 121.373444 31.505702, 121.373439 31.505703, 121.373434 31.505703, 121.37343 31.505702, 121.373426 31.505701, 121.370341 31.504981, 121.370337 31.50498, 121.370333 31.504978, 121.370329 31.504977, 121.370325 31.504974, 121.370322 31.504972, 121.368716 31.50367, 121.368713 31.503668, 121.36871 31.503665, 121.368708 31.503662, 121.368706 31.503659, 121.368705 31.503656, 121.368064 31.502141, 121.367923 31.502024, 121.357646 31.508965, 121.357623 31.50898, 121.349726 31.514301, 121.351876 31.520344, 121.356857 31.528287, 121.36356 31.535249, 121.371728 31.540962, 121.381046 31.545207, 121.391157 31.547821, 121.401673 31.548703, 121.412188 31.547821, 121.422299 31.545207, 121.431617 31.540962, 121.439785 31.535249, 121.446488 31.528287, 121.451469 31.520344, 121.454536 31.511724, 121.455571 31.50276, 121.454536 31.493794, 121.451469 31.485172))",5001.98946800001,False,land_area_clipped,terminal_area_clipped
24,27.94464755223881,121.16723686567164,126,364788.09999999986,duration_weighted_stop_medoid,6000.0,anchorage,"POLYGON ((121.217033 27.926425, 121.212052 27.918191, 121.205349 27.910974, 121.197181 27.90505, 121.187863 27.900649, 121.177752 27.897938, 121.167237 27.897023, 121.156722 27.897938, 121.146611 27.900649, 121.137292 27.90505, 121.129125 27.910974, 121.122422 27.918191, 121.118282 27.925035, 121.132594 27.928317, 121.135045 27.92899, 121.137413 27.929867, 121.15076 27.935483, 121.153083 27.936587, 121.155273 27.937887, 121.157309 27.939369, 121.159171 27.94102, 121.160841 27.942824, 121.162304 27.944764, 121.163545 27.946821, 121.164552 27.948974, 121.165316 27.951205, 121.16583 27.953491, 121.166088 27.95581, 121.166576 27.964599, 121.166575 27.966957, 121.166309 27.969303, 121.165782 27.971614, 121.164999 27.973868, 121.163967 27.976042, 121.162697 27.978116, 121.1612 27.980068, 121.159492 27.98188, 121.151185 27.989854, 121.156722 27.991337, 121.167237 27.992251, 121.177752 27.991337, 121.187863 27.988629, 121.197181 27.98423, 121.205349 27.978311, 121.212052 27.971097, 121.217033 27.962867, 121.2201 27.953936, 121.221136 27.944648, 121.2201 27.935358, 121.217033 27.926425))",3489.3087047120134,False,land_area_clipped,unchanged
28,38.97521177108433,121.75328362650603,144,438863.5666666667,duration_weighted_stop_medoid,6000.0,anchorage,"POLYGON ((121.791396 38.945576, 121.783228 38.940363, 121.77391 38.936489, 121.763799 38.934103, 121.753284 38.933297, 121.742768 38.934103, 121.732657 38.936489, 121.723339 38.940363, 121.715171 38.945576, 121.708468 38.951928, 121.703488 38.959175, 121.70042 38.967037, 121.699385 38.975212, 121.70042 38.983386, 121.70158 38.986358, 121.70606 38.986027, 121.732383 38.981184, 121.73238 38.98118, 121.732378 38.981177, 121.732377 38.981174, 121.732376 38.981171, 121.732375 38.981168, 121.732143 38.979864, 121.732143 38.97986, 121.732143 38.979857, 121.732143 38.979853, 121.732144 38.979849, 121.732746 38.978277, 121.732748 38.978274, 121.73275 38.978271, 121.732753 38.978267, 121.732756 38.978264, 121.733867 38.977271, 121.73387 38.977269, 121.733874 38.977267, 121.733877 38.977265, 121.735544 38.976441, 121.735548 38.976439, 121.735551 38.976438, 121.735555 38.976437, 121.735559 38.976436, 121.735563 38.976436, 121.737738 38.976227, 121.737743 38.976227, 121.737747 38.976227, 121.737752 38.976227, 121.737756 38.976228, 121.73776 38.976229, 121.739804 38.976846, 121.739808 38.976847, 121.739812 38.976849, 121.739815 38.976851, 121.739819 38.976853, 121.739822 38.976856, 121.741246 38.978151, 121.741249 38.978153, 121.741251 38.978156, 121.741253 38.978159, 121.742019 38.979515, 121.74202 38.979518, 121.742021 38.979521, 121.742022 38.979524, 121.742022 38.979527, 121.742116 38.980773, 121.743295 38.980882, 121.745905 38.981333, 121.74552 38.981039, 121.745517 38.981036, 121.745514 38.981033, 121.745511 38.98103, 121.745509 38.981026, 121.744423 38.978784, 121.744422 38.97878, 121.744421 38.978777, 121.744421 38.978773, 121.744389 38.977452, 121.744389 38.977448, 121.74439 38.977444, 121.744391 38.977441, 121.744393 38.977437, 121.745236 38.975928, 121.745238 38.975924, 121.745241 38.975921, 121.745244 38.975918, 121.745248 38.975916, 121.746702 38.974902, 121.746706 38.9749, 121.746709 38.974898, 121.746713 38.974896, 121.748306 38.974313, 121.74831 38.974311, 121.748314 38.97431, 121.748317 38.97431, 121.748321 38.974309, 121.748325 38.974309, 121.750518 38.974315, 121.750523 38.974315, 121.750527 38.974316, 121.750531 38.974317, 121.750535 38.974318, 121.750539 38.974319, 121.752467 38.975132, 121.752471 38.975134, 121.752475 38.975136, 121.752478 38.975138, 121.752481 38.975141, 121.752483 38.975143, 121.753687 38.976569, 121.753689 38.976572, 121.753691 38.976575, 121.753692 38.976578, 121.753693 38.976582, 121.754326 38.979312, 121.754326 38.979315, 121.754326 38.979319, 121.754326 38.979322, 121.754326 38.979325, 121.754325 38.979328, 121.754323 38.979331, 121.753676 38.980631, 121.753674 38.980634, 121.753672 38.980638, 121.753669 38.98064, 121.753666 38.980643, 121.752416 38.981643, 121.752413 38.981645, 121.75241 38.981647, 121.752406 38.981649, 121.750629 38.982409, 121.750625 38.982411, 121.750621 38.982412, 121.750616 38.982413, 121.750612 38.982413, 121.749881 38.982475, 121.750958 38.982847, 121.753301 38.983887, 121.755499 38.985104, 121.757529 38.986486, 121.759371 38.988019, 121.761006 38.989688, 121.762419 38.991475, 121.763595 38.993363, 121.764522 38.995332, 121.764536 38.995374, 121.787992 38.962647, 121.789579 38.960694, 121.791434 38.958888, 121.793532 38.957252, 121.799091 38.953372, 121.798099 38.951928, 121.791396 38.945576), (121.756231 38.982877, 121.756226 38.982875, 121.756222 38.982873, 121.756218 38.982871, 121.756215 38.982868, 121.75505 38.981859, 121.755048 38.981857, 121.755045 38.981854, 121.755043 38.981851, 121.755041 38.981848, 121.754459 38.98057, 121.754458 38.980567, 121.754457 38.980563, 121.754456 38.980559, 121.754398 38.978514, 121.754398 38.97851, 121.754399 38.978507, 121.7544 38.978503, 121.754402 38.978499, 121.755263 38.976916, 121.755265 38.976913, 121.755267 38.97691, 121.75527 38.976907, 121.755273 38.976905, 121.755276 38.976902, 121.757005 38.97583, 121.757008 38.975828, 121.757012 38.975827, 121.757016 38.975825, 121.75702 38.975824, 121.757024 38.975823, 121.759604 38.975413, 121.759608 38.975413, 121.759612 38.975413, 121.759616 38.975413, 121.761425 38.975522, 121.76143 38.975522, 121.761434 38.975523, 121.761438 38.975524, 121.761442 38.975525, 121.763048 38.976182, 121.763052 38.976183, 121.763056 38.976185, 121.763059 38.976188, 121.764378 38.97722, 121.764381 38.977223, 121.764384 38.977226, 121.764387 38.977229, 121.764389 38.977233, 121.765127 38.978813, 121.765129 38.978817, 121.76513 38.978821, 121.76513 38.978825, 121.76513 38.978828, 121.764885 38.980977, 121.764884 38.980981, 121.764883 38.980984, 121.764882 38.980987, 121.76488 38.98099, 121.764097 38.982178, 121.764095 38.982181, 121.764092 38.982183, 121.764089 38.982186, 121.764086 38.982188, 121.762787 38.983061, 121.762784 38.983063, 121.76278 38.983065, 121.762776 38.983066, 121.762772 38.983067, 121.761147 38.983497, 121.761142 38.983498, 121.761138 38.983499, 121.761133 38.983499, 121.758249 38.983537, 121.758244 38.983537, 121.758239 38.983536, 121.758235 38.983535, 121.75823 38.983534, 121.756231 38.982877))",4100.772078792088,False,land_area_clipped,terminal_area_clipped
31,36.79139407936508,122.436669,278,1030175.7999999999,duration_weighted_stop_medoid,6000.0,anchorage,"POLYGON ((122.486465 36.774874, 122.481484 36.76741, 122.474781 36.760867, 122.466614 36.755497, 122.457295 36.751506, 122.447184 36.749048, 122.436669 36.748219, 122.426154 36.749048, 122.416043 36.751506, 122.406724 36.755497, 122.398557 36.760867, 122.391854 36.76741, 122.386873 36.774874, 122.383806 36.782973, 122.38277 36.791394, 122.383806 36.799814, 122.386873 36.80791, 122.391854 36.815371, 122.398557 36.821909, 122.406724 36.827275, 122.416043 36.831261, 122.426154 36.833716, 122.436669 36.834545, 122.447184 36.833716, 122.457295 36.831261, 122.466614 36.827275, 122.474781 36.821909, 122.481484 36.815371, 122.486465 36.80791, 122.489532 36.799814, 122.490568 36.791394, 122.489532 36.782973, 122.486465 36.774874))",9789.098632496838,False,unchanged,unchanged
33,31.730326980198022,121.12850114851486,139,415791.5,duration_weighted_stop_medoid,6000.0,anchorage,"POLYGON ((121.178297 31.712782, 121.173316 31.704855, 121.16677 31.698067, 121.164537 31.699959, 121.164946 31.700506, 121.164948 31.700509, 121.16495 31.700512, 121.164951 31.700516, 121.165594 31.702392, 121.165595 31.702396, 121.165595 31.702399, 121.165596 31.702402, 121.165596 31.702406, 121.165474 31.703885, 121.165474 31.703889, 121.165473 31.703893, 121.165471 31.703896, 121.165469 31.7039, 121.164695 31.705228, 121.164693 31.705231, 121.164691 31.705234, 121.164688 31.705237, 121.164685 31.705239, 121.163228 31.706399, 121.163224 31.706401, 121.16322 31.706404, 121.163215 31.706405, 121.161613 31.707021, 121.161609 31.707023, 121.161605 31.707024, 121.1616 31.707024, 121.161596 31.707025, 121.159839 31.70707, 121.159834 31.70707, 121.15983 31.70707, 121.159826 31.707069, 121.159821 31.707068, 121.158178 31.706536, 121.158174 31.706534, 121.15817 31.706532, 121.158167 31.70653, 121.158163 31.706528, 121.156886 31.7055, 121.156883 31.705497, 121.15688 31.705494, 121.156877 31.70549, 121.156875 31.705486, 121.156704 31.705118, 121.155913 31.705521, 121.156341 31.705889, 121.156344 31.705892, 121.156347 31.705894, 121.156349 31.705898, 121.156351 31.705901, 121.157022 31.707272, 121.157024 31.707276, 121.157025 31.707279, 121.157025 31.707282, 121.157026 31.707286, 121.157099 31.71004, 121.157099 31.710045, 121.157099 31.710049, 121.157097 31.710053, 121.156567 31.711515, 121.156566 31.711519, 121.156564 31.711522, 121.156561 31.711526, 121.156559 31.711529, 121.155396 31.712697, 121.155393 31.7127, 121.15539 31.712702, 121.155387 31.712704, 121.155383 31.712706, 121.153405 31.713615, 121.153401 31.713617, 121.153396 31.713619, 121.153391 31.713619, 121.151629 31.713869, 121.151624 31.713869, 121.15162 31.713869, 121.151616 31.713869, 121.151611 31.713868, 121.149874 31.713513, 121.149869 31.713512, 121.149865 31.71351, 121.149861 31.713508, 121.149857 31.713506, 121.148012 31.712287, 121.148009 31.712284, 121.148006 31.712282, 121.148003 31.712279, 121.148 31.712276, 121.147075 31.71091, 121.147073 31.710907, 121.147072 31.710903, 121.14707 31.7109, 121.14707 31.710896, 121.147069 31.710893, 121.147015 31.710055, 121.080874 31.743749, 121.077719 31.745105, 121.078705 31.747869, 121.083686 31.755792, 121.090389 31.762737, 121.098557 31.768436, 121.107875 31.772671, 121.111591 31.773629, 121.11183 31.773594, 121.114584 31.77343, 121.117343 31.773506, 121.120079 31.773822, 121.122762 31.774374, 121.125365 31.775157, 121.127679 31.77609, 121.128501 31.776158, 121.139016 31.775278, 121.149127 31.772671, 121.155497 31.769776, 121.155869 31.769371, 121.164947 31.760411, 121.16361 31.759627, 121.163606 31.759625, 121.163603 31.759622, 121.1636 31.75962, 121.163598 31.759617, 121.163596 31.759614, 121.162416 31.757806, 121.162414 31.757803, 121.162413 31.757799, 121.162412 31.757796, 121.162411 31.757793, 121.162162 31.756288, 121.162162 31.756284, 121.162162 31.75628, 121.162163 31.756276, 121.162163 31.756273, 121.162625 31.754805, 121.162626 31.754801, 121.162628 31.754797, 121.16263 31.754794, 121.162633 31.754791, 121.163731 31.753592, 121.163734 31.753589, 121.163737 31.753586, 121.163741 31.753584, 121.163744 31.753582, 121.165875 31.752572, 121.165879 31.75257, 121.165884 31.752568, 121.165888 31.752568, 121.165892 31.752567, 121.167665 31.752402, 121.167669 31.752402, 121.167673 31.752402, 121.167677 31.752402, 121.167681 31.752403, 121.167685 31.752404, 121.169779 31.753036, 121.169782 31.753037, 121.169786 31.753038, 121.169789 31.75304, 121.169793 31.753042, 121.169795 31.753045, 121.17105 31.754123, 121.171053 31.754125, 121.171056 31.754128, 121.171058 31.754132, 121.171271 31.754472, 121.178127 31.74814, 121.178297 31.747869, 121.181364 31.73927, 121.1824 31.730327, 121.181364 31.721383, 121.178297 31.712782), (121.13222 31.72779, 121.132215 31.727791, 121.132211 31.727791, 121.132206 31.72779, 121.132202 31.72779, 121.132198 31.727789, 121.132194 31.727787, 121.13026 31.72699, 121.130256 31.726988, 121.130252 31.726986, 121.130248 31.726983, 121.130245 31.72698, 121.129154 31.725844, 121.129151 31.725841, 121.129149 31.725837, 121.129147 31.725834, 121.129146 31.72583, 121.129145 31.725826, 121.128514 31.722513, 121.128513 31.722509, 121.128513 31.722505, 121.128514 31.722502, 121.128514 31.722498, 121.128516 31.722494, 121.128517 31.722491, 121.129467 31.720793, 121.129469 31.72079, 121.129471 31.720788, 121.129474 31.720785, 121.129476 31.720782, 121.129479 31.72078, 121.13086 31.719832, 121.130864 31.71983, 121.130867 31.719828, 121.130872 31.719826, 121.130876 31.719825, 121.133382 31.719205, 121.133386 31.719204, 121.13339 31.719204, 121.133395 31.719204, 121.133399 31.719204, 121.135125 31.719362, 121.135129 31.719363, 121.135134 31.719364, 121.135138 31.719365, 121.135142 31.719367, 121.136668 31.72007, 121.136672 31.720072, 121.136676 31.720075, 121.13668 31.720078, 121.136683 31.720081, 121.137969 31.72156, 121.137971 31.721563, 121.137973 31.721566, 121.137975 31.721569, 121.13863 31.723106, 121.138631 31.723109, 121.138632 31.723112, 121.138632 31.723115, 121.138632 31.723119, 121.138626 31.724627, 121.138626 31.72463, 121.138625 31.724633, 121.138624 31.724637, 121.138623 31.72464, 121.138621 31.724643, 121.13766 31.726334, 121.137658 31.726337, 121.137656 31.726339, 121.137653 31.726342, 121.137651 31.726345, 121.137648 31.726347, 121.136262 31.727287, 121.136258 31.727289, 121.136254 31.727291, 121.136249 31.727293, 121.136245 31.727294, 121.13624 31.727295, 121.13222 31.72779))",4217.04787788762,False,land_area_clipped,terminal_area_clipped
34,26.459425734177216,119.95327441772152,504,1365402.7333333334,duration_weighted_stop_medoid,6000.0,anchorage,"POLYGON ((120.003071 26.440959, 119.99809 26.432615, 119.991387 26.425301, 119.983219 26.419298, 119.973901 26.414837, 119.96379 26.41209, 119.953274 26.411163, 119.942759 26.41209, 119.932648 26.414837, 119.92333 26.419298, 119.915162 26.425301, 119.908459 26.432615, 119.903478 26.440959, 119.900411 26.450012, 119.899376 26.459426, 119.900411 26.468839, 119.903478 26.47789, 119.908459 26.486231, 119.915162 26.493541, 119.92333 26.49954, 119.932648 26.503997, 119.942759 26.506742, 119.953274 26.507669, 119.96379 26.506742, 119.973901 26.503997, 119.983219 26.49954, 119.991387 26.493541, 119.99809 26.486231, 120.003071 26.47789, 120.006138 26.468839, 120.007173 26.459426, 120.006138 26.450012, 120.003071 26.440959))",10835.73035056534,False,unchanged,unchanged
35,23.261529282608695,116.85719304347826,67,192666.19999999998,duration_weighted_stop_medoid,4267.461903344415,anchorage,"POLYGON ((116.89261 23.248051, 116.889068 23.241961, 116.8843 23.236623, 116.878491 23.232242, 116.871863 23.228987, 116.864672 23.226982, 116.857193 23.226306, 116.849714 23.226982, 116.842523 23.228987, 116.835895 23.232242, 116.831726 23.235386, 116.831766 23.236662, 116.831572 23.239136, 116.831109 23.24158, 116.830383 23.243969, 116.8294 23.24628, 116.828171 23.248488, 116.826707 23.250573, 116.825024 23.252512, 116.823138 23.254287, 116.821068 23.25588, 116.819348 23.256953, 116.818858 23.261529, 116.819594 23.2684, 116.821776 23.275006, 116.825318 23.281095, 116.830086 23.286431, 116.835895 23.29081, 116.842523 23.294063, 116.849714 23.296067, 116.857193 23.296744, 116.864672 23.296067, 116.871863 23.294063, 116.878491 23.29081, 116.8843 23.286431, 116.889068 23.281095, 116.89261 23.275006, 116.894792 23.2684, 116.895528 23.261529, 116.894792 23.254658, 116.89261 23.248051))",6592.6322930500455,False,land_area_clipped,unchanged
37,22.140943306666667,113.77257634666665,26,61789.21666666667,duration_weighted_stop_medoid,2027.3433315342838,anchorage,"POLYGON ((113.785454 22.129015, 113.779546 22.125358, 113.772576 22.124073, 113.765607 22.125358, 113.759699 22.129015, 113.755751 22.134488, 113.754364 22.140943, 113.755751 22.147399, 113.759699 22.152871, 113.765607 22.156527, 113.772576 22.157811, 113.779546 22.156527, 113.785454 22.152871, 113.789402 22.147399, 113.790788 22.140943, 113.789402 22.134488, 113.785454 22.129015))",16889.38043162592,False,unchanged,unchanged
38,21.064744469135803,110.71993735802468,163,560144.9833333334,duration_weighted_stop_medoid,6000.0,anchorage,"POLYGON ((110.769733 21.045495, 110.764753 21.036798, 110.75805 21.029175, 110.749882 21.022918, 110.740564 21.018269, 110.730453 21.015406, 110.719937 21.014439, 110.709422 21.015406, 110.699311 21.018269, 110.689993 21.022918, 110.681825 21.029175, 110.675122 21.036798, 110.670141 21.045495, 110.667074 21.054932, 110.666038 21.064744, 110.667074 21.074557, 110.670141 21.083991, 110.675122 21.092685, 110.681825 21.100306, 110.689993 21.106559, 110.699311 21.111206, 110.709422 21.114067, 110.719937 21.115033, 110.730453 21.114067, 110.740564 21.111206, 110.749882 21.106559, 110.75805 21.100306, 110.764753 21.092685, 110.769733 21.083991, 110.772801 21.074557, 110.773836 21.064744, 110.772801 21.054932, 110.769733 21.045495))",17221.354132952634,False,unchanged,unchanged
39,24.981116106122446,119.09143044081632,55,180203.21666666667,duration_weighted_stop_medoid,6000.0,anchorage,"POLYGON ((119.141227 24.962418, 119.136246 24.95397, 119.129543 24.946564, 119.121375 24.940487, 119.112057 24.93597, 119.101946 24.933189, 119.09143 24.93225, 119.080915 24.933189, 119.070804 24.93597, 119.061486 24.940487, 119.053318 24.946564, 119.046615 24.95397, 119.044434 24.957669, 119.044591 24.959146, 119.044581 24.961576, 119.044305 24.963993, 119.043766 24.966374, 119.042968 24.968694, 119.04192 24.97093, 119.040632 24.973061, 119.039117 24.975066, 119.038066 24.976197, 119.037532 24.981116, 119.038567 24.990647, 119.041634 24.999811, 119.046615 25.008256, 119.053318 25.015658, 119.061486 25.021732, 119.070804 25.026245, 119.080915 25.029025, 119.09143 25.029963, 119.101946 25.029025, 119.112057 25.026245, 119.121375 25.021732, 119.129543 25.015658, 119.136246 25.008256, 119.141227 24.999811, 119.144294 24.990647, 119.145329 24.981116, 119.144294 24.971584, 119.141227 24.962418))",8600.651470474302,False,land_area_clipped,unchanged
42,35.468985509090906,119.88576674545455,150,454435.43333333335,duration_weighted_stop_medoid,3594.5094759262684,anchorage,"POLYGON ((119.915599 35.458921, 119.912615 35.454374, 119.908599 35.450388, 119.903706 35.447117, 119.898124 35.444686, 119.892066 35.443189, 119.885767 35.442683, 119.879467 35.443189, 119.87341 35.444686, 119.867827 35.447117, 119.862934 35.450388, 119.858919 35.454374, 119.855935 35.458921, 119.854097 35.463855, 119.853477 35.468986, 119.854097 35.474116, 119.855935 35.479049, 119.858919 35.483595, 119.862934 35.487579, 119.867827 35.490848, 119.87341 35.493278, 119.879467 35.494774, 119.885767 35.495279, 119.892066 35.494774, 119.898124 35.493278, 119.903706 35.490848, 119.908599 35.487579, 119.912615 35.483595, 119.915599 35.479049, 119.917436 35.474116, 119.918057 35.468986, 119.917436 35.463855, 119.915599 35.458921))",18972.860344195127,False,unchanged,unchanged
48,21.476448135416664,108.67982367708333,54,192476.93333333332,duration_weighted_stop_medoid,3015.0698229512127,anchorage,"POLYGON ((108.704847 21.466803, 108.702344 21.462445, 108.698976 21.458625, 108.694871 21.45549, 108.690189 21.453161, 108.685108 21.451726, 108.679824 21.451242, 108.67454 21.451726, 108.669459 21.453161, 108.664776 21.45549, 108.660672 21.458625, 108.657303 21.462445, 108.654801 21.466803, 108.653259 21.471531, 108.652739 21.476448, 108.653259 21.481365, 108.654801 21.486093, 108.657303 21.49045, 108.660672 21.494269, 108.664776 21.497403, 108.669459 21.499732, 108.67454 21.501166, 108.679824 21.50165, 108.685108 21.501166, 108.690189 21.499732, 108.694871 21.497403, 108.698976 21.494269, 108.702344 21.49045, 108.704847 21.486093, 108.706388 21.481365, 108.706909 21.476448, 108.706388 21.471531, 108.704847 21.466803))",16808.55312319267,False,unchanged,unchanged
50,30.19866908955224,121.80541611940299,223,773986.5166666666,duration_weighted_stop_medoid,5694.84753693994,anchorage,"POLYGON ((121.85268 30.181747, 121.847952 30.174102, 121.84159 30.167399, 121.833838 30.161899, 121.824993 30.157811, 121.815396 30.155294, 121.805416 30.154444, 121.795436 30.155294, 121.785839 30.157811, 121.776994 30.161899, 121.769242 30.167399, 121.76288 30.174102, 121.758153 30.181747, 121.755241 30.190043, 121.754258 30.198669, 121.755241 30.207295, 121.758153 30.215588, 121.76288 30.223231, 121.769242 30.229929, 121.776994 30.235426, 121.785839 30.23951, 121.795436 30.242025, 121.805416 30.242874, 121.815396 30.242025, 121.824993 30.23951, 121.833838 30.235426, 121.84159 30.229929, 121.847952 30.223231, 121.85268 30.215588, 121.855591 30.207295, 121.856574 30.198669, 121.855591 30.190043, 121.85268 30.181747))",15303.709466678092,False,unchanged,unchanged
51,33.28991977528089,120.87601800561798,47,159426.51666666666,duration_weighted_stop_medoid,6000.0,anchorage,"POLYGON ((120.925814 33.272677, 120.920833 33.264885, 120.91413 33.258056, 120.905963 33.25245, 120.896644 33.248285, 120.886533 33.24572, 120.876018 33.244854, 120.865503 33.24572, 120.855392 33.248285, 120.846073 33.25245, 120.837906 33.258056, 120.831203 33.264885, 120.826222 33.272677, 120.823155 33.28113, 120.822119 33.28992, 120.823155 33.298709, 120.826222 33.30716, 120.831203 33.314947, 120.837906 33.321772, 120.846073 33.327373, 120.855392 33.331535, 120.865503 33.334097, 120.876018 33.334962, 120.886533 33.334097, 120.896644 33.331535, 120.905963 33.327373, 120.91413 33.321772, 120.920833 33.314947, 120.925814 33.30716, 120.928881 33.298709, 120.929917 33.28992, 120.928881 33.28113, 120.925814 33.272677))",14259.00067797125,False,unchanged,unchanged
56,25.778741330578512,119.8336027355372,76,197335.0,duration_weighted_stop_medoid,2795.1651471817395,anchorage,"POLYGON ((119.856801 25.770088, 119.85448 25.766179, 119.851358 25.762752, 119.847553 25.75994, 119.843212 25.75785, 119.838501 25.756563, 119.833603 25.756129, 119.828704 25.756563, 119.823994 25.75785, 119.819653 25.75994, 119.815848 25.762752, 119.812725 25.766179, 119.810405 25.770088, 119.808976 25.77433, 119.808493 25.778741, 119.808976 25.783152, 119.810405 25.787394, 119.812725 25.791302, 119.815848 25.794728, 119.819653 25.79754, 119.823994 25.799629, 119.828704 25.800915, 119.833603 25.80135, 119.838501 25.800915, 119.843212 25.799629, 119.847553 25.79754, 119.851358 25.794728, 119.85448 25.791302, 119.856801 25.787394, 119.85823 25.783152, 119.858712 25.778741, 119.85823 25.77433, 119.856801 25.770088))",15862.348597823235,False,unchanged,unchanged
57,25.958868300000002,119.79860764285714,50,141208.7666666667,duration_weighted_stop_medoid,4822.256997174382,anchorage,"POLYGON ((119.838629 25.943962, 119.834626 25.937228, 119.829239 25.931324, 119.822674 25.926479, 119.815185 25.922879, 119.807059 25.920662, 119.798608 25.919913, 119.790157 25.920662, 119.78203 25.922879, 119.774541 25.926479, 119.767976 25.931324, 119.762589 25.937228, 119.758586 25.943962, 119.756121 25.95127, 119.755289 25.958868, 119.756121 25.966467, 119.758586 25.973772, 119.762589 25.980505, 119.767976 25.986406, 119.774541 25.991248, 119.78203 25.994847, 119.790157 25.997062, 119.798608 25.99781, 119.807059 25.997062, 119.815185 25.994847, 119.822674 25.991248, 119.829239 25.986406, 119.834626 25.980505, 119.838629 25.973772, 119.841094 25.966467, 119.841927 25.958868, 119.841094 25.95127, 119.838629 25.943962))",11173.88228455943,False,unchanged,unchanged
62,33.89190176271187,120.56150981355933,25,69916.81666666668,duration_weighted_stop_medoid,6000.0,anchorage,"POLYGON ((120.611306 33.874778, 120.606325 33.867041, 120.599622 33.860259, 120.591454 33.854693, 120.582136 33.850556, 120.572025 33.848009, 120.56151 33.847149, 120.550995 33.848009, 120.540884 33.850556, 120.531565 33.854693, 120.523398 33.860259, 120.516695 33.867041, 120.511714 33.874778, 120.508647 33.883173, 120.507611 33.891902, 120.508647 33.90063, 120.511714 33.909022, 120.516695 33.916755, 120.523398 33.923533, 120.531565 33.929094, 120.540884 33.933227, 120.550995 33.935772, 120.56151 33.936631, 120.572025 33.935772, 120.582136 33.933227, 120.591454 33.929094, 120.599622 33.923533, 120.606325 33.916755, 120.611306 33.909022, 120.614373 33.90063, 120.615409 33.891902, 120.614373 33.883173, 120.611306 33.874778))",15726.105688596295,False,unchanged,unchanged
63,33.82093227058824,120.48334252941176,10,46011.2,duration_weighted_stop_medoid,3847.680534099273,anchorage,"POLYGON ((120.515276 33.809943, 120.512082 33.804977, 120.507783 33.800625, 120.502545 33.797053, 120.49657 33.794399, 120.490086 33.792764, 120.483343 33.792212, 120.481369 33.792374, 120.480916 33.792617, 120.477452 33.795376, 120.477827 33.799994, 120.477862 33.802471, 120.477569 33.804936, 120.476949 33.80736, 120.46938 33.830551, 120.468682 33.832379, 120.467797 33.83415, 120.462461 33.84366, 120.46414 33.844805, 120.470115 33.847458, 120.476599 33.849091, 120.483343 33.849643, 120.490086 33.849091, 120.49657 33.847458, 120.502545 33.844805, 120.507783 33.841235, 120.512082 33.836884, 120.515276 33.83192, 120.517243 33.826534, 120.517907 33.820932, 120.517243 33.81533, 120.515276 33.809943))",4162.80899655531,False,land_area_clipped,unchanged
64,35.97009495041323,120.39361918181818,68,213607.05000000002,duration_weighted_stop_medoid,4552.347592387915,anchorage,"POLYGON ((120.431401 35.957428, 120.427622 35.951705, 120.422536 35.946688, 120.416339 35.942571, 120.409269 35.939512, 120.401597 35.937627, 120.393619 35.936991, 120.385641 35.937627, 120.37797 35.939512, 120.370899 35.942571, 120.364702 35.946688, 120.359617 35.951705, 120.355838 35.957428, 120.353511 35.963638, 120.352725 35.970095, 120.353511 35.976552, 120.355838 35.98276, 120.359617 35.98848, 120.364702 35.993494, 120.370899 35.997609, 120.37797 36.000667, 120.385641 36.002549, 120.393619 36.003185, 120.401597 36.002549, 120.409269 36.000667, 120.416339 35.997609, 120.422536 35.993494, 120.427622 35.98848, 120.431401 35.98276, 120.433728 35.976552, 120.434514 35.970095, 120.433728 35.963638, 120.431401 35.957428))",10105.88089104984,False,unchanged,unchanged
69,38.88721147395834,122.00673834895834,43,128679.88333333333,duration_weighted_stop_medoid,6000.0,anchorage,"POLYGON ((122.056534 38.871155, 122.051554 38.863899, 122.044851 38.857539, 122.036683 38.852319, 122.027365 38.84844, 122.017254 38.846052, 122.006738 38.845245, 121.996223 38.846052, 121.986112 38.84844, 121.976794 38.852319, 121.968626 38.857539, 121.961923 38.863899, 121.956942 38.871155, 121.953875 38.879026, 121.952839 38.887211, 121.953875 38.895396, 121.956942 38.903265, 121.961923 38.910516, 121.968626 38.916871, 121.976794 38.922086, 121.986112 38.925961, 121.996223 38.928347, 122.006738 38.929153, 122.017254 38.928347, 122.027365 38.925961, 122.036683 38.922086, 122.044851 38.916871, 122.051554 38.910516, 122.056534 38.903265, 122.059602 38.895396, 122.060637 38.887211, 122.059602 38.879026, 122.056534 38.871155))",17081.374089261044,False,unchanged,unchanged
74,31.640506377308707,121.26259139577837,58,154704.35,duration_weighted_stop_medoid,6000.0,anchorage,"POLYGON ((121.307407 31.615009, 121.300704 31.608054, 121.292536 31.602345, 121.283218 31.598102, 121.28122 31.597586, 121.280512 31.599617, 121.280511 31.59962, 121.280508 31.599624, 121.280506 31.599628, 121.280503 31.599631, 121.2805 31.599634, 121.278915 31.600885, 121.278912 31.600888, 121.278908 31.60089, 121.278904 31.600892, 121.2789 31.600893, 121.278896 31.600894, 121.276809 31.60137, 121.276805 31.601371, 121.276801 31.601372, 121.276797 31.601372, 121.276793 31.601372, 121.27648 31.601345, 121.274959 31.603267, 121.27519 31.603773, 121.275192 31.603776, 121.275193 31.60378, 121.275193 31.603784, 121.275193 31.603788, 121.275141 31.605269, 121.275141 31.605273, 121.27514 31.605276, 121.275139 31.60528, 121.275137 31.605283, 121.274428 31.606636, 121.274426 31.60664, 121.274424 31.606643, 121.274421 31.606646, 121.274418 31.606648, 121.273158 31.60767, 121.273154 31.607673, 121.273151 31.607675, 121.273146 31.607677, 121.273142 31.607679, 121.273138 31.60768, 121.271142 31.60809, 121.267068 31.613238, 121.265376 31.615151, 121.263459 31.616904, 121.230559 31.644006, 121.213205 31.658717, 121.217776 31.665996, 121.224479 31.672948, 121.232647 31.678652, 121.241965 31.682891, 121.252076 31.685501, 121.262591 31.686382, 121.26577 31.686116, 121.278277 31.662145, 121.280001 31.65937, 121.291557 31.643499, 121.293122 31.641577, 121.294908 31.6398, 121.296897 31.638187, 121.299069 31.636755, 121.3014 31.635518, 121.314641 31.629271, 121.312388 31.622944, 121.307407 31.615009))",5150.504253504596,False,land_area_clipped,terminal_area_clipped
78,40.68663392105263,121.99992326315788,28,72077.43333333333,duration_weighted_stop_medoid,1676.7854544124339,anchorage,"POLYGON ((122.010574 40.678557, 122.005688 40.676081, 121.999923 40.675211, 121.994159 40.676081, 121.989272 40.678557, 121.986007 40.682263, 121.98486 40.686634, 121.986007 40.691005, 121.989272 40.69471, 121.994159 40.697186, 121.999923 40.698055, 122.005688 40.697186, 122.010574 40.69471, 122.013839 40.691005, 122.014986 40.686634, 122.013839 40.682263, 122.010574 40.678557))",10232.138852096408,False,unchanged,unchanged
79,39.99200891954023,120.0396489770115,28,75558.65,duration_weighted_stop_medoid,6000.0,anchorage,"POLYGON ((120.089445 39.976205, 120.084464 39.969063, 120.077761 39.962804, 120.069594 39.957666, 120.060275 39.953848, 120.050164 39.951497, 120.039649 39.950703, 120.029134 39.951497, 120.019023 39.953848, 120.009704 39.957666, 120.001537 39.962804, 119.994834 39.969063, 119.989853 39.976205, 119.986786 39.983952, 119.98575 39.992009, 119.986786 40.000064, 119.989853 40.00781, 119.994834 40.014947, 120.001537 40.021202, 120.009704 40.026335, 120.019023 40.030149, 120.029134 40.032497, 120.039649 40.03329, 120.050164 40.032497, 120.060275 40.030149, 120.069594 40.026335, 120.077761 40.021202, 120.084464 40.014947, 120.089445 40.00781, 120.092512 40.000064, 120.093548 39.992009, 120.092512 39.983952, 120.089445 39.976205))",12069.35230791481,False,unchanged,unchanged
86,37.36937708928571,118.99404207142857,16,46761.933333333334,duration_weighted_stop_medoid,504.8822624693785,anchorage,"POLYGON ((118.994042 37.365773, 118.990835 37.366828, 118.989507 37.369377, 118.990835 37.371926, 118.994042 37.372981, 118.997249 37.371926, 118.998578 37.369377, 118.997249 37.366828, 118.994042 37.365773))",5368.681560776948,False,unchanged,unchanged
87,28.65941754761905,121.765081,77,210665.7,duration_weighted_stop_medoid,6000.0,anchorage,"POLYGON ((121.814877 28.641317, 121.809896 28.633138, 121.803193 28.625969, 121.795026 28.620085, 121.785707 28.615713, 121.775596 28.613021, 121.765081 28.612111, 121.754566 28.613021, 121.744455 28.615713, 121.735136 28.620085, 121.726969 28.625969, 121.720266 28.633138, 121.715285 28.641317, 121.712218 28.65019, 121.711182 28.659418, 121.712218 28.668644, 121.715285 28.677515, 121.720266 28.68569, 121.726969 28.692855, 121.735136 28.698735, 121.744455 28.703104, 121.754566 28.705794, 121.765081 28.706702, 121.775596 28.705794, 121.785707 28.703104, 121.795026 28.698735, 121.803193 28.692855, 121.809896 28.68569, 121.814877 28.677515, 121.817944 28.668644, 121.81898 28.659418, 121.817944 28.65019, 121.814877 28.641317))",18706.862807797035,False,unchanged,unchanged
88,30.14503577631579,122.23994767105262,10,24986.149999999998,duration_weighted_stop_medoid,5682.034851748806,anchorage,"POLYGON ((122.287105 30.128143, 122.282388 30.12051, 122.27604 30.11382, 122.268305 30.108328, 122.259481 30.104248, 122.257183 30.103645, 122.257125 30.103696, 122.255073 30.105188, 122.25286 30.106496, 122.24342 30.1115, 122.242381 30.11199, 122.242229 30.112867, 122.242228 30.112871, 122.242227 30.112874, 122.242225 30.112878, 122.242223 30.112881, 122.24112 30.114521, 122.241117 30.114524, 122.241115 30.114527, 122.241112 30.114529, 122.241109 30.114532, 122.241106 30.114534, 122.239652 30.115394, 122.239648 30.115396, 122.239644 30.115397, 122.23964 30.115399, 122.239635 30.1154, 122.237911 30.11571, 122.237906 30.11571, 122.237901 30.11571, 122.237896 30.11571, 122.234571 30.11539, 122.234566 30.115389, 122.234561 30.115388, 122.234557 30.115387, 122.234553 30.115385, 122.233814 30.115006, 122.212997 30.121489, 122.210265 30.122201, 122.20746 30.122659, 122.204615 30.122859, 122.195927 30.123067, 122.19574 30.12337, 122.195371 30.124536, 122.194395 30.126726, 122.193168 30.12882, 122.191999 30.1304, 122.189886 30.136424, 122.188905 30.145036, 122.189886 30.153647, 122.19279 30.161926, 122.197507 30.169555, 122.203855 30.176242, 122.21159 30.18173, 122.220415 30.185807, 122.22999 30.188318, 122.239948 30.189165, 122.249906 30.188318, 122.259481 30.185807, 122.268305 30.18173, 122.27604 30.176242, 122.282388 30.169555, 122.287105 30.161926, 122.290009 30.153647, 122.29099 30.145036, 122.290009 30.136424, 122.287105 30.128143))",6867.861820058169,False,land_area_clipped,terminal_area_clipped
90,21.34274200431034,111.21511014655172,17,63866.9,duration_weighted_stop_medoid,6000.0,anchorage,"POLYGON ((111.264906 21.323529, 111.259925 21.314848, 111.253222 21.307239, 111.245055 21.300994, 111.235736 21.296354, 111.225625 21.293496, 111.21511 21.292531, 111.204595 21.293496, 111.194484 21.296354, 111.185166 21.300994, 111.176998 21.307239, 111.170295 21.314848, 111.165314 21.323529, 111.162247 21.332948, 111.161211 21.342742, 111.162247 21.352536, 111.165314 21.361952, 111.170295 21.37063, 111.176998 21.378236, 111.185166 21.384478, 111.194484 21.389116, 111.204595 21.391972, 111.21511 21.392936, 111.225625 21.391972, 111.235736 21.389116, 111.245055 21.384478, 111.253222 21.378236, 111.259925 21.37063, 111.264906 21.361952, 111.267973 21.352536, 111.269009 21.342742, 111.267973 21.332948, 111.264906 21.323529))",12884.88454278747,False,unchanged,unchanged
94,21.54107244927536,111.79888907246377,19,83635.23333333335,duration_weighted_stop_medoid,4258.438925347353,anchorage,"POLYGON ((111.834231 21.527455, 111.830696 21.521303, 111.825939 21.51591, 111.820142 21.511484, 111.813528 21.508195, 111.806352 21.50617, 111.798889 21.505486, 111.791426 21.50617, 111.78425 21.508195, 111.777636 21.511484, 111.771839 21.51591, 111.767082 21.521303, 111.763547 21.527455, 111.76137 21.534131, 111.760635 21.541072, 111.76137 21.548014, 111.763547 21.554689, 111.767082 21.56084, 111.771839 21.566231, 111.777636 21.570655, 111.783733 21.573686, 111.783126 21.571326, 111.782649 21.568979, 111.782413 21.566599, 111.782423 21.56421, 111.782677 21.561833, 111.783173 21.559488, 111.783907 21.557199, 111.784873 21.554984, 111.78606 21.552865, 111.787459 21.550861, 111.789057 21.54899, 111.790839 21.547269, 111.79279 21.545714, 111.79489 21.544338, 111.797122 21.543155, 111.799465 21.542174, 111.801898 21.541406, 111.815 21.537906, 111.817322 21.537388, 111.819684 21.537063, 111.822067 21.536934, 111.824454 21.537002, 111.826825 21.537266, 111.836904 21.538813, 111.836408 21.534131, 111.834231 21.527455))",3146.2129889556736,False,land_area_clipped,unchanged
95,24.329077095588236,118.24522707352942,68,167648.08333333334,duration_weighted_stop_medoid,6000.0,anchorage,"POLYGON ((118.295023 24.310281, 118.290042 24.301789, 118.283339 24.294345, 118.275172 24.288235, 118.265853 24.283695, 118.255742 24.280899, 118.245227 24.279955, 118.234712 24.280899, 118.224601 24.283695, 118.215282 24.288235, 118.207115 24.294345, 118.200412 24.301789, 118.195431 24.310281, 118.192364 24.319495, 118.191328 24.329077, 118.192364 24.338658, 118.195431 24.34787, 118.200412 24.35636, 118.207115 24.3638, 118.215282 24.369906, 118.224601 24.374443, 118.234712 24.377237, 118.245227 24.37818, 118.255742 24.377237, 118.265853 24.374443, 118.275172 24.369906, 118.283339 24.3638, 118.290042 24.35636, 118.295023 24.34787, 118.29809 24.338658, 118.299126 24.329077, 118.29809 24.319495, 118.295023 24.310281))",9819.042204808089,False,unchanged,unchanged
98,21.96548413235294,113.65309660294118,8,19449.95,duration_weighted_stop_medoid,3533.299343261101,anchorage,"POLYGON ((113.682421 21.954219, 113.679488 21.949129, 113.67554 21.944668, 113.67073 21.941007, 113.665243 21.938286, 113.659289 21.936611, 113.653097 21.936045, 113.646904 21.936611, 113.64095 21.938286, 113.635463 21.941007, 113.630653 21.944668, 113.626706 21.949129, 113.623773 21.954219, 113.621966 21.959741, 113.621356 21.965484, 113.621966 21.971227, 113.623773 21.976748, 113.626706 21.981837, 113.630653 21.986297, 113.635463 21.989957, 113.64095 21.992677, 113.646904 21.994352, 113.653097 21.994917, 113.659289 21.994352, 113.665243 21.992677, 113.67073 21.989957, 113.67554 21.986297, 113.679488 21.981837, 113.682421 21.976748, 113.684227 21.971227, 113.684837 21.965484, 113.684227 21.959741, 113.682421 21.954219))",9879.995633183622,False,unchanged,unchanged
99,40.70372843678161,121.11274222988506,48,148700.56666666668,duration_weighted_stop_medoid,2851.2635440324652,anchorage,"POLYGON ((121.136406 40.696297, 121.134039 40.69294, 121.130854 40.689997, 121.126972 40.687582, 121.122544 40.685787, 121.117739 40.684682, 121.112742 40.684308, 121.107745 40.684682, 121.10294 40.685787, 121.098512 40.687582, 121.094631 40.689997, 121.091446 40.69294, 121.089079 40.696297, 121.087621 40.69994, 121.087129 40.703728, 121.087621 40.707516, 121.089079 40.711159, 121.091446 40.714515, 121.094631 40.717457, 121.098512 40.719871, 121.10294 40.721665, 121.107745 40.72277, 121.112742 40.723143, 121.117739 40.72277, 121.122544 40.721665, 121.126972 40.719871, 121.130854 40.717457, 121.134039 40.714515, 121.136406 40.711159, 121.137863 40.707516, 121.138356 40.703728, 121.137863 40.69994, 121.136406 40.696297))",10495.03502493451,False,unchanged,unchanged
100,20.00755945712484,110.03157326860025,53,192122.31666666668,duration_weighted_stop_medoid,6000.0,anchorage,"POLYGON ((109.981777 19.988177, 109.97871 19.997679, 109.977674 20.007559, 109.97871 20.01744, 109.981777 20.02694, 109.986758 20.035694, 109.993461 20.043367, 110.001629 20.049664, 110.010947 20.054343, 110.021058 20.057224, 110.031573 20.058197, 110.042088 20.057224, 110.052199 20.054343, 110.061518 20.049664, 110.069686 20.043367, 110.076389 20.035694, 110.081369 20.02694, 110.084286 20.017907, 110.05843 20.008449, 110.056044 20.007448, 110.053772 20.006235, 110.051635 20.00482, 110.049655 20.003218, 110.047849 20.001443, 110.046234 19.999512, 110.04604 19.999226, 110.0432 19.998497, 110.040871 19.997791, 110.038619 19.996889, 110.001998 19.98033, 109.999675 19.979145, 109.997487 19.977751, 109.995455 19.976163, 109.993598 19.974395, 109.99238 19.972981, 109.986758 19.97942, 109.981777 19.988177))",4479.182205286314,False,land_area_clipped,unchanged
103,38.32242854794521,117.87791139726026,100,203827.78333333333,duration_weighted_stop_medoid,4177.878222378268,anchorage,"POLYGON ((117.912585 38.31116, 117.909117 38.306069, 117.904449 38.301606, 117.898762 38.297943, 117.892274 38.295221, 117.885233 38.293545, 117.877911 38.292979, 117.87059 38.293545, 117.863549 38.295221, 117.857061 38.297943, 117.851373 38.301606, 117.846706 38.306069, 117.843238 38.31116, 117.841102 38.316684, 117.840381 38.322429, 117.841102 38.328173, 117.843238 38.333695, 117.846706 38.338785, 117.851373 38.343246, 117.857061 38.346906, 117.863549 38.349626, 117.87059 38.351301, 117.877911 38.351867, 117.885233 38.351301, 117.892274 38.349626, 117.898762 38.346906, 117.904449 38.343246, 117.909117 38.338785, 117.912585 38.333695, 117.914721 38.328173, 117.915442 38.322429, 117.914721 38.316684, 117.912585 38.31116))",8478.985113162526,False,unchanged,unchanged
105,22.7356276614786,115.63330080933852,183,588265.1,duration_weighted_stop_medoid,6000.0,anchorage,"MULTIPOLYGON (((115.683097 22.716603, 115.678116 22.708007, 115.671413 22.700472, 115.663245 22.694288, 115.653927 22.689693, 115.643816 22.686863, 115.633301 22.685908, 115.622786 22.686863, 115.612675 22.689693, 115.603356 22.694288, 115.595189 22.700472, 115.59486 22.700841, 115.600358 22.706132, 115.602251 22.708163, 115.603896 22.710369, 115.613092 22.724245, 115.614353 22.726376, 115.615383 22.728609, 115.616172 22.730925, 115.616713 22.7333, 115.616999 22.735712, 115.617029 22.738139, 115.616802 22.740557, 115.616321 22.742943, 115.61559 22.745274, 115.614615 22.747528, 115.610709 22.755422, 115.609445 22.757666, 115.60794 22.75978, 115.60621 22.761743, 115.604272 22.763533, 115.602147 22.765132, 115.599857 22.766523, 115.599755 22.766572, 115.600267 22.766584, 115.600272 22.766584, 115.600276 22.766585, 115.600281 22.766586, 115.600285 22.766588, 115.60194 22.767294, 115.601944 22.767296, 115.601948 22.767299, 115.601952 22.767301, 115.603286 22.768421, 115.603289 22.768424, 115.603292 22.768427, 115.603295 22.768431, 115.603297 22.768435, 115.60414 22.770216, 115.604142 22.77022, 115.604143 22.770224, 115.604144 22.770228, 115.604144 22.770233, 115.604102 22.772737, 115.604101 22.772741, 115.604101 22.772745, 115.6041 22.772749, 115.604098 22.772753, 115.603433 22.774209, 115.603431 22.774213, 115.603428 22.774217, 115.603425 22.77422, 115.603422 22.774224, 115.601845 22.775551, 115.601842 22.775554, 115.601839 22.775556, 115.601835 22.775558, 115.601831 22.775559, 115.601828 22.77556, 115.601598 22.775623, 115.603356 22.776954, 115.612675 22.781547, 115.622786 22.784375, 115.633301 22.785329, 115.643816 22.784375, 115.653927 22.781547, 115.663245 22.776954, 115.671413 22.770774, 115.678116 22.763243, 115.683097 22.75465, 115.686164 22.745325, 115.6872 22.735628, 115.686164 22.725929, 115.683097 22.716603)), ((115.593582 22.768969, 115.59413 22.769584, 115.594471 22.768736, 115.593582 22.768969)))",4813.046392614753,False,land_area_clipped,terminal_area_clipped
106,22.08786096875,113.898797375,52,120454.83333333334,duration_weighted_stop_medoid,3418.757500518817,anchorage,"POLYGON ((113.927171 22.07697, 113.924333 22.07205, 113.920513 22.067737, 113.91586 22.064198, 113.91055 22.061567, 113.904789 22.059948, 113.898797 22.059401, 113.892806 22.059948, 113.887045 22.061567, 113.881735 22.064198, 113.877081 22.067737, 113.873262 22.07205, 113.870424 22.07697, 113.868676 22.082309, 113.868086 22.087861, 113.868676 22.093413, 113.870424 22.098751, 113.873262 22.10367, 113.877081 22.107982, 113.881735 22.11152, 113.887045 22.11415, 113.892806 22.115769, 113.898797 22.116315, 113.904789 22.115769, 113.91055 22.11415, 113.91586 22.11152, 113.920513 22.107982, 113.924333 22.10367, 113.927171 22.098751, 113.928918 22.093413, 113.929509 22.087861, 113.928918 22.082309, 113.927171 22.07697))",17621.229585058667,False,unchanged,unchanged
114,37.68063881012658,120.16062121518988,39,115576.84999999999,duration_weighted_stop_medoid,6000.0,anchorage,"POLYGON ((120.198734 37.650469, 120.190566 37.645162, 120.181247 37.641218, 120.171136 37.638789, 120.160621 37.637969, 120.150106 37.638789, 120.139995 37.641218, 120.130677 37.645162, 120.122509 37.650469, 120.115806 37.656936, 120.110825 37.664313, 120.107758 37.672316, 120.106722 37.680639, 120.107758 37.68896, 120.110825 37.696961, 120.115806 37.704334, 120.122509 37.710796, 120.130677 37.716099, 120.139995 37.720038, 120.150106 37.722465, 120.160621 37.723284, 120.171136 37.722465, 120.181247 37.720038, 120.190566 37.716099, 120.198734 37.710796, 120.205437 37.704334, 120.205498 37.704243, 120.205394 37.704196, 120.201081 37.701999, 120.198904 37.700765, 120.196892 37.699366, 120.195065 37.697815, 120.193443 37.696129, 120.192039 37.694323, 120.190869 37.692417, 120.189945 37.690427, 120.189274 37.688375, 120.188864 37.68628, 120.188719 37.684164, 120.18884 37.682046, 120.189226 37.679948, 120.189874 37.677891, 120.190776 37.675895, 120.191924 37.673979, 120.193307 37.672163, 120.194911 37.670465, 120.196719 37.668901, 120.198715 37.667487, 120.205958 37.662847, 120.208468 37.661426, 120.205437 37.656936, 120.198734 37.650469))",6146.754143821429,False,land_area_clipped,unchanged
116,21.47040784496124,108.38886233333334,263,893303.05,duration_weighted_stop_medoid,6000.0,anchorage,"POLYGON ((108.438658 21.451212, 108.433678 21.442539, 108.426975 21.434936, 108.418807 21.428696, 108.409489 21.42406, 108.399377 21.421205, 108.388862 21.420241, 108.378347 21.421205, 108.368236 21.42406, 108.358918 21.428696, 108.35075 21.434936, 108.344047 21.442539, 108.339066 21.451212, 108.335999 21.460622, 108.334963 21.470408, 108.335999 21.480193, 108.339066 21.489601, 108.344047 21.498272, 108.35075 21.505871, 108.358918 21.512107, 108.368236 21.516741, 108.378347 21.519594, 108.388862 21.520558, 108.399377 21.519594, 108.409489 21.516741, 108.418807 21.512107, 108.426975 21.505871, 108.433678 21.498272, 108.438658 21.489601, 108.441726 21.480193, 108.442761 21.470408, 108.441726 21.460622, 108.438658 21.451212))",10790.202196541517,False,unchanged,unchanged
130,21.829694865853657,113.29306589024391,33,99181.31666666667,duration_weighted_stop_medoid,4047.0076654655995,anchorage,"POLYGON ((113.326653 21.816779, 113.323294 21.810944, 113.318773 21.805829, 113.313264 21.801632, 113.306978 21.798512, 113.300158 21.796591, 113.293066 21.795943, 113.285973 21.796591, 113.279153 21.798512, 113.272868 21.801632, 113.267359 21.805829, 113.262838 21.810944, 113.259478 21.816779, 113.25741 21.823111, 113.256711 21.829695, 113.25741 21.836279, 113.259478 21.842609, 113.262838 21.848443, 113.262914 21.848529, 113.263645 21.848045, 113.263649 21.848043, 113.263653 21.848041, 113.263657 21.848039, 113.263662 21.848038, 113.265344 21.847709, 113.265349 21.847708, 113.265353 21.847708, 113.265358 21.847708, 113.265363 21.847709, 113.267451 21.848153, 113.267455 21.848154, 113.267459 21.848156, 113.267463 21.848158, 113.267466 21.84816, 113.26747 21.848162, 113.269098 21.849453, 113.269102 21.849456, 113.269105 21.84946, 113.269108 21.849464, 113.270153 21.851112, 113.270155 21.851116, 113.270157 21.851119, 113.270158 21.851123, 113.270159 21.851127, 113.270399 21.852716, 113.270399 21.85272, 113.270399 21.852724, 113.270398 21.852728, 113.270398 21.852732, 113.269973 21.854287, 113.269972 21.854291, 113.26997 21.854295, 113.269968 21.854298, 113.269966 21.854302, 113.269352 21.855074, 113.272868 21.857753, 113.279153 21.860871, 113.285973 21.862791, 113.293066 21.863439, 113.300158 21.862791, 113.306978 21.860871, 113.313264 21.857753, 113.318773 21.853556, 113.323294 21.848443, 113.326653 21.842609, 113.328722 21.836279, 113.329421 21.829695, 113.328722 21.823111, 113.326653 21.816779))",7202.068469705087,False,unchanged,terminal_area_clipped
134,30.776872043795624,122.61725800729927,23,50641.96666666667,duration_weighted_stop_medoid,3412.72717227123,anchorage,"POLYGON ((122.645581 30.766792, 122.642748 30.762237, 122.638936 30.758245, 122.63429 30.754969, 122.62899 30.752534, 122.623239 30.751035, 122.617258 30.750529, 122.611277 30.751035, 122.605526 30.752534, 122.600226 30.754969, 122.59558 30.758245, 122.591768 30.762237, 122.588935 30.766792, 122.58719 30.771733, 122.586601 30.776872, 122.58719 30.78201, 122.588935 30.786951, 122.591768 30.791504, 122.59558 30.795495, 122.600226 30.79877, 122.605526 30.801204, 122.611277 30.802702, 122.617258 30.803208, 122.623239 30.802702, 122.62899 30.801204, 122.63429 30.79877, 122.638936 30.795495, 122.642748 30.791504, 122.645581 30.786951, 122.647326 30.78201, 122.647915 30.776872, 122.647326 30.771733, 122.645581 30.766792))",12192.70147989752,False,unchanged,unchanged
135,30.467707384328357,122.07154876119404,110,331763.48333333334,duration_weighted_stop_medoid,6000.0,anchorage,"POLYGON ((122.121345 30.449928, 122.116364 30.441894, 122.109661 30.434852, 122.101493 30.429073, 122.092175 30.424778, 122.082064 30.422133, 122.071549 30.42124, 122.061034 30.422133, 122.050923 30.424778, 122.041604 30.429073, 122.033436 30.434852, 122.026733 30.441894, 122.021753 30.449928, 122.018685 30.458644, 122.01765 30.467707, 122.018685 30.47677, 122.021753 30.485484, 122.026733 30.493514, 122.033436 30.500551, 122.041604 30.506327, 122.050923 30.510618, 122.061034 30.51326, 122.071549 30.514153, 122.082064 30.51326, 122.092175 30.510618, 122.101493 30.506327, 122.109661 30.500551, 122.116364 30.493514, 122.121345 30.485484, 122.124412 30.47677, 122.125448 30.467707, 122.124412 30.458644, 122.121345 30.449928))",19964.08561135285,False,unchanged,unchanged
140,19.76147395132743,109.13078396902654,79,281105.3166666666,duration_weighted_stop_medoid,6000.0,anchorage,"POLYGON ((109.120269 19.711716, 109.110158 19.714604, 109.100839 19.719292, 109.092672 19.725602, 109.085969 19.73329, 109.080988 19.742061, 109.077921 19.751578, 109.076885 19.761474, 109.077921 19.77137, 109.080988 19.780884, 109.085969 19.789653, 109.092672 19.797338, 109.100839 19.803644, 109.110158 19.808331, 109.120269 19.811216, 109.130784 19.812191, 109.140621 19.811279, 109.1405 19.810849, 109.137001 19.795631, 109.136573 19.793212, 109.136396 19.790765, 109.136471 19.788314, 109.140086 19.744342, 109.13694 19.729891, 109.136536 19.727423, 109.136392 19.724929, 109.136509 19.722433, 109.136886 19.719961, 109.137519 19.717536, 109.138403 19.715181, 109.139529 19.712919, 109.140345 19.711628, 109.130784 19.710741, 109.120269 19.711716))",3876.0995570304135,False,land_area_clipped,unchanged
144,22.003622875,113.90410547222223,8,22941.350000000002,duration_weighted_stop_medoid,3311.373826054939,anchorage,"POLYGON ((113.931588 21.993068, 113.928839 21.9883, 113.925139 21.98412, 113.920632 21.980689, 113.915489 21.97814, 113.909909 21.97657, 113.904105 21.97604, 113.898302 21.97657, 113.892722 21.97814, 113.887579 21.980689, 113.883071 21.98412, 113.879372 21.9883, 113.876623 21.993068, 113.87493 21.998242, 113.874359 22.003623, 113.87493 22.009003, 113.876623 22.014177, 113.879372 22.018945, 113.883071 22.023123, 113.887579 22.026553, 113.892722 22.029101, 113.898302 22.03067, 113.904105 22.0312, 113.909909 22.03067, 113.915489 22.029101, 113.920632 22.026553, 113.925139 22.023123, 113.928839 22.018945, 113.931588 22.014177, 113.93328 22.009003, 113.933852 22.003623, 113.93328 21.998242, 113.931588 21.993068))",14427.918516032923,False,unchanged,unchanged
145,22.972162450867053,116.55501215028903,23,54912.71666666667,duration_weighted_stop_medoid,6000.0,anchorage,"POLYGON ((116.604808 22.953171, 116.599827 22.94459, 116.593124 22.937068, 116.584957 22.930895, 116.575638 22.926308, 116.565527 22.923483, 116.555012 22.922529, 116.544497 22.923483, 116.534386 22.926308, 116.525068 22.930895, 116.523013 22.932448, 116.53973 22.952202, 116.54118 22.95409, 116.542433 22.956095, 116.543478 22.958198, 116.544305 22.960382, 116.544908 22.962627, 116.545282 22.964914, 116.546938 22.979724, 116.55606 22.98241, 116.55872 22.983338, 116.56126 22.984519, 116.563649 22.985941, 116.565863 22.987586, 116.581262 23.000322, 116.583115 23.002012, 116.584783 23.003858, 116.586249 23.005844, 116.587499 23.007951, 116.588522 23.01016, 116.588676 23.010608, 116.593124 23.007248, 116.599827 22.99973, 116.604808 22.991152, 116.607875 22.981843, 116.608911 22.972162, 116.607875 22.962481, 116.604808 22.953171), (116.541792 22.951462, 116.541787 22.951463, 116.541783 22.951464, 116.541778 22.951463, 116.541774 22.951463, 116.54177 22.951462, 116.541765 22.951461, 116.539752 22.950748, 116.539748 22.950746, 116.539744 22.950743, 116.53974 22.950741, 116.539736 22.950738, 116.538534 22.94959, 116.538531 22.949586, 116.538528 22.949583, 116.538526 22.949579, 116.538524 22.949575, 116.538523 22.949571, 116.537592 22.94608, 116.537591 22.946076, 116.537591 22.946072, 116.537591 22.946068, 116.537591 22.946064, 116.537592 22.94606, 116.537594 22.946056, 116.538379 22.944155, 116.538381 22.944152, 116.538382 22.944149, 116.538385 22.944145, 116.538387 22.944143, 116.53839 22.94414, 116.539675 22.943015, 116.539678 22.943012, 116.539682 22.94301, 116.539686 22.943008, 116.53969 22.943006, 116.542078 22.942171, 116.542082 22.94217, 116.542086 22.942169, 116.542091 22.942169, 116.542095 22.942169, 116.543867 22.942225, 116.543871 22.942225, 116.543876 22.942226, 116.54388 22.942227, 116.543884 22.942229, 116.545494 22.942912, 116.545498 22.942914, 116.545501 22.942916, 116.545504 22.942918, 116.545507 22.94292, 116.54551 22.942923, 116.546919 22.944488, 116.546922 22.944492, 116.546924 22.944496, 116.546926 22.9445, 116.547725 22.946454, 116.547726 22.946458, 116.547727 22.946462, 116.547728 22.946466, 116.547728 22.94647, 116.547653 22.948069, 116.547653 22.948073, 116.547652 22.948077, 116.547651 22.94808, 116.547649 22.948084, 116.546922 22.949537, 116.54692 22.94954, 116.546918 22.949544, 116.546915 22.949547, 116.546912 22.94955, 116.54564 22.95064, 116.545637 22.950643, 116.545633 22.950645, 116.545629 22.950647, 116.545624 22.950649, 116.54562 22.95065, 116.541792 22.951462))",3987.7495395122132,False,land_area_clipped,terminal_area_clipped
148,38.30380221917808,118.124232630137,18,49087.96666666667,duration_weighted_stop_medoid,1019.6882046705558,anchorage,"POLYGON ((118.13071 38.298719, 118.127738 38.297161, 118.124233 38.296614, 118.120727 38.297161, 118.117756 38.298719, 118.11577 38.301051, 118.115073 38.303802, 118.11577 38.306553, 118.117756 38.308885, 118.120727 38.310443, 118.124233 38.31099, 118.127738 38.310443, 118.13071 38.308885, 118.132695 38.306553, 118.133393 38.303802, 118.132695 38.301051, 118.13071 38.298719))",19824.777869795424,False,unchanged,unchanged
151,29.7620056359447,122.21885483410138,14,341477.9166666667,duration_weighted_stop_medoid,1598.2426914185578,anchorage,"POLYGON ((122.229007 29.753192, 122.224349 29.75049, 122.218855 29.749541, 122.213361 29.75049, 122.208703 29.753192, 122.20559 29.757236, 122.204498 29.762006, 122.20559 29.766775, 122.208703 29.770818, 122.213361 29.77352, 122.218855 29.774468, 122.224349 29.77352, 122.229007 29.770818, 122.232119 29.766775, 122.233212 29.762006, 122.232119 29.757236, 122.229007 29.753192))",6710.109490519474,False,unchanged,unchanged
153,23.71110012727273,117.55486852727273,29,159950.86666666664,duration_weighted_stop_medoid,6000.0,anchorage,"POLYGON ((117.604665 23.692214, 117.599684 23.68368, 117.592981 23.6762, 117.584813 23.670061, 117.575495 23.6655, 117.565384 23.66269, 117.554869 23.661742, 117.544353 23.66269, 117.534242 23.6655, 117.524924 23.670061, 117.516756 23.6762, 117.510053 23.68368, 117.505575 23.691352, 117.506159 23.69299, 117.510667 23.692126, 117.513318 23.691742, 117.515998 23.691602, 117.518679 23.691707, 117.521336 23.692056, 117.523942 23.692644, 117.526471 23.693468, 117.528898 23.694517, 117.531198 23.695782, 117.53335 23.697251, 117.535332 23.698908, 117.537124 23.700737, 117.538709 23.702721, 117.54007 23.704839, 117.541194 23.70707, 117.542941 23.711047, 117.543693 23.710528, 117.543697 23.710526, 117.543701 23.710524, 117.543705 23.710522, 117.543709 23.710521, 117.545381 23.710116, 117.545385 23.710115, 117.545388 23.710115, 117.545392 23.710115, 117.548218 23.710109, 117.548222 23.710109, 117.548226 23.71011, 117.54823 23.710111, 117.548234 23.710112, 117.548238 23.710113, 117.55012 23.71095, 117.550124 23.710952, 117.550128 23.710955, 117.550132 23.710958, 117.55143 23.712146, 117.551433 23.71215, 117.551436 23.712153, 117.551438 23.712157, 117.55144 23.712161, 117.552188 23.713961, 117.55219 23.713965, 117.552191 23.713968, 117.552191 23.713972, 117.552191 23.713976, 117.552191 23.71398, 117.551929 23.716433, 117.551928 23.716437, 117.551927 23.716441, 117.551926 23.716445, 117.551924 23.716448, 117.550906 23.718177, 117.550904 23.718181, 117.550901 23.718185, 117.550897 23.718188, 117.550894 23.718191, 117.549515 23.719136, 117.549511 23.719138, 117.549508 23.71914, 117.549504 23.719141, 117.549499 23.719143, 117.547834 23.719543, 117.547829 23.719544, 117.547825 23.719544, 117.54782 23.719544, 117.546649 23.719487, 117.551664 23.730901, 117.552547 23.733247, 117.553169 23.735661, 117.553523 23.738121, 117.553605 23.740601, 117.553414 23.743076, 117.552953 23.74552, 117.552226 23.74791, 117.551241 23.750221, 117.550007 23.75243, 117.548536 23.754514, 117.546845 23.756452, 117.544949 23.758225, 117.543574 23.759276, 117.544353 23.759492, 117.554869 23.76044, 117.562127 23.759786, 117.562677 23.75401, 117.562717 23.753632, 117.564861 23.734542, 117.565269 23.732106, 117.565941 23.72972, 117.56687 23.727408, 117.568046 23.725191, 117.569457 23.723093, 117.57109 23.721135, 117.572929 23.719335, 117.574954 23.717712, 117.577146 23.716282, 117.579483 23.715059, 117.581941 23.714056, 117.584496 23.713282, 117.587123 23.712746, 117.589796 23.712452, 117.592487 23.712404, 117.59517 23.712602, 117.597817 23.713043, 117.600404 23.713725, 117.602903 23.714639, 117.605291 23.715777, 117.607542 23.717127, 117.608077 23.717522, 117.608767 23.7111, 117.607732 23.701472, 117.604665 23.692214))",4229.440377927832,False,land_area_clipped,terminal_area_clipped
156,37.65534345945946,121.51706429729731,10,33582.98333333334,duration_weighted_stop_medoid,3172.0063125044426,anchorage,"POLYGON ((121.54339 37.64671, 121.540757 37.642809, 121.537213 37.63939, 121.532895 37.636584, 121.527969 37.634499, 121.522623 37.633214, 121.517064 37.632781, 121.511505 37.633214, 121.50616 37.634499, 121.501234 37.636584, 121.496916 37.63939, 121.493372 37.642809, 121.490739 37.64671, 121.489117 37.650942, 121.48857 37.655343, 121.489117 37.659744, 121.490739 37.663976, 121.493372 37.667876, 121.496916 37.671293, 121.501234 37.674098, 121.50616 37.676183, 121.511505 37.677466, 121.517064 37.677899, 121.522623 37.677466, 121.527969 37.676183, 121.532895 37.674098, 121.537213 37.671293, 121.540757 37.667876, 121.54339 37.663976, 121.545011 37.659744, 121.545559 37.655343, 121.545011 37.650942, 121.54339 37.64671))",12726.264139602783,False,unchanged,unchanged
159,19.49107017977528,110.87533150561798,9,41827.28333333334,duration_weighted_stop_medoid,988.4999020995886,anchorage,"POLYGON ((110.881611 19.485151, 110.87873 19.483336, 110.875332 19.482699, 110.871933 19.483336, 110.869053 19.485151, 110.867128 19.487867, 110.866452 19.49107, 110.867128 19.494274, 110.869053 19.496989, 110.871933 19.498804, 110.875332 19.499441, 110.87873 19.498804, 110.881611 19.496989, 110.883535 19.494274, 110.884211 19.49107, 110.883535 19.487867, 110.881611 19.485151))",5480.9464180064415,False,unchanged,unchanged
162,25.65392406718346,119.55330703359174,98,503522.6499999999,duration_weighted_stop_medoid,6000.0,anchorage,"POLYGON ((119.603103 25.63533, 119.598122 25.626928, 119.591419 25.619564, 119.583252 25.61352, 119.573933 25.609028, 119.563822 25.606262, 119.553307 25.605328, 119.542792 25.606262, 119.532681 25.609028, 119.523362 25.61352, 119.515195 25.619564, 119.510166 25.625089, 119.510156 25.627002, 119.509876 25.629411, 119.509331 25.631783, 119.508527 25.634095, 119.507472 25.636322, 119.506176 25.638444, 119.504652 25.640439, 119.502915 25.642287, 119.500983 25.64397, 119.500484 25.644326, 119.500444 25.644445, 119.499408 25.653924, 119.500444 25.663402, 119.500986 25.665014, 119.503599 25.66547, 119.518215 25.665896, 119.520764 25.66608, 119.523282 25.66648, 119.525746 25.667094, 119.528135 25.667916, 119.530427 25.668938, 119.532601 25.670151, 119.534637 25.671544, 119.536518 25.673105, 119.538227 25.674819, 119.538721 25.675421, 119.54244 25.673336, 119.542521 25.673148, 119.543672 25.670843, 119.545083 25.668659, 119.546738 25.666618, 119.548619 25.664743, 119.550706 25.663055, 119.552977 25.661571, 119.555407 25.660308, 119.560371 25.658029, 119.562932 25.657001, 119.565597 25.656218, 119.568338 25.655689, 119.571126 25.65542, 119.573929 25.655413, 119.581253 25.655738, 119.584106 25.656003, 119.586912 25.656539, 119.589639 25.657342, 119.592255 25.6584, 119.594732 25.659704, 119.599127 25.662308, 119.601275 25.663724, 119.603259 25.665323, 119.604961 25.666996, 119.60617 25.663402, 119.607206 25.653924, 119.60617 25.644445, 119.603103 25.63533))",3808.6389012857653,False,land_area_clipped,unchanged
164,28.380830968523004,121.66781987409202,36,188070.5333333333,duration_weighted_stop_medoid,2589.4885152281418,anchorage,"POLYGON ((121.689311 28.372999, 121.687161 28.36946, 121.684268 28.366358, 121.680743 28.363813, 121.676722 28.361921, 121.672358 28.360756, 121.671227 28.360658, 121.66846 28.363595, 121.666699 28.36529, 121.664759 28.366827, 121.662659 28.368191, 121.66042 28.369371, 121.658061 28.370354, 121.657654 28.370483, 121.658629 28.374537, 121.659051 28.376851, 121.659211 28.37919, 121.659108 28.381531, 121.659003 28.3822, 121.660232 28.382206, 121.660237 28.382206, 121.660242 28.382207, 121.660246 28.382208, 121.660251 28.382209, 121.662323 28.383047, 121.662326 28.383048, 121.66233 28.38305, 121.662333 28.383052, 121.662336 28.383055, 121.663646 28.384212, 121.663649 28.384215, 121.663652 28.384219, 121.663655 28.384222, 121.663657 28.384226, 121.664399 28.385991, 121.664401 28.385994, 121.664402 28.385998, 121.664402 28.386002, 121.664402 28.386006, 121.664402 28.38601, 121.664039 28.388242, 121.664038 28.388246, 121.664037 28.38825, 121.664036 28.388253, 121.664034 28.388256, 121.662942 28.389941, 121.662939 28.389944, 121.662937 28.389947, 121.662934 28.38995, 121.662931 28.389952, 121.662928 28.389954, 121.661473 28.390842, 121.661469 28.390844, 121.661465 28.390845, 121.661461 28.390847, 121.661457 28.390848, 121.659725 28.391172, 121.65972 28.391172, 121.659716 28.391172, 121.659711 28.391172, 121.656312 28.390851, 121.656307 28.39085, 121.656302 28.390849, 121.656298 28.390847, 121.656294 28.390845, 121.655979 28.390683, 121.65477 28.392486, 121.653197 28.394377, 121.651956 28.395724, 121.654896 28.397846, 121.658918 28.399737, 121.663282 28.400902, 121.66782 28.401295, 121.672358 28.400902, 121.676722 28.399737, 121.680743 28.397846, 121.684268 28.395302, 121.687161 28.392201, 121.689311 28.388663, 121.690635 28.384824, 121.691082 28.380831, 121.690635 28.376838, 121.689311 28.372999), (121.665754 28.373886, 121.665751 28.373883, 121.665748 28.37388, 121.665745 28.373876, 121.665743 28.373873, 121.664817 28.371815, 121.664816 28.371812, 121.664815 28.371808, 121.664814 28.371805, 121.664814 28.371801, 121.664793 28.370224, 121.664793 28.37022, 121.664794 28.370216, 121.664795 28.370212, 121.664796 28.370208, 121.665478 28.368749, 121.66548 28.368746, 121.665482 28.368742, 121.665485 28.368739, 121.665488 28.368736, 121.666764 28.367628, 121.666767 28.367625, 121.666771 28.367623, 121.666775 28.367621, 121.666779 28.367619, 121.669119 28.366799, 121.669123 28.366798, 121.669128 28.366797, 121.669132 28.366796, 121.669136 28.366796, 121.670876 28.366815, 121.670881 28.366816, 121.670885 28.366816, 121.67089 28.366818, 121.670895 28.366819, 121.672845 28.367651, 121.672849 28.367653, 121.672853 28.367655, 121.672857 28.367658, 121.67286 28.367661, 121.673955 28.36885, 121.673958 28.368853, 121.67396 28.368856, 121.673962 28.36886, 121.674818 28.370656, 121.674819 28.37066, 121.67482 28.370664, 121.674821 28.370668, 121.674821 28.370672, 121.674804 28.372229, 121.674804 28.372233, 121.674803 28.372237, 121.674802 28.372241, 121.674801 28.372244, 121.674101 28.373675, 121.674099 28.373679, 121.674097 28.373682, 121.674094 28.373685, 121.674091 28.373688, 121.672817 28.37477, 121.672814 28.374773, 121.67281 28.374775, 121.672806 28.374777, 121.672801 28.374779, 121.672797 28.37478, 121.669008 28.375593, 121.669003 28.375594, 121.668999 28.375594, 121.668995 28.375594, 121.66899 28.375594, 121.668986 28.375593, 121.668982 28.375592, 121.666984 28.374951, 121.666979 28.374949, 121.666975 28.374947, 121.666971 28.374945, 121.666968 28.374942, 121.665754 28.373886))",3962.0468467550104,False,land_area_clipped,terminal_area_clipped
165,37.250238417910445,119.17582186567164,51,123703.61666666667,duration_weighted_stop_medoid,2765.38586407386,anchorage,"POLYGON ((119.198773 37.242671, 119.196477 37.239252, 119.193388 37.236255, 119.189623 37.233795, 119.185328 37.231967, 119.180668 37.230842, 119.175822 37.230462, 119.170975 37.230842, 119.166315 37.231967, 119.16202 37.233795, 119.158256 37.236255, 119.155167 37.239252, 119.152871 37.242671, 119.151457 37.246381, 119.15098 37.250238, 119.151457 37.254096, 119.152871 37.257805, 119.155167 37.261224, 119.158256 37.26422, 119.16202 37.266678, 119.166315 37.268505, 119.170975 37.26963, 119.175822 37.27001, 119.180668 37.26963, 119.185328 37.268505, 119.189623 37.266678, 119.193388 37.26422, 119.196477 37.261224, 119.198773 37.257805, 119.200186 37.254096, 119.200664 37.250238, 119.200186 37.246381, 119.198773 37.242671))",9637.070016913898,False,unchanged,unchanged
166,19.868271689655174,109.16771838793103,13,36533.9,duration_weighted_stop_medoid,1161.199369124166,anchorage,"POLYGON ((109.175094 19.861335, 109.17171 19.859208, 109.167718 19.858461, 109.163727 19.859208, 109.160342 19.861335, 109.158081 19.864517, 109.157287 19.868272, 109.158081 19.872026, 109.160342 19.875208, 109.163727 19.877335, 109.167718 19.878082, 109.17171 19.877335, 109.175094 19.875208, 109.177356 19.872026, 109.17815 19.868272, 109.177356 19.864517, 109.175094 19.861335))",5293.947141664739,False,unchanged,unchanged
168,22.511646162650603,114.77893005421687,20,67755.23333333334,duration_weighted_stop_medoid,6000.0,anchorage,"POLYGON ((114.828726 22.49259, 114.823745 22.48398, 114.817042 22.476433, 114.808875 22.47024, 114.799556 22.465637, 114.789445 22.462802, 114.77893 22.461845, 114.768415 22.462802, 114.758304 22.465637, 114.748985 22.47024, 114.740818 22.476433, 114.734115 22.48398, 114.729134 22.49259, 114.726067 22.501932, 114.725031 22.511646, 114.726067 22.52136, 114.729134 22.530699, 114.734115 22.539306, 114.740818 22.54685, 114.748985 22.55304, 114.758304 22.55764, 114.768415 22.560473, 114.77893 22.561429, 114.789445 22.560473, 114.799556 22.55764, 114.808875 22.55304, 114.817042 22.54685, 114.823745 22.539306, 114.828726 22.530699, 114.831793 22.52136, 114.832829 22.511646, 114.831793 22.501932, 114.828726 22.49259))",9806.098145296462,False,unchanged,unchanged
171,26.540001194871795,120.09021373333334,11,26976.03333333334,duration_weighted_stop_medoid,2975.666791771487,anchorage,"POLYGON ((120.11491 26.530849, 120.11244 26.526714, 120.109115 26.52309, 120.105065 26.520116, 120.100443 26.517905, 120.095429 26.516544, 120.090214 26.516085, 120.084999 26.516544, 120.079984 26.517905, 120.075363 26.520116, 120.071312 26.52309, 120.067988 26.526714, 120.065518 26.530849, 120.063996 26.535336, 120.063483 26.540001, 120.063996 26.544666, 120.065518 26.549152, 120.067988 26.553286, 120.071312 26.55691, 120.075363 26.559883, 120.079984 26.562093, 120.084999 26.563453, 120.090214 26.563913, 120.095429 26.563453, 120.100443 26.562093, 120.105065 26.559883, 120.109115 26.55691, 120.11244 26.553286, 120.11491 26.549152, 120.116431 26.544666, 120.116945 26.540001, 120.116431 26.535336, 120.11491 26.530849))",9697.879085622124,False,unchanged,unchanged
175,37.927813071428574,120.90177962755102,16,48803.8,duration_weighted_stop_medoid,4996.104689377491,anchorage,"POLYGON ((120.943244 37.914264, 120.939097 37.908143, 120.933515 37.902776, 120.926714 37.898372, 120.918955 37.895099, 120.910535 37.893084, 120.90178 37.892403, 120.893024 37.893084, 120.884604 37.895099, 120.876845 37.898372, 120.870044 37.902776, 120.864463 37.908143, 120.860315 37.914264, 120.857761 37.920906, 120.856899 37.927813, 120.857761 37.934719, 120.860315 37.941359, 120.864463 37.947478, 120.870044 37.952841, 120.876845 37.957242, 120.884604 37.960512, 120.893024 37.962526, 120.90178 37.963206, 120.910535 37.962526, 120.918955 37.960512, 120.926714 37.957242, 120.933515 37.952841, 120.939097 37.947478, 120.943244 37.941359, 120.945798 37.934719, 120.94666 37.927813, 120.945798 37.920906, 120.943244 37.914264))",14088.796364337633,False,unchanged,unchanged
176,30.190637425,122.362522775,43,105914.96666666666,duration_weighted_stop_medoid,2964.3069641888637,anchorage,"POLYGON ((122.387125 30.181829, 122.384664 30.177849, 122.381352 30.174361, 122.377317 30.171498, 122.372713 30.16937, 122.367718 30.16806, 122.362523 30.167618, 122.357328 30.16806, 122.352332 30.16937, 122.347729 30.171498, 122.343693 30.174361, 122.340382 30.177849, 122.337921 30.181829, 122.336406 30.186147, 122.335894 30.190637, 122.336406 30.195128, 122.337921 30.199445, 122.340382 30.203424, 122.343693 30.206911, 122.347729 30.209773, 122.352332 30.2119, 122.357328 30.213209, 122.362523 30.213652, 122.367718 30.213209, 122.372713 30.2119, 122.377317 30.209773, 122.381352 30.206911, 122.384664 30.203424, 122.387125 30.199445, 122.38864 30.195128, 122.389152 30.190637, 122.38864 30.186147, 122.387125 30.181829))",6867.393833660028,False,unchanged,unchanged
179,29.657532198675497,121.93955698013244,139,442955.2166666667,duration_weighted_stop_medoid,6000.0,anchorage,"POLYGON ((121.989353 29.639606, 121.984372 29.631507, 121.977669 29.624407, 121.977047 29.623963, 121.974805 29.624722, 121.964319 29.627746, 121.96215 29.628758, 121.950604 29.646165, 121.949213 29.648049, 121.94762 29.649809, 121.945841 29.651429, 121.943893 29.652894, 121.941793 29.65419, 121.930318 29.660577, 121.928101 29.661686, 121.925772 29.662607, 121.923354 29.663332, 121.920867 29.663855, 121.918335 29.66417, 121.915779 29.664275, 121.913224 29.66417, 121.910691 29.663854, 121.908205 29.663331, 121.905787 29.662605, 121.903458 29.661683, 121.901241 29.660574, 121.899155 29.659287, 121.897219 29.657834, 121.886616 29.649079, 121.885658 29.657532, 121.886694 29.666669, 121.889761 29.675455, 121.894742 29.683551, 121.901445 29.690646, 121.909612 29.696469, 121.918931 29.700796, 121.929042 29.70346, 121.939557 29.704359, 121.950072 29.70346, 121.960183 29.700796, 121.969502 29.696469, 121.977669 29.690646, 121.984372 29.683551, 121.989353 29.675455, 121.99242 29.666669, 121.993456 29.657532, 121.99242 29.648394, 121.989353 29.639606))",3226.3023711923574,False,land_area_clipped,unchanged
189,25.250170725352113,119.68565870422536,44,109959.38333333335,duration_weighted_stop_medoid,6000.0,anchorage,"POLYGON ((119.735455 25.231514, 119.730474 25.223084, 119.723771 25.215695, 119.715603 25.209631, 119.706285 25.205124, 119.696174 25.202349, 119.685659 25.201412, 119.675144 25.202349, 119.665032 25.205124, 119.655714 25.209631, 119.647546 25.215695, 119.640843 25.223084, 119.635863 25.231514, 119.632795 25.24066, 119.63176 25.250171, 119.632795 25.259681, 119.635863 25.268825, 119.640843 25.277251, 119.647546 25.284637, 119.655714 25.290697, 119.665032 25.295201, 119.675144 25.297974, 119.685659 25.29891, 119.696174 25.297974, 119.706285 25.295201, 119.715603 25.290697, 119.723771 25.284637, 119.730474 25.277251, 119.735455 25.268825, 119.738522 25.259681, 119.739558 25.250171, 119.738522 25.24066, 119.735455 25.231514))",13738.311202015058,False,unchanged,unchanged
190,37.52356969791666,122.30173464583333,19,45482.73333333333,duration_weighted_stop_medoid,2931.010367554275,anchorage,"POLYGON ((122.32606 37.515578, 122.323627 37.511967, 122.320353 37.508802, 122.316363 37.506205, 122.311811 37.504275, 122.306871 37.503086, 122.301735 37.502685, 122.296598 37.503086, 122.291659 37.504275, 122.287107 37.506205, 122.283117 37.508802, 122.279842 37.511967, 122.277409 37.515578, 122.275911 37.519496, 122.275405 37.52357, 122.275911 37.527643, 122.277409 37.531561, 122.279842 37.53517, 122.283117 37.538334, 122.287107 37.540931, 122.291659 37.54286, 122.296598 37.544048, 122.301735 37.544449, 122.306871 37.544048, 122.311811 37.54286, 122.316363 37.540931, 122.320353 37.538334, 122.323627 37.53517, 122.32606 37.531561, 122.327558 37.527643, 122.328064 37.52357, 122.327558 37.519496, 122.32606 37.515578))",10936.968247763492,False,unchanged,unchanged
191,38.81240796638656,121.07020878991597,17,40422.666666666664,duration_weighted_stop_medoid,6000.0,anchorage,"POLYGON ((121.070209 38.770397, 121.059694 38.771205, 121.049583 38.773596, 121.040264 38.777479, 121.032097 38.782705, 121.025393 38.789071, 121.020413 38.796334, 121.017346 38.804214, 121.01631 38.812408, 121.017346 38.820601, 121.020413 38.828478, 121.025393 38.835737, 121.032097 38.842099, 121.040264 38.84732, 121.049583 38.851199, 121.059694 38.853587, 121.070209 38.854394, 121.080724 38.853587, 121.086265 38.852278, 121.084644 38.843155, 121.084401 38.8409, 121.084472 38.838637, 121.084854 38.836394, 121.085545 38.834196, 121.086535 38.832068, 121.093127 38.819982, 121.094256 38.81816, 121.095606 38.816432, 121.097162 38.814812, 121.10573 38.806738, 121.109137 38.802333, 121.110411 38.796456, 121.10991 38.796239, 121.107775 38.795092, 121.105792 38.793791, 121.103978 38.792348, 121.10235 38.790775, 121.092747 38.780523, 121.091262 38.778757, 121.090011 38.776884, 121.089009 38.774922, 121.088302 38.772997, 121.080724 38.771205, 121.070209 38.770397))",5771.259420216317,False,land_area_clipped,unchanged
193,29.85200049655172,122.55789653103447,101,310529.11666666664,duration_weighted_stop_medoid,6000.0,anchorage,"POLYGON ((122.607693 29.834109, 122.602712 29.826026, 122.596009 29.81894, 122.587841 29.813124, 122.578523 29.808802, 122.568412 29.806141, 122.557897 29.805242, 122.547381 29.806141, 122.53727 29.808802, 122.527952 29.813124, 122.519784 29.81894, 122.513081 29.826026, 122.5081 29.834109, 122.505033 29.84288, 122.503998 29.852, 122.505033 29.86112, 122.5081 29.869888, 122.513081 29.877969, 122.519784 29.88505, 122.527952 29.890862, 122.53727 29.89518, 122.547381 29.897839, 122.557897 29.898737, 122.568412 29.897839, 122.578523 29.89518, 122.587841 29.890862, 122.596009 29.88505, 122.602712 29.877969, 122.607693 29.869888, 122.61076 29.86112, 122.611795 29.852, 122.61076 29.84288, 122.607693 29.834109))",17775.795980037856,False,unchanged,unchanged
196,30.19988974576271,122.47482279661017,7,16629.783333333333,duration_weighted_stop_medoid,1782.6975252835955,anchorage,"POLYGON ((122.486147 30.190102, 122.480951 30.187102, 122.474823 30.186048, 122.468694 30.187102, 122.463499 30.190102, 122.460028 30.194593, 122.458809 30.19989, 122.460028 30.205186, 122.463499 30.209676, 122.468694 30.212676, 122.474823 30.213729, 122.480951 30.212676, 122.486147 30.209676, 122.489618 30.205186, 122.490837 30.19989, 122.489618 30.194593, 122.486147 30.190102))",9310.47313147697,False,unchanged,unchanged
201,38.85652834246576,117.74442708219179,7,15440.266666666666,duration_weighted_stop_medoid,307.0703108487423,anchorage,"POLYGON ((117.744427 38.85438, 117.742477 38.855009, 117.741669 38.856528, 117.742477 38.858047, 117.744427 38.858676, 117.746378 38.858047, 117.747186 38.856528, 117.746378 38.855009, 117.744427 38.85438))",12302.269234060981,False,unchanged,unchanged
207,22.427193637931033,113.76790677586207,9,25064.199999999997,duration_weighted_stop_medoid,6000.0,anchorage,"POLYGON ((113.817703 22.408126, 113.812722 22.399511, 113.806019 22.39196, 113.797851 22.385762, 113.788533 22.381156, 113.778422 22.37832, 113.767907 22.377362, 113.757392 22.37832, 113.747281 22.381156, 113.737962 22.385762, 113.729794 22.39196, 113.723091 22.399511, 113.718111 22.408126, 113.715044 22.417473, 113.714008 22.427194, 113.715044 22.436913, 113.718111 22.446258, 113.723091 22.454871, 113.729794 22.462419, 113.737962 22.468613, 113.747281 22.473216, 113.757392 22.47605, 113.767907 22.477007, 113.778422 22.47605, 113.788533 22.473216, 113.797851 22.468613, 113.806019 22.462419, 113.812722 22.454871, 113.817703 22.446258, 113.82077 22.436913, 113.821806 22.427194, 113.82077 22.417473, 113.817703 22.408126))",12252.048177323557,False,unchanged,unchanged
208,36.699514974358976,121.47060676923077,14,33353.083333333336,duration_weighted_stop_medoid,1589.8212677836325,anchorage,"POLYGON ((121.480705 36.691418, 121.476072 36.688935, 121.470607 36.688063, 121.465141 36.688935, 121.460508 36.691418, 121.457412 36.695133, 121.456325 36.699515, 121.457412 36.703897, 121.460508 36.707611, 121.465141 36.710093, 121.470607 36.710965, 121.476072 36.710093, 121.480705 36.707611, 121.483801 36.703897, 121.484888 36.699515, 121.483801 36.695133, 121.480705 36.691418))",7875.824824307999,False,unchanged,unchanged
211,20.86789880084746,110.70396774364406,11,32322.18333333333,duration_weighted_stop_medoid,6000.0,anchorage,"POLYGON ((110.753764 20.848624, 110.748783 20.839916, 110.74208 20.832282, 110.733912 20.826017, 110.724594 20.821362, 110.714483 20.818495, 110.703968 20.817527, 110.693453 20.818495, 110.683342 20.821362, 110.674023 20.826017, 110.665855 20.832282, 110.659152 20.839916, 110.654172 20.848624, 110.651104 20.858073, 110.650069 20.867899, 110.651104 20.877724, 110.654172 20.887171, 110.659152 20.895877, 110.665855 20.903507, 110.674023 20.909769, 110.683342 20.914421, 110.693453 20.917286, 110.703968 20.918254, 110.714483 20.917286, 110.724594 20.914421, 110.733912 20.909769, 110.74208 20.903507, 110.748783 20.895877, 110.753764 20.887171, 110.756831 20.877724, 110.757867 20.867899, 110.756831 20.858073, 110.753764 20.848624))",10486.291658944727,False,unchanged,unchanged
222,30.6391645,122.39284384210528,131,334472.7,duration_weighted_stop_medoid,1765.9963931756863,anchorage,"POLYGON ((122.404062 30.629512, 122.398915 30.626553, 122.392844 30.625514, 122.386773 30.626553, 122.381626 30.629512, 122.378187 30.633941, 122.37698 30.639164, 122.378187 30.644388, 122.381626 30.648816, 122.386773 30.651774, 122.392844 30.652813, 122.398915 30.651774, 122.404062 30.648816, 122.4075 30.644388, 122.408708 30.639164, 122.4075 30.633941, 122.404062 30.629512))",8770.825338045397,False,unchanged,unchanged
226,37.85717175438596,120.50266335087719,17,44161.53333333334,duration_weighted_stop_medoid,4896.657678090807,anchorage,"POLYGON ((120.543302 37.84388, 120.539238 37.837874, 120.533767 37.83261, 120.527101 37.828289, 120.519497 37.825078, 120.511245 37.823101, 120.502663 37.822434, 120.494082 37.823101, 120.48583 37.825078, 120.478225 37.828289, 120.47156 37.83261, 120.466089 37.837874, 120.462024 37.84388, 120.459521 37.850396, 120.458676 37.857172, 120.459521 37.863947, 120.462024 37.870461, 120.466089 37.876464, 120.47156 37.881725, 120.478225 37.886043, 120.48583 37.889251, 120.494082 37.891227, 120.502663 37.891894, 120.511245 37.891227, 120.519497 37.889251, 120.527101 37.886043, 120.533767 37.881725, 120.539238 37.876464, 120.543302 37.870461, 120.545806 37.863947, 120.546651 37.857172, 120.545806 37.850396, 120.543302 37.84388))",14358.16822420918,False,unchanged,unchanged
228,30.126873168234066,122.49343278160919,14,79730.98333333334,duration_weighted_stop_medoid,5344.026893779714,anchorage,"POLYGON ((122.537785 30.110982, 122.533348 30.103802, 122.527378 30.097509, 122.520104 30.092343, 122.511804 30.088505, 122.502798 30.086141, 122.493433 30.085343, 122.484067 30.086141, 122.475062 30.088505, 122.466762 30.092343, 122.459487 30.097509, 122.453517 30.103802, 122.449081 30.110982, 122.446349 30.118772, 122.445427 30.126873, 122.446349 30.134973, 122.449081 30.142761, 122.453517 30.149938, 122.459487 30.156229, 122.466762 30.161391, 122.475062 30.165226, 122.484067 30.167588, 122.493433 30.168386, 122.502798 30.167588, 122.511804 30.165226, 122.520104 30.161391, 122.527378 30.156229, 122.533348 30.149938, 122.537785 30.142761, 122.540517 30.134973, 122.541439 30.126873, 122.540517 30.118772, 122.537785 30.110982))",17795.786387941946,False,unchanged,unchanged
230,35.043580623306234,119.28110525745258,5,18397.283333333333,duration_weighted_stop_medoid,1483.8915227402817,anchorage,"POLYGON ((119.290531 35.035863, 119.286206 35.033497, 119.281105 35.032666, 119.276004 35.033497, 119.27168 35.035863, 119.26879 35.039404, 119.267775 35.043581, 119.26879 35.047757, 119.271188 35.050695, 119.283334 35.05413, 119.286206 35.053663, 119.290531 35.051297, 119.293421 35.047757, 119.294435 35.043581, 119.293421 35.039404, 119.290531 35.035863))",4274.8523034833825,False,land_area_clipped,unchanged
231,30.339864749999997,121.95749355000001,9,22785.816666666666,duration_weighted_stop_medoid,5959.98536777635,anchorage,"POLYGON ((122.006958 30.322181, 122.00201 30.31419, 121.995352 30.307186, 121.987238 30.301438, 121.977982 30.297166, 121.967939 30.294535, 121.957494 30.293647, 121.947049 30.294535, 121.937005 30.297166, 121.927749 30.301438, 121.919635 30.307186, 121.912977 30.31419, 121.90803 30.322181, 121.904983 30.33085, 121.903954 30.339865, 121.904983 30.348879, 121.90803 30.357546, 121.912977 30.365533, 121.919635 30.372533, 121.927749 30.378277, 121.937005 30.382545, 121.947049 30.385173, 121.957494 30.386061, 121.967939 30.385173, 121.977982 30.382545, 121.987238 30.378277, 121.995352 30.372533, 122.00201 30.365533, 122.006958 30.357546, 122.010004 30.348879, 122.011033 30.339865, 122.010004 30.33085, 122.006958 30.322181))",14353.933018560148,False,unchanged,unchanged
233,36.551702303571425,121.25470214285714,8,18120.183333333334,duration_weighted_stop_medoid,2618.0032333392924,anchorage,"POLYGON ((121.27643 36.544472, 121.274257 36.541206, 121.271332 36.538342, 121.267768 36.535992, 121.263702 36.534246, 121.25929 36.533171, 121.254702 36.532808, 121.250114 36.533171, 121.245702 36.534246, 121.241636 36.535992, 121.238072 36.538342, 121.235148 36.541206, 121.232974 36.544472, 121.231636 36.548016, 121.231184 36.551702, 121.231636 36.555388, 121.232974 36.558932, 121.235148 36.562198, 121.238072 36.56506, 121.241636 36.567409, 121.245702 36.569155, 121.250114 36.570229, 121.254702 36.570592, 121.25929 36.570229, 121.263702 36.569155, 121.267768 36.567409, 121.271332 36.56506, 121.274257 36.562198, 121.27643 36.558932, 121.277768 36.555388, 121.27822 36.551702, 121.277768 36.548016, 121.27643 36.544472))",18843.60804928476,False,unchanged,unchanged
238,37.880733442176876,121.01970937414966,5,13323.066666666668,duration_weighted_stop_medoid,3286.290906251397,anchorage,"POLYGON ((121.046983 37.871816, 121.044255 37.867787, 121.040584 37.864255, 121.036111 37.861357, 121.031007 37.859203, 121.025469 37.857877, 121.019709 37.857429, 121.01395 37.857877, 121.008412 37.859203, 121.003308 37.861357, 120.998835 37.864255, 120.995163 37.867787, 120.992435 37.871816, 120.990755 37.876188, 120.990188 37.880733, 120.990755 37.885279, 120.992435 37.88965, 120.995163 37.893678, 120.998835 37.897208, 121.003308 37.900105, 121.008412 37.902257, 121.01395 37.903583, 121.019709 37.904031, 121.025469 37.903583, 121.031007 37.902257, 121.036111 37.900105, 121.040584 37.897208, 121.044255 37.893678, 121.046983 37.88965, 121.048663 37.885279, 121.049231 37.880733, 121.048663 37.876188, 121.046983 37.871816))",13558.548692388267,False,unchanged,unchanged
240,38.28099055737705,118.24482753278689,23,64194.21666666667,duration_weighted_stop_medoid,3260.1174344349547,anchorage,"POLYGON ((118.271884 38.272192, 118.269178 38.268217, 118.265536 38.264733, 118.261098 38.261873, 118.256035 38.259748, 118.250541 38.25844, 118.244828 38.257998, 118.239114 38.25844, 118.23362 38.259748, 118.228557 38.261873, 118.224119 38.264733, 118.220477 38.268217, 118.217771 38.272192, 118.216104 38.276505, 118.215541 38.280991, 118.216104 38.285475, 118.217771 38.289788, 118.220477 38.293761, 118.224119 38.297244, 118.228557 38.300103, 118.23362 38.302227, 118.239114 38.303534, 118.244828 38.303976, 118.250541 38.303534, 118.256035 38.302227, 118.261098 38.300103, 118.265536 38.297244, 118.269178 38.293761, 118.271884 38.289788, 118.273551 38.285475, 118.274114 38.280991, 118.273551 38.276505, 118.271884 38.272192))",19540.425664814436,False,unchanged,unchanged
242,35.85343402469135,120.18243561728396,6,18248.183333333334,duration_weighted_stop_medoid,3093.463951491893,anchorage,"POLYGON ((120.208109 35.844814, 120.205541 35.84092, 120.202085 35.837506, 120.197874 35.834704, 120.19307 35.832622, 120.187857 35.83134, 120.182436 35.830907, 120.177014 35.83134, 120.171801 35.832622, 120.166997 35.834704, 120.162786 35.837506, 120.15933 35.84092, 120.156762 35.844814, 120.155181 35.84904, 120.154647 35.853434, 120.155181 35.857828, 120.156762 35.862053, 120.15933 35.865946, 120.162786 35.869359, 120.164071 35.870214, 120.165983 35.869553, 120.168548 35.868903, 120.171181 35.868462, 120.173855 35.868237, 120.176543 35.868229, 120.179219 35.868437, 120.181856 35.868861, 120.184428 35.869495, 120.186909 35.870334, 120.189274 35.871369, 120.1915 35.87259, 120.193566 35.873984, 120.193599 35.874011, 120.197874 35.872159, 120.202085 35.869359, 120.205541 35.865946, 120.208109 35.862053, 120.209691 35.857828, 120.210225 35.853434, 120.209691 35.84904, 120.208109 35.844814))",5091.237596608348,False,land_area_clipped,unchanged
244,38.88924410240964,117.69067406024095,7,26588.416666666664,duration_weighted_stop_medoid,269.86614333154563,anchorage,"POLYGON ((117.690674 38.887357, 117.68896 38.88791, 117.68825 38.889244, 117.68896 38.890578, 117.690674 38.891131, 117.692388 38.890578, 117.693098 38.889244, 117.692388 38.88791, 117.690674 38.887357))",4784.707161712208,False,unchanged,unchanged
249,27.12635296551724,120.46644824137931,5,9470.266666666666,duration_weighted_stop_medoid,5854.712681593943,anchorage,"POLYGON ((120.515039 27.108439, 120.510178 27.100344, 120.503638 27.093249, 120.495668 27.087426, 120.486575 27.083099, 120.476709 27.080434, 120.466448 27.079535, 120.456188 27.080434, 120.446321 27.083099, 120.437229 27.087426, 120.429259 27.093249, 120.422718 27.100344, 120.421604 27.102199, 120.421764 27.102999, 120.42197 27.105386, 120.421907 27.107779, 120.421577 27.110155, 120.421155 27.111811, 120.423142 27.112894, 120.425234 27.114299, 120.427162 27.115879, 120.428909 27.117618, 120.430457 27.119499, 120.431794 27.121506, 120.432904 27.123618, 120.433645 27.125479, 120.435063 27.12612, 120.43724 27.127351, 120.439275 27.12876, 120.441149 27.130337, 120.442846 27.132065, 120.444348 27.13393, 120.445644 27.135914, 120.446721 27.137999, 120.447569 27.140166, 120.44818 27.142396, 120.448549 27.144667, 120.448672 27.146959, 120.448672 27.153144, 120.448545 27.155468, 120.448331 27.156767, 120.448478 27.156888, 120.450241 27.15866, 120.4518 27.160577, 120.453048 27.162483, 120.454834 27.161456, 120.457141 27.160395, 120.459552 27.159536, 120.462044 27.158887, 120.464596 27.158455, 120.467182 27.158243, 120.469779 27.158254, 120.472362 27.158487, 120.474909 27.158941, 120.477394 27.15961, 120.490497 27.163761, 120.492702 27.16456, 120.49482 27.165528, 120.494957 27.165604, 120.495668 27.165266, 120.503638 27.159447, 120.510178 27.152355, 120.515039 27.144264, 120.518031 27.135485, 120.519042 27.126353, 120.518031 27.117221, 120.515039 27.108439))",5606.4539739739475,False,land_area_clipped,unchanged
257,37.844446803278686,121.12082765573771,10,24795.5,duration_weighted_stop_medoid,2812.0255701356873,anchorage,"POLYGON ((121.144166 37.836813, 121.141831 37.833363, 121.13869 37.83034, 121.134862 37.827859, 121.130495 37.826015, 121.125756 37.82488, 121.120828 37.824496, 121.1159 37.82488, 121.111161 37.826015, 121.106793 37.827859, 121.102966 37.83034, 121.099824 37.833363, 121.09749 37.836813, 121.096052 37.840555, 121.095567 37.844447, 121.096052 37.848338, 121.09749 37.85208, 121.099824 37.855528, 121.102966 37.858551, 121.106793 37.861031, 121.111161 37.862874, 121.1159 37.864009, 121.120828 37.864392, 121.125756 37.864009, 121.130495 37.862874, 121.134862 37.861031, 121.13869 37.858551, 121.141831 37.855528, 121.144166 37.85208, 121.145603 37.848338, 121.146089 37.844447, 121.145603 37.840555, 121.144166 37.836813))",19084.900434246996,False,unchanged,unchanged
260,23.503772559110626,117.07416278796096,6,73173.04999999999,duration_weighted_stop_medoid,6000.0,anchorage,"POLYGON ((117.0213 23.494129, 117.020264 23.503773, 117.0213 23.513415, 117.024367 23.522686, 117.029347 23.53123, 117.03605 23.538718, 117.044218 23.544863, 117.053537 23.549429, 117.055635 23.550013, 117.059044 23.54181, 117.060101 23.539599, 117.061387 23.537493, 117.062892 23.535512, 117.0646 23.533675, 117.066496 23.532, 117.068561 23.530503, 117.070775 23.529197, 117.073118 23.528096, 117.075567 23.527209, 117.078099 23.526546, 117.080689 23.526112, 117.083312 23.525913, 117.085945 23.525949, 117.088561 23.52622, 117.091136 23.526724, 117.106372 23.530429, 117.109251 23.53129, 117.112005 23.532442, 117.114602 23.533869, 117.115895 23.534674, 117.118978 23.53123, 117.123959 23.522686, 117.127026 23.513415, 117.127678 23.507345, 117.125161 23.507399, 117.114157 23.50714, 117.113625 23.507707, 117.113622 23.50771, 117.113618 23.507713, 117.113614 23.507715, 117.11361 23.507717, 117.111292 23.508718, 117.111289 23.508719, 117.111285 23.50872, 117.111281 23.508721, 117.111276 23.508722, 117.109482 23.508842, 117.109477 23.508842, 117.109473 23.508841, 117.109468 23.508841, 117.109464 23.508839, 117.107762 23.508304, 117.107757 23.508302, 117.107753 23.5083, 117.10775 23.508298, 117.107746 23.508295, 117.10766 23.508224, 117.107953 23.508678, 117.107955 23.508682, 117.107957 23.508686, 117.107958 23.50869, 117.107959 23.508694, 117.108193 23.51031, 117.108194 23.510314, 117.108194 23.510318, 117.108193 23.510322, 117.108192 23.510326, 117.107724 23.511899, 117.107723 23.511903, 117.107721 23.511907, 117.107719 23.51191, 117.107716 23.511914, 117.106619 23.513197, 117.106616 23.5132, 117.106613 23.513203, 117.106609 23.513205, 117.106605 23.513208, 117.106601 23.513209, 117.103164 23.514518, 117.10316 23.51452, 117.103156 23.514521, 117.103151 23.514521, 117.103147 23.514521, 117.103143 23.514521, 117.103139 23.514521, 117.101441 23.514258, 117.101436 23.514257, 117.101432 23.514255, 117.101427 23.514253, 117.101423 23.514251, 117.099655 23.513138, 117.099651 23.513135, 117.099648 23.513133, 117.099645 23.51313, 117.099643 23.513127, 117.099641 23.513124, 117.099639 23.51312, 117.098155 23.510079, 117.098154 23.510075, 117.098152 23.510071, 117.098152 23.510067, 117.098151 23.510063, 117.098151 23.510059, 117.098152 23.510055, 117.098527 23.508145, 117.098528 23.508141, 117.09853 23.508137, 117.098532 23.508133, 117.098534 23.508129, 117.099502 23.506849, 117.099505 23.506846, 117.099508 23.506843, 117.099511 23.506841, 117.099514 23.506838, 117.101044 23.505911, 117.100745 23.505838, 117.098359 23.505023, 117.096068 23.504006, 117.093891 23.502795, 117.091849 23.501401, 117.08996 23.499836, 117.088239 23.498115, 117.086704 23.496252, 117.086251 23.495579, 117.086136 23.49566, 117.083933 23.496917, 117.081608 23.497975, 117.073795 23.501107, 117.07146 23.501927, 117.069052 23.502546, 117.066592 23.502956, 117.064101 23.503156, 117.0616 23.503144, 117.059112 23.502919, 117.056657 23.502483, 117.054256 23.50184, 117.040341 23.497464, 117.03779 23.496526, 117.035357 23.495354, 117.033066 23.493962, 117.030942 23.492362, 117.029006 23.490572, 117.02728 23.488611, 117.02578 23.486499, 117.024617 23.484426, 117.024367 23.484856, 117.0213 23.494129))",3314.1286788288917,False,land_area_clipped,terminal_area_clipped
273,22.718008445121953,114.69734062195121,5,15205.016666666668,duration_weighted_stop_medoid,5266.336834918244,anchorage,"POLYGON ((114.697341 22.674364, 114.688111 22.675202, 114.679237 22.677686, 114.671058 22.68172, 114.663889 22.687148, 114.658005 22.693762, 114.653633 22.701308, 114.650941 22.709495, 114.650032 22.718008, 114.650941 22.726522, 114.653633 22.734707, 114.653891 22.735152, 114.654011 22.735227, 114.65602 22.73677, 114.657857 22.738486, 114.659506 22.740358, 114.66095 22.742368, 114.664075 22.747214, 114.674348 22.751147, 114.693738 22.758231, 114.696388 22.759355, 114.69889 22.760737, 114.699856 22.761411, 114.70657 22.760801, 114.714698 22.758528, 114.715728 22.757639, 114.71769 22.756101, 114.719802 22.754743, 114.722045 22.753578, 114.723527 22.752971, 114.718583 22.745033, 114.717378 22.742857, 114.71641 22.740583, 114.715689 22.738232, 114.715222 22.735827, 114.71215 22.713822, 114.71194 22.711343, 114.712 22.708857, 114.712328 22.706389, 114.712922 22.703963, 114.713775 22.701605, 114.71488 22.699336, 114.716225 22.697181, 114.717797 22.695161, 114.722389 22.68984, 114.720159 22.688119, 114.718214 22.686461, 114.716454 22.684634, 114.714897 22.682658, 114.713558 22.680549, 114.712449 22.67833, 114.711828 22.676674, 114.70657 22.675202, 114.697341 22.674364))",4699.625436570659,False,land_area_clipped,unchanged
277,22.8174990955414,116.05941258598725,8,29669.36666666667,duration_weighted_stop_medoid,926.2027118843645,anchorage,"POLYGON ((116.065296 22.812076, 116.062597 22.810414, 116.059413 22.80983, 116.056229 22.810414, 116.053529 22.812076, 116.051726 22.814564, 116.051092 22.817499, 116.051726 22.820434, 116.053529 22.822922, 116.056229 22.824584, 116.059413 22.825168, 116.062597 22.824584, 116.065296 22.822922, 116.067099 22.820434, 116.067733 22.817499, 116.067099 22.814564, 116.065296 22.812076))",4113.243582321361,False,unchanged,unchanged
278,22.06634082706767,113.74477084210527,8,24734.283333333333,duration_weighted_stop_medoid,2284.669178004168,anchorage,"POLYGON ((113.763732 22.059062, 113.761836 22.055773, 113.759283 22.052891, 113.756173 22.050525, 113.752625 22.048767, 113.748775 22.047685, 113.744771 22.047319, 113.740767 22.047685, 113.736917 22.048767, 113.733369 22.050525, 113.730259 22.052891, 113.727706 22.055773, 113.72581 22.059062, 113.724642 22.06263, 113.724247 22.066341, 113.724642 22.070051, 113.72581 22.073619, 113.727706 22.076907, 113.730259 22.079789, 113.733369 22.082155, 113.736917 22.083912, 113.740767 22.084994, 113.744771 22.08536, 113.748775 22.084994, 113.752625 22.083912, 113.756173 22.082155, 113.759283 22.079789, 113.761836 22.076907, 113.763732 22.073619, 113.7649 22.070051, 113.765294 22.066341, 113.7649 22.06263, 113.763732 22.059062))",8033.509205147911,False,unchanged,unchanged
280,30.74616731343284,122.36534689552238,26,64306.950000000004,duration_weighted_stop_medoid,1521.6131398687696,anchorage,"POLYGON ((122.375012 30.73786, 122.370578 30.735313, 122.365347 30.734419, 122.360116 30.735313, 122.355682 30.73786, 122.352718 30.741672, 122.351678 30.746167, 122.352718 30.750663, 122.355682 30.754474, 122.360116 30.75702, 122.365347 30.757914, 122.370578 30.75702, 122.375012 30.754474, 122.377975 30.750663, 122.379016 30.746167, 122.377975 30.741672, 122.375012 30.73786))",7185.088542368455,False,unchanged,unchanged
284,35.779814114035084,120.14128959649122,5,18143.4,duration_weighted_stop_medoid,6000.0,anchorage,"POLYGON ((120.191086 35.763079, 120.186105 35.755517, 120.179402 35.748889, 120.171234 35.743448, 120.161916 35.739406, 120.151805 35.736916, 120.14129 35.736076, 120.130774 35.736916, 120.120663 35.739406, 120.111345 35.743448, 120.103177 35.748889, 120.096474 35.755517, 120.091493 35.763079, 120.088426 35.771283, 120.087391 35.779814, 120.088426 35.788344, 120.091493 35.796546, 120.096474 35.804104, 120.103177 35.810727, 120.111345 35.816163, 120.120663 35.820202, 120.130774 35.822689, 120.14129 35.823529, 120.151805 35.822689, 120.161916 35.820202, 120.171234 35.816163, 120.179402 35.810727, 120.186105 35.804104, 120.191086 35.796546, 120.194153 35.788344, 120.195189 35.779814, 120.194153 35.771283, 120.191086 35.763079))",12794.899816101146,False,unchanged,unchanged
288,28.889372048780487,121.65549329268292,7,253817.11666666667,duration_weighted_stop_medoid,3953.5011829363502,anchorage,"POLYGON ((121.688305 28.877472, 121.685023 28.872095, 121.680606 28.867382, 121.675224 28.863514, 121.669084 28.86064, 121.667003 28.860087, 121.65601 28.865982, 121.654313 28.866798, 121.654396 28.867148, 121.655535 28.873455, 121.655831 28.875943, 121.655825 28.878443, 121.655517 28.880929, 121.65491 28.883373, 121.654011 28.885746, 121.652831 28.888023, 121.650633 28.891725, 121.649325 28.893692, 121.647806 28.895539, 121.646091 28.89725, 121.644195 28.898808, 121.642137 28.900198, 121.639935 28.901409, 121.637611 28.902428, 121.635185 28.903246, 121.633763 28.903592, 121.633708 28.903679, 121.632126 28.905662, 121.631921 28.905871, 121.675178 28.89246, 121.677713 28.891795, 121.680309 28.891351, 121.682943 28.891132, 121.685589 28.89114, 121.688221 28.891375, 121.690733 28.89182, 121.691008 28.889372, 121.690326 28.883305, 121.688305 28.877472))",3342.1040898011474,False,land_area_clipped,unchanged
291,22.45910220153551,114.71488301727447,8,39946.566666666666,duration_weighted_stop_medoid,2357.4564275862435,anchorage,"POLYGON ((114.734448 22.451612, 114.732491 22.448229, 114.729858 22.445263, 114.726649 22.442828, 114.722987 22.44102, 114.719015 22.439906, 114.714883 22.43953, 114.710752 22.439906, 114.706779 22.44102, 114.703117 22.442828, 114.699908 22.445263, 114.697275 22.448229, 114.695318 22.451612, 114.694113 22.455284, 114.693706 22.459102, 114.694113 22.46292, 114.695318 22.466592, 114.697275 22.469975, 114.699908 22.47294, 114.703117 22.475374, 114.706779 22.477182, 114.710752 22.478296, 114.714883 22.478672, 114.719015 22.478296, 114.722987 22.477182, 114.726649 22.475374, 114.729858 22.47294, 114.732491 22.469975, 114.734448 22.466592, 114.735653 22.46292, 114.73606 22.459102, 114.735653 22.455284, 114.734448 22.451612))",12690.510575613478,False,unchanged,unchanged
292,22.564916706730767,114.67979144951923,5,23370.88333333333,duration_weighted_stop_medoid,1840.7586962567264,anchorage,"POLYGON ((114.691484 22.554119, 114.686119 22.550808, 114.679791 22.549646, 114.673463 22.550808, 114.668099 22.554119, 114.664514 22.559073, 114.663256 22.564917, 114.664514 22.57076, 114.668099 22.575714, 114.673463 22.579024, 114.679791 22.580186, 114.686119 22.579024, 114.691484 22.575714, 114.695069 22.57076, 114.696327 22.564917, 114.695069 22.559073, 114.691484 22.554119))",8751.042439997485,False,unchanged,unchanged
