cluster_id,lat,lon,count,type,polygon,distance_to_coast,inside_china_land
28,36.02855666919754,120.22753183851414,22,berth,"POLYGON((120.2272098125 36.02840505263158, 120.22796415789473 36.02840505263158, 120.22796415789473 36.028739, 120.2272098125 36.028739, 120.2272098125 36.02840505263158))",3952.671671009267,False
29,29.969534408411292,121.7312126208432,60,berth,"POLYGON((121.72998547619048 29.96854264893617, 121.7327822264151 29.96854264893617, 121.7327822264151 29.970616918918918, 121.72998547619048 29.970616918918918, 121.72998547619048 29.96854264893617))",407.2866330400352,False
32,39.20928773645747,119.00755792424337,221,berth,"POLYGON((119.0039358 39.20680744594595, 119.01075096875 39.20680744594595, 119.01075096875 39.211241125, 119.0039358 39.211241125, 119.0039358 39.20680744594595))",2448.114213107792,True
33,34.47573013047999,119.78649252419355,56,berth,"POLYGON((119.78428866666667 34.47323866666667, 119.78884124324324 34.47323866666667, 119.78884124324324 34.47833010810811, 119.78428866666667 34.47833010810811, 119.78428866666667 34.47323866666667))",1249.226670264629,True
35,34.58924871948256,119.60832021791025,3,berth,"POLYGON((119.60831541509434 34.589153625, 119.60832487500001 34.589153625, 119.60832487500001 34.589333169811326, 119.60831541509434 34.589333169811326, 119.60831541509434 34.589153625))",2341.6219247591357,False
36,38.94636774068348,118.46120550571203,19,berth,"POLYGON((118.46041329166667 38.94623594736842, 118.46146031578947 38.94623594736842, 118.46146031578947 38.94670220879121, 118.46041329166667 38.94670220879121, 118.46041329166667 38.94623594736842))",2640.0920182110613,False
37,38.952631998591514,118.45514038766495,7,berth,"POLYGON((118.45511244117647 38.952569218390806, 118.45517186363637 38.952569218390806, 118.45517186363637 38.95269167272727, 118.45511244117647 38.95269167272727, 118.45511244117647 38.952569218390806))",2779.1846477103363,False
38,39.579940255119794,121.25804394367184,15,berth,"POLYGON((121.25802207500001 39.57991905, 121.2580924516129 39.57991905, 121.2580924516129 39.57996111764706, 121.25802207500001 39.57996111764706, 121.25802207500001 39.57991905))",1865.2074900303367,False
39,38.972878582875,118.45517422334869,56,berth,"POLYGON((118.45503980000001 38.971034157894735, 118.45526181818182 38.971034157894735, 118.45526181818182 38.97403781818182, 118.45503980000001 38.97403781818182, 118.45503980000001 38.971034157894735))",1718.6477861947576,False
40,39.59037271829913,121.2896547449099,9,berth,"POLYGON((121.28963657142856 39.59030487878788, 121.28967287058823 39.59030487878788, 121.28967287058823 39.590425435294115, 121.28963657142856 39.590425435294115, 121.28963657142856 39.59030487878788))",551.5300918491611,False
41,38.98186979288016,118.45516617393675,24,berth,"POLYGON((118.45499055555554 38.98165162790698, 118.45539586666668 38.98165162790698, 118.45539586666668 38.9821445, 118.45499055555554 38.9821445, 118.45499055555554 38.98165162790698))",1685.3982793483312,False
42,38.944595404810215,118.46369559711991,20,berth,"POLYGON((118.46346755882352 38.94427353846154, 118.46420587323944 38.94427353846154, 118.46420587323944 38.94500285416667, 118.46346755882352 38.94500285416667, 118.46346755882352 38.94427353846154))",2316.0721867446155,False
43,38.949723734052355,118.45406729954009,20,berth,"POLYGON((118.4538845 38.94963623529412, 118.45419411764705 38.94963623529412, 118.45419411764705 38.94980745614035, 118.4538845 38.94980745614035, 118.4538845 38.94963623529412))",3090.05126493914,False
44,38.94780489293177,118.45821156489633,25,berth,"POLYGON((118.45794496226415 38.94765243478261, 118.45841039130435 38.94765243478261, 118.45841039130435 38.9479776, 118.45794496226415 38.9479776, 118.45794496226415 38.94765243478261))",2826.7104718147075,False
45,39.20346829423141,119.0160016005065,24,berth,"POLYGON((119.015639 39.20336510526315, 119.01625053125 39.20336510526315, 119.01625053125 39.203669, 119.015639 39.203669, 119.015639 39.20336510526315))",1192.124676887667,True
46,39.20406421374143,119.00821514779271,68,berth,"POLYGON((119.00716208333334 39.20242566666666, 119.01085058333332 39.20242566666666, 119.01085058333332 39.20552417391304, 119.00716208333334 39.20552417391304, 119.00716208333334 39.20242566666666))",1924.1756094641175,True
47,39.21610820162413,119.03422750303291,19,berth,"POLYGON((119.03392325 39.215778, 119.034517 39.215778, 119.034517 39.216336, 119.03392325 39.216336, 119.03392325 39.215778))",732.5255124713576,True
48,38.96356967598545,118.4550866138813,65,berth,"POLYGON((118.45502922222222 38.960509, 118.45528216666666 38.960509, 118.45528216666666 38.964492222222226, 118.45502922222222 38.964492222222226, 118.45502922222222 38.960509))",2004.7796372195396,False
49,38.95819447904989,118.45519030469063,13,berth,"POLYGON((118.45507305882353 38.95800926315789, 118.45532265 38.95800926315789, 118.45532265 38.95830333333333, 118.45507305882353 38.95830333333333, 118.45507305882353 38.95800926315789))",2377.9080399138793,False
50,39.91998433630393,119.67671226270207,7,berth,"POLYGON((119.6765649074074 39.9197670909091, 119.67677970731707 39.9197670909091, 119.67677970731707 39.92019814634146, 119.6765649074074 39.92019814634146, 119.6765649074074 39.9197670909091))",1949.0172278747577,False
51,38.968706029777316,118.45514536480239,25,berth,"POLYGON((118.45494000000001 38.968597307692306, 118.45525475 38.968597307692306, 118.45525475 38.969096377777774, 118.45494000000001 38.969096377777774, 118.45494000000001 38.968597307692306))",1751.3393562830843,False
52,38.97720615771178,118.45510781965106,64,berth,"POLYGON((118.45502669696971 38.976172999999996, 118.45523627659574 38.976172999999996, 118.45523627659574 38.97762024050633, 118.45502669696971 38.97762024050633, 118.45502669696971 38.976172999999996))",1709.6032447613893,False
54,38.95545463378518,118.45522806055578,7,berth,"POLYGON((118.45510431707316 38.95534704878048, 118.45531109302325 38.95534704878048, 118.45531109302325 38.95551210294118, 118.45510431707316 38.95551210294118, 118.45510431707316 38.95534704878048))",2569.5453740502576,False
55,38.966114201340815,118.45513998202927,8,berth,"POLYGON((118.45508627500001 38.965938575, 118.45524084210527 38.965938575, 118.45524084210527 38.966362412844035, 118.45508627500001 38.966362412844035, 118.45508627500001 38.965938575))",1844.7216708110514,False
57,38.96724305285539,117.78860827353701,4,berth,"POLYGON((117.78800958333333 38.967117767123284, 117.78912627397261 38.967117767123284, 117.78912627397261 38.967332850000005, 117.78800958333333 38.967332850000005, 117.78800958333333 38.967117767123284))",2473.852344274657,False
58,38.98673356422,118.4551937742644,12,berth,"POLYGON((118.4550712244898 38.986542666666665, 118.45534883333333 38.986542666666665, 118.45534883333333 38.986973612244896, 118.4550712244898 38.986973612244896, 118.4550712244898 38.986542666666665))",1663.8543164154707,False
59,39.57628513229596,121.26231265495551,199,berth,"POLYGON((121.25889767692307 39.575, 121.26467133333334 39.575, 121.26467133333334 39.57771215384615, 121.25889767692307 39.57771215384615, 121.25889767692307 39.575))",1155.0560803313915,False
60,31.64175084913793,121.22541851293103,2,berth,"POLYGON((121.22541675 31.64174925, 121.22542027586206 31.64174925, 121.22542027586206 31.641752448275863, 121.22541675 31.641752448275863, 121.22541675 31.64174925))",2387.2676054593276,False
62,40.252361369670034,122.08383958994348,190,berth,"POLYGON((122.081763625 40.246916285714285, 122.091679 40.246916285714285, 122.091679 40.26135955434783, 122.081763625 40.26135955434783, 122.081763625 40.246916285714285))",2110.3465347223073,False
63,29.965517509725842,121.72622033966307,55,berth,"POLYGON((121.72594666666666 29.96538368852459, 121.7264625 29.96538368852459, 121.7264625 29.96563312244898, 121.72594666666666 29.96563312244898, 121.72594666666666 29.96538368852459))",140.25572573992514,False
65,38.96648175104958,118.47256682117157,161,berth,"POLYGON((118.46927111111111 38.960871921875, 118.47720662765957 38.960871921875, 118.47720662765957 38.970386, 118.46927111111111 38.970386, 118.46927111111111 38.960871921875))",109.64511538081668,False
67,29.97086663981473,122.15081130680484,53,berth,"POLYGON((122.150232 29.9702965, 122.15179982914573 29.9702965, 122.15179982914573 29.971846777777778, 122.150232 29.971846777777778, 122.150232 29.9702965))",3619.049868014383,False
70,26.726022929543277,119.73618729384827,54,berth,"POLYGON((119.73609817647059 26.7259164, 119.73629766666666 26.7259164, 119.73629766666666 26.726207, 119.73609817647059 26.726207, 119.73609817647059 26.7259164))",1406.1284069278367,False
73,26.041727978760647,119.50246696467667,29,berth,"POLYGON((119.502072 26.040309614285714, 119.50302636206897 26.040309614285714, 119.50302636206897 26.042718809523812, 119.502072 26.042718809523812, 119.502072 26.040309614285714))",175.9781516855637,False
76,31.501162080888324,121.37325889458639,3,berth,"POLYGON((121.3729786981132 31.500971693779903, 121.37381081818181 31.500971693779903, 121.37381081818181 31.501492454545453, 121.3729786981132 31.501492454545453, 121.3729786981132 31.500971693779903))",3280.6019244967033,False
80,38.985377537782774,117.73835246325562,19,berth,"POLYGON((117.73597070000001 38.98509847619047, 117.73926379310345 38.98509847619047, 117.73926379310345 38.98626331372549, 117.73597070000001 38.98626331372549, 117.73597070000001 38.98509847619047))",334.06453007397977,True
81,29.97332879010086,121.73830808052723,48,berth,"POLYGON((121.73683842857143 29.97189542857143, 121.73976107692307 29.97189542857143, 121.73976107692307 29.974040600000002, 121.73683842857143 29.974040600000002, 121.73683842857143 29.97189542857143))",822.752584087352,False
82,27.997339153749277,120.87492943976766,62,berth,"POLYGON((120.87246025 27.9971175, 120.8785063142857 27.9971175, 120.8785063142857 27.99748455882353, 120.87246025 27.99748455882353, 120.87246025 27.9971175))",121.6774798072447,False
83,31.99859528392353,120.55619162235139,10,berth,"POLYGON((120.55422602222222 31.998371, 120.55749922222223 31.998371, 120.55749922222223 31.998942155555557, 120.55422602222222 31.998942155555557, 120.55422602222222 31.998371))",988.006513724699,True
84,31.49742259045535,121.37184073719968,20,berth,"POLYGON((121.37026337500001 31.496945823529412, 121.37259999999999 31.496945823529412, 121.37259999999999 31.498358375, 121.37026337500001 31.498358375, 121.37026337500001 31.496945823529412))",2799.8768199887836,False
86,27.970359211419122,120.79261400524048,92,berth,"POLYGON((120.790171 27.969929461538463, 120.79674361538461 27.969929461538463, 120.79674361538461 27.970674196969696, 120.790171 27.970674196969696, 120.790171 27.969929461538463))",550.8287199466237,False
90,39.50700592815644,121.27219457247394,22,berth,"POLYGON((121.272018625 39.50377208333333, 121.27233904761906 39.50377208333333, 121.27233904761906 39.509790333333335, 121.272018625 39.509790333333335, 121.272018625 39.50377208333333))",1139.2763937944862,False
91,31.92171722639425,120.15835003656353,45,berth,"POLYGON((120.15802029166667 31.920017846153847, 120.15862666666665 31.920017846153847, 120.15862666666665 31.922927666666666, 120.15802029166667 31.922927666666666, 120.15802029166667 31.920017846153847))",1813.0351239449346,False
93,31.479558228408465,121.40209217207124,17,berth,"POLYGON((121.40170893333334 31.47897, 121.4027206111111 31.47897, 121.4027206111111 31.479948833333335, 121.40170893333334 31.479948833333335, 121.40170893333334 31.47897))",2323.9363610907444,False
94,38.95446852972669,118.48231493766079,127,berth,"POLYGON((118.47804800000002 38.946829641975306, 118.48860680246914 38.946829641975306, 118.48860680246914 38.95965709289618, 118.47804800000002 38.95965709289618, 118.47804800000002 38.946829641975306))",24.840310101764107,False
95,31.742812678075232,121.03648377045718,20,berth,"POLYGON((121.03465080434782 31.74199363235294, 121.03846639705883 31.74199363235294, 121.03846639705883 31.74364288888889, 121.03465080434782 31.74364288888889, 121.03465080434782 31.74199363235294))",949.2212536350642,False
96,31.923602021031062,120.1650195835915,12,berth,"POLYGON((120.16430623076924 31.923542076923077, 120.16552866666666 31.923542076923077, 120.16552866666666 31.92372378125, 120.16430623076924 31.92372378125, 120.16430623076924 31.923542076923077))",1894.6666009478622,False
97,19.963885449298907,110.03565272327576,5,berth,"POLYGON((110.03460860465115 19.963589976744185, 110.03634652941177 19.963589976744185, 110.03634652941177 19.96407082352941, 110.03460860465115 19.96407082352941, 110.03460860465115 19.963589976744185))",379.49861335156004,True
98,23.094391565756048,113.44370984399163,20,berth,"POLYGON((113.44276269411765 23.094223, 113.4457958 23.094223, 113.4457958 23.094481028037382, 113.44276269411765 23.094481028037382, 113.44276269411765 23.094223))",538.7922459616027,True
99,21.078214373562965,110.43025790109809,5,berth,"POLYGON((110.43011804444444 21.078049297297298, 110.43049178378378 21.078049297297298, 110.43049178378378 21.078326590361446, 110.43011804444444 21.078326590361446, 110.43011804444444 21.078049297297298))",2477.322969438317,False
100,23.44398296859874,116.50525683437229,25,berth,"POLYGON((116.50398022222222 23.44369425, 116.50719491891893 23.44369425, 116.50719491891893 23.444103216216217, 116.50398022222222 23.444103216216217, 116.50398022222222 23.44369425))",3678.5482428310265,True
101,25.187057843901858,119.01380935294662,3,berth,"POLYGON((119.0133283943662 25.186847245614032, 119.014469875 25.186847245614032, 119.014469875 25.1874211875, 119.0133283943662 25.1874211875, 119.0133283943662 25.186847245614032))",3944.1082901746418,False
102,23.061142611748185,113.48181968566051,33,berth,"POLYGON((113.480144 23.06045836666667, 113.48332433333333 23.06045836666667, 113.48332433333333 23.0617182, 113.480144 23.0617182, 113.480144 23.06045836666667))",874.1765970823697,False
103,35.595106096878105,119.78961950475349,152,berth,"POLYGON((119.78513560869564 35.58571570588236, 119.79425270219436 35.58571570588236, 119.79425270219436 35.604486158823526, 119.78513560869564 35.604486158823526, 119.78513560869564 35.58571570588236))",1646.8833302200183,False
106,36.67177689843224,121.23530653659562,5,berth,"POLYGON((121.23523965217392 36.671162625, 121.23533452500001 36.671162625, 121.23533452500001 36.672609040000005, 121.23523965217392 36.672609040000005, 121.23523965217392 36.671162625))",2395.7847199463245,False
107,21.572069277637013,108.35827297166135,33,berth,"POLYGON((108.35751994736843 21.570296368421054, 108.35904584057971 21.570296368421054, 108.35904584057971 21.57456691304348, 108.35751994736843 21.57456691304348, 108.35751994736843 21.570296368421054))",3512.6674462120795,False
109,25.983054451690766,119.4708406376903,24,berth,"POLYGON((119.47030789361702 25.982506880000003, 119.4711575 25.982506880000003, 119.4711575 25.983342714285715, 119.47030789361702 25.983342714285715, 119.47030789361702 25.982506880000003))",72.74096065212642,False
110,21.619034600567147,108.37234534240521,24,berth,"POLYGON((108.37148629411764 21.617657352941176, 108.37351056923077 21.617657352941176, 108.37351056923077 21.62081313846154, 108.37148629411764 21.62081313846154, 108.37148629411764 21.617657352941176))",3489.7290413518003,False
112,31.923968359038525,120.18763523303464,24,berth,"POLYGON((120.18585882926828 31.9238372, 120.18988015 31.9238372, 120.18988015 31.924147607142856, 120.18585882926828 31.924147607142856, 120.18585882926828 31.9238372))",1671.5548704373603,False
113,40.30885492663025,122.07744948590991,54,berth,"POLYGON((122.07375414285715 40.30273721428572, 122.0814538961039 40.30273721428572, 122.0814538961039 40.3142518, 122.07375414285715 40.3142518, 122.07375414285715 40.30273721428572))",3196.518182831893,False
116,31.807685964229364,120.95119608805487,10,berth,"POLYGON((120.95035680000001 31.807309666666665, 120.95151345454546 31.807309666666665, 120.95151345454546 31.8081398, 120.95035680000001 31.8081398, 120.95035680000001 31.807309666666665))",2053.4276339703333,False
117,31.94612229012866,120.18155664338492,37,berth,"POLYGON((120.17917382 31.945092333333335, 120.18288468 31.945092333333335, 120.18288468 31.946410949152543, 120.17917382 31.946410949152543, 120.17917382 31.945092333333335))",1237.1248860081648,True
122,26.458268506834575,119.69956547131804,37,berth,"POLYGON((119.69571873076923 26.456746578947367, 119.70214730769231 26.456746578947367, 119.70214730769231 26.46044214102564, 119.69571873076923 26.46044214102564, 119.69571873076923 26.456746578947367))",386.26357380391573,True
124,25.73109263466729,119.6207641102819,36,berth,"POLYGON((119.61986343589743 25.729530999999998, 119.62176645945945 25.729530999999998, 119.62176645945945 25.73288721875, 119.61986343589743 25.73288721875, 119.61986343589743 25.729530999999998))",2066.953887637883,False
125,35.0916129592105,119.37297059927614,8,berth,"POLYGON((119.37276245454545 35.090082621621626, 119.37324589189188 35.090082621621626, 119.37324589189188 35.0927434032258, 119.37276245454545 35.0927434032258, 119.37276245454545 35.090082621621626))",1824.4997916100615,False
126,31.943978216371544,120.20542877440441,30,berth,"POLYGON((120.20361172222222 31.943821749999998, 120.20698675 31.943821749999998, 120.20698675 31.944205099999998, 120.20361172222222 31.944205099999998, 120.20361172222222 31.943821749999998))",945.2015708452271,True
127,32.0449993047619,119.94852235952382,2,berth,"POLYGON((119.94829278571429 32.04494414285714, 119.94875193333334 32.04494414285714, 119.94875193333334 32.04505446666666, 119.94829278571429 32.04505446666666, 119.94829278571429 32.04494414285714))",1992.8310104874079,False
128,32.312275835475575,119.82686678967076,30,berth,"POLYGON((119.8261698695652 32.3118429375, 119.82726931506848 32.3118429375, 119.82726931506848 32.31294358695652, 119.8261698695652 32.31294358695652, 119.8261698695652 32.3118429375))",405.0797866146747,True
129,35.16086358531245,119.39708322055488,214,berth,"POLYGON((119.38990697058823 35.1606826, 119.4059923877551 35.1606826, 119.4059923877551 35.16095996153847, 119.38990697058823 35.16095996153847, 119.38990697058823 35.1606826))",1982.187005404733,False
130,34.74979823069566,119.4017199735849,8,berth,"POLYGON((119.40051330000001 34.749682395348835, 119.40255475 34.749682395348835, 119.40255475 34.749848, 119.40051330000001 34.749848, 119.40051330000001 34.749682395348835))",177.99628928674707,True
131,34.74635946311543,119.41410314744499,15,berth,"POLYGON((119.413903 34.7459588, 119.41422685 34.7459588, 119.41422685 34.74656485483871, 119.413903 34.74656485483871, 119.413903 34.7459588))",569.376320061466,True
133,34.612082186259926,119.55445577453611,38,berth,"POLYGON((119.55330825 34.61000527142858, 119.55638304285715 34.61000527142858, 119.55638304285715 34.61601616666667, 119.55330825 34.61601616666667, 119.55330825 34.61000527142858))",1069.8494384886799,False
134,35.30979169664147,119.51571467062884,20,berth,"POLYGON((119.5153366 35.30612470833333, 119.51584935999999 35.30612470833333, 119.51584935999999 35.3109822, 119.5153366 35.3109822, 119.5153366 35.30612470833333))",3200.2463035098353,False
135,32.02528642141698,120.77940096998687,30,berth,"POLYGON((120.77846354285715 32.02511788888889, 120.77977066 32.02511788888889, 120.77977066 32.025554514285716, 120.77846354285715 32.025554514285716, 120.77846354285715 32.02511788888889))",460.74805627067553,False
136,32.12010659396997,121.50395914579269,20,berth,"POLYGON((121.50365325 32.1199942, 121.5040629390244 32.1199942, 121.5040629390244 32.120231674418605, 121.50365325 32.120231674418605, 121.50365325 32.1199942))",1341.3925765450097,False
137,35.36784472012621,119.54862777844052,66,berth,"POLYGON((119.54726095652175 35.363394695652175, 119.55029262337662 35.363394695652175, 119.55029262337662 35.371215467532465, 119.54726095652175 35.371215467532465, 119.54726095652175 35.363394695652175))",850.9513861791077,False
138,39.92615953589743,119.64652771965812,3,berth,"POLYGON((119.64634833333332 39.926118, 119.64679563333334 39.926118, 119.64679563333334 39.9262098, 119.64634833333332 39.9262098, 119.64634833333332 39.926118))",142.30170168068528,True
139,35.37382244942444,119.55191104345127,37,berth,"POLYGON((119.5507918955224 35.37244286666667, 119.55270082142856 35.37244286666667, 119.55270082142856 35.37624315217391, 119.5507918955224 35.37624315217391, 119.5507918955224 35.37244286666667))",589.7991833682123,False
140,38.94843716587032,121.84767193347676,114,berth,"POLYGON((121.84739925 38.948158166666666, 121.848253 38.948158166666666, 121.848253 38.94992990909091, 121.84739925 38.94992990909091, 121.84739925 38.948158166666666))",86.82491819509116,True
141,32.00076613333333,120.75392487777778,2,berth,"POLYGON((120.7533802 32.000552666666664, 120.75446955555556 32.000552666666664, 120.75446955555556 32.0009796, 120.7533802 32.0009796, 120.7533802 32.000552666666664))",2888.1072256296793,False
142,31.380420779484286,121.49877920717607,59,berth,"POLYGON((121.49862985714286 31.379981076923077, 121.49896642857142 31.379981076923077, 121.49896642857142 31.38099557142857, 121.49862985714286 31.38099557142857, 121.49862985714286 31.379981076923077))",1573.7791270031316,True
143,31.740061227570827,121.04275848677506,23,berth,"POLYGON((121.04189805769231 31.739690666666668, 121.04362788888888 31.739690666666668, 121.04362788888888 31.74045640740741, 121.04189805769231 31.74045640740741, 121.04189805769231 31.739690666666668))",886.5088917547006,False
144,31.970765103517916,120.43637450292249,47,berth,"POLYGON((120.43498826562501 31.97010585714286, 120.43762577777778 31.97010585714286, 120.43762577777778 31.971371, 120.43498826562501 31.971371, 120.43498826562501 31.97010585714286))",701.5513734983437,True
147,31.966647116251323,120.37405418204735,23,berth,"POLYGON((120.37120030909092 31.96556160909091, 120.375 31.96556160909091, 120.375 31.966857615384615, 120.37120030909092 31.966857615384615, 120.37120030909092 31.96556160909091))",595.0363307162843,False
148,30.00230911873732,122.07183337662026,18,berth,"POLYGON((122.0716090923077 30.001392861538463, 122.07244033333335 30.001392861538463, 122.07244033333335 30.002886666666665, 122.0716090923077 30.002886666666665, 122.0716090923077 30.001392861538463))",1846.3355272229996,False
151,31.965529547586023,120.36942222096991,7,berth,"POLYGON((120.36917968421051 31.9647146056338, 120.36975144927537 31.9647146056338, 120.36975144927537 31.966207114348144, 120.36917968421051 31.966207114348144, 120.36917968421051 31.9647146056338))",554.5410044073004,False
152,38.97952188235294,121.75970420588234,2,berth,"POLYGON((121.75923041176469 38.979260764705884, 121.760178 38.979260764705884, 121.760178 38.979783000000005, 121.75923041176469 38.979783000000005, 121.75923041176469 38.979260764705884))",3919.558245712602,False
153,30.00190658098026,122.07001590284717,5,berth,"POLYGON((122.06994922580645 30.001771735353536, 122.07008256818182 30.001771735353536, 122.07008256818182 30.002035227272724, 122.06994922580645 30.002035227272724, 122.06994922580645 30.001771735353536))",1817.8469848852924,False
154,38.07655531211827,118.94658267999681,25,berth,"POLYGON((118.94543893333334 38.075402355932205, 118.94737466304348 38.075402355932205, 118.94737466304348 38.078396500000004, 118.94543893333334 38.078396500000004, 118.94543893333334 38.075402355932205))",971.7788684597873,False
155,30.64218392522109,121.18083722852757,57,berth,"POLYGON((121.17860809859154 30.641212531249998, 121.18252570270269 30.641212531249998, 121.18252570270269 30.642938461538463, 121.17860809859154 30.642938461538463, 121.17860809859154 30.641212531249998))",566.0289817997699,False
156,31.989630061987494,119.95799042372009,22,berth,"POLYGON((119.95740014999998 31.98913675, 119.95849423076923 31.98913675, 119.95849423076923 31.99010285, 119.95740014999998 31.99010285, 119.95740014999998 31.98913675))",368.7722752494585,True
157,38.998412230254736,121.89512601972955,11,berth,"POLYGON((121.89357851851852 38.996642666666666, 121.89587952325581 38.996642666666666, 121.89587952325581 38.9992248362069, 121.89357851851852 38.9992248362069, 121.89357851851852 38.996642666666666))",1462.4978121065267,False
159,31.369942982478396,121.50145984152617,48,berth,"POLYGON((121.50122925 31.3698272, 121.50154311764705 31.3698272, 121.50154311764705 31.370124, 121.50122925 31.370124, 121.50122925 31.3698272))",2507.959073202225,True
160,25.6992790123798,119.60500138656005,33,berth,"POLYGON((119.60423446296296 25.697957934782607, 119.6061514736842 25.697957934782607, 119.6061514736842 25.70119860526316, 119.60423446296296 25.70119860526316, 119.60423446296296 25.697957934782607))",1315.1767288939513,False
161,40.80210419655048,121.04371424246433,23,berth,"POLYGON((121.04248689795918 40.80008525757576, 121.04507648780486 40.80008525757576, 121.04507648780486 40.8039232, 121.04248689795918 40.8039232, 121.04248689795918 40.80008525757576))",413.937191231938,False
162,25.58807316831567,119.68844800469996,7,berth,"POLYGON((119.68833593478261 25.587914473684208, 119.68904212683499 25.587914473684208, 119.68904212683499 25.58859266764533, 119.68833593478261 25.58859266764533, 119.68833593478261 25.587914473684208))",775.2839258367545,False
164,25.75626771511668,119.63223708938744,61,berth,"POLYGON((119.63177644444444 25.752446136363634, 119.63261566666668 25.752446136363634, 119.63261566666668 25.761018333333336, 119.63177644444444 25.761018333333336, 119.63177644444444 25.752446136363634))",1361.9744102869342,False
165,38.97850579001119,121.8058472880791,7,berth,"POLYGON((121.80557436842106 38.97811189473684, 121.80623023076924 38.97811189473684, 121.80623023076924 38.978840695652174, 121.80557436842106 38.978840695652174, 121.80557436842106 38.97811189473684))",158.5282971103536,False
166,25.58306989933626,119.68719274437005,4,berth,"POLYGON((119.68635391983122 25.582327338888888, 119.68790354444445 25.582327338888888, 119.68790354444445 25.583711834782612, 119.68635391983122 25.583711834782612, 119.68635391983122 25.582327338888888))",1187.5610707665862,False
169,31.27827544987444,121.73747331278237,20,berth,"POLYGON((121.73702155882353 31.277897303030304, 121.73789642857142 31.277897303030304, 121.73789642857142 31.27867944117647, 121.73702155882353 31.27867944117647, 121.73702155882353 31.277897303030304))",902.7290263718354,False
170,40.284420343553485,122.09170997819301,19,berth,"POLYGON((122.09141366666667 40.28428780769231, 122.0918296923077 40.28428780769231, 122.0918296923077 40.2845315, 122.09141366666667 40.2845315, 122.09141366666667 40.28428780769231))",1833.4451414840564,False
171,39.10047109911819,118.5014777237602,85,berth,"POLYGON((118.49855566666666 39.09598344444444, 118.50453385185185 39.09598344444444, 118.50453385185185 39.10274053846154, 118.49855566666666 39.10274053846154, 118.49855566666666 39.09598344444444))",1114.2860688600585,False
172,30.048689043070397,121.98084207603162,5,berth,"POLYGON((121.98041241772151 30.047635, 121.98154390163934 30.047635, 121.98154390163934 30.049406784810124, 121.98041241772151 30.049406784810124, 121.98041241772151 30.047635))",61.94975486377582,False
173,26.010499600200802,119.48044149477333,41,berth,"POLYGON((119.47996865384616 26.009386000000003, 119.4812892173913 26.009386000000003, 119.4812892173913 26.01254139130435, 119.47996865384616 26.01254139130435, 119.47996865384616 26.009386000000003))",40.871346686085026,True
174,25.98276032344904,119.44931347634262,26,berth,"POLYGON((119.4477866 25.982389636363635, 119.45048921052631 25.982389636363635, 119.45048921052631 25.98312536, 119.4477866 25.98312536, 119.4477866 25.982389636363635))",89.94088949794576,True
177,40.28680185353299,122.09357483572164,28,berth,"POLYGON((122.09037144186047 40.28522549090909, 122.09706742857142 40.28522549090909, 122.09706742857142 40.28882747826087, 122.09037144186047 40.28882747826087, 122.09037144186047 40.28522549090909))",1642.3599857678362,False
178,40.804952789615946,121.06593361821665,19,berth,"POLYGON((121.06508584946236 40.80395600000001, 121.06633695555556 40.80395600000001, 121.06633695555556 40.80545233333333, 121.06508584946236 40.80545233333333, 121.06508584946236 40.80395600000001))",236.49963879753113,True
179,35.33585068779255,119.53419703860338,12,berth,"POLYGON((119.53401561111112 35.33527916129032, 119.53432881818183 35.33527916129032, 119.53432881818183 35.33617127586207, 119.53401561111112 35.33617127586207, 119.53401561111112 35.33527916129032))",2252.256256544971,False
182,31.573091272864424,121.49898637666064,13,berth,"POLYGON((121.49831979591836 31.572860409836064, 121.49935580327869 31.572860409836064, 121.49935580327869 31.57344541666667, 121.49831979591836 31.57344541666667, 121.49831979591836 31.572860409836064))",214.6761498083577,False
183,31.38321913297758,121.67970117227495,16,berth,"POLYGON((121.67926349999999 31.3827, 121.68039104545454 31.3827, 121.68039104545454 31.38342, 121.67926349999999 31.38342, 121.67926349999999 31.3827))",166.57461734712183,True
184,38.759391754484085,117.5936197677856,38,berth,"POLYGON((117.589877748538 38.75852337837838, 117.59824 38.75852337837838, 117.59824 38.76018181578947, 117.589877748538 38.76018181578947, 117.589877748538 38.75852337837838))",2011.5234819184957,False
185,26.745457526812544,119.63720992869001,46,berth,"POLYGON((119.63414934615386 26.744151111111112, 119.6406989090909 26.744151111111112, 119.6406989090909 26.746611440000002, 119.63414934615386 26.746611440000002, 119.63414934615386 26.744151111111112))",720.7855459977691,False
186,31.596611210702342,121.44270710144926,2,berth,"POLYGON((121.44269833333333 31.596602769230767, 121.4427158695652 31.596602769230767, 121.4427158695652 31.596619652173914, 121.44269833333333 31.596619652173914, 121.44269833333333 31.596602769230767))",117.9549828374688,False
187,31.34730896111111,121.71421545555556,3,berth,"POLYGON((121.71381650000001 31.34680675, 121.71448519999998 31.34680675, 121.71448519999998 31.348022333333333, 121.71381650000001 31.348022333333333, 121.71381650000001 31.34680675))",1447.8309597032844,False
188,31.351330435714285,121.67717675714286,2,berth,"POLYGON((121.67707479999999 31.3507228, 121.67727871428572 31.3507228, 121.67727871428572 31.35193807142857, 121.67707479999999 31.35193807142857, 121.67707479999999 31.3507228))",3418.3767404024165,False
189,40.70541738002851,120.9628257545554,55,berth,"POLYGON((120.95993263999999 40.70379988888889, 120.96627428571428 40.70379988888889, 120.96627428571428 40.70686383333334, 120.95993263999999 40.70686383333334, 120.95993263999999 40.70379988888889))",405.47443841608765,False
190,38.078446114492756,118.95451663623189,2,berth,"POLYGON((118.95444773913044 38.07843769565218, 118.95458553333333 38.07843769565218, 118.95458553333333 38.078454533333336, 118.95444773913044 38.078454533333336, 118.95444773913044 38.07843769565218))",1640.800716054161,False
191,26.462025015686525,119.69272268514379,18,berth,"POLYGON((119.69222386842105 26.461206166666667, 119.69435988888888 26.461206166666667, 119.69435988888888 26.46230853488372, 119.69222386842105 26.46230853488372, 119.69222386842105 26.461206166666667))",435.86280896643245,True
192,30.112393680806438,122.2070908032637,11,berth,"POLYGON((122.20570124242424 30.11218306818182, 122.20846768181818 30.11218306818182, 122.20846768181818 30.11255015151515, 122.20570124242424 30.11255015151515, 122.20570124242424 30.11218306818182))",1690.5951649121507,False
194,26.469942898398678,119.63314379865972,51,berth,"POLYGON((119.63207267647059 26.469445, 119.63441669767442 26.469445, 119.63441669767442 26.470412139534886, 119.63207267647059 26.470412139534886, 119.63207267647059 26.469445))",668.7463931938595,False
195,31.945302812419772,120.19054224152329,21,berth,"POLYGON((120.18846416666668 31.94507283333333, 120.19237242335767 31.94507283333333, 120.19237242335767 31.945487916666668, 120.18846416666668 31.945487916666668, 120.18846416666668 31.94507283333333))",1125.6110702945552,True
196,31.98731362027607,120.33762140988631,14,berth,"POLYGON((120.33516000000002 31.985195916666665, 120.34052000000001 31.985195916666665, 120.34052000000001 31.989874800000003, 120.33516000000002 31.989874800000003, 120.33516000000002 31.985195916666665))",1565.7765078756022,False
197,32.00275450252525,120.35050469264068,3,berth,"POLYGON((120.35043671428572 32.002720249999996, 120.3505955 32.002720249999996, 120.3505955 32.00278959090909, 120.35043671428572 32.00278959090909, 120.35043671428572 32.002720249999996))",1191.7913730063333,False
199,19.953987386676143,110.01179809814775,21,berth,"POLYGON((110.01028875 19.95149520689655, 110.01311794444445 19.95149520689655, 110.01311794444445 19.95701872, 110.01028875 19.95701872, 110.01028875 19.95149520689655))",232.39865909379142,False
202,19.10141260730396,108.6232657438897,11,berth,"POLYGON((108.62270353333334 19.10111175, 108.62546466911765 19.10111175, 108.62546466911765 19.10252594852941, 108.62270353333334 19.10252594852941, 108.62270353333334 19.10111175))",537.6266332830822,True
203,29.916678387317194,121.92607177309654,109,berth,"POLYGON((121.92571720689656 29.91421773333333, 121.92715875 29.91421773333333, 121.92715875 29.917384108695654, 121.92571720689656 29.917384108695654, 121.92571720689656 29.91421773333333))",953.1063294525632,False
204,39.84106419013489,124.16258074318088,10,berth,"POLYGON((124.16228899999999 39.84065425925925, 124.16298545 39.84065425925925, 124.16298545 39.841849675, 124.16228899999999 39.841849675, 124.16228899999999 39.84065425925925))",2398.883135718476,False
205,21.47869832658382,111.0722563051227,11,berth,"POLYGON((111.07145388235294 21.477674914728684, 111.07384579069767 21.477674914728684, 111.07384579069767 21.479611352941177, 111.07145388235294 21.479611352941177, 111.07145388235294 21.477674914728684))",784.6095110910354,False
207,21.71407341666667,111.80849387833334,2,berth,"POLYGON((111.80845665 21.7140503, 111.80853110666666 21.7140503, 111.80853110666666 21.714096533333336, 111.80845665 21.714096533333336, 111.80845665 21.7140503))",2877.20769077074,False
208,21.717187302723193,111.80938471443596,13,berth,"POLYGON((111.80900062790698 21.715625448275862, 111.8100623125 21.715625448275862, 111.8100623125 21.719555125, 111.80900062790698 21.719555125, 111.80900062790698 21.715625448275862))",2612.249509117786,False
209,39.50140777647473,121.27218881687732,8,berth,"POLYGON((121.27214072307693 39.50066580487805, 121.27231656097561 39.50066580487805, 121.27231656097561 39.50240783544304, 121.27214072307693 39.50240783544304, 121.27214072307693 39.50066580487805))",1879.4962626033528,False
210,24.40200210640584,117.97959308264929,29,berth,"POLYGON((117.97868722222222 24.401746254901962, 117.98114411764706 24.401746254901962, 117.98114411764706 24.402426000000002, 117.97868722222222 24.402426000000002, 117.97868722222222 24.401746254901962))",1019.4013140810778,False
211,21.586541531439394,109.59952341818182,4,berth,"POLYGON((109.59910063636363 21.58524291666667, 109.600136 21.58524291666667, 109.600136 21.587866636363636, 109.59910063636363 21.587866636363636, 109.59910063636363 21.58524291666667))",1097.72251458983,False
212,26.78936423140837,119.7133390553863,24,berth,"POLYGON((119.71238623529412 26.78791927272727, 119.71419672 26.78791927272727, 119.71419672 26.79107311111111, 119.71238623529412 26.79107311111111, 119.71238623529412 26.78791927272727))",1044.316783876186,False
213,25.20850368293498,118.96021214466117,4,berth,"POLYGON((118.95970296428571 25.208386807692307, 118.96128664 25.208386807692307, 118.96128664 25.20861668, 118.95970296428571 25.20861668, 118.95970296428571 25.208386807692307))",1684.2119118589858,False
214,25.684856617116438,119.57808301247213,22,berth,"POLYGON((119.575725125 25.68413275, 119.57993445454545 25.68413275, 119.57993445454545 25.68534527272727, 119.575725125 25.68534527272727, 119.575725125 25.68413275))",609.3894580615903,True
217,21.61383164016552,109.56893527219583,10,berth,"POLYGON((109.56852635897437 21.6135194, 109.56917613095237 21.6135194, 109.56917613095237 21.61422307692308, 109.56852635897437 21.61422307692308, 109.56852635897437 21.6135194))",1912.4621877844759,False
218,31.379849534529626,121.68373148221407,11,berth,"POLYGON((121.6832368 31.379417733333334, 121.68424919230769 31.379417733333334, 121.68424919230769 31.380163399999997, 121.6832368 31.380163399999997, 121.6832368 31.379417733333334))",58.73506060688889,True
219,29.71459365338488,122.19402454340234,11,berth,"POLYGON((122.19368373333333 29.714287604651165, 122.19456142105264 29.714287604651165, 122.19456142105264 29.714792021276597, 122.19368373333333 29.714792021276597, 122.19368373333333 29.714287604651165))",2900.781291139801,False
220,39.21252003621378,118.99436916785297,4,berth,"POLYGON((118.99361083333334 39.21147949450549, 118.99485558333333 39.21147949450549, 118.99485558333333 39.213333, 118.99361083333334 39.213333, 118.99361083333334 39.21147949450549))",3871.6855235720927,True
223,38.93821017126097,118.48297966322919,34,berth,"POLYGON((118.48166671428572 38.93723982857143, 118.48517852941175 38.93723982857143, 118.48517852941175 38.9398656875, 118.48166671428572 38.9398656875, 118.48166671428572 38.93723982857143))",126.8345685322108,False
224,25.57974152923312,119.69364009972828,5,berth,"POLYGON((119.6935820871795 25.579257743589743, 119.69368191845493 25.579257743589743, 119.69368191845493 25.57995053846154, 119.6935820871795 25.57995053846154, 119.6935820871795 25.579257743589743))",745.2385274233033,False
225,25.581673574791793,119.69136456950187,15,berth,"POLYGON((119.69086743589745 25.580355143053644, 119.69191218435753 25.580355143053644, 119.69191218435753 25.5821969375, 119.69086743589745 25.5821969375, 119.69086743589745 25.580355143053644))",857.6451144726116,False
226,31.942904229999094,120.21691425007248,20,berth,"POLYGON((120.21613333333335 31.94262111111111, 120.21704554054054 31.94262111111111, 120.21704554054054 31.94300847169811, 120.21613333333335 31.94300847169811, 120.21613333333335 31.94262111111111))",799.1876734409324,True
227,39.207954010832346,119.0200504017935,19,berth,"POLYGON((119.01935289285714 39.207050607142854, 119.020358375 39.207050607142854, 119.020358375 39.208361625, 119.01935289285714 39.208361625, 119.01935289285714 39.207050607142854))",1239.8784904159975,True
228,32.014795091190095,120.80484509307946,24,berth,"POLYGON((120.80451826190476 32.01457695238095, 120.80500566666667 32.01457695238095, 120.80500566666667 32.01501638297872, 120.80451826190476 32.01501638297872, 120.80451826190476 32.01457695238095))",1150.8679239158696,False
229,31.59483796810401,121.2773513006821,26,berth,"POLYGON((121.27550665000001 31.593819434782606, 121.27813181481481 31.593819434782606, 121.27813181481481 31.59719049, 121.27550665000001 31.59719049, 121.27550665000001 31.593819434782606))",2605.079301244344,False
231,31.995072255036693,120.33888511922827,26,berth,"POLYGON((120.33594539999999 31.993178699999998, 120.34086206666666 31.993178699999998, 120.34086206666666 31.996491733333336, 120.33594539999999 31.996491733333336, 120.33594539999999 31.993178699999998))",960.334611847644,False
232,39.92689745229799,119.67064319093558,15,berth,"POLYGON((119.6704742 39.926704794871796, 119.67100313953489 39.926704794871796, 119.67100313953489 39.927163023255815, 119.6704742 39.927163023255815, 119.6704742 39.926704794871796))",905.6487732489135,False
233,25.140974044457995,119.01215351362244,4,berth,"POLYGON((119.01188659574468 25.14065652173913, 119.0122713125 25.14065652173913, 119.0122713125 25.141810510638297, 119.01188659574468 25.141810510638297, 119.01188659574468 25.14065652173913))",1883.186937075256,False
234,22.806586888581418,113.58518416947219,23,berth,"POLYGON((113.58475374157304 22.80534366666667, 113.58567384999999 22.80534366666667, 113.58567384999999 22.80778224, 113.58475374157304 22.80778224, 113.58475374157304 22.80534366666667))",221.7683128565312,False
235,39.92239232346657,119.6767235770715,25,berth,"POLYGON((119.676543375 39.92205851851851, 119.67677223684211 39.92205851851851, 119.67677223684211 39.922816250000004, 119.676543375 39.922816250000004, 119.676543375 39.92205851851851))",1600.2464631989944,False
236,32.01366160217772,120.36656920634142,31,berth,"POLYGON((120.36487898 32.012547562499996, 120.36828545454546 32.012547562499996, 120.36828545454546 32.01482484848485, 120.36487898 32.01482484848485, 120.36487898 32.012547562499996))",1485.6265795248387,False
237,39.91551148107054,119.67718583229288,43,berth,"POLYGON((119.67661477464789 39.91377475, 119.6777 39.91377475, 119.6777 39.917650574074074, 119.67661477464789 39.917650574074074, 119.67661477464789 39.91377475))",2600.237323986536,False
238,21.486624204499062,109.55420798987943,12,berth,"POLYGON((109.55350451785715 21.4851544375, 109.5549544 21.4851544375, 109.5549544 21.4880526, 109.55350451785715 21.4880526, 109.55350451785715 21.4851544375))",2416.133813652942,False
239,21.29687291797412,110.41642367210596,8,berth,"POLYGON((110.41639312727273 21.295349647058824, 110.41650254545453 21.295349647058824, 110.41650254545453 21.298097333333335, 110.41639312727273 21.298097333333335, 110.41639312727273 21.295349647058824))",1408.639610219272,False
242,28.153699840174138,121.099059361155,14,berth,"POLYGON((121.09867387878788 28.152822647058823, 121.09948812244899 28.152822647058823, 121.09948812244899 28.154980692307692, 121.09867387878788 28.154980692307692, 121.09867387878788 28.152822647058823))",2186.425298093203,False
244,32.07598936222363,120.49211289138911,27,berth,"POLYGON((120.49123325000001 32.07579375, 120.49250571428571 32.07579375, 120.49250571428571 32.076072347826084, 120.49123325000001 32.076072347826084, 120.49123325000001 32.07579375))",816.0622915841144,False
245,37.67326467665566,120.22113593462774,8,berth,"POLYGON((120.22015726666667 37.67157119354838, 120.22264177419355 37.67157119354838, 120.22264177419355 37.674164600000005, 120.22015726666667 37.674164600000005, 120.22015726666667 37.67157119354838))",868.0033078973855,False
246,37.662969464817095,120.3049610011393,8,berth,"POLYGON((120.3049135 37.6628894, 120.30502139999999 37.6628894, 120.30502139999999 37.663038547619045, 120.3049135 37.663038547619045, 120.3049135 37.6628894))",263.12786393707836,False
247,31.92511372444234,120.1669840307891,22,berth,"POLYGON((120.165991 31.924963313432837, 120.16904588059701 31.924963313432837, 120.16904588059701 31.92524970689655, 120.165991 31.92524970689655, 120.165991 31.924963313432837))",1662.1350101225607,False
248,31.83079416349473,120.84501529932741,13,berth,"POLYGON((120.84429907142857 31.829733714285712, 120.84566885714285 31.829733714285712, 120.84566885714285 31.83184754761905, 120.84429907142857 31.83184754761905, 120.84429907142857 31.829733714285712))",2267.1382313989543,False
249,21.566715261794478,108.33553901595471,2,berth,"POLYGON((108.33551579310344 21.56652647761194, 108.33556223880596 21.56652647761194, 108.33556223880596 21.56690404597701, 108.33551579310344 21.56690404597701, 108.33551579310344 21.56652647761194))",3007.7285206112847,False
250,19.725937117937757,109.20601328236587,10,berth,"POLYGON((109.20528825 19.724987625, 109.20758628985507 19.724987625, 109.20758628985507 19.726113164179104, 109.20528825 19.726113164179104, 109.20528825 19.724987625))",511.08033351624033,False
251,35.08045652849279,119.36523839889281,23,berth,"POLYGON((119.364320875 35.076103636363634, 119.36606145454545 35.076103636363634, 119.36606145454545 35.0851613125, 119.364320875 35.0851613125, 119.364320875 35.076103636363634))",2393.092453342367,False
252,32.132996247608105,121.50072824737893,21,berth,"POLYGON((121.5 32.13289127272727, 121.50087063235296 32.13289127272727, 121.50087063235296 32.133333, 121.5 32.133333, 121.5 32.13289127272727))",3011.1426406227874,False
253,35.366939546859605,119.57111530820318,49,berth,"POLYGON((119.5709219 35.365677, 119.57182897058823 35.365677, 119.57182897058823 35.36743371428572, 119.5709219 35.36743371428572, 119.5709219 35.365677))",2819.719243944714,False
254,26.39616110904565,119.78450542162265,6,berth,"POLYGON((119.78287562068967 26.395200655172413, 119.78535706976744 26.395200655172413, 119.78535706976744 26.396752714285714, 119.78287562068967 26.396752714285714, 119.78287562068967 26.395200655172413))",277.93255495036414,False
255,26.381504794613395,119.76085996937881,17,berth,"POLYGON((119.76062382692308 26.381316978723405, 119.76171578125 26.381316978723405, 119.76171578125 26.382127289473686, 119.76062382692308 26.382127289473686, 119.76062382692308 26.381316978723405))",1370.5065510168754,False
258,31.8390230261542,120.84033588537899,47,berth,"POLYGON((120.83913081818181 31.8376474, 120.84121872222222 31.8376474, 120.84121872222222 31.841077363636362, 120.83913081818181 31.841077363636362, 120.83913081818181 31.8376474))",2064.2660472859206,False
259,32.02969546976209,120.58423745566145,16,berth,"POLYGON((120.58167805000001 32.02813952272727, 120.58664959090908 32.02813952272727, 120.58664959090908 32.03130755, 120.58167805000001 32.03130755, 120.58167805000001 32.02813952272727))",3928.033516647731,False
260,31.931804915030604,120.13010633739226,21,berth,"POLYGON((120.128603 31.93123744, 120.13211090540541 31.93123744, 120.13211090540541 31.932114231707317, 120.128603 31.932114231707317, 120.128603 31.93123744))",1494.4785528989664,False
261,31.699873506259888,121.13421301561425,7,berth,"POLYGON((121.1339002835821 31.69981157142857, 121.134308375 31.69981157142857, 121.134308375 31.70003576119403, 121.1339002835821 31.70003576119403, 121.1339002835821 31.69981157142857))",1124.9029892810343,False
262,31.99023932009947,120.63227889271634,5,berth,"POLYGON((120.6309774107143 31.99012188764045, 120.6337797752809 31.99012188764045, 120.6337797752809 31.990381589285715, 120.6309774107143 31.990381589285715, 120.6309774107143 31.99012188764045))",566.9838391712701,True
263,30.053498466846065,121.97717745458158,3,berth,"POLYGON((121.97714074193547 30.053475361445784, 121.97720252542372 30.053475361445784, 121.97720252542372 30.053535564516128, 121.97714074193547 30.053535564516128, 121.97714074193547 30.053475361445784))",17.9567949042849,True
265,40.81000255776628,121.0584923123792,26,berth,"POLYGON((121.05598624285714 40.80908802857142, 121.06016626666666 40.80908802857142, 121.06016626666666 40.81058293333333, 121.05598624285714 40.81058293333333, 121.05598624285714 40.80908802857142))",960.0058026207013,True
266,21.1717333322171,110.40448812311317,4,berth,"POLYGON((110.40430992 21.171721285714284, 110.40467222222223 21.171721285714284, 110.40467222222223 21.171757444444445, 110.40430992 21.171757444444445, 110.40430992 21.171721285714284))",725.3572665699216,False
269,25.58528524563492,119.66046071825397,4,berth,"POLYGON((119.66020942857142 25.585175, 119.6608375 25.585175, 119.6608375 25.585359571428572, 119.66020942857142 25.585359571428572, 119.66020942857142 25.585175))",3756.644873955142,False
270,40.20184934290271,121.9809411323764,3,berth,"POLYGON((121.98091072727271 40.201800909090906, 121.98097809090909 40.201800909090906, 121.98097809090909 40.20189390909091, 121.98091072727271 40.20189390909091, 121.98091072727271 40.201800909090906))",2461.114502762611,False
272,23.396497994719383,116.5584923850991,34,berth,"POLYGON((116.55792876923077 23.39473166666667, 116.55891266666667 23.39473166666667, 116.55891266666667 23.398619680851063, 116.55792876923077 23.398619680851063, 116.55792876923077 23.39473166666667))",388.3496263085708,False
273,22.97681158333333,116.53333331666667,2,berth,"POLYGON((116.5332545 22.976606666666665, 116.53341213333333 22.976606666666665, 116.53341213333333 22.977016499999998, 116.5332545 22.977016499999998, 116.5332545 22.976606666666665))",1529.5922634927447,False
274,30.247456858820502,122.15321673377164,31,berth,"POLYGON((122.15214472222222 30.247342722222225, 122.15379996875001 30.247342722222225, 122.15379996875001 30.24763942857143, 122.15214472222222 30.24763942857143, 122.15214472222222 30.247342722222225))",547.2100181912438,False
275,22.897879894110662,113.5855661769424,17,berth,"POLYGON((113.58526163636363 22.897545363636365, 113.58611675862069 22.897545363636365, 113.58611675862069 22.898439137931035, 113.58526163636363 22.898439137931035, 113.58526163636363 22.897545363636365))",1086.368280317121,False
276,21.306293986307256,110.4139524020982,8,berth,"POLYGON((110.41378323076923 21.305892307692304, 110.41411439999999 21.305892307692304, 110.41411439999999 21.3066696, 110.41378323076923 21.3066696, 110.41378323076923 21.305892307692304))",2150.2815787064337,False
277,23.761631763596075,117.49857372855494,10,berth,"POLYGON((117.49812200000001 23.761036, 117.49941733333333 23.761036, 117.49941733333333 23.762080098039217, 117.49812200000001 23.762080098039217, 117.49812200000001 23.761036))",1358.3041269405742,False
279,22.80053905284296,113.58729753160648,15,berth,"POLYGON((113.58706339999999 22.799946085714286, 113.58769083333333 22.799946085714286, 113.58769083333333 22.800827666666667, 113.58706339999999 22.800827666666667, 113.58706339999999 22.799946085714286))",200.2644627635785,False
280,22.902905323032332,113.58313534073405,43,berth,"POLYGON((113.58189666666668 22.901764857142858, 113.58455419354839 22.901764857142858, 113.58455419354839 22.90443875, 113.58189666666668 22.90443875, 113.58189666666668 22.901764857142858))",1560.040435696621,False
281,24.452421551875094,117.98187148021326,4,berth,"POLYGON((117.98170626086957 24.45237769354839, 117.98195004477611 24.45237769354839, 117.98195004477611 24.452466, 117.98170626086957 24.452466, 117.98170626086957 24.45237769354839))",5.614601584435332,True
282,24.630661433459018,118.43207310740834,17,berth,"POLYGON((118.43164999999999 24.630325571428575, 118.4323495 24.630325571428575, 118.4323495 24.63123775, 118.43164999999999 24.63123775, 118.43164999999999 24.630325571428575))",15.109610282046669,False
287,25.97967215291175,119.4675068057104,76,berth,"POLYGON((119.46527671428571 25.97735342857143, 119.46875841463415 25.97735342857143, 119.46875841463415 25.981079243902442, 119.46527671428571 25.981079243902442, 119.46527671428571 25.97735342857143))",61.592634279336856,True
288,31.943198436963367,120.22053656231097,26,berth,"POLYGON((120.22016860606061 31.943035695652178, 120.22087189393939 31.943035695652178, 120.22087189393939 31.943517588235295, 120.22016860606061 31.943517588235295, 120.22016860606061 31.943035695652178))",836.1664832736952,True
289,21.732316085286428,108.63332843028991,32,berth,"POLYGON((108.63315480392157 21.730792823529413, 108.63352726666666 21.730792823529413, 108.63352726666666 21.734369575221237, 108.63315480392157 21.734369575221237, 108.63315480392157 21.730792823529413))",1766.2470834338924,False
291,19.728841180941554,109.19926327876395,23,berth,"POLYGON((109.1978080224719 19.72837855319149, 109.20060706382978 19.72837855319149, 109.20060706382978 19.729340966292135, 109.1978080224719 19.729340966292135, 109.1978080224719 19.72837855319149))",1292.7440809211434,False
293,40.70452472721924,120.96831910599663,10,berth,"POLYGON((120.96779642857143 40.70331465517241, 120.96979541379311 40.70331465517241, 120.96979541379311 40.7050771627907, 120.96779642857143 40.7050771627907, 120.96779642857143 40.70331465517241))",828.4866255281089,False
295,39.931629151265675,119.69657068152424,10,berth,"POLYGON((119.69550661538462 39.93135276923077, 119.69754674390245 39.93135276923077, 119.69754674390245 39.93191175, 119.69550661538462 39.93191175, 119.69550661538462 39.93135276923077))",398.74585077963474,False
297,26.637366749999998,119.82634904166667,2,berth,"POLYGON((119.82612025 26.6370555, 119.82657783333333 26.6370555, 119.82657783333333 26.637678, 119.82612025 26.637678, 119.82612025 26.6370555))",3955.0096716181315,False
298,22.765450983256784,113.65796818560274,16,berth,"POLYGON((113.657295703125 22.764277140625, 113.65862948148148 22.764277140625, 113.65862948148148 22.76639759090909, 113.657295703125 22.76639759090909, 113.657295703125 22.764277140625))",374.6649024666395,True
299,24.45750753543919,117.95716566354298,16,berth,"POLYGON((117.95533046 24.457099714285714, 117.95918762162162 24.457099714285714, 117.95918762162162 24.457965060000003, 117.95533046 24.457965060000003, 117.95533046 24.457099714285714))",479.2102673309959,False
300,22.205580733537087,113.08749836816692,23,berth,"POLYGON((113.08733275 22.20453688888889, 113.08781119999999 22.20453688888889, 113.08781119999999 22.206507022222223, 113.08733275 22.206507022222223, 113.08733275 22.20453688888889))",298.857017009554,False
301,24.35952487229446,118.09831257957781,22,berth,"POLYGON((118.09700315789473 24.35856106060606, 118.09960789855073 24.35856106060606, 118.09960789855073 24.36041738596491, 118.09700315789473 24.36041738596491, 118.09700315789473 24.35856106060606))",2367.6675274882323,False
302,23.336491363123088,116.73683320180261,17,berth,"POLYGON((116.73652251020408 23.33587951851852, 116.73761244444444 23.33587951851852, 116.73761244444444 23.336683448979592, 116.73652251020408 23.336683448979592, 116.73652251020408 23.33587951851852))",862.7834482356915,False
304,39.93852266484168,119.7153749253105,21,berth,"POLYGON((119.71518371428571 39.93711664285714, 119.7155252 39.93711664285714, 119.7155252 39.94018058333334, 119.71518371428571 39.94018058333334, 119.71518371428571 39.93711664285714))",72.61017883962833,True
305,22.984740615753413,113.56652062073606,23,berth,"POLYGON((113.565411 22.983302043103446, 113.56729556140351 22.983302043103446, 113.56729556140351 22.985852139860143, 113.565411 22.985852139860143, 113.565411 22.983302043103446))",1227.6683017422154,False
306,25.53186848412698,119.6638416031746,2,berth,"POLYGON((119.66378577777778 25.531819857142857, 119.66389742857143 25.531819857142857, 119.66389742857143 25.53191711111111, 119.66378577777778 25.53191711111111, 119.66378577777778 25.531819857142857))",3882.643148936307,False
308,39.20019083315419,118.97924292583443,23,berth,"POLYGON((118.97903233333334 39.20001172727273, 118.97941436363635 39.20001172727273, 118.97941436363635 39.201082416666665, 118.97903233333334 39.201082416666665, 118.97903233333334 39.20001172727273))",1428.7513017430558,True
309,26.39074901238628,119.77581833748668,35,berth,"POLYGON((119.77543424175825 26.39048323076923, 119.77687927272727 26.39048323076923, 119.77687927272727 26.39148432, 119.77543424175825 26.39148432, 119.77543424175825 26.39048323076923))",1079.3944102289752,False
311,25.999907844882113,119.48393535419194,33,berth,"POLYGON((119.48324729166666 25.9987905, 119.48488569565218 25.9987905, 119.48488569565218 26.00134411111111, 119.48324729166666 26.00134411111111, 119.48324729166666 25.9987905))",907.8267634876793,False
312,35.31588340213268,119.5156843951118,72,berth,"POLYGON((119.51551745714285 35.313017476190474, 119.51585395454545 35.313017476190474, 119.51585395454545 35.319709688888885, 119.51551745714285 35.319709688888885, 119.51551745714285 35.313017476190474))",2416.8256576197796,False
315,31.97198378908277,120.00260704520844,4,berth,"POLYGON((120.00199447904191 31.971305121212122, 120.00344957575757 31.971305121212122, 120.00344957575757 31.972497305389222, 120.00199447904191 31.972497305389222, 120.00199447904191 31.971305121212122))",1966.4494368273984,False
317,32.03051893707541,120.39092251248844,22,berth,"POLYGON((120.38902153125 32.0286638125, 120.39315553333334 32.0286638125, 120.39315553333334 32.03255836666667, 120.38902153125 32.03255836666667, 120.38902153125 32.0286638125))",847.2286182312712,False
318,32.28439284325716,119.85907110739349,10,berth,"POLYGON((119.85810378333333 32.28411716666667, 119.85931153191488 32.28411716666667, 119.85931153191488 32.285349366666665, 119.85810378333333 32.285349366666665, 119.85810378333333 32.28411716666667))",43.61352968054146,True
319,25.23681725767724,118.97048188360596,11,berth,"POLYGON((118.97038007777778 25.2355365, 118.97055784615385 25.2355365, 118.97055784615385 25.238728234042554, 118.97038007777778 25.238728234042554, 118.97038007777778 25.2355365))",480.3987686041321,False
320,39.112222563299085,118.53318337186543,138,berth,"POLYGON((118.5306895 39.1084695, 118.53502434615385 39.1084695, 118.53502434615385 39.11509176923077, 118.5306895 39.11509176923077, 118.5306895 39.1084695))",1737.1389092971056,False
321,30.558319810804555,121.02466659666678,64,berth,"POLYGON((121.020174 30.554975, 121.02731048 30.554975, 121.02731048 30.5602742, 121.020174 30.5602742, 121.020174 30.554975))",1637.086672063612,False
322,39.00021400409922,118.45511267921586,49,berth,"POLYGON((118.454852 38.99329025, 118.45532425 38.99329025, 118.45532425 39.00617276470588, 118.454852 39.00617276470588, 118.454852 38.99329025))",1621.6732947379558,False
323,31.924195096601686,120.17743741685189,13,berth,"POLYGON((120.17661266666666 31.92411011111111, 120.17782500000001 31.92411011111111, 120.17782500000001 31.924273392857142, 120.17661266666666 31.924273392857142, 120.17661266666666 31.92411011111111))",1637.2669253064357,False
325,39.19961755485342,118.98308698712323,65,berth,"POLYGON((118.98057017964071 39.198922311377245, 118.98823444 39.198922311377245, 118.98823444 39.201200879999995, 118.98057017964071 39.201200879999995, 118.98057017964071 39.198922311377245))",1717.7553046409193,True
326,21.94710362509157,113.22873949120878,2,berth,"POLYGON((113.22860589010989 21.94698761282051, 113.2288730923077 21.94698761282051, 113.2288730923077 21.947219637362636, 113.22860589010989 21.947219637362636, 113.22860589010989 21.94698761282051))",1474.3971931092847,False
327,22.991439375,116.53707547222223,2,berth,"POLYGON((116.5367985 22.99134875, 116.53735244444445 22.99134875, 116.53735244444445 22.991529999999997, 116.5367985 22.991529999999997, 116.5367985 22.99134875))",1316.3230059280784,False
328,23.00793873224761,113.53132005791646,12,berth,"POLYGON((113.53068770588234 23.00711, 113.5322138 23.00711, 113.5322138 23.009636399999998, 113.53068770588234 23.009636399999998, 113.53068770588234 23.00711))",190.12267210468798,True
329,23.016180205138568,113.52734215967023,7,berth,"POLYGON((113.5265441 23.014413500000003, 113.52817022222222 23.014413500000003, 113.52817022222222 23.01791295, 113.5265441 23.01791295, 113.5265441 23.014413500000003))",153.68032246737323,False
330,22.743114426601455,113.6650068038892,12,berth,"POLYGON((113.66347822972973 22.742196571428572, 113.66626879365079 22.742196571428572, 113.66626879365079 22.744361837837836, 113.66347822972973 22.744361837837836, 113.66347822972973 22.742196571428572))",839.2401655308116,False
331,30.05994567130307,121.97454471844995,22,berth,"POLYGON((121.97408975 30.05978557142857, 121.97466269230769 30.05978557142857, 121.97466269230769 30.060022520833332, 121.97408975 30.060022520833332, 121.97408975 30.05978557142857))",114.47847645999116,True
332,21.067206019533707,110.48747275601369,107,berth,"POLYGON((110.48286988679246 21.066526200000002, 110.48971966666666 21.066526200000002, 110.48971966666666 21.069818657894736, 110.48286988679246 21.069818657894736, 110.48286988679246 21.066526200000002))",321.72868791686847,True
333,21.696791031677847,111.8194357059283,10,berth,"POLYGON((111.81919725454546 21.695425712962965, 111.81980808333333 21.695425712962965, 111.81980808333333 21.69749991666667, 111.81919725454546 21.69749991666667, 111.81919725454546 21.695425712962965))",2300.1469350647694,False
334,30.585402365698823,121.08565486445929,30,berth,"POLYGON((121.08447023636363 30.585109327272725, 121.08593584313725 30.585109327272725, 121.08593584313725 30.585531166666666, 121.08447023636363 30.585531166666666, 121.08447023636363 30.585109327272725))",222.70625788051098,False
335,21.141649411914134,110.40030183964922,29,berth,"POLYGON((110.3984829 21.1397829, 110.40183075 21.1397829, 110.40183075 21.143079833333335, 110.3984829 21.143079833333335, 110.3984829 21.1397829))",2392.792851826875,False
336,21.241235415738352,110.41963400847752,10,berth,"POLYGON((110.41939414035087 21.240642466101693, 110.42021556363636 21.240642466101693, 110.42021556363636 21.241491144654088, 110.41939414035087 21.241491144654088, 110.41939414035087 21.240642466101693))",1322.6160836304475,False
337,32.19674434824164,119.87991364712101,7,berth,"POLYGON((119.8797157173913 32.1960279122807, 119.88012612280701 32.1960279122807, 119.88012612280701 32.197872543478255, 119.8797157173913 32.197872543478255, 119.8797157173913 32.1960279122807))",1985.5566793374765,False
338,39.20862821258582,118.99194985962052,16,berth,"POLYGON((118.99029336734694 39.20805312244898, 118.99469777777777 39.20805312244898, 118.99469777777777 39.210018444444444, 118.99029336734694 39.210018444444444, 118.99029336734694 39.20805312244898))",3290.284235059367,True
340,23.05015470559824,113.50891434811264,11,berth,"POLYGON((113.50824380000002 23.048826448275864, 113.50979951515151 23.048826448275864, 113.50979951515151 23.05123035, 113.50824380000002 23.05123035, 113.50824380000002 23.048826448275864))",1452.6983046131734,False
343,24.4489524088943,117.99833059295543,11,berth,"POLYGON((117.99731104166666 24.4486895, 117.99905137500001 24.4486895, 117.99905137500001 24.449233133333333, 117.99731104166666 24.449233133333333, 117.99731104166666 24.4486895))",255.4139373961249,True
345,31.356078729728072,121.51164788863188,90,berth,"POLYGON((121.510563875 31.355639, 121.51230242857143 31.355639, 121.51230242857143 31.356689199999998, 121.510563875 31.356689199999998, 121.510563875 31.355639))",3311.8396487232912,True
346,36.88423997851275,122.43888767201705,18,berth,"POLYGON((122.43875921428571 36.88409922222222, 122.43913333333334 36.88409922222222, 122.43913333333334 36.884569, 122.43875921428571 36.884569, 122.43875921428571 36.88409922222222))",688.5962254299421,False
347,36.88097863236204,122.43519911955444,11,berth,"POLYGON((122.4351427162162 36.880765679245286, 122.43535659782609 36.880765679245286, 122.43535659782609 36.88114075, 122.4351427162162 36.88114075, 122.4351427162162 36.880765679245286))",116.37000060081263,False
349,34.31197816366521,120.26770566453006,19,berth,"POLYGON((120.26456869565217 34.31081695652174, 120.26935100000001 34.31081695652174, 120.26935100000001 34.31266233333333, 120.26456869565217 34.31266233333333, 120.26456869565217 34.31081695652174))",1145.5313394287673,False
350,37.71693930044202,121.11518226183848,58,berth,"POLYGON((121.108473 37.714473250000005, 121.122243425 37.714473250000005, 121.122243425 37.71747766666667, 121.108473 37.71747766666667, 121.108473 37.714473250000005))",1242.3676707394654,False
351,31.359350043829,121.49983878365809,25,berth,"POLYGON((121.4997045050505 31.359138306122446, 121.49995964102564 31.359138306122446, 121.49995964102564 31.359466959595956, 121.4997045050505 31.359466959595956, 121.4997045050505 31.359138306122446))",3734.046985994255,True
352,31.36748212522046,121.64394994135802,9,berth,"POLYGON((121.642082 31.366636333333332, 121.64600555555555 31.366636333333332, 121.64600555555555 31.36859433333333, 121.642082 31.36859433333333, 121.642082 31.366636333333332))",3779.0967171970274,False
353,37.71357800765224,121.07185408058128,66,berth,"POLYGON((121.06401842028986 37.71347457142857, 121.08072305882354 37.71347457142857, 121.08072305882354 37.71376790909091, 121.06401842028986 37.71376790909091, 121.06401842028986 37.71347457142857))",84.00666742671596,False
354,39.209819249669,119.00012584872509,6,berth,"POLYGON((118.99996466666666 39.209662, 119.00020699193549 39.209662, 119.00020699193549 39.2100616532258, 118.99996466666666 39.2100616532258, 118.99996466666666 39.209662))",3143.5212490504214,True
355,39.21215446031746,118.99969168825862,3,berth,"POLYGON((118.99963257142858 39.21169628571429, 118.99974176785715 39.21169628571429, 118.99974176785715 39.212778428571426, 118.99963257142858 39.212778428571426, 118.99963257142858 39.21169628571429))",3389.9994047019095,True
356,23.04678415921442,113.51847756400305,16,berth,"POLYGON((113.51792505882354 23.046074470588238, 113.5188786607143 23.046074470588238, 113.5188786607143 23.047308089285714, 113.51792505882354 23.047308089285714, 113.51792505882354 23.046074470588238))",1351.8282807213727,False
358,39.021009634270236,121.7447964425598,20,berth,"POLYGON((121.74356 39.01885956923077, 121.74625345283019 39.01885956923077, 121.74625345283019 39.02394777777778, 121.74356 39.02394777777778, 121.74356 39.01885956923077))",1581.864319248115,False
359,23.09215679572222,113.45444965372862,38,berth,"POLYGON((113.45346817857143 23.09185666666667, 113.45621362222222 23.09185666666667, 113.45621362222222 23.092471011904763, 113.45346817857143 23.092471011904763, 113.45346817857143 23.09185666666667))",817.637343030576,True
360,21.063339348125364,110.46034810833318,15,berth,"POLYGON((110.45998354545455 21.063205269230767, 110.46065812500001 21.063205269230767, 110.46065812500001 21.063415213114755, 110.45998354545455 21.063415213114755, 110.45998354545455 21.063205269230767))",239.3167239432577,False
361,31.33035587024453,121.55855104570962,52,berth,"POLYGON((121.55833200000001 31.329649720000003, 121.55899984 31.329649720000003, 121.55899984 31.330498641025642, 121.55833200000001 31.330498641025642, 121.55833200000001 31.329649720000003))",3776.086751742445,True
362,30.162128911389413,121.99433705608894,8,berth,"POLYGON((121.9934165 30.161606999999997, 121.99560054999999 30.161606999999997, 121.99560054999999 30.16254480769231, 121.9934165 30.16254480769231, 121.9934165 30.161606999999997))",1827.8079984523488,False
363,40.29238576363721,122.09318772991355,33,berth,"POLYGON((122.09214936363635 40.2903735625, 122.0940912820513 40.2903735625, 122.0940912820513 40.294185, 122.09214936363635 40.294185, 122.09214936363635 40.2903735625))",1703.3238396786357,False
364,40.247222549121645,122.09416443100281,5,berth,"POLYGON((122.0938879090909 40.24710118897638, 122.09471966666668 40.24710118897638, 122.09471966666668 40.24761433333333, 122.0938879090909 40.24761433333333, 122.0938879090909 40.24710118897638))",770.1759060947466,False
365,31.921390361143803,120.16942197017976,52,berth,"POLYGON((120.1686678888889 31.91987202, 120.16976985393259 31.91987202, 120.16976985393259 31.923321571428573, 120.1686678888889 31.923321571428573, 120.1686678888889 31.91987202))",2014.3457868575667,False
366,36.02643319580954,120.2309863474677,8,berth,"POLYGON((120.23074341025641 36.026257712121215, 120.23120364705882 36.026257712121215, 120.23120364705882 36.026521435897436, 120.23074341025641 36.026521435897436, 120.23074341025641 36.026257712121215))",3652.5720172438055,False
367,38.95993659775712,117.72688333437918,19,berth,"POLYGON((117.72623652173914 38.95972957971015, 117.72720016666666 38.95972957971015, 117.72720016666666 38.96029849999999, 117.72623652173914 38.96029849999999, 117.72623652173914 38.95972957971015))",3252.5763809678965,False
368,21.71026125911211,111.81070809849854,16,berth,"POLYGON((111.810095875 21.709806292682927, 111.8112094090909 21.709806292682927, 111.8112094090909 21.71092788888889, 111.810095875 21.71092788888889, 111.810095875 21.709806292682927))",2878.1250976993756,False
369,32.061272784136776,121.69307687012576,4,berth,"POLYGON((121.69246799999999 32.06114257894737, 121.69344365217391 32.06114257894737, 121.69344365217391 32.06153472115385, 121.69246799999999 32.06153472115385, 121.69246799999999 32.06114257894737))",2578.0972546072535,False
370,24.415166778676763,118.04009193545458,3,berth,"POLYGON((118.03908118421053 24.415100144927536, 118.0409042173913 24.415100144927536, 118.0409042173913 24.415267381578946, 118.03908118421053 24.415267381578946, 118.03908118421053 24.415100144927536))",768.9332327503988,False
371,25.145599993880342,119.02223896587037,9,berth,"POLYGON((119.02214028571429 25.14491195, 119.02246428000001 25.14491195, 119.02246428000001 25.14622246938776, 119.02214028571429 25.14622246938776, 119.02214028571429 25.14491195))",887.2768590890133,False
372,25.987812908837157,119.47450717542287,11,berth,"POLYGON((119.47441898507462 25.987747989473686, 119.47456275 25.987747989473686, 119.47456275 25.987877849462365, 119.47441898507462 25.987877849462365, 119.47441898507462 25.987747989473686))",326.4073974276733,False
373,26.029920532594456,119.49967472421953,43,berth,"POLYGON((119.49837914285715 26.028829142857145, 119.50175199999998 26.028829142857145, 119.50175199999998 26.031856333333334, 119.49837914285715 26.031856333333334, 119.49837914285715 26.028829142857145))",252.6312976177939,False
374,22.77140045138889,115.59897508333333,2,berth,"POLYGON((115.59870433333334 22.771072708333335, 115.59924583333333 22.771072708333335, 115.59924583333333 22.771728194444442, 115.59870433333334 22.771728194444442, 115.59870433333334 22.771072708333335))",3478.878178245751,False
377,19.80370416309367,109.16369798664137,23,berth,"POLYGON((109.16301159259258 19.802781000000003, 109.16544325333334 19.802781000000003, 109.16544325333334 19.804357397058823, 109.16301159259258 19.804357397058823, 109.16301159259258 19.802781000000003))",297.2466796832971,False
378,21.555991891315994,108.37222585268258,14,berth,"POLYGON((108.37205086666667 21.5556328, 108.37268455555555 21.5556328, 108.37268455555555 21.55713888888889, 108.37205086666667 21.55713888888889, 108.37205086666667 21.5556328))",2927.732515481166,False
379,19.553220290934366,110.82941764474998,19,berth,"POLYGON((110.82881652380952 19.551923000000002, 110.83027102941176 19.551923000000002, 110.83027102941176 19.554079761904763, 110.82881652380952 19.554079761904763, 110.82881652380952 19.551923000000002))",16.374158833564614,True
380,32.006828904868314,120.68221710471948,13,berth,"POLYGON((120.68065552941177 32.00641311764706, 120.682968 32.00641311764706, 120.682968 32.007069200000004, 120.68065552941177 32.007069200000004, 120.68065552941177 32.00641311764706))",1096.136725400579,False
381,30.112784285476106,122.20249003245404,12,berth,"POLYGON((122.20014878571429 30.112565648648648, 122.20398639285715 30.112565648648648, 122.20398639285715 30.11310342857143, 122.20014878571429 30.11310342857143, 122.20014878571429 30.112565648648648))",1697.4485785556378,False
382,21.564855428927032,108.37575594137726,63,berth,"POLYGON((108.373281 21.558567333333333, 108.37860581818182 21.558567333333333, 108.37860581818182 21.571927363636362, 108.373281 21.571927363636362, 108.373281 21.558567333333333))",1974.139407811419,False
385,31.943464289981996,120.23704870156277,28,berth,"POLYGON((120.235506625 31.943149625, 120.23732434693878 31.943149625, 120.23732434693878 31.943558723404255, 120.235506625 31.943558723404255, 120.235506625 31.943149625))",373.62821832824534,True
386,21.484472884184825,111.0648710823523,13,berth,"POLYGON((111.06351948717948 21.483414133333333, 111.06642306666667 21.483414133333333, 111.06642306666667 21.48552976923077, 111.06351948717948 21.48552976923077, 111.06351948717948 21.483414133333333))",630.1891460234108,False
389,32.093748577519364,119.92844329953807,6,berth,"POLYGON((119.92779158241758 32.093168428571424, 119.92917783333333 32.093168428571424, 119.92917783333333 32.09430561111111, 119.92779158241758 32.09430561111111, 119.92779158241758 32.093168428571424))",396.1669147388931,False
390,32.306257329417555,119.83370871173018,61,berth,"POLYGON((119.83191291666667 32.305, 119.8343324 32.305, 119.8343324 32.30769195833333, 119.83191291666667 32.30769195833333, 119.83191291666667 32.305))",213.42392642852616,True
398,32.32557319937049,119.7385611451595,12,berth,"POLYGON((119.73830946666666 32.32514325, 119.7391094117647 32.32514325, 119.7391094117647 32.32569857777778, 119.73830946666666 32.32569857777778, 119.73830946666666 32.32514325))",112.96433587346208,False
399,30.24362013466925,122.27739753609136,2,berth,"POLYGON((122.27738761064425 30.243601577030812, 122.27740746153846 30.243601577030812, 122.27740746153846 30.24363869230769, 122.27738761064425 30.24363869230769, 122.27738761064425 30.243601577030812))",355.2017149140937,False
400,39.20155492381063,119.01401566391723,14,berth,"POLYGON((119.01242533333334 39.20130363829787, 119.0144514347826 39.20130363829787, 119.0144514347826 39.201910956521736, 119.01242533333334 39.201910956521736, 119.01242533333334 39.20130363829787))",1194.336620731794,True
401,23.095073367234054,113.4358461405394,24,berth,"POLYGON((113.43453664948454 23.094972971223022, 113.43826303571429 23.094972971223022, 113.43826303571429 23.095250752577318, 113.43453664948454 23.095250752577318, 113.43453664948454 23.094972971223022))",365.8447328772969,True
402,28.270323398818896,121.570610130477,4,berth,"POLYGON((121.57060044444444 28.270315239520958, 121.57062877844312 28.270315239520958, 121.57062877844312 28.27033822222222, 121.57060044444444 28.27033822222222, 121.57060044444444 28.270315239520958))",903.52636988476,False
403,26.772404598067943,119.72177583904691,59,berth,"POLYGON((119.72102288 26.769190499999997, 119.72308112121212 26.769190499999997, 119.72308112121212 26.774966222222222, 119.72102288 26.774966222222222, 119.72102288 26.769190499999997))",899.3368308029667,False
404,26.61461527633483,119.72984559882414,14,berth,"POLYGON((119.72916080645162 26.614344027027027, 119.730924 26.614344027027027, 119.730924 26.614786192307694, 119.72916080645162 26.614786192307694, 119.72916080645162 26.614344027027027))",366.28723581639787,False
405,37.45095943576598,122.19408009731688,97,berth,"POLYGON((122.18885259375 37.448829999999994, 122.19892076470587 37.448829999999994, 122.19892076470587 37.453945, 122.18885259375 37.453945, 122.18885259375 37.448829999999994))",1743.2581249655907,False
406,22.89129352042874,113.57760573953246,17,berth,"POLYGON((113.57670088372093 22.890145186046514, 113.57850549122807 22.890145186046514, 113.57850549122807 22.892290999999997, 113.57670088372093 22.892290999999997, 113.57670088372093 22.890145186046514))",1657.3128120183628,False
407,24.717708870213446,118.74154352985445,10,berth,"POLYGON((118.7411226 24.717582333333336, 118.74173714285715 24.717582333333336, 118.74173714285715 24.717856416666667, 118.7411226 24.717856416666667, 118.7411226 24.717582333333336))",171.6098653562269,False
409,29.967591357921748,121.72867098916463,47,berth,"POLYGON((121.72849532142857 29.967284666666668, 121.72878077777779 29.967284666666668, 121.72878077777779 29.96772540425532, 121.72849532142857 29.96772540425532, 121.72849532142857 29.967284666666668))",265.4906121386764,False
410,38.970314296281295,117.76898423891394,7,berth,"POLYGON((117.76881932258065 38.97027307692308, 117.76921669230771 38.97027307692308, 117.76921669230771 38.97041476923077, 117.76881932258065 38.97041476923077, 117.76881932258065 38.97027307692308))",1570.0260996167613,False
411,38.96984644178218,117.77228268805072,8,berth,"POLYGON((117.77207838888889 38.969797130434785, 117.77242226086956 38.969797130434785, 117.77242226086956 38.96993691666667, 117.77207838888889 38.96993691666667, 117.77207838888889 38.969797130434785))",1619.4433741540342,False
413,31.47114971084766,121.4314608175474,39,berth,"POLYGON((121.42774895555556 31.469862, 121.43349984210526 31.469862, 121.43349984210526 31.473494222222225, 121.42774895555556 31.473494222222225, 121.42774895555556 31.469862))",2842.24704518855,False
414,38.96294350725303,117.73874552567365,20,berth,"POLYGON((117.73803796 38.96254975, 117.73965650000001 38.96254975, 117.73965650000001 38.96310011764706, 117.73803796 38.96310011764706, 117.73803796 38.96254975))",2808.9704139988544,False
415,26.72436213195343,119.7356221817108,28,berth,"POLYGON((119.735 26.72415407407407, 119.73577336363637 26.72415407407407, 119.73577336363637 26.725000000000005, 119.735 26.725000000000005, 119.735 26.72415407407407))",1218.434060776585,False
416,26.72034840098692,119.65950459103195,39,berth,"POLYGON((119.65936145 26.719074684210526, 119.6596077777778 26.719074684210526, 119.6596077777778 26.72175522222222, 119.65936145 26.72175522222222, 119.65936145 26.719074684210526))",1940.5077848507115,False
417,26.728083306102146,119.6572797831118,17,berth,"POLYGON((119.65647231034484 26.72717481818182, 119.65769695454546 26.72717481818182, 119.65769695454546 26.73016572413793, 119.65647231034484 26.73016572413793, 119.65647231034484 26.72717481818182))",1536.0390721596375,False
419,31.38003445833333,121.62614666666667,2,berth,"POLYGON((121.625969 31.379905666666662, 121.62632433333334 31.379905666666662, 121.62632433333334 31.38016325, 121.625969 31.38016325, 121.625969 31.379905666666662))",3553.4406756592625,False
422,31.28830178181818,121.75112256363636,2,berth,"POLYGON((121.7508294 31.287773199999997, 121.75141572727271 31.287773199999997, 121.75141572727271 31.288830363636364, 121.7508294 31.288830363636364, 121.7508294 31.287773199999997))",2891.3174715267646,False
427,19.288801116987365,110.64384766130064,4,berth,"POLYGON((110.64378634210526 19.288648184210526, 110.6439015 19.288648184210526, 110.6439015 19.28909175, 110.64378634210526 19.28909175, 110.64378634210526 19.288648184210526))",895.2764090711082,False
429,31.524647808766137,121.59827824172793,17,berth,"POLYGON((121.59732042105263 31.523840333333332, 121.59964000000001 31.523840333333332, 121.59964000000001 31.525225619047617, 121.59732042105263 31.525225619047617, 121.59732042105263 31.523840333333332))",13.527581134198059,True
430,19.730999399219648,109.19364961836301,7,berth,"POLYGON((109.19316475000001 19.73085811111111, 109.19402566666666 19.73085811111111, 109.19402566666666 19.7312205, 109.19316475000001 19.7312205, 109.19316475000001 19.73085811111111))",1240.056844000709,False
431,24.887926799487673,118.68312163535465,6,berth,"POLYGON((118.68287154054056 24.887531745454545, 118.68349119999999 24.887531745454545, 118.68349119999999 24.888175027027028, 118.68287154054056 24.888175027027028, 118.68287154054056 24.887531745454545))",1090.4568716889562,False
432,26.000116874833154,119.47550941710035,9,berth,"POLYGON((119.47509528571427 25.999318714285714, 119.47571242857143 25.999318714285714, 119.47571242857143 26.00039905882353, 119.47509528571427 26.00039905882353, 119.47509528571427 25.999318714285714))",63.027930496819536,False
433,32.00576204324024,120.67744974803074,58,berth,"POLYGON((120.67512468707484 32.0053353, 120.67857085714286 32.0053353, 120.67857085714286 32.006113600000006, 120.67512468707484 32.006113600000006, 120.67512468707484 32.0053353))",937.0320276834689,False
434,22.738857906962945,114.62727750136622,9,berth,"POLYGON((114.62717423214285 22.73830978082192, 114.62746299999999 22.73830978082192, 114.62746299999999 22.739051020408166, 114.62717423214285 22.739051020408166, 114.62717423214285 22.73830978082192))",1594.3589172305376,False
439,26.696250367998612,119.81914352362459,85,berth,"POLYGON((119.81806966666666 26.6951934, 119.81930890909092 26.6951934, 119.81930890909092 26.6963965, 119.81806966666666 26.6963965, 119.81806966666666 26.6951934))",1173.4312044106023,False
440,31.280444020833333,121.75595189583333,2,berth,"POLYGON((121.755771625 31.280148875, 121.75613216666666 31.280148875, 121.75613216666666 31.280739166666667, 121.755771625 31.280739166666667, 121.755771625 31.280148875))",2771.3066039869577,False
441,31.99200082481628,119.97971721298359,13,berth,"POLYGON((119.97831606666666 31.99046783870968, 119.98113119354838 31.99046783870968, 119.98113119354838 31.993522266666666, 119.97831606666666 31.993522266666666, 119.97831606666666 31.99046783870968))",1802.1787942121875,False
442,25.57379810569106,119.66957982520326,2,berth,"POLYGON((119.66936433333335 25.573653333333336, 119.66979531707317 25.573653333333336, 119.66979531707317 25.573942878048783, 119.66936433333335 25.573942878048783, 119.66936433333335 25.573653333333336))",3455.7337629244953,False
446,38.99034793544005,118.4550420678526,36,berth,"POLYGON((118.45474233333334 38.98998216666667, 118.45536425 38.98998216666667, 118.45536425 38.99059535714286, 118.45474233333334 38.99059535714286, 118.45474233333334 38.98998216666667))",1667.0080636404637,False
447,31.990116925062466,120.6200799338622,25,berth,"POLYGON((120.61900744444445 31.99002423076923, 120.62050502040816 31.99002423076923, 120.62050502040816 31.990191, 120.61900744444445 31.990191, 120.61900744444445 31.99002423076923))",404.14272674253414,True
450,39.927272558305916,119.64930227676918,26,berth,"POLYGON((119.64907805882353 39.92713052941176, 119.64955950000001 39.92713052941176, 119.64955950000001 39.92741797826087, 119.64907805882353 39.92741797826087, 119.64907805882353 39.92713052941176))",97.38244724903264,True
452,31.9901326674955,120.62246492567247,9,berth,"POLYGON((120.62236771794872 31.99007936781609, 120.6225513670886 31.99007936781609, 120.6225513670886 31.99016717647059, 120.62236771794872 31.99016717647059, 120.62236771794872 31.99007936781609))",437.0446107319253,True
453,31.9686081411554,120.39021959493799,27,berth,"POLYGON((120.390096 31.968474456140353, 120.39035189855072 31.968474456140353, 120.39035189855072 31.96868110447761, 120.390096 31.96868110447761, 120.390096 31.968474456140353))",487.0513719348847,False
454,38.980724174693485,118.46861500558613,115,berth,"POLYGON((118.46825 38.972775363636366, 118.4687858 38.972775363636366, 118.4687858 38.9897098, 118.46825 38.9897098, 118.46825 38.972775363636366))",193.1586411996497,False
455,30.635989701897017,121.16792892750678,2,berth,"POLYGON((121.1678906111111 30.63596311111111, 121.16796724390244 30.63596311111111, 121.16796724390244 30.636016292682925, 121.1678906111111 30.636016292682925, 121.1678906111111 30.63596311111111))",565.1750967221195,False
456,29.98191022201981,121.73977137467116,26,berth,"POLYGON((121.73869581818181 29.981835545454544, 121.74140791071429 29.981835545454544, 121.74140791071429 29.981997396551723, 121.73869581818181 29.981997396551723, 121.73869581818181 29.981835545454544))",929.7119674362094,False
458,31.968696019906563,120.39258804462325,19,berth,"POLYGON((120.39220358695653 31.968597543478264, 120.39284998214285 31.968597543478264, 120.39284998214285 31.968780199999998, 120.39220358695653 31.968780199999998, 120.39220358695653 31.968597543478264))",445.5895281387482,False
461,32.026601846403224,120.38613358069057,16,berth,"POLYGON((120.38434108860758 32.02515912658228, 120.38740509876543 32.02515912658228, 120.38740509876543 32.02750359259259, 120.38434108860758 32.02750359259259, 120.38434108860758 32.02515912658228))",1076.1813192605282,False
462,31.7235545,121.133572375,2,berth,"POLYGON((121.13336 31.72343, 121.13378474999999 31.72343, 121.13378474999999 31.723679, 121.13336 31.723679, 121.13336 31.72343))",3746.705433396542,False
463,31.70881234294872,121.15198238141026,3,berth,"POLYGON((121.151825125 31.70811675, 121.15213725 31.70811675, 121.15213725 31.709632125, 121.151825125 31.709632125, 121.151825125 31.70811675))",3144.6833367757895,False
464,31.968661790541027,120.39945210494982,10,berth,"POLYGON((120.39922661111112 31.96860038095238, 120.39974469230769 31.96860038095238, 120.39974469230769 31.968768, 120.39922661111112 31.968768, 120.39922661111112 31.96860038095238))",288.28344628230417,False
465,39.505343594488025,121.4010152672906,4,berth,"POLYGON((121.40099328301888 39.50534147169811, 121.40104625000001 39.50534147169811, 121.40104625000001 39.5053457797834, 121.40099328301888 39.5053457797834, 121.40099328301888 39.50534147169811))",2031.4440662228321,False
468,39.21493847118273,119.03193153341488,19,berth,"POLYGON((119.03139097560977 39.21474219512195, 119.03224378181818 39.21474219512195, 119.03224378181818 39.21506578571429, 119.03139097560977 39.21506578571429, 119.03139097560977 39.21474219512195))",828.0886136483313,True
469,39.21358925116446,119.02947836419,9,berth,"POLYGON((119.02931737037036 39.21355611111111, 119.02965289130434 39.21355611111111, 119.02965289130434 39.21361614285714, 119.02931737037036 39.21361614285714, 119.02931737037036 39.21355611111111))",921.4086361166507,True
470,28.159078760989104,121.10097415181043,103,berth,"POLYGON((121.09999999999998 28.156406892307693, 121.10176766666667 28.156406892307693, 121.10176766666667 28.1611646, 121.09999999999998 28.1611646, 121.09999999999998 28.156406892307693))",1917.6058428957163,False
471,39.92476662493181,119.64329223158887,11,berth,"POLYGON((119.64297922222221 39.924610333333334, 119.644140015625 39.924610333333334, 119.644140015625 39.9251539375, 119.64297922222221 39.9251539375, 119.64297922222221 39.924610333333334))",183.39431609649424,True
472,40.331668856016506,122.13294768189094,100,berth,"POLYGON((122.12957839999999 40.32993342718447, 122.13693211764706 40.32993342718447, 122.13693211764706 40.333722117647056, 122.12957839999999 40.333722117647056, 122.12957839999999 40.32993342718447))",431.788688693471,False
475,22.977044562146517,113.55967908837836,6,berth,"POLYGON((113.55922401492538 22.976579970149253, 113.56006093220338 22.976579970149253, 113.56006093220338 22.977380999999998, 113.55922401492538 22.977380999999998, 113.55922401492538 22.976579970149253))",1427.7850894329456,False
476,31.923902649471067,120.18240466044041,27,berth,"POLYGON((120.18047106153846 31.923759, 120.18342254054055 31.923759, 120.18342254054055 31.924177, 120.18047106153846 31.924177, 120.18047106153846 31.923759))",1677.839340798262,False
478,22.671248758757795,113.66095661559615,11,berth,"POLYGON((113.6605466 22.670778789473683, 113.66227980000001 22.670778789473683, 113.66227980000001 22.671420529411765, 113.6605466 22.671420529411765, 113.6605466 22.670778789473683))",3330.1098179837263,False
479,32.13922657702126,119.91404971561484,9,berth,"POLYGON((119.91385582539682 32.138321423076924, 119.91438027884615 32.138321423076924, 119.91438027884615 32.14021504210526, 119.91385582539682 32.14021504210526, 119.91385582539682 32.138321423076924))",613.4134237541546,True
480,23.0550642005815,113.50587988784798,5,berth,"POLYGON((113.50562399999998 23.054600514285713, 113.50633135238095 23.054600514285713, 113.50633135238095 23.05521909375, 113.50562399999998 23.05521909375, 113.50562399999998 23.054600514285713))",874.7346675550448,False
481,22.8606996788273,113.57514201102941,4,berth,"POLYGON((113.57450775 22.86060326923077, 113.57579129411765 22.86060326923077, 113.57579129411765 22.860820529411765, 113.57450775 22.860820529411765, 113.57450775 22.86060326923077))",3093.264629546888,False
482,22.87708684356942,113.57300543671043,9,berth,"POLYGON((113.57277508433735 22.875750759036144, 113.57318716 22.875750759036144, 113.57318716 22.877967057971016, 113.57277508433735 22.877967057971016, 113.57277508433735 22.875750759036144))",2409.544011673884,False
484,40.28096981719183,122.09475760594754,8,berth,"POLYGON((122.09427136363637 40.28072331818182, 122.09577995555556 40.28072331818182, 122.09577995555556 40.281498488888886, 122.09427136363637 40.281498488888886, 122.09427136363637 40.28072331818182))",1530.1376126340567,False
485,22.97148692816092,113.54642578187043,2,berth,"POLYGON((113.54598427586207 22.970960166666664, 113.54686728787878 22.970960166666664, 113.54686728787878 22.972013689655174, 113.54598427586207 22.972013689655174, 113.54598427586207 22.970960166666664))",1857.3268213388878,False
487,22.746811871701155,115.03537247043091,6,berth,"POLYGON((115.03491715277778 22.745880000000003, 115.03597555172414 22.745880000000003, 115.03597555172414 22.74745525, 115.03491715277778 22.74745525, 115.03491715277778 22.745880000000003))",574.3081802910787,False
489,22.671956837898023,113.65773112076297,16,berth,"POLYGON((113.65616185714285 22.67169791666667, 113.65868115584415 22.67169791666667, 113.65868115584415 22.672264428571427, 113.65616185714285 22.672264428571427, 113.65616185714285 22.67169791666667))",3083.8662064430328,False
491,21.952680184473188,113.21005638062853,9,berth,"POLYGON((113.20967875 21.952411, 113.21041452 21.952411, 113.21041452 21.95316986, 113.20967875 21.95316986, 113.20967875 21.952411))",3252.4976914451645,False
492,19.768133431876002,109.15979800468357,14,berth,"POLYGON((109.15961005555556 19.76653751724138, 109.16038595918367 19.76653751724138, 109.16038595918367 19.769371033333332, 109.15961005555556 19.769371033333332, 109.15961005555556 19.76653751724138))",595.1414175319477,False
493,32.00220571271672,120.54440516778511,6,berth,"POLYGON((120.54379108208956 32.002003333333334, 120.54469404545455 32.002003333333334, 120.54469404545455 32.00254966417911, 120.54379108208956 32.00254966417911, 120.54379108208956 32.002003333333334))",1001.9384029227156,True
494,39.58529893449435,121.28865093322588,53,berth,"POLYGON((121.2871103095238 39.58387305076142, 121.29167816666666 39.58387305076142, 121.29167816666666 39.58810257142857, 121.2871103095238 39.58810257142857, 121.2871103095238 39.58387305076142))",104.48208024064044,False
496,28.0955649929691,121.1344531127927,3,berth,"POLYGON((121.1343794854369 28.095491294117647, 121.13455585294118 28.095491294117647, 121.13455585294118 28.09561395145631, 121.1343794854369 28.09561395145631, 121.1343794854369 28.095491294117647))",185.81997343145196,False
498,39.01427089227437,121.70022826515326,6,berth,"POLYGON((121.69979917647058 39.01313439090909, 121.70056510666667 39.01313439090909, 121.70056510666667 39.01532394666667, 121.69979917647058 39.01532394666667, 121.69979917647058 39.01313439090909))",966.0891964608138,True
499,27.97765002427531,120.91736558633873,22,berth,"POLYGON((120.91543546511629 27.977344, 120.9179331627907 27.977344, 120.9179331627907 27.97837118604651, 120.91543546511629 27.97837118604651, 120.91543546511629 27.977344))",659.9924487178381,False
501,24.81789298958334,118.71811213020833,3,berth,"POLYGON((118.716934765625 24.817770625, 118.71928 24.817770625, 118.71928 24.817958125, 118.716934765625 24.817958125, 118.716934765625 24.817770625))",1772.9068768083778,False
502,21.623042472261663,108.37492042682723,8,berth,"POLYGON((108.37446620754717 21.622438849056604, 108.3753817173913 21.622438849056604, 108.3753817173913 21.623826555555556, 108.37446620754717 21.623826555555556, 108.37446620754717 21.622438849056604))",3747.5029495430886,False
504,23.05918208783784,113.50134906587839,2,berth,"POLYGON((113.500844375 23.058797675675677, 113.50185375675677 23.058797675675677, 113.50185375675677 23.0595665, 113.500844375 23.0595665, 113.500844375 23.058797675675677))",401.03334985358185,False
505,25.21701075919552,118.98331564444011,10,berth,"POLYGON((118.98281830232558 25.21629304477612, 118.98401519402985 25.21629304477612, 118.98401519402985 25.21748151162791, 118.98281830232558 25.21748151162791, 118.98281830232558 25.21629304477612))",732.9902604678812,False
506,24.532144385746882,118.22627596282352,5,berth,"POLYGON((118.22548659090909 24.53168825, 118.22735440000001 24.53168825, 118.22735440000001 24.532443911764705, 118.22548659090909 24.532443911764705, 118.22548659090909 24.53168825))",1221.589417897132,False
507,25.10375015891352,119.0667037356564,11,berth,"POLYGON((119.06556402702702 25.102966344262295, 119.06812683606557 25.102966344262295, 119.06812683606557 25.104539351351352, 119.06556402702702 25.104539351351352, 119.06556402702702 25.102966344262295))",2217.593256773111,False
508,25.21782198425047,119.02980246261859,2,berth,"POLYGON((119.02977241935483 25.217755709677416, 119.02983250588235 25.217755709677416, 119.02983250588235 25.21788825882353, 119.02977241935483 25.21788825882353, 119.02977241935483 25.217755709677416))",1143.410553134397,False
510,24.634619210672756,118.68031167753323,7,berth,"POLYGON((118.68021 24.63395, 118.68037493023256 24.63395, 118.68037493023256 24.635179837209304, 118.68021 24.635179837209304, 118.68021 24.63395))",3276.9293101354147,False
513,26.00687232356857,119.48797922887282,5,berth,"POLYGON((119.48774697368421 26.00626202631579, 119.48815785714285 26.00626202631579, 119.48815785714285 26.007309142857142, 119.48774697368421 26.007309142857142, 119.48774697368421 26.00626202631579))",910.8489948181945,False
514,32.00892867459323,120.35939150923905,28,berth,"POLYGON((120.35831421739131 32.008139434782606, 120.36217477777778 32.008139434782606, 120.36217477777778 32.010818523809526, 120.35831421739131 32.010818523809526, 120.35831421739131 32.008139434782606))",1341.5617079560056,False
516,36.796899259383814,121.49643533450735,34,berth,"POLYGON((121.49434094871795 36.796205666666665, 121.49806994117647 36.796205666666665, 121.49806994117647 36.797390791666665, 121.49434094871795 36.797390791666665, 121.49434094871795 36.796205666666665))",1371.8936620690108,False
517,26.68450887877123,119.81961660552783,13,berth,"POLYGON((119.81799325 26.6839182, 119.82143375 26.6839182, 119.82143375 26.68509825, 119.81799325 26.68509825, 119.81799325 26.6839182))",2154.4406986515673,False
518,32.01262468074803,119.98657082235255,5,berth,"POLYGON((119.98606507843138 32.01179265384615, 119.987162 32.01179265384615, 119.987162 32.01320505882353, 119.98606507843138 32.01320505882353, 119.98606507843138 32.01179265384615))",741.5657626569781,False
519,31.952277022246268,120.10866705363156,6,berth,"POLYGON((120.10771325 31.951675555555557, 120.11006352380953 31.951675555555557, 120.11006352380953 31.953259000000003, 120.10771325 31.953259000000003, 120.10771325 31.951675555555557))",320.911693599005,True
520,32.055993227418206,120.55038956939646,4,berth,"POLYGON((120.55010137837837 32.05588305405406, 120.55055702702703 32.05588305405406, 120.55055702702703 32.05616651351351, 120.55010137837837 32.05616651351351, 120.55010137837837 32.05588305405406))",2954.5092315930874,False
521,22.77400105925926,113.62696675925925,3,berth,"POLYGON((113.62659450000001 22.7737664, 113.62721177777777 22.7737664, 113.62721177777777 22.77416377777778, 113.62659450000001 22.77416377777778, 113.62659450000001 22.7737664))",2688.4155682590686,False
523,21.94343432150577,113.23039959252664,4,berth,"POLYGON((113.23036183333333 21.943371265895955, 113.23048020338982 21.943371265895955, 113.23048020338982 21.94348245762712, 113.23036183333333 21.94348245762712, 113.23036183333333 21.943371265895955))",1000.9988487268547,False
524,32.0050781741772,120.53763909348702,10,berth,"POLYGON((120.53746773076924 32.005033884615386, 120.53776792000001 32.005033884615386, 120.53776792000001 32.00519752, 120.53746773076924 32.00519752, 120.53746773076924 32.005033884615386))",911.5327584660082,True
525,22.23125052258443,113.08499281999455,3,berth,"POLYGON((113.08497203448275 22.23121470491803, 113.08500780327869 22.23121470491803, 113.08500780327869 22.231277551724137, 113.08497203448275 22.231277551724137, 113.08497203448275 22.23121470491803))",2552.7867430740253,True
528,31.35044338888889,121.70980349206349,2,berth,"POLYGON((121.70967555555555 31.349780000000003, 121.70993142857142 31.349780000000003, 121.70993142857142 31.35110677777778, 121.70967555555555 31.35110677777778, 121.70967555555555 31.349780000000003))",1455.789008945653,False
529,31.363140035714288,121.66249116666665,2,berth,"POLYGON((121.66200333333332 31.363008571428573, 121.66297899999999 31.363008571428573, 121.66297899999999 31.3632715, 121.66200333333332 31.3632715, 121.66200333333332 31.363008571428573))",3076.0977728858693,False
531,30.087248324999997,121.9540827,2,berth,"POLYGON((121.953742 30.0866634, 121.9544234 30.0866634, 121.9544234 30.08783325, 121.953742 30.08783325, 121.953742 30.0866634))",2863.5298181877497,False
532,40.25050560515873,122.09475244708995,3,berth,"POLYGON((122.094718 40.25002441666666, 122.09477038888889 40.25002441666666, 122.09477038888889 40.251128875, 122.094718 40.251128875, 122.094718 40.25002441666666))",878.3277761999069,False
533,29.89441591351403,122.0820635566347,72,berth,"POLYGON((122.07906178378377 29.89362737878788, 122.0835509090909 29.89362737878788, 122.0835509090909 29.895099800000004, 122.07906178378377 29.895099800000004, 122.07906178378377 29.89362737878788))",283.2910739141476,True
534,31.92662259280305,120.1552244462473,31,berth,"POLYGON((120.1527838095238 31.92618430769231, 120.15831745238096 31.92618430769231, 120.15831745238096 31.926899900000002, 120.1527838095238 31.926899900000002, 120.1527838095238 31.92618430769231))",1689.4413023413795,False
536,30.417814821214563,122.45141767839928,210,berth,"POLYGON((122.44869911428572 30.41549223076923, 122.4537695882353 30.41549223076923, 122.4537695882353 30.420398484848484, 122.44869911428572 30.420398484848484, 122.44869911428572 30.41549223076923))",3173.322845681137,False
539,39.929091433792905,119.6657843201203,14,berth,"POLYGON((119.66557038888888 39.928643666666666, 119.66594760000001 39.928643666666666, 119.66594760000001 39.929814, 119.66557038888888 39.929814, 119.66557038888888 39.928643666666666))",554.2892951574987,False
541,39.92944939084544,119.67298508998887,12,berth,"POLYGON((119.67240757142858 39.92886035714286, 119.67352546666666 39.92886035714286, 119.67352546666666 39.930050900000005, 119.67240757142858 39.930050900000005, 119.67240757142858 39.92886035714286))",552.045889276911,False
542,39.930599558470476,119.66809013535631,14,berth,"POLYGON((119.6676935 39.93039975, 119.66847980000001 39.93039975, 119.66847980000001 39.93080244594595, 119.6676935 39.93080244594595, 119.6676935 39.93039975))",351.6667387533199,False
544,32.19242551353175,119.63537908814398,47,berth,"POLYGON((119.63366172222221 32.191859244444444, 119.6375369090909 32.191859244444444, 119.6375369090909 32.193122, 119.63366172222221 32.193122, 119.63366172222221 32.191859244444444))",59.2638318909791,False
546,31.92781571119143,120.14725655828029,6,berth,"POLYGON((120.14702593333332 31.9276987, 120.14800748076922 31.9276987, 120.14800748076922 31.927861333333336, 120.14702593333332 31.927861333333336, 120.14702593333332 31.9276987))",1685.8692391042864,False
548,32.187206866580595,119.9054779884387,21,berth,"POLYGON((119.90531844827586 32.18700782716049, 119.90560047115385 32.18700782716049, 119.90560047115385 32.187388816326525, 119.90531844827586 32.187388816326525, 119.90531844827586 32.18700782716049))",1435.2298098805393,False
549,32.32225371330599,119.80919553017628,19,berth,"POLYGON((119.80897325000001 32.3219618, 119.80933610256409 32.3219618, 119.80933610256409 32.32246965714286, 119.80897325000001 32.32246965714286, 119.80897325000001 32.3219618))",773.7686799233829,True
550,32.185242496305975,119.58357722987519,33,berth,"POLYGON((119.58351215254237 32.185171272727274, 119.5836650909091 32.185171272727274, 119.5836650909091 32.18533681818182, 119.58351215254237 32.18533681818182, 119.58351215254237 32.185171272727274))",2935.938081674425,True
551,32.01347533223132,120.80663300502309,20,berth,"POLYGON((120.80656954666668 32.01338822580645, 120.80666773333334 32.01338822580645, 120.80666773333334 32.01351597260274, 120.80656954666668 32.01351597260274, 120.80656954666668 32.01338822580645))",1171.6570779897122,False
552,32.1939341461399,119.64036830202082,11,berth,"POLYGON((119.64011876470589 32.193767529411765, 119.64061823809524 32.193767529411765, 119.64061823809524 32.19405945454545, 119.64011876470589 32.19405945454545, 119.64011876470589 32.193767529411765))",41.76105339624701,False
553,21.302065580187946,110.41704301607518,3,berth,"POLYGON((110.41696456 21.3010767761194, 110.41711157777779 21.3010767761194, 110.41711157777779 21.30269432, 110.41696456 21.30269432, 110.41696456 21.3010767761194))",1850.5773360125415,False
554,29.930936403310668,121.88145147022004,104,berth,"POLYGON((121.87946654545455 29.930117785714284, 121.8837421875 29.930117785714284, 121.8837421875 29.93164541666667, 121.87946654545455 29.93164541666667, 121.87946654545455 29.930117785714284))",179.0130461359658,False
555,32.20625123735422,119.66678027031273,8,berth,"POLYGON((119.66594292682926 32.205231121951215, 119.66709783168317 32.205231121951215, 119.66709783168317 32.20670146315789, 119.66594292682926 32.20670146315789, 119.66594292682926 32.205231121951215))",750.2891892030093,True
556,32.18955301630617,119.90516664289554,7,berth,"POLYGON((119.90504898850574 32.189477034482756, 119.90521895833334 32.189477034482756, 119.90521895833334 32.18958830555555, 119.90504898850574 32.18958830555555, 119.90504898850574 32.189477034482756))",1249.7940572474668,False
557,32.2003329941752,119.63242550602301,5,berth,"POLYGON((119.63189447540984 32.20017368, 119.63365220754716 32.20017368, 119.63365220754716 32.20074298113208, 119.63189447540984 32.20074298113208, 119.63189447540984 32.20017368))",1124.8874479150697,False
558,38.96512013277599,117.80209751666447,20,berth,"POLYGON((117.80183771428571 38.965023240875915, 117.80222186956522 38.965023240875915, 117.80222186956522 38.9651473877551, 117.80183771428571 38.9651473877551, 117.80183771428571 38.965023240875915))",3759.11663847576,False
562,39.83927955468091,124.16175920417986,3,berth,"POLYGON((124.161720984375 39.839151640625, 124.16179425316456 39.839151640625, 124.16179425316456 39.83936415, 124.161720984375 39.83936415, 124.161720984375 39.839151640625))",2476.118143027304,False
563,40.74602769875832,120.97334807831128,42,berth,"POLYGON((120.97027586486486 40.744620600000005, 120.97500311764706 40.744620600000005, 120.97500311764706 40.746613625, 120.97027586486486 40.746613625, 120.97027586486486 40.744620600000005))",1010.6880585009926,False
565,31.813701278549328,120.94599249319266,17,berth,"POLYGON((120.94525655555555 31.8129256, 120.94676248717948 31.8129256, 120.94676248717948 31.81452388888889, 120.94525655555555 31.81452388888889, 120.94525655555555 31.8129256))",1587.0695027318611,False
568,26.79679515940707,119.70906118420163,12,berth,"POLYGON((119.70888709090909 26.796199785714286, 119.7094615 26.796199785714286, 119.7094615 26.7970218, 119.70888709090909 26.7970218, 119.70888709090909 26.796199785714286))",985.7619564199272,False
569,31.354039754675817,121.61641331708151,25,berth,"POLYGON((121.61591442857143 31.35393225, 121.61660344444444 31.35393225, 121.61660344444444 31.354334714285717, 121.61591442857143 31.354334714285717, 121.61591442857143 31.35393225))",1549.5650150523743,False
571,25.618792565656566,119.70061063855219,3,berth,"POLYGON((119.70050029545455 25.6186555, 119.70069302020201 25.6186555, 119.70069302020201 25.61900004545455, 119.70050029545455 25.61900004545455, 119.70050029545455 25.6186555))",289.4074685137595,False
572,25.617642986538463,119.70328513173077,2,berth,"POLYGON((119.70312659999999 25.61731517307692, 119.70344366346154 25.61731517307692, 119.70344366346154 25.617970800000002, 119.70312659999999 25.617970800000002, 119.70312659999999 25.61731517307692))",34.064251830972196,True
573,25.57628040614478,119.67260093644781,3,berth,"POLYGON((119.67223343055555 25.576162454545454, 119.67323633333335 25.576162454545454, 119.67323633333335 25.576420833333334, 119.67223343055555 25.576420833333334, 119.67223343055555 25.576162454545454))",3015.2083286736724,False
574,22.926164454231092,116.23986393636474,10,berth,"POLYGON((116.23867700000001 22.925285810810813, 116.2406855283019 22.925285810810813, 116.2406855283019 22.92673675, 116.23867700000001 22.92673675, 116.23867700000001 22.925285810810813))",240.9898815784993,False
575,24.628371062888284,118.43317344879726,20,berth,"POLYGON((118.43291817307691 24.627568166666666, 118.43353547619047 24.627568166666666, 118.43353547619047 24.62867988888889, 118.43291817307691 24.62867988888889, 118.43291817307691 24.627568166666666))",274.2398610773782,False
576,31.759353966607037,121.00201701624925,2,berth,"POLYGON((121.0013558076923 31.759162317829457, 121.0026782248062 31.759162317829457, 121.0026782248062 31.759545615384617, 121.0013558076923 31.759545615384617, 121.0013558076923 31.759162317829457))",1686.1910778852525,False
578,30.8419591408578,121.79675528568212,28,berth,"POLYGON((121.7952266 30.841596000000003, 121.79843813333333 30.841596000000003, 121.79843813333333 30.842156315789477, 121.7952266 30.842156315789477, 121.7952266 30.841596000000003))",1293.039579921687,False
579,39.017695043041606,121.69977983663276,26,berth,"POLYGON((121.69866574285713 39.0173414, 121.70074893589744 39.0173414, 121.70074893589744 39.018001742857145, 121.69866574285713 39.018001742857145, 121.69866574285713 39.0173414))",1449.7475422965251,True
581,25.344917204244517,119.64070689982334,28,berth,"POLYGON((119.64006193333333 25.344647125, 119.6412333 25.344647125, 119.6412333 25.345125125, 119.64006193333333 25.345125125, 119.64006193333333 25.344647125))",1193.9054559821802,False
582,31.34050216442577,121.70927685986757,5,berth,"POLYGON((121.70855576470588 31.339697714285712, 121.71043999999999 31.339697714285712, 121.71043999999999 31.341635999999998, 121.70855576470588 31.341635999999998, 121.70855576470588 31.339697714285712))",2461.191479998957,False
583,34.73582751308671,119.47944906331259,31,berth,"POLYGON((119.47776237209301 34.73530551612904, 119.48100854838711 34.73530551612904, 119.48100854838711 34.736284125, 119.47776237209301 34.736284125, 119.47776237209301 34.73530551612904))",1815.6534270016873,False
584,40.25342324883043,122.09451455543405,8,berth,"POLYGON((122.0943 40.25324, 122.0946359868421 40.25324, 122.0946359868421 40.2535498, 122.0943 40.2535498, 122.0943 40.25324))",1026.1374291308641,False
586,29.11368649657799,121.60738913711383,43,berth,"POLYGON((121.60635815384616 29.113333, 121.60780093333332 29.113333, 121.60780093333332 29.114062846153846, 121.60635815384616 29.114062846153846, 121.60635815384616 29.113333))",18.88036801407093,False
587,32.13039582524909,121.50034024210564,45,berth,"POLYGON((121.50000625925925 32.12844111111111, 121.50057148611111 32.12844111111111, 121.50057148611111 32.13099394871795, 121.50000625925925 32.13099394871795, 121.50000625925925 32.12844111111111))",2667.33278564853,False
588,32.134867149144604,121.50109746843839,24,berth,"POLYGON((121.50103299999999 32.1344225, 121.50125325 32.1344225, 121.50125325 32.13500033333333, 121.50103299999999 32.13500033333333, 121.50103299999999 32.1344225))",3259.106312814949,False
589,31.970081975398905,120.00580994510476,5,berth,"POLYGON((120.00474323469388 31.96985208219178, 120.0065550410959 31.96985208219178, 120.0065550410959 31.970425275510205, 120.00474323469388 31.970425275510205, 120.00474323469388 31.96985208219178))",1992.498285888022,False
590,32.18541201200681,119.58027625323876,25,berth,"POLYGON((119.58019262580645 32.18534830769231, 119.58042625 32.18534830769231, 119.58042625 32.18552055913978, 119.58019262580645 32.18552055913978, 119.58019262580645 32.18534830769231))",3244.2529703875357,True
591,29.948688355628587,121.8286899622265,51,berth,"POLYGON((121.8253503493976 29.947929212499997, 121.8304516375 29.947929212499997, 121.8304516375 29.950057626506027, 121.8253503493976 29.950057626506027, 121.8253503493976 29.947929212499997))",153.9635618020998,False
592,29.49652760274114,121.51248549056366,22,berth,"POLYGON((121.51235930263158 29.49647122222222, 121.51256730337077 29.49647122222222, 121.51256730337077 29.496587419047618, 121.51235930263158 29.496587419047618, 121.51235930263158 29.49647122222222))",1830.406075740154,False
593,37.65025354934371,120.30283010065261,20,berth,"POLYGON((120.30250729411765 37.648749048387096, 120.30306444444444 37.648749048387096, 120.30306444444444 37.65290035714286, 120.30250729411765 37.65290035714286, 120.30250729411765 37.648749048387096))",1132.4247269299633,False
594,39.013656935872085,121.75067688114473,3,berth,"POLYGON((121.75032191891891 39.0134952972973, 121.75099110256409 39.0134952972973, 121.75099110256409 39.013811961538465, 121.75032191891891 39.013811961538465, 121.75032191891891 39.0134952972973))",1484.2830666748953,False
595,29.997569505855115,122.04369767280728,9,berth,"POLYGON((122.04292135227273 29.997448714285717, 122.04391157142858 29.997448714285717, 122.04391157142858 29.997815551136362, 122.04292135227273 29.997815551136362, 122.04292135227273 29.997448714285717))",926.8904922778299,False
596,29.970662507664613,121.87376381657714,11,berth,"POLYGON((121.87333199999999 29.970297384615385, 121.87431125 29.970297384615385, 121.87431125 29.9710125, 121.87333199999999 29.9710125, 121.87333199999999 29.970297384615385))",814.0224073768567,False
597,30.375851404054988,120.91232874391295,12,berth,"POLYGON((120.9119702 30.3753, 120.912473 30.3753, 120.912473 30.37602894736842, 120.9119702 30.37602894736842, 120.9119702 30.3753))",188.09230668444937,True
598,30.41301120608974,122.4130487173077,5,berth,"POLYGON((122.41185561538462 30.412786, 122.41338584615384 30.412786, 122.41338584615384 30.413385384615385, 122.41185561538462 30.413385384615385, 122.41185561538462 30.412786))",489.6129007400484,False
599,30.46183335098407,120.9401443831867,8,berth,"POLYGON((120.9400789047619 30.460699097826087, 120.94031600000001 30.460699097826087, 120.94031600000001 30.462093083333333, 120.9400789047619 30.462093083333333, 120.9400789047619 30.460699097826087))",1115.0731154757696,False
600,30.230015976702507,122.21771406426012,3,berth,"POLYGON((122.21759464516128 30.22994509677419, 122.21778183333333 30.22994509677419, 122.21778183333333 30.2301455, 122.21759464516128 30.2301455, 122.21759464516128 30.22994509677419))",2145.48207210958,False
601,30.239593428571432,122.11090374285713,2,berth,"POLYGON((122.1106732 30.239330000000002, 122.11113428571427 30.239330000000002, 122.11113428571427 30.239856857142858, 122.1106732 30.239856857142858, 122.1106732 30.239330000000002))",3082.8004163489004,False
602,29.038343697007775,121.62592414404784,8,berth,"POLYGON((121.62479931372549 29.038188170731708, 121.62692064516129 29.038188170731708, 121.62692064516129 29.03853506451613, 121.62479931372549 29.03853506451613, 121.62479931372549 29.038188170731708))",624.631911255171,True
603,29.890141298403254,121.97006391756037,23,berth,"POLYGON((121.96965833333333 29.890064928571427, 121.97086796153847 29.890064928571427, 121.97086796153847 29.890302666666667, 121.96965833333333 29.890302666666667, 121.96965833333333 29.890064928571427))",119.48424892556176,False
604,22.871422153740877,113.57225147262774,2,berth,"POLYGON((113.57221150000001 22.871055125, 113.57229144525547 22.871055125, 113.57229144525547 22.871789182481752, 113.57221150000001 22.871789182481752, 113.57221150000001 22.871055125))",2713.046124650106,False
605,25.420338138276147,119.27694712026144,4,berth,"POLYGON((119.27609555555556 25.4202, 119.27728116666668 25.4202, 119.27728116666668 25.420730944444443, 119.27609555555556 25.420730944444443, 119.27609555555556 25.4202))",2191.2349165490773,False
607,22.934814669206354,116.31539695230158,4,berth,"POLYGON((116.31523606 22.934496000000003, 116.31578139999999 22.934496000000003, 116.31578139999999 22.93511578, 116.31523606 22.93511578, 116.31523606 22.934496000000003))",2722.841663561117,False
609,22.928926025000003,116.3135603,2,berth,"POLYGON((116.31312 22.9286403, 116.31400060000001 22.9286403, 116.31400060000001 22.92921175, 116.31312 22.92921175, 116.31312 22.9286403))",3463.220565990864,False
610,22.936545533333334,116.313234825,5,berth,"POLYGON((116.3132 22.936400666666668, 116.313271 22.936400666666668, 116.313271 22.936682, 116.3132 22.936682, 116.3132 22.936400666666668))",2594.554987870082,False
611,22.94229475506329,116.30899217278481,2,berth,"POLYGON((116.30895764556962 22.94223681012658, 116.3090267 22.94223681012658, 116.3090267 22.9423527, 116.30895764556962 22.9423527, 116.30895764556962 22.94223681012658))",2071.2417974770924,False
612,23.225532225274726,116.77727644505495,2,berth,"POLYGON((116.77724942857142 23.225355307692308, 116.77730346153847 23.225355307692308, 116.77730346153847 23.225709142857145, 116.77724942857142 23.225709142857145, 116.77724942857142 23.225355307692308))",811.3784318359428,True
613,25.151013181988343,119.26496761674062,22,berth,"POLYGON((119.26429766666666 25.150179666666663, 119.26581549999999 25.150179666666663, 119.26581549999999 25.151725333333335, 119.26429766666666 25.151725333333335, 119.26429766666666 25.150179666666663))",3181.196586738836,False
615,23.39737620952381,117.01856917142857,5,berth,"POLYGON((117.01820891666667 23.396913714285713, 117.01902325 23.396913714285713, 117.01902325 23.397909, 117.01820891666667 23.397909, 117.01820891666667 23.396913714285713))",2148.5466651884212,False
618,31.79670274825175,121.01556882012432,3,berth,"POLYGON((121.0155135 31.79669, 121.01560107575757 31.79669, 121.01560107575757 31.796711653846156, 121.0155135 31.796711653846156, 121.0155135 31.79669))",3094.130127364187,False
619,31.682593868253974,121.83614082539682,2,berth,"POLYGON((121.83613922222223 31.68258451428572, 121.83614242857142 31.68258451428572, 121.83614242857142 31.682603222222227, 121.83613922222223 31.682603222222227, 121.83613922222223 31.68258451428572))",1080.9985681261594,False
620,31.713642306528907,121.72812837073494,10,berth,"POLYGON((121.72651711111111 31.713449625, 121.72896 31.713449625, 121.72896 31.713952111111112, 121.72651711111111 31.713952111111112, 121.72651711111111 31.713449625))",259.8155008144838,False
623,30.685073479442973,122.40276386588985,4,berth,"POLYGON((122.40198566666666 30.6842, 122.40360757142857 30.6842, 122.40360757142857 30.685532379310345, 122.40198566666666 30.685532379310345, 122.40198566666666 30.6842))",3627.9566663123815,False
624,31.69069202030023,121.79764107838828,6,berth,"POLYGON((121.79751730000001 31.690191571428574, 121.79774366666668 31.690191571428574, 121.79774366666668 31.691542555555557, 121.79751730000001 31.691542555555557, 121.79751730000001 31.690191571428574))",766.1968071503097,False
625,31.670693235714282,121.80185682857143,2,berth,"POLYGON((121.8013748 31.670681899999998, 121.80233885714286 31.670681899999998, 121.80233885714286 31.67070457142857, 121.8013748 31.67070457142857, 121.8013748 31.670681899999998))",3073.186631542654,False
626,30.69159044722222,122.41040757500001,3,berth,"POLYGON((122.40988 30.691345875, 122.411308125 30.691345875, 122.411308125 30.691924666666665, 122.40988 30.691924666666665, 122.40988 30.691345875))",2449.490465232624,False
627,30.69016333887987,122.40397465361201,4,berth,"POLYGON((122.4030208125 30.689842875, 122.40436757142857 30.689842875, 122.40436757142857 30.690403285714286, 122.4030208125 30.690403285714286, 122.4030208125 30.689842875))",3145.0006800484157,False
628,31.672599781105987,121.8290547281106,2,berth,"POLYGON((121.82838574193549 31.672462419354837, 121.8297237142857 31.672462419354837, 121.8297237142857 31.67273714285714, 121.82838574193549 31.67273714285714, 121.82838574193549 31.672462419354837))",2392.818421831412,False
629,31.689611784946237,121.80457846639786,2,berth,"POLYGON((121.80391476612903 31.68934640322581, 121.80524216666667 31.68934640322581, 121.80524216666667 31.689877166666665, 121.80391476612903 31.689877166666665, 121.80391476612903 31.68934640322581))",640.2232711357926,False
630,31.687379067468555,121.82549790434896,17,berth,"POLYGON((121.82518233333333 31.686955666666666, 121.82567624528302 31.686955666666666, 121.82567624528302 31.68753914814815, 121.82518233333333 31.68753914814815, 121.82518233333333 31.686955666666666))",461.834415930193,False
631,23.50992653333334,117.10318459444444,3,berth,"POLYGON((117.10312033333332 23.5098975, 117.10322670000001 23.5098975, 117.10322670000001 23.509959, 117.10312033333332 23.509959, 117.10312033333332 23.5098975))",3414.849224707364,False
634,30.24662928282828,122.28510700050505,6,berth,"POLYGON((122.285079 30.2466064, 122.28513566666668 30.2466064, 122.28513566666668 30.246664999999997, 122.285079 30.246664999999997, 122.285079 30.2466064))",64.6173650376279,False
635,25.416314789329466,119.68862030931656,3,berth,"POLYGON((119.68822675 25.41606518181818, 119.68895672340425 25.41606518181818, 119.68895672340425 25.416726936170214, 119.68822675 25.416726936170214, 119.68822675 25.41606518181818))",1904.2542300388654,False
638,31.7993195839599,121.01832255388472,2,berth,"POLYGON((121.01832047619048 31.799291263157897, 121.01832463157895 31.799291263157897, 121.01832463157895 31.799347904761902, 121.01832047619048 31.799347904761902, 121.01832047619048 31.799291263157897))",2736.717982095561,False
639,31.715418788158885,121.21570960336896,6,berth,"POLYGON((121.21554674074075 31.71513785185185, 121.21604106666668 31.71513785185185, 121.21604106666668 31.715578479999998, 121.21554674074075 31.715578479999998, 121.21554674074075 31.71513785185185))",2978.582804652286,False
640,31.756657787272726,121.16719093454546,2,berth,"POLYGON((121.16711996 31.756625454545453, 121.16726190909093 31.756625454545453, 121.16726190909093 31.75669012, 121.16711996 31.75669012, 121.16711996 31.756625454545453))",3140.2767939139167,False
641,31.714617375000003,121.72146832499999,2,berth,"POLYGON((121.7214134 31.7145945, 121.72152324999999 31.7145945, 121.72152324999999 31.714640250000002, 121.7214134 31.714640250000002, 121.7214134 31.7145945))",299.7284954573942,False
642,35.605364241402114,119.79514281415345,2,berth,"POLYGON((119.79498603571429 35.60529796428572, 119.7952995925926 35.60529796428572, 119.7952995925926 35.60543051851852, 119.79498603571429 35.60543051851852, 119.79498603571429 35.60529796428572))",1446.0025062503407,False
643,38.98023395923913,121.73715472961956,2,berth,"POLYGON((121.7371199375 38.980075875, 121.73718952173913 38.980075875, 121.73718952173913 38.98039204347826, 121.7371199375 38.98039204347826, 121.7371199375 38.980075875))",3055.772412558286,False
644,38.99878744438631,121.65467182786135,5,berth,"POLYGON((121.6543665 38.99839216666667, 121.65506350000001 38.99839216666667, 121.65506350000001 38.999455, 121.6543665 38.999455, 121.6543665 38.99839216666667))",417.09170111793827,False
646,22.670429635681817,113.66394696579545,4,berth,"POLYGON((113.663631625 22.670319272727273, 113.66483181818181 22.670319272727273, 113.66483181818181 22.67047175, 113.663631625 22.67047175, 113.663631625 22.670319272727273))",3568.0262624082475,False
648,22.57335398153409,113.6167803252841,2,berth,"POLYGON((113.61670246875 22.573102181818182, 113.61685818181819 22.573102181818182, 113.61685818181819 22.57360578125, 113.61670246875 22.57360578125, 113.61670246875 22.573102181818182))",1971.6216920371241,False
651,34.749820875,119.3986094875,2,berth,"POLYGON((119.39859237499999 34.749757, 119.3986266 34.749757, 119.3986266 34.74988475, 119.39859237499999 34.74988475, 119.39859237499999 34.749757))",237.86249763009255,True
652,35.37523087391304,119.53534039130435,2,berth,"POLYGON((119.53504078260869 35.37482034782609, 119.53564000000001 35.37482034782609, 119.53564000000001 35.3756414, 119.53504078260869 35.3756414, 119.53504078260869 35.37482034782609))",926.513645166778,True
653,23.504180975,117.11028605833333,2,berth,"POLYGON((117.11018616666667 23.5040403, 117.11038595 23.5040403, 117.11038595 23.50432165, 117.11018616666667 23.50432165, 117.11018616666667 23.5040403))",2651.9321603138524,False
654,25.42165336298077,119.27369813461539,2,berth,"POLYGON((119.27358876923077 25.4215751875, 119.2738075 25.4215751875, 119.2738075 25.421731538461536, 119.27358876923077 25.421731538461536, 119.27358876923077 25.4215751875))",2473.7305577913507,False
655,39.50590845027132,121.32149429317829,2,berth,"POLYGON((121.3214664263566 39.50586817054264, 121.32152216 39.50586817054264, 121.32152216 39.50594873, 121.3214664263566 39.50594873, 121.3214664263566 39.50586817054264))",122.89557450250362,False
656,23.76799434824924,117.5802614042359,13,berth,"POLYGON((117.58016657142856 23.765477027777777, 117.5803227 23.765477027777777, 117.5803227 23.77024512857143, 117.58016657142856 23.77024512857143, 117.58016657142856 23.765477027777777))",902.07386813347,False
657,30.390750550000003,122.38841425833334,3,berth,"POLYGON((122.38817039999999 30.390258250000002, 122.388685875 30.390258250000002, 122.388685875 30.391506, 122.38817039999999 30.391506, 122.38817039999999 30.390258250000002))",3995.115219206262,False
658,21.436042050572226,111.28992079607912,13,berth,"POLYGON((111.2888155 21.434926, 111.2904066451613 21.434926, 111.2904066451613 21.436648204301076, 111.2888155 21.436648204301076, 111.2888155 21.434926))",1447.6708892807621,False
661,30.580725866043995,121.06912779762868,58,berth,"POLYGON((121.06744821052632 30.58017925, 121.07125086792453 30.58017925, 121.07125086792453 30.581471299999997, 121.06744821052632 30.581471299999997, 121.06744821052632 30.58017925))",579.4196816065621,False
663,31.956778669057087,120.32931876643973,30,berth,"POLYGON((120.32777927692307 31.956120923076924, 120.33081672 31.956120923076924, 120.33081672 31.957311599999997, 120.32777927692307 31.957311599999997, 120.32777927692307 31.956120923076924))",646.3635412595984,False
664,30.026893361376217,121.99042028812586,54,berth,"POLYGON((121.98849731578947 30.025620054545453, 121.99171244680852 30.025620054545453, 121.99171244680852 30.02864898245614, 121.98849731578947 30.02864898245614, 121.98849731578947 30.025620054545453))",1364.1523913290766,False
666,39.20538046418691,119.01769657019231,10,berth,"POLYGON((119.01721157142858 39.205113157894736, 119.01831980769231 39.205113157894736, 119.01831980769231 39.20582140384615, 119.01721157142858 39.20582140384615, 119.01721157142858 39.205113157894736))",1215.1764119015788,True
668,31.89389016949833,120.92035559881872,25,berth,"POLYGON((120.92022839473684 31.893719571428573, 120.92046418604652 31.893719571428573, 120.92046418604652 31.8941643, 120.92022839473684 31.8941643, 120.92022839473684 31.893719571428573))",544.4855898003538,False
669,32.22605627108037,119.89515290447957,3,berth,"POLYGON((119.89507460869564 32.22557695454545, 119.89530040909091 32.22557695454545, 119.89530040909091 32.22630848913043, 119.89507460869564 32.22630848913043, 119.89507460869564 32.22557695454545))",1170.7968510059284,True
670,32.228884260891164,119.89402307512314,19,berth,"POLYGON((119.89355957575758 32.227709955555554, 119.89448480555555 32.227709955555554, 119.89448480555555 32.22986469117647, 119.89355957575758 32.22986469117647, 119.89355957575758 32.227709955555554))",1127.4898704552545,True
671,31.363452167376106,121.60296448107162,3,berth,"POLYGON((121.602451765625 31.363078357142854, 121.60386886363635 31.363078357142854, 121.60386886363635 31.363742703125002, 121.602451765625 31.363742703125002, 121.602451765625 31.363078357142854))",2106.8575907954937,False
672,29.981160591029724,122.04993302885886,26,berth,"POLYGON((122.049258375 29.980579417475727, 122.0511735 29.980579417475727, 122.0511735 29.98215436242884, 122.049258375 29.98215436242884, 122.049258375 29.980579417475727))",3137.179531073827,False
673,29.97471496389376,121.7756441152647,8,berth,"POLYGON((121.77510293548387 29.9745006, 121.7762185 29.9745006, 121.7762185 29.974952787234045, 121.77510293548387 29.974952787234045, 121.77510293548387 29.9745006))",521.8657895784862,False
674,30.03844657942829,121.98502158952502,7,berth,"POLYGON((121.98464073214286 30.038274785714286, 121.98518637037036 30.038274785714286, 121.98518637037036 30.03852225714286, 121.98464073214286 30.03852225714286, 121.98464073214286 30.038274785714286))",542.9901512642369,False
675,32.070237302925825,119.93557180458157,3,berth,"POLYGON((119.93542847826086 32.07003239130435, 119.93580593548388 32.07003239130435, 119.93580593548388 32.070452125, 119.93542847826086 32.070452125, 119.93542847826086 32.07003239130435))",1405.417062633156,False
676,40.07553001933387,120.12123521652305,42,berth,"POLYGON((120.1172546 40.07430877777778, 120.12451074999998 40.07430877777778, 120.12451074999998 40.076477625, 120.1172546 40.076477625, 120.1172546 40.07430877777778))",3477.666989350577,False
677,24.403197721419396,117.9835163425143,16,berth,"POLYGON((117.98291032183909 24.403029632183905, 117.98446031578946 24.403029632183905, 117.98446031578946 24.403551421052633, 117.98291032183909 24.403551421052633, 117.98291032183909 24.403029632183905))",1107.230821227556,False
678,38.9744233087618,117.75285413637344,25,berth,"POLYGON((117.7523163076923 38.974157777777776, 117.75356564646465 38.974157777777776, 117.75356564646465 38.97461202325581, 117.7523163076923 38.97461202325581, 117.7523163076923 38.974157777777776))",1067.8948090481117,False
679,31.35235495293672,121.51862172661411,25,berth,"POLYGON((121.518545125 31.352249999999998, 121.51871654166666 31.352249999999998, 121.51871654166666 31.352471684210524, 121.518545125 31.352471684210524, 121.518545125 31.352249999999998))",3252.0439020276576,True
680,21.167668659157997,110.40337710549245,5,berth,"POLYGON((110.40308227777777 21.166577554545455, 110.40398143636364 21.166577554545455, 110.40398143636364 21.168810170731707, 110.40308227777777 21.168810170731707, 110.40308227777777 21.166577554545455))",771.9259620611399,False
681,34.745589278064145,119.42485128837343,2,berth,"POLYGON((119.42474627777779 34.745569278350516, 119.42495629896908 34.745569278350516, 119.42495629896908 34.74560927777778, 119.42474627777779 34.74560927777778, 119.42474627777779 34.745569278350516))",609.481648837894,True
683,34.590178133422086,119.60591081925129,18,berth,"POLYGON((119.60575408771929 34.590126166666664, 119.60606175 34.590126166666664, 119.60606175 34.59032028947368, 119.60575408771929 34.59032028947368, 119.60575408771929 34.590126166666664))",2189.0055228440756,False
686,31.99399121483329,120.68217158619412,7,berth,"POLYGON((120.68170782051283 31.993891666666666, 120.68328715116279 31.993891666666666, 120.68328715116279 31.994141616279073, 120.68170782051283 31.994141616279073, 120.68170782051283 31.993891666666666))",588.1031259443193,True
687,29.948363413951263,121.95040902042436,9,berth,"POLYGON((121.95026288888887 29.948317235294116, 121.95052024761904 29.948317235294116, 121.95052024761904 29.948407555555555, 121.95026288888887 29.948407555555555, 121.95026288888887 29.948317235294116))",149.39744292000898,False
688,21.07340921247866,110.49221979838089,11,berth,"POLYGON((110.49113537878787 21.07305543939394, 110.49320704761905 21.07305543939394, 110.49320704761905 21.073615928571428, 110.49113537878787 21.073615928571428, 110.49113537878787 21.07305543939394))",164.51915710743384,True
690,28.087714213636694,121.1384965460754,10,berth,"POLYGON((121.13736725 28.086567674418607, 121.13916604651163 28.086567674418607, 121.13916604651163 28.089279875, 121.13736725 28.089279875, 121.13736725 28.086567674418607))",197.89715079288675,False
691,31.6909959533991,121.14966763693737,7,berth,"POLYGON((121.14937931481481 31.690863928571428, 121.15006057142857 31.690863928571428, 121.15006057142857 31.691149962962964, 121.14937931481481 31.691149962962964, 121.14937931481481 31.690863928571428))",1015.3680490884296,False
692,39.21734871077878,119.03645423101892,12,berth,"POLYGON((119.03601766666667 39.21712875, 119.03704761904763 39.21712875, 119.03704761904763 39.21764390476191, 119.03601766666667 39.21764390476191, 119.03601766666667 39.21712875))",674.8705905950134,True
695,38.979284942636816,118.45521637699989,9,berth,"POLYGON((118.45512787719298 38.97910434782609, 118.45532622222224 38.97910434782609, 118.45532622222224 38.979591163265304, 118.45512787719298 38.979591163265304, 118.45512787719298 38.97910434782609))",1689.6284027758306,False
701,32.001487920465934,120.34860545506234,8,berth,"POLYGON((120.34767490624999 32.0009146875, 120.34912304761905 32.0009146875, 120.34912304761905 32.00179096491228, 120.34767490624999 32.00179096491228, 120.34767490624999 32.0009146875))",1154.9569915589798,False
702,31.365514438869184,121.59899066154492,10,berth,"POLYGON((121.59885044444445 31.36540111111111, 121.59908522222223 31.36540111111111, 121.59908522222223 31.36560978985507, 121.59885044444445 31.36560978985507, 121.59885044444445 31.36540111111111))",2185.0249604628507,False
703,32.07604231467921,120.49512088782897,45,berth,"POLYGON((120.49486725999999 32.07587377777778, 120.49528159322034 32.07587377777778, 120.49528159322034 32.07613297368421, 120.49486725999999 32.07613297368421, 120.49486725999999 32.07587377777778))",844.950119993735,False
704,40.792282756809854,121.02114279343157,4,berth,"POLYGON((121.02088763736263 40.79225135, 121.02126213636365 40.79225135, 121.02126213636365 40.792323912087916, 121.02088763736263 40.792323912087916, 121.02088763736263 40.79225135))",3263.9808230674516,False
705,32.017086509138984,120.3718452738509,6,berth,"POLYGON((120.37172060526315 32.017040724137935, 120.37221766666666 32.017040724137935, 120.37221766666666 32.017194314814816, 120.37172060526315 32.017194314814816, 120.37172060526315 32.017040724137935))",1502.8374177972914,False
706,30.63375058606153,121.16417354377211,14,berth,"POLYGON((121.16325753846152 30.63317687179487, 121.16477125862069 30.63317687179487, 121.16477125862069 30.63411420689655, 121.16325753846152 30.63411420689655, 121.16325753846152 30.63317687179487))",616.194652631278,False
707,38.96878957038249,117.7789161496016,9,berth,"POLYGON((117.77877475 38.968718513513515, 117.77900774545455 38.968718513513515, 117.77900774545455 38.96885, 117.77877475 38.96885, 117.77877475 38.968718513513515))",1803.2073160331663,False
708,31.771736512066294,120.95959916297468,15,berth,"POLYGON((120.95930249999999 31.771689400000003, 120.95981741935483 31.771689400000003, 120.95981741935483 31.771894352941178, 120.95930249999999 31.771894352941178, 120.95930249999999 31.771689400000003))",2055.1584891342877,False
709,32.017280732373315,120.76775408699247,8,berth,"POLYGON((120.76760457446808 32.017191574468086, 120.76793628571428 32.017191574468086, 120.76793628571428 32.01732315384616, 120.76760457446808 32.01732315384616, 120.76760457446808 32.017191574468086))",1781.5338771602896,False
710,31.994363765811965,120.68609622905983,3,berth,"POLYGON((120.68607099999998 31.994348499999997, 120.68611186666666 31.994348499999997, 120.68611186666666 31.994376233333334, 120.68607099999998 31.994376233333334, 120.68607099999998 31.994348499999997))",523.4749346356284,True
712,32.018236695550755,120.37349488875641,5,berth,"POLYGON((120.37337825 32.018177673913044, 120.37359927906977 32.018177673913044, 120.37359927906977 32.01829083333334, 120.37337825 32.01829083333334, 120.37337825 32.018177673913044))",1447.492031050638,False
714,21.71227713937621,108.59175780061146,14,berth,"POLYGON((108.59095540000001 21.71144388235294, 108.59242802941176 21.71144388235294, 108.59242802941176 21.7129954, 108.59095540000001 21.7129954, 108.59095540000001 21.71144388235294))",3357.4606333235,False
715,38.98432108812726,118.45517857362712,35,berth,"POLYGON((118.455003 38.983579750000004, 118.455320625 38.983579750000004, 118.455320625 38.984668400000004, 118.455003 38.984668400000004, 118.455003 38.983579750000004))",1674.7085841509975,False
716,29.89143258995425,122.06902793401376,45,berth,"POLYGON((122.067763375 29.890993692307692, 122.0694126451613 29.890993692307692, 122.0694126451613 29.891608739130433, 122.067763375 29.891608739130433, 122.067763375 29.890993692307692))",128.43724059990203,False
717,40.80748998042186,121.06439859398196,16,berth,"POLYGON((121.06289333333332 40.80676451724138, 121.06505289655173 40.80676451724138, 121.06505289655173 40.80955566666666, 121.06289333333332 40.80955566666666, 121.06289333333332 40.80676451724138))",356.8254108684281,True
718,22.739246308892486,113.66899146751516,7,berth,"POLYGON((113.66885296296296 22.739191333333334, 113.66906686666665 22.739191333333334, 113.66906686666665 22.739363666666666, 113.66885296296296 22.739363666666666, 113.66885296296296 22.739191333333334))",996.9075272589076,False
719,39.933196464903446,119.67136398852816,23,berth,"POLYGON((119.67114045652174 39.933010821839076, 119.67150277777779 39.933010821839076, 119.67150277777779 39.933319499999996, 119.67114045652174 39.933319499999996, 119.67114045652174 39.933010821839076))",2.049754153805069,True
720,22.982590269384772,116.52828284085375,12,berth,"POLYGON((116.52674626315789 22.980895333333333, 116.53046079166667 22.980895333333333, 116.53046079166667 22.9840791, 116.52674626315789 22.9840791, 116.52674626315789 22.980895333333333))",898.7721154493169,False
721,22.969982751633985,116.53395375816993,2,berth,"POLYGON((116.53383129411765 22.969943444444443, 116.53407622222221 22.969943444444443, 116.53407622222221 22.970022058823528, 116.53383129411765 22.970022058823528, 116.53383129411765 22.969943444444443))",1682.8567852183976,False
724,27.183104028742715,120.38639752782811,32,berth,"POLYGON((120.38569445454546 27.18204675, 120.38699005000001 27.18204675, 120.38699005000001 27.183957823529415, 120.38569445454546 27.183957823529415, 120.38569445454546 27.18204675))",402.6790567126026,False
726,19.10407483865797,108.6251920926483,13,berth,"POLYGON((108.62512381481481 19.10391407142857, 108.62526139393938 19.10391407142857, 108.62526139393938 19.1042292, 108.62512381481481 19.1042292, 108.62512381481481 19.10391407142857))",405.9679416803354,True
732,22.98308767208672,113.54170815350369,3,berth,"POLYGON((113.54151014285715 22.982313016260164, 113.54204717479675 22.982313016260164, 113.54204717479675 22.983506000000002, 113.54151014285715 22.983506000000002, 113.54151014285715 22.982313016260164))",416.04546360828857,False
734,37.56775184603497,121.37904135760034,18,berth,"POLYGON((121.37557325 37.5675125, 121.38200364102565 37.5675125, 121.38200364102565 37.56791848666666, 121.37557325 37.56791848666666, 121.37557325 37.5675125))",291.48886854116955,True
737,37.422421631412625,122.6593643824392,13,berth,"POLYGON((122.658621 37.4222096, 122.66019079487181 37.4222096, 122.66019079487181 37.4225804, 122.658621 37.4225804, 122.658621 37.4222096))",1098.1130150929184,False
738,31.942678470106532,120.23076784977911,6,berth,"POLYGON((120.23008407692308 31.942270538461536, 120.23166690000001 31.942270538461536, 120.23166690000001 31.94286245, 120.23008407692308 31.94286245, 120.23008407692308 31.942270538461536))",489.6106195154877,True
739,23.01966495870331,113.52576743481325,5,berth,"POLYGON((113.52543732558138 23.019288000000003, 113.52593878181818 23.019288000000003, 113.52593878181818 23.020342581395347, 113.52543732558138 23.020342581395347, 113.52543732558138 23.019288000000003))",321.997058683607,False
740,23.562869343676127,117.12187174615839,2,berth,"POLYGON((117.12174569444444 23.56286015957447, 117.12199779787234 23.56286015957447, 117.12199779787234 23.56287852777778, 117.12174569444444 23.56287852777778, 117.12174569444444 23.56286015957447))",541.0446604597664,False
743,32.122977432685786,121.47503010982776,3,berth,"POLYGON((121.47500445714286 32.1229264893617, 121.47504587234043 32.1229264893617, 121.47504587234043 32.123070608695656, 121.47500445714286 32.123070608695656, 121.47500445714286 32.1229264893617))",496.7742811267948,False
744,24.719375863510894,118.7392872290021,6,berth,"POLYGON((118.7391531818182 24.7191075, 118.739507 24.7191075, 118.739507 24.719552615384618, 118.7391531818182 24.719552615384618, 118.7391531818182 24.7191075))",98.62657955745581,True
745,22.92430910589221,113.56677064293206,8,berth,"POLYGON((113.56667764102563 22.923834636363637, 113.56688511042944 22.923834636363637, 113.56688511042944 22.924770625, 113.56667764102563 22.924770625, 113.56667764102563 22.923834636363637))",1851.0483289524443,False
746,24.452076618686867,117.98370274195076,2,berth,"POLYGON((117.98341918181818 24.451979499999997, 117.98398630208334 24.451979499999997, 117.98398630208334 24.452173737373737, 117.98341918181818 24.452173737373737, 117.98341918181818 24.451979499999997))",45.1696626154547,True
747,35.20841399182746,119.40180394730596,24,berth,"POLYGON((119.3992484137931 35.208284, 119.40300597014925 35.208284, 119.40300597014925 35.20846765625, 119.3992484137931 35.20846765625, 119.3992484137931 35.208284))",1396.6139437443,False
748,22.470635778614383,113.90327998033945,5,berth,"POLYGON((113.90254843421053 22.47031891275168, 113.90356143373494 22.47031891275168, 113.90356143373494 22.471506934210527, 113.90254843421053 22.471506934210527, 113.90254843421053 22.47031891275168))",87.03222312317264,True
749,28.18700338241342,121.11276744554685,4,berth,"POLYGON((121.11246905714286 28.186421885714285, 121.11290456818182 28.186421885714285, 121.11290456818182 28.18725847727273, 121.11246905714286 28.18725847727273, 121.11246905714286 28.186421885714285))",1096.8310480481248,False
758,39.60427671054784,122.95813715983093,42,berth,"POLYGON((122.95580167307692 39.60370433333333, 122.96093746875 39.60370433333333, 122.96093746875 39.6043775, 122.95580167307692 39.6043775, 122.95580167307692 39.60370433333333))",1252.952609844564,False
759,31.989397152937343,120.62664466936549,3,berth,"POLYGON((120.62650484883721 31.989331007692307, 120.62676825925926 31.989331007692307, 120.62676825925926 31.989437509259258, 120.62650484883721 31.989437509259258, 120.62650484883721 31.989331007692307))",593.9921883712984,True
760,36.00014506763066,120.18968953432886,5,berth,"POLYGON((120.18955378048781 36.00008690243902, 120.18975991666667 36.00008690243902, 120.18975991666667 36.00025673333334, 120.18955378048781 36.00025673333334, 120.18955378048781 36.00008690243902))",1768.4235586549073,False
764,31.34760390556394,121.5289189657837,39,berth,"POLYGON((121.52800493055555 31.347126142857142, 121.52927505454547 31.347126142857142, 121.52927505454547 31.347988452380953, 121.52800493055555 31.347988452380953, 121.52800493055555 31.347126142857142))",3084.6809525913677,True
772,31.98969950990493,120.64607758518952,9,berth,"POLYGON((120.64588817933131 31.989683953703704, 120.64614253741496 31.989683953703704, 120.64614253741496 31.989719707482994, 120.64588817933131 31.989719707482994, 120.64588817933131 31.989683953703704))",839.4266244995919,True
776,30.74286381259539,121.41774087192842,3,berth,"POLYGON((121.41768425641025 30.742820910256413, 121.41779675000001 30.742820910256413, 121.41779675000001 30.74291801190476, 121.41768425641025 30.74291801190476, 121.41768425641025 30.742820910256413))",2770.0820697519835,False
777,38.96809318130071,117.78305085865324,17,berth,"POLYGON((117.78112772222224 38.96753914285715, 117.78518105714286 38.96753914285715, 117.78518105714286 38.96841754545455, 117.78112772222224 38.96841754545455, 117.78112772222224 38.96753914285715))",2048.8865698866225,False
779,30.04095082375002,121.98204319308707,7,berth,"POLYGON((121.98166288 30.0406929375, 121.98221828125 30.0406929375, 121.98221828125 30.041093542553195, 121.98166288 30.041093542553195, 121.98166288 30.0406929375))",593.2082158267135,False
780,22.976590652354773,113.54440321772208,8,berth,"POLYGON((113.54373405714286 22.97493857894737, 113.5451627236842 22.97493857894737, 113.5451627236842 22.978077714285714, 113.54373405714286 22.978077714285714, 113.54373405714286 22.97493857894737))",1220.9344437141149,False
781,25.17249155784049,118.97928442702464,11,berth,"POLYGON((118.97910525 25.172234500000002, 118.9795735 25.172234500000002, 118.9795735 25.1734037, 118.97910525 25.1734037, 118.97910525 25.172234500000002))",763.2434203548205,False
789,22.1776542875817,113.09670196405229,2,berth,"POLYGON((113.09656403921569 22.177595888888888, 113.09683988888888 22.177595888888888, 113.09683988888888 22.17771268627451, 113.09656403921569 22.17771268627451, 113.09656403921569 22.177595888888888))",1713.4924672690513,False
790,21.69038574805068,111.82151845808968,2,berth,"POLYGON((111.82148684210527 21.690209759259258, 111.82155007407408 21.690209759259258, 111.82155007407408 21.690561736842106, 111.82148684210527 21.690561736842106, 111.82148684210527 21.690209759259258))",1820.4714517130703,False
792,22.209649710526318,113.09778797744362,2,berth,"POLYGON((113.0977765263158 22.209628000000002, 113.09779942857143 22.209628000000002, 113.09779942857143 22.209671421052633, 113.0977765263158 22.209671421052633, 113.0977765263158 22.209628000000002))",407.0321182572302,False
793,23.44251522222222,116.50226680555556,2,berth,"POLYGON((116.50181016666666 23.44242111111111, 116.50272344444446 23.44242111111111, 116.50272344444446 23.442609333333333, 116.50181016666666 23.442609333333333, 116.50181016666666 23.44242111111111))",3728.814257750018,True
797,21.600466204924704,108.38750265174332,3,berth,"POLYGON((108.38740459259259 21.60016111111111, 108.3876582857143 21.60016111111111, 108.3876582857143 21.60069411904762, 108.38740459259259 21.60069411904762, 108.38740459259259 21.60016111111111))",703.4453763057967,False
798,35.08855020906433,119.37351207504874,3,berth,"POLYGON((119.37348511111112 35.088438555555555, 119.37355928070174 35.088438555555555, 119.37355928070174 35.08874219444445, 119.37348511111112 35.08874219444445, 119.37348511111112 35.088438555555555))",2082.8514133009235,False
801,22.477314949999997,113.87834746666668,3,berth,"POLYGON((113.87807265 22.4767286, 113.87878675 22.4767286, 113.87878675 22.478190916666666, 113.87807265 22.478190916666666, 113.87807265 22.4767286))",179.070563498084,True
807,38.96469855694169,121.81357866863607,5,berth,"POLYGON((121.81295554545454 38.96416372727273, 121.81418465853659 38.96416372727273, 121.81418465853659 38.96520295121952, 121.81295554545454 38.96520295121952, 121.81295554545454 38.96416372727273))",716.0362815132627,False
812,28.699882836833368,121.43469751392207,9,berth,"POLYGON((121.434645 28.69981747368421, 121.4347421 28.69981747368421, 121.4347421 28.699926416666667, 121.434645 28.699926416666667, 121.434645 28.69981747368421))",715.0110215269339,False
813,29.047299714154633,121.6429024786836,5,berth,"POLYGON((121.64271502597404 29.046818360759495, 121.64353470253164 29.046818360759495, 121.64353470253164 29.04764042105263, 121.64271502597404 29.04764042105263, 121.64271502597404 29.046818360759495))",350.0640918800845,True
814,32.12457217128258,121.47548047901084,6,berth,"POLYGON((121.47543057407408 32.12450735714286, 121.47554639285714 32.12450735714286, 121.47554639285714 32.12460262962963, 121.47543057407408 32.12460262962963, 121.47543057407408 32.12450735714286))",707.8829755080128,False
816,30.390575866666666,122.39129136666666,2,berth,"POLYGON((122.39096939999999 30.390093333333336, 122.39161333333334 30.390093333333336, 122.39161333333334 30.3910584, 122.39096939999999 30.3910584, 122.39096939999999 30.390093333333336))",3892.0675644750568,False
820,36.872573424923914,122.44712875120761,68,berth,"POLYGON((122.4443905 36.87170212, 122.4492399019608 36.87170212, 122.4492399019608 36.873716473684205, 122.4443905 36.873716473684205, 122.4443905 36.87170212))",1219.7979849196226,False
825,37.79034116868485,120.63235698674934,32,berth,"POLYGON((120.62991321428571 37.790231375, 120.63454970967742 37.790231375, 120.63454970967742 37.79044947368421, 120.62991321428571 37.79044947368421, 120.62991321428571 37.790231375))",288.96302378941067,False
827,30.068247625221705,121.89413611175678,12,berth,"POLYGON((121.89401807692308 30.06809969230769, 121.89427 30.06809969230769, 121.89427 30.068353096774196, 121.89401807692308 30.068353096774196, 121.89401807692308 30.06809969230769))",1143.145981688308,False
828,32.249007399823306,119.69263767287015,24,berth,"POLYGON((119.6923904 32.248756300000004, 119.6927544117647 32.248756300000004, 119.6927544117647 32.249214699999996, 119.6923904 32.249214699999996, 119.6923904 32.248756300000004))",1815.689740119153,False
829,31.92477491296803,120.20784564438003,11,berth,"POLYGON((120.2077893625 31.92471004, 120.20792648076923 31.92471004, 120.20792648076923 31.92479965, 120.2077893625 31.92479965, 120.2077893625 31.92471004))",1574.7874070915104,False
830,34.74980960912835,119.4052217016129,2,berth,"POLYGON((119.40514 34.74976951612903, 119.4053034032258 34.74976951612903, 119.4053034032258 34.74984970212766, 119.40514 34.74984970212766, 119.40514 34.74976951612903))",155.57745048452966,True
831,40.053720645601956,120.02507811024516,15,berth,"POLYGON((120.02481268811881 40.05364413861386, 120.025172 40.05364413861386, 120.025172 40.05374688118812, 120.02481268811881 40.05374688118812, 120.02481268811881 40.05364413861386))",3051.9304096947867,False
832,39.920311252462284,119.64546676350476,6,berth,"POLYGON((119.64542714285713 39.92024698473282, 119.64551059541985 39.92024698473282, 119.64551059541985 39.92037131372549, 119.64542714285713 39.92037131372549, 119.64542714285713 39.92024698473282))",485.14753790885146,False
834,32.32093688583585,119.81252998375747,8,berth,"POLYGON((119.81231468 32.320775600000005, 119.81294327272727 32.320775600000005, 119.81294327272727 32.32109208, 119.81231468 32.32109208, 119.81231468 32.320775600000005))",717.7370607032924,True
835,32.27118367036885,119.70556247515974,5,berth,"POLYGON((119.70451681818182 32.27077509090909, 119.7066854 32.27077509090909, 119.7066854 32.27173223529412, 119.70451681818182 32.27173223529412, 119.70451681818182 32.27077509090909))",1194.0363474259475,False
836,32.20423735225642,119.66442326807083,19,berth,"POLYGON((119.66374875000001 32.203738375, 119.66463904081631 32.203738375, 119.66463904081631 32.204421982758625, 119.66374875000001 32.204421982758625, 119.66374875000001 32.203738375))",709.4113965892503,True
837,31.675431253781106,121.18026023621348,10,berth,"POLYGON((121.18009929545455 31.675349721311477, 121.18032888571429 31.675349721311477, 121.18032888571429 31.675514599999996, 121.18009929545455 31.675514599999996, 121.18009929545455 31.675349721311477))",1961.325048633212,False
838,30.113923551001403,122.19568462282571,3,berth,"POLYGON((122.1956126446281 30.113912032, 122.195745488 30.113912032, 122.195745488 30.113933611570246, 122.1956126446281 30.113933611570246, 122.1956126446281 30.113912032))",1822.994377481506,False
840,22.736921106268277,114.63146202365388,8,berth,"POLYGON((114.631403 22.7368435, 114.63152733333334 22.7368435, 114.63152733333334 22.73702833333333, 114.631403 22.73702833333333, 114.631403 22.7368435))",1939.141235543191,False
841,29.495731117082048,121.50735361393879,17,berth,"POLYGON((121.5072273882353 29.495697517241382, 121.50746581666667 29.495697517241382, 121.50746581666667 29.495757152173912, 121.5072273882353 29.495757152173912, 121.5072273882353 29.495697517241382))",1546.192070812045,False
842,29.496190336119575,121.5102026980452,36,berth,"POLYGON((121.51005016666666 29.4961138, 121.51033620000001 29.4961138, 121.51033620000001 29.496297142857145, 121.51005016666666 29.496297142857145, 121.51005016666666 29.4961138))",1687.3703297606799,False
843,39.98476393147038,119.83412847844264,9,berth,"POLYGON((119.83347765957446 39.98346814074074, 119.83479597391303 39.98346814074074, 119.83479597391303 39.985303117647064, 119.83347765957446 39.985303117647064, 119.83347765957446 39.98346814074074))",517.1462302335641,True
844,32.00010721703341,119.99701505908288,5,berth,"POLYGON((119.9969708309859 32.00002244776119, 119.99706986567165 32.00002244776119, 119.99706986567165 32.0002191971831, 119.9969708309859 32.0002191971831, 119.9969708309859 32.00002244776119))",1019.1542804567582,False
845,34.74981084780093,119.41149435532407,3,berth,"POLYGON((119.41118522222223 34.749769375, 119.41188575 34.749769375, 119.41188575 34.749868390625004, 119.41118522222223 34.749868390625004, 119.41118522222223 34.749769375))",118.008433330129,True
846,31.68384644887412,121.16328856810631,2,berth,"POLYGON((121.16319127906976 31.68380926984127, 121.16338585714286 31.68380926984127, 121.16338585714286 31.683883627906976, 121.16319127906976 31.683883627906976, 121.16319127906976 31.68380926984127))",1408.239502814848,False
847,37.440118214023734,120.02005617159296,2,berth,"POLYGON((120.02004457281554 37.44005462222223, 120.02006777037037 37.44005462222223, 120.02006777037037 37.44018180582524, 120.02004457281554 37.44018180582524, 120.02004457281554 37.44005462222223))",1772.0010971731383,False
849,32.320102880318004,119.81447542104873,9,berth,"POLYGON((119.81442260377358 32.32004640677966, 119.81454135593219 32.32004640677966, 119.81454135593219 32.32014877192982, 119.81442260377358 32.32014877192982, 119.81442260377358 32.32004640677966))",676.7765662225379,True
850,31.676955742415288,121.17777479757711,6,berth,"POLYGON((121.17757503030303 31.676883306122452, 121.17788998305085 31.676883306122452, 121.17788998305085 31.677028575, 121.17757503030303 31.677028575, 121.17757503030303 31.676883306122452))",1907.3989962516157,False
851,39.922414290244774,119.64391374985686,16,berth,"POLYGON((119.64376259999999 39.92151923076923, 119.64444184615384 39.92151923076923, 119.64444184615384 39.922736183098586, 119.64376259999999 39.922736183098586, 119.64376259999999 39.92151923076923))",135.94665725213304,False
852,29.934806030099164,121.88646126627725,24,berth,"POLYGON((121.88510685294119 29.93467721875, 121.886753625 29.93467721875, 121.886753625 29.935169238095238, 121.88510685294119 29.935169238095238, 121.88510685294119 29.93467721875))",849.8769764669415,False
853,29.783529646279902,122.08423497211868,2,berth,"POLYGON((122.08423047126438 29.78352398850575, 122.08423947297298 29.78352398850575, 122.08423947297298 29.783535304054055, 122.08423047126438 29.783535304054055, 122.08423047126438 29.78352398850575))",154.24890430181696,True
854,30.631024254187167,121.15977708115076,12,berth,"POLYGON((121.15972485 30.630975149999998, 121.15981913186812 30.630975149999998, 121.15981913186812 30.631061838383836, 121.15972485 30.631061838383836, 121.15972485 30.630975149999998))",587.4262856492236,False
855,30.635013136309933,121.16632109718041,13,berth,"POLYGON((121.1661314901961 30.634855708333333, 121.16658678723405 30.634855708333333, 121.16658678723405 30.63519136170213, 121.1661314901961 30.63519136170213, 121.1661314901961 30.634855708333333))",589.046702348911,False
856,30.62534373338221,121.15473629766753,3,berth,"POLYGON((121.154729125 30.625331704545456, 121.15474759595959 30.625331704545456, 121.15474759595959 30.625356818181817, 121.154729125 30.625356818181817, 121.154729125 30.625331704545456))",715.0348505636781,False
857,31.997378527940963,119.99950382911702,10,berth,"POLYGON((119.99877567391304 31.997010122807016, 119.99992000000002 31.997010122807016, 119.99992000000002 31.998062065217393, 119.99877567391304 31.998062065217393, 119.99877567391304 31.997010122807016))",1064.3099262530322,False
859,34.74979966802651,119.4080948953682,4,berth,"POLYGON((119.40698114285715 34.7497005, 119.4086311443299 34.7497005, 119.4086311443299 34.749861546391756, 119.40698114285715 34.749861546391756, 119.40698114285715 34.7497005))",139.79061050266543,True
861,34.308125951298706,120.27347251976911,2,berth,"POLYGON((120.27340052525253 34.30808454545455, 120.27354451428572 34.30808454545455, 120.27354451428572 34.30816735714286, 120.27340052525253 34.30816735714286, 120.27340052525253 34.30808454545455))",1629.2828221372015,False
862,37.646491668609016,120.30322124793233,2,berth,"POLYGON((120.30307146428572 37.64621851578947, 120.30337103157895 37.64621851578947, 120.30337103157895 37.64676482142857, 120.30307146428572 37.64676482142857, 120.30307146428572 37.64621851578947))",1283.5943334779222,False
866,28.273873886178855,121.5569989678654,17,berth,"POLYGON((121.55438604545454 28.273264666666666, 121.55868746666667 28.273264666666666, 121.55868746666667 28.27448246666667, 121.55438604545454 28.27448246666667, 121.55438604545454 28.273264666666666))",2440.360628284005,False
867,28.386729392979987,121.6588816530458,6,berth,"POLYGON((121.657976 28.3865323, 121.6594545 28.3865323, 121.6594545 28.3868332, 121.657976 28.3868332, 121.657976 28.3865323))",3103.1811181412772,False
868,39.047371462008215,117.77064263376248,16,berth,"POLYGON((117.7673951111111 39.046423999999995, 117.77295145454545 39.046423999999995, 117.77295145454545 39.04859082222222, 117.7673951111111 39.04859082222222, 117.7673951111111 39.046423999999995))",1492.2967634724114,False
870,31.2912082,121.74606025714286,2,berth,"POLYGON((121.74566471428571 31.290949, 121.7464558 31.290949, 121.7464558 31.2914674, 121.74566471428571 31.2914674, 121.74566471428571 31.290949))",2632.203482759268,False
871,29.043463740597577,121.63812846992045,15,berth,"POLYGON((121.63769675 29.042757816091957, 121.63863099999999 29.042757816091957, 121.63863099999999 29.043747999999997, 121.63769675 29.043747999999997, 121.63769675 29.042757816091957))",680.4986773982953,True
875,31.989565824999907,120.64181419665819,7,berth,"POLYGON((120.64078998484848 31.989477548387097, 120.64379379865773 31.989477548387097, 120.64379379865773 31.989741637583894, 120.64078998484848 31.989741637583894, 120.64078998484848 31.989477548387097))",794.3436671175366,True
876,31.475064402550483,121.42548830658242,130,berth,"POLYGON((121.42265122916666 31.474522256880732, 121.42643075000001 31.474522256880732, 121.42643075000001 31.476831266666668, 121.42265122916666 31.476831266666668, 121.42265122916666 31.474522256880732))",2982.7041369076373,False
881,31.993602711146018,120.6760528690681,5,berth,"POLYGON((120.67575102 31.99359066233766, 120.67692830909091 31.99359066233766, 120.67692830909091 31.9936141097561, 120.67575102 31.9936141097561, 120.67575102 31.99359066233766))",663.6342995388809,True
882,31.977609270459357,120.44751521655732,15,berth,"POLYGON((120.44589405882353 31.97590058823529, 120.44914167241379 31.97590058823529, 120.44914167241379 31.979312879310342, 120.44589405882353 31.979312879310342, 120.44589405882353 31.97590058823529))",286.9308588819237,True
883,29.997135213278142,122.07967818838605,5,berth,"POLYGON((122.07925712048193 29.997070369987064, 122.07993903891709 29.997070369987064, 122.07993903891709 29.997244345507667, 122.07925712048193 29.997244345507667, 122.07925712048193 29.997070369987064))",2556.8995050182366,False
884,39.08039339940983,118.49659430100209,30,berth,"POLYGON((118.49617500000001 39.0801168, 118.49742280000001 39.0801168, 118.49742280000001 39.0805675, 118.49617500000001 39.0805675, 118.49617500000001 39.0801168))",3276.887193053299,False
885,30.018283,122.07224183333332,2,berth,"POLYGON((122.07223166666665 30.01824, 122.072252 30.01824, 122.072252 30.018326000000002, 122.07223166666665 30.018326000000002, 122.07223166666665 30.01824))",173.19197616566532,True
886,38.808865634527486,121.1363118912765,20,berth,"POLYGON((121.13599686363636 38.808676625000004, 121.13700623999999 38.808676625000004, 121.13700623999999 38.809327360000005, 121.13599686363636 38.809327360000005, 121.13599686363636 38.808676625000004))",138.33673615118602,True
887,31.355897383575922,121.61637459409994,10,berth,"POLYGON((121.6162685345912 31.35580152, 121.616526625 31.35580152, 121.616526625 31.3559645, 121.6162685345912 31.3559645, 121.6162685345912 31.35580152))",1771.4590802646862,False
891,40.29699432387406,122.08643640045189,8,berth,"POLYGON((122.0860735 40.29655369014085, 122.08686356338028 40.29655369014085, 122.08686356338028 40.2971173, 122.0860735 40.2971173, 122.0860735 40.29655369014085))",2380.0201032433915,False
893,22.77961984722222,113.63280090277777,2,berth,"POLYGON((113.63272625 22.77959444444444, 113.63287555555556 22.77959444444444, 113.63287555555556 22.77964525, 113.63272625 22.77964525, 113.63272625 22.77959444444444))",2632.8901174230145,False
895,32.08173141057584,121.6300524936405,8,berth,"POLYGON((121.62887416949154 32.081622333333335, 121.63052033333334 32.081622333333335, 121.63052033333334 32.08196941666667, 121.62887416949154 32.08196941666667, 121.62887416949154 32.081622333333335))",1048.3333788453972,False
896,30.10145302235007,121.86867859009398,9,berth,"POLYGON((121.86846676923076 30.101218753623186, 121.86969691304348 30.101218753623186, 121.86969691304348 30.101610857142855, 121.86846676923076 30.101610857142855, 121.86846676923076 30.101218753623186))",2045.196509014409,False
897,22.468262666666664,113.90264574166666,3,berth,"POLYGON((113.90249437499999 22.4681232, 113.90281285 22.4681232, 113.90281285 22.468429875, 113.90249437499999 22.468429875, 113.90249437499999 22.4681232))",22.08370238416819,False
898,21.479579852694926,109.5509008252224,3,berth,"POLYGON((109.55088599999999 21.47956510204082, 109.5509163877551 21.47956510204082, 109.5509163877551 21.479598956043954, 109.55088599999999 21.479598956043954, 109.55088599999999 21.47956510204082))",2652.2081873315024,False
899,25.209754997108906,118.96610486621464,7,berth,"POLYGON((118.96534534513275 25.209334263157896, 118.96687294736842 25.209334263157896, 118.96687294736842 25.21002628318584, 118.96534534513275 25.21002628318584, 118.96534534513275 25.209334263157896))",1998.1024438409738,False
900,21.613970070755126,108.32881103043356,5,berth,"POLYGON((108.3287951923077 21.613945708333333, 108.32882306849315 21.613945708333333, 108.32882306849315 21.61398183561644, 108.3287951923077 21.61398183561644, 108.3287951923077 21.613945708333333))",1669.8814428468795,False
901,31.80595709954023,120.95294807632183,5,berth,"POLYGON((120.95287293333332 31.805881833333334, 120.9530435 31.805881833333334, 120.9530435 31.80604406666667, 120.95287293333332 31.80604406666667, 120.95287293333332 31.805881833333334))",2175.301870625937,False
902,40.28900359002507,122.0890669663158,5,berth,"POLYGON((122.088979 40.28892140000001, 122.08914466666666 40.28892140000001, 122.08914466666666 40.2890725, 122.088979 40.2890725, 122.088979 40.28892140000001))",2158.6879986891668,False
903,21.482053738799355,111.06822255395609,3,berth,"POLYGON((111.06781172727273 21.481893722891567, 111.06845042857142 21.481893722891567, 111.06845042857142 21.482236636363638, 111.06781172727273 21.482236636363638, 111.06781172727273 21.481893722891567))",716.288866179393,False
906,21.59766847057564,108.38553104027403,6,berth,"POLYGON((108.38536584558824 21.597467352941177, 108.38558727272726 21.597467352941177, 108.38558727272726 21.597732083333334, 108.38536584558824 21.597732083333334, 108.38536584558824 21.597467352941177))",631.6944298916079,False
908,21.59520121774657,108.38373182074787,4,berth,"POLYGON((108.38371071428571 21.595191157142857, 108.38375657894736 21.595191157142857, 108.38375657894736 21.595213789473682, 108.38371071428571 21.595213789473682, 108.38371071428571 21.595191157142857))",766.8853839514742,False
911,39.04063951779557,118.3624390914571,37,berth,"POLYGON((118.36178656603774 39.03978575, 118.36417959999999 39.03978575, 118.36417959999999 39.04172826470588, 118.36178656603774 39.04172826470588, 118.36178656603774 39.03978575))",276.5396418157409,False
912,39.04010433769956,118.36030150697441,13,berth,"POLYGON((118.3602716875 39.04009408870967, 118.36033378512397 39.04009408870967, 118.36033378512397 39.04011776033058, 118.3602716875 39.04011776033058, 118.3602716875 39.04009408870967))",192.74898589314512,False
913,31.362281777718362,121.65699857771835,3,berth,"POLYGON((121.6565333 31.361292705882352, 121.65754172727272 31.361292705882352, 121.65754172727272 31.36319972727273, 121.6565333 31.36319972727273, 121.6565333 31.361292705882352))",3514.7277702155684,False
914,21.59382574418896,108.32940114166966,6,berth,"POLYGON((108.32870182352941 21.5916862605042, 108.33019109243698 21.5916862605042, 108.33019109243698 21.595939794117648, 108.32870182352941 21.595939794117648, 108.32870182352941 21.5916862605042))",1800.601841965568,False
915,39.92718486950931,119.67630926547679,20,berth,"POLYGON((119.67606031578948 39.9269388, 119.67642492499999 39.9269388, 119.67642492499999 39.92739185, 119.67606031578948 39.92739185, 119.67606031578948 39.9269388))",903.0515598803502,False
916,37.413747696815626,119.9502690033506,21,berth,"POLYGON((119.94739355555556 37.41363533333333, 119.95174017857143 37.41363533333333, 119.95174017857143 37.4140925, 119.94739355555556 37.4140925, 119.94739355555556 37.41363533333333))",2257.226952374606,False
917,37.664251722222225,120.30881059090909,2,berth,"POLYGON((120.30879551515152 37.66421533333334, 120.30882566666666 37.66421533333334, 120.30882566666666 37.66428811111111, 120.30879551515152 37.66428811111111, 120.30879551515152 37.66421533333334))",201.6243424221071,True
918,37.66052333175645,120.30785670767399,4,berth,"POLYGON((120.3076624736842 37.66039594736842, 120.30810813253011 37.66039594736842, 120.30810813253011 37.660723843373496, 120.3076624736842 37.660723843373496, 120.3076624736842 37.66039594736842))",87.41574205579886,False
920,31.359684026785715,121.65971748660715,4,berth,"POLYGON((121.65878875 31.359140749999998, 121.660680375 31.359140749999998, 121.660680375 31.36037225, 121.65878875 31.36037225, 121.65878875 31.359140749999998))",3622.2898511166463,False
922,22.782472331430743,115.92833387252664,3,berth,"POLYGON((115.92831433333333 22.782456410958904, 115.92834553424657 22.782456410958904, 115.92834553424657 22.782494749999998, 115.92831433333333 22.782494749999998, 115.92831433333333 22.782456410958904))",2138.219196889892,False
923,22.817370364611747,113.57351069448991,3,berth,"POLYGON((113.573471 22.817221666666665, 113.57353261538462 22.817221666666665, 113.57353261538462 22.81747104255319, 113.573471 22.81747104255319, 113.573471 22.817221666666665))",569.597741147165,True
924,21.927361858411903,113.21665030679473,4,berth,"POLYGON((113.21606789473684 21.926690052631578, 113.21754063636364 21.926690052631578, 113.21754063636364 21.928338121212118, 113.21606789473684 21.928338121212118, 113.21606789473684 21.926690052631578))",1169.6612728873536,False
925,31.759085473375666,121.17804069971677,19,berth,"POLYGON((121.17707675 31.758547789473685, 121.17855133333332 31.758547789473685, 121.17855133333332 31.759570413793107, 121.17707675 31.759570413793107, 121.17707675 31.758547789473685))",2036.4538674673097,False
927,31.388342209999998,121.60933329,2,berth,"POLYGON((121.60929328 31.3882273, 121.60937329999999 31.3882273, 121.60937329999999 31.388457119999998, 121.60929328 31.388457119999998, 121.60929328 31.3882273))",3721.266770212411,False
930,32.24234715625,119.68690551875,2,berth,"POLYGON((119.6866975 32.242008049999995, 119.6871135375 32.242008049999995, 119.6871135375 32.2426862625, 119.6866975 32.2426862625, 119.6866975 32.242008049999995))",1002.9344708563582,False
932,31.34953717647059,121.6790901764706,2,berth,"POLYGON((121.67842835294117 31.349212352941176, 121.67975200000001 31.349212352941176, 121.67975200000001 31.349862, 121.67842835294117 31.349862, 121.67842835294117 31.349212352941176))",3490.302920093193,False
933,23.221392154166665,116.77655306944443,4,berth,"POLYGON((116.77653894444444 23.220851555555555, 116.77657593333333 23.220851555555555, 116.77657593333333 23.2216904, 116.77653894444444 23.2216904, 116.77653894444444 23.220851555555555))",364.446822632658,True
938,29.891965660519716,122.00041042789739,6,berth,"POLYGON((121.99944242857143 29.890933904761905, 122.000798375 29.890933904761905, 122.000798375 29.892259875, 121.99944242857143 29.892259875, 121.99944242857143 29.890933904761905))",309.823971521093,False
939,37.822441674733156,120.84309436064348,10,berth,"POLYGON((120.84194953191489 37.822014095238096, 120.84456504761904 37.822014095238096, 120.84456504761904 37.82266008510638, 120.84194953191489 37.82266008510638, 120.84194953191489 37.822014095238096))",688.5601895342486,False
940,31.752262512620558,121.19342979813834,5,berth,"POLYGON((121.1933142857143 31.75188776, 121.1935472 31.75188776, 121.1935472 31.75264957142857, 121.1933142857143 31.75264957142857, 121.1933142857143 31.75188776))",1381.1884878325911,False
941,31.930024091027924,120.1371794311943,4,berth,"POLYGON((120.13640290909092 31.929886155555554, 120.13784590196079 31.929886155555554, 120.13784590196079 31.930186090909093, 120.13640290909092 31.930186090909093, 120.13640290909092 31.929886155555554))",1590.94182626648,False
942,39.110054742053585,118.55007835810322,17,berth,"POLYGON((118.54877404999999 39.109464826086956, 118.55170343478261 39.109464826086956, 118.55170343478261 39.11060514285714, 118.54877404999999 39.11060514285714, 118.54877404999999 39.109464826086956))",3133.167631271305,False
944,36.10006752381473,120.32466020423655,7,berth,"POLYGON((120.32443745454545 36.099367125, 120.324930125 36.099367125, 120.324930125 36.10041833333334, 120.32443745454545 36.10041833333334, 120.32443745454545 36.099367125))",1285.6483432068758,True
953,26.469195141666663,119.67050172500001,3,berth,"POLYGON((119.670195 26.46831575, 119.670715375 26.46831575, 119.670715375 26.469919875, 119.670195 26.469919875, 119.670195 26.46831575))",1077.9246000558064,False
954,22.9022739,113.5656946,2,berth,"POLYGON((113.56508060000002 22.902244000000003, 113.5663086 22.902244000000003, 113.5663086 22.9023038, 113.56508060000002 22.9023038, 113.56508060000002 22.902244000000003))",1348.715933666057,False
955,21.718785357635884,108.58514556174843,5,berth,"POLYGON((108.584988625 21.71827812962963, 108.58553746296296 21.71827812962963, 108.58553746296296 21.7191035, 108.584988625 21.7191035, 108.584988625 21.71827812962963))",2766.9080187668997,False
956,22.69577507387719,114.5612931801989,30,berth,"POLYGON((114.55932288888887 22.695475333333334, 114.56306127777778 22.695475333333334, 114.56306127777778 22.695900599999998, 114.55932288888887 22.695900599999998, 114.55932288888887 22.695475333333334))",273.522661272034,False
957,31.94320445808022,120.21359748829444,11,berth,"POLYGON((120.21245950000001 31.943099, 120.21398615384615 31.943099, 120.21398615384615 31.94325634210526, 120.21245950000001 31.94325634210526, 120.21245950000001 31.943099))",840.0523543698843,True
959,32.01835744046341,120.60380021406779,6,berth,"POLYGON((120.60324582269503 32.0180925, 120.6042052 32.0180925, 120.6042052 32.01872189361702, 120.60324582269503 32.01872189361702, 120.60324582269503 32.0180925))",3293.2532529788173,False
964,32.185462305746356,119.5928233202379,2,berth,"POLYGON((119.59279973622047 32.18541651574803, 119.59284690425531 32.18541651574803, 119.59284690425531 32.18550809574468, 119.59279973622047 32.18550809574468, 119.59279973622047 32.18541651574803))",2107.5005416105846,True
965,31.2858642,121.75500615000001,2,berth,"POLYGON((121.75479070000002 31.2856124, 121.7552216 31.2856124, 121.7552216 31.286116, 121.75479070000002 31.286116, 121.75479070000002 31.2856124))",3075.089615507933,False
968,31.278461625,121.75475256249999,2,berth,"POLYGON((121.75457324999999 31.27809725, 121.754931875 31.27809725, 121.754931875 31.278826, 121.75457324999999 31.278826, 121.75457324999999 31.27809725))",2517.044160633245,False
970,31.75831692093177,121.18118958570028,10,berth,"POLYGON((121.18079116666667 31.757584322580644, 121.18164623809523 31.757584322580644, 121.18164623809523 31.758976080000004, 121.18079116666667 31.758976080000004, 121.18079116666667 31.757584322580644))",1846.7291862942618,False
975,30.110917528077657,121.95234239178697,21,berth,"POLYGON((121.95128491666667 30.110757875, 121.9528944 30.110757875, 121.9528944 30.111043666666664, 121.95128491666667 30.111043666666664, 121.95128491666667 30.110757875))",2366.3136723646635,False
976,29.636494783130274,121.94239625176873,12,berth,"POLYGON((121.94219746666666 29.635376977777778, 121.942776229927 29.635376977777778, 121.942776229927 29.636891000000002, 121.94219746666666 29.636891000000002, 121.94219746666666 29.635376977777778))",1589.798433537108,False
978,26.39302390622375,119.77942063481682,7,berth,"POLYGON((119.77830385106382 26.392215531914896, 119.77981706779661 26.392215531914896, 119.77981706779661 26.39332359322034, 119.77830385106382 26.39332359322034, 119.77830385106382 26.392215531914896))",747.8609034408031,False
982,34.74887178781873,119.41538967777534,11,berth,"POLYGON((119.41531565079364 34.748665714285714, 119.41546800000002 34.748665714285714, 119.41546800000002 34.749029916666665, 119.41531565079364 34.749029916666665, 119.41531565079364 34.748665714285714))",221.82546605565454,True
983,22.70783324679487,114.586561125,2,berth,"POLYGON((114.58655900000001 22.70782807692308, 114.58656325 22.70782807692308, 114.58656325 22.707838416666664, 114.58655900000001 22.707838416666664, 114.58655900000001 22.70782807692308))",1843.827473168783,False
984,29.51610050213534,121.6639824511095,8,berth,"POLYGON((121.66392238311688 29.516053555555555, 121.66406061864406 29.516053555555555, 121.66406061864406 29.516159272727272, 121.66392238311688 29.516159272727272, 121.66392238311688 29.516053555555555))",1200.945321068059,False
985,21.607547505058772,108.3271696950675,9,berth,"POLYGON((108.32709533333333 21.60739408, 108.3272318 21.60739408, 108.3272318 21.608100125, 108.32709533333333 21.608100125, 108.32709533333333 21.60739408))",1786.0337992339576,False
989,21.583908141414142,109.58967916666667,3,berth,"POLYGON((109.58908516666666 21.583661, 109.59005533333334 21.583661, 109.59005533333334 21.58409809090909, 109.58908516666666 21.58409809090909, 109.58908516666666 21.583661))",1900.8580732391572,False
991,40.283016826033375,122.09392820141765,4,berth,"POLYGON((122.093623 40.28269918181818, 122.09404678723405 40.28269918181818, 122.09404678723405 40.28317981415929, 122.093623 40.28317981415929, 122.093623 40.28269918181818))",1589.8314549957156,False
992,31.36663487269786,121.59719449464907,2,berth,"POLYGON((121.59715212195123 31.366621867346936, 121.59723686734694 31.366621867346936, 121.59723686734694 31.36664787804878, 121.59715212195123 31.36664787804878, 121.59715212195123 31.366621867346936))",2243.0200366257795,False
993,39.01044389543269,118.45514339523237,4,berth,"POLYGON((118.45508023076923 39.0096003125, 118.45524209375 39.0096003125, 118.45524209375 39.0108401923077, 118.45508023076923 39.0108401923077, 118.45508023076923 39.0096003125))",1678.295625561424,False
994,26.780397292078394,119.71804333244971,4,berth,"POLYGON((119.71784117391304 26.779762083333335, 119.71842845833334 26.779762083333335, 119.71842845833334 26.7806705, 119.71784117391304 26.7806705, 119.71784117391304 26.779762083333335))",1056.0685036323948,False
996,27.49001560871987,120.67582272523808,4,berth,"POLYGON((120.67578070370371 27.490000548387098, 120.67585385 27.490000548387098, 120.67585385 27.490031962962963, 120.67578070370371 27.490031962962963, 120.67578070370371 27.490000548387098))",298.26924033010135,True
997,31.946119186904763,120.12946578511905,3,berth,"POLYGON((120.12858639999999 31.945797399999996, 120.1305708125 31.945797399999996, 120.1305708125 31.946438875, 120.12858639999999 31.946438875, 120.12858639999999 31.945797399999996))",297.42647557820686,True
998,31.4326164074379,121.47081337828068,15,berth,"POLYGON((121.46883572368422 31.43132775, 121.47202675 31.43132775, 121.47202675 31.434415460526314, 121.46883572368422 31.434415460526314, 121.46883572368422 31.43132775))",2131.1167253692897,False
1000,31.335315393939396,121.71382297727271,2,berth,"POLYGON((121.71375145454545 31.335266333333333, 121.7138945 31.335266333333333, 121.7138945 31.335364454545456, 121.71375145454545 31.335364454545456, 121.71375145454545 31.335266333333333))",2572.0044995287562,False
1002,31.376868491695802,121.62708317722903,4,berth,"POLYGON((121.62569953846153 31.376324307692308, 121.6287075 31.376324307692308, 121.6287075 31.377333909090908, 121.62569953846153 31.377333909090908, 121.62569953846153 31.376324307692308))",3834.5251167748256,False
1003,31.3394605,121.70337695833334,2,berth,"POLYGON((121.70269158333333 31.339439, 121.70406233333334 31.339439, 121.70406233333334 31.339482, 121.70269158333333 31.339482, 121.70269158333333 31.339439))",3025.685098319558,False
1005,39.82686123508979,124.15884885919274,7,berth,"POLYGON((124.15868864285714 39.825968571428575, 124.15899064705881 39.825968571428575, 124.15899064705881 39.82731088235295, 124.15868864285714 39.82731088235295, 124.15868864285714 39.825968571428575))",3292.6686894617487,False
1006,26.138301385114406,119.60428991025972,7,berth,"POLYGON((119.60352668181818 26.13795931818182, 119.60449166666666 26.13795931818182, 119.60449166666666 26.138392333333332, 119.60352668181818 26.138392333333332, 119.60352668181818 26.13795931818182))",1052.9326259201275,False
1008,39.08249020458476,118.49087042891473,21,berth,"POLYGON((118.49047075 39.08193627777778, 118.49208733333333 39.08193627777778, 118.49208733333333 39.08275166225165, 118.49047075 39.08275166225165, 118.49047075 39.08193627777778))",2802.546285873798,False
1009,24.83902689351852,118.93370621296296,2,berth,"POLYGON((118.93367592592593 24.839012750000002, 118.93373650000001 24.839012750000002, 118.93373650000001 24.839041037037035, 118.93367592592593 24.839041037037035, 118.93367592592593 24.839012750000002))",3824.1922703439895,False
1012,26.288018468750003,119.87092753125,2,berth,"POLYGON((119.87088 26.2879826875, 119.8709750625 26.2879826875, 119.8709750625 26.288054250000002, 119.87088 26.288054250000002, 119.87088 26.2879826875))",3232.0581049069106,False
1013,35.998556272500004,120.18868226125,3,berth,"POLYGON((120.18863 35.99848988, 120.18874634375 35.99848988, 120.18874634375 35.998675750000004, 120.18863 35.998675750000004, 120.18863 35.99848988))",1544.7757144720606,False
1016,22.2230437375947,113.3843308940341,8,berth,"POLYGON((113.38402612499999 22.222892166666668, 113.38447060000001 22.222892166666668, 113.38447060000001 22.2235565, 113.38402612499999 22.2235565, 113.38402612499999 22.222892166666668))",1337.2594057188794,False
1022,36.09759461589511,120.32693980224025,13,berth,"POLYGON((120.32609633333333 36.097159133333335, 120.3272354347826 36.097159133333335, 120.3272354347826 36.09780834782609, 120.32609633333333 36.09780834782609, 120.32609633333333 36.097159133333335))",1564.123207768372,True
1024,31.668487391666666,121.85193472857144,4,berth,"POLYGON((121.851609 31.668476666666667, 121.8522854 31.668476666666667, 121.8522854 31.6684996, 121.851609 31.6684996, 121.851609 31.668476666666667))",2916.047617047208,False
1031,36.37456343427003,120.87198618553509,4,berth,"POLYGON((120.871893375 36.374319, 120.87206325 36.374319, 120.87206325 36.37480175, 120.871893375 36.37480175, 120.871893375 36.374319))",574.5777942332248,False
1032,24.862623359342106,118.88380090506779,4,berth,"POLYGON((118.88375985087718 24.86261594736842, 118.88384541666666 24.86261594736842, 118.88384541666666 24.86263574, 118.88375985087718 24.86263574, 118.88375985087718 24.86261594736842))",2223.430429214202,False
1033,31.686297843304843,121.82753361823362,2,berth,"POLYGON((121.82753338461538 31.68628553846154, 121.82753385185185 31.68628553846154, 121.82753385185185 31.68631014814815, 121.82753338461538 31.68631014814815, 121.82753338461538 31.68628553846154))",601.9748322663434,False
1039,32.02328567231665,120.6375411517539,3,berth,"POLYGON((120.63733698529413 32.02286677272727, 120.6376468181818 32.02286677272727, 120.6376468181818 32.02412098529412, 120.63733698529413 32.02412098529412, 120.63733698529413 32.02286677272727))",3656.3163782041856,False
1043,32.00436184854851,120.53385787507958,4,berth,"POLYGON((120.53343242857143 32.003474142857144, 120.53433088235295 32.003474142857144, 120.53433088235295 32.005415705882356, 120.53343242857143 32.005415705882356, 120.53343242857143 32.003474142857144))",1146.5949867221664,True
1046,30.396804928571427,122.39553714285714,2,berth,"POLYGON((122.39545899999999 30.396777285714286, 122.39561528571429 30.396777285714286, 122.39561528571429 30.396832571428572, 122.39545899999999 30.396832571428572, 122.39545899999999 30.396777285714286))",2974.674941748245,False
1047,22.144944863636365,113.09989577272728,2,berth,"POLYGON((113.09975409090909 22.144666909090912, 113.10003745454546 22.144666909090912, 113.10003745454546 22.145222818181818, 113.09975409090909 22.145222818181818, 113.09975409090909 22.144666909090912))",2047.6340362485757,False
1048,31.752477921218485,121.18212921113445,2,berth,"POLYGON((121.18189514285714 31.751831985294114, 121.18236327941176 31.751831985294114, 121.18236327941176 31.753123857142857, 121.18189514285714 31.753123857142857, 121.18189514285714 31.751831985294114))",2287.550523965866,False
1050,30.24752384761905,122.1467095047619,2,berth,"POLYGON((122.14668814285713 30.247503266666666, 122.14673086666667 30.247503266666666, 122.14673086666667 30.24754442857143, 122.14668814285713 30.24754442857143, 122.14668814285713 30.247503266666666))",688.3622909654378,False
1051,31.96859915485813,120.42870222563849,7,berth,"POLYGON((120.42791049514562 31.968428, 120.43010144186047 31.968428, 120.43010144186047 31.9688791627907, 120.42791049514562 31.9688791627907, 120.42791049514562 31.968428))",617.5323173022568,True
1052,32.012680428770466,120.63154079872618,3,berth,"POLYGON((120.63149215151516 32.01262652873563, 120.63158848275862 32.01262652873563, 120.63158848275862 32.012725333333336, 120.63149215151516 32.012725333333336, 120.63149215151516 32.01262652873563))",2363.9876965849385,False
1053,30.034750718361686,121.98983804907809,13,berth,"POLYGON((121.98964285333332 30.034464837606837, 121.99017093902438 30.034464837606837, 121.99017093902438 30.035095066666663, 121.98964285333332 30.035095066666663, 121.98964285333332 30.034464837606837))",475.19629897868447,False
1054,30.582009211520745,121.07301145808492,10,berth,"POLYGON((121.07287694736843 30.581908, 121.07323376811594 30.581908, 121.07323376811594 30.582089, 121.07287694736843 30.582089, 121.07287694736843 30.581908))",471.960226137244,False
1055,36.09594474209402,120.31982433611111,2,berth,"POLYGON((120.31950347222222 36.09550512307692, 120.3201452 36.09550512307692, 120.3201452 36.09638436111111, 120.31950347222222 36.09638436111111, 120.31950347222222 36.09550512307692))",791.1989137622546,True
1059,39.04059703095527,118.36661119048063,2,berth,"POLYGON((118.36660998765431 39.040594641975304, 118.36661239330695 39.040594641975304, 118.36661239330695 39.040599419935226, 118.36660998765431 39.040599419935226, 118.36660998765431 39.040594641975304))",506.33752246486443,False
1060,38.17964938583334,118.07819990916664,10,berth,"POLYGON((118.077423 38.178414000000004, 118.07899325 38.178414000000004, 118.07899325 38.180640833333335, 118.077423 38.180640833333335, 118.077423 38.178414000000004))",2870.9740734864163,False
1064,38.18958423795094,118.08232061558442,11,berth,"POLYGON((118.0801445 38.186967, 118.085098 38.186967, 118.085098 38.19206892857143, 118.0801445 38.19206892857143, 118.0801445 38.186967))",3934.5613426298296,False
1065,39.38398217133728,121.750183653658,46,berth,"POLYGON((121.74680132258065 39.3823754, 121.75052385714285 39.3823754, 121.75052385714285 39.384215, 121.74680132258065 39.384215, 121.74680132258065 39.3823754))",1864.8598509891926,False
1067,39.385743297561966,121.74372496724519,13,berth,"POLYGON((121.74200599999999 39.385062833333336, 121.74584216666666 39.385062833333336, 121.74584216666666 39.3865906, 121.74200599999999 39.3865906, 121.74200599999999 39.385062833333336))",1731.053357873851,False
1068,39.27225359642857,121.57468751886448,13,berth,"POLYGON((121.57198700000001 39.27157925, 121.57749057142857 39.27157925, 121.57749057142857 39.273298857142855, 121.57198700000001 39.273298857142855, 121.57198700000001 39.27157925))",2066.972837393433,False
1069,38.18283512045454,118.07940214848486,4,berth,"POLYGON((118.07903116666667 38.182464181818176, 118.0799795 38.182464181818176, 118.0799795 38.18362833333333, 118.07903116666667 38.18362833333333, 118.07903116666667 38.182464181818176))",3163.9245770678276,False
1074,39.27008216666667,121.57193433333333,2,berth,"POLYGON((121.57182633333332 39.26989433333333, 121.57204233333334 39.26989433333333, 121.57204233333334 39.270270000000004, 121.57182633333332 39.270270000000004, 121.57182633333332 39.26989433333333))",2183.6195137692,False
1078,37.58342241515152,121.3883188969697,2,berth,"POLYGON((121.38780406666666 37.58340736363636, 121.38883372727273 37.58340736363636, 121.38883372727273 37.583437466666666, 121.38780406666666 37.583437466666666, 121.38780406666666 37.58340736363636))",461.2586589451603,False
1079,37.583335872619045,121.38494331309523,2,berth,"POLYGON((121.38484147619047 37.583312649999996, 121.38504515 37.583312649999996, 121.38504515 37.583359095238094, 121.38484147619047 37.583359095238094, 121.38484147619047 37.583312649999996))",221.8851227764591,False
1082,37.422629198650675,122.6399186218141,2,berth,"POLYGON((122.63940198275863 37.422286086956525, 122.64043526086957 37.422286086956525, 122.64043526086957 37.422972310344825, 122.63940198275863 37.422972310344825, 122.63940198275863 37.422286086956525))",892.5252086551787,False
1092,32.124038833249706,121.49925663852318,13,berth,"POLYGON((121.4989201594203 32.122225, 121.49965235714286 32.122225, 121.49965235714286 32.12605166666667, 121.4989201594203 32.12605166666667, 121.4989201594203 32.122225))",1825.99632496343,False
1095,31.94846719047619,120.13069783730158,3,berth,"POLYGON((120.12985783333333 31.948345, 120.13119124999999 31.948345, 120.13119124999999 31.948618238095236, 120.12985783333333 31.948618238095236, 120.12985783333333 31.948345))",633.1655059267641,True
1096,31.695534506207828,121.17360602109684,5,berth,"POLYGON((121.17247510526316 31.695357153846153, 121.17404866666668 31.695357153846153, 121.17404866666668 31.695696666666667, 121.17247510526316 31.695696666666667, 121.17247510526316 31.695357153846153))",3302.1656725038983,False
1097,25.424093496058557,119.26894383051803,2,berth,"POLYGON((119.268318625 25.42383845045045, 119.26956903603603 25.42383845045045, 119.26956903603603 25.424348541666664, 119.268318625 25.424348541666664, 119.268318625 25.42383845045045))",2864.9633945917262,False
1098,31.99529147872975,120.00152461047374,3,berth,"POLYGON((120.0011334347826 31.995097549999997, 120.0017235142857 31.995097549999997, 120.0017235142857 31.995631739130435, 120.0011334347826 31.995631739130435, 120.0011334347826 31.995097549999997))",1089.3672712823418,False
1100,29.980615543135546,122.04395038750289,12,berth,"POLYGON((122.0431407878788 29.980486512820516, 122.04413927777779 29.980486512820516, 122.04413927777779 29.981131484848486, 122.0431407878788 29.981131484848486, 122.0431407878788 29.980486512820516))",2832.1710601934456,False
1101,30.115682737684725,121.97208404463352,3,berth,"POLYGON((121.97207063636364 30.11566425, 121.97211042857143 30.11566425, 121.97211042857143 30.11569503448276, 121.97207063636364 30.11569503448276, 121.97207063636364 30.11566425))",119.46854035813682,False
1102,29.930514216136974,121.98694391373162,43,berth,"POLYGON((121.9866919375 29.9298525, 121.98750688461539 29.9298525, 121.98750688461539 29.93085195652174, 121.9866919375 29.93085195652174, 121.9866919375 29.9298525))",62.99758962439339,False
1103,30.156945758270886,122.07939382618531,40,berth,"POLYGON((122.07855264705883 30.156791, 122.0798528 30.156791, 122.0798528 30.157170999999998, 122.07855264705883 30.157170999999998, 122.07855264705883 30.156791))",1207.895306364255,False
1107,29.962263612604616,121.80487957941442,11,berth,"POLYGON((121.8048405909091 29.96223164, 121.80491517948718 29.96223164, 121.80491517948718 29.962326681818183, 121.8048405909091 29.962326681818183, 121.8048405909091 29.96223164))",429.97121694961356,False
1108,31.94250912172192,120.22546140400792,2,berth,"POLYGON((120.22545506382978 31.942496382978725, 120.22546774418605 31.942496382978725, 120.22546774418605 31.942521860465117, 120.22545506382978 31.942521860465117, 120.22545506382978 31.942496382978725))",649.3610541293208,True
1109,38.957498805330836,117.76061838002636,23,berth,"POLYGON((117.7600786 38.95725646341464, 117.76122552272727 38.95725646341464, 117.76122552272727 38.95772242, 117.7600786 38.95772242, 117.7600786 38.95725646341464))",3447.087157385342,False
1110,38.98699366874164,117.77931228555315,4,berth,"POLYGON((117.7792885882353 38.986404125, 117.77937875 38.986404125, 117.77937875 38.98719928125, 117.7792885882353 38.98719928125, 117.7792885882353 38.986404125))",510.38570718391475,False
1111,32.2912432858671,119.85081596411041,4,berth,"POLYGON((119.85079330392156 32.29123416463415, 119.85083666055047 32.29123416463415, 119.85083666055047 32.291254055045876, 119.85079330392156 32.291254055045876, 119.85079330392156 32.29123416463415))",4.5446139729783015,False
1116,31.38012291813646,121.5647885460486,6,berth,"POLYGON((121.56438697619048 31.379847707317072, 121.56533333898304 31.379847707317072, 121.56533333898304 31.380302380952383, 121.56438697619048 31.380302380952383, 121.56438697619048 31.379847707317072))",2479.898982928782,False
1117,29.75605754701946,122.06262471402097,10,berth,"POLYGON((122.06228366666667 29.75543807317073, 122.06288664285715 29.75543807317073, 122.06288664285715 29.75644661764706, 122.06228366666667 29.75644661764706, 122.06228366666667 29.75543807317073))",1343.240132102407,True
1119,29.95347514116466,121.96697565826335,4,berth,"POLYGON((121.96675269696969 29.953034111111112, 121.96716587951806 29.953034111111112, 121.96716587951806 29.9539674, 121.96675269696969 29.9539674, 121.96675269696969 29.953034111111112))",231.12775909751326,False
1120,40.20128850033875,121.96143471714092,2,berth,"POLYGON((121.96136736111112 40.20126880555555, 121.96150207317073 40.20126880555555, 121.96150207317073 40.201308195121946, 121.96136736111112 40.201308195121946, 121.96136736111112 40.20126880555555))",3938.6769573060737,False
1124,32.06946778795281,120.52564369890183,5,berth,"POLYGON((120.5255725974026 32.06943618181818, 120.52570290909091 32.06943618181818, 120.52570290909091 32.069499578947365, 120.5255725974026 32.069499578947365, 120.5255725974026 32.06943618181818))",1645.2929247662191,False
1128,35.57258183354595,119.77167910424396,5,berth,"POLYGON((119.77130509090908 35.57240546969697, 119.77254535714285 35.57240546969697, 119.77254535714285 35.57299838095238, 119.77130509090908 35.57299838095238, 119.77130509090908 35.57240546969697))",2274.566958591596,False
1130,30.683267902940138,121.28555828335276,18,berth,"POLYGON((121.28516717475729 30.683108274647886, 121.28621884615386 30.683108274647886, 121.28621884615386 30.68359534065934, 121.28516717475729 30.68359534065934, 121.28516717475729 30.683108274647886))",1277.8845791326132,False
1131,37.422233001130195,119.94709525090416,2,berth,"POLYGON((119.94696543037975 37.422151037974686, 119.94722507142856 37.422151037974686, 119.94722507142856 37.42231496428571, 119.94696543037975 37.42231496428571, 119.94696543037975 37.422151037974686))",3456.8399489683566,False
1133,21.160837070714436,110.40817386513362,9,berth,"POLYGON((110.40801512345679 21.1607657654321, 110.40825197222222 21.1607657654321, 110.40825197222222 21.160904958333333, 110.40801512345679 21.160904958333333, 110.40801512345679 21.1607657654321))",1548.8861849283599,False
1134,35.5741891989506,119.77461959193911,8,berth,"POLYGON((119.77420036619719 35.57391394117647, 119.77530926530612 35.57391394117647, 119.77530926530612 35.574580499999996, 119.77420036619719 35.574580499999996, 119.77420036619719 35.57391394117647))",2304.9112724826346,False
1140,30.047660640292552,121.97240824634308,2,berth,"POLYGON((121.97207014893615 30.0473418125, 121.97274634375 30.0473418125, 121.97274634375 30.047979468085103, 121.97207014893615 30.047979468085103, 121.97207014893615 30.0473418125))",869.6692294850262,False
1141,37.442260654704995,121.58107232123248,42,berth,"POLYGON((121.57957664583334 37.441981, 121.5815193898305 37.441981, 121.5815193898305 37.442360441860465, 121.57957664583334 37.442360441860465, 121.57957664583334 37.441981))",1734.3072116612975,False
1142,39.59921057076687,122.96259504130782,4,berth,"POLYGON((122.96184025000001 39.598507999999995, 122.96291628947368 39.598507999999995, 122.96291628947368 39.59989965909091, 122.96184025000001 39.59989965909091, 122.96184025000001 39.598507999999995))",1803.860803814962,False
1143,37.25397266909066,119.86471765905138,23,berth,"POLYGON((119.86360098837208 37.25384988888889, 119.86570928125 37.25384988888889, 119.86570928125 37.25403775, 119.86360098837208 37.25403775, 119.86360098837208 37.25384988888889))",3000.840082467559,False
1144,36.018117515395,120.21488851961847,10,berth,"POLYGON((120.213208 36.01537457894737, 120.21656422916668 36.01537457894737, 120.21656422916668 36.02057378571429, 120.213208 36.02057378571429, 120.213208 36.01537457894737))",3008.287552946546,False
1145,37.820314938231,120.84481664619885,3,berth,"POLYGON((120.8444384385965 37.82003487719299, 120.84505325 37.82003487719299, 120.84505325 37.82063925, 120.8444384385965 37.82063925, 120.8444384385965 37.82003487719299))",348.81478421736426,False
1146,37.59643403633411,121.38114911363436,17,berth,"POLYGON((121.38053521428571 37.59578646052631, 121.38210460526317 37.59578646052631, 121.38210460526317 37.59659017857143, 121.38053521428571 37.59659017857143, 121.38053521428571 37.59578646052631))",1437.7258809662992,True
1147,37.7826285260083,120.62555574178559,3,berth,"POLYGON((120.62539423225807 37.782447167741935, 120.62580873913045 37.782447167741935, 120.62580873913045 37.782887108695654, 120.62539423225807 37.782887108695654, 120.62539423225807 37.782447167741935))",620.8518245488284,True
1148,35.91275573212165,120.13830028128241,27,berth,"POLYGON((120.13763739999999 35.911974, 120.1386082 35.911974, 120.1386082 35.9139378, 120.13763739999999 35.9139378, 120.13763739999999 35.911974))",651.8022107314235,True
1149,39.830770739350555,124.15940296143951,24,berth,"POLYGON((124.1592007142857 39.83022941, 124.15960725 39.83022941, 124.15960725 39.83168506172839, 124.1592007142857 39.83168506172839, 124.1592007142857 39.83022941))",2985.194515260313,False
1150,38.81731275271144,121.13285737617572,13,berth,"POLYGON((121.13216769565216 38.81711984615385, 121.13339371428572 38.81711984615385, 121.13339371428572 38.817364, 121.13216769565216 38.817364, 121.13216769565216 38.81711984615385))",366.1933850492445,True
1154,36.887219112051454,122.43879831674273,8,berth,"POLYGON((122.43874075609757 36.88606677777778, 122.43887894444444 36.88606677777778, 122.43887894444444 36.88768940740741, 122.43874075609757 36.88768940740741, 122.43874075609757 36.88606677777778))",868.5048922995592,False
1155,37.78328308976454,120.6293593277389,10,berth,"POLYGON((120.62768330769231 37.78318609090909, 120.63159472972974 37.78318609090909, 120.63159472972974 37.78333471328671, 120.62768330769231 37.78333471328671, 120.62768330769231 37.78318609090909))",616.6430679412462,True
1156,37.27719532768138,118.98859239953597,5,berth,"POLYGON((118.98758272527472 37.276812593406596, 118.98911883606557 37.276812593406596, 118.98911883606557 37.27739023255814, 118.98758272527472 37.27739023255814, 118.98758272527472 37.276812593406596))",238.66684065493115,False
1158,32.316964683707354,119.81930913816204,11,berth,"POLYGON((119.81905766666667 32.316666999999995, 119.8198912 32.316666999999995, 119.8198912 32.31707947126437, 119.81905766666667 32.31707947126437, 119.81905766666667 32.316666999999995))",440.8630020861163,True
1159,29.621965163390662,121.75875251474201,2,berth,"POLYGON((121.75874227272726 29.621964272727272, 121.75876275675677 29.621964272727272, 121.75876275675677 29.621966054054056, 121.75874227272726 29.621966054054056, 121.75874227272726 29.621964272727272))",908.6162283218481,False
1160,27.97535593642686,120.84821871292547,4,berth,"POLYGON((120.84813138144331 27.97529049484536, 120.84830248275861 27.97529049484536, 120.84830248275861 27.97542827586207, 120.84813138144331 27.97542827586207, 120.84813138144331 27.97529049484536))",2431.0713266874845,False
1161,26.7485120460066,119.61283968316582,68,berth,"POLYGON((119.61180833333333 26.748325875, 119.61554346153846 26.748325875, 119.61554346153846 26.7489383, 119.61180833333333 26.7489383, 119.61180833333333 26.748325875))",1470.7766999913974,False
1162,30.84361283333333,121.8429173875,2,berth,"POLYGON((121.84290006666667 30.843583333333335, 121.84293470833332 30.843583333333335, 121.84293470833332 30.84364233333333, 121.84290006666667 30.84364233333333, 121.84290006666667 30.843583333333335))",1411.7215294137675,False
1163,27.972028615625,120.785203421875,2,berth,"POLYGON((120.78518334374999 27.97202803125, 120.7852235 27.97202803125, 120.7852235 27.9720292, 120.78518334374999 27.9720292, 120.78518334374999 27.97202803125))",545.2055521578139,False
1164,37.2755885735025,118.98412242065064,8,berth,"POLYGON((118.98385003333333 37.275434866666664, 118.984371375 37.275434866666664, 118.984371375 37.275706109375, 118.98385003333333 37.275706109375, 118.98385003333333 37.275434866666664))",159.1181297150531,True
1165,30.11112984192186,121.97445230539968,5,berth,"POLYGON((121.97440254545454 30.111092044642856, 121.97453285576923 30.111092044642856, 121.97453285576923 30.11116365263158, 121.97440254545454 30.11116365263158, 121.97440254545454 30.111092044642856))",134.900396106957,False
1166,30.84091113974359,121.82213123739317,5,berth,"POLYGON((121.82207492307693 30.840864615384614, 121.822189 30.840864615384614, 121.822189 30.8409703125, 121.82207492307693 30.8409703125, 121.82207492307693 30.840864615384614))",1654.1763941841411,False
1167,24.678452518935543,118.45179656337424,9,berth,"POLYGON((118.45122904545455 24.677981857142857, 118.45204864705883 24.677981857142857, 118.45204864705883 24.67914109090909, 118.45122904545455 24.67914109090909, 118.45122904545455 24.677981857142857))",1890.0762004976748,True
1168,29.890131781456905,121.97632639024334,10,berth,"POLYGON((121.9754891875 29.89004638596491, 121.97710380000001 29.89004638596491, 121.97710380000001 29.89031490625, 121.9754891875 29.89031490625, 121.9754891875 29.89004638596491))",44.05233782733359,False
1169,37.56784670416667,121.38783951041668,8,berth,"POLYGON((121.38664466666667 37.56746116666667, 121.38847533333335 37.56746116666667, 121.38847533333335 37.56794433333334, 121.38664466666667 37.56794433333334, 121.38664466666667 37.56746116666667))",668.0007121186377,False
1171,37.4175787979798,122.65581655050505,2,berth,"POLYGON((122.65569954545454 37.41737581818182, 122.65593355555555 37.41737581818182, 122.65593355555555 37.417781777777776, 122.65569954545454 37.417781777777776, 122.65569954545454 37.41737581818182))",380.52578332708345,False
1172,39.27513931340659,121.58169451443223,3,berth,"POLYGON((121.58148584 39.27506185714286, 121.58207784615385 39.27506185714286, 121.58207784615385 39.27528216, 121.58148584 39.27528216, 121.58148584 39.27506185714286))",1837.2453975463288,False
1175,39.973909188311694,119.83746548501499,2,berth,"POLYGON((119.8372310909091 39.97379509090909, 119.83769987912088 39.97379509090909, 119.83769987912088 39.97402328571429, 119.8372310909091 39.97402328571429, 119.8372310909091 39.97379509090909))",1075.2687012054644,False
1176,34.74542757198512,119.41674692425575,18,berth,"POLYGON((119.41614767741936 34.74437887096774, 119.41775336363638 34.74437887096774, 119.41775336363638 34.74722781818181, 119.41614767741936 34.74722781818181, 119.41614767741936 34.74437887096774))",679.6807210071757,True
1177,35.34713841995643,119.53413719235404,7,berth,"POLYGON((119.53405077272727 35.345459035714285, 119.53419094444445 35.345459035714285, 119.53419094444445 35.349122904761906, 119.53405077272727 35.349122904761906, 119.53405077272727 35.345459035714285))",1493.752264717274,False
1179,35.08820935428529,119.36394939093368,7,berth,"POLYGON((119.36375047222221 35.087446799999995, 119.36408071052631 35.087446799999995, 119.36408071052631 35.08915787931034, 119.36375047222221 35.08915787931034, 119.36375047222221 35.087446799999995))",1380.4960183214432,False
1180,34.73747522,119.45376333,2,berth,"POLYGON((119.45375442000001 34.73747012, 119.45377223999999 34.73747012, 119.45377223999999 34.73748032, 119.45375442000001 34.73748032, 119.45375442000001 34.73747012))",111.96296940952548,True
1182,27.978678313349665,120.85964402370888,4,berth,"POLYGON((120.85919737662337 27.978443090909092, 120.85980448888888 27.978443090909092, 120.85980448888888 27.978800777777778, 120.85919737662337 27.978800777777778, 120.85919737662337 27.978443090909092))",2305.6406812221153,False
1183,26.814026933501005,119.68591734551453,5,berth,"POLYGON((119.68582122727274 26.813664684210526, 119.68606828947368 26.813664684210526, 119.68606828947368 26.814264363636365, 119.68582122727274 26.814264363636365, 119.68582122727274 26.813664684210526))",178.22701782830615,True
1185,29.48360566195817,121.48313185586541,7,berth,"POLYGON((121.48244525581396 29.483102162790697, 121.48378570940172 29.483102162790697, 121.48378570940172 29.484131102564103, 121.48244525581396 29.484131102564103, 121.48244525581396 29.483102162790697))",900.8543794992376,False
1186,35.9925818230261,120.2723022783932,5,berth,"POLYGON((120.27216673584905 35.99244155555556, 120.27235680555555 35.99244155555556, 120.27235680555555 35.992976490566036, 120.27216673584905 35.992976490566036, 120.27216673584905 35.99244155555556))",62.363952207924164,False
1187,35.096474640999226,119.37127426063367,5,berth,"POLYGON((119.37022217948717 35.09618636170213, 119.37204057446809 35.09618636170213, 119.37204057446809 35.096851046357614, 119.37022217948717 35.096851046357614, 119.37022217948717 35.09618636170213))",1356.4775241564614,False
1189,36.02422659097315,120.21954105320138,3,berth,"POLYGON((120.21926049122807 36.02397678461538, 120.22008422222221 36.02397678461538, 120.22008422222221 36.02462244444445, 120.21926049122807 36.02462244444445, 120.21926049122807 36.02397678461538))",3543.555230578385,False
1190,36.02639233871502,120.22280616995357,6,berth,"POLYGON((120.22172315384616 36.02564965384615, 120.2239118095238 36.02564965384615, 120.2239118095238 36.02713704761905, 120.22172315384616 36.02713704761905, 120.22172315384616 36.02564965384615))",3731.981883796486,False
1191,34.453679775,119.787462725,2,berth,"POLYGON((119.78724675000001 34.4536153, 119.78767869999999 34.4536153, 119.78767869999999 34.45374425, 119.78724675000001 34.45374425, 119.78724675000001 34.4536153))",3808.14686746612,True
1192,34.738394291437544,119.44710480597016,2,berth,"POLYGON((119.4470496119403 34.73838710526315, 119.44716 34.73838710526315, 119.44716 34.73840147761194, 119.4470496119403 34.73840147761194, 119.4470496119403 34.73838710526315))",474.7272906903925,True
1193,32.0234176830303,120.78639010727272,2,berth,"POLYGON((120.78636675999999 32.02341193939394, 120.78641345454547 32.02341193939394, 120.78641345454547 32.02342342666667, 120.78636675999999 32.02342342666667, 120.78636675999999 32.02341193939394))",520.8692246569526,False
1196,31.919082997823875,120.19237185436305,7,berth,"POLYGON((120.19234046341464 31.919013260869566, 120.1924358 31.919013260869566, 120.1924358 31.919145099999998, 120.19234046341464 31.919145099999998, 120.19234046341464 31.919013260869566))",1774.5566876775301,False
1198,29.888384895269766,121.95834843861223,41,berth,"POLYGON((121.95749807317074 29.888132362068966, 121.9592656764706 29.888132362068966, 121.9592656764706 29.888623029411765, 121.95749807317074 29.888623029411765, 121.95749807317074 29.888132362068966))",48.88111182894437,False
1200,35.97889315331709,120.24676406874858,5,berth,"POLYGON((120.24674221568628 35.97885810576923, 120.24681078723405 35.97885810576923, 120.24681078723405 35.978916625000004, 120.24674221568628 35.978916625000004, 120.24674221568628 35.97885810576923))",307.2648146095423,False
1201,31.42097185734356,121.47193005150389,19,berth,"POLYGON((121.4704171754386 31.42003757142857, 121.47417962698414 31.42003757142857, 121.47417962698414 31.422316230158728, 121.4704171754386 31.422316230158728, 121.4704171754386 31.42003757142857))",971.0691207937077,False
1202,37.59588339699074,121.39668391435185,2,berth,"POLYGON((121.396107125 37.59567948148148, 121.39726070370371 37.59567948148148, 121.39726070370371 37.5960873125, 121.396107125 37.5960873125, 121.396107125 37.59567948148148))",236.10366511618386,True
1203,28.69273548087187,121.48363647547188,13,berth,"POLYGON((121.48356536363636 28.692582333333334, 121.48369948648647 28.692582333333334, 121.48369948648647 28.692789769230767, 121.48356536363636 28.692789769230767, 121.48356536363636 28.692582333333334))",1150.3443362674723,False
1204,35.1104898876753,119.3784190135711,15,berth,"POLYGON((119.37825383333335 35.11007022222222, 119.37851334615385 35.11007022222222, 119.37851334615385 35.1109156, 119.37825383333335 35.1109156, 119.37825383333335 35.11007022222222))",1201.4956375640475,False
1205,22.739574406871192,114.61113748935969,13,berth,"POLYGON((114.61097594444443 22.73910191891892, 114.61138297142857 22.73910191891892, 114.61138297142857 22.739779448275865, 114.61097594444443 22.739779448275865, 114.61097594444443 22.73910191891892))",641.1531438947708,False
1206,21.724716995758428,108.5928450596413,4,berth,"POLYGON((108.59257090909091 21.7241574893617, 108.59315494117648 21.7241574893617, 108.59315494117648 21.72541505882353, 108.59257090909091 21.72541505882353, 108.59257090909091 21.7241574893617))",1862.0719497079215,False
1208,34.608532150983514,119.56012617851381,4,berth,"POLYGON((119.55912696551724 34.608389947368416, 119.5607302631579 34.608389947368416, 119.5607302631579 34.608906, 119.55912696551724 34.608906, 119.55912696551724 34.608389947368416))",1045.953319046055,False
1210,27.97903047326379,120.91294609426883,21,berth,"POLYGON((120.91196911428571 27.97878538181818, 120.91393267272727 27.97878538181818, 120.91393267272727 27.979306275862072, 120.91196911428571 27.979306275862072, 120.91196911428571 27.97878538181818))",741.4901617631327,False
1211,23.072865979589068,113.49215403926358,8,berth,"POLYGON((113.492017 23.072147416666667, 113.49226983333334 23.072147416666667, 113.49226983333334 23.07386475471698, 113.492017 23.07386475471698, 113.492017 23.072147416666667))",931.5974593759357,True
1212,37.59489364990601,121.409360581297,2,berth,"POLYGON((121.40921751973684 37.594835714285715, 121.40950364285713 37.594835714285715, 121.40950364285713 37.59495158552632, 121.40921751973684 37.59495158552632, 121.40921751973684 37.594835714285715))",94.69451381434867,False
1215,39.10150311428571,118.50678906190474,3,berth,"POLYGON((118.50670482857142 39.101425428571424, 118.50684799999999 39.101425428571424, 118.50684799999999 39.10154491428571, 118.50670482857142 39.10154491428571, 118.50670482857142 39.101425428571424))",1338.9834695119798,False
1217,38.99676670763454,121.65908221856908,14,berth,"POLYGON((121.65866335999999 38.996743985507244, 121.6591461328125 38.996743985507244, 121.6591461328125 38.9969273, 121.65866335999999 38.9969273, 121.65866335999999 38.996743985507244))",883.6728742840537,False
1218,26.464183436029312,119.61693144547715,17,berth,"POLYGON((119.61654278571429 26.463958, 119.617118875 26.463958, 119.617118875 26.4643084375, 119.61654278571429 26.4643084375, 119.61654278571429 26.463958))",590.2571693314497,False
1223,31.35646787387801,121.50283485121088,10,berth,"POLYGON((121.50264895918367 31.356081439024386, 121.50334190243903 31.356081439024386, 121.50334190243903 31.356587111111114, 121.50264895918367 31.356587111111114, 121.50264895918367 31.356081439024386))",3844.017700491736,True
1224,21.7291949719318,108.59603320011705,8,berth,"POLYGON((108.5950576923077 21.72841916666667, 108.59674986363638 21.72841916666667, 108.59674986363638 21.73067347457627, 108.5950576923077 21.73067347457627, 108.5950576923077 21.72841916666667))",1327.5236538257784,False
1225,32.13868132974387,119.90075005103266,6,berth,"POLYGON((119.90009426666667 32.137765, 119.90152259999999 32.137765, 119.90152259999999 32.13966204166667, 119.90009426666667 32.13966204166667, 119.90009426666667 32.137765))",858.3579697016999,False
1227,29.968409039999997,121.79263878,2,berth,"POLYGON((121.79259424 29.968383439999997, 121.79268332 29.968383439999997, 121.79268332 29.96843464, 121.79259424 29.96843464, 121.79259424 29.968383439999997))",474.39235148561255,False
1228,32.02471711363636,120.78276397240259,2,berth,"POLYGON((120.78275490909091 32.024707, 120.78277303571429 32.024707, 120.78277303571429 32.02472722727273, 120.78275490909091 32.02472722727273, 120.78275490909091 32.024707))",447.5213602394549,False
1229,24.67556532200579,118.45347789618327,7,berth,"POLYGON((118.45344159999999 24.675517875, 118.45353889473685 24.675517875, 118.45353889473685 24.67559760465116, 118.45344159999999 24.67559760465116, 118.45344159999999 24.675517875))",2079.7973546225603,True
1230,37.57744050546822,121.3919605205058,2,berth,"POLYGON((121.39182688311688 37.57740816883117, 121.39209415789473 37.57740816883117, 121.39209415789473 37.577472842105266, 121.39182688311688 37.577472842105266, 121.39182688311688 37.57740816883117))",1162.1632522878133,False
1231,24.670067902433846,118.45131667699842,12,berth,"POLYGON((118.45077699999999 24.669410944444444, 118.45162257142856 24.669410944444444, 118.45162257142856 24.67043581818182, 118.45077699999999 24.67043581818182, 118.45077699999999 24.669410944444444))",1844.0938970668826,True
1233,37.597971522857144,121.38617428571429,2,berth,"POLYGON((121.38614057142857 37.59793128571429, 121.38620800000001 37.59793128571429, 121.38620800000001 37.59801176, 121.38614057142857 37.59801176, 121.38614057142857 37.59793128571429))",1229.8374979952694,True
1234,38.982040066247,117.76028420800023,30,berth,"POLYGON((117.75786505454545 38.98162728571429, 117.76138431707318 38.98162728571429, 117.76138431707318 38.98266415, 117.75786505454545 38.98266415, 117.75786505454545 38.98162728571429))",60.97414692946382,True
1235,28.692884834637244,121.50307542918796,8,berth,"POLYGON((121.50296455555555 28.692839363636367, 121.503291125 28.692839363636367, 121.503291125 28.6929483125, 121.50296455555555 28.6929483125, 121.50296455555555 28.692839363636367))",952.3791270996827,False
1237,39.50846551881684,121.32283198392143,19,berth,"POLYGON((121.32183124242424 39.507926348484844, 121.3239794736842 39.507926348484844, 121.3239794736842 39.50903336363636, 121.32183124242424 39.50903336363636, 121.32183124242424 39.507926348484844))",64.02637647445378,True
1238,28.686755174012063,121.45350746352617,8,berth,"POLYGON((121.45340313636365 28.686684020408162, 121.453578 28.686684020408162, 121.453578 28.68686323076923, 121.45340313636365 28.68686323076923, 121.45340313636365 28.686684020408162))",368.7502156316533,True
1239,36.879074265939586,122.43830726162659,29,berth,"POLYGON((122.43730126150832 36.87895575, 122.43835377777776 36.87895575, 122.43835377777776 36.879131615384615, 122.43730126150832 36.879131615384615, 122.43730126150832 36.87895575))",346.8584917714638,False
1240,30.84102937102647,121.81787365064935,6,berth,"POLYGON((121.81714981818182 30.84095873076923, 121.81819949999999 30.84095873076923, 121.81819949999999 30.841080178571428, 121.81714981818182 30.841080178571428, 121.81714981818182 30.84095873076923))",1616.853966108496,False
1241,31.92286738685603,120.1933690235032,3,berth,"POLYGON((120.19250114035088 31.922691719298243, 120.19381314444443 31.922691719298243, 120.19381314444443 31.922968785714286, 120.19250114035088 31.922968785714286, 120.19250114035088 31.922691719298243))",1818.511184610324,False
1242,32.326583567643375,119.74178997325053,11,berth,"POLYGON((119.74072213043478 32.32625895652174, 119.7421265 32.32625895652174, 119.7421265 32.326745425, 119.74072213043478 32.326745425, 119.74072213043478 32.32625895652174))",42.37062916078033,False
1243,29.755840359929575,122.14338844744606,18,berth,"POLYGON((122.14333065714285 29.7556916, 122.14345180188678 29.7556916, 122.14345180188678 29.75593793137255, 122.14333065714285 29.75593793137255, 122.14333065714285 29.7556916))",2278.5102835939,False
1246,30.030396942908567,121.99900138406402,6,berth,"POLYGON((121.99868945 30.029969666666666, 121.99943655555556 30.029969666666666, 121.99943655555556 30.030650387096774, 121.99868945 30.030650387096774, 121.99868945 30.029969666666666))",660.3491017702408,False
1247,36.859798691761554,122.3787500771885,11,berth,"POLYGON((122.37834813043477 36.85958178947368, 122.3802074883721 36.85958178947368, 122.3802074883721 36.86023539534884, 122.37834813043477 36.86023539534884, 122.37834813043477 36.85958178947368))",26.196139892994893,True
1248,39.97689890151938,119.82861178151995,6,berth,"POLYGON((119.82859226666666 39.97683035483871, 119.8286378125 39.97683035483871, 119.8286378125 39.97718401388889, 119.82859226666666 39.97718401388889, 119.82859226666666 39.97683035483871))",279.44873370630717,False
1249,39.97752950374331,119.83520553672014,3,berth,"POLYGON((119.83459534545455 39.9773688, 119.83553326470589 39.9773688, 119.83553326470589 39.977777181818176, 119.83459534545455 39.977777181818176, 119.83459534545455 39.9773688))",492.54462785830043,False
1250,39.972368821428574,119.83406664285715,2,berth,"POLYGON((119.83405328571429 39.97235414285714, 119.83408000000001 39.97235414285714, 119.83408000000001 39.9723835, 119.83405328571429 39.9723835, 119.83405328571429 39.97235414285714))",1126.8759427872362,False
1251,31.946836809829062,120.0817198470696,3,berth,"POLYGON((120.08164657142858 31.946786142857142, 120.08185582692307 31.946786142857142, 120.08185582692307 31.946870096153848, 120.08164657142858 31.946870096153848, 120.08164657142858 31.946786142857142))",1376.8246111831047,False
1254,28.163424420923462,121.10928835285026,5,berth,"POLYGON((121.109178 28.163054199999998, 121.10953057142856 28.163054199999998, 121.10953057142856 28.164416505494504, 121.109178 28.164416505494504, 121.109178 28.163054199999998))",2358.417642584435,False
1256,19.0515230625,108.62249210416667,2,berth,"POLYGON((108.622489875 19.051520125, 108.62249433333334 19.051520125, 108.62249433333334 19.051526, 108.622489875 19.051526, 108.622489875 19.051520125))",980.9874114959871,False
1260,39.978642627551025,119.83124031077098,7,berth,"POLYGON((119.83090325 39.97807, 119.83151271428572 39.97807, 119.83151271428572 39.97906777777777, 119.83090325 39.97906777777777, 119.83090325 39.97807))",166.1273918316333,False
1261,39.98676790679995,119.83126915874092,8,berth,"POLYGON((119.83103783333333 39.986756166666666, 119.83155975 39.986756166666666, 119.83155975 39.9867955, 119.83103783333333 39.9867955, 119.83103783333333 39.986756166666666))",912.1584591616285,True
1262,39.975918507019976,119.82652040896699,10,berth,"POLYGON((119.82610671428571 39.975749071428574, 119.82703810752687 39.975749071428574, 119.82703810752687 39.976134489247315, 119.82610671428571 39.976134489247315, 119.82610671428571 39.975749071428574))",315.5377437527458,False
1263,39.96657164285714,119.82372092857143,2,berth,"POLYGON((119.82372 39.966567999999995, 119.82372185714287 39.966567999999995, 119.82372185714287 39.966575285714285, 119.82372 39.966575285714285, 119.82372 39.966567999999995))",1431.1798731174208,False
1265,31.989627324830145,120.61367477246974,34,berth,"POLYGON((120.6110387070707 31.98899329292929, 120.6168965 31.98899329292929, 120.6168965 31.99040175, 120.6110387070707 31.99040175, 120.6110387070707 31.98899329292929))",373.98159850930506,True
1267,37.422433377296215,122.65525938113032,20,berth,"POLYGON((122.65517799999999 37.422196666666665, 122.65529533333334 37.422196666666665, 122.65529533333334 37.422525, 122.65517799999999 37.422525, 122.65517799999999 37.422196666666665))",1050.244404736041,False
1268,37.42030727663141,122.63594987200582,9,berth,"POLYGON((122.63570233333333 37.42023433333333, 122.63609550000001 37.42023433333333, 122.63609550000001 37.42036720833333, 122.63570233333333 37.42036720833333, 122.63570233333333 37.42023433333333))",521.1196853688523,False
1269,38.98420813050724,117.74146493333333,5,berth,"POLYGON((117.74142 38.98413175, 117.74150666666667 38.98413175, 117.74150666666667 38.9842616, 117.74142 38.9842616, 117.74142 38.98413175))",237.04858813478796,True
1271,34.58770007043011,119.61212041989246,3,berth,"POLYGON((119.6120666 34.587550799999995, 119.61216325 34.587550799999995, 119.61216325 34.58778016129032, 119.6120666 34.58778016129032, 119.6120666 34.587550799999995))",2576.0997153496874,False
1276,37.55728675,121.43389195238095,2,berth,"POLYGON((121.43385523809523 37.55707566666666, 121.43392866666666 37.55707566666666, 121.43392866666666 37.557497833333336, 121.43385523809523 37.557497833333336, 121.43385523809523 37.55707566666666))",3005.045137004258,False
1280,38.16932414341736,118.0739119210084,3,berth,"POLYGON((118.0734132 38.16878357142857, 118.07421570588235 38.16878357142857, 118.07421570588235 38.17007905882353, 118.0734132 38.17007905882353, 118.0734132 38.16878357142857))",2032.5509707838025,False
1286,38.17307612142857,118.07576843095238,3,berth,"POLYGON((118.07522939999998 38.17236425, 118.07621914285714 38.17236425, 118.07621914285714 38.17397671428571, 118.07522939999998 38.17397671428571, 118.07522939999998 38.17236425))",2367.158356109782,False
1293,37.82190691453776,120.83973587119787,4,berth,"POLYGON((120.83880942857142 37.82165857142857, 120.84009672727274 37.82165857142857, 120.84009672727274 37.82206030263158, 120.83880942857142 37.82206030263158, 120.83880942857142 37.82165857142857))",714.7713315843988,False
1294,37.664534925512264,120.3065657450986,5,berth,"POLYGON((120.3062827 37.66428654545455, 120.30689325925925 37.66428654545455, 120.30689325925925 37.664908777777775, 120.3062827 37.664908777777775, 120.3062827 37.66428654545455))",16.831161082061048,False
1296,37.71978256507937,121.12238971031745,3,berth,"POLYGON((121.12222249999999 37.7194276, 121.12255571428571 37.7194276, 121.12255571428571 37.72042966666667, 121.12222249999999 37.72042966666667, 121.12222249999999 37.7194276))",1872.586700409448,False
1297,37.657623034231925,120.31625327699328,3,berth,"POLYGON((120.31600358536585 37.65740266666666, 120.31653191228071 37.65740266666666, 120.31653191228071 37.657917365853656, 120.31600358536585 37.657917365853656, 120.31600358536585 37.65740266666666))",635.8410052205347,True
1299,26.4954487,119.85205205000001,2,berth,"POLYGON((119.85179740000001 26.4951394, 119.85230670000001 26.4951394, 119.85230670000001 26.495758000000002, 119.85179740000001 26.495758000000002, 119.85179740000001 26.4951394))",3497.717428408269,False
1308,32.08894488177984,119.92986512355387,8,berth,"POLYGON((119.92895133333333 32.088147142857146, 119.93047664999999 32.088147142857146, 119.93047664999999 32.09068439130435, 119.92895133333333 32.09068439130435, 119.92895133333333 32.088147142857146))",605.6451188622282,False
1310,26.803916003492066,119.69294949888888,7,berth,"POLYGON((119.6927496 26.803789000000002, 119.69307912000001 26.803789000000002, 119.69307912000001 26.804046, 119.6927496 26.804046, 119.6927496 26.803789000000002))",1115.9828019396082,False
1311,31.99453177230047,120.57744375821596,2,berth,"POLYGON((120.57726233333334 31.994456211267604, 120.5776251830986 31.994456211267604, 120.5776251830986 31.994607333333335, 120.57726233333334 31.994607333333335, 120.57726233333334 31.994456211267604))",661.9337106756858,True
1316,32.08431318912232,119.93092405815825,6,berth,"POLYGON((119.9297546 32.08351035, 119.932191625 32.08351035, 119.932191625 32.0851886, 119.9297546 32.0851886, 119.9297546 32.08351035))",836.7796121439818,False
1318,25.981667,119.446667,2,berth,"POLYGON((119.446667 25.981667, 119.446667 25.981667, 119.446667 25.981667, 119.446667 25.981667, 119.446667 25.981667))",29.000023545551574,False
1319,31.80374612530448,121.0612847834227,11,berth,"POLYGON((121.06106057894738 31.80370452631579, 121.06149116666667 31.80370452631579, 121.06149116666667 31.803843076923076, 121.06106057894738 31.803843076923076, 121.06106057894738 31.80370452631579))",1173.5387081425272,False
1321,29.948836230324076,121.97024132060184,2,berth,"POLYGON((121.9699126875 29.94849839814815, 121.9705699537037 29.94849839814815, 121.9705699537037 29.9491740625, 121.9699126875 29.9491740625, 121.9699126875 29.94849839814815))",143.03834478469187,False
1325,29.92070990500496,121.99881608295755,24,berth,"POLYGON((121.99841585714287 29.92038522222222, 121.99925764705883 29.92038522222222, 121.99925764705883 29.921104145833336, 121.99841585714287 29.921104145833336, 121.99841585714287 29.92038522222222))",638.158187319104,False
1327,30.280525278954975,122.2339699983287,22,berth,"POLYGON((122.23378936666667 30.280486470588237, 122.23405289189189 30.280486470588237, 122.23405289189189 30.280585055555555, 122.23378936666667 30.280585055555555, 122.23378936666667 30.280486470588237))",424.3408483483409,False
1329,29.781486543795303,122.13198261545696,10,berth,"POLYGON((122.13177951428572 29.781067692307694, 122.1321175952381 29.781067692307694, 122.1321175952381 29.78207387878788, 122.13177951428572 29.78207387878788, 122.13177951428572 29.781067692307694))",1158.220125660947,False
1330,39.045532273979966,118.51991148119816,57,berth,"POLYGON((118.519658 39.045365464285716, 118.52089428571428 39.045365464285716, 118.52089428571428 39.04576375, 118.519658 39.04576375, 118.519658 39.045365464285716))",256.6416893661018,True
1331,38.966478291404236,121.6549188065535,20,berth,"POLYGON((121.65442738095238 38.96614485714286, 121.65526344444444 38.96614485714286, 121.65526344444444 38.96663711111111, 121.65442738095238 38.96663711111111, 121.65442738095238 38.96614485714286))",135.78717018222838,False
1332,40.79742361872697,121.06789566277187,15,berth,"POLYGON((121.06748799999998 40.79722611111111, 121.06893851219513 40.79722611111111, 121.06893851219513 40.79774428571428, 121.06748799999998 40.79774428571428, 121.06748799999998 40.79722611111111))",786.6907421433227,False
1334,38.97145479473123,117.76642037411173,14,berth,"POLYGON((117.76638192982456 38.97133480357143, 117.76645137179487 38.97133480357143, 117.76645137179487 38.97149520833333, 117.76638192982456 38.97149520833333, 117.76638192982456 38.97133480357143))",1420.5104650614026,False
1337,37.7223406924765,121.07687809309283,11,berth,"POLYGON((121.0758662195122 37.72221793220339, 121.07701702702703 37.72221793220339, 121.07701702702703 37.722392425925925, 121.0758662195122 37.722392425925925, 121.0758662195122 37.72221793220339))",1384.4583528471635,False
1340,38.97719149895132,121.8986460585191,3,berth,"POLYGON((121.8986416111111 38.97718374418604, 121.89865158139536 38.97718374418604, 121.89865158139536 38.97719548148148, 121.8986416111111 38.97719548148148, 121.8986416111111 38.97718374418604))",395.3925455426342,False
1341,38.97221522833413,117.7609846496792,5,berth,"POLYGON((117.76095890196079 38.97212154901961, 117.7609968627451 38.97212154901961, 117.7609968627451 38.97228203636364, 117.76095890196079 38.97228203636364, 117.76095890196079 38.97212154901961))",1340.5821183454543,False
1342,38.97176765762583,117.76347440004221,9,berth,"POLYGON((117.76344709803921 38.97172473469388, 117.763495546875 38.97172473469388, 117.763495546875 38.971884453125, 117.76344709803921 38.971884453125, 117.76344709803921 38.97172473469388))",1391.3893826170959,False
1343,38.97751185810538,121.9025518367909,12,berth,"POLYGON((121.90225078947368 38.9768272, 121.90314668421053 38.9768272, 121.90314668421053 38.97788087719298, 121.90225078947368 38.97788087719298, 121.90225078947368 38.9768272))",828.1870997709701,False
1345,38.972857792600614,117.75806163760365,7,berth,"POLYGON((117.75792987755102 38.972841781818175, 117.75809609615385 38.972841781818175, 117.75809609615385 38.972885020408164, 117.75792987755102 38.972885020408164, 117.75792987755102 38.972841781818175))",1264.1837044039248,False
1348,37.659914905725465,120.3018664839055,3,berth,"POLYGON((120.30185696721311 37.65990498360655, 120.30187809615384 37.65990498360655, 120.30187809615384 37.65993229126214, 120.30185696721311 37.65993229126214, 120.30185696721311 37.65990498360655))",739.8955386876373,False
1350,37.72233699554264,121.08096023462001,5,berth,"POLYGON((121.08084436666667 37.722186125, 121.08121071794871 37.722186125, 121.08121071794871 37.722413186046516, 121.08084436666667 37.722413186046516, 121.08084436666667 37.722186125))",1448.9299804514399,False
1352,22.917174047619053,113.55904152380953,3,berth,"POLYGON((113.558333 22.916667, 113.559843 22.916667, 113.559843 22.917830142857145, 113.558333 22.917830142857145, 113.558333 22.916667))",782.225074842414,False
1355,30.24742825313059,122.1656943157424,2,berth,"POLYGON((122.16525028846155 30.247330563953486, 122.16613834302326 30.247330563953486, 122.16613834302326 30.247525942307693, 122.16525028846155 30.247525942307693, 122.16525028846155 30.247330563953486))",263.96218794485253,False
1356,37.81592976939393,120.83711066787879,2,berth,"POLYGON((120.83710457575758 37.815909659999996, 120.83711675999999 37.815909659999996, 120.83711675999999 37.815949878787876, 120.83710457575758 37.815949878787876, 120.83710457575758 37.815909659999996))",20.2274690839472,True
1359,37.64910062622951,120.28314324885245,2,berth,"POLYGON((120.28311413770491 37.6490512, 120.28317236 37.6490512, 120.28317236 37.64915005245902, 120.28311413770491 37.64915005245902, 120.28311413770491 37.6490512))",3143.193367353492,False
1360,37.65884506828283,120.31388901828284,3,berth,"POLYGON((120.3135140378788 37.658599333333335, 120.31413465333334 37.658599333333335, 120.31413465333334 37.65907005333333, 120.3135140378788 37.65907005333333, 120.3135140378788 37.658599333333335))",452.85587536204656,True
1361,31.70249749166667,121.160613825,2,berth,"POLYGON((121.16058225 31.702113583333333, 121.16064539999999 31.702113583333333, 121.16064539999999 31.702881400000003, 121.16058225 31.702881400000003, 121.16058225 31.702113583333333))",2950.239834029166,False
1364,22.94680950248016,116.54264382341269,3,berth,"POLYGON((116.54251242857143 22.94670428125, 116.542827875 22.94670428125, 116.542827875 22.946936142857144, 116.54251242857143 22.946936142857144, 116.54251242857143 22.94670428125))",3656.525756565081,False
1368,30.115101675727544,121.94773400240845,158,berth,"POLYGON((121.94700025 30.114946, 121.94800972727272 30.114946, 121.94800972727272 30.11598625, 121.94700025 30.11598625, 121.94700025 30.114946))",2596.274152817031,False
1372,22.736412819194417,114.62841036338943,10,berth,"POLYGON((114.62812588888889 22.735904736842105, 114.62859466666667 22.735904736842105, 114.62859466666667 22.737011333333335, 114.62812588888889 22.737011333333335, 114.62812588888889 22.735904736842105))",1911.8765512869409,False
1374,31.908511976190475,120.89352017857142,2,berth,"POLYGON((120.89321749999999 31.907994285714285, 120.89382285714285 31.907994285714285, 120.89382285714285 31.90902966666667, 120.89321749999999 31.90902966666667, 120.89321749999999 31.907994285714285))",2238.2798230382455,False
1376,31.911960175,120.891834375,2,berth,"POLYGON((120.89168744999999 31.91179915, 120.8919813 31.91179915, 120.8919813 31.9121212, 120.89168744999999 31.9121212, 120.89168744999999 31.91179915))",2220.677329456311,False
1378,21.687141077054164,111.82295138354105,8,berth,"POLYGON((111.82235154545455 21.6860985, 111.82337824999999 21.6860985, 111.82337824999999 21.688162545454546, 111.82235154545455 21.688162545454546, 111.82235154545455 21.6860985))",1571.2475360850938,False
1380,31.916461840909093,120.88641097727273,2,berth,"POLYGON((120.88623050000001 31.9163465, 120.88659145454545 31.9163465, 120.88659145454545 31.916577181818184, 120.88623050000001 31.916577181818184, 120.88623050000001 31.9163465))",2449.069255756854,False
1381,29.018519826015808,121.71270897519935,99,berth,"POLYGON((121.71253477777776 29.018388075, 121.7129265 29.018388075, 121.7129265 29.0186062, 121.71253477777776 29.0186062, 121.71253477777776 29.018388075))",2558.023582221827,False
1391,32.01529146708074,119.98414547847051,4,berth,"POLYGON((119.98406835714286 32.01523378571429, 119.984254875 32.01523378571429, 119.984254875 32.0153325, 119.98406835714286 32.0153325, 119.98406835714286 32.01523378571429))",777.9571090656717,False
1394,21.732253914507595,108.57922557651476,6,berth,"POLYGON((108.57862305555555 21.732027428571428, 108.57955932258065 21.732027428571428, 108.57955932258065 21.733276888888888, 108.57862305555555 21.733276888888888, 108.57862305555555 21.732027428571428))",1946.9746372534732,False
1396,22.707762871212125,114.58389697632578,4,berth,"POLYGON((114.5838135 22.707610166666665, 114.58394900000002 22.707610166666665, 114.58394900000002 22.707832636363637, 114.5838135 22.707832636363637, 114.5838135 22.707610166666665))",1562.0899598378858,False
1399,29.760069669601677,122.14924255324947,3,berth,"POLYGON((122.14890573584906 29.759429933333333, 122.14986043333333 29.759429933333333, 122.14986043333333 29.7604209245283, 122.14890573584906 29.7604209245283, 122.14890573584906 29.759429933333333))",3041.801298076774,False
1403,29.50855132648384,121.64783974992321,27,berth,"POLYGON((121.64738333333332 29.508347316455698, 121.64850188888889 29.508347316455698, 121.64850188888889 29.508990276595743, 121.64738333333332 29.508990276595743, 121.64738333333332 29.508347316455698))",1233.8143445131275,False
1406,29.939665565446557,121.8577019241702,24,berth,"POLYGON((121.85685391666668 29.939548066666667, 121.85793340000001 29.939548066666667, 121.85793340000001 29.939911857142857, 121.85685391666668 29.939911857142857, 121.85685391666668 29.939548066666667))",238.19153156240517,False
1410,29.492734808452713,121.50186343045246,10,berth,"POLYGON((121.5012916849315 29.492466761904762, 121.50233268749999 29.492466761904762, 121.50233268749999 29.492921903225806, 121.5012916849315 29.492921903225806, 121.5012916849315 29.492466761904762))",1187.4476417474743,False
1413,30.403053666666665,122.40184766666667,2,berth,"POLYGON((122.40183 30.402959999999997, 122.40186533333333 30.402959999999997, 122.40186533333333 30.403147333333333, 122.40183 30.403147333333333, 122.40183 30.402959999999997))",2017.6645366243695,False
1414,26.59685961605019,119.75202568413401,11,berth,"POLYGON((119.75197928125 26.59682104166667, 119.75206945833334 26.59682104166667, 119.75206945833334 26.596886524390246, 119.75197928125 26.596886524390246, 119.75197928125 26.59682104166667))",1160.3497354163499,False
1415,29.930473085604905,121.88848250398924,12,berth,"POLYGON((121.88766675 29.9302741875, 121.88961607142858 29.9302741875, 121.88961607142858 29.930612770833335, 121.88766675 29.930612770833335, 121.88766675 29.9302741875))",419.47439016349296,False
1416,32.043059212121214,119.94996072424242,3,berth,"POLYGON((119.94946527272727 32.04261463636364, 119.95034050000001 32.04261463636364, 119.95034050000001 32.043287, 119.94946527272727 32.043287, 119.94946527272727 32.04261463636364))",1996.555774601216,False
1422,32.27762250517837,119.7087268935558,2,berth,"POLYGON((119.70858809090909 32.277012101265825, 119.70886569620252 32.277012101265825, 119.70886569620252 32.27823290909091, 119.70858809090909 32.27823290909091, 119.70858809090909 32.277012101265825))",1054.779196004037,False
1424,32.090527297777776,119.92767370444444,2,berth,"POLYGON((119.92732851999999 32.09036604, 119.9280188888889 32.09036604, 119.9280188888889 32.09068855555555, 119.92732851999999 32.09068855555555, 119.92732851999999 32.09036604))",697.7683268087947,False
1426,24.530407607129717,118.08384748976961,16,berth,"POLYGON((118.08375785714286 24.530223941860466, 118.08415475 24.530223941860466, 118.08415475 24.531142, 118.08375785714286 24.531142, 118.08375785714286 24.530223941860466))",120.65918363837571,False
1427,32.13651845833333,119.906546125,2,berth,"POLYGON((119.9060755 32.136277166666666, 119.90701675 32.136277166666666, 119.90701675 32.136759749999996, 119.9060755 32.136759749999996, 119.9060755 32.136277166666666))",271.43364674022763,False
1432,29.985931287037037,121.99726516402116,3,berth,"POLYGON((121.99669 29.98560925, 121.99820171428571 29.98560925, 121.99820171428571 29.9863635, 121.99669 29.9863635, 121.99669 29.98560925))",2364.2649824132172,False
1433,32.26897065,119.704551,2,berth,"POLYGON((119.7044741 32.2688732, 119.70462789999999 32.2688732, 119.70462789999999 32.2690681, 119.7044741 32.2690681, 119.7044741 32.2688732))",1341.1682678681614,False
1434,32.27380788289474,119.70824042105264,2,berth,"POLYGON((119.70820584210526 32.27380545, 119.708275 32.27380545, 119.708275 32.273810315789476, 119.70820584210526 32.273810315789476, 119.70820584210526 32.27380545))",894.2867223350685,False
1448,29.162595659438775,121.87284506632653,4,berth,"POLYGON((121.87231512244897 29.16249825, 121.8732295 29.16249825, 121.8732295 29.1627443877551, 121.87231512244897 29.1627443877551, 121.87231512244897 29.16249825))",901.4479257826856,False
1449,31.370193686274508,121.64012080065359,2,berth,"POLYGON((121.63980877777779 31.369643705882353, 121.64043282352941 31.369643705882353, 121.64043282352941 31.370743666666662, 121.63980877777779 31.370743666666662, 121.63980877777779 31.369643705882353))",3729.3103529275213,False
1451,26.684816990909088,119.81336349090908,3,berth,"POLYGON((119.81269 26.6845805, 119.81387527272727 26.6845805, 119.81387527272727 26.685017272727272, 119.81269 26.685017272727272, 119.81269 26.6845805))",1601.130517813576,False
1452,36.880689740740735,122.44755716666668,2,berth,"POLYGON((122.44746122222223 36.880611037037035, 122.44765311111112 36.880611037037035, 122.44765311111112 36.88076844444444, 122.44746122222223 36.88076844444444, 122.44746122222223 36.880611037037035))",1396.2022720463806,False
1455,30.086294021932165,121.95201698601694,11,berth,"POLYGON((121.95163466666668 30.085873, 121.95216 30.085873, 121.95216 30.087242500000002, 121.95163466666668 30.087242500000002, 121.95163466666668 30.085873))",2993.6773056542975,False
1456,39.817739489285714,124.15264007678572,2,berth,"POLYGON((124.15243755357143 39.817487799999995, 124.1528426 39.817487799999995, 124.1528426 39.81799117857143, 124.15243755357143 39.81799117857143, 124.15243755357143 39.817487799999995))",3934.20656968169,False
1457,37.45369038873348,122.20223231668245,4,berth,"POLYGON((122.20214076 37.45366316393443, 122.20249725136613 37.45366316393443, 122.20249725136613 37.45370843589743, 122.20214076 37.45370843589743, 122.20214076 37.45366316393443))",1220.9830792020414,False
1458,29.980256035359155,122.06340673332309,4,berth,"POLYGON((122.06339138686131 29.980207854014598, 122.06341696153846 29.980207854014598, 122.06341696153846 29.980281326923077, 122.06339138686131 29.980281326923077, 122.06339138686131 29.980207854014598))",3846.397686363346,False
1459,32.329464333333334,119.781551125,2,berth,"POLYGON((119.78084899999999 32.329157, 119.78225325 32.329157, 119.78225325 32.329771666666666, 119.78084899999999 32.329771666666666, 119.78084899999999 32.329157))",1029.5558210252682,True
1460,22.979757499999998,116.53006174999999,2,berth,"POLYGON((116.52995999999999 22.9796095, 116.5301635 22.9796095, 116.5301635 22.9799055, 116.52995999999999 22.9799055, 116.52995999999999 22.9796095))",1130.8379133020485,False
1467,24.411861216950754,118.05457477840909,2,berth,"POLYGON((118.05403037500001 24.41173838181818, 118.05511918181818 24.41173838181818, 118.05511918181818 24.41198405208333, 118.05403037500001 24.41198405208333, 118.05403037500001 24.41173838181818))",1436.6981210620343,False
1471,38.981542122023804,121.80149879940475,2,berth,"POLYGON((121.80143961666666 38.98151316071428, 121.80155798214285 38.98151316071428, 121.80155798214285 38.98157108333333, 121.80143961666666 38.98157108333333, 121.80143961666666 38.98151316071428))",369.7623646623404,False
1472,35.109513346819156,119.39083248918061,4,berth,"POLYGON((119.39036411111111 35.10922930612245, 119.3912640754717 35.10922930612245, 119.3912640754717 35.10975010526316, 119.39036411111111 35.10975010526316, 119.39036411111111 35.10922930612245))",2494.336837333621,False
1473,35.124066745813394,119.39752787938596,2,berth,"POLYGON((119.39746484210526 35.12398943859649, 119.39759091666667 35.12398943859649, 119.39759091666667 35.12414405303031, 119.39746484210526 35.12414405303031, 119.39746484210526 35.12398943859649))",2816.788375678087,False
1474,37.419262456249996,119.94808140416666,2,berth,"POLYGON((119.948064975 37.4192542125, 119.94809783333334 37.4192542125, 119.94809783333334 37.4192707, 119.948064975 37.4192707, 119.948064975 37.4192542125))",3044.0949765606856,False
1475,40.299145795321635,122.07777344663742,2,berth,"POLYGON((122.07773942105264 40.29907922222222, 122.07780747222222 40.29907922222222, 122.07780747222222 40.29921236842105, 122.07773942105264 40.29921236842105, 122.07773942105264 40.29907922222222))",3306.028918521438,False
1477,28.010178819234447,121.06878821225118,10,berth,"POLYGON((121.06806689230768 28.009981513513516, 121.0690195 28.009981513513516, 121.0690195 28.01031239189189, 121.06806689230768 28.01031239189189, 121.06806689230768 28.009981513513516))",3442.990255349753,False
1478,30.049696428787882,121.96893984924243,3,berth,"POLYGON((121.96890545000001 30.049661300000004, 121.968979575 30.049661300000004, 121.968979575 30.049729386363637, 121.96890545000001 30.049729386363637, 121.96890545000001 30.049661300000004))",1014.0645550861485,False
1479,29.778260128670038,122.13234193945236,19,berth,"POLYGON((122.13223007518796 29.777806700000003, 122.13249806818182 29.777806700000003, 122.13249806818182 29.77877896296296, 122.13223007518796 29.77877896296296, 122.13223007518796 29.777806700000003))",1111.3601055394192,False
1490,29.756881050633407,122.15212499770834,4,berth,"POLYGON((122.15204702912621 29.756811152317884, 122.15224941059603 29.756811152317884, 122.15224941059603 29.757033844660196, 122.15204702912621 29.757033844660196, 122.15204702912621 29.756811152317884))",3017.734032487849,False
1491,39.924706616853506,119.6763516523522,3,berth,"POLYGON((119.6762234 39.92468620408163, 119.67646397959184 39.92468620408163, 119.67646397959184 39.9247389, 119.6762234 39.9247389, 119.6762234 39.92468620408163))",1262.396795316832,False
1492,28.166461892356928,121.11007822298349,8,berth,"POLYGON((121.11000012432432 28.166232328767123, 121.11015742424242 28.166232328767123, 121.11015742424242 28.166711575757574, 121.11000012432432 28.166711575757574, 121.11000012432432 28.166232328767123))",2209.4816025736336,False
1494,40.315727973692375,122.07304295618351,4,berth,"POLYGON((122.0729526 40.31562514893617, 122.07315566666666 40.31562514893617, 122.07315566666666 40.3159346, 122.0729526 40.3159346, 122.0729526 40.31562514893617))",3771.527612609603,False
1497,32.040292472040456,120.40172960723656,6,berth,"POLYGON((120.40163740229885 32.040205739130435, 120.40188989423078 32.040205739130435, 120.40188989423078 32.040409626666666, 120.40163740229885 32.040409626666666, 120.40163740229885 32.040205739130435))",220.22378704485453,False
1498,32.01497715973269,120.63324684958698,5,berth,"POLYGON((120.63297833846154 32.01465207692308, 120.63345509302326 32.01465207692308, 120.63345509302326 32.015340860465116, 120.63297833846154 32.015340860465116, 120.63297833846154 32.01465207692308))",2637.889973534421,False
1500,31.922196664285714,120.19088341785715,2,berth,"POLYGON((120.1908802857143 31.92219242857143, 120.19088655 31.92219242857143, 120.19088655 31.9222009, 120.1908802857143 31.9222009, 120.1908802857143 31.92219242857143))",1905.3699959747541,False
1508,26.468123625,119.672521625,2,berth,"POLYGON((119.6723 26.46773825, 119.67274325 26.46773825, 119.67274325 26.468509, 119.6723 26.468509, 119.6723 26.46773825))",968.7078341744516,False
1511,32.211613617275994,119.67059757427428,5,berth,"POLYGON((119.67056058992807 32.2114856329114, 119.67066798701298 32.2114856329114, 119.67066798701298 32.21169102941176, 119.67056058992807 32.21169102941176, 119.67056058992807 32.2114856329114))",650.5305758159722,True
1512,36.09565928081568,120.32658566254878,8,berth,"POLYGON((120.32651026666667 36.09562576923077, 120.32664433333332 36.09562576923077, 120.32664433333332 36.09572106666666, 120.32651026666667 36.09572106666666, 120.32651026666667 36.09562576923077))",1544.7027092648832,True
1515,32.015821366685564,120.36985367753213,6,berth,"POLYGON((120.36969333333334 32.01572614285714, 120.37049420408164 32.01572614285714, 120.37049420408164 32.016156918367344, 120.36969333333334 32.016156918367344, 120.36969333333334 32.01572614285714))",1552.0885811705239,False
1517,32.13083730793651,119.90596396428572,3,berth,"POLYGON((119.90535675000001 32.13075466666667, 119.90697914285714 32.13075466666667, 119.90697914285714 32.13096985714286, 119.90535675000001 32.13096985714286, 119.90535675000001 32.13075466666667))",487.9517333893994,False
1518,39.933955427475496,119.69843927499693,8,berth,"POLYGON((119.698252 39.933139, 119.698696875 39.933139, 119.698696875 39.93439072972973, 119.698252 39.93439072972973, 119.698252 39.933139))",74.5540539186741,False
1519,22.904317881553887,113.58927841243943,5,berth,"POLYGON((113.58901714285714 22.903738, 113.58939189473683 22.903738, 113.58939189473683 22.904552131578946, 113.58901714285714 22.904552131578946, 113.58901714285714 22.903738))",985.7536382687011,False
1520,31.92809469483871,120.14516627225807,3,berth,"POLYGON((120.14494892 31.928038300000004, 120.1455010967742 31.928038300000004, 120.1455010967742 31.92813072, 120.14494892 31.92813072, 120.14494892 31.928038300000004))",1689.328834233556,False
1522,21.564752867592595,108.35592724537037,2,berth,"POLYGON((108.35589941666667 21.564711716666668, 108.35595507407407 21.564711716666668, 108.35595507407407 21.56479401851852, 108.35589941666667 21.56479401851852, 108.35589941666667 21.564711716666668))",3954.0042654756426,False
1527,31.835888531659144,120.8420779698377,11,berth,"POLYGON((120.84187244444443 31.83515316981132, 120.842517754717 31.83515316981132, 120.842517754717 31.836308972222223, 120.84187244444443 31.836308972222223, 120.84187244444443 31.83515316981132))",2120.918528408417,False
1529,31.821751709697317,120.94101784864205,9,berth,"POLYGON((120.94035542857144 31.820657399999998, 120.94137027999999 31.820657399999998, 120.94137027999999 31.823013571428575, 120.94035542857144 31.823013571428575, 120.94035542857144 31.820657399999998))",1163.0860905001732,False
1533,31.851630033810903,120.933567292137,7,berth,"POLYGON((120.93352203703705 31.85110333333333, 120.93361366197183 31.85110333333333, 120.93361366197183 31.85245342857143, 120.93352203703705 31.85245342857143, 120.93352203703705 31.85110333333333))",860.7298820338971,False
1534,31.950439724119242,120.11637602205482,5,berth,"POLYGON((120.11585141176471 31.94957925, 120.1171815 31.94957925, 120.1171815 31.951161083333332, 120.11585141176471 31.951161083333332, 120.11585141176471 31.94957925))",367.51488682043754,True
1535,25.58017290833333,119.6678034,2,berth,"POLYGON((119.667421 25.5798154, 119.66818579999999 25.5798154, 119.66818579999999 25.580530416666665, 119.667421 25.580530416666665, 119.667421 25.5798154))",3262.6394011633524,False
1537,19.96414513952148,110.03828096849696,4,berth,"POLYGON((110.03778353846154 19.963885708333333, 110.03877321052632 19.963885708333333, 110.03877321052632 19.964439222222225, 110.03778353846154 19.964439222222225, 110.03778353846154 19.963885708333333))",478.6334985275327,True
1538,22.916788962670402,113.59815339466313,5,berth,"POLYGON((113.59776 22.91636888888889, 113.59846363157895 22.91636888888889, 113.59846363157895 22.917176412698414, 113.59776 22.917176412698414, 113.59776 22.91636888888889))",235.72647674585303,False
1540,26.397786234907407,119.78732860555556,2,berth,"POLYGON((119.78731785 26.397752405000002, 119.78733936111111 26.397752405000002, 119.78733936111111 26.397820064814816, 119.78731785 26.397820064814816, 119.78731785 26.397752405000002))",22.41768113501267,False
1542,21.72792689868577,108.58234612442855,4,berth,"POLYGON((108.58182067901234 21.72719638951311, 108.58269858426966 21.72719638951311, 108.58269858426966 21.72852225925926, 108.58182067901234 21.72852225925926, 108.58182067901234 21.72719638951311))",1996.1223469738457,False
1543,21.074021327981182,110.50616125841101,13,berth,"POLYGON((110.5052 21.07325038095238, 110.50634992857144 21.07325038095238, 110.50634992857144 21.07600813953488, 110.5052 21.07600813953488, 110.5052 21.07325038095238))",840.7977941769436,True
1544,29.911681875,122.26397241666666,2,berth,"POLYGON((122.2636765 29.911531, 122.26426833333333 29.911531, 122.26426833333333 29.911832750000002, 122.2636765 29.911832750000002, 122.2636765 29.911531))",3942.1242502643263,False
1545,21.72246444768797,108.5937105978682,6,berth,"POLYGON((108.59355647761194 21.721999029850746, 108.59383493706294 21.721999029850746, 108.59383493706294 21.72287148951049, 108.59355647761194 21.72287148951049, 108.59355647761194 21.721999029850746))",2124.7214189404176,False
1547,30.14684010606061,122.11593775757575,2,berth,"POLYGON((122.11589818181818 30.146510545454547, 122.11597733333332 30.146510545454547, 122.11597733333332 30.147169666666667, 122.11589818181818 30.147169666666667, 122.11589818181818 30.146510545454547))",1095.8241019931083,False
1548,27.19598096410259,120.37773214485021,18,berth,"POLYGON((120.37755797368422 27.195776555555554, 120.37783494871795 27.195776555555554, 120.37783494871795 27.19658954666667, 120.37755797368422 27.19658954666667, 120.37755797368422 27.195776555555554))",1352.219607087936,False
1550,35.09309827992365,119.36513729852483,4,berth,"POLYGON((119.36508223809523 35.09302608695652, 119.36527361904761 35.09302608695652, 119.36527361904761 35.09327614285714, 119.36508223809523 35.09327614285714, 119.36508223809523 35.09302608695652))",963.9972493411711,False
1551,32.06476432245614,120.46282120877193,5,berth,"POLYGON((120.46176419999999 32.063496199999996, 120.46397821052632 32.063496199999996, 120.46397821052632 32.06545657894736, 120.46176419999999 32.06545657894736, 120.46176419999999 32.063496199999996))",526.9837003580286,False
1552,20.027663626262626,110.27787767171716,2,berth,"POLYGON((110.27785612121212 20.02760522222222, 110.27789922222222 20.02760522222222, 110.27789922222222 20.027722030303032, 110.27785612121212 20.027722030303032, 110.27785612121212 20.02760522222222))",662.3712160331993,True
1555,35.60998163664596,119.79945766585791,4,berth,"POLYGON((119.79942597916666 35.60981442857143, 119.7994922142857 35.60981442857143, 119.7994922142857 35.61022283333333, 119.79942597916666 35.61022283333333, 119.79942597916666 35.60981442857143))",1529.7283239477188,False
1558,31.34563002871961,121.53585776233163,8,berth,"POLYGON((121.535355125 31.345488136363635, 121.53622356 31.345488136363635, 121.53622356 31.345758885714286, 121.535355125 31.345758885714286, 121.535355125 31.345488136363635))",2909.59129927242,True
1559,22.97403905429293,113.55565811381673,3,berth,"POLYGON((113.55516719642857 22.973653303571428, 113.55610412121212 22.973653303571428, 113.55610412121212 22.97434478787879, 113.55516719642857 22.97434478787879, 113.55516719642857 22.973653303571428))",1652.4773391844979,False
1560,22.69462624602774,114.56440580498108,2,berth,"POLYGON((114.56439328688525 22.69461574590164, 114.56441832307692 22.69461574590164, 114.56441832307692 22.694636746153844, 114.56439328688525 22.694636746153844, 114.56439328688525 22.69461574590164))",542.6405474623938,False
1561,21.99395507638889,113.15333325480769,2,berth,"POLYGON((113.153062625 21.993516, 113.15360388461538 21.993516, 113.15360388461538 21.99439415277778, 113.153062625 21.99439415277778, 113.153062625 21.993516))",3720.06077075895,False
1562,31.990303248581455,120.65447579907875,6,berth,"POLYGON((120.65331742647061 31.990265514705886, 120.65664898611112 31.990265514705886, 120.65664898611112 31.990345103896104, 120.65331742647061 31.990345103896104, 120.65331742647061 31.990265514705886))",883.9437893234809,True
1563,22.682884424092926,113.75458637832637,5,berth,"POLYGON((113.75431351851852 22.682546095238095, 113.7547839047619 22.682546095238095, 113.7547839047619 22.683369135135138, 113.75431351851852 22.683369135135138, 113.75431351851852 22.682546095238095))",1874.2748470471552,False
1564,25.962943727061557,119.44821389682902,4,berth,"POLYGON((119.44796666666667 25.962872166666667, 119.44836621951221 25.962872166666667, 119.44836621951221 25.962988146341463, 119.44796666666667 25.962988146341463, 119.44796666666667 25.962872166666667))",548.7292172309417,True
1567,22.98093099054581,113.56375266233387,3,berth,"POLYGON((113.56372206578946 22.980875460526317, 113.56377878787879 22.980875460526317, 113.56377878787879 22.980986333333334, 113.56372206578946 22.980986333333334, 113.56372206578946 22.980875460526317))",1340.2186629391258,False
1568,21.703188916666665,111.80722891666666,3,berth,"POLYGON((111.80704575 21.702873, 111.807371 21.702873, 111.807371 21.7034725, 111.80704575 21.7034725, 111.80704575 21.702873))",3622.371896366766,False
1569,23.75728168858684,117.498417336553,9,berth,"POLYGON((117.49795400000001 23.756839272727277, 117.49885330952381 23.756839272727277, 117.49885330952381 23.75763325, 117.49795400000001 23.75763325, 117.49795400000001 23.756839272727277))",830.0616649860202,False
1570,24.417066838897515,117.86847884627329,2,berth,"POLYGON((117.86847247826087 24.417061695652173, 117.86848521428571 24.417061695652173, 117.86848521428571 24.417071982142858, 117.86847247826087 24.417071982142858, 117.86847247826087 24.417061695652173))",1494.6469760206865,False
1571,32.04026758193794,120.39879246380208,5,berth,"POLYGON((120.39868851497006 32.0401745, 120.398943 32.0401745, 120.398943 32.040407099999996, 120.39868851497006 32.040407099999996, 120.39868851497006 32.0401745))",79.98376635141341,False
1573,21.705553167891434,111.81390099370044,8,berth,"POLYGON((111.81332803125 21.704223, 111.814831 21.704223, 111.814831 21.70662971875, 111.81332803125 21.70662971875, 111.81332803125 21.704223))",2834.482943372962,False
1575,21.070705355709375,110.50632219793579,11,berth,"POLYGON((110.50623864285714 21.069971109090908, 110.50637135999999 21.069971109090908, 110.50637135999999 21.071327280000002, 110.50623864285714 21.071327280000002, 110.50623864285714 21.069971109090908))",1206.2858344628482,True
1577,25.21245757436774,118.98940780717703,5,berth,"POLYGON((118.98842514285715 25.212190333333336, 118.9898462631579 25.212190333333336, 118.9898462631579 25.213050285714285, 118.98842514285715 25.213050285714285, 118.98842514285715 25.212190333333336))",1223.034211578968,False
1578,22.89449725905797,113.5823696586439,4,berth,"POLYGON((113.58189054761905 22.893868916666666, 113.58289052173913 22.893868916666666, 113.58289052173913 22.895318586956524, 113.58189054761905 22.895318586956524, 113.58189054761905 22.893868916666666))",1268.3687234872257,False
1579,31.948894233333334,120.12749876666666,2,berth,"POLYGON((120.12744683333334 31.94863616666667, 120.1275507 31.94863616666667, 120.1275507 31.949152299999998, 120.12744683333334 31.949152299999998, 120.12744683333334 31.94863616666667))",572.1409884089086,True
1580,22.978893513166263,113.56159546717842,7,berth,"POLYGON((113.56138008139534 22.978634488372094, 113.56171869135802 22.978634488372094, 113.56171869135802 22.979062925925927, 113.56138008139534 22.979062925925927, 113.56138008139534 22.978634488372094))",1354.200785872383,False
1581,22.68344588639663,115.51473020864789,3,berth,"POLYGON((115.51466585714286 22.683250560975612, 115.51481741463415 22.683250560975612, 115.51481741463415 22.683586952380953, 115.51466585714286 22.683586952380953, 115.51466585714286 22.683250560975612))",483.64533233387164,True
1582,31.958696745327586,120.35547330487611,6,berth,"POLYGON((120.35539370526315 31.958666810526317, 120.35562868627451 31.958666810526317, 120.35562868627451 31.958719900000002, 120.35539370526315 31.958719900000002, 120.35539370526315 31.958666810526317))",13.136996313191613,True
1584,27.4909624207256,120.67138174169426,4,berth,"POLYGON((120.67134783516484 27.490935813186812, 120.67139413333334 27.490935813186812, 120.67139413333334 27.490991489795917, 120.67134783516484 27.490991489795917, 120.67134783516484 27.490935813186812))",716.5975251364214,True
1586,30.11130412955616,122.23708498921467,18,berth,"POLYGON((122.23625034210527 30.11117477777778, 122.23765644444445 30.11117477777778, 122.23765644444445 30.11144372727273, 122.23625034210527 30.11144372727273, 122.23625034210527 30.11117477777778))",2675.0919991643777,False
1587,35.99933263363578,120.19540195552523,5,berth,"POLYGON((120.19505855813952 35.99916755555556, 120.19661768750001 35.99916755555556, 120.19661768750001 35.9997969375, 120.19505855813952 35.9997969375, 120.19505855813952 35.99916755555556))",1813.271706010776,False
1590,25.567288416666663,119.87204625000001,2,berth,"POLYGON((119.871943 25.567224333333332, 119.8721495 25.567224333333332, 119.8721495 25.5673525, 119.871943 25.5673525, 119.871943 25.567224333333332))",1050.4025145952926,False
1591,25.578236738636363,119.6843087159091,2,berth,"POLYGON((119.68425025 25.578051727272726, 119.68436718181819 25.578051727272726, 119.68436718181819 25.57842175, 119.68425025 25.57842175, 119.68425025 25.578051727272726))",1750.2776321994215,False
1592,31.42746780734617,121.47749957992663,8,berth,"POLYGON((121.47594671428571 31.42615766666667, 121.47920144444444 31.42615766666667, 121.47920144444444 31.428486293233085, 121.47594671428571 31.428486293233085, 121.47594671428571 31.42615766666667))",2021.044488967846,False
1593,32.02306962667222,120.6351515416804,15,berth,"POLYGON((120.63464742857143 32.022348853658535, 120.63571479166667 32.022348853658535, 120.63571479166667 32.0242904375, 120.63464742857143 32.0242904375, 120.63464742857143 32.022348853658535))",3663.214513696185,False
1594,31.9928386559322,120.66557876720243,14,berth,"POLYGON((120.6650733125 31.99273175, 120.66739075 31.99273175, 120.66739075 31.99292586956522, 120.6650733125 31.99292586956522, 120.6650733125 31.99273175))",716.7637829484512,True
1595,39.51854740647695,121.37296259176854,6,berth,"POLYGON((121.372338 39.518461375, 121.3736606585366 39.518461375, 121.3736606585366 39.51860782926829, 121.372338 39.51860782926829, 121.372338 39.518461375))",407.01412622955326,False
1596,31.950793409732626,120.14835932828024,5,berth,"POLYGON((120.14743207407408 31.950716882352943, 120.14880161904763 31.950716882352943, 120.14880161904763 31.95094662962963, 120.14743207407408 31.95094662962963, 120.14743207407408 31.950716882352943))",1305.3753075194786,True
1597,25.581928116666667,119.66315605,2,berth,"POLYGON((119.66301299999999 25.581433333333333, 119.66329909999999 25.581433333333333, 119.66329909999999 25.5824229, 119.66301299999999 25.5824229, 119.66301299999999 25.581433333333333))",3624.015146833384,False
1598,31.811364306868942,120.94820958634811,3,berth,"POLYGON((120.94795352173914 31.81123391503268, 120.94842800653595 31.81123391503268, 120.94842800653595 31.81155182608696, 120.94795352173914 31.81155182608696, 120.94795352173914 31.81123391503268))",1758.9919246686318,False
1599,31.921553685714287,120.8848581,2,berth,"POLYGON((120.8844172 31.921067571428573, 120.885299 31.921067571428573, 120.885299 31.9220398, 120.8844172 31.9220398, 120.8844172 31.921067571428573))",2182.9030741432216,False
1601,32.07352401441128,120.46465554527987,2,berth,"POLYGON((120.46464950955414 32.073517067039106, 120.46466158100559 32.073517067039106, 120.46466158100559 32.07353096178344, 120.46464950955414 32.07353096178344, 120.46464950955414 32.073517067039106))",380.8796017525373,True
1602,31.91714384033856,120.19149223620016,5,berth,"POLYGON((120.19140134482758 31.916795722222226, 120.19157158333334 31.916795722222226, 120.19157158333334 31.917701172413793, 120.19140134482758 31.917701172413793, 120.19140134482758 31.916795722222226))",1532.0593813804282,False
1603,38.98769875695652,117.7317907347826,2,berth,"POLYGON((117.7316076 38.987658673913046, 117.73197386956522 38.987658673913046, 117.73197386956522 38.98773884, 117.7316076 38.98773884, 117.7316076 38.987658673913046))",518.3536453493487,True
1604,38.97641582175436,117.76467644689036,7,berth,"POLYGON((117.76457956603774 38.97632965957447, 117.76477959574468 38.97632965957447, 117.76477959574468 38.97645525, 117.76457956603774 38.97645525, 117.76457956603774 38.97632965957447))",720.2037938215996,False
1607,24.883641803030304,118.68662448701299,2,berth,"POLYGON((118.68661842857144 24.88361893939394, 118.68663054545455 24.88361893939394, 118.68663054545455 24.883664666666668, 118.68661842857144 24.883664666666668, 118.68661842857144 24.88361893939394))",1504.2717569975562,False
1608,27.214238928104574,120.30140590849673,4,berth,"POLYGON((120.30132766666667 27.213977999999997, 120.30158666666667 27.213977999999997, 120.30158666666667 27.214581222222222, 120.30132766666667 27.214581222222222, 120.30132766666667 27.213977999999997))",533.6513260519993,True
1609,39.510430710526315,121.33845548165868,2,berth,"POLYGON((121.33817912121212 39.510302, 121.33873184210525 39.510302, 121.33873184210525 39.510559421052626, 121.33817912121212 39.510559421052626, 121.33817912121212 39.510302))",836.621123295885,False
1611,23.095462325290733,113.43201940065379,8,berth,"POLYGON((113.431991625 23.095355916666666, 113.43205736170212 23.095355916666666, 113.43205736170212 23.095529375, 113.431991625 23.095529375, 113.431991625 23.095355916666666))",288.3087971805985,True
1614,31.994138844279274,120.58235147130132,7,berth,"POLYGON((120.58173077419355 31.99409132857143, 120.58310785263158 31.99409132857143, 120.58310785263158 31.99420758064516, 120.58173077419355 31.99420758064516, 120.58173077419355 31.99409132857143))",519.541477757006,True
1624,32.287933107461555,119.85546322425449,8,berth,"POLYGON((119.8553865897436 32.287785794871795, 119.85548312962963 32.287785794871795, 119.85548312962963 32.28798209375, 119.8553865897436 32.28798209375, 119.8553865897436 32.287785794871795))",71.97661430546223,True
1628,38.97871192862858,117.78829364349797,13,berth,"POLYGON((117.78725942424242 38.97818309375, 117.7891133125 38.97818309375, 117.7891133125 38.979388757575755, 117.78725942424242 38.979388757575755, 117.78725942424242 38.97818309375))",1488.87065611262,False
1629,39.20367688440071,118.99736945769683,2,berth,"POLYGON((118.99735556756757 39.20367247826087, 118.99738334782609 39.20367247826087, 118.99738334782609 39.20368129054054, 118.99735556756757 39.20368129054054, 118.99735556756757 39.20367247826087))",2754.675101792449,True
1630,38.982786984453135,117.782160886373,17,berth,"POLYGON((117.780412 38.9812474, 117.78443256 38.9812474, 117.78443256 38.983974280000005, 117.780412 38.983974280000005, 117.780412 38.9812474))",783.5234691167475,False
1631,38.97369926092093,117.78598778528274,9,berth,"POLYGON((117.78588434782608 38.97365795, 117.78614528070176 38.97365795, 117.78614528070176 38.973738363636365, 117.78588434782608 38.973738363636365, 117.78588434782608 38.97365795))",1592.3469007351348,False
1632,39.003470876958616,117.78625820112566,17,berth,"POLYGON((117.78527711627908 38.99986374509804, 117.78729798039217 38.99986374509804, 117.78729798039217 39.00686913333333, 117.78527711627908 39.00686913333333, 117.78527711627908 38.99986374509804))",1516.263328486106,False
1634,39.2023332364362,118.99251506188597,6,berth,"POLYGON((118.99014355 39.2017315, 118.99420548717947 39.2017315, 118.99420548717947 39.20278697435897, 118.99014355 39.20278697435897, 118.99014355 39.2017315))",2823.864469015145,True
1635,38.99412611149304,117.78894185400797,4,berth,"POLYGON((117.78885554237289 38.993543475, 117.78911202500001 38.993543475, 117.78911202500001 38.99445401694915, 117.78885554237289 38.99445401694915, 117.78885554237289 38.993543475))",1652.7618668904533,False
1636,39.20580445321503,118.98213589760527,37,berth,"POLYGON((118.978772675 39.20484769811321, 118.98577488372094 39.20484769811321, 118.98577488372094 39.20684825581395, 118.978772675 39.20684825581395, 118.978772675 39.20484769811321))",2248.2705309539715,True
1638,38.995038801992514,117.77708479665327,15,berth,"POLYGON((117.77625310714286 38.991911333333334, 117.77793100000001 38.991911333333334, 117.77793100000001 38.99792384848485, 117.77625310714286 38.99792384848485, 117.77625310714286 38.991911333333334))",345.59445464301837,False
1640,38.976532933463396,117.77631799888518,3,berth,"POLYGON((117.77612230434782 38.9765011025641, 117.77642769230769 38.9765011025641, 117.77642769230769 38.97658834782609, 117.77612230434782 38.97658834782609, 117.77612230434782 38.9765011025641))",658.5717959122293,False
1641,38.97435399478261,117.7838158026087,2,berth,"POLYGON((117.78381004 38.97435112, 117.7838215652174 38.97435112, 117.7838215652174 38.97435686956522, 117.78381004 38.97435686956522, 117.78381004 38.97435112))",1352.0207242723156,False
1642,39.000907949900785,117.77537278968254,3,berth,"POLYGON((117.77518683333334 38.99999971875, 117.77562675 38.99999971875, 117.77562675 39.001444416666665, 117.77518683333334 39.001444416666665, 117.77518683333334 38.99999971875))",253.59103715492728,False
1643,19.71710044001751,109.17482951831232,5,berth,"POLYGON((109.1736084375 19.71614603125, 109.17581042857144 19.71614603125, 109.17581042857144 19.71801214285714, 109.1736084375 19.71801214285714, 109.1736084375 19.71614603125))",1047.4158632294398,False
1645,22.52783628815629,113.85666506959707,3,berth,"POLYGON((113.85645846153847 22.52681742857143, 113.85679628571428 22.52681742857143, 113.85679628571428 22.52882658974359, 113.85645846153847 22.52882658974359, 113.85645846153847 22.52681742857143))",2234.9433783560835,False
1646,22.532564328065135,113.85528772653257,2,berth,"POLYGON((113.85519969444444 22.532250517241376, 113.8553757586207 22.532250517241376, 113.8553757586207 22.53287813888889, 113.85519969444444 22.53287813888889, 113.85519969444444 22.532250517241376))",2049.7893906174977,False
1647,21.135556300254738,110.39484438882414,16,berth,"POLYGON((110.39339632258064 21.134074870967744, 110.3967232 21.134074870967744, 110.3967232 21.13758572, 110.39339632258064 21.13758572, 110.39339632258064 21.134074870967744))",2708.045519074,False
1652,19.714030512893082,109.17134719119497,2,berth,"POLYGON((109.17100184905661 19.713678792452832, 109.17169253333333 19.713678792452832, 109.17169253333333 19.714382233333332, 109.17100184905661 19.714382233333332, 109.17100184905661 19.713678792452832))",1280.0579171982529,False
1653,21.692452385038393,111.82063915792085,4,berth,"POLYGON((111.82036526415094 21.692029571428574, 111.82078538571429 21.692029571428574, 111.82078538571429 21.693208056603776, 111.82036526415094 21.693208056603776, 111.82036526415094 21.692029571428574))",1996.90622742038,False
1654,22.7686921,113.64288342500001,2,berth,"POLYGON((113.64288325000001 22.768105, 113.6428836 22.768105, 113.6428836 22.7692792, 113.64288325000001 22.7692792, 113.64288325000001 22.768105))",1342.0948080014857,False
1655,19.76988446029364,109.15529133777328,4,berth,"POLYGON((109.15523350000001 19.769852187165775, 109.15543112941177 19.769852187165775, 109.15543112941177 19.76991901709402, 109.15523350000001 19.76991901709402, 109.15523350000001 19.769852187165775))",1079.3535893836417,False
1656,31.91882309070513,120.18445440111034,4,berth,"POLYGON((120.18421907142859 31.91804975, 120.1846193125 31.91804975, 120.1846193125 31.91973964285714, 120.18421907142859 31.91973964285714, 120.18421907142859 31.91804975))",1834.1450232864017,False
1657,31.313725914141415,121.69260664646464,2,berth,"POLYGON((121.69260368181818 31.313631055555554, 121.69260961111111 31.313631055555554, 121.69260961111111 31.313820772727272, 121.69260368181818 31.313820772727272, 121.69260368181818 31.313631055555554))",1473.5353100052555,False
1658,25.21990414228162,118.98017803835725,4,berth,"POLYGON((118.98000321538463 25.219677986842107, 118.98051444736844 25.219677986842107, 118.98051444736844 25.220095584615386, 118.98000321538463 25.220095584615386, 118.98000321538463 25.219677986842107))",474.3485348426904,False
1660,30.15079621802637,122.0298398938639,4,berth,"POLYGON((122.02976758426966 30.150736005208334, 122.02996823076924 30.150736005208334, 122.02996823076924 30.15089392307692, 122.02976758426966 30.15089392307692, 122.02976758426966 30.150736005208334))",388.5934320937955,False
1664,31.973665706392453,120.00044567054844,6,berth,"POLYGON((120.000025 31.973550375, 120.00057946153846 31.973550375, 120.00057946153846 31.97405309375, 120.000025 31.97405309375, 120.000025 31.973550375))",1989.8479299036048,False
1666,21.089918645833336,110.51534000000001,2,berth,"POLYGON((110.5153255 21.089311625, 110.5153545 21.089311625, 110.5153545 21.090525666666668, 110.5153255 21.090525666666668, 110.5153255 21.089311625))",924.6278085852908,False
1671,26.32535984914691,119.8538075847978,8,berth,"POLYGON((119.85373487096774 26.32532276, 119.85389667999999 26.32532276, 119.85389667999999 26.325398258064517, 119.85373487096774 26.325398258064517, 119.85373487096774 26.32532276))",274.20016305324555,False
1673,31.604203492997197,121.27011923996265,3,berth,"POLYGON((121.27002423809525 31.604077931372547, 121.2703028627451 31.604077931372547, 121.2703028627451 31.604267595238092, 121.27002423809525 31.604267595238092, 121.27002423809525 31.604077931372547))",2621.654242385551,False
1675,25.580318613437257,119.68277441440364,5,berth,"POLYGON((119.68262190909091 25.58022788888889, 119.68290146153846 25.58022788888889, 119.68290146153846 25.580358886363637, 119.68262190909091 25.580358886363637, 119.68262190909091 25.58022788888889))",1781.10277457104,False
1676,26.804085663881636,119.70535944609598,3,berth,"POLYGON((119.70528420000001 26.803194891644907, 119.7055054954308 26.803194891644907, 119.7055054954308 26.804588499999998, 119.70528420000001 26.804588499999998, 119.70528420000001 26.803194891644907))",773.0935920949772,False
1677,26.800754428212006,119.70729857647126,3,berth,"POLYGON((119.70720728997868 26.800694085287844, 119.70735814285715 26.800694085287844, 119.70735814285715 26.800810857142856, 119.70720728997868 26.800810857142856, 119.70720728997868 26.800694085287844))",904.9516555166741,False
1679,26.30007714060606,119.87796604242423,3,berth,"POLYGON((119.87754772727273 26.29994984, 119.8788026 26.29994984, 119.8788026 26.300249400000002, 119.87754772727273 26.300249400000002, 119.87754772727273 26.29994984))",1653.0991704876649,False
1686,32.1333465,119.90169374999999,2,berth,"POLYGON((119.90168125 32.1333445, 119.90170625 32.1333445, 119.90170625 32.1333485, 119.90168125 32.1333485, 119.90168125 32.1333445))",885.6023886175293,False
1687,31.92547272368421,120.2127748128655,3,berth,"POLYGON((120.21274033333334 31.925445, 120.212817 31.925445, 120.212817 31.92550075, 120.21274033333334 31.92550075, 120.21274033333334 31.925445))",1485.463545717097,False
1700,28.10325395454545,121.10316440909091,2,berth,"POLYGON((121.10314681818181 28.103247999999997, 121.103182 28.103247999999997, 121.103182 28.10325990909091, 121.10314681818181 28.10325990909091, 121.10314681818181 28.103247999999997))",3057.104952168881,False
1702,32.202112409245025,119.66128125949366,2,berth,"POLYGON((119.66127551898732 32.20209705063291, 119.661287 32.20209705063291, 119.661287 32.20212776785714, 119.66127551898732 32.20212776785714, 119.66127551898732 32.20209705063291))",651.8489854734516,True
1704,22.969778208333334,116.53076479166667,4,berth,"POLYGON((116.53065783333334 22.969545, 116.530937 22.969545, 116.530937 22.969969, 116.53065783333334 22.969969, 116.53065783333334 22.969545))",1332.262048026712,False
1709,30.40270752777778,122.36467102777777,2,berth,"POLYGON((122.36395555555555 30.402566500000002, 122.3653865 30.402566500000002, 122.3653865 30.402848555555554, 122.36395555555555 30.402848555555554, 122.36395555555555 30.402566500000002))",3609.2960775148217,False
1729,36.84068530555555,122.26533602777778,2,berth,"POLYGON((122.26532122222223 36.84066911111111, 122.26535083333333 36.84066911111111, 122.26535083333333 36.8407015, 122.26532122222223 36.8407015, 122.26532122222223 36.84066911111111))",1185.9557663065443,True
1736,39.11833869351852,122.07928483611111,2,berth,"POLYGON((122.07928245000001 39.118338037037034, 122.07928722222222 39.118338037037034, 122.07928722222222 39.11833935, 122.07928245000001 39.11833935, 122.07928245000001 39.118338037037034))",1034.643325296376,True
1742,32.0417920233903,120.40622643024724,23,berth,"POLYGON((120.40601775 32.041769, 120.40634707692308 32.041769, 120.40634707692308 32.04183076923077, 120.40601775 32.04183076923077, 120.40601775 32.041769))",262.3910474397662,False
1744,32.116389444444444,119.91162175925926,3,berth,"POLYGON((119.91131316666667 32.116155166666665, 119.9118001111111 32.116155166666665, 119.9118001111111 32.11668383333333, 119.91131316666667 32.11668383333333, 119.91131316666667 32.116155166666665))",497.59515573306084,False
1749,24.532399144444444,118.52496197777778,3,berth,"POLYGON((118.52416666666666 24.5321525, 118.52559060000002 24.5321525, 118.52559060000002 24.532883333333334, 118.52416666666666 24.532883333333334, 118.52416666666666 24.5321525))",2921.1594799430345,False
1751,22.477641853196168,113.88186054284206,4,berth,"POLYGON((113.88177189855072 22.477614125, 113.88195307142857 22.477614125, 113.88195307142857 22.477667142857143, 113.88177189855072 22.477667142857143, 113.88177189855072 22.477614125))",442.94208753650844,True
1753,23.39237531818182,117.00387353030304,3,berth,"POLYGON((117.00379366666668 23.392163333333333, 117.00397883333333 23.392163333333333, 117.00397883333333 23.392578454545454, 117.00379366666668 23.392578454545454, 117.00379366666668 23.392163333333333))",3154.992518856756,False
1757,32.06580026527778,120.58607335972223,4,berth,"POLYGON((120.5857148 32.065520199999995, 120.58619766666668 32.065520199999995, 120.58619766666668 32.06591433333333, 120.5857148 32.06591433333333, 120.5857148 32.065520199999995))",1445.2383318662253,False
1758,32.066495162166916,120.58813142710284,32,berth,"POLYGON((120.58800609090909 32.0664326, 120.588271875 32.0664326, 120.588271875 32.066566333333334, 120.58800609090909 32.066566333333334, 120.58800609090909 32.0664326))",1355.120321416856,False
1761,31.49976883474026,121.37517925186688,2,berth,"POLYGON((121.37517873750001 31.49976651948052, 121.37517976623377 31.49976651948052, 121.37517976623377 31.499771149999997, 121.37517873750001 31.499771149999997, 121.37517873750001 31.49976651948052))",3270.751490242451,False
1766,31.707468284722225,121.72701658333334,2,berth,"POLYGON((121.7267235 31.707419125, 121.72730966666667 31.707419125, 121.72730966666667 31.707517444444445, 121.7267235 31.707517444444445, 121.7267235 31.707419125))",1075.0481907020376,False
1769,36.07522470909091,120.2689265090909,2,berth,"POLYGON((120.26887719999999 36.0751386, 120.26897581818183 36.0751386, 120.26897581818183 36.07531081818182, 120.26887719999999 36.07531081818182, 120.26887719999999 36.0751386))",2749.8047529962596,False
1771,25.345694263888888,119.63677905555556,2,berth,"POLYGON((119.63673911111111 25.34569211111111, 119.636819 25.34569211111111, 119.636819 25.345696416666666, 119.63673911111111 25.345696416666666, 119.63673911111111 25.34569211111111))",992.3533830175477,False
1772,25.3393863836478,119.64866975157233,2,berth,"POLYGON((119.64850416981133 25.33898943396226, 119.64883533333334 25.33898943396226, 119.64883533333334 25.339783333333333, 119.64850416981133 25.339783333333333, 119.64850416981133 25.33898943396226))",2074.3745658450125,False
1774,21.53742548,111.85036428000001,2,berth,"POLYGON((111.85020540000001 21.5371306, 111.85052316 21.5371306, 111.85052316 21.537720359999998, 111.85020540000001 21.537720359999998, 111.85020540000001 21.5371306))",3407.625902393618,False
1776,31.743586129629627,121.19731346296297,2,berth,"POLYGON((121.197203 31.74352633333333, 121.19742392592592 31.74352633333333, 121.19742392592592 31.743645925925925, 121.197203 31.743645925925925, 121.197203 31.74352633333333))",1805.766769291885,False
1782,21.43380040752243,111.28768330710835,3,berth,"POLYGON((111.28760242857143 21.43377614285714, 111.28774166666666 21.43377614285714, 111.28774166666666 21.43382216666667, 111.28760242857143 21.43382216666667, 111.28760242857143 21.43377614285714))",1581.1376680277785,False
1785,31.28426748677249,121.75040540740741,3,berth,"POLYGON((121.75003155555555 31.283896222222225, 121.75070466666666 31.283896222222225, 121.75070466666666 31.284696666666665, 121.75003155555555 31.284696666666665, 121.75003155555555 31.283896222222225))",2533.5396752242027,False
1789,32.037916869491525,119.93349095071707,2,berth,"POLYGON((119.93330276923076 32.03751073898305, 119.93367913220338 32.03751073898305, 119.93367913220338 32.038323, 119.93330276923076 32.038323, 119.93330276923076 32.03751073898305))",1418.509946401525,False
1790,24.408835909523813,118.36352137083334,3,berth,"POLYGON((118.3633667 24.40860042857143, 118.36366699999999 24.40860042857143, 118.36366699999999 24.4091243, 118.3633667 24.4091243, 118.3633667 24.40860042857143))",1960.7933266187995,False
1793,31.921273316269843,120.88709166547619,4,berth,"POLYGON((120.88678564285715 31.92090022222222, 120.88741128571428 31.92090022222222, 120.88741128571428 31.921971000000003, 120.88678564285715 31.921971000000003, 120.88678564285715 31.92090022222222))",2007.1175659038463,False
1795,29.890302743945632,121.95012377099096,2,berth,"POLYGON((121.95010057936508 29.89028991468254, 121.95014696261681 29.89028991468254, 121.95014696261681 29.890315573208724, 121.95010057936508 29.890315573208724, 121.95010057936508 29.89028991468254))",420.0257403966377,False
1797,36.00666717063493,120.25097423412697,2,berth,"POLYGON((120.25082661111111 36.0064165, 120.25112185714285 36.0064165, 120.25112185714285 36.006917841269846, 120.25082661111111 36.006917841269846, 120.25082661111111 36.0064165))",2514.36569643739,False
1798,22.690878513227513,115.04845799973543,3,berth,"POLYGON((115.04842727777776 22.690668111111112, 115.04849265 22.690668111111112, 115.04849265 22.691139999999997, 115.04842727777776 22.691139999999997, 115.04842727777776 22.690668111111112))",3032.5860156271065,False
1799,23.714818034343438,117.54674751515152,3,berth,"POLYGON((117.545969 23.714577333333335, 117.54725054545453 23.714577333333335, 117.54725054545453 23.71508163636364, 117.545969 23.71508163636364, 117.545969 23.714577333333335))",3222.0304557536974,False
1800,32.04064324519799,120.73190362076079,19,berth,"POLYGON((120.73183133333333 32.04045766666667, 120.73193254545454 32.04045766666667, 120.73193254545454 32.040706, 120.73183133333333 32.040706, 120.73183133333333 32.04045766666667))",23.53365908254787,True
1802,21.852394633333333,113.2653999,2,berth,"POLYGON((113.26537766666667 21.852334933333335, 113.26542213333333 21.852334933333335, 113.26542213333333 21.85245433333333, 113.26537766666667 21.85245433333333, 113.26537766666667 21.852334933333335))",3451.066601089869,False
1804,29.998895136363636,122.06659020454545,2,berth,"POLYGON((122.06658699999998 29.998879, 122.06659340909091 29.998879, 122.06659340909091 29.998911272727273, 122.06658699999998 29.998911272727273, 122.06658699999998 29.998879))",1953.465817934998,False
1805,31.945492978535356,120.20818335227273,2,berth,"POLYGON((120.207932 31.94513688888889, 120.20843470454544 31.94513688888889, 120.20843470454544 31.94584906818182, 120.207932 31.94584906818182, 120.207932 31.94513688888889))",1142.6873625160904,True
1806,21.614945260918006,109.5663455005199,3,berth,"POLYGON((109.56630388636363 21.61493196078431, 109.56640779166668 21.61493196078431, 109.56640779166668 21.614971613636364, 109.56630388636363 21.614971613636364, 109.56630388636363 21.61493196078431))",1757.4758105230617,False
1807,38.93929366969368,121.6121055946056,4,berth,"POLYGON((121.61208669354839 38.93925264516129, 121.61212014285714 38.93925264516129, 121.61212014285714 38.93933942857143, 121.61208669354839 38.93933942857143, 121.61208669354839 38.93925264516129))",1369.2807978201754,False
1808,39.02552024202899,121.7446025231884,2,berth,"POLYGON((121.74451724637682 39.025453600000006, 121.7446878 39.025453600000006, 121.7446878 39.02558688405797, 121.74451724637682 39.02558688405797, 121.74451724637682 39.025453600000006))",1023.2223946652905,False
1809,27.23028598148148,120.32961713888889,2,berth,"POLYGON((120.32913144444446 27.230277407407407, 120.33010283333333 27.230277407407407, 120.33010283333333 27.230294555555556, 120.32913144444446 27.230294555555556, 120.32913144444446 27.230277407407407))",232.9957715738845,True
1810,32.05472121719457,119.9422313800905,2,berth,"POLYGON((119.94217952941176 32.054060588235295, 119.94228323076923 32.054060588235295, 119.94228323076923 32.05538184615385, 119.94217952941176 32.05538184615385, 119.94217952941176 32.054060588235295))",1888.3944512357007,False
1812,40.7022953302689,120.96137639668933,6,berth,"POLYGON((120.96114414285715 40.70190402586207, 120.96187977586206 40.70190402586207, 120.96187977586206 40.70249430708661, 120.96114414285715 40.70249430708661, 120.96114414285715 40.70190402586207))",602.5974574284345,False
1813,31.343886507112213,121.54144962260104,2,berth,"POLYGON((121.54144672093024 31.343869674418603, 121.54145252427183 31.343869674418603, 121.54145252427183 31.343903339805824, 121.54144672093024 31.343903339805824, 121.54144672093024 31.343869674418603))",2879.843437767776,True
1814,35.108291039509155,119.38318246891012,5,berth,"POLYGON((119.38301940239043 35.10788648214286, 119.38329398540145 35.10788648214286, 119.38329398540145 35.10887854074074, 119.38301940239043 35.10887854074074, 119.38301940239043 35.10788648214286))",1809.7793989944307,False
1815,29.943181207166667,122.24690859384023,2,berth,"POLYGON((122.24621482636657 29.94314814790997, 122.24760236131388 29.94314814790997, 122.24760236131388 29.94321426642336, 122.24621482636657 29.94321426642336, 122.24621482636657 29.94314814790997))",2233.639263669006,False
1817,40.800251909080615,121.0755066047328,2,berth,"POLYGON((121.07550331884059 40.800250890625, 121.075509890625 40.800250890625, 121.075509890625 40.80025292753623, 121.07550331884059 40.80025292753623, 121.07550331884059 40.800250890625))",920.5362845807398,False
1818,39.57823666458519,121.28003367514124,2,berth,"POLYGON((121.28003233333334 39.57823121052631, 121.28003501694914 39.57823121052631, 121.28003501694914 39.57824211864407, 121.28003233333334 39.57824211864407, 121.28003233333334 39.57823121052631))",14.128272956343421,False
1821,30.064360546825394,121.84798862063491,6,berth,"POLYGON((121.84795100000001 30.064325666666665, 121.84802119999999 30.064325666666665, 121.84802119999999 30.064396999999996, 121.84795100000001 30.064396999999996, 121.84795100000001 30.064325666666665))",782.4271979304432,True
1825,29.640118551684985,121.93736005150006,8,berth,"POLYGON((121.93734514705883 29.64010608, 121.93737157333334 29.64010608, 121.93737157333334 29.640136852941176, 121.93734514705883 29.640136852941176, 121.93734514705883 29.64010608))",1337.4952745805206,False
1828,26.937377534105863,120.24132146691088,8,berth,"POLYGON((120.241156125 26.93705425, 120.2415121 26.93705425, 120.2415121 26.93785168421053, 120.241156125 26.93785168421053, 120.241156125 26.93705425))",944.2996000190742,False
1832,31.471752738619784,121.42120040884488,30,berth,"POLYGON((121.42111430645161 31.471702363636364, 121.4212342 31.471702363636364, 121.4212342 31.4718306744186, 121.42111430645161 31.4718306744186, 121.42111430645161 31.471702363636364))",2380.9587505768773,False
1834,29.197065716666668,121.77591413333334,5,berth,"POLYGON((121.77555849999999 29.196775833333334, 121.77642349999999 29.196775833333334, 121.77642349999999 29.19799666666667, 121.77555849999999 29.19799666666667, 121.77555849999999 29.196775833333334))",1303.1135279868593,False
1835,31.902087133333332,120.89338910000001,2,berth,"POLYGON((120.89333800000001 31.901506599999998, 120.89344019999999 31.901506599999998, 120.89344019999999 31.90266766666667, 120.89333800000001 31.90266766666667, 120.89333800000001 31.901506599999998))",2557.044386878886,False
1836,29.49929525,121.50176512499999,2,berth,"POLYGON((121.501707 29.4988065, 121.50182325 29.4988065, 121.50182325 29.499784, 121.501707 29.499784, 121.501707 29.4988065))",2008.0175339119162,False
1838,32.06571706818182,119.9387461969697,2,berth,"POLYGON((119.93827766666668 32.06528063636364, 119.93921472727271 32.06528063636364, 119.93921472727271 32.0661535, 119.93827766666668 32.0661535, 119.93827766666668 32.06528063636364))",1430.718673182214,False
1839,29.19097300277778,121.77473306666666,6,berth,"POLYGON((121.7744054 29.189645666666667, 121.7751 29.189645666666667, 121.7751 29.19210133333333, 121.7744054 29.19210133333333, 121.7744054 29.189645666666667))",1380.5328134262854,False
1840,25.989584034889173,119.47602543603115,19,berth,"POLYGON((119.475932 25.989496, 119.47615716666667 25.989496, 119.47615716666667 25.98967015942029, 119.475932 25.98967015942029, 119.475932 25.989496))",411.13003468941315,False
1841,21.429581833333334,111.29739038333334,2,berth,"POLYGON((111.29738110000001 21.429562166666667, 111.29739966666666 21.429562166666667, 111.29739966666666 21.4296015, 111.29738110000001 21.4296015, 111.29738110000001 21.429562166666667))",2504.50977846087,False
1847,29.925651139271167,122.29105647179836,5,berth,"POLYGON((122.29103780487804 29.92564201734104, 122.29107313043478 29.92564201734104, 122.29107313043478 29.925661717391307, 122.29103780487804 29.925661717391307, 122.29103780487804 29.92564201734104))",1083.1558245317922,False
1848,32.128948913437604,119.91744316879344,3,berth,"POLYGON((119.917294625 32.12852408219178, 119.91758603424658 32.12852408219178, 119.91758603424658 32.129419225, 119.917294625 32.129419225, 119.917294625 32.12852408219178))",711.8885499371399,True
1849,32.185469388018205,119.59077063957787,4,berth,"POLYGON((119.59040295522388 32.1854479375, 119.59097306666668 32.1854479375, 119.59097306666668 32.18549011666667, 119.59040295522388 32.18549011666667, 119.59040295522388 32.1854479375))",2272.4007007376867,True
1850,31.921371892857138,120.89500320714285,2,berth,"POLYGON((120.89498853333332 31.921360119047616, 120.89501788095238 31.921360119047616, 120.89501788095238 31.921383666666664, 120.89498853333332 31.921383666666664, 120.89498853333332 31.921360119047616))",1297.8808956859957,False
1851,30.2449491,122.10274698333332,3,berth,"POLYGON((122.10245025 30.244719, 122.10319199999999 30.244719, 122.10319199999999 30.245216, 122.10245025 30.245216, 122.10245025 30.244719))",2881.656401586905,False
1852,30.250010883333335,122.115302,2,berth,"POLYGON((122.11522000000001 30.249954600000002, 122.11538399999999 30.249954600000002, 122.11538399999999 30.250067166666668, 122.11522000000001 30.250067166666668, 122.11522000000001 30.249954600000002))",1664.6793303073875,False
1853,30.153371544620693,122.06500322912841,5,berth,"POLYGON((122.0646095 30.15305099685535, 122.06515676886792 30.15305099685535, 122.06515676886792 30.15375375577558, 122.0646095 30.15375375577558, 122.0646095 30.15305099685535))",739.7285335535613,False
1855,30.257072906354267,122.25222729427419,5,berth,"POLYGON((122.25218988235295 30.257046470588232, 122.25224461538463 30.257046470588232, 122.25224461538463 30.25710461111111, 122.25218988235295 30.25710461111111, 122.25218988235295 30.257046470588232))",3491.638413926094,False
1856,32.12867928125,121.5035930625,2,berth,"POLYGON((121.50345375 32.12859275, 121.503732375 32.12859275, 121.503732375 32.1287658125, 121.50345375 32.1287658125, 121.50345375 32.12859275))",2463.764096012153,False
1857,39.81946917310606,124.15118876893939,2,berth,"POLYGON((124.15115828787877 39.819445621212125, 124.15121925000001 39.819445621212125, 124.15121925000001 39.819492724999996, 124.15115828787877 39.819492724999996, 124.15115828787877 39.819445621212125))",3635.986948741747,False
1858,32.138513862577504,119.90345494620412,3,berth,"POLYGON((119.90333323076923 32.138255117647056, 119.90369266666666 32.138255117647056, 119.90369266666666 32.13865869230769, 119.90333323076923 32.13865869230769, 119.90333323076923 32.138255117647056))",558.7948489834905,False
1859,30.08396664729818,121.94967264203858,9,berth,"POLYGON((121.94909003448277 30.08340957142857, 121.95018617142856 30.08340957142857, 121.95018617142856 30.0843671875, 121.94909003448277 30.0843671875, 121.94909003448277 30.08340957142857))",3060.0921848336957,False
1860,39.01311870098039,117.77188550728292,5,berth,"POLYGON((117.77165283333333 39.01285975, 117.77198342857142 39.01285975, 117.77198342857142 39.013762166666666, 117.77165283333333 39.013762166666666, 117.77165283333333 39.01285975))",256.5225310734813,False
1861,34.74833621362276,119.43708696706585,10,berth,"POLYGON((119.4346128235294 34.74824690909091, 119.43993331818182 34.74824690909091, 119.43993331818182 34.748464764705886, 119.4346128235294 34.748464764705886, 119.4346128235294 34.74824690909091))",110.52997017898393,False
1862,39.01729297384868,117.77066986858553,4,berth,"POLYGON((117.77061604999999 39.017057894736844, 117.77074831578948 39.017057894736844, 117.77074831578948 39.01754655, 117.77061604999999 39.01754655, 117.77061604999999 39.017057894736844))",254.98648211476177,False
1863,36.012386599323065,120.2314819017857,4,berth,"POLYGON((120.23143983333333 36.01233988888889, 120.23155341666666 36.01233988888889, 120.23155341666666 36.012458214285715, 120.23143983333333 36.012458214285715, 120.23143983333333 36.01233988888889))",1725.6241342862568,False
1864,38.99691183249791,121.89135868404344,3,berth,"POLYGON((121.89120794736841 38.99678066666666, 121.89153603333332 38.99678066666666, 121.89153603333332 38.99700835714286, 121.89120794736841 38.99700835714286, 121.89120794736841 38.99678066666666))",997.335244975671,False
1865,36.00936188484849,120.22668884444447,3,berth,"POLYGON((120.22624553333334 36.009124400000005, 120.22740000000002 36.009124400000005, 120.22740000000002 36.009756800000005, 120.22624553333334 36.009756800000005, 120.22624553333334 36.009124400000005))",1352.294740789275,False
1866,36.01234717801857,120.21053534674923,2,berth,"POLYGON((120.2100715882353 36.01195488235294, 120.21099910526317 36.01195488235294, 120.21099910526317 36.012739473684206, 120.2100715882353 36.012739473684206, 120.2100715882353 36.01195488235294))",2552.3123926859353,False
1867,34.74835158727272,119.44281276818182,2,berth,"POLYGON((119.4426414 34.74834245454545, 119.44298413636365 34.74834245454545, 119.44298413636365 34.74836072, 119.4426414 34.74836072, 119.4426414 34.74834245454545))",317.4852407893535,False
1868,39.01660270501373,121.85995251316392,3,berth,"POLYGON((121.85985199999999 39.01654520879121, 121.86005478125 39.01654520879121, 121.86005478125 39.016643124999995, 121.85985199999999 39.016643124999995, 121.85985199999999 39.01654520879121))",1371.8814535957335,False
1869,36.01616463738513,120.23752963730158,5,berth,"POLYGON((120.23708766666665 36.01592375, 120.23802080555555 36.01592375, 120.23802080555555 36.01643611111111, 120.23708766666665 36.01643611111111, 120.23708766666665 36.01592375))",2389.7622937150145,False
1870,31.631534031209153,121.23724647238562,3,berth,"POLYGON((121.23712773333334 31.63123423529412, 121.23744605882354 31.63123423529412, 121.23744605882354 31.631830125, 121.23712773333334 31.631830125, 121.23712773333334 31.63123423529412))",2345.615517179784,False
1871,30.094784889041094,121.98436236815068,2,berth,"POLYGON((121.98394 30.09456317808219, 121.98478473630136 30.09456317808219, 121.98478473630136 30.095006599999998, 121.98394 30.095006599999998, 121.98394 30.09456317808219))",476.62647712162607,True
1872,34.74657745714286,119.43297985,2,berth,"POLYGON((119.43287021428571 34.7463252, 119.43308948571428 34.7463252, 119.43308948571428 34.74682971428572, 119.43287021428571 34.74682971428572, 119.43287021428571 34.7463252))",262.1214227899857,True
1873,27.249253444444445,120.24738530555555,3,berth,"POLYGON((120.24692216666666 27.248952666666668, 120.24762199999999 27.248952666666668, 120.24762199999999 27.249470666666667, 120.24692216666666 27.249470666666667, 120.24692216666666 27.248952666666668))",534.7001886957746,True
1875,30.099266491704643,121.95410466086992,2,berth,"POLYGON((121.95407412121212 30.099237075757575, 121.9541352005277 30.099237075757575, 121.9541352005277 30.09929590765171, 121.95407412121212 30.09929590765171, 121.95407412121212 30.099237075757575))",2778.406937067275,False
1876,39.90946857436997,119.58714136552558,31,berth,"POLYGON((119.58604377777777 39.9091625, 119.58727816666668 39.9091625, 119.58727816666668 39.91030592063492, 119.58604377777777 39.91030592063492, 119.58604377777777 39.9091625))",595.7908679933087,True
1877,39.9070624739037,119.58745688546277,12,berth,"POLYGON((119.58735364516129 39.90703068292683, 119.587538 39.90703068292683, 119.587538 39.90712466666667, 119.58735364516129 39.90712466666667, 119.58735364516129 39.90703068292683))",244.87021766588944,True
1881,27.989275088743696,120.83207875671988,2,berth,"POLYGON((120.83198117699115 27.989241168141593, 120.8321763364486 27.989241168141593, 120.8321763364486 27.989309009345796, 120.83198117699115 27.989309009345796, 120.83198117699115 27.989241168141593))",313.08400482024757,False
1884,31.379241961904764,121.62217233333332,3,berth,"POLYGON((121.62195799999999 31.378949285714288, 121.622329 31.378949285714288, 121.622329 31.3794966, 121.62195799999999 31.3794966, 121.62195799999999 31.378949285714288))",3889.2608746251144,False
1886,30.133472916029802,122.12958186697315,15,berth,"POLYGON((122.12941040000001 30.133443142857143, 122.12972732191781 30.133443142857143, 122.12972732191781 30.133536666666668, 122.12941040000001 30.133536666666668, 122.12941040000001 30.133443142857143))",697.8701140215383,False
1888,29.636606266213093,121.94807475276723,9,berth,"POLYGON((121.94761824175825 29.6364084, 121.9489565 29.6364084, 121.9489565 29.636822828571425, 121.94761824175825 29.636822828571425, 121.94761824175825 29.6364084))",2144.574066819583,False
1890,36.013854539990696,129.40052544649487,3,berth,"POLYGON((129.4005091910828 36.01383740764331, 129.4005473150685 36.01383740764331, 129.4005473150685 36.01388071232877, 129.4005091910828 36.01388071232877, 129.4005091910828 36.01383740764331))",1198.213189155965,False
1912,31.378346458333333,121.62459758333333,2,berth,"POLYGON((121.62459691666668 31.37834575, 121.62459824999999 31.37834575, 121.62459824999999 31.378347166666668, 121.62459691666668 31.378347166666668, 121.62459691666668 31.37834575))",3832.506867016056,False
1915,32.126239385714285,121.50150945714286,2,berth,"POLYGON((121.5013512 32.125967200000005, 121.50166771428572 32.125967200000005, 121.50166771428572 32.12651157142857, 121.5013512 32.12651157142857, 121.5013512 32.125967200000005))",2129.7377021906905,False
1916,35.97387165831151,126.52943684783546,4,berth,"POLYGON((126.52940374468086 35.97385939007092, 126.52946378260869 35.97385939007092, 126.52946378260869 35.9738827826087, 126.52940374468086 35.9738827826087, 126.52940374468086 35.97385939007092))",362.6305550020323,False
1918,37.64654349285715,120.28561778285714,2,berth,"POLYGON((120.28532428 37.64626928571429, 120.28591128571429 37.64626928571429, 120.28591128571429 37.6468177, 120.28532428 37.6468177, 120.28532428 37.64626928571429))",3107.243559644885,False
1929,31.993657355971663,120.67391092378543,2,berth,"POLYGON((120.67389849230769 31.993646065789473, 120.67392335526316 31.993646065789473, 120.67392335526316 31.99366864615385, 120.67389849230769 31.99366864615385, 120.67389849230769 31.993646065789473))",665.0678000161291,True
1933,31.951798767043314,120.31164791676082,2,berth,"POLYGON((120.31125815555555 31.95173482222222, 120.3120376779661 31.95173482222222, 120.3120376779661 31.951862711864404, 120.31125815555555 31.951862711864404, 120.31125815555555 31.95173482222222))",946.2481590237968,False
1934,22.476830773391814,113.18702601023392,2,berth,"POLYGON((113.18665513157895 22.476754657894737, 113.18739688888888 22.476754657894737, 113.18739688888888 22.47690688888889, 113.18665513157895 22.47690688888889, 113.18665513157895 22.476754657894737))",1233.0005210431082,False
1935,22.829963355806587,115.99190892583177,7,berth,"POLYGON((115.99144966666667 22.829480166666666, 115.99204273913044 22.829480166666666, 115.99204273913044 22.83010414285714, 115.99144966666667 22.83010414285714, 115.99144966666667 22.829480166666666))",364.3409258569076,False
1936,31.990750822725044,120.34204884118225,3,berth,"POLYGON((120.3413495 31.98995894039735, 120.3426208013245 31.98995894039735, 120.3426208013245 31.991556777777777, 120.3413495 31.991556777777777, 120.3413495 31.98995894039735))",1607.541739988627,False
1938,21.58459930421256,108.47407066529048,3,berth,"POLYGON((108.47384411538461 21.583515361702126, 108.47436275886524 21.583515361702126, 108.47436275886524 21.585499807692308, 108.47384411538461 21.585499807692308, 108.47384411538461 21.583515361702126))",392.62075750643754,False
1939,21.726371898214285,108.59535515892858,2,berth,"POLYGON((108.59509617500001 21.7258731, 108.59561414285714 21.7258731, 108.59561414285714 21.72687069642857, 108.59509617500001 21.72687069642857, 108.59509617500001 21.7258731))",1657.4845625956034,False
1940,37.547958333333334,121.45639608333335,2,berth,"POLYGON((121.45618516666667 37.547811, 121.456607 37.547811, 121.456607 37.548105666666665, 121.45618516666667 37.548105666666665, 121.45618516666667 37.547811))",3623.8085498229393,False
1942,29.11168863888889,121.62400255555555,3,berth,"POLYGON((121.62353766666666 29.11106175, 121.62463325 29.11106175, 121.62463325 29.1125485, 121.62353766666666 29.1125485, 121.62353766666666 29.11106175))",215.35166190278733,False
1949,31.691057166666667,121.80616433333333,2,berth,"POLYGON((121.806151 31.691038666666667, 121.80617766666667 31.691038666666667, 121.80617766666667 31.691075666666666, 121.806151 31.691075666666666, 121.806151 31.691038666666667))",402.8603922823134,False
1950,30.690520216740573,122.41586378658536,2,berth,"POLYGON((122.41583607317072 30.690503024390242, 122.4158915 30.690503024390242, 122.4158915 30.690537409090908, 122.41583607317072 30.690537409090908, 122.41583607317072 30.690503024390242))",2026.1199137045132,False
1951,30.69019958008658,122.41359194155844,3,berth,"POLYGON((122.41355214285714 30.690117, 122.4136335 30.690117, 122.4136335 30.690333285714285, 122.41355214285714 30.690333285714285, 122.41355214285714 30.690117))",2258.356141642908,False
1952,30.164128157321404,122.02910522491686,3,berth,"POLYGON((122.02904855555555 30.164055555555553, 122.02915288235293 30.164055555555553, 122.02915288235293 30.16418370588235, 122.02904855555555 30.16418370588235, 122.02904855555555 30.164055555555553))",2104.588924897655,False
1953,32.015578675,120.60844233750001,2,berth,"POLYGON((120.6084398 32.01554975, 120.608444875 32.01554975, 120.608444875 32.015607599999996, 120.6084398 32.015607599999996, 120.6084398 32.01554975))",3079.6641024128353,False
1955,28.371189583333333,121.66980694444445,2,berth,"POLYGON((121.66966433333333 28.3711175, 121.66994955555555 28.3711175, 121.66994955555555 28.37126166666667, 121.66966433333333 28.37126166666667, 121.66966433333333 28.3711175))",3783.912439612165,False
1964,33.81198823684211,120.45804764473684,2,berth,"POLYGON((120.45802178947368 33.811946473684216, 120.4580735 33.811946473684216, 120.4580735 33.81203, 120.45802178947368 33.81203, 120.45802178947368 33.811946473684216))",1131.52282784954,False
1970,25.421506311550154,119.11803065592704,2,berth,"POLYGON((119.11796797142857 25.421328765957444, 119.11809334042553 25.421328765957444, 119.11809334042553 25.42168385714286, 119.11796797142857 25.42168385714286, 119.11796797142857 25.421328765957444))",609.7321927763468,False
1971,26.379724095031506,119.75804174516718,3,berth,"POLYGON((119.75782121621621 26.37959756756757, 119.75839160465117 26.37959756756757, 119.75839160465117 26.379957790697677, 119.75782121621621 26.379957790697677, 119.75782121621621 26.37959756756757))",1035.186937976296,False
1972,23.32759005864743,116.74825729634487,3,berth,"POLYGON((116.74823660563379 23.327570763157894, 116.74828473076923 23.327570763157894, 116.74828473076923 23.327623384615382, 116.74823660563379 23.327623384615382, 116.74823660563379 23.327570763157894))",141.96144471357775,False
1984,26.68594053333333,119.80979923333334,2,berth,"POLYGON((119.80956280000001 26.685694666666667, 119.81003566666668 26.685694666666667, 119.81003566666668 26.686186399999997, 119.80956280000001 26.686186399999997, 119.80956280000001 26.685694666666667))",1232.1892485030423,False
1989,26.26431428833333,119.7929257,5,berth,"POLYGON((119.79275100000001 26.26384673333333, 119.79323033333334 26.26384673333333, 119.79323033333334 26.264808333333335, 119.79275100000001 26.264808333333335, 119.79275100000001 26.26384673333333))",2454.458638054172,False
1991,34.747339630024506,119.42093069240195,3,berth,"POLYGON((119.420848 34.7472738, 119.42099326470588 34.7472738, 119.42099326470588 34.74739105882353, 119.420848 34.74739105882353, 119.420848 34.7472738))",396.0656582833359,True
1992,38.97839105,121.74935640999999,2,berth,"POLYGON((121.7493065 38.9780825, 121.74940631999999 38.9780825, 121.74940631999999 38.9786996, 121.7493065 38.9786996, 121.7493065 38.9780825))",3517.2177856513736,False
1995,34.75159886111111,119.37781930555555,2,berth,"POLYGON((119.37770444444443 34.7515645, 119.37793416666666 34.7515645, 119.37793416666666 34.751633222222225, 119.37770444444443 34.751633222222225, 119.37770444444443 34.7515645))",778.28120284375,True
1996,39.01174533618821,121.74972788545224,5,berth,"POLYGON((121.74920506976743 39.011393568181816, 121.74999968181818 39.011393568181816, 121.74999968181818 39.01237560465116, 121.74920506976743 39.01237560465116, 121.74920506976743 39.011393568181816))",1281.5353757126666,False
1997,29.927601975778593,121.99099709581809,4,berth,"POLYGON((121.9909897752809 29.92759301, 121.99100672222222 29.92759301, 121.99100672222222 29.927618166666665, 121.9909897752809 29.927618166666665, 121.9909897752809 29.92759301))",275.36510704483226,False
1998,29.939846467293275,121.9782454666422,3,berth,"POLYGON((121.97823440776699 29.939836315217395, 121.97825155737705 29.939836315217395, 121.97825155737705 29.939860766990293, 121.97823440776699 29.939860766990293, 121.97823440776699 29.939836315217395))",103.71544112605164,False
2000,31.383293819096885,121.55578780646746,5,berth,"POLYGON((121.55576902816902 31.38327622535211, 121.555803704 31.38327622535211, 121.555803704 31.383335696, 121.55576902816902 31.383335696, 121.55576902816902 31.38327622535211))",2438.9738110238095,False
2003,40.73970851783499,121.99016757200388,6,berth,"POLYGON((121.9901165 40.739675857142856, 121.99020416666666 40.739675857142856, 121.99020416666666 40.739741651515146, 121.9901165 40.739741651515146, 121.9901165 40.739675857142856))",3927.084629464393,False
2005,29.789017172796804,122.12904616335732,3,berth,"POLYGON((122.12903969230769 29.78900476041667, 122.12905075609757 29.78900476041667, 122.12905075609757 29.789038538461536, 122.12903969230769 29.789038538461536, 122.12903969230769 29.78900476041667))",1369.5030382334842,False
2006,30.12947742147436,122.13216070352564,2,berth,"POLYGON((122.13193629166666 30.129082884615382, 122.13238511538461 30.129082884615382, 122.13238511538461 30.129871958333336, 122.13193629166666 30.129871958333336, 122.13193629166666 30.129082884615382))",521.1381783689944,False
31,34.428314687817604,119.79391021667149,32,berth,"POLYGON((119.79375766666668 34.4281986875, 119.7940341 34.4281986875, 119.7940341 34.428436181818185, 119.79375766666668 34.428436181818185, 119.79375766666668 34.4281986875))",6649.3023190658505,True
34,34.4429974328922,119.79607665698288,32,berth,"POLYGON((119.79554309090909 34.44021545454546, 119.79635406666667 34.44021545454546, 119.79635406666667 34.4461234, 119.79554309090909 34.4461234, 119.79554309090909 34.44021545454546))",4739.276367266739,True
68,31.02418675121843,121.48633058448095,33,berth,"POLYGON((121.48603305633804 31.02332460606061, 121.48663184848485 31.02332460606061, 121.48663184848485 31.02433825, 121.48603305633804 31.02433825, 121.48603305633804 31.02332460606061))",27665.325232181778,True
69,31.040558780683536,121.47630253502214,81,berth,"POLYGON((121.475288 31.039779199999998, 121.47699480000001 31.039779199999998, 121.47699480000001 31.041509400000002, 121.475288 31.041509400000002, 121.475288 31.039779199999998))",30007.19476745598,True
71,31.13329098103632,121.4581328682265,10,berth,"POLYGON((121.45754916666665 31.132414, 121.45992859999998 31.132414, 121.45992859999998 31.1335325, 121.45754916666665 31.1335325, 121.45754916666665 31.132414))",31757.145028120958,True
78,39.21566105329452,118.99613610340609,69,berth,"POLYGON((118.99417348913043 39.21475753125, 118.99893167777779 39.21475753125, 118.99893167777779 39.21599134375, 118.99417348913043 39.21599134375, 118.99417348913043 39.21475753125))",4013.2655332886006,True
88,31.31261883375893,121.55488625998768,14,berth,"POLYGON((121.55477577777778 31.312244363636363, 121.555026 31.312244363636363, 121.555026 31.313271574999998, 121.55477577777778 31.313271574999998, 121.55477577777778 31.312244363636363))",6066.65239720584,True
105,31.221331303385227,118.11670372037916,83,berth,"POLYGON((118.1146665 31.22, 118.11934 31.22, 118.11934 31.22261, 118.1146665 31.22261, 118.1146665 31.22))",209248.18325033074,True
108,23.492627345118482,116.48850460083801,138,berth,"POLYGON((116.4877802 23.490381666666668, 116.48891116666665 23.490381666666668, 116.48891116666665 23.49609875, 116.4877802 23.49609875, 116.4877802 23.490381666666668))",9763.473337215984,True
114,34.32575571594301,119.74854874398928,3,berth,"POLYGON((119.74769761009175 34.325223479357795, 119.74901274157304 34.325223479357795, 119.74901274157304 34.32603720786517, 119.74769761009175 34.32603720786517, 119.74769761009175 34.325223479357795))",21342.693662384132,True
115,32.18765632542896,119.03238393285582,45,berth,"POLYGON((119.03084771428573 32.186848857142856, 119.03390953333334 32.186848857142856, 119.03390953333334 32.18874338636363, 119.03084771428573 32.18874338636363, 119.03084771428573 32.186848857142856))",63871.74644595305,True
118,31.763646202777778,118.46825378703704,3,berth,"POLYGON((118.467742375 31.763114375, 118.46851411111112 31.763114375, 118.46851411111112 31.763916833333333, 118.467742375 31.763916833333333, 118.467742375 31.763114375))",138837.38801652237,True
119,31.28417705856009,118.20700786593211,115,berth,"POLYGON((118.20189478787879 31.279233285714287, 118.2133879090909 31.279233285714287, 118.2133879090909 31.289148, 118.20189478787879 31.289148, 118.20189478787879 31.279233285714287))",196290.8225278259,True
121,31.304767212087985,121.56012458561962,114,berth,"POLYGON((121.559775 31.302903264150945, 121.56043882857144 31.302903264150945, 121.56043882857144 31.30739680851064, 121.559775 31.30739680851064, 121.559775 31.302903264150945))",6786.925827589555,True
163,23.51446984184755,116.41037133041904,11,berth,"POLYGON((116.40979530303031 23.514260874999998, 116.410619 23.514260874999998, 116.410619 23.51516236363636, 116.40979530303031 23.51516236363636, 116.40979530303031 23.514260874999998))",17127.136358424184,True
168,23.516861392804437,116.40556408480369,25,berth,"POLYGON((116.404519 23.51677533333333, 116.40641973515982 23.51677533333333, 116.40641973515982 23.516987305936073, 116.404519 23.516987305936073, 116.404519 23.51677533333333))",17717.614591499638,True
175,31.323581312595184,121.56068769973737,30,berth,"POLYGON((121.5604666 31.322974052631583, 121.56082346153848 31.322974052631583, 121.56082346153848 31.323919846153846, 121.5604666 31.323919846153846, 121.5604666 31.322974052631583))",4499.683391812781,True
176,23.49523888443865,116.40986782046696,4,berth,"POLYGON((116.40980540000001 23.4950299, 116.40990136065574 23.4950299, 116.40990136065574 23.49541226666667, 116.40980540000001 23.49541226666667, 116.40980540000001 23.4950299))",15679.16692408416,True
181,31.28594155949052,121.56724672413648,52,berth,"POLYGON((121.5671305652174 31.284993194444446, 121.56740592307693 31.284993194444446, 121.56740592307693 31.286139163934426, 121.5671305652174 31.286139163934426, 121.5671305652174 31.284993194444446))",8746.261119093499,True
268,31.05858925706432,121.47201656663461,43,berth,"POLYGON((121.4718735 31.0584415, 121.472329 31.0584415, 121.472329 31.058736666666668, 121.4718735 31.058736666666668, 121.4718735 31.0584415))",32394.077641638985,True
285,22.44549843974925,113.038783984859,16,berth,"POLYGON((113.03811178048781 22.445227666666668, 113.03935107499998 22.445227666666668, 113.03935107499998 22.445780910569106, 113.03811178048781 22.445780910569106, 113.03811178048781 22.445227666666668))",14433.406707697584,True
294,22.4436761935283,113.04467101749813,8,berth,"POLYGON((113.04371283333334 22.443489999999997, 113.04572564285715 22.443489999999997, 113.04572564285715 22.443917798387098, 113.04371283333334 22.443917798387098, 113.04371283333334 22.443489999999997))",13903.871353057299,True
296,22.298663196740346,113.07597794678233,15,berth,"POLYGON((113.0753665 22.297241999999997, 113.07623735483871 22.297241999999997, 113.07623735483871 22.300164838709676, 113.0753665 22.300164838709676, 113.0753665 22.297241999999997))",10294.325109335794,True
303,31.32582091884159,121.55470502049256,60,berth,"POLYGON((121.55402597916667 31.324424833333335, 121.55519 31.324424833333335, 121.55519 31.328255187499998, 121.55402597916667 31.328255187499998, 121.55402597916667 31.324424833333335))",4486.244134693284,True
313,22.29709085,113.0719641,2,berth,"POLYGON((113.07169 22.296533, 113.07223819999999 22.296533, 113.07223819999999 22.2976487, 113.07169 22.2976487, 113.07169 22.296533))",10297.660923276188,True
341,31.098990043507545,121.45838515054977,51,berth,"POLYGON((121.4577222857143 31.0970775, 121.45924325 31.0970775, 121.45924325 31.100091910714287, 121.4577222857143 31.100091910714287, 121.4577222857143 31.0970775))",35863.7755413232,True
342,31.071492614774073,121.4675286163756,22,berth,"POLYGON((121.4670402 31.069959416666666, 121.46815999999998 31.069959416666666, 121.46815999999998 31.073115875, 121.4670402 31.073115875, 121.4670402 31.069959416666666))",34142.98905481488,True
387,31.398771549590652,118.34614968446,15,berth,"POLYGON((118.3459646 31.398542400000004, 118.3462857631579 31.398542400000004, 118.3462857631579 31.3989094516129, 118.3459646 31.3989094516129, 118.3459646 31.398542400000004))",174926.96747925857,True
388,31.271200673913043,118.19954561956523,3,berth,"POLYGON((118.19945860869565 31.271054521739128, 118.19964337500001 31.271054521739128, 118.19964337500001 31.271435, 118.19945860869565 31.271435, 118.19945860869565 31.271054521739128))",197980.44233517942,True
393,23.522480277668027,116.38623006736876,19,berth,"POLYGON((116.38567333333333 23.521950082191783, 116.38684435714286 23.521950082191783, 116.38684435714286 23.522803857142858, 116.38567333333333 23.522803857142858, 116.38567333333333 23.521950082191783))",19790.48598192736,True
394,31.185581548566745,118.00350457302757,6,berth,"POLYGON((118.002626 31.18479, 118.00430427272727 31.18479, 118.00430427272727 31.1865135, 118.002626 31.1865135, 118.002626 31.18479))",222107.18750649,True
395,31.131626011074196,118.00054153349944,2,berth,"POLYGON((118.00052168604651 31.131474952380955, 118.00056138095239 31.131474952380955, 118.00056138095239 31.13177706976744, 118.00052168604651 31.13177706976744, 118.00052168604651 31.131474952380955))",226618.7283096617,True
396,31.456746240928585,118.33960092284656,6,berth,"POLYGON((118.33953591891893 31.45673873170732, 118.33967230434783 31.45673873170732, 118.33967230434783 31.456756837837837, 118.33953591891893 31.456756837837837, 118.33953591891893 31.45673873170732))",171114.90931589226,True
397,31.20817104126984,118.07929433015873,3,berth,"POLYGON((118.07903651428572 31.20810288571429, 118.07947133333334 31.20810288571429, 118.07947133333334 31.208247666666665, 118.07903651428572 31.208247666666665, 118.07903651428572 31.20810288571429))",213596.1089481107,True
428,31.102040278796103,121.46108709488635,78,berth,"POLYGON((121.46046285714286 31.10170745, 121.46144675 31.10170745, 121.46144675 31.102230363636362, 121.46046285714286 31.102230363636362, 121.46046285714286 31.10170745))",35382.07725568086,True
435,23.525232665892744,116.37583330554986,4,berth,"POLYGON((116.37577344099378 23.525212708074534, 116.3759634255319 23.525212708074534, 116.3759634255319 23.525245574468084, 116.37577344099378 23.525245574468084, 116.37577344099378 23.525212708074534))",20900.737531550516,True
436,23.47223575287389,116.48251968378439,61,berth,"POLYGON((116.48165789855074 23.47012655072464, 116.48308290909091 23.47012655072464, 116.48308290909091 23.47324, 116.48165789855074 23.47324, 116.48165789855074 23.47012655072464))",7936.305269522528,True
437,31.09233089404593,121.46232510453436,72,berth,"POLYGON((121.46044885245901 31.0911345, 121.4630382 31.0911345, 121.4630382 31.095572426229506, 121.46044885245901 31.095572426229506, 121.46044885245901 31.0911345))",36494.3691847098,True
445,31.06329491678134,121.47015783030716,14,berth,"POLYGON((121.469979 31.063077786885245, 121.47026120000001 31.063077786885245, 121.47026120000001 31.0642492, 121.469979 31.0642492, 121.469979 31.063077786885245))",33038.182840882844,True
449,31.056800624670032,121.47259336312443,30,berth,"POLYGON((121.47244265384614 31.056698746987955, 121.472763625 31.056698746987955, 121.472763625 31.05693882191781, 121.47244265384614 31.05693882191781, 121.47244265384614 31.056698746987955))",32152.956648920703,True
488,31.0519074791825,121.47427349784994,16,berth,"POLYGON((121.47405566666667 31.051144931034482, 121.474596625 31.051144931034482, 121.474596625 31.052063447916666, 121.47405566666667 31.052063447916666, 121.47405566666667 31.051144931034482))",31490.432748091516,True
495,31.0465217815497,121.47558321184309,16,berth,"POLYGON((121.47548193478261 31.046412431578947, 121.4758188 31.046412431578947, 121.4758188 31.046720606060607, 121.47548193478261 31.046720606060607, 121.47548193478261 31.046412431578947))",30776.63339592211,True
497,23.50045354860681,116.48596869914002,3,berth,"POLYGON((116.48595110526315 23.5004154, 116.48599293333334 23.5004154, 116.48599293333334 23.500492010526315, 116.48595110526315 23.500492010526315, 116.48595110526315 23.5004154))",10737.460411052469,True
500,23.462490572222222,116.47342689722223,3,berth,"POLYGON((116.4731734 23.462152800000002, 116.47361116666667 23.462152800000002, 116.47361116666667 23.46270225, 116.4731734 23.46270225, 116.4731734 23.462152800000002))",7691.655358120629,True
515,32.271430480459784,119.43927400082417,15,berth,"POLYGON((119.43788857142859 32.27103909090909, 119.44022621739131 32.27103909090909, 119.44022621739131 32.271746729166665, 119.43788857142859 32.271746729166665, 119.43788857142859 32.27103909090909))",20995.43392121438,True
538,32.17437386875459,118.86882110272046,4,berth,"POLYGON((118.868776 32.17432225, 118.86885598780488 32.17432225, 118.86885598780488 32.17440760869565, 118.868776 32.17440760869565, 118.868776 32.17432225))",82121.42924034152,True
580,23.505658383658673,116.38317121992911,7,berth,"POLYGON((116.3831361044776 23.505609840909088, 116.38319328571428 23.505609840909088, 116.38319328571428 23.50572114925373, 116.3831361044776 23.50572114925373, 116.3831361044776 23.505609840909088))",18836.27103146704,True
649,22.302636311244825,113.07588901223929,5,berth,"POLYGON((113.07579299999999 22.302397777777774, 113.07604287353631 22.302397777777774, 113.07604287353631 22.303475757025762, 113.07579299999999 22.303475757025762, 113.07579299999999 22.302397777777774))",10742.633946269294,True
662,32.18786888865887,119.28407194289191,10,berth,"POLYGON((119.28277440816326 32.187580999999994, 119.2848933 32.187580999999994, 119.2848933 32.188271367346935, 119.28277440816326 32.188271367346935, 119.28277440816326 32.187580999999994))",35862.120871138744,True
665,32.16597585,118.85202404642857,2,berth,"POLYGON((118.85172852142857 32.16597241428572, 118.85231957142857 32.16597241428572, 118.85231957142857 32.165979285714286, 118.85172852142857 32.165979285714286, 118.85172852142857 32.16597241428572))",84036.33055225355,True
667,31.066050575697652,121.4689853743146,8,berth,"POLYGON((121.46890857142857 31.06583207142857, 121.4690877142857 31.06583207142857, 121.4690877142857 31.066193285714284, 121.46890857142857 31.066193285714284, 121.46890857142857 31.06583207142857))",33417.781207371176,True
682,32.18741642577232,119.32148799081915,14,berth,"POLYGON((119.32040888888888 32.18716444444445, 119.322333375 32.18716444444445, 119.322333375 32.187536125, 119.32040888888888 32.187536125, 119.32040888888888 32.18716444444445))",31701.87930000595,True
693,32.18625569155841,118.89087208065189,10,berth,"POLYGON((118.89078565384615 32.18618466666667, 118.89095369230768 32.18618466666667, 118.89095369230768 32.186292625, 118.89078565384615 32.186292625, 118.89078565384615 32.18618466666667))",79625.50524255443,True
696,32.26757275813834,119.42860406023023,9,berth,"POLYGON((119.42834575 32.267451083333334, 119.42869639999999 32.267451083333334, 119.42869639999999 32.267649454545456, 119.42834575 32.267649454545456, 119.42834575 32.267451083333334))",21831.631544205935,True
700,32.20368399752241,119.24909859124912,5,berth,"POLYGON((119.24903231395348 32.2036434375, 119.24916107228916 32.2036434375, 119.24916107228916 32.203727988372094, 119.24903231395348 32.203727988372094, 119.24903231395348 32.2036434375))",39745.48430757674,True
711,32.204849803024786,119.24702596222278,16,berth,"POLYGON((119.2468546849315 32.20482446296297, 119.2470935 32.20482446296297, 119.2470935 32.20494319178082, 119.2468546849315 32.20494319178082, 119.2468546849315 32.20482446296297))",39979.85577488717,True
722,26.88411021657192,119.65762045615745,20,berth,"POLYGON((119.6573292 26.883864199999998, 119.65778257142858 26.883864199999998, 119.65778257142858 26.884882937500002, 119.6573292 26.884882937500002, 119.6573292 26.883864199999998))",9183.132184522688,True
723,26.886128137371948,119.65950759208661,8,berth,"POLYGON((119.65947316666666 26.886011675675675, 119.6595574 26.886011675675675, 119.6595574 26.886206923076923, 119.65947316666666 26.886206923076923, 119.65947316666666 26.886011675675675))",9327.686515002566,True
725,22.44837553787879,113.02944301262626,2,berth,"POLYGON((113.02898863636364 22.448311166666667, 113.02989738888888 22.448311166666667, 113.02989738888888 22.448439909090908, 113.02898863636364 22.448439909090908, 113.02898863636364 22.448311166666667))",15300.628502620057,True
727,31.766341551136364,118.47334424621214,3,berth,"POLYGON((118.473020375 31.765406090909092, 118.4736789090909 31.765406090909092, 118.4736789090909 31.767241000000002, 118.473020375 31.767241000000002, 118.473020375 31.765406090909092))",138175.92010216654,True
728,31.75601995454545,118.46594359090909,2,berth,"POLYGON((118.46592454545454 31.755937727272727, 118.46596263636364 31.755937727272727, 118.46596263636364 31.75610218181818, 118.46592454545454 31.75610218181818, 118.46592454545454 31.755937727272727))",139483.2572116921,True
729,31.291189224999997,118.2234758375,2,berth,"POLYGON((118.2229753 31.29072125, 118.223976375 31.29072125, 118.223976375 31.291657199999996, 118.2229753 31.291657199999996, 118.2229753 31.29072125))",194280.73347097926,True
730,31.28995149494949,118.2148947070707,3,berth,"POLYGON((118.21376066666667 31.289487666666666, 118.216035 31.289487666666666, 118.216035 31.290225, 118.21376066666667 31.290225, 118.21376066666667 31.289487666666666))",195136.40034038672,True
735,26.88734574973716,119.65050505729279,11,berth,"POLYGON((119.65045752380952 26.887312619047616, 119.6505295106383 26.887312619047616, 119.6505295106383 26.887378829787234, 119.65045752380952 26.887378829787234, 119.65045752380952 26.887312619047616))",9898.395498400045,True
736,31.044169045018613,121.47599507297237,14,berth,"POLYGON((121.47580788235294 31.043381722222225, 121.47643 31.043381722222225, 121.47643 31.044503249999998, 121.47580788235294 31.044503249999998, 121.47580788235294 31.043381722222225))",30469.39155053071,True
742,22.375544211844325,113.07666097690158,5,berth,"POLYGON((113.076546875 22.374753893617022, 113.07676946236559 22.374753893617022, 113.07676946236559 22.3766285483871, 113.076546875 22.3766285483871, 113.076546875 22.374753893617022))",15891.186002879393,True
782,23.524864780957675,116.38351206346692,3,berth,"POLYGON((116.38342376086958 23.52482113385827, 116.3835986972477 23.52482113385827, 116.3835986972477 23.524912869565217, 116.38342376086958 23.524912869565217, 116.38342376086958 23.52482113385827))",20208.177152340388,True
788,22.30808142808266,113.06595902562928,5,berth,"POLYGON((113.0658007368421 22.3079053, 113.066122 22.3079053, 113.066122 22.308414956521737, 113.0658007368421 22.308414956521737, 113.0658007368421 22.3079053))",11778.51962600205,True
803,31.321035560934202,121.55534155450358,6,berth,"POLYGON((121.55530287500001 31.320965967741934, 121.55542051612902 31.320965967741934, 121.55542051612902 31.321172133333334, 121.55530287500001 31.321172133333334, 121.55530287500001 31.320965967741934))",5034.694529198356,True
817,31.01060763289583,121.44145983322694,41,berth,"POLYGON((121.440511625 31.0101245, 121.4427308 31.0101245, 121.4427308 31.010878944827585, 121.440511625 31.010878944827585, 121.440511625 31.0101245))",27600.08119789749,True
821,32.197400089825365,119.2871106069349,8,berth,"POLYGON((119.28509396296296 32.19670189705882, 119.28862499999998 32.19670189705882, 119.28862499999998 32.19810944444444, 119.28509396296296 32.19810944444444, 119.28509396296296 32.19670189705882))",35504.1169177681,True
833,32.17332919841549,118.86527575272187,5,berth,"POLYGON((118.86471672413793 32.17288324137931, 118.86557791011235 32.17288324137931, 118.86557791011235 32.17352487640449, 118.86471672413793 32.17352487640449, 118.86471672413793 32.17288324137931))",82520.89273871548,True
839,32.184574268467934,119.02790377194722,28,berth,"POLYGON((119.02782763461538 32.18439620967742, 119.02799025 32.18439620967742, 119.02799025 32.184674666666666, 119.02782763461538 32.184674666666666, 119.02782763461538 32.18439620967742))",64379.34081417284,True
858,32.185972986329126,118.88840044660424,5,berth,"POLYGON((118.88837620454545 32.185821727272725, 118.88842385714285 32.185821727272725, 118.88842385714285 32.18609504347826, 118.88837620454545 32.18609504347826, 118.88837620454545 32.185821727272725))",79901.26556056288,True
877,31.289947343137257,118.22134991372548,3,berth,"POLYGON((118.22070679999999 31.289282000000004, 118.22193894117648 31.289282000000004, 118.22193894117648 31.290656000000002, 118.22070679999999 31.290656000000002, 118.22070679999999 31.289282000000004))",194566.93968497182,True
878,31.28804451365765,118.21706960630647,7,berth,"POLYGON((118.21686832352941 31.287299876923075, 118.21737006153846 31.287299876923075, 118.21737006153846 31.288726264705883, 118.21686832352941 31.288726264705883, 118.21686832352941 31.287299876923075))",195095.70505192087,True
879,31.277230878504195,118.19746492644309,18,berth,"POLYGON((118.19404585416667 31.27606523809524, 118.20037138095238 31.27606523809524, 118.20037138095238 31.278850187499998, 118.19404585416667 31.278850187499998, 118.19404585416667 31.27606523809524))",197684.40699934887,True
880,31.27524239992223,118.19397355227915,6,berth,"POLYGON((118.19264633333334 31.274514399999997, 118.1946130909091 31.274514399999997, 118.1946130909091 31.27565922222222, 118.19264633333334 31.27565922222222, 118.19264633333334 31.274514399999997))",198150.4108387092,True
926,30.984790876857367,121.37640705388048,33,berth,"POLYGON((121.37535872727273 30.984285454545454, 121.377084 30.984285454545454, 121.377084 30.985087153846152, 121.37535872727273 30.985087153846152, 121.37535872727273 30.984285454545454))",27438.283652780287,True
929,32.23724009972095,119.25333574376388,7,berth,"POLYGON((119.253328625 32.2372005625, 119.25334349275363 32.2372005625, 119.25334349275363 32.23725969139466, 119.253328625 32.23725969139466, 119.253328625 32.2372005625))",39620.548339727524,True
931,31.71645380977694,118.45244838909736,3,berth,"POLYGON((118.45208079487179 31.71569028205128, 118.45264148780488 31.71569028205128, 118.45264148780488 31.71684026923077, 118.45208079487179 31.71684026923077, 118.45208079487179 31.71569028205128))",143056.94348632894,True
935,31.757331481216934,118.46472036891537,3,berth,"POLYGON((118.46405810000002 31.756825900000003, 118.46512348888888 31.756825900000003, 118.46512348888888 31.757605222222224, 118.46405810000002 31.757605222222224, 118.46405810000002 31.756825900000003))",139536.09191115544,True
943,31.543152895833334,118.37799377083334,2,berth,"POLYGON((118.377423375 31.542832125, 118.37856416666666 31.542832125, 118.37856416666666 31.543473666666667, 118.377423375 31.543473666666667, 118.377423375 31.542832125))",161346.58972793858,True
952,32.194202825187276,119.35090279400023,11,berth,"POLYGON((119.34919989130434 32.193693260869566, 119.3518412 32.193693260869566, 119.3518412 32.19454313333333, 119.34919989130434 32.19454313333333, 119.34919989130434 32.193693260869566))",28405.00762887818,True
966,30.983036102272727,121.36064589621213,4,berth,"POLYGON((121.3606135 30.98292190909091, 121.36067281818183 30.98292190909091, 121.36067281818183 30.983082000000003, 121.3606135 30.983082000000003, 121.3606135 30.98292190909091))",27981.53022163353,True
967,31.0078182148945,121.4491740435417,73,berth,"POLYGON((121.4481065 31.0075075, 121.449534125 31.0075075, 121.449534125 31.008236750000002, 121.4481065 31.008236750000002, 121.4481065 31.0075075))",26929.22444683084,True
969,31.002037791080028,121.42950267908851,28,berth,"POLYGON((121.42828239999999 31.001730200000004, 121.4297505 31.001730200000004, 121.4297505 31.002179153846154, 121.42828239999999 31.002179153846154, 121.42828239999999 31.001730200000004))",27102.16680733973,True
972,31.068276445,121.46861009666667,3,berth,"POLYGON((121.4685014 31.06806396, 121.46878325 31.06806396, 121.46878325 31.068603000000003, 121.4685014 31.068603000000003, 121.4685014 31.06806396))",33708.1099655316,True
1014,32.23656,119.17425235555554,3,berth,"POLYGON((119.1740806 32.236470399999995, 119.17444259999999 32.236470399999995, 119.17444259999999 32.2366562, 119.1740806 32.2366562, 119.1740806 32.236470399999995))",48349.445880158506,True
1015,31.818852309485095,118.53032242294489,3,berth,"POLYGON((118.5303214 31.81881919512195, 118.53032384444444 31.81881919512195, 118.53032384444444 31.818882000000002, 118.5303214 31.818882000000002, 118.5303214 31.81881919512195))",129627.50086526519,True
1049,32.19643581094607,119.2933365308175,9,berth,"POLYGON((119.292425 32.19621156521739, 119.29428974999999 32.19621156521739, 119.29428974999999 32.19683907142857, 119.292425 32.19683907142857, 119.292425 32.19621156521739))",34811.05527263023,True
1056,38.0957779767622,118.03910865400847,12,berth,"POLYGON((118.03853074074074 38.09479424137931, 118.039728375 38.09479424137931, 118.039728375 38.096659370370375, 118.03853074074074 38.096659370370375, 118.03853074074074 38.09479424137931))",7297.010623697661,True
1058,38.059514454212454,118.04053117338218,3,berth,"POLYGON((118.04048083333333 38.059494, 118.04057107142856 38.059494, 118.04057107142856 38.05953528571428, 118.04048083333333 38.05953528571428, 118.04048083333333 38.059494))",12136.758718880874,True
1061,38.06427521950536,118.03809818721815,17,berth,"POLYGON((118.0373922 38.06216784210526, 118.03869870588235 38.06216784210526, 118.03869870588235 38.06586278571428, 118.0373922 38.06586278571428, 118.0373922 38.06216784210526))",11549.946240701927,True
1062,38.07508394649065,118.0460790046785,64,berth,"POLYGON((118.04489142857143 38.07240899999999, 118.04695518181819 38.07240899999999, 118.04695518181819 38.079732692307694, 118.04489142857143 38.079732692307694, 118.04489142857143 38.07240899999999))",9853.172725132816,True
1066,38.03216975708042,118.03726104054002,8,berth,"POLYGON((118.03711753846154 38.0316308, 118.03739999999999 38.0316308, 118.03739999999999 38.03245990909091, 118.03711753846154 38.03245990909091, 118.03711753846154 38.0316308))",15974.657950151892,True
1070,38.029796463070184,118.03541829069908,7,berth,"POLYGON((118.0351294074074 38.029128428571426, 118.03583884 38.029128428571426, 118.03583884 38.03038453333333, 118.0351294074074 38.03038453333333, 118.0351294074074 38.029128428571426))",16359.296192092575,True
1071,38.015520740668435,118.01919515581189,7,berth,"POLYGON((118.01903475 38.0154212, 118.0193465 38.0154212, 118.0193465 38.01563726086956, 118.01903475 38.01563726086956, 118.01903475 38.0154212))",18752.926612331325,True
1073,38.08975013519092,118.04355761371755,3,berth,"POLYGON((118.04348915384615 38.08928805263158, 118.04366515789475 38.08928805263158, 118.04366515789475 38.090019, 118.04348915384615 38.090019, 118.04348915384615 38.08928805263158))",7921.73491799594,True
1076,38.018058669376785,118.02204050761576,18,berth,"POLYGON((118.02047392307692 38.0168276, 118.02362007142857 38.0168276, 118.02362007142857 38.01931307142858, 118.02047392307692 38.01931307142858, 118.02047392307692 38.0168276))",18322.60090876032,True
1080,38.02104788699512,118.02622711770388,13,berth,"POLYGON((118.02562666666667 38.020572, 118.0268852 38.020572, 118.0268852 38.02149133333334, 118.02562666666667 38.02149133333334, 118.02562666666667 38.020572))",17795.98412124679,True
1089,31.11928950793651,121.4662459206349,3,berth,"POLYGON((121.46614675000001 31.119130523809524, 121.46631291666667 31.119130523809524, 121.46631291666667 31.1195665, 121.46614675000001 31.1195665, 121.46614675000001 31.119130523809524))",33090.887872514795,True
1135,32.25198809597389,119.12865091592604,7,berth,"POLYGON((119.128602875 32.25190779166667, 119.12871535416667 32.25190779166667, 119.12871535416667 32.25207305063291, 119.128602875 32.25207305063291, 119.128602875 32.25190779166667))",53635.36155665313,True
1137,32.25184390576686,119.12429196474523,13,berth,"POLYGON((119.12413015841585 32.25173701851852, 119.12435225531915 32.25173701851852, 119.12435225531915 32.25193850847457, 119.12413015841585 32.25193850847457, 119.12413015841585 32.25173701851852))",54113.65170688105,True
1139,32.25162047951251,119.13714205364352,5,berth,"POLYGON((119.13707531818181 32.25151691549296, 119.13721123943661 32.25151691549296, 119.13721123943661 32.251699161290325, 119.13707531818181 32.251699161290325, 119.13707531818181 32.25151691549296))",52692.32042787218,True
1152,34.28879793125696,119.70795407040406,11,berth,"POLYGON((119.70761603999999 34.288455, 119.70819999999999 34.288455, 119.70819999999999 34.28903875, 119.70761603999999 34.28903875, 119.70761603999999 34.288455))",27725.277982056687,True
1153,34.39172812033104,119.79126774461176,87,berth,"POLYGON((119.790374625 34.390971071428574, 119.7921275625 34.390971071428574, 119.7921275625 34.39251554545455, 119.790374625 34.39251554545455, 119.790374625 34.390971071428574))",11307.45684125517,True
1157,34.43182004307214,119.79533533255612,7,berth,"POLYGON((119.79500486956522 34.43074560869565, 119.79568851923077 34.43074560869565, 119.79568851923077 34.43312175, 119.79500486956522 34.43312175, 119.79500486956522 34.43074560869565))",6152.463793350214,True
1181,34.42290819167511,119.78611734791744,7,berth,"POLYGON((119.78579065853658 34.42227187804878, 119.78652232258065 34.42227187804878, 119.78652232258065 34.42353029032258, 119.78579065853658 34.42353029032258, 119.78579065853658 34.42227187804878))",7667.41366353531,True
1194,31.775561111082716,118.49498180979114,16,berth,"POLYGON((118.4940642162162 31.774922351351353, 118.4961438 31.774922351351353, 118.4961438 31.7768146, 118.4940642162162 31.7768146, 118.4940642162162 31.774922351351353))",135484.2217142189,True
1195,23.549299280978747,116.43774668628853,5,berth,"POLYGON((116.43728557831325 23.548768838235294, 116.43806714084508 23.548768838235294, 116.43806714084508 23.550071325301204, 116.43728557831325 23.550071325301204, 116.43728557831325 23.548768838235294))",18504.965843592014,True
1197,31.322932788979667,121.55514997152505,9,berth,"POLYGON((121.55504744444445 31.32289856, 121.55524366666667 31.32289856, 121.55524366666667 31.322963333333334, 121.55504744444445 31.322963333333334, 121.55504744444445 31.32289856))",4814.655771976766,True
1199,31.19983773277616,118.00448115652867,16,berth,"POLYGON((118.00164197959184 31.1974097, 118.00617126315788 31.1974097, 118.00617126315788 31.202796413793102, 118.00164197959184 31.202796413793102, 118.00164197959184 31.1974097))",220919.28694243013,True
1207,22.813792154789496,113.0260331485425,8,berth,"POLYGON((113.0248344 22.813646000000002, 113.02775218604651 22.813646000000002, 113.02775218604651 22.81402918604651, 113.0248344 22.81402918604651, 113.0248344 22.813646000000002))",23521.39752212005,True
1209,22.802406914199345,113.00638297916666,5,berth,"POLYGON((113.00623560000001 22.8023234, 113.0064589375 22.8023234, 113.0064589375 22.802441555555554, 113.00623560000001 22.802441555555554, 113.00623560000001 22.8023234))",26098.271659879352,True
1219,22.882804749805747,112.9042636520979,3,berth,"POLYGON((112.90418925 22.882296454545454, 112.9043880909091 22.882296454545454, 112.9043880909091 22.883089794871797, 112.90418925 22.883089794871797, 112.90418925 22.882296454545454))",34466.53582072696,True
1220,22.389705448988963,113.07878027365234,3,berth,"POLYGON((113.07871985483871 22.389617065217394, 113.0788479009009 22.389617065217394, 113.0788479009009 22.389754072072073, 113.07871985483871 22.389754072072073, 113.07871985483871 22.389617065217394))",14437.52565391001,True
1226,31.785156051298426,118.50909880842913,3,berth,"POLYGON((118.508553 31.784835481481483, 118.50976375862071 31.784835481481483, 118.50976375862071 31.7853365, 118.508553 31.7853365, 118.508553 31.784835481481483))",133537.68215539338,True
1232,31.08347664960161,121.47095844790915,3,berth,"POLYGON((121.47089325 31.083403084210524, 121.47102104109588 31.083403084210524, 121.47102104109588 31.083575287671234, 121.47089325 31.083575287671234, 121.47089325 31.083403084210524))",35550.92522097889,True
1245,31.291185627329188,121.56025913871635,3,berth,"POLYGON((121.56020113043478 31.290916, 121.56031628571428 31.290916, 121.56031628571428 31.291413739130434, 121.56020113043478 31.291413739130434, 121.56020113043478 31.290916))",8414.615805993908,True
1298,31.236519453143174,118.13970489512242,13,berth,"POLYGON((118.13810655555555 31.23539633333333, 118.14025710344828 31.23539633333333, 118.14025710344828 31.236914888888887, 118.13810655555555 31.236914888888887, 118.13810655555555 31.23539633333333))",206013.14340062594,True
1301,31.193567628966587,118.00625517214742,9,berth,"POLYGON((118.00459745762711 31.1925368, 118.00751790909091 31.1925368, 118.00751790909091 31.194881099999996, 118.00459745762711 31.194881099999996, 118.00459745762711 31.1925368))",221243.13186855422,True
1302,32.12918225528372,118.77602803009518,47,berth,"POLYGON((118.77389163333333 32.12753441428571, 118.77810099999999 32.12753441428571, 118.77810099999999 32.13090768, 118.77389163333333 32.13090768, 118.77389163333333 32.12753441428571))",92825.95993818952,True
1303,32.20011086644615,118.75863276258421,53,berth,"POLYGON((118.7575578 32.1982394, 118.7607856 32.1982394, 118.7607856 32.20286182608696, 118.7575578 32.20286182608696, 118.7575578 32.1982394))",94334.87701307688,True
1304,31.2012048751468,118.00922438613868,9,berth,"POLYGON((118.00845178333334 31.200120391304345, 118.00960512500001 31.200120391304345, 118.00960512500001 31.2017511875, 118.00845178333334 31.2017511875, 118.00845178333334 31.200120391304345))",220388.1652609584,True
1306,31.760452696015395,118.46753602105227,13,berth,"POLYGON((118.46493655882354 31.7585914, 118.46967990909091 31.7585914, 118.46967990909091 31.761906976470588, 118.46493655882354 31.761906976470588, 118.46493655882354 31.7585914))",139081.96279344906,True
1307,31.10517644204583,117.99888617997398,22,berth,"POLYGON((117.99837727027028 31.103986972972972, 117.99905413333335 31.103986972972972, 117.99905413333335 31.10543266666667, 117.99837727027028 31.10543266666667, 117.99837727027028 31.103986972972972))",228893.38733023955,True
1309,31.196530431944446,118.06315873541666,4,berth,"POLYGON((118.06306916666666 31.19643577777778, 118.0631934 31.19643577777778, 118.0631934 31.196566375, 118.06306916666666 31.196566375, 118.06306916666666 31.19643577777778))",215942.99203338375,True
1313,31.290519541666665,118.21818363333333,4,berth,"POLYGON((118.21815333333332 31.289662, 118.2182372 31.289662, 118.2182372 31.2908306, 118.21815333333332 31.2908306, 118.21815333333332 31.289662))",194800.8888223459,True
1314,31.287485611807252,118.21478698472795,7,berth,"POLYGON((118.21396185714286 31.286705361702126, 118.21543814285714 31.286705361702126, 118.21543814285714 31.28772067272727, 118.21396185714286 31.28772067272727, 118.21396185714286 31.286705361702126))",195341.51108508295,True
1315,31.203109818205128,118.00762515717948,5,berth,"POLYGON((118.00751176923077 31.202924199999998, 118.00768975 31.202924199999998, 118.00768975 31.20339575, 118.00751176923077 31.20339575, 118.00751176923077 31.202924199999998))",220385.4094500615,True
1320,32.23184436,119.18833496333335,2,berth,"POLYGON((119.18818276 32.231609, 119.18848716666668 32.231609, 119.18848716666668 32.23207972, 119.18818276 32.23207972, 119.18818276 32.231609))",46726.13288143838,True
1322,32.23122814528651,118.83884454441997,27,berth,"POLYGON((118.8387758125 32.23109713095238, 118.83888182022471 32.23109713095238, 118.83888182022471 32.23129013043478, 118.8387758125 32.23129013043478, 118.8387758125 32.23109713095238))",85523.98031043637,True
1326,32.22961024166666,119.19407802916666,4,berth,"POLYGON((119.193782 32.22859806666666, 119.19448266666667 32.22859806666666, 119.19448266666667 32.2301424, 119.193782 32.2301424, 119.193782 32.22859806666666))",46061.58050185268,True
1328,32.251895268728084,119.13322736165574,21,berth,"POLYGON((119.13312065853658 32.25175847368421, 119.13328327272728 32.25175847368421, 119.13328327272728 32.251983333333335, 119.13312065853658 32.251983333333335, 119.13312065853658 32.25175847368421))",53128.96344974046,True
1347,32.169444604917565,118.95597556014201,16,berth,"POLYGON((118.95593404597702 32.16931455789474, 118.95604445000001 32.16931455789474, 118.95604445000001 32.169474880434784, 118.95593404597702 32.169474880434784, 118.95593404597702 32.16931455789474))",72456.06466738573,True
1366,31.173455229786423,117.99744865498346,5,berth,"POLYGON((117.99737441666667 31.17343952173913, 117.99753 31.17343952173913, 117.99753 31.173480750000003, 117.99737441666667 31.173480750000003, 117.99737441666667 31.17343952173913))",223590.26468648046,True
1371,23.524781048667965,116.37329497603946,6,berth,"POLYGON((116.37178 23.524388481481484, 116.37404604395604 23.524388481481484, 116.37404604395604 23.5249504, 116.37178 23.5249504, 116.37178 23.524388481481484))",21089.680669735604,True
1375,31.8155248866571,118.52861461238642,2,berth,"POLYGON((118.52854941176471 31.8153738627451, 118.52867981300813 31.8153738627451, 118.52867981300813 31.815675910569105, 118.52854941176471 31.815675910569105, 118.52854941176471 31.8153738627451))",129970.44807224024,True
1377,31.548896686275615,118.38120332006484,11,berth,"POLYGON((118.37937403076923 31.547135863636367, 118.38344325 31.547135863636367, 118.38344325 31.5507214245283, 118.37937403076923 31.5507214245283, 118.37937403076923 31.547135863636367))",160645.9881022813,True
1379,31.09932618611111,117.99523200972222,3,berth,"POLYGON((117.99503960416666 31.099098833333333, 117.995535275 31.099098833333333, 117.995535275 31.099676975, 117.99503960416666 31.099676975, 117.99503960416666 31.099098833333333))",229686.00356059035,True
1401,32.176463880637115,118.85597055370847,30,berth,"POLYGON((118.85259733333334 32.17454775, 118.85843104347826 32.17454775, 118.85843104347826 32.178093857142855, 118.85259733333334 32.178093857142855, 118.85259733333334 32.17454775))",83541.72086493137,True
1404,30.72011651123214,117.39342458834929,4,berth,"POLYGON((117.39339269565218 30.72005860869565, 117.39346776470587 30.72005860869565, 117.39346776470587 30.72016917647059, 117.39339269565218 30.72016917647059, 117.39339269565218 30.72005860869565))",312752.55179416505,True
1405,31.255793088548955,118.16539482338774,10,berth,"POLYGON((118.16432058333334 31.255308083333333, 118.166562 31.255308083333333, 118.166562 31.256452999999997, 118.16432058333334 31.256452999999997, 118.16432058333334 31.255308083333333))",202216.33932351723,True
1407,32.19653405,118.76089976666665,2,berth,"POLYGON((118.76061933333334 32.196308599999995, 118.76118019999998 32.196308599999995, 118.76118019999998 32.1967595, 118.76061933333334 32.1967595, 118.76061933333334 32.196308599999995))",94081.59911180646,True
1409,32.2016564135411,119.27439892107111,10,berth,"POLYGON((119.2729167105263 32.20079380392157, 119.27622221568626 32.20079380392157, 119.27622221568626 32.20279081578947, 119.2729167105263 32.20279081578947, 119.2729167105263 32.20079380392157))",36924.36443505704,True
1411,32.198960482934915,119.28183732937345,11,berth,"POLYGON((119.2797648 32.197427875, 119.28416791304349 32.197427875, 119.28416791304349 32.2004034, 119.2797648 32.2004034, 119.2797648 32.197427875))",36092.07291507755,True
1412,32.22186565876577,119.05773556237278,18,berth,"POLYGON((119.05608125 32.21915725, 119.05951145454546 32.21915725, 119.05951145454546 32.22411116666667, 119.05608125 32.22411116666667, 119.05608125 32.21915725))",61126.105500639125,True
1418,30.719215457563156,117.3918325699467,8,berth,"POLYGON((117.39169242857143 30.718604, 117.3920518125 30.718604, 117.3920518125 30.71950060714286, 117.39169242857143 30.71950060714286, 117.39169242857143 30.718604))",312964.02649723814,True
1419,31.748577366666666,118.47013660666667,2,berth,"POLYGON((118.46977333333332 31.7484654, 118.47049988 31.7484654, 118.47049988 31.74868933333333, 118.46977333333332 31.74868933333333, 118.46977333333332 31.7484654))",139466.9087125824,True
1420,30.867171976190473,117.7335944125,4,berth,"POLYGON((117.73330899999999 30.866651100000002, 117.73383225 30.866651100000002, 117.73383225 30.8676995, 117.73330899999999 30.8676995, 117.73330899999999 30.866651100000002))",271314.0194258308,True
1421,31.191088286125762,118.00316011064828,5,berth,"POLYGON((118.00260980246914 31.189346872340423, 118.00379878723405 31.189346872340423, 118.00379878723405 31.192746866666667, 118.00260980246914 31.192746866666667, 118.00260980246914 31.189346872340423))",221711.91488479197,True
1423,32.22731381060606,119.06199203181819,2,berth,"POLYGON((119.0616827 32.227162500000006, 119.06230136363637 32.227162500000006, 119.06230136363637 32.22746512121212, 119.0616827 32.22746512121212, 119.0616827 32.227162500000006))",60695.97148955534,True
1428,30.905359176408137,117.74083120181028,3,berth,"POLYGON((117.74031196153845 30.905210307692307, 117.74109907246377 30.905210307692307, 117.74109907246377 30.905445714285715, 117.74031196153845 30.905445714285715, 117.74031196153845 30.905210307692307))",267544.47603011545,True
1429,32.205002517298794,119.2698308342584,4,berth,"POLYGON((119.26874182978725 32.20445841666667, 119.27161084999999 32.20445841666667, 119.27161084999999 32.205274716666665, 119.26874182978725 32.205274716666665, 119.26874182978725 32.20445841666667))",37442.715279100805,True
1430,30.73192579518072,117.42304711445783,2,berth,"POLYGON((117.42251422891567 30.731652590361442, 117.42358 30.731652590361442, 117.42358 30.732199, 117.42251422891567 30.732199, 117.42251422891567 30.731652590361442))",309214.2406106853,True
1435,31.2058066875,118.00474228977272,2,berth,"POLYGON((118.004174875 31.205519875, 118.00530970454544 31.205519875, 118.00530970454544 31.206093499999998, 118.004174875 31.206093499999998, 118.004174875 31.205519875))",220437.92569179603,True
1436,30.829078335054348,117.72377141587614,4,berth,"POLYGON((117.723759 30.8290384, 117.72378072727274 30.8290384, 117.72378072727274 30.829150374999998, 117.723759 30.829150374999998, 117.723759 30.8290384))",275333.3358129713,True
1437,30.736902977011322,117.43142802002664,5,berth,"POLYGON((117.43036186666667 30.7366138, 117.4320535 30.7366138, 117.4320535 30.73732281060606, 117.43036186666667 30.73732281060606, 117.43036186666667 30.7366138))",308082.4504622801,True
1438,31.189329377083332,118.0005031375,4,berth,"POLYGON((117.99985913333333 31.188871583333334, 118.00182616666666 31.188871583333334, 118.00182616666666 31.189596299999998, 117.99985913333333 31.189596299999998, 117.99985913333333 31.188871583333334))",222085.80732438594,True
1439,30.8229450875,117.71955594375001,2,berth,"POLYGON((117.7190272 30.822533299999996, 117.7200846875 30.822533299999996, 117.7200846875 30.823356875, 117.7190272 30.823356875, 117.7190272 30.822533299999996))",276206.40460945177,True
1440,31.765100009574468,118.47065064787233,2,berth,"POLYGON((118.4705372 31.7649527, 118.47076409574467 31.7649527, 118.47076409574467 31.765247319148934, 118.4705372 31.765247319148934, 118.4705372 31.7649527))",138516.03115613703,True
1442,32.18261771514286,118.76570051542858,5,berth,"POLYGON((118.76500185714285 32.1816885, 118.7663 32.1816885, 118.7663 32.183453285714286, 118.76500185714285 32.183453285714286, 118.76500185714285 32.1816885))",93566.09964519893,True
1444,31.55319535688406,118.3821193432971,2,berth,"POLYGON((118.38200747826087 31.553044630434783, 118.38223120833334 31.553044630434783, 118.38223120833334 31.553346083333334, 118.38200747826087 31.553346083333334, 118.38200747826087 31.553044630434783))",160263.06539153846,True
1454,31.010940614640024,121.44955180420837,9,berth,"POLYGON((121.44881436065575 31.0107914, 121.44970947368421 31.0107914, 121.44970947368421 31.010977777777775, 121.44881436065575 31.010977777777775, 121.44881436065575 31.0107914))",27287.470253399144,True
1465,31.198405966326938,118.00759876239009,4,berth,"POLYGON((118.00740772222223 31.19832525, 118.00811675 31.19832525, 118.00811675 31.198446333333333, 118.00740772222223 31.198446333333333, 118.00740772222223 31.19832525))",220749.53164769406,True
1468,31.753891222222222,118.46277933333334,2,berth,"POLYGON((118.46262666666667 31.753381111111114, 118.46293200000001 31.753381111111114, 118.46293200000001 31.754401333333334, 118.46262666666667 31.754401333333334, 118.46262666666667 31.753381111111114))",139919.4116769628,True
1476,32.2519912814467,119.13088426009388,3,berth,"POLYGON((119.13085184444444 32.25189257777778, 119.13090355555555 32.25189257777778, 119.13090355555555 32.25204385915493, 119.13085184444444 32.25204385915493, 119.13085184444444 32.25189257777778))",53389.0932111734,True
1482,30.90720444786325,117.74085041175213,3,berth,"POLYGON((117.74082167692309 30.907181066666666, 117.740897625 30.907181066666666, 117.740897625 30.9072338, 117.74082167692309 30.9072338, 117.74082167692309 30.907181066666666))",267391.89980618993,True
1483,32.191767639285715,119.27134761785715,2,berth,"POLYGON((119.27131220000001 32.19174667857143, 119.2713830357143 32.19174667857143, 119.2713830357143 32.191788599999995, 119.27131220000001 32.191788599999995, 119.27131220000001 32.19174667857143))",37264.96894596945,True
1484,31.18122277945402,118.00057715948276,2,berth,"POLYGON((118.00038806896552 31.180747017241377, 118.00076624999998 31.180747017241377, 118.00076624999998 31.181698541666666, 118.00038806896552 31.181698541666666, 118.00038806896552 31.180747017241377))",222706.95465194315,True
1487,31.47272767444832,118.3052277711963,3,berth,"POLYGON((118.3052135 31.472694100000002, 118.30524017073172 31.472694100000002, 118.30524017073172 31.472759780487806, 118.3052135 31.472759780487806, 118.3052135 31.472694100000002))",173129.0182006354,True
1488,31.27914508291006,118.2000782779894,10,berth,"POLYGON((118.19854511111112 31.27729666666667, 118.20178883333334 31.27729666666667, 118.20178883333334 31.280376949999997, 118.19854511111112 31.280376949999997, 118.19854511111112 31.27729666666667))",197301.82269133767,True
1489,31.557244003421314,118.38194794241224,3,berth,"POLYGON((118.3809560967742 31.557122090909093, 118.38280457894737 31.557122090909093, 118.38280457894737 31.55739441935484, 118.3809560967742 31.55739441935484, 118.3809560967742 31.557122090909093))",160001.45821282355,True
1531,31.27141507107843,118.18705581862744,2,berth,"POLYGON((118.18688947058823 31.271056058823525, 118.18722216666667 31.271056058823525, 118.18722216666667 31.27177408333333, 118.18688947058823 31.27177408333333, 118.18688947058823 31.271056058823525))",199064.82070625265,True
1532,32.185550565068795,118.88336781706252,10,berth,"POLYGON((118.88247204347827 32.185442875, 118.88361030769231 32.185442875, 118.88361030769231 32.1856183125, 118.88247204347827 32.1856183125, 118.88247204347827 32.185442875))",80462.41897300002,True
1549,32.238743732813504,119.15651362060225,22,berth,"POLYGON((119.15527240677966 32.23770011111111, 119.1583594111111 32.23770011111111, 119.1583594111111 32.23972128571428, 119.15527240677966 32.23972128571428, 119.15527240677966 32.23770011111111))",50343.643819458404,True
1554,22.803439703269397,113.02232023806125,4,berth,"POLYGON((113.02228270967741 22.80336358064516, 113.02235287500001 22.80336358064516, 113.02235287500001 22.803614375, 113.02228270967741 22.803614375, 113.02228270967741 22.80336358064516))",24486.751074588727,True
1556,32.23776682251448,119.20510773499002,4,berth,"POLYGON((119.20376367857143 32.237406875, 119.20634418269232 32.237406875, 119.20634418269232 32.23814317857143, 119.20376367857143 32.23814317857143, 119.20376367857143 32.237406875))",44954.91474857495,True
1557,31.19104636111137,118.00469378939333,4,berth,"POLYGON((118.00422424657535 31.190210294117644, 118.00507623529411 31.190210294117644, 118.00507623529411 31.191517248175185, 118.00422424657535 31.191517248175185, 118.00422424657535 31.190210294117644))",221577.77694696284,True
1566,22.573201194223685,113.48244400791523,5,berth,"POLYGON((113.48199372727272 22.573158315789474, 113.48273957894736 22.573158315789474, 113.48273957894736 22.57327290909091, 113.48199372727272 22.57327290909091, 113.48199372727272 22.573158315789474))",10336.194983310925,True
1572,22.870717642054263,112.91681232448441,3,berth,"POLYGON((112.91679020930232 22.870710275, 112.91684026415095 22.870710275, 112.91684026415095 22.870731, 112.91679020930232 22.870731, 112.91679020930232 22.870710275))",33221.66810095424,True
1574,22.74762622407407,113.07628398703703,3,berth,"POLYGON((113.0760906 22.747069222222223, 113.07662811111112 22.747069222222223, 113.07662811111112 22.747915250000002, 113.0760906 22.747915250000002, 113.0760906 22.747069222222223))",22997.467674034633,True
1583,22.57327266193182,113.48911516098485,2,berth,"POLYGON((113.48905445833333 22.573272136363638, 113.48917586363636 22.573272136363638, 113.48917586363636 22.573273187500003, 113.48905445833333 22.573273187500003, 113.48905445833333 22.573272136363638))",9687.327158680158,True
1600,22.87218159940476,112.91622852202381,4,berth,"POLYGON((112.91618226666667 22.872151464285714, 112.91631032142857 22.872151464285714, 112.91631032142857 22.8722028, 112.91618226666667 22.8722028, 112.91618226666667 22.872151464285714))",33264.91954395945,True
1610,22.573395318274457,113.49243455027175,2,berth,"POLYGON((113.4924241875 22.573390484375, 113.49244491304349 22.573390484375, 113.49244491304349 22.573400152173914, 113.4924241875 22.573400152173914, 113.4924241875 22.573390484375))",9364.106179597753,True
1612,30.82738393958734,117.72248613217846,3,berth,"POLYGON((117.72216740816327 30.827174684210526, 117.72298798837208 30.827174684210526, 117.72298798837208 30.82770384883721, 117.72216740816327 30.82770384883721, 117.72216740816327 30.827174684210526))",275584.72671556857,True
1623,32.23317870443577,118.83553217106613,33,berth,"POLYGON((118.83545842391304 32.23303694117647, 118.83554940816326 32.23303694117647, 118.83554940816326 32.233218658536586, 118.83545842391304 32.233218658536586, 118.83545842391304 32.23303694117647))",85906.0709350808,True
1625,32.169663377517786,118.95095627089997,6,berth,"POLYGON((118.95094416149068 32.1696459, 118.95097596629212 32.1696459, 118.95097596629212 32.16970838461539, 118.95094416149068 32.16970838461539, 118.95094416149068 32.1696459))",73012.70033849834,True
1659,22.74636438095238,113.07837793650793,2,berth,"POLYGON((113.07813842857142 22.746122333333332, 113.07861744444443 22.746122333333332, 113.07861744444443 22.74660642857143, 113.07813842857142 22.74660642857143, 113.07813842857142 22.746122333333332))",22760.04507122881,True
1661,31.948098190976403,118.62470806996363,7,berth,"POLYGON((118.62363602173912 31.947089760869567, 118.62515247826086 31.947089760869567, 118.62515247826086 31.948502173913045, 118.62363602173912 31.948502173913045, 118.62363602173912 31.947089760869567))",114028.20754066111,True
1662,22.814045507581138,113.01567980856154,4,berth,"POLYGON((113.01544145 22.813715294117646, 113.01612876470588 22.813715294117646, 113.01612876470588 22.814190586206898, 113.01544145 22.814190586206898, 113.01544145 22.813715294117646))",24533.353814363003,True
1665,34.34603987709087,119.74633027584642,37,berth,"POLYGON((119.7455665 34.34428524, 119.7467370150376 34.34428524, 119.7467370150376 34.34735645238095, 119.7455665 34.34735645238095, 119.7455665 34.34428524))",18941.56748341963,True
1667,22.73916420625,113.07823082499999,2,berth,"POLYGON((113.0777114 22.738851099999998, 113.07875025 22.738851099999998, 113.07875025 22.7394773125, 113.0777114 22.7394773125, 113.0777114 22.738851099999998))",21983.712752727464,True
1668,30.72974009090909,117.42294395454545,2,berth,"POLYGON((117.42236063636363 30.72957418181818, 117.42352727272727 30.72957418181818, 117.42352727272727 30.729905999999996, 117.42236063636363 30.729905999999996, 117.42236063636363 30.72957418181818))",309398.3723370283,True
1669,31.21315272300945,118.00488255713,2,berth,"POLYGON((118.00439795614035 31.21268956140351, 118.00536715811967 31.21268956140351, 118.00536715811967 31.213615884615386, 118.00439795614035 31.213615884615386, 118.00439795614035 31.21268956140351))",219864.14218108053,True
1681,32.19047875438852,119.27500152784526,17,berth,"POLYGON((119.27494575 32.190377, 119.27508675 32.190377, 119.27508675 32.190529749999996, 119.27494575 32.190529749999996, 119.27494575 32.190377))",36861.796820139825,True
1684,32.179200941176475,119.0186655235294,2,berth,"POLYGON((119.01865439999999 32.179197, 119.01867664705883 32.179197, 119.01867664705883 32.17920488235294, 119.01865439999999 32.17920488235294, 119.01865439999999 32.179197))",65428.7861354643,True
1685,32.17517500779778,118.87085222285994,17,berth,"POLYGON((118.87071858536585 32.175087222222224, 118.8709538 32.175087222222224, 118.8709538 32.17531714285714, 118.87071858536585 32.17531714285714, 118.87071858536585 32.175087222222224))",81891.72523840648,True
1688,32.21919357704082,119.21579714696097,7,berth,"POLYGON((119.21556066666666 32.218985333333336, 119.21594428571429 32.218985333333336, 119.21594428571429 32.21932525, 119.21556066666666 32.21932525, 119.21556066666666 32.218985333333336))",43541.3091540302,True
1690,31.93971574255486,118.61462373288236,4,berth,"POLYGON((118.61415227272727 31.9391635, 118.61515313793103 31.9391635, 118.61515313793103 31.940254379310346, 118.61415227272727 31.940254379310346, 118.61415227272727 31.9391635))",115421.23243837741,True
1691,31.93185610909091,118.60914899469697,2,berth,"POLYGON((118.60913752272727 31.93184181818182, 118.60916046666665 31.93184181818182, 118.60916046666665 31.9318704, 118.60913752272727 31.9318704, 118.60913752272727 31.93184181818182))",116308.58773804779,True
1693,31.936172408775874,118.60932186294703,3,berth,"POLYGON((118.60850530434782 31.935790407407406, 118.6100683956044 31.935790407407406, 118.6100683956044 31.93674734065934, 118.60850530434782 31.93674734065934, 118.60850530434782 31.935790407407406))",116121.96198278278,True
1707,32.22777581642512,119.19854096376812,2,berth,"POLYGON((119.19838166666666 32.22775452173913, 119.19870026086957 32.22775452173913, 119.19870026086957 32.22779711111111, 119.19838166666666 32.22779711111111, 119.19838166666666 32.22775452173913))",45544.8145412536,True
1713,34.28541265229673,119.70339220470235,11,berth,"POLYGON((119.70230233333332 34.28498075, 119.70517476470589 34.28498075, 119.70517476470589 34.28672888235294, 119.70230233333332 34.28672888235294, 119.70230233333332 34.28498075))",28347.780419374627,True
1720,34.21926395,119.58192454166667,2,berth,"POLYGON((119.581903 34.21919173333333, 119.58194608333334 34.21919173333333, 119.58194608333334 34.21933616666667, 119.581903 34.21933616666667, 119.581903 34.21919173333333))",42613.06568973424,True
1721,34.391222303030304,119.7977963030303,2,berth,"POLYGON((119.79779133333334 34.39112227272727, 119.79780127272726 34.39112227272727, 119.79780127272726 34.391322333333335, 119.79779133333334 34.391322333333335, 119.79779133333334 34.39112227272727))",11144.108887184808,True
1723,34.22694006305361,119.59974140128206,3,berth,"POLYGON((119.59966715384616 34.226929454545456, 119.59978605 34.226929454545456, 119.59978605 34.22695335, 119.59966715384616 34.22695335, 119.59966715384616 34.226929454545456))",40663.76906786176,True
1725,34.353822885658914,119.75886400387597,2,berth,"POLYGON((119.75883433333333 34.35381660465116, 119.7588936744186 34.35381660465116, 119.7588936744186 34.353829166666664, 119.75883433333333 34.353829166666664, 119.75883433333333 34.35381660465116))",17417.586407564002,True
1726,34.32069041025094,119.73386793792477,5,berth,"POLYGON((119.73382944444444 34.32063366666667, 119.73389468965516 34.32063366666667, 119.73389468965516 34.3207264137931, 119.73382944444444 34.3207264137931, 119.73382944444444 34.32063366666667))",22627.98226852129,True
1730,34.23061359551282,119.60772159615385,5,berth,"POLYGON((119.6072716153846 34.230373846153846, 119.608363 34.230373846153846, 119.608363 34.2310655, 119.6072716153846 34.2310655, 119.6072716153846 34.230373846153846))",39773.464080978,True
1731,34.34172592315254,119.74611881301249,5,berth,"POLYGON((119.74583949999999 34.34118264285714, 119.74651435294118 34.34118264285714, 119.74651435294118 34.34208913333334, 119.74583949999999 34.34208913333334, 119.74583949999999 34.34118264285714))",19483.037112018694,True
1743,32.20023337571286,119.0494302704508,6,berth,"POLYGON((119.04921085714287 32.20004578571429, 119.04958672727274 32.20004578571429, 119.04958672727274 32.20035645454545, 119.04921085714287 32.20035645454545, 119.04921085714287 32.20004578571429))",61964.043590080306,True
1747,23.45625007936508,116.46478971428571,3,berth,"POLYGON((116.46417216666667 23.456215, 116.46515083333333 23.456215, 116.46515083333333 23.45631966666667, 116.46417216666667 23.45631966666667, 116.46417216666667 23.456215))",7952.075684825161,True
1765,34.36511961391705,119.77006729285998,86,berth,"POLYGON((119.769409 34.364021, 119.77046495543394 34.364021, 119.77046495543394 34.365794676470586, 119.769409 34.365794676470586, 119.769409 34.364021))",15520.062126184699,True
1784,32.24043423110957,119.31278635657398,51,berth,"POLYGON((119.31243500000001 32.2402772, 119.31301766666667 32.2402772, 119.31301766666667 32.24064475, 119.31243500000001 32.24064475, 119.31243500000001 32.2402772))",33144.00327405445,True
1792,34.30451636147186,119.72717934426406,4,berth,"POLYGON((119.72713166666666 34.304286636363635, 119.72722418181819 34.304286636363635, 119.72722418181819 34.304617666666665, 119.72713166666666 34.304617666666665, 119.72713166666666 34.304286636363635))",24922.731074906944,True
1824,31.034119805555555,121.47717939444443,2,berth,"POLYGON((121.47711338888888 31.03407761111111, 121.47724539999999 31.03407761111111, 121.47724539999999 31.034162, 121.47711338888888 31.034162, 121.47711338888888 31.03407761111111))",29173.537540779133,True
1831,22.444725441935482,113.01261452365591,2,berth,"POLYGON((113.0125708 22.4446914, 113.01265824731183 22.4446914, 113.01265824731183 22.444759483870968, 113.0125708 22.444759483870968, 113.0125708 22.4446914))",17218.895557621934,True
1854,32.197461255968264,119.25977516501929,7,berth,"POLYGON((119.2595644556962 32.19700653333333, 119.26074703333333 32.19700653333333, 119.26074703333333 32.19759157843137, 119.2595644556962 32.19759157843137, 119.2595644556962 32.19700653333333))",38547.09392493457,True
1948,34.30547892419355,119.72947744999999,2,berth,"POLYGON((119.7293664 34.305452048387096, 119.72958849999999 34.305452048387096, 119.72958849999999 34.3055058, 119.7293664 34.3055058, 119.7293664 34.305452048387096))",24700.64598328516,True
1958,34.31063673980569,119.7341533474959,3,berth,"POLYGON((119.73352168534483 34.31028881465517, 119.73466285714287 34.31028881465517, 119.73466285714287 34.311278571428566, 119.73352168534483 34.311278571428566, 119.73352168534483 34.31028881465517))",23854.42941183355,True
1959,34.30699034417809,119.7325081609589,2,berth,"POLYGON((119.73246782191781 34.30696743835617, 119.73254850000001 34.30696743835617, 119.73254850000001 34.307013250000004, 119.73246782191781 34.307013250000004, 119.73246782191781 34.30696743835617))",24377.932727403004,True
1969,22.970585007070706,112.8588751110101,3,berth,"POLYGON((112.85877508 22.970396954545453, 112.85904238636363 22.970396954545453, 112.85904238636363 22.970743266666666, 112.85877508 22.970743266666666, 112.85877508 22.970396954545453))",40049.85072842992,True
1973,22.763398416666668,113.09912598214285,2,berth,"POLYGON((113.09853571428572 22.76330133333333, 113.09971624999999 22.76330133333333, 113.09971624999999 22.7634955, 113.09853571428572 22.7634955, 113.09853571428572 22.76330133333333))",21241.848027710254,True
1974,22.929468500259258,112.86990396688888,5,berth,"POLYGON((112.86968175 22.929160080000003, 112.87029422222223 22.929160080000003, 112.87029422222223 22.929649125, 112.86968175 22.929649125, 112.86968175 22.929160080000003))",38249.56004984217,True
1975,22.80462484615385,113.02470441452991,2,berth,"POLYGON((113.02467838461538 22.804587, 113.02473044444444 22.804587, 113.02473044444444 22.804662692307694, 113.02467838461538 22.804662692307694, 113.02467838461538 22.804587))",24185.333972563643,True
1983,30.662666791666666,117.26300183333333,2,berth,"POLYGON((117.26290666666667 30.662600333333334, 117.263097 30.662600333333334, 117.263097 30.66273325, 117.26290666666667 30.66273325, 117.26290666666667 30.662600333333334))",326591.33866697224,True
1986,31.20614883333333,118.00779473333333,2,berth,"POLYGON((118.00762666666667 31.206101999999998, 118.0079628 31.206101999999998, 118.0079628 31.206195666666662, 118.00762666666667 31.206195666666662, 118.00762666666667 31.206101999999998))",220137.01396956586,True
2007,38.02232167802597,118.02855040798015,2,berth,"POLYGON((118.02850655670103 38.02231231481482, 118.02859425925926 38.02231231481482, 118.02859425925926 38.022331041237116, 118.02850655670103 38.022331041237116, 118.02850655670103 38.02231231481482))",17559.568404680693,True
2008,22.806683228365383,113.03014845633012,2,berth,"POLYGON((113.02981992307693 22.80663626923077, 113.03047698958333 22.80663626923077, 113.03047698958333 22.806730187499998, 113.02981992307693 22.806730187499998, 113.02981992307693 22.80663626923077))",23536.273450998695,True
2009,30.653141464258717,117.2795058266402,22,berth,"POLYGON((117.2788724375 30.652799833333333, 117.27978876923076 30.652799833333333, 117.27978876923076 30.65337886238532, 117.2788724375 30.65337886238532, 117.2788724375 30.652799833333333))",324560.4539170351,True
