port_id,lat,lon,berth_count,polygon
0,36.026321841944494,120.22511600343765,4,"POLYGON ((120.21476891480748 36.020344044343055, 120.21476891480748 36.02825498746557, 120.21723157742555 36.030769474697564, 120.22271823607939 36.03237135321249, 120.23245573431531 36.03237135321249, 120.23569522347938 36.03015389136105, 120.23569522347938 36.02262507701101, 120.2245757986428 36.020344044343055, 120.21476891480748 36.020344044343055))"
1,29.969905752671618,121.73281592065234,4,"POLYGON ((121.72145509024604 29.961492436938364, 121.72145509024604 29.96952421190766, 121.72549389976989 29.974507813211336, 121.73234685215083 29.977931360203446, 121.74425265334364 29.977931360203446, 121.74425265334364 29.96800443196993, 121.7309540764206 29.961492436938364, 121.72145509024604 29.961492436938364))"
2,39.20670248323547,118.99850173827089,16,"POLYGON ((118.97607860322007 39.19544144936188, 118.97454075691275 39.19653091923286, 118.9742810985794 39.20136712968846, 118.9742810985794 39.21032855264059, 118.98968191270984 39.219471187451866, 119.00342325419838 39.219471187451866, 119.0248499514206 39.21184184683128, 119.0248499514206 39.20357014787718, 119.0189430112032 39.19782289426784, 118.9927260164206 39.19544144936188, 118.97607860322007 39.19544144936188))"
3,34.475784192267966,119.78656495495497,1,"POLYGON ((119.77979709024606 34.469535770903576, 119.77979709024606 34.48203261363237, 119.79333281966385 34.48203261363237, 119.79333281966385 34.469535770903576, 119.77979709024606 34.469535770903576))"
4,34.58894616444862,119.60896990431002,3,"POLYGON ((119.6075750235794 34.58385298373424, 119.60126251129869 34.58642846500781, 119.60126251129869 34.59401781793521, 119.6105533264206 34.59401781793521, 119.61665482642059 34.59147780279674, 119.61665482642059 34.58385298373424, 119.6075750235794 34.58385298373424))"
5,38.96501269742082,118.4577426787383,17,"POLYGON ((118.45897598240292 38.94078009435083, 118.44939292357941 38.94614305544165, 118.44939292357941 38.95330045541301, 118.45025075691271 38.994086345444124, 118.4598558264206 38.994086345444124, 118.46869744966003 38.94849609020476, 118.46869744966003 38.94078009435083, 118.45897598240292 38.94078009435083))"
6,39.57731496337032,121.26120262354303,2,"POLYGON ((121.25440610050245 39.57153784552772, 121.25353049857941 39.576457141210184, 121.25353049857941 39.583422851423585, 121.26258402803349 39.583422851423585, 121.26916290975393 39.58117399995327, 121.26916290975393 39.57153784552772, 121.25440610050245 39.57153784552772))"
7,39.586972465520255,121.28954728663305,2,"POLYGON ((121.2826187331032 39.58041133947309, 121.2826187331032 39.59156389851349, 121.28514499500795 39.59388664633177, 121.29416444700881 39.59388664633177, 121.29650880913006 39.59156389851349, 121.29640222566393 39.58041133947309, 121.2826187331032 39.58041133947309))"
8,39.215608482868426,119.03320440210514,4,"POLYGON ((119.02482579394977 39.210075974237725, 119.02482579394977 39.21709610428076, 119.02689939918918 39.21854567529017, 119.03152609024608 39.22112366655462, 119.04153919546822 39.22112366655462, 119.04153919546822 39.213648790194426, 119.0390085764206 39.21229797324671, 119.03414446772494 39.210075974237725, 119.02482579394977 39.210075974237725))"
9,39.92421818495681,119.67254897844195,10,"POLYGON ((119.6721231982273 39.910329575214234, 119.66107881246826 39.92519923988774, 119.66107881246826 39.933258194589854, 119.66664888010112 39.936763518197665, 119.6759943541984 39.936763518197665, 119.6809165014206 39.93083616646176, 119.68219157642059 39.92109538061171, 119.68219157642059 39.910329575214234, 119.6721231982273 39.910329575214234))"
10,38.976980359510385,117.77286051847848,18,"POLYGON ((117.78351800691274 38.963625448922784, 117.77663614580165 38.96404684542996, 117.76432774616002 38.96678091428014, 117.75646732554019 38.968629477511726, 117.7478247312717 38.970665806666105, 117.7478247312717 38.978103799796386, 117.75337347812486 38.98615552947323, 117.77479701181471 38.990690437055974, 117.7838703264206 38.990690437055974, 117.78892413642058 38.98746559486144, 117.79360488892061 38.98288029857381, 117.79361785039318 38.97082498543263, 117.79361785039318 38.963625448922784, 117.78351800691274 38.963625448922784))"
11,31.641750770442925,121.22541851293103,1,"POLYGON ((121.22092517357937 31.637925290696074, 121.22092517357937 31.645576250189784, 121.22991185228267 31.645576250189784, 121.22991185228267 31.637925290696074, 121.22092517357937 31.637925290696074))"
12,40.25392541398743,122.08797930054816,4,"POLYGON ((122.07727204857937 40.243487925742464, 122.07727204857937 40.26478700904117, 122.0961705764206 40.26478700904117, 122.0991275632627 40.25697765033361, 122.09926196530945 40.25455684796414, 122.09926196530945 40.24659621411968, 122.09921124308727 40.2436728383695, 122.0961705764206 40.243487925742464, 122.07727204857937 40.243487925742464))"
13,38.96546015187695,118.47353589316084,1,"POLYGON ((118.46423528950314 38.95737929578401, 118.46670698236333 38.974145599808125, 118.48169820408017 38.97376614512814, 118.48169820408017 38.95737929578401, 118.46423528950314 38.95737929578401))"
14,29.971071532343842,122.1510159145729,1,"POLYGON ((122.14574042357941 29.96640544078349, 122.14574042357941 29.97573762390419, 122.15629140556635 29.97573762390419, 122.15629140556635 29.96640544078349, 122.14574042357941 29.96640544078349))"
15,26.725170514715543,119.73565732267593,2,"POLYGON ((119.73050842357941 26.72014220864468, 119.73050842357941 26.7290116941787, 119.73160660004999 26.730218651624106, 119.74078924308725 26.730218651624106, 119.74078924308725 26.72190459669637, 119.74026494005693 26.72014220864468, 119.73050842357941 26.72014220864468))"
16,26.041514101002573,119.50254918103448,1,"POLYGON ((119.4975804235794 26.03627392894518, 119.4975804235794 26.046754273059964, 119.50751793848956 26.046754273059964, 119.50751793848956 26.03627392894518, 119.4975804235794 26.03627392894518))"
17,31.499161353251534,121.37269610717368,3,"POLYGON ((121.3657717985794 31.493115921551524, 121.3657717985794 31.50218806226511, 121.36848712169258 31.505322013434167, 121.37830239460243 31.505322013434167, 121.37967134265436 31.50360077939723, 121.37967134265436 31.49593673302934, 121.37709157642055 31.493115921551524, 121.3657717985794 31.493115921551524))"
18,38.98596238317163,117.7366201801849,3,"POLYGON ((117.7369284235794 38.980640270718524, 117.7314791235794 38.98160704458521, 117.72711602357941 38.98416736857433, 117.72711602357941 38.99122996919413, 117.7364654459858 38.99122996919413, 117.74375536952401 38.98975451569406, 117.74599824308723 38.9877529006914, 117.74599824308723 38.980640270718524, 117.7369284235794 38.980640270718524))"
19,27.99836142381764,120.87759138004286,1,"POLYGON ((120.86796867357941 27.993151494360813, 120.86796867357941 28.0007778597916, 120.89111161488219 28.00459694924873, 120.88065370989189 27.993151494360813, 120.86796867357941 27.993151494360813))"
20,31.998656486798627,120.55586262222221,1,"POLYGON ((120.54973444580163 31.994561780383556, 120.54973444580163 32.0027511932137, 120.56199079864281 32.0027511932137, 120.56199079864281 31.994561780383556, 120.54973444580163 31.994561780383556))"
21,27.970911714870045,120.79093686306457,2,"POLYGON ((120.78567942357941 27.965962455880735, 120.7806917673294 27.968061102749132, 120.7806917673294 27.975995982599024, 120.78971507642059 27.975995982599024, 120.80123519180522 27.974641029392583, 120.80123519180522 27.965962455880735, 120.78567942357941 27.965962455880735))"
22,39.50523828334765,121.27218361176014,2,"POLYGON ((121.26764914665632 39.49719994088442, 121.26752704857941 39.50030637423649, 121.26752704857941 39.513255569466416, 121.27683062403966 39.513255569466416, 121.27683062403966 39.50030637423649, 121.2768081373962 39.49719994088442, 121.26764914665632 39.49719994088442))"
23,31.92448126815532,120.16283454592569,17,"POLYGON ((120.18690976840699 31.91298311794385, 120.15352871524608 31.916205375418908, 120.12411142357941 31.92742543436401, 120.12411142357941 31.935926042937865, 120.136602481826 31.935926042937865, 120.19437172642058 31.927959748667924, 120.19830472086502 31.926780976106777, 120.19830472086502 31.91887935939324, 120.19692737642059 31.915200748497515, 120.19606315975395 31.91298311794385, 120.18690976840699 31.91298311794385))"
24,31.479459318228034,121.4022147722222,1,"POLYGON ((121.39721735691273 31.47513936200779, 121.39721735691273 31.483779274448278, 121.40721218753168 31.483779274448278, 121.40721218753168 31.47513936200779, 121.39721735691273 31.47513936200779))"
25,38.953242965265574,118.4833274012346,1,"POLYGON ((118.47355642357942 38.943336323818194, 118.47355642357942 38.96314960671294, 118.49309837888973 38.96314960671294, 118.49309837888973 38.943336323818194, 118.47355642357942 38.943336323818194))"
26,31.741682460943935,121.03911369954831,2,"POLYGON ((121.03740648127172 31.735870740688938, 121.0301592279272 31.738173801348022, 121.0301592279272 31.747462494336744, 121.0429579734794 31.747462494336744, 121.04811946530947 31.74427614427691, 121.04811946530947 31.735870740688938, 121.03740648127172 31.735870740688938))"
27,19.964006171725256,110.03670045010222,2,"POLYGON ((110.03011702823056 19.959368243662382, 110.03011702823056 19.96829243074643, 110.03329196204095 19.968660819577828, 110.0432647869469 19.968660819577828, 110.0432647869469 19.959663983166177, 110.04083810583238 19.959368243662382, 110.03011702823056 19.959368243662382))"
28,23.09486732193135,113.43889364974133,3,"POLYGON ((113.43827111769704 23.090091310273692, 113.43004507306394 23.090841304556434, 113.4275000485794 23.091224261774958, 113.4275000485794 23.099660897508627, 113.43654893812273 23.099660897508627, 113.44275461213488 23.09938228365435, 113.4502873764206 23.09861258278503, 113.4502873764206 23.090091310273692, 113.43827111769704 23.090091310273692))"
29,21.078187880840712,110.43030491411409,1,"POLYGON ((110.42562646802384 21.073858186955825, 110.42562646802384 21.082517574725603, 110.43498336020437 21.082517574725603, 110.43498336020437 21.073858186955825, 110.42562646802384 21.073858186955825))"
30,23.443303201834695,116.50446102185045,2,"POLYGON ((116.49731859024605 23.438300203668256, 116.49731859024605 23.446730106389836, 116.49948864580159 23.448223942678414, 116.51168649533955 23.448223942678414, 116.51168649533955 23.43957338226061, 116.50721502086503 23.438300203668256, 116.49731859024605 23.438300203668256))"
31,25.18713413918244,119.01389913468309,1,"POLYGON ((119.00883681794559 25.18278263905712, 119.00883681794559 25.191485639307764, 119.0189614514206 25.191485639307764, 119.0189614514206 25.18278263905712, 119.00883681794559 25.18278263905712))"
32,23.061088200538777,113.48173416666666,1,"POLYGON ((113.4756524235794 23.056325639496485, 113.4756524235794 23.065850761581068, 113.48781590975392 23.065850761581068, 113.48781590975392 23.056325639496485, 113.4756524235794 23.056325639496485))"
33,35.59510042079068,119.789694155445,1,"POLYGON ((119.78064403227505 35.5820628666218, 119.78064403227505 35.608137974959575, 119.79874427861496 35.608137974959575, 119.79874427861496 35.5820628666218, 119.78064403227505 35.5820628666218))"
34,36.67188571430703,121.23528708858693,1,"POLYGON ((121.2307480757533 36.66755995352943, 121.2307480757533 36.67621147508464, 121.2398261014206 36.67621147508464, 121.2398261014206 36.66755995352943, 121.2307480757533 36.66755995352943))"
35,21.5697184607714,108.35747407102768,2,"POLYGON ((108.35140784024607 21.56053447678173, 108.35140784024607 21.56897113567305, 108.35302837094783 21.57874374852383, 108.36353741700032 21.57874374852383, 108.36353741700032 21.56611928945634, 108.36044665049467 21.56053447678173, 108.35140784024607 21.56053447678173))"
36,25.983322568943944,119.47057900132296,4,"POLYGON ((119.46078513786509 25.973315579168197, 119.46078513786509 25.98511682670927, 119.4714404235794 25.993707447137353, 119.48064874308726 25.993707447137353, 119.48064874308726 25.985458567607424, 119.47324999105476 25.973315579168197, 119.46078513786509 25.973315579168197))"
37,21.620726426312785,108.37342521333814,2,"POLYGON ((108.36699471769704 21.613481640265544, 108.36699471769704 21.62498863938617, 108.36997463112657 21.62800196942575, 108.37987329381188 21.62800196942575, 108.37987329381188 21.618263274478114, 108.37800214565137 21.613481640265544, 108.36699471769704 21.613481640265544))"
38,40.308494128326956,122.0776040194805,1,"POLYGON ((122.06926256643654 40.29931168314441, 122.06926256643654 40.317676573509495, 122.08594547252446 40.317676573509495, 122.08594547252446 40.29931168314441, 122.06926256643654 40.29931168314441))"
39,31.810184562315552,120.94904078043506,4,"POLYGON ((120.94838135691273 31.802064639496464, 120.9458652235794 31.803492531821934, 120.94076497913495 31.809108697205286, 120.94076497913495 31.818340567902737, 120.95125406360006 31.818340567902737, 120.95600503096607 31.811956742830453, 120.95753507642061 31.809861096091037, 120.95753507642061 31.802064639496464, 120.94838135691273 31.802064639496464))"
40,31.94575153485082,120.18102925,1,"POLYGON ((120.17468224357941 31.941280902242145, 120.17468224357941 31.950222167459497, 120.18737625642058 31.950222167459497, 120.18737625642058 31.941280902242145, 120.17468224357941 31.941280902242145))"
41,26.45934744717057,119.697382634797,2,"POLYGON ((119.69945403625478 26.450120259532504, 119.69122715434862 26.45444434006294, 119.68773229200046 26.457185074326894, 119.68773229200046 26.466329448254605, 119.69885146530947 26.466329448254605, 119.7066388841129 26.464463119595717, 119.7066388841129 26.45466369069844, 119.69945403625478 26.450120259532504))"
42,25.731208983407313,119.62081494767844,1,"POLYGON ((119.61537185947684 25.725484679315123, 119.61537185947684 25.736933287499504, 119.62625803588004 25.736933287499504, 119.62625803588004 25.725484679315123, 119.61537185947684 25.725484679315123))"
43,35.09181549793032,119.36884837383016,5,"POLYGON ((119.35925889580162 35.083771369449074, 119.35925889580162 35.09283306713349, 119.36059066167464 35.09695114508053, 119.36573060306654 35.10052588745372, 119.3765321508887 35.10052588745372, 119.37773746831249 35.0964184294595, 119.37805085712235 35.092417401000425, 119.37805085712235 35.08476316969485, 119.3685722869469 35.083771369449074, 119.35925889580162 35.083771369449074))"
44,31.94384521889558,120.220091795733,8,"POLYGON ((120.22559250050247 31.93845899033603, 120.21164175691275 31.938809577525152, 120.19912014580163 31.940010266210052, 120.19912014580163 31.948016409804968, 120.2034404235794 31.949660309795977, 120.21292628096602 31.949660309795977, 120.24181592335938 31.94737006001968, 120.24181592335938 31.93933811333373, 120.2361584764206 31.93845899033603, 120.22559250050247 31.93845899033603))"
45,32.04383049134804,119.94931663797239,2,"POLYGON ((119.94497369630666 32.0388072557022, 119.94380120929367 32.0411368590829, 119.94380120929367 32.04886158749512, 119.9532435097539 32.04886158749512, 119.9548320764206 32.04709419434521, 119.9548320764206 32.0388072557022, 119.94497369630666 32.0388072557022))"
46,32.31721273338853,119.8182655745113,5,"POLYGON ((119.8216782931446 32.30804679602337, 119.8044816735794 32.31816608258064, 119.8044816735794 32.326265194181374, 119.81382767898465 32.326265194181374, 119.81743484914786 32.324887674780875, 119.83176089148908 32.31673952324376, 119.83176089148908 32.30804679602337, 119.8216782931446 32.30804679602337))"
47,35.16082119162273,119.39794967917165,1,"POLYGON ((119.38541539416764 35.15701047254204, 119.38541539416764 35.16463191070342, 119.41048396417571 35.16463191070342, 119.41048396417571 35.15701047254204, 119.38541539416764 35.15701047254204))"
48,34.7487946261712,119.41900310888528,13,"POLYGON ((119.41165610099873 34.74068804735558, 119.39299261034779 34.745991808694036, 119.39410079857937 34.753575162708835, 119.40094791793648 34.75812785958604, 119.44747571278423 34.75205120080818, 119.44747571278423 34.74465180802015, 119.43758106213488 34.74263446334464, 119.42224494005697 34.74068804735558, 119.41165610099873 34.74068804735558))"
49,34.61199653488447,119.55668804549144,2,"POLYGON ((119.55463538909665 34.604693058684006, 119.54881667357941 34.60630845466507, 119.54881667357941 34.619712551160134, 119.56087461927773 34.619712551160134, 119.56522183957847 34.612602701109054, 119.56522183957847 34.604693058684006, 119.55463538909665 34.604693058684006))"
50,35.30855326108397,119.51559297999998,1,"POLYGON ((119.51084502357939 35.30245915841335, 119.51084502357939 35.314647363754595, 119.52034093642058 35.314647363754595, 119.52034093642058 35.30245915841335, 119.51084502357939 35.30245915841335))"
51,32.02449172906427,120.78242097804925,3,"POLYGON ((120.7818751835794 32.01960376030726, 120.77397196643655 32.02130978071624, 120.77397196643655 32.02936244600317, 120.7842622364206 32.02936244600317, 120.78726461213489 32.02853519338245, 120.79090503096607 32.027231446976856, 120.79090503096607 32.01960376030726, 120.7818751835794 32.01960376030726))"
52,32.12718632540457,121.50149913450444,7,"POLYGON ((121.4991616735794 32.1161900410218, 121.49442858299967 32.11842093400366, 121.49442858299967 32.12985541457649, 121.4955084235794 32.13713644432507, 121.49654142357939 32.1388037081327, 121.50574482642061 32.1388037081327, 121.50822395142059 32.13256944725458, 121.508554515445 32.12403566494047, 121.508554515445 32.1161900410218, 121.4991616735794 32.1161900410218))"
53,35.367304821061204,119.54877678994917,1,"POLYGON ((119.54276938010115 35.359731742219545, 119.54276938010115 35.37487789990288, 119.55478419979724 35.37487789990288, 119.55478419979724 35.359731742219545, 119.54276938010115 35.359731742219545))"
54,39.92404668918422,119.64613246622628,5,"POLYGON ((119.64093556643653 39.91680213551564, 119.6392710235794 39.91807444555415, 119.63848764580162 39.9211657036276, 119.63848764580162 39.92859836655816, 119.64458648240293 39.930862293408, 119.65405107642061 39.930862293408, 119.65405107642061 39.92368602650123, 119.65000217184046 39.91680213551564, 119.64093556643653 39.91680213551564))"
55,35.37434284008191,119.55174635847547,1,"POLYGON ((119.54630031910176 35.36878032379182, 119.54630031910176 35.379905356372014, 119.55719239784916 35.379905356372014, 119.55719239784916 35.36878032379182, 119.54630031910176 35.36878032379182))"
56,38.9472597167519,121.84826452614352,1,"POLYGON ((121.8508841727074 38.93627933874149, 121.84290767357939 38.947237983133455, 121.84290767357939 38.95342290232891, 121.85325317124722 38.95342290232891, 121.8508841727074 38.93627933874149))"
57,32.00076604534634,120.75392487777778,1,"POLYGON ((120.7488886235794 31.996743537676405, 120.7488886235794 32.00478855301627, 120.75896113197616 32.00478855301627, 120.75896113197616 31.996743537676405, 120.7488886235794 31.996743537676405))"
58,31.380488225204623,121.49879814285713,1,"POLYGON ((121.49413828072227 31.3761463926188, 121.49413828072227 31.384830057790438, 121.50345800499203 31.384830057790438, 121.50345800499203 31.3761463926188, 121.49413828072227 31.3761463926188))"
59,31.969847607007868,120.43286930118087,2,"POLYGON ((120.42341891872502 31.96461753711305, 120.42341891872502 31.972689448800512, 120.43049668920442 31.97518118257731, 120.44211735419839 31.97518118257731, 120.44211735419839 31.966295463895097, 120.43459301828105 31.96461753711305, 120.42341891872502 31.96461753711305))"
60,31.96583651977182,120.37203236364125,2,"POLYGON ((120.36468810778992 31.960903988634648, 120.36468810778992 31.970017511262764, 120.36670873267029 31.9706679853006, 120.37949157642059 31.9706679853006, 120.37949157642059 31.96175102724243, 120.37424302569596 31.960903988634648, 120.36468810778992 31.960903988634648))"
61,30.00086080682957,122.06958784865347,3,"POLYGON ((122.06209542357938 29.994989060548562, 122.06209542357938 30.00280105845026, 122.06545764938585 30.005924890541397, 122.0671175158871 30.006776296558186, 122.07693190975394 30.006776296558186, 122.07693190975394 29.997503020617884, 122.0710849855115 29.994989060548562, 122.06209542357938 29.994989060548562))"
62,38.979521783386495,121.75970420588234,1,"POLYGON ((121.7547388353441 38.97576904521625, 121.7547388353441 38.98327452155674, 121.7646695764206 38.98327452155674, 121.7646695764206 38.97576904521625, 121.7547388353441 38.97576904521625))"
63,38.077177836396196,118.949598393653,2,"POLYGON ((118.94094735691272 38.071866502185074, 118.94094735691272 38.08193203805359, 118.94995616270985 38.081990068581085, 118.95907710975393 38.081990068581085, 118.95907710975393 38.074901988650296, 118.95186623946404 38.071866502185074, 118.94094735691272 38.071866502185074))"
64,30.64207538471402,121.18056690064711,1,"POLYGON ((121.17411652217093 30.637348011053266, 121.17411652217093 30.64680275837477, 121.1870172791233 30.64680275837477, 121.1870172791233 30.637348011053266, 121.17411652217093 30.637348011053266))"
65,31.98961970083504,119.9579471903846,1,"POLYGON ((119.95290857357939 31.985327146855074, 119.95290857357939 31.993912254815005, 119.96298580718984 31.993912254815005, 119.96298580718984 31.985327146855074, 119.95290857357939 31.985327146855074))"
66,38.99785655457602,121.8936755639141,2,"POLYGON ((121.8890869420979 38.993151804465185, 121.88671637094782 38.993289811272724, 121.88671637094782 39.00049902910217, 121.8890869420979 39.00271539882104, 121.9003710996764 39.00271539882104, 121.9003710996764 38.993151804465185, 121.8890869420979 38.993151804465185))"
67,31.369975515693778,121.50138618382351,1,"POLYGON ((121.49673767357939 31.365992101288757, 121.49673767357939 31.373958930098787, 121.50603469406764 31.373958930098787, 121.50603469406764 31.365992101288757, 121.49673767357939 31.365992101288757))"
68,25.69957814614527,119.60519296832358,1,"POLYGON ((119.59974288654236 25.69391054027328, 119.59974288654236 25.705245752017266, 119.6106430501048 25.705245752017266, 119.6106430501048 25.69391054027328, 119.59974288654236 25.69391054027328))"
69,40.80200404340414,121.043781692882,1,"POLYGON ((121.03799532153855 40.79668507371846, 121.03799532153855 40.807323013089835, 121.04956806422547 40.807323013089835, 121.04956806422547 40.79668507371846, 121.03799532153855 40.79668507371846))"
70,25.582644829675917,119.68814872654623,6,"POLYGON ((119.67975867357941 25.574000265860356, 119.67813033267032 25.57617650112815, 119.67813033267032 25.58441013256101, 119.68384435836202 25.592643635086546, 119.69353370325558 25.592643635086546, 119.69817349487552 25.584001798481427, 119.69817349487552 25.575206322993964, 119.68885875823877 25.574000265860356, 119.67975867357941 25.574000265860356))"
71,25.756732019936273,119.63219605555557,1,"POLYGON ((119.62728486802384 25.748400595809898, 119.62728486802384 25.765063444062648, 119.63710724308727 25.765063444062648, 119.63710724308727 25.748400595809898, 119.62728486802384 25.748400595809898))"
72,38.979850867393104,121.80387130188646,2,"POLYGON ((121.80108279200047 38.97462011859541, 121.79694804024605 38.97802155229635, 121.79694804024605 38.985062516712034, 121.80604955856342 38.985062516712034, 121.81072180718985 38.98233226367659, 121.81072180718985 38.97462011859541, 121.80108279200047 38.97462011859541))"
73,31.278288278065588,121.73745899369747,1,"POLYGON ((121.73252998240292 31.2740584578969, 121.73252998240292 31.282518098234277, 121.74238800499198 31.282518098234277, 121.74238800499198 31.2740584578969, 121.73252998240292 31.2740584578969))"
74,40.28924594723348,122.0920319600548,7,"POLYGON ((122.08977978721576 40.27729667105646, 122.08587986543988 40.28179907197811, 122.08158192357939 40.29312784547763, 122.08158192357939 40.30054294240158, 122.09135513980088 40.30054294240158, 122.09858285847189 40.29761079106808, 122.10155900499201 40.29225354093013, 122.10155900499201 40.28179907197811, 122.10027153197613 40.27729667105646, 122.08977978721576 40.27729667105646))"
75,39.09946133878956,118.50243856172929,2,"POLYGON ((118.49406409024607 39.092497487966135, 118.49406409024607 39.10622598853836, 118.50902542827245 39.10622598853836, 118.51133957642058 39.1050304234782, 118.51133957642058 39.0979397411363, 118.50902542827245 39.092497487966135, 118.49406409024607 39.092497487966135))"
76,30.04513408851616,121.97732503069898,9,"POLYGON ((121.98400573936887 30.021731163594097, 121.95101800960138 30.0616680307674, 121.95117430628174 30.062814338120184, 121.95757440253273 30.063821665223667, 121.97915426872828 30.064126198609486, 121.98603547805996 30.05329458976818, 121.99466251544494 30.03898343333079, 121.99620402322908 30.032537602036847, 121.99620402322908 30.021731163594097, 121.98400573936887 30.021731163594097))"
77,26.005088879580615,119.48166856397692,4,"POLYGON ((119.47875571524605 25.994753386929695, 119.47060370929368 25.99528161936595, 119.47060370929368 26.004435977885674, 119.47547707742557 26.016577892973963, 119.48578079381187 26.016577892973963, 119.49264943356346 26.01134582440746, 119.49264943356346 26.002225170014615, 119.48937727207279 25.994753386929695, 119.47875571524605 25.994753386929695))"
78,25.982757416214557,119.44913790526316,2,"POLYGON ((119.44329502357941 25.978351959896184, 119.44329502357941 25.98716287253292, 119.45498078694688 25.98716287253292, 119.45498078694688 25.978351959896184, 119.44329502357941 25.978351959896184))"
79,40.80681125853738,121.06385013448646,3,"POLYGON ((121.07917416318492 40.79802128218469, 121.06059427304174 40.8012476449621, 121.05149466643654 40.80568830590602, 121.05149466643654 40.813982405235514, 121.06465784308723 40.813982405235514, 121.06954447297232 40.81295519120017, 121.07917416318492 40.79802128218469))"
80,35.3357251152868,119.53417221464647,1,"POLYGON ((119.52952403469051 35.331614932707595, 119.52952403469051 35.33983529786599, 119.5388203946024 35.33983529786599, 119.5388203946024 35.331614932707595, 119.52952403469051 35.331614932707595))"
81,31.57315282271119,121.49883779959853,1,"POLYGON ((121.49382821949776 31.56903362031365, 121.49382821949776 31.57727202510872, 121.5038473796993 31.57727202510872, 121.5038473796993 31.56903362031365, 121.49382821949776 31.56903362031365))"
82,31.381425888955985,121.68176374605369,2,"POLYGON ((121.6787452235794 31.375583026034338, 121.67477192357939 31.37886542668272, 121.67477192357939 31.387254387386925, 121.68488262187513 31.387254387386925, 121.68874076872828 31.38399792033287, 121.68874076872828 31.375583026034338, 121.6787452235794 31.375583026034338))"
83,38.75935247044119,117.594058874269,1,"POLYGON ((117.58538617211741 38.75502079994118, 117.58538617211741 38.76368414094121, 117.6027315764206 38.76368414094121, 117.6027315764206 38.75502079994118, 117.58538617211741 38.75502079994118))"
84,26.745381161404275,119.63742412762238,1,"POLYGON ((119.62965776973327 26.74013995084289, 119.62965776973327 26.75062237196566, 119.64519048551149 26.75062237196566, 119.64519048551149 26.74013995084289, 119.62965776973327 26.74013995084289))"
85,31.596611131788837,121.44270710144927,1,"POLYGON ((121.43820675691273 31.5927769545112, 121.43820675691273 31.60044530906648, 121.4472074459858 31.60044530906648, 121.4472074459858 31.5927769545112, 121.43820675691273 31.5927769545112))"
86,31.348929828217603,121.71205528633035,2,"POLYGON ((121.7093249235794 31.34297071220854, 121.70518397913496 31.345944083462413, 121.70518397913496 31.354942483756503, 121.71442300499201 31.354942483756503, 121.71897677642056 31.351858165113907, 121.71897677642056 31.34297071220854, 121.7093249235794 31.34297071220854))"
87,31.350517533256976,121.67835090619907,2,"POLYGON ((121.67393677652058 31.345376413253245, 121.67258322357938 31.34688692191346, 121.67258322357938 31.35577374350036, 121.68177029070632 31.35577374350036, 121.68424357642057 31.353697756749455, 121.68424357642057 31.345376413253245, 121.67393677652058 31.345376413253245))"
88,40.70447632621558,120.96461174147763,3,"POLYGON ((120.95665256643656 40.69849881785186, 120.95544106357939 40.700394777799595, 120.95544106357939 40.710268613698354, 120.97076586213487 40.710268613698354, 120.9742869902137 40.70848203450189, 120.9742869902137 40.6999095192765, 120.96637135228265 40.69849881785186, 120.95665256643656 40.69849881785186))"
89,30.11299990457389,122.2019986608231,3,"POLYGON ((122.20120966600365 30.108297577120794, 122.19565720929369 30.108680172633722, 122.1911210682075 30.11002660893695, 122.1911210682075 30.1178188809688, 122.20023706442059 30.1178188809688, 122.20847796927774 30.116988730623028, 122.21295925823878 30.116435475327986, 122.21295925823878 30.108297577120794, 122.20120966600365 30.108297577120794))"
90,26.469928482624923,119.6332446870725,1,"POLYGON ((119.62758110004998 26.465424195478754, 119.62758110004998 26.474432769771088, 119.63890827409503 26.474432769771088, 119.63890827409503 26.465424195478754, 119.62758110004998 26.465424195478754))"
91,31.945280287347394,120.19041829501217,1,"POLYGON ((120.18397259024607 31.94126140143335, 120.18397259024607 31.949299173261434, 120.19686399977827 31.949299173261434, 120.19686399977827 31.94126140143335, 120.18397259024607 31.94126140143335))"
92,31.990798807327902,120.33872294425214,3,"POLYGON ((120.33066842357943 31.981386149876222, 120.33066842357943 31.99368421428628, 120.33145382357938 32.00030087278336, 120.34535364308724 32.00030087278336, 120.34711237774506 31.995366122207436, 120.34711237774506 31.98614937139666, 120.34501157642059 31.981386149876222, 120.33066842357943 31.981386149876222))"
93,32.00184679415602,120.34913228517321,2,"POLYGON ((120.34318332982936 31.99710557354857, 120.34318332982936 32.00559988422055, 120.34594513786513 32.00659846872859, 120.35508707642059 32.00659846872859, 120.35508707642059 31.998911211056356, 120.35361462403965 31.99710557354857, 120.34318332982936 31.99710557354857))"
94,19.954561401674418,110.01200117657307,1,"POLYGON ((110.00579717357941 19.947273150219615, 110.00579717357941 19.960645040988222, 110.01865975607055 19.96249031487814, 110.0172304366482 19.947273150219615, 110.00579717357941 19.947273150219615))"
95,19.10258313670385,108.6241544796015,2,"POLYGON ((108.61821195691273 19.096867413830584, 108.61821195691273 19.106770139537332, 108.62063223839422 19.10847334730537, 108.62975297035997 19.10847334730537, 108.62995624553825 19.106770139537332, 108.62995624553825 19.096867413830584, 108.61821195691273 19.096867413830584))"
96,29.915800783013495,121.92643797844829,1,"POLYGON ((121.92122563047597 29.910324479955708, 121.92122563047597 29.92127708607128, 121.93165032642061 29.92127708607128, 121.93165032642061 29.910324479955708, 121.92122563047597 29.910324479955708))"
97,39.840511295137375,124.16234549126037,2,"POLYGON ((124.1572294079544 39.83570271529885, 124.1572294079544 39.84281289144896, 124.15779742357938 39.8452982916179, 124.16747702642057 39.8452982916179, 124.16747702642057 39.83720540939667, 124.16628582958515 39.83570271529885, 124.1572294079544 39.83570271529885))"
98,21.481625618553778,111.06868969442625,3,"POLYGON ((111.06696230593235 21.473495172032184, 111.05902791075886 21.479234555375587, 111.05902791075886 21.489709166447415, 111.07091464308725 21.489709166447415, 111.07833736711827 21.483790920082154, 111.07833736711827 21.473495172032184, 111.06696230593235 21.473495172032184))"
99,21.71038635236457,111.81061905962211,5,"POLYGON ((111.8025541735794 21.698699752845197, 111.8025541735794 21.707645608797183, 111.80450905148638 21.723727767363254, 111.81455388892059 21.723727767363254, 111.81932257642059 21.710802736006354, 111.81932257642059 21.700049791978667, 111.8118625764206 21.698699752845197, 111.8025541735794 21.698699752845197))"
100,24.402639932092377,117.98157964215194,2,"POLYGON ((117.97419564580161 24.397655839964333, 117.97419564580161 24.406516260448896, 117.97841874541848 24.407641645048958, 117.98895189221003 24.407641645048958, 117.98895189221003 24.39893925880892, 117.98563569406767 24.397655839964333, 117.97419564580161 24.397655839964333))"
101,21.586554678451154,109.5996183181818,1,"POLYGON ((109.59460905994302 21.5810662685779, 109.59460905994302 21.59204308832441, 109.6046275764206 21.59204308832441, 109.6046275764206 21.5810662685779, 109.59460905994302 21.5810662685779))"
102,26.79604976168531,119.70974532606968,4,"POLYGON ((119.70789465887353 26.78390965757314, 119.7007926235794 26.799185816305197, 119.7007926235794 26.80859738435656, 119.7099970718514 26.80859738435656, 119.71868829642061 26.79508247316539, 119.71868829642061 26.78390965757314, 119.70789465887353 26.78390965757314))"
103,25.209170304722342,118.96334215416806,2,"POLYGON ((118.9552113878651 25.20432291997779, 118.9552113878651 25.212680424354467, 118.96085376871214 25.214089980471503, 118.97136452378902 25.214089980471503, 118.97136452378902 25.20527040707611, 118.96577821642056 25.20432291997779, 118.9552113878651 25.20432291997779))"
104,25.684738921999248,119.5778297897727,1,"POLYGON ((119.57123354857939 25.680084885672315, 119.57123354857939 25.689392958326177, 119.58442603096604 25.689392958326177, 119.58442603096604 25.680084885672315, 119.57123354857939 25.680084885672315))"
105,21.614264218766056,109.56776602985774,2,"POLYGON ((109.56403478255376 21.609343567837232, 109.56181230994301 21.610756169408063, 109.56181230994301 21.619147283283578, 109.57089936808727 21.619147283283578, 109.57366770737296 21.618398768187376, 109.57366770737296 21.609343567837232, 109.56403478255376 21.609343567837232))"
106,29.714539727372543,122.19412257719299,1,"POLYGON ((122.18919215691274 29.7103865590915, 122.18919215691274 29.71869289565359, 122.19905299747325 29.71869289565359, 122.19905299747325 29.7103865590915, 122.18919215691274 29.7103865590915))"
107,38.938552607285466,118.4834226218487,1,"POLYGON ((118.47717513786509 38.93374603790617, 118.47717513786509 38.943359176664764, 118.48967010583235 38.943359176664764, 118.48967010583235 38.93374603790617, 118.47717513786509 38.93374603790617))"
108,32.0142023201479,120.80559004682755,2,"POLYGON ((120.80207797024607 32.00957963011563, 120.80002668548413 32.01076840608972, 120.80002668548413 32.01882475273186, 120.80949724308724 32.01882475273186, 120.8111593097539 32.01732440471257, 120.8111593097539 32.00957963011563, 120.80207797024607 32.00957963011563))"
109,31.595504814598932,121.27681923240739,1,"POLYGON ((121.27101507357939 31.58999350575218, 121.27101507357939 31.60101612344568, 121.2826233912354 31.60101612344568, 121.2826233912354 31.58999350575218, 121.27101507357939 31.58999350575218))"
110,25.141233429261185,119.01207895412234,1,"POLYGON ((119.0073950193241 25.13659037559064, 119.0073950193241 25.14587648293173, 119.01676288892061 25.14587648293173, 119.01676288892061 25.13659037559064, 119.0073950193241 25.13659037559064))"
111,22.80385703270514,113.58619583131512,2,"POLYGON ((113.58257182357939 22.795805402392094, 113.58026216515243 22.801203147320916, 113.58026216515243 22.811922559431817, 113.59016542642058 22.811922559431817, 113.59218240975392 22.80496819742021, 113.59218240975392 22.795805402392094, 113.58257182357939 22.795805402392094))"
112,32.01310835567924,120.3657469478563,5,"POLYGON ((120.35382264097072 32.0043306209888, 120.35382264097072 32.01462706801808, 120.36038740357941 32.018633226198254, 120.36888667357941 32.02209906699208, 120.37809085549036 32.02209906699208, 120.37809085549036 32.01436927726603, 120.37277703096603 32.008738931874944, 120.36666635419839 32.0043306209888, 120.35382264097072 32.0043306209888))"
113,21.48386938528994,109.55294100828955,2,"POLYGON ((109.54639442357939 21.475385413595692, 109.54639442357939 21.483778523540817, 109.54901294143656 21.492231924769804, 109.5594459764206 21.492231924769804, 109.5594459764206 21.4809749095043, 109.5554079641757 21.475385413595692, 109.54639442357939 21.475385413595692))"
114,21.30123652034394,110.41559051951232,3,"POLYGON ((110.41190155085212 21.29116469272919, 110.40929165434862 21.301707653562932, 110.40929165434862 21.31085411279388, 110.41860597642058 21.31085411279388, 110.42160315419838 21.306878946027783, 110.42160315419838 21.296891984851104, 110.42099412187514 21.29116469272919, 110.41190155085212 21.29116469272919))"
115,28.157011726550916,121.10022811069543,2,"POLYGON ((121.09418230236729 28.148862385694343, 121.09418230236729 28.15894072736645, 121.09550842357937 28.165124406280675, 121.10625924308724 28.165124406280675, 121.10625924308724 28.15244676351775, 121.10397969886957 28.148862385694343, 121.09418230236729 28.148862385694343))"
116,32.075963304013705,120.49325706682615,2,"POLYGON ((120.48674167357942 32.07198774989443, 120.48674167357942 32.0798781778937, 120.49037568357939 32.07993880122788, 120.49977316964095 32.07993880122788, 120.49977316964095 32.07206778100363, 120.4969972907063 32.07198774989443, 120.48674167357942 32.07198774989443))"
117,37.672867749485924,120.2213995204301,1,"POLYGON ((120.21566569024607 37.66801590500292, 120.21566569024607 37.67771959396893, 120.22713335061414 37.67771959396893, 120.22713335061414 37.66801590500292, 120.21566569024607 37.66801590500292))"
118,37.6613680905577,120.30878332611026,7,"POLYGON ((120.31151200894524 37.653846699447605, 120.29736539079252 37.65634913623286, 120.29736539079252 37.66348796702145, 120.30278219669752 37.67166092141974, 120.31331724308725 37.66784357823074, 120.32102348870129 37.66147313811907, 120.32102348870129 37.653846699447605, 120.31151200894524 37.653846699447605))"
119,31.83543843698928,120.84237841718489,3,"POLYGON ((120.83980749500796 31.825917506220357, 120.83463924176122 31.833831519144535, 120.83463924176122 31.84489294484394, 120.84571029864284 31.84489294484394, 120.85016043356346 31.835663510509914, 120.85016043356346 31.825917506220357, 120.83980749500796 31.825917506220357))"
120,21.566715196170573,108.3355390159547,1,"POLYGON ((108.33102421668283 21.562349290014495, 108.33102421668283 21.57108110232665, 108.34005381522657 21.57108110232665, 108.34005381522657 21.562349290014495, 108.33102421668283 21.562349290014495))"
121,19.728142484238088,109.20050126758393,3,"POLYGON ((109.20079667357939 19.720759542892075, 109.19331644605128 19.724150560800187, 109.18867317357942 19.72663018433292, 109.18867317357942 19.735448305293335, 109.19851724308725 19.735448305293335, 109.20509864025037 19.733568821331488, 109.21207786627566 19.730341104638775, 109.21207786627566 19.720759542892075, 109.20079667357939 19.720759542892075))"
122,35.08063218758433,119.36519116477271,1,"POLYGON ((119.3598292985794 35.07242769474848, 119.3598292985794 35.08883668042018, 119.37055303096604 35.08883668042018, 119.37055303096604 35.07242769474848, 119.3598292985794 35.07242769474848))"
123,35.36655523419155,119.57137543529413,1,"POLYGON ((119.5664303235794 35.36201415011757, 119.5664303235794 35.371096318265536, 119.57632054700883 35.371096318265536, 119.57632054700883 35.36201415011757, 119.5664303235794 35.36201415011757))"
124,26.390819536235306,119.7849702293254,4,"POLYGON ((119.78555918633906 26.37707296872176, 119.77094266533766 26.386459671188604, 119.77094266533766 26.395507704499053, 119.77381227464323 26.397346913623036, 119.77838404426907 26.400174700146287, 119.78282627357939 26.401843228503665, 119.79831945471851 26.403077518686917, 119.79304448888941 26.37765373989774, 119.78555918633906 26.37707296872176))"
125,26.380859223416323,119.75978000417189,2,"POLYGON ((119.75332963979561 26.375573628773964, 119.75332963979561 26.383981576787402, 119.75613225050247 26.386150999989308, 119.7662073576706 26.386150999989308, 119.7662073576706 26.377293099817546, 119.76288318107176 26.375573628773964, 119.75332963979561 26.375573628773964))"
126,32.029723391348185,120.58416382045452,1,"POLYGON ((120.57718647357937 32.02433154016818, 120.57718647357937 32.03511524252819, 120.59114116732968 32.03511524252819, 120.59114116732968 32.02433154016818, 120.57718647357937 32.02433154016818))"
127,31.699923582984326,121.13410432929105,1,"POLYGON ((121.1294087071615 31.695990001841615, 121.1294087071615 31.703857164127037, 121.13879995142058 31.703857164127037, 121.13879995142058 31.695990001841615, 121.1294087071615 31.695990001841615))"
128,31.989796572562,120.6221309016925,5,"POLYGON ((120.6065471306501 31.985183683826907, 120.6065471306501 31.994211142401117, 120.6213880764206 31.994211142401117, 120.63827135170149 31.994190982524152, 120.63827135170149 31.986312325406786, 120.63125983567987 31.985521412614524, 120.6213880764206 31.985183683826907, 120.6065471306501 31.985183683826907))"
129,21.166166922599686,110.4055650716908,3,"POLYGON ((110.40352354703619 21.15657699130568, 110.39859070135718 21.1623889448935, 110.39859070135718 21.17299859861708, 110.39981834357938 21.1759457888833, 110.40916379864281 21.1759457888833, 110.41274354864282 21.165093609985227, 110.41274354864282 21.15657699130568, 110.40352354703619 21.15657699130568))"
130,25.579467319717374,119.66673610325275,5,"POLYGON ((119.66487275691274 25.569601723076307, 119.65852142357939 25.577381986373062, 119.65571785215083 25.581123779694707, 119.65571785215083 25.589410648336823, 119.6653290764206 25.589410648336823, 119.6726773764206 25.584581657057704, 119.67772790975395 25.580472212824624, 119.67772790975395 25.57211092919588, 119.67428689349377 25.569601723076307, 119.66487275691274 25.569601723076307))"
131,40.20184731994292,121.9809444090909,1,"POLYGON ((121.9764191508521 40.198370265190434, 121.9764191508521 40.20532437469541, 121.9854696673297 40.20532437469541, 121.9854696673297 40.198370265190434, 121.9764191508521 40.198370265190434))"
132,23.396675549081376,116.55842071794874,1,"POLYGON ((116.55343719281016 23.390609273470826, 116.55343719281016 23.402741824691926, 116.56340424308728 23.402741824691926, 116.56340424308728 23.390609273470826, 116.55343719281016 23.390609273470826))"
133,22.976933245722098,116.53048576072482,5,"POLYGON ((116.52616625691275 22.96540948658404, 116.52225468673728 22.97676016720531, 116.52225468673728 22.988214042110272, 116.53495236808726 22.988214042110272, 116.53790370975393 22.981151658283327, 116.53856779864279 22.97415743113178, 116.53856779864279 22.965807943216994, 116.53542857642057 22.96540948658404, 116.52616625691275 22.96540948658404))"
134,30.24749646097638,122.15027772543213,2,"POLYGON ((122.14765314580163 30.24346255748941, 122.1421965664365 30.24362310827338, 122.1421965664365 30.25142443211748, 122.14765314580163 30.251519428365842, 122.15829154517058 30.251519428365842, 122.15829154517058 30.24346255748941, 122.14765314580163 30.24346255748941))"
135,22.897851980321306,113.58264070931354,5,"POLYGON ((113.57220930730034 22.886007247761473, 113.57220930730034 22.896428746674694, 113.57740509024606 22.90857612611249, 113.58452556643654 22.908689504231894, 113.59388347115743 22.908689504231894, 113.59388347115743 22.899600476275637, 113.59060833504128 22.89340765101689, 113.58738209815972 22.88973109192673, 113.58299706764868 22.886007247761473, 113.57220930730034 22.886007247761473))"
136,23.759490818511047,117.49865669454965,2,"POLYGON ((117.49346242357942 23.75272823232045, 117.49346242357942 23.761744135501452, 117.49363042357942 23.766190843078707, 117.50390890975393 23.766190843078707, 117.50390890975393 23.756925092132352, 117.5033448859444 23.75272823232045, 117.49346242357942 23.75272823232045))"
137,24.452224451459074,117.98284888285872,2,"POLYGON ((117.97892760539759 24.447890713416044, 117.97721468444897 24.448288919884778, 117.97721468444897 24.456554638120746, 117.98644162119672 24.456554638120746, 117.9884778785039 24.456262384978878, 117.9884778785039 24.447890713416044, 117.97892760539759 24.447890713416044))"
138,24.62941126663868,118.43260167102873,2,"POLYGON ((118.42842659665628 24.6234850966262, 118.4271584235794 24.626242591465402, 118.4271584235794 24.635320566765493, 118.43684107642058 24.635320566765493, 118.43802705261105 24.632762789226575, 118.43802705261105 24.6234850966262, 118.42842659665628 24.6234850966262))"
139,21.7325810869095,108.63334103529412,1,"POLYGON ((108.62866322750097 21.726620386179274, 108.62866322750097 21.73854178763973, 108.63801884308727 21.73854178763973, 108.63801884308727 21.726620386179274, 108.62866322750097 21.726620386179274))"
140,39.932789204911565,119.69720258712888,2,"POLYGON ((119.69101503896401 39.927908478762966, 119.69101503896401 39.93535583903536, 119.69376042357939 39.93783469402192, 119.7031884514206 39.93783469402192, 119.7031884514206 39.929694799412346, 119.70203832032306 39.927908478762966, 119.69101503896401 39.927908478762966))"
141,26.63736666850601,119.82634904166667,1,"POLYGON ((119.8216286735794 26.63304056889009, 119.8216286735794 26.64169276812193, 119.83106940975394 26.64169276812193, 119.83106940975394 26.63304056889009, 119.8216286735794 26.63304056889009))"
142,22.765337270787246,113.65796259230322,1,"POLYGON ((113.6528041267044 22.76013537461783, 113.6528041267044 22.770539166956663, 113.66312105790206 22.770539166956663, 113.66312105790206 22.76013537461783, 113.6528041267044 22.76013537461783))"
143,24.457532306751,117.95725904081081,1,"POLYGON ((117.95083888357941 24.45301109385442, 117.95083888357941 24.462053519647572, 117.96367919804223 24.462053519647572, 117.96367919804223 24.45301109385442, 117.95083888357941 24.45301109385442))"
144,22.205521864769732,113.087571975,1,"POLYGON ((113.0828411735794 22.200378343201248, 113.0828411735794 22.210665386338224, 113.09230277642058 22.210665386338224, 113.09230277642058 22.200378343201248, 113.0828411735794 22.200378343201248))"
145,24.359489127123712,118.09830552822271,1,"POLYGON ((118.09251158147413 24.35446924829683, 118.09251158147413 24.36450900595059, 118.10409947497132 24.36450900595059, 118.10409947497132 24.35446924829683, 118.09251158147413 24.35446924829683))"
146,23.336281407232025,116.73706747732425,1,"POLYGON ((116.73203093378348 23.331755295735608, 116.73203093378348 23.340807518728454, 116.74210402086501 23.340807518728454, 116.74210402086501 23.331755295735608, 116.73203093378348 23.331755295735608))"
147,39.938648449341386,119.71535445714285,1,"POLYGON ((119.71069213786511 39.93367264242986, 119.71069213786511 39.94362425625292, 119.7200167764206 39.94362425625292, 119.7200167764206 39.93367264242986, 119.71069213786511 39.93367264242986))"
148,22.97970715054633,113.56143123284312,5,"POLYGON ((113.55067562000796 22.96951791583914, 113.55067562000796 22.978480027921876, 113.56091942357939 22.989987027691093, 113.5717871378241 22.989987027691093, 113.5717871378241 22.97916695063476, 113.56455250862396 22.97244467196426, 113.56059569763272 22.96951791583914, 113.55067562000796 22.96951791583914))"
149,25.531868414012692,119.66384160317459,1,"POLYGON ((119.65929420135717 25.527766832406034, 119.65929420135717 25.535969995619354, 119.668389004992 25.535969995619354, 119.668389004992 25.527766832406034, 119.65929420135717 25.527766832406034))"
150,35.31636334785477,119.51568570584416,1,"POLYGON ((119.51102588072226 35.30935223857864, 119.51102588072226 35.323374457130896, 119.52034553096605 35.323374457130896, 119.52034553096605 35.30935223857864, 119.51102588072226 35.30935223857864))"
151,31.97186358258937,120.00319945172441,3,"POLYGON ((120.00025165827329 31.966041678410917, 119.99750290262128 31.967494777741624, 119.99553342357939 31.969740124726634, 119.99553342357939 31.97786316498948, 120.00507103795907 31.97786316498948, 120.00794115217816 31.976307441212885, 120.0110466175165 31.97423549734399, 120.0110466175165 31.966041678410917, 120.00025165827329 31.966041678410917))"
152,32.02883815871107,120.38881536036124,2,"POLYGON ((120.379849512187 32.021351020123866, 120.379849512187 32.0313114432791, 120.3845299548294 32.0363660071856, 120.39764710975395 32.0363660071856, 120.39764710975395 32.02485585173745, 120.39189667518602 32.021351020123866, 120.379849512187 32.021351020123866))"
153,32.28766050842677,119.85512978497826,3,"POLYGON ((119.85361220691274 32.280319863876144, 119.84630172750097 32.287437159859394, 119.84630172750097 32.29505089997528, 119.85532823697105 32.29505089997528, 119.86380310833549 32.289146458867684, 119.86380310833549 32.280319863876144, 119.85361220691274 32.280319863876144))"
154,25.237132245782533,118.97046896196578,1,"POLYGON ((118.96588850135714 25.231473519173665, 118.96588850135714 25.2427909723914, 118.97504942257441 25.2427909723914, 118.97504942257441 25.231473519173665, 118.96588850135714 25.231473519173665))"
155,39.11178038469605,118.5328569230769,1,"POLYGON ((118.52619792357937 39.10498416085946, 118.52619792357937 39.118576608532635, 118.53951592257447 39.118576608532635, 118.53951592257447 39.10498416085946, 118.52619792357937 39.10498416085946))"
156,30.55762441732382,121.02374223999999,1,"POLYGON ((121.0156824235794 30.551107038800627, 121.0156824235794 30.564141795847014, 121.03180205642057 30.564141795847014, 121.03180205642057 30.551107038800627, 121.0156824235794 30.551107038800627))"
157,38.99973110347755,118.455088125,1,"POLYGON ((118.45036042357941 38.98979922242985, 118.45036042357941 39.00966298452526, 118.45981582642061 39.00966298452526, 118.45981582642061 38.98979922242985, 118.45036042357941 38.98979922242985))"
158,21.945302963960785,113.22954848057343,2,"POLYGON ((113.22587025691274 21.93920502678597, 113.2241143136893 21.942821479650274, 113.2241143136893 21.95138564167162, 113.23336466872829 21.95138564167162, 113.2349717798104 21.947648571432985, 113.2349717798104 21.93920502678597, 113.22587025691274 21.93920502678597))"
159,22.99143930892217,116.53707547222221,1,"POLYGON ((116.5323069235794 22.98721390386038, 116.5323069235794 22.99566471398397, 116.54184402086504 22.99566471398397, 116.54184402086504 22.98721390386038, 116.5323069235794 22.98721390386038))"
160,23.008373097955165,113.53145075294118,1,"POLYGON ((113.52619612946175 23.0029756365865, 113.52619612946175 23.013770559323827, 113.53670537642058 23.013770559323827, 113.53670537642058 23.0029756365865, 113.52619612946175 23.0029756365865))"
161,23.01736371082688,113.52680964061896,2,"POLYGON ((113.52205252357939 23.010279360379805, 113.52094574916079 23.01515400978125, 113.52094574916079 23.02447641255848, 113.53043035823877 23.02447641255848, 113.5326617986428 23.022046855647684, 113.5326617986428 23.010279360379805, 113.52205252357939 23.010279360379805))"
162,22.741836397736957,113.6662722730612,2,"POLYGON ((113.66436138654235 22.73504880684017, 113.65898665330914 22.738054135998507, 113.65898665330914 22.748504082104077, 113.67076037007138 22.748504082104077, 113.67355844308724 22.743506062413683, 113.67355844308724 22.73504880684017, 113.66436138654235 22.73504880684017))"
163,21.070405188427046,110.48814483880986,2,"POLYGON ((110.49421124308725 21.061147384741663, 110.48109863358344 21.06423117468379, 110.47516504864765 21.074009882100363, 110.48664380236727 21.077807045742148, 110.49769862403964 21.077807045742148, 110.49769862403964 21.06886418828725, 110.49421124308725 21.061147384741663))"
164,21.691741309076328,111.82125051883912,4,"POLYGON ((111.81785996903395 21.681924766783272, 111.81470567812485 21.69125224996963, 111.81470567812485 21.701673198599085, 111.82429965975392 21.701673198599085, 111.82786982642058 21.692336097970923, 111.82786982642058 21.681924766783272, 111.81785996903395 21.681924766783272))"
165,30.585320161439807,121.08520303975045,1,"POLYGON ((121.07997865994302 30.581242567481087, 121.07997865994302 30.58939775539853, 121.09042741955784 30.58939775539853, 121.09042741955784 30.581242567481087, 121.07997865994302 30.581242567481087))"
166,21.138588497873183,110.39759844280542,2,"POLYGON ((110.38890474616005 21.12988534203872, 110.38890474616005 21.141775031266384, 110.39399132357941 21.147268989254176, 110.40632232642061 21.147268989254176, 110.40632232642061 21.135593532414216, 110.40121477642057 21.12988534203872, 110.38890474616005 21.12988534203872))"
167,21.24106673387637,110.4198048519936,1,"POLYGON ((110.41490256393027 21.23645595627113, 110.41490256393027 21.2456775114816, 110.42470714005695 21.2456775114816, 110.42470714005695 21.23645595627113, 110.41490256393027 21.23645595627113))"
168,32.196950109972846,119.87992092009912,1,"POLYGON ((119.8752241409707 32.19222692571044, 119.8752241409707 32.20167329423524, 119.8846176992276 32.20167329423524, 119.8846176992276 32.19222692571044, 119.8752241409707 32.19222692571044))"
169,23.054242531753058,113.50546060531053,3,"POLYGON ((113.50375222357941 23.044693364038583, 113.4963527985794 23.054664897516545, 113.4963527985794 23.063699127657607, 113.50634533317736 23.063699127657607, 113.51082292880155 23.0593518548943, 113.5142910915721 23.05536323359736, 113.5142910915721 23.044693364038583, 113.50375222357941 23.044693364038583))"
170,24.446427273091327,117.99571408001692,1,"POLYGON ((117.98510103375271 24.435675222617608, 117.99449675382819 24.453321876359883, 118.0035429514206 24.453321876359883, 118.0035429514206 24.446455774482015, 117.98510103375271 24.435675222617608))"
171,31.355852448945356,121.50909569485681,4,"POLYGON ((121.5140535485794 31.3484141842008, 121.49815738276308 31.35224577950366, 121.49521292862991 31.3553027712989, 121.49521292862991 31.363302324541298, 121.50445121744625 31.363302324541298, 121.51679400499204 31.360524678266383, 121.52320811808724 31.356307334516785, 121.52320811808724 31.3484141842008, 121.5140535485794 31.3484141842008))"
172,36.87761901016821,122.43046410873721,4,"POLYGON ((122.43726189803272 36.86114096361322, 122.43073186868331 36.861409716674494, 122.41249527231516 36.87834443254713, 122.41308179542071 36.88340664469954, 122.43424917967698 36.891281747001024, 122.44337052086505 36.891281747001024, 122.44362490975392 36.888161486422206, 122.44362490975392 36.88050654465997, 122.44284535419837 36.87536283045, 122.43726189803272 36.86114096361322))"
173,34.31047110066248,120.26906369718657,2,"POLYGON ((120.26890894883194 34.30437433705126, 120.26007711923157 34.30710686885263, 120.26007711923157 34.31637217551383, 120.27384257642063 34.31637217551383, 120.27803609070631 34.3118773979531, 120.27803609070631 34.30437433705126, 120.26890894883194 34.30437433705126))"
174,37.71706298722941,121.115986084892,2,"POLYGON ((121.10398142357941 37.71092001779235, 121.10398142357941 37.72103058439927, 121.1177309235794 37.723982442819576, 121.12704729070629 37.723982442819576, 121.12704729070629 37.715874605387555, 121.1267350014206 37.71092001779235, 121.10398142357941 37.71092001779235))"
175,31.368605574855327,121.64284237556835,2,"POLYGON ((121.63759042357941 31.362801104419127, 121.6353172013572 31.365808599683326, 121.6353172013572 31.37457857147669, 121.64492439995001 31.37457857147669, 121.65049713197615 31.372429325856313, 121.65049713197615 31.362801104419127, 121.63759042357941 31.362801104419127))"
176,37.713572744877204,121.07233275825892,1,"POLYGON ((121.05952684386925 37.70975817847643, 121.05952684386925 37.71732100473236, 121.08521463524413 37.71732100473236, 121.08521463524413 37.70989118488728, 121.05952684386925 37.70975817847643))"
177,23.046691197586767,113.5184018597689,1,"POLYGON ((113.51343348240292 23.04194130189792, 113.51343348240292 23.051441093275606, 113.52337023713488 23.051441093275606, 113.52337023713488 23.04194130189792, 113.51343348240292 23.04194130189792))"
178,39.02214043240082,121.74489095404557,2,"POLYGON ((121.73906842357941 39.015369803251, 121.73906842357941 39.027437120385414, 121.74002566995622 39.02907614575743, 121.7491793764206 39.02907614575743, 121.75074502925081 39.027437120385414, 121.75074502925081 39.015369803251, 121.73906842357941 39.015369803251))"
179,23.092163766323637,113.45484090039682,1,"POLYGON ((113.44897660215084 23.087724904186214, 113.44897660215084 23.096602628461056, 113.46070519864281 23.096602628461056, 113.46070519864281 23.087724904186214, 113.44897660215084 23.087724904186214))"
180,21.06331017916939,110.4603208352273,1,"POLYGON ((110.45549196903396 21.059013740564087, 110.45549196903396 21.067606617774693, 110.46514970142061 21.067606617774693, 110.46514970142061 21.059013740564087, 110.45549196903396 21.059013740564087))"
181,31.325665254178475,121.55730990747126,5,"POLYGON ((121.5508112985794 31.317128876557348, 121.54953440274606 31.320587883103318, 121.54953440274606 31.332091825237395, 121.55384042357942 31.334335187314718, 121.56349141642059 31.334335187314718, 121.56531503795908 31.327756660593103, 121.56531503795908 31.319137043278133, 121.55991209254961 31.317128876557348, 121.5508112985794 31.317128876557348))"
182,30.16207580889559,121.99450852499999,1,"POLYGON ((121.98892492357938 30.157723454115136, 121.98892492357938 30.16642816367605, 122.00009212642058 30.16642816367605, 122.00009212642058 30.157723454115136, 121.98892492357938 30.157723454115136))"
183,38.96001393975597,117.7267183442029,1,"POLYGON ((117.72174494531853 38.95623689731159, 117.72174494531853 38.963790982200344, 117.73169174308727 38.963790982200344, 117.73169174308727 38.95623689731159, 117.72174494531853 38.95623689731159))"
184,32.06133856269109,121.69295582608694,1,"POLYGON ((121.6879764235794 32.057335969061114, 121.6879764235794 32.06534115632106, 121.69793522859452 32.06534115632106, 121.69793522859452 32.057335969061114, 121.6879764235794 32.057335969061114))"
185,24.415183694280323,118.0399927008009,1,"POLYGON ((118.03458960778991 24.411010162560917, 118.03458960778991 24.419357225999725, 118.04539579381189 24.419357225999725, 118.04539579381189 24.411010162560917, 118.03458960778991 24.411010162560917))"
186,25.145567120147685,119.02230228285714,1,"POLYGON ((119.01764870929368 25.14084594557947, 119.01764870929368 25.15028829471589, 119.02695585642057 25.15028829471589, 119.02695585642057 25.14084594557947, 119.01764870929368 25.14084594557947))"
187,26.030401023347498,119.49994915174487,1,"POLYGON ((119.49388756643656 26.024274695569527, 119.49388756643656 26.03589217067853, 119.50616973549481 26.03589217067853, 119.50635902077656 26.025632098164674, 119.49388756643656 26.024274695569527))"
188,22.77140037861316,115.59897508333334,1,"POLYGON ((115.59421275691275 22.766931148473116, 115.59421275691275 22.7758696087532, 115.60373740975392 22.7758696087532, 115.60373740975392 22.766931148473116, 115.59421275691275 22.766931148473116))"
189,19.8047505428375,109.16569146668428,1,"POLYGON ((109.15852001617198 19.798554979863276, 109.15852001617198 19.80746064813246, 109.1754270864617 19.81245065041338, 109.1682553250154 19.798554979863276, 109.15852001617198 19.798554979863276))"
190,21.5563857625939,108.37236771111111,1,"POLYGON ((108.36755929024608 21.55145529859326, 108.36755929024608 21.561316226594542, 108.37717613197616 21.561316226594542, 108.37717613197616 21.55145529859326, 108.36755929024608 21.55145529859326))"
191,19.553174948453716,110.82940764965416,1,"POLYGON ((110.82432494738892 19.547002657997545, 110.82432494738892 19.558312235621884, 110.83574925475945 19.558312235621884, 110.83363141638995 19.54832798343722, 110.82432494738892 19.547002657997545))"
192,32.006193698966094,120.67905222809044,2,"POLYGON ((120.67063311065425 32.001526369699086, 120.67063311065425 32.009922339712354, 120.67616395299117 32.01087790000637, 120.68745957642061 32.01087790000637, 120.68745957642061 32.002604232126586, 120.68306243356346 32.001526369699086, 120.67063311065425 32.001526369699086))"
193,21.56524709582563,108.3759434090909,1,"POLYGON ((108.3687894235794 21.55438991644552, 108.3687894235794 21.576104275205733, 108.38309739460242 21.576104275205733, 108.38309739460242 21.55438991644552, 108.3687894235794 21.55438991644552))"
194,32.088771942601035,119.92966409337839,4,"POLYGON ((119.9252630235794 32.07970467115882, 119.9228369435794 32.08656064663895, 119.9228369435794 32.094493777005816, 119.92330000599699 32.098110681909326, 119.93366940975392 32.098110681909326, 119.93496822642058 32.094489612928044, 119.93668320142059 32.08899405049689, 119.93668320142059 32.07970467115882, 119.9252630235794 32.07970467115882))"
195,32.30634584324847,119.83312265833332,1,"POLYGON ((119.82742134024605 32.30120357181936, 119.82742134024605 32.31148811467759, 119.8388239764206 32.31148811467759, 119.8388239764206 32.30120357181936, 119.82742134024605 32.30120357181936))"
196,32.327483344976315,119.74537362523567,2,"POLYGON ((119.73381789024604 32.32134766593207, 119.73381789024604 32.32949397946466, 119.73623055401418 32.32993489164163, 119.7648093728515 32.33415612781183, 119.76488489167103 32.333991496644096, 119.7436009881853 32.32134766593207, 119.73381789024604 32.32134766593207))"
197,30.245132936156956,122.28126351151475,2,"POLYGON ((122.27289603422366 30.239721264577437, 122.27289603422366 30.24751885008562, 122.2805874235794 30.250545038274993, 122.28962724308728 30.250545038274993, 122.28962724308728 30.242726206191904, 122.28189903795904 30.239721264577437, 122.27289603422366 30.239721264577437))"
198,28.270326657006166,121.57061461144376,1,"POLYGON ((121.5661088680238 28.26635933205826, 121.5661088680238 28.274293981954067, 121.57512035486373 28.274293981954067, 121.57512035486373 28.26635933205826, 121.5661088680238 28.26635933205826))"
199,26.772078188335264,119.72205200060606,1,"POLYGON ((119.71653130357942 26.765180223391805, 119.71653130357942 26.77897615327873, 119.72757269763271 26.77897615327873, 119.72757269763271 26.765180223391805, 119.71653130357942 26.765180223391805))"
200,26.614565031390548,119.73004240322581,1,"POLYGON ((119.72466923003103 26.6103282980475, 119.72466923003103 26.6188017647336, 119.73541557642059 26.6188017647336, 119.73541557642059 26.6103282980475, 119.72466923003103 26.6103282980475))"
201,37.45152325007023,122.19533256562762,2,"POLYGON ((122.1843610173294 37.44526406731847, 122.1843610173294 37.457510518873704, 122.20341234112648 37.457510518873704, 122.20698882778674 37.457273966048895, 122.20698882778674 37.45009746164389, 122.20341234112648 37.44526406731847, 122.1843610173294 37.44526406731847))"
202,24.718552726907777,118.74042905968278,2,"POLYGON ((118.73663102357936 24.713502208706707, 118.73466160539759 24.715027425366163, 118.73466160539759 24.723632541677038, 118.74399857642058 24.723632541677038, 118.74622871927772 24.721936398565592, 118.74622871927772 24.713502208706707, 118.73663102357936 24.713502208706707))"
203,31.473160952231943,121.42728160970775,3,"POLYGON ((121.42325737913492 31.466030989227583, 121.41662273003102 31.46787142818017, 121.41662273003102 31.475661447837336, 121.41815965274606 31.480661835403286, 121.43092232642059 31.480661835403286, 121.43799141852583 31.47732492755256, 121.43799141852583 31.466030989227583, 121.42325737913492 31.466030989227583))"
204,38.962824834179045,117.73884722999999,1,"POLYGON ((117.73354638357941 38.959057206613885, 117.73354638357941 38.96659246174421, 117.7441480764206 38.96659246174421, 117.7441480764206 38.959057206613885, 117.73354638357941 38.959057206613885))"
205,26.720414835267285,119.6594846138889,1,"POLYGON ((119.65486987357941 26.715062639743003, 119.65486987357941 26.72576703079158, 119.66409935419838 26.72576703079158, 119.66409935419838 26.715062639743003, 119.65486987357941 26.715062639743003))"
206,26.728670147710623,119.65708463244516,1,"POLYGON ((119.65198073392425 26.72316305924245, 119.65198073392425 26.734177236178798, 119.66218853096606 26.734177236178798, 119.66218853096606 26.72316305924245, 119.65198073392425 26.72316305924245))"
207,31.37824564002205,121.62543420986341,4,"POLYGON ((121.62120796204093 31.37248947413158, 121.6174664235794 31.375114559294346, 121.6174664235794 31.383331147552482, 121.6214774235794 31.383997770338993, 121.63081590975393 31.383997770338993, 121.63319907642061 31.381168544923565, 121.63319907642061 31.37248947413158, 121.62120796204093 31.37248947413158))"
208,31.28514125937587,121.75138729720429,6,"POLYGON ((121.75008167357937 31.274258413004308, 121.74553997913496 31.280057621261655, 121.74117313786508 31.28711068616109, 121.74117313786508 31.29530553645335, 121.7509473764206 31.29530553645335, 121.7559073036933 31.292668607460488, 121.75971317642058 31.28995435433489, 121.76062374308727 31.28457773988489, 121.76062374308727 31.276310121506956, 121.7594234514206 31.274258413004308, 121.75008167357937 31.274258413004308))"
209,19.288869906470666,110.64384392105262,1,"POLYGON ((110.63929476568464 19.284408681181432, 110.63929476568464 19.2933311317599, 110.64839307642058 19.2933311317599, 110.64839307642058 19.284408681181432, 110.63929476568464 19.284408681181432))"
210,31.524532869333257,121.5984802105263,1,"POLYGON ((121.592828844632 31.520011533246453, 121.592828844632 31.529054205420067, 121.60413157642061 31.529054205420067, 121.60413157642061 31.520011533246453, 121.592828844632 31.520011533246453))"
211,24.885914993380688,118.68475004285226,2,"POLYGON ((118.68212685215083 24.879544274177928, 118.67837996411997 24.883457209307487, 118.67837996411997 24.89224940753066, 118.6879827764206 24.89224940753066, 118.69112212187513 24.887739195970177, 118.69112212187513 24.879544274177928, 118.68212685215083 24.879544274177928))"
212,22.737425230689734,114.62919713441384,3,"POLYGON ((114.62363431246828 22.731762110773328, 114.62268265572226 22.73416722761859, 114.62268265572226 22.74319342562958, 114.63195457642058 22.74319342562958, 114.6360189097539 22.74117079984705, 114.6360189097539 22.732700902372002, 114.63308624308728 22.731762110773328, 114.62363431246828 22.731762110773328))"
213,26.695794858152713,119.81868928787878,1,"POLYGON ((119.81357809024605 26.6911805141886, 119.81357809024605 26.700409202116827, 119.82380048551154 26.700409202116827, 119.82380048551154 26.6911805141886, 119.81357809024605 26.6911805141886))"
214,31.991994910151877,119.97972363010753,1,"POLYGON ((119.97382449024607 31.986658290843113, 119.97382449024607 31.99733152946064, 119.98562276996898 31.99733152946064, 119.98562276996898 31.986658290843113, 119.97382449024607 31.986658290843113))"
215,31.96863909859819,120.39489956577862,3,"POLYGON ((120.38560442357937 31.96466399518152, 120.38560442357937 31.972491398708225, 120.38771201053594 31.97259049011746, 120.39734155856345 31.97259049011746, 120.4042362687283 31.972578290623844, 120.4042362687283 31.964789925219925, 120.39484347497132 31.96466399518152, 120.38560442357937 31.96466399518152))"
216,38.98124207817256,118.46851789999998,1,"POLYGON ((118.4637584235794 38.96928332436432, 118.4637584235794 38.9932008319808, 118.4732773764206 38.9932008319808, 118.4732773764206 38.96928332436432, 118.4637584235794 38.96928332436432))"
217,30.630906852276883,121.1611554227822,5,"POLYGON ((121.15023754857941 30.621466550022753, 121.15023754857941 30.629221817349656, 121.15523327357941 30.63492660969388, 121.15876596204092 30.63797885627965, 121.16339903469051 30.639880866081604, 121.17245882032303 30.639880866081604, 121.17245882032303 30.632098381204564, 121.1692628350413 30.62931203059364, 121.1592391723802 30.621466550022753, 121.15023754857941 30.621466550022753))"
218,29.981916391627227,121.74005186444802,1,"POLYGON ((121.73420424176118 29.977944938182024, 121.73420424176118 29.985887845072426, 121.74589948713488 29.985887845072426, 121.74589948713488 29.977944938182024, 121.73420424176118 29.977944938182024))"
219,31.72355441612611,121.13357237499997,1,"POLYGON ((121.12886842357938 31.719609403618513, 121.12886842357938 31.7274994286337, 121.13827632642058 31.7274994286337, 121.13827632642058 31.719609403618513, 121.12886842357938 31.719609403618513))"
220,31.70887432755886,121.15198118749998,1,"POLYGON ((121.14733354857941 31.704295522556762, 121.14733354857941 31.713453132560947, 121.15662882642059 31.713453132560947, 121.15662882642059 31.704295522556762, 121.14733354857941 31.704295522556762))"
221,39.50534353922069,121.40101976650944,1,"POLYGON ((121.39650170659827 39.50187584086379, 121.39650170659827 39.50881123757758, 121.40553782642058 39.50881123757758, 121.40553782642058 39.50187584086379, 121.39650170659827 39.50187584086379))"
222,40.33182758944191,122.1332552588235,1,"POLYGON ((122.12508682357937 40.32650927544061, 122.12508682357937 40.33714590344321, 122.14142369406763 40.33714590344321, 122.14142369406763 40.32650927544061, 122.12508682357937 40.32650927544061))"
223,22.6712911150105,113.66047933353619,3,"POLYGON ((113.6591400485794 22.66617466243435, 113.65605502357938 22.666634193064105, 113.65167028072224 22.6675533480274, 113.65167028072224 22.676408854858668, 113.66317273226474 22.676408854858668, 113.66677137642061 22.675564981200683, 113.6693233946024 22.674616230458884, 113.6693233946024 22.66617466243435, 113.6591400485794 22.66617466243435))"
224,32.13610364281206,119.90694150694641,6,"POLYGON ((119.90086517357939 32.12695095624811, 119.8971896735794 32.129540897560986, 119.89560269024608 32.13396158188562, 119.89560269024608 32.143465222061536, 119.90936424897623 32.144018199437006, 119.91887185526676 32.144018199437006, 119.91887185526676 32.13451802816571, 119.91147071927774 32.12695095624811, 119.90086517357939 32.12695095624811))"
225,22.86071183298981,113.57514952205881,1,"POLYGON ((113.57001617357939 22.856464430764245, 113.57001617357939 22.86495923521537, 113.58028287053824 22.86495923521537, 113.58028287053824 22.856464430764245, 113.57001617357939 22.856464430764245))"
226,22.874531570191365,113.57268913619437,2,"POLYGON ((113.5677199235794 22.866916604889642, 113.5677199235794 22.875927554134275, 113.56828350791675 22.882105241352825, 113.5776787364206 22.882105241352825, 113.5776787364206 22.871612381996332, 113.57678302167608 22.866916604889642, 113.5677199235794 22.866916604889642))"
227,22.97718764724582,113.5441694072784,3,"POLYGON ((113.54149269944148 22.966824696541924, 113.53924248072224 22.970803230539357, 113.53701856643653 22.978177893520613, 113.53701856643653 22.98764095965414, 113.54653875121733 22.98764095965414, 113.54965430010479 22.98221284009126, 113.55135886429939 22.97614900102721, 113.55135886429939 22.966824696541924, 113.54149269944148 22.966824696541924))"
228,22.74666753834819,115.03544635225093,1,"POLYGON ((115.03042557635719 22.74173767619873, 115.03042557635719 22.751597400497666, 115.04046712814471 22.751597400497666, 115.04046712814471 22.74173767619873, 115.03042557635719 22.74173767619873))"
229,21.952790357836086,113.21004663500001,1,"POLYGON ((113.2051871735794 21.948245025737307, 113.2051871735794 21.95733568993486, 113.2149060964206 21.95733568993486, 113.2149060964206 21.948245025737307, 113.2051871735794 21.948245025737307))"
230,19.768399093675228,109.15801978033512,2,"POLYGON ((109.15511847913496 19.762310535474654, 109.15074192357942 19.765625293275242, 109.15074192357942 19.77414579713436, 109.15992270583237 19.77414579713436, 109.16487753560426 19.773597827905046, 109.16487753560426 19.762310535474654, 109.15511847913496 19.762310535474654))"
231,32.00364874044164,120.5389084759258,3,"POLYGON ((120.53929950566896 31.998194264606646, 120.52894085215084 31.999665135233304, 120.52894085215084 32.00922447459212, 120.53882245877352 32.00922447459212, 120.5422594964206 32.00900629777526, 120.54918562187514 32.00635855196666, 120.54918562187514 31.998194264606646, 120.53929950566896 31.998194264606646))"
232,28.095552547381505,121.13446766918904,1,"POLYGON ((121.1298879090163 28.091528914280406, 121.1298879090163 28.099576180482607, 121.13904742936175 28.099576180482607, 121.13904742936175 28.091528914280406, 121.1298879090163 28.091528914280406))"
233,39.01566548236247,121.69978663286102,2,"POLYGON ((121.69530760004999 39.00964434238858, 121.6941741664365 39.01385155909434, 121.6941741664365 39.02149137894395, 121.70524051231804 39.02149137894395, 121.70524051231804 39.01385155909434, 121.70505668308725 39.00964434238858, 121.69530760004999 39.00964434238858))"
234,27.978342371548372,120.91498109703876,2,"POLYGON ((120.9109438886957 27.973377266971998, 120.9074775378651 27.97481870179695, 120.9074775378651 27.983272790842914, 120.91842424914785 27.983272790842914, 120.9224247392113 27.98233773541933, 120.9224247392113 27.973377266971998, 120.9109438886957 27.973377266971998))"
235,24.81786430484388,118.71810738281248,1,"POLYGON ((118.71244318920436 24.813693790544, 118.71244318920436 24.822034819143763, 118.7237715764206 24.822034819143763, 118.7237715764206 24.813693790544, 118.71244318920436 24.813693790544))"
236,25.216030728115324,118.98484454242286,3,"POLYGON ((118.98393356643656 25.20812657261401, 118.97832672590499 25.212229421061515, 118.97551163896404 25.215614476178942, 118.97551163896404 25.22415894560017, 118.985006023789 25.22415894560017, 118.98850677045044 25.22154495993121, 118.9943378395785 25.217113882015592, 118.9943378395785 25.20812657261401, 118.98393356643656 25.20812657261401))"
237,24.532066002085102,118.22642049545455,1,"POLYGON ((118.22099501448848 24.527602053693492, 118.22099501448848 24.536529950476716, 118.23184597642062 24.536529950476716, 118.23184597642062 24.527602053693492, 118.22099501448848 24.527602053693492))"
238,25.103752754011712,119.0668454315463,1,"POLYGON ((119.06107245060642 25.098898943813502, 119.06107245060642 25.108606564209907, 119.07261841248615 25.108606564209907, 119.07261841248615 25.098898943813502, 119.06107245060642 25.098898943813502))"
239,25.217821914176177,119.02980246261859,1,"POLYGON ((119.02528084293421 25.213692134811645, 119.02528084293421 25.22195169354071, 119.03432408230296 25.22195169354071, 119.03432408230296 25.213692134811645, 119.02528084293421 25.213692134811645))"
240,24.634564831806106,118.68029246511627,1,"POLYGON ((118.67571842357941 24.629867138451935, 118.67571842357941 24.639262525160284, 118.68486650665315 24.639262525160284, 118.68486650665315 24.629867138451935, 118.67571842357941 24.629867138451935))"
241,36.79679811689995,121.49620544494721,1,"POLYGON ((121.48984937229734 36.79260885790994, 121.48984937229734 36.80098737588997, 121.50256151759706 36.80098737588997, 121.50256151759706 36.79260885790994, 121.48984937229734 36.79260885790994))"
242,26.685033086448325,119.8155146558519,3,"POLYGON ((119.81350167357938 26.67990491720264, 119.80819842357938 26.680567240517107, 119.80507122357939 26.681681446406202, 119.80507122357939 26.69019946166101, 119.81452724308728 26.69019946166101, 119.8259253264206 26.68911134997222, 119.8259253264206 26.67990491720264, 119.81350167357938 26.67990491720264))"
243,32.01356372966681,119.98563688794364,2,"POLYGON ((119.98157350201079 32.007983991851155, 119.97957678072225 32.011425266719606, 119.97957678072225 32.01914085661507, 119.9887464514206 32.01914085661507, 119.99165357642059 32.01701350385452, 119.99165357642059 32.007983991851155, 119.98157350201079 32.007983991851155))"
244,31.951446360673838,120.11247018804669,2,"POLYGON ((120.11135983534408 31.945768005023325, 120.1032216735794 31.947864397540332, 120.1032216735794 31.957069934215678, 120.11455510023009 31.957069934215678, 120.12167307642056 31.95497210458683, 120.12167307642056 31.945768005023325, 120.11135983534408 31.945768005023325))"
245,32.056024698693584,120.55032920270271,1,"POLYGON ((120.54560980195778 32.052076225327475, 120.54560980195778 32.05997317205967, 120.55504860344763 32.05997317205967, 120.55504860344763 32.052076225327475, 120.54560980195778 32.052076225327475))"
246,22.776686612183248,113.62973011970597,2,"POLYGON ((113.6221029235794 22.76962492187039, 113.6221029235794 22.77830511817522, 113.62823467357939 22.783786424026808, 113.63736713197615 22.783786424026808, 113.63736713197615 22.7754531431777, 113.63170335419838 22.76962492187039, 113.6221029235794 22.76962492187039))"
247,22.231246065731387,113.08498991888071,1,"POLYGON ((113.08048045806215 22.227056949972734, 113.08048045806215 22.23543518149004, 113.08949937969929 22.23543518149004, 113.08949937969929 22.227056949972734, 113.08048045806215 22.227056949972734))"
248,31.361388382725934,121.65968281677542,3,"POLYGON ((121.6542971735794 31.355305215276154, 121.65204172357942 31.357457258948674, 121.65204172357942 31.367034939922483, 121.65751175691273 31.367106709721295, 121.66747057642058 31.367106709721295, 121.66747057642058 31.3591731944984, 121.6651719514206 31.355305215276154, 121.6542971735794 31.355305215276154))"
249,30.08565537091727,121.95172432200759,3,"POLYGON ((121.94459845806217 30.07952294926144, 121.94459845806217 30.088253619312862, 121.94714309024604 30.09112881881436, 121.94925042357941 30.091719545596945, 121.95891497642057 30.091719545596945, 121.95891497642057 30.082776905693972, 121.95467774784913 30.07952294926144, 121.94459845806217 30.07952294926144))"
250,29.894363484558692,122.08130634643733,1,"POLYGON ((122.07457020736318 29.889733320719536, 122.07457020736318 29.898993648397855, 122.0880424855115 29.898993648397855, 122.0880424855115 29.889733320719536, 122.07457020736318 29.889733320719536))"
251,30.417945183575394,122.4512343512605,1,"POLYGON ((122.44420753786511 30.411618722557492, 122.44420753786511 30.424271644593293, 122.4582611646559 30.424271644593293, 122.4582611646559 30.411618722557492, 122.44420753786511 30.411618722557492))"
252,32.192950256466354,119.63712130665101,2,"POLYGON ((119.62917014580162 32.18805808376844, 119.62917014580162 32.196922949186124, 119.63562718828527 32.19786036457638, 119.64510981451582 32.19786036457638, 119.64510981451582 32.189966448433395, 119.64202848551149 32.18805808376844, 119.62917014580162 32.18805808376844))"
253,32.188293692904345,119.90532067523226,2,"POLYGON ((119.90082687185526 32.18320646388882, 119.90055741208515 32.18567577432203, 119.90055741208515 32.193389402326346, 119.9097105347539 32.193389402326346, 119.91009204757444 32.19119000495164, 119.91009204757444 32.18320646388882, 119.90082687185526 32.18320646388882))"
254,32.18537648208333,119.58648225339361,4,"POLYGON ((119.57902057612176 32.18136983276803, 119.57570104938586 32.18154687512521, 119.57570104938586 32.189321825782024, 119.5849178264206 32.189321825782024, 119.5973384806759 32.18930936290737, 119.5973384806759 32.181615086028984, 119.58815666732968 32.18136983276803, 119.57902057612176 32.18136983276803))"
255,29.93228854409264,121.88461444679272,3,"POLYGON ((121.87497496903394 29.92622515406996, 121.87497496903394 29.93553783630443, 121.88061527652057 29.939061519884596, 121.8912452014206 29.939061519884596, 121.89410764784917 29.93450523086439, 121.89410764784917 29.926381561972878, 121.8882337639206 29.92622515406996, 121.87497496903394 29.92622515406996))"
256,32.20665101668469,119.6662470392143,4,"POLYGON ((119.65678394256673 32.19829631757814, 119.65678394256673 32.20592834085216, 119.66606901350747 32.21549120282514, 119.67515956343357 32.21549120282514, 119.67515956343357 32.20768529211345, 119.67158940810376 32.20143051982723, 119.66913061723692 32.199937710512735, 119.66577857642058 32.19829631757814, 119.65678394256673 32.19829631757814))"
257,32.200458239288935,119.63277334147851,1,"POLYGON ((119.62740289898925 32.19637286659902, 119.62740289898925 32.204543611978856, 119.63814378396775 32.204543611978856, 119.63814378396775 32.19637286659902, 119.62740289898925 32.19637286659902))"
258,38.96508522517462,117.80202979192546,1,"POLYGON ((117.79734613786508 38.96153081942059, 117.79734613786508 38.96863963092866, 117.8067134459858 38.96863963092866, 117.8067134459858 38.96153081942059, 117.79734613786508 38.96153081942059))"
259,40.7456169744534,120.97263949125595,1,"POLYGON ((120.96578428844425 40.741217576664276, 120.96578428844425 40.75001637224253, 120.97949469406765 40.75001637224253, 120.97949469406765 40.741217576664276, 120.96578428844425 40.741217576664276))"
260,31.354932074978414,121.6162702758019,2,"POLYGON ((121.61142285215084 31.35009650281506, 121.61142285215084 31.35817028859827, 121.61177695817061 31.359800007829655, 121.62101820142061 31.359800007829655, 121.62109502086504 31.35817028859827, 121.62109502086504 31.35009650281506, 121.61142285215084 31.35009650281506))"
261,25.61816971420107,119.7019879409224,2,"POLYGON ((119.6986350235794 25.613265041424242, 119.69600871903396 25.614605413774587, 119.69600871903396 25.62304998272363, 119.70518459662262 25.62304998272363, 119.70793523988215 25.622020772157562, 119.70793523988215 25.613265041424242, 119.6986350235794 25.613265041424242))"
262,22.926011195088478,116.23968126415095,1,"POLYGON ((116.2341854235794 22.921148944739922, 116.2341854235794 22.930873445437037, 116.2451771047225 22.930873445437037, 116.2451771047225 22.921148944739922, 116.2341854235794 22.921148944739922))"
263,31.759353879908133,121.00201701624924,1,"POLYGON ((120.99686423127172 31.75534319504453, 120.99686423127172 31.76336456477174, 121.0071698012268 31.76336456477174, 121.0071698012268 31.75534319504453, 120.99686423127172 31.75534319504453))"
264,30.84187606914151,121.79683236666666,1,"POLYGON ((121.7907350235794 30.83773950918887, 121.7907350235794 30.84601262909414, 121.80292970975394 30.84601262909414, 121.80292970975394 30.83773950918887, 121.7907350235794 30.83773950918887))"
265,25.34518673279729,119.63901221192683,2,"POLYGON ((119.63557035691274 25.340587798022842, 119.63224753469052 25.341632819199187, 119.63224753469052 25.349755572213493, 119.64131057642058 25.349755572213493, 119.6457248764206 25.3491842997193, 119.6457248764206 25.340587798022842, 119.63557035691274 25.340587798022842))"
266,31.338601850873257,121.70871392249026,3,"POLYGON ((121.70925987812484 31.3314298250032, 121.69820000691274 31.3356026617845, 121.69820000691274 31.343318180047714, 121.70406418828527 31.345472092217555, 121.7149315764206 31.345472092217555, 121.71838607642057 31.339200802472522, 121.71838607642057 31.3314298250032, 121.70925987812484 31.3314298250032))"
267,34.735794716271464,119.47938546024007,1,"POLYGON ((119.47327079567242 34.731614287199754, 119.47327079567242 34.73997514534317, 119.48550012480767 34.73997514534317, 119.48550012480767 34.731614287199754, 119.47327079567242 34.731614287199754))"
268,29.11369783432267,121.60707954358973,1,"POLYGON ((121.60186657742557 29.10940881888266, 121.60186657742557 29.117986849762683, 121.61229250975393 29.117986849762683, 121.61229250975393 29.10940881888266, 121.60186657742557 29.10940881888266))"
269,29.948993301699296,121.82790099344881,1,"POLYGON ((121.820858772977 29.944037277684686, 121.820858772977 29.953949325713907, 121.83494321392058 29.953949325713907, 121.83494321392058 29.944037277684686, 121.820858772977 29.944037277684686))"
270,29.49615713012278,121.50604789557627,5,"POLYGON ((121.4968001085109 29.488557126575902, 121.4968001085109 29.49683137010478, 121.49721542357938 29.5036932020041, 121.50631482642058 29.5036932020041, 121.51705887979136 29.500496744445762, 121.51705887979136 29.492561741442653, 121.50682426392058 29.488557126575902, 121.4968001085109 29.488557126575902))"
271,37.64955738832134,120.30293056265869,2,"POLYGON ((120.29857988786512 37.64266201300223, 120.29801571769706 37.64519266676597, 120.29801571769706 37.656456369681884, 120.30755602086502 37.656456369681884, 120.30786260799952 37.65032112777243, 120.30786260799952 37.64266201300223, 120.29857988786512 37.64266201300223))"
272,39.012610479632784,121.7500855497573,2,"POLYGON ((121.74471349334682 39.00790343375765, 121.74471349334682 39.015865518393355, 121.74583034249832 39.017301804398244, 121.75548267898469 39.017301804398244, 121.75548267898469 39.010005266586695, 121.75449125823876 39.00790343375765, 121.74471349334682 39.00790343375765))"
273,29.99763204929239,122.04341646185065,1,"POLYGON ((122.03842977585214 29.993558718777535, 122.03842977585214 30.001705379807245, 122.04840314784919 30.001705379807245, 122.04840314784919 29.993558718777535, 122.03842977585214 29.993558718777535))"
274,29.970654852116827,121.873821625,1,"POLYGON ((121.8688404235794 29.96640632543352, 121.8688404235794 29.97490337880013, 121.8788028264206 29.97490337880013, 121.8788028264206 29.96640632543352, 121.8688404235794 29.96640632543352))"
275,30.37566438243219,120.9122216,1,"POLYGON ((120.90747862357941 30.371424897665182, 120.90747862357941 30.379903867199197, 120.9169645764206 30.379903867199197, 120.9169645764206 30.371424897665182, 120.90747862357941 30.371424897665182))"
276,30.4130856035543,122.41262073076925,1,"POLYGON ((122.40736403896403 30.40891238439261, 122.40736403896403 30.41725882271599, 122.41787742257445 30.41725882271599, 122.41787742257445 30.40891238439261, 122.40736403896403 30.40891238439261))"
277,30.46139598594754,120.94019745238096,1,"POLYGON ((120.93558732834133 30.456827384908042, 120.93558732834133 30.46596458698703, 120.94480757642062 30.46596458698703, 120.94480757642062 30.456827384908042, 120.93558732834133 30.456827384908042))"
278,30.230045217847852,122.21768823924727,1,"POLYGON ((122.21310306874068 30.22606424522985, 122.21310306874068 30.23402619046585, 122.2222734097539 30.23402619046585, 122.2222734097539 30.22606424522985, 122.21310306874068 30.22606424522985))"
279,30.239593341572398,122.11090374285715,1,"POLYGON ((122.1061816235794 30.235449518901984, 122.1061816235794 30.24373716424281, 122.11562586213488 30.24373716424281, 122.11562586213488 30.235449518901984, 122.1061816235794 30.235449518901984))"
280,29.038361536310642,121.62585997944339,1,"POLYGON ((121.62030773730487 29.034261127003294, 121.62030773730487 29.042461945617983, 121.6314122215819 29.042461945617983, 121.6314122215819 29.034261127003294, 121.62030773730487 29.034261127003294))"
281,29.890181123126773,121.97338532122052,2,"POLYGON ((121.97099761107941 29.88615218799928, 121.9651667569127 29.886170731330154, 121.9651667569127 29.894196702492057, 121.97099761107941 29.894208941597217, 121.98159537642057 29.894208941597217, 121.98159537642057 29.88615218799928, 121.97099761107941 29.88615218799928))"
282,25.42227872663351,119.27280494909873,3,"POLYGON ((119.27160397913497 25.416143211731928, 119.26382704857942 25.419781784618774, 119.26382704857942 25.428405053805804, 119.27406061245662 25.428405053805804, 119.28177274308729 25.42478757833461, 119.28177274308729 25.416143211731928, 119.27160397913497 25.416143211731928))"
283,22.935566119760963,116.31239762036486,4,"POLYGON ((116.30862842357939 22.924503536362987, 116.30446606914902 22.93810046182264, 116.30446606914902 22.94648891836683, 116.31351827642062 22.94648891836683, 116.32027297642057 22.939252219494293, 116.32027297642057 22.930359415208702, 116.31849217642062 22.924503536362987, 116.30862842357939 22.924503536362987))"
284,23.223286899961103,116.77691344339621,2,"POLYGON ((116.7720473680238 23.216723769366084, 116.7720473680238 23.225818032678482, 116.77275785215082 23.229836651299696, 116.78179503795907 23.229836651299696, 116.78179503795907 23.22122766070995, 116.78106750975394 23.216723769366084, 116.7720473680238 23.216723769366084))"
285,25.150952406521622,119.2650565833333,1,"POLYGON ((119.25980609024606 25.146113837719646, 119.25980609024606 25.1557909753236, 119.2703070764206 25.1557909753236, 119.2703070764206 25.146113837719646, 119.25980609024606 25.146113837719646))"
286,23.397411277487755,117.01861608333333,1,"POLYGON ((117.01371734024606 23.392791389008696, 117.01371734024606 23.402031165966818, 117.0235148264206 23.402031165966818, 117.0235148264206 23.392791389008696, 117.01371734024606 23.392791389008696))"
287,31.798013297424436,121.016925039842,2,"POLYGON ((121.0110219235794 31.792872426451552, 121.0110219235794 31.800529068815898, 121.01382889976989 31.80316521083177, 121.02281620799951 31.80316521083177, 121.02281620799951 31.7954737970568, 121.02009265217816 31.792872426451552, 121.0110219235794 31.792872426451552))"
288,31.682593789183258,121.83614082539681,1,"POLYGON ((121.83164764580164 31.678762235261527, 121.83164764580164 31.686425343104993, 121.84063400499201 31.686425343104993, 121.84063400499201 31.678762235261527, 121.83164764580164 31.678762235261527))"
289,31.71150671609165,121.72550866747162,3,"POLYGON ((121.72223192357941 31.70359786881401, 121.71692182357941 31.710773539472672, 121.71692182357941 31.718461051182658, 121.7260148264206 31.718461051182658, 121.73345157642059 31.71777294065281, 121.73345157642059 31.709628617294513, 121.73180124308726 31.70359786881401, 121.72223192357941 31.70359786881401))"
290,30.688506720179525,122.40818301732844,5,"POLYGON ((122.39749409024606 30.68033719833604, 122.39749409024606 30.68939497314482, 122.3985292360794 30.69426568466281, 122.40538842357938 30.6957870047387, 122.4157997014206 30.6957870047387, 122.42038307642056 30.694399802672727, 122.42038307642056 30.68664047488843, 122.40809914784916 30.68033719833604, 122.39749409024606 30.68033719833604))"
291,31.690483653698905,121.80184460099878,3,"POLYGON ((121.79942318970842 31.68552440262561, 121.79302572357938 31.686369605632326, 121.79302572357938 31.69536430832087, 121.8022352430873 31.69536430832087, 121.81066924308726 31.694897438660544, 121.81066924308726 31.68721673575455, 121.80973374308728 31.68552440262561, 121.79942318970842 31.68552440262561))"
292,31.67069315657853,121.80185682857143,1,"POLYGON ((121.7968832235794 31.666859131009332, 121.7968832235794 31.674527182147735, 121.80683043356346 31.674527182147735, 121.80683043356346 31.666859131009332, 121.7968832235794 31.666859131009332))"
293,31.672599696780185,121.82905472811062,1,"POLYGON ((121.8238941655149 31.668639723648052, 121.8238941655149 31.676559669912322, 121.8342152907063 31.676559669912322, 121.8342152907063 31.668639723648052, 121.8238941655149 31.668639723648052))"
294,31.686899281349763,121.82633873471993,2,"POLYGON ((121.82304180819476 31.682463411822177, 121.82069075691274 31.683133567620665, 121.82069075691274 31.69136106578337, 121.83016782170364 31.69136106578337, 121.83202542827244 31.690132116392782, 121.83202542827244 31.682463411822177, 121.82304180819476 31.682463411822177))"
295,23.509928184638866,117.10317351666666,1,"POLYGON ((117.09862875691272 23.505778699644978, 117.09862875691272 23.514077669632755, 117.10771827642058 23.514077669632755, 117.10771827642058 23.505778699644978, 117.09862875691272 23.505778699644978))"
296,25.41639597961388,119.68859173670211,1,"POLYGON ((119.68373517357941 25.412008254430457, 119.68373517357941 25.42078370479731, 119.69344829982484 25.42078370479731, 119.69344829982484 25.412008254430457, 119.68373517357941 25.412008254430457))"
297,31.71535807811588,121.21579390370367,1,"POLYGON ((121.21105516432014 31.71131691371559, 121.21105516432014 31.719399242516182, 121.22053264308725 31.719399242516182, 121.22053264308725 31.71131691371559, 121.21105516432014 31.71131691371559))"
298,31.75665770715136,121.16719093454545,1,"POLYGON ((121.1626283835794 31.75280622709159, 121.1626283835794 31.76050918721113, 121.1717534855115 31.76050918721113, 121.1717534855115 31.75280622709159, 121.1626283835794 31.75280622709159))"
299,35.60772972047048,119.79727626075724,2,"POLYGON ((119.7904944592937 35.60164601852951, 119.7904944592937 35.60908229155327, 119.79493440274605 35.613874387627945, 119.8039837907063 35.613874387627945, 119.8039837907063 35.606162688954164, 119.79979116901319 35.60164601852951, 119.7904944592937 35.60164601852951))"
300,38.98023386535293,121.73715472961958,1,"POLYGON ((121.7326283610794 38.97658419570502, 121.7326283610794 38.983883535000835, 121.74168109815972 38.983883535000835, 121.74168109815972 38.97658419570502, 121.7326283610794 38.97658419570502))"
301,38.99805569974718,121.6566826376443,2,"POLYGON ((121.65417178357939 38.99325312830382, 121.64987492357936 38.99490139076961, 121.64987492357936 39.0029455512592, 121.65955507642062 39.0029455512592, 121.6636377092331 39.00041797595798, 121.6636377092331 38.99325312830382, 121.65417178357939 38.99325312830382))"
302,22.573353911553323,113.61678032528408,1,"POLYGON ((113.6122108923294 22.56895464030945, 113.6122108923294 22.577753182797196, 113.6213497582388 22.577753182797196, 113.6213497582388 22.56895464030945, 113.6122108923294 22.56895464030945))"
303,35.37523077217641,119.53534039130435,1,"POLYGON ((119.53054920618808 35.37115791284383, 119.53054920618808 35.379303631508996, 119.5401315764206 35.379303631508996, 119.5401315764206 35.37115791284383, 119.53054920618808 35.37115791284383))"
304,23.5041809062144,117.11028605833333,1,"POLYGON ((117.10569459024607 23.499921316515493, 117.10569459024607 23.508440495913305, 117.11487752642059 23.508440495913305, 117.11487752642059 23.499921316515493, 117.10569459024607 23.499921316515493))"
305,39.50629741077785,121.31389849510681,2,"POLYGON ((121.29773978286504 39.500273258235765, 121.29664561719763 39.506224090710184, 121.31733966600365 39.51249863752291, 121.32847105010477 39.51249863752291, 121.32847105010477 39.50446084655928, 121.32601373642062 39.5027776446313, 121.29773978286504 39.500273258235765))"
306,23.76786093791375,117.58024463571428,1,"POLYGON ((117.57567499500797 23.76136626018872, 117.57567499500797 23.774355615638786, 117.58481427642057 23.774355615638786, 117.58481427642057 23.76136626018872, 117.57567499500797 23.76136626018872))"
307,30.393280286486146,122.39199988279879,3,"POLYGON ((122.3864778235794 30.386218817516895, 122.3836788235794 30.386383740723545, 122.3836788235794 30.39538030613863, 122.39096742357941 30.40070666629397, 122.40010686213488 30.40070666629397, 122.40010686213488 30.392903034984425, 122.39610490975393 30.386218817516895, 122.3864778235794 30.386218817516895))"
308,21.43521211898925,111.2890180046729,2,"POLYGON ((111.28311085215081 21.429595141475964, 111.28311085215081 21.438003046958986, 111.2843239235794 21.44082900362503, 111.29489822158187 21.44082900362503, 111.29489822158187 21.430745031556736, 111.29223324308725 21.429595141475964, 111.28311085215081 21.429595141475964))"
309,30.58113068654429,121.07032532742653,2,"POLYGON ((121.06295663410572 30.576312293580823, 121.06295663410572 30.585338050668703, 121.06838537094784 30.585955726031607, 121.07772534453655 30.585955726031607, 121.07772534453655 30.578041112525735, 121.07574244434512 30.576312293580823, 121.06295663410572 30.576312293580823))"
310,31.956716157777322,120.32929799846157,1,"POLYGON ((120.32328770050248 31.95230994948665, 120.32328770050248 31.961122366067997, 120.33530829642062 31.961122366067997, 120.33530829642062 31.95230994948665, 120.32328770050248 31.95230994948665))"
311,31.893941847529664,120.92034629039168,1,"POLYGON ((120.91573681831623 31.889906011093505, 120.91573681831623 31.897977683965834, 120.9249557624671 31.897977683965834, 120.9249557624671 31.889906011093505, 120.91573681831623 31.889906011093505))"
312,32.227733151169176,119.89443374326652,2,"POLYGON ((119.89058303227503 32.22177720267723, 119.88906799933697 32.22391029285355, 119.88906799933697 32.23366410494823, 119.89897638197611 32.23366410494823, 119.89979198551151 32.2301080515781, 119.89979198551151 32.22177720267723, 119.89058303227503 32.22177720267723))"
313,31.36483786928429,121.60052034646503,3,"POLYGON ((121.5979601892044 31.359242983059854, 121.59435886802386 31.361565831796995, 121.59266054553062 31.362786637842476, 121.59266054553062 31.37048295000075, 121.60172844376754 31.37048295000075, 121.60836044005694 31.367577893620176, 121.60836044005694 31.359242983059854, 121.5979601892044 31.359242983059854))"
314,29.981242904913934,122.04727298231619,2,"POLYGON ((122.0386492114582 29.976595852702964, 122.0386492114582 29.985021967292216, 122.0447667985794 29.98604480480013, 122.05566507642061 29.98604480480013, 122.05566507642061 29.976688760997416, 122.04863085419838 29.976595852702964, 122.0386492114582 29.976595852702964))"
315,29.974726608567142,121.77566071774193,1,"POLYGON ((121.77061135906328 29.97060970542508, 121.77061135906328 29.97884351170921, 121.7807100764206 29.97884351170921, 121.7807100764206 29.97060970542508, 121.77061135906328 29.97060970542508))"
316,32.06784082390123,119.93731048109451,2,"POLYGON ((119.93378609024607 32.061474198677814, 119.93093690184025 32.066226151381755, 119.93093690184025 32.074258189027184, 119.94029751190448 32.074258189027184, 119.94370630369332 32.06995974294634, 119.94370630369332 32.061474198677814, 119.93378609024607 32.061474198677814))"
317,40.075393059929816,120.12088267499998,1,"POLYGON ((120.11276302357938 40.070871691197645, 120.11276302357938 40.079914428661986, 120.12900232642059 40.079914428661986, 120.12900232642059 40.070871691197645, 120.11276302357938 40.070871691197645))"
318,31.993543380435707,120.67558391749358,5,"POLYGON ((120.66058173607937 31.988922296155376, 120.66058173607937 31.996735157130747, 120.6694069158871 31.997477902867836, 120.67721624409224 31.99795085334771, 120.68157942357936 31.99818546065679, 120.69060344308727 31.99818546065679, 120.69060344308727 31.99053911330387, 120.6877787275834 31.990082260996566, 120.67188232642059 31.988922296155376, 120.66058173607937 31.988922296155376))"
319,29.946627548581382,121.95915793004085,1,"POLYGON ((121.97305878160572 29.94089170974816, 121.94577131246827 29.945050047349262, 121.94577131246827 29.95229931934353, 121.95114368735435 29.95229931934353, 121.97455503514234 29.946557459570087, 121.97305878160572 29.94089170974816))"
320,28.087923651528243,121.13826664825581,1,"POLYGON ((121.13287567357939 28.08260496519806, 121.13287567357939 28.093242337858424, 121.14365762293222 28.093242337858424, 121.14365762293222 28.08260496519806, 121.13287567357939 28.08260496519806))"
321,31.691006861180192,121.14971994312167,1,"POLYGON ((121.14488773839422 31.68704199046337, 121.14488773839422 31.694971731897006, 121.15455214784916 31.694971731897006, 121.15455214784916 31.68704199046337, 121.14488773839422 31.68704199046337))"
322,40.792287542106784,121.02107488686313,1,"POLYGON ((121.01639606094203 40.78885076489739, 121.01639606094203 40.79572431931618, 121.02575371278424 40.79572431931618, 121.02575371278424 40.78885076489739, 121.01639606094203 40.78885076489739))"
323,31.771791793432623,120.95955995967742,1,"POLYGON ((120.95481092357939 31.767870794182176, 120.95481092357939 31.77571279268307, 120.96430899577543 31.77571279268307, 120.96430899577543 31.767870794182176, 120.95481092357939 31.767870794182176))"
324,32.01725728228158,120.76777043009119,1,"POLYGON ((120.76311299804749 32.01338313683777, 120.76311299804749 32.02113142772538, 120.77242786213489 32.02113142772538, 120.77242786213489 32.01338313683777, 120.76311299804749 32.01338313683777))"
325,21.712219558169274,108.59169171470587,1,"POLYGON ((108.58646382357942 21.707270883688153, 108.58646382357942 21.717168232650398, 108.59691960583235 21.717168232650398, 108.59691960583235 21.707270883688153, 108.58646382357942 21.707270883688153))"
326,29.889737996216457,122.06771370820768,1,"POLYGON ((122.06256107550853 29.880098823137697, 122.06350380944511 29.895502723929326, 122.0739042215819 29.895502723929326, 122.0739042215819 29.889304866628024, 122.06256107550853 29.880098823137697))"
327,27.1830021810003,120.38634225227274,1,"POLYGON ((120.38120287812485 27.178051153723477, 120.38120287812485 27.187953208277122, 120.39148162642063 27.187953208277122, 120.39148162642063 27.178051153723477, 120.38120287812485 27.178051153723477))"
328,37.56721597238053,121.38241057317133,2,"POLYGON ((121.38541301296948 37.56154285283165, 121.37108167357941 37.56483825190226, 121.37108167357941 37.571478564997435, 121.38215309024608 37.57150441042872, 121.39296690975394 37.57150441042872, 121.39296690975394 37.56390089631591, 121.38541301296948 37.56154285283165))"
329,37.42030109592021,122.65738469489675,3,"POLYGON ((122.65120796903392 37.41380838673807, 122.6506864235794 37.41862946486206, 122.6506864235794 37.426092016232765, 122.65412942357939 37.42614741359356, 122.6646823712924 37.42614741359356, 122.6646823712924 37.41864239881151, 122.66042513197613 37.41380838673807, 122.65120796903392 37.41380838673807))"
330,23.562869278877983,117.12187174615838,1,"POLYGON ((117.11725411802382 23.558743017088407, 117.11725411802382 23.566995540667563, 117.12648937429292 23.566995540667563, 117.12648937429292 23.558743017088407, 117.11725411802382 23.558743017088407))"
331,32.123767633439776,121.47527188886035,2,"POLYGON ((121.47051288072227 32.11912245260529, 121.47051288072227 32.126874480878676, 121.47093899765349 32.128406437947625, 121.48003796927772 32.128406437947625, 121.48003796927772 32.1207033862833, 121.47953744876102 32.11912245260529, 121.47051288072227 32.11912245260529))"
332,22.924302553232152,113.56678137572752,1,"POLYGON ((113.56218606460503 22.91969772598356, 113.56218606460503 22.928907380480744, 113.57137668685003 22.928907380480744, 113.57137668685003 22.91969772598356, 113.56218606460503 22.91969772598356))"
333,35.20837574103966,119.4011271919712,1,"POLYGON ((119.3947568373725 35.20461402268576, 119.3947568373725 35.212137459393546, 119.40749754656986 35.212137459393546, 119.40749754656986 35.20461402268576, 119.3947568373725 35.20461402268576))"
334,22.469847559693996,113.90299779699887,2,"POLYGON ((113.8980027985794 22.463972506654493, 113.8980027985794 22.472580434806897, 113.89805685778994 22.47565740181693, 113.90805301015554 22.47565740181693, 113.90805301015554 22.46616828518652, 113.9073044264206 22.463972506654493, 113.8980027985794 22.463972506654493))"
335,28.186840092707545,121.11268681266236,1,"POLYGON ((121.10797748072225 28.182462867731214, 121.10797748072225 28.19121731768387, 121.11739614460242 28.19121731768387, 121.11739614460242 28.182462867731214, 121.10797748072225 28.182462867731214))"
336,39.60171942724624,122.95969253306629,2,"POLYGON ((122.9573486735794 39.59504701986765, 122.95131009665631 39.60024361286197, 122.95131009665631 39.60783801389085, 122.9654290451706 39.60783801389085, 122.96740786589427 39.603360396749665, 122.96740786589427 39.59504701986765, 122.9573486735794 39.59504701986765))"
337,35.99938432077344,120.19249282289306,3,"POLYGON ((120.18413842357941 35.994855965046064, 120.18413842357941 36.00230948895543, 120.18506220406718 36.003890399439435, 120.19425149308726 36.003890399439435, 120.20110926392059 36.00343062479308, 120.20110926392059 35.99553367182613, 120.19323792017057 35.994855965046064, 120.18413842357941 35.994855965046064))"
338,31.3459053191511,121.53460395413055,3,"POLYGON ((121.53695514450962 31.34003351685868, 121.52351335413496 31.343290118090543, 121.52351335413496 31.35182428554332, 121.53376663096607 31.35182428554332, 121.5407151364206 31.349594809804515, 121.54594410069244 31.347739339565898, 121.54594410069244 31.34003351685868, 121.53695514450962 31.34003351685868))"
339,31.989616936522076,120.64345107437144,2,"POLYGON ((120.63629840842789 31.985667959394878, 120.63629840842789 31.99355105740059, 120.6482853750783 31.99355105740059, 120.65063411383555 31.993529128210486, 120.65063411383555 31.985874373283178, 120.6482853750783 31.985667959394878, 120.63629840842789 31.985667959394878))"
340,30.742869381785987,121.41774050320511,1,"POLYGON ((121.41319267998965 30.738960455615967, 121.41319267998965 30.74677830795601, 121.4222883264206 30.74677830795601, 121.4222883264206 30.738960455615967, 121.41319267998965 30.738960455615967))"
341,25.17281901273432,118.97933937499998,1,"POLYGON ((118.9746136735794 25.168169406097224, 118.9746136735794 25.177468619371417, 118.98406507642058 25.177468619371417, 118.98406507642058 25.168169406097224, 118.9746136735794 25.168169406097224))"
342,22.177654224313525,113.09670196405227,1,"POLYGON ((113.09207246279509 22.173436545573008, 113.09207246279509 22.18187190305404, 113.10133146530947 22.18187190305404, 113.10133146530947 22.173436545573008, 113.09207246279509 22.173436545573008))"
343,22.209649648272677,113.0977879774436,1,"POLYGON ((113.09328494989519 22.20546960514556, 113.09328494989519 22.21382969139979, 113.10229100499203 22.21382969139979, 113.10229100499203 22.20546960514556, 113.09328494989519 22.20546960514556))"
344,21.597939135234746,108.38570232058183,3,"POLYGON ((108.3792191378651 21.591014795997424, 108.3792191378651 21.599390029470623, 108.38087426916763 21.60190825066222, 108.382913016172 21.604870200893476, 108.39214986213489 21.604870200893476, 108.39214986213489 21.59598489336433, 108.39007884914786 21.593291057467184, 108.38824815536795 21.591014795997424, 108.3792191378651 21.591014795997424))"
345,22.477480159165605,113.87991561782735,2,"POLYGON ((113.87358107357939 22.47257816449457, 113.87358107357939 22.482341183954087, 113.8832783264206 22.482341183954087, 113.88644464784916 22.48181742584411, 113.88644464784916 22.4734637160325, 113.8832783264206 22.47257816449457, 113.87358107357939 22.47257816449457))"
346,38.964683227550424,121.81357010199557,1,"POLYGON ((121.80846396903395 38.960671263446926, 121.80846396903395 38.968695191653914, 121.81867623495718 38.968695191653914, 121.81867623495718 38.960671263446926, 121.80846396903395 38.960671263446926))"
347,28.69987186896663,121.43469355,1,"POLYGON ((121.4301534235794 28.6958776236306, 121.4301534235794 28.703866114302656, 121.4392336764206 28.703866114302656, 121.4392336764206 28.6958776236306, 121.4301534235794 28.6958776236306))"
348,29.045201342972682,121.64060702822749,2,"POLYGON ((121.6332051735794 29.03883094624943, 121.6332051735794 29.04767468271614, 121.63822344955345 29.051566955615932, 121.64802627895224 29.051566955615932, 121.64802627895224 29.042891645451327, 121.6431225764206 29.03883094624943, 121.6332051735794 29.03883094624943))"
349,36.8727091649576,122.44681520098038,1,"POLYGON ((122.43989892357939 36.868108859233715, 122.43989892357939 36.87730947068149, 122.45373147838139 36.87730947068149, 122.45373147838139 36.868108859233715, 122.43989892357939 36.868108859233715))"
350,37.78940146014841,120.63339790784393,1,"POLYGON ((120.64238129344777 37.78294826059857, 120.62542163786512 37.78772879983068, 120.62542163786512 37.793998888881106, 120.63780595733576 37.793998888881106, 120.64238129344777 37.78294826059857))"
351,30.068226313226372,121.89414403846156,1,"POLYGON ((121.88952650050247 30.064212468698123, 121.88952650050247 30.072240157754624, 121.89876157642061 30.072240157754624, 121.89876157642061 30.064212468698123, 121.88952650050247 30.064212468698123))"
352,32.24898541096212,119.69257240588234,1,"POLYGON ((119.68789882357939 32.24495751738443, 119.68789882357939 32.25301330453981, 119.69724598818529 32.25301330453981, 119.69724598818529 32.24495751738443, 119.68789882357939 32.24495751738443))"
353,31.92510726752877,120.21029997321665,2,"POLYGON ((120.20329778607937 31.920897763758276, 120.20329778607937 31.928611764494295, 120.20824875691272 31.92931283542927, 120.21730857642056 31.92931283542927, 120.21730857642056 31.92163275422497, 120.21241805718984 31.920897763758276, 120.20329778607937 31.920897763758276))"
354,40.053695420591524,120.02499234405941,1,"POLYGON ((120.02032111169822 40.05020600937012, 120.02032111169822 40.05718483181292, 120.02966357642057 40.05718483181292, 120.02966357642057 40.05020600937012, 120.02032111169822 40.05020600937012))"
355,32.273485175828846,119.70672195224985,4,"POLYGON ((119.6999825235794 32.2650752590838, 119.6999825235794 32.2728658738054, 119.70002524176122 32.27552989758825, 119.70409651448846 32.28203029925539, 119.7133572726231 32.28203029925539, 119.7133572726231 32.27321450101765, 119.7127665764206 32.27000771552265, 119.71117697642059 32.26697722959302, 119.7091194764206 32.2650752590838, 119.6999825235794 32.2650752590838))"
356,31.676192437063172,121.1789557205215,2,"POLYGON ((121.17560771903395 31.671527144450188, 121.1730834538824 31.673060792389663, 121.1730834538824 31.680850925396975, 121.18238155947145 31.680850925396975, 121.1848204621349 31.67933701272269, 121.1848204621349 31.671527144450188, 121.17560771903395 31.671527144450188))"
357,39.97907112411562,119.83217232352682,8,"POLYGON ((119.82956170929369 39.96891191635331, 119.82161513786511 39.97230701590075, 119.82161513786511 39.97957635201045, 119.82654625691272 39.9902368257571, 119.83605132642056 39.9902368257571, 119.83928755033362 39.98874451858417, 119.84219145554147 39.97746525480677, 119.84219145554147 39.97035293697308, 119.8385715764206 39.96891191635331, 119.82956170929369 39.96891191635331))"
358,31.997630159423736,119.99933244442352,3,"POLYGON ((119.99664185836198 31.991288194415194, 119.99428409749245 31.9932008466627, 119.99247925456531 31.99621329674518, 119.99247925456531 32.004028181789465, 120.00156144209225 32.004028181789465, 120.00441157642061 32.00187113943577, 120.0062150907063 31.999440914303445, 120.0062150907063 31.991288194415194, 119.99664185836198 31.991288194415194))"
359,31.683846368655985,121.16328856810632,1,"POLYGON ((121.15869970264917 31.67998704124301, 121.15869970264917 31.687705696068964, 121.16787743356346 31.687705696068964, 121.16787743356346 31.67998704124301, 121.15869970264917 31.67998704124301))"
360,37.440118126013544,120.02005617159296,1,"POLYGON ((120.01555299639494 37.43648827129407, 120.01555299639494 37.44374798073302, 120.02455934679097 37.44374798073302, 120.02455934679097 37.43648827129407, 120.01555299639494 37.43648827129407))"
361,29.791926777734055,122.08575257063983,1,"POLYGON ((122.07973889484379 29.779625636029387, 122.07973889484379 29.783847080328496, 122.08361581304607 29.80474609083994, 122.09233789056225 29.803554228813987, 122.08809239037541 29.779625636029387, 122.07973889484379 29.779625636029387))"
362,28.273873470611235,121.55653675606061,1,"POLYGON ((121.54989446903394 28.26930886871449, 121.54989446903394 28.27843807250798, 121.56317904308727 28.27843807250798, 121.56317904308727 28.26930886871449, 121.54989446903394 28.26930886871449))"
363,28.386682670757533,121.65871524999999,1,"POLYGON ((121.6534844235794 28.38258071553795, 121.6534844235794 28.390784625977105, 121.66394607642059 28.390784625977105, 121.66394607642059 28.38258071553795, 121.6534844235794 28.38258071553795))"
364,39.04750727147375,117.77017328282825,1,"POLYGON ((117.76290353469048 39.04293559482792, 117.76290353469048 39.05207894811957, 117.77744303096605 39.05207894811957, 117.77744303096605 39.04293559482792, 117.76290353469048 39.04293559482792))"
365,31.977606583852914,120.44751786561866,1,"POLYGON ((120.44140248240294 31.972090435522038, 120.44140248240294 31.9831227321838, 120.4536332488344 31.9831227321838, 120.4536332488344 31.972090435522038, 120.44140248240294 31.972090435522038))"
366,29.997157278108972,122.07959807969951,1,"POLYGON ((122.07476554406134 29.993180359650975, 122.07476554406134 30.001134196566966, 122.0844306153377 30.001134196566966, 122.0844306153377 29.993180359650975, 122.07476554406134 29.993180359650975))"
367,39.081420248880995,118.49391454595354,2,"POLYGON ((118.4916834235794 39.07663005927914, 118.48597917357937 39.078449626974894, 118.48597917357937 39.086238100445925, 118.49657890975394 39.086238100445925, 118.50191437642057 39.084054046139066, 118.50191437642057 39.07663005927914, 118.4916834235794 39.07663005927914))"
368,30.018282922052087,122.07224183333334,1,"POLYGON ((122.06774009024606 30.01435081959665, 122.06774009024606 30.02221502450753, 122.07674357642061 30.02221502450753, 122.07674357642061 30.01435081959665, 122.06774009024606 30.01435081959665))"
369,38.810131228944776,121.13423973417417,1,"POLYGON ((121.13387065031833 38.805176509241335, 121.12266798796762 38.81582793886525, 121.14149781642058 38.812038118877304, 121.14149781642058 38.805176509241335, 121.13387065031833 38.805176509241335))"
370,32.08179578854647,121.62969725141241,1,"POLYGON ((121.62438259307092 32.077816575882174, 121.62438259307092 32.08577500121076, 121.63501190975391 32.08577500121076, 121.63501190975391 32.077816575882174, 121.62438259307092 32.077816575882174))"
371,30.101414721286165,121.86908184113713,1,"POLYGON ((121.86397519281016 30.09733283143177, 121.86397519281016 30.10549661114056, 121.87418848946406 30.10549661114056, 121.87418848946406 30.09733283143177, 121.86397519281016 30.09733283143177))"
372,21.610687896168088,108.32795110172832,2,"POLYGON ((108.32260375691273 21.603218071003067, 108.32260375691273 21.612275993063005, 108.32430361588709 21.618157533847416, 108.33331464491374 21.618157533847416, 108.33331464491374 21.609769888479597, 108.3317233764206 21.603218071003067, 108.32260375691273 21.603218071003067))"
373,39.04098984477233,118.3624409113595,3,"POLYGON ((118.35904866892201 39.03629701703532, 118.35578011107943 39.03660537096953, 118.35268403995211 39.04588687861953, 118.36867117642056 39.04496814794046, 118.37110396972756 39.044087940465786, 118.37110396972756 39.0371059489507, 118.36867117642056 39.03629701703532, 118.35904866892201 39.03629701703532))"
374,21.59381290570812,108.3294464579832,1,"POLYGON ((108.32421024710882 21.587509798250473, 108.32421024710882 21.600116013165774, 108.33468266885757 21.600116013165774, 108.33468266885757 21.587509798250473, 108.32421024710882 21.587509798250473))"
375,37.41753538118228,119.94890921737729,3,"POLYGON ((119.94290197913497 37.410067723730506, 119.94247385395916 37.41858383399646, 119.94247385395916 37.42588199052438, 119.95171664784912 37.42588199052438, 119.95623175499203 37.417659917911465, 119.95623175499203 37.410067723730506, 119.94290197913497 37.410067723730506))"
376,22.782475517042474,115.92832993378994,1,"POLYGON ((115.92382275691274 22.778315196559557, 115.92382275691274 22.78663583752538, 115.93283711066715 22.78663583752538, 115.93283711066715 22.778315196559557, 115.92382275691274 22.778315196559557))"
377,22.81734628788934,113.57350180769231,1,"POLYGON ((113.56897942357938 22.813081508299415, 113.56897942357938 22.82161106747927, 113.57802419180523 22.82161106747927, 113.57802419180523 22.813081508299415, 113.56897942357938 22.813081508299415))"
378,21.927514001810522,113.21680426555024,1,"POLYGON ((113.21157631831623 21.922523325065555, 113.21157631831623 21.932504678555492, 113.22203221278423 21.932504678555492, 113.22203221278423 21.922523325065555, 113.21157631831623 21.922523325065555))"
379,31.756038045358522,121.18005609199997,3,"POLYGON ((121.17740356643651 31.74801256008602, 121.17258517357939 31.754728641333138, 121.17258517357939 31.76338936215695, 121.18304290975391 31.76338936215695, 121.18613781451582 31.76279505288815, 121.18685485583232 31.75694307149251, 121.18685485583232 31.74801256008602, 121.17740356643651 31.74801256008602))"
380,31.38834212703214,121.60933329,1,"POLYGON ((121.6048017035794 31.38439295233483, 121.6048017035794 31.392291301729454, 121.61386487642058 31.392291301729454, 121.61386487642058 31.38439295233483, 121.6048017035794 31.38439295233483))"
381,32.24234706262609,119.68690551875,1,"POLYGON ((119.68220592357939 32.23820898513976, 119.68220592357939 32.246485140112426, 119.69160511392059 32.246485140112426, 119.69160511392059 32.23820898513976, 119.68220592357939 32.23820898513976))"
382,29.89159678791317,122.00012040178572,1,"POLYGON ((121.99495085215082 29.88703974146722, 121.99495085215082 29.896153834359115, 122.00528995142061 29.896153834359115, 122.00528995142061 29.88703974146722, 121.99495085215082 29.88703974146722))"
383,37.81937503340024,120.83407547507167,4,"POLYGON ((120.83660301062518 37.81236129766144, 120.81400820654956 37.81639816460248, 120.81502948746294 37.82131627804453, 120.83431785215083 37.825608198769366, 120.83745795549429 37.82620795241116, 120.84905662403963 37.82620795241116, 120.84954482642061 37.82418721444968, 120.84954482642061 37.81648671313779, 120.84160833642056 37.81236129766144, 120.83660301062518 37.81236129766144))"
384,31.75226857121906,121.19343074285715,1,"POLYGON ((121.18882270929369 31.748068337092725, 121.18882270929369 31.756468805345396, 121.19803877642059 31.756468805345396, 121.19803877642059 31.748068337092725, 121.18882270929369 31.748068337092725))"
385,39.11003487010421,118.55023874239131,1,"POLYGON ((118.54428247357939 39.105979536164625, 118.54428247357939 39.11409020404381, 118.55619501120322 39.11409020404381, 118.55619501120322 39.105979536164625, 118.54428247357939 39.105979536164625))"
386,36.097657689912076,120.32356728020854,4,"POLYGON ((120.31501189580163 36.09187568335719, 120.31501189580163 36.10001359260568, 120.31994587812483 36.104047378507104, 120.32942170142057 36.104047378507104, 120.33172701120318 36.1014375135517, 120.33172701120318 36.093529770002014, 120.33113590975394 36.09199633508283, 120.32463677642058 36.09187568335719, 120.31501189580163 36.09187568335719))"
387,26.46879745345,119.67143284754236,2,"POLYGON ((119.6678084235794 26.463717385847673, 119.66570342357942 26.46429490602419, 119.66570342357942 26.4739405224379, 119.67520695142058 26.4739405224379, 119.67723482642059 26.47252969673789, 119.67723482642059 26.463717385847673, 119.6678084235794 26.463717385847673))"
388,22.902273835975606,113.56569460000001,1,"POLYGON ((113.56058902357942 22.898106430699467, 113.56058902357942 22.90644124125175, 113.5708001764206 22.90644124125175, 113.5708001764206 22.898106430699467, 113.56058902357942 22.898106430699467))"
389,21.718690742319293,108.58526304398146,1,"POLYGON ((108.58049704857937 21.714105329172657, 108.58049704857937 21.72327615546593, 108.59002903938355 21.72327615546593, 108.59002903938355 21.714105329172657, 108.58049704857937 21.714105329172657))"
390,22.695304117362532,114.56191622132238,2,"POLYGON ((114.55990171046464 22.690471870041623, 114.55483131246827 22.69133148347054, 114.55483131246827 22.700044311663667, 114.56755285419837 22.700044311663667, 114.56890989949751 22.698780496047117, 114.56890989949751 22.690471870041623, 114.55990171046464 22.690471870041623))"
391,32.01714474209709,120.60583041432766,2,"POLYGON ((120.60394822357938 32.011741244136275, 120.59875424627441 32.014284099813025, 120.59875424627441 32.02253010935887, 120.60869677642059 32.02253010935887, 120.61293645142061 32.019415945181585, 120.61293645142061 32.011741244136275, 120.60394822357938 32.011741244136275))"
392,30.11329774478157,121.9498532846149,2,"POLYGON ((121.94679334024606 30.10687232789057, 121.94250867357941 30.11106061760331, 121.94250867357941 30.119871438659928, 121.9525013036933 30.119871438659928, 121.95738597642061 30.114929049730023, 121.95738597642061 30.10687232789057, 121.94679334024606 30.10687232789057))"
393,29.637639076189927,121.94292769072622,3,"POLYGON ((121.93770589024606 29.631472869782975, 121.93285357063823 29.63620215532793, 121.93285357063823 29.644040625071106, 121.94186314975393 29.644040625071106, 121.9534480764206 29.64072672918217, 121.9534480764206 29.632504331985817, 121.94726780634761 29.631472869782975, 121.93770589024606 29.631472869782975))"
394,22.70773585321625,114.58517448615349,2,"POLYGON ((114.5793219235794 22.703466683907383, 114.5793219235794 22.711975987002457, 114.5820674235794 22.711981767130556, 114.5910548264206 22.711981767130556, 114.5910548264206 22.703684600757732, 114.5884405764206 22.703466683907383, 114.5793219235794 22.703466683907383))"
395,29.516106336620748,121.66399150088047,1,"POLYGON ((121.65943080669629 29.512144830817288, 121.65943080669629 29.5200678424242, 121.66855219506463 29.5200678424242, 121.66855219506463 29.512144830817288, 121.65943080669629 29.512144830817288))"
396,21.583879478929795,109.58957025000001,1,"POLYGON ((109.58459359024604 21.579484306294617, 109.58459359024604 21.588274651564973, 109.59454690975393 21.588274651564973, 109.59454690975393 21.579484306294617, 109.58459359024604 21.579484306294617))"
397,39.01022013570314,118.45516116225963,1,"POLYGON ((118.45058865434864 39.00611008958815, 118.45058865434864 39.01433018181813, 118.4597336701706 39.01433018181813, 118.4597336701706 39.00611008958815, 118.45058865434864 39.00611008958815))"
398,26.78021620480725,119.71813481612317,1,"POLYGON ((119.71334959749244 26.775752180034726, 119.71334959749244 26.78468022957978, 119.7229200347539 26.78468022957978, 119.7229200347539 26.775752180034726, 119.71334959749244 26.775752180034726))"
399,27.49049370064116,120.67359800390983,2,"POLYGON ((120.6712891272831 27.486016037459482, 120.66685625874425 27.48695133610122, 120.66685625874425 27.494975820683923, 120.67588570975391 27.494975820683923, 120.6803454264206 27.494016328574336, 120.6803454264206 27.486016037459482, 120.6712891272831 27.486016037459482))"
400,31.947517623625945,120.1293176230252,3,"POLYGON ((120.12409482357938 31.94198599815299, 120.12295525691276 31.944824882569538, 120.12295525691276 31.952963404588587, 120.1320422764206 31.952963404588587, 120.13568282642058 31.952429364838785, 120.13568282642058 31.94453370382507, 120.13506238892056 31.94198599815299, 120.12409482357938 31.94198599815299))"
401,31.432871463808993,121.47043123684213,1,"POLYGON ((121.46434414726363 31.42749516313543, 121.46434414726363 31.438247764482558, 121.4765183264206 31.438247764482558, 121.4765183264206 31.42749516313543, 121.46434414726363 31.42749516313543))"
402,39.828834663693115,124.15914075645983,2,"POLYGON ((124.15419706643654 39.82251898413232, 124.15419706643654 39.83076022906368, 124.15470913786511 39.83513418880484, 124.16409882642058 39.83513418880484, 124.16409882642058 39.82678003663605, 124.16348222347942 39.82251898413232, 124.15419706643654 39.82251898413232))"
403,26.13817574865383,119.60400917424242,1,"POLYGON ((119.59903510539759 26.133926999102204, 119.59903510539759 26.142424498205465, 119.60898324308727 26.142424498205465, 119.60898324308727 26.133926999102204, 119.59903510539759 26.133926999102204))"
404,24.839026825939314,118.93370621296296,1,"POLYGON ((118.92918434950533 24.834936614734744, 118.92918434950533 24.843117037143887, 118.93822807642061 24.843117037143887, 118.93822807642061 24.834936614734744, 118.92918434950533 24.834936614734744))"
405,26.288018397600293,119.87092753124998,1,"POLYGON ((119.8663884235794 26.283955562967222, 119.8663884235794 26.292081232233368, 119.87546663892057 26.292081232233368, 119.87546663892057 26.283955562967222, 119.8663884235794 26.283955562967222))"
406,22.223224261844692,113.3842483625,1,"POLYGON ((113.37953454857939 22.218734164940884, 113.37953454857939 22.227714358748496, 113.3889621764206 22.227714358748496, 113.3889621764206 22.218734164940884, 113.37953454857939 22.218734164940884))"
407,31.66848805419526,121.85194720000001,1,"POLYGON ((121.8471174235794 31.664653806916537, 121.8471174235794 31.672322301473994, 121.85677697642059 31.672322301473994, 121.85677697642059 31.664653806916537, 121.8471174235794 31.664653806916537))"
408,36.37456027971109,120.8719783125,1,"POLYGON ((120.86740179857941 36.37070247962213, 120.86740179857941 36.378418079800056, 120.8765548264206 36.378418079800056, 120.8765548264206 36.37070247962213, 120.86740179857941 36.37070247962213))"
409,24.86262577619768,118.88380263377191,1,"POLYGON ((118.87926827445659 24.858540589666465, 118.87926827445659 24.8667109627289, 118.88833699308725 24.8667109627289, 118.88833699308725 24.858540589666465, 118.87926827445659 24.858540589666465))"
410,32.02333297811624,120.63611593922384,2,"POLYGON ((120.63015585215084 32.01854063038251, 120.63015585215084 32.028098421767794, 120.64020636808725 32.028098421767794, 120.64213839460243 32.027928976606255, 120.64213839460243 32.019058570979446, 120.64020636808725 32.01854063038251, 120.63015585215084 32.01854063038251))"
411,22.14494479395459,113.09989577272727,1,"POLYGON ((113.0952625144885 22.140506592112775, 113.0952625144885 22.149382995796408, 113.10452903096605 22.149382995796408, 113.10452903096605 22.140506592112775, 113.0952625144885 22.140506592112775))"
412,32.01398487926111,120.632478229782,2,"POLYGON ((120.62700057509456 32.00881790139202, 120.62700057509456 32.01653379830088, 120.62848676204095 32.01914921673269, 120.63794666944383 32.01914921673269, 120.63794666944383 32.010843533753835, 120.6360800591792 32.00881790139202, 120.62700057509456 32.00881790139202))"
413,38.181132419005465,118.07911286068317,5,"POLYGON ((118.06892162357941 38.16525223679214, 118.06892162357941 38.173610159625945, 118.07565292357938 38.195598963763764, 118.0895895764206 38.195598963763764, 118.0895895764206 38.1834365464279, 118.07870728230297 38.16525223679214, 118.06892162357941 38.16525223679214))"
414,39.38450222212526,121.74629824617695,2,"POLYGON ((121.74230974616006 39.37890364495683, 121.7375144235794 39.381591211964405, 121.7375144235794 39.39006197268898, 121.75033374308727 39.39006197268898, 121.75501543356346 39.38768649085956, 121.75501543356346 39.37890364495683, 121.74230974616006 39.37890364495683))"
415,39.27277717737484,121.5766075476215,3,"POLYGON ((121.56733475691271 39.266416990281236, 121.56733475691271 39.27374715186736, 121.56749542357942 39.27677585870855, 121.57699426357941 39.278759063142545, 121.58656942257447 39.278759063142545, 121.58656942257447 39.27158477051746, 121.58198214784917 39.268101990554975, 121.57653390975395 39.266416990281236, 121.56733475691271 39.266416990281236))"
416,37.58069382568823,121.38875119801318,3,"POLYGON ((121.38733530669629 37.57384837395021, 121.38034989976987 37.57975313740582, 121.38034989976987 37.58691843542501, 121.38331249024607 37.58699680310635, 121.39332530369333 37.58699680310635, 121.39658573431531 37.58103246371712, 121.39658573431531 37.57384837395021, 121.38733530669629 37.57384837395021))"
417,37.42159786094498,122.63809267076468,2,"POLYGON ((122.63121075691274 37.41666703805075, 122.63121075691274 37.42393432735898, 122.63491040633801 37.42653930526799, 122.64492683729014 37.42653930526799, 122.64492683729014 37.418718889411664, 122.64058707642062 37.41666703805075, 122.63121075691274 37.41666703805075))"
418,31.695526824561096,121.17326188596489,1,"POLYGON ((121.16798352884254 31.69153540078617, 121.16798352884254 31.699518248336027, 121.17854024308724 31.699518248336027, 121.17854024308724 31.69153540078617, 121.16798352884254 31.69153540078617))"
419,30.11338719784788,121.97329707385136,2,"POLYGON ((121.96991096903395 30.107206510675063, 121.96757905994303 30.11177889585309, 121.96757905994303 30.119580234597684, 121.97660200499202 30.119580234597684, 121.97902443218983 30.11504903097595, 121.97902443218983 30.107206510675063, 121.96991096903395 30.107206510675063))"
420,29.929292641214946,121.98885592256224,2,"POLYGON ((121.9864981988603 29.923700279610383, 121.98282296509389 29.926125425059343, 121.98162876851177 29.93474440719685, 121.99199846103599 29.93474440719685, 121.99549829864281 29.93151074382843, 121.99549829864281 29.923700279610383, 121.9864981988603 29.923700279610383))"
421,30.156980916043878,122.07920272352942,1,"POLYGON ((122.07406107063822 30.152907264444867, 122.07406107063822 30.16105456764289, 122.0843443764206 30.16105456764289, 122.0843443764206 30.152907264444867, 122.07406107063822 30.152907264444867))"
422,29.96227908287313,121.80487788519814,1,"POLYGON ((121.8003490144885 29.958340265004875, 121.8003490144885 29.96621790074139, 121.80940675590777 29.96621790074139, 121.80940675590777 29.958340265004875, 121.8003490144885 29.958340265004875))"
423,38.9574893441481,117.76065206136361,1,"POLYGON ((117.7555870235794 38.953763659117676, 117.7555870235794 38.96121502917851, 117.76571709914788 38.96121502917851, 117.76571709914788 38.953763659117676, 117.7555870235794 38.953763659117676))"
424,31.38007495659033,121.56486015758676,1,"POLYGON ((121.55989539976989 31.37601301756884, 121.55989539976989 31.384136895611814, 121.56982491540363 31.384136895611814, 121.56982491540363 31.37601301756884, 121.55989539976989 31.37601301756884))"
425,29.755942249933515,122.06258515476192,1,"POLYGON ((122.05779209024608 29.751538627551785, 122.05779209024608 29.760345872315245, 122.06737821927774 29.760345872315245, 122.06737821927774 29.751538627551785, 122.05779209024608 29.751538627551785))"
426,29.943576089051984,121.96748369315293,2,"POLYGON ((121.97073078560169 29.927360049161784, 121.96831082819385 29.927425886799597, 121.95972093930412 29.93315334371801, 121.96270695200236 29.957858946175183, 121.97165745593863 29.957858946175183, 121.97506153012431 29.953065796288996, 121.97506153012431 29.9481499462957, 121.97073078560169 29.927360049161784))"
427,40.20128841254744,121.96143471714092,1,"POLYGON ((121.95687578469052 40.19783813473047, 121.95687578469052 40.20473869036441, 121.96599364959133 40.20473869036441, 121.96599364959133 40.19783813473047, 121.95687578469052 40.19783813473047))"
428,32.06946779985208,120.52563775324674,1,"POLYGON ((120.521081020982 32.06562991708051, 120.521081020982 32.07330568262366, 120.5301944855115 32.07330568262366, 120.5301944855115 32.06562991708051, 120.521081020982 32.06562991708051))"
429,35.573485991609296,119.77331597535724,2,"POLYGON ((119.76681351448846 35.568752023357106, 119.76681351448846 35.5766516336463, 119.76970878977659 35.57823368053967, 119.77980084172673 35.57823368053967, 119.77980084172673 35.57026056362802, 119.77703693356345 35.568752023357106, 119.76681351448846 35.568752023357106))"
430,30.683351720649945,121.28569301045557,1,"POLYGON ((121.2806755983367 30.679245429312527, 121.2806755983367 30.68745801198737, 121.29071042257446 30.68745801198737, 121.29071042257446 30.679245429312527, 121.2806755983367 30.679245429312527))"
431,37.442170626906986,121.58054801783192,1,"POLYGON ((121.57508506941275 37.4384147408785, 121.57508506941275 37.44592651293546, 121.58601096625108 37.44592651293546, 121.58601096625108 37.4384147408785, 121.57508506941275 37.4384147408785))"
432,37.25394373015842,119.86465513481104,1,"POLYGON ((119.85910941195148 37.25027468292401, 119.85910941195148 37.25761277739283, 119.87020085767061 37.25761277739283, 119.87020085767061 37.25027468292401, 119.85910941195148 37.25027468292401))"
433,36.01626065010731,120.21343502267067,2,"POLYGON ((120.20558001181467 36.00832158790619, 120.20558001181467 36.01637256450735, 120.20871642357936 36.02420651539513, 120.22105580558726 36.02420651539513, 120.22105580558726 36.01174144212233, 120.21549068168373 36.00832158790619, 120.20558001181467 36.00832158790619))"
434,37.59690432373432,121.38333676900785,2,"POLYGON ((121.37604363786511 37.59222754441568, 121.37604363786511 37.600148886035996, 121.38164899500794 37.60157039947196, 121.39069957642063 37.60157039947196, 121.39069957642063 37.59437247218377, 121.38659618168377 37.59222754441568, 121.37604363786511 37.59222754441568))"
435,37.78294176393816,120.62842191250348,2,"POLYGON ((120.62090265583748 37.77889719766966, 120.62090265583748 37.78643688714206, 120.6231917312717 37.78688447023467, 120.63608630615035 37.78688447023467, 120.63608630615035 37.77963615632593, 120.63030031555101 37.77889719766966, 120.62090265583748 37.77889719766966))"
436,35.912955771215096,120.1381228,1,"POLYGON ((120.1331458235794 35.90833610292746, 120.1331458235794 35.91757543950274, 120.14309977642057 35.91757543950274, 120.14309977642057 35.90833610292746, 120.1331458235794 35.90833610292746))"
437,38.81724183109339,121.13278070496891,1,"POLYGON ((121.12767611923155 38.81362014524709, 121.12767611923155 38.82086351693971, 121.1378852907063 38.82086351693971, 121.1378852907063 38.81362014524709, 121.12767611923155 38.81362014524709))"
438,37.27641925081683,118.98648732410895,2,"POLYGON ((118.97935845691272 37.271860685250324, 118.97935845691272 37.279280108220576, 118.98309114885411 37.28096415144084, 118.99361041248616 37.28096415144084, 118.99361041248616 37.2732384774024, 118.9888629514206 37.271860685250324, 118.97935845691272 37.271860685250324))"
439,29.621965087710116,121.75875251474201,1,"POLYGON ((121.75425069630667 29.61805964493628, 121.75425069630667 29.625870530483947, 121.76325433317737 29.625870530483947, 121.76325433317737 29.61805964493628, 121.75425069630667 29.61805964493628))"
440,27.975359309885217,120.84821693210097,1,"POLYGON ((120.84363980502272 27.971323686304117, 120.84363980502272 27.979394933466306, 120.8527940591792 27.979394933466306, 120.8527940591792 27.971323686304117, 120.84363980502272 27.971323686304117))"
441,26.748632005937502,119.6136758974359,1,"POLYGON ((119.60731675691274 26.744314862009315, 119.60731675691274 26.752949149865692, 119.62003503795906 26.752949149865692, 119.62003503795906 26.744314862009315, 119.60731675691274 26.744314862009315))"
442,30.84361275465137,121.84291738750001,1,"POLYGON ((121.83840849024608 30.839726922391264, 121.83840849024608 30.847498586911485, 121.84742628475392 30.847498586911485, 121.84742628475392 30.839726922391264, 121.83840849024608 30.839726922391264))"
443,30.840972774036217,121.81966940416484,2,"POLYGON ((121.8175833466563 30.83700809518099, 121.81265824176123 30.837102214347826, 121.81265824176123 30.844936535126937, 121.8226910764206 30.844936535126937, 121.82668057642061 30.844826673471044, 121.82668057642061 30.83700809518099, 121.8175833466563 30.83700809518099))"
444,24.674316070235353,118.45198988472139,3,"POLYGON ((118.44628542357938 24.665329242316428, 118.44628542357938 24.674517353223468, 118.44673746903396 24.683222341040853, 118.45654022347942 24.683222341040853, 118.45803047115746 24.67967897076703, 118.45803047115746 24.67143637270013, 118.45611414784916 24.665329242316428, 118.44628542357938 24.665329242316428))"
445,35.34729080407794,119.53412085858582,1,"POLYGON ((119.52955919630664 35.34179526872702, 119.52955919630664 35.352786339428874, 119.53868252086504 35.352786339428874, 119.53868252086504 35.34179526872702, 119.52955919630664 35.34179526872702))"
446,34.73793662387312,119.45041147647228,2,"POLYGON ((119.44926284357939 34.733778987757624, 119.44255803551971 34.73469601398159, 119.44255803551971 34.74209240337193, 119.45165157642059 34.74209240337193, 119.4582638164206 34.74117128690918, 119.4582638164206 34.733778987757624, 119.44926284357939 34.733778987757624))"
447,27.978621854825263,120.85950093275612,1,"POLYGON ((120.85470580020277 27.9744763982999, 120.85470580020277 27.982767311350628, 120.86429606530949 27.982767311350628, 120.86429606530949 27.9744763982999, 120.85470580020277 27.9744763982999))"
448,26.80613292919742,119.68529329338962,1,"POLYGON ((119.68710936831788 26.7918089466395, 119.68113882158474 26.792208166571793, 119.68136417852581 26.818272905865168, 119.69055986589429 26.818272905865168, 119.69055986589429 26.8133799617846, 119.68710936831788 26.7918089466395))"
449,29.483616537399868,121.48311548260784,1,"POLYGON ((121.47795367939337 29.479192166116327, 121.47795367939337 29.488040908683413, 121.4882772858223 29.488040908683413, 121.4882772858223 29.479192166116327, 121.47795367939337 29.479192166116327))"
450,35.99270892702701,120.2722617707023,1,"POLYGON ((120.26767515942845 35.98880736194226, 120.26767515942845 35.99661049211176, 120.27684838197615 35.99661049211176, 120.27684838197615 35.98880736194226, 120.26767515942845 35.98880736194226))"
451,34.453679690011555,119.78746272500001,1,"POLYGON ((119.78275517357942 34.44991153374798, 119.78275517357942 34.45744784627512, 119.79217027642059 34.45744784627512, 119.79217027642059 34.44991153374798, 119.78275517357942 34.44991153374798))"
452,29.8892234232077,121.95472047043637,2,"POLYGON ((121.95300649675012 29.884238089335135, 121.9456090029445 29.88639572623028, 121.9456090029445 29.894209608529877, 121.95463853903739 29.894209608529877, 121.96375725289118 29.892517130855374, 121.96375725289118 29.884238089335135, 121.95300649675012 29.884238089335135))"
453,35.978887280338654,120.24677650146015,1,"POLYGON ((120.24225063926568 35.97522328648465, 120.24225063926568 35.982551274192666, 120.25130236365466 35.982551274192666, 120.25130236365466 35.97522328648465, 120.24225063926568 35.97522328648465))"
454,31.424222724978996,121.47484594485782,2,"POLYGON ((121.46592559901801 31.416204523111944, 121.46592559901801 31.42614902870641, 121.47145513786512 31.432318839582734, 121.48369302086505 31.432318839582734, 121.48369302086505 31.422324868472046, 121.47867120340473 31.416204523111944, 121.46592559901801 31.416204523111944))"
455,37.59395762004629,121.39982039369515,1,"POLYGON ((121.41274664949863 37.58608466104107, 121.39161554857941 37.59334336765793, 121.39161554857941 37.59964604401554, 121.39946000279618 37.59964604401554, 121.41274664949863 37.58608466104107))"
456,28.692685973232106,121.48363242506142,1,"POLYGON ((121.47907378721575 28.688642210950153, 121.47907378721575 28.696729735514058, 121.48819106290706 28.696729735514058, 121.48819106290706 28.688642210950153, 121.47907378721575 28.688642210950153))"
457,35.10946232936205,119.38454111996936,3,"POLYGON ((119.3785278259698 35.1042119728619, 119.37376225691276 35.106395811395785, 119.37376225691276 35.11458980704272, 119.38300492257446 35.11458980704272, 119.39575565189227 35.11342436485673, 119.39575565189227 35.10555485738245, 119.38778556182206 35.1042119728619, 119.3785278259698 35.1042119728619))"
458,22.73944061056972,114.6111794579365,1,"POLYGON ((114.60648436802383 22.734959389716543, 114.60648436802383 22.74392183142289, 114.61587454784916 22.74392183142289, 114.61587454784916 22.734959389716543, 114.60648436802383 22.734959389716543))"
459,21.72644895477945,108.59462228958968,4,"POLYGON ((108.58906490119134 21.717826337332816, 108.5880793326703 21.719984859466265, 108.5880793326703 21.729587531153214, 108.5905661158871 21.734845794289058, 108.60124144005697 21.734845794289058, 108.60124144005697 21.724246660430907, 108.60010571927774 21.721700519883093, 108.59832651348354 21.717826337332816, 108.58906490119134 21.717826337332816))"
460,23.073005995834613,113.49214341666666,1,"POLYGON ((113.48752542357938 23.06801504848897, 113.48752542357938 23.077996943180253, 113.49676140975394 23.077996943180253, 113.49676140975394 23.06801504848897, 113.48752542357938 23.06801504848897))"
461,37.59489356203283,121.409360581297,1,"POLYGON ((121.40472594331625 37.59127675270551, 121.40472594331625 37.59851037136017, 121.41399521927775 37.59851037136017, 121.41399521927775 37.59127675270551, 121.40472594331625 37.59127675270551))"
462,26.46413314239382,119.61683083035716,1,"POLYGON ((119.61205120929368 26.459937003784567, 119.61205120929368 26.468329281003065, 119.6216104514206 26.468329281003065, 119.6216104514206 26.459937003784567, 119.61205120929368 26.459937003784567))"
463,29.96840896281266,121.79263878,1,"POLYGON ((121.78810266357941 29.96449230587088, 121.78810266357941 29.97232561975444, 121.79717489642059 29.97232561975444, 121.79717489642059 29.96449230587088, 121.78810266357941 29.96449230587088))"
464,28.69289376187127,121.50312784027778,1,"POLYGON ((121.49847297913495 28.68889925092669, 121.49847297913495 28.696888272815855, 121.50778270142061 28.696888272815855, 121.50778270142061 28.68889925092669, 121.49847297913495 28.68889925092669))"
465,28.68677354808034,121.45349056818183,1,"POLYGON ((121.44891155994306 28.68274367605987, 121.44891155994306 28.690803420100806, 121.4580695764206 28.690803420100806, 121.4580695764206 28.68274367605987, 121.44891155994306 28.68274367605987))"
466,29.757802823084738,122.14791822706265,3,"POLYGON ((122.13883908072222 29.751792164244474, 122.13883908072222 29.75983720583307, 122.14441415942846 29.764320024550734, 122.15435200975391 29.764320024550734, 122.15674098701662 29.760933076479745, 122.15674098701662 29.75291176011928, 122.14794337830736 29.751792164244474, 122.13883908072222 29.751792164244474))"
467,30.030309937248628,121.99906300277775,1,"POLYGON ((121.9941978735794 30.026080946340997, 121.9941978735794 30.03453892815625, 122.00392813197615 30.03453892815625, 122.00392813197615 30.026080946340997, 121.9941978735794 30.026080946340997))"
468,36.86072108252951,122.3797013768887,1,"POLYGON ((122.37385655401415 36.85598795868632, 122.37385655401415 36.86167402266175, 122.38236932903024 36.8688172623378, 122.3857420900207 36.85598795868632, 122.37385655401415 36.85598795868632))"
469,31.946828038718085,120.08175119917581,1,"POLYGON ((120.07715499500796 31.942974782021377, 120.07715499500796 31.95068129541479, 120.08634740334367 31.95068129541479, 120.08634740334367 31.942974782021377, 120.07715499500796 31.942974782021377))"
470,28.164882498040555,121.10966494997234,2,"POLYGON ((121.10468642357941 28.15909431712259, 121.10468642357941 28.16837619145011, 121.10550854790372 28.170671176784676, 121.11464900066302 28.170671176784676, 121.11464900066302 28.162272563481228, 121.11402214784918 28.15909431712259, 121.10468642357941 28.15909431712259))"
471,19.05152300810545,108.62249210416667,1,"POLYGON ((108.61799829857941 19.047274518368226, 108.61799829857941 19.055771497842674, 108.62698590975394 19.055771497842674, 108.62698590975394 19.047274518368226, 108.61799829857941 19.047274518368226))"
472,39.966571556002116,119.82372092857142,1,"POLYGON ((119.8192284235794 39.96312548212125, 119.8192284235794 39.970017629882975, 119.82821343356348 39.970017629882975, 119.82821343356348 39.96312548212125, 119.8192284235794 39.96312548212125))"
473,37.55728665484069,121.43389195238096,1,"POLYGON ((121.42936366167464 37.55351490000028, 121.42936366167464 37.561058409681095, 121.43842024308726 37.561058409681095, 121.43842024308726 37.55351490000028, 121.42936366167464 37.55351490000028))"
474,26.495448618889892,119.85205205,1,"POLYGON ((119.8473058235794 26.491119493630592, 119.8473058235794 26.499777744149192, 119.85679827642062 26.499777744149192, 119.85679827642062 26.491119493630592, 119.8473058235794 26.491119493630592))"
475,26.803917424598104,119.69291435999999,1,"POLYGON ((119.68825802357941 26.799779945660834, 119.68825802357941 26.808054903535375, 119.69757069642058 26.808054903535375, 119.69757069642058 26.799779945660834, 119.68825802357941 26.799779945660834))"
476,31.99434002382793,120.58017421192162,2,"POLYGON ((120.57723919777293 31.990281931193994, 120.57277075691275 31.990646829045158, 120.57277075691275 31.99841655105764, 120.58211675951921 31.99841655105764, 120.5875994290522 31.99801681497388, 120.5875994290522 31.990281931193994, 120.57723919777293 31.990281931193994))"
477,31.803773719905593,121.06127587280703,1,"POLYGON ((121.05656900252676 31.799887242526218, 121.05656900252676 31.807660197284974, 121.06598274308728 31.807660197284974, 121.06598274308728 31.799887242526218, 121.05656900252676 31.799887242526218))"
478,29.92074459386054,121.99883675210087,1,"POLYGON ((121.99392428072228 29.916492209973814, 121.99392428072228 29.92499697774726, 122.00374922347942 29.92499697774726, 122.00374922347942 29.916492209973814, 121.99392428072228 29.916492209973814))"
479,30.28053568446265,122.23392112927927,1,"POLYGON ((122.22929779024608 30.276607615271566, 122.22929779024608 30.284463753653736, 122.23854446831248 30.284463753653736, 122.23854446831248 30.276607615271566, 122.22929779024608 30.276607615271566))"
480,29.77994480267511,122.13214304826425,2,"POLYGON ((122.12773849876736 29.77390812492294, 122.12728793786512 29.77716924419151, 122.12728793786512 29.785972135934564, 122.13660917165868 29.785972135934564, 122.1369896446024 29.78267734840542, 122.1369896446024 29.77390812492294, 122.12773849876736 29.77390812492294))"
481,39.04556451117645,118.52027614285713,1,"POLYGON ((118.51516642357937 39.04187700684069, 118.51516642357937 39.049252015512224, 118.52538586213484 39.049252015512224, 118.52538586213484 39.04187700684069, 118.51516642357937 39.04187700684069))"
482,38.96639088591162,121.65484541269842,1,"POLYGON ((121.64993580453178 38.96265249097979, 121.64993580453178 38.970129280843466, 121.65975502086503 38.970129280843466, 121.65975502086503 38.96265249097979, 121.64993580453178 38.96265249097979))"
483,40.79872455826294,121.0714709578835,2,"POLYGON ((121.06299642357939 40.79382578080367, 121.06299642357939 40.801144415317644, 121.07101174241996 40.80365292863973, 121.0800014670456 40.80365292863973, 121.0800014670456 40.796850715251956, 121.07343008861572 40.79382578080367, 121.06299642357939 40.79382578080367))"
484,37.72230052127741,121.07854533276326,2,"POLYGON ((121.07635279024606 37.71863326268935, 121.0713746430916 37.71866507141829, 121.0713746430916 37.725945107938486, 121.07635279024606 37.72596586706334, 121.08570229436933 37.72596586706334, 121.08570229436933 37.71863326268935, 121.07635279024606 37.71863326268935))"
485,38.97733347772177,121.90099195001692,2,"POLYGON ((121.89775921305309 38.97333536051082, 121.89415003469051 38.97369192227773, 121.89415003469051 38.980687130633804, 121.89775921305309 38.98137249254779, 121.90763826063112 38.98137249254779, 121.90763826063112 38.97333536051082, 121.89775921305309 38.97333536051082))"
486,22.917248490531087,113.55908799999999,1,"POLYGON ((113.5538414235794 22.91252987080707, 113.5538414235794 22.921967110255096, 113.56433457642059 22.921967110255096, 113.56433457642059 22.91252987080707, 113.5538414235794 22.91252987080707))"
487,30.247428172662175,122.1656943157424,1,"POLYGON ((122.16075871204096 30.243450398740567, 122.16075871204096 30.25140594658378, 122.17062991944385 30.25140594658378, 122.17062991944385 30.243450398740567, 122.16075871204096 30.243450398740567))"
488,37.64770085335841,120.28451223471772,2,"POLYGON ((120.28083270357939 37.64271278535793, 120.27862256128431 37.64549483284685, 120.27862256128431 37.6527062445891, 120.28766393642056 37.6527062445891, 120.2904028621349 37.650374003811905, 120.2904028621349 37.64271278535793, 120.28083270357939 37.64271278535793))"
489,31.702497397138163,121.16061382499998,1,"POLYGON ((121.1560906735794 31.698292108573007, 121.1560906735794 31.706702685703316, 121.16513697642057 31.706702685703316, 121.16513697642057 31.698292108573007, 121.1560906735794 31.698292108573007))"
490,22.946820145302752,116.54267015178571,1,"POLYGON ((116.53802085215084 22.942568069464897, 116.53802085215084 22.951072221140603, 116.54731945142059 22.951072221140603, 116.54731945142059 22.942568069464897, 116.53802085215084 22.942568069464897))"
491,31.91339501279469,120.89062994228787,7,"POLYGON ((120.88884642357941 31.897693362216344, 120.8817389235794 31.912533877104213, 120.8799256235794 31.91725514420293, 120.8799256235794 31.925852028901975, 120.8897905764206 31.925852028901975, 120.89190286213487 31.92578323175392, 120.89950945737297 31.925195922766893, 120.89950945737297 31.917547703947793, 120.89793177642059 31.897693362216344, 120.88884642357941 31.897693362216344))"
492,29.01849705867153,121.71273063888887,1,"POLYGON ((121.70804320135716 29.014460278119447, 121.70804320135716 29.02253383922362, 121.71741807642059 29.02253383922362, 121.71741807642059 29.014460278119447, 121.70804320135716 29.014460278119447))"
493,21.73024384296678,108.58066822626205,2,"POLYGON ((108.57732910259173 21.723023847794067, 108.57413147913493 21.72785502705345, 108.57413147913493 21.737449133028836, 108.58405089900123 21.737449133028836, 108.58719016069026 21.732694641411797, 108.58719016069026 21.723023847794067, 108.57732910259173 21.723023847794067))"
494,29.50866870864506,121.64794261111108,1,"POLYGON ((121.6428917569127 29.50443829413787, 121.6428917569127 29.512899123152252, 121.65299346530949 29.512899123152252, 121.65299346530949 29.50443829413787, 121.6428917569127 29.50443829413787))"
495,29.939729878647427,121.85739365833334,1,"POLYGON ((121.85236234024607 29.93565580391243, 121.85236234024607 29.943803953382425, 121.86242497642058 29.943803953382425, 121.86242497642058 29.93565580391243, 121.85236234024607 29.93565580391243))"
496,30.403053586105507,122.40184766666668,1,"POLYGON ((122.3973384235794 30.3990859945245, 122.3973384235794 30.40702117768651, 122.40635690975394 30.40702117768651, 122.40635690975394 30.3990859945245, 122.3973384235794 30.3990859945245))"
497,26.59685371139929,119.75202436979166,1,"POLYGON ((119.74748770482938 26.59280469752388, 119.74748770482938 26.6009027252747, 119.75656103475394 26.6009027252747, 119.75656103475394 26.59280469752388, 119.74748770482938 26.59280469752388))"
498,24.530682889493647,118.08395630357144,1,"POLYGON ((118.07926628072225 24.526137697897344, 118.07926628072225 24.535228081089954, 118.0886463264206 24.535228081089954, 118.0886463264206 24.526137697897344, 118.07926628072225 24.526137697897344))"
499,29.98598628401241,121.99744585714286,1,"POLYGON ((121.99219842357941 29.98171879056451, 121.99219842357941 29.990253777460307, 122.00269329070629 29.990253777460307, 122.00269329070629 29.98171879056451, 121.99219842357941 29.98171879056451))"
500,29.16262123926175,121.87277231122448,1,"POLYGON ((121.86782354602836 29.158575945465863, 121.86782354602836 29.166666533057647, 121.87772107642058 29.166666533057647, 121.87772107642058 29.158575945465863, 121.86782354602836 29.158575945465863))"
501,36.8806896525229,122.44755716666667,1,"POLYGON ((122.44296964580163 36.87701819536107, 122.44296964580163 36.88436110968474, 122.45214468753173 36.88436110968474, 122.45214468753173 36.87701819536107, 122.44296964580163 36.87701819536107))"
502,39.81848950310059,124.15200373921391,2,"POLYGON ((124.14794597715083 39.814037786949726, 124.14666671145818 39.81599570644222, 124.14666671145818 39.822942464222386, 124.15571082642062 39.822942464222386, 124.15733417642059 39.82144099317181, 124.15733417642059 39.814037786949726, 124.14794597715083 39.814037786949726))"
503,29.980244512826673,122.06340417419989,1,"POLYGON ((122.0588998104407 29.976317182981532, 122.0588998104407 29.98417184267181, 122.06790853795906 29.98417184267181, 122.06790853795906 29.976317182981532, 122.0588998104407 29.976317182981532))"
504,32.32946424089234,119.78155112500001,1,"POLYGON ((119.7763574235794 32.325361584186275, 119.7763574235794 32.333566897598416, 119.78674482642057 32.333566897598416, 119.78674482642057 32.325361584186275, 119.7763574235794 32.325361584186275))"
505,24.411861146714305,118.0545747784091,1,"POLYGON ((118.0495387985794 24.407648290533434, 118.0495387985794 24.416074002895186, 118.05961075823879 24.416074002895186, 118.05961075823879 24.407648290533434, 118.0495387985794 24.407648290533434))"
506,35.124066659478835,119.39752787938595,1,"POLYGON ((119.39297326568466 35.120315655447264, 119.39297326568466 35.12781766351042, 119.40208249308726 35.12781766351042, 119.40208249308726 35.120315655447264, 119.39297326568466 35.120315655447264))"
507,40.29914570510182,122.07777344663742,1,"POLYGON ((122.07324784463202 40.29565350560569, 122.07324784463202 40.30263790459795, 122.08229904864281 40.30263790459795, 122.08229904864281 40.29565350560569, 122.07324784463202 40.29565350560569))"
508,28.010146873617025,121.06854319615383,1,"POLYGON ((121.06357531588708 28.006015981344106, 121.06357531588708 28.014277765889936, 121.0735110764206 28.014277765889936, 121.0735110764206 28.006015981344106, 121.06357531588708 28.006015981344106))"
509,40.31577977976768,122.07305413333333,1,"POLYGON ((122.0684610235794 40.31220027137733, 122.0684610235794 40.31935928815803, 122.07764724308727 40.31935928815803, 122.07764724308727 40.31220027137733, 122.0684610235794 40.31220027137733))"
510,32.04095695164659,120.4025581651895,3,"POLYGON ((120.39419693854947 32.03636701785688, 120.39419693854947 32.04421441412527, 120.40152617357938 32.04563802414436, 120.41083865334369 32.04563802414436, 120.41083865334369 32.03796158416901, 120.40638147065138 32.03639825828646, 120.40343457642058 32.03636701785688, 120.39419693854947 32.03636701785688))"
511,31.82183535814174,120.9408628542857,1,"POLYGON ((120.93586385215083 31.816840816742783, 120.93586385215083 31.8268298995407, 120.94586185642056 31.8268298995407, 120.94586185642056 31.816840816742783, 120.93586385215083 31.816840816742783))"
512,31.851778274108582,120.93356784950443,1,"POLYGON ((120.92903046061645 31.847288009012114, 120.92903046061645 31.85626853920505, 120.93810523839244 31.85626853920505, 120.93810523839244 31.847288009012114, 120.92903046061645 31.847288009012114))"
513,22.919324966121867,113.59551681640612,1,"POLYGON ((113.59507700599276 22.912231750596654, 113.58469234998715 22.929997593003804, 113.60295520799954 22.91946732022904, 113.60295520799954 22.912231750596654, 113.59507700599276 22.912231750596654))"
514,21.07305952598488,110.5058396160338,2,"POLYGON ((110.50174706643654 21.065779771060047, 110.50070842357938 21.06905913534004, 110.50070842357938 21.0801991892661, 110.51084150499203 21.0801991892661, 110.51086293642057 21.075518461683806, 110.51086293642057 21.065779771060047, 110.50174706643654 21.065779771060047))"
515,29.911681793004632,122.26397241666666,1,"POLYGON ((122.2591849235794 29.90763764159374, 122.2591849235794 29.915725944415524, 122.26875990975394 29.915725944415524, 122.26875990975394 29.90763764159374, 122.2591849235794 29.90763764159374))"
516,30.14684001662767,122.11593775757574,1,"POLYGON ((122.11140660539759 30.14262640511238, 122.11140660539759 30.151053628142957, 122.12046890975391 30.151053628142957, 122.12046890975391 30.14262640511238, 122.11140660539759 30.14262640511238))"
517,27.19618296497913,120.3776964612011,1,"POLYGON ((120.37306639726363 27.191781451051842, 120.37306639726363 27.200584478906418, 120.38232652513854 27.200584478906418, 120.38232652513854 27.191781451051842, 120.37306639726363 27.191781451051842))"
518,32.06447626947687,120.46287120526316,1,"POLYGON ((120.45727262357939 32.059689688054505, 120.45727262357939 32.06926285089923, 120.46846978694693 32.06926285089923, 120.46846978694693 32.059689688054505, 120.45727262357939 32.059689688054505))"
519,20.027663568046993,110.27787767171716,1,"POLYGON ((110.27336454479153 20.023385204998647, 110.27336454479153 20.03194193109534, 110.28239079864282 20.03194193109534, 110.28239079864282 20.023385204998647, 110.27336454479153 20.023385204998647))"
520,21.993955002362938,113.1533332548077,1,"POLYGON ((113.1485710485794 21.98935123134466, 113.1485710485794 21.99855877338122, 113.15809546103597 21.99855877338122, 113.15809546103597 21.98935123134466, 113.1485710485794 21.98935123134466))"
521,31.990305228543388,120.6549832062909,1,"POLYGON ((120.64882585005002 31.986455958436935, 120.64882585005002 31.994154498649852, 120.66114056253173 31.994154498649852, 120.66114056253173 31.986455958436935, 120.64882585005002 31.986455958436935))"
522,22.682957540105463,113.75454871164017,1,"POLYGON ((113.74982194209791 22.678401854443962, 113.74982194209791 22.68751322576696, 113.75927548118248 22.68751322576696, 113.75927548118248 22.678401854443962, 113.74982194209791 22.678401854443962))"
523,25.962930085217987,119.44816644308943,1,"POLYGON ((119.44347509024605 25.958833820172572, 119.44347509024605 25.96702635026341, 119.45285779593281 25.96702635026341, 119.45285779593281 25.958833820172572, 119.44347509024605 25.958833820172572))"
524,24.417066772463627,117.86847884627326,1,"POLYGON ((117.86398090184028 24.41297177684455, 117.86398090184028 24.421161768082705, 117.87297679070629 24.421161768082705, 117.87297679070629 24.41297177684455, 117.86398090184028 24.41297177684455))"
525,22.683418688951903,115.51474163588847,1,"POLYGON ((115.51017428072224 22.679106341476434, 115.51017428072224 22.687731036427376, 115.51930899105473 22.687731036427376, 115.51930899105473 22.679106341476434, 115.51017428072224 22.679106341476434))"
526,31.95869327509946,120.35551119576884,1,"POLYGON ((120.35090212884256 31.95485594256759, 120.35090212884256 31.96253060763133, 120.3601202626951 31.96253060763133, 120.3601202626951 31.95485594256759, 120.35090212884256 31.95485594256759))"
527,30.111309170832715,122.23695339327485,1,"POLYGON ((122.23175876568466 30.107289247063584, 122.23175876568466 30.115329094601847, 122.24214802086505 30.115329094601847, 122.24214802086505 30.107289247063584, 122.23175876568466 30.107289247063584))"
528,25.567288345958985,119.87204625000001,1,"POLYGON ((119.8674514235794 25.563172505557503, 119.8674514235794 25.57140418636047, 119.87664107642061 25.57140418636047, 119.87664107642061 25.563172505557503, 119.8674514235794 25.563172505557503))"
529,39.51853451206095,121.3729993292683,1,"POLYGON ((121.3678464235794 39.51499639853305, 121.3678464235794 39.522072625588855, 121.3781522349572 39.522072625588855, 121.3781522349572 39.51499639853305, 121.3678464235794 39.51499639853305))"
530,31.95083167217415,120.14811684656085,1,"POLYGON ((120.14294049765348 31.946905684568257, 120.14294049765348 31.954757659780043, 120.15329319546824 31.954757659780043, 120.15329319546824 31.946905684568257, 120.14294049765348 31.946905684568257))"
531,32.07352393490533,120.46465554527987,1,"POLYGON ((120.46015793313354 32.06971097216182, 120.46015793313354 32.07733689764884, 120.46915315742618 32.07733689764884, 120.46915315742618 32.06971097216182, 120.46015793313354 32.06971097216182))"
532,27.214279528697983,120.30145716666665,1,"POLYGON ((120.29683609024606 27.20998354778749, 120.29683609024606 27.21857550960847, 120.30607824308726 27.21857550960847, 120.30607824308726 27.20998354778749, 120.29683609024606 27.20998354778749))"
533,39.510430617691256,121.33845548165866,1,"POLYGON ((121.3336875447915 39.506836616555276, 121.3336875447915 39.51402461882724, 121.34322341852584 39.51402461882724, 121.34322341852584 39.506836616555276, 121.3336875447915 39.506836616555276))"
534,39.00336618029523,117.78628754833562,1,"POLYGON ((117.78078553985847 38.9963730417978, 117.78078553985847 39.01035931879265, 117.79178955681276 39.01035931879265, 117.79178955681276 38.9963730417978, 117.78078553985847 38.9963730417978))"
535,38.99399863741768,117.78898378368643,1,"POLYGON ((117.7843639659523 38.99005245992058, 117.7843639659523 38.99794481491479, 117.7936036014206 38.99794481491479, 117.7936036014206 38.99005245992058, 117.7843639659523 38.99005245992058))"
536,38.995607095223114,117.77442567521429,2,"POLYGON ((117.762120911514 38.98838107734221, 117.77236272528222 39.004934869777394, 117.78011832642059 39.004934869777394, 117.78242257642061 39.001414475281024, 117.78242257642061 38.9884202377472, 117.762120911514 38.98838107734221))"
537,19.715868044736837,109.17340886254188,2,"POLYGON ((109.166510272636 19.70945041124473, 109.166510272636 19.718610484126486, 109.16911686107939 19.722240297642543, 109.18030200499201 19.722240297642543, 109.18030200499201 19.71191771528229, 109.17618410975393 19.70945041124473, 109.166510272636 19.70945041124473))"
538,22.529858509782592,113.85601718483072,2,"POLYGON ((113.85196688511785 22.52266849571544, 113.85070811802383 22.528101747567028, 113.85070811802383 22.53702676507885, 113.8598673350413 22.53702676507885, 113.86128786213487 22.532975337645297, 113.86128786213487 22.52266849571544, 113.85196688511785 22.52266849571544))"
539,22.7686920193626,113.64288342500001,1,"POLYGON ((113.63839167357942 22.76396335010569, 113.63839167357942 22.773420688619513, 113.6473751764206 22.773420688619513, 113.6473751764206 22.76396335010569, 113.63839167357942 22.76396335010569))"
540,31.313725832105664,121.69260664646465,1,"POLYGON ((121.68811210539758 31.309793665507303, 121.68811210539758 31.317657998704032, 121.69710118753169 31.317657998704032, 121.69710118753169 31.309793665507303, 121.68811210539758 31.309793665507303))"
541,30.15081488456952,122.02986790751945,1,"POLYGON ((122.02527600784906 30.146852031226096, 122.02527600784906 30.154777737912944, 122.03445980718983 30.154777737912944, 122.03445980718983 30.146852031226096, 122.02527600784906 30.146852031226096))"
542,21.08991856960385,110.51533999999998,1,"POLYGON ((110.5108339235794 21.085120832234168, 110.5108339235794 21.094716306973528, 110.51984607642058 21.094716306973528, 110.51984607642058 21.085120832234168, 110.5108339235794 21.085120832234168))"
543,26.325360437742837,119.85381577548387,1,"POLYGON ((119.84924329454714 26.321296932656992, 119.84924329454714 26.32942394282868, 119.85838825642058 26.32942394282868, 119.85838825642058 26.321296932656992, 119.84924329454714 26.321296932656992))"
544,31.604172680832214,121.27016355042016,1,"POLYGON ((121.26553266167461 31.60025242370073, 121.26553266167461 31.60809293796369, 121.27479443916572 31.60809293796369, 121.27479443916572 31.60025242370073, 121.26553266167461 31.60025242370073))"
545,26.300099544867614,119.87817516363636,1,"POLYGON ((119.87305615085212 26.295923131018483, 119.87305615085212 26.304275958716744, 119.8832941764206 26.304275958716744, 119.8832941764206 26.295923131018483, 119.87305615085212 26.295923131018483))"
546,28.10325388117109,121.10316440909088,1,"POLYGON ((121.0986552417612 28.09928590655173, 121.0986552417612 28.107221855790442, 121.10767357642061 28.107221855790442, 121.10767357642061 28.09928590655173, 121.0986552417612 28.09928590655173))"
547,30.402707445338233,122.36467102777777,1,"POLYGON ((122.35946397913494 30.398692478913897, 122.35946397913494 30.406722411762566, 122.3698780764206 30.406722411762566, 122.3698780764206 30.398692478913897, 122.35946397913494 30.398692478913897))"
548,36.8406852203138,122.26533602777778,1,"POLYGON ((122.26082964580162 36.837074391178774, 122.26082964580162 36.84429604944882, 122.26984240975392 36.84429604944882, 122.26984240975392 36.837074391178774, 122.26082964580162 36.837074391178774))"
549,39.11833860730796,122.0792848361111,1,"POLYGON ((122.07479087357939 39.11485318593556, 122.07479087357939 39.12182402868037, 122.08377879864283 39.12182402868037, 122.08377879864283 39.11485318593556, 122.07479087357939 39.11485318593556))"
550,32.11641940970929,119.91155663888888,1,"POLYGON ((119.90682159024608 32.11235084768741, 119.90682159024608 32.120487971731166, 119.91629168753168 32.120487971731166, 119.91629168753168 32.11235084768741, 119.90682159024608 32.11235084768741))"
551,24.53251783827237,118.52487863333333,1,"POLYGON ((118.51967509024604 24.528066318803287, 118.51967509024604 24.53696935774145, 118.5300821764206 24.53696935774145, 118.5300821764206 24.528066318803287, 118.51967509024604 24.528066318803287))"
552,23.392370823326548,117.00388625000002,1,"POLYGON ((116.99930209024609 23.38804086020274, 116.99930209024609 23.396700786450364, 117.00847040975394 23.396700786450364, 117.00847040975394 23.38804086020274, 116.99930209024609 23.38804086020274))"
553,32.066050674893226,120.58698247986491,2,"POLYGON ((120.58122322357939 32.06171377228393, 120.58122322357939 32.06972058623374, 120.5835145144885 32.070372559097486, 120.5927634514206 32.070372559097486, 120.5927634514206 32.062626210255324, 120.59068924308728 32.06171377228393, 120.58122322357939 32.06171377228393))"
554,36.075224621326385,120.26892650909093,1,"POLYGON ((120.26438562357939 36.0715082199257, 120.26438562357939 36.07894102272708, 120.27346739460243 36.07894102272708, 120.27346739460243 36.0715082199257, 120.26438562357939 36.0715082199257))"
555,25.339386302231922,119.64866975157233,1,"POLYGON ((119.64401259339074 25.3349299171608, 119.64401259339074 25.34384268730304, 119.65332690975394 25.34384268730304, 119.65332690975394 25.3349299171608, 119.64401259339074 25.3349299171608))"
556,21.537425411395546,111.85036428,1,"POLYGON ((111.8457138235794 21.53295256595476, 111.8457138235794 21.54189825683633, 111.8550147364206 21.54189825683633, 111.8550147364206 21.53295256595476, 111.8457138235794 21.53295256595476))"
557,31.743586048393983,121.19731346296297,1,"POLYGON ((121.1927114235794 31.73970656553944, 121.1927114235794 31.747465531248512, 121.20191550234651 31.747465531248512, 121.20191550234651 31.73970656553944, 121.1927114235794 31.73970656553944))"
558,32.037916773433274,119.93349095071709,1,"POLYGON ((119.92881119281016 32.03370314606592, 119.92881119281016 32.04213040080063, 119.93817070862399 32.04213040080063, 119.93817070862399 32.03370314606592, 119.92881119281016 32.03370314606592))"
559,24.408862289549564,118.36351685000001,1,"POLYGON ((118.35887512357941 24.4045102356325, 118.35887512357941 24.413214343466635, 118.36815857642058 24.413214343466635, 118.36815857642058 24.4045102356325, 118.35887512357941 24.4045102356325))"
560,36.00666707535783,120.25097423412696,1,"POLYGON ((120.2463350346905 36.00278295030389, 120.2463350346905 36.010551200411776, 120.25561343356345 36.010551200411776, 120.25561343356345 36.00278295030389, 120.2463350346905 36.00278295030389))"
561,22.690903985762656,115.04845996388886,1,"POLYGON ((115.04393570135714 22.68652411587143, 115.04393570135714 22.695283855653884, 115.05298422642059 22.695283855653884, 115.05298422642059 22.68652411587143, 115.04393570135714 22.68652411587143))"
562,23.71482941207144,117.54660977272724,1,"POLYGON ((117.54147742357938 23.71046495945824, 117.54147742357938 23.71919386468464, 117.5517421218751 23.71919386468464, 117.5517421218751 23.71046495945824, 117.54147742357938 23.71046495945824))"
563,32.040581748996814,120.73188193939393,1,"POLYGON ((120.72733975691274 32.036650196299675, 120.72733975691274 32.044513301693954, 120.73642412187515 32.044513301693954, 120.73642412187515 32.036650196299675, 120.72733975691274 32.036650196299675))"
564,21.852394570769846,113.2653999,1,"POLYGON ((113.26088609024607 21.848166032811765, 113.26088609024607 21.856623108727927, 113.26991370975394 21.856623108727927, 113.26991370975394 21.848166032811765, 113.26088609024607 21.848166032811765))"
565,38.93929594866423,121.61210341820276,1,"POLYGON ((121.60759511712779 38.935758953663175, 121.60759511712779 38.94283294366527, 121.61661171927774 38.94283294366527, 121.61661171927774 38.935758953663175, 121.60759511712779 38.935758953663175))"
566,27.230285909545128,120.32961713888888,1,"POLYGON ((120.32463986802385 27.22628353966431, 120.32463986802385 27.23428827942594, 120.33459440975393 27.23428827942594, 120.33459440975393 27.22628353966431, 120.32463986802385 27.22628353966431))"
567,32.05472111051734,119.9422313800905,1,"POLYGON ((119.93768795299115 32.05025368368634, 119.93768795299115 32.059188537348355, 119.94677480718983 32.059188537348355, 119.94677480718983 32.05025368368634, 119.93768795299115 32.05025368368634))"
568,29.94318112972707,122.24690859384022,1,"POLYGON ((122.24172324994598 29.939256026010128, 122.24172324994598 29.94710623344402, 122.25209393773447 29.94710623344402, 122.25209393773447 29.939256026010128, 122.24172324994598 29.939256026010128))"
569,39.57823657785772,121.28003367514127,1,"POLYGON ((121.27554075691275 39.574769217434294, 121.27554075691275 39.58170393828115, 121.28452659336975 39.58170393828115, 121.28452659336975 39.574769217434294, 121.27554075691275 39.574769217434294))"
570,30.064361255600456,121.8479861,1,"POLYGON ((121.84345942357942 30.06043829483867, 121.84345942357942 30.068284216362247, 121.85251277642058 30.068284216362247, 121.85251277642058 30.06043829483867, 121.84345942357942 30.06043829483867))"
571,26.937452881843445,120.24133411250001,1,"POLYGON ((120.23666454857941 26.93304991720888, 120.23666454857941 26.941855846478017, 120.2460036764206 26.941855846478017, 120.2460036764206 26.93304991720888, 120.23666454857941 26.93304991720888))"
572,29.193857097002915,121.77537631398614,2,"POLYGON ((121.76991382357942 29.18572439955719, 121.76991382357942 29.196022356633165, 121.7710669235794 29.20191746452673, 121.78091507642057 29.20191746452673, 121.78091507642057 29.192854838845506, 121.7795915764206 29.18572439955719, 121.76991382357942 29.18572439955719))"
573,21.42958177289434,111.29739038333331,1,"POLYGON ((111.29288952357939 21.425381044589642, 111.29288952357939 21.43378250119904, 111.30189124308727 21.43378250119904, 111.30189124308727 21.425381044589642, 111.29288952357939 21.425381044589642))"
574,29.92565179086198,122.29105546765643,1,"POLYGON ((122.28654622845744 29.921749210652244, 122.28654622845744 29.92955437107172, 122.2955647068554 29.92955437107172, 122.2955647068554 29.921749210652244, 122.28654622845744 29.921749210652244))"
575,32.128971555645116,119.91744032962328,1,"POLYGON ((119.91280304857939 32.1247202787783, 119.91280304857939 32.13322283251193, 119.92207761066715 32.13322283251193, 119.92207761066715 32.1247202787783, 119.91280304857939 32.1247202787783))"
576,30.244967413580632,122.10282112499999,1,"POLYGON ((122.0979586735794 30.240838731666766, 122.0979586735794 30.2490960954945, 122.10768357642058 30.2490960954945, 122.10768357642058 30.240838731666766, 122.0979586735794 30.240838731666766))"
577,30.25001080449593,122.115302,1,"POLYGON ((122.11072842357939 30.246074538408, 122.11072842357939 30.25394707058386, 122.1198755764206 30.25394707058386, 122.1198755764206 30.246074538408, 122.11072842357939 30.246074538408))"
578,30.153402286010795,122.06488313443397,1,"POLYGON ((122.06011792357941 30.149167114025254, 122.06011792357941 30.157637457996334, 122.06964834528851 30.157637457996334, 122.06964834528851 30.149167114025254, 122.06011792357941 30.149167114025254))"
579,30.25707546307604,122.25221724886876,1,"POLYGON ((122.24769830593235 30.253166689088776, 122.24769830593235 30.260984237063305, 122.2567361918052 30.260984237063305, 122.2567361918052 30.253166689088776, 122.24769830593235 30.253166689088776))"
580,39.01519404838045,117.77129439715617,2,"POLYGON ((117.76716125691274 39.009369687926686, 117.7661244735794 39.013568039839676, 117.7661244735794 39.02103620855227, 117.77523989221007 39.02103620855227, 117.77647500499201 39.0172520119838, 117.77647500499201 39.009369687926686, 117.76716125691274 39.009369687926686))"
581,36.0127715347421,120.23212449177194,3,"POLYGON ((120.22175395691274 36.00549097509958, 120.22175395691274 36.01339002829914, 120.23259609024606 36.020069031536934, 120.24251238197616 36.020069031536934, 120.24251238197616 36.012290638488714, 120.23189157642062 36.00549097509958, 120.22175395691274 36.00549097509958))"
582,39.01659407836563,121.85995339062502,1,"POLYGON ((121.8553604235794 39.01305532859226, 121.8553604235794 39.020132828139, 121.86454635767059 39.020132828139, 121.86454635767059 39.01305532859226, 121.8553604235794 39.01305532859226))"
583,31.6315320892824,121.23728689607844,1,"POLYGON ((121.23263615691275 31.627409843635323, 121.23263615691275 31.635654334929463, 121.24193763524414 31.635654334929463, 121.24193763524414 31.627409843635323, 121.23263615691275 31.627409843635323))"
584,30.094784803947274,121.98436236815067,1,"POLYGON ((121.9794484235794 30.09067699425474, 121.9794484235794 30.09889261363981, 121.98927631272194 30.09889261363981, 121.98927631272194 30.09067699425474, 121.9794484235794 30.09067699425474))"
585,27.249211585707776,120.2472720833333,1,"POLYGON ((120.24243059024606 27.24495946898438, 120.24243059024606 27.253463702431176, 120.25211357642058 27.253463702431176, 120.25211357642058 27.24495946898438, 120.24243059024606 27.24495946898438))"
586,30.099266414162678,121.95410466086992,1,"POLYGON ((121.94958254479151 30.095351075659327, 121.94958254479151 30.103181752666032, 121.9586267769483 30.103181752666032, 121.9586267769483 30.095351075659327, 121.94958254479151 30.095351075659327))"
587,39.90871056234847,119.58683459110364,2,"POLYGON ((119.58286206874068 39.903585168945476, 119.58155220135717 39.905717093234095, 119.58155220135717 39.91375109661041, 119.59176974308728 39.91375109661041, 119.59202957642057 39.91057000264245, 119.59202957642057 39.903585168945476, 119.58286206874068 39.903585168945476))"
588,27.98927501453665,120.83207875671987,1,"POLYGON ((120.82748960057056 27.985274872706718, 120.82748960057056 27.993275156366586, 120.83666791286919 27.993275156366586, 120.83666791286919 27.985274872706718, 120.82748960057056 27.985274872706718))"
589,30.131323150247955,122.13092343924359,2,"POLYGON ((122.12744471524607 30.125198058354684, 122.1249188235794 30.129558488173934, 122.1249188235794 30.137421164793864, 122.1342188983384 30.137421164793864, 122.13687669180523 30.133756600681007, 122.13687669180523 30.125198058354684, 122.12744471524607 30.125198058354684))"
590,36.01385897525638,129.40052825307563,1,"POLYGON ((129.39601761466216 36.01020419996489, 129.39601761466216 36.01751375054788, 129.4050388914891 36.01751375054788, 129.4050388914891 36.01020419996489, 129.39601761466216 36.01020419996489))"
591,35.97387100210757,126.52943376364478,1,"POLYGON ((126.52491216826027 35.97022434059047, 126.52491216826027 35.97751766362468, 126.53395535902929 35.97751766362468, 126.53395535902929 35.97022434059047, 126.52491216826027 35.97022434059047))"
592,31.951798685337575,120.31164791676083,1,"POLYGON ((120.30676657913494 31.947923666665652, 120.30676657913494 31.95567370400949, 120.31652925438671 31.95567370400949, 120.31652925438671 31.947923666665652, 120.30676657913494 31.947923666665652))"
593,22.476830708916616,113.1870260102339,1,"POLYGON ((113.18216355515834 22.472604223170215, 113.18216355515834 22.481057194663013, 113.19188846530946 22.481057194663013, 113.19188846530946 22.472604223170215, 113.18216355515834 22.472604223170215))"
594,22.829792082315706,115.99174620289853,1,"POLYGON ((115.98695809024606 22.82534038102809, 115.98695809024606 22.83424378360332, 115.99653431555102 22.83424378360332, 115.99653431555102 22.82534038102809, 115.98695809024606 22.82534038102809))"
595,21.584507495859103,108.47410343712491,1,"POLYGON ((108.46935253896402 21.579338663797234, 108.46935253896402 21.589676327920973, 108.47885433528583 21.589676327920973, 108.47885433528583 21.579338663797234, 108.46935253896402 21.579338663797234))"
596,37.54795824122915,121.45639608333332,1,"POLYGON ((121.45169359024607 37.54424979068057, 121.45169359024607 37.55166669177775, 121.4610985764206 37.55166669177775, 121.4610985764206 37.54424979068057, 121.45169359024607 37.54424979068057))"
597,29.111805021815737,121.62408545833331,1,"POLYGON ((121.61904609024606 29.10713748226138, 121.61904609024606 29.116472561370102, 121.62912482642058 29.116472561370102, 121.62912482642058 29.10713748226138, 121.61904609024606 29.10713748226138))"
598,30.164119551710645,122.02910071895423,1,"POLYGON ((122.02455697913494 30.160172106113563, 122.02455697913494 30.168066997307715, 122.03364445877351 30.168066997307715, 122.03364445877351 30.160172106113563, 122.02455697913494 30.160172106113563))"
599,28.371189507038984,121.66980694444445,1,"POLYGON ((121.66517275691274 28.3671653412081, 121.66517275691274 28.375213672869872, 121.67444113197614 28.375213672869872, 121.67444113197614 28.3671653412081, 121.66517275691274 28.3671653412081))"
600,33.8119881536214,120.45804764473682,1,"POLYGON ((120.45353021305307 33.80821448310048, 120.45353021305307 33.815761824142314, 120.46256507642056 33.815761824142314, 120.46256507642056 33.80821448310048, 120.45353021305307 33.80821448310048))"
601,25.421506237317743,119.11803065592704,1,"POLYGON ((119.11347639500796 25.41727201567138, 119.11347639500796 25.425740458964107, 119.12258491684614 25.425740458964107, 119.12258491684614 25.41727201567138, 119.11347639500796 25.41727201567138))"
602,23.319158762806985,116.75066909990888,1,"POLYGON ((116.75044941293066 23.30540188570514, 116.7437450292132 23.32699423116999, 116.7437450292132 23.331747735683106, 116.75182311739776 23.331747735683106, 116.75823851553335 23.307282194531844, 116.75044941293066 23.30540188570514))"
603,26.264327446791302,119.7929906666667,1,"POLYGON ((119.78825942357942 26.25981877123044, 119.78825942357942 26.268836122352177, 119.79772190975395 26.268836122352177, 119.79772190975395 26.25981877123044, 119.78825942357942 26.25981877123044))"
604,38.97839094869565,121.74935640999999,1,"POLYGON ((121.7448149235794 38.97459072240912, 121.7448149235794 38.98219117498216, 121.75389789642058 38.98219117498216, 121.75389789642058 38.97459072240912, 121.7448149235794 38.97459072240912))"
605,34.75159877712168,119.37781930555556,1,"POLYGON ((119.37321286802384 34.74787399744379, 119.37321286802384 34.755323556799574, 119.38242574308727 34.755323556799574, 119.38242574308727 34.74787399744379, 119.37321286802384 34.74787399744379))"
606,29.93984846448463,121.97824298257203,1,"POLYGON ((121.9737428313464 29.935944063740422, 121.9737428313464 29.943752865228838, 121.98274313379764 29.943752865228838, 121.98274313379764 29.935944063740422, 121.9737428313464 29.935944063740422))"
607,31.383305881193117,121.5557863660845,1,"POLYGON ((121.55127745174843 31.379441675557565, 121.55127745174843 31.387170086828664, 121.56029528042059 31.387170086828664, 121.56029528042059 31.379441675557565, 121.55127745174843 31.379441675557565))"
608,40.73970866559072,121.9901603333333,1,"POLYGON ((121.98562492357938 40.73627258081891, 121.98562492357938 40.743144750362525, 121.99469574308725 40.743144750362525, 121.99469574308725 40.73627258081891, 121.98562492357938 40.73627258081891))"
609,29.78902157287409,122.1290452242026,1,"POLYGON ((122.12454811588705 29.785106621368776, 122.12454811588705 29.792936524379403, 122.13354233251816 29.792936524379403, 122.13354233251816 29.785106621368776, 122.12454811588705 29.785106621368776))"
610,34.43064266027139,119.7947570053137,2,"POLYGON ((119.78926609024606 34.42449379441755, 119.78926609024606 34.43214090017274, 119.79051329314463 34.43682626066583, 119.80018009565134 34.43682626066583, 119.80018009565134 34.42704082849658, 119.7985256764206 34.42449379441755, 119.78926609024606 34.42449379441755))"
611,34.44316921418193,119.79594857878786,1,"POLYGON ((119.7910515144885 34.43651109412839, 119.7910515144885 34.449827334235465, 119.80084564308726 34.449827334235465, 119.80084564308726 34.43651109412839, 119.7910515144885 34.43651109412839))"
612,31.023831329795666,121.48633245241146,1,"POLYGON ((121.48154147991744 31.019475437925824, 121.48154147991744 31.0281872216655, 121.49112342490545 31.0281872216655, 121.49112342490545 31.019475437925824, 121.48154147991744 31.019475437925824))"
613,31.05399166421869,121.4724696768901,11,"POLYGON ((121.47262181246828 31.030228877478265, 121.47079642357942 31.035930696809054, 121.4625486235794 31.06611213390843, 121.4625486235794 31.076962874398625, 121.47265157642057 31.076962874398625, 121.4790882014206 31.055911298887892, 121.48092157642058 31.048351406655158, 121.4814863764206 31.04535767768795, 121.48173697642056 31.03801057467778, 121.48173697642056 31.030228877478265, 121.47262181246828 31.030228877478265))"
614,31.13297314941893,121.45873888333331,1,"POLYGON ((121.45305759024605 31.128569246180703, 121.45305759024605 31.13737705265716, 121.46442017642059 31.13737705265716, 121.46442017642059 31.128569246180703, 121.45305759024605 31.128569246180703))"
615,31.312757870223543,121.55490088888888,1,"POLYGON ((121.55028420135717 31.30840691709391, 121.55028420135717 31.317108823353166, 121.55951757642059 31.317108823353166, 121.55951757642059 31.30840691709391, 121.55028420135717 31.30840691709391))"
616,31.221304868931966,118.11700324999998,1,"POLYGON ((118.1101749235794 31.216158800447502, 118.1101749235794 31.226450937416438, 118.12383157642059 31.226450937416438, 118.12383157642059 31.216158800447502, 118.1101749235794 31.216158800447502))"
617,23.495456635623935,116.48751544223319,2,"POLYGON ((116.48328862357938 23.486262256302624, 116.48145952884255 23.496296303202016, 116.48145952884255 23.50461097617012, 116.49048450975393 23.50461097617012, 116.49340274308723 23.50021785297278, 116.49340274308723 23.486262256302624, 116.48328862357938 23.486262256302624))"
618,34.325630243639324,119.74835517583239,1,"POLYGON ((119.74320603367114 34.32151402839401, 119.74320603367114 34.32974645888464, 119.75350431799363 34.32974645888464, 119.75350431799363 34.32151402839401, 119.74320603367114 34.32151402839401))"
619,32.18662401723215,119.030866994829,2,"POLYGON ((119.02333605819477 32.180594737355634, 119.02333605819477 32.18847596863147, 119.02635613786511 32.19254451842033, 119.0384011097539 32.19254451842033, 119.0384011097539 32.183047487233054, 119.03248182642061 32.180594737355634, 119.02333605819477 32.180594737355634))"
620,31.76048719241347,118.46798394723218,7,"POLYGON ((118.45813509024605 31.749561749809168, 118.45813509024605 31.758220494977984, 118.46044498240295 31.765725828415604, 118.46325079857941 31.767735602336025, 118.46852879857941 31.771059631811436, 118.47817048551151 31.771059631811436, 118.47817048551151 31.76158722576911, 118.47417148551148 31.754772253658814, 118.4674235764206 31.749561749809168, 118.45813509024605 31.749561749809168))"
621,31.285695662890646,118.21199525769457,7,"POLYGON ((118.1974032114582 31.27539449495547, 118.1974032114582 31.29298623089153, 118.2184837235794 31.29549532872505, 118.22846795142058 31.29549532872505, 118.22846795142058 31.286882926888378, 118.21787948551147 31.27539449495547, 118.1974032114582 31.27539449495547))"
622,31.30514986665513,121.56010691428571,1,"POLYGON ((121.55528342357937 31.299065437108176, 121.55528342357937 31.311234296202088, 121.56493040499204 31.311234296202088, 121.56493040499204 31.299065437108176, 121.55528342357937 31.299065437108176))"
623,23.51570229990195,116.40766473083558,2,"POLYGON ((116.40530372660972 23.510142211096937, 116.40002742357939 23.512656748073553, 116.40002742357939 23.521105755737096, 116.41091131158042 23.521105755737096, 116.41511057642056 23.51928087052398, 116.41511057642056 23.510142211096937, 116.40530372660972 23.510142211096937))"
624,23.49522101298955,116.40985338032789,1,"POLYGON ((116.40531382357942 23.49091063488304, 116.40531382357942 23.499531391096056, 116.41439293707634 23.499531391096056, 116.41439293707634 23.49091063488304, 116.40531382357942 23.49091063488304))"
625,31.285566077732273,121.56726824414717,1,"POLYGON ((121.5626389887968 31.281154638138275, 121.5626389887968 31.28997751732628, 121.5718974994975 31.28997751732628, 121.5718974994975 31.281154638138275, 121.5626389887968 31.281154638138275))"
626,22.444606228202222,113.04188622609993,2,"POLYGON ((113.03922125691274 22.439338569097654, 113.03362020406722 22.44107628776765, 113.03362020406722 22.449932148657453, 113.04384265142056 22.449932148657453, 113.05021721927776 22.448069092242257, 113.05021721927776 22.439338569097654, 113.03922125691274 22.439338569097654))"
627,22.299695048560995,113.07424734562512,3,"POLYGON ((113.0671984235794 22.29237718492315, 113.0671984235794 22.301804358288784, 113.0713014235794 22.30763124196234, 113.0805344499569 22.30763124196234, 113.0807289312593 22.30432042214979, 113.0807289312593 22.293086206009164, 113.07672977642058 22.29237718492315, 113.0671984235794 22.29237718492315))"
628,31.09666871306465,121.46051408359736,3,"POLYGON ((121.4559572760384 31.087288074160632, 121.45323070929369 31.093231314757954, 121.45323070929369 31.103937818170703, 121.45597128072227 31.106076184495514, 121.4659383264206 31.106076184495514, 121.4675297764206 31.099418516686107, 121.4675297764206 31.087288074160632, 121.4559572760384 31.087288074160632))"
629,31.398725840020205,118.34612518157894,1,"POLYGON ((118.3414730235794 31.394708473544426, 118.3414730235794 31.402743206495987, 118.35077733957847 31.402743206495987, 118.35077733957847 31.394708473544426, 118.3414730235794 31.394708473544426))"
630,31.27519896403053,118.19508853689203,5,"POLYGON ((118.19496703227504 31.26721539813671, 118.1823978941676 31.267216935283653, 118.1823978941676 31.275613021432342, 118.18955427774608 31.282688837607893, 118.19405353469052 31.284215537962332, 118.20628040975392 31.284215537962332, 118.20628040975392 31.27345779708799, 118.2041349514206 31.26721539813671, 118.19496703227504 31.26721539813671))"
631,23.523799056709677,116.3796071666132,4,"POLYGON ((116.38118175691272 23.51783165880464, 116.36728842357941 23.52027013438217, 116.36728842357941 23.529068600656064, 116.37128186457319 23.529363765887357, 116.38045500195251 23.529363765887357, 116.3880902736683 23.529031071395696, 116.39133593356343 23.526922124966617, 116.39133593356343 23.51783165880464, 116.38118175691272 23.51783165880464))"
632,31.19714237441506,118.00431492905847,13,"POLYGON ((117.99589649254492 31.176904223680253, 117.99536755691273 31.18502911955145, 117.99536755691273 31.193438578371886, 117.99715040317122 31.20663815615379, 117.99990637971976 31.217457187482548, 118.00985873454026 31.217457187482548, 118.0140967014206 31.20559297231118, 118.0140967014206 31.19627838424341, 118.01200948551148 31.188694485015947, 118.00879584914786 31.18094737053542, 118.00525782642056 31.176904223680253, 117.99589649254492 31.176904223680253))"
633,31.13162592703974,118.00054153349947,1,"POLYGON ((117.99603010962592 31.127630160503482, 117.99603010962592 31.135621693576, 118.00505295737301 31.135621693576, 118.00505295737301 31.127630160503482, 117.99603010962592 31.127630160503482))"
634,31.45674770603019,118.33960411163335,1,"POLYGON ((118.33504434249829 31.452907183984532, 118.33504434249829 31.46058822807584, 118.3441638807684 31.46058822807584, 118.3441638807684 31.452907183984532, 118.33504434249829 31.452907183984532))"
635,31.208175195228737,118.07925392380953,1,"POLYGON ((118.07454493786513 31.204261202846208, 118.07454493786513 31.21208918761126, 118.08396290975395 31.21208918761126, 118.08396290975395 31.204261202846208, 118.07454493786513 31.204261202846208))"
636,23.471683162436534,116.4823704038208,1,"POLYGON ((116.47716632213013 23.466006507749174, 116.47716632213013 23.47735981712389, 116.48757448551147 23.47735981712389, 116.48757448551147 23.466006507749174, 116.47716632213013 23.466006507749174))"
637,23.462427452125368,116.47339228333334,1,"POLYGON ((116.4686818235794 23.45803250812817, 116.4686818235794 23.466822396122566, 116.47810274308728 23.466822396122566, 116.47810274308728 23.45803250812817, 116.4686818235794 23.45803250812817))"
638,32.271392815748335,119.43905739440994,1,"POLYGON ((119.43339699500798 32.267241240642576, 119.43339699500798 32.27554439085411, 119.44471779381189 32.27554439085411, 119.44471779381189 32.267241240642576, 119.43339699500798 32.267241240642576))"
639,32.17411138228049,118.86780486725226,3,"POLYGON ((118.86022514771733 32.169081288418745, 118.86022514771733 32.17732664388186, 118.86622700894524 32.17911883551567, 118.8754453764206 32.17911883551567, 118.8754453764206 32.171285361260686, 118.87006948653294 32.169081288418745, 118.86022514771733 32.169081288418745))"
640,23.505665428950714,116.38316469509593,1,"POLYGON ((116.37864452805698 23.501490906493164, 116.37864452805698 23.509839951408264, 116.38768486213488 23.509839951408264, 116.38768486213488 23.501490906493164, 116.37864452805698 23.501490906493164))"
641,32.1879260898893,119.2838338540816,1,"POLYGON ((119.27828283174267 32.183779660662665, 119.27828283174267 32.19207251911593, 119.28938487642056 32.19207251911593, 119.28938487642056 32.183779660662665, 119.27828283174267 32.183779660662665))"
642,32.1659757705164,118.85202404642855,1,"POLYGON ((118.84723694500798 32.16217017288845, 118.84723694500798 32.16978136814435, 118.85681114784917 32.16978136814435, 118.85681114784917 32.16217017288845, 118.84723694500798 32.16217017288845))"
643,32.18735019759308,119.32137113194443,1,"POLYGON ((119.31591731246827 32.18336308771271, 119.31591731246827 32.19133730747345, 119.32682495142059 32.19133730747345, 119.32682495142059 32.18336308771271, 119.31591731246827 32.18336308771271))"
644,32.1858543388956,118.88672505407916,3,"POLYGON ((118.87798046705767 32.1816414463816, 118.87798046705767 32.189419575060235, 118.88629407742555 32.1900938594018, 118.89544526872828 32.1900938594018, 118.89544526872828 32.18238326902245, 118.89291543356346 32.182020314473554, 118.88810188411291 32.1816414463816, 118.87798046705767 32.1816414463816))"
645,32.26755018531339,119.428521075,1,"POLYGON ((119.4238541735794 32.26365308289981, 119.4238541735794 32.27144728772698, 119.4331879764206 32.27144728772698, 119.4331879764206 32.26365308289981, 119.4238541735794 32.26365308289981))"
646,32.20429458655359,119.24800890284611,2,"POLYGON ((119.24454073753287 32.19984276904656, 119.2423631085109 32.201023843849505, 119.2423631085109 32.208743647150015, 119.25158507642061 32.208743647150015, 119.25365264870975 32.2075284945125, 119.25365264870975 32.19984276904656, 119.24454073753287 32.19984276904656))"
647,26.885810758591035,119.6551763001421,3,"POLYGON ((119.6528376235794 26.879857980102038, 119.64596594738893 26.883306521389976, 119.64596594738893 26.89138478307521, 119.65502108705887 26.89138478307521, 119.6640489764206 26.89021291791289, 119.6640489764206 26.882005531900212, 119.66227414784915 26.879857980102038, 119.6528376235794 26.879857980102038))"
648,22.448375473819787,113.02944301262626,1,"POLYGON ((113.02449705994303 22.444159880057263, 113.02449705994303 22.45259106758231, 113.03438896530947 22.45259106758231, 113.03438896530947 22.444159880057263, 113.02449705994303 22.444159880057263))"
649,22.37569113105626,113.07665816868278,1,"POLYGON ((113.07205529857939 22.370600408705933, 113.07205529857939 22.380781853406596, 113.0812610387862 22.380781853406596, 113.0812610387862 22.370600408705933, 113.07205529857939 22.370600408705933))"
650,22.308160058851808,113.06596136842103,1,"POLYGON ((113.0613091604215 22.303749823217817, 113.0613091604215 22.312570294485802, 113.07061357642058 22.312570294485802, 113.07061357642058 22.303749823217817, 113.0613091604215 22.303749823217817))"
651,31.009480742142912,121.44544924358837,3,"POLYGON ((121.4436149235794 31.003657692982046, 121.43602004857941 31.00627479866743, 121.43602004857941 31.014728460213536, 121.44432278423514 31.01482728917191, 121.4542010501048 31.01482728917191, 121.4542010501048 31.006941725600914, 121.45402570142056 31.003657692982046, 121.4436149235794 31.003657692982046))"
652,32.200252745123144,119.28082169430098,5,"POLYGON ((119.2879334235794 32.192410586317926, 119.28060238654237 32.192900938639646, 119.2752732235794 32.19362694690415, 119.26842513410571 32.19699301642497, 119.26425025336664 32.20065778226064, 119.26425025336664 32.20907515818445, 119.27610242642056 32.20907515818445, 119.29878132642055 32.20063986535566, 119.29878132642055 32.192410586317926, 119.2879334235794 32.192410586317926))"
653,30.984686210317623,121.37622136363636,1,"POLYGON ((121.3708671508521 30.980434710076306, 121.3708671508521 30.988937710558943, 121.3815755764206 30.988937710558943, 121.3815755764206 30.980434710076306, 121.3708671508521 30.980434710076306))"
654,32.237230046276245,119.2533360588768,1,"POLYGON ((119.24883704857938 32.23340129659939, 119.24883704857938 32.2410587959531, 119.25783506917423 32.2410587959531, 119.25783506917423 32.23340129659939, 119.24883704857938 32.23340129659939))"
655,31.71626517321241,118.45236114133834,1,"POLYGON ((118.4475892184512 31.711869366680535, 118.4475892184512 31.720660979744284, 118.45713306422547 31.720660979744284, 118.45713306422547 31.711869366680535, 118.4475892184512 31.711869366680535))"
656,31.54985484935156,118.38069765773432,4,"POLYGON ((118.3729317985794 31.539004103531287, 118.3729317985794 31.547301504840334, 118.37646452035361 31.56122168649457, 118.38729615536795 31.56122168649457, 118.38793482642059 31.5545489654247, 118.38793482642059 31.543308018669116, 118.38305574308727 31.539004103531287, 118.3729317985794 31.539004103531287))"
657,32.19411809997557,119.35052054565219,1,"POLYGON ((119.34470831488375 32.18989217678937, 119.34470831488375 32.198344023161766, 119.3563327764206 32.198344023161766, 119.3563327764206 32.18989217678937, 119.34470831488375 32.18989217678937))"
658,30.98300187361667,121.36064315909093,1,"POLYGON ((121.35612192357941 30.97907110959643, 121.35612192357941 30.986932637636908, 121.36516439460243 30.986932637636908, 121.36516439460243 30.97907110959643, 121.35612192357941 30.97907110959643))"
659,31.001954590133362,121.42901644999999,1,"POLYGON ((121.4237908235794 30.997880159699008, 121.4237908235794 31.00602902056772, 121.4342420764206 31.00602902056772, 121.4342420764206 30.997880159699008, 121.4237908235794 30.997880159699008))"
660,32.23656321668136,119.17426159999997,1,"POLYGON ((119.1695890235794 32.23267110356765, 119.1695890235794 32.24045532979508, 119.17893417642055 32.24045532979508, 119.17893417642055 32.23267110356765, 119.1695890235794 32.23267110356765))"
661,31.817125475350025,118.52943591502576,2,"POLYGON ((118.52405783534408 31.81155706112393, 118.52405783534408 31.819492541971677, 118.52582982357941 31.822698498891704, 118.534815420865 31.822698498891704, 118.534815420865 31.81500253588966, 118.53317138942872 31.81155706112393, 118.52405783534408 31.81155706112393))"
662,38.09301900065361,118.04109056689246,2,"POLYGON ((118.03899757742552 38.08575287027763, 118.03403916432015 38.09125932531492, 118.03403916432015 38.10019402525944, 118.0442199514206 38.10019402525944, 118.04815673431534 38.09355397604878, 118.04815673431534 38.08575287027763, 118.03899757742552 38.08575287027763))"
663,38.06265700566165,118.03890691727374,2,"POLYGON ((118.03598925691274 38.055957377316524, 118.0329006235794 38.05863134864388, 118.0329006235794 38.069398929671294, 118.04319028230296 38.069398929671294, 118.04506264784915 38.06307173549034, 118.04506264784915 38.055957377316524, 118.03598925691274 38.055957377316524))"
664,38.07607058365213,118.04592330519482,1,"POLYGON ((118.04039985215084 38.068873001547054, 118.04039985215084 38.083268165757225, 118.05144675823877 38.083268165757225, 118.05144675823877 38.068873001547054, 118.04039985215084 38.068873001547054))"
665,38.03078717284782,118.03626705444879,2,"POLYGON ((118.03063783098679 38.02559033891364, 118.03063783098679 38.03392239145869, 118.03262596204095 38.035997666979696, 118.04189157642055 38.035997666979696, 118.04189157642055 38.02809283119532, 118.04033041642057 38.02559033891364, 118.03063783098679 38.02559033891364))"
666,38.01895297651754,118.02362869908177,4,"POLYGON ((118.0145431735794 38.011882448465435, 118.0145431735794 38.01917583112554, 118.01598234665632 38.022851464205374, 118.02113509024608 38.025029620930226, 118.02401498028044 38.02586928828637, 118.03308583567986 38.02586928828637, 118.03308583567986 38.01877389600409, 118.02811164784914 38.01328891636652, 118.0238380764206 38.011882448465435, 118.0145431735794 38.011882448465435))"
667,31.119348425178387,121.46622983333332,1,"POLYGON ((121.46165517357939 31.115285231727146, 121.46165517357939 31.12341161862962, 121.47080449308727 31.12341161862962, 121.47080449308727 31.115285231727146, 121.46165517357939 31.115285231727146))"
668,32.25179599512854,119.13068665640036,5,"POLYGON ((119.13258374176118 32.24771824835495, 119.11963858199526 32.247938360587874, 119.11963858199526 32.255736999067885, 119.1241112985794 32.25587153559763, 119.13320693058725 32.25587153559763, 119.13539513197615 32.255842345340874, 119.13777484914787 32.25578182205138, 119.14170281585722 32.25549766189671, 119.14170281585722 32.24771824835495, 119.13258374176118 32.24771824835495))"
669,34.28696931139866,119.7052573574368,2,"POLYGON ((119.6978107569127 34.281269521071074, 119.6978107569127 34.290439870199656, 119.7031244635794 34.29274963583416, 119.7126915764206 34.29274963583416, 119.7126915764206 34.2847439244948, 119.70966634112648 34.281269521071074, 119.6978107569127 34.281269521071074))"
670,34.391659980709356,119.79391976981695,2,"POLYGON ((119.7858830485794 34.38726452919801, 119.7858830485794 34.39622185517514, 119.79661913892059 34.39622185517514, 119.80229284914786 34.39502869589095, 119.80229284914786 34.38741573719161, 119.79661913892059 34.38726452919801, 119.7858830485794 34.38726452919801))"
671,34.42290097420738,119.78615649055861,1,"POLYGON ((119.78129908211599 34.41856672230959, 119.78129908211599 34.42723522610517, 119.79101389900123 34.42723522610517, 119.79101389900123 34.41856672230959, 119.78129908211599 34.41856672230959))"
672,31.77586835780463,118.4951040081081,1,"POLYGON ((118.48957263979561 31.771103878980465, 118.48957263979561 31.780632836628783, 118.5006353764206 31.780632836628783, 118.5006353764206 31.771103878980465, 118.48957263979561 31.771103878980465))"
673,23.549419996888407,116.43767635957916,1,"POLYGON ((116.43279400189262 23.54465125431068, 116.43279400189262 23.554188739466145, 116.44255871726568 23.554188739466145, 116.44255871726568 23.54465125431068, 116.43279400189262 23.54465125431068))"
674,22.80856353714688,113.02620079349802,4,"POLYGON ((113.01779113325681 22.799223001140888, 113.01779113325681 22.807754821083922, 113.0203428235794 22.818169315606553, 113.0322437624671 22.818169315606553, 113.03496856600393 22.810870538903405, 113.03496856600393 22.80249578915924, 113.0268444514206 22.799223001140888, 113.01779113325681 22.799223001140888))"
675,22.80238241308503,113.00634726875,1,"POLYGON ((113.00174402357942 22.79818278889518, 113.00174402357942 22.806582037274893, 113.01095051392059 22.806582037274893, 113.01095051392059 22.79818278889518, 113.00174402357942 22.79818278889518))"
676,22.882693049546777,112.90428867045452,1,"POLYGON ((112.8996976735794 22.878158276991805, 112.8996976735794 22.88722782210175, 112.90887966732967 22.88722782210175, 112.90887966732967 22.878158276991805, 112.8996976735794 22.878158276991805))"
677,22.389685504595004,113.07878387786978,1,"POLYGON ((113.0742282784181 22.385464023949005, 113.0742282784181 22.393906985240996, 113.0833394773215 22.393906985240996, 113.0833394773215 22.385464023949005, 113.0742282784181 22.385464023949005))"
678,31.785085901570408,118.50915837931032,1,"POLYGON ((118.50406142357939 31.781017418371896, 118.50406142357939 31.78915438476891, 118.51425533504127 31.78915438476891, 118.51425533504127 31.781017418371896, 118.50406142357939 31.781017418371896))"
679,31.083489104612898,121.47095714554791,1,"POLYGON ((121.46640167357941 31.07955634543327, 121.46640167357941 31.08742186379254, 121.47551261751649 31.08742186379254, 121.47551261751649 31.07955634543327, 121.46640167357941 31.07955634543327))"
680,31.291164781293126,121.56025870807454,1,"POLYGON ((121.55570955401419 31.287077684817508, 121.55570955401419 31.29525187776875, 121.56480786213488 31.29525187776875, 121.56480786213488 31.287077684817508, 121.55570955401419 31.287077684817508))"
681,31.236155502183948,118.13918182950191,1,"POLYGON ((118.13361497913495 31.231555759496697, 118.13361497913495 31.240755244871195, 118.14474867986885 31.240755244871195, 118.14474867986885 31.231555759496697, 118.13361497913495 31.231555759496697))"
682,32.12922089753306,118.77599631666666,1,"POLYGON ((118.76940005691273 32.123730569614004, 118.76940005691273 32.13471122545212, 118.78259257642058 32.13471122545212, 118.78259257642058 32.123730569614004, 118.76940005691273 32.123730569614004))"
683,32.19965927585148,118.75941595702763,2,"POLYGON ((118.75612775691275 32.19250762515349, 118.75306622357941 32.194438505801415, 118.75306622357941 32.20666236841459, 118.7652771764206 32.20666236841459, 118.76567177642059 32.200560297250895, 118.76567177642059 32.19250762515349, 118.75612775691275 32.19250762515349))"
684,31.102249517444164,117.99708299690559,2,"POLYGON ((117.99054802774606 31.095252729932692, 117.99054802774606 31.103522899258742, 117.99388569384969 31.109278357837617, 118.00354570975392 31.109278357837617, 118.00354570975392 31.100141067507117, 118.00002685142059 31.095252729932692, 117.99054802774606 31.095252729932692))"
685,31.19650099573271,118.06313128333333,1,"POLYGON ((118.05857759024607 31.19259362109889, 118.05857759024607 31.20040837036654, 118.06768497642061 31.20040837036654, 118.06768497642061 31.19259362109889, 118.05857759024607 31.19259362109889))"
686,32.229837187013466,119.19334147914743,3,"POLYGON ((119.19389009024603 32.223954860900186, 119.18929042357941 32.224798441092084, 119.18369118357941 32.22780950030406, 119.18369118357941 32.23587904115954, 119.19297874308728 32.23587904115954, 119.19897424308728 32.23394180216083, 119.20319183729016 32.231596611325, 119.20319183729016 32.223954860900186, 119.19389009024603 32.223954860900186))"
687,32.23215782953298,118.83717046375683,2,"POLYGON ((118.83428423607937 32.227297609855896, 118.83096684749245 32.22923750118241, 118.83096684749245 32.23701793207395, 118.84004098458388 32.23701793207395, 118.8433733966453 32.23508948460838, 118.8433733966453 32.227297609855896, 118.83428423607937 32.227297609855896))"
688,32.16951942568339,118.95350580864307,2,"POLYGON ((118.95144246955641 32.16551245598137, 118.94645258507008 32.165843811915856, 118.94645258507008 32.17351031140123, 118.95546754271273 32.17351031140123, 118.9605360264206 32.17327681696704, 118.9605360264206 32.16551245598137, 118.95144246955641 32.16551245598137))"
689,31.173460057061217,117.99745220833329,1,"POLYGON ((117.99288284024604 31.16959643162998, 117.99288284024604 31.177323682492457, 118.00202157642056 31.177323682492457, 118.00202157642056 31.16959643162998, 117.99288284024604 31.16959643162998))"
690,32.17632065019912,118.8555141884058,1,"POLYGON ((118.84810575691273 32.170745866519184, 118.84810575691273 32.18189543387906, 118.86292261989885 32.18189543387906, 118.86292261989885 32.170745866519184, 118.84810575691273 32.170745866519184))"
691,30.71940448660874,117.39255651496995,2,"POLYGON ((117.38720085215083 30.714742575289574, 117.38720085215083 30.72336184132028, 117.38890111923159 30.724030383873362, 117.39795934112647 30.724030383873362, 117.39795934112647 30.71619724223381, 117.39654338892062 30.714742575289574, 117.38720085215083 30.714742575289574))"
692,31.255880440292863,118.16544129166667,1,"POLYGON ((118.15982900691273 31.25146831913295, 118.15982900691273 31.260292561452776, 118.17105357642059 31.260292561452776, 118.17105357642059 31.25146831913295, 118.15982900691273 31.25146831913295))"
693,32.2232874907233,119.05909802997425,2,"POLYGON ((119.05158967357941 32.21535722979949, 119.05158967357941 32.22791082097158, 119.05719112357941 32.231264635305514, 119.06679294005697 32.231264635305514, 119.06679294005697 32.22336281441212, 119.06400303096606 32.21535722979949, 119.05158967357941 32.21535722979949))"
694,31.748577283271807,118.47013660666667,1,"POLYGON ((118.4652817569127 31.74464583591964, 118.4652817569127 31.752508730623973, 118.47499145642061 31.752508730623973, 118.47499145642061 31.74464583591964, 118.4652817569127 31.74464583591964))"
695,30.86717520138638,117.73357062499997,1,"POLYGON ((117.72881742357936 30.86279561646919, 117.72881742357936 30.871554786303573, 117.73832382642058 30.871554786303573, 117.73832382642058 30.86279561646919, 117.72881742357936 30.86279561646919))"
696,30.906193192170054,117.74071908098934,2,"POLYGON ((117.73582038511786 30.90135637578255, 117.73582038511786 30.909299481544878, 117.73633010050247 30.911087495258624, 117.7453892014206 30.911087495258624, 117.74559064888435 30.909299481544878, 117.74559064888435 30.90135637578255, 117.73582038511786 30.90135637578255))"
697,30.730881421141127,117.4229761159791,2,"POLYGON ((117.41786905994304 30.725713196460845, 117.41786905994304 30.733766817405908, 117.41802265249508 30.736059725546312, 117.4280715764206 30.736059725546312, 117.4280715764206 30.72779168825981, 117.42801884914788 30.725713196460845, 117.41786905994304 30.725713196460845))"
698,30.82578959871161,117.72142919318647,3,"POLYGON ((117.7145356235794 30.818676043312657, 117.7145356235794 30.827213943674113, 117.71767583174268 30.83156074288498, 117.71926742357941 30.833007210933093, 117.72827230369334 30.833007210933093, 117.72827230369334 30.825181404618075, 117.72747956479269 30.82331761395933, 117.72457626392061 30.818676043312657, 117.7145356235794 30.818676043312657))"
699,30.73696821375894,117.43120768333331,1,"POLYGON ((117.42587029024605 30.732753096652214, 117.42587029024605 30.74118333086566, 117.43654507642059 30.74118333086566, 117.43654507642059 30.732753096652214, 117.42587029024605 30.732753096652214))"
700,32.18257077665188,118.7656509285714,1,"POLYGON ((118.76051028072224 32.17788691462403, 118.76051028072224 32.18725463867974, 118.77079157642059 32.18725463867974, 118.77079157642059 32.17788691462403, 118.76051028072224 32.17788691462403))"
701,32.19108769471813,119.27320735196007,2,"POLYGON ((119.27045417357941 32.186575777422426, 119.26682062357938 32.18794551319436, 119.26682062357938 32.195589604877235, 119.27587461213488 32.195589604877235, 119.27957832642058 32.19433080745279, 119.27957832642058 32.186575777422426, 119.27045417357941 32.186575777422426))"
702,31.472726860505432,118.30522683536584,1,"POLYGON ((118.30072192357939 31.468863205131893, 118.30072192357939 31.476590515878968, 118.3097317471523 31.476590515878968, 118.3097317471523 31.468863205131893, 118.30072192357939 31.468863205131893))"
703,32.238710576714716,119.15681590894538,1,"POLYGON ((119.15078083035907 32.23390086609947, 119.15078083035907 32.243520287329964, 119.16285098753168 32.243520287329964, 119.16285098753168 32.23390086609947, 119.15078083035907 32.23390086609947))"
704,32.23777493195505,119.20505393063186,1,"POLYGON ((119.19927210215083 32.23360761772645, 119.19927210215083 32.24194224618364, 119.21083575911291 32.24194224618364, 119.21083575911291 32.23360761772645, 119.19927210215083 32.23360761772645))"
705,22.573285914145156,113.4872064689602,3,"POLYGON ((113.47750215085213 22.569010775969804, 113.47750215085213 22.577420320655758, 113.48793261107939 22.577547559909448, 113.49693648946408 22.577547559909448, 113.49693648946408 22.569242951541295, 113.49366744005695 22.569124599968827, 113.48723115536795 22.569010775969804, 113.47750215085213 22.569010775969804))"
706,22.871458764314198,112.91651353701717,2,"POLYGON ((112.91229863288171 22.86657174438356, 112.91169069024606 22.86801297757707, 112.91169069024606 22.87634115904903, 112.92080189784916 22.87634115904903, 112.92133184057154 22.874869403895797, 112.92133184057154 22.86657174438356, 112.91229863288171 22.86657174438356))"
707,22.743512499936912,113.07754916645487,3,"POLYGON ((113.0732198235794 22.734708563197987, 113.07159902357938 22.742926934464794, 113.07159902357938 22.752057386552956, 113.08111968753171 22.752057386552956, 113.08310902086501 22.750748604800062, 113.0832418264206 22.743619704803073, 113.0832418264206 22.734708563197987, 113.0732198235794 22.734708563197987))"
708,31.94779585904944,118.62439424999995,1,"POLYGON ((118.6191444453185 31.94327841262754, 118.6191444453185 31.952313305471346, 118.62964405468146 31.952313305471346, 118.62964405468146 31.94327841262754, 118.6191444453185 31.94327841262754))"
709,22.813952870016035,113.01578510735293,1,"POLYGON ((113.01094987357939 22.809575029171427, 113.01094987357939 22.818330710860643, 113.02062034112647 22.818330710860643, 113.02062034112647 22.809575029171427, 113.01094987357939 22.809575029171427))"
710,34.34430161172827,119.74615455257566,2,"POLYGON ((119.74134792357938 34.337473897492444, 119.74107492357939 34.34057663184318, 119.74107492357939 34.35106476068541, 119.75122859145816 34.35106476068541, 119.75122859145816 34.34057663184318, 119.75100592936175 34.337473897492444, 119.74134792357938 34.337473897492444))"
711,32.179200861654124,119.01866552352942,1,"POLYGON ((119.01416282357938 32.175395310604685, 119.01416282357938 32.183006412703556, 119.02316822347942 32.183006412703556, 119.02316822347942 32.175395310604685, 119.01416282357938 32.175395310604685))"
712,32.21915520515226,119.21575247619046,1,"POLYGON ((119.21106909024604 32.21518530594767, 119.21106909024604 32.223125104356846, 119.22043586213489 32.223125104356846, 119.22043586213489 32.21518530594767, 119.21106909024604 32.21518530594767))"
713,31.936336996711354,118.61155620669714,3,"POLYGON ((118.60464594630665 31.928029837603972, 118.60401372792724 31.93197859055259, 118.60401372792724 31.9405589597683, 118.60966069630668 31.944065852976017, 118.61964471435164 31.944065852976017, 118.61964471435164 31.935351823020355, 118.61365204308724 31.928029837603972, 118.60464594630665 31.928029837603972))"
714,34.2192638649493,119.58192454166665,1,"POLYGON ((119.5774114235794 34.215477601721695, 119.5774114235794 34.223050128176894, 119.58643765975393 34.223050128176894, 119.58643765975393 34.215477601721695, 119.5774114235794 34.215477601721695))"
715,34.22694131987021,119.5997266019231,1,"POLYGON ((119.59517557742555 34.22321566407642, 119.59517557742555 34.230666975664, 119.60427762642061 34.230666975664, 119.60427762642061 34.22321566407642, 119.59517557742555 34.22321566407642))"
716,34.35382280336299,119.75886400387598,1,"POLYGON ((119.75434275691273 34.350108418073184, 119.75434275691273 34.35753718865278, 119.7633852508392 34.35753718865278, 119.7633852508392 34.350108418073184, 119.75434275691273 34.350108418073184))"
717,34.32067995619914,119.7338620670498,1,"POLYGON ((119.72933786802383 34.31692401282777, 119.72933786802383 34.324435899570524, 119.73838626607572 34.324435899570524, 119.73838626607572 34.31692401282777, 119.72933786802383 34.31692401282777))"
718,34.230719575946665,119.6078173076923,1,"POLYGON ((119.602780038964 34.2266602075638, 119.602780038964 34.234778944329534, 119.6128545764206 34.234778944329534, 119.6128545764206 34.2266602075638, 119.602780038964 34.2266602075638))"
719,32.200201034255244,119.0493987922078,1,"POLYGON ((119.04471928072228 32.19624496697086, 119.04471928072228 32.20415710153962, 119.05407830369332 32.20415710153962, 119.05407830369332 32.19624496697086, 119.04471928072228 32.19624496697086))"
720,23.456267267413303,116.46466150000002,1,"POLYGON ((116.45968059024608 23.452094522834756, 116.45968059024608 23.46044001199185, 116.46964240975393 23.46044001199185, 116.46964240975393 23.452094522834756, 116.45968059024608 23.452094522834756))"
721,34.36490771696253,119.76993697771694,1,"POLYGON ((119.76491742357939 34.36031326488325, 119.76491742357939 34.36950216904179, 119.7749565318545 34.36950216904179, 119.7749565318545 34.36031326488325, 119.76491742357939 34.36031326488325))"
722,32.24046088787536,119.31272633333333,1,"POLYGON ((119.30794342357942 32.23647806275569, 119.30794342357942 32.244443712995036, 119.31750924308726 32.244443712995036, 119.31750924308726 32.23647806275569, 119.30794342357942 32.23647806275569))"
723,34.30770158605256,119.73105742208405,4,"POLYGON ((119.72264009024606 34.30057626016016, 119.72264009024606 34.30832786431902, 119.72903010892422 34.31498847475894, 119.73915443356347 34.31498847475894, 119.73915443356347 34.306578703648945, 119.7370400764206 34.30325718059487, 119.7340800764206 34.30174172367243, 119.73171575823876 34.30057626016016, 119.72264009024606 34.30057626016016))"
724,22.444725378792477,113.01261452365591,1,"POLYGON ((113.0080792235794 22.440540005051673, 113.0080792235794 22.44891075253328, 113.01714982373242 22.44891075253328, 113.01714982373242 22.440540005051673, 113.0080792235794 22.440540005051673))"
725,32.19729896428167,119.26015574451478,1,"POLYGON ((119.2550728792756 32.193205587638424, 119.2550728792756 32.20139234092492, 119.26523860975392 32.20139234092492, 119.26523860975392 32.193205587638424, 119.2550728792756 32.193205587638424))"
726,22.970570042050284,112.85890873318179,1,"POLYGON ((112.8542835035794 22.966261467191245, 112.8542835035794 22.97487861690932, 112.8635339627842 22.97487861690932, 112.8635339627842 22.966261467191245, 112.8542835035794 22.966261467191245))"
727,22.763398350907895,113.09912598214287,1,"POLYGON ((113.09404413786513 22.75915953772933, 113.09404413786513 22.76763716408646, 113.10420782642058 22.76763716408646, 113.10420782642058 22.75915953772933, 113.09404413786513 22.75915953772933))"
728,22.92940453186159,112.8699879861111,1,"POLYGON ((112.86519017357939 22.925023332236442, 112.86519017357939 22.93378573148674, 112.87478579864282 22.93378573148674, 112.87478579864282 22.925023332236442, 112.86519017357939 22.925023332236442))"
729,30.662666711778673,117.26300183333336,1,"POLYGON ((117.25841509024607 30.658736667896207, 117.25841509024607 30.666596755661132, 117.26758857642061 30.666596755661132, 117.26758857642061 30.658736667896207, 117.25841509024607 30.658736667896207))"
730,30.65308925907116,117.27933060336537,1,"POLYGON ((117.27438086107941 30.648935776154172, 117.27438086107941 30.657242741988153, 117.28428034565134 30.657242741988153, 117.28428034565134 30.648935776154172, 117.27438086107941 30.648935776154172))"
