terminal_id,lat,lon,berth_count,dwell_minutes,center_method,polygon
0,36.02856796969697,120.22749515151516,9,56625.850000000006,duration_weighted_berth_medoid,"POLYGON ((120.20520655088416 36.00796523071767, 120.23611019103176 36.00796523071767, 120.23611019103176 36.03269169012896, 120.20520655088416 36.03269169012896, 120.20520655088416 36.00796523071767))"
1,29.96974581818182,121.73142313636363,5,288044.05,duration_weighted_berth_medoid,"POLYGON ((121.7211078866936 29.961105177188376, 121.7445702557581 29.961105177188376, 121.7445702557581 29.978206472726967, 121.7211078866936 29.978206472726967, 121.7211078866936 29.961105177188376))"
2,34.4283146,119.7939092,2,31355.166666666668,duration_weighted_berth_medoid,"POLYGON ((119.78886996857047 34.42416704413942, 119.80060991271614 34.42416704413942, 119.80060991271614 34.43718075162462, 119.78886996857047 34.43718075162462, 119.78886996857047 34.42416704413942))"
3,39.20837098148149,118.99111805555556,12,360005.01666666666,duration_weighted_berth_medoid,"POLYGON ((118.97409159927066 39.19510004225265, 119.00513909555998 39.19510004225265, 119.00513909555998 39.21976051811441, 118.97409159927066 39.21976051811441, 118.97409159927066 39.19510004225265))"
4,39.21045625,119.00892791666666,8,372588.26666666666,duration_weighted_berth_medoid,"POLYGON ((118.99907076264884 39.197501306748656, 119.02522341235117 39.197501306748656, 119.02522341235117 39.21501055436826, 118.99907076264884 39.21501055436826, 118.99907076264884 39.197501306748656))"
5,34.475525634920636,119.78628074603174,1,62845.450000000004,duration_weighted_berth_medoid,"POLYGON ((119.77942362931553 34.46916547229102, 119.7937798144891 34.46916547229102, 119.7937798144891 34.482340458316365, 119.77942362931553 34.482340458316365, 119.77942362931553 34.46916547229102))"
6,34.442998,119.79618388235295,2,42015.816666666666,duration_weighted_berth_medoid,"POLYGON ((119.79061098728458 34.436147767068135, 119.8012926379125 34.436147767068135, 119.8012926379125 34.4501136453847, 119.79061098728458 34.4501136453847, 119.79061098728458 34.436147767068135))"
7,34.590170729166665,119.60588560416666,3,29343.016666666663,duration_weighted_berth_medoid,"POLYGON ((119.60086638962312 34.58356713182007, 119.61700202997316 34.58356713182007, 119.61700202997316 34.5943439029362, 119.60086638962312 34.5943439029362, 119.60086638962312 34.58356713182007))"
8,38.947784999999996,118.45825825,7,131846.51666666666,duration_weighted_berth_medoid,"POLYGON ((118.4490194626489 38.94051004030193, 118.46904465321255 38.94051004030193, 118.46904465321255 38.96214348074118, 118.4490194626489 38.96214348074118, 118.4490194626489 38.94051004030193))"
9,38.96871393442623,118.45514906557376,6,144761.45,duration_weighted_berth_medoid,"POLYGON ((118.45001860651463 38.95666708215355, 118.46022290072932 38.95666708215355, 118.46022290072932 38.977878794050646, 118.45001860651463 38.977878794050646, 118.45001860651463 38.95666708215355))"
10,38.9963995,118.45519483333334,4,47813.733333333344,duration_weighted_berth_medoid,"POLYGON ((118.44981022970885 38.98614855580528, 118.46029635362449 38.98614855580528, 118.46029635362449 39.01001031644872, 118.44981022970885 39.01001031644872, 118.44981022970885 38.98614855580528))"
11,38.97720117857143,118.45511096428572,5,122197.11666666667,duration_weighted_berth_medoid,"POLYGON ((118.45004982149287 38.972333613090385, 118.46033660072929 38.972333613090385, 118.46033660072929 38.99081220536157, 118.45004982149287 38.99081220536157, 118.45004982149287 38.972333613090385))"
12,39.576325,121.262405,2,205416.55,duration_weighted_berth_medoid,"POLYGON ((121.25315703764882 39.57124997011818, 121.26953637068445 39.57124997011818, 121.26953637068445 39.583710676281285, 121.25315703764882 39.583710676281285, 121.25315703764882 39.57124997011818))"
13,39.58503143478261,121.28841873913044,2,191042.55000000002,duration_weighted_berth_medoid,"POLYGON ((121.28217173827794 39.58006515883399, 121.29651694663977 39.58006515883399, 121.29651694663977 39.59423109130677, 121.28217173827794 39.59423109130677, 121.28217173827794 39.58006515883399))"
14,39.214932000000005,119.03197606896552,4,56414.91666666666,duration_weighted_berth_medoid,"POLYGON ((119.02450819153536 39.209729626895296, 119.04191265639878 39.209729626895296, 119.04191265639878 39.22141299040658, 119.02450819153536 39.22141299040658, 119.02450819153536 39.209729626895296))"
15,39.92469474647887,119.67636757746479,11,170443.73333333334,duration_weighted_berth_medoid,"POLYGON ((119.66063181764302 39.90998670720093, 119.68263857124585 39.90998670720093, 119.68263857124585 39.93708323040737, 119.66063181764302 39.93708323040737, 119.66063181764302 39.90998670720093))"
16,38.94346063414634,118.4467070487805,1,44827.4,duration_weighted_berth_medoid,"POLYGON ((118.43877074836313 38.938176704848196, 118.45445131861423 38.938176704848196, 118.45445131861423 38.94874411108388, 118.43877074836313 38.94874411108388, 118.43877074836313 38.938176704848196))"
17,38.97226310810811,117.76098777027026,10,124744.58333333333,duration_weighted_berth_medoid,"POLYGON ((117.74753978868004 38.96597075392639, 117.7812664722807 38.96597075392639, 117.7812664722807 38.98646343339073, 117.74753978868004 38.98646343339073, 117.74753978868004 38.96597075392639))"
18,38.973708499999994,117.7859677962963,7,57026.46666666667,duration_weighted_berth_medoid,"POLYGON ((117.77383401593735 38.963282918223506, 117.79405837759712 38.963282918223506, 117.79405837759712 38.98312718128748, 117.77383401593735 38.98312718128748, 117.77383401593735 38.963282918223506))"
19,38.9839079375,117.78047471875,4,20215.350000000002,duration_weighted_berth_medoid,"POLYGON ((117.77435648461079 38.977508877032754, 117.78924173883514 38.977508877032754, 117.78924173883514 38.99103283520617, 117.77435648461079 38.99103283520617, 117.77435648461079 38.977508877032754))"
20,40.2523666375,122.08205977499999,1,241000.5,duration_weighted_berth_medoid,"POLYGON ((122.07687592690378 40.24314508019543, 122.09661973406263 40.24314508019543, 122.09661973406263 40.26508927522607, 122.07687592690378 40.26508927522607, 122.07687592690378 40.24314508019543))"
21,38.96738914423077,118.47184888461538,1,281037.7666666667,duration_weighted_berth_medoid,"POLYGON ((118.46440607375999 38.95703002370649, 118.4821473617222 38.95703002370649, 118.4821473617222 38.97416832508784, 118.46440607375999 38.97416832508784, 118.46440607375999 38.95703002370649))"
22,29.97054466292135,122.15078051685393,1,67108.95000000001,duration_weighted_berth_medoid,"POLYGON ((122.14536696264885 29.96601632648164, 122.15673193277024 29.96601632648164, 122.15673193277024 29.976061129074164, 122.14536696264885 29.976061129074164, 122.14536696264885 29.96601632648164))"
23,31.024236609375,121.486345109375,1,28667.983333333334,duration_weighted_berth_medoid,"POLYGON ((121.481126512365 31.019090512559536, 121.49156395210935 31.019090512559536, 121.49156395210935 31.028542812431766, 121.481126512365 31.028542812431766, 121.481126512365 31.019090512559536))"
24,31.056826382352938,121.47264359558824,8,139704.48333333334,duration_weighted_berth_medoid,"POLYGON ((121.4622014200269 31.04691946848682, 121.47950316897297 31.04691946848682, 121.47950316897297 31.077234892442117, 121.4622014200269 31.077234892442117, 121.4622014200269 31.04691946848682))"
25,31.04006892,121.47640691999999,4,57890.93333333334,duration_weighted_berth_medoid,"POLYGON ((121.47044922002685 31.02984584887583, 121.48216679348533 31.02984584887583, 121.48216679348533 31.050951618306463, 121.47044922002685 31.050951618306463, 121.47044922002685 31.02984584887583))"
26,26.72602115384615,119.73616476923077,2,67223.65,duration_weighted_berth_medoid,"POLYGON ((119.73013496264889 26.719808627857297, 119.74116270401771 26.719808627857297, 119.74116270401771 26.73055220189684, 119.73013496264889 26.73055220189684, 119.73013496264889 26.719808627857297))"
27,31.133493692307695,121.45783084615384,1,2505.75,duration_weighted_berth_medoid,"POLYGON ((121.45268412931559 31.12818476222873, 121.46486717124581 31.12818476222873, 121.46486717124581 31.13769670851049, 121.45268412931559 31.13769670851049, 121.45268412931559 31.12818476222873))"
28,26.0411542,119.50263850000002,1,31001.216666666667,duration_weighted_berth_medoid,"POLYGON ((119.49715060651461 26.035870352773067, 119.5079649333148 26.035870352773067, 119.5079649333148 26.047140435560927, 119.49715060651461 26.047140435560927, 119.49715060651461 26.035870352773067))"
29,31.49786483435583,121.37119857055215,3,40888.83333333333,duration_weighted_berth_medoid,"POLYGON ((121.36532480375415 31.49273292272705, 121.38010115971916 31.49273292272705, 121.38010115971916 31.505688471146662, 121.36532480375415 31.505688471146662, 121.36532480375415 31.49273292272705))"
30,38.98517462831859,117.7388952920354,4,35501.183333333334,duration_weighted_berth_medoid,"POLYGON ((117.72676882002695 38.98034995707266, 117.74637170401775 38.98034995707266, 117.74637170401775 38.9914998299604, 117.72676882002695 38.9914998299604, 117.72676882002695 38.98034995707266))"
31,27.997375842857142,120.87555838571427,1,104632.46666666669,duration_weighted_berth_medoid,"POLYGON ((120.86752167875414 27.992754885770434, 120.88344704834833 27.992754885770434, 120.88344704834833 28.001845071978998, 120.86752167875414 28.001845071978998, 120.86752167875414 27.992754885770434))"
32,31.998684683544305,120.5561041392405,1,13683.55,duration_weighted_berth_medoid,"POLYGON ((120.5493046287368 31.994180849719573, 120.56243779346806 31.994180849719573, 120.56243779346806 32.003115687095374, 120.5493046287368 32.003115687095374, 120.5493046287368 31.994180849719573))"
33,27.97040362162162,120.7919195,2,129266.5,duration_weighted_berth_medoid,"POLYGON ((120.78024477250416 27.965565747293635, 120.8016757190091 27.965565747293635, 120.8016757190091 27.976390742764035, 120.78024477250416 27.976390742764035, 120.78024477250416 27.965565747293635))"
34,31.31232717721519,121.55483663291139,1,21990.766666666666,duration_weighted_berth_medoid,"POLYGON ((121.54984367415325 31.308023163841497, 121.55995810362454 31.308023163841497, 121.55995810362454 31.317485166604175, 121.54984367415325 31.317485166604175, 121.54984367415325 31.308023163841497))"
35,39.50829981640625,121.27224996875,2,34854.98333333333,duration_weighted_berth_medoid,"POLYGON ((121.26708005375414 39.49686000473952, 121.27727978168168 39.49686000473952, 121.27727978168168 39.51360041501789, 121.26708005375414 39.51360041501789, 121.26708005375414 39.49686000473952))"
36,31.923670414715723,120.16438249498329,10,228609.09999999998,duration_weighted_berth_medoid,"POLYGON ((120.14001034875416 31.91582595550922, 120.17470195755708 31.91582595550922, 120.17470195755708 31.93232204981693, 120.14001034875416 31.93232204981693, 120.14001034875416 31.91582595550922))"
37,31.9320282987013,120.12951923376625,2,43897.08333333333,duration_weighted_berth_medoid,"POLYGON ((120.12366442875415 31.925692879037257, 120.14273360005699 31.925692879037257, 120.14273360005699 31.936278200399677, 120.12366442875415 31.936278200399677, 120.12366442875415 31.925692879037257))"
38,31.47966566666667,121.40186585714285,1,15119.65,duration_weighted_berth_medoid,"POLYGON ((121.39684389598219 31.474756289584633, 121.40765271473558 31.474756289584633, 121.40765271473558 31.484097756925735, 121.39684389598219 31.484097756925735, 121.39684389598219 31.474756289584633))"
39,38.95535621454545,118.48164275636363,1,253440.63333333336,duration_weighted_berth_medoid,"POLYGON ((118.47318296264893 38.94443248867726, 118.49235450150452 38.94443248867726, 118.49235450150452 38.963439990871514, 118.47318296264893 38.963439990871514, 118.47318296264893 38.94443248867726))"
40,31.740033266666668,121.04287126666667,2,49846.56666666667,duration_weighted_berth_medoid,"POLYGON ((121.02971223310195 31.735533845735482, 121.04851558698502 31.735533845735482, 121.04851558698502 31.747780075828523, 121.02971223310195 31.747780075828523, 121.02971223310195 31.735533845735482))"
41,19.96389988372093,110.03564493023255,2,9710.400000000001,duration_weighted_berth_medoid,"POLYGON ((110.02967003340531 19.95894606414032, 110.04369460401175 19.95894606414032, 110.04369460401175 19.969082973097752, 110.02967003340531 19.969082973097752, 110.02967003340531 19.95894606414032))"
42,23.095037021276596,113.43569608510639,3,84745.08333333336,duration_weighted_berth_medoid,"POLYGON ((113.42705305375415 23.089678134314326, 113.45072790362448 23.089678134314326, 113.45072790362448 23.100042594005238, 113.42705305375415 23.100042594005238, 113.42705305375415 23.089678134314326))"
43,21.078314313253014,110.43014508433735,1,13281.650000000001,duration_weighted_berth_medoid,"POLYGON ((110.42523034634829 21.073439069423674, 110.43537948187988 21.073439069423674, 110.43537948187988 21.082887180878025, 110.42523034634829 21.082887180878025, 110.42523034634829 21.073439069423674))"
44,23.444005131578947,116.50524764473685,2,26481.6,duration_weighted_berth_medoid,"POLYGON ((116.49694512931553 23.437888105856256, 116.51210146289196 23.437888105856256, 116.51210146289196 23.448604641676045, 116.49694512931553 23.448604641676045, 116.49694512931553 23.437888105856256))"
45,25.186847245614032,119.01362978947368,1,3839.116666666667,duration_weighted_berth_medoid,"POLYGON ((119.00851921553105 25.182376170944032, 119.01940197862446 25.182376170944032, 119.01940197862446 25.191773034317592, 119.00851921553105 25.191773034317592, 119.00851921553105 25.182376170944032))"
46,23.060967670731706,113.48216118292682,1,40054.866666666676,duration_weighted_berth_medoid,"POLYGON ((113.47525630190391 23.05591235980064, 113.48826290457916 23.05591235980064, 113.48826290457916 23.066215214884394, 113.47525630190391 23.066215214884394, 113.47525630190391 23.05591235980064))"
47,35.596761560509556,119.79058261146498,1,169947.0,duration_weighted_berth_medoid,"POLYGON ((119.78022906472265 35.58169757353122, 119.79919343625699 35.58169757353122, 119.79919343625699 35.608475350367335, 119.78022906472265 35.608475350367335, 119.78022906472265 35.58169757353122))"
48,31.22124368181818,118.11658554545456,1,43799.883333333324,duration_weighted_berth_medoid,"POLYGON ((118.10982772002686 31.21577467190848, 118.12427857124581 31.21577467190848, 118.12427857124581 31.22674783939447, 118.10982772002686 31.22674783939447, 118.10982772002686 31.21577467190848))"
49,36.67145516981132,121.23532349056603,1,6881.333333333333,duration_weighted_berth_medoid,"POLYGON ((121.23029891811123 36.66719967710602, 121.24027525906267 36.66719967710602, 121.24027525906267 36.67657170931613, 121.23029891811123 36.67657170931613, 121.23029891811123 36.66719967710602))"
50,21.572527901960783,108.3583975882353,2,60316.21666666667,duration_weighted_berth_medoid,"POLYGON ((108.3509608454208 21.560116746174224, 108.36396723406506 21.560116746174224, 108.36396723406506 21.57914344044561, 108.3509608454208 21.57914344044561, 108.3509608454208 21.560116746174224))"
51,23.4927091875,116.488474375,2,110885.01666666668,duration_weighted_berth_medoid,"POLYGON ((116.48101253401728 23.485850308187437, 116.49384973791248 23.485850308187437, 116.49384973791248 23.50502088229471, 116.48101253401728 23.50502088229471, 116.48101253401728 23.485850308187437))"
52,25.9826992625,119.47049059999999,4,129442.38333333335,duration_weighted_berth_medoid,"POLYGON ((119.46033814303983 25.972913730977808, 119.48099594663978 25.972913730977808, 119.48099594663978 25.994019527922838, 119.46033814303983 25.994019527922838, 119.46033814303983 25.972913730977808))"
53,21.619233634615384,108.37241207692308,2,67768.9,duration_weighted_berth_medoid,"POLYGON ((108.36654772287179 21.613064062365915, 108.3802467547424 21.613064062365915, 108.3802467547424 21.62834913696864, 108.36654772287179 21.62834913696864, 108.36654772287179 21.613064062365915))"
54,31.923939909090908,120.18327490909091,8,74733.55,duration_weighted_berth_medoid,"POLYGON ((120.17167193260403 31.912618266178576, 120.19874524806892 31.912618266178576, 120.19874524806892 31.92845940937554, 120.17167193260403 31.92845940937554, 120.17167193260403 31.912618266178576))"
55,40.309881850000004,122.07679826666666,4,60633.7,duration_weighted_berth_medoid,"POLYGON ((122.06806490190378 40.29531257401764, 122.08634159420002 40.29531257401764, 122.08634159420002 40.319695167177585, 122.06806490190378 40.319695167177585, 122.06806490190378 40.29531257401764))"
56,32.187284702127656,119.03183740425533,3,98959.23333333334,duration_weighted_berth_medoid,"POLYGON ((119.02289553099085 32.18021458139373, 119.03877457068437 32.18021458139373, 119.03877457068437 32.19289568922038, 119.02289553099085 32.19289568922038, 119.02289553099085 32.18021458139373))"
57,31.812975018518518,120.94671375925925,5,39956.23333333334,duration_weighted_berth_medoid,"POLYGON ((120.94036885745932 31.801769559856194, 120.95788227997322 31.801769559856194, 120.95788227997322 31.818677161371742, 120.94036885745932 31.818677161371742, 120.94036885745932 31.801769559856194))"
58,31.946100973684214,120.18253515789473,2,63776.76666666666,duration_weighted_berth_medoid,"POLYGON ((120.17423524875414 31.94088024954892, 120.19730452698217 31.94088024954892, 120.19730452698217 31.95055827931996, 120.17423524875414 31.95055827931996, 120.17423524875414 31.94088024954892))"
59,31.7613678,118.4659748,7,22074.916666666664,duration_weighted_berth_medoid,"POLYGON ((118.45772012269369 31.749208878885067, 118.47851768906402 31.749208878885067, 118.47851768906402 31.771354809479632, 118.45772012269369 31.771354809479632, 118.45772012269369 31.749208878885067))"
60,31.283930204545456,118.20547847727272,7,110543.8,duration_weighted_berth_medoid,"POLYGON ((118.19695405381613 31.275012455814366, 118.22686033466188 31.275012455814366, 118.22686033466188 31.295007250585147, 118.19695405381613 31.295007250585147, 118.19695405381613 31.275012455814366))"
61,31.276745858823528,118.19699929411766,6,30972.849999999995,duration_weighted_berth_medoid,"POLYGON ((118.18196807710278 31.26683332587278, 118.20583988076967 31.26683332587278, 118.20583988076967 31.28459753982464, 118.18196807710278 31.28459753982464, 118.18196807710278 31.26683332587278))"
62,31.30415415,121.5601547,1,88784.55,duration_weighted_berth_medoid,"POLYGON ((121.55483642875413 31.29868164580719, 121.56537739981728 31.29868164580719, 121.56537739981728 31.311616188562933, 121.55483642875413 31.311616188562933, 121.55483642875413 31.29868164580719))"
63,26.458708650000002,119.69895553333335,2,47517.933333333334,duration_weighted_berth_medoid,"POLYGON ((119.68728313435837 26.452353808881636, 119.70705385166528 26.452353808881636, 119.70705385166528 26.46673153186565, 119.68728313435837 26.46673153186565, 119.68728313435837 26.452353808881636))"
64,25.731651285714285,119.62112745238095,1,32756.23333333333,duration_weighted_berth_medoid,"POLYGON ((119.61495689192442 25.72508003967359, 119.6267050307053 25.72508003967359, 119.6267050307053 25.737307088560062, 119.61495689192442 25.737307088560062, 119.61495689192442 25.72508003967359))"
65,35.087555333333334,119.36401462222223,8,69205.9,duration_weighted_berth_medoid,"POLYGON ((119.35881836859768 35.07206186159368, 119.37842431805285 35.07206186159368, 119.37842431805285 35.10083143186486, 119.35881836859768 35.10083143186486, 119.35881836859768 35.07206186159368))"
66,31.943251605263157,120.21376939473684,6,95665.48333333332,duration_weighted_berth_medoid,"POLYGON ((120.19867315097638 31.938305517055614, 120.23040631543188 31.938305517055614, 120.23040631543188 31.94990208707155, 120.19867315097638 31.94990208707155, 120.19867315097638 31.938305517055614))"
67,31.943517054545456,120.23721461818181,2,31026.26666666667,duration_weighted_berth_medoid,"POLYGON ((120.22515197329852 31.93807782682947, 120.24225645056327 31.93807782682947, 120.24225645056327 31.947743861791754, 120.22515197329852 31.947743861791754, 120.22515197329852 31.93807782682947))"
68,32.04494414285714,119.94829278571429,2,1089.15,duration_weighted_berth_medoid,"POLYGON ((119.94345400574117 32.03849067643975, 119.95520553735115 32.03849067643975, 119.95520553735115 32.0491558753209, 119.94345400574117 32.0491558753209, 119.94345400574117 32.03849067643975))"
69,32.312219,119.82690560869565,1,31563.05,duration_weighted_berth_medoid,"POLYGON ((119.82130483221417 32.30766717312741, 119.83220141869297 32.30766717312741, 119.83220141869297 32.31705513664784, 119.82130483221417 32.31705513664784, 119.82130483221417 32.30766717312741))"
70,35.160832944444444,119.39735731111111,1,379635.01666666666,duration_weighted_berth_medoid,"POLYGON ((119.38496623652556 35.15664325067911, 119.41093312181773 35.15664325067911, 119.41093312181773 35.164999096502164, 119.38496623652556 35.164999096502164, 119.38496623652556 35.15664325067911))"
71,34.74634832960894,119.41412307821228,10,93719.73333333334,duration_weighted_berth_medoid,"POLYGON ((119.39365380375412 34.74034705139575, 119.4298213363201 34.74034705139575, 119.4298213363201 34.753942417922715, 119.39365380375412 34.753942417922715, 119.39365380375412 34.74034705139575))"
72,34.74829003333333,119.4365555,4,8550.150000000001,duration_weighted_berth_medoid,"POLYGON ((119.42798251618956 34.74230896151858, 119.4479248704263 34.74230896151858, 119.4479248704263 34.75252250239356, 119.42798251618956 34.75252250239356, 119.42798251618956 34.74230896151858))"
73,34.61306597674418,119.55368593023256,2,51732.233333333344,duration_weighted_berth_medoid,"POLYGON ((119.54836967875417 34.60435150239947, 119.56563680713093 34.60435150239947, 119.56563680713093 34.6200540442509, 119.54836967875417 34.6200540442509, 119.54836967875417 34.60435150239947))"
74,35.31650235211267,119.51573874647887,2,83874.23333333334,duration_weighted_berth_medoid,"POLYGON ((119.51039802875414 35.302094359398204, 119.5207946886081 35.302094359398204, 119.5207946886081 35.32374092481942, 119.51039802875414 35.32374092481942, 119.51039802875414 35.302094359398204))"
75,34.32600646060606,119.74893588030302,1,25036.466666666667,duration_weighted_berth_medoid,"POLYGON ((119.74400377667851 34.32192609359982, 119.75394484519752 34.32192609359982, 119.75394484519752 34.33011024793462, 119.74400377667851 34.33011024793462, 119.74400377667851 34.32192609359982))"
76,32.02526875,120.77957128125,3,23691.850000000002,duration_weighted_berth_medoid,"POLYGON ((120.77353143923263 32.019251922448106, 120.79131999851839 32.019251922448106, 120.79131999851839 32.02967905682523, 120.77353143923263 32.02967905682523, 120.77353143923263 32.019251922448106))"
77,32.13089662962963,121.50040114814816,7,216090.2166666667,duration_weighted_berth_medoid,"POLYGON ((121.4939880557958 32.115811448256, 121.50892797637553 32.115811448256, 121.50892797637553 32.13917672899388, 121.4939880557958 32.13917672899388, 121.4939880557958 32.115811448256))"
78,35.367758055555555,119.54859058333334,3,112254.90000000001,duration_weighted_berth_medoid,"POLYGON ((119.5423202224591 35.3593654377363, 119.55760736540154 35.3593654377363, 119.55760736540154 35.380255798749396, 119.5423202224591 35.380255798749396, 119.5423202224591 35.3593654377363))"
79,39.9262098,119.64679563333334,5,73230.34999999999,duration_weighted_berth_medoid,"POLYGON ((119.63804065097636 39.916515698968006, 119.65442453735123 39.916515698968006, 119.65442453735123 39.93114866994211, 119.63804065097636 39.93114866994211, 119.63804065097636 39.916515698968006))"
80,38.948408875,121.8477016875,2,110245.99999999999,duration_weighted_berth_medoid,"POLYGON ((121.84256047002685 38.94439487472406, 121.8530621788351 38.94439487472406, 121.8530621788351 38.953669887732865, 121.84256047002685 38.953669887732865, 121.84256047002685 38.94439487472406))"
81,32.000552666666664,120.75446955555556,1,326.9666666666667,duration_weighted_berth_medoid,"POLYGON ((120.74854142002685 31.996362616074713, 120.75940165918 31.996362616074713, 120.75940165918 32.00508298247705, 120.74854142002685 32.00508298247705, 120.74854142002685 31.996362616074713))"
82,31.38006101818182,121.498738,1,67159.48333333334,duration_weighted_berth_medoid,"POLYGON ((121.49369775351835 31.375762915579703, 121.50389853219589 31.375762915579703, 121.50389853219589 31.385206130139125, 121.49369775351835 31.385206130139125, 121.49369775351835 31.375762915579703))"
83,31.970610264705883,120.43600247058825,2,47277.883333333324,duration_weighted_berth_medoid,"POLYGON ((120.42297192389975 31.96423648212646, 120.44249081512888 31.96423648212646, 120.44249081512888 31.975497980558146, 120.42297192389975 31.975497980558146, 120.42297192389975 31.96423648212646))"
84,31.966207114348144,120.36973242024763,3,75659.98333333332,duration_weighted_berth_medoid,"POLYGON ((120.36424111296465 31.960522918237388, 120.37988769809614 31.960522918237388, 120.37988769809614 31.97104717884216, 120.36424111296465 31.97104717884216, 120.36424111296465 31.960522918237388))"
85,30.002775504237285,122.07174018559323,3,141203.08333333334,duration_weighted_berth_medoid,"POLYGON ((122.06164626593731 29.99460005821838, 122.07730537068439 29.99460005821838, 122.07730537068439 30.00714850293753, 122.06164626593731 30.00714850293753, 122.06164626593731 29.99460005821838))"
86,38.979260764705884,121.75923041176469,1,519.0333333333333,duration_weighted_berth_medoid,"POLYGON ((121.75439163179163 38.975419863797576, 121.7651101036245 38.975419863797576, 121.7651101036245 38.983544412653494, 121.75439163179163 38.983544412653494, 121.75439163179163 38.975419863797576))"
87,38.076094761904756,118.94679631746031,2,32129.633333333335,duration_weighted_berth_medoid,"POLYGON ((118.94050036208748 38.071512907409115, 118.95950692681868 38.071512907409115, 118.95950692681868 38.08232838924793, 118.94050036208748 38.08232838924793, 118.94050036208748 38.071512907409115))"
88,30.642370357798164,121.18136970642202,1,67315.79999999999,duration_weighted_berth_medoid,"POLYGON ((121.17374306124044 30.636961550542097, 121.18746427394852 30.636961550542097, 121.18746427394852 30.64712405596082, 121.17374306124044 30.64712405596082, 121.17374306124044 30.636961550542097))"
89,31.989924552941176,119.95774698823529,1,25244.98333333333,duration_weighted_berth_medoid,"POLYGON ((119.95253511264897 31.984946177839618, 119.96342633439373 31.984946177839618, 119.96342633439373 31.994228988124934, 119.95253511264897 31.994228988124934, 119.95253511264897 31.984946177839618))"
90,38.9992248362069,121.89584688793103,2,17502.88333333333,duration_weighted_berth_medoid,"POLYGON ((121.88627584374389 38.9928043897694, 121.90071830322891 38.9928043897694, 121.90071830322891 39.002985215789465, 121.88627584374389 39.002985215789465, 121.88627584374389 38.9928043897694))"
91,31.36991652173913,121.50149104347827,1,27815.666666666664,duration_weighted_berth_medoid,"POLYGON ((121.49632270602704 31.36560858281054, 121.50644966161995 31.36560858281054, 121.50644966161995 31.37431322354379, 121.49632270602704 31.37431322354379, 121.49632270602704 31.36560858281054))"
92,25.698951680851064,119.60481808510639,1,43963.666666666664,duration_weighted_berth_medoid,"POLYGON ((119.59934676486678 25.693505793255948, 119.61109004493004 25.693505793255948, 119.61109004493004 25.705602671892553, 119.59934676486678 25.705602671892553, 119.59934676486678 25.693505793255948))"
93,40.80377611111111,121.04270253703704,2,23243.483333333337,duration_weighted_berth_medoid,"POLYGON ((121.03754832671329 40.796469362463206, 121.04996418590099 40.796469362463206, 121.04996418590099 40.807637106073706, 121.03754832671329 40.807637106073706, 121.03754832671329 40.796469362463206))"
94,25.582997735909824,119.68708955233495,6,254028.18333333332,duration_weighted_berth_medoid,"POLYGON ((119.6777568717398 25.573642952284004, 119.69849109729003 25.573642952284004, 119.69849109729003 25.59298045454241, 119.6777568717398 25.59298045454241, 119.6777568717398 25.573642952284004))"
95,23.516862166666666,116.40558596666666,2,97750.08333333334,duration_weighted_berth_medoid,"POLYGON ((116.39958689637545 23.509850972703443, 116.41542817883513 23.509850972703443, 116.41542817883513 23.52148624438324, 116.39958689637545 23.52148624438324, 116.39958689637545 23.509850972703443))"
96,25.756375333333335,119.63228164444445,1,70904.79999999999,duration_weighted_berth_medoid,"POLYGON ((119.6268357103818 25.74799603417665, 119.63755640072932 25.74799603417665, 119.63755640072932 25.76546599976313, 119.6268357103818 25.76546599976313, 119.6268357103818 25.74799603417665))"
97,38.97865102,121.80572694,2,9439.266666666666,duration_weighted_berth_medoid,"POLYGON ((121.79650751304216 38.974270931511626, 121.81111792886541 38.974270931511626, 121.81111792886541 38.985404942086525, 121.79650751304216 38.985404942086525, 121.79650751304216 38.974270931511626))"
98,31.278081133333334,121.7376649,1,19128.61666666667,duration_weighted_berth_medoid,"POLYGON ((121.73215652147246 31.273674564790745, 121.74282853219587 31.273674564790745, 121.74282853219587 31.282837263867815, 121.73215652147246 31.282837263867815, 121.73215652147246 31.273674564790745))"
99,40.287936538461544,122.09309257692308,10,135537.13333333336,duration_weighted_berth_medoid,"POLYGON ((122.08404689637545 40.276994459426504, 122.10200599981724 40.276994459426504, 122.10200599981724 40.29791291053277, 122.08404689637545 40.29791291053277, 122.08404689637545 40.276994459426504))"
100,39.100885057142854,118.50166074285714,2,71027.81666666668,duration_weighted_berth_medoid,"POLYGON ((118.493614932604 39.09214888284043, 118.51165717883508 39.09214888284043, 118.51165717883508 39.106567827071125, 118.493614932604 39.106567827071125, 118.493614932604 39.09214888284043))"
101,30.053475361445784,121.97718909638554,5,40038.36666666667,duration_weighted_berth_medoid,"POLYGON ((121.96397334637547 30.043153218064116, 121.98570590777105 30.043153218064116, 121.98570590777105 30.06418478306209, 121.96397334637547 30.06418478306209, 121.96397334637547 30.043153218064116))"
102,26.010634875,119.4804391875,4,90562.28333333333,duration_weighted_berth_medoid,"POLYGON ((119.47016318208973 25.99435161201359, 119.49307925062823 25.99435161201359, 119.49307925062823 26.01696415482408, 119.47016318208973 26.01696415482408, 119.47016318208973 25.99435161201359))"
103,25.98271222,119.4494303,2,15276.550000000001,duration_weighted_berth_medoid,"POLYGON ((119.44173489637546 25.97722552096217, 119.45541060401163 25.97722552096217, 119.45541060401163 25.987549231122465, 119.44173489637546 25.987549231122465, 119.44173489637546 25.97722552096217))"
104,31.32609219587629,121.5546762371134,5,123302.46666666669,duration_weighted_berth_medoid,"POLYGON ((121.54908740792082 31.316761681627685, 121.56574485502385 31.316761681627685, 121.56574485502385 31.334631749841257, 121.54908740792082 31.334631749841257, 121.54908740792082 31.316761681627685))"
105,23.495338098360655,116.40990136065574,1,4865.3,duration_weighted_berth_medoid,"POLYGON ((116.40486682875417 23.4904987012915, 116.41483993190157 23.4904987012915, 116.41483993190157 23.49994131302391, 116.40486682875417 23.49994131302391, 116.40486682875417 23.4904987012915))"
106,40.80744970852018,121.06453639013453,3,80555.21666666666,duration_weighted_berth_medoid,"POLYGON ((121.05104767161126 40.80025615410657, 121.07126905918005 40.80025615410657, 121.07126905918005 40.81428220353346, 121.05104767161126 40.81428220353346, 121.05104767161126 40.80025615410657))"
107,35.33604169230769,119.53415576923076,1,9362.116666666665,duration_weighted_berth_medoid,"POLYGON ((119.52908350748659 35.33124850071247, 119.53926092180632 35.33124850071247, 119.53926092180632 35.340194650804555, 119.52908350748659 35.340194650804555, 119.52908350748659 35.33124850071247))"
108,31.28605420689655,121.5672221551724,1,63570.5,duration_weighted_berth_medoid,"POLYGON ((121.5621984615929 31.28077077391374, 121.57233802670142 31.28077077391374, 121.57233802670142 31.290353968962, 121.5621984615929 31.290353968962, 121.5621984615929 31.28077077391374))"
109,31.57301436734694,121.49916197959185,1,12641.633333333333,duration_weighted_berth_medoid,"POLYGON ((121.49351061708319 31.56865093272309, 121.50428790690319 31.56865093272309, 121.50428790690319 31.577542601240317, 121.49351061708319 31.577542601240317, 121.49351061708319 31.56865093272309))"
110,31.383347484848482,121.67960948484848,2,24650.216666666667,duration_weighted_berth_medoid,"POLYGON ((121.67433139637545 31.375311865355748, 121.68905837114288 31.375311865355748, 121.68905837114288 31.387550783021847, 121.67433139637545 31.387550783021847, 121.67433139637545 31.375311865355748))"
111,38.75926526136364,117.59445005681819,1,61946.41666666667,duration_weighted_berth_medoid,"POLYGON ((117.58495635505261 38.75467053264358, 117.60318073406262 38.75467053264358, 117.60318073406262 38.76401928355003, 117.58495635505261 38.76401928355003, 117.58495635505261 38.75467053264358))"
112,26.745738142857142,119.63645538095238,1,39025.36666666666,duration_weighted_berth_medoid,"POLYGON ((119.62926164805762 26.739738827034106, 119.64563748033672 26.739738827034106, 119.64563748033672 26.75097609779389, 119.62926164805762 26.75097609779389, 119.62926164805762 26.739738827034106))"
113,31.596602769230767,121.44269833333333,1,2910.7,duration_weighted_berth_medoid,"POLYGON ((121.43775759927067 31.592394364397308, 121.44765660362782 31.592394364397308, 121.44765660362782 31.600827866112972, 121.43775759927067 31.600827866112972, 121.43775759927067 31.592394364397308))"
114,31.3470978,121.71448519999998,1,227.36666666666667,duration_weighted_berth_medoid,"POLYGON ((121.70889510651456 31.342587099825874, 121.71941730362447 31.342587099825874, 121.71941730362447 31.352225223127295, 121.70889510651456 31.352225223127295, 121.70889510651456 31.342587099825874))"
115,40.705554529411764,120.96275491176469,3,91334.38333333333,duration_weighted_berth_medoid,"POLYGON ((120.95500053637547 40.69817295063628, 120.97341077506431 40.69817295063628, 120.97341077506431 40.71059442173852, 120.95500053637547 40.71059442173852, 120.95500053637547 40.69817295063628))"
116,30.112670303030303,122.20373015151516,4,39077.86666666667,duration_weighted_berth_medoid,"POLYGON ((122.19070610065509 30.107909019610567, 122.2134084158808 30.107909019610567, 122.2134084158808 30.118177825344546, 122.19070610065509 30.118177825344546, 122.19070610065509 30.107909019610567))"
117,26.46999803030303,119.63324854545455,1,33181.46666666667,duration_weighted_berth_medoid,"POLYGON ((119.62720763911958 26.46502210730028, 119.63935526892028 26.46502210730028, 119.63935526892028 26.474767066630523, 119.62720763911958 26.474767066630523, 119.62720763911958 26.46502210730028))"
118,31.99538983908046,120.33937142528737,4,43548.566666666666,duration_weighted_berth_medoid,"POLYGON ((120.33068366853122 31.98106937222133, 120.34711695628488 31.98106937222133, 120.34711695628488 32.000617584028234, 120.33068366853122 32.000617584028234, 120.33068366853122 31.98106937222133))"
119,32.00162034,120.34874137999999,2,8837.066666666668,duration_weighted_berth_medoid,"POLYGON ((120.34274280262544 31.99672465345071, 120.35540467883511 31.99672465345071, 120.35540467883511 32.00689289237627, 120.34274280262544 32.00689289237627, 120.34274280262544 31.99672465345071))"
120,19.955179553333334,110.01127069333333,1,45863.916666666664,duration_weighted_berth_medoid,"POLYGON ((110.00538220602702 19.946850938341175, 110.01805651569029 19.946850938341175, 110.01805651569029 19.9616305533427, 110.00538220602702 19.9616305533427, 110.00538220602702 19.946850938341175))"
121,19.104095846153847,108.62518396923078,2,23740.066666666666,duration_weighted_berth_medoid,"POLYGON ((108.61777142970884 19.096442974226115, 108.63032970646879 19.096442974226115, 108.63032970646879 19.1088262303527, 108.61777142970884 19.1088262303527, 108.61777142970884 19.096442974226115))"
122,29.916471951219513,121.92617792682927,1,131530.03333333333,duration_weighted_berth_medoid,"POLYGON ((121.92079581341117 29.909935146247253, 121.93209732124583 29.909935146247253, 121.93209732124583 29.92164961279869, 121.92079581341117 29.92164961279869, 121.92079581341117 29.909935146247253))"
123,39.840924384615384,124.16252561538461,2,15285.766666666666,duration_weighted_berth_medoid,"POLYGON ((124.15678241312915 39.83535947404196, 124.16789199397294 39.83535947404196, 124.16789199397294 39.84558502581045, 124.15678241312915 39.84558502581045, 124.15678241312915 39.83535947404196))"
124,21.484759133333334,111.06458500000001,3,31662.483333333334,duration_weighted_berth_medoid,"POLYGON ((111.05858091593363 21.473909607853916, 111.07746525575821 21.473909607853916, 111.07746525575821 21.490004689915473, 111.05858091593363 21.490004689915473, 111.05858091593363 21.473909607853916))"
125,21.710354962962963,111.81064431481482,6,49151.933333333334,duration_weighted_berth_medoid,"POLYGON ((111.8021243565146 21.698284431044193, 111.81971869809618 21.698284431044193, 111.81971869809618 21.724127057994753, 111.8021243565146 21.724127057994753, 111.8021243565146 21.698284431044193))"
126,24.40304885945946,117.98305243243244,2,55108.26666666666,duration_weighted_berth_medoid,"POLYGON ((117.97374865097636 24.39724679118523, 117.98936685976237 24.39724679118523, 117.98936685976237 24.40804280106336, 117.97374865097636 24.40804280106336, 117.97374865097636 24.39724679118523))"
127,21.586733272727272,109.59931213636364,1,2140.5499999999997,duration_weighted_berth_medoid,"POLYGON ((109.5941792428782 21.58064859714494, 109.60507457124585 21.58064859714494, 109.60507457124585 21.592442743542552, 109.5941792428782 21.592442743542552, 109.5941792428782 21.58064859714494))"
128,26.788852736842106,119.71358415789473,1,16928.6,duration_weighted_berth_medoid,"POLYGON ((119.70747969132108 26.783508688266974, 119.71913529124583 26.783508688266974, 119.71913529124583 26.795452882769897, 119.70747969132108 26.795452882769897, 119.70747969132108 26.783508688266974))"
129,25.2099438989899,118.96574332323232,2,15902.966666666667,duration_weighted_berth_medoid,"POLYGON ((118.95477086066116 25.20391652374431, 118.97177949134144 25.20391652374431, 118.97177949134144 25.21446541029858, 118.95477086066116 25.21446541029858, 118.95477086066116 25.20391652374431))"
130,25.68496724,119.57848665333334,1,37486.83333333333,duration_weighted_berth_medoid,"POLYGON ((119.57081858102703 25.679680091676065, 119.5848730257913 25.679680091676065, 119.5848730257913 25.689766908773343, 119.57081858102703 25.689766908773343, 119.57081858102703 25.679680091676065))"
131,21.613772923076922,109.56905903846153,2,13931.183333333334,duration_weighted_berth_medoid,"POLYGON ((109.56136315230094 21.609020766625818, 109.57401491092541 21.609020766625818, 109.57401491092541 21.61956484361545, 109.56136315230094 21.61956484361545, 109.56136315230094 21.609020766625818))"
132,29.714559281690143,122.1940791971831,1,12162.183333333332,duration_weighted_berth_medoid,"POLYGON ((122.18884495336016 29.709996446199032, 122.19948281453796 29.709996446199032, 122.19948281453796 29.71899443100864, 122.18884495336016 29.71899443100864, 122.18884495336016 29.709996446199032))"
133,38.93745960606061,118.48196527272727,1,44698.98333333333,duration_weighted_berth_medoid,"POLYGON ((118.47685753545048 38.9333966493729, 118.4901171006576 38.9333966493729, 118.4901171006576 38.94360619713651, 118.47685753545048 38.94360619713651, 118.47685753545048 38.9333966493729))"
134,32.01347937313433,120.80663689552239,2,61947.86666666666,duration_weighted_berth_medoid,"POLYGON ((120.79963056380862 32.009285215097606, 120.81150651330638 32.009285215097606, 120.81150651330638 32.01916061336343, 120.79963056380862 32.01916061336343, 120.79963056380862 32.009285215097606))"
135,31.596225955882353,121.27641827941176,3,53228.21666666666,duration_weighted_berth_medoid,"POLYGON ((121.27064161264893 31.589697750896594, 121.28299685216587 31.589697750896594, 121.28299685216587 31.60133420616529, 121.27064161264893 31.60133420616529, 121.27064161264893 31.589697750896594))"
136,25.140712145454547,119.01220936363636,1,4252.85,duration_weighted_berth_medoid,"POLYGON ((119.00695449212017 25.13620828268777, 119.01718885362455 25.13620828268777, 119.01718885362455 25.146275260216314, 119.00695449212017 25.146275260216314, 119.00695449212017 25.13620828268777))"
137,22.807359271739127,113.58492432608696,2,41527.23333333334,duration_weighted_berth_medoid,"POLYGON ((113.57981517032718 22.79539132714237, 113.5925973773063 22.79539132714237, 113.5925973773063 22.812318756701735, 113.57981517032718 22.812318756701735, 113.57981517032718 22.79539132714237))"
138,32.0134591754386,120.36622945614036,4,50235.55,duration_weighted_berth_medoid,"POLYGON ((120.35994040875416 32.008359894113454, 120.37846431642086 32.008359894113454, 120.37846431642086 32.02239344084371, 120.35994040875416 32.02239344084371, 120.35994040875416 32.008359894113454))"
139,21.48632406451613,109.55414696774193,2,20854.850000000002,duration_weighted_berth_medoid,"POLYGON ((109.54594742875412 21.474967438153197, 109.55986094397296 21.474967438153197, 109.55986094397296 21.49261803797446, 109.54594742875412 21.49261803797446, 109.54594742875412 21.474967438153197))"
140,21.297669113207547,110.4164573018868,3,20494.56666666667,duration_weighted_berth_medoid,"POLYGON ((110.40886183728381 21.290746190743963, 110.42203297126318 21.290746190743963, 110.42203297126318 21.31125453945201, 110.40886183728381 21.31125453945201, 110.40886183728381 21.290746190743963))"
141,28.158724547008546,121.10084022222223,2,151082.43333333335,duration_weighted_berth_medoid,"POLYGON ((121.09375248530247 28.148483404631637, 121.10669977029116 28.148483404631637, 121.10669977029116 28.165473622986298, 121.09375248530247 28.165473622986298, 121.09375248530247 28.148483404631637))"
142,32.07607926666667,120.49510946666668,2,88860.56666666667,duration_weighted_berth_medoid,"POLYGON ((120.48629467875418 32.071607141170084, 120.50022016446617 32.071607141170084, 120.50022016446617 32.0803175427034, 120.48629467875418 32.0803175427034, 120.48629467875418 32.071607141170084))"
143,37.6738018,120.22067442,2,7676.916666666668,duration_weighted_berth_medoid,"POLYGON ((120.21531848669353 37.66772028589444, 120.22754831816655 37.66772028589444, 120.22754831816655 37.67799439162662, 120.21531848669353 37.67799439162662, 120.21531848669353 37.66772028589444))"
144,37.66052137719298,120.30788920175438,7,39007.11666666667,duration_weighted_berth_medoid,"POLYGON ((120.29692486358859 37.653506405673106, 120.32145330576603 37.653506405673106, 120.32145330576603 37.66881291806051, 120.29692486358859 37.66881291806051, 120.29692486358859 37.653506405673106))"
145,31.837753104166666,120.84104685416666,4,118475.18333333333,duration_weighted_berth_medoid,"POLYGON ((120.8342431200856 31.825537714390688, 120.85055655523897 31.825537714390688, 120.85055655523897 31.845229441491547, 120.8342431200856 31.845229441491547, 120.8342431200856 31.825537714390688))"
146,21.56690404597701,108.33551579310344,1,4481.633333333333,duration_weighted_berth_medoid,"POLYGON ((108.3305772218576 21.561931564635284, 108.34050081005182 21.561931564635284, 108.34050081005182 21.571496790008574, 108.3305772218576 21.571496790008574, 108.3305772218576 21.561931564635284))"
147,19.728845733333333,109.19923842222224,3,61248.24999999999,duration_weighted_berth_medoid,"POLYGON ((109.18835557116489 19.720336728529464, 109.21245132720615 19.720336728529464, 109.21245132720615 19.73574725203626, 109.18835557116489 19.73574725203626, 109.18835557116489 19.720336728529464))"
148,35.36726383333333,119.5710805,1,42140.11666666667,duration_weighted_berth_medoid,"POLYGON ((119.56600050651458 35.36164785598908, 119.57676107421273 35.36164785598908, 119.57676107421273 35.371446798900585, 119.56600050651458 35.371446798900585, 119.56600050651458 35.36164785598908))"
149,26.39060992857143,119.77565860714286,4,53316.46666666667,duration_weighted_berth_medoid,"POLYGON ((119.7704956705124 26.386059245014696, 119.79217814108415 26.386059245014696, 119.79217814108415 26.402154217423266, 119.7704956705124 26.402154217423266, 119.7704956705124 26.386059245014696))"
150,26.381362673469386,119.76068897959183,2,29148.2,duration_weighted_berth_medoid,"POLYGON ((119.75289982273084 26.375171227186595, 119.76655456122303 26.375171227186595, 119.76655456122303 26.38646203118165, 119.75289982273084 26.38646203118165, 119.75289982273084 26.375171227186595))"
151,32.03000961702128,120.5836125106383,2,18315.75,duration_weighted_berth_medoid,"POLYGON ((120.5784484310289 32.02395805031944, 120.59158169453355 32.02395805031944, 120.59158169453355 32.03449331440417, 120.5784484310289 32.03449331440417, 120.5784484310289 32.02395805031944))"
152,31.699878663265306,121.1342592142857,1,10016.283333333333,duration_weighted_berth_medoid,"POLYGON ((121.12901258548591 31.6956078362253, 121.13919607309614 31.6956078362253, 121.13919607309614 31.70419417422351, 121.12901258548591 31.70419417422351, 121.12901258548591 31.6956078362253))"
153,31.98975021875,120.61424246874999,5,193097.45,duration_weighted_berth_medoid,"POLYGON ((120.60609797300805 31.984804548692317, 120.63870116876629 31.984804548692317, 120.63870116876629 31.994590238658418, 120.60609797300805 31.994590238658418, 120.60609797300805 31.984804548692317))"
154,31.98970425,120.64608,4,40743.200000000004,duration_weighted_berth_medoid,"POLYGON ((120.6358492507858 31.985288826261552, 120.65999170383013 31.985288826261552, 120.65999170383013 31.99451902670467, 120.6358492507858 31.99451902670467, 120.6358492507858 31.985288826261552))"
155,21.167771153846154,110.40311292307692,2,4735.799999999999,duration_weighted_berth_medoid,"POLYGON ((110.39816088429235 21.163002257297556, 110.40953725957328 21.163002257297556, 110.40953725957328 21.176294031655466, 110.39816088429235 21.176294031655466, 110.39816088429235 21.163002257297556))"
156,25.576257930555556,119.67223343055555,5,5099.299999999999,duration_weighted_berth_medoid,"POLYGON ((119.65543290955907 25.569198505511178, 119.6781240314295 25.569198505511178, 119.6781240314295 25.58972379510543, 119.65543290955907 25.58972379510543, 119.65543290955907 25.569198505511178))"
157,40.201853210526316,121.98093457894737,1,1040.2333333333333,duration_weighted_berth_medoid,"POLYGON ((121.97597215602684 40.198027191253075, 121.98591666215495 40.198027191253075, 121.98591666215495 40.20566575989546, 121.97597215602684 40.20566575989546, 121.97597215602684 40.198027191253075))"
158,23.395860727272726,116.55859054545454,1,32864.35,duration_weighted_berth_medoid,"POLYGON ((116.5529901979849 23.39019702709457, 116.5638512379125 23.39019702709457, 116.5638512379125 23.40314611158102, 116.5529901979849 23.40314611158102, 116.5529901979849 23.39019702709457))"
159,22.982381347826088,116.52889856521739,7,8600.05,duration_weighted_berth_medoid,"POLYGON ((116.52182486967251 22.964997919684222, 116.53901479346804 22.964997919684222, 116.53901479346804 22.98860972476301, 116.52182486967251 22.98860972476301, 116.52182486967251 22.964997919684222))"
160,30.247467833333335,122.1535131111111,2,32522.83333333333,duration_weighted_berth_medoid,"POLYGON ((122.14174957161126 30.24307453258942, 122.15868766684612 30.24307453258942, 122.15868766684612 30.251861606445534, 122.14174957161126 30.251861606445534, 122.14174957161126 30.24307453258942))"
161,22.90349736734694,113.58370781632652,5,111811.86666666668,duration_weighted_berth_medoid,"POLYGON ((113.57176231247509 22.88559543956099, 113.59431328822224 22.88559543956099, 113.59431328822224 22.90908541949091, 113.57176231247509 22.90908541949091, 113.57176231247509 22.88559543956099))"
162,23.76180461956522,117.49848384782608,2,30614.48333333333,duration_weighted_berth_medoid,"POLYGON ((117.49303260651463 23.75233482347601, 117.50430503142952 23.75233482347601, 117.50430503142952 23.766553372193574, 117.49303260651463 23.766553372193574, 117.49303260651463 23.75233482347601))"
163,24.452173737373737,117.98341918181818,2,11717.816666666666,duration_weighted_berth_medoid,"POLYGON ((117.9767655268069 24.447483796361936, 117.98892487332915 24.447483796361936, 117.98892487332915 24.456961525882218, 117.9767655268069 24.456961525882218, 117.9767655268069 24.447483796361936))"
164,24.628517562499997,118.43308677083333,2,26376.61666666666,duration_weighted_berth_medoid,"POLYGON ((118.42674345602703 24.623124995597177, 118.43846757981494 24.623124995597177, 118.43846757981494 24.635697763117907, 118.42674345602703 24.635697763117907, 118.42674345602703 24.623124995597177))"
165,22.44564832653061,113.03861982653062,2,31057.033333333333,duration_weighted_berth_medoid,"POLYGON ((113.03317967686333 22.43892341917476, 113.05063218683014 22.43892341917476, 113.05063218683014 22.450253038526952, 113.03317967686333 22.450253038526952, 113.03317967686333 22.43892341917476))"
166,21.7327628,108.63336272000001,1,40176.299999999996,duration_weighted_berth_medoid,"POLYGON ((108.6282162326757 21.72620313578438, 108.6384658379125 21.72620313578438, 108.6384658379125 21.73895699322005, 108.6282162326757 21.73895699322005, 108.6282162326757 21.72620313578438))"
167,39.93165944,119.69667232,2,14435.849999999999,duration_weighted_berth_medoid,"POLYGON ((119.6905852218992 39.927564040184556, 119.7036289786245 39.927564040184556, 119.7036289786245 39.93812104138316, 119.6905852218992 39.93812104138316, 119.6905852218992 39.927564040184556))"
168,22.303475757025762,113.07604287353631,3,81134.05,duration_weighted_berth_medoid,"POLYGON ((113.06675789637549 22.29196159661809, 113.0811694584632 22.29196159661809, 113.0811694584632 22.308044782711676, 113.06675789637549 22.308044782711676, 113.06675789637549 22.29196159661809))"
169,26.6370555,119.82657783333333,1,221.31666666666666,duration_weighted_berth_medoid,"POLYGON ((119.82121370602697 26.632639068018733, 119.83148437730624 26.632639068018733, 119.83148437730624 26.642063677210302, 119.82121370602697 26.642063677210302, 119.82121370602697 26.632639068018733))"
170,22.765111693069308,113.65773158415841,1,17243.466666666667,duration_weighted_berth_medoid,"POLYGON ((113.6524080050288 22.759721191108046, 113.66356805272731 22.759721191108046, 113.66356805272731 22.770904415325628, 113.6524080050288 22.770904415325628, 113.6524080050288 22.759721191108046))"
171,24.457485258741258,117.95786299300698,1,23765.13333333333,duration_weighted_berth_medoid,"POLYGON ((117.95042391602698 24.452602224513637, 117.96412619286745 24.452602224513637, 117.96412619286745 24.462431237369522, 117.95042391602698 24.462431237369522, 117.95042391602698 24.452602224513637))"
172,22.2055445,113.087448,1,12423.833333333334,duration_weighted_berth_medoid,"POLYGON ((113.0824006463755 22.199962481857288, 113.0927433036245 22.199962481857288, 113.0927433036245 22.21107322593453, 113.0824006463755 22.21107322593453, 113.0824006463755 22.199962481857288))"
173,24.359293076923077,118.0987096923077,1,25201.533333333336,duration_weighted_berth_medoid,"POLYGON ((118.09219397905959 24.354060059790182, 118.10454646979655 24.354060059790182, 118.10454646979655 24.36479832216552, 118.09219397905959 24.36479832216552, 118.09219397905959 24.354060059790182))"
174,23.336532666666667,116.73675255555555,1,17046.666666666664,duration_weighted_berth_medoid,"POLYGON ((116.73168373023088 23.33134286641428, 116.7425445480689 23.33134286641428, 116.7425445480689 23.341126308297905, 116.73168373023088 23.341126308297905, 116.73168373023088 23.33134286641428))"
175,39.93871194666667,119.71535143999999,1,15975.249999999998,duration_weighted_berth_medoid,"POLYGON ((119.71024514303983 39.93332823285514, 119.72046377124582 39.93332823285514, 119.72046377124582 39.94396695583985, 119.71024514303983 39.94396695583985, 119.71024514303983 39.93332823285514))"
176,22.985160110169492,113.56680886440678,5,86066.31666666668,duration_weighted_berth_medoid,"POLYGON ((113.55023509280406 22.969106361446215, 113.57216059875459 22.969106361446215, 113.57216059875459 22.990330825348668, 113.55023509280406 22.990330825348668, 113.55023509280406 22.969106361446215))"
177,25.53191711111111,119.66378577777778,1,696.1,duration_weighted_berth_medoid,"POLYGON ((119.65885367415325 25.527361522401126, 119.66882953219589 25.527361522401126, 119.66882953219589 25.53636748919143, 119.65885367415325 25.53636748919143, 119.65885367415325 25.527361522401126))"
178,31.972497305389222,120.00199447904191,4,34257.86666666667,duration_weighted_berth_medoid,"POLYGON ((119.9951373019038 31.965829979082176, 120.01142007844706 31.965829979082176, 120.01142007844706 31.97819917568402, 119.9951373019038 31.97819917568402, 119.9951373019038 31.965829979082176))"
179,32.03085679032258,120.39139140322581,2,73586.04999999999,duration_weighted_berth_medoid,"POLYGON ((120.37940251736171 32.02097020077172, 120.39796471216849 32.02097020077172, 120.39796471216849 32.03663524203512, 120.37940251736171 32.03663524203512, 120.37940251736171 32.02097020077172))"
180,32.28794495774648,119.855476,3,41334.083333333336,duration_weighted_berth_medoid,"POLYGON ((119.84586120029702 32.28002632178104, 119.86415031188798 32.28002632178104, 119.86415031188798 32.29542328037412, 119.84586120029702 32.29542328037412, 119.84586120029702 32.28002632178104))"
181,25.23586980263158,118.97051560526315,2,13001.1,duration_weighted_berth_medoid,"POLYGON ((118.9654415065319 25.23106917009869, 118.9754985802165 25.23106917009869, 118.9754985802165 25.24319528247616, 118.9654415065319 25.24319528247616, 118.9654415065319 25.23106917009869))"
182,39.112309625,118.533255,1,93872.41666666667,duration_weighted_berth_medoid,"POLYGON ((118.52580180190385 39.104635617466656, 118.5399650802165 39.104635617466656, 118.5399650802165 39.11888393565047, 118.52580180190385 39.11888393565047, 118.52580180190385 39.104635617466656))"
183,30.558923294117648,121.02545229411766,1,75791.98333333334,duration_weighted_berth_medoid,"POLYGON ((121.01536482116487 30.550720234203233, 121.03225121406265 30.550720234203233, 121.03225121406265 30.564415270336045, 121.01536482116487 30.564415270336045, 121.01536482116487 30.550720234203233))"
184,21.94698761282051,113.2288730923077,2,25537.333333333332,duration_weighted_berth_medoid,"POLYGON ((113.22369934613691 21.93883759144382, 113.23536790148597 21.93883759144382, 113.23536790148597 21.951770524122765, 113.22369934613691 21.951770524122765, 113.22369934613691 21.93883759144382))"
185,22.991529999999997,116.53735244444445,1,276.15,duration_weighted_berth_medoid,"POLYGON ((116.53195972002696 22.986800412283795, 116.54219122441751 22.986800412283795, 116.54219122441751 22.99598432642494, 116.53195972002696 22.99598432642494, 116.53195972002696 22.986800412283795))"
186,23.007549247058822,113.53121485882353,1,12421.65,duration_weighted_berth_medoid,"POLYGON ((113.52580000778612 23.002562193278827, 113.53715237124584 23.002562193278827, 113.53715237124584 23.01413515354615, 113.52580000778612 23.01413515354615, 113.52580000778612 23.002562193278827))"
187,23.017228555555555,113.52691583838383,2,11728.849999999999,duration_weighted_berth_medoid,"POLYGON ((113.52053078160834 23.009935613528135, 113.53303525957328 23.009935613528135, 113.53303525957328 23.024871988892084, 113.52053078160834 23.024871988892084, 113.52053078160834 23.009935613528135))"
188,22.739219249999998,113.66900260714286,2,37166.25,duration_weighted_berth_medoid,"POLYGON ((113.65853965848389 22.734755881231376, 113.67387604550173 22.734755881231376, 113.67387604550173 22.748796978252013, 113.65853965848389 22.748796978252013, 113.65853965848389 22.734755881231376))"
189,21.066986749999998,110.48803475,2,159675.00000000003,duration_weighted_berth_medoid,"POLYGON ((110.47792915272979 21.061915614891923, 110.49811359159207 21.061915614891923, 110.49811359159207 21.078194248517214, 110.47792915272979 21.078194248517214, 110.47792915272979 21.061915614891923))"
190,21.69659573170732,111.8192431707317,4,30973.550000000003,duration_weighted_berth_medoid,"POLYGON ((111.81427586106011 21.68153915801369, 111.82828479397291 21.68153915801369, 111.82828479397291 21.702072550438707, 111.81427586106011 21.702072550438707, 111.81427586106011 21.68153915801369))"
191,30.58546313207547,121.08583205660378,1,35102.566666666666,duration_weighted_berth_medoid,"POLYGON ((121.07960519901243 30.58085588301955, 121.09086794676173 30.58085588301955, 121.09086794676173 30.589719243556384, 121.07960519901243 30.589719243556384, 121.07960519901243 30.58085588301955))"
192,21.141670081967213,110.40027418032787,2,40091.566666666666,duration_weighted_berth_medoid,"POLYGON ((110.38845775133478 21.129466382633776, 110.40663992883506 21.129466382633776, 110.40663992883506 21.147565202825486, 110.38845775133478 21.147565202825486, 110.38845775133478 21.129466382633776))"
193,21.2414010625,110.4195208359375,1,22274.933333333334,duration_weighted_berth_medoid,"POLYGON ((110.41452910299974 21.236037298749427, 110.42514766726086 21.236037298749427, 110.42514766726086 21.24602558980718, 110.41452910299974 21.24602558980718, 110.41452910299974 21.236037298749427))"
194,32.19655792857143,119.87988073469387,1,11032.416666666664,duration_weighted_berth_medoid,"POLYGON ((119.87478361376675 32.191846818322006, 119.8850582264315 32.191846818322006, 119.8850582264315 32.2020460577252, 119.87478361376675 32.2020460577252, 119.87478361376675 32.191846818322006))"
195,23.050488140350875,113.50880024561403,3,17838.233333333334,duration_weighted_berth_medoid,"POLYGON ((113.49591227137553 23.044328852464606, 113.5146872132477 23.044328852464606, 113.5146872132477 23.06401857881131, 113.49591227137553 23.06401857881131, 113.49591227137553 23.044328852464606))"
196,31.09883444230769,121.45848232692308,4,139438.81666666665,duration_weighted_berth_medoid,"POLYGON ((121.45278371446844 31.08694884221539, 121.46792589809611 31.08694884221539, 121.46792589809611 31.106395945800077, 121.45278371446844 31.106395945800077, 121.45278371446844 31.08694884221539))"
197,24.44891251851852,117.99846118518518,1,13504.5,duration_weighted_berth_medoid,"POLYGON ((117.99244600431552 24.444191710043057, 118.0039834786245 24.444191710043057, 118.0039834786245 24.45366183694336, 117.99244600431552 24.45366183694336, 117.99244600431552 24.444191710043057))"
198,31.355812105263155,121.5121264736842,5,221927.98333333334,duration_weighted_berth_medoid,"POLYGON ((121.49479796107751 31.348032441111847, 121.52363793515198 31.348032441111847, 121.52363793515198 31.36365665816241, 121.49479796107751 31.36365665816241, 121.49479796107751 31.348032441111847))"
199,36.87908635,122.43833855,4,130629.28333333333,duration_weighted_berth_medoid,"POLYGON ((122.43022132273083 36.875030879437375, 122.44407190457918 36.875030879437375, 122.44407190457918 36.891639241901956, 122.43022132273083 36.891639241901956, 122.43022132273083 36.875030879437375))"
200,34.31199534343434,120.26768976767676,2,23594.45,duration_weighted_berth_medoid,"POLYGON ((120.25963111057233 34.30400330719489, 120.27846590777114 34.30400330719489, 120.27846590777114 34.31669934651732, 120.25963111057233 34.31669934651732, 120.25963111057233 34.30400330719489))"
201,37.71724801818182,121.11851836363635,2,27197.316666666666,duration_weighted_berth_medoid,"POLYGON ((121.10743827490798 37.71302506498093, 121.12747710777109 37.71302506498093, 121.12747710777109 37.72414991532229, 121.10743827490798 37.72414991532229, 121.10743827490798 37.71302506498093))"
202,31.367085777777774,121.64538955555554,2,1591.5333333333333,duration_weighted_berth_medoid,"POLYGON ((121.63714342875416 31.362446767573044, 121.65091209952853 31.362446767573044, 121.65091209952853 31.37280544785041, 121.63714342875416 31.37280544785041, 121.63714342875416 31.362446767573044))"
203,37.713611125,121.07964,1,7079.1,duration_weighted_berth_medoid,"POLYGON ((121.0719104963755 37.70956904935097, 121.08566163006935 37.70956904935097, 121.08566163006935 37.7176745940614, 121.0719104963755 37.7176745940614, 121.0719104963755 37.70956904935097))"
204,23.046806507462687,113.5185242835821,1,35715.55,duration_weighted_berth_medoid,"POLYGON ((113.51303736072735 23.04152797805342, 113.5238107643388 23.04152797805342, 113.5238107643388 23.05180558559882, 113.51303736072735 23.05180558559882, 113.51303736072735 23.04152797805342))"
205,39.02212033333333,121.74574296774193,4,28990.399999999998,duration_weighted_berth_medoid,"POLYGON ((121.73867230190378 39.015062025104186, 121.75095676069756 39.015062025104186, 121.75095676069756 39.029366259508514, 121.73867230190378 39.029366259508514, 121.73867230190378 39.015062025104186))"
206,23.092238599999998,113.453963,1,44762.933333333334,duration_weighted_berth_medoid,"POLYGON ((113.44856163459846 23.087311720951984, 113.46115219346805 23.087311720951984, 113.46115219346805 23.096984333647203, 113.44856163459846 23.096984333647203, 113.44856163459846 23.087311720951984))"
207,21.063288311475407,110.46033047540983,1,24377.2,duration_weighted_berth_medoid,"POLYGON ((110.45517436661929 21.05859458120314, 110.46546730383506 21.05859458120314, 110.46546730383506 21.06790299036961, 110.45517436661929 21.06790299036961, 110.45517436661929 21.05859458120314))"
208,30.162296807692307,121.99398655769231,1,9100.633333333333,duration_weighted_berth_medoid,"POLYGON ((121.98855146264891 30.157335091114252, 122.00053912124581 30.157335091114252, 122.00053912124581 30.166751046037128, 121.98855146264891 30.166751046037128, 121.98855146264891 30.157335091114252))"
209,40.24710118897638,122.09416686614173,3,18435.55,duration_weighted_berth_medoid,"POLYGON ((122.08898136511786 40.243356091312044, 122.09971112295153 40.243356091312044, 122.09971112295153 40.2572426195174, 122.08898136511786 40.2572426195174, 122.08898136511786 40.243356091312044))"
210,38.959775912162165,117.72704644594594,1,23471.899999999998,duration_weighted_berth_medoid,"POLYGON ((117.72139774176607 38.95588761960341, 117.73213227029116 38.95588761960341, 117.73213227029116 38.964060947556845, 117.72139774176607 38.964060947556845, 117.72139774176607 38.95588761960341))"
211,32.06124059731543,121.69298430201341,1,14421.133333333333,duration_weighted_berth_medoid,"POLYGON ((121.68765882116479 32.05695529936087, 121.69836504565932 32.05695529936087, 121.69836504565932 32.06561030593633, 121.68765882116479 32.06561030593633, 121.68765882116479 32.05695529936087))"
212,24.41513280952381,118.04029040476192,1,5333.35,duration_weighted_berth_medoid,"POLYGON ((118.03415979072513 24.410601157035934, 118.04584278863712 24.410601157035934, 118.04584278863712 24.41974859276059, 118.03415979072513 24.41974859276059, 118.03415979072513 24.410601157035934))"
213,25.146074303030304,119.0221856060606,1,8650.2,duration_weighted_berth_medoid,"POLYGON ((119.01720818208976 25.14043933768907, 119.02739638362449 25.14043933768907, 119.02739638362449 25.150687057585404, 119.01720818208976 25.150687057585404, 119.01720818208976 25.14043933768907))"
214,26.02925827027027,119.4989689189189,1,43144.416666666664,duration_weighted_berth_medoid,"POLYGON ((119.49354036288409 26.02438944685315, 119.5066905712458 26.02438944685315, 119.5066905712458 26.036204139342104, 119.49354036288409 26.036204139342104, 119.49354036288409 26.02438944685315))"
215,22.771728194444442,115.59870433333334,1,1841.5833333333333,duration_weighted_berth_medoid,"POLYGON ((115.59379778936035 22.766516985576413, 115.60416722681866 22.766516985576413, 115.60416722681866 22.776252219202892, 115.59379778936035 22.776252219202892, 115.59379778936035 22.766516985576413))"
216,19.80364662352941,109.16352922352941,2,40380.73333333333,duration_weighted_berth_medoid,"POLYGON ((109.15807302134672 19.798132371677507, 109.1702820333065 19.798132371677507, 109.1702820333065 19.80890992227754, 109.15807302134672 19.80890992227754, 109.15807302134672 19.798132371677507))"
217,21.555850227272728,108.3721675909091,1,13011.550000000001,duration_weighted_berth_medoid,"POLYGON ((108.3671294731813 21.55103754183582, 108.37761665918002 21.55103754183582, 108.37761665918002 21.56171596658039, 108.3671294731813 21.56171596658039, 108.3671294731813 21.55103754183582))"
218,19.5529800625,110.8296055,1,14863.633333333337,duration_weighted_berth_medoid,"POLYGON ((110.82392882571331 19.547267088408628, 110.8352096006576 19.547267088408628, 110.8352096006576 19.558685501149572, 110.82392882571331 19.558685501149572, 110.82392882571331 19.547267088408628))"
219,32.00589872,120.67802750666667,2,75646.26666666668,duration_weighted_berth_medoid,"POLYGON ((120.67018611582898 32.00114546796562, 120.68788939348542 32.00114546796562, 120.68788939348542 32.01124236157565, 120.67018611582898 32.01124236157565, 120.67018611582898 32.00114546796562))"
220,21.56453966666667,108.37560370588236,1,106417.70000000001,duration_weighted_berth_medoid,"POLYGON ((108.36837445602694 21.553972168139236, 108.38354655224448 21.553972168139236, 108.38354655224448 21.576490165440717, 108.36837445602694 21.576490165440717, 108.36837445602694 21.553972168139236))"
221,31.398780652173915,118.34617386956522,1,9261.133333333335,duration_weighted_berth_medoid,"POLYGON ((118.34105805602702 31.39432507228733, 118.35119230713084 31.39432507228733, 118.35119230713084 31.403097391361122, 118.34105805602702 31.403097391361122, 118.34105805602702 31.39432507228733))"
222,32.088918371428576,119.93043077142858,6,16781.433333333334,duration_weighted_berth_medoid,"POLYGON ((119.922421976027 32.079369032645886, 119.93703040497316 32.079369032645886, 119.93703040497316 32.09844625158883, 119.922421976027 32.09844625158883, 119.922421976027 32.079369032645886))"
223,32.30609470454545,119.8340053409091,1,54234.53333333334,duration_weighted_berth_medoid,"POLYGON ((119.82704787931546 32.300823920254, 119.83927097124585 32.300823920254, 119.83927097124585 32.311803746379375, 119.82704787931546 32.311803746379375, 119.82704787931546 32.300823920254))"
224,23.522624,116.38608909375,4,54036.61666666667,duration_weighted_berth_medoid,"POLYGON ((116.36684142875416 23.517513295007134, 116.39168313711592 23.517513295007134, 116.39168313711592 23.52977557794114, 116.36684142875416 23.52977557794114, 116.36684142875416 23.517513295007134))"
225,31.19876162745098,118.00417303921567,11,36595.566666666666,duration_weighted_berth_medoid,"POLYGON ((117.99672058610643 31.18833949352726, 118.01449282309622 31.18833949352726, 118.01449282309622 31.210376062726336, 117.99672058610643 31.210376062726336, 117.99672058610643 31.18833949352726))"
226,31.189346872340423,118.00379878723405,6,25074.733333333334,duration_weighted_berth_medoid,"POLYGON ((117.99492056208747 31.176549187978498, 118.01001480653993 31.176549187978498, 118.01001480653993 31.196017289882167, 117.99492056208747 31.196017289882167, 117.99492056208747 31.176549187978498))"
227,31.13177706976744,118.00052168604651,1,3106.866666666667,duration_weighted_berth_medoid,"POLYGON ((117.99558311480065 31.127245672745843, 118.00549995219825 31.127245672745843, 118.00549995219825 31.136004296139625, 117.99558311480065 31.136004296139625, 117.99558311480065 31.127245672745843))"
228,31.456743115384615,118.33959118461539,1,10691.35,duration_weighted_berth_medoid,"POLYGON ((118.33461452543352 31.452524020591742, 118.3445936978332 31.452524020591742, 118.3445936978332 31.460954861044105, 118.33461452543352 31.460954861044105, 118.33461452543352 31.452524020591742))"
229,31.20810288571429,118.07903651428572,1,1210.6833333333334,duration_weighted_berth_medoid,"POLYGON ((118.07417147693467 31.203877025977476, 118.08433637068437 31.203877025977476, 118.08433637068437 31.21240859137729, 118.07417147693467 31.21240859137729, 118.07417147693467 31.203877025977476))"
230,32.325594605263156,119.73863302631578,2,20928.01666666667,duration_weighted_berth_medoid,"POLYGON ((119.73337736304215 32.32096809877506, 119.74699153735115 32.32096809877506, 119.74699153735115 32.33090396755731, 119.73337736304215 32.33090396755731, 119.73337736304215 32.32096809877506))"
231,30.243601577030812,122.27738761064425,2,13281.65,duration_weighted_berth_medoid,"POLYGON ((122.27244687658158 30.23933322490601, 122.29007423791252 30.23933322490601, 122.29007423791252 30.250931165374748, 122.27244687658158 30.250931165374748, 122.27244687658158 30.23933322490601))"
232,28.270321767195767,121.57060933862434,1,16564.1,duration_weighted_berth_medoid,"POLYGON ((121.56566187319855 28.265963733234244, 121.57556734968895 28.265963733234244, 121.57556734968895 28.27468764508444, 121.56566187319855 28.27468764508444, 121.56566187319855 28.265963733234244))"
233,26.77279471875,119.72166615625,1,56035.5,duration_weighted_berth_medoid,"POLYGON ((119.71610148651465 26.764779187943983, 119.72801969245796 26.764779187943983, 119.72801969245796 26.77935987233118, 119.71610148651465 26.77935987233118, 119.71610148651465 26.764779187943983))"
234,26.614762193548387,119.72932722580646,1,9181.466666666667,duration_weighted_berth_medoid,"POLYGON ((119.72427310835542 26.609926717393765, 119.73585610362449 26.609926717393765, 119.73585610362449 26.619155899837093, 119.72427310835542 26.619155899837093, 119.72427310835542 26.609926717393765))"
235,37.45089319298246,122.19509605263157,2,110506.35,duration_weighted_berth_medoid,"POLYGON ((122.18391185968731 37.44490746470201, 122.20743582261196 37.44490746470201, 122.20743582261196 37.457806973278736, 122.18391185968731 37.457806973278736, 122.18391185968731 37.44490746470201))"
236,24.719491923076927,118.73919741758243,2,15269.666666666666,duration_weighted_berth_medoid,"POLYGON ((118.73428814446703 24.71316295272062, 118.74660218020821 24.71316295272062, 118.74660218020821 24.723971769126948, 118.73428814446703 24.723971769126948, 118.73428814446703 24.71316295272062))"
237,31.4746074,121.42618126666666,3,257753.6166666666,duration_weighted_berth_medoid,"POLYGON ((121.41622660835537 31.46573484156238, 121.43833862207835 31.46573484156238, 121.43833862207835 31.48095793584162, 121.41622660835537 31.48095793584162, 121.41622660835537 31.46573484156238))"
238,38.9630431617647,117.73863138235295,1,11596.916666666666,duration_weighted_berth_medoid,"POLYGON ((117.73317292264879 38.95870794280674, 117.74458860362449 38.95870794280674, 117.74458860362449 38.96688283179089, 117.73317292264879 38.96688283179089, 117.73317292264879 38.95870794280674))"
239,26.720478928571428,119.65949335714286,1,27132.516666666666,duration_weighted_berth_medoid,"POLYGON ((119.65442287875415 26.714661427519335, 119.66454634902361 26.714661427519335, 119.66454634902361 26.72616627211529, 119.65442287875415 26.72616627211529, 119.65442287875415 26.714661427519335))"
240,26.72830692753623,119.6571300289855,1,14476.183333333334,duration_weighted_berth_medoid,"POLYGON ((119.65155091685945 26.72276187556997, 119.66263552579129 26.72276187556997, 119.66263552579129 26.7345611065306, 119.65155091685945 26.7345611065306, 119.65155091685945 26.72276187556997))"
241,31.378347166666668,121.62459691666668,4,1720.9833333333336,duration_weighted_berth_medoid,"POLYGON ((121.617051456027 31.372996154503284, 121.6322868230961 31.372996154503284, 121.6322868230961 31.3843359373301, 121.617051456027 31.3843359373301, 121.617051456027 31.372996154503284))"
242,19.288712221238935,110.64382705309735,1,7214.650000000001,duration_weighted_berth_medoid,"POLYGON ((110.63884777085939 19.283984724841307, 110.64884007124583 19.283984724841307, 110.64884007124583 19.293753022550508, 110.63884777085939 19.293753022550508, 110.63884777085939 19.283984724841307))"
243,31.524743907407405,121.5983034074074,1,16703.75,duration_weighted_berth_medoid,"POLYGON ((121.59248164107953 31.51962864460694, 121.60457857124587 31.51962864460694, 121.60457857124587 31.529350152613965, 121.59248164107953 31.529350152613965, 121.59248164107953 31.51962864460694))"
244,24.888135333333334,118.6829576904762,2,8231.8,duration_weighted_berth_medoid,"POLYGON ((118.67795014705524 24.87913680026473, 118.69157127951719 24.87913680026473, 118.69157127951719 24.892608729360372, 118.67795014705524 24.892608729360372, 118.67795014705524 24.87913680026473))"
245,22.73903053488372,114.62724341860466,3,29513.866666666672,duration_weighted_berth_medoid,"POLYGON ((114.62226768816986 22.731441876222284, 114.6364594369578 22.731441876222284, 114.6364594369578 22.743576127634785, 114.62226768816986 22.743576127634785, 114.62226768816986 22.731441876222284))"
246,23.47235981818182,116.48255020454545,1,50571.95000000001,duration_weighted_berth_medoid,"POLYGON ((116.47675135457776 23.46559449637752, 116.48802148033673 23.46559449637752, 116.48802148033673 23.47774043210345, 116.47675135457776 23.47774043210345, 116.47675135457776 23.46559449637752))"
247,26.6963035,119.81918172727273,1,26415.533333333333,duration_weighted_berth_medoid,"POLYGON ((119.81320462931546 26.69077921783536, 119.8242410127154 26.69077921783536, 119.8242410127154 26.70074283973978, 119.81320462931546 26.70074283973978, 119.81320462931546 26.69077921783536))"
248,31.280148875,121.755771625,4,1587.1,duration_weighted_berth_medoid,"POLYGON ((121.74514385745928 31.27390374282763, 121.76101986476286 31.27390374282763, 121.76101986476286 31.29030896415003, 121.74514385745928 31.29030896415003, 121.74514385745928 31.27390374282763))"
249,31.99190445,119.979788725,1,13947.3,duration_weighted_berth_medoid,"POLYGON ((119.9734510293155 31.98627732735527, 119.98606976479421 31.98627732735527, 119.98606976479421 31.997648250961547, 119.9734510293155 31.997648250961547, 119.9734510293155 31.98627732735527))"
250,31.96861916770186,120.39020694409938,3,72968.91666666666,duration_weighted_berth_medoid,"POLYGON ((120.38515742875411 31.964282940387722, 120.40458347228076 31.964282940387722, 120.40458347228076 31.972872823486664, 120.38515742875411 31.972872823486664, 120.38515742875411 31.964282940387722))"
251,38.98024149056604,118.46866371698113,1,121603.08333333334,duration_weighted_berth_medoid,"POLYGON ((118.46330926593734 38.96893411096783, 118.47372653406262 38.96893411096783, 118.47372653406262 38.99354992570808, 118.46330926593734 38.99354992570808, 118.46330926593734 38.96893411096783))"
252,30.63103702620087,121.15978024890829,5,87457.29999999999,duration_weighted_berth_medoid,"POLYGON ((121.14979055375414 30.6210818873037, 121.17283228125358 30.6210818873037, 121.17283228125358 30.640202186663878, 121.14979055375414 30.640202186663878, 121.14979055375414 30.6210818873037))"
253,29.98194406521739,121.73909782608695,1,25859.466666666664,duration_weighted_berth_medoid,"POLYGON ((121.73376371455731 29.977555869072617, 121.7463464819601 29.977555869072617, 121.7463464819601 29.986269406329097, 121.73376371455731 29.986269406329097, 121.73376371455731 29.977555869072617))"
254,31.72343,121.13336,1,160.2,duration_weighted_berth_medoid,"POLYGON ((121.12847230190373 31.71922733531918, 121.13867244809617 31.71922733531918, 121.13867244809617 31.727836352801518, 121.12847230190373 31.727836352801518, 121.12847230190373 31.71922733531918))"
255,31.708688153846154,121.15198476923076,1,550.4333333333333,duration_weighted_berth_medoid,"POLYGON ((121.14688655375416 31.703913391153566, 121.15707582124584 31.703913391153566, 121.15707582124584 31.71383338478302, 121.14688655375416 31.71383338478302, 121.14688655375416 31.703913391153566))"
256,39.5053457797834,121.4010123537906,1,14457.383333333335,duration_weighted_berth_medoid,"POLYGON ((121.39605471177302 39.501529268275114, 121.40598482124584 39.501529268275114, 121.40598482124584 39.50915610518872, 121.39605471177302 39.50915610518872, 121.39605471177302 39.501529268275114))"
257,40.331703153846156,122.13298356410257,1,112759.76666666666,duration_weighted_berth_medoid,"POLYGON ((122.12471336264895 40.32616685071178, 122.1418728517097 40.32616685071178, 122.1418728517097 40.3374305730052, 122.12471336264895 40.3374305730052, 122.12471336264895 40.32616685071178))"
258,22.671367146666668,113.66056634222222,3,34841.833333333336,duration_weighted_berth_medoid,"POLYGON ((113.65122328589699 22.66576219029758, 113.66977038942764 22.66576219029758, 113.66977038942764 22.676821294980407, 113.65122328589699 22.676821294980407, 113.65122328589699 22.66576219029758))"
259,32.1391708627451,119.91410598039216,6,17368.666666666668,duration_weighted_berth_medoid,"POLYGON ((119.895153532604 32.126572408120715, 119.91931238247065 32.126572408120715, 119.91931238247065 32.14439119896854, 119.895153532604 32.14439119896854, 119.895153532604 32.126572408120715))"
260,22.86060326923077,113.57450775,1,2763.8999999999996,duration_weighted_berth_medoid,"POLYGON ((113.56962005190378 22.856050539985755, 113.5807233977421 22.856050539985755, 113.5807233977421 22.865324230431924, 113.56962005190378 22.865324230431924, 113.56962005190378 22.856050539985755))"
261,22.8767473814433,113.57291879381444,2,17196.61666666667,duration_weighted_berth_medoid,"POLYGON ((113.56727292875414 22.86650274594431, 113.57812573124585 22.86650274594431, 113.57812573124585 22.882517060141726, 113.56727292875414 22.882517060141726, 113.56727292875414 22.86650274594431))"
262,22.746568777777778,115.03546535897436,1,8796.883333333333,duration_weighted_berth_medoid,"POLYGON ((115.03002945468162 22.741323436913902, 115.04090765534865 22.741323436913902, 115.04090765534865 22.751962699532477, 115.03002945468162 22.751962699532477, 115.03002945468162 22.741323436913902))"
263,21.952764533333333,113.21007233333333,1,7784.683333333333,duration_weighted_berth_medoid,"POLYGON ((113.20479105190381 21.947828421596984, 113.21533591348533 21.947828421596984, 113.21533591348533 21.957703077476086, 113.20479105190381 21.957703077476086, 113.20479105190381 21.947828421596984))"
264,19.768469779661018,109.15975439830508,2,69308.53333333334,duration_weighted_berth_medoid,"POLYGON ((109.15032695602697 19.76188783113533, 109.16532453042952 19.76188783113533, 109.16532453042952 19.774536295034736, 109.15032695602697 19.774536295034736, 109.15032695602697 19.76188783113533))"
265,32.00215010833333,120.5446239,3,21864.800000000003,duration_weighted_berth_medoid,"POLYGON ((120.52851103508607 31.997813349031098, 120.54953282542756 31.997813349031098, 120.54953282542756 32.00935817497234, 120.52851103508607 32.00935817497234, 120.52851103508607 31.997813349031098))"
266,28.095589733333334,121.13442400000001,1,7761.333333333333,duration_weighted_berth_medoid,"POLYGON ((121.1294580919515 28.09113266825167, 121.1394772464265 28.09113266825167, 121.1394772464265 28.09995533449058, 121.1294580919515 28.09995533449058, 121.1294580919515 28.09113266825167))"
267,39.01780469483568,121.69959503755868,2,43244.183333333334,duration_weighted_berth_medoid,"POLYGON ((121.69380070550594 39.009302034293, 121.70567032938278 39.009302034293, 121.70567032938278 39.021781523824686, 121.69380070550594 39.021781523824686, 121.69380070550594 39.009302034293))"
268,27.979042500000002,120.91302586363636,3,35914.96666666667,duration_weighted_berth_medoid,"POLYGON ((120.90703054303987 27.97298820778066, 120.92286526641523 27.97298820778066, 120.92286526641523 27.983661812937466, 120.90703054303987 27.983661812937466, 120.90703054303987 27.97298820778066))"
269,23.46270225,116.473496125,1,484.3833333333333,duration_weighted_berth_medoid,"POLYGON ((116.46826685602706 23.457620471868726, 116.47851771063968 23.457620471868726, 116.47851771063968 23.467203041499854, 116.46826685602706 23.467203041499854, 116.46826685602706 23.457620471868726))"
270,24.81795021875,118.716934765625,1,2462.4,duration_weighted_berth_medoid,"POLYGON ((118.71201337213954 24.813286099721196, 118.72421857124584 24.813286099721196, 118.72421857124584 24.82242492741688, 118.71201337213954 24.82242492741688, 118.71201337213954 24.813286099721196))"
271,25.216802262626263,118.98359955555556,3,22043.383333333335,duration_weighted_berth_medoid,"POLYGON ((118.9751381780336 25.207720189079232, 118.99465544199305 25.207720189079232, 118.99465544199305 25.22449679560596, 118.9751381780336 25.22449679560596, 118.9751381780336 25.207720189079232))"
272,24.532443911764705,118.22552579411764,1,4193.45,duration_weighted_berth_medoid,"POLYGON ((118.22062155355798 24.52719342674863, 118.23228650362451 24.52719342674863, 118.23228650362451 24.536869686189522, 118.22062155355798 24.536869686189522, 118.22062155355798 24.52719342674863))"
273,25.103664707317073,119.0667802195122,1,11315.216666666667,duration_weighted_berth_medoid,"POLYGON ((119.06072524705382 25.098492196329346, 119.07306540731138 25.098492196329346, 119.07306540731138 25.108920958382257, 119.06072524705382 25.108920958382257, 119.06072524705382 25.098492196329346))"
274,25.21788825882353,119.02983250588235,1,3414.55,duration_weighted_berth_medoid,"POLYGON ((119.02483384810895 25.21328576986102, 119.03477107712821 25.21328576986102, 119.03477107712821 25.222356072931444, 119.02483384810895 25.222356072931444, 119.02483384810895 25.21328576986102))"
275,24.63493486666667,118.68032073333333,1,5151.716666666666,duration_weighted_berth_medoid,"POLYGON ((118.67527142875416 24.629458844960315, 118.68531350147838 24.629458844960315, 118.68531350147838 24.63966882072973, 118.67527142875416 24.63966882072973, 118.67527142875416 24.629458844960315))"
276,32.00863560784313,120.35896231372548,1,28978.78333333333,duration_weighted_berth_medoid,"POLYGON ((120.35350503855615 32.00394973090563, 120.36711334902361 32.00394973090563, 120.36711334902361 32.01489636677028, 120.35350503855615 32.01489636677028, 120.35350503855615 32.00394973090563))"
277,32.27167914285714,119.4401069047619,1,17702.333333333332,duration_weighted_berth_medoid,"POLYGON ((119.4330008733324 32.26686144687357, 119.44516478863714 32.26686144687357, 119.44516478863714 32.27587930708574, 119.4330008733324 32.27587930708574, 119.4330008733324 32.26686144687357))"
278,36.797054732394365,121.49689094366197,1,35782.63333333333,duration_weighted_berth_medoid,"POLYGON ((121.48945325062175 36.79224916774588, 121.50300851242231 36.79224916774588, 121.50300851242231 36.801304558196264, 121.48945325062175 36.801304558196264, 121.48945325062175 36.79224916774588))"
279,26.68435425,119.81978000000001,3,2602.133333333333,duration_weighted_berth_medoid,"POLYGON ((119.80467510190381 26.679520862577732, 119.82635514348537 26.679520862577732, 119.82635514348537 26.6905533753222, 119.80467510190381 26.6905533753222, 119.80467510190381 26.679520862577732))"
280,32.013133465116276,119.98613937209302,3,10821.466666666667,duration_weighted_berth_medoid,"POLYGON ((119.97916181316988 32.00766730605342, 119.99208339348533 32.00766730605342, 119.99208339348533 32.01949269490066, 119.97916181316988 32.01949269490066, 119.97916181316988 32.00766730605342))"
281,31.950278731707318,120.1160451707317,2,4272.45,duration_weighted_berth_medoid,"POLYGON ((120.10277467875412 31.946069208520033, 120.12166262068445 31.946069208520033, 120.12166262068445 31.95733940197272, 120.10277467875412 31.95733940197272, 120.10277467875412 31.946069208520033))"
282,32.05616651351351,120.55010137837837,1,7300.3,duration_weighted_berth_medoid,"POLYGON ((120.54521368028222 32.051695533743974, 120.55544472512317 32.051695533743974, 120.55544472512317 32.06030888177095, 120.54521368028222 32.06030888177095, 120.54521368028222 32.051695533743974))"
283,22.774072999999998,113.62659450000001,2,839.3166666666666,duration_weighted_berth_medoid,"POLYGON ((113.62172946264877 22.769210767146117, 113.63779694904095 22.769210767146117, 113.63779694904095 22.78418270308271, 113.62172946264877 22.78418270308271, 113.62172946264877 22.769210767146117))"
284,22.23125931111111,113.08499862222222,1,3837.25,duration_weighted_berth_medoid,"POLYGON ((113.0800334632369 22.226641167696556, 113.08994637452454 22.226641167696556, 113.08994637452454 22.235848935706816, 113.0800334632369 22.235848935706816, 113.0800334632369 22.226641167696556))"
285,31.361292705882352,121.65692070588236,3,1501.8666666666668,duration_weighted_berth_medoid,"POLYGON ((121.65161190651465 31.355051947578332, 121.6678440373511 31.355051947578332, 121.6678440373511 31.367425588708553, 121.65161190651465 31.367425588708553, 121.65161190651465 31.355051947578332))"
286,29.894362913043476,122.082163,1,72397.43333333333,duration_weighted_berth_medoid,"POLYGON ((122.07417408568756 29.889343906545513, 122.08848948033675 29.889343906545513, 122.08848948033675 29.89933704786709, 122.07417408568756 29.89933704786709, 122.07417408568756 29.889343906545513))"
287,30.41751995652174,122.45174539130434,1,181316.73333333334,duration_weighted_berth_medoid,"POLYGON ((122.44386033431252 30.411231363281754, 122.45870815948115 30.411231363281754, 122.45870815948115 30.424571037488427, 122.44386033431252 30.424571037488427, 122.44386033431252 30.411231363281754))"
288,32.17514988659794,118.87078463917526,3,33500.0,duration_weighted_berth_medoid,"POLYGON ((118.85978462051342 32.16870108439464, 118.87584149809621 32.16870108439464, 118.87584149809621 32.17945410725948, 118.85978462051342 32.17945410725948, 118.85978462051342 32.16870108439464))"
289,32.19267077083334,119.63613235416666,2,64292.61666666667,duration_weighted_berth_medoid,"POLYGON ((119.62872315097638 32.18767795897001, 119.64550593619146 32.18767795897001, 119.64550593619146 32.19819556729622, 119.62872315097638 32.19819556729622, 119.62872315097638 32.18767795897001))"
290,32.18710767647059,119.90557529411764,2,61035.49999999999,duration_weighted_berth_medoid,"POLYGON ((119.90011688488123 32.18283362322719, 119.9105325747783 32.18283362322719, 119.9105325747783 32.19376219975403, 119.90011688488123 32.19376219975403, 119.90011688488123 32.18283362322719))"
291,37.71350094871794,121.06430634615386,2,45902.78333333334,duration_weighted_berth_medoid,"POLYGON ((121.05907768622718 37.709567665000286, 121.08025251569028 37.709567665000286, 121.08025251569028 37.71765006388489, 121.05907768622718 37.71765006388489, 121.05907768622718 37.709567665000286))"
292,32.32010663934426,119.8144658032787,4,61974.23333333334,duration_weighted_berth_medoid,"POLYGON ((119.80406670602702 32.31249328588634, 119.82470037883516 32.31249328588634, 119.82470037883516 32.32661584805134, 119.80406670602702 32.32661584805134, 119.80406670602702 32.31249328588634))"
293,32.18531519411764,119.58358420588236,4,172392.81666666668,duration_weighted_berth_medoid,"POLYGON ((119.57528608183348 32.18099698458524, 119.59777900787978 32.18099698458524, 119.59777900787978 32.189673009016595, 119.57528608183348 32.189673009016595, 119.57528608183348 32.18099698458524))"
294,29.930881512820513,121.88174946153846,5,163502.16666666663,duration_weighted_berth_medoid,"POLYGON ((121.87452581139188 29.92583588253214, 121.8945546426744 29.92583588253214, 121.8945546426744 29.939404781185303, 121.87452581139188 29.939404781185303, 121.87452581139188 29.92583588253214))"
295,32.2042733,119.66449370000001,4,55629.55,duration_weighted_berth_medoid,"POLYGON ((119.65641048163621 32.19791806574306, 119.67560009063747 32.19791806574306, 119.67560009063747 32.21586390968813, 119.65641048163621 32.21586390968813, 119.65641048163621 32.19791806574306))"
296,32.20020312765958,119.63222579787234,1,7044.166666666667,duration_weighted_berth_medoid,"POLYGON ((119.62700677731371 32.19599277652689, 119.63711349596849 32.19599277652689, 119.63711349596849 32.20446864901836, 119.62700677731371 32.20446864901836, 119.62700677731371 32.19599277652689))"
297,38.96512752941176,117.80211970588236,1,29197.449999999997,duration_weighted_berth_medoid,"POLYGON ((117.79697267693459 38.96118156780635, 117.80708690691631 38.96118156780635, 117.80708690691631 38.968929992583845, 117.79697267693459 38.968929992583845, 117.79697267693459 38.96118156780635))"
298,40.74590769565218,120.97488804347827,1,43730.033333333326,duration_weighted_berth_medoid,"POLYGON ((120.9654108275137 40.74087726475449, 120.97994168889291 40.74087726475449, 120.97994168889291 40.750299292494994, 120.9654108275137 40.750299292494994, 120.9654108275137 40.74087726475449))"
299,26.800694085287844,119.70720728997868,3,30226.916666666668,duration_weighted_berth_medoid,"POLYGON ((119.70034562875414 26.791789523094604, 119.71436804397295 26.791789523094604, 119.71436804397295 26.80899633465053, 119.70034562875414 26.80899633465053, 119.70034562875414 26.791789523094604))"
300,31.35589480208333,121.616341875,2,33862.0,duration_weighted_berth_medoid,"POLYGON ((121.61100788459844 31.349742118088855, 121.62126690605325 31.349742118088855, 121.62126690605325 31.360138261912933, 121.61100788459844 31.360138261912933, 121.61100788459844 31.349742118088855))"
301,25.61731517307692,119.70344366346154,2,14489.349999999999,duration_weighted_berth_medoid,"POLYGON ((119.69556819183003 25.612978648672495, 119.70825284229664 25.612978648672495, 119.70825284229664 25.623447187216744, 119.69556819183003 25.623447187216744, 119.69556819183003 25.612978648672495))"
302,22.926044217821783,116.23964364356436,1,14837.05,duration_weighted_berth_medoid,"POLYGON ((116.23386782116481 22.92073525118575, 116.24562409954774 22.92073525118575, 116.24562409954774 22.931165949193844, 116.23386782116481 22.931165949193844, 116.23386782116481 22.92073525118575))"
303,30.841962916666663,121.79633758333334,1,13121.050000000001,duration_weighted_berth_medoid,"POLYGON ((121.79030520651463 30.837353851583924, 121.8033767045792 30.837353851583924, 121.8033767045792 30.84638164714321, 121.79030520651463 30.84638164714321, 121.79030520651463 30.837353851583924))"
304,23.505639093023255,116.38317406976745,1,19859.716666666667,duration_weighted_berth_medoid,"POLYGON ((116.37819753323173 23.501079005969284, 116.3881318569601 23.501079005969284, 116.3881318569601 23.510249841261455, 116.37819753323173 23.510249841261455, 116.37819753323173 23.501079005969284))"
305,31.341093941176467,121.70855576470588,3,1170.4666666666667,duration_weighted_berth_medoid,"POLYGON ((121.70369072735477 31.33104616556845, 121.71881589348533 31.33104616556845, 121.71881589348533 31.34581039784121, 121.70369072735477 31.34581039784121, 121.70369072735477 31.33104616556845))"
306,34.735646333333335,119.48000533333334,1,20583.316666666666,duration_weighted_berth_medoid,"POLYGON ((119.47287467399673 34.731245155239115, 119.48594711963293 34.731245155239115, 119.48594711963293 34.74030065636417, 119.47287467399673 34.74030065636417, 119.47287467399673 34.731245155239115))"
307,29.113647955555557,121.60761424444445,1,28075.083333333332,duration_weighted_berth_medoid,"POLYGON ((121.60151937387292 29.109016392539566, 121.61273303695782 29.109016392539566, 121.61273303695782 29.118290173111106, 121.60151937387292 29.118290173111106, 121.60151937387292 29.109016392539566))"
308,29.949074519480522,121.8277853961039,2,164011.5833333333,duration_weighted_berth_medoid,"POLYGON ((121.82041177815177 29.94364807582675, 121.83539237156265 29.94364807582675, 121.83539237156265 29.954338487256997, 121.82041177815177 29.954338487256997, 121.82041177815177 29.94364807582675))"
309,29.496170886792452,121.51018411320754,5,178646.44999999998,duration_weighted_berth_medoid,"POLYGON ((121.496359581307 29.488168037384742, 121.51749940699523 29.488168037384742, 121.51749940699523 29.504082231560123, 121.496359581307 29.504082231560123, 121.496359581307 29.488168037384742))"
310,37.64936280434783,120.30299867391305,3,30351.716666666667,duration_weighted_berth_medoid,"POLYGON ((120.29760075014455 37.64231318727443, 120.30830313520347 37.64231318727443, 120.30830313520347 37.656784893808485, 120.29760075014455 37.656784893808485, 120.29760075014455 37.64231318727443))"
311,39.01155860810811,121.74990567567568,2,14906.900000000001,duration_weighted_berth_medoid,"POLYGON ((121.74434003241636 39.007613231930954, 121.75585613991518 39.007613231930954, 121.75585613991518 39.017591966471805, 121.74434003241636 39.017591966471805, 121.74434003241636 39.007613231930954))"
312,29.997607016806725,122.04387009523809,1,55641.96666666667,duration_weighted_berth_medoid,"POLYGON ((122.03808257229963 29.993169710841933, 122.04884367505308 29.993169710841933, 122.04884367505308 30.002006061281193, 122.03808257229963 30.002006061281193, 122.03808257229963 29.993169710841933))"
313,29.970490863636368,121.87341968181818,1,4453.266666666667,duration_weighted_berth_medoid,"POLYGON ((121.8684932200269 29.96601721113513, 121.87924335362449 29.96601721113513, 121.87924335362449 29.975204141453595, 121.8684932200269 29.975204141453595, 121.8684932200269 29.96601721113513))"
314,30.375922000000003,120.91235536363637,1,8980.433333333332,duration_weighted_berth_medoid,"POLYGON ((120.90706365602699 30.371037378983754, 120.91739439348538 30.371037378983754, 120.91739439348538 30.380261855359606, 120.90706365602699 30.380261855359606, 120.90706365602699 30.371037378983754))"
315,30.4128510625,122.41332825,1,1171.8833333333332,duration_weighted_berth_medoid,"POLYGON ((122.40836130375415 30.408525014377755, 122.41832441739969 30.408525014377755, 122.41832441739969 30.41731117287035, 122.40836130375415 30.41731117287035, 122.40836130375415 30.408525014377755))"
316,30.46198612195122,120.94011217073171,1,5224.9,duration_weighted_berth_medoid,"POLYGON ((120.93514033351607 30.457621958985158, 120.94509063791249 30.457621958985158, 120.94509063791249 30.466349864698888, 120.93514033351607 30.466349864698888, 120.93514033351607 30.457621958985158))"
317,30.22994509677419,122.21759464516128,1,4745.666666666667,duration_weighted_berth_medoid,"POLYGON ((122.21267325167588 30.225676151651598, 122.2227032268187 30.225676151651598, 122.2227032268187 30.23439754135913, 122.21267325167588 30.23439754135913, 122.21267325167588 30.225676151651598))"
318,30.239856857142858,122.11113428571427,1,404.9833333333333,duration_weighted_berth_medoid,"POLYGON ((122.10576665602704 30.235061462366804, 122.11604082968725 30.235061462366804, 122.11604082968725 30.244095650142683, 122.10576665602704 30.244095650142683, 122.10576665602704 30.235061462366804))"
319,29.03835780952381,121.62620666666668,1,11036.383333333335,duration_weighted_berth_medoid,"POLYGON ((121.61989276975257 29.03386841441252, 121.63185921640712 29.03386841441252, 121.63185921640712 29.04282473458482, 121.61989276975257 29.04282473458482, 121.61989276975257 29.03386841441252))"
320,29.890096391304347,121.96981910869565,2,34726.566666666666,duration_weighted_berth_medoid,"POLYGON ((121.9647262297088 29.885762759836133, 121.9820103439729 29.885762759836133, 121.9820103439729 29.894568695875716, 121.9647262297088 29.894568695875716, 121.9647262297088 29.885762759836133))"
321,25.42022140277778,119.27728116666668,2,4277.766666666666,duration_weighted_berth_medoid,"POLYGON ((119.26868966533812 25.415785428398184, 119.28216886476282 25.415785428398184, 119.28216886476282 25.42621578404123, 119.26868966533812 25.42621578404123, 119.26868966533812 25.415785428398184))"
322,22.93650675,116.31320662499999,4,5401.5666666666675,duration_weighted_berth_medoid,"POLYGON ((116.30402554194507 22.924091845052647, 116.32062017997309 22.924091845052647, 116.32062017997309 22.94689458576895, 116.30402554194507 22.94689458576895, 116.30402554194507 22.924091845052647))"
323,23.22153091111111,116.77657593333333,2,3748.2166666666667,duration_weighted_berth_medoid,"POLYGON ((116.77160037319855 23.21631297140955, 116.78223556516299 23.21631297140955, 116.78223556516299 23.23024146438033, 116.77160037319855 23.23024146438033, 116.77160037319855 23.21631297140955))"
324,25.151150615384616,119.26459584615385,1,6703.333333333334,duration_weighted_berth_medoid,"POLYGON ((119.2594326293155 25.145707247375473, 119.27074760362446 25.145707247375473, 119.27074760362446 25.156129015000158, 119.2594326293155 25.156129015000158, 119.2594326293155 25.145707247375473))"
325,23.39754166666667,117.01858433333332,1,1023.2333333333333,duration_weighted_berth_medoid,"POLYGON ((117.01332121857044 23.392379149423807, 117.02395535362446 23.392379149423807, 117.02395535362446 23.402394702390488, 117.01332121857044 23.402394702390488, 117.01332121857044 23.392379149423807))"
326,31.796706590909093,121.01560107575757,2,3675.8,duration_weighted_berth_medoid,"POLYGON ((121.0105813963755 31.792490660424463, 121.02316341155193 31.792490660424463, 121.02316341155193 31.803460286014985, 121.0105813963755 31.803460286014985, 121.0105813963755 31.792490660424463))"
327,31.68258451428572,121.83614242857142,1,1226.3666666666666,duration_weighted_berth_medoid,"POLYGON ((121.83119848815956 31.678379998704102, 121.84108316263406 31.678379998704102, 121.84108316263406 31.686807546537462, 121.83119848815956 31.686807546537462, 121.83119848815956 31.678379998704102))"
328,31.713587166666667,121.7280955,3,8331.333333333334,duration_weighted_berth_medoid,"POLYGON ((121.7164920065146 31.703215734536638, 121.73386654397297 31.703215734536638, 121.73386654397297 31.718826670804006, 121.7164920065146 31.718826670804006, 121.7164920065146 31.703215734536638))"
329,30.69023240909091,122.4043406590909,6,7592.283333333334,duration_weighted_berth_medoid,"POLYGON ((122.39704709542082 30.680016011157896, 122.42082360362451 30.680016011157896, 122.42082360362451 30.696108139452882, 122.39704709542082 30.696108139452882, 122.39704709542082 30.680016011157896))"
330,31.690442948717948,121.79765505128205,2,3262.916666666667,duration_weighted_berth_medoid,"POLYGON ((121.79257872875414 31.685987400396534, 121.8111162379125 31.685987400396534, 121.8111162379125 31.695744634707264, 121.79257872875414 31.695744634707264, 121.79257872875414 31.685987400396534))"
331,31.670681899999998,121.8013748,1,467.9666666666667,duration_weighted_berth_medoid,"POLYGON ((121.79648710190384 31.666476845457055, 121.80727096076738 31.666476845457055, 121.80727096076738 31.674864298765378, 121.79648710190384 31.674864298765378, 121.79648710190384 31.666476845457055))"
332,31.68740014285714,121.82547057142858,2,17190.683333333334,duration_weighted_berth_medoid,"POLYGON ((121.82026093984794 31.682083031006577, 121.8324724230977 31.682083031006577, 121.8324724230977 31.69174140857797, 121.82026093984794 31.69174140857797, 121.82026093984794 31.682083031006577))"
333,23.5099231,117.10322670000001,1,419.95,duration_weighted_berth_medoid,"POLYGON ((117.09818822970882 23.505366812526194, 117.10815880362448 23.505366812526194, 117.10815880362448 23.514481615751457, 117.09818822970882 23.514481615751457, 117.09818822970882 23.505366812526194))"
334,25.416726936170214,119.68895672340425,1,1719.1,duration_weighted_berth_medoid,"POLYGON ((119.68336171264892 25.41160255418511, 119.69387811688958 25.41160255418511, 119.69387811688958 25.421121006634074, 119.68336171264892 25.421121006634074, 119.68336171264892 25.41160255418511))"
335,31.715536066666665,121.21563792121214,1,7324.383333333333,duration_weighted_berth_medoid,"POLYGON ((121.2106590426446 31.710934811242034, 121.22092876476285 31.710934811242034, 121.22092876476285 31.719736196130906, 121.2106590426446 31.719736196130906, 121.2106590426446 31.710934811242034))"
336,31.75669012,121.16711996,1,938.9166666666667,duration_weighted_berth_medoid,"POLYGON ((121.1621985665146 31.752424295680008, 121.17218330257624 31.752424295680008, 121.17218330257624 31.760874640895718, 121.1621985665146 31.760874640895718, 121.1621985665146 31.752424295680008))"
337,35.60982792753624,119.79948389855072,2,5608.883333333333,duration_weighted_berth_medoid,"POLYGON ((119.7900983376181 35.60128081478722, 119.80443078553155 35.60128081478722, 119.80443078553155 35.61423777561458, 119.7900983376181 35.61423777561458, 119.7900983376181 35.60128081478722))"
338,38.98039204347826,121.73718952173913,1,1060.55,duration_weighted_berth_medoid,"POLYGON ((121.73218136625414 38.976235018305736, 121.74212809298494 38.976235018305736, 121.74212809298494 38.984230993484076, 121.73218136625414 38.984230993484076, 121.73218136625414 38.976235018305736))"
339,38.99674866216216,121.6591177635135,2,63078.916666666664,duration_weighted_berth_medoid,"POLYGON ((121.6494343963755 38.99296286638108, 121.66401117016362 38.99296286638108, 121.66401117016362 39.0032680274558, 121.6494343963755 39.0032680274558, 121.6494343963755 38.99296286638108))"
340,22.57360578125,113.61670246875,1,1080.95,duration_weighted_berth_medoid,"POLYGON ((113.61177036512547 22.568539879294935, 113.62179028544271 22.568539879294935, 113.62179028544271 22.578159947114674, 113.61177036512547 22.578159947114674, 113.61177036512547 22.568539879294935))"
341,35.37482034782609,119.53504078260869,1,1066.9333333333334,duration_weighted_berth_medoid,"POLYGON ((119.53013423863574 35.37079166020434, 119.54056139348535 35.37079166020434, 119.54056139348535 35.37964196919488, 119.53013423863574 35.37964196919488, 119.53013423863574 35.37079166020434))"
342,23.5040403,117.11018616666667,1,1422.6166666666668,duration_weighted_berth_medoid,"POLYGON ((117.10526477318123 23.499509411085114, 117.11530734348538 23.499509411085114, 117.11530734348538 23.508834638140634, 117.10526477318123 23.508834638140634, 117.10526477318123 23.499509411085114))"
343,39.50842333898305,121.32265015254237,2,49518.46666666666,duration_weighted_berth_medoid,"POLYGON ((121.3166276463835 39.50213466392249, 121.32881825365725 39.50213466392249, 121.32881825365725 39.512766499620305, 121.3166276463835 39.512766499620305, 121.3166276463835 39.50213466392249))"
344,23.76940052898551,117.58026695652174,2,18701.383333333335,duration_weighted_berth_medoid,"POLYGON ((117.57523446780405 23.76097287744942, 117.58526343406265 23.76097287744942, 117.58526343406265 23.77475875916511, 117.57523446780405 23.77475875916511, 117.57523446780405 23.76097287744942))"
345,21.436359319148934,111.29019259574467,2,22492.816666666666,duration_weighted_berth_medoid,"POLYGON ((111.28276364859826 21.42927194071216, 111.29521582399643 21.42927194071216, 111.29521582399643 21.44112462624542, 111.28276364859826 21.44112462624542, 111.28276364859826 21.42927194071216))"
346,30.580525169014084,121.06848728169014,2,78548.5,duration_weighted_berth_medoid,"POLYGON ((121.06250963928049 30.575925589457345, 121.07814031208885 30.575925589457345, 121.07814031208885 30.58632574055659, 121.06250963928049 30.58632574055659, 121.06250963928049 30.575925589457345))"
347,32.18770563636363,119.28436445454545,1,15680.883333333331,duration_weighted_berth_medoid,"POLYGON ((119.27788671006715 32.18339951799873, 119.28983187124581 32.18339951799873, 119.28983187124581 32.19240774315588, 119.27788671006715 32.19240774315588, 119.27788671006715 32.18339951799873))"
348,31.95672761111111,120.32907005555555,1,24611.950000000004,duration_weighted_berth_medoid,"POLYGON ((120.32291423957197 31.951928843431546, 120.33575529124586 31.951928843431546, 120.33575529124586 31.96143921256596, 120.32291423957197 31.96143921256596, 120.32291423957197 31.951928843431546))"
349,30.0271126,121.99004880000001,4,126528.09999999998,duration_weighted_berth_medoid,"POLYGON ((121.9767978426488 30.02134413876075, 121.99655122678156 30.02134413876075, 121.99655122678156 30.045304953246724, 121.9767978426488 30.045304953246724, 121.9767978426488 30.02134413876075))"
350,32.16597241428572,118.85172852142857,1,4360.016666666666,duration_weighted_berth_medoid,"POLYGON ((118.84688974145546 32.16178994002168, 118.85709609044083 32.16178994002168, 118.85709609044083 32.170075266483174, 118.84688974145546 32.170075266483174, 118.84688974145546 32.16178994002168))"
351,31.893867342105267,120.92035518421052,1,31435.85,duration_weighted_berth_medoid,"POLYGON ((120.91529629111231 31.88952464637322, 120.92539628967097 31.88952464637322, 120.92539628967097 31.89835168654623, 120.91529629111231 31.89835168654623, 120.91529629111231 31.88952464637322))"
352,32.22910287179487,119.89398971794871,2,31412.83333333333,duration_weighted_berth_medoid,"POLYGON ((119.88863818227215 32.2214834712723, 119.90023251271543 32.2214834712723, 119.90023251271543 32.234027677849085, 119.88863818227215 32.234027677849085, 119.88863818227215 32.2214834712723))"
353,31.365571208333336,121.59904589583334,3,18718.65,duration_weighted_berth_medoid,"POLYGON ((121.59228708460014 31.35940360292645, 121.60741159392661 31.35940360292645, 121.60741159392661 31.370801817532556, 121.59228708460014 31.370801817532556, 121.59228708460014 31.35940360292645))"
354,29.980752499999998,122.04940108333334,2,99138.5,duration_weighted_berth_medoid,"POLYGON ((122.03820868425429 29.97620677830929, 122.0560122799731 29.97620677830929, 122.0560122799731 29.98634553371575, 122.03820868425429 29.98634553371575, 122.03820868425429 29.97620677830929))"
355,29.974855701030926,121.77517920618557,1,13138.633333333333,duration_weighted_berth_medoid,"POLYGON ((121.77026415551069 29.970220607586675, 121.7811506036245 29.970220607586675, 121.7811506036245 29.979144262432648, 121.77026415551069 29.979144262432648, 121.77026415551069 29.970220607586675))"
356,32.070227392473114,119.93580593548388,1,6527.966666666667,duration_weighted_berth_medoid,"POLYGON ((119.93052193428785 32.06584551867656, 119.94071247945688 32.06584551867656, 119.94071247945688 32.074609815497816, 119.93052193428785 32.074609815497816, 119.93052193428785 32.06584551867656))"
357,40.07561988,120.12160028,1,49669.96666666667,duration_weighted_berth_medoid,"POLYGON ((120.11234805602706 40.0705279729996, 120.12945148406264 40.0705279729996, 120.12945148406264 40.080231939164804, 120.11234805602706 40.080231939164804, 120.11234805602706 40.0705279729996))"
358,32.187412411764704,119.32083652941176,1,12171.516666666665,duration_weighted_berth_medoid,"POLYGON ((119.3155023449159 32.182982943309405, 119.32727194624583 32.182982943309405, 119.32727194624583 32.19168848293157, 119.3155023449159 32.19168848293157, 119.3155023449159 32.182982943309405))"
359,31.99360574,120.6758674,6,51066.283333333326,duration_weighted_berth_medoid,"POLYGON ((120.66013474125411 31.988543176471246, 120.69105043791251 31.988543176471246, 120.69105043791251 31.998564540485216, 120.66013474125411 31.998564540485216, 120.66013474125411 31.988543176471246))"
360,29.94833299009901,121.95039116831684,1,19233.199999999997,duration_weighted_berth_medoid,"POLYGON ((121.94535634491587 29.944036115323904, 121.95542679159202 29.944036115323904, 121.95542679159202 29.952658863748262, 121.94535634491587 29.952658863748262, 121.94535634491587 29.944036115323904))"
361,28.087135305555556,121.13892891666667,1,9237.35,duration_weighted_berth_medoid,"POLYGON ((121.13247955190384 28.082208686232672, 121.14410461775745 28.082208686232672, 121.14410461775745 28.09359178886503, 121.13247955190384 28.09359178886503, 121.13247955190384 28.082208686232672))"
362,31.690947974683546,121.14967175949367,1,7797.383333333333,duration_weighted_berth_medoid,"POLYGON ((121.14454053484168 31.686659787996305, 121.15489935140165 31.686659787996305, 121.15489935140165 31.695267152076703, 121.14454053484168 31.695267152076703, 121.14454053484168 31.686659787996305))"
363,32.186272055555555,118.89089843055555,3,32157.249999999996,duration_weighted_berth_medoid,"POLYGON ((118.87753993985378 32.18126129478987, 118.89588579593217 32.18126129478987, 118.89588579593217 32.19046667032862, 118.87753993985378 32.19046667032862, 118.87753993985378 32.18126129478987))"
364,32.26753078181818,119.42860763636364,1,3386.2166666666662,duration_weighted_berth_medoid,"POLYGON ((119.4234580519038 32.26327327411461, 119.43358409809609 32.26327327411461, 119.43358409809609 32.2717822190835, 119.4234580519038 32.2717822190835, 119.4234580519038 32.26327327411461))"
365,32.204840875,119.24702625,2,58515.066666666666,duration_weighted_berth_medoid,"POLYGON ((119.24194814095847 32.19952674786439, 119.25402610964018 32.19952674786439, 119.25402610964018 32.20909475543014, 119.24194814095847 32.20909475543014, 119.24194814095847 32.19952674786439))"
366,40.792323912087916,121.02088763736263,1,5139.916666666667,duration_weighted_berth_medoid,"POLYGON ((121.01602260001144 40.78851069680856, 121.02612717371468 40.78851069680856, 121.02612717371468 40.79600704500168, 121.01602260001144 40.79600704500168, 121.01602260001144 40.78851069680856))"
367,31.7717326,120.95961565,1,5961.933333333334,duration_weighted_berth_medoid,"POLYGON ((120.9544637200268 31.767488924931914, 120.96465619932793 31.767488924931914, 120.96465619932793 31.77600795550346, 120.9544637200268 31.77600795550346, 120.9544637200268 31.767488924931914))"
368,32.017293,120.76776528571429,1,6939.15,duration_weighted_berth_medoid,"POLYGON ((120.762716876372 32.01300228436961, 120.77282398381051 32.01300228436961, 120.77282398381051 32.02146727990131, 120.762716876372 32.02146727990131, 120.762716876372 32.01300228436961))"
369,21.712546719298246,108.5915267368421,1,12924.833333333334,duration_weighted_berth_medoid,"POLYGON ((108.58609036264889 21.70685357716655, 108.59736013303629 21.70685357716655, 108.59736013303629 21.717515185554724, 108.58609036264889 21.717515185554724, 108.58609036264889 21.70685357716655))"
370,29.891522657894736,122.06927778947367,1,41930.600000000006,duration_weighted_berth_medoid,"POLYGON ((122.0628983376489 29.886710106886007, 122.07434474878576 29.886710106886007, 122.07434474878576 29.895826490081486, 122.0628983376489 29.895826490081486, 122.0628983376489 29.886710106886007))"
371,26.887351413043476,119.6505098657289,3,90790.48333333334,duration_weighted_berth_medoid,"POLYGON ((119.645525420185 26.879457350302275, 119.66436657883516 26.879457350302275, 119.66436657883516 26.891777673428788, 119.645525420185 26.891777673428788, 119.645525420185 26.879457350302275))"
372,27.183089764705883,120.3864038235294,1,15885.416666666668,duration_weighted_berth_medoid,"POLYGON ((120.38080675644923 27.1776515862267, 120.39192862124584 27.1776515862267, 120.39192862124584 27.188305562887216, 120.38080675644923 27.188305562887216, 120.38080675644923 27.1776515862267))"
373,22.448311166666667,113.02989738888888,1,914.3833333333333,duration_weighted_berth_medoid,"POLYGON ((113.02412359901247 22.4437447445625, 113.03481878237429 22.4437447445625, 113.03481878237429 22.452936218200218, 113.02412359901247 22.452936218200218, 113.02412359901247 22.4437447445625))"
374,22.977694156862743,113.54390403921569,3,19806.383333333335,duration_weighted_berth_medoid,"POLYGON ((113.53657803923261 22.970483558516392, 113.55009482730868 22.970483558516392, 113.55009482730868 22.988036643985833, 113.53657803923261 22.988036643985833, 113.53657803923261 22.970483558516392))"
375,37.56784606741573,121.3805953033708,4,20291.81666666667,duration_weighted_berth_medoid,"POLYGON ((121.37065185651464 37.563546574338766, 121.3933630314295 37.563546574338766, 121.3933630314295 37.57181837303262, 121.37065185651464 37.57181837303262, 121.37065185651464 37.563546574338766))"
376,37.422442679999996,122.65526674,3,26126.36666666667,duration_weighted_berth_medoid,"POLYGON ((122.65024589637545 37.41345163424816, 122.66512936611765 37.41345163424816, 122.66512936611765 37.42650238804104, 122.65024589637545 37.42650238804104, 122.65024589637545 37.41345163424816))"
377,23.56286015957447,117.12199779787234,1,3703.4,duration_weighted_berth_medoid,"POLYGON ((117.11685799634817 23.55833129574433, 117.12688549596848 23.55833129574433, 117.12688549596848 23.567358622597293, 117.11685799634817 23.567358622597293, 117.11685799634817 23.55833129574433))"
378,22.376016284313728,113.07672269607842,1,11625.416666666666,duration_weighted_berth_medoid,"POLYGON ((113.07160830375413 22.370185053398632, 113.08170803361143 22.370185053398632, 113.08170803361143 22.381195177196428, 113.07160830375413 22.381195177196428, 113.07160830375413 22.370185053398632))"
379,32.12459458208956,121.47545417910447,2,14296.383333333331,duration_weighted_berth_medoid,"POLYGON ((121.47006588589703 32.118743872002405, 121.48024970072451 32.118743872002405, 121.48024970072451 32.12874189628243, 121.47006588589703 32.12874189628243, 121.47006588589703 32.118743872002405))"
380,22.92399924539877,113.56688511042944,1,12145.533333333333,duration_weighted_berth_medoid,"POLYGON ((113.56173906977978 22.919284027998817, 113.57182368167526 22.919284027998817, 113.57182368167526 22.92931905715614, 113.56173906977978 22.92931905715614, 113.56173906977978 22.919284027998817))"
381,35.208462874172184,119.40204781456954,1,46409.933333333334,duration_weighted_berth_medoid,"POLYGON ((119.39431631016858 35.2042470158318, 119.4079445413951 35.2042470158318, 119.4079445413951 35.21250266352214, 119.39431631016858 35.21250266352214, 119.39431631016858 35.2042470158318))"
382,22.47037194117647,113.90352676470589,2,16829.833333333336,duration_weighted_berth_medoid,"POLYGON ((113.89757298151466 22.46357530354764, 113.9084935373594 22.46357530354764, 113.9084935373594 22.47595087948761, 113.89757298151466 22.47595087948761, 113.89757298151466 22.46357530354764))"
383,28.187202499999998,121.11286832352941,1,4503.283333333333,duration_weighted_berth_medoid,"POLYGON ((121.10754766365748 28.18206695787083, 121.11782596166722 28.18206695787083, 121.11782596166722 28.191596147405228, 121.10754766365748 28.191596147405228, 121.10754766365748 28.18206695787083))"
384,39.60422112765957,122.95752663829786,2,49566.933333333334,duration_weighted_berth_medoid,"POLYGON ((122.95086310183108 39.594700912343235, 122.96780398756981 39.594700912343235, 122.96780398756981 39.60816915535661, 122.95086310183108 39.60816915535661, 122.95086310183108 39.594700912343235))"
385,36.00009528571429,120.1896842244898,3,11059.166666666666,duration_weighted_berth_medoid,"POLYGON ((120.18376496264882 35.99455380852091, 120.20004837635172 35.99455380852091, 120.20004837635172 36.004171278655825, 120.18376496264882 36.004171278655825, 120.18376496264882 35.99455380852091))"
386,31.347520533333338,121.52914993333334,3,66352.00000000001,duration_weighted_berth_medoid,"POLYGON ((121.52307282693104 31.33964989249961, 121.54639325833448 31.33964989249961, 121.54639325833448 31.352120792942415, 121.52307282693104 31.352120792942415, 121.52307282693104 31.33964989249961))"
387,30.742852515625,121.417741609375,1,6434.933333333333,duration_weighted_berth_medoid,"POLYGON ((121.41275215278573 30.73857440164397, 121.42272885362449 30.73857440164397, 121.42272885362449 30.747156911779754, 121.41275215278573 30.747156911779754, 121.41275215278573 30.73857440164397))"
388,25.17251498076923,118.97935453846154,1,6557.966666666666,duration_weighted_berth_medoid,"POLYGON ((118.97418385651463 25.167762889252707, 118.9845056036245 25.167762889252707, 118.9845056036245 25.17785760079548, 118.97418385651463 25.17785760079548, 118.97418385651463 25.167762889252707))"
389,22.30802226666667,113.06599299999999,1,2274.35,duration_weighted_berth_medoid,"POLYGON ((113.0608793433567 22.303334268739487, 113.07104339348535 22.303334268739487, 113.07104339348535 22.312967929053148, 113.0608793433567 22.312967929053148, 113.0608793433567 22.303334268739487))"
390,22.17771268627451,113.09656403921569,1,1567.2666666666667,duration_weighted_berth_medoid,"POLYGON ((113.09167634111955 22.17302060447273, 113.10172758698502 22.17302060447273, 113.10172758698502 22.18223870731952, 113.09167634111955 22.18223870731952, 113.09167634111955 22.17302060447273))"
391,22.209671421052633,113.0977765263158,1,753.1166666666667,duration_weighted_berth_medoid,"POLYGON ((113.09283579225314 22.20505375888369, 113.10274016263408 22.20505375888369, 113.10274016263408 22.214245511656657, 113.09283579225314 22.214245511656657, 113.09283579225314 22.20505375888369))"
392,21.59768227586207,108.38554118965517,3,22703.4,duration_weighted_berth_medoid,"POLYGON ((108.37878932080027 21.590615136837386, 108.39254598381055 21.590615136837386, 108.39254598381055 21.605238492647842, 108.37878932080027 21.605238492647842, 108.37878932080027 21.590615136837386))"
393,22.477633144927534,113.88177189855072,2,4454.333333333334,duration_weighted_berth_medoid,"POLYGON ((113.87313407875413 22.47216311410341, 113.88688517505307 22.47216311410341, 113.88688517505307 22.482224472791387, 113.87313407875413 22.482224472791387, 113.87313407875413 22.47216311410341))"
394,38.96473021621622,121.81347718918919,1,4319.333333333334,duration_weighted_berth_medoid,"POLYGON ((121.80809050810333 38.960322007595686, 121.81911676216113 38.960322007595686, 121.81911676216113 38.968985553081325, 121.80809050810333 38.968985553081325, 121.80809050810333 38.960322007595686))"
395,28.69984203448276,121.43473489655173,1,4098.450000000001,duration_weighted_berth_medoid,"POLYGON ((121.42971289637546 28.695483630468345, 121.43967420362446 28.695483630468345, 121.43967420362446 28.704252506060527, 121.42971289637546 28.704252506060527, 121.42971289637546 28.695483630468345))"
396,29.043709197183098,121.6379885140845,2,30187.949999999997,duration_weighted_berth_medoid,"POLYGON ((121.63276464637548 29.03843825104642, 121.6484224006278 29.03843825104642, 121.6484224006278 29.051913237876498, 121.63276464637548 29.051913237876498, 121.63276464637548 29.03843825104642))"
397,30.396832571428572,122.39545899999999,2,527.8666666666667,duration_weighted_berth_medoid,"POLYGON ((122.38603729637543 30.385831357484857, 122.40053667919969 30.385831357484857, 122.40053667919969 30.401077386001308, 122.38603729637543 30.401077386001308, 122.38603729637543 30.385831357484857))"
398,31.007809428571427,121.4491935164835,3,72446.98333333334,duration_weighted_berth_medoid,"POLYGON ((121.43557305375415 31.003318162855056, 121.45461601765717 31.003318162855056, 121.45461601765717 31.01518292980453, 121.43557305375415 31.01518292980453, 121.43557305375415 31.003318162855056))"
399,36.87258346666667,122.44716443333333,1,64885.78333333333,duration_weighted_berth_medoid,"POLYGON ((122.43952546264885 36.86774952386153, 122.45417847320664 36.86774952386153, 122.45417847320664 36.87760820985242, 122.43952546264885 36.87760820985242, 122.43952546264885 36.86774952386153))"
400,32.19875942857143,119.28287485714286,7,42486.33333333333,duration_weighted_berth_medoid,"POLYGON ((119.26380972616278 32.19203778335364, 119.29922185362447 32.19203778335364, 119.29922185362447 32.20944789134364, 119.26380972616278 32.20944789134364, 119.26380972616278 32.19203778335364))"
401,37.790319078431374,120.63188821568627,1,39641.21666666667,duration_weighted_berth_medoid,"POLYGON ((120.62498111066122 37.78632680982261, 120.63948828092327 37.78632680982261, 120.63948828092327 37.794352111931445, 120.62498111066122 37.794352111931445, 120.62498111066122 37.78632680982261))"
402,30.068227098039216,121.89416217647059,1,11865.866666666667,duration_weighted_berth_medoid,"POLYGON ((121.88909668343769 30.063823737940456, 121.89919139348535 30.063823737940456, 121.89919139348535 30.07261211829397, 121.88909668343769 30.07261211829397, 121.88909668343769 30.063823737940456))"
403,32.249003075000005,119.69267835000001,1,43494.683333333334,duration_weighted_berth_medoid,"POLYGON ((119.68748385602699 32.24457763038375, 119.69766095573767 32.24457763038375, 119.69766095573767 32.253364241819654, 119.68748385602699 32.253364241819654, 119.68748385602699 32.24457763038375))"
404,31.924774244444446,120.20783542222222,2,23067.883333333335,duration_weighted_berth_medoid,"POLYGON ((120.20285725887548 31.920516527442715, 120.21774910362447 31.920516527442715, 120.21774910362447 31.92968671064652, 120.20285725887548 31.92968671064652, 120.20285725887548 31.920516527442715))"
405,40.05372659906542,120.02511882429906,1,58131.433333333334,duration_weighted_berth_medoid,"POLYGON ((120.01994765076765 40.04986218690692, 120.03003703735115 40.04986218690692, 120.03003703735115 40.05747067915028, 120.01994765076765 40.05747067915028, 120.01994765076765 40.04986218690692))"
406,32.27173223529412,119.70573252941176,3,3609.116666666667,duration_weighted_berth_medoid,"POLYGON ((119.69953552875411 32.2646972851084, 119.71311377997313 32.2646972851084, 119.71311377997313 32.27790144101845, 119.69953552875411 32.27790144101845, 119.69953552875411 32.2646972851084))"
407,31.6754544556962,121.18029535443038,2,24675.83333333333,duration_weighted_berth_medoid,"POLYGON ((121.17268733220683 31.67123164871142, 121.18516766568742 31.67123164871142, 121.18516766568742 31.681188019055355, 121.17268733220683 31.681188019055355, 121.17268733220683 31.67123164871142))"
408,39.98465419378238,119.83464732849741,9,58571.566666666666,duration_weighted_berth_medoid,"POLYGON ((119.82133019527348 39.96857429851006, 119.84256491647201 39.96857429851006, 119.84256491647201 39.990522953729666, 119.82133019527348 39.990522953729666, 119.82133019527348 39.96857429851006))"
409,31.997169763157892,119.99968668421053,3,29750.6,duration_weighted_berth_medoid,"POLYGON ((119.99210579363472 31.99099372065861, 120.00656229425887 31.99099372065861, 120.00656229425887 32.00434488015913, 119.99210579363472 32.00434488015913, 119.99210579363472 31.99099372065861))"
410,31.68380926984127,121.16338585714286,1,2869.366666666667,duration_weighted_berth_medoid,"POLYGON ((121.15828473509677 31.67960480972799, 121.16829240111583 31.67960480972799, 121.16829240111583 31.688058801181857, 121.15828473509677 31.688058801181857, 121.15828473509677 31.67960480972799))"
411,37.44005462222223,120.02006777037037,1,7346.533333333334,duration_weighted_berth_medoid,"POLYGON ((120.01510383875286 37.43613162685374, 120.02500850443299 37.43613162685374, 120.02500850443299 37.44410458887582, 120.01510383875286 37.44410458887582, 120.01510383875286 37.43613162685374))"
412,29.783535304054055,122.08423947297298,1,6836.5,duration_weighted_berth_medoid,"POLYGON ((122.07928973720172 29.77923579243337, 122.08918020703564 29.77923579243337, 122.08918020703564 29.78782331596688, 122.07928973720172 29.78782331596688, 122.07928973720172 29.77923579243337))"
413,28.27401195744681,121.55748991489362,2,7514.4333333333325,duration_weighted_berth_medoid,"POLYGON ((121.54944531139189 28.268920881964874, 121.56361957029117 28.268920881964874, 121.56361957029117 28.278826024595926, 121.54944531139189 28.278826024595926, 121.54944531139189 28.268920881964874))"
414,28.38678366666667,121.65885619047619,1,6175.816666666667,duration_weighted_berth_medoid,"POLYGON ((121.65308830190386 28.382185548992407, 121.66438660362448 28.382185548992407, 121.66438660362448 28.391133103569203, 121.65308830190386 28.391133103569203, 121.65308830190386 28.382185548992407))"
415,39.047258125,117.77088718750001,2,11431.783333333333,duration_weighted_berth_medoid,"POLYGON ((117.76246300748656 39.0426132995213, 117.77785799851837 39.0426132995213, 117.77785799851837 39.05242775123438, 117.76246300748656 39.05242775123438, 117.76246300748656 39.0426132995213))"
416,31.290949,121.74566471428571,1,230.08333333333334,duration_weighted_berth_medoid,"POLYGON ((121.74082593431264 31.286726846182354, 121.75137719348538 31.286726846182354, 121.75137719348538 31.295602221905863, 121.74082593431264 31.295602221905863, 121.74082593431264 31.286726846182354))"
417,31.97683947368421,120.44681760526316,2,21757.316666666666,duration_weighted_berth_medoid,"POLYGON ((120.44096195519899 31.97175440246271, 120.45398045238689 31.97175440246271, 120.45398045238689 31.98341723120686, 120.44096195519899 31.98341723120686, 120.44096195519899 31.97175440246271))"
418,29.997244345507667,122.0794723265157,1,83452.04999999999,duration_weighted_berth_medoid,"POLYGON ((122.0744479416468 29.992791350232636, 122.0847482177522 29.992791350232636, 122.0847482177522 30.00140924480147, 122.0744479416468 30.00140924480147, 122.0744479416468 29.992791350232636))"
419,39.08266307142857,118.49074498809523,2,49487.850000000006,duration_weighted_berth_medoid,"POLYGON ((118.48553864637545 39.076281375730275, 118.50226157997312 39.076281375730275, 118.50226157997312 39.08648462233192, 118.48553864637545 39.08648462233192, 118.48553864637545 39.076281375730275))"
420,30.01824,122.072252,1,177.81666666666666,duration_weighted_berth_medoid,"POLYGON ((122.06729093260401 30.013961893168013, 122.07719273406266 30.013961893168013, 122.07719273406266 30.022603918569047, 122.06729093260401 30.022603918569047, 122.06729093260401 30.013961893168013))"
421,38.808869529411766,121.13631379411765,1,16291.250000000004,duration_weighted_berth_medoid,"POLYGON ((121.13115808366321 38.804826488207944, 121.14193834362446 38.804826488207944, 121.14193834362446 38.8130978115118, 121.13115808366321 38.8130978115118, 121.13115808366321 38.804826488207944))"
422,38.94685825,118.48854670833333,1,9991.383333333333,duration_weighted_berth_medoid,"POLYGON ((118.48332462584749 38.942986982535054, 118.49349450056535 38.942986982535054, 118.49349450056535 38.950924302672924, 118.48332462584749 38.950924302672924, 118.48332462584749 38.942986982535054))"
423,40.297084197530864,122.08653804938272,1,8893.599999999999,duration_weighted_berth_medoid,"POLYGON ((122.08120846264892 40.29278525145869, 122.09178495686565 40.29278525145869, 122.09178495686565 40.30082776633623, 122.08120846264892 40.30082776633623, 122.08120846264892 40.29278525145869))"
424,32.08165235416667,121.63034202083333,2,6277.383333333333,duration_weighted_berth_medoid,"POLYGON ((121.62393343542885 32.07743782404441, 121.63545890457917 32.07743782404441, 121.63545890457917 32.08615371850247, 121.62393343542885 32.08615371850247, 121.62393343542885 32.07743782404441))"
425,30.101218753623186,121.86969691304348,1,3778.8833333333328,duration_weighted_berth_medoid,"POLYGON ((121.86360173187967 30.09694423081036, 121.87462901666795 30.09694423081036, 121.87462901666795 30.10581969289755, 121.86360173187967 30.10581969289755, 121.86360173187967 30.09694423081036))"
426,21.607451902439024,108.32716129268292,2,12841.333333333332,duration_weighted_berth_medoid,"POLYGON ((108.32215676208747 21.60280046347384, 108.33376163973898 21.60280046347384, 108.33376163973898 21.61857308635991, 108.32215676208747 21.61857308635991, 108.32215676208747 21.60280046347384))"
427,21.697595391304347,108.63536704347825,1,18204.666666666664,duration_weighted_berth_medoid,"POLYGON ((108.629772432604 21.68631152560717, 108.64047987839254 21.68631152560717, 108.64047987839254 21.703572649749436, 108.629772432604 21.703572649749436, 108.629772432604 21.68631152560717))"
428,39.0404225,118.3623245,3,213949.11666666667,duration_weighted_berth_medoid,"POLYGON ((118.35533095343735 39.035948134264885, 118.37155312736958 39.035948134264885, 118.37155312736958 39.045565566500215, 118.35533095343735 39.045565566500215, 118.35533095343735 39.035948134264885))"
429,21.595096032786888,108.32880821311475,1,15607.599999999999,duration_weighted_berth_medoid,"POLYGON ((108.32378043004397 21.587092145399428, 108.33512966368282 21.587092145399428, 108.33512966368282 21.600515646093662, 108.32378043004397 21.600515646093662, 108.32378043004397 21.587092145399428))"
430,37.413693,119.95016912962963,3,21329.1,duration_weighted_berth_medoid,"POLYGON ((119.94205888640677 37.40971095342505, 119.95667228219592 37.40971095342505, 119.95667228219592 37.42621153220256, 119.94205888640677 37.42621153220256, 119.94205888640677 37.40971095342505))"
431,22.782456410958904,115.92834553424657,1,677.9833333333333,duration_weighted_berth_medoid,"POLYGON ((115.92337576208749 22.77790106820626, 115.9332841054924 22.77790106820626, 115.9332841054924 22.787047945352647, 115.92337576208749 22.787047945352647, 115.92337576208749 22.77790106820626))"
432,22.81747104255319,113.5735284680851,1,1669.15,duration_weighted_berth_medoid,"POLYGON ((113.56853242875412 22.812667485541102, 113.57847118663048 22.812667485541102, 113.57847118663048 22.82202306955005, 113.56853242875412 22.82202306955005, 113.56853242875412 22.812667485541102))"
433,21.92770384313725,113.2168773627451,1,4713.0,duration_weighted_berth_medoid,"POLYGON ((113.21120285738571 21.92210664560117, 113.22247273998812 21.92210664560117, 113.22247273998812 21.932851109644066, 113.21120285738571 21.932851109644066, 113.21120285738571 21.92210664560117))"
434,31.757696950000003,121.181046925,2,46809.11666666667,duration_weighted_berth_medoid,"POLYGON ((121.17213601593733 31.753390545876243, 121.18657834171971 31.753390545876243, 121.18657834171971 31.763763910505087, 121.17213601593733 31.763763910505087, 121.17213601593733 31.753390545876243))"
435,30.98486717777778,121.37679026666667,1,20496.866666666665,duration_weighted_berth_medoid,"POLYGON ((121.37051994729968 30.98004962708277, 121.38201610362447 30.98004962708277, 121.38201610362447 30.989235356146978, 121.37051994729968 30.989235356146978, 121.37051994729968 30.98004962708277))"
436,31.388457119999998,121.60929328,1,815.65,duration_weighted_berth_medoid,"POLYGON ((121.60435470875416 31.38400950895837, 121.61431187124582 31.38400950895837, 121.61431187124582 31.3926728650735, 121.60435470875416 31.3926728650735, 121.60435470875416 31.38400950895837))"
437,32.237251372340424,119.25333438297872,1,37769.26666666667,duration_weighted_berth_medoid,"POLYGON ((119.24838789093732 32.23302136127188, 119.25828422681629 32.23302136127188, 119.25828422681629 32.241438697670716, 119.24838789093732 32.241438697670716, 119.24838789093732 32.23302136127188))"
438,32.2426862625,119.6871135375,1,2713.9166666666665,duration_weighted_berth_medoid,"POLYGON ((119.6817761065146 32.23782906991559, 119.69203493098544 32.23782906991559, 119.69203493098544 32.24684866170424, 119.6817761065146 32.24684866170424, 119.6817761065146 32.23782906991559))"
439,29.89222595073892,122.00076961083744,1,12004.516666666666,duration_weighted_berth_medoid,"POLYGON ((121.99457739122036 29.886650316771018, 122.00573047862446 29.886650316771018, 122.00573047862446 29.896477598395954, 121.99457739122036 29.896477598395954, 121.99457739122036 29.886650316771018))"
440,37.82259442857143,120.84291257142857,4,22366.083333333336,duration_weighted_berth_medoid,"POLYGON ((120.8321660045117 37.81200816073041, 120.84997464348534 37.81200816073041, 120.84997464348534 37.826555912829576, 120.8321660045117 37.826555912829576, 120.8321660045117 37.81200816073041))"
441,31.752374384615386,121.19343384615385,1,2204.0833333333335,duration_weighted_berth_medoid,"POLYGON ((121.18838218208974 31.747686386136515, 121.19847930362448 31.747686386136515, 121.19847930362448 31.756843381701174, 121.18838218208974 31.756843381701174, 121.18838218208974 31.747686386136515))"
442,39.11039588,118.54902383999999,1,25934.416666666668,duration_weighted_berth_medoid,"POLYGON ((118.54390901264895 39.10563099769359, 118.55664200602843 39.10563099769359, 118.55664200602843 39.114379968530265, 118.54390901264895 39.114379968530265, 118.54390901264895 39.10563099769359))"
443,36.0977544375,120.32714115625,4,26194.166666666664,duration_weighted_berth_medoid,"POLYGON ((120.31459692824923 36.09151447788936, 120.33215682826794 36.09151447788936, 120.33215682826794 36.104382650103986, 120.31459692824923 36.104382650103986, 120.31459692824923 36.09151447788936))"
444,32.19391527333333,119.34960502,1,9895.716666666665,duration_weighted_berth_medoid,"POLYGON ((119.34431219320813 32.18951205965026, 119.35677977124583 32.18951205965026, 119.35677977124583 32.198679224099834, 119.34431219320813 32.198679224099834, 119.34431219320813 32.18951205965026))"
445,26.469349799999996,119.6705948,2,508.1166666666666,duration_weighted_berth_medoid,"POLYGON ((119.66525426593735 26.46333260577409, 119.67766464348533 26.46333260577409, 119.67766464348533 26.4743252670429, 119.66525426593735 26.4743252670429, 119.66525426593735 26.46333260577409))"
446,22.902244000000003,113.56508060000002,1,379.66666666666663,duration_weighted_berth_medoid,"POLYGON ((113.56017405602708 22.897692666827748, 113.57124070362451 22.897692666827748, 113.57124070362451 22.90682348461054, 113.56017405602708 22.90682348461054, 113.56017405602708 22.897692666827748))"
447,21.7187622987013,108.58509976623375,1,4828.216666666666,duration_weighted_berth_medoid,"POLYGON ((108.58008208102704 21.713688042470164, 108.59045885644834 21.713688042470164, 108.59045885644834 21.723661652455018, 108.58008208102704 21.723661652455018, 108.58008208102704 21.713688042470164))"
448,22.695742027272725,114.56135657272728,2,32033.86666666667,duration_weighted_berth_medoid,"POLYGON ((114.55438431764301 22.690059470988754, 114.56935689432277 22.690059470988754, 114.56935689432277 22.700456680661585, 114.55438431764301 22.700456680661585, 114.55438431764301 22.690059470988754))"
449,32.018449972972974,120.60370912837838,2,9886.699999999999,duration_weighted_berth_medoid,"POLYGON ((120.59831371907052 32.011360384845, 120.61338560906263 32.011360384845, 120.61338560906263 32.022824481825545, 120.59831371907052 32.022824481825545, 120.59831371907052 32.011360384845))"
450,30.9830705,121.36064666666665,1,638.35,duration_weighted_berth_medoid,"POLYGON ((121.35567492875415 30.97868602110058, 121.36561138942766 30.97868602110058, 121.36561138942766 30.98731583871092, 121.35567492875415 30.98731583871092, 121.35567492875415 30.97868602110058))"
451,31.002073476190475,121.42959152380953,1,14059.799999999997,duration_weighted_berth_medoid,"POLYGON ((121.42341736264886 30.997495147119526, 121.4346826036245 30.997495147119526, 121.4346826036245 31.00634911828636, 121.42341736264886 31.00634911828636, 121.42341736264886 30.997495147119526))"
452,30.115087999999997,121.94777714285715,2,58539.36666666667,duration_weighted_berth_medoid,"POLYGON ((121.94206814637546 30.106483764775742, 121.9577820980962 30.106483764775742, 121.9577820980962 30.120194473408873, 121.94206814637546 30.120194473408873, 121.94206814637546 30.106483764775742))"
453,29.64011901574803,121.93736566535433,3,62334.83333333333,duration_weighted_berth_medoid,"POLYGON ((121.93240657581296 29.631082450660596, 121.95382153735117 29.631082450660596, 121.95382153735117 29.644429114230157, 121.93240657581296 29.644429114230157, 121.93240657581296 29.631082450660596))"
454,22.707787181818183,114.58389303030303,2,2674.8166666666666,duration_weighted_berth_medoid,"POLYGON ((114.5788813963755 22.703052328735826, 114.59150398406267 22.703052328735826, 114.59150398406267 22.712396095279882, 114.5788813963755 22.712396095279882, 114.5788813963755 22.703052328735826))"
455,29.51608548701299,121.66392238311688,1,11926.483333333334,duration_weighted_berth_medoid,"POLYGON ((121.65899027949236 29.51175395004124, 121.66899272226854 29.51175395004124, 121.66899272226854 29.520451181057407, 121.65899027949236 29.520451181057407, 121.65899027949236 29.51175395004124))"
456,21.583661,109.58908516666666,1,840.95,duration_weighted_berth_medoid,"POLYGON ((109.58427598783146 21.579066630300392, 109.59497672681871 21.579066630300392, 109.59497672681871 21.588569974441228, 109.58427598783146 21.588569974441228, 109.58427598783146 21.579066630300392))"
457,26.780596454545456,119.71788615909091,1,3690.833333333333,duration_weighted_berth_medoid,"POLYGON ((119.71293462994011 26.775351181915738, 119.72334985181864 26.775351181915738, 119.72334985181864 26.78505067314115, 119.71293462994011 26.78505067314115, 119.71293462994011 26.775351181915738))"
458,27.490973313253015,120.67139185542167,2,10803.916666666668,duration_weighted_berth_medoid,"POLYGON ((120.666409263919 27.485617578437388, 120.68078595362451 27.485617578437388, 120.68078595362451 27.49537232731953, 120.666409263919 27.49537232731953, 120.666409263919 27.485617578437388))"
459,31.948618238095236,120.13104442857143,3,1551.1,duration_weighted_berth_medoid,"POLYGON ((120.12252543984799 31.941621261449082, 120.13611264348538 31.941621261449082, 120.13611264348538 31.953205173173394, 120.12252543984799 31.953205173173394, 120.12252543984799 31.941621261449082))"
460,31.433826716666665,121.46976915,1,13061.666666666666,duration_weighted_berth_medoid,"POLYGON ((121.46399694371114 31.42711189583239, 121.47696532124586 31.42711189583239, 121.47696532124586 31.43854399906022, 121.46399694371114 31.43854399906022, 121.46399694371114 31.42711189583239))"
461,39.830517223684204,124.1593817368421,2,58488.34999999999,duration_weighted_berth_medoid,"POLYGON ((124.15375007161127 39.82217567699797, 124.16454582124582 39.82217567699797, 124.16454582124582 39.8354774311876, 124.15375007161127 39.8354774311876, 124.15375007161127 39.82217567699797))"
462,26.138360499999997,119.60441134999999,1,7463.45,duration_weighted_berth_medoid,"POLYGON ((119.59871750298305 26.133523759535937, 119.60941306015206 26.133523759535937, 119.60941306015206 26.142709610045994, 119.59871750298305 26.142709610045994, 119.59871750298305 26.133523759535937))"
463,24.839041037037035,118.93367592592593,2,908.25,duration_weighted_berth_medoid,"POLYGON ((118.92552817875415 24.832979187694338, 118.9386241980962 24.832979187694338, 118.9386241980962 24.843476501819257, 118.92552817875415 24.843476501819257, 118.92552817875415 24.832979187694338))"
464,26.2879826875,119.8709750625,1,438.0333333333333,duration_weighted_berth_medoid,"POLYGON ((119.86594789637547 26.28355284282472, 119.87590716612446 26.28355284282472, 119.87590716612446 26.29247618519381, 119.86594789637547 26.29247618519381, 119.86594789637547 26.28355284282472))"
465,32.2366562,119.17423386666665,1,705.1,duration_weighted_berth_medoid,"POLYGON ((119.16919290190381 32.23229116518708, 119.17933029809618 32.23229116518708, 119.17933029809618 32.24079037550671, 119.16919290190381 32.24079037550671, 119.16919290190381 32.23229116518708))"
466,31.8153738627451,118.52854941176471,2,10568.066666666666,duration_weighted_berth_medoid,"POLYGON ((118.52361730814022 31.811175372286776, 118.53523038841743 31.811175372286776, 118.53523038841743 31.823051089452452, 118.52361730814022 31.823051089452452, 118.52361730814022 31.811175372286776))"
467,22.222920625,113.384306625,1,2728.5499999999997,duration_weighted_berth_medoid,"POLYGON ((113.37911958102697 22.218318357988675, 113.38939199348542 22.218318357988675, 113.38939199348542 22.22809848858653, 113.37911958102697 22.22809848858653, 113.37911958102697 22.218318357988675))"
468,31.668483300000002,121.8519988,1,821.4666666666667,duration_weighted_berth_medoid,"POLYGON ((121.84674396264884 31.66427151228866, 121.85720679348536 31.66427151228866, 121.85720679348536 31.672640140400212, 121.84674396264884 31.672640140400212, 121.84674396264884 31.66427151228866))"
469,36.37479177777778,120.87205381481482,1,2940.8166666666666,duration_weighted_berth_medoid,"POLYGON ((120.86696127137549 36.37034081833726, 120.8769953536245 36.37034081833726, 120.8769953536245 36.37877275504967, 120.86696127137549 36.37877275504967, 120.86696127137549 36.37034081833726))"
470,24.86261594736842,118.88375985087718,1,5573.083333333333,duration_weighted_berth_medoid,"POLYGON ((118.87882774725267 24.858133046509252, 118.88877752029113 24.858133046509252, 118.88877752029113 24.86711064734195, 118.87882774725267 24.86711064734195, 118.87882774725267 24.858133046509252))"
471,32.0242904375,120.635300125,3,71795.06666666667,duration_weighted_berth_medoid,"POLYGON ((120.62971532494694 32.018161633158336, 120.64258538942764 32.018161633158336, 120.64258538942764 32.02847737788482, 120.62971532494694 32.02847737788482, 120.62971532494694 32.018161633158336))"
472,22.145222818181818,113.09975409090909,1,589.7166666666667,duration_weighted_berth_medoid,"POLYGON ((113.09483269742374 22.140090553654236, 113.10495884803086 22.140090553654236, 113.10495884803086 22.149781093526958, 113.09483269742374 22.149781093526958, 113.09483269742374 22.140090553654236))"
473,32.0151974251497,120.63335938922155,2,16438.033333333333,duration_weighted_berth_medoid,"POLYGON ((120.62658560754217 32.00846602212086, 120.63832013037437 32.00846602212086, 120.63832013037437 32.01946586285605, 120.62658560754217 32.01946586285605, 120.62658560754217 32.00846602212086))"
474,38.095907905660376,118.03897337735849,2,12100.816666666668,duration_weighted_berth_medoid,"POLYGON ((118.03359216949491 38.08539934263986, 118.0486037291406 38.08539934263986, 118.0486037291406 38.1005205761626, 118.03359216949491 38.1005205761626, 118.03359216949491 38.08539934263986))"
475,38.06484218181818,118.037997,2,7274.983333333334,duration_weighted_berth_medoid,"POLYGON ((118.03245362875415 38.05566331019138, 118.04543610877968 38.05566331019138, 118.04543610877968 38.06973730858896, 118.03245362875415 38.06973730858896, 118.03245362875415 38.05566331019138))"
476,38.182464181818176,118.07916472727274,4,2488.4333333333334,duration_weighted_berth_medoid,"POLYGON ((118.07251645602697 38.17455691364938, 118.08745027997311 38.17455691364938, 118.08745027997311 38.193675184852175, 118.07251645602697 38.193675184852175, 118.07251645602697 38.17455691364938))"
477,38.07543775,118.0461615,1,32434.999999999996,duration_weighted_berth_medoid,"POLYGON ((118.03995069450879 38.06851939230075, 118.05189591588085 38.06851939230075, 118.05189591588085 38.08361491058387, 118.03995069450879 38.08361491058387, 118.03995069450879 38.06851939230075))"
478,39.38410135135135,121.75049435135136,3,23560.933333333334,duration_weighted_berth_medoid,"POLYGON ((121.73706742875413 39.378635267472944, 121.75536263711591 39.378635267472944, 121.75536263711591 39.39035059900323, 121.73706742875413 39.39035059900323, 121.73706742875413 39.378635267472944))"
479,38.02929429069767,118.0351703255814,2,11538.283333333333,duration_weighted_berth_medoid,"POLYGON ((118.03024170931117 38.02527829906432, 118.04230654397298 38.02527829906432, 118.04230654397298 38.036324504567425, 118.03024170931117 38.036324504567425, 118.03024170931117 38.02527829906432))"
480,37.71563122580645,121.10949064516129,1,8272.3,duration_weighted_berth_medoid,"POLYGON ((121.10358530190382 37.71056468520028, 121.11585357124585 37.71056468520028, 121.11585357124585 37.7212821271507, 121.10358530190382 37.7212821271507, 121.10358530190382 37.71056468520028))"
481,39.271879642857144,121.57631335714287,6,3755.9000000000005,duration_weighted_berth_medoid,"POLYGON ((121.5668942297088 39.266075928302044, 121.58688702498905 39.266075928302044, 121.58688702498905 39.2790049107894, 121.5668942297088 39.2790049107894, 121.5668942297088 39.266075928302044))"
482,38.02231231481482,118.02859425925926,5,47516.28333333334,duration_weighted_berth_medoid,"POLYGON ((118.0141959700269 38.011608892159025, 118.03343303923226 38.011608892159025, 118.03343303923226 38.02616347508266, 118.0141959700269 38.02616347508266, 118.0141959700269 38.011608892159025))"
483,37.57740816883117,121.39182688311688,3,4721.533333333334,duration_weighted_berth_medoid,"POLYGON ((121.37990937256598 37.57349238510258, 121.3969818559909 37.57349238510258, 121.3969818559909 37.58735272738984, 121.37990937256598 37.58735272738984, 121.37990937256598 37.57349238510258))"
484,37.42031333519553,122.63597341340783,2,14771.733333333334,duration_weighted_berth_medoid,"POLYGON ((122.63083729598227 37.4163102991767, 122.6452740408427 37.4163102991767, 122.6452740408427 37.42681503062842, 122.63083729598227 37.42681503062842, 122.63083729598227 37.4163102991767))"
485,31.119130523809524,121.4662780952381,1,1089.0,duration_weighted_berth_medoid,"POLYGON ((121.4612146463755 31.114900693950982, 121.47124502029116 31.114900693950982, 121.47124502029116 31.123788733815427, 121.4612146463755 31.123788733815427, 121.4612146463755 31.114900693950982))"
486,31.695559,121.17375127586207,1,1511.25,duration_weighted_berth_medoid,"POLYGON ((121.16758740716695 31.691153216823235, 121.17898077029116 31.691153216823235, 121.17898077029116 31.699855274196203, 121.16758740716695 31.699855274196203, 121.16758740716695 31.691153216823235))"
487,25.345006,119.64098595,2,17889.866666666665,duration_weighted_berth_medoid,"POLYGON ((119.63180700748657 25.340199337510136, 119.64615469348534 25.340199337510136, 119.64615469348534 25.350153680878677, 119.63180700748657 25.350153680878677, 119.63180700748657 25.340199337510136))"
488,30.111146020202018,121.97442830303031,2,14882.633333333335,duration_weighted_berth_medoid,"POLYGON ((121.9671320651178 30.106817948874337, 121.97946495939372 30.106817948874337, 121.97946495939372 30.119966875417642, 121.9671320651178 30.119966875417642, 121.9671320651178 30.106817948874337))"
489,29.93079119230769,121.98673326923077,2,76034.81666666667,duration_weighted_berth_medoid,"POLYGON ((121.98175983387551 29.923310998198453, 121.99594745628487 29.923310998198453, 121.99594745628487 29.935087683392652, 121.98175983387551 29.935087683392652, 121.98175983387551 29.923310998198453))"
490,30.15697384375,122.0797638125,1,44589.3,duration_weighted_berth_medoid,"POLYGON ((122.07368760970766 30.15251888247776, 122.08478490362447 30.15251888247776, 122.08478490362447 30.16137746760347, 122.07368760970766 30.16137746760347, 122.07368760970766 30.15251888247776))"
491,29.962254425531913,121.80487465957448,1,13433.533333333335,duration_weighted_berth_medoid,"POLYGON ((121.79990201966326 29.957951119126534, 121.809853750733 29.957951119126534, 121.809853750733 29.96660514056967, 121.79990201966326 29.96660514056967, 121.79990201966326 29.957951119126534))"
492,38.95770121428571,117.7601954047619,1,30864.883333333328,duration_weighted_berth_medoid,"POLYGON ((117.75526942116483 38.95341436921982, 117.76615762635177 38.95341436921982, 117.76615762635177 38.96146198742492, 117.75526942116483 38.96146198742492, 117.75526942116483 38.95341436921982))"
493,31.380274055555553,121.56458599999999,1,8520.766666666666,duration_weighted_berth_medoid,"POLYGON ((121.55957779735532 31.375629539985365, 121.57026544260754 31.375629539985365, 121.57026544260754 31.38440803081787, 121.55957779735532 31.38440803081787, 121.55957779735532 31.375629539985365))"
494,29.756282893617023,122.06266208510638,1,13531.516666666665,duration_weighted_berth_medoid,"POLYGON ((122.05737712269364 29.751148674646306, 122.06781874648162 29.751148674646306, 122.06781874648162 29.7607061088171, 122.05737712269364 29.7607061088171, 122.05737712269364 29.751148674646306))"
495,29.953854222222223,121.96675269696969,2,10612.583333333332,duration_weighted_berth_medoid,"POLYGON ((121.96183130348429 29.944217285976443, 121.9754576517999 29.944217285976443, 121.9754576517999 29.95823133593931, 121.96183130348429 29.95823133593931, 121.96183130348429 29.944217285976443))"
496,40.201308195121946,121.96150207317073,1,2243.516666666667,duration_weighted_berth_medoid,"POLYGON ((121.95644596762571 40.197495058100664, 121.96642346665612 40.197495058100664, 121.96642346665612 40.20506695919065, 121.95644596762571 40.20506695919065, 121.95644596762571 40.197495058100664))"
497,32.069454391025644,120.52568014743589,1,10951.566666666666,duration_weighted_berth_medoid,"POLYGON ((120.52064049377803 32.0652492818939, 120.5306350127154 32.0652492818939, 120.5306350127154 32.07367897113852, 120.52064049377803 32.07367897113852, 120.52064049377803 32.0652492818939))"
498,35.57396969444445,119.77430038888889,2,19603.716666666667,duration_weighted_berth_medoid,"POLYGON ((119.76637298728458 35.56838666956005, 119.78014804527918 35.56838666956005, 119.78014804527918 35.578516068276635, 119.76637298728458 35.578516068276635, 119.76637298728458 35.56838666956005))"
499,30.683163993006993,121.28538518881119,1,45626.75000000001,duration_weighted_berth_medoid,"POLYGON ((121.2803579959221 30.6788591362807, 121.29115094977838 30.6788591362807, 121.29115094977838 30.687731138246516, 121.2803579959221 30.687731138246516, 121.2803579959221 30.6788591362807))"
500,21.16084528358209,110.40823056716418,1,20501.166666666668,duration_weighted_berth_medoid,"POLYGON ((110.40310857948381 21.156158107374342, 110.4131585161952 21.156158107374342, 110.4131585161952 21.165480584956025, 110.40310857948381 21.165480584956025, 110.40310857948381 21.156158107374342))"
501,32.25203740740741,119.13090355555555,5,85724.84999999999,duration_weighted_berth_medoid,"POLYGON ((119.11922361444286 32.247354730243856, 119.14213263292201 32.247354730243856, 119.14213263292201 32.256222461829786, 119.11922361444286 32.256222461829786, 119.11922361444286 32.247354730243856))"
502,37.442276820512824,121.58117517948718,1,69071.59999999999,duration_weighted_berth_medoid,"POLYGON ((121.57468894773714 37.43805810561866, 121.58645149345497 37.43805810561866, 121.58645149345497 37.446241004170744, 121.57468894773714 37.446241004170744, 121.57468894773714 37.43805810561866))"
503,37.254024924999996,119.8647948,1,29509.933333333334,duration_weighted_berth_medoid,"POLYGON ((119.8586795948867 37.2499171529966, 119.87064785249584 37.2499171529966, 119.87064785249584 37.257954877289585, 119.8586795948867 37.257954877289585, 119.8586795948867 37.2499171529966))"
504,37.596471055555554,121.38101627777777,2,14689.533333333333,duration_weighted_berth_medoid,"POLYGON ((121.37560311066119 37.59187164344348, 121.39114657124584 37.59187164344348, 121.39114657124584 37.6019245405244, 121.37560311066119 37.6019245405244, 121.37560311066119 37.59187164344348))"
505,37.7833105,120.62969263636364,2,28925.333333333332,duration_weighted_berth_medoid,"POLYGON ((120.62045566101223 37.77854219128538, 120.63494611479679 37.77854219128538, 120.63494611479679 37.78723772729616, 120.62045566101223 37.78723772729616, 120.62045566101223 37.77854219128538))"
506,35.91274037681159,120.1383358115942,1,29613.61666666667,duration_weighted_berth_medoid,"POLYGON ((120.13271600651463 35.90797230402069, 120.14354677124582 35.90797230402069, 120.14354677124582 35.917923531129794, 120.13271600651463 35.917923531129794, 120.13271600651463 35.90797230402069))"
507,38.81735551282051,121.13281785897435,1,11521.816666666666,duration_weighted_berth_medoid,"POLYGON ((121.12730265830108 38.8132701656983, 121.13832581791019 38.8132701656983, 121.13832581791019 38.82115448339502, 121.12730265830108 38.82115448339502, 121.12730265830108 38.8132701656983))"
508,34.28893638888889,119.70817527777778,3,21418.399999999998,duration_weighted_berth_medoid,"POLYGON ((119.6974146352372 34.28090552037593, 119.71300917883521 34.28090552037593, 119.71300917883521 34.29301202888357, 119.6974146352372 34.29301202888357, 119.6974146352372 34.28090552037593))"
509,34.39145513333333,119.79150953333334,2,82047.91666666664,duration_weighted_berth_medoid,"POLYGON ((119.78543605375414 34.386893865948736, 119.8027420067899 34.386893865948736, 119.8027420067899 34.39650834995687, 119.78543605375414 34.39650834995687, 119.78543605375414 34.386893865948736))"
510,37.27728136290323,118.98873599193549,2,22793.966666666667,duration_weighted_berth_medoid,"POLYGON ((118.97892863984798 37.27150325777583, 118.99400653416171 37.27150325777583, 118.99400653416171 37.28127933480376, 118.97892863984798 37.28127933480376, 118.97892863984798 37.27150325777583))"
511,29.621966054054056,121.75876275675677,1,1651.2333333333333,duration_weighted_berth_medoid,"POLYGON ((121.75380153866459 29.61766917383659, 121.7637034908194 29.61766917383659, 121.7637034908194 29.626260969805404, 121.75380153866459 29.626260969805404, 121.75380153866459 29.61766917383659))"
512,27.97529049484536,120.84813138144331,1,5005.933333333333,duration_weighted_berth_medoid,"POLYGON ((120.84320998795788 27.97092699742766, 120.85322387624402 27.97092699742766, 120.85322387624402 27.979774511284386, 120.84320998795788 27.979774511284386, 120.84320998795788 27.97092699742766))"
513,26.74846675,119.61219600000001,1,21407.333333333332,duration_weighted_berth_medoid,"POLYGON ((119.60688693984797 26.74391375292744, 119.62048203278431 26.74391375292744, 119.62048203278431 26.753332956847665, 119.60688693984797 26.753332956847665, 119.60688693984797 26.74391375292744))"
514,30.84364233333333,121.84293470833332,1,1187.65,duration_weighted_berth_medoid,"POLYGON ((121.83796149542084 30.839341272772884, 121.84787327957916 30.839341272772884, 121.84787327957916 30.847882346897524, 121.83796149542084 30.847882346897524, 121.83796149542084 30.839341272772884))"
515,30.84106448,121.81798228,2,6661.049999999999,duration_weighted_berth_medoid,"POLYGON ((121.8122177145573 30.836624291701565, 121.82712757124585 30.836624291701565, 121.82712757124585 30.84527662797451, 121.8122177145573 30.84527662797451, 121.8122177145573 30.836624291701565))"
516,24.675568472222224,118.45345088888888,3,32897.683333333334,duration_weighted_berth_medoid,"POLYGON ((118.4458448963754 24.664921064759, 118.45840393208786 24.664921064759, 118.45840393208786 24.683582268757682, 118.4458448963754 24.683582268757682, 118.4458448963754 24.664921064759))"
517,35.34662139568345,119.53417079856115,1,11957.016666666668,duration_weighted_berth_medoid,"POLYGON ((119.52911003866457 35.341428882890305, 119.53913167850709 35.341428882890305, 119.53913167850709 35.3531526737566, 119.52911003866457 35.3531526737566, 119.52911003866457 35.341428882890305))"
518,34.73840147761194,119.4470496119403,2,4948.916666666666,duration_weighted_berth_medoid,"POLYGON ((119.44211750831582 34.73340986546545, 119.45871297406265 34.73340986546545, 119.45871297406265 34.742454395058694, 119.44211750831582 34.742454395058694, 119.44211750831582 34.73340986546545))"
519,34.42313697619048,119.78620947619046,1,8050.400000000001,duration_weighted_berth_medoid,"POLYGON ((119.78088411456362 34.41819619770562, 119.79145442620516 34.41819619770562, 119.79145442620516 34.42757750925337, 119.78088411456362 34.42757750925337, 119.78088411456362 34.41819619770562))"
520,27.978744595238098,120.85978073809524,1,5974.233333333334,duration_weighted_berth_medoid,"POLYGON ((120.85433233927228 27.974079721016043, 120.86466952624002 27.974079721016043, 120.86466952624002 27.983097109994276, 120.85433233927228 27.983097109994276, 120.85433233927228 27.974079721016043))"
521,26.8137115,119.686041,1,4989.099999999999,duration_weighted_berth_medoid,"POLYGON ((119.68088912364823 26.80925510070515, 119.69100039309815 26.80925510070515, 119.69100039309815 26.81866605015257, 119.68088912364823 26.81866605015257, 119.68088912364823 26.80925510070515))"
522,29.483653503597125,121.48324500719424,1,14257.966666666667,duration_weighted_berth_medoid,"POLYGON ((121.47760647584093 29.478801158152404, 121.4887178130262 29.478801158152404, 121.4887178130262 29.488343134501694, 121.47760647584093 29.488343134501694, 121.47760647584093 29.478801158152404))"
523,35.99250980952381,120.27235190476192,1,7561.85,duration_weighted_berth_medoid,"POLYGON ((120.2672346322245 35.98844393337294, 120.27728890918004 35.98844393337294, 120.27728890918004 35.99696690061842, 120.2672346322245 35.99696690061842, 120.2672346322245 35.98844393337294))"
524,34.4536153,119.78767869999999,1,367.95,duration_weighted_berth_medoid,"POLYGON ((119.78238171264886 34.44954114808891, 119.79254373735108 34.44954114808891, 119.79254373735108 34.457755781654186, 119.78238171264886 34.457755781654186, 119.78238171264886 34.44954114808891))"
525,31.77528203614458,118.49468839759037,1,10107.483333333334,duration_weighted_berth_medoid,"POLYGON ((118.48922543624317 31.77072202307441, 118.50108237124586 31.77072202307441, 118.50108237124586 31.780927983747837, 118.48922543624317 31.780927983747837, 118.48922543624317 31.77072202307441))"
526,23.54885492253521,116.43804591549295,2,11485.65,duration_weighted_berth_medoid,"POLYGON ((116.43242054096206 23.544360092277685, 116.44287631968015 23.544360092277685, 116.44287631968015 23.554531084134158, 116.43242054096206 23.554531084134158, 116.43242054096206 23.544360092277685))"
527,29.888404947368418,121.95841234210526,2,66599.91666666666,duration_weighted_berth_medoid,"POLYGON ((121.94516200811923 29.88384865369551, 121.96415337456673 29.88384865369551, 121.96415337456673 29.894597128653945, 121.94516200811923 29.894597128653945, 121.94516200811923 29.88384865369551))"
528,35.97889422772277,120.24675614851483,1,11582.483333333334,duration_weighted_berth_medoid,"POLYGON ((120.24180364444041 35.97485979534965, 120.25174935847991 35.97485979534965, 120.25174935847991 35.98291297977027, 120.24180364444041 35.98291297977027, 120.24180364444041 35.97485979534965))"
529,31.421418691860467,121.47256280813954,2,58299.65,duration_weighted_berth_medoid,"POLYGON ((121.46547860419275 31.415821209665435, 121.48401062327967 31.415821209665435, 121.48401062327967 31.43258983560314, 121.46547860419275 31.43258983560314, 121.46547860419275 31.415821209665435))"
530,37.59567948148148,121.39726070370371,1,1105.5666666666666,duration_weighted_berth_medoid,"POLYGON ((121.39126834502696 37.5917646587707, 121.4021928073282 37.5917646587707, 121.4021928073282 37.59992113059453, 121.39126834502696 37.59992113059453, 121.39126834502696 37.5917646587707))"
531,28.69275523076923,121.48364234615384,1,10174.583333333332,duration_weighted_berth_medoid,"POLYGON ((121.47863326001183 28.68824819055626, 121.48863159011098 28.68824819055626, 121.48863159011098 28.69711615362173, 121.47863326001183 28.69711615362173, 121.47863326001183 28.68824819055626))"
532,35.107909553846156,119.38328459230769,3,47312.4,duration_weighted_berth_medoid,"POLYGON ((119.37332172970886 35.10384451282269, 119.39610285544487 35.10384451282269, 119.39610285544487 35.11495015893983, 119.37332172970886 35.11495015893983, 119.37332172970886 35.10384451282269))"
533,22.73973548275862,114.61105889655173,1,11568.433333333332,duration_weighted_berth_medoid,"POLYGON ((114.60605455095906 22.73454512989321, 114.616304364914 22.73454512989321, 114.616304364914 22.744318226193364, 114.60605455095906 22.744318226193364, 114.60605455095906 22.73454512989321))"
534,21.72687069642857,108.59561414285714,4,34709.566666666666,duration_weighted_berth_medoid,"POLYGON ((108.58763880546636 21.71745833289812, 108.60168196726083 21.71745833289812, 108.60168196726083 21.735231260255972, 108.58763880546636 21.735231260255972, 108.58763880546636 21.71745833289812))"
535,22.806730187499998,113.03047698958333,4,13454.55,duration_weighted_berth_medoid,"POLYGON ((113.01744392970431 22.79881093011069, 113.03531576955643 22.79881093011069, 113.03531576955643 22.818565494705467, 113.01744392970431 22.818565494705467, 113.01744392970431 22.79881093011069))"
536,22.802431825,113.006448525,1,3167.85,duration_weighted_berth_medoid,"POLYGON ((113.00132905602702 22.797768720866618, 113.01136548147292 22.797768720866618, 113.01136548147292 22.806964561557887, 113.00132905602702 22.806964561557887, 113.00132905602702 22.797768720866618))"
537,23.073006774647887,113.4921784084507,1,9800.766666666666,duration_weighted_berth_medoid,"POLYGON ((113.48707842875415 23.06760180468963, 113.4972084045792 23.06760180468963, 113.4972084045792 23.07840816531823, 113.48707842875415 23.07840816531823, 113.48707842875415 23.06760180468963))"
538,37.59495158552632,121.40921751973684,1,4875.083333333333,duration_weighted_berth_medoid,"POLYGON ((121.40432982164066 37.590920847186474, 121.41439134095334 37.590920847186474, 121.41439134095334 37.59882422008295, 121.40432982164066 37.59882422008295, 121.40432982164066 37.590920847186474))"
539,26.464237035714287,119.61696035714286,1,10232.533333333333,duration_weighted_berth_medoid,"POLYGON ((119.6116777483632 26.45953489643779, 119.62198391235101 26.45953489643779, 119.62198391235101 26.468663595596016, 119.6116777483632 26.468663595596016, 119.6116777483632 26.45953489643779))"
540,22.883089794871797,112.90421361538462,1,1396.2166666666667,duration_weighted_berth_medoid,"POLYGON ((112.89925714637545 22.877744452299485, 112.90932019453358 22.877744452299485, 112.90932019453358 22.88763366692815, 112.89925714637545 22.88763366692815, 112.89925714637545 22.877744452299485))"
541,22.38974520967742,113.07871985483871,1,8808.1,duration_weighted_berth_medoid,"POLYGON ((113.07378775121423 22.385048713002416, 113.08378000452541 22.385048713002416, 113.08378000452541 22.39431429017326, 113.07378775121423 22.39431429017326, 113.07378775121423 22.385048713002416))"
542,31.785296172413794,118.50976375862071,1,1729.0,duration_weighted_berth_medoid,"POLYGON ((118.50371422002692 31.780635603390476, 118.51469586224516 31.780635603390476, 118.51469586224516 31.789449504687806, 118.50371422002692 31.789449504687806, 118.50371422002692 31.780635603390476))"
543,29.968383439999997,121.79259424,1,1389.0333333333333,duration_weighted_berth_medoid,"POLYGON ((121.78766213637545 29.9641031840781, 121.79761542362448 29.9641031840781, 121.79761542362448 29.972707233115962, 121.78766213637545 29.972707233115962, 121.78766213637545 29.9641031840781))"
544,31.083403084210524,121.47096105263158,1,6993.9,duration_weighted_berth_medoid,"POLYGON ((121.46596114637548 31.079171662993232, 121.47595314472038 31.079171662993232, 121.47595314472038 31.087799121932537, 121.46596114637548 31.087799121932537, 121.46596114637548 31.079171662993232))"
545,28.69285118181818,121.50302747727272,1,6427.95,duration_weighted_berth_medoid,"POLYGON ((121.4980768574594 28.688505231500102, 121.50817882309617 28.688505231500102, 121.50817882309617 28.69723573917789, 121.4980768574594 28.69723573917789, 121.4980768574594 28.688505231500102))"
546,28.68674460465116,121.45350041860465,1,7866.15,duration_weighted_berth_medoid,"POLYGON ((121.44848174287829 28.68234963347054, 121.45849939348534 28.68234963347054, 121.45849939348534 28.691180464937172, 121.44848174287829 28.691180464937172, 121.44848174287829 28.68234963347054))"
547,29.755861892857144,122.14342710714286,3,33310.96666666667,duration_weighted_berth_medoid,"POLYGON ((122.1383985535183 29.7514022123253, 122.15717080408142 29.7514022123253, 122.15717080408142 29.764702434370907, 122.1383985535183 29.764702434370907, 122.1383985535183 29.7514022123253))"
548,31.291413739130434,121.56020113043478,1,2068.6166666666663,duration_weighted_berth_medoid,"POLYGON ((121.55526255918893 31.28669384470442, 121.56525485696014 31.28669384470442, 121.56525485696014 31.295633834913303, 121.55526255918893 31.295633834913303, 121.55526255918893 31.28669384470442))"
549,30.0305361,121.9988649,1,10424.016666666666,duration_weighted_berth_medoid,"POLYGON ((121.99382441264883 30.025692065918143, 122.00435794904092 30.025692065918143, 122.00435794904092 30.03486224165877, 121.99382441264883 30.03486224165877, 121.99382441264883 30.025692065918143))"
550,36.859756399999995,122.37865179999999,1,17174.466666666667,duration_weighted_berth_medoid,"POLYGON ((122.37348309308369 36.855628566313165, 122.3851395919966 36.855628566313165, 122.3851395919966 36.864127818298435, 122.37348309308369 36.864127818298435, 122.37348309308369 36.855628566313165))"
551,31.946870096153848,120.08185582692307,1,2028.9,duration_weighted_berth_medoid,"POLYGON ((120.07674002745559 31.942593637243114, 120.08676237089604 31.942593637243114, 120.08676237089604 31.95103339633595, 120.07674002745559 31.95103339633595, 120.07674002745559 31.942593637243114))"
552,28.166285578378382,121.11000012432432,2,30349.466666666667,duration_weighted_berth_medoid,"POLYGON ((121.10424589637549 28.1587059297497, 121.1150788177278 28.1587059297497, 121.1150788177278 28.171050079296087, 121.10424589637549 28.171050079296087, 121.10424589637549 28.1587059297497))"
553,19.051520125,108.622489875,1,380.8833333333333,duration_weighted_berth_medoid,"POLYGON ((108.61754914093734 19.04684995173071, 108.62743506739598 19.04684995173071, 108.62743506739598 19.056196041651013, 108.61754914093734 19.056196041651013, 108.61754914093734 19.04684995173071))"
554,39.966575285714285,119.82372185714287,1,233.93333333333334,duration_weighted_berth_medoid,"POLYGON ((119.81877926593734 39.962781220799656, 119.8286625912055 39.962781220799656, 119.8286625912055 39.97036185476583, 119.81877926593734 39.97036185476583, 119.81877926593734 39.962781220799656))"
555,37.55707566666666,121.43385523809523,1,470.93333333333334,duration_weighted_berth_medoid,"POLYGON ((121.42891666684939 37.55315881397588, 121.43886723791252 37.55315881397588, 121.43886723791252 37.56141274349195, 121.42891666684939 37.56141274349195, 121.42891666684939 37.55315881397588))"
556,38.16878357142857,118.07410685714285,2,390.7166666666667,duration_weighted_berth_medoid,"POLYGON ((118.0684918065146 38.16489909391972, 118.08074444809621 38.16489909391972, 118.08074444809621 38.17672975982115, 118.0684918065146 38.17672975982115, 118.0684918065146 38.16489909391972))"
557,31.236728333333335,118.13997866666668,1,13289.749999999998,duration_weighted_berth_medoid,"POLYGON ((118.1332973767204 31.231171693526846, 118.14519567469411 31.231171693526846, 118.14519567469411 31.241026793136527, 118.1332973767204 31.241026793136527, 118.1332973767204 31.231171693526846))"
558,26.4951394,119.85230670000001,1,355.7166666666667,duration_weighted_berth_medoid,"POLYGON ((119.84689085602703 26.490717495262068, 119.85721324397299 26.490717495262068, 119.85721324397299 26.50014911298894, 119.84689085602703 26.50014911298894, 119.84689085602703 26.490717495262068))"
559,32.129216687500005,118.775585375,1,50460.799999999996,duration_weighted_berth_medoid,"POLYGON ((118.76908245449813 32.123350176425426, 118.78303957124584 32.123350176425426, 118.78303957124584 32.13498017072665, 118.76908245449813 32.13498017072665, 118.76908245449813 32.123350176425426))"
560,32.19919382352941,118.75782429411764,2,25050.783333333333,duration_weighted_berth_medoid,"POLYGON ((118.75261922875416 32.1922964496503, 118.76606789809621 32.1922964496503, 118.76606789809621 32.20699753870474, 118.75261922875416 32.20699753870474, 118.75261922875416 32.1922964496503))"
561,31.105263651685394,117.99896076404495,3,23801.5,duration_weighted_berth_medoid,"POLYGON ((117.99013306019363 31.094868111027832, 118.0039606773063 31.094868111027832, 118.0039606773063 31.10957562729978, 117.99013306019363 31.10957562729978, 117.99013306019363 31.094868111027832))"
562,31.1965542,118.0631934,1,1208.75,duration_weighted_berth_medoid,"POLYGON ((118.05813706304215 31.192209396850913, 118.0681255036245 31.192209396850913, 118.0681255036245 31.20078517921546, 118.05813706304215 31.20078517921546, 118.05813706304215 31.192209396850913))"
563,26.803885666666666,119.69297611111112,1,2789.166666666667,duration_weighted_berth_medoid,"POLYGON ((119.68784305602698 26.799379032432967, 119.6979856639729 26.799379032432967, 119.6979856639729 26.80842527077588, 119.68784305602698 26.80842527077588, 119.68784305602698 26.799379032432967))"
564,31.99409132857143,120.58250801428572,2,13918.733333333335,duration_weighted_berth_medoid,"POLYGON ((120.57237463523715 31.98990281712919, 120.58804642387744 31.98990281712919, 120.58804642387744 31.99875248647622, 120.57237463523715 31.99875248647622, 120.57237463523715 31.98990281712919))"
565,31.803731866666666,121.06129117777778,1,22059.7,duration_weighted_berth_medoid,"POLYGON ((121.0561852959823 31.799505505473967, 121.0663562040177 31.799505505473967, 121.0663562040177 31.80797757214196, 121.0561852959823 31.80797757214196, 121.0561852959823 31.799505505473967))"
566,32.2301424,119.19402695,3,2637.6,duration_weighted_berth_medoid,"POLYGON ((119.18326136651461 32.223574886080236, 119.20356529822062 32.223574886080236, 119.20356529822062 32.236242605197646, 119.18326136651461 32.236242605197646, 119.18326136651461 32.223574886080236))"
567,32.23318585714286,118.83553779120881,2,144969.28333333333,duration_weighted_berth_medoid,"POLYGON ((118.8305198526672 32.22702893712943, 118.84369099905983 32.22702893712943, 118.84369099905983 32.23739602128188, 118.8305198526672 32.23739602128188, 118.8305198526672 32.22702893712943))"
568,29.92043409090909,121.99911509090909,1,27080.183333333334,duration_weighted_berth_medoid,"POLYGON ((121.99355081979189 29.916102900377243, 122.00418975068328 29.916102900377243, 122.00418975068328 29.925320648036433, 121.99355081979189 29.925320648036433, 121.99355081979189 29.916102900377243))"
569,30.280524972972973,122.23396462162162,1,21895.250000000007,duration_weighted_berth_medoid,"POLYGON ((122.22888282269366 30.276219721307665, 122.2389594358649 30.276219721307665, 122.2389594358649 30.284822090894995, 122.22888282269366 30.284822090894995, 122.22888282269366 30.276219721307665))"
570,29.777886386363637,122.13247013636364,2,39581.78333333333,duration_weighted_berth_medoid,"POLYGON ((122.1268474106612 29.773520136382114, 122.13743663942765 29.773520136382114, 122.13743663942765 29.786354463083082, 122.1268474106612 29.786354463083082, 122.1268474106612 29.773520136382114))"
571,39.04550664285714,118.5198982244898,1,63226.683333333334,duration_weighted_berth_medoid,"POLYGON ((118.51481922002688 39.04152815162182, 118.52582638933873 39.04152815162182, 118.52582638933873 39.04952165490982, 118.51481922002688 39.04952165490982, 118.51481922002688 39.04152815162182))"
572,38.96654050724638,121.65503571014494,1,14375.666666666668,duration_weighted_berth_medoid,"POLYGON ((121.64958860097929 38.96230324489468, 121.66018483792983 38.96230324489468, 121.66018483792983 38.97039922204555, 121.64958860097929 38.97039922204555, 121.64958860097929 38.96230324489468))"
573,40.79741898888889,121.06779048888889,2,16697.0,duration_weighted_berth_medoid,"POLYGON ((121.06255589637547 40.793485738194114, 121.08045062468766 40.793485738194114, 121.08045062468766 40.803992919170874, 121.06255589637547 40.803992919170874, 121.06255589637547 40.793485738194114))"
574,37.72237375555555,121.07699464444445,2,23452.783333333333,duration_weighted_berth_medoid,"POLYGON ((121.07092764826633 37.718284794007786, 121.08614282157319 37.718284794007786, 121.08614282157319 37.726314299611815, 121.07092764826633 37.726314299611815, 121.07092764826633 37.718284794007786))"
575,38.97787491935484,121.90226377419354,2,21509.88333333333,duration_weighted_berth_medoid,"POLYGON ((121.89370087704843 38.97302739949932, 121.90803438230665 38.97302739949932, 121.90803438230665 38.98168041726851, 121.89370087704843 38.98168041726851, 121.89370087704843 38.97302739949932))"
576,32.16944626966292,118.95596296629213,2,50897.08333333333,duration_weighted_berth_medoid,"POLYGON ((118.94600559024482 32.16513223706252, 118.96097655362449 32.16513223706252, 118.96097655362449 32.173888664665625, 118.94600559024482 32.173888664665625, 118.94600559024482 32.16513223706252))"
577,22.917830142857145,113.55894857142857,1,267.76666666666665,duration_weighted_berth_medoid,"POLYGON ((113.5540835340775 22.912474162962837, 113.56477510362446 22.912474162962837, 113.56477510362446 22.922311080835506, 113.5540835340775 22.922311080835506, 113.5540835340775 22.912474162962837))"
578,30.247330563953486,122.16613834302326,1,6678.266666666666,duration_weighted_berth_medoid,"POLYGON ((122.16041150848847 30.24306237379256, 122.17105973650858 30.24306237379256, 122.17105973650858 30.251705868590026, 122.16041150848847 30.251705868590026, 122.16041150848847 30.24306237379256))"
579,37.64915005245902,120.28311413770491,2,11222.083333333332,duration_weighted_berth_medoid,"POLYGON ((120.27817556645907 37.64243785707238, 120.29075006568735 37.64243785707238, 120.29075006568735 37.65306014208143, 120.27817556645907 37.65306014208143, 120.27817556645907 37.64243785707238))"
580,31.702113583333333,121.16058225,1,407.54999999999995,duration_weighted_berth_medoid,"POLYGON ((121.15564151593733 31.69790995243901, 121.16558613406264 31.69790995243901, 121.16558613406264 31.707084805614752, 121.15564151593733 31.707084805614752, 121.15564151593733 31.69790995243901))"
581,22.94678808333333,116.54259116666667,1,1553.5,duration_weighted_berth_medoid,"POLYGON ((116.53760588459843 22.942154441334253, 116.54773441897296 22.942154441334253, 116.54773441897296 22.951454338567935, 116.53760588459843 22.951454338567935, 116.53760588459843 22.942154441334253))"
582,31.173449210526314,117.99741542105264,1,20354.35,duration_weighted_berth_medoid,"POLYGON ((117.99245302318126 31.169212114042583, 118.00245139348532 31.169212114042583, 118.00245139348532 31.177691420027543, 117.99245302318126 31.177691420027543, 117.99245302318126 31.169212114042583))"
583,31.921383666666664,120.89498853333332,4,4439.666666666667,duration_weighted_berth_medoid,"POLYGON ((120.88134280190388 31.907606884853518, 120.89994998457685 31.907606884853518, 120.89994998457685 31.92613542806838, 120.88134280190388 31.92613542806838, 120.88134280190388 31.907606884853518))"
584,31.5485120078125,118.38010980468749,3,22900.95,duration_weighted_berth_medoid,"POLYGON ((118.37443545952338 31.542925225538024, 118.38828202997321 31.542925225538024, 118.38828202997321 31.561575271948037, 118.37443545952338 31.561575271948037, 118.37443545952338 31.542925225538024))"
585,29.01852014285714,121.71270774285715,1,96592.41666666667,duration_weighted_berth_medoid,"POLYGON ((121.70764707968156 29.014067490216988, 121.71781419809608 29.014067490216988, 121.71781419809608 29.022880218911006, 121.70764707968156 29.022880218911006, 121.70764707968156 29.014067490216988))"
586,21.72719638951311,108.58269858426966,2,13882.45,duration_weighted_berth_medoid,"POLYGON ((108.5743891293155 21.722606586963177, 108.58760512824263 21.722606586963177, 108.58760512824263 21.736600685694185, 108.5743891293155 21.736600685694185, 108.5743891293155 21.722606586963177))"
587,32.1766390754717,118.85608571698114,1,21519.216666666667,duration_weighted_berth_medoid,"POLYGON ((118.84775855336018 32.170365669442816, 118.86336961472408 32.170365669442816, 118.86336961472408 32.18218929312591, 118.84775855336018 32.18218929312591, 118.84775855336018 32.170365669442816))"
588,29.508397666666667,121.64770655555556,1,21599.68333333333,duration_weighted_berth_medoid,"POLYGON ((121.64257415449818 29.504047383605194, 121.65343399251338 29.504047383605194, 121.65343399251338 29.513175514628866, 121.64257415449818 29.513175514628866, 121.64257415449818 29.504047383605194))"
589,30.71945295652174,117.39195139130435,2,5378.716666666667,duration_weighted_berth_medoid,"POLYGON ((117.3867603249469 30.714356424314502, 117.39830654467896 30.714356424314502, 117.39830654467896 30.72432885280295, 117.3867603249469 30.72432885280295, 117.3867603249469 30.714356424314502))"
590,31.255727833333335,118.165309,1,2985.583333333334,duration_weighted_berth_medoid,"POLYGON ((118.15948180336024 31.251084334123618, 118.17150057124584 31.251084334123618, 118.17150057124584 31.260589357063353, 118.15948180336024 31.260589357063353, 118.15948180336024 31.251084334123618))"
591,29.939634013888888,121.85778954166666,1,25905.35,duration_weighted_berth_medoid,"POLYGON ((121.85201513669358 29.935266569262023, 121.8628655036245 29.935266569262023, 121.8628655036245 29.94410481014916, 121.85201513669358 29.94410481014916, 121.85201513669358 29.935266569262023))"
592,32.22233156,119.05736026000001,2,10809.300000000001,duration_weighted_berth_medoid,"POLYGON ((119.05114267875418 32.21497721904464, 119.06714014360936 32.21497721904464, 119.06714014360936 32.23155833510244, 119.05114267875418 32.23155833510244, 119.05114267875418 32.21497721904464))"
593,30.403147333333333,122.40186533333333,1,138.56666666666666,duration_weighted_berth_medoid,"POLYGON ((122.39689142875416 30.398698585524446, 122.40680390457919 30.398698585524446, 122.40680390457919 30.407406688350854, 122.39689142875416 30.407406688350854, 122.39689142875416 30.398698585524446))"
594,26.5968568,119.75203510000001,1,31631.45,duration_weighted_berth_medoid,"POLYGON ((119.74704717762552 26.592403055357373, 119.75700156195784 26.592403055357373, 119.75700156195784 26.601296620754642, 119.74704717762552 26.601296620754642, 119.74704717762552 26.592403055357373))"
595,31.7484654,118.47049988,1,2004.0,duration_weighted_berth_medoid,"POLYGON ((118.46496415449816 31.744263870846638, 118.47542127348541 31.744263870846638, 118.47542127348541 31.752778796831887, 118.46496415449816 31.752778796831887, 118.46496415449816 31.744263870846638))"
596,30.867631733333333,117.73382579999999,1,1084.1333333333332,duration_weighted_berth_medoid,"POLYGON ((117.72838760651456 30.862410059588253, 117.73876435362448 30.862410059588253, 117.73876435362448 30.87192370607086, 117.72838760651456 30.87192370607086, 117.72838760651456 30.862410059588253))"
597,24.530313371257485,118.08389171257484,1,26491.716666666667,duration_weighted_berth_medoid,"POLYGON ((118.07883646365742 24.525729066187147, 118.0890761434854 24.525729066187147, 118.0890761434854 24.53561908769801, 118.07883646365742 24.53561908769801, 118.07883646365742 24.525729066187147))"
598,30.907198476923078,117.74082167692309,2,5944.433333333334,duration_weighted_berth_medoid,"POLYGON ((117.7354054175654 30.901000311071595, 117.7460376437096 30.901000311071595, 117.7460376437096 30.911456262766382, 117.7354054175654 30.911456262766382, 117.7354054175654 30.901000311071595))"
599,30.731652590361442,117.42251422891567,2,4188.883333333333,duration_weighted_berth_medoid,"POLYGON ((117.4174955990121 30.72535648012219, 117.42851210362453 30.72535648012219, 117.42851210362453 30.736380726178606, 117.4174955990121 30.736380726178606, 117.4174955990121 30.72535648012219))"
600,29.98582111111111,121.99690377777779,1,298.96666666666664,duration_weighted_berth_medoid,"POLYGON ((121.9917686065146 29.981329736238177, 122.00182517126316 29.981329736238177, 122.00182517126316 29.99008368020721, 121.9917686065146 29.99008368020721, 121.9917686065146 29.981329736238177))"
601,30.82770384883721,117.72298798837208,2,5975.416666666666,duration_weighted_berth_medoid,"POLYGON ((117.7173286281901 30.82301945194567, 117.72871283089721 30.82301945194567, 117.72871283089721 30.8333278881431, 117.7173286281901 30.8333278881431, 117.7173286281901 30.82301945194567))"
602,30.73732281060606,117.43204768181818,1,7143.016666666666,duration_weighted_berth_medoid,"POLYGON ((117.42552308669347 30.73236701781049, 117.43698560362448 30.73236701781049, 117.43698560362448 30.74148174667628, 117.42552308669347 30.74148174667628, 117.42552308669347 30.73236701781049))"
603,31.71683087804878,118.45264148780488,1,2071.616666666667,duration_weighted_berth_medoid,"POLYGON ((118.44768215055274 31.712627914186054, 118.45758222186753 31.712627914186054, 118.45758222186753 31.721043042134635, 118.44768215055274 31.721043042134635, 118.44768215055274 31.712627914186054))"
604,32.182674240000004,118.76552592,1,1350.9833333333333,duration_weighted_berth_medoid,"POLYGON ((118.76011415904672 32.1775067473571, 118.77123857124582 32.1775067473571, 118.77123857124582 32.18758988046423, 118.76011415904672 32.18758988046423, 118.76011415904672 32.1775067473571))"
605,29.1627443877551,121.87231512244897,1,2062.4666666666667,duration_weighted_berth_medoid,"POLYGON ((121.86747634247587 29.15818370677234, 121.87815089348538 29.15818370677234, 121.87815089348538 29.166969712750507, 121.86747634247587 29.166969712750507, 121.86747634247587 29.15818370677234))"
606,36.880611037037035,122.44746122222223,1,1231.4666666666667,duration_weighted_berth_medoid,"POLYGON ((122.44253982873686 36.876658901897066, 122.45257450459651 36.876658901897066, 122.45257450459651 36.8847048974511, 122.44253982873686 36.8847048974511, 122.44253982873686 36.876658901897066))"
607,30.0843671875,121.94974193750001,2,32638.73333333333,duration_weighted_berth_medoid,"POLYGON ((121.94415793085822 30.079134278645434, 121.95706654397294 30.079134278645434, 121.95706654397294 30.09148786014763, 121.94415793085822 30.09148786014763, 121.94415793085822 30.079134278645434))"
608,39.819445621212125,124.15115828787877,2,5079.05,duration_weighted_berth_medoid,"POLYGON ((124.14627058978262 39.81375092105015, 124.15770763735112 39.81375092105015, 124.15770763735112 39.82324669574974, 124.14627058978262 39.82324669574974, 124.14627058978262 39.81375092105015))"
609,29.980281326923077,122.06341696153846,1,17971.583333333336,duration_weighted_berth_medoid,"POLYGON ((122.05845065279864 29.975928107496358, 122.06835769560111 29.975928107496358, 122.06835769560111 29.984560885863875, 122.05845065279864 29.984560885863875, 122.05845065279864 29.975928107496358))"
610,24.41198405208333,118.05403037500001,1,4216.033333333334,duration_weighted_berth_medoid,"POLYGON ((118.0491653376489 24.40723927411738, 118.06005128544265 24.40723927411738, 118.06005128544265 24.416414063909112, 118.0491653376489 24.416414063909112, 118.0491653376489 24.40723927411738))"
611,35.12414405303031,119.39759091666667,1,5979.1,duration_weighted_berth_medoid,"POLYGON ((119.39253273848071 35.11994826801939, 119.40252302029116 35.11994826801939, 119.40252302029116 35.128177956896074, 119.39253273848071 35.128177956896074, 119.39253273848071 35.11994826801939))"
612,28.010283461538464,121.06893792307693,1,24395.433333333334,duration_weighted_berth_medoid,"POLYGON ((121.06322811233446 28.005619420098274, 121.0739516036245 28.005619420098274, 121.0739516036245 28.014584287366013, 121.06322811233446 28.014584287366013, 121.06322811233446 28.005619420098274))"
613,32.190491,119.27497852631579,2,7952.833333333334,duration_weighted_berth_medoid,"POLYGON ((119.26637362875412 32.18624053190321, 119.27997444809614 32.18624053190321, 119.27997444809614 32.195967866391484, 119.26637362875412 32.195967866391484, 119.26637362875412 32.18624053190321))"
614,31.472759780487806,118.30524017073172,1,2872.2833333333333,duration_weighted_berth_medoid,"POLYGON ((118.30027492875413 31.468480107022113, 118.31017874197754 31.468480107022113, 118.31017874197754 31.47697173623577, 118.30027492875413 31.47697173623577, 118.30027492875413 31.468480107022113))"
615,32.04179868840579,120.4062254347826,3,49926.05,duration_weighted_berth_medoid,"POLYGON ((120.39375641134555 32.035986260934045, 120.41121211427415 32.035986260934045, 120.41121211427415 32.04595457869031, 120.39375641134555 32.04595457869031, 120.39375641134555 32.035986260934045))"
616,31.821245819999998,120.94137027999999,1,6566.749999999999,duration_weighted_berth_medoid,"POLYGON ((120.93543403508605 31.81645914974123, 120.9463088512458 31.81645914974123, 120.9463088512458 31.82719509110033, 120.93543403508605 31.82719509110033, 120.93543403508605 31.81645914974123))"
617,31.851891549295775,120.93361366197183,1,10527.583333333332,duration_weighted_berth_medoid,"POLYGON ((120.92858130297437 31.846906467899593, 120.93855439603449 31.846906467899593, 120.93855439603449 31.856650041587006, 120.92858130297437 31.856650041587006, 120.92858130297437 31.846906467899593))"
618,22.917176412698414,113.5983989920635,1,5329.516666666667,duration_weighted_berth_medoid,"POLYGON ((113.59287230190374 22.91181802982244, 113.60338502506431 22.91181802982244, 113.60338502506431 22.92167824370531, 113.59287230190374 22.92167824370531, 113.59287230190374 22.91181802982244))"
619,21.070939463235295,110.50635976470588,2,37178.93333333333,duration_weighted_berth_medoid,"POLYGON ((110.50026142875413 21.065392535958026, 110.51130993124582 21.065392535958026, 110.51130993124582 21.080616269669388, 110.50026142875413 21.080616269669388, 110.50026142875413 21.065392535958026))"
620,29.911531,122.26426833333333,1,238.13333333333333,duration_weighted_berth_medoid,"POLYGON ((122.25883772002678 29.90724829738288, 122.26910711330643 29.90724829738288, 122.26910711330643 29.916026886076043, 122.25883772002678 29.916026886076043, 122.25883772002678 29.90724829738288))"
621,30.147169666666667,122.11597733333332,1,1539.0333333333333,duration_weighted_berth_medoid,"POLYGON ((122.11095961057234 30.14223798266828, 122.12091590457915 30.14223798266828, 122.12091590457915 30.15144014569026, 122.11095961057234 30.15144014569026, 122.11095961057234 30.14223798266828))"
622,27.195891163265305,120.37774591836734,1,29013.833333333332,duration_weighted_berth_medoid,"POLYGON ((120.37262587005968 27.191381932729644, 120.3827670523424 27.191381932729644, 120.3827670523424 27.200976288271793, 120.37262587005968 27.200976288271793, 120.37262587005968 27.191381932729644))"
623,32.23936853648069,119.15543049356224,1,63758.65,duration_weighted_berth_medoid,"POLYGON ((119.15046322794451 32.23352093286079, 119.16329798235694 32.23352093286079, 119.16329798235694 32.243788911295816, 119.15046322794451 32.243788911295816, 119.15046322794451 32.23352093286079))"
624,32.065182,120.46373246666667,2,1012.6666666666666,duration_weighted_berth_medoid,"POLYGON ((120.45734789637548 32.06041687885879, 120.46881699049945 32.06041687885879, 120.46881699049945 32.069504312891816, 120.45734789637548 32.069504312891816, 120.45734789637548 32.06041687885879))"
625,20.027722030303032,110.27785612121212,1,3080.916666666667,duration_weighted_berth_medoid,"POLYGON ((110.27291754996628 20.022963197045826, 110.28283779346808 20.022963197045826, 110.28283779346808 20.03236188297769, 110.27291754996628 20.03236188297769, 110.27291754996628 20.022963197045826))"
626,32.237744486486484,119.20520710810811,1,6978.85,duration_weighted_berth_medoid,"POLYGON ((119.20025093323707 32.23322768326162, 119.21127628631686 32.23322768326162, 119.21127628631686 32.24188770816426, 119.20025093323707 32.24188770816426, 119.20025093323707 32.23322768326162))"
627,21.99439415277778,113.153062625,1,3693.3166666666666,duration_weighted_berth_medoid,"POLYGON ((113.14815608102698 21.988934747755067, 113.15852527810075 21.988934747755067, 113.15852527810075 21.99894352798414, 113.14815608102698 21.99894352798414, 113.14815608102698 21.988934747755067))"
628,22.683369135135138,113.75434974324324,1,5014.0,duration_weighted_berth_medoid,"POLYGON ((113.7493921250331 22.67798742347487, 113.75970529824731 22.67798742347487, 113.75970529824731 22.687909783946296, 113.7493921250331 22.687909783946296, 113.7493921250331 22.67798742347487))"
629,25.962975,119.44829058208956,1,5312.216666666667,duration_weighted_berth_medoid,"POLYGON ((119.44310162931556 25.958429977901226, 119.45323125686328 25.958429977901226, 119.45323125686328 25.967362108407023, 119.44310162931556 25.967362108407023, 119.44310162931556 25.958429977901226))"
630,22.573171843137256,113.48270990196077,3,10118.833333333334,duration_weighted_berth_medoid,"POLYGON ((113.47707233378736 22.568596015124182, 113.49738348428933 22.568596015124182, 113.49738348428933 22.577960296763766, 113.47707233378736 22.577960296763766, 113.47707233378736 22.568596015124182))"
631,24.417071982142858,117.86848521428571,1,2478.6666666666665,duration_weighted_berth_medoid,"POLYGON ((117.86353174419818 24.412562777675024, 117.87342594834836 24.412562777675024, 117.87342594834836 24.421570739386663, 117.86353174419818 24.421570739386663, 117.86353174419818 24.412562777675024))"
632,22.870710275,112.9168065,2,5784.400000000001,duration_weighted_berth_medoid,"POLYGON ((112.91137308783142 22.86625182639114, 112.92161678316319 22.86625182639114, 112.92161678316319 22.8766610532786, 112.91137308783142 22.8766610532786, 112.91137308783142 22.86625182639114))"
633,22.746122333333332,113.07861744444443,3,3278.4333333333334,duration_weighted_berth_medoid,"POLYGON ((113.07118405602704 22.73429430261474, 113.0835594288352 22.73429430261474, 113.0835594288352 22.752463634446972, 113.07118405602704 22.752463634446972, 113.07118405602704 22.73429430261474))"
634,22.683500145833335,115.51470735416666,1,3767.333333333333,duration_weighted_berth_medoid,"POLYGON ((115.50973375351832 22.67869191263666, 115.51974951825865 22.67869191263666, 115.51974951825865 22.68813747534366, 115.50973375351832 22.68813747534366, 115.50973375351832 22.67869191263666))"
635,31.958680753623188,120.35544288405796,1,10535.983333333332,duration_weighted_berth_medoid,"POLYGON ((120.35048716129013 31.954474847075275, 120.36053523024748 31.954474847075275, 120.36053523024748 31.96288266313022, 120.35048716129013 31.96288266313022, 120.35048716129013 31.954474847075275))"
636,30.11130722222222,122.23697566666668,1,8804.6,duration_weighted_berth_medoid,"POLYGON ((122.23136264400904 30.106900685588215, 122.24258854806892 30.106900685588215, 122.24258854806892 30.115671746075627, 122.23136264400904 30.115671746075627, 122.23136264400904 30.106900685588215))"
637,25.5673525,119.8721495,1,920.6333333333333,duration_weighted_berth_medoid,"POLYGON ((119.8670216065146 25.562767315241178, 119.87707089348535 25.562767315241178, 119.87707089348535 25.571791901384007, 119.8670216065146 25.571791901384007, 119.8670216065146 25.562767315241178))"
638,39.518535447368414,121.37280994736841,1,7652.116666666666,duration_weighted_berth_medoid,"POLYGON ((121.36745030190384 39.51464989138028, 121.37859276216112 39.51464989138028, 121.37859276216112 39.52237818505014, 121.36745030190384 39.52237818505014, 121.36745030190384 39.51464989138028))"
639,31.950826868852456,120.14849134426228,1,4949.95,duration_weighted_berth_medoid,"POLYGON ((120.14254437597789 31.946524556094527, 120.15373372267211 31.946524556094527, 120.15373372267211 31.95509375504598, 120.14254437597789 31.95509375504598, 120.14254437597789 31.946524556094527))"
640,32.073517067039106,120.46466158100559,1,9473.3,duration_weighted_berth_medoid,"POLYGON ((120.45970877549145 32.06933035396064, 120.46960231506823 32.06933035396064, 120.46960231506823 32.07771748252114, 120.45970877549145 32.07771748252114, 120.45970877549145 32.06933035396064))"
641,27.21400382352941,120.3013784117647,1,2813.6000000000004,duration_weighted_berth_medoid,"POLYGON ((120.29639556304211 27.20958409469083, 120.30651877029113 27.20958409469083, 120.30651877029113 27.2189672557241, 120.29639556304211 27.2189672557241, 120.29639556304211 27.20958409469083))"
642,39.510302,121.33817912121212,1,4725.7,duration_weighted_berth_medoid,"POLYGON ((121.33331408386101 39.50649006870525, 121.34359687945636 39.50649006870525, 121.34359687945636 39.5143127317095, 121.33331408386101 39.5143127317095, 121.33331408386101 39.50649006870525))"
643,39.004232875,117.7860469375,3,21657.050000000003,duration_weighted_berth_medoid,"POLYGON ((117.78033638221638 38.989703348941894, 117.79404412862452 38.989703348941894, 117.79404412862452 39.01070162177134, 117.78033638221638 39.01070162177134, 117.78033638221638 38.989703348941894))"
644,38.99417066666666,117.77733744444446,3,11495.033333333335,duration_weighted_berth_medoid,"POLYGON ((117.77025472970885 38.989356828215676, 117.78257967505309 38.989356828215676, 117.78257967505309 39.005277199007296, 117.77025472970885 39.005277199007296, 117.77025472970885 38.989356828215676))"
645,19.71665411764706,109.17404005882354,3,7681.4333333333325,duration_weighted_berth_medoid,"POLYGON ((109.1660804555712 19.709027566975053, 109.18061960740658 19.709027566975053, 109.18061960740658 19.722567133770145, 109.1660804555712 19.722567133770145, 109.1660804555712 19.709027566975053))"
646,22.527864846153843,113.85674046153846,2,5638.533333333334,duration_weighted_berth_medoid,"POLYGON ((113.85026759081991 22.522261567778802, 113.86172838933878 22.522261567778802, 113.86172838933878 22.537433649516995, 113.85026759081991 22.537433649516995, 113.85026759081991 22.522261567778802))"
647,22.7692792,113.6428836,1,177.2,duration_weighted_berth_medoid,"POLYGON ((113.63794251593735 22.763549178206286, 113.64782433406265 22.763549178206286, 113.64782433406265 22.77383483056984, 113.63794251593735 22.77383483056984, 113.63794251593735 22.763549178206286))"
648,31.313631055555554,121.69260961111111,1,1266.0,duration_weighted_berth_medoid,"POLYGON ((121.6876629477555 31.3094099179041, 121.69755034517377 31.3094099179041, 121.69755034517377 31.318041712702485, 121.6876629477555 31.318041712702485, 121.6876629477555 31.3094099179041))"
649,30.150736005208334,122.02977026041667,1,9362.216666666667,duration_weighted_berth_medoid,"POLYGON ((122.02484619078427 30.146463625417294, 122.03488962425463 30.146463625417294, 122.03488962425463 30.155149387802428, 122.02484619078427 30.155149387802428, 122.02484619078427 30.146463625417294))"
650,31.948334402597403,118.6249737012987,1,11316.9,duration_weighted_berth_medoid,"POLYGON ((118.61877098438806 31.94289726910861, 118.63008458188536 31.94289726910861, 118.63008458188536 31.952630182359776, 118.61877098438806 31.952630182359776, 118.61877098438806 31.94289726910861))"
651,22.8141342,113.01559343333334,1,2621.416666666667,duration_weighted_berth_medoid,"POLYGON ((113.01057641264894 22.809160995756045, 113.02105015819126 22.809160995756045, 113.02105015819126 22.818674943977253, 113.01057641264894 22.818674943977253, 113.01057641264894 22.809160995756045))"
652,34.34732398770491,119.74673347540984,2,78532.16666666669,duration_weighted_berth_medoid,"POLYGON ((119.74065995602705 34.33710479984549, 119.75164355901055 34.33710479984549, 119.75164355901055 34.351407355422566, 119.74065995602705 34.351407355422566, 119.74065995602705 34.33710479984549))"
653,21.089311625,110.5153255,1,296.76666666666665,duration_weighted_berth_medoid,"POLYGON ((110.51038476593732 21.084701746456762, 110.52029523406264 21.084701746456762, 110.52029523406264 21.09513536450162, 110.51038476593732 21.09513536450162, 110.51038476593732 21.084701746456762))"
654,26.325330874015748,119.85385118110236,1,10889.216666666667,duration_weighted_berth_medoid,"POLYGON ((119.8488134774824 26.320894342225788, 119.8588180734854 26.320894342225788, 119.8588180734854 26.3298091695039, 119.8488134774824 26.3298091695039, 119.8488134774824 26.320894342225788))"
655,31.604077931372547,121.2703028627451,1,4510.433333333333,duration_weighted_berth_medoid,"POLYGON ((121.26511769412228 31.599869864290472, 121.27520940671813 31.599869864290472, 121.27520940671813 31.608446345617914, 121.26511769412228 31.608446345617914, 121.26511769412228 31.599869864290472))"
656,26.29994984,119.87754779999999,1,1053.9666666666667,duration_weighted_berth_medoid,"POLYGON ((119.87268268992159 26.295520452428644, 119.8837347036245 26.295520452428644, 119.8837347036245 26.304610748539854, 119.87268268992159 26.304610748539854, 119.87268268992159 26.295520452428644))"
657,32.17920488235294,119.01867664705883,1,553.65,duration_weighted_berth_medoid,"POLYGON ((119.01371366593735 32.17501513293619, 119.02361738112147 32.17501513293619, 119.02361738112147 32.183386557008866, 119.01371366593735 32.183386557008866, 119.01371366593735 32.17501513293619))"
658,32.219239,119.21582826086957,1,2097.8333333333335,duration_weighted_berth_medoid,"POLYGON ((119.21065412269367 32.214805294474324, 119.2208508296873 32.214805294474324, 119.2208508296873 32.223476157108735, 119.21065412269367 32.223476157108735, 119.21065412269367 32.214805294474324))"
659,31.93674734065934,118.6100683956044,4,11304.916666666666,duration_weighted_berth_medoid,"POLYGON ((118.60356673310199 31.927650466472212, 118.62001817528214 31.927650466472212, 118.62001817528214 31.944382758310674, 118.60356673310199 31.944382758310674, 118.60356673310199 31.927650466472212))"
660,28.10325990909091,121.10314681818181,1,343.8666666666667,duration_weighted_berth_medoid,"POLYGON ((121.09820824693594 28.098889689160437, 121.10812057124583 28.098889689160437, 121.10812057124583 28.10761613466952, 121.09820824693594 28.10761613466952, 121.09820824693594 28.098889689160437))"
661,34.21933616666667,119.58194608333334,1,1186.9333333333334,duration_weighted_berth_medoid,"POLYGON ((119.57696442875417 34.2151061795555, 119.58688465457918 34.2151061795555, 119.58688465457918 34.223419726995516, 119.57696442875417 34.223419726995516, 119.57696442875417 34.2151061795555))"
662,34.230397958333334,119.60729391666666,2,5937.0,duration_weighted_berth_medoid,"POLYGON ((119.59473505022166 34.22284427602351, 119.61320177997307 34.22284427602351, 119.61320177997307 34.23506599063903, 119.59473505022166 34.23506599063903, 119.59473505022166 34.22284427602351))"
663,34.35381660465116,119.7588936744186,1,1669.45,duration_weighted_berth_medoid,"POLYGON ((119.75389576208748 34.34973759039372, 119.76383224566446 34.34973759039372, 119.76383224566446 34.35790619636251, 119.75389576208748 34.35790619636251, 119.75389576208748 34.34973759039372))"
664,34.32071011111111,119.73388104761905,1,7061.783333333333,duration_weighted_berth_medoid,"POLYGON ((119.72889087319857 34.316553038426285, 119.73883326090098 34.316553038426285, 119.73883326090098 34.32480505295859, 119.72889087319857 34.32480505295859, 119.72889087319857 34.316553038426285))"
665,36.8407015,122.26535083333333,1,851.0666666666666,duration_weighted_berth_medoid,"POLYGON ((122.26038265097638 36.83671490989291, 122.27028940457915 36.83671490989291, 122.27028940457915 36.84465376427557, 122.26038265097638 36.84465376427557, 122.26038265097638 36.83671490989291))"
666,39.118338037037034,122.07928722222222,1,1544.25,duration_weighted_berth_medoid,"POLYGON ((122.07434171593732 39.114504691345985, 122.08422795628486 39.114504691345985, 122.08422795628486 39.122172487068646, 122.07434171593732 39.122172487068646, 122.07434171593732 39.114504691345985))"
667,32.200150826086954,119.04947208695653,1,6917.216666666667,duration_weighted_berth_medoid,"POLYGON ((119.04430431316987 32.19586487636449, 119.05449327124575 32.19586487636449, 119.05449327124575 32.20450822752416, 119.04430431316987 32.20450822752416, 119.04430431316987 32.19586487636449))"
668,32.11632933333333,119.9118001111111,1,405.0,duration_weighted_berth_medoid,"POLYGON ((119.9064066226938 32.11197040706976, 119.91670665508408 32.11197040706976, 119.91670665508408 32.12083942029058, 119.9064066226938 32.12083942029058, 119.9064066226938 32.11197040706976))"
669,23.456215571428572,116.46504614285713,1,387.8166666666667,duration_weighted_berth_medoid,"POLYGON ((116.45928446857046 23.451682468047334, 116.4700829369578 23.451682468047334, 116.4700829369578 23.460803387837537, 116.45928446857046 23.460803387837537, 116.45928446857046 23.451682468047334))"
670,24.5321525,118.52416666666666,1,741.6333333333333,duration_weighted_berth_medoid,"POLYGON ((118.51932788669355 24.527657693369314, 118.5305227036245 24.527657693369314, 118.5305227036245 24.537285206160977, 118.51932788669355 24.537285206160977, 118.51932788669355 24.527657693369314))"
671,23.392578454545454,117.0038480909091,1,406.98333333333335,duration_weighted_berth_medoid,"POLYGON ((116.99886156304214 23.38762860583359, 117.00891093695783 23.38762860583359, 117.00891093695783 23.39710509178587, 116.99886156304214 23.39710509178587, 116.99886156304214 23.38762860583359))"
672,32.0664642,120.58806139999999,2,8057.066666666667,duration_weighted_berth_medoid,"POLYGON ((120.58078269637552 32.061333120800064, 120.5931369123511 32.061333120800064, 120.5931369123511 32.07074585958696, 120.58078269637552 32.07074585958696, 120.58078269637552 32.061333120800064))"
673,34.36573361111111,119.77034791666668,1,159980.58333333334,duration_weighted_berth_medoid,"POLYGON ((119.76450245602709 34.35994248234865, 119.77539705905839 34.35994248234865, 119.77539705905839 34.36984468841295, 119.76450245602709 34.36984468841295, 119.76450245602709 34.35994248234865))"
674,36.07531081818182,120.26897581818183,1,338.25,duration_weighted_berth_medoid,"POLYGON ((120.26394509637544 36.07114517270167, 120.27390792180636 36.07114517270167, 120.27390792180636 36.07929705882115, 120.26394509637544 36.07929705882115, 120.26394509637544 36.07114517270167))"
675,25.33898943396226,119.64850416981133,1,1351.2,duration_weighted_berth_medoid,"POLYGON ((119.64357206618685 25.33452395799056, 119.6537674369578 25.33452395799056, 119.6537674369578 25.34424081543049, 119.64357206618685 25.34424081543049, 119.64357206618685 25.33452395799056))"
676,21.537720359999998,111.85052316,1,1070.7166666666667,duration_weighted_berth_medoid,"POLYGON ((111.84528400651465 21.53253475593803, 111.85544455348541 21.53253475593803, 111.85544455348541 21.54229805033222, 111.84528400651465 21.54229805033222, 111.84528400651465 21.53253475593803))"
677,31.743645925925925,121.19742392592592,1,905.4000000000001,duration_weighted_berth_medoid,"POLYGON ((121.19229645602708 31.73932458009582, 121.20233046989885 31.73932458009582, 121.20233046989885 31.747818408816432, 121.19229645602708 31.747818408816432, 121.19229645602708 31.73932458009582))"
678,32.24059045,119.312848175,1,229431.81666666665,duration_weighted_berth_medoid,"POLYGON ((119.30756996264898 32.236098140293365, 119.31788270401766 32.236098140293365, 119.31788270401766 32.24475957806922, 119.30756996264898 32.24475957806922, 119.30756996264898 32.236098140293365))"
679,32.03751073898305,119.93367913220338,1,8888.95,duration_weighted_berth_medoid,"POLYGON ((119.92838137574535 32.03332237806607, 119.93860052568873 32.03332237806607, 119.93860052568873 32.04249473803927, 119.92838137574535 32.04249473803927, 119.92838137574535 32.03332237806607))"
680,24.408783,118.3635304125,1,2418.0833333333335,duration_weighted_berth_medoid,"POLYGON ((118.35844530651464 24.404101209051724, 118.36858839348533 24.404101209051724, 118.36858839348533 24.413605729276313, 118.35844530651464 24.413605729276313, 118.35844530651464 24.404101209051724))"
681,34.31028881465517,119.73352168534483,4,16911.45,duration_weighted_berth_medoid,"POLYGON ((119.7222666293156 34.3001919631251, 119.73950163711594 34.3001919631251, 119.73950163711594 34.31527524733805, 119.7222666293156 34.31527524733805, 119.7222666293156 34.3001919631251))"
682,36.006917841269846,120.25112185714285,1,2329.0499999999997,duration_weighted_berth_medoid,"POLYGON ((120.24590521762568 36.00241958612485, 120.2560432506282 36.00241958612485, 120.2560432506282 36.010898882424534, 120.24590521762568 36.010898882424534, 120.24590521762568 36.00241958612485))"
683,22.690827428571428,115.04845407142857,1,1195.2166666666667,duration_weighted_berth_medoid,"POLYGON ((115.0434887065319 22.686109709455852, 115.05343122124582 22.686109709455852, 115.05343122124582 22.695696238982617, 115.0434887065319 22.695696238982617, 115.0434887065319 22.686109709455852))"
684,23.71508163636364,117.54725054545453,1,1522.5166666666669,duration_weighted_berth_medoid,"POLYGON ((117.54113022002689 23.710053714940468, 117.55218264907901 23.710053714940468, 117.55218264907901 23.719511738833365, 117.54113022002689 23.719511738833365, 117.54113022002689 23.710053714940468))"
685,32.04065063265306,120.73190695918368,1,33542.899999999994,duration_weighted_berth_medoid,"POLYGON ((120.72689276208746 32.03626944055441, 120.73687111670037 32.03626944055441, 120.73687111670037 32.044892189879846, 120.72689276208746 32.044892189879846, 120.72689276208746 32.03626944055441))"
686,21.852334933333335,113.26542213333333,1,508.7166666666667,duration_weighted_berth_medoid,"POLYGON ((113.26043909542082 21.847749136069975, 113.27036070457918 21.847749136069975, 113.27036070457918 21.857037972232128, 113.26043909542082 21.857037972232128, 113.26043909542082 21.847749136069975))"
687,38.93925264516129,121.61208669354839,1,3006.116666666667,duration_weighted_berth_medoid,"POLYGON ((121.60714812230255 38.93540957504647, 121.61705871410295 38.93540957504647, 121.61705871410295 38.94318060353414, 121.60714812230255 38.94318060353414, 121.60714812230255 38.93540957504647))"
688,27.230277407407407,120.33010283333333,1,3430.733333333333,duration_weighted_berth_medoid,"POLYGON ((120.3242437463482 27.225884145011378, 120.33503493695783 27.225884145011378, 120.33503493695783 27.234640487551754, 120.3242437463482 27.234640487551754, 120.3242437463482 27.225884145011378))"
689,39.57823121052631,121.28003233333334,1,3448.5333333333333,duration_weighted_berth_medoid,"POLYGON ((121.27509159927067 39.574423008615206, 121.28497575101177 39.574423008615206, 121.28497575101177 39.582050110734635, 121.27509159927067 39.582050110734635, 121.27509159927067 39.574423008615206))"
690,30.0643335,121.847965,1,908.85,duration_weighted_berth_medoid,"POLYGON ((121.84301242875416 30.060049549259794, 121.8529597712458 30.060049549259794, 121.8529597712458 30.06867105784464, 121.84301242875416 30.06867105784464, 121.84301242875416 30.060049549259794))"
691,26.9371049,120.24122159999999,1,3249.4333333333334,duration_weighted_berth_medoid,"POLYGON ((120.23623473151463 26.932649476109177, 120.2464334934854 26.932649476109177, 120.2464334934854 26.942239013460718, 120.23623473151463 26.942239013460718, 120.23623473151463 26.932649476109177))"
692,22.444759483870968,113.01265824731183,1,2798.0666666666666,duration_weighted_berth_medoid,"POLYGON ((113.00763869637547 22.440124858723884, 113.01759035093629 22.440124858723884, 113.01759035093629 22.44931789616185, 113.00763869637547 22.44931789616185, 113.00763869637547 22.440124858723884))"
693,29.196775833333334,121.77610433333332,3,1457.55,duration_weighted_berth_medoid,"POLYGON ((121.76948400651459 29.185421275268748, 121.78131119809616 29.185421275268748, 121.78131119809616 29.202263240831837, 121.76948400651459 29.202263240831837, 121.76948400651459 29.185421275268748))"
694,21.4296015,111.29738110000001,1,720.0333333333333,duration_weighted_berth_medoid,"POLYGON ((111.29244036593732 21.424962925796343, 111.30234040072932 21.424962925796343, 111.30234040072932 21.434200594731887, 111.29244036593732 21.434200594731887, 111.29244036593732 21.424962925796343))"
695,29.92565857195572,122.29106523247233,1,18888.8,duration_weighted_berth_medoid,"POLYGON ((122.2860992336322 29.921359921610737, 122.29601170168061 29.921359921610737, 122.29601170168061 29.929941753691036, 122.2860992336322 29.929941753691036, 122.2860992336322 29.921359921610737))"
696,32.128903433121025,119.91744884713376,1,11360.3,duration_weighted_berth_medoid,"POLYGON ((119.91236252137547 32.12433988971541, 119.92251813787107 32.12433988971541, 119.92251813787107 32.13359587619806, 119.91236252137547 32.13359587619806, 119.91236252137547 32.12433988971541))"
697,30.2449123,122.1025987,1,389.1166666666667,duration_weighted_berth_medoid,"POLYGON ((122.09758521264887 30.240450696407155, 122.10811339348535 30.240450696407155, 122.10811339348535 30.249418706744493, 122.09758521264887 30.249418706744493, 122.09758521264887 30.240450696407155))"
698,30.249954600000002,122.11538399999999,1,699.0333333333333,duration_weighted_berth_medoid,"POLYGON ((122.1102986065146 30.245686523821643, 122.1203053934854 30.245686523821643, 122.1203053934854 30.254318346206, 122.1102986065146 30.254318346206, 122.1102986065146 30.245686523821643))"
699,30.153277175600742,122.0651492754159,1,53702.51666666668,duration_weighted_berth_medoid,"POLYGON ((122.05970295602701 30.148778717331275, 122.07007816235331 30.148778717331275, 122.07007816235331 30.15799625757766, 122.05970295602701 30.15799625757766, 122.05970295602701 30.148778717331275))"
700,32.197519,119.25964629213483,1,20130.4,duration_weighted_berth_medoid,"POLYGON ((119.254755276861 32.19282548433735, 119.26567913695781 32.19282548433735, 119.26567913695781 32.20166108940787, 119.254755276861 32.20166108940787, 119.254755276861 32.19282548433735))"
701,30.257075965909088,122.25223328409092,1,6409.299999999999,duration_weighted_berth_medoid,"POLYGON ((122.2472513111071 30.252778702510497, 122.25718318663046 30.252778702510497, 122.25718318663046 30.26137032312761, 122.2472513111071 30.26137032312761, 122.2472513111071 30.252778702510497))"
702,39.0172761875,117.7706896875,2,4330.950000000001,duration_weighted_berth_medoid,"POLYGON ((117.76567747875414 39.00902067224726, 117.77691553219591 39.00902067224726, 117.77691553219591 39.021383484618504, 117.76567747875414 39.021383484618504, 117.76567747875414 39.00902067224726))"
703,36.01238329411765,120.23145099999999,3,6466.950000000001,duration_weighted_berth_medoid,"POLYGON ((120.22131342970884 36.00512762339984, 120.24285958552858 36.00512762339984, 120.24285958552858 36.020349853110226, 120.22131342970884 36.020349853110226, 120.22131342970884 36.00512762339984))"
704,39.01654520879121,121.85995075824177,1,4665.616666666667,duration_weighted_berth_medoid,"POLYGON ((121.85493060651459 39.01270633110002, 121.86497617473536 39.01270633110002, 121.86497617473536 39.020466762879025, 121.85493060651459 39.020466762879025, 121.85493060651459 39.01270633110002))"
705,31.631537733333335,121.23712773333334,1,1275.4166666666665,duration_weighted_berth_medoid,"POLYGON ((121.23220633984793 31.627027395822243, 121.24236745230893 31.627027395822243, 121.24236745230893 31.636020280759492, 121.23220633984793 31.636020280759492, 121.23220633984793 31.627027395822243))"
706,30.09456317808219,121.98478473630136,1,8992.25,duration_weighted_berth_medoid,"POLYGON ((121.97910122002693 30.090288367470833, 121.98970612978671 30.090288367470833, 121.98970612978671 30.09919300019538, 121.97910122002693 30.09919300019538, 121.97910122002693 30.090288367470833))"
707,27.248952666666668,120.24692216666666,1,430.48333333333335,duration_weighted_berth_medoid,"POLYGON ((120.24205712931563 27.244560141333867, 120.25254339348531 27.244560141333867, 120.25254339348531 27.253795704766617, 120.24205712931563 27.253795704766617, 120.24205712931563 27.244560141333867))"
708,30.09929590765171,121.9541352005277,1,14297.916666666666,duration_weighted_berth_medoid,"POLYGON ((121.94913554996623 30.094962467247555, 121.95907377177355 30.094962467247555, 121.95907377177355 30.103568457668125, 121.94913554996623 30.103568457668125, 121.94913554996623 30.094962467247555))"
709,39.909455095238094,119.58722257142857,3,51945.76666666666,duration_weighted_berth_medoid,"POLYGON ((119.58112238429236 39.903247228675106, 119.59247010362449 39.903247228675106, 119.59247010362449 39.914069380623104, 119.58112238429236 39.914069380623104, 119.58112238429236 39.903247228675106))"
710,27.989241168141593,120.83198117699115,1,6950.216666666667,duration_weighted_berth_medoid,"POLYGON ((120.82707463301827 27.984878235138257, 120.8370828804216 27.984878235138257, 120.8370828804216 27.99364157320836, 120.82707463301827 27.99364157320836, 120.82707463301827 27.984878235138257))"
711,30.133459630136986,122.1295715479452,2,17901.566666666662,duration_weighted_berth_medoid,"POLYGON ((122.12452270190387 30.124809567321655, 122.13730650887 30.124809567321655, 122.13730650887 30.137763739607717, 122.12452270190387 30.137763739607717, 122.12452270190387 30.124809567321655))"
712,36.01383740764331,129.4005091910828,1,6387.4,duration_weighted_berth_medoid,"POLYGON ((129.39557061983692 36.00984086998684, 129.40548588631435 36.00984086998684, 129.40548588631435 36.01787529580021, 129.39557061983692 36.01787529580021, 129.39557061983692 36.00984086998684))"
713,35.97387663703704,126.52943351111112,1,10056.833333333334,duration_weighted_berth_medoid,"POLYGON ((126.52446517343502 35.96986082643639, 126.53440235385452 35.96986082643639, 126.53440235385452 35.97787939227351, 126.52446517343502 35.97787939227351, 126.52446517343502 35.96986082643639))"
714,31.95173482222222,120.31125815555555,1,3431.5,duration_weighted_berth_medoid,"POLYGON ((120.3064193755824 31.947542542414567, 120.31695907145145 31.947542542414567, 120.31695907145145 31.955968291102558, 120.3064193755824 31.955968291102558, 120.3064193755824 31.947542542414567))"
715,22.476754657894737,113.18665513157895,1,1570.3833333333332,duration_weighted_berth_medoid,"POLYGON ((113.18181635160582 22.472189172857135, 113.19231828237427 22.472189172857135, 113.19231828237427 22.481378012457974, 113.18181635160582 22.481378012457974, 113.18181635160582 22.472189172857135))"
716,22.830100103092782,115.99200607216495,1,13677.516666666666,duration_weighted_berth_medoid,"POLYGON ((115.98656196857047 22.824926395539745, 115.99696413261584 22.824926395539745, 115.99696413261584 22.834608861280824, 115.98656196857047 22.834608861280824, 115.98656196857047 22.824926395539745))"
717,37.547811,121.45618516666667,1,321.7,duration_weighted_berth_medoid,"POLYGON ((121.45129746857057 37.54389366039166, 121.46149469809622 37.54389366039166, 121.46149469809622 37.551980737990654, 121.45129746857057 37.551980737990654, 121.45129746857057 37.54389366039166))"
718,29.111455666666668,121.62353766666666,1,243.0,duration_weighted_berth_medoid,"POLYGON ((121.61864996857044 29.106745047256574, 121.62956535362447 29.106745047256574, 121.62956535362447 29.116818625504436, 121.61864996857044 29.116818625504436, 121.61864996857044 29.106745047256574))"
719,30.164145210526314,122.02911423684209,1,2190.5,duration_weighted_berth_medoid,"POLYGON ((122.02411645193101 30.15978375275656, 122.0340849859774 30.15978375275656, 122.0340849859774 30.168447856576996, 122.02411645193101 30.168447856576996, 122.02411645193101 30.15978375275656))"
720,28.3711175,121.66994955555555,1,656.7666666666667,duration_weighted_berth_medoid,"POLYGON ((121.66475778936037 28.36677011723243, 121.67485609952847 28.36677011723243, 121.67485609952847 28.375578783204865, 121.66475778936037 28.375578783204865, 121.66475778936037 28.36677011723243))"
721,33.811946473684216,120.45802178947368,1,698.0833333333333,duration_weighted_berth_medoid,"POLYGON ((120.4530832182278 33.80784127508856, 120.46301207124581 33.80784127508856, 120.46301207124581 33.81613320067403, 120.4530832182278 33.81613320067403, 120.4530832182278 33.80784127508856))"
722,21.58478274324324,108.47400512162162,1,2982.95,duration_weighted_berth_medoid,"POLYGON ((108.46890554413876 21.5801884091246, 108.47894369286745 21.5801884091246, 108.47894369286745 21.5900919622444, 108.46890554413876 21.5900919622444, 108.46890554413876 21.5801884091246))"
723,39.0108401923077,118.45512792307692,1,1397.7833333333333,duration_weighted_berth_medoid,"POLYGON ((118.4501416595234 39.00681880273498, 118.46006649432276 39.00681880273498, 118.46006649432276 39.01467749082129, 118.4501416595234 39.01467749082129, 118.4501416595234 39.00681880273498))"
724,22.970743266666666,112.85877508,1,4551.433333333333,duration_weighted_berth_medoid,"POLYGON ((112.85385368651461 22.96584791149813, 112.863963779849 22.96584791149813, 112.863963779849 22.97527433862087, 112.85385368651461 22.97527433862087, 112.85385368651461 22.96584791149813))"
725,25.421328765957444,119.11809334042553,1,2690.6833333333334,duration_weighted_berth_medoid,"POLYGON ((119.113035867804 25.41686633313508, 119.12302544405001 25.41686633313508, 119.12302544405001 25.42613831714774, 119.113035867804 25.42613831714774, 119.113035867804 25.41686633313508))"
726,23.327576028169016,116.74823660563379,1,4453.9,duration_weighted_berth_medoid,"POLYGON ((116.74329803438796 23.32303382730959, 116.75322330201507 23.32303382730959, 116.75322330201507 23.332158177796618, 116.74329803438796 23.332158177796618, 116.74329803438796 23.32303382730959))"
727,22.7634955,113.09853571428572,1,1149.4166666666667,duration_weighted_berth_medoid,"POLYGON ((113.09364801618959 22.75874535126011, 113.10464835362447 22.75874535126011, 113.10464835362447 22.76800242022039, 113.09364801618959 22.76800242022039, 113.09364801618959 22.75874535126011))"
728,22.929160080000003,112.86988104,1,1992.7333333333331,duration_weighted_berth_medoid,"POLYGON ((112.86481671264887 22.924609650512078, 112.87521561570766 22.924609650512078, 112.87521561570766 22.934129672056137, 112.86481671264887 22.934129672056137, 112.86481671264887 22.924609650512078))"
729,30.662600333333334,117.26290666666667,1,224.95,duration_weighted_berth_medoid,"POLYGON ((117.2579852731813 30.658350292857527, 117.26801839348538 30.658350292857527, 117.26801839348538 30.666966462003373, 117.2579852731813 30.666966462003373, 117.2579852731813 30.658350292857527))"
730,26.264243000000004,119.79278891666667,1,1201.7833333333333,duration_weighted_berth_medoid,"POLYGON ((119.78782960651458 26.259415967335876, 119.79815172681872 26.259415967335876, 119.79815172681872 26.269221550403884, 119.78782960651458 26.269221550403884, 119.78782960651458 26.259415967335876))"
731,38.9786996,121.74940631999999,1,711.4499999999999,duration_weighted_berth_medoid,"POLYGON ((121.74436792875413 38.9742415351804, 121.75434489124581 38.9742415351804, 121.75434489124581 38.98253864177128, 121.74436792875413 38.98253864177128, 121.74436792875413 38.9742415351804))"
732,34.751633222222225,119.37770444444443,1,295.85,duration_weighted_berth_medoid,"POLYGON ((119.37279790047141 34.747504938118546, 119.38284071063974 34.747504938118546, 119.38284071063974 34.755664490936184, 119.37279790047141 34.755664490936184, 119.37279790047141 34.747504938118546))"
733,29.93984231967213,121.97825155737705,1,11035.833333333334,duration_weighted_berth_medoid,"POLYGON ((121.97329367370432 29.935554830217686, 121.98319229143969 29.935554830217686, 121.98319229143969 29.94414206667674, 121.97329367370432 29.94414206667674, 121.97329367370432 29.935554830217686))"
734,31.38328068907563,121.55579226890757,1,15463.350000000002,duration_weighted_berth_medoid,"POLYGON ((121.5508304569232 31.37905821196893, 121.56074227524581 31.37905821196893, 121.56074227524581 31.38755167098274, 121.5508304569232 31.38755167098274, 121.5508304569232 31.37905821196893))"
735,40.739723184210526,121.99016631578948,1,10477.95,duration_weighted_berth_medoid,"POLYGON ((121.98518439637549 40.735932243610556, 121.99513627029114 40.735932243610556, 121.99513627029114 40.743478511912464, 121.98518439637549 40.743478511912464, 121.98518439637549 40.735932243610556))"
736,29.78900476041667,122.12904804166668,1,4536.966666666666,duration_weighted_berth_medoid,"POLYGON ((122.124098958245 29.78471679911465, 122.13399149016021 29.78471679911465, 122.13399149016021 29.793326314620927, 122.124098958245 29.793326314620927, 122.124098958245 29.78471679911465))"
737,30.653305294117644,117.27957882352942,1,9863.816666666666,duration_weighted_berth_medoid,"POLYGON ((117.27403365752696 30.648549361942884, 117.28472087285523 30.648549361942884, 117.28472087285523 30.657541417489853, 117.27403365752696 30.657541417489853, 117.27403365752696 30.648549361942884))"
