{"type":"FeatureCollection","features":[{"type":"Feature","geometry":{"type":"Polygon","coordinates":[[[120.20985425964494,36.01814491803278],[120.20914899500795,36.02057378571428],[120.2099059621235,36.02259204286591],[120.21192171954718,36.02392999620268],[120.21476891480748,36.024147888338106],[120.21496232058017,36.0256769332757],[120.21578845570286,36.026926924764865],[120.21844531175343,36.028192518547876],[120.22074808553212,36.030340571021796],[120.22348659957578,36.03076947469756],[120.22590597668837,36.03221494875355],[120.22884042098498,36.032301560142315],[120.23081358381125,36.03154686169838],[120.23213902601978,36.030072121171656],[120.23405307297533,36.029329376636625],[120.23516486381457,36.02823378441745],[120.23567359531125,36.02687748619821],[120.23550181770669,36.025203231063124],[120.234675682584,36.02395321222635],[120.23332096152667,36.02305402269239],[120.22986714716613,36.02269487865419],[120.22721365079126,36.02401616025674],[120.22425871511639,36.02264271212675],[120.22220153669008,36.02077300244162],[120.21847736213489,36.02040267423032],[120.22003626469186,36.019310679267086],[120.22086239981455,36.01806056694942],[120.22071390469038,36.013984257457366],[120.21868154363453,36.01217044704449],[120.21547819540844,36.0117492902872],[120.21447114078835,36.009649964176255],[120.2118753683534,36.00839140221808],[120.20963133675896,36.00833908361326],[120.2079542737674,36.00875061143979],[120.20633697893022,36.00993635278398],[120.20566631619616,36.01124607491723],[120.20566631619616,36.01344826769124],[120.20633697893022,36.014757931473916],[120.2079542737674,36.01594358245605],[120.21028671737189,36.01637256450736],[120.20985425964494,36.01814491803278]]]},"properties":{"terminal_id":0,"lat":36.02856796969697,"lon":120.22749515151516,"berth_count":9,"dwell_minutes":56625.850000000006,"center_method":"duration_weighted_berth_medoid"}},{"type":"Feature","geometry":{"type":"Polygon","coordinates":[[[121.7243785723615,29.969274755260326],[121.72841720566238,29.973624634248896],[121.7299627957673,29.97434027574893],[121.73238318043141,29.97450781321132],[121.73336639304621,29.976508889816323],[121.73553459275978,29.977763828515094],[121.74106491273469,29.977763828515094],[121.74293710106828,29.976791798704735],[121.74405924757095,29.975170043767815],[121.74416634896218,29.97113634475526],[121.74293710106828,29.96914409426774],[121.74063734001332,29.968079197814344],[121.73690195800006,29.96800443196993],[121.73563165233162,29.96654047706005],[121.73317175651557,29.965673805602464],[121.72931192591652,29.962375723738134],[121.72776633581162,29.96165999606413],[121.72422781478527,29.96178864618541],[121.72277064252143,29.9626321739174],[121.72179699114294,29.9638945890073],[121.72145509024604,29.96538368852459],[121.72179699114294,29.967122195915984],[121.72277064252143,29.968384553969642],[121.7243785723615,29.969274755260326]]]},"properties":{"terminal_id":1,"lat":29.96974581818182,"lon":121.73142313636365,"berth_count":5,"dwell_minutes":288044.05,"center_method":"duration_weighted_berth_medoid"}},{"type":"Feature","geometry":{"type":"Polygon","coordinates":[[[119.78926609024606,34.428436181818185],[119.78960799114294,34.42985393554979],[119.79051329314463,34.43099362998236],[119.79070669891732,34.434197129598864],[119.79215544364868,34.435985389876514],[119.79370103375358,34.43666674906363],[119.79612877070706,34.43680842282791],[119.79780583369862,34.43638884528071],[119.79916055475596,34.43547188573163],[119.80015846748321,34.4334848628009],[119.80009379126989,34.43002285482609],[119.79688352591654,34.425334780824095],[119.79447435147631,34.42451163488382],[119.79164035219877,34.42493127205785],[119.7897964499109,34.42645223344818],[119.78926609024606,34.428436181818185]]]},"properties":{"terminal_id":2,"lat":34.4283146,"lon":119.7939092,"berth_count":2,"dwell_minutes":31355.166666666668,"center_method":"duration_weighted_berth_medoid"}},{"type":"Feature","geometry":{"type":"Polygon","coordinates":[[[118.97513798213156,39.20280962159316],[118.97436740296085,39.204168686439296],[118.9742810985794,39.20684825581395],[118.97530063947478,39.20905615274871],[118.97665536053212,39.20991761257173],[118.97833242352368,39.21031179447334],[118.98631345504647,39.21030049405293],[118.98817605287906,39.211759819099804],[118.99039993928513,39.21217074838851],[118.98970354087798,39.21441643164621],[118.98970354087798,39.21633243570285],[118.99043887982538,39.217924662619964],[118.99167810297183,39.218884740128296],[118.99373323765413,39.21945443146657],[118.9993719292541,39.21945443146657],[119.00104899224566,39.219060300887996],[119.00266628708286,39.217924662619964],[119.00414703989625,39.21345735700784],[119.00467694018793,39.20932087564379],[119.00338301608073,39.207201053015744],[119.00048816012871,39.20619237343517],[119.00153302334978,39.20501322290221],[119.00185329607852,39.203331324812964],[119.00111795713113,39.20173876698899],[118.9998787339847,39.20077845504667],[118.9976807387646,39.20020317341758],[118.99550932299108,39.19907711047011],[118.992548134531,39.198934503276284],[118.99141046414525,39.19743559548128],[118.98953827581163,39.196565957109165],[118.98546379062867,39.19641607088553],[118.98322797737599,39.195508334774445],[118.98012992816436,39.1954582110771],[118.97772075372416,39.19623158378249],[118.97507111657757,39.19837090720763],[118.97454075691275,39.201082416666665],[118.97513798213156,39.20280962159316]]]},"properties":{"terminal_id":3,"lat":39.20837098148149,"lon":118.99111805555556,"berth_count":12,"dwell_minutes":360005.01666666666,"center_method":"duration_weighted_berth_medoid"}},{"type":"Feature","geometry":{"type":"Polygon","coordinates":[[[119.00267050691274,39.204065647209326],[119.00046376447479,39.20519575111662],[118.9994442235794,39.2074037],[118.9996376293521,39.2122513564136],[119.00075977585476,39.213701930412384],[119.00263196418838,39.214571356644775],[119.01204774645636,39.21457301059695],[119.01358707361385,39.2139397148965],[119.0146993684182,39.21290008972921],[119.01525917088226,39.20978513480466],[119.01723557838928,39.21143091561788],[119.02079862647632,39.21182508902517],[119.02320780091655,39.211051887986905],[119.02465654564791,39.20937189783715],[119.02482832325245,39.206709470102396],[119.02409298430508,39.20511698886935],[119.01882103838282,39.200514243961415],[119.01792347030779,39.19909549766102],[119.01575527059423,39.19797277749025],[119.01154907024308,39.19788977741337],[119.0091293374586,39.198944978230784],[119.00628582024306,39.19901186030811],[119.00466669717471,39.199531592085435],[119.00286391268543,39.20141529391238],[119.00267050691274,39.204065647209326]]]},"properties":{"terminal_id":4,"lat":39.21045625,"lon":119.00892791666666,"berth_count":8,"dwell_minutes":372588.26666666666,"center_method":"duration_weighted_berth_medoid"}},{"type":"Feature","geometry":{"type":"Polygon","coordinates":[[[119.78428866666667,34.469535770903576],[119.78143924075012,34.470376303948235],[119.77999049601877,34.47216378968943],[119.78013899114296,34.47974701503926],[119.78143924075012,34.48119219799799],[119.78341240357639,34.48196147257526],[119.79056009512462,34.481750782958905],[119.79231327876846,34.48067897180299],[119.79324651528236,34.47905244400435],[119.79299091876695,34.471821649212906],[119.79201726738849,34.47062034097602],[119.79014507905487,34.4696952197369],[119.78428866666667,34.469535770903576]]]},"properties":{"terminal_id":5,"lat":34.475525634920636,"lon":119.78628074603174,"berth_count":1,"dwell_minutes":62845.45,"center_method":"duration_weighted_berth_medoid"}},{"type":"Feature","geometry":{"type":"Polygon","coordinates":[[[119.7910515144885,34.44461026086957],[119.79164136644879,34.44760100548517],[119.79331669482424,34.44923134944961],[119.79624255158625,34.44980590319316],[119.79895206533261,34.44872925828573],[119.79991406609011,34.44753222409001],[119.80084564308726,34.44461026086957],[119.80075933870579,34.439492782572955],[119.79953009081188,34.43759609318049],[119.79807291854804,34.436793077549666],[119.79635406666665,34.43651109412839],[119.79423925509748,34.43667060602772],[119.79236706676386,34.43759609318049],[119.79113781886998,34.439492782572955],[119.7910515144885,34.44461026086957]]]},"properties":{"terminal_id":6,"lat":34.442998,"lon":119.79618388235296,"berth_count":2,"dwell_minutes":42015.816666666666,"center_method":"duration_weighted_berth_medoid"}},{"type":"Feature","geometry":{"type":"Polygon","coordinates":[[[119.60525375283306,34.58645360827211],[119.60363677325141,34.58686509351246],[119.60228205219408,34.587780388650586],[119.60126251129869,34.59012616666666],[119.60228205219408,34.59266599578189],[119.60487782462901,34.59394677251327],[119.60778060188136,34.59373636612673],[119.61198119712341,34.59147434891257],[119.61428056446786,34.59104119853099],[119.61589785930504,34.58983448115921],[119.6165685220391,34.58850154828263],[119.6165685220391,34.58682940475353],[119.61589785930504,34.58549642367001],[119.61465863615861,34.58447618967199],[119.61303951309023,34.583924037787405],[119.61034774811864,34.58413446902307],[119.6083669802292,34.58545758301443],[119.60659656321297,34.58573735992052],[119.60525375283306,34.58645360827211]]]},"properties":{"terminal_id":7,"lat":34.590170729166665,"lon":119.60588560416666,"berth_count":3,"dwell_minutes":29343.016666666663,"center_method":"duration_weighted_berth_medoid"}},{"type":"Feature","geometry":{"type":"Polygon","coordinates":[[[118.45058166960968,38.95797737489484],[118.45132433000931,38.95993313332801],[118.45358858214199,38.961525136864005],[118.45662080570418,38.96164686467459],[118.45879665536401,38.96051715523435],[118.45979377254562,38.958636272220595],[118.45939089985471,38.951383265467996],[118.4639557019481,38.94960667083949],[118.46794048254448,38.94694361337783],[118.46861114527854,38.94568436422561],[118.46867582149187,38.943931128669036],[118.46816708999518,38.94262676175363],[118.46705529915597,38.94157308474733],[118.46464612471574,38.940796916651514],[118.46174870694215,38.94104602300237],[118.4602915346783,38.94180331826604],[118.45937600529281,38.942841096168976],[118.4550955363476,38.94495210977403],[118.45390023795224,38.94614305544165],[118.45216564811865,38.94640896397798],[118.45041246447481,38.947420205418204],[118.44939292357941,38.94980745614035],[118.44973482447631,38.951144189424646],[118.45064348730126,38.95222163551771],[118.45095530630229,38.954012139551914],[118.45058166960968,38.95797737489484]]]},"properties":{"terminal_id":8,"lat":38.947785,"lon":118.45825825,"berth_count":7,"dwell_minutes":131846.51666666666,"center_method":"duration_weighted_berth_medoid"}},{"type":"Feature","geometry":{"type":"Polygon","coordinates":[[[118.450448626561,38.96856410806836],[118.4508123638485,38.974532718837075],[118.45161809858548,38.976083039394474],[118.45287961884782,38.97699962643654],[118.4544927294831,38.977478488507415],[118.45621902836301,38.9774488635561],[118.45780338523303,38.97691512925933],[118.45923237846077,38.97566546299772],[118.4597285965343,38.97437970119889],[118.45977373896768,38.96051373025827],[118.45901888695082,38.95857107115279],[118.45700242351163,38.957282676519505],[118.45528216666666,38.957016356019956],[118.45332991575278,38.957279056092126],[118.45187800898363,38.95802763376724],[118.45090158576103,38.95914946977399],[118.450448626561,38.96856410806836]]]},"properties":{"terminal_id":9,"lat":38.96871393442623,"lon":118.45514906557376,"berth_count":6,"dwell_minutes":144761.45,"center_method":"duration_weighted_berth_medoid"}},{"type":"Feature","geometry":{"type":"Polygon","coordinates":[[[118.45036835157293,38.99925207630077],[118.45036042357941,39.00617276470588],[118.45089078324423,39.00781806439615],[118.45200257408347,39.00887075621983],[118.45354816418838,39.00951270037975],[118.45570393179727,39.00964625531647],[118.45737754921663,39.0092527182881],[118.45899367986613,39.008118360743104],[118.45973312400115,39.00652657304402],[118.45948490372352,38.9919790130855],[118.4598558264206,38.98998216666667],[118.45909885930507,38.988042586271675],[118.45708310188137,38.986756733052474],[118.45536424999999,38.98649097592647],[118.45302348145194,38.986756733052474],[118.45156630918808,38.98751353985083],[118.45059265780961,38.98864616615017],[118.45027238508086,38.99093754144497],[118.45096105974643,38.99247435674915],[118.45036835157293,38.99925207630077]]]},"properties":{"terminal_id":10,"lat":38.9963995,"lon":118.45519483333334,"berth_count":4,"dwell_minutes":47813.733333333344,"center_method":"duration_weighted_berth_medoid"}},{"type":"Feature","geometry":{"type":"Polygon","coordinates":[[[118.4504990381946,38.98163372293531],[118.45090707400844,38.98749214592803],[118.45172759409733,38.989039019841066],[118.45299894809773,38.98994888152745],[118.45461818455462,38.990418279306326],[118.45634558795007,38.99037773143042],[118.45792542948193,38.98983323987302],[118.45912382574834,38.9888654022542],[118.45982275483799,38.98728285648423],[118.45972770564094,38.97614471395709],[118.4591856399828,38.974509839118085],[118.45772030622577,38.97326374683506],[118.45610807844496,38.97274753713555],[118.45415325792642,38.97274778922306],[118.45253849729771,38.973265901428],[118.4513001047943,38.974223745571116],[118.4505589169418,38.97581404181904],[118.4504990381946,38.98163372293531]]]},"properties":{"terminal_id":11,"lat":38.97720117857143,"lon":118.45511096428572,"berth_count":5,"dwell_minutes":122197.11666666668,"center_method":"duration_weighted_berth_medoid"}},{"type":"Feature","geometry":{"type":"Polygon","coordinates":[[[121.25440610050245,39.57771215384616],[121.25353049857941,39.579919049999994],[121.25428746569493,39.58188437523522],[121.25671823918836,39.5832737938919],[121.25939628742451,39.5832737938919],[121.26126847575813,39.58240895098096],[121.26229407005584,39.58117399995328],[121.26597516914495,39.58102493758462],[121.26814336885855,39.57990834581975],[121.26914128158577,39.57805148174535],[121.26896950398124,39.573995007417274],[121.26784735747857,39.57255190499994],[121.26597516914495,39.57168692829924],[121.25759384111144,39.57168692829924],[121.25572165277782,39.57255190499994],[121.25474800139935,39.57367511126638],[121.25440610050245,39.57771215384616]]]},"properties":{"terminal_id":12,"lat":39.576325,"lon":121.262405,"berth_count":2,"dwell_minutes":205416.55,"center_method":"duration_weighted_berth_medoid"}},{"type":"Feature","geometry":{"type":"Polygon","coordinates":[[[121.2826187331032,39.588102571428564],[121.28337570021873,39.59002560307214],[121.28532441063281,39.59127599003679],[121.287208488,39.593319159989754],[121.28969991424461,39.59388658359466],[121.29218229286639,39.59329608267366],[121.29341310464693,39.59234189965816],[121.29608343870578,39.588777856421224],[121.2961481149191,39.58353375136399],[121.29541277597171,39.58194984836165],[121.29379548113455,39.58082010296851],[121.29211841814299,39.580428008973435],[121.28667005804749,39.580428008973435],[121.28461492336518,39.58099475513366],[121.28337570021873,39.58194984836165],[121.28270503748466,39.583197717967884],[121.2826187331032,39.588102571428564]]]},"properties":{"terminal_id":13,"lat":39.58503143478261,"lon":121.28841873913044,"berth_count":2,"dwell_minutes":191042.55,"center_method":"duration_weighted_berth_medoid"}},{"type":"Feature","geometry":{"type":"Polygon","coordinates":[[[119.02749795229468,39.21679436321112],[119.02854154969324,39.21775579186503],[119.03036055661205,39.21844889593813],[119.03352228050807,39.22053723303537],[119.03557741519036,39.22110691096374],[119.03792388213789,39.22105680553276],[119.03954300520624,39.22053723303537],[119.0407822283527,39.21957717812584],[119.04151756730006,39.21798498868636],[119.04134578969553,39.2161185887578],[119.03989704496416,39.21443871982483],[119.03177020577222,39.210486913379896],[119.03009314278066,39.21009273246123],[119.02682198421175,39.21066249513829],[119.02501919972248,39.21254589846838],[119.02516769484667,39.214947886811885],[119.02614134622515,39.21607686503862],[119.02749795229468,39.21679436321112]]]},"properties":{"terminal_id":14,"lat":39.214932000000005,"lon":119.03197606896552,"berth_count":4,"dwell_minutes":56414.91666666666,"center_method":"duration_weighted_berth_medoid"}},{"type":"Feature","geometry":{"type":"Polygon","coordinates":[[[119.66439551847938,39.93313466293396],[119.66679556790487,39.9341762522114],[119.66766842099653,39.93550438211369],[119.66902314205385,39.93635686190722],[119.6707002050454,39.93674693472395],[119.67280661358942,39.936615223501],[119.67497481330298,39.93550438211369],[119.67580094842567,39.93431926356348],[119.67598912658897,39.93292922675318],[119.67726007597172,39.93196440676404],[119.67794918548648,39.9306274798378],[119.6803699146277,39.929038579928296],[119.68089006410321,39.92776501171369],[119.6811821675122,39.91970854834898],[119.6820461438218,39.91806035468585],[119.68219044306727,39.913852137525254],[119.68146927689926,39.91190114255436],[119.67984507110559,39.91074786244127],[119.67814652714107,39.91034664261255],[119.67531582066766,39.910476793263946],[119.67344838287731,39.911331295431275],[119.67247294960349,39.91244191479781],[119.67208034605393,39.923365058852035],[119.66875534811864,39.92352247543739],[119.66642712446061,39.92522029370917],[119.66345307442099,39.925605962470236],[119.66160917213311,39.927019996714506],[119.66110044063642,39.92830606146447],[119.661272218241,39.93081381476703],[119.66239436474363,39.9322494312966],[119.66439551847938,39.93313466293396]]]},"properties":{"terminal_id":15,"lat":39.92469474647887,"lon":119.6763675774648,"berth_count":11,"dwell_minutes":170443.73333333334,"center_method":"duration_weighted_berth_medoid"}},{"type":"Feature","geometry":{"type":"Polygon","coordinates":[[[118.44363578571429,38.938526069832065],[118.44114039955565,38.939114852099024],[118.43933761506639,38.94100551719668],[118.43916583746181,38.9453028333926],[118.43990117640921,38.94690118894404],[118.44151847124641,38.94804119852146],[118.44319553423797,38.948436846216154],[118.44995299884472,38.948436846216154],[118.45200813352703,38.947864961984656],[118.45324735667349,38.94690118894404],[118.45398269562085,38.9453028333926],[118.45398269562085,38.941677204321856],[118.45324735667349,38.94007873099172],[118.45200813352703,38.939114852099024],[118.45038901045865,38.93859319913695],[118.44363578571429,38.938526069832065]]]},"properties":{"terminal_id":16,"lat":38.94346063414634,"lon":118.4467070487805,"berth_count":1,"dwell_minutes":44827.4,"center_method":"duration_weighted_berth_medoid"}},{"type":"Feature","geometry":{"type":"MultiPolygon","coordinates":[[[[117.7761223043478,38.973009246995474],[117.77400498987991,38.97342156985084],[117.77265026882262,38.974285912808966],[117.77182413369992,38.975487488132984],[117.77165235609536,38.976930599836564],[117.77216108759204,38.978234335407166],[117.77327287843129,38.97928746736835],[117.77481846853618,38.97992967993433],[117.77686794378401,38.98006321393967],[117.77854500677557,38.979667742829086],[117.77989972783287,38.97880346555883],[117.78072586295556,38.97760194649992],[117.78089764056014,38.97615884847779],[117.78038890906345,38.974855074694915],[117.77927711822424,38.973801876813184],[117.7761223043478,38.973009246995474]]],[[[117.75436480021204,38.970724012792026],[117.75144004460203,38.97073290553418],[117.74914028354708,38.97168859915387],[117.74791103565316,38.973476541527184],[117.74816663216858,38.97594828862456],[117.74982092153367,38.97751534140562],[117.75231630769231,38.978103799796386],[117.75486948227628,38.977953448618166],[117.75641507238119,38.97731121812798],[117.75745159417708,38.976355682513145],[117.7601086256612,38.97600310456202],[117.76064490479412,38.97813568292432],[117.75698879145519,38.97820277471528],[117.75501562862891,38.97892825536449],[117.75356688389755,38.980613744661625],[117.75339510629298,38.983006372643224],[117.75413044524038,38.98460387776496],[117.75574774007758,38.985743280764794],[117.75742480306914,38.98613871793934],[117.76182456854949,38.98613871793934],[117.76387970323181,38.9855671380011],[117.76553399259689,38.98400026341887],[117.76587589349377,38.981627285714296],[117.76529897932231,38.979920997810574],[117.7672749819033,38.97935849257995],[117.76874081250044,38.97810124067486],[117.76927117216528,38.97632965957447],[117.76863360548565,38.97454457434931],[117.76972309071739,38.973882310130094],[117.77372609668119,38.97327856261104],[117.77527168678611,38.9726362897232],[117.77657193639327,38.97127327024619],[117.77689220912201,38.96945484394957],[117.77638347762532,38.96815094674939],[117.77527168678611,38.96709764917279],[117.77372609668119,38.966455320235326],[117.77163813741258,38.96632176057002],[117.76751548676901,38.9669312891782],[117.76420899273928,38.96828096702538],[117.75662604173941,38.96950011526566],[117.75436480021204,38.970724012792026]]]]},"properties":{"terminal_id":17,"lat":38.97226310810811,"lon":117.76098777027026,"berth_count":10,"dwell_minutes":124744.58333333331,"center_method":"duration_weighted_berth_medoid"}},{"type":"Feature","geometry":{"type":"Polygon","coordinates":[[[117.77889227313013,38.96522627422889],[117.77665743553212,38.965638642392435],[117.77504014069493,38.96677835057507],[117.7742831735794,38.968718513513515],[117.77481353324424,38.970496167439165],[117.77705589811863,38.972076249401674],[117.78027861757853,38.972198116619246],[117.77940476796087,38.97366988560921],[117.7795118693521,38.975370500179174],[117.78063401585477,38.976825955161004],[117.78280555197081,38.97775659782086],[117.78285415220327,38.98006993695226],[117.78408340009717,38.98185766772236],[117.7868191727661,38.982863486262126],[117.79123062696789,38.98246803079251],[117.79326298802371,38.98072493280701],[117.79351858453913,38.97750189622155],[117.79228933664524,38.97571405547395],[117.79040340961068,38.97483900382988],[117.79044345134963,38.97264429487424],[117.78876295384508,38.97082498543263],[117.79124358844045,38.97041264746044],[117.79286088327765,38.96927299775108],[117.79361785039318,38.96733285000001],[117.79308749072837,38.96547152116944],[117.79124358844045,38.964037826404514],[117.78912627397258,38.963625448922784],[117.78256364167163,38.96411395056802],[117.77889227313013,38.96522627422889]]]},"properties":{"terminal_id":18,"lat":38.973708499999994,"lon":117.7859677962963,"berth_count":7,"dwell_minutes":57026.46666666667,"center_method":"duration_weighted_berth_medoid"}},{"type":"Feature","geometry":{"type":"Polygon","coordinates":[[[117.77592042357941,38.98397428],[117.77481863998284,38.98606191878149],[117.77488331619617,38.98788038548004],[117.77555397893023,38.989138884752805],[117.77798475242366,38.99054011260672],[117.78109760188138,38.99042469469878],[117.78333996675578,38.98884502215829],[117.7838703264206,38.98652737913505],[117.78728198591652,38.9846036031624],[117.78839377675575,38.98355055027351],[117.78892413642058,38.981904686274504],[117.7885822355237,38.9799112346285],[117.7876085841452,38.97877846857315],[117.78573639581163,38.97790613007434],[117.78174042262843,38.978021568393444],[117.77693996447479,38.98145944090151],[117.7761138293521,38.982660894502985],[117.77592042357941,38.98397428]]]},"properties":{"terminal_id":19,"lat":38.9839079375,"lon":117.78047471875,"berth_count":4,"dwell_minutes":20215.35,"center_method":"duration_weighted_berth_medoid"}},{"type":"Feature","geometry":{"type":"Polygon","coordinates":[[[122.08176362499998,40.243487925742464],[122.07891419908346,40.24426614285155],[122.07735835296086,40.24624745949633],[122.07727204857937,40.26135955434782],[122.07761394947627,40.26267120498568],[122.07891419908346,40.264009027889216],[122.08088736190973,40.264721153096595],[122.09339785188138,40.26452611569379],[122.09541360930506,40.2632637675889],[122.09614894825245,40.26169551133173],[122.0961705764206,40.246916285714285],[122.09582867552372,40.24560432966231],[122.09452842591654,40.24426614285155],[122.09255526309026,40.24355380235411],[122.08176362499998,40.243487925742464]]]},"properties":{"terminal_id":20,"lat":40.2523666375,"lon":122.082059775,"berth_count":1,"dwell_minutes":241000.5,"center_method":"duration_weighted_berth_medoid"}},{"type":"Feature","geometry":{"type":"Polygon","coordinates":[[[118.4692711111111,38.95737929578401],[118.46642168519456,38.95817210050047],[118.46486583907196,38.96019055784294],[118.4647795346905,38.97038599999999],[118.46530989435534,38.97203213174116],[118.46677572495248,38.97328949139987],[118.46883085963479,38.97386117045785],[118.47720662765957,38.973877984907105],[118.47932394212745,38.97346566470899],[118.48094123696463,38.972326064124054],[118.48167657591202,38.97072828198542],[118.48169820408017,38.960871921875004],[118.48116784441532,38.95922553078158],[118.47970201381818,38.95796792147496],[118.47808289074982,38.957446407237164],[118.4692711111111,38.95737929578401]]]},"properties":{"terminal_id":21,"lat":38.96738914423077,"lon":118.47184888461538,"berth_count":1,"dwell_minutes":281037.7666666667,"center_method":"duration_weighted_berth_medoid"}},{"type":"Feature","geometry":{"type":"Polygon","coordinates":[[[122.15023200000002,29.966405440783497],[122.14811468553214,29.966864900069634],[122.14649739069493,29.9681347621353],[122.14576205174754,29.969915116238294],[122.14582672796087,29.97260585616601],[122.14649739069493,29.974008434879895],[122.14811468553214,29.97527820564751],[122.1497917485237,29.975718888781746],[122.15267609223602,29.975662863822794],[122.15464925506228,29.97485445587527],[122.1557610459015,29.97368092893119],[122.1562697773982,29.972228154124696],[122.15620510118487,29.969537403967866],[122.15553443845081,29.9681347621353],[122.15429521530436,29.967061213177328],[122.15267609223602,29.96648020783099],[122.15023200000002,29.966405440783497]]]},"properties":{"terminal_id":22,"lat":29.97054466292135,"lon":122.15078051685391,"berth_count":1,"dwell_minutes":67108.95000000001,"center_method":"duration_weighted_berth_medoid"}},{"type":"Feature","geometry":{"type":"Polygon","coordinates":[[[121.48603305633804,31.019475437925824],[121.48391574187016,31.019929950929406],[121.48229844703297,31.02118614202137],[121.48162778429891,31.022573682819488],[121.48156310808558,31.02471552207062],[121.48229844703297,31.026476643285207],[121.48353767017943,31.02753856387502],[121.48515679324777,31.028113266219655],[121.48707209996117,31.02816868818753],[121.48874916295273,31.027732748055467],[121.49036645778993,31.026476643285207],[121.49103712052397,31.025089159332367],[121.4911017967373,31.02294732848166],[121.49059306524062,31.021510140137252],[121.4894812744014,31.02034917249869],[121.48793568429647,31.01964118501727],[121.48603305633804,31.019475437925824]]]},"properties":{"terminal_id":23,"lat":31.024236609375,"lon":121.486345109375,"berth_count":1,"dwell_minutes":28667.983333333337,"center_method":"duration_weighted_berth_medoid"}},{"type":"Feature","geometry":{"type":"Polygon","coordinates":[[[121.46303407172755,31.070766405246935],[121.46257025174754,31.072121517295685],[121.4627420293521,31.07423261601346],[121.4635681644748,31.075556403634735],[121.46492288553212,31.076508633678674],[121.46659994852368,31.076944350418003],[121.46899391689954,31.07680239104593],[121.47052162995,31.076116019741757],[121.47163458678051,31.074987061675852],[121.47324596184353,31.06764507344297],[121.47466647203913,31.064999794554222],[121.47458758600924,31.06205740510078],[121.47647867552368,31.06020909058809],[121.47723357325243,31.057315964819953],[121.47695743280592,31.055331931669752],[121.47833123430507,31.05420121858735],[121.47900189703914,31.05281413861869],[121.47874630052372,31.049672366838667],[121.47671393946787,31.047751267564294],[121.47503687647634,31.047315417082576],[121.47275183085506,31.04746258600317],[121.47120624075013,31.048170366674082],[121.47009444991093,31.049330995172724],[121.46956409024608,31.051144931034475],[121.46990257939154,31.05352780643768],[121.46814448319826,31.055581800083342],[121.46740355174755,31.058064361559577],[121.46756973617178,31.059834448672092],[121.4656808293521,31.061960914874305],[121.46406192598654,31.067510887677336],[121.46322747750025,31.068842625465596],[121.46303407172755,31.070766405246935]]]},"properties":{"terminal_id":24,"lat":31.056826382352934,"lon":121.47264359558824,"berth_count":8,"dwell_minutes":139704.48333333334,"center_method":"duration_weighted_berth_medoid"}},{"type":"Feature","geometry":{"type":"Polygon","coordinates":[[[121.47079642357942,31.0415094],[121.4712096666383,31.043111327482602],[121.4710327882095,31.047248289498647],[121.4720781984834,31.049231417438836],[121.47341680645302,31.050137827575114],[121.4750534216282,31.05055112108285],[121.47712263581163,31.05040297979978],[121.47866822591655,31.049695215732367],[121.48011697064788,31.047837656976622],[121.48146474825245,31.041886604051108],[121.48140007203912,31.039028406486707],[121.48018247908556,31.03706893164224],[121.48139507552366,31.03563480414068],[121.48171534825244,31.03370037612216],[121.48120661675574,31.032263350014407],[121.48009482591651,31.03110251342645],[121.4785492358116,31.03039460586084],[121.47667313741256,31.030247410555344],[121.474996074421,31.030683339178022],[121.47364135336366,31.03163601837955],[121.47262181246828,31.03407761111111],[121.47337918157652,31.036300637162814],[121.47113832447631,31.038306459963405],[121.47079642357942,31.0415094]]]},"properties":{"terminal_id":25,"lat":31.04006892,"lon":121.47640692,"berth_count":4,"dwell_minutes":57890.93333333334,"center_method":"duration_weighted_berth_medoid"}},{"type":"Feature","geometry":{"type":"Polygon","coordinates":[[[119.73050842357941,26.725000000000005],[119.73103878324423,26.726891117166826],[119.73262614094537,26.72875198125175],[119.73522191338031,26.730141570195823],[119.73717392975689,26.730141570195823],[119.73879305282527,26.729542576330697],[119.74003227597173,26.72843577168952],[119.74070293870577,26.726989645512386],[119.74070293870577,26.72513374710585],[119.73973458039212,26.72226291142174],[119.73862278955288,26.721052872566705],[119.7366496267266,26.720219296846516],[119.73412373690974,26.720219296846516],[119.73215057408346,26.721052872566705],[119.73085032447631,26.722618816345747],[119.73050842357941,26.725000000000005]]]},"properties":{"terminal_id":26,"lat":26.72602115384615,"lon":119.73616476923075,"berth_count":2,"dwell_minutes":67223.65,"center_method":"duration_weighted_berth_medoid"}},{"type":"Feature","geometry":{"type":"Polygon","coordinates":[[[121.45754916666664,31.128569246180703],[121.45543185219877,31.129023237963796],[121.45358794991085,31.130601615009574],[121.45305759024605,31.132413999999994],[121.45339949114292,31.135003765013707],[121.4543731425214,31.13625102539185],[121.456245330855,31.137211510721148],[121.46164745188135,31.13708440899131],[121.46310462414522,31.13625102539185],[121.46422677064785,31.134648530779735],[121.46407827552369,31.1309426948172],[121.46310462414522,31.12969536463809],[121.46164745188135,31.1288619161179],[121.45754916666664,31.128569246180703]]]},"properties":{"terminal_id":27,"lat":31.133493692307695,"lon":121.45783084615384,"berth_count":1,"dwell_minutes":2505.75,"center_method":"duration_weighted_berth_medoid"}},{"type":"Feature","geometry":{"type":"Polygon","coordinates":[[[119.502072,26.03627392894518],[119.49995468553212,26.03675046479863],[119.49811078324421,26.03840722268815],[119.49760205174753,26.039914054088495],[119.49760205174753,26.04311436025955],[119.49833739069491,26.04496081008916],[119.49957661384136,26.046074184557767],[119.50119573690972,26.046676734068534],[119.50346661354527,26.04673484153286],[119.5055217482276,26.046074184557767],[119.50698757882473,26.044621131172153],[119.50749631032141,26.04311436025955],[119.50749631032141,26.039914054088495],[119.50698757882473,26.03840722268815],[119.5058757879855,26.037189999514915],[119.50433019788059,26.03644770706224],[119.502072,26.03627392894518]]]},"properties":{"terminal_id":28,"lat":26.0411542,"lon":119.50263850000002,"berth_count":1,"dwell_minutes":31001.216666666667,"center_method":"duration_weighted_berth_medoid"}},{"type":"Feature","geometry":{"type":"Polygon","coordinates":[[[121.3657717985794,31.498358375],[121.36630215824424,31.50016369662386],[121.36851142549712,31.501883203228953],[121.369506662588,31.50392191917842],[121.37210243502294,31.50524843101215],[121.37468708127207,31.50524843101215],[121.37630620434044,31.504676627381265],[121.37891245037925,31.501901251995204],[121.37958408981555,31.50052234006266],[121.37958625017528,31.499029221874746],[121.37891860307299,31.497648858786263],[121.3770196886746,31.49628152966453],[121.3757760241452,31.49423769011195],[121.37347626309023,31.49318951352206],[121.36938711190975,31.49318951352206],[121.36741394908348,31.493985283026024],[121.36596520435212,31.495834077827112],[121.3657717985794,31.498358375]]]},"properties":{"terminal_id":29,"lat":31.49786483435583,"lon":121.37119857055217,"berth_count":3,"dwell_minutes":40888.83333333333,"center_method":"duration_weighted_berth_medoid"}},{"type":"Feature","geometry":{"type":"Polygon","coordinates":[[[117.7319738695652,38.99122996919414],[117.73409118403308,38.99081775003869],[117.73564764803058,38.989742180192366],[117.7387403916541,38.989488769822906],[117.74468269081187,38.98673034022479],[117.74565634219036,38.98559768327062],[117.74599824308723,38.984261599999996],[117.74565634219036,38.982795639062644],[117.74468269081187,38.9816629191539],[117.7423829297569,38.98070736013635],[117.74011616418835,38.98079061619164],[117.73385338553213,38.98278136296953],[117.73204390083455,38.984170042877594],[117.72988874811861,38.984433134423504],[117.72843157585477,38.9851899660635],[117.72720232796087,38.98697756754967],[117.72745792447628,38.98907485764198],[117.72911221384136,38.9906416199021],[117.7319738695652,38.99122996919414]]]},"properties":{"terminal_id":30,"lat":38.98517462831859,"lon":117.7388952920354,"berth_count":4,"dwell_minutes":35501.183333333334,"center_method":"duration_weighted_berth_medoid"}},{"type":"Feature","geometry":{"type":"Polygon","coordinates":[[[120.87246025000002,27.993151494360813],[120.86961082408347,27.99405174898626],[120.86816207935212,27.995966244366212],[120.86816207935212,27.99863579823808],[120.86961082408347,28.000550212186447],[120.8720199985237,28.001431308725543],[120.87894656576202,28.001431308725543],[120.88062362875358,28.000982130505392],[120.88197834981088,28.000000481935892],[120.88280448493359,27.99863579823808],[120.88297626253815,27.996728769919983],[120.88246753104146,27.99524795606607],[120.88135574020225,27.99405174898626],[120.87894656576202,27.993170592111653],[120.87246025000002,27.993151494360813]]]},"properties":{"terminal_id":31,"lat":27.997375842857146,"lon":120.87555838571429,"berth_count":1,"dwell_minutes":104632.46666666667,"center_method":"duration_weighted_berth_medoid"}},{"type":"Feature","geometry":{"type":"Polygon","coordinates":[[[120.55422602222222,31.994561780383563],[120.55210870775436,31.995011576458165],[120.55026480546647,31.996575366016547],[120.54973444580163,31.998942155555557],[120.55049141291715,32.001058363030346],[120.55210870775436,32.0023014351022],[120.55378577074592,32.00273285203541],[120.55793947369855,32.00273285203541],[120.55999460838086,32.00210926570728],[120.56123383152729,32.001058363030346],[120.56190449426136,31.999685274362854],[120.56190449426136,31.99762787054163],[120.56123383152729,31.996254730504045],[120.55880305803386,31.994725807361245],[120.55422602222222,31.994561780383563]]]},"properties":{"terminal_id":32,"lat":31.998684683544305,"lon":120.5561041392405,"berth_count":1,"dwell_minutes":13683.55,"center_method":"duration_weighted_berth_medoid"}},{"type":"Feature","geometry":{"type":"Polygon","coordinates":[[[120.7806917673294,27.972029199999998],[120.7817113082248,27.97454571715656],[120.78430708065973,27.97591976335816],[120.78694235188136,27.975694034382315],[120.78878163180784,27.974443193816622],[120.79718386686093,27.97462192835971],[120.79886092985251,27.97417263843034],[120.80047822468967,27.972878068990678],[120.80114888742374,27.971448099036635],[120.80121356363706,27.96954063343535],[120.8002156509098,27.96741283670439],[120.79804745119624,27.966133276817263],[120.7897307485237,27.965981558446707],[120.78767561384139,27.96663102710058],[120.7861608411959,27.968150839986343],[120.78430708065973,27.96813732754224],[120.78233391783345,27.96896156684696],[120.7810336682263,27.970509970663212],[120.7806917673294,27.972029199999998]]]},"properties":{"terminal_id":33,"lat":27.97040362162162,"lon":120.7919195,"berth_count":2,"dwell_minutes":129266.5,"center_method":"duration_weighted_berth_medoid"}},{"type":"Feature","geometry":{"type":"Polygon","coordinates":[[[121.55477577777778,31.308406917093897],[121.55305692589641,31.308699030815742],[121.55130374225257,31.309809931451163],[121.55047760712988,31.311130427809122],[121.55028420135717,31.313271574999995],[121.55062610225407,31.31474004483793],[121.55159975363254,31.31598493552187],[121.55305692589641,31.31681673571232],[121.555026,31.317108823353166],[121.55674485188136,31.31681673571232],[121.5584980355252,31.315705917716308],[121.5593241706479,31.314385485504832],[121.55951757642059,31.312244363636353],[121.5591756755237,31.310775854887748],[121.55820202414523,31.309530895352413],[121.55674485188136,31.308699030815742],[121.55477577777778,31.308406917093897]]]},"properties":{"terminal_id":34,"lat":31.31232717721519,"lon":121.5548366329114,"berth_count":1,"dwell_minutes":21990.766666666663,"center_method":"duration_weighted_berth_medoid"}},{"type":"Feature","geometry":{"type":"Polygon","coordinates":[[[121.2675392986549,39.50351630088444],[121.26754867674758,39.51012999350968],[121.26805740824426,39.51142385587216],[121.26916919908348,39.51246901225066],[121.2707147891884,39.51310636112276],[121.27277983030635,39.51323884343333],[121.27445871549205,39.51284543660698],[121.2760766198334,39.51171211126832],[121.27680977356925,39.510123845401544],[121.27678533859327,39.50031704895519],[121.27576868150712,39.49844851135519],[121.27439475506831,39.49759324993058],[121.27269982895822,39.49721258220734],[121.27094570294138,39.49736531430774],[121.26940332085161,39.498027851837215],[121.26798971398422,39.49973579861926],[121.2675392986549,39.50351630088444]]]},"properties":{"terminal_id":35,"lat":39.50829981640625,"lon":121.27224996875,"berth_count":2,"dwell_minutes":34854.98333333333,"center_method":"duration_weighted_berth_medoid"}},{"type":"Feature","geometry":{"type":"Polygon","coordinates":[[[120.14518395677979,31.924226161731426],[120.14209949408345,31.925091491133603],[120.14098770324422,31.926241290149786],[120.14047897174753,31.927664652094425],[120.14121431069492,31.930248560126067],[120.14245353384139,31.931300273608965],[120.14407265690973,31.931869451826994],[120.14888374385947,31.931600076114396],[120.15126339954259,31.930482019807506],[120.15605364278066,31.930693571848654],[120.15962128819257,31.930034724596275],[120.16149347652616,31.929082360030367],[120.16253546636779,31.927683545828128],[120.16511473690973,31.9289885558698],[120.16991464906707,31.928989815471958],[120.17187458540673,31.928210855952887],[120.17332937298629,31.926396581545248],[120.17423980218504,31.922347710501782],[120.17417512597171,31.919128255084072],[120.17350446323766,31.91775394089525],[120.17226524009122,31.916702072481616],[120.17064611702286,31.916132800382112],[120.1687329985237,31.916077901717273],[120.16599722585478,31.917176208179242],[120.16469179484355,31.919697149855363],[120.16293723814992,31.919915902363694],[120.16250946261883,31.918393896072846],[120.16115197259589,31.916975084633595],[120.15917249109201,31.916255611757187],[120.15744458372326,31.916301292920433],[120.15586498642071,31.916897543412965],[120.15445056011514,31.91827570252816],[120.15352871524608,31.922783171478333],[120.1510649576424,31.923073363335714],[120.14941346851197,31.92408172317148],[120.14702593333334,31.923886547652703],[120.14518395677979,31.924226161731426]]]},"properties":{"terminal_id":36,"lat":31.923670414715723,"lon":120.16438249498329,"berth_count":10,"dwell_minutes":228609.1,"center_method":"duration_weighted_berth_medoid"}},{"type":"Feature","geometry":{"type":"Polygon","coordinates":[[[120.12411142357941,31.93211423170732],[120.12486839069493,31.934231980074102],[120.12648568553213,31.93547595731705],[120.12816274852369,31.935907688403628],[120.13298716849567,31.935852801543266],[120.13460629156403,31.93528364798758],[120.13602199556344,31.93398210107935],[120.13872216505104,31.933924739155888],[120.14069532787734,31.93313273650291],[120.14214407260867,31.931292640790186],[120.14225117399991,31.92914247162744],[120.14158051126587,31.927768307081884],[120.13996321642867,31.926524225545332],[120.13828615343711,31.92609245039294],[120.13552664600066,31.92614734308049],[120.13291216271709,31.927489239588265],[120.12816274852369,31.927443790591752],[120.12610761384137,31.928067884224927],[120.12445332447628,31.929778667267108],[120.12411142357941,31.93211423170732]]]},"properties":{"terminal_id":37,"lat":31.9320282987013,"lon":120.12951923376625,"berth_count":2,"dwell_minutes":43897.08333333333,"center_method":"duration_weighted_berth_medoid"}},{"type":"Feature","geometry":{"type":"Polygon","coordinates":[[[121.40170893333332,31.47513936200779],[121.39959161886546,31.4755916870629],[121.39797432402825,31.476841830916026],[121.39730366129419,31.478222691911878],[121.39730366129419,31.48069612763611],[121.39797432402825,31.482076931755824],[121.39959161886546,31.483326988969537],[121.40126868185702,31.4837608302031],[121.40359687420136,31.483705675073974],[121.40557003702763,31.482909818114006],[121.40668182786686,31.481754510313156],[121.40719055936356,31.480324289149515],[121.40712588315023,31.478222691911878],[121.40645522041616,31.476841830916026],[121.40521599726974,31.475784951899755],[121.40170893333332,31.47513936200779]]]},"properties":{"terminal_id":38,"lat":31.47966566666667,"lon":121.40186585714284,"berth_count":1,"dwell_minutes":15119.65,"center_method":"duration_weighted_berth_medoid"}},{"type":"Feature","geometry":{"type":"Polygon","coordinates":[[[118.47804800000003,38.94478182283777],[118.47519857408348,38.94557476847669],[118.47364272796088,38.947593584614495],[118.47355642357942,38.95965709289618],[118.47408678324425,38.961303473961905],[118.47555261384139,38.96256102406739],[118.47760774852371,38.96313278971681],[118.48741376744188,38.96314960671294],[118.48953108190975,38.962737224061115],[118.49114837674695,38.96159745086499],[118.49188371569431,38.95999942672321],[118.49190534386247,38.94827506976744],[118.49137498419763,38.94662838601067],[118.4899091536005,38.945370553157765],[118.48829003053214,38.944848946220006],[118.47804800000003,38.94478182283777]]]},"properties":{"terminal_id":39,"lat":38.95535621454545,"lon":118.48164275636364,"berth_count":1,"dwell_minutes":253440.63333333336,"center_method":"duration_weighted_berth_medoid"}},{"type":"Feature","geometry":{"type":"Polygon","coordinates":[[[121.0301592279272,31.74364288888889],[121.03091619504275,31.745764967427398],[121.03293195246643,31.747171749724217],[121.03977023287045,31.747298026654402],[121.04193843258402,31.746066039203498],[121.04289119217839,31.744276144276917],[121.04534674077024,31.74398538966021],[121.04709992441406,31.74287964109402],[121.04803316092799,31.741201613472118],[121.04792605953675,31.738581816913552],[121.04680391303411,31.73698958741614],[121.04534674077024,31.73616152077907],[121.04059422188067,31.73603522866444],[121.03904863177577,31.736737837774626],[121.03777900342273,31.738173801348022],[121.03377454125754,31.73824719981403],[121.03180137843128,31.73904087687643],[121.03035263369992,31.74088481016963],[121.0301592279272,31.74364288888889]]]},"properties":{"terminal_id":40,"lat":31.740033266666668,"lon":121.04287126666668,"berth_count":2,"dwell_minutes":49846.56666666667,"center_method":"duration_weighted_berth_medoid"}},{"type":"Feature","geometry":{"type":"Polygon","coordinates":[[[110.03011702823056,19.964070823529408],[110.03064738789539,19.96606088947515],[110.03211321849254,19.967580969563222],[110.03373234156089,19.968211314812365],[110.03778353846154,19.968660819577828],[110.04007704633791,19.968479041341354],[110.04162263644284,19.967702571022603],[110.04292288605001,19.966054770936505],[110.0432647869469,19.96443922222222],[110.04293684720282,19.962302188738747],[110.04168623537787,19.960672269763588],[110.03977558343504,19.95977045578122],[110.03634652941177,19.959368243662382],[110.03373234156089,19.959449364144348],[110.03175917873462,19.960326542852837],[110.03045892912745,19.96197440278345],[110.03011702823056,19.964070823529408]]]},"properties":{"terminal_id":41,"lat":19.96389988372093,"lon":110.03564493023256,"berth_count":2,"dwell_minutes":9710.4,"center_method":"duration_weighted_berth_medoid"}},{"type":"Feature","geometry":{"type":"Polygon","coordinates":[[[113.43258677747166,23.091256323729933],[113.42949623884138,23.091920580076476],[113.42825701569492,23.09306050787952],[113.42758635296087,23.094549880758073],[113.42803040824423,23.097476977058975],[113.42914219908346,23.098723096234774],[113.43068778918837,23.099482998154297],[113.43870328719059,23.09936238950739],[113.4412189322038,23.09835571724547],[113.44667206309026,23.09853319731628],[113.44897182414522,23.097402491573263],[113.45009397064788,23.09568036816151],[113.45026574825245,23.09381802920398],[113.44975701675575,23.09227535077289],[113.44864522591654,23.091029171796503],[113.44709963581161,23.09026922206339],[113.44232244264131,23.090111205793406],[113.43982378605453,23.091103776018937],[113.43453664948453,23.090841304556434],[113.43258677747166,23.091256323729933]]]},"properties":{"terminal_id":42,"lat":23.095037021276596,"lon":113.4356960851064,"berth_count":3,"dwell_minutes":84745.08333333336,"center_method":"duration_weighted_berth_medoid"}},{"type":"Feature","geometry":{"type":"Polygon","coordinates":[[[110.43011804444443,21.073858186955825],[110.42839919256306,21.074177220388716],[110.42664600891923,21.075390498745065],[110.42581987379654,21.076832694355158],[110.42564809619198,21.078737383887553],[110.42615682768867,21.080302221437645],[110.4272686185279,21.08156627545231],[110.42881420863282,21.08233711478061],[110.43093203526008,21.082497394273528],[110.43260909825165,21.082022714743744],[110.43396381930897,21.080985336400246],[110.43478995443166,21.079543181077465],[110.43496173203623,21.077638501869707],[110.43445300053953,21.07607363627901],[110.43334120970032,21.07480953555754],[110.43179561959539,21.07403865719418],[110.43011804444443,21.073858186955825]]]},"properties":{"terminal_id":43,"lat":21.078314313253017,"lon":110.43014508433735,"berth_count":1,"dwell_minutes":13281.65,"center_method":"duration_weighted_berth_medoid"}},{"type":"Feature","geometry":{"type":"Polygon","coordinates":[[[116.49731859024605,23.44260933333333],[116.49766049114295,23.44418630009172],[116.49863414252141,23.445523173214678],[116.50310395913195,23.448144765286056],[116.5089137708003,23.44791027557337],[116.51066695444412,23.44671739231551],[116.51160019095805,23.44490714016019],[116.51149308956684,23.442498038476433],[116.51004434483548,23.440508787435128],[116.50807118200919,23.439652564789625],[116.50596484497517,23.439573382260605],[116.5035997075347,23.43837938696012],[116.50093390357638,23.43837938696012],[116.49931478050803,23.438994710800856],[116.49784894991089,23.440478544800644],[116.49731859024605,23.44260933333333]]]},"properties":{"terminal_id":44,"lat":23.444005131578947,"lon":116.50524764473684,"berth_count":2,"dwell_minutes":26481.6,"center_method":"duration_weighted_berth_medoid"}},{"type":"Feature","geometry":{"type":"Polygon","coordinates":[[[119.0133283943662,25.18278263905712],[119.01121107989832,25.183262589720194],[119.00959378506111,25.184589087941696],[119.00892312232708,25.186054290858127],[119.00892312232708,25.18821413335932],[119.00959378506111,25.189679292679877],[119.01121107989832,25.191005721038266],[119.01288814288988,25.191466068186323],[119.01534613809024,25.191407543283816],[119.01731930091651,25.190563063132174],[119.01843109175576,25.189337173714964],[119.01887514703911,25.186054290858127],[119.01820448430504,25.184589087941696],[119.01696526115862,25.18346765827599],[119.01534613809024,25.182860740610003],[119.0133283943662,25.18278263905712]]]},"properties":{"terminal_id":45,"lat":25.186847245614032,"lon":119.01362978947368,"berth_count":1,"dwell_minutes":3839.116666666667,"center_method":"duration_weighted_berth_medoid"}},{"type":"Feature","geometry":{"type":"Polygon","coordinates":[[[113.48014399999998,23.0563256394965],[113.47802668553211,23.056813633302415],[113.47618278324423,23.058510228373997],[113.4756524235794,23.060458366666673],[113.47618278324423,23.0636662918564],[113.47729457408346,23.064912724436006],[113.47926773690973,23.065771356764984],[113.48376458480963,23.065830862471607],[113.4854416478012,23.065362800542875],[113.48705894263838,23.06401414386894],[113.48772960537245,23.062524432734143],[113.48779428158576,23.06005329417701],[113.48728555008907,23.058510228373997],[113.48617375924985,23.057263736495607],[113.48462816914493,23.056503595955213],[113.48014399999998,23.0563256394965]]]},"properties":{"terminal_id":46,"lat":23.060967670731703,"lon":113.48216118292682,"berth_count":1,"dwell_minutes":40054.86666666667,"center_method":"duration_weighted_berth_medoid"}},{"type":"Feature","geometry":{"type":"Polygon","coordinates":[[[119.78513560869565,35.5820628666218],[119.7822861827791,35.58289203756824],[119.78073033665652,35.58500308537769],[119.78083743804775,35.605546242260914],[119.78195958455042,35.60706840003663],[119.78425934560538,35.60806780790703],[119.79555653800598,35.60798073241675],[119.79772473771955,35.606802865784275],[119.7987226504468,35.604844106765924],[119.79855087284224,35.58465535978102],[119.79742872633959,35.58313277572559],[119.7951289652846,35.58213305647402],[119.78513560869565,35.5820628666218]]]},"properties":{"terminal_id":47,"lat":35.596761560509556,"lon":119.79058261146498,"berth_count":1,"dwell_minutes":169947.0,"center_method":"duration_weighted_berth_medoid"}},{"type":"Feature","geometry":{"type":"Polygon","coordinates":[[[118.1146665,31.216158800447502],[118.11217111384138,31.216806170232157],[118.11051682447629,31.218530055005733],[118.11019655174753,31.222986484601574],[118.11093189069493,31.224743929765626],[118.11254918553212,31.225997412509916],[118.11422624852368,31.22643244262694],[118.11978025147631,31.22643244262694],[118.12183538615861,31.225803633680826],[118.12307460930504,31.224743929765626],[118.12380994825243,31.222986484601574],[118.12380994825243,31.219623503503577],[118.12307460930504,31.217865963137392],[118.12183538615861,31.216806170232157],[118.12021626309024,31.216232609490415],[118.1146665,31.216158800447502]]]},"properties":{"terminal_id":48,"lat":31.22124368181818,"lon":118.11658554545456,"berth_count":1,"dwell_minutes":43799.88333333333,"center_method":"duration_weighted_berth_medoid"}},{"type":"Feature","geometry":{"type":"Polygon","coordinates":[[[121.2352396521739,36.66755995352943],[121.23312233770602,36.66798536120353],[121.23150504286885,36.66916110879396],[121.23083438013478,36.67045979190527],[121.2307480757533,36.672609040000005],[121.2310899766502,36.67398765214621],[121.2320636280287,36.67515636374365],[121.23352080029254,36.67593726197293],[121.23533452500003,36.67621147508465],[121.23745183946788,36.67578611288701],[121.23906913430508,36.67461046652289],[121.23973979703914,36.67331185346388],[121.2398261014206,36.671162625],[121.23948420052373,36.669783962238114],[121.23851054914523,36.66861516903828],[121.23705337688139,36.667834196496635],[121.2352396521739,36.66755995352943]]]},"properties":{"terminal_id":49,"lat":36.67145516981132,"lon":121.23532349056605,"berth_count":1,"dwell_minutes":6881.333333333333,"center_method":"duration_weighted_berth_medoid"}},{"type":"Feature","geometry":{"type":"Polygon","coordinates":[[[108.35140784024607,21.56479401851852],[108.3519381999109,21.56676311291131],[108.35354839570091,21.5683476433248],[108.35304999911597,21.56988694840725],[108.35302837094783,21.57456691304348],[108.35378533806335,21.576887453370254],[108.3550245612098,21.578039833257687],[108.35664368427817,21.578663492935924],[108.35948609205603,21.578723636207872],[108.36154122673834,21.578039833257687],[108.36278044988478,21.576887453370254],[108.36345111261885,21.57538178267638],[108.36351578883217,21.56988694840725],[108.36251787610492,21.56764647153806],[108.3601578714271,21.566254474373206],[108.36042502232652,21.56430228087882],[108.35968968337914,21.562390981388234],[108.35725890988569,21.56071434980822],[108.35459558085505,21.56071434980822],[108.3521648073616,21.562390981388234],[108.35140784024607,21.56479401851852]]]},"properties":{"terminal_id":50,"lat":21.572527901960783,"lon":108.3583975882353,"berth_count":2,"dwell_minutes":60316.21666666667,"center_method":"duration_weighted_berth_medoid"}},{"type":"Feature","geometry":{"type":"Polygon","coordinates":[[[116.48145952884255,23.500492010526315],[116.48221649595808,23.502780401126085],[116.48464726945151,23.504433617545402],[116.48729676914496,23.504433617545402],[116.4897275426384,23.502780401126085],[116.49045481584507,23.499961798632917],[116.49238320219185,23.498711896193807],[116.4933811149191,23.49650249838538],[116.49331643870578,23.489578019677925],[116.49264577597171,23.488093060780603],[116.49140655282528,23.486956511146055],[116.4897874297569,23.48634141083043],[116.48690393690973,23.48634141083043],[116.48528481384136,23.486956511146055],[116.48404559069493,23.488093060780603],[116.48331025174754,23.489977899532587],[116.48340788970134,23.49702303654152],[116.48198988850737,23.498473687251927],[116.48145952884255,23.500492010526315]]]},"properties":{"terminal_id":51,"lat":23.4927091875,"lon":116.488474375,"berth_count":2,"dwell_minutes":110885.01666666668,"center_method":"duration_weighted_berth_medoid"}},{"type":"Feature","geometry":{"type":"Polygon","coordinates":[[[119.4662787125724,25.985116826709262],[119.46781250745839,25.986699786775286],[119.46994837601387,25.98736434317624],[119.47045776831884,25.989781060022466],[119.47381468553212,25.99323073653024],[119.47549174852368,25.993688006825835],[119.4774610024783,25.99353360574137],[119.4790065925832,25.992791037197513],[119.48011838342244,25.99157334095657],[119.48064874308726,25.98967015942029],[119.48011838342244,25.987592784823857],[119.47773877414524,25.984893065554086],[119.47561280397451,25.983827209638832],[119.47545567064789,25.98133481984184],[119.4746295355252,25.979945423799727],[119.47324999105476,25.978935423762888],[119.47271963138991,25.975450016812104],[119.4716078405507,25.974232140936646],[119.47006225044576,25.973489450464157],[119.46397287847407,25.973489450464157],[119.46210069014045,25.974498252233403],[119.46097854363781,25.976181317041863],[119.46078513786509,25.981079243902435],[119.46131549752992,25.982982564539018],[119.46315939981781,25.984640081256632],[119.4662787125724,25.985116826709262]]]},"properties":{"terminal_id":52,"lat":25.9826992625,"lon":119.4704906,"berth_count":4,"dwell_minutes":129442.38333333336,"center_method":"duration_weighted_berth_medoid"}},{"type":"Feature","geometry":{"type":"Polygon","coordinates":[[[108.36699471769704,21.620813138461536],[108.36801425859244,21.623462062194395],[108.37009860685667,21.624780955340235],[108.37099417202197,21.626475424063226],[108.3727473556658,21.62768413921192],[108.37446620754716,21.62800196942575],[108.37710056927266,21.62768413921192],[108.37855774153653,21.626779031509525],[108.379531392915,21.625424431515846],[108.37967988803918,21.621226756161686],[108.37800214565137,21.61905320798586],[108.37747178598654,21.61568895063599],[108.37522942111215,21.613799501706616],[108.37104604264132,21.613501747752338],[108.3683102699724,21.614704690678977],[108.36708102207851,21.61684272127866],[108.36699471769704,21.620813138461536]]]},"properties":{"terminal_id":53,"lat":21.619233634615384,"lon":108.37241207692308,"berth_count":2,"dwell_minutes":67768.9,"center_method":"duration_weighted_berth_medoid"}},{"type":"Feature","geometry":{"type":"Polygon","coordinates":[[[120.17712106089652,31.92803842125368],[120.19037188585814,31.927936834532776],[120.19312379088147,31.926780976106777],[120.1955319963258,31.926490795948922],[120.19698916858965,31.925664427756917],[120.1981113150923,31.924075422450866],[120.19821841648354,31.921947977183915],[120.19684212032398,31.919882866425077],[120.19673397064787,31.917906563222957],[120.19474760747859,31.914099820244974],[120.19287541914497,31.913147290659385],[120.19096109335128,31.913001477054117],[120.18890595866895,31.913625668691452],[120.18740460478419,31.915062246573612],[120.18592314831162,31.914401368172037],[120.18377881995227,31.914255556554373],[120.18104304728335,31.91535388477338],[120.17981379938945,31.917305970349187],[120.17974260443295,31.920000695709124],[120.17446966468047,31.92075971510922],[120.17310755108683,31.921726254444227],[120.17229308858086,31.92306524559154],[120.17222908950976,31.92494106279969],[120.1732273149292,31.92661549107306],[120.17463558108858,31.92753308492562],[120.17712106089652,31.92803842125368]]]},"properties":{"terminal_id":54,"lat":31.923939909090908,"lon":120.18327490909093,"berth_count":8,"dwell_minutes":74733.55,"center_method":"duration_weighted_berth_medoid"}},{"type":"Feature","geometry":{"type":"Polygon","coordinates":[[[122.06926256643654,40.31367658067118],[122.06848265174753,40.315289459910446],[122.06880292447627,40.317245191937104],[122.07010317408346,40.318581934985495],[122.07207633690973,40.31929348537218],[122.07487451854804,40.319098605402544],[122.07701660459367,40.317676573509495],[122.08061404542977,40.31741588425695],[122.08207121769364,40.31667349856043],[122.0830448690721,40.315562424599506],[122.083386769969,40.308874861461504],[122.08492593162907,40.30796051720604],[122.08575206675177,40.30678187320155],[122.08592384435633,40.30240146119713],[122.08492593162907,40.30056410047772],[122.08228871357431,40.29937281656699],[122.08154208152729,40.29717601748601],[122.07952632410358,40.29591427886339],[122.07780747222222,40.295653505605706],[122.07602056917125,40.29591427886339],[122.0745633969074,40.29665689275811],[122.07358974552892,40.297768277744744],[122.0733341490135,40.299880671014165],[122.07509265527855,40.30197498702076],[122.0749754925449,40.30337340208317],[122.07163682838926,40.30377786919467],[122.06960446733343,40.30548793258878],[122.06926256643654,40.31367658067118]]]},"properties":{"terminal_id":55,"lat":40.30988185,"lon":122.07679826666666,"berth_count":4,"dwell_minutes":60633.7,"center_method":"duration_weighted_berth_medoid"}},{"type":"Feature","geometry":{"type":"Polygon","coordinates":[[[119.02333605819477,32.184674666666666],[119.02435559909017,32.18708620551267],[119.02647758230584,32.188298294220736],[119.02799828836919,32.190376352700476],[119.03140339487187,32.192255180053245],[119.03312224675324,32.192544518420334],[119.03562838521471,32.192255180053245],[119.03708555747855,32.19143120905587],[119.03805920885704,32.190198035376746],[119.03837948158578,32.18773886732224],[119.03738156885852,32.185699942859614],[119.03449890615863,32.18368814469896],[119.03218798909126,32.183055157189756],[119.03116627414525,32.18170817925657],[119.02970910188138,32.180884112787105],[119.02738738313906,32.18061304286422],[119.02533224845675,32.18123541208063],[119.02386641785962,32.18260422780542],[119.02333605819477,32.184674666666666]]]},"properties":{"terminal_id":56,"lat":32.187284702127656,"lon":119.03183740425531,"berth_count":3,"dwell_minutes":98959.23333333334,"center_method":"duration_weighted_berth_medoid"}},{"type":"Feature","geometry":{"type":"Polygon","coordinates":[[[120.94263526904477,31.811047069283013],[120.94085128351641,31.813396688056237],[120.94085128351641,31.815268498411463],[120.94152194625048,31.816644341611717],[120.94276116939693,31.81769735256066],[120.94438029246528,31.81826723297204],[120.9477156744679,31.817889907483583],[120.95190004206113,31.81397319783154],[120.9529072571778,31.811765034698528],[120.95498549007065,31.81056126118847],[120.95700471675578,31.807843421531533],[120.95753507642061,31.806044066666672],[120.95700471675578,31.804082440263315],[120.95589292591654,31.802931116430642],[120.95434733581163,31.802229009830633],[120.95243268185702,31.802083020705997],[120.95075561886546,31.802515377129737],[120.94688476447479,31.80488812024565],[120.9460586293521,31.80620162715577],[120.9458652235794,31.807855991183274],[120.94448148621393,31.80881247147714],[120.94263526904477,31.811047069283013]]]},"properties":{"terminal_id":57,"lat":31.81297501851852,"lon":120.94671375925924,"berth_count":5,"dwell_minutes":39956.23333333334,"center_method":"duration_weighted_berth_medoid"}},{"type":"Feature","geometry":{"type":"Polygon","coordinates":[[[120.17468224357941,31.946410949152547],[120.17543921069495,31.948528368113408],[120.17705650553214,31.94977215185237],[120.1787335685237,31.95020381578045],[120.18332493147629,31.95020381578045],[120.18500199446785,31.94977215185237],[120.186339141477,31.94884523158476],[120.18846416666668,31.949299173261434],[120.19281267483399,31.949280821398016],[120.19448973782555,31.9488491531332],[120.19633364011344,31.947284550285712],[120.19684237161012,31.944699254666013],[120.1955484475029,31.94237776036073],[120.19324868644792,31.941334638518125],[120.18802391519036,31.94127975489848],[120.1856589307095,31.942098759458208],[120.18332493147629,31.9412992557034],[120.1787335685237,31.9412992557034],[120.17705650553214,31.94173095943741],[120.17543921069495,31.942974835190086],[120.17476854796088,31.944348772426363],[120.17468224357941,31.946410949152547]]]},"properties":{"terminal_id":58,"lat":31.946100973684217,"lon":120.18253515789472,"berth_count":2,"dwell_minutes":63776.76666666666,"center_method":"duration_weighted_berth_medoid"}},{"type":"Feature","geometry":{"type":"Polygon","coordinates":[[[118.45813509024605,31.754401333333327],[118.46044498240295,31.75986626443215],[118.46063838817564,31.7630155469086],[118.46176053467832,31.76460732889675],[118.46370290535084,31.7655763396543],[118.46524698884139,31.76709203475762],[118.46893025394056,31.768809398135296],[118.46984435085477,31.769941196769732],[118.47130152311864,31.770768961314847],[118.47455517218117,31.770986259357056],[118.47685493323615,31.769941196769732],[118.47808418113003,31.767985990484338],[118.47808418113003,31.76466107965273],[118.47685493323615,31.762705761791423],[118.47417148551148,31.76161221435378],[118.47408518113002,31.75784633388254],[118.47285593323612,31.755890872041128],[118.4702516137113,31.754807224625672],[118.46943467188883,31.753514835298084],[118.46723104224472,31.752275384099665],[118.46578142591655,31.750428718722656],[118.46337225147632,31.749580141455294],[118.46132283085502,31.749726213470694],[118.45945064252143,31.75068043115055],[118.45832849601877,31.7522724252786],[118.45813509024605,31.754401333333327]]]},"properties":{"terminal_id":59,"lat":31.7613678,"lon":118.4659748,"berth_count":7,"dwell_minutes":22074.916666666664,"center_method":"duration_weighted_berth_medoid"}},{"type":"Feature","geometry":{"type":"Polygon","coordinates":[[[118.20637898770282,31.290524331129017],[118.20739137585477,31.29186205527434],[118.20884854811862,31.292694068456996],[118.21177338195552,31.29298623089153],[118.2135846187338,31.293897919214974],[118.21839540389115,31.294663184278658],[118.22263255321367,31.294448129662122],[118.2243230756919,31.293908844592494],[118.22606804379298,31.292166566219816],[118.22643051759708,31.28990402941177],[118.22607180085221,31.288400948695696],[118.2250529479631,31.28713793452235],[118.22353669893802,31.28631673942871],[118.22160756576368,31.28604075025527],[118.220219487455,31.28433271906945],[118.21786990936472,31.283481199621974],[118.21656393323612,31.28093349397418],[118.2139100764206,31.27983804378625],[118.2135681755237,31.27776426254531],[118.21191388615863,31.27604145879698],[118.20985875147632,31.27541298015658],[118.20059095206716,31.27555979521567],[118.19871876373357,31.276518866916167],[118.19748951583966,31.27848438705619],[118.1975966172309,31.287800224810322],[118.19871876373357,31.289400126152223],[118.20017593599742,31.29023216106411],[118.20637898770282,31.290524331129017]]]},"properties":{"terminal_id":60,"lat":31.283930204545456,"lon":118.20547847727272,"berth_count":7,"dwell_minutes":110543.8,"center_method":"duration_weighted_berth_medoid"}},{"type":"Feature","geometry":{"type":"Polygon","coordinates":[[[118.18936582357941,31.27514623795756],[118.18983321336489,31.28018187509824],[118.19078952479418,31.28149412730865],[118.19227399630795,31.282377538654828],[118.19496606932879,31.282688837607893],[118.1972412752995,31.284050252872696],[118.19941680147633,31.2841970544865],[118.20305019469379,31.283030805897287],[118.2048991174207,31.28140976857894],[118.20539141897288,31.279561898681337],[118.20482772707913,31.27558537014775],[118.20353551589437,31.273343189816753],[118.20411332325244,31.27181128999286],[118.20404864703912,31.27030555814464],[118.20311541052519,31.26861902562483],[118.20136222688137,31.26750763951304],[118.19964337500001,31.26721539813671],[118.19773975681427,31.26750763951304],[118.19572399939057,31.268921638230474],[118.19498791741731,31.270691156128166],[118.19171374308728,31.271142222789127],[118.19095677597173,31.26892317534962],[118.18894101854804,31.267509176655224],[118.18644921911188,31.26723542208713],[118.18404004467168,31.268088389900576],[118.18292825383244,31.269246327977633],[118.18241952233575,31.270679765818336],[118.18248419854908,31.272523035269472],[118.18315486128314,31.273906902354927],[118.18439408442958,31.274966054652246],[118.18601320749795,31.275539258785336],[118.18936582357941,31.27514623795756]]]},"properties":{"terminal_id":61,"lat":31.276745858823528,"lon":118.19699929411766,"berth_count":6,"dwell_minutes":30972.849999999995,"center_method":"duration_weighted_berth_medoid"}},{"type":"Feature","geometry":{"type":"Polygon","coordinates":[[[121.55977499999997,31.29906543710817],[121.55727961384136,31.29971223853893],[121.55562532447627,31.301434609788043],[121.55530505174752,31.307772954990664],[121.55604039069492,31.309528821741416],[121.55727961384136,31.310587573866805],[121.55889873690973,31.311160561425215],[121.56087908004775,31.311215818024536],[121.56293421473005,31.310587573866805],[121.56458850409514,31.308865369937397],[121.56490877682388,31.30252709822868],[121.56440004532719,31.301094144480786],[121.56328825448799,31.29993659744173],[121.56174266438305,31.299230695872453],[121.55977499999997,31.29906543710817]]]},"properties":{"terminal_id":62,"lat":31.30415415,"lon":121.5601547,"berth_count":1,"dwell_minutes":88784.55,"center_method":"duration_weighted_berth_medoid"}},{"type":"Feature","geometry":{"type":"Polygon","coordinates":[[[119.68773229200046,26.462308534883718],[119.68807419289733,26.463847288405827],[119.68904784427583,26.465151764541154],[119.69178361694472,26.466310086794277],[119.6956637247005,26.46615631196893],[119.69814761420278,26.464463119595724],[119.70386615957368,26.464157045766417],[119.70561934321749,26.462993039115812],[119.70655257973142,26.461226606058094],[119.706296983216,26.45520773051087],[119.70499673360885,26.45363812445267],[119.70302357078255,26.452802599327256],[119.69399987888787,26.453031435072525],[119.69175751401347,26.454850993212958],[119.69122715434862,26.457289351266137],[119.68972848226242,26.457862760418365],[119.68848925911598,26.458972184798025],[119.68781859638193,26.46042170149493],[119.68773229200046,26.462308534883718]]]},"properties":{"terminal_id":63,"lat":26.45870865,"lon":119.69895553333336,"berth_count":2,"dwell_minutes":47517.933333333334,"center_method":"duration_weighted_berth_medoid"}},{"type":"Feature","geometry":{"type":"Polygon","coordinates":[[[119.61986343589744,25.725484679315123],[119.61774612142956,25.72596247091504],[119.61590221914166,25.72762359478855],[119.61539348764498,25.729134397304488],[119.6154581638583,25.733676578418464],[119.61612882659237,25.735135111110772],[119.61774612142956,25.73645553998829],[119.61942318442112,25.736913804902567],[119.62264272254968,25.73685554472077],[119.62461588537596,25.73601488427134],[119.62591613498314,25.734435598494226],[119.62617173149856,25.72874161280585],[119.62550106876449,25.727283001673452],[119.62388377392732,25.72596247091504],[119.61986343589744,25.725484679315123]]]},"properties":{"terminal_id":64,"lat":25.731651285714285,"lon":119.62112745238096,"berth_count":1,"dwell_minutes":32756.23333333333,"center_method":"duration_weighted_berth_medoid"}},{"type":"Feature","geometry":{"type":"Polygon","coordinates":[[[119.35951242357939,35.08780303903066],[119.35934520018309,35.08987488589035],[119.36079963836494,35.091923648237454],[119.36078406744733,35.09434295675345],[119.36223281217869,35.09611697252363],[119.36377840228359,35.09679290413118],[119.36573539402285,35.096930837124575],[119.36675014396197,35.09918236007885],[119.36891834367552,35.1003676534426],[119.37291683755838,35.10045527797332],[119.37551260999331,35.09918236007885],[119.37644584650722,35.0975679852958],[119.37640964373178,35.09535115712224],[119.377651163931,35.09346037828186],[119.37796455274086,35.08772153634799],[119.37729389000681,35.08639664102295],[119.37605466686036,35.085382595502665],[119.37443554379199,35.08483379276415],[119.37260884802085,35.08483379276415],[119.37001307558592,35.08610693465533],[119.36836148684696,35.08935155603746],[119.3685722869469,35.08751963017538],[119.3695997399191,35.08552156887429],[119.36962136808722,35.08231402592256],[119.37053140279788,35.080439474897126],[119.37055303096604,35.07610363636362],[119.36979606385049,35.074061413067206],[119.36778030642681,35.07270751496536],[119.36606145454543,35.07242769474848],[119.36348679517742,35.07270751496536],[119.36202962291358,35.07350437026784],[119.36105597153508,35.07469693396864],[119.36071407063821,35.07914675891676],[119.35985092674753,35.080969600113434],[119.359926793677,35.085914912065235],[119.35951242357939,35.08780303903066]],[[119.36828250616004,35.08988894663063],[119.36827087812485,35.090082621621626],[119.36827087812485,35.09029478510947],[119.36817890817483,35.09022657869939],[119.36828250616004,35.08988894663063]]]},"properties":{"terminal_id":65,"lat":35.087555333333334,"lon":119.36401462222224,"berth_count":8,"dwell_minutes":69205.9,"center_method":"duration_weighted_berth_medoid"}},{"type":"Feature","geometry":{"type":"Polygon","coordinates":[[[120.20424101392602,31.948016409804968],[120.20621314811861,31.949370201861747],[120.20887495602176,31.949641958004694],[120.21128413046196,31.94879521166002],[120.21268553741172,31.94706769126271],[120.2178170831008,31.94675977949676],[120.2213121454157,31.947310574299937],[120.22410830293029,31.946156093938086],[120.22677157999766,31.946169126616745],[120.22831717010257,31.945468110623647],[120.2294289609418,31.944318552077558],[120.2299376924385,31.942895447984437],[120.22976591483392,31.941389967963644],[120.22831717010257,31.939550037542986],[120.22590799566234,31.938703198199487],[120.22415122801814,31.938848971055872],[120.22263449239517,31.93953187740646],[120.21569308185704,31.938827931479914],[120.21115566418838,31.939451611993995],[120.20918124519642,31.94049958607287],[120.20742700147632,31.940028619925048],[120.20230788641058,31.940174390679253],[120.20076229630568,31.940875447056175],[120.19965050546644,31.9420250486742],[120.19920645018308,31.94494866206955],[120.19987711291715,31.946322569793697],[120.20111633606358,31.947374099362424],[120.20424101392602,31.948016409804968]]]},"properties":{"terminal_id":66,"lat":31.943251605263157,"lon":120.21376939473684,"berth_count":6,"dwell_minutes":95665.48333333332,"center_method":"duration_weighted_berth_medoid"}},{"type":"Feature","geometry":{"type":"Polygon","coordinates":[[[120.22559250050247,31.94286245],[120.226349467618,31.94497995073295],[120.22796676245518,31.946223782507555],[120.22964382544676,31.946655463107135],[120.23274201515792,31.94655831692531],[120.2350663735237,31.94735170777092],[120.23944166140666,31.94692003044243],[120.24105895624383,31.945676208092827],[120.24179429519123,31.943932306708366],[120.24147402246248,31.941691041304935],[120.23981973309739,31.939980479947998],[120.2377645984151,31.939356467182954],[120.23462980901816,31.939411469476667],[120.23210715147633,31.938477344360805],[120.2292078138328,31.938532229653976],[120.22723465100653,31.939324185785274],[120.22593440139934,31.94081194081385],[120.22559250050247,31.94286245]]]},"properties":{"terminal_id":67,"lat":31.943517054545456,"lon":120.2372146181818,"berth_count":2,"dwell_minutes":31026.26666666667,"center_method":"duration_weighted_berth_medoid"}},{"type":"Feature","geometry":{"type":"Polygon","coordinates":[[[119.94498771860623,32.04237268984708],[119.94388751367515,32.04420139107268],[119.94399461506639,32.04615963182039],[119.94511676156903,32.047746524020276],[119.94741652262402,32.04878843622814],[119.94962819642357,32.04878843622814],[119.95160135924985,32.04799742475788],[119.95407510930505,32.04540218339973],[119.95474577203912,32.04402975920415],[119.95430171675577,32.040819869272404],[119.95318992591652,32.03967150520441],[119.95121676309024,32.03888041494604],[119.94858900963699,32.03888041494604],[119.94696988656864,32.03944892613542],[119.94550405597148,32.040819869272404],[119.94498771860623,32.04237268984708]]]},"properties":{"terminal_id":68,"lat":32.04494414285714,"lon":119.94829278571429,"berth_count":2,"dwell_minutes":1089.15,"center_method":"duration_weighted_berth_medoid"}},{"type":"Feature","geometry":{"type":"Polygon","coordinates":[[[119.82616986956519,32.30804679602336],[119.82405255509731,32.30849504789124],[119.82243526026012,32.309733933932336],[119.82169992131273,32.31147085759953],[119.82176459752606,32.31368414987881],[119.82243526026012,32.315052515802876],[119.82405255509731,32.31629131216912],[119.82572961808889,32.316721245154156],[119.82814557815873,32.31666658689133],[119.83011874098503,32.315877899342965],[119.83123053182425,32.31473299875476],[119.83173926332093,32.31331566080808],[119.8316745871076,32.31110235952572],[119.83100392437353,32.309733933932336],[119.8297647012271,32.30868657236258],[119.82814557815873,32.30811973931617],[119.82616986956519,32.30804679602336]]]},"properties":{"terminal_id":69,"lat":32.312219,"lon":119.82690560869564,"berth_count":1,"dwell_minutes":31563.05,"center_method":"duration_weighted_berth_medoid"}},{"type":"Feature","geometry":{"type":"Polygon","coordinates":[[[119.38990697058823,35.15701047254204],[119.38818811870686,35.15729000242969],[119.386730946443,35.15808603093885],[119.38543702233576,35.160322675895436],[119.38617236128316,35.163000007657715],[119.38860313477659,35.16447380122064],[119.40643263923143,35.16461422966176],[119.40884181367166,35.16379843117121],[119.41029055840299,35.16202588919318],[119.41046233600755,35.160322675895436],[119.40995360451087,35.15895159175226],[119.40884181367166,35.157844021632094],[119.40729622356673,35.15716859653278],[119.38990697058823,35.15701047254204]]]},"properties":{"terminal_id":70,"lat":35.160832944444444,"lon":119.39735731111112,"berth_count":1,"dwell_minutes":379635.01666666666,"center_method":"duration_weighted_berth_medoid"}},{"type":"Feature","geometry":{"type":"Polygon","coordinates":[[[119.39856160907972,34.746066503259605],[119.39608102355267,34.74669720975084],[119.39429253334526,34.74869023385618],[119.3942946337671,34.7509571996635],[119.39610108806646,34.75295547532923],[119.39860026026076,34.753575157022006],[119.4118936352608,34.75355598271468],[119.41479541967416,34.75267515874052],[119.41711036802585,34.75246481065439],[119.41935821590204,34.750868007286215],[119.42271211658726,34.75080066433454],[119.42483112635178,34.749299881524045],[119.42707361343695,34.74886410828593],[119.42891751572485,34.7473490368856],[119.42944787538967,34.745569278350516],[119.42869090827415,34.743518816520336],[119.42667515085043,34.74215945689053],[119.42387001468751,34.74194942659468],[119.42180038867629,34.742788130878715],[119.41947221551774,34.7409690003723],[119.41614767741933,34.74068804735558],[119.41403036295145,34.741123863726585],[119.41072697585479,34.743349060583064],[119.40975332447631,34.744546429441],[119.40941142357941,34.74604246688971],[119.39856160907972,34.746066503259605]]]},"properties":{"terminal_id":71,"lat":34.74634832960894,"lon":119.41412307821228,"berth_count":10,"dwell_minutes":93719.73333333334,"center_method":"duration_weighted_berth_medoid"}},{"type":"Feature","geometry":{"type":"Polygon","coordinates":[[[119.43051459922228,34.749967139362745],[119.43179304010417,34.75133737089257],[119.43379493707855,34.75209354202478],[119.44349834407171,34.75202693733674],[119.44518923948453,34.751575847746345],[119.44653467805206,34.750621071436775],[119.4473238800793,34.749312171900655],[119.44743320724749,34.747854193202755],[119.4463151079539,34.74588491363599],[119.44447105950721,34.74487817851368],[119.43703506941404,34.744563987578815],[119.43480833759565,34.74291540974232],[119.43199395119545,34.74270538136831],[119.4296941901405,34.74371547215856],[119.42846494224659,34.745605185944044],[119.42872053876202,34.748242045805114],[119.43051459922228,34.749967139362745]]]},"properties":{"terminal_id":72,"lat":34.74829003333333,"lon":119.4365555,"berth_count":4,"dwell_minutes":8550.150000000001,"center_method":"duration_weighted_berth_medoid"}},{"type":"Feature","geometry":{"type":"Polygon","coordinates":[[[119.54881667357941,34.61601616666667],[119.54957364069494,34.61806978818418],[119.5520044141884,34.619553389476465],[119.55682329433344,34.619694752452915],[119.55923246877367,34.61887352496224],[119.56078831489627,34.616737308432754],[119.56087461927773,34.61259686450804],[119.56357968907442,34.611763603041375],[119.56502843380578,34.60997911264399],[119.56513553519702,34.607668733087664],[119.56420229868309,34.60604468510248],[119.56203409896952,34.604852248860645],[119.55868671404093,34.60471086060785],[119.55700965104937,34.60512959119572],[119.55541725444037,34.60630845466506],[119.55243198690974,34.606379489513515],[119.55045882408348,34.60714760786669],[119.54890297796088,34.60928407117917],[119.54881667357941,34.61601616666667]]]},"properties":{"terminal_id":73,"lat":34.61306597674418,"lon":119.55368593023256,"berth_count":2,"dwell_minutes":51732.233333333344,"center_method":"duration_weighted_berth_medoid"}},{"type":"Feature","geometry":{"type":"Polygon","coordinates":[[[119.51084502357939,35.31098219999999],[119.51138991111708,35.32115497567215],[119.51236839588992,35.3223229027274],[119.51381616098993,35.32310139677559],[119.51585395454546,35.323374457130896],[119.51757309272955,35.3230954023318],[119.51958899421783,35.32174521991827],[119.520345530795,35.319708677463346],[119.52031919419603,35.30576448515722],[119.5198101749532,35.30439618741935],[119.51869836667787,35.30329093374274],[119.51715297339567,35.30261694412648],[119.51489634852368,35.30247680943601],[119.51321928553212,35.30289199056008],[119.51186456447478,35.30379932733989],[119.51086665174752,35.305765428953436],[119.51084502357939,35.31098219999999]]]},"properties":{"terminal_id":74,"lat":35.31650235211267,"lon":119.51573874647887,"berth_count":2,"dwell_minutes":83874.23333333334,"center_method":"duration_weighted_berth_medoid"}},{"type":"Feature","geometry":{"type":"Polygon","coordinates":[[[119.74893588030302,34.32229704425335],[119.74721702842163,34.32257941252587],[119.74575985615779,34.32338352412839],[119.7447862047793,34.324586947792035],[119.74444430388243,34.32603720786517],[119.7447862047793,34.32745669614562],[119.74575985615779,34.32866006139472],[119.74721702842163,34.32946411472903],[119.74901274157304,34.32974645888464],[119.7507315934544,34.32946411472903],[119.75218876571827,34.32866006139472],[119.75316241709673,34.32745669614562],[119.75350431799363,34.32600646060607],[119.75316241709673,34.324586947792035],[119.75218876571827,34.32338352412839],[119.7507315934544,34.32257941252587],[119.74893588030302,34.32229704425335]]]},"properties":{"terminal_id":75,"lat":34.32600646060606,"lon":119.74893588030302,"berth_count":1,"dwell_minutes":25036.466666666667,"center_method":"duration_weighted_berth_medoid"}},{"type":"Feature","geometry":{"type":"Polygon","coordinates":[[[120.78058516274257,32.02137518654268],[120.77674469097578,32.0215996612568],[120.77528751871192,32.02242516616879],[120.77431386733345,32.023660607680576],[120.77397196643655,32.025117888888886],[120.77431386733345,32.027011765364826],[120.77528751871192,32.028247145019016],[120.77674469097578,32.02907259002738],[120.78021091147632,32.029344110150454],[120.78449188759565,32.02824533478863],[120.78615972757643,32.02722282416841],[120.78890884070408,32.02658969092911],[120.79056313006917,32.024880711648066],[120.79090503096607,32.02342342666667],[120.79056313006917,32.02195463104745],[120.7895894786907,32.02071916652956],[120.78813230642683,32.019893646245656],[120.78549049690973,32.01967693489212],[120.78298901336778,32.020907870741226],[120.78058516274257,32.02137518654268]]]},"properties":{"terminal_id":76,"lat":32.02526875,"lon":120.77957128125,"berth_count":3,"dwell_minutes":23691.85,"center_method":"duration_weighted_berth_medoid"}},{"type":"Feature","geometry":{"type":"Polygon","coordinates":[[[121.49442858299967,32.12605166666667],[121.49551347211451,32.12852581616367],[121.4955971077891,32.13407367531727],[121.49729839069491,32.137113394737376],[121.49853761384136,32.13816273501562],[121.50015673690972,32.13873062884689],[121.50212951309025,32.13873062884689],[121.50374863615863,32.13816273501562],[121.50498785930506,32.137113394737376],[121.50565852203913,32.135742347400324],[121.50529216778693,32.13215827135357],[121.5071322788987,32.131078339486315],[121.50819344942768,32.129035286166435],[121.507904062982,32.12718296364471],[121.506097361254,32.125364268987155],[121.50540652934691,32.12385982300836],[121.50723896316963,32.12292151833204],[121.5083611096723,32.12133593091303],[121.50846821106352,32.1192520578488],[121.5075349745496,32.117580885479526],[121.50536677483602,32.116353850096814],[121.50277698690974,32.11626313836385],[121.50080382408346,32.11705355925377],[121.49956918813616,32.11842093400366],[121.49761632360865,32.11858473907503],[121.49607073350376,32.11928443113023],[121.49451488738116,32.12148287598913],[121.49442858299967,32.12605166666667]]]},"properties":{"terminal_id":77,"lat":32.13089662962963,"lon":121.50040114814816,"berth_count":7,"dwell_minutes":216090.2166666667,"center_method":"duration_weighted_berth_medoid"}},{"type":"Feature","geometry":{"type":"Polygon","coordinates":[[[119.54276938010115,35.37009312820512],[119.54378892099653,35.3724166022898],[119.54630031910176,35.37366800640405],[119.54638662348324,35.37695762582065],[119.54794246960584,35.37907408888407],[119.54991563243212,35.37983498971147],[119.55314107290488,35.37988772225608],[119.55481813589644,35.379472936585216],[119.55617285695374,35.378566449198466],[119.557170769681,35.376602118304255],[119.55710609346767,35.37172835304719],[119.55587684557379,35.369853074974145],[119.55393858924113,35.3689245401959],[119.55385228485964,35.3626801019354],[119.55229643873705,35.360563208938196],[119.55032327591077,35.359802126408546],[119.54682070504543,35.35974938073969],[119.54514364205387,35.36016426778241],[119.54378892099653,35.36107096186639],[119.5427910082693,35.363035670777705],[119.54276938010115,35.37009312820512]]]},"properties":{"terminal_id":78,"lat":35.367758055555555,"lon":119.54859058333334,"berth_count":3,"dwell_minutes":112254.9,"center_method":"duration_weighted_berth_medoid"}},{"type":"Feature","geometry":{"type":"Polygon","coordinates":[[[119.6392710235794,39.922669310790695],[119.6385739501831,39.923938333021205],[119.6385739501831,39.92582592588077],[119.63924461291714,39.92706758114944],[119.6404838360636,39.928017887735734],[119.6431167673708,39.92859836655817],[119.64696074435565,39.93045560205382],[119.64863780734721,39.930845708504386],[119.65127835188139,39.9306001166227],[119.6532941093051,39.92933155862503],[119.65402944825246,39.927755587842796],[119.65385767064791,39.926130660847576],[119.65240892591656,39.92446790785922],[119.64881582555924,39.92304495555927],[119.64980876606775,39.921371266399774],[119.6499805436723,39.91990933812403],[119.64924520472493,39.91833315044435],[119.64800598157848,39.91738270943121],[119.64542714285713,39.916802135515624],[119.64257771694058,39.91758409548095],[119.6398013832442,39.919895391850474],[119.6392710235794,39.922669310790695]]]},"properties":{"terminal_id":79,"lat":39.9262098,"lon":119.64679563333334,"berth_count":5,"dwell_minutes":73230.34999999999,"center_method":"duration_weighted_berth_medoid"}},{"type":"Feature","geometry":{"type":"Polygon","coordinates":[[[121.84290767357939,38.94869514285714],[121.84447329978583,38.95187053341034],[121.84690407327926,38.95327249875945],[121.8486932514763,38.9534060830242],[121.85037031446787,38.953010463066974],[121.85172503552518,38.9521458605062],[121.85255117064787,38.95094388923817],[121.85272294825243,38.9495536173644],[121.8520539255237,38.9468213770696],[121.85108027414523,38.94568808182623],[121.84920808581163,38.94481533581073],[121.84652298690972,38.944732037469116],[121.84454982408344,38.945457860922744],[121.84324957447629,38.9468213770696],[121.84290767357939,38.94869514285714]]]},"properties":{"terminal_id":80,"lat":38.948408875,"lon":121.8477016875,"berth_count":2,"dwell_minutes":110246.0,"center_method":"duration_weighted_berth_medoid"}},{"type":"Feature","geometry":{"type":"Polygon","coordinates":[[[120.7533802,31.996743537676405],[120.75166134811863,31.99703349591975],[120.74990816447479,31.99813619916676],[120.74897492796089,31.99980955488905],[120.74897492796089,32.00172270229492],[120.74964559069493,32.00309576045097],[120.75126288553211,32.00433880489947],[120.75293994852368,32.00477021224557],[120.75534581864581,32.004715366543216],[120.75696494171417,32.00414663977497],[120.75820416486062,32.00309576045097],[120.75887482759467,32.00172270229492],[120.75887482759467,31.99980955488905],[120.75820416486062,31.99843644752064],[120.75696494171417,31.997385502748227],[120.75534581864581,31.996816730512826],[120.7533802,31.996743537676405]]]},"properties":{"terminal_id":81,"lat":32.000552666666664,"lon":120.75446955555556,"berth_count":1,"dwell_minutes":326.9666666666667,"center_method":"duration_weighted_berth_medoid"}},{"type":"Feature","geometry":{"type":"Polygon","coordinates":[[[121.49862985714287,31.3761463926188],[121.49651254267499,31.376599195442864],[121.49489524783779,31.377850659794305],[121.49422458510372,31.379232979416845],[121.49415990889042,31.381371423736027],[121.49466864038712,31.38280315529003],[121.49578043122632,31.383959683203056],[121.49732602133125,31.384664949320182],[121.49940668004774,31.384811594065603],[121.5010837430393,31.384377294639606],[121.5027010378765,31.38312591723559],[121.50337170061054,31.381743654898095],[121.50343637682387,31.379605219052667],[121.50292764532719,31.378173438756683],[121.50181585448797,31.37701683960265],[121.50027026438305,31.3763115160623],[121.49862985714287,31.3761463926188]]]},"properties":{"terminal_id":82,"lat":31.38006101818182,"lon":121.498738,"berth_count":1,"dwell_minutes":67159.48333333334,"center_method":"duration_weighted_berth_medoid"}},{"type":"Feature","geometry":{"type":"Polygon","coordinates":[[[120.42341891872502,31.96887916279069],[120.42394927838984,31.970675338887034],[120.425415108987,31.97204731090324],[120.4274702436693,31.972671101610878],[120.43076033782731,31.972643588798476],[120.43213883970847,31.9743163248377],[120.43411200253473,31.97510797247783],[120.43934462965916,31.974891155259886],[120.44109781330297,31.973788172580676],[120.4420310498169,31.972114342164108],[120.4419239484257,31.9689997746598],[120.44047520369433,31.967160397205767],[120.4380660292541,31.966313812358997],[120.43390748146312,31.966412142326934],[120.43259682801909,31.965259726980925],[120.43097770495072,31.964690755579106],[120.4274702436693,31.964635885912276],[120.425415108987,31.965259726980925],[120.42376081962192,31.966969817663475],[120.42341891872502,31.96887916279069]]]},"properties":{"terminal_id":83,"lat":31.970610264705883,"lon":120.43600247058824,"berth_count":2,"dwell_minutes":47277.88333333333,"center_method":"duration_weighted_berth_medoid"}},{"type":"Feature","geometry":{"type":"Polygon","coordinates":[[[120.36468810778992,31.966207114348148],[120.36521378681752,31.96799589406452],[120.36704308985958,31.969558799038683],[120.37170151115858,31.970032772466382],[120.3737429985237,31.970649637706916],[120.37587626309023,31.97059477160135],[120.37749538615861,31.970025833262206],[120.37873460930507,31.96897456301153],[120.37946994825244,31.967231103938396],[120.37914967552369,31.96499434878816],[120.37784942591654,31.963506985354172],[120.3745067588581,31.96204109607471],[120.37019170075168,31.960922338175948],[120.36746083232916,31.96119406014253],[120.36570764868532,31.962297194139833],[120.3647744121714,31.963971203552465],[120.36468810778992,31.966207114348148]]]},"properties":{"terminal_id":84,"lat":31.966207114348144,"lon":120.36973242024764,"berth_count":3,"dwell_minutes":75659.98333333332,"center_method":"duration_weighted_berth_medoid"}},{"type":"Feature","geometry":{"type":"Polygon","coordinates":[[[122.06209542357938,29.998911272727277],[122.06311496447478,30.001378944348613],[122.06552467848509,30.002685958550547],[122.06708761823846,30.00503330254821],[122.06989024042633,30.00648022147427],[122.0716090923077,30.006776296558186],[122.07415918521471,30.00648022147427],[122.07561635747858,30.005637066129353],[122.07659000885705,30.004375181595023],[122.07691028158578,30.001011597194864],[122.07591236885852,29.998925190263193],[122.07374416914496,29.99767051900315],[122.07081607441687,29.997567070089623],[122.06976943323615,29.996128413222884],[122.06831226097228,29.995285169918926],[122.06614674852366,29.995007792035544],[122.06409161384136,29.99564464423412],[122.0626257832442,29.99704531423097],[122.06209542357938,29.998911272727277]]]},"properties":{"terminal_id":85,"lat":30.002775504237285,"lon":122.07174018559324,"berth_count":3,"dwell_minutes":141203.08333333334,"center_method":"duration_weighted_berth_medoid"}},{"type":"Feature","geometry":{"type":"Polygon","coordinates":[[[121.7592304117647,38.97576904521626],[121.75711309729682,38.97618135200377],[121.75549580245962,38.977320890551745],[121.75482513972557,38.978579577544835],[121.75482513972557,38.98046417558374],[121.75549580245962,38.98172280670187],[121.75711309729682,38.98286225607107],[121.75879016028838,38.983257709338666],[121.76105426309027,38.9832074345715],[121.76267338615861,38.982686106138964],[121.76413921675575,38.98142891332081],[121.76458327203912,38.978579577544835],[121.76391260930508,38.977320890551745],[121.76267338615861,38.97635751811899],[121.7592304117647,38.97576904521626]]]},"properties":{"terminal_id":86,"lat":38.97926076470589,"lon":121.75923041176468,"berth_count":1,"dwell_minutes":519.0333333333333,"center_method":"duration_weighted_berth_medoid"}},{"type":"Feature","geometry":{"type":"Polygon","coordinates":[[[118.94094735691272,38.078396500000004],[118.94170432402827,38.080360760804176],[118.94413509752171,38.081779802493905],[118.94825092613371,38.08186410529202],[118.95088386226529,38.080599998088495],[118.95233042466258,38.081572605949866],[118.95444773913046,38.08199006858109],[118.95630438521471,38.0817209479961],[118.95776155747858,38.08095455198387],[118.95873520885704,38.07980754428864],[118.95907710975393,38.078454533333336],[118.9585467500891,38.07677099620638],[118.95708091949196,38.07549787469862],[118.95444773913046,38.074901988650296],[118.95186623946404,38.07554815002364],[118.95152433856717,38.07404926347428],[118.95055068718868,38.07290214747099],[118.94909351492484,38.07213565903579],[118.94737466304345,38.07186650218509],[118.94413509752171,38.072018758382015],[118.94196689780814,38.07315925388418],[118.9410336612942,38.07471255850693],[118.94094735691272,38.078396500000004]]]},"properties":{"terminal_id":87,"lat":38.07609476190475,"lon":118.94679631746033,"berth_count":2,"dwell_minutes":32129.633333333335,"center_method":"duration_weighted_berth_medoid"}},{"type":"Feature","geometry":{"type":"Polygon","coordinates":[[[121.17860809859154,30.637348011053266],[121.17611271243291,30.637999310957586],[121.17445842306783,30.63973366163339],[121.17413815033909,30.643317235689338],[121.17487348928645,30.645085368895085],[121.17649078412366,30.64634647513004],[121.17816784711522,30.646784151099254],[121.18296595417901,30.646784151099254],[121.18502108886132,30.646151517749406],[121.18626031200775,30.645085368895085],[121.18693097474181,30.643692360576008],[121.18699565095514,30.64083374885656],[121.18626031200775,30.639065537924516],[121.18382953851432,30.637514419176384],[121.17860809859154,30.637348011053266]]]},"properties":{"terminal_id":88,"lat":30.642370357798164,"lon":121.18136970642202,"berth_count":1,"dwell_minutes":67315.79999999999,"center_method":"duration_weighted_berth_medoid"}},{"type":"Feature","geometry":{"type":"Polygon","coordinates":[[[119.95740014999998,31.98532714685508],[119.95528283553212,31.985776988214944],[119.95366554069491,31.98702026742396],[119.95299487796085,31.988393545716985],[119.95299487796085,31.990846040434175],[119.95366554069491,31.992219261453275],[119.95528283553212,31.993462453348847],[119.95695989852368,31.993893911868696],[119.95937049385948,31.993839059660484],[119.96134365668576,31.993047573623738],[119.96245544752499,31.991898610711107],[119.96296417902168,31.990476243960114],[119.96289950280836,31.988393545716985],[119.96222884007429,31.98702026742396],[119.96098961692785,31.98596919183421],[119.95937049385948,31.98540034880196],[119.95740014999998,31.98532714685508]]]},"properties":{"terminal_id":89,"lat":31.989924552941176,"lon":119.95774698823529,"berth_count":1,"dwell_minutes":25244.98333333333,"center_method":"duration_weighted_berth_medoid"}},{"type":"Feature","geometry":{"type":"Polygon","coordinates":[[[121.88925055014529,39.00014566238614],[121.89040249437328,39.00169305453422],[121.89227468270688,39.002565099914726],[121.89631977473213,39.0026985912206],[121.89837490941443,39.00212714501597],[121.89961413256086,39.00116411015187],[121.90034947150825,38.99956697878487],[121.90034941424922,38.99630005842341],[121.89961218541183,38.994701005847816],[121.89799117214957,38.99356166041704],[121.89631105923746,38.99316795383255],[121.89032226656667,38.99358605429129],[121.88870564459798,38.99410943747952],[121.88724356585772,38.99536741600457],[121.88673847236191,38.99735422436868],[121.88747511762647,38.998949760047445],[121.88925055014529,39.00014566238614]]]},"properties":{"terminal_id":90,"lat":38.9992248362069,"lon":121.89584688793104,"berth_count":2,"dwell_minutes":17502.88333333333,"center_method":"duration_weighted_berth_medoid"}},{"type":"Feature","geometry":{"type":"Polygon","coordinates":[[[121.50122925,31.365992101288757],[121.49951039811863,31.366284036298307],[121.49775721447479,31.367394257281997],[121.4969310793521,31.368713945728928],[121.49675930174753,31.370499895799927],[121.49726803324421,31.371931793033784],[121.49837982408344,31.373088454785083],[121.49992541418835,31.373793802520737],[121.50198336912335,31.373940464237165],[121.50366043211491,31.373506114550466],[121.50501515317224,31.372556872049884],[121.50584128829493,31.37123723756762],[121.5060130658995,31.36945130150934],[121.50550433440281,31.368019366479952],[121.50439254356357,31.366862642336137],[121.50122925,31.365992101288757]]]},"properties":{"terminal_id":91,"lat":31.36991652173913,"lon":121.50149104347828,"berth_count":1,"dwell_minutes":27815.666666666664,"center_method":"duration_weighted_berth_medoid"}},{"type":"Feature","geometry":{"type":"Polygon","coordinates":[[[119.60423446296295,25.69391054027328],[119.60211714849507,25.694388458662722],[119.6002732462072,25.69605002335874],[119.59976451471049,25.697561226828547],[119.59982919092381,25.701988175230355],[119.60049985365788,25.70344709651621],[119.60211714849507,25.70476787721031],[119.60379421148664,25.70522626422915],[119.60702773677447,25.70516798852383],[119.60900089960074,25.704327104082676],[119.6103011492079,25.702747397527546],[119.61055674572333,25.697168338086204],[119.60988608298926,25.69570933985622],[119.60826878815207,25.694388458662722],[119.60423446296295,25.69391054027328]]]},"properties":{"terminal_id":92,"lat":25.698951680851064,"lon":119.6048180851064,"berth_count":1,"dwell_minutes":43963.666666666664,"center_method":"duration_weighted_berth_medoid"}},{"type":"Feature","geometry":{"type":"Polygon","coordinates":[[[121.03799532153855,40.8039232],[121.0387522886541,40.80581205645288],[121.04076804607777,40.80706422385243],[121.04467125147633,40.80730664247787],[121.04672638615864,40.80675005347477],[121.04796560930507,40.80581205645288],[121.04863627203913,40.80458648430543],[121.04872257642062,40.80220597753367],[121.04956806422547,40.80022666666665],[121.04881109710995,40.798196238139376],[121.04757187396349,40.79725812022473],[121.04595275089514,40.79675040893896],[121.04397284560538,40.79675040893896],[121.04235372253703,40.79725812022473],[121.03852568120338,40.799864219488995],[121.0380169497067,40.80113373833814],[121.03799532153855,40.8039232]]]},"properties":{"terminal_id":93,"lat":40.80377611111111,"lon":121.04270253703704,"berth_count":2,"dwell_minutes":23243.483333333337,"center_method":"duration_weighted_berth_medoid"}},{"type":"Feature","geometry":{"type":"Polygon","coordinates":[[[119.67991786198863,25.57699888134125],[119.67832373844301,25.57905184722527],[119.67832373844301,25.581534915184893],[119.67977248317437,25.583490554054908],[119.68192464573688,25.584356238977332],[119.68261931052614,25.585962540448804],[119.68393185026159,25.58711987276961],[119.68393066274348,25.589382982957623],[119.68460132547754,25.590843281504984],[119.68584054862397,25.59196093358386],[119.68745967169235,25.592565798175603],[119.68991838992524,25.592565798175603],[119.6915375129936,25.59196093358386],[119.69277673614003,25.590843281504984],[119.6934473988741,25.589382982957623],[119.69305816439632,25.58610934501805],[119.69538421988271,25.584766997312588],[119.6979800891028,25.581126571295094],[119.69815186670736,25.57886064099003],[119.69741652776,25.577006911833227],[119.6957992329228,25.57568471675485],[119.69368191845491,25.575206322993964],[119.68864977700828,25.576836399423563],[119.6868625679768,25.57468306982948],[119.68436718181816,25.574000265860356],[119.68140082408347,25.57491991727872],[119.67991786198863,25.57699888134125]]]},"properties":{"terminal_id":94,"lat":25.582997735909824,"lon":119.68708955233495,"berth_count":6,"dwell_minutes":254028.18333333332,"center_method":"duration_weighted_berth_medoid"}},{"type":"Feature","geometry":{"type":"Polygon","coordinates":[[[116.40002742357939,23.516987305936077],[116.40078439069492,23.51927540995748],[116.40240168553211,23.520619461100175],[116.40407874852367,23.52108592458433],[116.40772357097144,23.52092841932582],[116.41014992771504,23.51928087052398],[116.41233785188136,23.518967372384473],[116.41409103552517,23.517775131687007],[116.4150242720391,23.515965854586213],[116.41491717064787,23.513065303246844],[116.4137950241452,23.51134855316316],[116.41233785188136,23.510455730247887],[116.4084914672187,23.510319562035598],[116.40694587711377,23.511077116049623],[116.40566006843689,23.512656748073557],[116.40321516418838,23.512834095626076],[116.40166957408344,23.513591635175967],[116.40036932447629,23.515199234205625],[116.40002742357939,23.516987305936077]]]},"properties":{"terminal_id":95,"lat":23.516862166666662,"lon":116.40558596666666,"berth_count":2,"dwell_minutes":97750.08333333334,"center_method":"duration_weighted_berth_medoid"}},{"type":"Feature","geometry":{"type":"Polygon","coordinates":[[[119.63177644444444,25.748400595809898],[119.6289270185279,25.749318903314002],[119.62747827379654,25.751271792122733],[119.62730649619199,25.761414829612047],[119.62804183513937,25.763265693459886],[119.62928105828583,25.76438172964025],[119.63090018135416,25.764985719693016],[119.63305591814299,25.7650439660791],[119.63546509258322,25.764145258304495],[119.63691383731458,25.76219258119366],[119.63708561491912,25.752049610138222],[119.63657688342244,25.750539098914388],[119.63546509258322,25.749318903314002],[119.63391950247829,25.748574798266578],[119.63177644444444,25.748400595809898]]]},"properties":{"terminal_id":96,"lat":25.756375333333335,"lon":119.63228164444445,"berth_count":1,"dwell_minutes":70904.79999999999,"center_method":"duration_weighted_berth_medoid"}},{"type":"Feature","geometry":{"type":"Polygon","coordinates":[[[121.79694804024605,38.98157108333333],[121.79770500736157,38.983510841046396],[121.79932230219877,38.984650261638436],[121.80143961666666,38.985062516712034],[121.8036752966107,38.984650261638436],[121.80503001766803,38.98378604518908],[121.8059374682361,38.98233226367659],[121.80834754523713,38.98191999270402],[121.80996484007433,38.98078052816996],[121.81072180718985,38.97884069565217],[121.81019144752501,38.976465904309634],[121.8090796566858,38.97541273038416],[121.80753406658087,38.974770476851056],[121.80513411694474,38.97463693286448],[121.80345705395318,38.975032432072226],[121.80183975911599,38.97617198910846],[121.80108765172938,38.978034994043526],[121.79932230219877,38.97843384596881],[121.79796758114145,38.97929812775063],[121.79694804024605,38.98157108333333]]]},"properties":{"terminal_id":97,"lat":38.97865102,"lon":121.80572694,"berth_count":2,"dwell_minutes":9439.266666666666,"center_method":"duration_weighted_berth_medoid"}},{"type":"Feature","geometry":{"type":"Polygon","coordinates":[[[121.73702155882351,31.2740584578969],[121.73490424435565,31.2745117520114],[121.73328694951844,31.275764574233143],[121.73261628678438,31.27714839376395],[121.73261628678438,31.279428338285733],[121.73328694951844,31.280812104062353],[121.73490424435565,31.282064842597904],[121.73877269166165,31.28244434098759],[121.74074585448793,31.281646776917185],[121.74185764532716,31.280488991054412],[121.74236637682385,31.279055702270856],[121.74230170061053,31.27714839376395],[121.74163103787646,31.275764574233143],[121.74039181473003,31.274705430901903],[121.73702155882351,31.2740584578969]]]},"properties":{"terminal_id":98,"lat":31.278081133333338,"lon":121.7376649,"berth_count":1,"dwell_minutes":19128.61666666667,"center_method":"duration_weighted_berth_medoid"}},{"type":"Feature","geometry":{"type":"Polygon","coordinates":[[[122.08591297403257,40.28642265576912],[122.0846808293521,40.287926835360125],[122.08457372796086,40.28974090288271],[122.08580297585476,40.29149510134859],[122.08776187928014,40.29236759704524],[122.08771263327434,40.29471873863075],[122.08860536293678,40.296289659404046],[122.08997579693488,40.2971829599063],[122.09169636966158,40.29759332416996],[122.09496754514153,40.29754496708992],[122.0969407079678,40.29683318754458],[122.0984965540904,40.29485335231952],[122.09858285847189,40.291196146891906],[122.10043970855902,40.28969290665026],[122.10153737682386,40.28715644040433],[122.10147270061053,40.28455704337246],[122.10000898934608,40.282640552395456],[122.100249903808,40.280387455706695],[122.09925199108073,40.278549496398476],[122.09789727002341,40.27770129425911],[122.09622020703185,40.277313171715086],[122.09339510054609,40.27736251475657],[122.09142193771982,40.27807449937031],[122.09012168811263,40.27941201761185],[122.08962173290735,40.28114854067601],[122.08745244991093,40.28267260422239],[122.08591297403257,40.28642265576912]]]},"properties":{"terminal_id":99,"lat":40.287936538461544,"lon":122.09309257692308,"berth_count":10,"dwell_minutes":135537.13333333336,"center_method":"duration_weighted_berth_medoid"}},{"type":"Feature","geometry":{"type":"Polygon","coordinates":[[[118.49406409024607,39.10274053846154],[118.49440599114294,39.10407438281664],[118.49537964252144,39.10520514169264],[118.49811541519036,39.1062092055565],[118.5054101149421,39.10615901821638],[118.50972223559702,39.104223348692614],[118.51101847926759,39.10283911877632],[118.5113096090996,39.101142945652214],[118.5105254608255,39.09954361143049],[118.50902542827245,39.0985010508812],[118.50893912389095,39.09530338160277],[118.50800588737702,39.0937719970502],[118.50665116631973,39.09290911427229],[118.50497410332817,39.09251427421229],[118.49811541519036,39.09251427421229],[118.49570624075012,39.09328877876533],[118.49459444991089,39.0943401974061],[118.4940857184142,39.0956417685768],[118.49406409024607,39.10274053846154]]]},"properties":{"terminal_id":100,"lat":39.100885057142854,"lon":118.50166074285714,"berth_count":2,"dwell_minutes":71027.81666666668,"center_method":"duration_weighted_berth_medoid"}},{"type":"Feature","geometry":{"type":"Polygon","coordinates":[[[121.96791244173511,30.04587337326875],[121.96605602408346,30.04665588926302],[121.96494423324425,30.047828553209282],[121.9644138735794,30.049661299999997],[121.9647557744763,30.05121719809077],[121.9664100638414,30.052961978208508],[121.96846519852369,30.0535984582406],[121.97069842688138,30.05332124345737],[121.97306416032632,30.051853814606996],[121.97267079368301,30.053916626899785],[121.9736010829501,30.055922957389814],[121.97159436384138,30.056553202340442],[121.97035514069493,30.05762578315282],[121.96968447796088,30.059027160010693],[121.96968447796088,30.060780924626087],[121.97035514069493,30.06218225682296],[121.97197243553214,30.063450899058758],[121.97408975000002,30.063909908988467],[121.97638154418905,30.06361400455274],[121.97813472783287,30.06248867147545],[121.9790679643468,30.060780924626087],[121.9790679643468,30.059027160010693],[121.97814703255496,30.057333713366667],[121.98037854956893,30.05628455895618],[121.98135220094741,30.05502331906136],[121.98167937302802,30.05321585637027],[121.98363394020225,30.052412112073576],[121.98493418980941,30.050894601383547],[121.98527609070631,30.049406784810124],[121.98493418980941,30.04723799567474],[121.98363394020225,30.045720405705758],[121.98166077737598,30.044912568488314],[121.97910858190986,30.045005278965135],[121.97702872099482,30.046174981967848],[121.97559576966655,30.04433633138346],[121.97318659522632,30.04347249620316],[121.96995283446827,30.043912876500364],[121.96791244173511,30.04587337326875]]]},"properties":{"terminal_id":101,"lat":30.053475361445784,"lon":121.97718909638554,"berth_count":5,"dwell_minutes":40038.36666666667,"center_method":"duration_weighted_berth_medoid"}},{"type":"Feature","geometry":{"type":"Polygon","coordinates":[[[119.47571242857144,26.004435977885674],[119.4774312804528,26.004128690598098],[119.47915197912478,26.002992282694404],[119.480751905508,26.00470066935389],[119.48336775721056,26.0053809976936],[119.48329175240576,26.00577712241486],[119.48128921739128,26.005349251078766],[119.4782498019648,26.005656535172935],[119.47679262970094,26.006531601832805],[119.47581897832247,26.007841219457408],[119.47567048319827,26.01371314018507],[119.47679262970094,26.0153956433792],[119.47866481803453,26.0164040854267],[119.48172946886758,26.01655845644768],[119.48378460354992,26.015897629506735],[119.485438892915,26.014086110011277],[119.48578079381187,26.010933426419005],[119.48774697368418,26.011345824407464],[119.48987670902423,26.01103855520031],[119.49133388128807,26.01016352212481],[119.49245602779074,26.00848094395244],[119.49230753266656,26.00471720467928],[119.49100728305937,26.00314150636888],[119.48923094451648,26.00234704977581],[119.4890353711759,25.99724558009886],[119.4880617197974,25.99593584433638],[119.48618953146381,25.994927226521074],[119.481943455855,25.994927226521074],[119.4803978657501,25.995669781565386],[119.47928853372677,25.996883748147322],[119.47782974303932,25.995758321652662],[119.47615268004775,25.99530105941382],[119.47379144990263,25.995455458175822],[119.47191926156906,25.996464071456675],[119.47069001367514,25.99853112702969],[119.47094561019055,26.00194393725424],[119.47297797124638,26.003959310810984],[119.47571242857144,26.004435977885674]]]},"properties":{"terminal_id":102,"lat":26.010634875,"lon":119.4804391875,"berth_count":4,"dwell_minutes":90562.28333333333,"center_method":"duration_weighted_berth_medoid"}},{"type":"Feature","geometry":{"type":"Polygon","coordinates":[[[119.44329502357941,25.983125359999995],[119.44405199069493,25.98536849889914],[119.44566928553213,25.986686135378545],[119.4473463485237,25.987143431138787],[119.4509294620026,25.987143431138787],[119.45260652499417,25.986686135378545],[119.45422381983136,25.98536849889914],[119.45489448256542,25.98391305050821],[119.45495915877875,25.98199388099216],[119.45422381983136,25.980146440625855],[119.45260652499417,25.978828730847976],[119.4509294620026,25.978371402744205],[119.4473463485237,25.978371402744205],[119.44566928553213,25.978828730847976],[119.44431456447481,25.97982817760902],[119.44348842935212,25.98121757503664],[119.44329502357941,25.983125359999995]]]},"properties":{"terminal_id":103,"lat":25.98271222,"lon":119.4494303,"berth_count":2,"dwell_minutes":15276.55,"center_method":"duration_weighted_berth_medoid"}},{"type":"Feature","geometry":{"type":"Polygon","coordinates":[[[121.5508112985794,31.32117213333333],[121.54953440274606,31.324424833333346],[121.5495560309142,31.328631250672558],[121.55055394364146,31.33068914285067],[121.5523071272853,31.33179978407839],[121.5542515293103,31.332091825237395],[121.55548257408347,31.33346434513291],[121.55702816418838,31.33416999014175],[121.55987610309023,31.334261470627233],[121.5618492659165,31.33346434513291],[121.56296105675575,31.33230719591234],[121.56346978825243,31.330874695234986],[121.5634051120391,31.328901221966824],[121.56265013058292,31.327421046642286],[121.56429549706368,31.326353913601558],[121.56522873357758,31.324668383796105],[121.56522873357758,31.32222550151815],[121.56429549706368,31.320539897799673],[121.56212729735009,31.31930226683415],[121.55943034907942,31.319245007143998],[121.55713936801038,31.317420963230056],[121.55486262352366,31.317147353574825],[121.5531855605321,31.317581963574135],[121.55183083947479,31.318531760996247],[121.5508112985794,31.32117213333333]]]},"properties":{"terminal_id":104,"lat":31.32609219587629,"lon":121.5546762371134,"berth_count":5,"dwell_minutes":123302.46666666667,"center_method":"duration_weighted_berth_medoid"}},{"type":"Feature","geometry":{"type":"Polygon","coordinates":[[[116.40980540000002,23.49091063488305],[116.40808654811865,23.491224199795845],[116.40662937585479,23.492117153032396],[116.40565572447632,23.49345354069145],[116.40531382357942,23.49541226666667],[116.40565572447632,23.496988602548942],[116.40662937585479,23.498324940815536],[116.40808654811865,23.499217845946067],[116.40990136065574,23.499531391096056],[116.41162021253712,23.499217845946067],[116.41307738480097,23.498324940815536],[116.41405103617944,23.496988602548942],[116.41439293707634,23.4950299],[116.41405103617944,23.49345354069145],[116.41307738480097,23.492117153032396],[116.41162021253712,23.491224199795845],[116.40980540000002,23.49091063488305]]]},"properties":{"terminal_id":105,"lat":23.495338098360655,"lon":116.40990136065574,"berth_count":1,"dwell_minutes":4865.3,"center_method":"duration_weighted_berth_medoid"}},{"type":"Feature","geometry":{"type":"Polygon","coordinates":[[[121.05941984552251,40.80568830590602],[121.05468240704549,40.80583470041099],[121.0531368169406,40.80646002269304],[121.05202502610136,40.80748543210103],[121.05151629460467,40.8087548051771],[121.051580970818,40.811246151076816],[121.05225163355206,40.812471600233245],[121.05386892838926,40.81358100896045],[121.05554599138082,40.813966036266464],[121.0610425297569,40.813917086977355],[121.06301569258318,40.81321077593057],[121.06437474742292,40.81175948579646],[121.06635673236335,40.81161310436189],[121.06790232246824,40.81098783063854],[121.06920257207543,40.80966088573435],[121.06954447297232,40.80783002631322],[121.07063512620344,40.806439242180524],[121.07063512620344,40.802969054224725],[121.06951297970079,40.80155186517737],[121.06805580743693,40.80081482903782],[121.06378201365074,40.800702420247745],[121.0613512401573,40.802067090722076],[121.06059427304174,40.8042956538318],[121.05941984552251,40.80568830590602]]]},"properties":{"terminal_id":106,"lat":40.80744970852018,"lon":121.06453639013452,"berth_count":3,"dwell_minutes":80555.21666666666,"center_method":"duration_weighted_berth_medoid"}},{"type":"Feature","geometry":{"type":"Polygon","coordinates":[[[119.5340156111111,35.33161493270759],[119.53189829664323,35.33204760883558],[119.5305435755859,35.33295461855124],[119.529610339072,35.33456431879962],[119.52954566285867,35.33653042016494],[119.53005439435535,35.33789850457731],[119.53116618519456,35.339003617747984],[119.53271177529949,35.3396775297315],[119.53476906965814,35.33981765499663],[119.53644613264967,35.339402663430754],[119.53806342748688,35.33820691793097],[119.53873409022094,35.336886104138735],[119.53879876643427,35.33492001142675],[119.53829003493757,35.33355187659122],[119.53717824409834,35.332446688866966],[119.5340156111111,35.33161493270759]]]},"properties":{"terminal_id":107,"lat":35.33604169230769,"lon":119.53415576923076,"berth_count":1,"dwell_minutes":9362.116666666663,"center_method":"duration_weighted_berth_medoid"}},{"type":"Feature","geometry":{"type":"Polygon","coordinates":[[[121.56713056521741,31.281154638138275],[121.56541171333605,31.281446836333146],[121.5636585296922,31.282558058223668],[121.56272529317827,31.284244341527078],[121.5626389887968,31.286139163934433],[121.5629808896937,31.28760805664329],[121.56395454107218,31.28885330582869],[121.56541171333605,31.28968534556667],[121.56740592307693,31.28997751732628],[121.5691247749583,31.28968534556667],[121.57087795860211,31.28857420767095],[121.57181119511604,31.28688800180306],[121.5718974994975,31.28499319444445],[121.57155559860063,31.283524260998547],[121.57058194722214,31.28227894143107],[121.5691247749583,31.281446836333146],[121.56713056521741,31.281154638138275]]]},"properties":{"terminal_id":108,"lat":31.28605420689655,"lon":121.5672221551724,"berth_count":1,"dwell_minutes":63570.5,"center_method":"duration_weighted_berth_medoid"}},{"type":"Feature","geometry":{"type":"Polygon","coordinates":[[[121.49831979591836,31.56903362031365],[121.49620248145048,31.569485490959924],[121.49458518661328,31.570734378879642],[121.49391452387921,31.5721138525677],[121.49391452387921,31.574191963272494],[121.49458518661328,31.57557138580232],[121.49620248145048,31.576820192200692],[121.49787954444204,31.577253599319512],[121.50023206636897,31.577198499380593],[121.50220522919524,31.57640343877396],[121.50331702003446,31.57524928696942],[121.50376107531781,31.5721138525677],[121.50309041258377,31.570734378879642],[121.50185118943732,31.569678561639833],[121.50023206636897,31.569107152481227],[121.49831979591836,31.56903362031365]]]},"properties":{"terminal_id":109,"lat":31.57301436734694,"lon":121.49916197959185,"berth_count":1,"dwell_minutes":12641.633333333331,"center_method":"duration_weighted_berth_medoid"}},{"type":"Feature","geometry":{"type":"Polygon","coordinates":[[[121.67477192357939,31.38342],[121.67552889069492,31.385550290820333],[121.67714618553211,31.386801635923288],[121.67926349999999,31.387254387386925],[121.68250835992241,31.386801635923288],[121.68412565475961,31.385550290820333],[121.68483223132885,31.383961374698313],[121.6867445784663,31.383351698102054],[121.68821040906343,31.381970999874987],[121.68874076872828,31.380163399999994],[121.68821040906343,31.377610084327113],[121.68709861822423,31.3764534782376],[121.6855530281193,31.375748150467945],[121.68279654852368,31.37560149157314],[121.68111948553212,31.37603583157351],[121.67950219069492,31.37728730342919],[121.67879364945823,31.378887640024885],[121.67676811384135,31.379511679777618],[121.67552889069492,31.380569644533242],[121.67477192357939,31.38342]]]},"properties":{"terminal_id":110,"lat":31.38334748484848,"lon":121.67960948484848,"berth_count":2,"dwell_minutes":24650.216666666667,"center_method":"duration_weighted_berth_medoid"}},{"type":"Feature","geometry":{"type":"Polygon","coordinates":[[[117.58987774853802,38.75502079994118],[117.58738236237936,38.755611102886355],[117.5855795778901,38.75750665123349],[117.58547247649886,38.760865099027534],[117.58702832262146,38.76288916482379],[117.5894374970617,38.7636672767002],[117.59824,38.76368414094121],[117.60035731446789,38.7632705997658],[117.60171203552518,38.7624036872794],[117.60264527203911,38.760865099027534],[117.60270994825244,38.75818007325456],[117.60220121675576,38.756872295748465],[117.60108942591651,38.75581586371298],[117.59868025147631,38.755037666225554],[117.58987774853802,38.75502079994118]]]},"properties":{"terminal_id":111,"lat":38.75926526136364,"lon":117.5944500568182,"berth_count":1,"dwell_minutes":61946.41666666667,"center_method":"duration_weighted_berth_medoid"}},{"type":"Feature","geometry":{"type":"Polygon","coordinates":[[[119.63414934615388,26.7401399508429],[119.63129992023732,26.741050454707125],[119.62985117550596,26.742986747322522],[119.6296793979014,26.74700458633698],[119.63067731062867,26.749155964713925],[119.63243049427247,26.75031706292561],[119.63414934615388,26.75062237196566],[119.6411391605672,26.750603058571034],[119.64354833500741,26.749711944752946],[119.64466012584666,26.748502197871947],[119.64516885734334,26.74700458633698],[119.64510418113001,26.743368583672186],[119.64417094461608,26.741606474384028],[119.64157517218113,26.740217025495937],[119.63414934615388,26.7401399508429]]]},"properties":{"terminal_id":112,"lat":26.745738142857142,"lon":119.63645538095238,"berth_count":1,"dwell_minutes":39025.36666666666,"center_method":"duration_weighted_berth_medoid"}},{"type":"Feature","geometry":{"type":"Polygon","coordinates":[[[121.44269833333334,31.5927769545112],[121.44097948145196,31.59306818284124],[121.4395223091881,31.59389752597008],[121.43854865780963,31.59513871188208],[121.43820675691273,31.59661965217391],[121.43854865780963,31.59808368624556],[121.4395223091881,31.599324816377486],[121.44097948145196,31.6001541038009],[121.4427158695652,31.60044530906648],[121.44443472144657,31.6001541038009],[121.44589189371044,31.599324816377486],[121.44686554508891,31.59808368624556],[121.4472074459858,31.596602769230767],[121.44686554508891,31.59513871188208],[121.44589189371044,31.59389752597008],[121.44443472144657,31.59306818284124],[121.44269833333334,31.5927769545112]]]},"properties":{"terminal_id":113,"lat":31.596602769230767,"lon":121.44269833333333,"berth_count":1,"dwell_minutes":2910.7,"center_method":"duration_weighted_berth_medoid"}},{"type":"Feature","geometry":{"type":"Polygon","coordinates":[[[121.71381650000001,31.34297071220854],[121.71169918553213,31.3434236748458],[121.71008189069492,31.344675580902503],[121.70941122796086,31.346058388434184],[121.70934655174756,31.34839831751078],[121.71008189069492,31.350153426603477],[121.71132111384138,31.35121172185796],[121.71294023690973,31.351784462155976],[121.71492545147628,31.351839694910293],[121.71660251446784,31.3514052430929],[121.71821980930503,31.350153426603477],[121.71889047203909,31.348770679273734],[121.71895514825242,31.346430759460507],[121.71844641675574,31.34499847379252],[121.7173346259165,31.34384146641163],[121.7157890358116,31.343135893930818],[121.71381650000001,31.34297071220854]]]},"properties":{"terminal_id":114,"lat":31.3470978,"lon":121.71448519999998,"berth_count":1,"dwell_minutes":227.36666666666667,"center_method":"duration_weighted_berth_medoid"}},{"type":"Feature","geometry":{"type":"Polygon","coordinates":[[[120.95669974076631,40.70143970320009],[120.95552736796084,40.70313559833759],[120.95546269174751,40.70719756786342],[120.9561980306949,40.70875544944558],[120.95821378811861,40.71000944634655],[120.95993263999999,40.710268613698354],[120.96757812152589,40.710122008585515],[120.96945030985951,40.7092713946447],[120.97263905710264,40.706380171345984],[120.97278598354646,40.70277545400224],[120.9719534201013,40.70160027323872],[120.97018828280244,40.7006156696396],[120.96588865571402,40.70037524432077],[120.96399709032993,40.69890090957204],[120.96070389138085,40.69851521527627],[120.95796811871193,40.69949619821268],[120.95669974076631,40.70143970320009]]]},"properties":{"terminal_id":115,"lat":40.70555452941176,"lon":120.96275491176468,"berth_count":3,"dwell_minutes":91334.38333333332,"center_method":"duration_weighted_berth_medoid"}},{"type":"Feature","geometry":{"type":"Polygon","coordinates":[[[122.19574548799999,30.11781888096879],[122.1987713495577,30.116798654407656],[122.20189458480965,30.116970022197854],[122.21058499628606,30.11597670916156],[122.21193971734336,30.115014992571],[122.21276585246605,30.113678017225787],[122.21293763007063,30.111802230214018],[122.21242889857393,30.11035147941276],[122.21131710773473,30.109179556381047],[122.20977151762979,30.10846488820955],[122.20570124242425,30.108297577120794],[122.19927252262401,30.109069383389645],[122.19693471182417,30.11016908219042],[122.19517239315178,30.110045318677123],[122.19349533016022,30.110485402736142],[122.19146296910439,30.112425163015747],[122.19131447398019,30.11506146148568],[122.19311725846947,30.117164105718125],[122.19574548799999,30.11781888096879]]]},"properties":{"terminal_id":116,"lat":30.112670303030303,"lon":122.20373015151516,"berth_count":4,"dwell_minutes":39077.86666666667,"center_method":"duration_weighted_berth_medoid"}},{"type":"Feature","geometry":{"type":"Polygon","coordinates":[[[119.63207267647059,26.465424195478757],[119.6299553620027,26.46589897430746],[119.6281114597148,26.46754962337209],[119.62758110004998,26.469445000000004],[119.62792300094686,26.471950784709584],[119.62889665232535,26.47325516898897],[119.63076884065894,26.47425964567772],[119.6361355495558,26.47412672245842],[119.63759272181967,26.47325516898897],[119.63871486832231,26.47157928135818],[119.63856637319813,26.46790632131854],[119.63759272181967,26.4666018764045],[119.6361355495558,26.465730265938305],[119.63207267647059,26.465424195478757]]]},"properties":{"terminal_id":117,"lat":26.46999803030303,"lon":119.63324854545456,"berth_count":1,"dwell_minutes":33181.46666666667,"center_method":"duration_weighted_berth_medoid"}},{"type":"Feature","geometry":{"type":"Polygon","coordinates":[[[120.33105712946175,31.985832323529415],[120.33294456638802,31.99035036879556],[120.33179572447628,31.991720910918858],[120.33145382357938,31.993178699999994],[120.33154012796085,31.99723487199872],[120.33247336447478,31.998908244168927],[120.3338280855321,31.99985110265207],[120.33550514852367,32.0002825311149],[120.34130231814295,32.0002825311149],[120.34371149258318,31.999436251828683],[120.34516023731453,31.997597484448523],[120.34535364308724,31.994249100479635],[120.34632589774596,31.99301456946764],[120.34666779864286,31.991556777777788],[120.34647439287012,31.989630916165723],[120.34501157642059,31.9877831005283],[120.34492527203913,31.98554649487378],[120.34399203552519,31.983872878915296],[120.34223885188139,31.982770004185234],[120.33950171407874,31.982480000850916],[120.33765816914497,31.9815502004143],[120.33467244279208,31.98145935496741],[120.33305331972375,31.982028222433858],[120.33181409657728,31.983079343172744],[120.33105712946175,31.985832323529415]]]},"properties":{"terminal_id":118,"lat":31.99538983908046,"lon":120.33937142528735,"berth_count":4,"dwell_minutes":43548.566666666666,"center_method":"duration_weighted_berth_medoid"}},{"type":"Feature","geometry":{"type":"Polygon","coordinates":[[[120.34318332982936,32.00179096491228],[120.34352523072626,32.00324859391848],[120.34482548033344,32.004735313237006],[120.34956045119546,32.006525283700455],[120.35147176309025,32.006525283700455],[120.35309088615861,32.00595656816057],[120.35433010930504,32.00490570958356],[120.3550007720391,32.00353267853423],[120.3550007720391,32.00197715579006],[120.35433010930504,32.00060408088191],[120.35229907176428,31.998221253580148],[120.3499993107093,31.997178766096035],[120.34679864315972,31.997178766096035],[120.34482548033344,31.99797021647964],[120.34352523072626,31.999457021389105],[120.34318332982936,32.00179096491228]]]},"properties":{"terminal_id":119,"lat":32.00162034,"lon":120.34874138,"berth_count":2,"dwell_minutes":8837.066666666668,"center_method":"duration_weighted_berth_medoid"}},{"type":"Feature","geometry":{"type":"Polygon","coordinates":[[[110.01028875,19.947273150219615],[110.00779336384137,19.947984702980193],[110.00613907447631,19.949879509094586],[110.0059905793521,19.958244254313726],[110.00711272585477,19.960003992248293],[110.00898491418837,19.961058729167387],[110.01442178025607,19.961058729167387],[110.01629396858968,19.960003992248293],[110.01741611509233,19.958244254313726],[110.01741611509233,19.950269620169426],[110.01629396858968,19.94850977368353],[110.01483679632581,19.947594539118374],[110.01028875,19.947273150219615]]]},"properties":{"terminal_id":120,"lat":19.955179553333338,"lon":110.01127069333332,"berth_count":1,"dwell_minutes":45863.916666666664,"center_method":"duration_weighted_berth_medoid"}},{"type":"Feature","geometry":{"type":"Polygon","coordinates":[[[108.61821195691273,19.102525948529408],[108.61855385780962,19.104150142974394],[108.61985410741678,19.105806762098453],[108.62339418957536,19.10808923985692],[108.62637075098345,19.10834186108456],[108.62827027093883,19.107380308874895],[108.62947720557624,19.1056934278309],[108.62984150139506,19.10015852642312],[108.62888078646013,19.09835605661414],[108.62714768482806,19.097176642317752],[108.62182727024306,19.096948968585757],[108.62020814717471,19.097582721078307],[108.61896892402827,19.09875373660572],[108.61829826129421,19.10028372963792],[108.61821195691273,19.102525948529408]]]},"properties":{"terminal_id":121,"lat":19.104095846153847,"lon":108.62518396923078,"berth_count":2,"dwell_minutes":23740.066666666666,"center_method":"duration_weighted_berth_medoid"}},{"type":"Feature","geometry":{"type":"Polygon","coordinates":[[[121.92571720689656,29.910324479955708],[121.92359989242868,29.91078419831661],[121.92175599014078,29.91238248535781],[121.9212472586441,29.913836134498577],[121.92131193485743,29.918143602856805],[121.9219825975915,29.919546949835674],[121.92359989242868,29.920817416150648],[121.92527695542024,29.92125834068588],[121.92803501309028,29.92120228503695],[121.93000817591656,29.920393434256344],[121.93130842552372,29.91887390461962],[121.93156402203913,29.91345820922802],[121.93089335930509,29.912054776436666],[121.92965413615863,29.910980622120242],[121.92803501309028,29.91039928916176],[121.92571720689656,29.910324479955708]]]},"properties":{"terminal_id":122,"lat":29.916471951219513,"lon":121.92617792682928,"berth_count":1,"dwell_minutes":131530.03333333333,"center_method":"duration_weighted_berth_medoid"}},{"type":"Feature","geometry":{"type":"Polygon","coordinates":[[[124.1572294079544,39.83936415],[124.15813932447628,39.843169423903454],[124.1601716855321,39.84489109234662],[124.16184874852367,39.84528168600129],[124.16428928581162,39.84514979891275],[124.16583487591652,39.844515506891426],[124.16694666675575,39.84347536320056],[124.16745539825244,39.84218770619565],[124.16728362064788,39.83965312883175],[124.1655288624696,39.83723554176078],[124.16391156763243,39.83610996905902],[124.161720984375,39.83570271529885],[124.15922559821638,39.836283976156444],[124.15775976761924,39.83752585006018],[124.1572294079544,39.83936415]]]},"properties":{"terminal_id":123,"lat":39.840924384615384,"lon":124.1625256153846,"berth_count":2,"dwell_minutes":15285.766666666666,"center_method":"duration_weighted_berth_medoid"}},{"type":"Feature","geometry":{"type":"Polygon","coordinates":[[[111.06434715013225,21.479234555375587],[111.0618006352981,21.47955271102256],[111.0597848778744,21.481092099046162],[111.05904953892701,21.48300446835814],[111.05911421514034,21.486345138602246],[111.06004745165427,21.488181164674735],[111.0618006352981,21.489391032997574],[111.06686331814298,21.48968904179504],[111.06959909081189,21.488485061771783],[111.07090379726893,21.485735199385832],[111.07261746630134,21.483790920082154],[111.07437492880445,21.483472773696654],[111.07612811244826,21.4822628561809],[111.07706134896219,21.48042675546115],[111.07712602517553,21.477975206588134],[111.07639068622814,21.476062771221095],[111.0751514630817,21.474909582022402],[111.07353234001334,21.47428547671725],[111.07101363087664,21.474225290187373],[111.0686044564364,21.47515392719338],[111.06701449250488,21.477783503963536],[111.06434715013225,21.479234555375587]]]},"properties":{"terminal_id":124,"lat":21.484759133333338,"lon":111.064585,"berth_count":3,"dwell_minutes":31662.483333333337,"center_method":"duration_weighted_berth_medoid"}},{"type":"Feature","geometry":{"type":"Polygon","coordinates":[[[111.80396507357939,21.71409653333334],[111.80464274214368,21.71667533507375],[111.80471210296088,21.72036917664725],[111.80594135085477,21.722505641246915],[111.80739852311862,21.723410148132864],[111.809117375,21.723727767363254],[111.81136614831162,21.723548097278226],[111.81323833664523,21.722505641246915],[111.8142119880237,21.721151940401025],[111.81455388892059,21.719555124999996],[111.81446758453912,21.716181679261396],[111.81361387209238,21.71444816086222],[111.81517062584666,21.71289499192864],[111.81570098551151,21.7107234189254],[111.81800702414522,21.7095805000804],[111.8192362720391,21.707443843530744],[111.8192362720391,21.703408857001683],[111.81800702414522,21.701272108835926],[111.8152712514763,21.700069887405796],[111.81288777977367,21.700069887405796],[111.8111277333242,21.700588778762743],[111.8098663861586,21.699403080281485],[111.80781125147631,21.698719848460744],[111.80574191418837,21.6988794539588],[111.80386972585477,21.699922081163756],[111.80264047796086,21.70205884936665],[111.80274757935211,21.704683902003254],[111.80419632408345,21.70669836733808],[111.80629966977888,21.707583366175214],[111.80560429857941,21.710827060885517],[111.80430697447629,21.71245340576721],[111.80396507357939,21.71409653333334]]]},"properties":{"terminal_id":125,"lat":21.710354962962963,"lon":111.81064431481482,"berth_count":6,"dwell_minutes":49151.933333333334,"center_method":"duration_weighted_berth_medoid"}},{"type":"Feature","geometry":{"type":"Polygon","coordinates":[[[117.97419564580161,24.402426000000002],[117.97472600546644,24.404354151934598],[117.97619183606359,24.405826936552106],[117.97781095913194,24.406437668489684],[117.97982226070356,24.406516260448896],[117.98247007036277,24.4076219498199],[117.9853365788797,24.407563053790216],[117.98695570194808,24.40695232729585],[117.9881949250945,24.405823844107847],[117.9889302640419,24.403952338968583],[117.98875848643733,24.40184227311465],[117.98763633993467,24.4001373151504],[117.98158436912338,24.397675536747666],[117.9782469707459,24.397675536747666],[117.97619183606359,24.398345208460455],[117.97453754669851,24.400180936520368],[117.97419564580161,24.402426000000002]]]},"properties":{"terminal_id":126,"lat":24.40304885945946,"lon":117.98305243243244,"berth_count":2,"dwell_minutes":55108.26666666666,"center_method":"duration_weighted_berth_medoid"}},{"type":"Feature","geometry":{"type":"Polygon","coordinates":[[[109.59910063636362,21.5810662685779],[109.59698332189573,21.581559448174513],[109.59513941960786,21.583274073392694],[109.59463068811117,21.584833538889058],[109.59463068811117,21.588276005566897],[109.59536602705856,21.59018696362571],[109.596605250205,21.591339237697145],[109.59822437327335,21.591962840106284],[109.60057625147633,21.59202297785534],[109.60263138615862,21.591339237697145],[109.60409721675576,21.589835417199147],[109.60460594825246,21.588276005566897],[109.60460594825246,21.584833538889058],[109.60387060930506,21.582922510183927],[109.60263138615862,21.58177016913804],[109.60101226309027,21.581146522834636],[109.59910063636362,21.5810662685779]]]},"properties":{"terminal_id":127,"lat":21.586733272727272,"lon":109.59931213636364,"berth_count":1,"dwell_minutes":2140.5499999999997,"center_method":"duration_weighted_berth_medoid"}},{"type":"Feature","geometry":{"type":"Polygon","coordinates":[[[119.71238623529413,26.78390965757314],[119.71026892082625,26.784383115236498],[119.70842501853835,26.786029170876393],[119.70791628704167,26.78752626797788],[119.707980963255,26.791855309969186],[119.70865162598905,26.79330061081304],[119.71026892082625,26.794609060140314],[119.71194598381781,26.795063167330696],[119.71507298309025,26.795005435732783],[119.71704614591656,26.79417240232039],[119.71834639552371,26.792607444278488],[119.71860199203913,26.78713704673771],[119.71793132930506,26.785691667389656],[119.71631403446789,26.784383115236498],[119.71238623529413,26.78390965757314]]]},"properties":{"terminal_id":128,"lat":26.788852736842102,"lon":119.71358415789472,"berth_count":1,"dwell_minutes":16928.6,"center_method":"duration_weighted_berth_medoid"}},{"type":"Feature","geometry":{"type":"Polygon","coordinates":[[[118.9552113878651,25.208616680000002],[118.95574174752993,25.21053233273413],[118.95720757812707,25.21199556945024],[118.95882670119543,25.212602341924818],[118.96190591708493,25.212636830603238],[118.96322803066487,25.213610151299626],[118.96490509365643,25.214070412983503],[118.96774921045869,25.214011898946318],[118.96936833352703,25.21340513350019],[118.97060755667349,25.212283969186633],[118.97134289562086,25.210424601171407],[118.97102262289212,25.207779108790287],[118.96936833352703,25.20595529982329],[118.96731319884474,25.205289975979],[118.96430667647984,25.205385301381977],[118.9617268914763,25.204342489032992],[118.95882670119543,25.20440100771912],[118.95720757812707,25.20500781805579],[118.95574174752993,25.20647112118894],[118.9552113878651,25.208616680000002]]]},"properties":{"terminal_id":129,"lat":25.2099438989899,"lon":118.96574332323232,"berth_count":2,"dwell_minutes":15902.966666666667,"center_method":"duration_weighted_berth_medoid"}},{"type":"Feature","geometry":{"type":"Polygon","coordinates":[[[119.57572512499998,25.680084885672315],[119.57322973884136,25.680767083451943],[119.57157544947628,25.68258371562915],[119.57125517674754,25.685742021374526],[119.57199051569494,25.687594063338953],[119.5736078105321,25.688915019889947],[119.57528487352367,25.689373467943238],[119.58037470602176,25.689373467943238],[119.58242984070407,25.688710809939707],[119.5836690638505,25.687594063338953],[119.58433972658456,25.686134947813102],[119.58440440279789,25.683735995993345],[119.5836690638505,25.681883894049975],[119.58123829035706,25.68025918818453],[119.57572512499998,25.680084885672315]]]},"properties":{"terminal_id":130,"lat":25.68496724,"lon":119.57848665333334,"berth_count":1,"dwell_minutes":37486.83333333333,"center_method":"duration_weighted_berth_medoid"}},{"type":"Feature","geometry":{"type":"Polygon","coordinates":[[[109.56181230994301,21.61497161363636],[109.5621542108399,21.61656958747359],[109.56345446044708,21.618199460503575],[109.56542762327335,21.619067050098526],[109.56728405475693,21.619067050098526],[109.57089498283374,21.61808091685666],[109.57235215509759,21.617175749019847],[109.57347430160026,21.615435228535862],[109.57358140299148,21.61270474502525],[109.57291074025743,21.611199446837105],[109.57129344542024,21.60983665109694],[109.5676500958841,21.609423806417386],[109.56312786221838,21.61197924287111],[109.5621542108399,21.613333968849766],[109.56181230994301,21.61497161363636]]]},"properties":{"terminal_id":131,"lat":21.61377292307692,"lon":109.56905903846152,"berth_count":2,"dwell_minutes":13931.183333333334,"center_method":"duration_weighted_berth_medoid"}},{"type":"Feature","geometry":{"type":"Polygon","coordinates":[[[122.19368373333333,29.710386559091503],[122.19156641886545,29.710847197511058],[122.18994912402826,29.71212031857341],[122.1892784612942,29.713526560317778],[122.1892784612942,29.715553056016866],[122.18994912402826,29.716959249677807],[122.19156641886545,29.71823229323225],[122.19543768414292,29.718617942874666],[122.19705680721127,29.718035490403505],[122.19829603035772,29.716959249677807],[122.19896669309176,29.715553056016866],[122.19896669309176,29.713526560317778],[122.19829603035772,29.71212031857341],[122.19705680721127,29.711044014431973],[122.19368373333333,29.710386559091503]]]},"properties":{"terminal_id":132,"lat":29.714559281690143,"lon":122.1940791971831,"berth_count":1,"dwell_minutes":12162.183333333332,"center_method":"duration_weighted_berth_medoid"}},{"type":"Feature","geometry":{"type":"Polygon","coordinates":[[[118.4816667142857,38.933746037906175],[118.47917132812708,38.934334859861146],[118.47751703876199,38.935902833098666],[118.47717513786509,38.93723982857143],[118.47751703876199,38.941202608256376],[118.47849069014049,38.94233597520324],[118.48036287847408,38.9432087517406],[118.48689738129312,38.94309325668907],[118.48835455355699,38.94233597520324],[118.48947670005963,38.94087981160587],[118.48932820493545,38.935902833098666],[118.48835455355699,38.93476936332392],[118.48689738129312,38.93401199293729],[118.4816667142857,38.933746037906175]]]},"properties":{"terminal_id":133,"lat":38.93745960606061,"lon":118.48196527272728,"berth_count":1,"dwell_minutes":44698.98333333333,"center_method":"duration_weighted_berth_medoid"}},{"type":"Feature","geometry":{"type":"Polygon","coordinates":[[[120.80002668548413,32.01501638297872],[120.80055704514898,32.0168116557734],[120.80202287574612,32.01818293779077],[120.80407801042841,32.01880641476983],[120.80630950247829,32.01866076886995],[120.80785509258318,32.01796030649471],[120.81040234263838,32.01563184365776],[120.81113768158578,32.01388927122387],[120.81096590398121,32.012282665138656],[120.81013976885852,32.01097209663214],[120.8087850478012,32.01002935252],[120.80710798480963,32.00959796992409],[120.80526571085504,32.00974363022812],[120.80104622637955,32.01216085454577],[120.80022009125685,32.01347140605343],[120.80002668548413,32.01501638297872]]]},"properties":{"terminal_id":134,"lat":32.01347937313433,"lon":120.8066368955224,"berth_count":2,"dwell_minutes":61947.86666666666,"center_method":"duration_weighted_berth_medoid"}},{"type":"Feature","geometry":{"type":"Polygon","coordinates":[[[121.27354120088495,31.592673180400347],[121.2720346144748,31.593751228305138],[121.27120847935211,31.595067728041528],[121.27103670174755,31.597565474596603],[121.27154543324423,31.598993900700847],[121.27265722408347,31.600147758430683],[121.27420281418837,31.600851396191462],[121.27690318993784,31.600997702351506],[121.27858025292942,31.60056440566742],[121.2801975477666,31.599315917464814],[121.28095451488213,31.59706858738766],[121.28242998546268,31.595204913708972],[121.28260176306725,31.593444435105496],[121.28209303157057,31.59201592389814],[121.28024912928268,31.590445274795673],[121.27738413982803,31.590011929022655],[121.2749749653878,31.590861965432776],[121.27354120088495,31.592673180400347]]]},"properties":{"terminal_id":135,"lat":31.596225955882353,"lon":121.27641827941176,"berth_count":3,"dwell_minutes":53228.21666666666,"center_method":"duration_weighted_berth_medoid"}},{"type":"Feature","geometry":{"type":"Polygon","coordinates":[[[119.01188659574468,25.136614904668363],[119.00976928127682,25.137095037018582],[119.00815198643961,25.138422037407874],[119.00748132370555,25.139887795029818],[119.00741664749222,25.142209051601796],[119.0079253789889,25.14372721358295],[119.00903716982815,25.144953561606087],[119.01058275993304,25.14570140632016],[119.01269700147631,25.1458569044883],[119.01437406446787,25.145396385115884],[119.01599135930508,25.144069460532663],[119.01666202203911,25.1426037531156],[119.01672669825244,25.14028250404835],[119.01621796675576,25.13876429923021],[119.01510617591654,25.13753788903359],[119.01356058581162,25.136789994311005],[119.01188659574468,25.136614904668363]]]},"properties":{"terminal_id":136,"lat":25.140712145454547,"lon":119.01220936363636,"berth_count":1,"dwell_minutes":4252.85,"center_method":"duration_weighted_berth_medoid"}},{"type":"Feature","geometry":{"type":"Polygon","coordinates":[[[113.58026216515243,22.80778224],[113.58101913226795,22.81008249376575],[113.5834499057614,22.81174428125958],[113.5869776858116,22.81174428125958],[113.58914588552518,22.81040884543409],[113.59014379825244,22.808188067832862],[113.59003037616284,22.804356508475674],[113.59142544263837,22.803128037832792],[113.59216078158576,22.801233515211358],[113.5919890039812,22.79874412174881],[113.59054025924985,22.796745305256717],[113.58899466914492,22.795983701417075],[113.58662314852367,22.795825341215416],[113.58494608553211,22.796294335592332],[113.5835913644748,22.797319278608935],[113.58265812796087,22.799138288347073],[113.58266958148663,22.801677605736877],[113.58128170604783,22.802716963589564],[113.58045557092514,22.804141750303433],[113.58026216515243,22.80778224]]]},"properties":{"terminal_id":137,"lat":22.807359271739127,"lon":113.58492432608696,"berth_count":2,"dwell_minutes":41527.23333333334,"center_method":"duration_weighted_berth_medoid"}},{"type":"Feature","geometry":{"type":"Polygon","coordinates":[[[120.36628577262316,32.018633226198254],[120.37088286384137,32.02145727498765],[120.3729379985237,32.022080729685385],[120.37609466522838,32.02145727498765],[120.37789744971765,32.01939632151725],[120.3780692273222,32.017804392761256],[120.37733388837484,32.01606186164099],[120.3727712949606,32.01244855868899],[120.37243513006915,32.0110900813538],[120.37146147869068,32.00985447034675],[120.36958929035708,32.00890293349164],[120.36357514418837,32.00890293349164],[120.36170295585478,32.00985447034675],[120.36058080935211,32.011441991691086],[120.36040903174754,32.01519814177435],[120.36114437069493,32.01694068931928],[120.36316012811862,32.01834333627204],[120.36628577262316,32.018633226198254]]]},"properties":{"terminal_id":138,"lat":32.0134591754386,"lon":120.36622945614036,"berth_count":4,"dwell_minutes":50235.55,"center_method":"duration_weighted_berth_medoid"}},{"type":"Feature","geometry":{"type":"Polygon","coordinates":[[[109.54639442357939,21.479598956043958],[109.54715139069492,21.481921014145136],[109.54936881672539,21.483527521983717],[109.5490345696047,21.48846225076798],[109.55032849371192,21.491007841314527],[109.55178566597579,21.491913796835043],[109.55350451785715,21.492231924769804],[109.55625823581163,21.492051966921235],[109.55813042414523,21.491007841314527],[109.55942434825245,21.48846225076798],[109.5592525706479,21.48394119692519],[109.55780382591654,21.481923629196277],[109.5551485933998,21.480983786950464],[109.55532165979423,21.478749694695498],[109.55409241190033,21.47660962842088],[109.55179265084536,21.475465726267558],[109.54916714811861,21.475703577652407],[109.54715139069492,21.47724300636801],[109.54639442357939,21.479598956043958]]]},"properties":{"terminal_id":139,"lat":21.48632406451613,"lon":109.55414696774191,"berth_count":2,"dwell_minutes":20854.85,"center_method":"duration_weighted_berth_medoid"}},{"type":"Feature","geometry":{"type":"Polygon","coordinates":[[[110.41190155085212,21.298097333333335],[110.41287858802797,21.300698734237905],[110.41251630297222,21.301879232467275],[110.41093380485268,21.302657536762737],[110.40982201401344,21.303919690240196],[110.40937795873009,21.307485967307755],[110.41004862146414,21.308994405464716],[110.41128784461058,21.310148903582597],[110.41290696767896,21.310773709677175],[110.41499066309024,21.310773709677175],[110.41758643552517,21.30932424063827],[110.41860597642058,21.306635235900345],[110.42028760192302,21.305653309783445],[110.42140974842567,21.303909065093304],[110.42151684981691,21.301609249018533],[110.42060315851018,21.299795432666578],[110.42097249370698,21.294939455069528],[110.4202371547596,21.293024625714736],[110.41899793161316,21.291869993051854],[110.4173788085448,21.291245106575722],[110.41551686418245,21.291245106575722],[110.41389774111408,21.291869993051854],[110.41209495662483,21.294134831214222],[110.41190155085212,21.298097333333335]]]},"properties":{"terminal_id":140,"lat":21.297669113207547,"lon":110.4164573018868,"berth_count":3,"dwell_minutes":20494.56666666667,"center_method":"duration_weighted_berth_medoid"}},{"type":"Feature","geometry":{"type":"Polygon","coordinates":[[[121.09418230236729,28.154980692307696],[121.09452420326419,28.156496149419635],[121.09550842357937,28.157789320570913],[121.09570182935207,28.16231408618038],[121.09682397585475,28.1639646210453],[121.0982811481186,28.16482298912735],[121.09999999999998,28.165124406280675],[121.10307150247829,28.164953901370286],[121.10494369081188,28.1639646210453],[121.10623761491911,28.16155273536442],[121.10623761491911,28.156018738283738],[121.10550227597172,28.15420678071732],[121.10397969886957,28.152964433193137],[121.1036377979727,28.151307137947825],[121.10266414659421,28.150022334560237],[121.0999283739253,28.148881455786206],[121.09779761569762,28.148938482386132],[121.09617849262926,28.149529820339737],[121.09437570813999,28.151673058954874],[121.09418230236729,28.154980692307696]]]},"properties":{"terminal_id":141,"lat":28.158724547008543,"lon":121.10084022222225,"berth_count":2,"dwell_minutes":151082.43333333335,"center_method":"duration_weighted_berth_medoid"}},{"type":"Feature","geometry":{"type":"Polygon","coordinates":[[[120.48674167357942,32.076072347826084],[120.48726040110107,32.07784786062198],[120.48906796726283,32.07940675532852],[120.49071900813726,32.07985315267285],[120.49520222401065,32.07993820700346],[120.49694529719308,32.079668098755675],[120.49842943103948,32.07884778924507],[120.49942363455683,32.07760493925133],[120.49977316964095,32.07587377777778],[120.4992581379252,32.074104176986864],[120.49746215488506,32.0725463981135],[120.49581947735138,32.072095171050044],[120.49133800705975,32.07198878521757],[120.48958725118317,32.07225252920855],[120.48809448157891,32.073071314536065],[120.48709366807836,32.07431679606116],[120.48674167357942,32.076072347826084]]]},"properties":{"terminal_id":142,"lat":32.07607926666667,"lon":120.49510946666668,"berth_count":2,"dwell_minutes":88860.56666666667,"center_method":"duration_weighted_berth_medoid"}},{"type":"Feature","geometry":{"type":"Polygon","coordinates":[[[120.21566569024607,37.6741646],[120.2164226573616,37.676139669856134],[120.2180399521988,37.67729983364469],[120.22015726666667,37.67771959396893],[120.22282391248744,37.67744899215549],[120.22457709613126,37.67641988405236],[120.22679144971727,37.673740879015035],[120.22713335061414,37.67238038888889],[120.22679144971727,37.67021066364292],[120.22581779833877,37.66905724254617],[120.22436062607493,37.66828654121807],[120.22264177419353,37.66801590500292],[120.2202873147853,37.66828654121807],[120.21883014252143,37.66905724254617],[120.2164226573616,37.671357355421996],[120.21575199462755,37.672638927447984],[120.21566569024607,37.6741646]]]},"properties":{"terminal_id":143,"lat":37.6738018,"lon":120.22067442,"berth_count":2,"dwell_minutes":7676.916666666668,"center_method":"duration_weighted_berth_medoid"}},{"type":"Feature","geometry":{"type":"Polygon","coordinates":[[[120.30513291565764,37.657459463760006],[120.3027543592441,37.65641746244779],[120.30013811533173,37.65661981498564],[120.29789575045734,37.658228789976235],[120.29738701896066,37.66028081596046],[120.29838493168792,37.66218800783517],[120.3004382940782,37.66330233730492],[120.30095228324424,37.66471463265217],[120.30281066447478,37.66716434313091],[120.30416538553209,37.66804440248294],[120.30584244852365,37.66844709517162],[120.30819709507087,37.6683111227351],[120.31167509258317,37.667036539303474],[120.31323093870577,37.66498176170871],[120.312807821441,37.662577417815065],[120.31543848914495,37.66247266591672],[120.31902729843932,37.66087389437297],[120.32026652158575,37.65989286810503],[120.32100186053314,37.6582659000111],[120.32093718431982,37.65670894524796],[120.32026652158575,37.65542709815467],[120.31864922674856,37.65426659242798],[120.316972163757,37.65386382280975],[120.31388627089797,37.65426659242798],[120.31066461196225,37.65585059274495],[120.30949660210597,37.657017213672646],[120.30722222220788,37.656857246181474],[120.30513291565764,37.657459463760006]]]},"properties":{"terminal_id":144,"lat":37.66052137719298,"lon":120.30788920175438,"berth_count":7,"dwell_minutes":39007.11666666667,"center_method":"duration_weighted_berth_medoid"}},{"type":"Feature","geometry":{"type":"Polygon","coordinates":[[[120.83630822779132,31.836845786817758],[120.83516960142607,31.83801359594811],[120.83466086992938,31.839438321890164],[120.83472554614268,31.84182175899324],[120.83539620887674,31.843197206459646],[120.8366354320232,31.844249914520642],[120.83825455509155,31.844819631007958],[120.84087808276239,31.844819631007958],[120.84249720583075,31.844249914520642],[120.8439630364279,31.842876035828453],[120.84448412199123,31.84123773375094],[120.8466674302407,31.837769226039526],[120.8470093311376,31.835488062419284],[120.84884488128806,31.834545857195224],[120.84996702779073,31.832955279428596],[120.8501388053953,31.82935966745848],[120.84914089266803,31.827312755814408],[120.84778617161074,31.82636812745837],[120.84610910861917,31.825935882683286],[120.84342280833829,31.82599083507486],[120.84144964551201,31.826783759400413],[120.84000090078065,31.82862594381097],[120.83980749500796,31.831766738704992],[120.83791122768865,31.83335434706765],[120.83630822779132,31.836845786817758]]]},"properties":{"terminal_id":145,"lat":31.837753104166666,"lon":120.84104685416666,"berth_count":4,"dwell_minutes":118475.18333333332,"center_method":"duration_weighted_berth_medoid"}},{"type":"Feature","geometry":{"type":"Polygon","coordinates":[[[108.33551579310343,21.562349290014495],[108.33379694122206,21.56266726371925],[108.3323397689582,21.563572772398803],[108.33136611757972,21.56492795134105],[108.33102421668283,21.566904045977008],[108.33136611757972,21.568502550456845],[108.3323397689582,21.56985768331293],[108.33379694122206,21.57076314707755],[108.33556223880596,21.57108110232665],[108.33728109068734,21.57076314707755],[108.3387382629512,21.56985768331293],[108.33971191432967,21.568502550456845],[108.34005381522657,21.56652647761194],[108.33971191432967,21.56492795134105],[108.3387382629512,21.563572772398803],[108.33728109068734,21.56266726371925],[108.33551579310343,21.562349290014495]]]},"properties":{"terminal_id":146,"lat":21.56690404597701,"lon":108.33551579310344,"berth_count":1,"dwell_minutes":4481.633333333333,"center_method":"duration_weighted_berth_medoid"}},{"type":"Feature","geometry":{"type":"Polygon","coordinates":[[[109.19372386640163,19.72663018433292],[109.19186091418838,19.726812239745573],[109.19031532408347,19.727589889331146],[109.18920353324425,19.72886509416397],[109.18869480174756,19.73044370676468],[109.18886657935211,19.732447778622205],[109.18969271447482,19.733902604262457],[109.19104743553214,19.734949097216514],[109.1927244985237,19.735427947523405],[109.19574451854804,19.73512648671297],[109.19776197276475,19.733566691911438],[109.20232591571116,19.733246998964123],[109.20407909935498,19.732023102112105],[109.20496960375134,19.730326369573323],[109.20802654133138,19.730320746217927],[109.20970360432294,19.72984188060043],[109.21173596537876,19.727731140161108],[109.21205623810752,19.72457320542737],[109.21132089916013,19.72263864224722],[109.20970360432294,19.721258795305562],[109.20802654133138,19.720779902531078],[109.20484799852368,19.720779902531078],[109.20211222585476,19.72199793105291],[109.20088289278979,19.724163316371342],[109.19608917059053,19.724472401491184],[109.19463199832666,19.725388922685294],[109.19372386640163,19.72663018433292]]]},"properties":{"terminal_id":147,"lat":19.728845733333333,"lon":109.19923842222224,"berth_count":3,"dwell_minutes":61248.24999999999,"center_method":"duration_weighted_berth_medoid"}},{"type":"Feature","geometry":{"type":"Polygon","coordinates":[[[119.5709219,35.36201415011757],[119.56880458553212,35.36244666345358],[119.56718729069493,35.36364205015414],[119.56645195174755,35.36531798527542],[119.56645195174755,35.36779271960072],[119.56718729069493,35.369468568550474],[119.56842651384139,35.370479069841416],[119.57004563690973,35.37102594392313],[119.57226922206455,35.3710786822245],[119.57432435674686,35.370479069841416],[119.575790187344,35.36916027455693],[119.57629891884068,35.36779271960072],[119.57629891884068,35.36531798527542],[119.575790187344,35.36395036522342],[119.57467839650478,35.362845593331805],[119.57313280639985,35.36217187462766],[119.5709219,35.36201415011757]]]},"properties":{"terminal_id":148,"lat":35.36726383333333,"lon":119.5710805,"berth_count":1,"dwell_minutes":42140.11666666667,"center_method":"duration_weighted_berth_medoid"}},{"type":"Feature","geometry":{"type":"Polygon","coordinates":[[[119.77561661127989,26.395507704499053],[119.77726812783979,26.39687185233757],[119.77987476078755,26.397344374871295],[119.78122475493454,26.39903927645763],[119.78644158690972,26.401765925862883],[119.78821562420136,26.401765925862883],[119.78983474726972,26.401165212992687],[119.79107397041616,26.40005523211534],[119.79174463315023,26.398604956124547],[119.79163753175898,26.396584515281432],[119.79051538525631,26.394907512372896],[119.78808097363763,26.39378851527032],[119.78633034571787,26.392276208692365],[119.78408702685923,26.391801126540955],[119.78328910332182,26.390487245900417],[119.7811281220481,26.38919178764262],[119.7800552968725,26.387638159022213],[119.77775553581755,26.38653698407867],[119.77499399028194,26.386479046063627],[119.77331692729038,26.386934775315982],[119.77169963245318,26.3882478781426],[119.77102896971914,26.389698284242066],[119.77102896971914,26.392269254385813],[119.77169963245318,26.393719609973193],[119.77331692729038,26.395032635644817],[119.77561661127989,26.395507704499053]]]},"properties":{"terminal_id":149,"lat":26.39060992857143,"lon":119.77565860714286,"berth_count":4,"dwell_minutes":53316.46666666667,"center_method":"duration_weighted_berth_medoid"}},{"type":"Feature","geometry":{"type":"Polygon","coordinates":[[[119.75332963979561,26.37995779069768],[119.75434918069101,26.382510469824805],[119.75931999111145,26.385977743253395],[119.76343463313137,26.385844718192814],[119.76489180539522,26.384972496980318],[119.76601395189789,26.38329532542116],[119.76612105328911,26.38053196989631],[119.7651878167752,26.37876427322284],[119.75969544046278,26.37574690111485],[119.7573809647399,26.375593005474908],[119.75532583005759,26.376251794558172],[119.75385999946043,26.37770071341234],[119.75332963979561,26.37995779069768]]]},"properties":{"terminal_id":150,"lat":26.381362673469383,"lon":119.76068897959183,"berth_count":2,"dwell_minutes":29148.2,"center_method":"duration_weighted_berth_medoid"}},{"type":"Feature","geometry":{"type":"Polygon","coordinates":[[[120.57888895823287,32.03031213207547],[120.57964592534839,32.03242761524071],[120.58126322018559,32.03367026182914],[120.58294028317715,32.03410153109186],[120.58658979325843,32.03395590950993],[120.58875799297199,32.03272775126066],[120.59061080766485,32.030062534880024],[120.59111953916153,32.02864076025946],[120.59094776155696,32.027034140046304],[120.59012162643427,32.0257237825242],[120.58876690537696,32.02478119017679],[120.5870898423854,32.02434987702433],[120.5852272946232,32.024495513880225],[120.58020451050824,32.02638418089004],[120.57908236400557,32.02797141586444],[120.57888895823287,32.03031213207547]]]},"properties":{"terminal_id":151,"lat":32.03000961702128,"lon":120.5836125106383,"berth_count":2,"dwell_minutes":18315.75,"center_method":"duration_weighted_berth_medoid"}},{"type":"Feature","geometry":{"type":"Polygon","coordinates":[[[121.1339002835821,31.695990001841615],[121.1321814317007,31.696280907040194],[121.13042824805689,31.697387211602685],[121.1296021129342,31.698702244549594],[121.12943033532963,31.700410331140446],[121.12993906682631,31.70183717768039],[121.13105085766556,31.702989759419108],[121.13259644777045,31.703692619043125],[121.1347486264763,31.70383876340462],[121.13642568946786,31.70340594589715],[121.13778041052518,31.702460051807254],[121.13860654564787,31.701145072127275],[121.13877832325244,31.69943699906458],[121.13826959175576,31.698010115608003],[121.13715780091651,31.6968574719998],[121.13561221081162,31.69615456058812],[121.1339002835821,31.695990001841615]]]},"properties":{"terminal_id":152,"lat":31.699878663265302,"lon":121.1342592142857,"berth_count":1,"dwell_minutes":10016.283333333333,"center_method":"duration_weighted_berth_medoid"}},{"type":"Feature","geometry":{"type":"Polygon","coordinates":[[[120.62006412010075,31.986293048349278],[120.61733675147633,31.985202028515065],[120.61059845559438,31.985202028515065],[120.60892139260282,31.985633525890204],[120.60730409776562,31.98687680704342],[120.60663343503158,31.988250087484],[120.60656942475217,31.990780833469717],[120.60709349412089,31.992222670799354],[120.60859966325377,31.993600567379175],[120.61069921177977,31.99420024536808],[120.62310522338801,31.993947506615793],[120.6253794886603,31.993120827620967],[120.6278678084957,31.99312631092089],[120.63010114762402,31.99411778759209],[120.6337797752809,31.994190982524152],[120.63662920119744,31.993326303960725],[120.63807794592877,31.9914874140701],[120.63824972353333,31.989748492237847],[120.63774099203665,31.988326092145577],[120.63662920119744,31.98717707009068],[120.63508361109251,31.986476367136984],[120.62972171790844,31.98646613885085],[120.62676825925928,31.985521412614524],[120.62520101302557,31.985685455758933],[120.62356448140484,31.986456075115886],[120.62006412010075,31.986293048349278]]]},"properties":{"terminal_id":153,"lat":31.98975021875,"lon":120.61424246875,"berth_count":5,"dwell_minutes":193097.45,"center_method":"duration_weighted_berth_medoid"}},{"type":"Feature","geometry":{"type":"Polygon","coordinates":[[[120.64225789556046,31.99338680165044],[120.64705513676397,31.993449670505488],[120.64945723559924,31.992283811786518],[120.652013590659,31.993990470650385],[120.65637414615645,31.993990470650385],[120.65791973626135,31.99328981974244],[120.6590315271006,31.99214085986445],[120.65954025859727,31.990718496870066],[120.65936848099271,31.989159675190553],[120.65824633449007,31.987571768017332],[120.65594657343507,31.986529159483123],[120.65244116338035,31.986529159483123],[120.64996939836482,31.987732729816695],[120.64868517235743,31.986579316616126],[120.64709004514978,31.98599585957576],[120.63948614903686,31.98583200227726],[120.63794055893194,31.986532710152535],[120.63682876809271,31.987681740278127],[120.63632003659603,31.989104150361626],[120.6364918142006,31.990690723278053],[120.63731794932329,31.992001581714927],[120.63867267038061,31.992944511209256],[120.64225789556046,31.99338680165044]]]},"properties":{"terminal_id":154,"lat":31.98970425,"lon":120.64608,"berth_count":4,"dwell_minutes":40743.2,"center_method":"duration_weighted_berth_medoid"}},{"type":"Feature","geometry":{"type":"Polygon","coordinates":[[[110.39859070135718,21.168810170731703],[110.40034870324423,21.173731831121422],[110.40219260553211,21.17545124064261],[110.40386966852367,21.175925621144202],[110.40597605803384,21.175765442621362],[110.40752164813875,21.17499508888274],[110.40863343897799,21.173731831121422],[110.40914217047467,21.17131074968769],[110.40803832747926,21.168955176843806],[110.4078525608918,21.166375798010648],[110.4070264257691,21.164934472791895],[110.40567170471178,21.163897674234054],[110.40264202630146,21.163423255164822],[110.40023285186123,21.16435386021023],[110.39878410712988,21.166375798010648],[110.39859070135718,21.168810170731703]]]},"properties":{"terminal_id":155,"lat":21.167771153846154,"lon":110.40311292307692,"berth_count":2,"dwell_minutes":4735.799999999999,"center_method":"duration_weighted_berth_medoid"}},{"type":"Feature","geometry":{"type":"Polygon","coordinates":[[[119.65852204025997,25.58142201103305],[119.65703340442619,25.582310368851278],[119.65591125792352,25.583999006948094],[119.65573948031896,25.58575665246528],[119.65624821181564,25.58726925295221],[119.65736000265488,25.58849110825927],[119.65890559275978,25.589236213151086],[119.66255635188138,25.589102283291663],[119.66430953552518,25.58792956331883],[119.66525694116945,25.586063754580678],[119.66710415811608,25.584567617824163],[119.66948963581162,25.584407214832062],[119.67136182414522,25.583395090420606],[119.6723354755237,25.5820807754433],[119.6726773764206,25.580472212824628],[119.67454016914498,25.580297764609057],[119.6764123574786,25.579285605444372],[119.67764160537247,25.577211229028933],[119.67738600885706,25.57461201911313],[119.6764123574786,25.573297607694254],[119.67397158726702,25.57216991163538],[119.67191263154105,25.570080139231028],[119.66979531707318,25.569601723076307],[119.66764548145197,25.56991013836379],[119.66618830918812,25.570788426442505],[119.66506616268543,25.572477227079844],[119.6648943850809,25.5743399969619],[119.66558288456689,25.57612327793726],[119.66381244159423,25.57741127446452],[119.66170916418835,25.57755643883813],[119.66016357408346,25.578301611813142],[119.65905178324421,25.57952355868118],[119.65852204025997,25.58142201103305]]]},"properties":{"terminal_id":156,"lat":25.576257930555556,"lon":119.67223343055556,"berth_count":5,"dwell_minutes":5099.299999999999,"center_method":"duration_weighted_berth_medoid"}},{"type":"Feature","geometry":{"type":"Polygon","coordinates":[[[121.98091072727269,40.19837026519044],[121.97919187539132,40.19863141351181],[121.97773470312745,40.19937509550068],[121.97676105174898,40.20048807901184],[121.9764191508521,40.20189390909091],[121.97676105174898,40.20320671194743],[121.97773470312745,40.20431963255854],[121.97919187539132,40.20506325215393],[121.9809780909091,40.20532437469541],[121.98269694279047,40.20506325215393],[121.98415411505434,40.20431963255854],[121.98512776643281,40.20320671194743],[121.9854696673297,40.20180090909091],[121.98512776643281,40.20048807901184],[121.98415411505434,40.19937509550068],[121.98269694279047,40.19863141351181],[121.98091072727269,40.19837026519044]]]},"properties":{"terminal_id":157,"lat":40.20185321052632,"lon":121.98093457894736,"berth_count":1,"dwell_minutes":1040.2333333333331,"center_method":"duration_weighted_berth_medoid"}},{"type":"Feature","geometry":{"type":"Polygon","coordinates":[[[116.55792876923077,23.390609273470826],[116.55581145476289,23.391096047127817],[116.553967552475,23.392788399952106],[116.55345882097832,23.39432760714618],[116.55345882097832,23.399023727275537],[116.55419415992569,23.4009098371097],[116.55543338307214,23.402047127184446],[116.5570525061405,23.402662620063232],[116.55935291814299,23.402721975750147],[116.5614080528253,23.402047127184446],[116.56306234219038,23.40019717216407],[116.56338261491912,23.39432760714618],[116.56287388342244,23.392788399952106],[116.5617620925832,23.39154502488996],[116.5602165024783,23.39078678498124],[116.55792876923077,23.390609273470826]]]},"properties":{"terminal_id":158,"lat":23.395860727272726,"lon":116.55859054545454,"berth_count":1,"dwell_minutes":32864.35,"center_method":"duration_weighted_berth_medoid"}},{"type":"Feature","geometry":{"type":"Polygon","coordinates":[[[116.52356159002323,22.980000909648414],[116.52244809250999,22.98171572705371],[116.52227631490541,22.984484400796568],[116.5230116538528,22.986376366379222],[116.52462894869001,22.987725799964963],[116.52630601168157,22.98819413153712],[116.52897355009733,22.988035995499253],[116.53362936994561,22.985231402548617],[116.53475990676412,22.983498135817833],[116.534824969906,22.980937696602027],[116.53688416885852,22.979639831320245],[116.53781740537245,22.977823239297255],[116.53771030398121,22.975406266239144],[116.53642266484239,22.973544485977946],[116.53775995754847,22.972388162642517],[116.53853556450208,22.970516612603934],[116.53826484396244,22.96852899450434],[116.5373294343696,22.967170672673365],[116.53549231026737,22.96609747395657],[116.53126345343102,22.965420424274743],[116.52949541807996,22.965628277644136],[116.527634417129,22.966742130431783],[116.52630052543499,22.968965411649474],[116.52631106265127,22.97101059617372],[116.52770801529047,22.973087551698057],[116.52975498269544,22.974017392234792],[116.52889026640241,22.975649082414066],[116.52476697585476,22.977971342427637],[116.52356159002323,22.980000909648414]]]},"properties":{"terminal_id":159,"lat":22.982381347826088,"lon":116.5288985652174,"berth_count":7,"dwell_minutes":8600.05,"center_method":"duration_weighted_berth_medoid"}},{"type":"Feature","geometry":{"type":"Polygon","coordinates":[[[122.1421965664365,30.247544428571427],[122.14295353355205,30.249700061962535],[122.14496929097574,30.251129089821713],[122.14717111814299,30.251405749207038],[122.14936365444234,30.25068251672261],[122.15126845913196,30.25144487670161],[122.15379996875001,30.251519428365846],[122.15551882063137,30.251224086355666],[122.15697599289521,30.250383018604428],[122.1579496442737,30.249124258309326],[122.15829154517058,30.24734272222223],[122.15776118550576,30.24551364431809],[122.15629535490862,30.244116493890942],[122.15467623184026,30.243537115210433],[122.15214472222223,30.243462557489412],[122.14931250239198,30.244332303808296],[122.14717111814299,30.243641792663706],[122.14457082838922,30.244081280448157],[122.14272692610135,30.245674191751025],[122.1421965664365,30.247544428571427]]]},"properties":{"terminal_id":160,"lat":30.247467833333335,"lon":122.1535131111111,"berth_count":2,"dwell_minutes":32522.83333333333,"center_method":"duration_weighted_berth_medoid"}},{"type":"Feature","geometry":{"type":"Polygon","coordinates":[[[113.5775676464108,22.896428746674694],[113.57908035229691,22.898543850624222],[113.57749139462754,22.900957664473967],[113.57742671841422,22.90484428935545],[113.57793544991091,22.90638911132711],[113.57904724075013,22.907636996060184],[113.58145641519035,22.90855620381814],[113.58499444502469,22.90855620381814],[113.58668298962937,22.908081257496768],[113.58939189473683,22.908689504231894],[113.5911107466182,22.908374569930565],[113.59286393026203,22.90717686764446],[113.59379716677596,22.905359302853945],[113.59379716677596,22.90293081907472],[113.59256791888207,22.900812341987756],[113.59038868433558,22.899707789766925],[113.59058670687314,22.89713980245645],[113.58985136792575,22.89524658925172],[113.5873663337037,22.893573301152333],[113.58685173849489,22.89191837530755],[113.58573994765565,22.890670345958437],[113.58297468241241,22.889734900900937],[113.58168151537329,22.887219234889578],[113.57894574270439,22.886027173367623],[113.57582462063067,22.886086758274114],[113.5742054975623,22.88670462494431],[113.57296627441586,22.887846286284883],[113.57223093546848,22.889739602746108],[113.57223093546848,22.892696575674588],[113.57296627441586,22.89458982446325],[113.57498203183955,22.8961137839008],[113.5775676464108,22.896428746674694]]]},"properties":{"terminal_id":161,"lat":22.90349736734694,"lon":113.58370781632652,"berth_count":5,"dwell_minutes":111811.86666666668,"center_method":"duration_weighted_berth_medoid"}},{"type":"Feature","geometry":{"type":"Polygon","coordinates":[[[117.49346242357942,23.757633250000005],[117.49395703534539,23.759501947650683],[117.49371672796089,23.76288207480844],[117.49527257408349,23.76525775831886],[117.49724573690975,23.766111857489093],[117.49985758480965,23.766171049028916],[117.50153464780121,23.76570545826348],[117.5028893688585,23.764687942144914],[117.50382260537245,23.76288207480844],[117.50388728158578,23.760633066306216],[117.5031659909491,23.75877356978804],[117.50315148017168,23.755645914062466],[117.50170273544033,23.753661406907934],[117.49929356100013,23.75274802841471],[117.49583668553214,23.75321366553327],[117.49399278324424,23.754901357868974],[117.49346242357942,23.757633250000005]]]},"properties":{"terminal_id":162,"lat":23.76180461956522,"lon":117.49848384782608,"berth_count":2,"dwell_minutes":30614.48333333333,"center_method":"duration_weighted_berth_medoid"}},{"type":"Feature","geometry":{"type":"Polygon","coordinates":[[[117.97721468444897,24.452465999999998],[117.97755658534584,24.4540306697423],[117.97885683495302,24.455626571648356],[117.98040242505793,24.456378585469697],[117.98239029625243,24.456534950528578],[117.98529013789495,24.45608633191941],[117.98683572799985,24.45533431635353],[117.98813597760703,24.45373841074542],[117.98845625033577,24.45157873469626],[117.98772091138838,24.449707908263314],[117.98648168824195,24.448579807499318],[117.98486256517357,24.447969279553813],[117.98297893034187,24.447910402358893],[117.97885683495302,24.449217040404246],[117.97755658534584,24.45081300327935],[117.97721468444897,24.452465999999998]]]},"properties":{"terminal_id":163,"lat":24.452173737373737,"lon":117.98341918181818,"berth_count":2,"dwell_minutes":11717.816666666666,"center_method":"duration_weighted_berth_medoid"}},{"type":"Feature","geometry":{"type":"Polygon","coordinates":[[[118.4284312915307,24.62748129339915],[118.42735182935209,24.629140358647827],[118.4271584235794,24.63123775],[118.42750032447627,24.63280019209108],[118.42847397585476,24.634124751235905],[118.4299311481186,24.635009785535654],[118.43164999999998,24.635320566765493],[118.43365333581161,24.635144764794877],[118.4355255241452,24.634124751235905],[118.43800542444292,24.629080089000855],[118.43783364683836,24.62638292773672],[118.43671150033569,24.624681013964228],[118.43441173928072,24.623563552928857],[118.4311993211955,24.62379590651624],[118.42918356377183,24.62529975095865],[118.4284312915307,24.62748129339915]]]},"properties":{"terminal_id":164,"lat":24.628517562499997,"lon":118.43308677083331,"berth_count":2,"dwell_minutes":26376.61666666666,"center_method":"duration_weighted_berth_medoid"}},{"type":"Feature","geometry":{"type":"Polygon","coordinates":[[[113.03362020406722,22.445780910569102],[113.03415056373204,22.447737806139624],[113.03561639432918,22.44923254759942],[113.0376715290115,22.449912159609156],[113.04022733809022,22.449852384952525],[113.04184646115858,22.44923254759942],[113.0431236517814,22.448028685206733],[113.04660190594741,22.447989327465706],[113.0485750687737,22.447126802833374],[113.05002381350505,22.44512286818325],[113.05013091489629,22.4426801057628],[113.04946025216222,22.44118360390359],[113.04784295732503,22.43982877127825],[113.04616589433347,22.439358559669813],[113.04283657024308,22.439418338848967],[113.04121744717472,22.440038220061304],[113.04002282741567,22.441128017528793],[113.03723551739756,22.4411560565198],[113.03526235457127,22.442018618281747],[113.03396210496412,22.44363901741583],[113.03362020406722,22.445780910569102]]]},"properties":{"terminal_id":165,"lat":22.44564832653061,"lon":113.03861982653062,"berth_count":2,"dwell_minutes":31057.033333333333,"center_method":"duration_weighted_berth_medoid"}},{"type":"Feature","geometry":{"type":"Polygon","coordinates":[[[108.63315480392156,21.726620386179274],[108.63103748945367,21.727113068611086],[108.6291935871658,21.728825965264978],[108.62868485566912,21.730383858505128],[108.62866322750097,21.734369575221233],[108.62900512839785,21.735966226097336],[108.62997877977634,21.73731978745814],[108.63143595204019,21.73822420113926],[108.63352726666666,21.73854178763973],[108.63564458113454,21.738049144379453],[108.63748848342243,21.736336357631952],[108.63799721491911,21.734778528905636],[108.63801884308727,21.730792823529413],[108.63767694219037,21.729196115186255],[108.6367032908119,21.727842477324444],[108.63524611854803,21.726937998318817],[108.63315480392156,21.726620386179274]]]},"properties":{"terminal_id":166,"lat":21.7327628,"lon":108.63336272,"berth_count":1,"dwell_minutes":40176.3,"center_method":"duration_weighted_berth_medoid"}},{"type":"Feature","geometry":{"type":"Polygon","coordinates":[[[119.69101503896401,39.93191174999999],[119.69203457985941,39.934096677052466],[119.69386367561994,39.935114506361835],[119.69477996447479,39.93657557764629],[119.69653314811862,39.93757254394413],[119.698252,39.93783469402193],[119.70041572688137,39.93757254394413],[119.70187289914523,39.93682599818182],[119.7028465505237,39.93570869827713],[119.7031884514206,39.93439072972972],[119.7028465505237,39.93182098196793],[119.70101877942764,39.92916775458712],[119.69926559578383,39.92817066585741],[119.69550661538462,39.927908478762966],[119.69338930091673,39.92831518525017],[119.69154539862883,39.92972916353559],[119.69101503896401,39.93191174999999]]]},"properties":{"terminal_id":167,"lat":39.93165944,"lon":119.69667232,"berth_count":2,"dwell_minutes":14435.85,"center_method":"duration_weighted_berth_medoid"}},{"type":"Feature","geometry":{"type":"Polygon","coordinates":[[[113.0671984235794,22.297648699999996],[113.0675403244763,22.299239016178856],[113.06851397585477,22.300587206957214],[113.07132955860764,22.30178797548699],[113.07190212800363,22.305085807913873],[113.07353955025252,22.306926007304757],[113.07513585341138,22.307545633154046],[113.07686688815497,22.30756071440373],[113.0784755212094,22.306969011024666],[113.07972280122758,22.30585840967352],[113.08049894648943,22.303997213943493],[113.08071757620876,22.29694668636962],[113.08001635969197,22.294995871949638],[113.0787730072764,22.29381177881538],[113.07267845147629,22.29239719660477],[113.06997114811863,22.292693531855395],[113.06772878324423,22.294573977732423],[113.0671984235794,22.297648699999996]]]},"properties":{"terminal_id":168,"lat":22.30347575702576,"lon":113.07604287353632,"berth_count":3,"dwell_minutes":81134.05,"center_method":"duration_weighted_berth_medoid"}},{"type":"Feature","geometry":{"type":"Polygon","coordinates":[[[119.82612025,26.63304056889009],[119.82440139811861,26.633346192284566],[119.8226482144748,26.634508471030742],[119.82171497796085,26.636272236875527],[119.82165030174752,26.638071522328396],[119.82215903324422,26.63957056617374],[119.82327082408345,26.640781470106816],[119.82481641418836,26.641519896461944],[119.82701808480967,26.641673436254198],[119.82869514780123,26.64121871672598],[119.83031244263839,26.63990850308286],[119.83098310537245,26.63846125348546],[119.83104778158578,26.6366619741714],[119.8305390500891,26.635162892156078],[119.82942725924987,26.633951928661514],[119.82788166914496,26.63321345338276],[119.82612025,26.63304056889009]]]},"properties":{"terminal_id":169,"lat":26.6370555,"lon":119.82657783333332,"berth_count":1,"dwell_minutes":221.31666666666663,"center_method":"duration_weighted_berth_medoid"}},{"type":"Feature","geometry":{"type":"Polygon","coordinates":[[[113.65729570312499,22.76013537461783],[113.6551783886571,22.760624435652144],[113.65333448636922,22.762324741296016],[113.65282575487254,22.763871182118315],[113.65289043108586,22.767205582179127],[113.65356109381992,22.768698542791174],[113.6551783886571,22.770050141435824],[113.65685545164867,22.770519224437056],[113.65950574457173,22.770459588918218],[113.661478907398,22.769599083511],[113.66277915700518,22.767982518287855],[113.66303475352059,22.76346913202438],[113.66236409078654,22.761976114228137],[113.6611248676401,22.76083339685027],[113.65950574457173,22.760214958673977],[113.65729570312499,22.76013537461783]]]},"properties":{"terminal_id":170,"lat":22.765111693069308,"lon":113.6577315841584,"berth_count":1,"dwell_minutes":17243.466666666667,"center_method":"duration_weighted_berth_medoid"}},{"type":"Feature","geometry":{"type":"Polygon","coordinates":[[[117.95533046000001,24.45301109385442],[117.95283507384137,24.453700159937373],[117.95118078447628,24.455535082658397],[117.95086051174754,24.458365804989253],[117.95159585069493,24.460236502862724],[117.95321314553213,24.46157076641158],[117.9548902085237,24.46203383291486],[117.95962787309794,24.46203383291486],[117.96168300778025,24.46136449925625],[117.96292223092668,24.460236502862724],[117.96359289366075,24.458762689328633],[117.96359289366075,24.456302074427306],[117.96292223092668,24.454828214861056],[117.96049145743325,24.453187151211207],[117.95533046000001,24.45301109385442]]]},"properties":{"terminal_id":171,"lat":24.457485258741254,"lon":117.95786299300698,"berth_count":1,"dwell_minutes":23765.13333333333,"center_method":"duration_weighted_berth_medoid"}},{"type":"Feature","geometry":{"type":"Polygon","coordinates":[[[113.08733275,22.200378343201248],[113.08521543553212,22.20086938543229],[113.08359814069493,22.20222653990057],[113.08286280174754,22.204129285578322],[113.08286280174754,22.20691461862796],[113.08337153324423,22.20846727684861],[113.08448332408346,22.20972149196299],[113.08602891418838,22.210486331114133],[113.0882514514763,22.21064536297365],[113.09030658615859,22.209964584254703],[113.09177241675573,22.20846727684861],[113.09228114825243,22.20691461862796],[113.09228114825243,22.204129285578322],[113.09177241675573,22.202576579370053],[113.09066062591651,22.201322300409114],[113.0891150358116,22.200557411320382],[113.08733275,22.200378343201248]]]},"properties":{"terminal_id":172,"lat":22.2055445,"lon":113.087448,"berth_count":1,"dwell_minutes":12423.833333333334,"center_method":"duration_weighted_berth_medoid"}},{"type":"Feature","geometry":{"type":"Polygon","coordinates":[[[118.09700315789473,24.35446924829683],[118.09488584342685,24.354952411208764],[118.09304194113895,24.356632210117837],[118.09251158147413,24.358561060606057],[118.09285348237101,24.36198319677353],[118.0938271337495,24.363310611904442],[118.09569932208309,24.364332824893776],[118.1013267504321,24.364197554577128],[118.10278392269595,24.363310611904442],[118.1039060691986,24.361605134181342],[118.10375757407442,24.356995207452833],[118.10278392269595,24.355667726073737],[118.1013267504321,24.354780723614297],[118.09700315789473,24.35446924829683]]]},"properties":{"terminal_id":173,"lat":24.359293076923077,"lon":118.0987096923077,"berth_count":1,"dwell_minutes":25201.533333333336,"center_method":"duration_weighted_berth_medoid"}},{"type":"Feature","geometry":{"type":"Polygon","coordinates":[[[116.73652251020408,23.331755295735608],[116.7344051957362,23.33224228541502],[116.732787900899,23.333588238915574],[116.73211723816496,23.335074932622415],[116.73211723816496,23.33748802513095],[116.732787900899,23.338974675183184],[116.7344051957362,23.34032056045574],[116.73608225872776,23.34078766051228],[116.73848870753469,23.340728277091518],[116.74046187036096,23.33987140924276],[116.74157366120019,23.33862753795918],[116.74201771648356,23.335074932622415],[116.7413470537495,23.333588238915574],[116.74010783060305,23.33245036157233],[116.73848870753469,23.331834542726575],[116.73652251020408,23.331755295735608]]]},"properties":{"terminal_id":174,"lat":23.336532666666667,"lon":116.73675255555555,"berth_count":1,"dwell_minutes":17046.666666666664,"center_method":"duration_weighted_berth_medoid"}},{"type":"Feature","geometry":{"type":"Polygon","coordinates":[[[119.71518371428571,39.93367264242986],[119.71306639981783,39.934079314669766],[119.71122249752995,39.9354931738869],[119.71071376603327,39.93677907944512],[119.71069213786511,39.940180583333344],[119.71103403876201,39.94149844037801],[119.71200769014048,39.94261564575451],[119.71346486240434,39.94336212835476],[119.71552519999999,39.943624256252924],[119.71764251446787,39.94321764073287],[119.71948641675576,39.941803941104],[119.71999514825244,39.94051812996656],[119.7200167764206,39.93711664285715],[119.7196748755237,39.935798701423636],[119.71870122414522,39.93468138474737],[119.71724405188137,39.9339348074465],[119.71518371428571,39.93367264242986]]]},"properties":{"terminal_id":175,"lat":39.93871194666667,"lon":119.71535144,"berth_count":1,"dwell_minutes":15975.249999999998,"center_method":"duration_weighted_berth_medoid"}},{"type":"Feature","geometry":{"type":"Polygon","coordinates":[[[113.55489491747376,22.978467713095398],[113.55604799078014,22.980305003680837],[113.56091942357939,22.984214713738393],[113.56126132447628,22.987434507880355],[113.56291561384137,22.989290182311446],[113.56497074852368,22.989967117379333],[113.56817182449377,22.98990757817372],[113.56979094756213,22.989290182311446],[113.57103017070857,22.988149376084323],[113.5717871378241,22.985852139860143],[113.57176550965595,22.98289673875944],[113.57103017070857,22.98100472444188],[113.56979094756213,22.979863848238985],[113.56788435026384,22.97920714755099],[113.56291035811991,22.973383352525463],[113.5604042847639,22.97246020205036],[113.55928014535733,22.970729155964644],[113.55698038430238,22.969597377346986],[113.55472694495225,22.96953782916453],[113.55304988196067,22.970006223781585],[113.55143258712349,22.971355820865103],[113.55076192438943,22.97284653938102],[113.55076192438943,22.975151543125683],[113.55143258712349,22.976642219775478],[113.55304988196067,22.977991750594867],[113.55489491747376,22.978467713095398]]]},"properties":{"terminal_id":176,"lat":22.985160110169492,"lon":113.56680886440678,"berth_count":5,"dwell_minutes":86066.31666666668,"center_method":"duration_weighted_berth_medoid"}},{"type":"Feature","geometry":{"type":"Polygon","coordinates":[[[119.66378577777778,25.527766832406034],[119.6620669258964,25.528075355358705],[119.66060975363254,25.52895395004705],[119.65963610225407,25.530268847899666],[119.65929420135717,25.53191711111111],[119.65963610225407,25.53346809904201],[119.66060975363254,25.53478294741206],[119.6620669258964,25.53566149297159],[119.6638974285714,25.535969995619357],[119.66561628045277,25.53566149297159],[119.66707345271664,25.53478294741206],[119.6680471040951,25.53346809904201],[119.668389004992,25.531819857142857],[119.6680471040951,25.530268847899666],[119.66707345271664,25.52895395004705],[119.66561628045277,25.528075355358705],[119.66378577777778,25.527766832406034]]]},"properties":{"terminal_id":177,"lat":25.53191711111111,"lon":119.66378577777778,"berth_count":1,"dwell_minutes":696.1,"center_method":"duration_weighted_berth_medoid"}},{"type":"Feature","geometry":{"type":"Polygon","coordinates":[[[119.99766209735088,31.97031491556602],[119.9957268293521,31.972444334021183],[119.99587532447629,31.97551116357236],[119.99790768553211,31.97741328483052],[120.00101971301478,31.97784481883405],[120.00269677600635,31.97741328483052],[120.00662559990279,31.975191494646168],[120.00775885459528,31.973565727036554],[120.01028965040095,31.97201517203108],[120.01102498934834,31.969478604300726],[120.01051625785166,31.9680558899875],[120.00940446701244,31.966906614112435],[120.00785887690752,31.966205756376745],[120.0059355772908,31.966060026925554],[119.99949909288326,31.968136947484744],[119.99766209735088,31.97031491556602]]]},"properties":{"terminal_id":178,"lat":31.972497305389226,"lon":120.00199447904193,"berth_count":4,"dwell_minutes":34257.86666666667,"center_method":"duration_weighted_berth_medoid"}},{"type":"Feature","geometry":{"type":"Polygon","coordinates":[[[120.379849512187,32.02750359259259],[120.38019141308389,32.02896081266311],[120.38116506446235,32.0301961660289],[120.38262223672622,32.031021593471614],[120.3845299548294,32.0313114432791],[120.38506031449424,32.034353295708605],[120.38730267936863,32.03607617337665],[120.39403179642359,32.036292845932614],[120.3960049592499,32.03550172648113],[120.39730520885705,32.03401550631116],[120.39764710975395,32.02866381249999],[120.3971167500891,32.02686877194631],[120.39487438521472,32.02514572105741],[120.3918791018859,32.02485585173745],[120.39113970807047,32.023043475532695],[120.38912395064679,32.02164090053395],[120.38390083713128,32.02136935757662],[120.38149166269105,32.02221543437028],[120.38004291795968,32.02405370793442],[120.379849512187,32.02750359259259]]]},"properties":{"terminal_id":179,"lat":32.03085679032258,"lon":120.3913914032258,"berth_count":2,"dwell_minutes":73586.04999999999,"center_method":"duration_weighted_berth_medoid"}},{"type":"Feature","geometry":{"type":"Polygon","coordinates":[[[119.85083666055047,32.29505089997527],[119.85333204670908,32.29441102736876],[119.85457126985551,32.29336348869972],[119.85528055875088,32.29177467236303],[119.85797851578826,32.29113918000477],[119.85976335041786,32.289126724732306],[119.86180691807351,32.28850654458729],[119.86304614121994,32.287458937695334],[119.86378148016733,32.28572155381438],[119.863716803954,32.28337636212554],[119.86304614121994,32.28200751789855],[119.86180691807351,32.28095983592692],[119.8593115319149,32.280319863876144],[119.85722752024307,32.28039282948258],[119.85560839717473,32.28095983592692],[119.8541425665776,32.282327150331014],[119.85361220691274,32.28429989601385],[119.85165198043853,32.28567623144717],[119.85091508404584,32.28744041685029],[119.84867598945367,32.287885513661585],[119.84705869461649,32.28912468143703],[119.84630172750097,32.29123416463415],[119.8468320871658,32.29304389516795],[119.84867598945367,32.29460258160635],[119.85083666055047,32.29505089997527]]]},"properties":{"terminal_id":180,"lat":32.28794495774648,"lon":119.855476,"berth_count":3,"dwell_minutes":41334.083333333336,"center_method":"duration_weighted_berth_medoid"}},{"type":"Feature","geometry":{"type":"Polygon","coordinates":[[[118.96592274607377,25.23633049923374],[118.96615362830612,25.239978446816327],[118.96699154691002,25.24134514949299],[118.96833783530876,25.24232462885131],[118.9699932879018,25.242771965311515],[118.97182177081766,25.242618065200706],[118.97336077400412,25.24187914168784],[118.97447309204152,25.240666054525548],[118.97499133875318,25.239161343151558],[118.97497186931805,25.23478475306432],[118.97406624012285,25.2329995932567],[118.97273413776492,25.231982308859582],[118.97063670864934,25.231474145497526],[118.9681402598419,25.232112286067373],[118.96645029135712,25.23389270828752],[118.96592274607377,25.23633049923374]]]},"properties":{"terminal_id":181,"lat":25.23586980263158,"lon":118.97051560526316,"berth_count":2,"dwell_minutes":13001.1,"center_method":"duration_weighted_berth_medoid"}},{"type":"Feature","geometry":{"type":"Polygon","coordinates":[[[118.53068949999997,39.10498416085946],[118.52819411384135,39.105571558490965],[118.5263913293521,39.107457777205354],[118.5263913293521,39.11610338243693],[118.52751347585476,39.11755594058037],[118.52938566418835,39.11842655607326],[118.53632818196547,39.11842655607326],[118.5382003702991,39.11755594058037],[118.53942961819297,39.11577164118471],[118.53932251680176,39.107457777205354],[118.5382003702991,39.106005010905506],[118.53674319803523,39.105249472564225],[118.53068949999997,39.10498416085946]]]},"properties":{"terminal_id":182,"lat":39.112309625,"lon":118.533255,"berth_count":1,"dwell_minutes":93872.41666666669,"center_method":"duration_weighted_berth_medoid"}},{"type":"Feature","geometry":{"type":"Polygon","coordinates":[[[121.02017400000001,30.551107038800627],[121.01732457408346,30.5519850390825],[121.0158758293521,30.55385220600937],[121.01570405174753,30.560653297499645],[121.01643939069493,30.56242294015856],[121.01805668553213,30.56368512304653],[121.01973374852369,30.564123172685278],[121.02775073147629,30.564123172685278],[121.02980586615863,30.563489999220945],[121.03104508930505,30.56242294015856],[121.03178042825245,30.560653297499645],[121.03178042825245,30.554595880318036],[121.03104508930505,30.55282609492434],[121.02980586615863,30.551758918600566],[121.02818674309025,30.55118136204286],[121.02017400000001,30.551107038800627]]]},"properties":{"terminal_id":183,"lat":30.558923294117648,"lon":121.02545229411766,"berth_count":1,"dwell_minutes":75791.98333333334,"center_method":"duration_weighted_berth_medoid"}},{"type":"Feature","geometry":{"type":"Polygon","coordinates":[[[113.2241143136893,21.947219637362632],[113.22487128080482,21.949534160418],[113.22648857564201,21.95089373150632],[113.2288730923077,21.95138564167162],[113.23136847846632,21.950683551903325],[113.23283430906346,21.949183493408636],[113.23334873893222,21.946686853045165],[113.2347783740377,21.944691829201513],[113.23495015164225,21.942962908447218],[113.23421481269487,21.941056642528995],[113.23297558954843,21.93990717322869],[113.23135646648007,21.93928508105214],[113.22948557024307,21.93928508105214],[113.22786644717472,21.93990717322869],[113.22640061657756,21.941407329579434],[113.22588080546531,21.943681622319126],[113.22445621458618,21.945393317096062],[113.2241143136893,21.947219637362632]]]},"properties":{"terminal_id":184,"lat":21.94698761282051,"lon":113.2288730923077,"berth_count":2,"dwell_minutes":25537.333333333332,"center_method":"duration_weighted_berth_medoid"}},{"type":"Feature","geometry":{"type":"Polygon","coordinates":[[[116.5367985,22.98721390386038],[116.53507964811864,22.987528654732955],[116.5333264644748,22.988725646059194],[116.5325003293521,22.990148480563676],[116.53232855174754,22.991935278437687],[116.53306389069493,22.993827139642967],[116.53430311384139,22.994967897904516],[116.53592223690973,22.995585267807247],[116.53779269592076,22.995644804509386],[116.53946975891232,22.99517649877718],[116.54082447996964,22.994153049466906],[116.54165061509234,22.99273025715683],[116.54182239269689,22.990943469801984],[116.54131366120019,22.98939961279531],[116.54020187036099,22.988152481817536],[116.53865628025606,22.987391951555132],[116.5367985,22.98721390386038]]]},"properties":{"terminal_id":185,"lat":22.991529999999997,"lon":116.53735244444444,"berth_count":1,"dwell_minutes":276.15,"center_method":"duration_weighted_berth_medoid"}},{"type":"Feature","geometry":{"type":"Polygon","coordinates":[[[113.53068770588234,23.0029756365865],[113.52857039141448,23.003463823586117],[113.52672648912657,23.005161090359216],[113.5262177576299,23.006704767120393],[113.52628243384322,23.01044294442086],[113.52695309657727,23.011933231499842],[113.52857039141448,23.013282409614632],[113.53024745440604,23.01375065252027],[113.53309006309026,23.013691123805476],[113.53506322591653,23.012832159488383],[113.5363634755237,23.011218489244598],[113.53661907203912,23.006303435655493],[113.53594840930505,23.004813086392346],[113.53470918615861,23.003672411329894],[113.53309006309026,23.003055078413695],[113.53068770588234,23.0029756365865]]]},"properties":{"terminal_id":186,"lat":23.007549247058822,"lon":113.53121485882352,"berth_count":1,"dwell_minutes":12421.65,"center_method":"duration_weighted_berth_medoid"}},{"type":"Feature","geometry":{"type":"Polygon","coordinates":[[[113.52205252357939,23.016576853813746],[113.52096737732893,23.018882803702173],[113.52103205354226,23.021149061798816],[113.52170271627631,23.022639230584513],[113.52413348976975,23.024298413787662],[113.52765763369955,23.02416174785441],[113.5291148059634,23.023265654567354],[113.53231989774591,23.019494942171114],[113.5326617986428,23.01791295],[113.53231989774591,23.012831448225366],[113.53134624636743,23.011490234959762],[113.52947405803383,23.010457377654095],[113.52482524811862,23.010594057475252],[113.52336807585475,23.011490234959762],[113.52239442447627,23.012831448225366],[113.52205252357939,23.016576853813746]]]},"properties":{"terminal_id":187,"lat":23.017228555555555,"lon":113.52691583838384,"berth_count":2,"dwell_minutes":11728.85,"center_method":"duration_weighted_berth_medoid"}},{"type":"Feature","geometry":{"type":"Polygon","coordinates":[[[113.65898665330914,22.74436183783784],[113.65974362042466,22.74666316095061],[113.66175937784836,22.748188776949068],[113.66626879365077,22.74850408210408],[113.66838610811865,22.748014977675883],[113.67041846917448,22.745947020921605],[113.67076037007138,22.74319911034966],[113.67224289081189,22.74229279578928],[113.67321654219036,22.740948907717076],[113.67355844308724,22.739191333333334],[113.67302808342242,22.737238575500275],[113.67191629258319,22.735989128062393],[113.67037070247828,22.735227185226087],[113.66841271148662,22.73506875453824],[113.66673564849506,22.735537957666086],[113.66538092743775,22.73656335690237],[113.66453705671103,22.738054135998507],[113.66175937784836,22.738369464533836],[113.66000619420453,22.739568652768924],[113.65907295769061,22.741388432222553],[113.65898665330914,22.74436183783784]]]},"properties":{"terminal_id":188,"lat":22.73921925,"lon":113.66900260714286,"berth_count":2,"dwell_minutes":37166.25,"center_method":"duration_weighted_berth_medoid"}},{"type":"Feature","geometry":{"type":"Polygon","coordinates":[[[110.47837831037184,21.06981865789474],[110.47890867003669,21.071794402026594],[110.48037450063383,21.073303541736934],[110.48242963531612,21.073989700493293],[110.48666454325574,21.07400988210037],[110.48766334326267,21.076274758859327],[110.48983154297625,21.077626580078103],[110.49492589950043,21.077488020098357],[110.49638307176427,21.076579508178373],[110.49750521826694,21.07483255783694],[110.4976769958715,21.072644630167947],[110.4971682643748,21.07107971201655],[110.49605647353559,21.069815568839207],[110.49421124308725,21.068974626222687],[110.49386934219037,21.064922221177863],[110.49289569081189,21.06356242004517],[110.49102350247827,21.06251524911869],[110.48242963531612,21.06235494808592],[110.48037450063383,21.063041157354355],[110.47857171614456,21.06530950277924],[110.47837831037184,21.06981865789474]]]},"properties":{"terminal_id":189,"lat":21.06698675,"lon":110.48803475,"berth_count":2,"dwell_minutes":159675.00000000003,"center_method":"duration_weighted_berth_medoid"}},{"type":"Feature","geometry":{"type":"Polygon","coordinates":[[[111.81587368773033,21.692625901192912],[111.81470567812485,21.69542571296296],[111.81479198250632,21.698314093079947],[111.81572521902025,21.700147432725526],[111.81707994007758,21.70118042904339],[111.81875700306914,21.701653103395742],[111.82111191914494,21.701493500972393],[111.82265750924985,21.700725917837755],[111.82410625398121,21.698711368925675],[111.82429965975392,21.695802734038256],[111.82527696213488,21.69289008827308],[111.82778352203911,21.688976774652865],[111.82778352203911,21.685284254534796],[111.82655427414522,21.683147237458318],[111.82509710188137,21.68224247755777],[111.82337824999999,21.681924766783272],[111.82104770964293,21.682104488824997],[111.81917552130932,21.683147237458318],[111.81805337480665,21.684886941653513],[111.81785996903395,21.687756056102064],[111.81621558862723,21.690432432910693],[111.81587368773033,21.692625901192912]]]},"properties":{"terminal_id":190,"lat":21.69659573170732,"lon":111.8192431707317,"berth_count":4,"dwell_minutes":30973.550000000003,"center_method":"duration_weighted_berth_medoid"}},{"type":"Feature","geometry":{"type":"Polygon","coordinates":[[[121.08447023636363,30.581242567481087],[121.08235292189575,30.581699157618583],[121.08073562705854,30.582961089674484],[121.08000028811115,30.584730325353263],[121.08017206571573,30.586653594016894],[121.0812942122184,30.588265273751173],[121.08275138448224,30.589103434280293],[121.08723967894886,30.589231264563683],[121.08878526905376,30.58852009370722],[121.089897059893,30.587353883194393],[121.09040579138968,30.585910165455086],[121.09023401378512,30.583986882041568],[121.08940787866243,30.582656298714973],[121.08805315760512,30.581699157618583],[121.08447023636363,30.581242567481087]]]},"properties":{"terminal_id":191,"lat":30.58546313207547,"lon":121.08583205660378,"berth_count":1,"dwell_minutes":35102.566666666666,"center_method":"duration_weighted_berth_medoid"}},{"type":"Feature","geometry":{"type":"Polygon","coordinates":[[[110.38890474616005,21.13758572],[110.38924664705694,21.13918891400445],[110.3905468966641,21.14082411179246],[110.39209248676902,21.141594643369977],[110.39399132357941,21.141775031266384],[110.39452168324424,21.145054602524034],[110.39676404811863,21.146950112912762],[110.40313458581163,21.14708860804741],[110.40500677414524,21.14604202615993],[110.40598042552371,21.144682967892567],[110.40632232642061,21.139782899999997],[110.40579196675577,21.13780806054606],[110.40394806446788,21.136088213808232],[110.40121477642057,21.13559353241421],[110.40068441675574,21.132099955453892],[110.39844205188135,21.13020425510271],[110.39295607110432,21.129905516049313],[110.3905468966641,21.130836331698713],[110.38899105054152,21.133257543716553],[110.38890474616005,21.13758572]]]},"properties":{"terminal_id":192,"lat":21.141670081967213,"lon":110.40027418032788,"berth_count":2,"dwell_minutes":40091.566666666666,"center_method":"duration_weighted_berth_medoid"}},{"type":"Feature","geometry":{"type":"Polygon","coordinates":[[[110.41939414035086,21.23645595627113],[110.417276825883,21.236950300248864],[110.41565953104579,21.238316580537],[110.41498886831174,21.23982572788539],[110.41498886831174,21.2423078736427],[110.41565953104579,21.24381698012828],[110.417276825883,21.245183196771222],[110.42109182672661,21.245597072737375],[110.4230649895529,21.244727260405895],[110.42417678039212,21.243464599130945],[110.4246855118888,21.241901485615227],[110.42462083567547,21.23982572788539],[110.42395017294142,21.238316580537],[110.42271094979498,21.237161518725603],[110.41939414035086,21.23645595627113]]]},"properties":{"terminal_id":193,"lat":21.2414010625,"lon":110.4195208359375,"berth_count":1,"dwell_minutes":22274.933333333334,"center_method":"duration_weighted_berth_medoid"}},{"type":"Feature","geometry":{"type":"Polygon","coordinates":[[[119.8797157173913,32.19222692571044],[119.87759840292343,32.19267574966491],[119.87598110808622,32.19391621688542],[119.87524576913883,32.19565535746447],[119.87524576913883,32.19824508921692],[119.87575450063552,32.19966422476391],[119.87686629147476,32.20081057747344],[119.87841188157965,32.20150963845481],[119.88056637428332,32.201654992961906],[119.88262150896563,32.201032763360764],[119.88408733956277,32.19966422476391],[119.88459607105945,32.19824508921692],[119.88459607105945,32.19565535746447],[119.88408733956277,32.194236159394244],[119.88297554872355,32.19308972385675],[119.88142995861863,32.19239059818682],[119.8797157173913,32.19222692571044]]]},"properties":{"terminal_id":194,"lat":32.19655792857143,"lon":119.87988073469388,"berth_count":1,"dwell_minutes":11032.416666666664,"center_method":"duration_weighted_berth_medoid"}},{"type":"Feature","geometry":{"type":"Polygon","coordinates":[[[113.50113242357938,23.054664897516545],[113.49912552311862,23.0549794909836],[113.49737233947481,23.05617588368117],[113.49643910296086,23.05799142061626],[113.49637442674754,23.05997157395477],[113.49710976569492,23.061862480577965],[113.49834898884137,23.06300266320787],[113.49996811190974,23.063619721571794],[113.50229400823308,23.06367922822995],[113.505029780902,23.0624887221824],[113.50600343228047,23.06114800312646],[113.50634533317736,23.059351222940002],[113.50918077829748,23.058413772448045],[113.51029256913671,23.057167279676413],[113.51082126312559,23.055250291244977],[113.51229490131013,23.054666726011515],[113.51353412445657,23.05352647276609],[113.5142910915721,23.05123035],[113.51426946340396,23.048421340785314],[113.51353412445657,23.04653024536241],[113.51229490131013,23.04538992321438],[113.51067577824176,23.044772781288444],[113.5078035485237,23.044713266272787],[113.50574841384139,23.04538992321438],[113.50409412447631,23.047244800396125],[113.50375222357941,23.050848763660568],[113.50188939069491,23.05230440983693],[113.50113242357938,23.054664897516545]]]},"properties":{"terminal_id":195,"lat":23.050488140350875,"lon":113.50880024561404,"berth_count":3,"dwell_minutes":17838.233333333334,"center_method":"duration_weighted_berth_medoid"}},{"type":"Feature","geometry":{"type":"Polygon","coordinates":[[[121.45633835029855,31.103747678169675],[121.45834554267499,31.105622082940364],[121.46144675000001,31.106076184495514],[121.46394213615862,31.105428057727334],[121.4655964255237,31.10370211395937],[121.46574492064788,31.100591031819626],[121.4637348264206,31.09840323200333],[121.4637348264206,31.097718232150662],[121.46699941675575,31.094803103178972],[121.4675297764206,31.091134499999995],[121.46677280930506,31.08899755952253],[121.46475705188136,31.087580871368612],[121.46160299852367,31.087306596125444],[121.45919382408344,31.0881611862782],[121.45789357447629,31.08966255494886],[121.45681857303613,31.093311107501204],[121.45487285979775,31.094104372263953],[121.45357261019059,31.095605647023483],[121.4534241150664,31.101208334761623],[121.45454626156906,31.102811394083965],[121.45633835029855,31.103747678169675]]]},"properties":{"terminal_id":196,"lat":31.09883444230769,"lon":121.45848232692308,"berth_count":4,"dwell_minutes":139438.81666666665,"center_method":"duration_weighted_berth_medoid"}},{"type":"Feature","geometry":{"type":"Polygon","coordinates":[[[117.99731104166666,24.44460060667168],[117.99519372719878,24.44508342493303],[117.99357643236158,24.446417848957683],[117.99284109341421,24.4482887242329],[117.99301287101876,24.450420046449633],[117.99413501752143,24.45212432499276],[117.99559218978528,24.453010643994517],[118.00035521081163,24.453145819191352],[118.00190080091653,24.452393786073824],[118.00301259175578,24.451160569983564],[118.00352132325246,24.44963390609702],[118.0033495456479,24.447502570584636],[118.0025234105252,24.44609554891655],[118.00116868946787,24.44508342493303],[117.99731104166666,24.44460060667168]]]},"properties":{"terminal_id":197,"lat":24.44891251851852,"lon":117.99846118518518,"berth_count":1,"dwell_minutes":13504.5,"center_method":"duration_weighted_berth_medoid"}},{"type":"Feature","geometry":{"type":"Polygon","coordinates":[[[121.49821016408868,31.355526140224995],[121.49574328829472,31.35733026701673],[121.49523455679804,31.35876236488397],[121.4954063344026,31.360580323389787],[121.4962324695253,31.361900107506102],[121.49758719058262,31.362849457645297],[121.50083590411589,31.363228630553795],[121.50280906694216,31.362431750519352],[121.50433289715535,31.360324356932303],[121.50690855665309,31.358911391217344],[121.50806848884135,31.359878294590025],[121.50968761190973,31.360450982101355],[121.51172375399936,31.360450982101355],[121.51334287706773,31.359878294590025],[121.51577446409662,31.358321240533563],[121.51678757674419,31.35599973950149],[121.51959280475691,31.356233635045946],[121.52189256581187,31.355183914754033],[121.52301471231453,31.353585130838223],[121.52312181370579,31.35150168174393],[121.52245115097172,31.350118954236688],[121.52121192782528,31.349060646685665],[121.51959280475691,31.34848788979993],[121.51766886190973,31.34848788979993],[121.51507308947478,31.349816602360473],[121.51406151303803,31.35211155165801],[121.51066849752169,31.351968488643685],[121.50716237621397,31.35407281640974],[121.50464573825066,31.35241094493825],[121.50134512337203,31.35241094493825],[121.49917692365847,31.353648140528115],[121.49821016408868,31.355526140224995]]]},"properties":{"terminal_id":198,"lat":31.355812105263155,"lon":121.5121264736842,"berth_count":5,"dwell_minutes":221927.98333333337,"center_method":"duration_weighted_berth_medoid"}},{"type":"Feature","geometry":{"type":"Polygon","coordinates":[[[122.43317555327187,36.877540283588985],[122.431670680691,36.87848642883236],[122.4308445455683,36.879722751882376],[122.4309930406925,36.88251561672822],[122.43229329029965,36.883917919075614],[122.43426221764516,36.8846635190159],[122.43444861616588,36.88828064545958],[122.43559024786158,36.890136161882026],[122.43825091415762,36.89124645800594],[122.44080688723363,36.890933989840406],[122.44272395053171,36.88954629426121],[122.44336332497076,36.887892676336214],[122.44358413486269,36.883616237357444],[122.44303618382368,36.882321080400196],[122.4419356685525,36.881292366184894],[122.44282372603021,36.879483773177746],[122.44250345330147,36.87758081917927],[122.44084916393639,36.875968358417175],[122.43835377777778,36.87536283045001],[122.43518394704041,36.87578708664847],[122.43317555327187,36.877540283588985]]]},"properties":{"terminal_id":199,"lat":36.87908635,"lon":122.43833855,"berth_count":4,"dwell_minutes":130629.28333333333,"center_method":"duration_weighted_berth_medoid"}},{"type":"Feature","geometry":{"type":"Polygon","coordinates":[[[120.26007810539758,34.31266233333333],[120.2608350725131,34.31472343145843],[120.26285082993678,34.31608978635771],[120.26456968181817,34.31637217551383],[120.27106985188139,34.31608978635771],[120.27331221675578,34.314411161257816],[120.27384257642063,34.31186530322655],[120.27603990044433,34.311252154823194],[120.27750573104147,34.3099162786995],[120.27803609070631,34.30816735714285],[120.27769418980941,34.30666472953115],[120.27566182875358,34.30481244230398],[120.27296027377622,34.304392203111604],[120.27055109933599,34.305216529956574],[120.26907264974352,34.307105503179635],[120.26285082993678,34.30738792255647],[120.26139365767294,34.30819217969284],[120.26042000629445,34.30939582116629],[120.26007810539758,34.31266233333333]]]},"properties":{"terminal_id":200,"lat":34.31199534343434,"lon":120.26768976767676,"berth_count":2,"dwell_minutes":23594.45,"center_method":"duration_weighted_berth_medoid"}},{"type":"Feature","geometry":{"type":"Polygon","coordinates":[[[121.10788526973323,37.71747766666666],[121.10841562939805,37.71915252172212],[121.1098814599952,37.72043182173517],[121.11193659467752,37.721013476537564],[121.1177999362112,37.72103058439927],[121.11904647585476,37.722941876422276],[121.12134623690973,37.72391417882768],[121.12341765040816,37.72391641379345],[121.12501455659094,37.72340281463438],[121.12624926711133,37.72245126177214],[121.12693990499663,37.72120190863199],[121.12643008385487,37.71564670114429],[121.12513738939388,37.71421621783457],[121.12313591411524,37.71345123732284],[121.1110730103422,37.71353338519111],[121.10864223684875,37.71495951653795],[121.10788526973323,37.71747766666666]]]},"properties":{"terminal_id":201,"lat":37.71724801818182,"lon":121.11851836363635,"berth_count":2,"dwell_minutes":27197.316666666666,"center_method":"duration_weighted_berth_medoid"}},{"type":"Feature","geometry":{"type":"Polygon","coordinates":[[[121.63759042357941,31.36859433333332],[121.63812078324422,31.37040215579313],[121.63958661384136,31.371783024044824],[121.64164174852367,31.372410859694085],[121.64472083581161,31.372264195590205],[121.64812287002343,31.371347081145494],[121.6497401648606,31.370095530169937],[121.65047550380798,31.368340793324887],[121.65031275219852,31.36554877176654],[121.64924033823692,31.36397555170417],[121.64743921493694,31.363001724290356],[121.64092674272909,31.363126310802237],[121.63931605043757,31.363810757467796],[121.63814913884428,31.364980023371103],[121.63759042357941,31.36859433333332]]]},"properties":{"terminal_id":202,"lat":31.367085777777778,"lon":121.64538955555554,"berth_count":2,"dwell_minutes":1591.5333333333333,"center_method":"duration_weighted_berth_medoid"}},{"type":"Feature","geometry":{"type":"Polygon","coordinates":[[[121.07684260000002,37.709924386717134],[121.0743472138414,37.71052323430256],[121.07269292447631,37.71211790542527],[121.07237265174757,37.71411618089717],[121.07337056447481,37.716021988864185],[121.07472528553214,37.716901468563435],[121.0764023485237,37.71730389601396],[121.08116331029984,37.71730389601396],[121.08357248474007,37.71651450411261],[121.08468427557928,37.715442848011314],[121.08519300707597,37.71411618089717],[121.08502122947142,37.71244622149487],[121.08419509434871,37.711223509489535],[121.0815993219138,37.709992663600524],[121.07684260000002,37.709924386717134]]]},"properties":{"terminal_id":203,"lat":37.713611125,"lon":121.07964,"berth_count":1,"dwell_minutes":7079.1,"center_method":"duration_weighted_berth_medoid"}},{"type":"Feature","geometry":{"type":"Polygon","coordinates":[[[113.51792505882352,23.04194130189792],[113.51580774435564,23.04242934783479],[113.51419044951845,23.04377822075374],[113.51345511057107,23.045669354819324],[113.5135197867844,23.04811440832472],[113.51419044951845,23.049604278936247],[113.51580774435564,23.050953079995146],[113.5174848073472,23.051421192035686],[113.51975492380456,23.05136167995818],[113.52172808663083,23.050502955702978],[113.52283987747005,23.049256389684547],[113.52334860896674,23.047713200125195],[113.52328393275342,23.04526813933571],[113.52261327001936,23.04377822075374],[113.52137404687292,23.0426378753058],[113.51792505882352,23.04194130189792]]]},"properties":{"terminal_id":204,"lat":23.046806507462687,"lon":113.5185242835821,"berth_count":1,"dwell_minutes":35715.55,"center_method":"duration_weighted_berth_medoid"}},{"type":"Feature","geometry":{"type":"Polygon","coordinates":[[[121.73906842357941,39.01996233333333],[121.74077708355532,39.023522190220376],[121.74002566995622,39.02558688405798],[121.74104521085161,39.027800468221514],[121.74239993190893,39.028664147115904],[121.7440769949005,39.02905934442134],[121.74599163581162,39.02892590286877],[121.74753722591655,39.028284134937394],[121.7502391232051,39.02555661810969],[121.75074438138009,39.02388851273126],[121.75019292001944,39.02063491210779],[121.74880880718982,39.01903444977018],[121.74778926629443,39.01664570510305],[121.74519349385949,39.01543685974861],[121.7414426855321,39.01578187937317],[121.73941032447628,39.01752411395083],[121.73906842357941,39.01996233333333]]]},"properties":{"terminal_id":205,"lat":39.02212033333333,"lon":121.74574296774192,"berth_count":4,"dwell_minutes":28990.4,"center_method":"duration_weighted_berth_medoid"}},{"type":"Feature","geometry":{"type":"Polygon","coordinates":[[[113.45346817857143,23.087724904186214],[113.45135086410355,23.088212784089748],[113.44950696181566,23.089908983142227],[113.44897660215084,23.09185666666666],[113.44950696181566,23.09441865829588],[113.45061875265489,23.095664805838222],[113.45259191548118,23.09652324180459],[113.45665387369853,23.096582733902466],[113.45833093669009,23.096114779017007],[113.4596856577474,23.095092096434247],[113.4605117928701,23.09367036997012],[113.46068357047466,23.09145168873904],[113.46017483897798,23.089908983142227],[113.45906304813874,23.088662782222567],[113.45751745803383,23.08790281910847],[113.45346817857143,23.087724904186214]]]},"properties":{"terminal_id":206,"lat":23.0922386,"lon":113.453963,"berth_count":1,"dwell_minutes":44762.933333333334,"center_method":"duration_weighted_berth_medoid"}},{"type":"Feature","geometry":{"type":"Polygon","coordinates":[[[110.45998354545455,21.059013740564087],[110.45826469357317,21.05933280583771],[110.45651150992934,21.060546205287988],[110.45568537480665,21.061988544848262],[110.4555135972021,21.063826047834045],[110.45624893614948,21.065743847358764],[110.45748815929592,21.06690024699718],[110.45910728236429,21.067526082222315],[110.46109837647633,21.067586435298615],[110.46277543946789,21.067111708161306],[110.46413016052522,21.066074225778497],[110.46495629564791,21.064631925829197],[110.46512807325247,21.06279443279715],[110.46461934175578,21.061229411006913],[110.46350755091656,21.05996518411532],[110.46196196081165,21.059194228813997],[110.45998354545455,21.059013740564087]]]},"properties":{"terminal_id":207,"lat":21.063288311475407,"lon":110.46033047540983,"berth_count":1,"dwell_minutes":24377.2,"center_method":"duration_weighted_berth_medoid"}},{"type":"Feature","geometry":{"type":"Polygon","coordinates":[[[121.99341649999998,30.157723454115136],[121.9912991855321,30.158182026267063],[121.98945528324423,30.159776328199396],[121.98892492357938,30.161607],[121.98926682447627,30.16403092175776],[121.99024047585475,30.16529077088281],[121.99211266418837,30.166260950822803],[121.99731940188136,30.1661325661821],[121.99877657414523,30.16529077088281],[121.99989872064786,30.16367210218802],[121.99975022552368,30.160120849397902],[121.99877657414523,30.1588609342087],[121.99731940188136,30.158019076821724],[121.99341649999998,30.157723454115136]]]},"properties":{"terminal_id":208,"lat":30.162296807692307,"lon":121.99398655769232,"berth_count":1,"dwell_minutes":9100.633333333331,"center_method":"duration_weighted_berth_medoid"}},{"type":"Feature","geometry":{"type":"Polygon","coordinates":[[[122.08939633267029,40.24761433333333],[122.0902264235794,40.24959418558743],[122.0898084235794,40.2535498],[122.09056539069492,40.255454233046045],[122.09180461384138,40.25639996555416],[122.09342373690973,40.25691178678684],[122.09551224993237,40.25691178678684],[122.09713137300074,40.25639996555416],[122.09837059614718,40.255454233046045],[122.09910593509456,40.25388579576309],[122.09921103562026,40.24706823866998],[122.09843921840327,40.24517943135672],[122.09601575437875,40.243818677355776],[122.09258407327924,40.243820465572966],[122.09015329978581,40.245196520867054],[122.08939633267029,40.24761433333333]]]},"properties":{"terminal_id":209,"lat":40.24710118897638,"lon":122.09416686614172,"berth_count":3,"dwell_minutes":18435.55,"center_method":"duration_weighted_berth_medoid"}},{"type":"Feature","geometry":{"type":"Polygon","coordinates":[[[117.72623652173914,38.956236897311605],[117.72411920727126,38.956649317796874],[117.72250191243407,38.95778917058938],[117.7218312497,38.95904820469292],[117.7218312497,38.96097986299403],[117.72250191243407,38.96223884040377],[117.72411920727126,38.9633786032818],[117.72579627026282,38.96377416535646],[117.72807642975691,38.963723876756376],[117.72969555282528,38.963202404883184],[117.73116138342242,38.96194486616196],[117.73160543870578,38.95904820469292],[117.73093477597175,38.95778917058938],[117.72969555282528,38.95682553249199],[117.72623652173914,38.956236897311605]]]},"properties":{"terminal_id":210,"lat":38.959775912162165,"lon":117.72704644594594,"berth_count":1,"dwell_minutes":23471.9,"center_method":"duration_weighted_berth_medoid"}},{"type":"Feature","geometry":{"type":"Polygon","coordinates":[[[121.692468,32.05733596906113],[121.69074914811863,32.05762573555482],[121.6889959644748,32.05872770956901],[121.68806272796085,32.06039995863535],[121.68806272796085,32.06227733225356],[121.68873339069492,32.063649482782914],[121.69035068553212,32.064891705517155],[121.69202774852369,32.06532282767487],[121.69431991526416,32.06526801822929],[121.69593903833254,32.064699667425245],[121.69717826147897,32.063649482782914],[121.69784892421303,32.06227733225356],[121.69784892421303,32.06039995863535],[121.69717826147897,32.05902775936065],[121.69593903833254,32.057977509598786],[121.692468,32.05733596906113]]]},"properties":{"terminal_id":211,"lat":32.06124059731543,"lon":121.6929843020134,"berth_count":1,"dwell_minutes":14421.133333333331,"center_method":"duration_weighted_berth_medoid"}},{"type":"Feature","geometry":{"type":"Polygon","coordinates":[[[118.03908118421052,24.411010162560913],[118.03696386974264,24.41149310940746],[118.03534657490546,24.41282788883119],[118.03461123595808,24.414699262410007],[118.03493150868681,24.416832512934523],[118.03590516006528,24.418159352027487],[118.0377773483989,24.41918112140271],[118.04262306927266,24.419045909790896],[118.04408024153652,24.418159352027487],[118.04505389291499,24.416832512934523],[118.04539579381189,24.415267381578946],[118.04505389291499,24.413534992090078],[118.04408024153652,24.412208104383755],[118.04262306927266,24.411321498590347],[118.03908118421052,24.411010162560913]]]},"properties":{"terminal_id":212,"lat":24.41513280952381,"lon":118.04029040476192,"berth_count":1,"dwell_minutes":5333.35,"center_method":"duration_weighted_berth_medoid"}},{"type":"Feature","geometry":{"type":"Polygon","coordinates":[[[119.02214028571429,25.140845945579468],[119.0200229712464,25.141326061291945],[119.0184056764092,25.142653015695934],[119.01773501367514,25.144118722521515],[119.01767033746181,25.1466209959469],[119.01817906895852,25.148139103055602],[119.01929085979774,25.149365406751354],[119.02083644990263,25.150113224432957],[119.0229045314763,25.15026871698018],[119.02458159446786,25.149808214254424],[119.02619888930505,25.148481337634713],[119.02686955203912,25.147015683194915],[119.02693422825244,25.144513417860786],[119.02642549675576,25.142995265657316],[119.02531370591652,25.141768897960805],[119.02214028571429,25.140845945579468]]]},"properties":{"terminal_id":213,"lat":25.146074303030304,"lon":119.0221856060606,"berth_count":1,"dwell_minutes":8650.2,"center_method":"duration_weighted_berth_medoid"}},{"type":"Feature","geometry":{"type":"Polygon","coordinates":[[[119.49837914285716,26.024793062522313],[119.49588375669855,26.02547327443303],[119.49422946733345,26.027284618180175],[119.49388756643656,26.02882914285714],[119.49422946733345,26.033400797822935],[119.49520311871193,26.03471011566744],[119.49707530704553,26.035718391738357],[119.50347085188135,26.035584965735936],[119.50492802414519,26.03471011566744],[119.50605017064785,26.033027889378378],[119.50590167552367,26.027284618180175],[119.50492802414519,26.025975217459546],[119.50347085188135,26.02510029572596],[119.49837914285716,26.024793062522313]]]},"properties":{"terminal_id":214,"lat":26.02925827027027,"lon":119.4989689189189,"berth_count":1,"dwell_minutes":43144.416666666664,"center_method":"duration_weighted_berth_medoid"}},{"type":"Feature","geometry":{"type":"Polygon","coordinates":[[[115.59870433333333,22.766931148473113],[115.59698548145195,22.76724641036403],[115.59523229780814,22.76844534514374],[115.59429906129421,22.770264739952278],[115.59423438508088,22.772134129587155],[115.59496972402827,22.774029056472088],[115.5962089471747,22.775171663399398],[115.59782807024308,22.775790033822737],[115.59968608480963,22.775849667012466],[115.6013631478012,22.775380602331474],[115.6029804426384,22.774029056472088],[115.60365110537244,22.7725361541626],[115.60371578158576,22.77066677003387],[115.60320705008907,22.769120406184992],[115.60209525924986,22.767871250291808],[115.60054966914494,22.76710948523897],[115.59870433333333,22.766931148473113]]]},"properties":{"terminal_id":215,"lat":22.77172819444444,"lon":115.59870433333334,"berth_count":1,"dwell_minutes":1841.5833333333333,"center_method":"duration_weighted_berth_medoid"}},{"type":"Feature","geometry":{"type":"Polygon","coordinates":[[[109.15852001617198,19.804357397058823],[109.15905240896784,19.806353045080865],[109.16052337683934,19.807875582400417],[109.16214716636881,19.808504264956017],[109.16545704251787,19.80857621963697],[109.16717165532401,19.8082508347328],[109.16862414895552,19.807333933308033],[109.16959424685989,19.805964558614438],[109.16993482975394,19.80429672413793],[109.1691778626384,19.801948909364633],[109.16681717591653,19.79951425210374],[109.16527158581161,19.798736953183617],[109.16301159259258,19.798554979863276],[109.1608942781247,19.799053988821015],[109.15927698328751,19.80043316286257],[109.15860632055345,19.801956553182112],[109.15852001617198,19.804357397058823]]]},"properties":{"terminal_id":216,"lat":19.80364662352941,"lon":109.1635292235294,"berth_count":2,"dwell_minutes":40380.73333333333,"center_method":"duration_weighted_berth_medoid"}},{"type":"Feature","geometry":{"type":"Polygon","coordinates":[[[108.37205086666668,21.551455298593268],[108.3699335521988,21.55194857894168],[108.3683162573616,21.553311919422814],[108.36764559462755,21.55481781935154],[108.36758091841422,21.557548344904237],[108.3683162573616,21.55945970822744],[108.36955548050804,21.5606122266827],[108.3711746035764,21.561235961355777],[108.37312480703187,21.561296111860038],[108.37480187002343,21.560822978105563],[108.37641916486062,21.55945970822744],[108.37708982759469,21.557953856494947],[108.37715450380801,21.55522333857674],[108.3766457723113,21.553663554458183],[108.3755339814721,21.552403558298515],[108.37398839136719,21.55163518287996],[108.37205086666668,21.551455298593268]]]},"properties":{"terminal_id":217,"lat":21.555850227272728,"lon":108.3721675909091,"berth_count":1,"dwell_minutes":13011.55,"center_method":"duration_weighted_berth_medoid"}},{"type":"Feature","geometry":{"type":"Polygon","coordinates":[[[110.82881652380952,19.547690358650147],[110.82669920934164,19.54819014937028],[110.82485530705375,19.54992776051311],[110.82434657555707,19.551508133507117],[110.8244112517704,19.55490548528506],[110.82508191450445,19.556431212025384],[110.82669920934164,19.55781247625962],[110.8283762723332,19.5582918553702],[110.83114729250202,19.558230910872748],[110.8331204553283,19.55735151807563],[110.83442070493547,19.55569947259263],[110.8346763014509,19.551097261353913],[110.83400563871683,19.54957148416647],[110.83276641557038,19.548403695116995],[110.83114729250202,19.547771688713027],[110.82881652380952,19.547690358650147]]]},"properties":{"terminal_id":218,"lat":19.5529800625,"lon":110.8296055,"berth_count":1,"dwell_minutes":14863.633333333337,"center_method":"duration_weighted_berth_medoid"}},{"type":"Feature","geometry":{"type":"Polygon","coordinates":[[[120.67063311065425,32.006113600000006],[120.67139007776977,32.008229641947366],[120.67300737260697,32.009472616782936],[120.67468443559854,32.009903999968806],[120.6776876466758,32.00992233971236],[120.68021527793545,32.01085956045402],[120.68340825147632,32.01085956045402],[120.68508531446788,32.0104281817655],[120.68670260930509,32.009185219888224],[120.68743794825245,32.007442524878805],[120.6872661706479,32.005307472844216],[120.68581742591655,32.003468823207506],[120.68384426309025,32.002677420284954],[120.68169774829471,32.002604232126586],[120.67901110861918,32.001544711118726],[120.67468443559854,32.001544711118726],[120.67262930091624,32.00216830128661],[120.67097501155115,32.00387770417052],[120.67063311065425,32.006113600000006]]]},"properties":{"terminal_id":219,"lat":32.00589872,"lon":120.67802750666668,"berth_count":2,"dwell_minutes":75646.26666666668,"center_method":"duration_weighted_berth_medoid"}},{"type":"Feature","geometry":{"type":"Polygon","coordinates":[[[108.37328099999999,21.55438991644552],[108.37043157408345,21.555338156967004],[108.36887572796087,21.557752369174718],[108.36898282935209,21.57313986946549],[108.37010497585477,21.5748808985995],[108.37197716418837,21.57592442127652],[108.37990965399345,21.57592442127652],[108.38178184232706,21.5748808985995],[108.38301109022095,21.57274224811257],[108.38290398882971,21.557354705614756],[108.38178184232706,21.555613465983722],[108.37990965399345,21.55456979709312],[108.37328099999999,21.55438991644552]]]},"properties":{"terminal_id":220,"lat":21.56453966666667,"lon":108.37560370588236,"berth_count":1,"dwell_minutes":106417.7,"center_method":"duration_weighted_berth_medoid"}},{"type":"Feature","geometry":{"type":"Polygon","coordinates":[[[118.3459646,31.394708473544426],[118.34424574811864,31.39500031932416],[118.3424925644748,31.39611020096249],[118.3416664293521,31.3974294860251],[118.34149465174755,31.399285232225125],[118.34200338324425,31.40071669066392],[118.34311517408345,31.401872997951056],[118.34466076418839,31.402578129523995],[118.34672601463419,31.402724746293543],[118.34840307762575,31.402290529719863],[118.34975779868307,31.40134157812322],[118.35058393380578,31.400022348041748],[118.35075571141034,31.398166616414052],[118.35024697991365,31.39673511908751],[118.34913518907442,31.395578748509106],[118.3459646,31.394708473544426]]]},"properties":{"terminal_id":221,"lat":31.398780652173915,"lon":118.34617386956522,"berth_count":1,"dwell_minutes":9261.133333333337,"center_method":"duration_weighted_berth_medoid"}},{"type":"Feature","geometry":{"type":"Polygon","coordinates":[[[119.92349881562258,32.09266823076495],[119.92364190689389,32.0957617673856],[119.92567426794972,32.09766139221297],[119.92924970059025,32.098037570034364],[119.93184547302518,32.09671954085177],[119.93332750885705,32.0946523406248],[119.9335403140802,32.0922813403707],[119.93477482064786,32.09060894343803],[119.93477180995741,32.08703535601097],[119.93659689703911,32.084448681047014],[119.9364897956479,32.08240563606836],[119.93504105091654,32.08056853437524],[119.93306788809026,32.0797777977037],[119.93098913690972,32.0797777977037],[119.92763728553213,32.08095581094876],[119.92628256447479,32.08189782480809],[119.92534932796086,32.08356965019626],[119.92534209780177,32.08588972241217],[119.92292324796085,32.089623657026436],[119.92292324796085,32.091430929876964],[119.92349881562258,32.09266823076495]]]},"properties":{"terminal_id":222,"lat":32.088918371428576,"lon":119.93043077142858,"berth_count":6,"dwell_minutes":16781.433333333334,"center_method":"duration_weighted_berth_medoid"}},{"type":"Feature","geometry":{"type":"Polygon","coordinates":[[[119.83191291666665,32.30120357181936],[119.82979560219877,32.30165185753994],[119.8279516999109,32.30321039595945],[119.8274429684142,32.30462789199683],[119.82761474601878,32.30879394073726],[119.82873689252142,32.310376262698156],[119.83019406478529,32.311199155075116],[119.83563623581162,32.31132465673702],[119.83750842414523,32.310376262698156],[119.8386305706479,32.30879394073726],[119.8386305706479,32.30389797145398],[119.83780443552517,32.302591589902505],[119.83644971446788,32.30165185753994],[119.83191291666665,32.30120357181936]]]},"properties":{"terminal_id":223,"lat":32.30609470454545,"lon":119.8340053409091,"berth_count":1,"dwell_minutes":54234.53333333334,"center_method":"duration_weighted_berth_medoid"}},{"type":"Feature","geometry":{"type":"Polygon","coordinates":[[[116.37410262994467,23.529066051891366],[116.37726726134353,23.52918644060262],[116.37981434785334,23.52735561052102],[116.38254749777931,23.528951942516624],[116.38447496033794,23.528951942516624],[116.38609408340632,23.528337038273893],[116.38755226590821,23.526865891895483],[116.38969378305937,23.525987332525883],[116.39080557389862,23.524745211211325],[116.39133593356343,23.521950082191783],[116.3905789664479,23.51966202465704],[116.38814819295447,23.518008999387426],[116.38436949752169,23.518008999387426],[116.3824973091881,23.519037930428716],[116.38125677484825,23.521216392927062],[116.37955155548214,23.522743615118507],[116.37808073999979,23.52158067964617],[116.37492230704628,23.520349268480988],[116.37133974852368,23.520289965657838],[116.36928461384136,23.52096421004317],[116.36804539069493,23.522100466331246],[116.36737472796086,23.523585041936585],[116.36781878324422,23.52689172240695],[116.37006114811861,23.528755125828486],[116.37410262994467,23.529066051891366]]]},"properties":{"terminal_id":224,"lat":23.522624,"lon":116.38608909375,"berth_count":4,"dwell_minutes":54036.61666666667,"center_method":"duration_weighted_berth_medoid"}},{"type":"Feature","geometry":{"type":"Polygon","coordinates":[[[117.99879411469345,31.19623506263524],[117.99734380894395,31.198090709104033],[117.99717203133937,31.20160440307477],[117.99790737028677,31.203362245687302],[117.9997840807734,31.204720955201317],[117.99976618425852,31.206828119935142],[118.0006638723799,31.208489422424968],[118.00197221408173,31.209441464704586],[118.00360273134535,31.209903814561024],[118.00825821478499,31.210028953111486],[118.0106805847018,31.209254214906437],[118.01220192241148,31.20746546683288],[118.01237314364673,31.20477258167172],[118.01401039703912,31.202500694786526],[118.0140967014206,31.200120391304345],[118.01356634175576,31.19830930115093],[118.0117727324394,31.196100037963806],[118.01166758461461,31.19271077868792],[118.00988103552523,31.190099279268754],[118.00852631446789,31.189148188833396],[118.00684925147632,31.188712987186555],[118.00467293690973,31.188768315490822],[118.00305381384135,31.189342042779238],[118.00063624087133,31.191890693768705],[118.00014114020752,31.194499334170775],[117.99879411469345,31.19623506263524]]]},"properties":{"terminal_id":225,"lat":31.19876162745098,"lon":118.00417303921569,"berth_count":11,"dwell_minutes":36595.566666666666,"center_method":"duration_weighted_berth_medoid"}},{"type":"Feature","geometry":{"type":"Polygon","coordinates":[[[117.99813442357942,31.18501751359409],[117.99813442357942,31.18594189528716],[117.99621023257126,31.187355726756063],[117.99540208336877,31.18912079604957],[117.9956787327881,31.19100156309973],[117.99664464152119,31.192279907222083],[117.99842912622842,31.193234839665724],[117.99971345595638,31.19477292591002],[118.00164061424181,31.195587935036574],[118.00595249838436,31.19528562322366],[118.00825225943935,31.194234110274074],[118.00922591081782,31.192987613031494],[118.0095678117147,31.191517248175177],[118.00948150733322,31.18946068947085],[118.00854398694696,31.187768670043265],[118.00860244337515,31.183674559612623],[118.00748029687249,31.182072866799206],[118.00525782642056,31.181037770471075],[118.00472746675574,31.17893555632746],[118.00288356446784,31.177357984005727],[118.00120650147628,31.176922728155265],[117.9990842331539,31.17706969629399],[117.99753864304897,31.17777651133112],[117.99642685220977,31.17893555632746],[117.99591812071307,31.18037036449985],[117.99598279692637,31.182448207784223],[117.99665345966044,31.18383339453049],[117.99813442357942,31.18501751359409]]]},"properties":{"terminal_id":226,"lat":31.189346872340423,"lon":118.00379878723405,"berth_count":6,"dwell_minutes":25074.733333333337,"center_method":"duration_weighted_berth_medoid"}},{"type":"Feature","geometry":{"type":"Polygon","coordinates":[[[118.00052168604653,31.127630160503482],[117.99880283416516,31.12792283333759],[117.99734566190129,31.128756290107575],[117.99637201052282,31.130003632633613],[117.99603010962592,31.131777069767434],[117.99637201052282,31.133248362009013],[117.99734566190129,31.134495645470402],[117.99880283416516,31.135329044493893],[118.0005613809524,31.135621693576],[118.00228023283377,31.135329044493893],[118.00373740509764,31.134495645470402],[118.00471105647611,31.133248362009013],[118.00505295737301,31.131474952380955],[118.00471105647611,31.130003632633613],[118.00373740509764,31.128756290107575],[118.00228023283377,31.12792283333759],[118.00052168604653,31.127630160503482]]]},"properties":{"terminal_id":227,"lat":31.13177706976744,"lon":118.00052168604653,"berth_count":1,"dwell_minutes":3106.866666666667,"center_method":"duration_weighted_berth_medoid"}},{"type":"Feature","geometry":{"type":"Polygon","coordinates":[[[118.3395359189189,31.452907183984532],[118.33781706703753,31.453198848699753],[118.3363598947737,31.454029434560844],[118.33538624339519,31.45527248038726],[118.33504434249829,31.45675683783784],[118.33538624339519,31.4582230659198],[118.3363598947737,31.45946605608852],[118.33781706703753,31.460296586371637],[118.3396723043478,31.46058822807584],[118.34139115622918,31.460296586371637],[118.34284832849303,31.45946605608852],[118.3438219798715,31.4582230659198],[118.3441638807684,31.456738731707315],[118.3438219798715,31.45527248038726],[118.34284832849303,31.454029434560844],[118.34139115622918,31.453198848699753],[118.3395359189189,31.452907183984532]]]},"properties":{"terminal_id":228,"lat":31.456743115384615,"lon":118.3395911846154,"berth_count":1,"dwell_minutes":10691.35,"center_method":"duration_weighted_berth_medoid"}},{"type":"Feature","geometry":{"type":"Polygon","coordinates":[[[118.07903651428573,31.2042612028462],[118.07731766240437,31.204553639028745],[118.07556447876053,31.205665765998315],[118.07473834363783,31.206987720116217],[118.07456656603327,31.2086242084622],[118.07507529752998,31.210058566546582],[118.07618708836918,31.21121721620426],[118.07773267847412,31.21192377622416],[118.07991158480966,31.212070690011814],[118.08158864780124,31.21163559380034],[118.08294336885854,31.21068471985174],[118.08376950398126,31.209362817408635],[118.0839412815858,31.207726341843163],[118.08343255008911,31.206291948387154],[118.0823207592499,31.2051332383882],[118.08077516914497,31.204426627635485],[118.07903651428573,31.2042612028462]]]},"properties":{"terminal_id":229,"lat":31.20810288571429,"lon":118.07903651428572,"berth_count":1,"dwell_minutes":1210.6833333333334,"center_method":"duration_weighted_berth_medoid"}},{"type":"Feature","geometry":{"type":"Polygon","coordinates":[[[119.73381789024604,32.32569857777778],[119.73415979114294,32.32715103391607],[119.73513344252142,32.32838234852416],[119.73984586734451,32.33046785756533],[119.74256675147632,32.33052250749803],[119.74424381446788,32.33009264003605],[119.74586110930505,32.328854032461656],[119.74653177203912,32.32748587506827],[119.74642467064788,32.32515718659049],[119.74530252414525,32.3235751228339],[119.73998567485495,32.32142059851475],[119.7374332035764,32.32142059851475],[119.73546004075013,32.322209237796756],[119.73415979114294,32.323690761653346],[119.73381789024604,32.32569857777778]]]},"properties":{"terminal_id":230,"lat":32.325594605263156,"lon":119.73863302631578,"berth_count":2,"dwell_minutes":20928.01666666667,"center_method":"duration_weighted_berth_medoid"}},{"type":"Feature","geometry":{"type":"Polygon","coordinates":[[[122.27289603422366,30.24363869230769],[122.27365300133918,30.245794411383972],[122.27566875876289,30.24722349604923],[122.27828372462871,30.24744429538566],[122.28060111821772,30.246365587939696],[122.28134439069494,30.248820652685136],[122.28377516418837,30.25037796828642],[122.285575918143,30.250526355197312],[122.28725298113456,30.250086896239413],[122.28860770219185,30.249126487993394],[122.28943383731458,30.247791331441977],[122.28943383731458,30.24548005497526],[122.28798509258323,30.24360698306697],[122.28643950247829,30.242893289191155],[122.28463874852369,30.24274489075276],[122.28188534332072,30.243879511050643],[122.28114207084352,30.24144580985082],[122.27871129735007,30.23988835268532],[122.27651134755399,30.23979582513676],[122.27453818472772,30.240602068382934],[122.27323793512056,30.242116663838775],[122.27289603422366,30.24363869230769]]]},"properties":{"terminal_id":231,"lat":30.243601577030812,"lon":122.27738761064424,"berth_count":2,"dwell_minutes":13281.65,"center_method":"duration_weighted_berth_medoid"}},{"type":"Feature","geometry":{"type":"Polygon","coordinates":[[[121.57060044444441,28.266359332058265],[121.56888159256303,28.26666046274803],[121.56742442029919,28.267518005737216],[121.5664507689207,28.268801396623225],[121.5661088680238,28.270338222222225],[121.5664507689207,28.271852043283687],[121.56742442029919,28.27313538196381],[121.56888159256303,28.273992872838964],[121.57062877844314,28.274293981954067],[121.5723476303245,28.273992872838964],[121.57380480258837,28.27313538196381],[121.57477845396684,28.271852043283687],[121.57512035486373,28.27031523952096],[121.57477845396684,28.268801396623225],[121.57380480258837,28.267518005737216],[121.5723476303245,28.26666046274803],[121.57060044444441,28.266359332058265]]]},"properties":{"terminal_id":232,"lat":28.270321767195767,"lon":121.57060933862434,"berth_count":1,"dwell_minutes":16564.1,"center_method":"duration_weighted_berth_medoid"}},{"type":"Feature","geometry":{"type":"Polygon","coordinates":[[[119.72102288000002,26.7651802233918],[119.71852749384138,26.765856086783227],[119.71687320447631,26.76765585030667],[119.71661760796088,26.77574853208251],[119.71728827069495,26.7771940380376],[119.71890556553214,26.778502673063524],[119.7205826285237,26.778956844703995],[119.72395738430238,26.77889910491235],[119.72625714535735,26.77780168632974],[119.72737929186002,26.77613025835295],[119.72748639325123,26.768408144961775],[119.72681573051719,26.766962527169753],[119.72519843567999,26.765653759155256],[119.72102288000002,26.7651802233918]]]},"properties":{"terminal_id":233,"lat":26.77279471875,"lon":119.72166615625,"berth_count":1,"dwell_minutes":56035.5,"center_method":"duration_weighted_berth_medoid"}},{"type":"Feature","geometry":{"type":"Polygon","coordinates":[[[119.72916080645162,26.6103282980475],[119.72704349198374,26.61080247759051],[119.72542619714655,26.612113024951487],[119.72469085819918,26.613950422989838],[119.72486263580372,26.615951865981053],[119.72598478230638,26.617625645405003],[119.72744195457025,26.618496102442556],[119.73222783581161,26.61862885843883],[119.73377342591654,26.617890284142515],[119.73488521675576,26.61667913761723],[119.73539394825244,26.615179793467952],[119.7352221706479,26.6131783369625],[119.73439603552518,26.61179649188496],[119.73304131446787,26.61080247759051],[119.72916080645162,26.6103282980475]]]},"properties":{"terminal_id":234,"lat":26.614762193548387,"lon":119.72932722580646,"berth_count":1,"dwell_minutes":9181.466666666667,"center_method":"duration_weighted_berth_medoid"}},{"type":"Feature","geometry":{"type":"Polygon","coordinates":[[[122.1843610173294,37.453945],[122.18511798444491,37.45592591713706],[122.18754875793834,37.457356992330226],[122.19892076470589,37.457510518873704],[122.20337678864254,37.4571596691497],[122.20499504280974,37.4566265309356],[122.20645956924214,37.45534232905953],[122.2069888274338,37.453661750433064],[122.2059686514135,37.45140051148144],[122.20341234112648,37.450173705080466],[122.2030704402296,37.447465396718485],[122.20103807917377,37.44568513699091],[122.19892076470589,37.44526406731847],[122.18885259374998,37.44526406731847],[122.18635720759134,37.44586504724454],[122.18470291822626,37.447465396718485],[122.1843610173294,37.453945]]]},"properties":{"terminal_id":235,"lat":37.45089319298246,"lon":122.19509605263156,"berth_count":2,"dwell_minutes":110506.35,"center_method":"duration_weighted_berth_medoid"}},{"type":"Feature","geometry":{"type":"Polygon","coordinates":[[[118.73466160539759,24.71955261538462],[118.73519196506241,24.721475895990466],[118.73665779565955,24.72294495948899],[118.73871293034188,24.723612896037285],[118.74081083581162,24.723456864176498],[118.7454717521622,24.72012314967349],[118.7462070911096,24.718256330737393],[118.74603531350502,24.71639794944902],[118.74520917838232,24.714993945180666],[118.743854457325,24.713983991627117],[118.74217739433344,24.713521855942425],[118.73981876418834,24.713677900258553],[118.73568114629299,24.71651914356313],[118.7348550111703,24.717923130628456],[118.73466160539759,24.71955261538462]]]},"properties":{"terminal_id":236,"lat":24.719491923076927,"lon":118.73919741758245,"berth_count":2,"dwell_minutes":15269.666666666666,"center_method":"duration_weighted_berth_medoid"}},{"type":"Feature","geometry":{"type":"Polygon","coordinates":[[[121.41662273003102,31.471830674418605],[121.4169646309279,31.47329666645902],[121.41815965274606,31.47471057534718],[121.41835305851875,31.477943238228498],[121.41947520502141,31.47953990403396],[121.42177496607638,31.480588233576675],[121.42687100147631,31.48064339054354],[121.42960677414523,31.47953990403396],[121.4308801409876,31.477324927552566],[121.43480367791688,31.4771599818976],[121.43697187763044,31.475924414140994],[121.4379697903577,31.473869703935243],[121.4379697903577,31.46948650220982],[121.4372344514103,31.467733623807305],[121.4352186939866,31.46632261307119],[121.42730870407921,31.46604943696721],[121.424899529639,31.466900602380214],[121.42358045506019,31.468440828647516],[121.42111430645161,31.46787142818017],[121.41861892029297,31.468517068202424],[121.41715308969583,31.469896492696773],[121.41662273003102,31.471830674418605]]]},"properties":{"terminal_id":237,"lat":31.4746074,"lon":121.42618126666666,"berth_count":3,"dwell_minutes":257753.6166666666,"center_method":"duration_weighted_berth_medoid"}},{"type":"Feature","geometry":{"type":"Polygon","coordinates":[[[117.73803796,38.959057206613885],[117.73592064553212,38.959469610684934],[117.73430335069493,38.96060941811084],[117.73356801174756,38.962207428494985],[117.7337397893521,38.96411390936043],[117.73486193585477,38.96556959566832],[117.73631910811864,38.96632662893265],[117.74096033581162,38.96644208612689],[117.74250592591655,38.96579975124511],[117.74361771675576,38.964746418708074],[117.74412644825244,38.963442434838846],[117.74395467064791,38.96153593590416],[117.74312853552519,38.96033412389599],[117.74177381446789,38.959469610684934],[117.73803796,38.959057206613885]]]},"properties":{"terminal_id":238,"lat":38.9630431617647,"lon":117.73863138235296,"berth_count":1,"dwell_minutes":11596.916666666666,"center_method":"duration_weighted_berth_medoid"}},{"type":"Feature","geometry":{"type":"Polygon","coordinates":[[[119.65936145000002,26.715062639743],[119.65724413553214,26.715536384243507],[119.65562684069495,26.716845729187636],[119.65489150174758,26.71868144133566],[119.65486987357941,26.72175522222222],[119.65521177447631,26.723290491600473],[119.65618542585479,26.72459201391168],[119.65764259811866,26.725461655020847],[119.6596077777778,26.72576703079158],[119.66172509224566,26.725293328871906],[119.66334238708286,26.723984081103847],[119.66407772603023,26.72214845447737],[119.66409935419838,26.71907468421052],[119.66375745330149,26.717539357965073],[119.66278380192303,26.71623775500361],[119.66132662965916,26.715368043415495],[119.65936145000002,26.715062639743]]]},"properties":{"terminal_id":239,"lat":26.720478928571428,"lon":119.65949335714286,"berth_count":1,"dwell_minutes":27132.516666666663,"center_method":"duration_weighted_berth_medoid"}},{"type":"Feature","geometry":{"type":"Polygon","coordinates":[[[119.65647231034484,26.72316305924245],[119.65435499587696,26.723636770029696],[119.65251109358906,26.725283705729915],[119.65200236209238,26.726781603294924],[119.6520670383057,26.730948342420117],[119.65273770103977,26.73239441828095],[119.65435499587696,26.73370356927444],[119.65603205886853,26.734157919990807],[119.6585732176357,26.73410015743271],[119.66054638046198,26.7332666772898],[119.66184663006916,26.731700880043274],[119.66210222658458,26.726392173943076],[119.66143156385051,26.724946021793535],[119.66019234070409,26.723839172440957],[119.6585732176357,26.723240145398208],[119.65647231034484,26.72316305924245]]]},"properties":{"terminal_id":240,"lat":26.72830692753623,"lon":119.6571300289855,"berth_count":1,"dwell_minutes":14476.183333333334,"center_method":"duration_weighted_berth_medoid"}},{"type":"Feature","geometry":{"type":"Polygon","coordinates":[[[121.62305774142484,31.37474945371285],[121.61984068553213,31.37556736709122],[121.61822339069492,31.37681884518694],[121.6174664235794,31.378949285714285],[121.61799678324422,31.38130421270599],[121.61910857408346,31.382460759075105],[121.62065416418835,31.383166036447292],[121.62329478851392,31.38323832502123],[121.62552874852369,31.38397930645055],[121.62844164780121,31.38354500317606],[121.6302855500891,31.38197084987787],[121.63169729564791,31.378447061239672],[121.63186907325245,31.376809380943797],[121.63136034175577,31.375377558038142],[121.62989451115862,31.37399674260923],[121.62783937647633,31.373368917556082],[121.6252227096429,31.373515579935688],[121.62305774142484,31.37474945371285]]]},"properties":{"terminal_id":241,"lat":31.378347166666668,"lon":121.62459691666668,"berth_count":4,"dwell_minutes":1720.9833333333336,"center_method":"duration_weighted_berth_medoid"}},{"type":"Feature","geometry":{"type":"Polygon","coordinates":[[[110.64378634210524,19.284408681181432],[110.64206749022388,19.28473139799373],[110.64031430658005,19.285958684690694],[110.63948817145736,19.287417532749693],[110.63929476568464,19.289091749999997],[110.63963666658154,19.290714104131588],[110.64061031796001,19.292089456960152],[110.64206749022388,19.29300843189927],[110.64390149999998,19.2933311317599],[110.64562035188135,19.29300843189927],[110.64737353552518,19.291781198050323],[110.64819967064788,19.290322388875637],[110.64839307642058,19.288648184210526],[110.64805117552369,19.287025809605964],[110.64707752414522,19.285650414236862],[110.64562035188135,19.28473139799373],[110.64378634210524,19.284408681181432]]]},"properties":{"terminal_id":242,"lat":19.288712221238935,"lon":110.64382705309735,"berth_count":1,"dwell_minutes":7214.650000000001,"center_method":"duration_weighted_berth_medoid"}},{"type":"Feature","geometry":{"type":"Polygon","coordinates":[[[121.5973204210526,31.520011533246453],[121.59520310658472,31.520463641290537],[121.59335920429685,31.52203546901799],[121.592828844632,31.523840333333325],[121.5931707455289,31.526690774159256],[121.59414439690737,31.52793285468574],[121.59601658524099,31.528889351009692],[121.60135885188139,31.528762777154142],[121.60281602414526,31.52793285468574],[121.60393817064792,31.526337015173414],[121.60378967552373,31.522375133510145],[121.60281602414526,31.521132979078235],[121.60135885188139,31.520302988816937],[121.5973204210526,31.520011533246453]]]},"properties":{"terminal_id":243,"lat":31.524743907407405,"lon":121.5983034074074,"berth_count":1,"dwell_minutes":16703.75,"center_method":"duration_weighted_berth_medoid"}},{"type":"Feature","geometry":{"type":"Polygon","coordinates":[[[118.67837996411997,24.888175027027028],[118.67913693123549,24.890438648149093],[118.68075422607268,24.891768316831858],[118.6834912,24.89224940753066],[118.68598658615862,24.891562760023593],[118.68764087552371,24.889734240821525],[118.6879827764206,24.887548042861116],[118.68980656959975,24.886545807886293],[118.69078022097825,24.885223937402305],[118.69110049370698,24.88321955830272],[118.69036515475959,24.881355193282353],[118.68912593161316,24.88023098850271],[118.6875068085448,24.87962256899386],[118.68574216548116,24.87962256899386],[118.68412304241279,24.88023098850271],[118.68265721181565,24.881698172251987],[118.6821323696917,24.88351705379576],[118.68037615438192,24.88414390188131],[118.67913693123549,24.885268071051737],[118.67837996411997,24.888175027027028]]]},"properties":{"terminal_id":244,"lat":24.888135333333334,"lon":118.6829576904762,"berth_count":2,"dwell_minutes":8231.8,"center_method":"duration_weighted_berth_medoid"}},{"type":"Feature","geometry":{"type":"Polygon","coordinates":[[[114.62364221485392,22.735756379207093],[114.62276896010371,22.73750161863816],[114.62287606149495,22.740253510101823],[114.62399820799762,22.74198015623005],[114.62629796905257,22.743113831657684],[114.62918185188136,22.742878108221785],[114.63131629860857,22.74116980597497],[114.63362987554021,22.740688918716227],[114.6349926037256,22.739663885065475],[114.63593201080955,22.737839250211557],[114.63582550398121,22.735640980312894],[114.63470335747853,22.73391425412182],[114.6332461852147,22.7330162432531],[114.62947092975696,22.731841711354168],[114.62724962579861,22.731841711354168],[114.62563050273025,22.732460277943716],[114.6241646721331,22.73395193206766],[114.62364221485392,22.735756379207093]]]},"properties":{"terminal_id":245,"lat":22.73903053488372,"lon":114.62724341860466,"berth_count":3,"dwell_minutes":29513.866666666672,"center_method":"duration_weighted_berth_medoid"}},{"type":"Feature","geometry":{"type":"Polygon","coordinates":[[[116.48165789855071,23.466006507749178],[116.47954058408283,23.466493003911616],[116.47769668179495,23.46818439193577],[116.47718795029827,23.469722721580045],[116.4772526265116,23.47404374655047],[116.47792328924567,23.47552886364265],[116.47954058408283,23.476873361025664],[116.48121764707439,23.477339979386645],[116.48395917218114,23.47728065720537],[116.48593233500742,23.476424672989996],[116.4872325846146,23.474816600953996],[116.48748818113002,23.46932278031286],[116.48681751839595,23.467837593368017],[116.48557829524952,23.466700869200903],[116.48395917218114,23.46608567443164],[116.48165789855071,23.466006507749178]]]},"properties":{"terminal_id":246,"lat":23.47235981818182,"lon":116.48255020454545,"berth_count":1,"dwell_minutes":50571.95000000001,"center_method":"duration_weighted_berth_medoid"}},{"type":"Feature","geometry":{"type":"Polygon","coordinates":[[[119.81806966666666,26.6911805141886],[119.81595235219878,26.691654358029375],[119.81433505736157,26.6929639775407],[119.81359971841421,26.694800074655156],[119.81366439462751,26.697179350444777],[119.81433505736157,26.69862585529853],[119.81595235219878,26.699935394683365],[119.81762941519034,26.700389880198],[119.82018517218118,26.7003321005026],[119.82215833500746,26.699498373082182],[119.82327012584669,26.698288092292525],[119.82377885734338,26.69678981983401],[119.82371418113006,26.69441053591023],[119.82304351839599,26.6929639775407],[119.82180429524955,26.691856817291082],[119.82018517218118,26.691257621995785],[119.81806966666666,26.6911805141886]]]},"properties":{"terminal_id":247,"lat":26.6963035,"lon":119.81918172727272,"berth_count":1,"dwell_minutes":26415.533333333333,"center_method":"duration_weighted_berth_medoid"}},{"type":"Feature","geometry":{"type":"Polygon","coordinates":[[[121.75008167357937,31.278826000000002],[121.7503241899519,31.280057621261648],[121.74753616939691,31.280704553117307],[121.74588188003183,31.28242727168745],[121.74556160730309,31.285072903753427],[121.74629694625048,31.28682919347297],[121.74791424108768,31.288081852070697],[121.75127451093452,31.28850016865532],[121.75348686418839,31.289789079305496],[121.75566185147629,31.289935871984074],[121.75771698615863,31.28930748593963],[121.75951977064788,31.287230231546463],[121.75969154825245,31.28523616506594],[121.75906812229158,31.283639414240536],[121.76009338342243,31.282548677023627],[121.76060211491911,31.281115419543585],[121.76043033731455,31.27903455977569],[121.75866648430507,31.275964525723975],[121.75623571081161,31.274423715255374],[121.7528543981186,31.274550632564704],[121.75061203324421,31.27628765423258],[121.75008167357937,31.278826000000002]]]},"properties":{"terminal_id":248,"lat":31.280148875,"lon":121.755771625,"berth_count":4,"dwell_minutes":1587.1,"center_method":"duration_weighted_berth_medoid"}},{"type":"Feature","geometry":{"type":"Polygon","coordinates":[[[119.97831606666666,31.986658290843113],[119.97582068050805,31.98730032650641],[119.97416639114296,31.989010006543328],[119.97401789601876,31.99462805358589],[119.97514004252143,31.996215838604268],[119.97701223085502,31.997167507143498],[119.98243502936,31.997167507143498],[119.98430721769363,31.996215838604268],[119.98542936419626,31.99462805358589],[119.98542936419626,31.98936200163349],[119.98430721769363,31.987774097962575],[119.98285004542976,31.98694828097056],[119.97831606666666,31.986658290843113]]]},"properties":{"terminal_id":249,"lat":31.99190445,"lon":119.979788725,"berth_count":1,"dwell_minutes":13947.3,"center_method":"duration_weighted_berth_medoid"}},{"type":"Feature","geometry":{"type":"Polygon","coordinates":[[[120.3869991684258,31.965921175031536],[120.38582407192122,31.967504110099505],[120.3856785916491,31.969370692482265],[120.3865977911328,31.97107103689046],[120.38877893546413,31.972323908950216],[120.39335561990991,31.972566269619886],[120.39604544966306,31.97145749036508],[120.39792277529948,31.972414224047323],[120.40062095539794,31.97250507844822],[120.40292071645293,31.97146229871617],[120.40404286295558,31.969874085275606],[120.40421464056014,31.96822689796902],[120.40370590906345,31.966804164257862],[120.40259411822424,31.965654872713607],[120.40104852811932,31.96495400542269],[120.39835034802086,31.964863143548516],[120.39603751741978,31.965918231657323],[120.3940034646469,31.964914885773563],[120.39015284594944,31.964667738941916],[120.38838317873406,31.965049537091794],[120.3869991684258,31.965921175031536]]]},"properties":{"terminal_id":250,"lat":31.96861916770186,"lon":120.39020694409938,"berth_count":3,"dwell_minutes":72968.91666666666,"center_method":"duration_weighted_berth_medoid"}},{"type":"Feature","geometry":{"type":"Polygon","coordinates":[[[118.46825000000001,38.96928332436432],[118.46540057408347,38.97007599588036],[118.46384472796088,38.97209411408821],[118.4637584235794,38.98970979999999],[118.4641003244763,38.991045780440345],[118.46540057408347,38.99240841932138],[118.4669461641884,38.993050512863476],[118.46878579999999,38.99320083198079],[118.47163522591651,38.99240841932138],[118.47319107203911,38.9903908800732],[118.4732773764206,38.97277536363636],[118.4729354755237,38.971439038398174],[118.47163522591651,38.97007599588036],[118.47008963581162,38.96943369395014],[118.46825000000001,38.96928332436432]]]},"properties":{"terminal_id":251,"lat":38.98024149056604,"lon":118.46866371698113,"berth_count":1,"dwell_minutes":121603.08333333334,"center_method":"duration_weighted_berth_medoid"}},{"type":"Feature","geometry":{"type":"Polygon","coordinates":[[[121.1547475959596,30.62922181734965],[121.15579299766367,30.629111097825813],[121.15523327357941,30.631061838383832],[121.15599024069493,30.633209009339616],[121.15722946384136,30.634275289102813],[121.1588495598081,30.634852474825507],[121.15952292915644,30.63626131011446],[121.16114022399364,30.63752253140529],[121.16301243924447,30.637968496190457],[121.16617175922971,30.6395866983767],[121.16789061111109,30.639880866081604],[121.17008455837032,30.639424550179672],[121.1719284606582,30.63783805920776],[121.17243719215487,30.63558430816184],[121.17143927942762,30.63351137031629],[121.16688857308858,30.62976839419382],[121.1638676201785,30.629312030593645],[121.1615379837495,30.62740442649962],[121.15867944829591,30.62722094267185],[121.1592391723802,30.625356818181807],[121.15870881271536,30.62350970254628],[121.15686491042747,30.62192295061833],[121.15472912500002,30.621466550022767],[121.15301027311865,30.621760772819176],[121.15155310085478,30.62259864355511],[121.15057944947631,30.623852592177265],[121.15023754857941,30.625356818181807],[121.15057944947631,30.626835907561876],[121.15155310085478,30.628089801287018],[121.15301027311865,30.628927617233895],[121.1547475959596,30.62922181734965]]]},"properties":{"terminal_id":252,"lat":30.63103702620087,"lon":121.15978024890828,"berth_count":5,"dwell_minutes":87457.29999999999,"center_method":"duration_weighted_berth_medoid"}},{"type":"Feature","geometry":{"type":"Polygon","coordinates":[[[121.73869581818178,29.977944938182024],[121.7365785037139,29.97840434410503],[121.73473460142603,29.980001544870305],[121.73420424176118,29.98183554545454],[121.73473460142603,29.983831360278998],[121.73584639226526,29.985004767298584],[121.73781955509153,29.985813092631208],[121.74184816219059,29.985869111864638],[121.74352522518215,29.98542847376615],[121.74487994623946,29.98446548864144],[121.74570608136216,29.983126749845333],[121.74587785896672,29.981454205992666],[121.74536912747003,29.980001544870305],[121.74425733663082,29.978828078733756],[121.7427117465259,29.978112469564905],[121.73869581818178,29.977944938182024]]]},"properties":{"terminal_id":253,"lat":29.98194406521739,"lon":121.73909782608696,"berth_count":1,"dwell_minutes":25859.466666666664,"center_method":"duration_weighted_berth_medoid"}},{"type":"Feature","geometry":{"type":"Polygon","coordinates":[[[121.13335999999998,31.71960940361852],[121.1316411481186,31.71990023473853],[121.12988796447479,31.72100625757667],[121.1290618293521,31.722320955634355],[121.12889005174753,31.724053474451242],[121.12939878324421,31.72547995721294],[121.13051057408346,31.726632245087224],[121.13205616418836,31.727334925504113],[121.1342250014763,31.72748103260294],[121.13590206446786,31.727048325451225],[121.13725678552517,31.726102672531816],[121.13808292064786,31.724788028115768],[121.13825469825242,31.723055523029704],[121.13774596675574,31.721629002953414],[121.1366341759165,31.72047665287494],[121.1350885858116,31.71977392046047],[121.13335999999998,31.71960940361852]]]},"properties":{"terminal_id":254,"lat":31.72343,"lon":121.13336,"berth_count":1,"dwell_minutes":160.2,"center_method":"duration_weighted_berth_medoid"}},{"type":"Feature","geometry":{"type":"Polygon","coordinates":[[[121.15182512499999,31.704295522556762],[121.14970781053213,31.704746736459224],[121.14809051569493,31.70599380921535],[121.14741985296087,31.707371277868795],[121.14735517674754,31.71000665619433],[121.14786390824423,31.711433355112547],[121.14897569908346,31.712585817600647],[121.15052128918836,31.713288604502157],[121.15257750147632,31.713434733742417],[121.15425456446788,31.71300196101746],[121.15587185930504,31.711754982499276],[121.1565425220391,31.71037757895766],[121.15660719825243,31.707742211172974],[121.15609846675575,31.706315455467717],[121.1549866759165,31.705162915053908],[121.15182512499999,31.704295522556762]]]},"properties":{"terminal_id":255,"lat":31.70868815384615,"lon":121.15198476923076,"berth_count":1,"dwell_minutes":550.4333333333333,"center_method":"duration_weighted_berth_medoid"}},{"type":"Feature","geometry":{"type":"Polygon","coordinates":[[[121.40099328301888,39.50187584086378],[121.3992744311375,39.50213965238001],[121.39781725887364,39.50289091853047],[121.39684360749517,39.50401525260873],[121.39650170659827,39.5053457797834],[121.39684360749517,39.50667197348086],[121.39781725887364,39.50779624638647],[121.3992744311375,39.508547451387386],[121.40104625,39.50881123757758],[121.40276510188139,39.508547451387386],[121.40422227414523,39.50779624638647],[121.40519592552371,39.50667197348086],[121.40553782642058,39.505341471698095],[121.40519592552371,39.50401525260873],[121.40422227414523,39.50289091853047],[121.40276510188139,39.50213965238001],[121.40099328301888,39.50187584086378]]]},"properties":{"terminal_id":256,"lat":39.5053457797834,"lon":121.4010123537906,"berth_count":1,"dwell_minutes":14457.383333333337,"center_method":"duration_weighted_berth_medoid"}},{"type":"Feature","geometry":{"type":"Polygon","coordinates":[[[122.12957839999996,40.32650927544061],[122.12708301384134,40.327086361232865],[122.12528022935209,40.32893946629529],[122.12510845174752,40.33405771501937],[122.12610636447478,40.335894164509334],[122.12746108553209,40.33674163619081],[122.12957839999996,40.337145903443215],[122.13737236912334,40.33712941739504],[122.13978154356357,40.336368755098945],[122.14089333440282,40.33533610074351],[122.1414020658995,40.33405771501937],[122.1414020658995,40.32959780930169],[122.14040415317224,40.32776118846011],[122.1378083807373,40.32657507119312],[122.12957839999996,40.32650927544061]]]},"properties":{"terminal_id":257,"lat":40.33170315384616,"lon":122.13298356410256,"berth_count":1,"dwell_minutes":112759.76666666666,"center_method":"duration_weighted_berth_medoid"}},{"type":"Feature","geometry":{"type":"Polygon","coordinates":[[[113.65772878901433,22.667553348027404],[113.65404454267497,22.668042739972183],[113.65268982161766,22.66906864467816],[113.65186368649496,22.670494824796243],[113.65201218161914,22.673850446641744],[113.65298583299762,22.67519499347283],[113.65444300526148,22.676093383596264],[113.65912140732046,22.676388898613407],[113.66138904511588,22.675564981200683],[113.66358363581163,22.675386525078427],[113.66732720434041,22.673917768335027],[113.6689814937055,22.672057788799993],[113.6693233946024,22.67047175],[113.6689814937055,22.668733213825156],[113.66800784232703,22.667388603650362],[113.66655067006316,22.666490156510353],[113.66319137352367,22.66619462016577],[113.65924276418838,22.666812660573846],[113.65772878901433,22.667553348027404]]]},"properties":{"terminal_id":258,"lat":22.671367146666668,"lon":113.66056634222222,"berth_count":3,"dwell_minutes":34841.833333333336,"center_method":"duration_weighted_berth_medoid"}},{"type":"Feature","geometry":{"type":"Polygon","coordinates":[[[119.89747842052427,32.13467823701614],[119.89579609601877,32.13666094233765],[119.8956243184142,32.14003482554465],[119.8963596573616,32.14177499506691],[119.8983754147853,32.143175727769396],[119.90282643581162,32.14330146165853],[119.90618805282529,32.14182096714144],[119.90760068639011,32.14052669063727],[119.90936424897623,32.139997146836855],[119.91038378987163,32.14262775796987],[119.91297956230656,32.14394512432992],[119.91649759331403,32.14356913568673],[119.91852995436986,32.14167046614232],[119.9188502270986,32.13794863219522],[119.91811488815121,32.13620838966013],[119.91687566500478,32.13515902689685],[119.9152565419364,32.13459111082689],[119.91297956230656,32.13459111082689],[119.911318543532,32.1351853385057],[119.91048878552517,32.1338642827914],[119.90922894780113,32.13297096408041],[119.91002594825245,32.13116022015037],[119.90970567552371,32.12929906843941],[119.90873202414524,32.128065053657615],[119.90727485188137,32.12724050203953],[119.905556,32.12695095624811],[119.90363789811862,32.12724050203953],[119.90218072585478,32.128065053657615],[119.90108909732515,32.12957829484659],[119.89883182408346,32.1304042894675],[119.8973830793521,32.1322403888298],[119.89747842052427,32.13467823701614]]]},"properties":{"terminal_id":259,"lat":32.1391708627451,"lon":119.91410598039216,"berth_count":6,"dwell_minutes":17368.666666666668,"center_method":"duration_weighted_berth_medoid"}},{"type":"Feature","geometry":{"type":"Polygon","coordinates":[[[113.57450775,22.856464430764245],[113.57239043553211,22.85695314613982],[113.57077314069493,22.85830386933946],[113.57003780174753,22.860197597691545],[113.5702095793521,22.862021945275043],[113.57133172585476,22.863747049404445],[113.57278889811862,22.864644199427396],[113.57709512992926,22.864781026530114],[113.57864072003417,22.86401980332068],[113.57975251087339,22.862771517527634],[113.5802612423701,22.861226199091472],[113.58008946476554,22.859401840825466],[113.57926332964283,22.85797763251968],[113.57790860858552,22.85695314613982],[113.57450775,22.856464430764245]]]},"properties":{"terminal_id":260,"lat":22.86060326923077,"lon":113.57450775,"berth_count":1,"dwell_minutes":2763.8999999999996,"center_method":"duration_weighted_berth_medoid"}},{"type":"Feature","geometry":{"type":"Polygon","coordinates":[[[113.5677199235794,22.871789182481752],[113.56859769992799,22.874238436816665],[113.56836981229822,22.878774387402427],[113.56930304881215,22.88059230834426],[113.57065776986947,22.881616616458626],[113.57233483286103,22.882085315170976],[113.57449099581162,22.881927055164386],[113.57603658591653,22.88116592804887],[113.57748533064789,22.87916832219082],[113.5776787364206,22.875750759036144],[113.57657174629715,22.87303651652835],[113.57669671729461,22.870247749678462],[113.57576348078067,22.868429690257127],[113.57316770834574,22.866996126581125],[113.57049264811863,22.867231635408494],[113.56825028324424,22.869104255833356],[113.5677199235794,22.871789182481752]]]},"properties":{"terminal_id":261,"lat":22.8767473814433,"lon":113.57291879381444,"berth_count":2,"dwell_minutes":17196.61666666667,"center_method":"duration_weighted_berth_medoid"}},{"type":"Feature","geometry":{"type":"Polygon","coordinates":[[[115.03491715277777,22.74173767619873],[115.03279983830988,22.742226803092542],[115.03118254347271,22.74357866369956],[115.03044720452532,22.745473986816435],[115.03051188073864,22.74826335333328],[115.03118254347271,22.749756521019386],[115.03279983830988,22.751108307142236],[115.03447690130145,22.751577455211724],[115.03685181481438,22.75151781142055],[115.03882497764066,22.750657186650674],[115.03993676847989,22.74940786187268],[115.04044549997658,22.747861257297217],[115.04038082376326,22.745071882572926],[115.03971016102919,22.74357866369956],[115.03847093788275,22.74243579243088],[115.03685181481438,22.74181727097199],[115.03491715277777,22.74173767619873]]]},"properties":{"terminal_id":262,"lat":22.746568777777775,"lon":115.03546535897436,"berth_count":1,"dwell_minutes":8796.883333333333,"center_method":"duration_weighted_berth_medoid"}},{"type":"Feature","geometry":{"type":"Polygon","coordinates":[[[113.20967875,21.948245025737307],[113.20795989811862,21.94856214593825],[113.20620671447479,21.949768148062873],[113.20527347796087,21.95159826832464],[113.20520880174755,21.953578188134582],[113.20594414069492,21.955484286181544],[113.20718336384137,21.95663362955575],[113.20880248690973,21.957255645831317],[113.21085477147632,21.95731563061765],[113.21253183446788,21.956843800360804],[113.21414912930507,21.955484286181544],[113.21481979203914,21.953982582689928],[113.21488446825246,21.95200266851261],[113.21437573675577,21.950447188536618],[113.21326394591655,21.949190669056517],[113.21171835581164,21.94842441370548],[113.20967875,21.948245025737307]]]},"properties":{"terminal_id":263,"lat":21.952764533333333,"lon":113.21007233333331,"berth_count":1,"dwell_minutes":7784.683333333333,"center_method":"duration_weighted_berth_medoid"}},{"type":"Feature","geometry":{"type":"Polygon","coordinates":[[[109.15074192357942,19.76991901709402],[109.15149889069494,19.772267304103966],[109.15392966418838,19.77396379571427],[109.15587138088809,19.77412544430174],[109.15806713392197,19.773335323557404],[109.16038595918367,19.773597827905046],[109.16210481106503,19.773276086267646],[109.1635619833289,19.772359840044675],[109.16468412983156,19.77059801857718],[109.16453563470736,19.764919934585876],[109.1635619833289,19.763548601373426],[109.16210481106503,19.762632299242807],[109.16038595918367,19.762310535474654],[109.15789120367418,19.762632299242807],[109.15613802003035,19.763855961390796],[109.15522802979062,19.765625546176608],[109.15351464811863,19.76594705035477],[109.15205747585478,19.7668633334373],[109.1510838244763,19.768234638140882],[109.15074192357942,19.76991901709402]]]},"properties":{"terminal_id":264,"lat":19.768469779661014,"lon":109.15975439830508,"berth_count":2,"dwell_minutes":69308.53333333334,"center_method":"duration_weighted_berth_medoid"}},{"type":"Feature","geometry":{"type":"Polygon","coordinates":[[[120.53384866666666,32.008115814775216],[120.53659146767897,32.00893311466952],[120.53864418309027,32.00893311466952],[120.54094394414524,32.00789074898084],[120.54213017834493,32.00608620562418],[120.54513429693087,32.006340211510064],[120.54718943161316,32.005716649718686],[120.5484286547596,32.00466578839146],[120.54909931749366,32.00329275374886],[120.54909931749366,32.00126023331287],[120.5484286547596,31.99988714766844],[120.54641289733591,31.998484218262835],[120.54379108208957,31.998194264606646],[120.54094165617302,31.999058897272423],[120.53934860044234,32.00147296029507],[120.5374669461682,32.001224974479264],[120.5347249297569,31.999738325737773],[120.53255616548117,31.999738325737773],[120.5309370424128,32.000307079851744],[120.52913425792354,32.00236846260875],[120.52913425792354,32.00541265686923],[120.5309370424128,32.007473924832375],[120.53384866666666,32.008115814775216]]]},"properties":{"terminal_id":265,"lat":32.00215010833333,"lon":120.5446239,"berth_count":3,"dwell_minutes":21864.800000000003,"center_method":"duration_weighted_berth_medoid"}},{"type":"Feature","geometry":{"type":"Polygon","coordinates":[[[121.1343794854369,28.091528914280406],[121.13266063355553,28.091830537629416],[121.13120346129166,28.092689483612336],[121.1302298099132,28.093974974279103],[121.1298879090163,28.09561395145631],[121.1302298099132,28.097130248139347],[121.13120346129166,28.0984156856183],[121.13266063355553,28.099274578900882],[121.13455585294115,28.099576180482607],[121.13627470482254,28.099274578900882],[121.13773187708638,28.0984156856183],[121.13870552846488,28.097130248139347],[121.13904742936175,28.09549129411764],[121.13870552846488,28.093974974279103],[121.13773187708638,28.092689483612336],[121.13627470482254,28.091830537629416],[121.1343794854369,28.091528914280406]]]},"properties":{"terminal_id":266,"lat":28.095589733333338,"lon":121.134424,"berth_count":1,"dwell_minutes":7761.333333333333,"center_method":"duration_weighted_berth_medoid"}},{"type":"Feature","geometry":{"type":"Polygon","coordinates":[[[121.69530760004999,39.0150298520221],[121.69436757220922,39.01632837040006],[121.69419579460465,39.01834379462061],[121.69493113355205,39.01994050205407],[121.69617035669847,39.020903281288575],[121.69822549138078,39.021474575805044],[121.701641347316,39.021421808749885],[121.70328525497939,39.02088177827301],[121.70452866816612,39.01988697939785],[121.70522930030656,39.01824816303916],[121.70502125791087,39.012696933588614],[121.70448281730019,39.01142747568299],[121.70301925790376,39.010211378622415],[121.69979917647059,39.009644342388576],[121.69694975055404,39.010436562029355],[121.69550100582269,39.01212130104118],[121.69530760004999,39.0150298520221]]]},"properties":{"terminal_id":267,"lat":39.01780469483568,"lon":121.69959503755868,"berth_count":2,"dwell_minutes":43244.183333333334,"center_method":"duration_weighted_berth_medoid"}},{"type":"Feature","geometry":{"type":"Polygon","coordinates":[[[120.91314862810435,27.97481870179695],[120.90985179981783,27.975287089953945],[120.907819438762,27.977267416323183],[120.90767094363781,27.98045770941118],[120.90947372812707,27.982604322757172],[120.91152886280939,27.98325369133869],[120.91480893581752,27.98319657674449],[120.91770873363346,27.98178845052779],[120.92005047725857,27.98132009060353],[120.92166777209577,27.980025606946164],[120.92233843482983,27.978595731742253],[120.92233843482983,27.976570140229338],[120.92166777209577,27.975140219215834],[120.92042854894933,27.974045792247246],[120.91880942588097,27.973453488009323],[120.91644448661893,27.973396368225256],[120.91314862810435,27.97481870179695]]]},"properties":{"terminal_id":268,"lat":27.9790425,"lon":120.91302586363636,"berth_count":3,"dwell_minutes":35914.96666666667,"center_method":"duration_weighted_berth_medoid"}},{"type":"Feature","geometry":{"type":"Polygon","coordinates":[[[116.47317340000001,23.45803250812817],[116.47145454811863,23.458346151193183],[116.46970136447479,23.45953892942012],[116.4688752293521,23.460956755649953],[116.46870345174756,23.46310610062574],[116.46921218324424,23.464644489460994],[116.47032397408346,23.465887177305525],[116.47186956418838,23.466644986663557],[116.47405141814299,23.46680255680099],[116.47572848113455,23.466335901174283],[116.47734577597176,23.464991296419054],[116.4780164387058,23.46350606073145],[116.47808111491912,23.461748946457817],[116.47757238342243,23.460210523878025],[116.47646059258322,23.458967782593582],[116.47491500247828,23.458209929162113],[116.47317340000001,23.45803250812817]]]},"properties":{"terminal_id":269,"lat":23.46270225,"lon":116.473496125,"berth_count":1,"dwell_minutes":484.3833333333333,"center_method":"duration_weighted_berth_medoid"}},{"type":"Feature","geometry":{"type":"Polygon","coordinates":[[[118.71693476562497,24.813693790544],[118.71481745115709,24.814175184986027],[118.7129735488692,24.81584883525279],[118.71244318920436,24.817770625000005],[118.7129735488692,24.819879882030406],[118.71408533970845,24.821109463957857],[118.71605850253472,24.821956487873006],[118.71972025147632,24.822015189068626],[118.72139731446788,24.821553455238732],[118.72275203552518,24.820544367943885],[118.72357817064787,24.81914154066255],[118.72374994825243,24.817371031274508],[118.72324121675575,24.81584883525279],[118.72099885188136,24.814004125805152],[118.71693476562497,24.813693790544]]]},"properties":{"terminal_id":270,"lat":24.81795021875,"lon":118.716934765625,"berth_count":1,"dwell_minutes":2462.4,"center_method":"duration_weighted_berth_medoid"}},{"type":"Feature","geometry":{"type":"Polygon","coordinates":[[[118.97834789326896,25.215903232063962],[118.9768271912394,25.216804664950985],[118.97585353986094,25.218122964665266],[118.97551163896404,25.219677986842107],[118.97585353986094,25.221650581577098],[118.9768271912394,25.222968828778406],[118.97828436350326,25.223849645435486],[118.98181828318005,25.223983981436998],[118.98369047151363,25.222968828778406],[118.98472810779523,25.221488803808885],[118.98748722955504,25.220059351682426],[118.98831336467774,25.21866108238837],[118.98850677045044,25.217113882015592],[118.99115009896951,25.216938907719207],[118.99331829868308,25.215628219655734],[118.99425153519702,25.213843064680454],[118.9941444338058,25.21101069984214],[118.99302228730313,25.209316834622776],[118.99156511503926,25.208435912750975],[118.98712130704556,25.208301559581816],[118.9846905335521,25.209932645595444],[118.98393356643656,25.212229421061515],[118.98151446651394,25.212404402130282],[118.97964227818036,25.213419642944192],[118.97834789326896,25.215903232063962]]]},"properties":{"terminal_id":271,"lat":25.216802262626263,"lon":118.98359955555556,"berth_count":3,"dwell_minutes":22043.383333333335,"center_method":"duration_weighted_berth_medoid"}},{"type":"Feature","geometry":{"type":"Polygon","coordinates":[[[118.22548659090909,24.527602053693492],[118.2233692764412,24.528084553511345],[118.22175198160402,24.529418097384053],[118.22101664265662,24.53128773860206],[118.22118842026119,24.5336300398945],[118.22231056676385,24.53533319121974],[118.22376773902769,24.53621892397684],[118.22865823581162,24.536354009761983],[118.23053042414524,24.53533319121974],[118.23150407552372,24.534007586794445],[118.23165257064788,24.530502103523226],[118.23082643552519,24.529096009927898],[118.22947171446789,24.528084553511345],[118.22548659090909,24.527602053693492]]]},"properties":{"terminal_id":272,"lat":24.532443911764705,"lon":118.22552579411764,"berth_count":1,"dwell_minutes":4193.45,"center_method":"duration_weighted_berth_medoid"}},{"type":"Feature","geometry":{"type":"Polygon","coordinates":[[[119.06556402702702,25.098898943813502],[119.06344671255914,25.09937922435865],[119.06160281027124,25.101049001815902],[119.06107245060642,25.102966344262292],[119.06141435150332,25.106095822307793],[119.06238800288179,25.107415319153496],[119.06426019121538,25.108431434177007],[119.06984568794695,25.108296970822853],[119.07130286021079,25.107415319153496],[119.07242500671346,25.105720014858875],[119.07227651158928,25.10140983347484],[119.07130286021079,25.100090271829956],[119.06984568794695,25.099208560993304],[119.06556402702702,25.098898943813502]]]},"properties":{"terminal_id":273,"lat":25.103664707317073,"lon":119.0667802195122,"berth_count":1,"dwell_minutes":11315.216666666667,"center_method":"duration_weighted_berth_medoid"}},{"type":"Feature","geometry":{"type":"Polygon","coordinates":[[[119.0297724193548,25.213692134811648],[119.02805356747344,25.21400146080212],[119.02659639520957,25.214882342387426],[119.0256227438311,25.21620066293042],[119.02528084293421,25.217888258823532],[119.0256227438311,25.219443284000388],[119.02659639520957,25.220761555122333],[119.02805356747344,25.221642387763183],[119.02983250588235,25.221951693540714],[119.03155135776373,25.221642387763183],[119.03300853002759,25.220761555122333],[119.03398218140606,25.219443284000388],[119.03432408230296,25.21775570967742],[119.03398218140606,25.21620066293042],[119.03300853002759,25.214882342387426],[119.03155135776373,25.21400146080212],[119.0297724193548,25.213692134811648]]]},"properties":{"terminal_id":274,"lat":25.21788825882353,"lon":119.02983250588235,"berth_count":1,"dwell_minutes":3414.55,"center_method":"duration_weighted_berth_medoid"}},{"type":"Feature","geometry":{"type":"Polygon","coordinates":[[[118.68021000000002,24.629867138451935],[118.67849114811864,24.630177932472325],[118.67673796447481,24.631359875523916],[118.67580472796087,24.63315348369986],[118.67571842357941,24.6351798372093],[118.67606032447631,24.63674223000707],[118.67703397585478,24.638066747361233],[118.67849114811864,24.638951753736425],[118.68037493023255,24.639262525160284],[118.68209378211392,24.638951753736425],[118.68384696575775,24.637769882499562],[118.68478020227167,24.635976340591778],[118.68486650665315,24.633949999999995],[118.68452460575625,24.63238757228596],[118.68355095437778,24.631062994726594],[118.68209378211392,24.630177932472325],[118.68021000000002,24.629867138451935]]]},"properties":{"terminal_id":275,"lat":24.63493486666667,"lon":118.68032073333332,"berth_count":1,"dwell_minutes":5151.716666666666,"center_method":"duration_weighted_berth_medoid"}},{"type":"Feature","geometry":{"type":"Polygon","coordinates":[[[120.35831421739131,32.0043306209888],[120.35581883123267,32.00497253294187],[120.35416454186759,32.006681883539365],[120.35382264097072,32.010818523809526],[120.35435300063553,32.01261387884051],[120.35546479147477,32.01376258218038],[120.35743795430105,32.014553889400396],[120.36261502925412,32.01460872921595],[120.36429209224568,32.014177368174145],[120.36590938708287,32.012934457142364],[120.3665800498169,32.0115615463521],[120.36664472603023,32.0077661127421],[120.36613599453355,32.00634399210589],[120.36502420369433,32.00519519578893],[120.36347861358941,32.00449463049243],[120.35831421739131,32.0043306209888]]]},"properties":{"terminal_id":276,"lat":32.00863560784313,"lon":120.35896231372548,"berth_count":1,"dwell_minutes":28978.78333333333,"center_method":"duration_weighted_berth_medoid"}},{"type":"Feature","geometry":{"type":"Polygon","coordinates":[[[119.43788857142857,32.267241240642576],[119.43577125696069,32.267689694276605],[119.43392735467282,32.26924881649074],[119.43339699500798,32.27103909090909],[119.43373889590488,32.27320005015293],[119.43471254728337,32.27443209796004],[119.43658473561696,32.275380868092014],[119.44194506927269,32.27525531666088],[119.44340224153653,32.27443209796004],[119.44437589291502,32.27320005015293],[119.44471779381189,32.271746729166665],[119.44437589291502,32.26958573530894],[119.44340224153653,32.268353621691865],[119.44194506927269,32.26753034036958],[119.43788857142857,32.267241240642576]]]},"properties":{"terminal_id":277,"lat":32.27167914285714,"lon":119.4401069047619,"berth_count":1,"dwell_minutes":17702.333333333332,"center_method":"duration_weighted_berth_medoid"}},{"type":"Feature","geometry":{"type":"Polygon","coordinates":[[[121.49434094871795,36.79260885790993],[121.49184556255933,36.7932150413166],[121.49019127319424,36.79482924749406],[121.4898710004655,36.79774332603289],[121.49060633941288,36.799388967652085],[121.49222363425007,36.800562704566],[121.49390069724163,36.80097005775855],[121.49851019265277,36.80097005775855],[121.50056532733507,36.80038125398952],[121.50180455048151,36.799388967652085],[121.50247521321558,36.798092463701245],[121.5025398894289,36.79585312522342],[121.50180455048151,36.79420740763692],[121.49937377698808,36.79276373876683],[121.49434094871795,36.79260885790993]]]},"properties":{"terminal_id":278,"lat":36.797054732394365,"lon":121.49689094366197,"berth_count":1,"dwell_minutes":35782.63333333333,"center_method":"duration_weighted_berth_medoid"}},{"type":"Feature","geometry":{"type":"Polygon","coordinates":[[[119.80958962738943,26.681681446406202],[119.80671337408347,26.682592417848355],[119.80560158324423,26.683802865333835],[119.80509285174755,26.68530130853854],[119.80560158324423,26.688078161775817],[119.80671337408347,26.689288551010307],[119.80825896418837,26.69002666348433],[119.81091192975694,26.690122353137884],[119.81320391365685,26.68903037555046],[119.81584286927425,26.688619787927756],[119.81755299852365,26.68909202613751],[119.82231001309027,26.689034240712928],[119.82460977414523,26.68793595483527],[119.82573192064791,26.686263205984538],[119.8255834255237,26.68238239985102],[119.82460977414523,26.68108039514832],[119.82273758581162,26.680077730723067],[119.81755299852365,26.679924242594737],[119.8152325166003,26.68075712798583],[119.81181373690973,26.68064435550392],[119.80958962738943,26.681681446406202]]]},"properties":{"terminal_id":279,"lat":26.68435425,"lon":119.81978,"berth_count":3,"dwell_minutes":2602.133333333333,"center_method":"duration_weighted_berth_medoid"}},{"type":"Feature","geometry":{"type":"Polygon","coordinates":[[[119.98173995915013,32.0119822599618],[119.97991868161915,32.01377634728804],[119.97977018649495,32.01643802387541],[119.98157297098423,32.01849904388819],[119.984254875,32.01914085661505],[119.98597372688137,32.01885096829489],[119.98772691052518,32.01774851421622],[119.99112321675575,32.01379095792666],[119.99165357642059,32.01179265384615],[119.99131167552369,32.01033516069496],[119.99033802414523,32.00909953951079],[119.98888085188136,32.008273914547665],[119.98714981679389,32.007983991851155],[119.98430039087734,32.00884853219541],[119.98173995915013,32.0119822599618]]]},"properties":{"terminal_id":280,"lat":32.013133465116276,"lon":119.98613937209302,"berth_count":3,"dwell_minutes":10821.466666666667,"center_method":"duration_weighted_berth_medoid"}},{"type":"Feature","geometry":{"type":"Polygon","coordinates":[[[120.1032216735794,31.953259000000003],[120.10397864069492,31.955376261130493],[120.10559593553212,31.956619952154657],[120.10727299852368,31.957051583904654],[120.11136735962114,31.956905839925444],[120.11323954795473,31.95595375379998],[120.11421727635926,31.954707732188],[120.11767384642359,31.954898878371917],[120.11997360747857,31.95385589867776],[120.12120285537245,31.951904589110768],[120.12109575398121,31.949155234039228],[120.11964700924986,31.947315459097418],[120.11723783480966,31.94646869131132],[120.1141325598833,31.946740456036487],[120.11203725014309,31.948256797280937],[120.1100635238095,31.947864397540332],[120.10640941418835,31.94802850798222],[120.10486382408345,31.94872950444085],[120.1037520332442,31.949879007801535],[120.1032216735794,31.953259000000003]]]},"properties":{"terminal_id":281,"lat":31.95027873170732,"lon":120.1160451707317,"berth_count":2,"dwell_minutes":4272.45,"center_method":"duration_weighted_berth_medoid"}},{"type":"Feature","geometry":{"type":"Polygon","coordinates":[[[120.55010137837837,32.052076225327475],[120.54838252649698,32.052366008478906],[120.54662934285317,32.053468045843225],[120.54580320773047,32.05477800632066],[120.54563143012591,32.05653963830006],[120.54614016162259,32.057960979664585],[120.54725195246183,32.059109114258305],[120.54879754256673,32.05980926188403],[120.55099727850335,32.05995484233782],[120.5526743414949,32.05952369487871],[120.5540290625522,32.058581450498956],[120.5548551976749,32.05727154447685],[120.55502697527947,32.05550992658983],[120.55451824378278,32.05408854714754],[120.55340645294358,32.05294034954935],[120.55186086283864,32.052240149357424],[120.55010137837837,32.052076225327475]]]},"properties":{"terminal_id":282,"lat":32.05616651351351,"lon":120.55010137837836,"berth_count":1,"dwell_minutes":7300.3,"center_method":"duration_weighted_berth_medoid"}},{"type":"Feature","geometry":{"type":"Polygon","coordinates":[[[113.6221029235794,22.77416377777778],[113.62263328324423,22.776116007786193],[113.62409911384137,22.777607185278452],[113.62615424852369,22.77828517679041],[113.62853339009426,22.77812093155393],[113.62823467357939,22.779645249999998],[113.62857657447628,22.78123002353881],[113.63060893553211,22.78329744597904],[113.63228599852367,22.783766483443177],[113.63417939136718,22.783608109053503],[113.6357249814721,22.782846431840657],[113.63683677231133,22.78159740158478],[113.63736713197615,22.779594444444438],[113.63661016486063,22.777293676251666],[113.63417939136718,22.77563146880936],[113.6314046376835,22.775637333399985],[113.63150994842566,22.7725642053025],[113.63068381330297,22.771139088661098],[113.62932909224565,22.770113948914613],[113.6265945,22.769624921870392],[113.62409911384137,22.770322895589576],[113.62263328324423,22.771814136380648],[113.6221029235794,22.77416377777778]]]},"properties":{"terminal_id":283,"lat":22.774073,"lon":113.6265945,"berth_count":2,"dwell_minutes":839.3166666666666,"center_method":"duration_weighted_berth_medoid"}},{"type":"Feature","geometry":{"type":"Polygon","coordinates":[[[113.08497203448275,22.227056949972734],[113.08325318260137,22.2273734445586],[113.08179601033751,22.228274740970335],[113.08082235895904,22.22962361554944],[113.08048045806215,22.231277551724133],[113.08082235895904,22.23286862232028],[113.08179601033751,22.234217452696083],[113.08325318260137,22.235118705105176],[113.0850078032787,22.23543518149004],[113.08672665516006,22.235118705105176],[113.08818382742393,22.234217452696083],[113.08915747880239,22.23286862232028],[113.08949937969929,22.231214704918024],[113.08915747880239,22.22962361554944],[113.08818382742393,22.228274740970335],[113.08672665516006,22.2273734445586],[113.08497203448275,22.227056949972734]]]},"properties":{"terminal_id":284,"lat":22.23125931111111,"lon":113.08499862222222,"berth_count":1,"dwell_minutes":3837.25,"center_method":"duration_weighted_berth_medoid"}},{"type":"Feature","geometry":{"type":"Polygon","coordinates":[[[121.65617615297721,31.35747224171337],[121.65368387408347,31.35832787903679],[121.6522351293521,31.360179350525158],[121.65212802796087,31.36310113189784],[121.65335727585479,31.365064845508236],[121.65565703690974,31.366114455476406],[121.65870618173683,31.36586930606087],[121.66156308185698,31.367088242513173],[121.6642828358116,31.3669415701024],[121.66615502414523,31.36598341900604],[121.66727717064786,31.36438481873576],[121.6673842720391,31.362260338793977],[121.66671360930506,31.360877769491566],[121.6651719514206,31.35966479149443],[121.66497854564787,31.358112370164644],[121.66385639914523,31.356513636041587],[121.66198421081161,31.35555537865543],[121.65972731995225,31.355408688249916],[121.65767218526994,31.356036633275785],[121.65617615297721,31.35747224171337]]]},"properties":{"terminal_id":285,"lat":31.361292705882352,"lon":121.65692070588236,"berth_count":3,"dwell_minutes":1501.8666666666668,"center_method":"duration_weighted_berth_medoid"}},{"type":"Feature","geometry":{"type":"Polygon","coordinates":[[[122.07906178378377,29.889733320719536],[122.07656639762513,29.890389598494448],[122.07491210826008,29.892137205250215],[122.07459183553131,29.895481470610516],[122.0753271744787,29.897263125045537],[122.0769444693159,29.89853387562443],[122.07862153230747,29.898974898818086],[122.08399116056722,29.898974898818086],[122.08604629524952,29.898337427278026],[122.08728551839597,29.897263125045537],[122.08795618113001,29.895859464083752],[122.08802085734334,29.893245701076836],[122.08728551839597,29.89146397482115],[122.08604629524952,29.890389598494448],[122.08442717218115,29.889808145386905],[122.07906178378377,29.889733320719536]]]},"properties":{"terminal_id":286,"lat":29.894362913043476,"lon":122.082163,"berth_count":1,"dwell_minutes":72397.43333333333,"center_method":"duration_weighted_berth_medoid"}},{"type":"Feature","geometry":{"type":"Polygon","coordinates":[[[122.44869911428572,30.411618722557492],[122.44584968836917,30.412497981916687],[122.44440094363782,30.414367826523062],[122.44420753786511,30.42039848484848],[122.44473789752993,30.422224298868986],[122.44584968836917,30.423392491307585],[122.44782285119544,30.4241972243636],[122.45420983971162,30.42425299463887],[122.45588690270318,30.42381431479309],[122.45750419754037,30.42255031609157],[122.45817486027441,30.421154112901757],[122.45823953648774,30.415112567366588],[122.45773080499106,30.41366629079049],[122.45661901415184,30.412497981916687],[122.45507342404692,30.411785517687683],[122.44869911428572,30.411618722557492]]]},"properties":{"terminal_id":287,"lat":30.41751995652174,"lon":122.45174539130434,"berth_count":1,"dwell_minutes":181316.73333333337,"center_method":"duration_weighted_berth_medoid"}},{"type":"Feature","geometry":{"type":"Polygon","coordinates":[[[118.86022514771733,32.173524876404485],[118.86075550738215,32.17531703696075],[118.86222133797929,32.176685941654576],[118.86384046104766,32.17725359548126],[118.86588421797059,32.17731390724466],[118.86984232227557,32.17904578855275],[118.87183006309024,32.17904578855275],[118.87344918615861,32.17847814589797],[118.87468840930507,32.17742926972707],[118.8753590720391,32.17605882876316],[118.87525197064787,32.17398361658771],[118.87412982414523,32.172398916988996],[118.86645417320261,32.16915434337412],[118.86384046104766,32.16915434337412],[118.86186729822138,32.16994430592014],[118.86056704861423,32.17142831571537],[118.86022514771733,32.173524876404485]]]},"properties":{"terminal_id":288,"lat":32.17514988659794,"lon":118.87078463917526,"berth_count":3,"dwell_minutes":33500.0,"center_method":"duration_weighted_berth_medoid"}},{"type":"Feature","geometry":{"type":"Polygon","coordinates":[[[119.62917014580162,32.19312200000001],[119.62992711291716,32.19523371382464],[119.63154440775435,32.196474146178225],[119.63322147074591,32.19690464695728],[119.63717199152042,32.19692294918613],[119.63967851322955,32.19784206253609],[119.64192207390685,32.19769670193747],[119.64346766401177,32.19699761166019],[119.644579454851,32.19585121091106],[119.64508818634769,32.19443201589525],[119.64491640874311,32.19266415019953],[119.64379426224045,32.191079775715075],[119.64147677349563,32.190037261195236],[119.6400322952495,32.18869870597304],[119.6379771605672,32.18807638777641],[119.63322147074591,32.18807638777641],[119.63116633606359,32.18869870597304],[119.6295120466985,32.19040462198064],[119.62917014580162,32.19312200000001]]]},"properties":{"terminal_id":289,"lat":32.19267077083334,"lon":119.63613235416666,"berth_count":2,"dwell_minutes":64292.61666666667,"center_method":"duration_weighted_berth_medoid"}},{"type":"Feature","geometry":{"type":"Polygon","coordinates":[[[119.90082687185526,32.187388816326525],[119.90075081785784,32.19069172205742],[119.90157695298053,32.19199971422937],[119.90293167403786,32.19294058189134],[119.90460873702942,32.19337109938682],[119.90652279414495,32.19322573164624],[119.90806838424984,32.19252660702111],[119.90918017508909,32.191380149948245],[119.91000574319295,32.1862662304386],[119.90933508045892,32.18489592247816],[119.90771778562171,32.183655332322466],[119.90531844827586,32.18320646388883],[119.90282306211724,32.18384712023605],[119.9013572315201,32.18521589669523],[119.90082687185526,32.187388816326525]]]},"properties":{"terminal_id":290,"lat":32.18710767647059,"lon":119.90557529411764,"berth_count":2,"dwell_minutes":61035.49999999999,"center_method":"duration_weighted_berth_medoid"}},{"type":"Feature","geometry":{"type":"Polygon","coordinates":[[[121.05952684386925,37.71365720512821],[121.06053463147616,37.71589991136723],[121.06268161460058,37.71704929332069],[121.07527149098622,37.717294604856335],[121.07700333653457,37.717033862332016],[121.07847492339013,37.71626594861434],[121.0794595467674,37.7151091511602],[121.07980552086504,37.71347457142856],[121.07904646774489,37.711498028285185],[121.07660999808317,37.71007243638748],[121.06400841399476,37.70994120793529],[121.06229263734686,37.710213958989065],[121.06083886035323,37.71098474843158],[121.05986778809817,37.712136545879396],[121.05952684386925,37.71365720512821]]]},"properties":{"terminal_id":291,"lat":37.71350094871794,"lon":121.06430634615386,"berth_count":2,"dwell_minutes":45902.78333333334,"center_method":"duration_weighted_berth_medoid"}},{"type":"Feature","geometry":{"type":"Polygon","coordinates":[[[119.80905877865558,32.31816608258064],[119.80725439811864,32.31845501995904],[119.8055012144748,32.31955384080987],[119.80467507935211,32.32085997778169],[119.80450330174754,32.322841691862315],[119.80501203324422,32.32425888073968],[119.80612382408347,32.32540366090807],[119.80766941418837,32.32610176290871],[119.80977635404037,32.326246918014334],[119.81145341703194,32.32581703025084],[119.81279726661681,32.324887674780875],[119.81543865888588,32.32424801286788],[119.81801339145738,32.32255671530107],[119.81894987822139,32.32087075933518],[119.82119503581161,32.32071179322368],[119.82274062591652,32.32001364966831],[119.82418937064787,32.31818133947753],[119.82429647203911,32.315926461464244],[119.82362580930504,32.3145581087425],[119.82200851446788,32.31331928867241],[119.81818140357639,32.31294400008216],[119.8158816425214,32.313982882033876],[119.81459510777651,32.31625284072943],[119.81270375189219,32.316539552570745],[119.80905877865558,32.31816608258064]]]},"properties":{"terminal_id":292,"lat":32.32010663934426,"lon":119.8144658032787,"berth_count":4,"dwell_minutes":61974.23333333334,"center_method":"duration_weighted_berth_medoid"}},{"type":"Feature","geometry":{"type":"Polygon","coordinates":[[[119.58168753146585,32.181701545158134],[119.5784737739251,32.18183624753061],[119.57701660166123,32.18266030538251],[119.57604295028275,32.18389358117823],[119.57570104938586,32.1853483076923],[119.57604295028275,32.18697525965553],[119.57701660166123,32.18820847699748],[119.5784737739251,32.18903247716992],[119.58019262580646,32.189321825782024],[119.58454135399933,32.18906505357242],[119.58695239283131,32.18792083543092],[119.5894932130482,32.18921259787505],[119.59325433847737,32.18929369168222],[119.59569903245225,32.188444650589254],[119.5970094274253,32.186936263747526],[119.59733810375913,32.185458850218026],[119.59696431161362,32.183989115330384],[119.5959199947604,32.182682132539206],[119.59445010303858,32.18188100571244],[119.58989784387249,32.18167062380912],[119.5871768783993,32.18280504711359],[119.58454135399933,32.18144287786653],[119.58168753146585,32.181701545158134]]]},"properties":{"terminal_id":293,"lat":32.18531519411764,"lon":119.58358420588236,"berth_count":4,"dwell_minutes":172392.81666666668,"center_method":"duration_weighted_berth_medoid"}},{"type":"Feature","geometry":{"type":"Polygon","coordinates":[[[121.88144832446457,29.926710720679903],[121.87816270964291,29.926878338410557],[121.87599450992934,29.928133903664072],[121.87499659720207,29.930221797302774],[121.87550532869876,29.933480309552774],[121.87774769357317,29.935241548856013],[121.88063617231879,29.93553783630443],[121.88137224363612,29.937331692795013],[121.8833880010598,29.93876524292965],[121.886753625,29.939061519884596],[121.88887093946788,29.938601932100777],[121.8909033005237,29.93665876783635],[121.89117273329856,29.933998684245186],[121.89279209557378,29.93310462214282],[121.89376574695228,29.93184181613544],[121.89410764784917,29.9302741875],[121.89357728818433,29.92843923549734],[121.8924654973451,29.927265160633375],[121.89049233451883,29.926456359115438],[121.88604551181336,29.92678142340647],[121.88361554022988,29.92622515406996],[121.88144832446457,29.926710720679903]]]},"properties":{"terminal_id":294,"lat":29.930881512820513,"lon":121.88174946153846,"berth_count":5,"dwell_minutes":163502.16666666663,"center_method":"duration_weighted_berth_medoid"}},{"type":"Feature","geometry":{"type":"Polygon","coordinates":[[[119.65948690707472,32.20561112743951],[119.66309350091271,32.20963921202915],[119.66622707783611,32.21050184506347],[119.66626241928017,32.21279417788317],[119.66806520376943,32.21485076925319],[119.6696843268378,32.21541818505501],[119.67154425010324,32.21541818505501],[119.6731633731716,32.21485076925319],[119.67440259631803,32.213802312246244],[119.67513793526543,32.21206351856249],[119.67481766253668,32.210031324207506],[119.6735174129295,32.20854794367978],[119.67141454500548,32.20774203677904],[119.67156777993561,32.20485860481839],[119.67083244098822,32.20311964014585],[119.66713442697494,32.200578249096665],[119.6649926096661,32.19995240866316],[119.66378238615863,32.19893686771747],[119.66216326309026,32.198369349094094],[119.66039925589706,32.198369349094094],[119.65842609307079,32.199159058180484],[119.65712584346363,32.20064259181587],[119.65680557073486,32.202500296172595],[119.65754090968225,32.20423927268415],[119.65948690707472,32.20561112743951]]]},"properties":{"terminal_id":295,"lat":32.2042733,"lon":119.6644937,"berth_count":4,"dwell_minutes":55629.55,"center_method":"duration_weighted_berth_medoid"}},{"type":"Feature","geometry":{"type":"Polygon","coordinates":[[[119.63189447540985,32.19637286659902],[119.63017562352847,32.1966621918746],[119.62842243988464,32.197762487916016],[119.62759630476195,32.19907037846314],[119.6274245271574,32.20070535709376],[119.6279332586541,32.202124454266986],[119.6290450494933,32.20327077597777],[119.63059063959822,32.20396981805521],[119.63266604934864,32.2041151686316],[119.6343431123402,32.203684701968974],[119.63569783339751,32.20274394539675],[119.63652396852021,32.201436107656704],[119.63669574612477,32.19980114215782],[119.63618701462808,32.19838200874634],[119.63507522378885,32.19723562543867],[119.63352963368395,32.19653653161902],[119.63189447540985,32.19637286659902]]]},"properties":{"terminal_id":296,"lat":32.20020312765958,"lon":119.63222579787234,"berth_count":1,"dwell_minutes":7044.166666666667,"center_method":"duration_weighted_berth_medoid"}},{"type":"Feature","geometry":{"type":"Polygon","coordinates":[[[117.80183771428568,38.96153081942059],[117.7997203998178,38.96194320909438],[117.79836567876049,38.96280769212435],[117.7975395436378,38.96400946217504],[117.79736776603323,38.965489695054764],[117.79787649752991,38.96679364124138],[117.79898828836916,38.96784694333838],[117.80053387847406,38.968489259657126],[117.80266212104152,38.96862281523576],[117.80433918403308,38.96822728023441],[117.8056939050904,38.96736286333682],[117.80652004021309,38.966161150172155],[117.80669181781765,38.96468093132235],[117.80618308632096,38.96337694624775],[117.80507129548175,38.962323577687364],[117.80352570537683,38.96168120546288],[117.80183771428568,38.96153081942059]]]},"properties":{"terminal_id":297,"lat":38.96512752941176,"lon":117.80211970588236,"berth_count":1,"dwell_minutes":29197.449999999997,"center_method":"duration_weighted_berth_medoid"}},{"type":"Feature","geometry":{"type":"Polygon","coordinates":[[[120.97027586486485,40.741217576664276],[120.96778047870623,40.74179110170544],[120.96612618934115,40.743318339915476],[120.96580591661241,40.74694716025083],[120.96654125555978,40.74850411157439],[120.96815855039698,40.74961458921642],[120.96983561338854,40.74999998750169],[120.97544336912337,40.74999998750169],[120.97749850380568,40.74944291812995],[120.9787377269521,40.74850411157439],[120.9794730658995,40.74694716025083],[120.9794730658995,40.74428705308084],[120.9787377269521,40.74273000302773],[120.97749850380568,40.74179110170544],[120.9758793807373,40.741282966444075],[120.97027586486485,40.741217576664276]]]},"properties":{"terminal_id":298,"lat":40.74590769565218,"lon":120.97488804347827,"berth_count":1,"dwell_minutes":43730.033333333326,"center_method":"duration_weighted_berth_medoid"}},{"type":"Feature","geometry":{"type":"Polygon","coordinates":[[[119.7027357741249,26.80117533442484],[119.70154959069494,26.802246319686617],[119.7008789279609,26.803691488145894],[119.7008789279609,26.805370605667747],[119.70154959069494,26.806815734313385],[119.7027888138414,26.807921775451888],[119.70440793690973,26.808520356103255],[119.70616490594739,26.808520356103255],[119.70778402901577,26.807921775451888],[119.70924985961291,26.806478292662064],[119.70976470663021,26.804191761447107],[119.71131935961292,26.80270071275457],[119.71183467141246,26.80042068194084],[119.71375967064787,26.798185609940628],[119.71386677203913,26.79541761680738],[119.71293353552518,26.793656314832507],[119.71157881446788,26.79266388626104],[119.70990175147632,26.792209769467554],[119.70758325509745,26.792363106146887],[119.70603766499255,26.793100549886724],[119.70473741538537,26.79466550112712],[119.70443824584565,26.797541759427077],[119.70305761445498,26.799159861486817],[119.7027357741249,26.80117533442484]]]},"properties":{"terminal_id":299,"lat":26.800694085287844,"lon":119.70720728997868,"berth_count":3,"dwell_minutes":30226.916666666668,"center_method":"duration_weighted_berth_medoid"}},{"type":"Feature","geometry":{"type":"Polygon","coordinates":[[[121.61142285215084,31.354334714285717],[121.6126536940907,31.357907038202224],[121.61500513471663,31.359573252828245],[121.61675592688728,31.35979500650611],[121.61847111245648,31.359421960152172],[121.61988435288808,31.358512035000583],[121.62077619648274,31.357206513791255],[121.6207934994898,31.352550577095425],[121.61950160137629,31.351001838988893],[121.61793326176885,31.35026847613428],[121.61547417709512,31.350114973361027],[121.61341904241283,31.350742953736663],[121.61195321181569,31.352124110785983],[121.61142285215084,31.354334714285717]]]},"properties":{"terminal_id":300,"lat":31.35589480208333,"lon":121.616341875,"berth_count":2,"dwell_minutes":33862.0,"center_method":"duration_weighted_berth_medoid"}},{"type":"Feature","geometry":{"type":"Polygon","coordinates":[[[119.69600871903396,25.61900004545455],[119.69653907869879,25.62090918977214],[119.69800490929593,25.622367454844458],[119.70006004397824,25.62303048149767],[119.70199685601364,25.622875596613042],[119.70556097792944,25.621542563713902],[119.70691569898673,25.620540091058405],[119.70784893550066,25.618760921150976],[119.70774183410943,25.61613949605694],[119.70691569898673,25.614745812674816],[119.70556097792944,25.613743282995987],[119.70388391493788,25.61328454424405],[119.70182276418835,25.613439441561418],[119.69732427130931,25.615791670780208],[119.69635061993085,25.617105615315985],[119.69600871903396,25.61900004545455]]]},"properties":{"terminal_id":301,"lat":25.61731517307692,"lon":119.70344366346154,"berth_count":2,"dwell_minutes":14489.35,"center_method":"duration_weighted_berth_medoid"}},{"type":"Feature","geometry":{"type":"Polygon","coordinates":[[[116.23867700000001,22.921148944739922],[116.23655968553213,22.921637427231946],[116.23471578324425,22.92333572138192],[116.23420705174756,22.924880332612425],[116.23437882935211,22.927937582313756],[116.23550097585478,22.929661848478087],[116.23695814811863,22.930558562689026],[116.24198936411351,22.9306953233233],[116.24386155244713,22.929661848478087],[116.2448352038256,22.928319809731256],[116.24498369894977,22.924084954990292],[116.24415756382707,22.922661425406417],[116.24280284276978,22.921637427231946],[116.23867700000001,22.921148944739922]]]},"properties":{"terminal_id":302,"lat":22.926044217821783,"lon":116.23964364356436,"berth_count":1,"dwell_minutes":14837.05,"center_method":"duration_weighted_berth_medoid"}},{"type":"Feature","geometry":{"type":"Polygon","coordinates":[[[121.79522659999999,30.83773950918887],[121.79310928553213,30.838194886817394],[121.79126538324421,30.83977808212529],[121.7907350235794,30.842156315789474],[121.79149199069492,30.844298787805712],[121.79310928553213,30.84555728856516],[121.79478634852369,30.845994060262917],[121.79887838480965,30.845994060262917],[121.80093351949196,30.845362733977396],[121.80217274263842,30.844298787805712],[121.80284340537246,30.842908657363147],[121.80284340537246,30.840843648134243],[121.80217274263842,30.839453467634744],[121.79974196914496,30.83790557158146],[121.79522659999999,30.83773950918887]]]},"properties":{"terminal_id":303,"lat":30.841962916666663,"lon":121.79633758333334,"berth_count":1,"dwell_minutes":13121.05,"center_method":"duration_weighted_berth_medoid"}},{"type":"Feature","geometry":{"type":"Polygon","coordinates":[[[116.38313610447757,23.501490906493167],[116.38141725259621,23.501804446234406],[116.37996008033234,23.50269732778702],[116.37898642895388,23.504033608159585],[116.37864452805698,23.50572114925373],[116.37898642895388,23.507297361811858],[116.37996008033234,23.508633595524337],[116.38141725259621,23.509526430791507],[116.38319328571428,23.509839951408264],[116.38491213759565,23.509526430791507],[116.38636930985952,23.508633595524337],[116.38734296123799,23.507297361811858],[116.38768486213488,23.505609840909088],[116.38734296123799,23.504033608159585],[116.38636930985952,23.50269732778702],[116.38491213759565,23.501804446234406],[116.38313610447757,23.501490906493167]]]},"properties":{"terminal_id":304,"lat":23.505639093023255,"lon":116.38317406976743,"berth_count":1,"dwell_minutes":19859.716666666667,"center_method":"duration_weighted_berth_medoid"}},{"type":"Feature","geometry":{"type":"Polygon","coordinates":[[[121.7047415397938,31.339076093928156],[121.7040858164534,31.342012009703932],[121.70508372918067,31.344069609280915],[121.7076795016156,31.345398384255226],[121.71102758719515,31.34501913944354],[121.71440121675575,31.34201603496376],[121.7148723746765,31.339105350620557],[121.71674392591652,31.338330005318024],[121.71785571675576,31.337172915926658],[121.71838607642057,31.33536445454545],[121.71785571675576,31.3334578353114],[121.71674392591652,31.332300686010782],[121.71519833581162,31.331595026986033],[121.71331120306913,31.33144829921416],[121.71163414007756,31.331882843199367],[121.70979023778966,31.3334578353114],[121.70930250231973,31.335861386618358],[121.70631940741677,31.336732206618482],[121.7047415397938,31.339076093928156]]]},"properties":{"terminal_id":305,"lat":31.341093941176467,"lon":121.70855576470588,"berth_count":3,"dwell_minutes":1170.4666666666667,"center_method":"duration_weighted_berth_medoid"}},{"type":"Feature","geometry":{"type":"Polygon","coordinates":[[[119.47776237209303,34.731614287199754],[119.47564505762514,34.73205015142908],[119.47380115533724,34.73356550339807],[119.47327079567242,34.73530551612904],[119.47380115533724,34.73802408048774],[119.47491294617647,34.73913733677418],[119.47688610900275,34.73990422497588],[119.4814487998634,34.73995737246642],[119.48312586285496,34.73953932291277],[119.48448058391229,34.738625702638345],[119.48530671903498,34.737355588633136],[119.48547849663954,34.73494371971315],[119.48496976514286,34.73356550339807],[119.48385797430362,34.732452172045264],[119.48231238419872,34.731773233674915],[119.47776237209303,34.731614287199754]]]},"properties":{"terminal_id":306,"lat":34.735646333333335,"lon":119.48000533333334,"berth_count":1,"dwell_minutes":20583.316666666666,"center_method":"duration_weighted_berth_medoid"}},{"type":"Feature","geometry":{"type":"Polygon","coordinates":[[[121.60635815384617,29.10940881888266],[121.60424083937829,29.10987218902007],[121.6026235445411,29.111152860259054],[121.60188820559371,29.11294836960467],[121.60205998319827,29.115201939693236],[121.60318212970094,29.11683755121487],[121.60463930196478,29.11768815803677],[121.60910476914495,29.11781788656853],[121.61097695747857,29.11683755121487],[121.61195060885704,29.115564515003225],[121.61209910398121,29.11219388576776],[121.61127296885851,29.110843543209608],[121.60991824780122,29.10987218902007],[121.60635815384617,29.10940881888266]]]},"properties":{"terminal_id":307,"lat":29.113647955555557,"lon":121.60761424444443,"berth_count":1,"dwell_minutes":28075.083333333332,"center_method":"duration_weighted_berth_medoid"}},{"type":"Feature","geometry":{"type":"Polygon","coordinates":[[[121.820858772977,29.95005762650602],[121.82161574009254,29.952219757546533],[121.82363149751622,29.953653093106947],[121.83024935561359,29.953781753590814],[121.83212154394721,29.952809489179508],[121.83441285425576,29.949947478052145],[121.83492158575245,29.948494356309507],[121.83474980814788,29.94679945914677],[121.83362766164521,29.945177214771306],[121.83132790059025,29.944112061555924],[121.82404651358597,29.944784430640297],[121.82250092348107,29.945500279805607],[121.82138913264183,29.94667413950304],[121.820858772977,29.95005762650602]]]},"properties":{"terminal_id":308,"lat":29.94907451948052,"lon":121.8277853961039,"berth_count":2,"dwell_minutes":164011.5833333333,"center_method":"duration_weighted_berth_medoid"}},{"type":"Feature","geometry":{"type":"Polygon","coordinates":[[[121.49855949981651,29.496019657142405],[121.49730172796086,29.49804382756851],[121.49740882935211,29.500918796987495],[121.49885757408346,29.502805867253564],[121.50170699999998,29.5036932020041],[121.50354210188135,29.50339563702666],[121.5049992741452,29.502548238873754],[121.50597292552368,29.50128000466627],[121.50631482642058,29.499583480217648],[121.51191905115526,29.500477920337012],[121.51468461783864,29.5000351441028],[121.51630191267581,29.498759342499902],[121.51705887979136,29.49658741904762],[121.51652852012653,29.494628324539597],[121.51506268952939,29.49322061832599],[121.513443566461,29.492636862441383],[121.50675615849487,29.491810832098036],[121.5051821134165,29.489444586163486],[121.50233268749999,29.488557126575895],[121.49917437046362,29.489018779228196],[121.4971420094078,29.490970627059266],[121.49688641289237,29.493684614225263],[121.49855949981651,29.496019657142405]]]},"properties":{"terminal_id":309,"lat":29.496170886792452,"lon":121.51018411320754,"berth_count":5,"dwell_minutes":178646.44999999998,"center_method":"duration_weighted_berth_medoid"}},{"type":"Feature","geometry":{"type":"Polygon","coordinates":[[[120.29801589408856,37.65178363220583],[120.29874656349895,37.65450625601431],[120.30090386708346,37.65614066880173],[120.30387884430057,37.65634306558323],[120.30635672852871,37.65502400906925],[120.30719112579604,37.653452653329055],[120.30786260799952,37.64621851578947],[120.30752070710265,37.64485752120914],[120.30622045749547,37.64346931689679],[120.30467486739057,37.642815158326485],[120.3026312128094,37.642679138943244],[120.30095414981784,37.64308196922092],[120.29959942876052,37.64396231405362],[120.29877329363782,37.6451861350665],[120.29814327087274,37.648028218955126],[120.29801589408856,37.65178363220583]]]},"properties":{"terminal_id":310,"lat":37.64936280434783,"lon":120.30299867391304,"berth_count":3,"dwell_minutes":30351.716666666667,"center_method":"duration_weighted_berth_medoid"}},{"type":"Feature","geometry":{"type":"Polygon","coordinates":[[[121.74471349334682,39.01237560465116],[121.74505539424372,39.013711157163534],[121.74658730961384,39.01575083561165],[121.7490180831073,39.01715153648471],[121.7514313540404,39.017285000263676],[121.75310841703197,39.01688973713326],[121.75446313808928,39.01602591438447],[121.75528927321197,39.01482502718764],[121.75539637460321,39.01281443960412],[121.75414935734189,39.01005797190318],[121.75317570596339,39.00892568829703],[121.7513035176298,39.00805372132237],[121.74832880667715,39.00797049733473],[121.74635564385088,39.00869567289746],[121.74490689911953,39.01038045337716],[121.74471349334682,39.01237560465116]]]},"properties":{"terminal_id":311,"lat":39.01155860810811,"lon":121.74990567567568,"berth_count":2,"dwell_minutes":14906.9,"center_method":"duration_weighted_berth_medoid"}},{"type":"Feature","geometry":{"type":"Polygon","coordinates":[[[122.04292135227273,29.993558718777535],[122.04120250039136,29.99385483241481],[122.03944931674752,29.994980944939705],[122.03851608023362,29.99668982577934],[122.03851608023362,29.998574431035145],[122.03918674296766,29.999976642980346],[122.04080403780485,30.00124608169459],[122.04248110079641,30.001686649584318],[122.04478783451886,30.001630639276726],[122.04640695758721,30.001049836155737],[122.04764618073366,29.999976642980346],[122.0483168434677,29.998574431035145],[122.0483168434677,29.99668982577934],[122.04764618073366,29.99528756739601],[122.04640695758721,29.994214311910046],[122.04292135227273,29.993558718777535]]]},"properties":{"terminal_id":312,"lat":29.997607016806725,"lon":122.04387009523808,"berth_count":1,"dwell_minutes":55641.96666666667,"center_method":"duration_weighted_berth_medoid"}},{"type":"Feature","geometry":{"type":"Polygon","coordinates":[[[121.87333199999999,29.966406325433514],[121.87121468553212,29.966865784715562],[121.86959739069492,29.96813564676992],[121.86892672796085,29.969538288590005],[121.86892672796085,29.97177158476237],[121.86959739069492,29.973174175254357],[121.87121468553212,29.97444395668525],[121.87289174852368,29.974884643520348],[121.87518751309027,29.9748286180909],[121.87716067591654,29.9740202033544],[121.87827246675577,29.97284666655539],[121.87871652203914,29.969538288590005],[121.87804585930508,29.96813564676992],[121.87680663615863,29.967062097821508],[121.87333199999999,29.966406325433514]]]},"properties":{"terminal_id":313,"lat":29.970490863636368,"lon":121.87341968181818,"berth_count":1,"dwell_minutes":4453.266666666667,"center_method":"duration_weighted_berth_medoid"}},{"type":"Feature","geometry":{"type":"Polygon","coordinates":[[[120.91197020000001,30.371424897665175],[120.91025134811863,30.3717198776675],[120.9084981644748,30.372841678916284],[120.90756492796088,30.37454401709775],[120.90750025174754,30.376408762719702],[120.90800898324426,30.377855591071132],[120.90912077408346,30.3790243143807],[120.91066636418839,30.37973701761716],[120.91291325147631,30.37988520876917],[120.91459031446787,30.379446329563347],[120.91620760930506,30.378181756446462],[120.91687827203913,30.37678491878699],[120.91694294825245,30.374920180340645],[120.91643421675577,30.373473308541822],[120.91532242591654,30.37230451886307],[120.91377683581163,30.371591761435294],[120.91197020000001,30.371424897665175]]]},"properties":{"terminal_id":314,"lat":30.375922000000003,"lon":120.91235536363637,"berth_count":1,"dwell_minutes":8980.433333333332,"center_method":"duration_weighted_berth_medoid"}},{"type":"Feature","geometry":{"type":"Polygon","coordinates":[[[122.41329987499999,30.40891238439261],[122.41158102311863,30.40920725122851],[122.41012385085476,30.41004695605379],[122.40915019947629,30.411303649640168],[122.40880829857939,30.41305225],[122.40915019947629,30.41453457380464],[122.41012385085476,30.415791209614987],[122.41158102311863,30.416630857801685],[122.41338584615384,30.41692570132154],[122.41510469803521,30.416630857801685],[122.41656187029905,30.415791209614987],[122.41753552167755,30.41453457380464],[122.41787742257445,30.412786000000004],[122.41753552167755,30.411303649640168],[122.41656187029905,30.41004695605379],[122.41510469803521,30.40920725122851],[122.41329987499999,30.40891238439261]]]},"properties":{"terminal_id":315,"lat":30.4128510625,"lon":122.41332825,"berth_count":1,"dwell_minutes":1171.8833333333332,"center_method":"duration_weighted_berth_medoid"}},{"type":"Feature","geometry":{"type":"Polygon","coordinates":[[[120.94007890476192,30.458009134043056],[120.93836005288055,30.458303852475805],[120.93690288061669,30.45914313468005],[120.93592922923821,30.460399195756438],[120.93558732834133,30.462093083333325],[120.93592922923821,30.463574661815084],[120.93690288061669,30.46483066575437],[120.93836005288055,30.465669891729718],[120.94015206666664,30.465964586987024],[120.94187091854803,30.465669891729718],[120.94332809081187,30.46483066575437],[120.94430174219035,30.463574661815084],[120.94464364308723,30.461880800000007],[120.94430174219035,30.460399195756438],[120.94332809081187,30.45914313468005],[120.94187091854803,30.458303852475805],[120.94007890476192,30.458009134043056]]]},"properties":{"terminal_id":316,"lat":30.46198612195122,"lon":120.94011217073172,"berth_count":1,"dwell_minutes":5224.9,"center_method":"duration_weighted_berth_medoid"}},{"type":"Feature","geometry":{"type":"Polygon","coordinates":[[[122.21759464516127,30.226064245229853],[122.2158757932799,30.226359662849276],[122.21441862101604,30.227200936190844],[122.21344496963758,30.228459977276096],[122.21310306874068,30.2301455],[122.21344496963758,30.23163059404015],[122.21441862101604,30.232889578405963],[122.2158757932799,30.233730795879573],[122.21778183333332,30.23402619046585],[122.2195006852147,30.233730795879573],[122.22095785747854,30.232889578405963],[122.22193150885703,30.23163059404015],[122.2222734097539,30.22994509677419],[122.22193150885703,30.228459977276096],[122.22095785747854,30.227200936190844],[122.2195006852147,30.226359662849276],[122.21759464516127,30.226064245229853]]]},"properties":{"terminal_id":317,"lat":30.22994509677419,"lon":122.21759464516128,"berth_count":1,"dwell_minutes":4745.666666666667,"center_method":"duration_weighted_berth_medoid"}},{"type":"Feature","geometry":{"type":"Polygon","coordinates":[[[122.1106732,30.235449518901998],[122.10895434811863,30.23574490832386],[122.10720116447479,30.236868266617492],[122.1063750293521,30.23820357157714],[122.10620325174753,30.240237200520706],[122.10671198324421,30.241686040335523],[122.10782377408346,30.242856388534502],[122.10936936418835,30.243570082678293],[122.1115745371906,30.243718479870612],[122.11325160018217,30.243278990463644],[122.11486889501936,30.24201265917659],[122.1155395577534,30.24061387953326],[122.11560423396672,30.238949653111543],[122.11509550247004,30.237500772959322],[122.11398371163082,30.236330360986926],[122.1124381215259,30.235616614271393],[122.1106732,30.235449518901998]]]},"properties":{"terminal_id":318,"lat":30.239856857142858,"lon":122.11113428571429,"berth_count":1,"dwell_minutes":404.9833333333333,"center_method":"duration_weighted_berth_medoid"}},{"type":"Feature","geometry":{"type":"Polygon","coordinates":[[[121.62479931372548,29.0342611270033],[121.6226819992576,29.034724835141514],[121.62106470442042,29.03600644057918],[121.62032936547303,29.037803259740663],[121.62064963820177,29.040037834505483],[121.62162328958027,29.04131180424662],[121.62349547791386,29.042292858514905],[121.62863949704267,29.042163034847345],[121.63009666930652,29.04131180424662],[121.631070320685,29.040037834505483],[121.6314122215819,29.03853506451612],[121.631070320685,29.036685373807966],[121.63009666930652,29.03541134695417],[121.62863949704267,29.034560060661757],[121.62479931372548,29.0342611270033]]]},"properties":{"terminal_id":319,"lat":29.03835780952381,"lon":121.62620666666668,"berth_count":1,"dwell_minutes":11036.383333333337,"center_method":"duration_weighted_berth_medoid"}},{"type":"Feature","geometry":{"type":"Polygon","coordinates":[[[121.9651667569127,29.890302666666667],[121.96592372402824,29.892466095839545],[121.96793948145192,29.893900292014198],[121.97130821301481,29.894177952009734],[121.9731667977272,29.89364258330631],[121.97461292440974,29.894134120233474],[121.97710379999997,29.894208941597217],[121.97882265188137,29.893912531155753],[121.9802798241452,29.893068420804354],[121.9812534755237,29.891805107032283],[121.98159537642057,29.89004638596491],[121.98083840930505,29.88788290427405],[121.97882265188137,29.886448621517932],[121.97504893602368,29.88617093999136],[121.97316073307314,29.886721740451854],[121.9696583333333,29.88617073133016],[121.96793948145192,29.88646716479367],[121.96648230918807,29.887311331047506],[121.9655086578096,29.888574701773297],[121.9651667569127,29.890302666666667]]]},"properties":{"terminal_id":320,"lat":29.890096391304347,"lon":121.96981910869565,"berth_count":2,"dwell_minutes":34726.566666666666,"center_method":"duration_weighted_berth_medoid"}},{"type":"Feature","geometry":{"type":"Polygon","coordinates":[[[119.26911948240293,25.421771000000003],[119.26946138329981,25.423323409312342],[119.270761632907,25.424906805323687],[119.27273479573326,25.425749653764832],[119.27468376309027,25.425749653764832],[119.27680257927247,25.42478757833461],[119.27900001854806,25.424478790267006],[119.28045719081192,25.423599431914205],[119.28157933731455,25.42190853716678],[119.2816864387058,25.419408570588047],[119.28101577597177,25.417946186048585],[119.27939848113456,25.416622239268737],[119.277721418143,25.416162746603334],[119.2752192924653,25.416221163067167],[119.2704350346783,25.41870665186225],[119.26946138329981,25.420022755673667],[119.26911948240293,25.421771000000003]]]},"properties":{"terminal_id":321,"lat":25.42022140277778,"lon":119.27728116666668,"berth_count":2,"dwell_minutes":4277.766666666666,"center_method":"duration_weighted_berth_medoid"}},{"type":"Feature","geometry":{"type":"Polygon","coordinates":[[[116.30898641870611,22.938100461822636],[116.30723879368824,22.938415327033283],[116.30578162142439,22.939311983279158],[116.30480797004591,22.94065391308884],[116.30446606914902,22.9423527],[116.30480797004591,22.943935577172287],[116.30578162142439,22.945277461145434],[116.30723879368824,22.94617407193598],[116.30902670000002,22.94648891836683],[116.3111440144679,22.946000525513472],[116.31276130930509,22.944650675407356],[116.31349664825247,22.942758125883707],[116.31324028129391,22.940818391643308],[116.31576638615861,22.94012129281085],[116.31863082591651,22.93831330205605],[116.31974261675575,22.937065699824707],[116.32025134825244,22.935521227556613],[116.32007957064786,22.933295225834694],[116.31807347320138,22.930944333309036],[116.31849217642062,22.92921175],[116.31815027552372,22.927057244014307],[116.3161179144679,22.924992006760498],[116.31444085147633,22.924523456313274],[116.31181616418837,22.924681666619016],[116.31027057408345,22.925442549548485],[116.30915878324423,22.9266902588599],[116.30865005174755,22.928234831842524],[116.30882182935208,22.930412560371877],[116.30964796447478,22.931836008501964],[116.31094545146965,22.932828336180844],[116.3089018293521,22.935199909391528],[116.30898641870611,22.938100461822636]]]},"properties":{"terminal_id":322,"lat":22.93650675,"lon":116.313206625,"berth_count":4,"dwell_minutes":5401.5666666666675,"center_method":"duration_weighted_berth_medoid"}},{"type":"Feature","geometry":{"type":"Polygon","coordinates":[[[116.7720473680238,23.221690400000004],[116.77294952037187,23.22416350277225],[116.77295125792352,23.226907308458273],[116.77440000265489,23.228899761225346],[116.77594559275981,23.229658924801083],[116.77774371301479,23.229816776524153],[116.77942077600635,23.22934928696597],[116.78077549706364,23.228327621292433],[116.78160163218634,23.226907308458273],[116.78177340979092,23.224950733179092],[116.78088014468572,23.222866439733693],[116.78087410398125,23.219653335615117],[116.77942535924988,23.21766074487399],[116.77701618480967,23.216743646090478],[116.77442162997653,23.217211179782716],[116.77257772768864,23.218905746509936],[116.7720473680238,23.221690400000004]]]},"properties":{"terminal_id":323,"lat":23.22153091111111,"lon":116.77657593333332,"berth_count":2,"dwell_minutes":3748.2166666666662,"center_method":"duration_weighted_berth_medoid"}},{"type":"Feature","geometry":{"type":"Polygon","coordinates":[[[119.26429766666666,25.146113837719646],[119.26218035219878,25.146593932713515],[119.26056305736158,25.147920829853014],[119.25982771841419,25.149781151727776],[119.25989239462751,25.152518511374748],[119.26056305736158,25.1539840997259],[119.26218035219878,25.155310916511564],[119.26385741519034,25.155771398470765],[119.26669176309026,25.155712856429307],[119.26866492591654,25.154868128976737],[119.26977671675574,25.153641880579002],[119.27028544825244,25.15212384192318],[119.27022077203911,25.149386473422986],[119.26955010930507,25.147920829853014],[119.2683108861586,25.14679906293832],[119.26669176309026,25.146191962759065],[119.26429766666666,25.146113837719646]]]},"properties":{"terminal_id":324,"lat":25.151150615384616,"lon":119.26459584615384,"berth_count":1,"dwell_minutes":6703.333333333334,"center_method":"duration_weighted_berth_medoid"}},{"type":"Feature","geometry":{"type":"Polygon","coordinates":[[[117.01820891666667,23.392791389008693],[117.01649006478529,23.393105186847816],[117.01473688114145,23.39429855369544],[117.01380364462752,23.39610949859483],[117.01373896841419,23.39831304859307],[117.01447430736158,23.400199168550795],[117.01571353050804,23.40133646473024],[117.01733265357639,23.401951960912957],[117.01946350147631,23.40201131691849],[117.02114056446787,23.401544432503712],[117.02275785930505,23.400199168550795],[117.02342852203911,23.39871320476215],[117.02349319825244,23.39650966142284],[117.02298446675576,23.394970479589006],[117.02187267591651,23.393727125011768],[117.02032708581162,23.39296889759473],[117.01820891666667,23.392791389008693]]]},"properties":{"terminal_id":325,"lat":23.39754166666667,"lon":117.01858433333332,"berth_count":1,"dwell_minutes":1023.2333333333332,"center_method":"duration_weighted_berth_medoid"}},{"type":"Feature","geometry":{"type":"Polygon","coordinates":[[[121.0110219235794,31.79671165384616],[121.0120414644748,31.799133414553015],[121.01397429227563,31.80029311994522],[121.01484844066528,31.80176959638424],[121.01660162430912,31.802874641254334],[121.01832047619048,31.80316521083177],[121.02004348346028,31.802874641254334],[121.02150065572415,31.802047164099875],[121.02247430710263,31.800808743177942],[121.02281620799951,31.7992912631579],[121.0222858483347,31.79749174174117],[121.0199441451714,31.79573418009344],[121.0187770999028,31.793990584184343],[121.01731992763894,31.79316302747916],[121.01507324852369,31.79289080948944],[121.0130181138414,31.79351581464927],[121.01155228324426,31.79489042793206],[121.0110219235794,31.79671165384616]]]},"properties":{"terminal_id":326,"lat":31.796706590909093,"lon":121.01560107575756,"berth_count":2,"dwell_minutes":3675.8,"center_method":"duration_weighted_berth_medoid"}},{"type":"Feature","geometry":{"type":"Polygon","coordinates":[[[121.83613922222223,31.678762235261527],[121.83442037034087,31.679053194461133],[121.832963198077,31.679881771163817],[121.83198954669852,31.68112181001714],[121.83164764580164,31.682603222222227],[121.83198954669852,31.684065903149563],[121.832963198077,31.685305886113888],[121.83442037034087,31.6861344070105],[121.8361424285714,31.686425343104993],[121.83786128045278,31.6861344070105],[121.83931845271664,31.685305886113888],[121.84029210409511,31.684065903149563],[121.84063400499201,31.682584514285725],[121.84029210409511,31.68112181001714],[121.83931845271664,31.679881771163817],[121.83786128045278,31.679053194461133],[121.83613922222223,31.678762235261527]]]},"properties":{"terminal_id":327,"lat":31.68258451428572,"lon":121.83614242857142,"berth_count":1,"dwell_minutes":1226.3666666666666,"center_method":"duration_weighted_berth_medoid"}},{"type":"Feature","geometry":{"type":"Polygon","coordinates":[[[121.72152325,31.718461051182658],[121.72324210188137,31.718170215547445],[121.7246137917634,31.717407886432657],[121.72651711111108,31.71777294065281],[121.73026383581161,31.71760842025971],[121.73213602414523,31.71665386189568],[121.73310967552369,31.715414297873807],[121.73345157642059,31.713952111111116],[121.73310967552369,31.71198740725406],[121.73213602414523,31.710747780844972],[121.73076729255018,31.7099550647621],[121.73171493870579,31.708262915400738],[121.73160783731456,31.706309889098684],[121.73048569081189,31.704717105141007],[121.72902851854805,31.703888750157102],[121.72584723690974,31.703671294663575],[121.72354747585479,31.704717105141007],[121.72257382447629,31.705956812162732],[121.72223192357941,31.707517444444434],[121.72257382447629,31.708979732674976],[121.72379885020862,31.710413203526045],[121.72306212778523,31.711009616201014],[121.7209731485237,31.71079193881926],[121.71929608553214,31.71122472185897],[121.71726372447631,31.713132300308736],[121.71694345174758,31.71501476096633],[121.71767879069495,31.716762992843343],[121.71929608553214,31.718009904008778],[121.72152325,31.718461051182658]]]},"properties":{"terminal_id":328,"lat":31.713587166666667,"lon":121.7280955,"berth_count":3,"dwell_minutes":8331.333333333334,"center_method":"duration_weighted_berth_medoid"}},{"type":"Feature","geometry":{"type":"Polygon","coordinates":[[[122.39889160086177,30.688327541509025],[122.39861554046085,30.691156814503284],[122.40017138658345,30.693388974035678],[122.40258056102368,30.69424708652648],[122.40607827059542,30.69397419090502],[122.40738461384136,30.695136094234755],[122.40900373690974,30.695712792452007],[122.41218438809027,30.695712792452007],[122.41484419138378,30.694300685691054],[122.41761035188134,30.694105800902165],[122.41936353552518,30.692987703563105],[122.42029677203911,30.69129093683294],[122.41985271675576,30.688682250413358],[122.41874092591651,30.68751724680668],[122.41719533581161,30.68680679815708],[122.41311189138081,30.6862730347296],[122.41027326607086,30.687483359221268],[122.40815887566124,30.68777830544173],[122.40745134343138,30.68703973338287],[122.408077519681,30.68542899373846],[122.40775724695226,30.682721788052383],[122.4064569973451,30.681214027490835],[122.40448383451881,30.68041142244285],[122.40131853168599,30.680793321118067],[122.39825105736158,30.683365144442586],[122.3975157184142,30.685910986543398],[122.39889160086177,30.688327541509025]]]},"properties":{"terminal_id":329,"lat":30.69023240909091,"lon":122.4043406590909,"berth_count":6,"dwell_minutes":7592.283333333334,"center_method":"duration_weighted_berth_medoid"}},{"type":"Feature","geometry":{"type":"Polygon","coordinates":[[[121.79302572357938,31.691542555555557],[121.79336762447628,31.69300509561336],[121.79434127585478,31.694244959151423],[121.7957984481186,31.69507340024851],[121.79774366666669,31.69536430832087],[121.80059309258323,31.69449682420261],[121.80204970309134,31.692625248797203],[121.80297497585477,31.69377808385904],[121.80443214811864,31.69460652912445],[121.806151,31.694897438660544],[121.80789651854805,31.69460652912445],[121.80991227597173,31.693198948855827],[121.81066924308726,31.691038666666667],[121.80991227597173,31.68891533504984],[121.80789651854805,31.687507668456526],[121.80617766666666,31.68721673575455],[121.80443214811864,31.687507668456526],[121.8021228747088,31.68935741542452],[121.80059309258323,31.687237165723552],[121.79751729999998,31.68636960563231],[121.7953999855321,31.686820906715997],[121.79378269069493,31.688068220430868],[121.79311202796086,31.689445955247958],[121.79302572357938,31.691542555555557]]]},"properties":{"terminal_id":330,"lat":31.690442948717948,"lon":121.79765505128204,"berth_count":2,"dwell_minutes":3262.916666666667,"center_method":"duration_weighted_berth_medoid"}},{"type":"Feature","geometry":{"type":"Polygon","coordinates":[[[121.8013748,31.666859131009332],[121.79965594811864,31.667150127504257],[121.7979027644748,31.668256779271147],[121.79696952796087,31.669936127119712],[121.79696952796087,31.671450338138467],[121.79764019069492,31.6728283195816],[121.79925748553212,31.674075821299777],[121.80093454852368,31.674508775609297],[121.80321512023313,31.674453733237268],[121.80483424330147,31.673882967105413],[121.80607346644794,31.6728283195816],[121.80674412918198,31.671450338138467],[121.80674412918198,31.669936127119712],[121.80607346644794,31.668558102764752],[121.80483424330147,31.6675033947727],[121.8013748,31.666859131009332]]]},"properties":{"terminal_id":331,"lat":31.6706819,"lon":121.8013748,"berth_count":1,"dwell_minutes":467.9666666666667,"center_method":"duration_weighted_berth_medoid"}},{"type":"Feature","geometry":{"type":"Polygon","coordinates":[[[121.82069075691274,31.68753914814814],[121.82103265780961,31.68900175129762],[121.8223329074168,31.690493544240383],[121.82430607024307,31.691287630190743],[121.82655250837328,31.691287630190743],[121.82817163144165,31.690716967549996],[121.83100588737703,31.68873479738688],[121.83193912389096,31.687055789520855],[121.83193912389096,31.685539890901158],[121.8312684611569,31.684162098102874],[121.83002923801047,31.68310756733285],[121.82841011494209,31.682536854396716],[121.82665712152512,31.682536854396716],[121.82200630918811,31.68425305080982],[121.82088416268543,31.685846186090195],[121.82069075691274,31.68753914814814]]]},"properties":{"terminal_id":332,"lat":31.68740014285714,"lon":121.82547057142858,"berth_count":2,"dwell_minutes":17190.683333333334,"center_method":"duration_weighted_berth_medoid"}},{"type":"Feature","geometry":{"type":"Polygon","coordinates":[[[117.10312033333332,23.505778699644974],[117.10140148145194,23.50609222918207],[117.09994430918809,23.506985081675158],[117.09897065780962,23.5083213185555],[117.09862875691272,23.509959],[117.09897065780962,23.511535161846336],[117.09994430918809,23.512871352565398],[117.10140148145194,23.51376415910424],[117.10322670000001,23.514077669632755],[117.10494555188139,23.51376415910424],[117.10640272414521,23.512871352565398],[117.10737637552371,23.511535161846336],[117.10771827642058,23.509897499999997],[117.10737637552371,23.5083213185555],[117.10640272414521,23.506985081675158],[117.10494555188139,23.50609222918207],[117.10312033333332,23.505778699644974]]]},"properties":{"terminal_id":333,"lat":23.5099231,"lon":117.1032267,"berth_count":1,"dwell_minutes":419.95,"center_method":"duration_weighted_berth_medoid"}},{"type":"Feature","geometry":{"type":"Polygon","coordinates":[[[119.68822675,25.412008254430457],[119.6865078981186,25.412317074438977],[119.68475471447479,25.4134915101572],[119.68382147796086,25.41527372526407],[119.68375680174753,25.417124575064094],[119.68449214069493,25.41898077291402],[119.68573136384136,25.420100025571955],[119.68735048690974,25.420705756411945],[119.68939697488055,25.42076417067462],[119.69107403787211,25.420304693794627],[119.69269133270929,25.41898077291402],[119.69336199544335,25.417518383185552],[119.69342667165668,25.415667539430565],[119.69291794016,25.41415277649104],[119.69180614932075,25.41292914651311],[119.69026055921586,25.412182947173676],[119.68822675,25.412008254430457]]]},"properties":{"terminal_id":334,"lat":25.416726936170217,"lon":119.68895672340425,"berth_count":1,"dwell_minutes":1719.1,"center_method":"duration_weighted_berth_medoid"}},{"type":"Feature","geometry":{"type":"Polygon","coordinates":[[[121.21554674074073,31.71131691371559],[121.21382788885934,31.711607770849326],[121.21207470521553,31.712713892618932],[121.21124857009283,31.71402870827768],[121.21107679248827,31.71595298717647],[121.21158552398497,31.717379594601287],[121.2126973148242,31.718531983179926],[121.2142429049291,31.719234725009276],[121.21648131814297,31.719380844877644],[121.21815838113453,31.71894809990813],[121.21951310219185,31.71800236434205],[121.22033923731455,31.71668760503445],[121.22051101491913,31.71476334138272],[121.22000228342243,31.71333669370034],[121.2188904925832,31.71218424054477],[121.21734490247829,31.711481445272906],[121.21554674074073,31.71131691371559]]]},"properties":{"terminal_id":335,"lat":31.715536066666665,"lon":121.21563792121214,"berth_count":1,"dwell_minutes":7324.383333333333,"center_method":"duration_weighted_berth_medoid"}},{"type":"Feature","geometry":{"type":"Polygon","coordinates":[[[121.16711996000001,31.75280622709159],[121.16540110811863,31.753096954011397],[121.16394393585477,31.753924869230694],[121.1629702844763,31.755163918086318],[121.1626283835794,31.75669012],[121.1629702844763,31.758151632361834],[121.16394393585477,31.759390624640815],[121.16540110811863,31.7602184835707],[121.16726190909093,31.76050918721113],[121.16898076097229,31.7602184835707],[121.17043793323613,31.759390624640815],[121.17141158461463,31.758151632361834],[121.1717534855115,31.756625454545453],[121.17141158461463,31.755163918086318],[121.17043793323613,31.753924869230694],[121.16898076097229,31.753096954011397],[121.16711996000001,31.75280622709159]]]},"properties":{"terminal_id":336,"lat":31.75669012,"lon":121.16711996,"berth_count":1,"dwell_minutes":938.9166666666669,"center_method":"duration_weighted_berth_medoid"}},{"type":"Feature","geometry":{"type":"Polygon","coordinates":[[[119.7904944592937,35.60543051851852],[119.7908363601906,35.60682801124508],[119.79181001156907,35.6080127292546],[119.79326718383292,35.60880432274356],[119.79502678624078,35.60908229155327],[119.79527630364295,35.611620242352785],[119.79693059300804,35.61325900144563],[119.79854971607638,35.61380422560672],[119.80036847737595,35.61380422560672],[119.80198760044432,35.61325900144563],[119.80322682359078,35.612251548781934],[119.80396216253814,35.610580755611295],[119.80364188980941,35.60841698800822],[119.80198760044432,35.60677812972561],[119.79969627442877,35.60617083952453],[119.79944926811629,35.6039004448355],[119.79779497875121,35.602261494041],[119.7952995925926,35.60164601852951],[119.79286872124642,35.60207724434509],[119.79102481895853,35.603576469738485],[119.7904944592937,35.60543051851852]]]},"properties":{"terminal_id":337,"lat":35.60982792753624,"lon":119.79948389855072,"berth_count":2,"dwell_minutes":5608.883333333333,"center_method":"duration_weighted_berth_medoid"}},{"type":"Feature","geometry":{"type":"Polygon","coordinates":[[[121.73711993749998,38.976584195705016],[121.73540108561862,38.97684999001958],[121.73394391335478,38.977606902722435],[121.73297026197628,38.978739687520175],[121.7326283610794,38.98039204347826],[121.73297026197628,38.98172819977622],[121.73394391335478,38.98286091864056],[121.73540108561862,38.983617767088425],[121.73718952173913,38.983883535000835],[121.73890837362049,38.983617767088425],[121.74036554588436,38.98286091864056],[121.74133919726282,38.98172819977622],[121.74168109815972,38.980075875],[121.74133919726282,38.978739687520175],[121.74036554588436,38.977606902722435],[121.73890837362049,38.97684999001958],[121.73711993749998,38.976584195705016]]]},"properties":{"terminal_id":338,"lat":38.98039204347826,"lon":121.73718952173913,"berth_count":1,"dwell_minutes":1060.55,"center_method":"duration_weighted_berth_medoid"}},{"type":"Feature","geometry":{"type":"Polygon","coordinates":[[[121.64987492357936,38.99945499999999],[121.65040528324421,39.00110045592885],[121.65187111384135,39.00235729936781],[121.65392624852365,39.00292874371345],[121.65678235188139,39.002679854920935],[121.6585355355252,39.001669402247714],[121.65938076911146,39.000409017893745],[121.66126344728039,39.00000581032069],[121.66288074211755,38.99886663691508],[121.66361608106494,38.99726945368748],[121.6632958083362,38.995408112630756],[121.66232215695771,38.994275594538415],[121.66086498469387,38.99351886004115],[121.65914613281251,38.99325312830382],[121.65694450811861,38.99351886004115],[121.65485409846526,38.99490139076961],[121.6526476481186,38.99516711631794],[121.65119047585473,38.995923833190346],[121.6500683293521,38.99737886565056],[121.64987492357936,38.99945499999999]]]},"properties":{"terminal_id":339,"lat":38.99674866216216,"lon":121.6591177635135,"berth_count":2,"dwell_minutes":63078.916666666664,"center_method":"duration_weighted_berth_medoid"}},{"type":"Feature","geometry":{"type":"Polygon","coordinates":[[[113.61670246875,22.568954640309446],[113.61498361686863,22.569270357496176],[113.6132304332248,22.570471023811766],[113.6124042981021,22.571898226925352],[113.6122108923294,22.573605781250002],[113.61255279322629,22.5751929378526],[113.61352644460477,22.576538449933697],[113.61498361686863,22.57743748504161],[113.61685818181819,22.577753182797203],[113.61857703369955,22.57743748504161],[113.62033021734338,22.57623687941331],[113.62115635246607,22.574809721226828],[113.6213497582388,22.57310218181818],[113.6210078573419,22.571515001138646],[113.62003420596342,22.57016944001512],[113.61857703369955,22.569270357496176],[113.61670246875,22.568954640309446]]]},"properties":{"terminal_id":340,"lat":22.57360578125,"lon":113.61670246875,"berth_count":1,"dwell_minutes":1080.95,"center_method":"duration_weighted_berth_medoid"}},{"type":"Feature","geometry":{"type":"Polygon","coordinates":[[[119.53504078260869,35.37115791284383],[119.53292346814081,35.37159037718993],[119.53156874708348,35.37249694294442],[119.53063551056954,35.37410585525579],[119.53057083435624,35.37600036880722],[119.5313061733036,35.37767604733312],[119.53254539645006,35.37868644585871],[119.53416451951841,35.37923326432367],[119.53608025147632,35.37928599726156],[119.53775731446788,35.37887120849732],[119.53937460930506,35.37767604733312],[119.54004527203912,35.376355878974735],[119.54010994825245,35.37446137376966],[119.53960121675576,35.37309390863441],[119.53848942591652,35.371989261881694],[119.53694383581163,35.371315619488854],[119.53504078260869,35.37115791284383]]]},"properties":{"terminal_id":341,"lat":35.37482034782609,"lon":119.53504078260868,"berth_count":1,"dwell_minutes":1066.9333333333334,"center_method":"duration_weighted_berth_medoid"}},{"type":"Feature","geometry":{"type":"Polygon","coordinates":[[[117.11018616666668,23.499921316515493],[117.10846731478529,23.500234859991625],[117.10701014252145,23.501127752180516],[117.10603649114294,23.50246404847198],[117.10569459024607,23.504321649999998],[117.10603649114294,23.50589787930319],[117.10701014252145,23.507234127212126],[117.10846731478529,23.508126971965403],[117.11038595,23.508440495913305],[117.11210480188136,23.508126971965403],[117.11356197414523,23.507234127212126],[117.1145356255237,23.50589787930319],[117.11487752642059,23.504040299999996],[117.1145356255237,23.50246404847198],[117.11356197414523,23.501127752180516],[117.11210480188136,23.500234859991625],[117.11018616666668,23.499921316515493]]]},"properties":{"terminal_id":342,"lat":23.5040403,"lon":117.11018616666668,"berth_count":1,"dwell_minutes":1422.6166666666668,"center_method":"duration_weighted_berth_medoid"}},{"type":"Feature","geometry":{"type":"Polygon","coordinates":[[[121.31697484993599,39.50594872999999],[121.31753307177634,39.51003929735143],[121.31835920689903,39.51123173016095],[121.31971392795637,39.51208947136274],[121.32139099094793,39.5124819516961],[121.32485573677445,39.51243205488541],[121.32647485984282,39.511914645680626],[121.32794069043996,39.510666903971945],[121.32847105010477,39.50903336363636],[121.3281291492079,39.50660017872708],[121.3236394744679,39.50281178917868],[121.3214664263566,39.50240256597442],[121.31897104019798,39.5029866377646],[121.31750520960084,39.504234517390344],[121.31697484993599,39.50594872999999]]]},"properties":{"terminal_id":343,"lat":39.50842333898305,"lon":121.32265015254237,"berth_count":2,"dwell_minutes":49518.46666666666,"center_method":"duration_weighted_berth_medoid"}},{"type":"Feature","geometry":{"type":"Polygon","coordinates":[[[117.57568775699596,23.76681870283609],[117.57576129938943,23.771047055015455],[117.57731714551203,23.773422589438894],[117.57886273561695,23.774178622121894],[117.58076401429204,23.774335726919276],[117.58244472230108,23.77386795513502],[117.58380082519196,23.772846003514026],[117.58479419001078,23.770633440000708],[117.58477083971266,23.76505604523135],[117.58424946979179,23.763514403122766],[117.58311985204847,23.762275227625775],[117.58068506172305,23.76138116861482],[117.57774338486819,23.76209899995501],[117.57611812677757,23.763983778368146],[117.57568775699596,23.76681870283609]]]},"properties":{"terminal_id":344,"lat":23.76940052898551,"lon":117.58026695652174,"berth_count":2,"dwell_minutes":18701.383333333335,"center_method":"duration_weighted_berth_medoid"}},{"type":"Feature","geometry":{"type":"Polygon","coordinates":[[[111.28311085215081,21.43382216666667],[111.28485428324423,21.438619034384768],[111.28709664811862,21.440510763438386],[111.29171048097291,21.440648982277885],[111.29358266930652,21.439604488258894],[111.29455632068499,21.438248141086028],[111.29489822158187,21.434926],[111.29436786191705,21.43295512004086],[111.29290203131991,21.431449660180565],[111.28946051854801,21.429913405466746],[111.2871621770951,21.429615274427352],[111.2851070424128,21.430299775650482],[111.28364121181566,21.43180524737054],[111.28311085215081,21.43382216666667]]]},"properties":{"terminal_id":345,"lat":21.436359319148934,"lon":111.29019259574468,"berth_count":2,"dwell_minutes":22492.816666666666,"center_method":"duration_weighted_berth_medoid"}},{"type":"Feature","geometry":{"type":"Polygon","coordinates":[[[121.06295663410572,30.58147129999999],[121.06371360122124,30.583619570610406],[121.06533089605844,30.58488147766908],[121.06700795905,30.585319431576885],[121.07044740524049,30.585338050668703],[121.0724366958921,30.585937107058445],[121.07453760392757,30.58578922928448],[121.07608319403246,30.585078033173797],[121.07719498487171,30.583911781249107],[121.07770371636839,30.5824680122457],[121.07753193876383,30.58078551770356],[121.07670580364113,30.579454890440154],[121.07374625408315,30.57696400405001],[121.07169111940084,30.576330914402426],[121.06700795905,30.576330914402426],[121.06495282436771,30.57696400405001],[121.06329853500262,30.578699448060103],[121.06295663410572,30.58147129999999]]]},"properties":{"terminal_id":346,"lat":30.580525169014084,"lon":121.06848728169014,"berth_count":2,"dwell_minutes":78548.5,"center_method":"duration_weighted_berth_medoid"}},{"type":"Feature","geometry":{"type":"Polygon","coordinates":[[[119.28277440816326,32.18377966066267],[119.28065709369538,32.184228526270246],[119.27881319140751,32.18578908081749],[119.27828283174267,32.187580999999994],[119.27862473263957,32.18972602390347],[119.27959838401803,32.19095920397775],[119.28147057235165,32.19190884606754],[119.28661215188136,32.19178317924828],[119.2880693241452,32.19095920397775],[119.28904297552369,32.18972602390347],[119.28938487642056,32.18827136734693],[119.28904297552369,32.18612630916412],[119.2880693241452,32.18489306361423],[119.28661215188136,32.184069025971596],[119.28277440816326,32.18377966066267]]]},"properties":{"terminal_id":347,"lat":32.18770563636363,"lon":119.28436445454544,"berth_count":1,"dwell_minutes":15680.883333333331,"center_method":"duration_weighted_berth_medoid"}},{"type":"Feature","geometry":{"type":"Polygon","coordinates":[[[120.32777927692308,31.95230994948665],[120.3256619624552,31.95275995266233],[120.32381806016733,31.954324462261717],[120.32328770050248,31.956120923076927],[120.32381806016733,31.959108002390302],[120.32492985100653,31.960257375878776],[120.3269030138328,31.961049144756558],[120.33125697147634,31.961104016566676],[120.3329340344679,31.960672403862212],[120.33455132930509,31.959428767714],[120.33522199203914,31.958055055994514],[120.33528666825246,31.95574738933313],[120.33477793675577,31.954324462261717],[120.33366614591655,31.953175014525684],[120.33212055581163,31.952474051987505],[120.32777927692308,31.95230994948665]]]},"properties":{"terminal_id":348,"lat":31.95672761111111,"lon":120.32907005555556,"berth_count":1,"dwell_minutes":24611.950000000004,"center_method":"duration_weighted_berth_medoid"}},{"type":"Feature","geometry":{"type":"Polygon","coordinates":[[[121.98041993088064,30.036958866828357],[121.97792827069492,30.038532732834078],[121.97719293174752,30.04147465280662],[121.97848685585475,30.043842882339458],[121.98122262852368,30.04496295176963],[121.98309454434025,30.044906965904673],[121.98471366740861,30.044326416240942],[121.98651042518468,30.04223680391994],[121.98865840589555,30.040988943218455],[121.98964260277148,30.038983422674804],[121.99188979090574,30.038687454407807],[121.99364297454956,30.03756183805946],[121.99466251544494,30.035095066666656],[121.99446910967225,30.03333606859248],[121.99374250625748,30.032114174745388],[121.99544705611356,30.03080940257729],[121.99618239506096,30.02903014057113],[121.99611771884763,30.024861381534212],[121.99456187272503,30.022613914570673],[121.99258870989875,30.021805888980587],[121.98805706431315,30.021749890032456],[121.98638000132159,30.022190366863075],[121.98502528026427,30.023152985932906],[121.984027367537,30.025238883318412],[121.984027367537,30.02903014057113],[121.98476270648439,30.03080940257729],[121.98618987296706,30.031979787565163],[121.98515572846897,30.034386391242375],[121.98214534598422,30.035041714560403],[121.98041993088064,30.036958866828357]]]},"properties":{"terminal_id":349,"lat":30.0271126,"lon":121.9900488,"berth_count":4,"dwell_minutes":126528.09999999998,"center_method":"duration_weighted_berth_medoid"}},{"type":"Feature","geometry":{"type":"Polygon","coordinates":[[[118.85172852142858,32.16217017288845],[118.85000966954722,32.16245960686058],[118.84825648590338,32.16356031627993],[118.84743035078068,32.16486869821405],[118.84725857317613,32.166351961975984],[118.84799391212351,32.16809162912661],[118.84923313526997,32.16914061283656],[118.8508522583383,32.169708313691835],[118.85275982290489,32.16976306045845],[118.85443688589646,32.16933243132067],[118.85579160695379,32.16839131967643],[118.85661774207648,32.167082988331465],[118.85678951968102,32.1655997364714],[118.85628078818434,32.16418006986794],[118.85516899734512,32.16303325586035],[118.85362340724019,32.162333899395605],[118.85172852142858,32.16217017288845]]]},"properties":{"terminal_id":350,"lat":32.16597241428572,"lon":118.85172852142856,"berth_count":1,"dwell_minutes":4360.016666666666,"center_method":"duration_weighted_berth_medoid"}},{"type":"Feature","geometry":{"type":"Polygon","coordinates":[[[120.92022839473682,31.8899060110935],[120.91850954285546,31.89019630664273],[120.91675635921162,31.891300292679762],[120.91593022408892,31.892612569567294],[120.91573681831623,31.894164300000003],[120.91607871921313,31.89562363752231],[120.91705237059159,31.896860786018355],[120.91850954285546,31.89768741294987],[120.9204641860465,31.897977683965834],[120.92218303792788,31.89768741294987],[120.9239362215717,31.896583503495826],[120.92476235669439,31.89527128320459],[120.9249557624671,31.893719571428566],[120.92461386157021,31.892260203726078],[120.92364021019173,31.89102299341068],[120.92218303792788,31.89019630664273],[120.92022839473682,31.8899060110935]]]},"properties":{"terminal_id":351,"lat":31.893867342105267,"lon":120.92035518421052,"berth_count":1,"dwell_minutes":31435.85,"center_method":"duration_weighted_berth_medoid"}},{"type":"Feature","geometry":{"type":"Polygon","coordinates":[[[119.89068143715252,32.224794805549024],[119.88959835900181,32.22591882674674],[119.88908962750513,32.22733753050482],[119.88908962750513,32.230237105871424],[119.8898249664525,32.23197555198263],[119.89106418959895,32.23302379940235],[119.8926833126673,32.23359110177485],[119.89536106864578,32.23359110177485],[119.89698019171416,32.23302379940235],[119.89863448107924,32.2313186826433],[119.89897638197611,32.22848631338006],[119.89970568113003,32.22704975946356],[119.89970568113003,32.22483567220081],[119.89903501839596,32.22346594512355],[119.89701926097229,32.22206644715081],[119.89419834560536,32.22185021534054],[119.8918985845504,32.22289014068029],[119.89068143715252,32.224794805549024]]]},"properties":{"terminal_id":352,"lat":32.22910287179487,"lon":119.89398971794871,"berth_count":2,"dwell_minutes":31412.83333333333,"center_method":"duration_weighted_berth_medoid"}},{"type":"Feature","geometry":{"type":"Polygon","coordinates":[[[121.59520089773595,31.363172428226505],[121.59319090519544,31.36481397217027],[121.59274684991209,31.367396075758094],[121.59397609780599,31.36935969963818],[121.5967118704749,31.37046448345604],[121.59935418181482,31.370030117702076],[121.60294492307894,31.367562284854554],[121.60506820011211,31.36693155844341],[121.60630742325857,31.36587344012153],[121.60704276220594,31.36411862444745],[121.6068709846014,31.36242211306479],[121.6060448494787,31.361102336277014],[121.60469012842137,31.36015296849398],[121.6030130654298,31.359718555085784],[121.60033445115712,31.36015296849398],[121.5985965433632,31.361576482799983],[121.59673312997657,31.362018704876945],[121.59520089773595,31.363172428226505]]]},"properties":{"terminal_id":353,"lat":31.365571208333336,"lon":121.59904589583334,"berth_count":3,"dwell_minutes":18718.65,"center_method":"duration_weighted_berth_medoid"}},{"type":"Feature","geometry":{"type":"Polygon","coordinates":[[[122.0386492114582,29.981131484848483],[122.03940617857373,29.983292939902864],[122.04102347341093,29.98456259198022],[122.0431407878788,29.985021967292216],[122.04588359598252,29.98471539471005],[122.04714106053213,29.985585434220003],[122.04881812352369,29.986026071621954],[122.05161375147632,29.986026071621954],[122.05329081446789,29.985585434220003],[122.05490810930506,29.984315795220557],[122.05564344825245,29.98253569920225],[122.05513471675577,29.978745393695565],[122.05366888615863,29.977344465519838],[122.05161375147632,29.97670749593694],[122.04838211190973,29.97676352030671],[122.04677199968289,29.97733978714388],[122.04457952925411,29.976614587660016],[122.04142193599743,29.976892016928783],[122.03917957112301,29.97865248732479],[122.0386492114582,29.981131484848483]]]},"properties":{"terminal_id":354,"lat":29.9807525,"lon":122.04940108333334,"berth_count":2,"dwell_minutes":99138.5,"center_method":"duration_weighted_berth_medoid"}},{"type":"Feature","geometry":{"type":"Polygon","coordinates":[[[121.77510293548389,29.97060970542508],[121.77338408360251,29.970905887497256],[121.77163089995868,29.972032260283903],[121.77069766344474,29.973741536088863],[121.77069766344474,29.97571184189005],[121.7713683261788,29.977114376751537],[121.772985621016,29.978384107817448],[121.77466268400757,29.978824777172562],[121.77709476309025,29.978768753965397],[121.77871388615863,29.97818781708253],[121.77995310930508,29.977114376751537],[121.78062377203912,29.97571184189005],[121.78062377203912,29.973741536088863],[121.77995310930508,29.972338953606858],[121.77871388615863,29.97126545007271],[121.77709476309025,29.970684469309163],[121.77510293548389,29.97060970542508]]]},"properties":{"terminal_id":355,"lat":29.97485570103093,"lon":121.77517920618556,"berth_count":1,"dwell_minutes":13138.633333333331,"center_method":"duration_weighted_berth_medoid"}},{"type":"Feature","geometry":{"type":"Polygon","coordinates":[[[119.93542847826086,32.066226151381755],[119.93370962637948,32.06651588971449],[119.93195644273565,32.06761775663122],[119.93113030761296,32.06892751449565],[119.93095853000838,32.07082519151519],[119.93146726150508,32.07224631090155],[119.93257905234431,32.07339426617879],[119.93412464244922,32.07409430445214],[119.93624618696019,32.0742398621682],[119.93792324995175,32.07380878204828],[119.93927797100906,32.07286668483104],[119.94010410613176,32.07155698338754],[119.94027588373632,32.06965932155469],[119.93976715223963,32.068238161962846],[119.9386553614004,32.06709014195461],[119.9371097712955,32.066390050058786],[119.93542847826086,32.066226151381755]]]},"properties":{"terminal_id":356,"lat":32.070227392473114,"lon":119.93580593548388,"berth_count":1,"dwell_minutes":6527.966666666667,"center_method":"duration_weighted_berth_medoid"}},{"type":"Feature","geometry":{"type":"Polygon","coordinates":[[[120.11725459999998,40.070871691197645],[120.11475921384137,40.07145095688452],[120.1129564293521,40.07331106207684],[120.11284932796086,40.07714812575245],[120.11407857585478,40.078907830137574],[120.1155357481186,40.079652823660034],[120.11725459999998,40.079914428661986],[120.1249510014763,40.0798978799286],[120.12768677414522,40.078907830137574],[120.12866042552369,40.07779285331075],[120.12900232642059,40.076477624999995],[120.1289160220391,40.07363824906898],[120.12768677414522,40.07187840851136],[120.1249510014763,40.07088824212458],[120.11725459999998,40.070871691197645]]]},"properties":{"terminal_id":357,"lat":40.07561988,"lon":120.12160028,"berth_count":1,"dwell_minutes":49669.96666666667,"center_method":"duration_weighted_berth_medoid"}},{"type":"Feature","geometry":{"type":"Polygon","coordinates":[[[119.32040888888888,32.18336308771271],[119.318291574421,32.18381195537414],[119.3166742795838,32.18505254339556],[119.3159389406364,32.18679185334501],[119.31625921336517,32.18899079330639],[119.31723286474364,32.19022398334193],[119.31910505307722,32.19117363310289],[119.32405222688138,32.191047965268496],[119.32550939914522,32.19022398334193],[119.32648305052372,32.18899079330639],[119.32682495142059,32.187536125],[119.32648305052372,32.185709746951886],[119.32550939914522,32.184476495758865],[119.32405222688138,32.18365245434567],[119.32040888888888,32.18336308771271]]]},"properties":{"terminal_id":358,"lat":32.187412411764704,"lon":119.32083652941176,"berth_count":1,"dwell_minutes":12171.516666666665,"center_method":"duration_weighted_berth_medoid"}},{"type":"Feature","geometry":{"type":"Polygon","coordinates":[[[120.66739075,31.996735157130747],[120.67023920853788,31.995871111019905],[120.67140310614906,31.996835938442867],[120.67302222921742,31.997404710559138],[120.67736856056725,31.997405026491254],[120.67899293118927,31.99699471992976],[120.68083155742256,31.99770155231208],[120.68698812975691,31.998112268912834],[120.68860725282528,31.99754350118516],[120.68984647597172,31.996492546179013],[120.69051713870577,31.995119389141532],[120.69051713870577,31.993605337945155],[120.6892878908119,31.99165487321869],[120.68698812975691,31.990612311091876],[120.68175266666665,31.990082260996573],[120.67959428568763,31.99053056288012],[120.67780457218117,31.98985444255866],[120.67575101999998,31.989781244165872],[120.67302222921742,31.989909848267335],[120.67114396029535,31.990641671282162],[120.66988613615861,31.98956431597355],[120.66826701309024,31.98899549523358],[120.66463306102365,31.988940640095944],[120.66295599803209,31.989372119886553],[120.66160127697478,31.990315076412216],[120.66077514185208,31.991625940217567],[120.66060336424752,31.993299252033214],[120.6611120957442,31.994721575006253],[120.66335446061859,31.996445197944087],[120.66739075,31.996735157130747]]]},"properties":{"terminal_id":359,"lat":31.99360574,"lon":120.6758674,"berth_count":6,"dwell_minutes":51066.283333333326,"center_method":"duration_weighted_berth_medoid"}},{"type":"Feature","geometry":{"type":"Polygon","coordinates":[[[121.95026288888887,29.944425315663448],[121.9485440370075,29.9447215757605],[121.94679085336367,29.94584824528018],[121.94596471824097,29.947187486348895],[121.9457929406364,29.94878902184585],[121.94630167213312,29.95024213928265],[121.94741346297232,29.951415943008698],[121.94895905307723,29.95213174443954],[121.95096049909536,29.952280579802117],[121.95263756208692,29.951839792726776],[121.95399228314423,29.95087648203001],[121.95481841826692,29.949537290640443],[121.95499019587149,29.94793576719408],[121.95448146437481,29.946482616055672],[121.95336967353556,29.945308754097706],[121.95026288888887,29.944425315663448]]]},"properties":{"terminal_id":360,"lat":29.94833299009901,"lon":121.95039116831684,"berth_count":1,"dwell_minutes":19233.199999999997,"center_method":"duration_weighted_berth_medoid"}},{"type":"Feature","geometry":{"type":"Polygon","coordinates":[[[121.13736724999998,28.082604965198065],[121.13524993553212,28.083072884507196],[121.1334060332442,28.084699684443887],[121.13289730174752,28.08617926745768],[121.13296197796085,28.090052924639146],[121.13363264069491,28.091481319471267],[121.13524993553212,28.09277446287001],[121.13692699852368,28.093223257867177],[121.14004230960187,28.093166201623955],[121.14201547242817,28.0923429130432],[121.14331572203533,28.09079626116415],[121.14357131855074,28.085794599683272],[121.1429006558167,28.084366129188364],[121.1412833609795,28.083072884507196],[121.13736724999998,28.082604965198065]]]},"properties":{"terminal_id":361,"lat":28.087135305555556,"lon":121.13892891666669,"berth_count":1,"dwell_minutes":9237.35,"center_method":"duration_weighted_berth_medoid"}},{"type":"Feature","geometry":{"type":"Polygon","coordinates":[[[121.14937931481482,31.687041990463378],[121.14766046293346,31.687332923713093],[121.14590727928962,31.688439334955383],[121.14508114416692,31.689754494713895],[121.14490936656237,31.69152456878267],[121.14564470550975,31.69327324345219],[121.14688392865621,31.694327658725],[121.14850305172455,31.694898299161732],[121.15050082290487,31.694953329412126],[121.15217788589644,31.6945204704489],[121.15353260695375,31.693574485761953],[121.15435874207644,31.692259380138175],[121.154530519681,31.690489320084975],[121.15402178818431,31.689062299028155],[121.15290999734508,31.68790954426984],[121.15136440724018,31.687206565077773],[121.14937931481482,31.687041990463378]]]},"properties":{"terminal_id":362,"lat":31.690947974683542,"lon":121.14967175949369,"berth_count":1,"dwell_minutes":7797.383333333333,"center_method":"duration_weighted_berth_medoid"}},{"type":"Feature","geometry":{"type":"Polygon","coordinates":[[[118.87798046705767,32.1856183125],[118.8787374341732,32.1877302004235],[118.88075319159688,32.18913022675885],[118.88361030769231,32.189419575060235],[118.88554396722682,32.18904424622435],[118.88707236873385,32.18973260916894],[118.89034540236983,32.19007555579953],[118.8922575281193,32.189930182795166],[118.89380311822423,32.189231032855],[118.89491490906344,32.188084534270416],[118.89542364056013,32.18666521814279],[118.89491490906344,32.18439271999803],[118.89307100677556,32.18283214151464],[118.88886410861917,32.182038619695525],[118.88634732754932,32.182433787524026],[118.88405055916863,32.181659751679746],[118.881595780388,32.1817144912622],[118.87962261756172,32.182504344865734],[118.87832236795454,32.18398814999706],[118.87798046705767,32.1856183125]]]},"properties":{"terminal_id":363,"lat":32.186272055555555,"lon":118.89089843055557,"berth_count":3,"dwell_minutes":32157.249999999996,"center_method":"duration_weighted_berth_medoid"}},{"type":"Feature","geometry":{"type":"Polygon","coordinates":[[[119.42834575,32.26365308289981],[119.42662689811864,32.26394219405726],[119.4248737144748,32.265041675797676],[119.4240475793521,32.26634859837618],[119.42387580174757,32.268021714319886],[119.42438453324425,32.26943976051858],[119.42549632408347,32.27058523324052],[119.4270419141884,32.27128375758017],[119.42913665147631,32.27142900050301],[119.43081371446787,32.27099885266323],[119.43216843552518,32.270058792844125],[119.43299457064788,32.26875192369866],[119.43316634825244,32.26707882121806],[119.43265761675576,32.26566073812557],[119.43154582591652,32.264515203240876],[119.43000023581162,32.26381662679803],[119.42834575,32.26365308289981]]]},"properties":{"terminal_id":364,"lat":32.26753078181818,"lon":119.42860763636364,"berth_count":1,"dwell_minutes":3386.2166666666662,"center_method":"duration_weighted_berth_medoid"}},{"type":"Feature","geometry":{"type":"Polygon","coordinates":[[[119.2423631085109,32.20494319178082],[119.24270500940777,32.20639758184193],[119.24400525901495,32.207880997439815],[119.24597842184123,32.20867062396201],[119.24796976309028,32.20867062396201],[119.25263310781433,32.20613902235831],[119.25356634432826,32.204469442805845],[119.25356634432826,32.20290197633389],[119.2528956815942,32.20153191884346],[119.25165645844777,32.20048330829889],[119.25003733537939,32.19991579932126],[119.2481560508632,32.19991579932126],[119.24367866078627,32.202137035857135],[119.24270500940777,32.203370047750255],[119.2423631085109,32.20494319178082]]]},"properties":{"terminal_id":365,"lat":32.204840875,"lon":119.24702625,"berth_count":2,"dwell_minutes":58515.066666666666,"center_method":"duration_weighted_berth_medoid"}},{"type":"Feature","geometry":{"type":"Polygon","coordinates":[[[121.02088763736262,40.7888507648974],[121.01877032289475,40.78925231075476],[121.01741560183741,40.79009406184546],[121.01658946671472,40.791264230190855],[121.01641768911016,40.79265721797907],[121.01692642060686,40.793926874657906],[121.01803821144608,40.794952477700555],[121.01958380155101,40.795577902510736],[121.02170238783995,40.79570794584324],[121.02337945083153,40.79532281259814],[121.02473417188882,40.794481127794114],[121.02556030701155,40.793311016142816],[121.02573208461608,40.79191804207139],[121.0252233531194,40.790648346977655],[121.02411156228018,40.78962267744732],[121.02256597217526,40.788997196538325],[121.02088763736262,40.7888507648974]]]},"properties":{"terminal_id":366,"lat":40.79232391208792,"lon":121.02088763736263,"berth_count":1,"dwell_minutes":5139.916666666667,"center_method":"duration_weighted_berth_medoid"}},{"type":"Feature","geometry":{"type":"Polygon","coordinates":[[[120.95930249999998,31.767870794182176],[120.95758364811861,31.76816147378421],[120.95583046447477,31.769266920392234],[120.95500432935208,31.770580933478122],[120.95483255174754,31.77226863245279],[120.95534128324422,31.77369437261349],[120.95645307408344,31.774846060605842],[120.95799866418837,31.775548375197236],[120.96025767083115,31.775694406229704],[120.96193473382272,31.77526192435332],[120.96328945488001,31.77431676374874],[120.9641155900027,31.773002803725756],[120.96428736760727,31.77131511814492],[120.96377863611059,31.76988934131512],[120.96266684527136,31.768737591613064],[120.96112125516645,31.768035225313852],[120.95930249999998,31.767870794182176]]]},"properties":{"terminal_id":367,"lat":31.7717326,"lon":120.95961565,"berth_count":1,"dwell_minutes":5961.933333333334,"center_method":"duration_weighted_berth_medoid"}},{"type":"Feature","geometry":{"type":"Polygon","coordinates":[[[120.76760457446808,32.013383136837774],[120.76588572258672,32.01367304245605],[120.76413253894287,32.014775545567474],[120.76330640382018,32.01608605968388],[120.76313462621562,32.01769643695842],[120.7636433577123,32.01911838144696],[120.76475514855154,32.020267003251135],[120.76630073865644,32.02096744799189],[120.7683765371906,32.02111309022501],[120.77005360018217,32.02068175980251],[120.77140832123949,32.019739115575945],[120.7722344563622,32.018428653705186],[120.77240623396673,32.01681828929912],[120.77189750247005,32.01539630911665],[120.77078571163084,32.01424762625486],[120.76924012152591,32.01354713014443],[120.76760457446808,32.013383136837774]]]},"properties":{"terminal_id":368,"lat":32.017293,"lon":120.76776528571428,"berth_count":1,"dwell_minutes":6939.15,"center_method":"duration_weighted_berth_medoid"}},{"type":"Feature","geometry":{"type":"Polygon","coordinates":[[[108.59095540000001,21.707270883688153],[108.58883808553213,21.707763632394798],[108.58722079069494,21.709125503451226],[108.58648545174756,21.711034862306384],[108.58655012796089,21.71380948876813],[108.58722079069494,21.715313716550042],[108.58883808553213,21.71667551614896],[108.59051514852369,21.71714813961064],[108.59330429250201,21.717088053981577],[108.59527745532829,21.716221053877458],[108.59638924616752,21.71496247477413],[108.59689797766421,21.71340441447354],[108.59683330145089,21.71062978020059],[108.59616263871682,21.709125503451226],[108.59492341557038,21.707974169249013],[108.59330429250201,21.70735106782756],[108.59095540000001,21.707270883688153]]]},"properties":{"terminal_id":369,"lat":21.71254671929825,"lon":108.5915267368421,"berth_count":1,"dwell_minutes":12924.833333333334,"center_method":"duration_weighted_berth_medoid"}},{"type":"Feature","geometry":{"type":"Polygon","coordinates":[[[122.06776337499998,29.88709953134864],[122.06564606053212,29.887559356871876],[122.06402876569491,29.888830231176946],[122.06329342674752,29.890612004511237],[122.06346520435208,29.89273911892269],[122.06458735085477,29.894362217942128],[122.06604452311862,29.895206317335752],[122.07071648097292,29.89533505338572],[122.07226207107782,29.894618843432838],[122.07337386191706,29.89344436981297],[122.07388259341374,29.89199042311011],[122.07371081580918,29.889863292720946],[122.07288468068649,29.88852328038955],[122.07152995962917,29.887559356871876],[122.06776337499998,29.88709953134864]]]},"properties":{"terminal_id":370,"lat":29.891522657894736,"lon":122.06927778947367,"berth_count":1,"dwell_minutes":41930.600000000006,"center_method":"duration_weighted_berth_medoid"}},{"type":"Feature","geometry":{"type":"Polygon","coordinates":[[[119.65052951063828,26.89138478307521],[119.65337893655482,26.890475486015283],[119.65490854185312,26.88825379744293],[119.65735585219878,26.88973990250272],[119.65903291519034,26.890193628293105],[119.66127625188138,26.889907984707335],[119.66302943552519,26.88874831576791],[119.66396267203912,26.88698846505048],[119.66385557064788,26.884848768151315],[119.66063199734509,26.880767362598537],[119.65865883451882,26.879934959832056],[119.65602536418837,26.880030489511427],[119.65359459069494,26.88163848100877],[119.6528376235794,26.883881564475537],[119.64958126071926,26.883383498771295],[119.64698548828433,26.884771194067195],[119.64598757555707,26.886919959089173],[119.64649630705375,26.889267240790662],[119.64834020934165,26.8909117725712],[119.65052951063828,26.89138478307521]]]},"properties":{"terminal_id":371,"lat":26.887351413043476,"lon":119.6505098657289,"berth_count":3,"dwell_minutes":90790.48333333334,"center_method":"duration_weighted_berth_medoid"}},{"type":"Feature","geometry":{"type":"Polygon","coordinates":[[[120.38569445454544,27.178051153723477],[120.38357714007758,27.178522956129683],[120.38173323778967,27.180163256779803],[120.38122450629298,27.181655119403896],[120.38128918250631,27.184737295661737],[120.38195984524037,27.18617755803117],[120.38357714007758,27.187481445748663],[120.38525420306914,27.18793396975039],[120.38786631309027,27.187876439427924],[120.38983947591656,27.187046310259174],[120.39095126675578,27.185841252690672],[120.39145999825247,27.184349446042496],[120.39139532203913,27.181267259069653],[120.39072465930509,27.179826933309396],[120.38948543615864,27.17872454313754],[120.38786631309027,27.178127929333723],[120.38569445454544,27.178051153723477]]]},"properties":{"terminal_id":372,"lat":27.183089764705883,"lon":120.3864038235294,"berth_count":1,"dwell_minutes":15885.416666666668,"center_method":"duration_weighted_berth_medoid"}},{"type":"Feature","geometry":{"type":"Polygon","coordinates":[[[113.02898863636364,22.444159880057263],[113.02726978448227,22.444475882303742],[113.02551660083844,22.445677632730664],[113.02458336432451,22.447501300581276],[113.02458336432451,22.449249769694926],[113.02525402705858,22.450746184523627],[113.02687132189575,22.45210091050696],[113.02854838488732,22.452571078917323],[113.03077365197913,22.452511305406926],[113.0323927750475,22.451891479939594],[113.03363199819394,22.450746184523627],[113.034302660928,22.449249769694926],[113.034302660928,22.447501300581276],[113.03363199819394,22.446004850737708],[113.0323927750475,22.444859506704635],[113.02898863636364,22.444159880057263]]]},"properties":{"terminal_id":373,"lat":22.448311166666667,"lon":113.02989738888888,"berth_count":1,"dwell_minutes":914.3833333333332,"center_method":"duration_weighted_berth_medoid"}},{"type":"Feature","geometry":{"type":"Polygon","coordinates":[[[113.53930171674116,22.978716447080007],[113.53777553355206,22.98001568078049],[113.53710487081801,22.981506303770182],[113.53704019460469,22.983911302516066],[113.53754892610137,22.985455222258665],[113.5386607169406,22.986702378142294],[113.54020630704551,22.987462912287643],[113.54248742627306,22.98762104899651],[113.54416448926462,22.98715271543715],[113.54619685032046,22.985088395504576],[113.54648059205219,22.98168098383396],[113.54824549453353,22.98002701486471],[113.54946089433209,22.976754226039848],[113.54963267193665,22.974533249515343],[113.54889733298927,22.972641118089122],[113.54765810984281,22.971500171274638],[113.54603898677445,22.970882691291656],[113.54394756383282,22.970882691291656],[113.54232844076445,22.971500171274638],[113.53958438161914,22.975141228748328],[113.53930171674116,22.978716447080007]]]},"properties":{"terminal_id":374,"lat":22.977694156862743,"lon":113.54390403921568,"berth_count":3,"dwell_minutes":19806.383333333335,"center_method":"duration_weighted_berth_medoid"}},{"type":"Feature","geometry":{"type":"Polygon","coordinates":[[[121.37751940948036,37.56424127586543],[121.37567355076965,37.563952849588595],[121.37394221478026,37.56425585555667],[121.37249369818274,37.56506633299256],[121.37137520476523,37.56654128939794],[121.3710825848212,37.567878910171395],[121.3714429361872,37.56920608000043],[121.37240386148015,37.570329825379396],[121.37382563604406,37.57108675885397],[121.38193191583025,37.57144822823456],[121.38426530821964,37.57095956195378],[121.38620441519035,37.57148726809217],[121.38891558480965,37.57148726809217],[121.39097071949197,37.57090444117809],[121.39262500885707,37.569306735955294],[121.39296690975394,37.56794433333333],[121.39262500885707,37.56609873028759],[121.39165135747857,37.56494369297926],[121.39019418521472,37.56417191174267],[121.38620441519035,37.56391804039846],[121.38388287694532,37.564657535755195],[121.37751940948036,37.56424127586543]]]},"properties":{"terminal_id":375,"lat":37.56784606741573,"lon":121.3805953033708,"berth_count":4,"dwell_minutes":20291.81666666667,"center_method":"duration_weighted_berth_medoid"}},{"type":"Feature","geometry":{"type":"Polygon","coordinates":[[[122.65120796903392,37.41778177777777],[122.65193908630943,37.41972939996068],[122.65087982935209,37.421161180146335],[122.65077272796086,37.4232209036878],[122.65144339069492,37.424506749018974],[122.65268261384138,37.42549087751041],[122.65473774852369,37.42607484048182],[122.66063104634812,37.42613023785532],[122.66230810933968,37.425726233986545],[122.66392540417685,37.42456214755272],[122.66466074312424,37.42293003598383],[122.6643404703955,37.42084451127685],[122.66268618103042,37.419243592516544],[122.66028572342768,37.41864610267468],[122.66023172620343,37.41634026499997],[122.65842894171418,37.41440961924757],[122.65593355555554,37.41380838673807],[122.65358223098663,37.414229633379826],[122.65173832869876,37.41569416381085],[122.65120796903392,37.41778177777777]]]},"properties":{"terminal_id":376,"lat":37.42244268,"lon":122.65526674,"berth_count":3,"dwell_minutes":26126.36666666667,"center_method":"duration_weighted_berth_medoid"}},{"type":"Feature","geometry":{"type":"Polygon","coordinates":[[[117.12174569444441,23.558743017088407],[117.12002684256305,23.55905642043554],[117.11827365891924,23.5602482869927],[117.11744752379654,23.56166502948631],[117.11727574619198,23.563282071311562],[117.11778447768866,23.56481929029535],[117.1188962685279,23.566061033098432],[117.1204418586328,23.566818266133154],[117.12243804934863,23.566975716434374],[117.12411511234019,23.566509415709298],[117.12546983339753,23.56549034806939],[117.12629596852022,23.56407364682689],[117.12646774612479,23.562456614744715],[117.1259590146281,23.56091936811524],[117.12484722378886,23.559677576713185],[117.12174569444441,23.558743017088407]]]},"properties":{"terminal_id":377,"lat":23.56286015957447,"lon":117.12199779787234,"berth_count":1,"dwell_minutes":3703.4,"center_method":"duration_weighted_berth_medoid"}},{"type":"Feature","geometry":{"type":"Polygon","coordinates":[[[113.07654687499999,22.370600408705933],[113.07442956053211,22.371090853405672],[113.07281226569492,22.3724463563375],[113.07214160296087,22.37394359863907],[113.07205529857939,22.3766285483871],[113.07239719947628,22.378217964049554],[113.07337085085477,22.379565391367382],[113.07482802311863,22.38046570624581],[113.07676946236559,22.380781853406596],[113.07888677683347,22.380291442855626],[113.08050407167066,22.378936016328293],[113.08117473440473,22.377438827733403],[113.0812610387862,22.37475389361702],[113.0809191378893,22.37316443839396],[113.07994548651082,22.371816949104506],[113.07848831424695,22.370916578276887],[113.07654687499999,22.370600408705933]]]},"properties":{"terminal_id":378,"lat":22.376016284313728,"lon":113.07672269607842,"berth_count":1,"dwell_minutes":11625.416666666666,"center_method":"duration_weighted_berth_medoid"}},{"type":"Feature","geometry":{"type":"Polygon","coordinates":[[[121.47051288072227,32.12307060869566],[121.47146935731833,32.12639575221527],[121.47371172219272,32.12811689585627],[121.47543057407408,32.12840643794763],[121.47726524473849,32.12811689585627],[121.47872241700236,32.127292344706696],[121.47969606838083,32.12605830278342],[121.48001634110959,32.1241345098067],[121.47919554786412,32.12147076624789],[121.47822189648566,32.12023664559477],[121.4767647242218,32.11941202323697],[121.47456420566652,32.11914077046195],[121.47250907098423,32.11976355950397],[121.47104324038709,32.12113329860319],[121.47051288072227,32.12307060869566]]]},"properties":{"terminal_id":379,"lat":32.12459458208956,"lon":121.47545417910447,"berth_count":2,"dwell_minutes":14296.383333333331,"center_method":"duration_weighted_berth_medoid"}},{"type":"Feature","geometry":{"type":"Polygon","coordinates":[[[113.56667764102563,22.91969772598356],[113.56495878914426,22.920012633976935],[113.56320560550044,22.921210222849073],[113.56237947037773,22.9226337676802],[113.56218606460503,22.924770625],[113.56252796550191,22.926353707708],[113.5635016168804,22.927695765934537],[113.56495878914426,22.928592493161894],[113.56688511042942,22.928907380480744],[113.5686039623108,22.928592493161894],[113.57035714595462,22.927394969545656],[113.57118328107732,22.925971474742664],[113.57137668685003,22.923834636363633],[113.57103478595313,22.922251524219373],[113.57006113457466,22.920909412060208],[113.5686039623108,22.920012633976935],[113.56667764102563,22.91969772598356]]]},"properties":{"terminal_id":380,"lat":22.92399924539877,"lon":113.56688511042944,"berth_count":1,"dwell_minutes":12145.533333333333,"center_method":"duration_weighted_berth_medoid"}},{"type":"Feature","geometry":{"type":"Polygon","coordinates":[[[119.3992484137931,35.20461402268576],[119.39675302763447,35.20523253700653],[119.3950987382694,35.20687958007653],[119.39477846554065,35.20882736719209],[119.3957763782679,35.21079577395477],[119.39713109932522,35.21170414231505],[119.39880816231678,35.21211978868579],[119.40344622162557,35.21211978868579],[119.40585539606577,35.21130446699435],[119.406967186905,35.21019761014303],[119.4074759184017,35.20882736719209],[119.40730414079712,35.20721867890566],[119.40647800567443,35.20595581027411],[119.4038822332395,35.204684541833686],[119.3992484137931,35.20461402268576]]]},"properties":{"terminal_id":381,"lat":35.208462874172184,"lon":119.40204781456954,"berth_count":1,"dwell_minutes":46409.933333333334,"center_method":"duration_weighted_berth_medoid"}},{"type":"Feature","geometry":{"type":"Polygon","coordinates":[[[113.89925363844709,22.46555595640187],[113.89801766980793,22.468092398947604],[113.89808570336619,22.471976568298523],[113.89883933431331,22.473847719427404],[113.90007582845355,22.474971903390994],[113.90168111189898,22.475579287552026],[113.9044376968252,22.47557765291765],[113.90605681989355,22.474957930616355],[113.90752265049069,22.473463466592325],[113.90805301015554,22.471506934210527],[113.90796670577406,22.46950917524696],[113.90653456571249,22.465799480487643],[113.90527610694586,22.46465237805428],[113.90319554764969,22.463987600555445],[113.90102305763611,22.464316279741194],[113.89925363844709,22.46555595640187]]]},"properties":{"terminal_id":382,"lat":22.47037194117647,"lon":113.90352676470587,"berth_count":2,"dwell_minutes":16829.833333333336,"center_method":"duration_weighted_berth_medoid"}},{"type":"Feature","geometry":{"type":"Polygon","coordinates":[[[121.11246905714286,28.182462867731214],[121.11075020526148,28.18276423518522],[121.10899702161764,28.183910328293322],[121.10806378510371,28.1856495311304],[121.10799910889038,28.1876465179693],[121.10850784038709,28.189124679989437],[121.10961963122631,28.19031871515564],[121.1111652213312,28.19104685436532],[121.11334481965814,28.19119825513649],[121.1150218826497,28.190749870446858],[121.1166391774869,28.189457909261378],[121.11730984022094,28.188030820233717],[121.11737451643427,28.186033840572964],[121.11686578493759,28.18455563581931],[121.11575399409837,28.18336153628858],[121.11420840399344,28.182633344736427],[121.11246905714286,28.182462867731214]]]},"properties":{"terminal_id":383,"lat":28.1872025,"lon":121.1128683235294,"berth_count":1,"dwell_minutes":4503.283333333333,"center_method":"duration_weighted_berth_medoid"}},{"type":"Feature","geometry":{"type":"Polygon","coordinates":[[[122.95131009665631,39.6043775],[122.95206706377184,39.606300079859466],[122.95449783726528,39.60768900888762],[122.96137772022631,39.607821350984985],[122.96343285490862,39.60725482426024],[122.9650871442737,39.605701801761136],[122.96528050057832,39.60283774724637],[122.96665089877874,39.60182236326853],[122.9673215615128,39.6005748290933],[122.96738623772613,39.598168772269126],[122.96665089877874,39.59658520381081],[122.96541167563231,39.5956303123074],[122.96379255256394,39.595113523259904],[122.96096398690973,39.595113523259904],[122.95934486384137,39.5956303123074],[122.95754207935211,39.597503348312955],[122.95737121322026,39.60024361286197],[122.95492540998664,39.60031011126498],[122.95295224716037,39.601029175405046],[122.95165199755318,39.602379993372026],[122.95131009665631,39.6043775]]]},"properties":{"terminal_id":384,"lat":39.60422112765957,"lon":122.95752663829786,"berth_count":2,"dwell_minutes":49566.933333333334,"center_method":"duration_weighted_berth_medoid"}},{"type":"Feature","geometry":{"type":"Polygon","coordinates":[[[120.18413842357941,35.99867575000001],[120.18448032447631,36.00006634147325],[120.1860817449626,36.00256192612597],[120.1874364660199,36.00346134945822],[120.18911352901146,36.00387290274515],[120.19147876854804,36.003613808964516],[120.19316346789694,36.00262305406776],[120.19511627272728,36.00296708074655],[120.19723358719513,36.002538025741295],[120.19885088203233,36.00135217312776],[120.19958622097973,35.999689545225614],[120.19907748948303,35.99745457548401],[120.19723358719513,35.995962764940224],[120.1946183066632,35.9955511703707],[120.19231798380837,35.996293225282166],[120.19086365821786,35.99528506184704],[120.1891865952263,35.994873463741],[120.18732616418839,35.99501244365348],[120.18545397585477,35.99592033143178],[120.18448032447631,35.997099260729186],[120.18413842357941,35.99867575000001]]]},"properties":{"terminal_id":385,"lat":36.00009528571429,"lon":120.1896842244898,"berth_count":3,"dwell_minutes":11059.166666666666,"center_method":"duration_weighted_berth_medoid"}},{"type":"Feature","geometry":{"type":"Polygon","coordinates":[[[121.52927505454548,31.35182428554332],[121.5317704407041,31.351177842054486],[121.53351037239953,31.349251969472697],[121.53752739581162,31.34942963942413],[121.53907298591652,31.348724108859138],[121.5401750254866,31.34758104148011],[121.54232878736208,31.347665633380174],[121.54430195018836,31.34686862144378],[121.54541374102759,31.345711637065246],[121.54592247252428,31.344279340447624],[121.5457506949197,31.34275611277245],[121.54492455979701,31.341436059965627],[121.54275636008344,31.34019870373797],[121.54057045783996,31.34010722902443],[121.5389513347716,31.340680036938952],[121.53763396366772,31.34184979538377],[121.5336362731186,31.341944055383824],[121.53136500566978,31.343732026006908],[121.52756467907925,31.343308589973095],[121.52515550463902,31.344160869337202],[121.52359965851642,31.34637778383242],[121.52385525503183,31.349456380660378],[121.52588761608769,31.351371363359146],[121.52927505454548,31.35182428554332]]]},"properties":{"terminal_id":386,"lat":31.347520533333338,"lon":121.52914993333334,"berth_count":3,"dwell_minutes":66352.00000000001,"center_method":"duration_weighted_berth_medoid"}},{"type":"Feature","geometry":{"type":"Polygon","coordinates":[[[121.41768425641024,30.738960455615967],[121.41596540452888,30.739254320667314],[121.414508232265,30.740091172620517],[121.41353458088655,30.74134359649617],[121.41319267998965,30.74291801190476],[121.41353458088655,30.744395301520917],[121.414508232265,30.74564766944017],[121.41596540452888,30.74648446585586],[121.41779675000001,30.74677830795601],[121.41951560188137,30.74648446585586],[121.42097277414523,30.74564766944017],[121.4219464255237,30.744395301520917],[121.4222883264206,30.742820910256413],[121.4219464255237,30.74134359649617],[121.42097277414523,30.740091172620517],[121.41951560188137,30.739254320667314],[121.41768425641024,30.738960455615967]]]},"properties":{"terminal_id":387,"lat":30.742852515625,"lon":121.417741609375,"berth_count":1,"dwell_minutes":6434.933333333333,"center_method":"duration_weighted_berth_medoid"}},{"type":"Feature","geometry":{"type":"Polygon","coordinates":[[[118.97910524999999,25.168169406097224],[118.97698793553212,25.1686494143025],[118.97537064069492,25.16997607156574],[118.97469997796085,25.17144145016313],[118.97463530174753,25.17380213776457],[118.97514403324422,25.1753199066161],[118.97625582408345,25.176545937058943],[118.97780141418835,25.177293588100877],[118.9800137514763,25.177449045998394],[118.98169081446787,25.17698864588973],[118.98330810930506,25.175662064937548],[118.98397877203912,25.174196737072148],[118.98404344825245,25.17183605711187],[118.98353471675577,25.17031824488577],[118.98242292591652,25.16909215180996],[118.98087733581163,25.16834445046824],[118.97910524999999,25.168169406097224]]]},"properties":{"terminal_id":388,"lat":25.17251498076923,"lon":118.97935453846154,"berth_count":1,"dwell_minutes":6557.966666666666,"center_method":"duration_weighted_berth_medoid"}},{"type":"Feature","geometry":{"type":"Polygon","coordinates":[[[113.0658007368421,22.303749823217817],[113.06408188496073,22.30406614440066],[113.06232870131691,22.305269107775473],[113.06150256619422,22.306699041499918],[113.06133078858964,22.308822256332462],[113.06183952008634,22.31037378468561],[113.06295131092556,22.3116270870546],[113.06449690103048,22.312391369575995],[113.0665622514763,22.31255028569404],[113.06823931446786,22.312079643871794],[113.06985660930506,22.31072355386963],[113.07052727203912,22.309225632452453],[113.07059194825244,22.307497997514794],[113.07008321675576,22.305946437209627],[113.06897142591653,22.30469308385597],[113.0658007368421,22.303749823217817]]]},"properties":{"terminal_id":389,"lat":22.30802226666667,"lon":113.065993,"berth_count":1,"dwell_minutes":2274.35,"center_method":"duration_weighted_berth_medoid"}},{"type":"Feature","geometry":{"type":"Polygon","coordinates":[[[113.09656403921568,22.173436545573008],[113.09484518733431,22.173753161058116],[113.09309200369049,22.174957243695086],[113.0922658685678,22.176388507934465],[113.09209409096323,22.1781203662503],[113.09260282245991,22.179673342827947],[113.09371461329914,22.180927815122008],[113.09526020340405,22.18169281111194],[113.09728014036519,22.181851875583355],[113.09895720335675,22.18138079440457],[113.10031192441409,22.180351279741515],[113.10113805953678,22.178920055854274],[113.10130983714133,22.17718820739185],[113.10080110564465,22.17563520335596],[113.09968931480542,22.17438068382376],[113.09656403921568,22.173436545573008]]]},"properties":{"terminal_id":390,"lat":22.17771268627451,"lon":113.09656403921568,"berth_count":1,"dwell_minutes":1567.2666666666669,"center_method":"duration_weighted_berth_medoid"}},{"type":"Feature","geometry":{"type":"Polygon","coordinates":[[[113.0977765263158,22.20546960514556],[113.09605767443442,22.205786148438282],[113.09460050217056,22.206687583558402],[113.09362685079208,22.2080366657376],[113.09328494989519,22.209671421052633],[113.09362685079208,22.211262736777407],[113.09460050217056,22.21261177497411],[113.09605767443442,22.213513166250248],[113.09779942857142,22.21382969139979],[113.09951828045278,22.213513166250248],[113.10097545271665,22.21261177497411],[113.10194910409513,22.211262736777407],[113.10229100499203,22.209628000000002],[113.10194910409513,22.2080366657376],[113.10097545271665,22.206687583558402],[113.09951828045278,22.205786148438282],[113.0977765263158,22.20546960514556]]]},"properties":{"terminal_id":391,"lat":22.209671421052633,"lon":113.0977765263158,"berth_count":1,"dwell_minutes":753.1166666666667,"center_method":"duration_weighted_berth_medoid"}},{"type":"Feature","geometry":{"type":"Polygon","coordinates":[[[108.3792191378651,21.595213789473682],[108.37974949752993,21.597182470394237],[108.38295859321725,21.601253563367052],[108.38366998328752,21.603014240691962],[108.38490920643396,21.604166412645853],[108.38652832950233,21.604789959787553],[108.38853454880456,21.604789959787553],[108.39015367187291,21.604166412645853],[108.39139289501937,21.603014240691962],[108.39212823396674,21.601103451975817],[108.391807961238,21.59856295600381],[108.38625196510597,21.59171864820201],[108.38375657894734,21.59101479599742],[108.38159339981783,21.59150794171445],[108.37974949752993,21.59322244913859],[108.3792191378651,21.595213789473682]]]},"properties":{"terminal_id":392,"lat":21.59768227586207,"lon":108.38554118965516,"berth_count":3,"dwell_minutes":22703.4,"center_method":"duration_weighted_berth_medoid"}},{"type":"Feature","geometry":{"type":"Polygon","coordinates":[[[113.87358107357939,22.477025333333334],[113.87411143324422,22.4789817877574],[113.87557726384135,22.48047619223043],[113.8813316470744,22.481797441395212],[113.88325690724018,22.481638718615123],[113.8848024973451,22.480875365904623],[113.88591428818432,22.479623588213272],[113.886423019681,22.478073947226093],[113.88610274695228,22.476025846942527],[113.8848024973451,22.47440582639464],[113.88325690724018,22.473642433811783],[113.88103697686468,22.473524092371147],[113.87862325147633,22.472598150273967],[113.87676881418835,22.472756883416487],[113.87489662585476,22.473793811788923],[113.87392297447629,22.475140311786447],[113.87358107357939,22.477025333333334]]]},"properties":{"terminal_id":393,"lat":22.477633144927538,"lon":113.88177189855072,"berth_count":2,"dwell_minutes":4454.333333333334,"center_method":"duration_weighted_berth_medoid"}},{"type":"Feature","geometry":{"type":"Polygon","coordinates":[[[121.81295554545456,38.960671263446926],[121.81083823098668,38.961083658123705],[121.80922093614947,38.962223439585166],[121.80848559720208,38.96382141356608],[121.80855027341542,38.96588426704785],[121.80922093614947,38.967143157306104],[121.81083823098668,38.968282841283106],[121.81251529397824,38.9686783759742],[121.81506092162685,38.96862809085547],[121.8166800446952,38.968106655082096],[121.81814587529233,38.966849203414576],[121.81865460678902,38.96554525825069],[121.8185899305757,38.963482394897376],[121.81791926784166,38.962223439585166],[121.8166800446952,38.96125986179156],[121.81506092162685,38.960738371782234],[121.81295554545456,38.960671263446926]]]},"properties":{"terminal_id":394,"lat":38.96473021621622,"lon":121.8134771891892,"berth_count":1,"dwell_minutes":4319.333333333334,"center_method":"duration_weighted_berth_medoid"}},{"type":"Feature","geometry":{"type":"Polygon","coordinates":[[[121.434645,28.695877623630597],[121.43292614811863,28.696177532073474],[121.43146897585477,28.697031594352314],[121.4304953244763,28.698309775860853],[121.4301534235794,28.699926416666667],[121.4304953244763,28.701434091200106],[121.43146897585477,28.702712218940345],[121.43292614811863,28.7035662278924],[121.4347421,28.703866114302656],[121.43646095188137,28.7035662278924],[121.43791812414521,28.702712218940345],[121.4388917755237,28.701434091200106],[121.4392336764206,28.69981747368421],[121.4388917755237,28.698309775860853],[121.43791812414521,28.697031594352314],[121.43646095188137,28.696177532073474],[121.434645,28.695877623630597]]]},"properties":{"terminal_id":395,"lat":28.69984203448276,"lon":121.43473489655172,"berth_count":1,"dwell_minutes":4098.450000000001,"center_method":"duration_weighted_berth_medoid"}},{"type":"Feature","geometry":{"type":"Polygon","coordinates":[[[121.6332051735794,29.043747999999997],[121.6342247144748,29.046239078475892],[121.63597789811863,29.047375787047315],[121.63822537489837,29.04767468271614],[121.63898041666897,29.04982190522708],[121.64099617409268,29.051268071225017],[121.64271502597406,29.051566955615932],[121.64525355441302,29.051268071225017],[121.64671072667689,29.05041691574642],[121.64768437805536,29.049143058430914],[121.64800465078409,29.0464334819605],[121.64726931183672,29.044636813070934],[121.64565201699953,29.043355314811553],[121.6431225764206,29.042891645451327],[121.64236560930505,29.04057618254707],[121.64034985188137,29.03912986667213],[121.63725649852368,29.038849855559093],[121.63520136384138,29.039492753616315],[121.6335470744763,29.041255085713207],[121.6332051735794,29.043747999999997]]]},"properties":{"terminal_id":396,"lat":29.043709197183095,"lon":121.6379885140845,"berth_count":2,"dwell_minutes":30187.949999999997,"center_method":"duration_weighted_berth_medoid"}},{"type":"Feature","geometry":{"type":"Polygon","coordinates":[[[122.3864778235794,30.391058400000002],[122.3868197244763,30.392541057714627],[122.38811997408345,30.39405330634835],[122.38966556418839,30.394765899970583],[122.3915104800153,30.39493272389073],[122.39105372796087,30.397588381909273],[122.39172439069493,30.3989849221881],[122.39296361384139,30.400053774351658],[122.39458273690973,30.400632228095517],[122.39649154880455,30.400632228095517],[122.39811067187291,30.400053774351658],[122.39934989501936,30.3989849221881],[122.40008523396675,30.39721230592186],[122.399764961238,30.39529469229793],[122.39811067187291,30.393555974728304],[122.39556185331804,30.392903034984432],[122.39608328158577,30.39143815694094],[122.39601860537245,30.389337464858624],[122.39534794263841,30.387940786646784],[122.39410871949195,30.386871801934504],[122.39161333333334,30.386218817516887],[122.38847401384139,30.386871801934504],[122.3868197244763,30.388610638470364],[122.3864778235794,30.391058400000002]]]},"properties":{"terminal_id":397,"lat":30.396832571428572,"lon":122.395459,"berth_count":2,"dwell_minutes":527.8666666666667,"center_method":"duration_weighted_berth_medoid"}},{"type":"Feature","geometry":{"type":"Polygon","coordinates":[[[121.44273080000002,31.014728460213536],[121.44570896505866,31.01375467228357],[121.44793809756547,31.014753323355],[121.45060955653332,31.014749205249284],[121.45324984328003,31.01334673958339],[121.45414476357047,31.011585305321475],[121.45402149529772,31.00734093434748],[121.4536258299786,31.005919604622505],[121.45231730056392,31.004485863162774],[121.45038654268448,31.003727659342378],[121.44723023690973,31.003731667409262],[121.44493047585478,31.004785291449906],[121.44380777775258,31.00639186347563],[121.43963536190974,31.006348771064],[121.4370395894748,31.007682293358233],[121.43602004857941,31.0101245],[121.43677701569493,31.013017640182913],[121.43920778918839,31.01456270457684],[121.44273080000002,31.014728460213536]]]},"properties":{"terminal_id":398,"lat":31.007809428571427,"lon":121.4491935164835,"berth_count":3,"dwell_minutes":72446.98333333334,"center_method":"duration_weighted_berth_medoid"}},{"type":"Feature","geometry":{"type":"Polygon","coordinates":[[[122.44439049999998,36.868108859233715],[122.44189511384137,36.86871444470532],[122.44024082447629,36.870327058599976],[122.43992055174755,36.87406865644661],[122.44065589069494,36.87571265672991],[122.4422731855321,36.87688522293949],[122.44395024852368,36.87729216982387],[122.4496801534371,36.87729216982387],[122.45173528811941,36.876703953346876],[122.45297451126586,36.87571265672991],[122.45370985021323,36.87406865644661],[122.45370985021323,36.8713499263264],[122.45297451126586,36.86970583214425],[122.45173528811941,36.86871444470532],[122.45011616505103,36.86817790432432],[122.44439049999998,36.868108859233715]]]},"properties":{"terminal_id":399,"lat":36.87258346666667,"lon":122.44716443333331,"berth_count":1,"dwell_minutes":64885.78333333333,"center_method":"duration_weighted_berth_medoid"}},{"type":"Feature","geometry":{"type":"Polygon","coordinates":[[[119.26842513410571,32.20146018067037],[119.26662451531936,32.20189579406585],[119.26526979426204,32.20283655940874],[119.26444365913935,32.20414437701633],[119.26427188153478,32.205647232095465],[119.26478061303146,32.207066252180425],[119.26589240387071,32.208212511618456],[119.2674379939756,32.208911515720175],[119.26918240147631,32.20905685840026],[119.27159157591655,32.208212511618456],[119.27295007214302,32.20659136108379],[119.27679991446789,32.20614260576826],[119.27919613801794,32.20416962680681],[119.2854717488551,32.20333675270438],[119.28781584496237,32.201910185305444],[119.29034385188136,32.20162087671722],[119.29198874500334,32.200621730010205],[119.29640706446783,32.20019108068107],[119.29843942552368,32.19829359104763],[119.2986950220391,32.19547004348471],[119.2974657741452,32.193523883702056],[119.29473000147627,32.192428889450625],[119.29154873690973,32.192483622557575],[119.2899134193747,32.19306134198134],[119.28550663741255,32.192919241673735],[119.2833154018759,32.19362694690416],[119.27984885886094,32.19369998216766],[119.27754909780599,32.19474022940859],[119.27626577861666,32.196994827430856],[119.27161287471468,32.197646295979496],[119.27006728460977,32.19834538127301],[119.26876703500261,32.19982892817543],[119.26842513410571,32.20146018067037]]]},"properties":{"terminal_id":400,"lat":32.19875942857143,"lon":119.28287485714286,"berth_count":7,"dwell_minutes":42486.33333333333,"center_method":"duration_weighted_berth_medoid"}},{"type":"Feature","geometry":{"type":"Polygon","coordinates":[[[120.62991321428571,37.786681778818476],[120.62741782812707,37.787280005585316],[120.62576353876199,37.788873023489536],[120.62550794224657,37.79114194362554],[120.62673719014047,37.79295930689617],[120.62819436240432,37.793728711732705],[120.62991321428571,37.793998888881106],[120.63542597276766,37.79393068947005],[120.63772573382265,37.79295930689617],[120.63869938520112,37.79180779621506],[120.63904128609802,37.7904494736842],[120.63869938520112,37.788873023489536],[120.63772573382265,37.78772144912589],[120.63542597276766,37.786749984920405],[120.62991321428571,37.786681778818476]]]},"properties":{"terminal_id":401,"lat":37.790319078431374,"lon":120.63188821568627,"berth_count":1,"dwell_minutes":39641.21666666667,"center_method":"duration_weighted_berth_medoid"}},{"type":"Feature","geometry":{"type":"Polygon","coordinates":[[[121.89401807692308,30.064212468698123],[121.89229922504171,30.064508371344797],[121.89054604139787,30.065633681460675],[121.88971990627518,30.06697130658333],[121.88954812867061,30.068734102125028],[121.89005686016729,30.07018546365904],[121.89116865100652,30.071357848940256],[121.89271424111143,30.072072785359534],[121.89471025147633,30.072221440859398],[121.89638731446789,30.07178118645861],[121.8977420355252,30.070819039861835],[121.89856817064792,30.06948146674406],[121.89873994825246,30.06771868451447],[121.89823121675578,30.066267286804106],[121.89711942591656,30.065094841216958],[121.89401807692308,30.064212468698123]]]},"properties":{"terminal_id":402,"lat":30.068227098039216,"lon":121.8941621764706,"berth_count":1,"dwell_minutes":11865.866666666669,"center_method":"duration_weighted_berth_medoid"}},{"type":"Feature","geometry":{"type":"Polygon","coordinates":[[[119.69239039999998,32.24495751738442],[119.69067154811859,32.2452466880802],[119.68891836447477,32.24634639624757],[119.68809222935208,32.2476535879823],[119.68792045174752,32.24958703537861],[119.68842918324421,32.251005369582835],[119.68954097408344,32.25215107495882],[119.69108656418834,32.25284974117758],[119.69319466324102,32.252995013601435],[119.69487172623258,32.252564778392525],[119.69648902106974,32.251325111227295],[119.6971596838038,32.249955783459335],[119.69722436001713,32.248383961215296],[119.69671562852045,32.24696558606801],[119.69560383768122,32.24581981526832],[119.69405824757631,32.24512109496212],[119.69239039999998,32.24495751738442]]]},"properties":{"terminal_id":403,"lat":32.249003075000005,"lon":119.69267835,"berth_count":1,"dwell_minutes":43494.683333333334,"center_method":"duration_weighted_berth_medoid"}},{"type":"Feature","geometry":{"type":"Polygon","coordinates":[[[120.20329778607937,31.924799650000004],[120.20405475319492,31.926917566848648],[120.20567204803208,31.928161643063447],[120.20778936249997,31.928611764494295],[120.20969910411547,31.92830000570175],[120.21230008185701,31.929294479574644],[120.21412083581161,31.9291486915666],[120.21566642591651,31.928447545751272],[120.21677821675576,31.927297774322174],[120.21728694825244,31.92587440669854],[120.21696667552368,31.923986135368025],[120.21531238615862,31.92227524455552],[120.21325725147629,31.921651111609016],[120.21099663293244,31.921932924852808],[120.20836673224555,31.92091612128902],[120.20648552668835,31.921061922349118],[120.20493993658344,31.921763124478122],[120.20363968697626,31.923251163708688],[120.20329778607937,31.924799650000004]]]},"properties":{"terminal_id":404,"lat":31.924774244444446,"lon":120.20783542222222,"berth_count":2,"dwell_minutes":23067.883333333335,"center_method":"duration_weighted_berth_medoid"}},{"type":"Feature","geometry":{"type":"Polygon","coordinates":[[[120.02481268811881,40.05020600937013],[120.02269537365093,40.05061198835459],[120.02134065259361,40.05146303262455],[120.02051451747091,40.05264612024141],[120.02034273986635,40.054083866943735],[120.02085147136306,40.055367541502804],[120.02196326220228,40.05640446817542],[120.0235088523072,40.05703679838655],[120.0256122514763,40.05716827755654],[120.02728931446786,40.05677889198051],[120.02864403552519,40.05592791408925],[120.02947017064788,40.054744883441415],[120.02964194825245,40.05330715068396],[120.02913321675577,40.052023437315896],[120.02802142591652,40.05098644398424],[120.02647583581162,40.05035405763428],[120.02481268811881,40.05020600937013]]]},"properties":{"terminal_id":405,"lat":40.05372659906542,"lon":120.02511882429906,"berth_count":1,"dwell_minutes":58131.433333333334,"center_method":"duration_weighted_berth_medoid"}},{"type":"Feature","geometry":{"type":"Polygon","coordinates":[[[119.70419778160301,32.27551676055265],[119.70608852763739,32.27715948648338],[119.70915126309025,32.277534923250094],[119.71174703552519,32.27621949049639],[119.7127665764206,32.273810315789476],[119.7124246755237,32.272352138711305],[119.71117697642059,32.27091004739771],[119.7101574355252,32.268365771629625],[119.70701328757097,32.26593530984092],[119.70449595752517,32.265270212211874],[119.7027563292619,32.26555889471401],[119.70128430507049,32.266394267392215],[119.70030920523143,32.26764617854147],[119.6999829363302,32.2691195858216],[119.70005282625141,32.27215248236037],[119.70057550746019,32.273553598858854],[119.70204045044487,32.274900572515],[119.70419778160301,32.27551676055265]]]},"properties":{"terminal_id":406,"lat":32.27173223529412,"lon":119.70573252941176,"berth_count":3,"dwell_minutes":3609.116666666667,"center_method":"duration_weighted_berth_medoid"}},{"type":"Feature","geometry":{"type":"Polygon","coordinates":[[[121.1730834538824,31.677028574999998],[121.17361381354725,31.678830438109888],[121.17507964414439,31.680206754228074],[121.17713477882668,31.6808325201121],[121.17919381886246,31.680686339514267],[121.18406349501937,31.677638238153712],[121.18479883396674,31.675889268920116],[121.1846270563622,31.674240102029255],[121.18380092123951,31.672924722469705],[121.18244620018217,31.671978517685528],[121.18076913719061,31.671545551579595],[121.17879545964291,31.6716917465682],[121.1743990061578,31.674180397034885],[121.1734253547793,31.675420512032932],[121.1730834538824,31.677028574999998]]]},"properties":{"terminal_id":407,"lat":31.6754544556962,"lon":121.18029535443038,"berth_count":2,"dwell_minutes":24675.83333333333,"center_method":"duration_weighted_berth_medoid"}},{"type":"Feature","geometry":{"type":"Polygon","coordinates":[[[119.82529814582445,39.97951791379668],[119.83001557673897,39.982322935763655],[119.82913811929679,39.98364218459502],[119.82730322402824,39.9848441924994],[119.82663256129418,39.986084776719814],[119.82673966268543,39.98779448199517],[119.8278618091881,39.98922890273185],[119.82973399752169,39.990088646997215],[119.83200000147629,39.990220255248374],[119.83729136007165,39.98816455009669],[119.83894564943672,39.98662010524741],[119.83926592216547,39.98417733716597],[119.83826800943821,39.982331349951785],[119.83599111623475,39.98120038866984],[119.83838269062242,39.98043772896616],[119.83968294022958,39.97909431448891],[119.83999289631481,39.976978139532974],[119.84143448842595,39.97593556268652],[119.84210515115998,39.9746947941837],[119.84210515115998,39.973123573599835],[119.84143448842595,39.97188275404575],[119.84019526527949,39.97093305665593],[119.83772973428756,39.970354061010696],[119.83619731446788,39.96931837913256],[119.83361303423797,39.96892849203013],[119.83193597124641,39.96931837913256],[119.83058125018908,39.9701704375835],[119.82975511506639,39.97135493510395],[119.8296256521611,39.9729394984287],[119.82703810752689,39.97230701590075],[119.82361132812707,39.972887118998976],[119.82195703876198,39.97443187428078],[119.82170144224658,39.97680597697307],[119.82293069014048,39.978568271698585],[119.82529814582445,39.97951791379668]]]},"properties":{"terminal_id":408,"lat":39.98465419378238,"lon":119.8346473284974,"berth_count":9,"dwell_minutes":58571.566666666666,"center_method":"duration_weighted_berth_medoid"}},{"type":"Feature","geometry":{"type":"Polygon","coordinates":[[[119.99428617181556,31.99697431380451],[119.99256555894677,31.999279331686452],[119.99300961423013,32.002014759812624],[119.99525197910451,32.00373824566489],[119.99837370148326,32.00386417145136],[119.99991929158818,32.00316359598356],[120.00119981041665,32.00171222873801],[120.00365460930509,32.00017829300367],[120.00602168493357,31.99673750061523],[120.00602168493357,31.993991768741537],[120.00519554981088,31.992680938748315],[120.00384082875358,31.9917380065443],[120.00216376576202,31.991306537882622],[119.99982959897096,31.991452227247436],[119.99828400886607,31.992152892193126],[119.99530363838785,31.99459356195245],[119.99428617181556,31.99697431380451]]]},"properties":{"terminal_id":409,"lat":31.997169763157892,"lon":119.99968668421052,"berth_count":3,"dwell_minutes":29750.6,"center_method":"duration_weighted_berth_medoid"}},{"type":"Feature","geometry":{"type":"Polygon","coordinates":[[[121.16319127906978,31.67998704124301],[121.1614724271884,31.680277996604293],[121.16001525492455,31.681106562376236],[121.15904160354607,31.68234658487025],[121.15869970264917,31.683883627906976],[121.15904160354607,31.685346288659364],[121.16001525492455,31.686586254519778],[121.1614724271884,31.68741476398771],[121.16338585714287,31.687705696068964],[121.16510470902423,31.68741476398771],[121.1665618812881,31.686586254519778],[121.16753553266656,31.685346288659364],[121.16787743356346,31.683809269841266],[121.16753553266656,31.68234658487025],[121.1665618812881,31.681106562376236],[121.16510470902423,31.680277996604293],[121.16319127906978,31.67998704124301]]]},"properties":{"terminal_id":410,"lat":31.68380926984127,"lon":121.16338585714286,"berth_count":1,"dwell_minutes":2869.366666666667,"center_method":"duration_weighted_berth_medoid"}},{"type":"Feature","geometry":{"type":"Polygon","coordinates":[[[120.02004457281554,37.436488271294074],[120.01832572093417,37.43675974957011],[120.01686854867032,37.43753284889633],[120.01589489729184,37.438689858883],[120.01555299639494,37.44018180582523],[120.01589489729184,37.441546541954985],[120.01686854867032,37.442703489885616],[120.01832572093417,37.4434765278083],[120.02006777037037,37.443747980733015],[120.02178662225174,37.4434765278083],[120.02324379451561,37.442703489885616],[120.02421744589407,37.441546541954985],[120.02455934679097,37.44005462222223],[120.02421744589407,37.438689858883],[120.02324379451561,37.43753284889633],[120.02178662225174,37.43675974957011],[120.02004457281554,37.436488271294074]]]},"properties":{"terminal_id":411,"lat":37.44005462222223,"lon":120.02006777037036,"berth_count":1,"dwell_minutes":7346.533333333334,"center_method":"duration_weighted_berth_medoid"}},{"type":"Feature","geometry":{"type":"Polygon","coordinates":[[[122.08423047126439,29.779625636029404],[122.08251161938301,29.779922385779727],[122.08105444711916,29.780767452752688],[122.08008079574068,29.782032171528936],[122.07973889484379,29.783535304054052],[122.08008079574068,29.785027098632032],[122.08105444711916,29.78629176359685],[122.08251161938301,29.78713677680581],[122.084239472973,29.787433504292377],[122.08595832485436,29.78713677680581],[122.0874154971182,29.78629176359685],[122.08838914849669,29.785027098632032],[122.08873104939359,29.78352398850575],[122.08838914849669,29.782032171528936],[122.0874154971182,29.780767452752688],[122.08595832485436,29.779922385779727],[122.08423047126439,29.779625636029404]]]},"properties":{"terminal_id":412,"lat":29.783535304054055,"lon":122.08423947297298,"berth_count":1,"dwell_minutes":6836.5,"center_method":"duration_weighted_berth_medoid"}},{"type":"Feature","geometry":{"type":"Polygon","coordinates":[[[121.55281548659988,28.27717410239323],[121.55565974852365,28.278419025536657],[121.55912771814299,28.278419025536657],[121.5611828528253,28.277771443014345],[121.56242207597172,28.276680101661164],[121.56309273870579,28.275254178617637],[121.56315630739994,28.272924241901478],[121.56238446641127,28.27107526411505],[121.56069575374383,28.269783406390797],[121.55896087919048,28.269373290077727],[121.5537740386208,28.26955351288665],[121.55177136791497,28.270255981684784],[121.55037095163222,28.271699308667714],[121.54992507556189,28.27393341424332],[121.55094608124178,28.27601588600184],[121.55281548659988,28.27717410239323]]]},"properties":{"terminal_id":413,"lat":28.27401195744681,"lon":121.55748991489362,"berth_count":2,"dwell_minutes":7514.4333333333325,"center_method":"duration_weighted_berth_medoid"}},{"type":"Feature","geometry":{"type":"Polygon","coordinates":[[[121.657976,28.382580715537955],[121.65585868553212,28.383047321302683],[121.65424139069492,28.384336935480135],[121.65350605174753,28.3861449835011],[121.6536778293521,28.387980253585404],[121.65479997585477,28.38962729535497],[121.65625714811861,28.390483846763285],[121.66075833581162,28.390614481935522],[121.66230392591653,28.389887706507164],[121.66341571675576,28.38869590766087],[121.66392444825244,28.387220513984822],[121.66375267064788,28.385385230749456],[121.66292653552519,28.384025458433424],[121.66157181446786,28.383047321302683],[121.657976,28.382580715537955]]]},"properties":{"terminal_id":414,"lat":28.38678366666667,"lon":121.6588561904762,"berth_count":1,"dwell_minutes":6175.816666666667,"center_method":"duration_weighted_berth_medoid"}},{"type":"Feature","geometry":{"type":"Polygon","coordinates":[[[117.7642808412703,39.04604828157471],[117.7630969404632,39.04754575110551],[117.76298983907196,39.04927133535255],[117.76421908696588,39.05105731753709],[117.76609127529946,39.051928754138764],[117.76785545147632,39.05206215225274],[117.77003521446204,39.05141932514184],[117.77425529035708,39.051269129758225],[117.77612747869065,39.050397685017444],[117.77724962519333,39.04894374336925],[117.77710113006916,39.045089065482756],[117.77612747869065,39.04395734288572],[117.77425529035708,39.043085807932556],[117.76702548145198,39.0432011399177],[117.76527229780814,39.04421099916361],[117.7642808412703,39.04604828157471]]]},"properties":{"terminal_id":415,"lat":39.047258125,"lon":117.7708871875,"berth_count":2,"dwell_minutes":11431.783333333333,"center_method":"duration_weighted_berth_medoid"}},{"type":"Feature","geometry":{"type":"Polygon","coordinates":[[[121.74566471428568,31.28711068616109],[121.7435473998178,31.28756391754293],[121.74193010498063,31.288816566378802],[121.74125944224656,31.290200194386962],[121.74125944224656,31.29221619554721],[121.74193010498063,31.293599773658013],[121.7435473998178,31.29485234229118],[121.74733206309027,31.295231789210273],[121.74930522591654,31.2944343333112],[121.75041701675578,31.293276704471204],[121.75086107203913,31.290200194386962],[121.75019040930508,31.288816566378802],[121.74895118615864,31.287757569629424],[121.74566471428568,31.28711068616109]]]},"properties":{"terminal_id":416,"lat":31.290949,"lon":121.74566471428572,"berth_count":1,"dwell_minutes":230.08333333333337,"center_method":"duration_weighted_berth_medoid"}},{"type":"Feature","geometry":{"type":"Polygon","coordinates":[[[120.44140248240294,31.976924666666665],[120.44193284206774,31.97872068532721],[120.44337498775481,31.980077637098926],[120.4440393073616,31.981429539687966],[120.44605506478528,31.982832729964343],[120.4504455082254,31.98295868445725],[120.45231769655902,31.982006868493183],[120.4532913479375,31.980770865569312],[120.4536332488344,31.977976388888877],[120.45310288916954,31.97618035566204],[120.45001013284086,31.973206419792934],[120.44855296057702,31.972380471689323],[120.44545380734719,31.97210878282774],[120.44304463290699,31.97295531423526],[120.44159588817563,31.97479457557733],[120.44140248240294,31.976924666666665]]]},"properties":{"terminal_id":417,"lat":31.97683947368421,"lon":120.44681760526316,"berth_count":2,"dwell_minutes":21757.316666666666,"center_method":"duration_weighted_berth_medoid"}},{"type":"Feature","geometry":{"type":"Polygon","coordinates":[[[122.07925712048191,29.993180359650975],[122.07753826860053,29.99347647441691],[122.07578508495672,29.99460259123419],[122.07495894983403,29.995941175296263],[122.07478717222946,29.997625624324407],[122.07552251117686,29.999405449789762],[122.07676173432328,30.000478649142202],[122.07838085739166,30.00105945560624],[122.08037929039341,30.001115466236225],[122.08205635338497,30.000674895810615],[122.08341107444227,29.999712058577323],[122.08423720956496,29.998373525372216],[122.08440898716954,29.996689089037265],[122.08390025567284,29.995236650802557],[122.08278846483361,29.994063364708495],[122.0812428747287,29.993347865330936],[122.07925712048191,29.993180359650975]]]},"properties":{"terminal_id":418,"lat":29.997244345507667,"lon":122.0794723265157,"berth_count":1,"dwell_minutes":83452.04999999999,"center_method":"duration_weighted_berth_medoid"}},{"type":"Feature","geometry":{"type":"Polygon","coordinates":[[[118.48597917357937,39.08275166225164],[118.48673614069492,39.0846886448048],[118.48835343553209,39.08582643520408],[118.49003049852365,39.08622131270595],[118.49339116914496,39.086087979137936],[118.49526335747858,39.085216964184696],[118.49625168511923,39.084054046139066],[118.49872663581162,39.083903920182955],[118.50059882414521,39.08303287826126],[118.50182807203912,39.08124770493796],[118.50172097064788,39.0791046703444],[118.50059882414521,39.077651319834864],[118.49914165188137,39.07689547767161],[118.49487116418838,39.076780200713934],[118.49332557408346,39.07742152809143],[118.49222783419891,39.07845498516714],[118.48959448690972,39.078516623616025],[118.48762132408345,39.07924107537695],[118.48632107447627,39.080602014633875],[118.48597917357937,39.08275166225164]]]},"properties":{"terminal_id":419,"lat":39.08266307142857,"lon":118.49074498809524,"berth_count":2,"dwell_minutes":49487.850000000006,"center_method":"duration_weighted_berth_medoid"}},{"type":"Feature","geometry":{"type":"Polygon","coordinates":[[[122.07223166666665,30.014350819596643],[122.07051281478529,30.014646871190003],[122.06905564252142,30.015489949957082],[122.06808199114296,30.016751693109263],[122.06774009024606,30.018326000000005],[122.06808199114296,30.019814283263546],[122.06905564252142,30.021075971396478],[122.07051281478529,30.021918995507406],[122.07225200000002,30.022215024507542],[122.07397085188138,30.021918995507406],[122.07542802414525,30.021075971396478],[122.07640167552371,30.019814283263546],[122.07674357642061,30.01823999999999],[122.07640167552371,30.016751693109263],[122.07542802414525,30.015489949957082],[122.07397085188138,30.014646871190003],[122.07223166666665,30.014350819596643]]]},"properties":{"terminal_id":420,"lat":30.01824,"lon":122.072252,"berth_count":1,"dwell_minutes":177.81666666666666,"center_method":"duration_weighted_berth_medoid"}},{"type":"Feature","geometry":{"type":"Polygon","coordinates":[[[121.13599686363636,38.805176509241335],[121.13387954916848,38.805589807438125],[121.13226225433128,38.80673208610133],[121.13159159159721,38.8079937997907],[121.13159159159721,38.81001017242725],[121.13226225433128,38.81127182806002],[121.13387954916848,38.81241401561903],[121.13555661216004,38.81281041920891],[121.13788250309024,38.812760023624904],[121.1395016261586,38.81223744237984],[121.14096745675575,38.810977228440166],[121.1414115120391,38.8079937997907],[121.14074084930503,38.80673208610133],[121.1395016261586,38.80576639715499],[121.13599686363636,38.805176509241335]]]},"properties":{"terminal_id":421,"lat":38.808869529411766,"lon":121.13631379411764,"berth_count":1,"dwell_minutes":16291.250000000004,"center_method":"duration_weighted_berth_medoid"}},{"type":"Feature","geometry":{"type":"Polygon","coordinates":[[[118.48821232394369,38.9433363238182],[118.4860950094758,38.94374881937218],[118.48474028841848,38.94461352435943],[118.48391415329579,38.94581560297324],[118.48374237569121,38.94746550705152],[118.4842511071879,38.94876978494058],[118.48536289802713,38.949823354987096],[118.48690848813204,38.9504658347077],[118.48904705394544,38.95059942426244],[118.490724116937,38.95020378863853],[118.49207883799431,38.949339151839666],[118.492904973117,38.94813713297488],[118.49307675072157,38.94648724452857],[118.49256801922489,38.945182924641934],[118.49145622838564,38.944129285624854],[118.48991063828075,38.94348674847169],[118.48821232394369,38.9433363238182]]]},"properties":{"terminal_id":422,"lat":38.94685825,"lon":118.48854670833332,"berth_count":1,"dwell_minutes":9991.383333333331,"center_method":"duration_weighted_berth_medoid"}},{"type":"Feature","geometry":{"type":"Polygon","coordinates":[[[122.0860735,40.29312784547762],[122.08395618553212,40.29353237392738],[122.08233889069493,40.29465041426538],[122.08166822796086,40.29588535463918],[122.08166822796086,40.29778562331636],[122.08233889069493,40.299020506390164],[122.08395618553212,40.30013845592165],[122.08773982647055,40.300477121280025],[122.08935894953889,40.299965629728845],[122.09082478013603,40.29873215828963],[122.0912688354194,40.29588535463918],[122.09059817268535,40.29465041426538],[122.08935894953889,40.293705216575894],[122.0860735,40.29312784547762]]]},"properties":{"terminal_id":423,"lat":40.297084197530864,"lon":122.08653804938272,"berth_count":1,"dwell_minutes":8893.599999999999,"center_method":"duration_weighted_berth_medoid"}},{"type":"Feature","geometry":{"type":"Polygon","coordinates":[[[121.6284533500123,32.07817433322655],[121.62637878333291,32.07879821052936],[121.62491295273577,32.08016856409751],[121.62438259307092,32.08196255932204],[121.62491295273577,32.08376337654528],[121.626024743575,32.0849111872027],[121.62799790640128,32.085701879464],[121.63263764780119,32.08504872261398],[121.63399236885851,32.08410674122986],[121.63481850398121,32.082797200812244],[121.63499028158579,32.08124931087551],[121.63448155008909,32.079828331431166],[121.63336975924986,32.07868045694179],[121.63182416914495,32.07798045378478],[121.6284533500123,32.07817433322655]]]},"properties":{"terminal_id":424,"lat":32.08165235416667,"lon":121.63034202083333,"berth_count":2,"dwell_minutes":6277.383333333333,"center_method":"duration_weighted_berth_medoid"}},{"type":"Feature","geometry":{"type":"Polygon","coordinates":[[[121.86846676923075,30.09733283143177],[121.86674791734936,30.097628635017443],[121.86499473370554,30.098753568398845],[121.86406149719161,30.100460659806448],[121.86406149719161,30.102368942137307],[121.86473215992568,30.103769685258964],[121.86634945476288,30.105037794176717],[121.86802651775444,30.105477900539068],[121.87057317613373,30.10542194890675],[121.8721922992021,30.10484175421758],[121.87343152234853,30.103769685258964],[121.87410218508259,30.102368942137307],[121.87410218508259,30.100460659806448],[121.87343152234853,30.099059869786267],[121.8721922992021,30.097987738108905],[121.87057317613373,30.097407499776555],[121.86846676923075,30.09733283143177]]]},"properties":{"terminal_id":425,"lat":30.101218753623183,"lon":121.86969691304348,"berth_count":1,"dwell_minutes":3778.8833333333328,"center_method":"duration_weighted_berth_medoid"}},{"type":"Feature","geometry":{"type":"Polygon","coordinates":[[[108.32260375691273,21.608100125000004],[108.32313411657755,21.610068630599308],[108.32496422146188,21.61177522963767],[108.32432524405525,21.61439113094643],[108.32561916816246,21.616934512639286],[108.32707634042632,21.61783968198636],[108.3287951923077,21.61815753384742],[108.3305419203745,21.61783968198636],[108.33199909263837,21.616934512639286],[108.33312123914102,21.615193989251434],[108.33329301674559,21.613536411742636],[108.3325576777982,21.6116257620092],[108.33103407020444,21.61031517721634],[108.33163707203911,21.60891480591094],[108.33170174825244,21.60698476486873],[108.33040782414523,21.604441208202243],[108.32767205147631,21.603238179916623],[108.32497801886544,21.603711175141697],[108.32313411657755,21.605425538004194],[108.32260375691273,21.608100125000004]]]},"properties":{"terminal_id":426,"lat":21.607451902439024,"lon":108.32716129268292,"berth_count":2,"dwell_minutes":12841.333333333332,"center_method":"duration_weighted_berth_medoid"}},{"type":"Feature","geometry":{"type":"Polygon","coordinates":[[[108.63471316666666,21.68672889166244],[108.63186374075012,21.687676264492097],[108.63041499601876,21.68969096776744],[108.63024321841421,21.699393157384222],[108.63097855736159,21.70130264534227],[108.63221778050803,21.702454032909166],[108.6338369035764,21.70307715552972],[108.63597939580622,21.70313724700917],[108.63838857024643,21.702210071009652],[108.63983731497778,21.700195542864474],[108.64000909258235,21.69049340730554],[108.63950036108565,21.688935082162253],[108.63838857024643,21.687676264492097],[108.63684298014151,21.686908607712216],[108.63471316666666,21.68672889166244]]]},"properties":{"terminal_id":427,"lat":21.697595391304347,"lon":108.63536704347824,"berth_count":1,"dwell_minutes":18204.666666666664,"center_method":"duration_weighted_berth_medoid"}},{"type":"Feature","geometry":{"type":"Polygon","coordinates":[[[118.35754325887707,39.0428600204673],[118.35861054189252,39.044194999653],[118.36048273022614,39.045066520922106],[118.3654834358116,39.045066520922106],[118.37008240151764,39.04281445113144],[118.37101669326691,39.04128379478536],[118.37091251664545,39.039591736975254],[118.36946867260416,39.03790701651578],[118.3654834358116,39.03644724425442],[118.36134631456143,39.036313816650846],[118.3589759596976,39.03675369358957],[118.35711167544315,39.03761483585352],[118.35587429761755,39.039383401417375],[118.35610073054356,39.0413884924008],[118.35754325887707,39.0428600204673]]]},"properties":{"terminal_id":428,"lat":39.0404225,"lon":118.3623245,"berth_count":3,"dwell_minutes":213949.11666666667,"center_method":"duration_weighted_berth_medoid"}},{"type":"Feature","geometry":{"type":"Polygon","coordinates":[[[108.32870182352941,21.58750979825047],[108.32620643737079,21.58821366749378],[108.32455214800571,21.590088011823656],[108.32429655149029,21.596754543498108],[108.32496721422434,21.598259991984854],[108.32658450906153,21.59962289677552],[108.3282615720531,21.600095903818332],[108.33106735552722,21.60003576942334],[108.3330405183535,21.599168065670035],[108.33434076796067,21.59753797819144],[108.3345963644761,21.59087148259712],[108.33392570174203,21.58936595726944],[108.33268647859558,21.58821366749378],[108.33106735552722,21.58759004893671],[108.32870182352941,21.58750979825047]]]},"properties":{"terminal_id":429,"lat":21.595096032786888,"lon":108.32880821311475,"berth_count":1,"dwell_minutes":15607.6,"center_method":"duration_weighted_berth_medoid"}},{"type":"Feature","geometry":{"type":"Polygon","coordinates":[[[119.94290197913497,37.414092499999995],[119.94343233879978,37.415774190332876],[119.94466951988142,37.41692402677073],[119.94256015834063,37.42145512434378],[119.94281575485606,37.4236800262023],[119.94378940623453,37.42483725032496],[119.9452465784984,37.42561047279496],[119.94696543037976,37.42588199052438],[119.94894392330993,37.42561047279496],[119.95040109557377,37.42483725032496],[119.95152324207643,37.42335043485092],[119.95163249550298,37.42146664628551],[119.95256778158578,37.41962035143752],[119.95210262638076,37.41764577596175],[119.95423556473006,37.41705871149309],[119.95588985409513,37.415457711801714],[119.95623175499203,37.414092499999995],[119.95588985409513,37.412270088315154],[119.95491620271666,37.411112669985656],[119.95304401438305,37.41022134730294],[119.9465172924653,37.41013627594972],[119.94489816939692,37.41066898626482],[119.9436589462505,37.41165329661183],[119.94290197913497,37.414092499999995]]]},"properties":{"terminal_id":430,"lat":37.413693,"lon":119.95016912962964,"berth_count":3,"dwell_minutes":21329.1,"center_method":"duration_weighted_berth_medoid"}},{"type":"Feature","geometry":{"type":"Polygon","coordinates":[[[115.92831433333335,22.778315196559557],[115.92659548145197,22.778630432155555],[115.92513830918811,22.77952814319143],[115.92416465780964,22.780871651666104],[115.92382275691274,22.78249475],[115.92416465780964,22.784079490437595],[115.92513830918811,22.78542295408945],[115.92659548145197,22.786320620427794],[115.92834553424656,22.78663583752538],[115.93006438612795,22.786320620427794],[115.9315215583918,22.78542295408945],[115.93249520977028,22.784079490437595],[115.93283711066715,22.7824564109589],[115.93249520977028,22.780871651666104],[115.9315215583918,22.77952814319143],[115.93006438612795,22.778630432155555],[115.92831433333335,22.778315196559557]]]},"properties":{"terminal_id":431,"lat":22.782456410958904,"lon":115.92834553424656,"berth_count":1,"dwell_minutes":677.9833333333333,"center_method":"duration_weighted_berth_medoid"}},{"type":"Feature","geometry":{"type":"Polygon","coordinates":[[[113.57347099999998,22.813081508299415],[113.57175214811862,22.813396663515014],[113.57029497585475,22.81429414564213],[113.56932132447628,22.815637311517513],[113.56897942357938,22.81747104255319],[113.56932132447628,22.8190553763694],[113.57029497585475,22.820398495287044],[113.57175214811862,22.821295931272534],[113.57353261538462,22.82161106747927],[113.575251467266,22.821295931272534],[113.57670863952985,22.820398495287044],[113.57768229090833,22.8190553763694],[113.57802419180523,22.817221666666665],[113.57768229090833,22.815637311517513],[113.57670863952985,22.81429414564213],[113.575251467266,22.813396663515014],[113.57347099999998,22.813081508299415]]]},"properties":{"terminal_id":432,"lat":22.81747104255319,"lon":113.5735284680851,"berth_count":1,"dwell_minutes":1669.15,"center_method":"duration_weighted_berth_medoid"}},{"type":"Feature","geometry":{"type":"Polygon","coordinates":[[[113.21606789473682,21.922523325065555],[113.21395058026894,21.923015333338633],[113.21233328543177,21.924375157883865],[113.21159794648437,21.926281647302513],[113.2116626226977,21.929150985803773],[113.21233328543177,21.9306529515066],[113.21395058026894,21.932012703084233],[113.2156276432605,21.932484615735348],[113.2184168994539,21.93242462047396],[113.22039006228017,21.93155892429566],[113.22150185311939,21.930302237946304],[113.22201058461607,21.928746520640342],[113.22194590840274,21.925877173985082],[113.22127524566869,21.924375157883865],[113.22003602252225,21.923225553822785],[113.2184168994539,21.922603388716578],[113.21606789473682,21.922523325065555]]]},"properties":{"terminal_id":433,"lat":21.92770384313725,"lon":113.2168773627451,"berth_count":1,"dwell_minutes":4713.0,"center_method":"duration_weighted_berth_medoid"}},{"type":"Feature","geometry":{"type":"Polygon","coordinates":[[[121.17258517357939,31.759570413793117],[121.17334214069491,31.761692127280696],[121.17577291418836,31.76322492276934],[121.17899158480964,31.763370973254357],[121.18295007390684,31.762630612444493],[121.18482226224044,31.761676517945055],[121.18579591361892,31.760437556266744],[121.1859444087431,31.756475687087388],[121.18482226224044,31.754883765240184],[121.18336508997659,31.7540558585965],[121.17948733085504,31.753929590882844],[121.17781642586851,31.754728641333138],[121.1753578981186,31.755019362215755],[121.17390072585476,31.755847260242454],[121.1727785793521,31.757439165520122],[121.17258517357939,31.759570413793117]]]},"properties":{"terminal_id":434,"lat":31.757696950000003,"lon":121.181046925,"berth_count":2,"dwell_minutes":46809.11666666667,"center_method":"duration_weighted_berth_medoid"}},{"type":"Feature","geometry":{"type":"Polygon","coordinates":[[[121.37535872727271,30.980434710076306],[121.37324141280483,30.980889409205588],[121.37162411796766,30.98214611472786],[121.37088877902026,30.983908022453736],[121.37106055662483,30.986204927467305],[121.37218270312749,30.987809924702287],[121.37363987539133,30.988644609846585],[121.37838783581162,30.98877191008154],[121.38026002414523,30.987809924702287],[121.3812336755237,30.986560716462094],[121.38138217064788,30.983167658437335],[121.38055603552519,30.981842586136192],[121.37920131446788,30.980889409205588],[121.37535872727271,30.980434710076306]]]},"properties":{"terminal_id":435,"lat":30.98486717777778,"lon":121.37679026666667,"berth_count":1,"dwell_minutes":20496.866666666665,"center_method":"duration_weighted_berth_medoid"}},{"type":"Feature","geometry":{"type":"Polygon","coordinates":[[[121.60929328,31.38439295233484],[121.60757442811864,31.384684830176226],[121.60611725585477,31.385516022975377],[121.6051436044763,31.386759977165678],[121.6048017035794,31.388457119999998],[121.6051436044763,31.389924416316866],[121.60611725585477,31.39116831211338],[121.60757442811864,31.39199944752888],[121.60937329999997,31.392291301729454],[121.61109215188137,31.39199944752888],[121.6125493241452,31.39116831211338],[121.61352297552371,31.389924416316866],[121.61386487642058,31.3882273],[121.61352297552371,31.386759977165678],[121.6125493241452,31.385516022975377],[121.61109215188137,31.384684830176226],[121.60929328,31.38439295233484]]]},"properties":{"terminal_id":436,"lat":31.38845712,"lon":121.60929328,"berth_count":1,"dwell_minutes":815.65,"center_method":"duration_weighted_berth_medoid"}},{"type":"Feature","geometry":{"type":"Polygon","coordinates":[[[119.25332862499998,32.23340129659939],[119.2516097731186,32.23369050408197],[119.25015260085475,32.23451409226903],[119.24917894947627,32.23574666514955],[119.24883704857938,32.23725969139466],[119.24917894947627,32.23871356453298],[119.25015260085475,32.23994608044246],[119.2516097731186,32.24076961192464],[119.25334349275364,32.2410587959531],[119.25506234463501,32.24076961192464],[119.25651951689885,32.23994608044246],[119.25749316827735,32.23871356453298],[119.25783506917423,32.23720056249999],[119.25749316827735,32.23574666514955],[119.25651951689885,32.23451409226903],[119.25506234463501,32.23369050408197],[119.25332862499998,32.23340129659939]]]},"properties":{"terminal_id":437,"lat":32.237251372340424,"lon":119.25333438297872,"berth_count":1,"dwell_minutes":37769.26666666667,"center_method":"duration_weighted_berth_medoid"}},{"type":"Feature","geometry":{"type":"Polygon","coordinates":[[[119.6866975,32.23820898513976],[119.6849786481186,32.23849817731951],[119.68322546447479,32.23959796719137],[119.68229222796086,32.24126690168738],[119.68222755174753,32.243058624643645],[119.68273628324421,32.244477060806226],[119.68384807408344,32.24562284854529],[119.68539366418835,32.246321564991426],[119.68755378897632,32.24646684785909],[119.68923085196788,32.24603658172017],[119.69084814680507,32.244796825436175],[119.6915188095391,32.24342739923181],[119.69158348575243,32.24163568354968],[119.69107475425575,32.240217203016556],[119.68996296341653,32.23907134708867],[119.68841737331161,32.23837257487045],[119.6866975,32.23820898513976]]]},"properties":{"terminal_id":438,"lat":32.2426862625,"lon":119.6871135375,"berth_count":1,"dwell_minutes":2713.9166666666665,"center_method":"duration_weighted_berth_medoid"}},{"type":"Feature","geometry":{"type":"Polygon","coordinates":[[[121.9994424285714,29.88703974146722],[121.99732511410352,29.88749956726623],[121.99570781926634,29.88877044233352],[121.99497248031895,29.8905522167365],[121.99503715653229,29.893019560730526],[121.99570781926634,29.89442326169123],[121.99732511410352,29.895694048483072],[121.99900217709508,29.89613508424502],[122.00167463809028,29.896079014455516],[122.00364780091655,29.89526995963738],[122.00475959175577,29.894095493690564],[122.00526832325245,29.892641556486243],[122.00520364703912,29.89017420313493],[122.00453298430509,29.88877044233352],[122.00329376115863,29.887696036975385],[122.00167463809028,29.88711456815639],[121.9994424285714,29.88703974146722]]]},"properties":{"terminal_id":439,"lat":29.89222595073892,"lon":122.00076961083744,"berth_count":1,"dwell_minutes":12004.516666666666,"center_method":"duration_weighted_berth_medoid"}},{"type":"Feature","geometry":{"type":"Polygon","coordinates":[[[120.83550493894919,37.81926168071139],[120.8344041565323,37.82096638757826],[120.8344041565323,37.822752476222966],[120.83507481926637,37.8240314291721],[120.83669211410356,37.825189276559904],[120.84107326882462,37.8261397827429],[120.84500529909535,37.82619086886904],[120.84706043377766,37.825610040908934],[120.8485262643748,37.82433255942676],[120.84954482642061,37.82063924999999],[120.84878785930509,37.818063643917505],[120.84717056446789,37.81690568474351],[120.84505325000002,37.81648671313779],[120.84271958671512,37.81675680704145],[120.84090941396832,37.817844667108076],[120.84158670825244,37.81629766975025],[120.84141493064786,37.814879642351514],[120.84029278414519,37.81340060658868],[120.83883561188136,37.8126314066583],[120.83711675999999,37.81236129766144],[120.83538572387619,37.8126314066583],[120.83392855161235,37.81340060658868],[120.83295490023386,37.814551780665425],[120.83261299933696,37.815909659999996],[120.83295490023386,37.81730773240666],[120.83392855161235,37.81845884555883],[120.83550493894919,37.81926168071139]],[[120.84064563612539,37.81814030326836],[120.84064578462815,37.81814014509226],[120.8406456622872,37.818140306333994],[120.84064563612539,37.81814030326836]]]},"properties":{"terminal_id":440,"lat":37.82259442857143,"lon":120.84291257142856,"berth_count":4,"dwell_minutes":22366.083333333336,"center_method":"duration_weighted_berth_medoid"}},{"type":"Feature","geometry":{"type":"Polygon","coordinates":[[[121.19331428571428,31.748068337092725],[121.19159543383292,31.748359078890076],[121.18984225018907,31.74946476202988],[121.18901611506638,31.750779056283985],[121.18882270929369,31.752649571428574],[121.18916461019059,31.754111147584613],[121.19013826156905,31.755350193946974],[121.19159543383292,31.75617808901487],[121.1935472,31.756468805345406],[121.19526605188136,31.75617808901487],[121.19701923552518,31.755072486049265],[121.19784537064787,31.753758252744536],[121.19803877642059,31.751887759999995],[121.19769687552369,31.75042614874254],[121.19672322414523,31.749187036477466],[121.19526605188136,31.748359078890076],[121.19331428571428,31.748068337092725]]]},"properties":{"terminal_id":441,"lat":31.752374384615383,"lon":121.19343384615384,"berth_count":1,"dwell_minutes":2204.0833333333335,"center_method":"duration_weighted_berth_medoid"}},{"type":"Feature","geometry":{"type":"Polygon","coordinates":[[[118.54877404999999,39.10597953616463],[118.54665673553211,39.10639108376557],[118.54481283324421,39.107821893263036],[118.54428247357939,39.109464826086956],[118.54481283324421,39.11224801080125],[118.54627866384135,39.113502877406326],[118.54789778690972,39.11402324119433],[118.55214368625893,39.11407342293459],[118.55382074925049,39.11367870139911],[118.55543804408767,39.11254136039019],[118.55610870682172,39.11128505809822],[118.55617338303504,39.10912321555398],[118.55566465153836,39.107821893263036],[118.55455286069913,39.10677067566406],[118.55300727059422,39.10612961512929],[118.54877404999999,39.10597953616463]]]},"properties":{"terminal_id":442,"lat":39.11039588,"lon":118.54902384,"berth_count":1,"dwell_minutes":25934.416666666668,"center_method":"duration_weighted_berth_medoid"}},{"type":"Feature","geometry":{"type":"Polygon","coordinates":[[[120.31994587812483,36.100013592605684],[120.32047623778966,36.10212907427122],[120.32232014007754,36.10361887416958],[120.32537037647629,36.10402990406432],[120.32777955091652,36.103223637895056],[120.32935734888497,36.10100676744861],[120.33097004408764,36.09982462496827],[120.3316407068217,36.09851637609719],[120.3316407068217,36.09645109283283],[120.33011890174835,36.09332579622229],[120.3287671820062,36.09242729716545],[120.32709310303389,36.092014496775086],[120.32493603184187,36.09226909652894],[120.32346284942756,36.09306500627042],[120.32058545147632,36.09189316050307],[120.3181996364106,36.092031969266294],[120.31665404630569,36.09269954293888],[120.3150982001831,36.09479706767353],[120.31535379669853,36.097773227675575],[120.31700808606362,36.0994019685592],[120.31994587812483,36.100013592605684]]]},"properties":{"terminal_id":443,"lat":36.0977544375,"lon":120.32714115625,"berth_count":4,"dwell_minutes":26194.166666666664,"center_method":"duration_weighted_berth_medoid"}},{"type":"Feature","geometry":{"type":"Polygon","coordinates":[[[119.34919989130434,32.18989217678937],[119.34708257683646,32.190341012257356],[119.34523867454858,32.191901462016475],[119.34470831488375,32.193693260869566],[119.34523867454858,32.19633488017571],[119.3463504653878,32.197481274831425],[119.34832362821406,32.198270991625485],[119.35228145147632,32.19832572121876],[119.35395851446788,32.197895227162945],[119.35531323552519,32.19695441072582],[119.35613937064788,32.19564648976435],[119.35631114825244,32.19332069649541],[119.35580241675576,32.191901462016475],[119.35356005188137,32.190181522668574],[119.34919989130434,32.18989217678937]]]},"properties":{"terminal_id":444,"lat":32.19391527333333,"lon":119.34960502,"berth_count":1,"dwell_minutes":9895.716666666664,"center_method":"duration_weighted_berth_medoid"}},{"type":"Feature","geometry":{"type":"Polygon","coordinates":[[[119.66570342357942,26.469919874999995],[119.66623378324427,26.471815212587007],[119.6676996138414,26.47326293101041],[119.6697547485237,26.47392116225818],[119.67201921081163,26.473767397603794],[119.67647785930504,26.470742796768377],[119.67721319825243,26.468903103406795],[119.67704142064787,26.466571069217743],[119.67591927414522,26.464895084238297],[119.67404708581161,26.46389052580228],[119.67185974852369,26.463736747744157],[119.66889116418841,26.464468045110046],[119.66734557408347,26.465207607899735],[119.66623378324427,26.46642035477281],[119.66570342357942,26.469919874999995]]]},"properties":{"terminal_id":445,"lat":26.469349799999996,"lon":119.6705948,"berth_count":2,"dwell_minutes":508.1166666666666,"center_method":"duration_weighted_berth_medoid"}},{"type":"Feature","geometry":{"type":"Polygon","coordinates":[[[113.56508060000002,22.898106430699464],[113.56296328553215,22.898594996222823],[113.56134599069495,22.899945305241577],[113.56061065174757,22.90183845286869],[113.56078242935212,22.903504848801564],[113.56190457585478,22.9052294258379],[113.56336174811864,22.9061263017283],[113.56761243581163,22.906263087021333],[113.56915802591654,22.90550209641271],[113.57026981675575,22.9042541920324],[113.57077854825245,22.902709345739808],[113.57060677064788,22.90104294003253],[113.56978063552519,22.899619168459996],[113.56842591446788,22.898594996222823],[113.56508060000002,22.898106430699464]]]},"properties":{"terminal_id":446,"lat":22.902244000000003,"lon":113.56508060000002,"berth_count":1,"dwell_minutes":379.66666666666663,"center_method":"duration_weighted_berth_medoid"}},{"type":"Feature","geometry":{"type":"Polygon","coordinates":[[[108.58498862499998,21.71410532917266],[108.58326977311862,21.714422968950107],[108.58151658947479,21.715630947079994],[108.58058335296086,21.71746406614811],[108.58051867674753,21.719512497107626],[108.58125401569491,21.72142171811499],[108.58249323884137,21.722572944704524],[108.58411236190972,21.723195980201908],[108.58597771443928,21.72325606327942],[108.58765477743084,21.72278345988762],[108.58927207226803,21.72142171811499],[108.58994273500208,21.719917554203292],[108.59000741121541,21.71786912901219],[108.58949867971872,21.716311100190868],[108.5883868888795,21.715052521875304],[108.58684129877459,21.714285011053025],[108.58498862499998,21.71410532917266]]]},"properties":{"terminal_id":447,"lat":21.7187622987013,"lon":108.58509976623375,"berth_count":1,"dwell_minutes":4828.216666666666,"center_method":"duration_weighted_berth_medoid"}},{"type":"Feature","geometry":{"type":"Polygon","coordinates":[[[114.55483131246827,22.695900599999998],[114.55558827958379,22.698202738329307],[114.55720557442099,22.699555033956162],[114.55888263741255,22.700024358859753],[114.56350152925408,22.700024358859753],[114.56555666393638,22.699345979112856],[114.56789035860213,22.697265527793125],[114.56871649372482,22.6958396261654],[114.56888827132937,22.69420958057993],[114.56837953983269,22.692662351957487],[114.56726774899346,22.69141249753914],[114.56572215888855,22.690650306526855],[114.56395303540893,22.69049182423679],[114.56166226035873,22.69133148347054],[114.5584466257986,22.691411107564598],[114.55682750273024,22.692029856875198],[114.5553616721331,22.69352195164465],[114.55483131246827,22.695900599999998]]]},"properties":{"terminal_id":448,"lat":22.695742027272725,"lon":114.56135657272728,"berth_count":2,"dwell_minutes":32033.86666666667,"center_method":"duration_weighted_berth_medoid"}},{"type":"Feature","geometry":{"type":"Polygon","coordinates":[[[120.59875424627441,32.01872189361702],[120.59951121338996,32.02083764446616],[120.60112850822713,32.02208044830098],[120.603245822695,32.02253010935887],[120.60592405188136,32.02224023176237],[120.60767723552517,32.021137818465284],[120.60862030680467,32.01940863790155],[120.6105621894679,32.01896626883918],[120.61217948430506,32.017723422760966],[120.61291482325245,32.01598089010091],[120.61259455052372,32.01409231659885],[120.61162089914525,32.01285674606717],[120.61016372688138,32.01203115494835],[120.60844487500002,32.01174124413627],[120.6067209481186,32.01203115494835],[120.60526377585474,32.01285674606717],[120.6042091263777,32.01428426336801],[120.60194198688339,32.01444809150744],[120.6000697985498,32.015399570792624],[120.59894765204713,32.01698699608528],[120.59875424627441,32.01872189361702]]]},"properties":{"terminal_id":449,"lat":32.018449972972974,"lon":120.60370912837838,"berth_count":2,"dwell_minutes":9886.7,"center_method":"duration_weighted_berth_medoid"}},{"type":"Feature","geometry":{"type":"Polygon","coordinates":[[[121.3606135,30.979071109596422],[121.3588946481186,30.979364239718123],[121.35743747585477,30.98019899874658],[121.35646382447628,30.981448290277623],[121.35612192357941,30.983082000000007],[121.35646382447628,30.984555593583572],[121.35743747585477,30.985804828077516],[121.3588946481186,30.986639530764354],[121.36067281818184,30.986932637636908],[121.3623916700632,30.986639530764354],[121.36384884232707,30.985804828077516],[121.36482249370553,30.984555593583572],[121.36516439460243,30.98292190909091],[121.36482249370553,30.981448290277623],[121.36384884232707,30.98019899874658],[121.3623916700632,30.979364239718123],[121.3606135,30.979071109596422]]]},"properties":{"terminal_id":450,"lat":30.9830705,"lon":121.36064666666664,"berth_count":1,"dwell_minutes":638.35,"center_method":"duration_weighted_berth_medoid"}},{"type":"Feature","geometry":{"type":"Polygon","coordinates":[[[121.4282824,30.997880159699008],[121.42616508553212,30.998334775683638],[121.42454779069492,30.9995912514035],[121.42381245174755,31.001352836931066],[121.4239842293521,31.003296727178498],[121.42510637585477,31.004901436809913],[121.42656354811862,31.005735972379536],[121.43105433581161,31.005863249802108],[121.43259992591652,31.00515515470481],[121.43371171675575,31.003993987824554],[121.43422044825243,31.00255651364479],[121.43404867064787,31.0006126083063],[121.43322253552518,30.99928777831614],[121.43186781446788,30.998334775683638],[121.4282824,30.997880159699008]]]},"properties":{"terminal_id":451,"lat":31.002073476190475,"lon":121.42959152380952,"berth_count":1,"dwell_minutes":14059.799999999996,"center_method":"duration_weighted_berth_medoid"}},{"type":"Feature","geometry":{"type":"Polygon","coordinates":[[[121.94250867357941,30.11598624999999],[121.94326564069493,30.11814476403668],[121.94488293553214,30.119412688452734],[121.94700025000002,30.119871438659928],[121.95012704174057,30.119412688452734],[121.95215940279643,30.117473065383507],[121.95250034104185,30.114929049730023],[121.95501171446789,30.11447027656713],[121.95685561675576,30.112875242603135],[121.95738597642061,30.111043666666664],[121.95685561675576,30.10892625980936],[121.95574382591656,30.10775431987284],[121.95377066309025,30.106946989028536],[121.95084466519035,30.106891038228042],[121.94916760219878,30.107331136336498],[121.9473236999109,30.10892625980936],[121.94679479874327,30.11106934874858],[121.94488293553214,30.11151940660083],[121.94326564069493,30.112787416062147],[121.94259497796087,30.114188011495287],[121.94250867357941,30.11598624999999]]]},"properties":{"terminal_id":452,"lat":30.115087999999997,"lon":121.94777714285716,"berth_count":2,"dwell_minutes":58539.36666666667,"center_method":"duration_weighted_berth_medoid"}},{"type":"Feature","geometry":{"type":"Polygon","coordinates":[[[121.93737157333334,29.644040625071106],[121.94022099924986,29.64315452288406],[121.94179743418752,29.64077781727628],[121.94365249301725,29.640719887089276],[121.9452626639177,29.640141646744834],[121.94674197866799,29.640651718252716],[121.94939675147633,29.640707931196335],[121.95180592591655,29.639840597830414],[121.95291771675576,29.638663133436413],[121.95342644825244,29.637205484435537],[121.95325467064788,29.635275124465213],[121.95242853552519,29.633931703020586],[121.95026033581162,29.63267244296159],[121.94608508737333,29.632743763174652],[121.94321648140333,29.631491669492664],[121.94089363085503,29.631640982480242],[121.93934804075012,29.63235907476306],[121.93804779114294,29.633882958204698],[121.93770589024606,29.636216430727956],[121.93604131124721,29.63637026013168],[121.93449572114228,29.637088318696968],[121.93338393030308,29.638265801504748],[121.93287519880636,29.639723435157755],[121.93304697641094,29.641270073764968],[121.93387311153363,29.642613397315923],[121.93562629517746,29.643743473433787],[121.93737157333334,29.644040625071106]]]},"properties":{"terminal_id":453,"lat":29.64011901574803,"lon":121.93736566535432,"berth_count":3,"dwell_minutes":62334.83333333333,"center_method":"duration_weighted_berth_medoid"}},{"type":"Feature","geometry":{"type":"Polygon","coordinates":[[[114.5793219235794,22.70783263636364],[114.57985152935291,22.709784512316375],[114.58131545409717,22.7112760746494],[114.58336847247304,22.711955599636354],[114.58655813062683,22.71197887537589],[114.58827855398995,22.71166484268951],[114.58973746365744,22.710767000934055],[114.59071243558033,22.70942222462718],[114.5910548264206,22.70782807692308],[114.59051562523095,22.70585968809124],[114.5890274808522,22.704363879488433],[114.58738814656444,22.7037550784995],[114.58376074816329,22.703466969689256],[114.58205816217892,22.70379620806389],[114.58061887970581,22.704697551000606],[114.57965879544203,22.706035786137555],[114.5793219235794,22.70783263636364]]]},"properties":{"terminal_id":454,"lat":22.707787181818183,"lon":114.58389303030305,"berth_count":2,"dwell_minutes":2674.8166666666666,"center_method":"duration_weighted_berth_medoid"}},{"type":"Feature","geometry":{"type":"Polygon","coordinates":[[[121.6639223831169,29.512144830817288],[121.66220353123553,29.51244237007953],[121.66074635897166,29.51328968541884],[121.65977270759319,29.51455776918682],[121.65943080669629,29.516159272727275],[121.65977270759319,29.517655035426188],[121.66074635897166,29.518923064497717],[121.66220353123553,29.519770325580115],[121.66406061864406,29.52006784242422],[121.66577947052542,29.519770325580115],[121.66723664278926,29.518923064497717],[121.66821029416776,29.517655035426188],[121.66855219506463,29.516053555555565],[121.66821029416776,29.51455776918682],[121.66723664278926,29.51328968541884],[121.66577947052542,29.51244237007953],[121.6639223831169,29.512144830817288]]]},"properties":{"terminal_id":455,"lat":29.51608548701299,"lon":121.66392238311688,"berth_count":1,"dwell_minutes":11926.483333333334,"center_method":"duration_weighted_berth_medoid"}},{"type":"Feature","geometry":{"type":"Polygon","coordinates":[[[109.58908516666665,21.579484306294617],[109.58736631478529,21.579802242406778],[109.58561313114146,21.581011347529888],[109.58467989462753,21.58284617693612],[109.58467989462753,21.584912906929745],[109.58535055736158,21.586418478556837],[109.58696785219877,21.587781494835337],[109.58864491519033,21.58825454057246],[109.5909315964236,21.58819440125813],[109.59255071949195,21.58757078261809],[109.59378994263841,21.586418478556837],[109.59446060537246,21.584912906929745],[109.59446060537246,21.58284617693612],[109.59378994263841,21.581340568173154],[109.59255071949195,21.580188214542048],[109.58908516666665,21.579484306294617]]]},"properties":{"terminal_id":456,"lat":21.583661,"lon":109.58908516666666,"berth_count":1,"dwell_minutes":840.95,"center_method":"duration_weighted_berth_medoid"}},{"type":"Feature","geometry":{"type":"Polygon","coordinates":[[[119.71784117391303,26.775752180034726],[119.71612232203167,26.77605742072824],[119.71436913838785,26.777218244034422],[119.71343590187392,26.778979801127235],[119.7133712256606,26.78106352848805],[119.71410656460799,26.78289820388348],[119.71534578775442,26.784004478223196],[119.71696491082278,26.784603185084922],[119.71886870980961,26.784660921975266],[119.72054577280117,26.784206773155784],[119.72216306763838,26.78289820388348],[119.72283373037244,26.78145277055577],[119.72289840658577,26.779369050339536],[119.72238967508908,26.777871845648384],[119.72127788424984,26.776662398591405],[119.71973229414495,26.775924848042294],[119.71784117391303,26.775752180034726]]]},"properties":{"terminal_id":457,"lat":26.780596454545456,"lon":119.71788615909092,"berth_count":1,"dwell_minutes":3690.833333333333,"center_method":"duration_weighted_berth_medoid"}},{"type":"Feature","geometry":{"type":"Polygon","coordinates":[[[120.66685625874425,27.490991489795917],[120.66719815964112,27.492516244247238],[120.6684984092483,27.494071431872282],[120.6700439993532,27.494804259704306],[120.67183438480964,27.494956635387155],[120.67451495999734,27.493853230053382],[120.67673011309027,27.493939771465005],[120.67834923615861,27.493344851995513],[120.6800035255237,27.491556730701944],[120.68032379825243,27.48961000439357],[120.67981506675575,27.488122280900566],[120.67870327591653,27.486920492437022],[120.67715768581161,27.4861876121326],[120.67534045222739,27.486035224314115],[120.67268351970128,27.48711969849707],[120.67090758368852,27.4869705227929],[120.6688524490062,27.48762285167064],[120.66738661840905,27.48905756165371],[120.66685625874425,27.490991489795917]]]},"properties":{"terminal_id":458,"lat":27.490973313253015,"lon":120.67139185542167,"berth_count":2,"dwell_minutes":10803.916666666668,"center_method":"duration_weighted_berth_medoid"}},{"type":"Feature","geometry":{"type":"Polygon","coordinates":[[[120.12409482357938,31.946105960734105],[120.12304156129422,31.947892634437565],[120.12304156129422,31.94989582203487],[120.12397479780815,31.951570057491473],[120.12572798145199,31.952673307085117],[120.12799095147632,31.952945053457135],[120.1324950858116,31.95226526225811],[120.1343672741452,31.951313128031682],[120.13534092552368,31.950076711833397],[120.13568282642058,31.948345],[120.13515246675574,31.946548387116824],[120.13366483663938,31.945164946796794],[120.13271217838232,31.94337949059788],[120.1309589947385,31.942276129402053],[120.12814614852367,31.94200435147341],[120.12609101384133,31.942628346259877],[120.1246251832442,31.944000737302485],[120.12409482357938,31.946105960734105]]]},"properties":{"terminal_id":459,"lat":31.948618238095236,"lon":120.13104442857144,"berth_count":3,"dwell_minutes":1551.1,"center_method":"duration_weighted_berth_medoid"}},{"type":"Feature","geometry":{"type":"Polygon","coordinates":[[[121.46883572368422,31.427495163135436],[121.46634033752561,31.428141081462275],[121.46468604816053,31.4298611010092],[121.46434414726363,31.43132775],[121.46468604816053,31.435882038265717],[121.46565969953899,31.437125324866876],[121.46753188787261,31.438082749989047],[121.47374560188138,31.4379560532235],[121.47520277414525,31.437125324866876],[121.47632492064788,31.435527935783593],[121.4761764255237,31.4298611010092],[121.47520277414525,31.42861771806196],[121.47374560188138,31.42778690694812],[121.46883572368422,31.427495163135436]]]},"properties":{"terminal_id":460,"lat":31.433826716666665,"lon":121.46976915,"berth_count":1,"dwell_minutes":13061.666666666666,"center_method":"duration_weighted_berth_medoid"}},{"type":"Feature","geometry":{"type":"Polygon","coordinates":[[[124.15419706643654,39.82731088235295],[124.15492204483532,39.8291862722575],[124.15479544224658,39.83235796663905],[124.15602469014048,39.83412398080861],[124.15748186240435,39.83487164572955],[124.15920071428572,39.83513418880484],[124.16132610188137,39.83487164572955],[124.16278327414521,39.83412398080861],[124.16390542064788,39.83268630830967],[124.16409882642058,39.83022941],[124.16330199721756,39.82827178566044],[124.16339591909794,39.82529560393003],[124.16216667120403,39.82352936279329],[124.15943089853515,39.82253559525299],[124.15619325669851,39.823100356550974],[124.15453896733344,39.82464849197853],[124.15419706643654,39.82731088235295]]]},"properties":{"terminal_id":461,"lat":39.83051722368421,"lon":124.1593817368421,"berth_count":2,"dwell_minutes":58488.34999999999,"center_method":"duration_weighted_berth_medoid"}},{"type":"Feature","geometry":{"type":"Polygon","coordinates":[[[119.6035266818182,26.133926999102204],[119.6018078299368,26.134233946011815],[119.60005464629299,26.135401258186157],[119.59912140977906,26.137172662687046],[119.59912140977906,26.139178980610673],[119.59979207251311,26.14063250130364],[119.60140936735031,26.141948392526615],[119.60308643034188,26.142405082563183],[119.60536792975694,26.142347022600333],[119.60698705282529,26.141744965653643],[119.60822627597175,26.14063250130364],[119.60889693870578,26.139178980610673],[119.60889693870578,26.137172662687046],[119.60822627597175,26.13571909892173],[119.60698705282529,26.134606577155946],[119.6035266818182,26.133926999102204]]]},"properties":{"terminal_id":462,"lat":26.138360499999997,"lon":119.60441135,"berth_count":1,"dwell_minutes":7463.45,"center_method":"duration_weighted_berth_medoid"}},{"type":"Feature","geometry":{"type":"Polygon","coordinates":[[[118.9259751735794,24.837503454545455],[118.92631707447627,24.839063307488658],[118.92761732408346,24.840654296153705],[118.93279966283566,24.84303871920965],[118.93461276309029,24.84303871920965],[118.93623188615862,24.842430116670787],[118.93747110930508,24.84130555793834],[118.93814177203913,24.839836235749758],[118.93803467064791,24.837829524216037],[118.93691252414524,24.836130501011596],[118.93139508127207,24.83346513774662],[118.92959048690973,24.83346513774662],[118.92761732408346,24.83431207715905],[118.92631707447627,24.835903126890845],[118.9259751735794,24.837503454545455]]]},"properties":{"terminal_id":463,"lat":24.839041037037035,"lon":118.93367592592593,"berth_count":2,"dwell_minutes":908.25,"center_method":"duration_weighted_berth_medoid"}},{"type":"Feature","geometry":{"type":"Polygon","coordinates":[[[119.87088,26.283955562967225],[119.86916114811862,26.28426211448527],[119.86770397585477,26.285135094911592],[119.8667303244763,26.28644159017511],[119.8663884235794,26.28805425],[119.8667303244763,26.289595325898677],[119.86770397585477,26.290901770924133],[119.86916114811862,26.29177470137986],[119.87097506249997,26.292081232233368],[119.87269391438137,26.29177470137986],[119.8741510866452,26.290901770924133],[119.8751247380237,26.289595325898677],[119.87546663892057,26.287982687499998],[119.8751247380237,26.28644159017511],[119.8741510866452,26.285135094911592],[119.87269391438137,26.28426211448527],[119.87088,26.283955562967225]]]},"properties":{"terminal_id":464,"lat":26.2879826875,"lon":119.8709750625,"berth_count":1,"dwell_minutes":438.0333333333333,"center_method":"duration_weighted_berth_medoid"}},{"type":"Feature","geometry":{"type":"Polygon","coordinates":[[[119.17408060000001,32.232671103567654],[119.17236174811862,32.23296031337426],[119.1706085644748,32.234060170281886],[119.16978242935211,32.235367538825805],[119.16961065174753,32.237028586861165],[119.17011938324423,32.23844711718232],[119.17123117408346,32.23959298098372],[119.17277676418837,32.24029174381486],[119.17488285147627,32.240437036327386],[119.17655991446784,32.2400067416246],[119.17791463552517,32.23906636085211],[119.17874077064786,32.23775904553182],[119.17891254825243,32.236098010851],[119.17840381675575,32.2346794438524],[119.1772920259165,32.233533518079724],[119.1757464358116,32.23283470326946],[119.17408060000001,32.232671103567654]]]},"properties":{"terminal_id":465,"lat":32.2366562,"lon":119.17423386666664,"berth_count":1,"dwell_minutes":705.1,"center_method":"duration_weighted_berth_medoid"}},{"type":"Feature","geometry":{"type":"Polygon","coordinates":[[[118.52405783534408,31.815675910569105],[118.52458819500892,31.817475077811064],[118.52583602393217,31.818711951035993],[118.52636018324424,31.820681104777865],[118.52782601384138,31.822055313906514],[118.52944513690974,31.822625167422117],[118.53120010753467,31.822625167422117],[118.53281923060305,31.822055313906514],[118.53405845374948,31.8210023526538],[118.53479379269687,31.819256089280703],[118.53462201509231,31.8177112936773],[118.53316069086777,31.815860963690216],[118.53264102976388,31.813574654567514],[118.53117519916674,31.812200319232023],[118.52867981300813,31.81155706112393],[118.5264320972968,31.81200775244622],[118.52458819500892,31.813574654567514],[118.52405783534408,31.815675910569105]]]},"properties":{"terminal_id":466,"lat":31.8153738627451,"lon":118.52854941176471,"berth_count":2,"dwell_minutes":10568.066666666666,"center_method":"duration_weighted_berth_medoid"}},{"type":"Feature","geometry":{"type":"Polygon","coordinates":[[[113.38402612499998,22.218734164940884],[113.38230727311861,22.219050678310516],[113.38055408947478,22.220254372591675],[113.37962085296085,22.222080990449705],[113.37955617674753,22.22396404687437],[113.38006490824422,22.225516516407115],[113.38117669908345,22.226770579092967],[113.38272228918837,22.227535325286905],[113.38491085147633,22.22769433781758],[113.3865879144679,22.22722341046409],[113.38820520930507,22.225866497774792],[113.38887587203914,22.22436766768218],[113.38894054825246,22.22248461667725],[113.38843181675577,22.220932113579714],[113.38732002591654,22.219677998682158],[113.38577443581163,22.218913209638856],[113.38402612499998,22.218734164940884]]]},"properties":{"terminal_id":467,"lat":22.222920625,"lon":113.384306625,"berth_count":1,"dwell_minutes":2728.5499999999997,"center_method":"duration_weighted_berth_medoid"}},{"type":"Feature","geometry":{"type":"Polygon","coordinates":[[[121.85160900000001,31.664653806916537],[121.84989014811863,31.664944810319906],[121.8481369644748,31.66605148835992],[121.84720372796086,31.66773087607961],[121.84720372796086,31.669245384414815],[121.84787439069493,31.670623398572957],[121.84949168553213,31.671870929909495],[121.85316166309025,31.672248850819628],[121.85478078615861,31.671678071136295],[121.85602000930504,31.670623398572957],[121.85669067203911,31.669245384414815],[121.85669067203911,31.66773087607961],[121.85602000930504,31.666352819007415],[121.85478078615861,31.665298085975206],[121.85160900000001,31.664653806916537]]]},"properties":{"terminal_id":468,"lat":31.6684833,"lon":121.8519988,"berth_count":1,"dwell_minutes":821.4666666666667,"center_method":"duration_weighted_berth_medoid"}},{"type":"Feature","geometry":{"type":"Polygon","coordinates":[[[120.87189337500001,36.37070247962214],[120.86977606053213,36.37112952252998],[120.8684213394748,36.37202472325813],[120.86759520435211,36.37326919686842],[120.86740179857941,36.37480175000001],[120.8677436994763,36.376185679360574],[120.86871735085478,36.3773588987359],[120.87017452311864,36.378142808997346],[120.87206325,36.378418079800056],[120.87418056446788,36.37799107690421],[120.87553528552517,36.37709594483731],[120.87636142064787,36.37585153244863],[120.8765548264206,36.374319],[120.8762129255237,36.37293503742788],[120.8752392741452,36.371761751326915],[120.87378210188136,36.37097777675593],[120.87189337500001,36.37070247962214]]]},"properties":{"terminal_id":469,"lat":36.37479177777778,"lon":120.87205381481482,"berth_count":1,"dwell_minutes":2940.8166666666666,"center_method":"duration_weighted_berth_medoid"}},{"type":"Feature","geometry":{"type":"Polygon","coordinates":[[[118.8837598508772,24.858540589666465],[118.88204099899582,24.858850812522682],[118.88058382673196,24.859734248210014],[118.87961017535349,24.86105639135978],[118.87926827445659,24.86263574],[118.87961017535349,24.86419527608818],[118.88058382673196,24.86551737153677],[118.88204099899582,24.86640075959315],[118.88384541666666,24.8667109627289],[118.88556426854802,24.86640075959315],[118.88702144081189,24.86551737153677],[118.88799509219035,24.86419527608818],[118.88833699308725,24.862615947368415],[118.88799509219035,24.86105639135978],[118.88702144081189,24.859734248210014],[118.88556426854802,24.858850812522682],[118.8837598508772,24.858540589666465]]]},"properties":{"terminal_id":470,"lat":24.86261594736842,"lon":118.88375985087718,"berth_count":1,"dwell_minutes":5573.083333333333,"center_method":"duration_weighted_berth_medoid"}},{"type":"Feature","geometry":{"type":"Polygon","coordinates":[[[120.63015585215084,32.022995571428574],[120.63049775304772,32.02445286321625],[120.63212410085475,32.02698310539165],[120.63358127311862,32.02780856179173],[120.63571479166666,32.028098421767794],[120.63783210613452,32.02764878804285],[120.64082645566396,32.025556415548614],[120.64179812236979,32.02432072849425],[120.642138393309,32.022863882768526],[120.64160692971257,32.0210698665396],[120.64014114142557,32.01969977780368],[120.63637253138293,32.01861380581644],[120.63464742857143,32.01854063038252],[120.63292857669006,32.01883051968453],[120.63117539304622,32.01993296074446],[120.63034925792353,32.02124340109954],[120.63015585215084,32.022995571428574]]]},"properties":{"terminal_id":471,"lat":32.0242904375,"lon":120.635300125,"berth_count":3,"dwell_minutes":71795.06666666667,"center_method":"duration_weighted_berth_medoid"}},{"type":"Feature","geometry":{"type":"Polygon","coordinates":[[[113.09975409090907,22.140506592112775],[113.09803523902771,22.140823281708414],[113.09628205538388,22.142027646195523],[113.09545592026119,22.14345924548234],[113.09528414265664,22.145630592329596],[113.09579287415332,22.147183927651966],[113.09690466499255,22.148438689752325],[113.09845025509746,22.14920386247812],[113.10047770602178,22.149362963698692],[113.10215476901334,22.148891773685307],[113.10377206385051,22.1475341042071],[113.10444272658458,22.146034438225307],[113.1045074027979,22.144259132151888],[113.10399867130121,22.142705764558738],[113.102886880462,22.141450951361982],[113.09975409090907,22.140506592112775]]]},"properties":{"terminal_id":472,"lat":22.145222818181814,"lon":113.09975409090907,"berth_count":1,"dwell_minutes":589.7166666666667,"center_method":"duration_weighted_berth_medoid"}},{"type":"Feature","geometry":{"type":"Polygon","coordinates":[[[120.62700057509456,32.01272533333334],[120.62901712170577,32.01713612690286],[120.63086102399365,32.01869953908125],[120.6325380869852,32.019130878835604],[120.63475892883487,32.018985233451495],[120.63630451893978,32.01828477355671],[120.63741630977901,32.01713612690286],[120.63794666944383,32.01534086046512],[120.63760476854694,32.01319462924545],[120.6350605182838,32.01021037948076],[120.63370579722648,32.0092676275338],[120.63149215151516,32.00881790139203],[120.62899676535652,32.00945978192342],[120.62753093475938,32.01083117395244],[120.62700057509456,32.01272533333334]]]},"properties":{"terminal_id":473,"lat":32.0151974251497,"lon":120.63335938922155,"berth_count":2,"dwell_minutes":16438.033333333333,"center_method":"duration_weighted_berth_medoid"}},{"type":"Feature","geometry":{"type":"Polygon","coordinates":[[[118.03403916432015,38.096659370370375],[118.03479613143568,38.09862314051794],[118.03681188885939,38.09992497168871],[118.04060463809024,38.10012610946789],[118.04290439914523,38.09915876651609],[118.04419832325244,38.09700583469231],[118.04392462252137,38.093543944354586],[118.04651458381129,38.092751588436876],[118.04807042993386,38.09070865303853],[118.04807042993386,38.08859838619022],[118.04684118203997,38.08678831891914],[118.04538400977611,38.0860219760223],[118.04366515789475,38.08575287027763],[118.04177030196475,38.0860219760223],[118.0403131297009,38.08678831891914],[118.039083881807,38.08859838619022],[118.03928834548984,38.09125932531492],[118.03681188885939,38.09152841078979],[118.03505870521555,38.092551734194224],[118.03412546870162,38.0941046268891],[118.03403916432015,38.096659370370375]]]},"properties":{"terminal_id":474,"lat":38.095907905660376,"lon":118.03897337735847,"berth_count":2,"dwell_minutes":12100.816666666668,"center_method":"duration_weighted_berth_medoid"}},{"type":"Feature","geometry":{"type":"Polygon","coordinates":[[[118.0329006235794,38.06586278571428],[118.03365759069493,38.06782738313809],[118.03608836418836,38.06924666802123],[118.03957496897263,38.06933098526729],[118.04187473002759,38.06836323478535],[118.04310397792148,38.06655266659763],[118.04319028230296,38.0624034431654],[118.04453228818433,38.061202377893096],[118.04504101968101,38.05988192596348],[118.04486924207644,38.058467390231144],[118.04374709557378,38.05699324781624],[118.04228992330994,38.0562265926982],[118.04057107142854,38.055957377316524],[118.03876198145194,38.0562265926982],[118.03730480918811,38.05699324781624],[118.03608143663104,38.058785584077285],[118.03421617585477,38.05966718129572],[118.03324252447628,38.060814504836976],[118.0329006235794,38.06586278571428]]]},"properties":{"terminal_id":475,"lat":38.06484218181818,"lon":118.037997,"berth_count":2,"dwell_minutes":7274.983333333334,"center_method":"duration_weighted_berth_medoid"}},{"type":"Feature","geometry":{"type":"Polygon","coordinates":[[[118.0729314235794,38.18064083333333],[118.07327332447628,38.18199195147941],[118.07453959024603,38.183345819756696],[118.07488149114293,38.1849793960769],[118.07580265349883,38.18607923235057],[118.07628872796086,38.1905608765759],[118.0772219644748,38.19211168467652],[118.07857668553213,38.19298548257977],[118.08025374852369,38.193385310148514],[118.08348776309023,38.19333447926554],[118.08546092591651,38.192601018090116],[118.08690967064787,38.19089693032714],[118.08708144825243,38.18772071782438],[118.08608353552518,38.18582710761831],[118.08422234823904,38.18477471621317],[118.0843847720391,38.18177539535566],[118.08348482642056,38.18025965197117],[118.08329142064787,38.17738906073227],[118.08246528552517,38.17617406086501],[118.07986951309023,38.174950978205935],[118.07698274852368,38.17490013445908],[118.07530568553211,38.17530006129696],[118.07395096447479,38.17617406086501],[118.0731248293521,38.17738906073227],[118.0729314235794,38.18064083333333]]]},"properties":{"terminal_id":476,"lat":38.182464181818176,"lon":118.07916472727274,"berth_count":4,"dwell_minutes":2488.4333333333334,"center_method":"duration_weighted_berth_medoid"}},{"type":"Feature","geometry":{"type":"Polygon","coordinates":[[[118.04489142857143,38.068873001547054],[118.04239604241282,38.069468936713115],[118.04059325792353,38.07138257143766],[118.0404861565323,38.08042244238312],[118.04115681926636,38.081696917220015],[118.04277411410355,38.082850710423166],[118.04445117709513,38.08325114189582],[118.04783144490844,38.08320023423703],[118.0501312059634,38.082232667260485],[118.05136045385731,38.08042244238312],[118.05136045385731,38.07171917434367],[118.05068979112325,38.07044452561768],[118.04907249628604,38.069290536673535],[118.04489142857143,38.068873001547054]]]},"properties":{"terminal_id":477,"lat":38.07543775,"lon":118.0461615,"berth_count":1,"dwell_minutes":32434.999999999996,"center_method":"duration_weighted_berth_medoid"}},{"type":"Feature","geometry":{"type":"Polygon","coordinates":[[[121.7432736198583,39.381591211964405],[121.73988868553212,39.38200114561743],[121.7385339644748,39.382860480077355],[121.7377078293521,39.38405509263253],[121.7377078293521,39.38759830408903],[121.73882997585477,39.389045249050724],[121.74028714811864,39.38979773624928],[121.742006,39.39006197268898],[121.74756101854804,39.38979773624928],[121.7490181908119,39.389045249050724],[121.75009951063934,39.38768649085956],[121.75301924330148,39.387101451258054],[121.75467353266656,39.385543502434686],[121.75501543356346,39.383549999999985],[121.75448507389862,39.381913475056805],[121.7533732830594,39.3808663573722],[121.74980625188137,39.37916792264558],[121.74764425000001,39.37890364495683],[121.74552693553213,39.37931359439378],[121.7441722144748,39.38017296194161],[121.7432736198583,39.381591211964405]]]},"properties":{"terminal_id":478,"lat":39.38410135135135,"lon":121.75049435135136,"berth_count":3,"dwell_minutes":23560.933333333334,"center_method":"duration_weighted_berth_medoid"}},{"type":"Feature","geometry":{"type":"Polygon","coordinates":[[[118.03063783098679,38.03038453333333],[118.03139479810231,38.032350083091586],[118.03394151431633,38.03496149937897],[118.03539868658017,38.03572837720384],[118.03711753846156,38.035997666979696],[118.03911885188135,38.03572837720384],[118.0405760241452,38.03496149937897],[118.04154967552368,38.03381377060611],[118.04189157642055,38.0324599090909],[118.04154967552368,38.030276898136954],[118.04031901443453,38.02894560942145],[118.03957344930505,38.02716279237006],[118.03755769188135,38.0258596659605],[118.03468915593108,38.02560737619179],[118.03227998149084,38.02639346327139],[118.03083123675948,38.02810139295779],[118.03063783098679,38.03038453333333]]]},"properties":{"terminal_id":479,"lat":38.02929429069767,"lon":118.0351703255814,"berth_count":2,"dwell_minutes":11538.283333333333,"center_method":"duration_weighted_berth_medoid"}},{"type":"Feature","geometry":{"type":"Polygon","coordinates":[[[121.10847300000002,37.71092001779235],[121.10597761384138,37.711518857331924],[121.10432332447631,37.71311350702882],[121.10417482935212,37.71844725099022],[121.10529697585478,37.71992818696258],[121.10675414811863,37.72069835170349],[121.11221883581162,37.720815811634424],[121.11409102414524,37.71992818696258],[121.1152131706479,37.71844725099022],[121.1152131706479,37.713441818687095],[121.11409102414524,37.711960753055095],[121.11263385188137,37.711190497480445],[121.10847300000002,37.71092001779235]]]},"properties":{"terminal_id":480,"lat":37.71563122580645,"lon":121.10949064516127,"berth_count":1,"dwell_minutes":8272.3,"center_method":"duration_weighted_berth_medoid"}},{"type":"Feature","geometry":{"type":"Polygon","coordinates":[[[121.5677229252535,39.268855924403084],[121.56733732567467,39.27015241545907],[121.56765049869928,39.273165783984695],[121.56845464305863,39.27440767866801],[121.56982262883352,39.275306745348765],[121.57313173690974,39.27632487894711],[121.57743583202158,39.27677585870855],[121.57899045384139,39.27817311139767],[121.58104558852368,39.27874232131702],[121.58379669803523,39.2784944057174],[121.58603906290962,39.27692118229411],[121.58656942257447,39.27506185714285],[121.58581245545894,39.273130112618205],[121.58379669803523,39.27184945404417],[121.58148114941264,39.27158494890873],[121.58021104652587,39.26959758662244],[121.57890671980809,39.268633429714974],[121.57589939387276,39.26812050588693],[121.57420015002003,39.26684456749769],[121.57210931554613,39.26641737698095],[121.56926799003547,39.26715965424927],[121.5677229252535,39.268855924403084]]]},"properties":{"terminal_id":481,"lat":39.271879642857144,"lon":121.57631335714288,"berth_count":6,"dwell_minutes":3755.900000000001,"center_method":"duration_weighted_berth_medoid"}},{"type":"Feature","geometry":{"type":"Polygon","coordinates":[[[118.0145431735794,38.01563726086955],[118.01507353324423,38.017305352627595],[118.01764245932459,38.01984453427661],[118.01860560733195,38.0215578238569],[118.02146273815237,38.0228140173643],[118.02313128050805,38.02443332392082],[118.02859425925925,38.02586928828637],[118.03071157372713,38.02545150544476],[118.03232886856432,38.02429680706844],[118.03308583567986,38.02233104123712],[118.03232886856432,38.02034649574463],[118.03006122414521,38.01806991833659],[118.02794563916748,38.01713783547463],[118.02679609557377,38.015576690359175],[118.02184188615863,38.01247884760351],[118.01934650000001,38.011882448465435],[118.01691743553212,38.012300308667925],[118.01507353324423,38.013753065359836],[118.0145431735794,38.01563726086955]]]},"properties":{"terminal_id":482,"lat":38.02231231481482,"lon":118.02859425925926,"berth_count":5,"dwell_minutes":47516.28333333334,"center_method":"duration_weighted_berth_medoid"}},{"type":"Feature","geometry":{"type":"Polygon","coordinates":[[[121.38627537117733,37.58677978696454],[121.39013756308435,37.58684354278064],[121.39168315318928,37.58618888587281],[121.39279494402848,37.58511534745368],[121.39330367552517,37.58305847835777],[121.3921688654166,37.581029555157876],[121.39381300977611,37.58076150964004],[121.39527018203994,37.57998989230825],[121.39656410614718,37.57782175355908],[121.39605537465049,37.57573011434271],[121.39421147236258,37.57426871888955],[121.39182688311686,37.57384837395021],[121.38933149695823,37.574448319484674],[121.38809227381181,37.5754304737687],[121.38735693486441,37.57705925543936],[121.38752871246898,37.57850616324619],[121.38848841854728,37.57984785557065],[121.38353764037886,37.57990641232931],[121.38199205027392,37.58056112448645],[121.38088025943472,37.581634728581754],[121.38037152793802,37.58370797910784],[121.38136944066527,37.58561713648549],[121.38353764037886,37.58676517493794],[121.38627537117733,37.58677978696454]]]},"properties":{"terminal_id":483,"lat":37.57740816883117,"lon":121.39182688311688,"berth_count":3,"dwell_minutes":4721.533333333334,"center_method":"duration_weighted_berth_medoid"}},{"type":"Feature","geometry":{"type":"Polygon","coordinates":[[[122.63121075691274,37.42036720833333],[122.63155265780964,37.421732305757594],[122.6325263091881,37.422889559982565],[122.63506801868799,37.42389428995241],[122.63622595861337,37.42549457424078],[122.63809814694699,37.42638571516529],[122.64215411275094,37.42626778992235],[122.64361128501479,37.42549457424078],[122.64473343151745,37.42400777181972],[122.64484053290869,37.42159017458072],[122.64390729639476,37.42002310049712],[122.64215411275094,37.41899043213155],[122.6401556586412,37.418718889411664],[122.63894492591656,37.41747679169753],[122.63739933581164,37.41682064808885],[122.63526208185702,37.41668421595971],[122.63320694717471,37.41726824761327],[122.63174111657757,37.41855274314886],[122.63121075691274,37.42036720833333]]]},"properties":{"terminal_id":484,"lat":37.42031333519553,"lon":122.63597341340784,"berth_count":2,"dwell_minutes":14771.733333333334,"center_method":"duration_weighted_berth_medoid"}},{"type":"Feature","geometry":{"type":"Polygon","coordinates":[[[121.46614675,31.115285231727153],[121.46442789811861,31.115577942635852],[121.4626747144748,31.116691114402794],[121.46184857935211,31.11801431048569],[121.46165517357939,31.119566499999994],[121.46199707447629,31.121037981597272],[121.46297072585476,31.12228542559068],[121.46442789811861,31.12311893188028],[121.46631291666667,31.12341161862962],[121.46803176854804,31.12311893188028],[121.46978495219186,31.122005835502957],[121.47061108731455,31.120682695068748],[121.47080449308727,31.11913052380953],[121.47046259219037,31.117659012637887],[121.4694889408119,31.116411507834215],[121.46803176854804,31.115577942635852],[121.46614675,31.115285231727153]]]},"properties":{"terminal_id":485,"lat":31.119130523809524,"lon":121.4662780952381,"berth_count":1,"dwell_minutes":1089.0,"center_method":"duration_weighted_berth_medoid"}},{"type":"Feature","geometry":{"type":"Polygon","coordinates":[[[121.17247510526313,31.69153540078617],[121.17035779079526,31.691986676750968],[121.16874049595809,31.69323392104015],[121.1680051570107,31.69498256349813],[121.16817693461526,31.696806029483103],[121.16929908111791,31.69839894928061],[121.17075625338177,31.699227353287963],[121.17535250247829,31.699353695555534],[121.17689809258319,31.698650803055763],[121.17800988342243,31.69749816740727],[121.17851861491911,31.696071254131777],[121.17834683731455,31.694247773706508],[121.17752070219186,31.692932677624793],[121.17616598113453,31.691986676750968],[121.17247510526313,31.69153540078617]]]},"properties":{"terminal_id":486,"lat":31.695559,"lon":121.17375127586207,"berth_count":1,"dwell_minutes":1511.25,"center_method":"duration_weighted_berth_medoid"}},{"type":"Feature","geometry":{"type":"Polygon","coordinates":[[[119.63224753469052,25.345696416666666],[119.63258943558739,25.34724980433485],[119.63388968519457,25.348834198288003],[119.63543527529949,25.34958078914517],[119.6372592514763,25.349736026596467],[119.63923732877048,25.349113230110145],[119.64210956309024,25.349106305098935],[119.64372868615861,25.348500214974802],[119.6453829755237,25.346678520004915],[119.64570324825245,25.344249247399215],[119.64496790930507,25.342391900581127],[119.64372868615861,25.341271927515287],[119.64210956309024,25.34066579813589],[119.63962168185702,25.34060734511812],[119.63388968519457,25.342554247980114],[119.63258943558739,25.344138703438585],[119.63224753469052,25.345696416666666]]]},"properties":{"terminal_id":487,"lat":25.345006,"lon":119.64098595,"berth_count":2,"dwell_minutes":17889.866666666665,"center_method":"duration_weighted_berth_medoid"}},{"type":"Feature","geometry":{"type":"Polygon","coordinates":[[[121.96757905994303,30.115695034482755],[121.96833602705857,30.117853554883386],[121.97035178448228,30.119284496722578],[121.97255068004773,30.119561526663386],[121.97495985448796,30.118698348193025],[121.97640859921931,30.116822864286778],[121.97644812920018,30.114672918522974],[121.97800489129442,30.113628528281378],[121.97883102641711,30.112291534171447],[121.97893812780835,30.11033402656717],[121.97800489129442,30.10862710570847],[121.97665017023711,30.10766531756929],[121.97497310724555,30.10722522094925],[121.9730987096429,30.107373823611304],[121.971553119538,30.108088499674416],[121.97010437480664,30.10996414940916],[121.970074432747,30.112188130756838],[121.96833602705857,30.113505681757157],[121.96757905994303,30.115695034482755]]]},"properties":{"terminal_id":488,"lat":30.111146020202018,"lon":121.97442830303032,"berth_count":2,"dwell_minutes":14882.633333333337,"center_method":"duration_weighted_berth_medoid"}},{"type":"Feature","geometry":{"type":"Polygon","coordinates":[[[121.9822003610794,29.930851956521742],[121.98295732819493,29.933014505047765],[121.98457462303213,29.934284799470504],[121.98669193750001,29.93474440719685],[121.98922573649676,29.93444811738577],[121.99097892014059,29.933321318746497],[121.99194446295182,29.931422605053395],[121.99350210838084,29.930854736957542],[121.9947413315273,29.92978078546368],[121.99547667047466,29.927999712678705],[121.99515639774592,29.926103344555393],[121.99418274636746,29.924840449708842],[121.99272557410359,29.92399660142054],[121.99100672222222,29.923700279610376],[121.98927092339953,29.92399660142054],[121.98691840416613,29.925959857979855],[121.98497308561863,29.92625617306353],[121.9832199019748,29.927383051700424],[121.98239376685211,29.928722541350304],[121.9822003610794,29.930851956521742]]]},"properties":{"terminal_id":489,"lat":29.93079119230769,"lon":121.98673326923075,"berth_count":2,"dwell_minutes":76034.81666666667,"center_method":"duration_weighted_berth_medoid"}},{"type":"Feature","geometry":{"type":"Polygon","coordinates":[[[122.07855264705883,30.152907264444867],[122.07643533259095,30.15336585899205],[122.07481803775376,30.15463333101403],[122.07408269880638,30.15641033410787],[122.07425447641093,30.15829835593542],[122.0753766229136,30.159917112854416],[122.07683379517746,30.160758954036762],[122.08115663581161,30.160887345675324],[122.08270222591652,30.1601730518034],[122.08381401675575,30.1590017201707],[122.08432274825243,30.157551662955846],[122.08415097064787,30.155663626832276],[122.08332483552518,30.15432720198268],[122.08197011446788,30.15336585899205],[122.07855264705883,30.152907264444867]]]},"properties":{"terminal_id":490,"lat":30.15697384375,"lon":122.0797638125,"berth_count":1,"dwell_minutes":44589.3,"center_method":"duration_weighted_berth_medoid"}},{"type":"Feature","geometry":{"type":"Polygon","coordinates":[[[121.80484059090908,29.958340265004875],[121.80312173902772,29.958636483645527],[121.80166456676388,29.959480038128532],[121.80069091538537,29.960742493255015],[121.8003490144885,29.962326681818183],[121.80069091538537,29.96381580482791],[121.80166456676388,29.965078204883028],[121.80312173902772,29.96592170469525],[121.80491517948717,29.96621790074139],[121.80663403136855,29.96592170469525],[121.8080912036324,29.965078204883028],[121.80906485501087,29.96381580482791],[121.80940675590777,29.96223163999999],[121.80906485501087,29.960742493255015],[121.8080912036324,29.959480038128532],[121.80663403136855,29.958636483645527],[121.80484059090908,29.958340265004875]]]},"properties":{"terminal_id":491,"lat":29.962254425531913,"lon":121.80487465957448,"berth_count":1,"dwell_minutes":13433.533333333336,"center_method":"duration_weighted_berth_medoid"}},{"type":"Feature","geometry":{"type":"Polygon","coordinates":[[[117.7600786,38.95376365911768],[117.75796128553212,38.95417609399641],[117.75634399069492,38.95531598657035],[117.75567332796085,38.95657506461596],[117.75567332796085,38.958403807766004],[117.75634399069492,38.959662830948666],[117.75796128553212,38.960802635266376],[117.75963834852368,38.961198211723186],[117.76210178581752,38.961147921294675],[117.7637209088859,38.960626430461446],[117.76496013203233,38.959662830948666],[117.7656307947664,38.958403807766004],[117.7656307947664,38.95657506461596],[117.76496013203233,38.95531598657035],[117.7637209088859,38.95435231484143],[117.76210178581752,38.95383077399498],[117.7600786,38.95376365911768]]]},"properties":{"terminal_id":492,"lat":38.95770121428571,"lon":117.7601954047619,"berth_count":1,"dwell_minutes":30864.883333333328,"center_method":"duration_weighted_berth_medoid"}},{"type":"Feature","geometry":{"type":"Polygon","coordinates":[[[121.56438697619048,31.376013017568837],[121.56266812430908,31.37630492144892],[121.56091494066527,31.377415024045728],[121.55998170415134,31.379099608748753],[121.55998170415134,31.381050469942334],[121.5606523668854,31.382432742480454],[121.56226966172261,31.38368412911954],[121.56394672471417,31.384118431750718],[121.5662096020733,31.384063217962858],[121.56782872514167,31.383490674337175],[121.5690679482881,31.382432742480454],[121.56973861102216,31.381050469942334],[121.56973861102216,31.379099608748753],[121.5690679482881,31.37771728716375],[121.56782872514167,31.376659290285343],[121.56438697619048,31.376013017568837]]]},"properties":{"terminal_id":493,"lat":31.380274055555553,"lon":121.564586,"berth_count":1,"dwell_minutes":8520.766666666666,"center_method":"duration_weighted_berth_medoid"}},{"type":"Feature","geometry":{"type":"Polygon","coordinates":[[[122.06228366666669,29.751538627551778],[122.0601663521988,29.75199907705905],[122.05854905736162,29.75327167598827],[122.05787839462755,29.75467734098037],[122.05781371841422,29.7568288181457],[122.05854905736162,29.758612946202323],[122.05978828050804,29.759688740044414],[122.06140740357641,29.76027095065979],[122.06332689433347,29.760327096701772],[122.06500395732503,29.759885461153836],[122.0666212521622,29.758612946202323],[122.06729191489626,29.75720733640803],[122.06735659110959,29.75505586736841],[122.0668478596129,29.753599906131456],[122.06573606877367,29.752423774254233],[122.06419047866876,29.751706539496446],[122.06228366666669,29.751538627551778]]]},"properties":{"terminal_id":494,"lat":29.756282893617023,"lon":122.06266208510638,"berth_count":1,"dwell_minutes":13531.516666666665,"center_method":"duration_weighted_berth_medoid"}},{"type":"Feature","geometry":{"type":"Polygon","coordinates":[[[121.96226112054909,29.953967399999996],[121.96301808766461,29.95612944602158],[121.96503384508829,29.957562725217564],[121.96760613099434,29.957840207681674],[121.97001530543457,29.95697561923767],[121.97146405016593,29.955097071916995],[121.97165247449364,29.952946254876334],[121.97374597784894,29.951925949625743],[121.97486812435157,29.950303788876887],[121.97497522574282,29.94773913563537],[121.97404198922888,29.946029412631855],[121.97268726817158,29.945066045649185],[121.97101020518002,29.94462522659463],[121.96860885168836,29.944774073192246],[121.96706326158346,29.945489922432103],[121.96576301197628,29.94700904568823],[121.96542916221182,29.949316063228867],[121.96390327105314,29.950025772614897],[121.9627914802139,29.951199578895043],[121.96226112054909,29.953967399999996]]]},"properties":{"terminal_id":495,"lat":29.953854222222223,"lon":121.96675269696968,"berth_count":2,"dwell_minutes":10612.583333333332,"center_method":"duration_weighted_berth_medoid"}},{"type":"Feature","geometry":{"type":"Polygon","coordinates":[[[121.96136736111113,40.19783813473047],[121.95964850922977,40.198099285101335],[121.9581913369659,40.19884297292669],[121.95721768558742,40.19995596517281],[121.95687578469052,40.20130819512195],[121.95721768558742,40.20262100932035],[121.9581913369659,40.20373393954671],[121.95964850922977,40.20447756556685],[121.96150207317073,40.20473869036441],[121.9632209250521,40.20447756556685],[121.96467809731597,40.20373393954671],[121.96565174869443,40.20262100932035],[121.96599364959133,40.20126880555555],[121.96565174869443,40.19995596517281],[121.96467809731597,40.19884297292669],[121.9632209250521,40.198099285101335],[121.96136736111113,40.19783813473047]]]},"properties":{"terminal_id":496,"lat":40.201308195121946,"lon":121.96150207317072,"berth_count":1,"dwell_minutes":2243.516666666667,"center_method":"duration_weighted_berth_medoid"}},{"type":"Feature","geometry":{"type":"Polygon","coordinates":[[[120.5255725974026,32.06562991708051],[120.52385374552124,32.06591965730212],[120.52239657325737,32.06674476261577],[120.5214229218789,32.067979606075944],[120.521081020982,32.069499578947365],[120.5214229218789,32.07095613047935],[120.52239657325737,32.07219091707259],[120.52385374552124,32.073015965803386],[120.52570290909091,32.07330568262367],[120.52742176097227,32.073015965803386],[120.52887893323614,32.07219091707259],[120.52985258461462,32.07095613047935],[120.5301944855115,32.06943618181818],[120.52985258461462,32.067979606075944],[120.52887893323614,32.06674476261577],[120.52742176097227,32.06591965730212],[120.5255725974026,32.06562991708051]]]},"properties":{"terminal_id":497,"lat":32.069454391025644,"lon":120.52568014743588,"berth_count":1,"dwell_minutes":10951.566666666666,"center_method":"duration_weighted_berth_medoid"}},{"type":"Feature","geometry":{"type":"Polygon","coordinates":[[[119.76681351448846,35.572998380952384],[119.76715541538536,35.57439643991239],[119.76812906676382,35.575581637958834],[119.77332410310693,35.57816348726994],[119.77574951678244,35.57821608987608],[119.777426579774,35.577802326275766],[119.77904387461118,35.576610118933225],[119.77971453734524,35.57529321324952],[119.77971453734524,35.5732012156552],[119.77878130083131,35.5715962823163],[119.7734216202331,35.568822224873934],[119.77042882781882,35.568822224873934],[119.76845566499254,35.5695813321019],[119.76715541538536,35.57100737599055],[119.76681351448846,35.572998380952384]]]},"properties":{"terminal_id":498,"lat":35.57396969444445,"lon":119.77430038888888,"berth_count":2,"dwell_minutes":19603.716666666667,"center_method":"duration_weighted_berth_medoid"}},{"type":"Feature","geometry":{"type":"Polygon","coordinates":[[[121.28516717475729,30.679245429312527],[121.28344832287593,30.67953947633851],[121.28169513923208,30.68065772942849],[121.28076190271818,30.682354683039495],[121.28076190271818,30.684348922585357],[121.28143256545222,30.685741344946745],[121.28304986028941,30.687001920686843],[121.28472692328097,30.687439412539412],[121.28709510924412,30.687383793297016],[121.28871423231249,30.686807045317945],[121.28995345545893,30.685741344946745],[121.29062411819298,30.684348922585357],[121.29062411819298,30.682354683039495],[121.28995345545893,30.680962211840786],[121.28871423231249,30.67989644696047],[121.28709510924412,30.679319654258443],[121.28516717475729,30.679245429312527]]]},"properties":{"terminal_id":499,"lat":30.683163993006993,"lon":121.2853851888112,"berth_count":1,"dwell_minutes":45626.75000000001,"center_method":"duration_weighted_berth_medoid"}},{"type":"Feature","geometry":{"type":"Polygon","coordinates":[[[110.40801512345678,21.15657699130568],[110.40629627157541,21.156895846918022],[110.40454308793159,21.158108449002654],[110.40371695280889,21.159549840696158],[110.40354517520433,21.161315523230257],[110.40405390670101,21.162879489823386],[110.40516569754024,21.16414284024619],[110.40671128764515,21.16491325049378],[110.40869222369854,21.165073440766697],[110.4103692866901,21.16459902546664],[110.41172400774741,21.163562224558703],[110.4125501428701,21.16212087193742],[110.41272192047467,21.16035519901027],[110.41221318897799,21.158791205744855],[110.41110139813875,21.157527809644023],[110.40801512345678,21.15657699130568]]]},"properties":{"terminal_id":500,"lat":21.16084528358209,"lon":110.40823056716418,"berth_count":1,"dwell_minutes":20501.166666666668,"center_method":"duration_weighted_berth_medoid"}},{"type":"Feature","geometry":{"type":"Polygon","coordinates":[[[119.12435225531915,32.25573699906788],[119.12639051228354,32.2553201074878],[119.12838234188516,32.25586108136089],[119.1333875569549,32.25578079812208],[119.13554016739218,32.25526410973613],[119.13893009131799,32.25520852384272],[119.14038726358186,32.25438512328349],[119.14136091496032,32.25315280331072],[119.14170281585722,32.25169916129032],[119.14136091496032,32.250063247283514],[119.13970662559524,32.2483584503337],[119.13765149091293,32.24773654035623],[119.13487768569539,32.24820751324077],[119.12843355919169,32.24811184085801],[119.1266627126261,32.248484817261534],[119.12479250679547,32.24795665254482],[119.12241130653449,32.248227521792856],[119.12016894166011,32.24994636336358],[119.11972488637672,32.25267956970462],[119.12128073249932,32.25487479535219],[119.12435225531915,32.25573699906788]]]},"properties":{"terminal_id":501,"lat":32.25203740740741,"lon":119.13090355555556,"berth_count":5,"dwell_minutes":85724.84999999999,"center_method":"duration_weighted_berth_medoid"}},{"type":"Feature","geometry":{"type":"Polygon","coordinates":[[[121.57957664583336,37.4384147408785],[121.57745933136547,37.43883584909599],[121.57584203652829,37.43999971357133],[121.57510669758089,37.4416314529923],[121.57542697030965,37.443725138255544],[121.57640062168812,37.44488205250035],[121.57827281002174,37.445772962613994],[121.58323824171188,37.44565506791468],[121.58469541397571,37.44488205250035],[121.58566906535421,37.443725138255544],[121.58601096625108,37.44236044186047],[121.58566906535421,37.44061627179403],[121.58469541397571,37.43945929159154],[121.58323824171188,37.43868621216628],[121.57957664583336,37.4384147408785]]]},"properties":{"terminal_id":502,"lat":37.442276820512824,"lon":121.58117517948718,"berth_count":1,"dwell_minutes":69071.59999999999,"center_method":"duration_weighted_berth_medoid"}},{"type":"Feature","geometry":{"type":"Polygon","coordinates":[[[119.86360098837208,37.250274682924],[119.8614836739042,37.25069684755755],[119.85986637906701,37.25186363182267],[119.85913104011962,37.253499464923685],[119.85945131284836,37.25540587379346],[119.86042496422685,37.25656569368133],[119.86229715256044,37.25745884140904],[119.86742813313138,37.25734065060221],[119.86888530539525,37.25656569368133],[119.86985895677373,37.25540587379346],[119.87020085767061,37.25403775000001],[119.86985895677373,37.252481736838114],[119.86888530539525,37.25132185407518],[119.86742813313138,37.25054683523895],[119.86360098837208,37.250274682924]]]},"properties":{"terminal_id":503,"lat":37.254024925,"lon":119.8647948,"berth_count":1,"dwell_minutes":29509.933333333334,"center_method":"duration_weighted_berth_medoid"}},{"type":"Feature","geometry":{"type":"Polygon","coordinates":[[[121.37604363786511,37.59659017857143],[121.37657399752996,37.5982677628642],[121.37803982812709,37.59954914761294],[121.37965895119544,37.6000805080738],[121.3825399046567,37.60013194304276],[121.3852643083383,37.601502022816234],[121.38708426309027,37.601502022816234],[121.38870338615864,37.60097067250787],[121.3899426093051,37.599988855174416],[121.39061327203913,37.59870602948471],[121.3905061706479,37.596898234210165],[121.38938402414526,37.595414842159315],[121.38792685188139,37.59464337671838],[121.38622356088271,37.59437307790105],[121.38495403117972,37.59303539610249],[121.38298086835344,37.59229592959459],[121.37965895119544,37.59229592959459],[121.37768578836916,37.59303539610249],[121.37638553876201,37.594424542397775],[121.37604363786511,37.59659017857143]]]},"properties":{"terminal_id":504,"lat":37.596471055555554,"lon":121.38101627777776,"berth_count":2,"dwell_minutes":14689.533333333333,"center_method":"duration_weighted_berth_medoid"}},{"type":"Feature","geometry":{"type":"Polygon","coordinates":[[[120.62090265583748,37.782887108695654],[120.62124455673438,37.78424557023472],[120.62254480634154,37.785631139500225],[120.62724305621599,37.786867377593246],[120.63046497278779,37.786867377593246],[120.63214203577935,37.78646532830002],[120.63375933061653,37.78530687363068],[120.63449466956392,37.7836826578485],[120.63417439683518,37.78182760989665],[120.6325201074701,37.78023444012298],[120.62624899060675,37.77891429215436],[120.62409039644643,37.77905006170174],[120.62221820811284,37.7799369774859],[120.62109606161017,37.78141668338772],[120.62090265583748,37.782887108695654]]]},"properties":{"terminal_id":505,"lat":37.7833105,"lon":120.62969263636364,"berth_count":2,"dwell_minutes":28925.333333333332,"center_method":"duration_weighted_berth_medoid"}},{"type":"Feature","geometry":{"type":"Polygon","coordinates":[[[120.13763739999999,35.90833610292746],[120.13552008553212,35.90876566992337],[120.13390279069492,35.90995291332562],[120.13316745174755,35.911617431126125],[120.13316745174755,35.914294358415994],[120.13390279069492,35.915958784877446],[120.13514201384137,35.916962398427124],[120.13676113690973,35.91750554485592],[120.13904845147631,35.917557923675076],[120.14110358615861,35.916962398427124],[120.14256941675575,35.91565259223244],[120.14307814825244,35.914294358415994],[120.14307814825244,35.911617431126125],[120.14256941675575,35.91025912803086],[120.14145762591652,35.90916188220926],[120.1399120358116,35.90849275300016],[120.13763739999999,35.90833610292746]]]},"properties":{"terminal_id":506,"lat":35.91274037681159,"lon":120.1383358115942,"berth_count":1,"dwell_minutes":29613.61666666667,"center_method":"duration_weighted_berth_medoid"}},{"type":"Feature","geometry":{"type":"Polygon","coordinates":[[[121.13216769565216,38.8136201452471],[121.13005038118428,38.81403339445929],[121.12843308634709,38.81517553773593],[121.1276977473997,38.816776823080765],[121.12786952500426,38.818379873860124],[121.12899167150692,38.81983854996724],[121.1304488437708,38.82059713812135],[121.13469755009733,38.82071283245829],[121.13624314020224,38.820069178263694],[121.13735493104147,38.819013682291974],[121.13786366253817,38.817707020244924],[121.13769188493359,38.81610395431995],[121.1368657498109,38.814899679344876],[121.13551102875357,38.81403339445929],[121.13216769565216,38.8136201452471]]]},"properties":{"terminal_id":507,"lat":38.81735551282051,"lon":121.13281785897436,"berth_count":1,"dwell_minutes":11521.816666666666,"center_method":"duration_weighted_berth_medoid"}},{"type":"Feature","geometry":{"type":"Polygon","coordinates":[[[119.6978107569127,34.28503600000001],[119.69834111657755,34.286785403221856],[119.7005978394748,34.28908312712676],[119.70344035450343,34.290398805478006],[119.70444001585477,34.29166275950952],[119.70589718811863,34.29246716723277],[119.70761604,34.29274963583416],[119.70991885188135,34.29246716723277],[119.71137602414522,34.29166275950952],[119.7123496755237,34.29045886388715],[119.71266994825243,34.28809125823603],[119.71193460930505,34.28639325714947],[119.7095185367721,34.28490807166689],[119.70802419062242,34.2829661622785],[119.70466372422179,34.2815520273145],[119.70186208185699,34.2812873920454],[119.6998069471747,34.28189498740316],[119.69834111657755,34.283231309211],[119.6978107569127,34.28503600000001]]]},"properties":{"terminal_id":508,"lat":34.28893638888889,"lon":119.70817527777778,"berth_count":3,"dwell_minutes":21418.4,"center_method":"duration_weighted_berth_medoid"}},{"type":"Feature","geometry":{"type":"Polygon","coordinates":[[[119.7858830485794,34.39251554545454],[119.78641340824421,34.39426270821116],[119.78787923884136,34.39559724086042],[119.78949836190972,34.396150641019666],[119.7925678139763,34.39620400867406],[119.79424487696787,34.39578422735521],[119.7958024119391,34.39464117040381],[119.79824152420358,34.39501084913544],[119.80029665888587,34.394404072671385],[119.80195094825096,34.39274071626448],[119.8022712209797,34.39075897596828],[119.80127330825243,34.388770890508205],[119.79910510853887,34.38757534274858],[119.79691507024307,34.387486958779014],[119.79507238396494,34.38817724058369],[119.79300382559023,34.38733575091405],[119.78993437352368,34.387282377605175],[119.78825731053212,34.387702201563314],[119.78664001569491,34.388911847158774],[119.78596935296085,34.39024797379679],[119.7858830485794,34.39251554545454]]]},"properties":{"terminal_id":509,"lat":34.39145513333333,"lon":119.79150953333334,"berth_count":2,"dwell_minutes":82047.91666666664,"center_method":"duration_weighted_berth_medoid"}},{"type":"Feature","geometry":{"type":"Polygon","coordinates":[[[118.97935845691272,37.275706109375],[118.97970035780962,37.27707383956465],[118.98100060741677,37.27846886273083],[118.9837737756646,37.279277127318196],[118.9850873391161,37.28036184939573],[118.98670646218444,37.28089548119068],[118.98955908754188,37.28094694245118],[118.99123615053344,37.280542156453755],[118.99285344537064,37.27937581645489],[118.99352410810468,37.278087482867655],[118.99341700671347,37.275775099775785],[118.9922948602108,37.27428532931539],[118.99042267187718,37.2733923811337],[118.98790960884641,37.2732384774024],[118.98524763809024,37.27192936374296],[118.98297377024305,37.27192936374296],[118.98100060741677,37.27267200195688],[118.97970035780962,37.27406710669783],[118.97935845691272,37.275706109375]]]},"properties":{"terminal_id":510,"lat":37.27728136290323,"lon":118.98873599193549,"berth_count":2,"dwell_minutes":22793.966666666667,"center_method":"duration_weighted_berth_medoid"}},{"type":"Feature","geometry":{"type":"Polygon","coordinates":[[[121.75874227272726,29.618059644936274],[121.75702342084587,29.618356872348713],[121.75556624858204,29.619203299604333],[121.75459259720354,29.620470054231813],[121.75425069630667,29.621966054054056],[121.75459259720354,29.62346025036689],[121.75556624858204,29.624726951482156],[121.75702342084587,29.625573325232992],[121.75876275675678,29.625870530483965],[121.76048160863814,29.625573325232992],[121.76193878090201,29.624726951482156],[121.76291243228049,29.62346025036689],[121.76325433317737,29.621964272727272],[121.76291243228049,29.620470054231813],[121.76193878090201,29.619203299604333],[121.76048160863814,29.618356872348713],[121.75874227272726,29.618059644936274]]]},"properties":{"terminal_id":511,"lat":29.621966054054056,"lon":121.75876275675677,"berth_count":1,"dwell_minutes":1651.2333333333331,"center_method":"duration_weighted_berth_medoid"}},{"type":"Feature","geometry":{"type":"Polygon","coordinates":[[[120.84813138144331,27.971323686304117],[120.84641252956192,27.971625646753647],[120.84495535729808,27.972485552730713],[120.84398170591959,27.97377248016646],[120.84363980502272,27.975428275862072],[120.84398170591959,27.976946267239818],[120.84495535729808,27.978233141458865],[120.84641252956192,27.979092994764667],[120.8483024827586,27.979394933466306],[120.85002133463998,27.979092994764667],[120.85147850690383,27.978233141458865],[120.8524521582823,27.976946267239818],[120.8527940591792,27.975290494845364],[120.8524521582823,27.97377248016646],[120.85147850690383,27.972485552730713],[120.85002133463998,27.971625646753647],[120.84813138144331,27.971323686304117]]]},"properties":{"terminal_id":512,"lat":27.97529049484536,"lon":120.84813138144332,"berth_count":1,"dwell_minutes":5005.933333333333,"center_method":"duration_weighted_berth_medoid"}},{"type":"Feature","geometry":{"type":"Polygon","coordinates":[[[119.61180833333334,26.744314862009315],[119.60969101886546,26.74478848471991],[119.60784711657756,26.74643511419551],[119.60731675691274,26.7489383],[119.60807372402826,26.751166626266677],[119.60969101886546,26.75247556115372],[119.61136808185702,26.752929836866425],[119.61598371301477,26.752929836866425],[119.61803884769708,26.75227320969877],[119.61927807084354,26.751166626266677],[119.61994873357757,26.74972078910361],[119.61994873357757,26.747543376294693],[119.61927807084354,26.746097493048147],[119.61684729735008,26.74448757779749],[119.61180833333334,26.744314862009315]]]},"properties":{"terminal_id":513,"lat":26.74846675,"lon":119.612196,"berth_count":1,"dwell_minutes":21407.333333333332,"center_method":"duration_weighted_berth_medoid"}},{"type":"Feature","geometry":{"type":"Polygon","coordinates":[[[121.84290006666666,30.839726922391257],[121.8411812147853,30.840020479644757],[121.83972404252145,30.840856455054485],[121.83875039114295,30.842107567064264],[121.83840849024608,30.843642333333328],[121.83875039114295,30.845118075996794],[121.83972404252145,30.8463691324391],[121.8411812147853,30.84720505253663],[121.84293470833332,30.847498586911485],[121.8446535602147,30.84720505253663],[121.84611073247855,30.8463691324391],[121.84708438385702,30.845118075996794],[121.84742628475392,30.843583333333324],[121.84708438385702,30.842107567064264],[121.84611073247855,30.840856455054485],[121.8446535602147,30.840020479644757],[121.84290006666666,30.839726922391257]]]},"properties":{"terminal_id":514,"lat":30.84364233333333,"lon":121.84293470833332,"berth_count":1,"dwell_minutes":1187.65,"center_method":"duration_weighted_berth_medoid"}},{"type":"Feature","geometry":{"type":"Polygon","coordinates":[[[121.81265824176123,30.84108017857142],[121.81300014265811,30.842555960641732],[121.81430039226528,30.844061196098572],[121.8158459823702,30.84477048490163],[121.81819949999999,30.844936535126937],[121.8202724865058,30.844499189728673],[121.82262925147633,30.844808104410276],[121.82430631446789,30.844371327313493],[121.82615021675576,30.842788207788164],[121.82668057642061,30.840864615384614],[121.82633867552371,30.839388807302033],[121.82536502414524,30.83813765984537],[121.82390785188137,30.837301660751265],[121.8220749230769,30.837008095180998],[121.82002133008072,30.837437599029112],[121.8167095667055,30.83712078489983],[121.81503250371394,30.837557595000288],[121.81318860142606,30.839140800821692],[121.81265824176123,30.84108017857142]]]},"properties":{"terminal_id":515,"lat":30.84106448,"lon":121.81798228,"berth_count":2,"dwell_minutes":6661.049999999999,"center_method":"duration_weighted_berth_medoid"}},{"type":"Feature","geometry":{"type":"Polygon","coordinates":[[[118.44628542357938,24.670435818181815],[118.4470423906949,24.672703414045092],[118.44917788012384,24.674245598827486],[118.44749443614948,24.675714357250087],[118.44682377341545,24.67718562176451],[118.44675909720212,24.67954112928153],[118.44749443614948,24.68140852848921],[118.44873365929595,24.682534535734327],[118.45035278236429,24.683143922222847],[118.45292491014908,24.683143922222847],[118.45454403321745,24.682534535734327],[118.45619832258254,24.680702933498065],[118.45654022347942,24.6786274532493],[118.45768857026056,24.67715949162365],[118.45803047115746,24.675597604651163],[118.4575001114926,24.673593884775663],[118.45577751557326,24.671984389181087],[118.45609251968101,24.66901087357747],[118.45535718073364,24.667143288728564],[118.45292640724018,24.66550500179098],[118.44905814811858,24.665639948086216],[118.44681578324419,24.667486860018723],[118.44628542357938,24.670435818181815]]]},"properties":{"terminal_id":516,"lat":24.675568472222224,"lon":118.45345088888888,"berth_count":3,"dwell_minutes":32897.683333333334,"center_method":"duration_weighted_berth_medoid"}},{"type":"Feature","geometry":{"type":"Polygon","coordinates":[[[119.53405077272724,35.34179526872702],[119.53193345825936,35.34222789035148],[119.53008955597149,35.34373196861237],[119.52958082447479,35.3450999310959],[119.52955919630664,35.34912290476191],[119.52990109720353,35.350524860141206],[119.53087474858204,35.35171336146399],[119.53233192084588,35.35250748291219],[119.53419094444443,35.352786339428874],[119.53630825891231,35.352353774347016],[119.5381521612002,35.3508498566117],[119.53866089269688,35.34948199149685],[119.53868252086504,35.345459035714285],[119.53834061996814,35.34405699241323],[119.53736696858967,35.3428683784379],[119.53590979632581,35.34207416222505],[119.53405077272724,35.34179526872702]]]},"properties":{"terminal_id":517,"lat":35.34662139568345,"lon":119.53417079856116,"berth_count":1,"dwell_minutes":11957.016666666668,"center_method":"duration_weighted_berth_medoid"}},{"type":"Feature","geometry":{"type":"Polygon","coordinates":[[[119.44255803551971,34.73840147761194],[119.44289993641661,34.73981395322612],[119.44420018602376,34.741254616272734],[119.44574577612866,34.741933476744954],[119.4476002514763,34.74207463095063],[119.44965538615861,34.74147038177509],[119.45095767858385,34.74036559883239],[119.45331416852368,34.741153514289735],[119.45588955446789,34.74073547078833],[119.45773345675576,34.739220250299454],[119.45824218825244,34.737108333061286],[119.45773345675576,34.73573015284751],[119.45662166591651,34.73461685065663],[119.45507607581162,34.73393793006958],[119.45331416852368,34.73379676196331],[119.45125903384137,34.73440106725712],[119.4499588482008,34.73550304138949],[119.4476002514763,34.73471378799003],[119.44493229747243,34.73513186195798],[119.44308839518455,34.736647157419696],[119.44255803551971,34.73840147761194]]]},"properties":{"terminal_id":518,"lat":34.73840147761194,"lon":119.4470496119403,"berth_count":2,"dwell_minutes":4948.916666666666,"center_method":"duration_weighted_berth_medoid"}},{"type":"Feature","geometry":{"type":"Polygon","coordinates":[[[119.7857906585366,34.41856672230959],[119.78367334406872,34.419004230963374],[119.78205604923151,34.42021342408089],[119.78138538649745,34.421549050913505],[119.78132071028412,34.42389344479128],[119.78205604923151,34.42558866262955],[119.78329527237796,34.42661084334557],[119.78491439544632,34.42716403835017],[119.78696257405694,34.42721738622014],[119.7886396370485,34.42679776052168],[119.79025693188571,34.42558866262955],[119.79092759461976,34.42425310032919],[119.79099227083309,34.42190871653654],[119.7904835393364,34.420525300179776],[119.78937174849717,34.419407768335304],[119.78782615839226,34.41872626845441],[119.7857906585366,34.41856672230959]]]},"properties":{"terminal_id":519,"lat":34.42313697619048,"lon":119.78620947619046,"berth_count":1,"dwell_minutes":8050.400000000001,"center_method":"duration_weighted_berth_medoid"}},{"type":"Feature","geometry":{"type":"Polygon","coordinates":[[[120.85919737662337,27.9744763982999],[120.85747852474199,27.974778349925003],[120.85572534109816,27.97592666467431],[120.85489920597547,27.977291635851817],[120.8547274283709,27.979189572504534],[120.85546276731829,27.981004483770025],[120.85670199046474,27.98209884013144],[120.8583211135331,27.982691096894953],[120.8602447403652,27.98274821175687],[120.86192180335676,27.982298955677674],[120.86327652441408,27.98131713695651],[120.86410265953677,27.979952216723674],[120.86427443714133,27.978054293491393],[120.86376570564464,27.97657322313173],[120.86265391480543,27.975376808854712],[120.86110832470051,27.974647205757268],[120.85919737662337,27.9744763982999]]]},"properties":{"terminal_id":520,"lat":27.978744595238098,"lon":120.85978073809524,"berth_count":1,"dwell_minutes":5974.233333333334,"center_method":"duration_weighted_berth_medoid"}},{"type":"Feature","geometry":{"type":"Polygon","coordinates":[[[119.68582122727271,26.80965597902012],[119.68410237539135,26.809961128517422],[119.68234919174753,26.81112160499775],[119.68152305662484,26.812501033119553],[119.68132965085212,26.814264363636365],[119.68167155174902,26.815798383080107],[119.6826452031275,26.81709884570925],[119.68410237539135,26.81796777874169],[119.6860682894737,26.818272905865175],[119.68778714135506,26.81796777874169],[119.68954032499887,26.816807372345917],[119.69036646012157,26.815427996626457],[119.69055986589429,26.81366468421053],[119.69021796499739,26.81213063589192],[119.68924431361893,26.81083011626489],[119.68778714135506,26.809961128517422],[119.68582122727271,26.80965597902012]]]},"properties":{"terminal_id":521,"lat":26.8137115,"lon":119.686041,"berth_count":1,"dwell_minutes":4989.099999999999,"center_method":"duration_weighted_berth_medoid"}},{"type":"Feature","geometry":{"type":"Polygon","coordinates":[[[121.48244525581397,29.479192166116327],[121.48032794134609,29.479653861434304],[121.4787106465089,29.480929903650235],[121.47797530756151,29.482718922766253],[121.47803998377483,29.484893879743883],[121.4787106465089,29.48630329308588],[121.48032794134609,29.487579251575443],[121.48200500433765,29.48802208225976],[121.48466197249198,29.487965784276717],[121.48663513531825,29.48715343680069],[121.48774692615747,29.48597419120655],[121.48825565765415,29.484514337247983],[121.48819098144082,29.48233937212433],[121.48752031870679,29.480929903650235],[121.48628109556033,29.479851129940645],[121.48466197249198,29.47926729702743],[121.48244525581397,29.479192166116327]]]},"properties":{"terminal_id":522,"lat":29.483653503597125,"lon":121.48324500719424,"berth_count":1,"dwell_minutes":14257.966666666667,"center_method":"duration_weighted_berth_medoid"}},{"type":"Feature","geometry":{"type":"Polygon","coordinates":[[[120.27216673584903,35.98880736194226],[120.27004942138115,35.98923649164638],[120.26869470032385,35.99013606694936],[120.26786856520116,35.9913866220813],[120.26767515942845,35.992976490566036],[120.26801706032532,35.99436718252696],[120.26899071170382,35.99554613503955],[120.27044788396766,35.996333876102526],[120.27235680555555,35.99661049211177],[120.27447412002343,35.996181402521536],[120.27582884108072,35.99528189615771],[120.27665497620343,35.99403140277845],[120.27684838197615,35.992441555555565],[120.27650648107925,35.99105082964506],[120.27553282970078,35.98987180994422],[120.27407565743692,35.98908400434599],[120.27216673584903,35.98880736194226]]]},"properties":{"terminal_id":523,"lat":35.99250980952381,"lon":120.27235190476192,"berth_count":1,"dwell_minutes":7561.85,"center_method":"duration_weighted_berth_medoid"}},{"type":"Feature","geometry":{"type":"Polygon","coordinates":[[[119.78724675000001,34.44991153374798],[119.78552789811862,34.45019347194217],[119.7837747144748,34.45126567461193],[119.78294857935211,34.452540170328696],[119.78277680174754,34.45410727317697],[119.78328553324424,34.45549013366419],[119.78439732408347,34.45660718304693],[119.78594291418837,34.45728837404721],[119.7881189514763,34.457430012840334],[119.78979601446787,34.457010538862455],[119.79115073552518,34.456093805653595],[119.79197687064787,34.45481936416994],[119.79214864825244,34.45325227468439],[119.79163991675576,34.45186937713937],[119.79052812591654,34.45075226438072],[119.78898253581161,34.45007102006337],[119.78724675000001,34.44991153374798]]]},"properties":{"terminal_id":524,"lat":34.4536153,"lon":119.7876787,"berth_count":1,"dwell_minutes":367.95,"center_method":"duration_weighted_berth_medoid"}},{"type":"Feature","geometry":{"type":"Polygon","coordinates":[[[118.49406421621622,31.77110387898046],[118.49194690174834,31.771554767577005],[118.49010299946046,31.773122355574017],[118.48959426796377,31.774548082576736],[118.48976604556832,31.777922991825353],[118.49088819207098,31.779514517336118],[118.49234536433485,31.780342196214608],[118.49744763581162,31.780468427889208],[118.49931982414525,31.779514517336118],[118.5002934755237,31.77827579451825],[118.50044197064788,31.773813923567978],[118.49961583552519,31.77249995640245],[118.49826111446788,31.771554767577005],[118.49406421621622,31.77110387898046]]]},"properties":{"terminal_id":525,"lat":31.77528203614458,"lon":118.49468839759037,"berth_count":1,"dwell_minutes":10107.483333333334,"center_method":"duration_weighted_berth_medoid"}},{"type":"Feature","geometry":{"type":"Polygon","coordinates":[[[116.43380552405179,23.547404510930622],[116.43298740766535,23.548811480290336],[116.43281563006077,23.550474908164457],[116.43332436155747,23.5520122769719],[116.4344361523967,23.55325414080705],[116.43598174250161,23.55401144765186],[116.4377373423854,23.554168913300575],[116.43941440537697,23.553702567123032],[116.44076912643428,23.55268340015287],[116.44221681636878,23.550430618534907],[116.44255871726568,23.54885492253521],[116.44221681636878,23.54719312231778],[116.4409165667616,23.545585914132218],[116.43894340393533,23.544730373746273],[116.43673387007075,23.5448285587488],[116.43486168173713,23.5458572800735],[116.43380552405179,23.547404510930622]]]},"properties":{"terminal_id":526,"lat":23.54885492253521,"lon":116.43804591549296,"berth_count":2,"dwell_minutes":11485.65,"center_method":"duration_weighted_berth_medoid"}},{"type":"Feature","geometry":{"type":"Polygon","coordinates":[[[121.9456090029445,29.89031557320872],[121.94595090384139,29.89180577398104],[121.94725115344855,29.893325716565023],[121.94922431627482,29.89413478716664],[121.95102322570706,29.89413478716664],[121.95299638853334,29.893325716565023],[121.95443661300281,29.89146661244691],[121.9570578216944,29.89249838005707],[121.96014193956086,29.892442308221547],[121.96176106262921,29.89186086708823],[121.96341535199429,29.890113255487424],[121.9636709485097,29.8873726390908],[121.96300028577566,29.885968838838394],[121.96138299093846,29.88469792805614],[121.9597059279469,29.884256841687236],[121.95662181008048,29.884312918127083],[121.95432204902549,29.885378711163124],[121.95309685037526,29.88735862350623],[121.95058721409312,29.886414478176548],[121.94760519320647,29.887052025978125],[121.94613936260934,29.888454225906674],[121.9456090029445,29.89031557320872]]]},"properties":{"terminal_id":527,"lat":29.888404947368414,"lon":121.95841234210526,"berth_count":2,"dwell_minutes":66599.91666666666,"center_method":"duration_weighted_berth_medoid"}},{"type":"Feature","geometry":{"type":"Polygon","coordinates":[[[120.24674221568628,35.97522328648466],[120.24502336380489,35.975499976513866],[120.24356619154105,35.976287917738816],[120.24259254016255,35.97746714042164],[120.24225063926568,35.978916625000004],[120.24259254016255,35.98030756480153],[120.24356619154105,35.981486727426294],[120.24502336380489,35.982274608883316],[120.24681078723405,35.98255127419268],[120.24852963911543,35.982274608883316],[120.24998681137929,35.981486727426294],[120.25096046275776,35.98030756480153],[120.25130236365466,35.97885810576923],[120.25096046275776,35.97746714042164],[120.24998681137929,35.976287917738816],[120.24852963911543,35.975499976513866],[120.24674221568628,35.97522328648466]]]},"properties":{"terminal_id":528,"lat":35.97889422772277,"lon":120.24675614851483,"berth_count":1,"dwell_minutes":11582.483333333334,"center_method":"duration_weighted_berth_medoid"}},{"type":"Feature","geometry":{"type":"Polygon","coordinates":[[[121.46592559901801,31.422316230158724],[121.4662674999149,31.423782997166075],[121.46756774952206,31.425279037245385],[121.46911333962699,31.425983992915253],[121.47145563516894,31.42614902870641],[121.47164854363781,31.42959883885175],[121.4724746787605,31.43091765306754],[121.47382939981783,31.431866305513044],[121.47550646280939,31.43230038519992],[121.48007770753469,31.432245199755577],[121.48205087036096,31.431448905369557],[121.48316266120021,31.430292962595733],[121.48369302086505,31.42848629323309],[121.48335111996815,31.424690936801646],[121.48131875891232,31.42277744859343],[121.47867070610089,31.422324868472042],[121.47847779763202,31.418924912370176],[121.47765166250933,31.417605929483514],[121.476296941452,31.416657132766517],[121.47461987846044,31.41622298066257],[121.4704171754386,31.41620452311195],[121.46792178927998,31.41685051920525],[121.4661190047907,31.418924912370176],[121.46592559901801,31.422316230158724]]]},"properties":{"terminal_id":529,"lat":31.421418691860467,"lon":121.47256280813954,"berth_count":2,"dwell_minutes":58299.65,"center_method":"duration_weighted_berth_medoid"}},{"type":"Feature","geometry":{"type":"Polygon","coordinates":[[[121.396107125,37.592120560254514],[121.39398981053212,37.59254080203539],[121.3926350894748,37.593421745494524],[121.39170185296086,37.59498518375684],[121.39170185296086,37.59678159994129],[121.39237251569493,37.59806445881073],[121.39398981053212,37.599225842360184],[121.3956668735237,37.59962890815843],[121.39813696679396,37.5995776655912],[121.39975608986234,37.599046301539104],[121.40099531300876,37.59806445881073],[121.40166597574283,37.59678159994129],[121.40166597574283,37.59498518375684],[121.40099531300876,37.5937022717987],[121.39975608986234,37.59272035855374],[121.39813696679396,37.59218894553173],[121.396107125,37.592120560254514]]]},"properties":{"terminal_id":530,"lat":37.59567948148148,"lon":121.39726070370372,"berth_count":1,"dwell_minutes":1105.5666666666666,"center_method":"duration_weighted_berth_medoid"}},{"type":"Feature","geometry":{"type":"Polygon","coordinates":[[[121.48356536363636,28.688642210950153],[121.48184651175498,28.688942140122034],[121.48038933949113,28.68979626143288],[121.47941568811265,28.691074531291132],[121.47907378721575,28.69278976923077],[121.47941568811265,28.694297546568293],[121.48038933949113,28.69557576146433],[121.48184651175498,28.696429828653415],[121.48369948648647,28.696729735514058],[121.48541833836784,28.696429828653415],[121.4868755106317,28.69557576146433],[121.48784916201018,28.694297546568293],[121.48819106290706,28.69258233333334],[121.48784916201018,28.691074531291132],[121.4868755106317,28.68979626143288],[121.48541833836784,28.688942140122034],[121.48356536363636,28.688642210950153]]]},"properties":{"terminal_id":531,"lat":28.69275523076923,"lon":121.48364234615384,"berth_count":1,"dwell_minutes":10174.583333333332,"center_method":"duration_weighted_berth_medoid"}},{"type":"Feature","geometry":{"type":"Polygon","coordinates":[[[119.37851334615387,35.11458980704272],[119.38100873231248,35.113970603113025],[119.38254219110702,35.11253066248351],[119.38459782121308,35.11239462896778],[119.38642391789308,35.1115108529754],[119.38751468519457,35.11259036087205],[119.3890602752995,35.113266155885476],[119.39170432694799,35.113406672689464],[119.39338138993955,35.112990521555616],[119.39473611099689,35.1120810500862],[119.39556224611958,35.11081670358895],[119.39573402372415,35.10886915448773],[119.39522529222745,35.10749720361662],[119.39411350138822,35.106388933369885],[119.39214033856194,35.10562546244562],[119.38948784802085,35.10562546244562],[119.38742798725934,35.10645321722467],[119.386143411318,35.105046062591256],[119.38459782121308,35.10437019941087],[119.38257915091408,35.10422966702535],[119.38090208792252,35.10464586289738],[119.3789093868148,35.10641172825443],[119.37694999752172,35.10655403370544],[119.37540440741681,35.1072298787774],[119.37384856129422,35.10935339323794],[119.37384856129422,35.1116324152428],[119.37451922402828,35.1129569005161],[119.37613651886548,35.11415596994687],[119.37851334615387,35.11458980704272]]]},"properties":{"terminal_id":532,"lat":35.107909553846156,"lon":119.38328459230767,"berth_count":3,"dwell_minutes":47312.4,"center_method":"duration_weighted_berth_medoid"}},{"type":"Feature","geometry":{"type":"Polygon","coordinates":[[[114.61097594444442,22.734959389716543],[114.60925709256306,22.7352747253894],[114.60750390891921,22.7364739407692],[114.60657067240528,22.738293761417783],[114.60650599619196,22.74018547837525],[114.60701472768866,22.741732169814583],[114.60812651852788,22.74298156476403],[114.60967210863281,22.743743464381733],[114.61182322290487,22.743901885016605],[114.61350028589644,22.7434327105948],[114.61511758073361,22.742080848544227],[114.61578824346768,22.740587596994192],[114.615852919681,22.738695885601228],[114.61534418818432,22.737149159808695],[114.61423239734508,22.735899711553692],[114.61268680724018,22.735137768219108],[114.61097594444442,22.734959389716543]]]},"properties":{"terminal_id":533,"lat":22.73973548275862,"lon":114.61105889655173,"berth_count":1,"dwell_minutes":11568.433333333332,"center_method":"duration_weighted_berth_medoid"}},{"type":"Feature","geometry":{"type":"Polygon","coordinates":[[[108.58943546804811,21.721172836328417],[108.58816563705177,21.723343459157146],[108.58816563705177,21.726229077300925],[108.5890988735657,21.72806206129029],[108.5905661158871,21.7291442943233],[108.59065242026857,21.731487463281432],[108.59132308300264,21.732991506163184],[108.59256230614908,21.73414264011588],[108.59418142921744,21.73476562547693],[108.59719011511268,21.73482570371942],[108.59924524979498,21.73414264011588],[108.60104803428425,21.731884647532915],[108.60121981188883,21.728010194889947],[108.5995753596129,21.723906174433044],[108.59832651348354,21.722553233746115],[108.59757970748679,21.71969501125186],[108.59558762956453,21.718157141826136],[108.59301271784491,21.71789684805467],[108.59071122382332,21.719000693428704],[108.58943546804811,21.721172836328417]]]},"properties":{"terminal_id":534,"lat":21.72687069642857,"lon":108.59561414285714,"berth_count":4,"dwell_minutes":34709.566666666666,"center_method":"duration_weighted_berth_medoid"}},{"type":"Feature","geometry":{"type":"Polygon","coordinates":[[[113.02164255427185,22.80770754959561],[113.02380212152511,22.808723550824766],[113.02585109722622,22.80866712125362],[113.02649431093216,22.80950573294769],[113.02311554811864,22.80982089643591],[113.02109979069493,22.81134580640406],[113.0203428235794,22.81402918604651],[113.02136236447481,22.816655671030336],[113.02271708553212,22.817680460895804],[113.02439414852368,22.818149380052674],[113.02862844913676,22.818089765363894],[113.03060161196304,22.817229560516413],[113.03171340280225,22.815980845291485],[113.03222213429896,22.81443499526987],[113.0320503566944,22.812444156877362],[113.03104149092547,22.81083361302537],[113.03365301372855,22.809657871083402],[113.03488226162246,22.80753793986743],[113.03488226162246,22.80582851151805],[113.03394902510853,22.804009591069608],[113.03178082539495,22.802674079432915],[113.02869073413115,22.80263375168981],[113.02722583060304,22.801144273683473],[113.02407172688137,22.79953818841154],[113.02097887386579,22.79940129569581],[113.01854810037234,22.801063213454757],[113.01781276142495,22.80402021524614],[113.01910668553217,22.806542125531244],[113.02164255427185,22.80770754959561]]]},"properties":{"terminal_id":535,"lat":22.8067301875,"lon":113.03047698958332,"berth_count":4,"dwell_minutes":13454.55,"center_method":"duration_weighted_berth_medoid"}},{"type":"Feature","geometry":{"type":"Polygon","coordinates":[[[113.00623560000001,22.798182788895172],[113.00451674811863,22.798497978571117],[113.00305957585478,22.799395558835023],[113.0020859244763,22.800738871588106],[113.00174402357942,22.802441555555557],[113.0020859244763,22.80402606417135],[113.00305957585478,22.80536933128433],[113.00451674811863,22.806266866294564],[113.00645893749999,22.806582037274893],[113.00817778938136,22.806266866294564],[113.00963496164522,22.80536933128433],[113.0106086130237,22.80402606417135],[113.01095051392059,22.80232339999999],[113.0106086130237,22.800738871588106],[113.00963496164522,22.799395558835023],[113.00817778938136,22.798497978571117],[113.00623560000001,22.798182788895172]]]},"properties":{"terminal_id":536,"lat":22.802431825,"lon":113.006448525,"berth_count":1,"dwell_minutes":3167.85,"center_method":"duration_weighted_berth_medoid"}},{"type":"Feature","geometry":{"type":"Polygon","coordinates":[[[113.49201699999999,23.06801504848897],[113.48989968553211,23.068502999908105],[113.4882823906949,23.069851611586863],[113.48761172796085,23.07134124159512],[113.48752542357938,23.07386475471698],[113.48786732447628,23.075446089778232],[113.48884097585476,23.076786666348394],[113.49029814811863,23.077682403527284],[113.49226983333334,23.077996943180253],[113.49438714780122,23.077509026202037],[113.49600444263841,23.076160491299163],[113.49667510537247,23.074670914663514],[113.49676140975394,23.072147416666667],[113.49641950885704,23.070566042822797],[113.49544585747857,23.06922540425092],[113.49398868521472,23.068329610750045],[113.49201699999999,23.06801504848897]]]},"properties":{"terminal_id":537,"lat":23.073006774647887,"lon":113.4921784084507,"berth_count":1,"dwell_minutes":9800.766666666666,"center_method":"duration_weighted_berth_medoid"}},{"type":"Feature","geometry":{"type":"Polygon","coordinates":[[[121.40921751973684,37.59127675270551],[121.40710020526896,37.591696999251184],[121.40574548421164,37.59257795269878],[121.40491934908894,37.593802619804535],[121.40474757148438,37.59530041506077],[121.40525630298106,37.596629206761776],[121.4063680938203,37.59770257910998],[121.4079136839252,37.598357134743736],[121.40994389433347,37.59849323524149],[121.41162095732503,37.59809016329088],[121.41297567838232,37.597209275097974],[121.41380181350502,37.595984664056516],[121.4139735911096,37.59448688257286],[121.4134648596129,37.59315805261593],[121.41235306877367,37.59208461471333],[121.40921751973684,37.59127675270551]]]},"properties":{"terminal_id":538,"lat":37.59495158552632,"lon":121.40921751973684,"berth_count":1,"dwell_minutes":4875.083333333333,"center_method":"duration_weighted_berth_medoid"}},{"type":"Feature","geometry":{"type":"Polygon","coordinates":[[[119.61654278571429,26.459937003784567],[119.61482393383292,26.460243088835252],[119.61307075018908,26.461407123294457],[119.61224461506639,26.462790780880407],[119.61207283746184,26.46470255529161],[119.6128081764092,26.466542315804816],[119.61404739955567,26.46765165653118],[119.61566652262401,26.468252022946324],[119.61755912647631,26.468309919879186],[119.61923618946788,26.467854512200486],[119.62059091052518,26.466859249906218],[119.62141704564787,26.465475641229073],[119.62158882325244,26.463563879658878],[119.62108009175576,26.46206253300554],[119.61996830091654,26.46084974021551],[119.61842271081161,26.460110149425486],[119.61654278571429,26.459937003784567]]]},"properties":{"terminal_id":539,"lat":26.464237035714287,"lon":119.61696035714286,"berth_count":1,"dwell_minutes":10232.533333333333,"center_method":"duration_weighted_berth_medoid"}},{"type":"Feature","geometry":{"type":"Polygon","coordinates":[[[112.90418924999999,22.878158276991808],[112.90247039811862,22.87847328143677],[112.9007172144748,22.879671237123844],[112.8998910793521,22.881095218002617],[112.8996976735794,22.8830897948718],[112.9000395744763,22.88467336423606],[112.90101322585475,22.886015835050333],[112.90247039811862,22.886912837970474],[112.90438809090908,22.88722782210175],[112.90610694279044,22.886912837970474],[112.90786012643427,22.885714946185903],[112.90868626155698,22.884291013765374],[112.90887966732967,22.882296454545447],[112.90853776643279,22.88071285745384],[112.90756411505431,22.879370334196576],[112.90610694279044,22.87847328143677],[112.90418924999999,22.878158276991808]]]},"properties":{"terminal_id":540,"lat":22.883089794871797,"lon":112.90421361538462,"berth_count":1,"dwell_minutes":1396.2166666666667,"center_method":"duration_weighted_berth_medoid"}},{"type":"Feature","geometry":{"type":"Polygon","coordinates":[[[113.0787198548387,22.38546402394901],[113.07700100295733,22.385780159751956],[113.07554383069346,22.386680434414366],[113.074570179315,22.38802777977671],[113.0742282784181,22.389754072072076],[113.074570179315,22.391343337786573],[113.07554383069346,22.39269063797809],[113.07700100295733,22.39359086791008],[113.0788479009009,22.393906985241003],[113.08056675278227,22.39359086791008],[113.08202392504612,22.39269063797809],[113.0829975764246,22.391343337786573],[113.0833394773215,22.389617065217394],[113.0829975764246,22.38802777977671],[113.08202392504612,22.386680434414366],[113.08056675278227,22.385780159751956],[113.0787198548387,22.38546402394901]]]},"properties":{"terminal_id":541,"lat":22.38974520967742,"lon":113.07871985483872,"berth_count":1,"dwell_minutes":8808.1,"center_method":"duration_weighted_berth_medoid"}},{"type":"Feature","geometry":{"type":"Polygon","coordinates":[[[118.50855299999999,31.78101741837189],[118.50643568553211,31.781468258644786],[118.50481839069494,31.78271429873239],[118.50414772796087,31.78409062669767],[118.50414772796087,31.78608134474746],[118.50481839069494,31.787457622594605],[118.50643568553211,31.78870358197157],[118.50811274852367,31.789136000987977],[118.51064002171094,31.78908102666922],[118.51225914477932,31.788510966214872],[118.51349836792575,31.787457622594605],[118.51416903065982,31.78608134474746],[118.51416903065982,31.78409062669767],[118.51349836792575,31.78271429873239],[118.51225914477932,31.78166088907326],[118.51064002171094,31.781090782869388],[118.50855299999999,31.78101741837189]]]},"properties":{"terminal_id":542,"lat":31.78529617241379,"lon":118.50976375862072,"berth_count":1,"dwell_minutes":1729.0,"center_method":"duration_weighted_berth_medoid"}},{"type":"Feature","geometry":{"type":"Polygon","coordinates":[[[121.79259424000001,29.96449230587088],[121.79087538811862,29.964788506177367],[121.78941821585478,29.96563200844848],[121.78844456447628,29.966894385432685],[121.78810266357941,29.968434639999995],[121.78844456447628,29.96992367148602],[121.78941821585478,29.971185993948932],[121.79087538811862,29.97202944191459],[121.79268332,29.972325619754425],[121.79440217188136,29.97202944191459],[121.7958593441452,29.971185993948932],[121.79683299552369,29.96992367148602],[121.79717489642059,29.968383439999993],[121.79683299552369,29.966894385432685],[121.7958593441452,29.96563200844848],[121.79440217188136,29.964788506177367],[121.79259424000001,29.96449230587088]]]},"properties":{"terminal_id":543,"lat":29.968383439999997,"lon":121.79259424,"berth_count":1,"dwell_minutes":1389.0333333333333,"center_method":"duration_weighted_berth_medoid"}},{"type":"Feature","geometry":{"type":"Polygon","coordinates":[[[121.47089325000002,31.07955634543327],[121.46917439811862,31.079849166461454],[121.46771722585478,31.080683045256848],[121.46674357447628,31.081931019400624],[121.46640167357941,31.083575287671238],[121.46674357447628,31.08504732701424],[121.46771722585478,31.086295243853485],[121.46917439811862,31.08712906609462],[121.4710210410959,31.08742186379254],[121.47273989297726,31.08712906609462],[121.47419706524113,31.086295243853485],[121.47517071661959,31.08504732701424],[121.47551261751649,31.083403084210524],[121.47517071661959,31.081931019400624],[121.47419706524113,31.080683045256848],[121.47273989297726,31.079849166461454],[121.47089325000002,31.07955634543327]]]},"properties":{"terminal_id":544,"lat":31.083403084210524,"lon":121.47096105263158,"berth_count":1,"dwell_minutes":6993.9,"center_method":"duration_weighted_berth_medoid"}},{"type":"Feature","geometry":{"type":"Polygon","coordinates":[[[121.50296455555552,28.68889925092669],[121.50124570367414,28.68919917936225],[121.49949252003033,28.690339799791104],[121.49866638490764,28.69169562456515],[121.49849460730307,28.693334502698676],[121.49900333879975,28.69480561541294],[121.500115129639,28.69599395602085],[121.5016607197439,28.696718622502857],[121.50373137647632,28.69686930118537],[121.50540843946789,28.69642305500502],[121.50676316052518,28.695447814062547],[121.50758929564789,28.69409203788493],[121.50776107325245,28.69245317161106],[121.50725234175576,28.69098202583747],[121.50614055091653,28.689793628333824],[121.50296455555552,28.68889925092669]]]},"properties":{"terminal_id":545,"lat":28.69285118181818,"lon":121.50302747727272,"berth_count":1,"dwell_minutes":6427.95,"center_method":"duration_weighted_berth_medoid"}},{"type":"Feature","geometry":{"type":"Polygon","coordinates":[[[121.45340313636366,28.68274367605987],[121.4516842844823,28.68304362212716],[121.45022711221843,28.683897791552653],[121.44925346083996,28.68517613342129],[121.44891155994306,28.686863230769234],[121.44925346083996,28.688371093461324],[121.45022711221843,28.689649380719725],[121.4516842844823,28.69050349626094],[121.45357800000001,28.69080342010082],[121.45529685188137,28.69050349626094],[121.45675402414524,28.689649380719725],[121.4577276755237,28.688371093461324],[121.4580695764206,28.686684020408165],[121.4577276755237,28.68517613342129],[121.45675402414524,28.683897791552653],[121.45529685188137,28.68304362212716],[121.45340313636366,28.68274367605987]]]},"properties":{"terminal_id":546,"lat":28.68674460465116,"lon":121.45350041860463,"berth_count":1,"dwell_minutes":7866.15,"center_method":"duration_weighted_berth_medoid"}},{"type":"Feature","geometry":{"type":"Polygon","coordinates":[[[122.13883908072222,29.755937931372543],[122.13918098161912,29.75743013702741],[122.14015463299762,29.758695150496237],[122.1420268213312,29.759669307509736],[122.1444778654995,29.759729709473536],[122.14460756520117,29.761552789149626],[122.14543370032386,29.762894504993064],[122.14678842138119,29.76385963165036],[122.14846548437275,29.764301249681953],[122.15026532637765,29.764152133738946],[122.15213751471126,29.763178020307087],[122.15343209445189,29.760791524375854],[122.15598401990107,29.759200160521683],[122.15671935884846,29.75741604291937],[122.15621062735177,29.754973010461324],[122.1543667250639,29.753372203318975],[122.15268966207233,29.752930537122026],[122.15074319331457,29.753079669763775],[122.14919760320967,29.753796894696258],[122.14791716661422,29.755282569572188],[122.14662782603199,29.752934298243908],[122.14389205336307,29.75181094145694],[122.1420268213312,29.751960075764433],[122.14015463299762,29.752934298243908],[122.13918098161912,29.754199368459947],[122.13883908072222,29.755937931372543]]]},"properties":{"terminal_id":547,"lat":29.755861892857144,"lon":122.14342710714286,"berth_count":3,"dwell_minutes":33310.96666666667,"center_method":"duration_weighted_berth_medoid"}},{"type":"Feature","geometry":{"type":"Polygon","coordinates":[[[121.56020113043478,31.287077684817508],[121.55848227855341,31.287369864658512],[121.55672909490957,31.2884810167484],[121.55590295978688,31.289801812013664],[121.55570955401419,31.291413739130434],[121.55605145491107,31.292882549658433],[121.55702510628954,31.294127729172555],[121.55848227855341,31.2949597223568],[121.5603162857143,31.29525187776875],[121.56203513759566,31.2949597223568],[121.5637883212395,31.29384864663048],[121.5646144563622,31.29252790806504],[121.56480786213488,31.290916000000003],[121.56446596123799,31.289447158830114],[121.56349230985953,31.28820191748854],[121.56203513759566,31.287369864658512],[121.56020113043478,31.287077684817508]]]},"properties":{"terminal_id":548,"lat":31.291413739130434,"lon":121.56020113043478,"berth_count":1,"dwell_minutes":2068.6166666666663,"center_method":"duration_weighted_berth_medoid"}},{"type":"Feature","geometry":{"type":"Polygon","coordinates":[[[121.99868944999999,30.02608094634099],[121.99697059811862,30.026376962914284],[121.99521741447478,30.027502706299448],[121.99428417796085,30.02921102694389],[121.99421950174755,30.031031537515613],[121.99495484069492,30.03281076359463],[121.99619406384137,30.033883601513455],[121.99781318690972,30.034464212367773],[121.99987680703187,30.034520204133763],[122.00155387002343,30.034079782088362],[122.00317116486063,30.03281076359463],[122.00384182759467,30.031409015802943],[122.003906503808,30.029588512164448],[122.00339777231132,30.02813655560144],[122.0022859814721,30.026963658588492],[122.00074039136717,30.02624839647562],[121.99868944999999,30.02608094634099]]]},"properties":{"terminal_id":549,"lat":30.0305361,"lon":121.9988649,"berth_count":1,"dwell_minutes":10424.016666666666,"center_method":"duration_weighted_berth_medoid"}},{"type":"Feature","geometry":{"type":"Polygon","coordinates":[[[122.37834813043476,36.85598795868632],[122.37623081596688,36.856412322480814],[122.3746135211297,36.8575851849286],[122.37387818218231,36.859229539927334],[122.37404995978687,36.861278588788906],[122.37517210628954,36.86277649373899],[122.37662927855338,36.863555483472716],[122.3815113241837,36.86367428934128],[122.38338351251731,36.86277649373899],[122.38435716389579,36.861610638378295],[122.38450565901996,36.8585385728712],[122.38367952389727,36.857301906955435],[122.38232480283996,36.856412322480814],[122.37834813043476,36.85598795868632]]]},"properties":{"terminal_id":550,"lat":36.859756399999995,"lon":122.3786518,"berth_count":1,"dwell_minutes":17174.466666666667,"center_method":"duration_weighted_berth_medoid"}},{"type":"Feature","geometry":{"type":"Polygon","coordinates":[[[120.08164657142856,31.942974782021377],[120.0799277195472,31.94326491014874],[120.07847054728336,31.944091120135006],[120.07749689590486,31.945327616883585],[120.07715499500796,31.946870096153848],[120.07749689590486,31.94832859764265],[120.07847054728336,31.94956503736734],[120.0799277195472,31.95039119070461],[120.08185582692306,31.95068129541479],[120.08357467880444,31.95039119070461],[120.0850318510683,31.94956503736734],[120.08600550244677,31.94832859764265],[120.08634740334367,31.946786142857142],[120.08600550244677,31.945327616883585],[120.0850318510683,31.944091120135006],[120.08357467880444,31.94326491014874],[120.08164657142856,31.942974782021377]]]},"properties":{"terminal_id":551,"lat":31.946870096153848,"lon":120.08185582692307,"berth_count":1,"dwell_minutes":2028.9,"center_method":"duration_weighted_berth_medoid"}},{"type":"Feature","geometry":{"type":"Polygon","coordinates":[[[121.10468642357941,28.164416505494508],[121.10603890756853,28.168578137017455],[121.10788280985643,28.17020363973145],[121.109559872848,28.17065211057456],[121.11146126005403,28.170500680712824],[121.11300685015894,28.16977240159844],[121.11411864099817,28.168578137017455],[121.11464900066302,28.16623232876712],[121.11393584346769,28.162281676677352],[121.11326518073365,28.16085422503411],[121.11164788589646,28.159561902714287],[121.1087377485237,28.159113385392022],[121.10632857408346,28.159993181994945],[121.1048798293521,28.161904721768636],[121.10468642357941,28.164416505494508]]]},"properties":{"terminal_id":552,"lat":28.166285578378385,"lon":121.11000012432432,"berth_count":2,"dwell_minutes":30349.466666666667,"center_method":"duration_weighted_berth_medoid"}},{"type":"Feature","geometry":{"type":"Polygon","coordinates":[[[108.622489875,19.047274518368226],[108.62077102311862,19.047597699749417],[108.61931385085477,19.048518039009124],[108.61834019947628,19.0498954145128],[108.61799829857941,19.051526],[108.61834019947628,19.05315069451989],[108.61931385085477,19.05452803156519],[108.62077102311862,19.055448332382703],[108.62249433333334,19.055771497842677],[108.62421318521471,19.055448332382703],[108.62567035747855,19.05452803156519],[108.62664400885704,19.05315069451989],[108.62698590975394,19.051520125],[108.62664400885704,19.0498954145128],[108.62567035747855,19.048518039009124],[108.62421318521471,19.047597699749417],[108.622489875,19.047274518368226]]]},"properties":{"terminal_id":553,"lat":19.051520125,"lon":108.622489875,"berth_count":1,"dwell_minutes":380.8833333333333,"center_method":"duration_weighted_berth_medoid"}},{"type":"Feature","geometry":{"type":"Polygon","coordinates":[[[119.82372000000001,39.96312548212125],[119.82200114811863,39.96338753428672],[119.82054397585478,39.96413379021364],[119.8195703244763,39.965250625917],[119.8192284235794,39.96657528571428],[119.8195703244763,39.96789263427136],[119.82054397585478,39.96900940856964],[119.82200114811863,39.969755603130956],[119.82372185714289,39.970017629882975],[119.82544070902425,39.969755603130956],[119.82689788128812,39.96900940856964],[119.82787153266658,39.96789263427136],[119.82821343356348,39.966567999999995],[119.82787153266658,39.965250625917],[119.82689788128812,39.96413379021364],[119.82544070902425,39.96338753428672],[119.82372000000001,39.96312548212125]]]},"properties":{"terminal_id":554,"lat":39.966575285714285,"lon":119.82372185714289,"berth_count":1,"dwell_minutes":233.93333333333337,"center_method":"duration_weighted_berth_medoid"}},{"type":"Feature","geometry":{"type":"Polygon","coordinates":[[[121.43385523809523,37.55351490000029],[121.43173792362735,37.55393535968515],[121.43038320257003,37.554816759938284],[121.42955706744733,37.5560420481905],[121.42936366167464,37.55749783333333],[121.42970556257153,37.55886042700895],[121.43067921395,37.560015558633275],[121.43213638621387,37.56078738292794],[121.43392866666666,37.561058409681095],[121.43604598113454,37.560637990187104],[121.43740070219185,37.55975665878814],[121.43822683731455,37.5585314316162],[121.43842024308726,37.55707566666666],[121.43807834219037,37.5557130403539],[121.43710469081188,37.554557842029425],[121.43564751854804,37.55378595320625],[121.43385523809523,37.55351490000029]]]},"properties":{"terminal_id":555,"lat":37.55707566666666,"lon":121.43385523809523,"berth_count":1,"dwell_minutes":470.93333333333334,"center_method":"duration_weighted_berth_medoid"}},{"type":"Feature","geometry":{"type":"Polygon","coordinates":[[[118.06892162357941,38.1691098],[118.06945198324426,38.17077439284567],[118.07077043662584,38.17195992498784],[118.07107972447626,38.17423866191461],[118.07273401384134,38.17582330187136],[118.07435313690972,38.17635051985623],[118.07673301309023,38.17635051985623],[118.07835213615861,38.17582330187136],[118.07959135930504,38.17484912002519],[118.08032669825243,38.17323350262914],[118.08015492064787,38.171339225643145],[118.07855924881419,38.16954897106506],[118.0780680738986,38.16711893311802],[118.07660224330148,38.165847385973265],[118.07410685714285,38.165252236792135],[118.07129588553214,38.16566922122839],[118.06945198324426,38.16711893311802],[118.06892162357941,38.1691098]]]},"properties":{"terminal_id":556,"lat":38.16878357142857,"lon":118.07410685714284,"berth_count":2,"dwell_minutes":390.7166666666667,"center_method":"duration_weighted_berth_medoid"}},{"type":"Feature","geometry":{"type":"Polygon","coordinates":[[[118.13810655555555,31.231555759496697],[118.13598924108767,31.232009257728013],[118.1341453387998,31.233585918809666],[118.1336366073031,31.235019898169732],[118.13380838490765,31.23802970146856],[118.13493053141032,31.239630446813994],[118.13638770367417,31.24046292066856],[118.1415609392599,31.24058988364867],[118.1434331275935,31.239630446813994],[118.14440677897196,31.238384547939454],[118.14455527409616,31.234281489678096],[118.14372913897347,31.23295991718846],[118.14237441791613,31.232009257728013],[118.13810655555555,31.231555759496697]]]},"properties":{"terminal_id":557,"lat":31.236728333333335,"lon":118.13997866666668,"berth_count":1,"dwell_minutes":13289.749999999998,"center_method":"duration_weighted_berth_medoid"}},{"type":"Feature","geometry":{"type":"Polygon","coordinates":[[[119.8517974,26.491119493630592],[119.85007854811863,26.491425495725746],[119.84832536447482,26.49258921469884],[119.84749922935212,26.493972497257896],[119.84732745174756,26.496152010041236],[119.84783618324424,26.49765291179158],[119.84894797408349,26.498865316582012],[119.85049356418838,26.499604658212366],[119.85274695147633,26.499758388319282],[119.8544240144679,26.499303105162994],[119.85604130930507,26.49799126755091],[119.85671197203914,26.496542224219144],[119.85677664825246,26.494745386487562],[119.85626791675577,26.49324444676978],[119.85515612591657,26.492031982688],[119.85361053581164,26.49129259234548],[119.8517974,26.491119493630592]]]},"properties":{"terminal_id":558,"lat":26.4951394,"lon":119.8523067,"berth_count":1,"dwell_minutes":355.7166666666667,"center_method":"duration_weighted_berth_medoid"}},{"type":"Feature","geometry":{"type":"Polygon","coordinates":[[[118.77389163333332,32.123730569614],[118.77139624717468,32.12437164414142],[118.7697419578096,32.126078764680976],[118.76940005691273,32.13090768],[118.76993041657755,32.132700678673615],[118.77104220741678,32.13384787430812],[118.77301537024306,32.134638142887184],[118.7785412514763,32.134692910721164],[118.78021831446786,32.1342621158718],[118.78183560930506,32.133020836212296],[118.7825062720391,32.131649727358834],[118.78257094825243,32.12716157931848],[118.78206221675575,32.125741314076826],[118.78095042591653,32.124594016503444],[118.7794048358116,32.12389436515549],[118.77389163333332,32.123730569614]]]},"properties":{"terminal_id":559,"lat":32.129216687500005,"lon":118.775585375,"berth_count":1,"dwell_minutes":50460.8,"center_method":"duration_weighted_berth_medoid"}},{"type":"Feature","geometry":{"type":"Polygon","coordinates":[[[118.75306622357941,32.20286182608695],[118.75382319069493,32.20497331387632],[118.75625396418837,32.206498721609336],[118.76122585147633,32.20664406814494],[118.76396162414524,32.20554923178166],[118.76519087203911,32.20360328758031],[118.76567177642059,32.19675949999999],[118.76547837064787,32.19520525159692],[118.7643562241452,32.19362092135056],[118.76248403581161,32.192671297125045],[118.75974307024308,32.192580661315255],[118.75812394717472,32.19314821604099],[118.75665840638953,32.194516443462454],[118.75438177585478,32.19555177837779],[118.75315252796086,32.197497894792065],[118.75306622357941,32.20286182608695]]]},"properties":{"terminal_id":560,"lat":32.19919382352941,"lon":118.75782429411764,"berth_count":2,"dwell_minutes":25050.783333333333,"center_method":"duration_weighted_berth_medoid"}},{"type":"Feature","geometry":{"type":"Polygon","coordinates":[[[117.99054802774606,31.099676975],[117.99156756864144,31.102116821582044],[117.99394338881444,31.103401827887918],[117.99447857935212,31.10654902793123],[117.99592732408347,31.108405439807097],[117.99747291418838,31.109112766875942],[117.99949438480964,31.109259840156707],[118.0011714478012,31.10882427159638],[118.00252616885852,31.107872365381308],[118.00345940537245,31.106182936024588],[118.00335230398122,31.104104289785585],[118.00185930219183,31.10154717443484],[117.99994781682861,31.10038532526713],[117.99983344564788,31.097982384490326],[117.99838470091653,31.09612576886204],[117.9959755264763,31.095271250344936],[117.99292228969878,31.095706881067677],[117.9910783874109,31.097285812142783],[117.99054802774606,31.099676975]]]},"properties":{"terminal_id":561,"lat":31.10526365168539,"lon":117.99896076404497,"berth_count":3,"dwell_minutes":23801.5,"center_method":"duration_weighted_berth_medoid"}},{"type":"Feature","geometry":{"type":"Polygon","coordinates":[[[118.06306916666666,31.19259362109889],[118.0613503147853,31.19288609334697],[118.05989314252143,31.193718978890395],[118.05891949114297,31.194965466499184],[118.05857759024607,31.196566375000007],[118.05891949114297,31.1980366614022],[118.05989314252143,31.199283092132937],[118.0613503147853,31.200115921369175],[118.0631934,31.200408370366546],[118.06491225188138,31.200115921369175],[118.06636942414524,31.199283092132937],[118.06734307552371,31.1980366614022],[118.06768497642061,31.19643577777778],[118.06734307552371,31.194965466499184],[118.06636942414524,31.193718978890395],[118.06491225188138,31.19288609334697],[118.06306916666666,31.19259362109889]]]},"properties":{"terminal_id":562,"lat":31.1965542,"lon":118.0631934,"berth_count":1,"dwell_minutes":1208.75,"center_method":"duration_weighted_berth_medoid"}},{"type":"Feature","geometry":{"type":"Polygon","coordinates":[[[119.6927496,26.799779945660834],[119.6910307481186,26.800085121734238],[119.68927756447479,26.801245699285417],[119.6884514293521,26.802625247552776],[119.68827965174754,26.804438947525313],[119.68878838324422,26.805935801702645],[119.68990017408346,26.807144936773526],[119.69144576418836,26.807882284415058],[119.6935193714763,26.808035599908692],[119.69519643446786,26.80758154465409],[119.69655115552519,26.80658923791569],[119.69737729064788,26.80520973786801],[119.69754906825246,26.80339605022265],[119.69704033675576,26.801899162522677],[119.69592854591653,26.80068997152029],[119.69438295581162,26.7999525771143],[119.6927496,26.799779945660834]]]},"properties":{"terminal_id":563,"lat":26.803885666666663,"lon":119.69297611111112,"berth_count":1,"dwell_minutes":2789.166666666667,"center_method":"duration_weighted_berth_medoid"}},{"type":"Feature","geometry":{"type":"Polygon","coordinates":[[[120.57277075691275,31.994607333333338],[120.57311265780965,31.996065076536123],[120.5744129074168,31.99755191233508],[120.57595849752171,31.998252530681253],[120.57806543457492,31.998398209012258],[120.58013640460541,31.997764633234844],[120.5831078526316,31.99801681497388],[120.58522516709948,31.99756703363911],[120.58706906938735,31.99600326099097],[120.58757780088405,31.993717949328047],[120.58684246193667,31.991974960315336],[120.58560323879021,31.99092394149599],[120.58398411572188,31.99035512918724],[120.58129052271721,31.99030027486267],[120.57926015424665,31.99091135157221],[120.57682208185703,31.99066517264086],[120.57514501886547,31.99109664431952],[120.57330111657757,31.992660500630894],[120.57277075691275,31.994607333333338]]]},"properties":{"terminal_id":564,"lat":31.99409132857143,"lon":120.58250801428572,"berth_count":2,"dwell_minutes":13918.733333333335,"center_method":"duration_weighted_berth_medoid"}},{"type":"Feature","geometry":{"type":"Polygon","coordinates":[[[121.06105033333333,31.799887242526218],[121.05933148145196,31.80017782149792],[121.05757829780812,31.801282885404028],[121.05675216268543,31.802596443567477],[121.05658038508086,31.804217227116695],[121.05708911657757,31.805642474654842],[121.05820090741679,31.806793764700885],[121.05974649752172,31.807495836613],[121.061931418143,31.807641817184994],[121.06360848113457,31.80720948475049],[121.06496320219186,31.806264650734953],[121.06578933731456,31.804951144720857],[121.06596111491912,31.803330374046002],[121.06545238342244,31.80190509084163],[121.06434059258322,31.8007537398782],[121.0627950024783,31.8000516167336],[121.06105033333333,31.799887242526218]]]},"properties":{"terminal_id":565,"lat":31.803731866666663,"lon":121.06129117777778,"berth_count":1,"dwell_minutes":22059.7,"center_method":"duration_weighted_berth_medoid"}},{"type":"Feature","geometry":{"type":"Polygon","coordinates":[[[119.18848716666668,32.23587904115954],[119.19098255282529,32.23523875122204],[119.19249779145876,32.23378236311014],[119.1944672014763,32.233923507381576],[119.19614426446786,32.233493181828834],[119.19818007421229,32.23158823387567],[119.20000409668118,32.23143300939418],[119.2018762850148,32.23048377992696],[119.20284993639326,32.22925113565726],[119.20319183729016,32.2277971111111],[119.20284993639326,32.22630047324937],[119.2018762850148,32.225067772241985],[119.19957652395983,32.22402787181445],[119.19707783085501,32.224118476292745],[119.19450072984831,32.22585008783915],[119.19128661384137,32.226467940364444],[119.18974912837652,32.22796423583807],[119.18730649690974,32.22788250812211],[119.18500673585477,32.22892236444924],[119.18377748796087,32.23086776685299],[119.18403308447628,32.23353367602635],[119.18568737384136,32.23523875122204],[119.18848716666668,32.23587904115954]]]},"properties":{"terminal_id":566,"lat":32.2301424,"lon":119.19402695,"berth_count":3,"dwell_minutes":2637.6,"center_method":"duration_weighted_berth_medoid"}},{"type":"Feature","geometry":{"type":"Polygon","coordinates":[[[118.83096684749245,32.233218658536586],[118.83149720715728,32.23500964347741],[118.83296303775442,32.236377650162446],[118.83501817243673,32.236999637914074],[118.83685324397489,32.236854339904035],[118.84235385574992,32.23370043362947],[118.84328709226382,32.232031360136695],[118.84317999087261,32.22999420456017],[118.84235385574992,32.2286867587072],[118.8409991346926,32.22774626077391],[118.83932207170103,32.2273159059691],[118.83747197668836,32.22746121923138],[118.83592638658345,32.22816007536313],[118.83483382585042,32.22927892880792],[118.83228239976782,32.23035034784169],[118.83130874838935,32.23158297720204],[118.83096684749245,32.233218658536586]]]},"properties":{"terminal_id":567,"lat":32.23318585714286,"lon":118.8355377912088,"berth_count":2,"dwell_minutes":144969.28333333333,"center_method":"duration_weighted_berth_medoid"}},{"type":"Feature","geometry":{"type":"Polygon","coordinates":[[[121.99841585714289,29.916492209973814],[121.996298542675,29.916951899863474],[121.9946812478378,29.918222399292123],[121.99401058510374,29.919625745160378],[121.99401058510374,29.921863611617216],[121.9946812478378,29.923266906160578],[121.996298542675,29.92453732500315],[122.00013391014906,29.924922179508037],[122.00210707297533,29.92411335895161],[122.00321886381458,29.922939233061022],[122.00366291909793,29.919625745160378],[122.00299225636387,29.918222399292123],[122.00175303321744,29.917148311502086],[121.99841585714289,29.916492209973814]]]},"properties":{"terminal_id":568,"lat":29.92043409090909,"lon":121.99911509090909,"berth_count":1,"dwell_minutes":27080.183333333334,"center_method":"duration_weighted_berth_medoid"}},{"type":"Feature","geometry":{"type":"Polygon","coordinates":[[[122.23378936666668,30.276607615271566],[122.23207051478532,30.276902880942576],[122.23031733114148,30.27802576860492],[122.22949119601878,30.279360514117606],[122.22931941841424,30.280965241229097],[122.22982814991093,30.282413480285385],[122.23093994075015,30.283583343182812],[122.23248553085507,30.284296741374835],[122.2344931433682,30.284445077029623],[122.23617020635976,30.28400576986988],[122.23752492741708,30.283045693361675],[122.23835106253978,30.281710997975292],[122.23852284014434,30.28010628305971],[122.23801410864766,30.278658009951084],[122.23690231780841,30.277488088332053],[122.23378936666668,30.276607615271566]]]},"properties":{"terminal_id":569,"lat":30.280524972972973,"lon":122.23396462162162,"berth_count":1,"dwell_minutes":21895.250000000007,"center_method":"duration_weighted_berth_medoid"}},{"type":"Feature","geometry":{"type":"Polygon","coordinates":[[[122.12773849876736,29.77877896296296],[122.12737424224657,29.782834402948325],[122.12893008836917,29.785087285629984],[122.13047567847407,29.785804281418116],[122.13255784671439,29.785953365124627],[122.13423490970595,29.785511842563395],[122.13558963076328,29.784546924545744],[122.13652286727721,29.782834402948325],[122.1369896446024,29.777806700000003],[122.13664774370552,29.77631479783548],[122.13534749409834,29.774793074027603],[122.13249806818179,29.77390812492294],[122.12973468902932,29.774565163925907],[122.12808039966423,29.77631479783548],[122.12773849876736,29.77877896296296]]]},"properties":{"terminal_id":570,"lat":29.777886386363637,"lon":122.13247013636364,"berth_count":2,"dwell_minutes":39581.78333333333,"center_method":"duration_weighted_berth_medoid"}},{"type":"Feature","geometry":{"type":"Polygon","coordinates":[[[118.51965799999998,39.041877006840686],[118.5175406855321,39.04228892845448],[118.5161859644748,39.043152430287556],[118.51525272796086,39.04468491352462],[118.51525272796086,39.04644429036756],[118.51592339069492,39.047701747750835],[118.5175406855321,39.048840134500544],[118.51921774852366,39.04923521897309],[118.52177054880451,39.04918499109175],[118.52338967187289,39.04866414884278],[118.52462889501932,39.047701747750835],[118.52529955775339,39.04644429036756],[118.52529955775339,39.04468491352462],[118.52462889501932,39.04342740243686],[118.52338967187289,39.04246492999568],[118.52177054880451,39.041944038195496],[118.51965799999998,39.041877006840686]]]},"properties":{"terminal_id":571,"lat":39.04550664285714,"lon":118.5198982244898,"berth_count":1,"dwell_minutes":63226.683333333334,"center_method":"duration_weighted_berth_medoid"}},{"type":"Feature","geometry":{"type":"Polygon","coordinates":[[[121.65442738095237,38.962652490979785],[121.6523100664845,38.963064874124804],[121.6506927716473,38.96420462371412],[121.65002210891323,38.965463543820746],[121.65002210891323,38.9673184131463],[121.6506927716473,38.96857727791797],[121.6523100664845,38.96971693882115],[121.65613970753468,38.97006218140355],[121.65775883060306,38.969540756187214],[121.6592246612002,38.968283329977695],[121.65966871648355,38.965463543820746],[121.65899805374951,38.96420462371412],[121.65775883060306,38.963241072865465],[121.65442738095237,38.962652490979785]]]},"properties":{"terminal_id":572,"lat":38.96654050724638,"lon":121.65503571014494,"berth_count":1,"dwell_minutes":14375.666666666668,"center_method":"duration_weighted_berth_medoid"}},{"type":"Feature","geometry":{"type":"Polygon","coordinates":[[[121.06299642357939,40.79774428571427],[121.06352678324423,40.799347117413404],[121.06499261384137,40.80057140236005],[121.067488,40.801144415317644],[121.07106341181128,40.80073949984565],[121.07203128331538,40.80240988560043],[121.07419948302895,40.80350652932203],[121.07595014210132,40.80363655712242],[121.07762720509288,40.803251469876756],[121.07898192615019,40.80240988560043],[121.07980806127289,40.801239913700066],[121.07991516266412,40.79958756299106],[121.07868591477022,40.79784662159672],[121.07638615371525,40.79691605030943],[121.07343008861572,40.79723642850455],[121.0726731215002,40.795337010311066],[121.07024234800674,40.7939722014733],[121.06704774852368,40.79384215474081],[121.06499261384137,40.79439885199107],[121.06333832447629,40.795924881609515],[121.06299642357939,40.79774428571427]]]},"properties":{"terminal_id":573,"lat":40.79741898888889,"lon":121.06779048888887,"berth_count":2,"dwell_minutes":16697.0,"center_method":"duration_weighted_berth_medoid"}},{"type":"Feature","geometry":{"type":"Polygon","coordinates":[[[121.0713746430916,37.72239242592592],[121.07213161020712,37.724366211337156],[121.07414736763084,37.72567468211488],[121.07701702702701,37.725945107938486],[121.07890295066805,37.72561218201063],[121.08121071794872,37.72596586706334],[121.08292956983009,37.72569544131552],[121.08438674209395,37.72492532853107],[121.08536039347243,37.7237727583402],[121.08570229436933,37.722186125],[121.08494532725378,37.720212281495115],[121.08292956983009,37.71890371422113],[121.0758662195122,37.71866507141829],[121.07414736763084,37.71893552283395],[121.07269019536697,37.71970569789513],[121.0717165439885,37.72085833137088],[121.0713746430916,37.72239242592592]]]},"properties":{"terminal_id":574,"lat":37.72237375555555,"lon":121.07699464444444,"berth_count":2,"dwell_minutes":23452.783333333333,"center_method":"duration_weighted_berth_medoid"}},{"type":"Feature","geometry":{"type":"Polygon","coordinates":[[[121.89415003469051,38.97719548148148],[121.89468039435533,38.978841454950015],[121.89614622495247,38.980098693712065],[121.90181053799738,38.98135567987806],[121.90402294730079,38.981305403760224],[121.90564207036915,38.98078406132202],[121.90688129351558,38.97982073600596],[121.90761663246298,38.97822312295637],[121.90755195624965,38.976145989427955],[121.90688129351558,38.9748872591773],[121.9052639986784,38.973747681467565],[121.90358693568683,38.97335217508491],[121.89652429664324,38.97410424115857],[121.89468039435533,38.975537732184335],[121.89415003469051,38.97719548148148]]]},"properties":{"terminal_id":575,"lat":38.97787491935484,"lon":121.90226377419354,"berth_count":2,"dwell_minutes":21509.88333333333,"center_method":"duration_weighted_berth_medoid"}},{"type":"Feature","geometry":{"type":"Polygon","coordinates":[[[118.94645258507008,32.16970838461539],[118.94679448596695,32.171163337752205],[118.94776813734545,32.17239676926076],[118.94922530960929,32.173220912537204],[118.95097596629212,32.17351031140123],[118.9536624442077,32.17274962120607],[118.95593404597699,32.17327681696705],[118.95816176446787,32.17282789737129],[118.96000566675576,32.171267120681634],[118.9605360264206,32.169314557894744],[118.9601941255237,32.167859575227915],[118.95922047414524,32.166626082281255],[118.95776330188137,32.165801879336236],[118.95593404597699,32.16551245598138],[118.95316137879598,32.16632731726711],[118.95097596629212,32.165843811915856],[118.9488268470228,32.166292765932035],[118.9469829447349,32.16785362785475],[118.94645258507008,32.16970838461539]]]},"properties":{"terminal_id":576,"lat":32.16944626966292,"lon":118.95596296629212,"berth_count":2,"dwell_minutes":50897.08333333333,"center_method":"duration_weighted_berth_medoid"}},{"type":"Feature","geometry":{"type":"Polygon","coordinates":[[[113.55894857142857,22.91288788173452],[113.55683125696069,22.913376394003524],[113.5552139621235,22.914726555831045],[113.55454329938944,22.916217898180296],[113.55454329938944,22.91863723507528],[113.5552139621235,22.920128534390937],[113.55683125696069,22.921478628951625],[113.55850831995225,22.921947189928954],[113.56071926309026,22.921887620776683],[113.56269242591654,22.92102807298175],[113.56380421675576,22.919780311524693],[113.56424827203912,22.916217898180296],[113.56357760930506,22.914726555831045],[113.56233838615861,22.91358512072721],[113.55894857142857,22.91288788173452]]]},"properties":{"terminal_id":577,"lat":22.917830142857145,"lon":113.55894857142856,"berth_count":1,"dwell_minutes":267.76666666666665,"center_method":"duration_weighted_berth_medoid"}},{"type":"Feature","geometry":{"type":"Polygon","coordinates":[[[122.16525028846155,30.243450398740567],[122.16353143658019,30.24374576411797],[122.16177825293634,30.244869030969163],[122.16084501642241,30.24657359330242],[122.16084501642241,30.248282905621917],[122.16151567915648,30.24968157610438],[122.16313297399368,30.250947808562888],[122.16481003698524,30.251387263669823],[122.16701460611351,30.251331394833432],[122.16863372918188,30.25075205869469],[122.16987295232833,30.24968157610438],[122.17054361506237,30.248282905621917],[122.17054361506237,30.24657359330242],[122.16987295232833,30.2451748785773],[122.16863372918188,30.244104335223003],[122.16525028846155,30.243450398740567]]]},"properties":{"terminal_id":578,"lat":30.247330563953486,"lon":122.16613834302326,"berth_count":1,"dwell_minutes":6678.266666666666,"center_method":"duration_weighted_berth_medoid"}},{"type":"Feature","geometry":{"type":"Polygon","coordinates":[[[120.27862256128431,37.64915005245901],[120.27937952839983,37.65112578797302],[120.28099682323703,37.65228634278549],[120.28311413770491,37.6527062445891],[120.28528967446783,37.65228634278549],[120.29006096123801,37.64817865866348],[120.2904028621349,37.64626928571429],[120.28987250247006,37.644592784267424],[120.28876071163084,37.64352008870071],[120.28721512152592,37.642865930577514],[120.28488402852366,37.64272991128723],[120.2832069655321,37.64313274128959],[120.2818522444748,37.64401308552058],[120.28085038730798,37.64598426959434],[120.27937952839983,37.64707540929493],[120.27862256128431,37.64915005245901]]]},"properties":{"terminal_id":579,"lat":37.64915005245902,"lon":120.28311413770491,"berth_count":2,"dwell_minutes":11222.083333333332,"center_method":"duration_weighted_berth_medoid"}},{"type":"Feature","geometry":{"type":"Polygon","coordinates":[[[121.16058225,31.698292108573007],[121.15886339811863,31.69858300655356],[121.1571102144748,31.699689283665553],[121.1562840793521,31.701004283981728],[121.1560906735794,31.702881400000003],[121.1564325744763,31.704343761324594],[121.15740622585477,31.70558347333639],[121.15886339811863,31.706411813185024],[121.16064539999999,31.706702685703316],[121.16236425188136,31.706411813185024],[121.16411743552517,31.705305616244406],[121.16494357064786,31.703990676904063],[121.16513697642057,31.702113583333322],[121.1647950755237,31.70065118684956],[121.1638214241452,31.699411408917427],[121.16236425188136,31.69858300655356],[121.16058225,31.698292108573007]]]},"properties":{"terminal_id":580,"lat":31.702113583333333,"lon":121.16058225,"berth_count":1,"dwell_minutes":407.5499999999999,"center_method":"duration_weighted_berth_medoid"}},{"type":"Feature","geometry":{"type":"Polygon","coordinates":[[[116.54251242857144,22.942568069464894],[116.54079357669004,22.94288292428434],[116.53904039304622,22.944080310930737],[116.53821425792353,22.945503615368057],[116.53804248031896,22.947341555011146],[116.53855121181566,22.948885892414545],[116.53966300265489,22.950133385697885],[116.54120859275979,22.95089412560308],[116.5432681264763,22.951052305096095],[116.54494518946787,22.950583844829136],[116.54629991052518,22.949560057804387],[116.54712604564787,22.948136796029583],[116.54729782325244,22.94629886718688],[116.54678909175574,22.944754500260714],[116.54567730091651,22.94350695739256],[116.54251242857144,22.942568069464894]]]},"properties":{"terminal_id":581,"lat":22.94678808333333,"lon":116.54259116666668,"berth_count":1,"dwell_minutes":1553.5,"center_method":"duration_weighted_berth_medoid"}},{"type":"Feature","geometry":{"type":"Polygon","coordinates":[[[117.99737441666664,31.16959643162998],[117.99565556478528,31.1698889749289],[117.99419839252141,31.170722062810082],[117.99322474114294,31.171968853244486],[117.99288284024604,31.17348075000001],[117.99322474114294,31.174951395016997],[117.99419839252141,31.176198129774214],[117.99565556478528,31.177031162158315],[117.99752999999997,31.177323682492457],[117.99924885188136,31.177031162158315],[118.0007060241452,31.176198129774214],[118.00167967552369,31.174951395016997],[118.00202157642056,31.17343952173913],[118.00167967552369,31.171968853244486],[118.0007060241452,31.170722062810082],[117.99924885188136,31.1698889749289],[117.99737441666664,31.16959643162998]]]},"properties":{"terminal_id":582,"lat":31.17344921052631,"lon":117.99741542105264,"berth_count":1,"dwell_minutes":20354.35,"center_method":"duration_weighted_berth_medoid"}},{"type":"Feature","geometry":{"type":"Polygon","coordinates":[[[120.88284376762319,31.919075682779596],[120.8823156946047,31.920526545313148],[120.88248747220925,31.923077648742893],[120.88360961871192,31.924666671289298],[120.88506679097577,31.92549304844752],[120.88871512152589,31.92561908159038],[120.89026071163079,31.924917908860923],[120.89141698383895,31.923688269837477],[120.89287121886544,31.924745784614917],[120.894548281857,31.925177566090426],[120.89632171676399,31.92503177155498],[120.89819390509761,31.92407935517124],[120.89916755647609,31.92284257258221],[120.89950945737297,31.921383666666664],[120.89916755647609,31.919901189616535],[120.89819390509761,31.918664350841095],[120.8954581324287,31.91756606214715],[120.89326968145194,31.917837912323805],[120.89137362260223,31.919105083106064],[120.8906267716276,31.91824139689386],[120.89104697979448,31.915890271673728],[120.89409861446788,31.91548365651431],[120.8961309755237,31.913580252823795],[120.89638657203912,31.911055319812494],[120.89515732414523,31.909103101605705],[120.89370015188138,31.90827657719582],[120.8919813,31.907986338658617],[120.88996859811864,31.90827657719582],[120.88851142585477,31.909103101605705],[120.8873892793521,31.91069236556517],[120.88723192475099,31.912577447017743],[120.88451164811863,31.91282410129727],[120.88226928324426,31.91454926169414],[120.88176055174756,31.916950874771775],[120.88284376762319,31.919075682779596]]]},"properties":{"terminal_id":583,"lat":31.921383666666664,"lon":120.89498853333332,"berth_count":4,"dwell_minutes":4439.666666666667,"center_method":"duration_weighted_berth_medoid"}},{"type":"Feature","geometry":{"type":"Polygon","coordinates":[[[118.37488245434864,31.549880437500004],[118.37563942146416,31.552006943837213],[118.3775167543645,31.553360871199548],[118.37771686076933,31.55447513317572],[118.3768064212505,31.555657413364056],[118.37646452035361,31.55712209090909],[118.377484061249,31.559822430135693],[118.37883878230633,31.560769775806033],[118.3805158452979,31.56120325753345],[118.38368084203762,31.561148148109336],[118.3856540048639,31.560352950638414],[118.38720985098648,31.5581410944627],[118.38720985098648,31.55637540764513],[118.38637986173511,31.554812638720154],[118.38667729791592,31.552532403501054],[118.38791319825245,31.550255612435013],[118.38784852203912,31.54638910045531],[118.38691528552519,31.544707522702385],[118.38556056446787,31.543760013937266],[118.3838835014763,31.543326451165054],[118.37893377929291,31.543326451165054],[118.37725671630135,31.543760013937266],[118.37590199524402,31.544707522702385],[118.37507586012133,31.546024715067144],[118.37488245434864,31.549880437500004]]]},"properties":{"terminal_id":584,"lat":31.5485120078125,"lon":118.38010980468748,"berth_count":3,"dwell_minutes":22900.95,"center_method":"duration_weighted_berth_medoid"}},{"type":"Feature","geometry":{"type":"Polygon","coordinates":[[[121.71253477777776,29.014460278119447],[121.71081592589638,29.014759269105927],[121.70906274225256,29.015896324357982],[121.70823660712986,29.017247911135364],[121.70806482952531,29.0189911825677],[121.708573561022,29.020457694923426],[121.70968535186121,29.021642319281522],[121.71123094196614,29.022364719474723],[121.71336675147631,29.022514926925112],[121.71504381446788,29.02207007632742],[121.7163985355252,29.021097885268333],[121.7172246706479,29.01974634887075],[121.71739644825243,29.018003090184283],[121.71688771675575,29.01653654297593],[121.71577592591653,29.015351860055887],[121.7142303358116,29.014629410811526],[121.71253477777776,29.014460278119447]]]},"properties":{"terminal_id":585,"lat":29.01852014285714,"lon":121.71270774285716,"berth_count":1,"dwell_minutes":96592.41666666669,"center_method":"duration_weighted_berth_medoid"}},{"type":"Feature","geometry":{"type":"Polygon","coordinates":[[[108.57476259024604,21.732081500000003],[108.57551955736157,21.734399508880653],[108.57713685219876,21.73576112773728],[108.57955932258064,21.7362537788412],[108.58205470873926,21.735550631556567],[108.5832939318857,21.734399508880653],[108.58402664046616,21.732506932310148],[108.5858746084149,21.731472591513555],[108.58684825979337,21.730118975086683],[108.58716853252211,21.726787414258183],[108.58643319357473,21.724878264485532],[108.58519397042829,21.723727056350608],[108.58357484735993,21.723104023154054],[108.58094441592206,21.723104023154054],[108.5793252928537,21.723727056350608],[108.57785946225655,21.72522948204752],[108.57732910259173,21.72826323801973],[108.57551955736157,21.729709381438045],[108.57476259024604,21.732081500000003]]]},"properties":{"terminal_id":586,"lat":21.72719638951311,"lon":108.58269858426966,"berth_count":2,"dwell_minutes":13882.45,"center_method":"duration_weighted_berth_medoid"}},{"type":"Feature","geometry":{"type":"Polygon","coordinates":[[[118.85259733333332,32.170745866519184],[118.84974790741678,32.17160886824979],[118.84829916268542,32.17344413782835],[118.84812738508086,32.17846648383932],[118.84886272402825,32.180205919610714],[118.85048001886545,32.18144655676877],[118.85215708185702,32.18187712862831],[118.85887129495457,32.18187712862831],[118.86092642963689,32.18125476379833],[118.86216565278332,32.180205919610714],[118.86290099173071,32.17846648383932],[118.86290099173071,32.17417510726864],[118.86216565278332,32.172435556300854],[118.86092642963689,32.17138661053513],[118.85930730656852,32.17081892013957],[118.85259733333332,32.170745866519184]]]},"properties":{"terminal_id":587,"lat":32.1766390754717,"lon":118.85608571698114,"berth_count":1,"dwell_minutes":21519.216666666667,"center_method":"duration_weighted_berth_medoid"}},{"type":"Feature","geometry":{"type":"Polygon","coordinates":[[[121.6473833333333,29.50443829413787],[121.64526601886543,29.504899874409222],[121.64364872402825,29.506175598648593],[121.64297806129419,29.507584715883134],[121.64297806129419,29.509752866580286],[121.64364872402825,29.511161934022706],[121.64526601886543,29.512437579352348],[121.64694308185699,29.512880301349355],[121.64937815197916,29.512824017184034],[121.65135131480544,29.512011869087154],[121.65246310564466,29.510832912913227],[121.65290716092801,29.507584715883134],[121.65223649819397,29.506175598648593],[121.65099727504752,29.505097093759105],[121.64937815197916,29.504513406327735],[121.6473833333333,29.50443829413787]]]},"properties":{"terminal_id":588,"lat":29.508397666666667,"lon":121.64770655555556,"berth_count":1,"dwell_minutes":21599.68333333333,"center_method":"duration_weighted_berth_medoid"}},{"type":"Feature","geometry":{"type":"Polygon","coordinates":[[[117.38720085215083,30.719500607142844],[117.3875427530477,30.72097825575623],[117.38851640442618,30.72223092802653],[117.39295244417588,30.72401179147487],[117.39477160051749,30.72386412476492],[117.39631719062238,30.723153943722345],[117.39742898146163,30.72198935630683],[117.39793771295831,30.720547647814076],[117.39776593535375,30.718937729106518],[117.39693980023105,30.717609001676287],[117.39490123841654,30.715619091899196],[117.39249206397633,30.714761169475462],[117.39038859275978,30.714908850126786],[117.38851640442618,30.715873576413678],[117.38739425792352,30.717483103501756],[117.38720085215083,30.719500607142844]]]},"properties":{"terminal_id":589,"lat":30.71945295652174,"lon":117.39195139130436,"berth_count":2,"dwell_minutes":5378.716666666667,"center_method":"duration_weighted_berth_medoid"}},{"type":"Feature","geometry":{"type":"Polygon","coordinates":[[[118.16432058333334,31.251468319132943],[118.16220326886545,31.251921721766383],[118.16035936657758,31.253498050476598],[118.15982900691273,31.255308083333325],[118.16017090780963,31.257922355003824],[118.1611445591881,31.259167996113625],[118.16301674752172,31.260127234443566],[118.16828085188136,31.26000029773205],[118.16973802414523,31.259167996113625],[118.17086017064787,31.257567581945633],[118.1707116755237,31.25383868763638],[118.16973802414523,31.252592976201043],[118.16828085188136,31.25176060927032],[118.16432058333334,31.251468319132943]]]},"properties":{"terminal_id":590,"lat":31.255727833333335,"lon":118.165309,"berth_count":1,"dwell_minutes":2985.583333333334,"center_method":"duration_weighted_berth_medoid"}},{"type":"Feature","geometry":{"type":"Polygon","coordinates":[[[121.85685391666668,29.93565580391243],[121.8551350647853,29.935952090127262],[121.85338188114147,29.937078858974303],[121.85244864462753,29.93878873582853],[121.85244864462753,29.940671179408348],[121.8531193073616,29.942074208758495],[121.8547366021988,29.943344387508844],[121.85641366519036,29.943785212240105],[121.85880966309026,29.94372916927953],[121.86042878615864,29.943148027564202],[121.86166800930506,29.942074208758495],[121.86233867203913,29.940671179408348],[121.86233867203913,29.93878873582853],[121.86166800930506,29.937385660140528],[121.86042878615864,29.9363117791323],[121.85880966309026,29.935730594084678],[121.85685391666668,29.93565580391243]]]},"properties":{"terminal_id":591,"lat":29.939634013888888,"lon":121.85778954166666,"berth_count":1,"dwell_minutes":25905.35,"center_method":"duration_weighted_berth_medoid"}},{"type":"Feature","geometry":{"type":"Polygon","coordinates":[[[119.05158967357941,32.22411116666667],[119.05193157447631,32.225565250179734],[119.05290522585479,32.22679794444032],[119.05477741418841,32.227747212405454],[119.05722560068861,32.22791082097158],[119.05821066447481,32.229875525857665],[119.05996384811866,32.23097542010215],[119.06168270000002,32.2312646353055],[119.06402021551773,32.23097542010215],[119.0654773877816,32.23015179984217],[119.06645103916007,32.22891915106961],[119.06679294005697,32.22746512121211],[119.06645103916007,32.225708442039064],[119.0654773877816,32.22447573300257],[119.06400303096606,32.223646852179336],[119.06380962519333,32.218054178722284],[119.06268747869069,32.21647024639352],[119.06123030642682,32.215646494698056],[119.0556409985237,32.21537552831594],[119.05290522585479,32.21647024639352],[119.05161130174757,32.21878478990729],[119.05158967357941,32.22411116666667]]]},"properties":{"terminal_id":592,"lat":32.22233156,"lon":119.05736026,"berth_count":2,"dwell_minutes":10809.3,"center_method":"duration_weighted_berth_medoid"}},{"type":"Feature","geometry":{"type":"Polygon","coordinates":[[[122.40183,30.399085994524487],[122.40011114811864,30.39938089103629],[122.39865397585477,30.40022068037234],[122.3976803244763,30.401477500440603],[122.3973384235794,30.403147333333333],[122.3976803244763,30.404629807541166],[122.39865397585477,30.40588657086058],[122.40011114811864,30.406726304247858],[122.40186533333335,30.40702117768651],[122.40358418521471,30.406726304247858],[122.40504135747858,30.40588657086058],[122.40601500885704,30.404629807541166],[122.40635690975394,30.402959999999993],[122.40601500885704,30.401477500440603],[122.40504135747858,30.40022068037234],[122.40358418521471,30.39938089103629],[122.40183,30.399085994524487]]]},"properties":{"terminal_id":593,"lat":30.403147333333333,"lon":122.40186533333332,"berth_count":1,"dwell_minutes":138.56666666666666,"center_method":"duration_weighted_berth_medoid"}},{"type":"Feature","geometry":{"type":"Polygon","coordinates":[[[119.75197928124999,26.59280469752388],[119.75026042936861,26.593110428473874],[119.74880325710475,26.593981072083736],[119.74782960572628,26.595284069953706],[119.74748770482938,26.596886524390236],[119.74782960572628,26.59842347458057],[119.74880325710475,26.599726421868024],[119.75026042936861,26.600597015142768],[119.75206945833334,26.600902725274697],[119.75378831021472,26.600597015142768],[119.75524548247857,26.599726421868024],[119.75621913385704,26.59842347458057],[119.75656103475394,26.596821041666672],[119.75621913385704,26.595284069953706],[119.75524548247857,26.593981072083736],[119.75378831021472,26.593110428473874],[119.75197928124999,26.59280469752388]]]},"properties":{"terminal_id":594,"lat":26.5968568,"lon":119.7520351,"berth_count":1,"dwell_minutes":31631.45,"center_method":"duration_weighted_berth_medoid"}},{"type":"Feature","geometry":{"type":"Polygon","coordinates":[[[118.46977333333331,31.74464583591964],[118.46805448145193,31.744936588462824],[118.46630129780812,31.74604231246953],[118.46536806129419,31.7477202523835],[118.46536806129419,31.749434473151258],[118.46603872402825,31.750811296227585],[118.46765601886543,31.75205774922475],[118.47137614309025,31.752435343460647],[118.47299526615863,31.751865057157023],[118.47423448930509,31.750811296227585],[118.47490515203913,31.749434473151258],[118.47490515203913,31.7477202523835],[118.47423448930509,31.746343383343937],[118.47299526615863,31.745289559573223],[118.46977333333331,31.74464583591964]]]},"properties":{"terminal_id":595,"lat":31.7484654,"lon":118.47049988,"berth_count":1,"dwell_minutes":2004.0,"center_method":"duration_weighted_berth_medoid"}},{"type":"Feature","geometry":{"type":"Polygon","coordinates":[[[117.73330899999996,30.86279561646918],[117.73119168553208,30.863250875163114],[117.7295743906949,30.8645091272587],[117.72890372796084,30.865898944650606],[117.72883905174751,30.868077390993346],[117.7295743906949,30.86984140145418],[117.73081361384135,30.870905064272932],[117.73243273690971,30.871480709519474],[117.7342725014763,30.871536222417816],[117.73594956446786,30.87109956704546],[117.73756685930506,30.86984140145418],[117.73823752203913,30.868451641221544],[117.73830219825246,30.86627320338393],[117.73779346675578,30.86483365696303],[117.73668167591653,30.86367078453113],[117.73513608581163,30.862961635490116],[117.73330899999996,30.86279561646918]]]},"properties":{"terminal_id":596,"lat":30.867631733333333,"lon":117.7338258,"berth_count":1,"dwell_minutes":1084.1333333333332,"center_method":"duration_weighted_berth_medoid"}},{"type":"Feature","geometry":{"type":"Polygon","coordinates":[[[118.08375785714286,24.526137697897344],[118.08203900526148,24.526448749374094],[118.08028582161765,24.52763167155465],[118.0793525851037,24.52942676565116],[118.07928790889041,24.53154251186288],[118.07979664038709,24.533068181863165],[118.0809084312263,24.534300595064668],[118.08245402133123,24.535052138550334],[118.08459500147632,24.535208405811357],[118.08627206446788,24.534745608726407],[118.08788935930505,24.533412121443344],[118.08856002203912,24.53193916531823],[118.08862469825245,24.529823425791108],[118.08811596675577,24.528297716358864],[118.08700417591652,24.527065244228794],[118.08545858581162,24.526313652930277],[118.08375785714286,24.526137697897344]]]},"properties":{"terminal_id":597,"lat":24.530313371257485,"lon":118.08389171257484,"berth_count":1,"dwell_minutes":26491.716666666667,"center_method":"duration_weighted_berth_medoid"}},{"type":"Feature","geometry":{"type":"Polygon","coordinates":[[[117.73640791354809,30.907347906609445],[117.73700762128698,30.909160392925756],[117.73851103711098,30.910498483258245],[117.74056957817218,30.911077203417527],[117.74309581994594,30.91059445152683],[117.74467350042731,30.90932085661916],[117.74531450436344,30.90793370434879],[117.74559018587958,30.905154973628704],[117.74501421550434,30.90332149616456],[117.74348773127191,30.90194655924819],[117.74182553970773,30.901407119899115],[117.74004962546012,30.901463049716536],[117.73804547318113,30.90211844647537],[117.73674939643149,30.9030986721441],[117.73598042035657,30.90442614535888],[117.7358523191039,30.90590444946424],[117.73640791354809,30.907347906609445]]]},"properties":{"terminal_id":598,"lat":30.90719847692308,"lon":117.74082167692308,"berth_count":2,"dwell_minutes":5944.433333333334,"center_method":"duration_weighted_berth_medoid"}},{"type":"Feature","geometry":{"type":"Polygon","coordinates":[[[117.41786905994304,30.72990599999999],[117.41831084614104,30.73355966666258],[117.4203434213875,30.735578885558226],[117.42206186219602,30.736040095582283],[117.42489774329496,30.73588983986194],[117.42645557085041,30.73516480952186],[117.42756606961073,30.733978409770916],[117.42805648846033,30.732515186089852],[117.42791880463825,30.728763833755906],[117.42723473765743,30.72739463591106],[117.42562318393229,30.72615933422156],[117.42236063636365,30.725713196460852],[117.42024332189577,30.726169104782638],[117.41839941960788,30.727754145188214],[117.41786905994304,30.72990599999999]]]},"properties":{"terminal_id":599,"lat":30.73165259036144,"lon":117.42251422891567,"berth_count":2,"dwell_minutes":4188.883333333333,"center_method":"duration_weighted_berth_medoid"}},{"type":"Feature","geometry":{"type":"Polygon","coordinates":[[[121.99669000000002,29.98171879056451],[121.99497114811864,29.982014939514865],[121.99351397585478,29.982858295534413],[121.99254032447631,29.98412045363302],[121.99219842357941,29.985821111111115],[121.99254032447631,29.987309881979755],[121.99351397585478,29.988571983495792],[121.99497114811864,29.989415283826325],[121.99690377777779,29.989711409823002],[121.99862262965915,29.989415283826325],[122.00007980192302,29.988571983495792],[122.0010534533015,29.987309881979755],[122.0013953541984,29.985609249999996],[122.0010534533015,29.98412045363302],[122.00007980192302,29.982858295534413],[121.99862262965915,29.982014939514865],[121.99669000000002,29.98171879056451]]]},"properties":{"terminal_id":600,"lat":29.98582111111111,"lon":121.9969037777778,"berth_count":1,"dwell_minutes":298.96666666666664,"center_method":"duration_weighted_berth_medoid"}},{"type":"Feature","geometry":{"type":"Polygon","coordinates":[[[117.71767583174268,30.827703848837196],[117.71869537263807,30.830150654488538],[117.72090957408346,30.83213176308798],[117.72245516418839,30.832841140065238],[117.72422097874906,30.83298863958518],[117.72589804174062,30.832551808690845],[117.72725276279793,30.831597143784272],[117.72807889792062,30.83026997133596],[117.72818599931186,30.82828594969449],[117.72694920512784,30.825356493184415],[117.72583741428863,30.824193142180118],[117.7242918241837,30.82348370130154],[117.72129114507301,30.823391727942603],[117.71931798224674,30.824193142180118],[117.71801773263958,30.825698665629133],[117.71767583174268,30.827703848837196]]]},"properties":{"terminal_id":601,"lat":30.82770384883721,"lon":117.72298798837208,"berth_count":2,"dwell_minutes":5975.416666666666,"center_method":"duration_weighted_berth_medoid"}},{"type":"Feature","geometry":{"type":"Polygon","coordinates":[[[117.43036186666664,30.732753096652214],[117.42824455219878,30.733208971675744],[117.4266272573616,30.73446892723685],[117.42589191841421,30.7362353917356],[117.42606369601877,30.738443476417878],[117.42718584252144,30.74005262667902],[117.42864301478528,30.74088947169809],[117.4333573358116,30.741017101346408],[117.43522952414521,30.74005262667902],[117.43620317552369,30.7388001860211],[117.4363516706479,30.735493112907726],[117.4355255355252,30.734164613661378],[117.43417081446786,30.733208971675744],[117.43036186666664,30.732753096652214]]]},"properties":{"terminal_id":602,"lat":30.73732281060606,"lon":117.43204768181818,"berth_count":1,"dwell_minutes":7143.016666666666,"center_method":"duration_weighted_berth_medoid"}},{"type":"Feature","geometry":{"type":"Polygon","coordinates":[[[118.45262288461541,31.713010009682844],[118.45090403273404,31.713300861505797],[118.44944686047018,31.71412913242266],[118.4484732090917,31.715368713626873],[118.4481313081948,31.716840269230772],[118.4484732090917,31.71830241044429],[118.44944686047018,31.719541935850522],[118.45090403273404,31.72037015101106],[118.45264148780487,31.720660979744284],[118.45436033968625,31.72037015101106],[118.4558175119501,31.719541935850522],[118.45679116332857,31.71830241044429],[118.45713306422547,31.716830878048782],[118.45679116332857,31.715368713626873],[118.4558175119501,31.71412913242266],[118.45436033968625,31.713300861505797],[118.45262288461541,31.713010009682844]]]},"properties":{"terminal_id":603,"lat":31.71683087804878,"lon":118.45264148780488,"berth_count":1,"dwell_minutes":2071.616666666667,"center_method":"duration_weighted_berth_medoid"}},{"type":"Feature","geometry":{"type":"Polygon","coordinates":[[[118.76500185714283,32.17788691462403],[118.76288454267497,32.178335809282736],[118.76104064038708,32.17989646483374],[118.76053190889037,32.18131588648886],[118.7605965851037,32.184194905351184],[118.76126724783776,32.18556522386353],[118.76288454267497,32.18680578799275],[118.76456160566653,32.18723633450652],[118.76717626309024,32.18718159824413],[118.76914942591654,32.18639178521956],[118.77026121675574,32.18524525087428],[118.77076994825244,32.18382589047802],[118.77070527203911,32.180946859946594],[118.77003460930507,32.179576471921386],[118.76879538615862,32.17852760840158],[118.76717626309024,32.17795996251659],[118.76500185714283,32.17788691462403]]]},"properties":{"terminal_id":604,"lat":32.182674240000004,"lon":118.76552592,"berth_count":1,"dwell_minutes":1350.9833333333331,"center_method":"duration_weighted_berth_medoid"}},{"type":"Feature","geometry":{"type":"Polygon","coordinates":[[[121.87231512244895,29.158575945465852],[121.87059627056759,29.158874518388778],[121.86884308692375,29.16000998371981],[121.86790985040982,29.16173305810879],[121.86790985040982,29.163509572109437],[121.86858051314388,29.16492343343294],[121.87019780798109,29.166203418901027],[121.87187487097265,29.166647647215],[121.87410576309023,29.166591171547324],[121.87572488615861,29.166005542887394],[121.87696410930504,29.16492343343294],[121.8776347720391,29.163509572109437],[121.8776347720391,29.16173305810879],[121.87696410930504,29.160319152852427],[121.87572488615861,29.159236983466712],[121.87231512244895,29.158575945465852]]]},"properties":{"terminal_id":605,"lat":29.1627443877551,"lon":121.87231512244897,"berth_count":1,"dwell_minutes":2062.4666666666667,"center_method":"duration_weighted_berth_medoid"}},{"type":"Feature","geometry":{"type":"Polygon","coordinates":[[[122.44746122222223,36.877018195361075],[122.44574237034087,36.877291690092534],[122.444285198077,36.87807053182749],[122.44331154669852,36.87923613601774],[122.44296964580163,36.88076844444443],[122.44331154669852,36.882143317875844],[122.444285198077,36.8833088599024],[122.44574237034087,36.88408764027088],[122.44765311111112,36.88436110968474],[122.44937196299249,36.88408764027088],[122.45082913525636,36.8833088599024],[122.45180278663483,36.882143317875844],[122.45214468753173,36.880611037037035],[122.45180278663483,36.87923613601774],[122.45082913525636,36.87807053182749],[122.44937196299249,36.877291690092534],[122.44746122222223,36.877018195361075]]]},"properties":{"terminal_id":606,"lat":36.880611037037035,"lon":122.44746122222224,"berth_count":1,"dwell_minutes":1231.4666666666667,"center_method":"duration_weighted_berth_medoid"}},{"type":"Feature","geometry":{"type":"Polygon","coordinates":[[[121.94459845806217,30.084367187499993],[121.9453554251777,30.086526392183526],[121.94721078566414,30.087892147455474],[121.94845864252144,30.089990558204352],[121.94991581478529,30.090832995780293],[121.95163466666665,30.091128818814376],[121.95387885188138,30.090832995780293],[121.95533602414524,30.089990558204352],[121.95630967552371,30.088729747864534],[121.95665157642061,30.087242500000006],[121.95630967552371,30.084385709172395],[121.95365820695373,30.08094394213803],[121.95190502330993,30.079818806127683],[121.94864978300646,30.07954166477541],[121.94659464832415,30.080177973901936],[121.94494035895907,30.081922243556047],[121.94459845806217,30.084367187499993]]]},"properties":{"terminal_id":607,"lat":30.0843671875,"lon":121.9497419375,"berth_count":2,"dwell_minutes":32638.73333333333,"center_method":"duration_weighted_berth_medoid"}},{"type":"Feature","geometry":{"type":"Polygon","coordinates":[[[124.14799733859998,39.81699568650699],[124.14686011723089,39.81844418165594],[124.14675301583965,39.82016574933334],[124.14798226373355,39.82193207693137],[124.14985445206717,39.822793923177755],[124.15165950147633,39.822925853200076],[124.15371463615864,39.82236109046782],[124.15714077064789,39.818992624728814],[124.15731254825243,39.817149647242076],[124.15680381675574,39.815861496682594],[124.15569202591654,39.814820919041296],[124.15414643581161,39.81418634692133],[124.15199730209511,39.81405440012049],[124.15032023910355,39.814445169145735],[124.14870294426635,39.81557109682568],[124.14799733859998,39.81699568650699]]]},"properties":{"terminal_id":608,"lat":39.819445621212125,"lon":124.15115828787876,"berth_count":2,"dwell_minutes":5079.05,"center_method":"duration_weighted_berth_medoid"}},{"type":"Feature","geometry":{"type":"Polygon","coordinates":[[[122.06339138686131,29.976317182981543],[122.06167253497995,29.976613348038217],[122.06021536271608,29.977456749925214],[122.0592417113376,29.978718976670773],[122.0588998104407,29.980281326923073],[122.0592417113376,29.98177018084611],[122.06021536271608,29.98303235277421],[122.06167253497995,29.98387570015359],[122.06341696153846,29.98417184267181],[122.06513581341983,29.98387570015359],[122.06659298568368,29.98303235277421],[122.06756663706216,29.98177018084611],[122.06790853795906,29.980207854014594],[122.06756663706216,29.978718976670773],[122.06659298568368,29.977456749925214],[122.06513581341983,29.976613348038217],[122.06339138686131,29.976317182981543]]]},"properties":{"terminal_id":609,"lat":29.980281326923077,"lon":122.06341696153846,"berth_count":1,"dwell_minutes":17971.583333333336,"center_method":"duration_weighted_berth_medoid"}},{"type":"Feature","geometry":{"type":"Polygon","coordinates":[[[118.05403037500001,24.407648290533434],[118.05231152311862,24.407959634853285],[118.0505583394748,24.409143670741887],[118.04962510296087,24.4109404549961],[118.04962510296087,24.412781972309094],[118.05029576569494,24.414256323369603],[118.05191306053213,24.41559107357473],[118.05359012352369,24.41605430898167],[118.05599544490843,24.415995416885924],[118.0576145679768,24.415384731184357],[118.05885379112324,24.414256323369603],[118.0595244538573,24.412781972309094],[118.0595244538573,24.4109404549961],[118.05885379112324,24.409466065208484],[118.0576145679768,24.408337604487034],[118.05599544490843,24.407726881739123],[118.05403037500001,24.407648290533434]]]},"properties":{"terminal_id":610,"lat":24.41198405208333,"lon":118.054030375,"berth_count":1,"dwell_minutes":4216.033333333334,"center_method":"duration_weighted_berth_medoid"}},{"type":"Feature","geometry":{"type":"Polygon","coordinates":[[[119.39746484210526,35.120315655447264],[119.39574599022389,35.12059531136422],[119.39428881796003,35.121391698776925],[119.39331516658156,35.12258356222244],[119.39297326568466,35.12414405303031],[119.39331516658156,35.125549902470134],[119.39428881796003,35.126741705071026],[119.39574599022389,35.12753803238984],[119.39759091666666,35.12781766351042],[119.39930976854804,35.12753803238984],[119.40076694081189,35.126741705071026],[119.40174059219036,35.125549902470134],[119.40208249308726,35.12398943859649],[119.40174059219036,35.12258356222244],[119.40076694081189,35.121391698776925],[119.39930976854804,35.12059531136422],[119.39746484210526,35.120315655447264]]]},"properties":{"terminal_id":611,"lat":35.12414405303031,"lon":119.39759091666669,"berth_count":1,"dwell_minutes":5979.1,"center_method":"duration_weighted_berth_medoid"}},{"type":"Feature","geometry":{"type":"Polygon","coordinates":[[[121.06806689230766,28.006015981344103],[121.06634804042629,28.006317844639803],[121.06459485678248,28.00746582346651],[121.06366162026855,28.009207888027547],[121.06366162026855,28.011086009444956],[121.0643322830026,28.01251545367227],[121.06594957783977,28.013809547143747],[121.06762664083134,28.01425867188011],[121.06989576309024,28.014201573716186],[121.07151488615862,28.01360949010193],[121.07275410930505,28.01251545367227],[121.07342477203912,28.011086009444956],[121.07342477203912,28.009207888027547],[121.07275410930505,28.00777839990449],[121.07151488615862,28.006684304246043],[121.06806689230766,28.006015981344103]]]},"properties":{"terminal_id":612,"lat":28.010283461538464,"lon":121.06893792307692,"berth_count":1,"dwell_minutes":24395.433333333334,"center_method":"duration_weighted_berth_medoid"}},{"type":"Feature","geometry":{"type":"Polygon","coordinates":[[[119.26682062357938,32.191788599999995],[119.26716252447628,32.1932432003446],[119.26846277408346,32.19472683043139],[119.27043593690973,32.195516571130256],[119.27225929880456,32.195516571130256],[119.2782627741452,32.1932175199398],[119.27938492064789,32.19163315508871],[119.27949202203912,32.18963543072686],[119.27882135930506,32.18826517348423],[119.27758213615863,32.187216410059044],[119.27596301309025,32.18664881834414],[119.27406948690974,32.18664881834414],[119.27149039093206,32.18794997662821],[119.26846277408346,32.18880835192694],[119.26716252447628,32.19029205430857],[119.26682062357938,32.191788599999995]]]},"properties":{"terminal_id":613,"lat":32.190491,"lon":119.2749785263158,"berth_count":2,"dwell_minutes":7952.833333333334,"center_method":"duration_weighted_berth_medoid"}},{"type":"Feature","geometry":{"type":"Polygon","coordinates":[[[118.30521349999998,31.468863205131893],[118.30349464811862,31.469154820153086],[118.30203747585476,31.469985264496124],[118.30106382447629,31.47122809852189],[118.30072192357939,31.47275978048781],[118.30106382447629,31.474225757976015],[118.30203747585476,31.475468535696482],[118.30349464811862,31.476298924023588],[118.30524017073172,31.476590515878968],[118.30695902261309,31.476298924023588],[118.30841619487693,31.475468535696482],[118.30938984625543,31.474225757976015],[118.3097317471523,31.472694100000002],[118.30938984625543,31.47122809852189],[118.30841619487693,31.469985264496124],[118.30695902261309,31.469154820153086],[118.30521349999998,31.468863205131893]]]},"properties":{"terminal_id":614,"lat":31.47275978048781,"lon":118.30524017073172,"berth_count":1,"dwell_minutes":2872.2833333333333,"center_method":"duration_weighted_berth_medoid"}},{"type":"Feature","geometry":{"type":"Polygon","coordinates":[[[120.39419693854947,32.040407099999996],[120.39472696805103,32.042201351494136],[120.39656984150614,32.043764243551394],[120.39824617217383,32.04419590623362],[120.40248598097227,32.044177814597674],[120.4039004355321,32.0451884765431],[120.40557749852366,32.04561969155075],[120.40765091273471,32.04547408828856],[120.40919650283963,32.044773830970456],[120.41030829367884,32.04362551650271],[120.41081702517553,32.04220395246984],[120.41049675244679,32.040311983744644],[120.40919650283963,32.03882584165412],[120.40765091273471,32.0381255334787],[120.40553253235362,32.03798557251854],[120.40403849036737,32.036862158248844],[120.40237835681681,32.03642084076128],[120.39829652587358,32.03638154554728],[120.39660261477404,32.03680250987945],[120.39473494019643,32.03836761773901],[120.39419693854947,32.040407099999996]]]},"properties":{"terminal_id":615,"lat":32.04179868840579,"lon":120.4062254347826,"berth_count":3,"dwell_minutes":49926.05,"center_method":"duration_weighted_berth_medoid"}},{"type":"Feature","geometry":{"type":"Polygon","coordinates":[[[120.94035542857144,31.816840816742783],[120.93823811410356,31.817291482281686],[120.93639421181565,31.818858294760265],[120.93588548031897,31.820283316396438],[120.93588548031897,31.823387643970438],[120.93662081926637,31.82513382920371],[120.9378600424128,31.826186743337843],[120.93947916548116,31.826756571352696],[120.94181053147628,31.82681152325574],[120.9438656661586,31.826186743337843],[120.94533149675574,31.824812595702905],[120.94584022825242,31.823387643970438],[120.94584022825242,31.820283316396438],[120.94510488930503,31.818537039424925],[120.9438656661586,31.81748403805092],[120.94035542857144,31.816840816742783]]]},"properties":{"terminal_id":616,"lat":31.82124582,"lon":120.94137028,"berth_count":1,"dwell_minutes":6566.749999999999,"center_method":"duration_weighted_berth_medoid"}},{"type":"Feature","geometry":{"type":"Polygon","coordinates":[[[120.93352203703704,31.847288009012114],[120.93140472256917,31.84773852590176],[120.92978742773197,31.84898367219587],[120.9291167649979,31.850359012874826],[120.92903046061645,31.852453428571433],[120.92937236151334,31.853913426847498],[120.9303460128918,31.855151135516543],[120.93180318515567,31.855978136750338],[120.93361366197185,31.85626853920505],[120.93573097643973,31.855818063983637],[120.93734827127692,31.85457300996165],[120.93801893401096,31.853197732126322],[120.93810523839244,31.851103333333334],[120.93776333749554,31.849643290568885],[120.93678968611708,31.84840550797687],[120.93533251385321,31.847578438832713],[120.93352203703704,31.847288009012114]]]},"properties":{"terminal_id":617,"lat":31.851891549295775,"lon":120.93361366197183,"berth_count":1,"dwell_minutes":10527.583333333332,"center_method":"duration_weighted_berth_medoid"}},{"type":"Feature","geometry":{"type":"Polygon","coordinates":[[[113.59775999999998,22.912231750596657],[113.59604114811862,22.912546675937694],[113.59428796447479,22.913744330784677],[113.59335472796086,22.91556178316194],[113.59329005174753,22.917581913951427],[113.59402539069492,22.919474815319685],[113.59526461384137,22.92061620082],[113.59688373690972,22.921233910191994],[113.59890388305527,22.92129347963166],[113.60058094604683,22.92082491639373],[113.60219824088401,22.919474815319685],[113.60286890361807,22.917983508809858],[113.6029335798314,22.915963384006453],[113.6024248483347,22.914418671130996],[113.60131305749547,22.91317084882037],[113.59976746739056,22.91240989698413],[113.59775999999998,22.912231750596657]]]},"properties":{"terminal_id":618,"lat":22.917176412698417,"lon":113.5983989920635,"berth_count":1,"dwell_minutes":5329.516666666667,"center_method":"duration_weighted_berth_medoid"}},{"type":"Feature","geometry":{"type":"Polygon","coordinates":[[[110.50185684403314,21.070458807370986],[110.50070842357938,21.073250380952384],[110.50079472796085,21.076825782053646],[110.5017279644748,21.078666927040885],[110.5030826855321,21.079704321565234],[110.50475974852367,21.08017900849924],[110.50722436748985,21.080118998735603],[110.50919431965133,21.07925172494779],[110.51030631310347,21.0779922139416],[110.51081848805495,21.076431890389973],[110.51084319731262,21.069578600803297],[110.50987409325563,21.06734745970138],[110.50732842967399,21.06587602841758],[110.50475608181246,21.066060186384348],[110.5024807369204,21.067876754530452],[110.50185684403314,21.070458807370986]]]},"properties":{"terminal_id":619,"lat":21.070939463235295,"lon":110.50635976470588,"berth_count":2,"dwell_minutes":37178.93333333333,"center_method":"duration_weighted_berth_medoid"}},{"type":"Feature","geometry":{"type":"Polygon","coordinates":[[[122.26367649999997,29.90763764159374],[122.26195764811861,29.907934011207075],[122.2602044644748,29.90906109722333],[122.2593783293521,29.910400833388568],[122.25920655174752,29.912214356511324],[122.25994189069492,29.913995711718815],[122.26118111384136,29.915069833515215],[122.26280023690973,29.915651139210677],[122.26470858480965,29.915707197984986],[122.26638564780121,29.915266248866207],[122.26774036885851,29.91430258404188],[122.2685665039812,29.91296290036253],[122.26873828158578,29.91114939087028],[122.26822955008909,29.90969570251329],[122.26711775924986,29.908521406605058],[122.26557216914495,29.907805291435054],[122.26367649999997,29.90763764159374]]]},"properties":{"terminal_id":620,"lat":29.911531,"lon":122.26426833333332,"berth_count":1,"dwell_minutes":238.13333333333333,"center_method":"duration_weighted_berth_medoid"}},{"type":"Feature","geometry":{"type":"Polygon","coordinates":[[[122.11589818181817,30.14262640511238],[122.1141793299368,30.142922073067712],[122.11242614629299,30.144046490639422],[122.1116000111703,30.145383054780133],[122.11140660539759,30.147169666666674],[122.11174850629446,30.14865601243856],[122.11272215767296,30.149916058000212],[122.1141793299368,30.15075798455699],[122.11597733333333,30.15105362814297],[122.1176961852147,30.15075798455699],[122.11944936885851,30.149633643477603],[122.1202755039812,30.14829713692276],[122.12046890975391,30.146510545454543],[122.12012700885704,30.14502416735806],[122.11915335747854,30.1437640593137],[122.1176961852147,30.142922073067712],[122.11589818181817,30.14262640511238]]]},"properties":{"terminal_id":621,"lat":30.147169666666667,"lon":122.11597733333332,"berth_count":1,"dwell_minutes":1539.0333333333333,"center_method":"duration_weighted_berth_medoid"}},{"type":"Feature","geometry":{"type":"Polygon","coordinates":[[[120.37755797368422,27.191781451051842],[120.37583912180285,27.19208556530705],[120.37408593815901,27.193242104687133],[120.37315270164508,27.19499716056918],[120.37308802543178,27.196981124828216],[120.37359675692846,27.198472762522787],[120.37470854776768,27.19967768360701],[120.3762541378726,27.20041246141462],[120.37827520019425,27.200565242558746],[120.37995226318581,27.20011276981188],[120.38156955802302,27.198809029774054],[120.38224022075705,27.197368930522618],[120.38230489697038,27.195384973163787],[120.3817961654737,27.193893294161583],[120.38068437463448,27.192688310568716],[120.37755797368422,27.191781451051842]]]},"properties":{"terminal_id":622,"lat":27.195891163265305,"lon":120.37774591836734,"berth_count":1,"dwell_minutes":29013.833333333332,"center_method":"duration_weighted_berth_medoid"}},{"type":"Feature","geometry":{"type":"Polygon","coordinates":[[[119.15527240677966,32.23390086609947],[119.15315509231178,32.23434948441864],[119.1513111900239,32.235909179203475],[119.15078083035907,32.23770011111112],[119.15112273125595,32.24117511945888],[119.15209638263443,32.24240760197123],[119.15396857096805,32.24335670686927],[119.16007826299249,32.243231111137796],[119.16153543525633,32.24240760197123],[119.16265758175899,32.240824094038416],[119.16250908663481,32.23624622175468],[119.16153543525633,32.23501365565101],[119.16007826299249,32.234190071992025],[119.15527240677966,32.23390086609947]]]},"properties":{"terminal_id":623,"lat":32.23936853648069,"lon":119.15543049356224,"berth_count":1,"dwell_minutes":63758.65,"center_method":"duration_weighted_berth_medoid"}},{"type":"Feature","geometry":{"type":"Polygon","coordinates":[[[120.4577884235794,32.06508283333333],[120.4581303244763,32.06653945521278],[120.45943057408346,32.06802514726289],[120.46329221519032,32.069244523039],[120.46528204633795,32.06909895737073],[120.46682763644287,32.06839888085292],[120.46793942728208,32.067250862862245],[120.46844815877877,32.065829665842145],[120.4682763811742,32.06407706459074],[120.46715423467155,32.06249045560102],[120.46279141814297,32.060815863708385],[120.46097616418838,32.06096144256024],[120.45910397585476,32.06191243859217],[120.4579818293521,32.06349905760809],[120.4577884235794,32.06508283333333]]]},"properties":{"terminal_id":624,"lat":32.065182,"lon":120.46373246666668,"berth_count":2,"dwell_minutes":1012.6666666666666,"center_method":"duration_weighted_berth_medoid"}},{"type":"Feature","geometry":{"type":"Polygon","coordinates":[[[110.27785612121211,20.023385204998647],[110.27613726933075,20.023706438665865],[110.27468009706689,20.024621231157617],[110.27370644568842,20.025990304927607],[110.27336454479153,20.027722030303032],[110.27370644568842,20.029336929805837],[110.27468009706689,20.030705962502513],[110.27613726933075,20.03162071425854],[110.27789922222222,20.03194193109534],[110.2796180741036,20.03162071425854],[110.28107524636745,20.030705962502513],[110.28204889774592,20.029336929805837],[110.28239079864282,20.027605222222224],[110.28204889774592,20.025990304927607],[110.28107524636745,20.024621231157617],[110.2796180741036,20.023706438665865],[110.27785612121211,20.023385204998647]]]},"properties":{"terminal_id":625,"lat":20.027722030303032,"lon":110.27785612121212,"berth_count":1,"dwell_minutes":3080.916666666667,"center_method":"duration_weighted_berth_medoid"}},{"type":"Feature","geometry":{"type":"Polygon","coordinates":[[[119.20511597058822,32.233607617726435],[119.20339711870683,32.23389682455234],[119.20164393506302,32.23499667012424],[119.20071069854909,32.236665689148445],[119.20071069854909,32.23851392682003],[119.20138136128315,32.239883427099095],[119.20299865612036,32.241123250446115],[119.20467571911192,32.24155353986027],[119.2072204457826,32.24149883628365],[119.20883956885093,32.24093158328643],[119.21007879199739,32.239883427099095],[119.21074945473143,32.23851392682003],[119.21074945473143,32.236665689148445],[119.21007879199739,32.235296140364035],[119.20883956885093,32.23424791915835],[119.2072204457826,32.23368062088655],[119.20511597058822,32.233607617726435]]]},"properties":{"terminal_id":626,"lat":32.237744486486484,"lon":119.20520710810813,"berth_count":1,"dwell_minutes":6978.85,"center_method":"duration_weighted_berth_medoid"}},{"type":"Feature","geometry":{"type":"Polygon","coordinates":[[[113.15306262499999,21.98935123134466],[113.15134377311863,21.989668259780604],[113.1495905894748,21.990873912913166],[113.14865735296087,21.992703503541243],[113.14859267674754,21.99480236238522],[113.14932801569493,21.996707907113297],[113.15056723884138,21.997856916823977],[113.15218636190973,21.99847875251636],[113.15404413609168,21.998538719887705],[113.15572119908325,21.998067026612986],[113.15733849392043,21.996707907113297],[113.15800915665449,21.99520663955317],[113.15807383286781,21.993107786690828],[113.15756510137112,21.99155275687865],[113.1564533105319,21.990296601019562],[113.15490772042698,21.98953056740353],[113.15306262499999,21.98935123134466]]]},"properties":{"terminal_id":627,"lat":21.99439415277778,"lon":113.153062625,"berth_count":1,"dwell_minutes":3693.3166666666666,"center_method":"duration_weighted_berth_medoid"}},{"type":"Feature","geometry":{"type":"Polygon","coordinates":[[[113.7543135185185,22.678401854443962],[113.75259466663714,22.678717320395403],[113.75084148299331,22.679917031237768],[113.74990824647938,22.681737603802812],[113.74984357026605,22.683775332586546],[113.75035230176273,22.685322661546305],[113.75146409260196,22.686572571505554],[113.75300968270687,22.68733478519707],[113.7552241562382,22.687493271138084],[113.75690121922976,22.687023903308553],[113.75851851406696,22.68567148400119],[113.75918917680102,22.68417761694812],[113.75925385301434,22.682139894144285],[113.75874512151766,22.680592529258703],[113.75763333067843,22.679342564773147],[113.75608774057352,22.678580306642065],[113.7543135185185,22.678401854443962]]]},"properties":{"terminal_id":628,"lat":22.683369135135138,"lon":113.75434974324324,"berth_count":1,"dwell_minutes":5014.0,"center_method":"duration_weighted_berth_medoid"}},{"type":"Feature","geometry":{"type":"Polygon","coordinates":[[[119.44796666666664,25.958833820172583],[119.44624781478528,25.959141225868553],[119.44449463114147,25.960310282843086],[119.44366849601877,25.961699910833598],[119.44349671841421,25.96338396566865],[119.44400544991089,25.964891759761148],[119.44511724075014,25.966109732345775],[119.44666283085503,25.966852469413865],[119.44880647098853,25.96700690553987],[119.45048353398009,25.966549531466722],[119.4518382550374,25.965549971863002],[119.45266439016012,25.964160389340634],[119.45283616776466,25.962476345617837],[119.45232743626798,25.960968520573502],[119.45121564542876,25.95975049477065],[119.44967005532384,25.95900771287198],[119.44796666666664,25.958833820172583]]]},"properties":{"terminal_id":629,"lat":25.962975,"lon":119.44829058208956,"berth_count":1,"dwell_minutes":5312.216666666667,"center_method":"duration_weighted_berth_medoid"}},{"type":"Feature","geometry":{"type":"Polygon","coordinates":[[[113.47750215085213,22.573272909090907],[113.47825911796765,22.57557710290971],[113.4806898914611,22.577241737077802],[113.48361584203762,22.577340630481622],[113.48589685230905,22.576221277266775],[113.48817819524305,22.577340908882505],[113.49242418749999,22.57754755990945],[113.49416376492485,22.577231861682762],[113.49562093718872,22.57633282523333],[113.49659458856719,22.574987311144575],[113.49693648946408,22.573400152173914],[113.49617952234854,22.571086253999166],[113.49374874885511,22.569421545483788],[113.48861420685701,22.569144571789224],[113.48596017538368,22.570270986569334],[113.48445843082874,22.569326493027972],[113.48273957894736,22.569010775969804],[113.4806898914611,22.56918937021309],[113.47914430135619,22.569952235101773],[113.47784405174902,22.571571135756347],[113.47750215085213,22.573272909090907]]]},"properties":{"terminal_id":630,"lat":22.573171843137256,"lon":113.48270990196076,"berth_count":3,"dwell_minutes":10118.833333333334,"center_method":"duration_weighted_berth_medoid"}},{"type":"Feature","geometry":{"type":"Polygon","coordinates":[[[117.86847247826086,24.41297177684455],[117.86675362637949,24.41328310803612],[117.86529645411565,24.41416970005221],[117.86432280273715,24.41549656713863],[117.86398090184028,24.417071982142858],[117.86432280273715,24.418637091119614],[117.86529645411565,24.41996391123989],[117.86675362637949,24.420850456325727],[117.86848521428571,24.421161768082705],[117.87020406616708,24.420850456325727],[117.87166123843092,24.41996391123989],[117.8726348898094,24.418637091119614],[117.87297679070629,24.41706169565217],[117.8726348898094,24.41549656713863],[117.87166123843092,24.41416970005221],[117.87020406616708,24.41328310803612],[117.86847247826086,24.41297177684455]]]},"properties":{"terminal_id":631,"lat":24.417071982142858,"lon":117.86848521428573,"berth_count":1,"dwell_minutes":2478.6666666666665,"center_method":"duration_weighted_berth_medoid"}},{"type":"Feature","geometry":{"type":"Polygon","coordinates":[[[112.91237514353601,22.869963731397473],[112.91177699462753,22.871344095480897],[112.91177699462753,22.873010163700446],[112.9124476573616,22.874501964669573],[112.91368688050804,22.875643728629576],[112.9153060035764,22.87626164282859],[112.91718658451883,22.87626164282859],[112.9188057075872,22.875643728629576],[112.92004493073364,22.874501964669573],[112.9213102124034,22.870304633637282],[112.92057487345602,22.868411046146385],[112.91933565030958,22.867269221386394],[112.91728051562725,22.86659167284174],[112.91507135742094,22.86688677570208],[112.91331817377711,22.86808483359197],[112.91237514353601,22.869963731397473]]]},"properties":{"terminal_id":632,"lat":22.870710275,"lon":112.9168065,"berth_count":2,"dwell_minutes":5784.400000000001,"center_method":"duration_weighted_berth_medoid"}},{"type":"Feature","geometry":{"type":"Polygon","coordinates":[[[113.0732198235794,22.7394773125],[113.07375018324423,22.741430038354686],[113.07525900914217,22.74294536132685],[113.07324117408345,22.743867201499476],[113.07194092447628,22.74548405215507],[113.07159902357938,22.747069222222223],[113.07194092447628,22.749500391865478],[113.07291457585477,22.750844195848543],[113.07437174811862,22.751742089597663],[113.07609059999999,22.75205738655295],[113.0783469629925,22.751742089597663],[113.08179346858965,22.749535402474333],[113.08291561509232,22.747808851795334],[113.08291561509232,22.744919895270097],[113.08135720663586,22.742845281920637],[113.08304842064788,22.740679798443843],[113.0828999255237,22.73726583462342],[113.08192627414523,22.735921897133185],[113.08046910188138,22.73502389944929],[113.07683513690974,22.73478816206371],[113.07521601384137,22.7354067153251],[113.07397679069493,22.73654964535894],[113.0732198235794,22.7394773125]]]},"properties":{"terminal_id":633,"lat":22.746122333333332,"lon":113.07861744444445,"berth_count":3,"dwell_minutes":3278.4333333333334,"center_method":"duration_weighted_berth_medoid"}},{"type":"Feature","geometry":{"type":"Polygon","coordinates":[[[115.51466585714283,22.679106341476434],[115.51294700526147,22.679421805807],[115.51148983299763,22.680320168237387],[115.51051618161914,22.681664651630385],[115.51017428072224,22.683586952380956],[115.51051618161914,22.685172839487166],[115.51148983299763,22.68651727528662],[115.51294700526147,22.68741559121823],[115.51481741463414,22.687731036427383],[115.51653626651553,22.68741559121823],[115.51799343877937,22.68651727528662],[115.51896709015786,22.685172839487166],[115.51930899105473,22.68325056097561],[115.51896709015786,22.681664651630385],[115.51799343877937,22.680320168237387],[115.51653626651553,22.679421805807],[115.51466585714283,22.679106341476434]]]},"properties":{"terminal_id":634,"lat":22.683500145833335,"lon":115.51470735416666,"berth_count":1,"dwell_minutes":3767.333333333333,"center_method":"duration_weighted_berth_medoid"}},{"type":"Feature","geometry":{"type":"Polygon","coordinates":[[[120.35539370526317,31.95485594256759],[120.35367485338179,31.95514603317806],[120.35192166973796,31.956249239823382],[120.35109553461527,31.95756059023876],[120.35092375701069,31.9590934216547],[120.35143248850741,31.960516274843926],[120.35254427934662,31.961665630706946],[120.35408986945154,31.962366523098044],[120.35606893775082,31.962512258411405],[120.35774600074238,31.962080652325863],[120.3591007217997,31.96113740566746],[120.3599268569224,31.959826106323693],[120.36009863452696,31.95829328713653],[120.35958990303028,31.956870399506343],[120.35847811219105,31.95572098362998],[120.35539370526317,31.95485594256759]]]},"properties":{"terminal_id":635,"lat":31.958680753623188,"lon":120.35544288405796,"berth_count":1,"dwell_minutes":10535.983333333332,"center_method":"duration_weighted_berth_medoid"}},{"type":"Feature","geometry":{"type":"Polygon","coordinates":[[[122.23625034210524,30.107289247063587],[122.23413302763736,30.10774805357365],[122.23251573280018,30.10901611143771],[122.23178039385279,30.11079393592315],[122.23195217145735,30.112571605615134],[122.23307431796002,30.114191112683056],[122.23453149022386,30.115033343997855],[122.23896028025607,30.115161795137524],[122.24050587036096,30.114447170240172],[122.24161766120021,30.11327529579228],[122.24212639269689,30.111824566622516],[122.24195461509233,30.11004688348858],[122.24112847996963,30.10870984090749],[122.23977375891232,30.10774805357365],[122.23625034210524,30.107289247063587]]]},"properties":{"terminal_id":636,"lat":30.11130722222222,"lon":122.23697566666668,"berth_count":1,"dwell_minutes":8804.6,"center_method":"duration_weighted_berth_medoid"}},{"type":"Feature","geometry":{"type":"Polygon","coordinates":[[[119.871943,25.563172505557503],[119.87022414811861,25.56348093740175],[119.86876697585477,25.564359272630917],[119.86779332447627,25.56567378216343],[119.8674514235794,25.567352499999995],[119.86779332447627,25.56890302943575],[119.86876697585477,25.57021748909669],[119.87022414811861,25.57109577492108],[119.8721495,25.57140418636047],[119.87386835188138,25.57109577492108],[119.87532552414524,25.57021748909669],[119.87629917552371,25.56890302943575],[119.87664107642061,25.567224333333336],[119.87629917552371,25.56567378216343],[119.87532552414524,25.564359272630917],[119.87386835188138,25.56348093740175],[119.871943,25.563172505557503]]]},"properties":{"terminal_id":637,"lat":25.5673525,"lon":119.8721495,"berth_count":1,"dwell_minutes":920.6333333333332,"center_method":"duration_weighted_berth_medoid"}},{"type":"Feature","geometry":{"type":"Polygon","coordinates":[[[121.37233799999998,39.51499639853306],[121.37022068553212,39.51540554757268],[121.36860339069491,39.516536358554795],[121.36786805174752,39.51812175555574],[121.36803982935209,39.51961362435443],[121.36916197585475,39.52105782814049],[121.37061914811862,39.5218088897509],[121.3749644943482,39.521923436183606],[121.37651008445312,39.521286168206856],[121.37762187529235,39.52024114448223],[121.37813060678904,39.518947446335936],[121.37795882918446,39.51745556322869],[121.37713269406177,39.51626323724352],[121.37577797300447,39.51540554757268],[121.37233799999998,39.51499639853306]]]},"properties":{"terminal_id":638,"lat":39.518535447368414,"lon":121.3728099473684,"berth_count":1,"dwell_minutes":7652.116666666666,"center_method":"duration_weighted_berth_medoid"}},{"type":"Feature","geometry":{"type":"Polygon","coordinates":[[[120.14743207407408,31.946905684568257],[120.14531475960621,31.94735571421577],[120.143697464769,31.948599513829706],[120.14296212582161,31.950343326633615],[120.14313390342618,31.95205292957351],[120.14425604992884,31.95364145126506],[120.14571322219268,31.954467567943013],[120.15010545485926,31.954593561358756],[120.15165104496415,31.95389260964536],[120.1527628358034,31.95274315650538],[120.15327156730008,31.9513201828958],[120.15309978969552,31.949610566319752],[120.15227365457282,31.948299102408143],[120.15091893351551,31.94735571421577],[120.14743207407408,31.946905684568257]]]},"properties":{"terminal_id":639,"lat":31.950826868852456,"lon":120.14849134426228,"berth_count":1,"dwell_minutes":4949.95,"center_method":"duration_weighted_berth_medoid"}},{"type":"Feature","geometry":{"type":"Polygon","coordinates":[[[120.46464950955412,32.06971097216182],[120.46293065767276,32.070000699453956],[120.46147348540892,32.070825767947255],[120.46049983403041,32.07206055630091],[120.46015793313354,32.07353096178345],[120.46049983403041,32.074987449098245],[120.46147348540892,32.07622218124955],[120.46293065767276,32.07704719360277],[120.46466158100559,32.07733689764884],[120.46638043288695,32.07704719360277],[120.46783760515082,32.07622218124955],[120.46881125652928,32.074987449098245],[120.46915315742618,32.0735170670391],[120.46881125652928,32.07206055630091],[120.46783760515082,32.070825767947255],[120.46638043288695,32.070000699453956],[120.46464950955412,32.06971097216182]]]},"properties":{"terminal_id":640,"lat":32.073517067039106,"lon":120.4646615810056,"berth_count":1,"dwell_minutes":9473.3,"center_method":"duration_weighted_berth_medoid"}},{"type":"Feature","geometry":{"type":"Polygon","coordinates":[[[120.30132766666665,27.20998354778749],[120.29960881478526,27.21028761239227],[120.29785563114145,27.21144396294828],[120.29702949601875,27.212818486478973],[120.29685771841419,27.21497273717991],[120.29736644991087,27.216464134104516],[120.29847824075011,27.21766886068971],[120.30002383085501,27.218403519885168],[120.30202691814297,27.218556276366098],[120.30370398113455,27.218103876660766],[120.3053212759717,27.216800347076134],[120.30599193870577,27.215360480278537],[120.3060566149191,27.213586481546823],[120.30554788342242,27.21209504610208],[120.3044360925832,27.21089025924678],[120.30132766666665,27.20998354778749]]]},"properties":{"terminal_id":641,"lat":27.21400382352941,"lon":120.3013784117647,"berth_count":1,"dwell_minutes":2813.6000000000004,"center_method":"duration_weighted_berth_medoid"}},{"type":"Feature","geometry":{"type":"Polygon","coordinates":[[[121.3381791212121,39.506836616555276],[121.33606180674421,39.50724581364983],[121.33470708568692,39.50810360405844],[121.33388095056422,39.5092960700883],[121.33370917295966,39.510899077469226],[121.33444451190704,39.51248460312505],[121.33568373505348,39.51344063981225],[121.33730285812184,39.51395803765222],[121.33917209358155,39.51400793336693],[121.34084915657311,39.513615461654354],[121.34220387763042,39.51275773929252],[121.34303001275313,39.51156533267375],[121.34320179035768,39.509962340664515],[121.342693058861,39.50866845108524],[121.34158126802178,39.50762323753504],[121.34003567791686,39.50698583836372],[121.3381791212121,39.506836616555276]]]},"properties":{"terminal_id":642,"lat":39.510302,"lon":121.33817912121212,"berth_count":1,"dwell_minutes":4725.7,"center_method":"duration_weighted_berth_medoid"}},{"type":"Feature","geometry":{"type":"Polygon","coordinates":[[[117.7828583208999,38.99871771911041],[117.78154250697399,38.99971646366772],[117.7808071680266,39.00131359166041],[117.78112744075534,39.00820478982652],[117.78210109213384,39.00933708497294],[117.78397328046744,39.01020903612671],[117.78851033463998,39.01009365029958],[117.7902635182838,39.00908330352116],[117.79119675479774,39.00755004826011],[117.79128305917922,39.00211184908814],[117.79178955681276,38.99986374509803],[117.79080526363967,38.99768622223438],[117.79258406052519,38.99666857570503],[117.79358197325244,38.99479618259534],[117.79341019564788,38.992530104552266],[117.79228804914521,38.991074972395545],[117.79083087688137,38.99031820367534],[117.789112025,38.99005245992057],[117.7871366904915,38.99031820367534],[117.78567951822767,38.991074972395545],[117.78470586684917,38.99220754170649],[117.7843639659523,38.993543474999996],[117.78445027033375,38.995135051368734],[117.78536063068972,38.996644603560846],[117.78391935085472,38.9973954629556],[117.7828583208999,38.99871771911041]]]},"properties":{"terminal_id":643,"lat":39.004232875,"lon":117.7860469375,"berth_count":3,"dwell_minutes":21657.050000000003,"center_method":"duration_weighted_berth_medoid"}},{"type":"Feature","geometry":{"type":"Polygon","coordinates":[[[117.7719353025503,38.99887622564516],[117.77103715780962,38.99994392703871],[117.77069525691275,39.00144441666667],[117.77103715780962,39.0027801755848],[117.7720108091881,39.003912557563694],[117.77346798145194,39.00466918091034],[117.77518683333332,39.00493486977741],[117.77702363759566,39.00466918091034],[117.7784808098595,39.003912557563694],[117.77960295636217,39.00245765946072],[117.77967892391445,39.00050214575608],[117.78080879317076,38.99925967386899],[117.78211751968101,38.99564522036454],[117.78205284346768,38.99250088796135],[117.78049699734511,38.990483351349106],[117.77895140724019,38.9898412345167],[117.77653948381781,38.9897077189541],[117.77486242082625,38.99010313398215],[117.77350769976893,38.990967273311256],[117.77268156464623,38.99216856555199],[117.77248815887353,38.99454876057945],[117.77184783510371,38.99576780175321],[117.7719353025503,38.99887622564516]]]},"properties":{"terminal_id":644,"lat":38.99417066666666,"lon":117.77733744444446,"berth_count":3,"dwell_minutes":11495.033333333336,"center_method":"duration_weighted_berth_medoid"}},{"type":"Feature","geometry":{"type":"Polygon","coordinates":[[[109.166510272636,19.714382233333332],[109.16685217353289,19.716000328068247],[109.16782582491136,19.717372069721726],[109.17380981478529,19.721918452456478],[109.17552866666666,19.722240297642543],[109.17752928045279,19.721918452456478],[109.17898645271666,19.721001911359583],[109.17996010409513,19.719630200853516],[109.18021570061055,19.717164823101474],[109.17889460930508,19.713796918566498],[109.17765538615863,19.712630322845555],[109.17579422344956,19.711965162978256],[109.17486855747858,19.71068888700442],[109.1734113852147,19.70977228153019],[109.17056159758027,19.709470772323847],[109.16850646289798,19.71016302980216],[109.16685217353289,19.712060674224677],[109.166510272636,19.714382233333332]]]},"properties":{"terminal_id":645,"lat":19.71665411764706,"lon":109.17404005882354,"berth_count":3,"dwell_minutes":7681.4333333333325,"center_method":"duration_weighted_berth_medoid"}},{"type":"Feature","geometry":{"type":"Polygon","coordinates":[[[113.85070811802383,22.53287813888889],[113.85146508513937,22.53518300749562],[113.85348084256306,22.536710974096675],[113.85625202171096,22.53694705156439],[113.85855178276593,22.5358116735075],[113.8595254341444,22.534465764121123],[113.85984684367892,22.53186524605379],[113.86126623396673,22.529233243657696],[113.8612015577534,22.52600802170735],[113.8599723098595,22.5238837029165],[113.85851513759565,22.52298431880511],[113.85679628571427,22.52266849571544],[113.85473960965709,22.52298431880511],[113.85328243739322,22.5238837029165],[113.85216029089055,22.52561306977113],[113.8520050039271,22.529335930393263],[113.85090152379654,22.531046205812636],[113.85070811802383,22.53287813888889]]]},"properties":{"terminal_id":646,"lat":22.527864846153843,"lon":113.85674046153846,"berth_count":2,"dwell_minutes":5638.533333333334,"center_method":"duration_weighted_berth_medoid"}},{"type":"Feature","geometry":{"type":"Polygon","coordinates":[[[113.64288325000001,22.763963350105694],[113.64116439811863,22.7642786188496],[113.6394112144748,22.7654775796919],[113.63847797796089,22.76729701405316],[113.63839167357942,22.769279199999996],[113.6387335744763,22.77086409392296],[113.63970722585478,22.772207687699943],[113.64116439811863,22.77310544098846],[113.64288359999999,22.773420688619517],[113.64460245188135,22.77310544098846],[113.64635563552518,22.771906547139704],[113.64728887203913,22.770087174214645],[113.6473751764206,22.768104999999995],[113.6470332755237,22.766520074043196],[113.64605962414522,22.76517642428469],[113.64460245188135,22.7642786188496],[113.64288325000001,22.763963350105694]]]},"properties":{"terminal_id":647,"lat":22.7692792,"lon":113.6428836,"berth_count":1,"dwell_minutes":177.2,"center_method":"duration_weighted_berth_medoid"}},{"type":"Feature","geometry":{"type":"Polygon","coordinates":[[[121.69260368181818,31.309793665507303],[121.6908848299368,31.310085774928922],[121.68942765767295,31.310917627219446],[121.68845400629448,31.312162568426803],[121.68811210539758,31.313820772727283],[121.68845400629448,31.31528923400231],[121.68942765767295,31.316534117426798],[121.6908848299368,31.317365912766554],[121.69260961111111,31.31765799870405],[121.69432846299249,31.317365912766554],[121.69578563525631,31.316534117426798],[121.69675928663482,31.31528923400231],[121.69710118753169,31.313631055555554],[121.69675928663482,31.312162568426803],[121.69578563525631,31.310917627219446],[121.69432846299249,31.310085774928922],[121.69260368181818,31.309793665507303]]]},"properties":{"terminal_id":648,"lat":31.31363105555555,"lon":121.69260961111112,"berth_count":1,"dwell_minutes":1266.0,"center_method":"duration_weighted_berth_medoid"}},{"type":"Feature","geometry":{"type":"Polygon","coordinates":[[[122.02976758426966,30.146852031226096],[122.0280487323883,30.14714768651849],[122.02659156012443,30.147989636703056],[122.02561790874596,30.149249690776557],[122.02527600784906,30.150893923076918],[122.02561790874596,30.15238021273335],[122.02659156012443,30.1536402107213],[122.0280487323883,30.15448210548968],[122.02996823076923,30.154777737912944],[122.0316870826506,30.15448210548968],[122.03314425491446,30.1536402107213],[122.03411790629293,30.15238021273335],[122.03445980718983,30.150736005208326],[122.03411790629293,30.149249690776557],[122.03314425491446,30.147989636703056],[122.0316870826506,30.14714768651849],[122.02976758426966,30.146852031226096]]]},"properties":{"terminal_id":649,"lat":30.150736005208337,"lon":122.02977026041668,"berth_count":1,"dwell_minutes":9362.216666666667,"center_method":"duration_weighted_berth_medoid"}},{"type":"Feature","geometry":{"type":"Polygon","coordinates":[[[118.62363602173909,31.94327841262754],[118.62151870727122,31.94372846004035],[118.61990141243405,31.94497230875551],[118.61916607348665,31.946716190402405],[118.61923074969998,31.949245701209318],[118.61990141243405,31.950619544679636],[118.62151870727122,31.951863300107686],[118.62319577026278,31.952294954210025],[118.6260287413511,31.952240077136885],[118.62800190417741,31.951448232317553],[118.62911369501661,31.950298748591315],[118.62962242651331,31.948875737118637],[118.62955775029998,31.946346216126084],[118.62888708756594,31.94497230875551],[118.62764786441949,31.94392075170061],[118.6260287413511,31.94335164810491],[118.62363602173909,31.94327841262754]]]},"properties":{"terminal_id":650,"lat":31.948334402597403,"lon":118.6249737012987,"berth_count":1,"dwell_minutes":11316.9,"center_method":"duration_weighted_berth_medoid"}},{"type":"Feature","geometry":{"type":"Polygon","coordinates":[[[113.01544145,22.80957502917143],[113.01372259811863,22.809890192499335],[113.0119694144748,22.811088752434067],[113.0111432793521,22.812513451606403],[113.01097150174755,22.814596394949383],[113.01170684069493,22.816490731763153],[113.01294606384137,22.81763298286569],[113.01456518690973,22.818251160712258],[113.01656901618219,22.818310775330385],[113.01824607917375,22.817841856729256],[113.01960080023107,22.816817068078276],[113.02042693535377,22.815392413920005],[113.02059871295833,22.81330948275006],[113.02008998146165,22.811763602410394],[113.01897819062242,22.810514837074273],[113.01743260051751,22.809753310182497],[113.01544145,22.80957502917143]]]},"properties":{"terminal_id":651,"lat":22.8141342,"lon":113.01559343333334,"berth_count":1,"dwell_minutes":2621.416666666667,"center_method":"duration_weighted_berth_medoid"}},{"type":"Feature","geometry":{"type":"Polygon","coordinates":[[[119.74108673084615,34.344016515830724],[119.74116122796086,34.348079920320636],[119.74271707408346,34.35022302785508],[119.74469023690972,34.35099350812676],[119.74718558242523,34.351046221909996],[119.7488910880775,34.3506104936443],[119.75025627572259,34.3496606688945],[119.75121750782385,34.347616811847274],[119.7510039392774,34.341072255093536],[119.75043140946399,34.33936780197254],[119.74931831857174,34.338285358967056],[119.74779417734781,34.33762764415542],[119.74583949999997,34.337473897492444],[119.74294871870391,34.338344126577724],[119.74151340928951,34.34018522232904],[119.74108673084615,34.344016515830724]]]},"properties":{"terminal_id":652,"lat":34.34732398770491,"lon":119.74673347540984,"berth_count":2,"dwell_minutes":78532.16666666669,"center_method":"duration_weighted_berth_medoid"}},{"type":"Feature","geometry":{"type":"Polygon","coordinates":[[[110.5153255,21.085120832234168],[110.51360664811862,21.085439841494853],[110.51185346447481,21.086653027921574],[110.51092022796087,21.088494051170493],[110.5108339235794,21.09052566666667],[110.5111758244763,21.092129369247594],[110.51214947585477,21.093488909087924],[110.51360664811862,21.094397317631554],[110.51535449999999,21.09471630697353],[110.51707335188135,21.094397317631554],[110.51882653552518,21.093184194444277],[110.51975977203911,21.091343229315893],[110.51984607642058,21.089311625000004],[110.51950417552369,21.087707892001806],[110.51853052414522,21.086348299256674],[110.51707335188135,21.085439841494853],[110.5153255,21.085120832234168]]]},"properties":{"terminal_id":653,"lat":21.089311625,"lon":110.5153255,"berth_count":1,"dwell_minutes":296.76666666666665,"center_method":"duration_weighted_berth_medoid"}},{"type":"Feature","geometry":{"type":"Polygon","coordinates":[[[119.85373487096773,26.32129693265699],[119.85201601908636,26.321603385437243],[119.8505588468225,26.322476084677703],[119.84958519544404,26.3237821591046],[119.84924329454714,26.325398258064517],[119.84958519544404,26.326938837459686],[119.8505588468225,26.328244861553806],[119.85201601908636,26.329117510744034],[119.85389667999998,26.32942394282868],[119.85561553188136,26.329117510744034],[119.85707270414521,26.328244861553806],[119.85804635552368,26.326938837459686],[119.85838825642058,26.325322759999995],[119.85804635552368,26.3237821591046],[119.85707270414521,26.322476084677703],[119.85561553188136,26.321603385437243],[119.85373487096773,26.32129693265699]]]},"properties":{"terminal_id":654,"lat":26.325330874015748,"lon":119.85385118110236,"berth_count":1,"dwell_minutes":10889.216666666667,"center_method":"duration_weighted_berth_medoid"}},{"type":"Feature","geometry":{"type":"Polygon","coordinates":[[[121.27002423809522,31.60025242370073],[121.26830538621384,31.60054362865888],[121.26655220257003,31.601651073221422],[121.26572606744733,31.602967461300654],[121.26555428984277,31.60464255134002],[121.26606302133945,31.606070868896893],[121.2671748121787,31.60722463894083],[121.26872040228359,31.607928223228186],[121.27074311422143,31.60807451826947],[121.272420177213,31.607641254514313],[121.27377489827029,31.606694385198626],[121.27460103339298,31.605378049805534],[121.27477281099756,31.60370297299706],[121.27426407950087,31.6022746191187],[121.27315228866163,31.601120787739823],[121.27002423809522,31.60025242370073]]]},"properties":{"terminal_id":655,"lat":31.604077931372547,"lon":121.2703028627451,"berth_count":1,"dwell_minutes":4510.433333333333,"center_method":"duration_weighted_berth_medoid"}},{"type":"Feature","geometry":{"type":"Polygon","coordinates":[[[119.87754772727273,26.295923131018483],[119.87543041280485,26.296398607005575],[119.87381311796766,26.297712737618347],[119.87307777902026,26.299555159682917],[119.87324955662483,26.301418262705194],[119.8743717031275,26.303096621457367],[119.87582887539136,26.30396946010312],[119.88010643581163,26.30410257933196],[119.88165202591655,26.303361984250238],[119.88276381675577,26.302147524065976],[119.88327254825245,26.30064407795355],[119.88310077064791,26.29878096248912],[119.8822746355252,26.29739533908328],[119.88091991446788,26.296398607005575],[119.87754772727273,26.295923131018483]]]},"properties":{"terminal_id":656,"lat":26.29994984,"lon":119.8775478,"berth_count":1,"dwell_minutes":1053.9666666666667,"center_method":"duration_weighted_berth_medoid"}},{"type":"Feature","geometry":{"type":"Polygon","coordinates":[[[119.01865439999999,32.17539531060469],[119.01693554811862,32.17568470255941],[119.01547837585476,32.176508816083555],[119.01450472447628,32.1777421752001],[119.01416282357938,32.17920488235294],[119.01450472447628,32.18065968378354],[119.01547837585476,32.18189298667888],[119.01693554811862,32.18271704401726],[119.01867664705883,32.183006412703556],[119.02039549894019,32.18271704401726],[119.02185267120403,32.18189298667888],[119.02282632258252,32.18065968378354],[119.02316822347942,32.179197],[119.02282632258252,32.1777421752001],[119.02185267120403,32.176508816083555],[119.02039549894019,32.17568470255941],[119.01865439999999,32.17539531060469]]]},"properties":{"terminal_id":657,"lat":32.17920488235294,"lon":119.01867664705884,"berth_count":1,"dwell_minutes":553.65,"center_method":"duration_weighted_berth_medoid"}},{"type":"Feature","geometry":{"type":"Polygon","coordinates":[[[119.21556066666665,32.21518530594767],[119.21384181478527,32.21547457139315],[119.21208863114146,32.21657463989798],[119.21126249601876,32.21788225996982],[119.2110907184142,32.2196977078786],[119.21159944991089,32.22111650873265],[119.21271124075012,32.22226259107351],[119.21425683085502,32.222961487176285],[119.2163845371906,32.22310680740007],[119.21806160018218,32.222676430628624],[119.2194163212395,32.221735870503906],[119.2202424563622,32.22042830585627],[119.22041423396674,32.21861287253633],[119.21990550247006,32.217194032610955],[119.21879371163084,32.21604788637444],[119.21724812152591,32.21534893712313],[119.21556066666665,32.21518530594767]]]},"properties":{"terminal_id":658,"lat":32.219239,"lon":119.21582826086956,"berth_count":1,"dwell_minutes":2097.8333333333335,"center_method":"duration_weighted_berth_medoid"}},{"type":"Feature","geometry":{"type":"Polygon","coordinates":[[[118.60502019914975,31.933387190226636],[118.6041000323087,31.935046771239705],[118.60403535609537,31.93712095165185],[118.60454408759205,31.938544145163444],[118.60565587843129,31.939693775942814],[118.60762904125755,31.94048572206539],[118.6099316542071,31.9405589597683],[118.61184768638108,31.942949514555426],[118.6137198747147,31.943901735456517],[118.61645697374264,31.943901735456517],[118.61862517345621,31.94267237093905],[118.61962308618348,31.94062797604733],[118.61930281345474,31.938717869117674],[118.61701523626135,31.9362170477174],[118.61452963932678,31.93536699151463],[118.61336229642725,31.9332054370474],[118.61345863731452,31.93073527491051],[118.61200989258316,31.928895131212904],[118.60916046666665,31.928029837603972],[118.60628809681072,31.928895131212904],[118.60473225068813,31.93109815007249],[118.60502019914975,31.933387190226636]]]},"properties":{"terminal_id":659,"lat":31.93674734065934,"lon":118.6100683956044,"berth_count":4,"dwell_minutes":11304.916666666666,"center_method":"duration_weighted_berth_medoid"}},{"type":"Feature","geometry":{"type":"Polygon","coordinates":[[[121.10314681818178,28.09928590655173],[121.10142796630042,28.099587508101617],[121.09997079403655,28.100446392005026],[121.09899714265808,28.101731789760912],[121.0986552417612,28.10325990909091],[121.09899714265808,28.104776097735254],[121.09997079403655,28.10606144362044],[121.10142796630042,28.106920275700496],[121.10318200000002,28.107221855790453],[121.10490085188138,28.106920275700496],[121.10635802414522,28.10606144362044],[121.10733167552371,28.104776097735254],[121.10767357642061,28.103248],[121.10733167552371,28.101731789760912],[121.10635802414522,28.100446392005026],[121.10490085188138,28.099587508101617],[121.10314681818178,28.09928590655173]]]},"properties":{"terminal_id":660,"lat":28.10325990909091,"lon":121.1031468181818,"berth_count":1,"dwell_minutes":343.8666666666667,"center_method":"duration_weighted_berth_medoid"}},{"type":"Feature","geometry":{"type":"Polygon","coordinates":[[[119.58190300000001,34.2154776017217],[119.58018414811865,34.21576032891349],[119.57872697585478,34.216565462639245],[119.5777533244763,34.21777041603948],[119.5774114235794,34.219336166666665],[119.5777533244763,34.22075745754556],[119.57872697585478,34.22196235099134],[119.58018414811865,34.22276742544808],[119.58194608333334,34.22305012817689],[119.5836649352147,34.22276742544808],[119.58512210747854,34.22196235099134],[119.58609575885704,34.22075745754556],[119.58643765975393,34.21919173333334],[119.58609575885704,34.21777041603948],[119.58512210747854,34.216565462639245],[119.5836649352147,34.21576032891349],[119.58190300000001,34.2154776017217]]]},"properties":{"terminal_id":661,"lat":34.21933616666667,"lon":119.58194608333334,"berth_count":1,"dwell_minutes":1186.9333333333334,"center_method":"duration_weighted_berth_medoid"}},{"type":"Feature","geometry":{"type":"Polygon","coordinates":[[[119.59517557742555,34.22695335],[119.59593254454107,34.22901655009212],[119.59794830196478,34.23038429850057],[119.60066231309028,34.23059562093122],[119.6028659972937,34.22965129287322],[119.6031219398609,34.23248659296553],[119.60409559123937,34.23369131862544],[119.60555276350323,34.2344962809697],[119.60966683581162,34.234619048037466],[119.61153902414524,34.23369131862544],[119.6125126755237,34.23248659296553],[119.61276827203912,34.229649364062766],[119.61153902414524,34.22774792408127],[119.61008185188138,34.22694289722745],[119.60836300000001,34.2266602075638],[119.60596777957298,34.22682011896848],[119.6041916680909,34.227675926428184],[119.60374726675576,34.22517880623852],[119.60150490188137,34.2234983653009],[119.59922690236984,34.22323354738496],[119.59717176768753,34.22384156209671],[119.59570593709039,34.22517880623852],[119.59517557742555,34.22695335]]]},"properties":{"terminal_id":662,"lat":34.230397958333334,"lon":119.60729391666666,"berth_count":2,"dwell_minutes":5937.0,"center_method":"duration_weighted_berth_medoid"}},{"type":"Feature","geometry":{"type":"Polygon","coordinates":[[[119.75883433333333,34.3501084180732],[119.75711548145196,34.350390692736866],[119.75565830918809,34.351194537761984],[119.75468465780962,34.35239756245889],[119.75434275691273,34.35382916666666],[119.75468465780962,34.355248184623726],[119.75565830918809,34.35645115114482],[119.75711548145196,34.357254938053934],[119.75889367441862,34.35753718865277],[119.76061252629998,34.357254938053934],[119.76206969856385,34.35645115114482],[119.76304334994231,34.355248184623726],[119.7633852508392,34.35381660465116],[119.76304334994231,34.35239756245889],[119.76206969856385,34.351194537761984],[119.76061252629998,34.350390692736866],[119.75883433333333,34.3501084180732]]]},"properties":{"terminal_id":663,"lat":34.35381660465116,"lon":119.7588936744186,"berth_count":1,"dwell_minutes":1669.45,"center_method":"duration_weighted_berth_medoid"}},{"type":"Feature","geometry":{"type":"Polygon","coordinates":[[[119.73382944444441,34.31692401282777],[119.73211059256305,34.31720639917743],[119.7306534202992,34.31801056225966],[119.7296797689207,34.31921406296919],[119.72933786802383,34.3207264137931],[119.7296797689207,34.32214599191011],[119.7306534202992,34.32334943332036],[119.73211059256305,34.3241535375446],[119.73389468965513,34.324435899570524],[119.73561354153652,34.3241535375446],[119.73707071380036,34.32334943332036],[119.73804436517885,34.32214599191011],[119.73838626607572,34.32063366666667],[119.73804436517885,34.31921406296919],[119.73707071380036,34.31801056225966],[119.73561354153652,34.31720639917743],[119.73382944444441,34.31692401282777]]]},"properties":{"terminal_id":664,"lat":34.32071011111111,"lon":119.73388104761904,"berth_count":1,"dwell_minutes":7061.783333333333,"center_method":"duration_weighted_berth_medoid"}},{"type":"Feature","geometry":{"type":"Polygon","coordinates":[[[122.2653212222222,36.837074391178774],[122.26360237034083,36.837348028881564],[122.262145198077,36.83812727776661],[122.26117154669849,36.83929349130609],[122.26082964580162,36.8407015],[122.26117154669849,36.84207709447864],[122.262145198077,36.84324324778744],[122.26360237034083,36.84402243660569],[122.26535083333333,36.84429604944882],[122.2670696852147,36.84402243660569],[122.26852685747853,36.84324324778744],[122.26950050885704,36.84207709447864],[122.26984240975392,36.840669111111104],[122.26950050885704,36.83929349130609],[122.26852685747853,36.83812727776661],[122.2670696852147,36.837348028881564],[122.2653212222222,36.837074391178774]]]},"properties":{"terminal_id":665,"lat":36.8407015,"lon":122.26535083333331,"berth_count":1,"dwell_minutes":851.0666666666666,"center_method":"duration_weighted_berth_medoid"}},{"type":"Feature","geometry":{"type":"Polygon","coordinates":[[[122.07928245,39.11485318593556],[122.07756359811862,39.115118460491004],[122.07610642585479,39.11587389303956],[122.07513277447629,39.11700446261443],[122.07479087357939,39.11833934999999],[122.07513277447629,39.11967289915676],[122.07610642585479,39.120803407773465],[122.07756359811862,39.12155877937084],[122.07928722222222,39.12182402868037],[122.08100607410358,39.12155877937084],[122.08246324636742,39.120803407773465],[122.08343689774593,39.11967289915676],[122.08377879864283,39.11833803703703],[122.08343689774593,39.11700446261443],[122.08246324636742,39.11587389303956],[122.08100607410358,39.115118460491004],[122.07928245,39.11485318593556]]]},"properties":{"terminal_id":666,"lat":39.118338037037034,"lon":122.07928722222222,"berth_count":1,"dwell_minutes":1544.25,"center_method":"duration_weighted_berth_medoid"}},{"type":"Feature","geometry":{"type":"Polygon","coordinates":[[[119.04921085714288,32.19624496697086],[119.04749200526149,32.19653429265309],[119.04573882161768,32.197634590241044],[119.04491268649498,32.19894248262656],[119.0447409088904,32.20072899011387],[119.0452496403871,32.20214808691847],[119.04636143122633,32.20329440833148],[119.04790702133124,32.203993450227316],[119.05002697874905,32.20413880076596],[119.0517040417406,32.20370833421516],[119.05305876279793,32.2027675778873],[119.05388489792063,32.201459740486996],[119.05405667552519,32.19967324734843],[119.05354794402851,32.19825411194218],[119.05243615318926,32.19710772702315],[119.05089056308437,32.19640863222087],[119.04921085714288,32.19624496697086]]]},"properties":{"terminal_id":667,"lat":32.200150826086954,"lon":119.04947208695653,"berth_count":1,"dwell_minutes":6917.216666666667,"center_method":"duration_weighted_berth_medoid"}},{"type":"Feature","geometry":{"type":"Polygon","coordinates":[[[119.91131316666669,32.11235084768741],[119.90959431478532,32.112640439801375],[119.90784113114148,32.1137417506414],[119.90701499601879,32.1150508474911],[119.90684321841424,32.11705671110931],[119.90735194991093,32.118477111514885],[119.90846374075014,32.11962448599134],[119.91000933085508,32.1203241700756],[119.91224036258743,32.1204696541449],[119.91391742557899,32.12003879213457],[119.91553472041616,32.11879731896393],[119.91620538315023,32.11742599636715],[119.91627005936355,32.115782285207835],[119.91576132786687,32.11436184286696],[119.91464953702763,32.11321440223705],[119.91310394692273,32.11251466365181],[119.91131316666669,32.11235084768741]]]},"properties":{"terminal_id":668,"lat":32.11632933333333,"lon":119.9118001111111,"berth_count":1,"dwell_minutes":405.0,"center_method":"duration_weighted_berth_medoid"}},{"type":"Feature","geometry":{"type":"Polygon","coordinates":[[[116.46417216666669,23.452094522834756],[116.46245331478531,23.452408180003513],[116.46070013114148,23.45360101186833],[116.45976689462753,23.45541114487741],[116.45976689462753,23.45712351625853],[116.4604375573616,23.45860882375347],[116.4620548521988,23.459953493520583],[116.46373191519037,23.460420171711],[116.46602709642357,23.460360841923418],[116.46764621949195,23.459745617605908],[116.46888544263838,23.45860882375347],[116.46955610537245,23.45712351625853],[116.46955610537245,23.45541114487741],[116.46888544263838,23.45392580141325],[116.46764621949195,23.45278895745656],[116.46417216666669,23.452094522834756]]]},"properties":{"terminal_id":669,"lat":23.456215571428572,"lon":116.46504614285712,"berth_count":1,"dwell_minutes":387.8166666666667,"center_method":"duration_weighted_berth_medoid"}},{"type":"Feature","geometry":{"type":"Polygon","coordinates":[[[118.52416666666664,24.52806631880329],[118.52204935219876,24.528548816837098],[118.52043205736159,24.529882355778838],[118.5196967184142,24.531751990083166],[118.51986849601877,24.534069457311112],[118.52099064252144,24.535772602674168],[118.52244781478528,24.53665833233046],[118.52689443581163,24.536793417642674],[118.52876662414525,24.535772602674168],[118.52974027552371,24.534447002889422],[118.52988877064789,24.530966357909566],[118.5290626355252,24.52956026951367],[118.52770791446788,24.528548816837098],[118.52416666666664,24.52806631880329]]]},"properties":{"terminal_id":670,"lat":24.5321525,"lon":118.52416666666666,"berth_count":1,"dwell_minutes":741.6333333333333,"center_method":"duration_weighted_berth_medoid"}},{"type":"Feature","geometry":{"type":"Polygon","coordinates":[[[117.0037936666667,23.38804086020274],[117.00207481478529,23.388354669295843],[117.00061764252146,23.389248317912784],[116.99964399114296,23.390585746320074],[116.99930209024609,23.39257845454545],[116.99964399114296,23.394156017824457],[117.00061764252146,23.395493396677296],[117.00207481478529,23.396386997130655],[117.00397883333335,23.396700786450364],[117.00569768521471,23.396386997130655],[117.00715485747858,23.395493396677296],[117.00812850885704,23.394156017824457],[117.00847040975394,23.39216333333333],[117.00812850885704,23.390585746320074],[117.00715485747858,23.389248317912784],[117.00569768521471,23.388354669295843],[117.0037936666667,23.38804086020274]]]},"properties":{"terminal_id":671,"lat":23.392578454545458,"lon":117.0038480909091,"berth_count":1,"dwell_minutes":406.98333333333335,"center_method":"duration_weighted_berth_medoid"}},{"type":"Feature","geometry":{"type":"Polygon","coordinates":[[[120.58122322357939,32.065911199999995],[120.58156512447628,32.067367808686335],[120.58286537408347,32.0688534872795],[120.58756583943277,32.070354231459675],[120.58957571081162,32.070208667557864],[120.59112130091651,32.06950859953556],[120.59223309175574,32.06836059547585],[120.59274182325244,32.06693941570105],[120.59257004564788,32.065327679699244],[120.59144789914521,32.063741092403454],[120.5866428514763,32.061732101653334],[120.58441096418836,32.061877679047036],[120.58253877585476,32.06282866555337],[120.58156512447628,32.06406356188739],[120.58122322357939,32.065911199999995]]]},"properties":{"terminal_id":672,"lat":32.0664642,"lon":120.5880614,"berth_count":2,"dwell_minutes":8057.066666666667,"center_method":"duration_weighted_berth_medoid"}},{"type":"Feature","geometry":{"type":"Polygon","coordinates":[[[119.76940899999998,34.36031326488325],[119.7672916855321,34.36075107809992],[119.76544778324423,34.3622732062047],[119.76493905174755,34.36365758565883],[119.76500372796087,34.366517985271834],[119.76567439069494,34.36785446923735],[119.7672916855321,34.369064401549245],[119.76896874852366,34.369484316844805],[119.77134121852417,34.36943093215759],[119.77331438135045,34.36866062137798],[119.77442617218968,34.3675423968117],[119.77493490368637,34.36615808154272],[119.77487022747304,34.36329766964296],[119.77419956473898,34.36196111299074],[119.77296034159255,34.36093814241421],[119.77134121852417,34.36038450951968],[119.76940899999998,34.36031326488325]]]},"properties":{"terminal_id":673,"lat":34.36573361111111,"lon":119.77034791666668,"berth_count":1,"dwell_minutes":159980.58333333334,"center_method":"duration_weighted_berth_medoid"}},{"type":"Feature","geometry":{"type":"Polygon","coordinates":[[[120.26887719999998,36.0715082199257],[120.26715834811861,36.07178457204655],[120.26570117585474,36.07257155098415],[120.26472752447629,36.07374933348617],[120.26438562357939,36.075310818181826],[120.26472752447629,36.07670005711197],[120.26570117585474,36.07787777778669],[120.26715834811861,36.07866469575277],[120.26897581818183,36.078941022727086],[120.27069467006321,36.07866469575277],[120.27215184232706,36.07787777778669],[120.27312549370554,36.07670005711197],[120.27346739460243,36.075138599999995],[120.27312549370554,36.07374933348617],[120.27215184232706,36.07257155098415],[120.27069467006321,36.07178457204655],[120.26887719999998,36.0715082199257]]]},"properties":{"terminal_id":674,"lat":36.07531081818182,"lon":120.26897581818184,"berth_count":1,"dwell_minutes":338.25,"center_method":"duration_weighted_berth_medoid"}},{"type":"Feature","geometry":{"type":"Polygon","coordinates":[[[119.64850416981135,25.3349299171608],[119.64678531792995,25.33523893426616],[119.64503213428614,25.336414119559834],[119.6440988977722,25.338197472215054],[119.64403422155887,25.34018122562189],[119.64454295305556,25.341696916518224],[119.6456547438948,25.342921268335612],[119.6472003339997,25.343667895690213],[119.64927558480966,25.343823140730503],[119.65095264780122,25.3433633710108],[119.65256994263841,25.34203860637961],[119.65324060537245,25.340575284700513],[119.65330528158579,25.338591537754464],[119.65279655008909,25.33707580795659],[119.65168475924987,25.33585139698701],[119.65013916914495,25.335104721397126],[119.64850416981135,25.3349299171608]]]},"properties":{"terminal_id":675,"lat":25.33898943396226,"lon":119.64850416981132,"berth_count":1,"dwell_minutes":1351.2,"center_method":"duration_weighted_berth_medoid"}},{"type":"Feature","geometry":{"type":"Polygon","coordinates":[[[111.85020540000001,21.53295256595476],[111.84848654811863,21.53327060408688],[111.84673336447482,21.53448009720308],[111.84590722935211,21.535917793120177],[111.84573545174754,21.538129870815883],[111.84624418324424,21.53968982191711],[111.84735597408346,21.5409499284773],[111.84890156418837,21.541718360478686],[111.85096341147631,21.541878139409253],[111.85264047446788,21.541404942321375],[111.85425776930506,21.540041489964157],[111.85492843203913,21.538535436680203],[111.85499310825244,21.53672108636536],[111.85448437675576,21.535161103363777],[111.85337258591653,21.53390094655609],[111.85020540000001,21.53295256595476]]]},"properties":{"terminal_id":676,"lat":21.53772036,"lon":111.85052316,"berth_count":1,"dwell_minutes":1070.7166666666667,"center_method":"duration_weighted_berth_medoid"}},{"type":"Feature","geometry":{"type":"Polygon","coordinates":[[[121.197203,31.73970656553944],[121.19548414811864,31.739997333588914],[121.19402697585477,31.74082536593676],[121.1930533244763,31.74206459009078],[121.1927114235794,31.743645925925925],[121.1930533244763,31.745107644209877],[121.19402697585477,31.7463468110653],[121.19548414811864,31.74717478664552],[121.1974239259259,31.747465531248512],[121.19914277780728,31.74717478664552],[121.20059995007114,31.7463468110653],[121.20157360144961,31.745107644209877],[121.20191550234651,31.743526333333342],[121.20157360144961,31.74206459009078],[121.20059995007114,31.74082536593676],[121.19914277780728,31.739997333588914],[121.197203,31.73970656553944]]]},"properties":{"terminal_id":677,"lat":31.743645925925925,"lon":121.19742392592592,"berth_count":1,"dwell_minutes":905.4,"center_method":"duration_weighted_berth_medoid"}},{"type":"Feature","geometry":{"type":"Polygon","coordinates":[[[119.31243500000002,32.23647806275568],[119.31071614811864,32.23676726044517],[119.30896296447482,32.23786707127088],[119.30813682935212,32.23917438503669],[119.30796505174754,32.24101712051237],[119.30870039069494,32.242755360371554],[119.30993961384138,32.24380348342073],[119.31155873690975,32.24437071848347],[119.31345791814297,32.24442542033055],[119.31513498113453,32.24399514452063],[119.31648970219186,32.24305480503651],[119.31731583731455,32.24174754711342],[119.3174876149191,32.2399048264546],[119.31697888342241,32.238486318894374],[119.3158670925832,32.23734044113461],[119.31432150247828,32.236641655603115],[119.31243500000002,32.23647806275568]]]},"properties":{"terminal_id":678,"lat":32.24059045,"lon":119.312848175,"berth_count":1,"dwell_minutes":229431.81666666665,"center_method":"duration_weighted_berth_medoid"}},{"type":"Feature","geometry":{"type":"Polygon","coordinates":[[[119.93330276923076,32.03370314606592],[119.9315839173494,32.03399298738615],[119.92983073370556,32.035095245969146],[119.92889749719163,32.03676792688624],[119.9288328209783,32.03869619753809],[119.92934155247501,32.04011781604144],[119.93045334331421,32.041266174511065],[119.93199893341915,32.04196645866278],[119.9341193836797,32.042112067504505],[119.93579644667126,32.04168083597271],[119.93741374150844,32.040438298098564],[119.9380844042425,32.039065799480554],[119.93814908045583,32.03713753661287],[119.93764034895914,32.03571587183346],[119.93652855811993,32.03456744374673],[119.93498296801499,32.03386710300063],[119.93330276923076,32.03370314606592]]]},"properties":{"terminal_id":679,"lat":32.03751073898305,"lon":119.93367913220338,"berth_count":1,"dwell_minutes":8888.95,"center_method":"duration_weighted_berth_medoid"}},{"type":"Feature","geometry":{"type":"Polygon","coordinates":[[[118.3633667,24.4045102356325],[118.36164784811861,24.40482158768987],[118.3598946644748,24.406005653004936],[118.3590685293521,24.40741312188232],[118.35889675174754,24.409525200221935],[118.35940548324422,24.41105234965324],[118.36051727408346,24.412285957980053],[118.36206286418836,24.413038230298252],[118.3641072514763,24.413194649106927],[118.36578431446786,24.41273140320501],[118.36740160930503,24.411396622761078],[118.3680722720391,24.4099222383009],[118.36813694825243,24.408199525413046],[118.36762821675575,24.406672341474337],[118.36651642591653,24.4054386782971],[118.3633667,24.4045102356325]]]},"properties":{"terminal_id":680,"lat":24.408783,"lon":118.3635304125,"berth_count":1,"dwell_minutes":2418.0833333333335,"center_method":"duration_weighted_berth_medoid"}},{"type":"Feature","geometry":{"type":"Polygon","coordinates":[[[119.72638093126086,34.30827195611832],[119.7291373592102,34.30949594966576],[119.72937200982112,34.312698309333676],[119.73034566119958,34.31390188620816],[119.73180283346345,34.31470608094795],[119.73596669295448,34.31482873094482],[119.7378388812881,34.31390188620816],[119.73881253266657,34.312698309333676],[119.73896102779074,34.30921184316607],[119.7370324373532,34.30714169480769],[119.73628310930508,34.30490614982493],[119.73504388615864,34.303882483259166],[119.72809756309024,34.30063251852791],[119.72625540357639,34.30063251852791],[119.72463628050802,34.30118654586916],[119.7233970573616,34.30221024529602],[119.72272639462753,34.30354775425242],[119.72272639462753,34.30534150319233],[119.7233970573616,34.30667896227912],[119.72463628050802,34.307702594755895],[119.72638093126086,34.30827195611832]]]},"properties":{"terminal_id":681,"lat":34.31028881465517,"lon":119.73352168534484,"berth_count":4,"dwell_minutes":16911.45,"center_method":"duration_weighted_berth_medoid"}},{"type":"Feature","geometry":{"type":"Polygon","coordinates":[[[120.2508266111111,36.0027829503039],[120.24870929664323,36.003212003976465],[120.24735457558589,36.00411141989362],[120.2465284404632,36.005361753447765],[120.24635666285863,36.00727398014494],[120.24686539435534,36.00863061577625],[120.24797718519456,36.00972648055857],[120.24952277529948,36.010394752636984],[120.25156210861917,36.01053370519564],[120.25323917161073,36.01012218667716],[120.25485646644793,36.008936448128125],[120.25552712918197,36.007626687622405],[120.2555918053953,36.006060357251506],[120.2550830738986,36.004703677392385],[120.2539712830594,36.0036077427925],[120.2508266111111,36.0027829503039]]]},"properties":{"terminal_id":682,"lat":36.006917841269846,"lon":120.25112185714283,"berth_count":1,"dwell_minutes":2329.0499999999997,"center_method":"duration_weighted_berth_medoid"}},{"type":"Feature","geometry":{"type":"Polygon","coordinates":[[[115.04842727777775,22.68652411587143],[115.04670842589638,22.686839563132384],[115.04495524225257,22.688039202892945],[115.04412910712988,22.689465185698236],[115.04393570135714,22.691139999999997],[115.04427760225404,22.692725799708015],[115.04525125363254,22.694070161411123],[115.04670842589638,22.69496842783122],[115.04849265,22.695283855653884],[115.05021150188136,22.69496842783122],[115.05196468552518,22.693768848731356],[115.05279082064787,22.692342910710686],[115.05298422642059,22.69066811111111],[115.05264232552369,22.689082287590058],[115.05166867414523,22.687737876951612],[115.05021150188136,22.686839563132384],[115.04842727777775,22.68652411587143]]]},"properties":{"terminal_id":683,"lat":22.690827428571428,"lon":115.04845407142857,"berth_count":1,"dwell_minutes":1195.2166666666667,"center_method":"duration_weighted_berth_medoid"}},{"type":"Feature","geometry":{"type":"Polygon","coordinates":[[[117.54596899999999,23.71046495945824],[117.5438516855321,23.710950550116173],[117.54223439069493,23.71229263682665],[117.54149905174754,23.714174255937156],[117.5416708293521,23.71627536659111],[117.54279297585477,23.717989434322455],[117.5442501481186,23.71888084450189],[117.54855438126614,23.719016796185233],[117.55009997137104,23.718260443218274],[117.55121176221029,23.71702014353016],[117.55172049370697,23.71548471095572],[117.5515487161024,23.713383587565037],[117.55072258097971,23.7119684859997],[117.54936785992238,23.710950550116173],[117.54596899999999,23.71046495945824]]]},"properties":{"terminal_id":684,"lat":23.71508163636364,"lon":117.54725054545452,"berth_count":1,"dwell_minutes":1522.5166666666669,"center_method":"duration_weighted_berth_medoid"}},{"type":"Feature","geometry":{"type":"Polygon","coordinates":[[[120.73183133333333,32.036650196299675],[120.73011248145194,32.036940028291625],[120.7286553091881,32.037765394947535],[120.72768165780961,32.03900062954087],[120.72733975691274,32.040706],[120.72768165780961,32.042163009984364],[120.7286553091881,32.04339818524363],[120.73011248145194,32.04422349367728],[120.73193254545454,32.044513301693954],[120.73365139733592,32.04422349367728],[120.73510856959977,32.04339818524363],[120.73608222097825,32.042163009984364],[120.73642412187515,32.04045766666666],[120.73608222097825,32.03900062954087],[120.73510856959977,32.037765394947535],[120.73365139733592,32.036940028291625],[120.73183133333333,32.036650196299675]]]},"properties":{"terminal_id":685,"lat":32.04065063265306,"lon":120.73190695918368,"berth_count":1,"dwell_minutes":33542.899999999994,"center_method":"duration_weighted_berth_medoid"}},{"type":"Feature","geometry":{"type":"Polygon","coordinates":[[[113.26537766666667,21.848166032811765],[113.2636588147853,21.848483375745296],[113.26220164252143,21.849387088099867],[113.26122799114297,21.85073957853979],[113.26088609024607,21.85245433333333],[113.26122799114297,21.854049668979407],[113.26220164252143,21.855402115281755],[113.2636588147853,21.8563057838738],[113.26542213333333,21.856623108727927],[113.26714098521471,21.8563057838738],[113.26859815747855,21.855402115281755],[113.26957180885704,21.854049668979407],[113.26991370975394,21.85233493333333],[113.26957180885704,21.85073957853979],[113.26859815747855,21.849387088099867],[113.26714098521471,21.848483375745296],[113.26537766666667,21.848166032811765]]]},"properties":{"terminal_id":686,"lat":21.852334933333335,"lon":113.26542213333332,"berth_count":1,"dwell_minutes":508.7166666666667,"center_method":"duration_weighted_berth_medoid"}},{"type":"Feature","geometry":{"type":"Polygon","coordinates":[[[121.61208669354839,38.935758953663175],[121.61036784166703,38.936024901145736],[121.60891066940316,38.93678225003581],[121.60793701802469,38.93791568763846],[121.60759511712779,38.93933942857142],[121.60793701802469,38.940676359250354],[121.60891066940316,38.94180973460922],[121.61036784166703,38.942567021715824],[121.61212014285714,38.94283294366527],[121.6138389947385,38.942567021715824],[121.61529616700237,38.94180973460922],[121.61626981838084,38.940676359250354],[121.61661171927774,38.93925264516129],[121.61626981838084,38.93791568763846],[121.61529616700237,38.93678225003581],[121.6138389947385,38.936024901145736],[121.61208669354839,38.935758953663175]]]},"properties":{"terminal_id":687,"lat":38.93925264516129,"lon":121.6120866935484,"berth_count":1,"dwell_minutes":3006.116666666667,"center_method":"duration_weighted_berth_medoid"}},{"type":"Feature","geometry":{"type":"Polygon","coordinates":[[[120.32913144444444,27.22628353966431],[120.32741259256305,27.226587559781056],[120.32565940891924,27.227743741145915],[120.3247261724053,27.229498253710744],[120.3247261724053,27.231073703679797],[120.32539683513937,27.232513367343774],[120.32701412997658,27.233816713020406],[120.32869119296814,27.234269048897193],[120.33097909642358,27.234211542491604],[120.33259821949196,27.233615225631524],[120.33383744263841,27.232513367343774],[120.33450810537245,27.231073703679797],[120.33450810537245,27.229498253710744],[120.33383744263841,27.228058551059814],[120.33259821949196,27.22695663778005],[120.32913144444444,27.22628353966431]]]},"properties":{"terminal_id":688,"lat":27.230277407407407,"lon":120.33010283333331,"berth_count":1,"dwell_minutes":3430.733333333333,"center_method":"duration_weighted_berth_medoid"}},{"type":"Feature","geometry":{"type":"Polygon","coordinates":[[[121.28003233333334,39.5747692174343],[121.27831348145197,39.57503275204687],[121.2768563091881,39.575783229639725],[121.27588265780963,39.576906383550686],[121.27554075691275,39.57824211864408],[121.27588265780963,39.5795669200891],[121.2768563091881,39.580690012690354],[121.27831348145197,39.58144042903215],[121.28003501694914,39.58170393828114],[121.28175386883052,39.58144042903215],[121.28321104109438,39.580690012690354],[121.28418469247285,39.5795669200891],[121.28452659336975,39.57823121052631],[121.28418469247285,39.576906383550686],[121.28321104109438,39.575783229639725],[121.28175386883052,39.57503275204687],[121.28003233333334,39.5747692174343]]]},"properties":{"terminal_id":689,"lat":39.57823121052631,"lon":121.28003233333334,"berth_count":1,"dwell_minutes":3448.5333333333333,"center_method":"duration_weighted_berth_medoid"}},{"type":"Feature","geometry":{"type":"Polygon","coordinates":[[[121.84795100000002,30.06043829483867],[121.84623214811863,30.06073420876739],[121.84477497585479,30.061576895494284],[121.84380132447632,30.062838051904453],[121.84345942357942,30.064396999999996],[121.84380132447632,30.06588459133297],[121.84477497585479,30.0671456928593],[121.84623214811863,30.067988325003945],[121.84802119999999,30.068284216362255],[121.84974005188135,30.067988325003945],[121.85119722414522,30.0671456928593],[121.85217087552368,30.06588459133297],[121.85251277642058,30.06432566666666],[121.85217087552368,30.062838051904453],[121.85119722414522,30.061576895494284],[121.84974005188135,30.06073420876739],[121.84795100000002,30.06043829483867]]]},"properties":{"terminal_id":690,"lat":30.0643335,"lon":121.847965,"berth_count":1,"dwell_minutes":908.85,"center_method":"duration_weighted_berth_medoid"}},{"type":"Feature","geometry":{"type":"Polygon","coordinates":[[[120.24115612500002,26.933049917208873],[120.23943727311865,26.933354733892877],[120.23768408947481,26.934513944659972],[120.23675085296088,26.936273054590913],[120.23668617674755,26.93824416703182],[120.23719490824426,26.939739250955554],[120.23830669908347,26.94094695597708],[120.2398522891884,26.941683431525128],[120.24195235147631,26.941836565683005],[120.24362941446788,26.941383047464974],[120.24524670930505,26.94007629513158],[120.24591737203912,26.938632868682426],[120.24598204825244,26.936661763036696],[120.24547331675575,26.935166638305372],[120.24436152591652,26.933958871368784],[120.24281593581162,26.93322234536405],[120.24115612500002,26.933049917208873]]]},"properties":{"terminal_id":691,"lat":26.9371049,"lon":120.2412216,"berth_count":1,"dwell_minutes":3249.4333333333334,"center_method":"duration_weighted_berth_medoid"}},{"type":"Feature","geometry":{"type":"Polygon","coordinates":[[[113.01257079999999,22.440540005051673],[113.01085194811863,22.44085601554441],[113.00939477585477,22.44175593334591],[113.0084211244763,22.44310274460708],[113.0080792235794,22.44475948387097],[113.0084211244763,22.44634812028835],[113.00939477585477,22.447694886960033],[113.01085194811863,22.448594760391405],[113.01265824731182,22.448910752533287],[113.0143770991932,22.448594760391405],[113.01583427145705,22.447694886960033],[113.01680792283553,22.44634812028835],[113.01714982373242,22.444691400000004],[113.01680792283553,22.44310274460708],[113.01583427145705,22.44175593334591],[113.0143770991932,22.44085601554441],[113.01257079999999,22.440540005051673]]]},"properties":{"terminal_id":692,"lat":22.444759483870968,"lon":113.01265824731183,"berth_count":1,"dwell_minutes":2798.0666666666666,"center_method":"duration_weighted_berth_medoid"}},{"type":"Feature","geometry":{"type":"Polygon","coordinates":[[[121.7702419235794,29.190267801658187],[121.77002893846654,29.192615839712733],[121.77165064490885,29.19484978913802],[121.7710669235794,29.197996666666665],[121.77182389069492,29.200174963759586],[121.77306311384137,29.201256701449427],[121.77468223690973,29.2018421289082],[121.77729976309024,29.2018421289082],[121.77891888615862,29.201256701449427],[121.78057317552367,29.199497108761097],[121.78091507642057,29.196775833333326],[121.78038471675576,29.194927508006955],[121.7790193712281,29.19358071451421],[121.77959119622001,29.189594647774186],[121.77881419320143,29.187440703999695],[121.77639334593898,29.185890485206027],[121.77301464811865,29.18602289351395],[121.77077228324423,29.18779721282447],[121.7702419235794,29.190267801658187]]]},"properties":{"terminal_id":693,"lat":29.196775833333337,"lon":121.77610433333332,"berth_count":3,"dwell_minutes":1457.55,"center_method":"duration_weighted_berth_medoid"}},{"type":"Feature","geometry":{"type":"Polygon","coordinates":[[[111.2973811,21.425381044589642],[111.29566224811863,21.425699317767172],[111.29420507585476,21.42660567929258],[111.29323142447629,21.427962134662906],[111.29288952357939,21.4296015],[111.29323142447629,21.431201514035454],[111.29420507585476,21.43255792670178],[111.29566224811863,21.433464245644455],[111.29739966666668,21.43378250119904],[111.29911851854804,21.433464245644455],[111.3005756908119,21.43255792670178],[111.30154934219037,21.431201514035454],[111.30189124308727,21.429562166666667],[111.30154934219037,21.427962134662906],[111.3005756908119,21.42660567929258],[111.29911851854804,21.425699317767172],[111.2973811,21.425381044589642]]]},"properties":{"terminal_id":694,"lat":21.4296015,"lon":111.2973811,"berth_count":1,"dwell_minutes":720.0333333333333,"center_method":"duration_weighted_berth_medoid"}},{"type":"Feature","geometry":{"type":"Polygon","coordinates":[[[122.29103780487804,29.921749210652244],[122.28931895299668,29.92204553827012],[122.28786178073281,29.922889403097585],[122.28688812935434,29.924152322697285],[122.28654622845744,29.92566171739131],[122.28688812935434,29.927151389445502],[122.28786178073281,29.928414254971013],[122.28931895299668,29.92925806580723],[122.2910731304348,29.929554371071728],[122.29279198231616,29.92925806580723],[122.29424915458003,29.928414254971013],[122.2952228059585,29.927151389445502],[122.2955647068554,29.92564201734104],[122.2952228059585,29.924152322697285],[122.29424915458003,29.922889403097585],[122.29279198231616,29.92204553827012],[122.29103780487804,29.921749210652244]]]},"properties":{"terminal_id":695,"lat":29.92565857195572,"lon":122.29106523247232,"berth_count":1,"dwell_minutes":18888.8,"center_method":"duration_weighted_berth_medoid"}},{"type":"Feature","geometry":{"type":"Polygon","coordinates":[[[119.917294625,32.1247202787783],[119.91557577311863,32.12500983164832],[119.91382258947479,32.12611099324181],[119.91288935296087,32.1277820094096],[119.91282467674755,32.12979205074157],[119.91333340824424,32.13121225292792],[119.91444519908345,32.13235946728066],[119.91599078918838,32.13305905371685],[119.91802628572287,32.13320451748213],[119.91970334871444,32.132773715603456],[119.92132064355162,32.131532415690394],[119.92199130628569,32.13016128446579],[119.92205598249902,32.12815125126868],[119.92154725100234,32.12673100143221],[119.92043546016309,32.12558371630279],[119.917294625,32.1247202787783]]]},"properties":{"terminal_id":696,"lat":32.128903433121025,"lon":119.91744884713376,"berth_count":1,"dwell_minutes":11360.3,"center_method":"duration_weighted_berth_medoid"}},{"type":"Feature","geometry":{"type":"Polygon","coordinates":[[[122.10245025,30.24083873166676],[122.10073139811863,30.241134104893455],[122.0989782144748,30.242257401595918],[122.0981520793521,30.243592633341162],[122.09798030174753,30.24559632263761],[122.09871564069492,30.247371684474057],[122.09995486384139,30.248442192231845],[122.10157398690973,30.24902154199135],[122.1036322514763,30.24907741214129],[122.10530931446786,30.248637946702285],[122.10692660930506,30.247371684474057],[122.1075972720391,30.24597298110951],[122.10766194825243,30.244338673966844],[122.10715321675575,30.24288987325796],[122.10604142591653,30.241719525457746],[122.1044958358116,30.241005817874917],[122.10245025,30.24083873166676]]]},"properties":{"terminal_id":697,"lat":30.2449123,"lon":122.1025987,"berth_count":1,"dwell_minutes":389.1166666666667,"center_method":"duration_weighted_berth_medoid"}},{"type":"Feature","geometry":{"type":"Polygon","coordinates":[[[122.11522,30.246074538408],[122.11350114811863,30.24636989589801],[122.11204397585479,30.247210998003577],[122.11107032447629,30.248469782810737],[122.11072842357939,30.25006716666666],[122.11107032447629,30.251551959714806],[122.11204397585479,30.252810688904994],[122.11350114811863,30.253651735872154],[122.115384,30.25394707058386],[122.11710285188137,30.253651735872154],[122.11856002414524,30.252810688904994],[122.11953367552371,30.251551959714806],[122.1198755764206,30.24995460000001],[122.11953367552371,30.248469782810737],[122.11856002414524,30.247210998003577],[122.11710285188137,30.24636989589801],[122.11522,30.246074538408]]]},"properties":{"terminal_id":698,"lat":30.2499546,"lon":122.115384,"berth_count":1,"dwell_minutes":699.0333333333333,"center_method":"duration_weighted_berth_medoid"}},{"type":"Feature","geometry":{"type":"Polygon","coordinates":[[[122.06460950000002,30.149167114025254],[122.06289064811864,30.149462762379358],[122.06113746447481,30.150587105406466],[122.06020422796087,30.152293300910678],[122.06013955174754,30.154134431921907],[122.06087489069493,30.155911444005106],[122.06211411384139,30.15698294687125],[122.06373323690974,30.157562835188322],[122.06559702034424,30.15761875727508],[122.0672740833358,30.157178883311985],[122.06889137817296,30.155911444005106],[122.06956204090703,30.154511440500674],[122.06962671712036,30.15267031652725],[122.06911798562368,30.151220166216618],[122.06800619478445,30.15004872824483],[122.06646060467953,30.1493343558667],[122.06460950000002,30.149167114025254]]]},"properties":{"terminal_id":699,"lat":30.153277175600746,"lon":122.0651492754159,"berth_count":1,"dwell_minutes":53702.51666666668,"center_method":"duration_weighted_berth_medoid"}},{"type":"Feature","geometry":{"type":"Polygon","coordinates":[[[119.25956445569621,32.19320558763842],[119.25744714122833,32.1936544067665],[119.25582984639112,32.19489486064749],[119.25515918365706,32.196265018078705],[119.25515918365706,32.19833308287586],[119.25582984639112,32.19970318853664],[119.25744714122833,32.20094355996206],[119.25912420421989,32.20137403959508],[119.26162329642356,32.20131931183542],[119.26359645924984,32.20052962149899],[119.26470825008907,32.19938326524951],[119.26515230537244,32.196265018078705],[119.26448164263837,32.19489486064749],[119.26324241949195,32.19384617361312],[119.26162329642356,32.19327862324006],[119.25956445569621,32.19320558763842]]]},"properties":{"terminal_id":700,"lat":32.197519,"lon":119.25964629213485,"berth_count":1,"dwell_minutes":20130.4,"center_method":"duration_weighted_berth_medoid"}},{"type":"Feature","geometry":{"type":"Polygon","coordinates":[[[122.25218988235295,30.253166689088776],[122.25047103047156,30.253462025258763],[122.24901385820772,30.254303066649374],[122.24804020682922,30.25556176058828],[122.24769830593235,30.25710461111111],[122.24804020682922,30.258589297789158],[122.24901385820772,30.259847936800696],[122.25047103047156,30.26068892351118],[122.25224461538461,30.260984237063305],[122.253963467266,30.26068892351118],[122.25542063952985,30.259847936800696],[122.25639429090833,30.258589297789158],[122.2567361918052,30.257046470588236],[122.25639429090833,30.25556176058828],[122.25542063952985,30.254303066649374],[122.253963467266,30.253462025258763],[122.25218988235295,30.253166689088776]]]},"properties":{"terminal_id":701,"lat":30.257075965909088,"lon":122.25223328409092,"berth_count":1,"dwell_minutes":6409.299999999999,"center_method":"duration_weighted_berth_medoid"}},{"type":"Feature","geometry":{"type":"Polygon","coordinates":[[[117.7661244735794,39.01754655],[117.76688144069492,39.019485321678005],[117.76889719811862,39.020770580168076],[117.77162457887974,39.02096915736459],[117.77392433993471,39.02001412906147],[117.77504648643738,39.01855956214801],[117.77511599916237,39.01626047788285],[117.77645337682387,39.01410423893805],[117.7762815992193,39.011846656197875],[117.77515945271664,39.010391921275186],[117.7737022804528,39.009635359139054],[117.7719834285714,39.009369687926686],[117.76993398145197,39.009635359139054],[117.7684768091881,39.010391921275186],[117.76735466268543,39.011846656197875],[117.76732641401777,39.014687608641665],[117.76631787935209,39.016044861075336],[117.7661244735794,39.01754655]]]},"properties":{"terminal_id":702,"lat":39.0172761875,"lon":117.7706896875,"berth_count":2,"dwell_minutes":4330.950000000001,"center_method":"duration_weighted_berth_medoid"}},{"type":"Feature","geometry":{"type":"Polygon","coordinates":[[[120.22175395691274,36.00975680000001],[120.22228431657759,36.01146951282822],[120.22375014717471,36.012777730658186],[120.22710362335295,36.01339002829914],[120.22796779780813,36.01476305034972],[120.22972098145193,36.01581477040282],[120.23259609024606,36.015987794638335],[120.23312644991091,36.01814867881043],[120.23497035219879,36.0196400696063],[120.23664741519035,36.02005153843338],[120.23932464136718,36.01991260265348],[120.24087023147207,36.019244411269284],[120.24198202231132,36.01814867881043],[120.242490753808,36.01556765020192],[120.24149284108074,36.01361894787723],[120.23932464136718,36.01244708250085],[120.23604499308726,36.01239416677937],[120.23502545219185,36.010034981969724],[120.23367073113455,36.00913563362564],[120.23186088251657,36.00871883090014],[120.23113460930507,36.00710579795422],[120.2295173144679,36.00592001403671],[120.22624553333334,36.00549097509958],[120.22375014717471,36.006103329338934],[120.22209585780963,36.007733968266926],[120.22175395691274,36.00975680000001]]]},"properties":{"terminal_id":703,"lat":36.01238329411765,"lon":120.231451,"berth_count":3,"dwell_minutes":6466.950000000001,"center_method":"duration_weighted_berth_medoid"}},{"type":"Feature","geometry":{"type":"Polygon","coordinates":[[[121.859852,39.01305532859226],[121.85813314811864,39.01332098596043],[121.85667597585477,39.014077508671484],[121.8557023244763,39.01520970980113],[121.8553604235794,39.01664312499999],[121.8557023244763,39.01797859691866],[121.85667597585477,39.01911073558893],[121.85813314811864,39.019867196360806],[121.86005478124999,39.020132828139],[121.86177363313136,39.019867196360806],[121.86323080539522,39.01911073558893],[121.86420445677369,39.01797859691866],[121.86454635767059,39.0165452087912],[121.86420445677369,39.01520970980113],[121.86323080539522,39.014077508671484],[121.86177363313136,39.01332098596043],[121.859852,39.01305532859226]]]},"properties":{"terminal_id":704,"lat":39.01654520879121,"lon":121.85995075824177,"berth_count":1,"dwell_minutes":4665.616666666667,"center_method":"duration_weighted_berth_medoid"}},{"type":"Feature","geometry":{"type":"Polygon","coordinates":[[[121.23712773333335,31.62740984363533],[121.23540888145197,31.62770096364469],[121.23365569780815,31.628808085142875],[121.2327224612942,31.63048814583843],[121.23265778508087,31.632204970071854],[121.23316651657757,31.63363286467189],[121.2342783074168,31.634786293046165],[121.23582389752171,31.635489668973342],[121.23788631029986,31.635635920690135],[121.23956337329142,31.635202785243184],[121.24118066812859,31.633954761613413],[121.24185133086266,31.632576203691926],[121.24191600707599,31.63085938631036],[121.24140727557929,31.629431449134536],[121.24029548474006,31.62827795435773],[121.23712773333335,31.62740984363533]]]},"properties":{"terminal_id":705,"lat":31.631537733333335,"lon":121.23712773333334,"berth_count":1,"dwell_minutes":1275.4166666666663,"center_method":"duration_weighted_berth_medoid"}},{"type":"Feature","geometry":{"type":"Polygon","coordinates":[[[121.98393999999998,30.09067699425474],[121.98222114811861,30.090972817755556],[121.9804679644748,30.092097826875346],[121.97953472796087,30.093805033221205],[121.97953472796087,30.095764735646515],[121.98020539069492,30.097165572363032],[121.9818226855321,30.098433766016694],[121.98566099939161,30.098817946416844],[121.98728012245998,30.098237712957825],[121.98851934560642,30.097165572363032],[121.98919000834049,30.095764735646515],[121.98919000834049,30.093805033221205],[121.98851934560642,30.092404148885574],[121.98728012245998,30.091331945024066],[121.98393999999998,30.09067699425474]]]},"properties":{"terminal_id":706,"lat":30.09456317808219,"lon":121.98478473630136,"berth_count":1,"dwell_minutes":8992.25,"center_method":"duration_weighted_berth_medoid"}},{"type":"Feature","geometry":{"type":"Polygon","coordinates":[[[120.24692216666665,27.24495946898438],[120.24520331478529,27.245263438098124],[120.24345013114144,27.246419425494985],[120.24262399601875,27.247793517329413],[120.24245221841419,27.249862058949486],[120.24318755736158,27.251689096172193],[120.24442678050804,27.2527907646083],[120.24604590357639,27.253386978719245],[120.2480622514763,27.253444475216003],[120.24973931446786,27.252992217279875],[120.25135660930503,27.251689096172193],[120.2520272720391,27.250249680553488],[120.25209194825243,27.248561271184474],[120.25158321675575,27.247070304165764],[120.2504714259165,27.245865895689388],[120.2489258358116,27.245131417688622],[120.24692216666665,27.24495946898438]]]},"properties":{"terminal_id":707,"lat":27.248952666666668,"lon":120.24692216666666,"berth_count":1,"dwell_minutes":430.48333333333335,"center_method":"duration_weighted_berth_medoid"}},{"type":"Feature","geometry":{"type":"Polygon","coordinates":[[[121.9540741212121,30.095351075659327],[121.95235526933074,30.095646885175093],[121.95089809706687,30.096489274555655],[121.94992444568841,30.097749985946216],[121.94958254479151,30.099295907651705],[121.94992444568841,30.10078297420515],[121.95089809706687,30.102043630832636],[121.95235526933074,30.10288596569912],[121.9541352005277,30.103181752666032],[121.95585405240907,30.10288596569912],[121.95731122467294,30.102043630832636],[121.95828487605141,30.10078297420515],[121.9586267769483,30.09923707575758],[121.95828487605141,30.097749985946216],[121.95731122467294,30.096489274555655],[121.95585405240907,30.095646885175093],[121.9540741212121,30.095351075659327]]]},"properties":{"terminal_id":708,"lat":30.09929590765171,"lon":121.9541352005277,"berth_count":1,"dwell_minutes":14297.916666666666,"center_method":"duration_weighted_berth_medoid"}},{"type":"Feature","geometry":{"type":"Polygon","coordinates":[[[119.58286206874068,39.907124666666675],[119.58294950130804,39.907800286872714],[119.58189410225404,39.90897487547899],[119.5815738295253,39.910643614591955],[119.58230916847269,39.9122199792474],[119.58354839161913,39.91317049190858],[119.58560352630145,39.91373450756163],[119.58737851835131,39.91360275205971],[119.59101277597175,39.91143876875401],[119.5916834387058,39.91019683007313],[119.59200794825244,39.906692971159124],[119.59127260930505,39.905116479313406],[119.59003338615862,39.904165854893016],[119.58753799999998,39.90358516894548],[119.58523633069339,39.90399201990224],[119.58339242840552,39.905406500468075],[119.58286206874068,39.907124666666675]]]},"properties":{"terminal_id":709,"lat":39.909455095238094,"lon":119.58722257142855,"berth_count":3,"dwell_minutes":51945.76666666666,"center_method":"duration_weighted_berth_medoid"}},{"type":"Feature","geometry":{"type":"Polygon","coordinates":[[[120.83198117699116,27.985274872706718],[120.8302623251098,27.985576794100034],[120.82880515284593,27.98643658885291],[120.82783150146746,27.987723349825664],[120.82748960057056,27.9893090093458],[120.82783150146746,27.990826805337356],[120.82880515284593,27.992113513910517],[120.8302623251098,27.99297325653248],[120.83217633644861,27.993275156366586],[120.83389518832998,27.99297325653248],[120.83535236059382,27.992113513910517],[120.83632601197232,27.990826805337356],[120.83666791286919,27.989241168141593],[120.83632601197232,27.987723349825664],[120.83535236059382,27.98643658885291],[120.83389518832998,27.985576794100034],[120.83198117699116,27.985274872706718]]]},"properties":{"terminal_id":710,"lat":27.989241168141593,"lon":120.83198117699116,"berth_count":1,"dwell_minutes":6950.216666666667,"center_method":"duration_weighted_berth_medoid"}},{"type":"Feature","geometry":{"type":"Polygon","coordinates":[[[122.1249188235794,30.133536666666668],[122.12567579069494,30.135694797070524],[122.12729308553213,30.136962496126696],[122.12972732191781,30.137421164793864],[122.13222270807643,30.136766519530045],[122.13368853867357,30.13536782545567],[122.1342172745766,30.13341455717577],[122.1358571509098,30.1323363670784],[122.1366832860325,30.130999626230526],[122.13685506363707,30.128702111811684],[122.13611972468968,30.126924609655447],[122.13488050154324,30.125852780340146],[122.13326137847487,30.125272705642267],[122.1310600285764,30.125272705642267],[122.12944090550802,30.125852780340146],[122.12797507491089,30.12725160923744],[122.12744933418793,30.129953275866004],[122.12567579069494,30.131284963222193],[122.1249188235794,30.133536666666668]]]},"properties":{"terminal_id":711,"lat":30.133459630136983,"lon":122.1295715479452,"berth_count":2,"dwell_minutes":17901.566666666662,"center_method":"duration_weighted_berth_medoid"}},{"type":"Feature","geometry":{"type":"Polygon","coordinates":[[[129.40050919108276,36.010204199964896],[129.39879033920138,36.01048076732023],[129.39733316693753,36.01126835919742],[129.39635951555906,36.01244705903855],[129.39601761466216,36.01388071232876],[129.39635951555906,36.01527103564525],[129.39733316693753,36.016449675631605],[129.39879033920138,36.01723720786891],[129.4005473150685,36.01751375054788],[129.4022661669499,36.01723720786891],[129.40372333921374,36.016449675631605],[129.4046969905922,36.01527103564525],[129.4050388914891,36.013837407643315],[129.4046969905922,36.01244705903855],[129.40372333921374,36.01126835919742],[129.4022661669499,36.01048076732023],[129.40050919108276,36.010204199964896]]]},"properties":{"terminal_id":712,"lat":36.01383740764331,"lon":129.4005091910828,"berth_count":1,"dwell_minutes":6387.4,"center_method":"duration_weighted_berth_medoid"}},{"type":"Feature","geometry":{"type":"Polygon","coordinates":[[[126.52940374468088,35.97022434059047],[126.5276848927995,35.97050104814197],[126.52622772053564,35.97128903926645],[126.52525406915717,35.972468336630065],[126.52491216826027,35.9738827826087],[126.52525406915717,35.975273811124026],[126.52622772053564,35.976453048957836],[126.5276848927995,35.97724098066848],[126.52946378260869,35.97751766362469],[126.53118263449007,35.97724098066848],[126.53263980675392,35.976453048957836],[126.5336134581324,35.975273811124026],[126.53395535902929,35.97385939007091],[126.5336134581324,35.972468336630065],[126.53263980675392,35.97128903926645],[126.53118263449007,35.97050104814197],[126.52940374468088,35.97022434059047]]]},"properties":{"terminal_id":713,"lat":35.97387663703704,"lon":126.52943351111112,"berth_count":1,"dwell_minutes":10056.833333333334,"center_method":"duration_weighted_berth_medoid"}},{"type":"Feature","geometry":{"type":"Polygon","coordinates":[[[120.31125815555552,31.947923666665638],[120.30953930367416,31.94821377916753],[120.30778612003034,31.949317069066968],[120.3068528835164,31.95099131507078],[120.3068528835164,31.952606211963204],[120.30752354625047,31.953980005178263],[120.30914084108764,31.955223715108026],[120.31291394105635,31.955600478353887],[120.31453306412472,31.955031447103732],[120.31577228727119,31.953980005178263],[120.31644295000523,31.952606211963204],[120.31644295000523,31.95099131507078],[120.31577228727119,31.949617477160004],[120.31453306412472,31.948565973266238],[120.31125815555552,31.947923666665638]]]},"properties":{"terminal_id":714,"lat":31.95173482222222,"lon":120.31125815555556,"berth_count":1,"dwell_minutes":3431.5,"center_method":"duration_weighted_berth_medoid"}},{"type":"Feature","geometry":{"type":"Polygon","coordinates":[[[113.18665513157893,22.472604223170215],[113.18493627969757,22.47292016057517],[113.18318309605374,22.47412166440314],[113.18224985953981,22.475944958013564],[113.18224985953981,22.477716583145746],[113.18292052227388,22.479212690592558],[113.18453781711106,22.480567138281888],[113.18827315197915,22.480977448873517],[113.1898922750475,22.480357750737742],[113.19113149819394,22.479212690592558],[113.19180216092799,22.477716583145746],[113.19180216092799,22.475944958013564],[113.19113149819394,22.474448815262942],[113.1898922750475,22.47330370625777],[113.18665513157893,22.472604223170215]]]},"properties":{"terminal_id":715,"lat":22.476754657894737,"lon":113.18665513157896,"berth_count":1,"dwell_minutes":1570.3833333333332,"center_method":"duration_weighted_berth_medoid"}},{"type":"Feature","geometry":{"type":"Polygon","coordinates":[[[115.99144966666664,22.825340381028084],[115.98973081478528,22.825655507873257],[115.98797763114146,22.82685392906049],[115.98715149601877,22.828278463298062],[115.9869797184142,22.83050990417141],[115.9877150573616,22.832404019577194],[115.98895428050803,22.833546137166287],[115.99057340357639,22.83416424275373],[115.99248299060676,22.83422385040337],[115.99416005359832,22.833754986614682],[115.9957773484355,22.832404019577194],[115.99644801116956,22.8309117565901],[115.99651268738289,22.829074402282437],[115.9960039558862,22.82752870091191],[115.99489216504696,22.826280080139053],[115.99334657494207,22.82551864140173],[115.99144966666664,22.825340381028084]]]},"properties":{"terminal_id":716,"lat":22.830100103092786,"lon":115.99200607216495,"berth_count":1,"dwell_minutes":13677.516666666666,"center_method":"duration_weighted_berth_medoid"}},{"type":"Feature","geometry":{"type":"Polygon","coordinates":[[[121.45618516666667,37.54424979068057],[121.45406785219879,37.54467030263258],[121.45271313114146,37.545551812453795],[121.45188699601877,37.546777253026924],[121.45171521841422,37.548454715685395],[121.45222394991092,37.54978434348091],[121.45333574075012,37.55085839122855],[121.45488133085506,37.55151335873726],[121.45704725147631,37.551649544876156],[121.45872431446787,37.55124621929359],[121.46007903552518,37.55036477681219],[121.46090517064788,37.549139395217125],[121.46107694825244,37.54746194796691],[121.46056821675575,37.54613227874404],[121.45945642591654,37.545058162895174],[121.45791083581162,37.544403138663334],[121.45618516666667,37.54424979068057]]]},"properties":{"terminal_id":717,"lat":37.547811,"lon":121.45618516666669,"berth_count":1,"dwell_minutes":321.7,"center_method":"duration_weighted_berth_medoid"}},{"type":"Feature","geometry":{"type":"Polygon","coordinates":[[[121.62353766666666,29.10713748226138],[121.62142035219878,29.107600862626533],[121.61980305736158,29.10888156213393],[121.61906771841419,29.110677111113976],[121.61913239462753,29.11331405814784],[121.61980305736158,29.11472861016791],[121.62142035219878,29.11600922095821],[121.62309741519034,29.116453666300682],[121.62550951309025,29.11639716304156],[121.62748267591653,29.1155818535901],[121.62859446675577,29.11439830837293],[121.62910319825245,29.11293313189021],[121.62903852203912,29.110296175093552],[121.62836785930506,29.10888156213393],[121.62712863615863,29.107798851110196],[121.62550951309025,29.107212887375752],[121.62353766666666,29.10713748226138]]]},"properties":{"terminal_id":718,"lat":29.111455666666668,"lon":121.62353766666666,"berth_count":1,"dwell_minutes":243.0,"center_method":"duration_weighted_berth_medoid"}},{"type":"Feature","geometry":{"type":"Polygon","coordinates":[[[122.02904855555555,30.16017210611357],[122.02732970367416,30.160467721479144],[122.02587253141031,30.16130955796045],[122.02489888003181,30.16256944186144],[122.02455697913494,30.164183705882344],[122.02489888003181,30.165669795242966],[122.02587253141031,30.16692962342369],[122.02732970367416,30.167771404728143],[122.02915288235292,30.168066997307715],[122.03087173423428,30.167771404728143],[122.03232890649815,30.16692962342369],[122.03330255787661,30.165669795242966],[122.03364445877351,30.164055555555564],[122.03330255787661,30.16256944186144],[122.03232890649815,30.16130955796045],[122.03087173423428,30.160467721479144],[122.02904855555555,30.16017210611357]]]},"properties":{"terminal_id":719,"lat":30.16414521052631,"lon":122.02911423684208,"berth_count":1,"dwell_minutes":2190.5,"center_method":"duration_weighted_berth_medoid"}},{"type":"Feature","geometry":{"type":"Polygon","coordinates":[[[121.66966433333333,28.3671653412081],[121.66794548145197,28.36746618655927],[121.66619229780812,28.368610294076394],[121.66536616268543,28.36997026402495],[121.6651943850809,28.371649037521266],[121.66570311657757,28.373124647837688],[121.66681490741679,28.374316621690067],[121.66836049752172,28.375043503842864],[121.67038980703185,28.37519464323258],[121.67206687002341,28.374747032639938],[121.67342159108073,28.37376880993462],[121.67424772620342,28.372408888677406],[121.67441950380798,28.370730127204634],[121.6739107723113,28.369254483583305],[121.67279898147208,28.368062452855646],[121.66966433333333,28.3671653412081]]]},"properties":{"terminal_id":720,"lat":28.3711175,"lon":121.66994955555556,"berth_count":1,"dwell_minutes":656.7666666666667,"center_method":"duration_weighted_berth_medoid"}},{"type":"Feature","geometry":{"type":"Polygon","coordinates":[[[120.45802178947368,33.808214483100485],[120.4563029375923,33.808498569692645],[120.45484576532844,33.809307574692866],[120.45387211394997,33.810518321947],[120.45353021305307,33.81203000000001],[120.45387211394997,33.813458126501665],[120.45484576532844,33.81466881501602],[120.4563029375923,33.81547776166869],[120.45807349999997,33.81576182414232],[120.45979235188136,33.81547776166869],[120.4612495241452,33.81466881501602],[120.46222317552369,33.813458126501665],[120.46256507642056,33.81194647368422],[120.46222317552369,33.810518321947],[120.4612495241452,33.809307574692866],[120.45979235188136,33.808498569692645],[120.45802178947368,33.808214483100485]]]},"properties":{"terminal_id":721,"lat":33.811946473684216,"lon":120.45802178947368,"berth_count":1,"dwell_minutes":698.0833333333333,"center_method":"duration_weighted_berth_medoid"}},{"type":"Feature","geometry":{"type":"Polygon","coordinates":[[[108.47384411538461,21.580606081884444],[108.47212526350324,21.580924015534542],[108.47037207985942,21.582133111294166],[108.46954594473671,21.583570334855274],[108.46935253896402,21.58549980769231],[108.46969443986092,21.587098107017376],[108.47066809123938,21.58845306594208],[108.47212526350324,21.589358413484575],[108.4740051216216,21.589676327920973],[108.47572397350298,21.589358413484575],[108.4774771571468,21.588149378046456],[108.4783032922695,21.586712199927497],[108.4784966980422,21.584782743243238],[108.47815479714532,21.58318441836483],[108.47718114576683,21.581829410145495],[108.47572397350298,21.580924015534542],[108.47384411538461,21.580606081884444]]]},"properties":{"terminal_id":722,"lat":21.58478274324324,"lon":108.47400512162162,"berth_count":1,"dwell_minutes":2982.95,"center_method":"duration_weighted_berth_medoid"}},{"type":"Feature","geometry":{"type":"Polygon","coordinates":[[[118.45508023076924,39.00716782927902],[118.45336137888786,39.0074335087616],[118.45190420662401,39.008190094449404],[118.45093055524553,39.00932238983107],[118.45058865434864,39.0108401923077],[118.45093055524553,39.01217577381509],[118.45190420662401,39.013308005391046],[118.45336137888786,39.01406452824095],[118.45512792307692,39.01433018181813],[118.4568467749583,39.01406452824095],[118.45830394722215,39.013308005391046],[118.45927759860062,39.01217577381509],[118.45961949949752,39.010658],[118.45927759860062,39.00932238983107],[118.45830394722215,39.008190094449404],[118.4568467749583,39.0074335087616],[118.45508023076924,39.00716782927902]]]},"properties":{"terminal_id":723,"lat":39.0108401923077,"lon":118.45512792307692,"berth_count":1,"dwell_minutes":1397.7833333333333,"center_method":"duration_weighted_berth_medoid"}},{"type":"Feature","geometry":{"type":"Polygon","coordinates":[[[112.85877507999999,22.966261467191245],[112.85705622811861,22.966576266870234],[112.8553030444748,22.96777344381204],[112.85447690935209,22.96919649896514],[112.85430513174754,22.971148607464688],[112.85481386324422,22.972692673040687],[112.85592565408345,22.97393994673318],[112.85747124418836,22.974700552723085],[112.85948263783995,22.974858704370764],[112.86115970083151,22.974390326569285],[112.86251442188882,22.973366719761515],[112.86334055701151,22.971943708510494],[112.86351233461606,22.969991611493462],[112.86300360311938,22.96844751506315],[112.86189181228015,22.967200190689564],[112.85877507999999,22.966261467191245]]]},"properties":{"terminal_id":724,"lat":22.970743266666663,"lon":112.85877508,"berth_count":1,"dwell_minutes":4551.433333333333,"center_method":"duration_weighted_berth_medoid"}},{"type":"Feature","geometry":{"type":"Polygon","coordinates":[[[119.11796797142857,25.417272015671383],[119.1162491195472,25.41758082219956],[119.11479194728334,25.41846022445621],[119.11381829590486,25.419776330957756],[119.11347639500796,25.421683857142853],[119.11381829590486,25.423236267577458],[119.11479194728334,25.424552321936854],[119.1162491195472,25.425431673337734],[119.11809334042555,25.425740458964107],[119.11981219230691,25.425431673337734],[119.12126936457078,25.424552321936854],[119.12224301594924,25.423236267577458],[119.12258491684614,25.421328765957444],[119.12224301594924,25.419776330957756],[119.12126936457078,25.41846022445621],[119.11981219230691,25.41758082219956],[119.11796797142857,25.417272015671383]]]},"properties":{"terminal_id":725,"lat":25.421328765957444,"lon":119.11809334042552,"berth_count":1,"dwell_minutes":2690.6833333333334,"center_method":"duration_weighted_berth_medoid"}},{"type":"Feature","geometry":{"type":"Polygon","coordinates":[[[116.7482366056338,23.32344628242409],[116.74651775375241,23.323760244327314],[116.74506058148857,23.324654328119315],[116.74408693011007,23.325992407835997],[116.7437450292132,23.32762338461538],[116.74408693011007,23.329201720562214],[116.74506058148857,23.330539754482608],[116.74651775375241,23.33143379265416],[116.74828473076923,23.331747735683106],[116.75000358265059,23.33143379265416],[116.75146075491446,23.330539754482608],[116.75243440629293,23.329201720562214],[116.75277630718983,23.32757076315789],[116.75243440629293,23.325992407835997],[116.75146075491446,23.324654328119315],[116.75000358265059,23.323760244327314],[116.7482366056338,23.32344628242409]]]},"properties":{"terminal_id":726,"lat":23.327576028169016,"lon":116.7482366056338,"berth_count":1,"dwell_minutes":4453.9,"center_method":"duration_weighted_berth_medoid"}},{"type":"Feature","geometry":{"type":"Polygon","coordinates":[[[113.09853571428572,22.75915953772934],[113.09641839981785,22.759648602258192],[113.09480110498066,22.761000290492838],[113.09406576603327,22.762895371925463],[113.09423754363783,22.764697774564375],[113.09535969014048,22.76642411177123],[113.09681686240435,22.767321903097898],[113.10102008581161,22.767458828009914],[113.10256567591652,22.766697060655787],[113.10367746675576,22.765447882588635],[113.10418619825244,22.76390145962364],[113.10401442064789,22.762099046473253],[113.10318828552518,22.760673820585595],[113.10183356446785,22.759648602258192],[113.09853571428572,22.75915953772934]]]},"properties":{"terminal_id":727,"lat":22.7634955,"lon":113.09853571428572,"berth_count":1,"dwell_minutes":1149.4166666666667,"center_method":"duration_weighted_berth_medoid"}},{"type":"Feature","geometry":{"type":"Polygon","coordinates":[[[112.86968175,22.92502333223643],[112.86796289811862,22.92533822785217],[112.86620971447479,22.9265357696509],[112.8653835793521,22.927959258523995],[112.86521180174755,22.930054588923703],[112.86594714069493,22.931947316028516],[112.86718636384137,22.933088596444527],[112.86880548690972,22.93370624894361],[112.87073447369853,22.933765812898603],[112.8724115366901,22.933297292801843],[112.8740288315273,22.931947316028516],[112.87469949426135,22.930456146811824],[112.87476417047468,22.92875461339849],[112.87425543897798,22.927210046342868],[112.87314364813876,22.925962341819027],[112.87159805803385,22.925201461809003],[112.86968175,22.92502333223643]]]},"properties":{"terminal_id":728,"lat":22.929160080000003,"lon":112.86988104,"berth_count":1,"dwell_minutes":1992.7333333333331,"center_method":"duration_weighted_berth_medoid"}},{"type":"Feature","geometry":{"type":"Polygon","coordinates":[[[117.26290666666665,30.658736667896207],[117.26118781478529,30.659030777346597],[117.25973064252145,30.65986832529689],[117.25875699114295,30.661121790826524],[117.25841509024607,30.662733250000002],[117.25875699114295,30.66421176785283],[117.25973064252145,30.665465177047913],[117.26118781478529,30.666302669235684],[117.26309700000002,30.666596755661132],[117.26481585188138,30.666302669235684],[117.26627302414522,30.665465177047913],[117.26724667552372,30.66421176785283],[117.26758857642061,30.662600333333334],[117.26724667552372,30.661121790826524],[117.26627302414522,30.65986832529689],[117.26481585188138,30.659030777346597],[117.26290666666665,30.658736667896207]]]},"properties":{"terminal_id":729,"lat":30.662600333333337,"lon":117.26290666666668,"berth_count":1,"dwell_minutes":224.95,"center_method":"duration_weighted_berth_medoid"}},{"type":"Feature","geometry":{"type":"Polygon","coordinates":[[[119.792751,26.25981877123044],[119.79103214811862,26.260125386501542],[119.7892789644748,26.261291437429183],[119.78834572796087,26.263060927879614],[119.78828105174755,26.265203131871722],[119.78878978324424,26.266707037343213],[119.78990157408347,26.267921868608337],[119.79144716418837,26.26866268998827],[119.79367058480968,26.268816727781964],[119.79534764780124,26.268360533393224],[119.79696494263843,26.26704607026832],[119.79763560537246,26.26559412696126],[119.79770028158579,26.26345193018291],[119.79719155008911,26.261947982549454],[119.79607975924989,26.260733088779666],[119.79453416914497,26.259992216804783],[119.792751,26.25981877123044]]]},"properties":{"terminal_id":730,"lat":26.264243000000004,"lon":119.79278891666668,"berth_count":1,"dwell_minutes":1201.7833333333333,"center_method":"duration_weighted_berth_medoid"}},{"type":"Feature","geometry":{"type":"Polygon","coordinates":[[[121.7493065,38.97459072240912],[121.74718918553212,38.97500303605708],[121.7458344644748,38.97586735971366],[121.7450083293521,38.97706890820484],[121.7448149235794,38.978699599999985],[121.7451568244763,38.9800357882363],[121.74613047585477,38.98116853417691],[121.74758764811864,38.98192540071669],[121.74940631999999,38.98219117498216],[121.75152363446786,38.98177890318802],[121.75287835552517,38.9809146516876],[121.75370449064789,38.979713168453124],[121.75389789642058,38.9780825],[121.75355599552368,38.976746274903654],[121.75258234414521,38.97561345821648],[121.75112517188136,38.974856524205926],[121.7493065,38.97459072240912]]]},"properties":{"terminal_id":731,"lat":38.9786996,"lon":121.74940632,"berth_count":1,"dwell_minutes":711.4499999999999,"center_method":"duration_weighted_berth_medoid"}},{"type":"Feature","geometry":{"type":"Polygon","coordinates":[[[119.37770444444443,34.74787399744379],[119.37598559256307,34.74815492602213],[119.37423240891923,34.74922328908689],[119.37340627379653,34.750493220643335],[119.373234496192,34.75199494555422],[119.37374322768868,34.75337285444632],[119.3748550185279,34.75448590389516],[119.37640060863282,34.755164655629315],[119.37837441814298,34.75530578722506],[119.38005148113454,34.75488781534526],[119.38140620219184,34.75397436481917],[119.38223233731455,34.75270448679146],[119.38240411491911,34.75120277478267],[119.38189538342242,34.749824829683305],[119.38078359258321,34.748711717413286],[119.37770444444443,34.74787399744379]]]},"properties":{"terminal_id":732,"lat":34.751633222222225,"lon":119.37770444444445,"berth_count":1,"dwell_minutes":295.85,"center_method":"duration_weighted_berth_medoid"}},{"type":"Feature","geometry":{"type":"Polygon","coordinates":[[[121.97823440776699,29.935944063740415],[121.97651555588563,29.93624034909685],[121.97505838362176,29.937084093572526],[121.97408473224328,29.938346833049177],[121.9737428313464,29.93986076699028],[121.97408473224328,29.941350226491252],[121.97505838362176,29.942612911817815],[121.97651555588563,29.94345660224638],[121.97825155737705,29.943752865228838],[121.97997040925841,29.94345660224638],[121.98142758152228,29.942612911817815],[121.98240123290074,29.941350226491252],[121.98274313379764,29.9398363152174],[121.98240123290074,29.938346833049177],[121.98142758152228,29.937084093572526],[121.97997040925841,29.93624034909685],[121.97823440776699,29.935944063740415]]]},"properties":{"terminal_id":733,"lat":29.93984231967213,"lon":121.97825155737704,"berth_count":1,"dwell_minutes":11035.833333333334,"center_method":"duration_weighted_berth_medoid"}},{"type":"Feature","geometry":{"type":"Polygon","coordinates":[[[121.55576902816904,31.379441675557565],[121.55405017628767,31.379733568784644],[121.5525930040238,31.380564805398993],[121.55161935264533,31.38180882516459],[121.55127745174843,31.383335696],[121.55161935264533,31.38480307233396],[121.5525930040238,31.38604703596736],[121.55405017628767,31.386878216710855],[121.555803704,31.387170086828664],[121.55752255588136,31.386878216710855],[121.55897972814523,31.38604703596736],[121.55995337952369,31.38480307233396],[121.56029528042059,31.383276225352105],[121.55995337952369,31.38180882516459],[121.55897972814523,31.380564805398993],[121.55752255588136,31.379733568784644],[121.55576902816904,31.379441675557565]]]},"properties":{"terminal_id":734,"lat":31.38328068907563,"lon":121.55579226890757,"berth_count":1,"dwell_minutes":15463.350000000002,"center_method":"duration_weighted_berth_medoid"}},{"type":"Feature","geometry":{"type":"Polygon","coordinates":[[[121.99011649999998,40.73627258081891],[121.98839764811862,40.73653164592587],[121.98694047585475,40.737269395405484],[121.98596682447628,40.7383735002434],[121.98562492357938,40.739741651515146],[121.98596682447628,40.741043981628565],[121.98694047585475,40.742148023817094],[121.98839764811862,40.74288571100968],[121.99020416666664,40.743144750362525],[121.99192301854802,40.74288571100968],[121.99338019081188,40.742148023817094],[121.99435384219035,40.741043981628565],[121.99469574308725,40.739675857142856],[121.99435384219035,40.7383735002434],[121.99338019081188,40.737269395405484],[121.99192301854802,40.73653164592587],[121.99011649999998,40.73627258081891]]]},"properties":{"terminal_id":735,"lat":40.739723184210526,"lon":121.99016631578948,"berth_count":1,"dwell_minutes":10477.95,"center_method":"duration_weighted_berth_medoid"}},{"type":"Feature","geometry":{"type":"Polygon","coordinates":[[[122.12903969230766,29.785106621368776],[122.12732084042628,29.785403354873424],[122.12586366816242,29.786248375582076],[122.12489001678395,29.787513025117406],[122.12454811588705,29.78903853846154],[122.12489001678395,29.790530251024656],[122.12586366816242,29.79179484645866],[122.12732084042628,29.792639813207618],[122.12905075609756,29.79293652437941],[122.13076960797893,29.792639813207618],[122.13222678024279,29.79179484645866],[122.13320043162126,29.790530251024656],[122.13354233251816,29.789004760416667],[122.13320043162126,29.787513025117406],[122.13222678024279,29.786248375582076],[122.13076960797893,29.785403354873424],[122.12903969230766,29.785106621368776]]]},"properties":{"terminal_id":736,"lat":29.78900476041667,"lon":122.12904804166668,"berth_count":1,"dwell_minutes":4536.966666666666,"center_method":"duration_weighted_berth_medoid"}},{"type":"Feature","geometry":{"type":"Polygon","coordinates":[[[117.2788724375,30.648935776154175],[117.27675512303213,30.649392047181024],[117.27513782819493,30.65065309725085],[117.27446716546086,30.65204600529892],[117.27446716546086,30.65413268002707],[117.27513782819493,30.65552553794325],[117.27675512303213,30.65678650801144],[117.2784321860237,30.657224136721815],[117.28066503232101,30.65716850008031],[117.28263819514729,30.656365695258412],[117.28374998598653,30.655200301863452],[117.28419404126988,30.65204600529892],[117.28352337853582,30.65065309725085],[117.28228415538939,30.649586998028358],[117.2788724375,30.648935776154175]]]},"properties":{"terminal_id":737,"lat":30.653305294117644,"lon":117.27957882352942,"berth_count":1,"dwell_minutes":9863.816666666666,"center_method":"duration_weighted_berth_medoid"}}]}