pid,name,geom,guid,point,gkguid,create_time,update_time
15,黄骅港锚地,"POLYGON ((118.429966083333 38.70977127777779, 118.6044565 38.49143175, 118.071164305556 38.32692608333329, 117.958065527778 38.48303044444441, 118.429966083333 38.70977127777779))",e9564cd3-0a63-452f-9585-6dc5792552d8,POINT (118.35998481767267 38.60060151388889),2a9d84f4-a54c-4260-ab42-cb0f3e6024de,2025-09-19 10:49:36,2025-09-19 10:49:36
16,天津港锚地,"POLYGON ((118.25038852777799 38.9732445277778, 118.25006666666697 38.9121953055556, 118.147009333333 38.79855627777779, 118.102825472222 38.7497221944444, 118.01770650000002 38.69458199999999, 117.959770777778 38.6709641666667, 117.825231166667 38.83044230555561, 117.939727055556 38.8945671666667, 117.976432583333 39.0048488888889, 118.25038852777799 38.9732445277778))",3a8214b4-7e59-4d32-9ce9-1e0e4686045d,POINT (118.04374111578745 38.86250473611115),975e3c8d-c089-4058-b7ad-24fc69898e3d,2025-09-20 15:55:10,2025-10-22 14:29:54
18,京唐锚地,"POLYGON ((119.14906008333297 39.2356561111111, 119.17413222222198 39.2254654722222, 119.19317661111097 39.2303835555556, 119.30582938888897 39.26162466666669, 119.407867777778 39.1743965, 119.370653277778 39.0797209166667, 119.32838097222202 39.023997388888894, 119.25623691666702 38.9677608888889, 119.09608069444401 38.9111727222222, 118.927214666667 39.0943063055556, 119.14906008333297 39.2356561111111))",e71c4875-f267-43e5-916a-b6fb4aa479e1,POINT (119.15372952403054 39.087013611111146),3057dd04-494a-4e41-887f-b0bdb84f7042,2025-09-20 15:59:03,2025-09-20 15:59:03
19,秦皇岛锚地,"POLYGON ((119.65540347222199 39.86968611111109, 119.695123416667 39.9009918611111, 120.00055713888901 39.86548641666669, 119.91428191666698 39.71741197222221, 119.700893333333 39.61689136111111, 119.564355861111 39.7158088055556, 119.600608388889 39.8625539166667, 119.65540347222199 39.86968611111109))",59fe1d64-2b52-471d-8be9-7a649863539d,POINT (119.76962268610912 39.78998294444445),1d811671-a073-43d2-8556-b0d8b015dc5a,2025-09-20 16:02:24,2025-09-20 16:02:24
20,曹妃甸锚地,"POLYGON ((119.16824499999997 38.60932799999999, 119.16272499999998 38.607031, 118.36835800000001 38.779437, 118.3641 38.78115499999999, 118.36286699999998 38.78201599999999, 118.26496300000001 38.864622, 118.263335 38.866309, 118.24806399999997 38.88921, 118.24663200000002 38.8939, 118.25949599999997 38.918753, 118.27383800000001 38.932008, 118.37284864 38.93810465, 118.52757845 38.90727737000001, 118.710239 38.952803, 119.08524399999999 38.785876, 119.17304200000001 38.62072800000001, 119.16824499999997 38.60932799999999))",1c5a1c8f-1db7-4327-97bf-a32db61d90d4,POINT (118.72721975392982 38.78029599999999),3b6f833a-28fd-48d0-9515-b33f65b66959,2025-10-16 17:25:41,2025-10-16 17:25:41
21,台山锚地,"POLYGON ((112.87190399999999 21.659023, 112.868067 21.661469, 112.86785 21.661752, 112.867328 21.662698000000002, 112.86696399999998 21.663659, 112.86670999999998 21.665742999999992, 112.86676799999998 21.666356, 112.86731199999998 21.667956, 112.95695199999999 21.736444, 112.960525 21.737703, 112.96312799999998 21.738121999999997, 112.99712399999999 21.742758999999992, 112.999676 21.742466999999998, 113.04071699999999 21.721466, 113.04127299999999 21.721176999999997, 113.04258799999998 21.720220999999995, 113.043062 21.719760999999995, 113.11123799999999 21.640962, 113.104535 21.632249999999996, 112.87190399999999 21.659023))",6fc3b857-dc02-4a99-87ac-bf190e5bc08a,POINT (112.98334341988854 21.693858499999997),3d5d6a80-a9c2-46a9-961e-4ec1223784c1,2025-10-17 09:08:38,2025-10-17 09:08:38
22,高栏锚地,"POLYGON ((113.25364699999999 21.848354999999994, 113.25529 21.853514999999998, 113.262872 21.859283999999995, 113.266568 21.860403, 113.267195 21.860464, 113.286836 21.861126, 113.31946899999998 21.857181, 113.3525843 21.85611104, 113.360467 21.797005, 113.36075099999998 21.787221, 113.360648 21.785851999999995, 113.35572999999998 21.768044000000003, 113.26897 21.702094999999996, 113.25364699999999 21.848354999999994))",e1730452-28c2-4645-975e-5c4f04280e60,POINT (113.30965849453369 21.776947999999997),184b10f7-5a18-4abc-b128-569fbe294997,2025-10-20 09:21:04,2025-10-20 09:21:04
24,乐东锚地,"POLYGON ((108.61754839999999 18.54093338, 108.6169619 18.540233999999998, 108.61631089999999 18.53959427, 108.61560129999998 18.53902012, 108.6148399 18.53851688, 108.61403349999999 18.53808921, 108.61318979999999 18.537741089999997, 108.6123164 18.53747573, 108.6114217 18.5372956, 108.61051369999998 18.537202369999996, 108.609601 18.537196899999998, 108.6086919 18.537279250000005, 108.60779509999999 18.537448649999998, 108.5950158 18.54050612, 108.59488599999999 18.54053815, 108.32798689999998 18.60838826, 108.32710929999999 18.60865721, 108.32626189999999 18.609009780000004, 108.3254525 18.609442660000003, 108.3246888 18.609951800000005, 108.32397789999999 18.610532419999995, 108.32332649999998 18.61117907, 108.32274069999998 18.6118857, 108.32222599999999 18.61264567, 108.32178719999999 18.61345186, 108.3214285 18.61429672, 108.32018489999999 18.617670809999996, 108.31990149999999 18.618577399999996, 108.3197102 18.61950779, 108.319613 18.62045265, 108.3196109 18.62140249999999, 108.31970389999998 18.622347789999996, 108.31989089999999 18.62327903, 108.32017029999999 18.62418688, 108.32053909999999 18.625062199999995, 108.36215749999998 18.71146319, 108.3626037 18.71228357, 108.36312849999999 18.71305606, 108.36372679999998 18.713773149999998, 108.36439269999998 18.71442789, 108.36511980000002 18.71501392, 108.36590109999999 18.71552556, 108.36672889999998 18.715957819999996, 108.3675953 18.716306529999997, 108.36849169999999 18.71656829, 108.36940959999998 18.71674056, 108.36964609999998 18.71677299, 108.37059119999999 18.716854639999998, 108.37153969999999 18.716841419999998, 108.3724822 18.71673345, 108.3734092 18.71653182, 108.37431129999999 18.71623854, 108.37517969999999 18.715856549999998, 108.4473003 18.679719929999997, 108.4484417 18.67904423, 108.59162259999998 18.580131029999997, 108.59219569999999 18.57970229, 108.59273479999999 18.579231519999997, 108.6174769 18.555921809999997, 108.61784099999998 18.555559660000004, 108.61787919999999 18.5555196, 108.61846399999999 18.554844520000003, 108.61898269999999 18.554117389999995, 108.6194306 18.553344669999994, 108.61980379999999 18.552533219999997, 108.620099 18.551690239999996, 108.62031349999998 18.55082322, 108.62044549999999 18.54993985, 108.62049369999998 18.549047989999995, 108.62045779999998 18.548155539999996, 108.6203891 18.547371620000003, 108.6202712 18.546496539999996, 108.6200723 18.54563622, 108.61979429999998 18.54479814, 108.61943949999998 18.543989579999995, 108.61901089999999 18.54321754, 108.61806489999998 18.541685929999993, 108.61754839999999 18.54093338))",03ad4a7f-1b6d-4cb6-9645-ae6f0ecc5f19,POINT (108.41052633522585 18.652053214999995),026630a4-6984-426d-915d-b3fa0f8ed063,2025-10-20 17:02:16,2025-10-20 17:02:16
25,八所锚地,"POLYGON ((108.54566099999998 19.035465339999995, 108.54471539999999 19.035270669999996, 108.54375499999999 19.03517291, 108.5427896 19.03517308, 108.5424157 19.03519216, 108.54133739999999 19.03530914, 108.5412458 19.0353244, 108.54085989999999 19.035396929999997, 108.4674957 19.050762539999997, 108.4667402 19.0509534, 108.4660028 19.05120552, 108.46557559999998 19.051371460000002, 108.4645346 19.051849839999996, 108.46355869999998 19.05244999, 108.46328399999999 19.05264263, 108.4625646 19.05320045, 108.46190189999999 19.05382454, 108.4613019 19.05450915, 108.4607701 19.05524803, 108.4598165 19.056716689999995, 108.4593513 19.057515479999996, 108.45896599999999 19.058355670000005, 108.4586641 19.059229319999996, 108.45844849999999 19.06012816, 108.4556561 19.07490248, 108.4555677 19.075461220000005, 108.45189789999999 19.104138199999994, 108.4518261 19.10503405, 108.45183919999998 19.10593267, 108.45193719999999 19.10682604, 108.452119 19.10770616, 108.45238319999999 19.10856518, 108.45272729999999 19.109395409999994, 108.4531927 19.110383409999997, 108.45358860000002 19.111134889999995, 108.45405 19.11184802, 108.4545733 19.112517119999996, 108.4551542 19.11313683, 108.45578809999999 19.11370221, 108.45838209999998 19.11581555, 108.45889699999998 19.11620668999999, 108.46104079999999 19.117723030000004, 108.4618147 19.118216119999996, 108.46263249999998 19.118632289999997, 108.4634866 19.118967679999994, 108.46436899999999 19.119219159999997, 108.4652716 19.11938437, 108.4661859 19.119461800000003, 108.4671034 19.119450699999998, 108.4680156 19.119351189999996, 108.46891389999999 19.11916419, 108.53080359999998 19.103129110000005, 108.5310205 19.10307017, 108.53124169999998 19.103007229999996, 108.5318654 19.102806319999996, 108.5761769 19.086826549999998, 108.57709399999999 19.086440469999996, 108.5779657 19.085960620000005, 108.5787825 19.085392289999998, 108.57953539999998 19.084741679999997, 108.58021609999999 19.084015929999996, 108.58081719999998 19.083223, 108.58133219999999 19.08237157, 108.58146189999998 19.08212934, 108.58184929999999 19.081315190000005, 108.58215789999998 19.080468, 108.58238469999999 19.0795954, 108.58252789999999 19.07870522, 108.58258610000001 19.077805469999998, 108.58255879999999 19.07690427, 108.58229939999998 19.07357404, 108.58218380000001 19.072661870000005, 108.58198050000001 19.071765150000004, 108.5816916 19.07089226, 108.5813197 19.070051369999998, 108.58086829999999 19.06925035, 108.5803416 19.068496689999996, 108.5797445 19.067797439999996, 108.5796835 19.067732590000002, 108.57951169999998 19.067554800000003, 108.5502759 19.03806719, 108.54951099999998 19.037375220000005, 108.5486757 19.036770199999996, 108.54777980000001 19.03625924, 108.54683369999998 19.035848369999993, 108.5465819 19.035754909999998, 108.54566099999998 19.035465339999995))",d028b4f8-b2d8-403c-af84-d14da78ddbf5,POINT (108.51894890957794 19.07735487),6bc5377d-9ef5-4ec5-8763-d1c66d7bbdbc,2025-10-20 17:03:04,2025-10-20 17:03:04
26,雷州锚地,"POLYGON ((109.67795839999998 20.412447119999996, 109.67711459999998 20.41247062, 109.6762761 20.412568230000005, 109.6754495 20.41273922, 109.67426699999999 20.413038669999995, 109.6732345 20.41336313, 109.6722452 20.41380189, 109.67131160000001 20.414349350000002, 109.6235897 20.44608382, 109.62301659999999 20.44649617, 109.6224754 20.446949579999995, 109.6221626 20.447231869999992, 109.62152809999999 20.447860460000005, 109.6209549 20.448545369999998, 109.62044789999999 20.44928065, 109.61995959999999 20.450064569999995, 109.6195114 20.450867659999997, 109.61914209999999 20.451710009999996, 109.61885529999999 20.452583859999997, 109.6184281 20.45413263, 109.6182086 20.455134219999998, 109.6180974 20.456153529999998, 109.61799059999998 20.45808758, 109.6179831 20.4589842, 109.61805940000002 20.459877589999998, 109.61821879999998 20.460759959999997, 109.61845989999999 20.461623579999998, 109.6187807 20.46246089, 109.6191782 20.46326456999999, 109.6196492 20.464027599999994, 109.6201893 20.464743299999995, 109.6207939 20.46540541, 109.6221138 20.466721480000004, 109.62279129999999 20.46733539, 109.62297439999999 20.46748607, 109.62345310000002 20.467855349999997, 109.6235218 20.46790494, 109.62438839999999 20.468462509999995, 109.6253098 20.468923840000002, 109.62627539999998 20.46928361999999, 109.62648910000001 20.46935038, 109.626793 20.469439870000002, 109.66783149999999 20.480790499999998, 109.6686106 20.480971369999995, 109.669402 20.481086669999996, 109.6702003 20.48113561, 109.7090263 20.481892829999996, 109.70993619999999 20.48186735, 109.7108396 20.481755690000004, 109.71172839999998 20.48155886, 109.71259449999998 20.48127863, 109.71343009999998 20.480917529999996, 109.71422759999999 20.4804788, 109.71431159999999 20.4804273, 109.71493519999999 20.480010179999997, 109.71552429999998 20.479545579999996, 109.7188736 20.476684550000005, 109.7198122 20.475764229999996, 109.71982749999998 20.475747069999997, 109.72040679999999 20.4750285, 109.72091429999999 20.474257549999997, 109.72134529999998 20.473441369999996, 109.7216958 20.47258752999999, 109.7219626 20.47170394, 109.7221433 20.470798780000003, 109.722236 20.46988046, 109.72223999999999 20.468957470000003, 109.7214084 20.449994610000005, 109.7213893 20.449678659999996, 109.7212291 20.44759775, 109.7211028 20.446619189999996, 109.72087659999998 20.44565879, 109.720553 20.444726720000002, 109.72013519999999 20.44383285, 109.7196278 20.44298666, 109.71903609999998 20.44219709, 109.7183664 20.44147252, 109.7176258 20.44082061, 109.68543729999999 20.415304099999993, 109.68516449999998 20.415095630000007, 109.6843481 20.41449482, 109.68362539999998 20.414011839999997, 109.68286189999999 20.413596299999995, 109.6820639 20.413251619999997, 109.68123799999998 20.412980630000003, 109.68070389999998 20.412831859999994, 109.67992269999999 20.412649089999995, 109.679129 20.41253227, 109.67880089999998 20.41249794, 109.67795839999998 20.412447119999996))",4bda5d3f-2d83-4d88-93a3-9c7284965074,POINT (109.67174132985126 20.447090724999995),fc98a011-7b97-4d49-9cea-67d6734606d4,2025-10-20 17:04:22,2025-10-20 17:04:22
27,铁山锚地,"POLYGON ((109.39406799999999 21.063739130000002, 109.393148 21.063873219999998, 109.39224519999999 21.06409531, 109.39136799999999 21.064403339999995, 109.3905246 21.06479445, 109.38972269999998 21.065264989999996, 109.38896989999999 21.06581059, 109.3882732 21.06642617, 109.387639 21.067106019999997, 109.3870733 21.067843789999998, 109.38658129999999 21.068632629999996, 109.3861675 21.069465209999997, 109.38583589999999 21.070333769999998, 109.3855895 21.07123024, 109.3854306 21.072146269999998, 109.38536069999999 21.07307335999999, 109.38124849999998 21.225253069999997, 109.3812647 21.226130069999996, 109.3813606 21.227001960000003, 109.38153529999998 21.227861529999995, 109.38178750000002 21.22870165, 109.3821149 21.22951538, 109.382515 21.230295959999996, 109.3825455 21.23034937, 109.38307439999998 21.231174429999992, 109.38368429999998 21.23194153, 109.38436889999998 21.23264275, 109.3851211 21.23327083, 109.47064659999998 21.29759044, 109.4714189 21.2981147, 109.47223829999999 21.298561800000005, 109.47260449999999 21.298739180000002, 109.4734239 21.29909026, 109.47427219999999 21.299364150000002, 109.51307529999998 21.309938499999998, 109.5139152 21.310127540000003, 109.51396859999998 21.310137069999993, 109.51481259999998 21.31024958, 109.5156631 21.31028718, 109.515686 21.31028718, 109.51648650000001 21.31025389, 109.516601 21.310244349999998, 109.51759289999998 21.310109529999995, 109.51856549999998 21.30987258, 109.51950819999999 21.309536039999998, 109.52041100000001 21.30910355, 109.52126399999999 21.30857977, 109.5232935 21.307183590000005, 109.5239983 21.30664943, 109.5246512 21.30605291, 109.5252467 21.30539907, 109.52577980000001 21.3046934, 109.5258256 21.304626639999995, 109.5262956 21.30386818, 109.5266935 21.303069499999996, 109.52701579999999 21.302237449999996, 109.5272598 21.301379159999996, 109.5274234 21.300501989999997, 109.52753019999999 21.299733329999995, 109.527604 21.298994829999998, 109.52912219999999 21.274161150000005, 109.5291402 21.27357292, 109.5291402 21.272857669999993, 109.5290994 21.271972349999995, 109.52897759999999 21.27109452, 109.5287756 21.270231600000002, 109.5284952 21.26939087, 109.5281388 21.268579450000004, 109.52770929999998 21.26780419, 109.40487609999998 21.068280259999998, 109.4043195 21.067471489999996, 109.4036835 21.06672354, 109.40297469999999 21.066044159999997, 109.4022005 21.065440399999996, 109.40136889999998 21.06491852, 109.4004885 21.064483949999996, 109.3995685 21.064141179999996, 109.3986184 21.06389377, 109.39764799999999 21.063744290000002, 109.39666749999999 21.063694289999997, 109.3949966 21.063694289999997, 109.39406799999999 21.063739130000002))",ed741390-ef30-49bc-9565-ec7d4efec58d,POINT (109.4189873941493 21.149163214999994),7669d001-ddcf-4afe-bad2-7fc3cb072d94,2025-10-20 17:05:07,2025-10-20 17:05:07
28,钦州锚地,"POLYGON ((108.84905220000002 21.06206408, 108.84811499999999 21.06220318, 108.8471959 21.06243353, 108.84630389999998 21.062752889999995, 108.65535539999999 21.141896409999998, 108.65523519999999 21.141947189999996, 108.6530151 21.14290277, 108.6519961 21.143414719999996, 108.6504473 21.14431118, 108.64969229999998 21.144796409999994, 108.64898559999999 21.145349699999997, 108.64797089999999 21.14622325999999, 108.6472459 21.14691625, 108.6465967 21.147680749999996, 108.64567349999999 21.14889001, 108.6456404 21.14893363, 108.52464932999999 21.33433779, 108.49120505999998 21.48019971, 108.49238703999998 21.517083770000003, 108.69872269999999 21.50097645, 108.6998554 21.500519469999997, 108.706699 21.497240739999995, 108.70718 21.49699348, 108.7072182 21.496972499999995, 108.7083575 21.496237079999997, 108.70841859999999 21.496191309999997, 108.70930539999999 21.49543856, 108.70953429999999 21.49521921, 108.71006599999998 21.49466751, 108.7105523 21.49407535, 108.7106591 21.493934209999995, 108.71095489999999 21.493521070000003, 108.71170259999998 21.49241671, 108.71216769999998 21.491656360000004, 108.7365665 21.4472838, 108.737075 21.446206309999997, 108.86311259999998 21.12989734, 108.86344049999998 21.128927719999997, 108.86366389999999 21.12792881, 108.86378019999998 21.12691187, 108.8637881 21.12588833, 108.8613085 21.071229440000003, 108.8612231 21.0703138, 108.86105099999999 21.06941045, 108.86079359999998 21.068527589999995, 108.8604533 21.067673239999998, 108.86003319999999 21.066855169999997, 108.8595372 21.0660808, 108.8589697 21.065357170000002, 108.8583359 21.064690849999998, 108.8576415 21.06408789, 108.85689289999999 21.063553769999995, 108.85609689999998 21.063093339999998, 108.85526059999998 21.06271079, 108.85439169999998 21.06240958, 108.8534981 21.062192460000002, 108.85258789999999 21.062061389999997, 108.85166929999998 21.062017569999995, 108.8499985 21.062017569999995, 108.84905220000002 21.06206408))",1760870e-c9e0-4e6e-b887-9d97c917899e,POINT (108.70186689784082 21.241635709999997),8ad2e326-0537-4581-a138-d9bb6cf84ef5,2025-10-20 17:07:26,2025-10-20 17:07:26
29,防城锚地,"POLYGON ((108.34025289999998 21.299911150000003, 108.3394392 21.30039402, 108.3358678 21.30470446, 108.3357076 21.305085929999997, 108.33534139999999 21.306118409999993, 108.3348254 21.310820480000004, 108.3348157 21.31170831, 108.3348878 21.312593270000004, 108.35709689999999 21.486224929999995, 108.3592233 21.491139339999997, 108.40714234 21.513082889999996, 108.45070399999999 21.51996945, 108.47507991 21.509529019999995, 108.51084490000001 21.352275139999996, 108.51014970000001 21.35150238, 108.5084788 21.349835359999997, 108.50778359999998 21.349206099999993, 108.50703059999998 21.34864729, 108.506227 21.3481642, 108.50538019999999 21.347761400000003, 108.5044983 21.347442679999997, 108.3475998 21.299217279999997, 108.34025289999998 21.299911150000003))",b473299f-ec43-4705-b487-6149efa3a65a,POINT (108.42207133703573 21.419250034999997),5efdf805-d831-4b35-84c7-16ce9aecde2c,2025-10-20 17:09:44,2025-10-20 17:09:44
30,湛江锚地,"POLYGON ((111.01112319999999 20.932057129999993, 110.8032909 20.9437816, 110.80309209999999 20.943794879999995, 110.75496589999999 20.947510389999994, 110.753963 20.947641110000003, 110.7529794 20.947876319999995, 110.7528955 20.947901110000004, 110.7526892 20.94796458, 110.75211700000001 20.94814769, 110.7515149 20.948362619999997, 110.75098849999999 20.948570519999997, 110.75039429999998 20.948828659999997, 110.75016539999999 20.94893738, 110.7494285 20.94932736, 110.7487281 20.949779649999996, 110.7480695 20.950290839999997, 110.7474577 20.9508571, 110.74704569999999 20.9512729, 110.74649129999999 20.951882499999996, 110.70594109999999 21.000500819999996, 110.70538899999998 21.001230570000004, 110.66205409999999 21.064564080000004, 110.6615587 21.06537046, 110.66114489999998 21.066221590000005, 110.6608167 21.06710924, 110.6605772 21.06802483, 110.66042879999999 21.068959509999996, 110.66037289999998 21.069904239999996, 110.6604101 21.070849899999995, 110.66053989999999 21.07178734, 110.6607612 21.0727075, 110.6610717 21.073601479999997, 110.66146859999999 21.07446065, 110.6619479 21.075276690000003, 110.66889059999998 21.085868199999993, 110.669413 21.086589939999996, 110.6699999 21.087260279999995, 110.67064629999999 21.08787349, 110.67134659999999 21.08842431, 110.67209480000001 21.088908009999997, 110.6968217 21.10331612, 110.69796879999998 21.10388593, 111.03471499999999 21.24405317, 111.0356079 21.24437415, 111.036528 21.24460568, 111.03746639999999 21.244745500000004, 111.03841399999999 21.244792259999997, 111.03845209999999 21.244792259999997, 111.03938409999999 21.244747039999996, 111.0403073 21.24461179, 111.0412131 21.2443878, 111.04209289999999 21.24407716, 111.04293859999999 21.2436828, 111.043742 21.243208409999998, 111.04449579999999 21.242658459999998, 111.04519279999998 21.242038119999993, 111.0458264 21.241353200000002, 111.0463907 21.24061016, 111.0464365 21.2405434, 111.04693149999999 21.23973981, 111.04734529999999 21.2388916, 111.04767409999998 21.238006950000003, 111.0479147 21.237094340000002, 111.0480648 21.23616256, 111.0481229 21.23522057, 111.04808839999998 21.23427741, 111.0229267 20.94084517, 111.02279839999999 20.93990113, 111.0225775 20.938974389999995, 111.02226599999999 20.938074029999996, 111.021867 20.937208869999996, 111.0213844 20.9363874, 111.020823 20.93561765, 111.02018829999999 20.934907169999995, 111.0194864 20.93426292, 111.0187243 20.93369119999999, 111.01790939999998 20.933197619999998, 111.01704969999999 20.93278702, 111.0161536 20.932463420000005, 111.01523 20.93222998, 111.01428769999998 20.932089, 111.01333619999998 20.93204185, 111.0116653 20.93204185, 111.01112319999999 20.932057129999993))",3734f4ae-46ae-431f-b1ee-d28187de963a,POINT (110.85327719366401 21.0881489),9ddb764d-aa1f-4064-9696-9ba7cc7a7c00,2025-10-20 17:10:35,2025-10-20 17:10:35
31,阳江1号锚地,"POLYGON ((111.83426311111099 21.355747472222202, 111.830497305556 21.356294416666696, 111.821220111111 21.360061138888895, 111.81866849999999 21.362921527777797, 111.75769461111099 21.476450722222197, 111.727058083333 21.539002722222193, 111.72963302777798 21.5456889166667, 111.734997444444 21.551077555555594, 111.810922194444 21.5547174166667, 111.824042111111 21.553173250000004, 111.854398611111 21.546377111111095, 111.857382388889 21.5437309444444, 111.909175805556 21.455760777777797, 111.913139305556 21.410977194444396, 111.913080694444 21.407392444444397, 111.91213999999998 21.404575138888898, 111.90964919444399 21.4015120555556, 111.87787999999999 21.3760410833333, 111.83794780555601 21.356698666666695, 111.83426311111099 21.355747472222202))",e755aa3e-25cc-4a25-a56f-82da8f8bb0e5,POINT (111.84599518238171 21.4333689861111),c4e064d9-b8bd-413c-9142-dfcfee53f8ed,2025-10-20 17:11:09,2025-10-27 14:16:14
32,惠州锚地,"POLYGON ((114.6409086 22.327417939999997, 114.6398989 22.327360719999998, 114.63888859999999 22.32740871, 114.63788879999997 22.327561369999994, 114.63691030000001 22.327817069999995, 114.6359636 22.32817303, 114.635059 22.328625409999997, 114.6342063 22.329169299999997, 114.63378670000002 22.329468749999997, 114.63305140000001 22.330048959999996, 114.63237529999999 22.33069723, 114.6317647 22.331407549999998, 114.63122519999997 22.332173329999993, 114.630762 22.33298747, 114.63037930000002 22.333842389999994, 114.6300806 22.334730179999998, 114.62986869999999 22.33564259, 114.62974560000002 22.33657116, 114.62971239999999 22.33750726, 114.62976949999998 22.338442209999997, 114.62991619999998 22.339367339999992, 114.67193129999998 22.54093594, 114.6720635 22.541488740000002, 114.67213980000001 22.541771029999996, 114.6724021 22.54259459, 114.67273659999998 22.543391589999995, 114.67314059999998 22.544155740000004, 114.6736365 22.545000700000003, 114.67415429999997 22.545792119999998, 114.67474659999999 22.546529490000005, 114.67540770000001 22.547205830000003, 114.6761314 22.547814739999993, 114.6769108 22.54835046, 114.67773859999998 22.54880792, 114.6786069 22.54918279, 114.67950749999999 22.54947153, 114.6804319 22.549671399999998, 114.6813714 22.549780519999995, 114.6816842 22.549801499999997, 114.68173159999998 22.54980456, 114.79936159999998 22.55711733, 114.80017099999998 22.557133880000002, 114.80097889999999 22.557083049999996, 114.8017798 22.55696518, 114.8019706 22.556928939999995, 114.80233510000001 22.556852420000002, 114.8025258 22.55680855, 114.8032683 22.556606549999994, 114.80382520000002 22.556431079999992, 114.80454989999998 22.556170790000003, 114.8052517 22.55585398, 114.8053814 22.555789129999997, 114.80622329999998 22.555314459999995, 114.80701390000002 22.55475856, 114.80745639999999 22.55441333, 114.8080811 22.553882139999995, 114.8168473 22.545766369999996, 114.81741040000001 22.545200349999995, 114.81792520000002 22.54459004, 114.81807010000001 22.544403119999995, 114.8183938 22.54396056, 114.8887063 22.44189452, 114.88921789999999 22.441065839999997, 114.8896441 22.440190130000005, 114.88998049999996 22.43927618, 114.8902239 22.438333159999996, 114.89037159999998 22.43737053, 114.89047080000002 22.436403499999997, 114.89052150000002 22.435438799999996, 114.89047619999997 22.434473839999995, 114.8903354 22.43351813, 114.8901005 22.432581109999997, 114.8897737 22.431672019999997, 114.88935829999998 22.43079985, 114.88885850000001 22.4299732, 114.88827910000002 22.429200230000003, 114.88762579999998 22.428488569999995, 114.88690519999997 22.427845249999997, 114.808597 22.36464144, 114.8078658 22.364105550000005, 114.8070878 22.363640100000005, 114.80626989999999 22.363249129999996, 114.80541909999998 22.362936039999997, 114.8045428 22.36270356, 114.641907 22.32757974, 114.6409086 22.327417939999997))",f6236b73-87b5-4eae-906d-4579515cdb44,POINT (114.7581005185717 22.49141523),21310145-4091-49d2-a6e1-a6f51d01743a,2025-10-20 17:14:08,2025-10-20 17:14:19
33,汕尾红海湾电厂锚地,"POLYGON ((115.65336559999999 22.58236730999999, 115.65239140000001 22.58250311, 115.65143579999999 22.582736549999996, 115.6505086 22.583065239999996, 115.64961939999999 22.583485819999996, 115.6487771 22.583994010000005, 115.64799039999998 22.58458461, 115.64726739999998 22.58525159, 115.6466153 22.585988129999997, 115.646041 22.586786729999996, 115.64596469999996 22.586904979999996, 115.64550129999999 22.587703949999998, 115.6453106 22.588072069999996, 115.64483290000001 22.589149139999996, 115.6444887 22.59027605, 115.64435899999997 22.590815829999993, 115.6442771 22.59118906, 115.6275306 22.675289779999996, 115.62739150000002 22.676221470000005, 115.62734319999998 22.677162229999993, 115.62738599999997 22.678103269999998, 115.62751960000001 22.67903575, 115.6277427 22.679950959999996, 115.6280532 22.680840319999998, 115.6284482 22.6816955, 115.62892399999998 22.6825085, 115.6294762 22.683271690000005, 115.6294915 22.683290759999995, 115.6301666 22.684049879999996, 115.6309173 22.684734489999993, 115.6317352 22.68533713, 115.63261139999999 22.68585125, 115.6335365 22.686271239999996, 115.63450030000001 22.686592530000002, 115.63549229999998 22.686811619999993, 115.63562960000002 22.686834499999993, 115.6361703 22.68690911, 115.67210480000001 22.690843970000003, 115.67307659999997 22.690901409999995, 115.67404930000001 22.69086149999999, 115.675888 22.69069365, 115.67706179999999 22.690513759999998, 115.69800449999998 22.6859819, 115.69895799999998 22.68572432, 115.6998804 22.685371449999998, 115.7006357 22.68503766, 115.70161519999999 22.684536859999998, 115.70204239999998 22.684287000000005, 115.70275199999999 22.68382959, 115.70341930000001 22.683312419999996, 115.70403930000002 22.682739369999997, 115.70474119999999 22.682031739999996, 115.70536460000001 22.681339969999996, 115.7059191 22.680591789999998, 115.70639959999997 22.67979405, 115.70680160000002 22.678954049999998, 115.70684739999997 22.678845330000005, 115.70704509999997 22.67833612, 115.7071825 22.677950830000004, 115.70746419999999 22.677014069999995, 115.70765050000001 22.676053760000002, 115.70773939999997 22.675079599999997, 115.70775469999998 22.67470576, 115.70773939999997 22.6736343, 115.70760639999999 22.672571010000002, 115.7073574 22.671528790000004, 115.70699529999997 22.67052025, 115.6910575 22.63279861, 115.6904607 22.63161729, 115.6645131 22.587918029999994, 115.6639734 22.587104899999996, 115.663355 22.5863499, 115.662664 22.585660619999995, 115.6619076 22.585043989999996, 115.6610932 22.5845062, 115.660229 22.58405267, 115.65845129999998 22.583230599999997, 115.65750290000001 22.58285104, 115.65651979999998 22.582572979999995, 115.655513 22.58239948, 115.6544936 22.582332449999996, 115.65434870000001 22.58233054, 115.65336559999999 22.58236730999999))",e5e39a08-a8f3-4bb8-937c-466cc533a8c2,POINT (115.66563118887278 22.65165943),0dadff92-c9e8-4adf-9a30-16c421fc3cff,2025-10-20 17:18:52,2025-10-20 17:18:52
34,潮州锚地,"POLYGON ((117.22476389999997 23.379312139999996, 117.21582979999997 23.37986145, 117.2148584 23.379970079999996, 117.21390260000001 23.380175029999997, 117.21297200000001 23.38047427, 117.2120759 23.380864829999997, 117.2112233 23.38134279, 117.2106129 23.381726169999997, 117.210394 23.38186776, 117.2029096 23.386851659999998, 117.20207279999997 23.38747572999999, 117.20130720000002 23.38818534, 117.20062160000002 23.388972429999995, 117.2000236 23.389828039999998, 117.15335460000001 23.4648269, 117.15316489999996 23.465144970000004, 117.14504729999997 23.479362349999995, 117.14470529999998 23.48001751, 117.14441369999997 23.4806966, 117.1442535 23.48111241, 117.14396069999998 23.481995079999997, 117.14375299999999 23.482901550000005, 117.1436323 23.483823650000005, 117.14360179999998 23.484191759999998, 117.14356909999998 23.485127419999998, 117.143626 23.48606191, 117.14377189999998 23.486986699999992, 117.1440054 23.48789332, 117.14432450000001 23.488773500000004, 117.1447262 23.489619160000004, 117.14488640000002 23.489918619999997, 117.1453145 23.4906423, 117.1453679 23.490724320000005, 117.1459949 23.491581589999996, 117.14613220000001 23.491749439999996, 117.14691499999998 23.4925986, 117.14779239999997 23.49334968, 117.14801359999998 23.493517519999997, 117.14870749999999 23.493998239999996, 117.14944019999999 23.4944174, 117.15020629999997 23.494771880000002, 117.1510001 23.495059049999995, 117.17596349999997 23.50289062, 117.1764453 23.50302834, 117.1769031 23.50314659, 117.17774549999997 23.503325099999998, 117.1786003 23.503428899999992, 117.32407760000001 23.51462885, 117.3250552 23.51465512, 117.3260306 23.514583719999997, 117.326994 23.51441536, 117.32793579999999 23.514151719999994, 117.3288466 23.513795439999996, 117.32971729999997 23.513350060000004, 117.33151790000001 23.512312460000004, 117.33234459999997 23.511779000000004, 117.33311349999998 23.51116527, 117.33332719999997 23.51097644, 117.3339228 23.510403369999995, 117.33446800000002 23.509782100000002, 117.3349588 23.509117059999998, 117.34132930000001 23.499675679999996, 117.3417972 23.498908599999996, 117.3421927 23.49810185, 117.34251269999997 23.49726224, 117.3427543 23.496396829999995, 117.34291550000002 23.495512919999996, 117.34299499999999 23.494617949999995, 117.3471073 23.39843608, 117.3471017 23.397484409999997, 117.34700369999997 23.396537770000002, 117.34640860000002 23.392646779999993, 117.3462273 23.391746340000005, 117.3460518 23.391046339999995, 117.34577029999998 23.390119999999996, 117.34539859999998 23.389226009999998, 117.34494040000001 23.3883731, 117.3444002 23.387569620000004, 117.3437833 23.386823409999998, 117.34309569999999 23.3861418, 117.3423442 23.38553142, 117.34153599999999 23.38499827, 117.34067919999997 23.38454754, 117.33978200000001 23.38418366, 117.33885319999999 23.383910169999993, 117.337902 23.383729749999997, 117.33693759999998 23.38364418, 117.2257468 23.379301139999995, 117.22476389999997 23.379312139999996))",6e1758c6-ec3b-4bdb-85cb-4d9cd0162380,POINT (117.25984944175383 23.43163149),1d675030-d3bc-430c-8736-28b096aeaf21,2025-10-20 17:48:58,2025-10-20 17:48:58
35,汕头1号锚地,"POLYGON ((116.8507963 23.22222577, 116.84423079999998 23.22282429, 116.8428073 23.223480919999997, 116.81351009 23.25609858, 116.83432403000002 23.291875089999998, 116.85803476 23.31306049, 116.89953549999998 23.30665172, 116.8996349 23.306596339999995, 116.9090572 23.301278659999998, 116.90996049999997 23.300701399999998, 116.9107952 23.30002873, 116.9237865 23.288271179999995, 116.9262051 23.283454489999997, 116.9259191 23.278670259999995, 116.92136620000001 23.270910569999998, 116.85362719999999 23.223291389999993, 116.8507963 23.22222577))",289005ff-3049-44f5-8c28-bc9d3a15aa40,POINT (116.86432489301653 23.263504575),1274ac71-c72d-49ed-8bf7-2ea3f9f2a939,2025-10-21 10:38:38,2025-10-27 13:54:44
36,汕头华能海门电厂锚地,"POLYGON ((116.6418149 23.009918779999992, 116.64104589999997 23.009946730000003, 116.63215 23.01062193, 116.6317061 23.010665859999996, 116.63008100000002 23.010864219999995, 116.62996149999998 23.010879560000003, 116.6298623 23.01089291, 116.62892869999999 23.011065159999998, 116.6280164 23.01132726, 116.6271338 23.01167676, 116.6262893 23.012110329999995, 116.6231231 23.013935659999998, 116.62248080000002 23.014340009999998, 116.6218718 23.014793030000003, 116.6208876 23.01558649, 116.62013779999997 23.016257689999996, 116.619461 23.017002530000003, 116.61886449999997 23.0178131, 116.61835460000002 23.01868077, 116.61332679999998 23.02834531, 116.6128986 23.02928732, 116.6125725 23.03026936, 116.61235219999998 23.031280409999997, 116.6122401 23.032309099999992, 116.6122376 23.033343879999993, 116.61224519999999 23.033494559999998, 116.6123562 23.03454869, 116.61301999999998 23.03868191, 116.61324649999997 23.039724520000004, 116.61358540000002 23.04073619, 116.6140327 23.041704819999996, 116.6232872 23.05916849999999, 116.62381139999997 23.06004385, 116.62442410000001 23.060859699999998, 116.6251186 23.06160713, 116.62588740000001 23.062277979999998, 116.62672200000002 23.062864919999996, 116.6276133 23.06336153, 116.62855159999998 23.063762390000004, 116.64705289999998 23.070546829999998, 116.6480053 23.070841859999998, 116.6489829 23.071038179999995, 116.64997540000002 23.07113374, 116.65097249999998 23.07112756, 116.65196379999998 23.07101969, 116.6529389 23.070811249999995, 116.6538876 23.070504439999997, 116.65480010000002 23.07010243, 116.65566680000002 23.069609439999997, 116.65647869999997 23.0690306, 116.65722730000002 23.068371949999996, 116.66071389999999 23.06497305, 116.66140939999998 23.06421992, 116.66202200000001 23.063398010000004, 116.6625451 23.06251638, 116.6629728 23.061584749999998, 116.66330049999998 23.060613409999995, 116.6635244 23.05961306, 116.6674078 23.036679099999997, 116.6675171 23.03578485, 116.66754339999999 23.03488434, 116.66748659999999 23.03398523, 116.6673569 23.032802669999995, 116.66720580000002 23.031856250000008, 116.6669626 23.03092921, 116.66662959999998 23.030030479999997, 116.66621009999999 23.029168749999997, 116.66570809999999 23.028352299999998, 116.66512850000001 23.027589019999997, 116.65542389999999 23.0160343, 116.6553597 23.015958589999997, 116.6533989 23.013671670000004, 116.6527451 23.012980400000004, 116.65202720000002 23.01235605, 116.65125179999998 23.01180457, 116.6504265 23.011331199999997, 116.64955900000001 23.01094042, 116.6486575 23.01063597, 116.6477308 23.010420719999995, 116.64678740000001 23.010296719999996, 116.6425836 23.009951489999995, 116.6418149 23.009918779999992))",6cf9437b-5da7-47bb-b51e-893b7d2279e8,POINT (116.64011120857198 23.040230355000002),1274ac71-c72d-49ed-8bf7-2ea3f9f2a939,2025-10-21 11:05:48,2025-10-21 11:05:48
37,东山锚地,"POLYGON ((117.56096619999997 23.473885260000003, 117.559115 23.473556679999998, 117.55817429999999 23.473526869999997, 117.55630610000001 23.47373757, 117.5553957 23.473976150000002, 117.5536642 23.474708789999998, 117.55210430000001 23.475758349999996, 117.55140700000001 23.476390339999995, 117.5491048 23.478750550000004, 117.54854249999997 23.47950085, 117.5470766 23.482929590000005, 117.50811708 23.697335859999995, 117.54180563 23.72543003, 117.56372183000002 23.724102009999996, 117.58700341000001 23.710644930000004, 117.6765761 23.753765509999997, 117.6779547 23.753560600000004, 117.6780234 23.75354534, 117.6789324 23.75329695, 117.6798134 23.75296247, 117.68065829999998 23.752544969999995, 117.68145919999999 23.75204833, 117.68220869999999 23.75147711, 117.6828999 23.7508366, 117.6835265 23.750132709999995, 117.68408260000001 23.749371929999995, 117.6845632 23.74856129, 117.6849637 23.747708269999997, 117.68528060000001 23.74682074999999, 117.6855107 23.745906919999996, 117.6856522 23.744975209999996, 117.6857056 23.744456409999998, 117.68575619999999 23.74358307, 117.68572889999997 23.74270867, 117.68562380000002 23.7418402, 117.68544169999998 23.740984540000003, 117.68518399999999 23.74014852, 117.6851001 23.739913919999996, 117.68483509999999 23.739250480000003, 117.5706384 23.481033630000002, 117.56968639999998 23.479351799999996, 117.56842309999999 23.477889280000003, 117.5676897 23.477258399999997, 117.5660547 23.476228039999995, 117.56272060000002 23.474561019999992, 117.56096619999997 23.473885260000003))",818ae28e-c8e2-4526-800b-dd3970e5abc0,POINT (117.57324222035429 23.590132725),43426cc8-70c5-4dfb-952b-08a250f2bc61,2025-10-21 11:53:08,2025-10-21 11:53:08
38,广东陆丰甲湖湾电厂锚地,"POLYGON ((116.01306100000001 22.71981701, 116.0122262 22.719404239999996, 116.01135570000001 22.719073090000002, 116.01045759999997 22.718826579999998, 116.0095401 22.718666960000004, 116.0086115 22.718595699999998, 116.00768039999997 22.71861344, 116.0067552 22.71872003, 116.0058444 22.718914479999995, 115.9618914 22.7305207, 115.96094400000001 22.730823399999995, 115.96003239999997 22.73122113, 115.959166 22.731709760000005, 115.95835409999997 22.73228418, 115.9576049 22.732938409999996, 115.95692639999999 22.73366562, 115.9563255 22.73445824, 115.95580859999997 22.735307999999993, 115.95538109999997 22.73620604, 115.9515282 22.745492919999997, 115.95118 22.746478539999995, 115.9509395 22.747495809999997, 115.9508937 22.74774948, 115.95077770000002 22.74861093, 115.95073890000002 22.749479289999996, 115.95073890000002 22.74952698, 115.95083940000002 22.750922859999996, 115.9509005 22.751344379999992, 115.95117139999998 22.75261279, 115.9512858 22.753015239999996, 115.9516248 22.75400283, 115.9520676 22.754948469999995, 115.95260909999998 22.75584127, 115.9579191 22.763623249999995, 115.9579547 22.763675059999997, 115.96944782000001 22.77862827, 116.04434615 22.796419640000003, 116.05335270000002 22.76332483, 116.05329840000002 22.763235379999998, 116.04198399999999 22.7448142, 116.04125219999999 22.74378008, 116.0405274 22.74288554, 116.03993139999999 22.74221551, 116.03927629999997 22.741603119999997, 116.01646440000002 22.722167239999997, 116.0156684 22.721556929999995, 116.01385259999999 22.72030762, 116.01306100000001 22.71981701))",8eb125f4-a0af-413c-8ec8-0b6a2ef485a4,POINT (116.00307970789709 22.759538325),0dadff92-c9e8-4adf-9a30-16c421fc3cff,2025-10-21 11:57:46,2025-10-21 11:57:46
39,漳州锚地,"MULTIPOLYGON (((118.11746920999997 24.207104979999993, 118.13121106074145 24.22108333726863, 118.12626951 24.20987265, 118.12863717717059 24.197993714991025, 118.11746920999997 24.207104979999993)), ((118.35515368999998 24.361382399999997, 118.5221647 24.261980490000003, 118.5222467 24.259835819999996, 118.52186220000002 24.2577243, 118.52116439999999 24.255541879999996, 118.5203938 24.2537668, 118.5193647 24.252188390000004, 118.39577490596535 24.12453437093436, 118.4910705 24.24557352, 118.4915887 24.24629671, 118.49203949999999 24.247063699999998, 118.4930466 24.24896914, 118.4934694 24.249878519999996, 118.4937977 24.250826179999997, 118.49402789999998 24.251802309999995, 118.49415759999997 24.25279678, 118.49418559999998 24.253799290000003, 118.49411149999999 24.254799450000004, 118.4939361 24.255786900000004, 118.4936612 24.25675139, 118.49328969999999 24.25768294, 118.49222919999998 24.259992739999998, 118.49182550000002 24.260777399999995, 118.49135309999998 24.26152278, 118.49081599999998 24.26222291, 118.4902183 24.26287216, 118.489565 24.26346532, 118.4304906 24.31245557, 118.42965780000002 24.31307517, 118.4287644 24.31360369, 118.3797837 24.339198409999998, 118.3789612 24.339581089999996, 118.37810690000002 24.33988649, 118.33959884939144 24.35168685473801, 118.35515368999998 24.361382399999997)))",382b5ac6-a068-4dc5-97ee-987c4f2d5562,POINT (118.44889518623435 24.185053945467182),c4ea2c8a-9eab-4edd-a0c4-6390f8786a78,2025-10-21 14:28:06,2025-10-21 14:28:06
40,厦门锚地,"POLYGON ((118.3074836 24.068518340000004, 118.3066392 24.06862848, 118.30580739999999 24.068811140000005, 118.15222009999998 24.109571179999996, 118.1512114 24.10989789, 118.1502437 24.1103311, 118.14932819999996 24.11086581, 118.14893139999997 24.11112711, 118.14813700000002 24.111709350000005, 118.14740459999999 24.112368009999997, 118.1467417 24.11309651, 118.1461549 24.11388757, 118.14564990000001 24.11473327, 118.14523200000001 24.11562517, 118.14490519999998 24.116554350000005, 118.1446728 24.117511519999997, 118.12626951 24.20987265, 118.15068312999999 24.265249190000002, 118.15883704 24.326463319999995, 118.09335749999998 24.38700462, 118.0932177 24.388028219999995, 118.09318589999998 24.389060829999995, 118.0932624 24.390091090000002, 118.09344640000002 24.391107669999997, 118.09853520000001 24.41269504, 118.09879530000002 24.41360148, 118.09914079999997 24.414478910000003, 118.0995686 24.41531928, 118.1000749 24.41611489, 118.1006548 24.41685846, 118.10130329999997 24.417543159999997, 118.1020142 24.418162729999995, 118.10278110000002 24.418711489999996, 118.1047342 24.41997225, 118.10555840000002 24.42044951, 118.1064249 24.420844939999995, 118.1073256 24.42115485, 118.10825189999997 24.421376329999994, 118.1091953 24.421507330000004, 118.11014699999998 24.421546600000003, 118.111098 24.421493790000003, 118.1120394 24.421349390000003, 118.11296249999998 24.42111475, 118.37810690000002 24.33988649, 118.3789612 24.339581089999996, 118.3797837 24.339198409999998, 118.4287644 24.31360369, 118.42965780000002 24.31307517, 118.4304906 24.31245557, 118.489565 24.26346532, 118.4902183 24.26287216, 118.49081599999998 24.26222291, 118.49135309999998 24.26152278, 118.49182550000002 24.260777399999995, 118.49222919999998 24.259992739999998, 118.49328969999999 24.25768294, 118.4936612 24.25675139, 118.4939361 24.255786900000004, 118.49411149999999 24.254799450000004, 118.49418559999998 24.253799290000003, 118.49415759999997 24.25279678, 118.49402789999998 24.251802309999995, 118.4937977 24.250826179999997, 118.4934694 24.249878519999996, 118.4930466 24.24896914, 118.49203949999999 24.247063699999998, 118.4915887 24.24629671, 118.4910705 24.24557352, 118.3677413 24.08890581, 118.3671146 24.08818457, 118.3664209 24.087527430000005, 118.36566689999998 24.086940589999998, 118.36485950000001 24.086429559999996, 118.3640064 24.085999149999996, 118.36311569999998 24.085653410000003, 118.3131126 24.068986999999993, 118.31209439999999 24.06870726, 118.31105199999998 24.068538129999993, 118.30999759999999 24.068481530000003, 118.30833440000002 24.068481530000003, 118.3074836 24.068518340000004))",cef9b5db-3a27-49e4-805a-53109c0bd83a,POINT (118.30557887494341 24.227723085),a58be882-85bc-4547-b7b9-ca39f53ae2be,2025-10-21 14:47:22,2025-10-21 14:47:22
41,泉州锚地,"POLYGON ((118.77098859999997 24.63847029, 118.71211915999997 24.662448459999993, 118.79040283999998 24.747370579999995, 118.7944798 24.767343199999996, 118.80510134000001 24.788871069999995, 118.87016311 24.830164839999995, 118.93157002 24.862225899999995, 118.99117022000001 24.8284398, 118.95238677999997 24.781256439999996, 118.82739889999999 24.6809087, 118.78176749999997 24.64339688, 118.7773722 24.64025902, 118.77098859999997 24.63847029))",bfbef14f-da90-4ca7-8e90-afaa0aa19ebb,POINT (118.85753003722873 24.757356889999997),5eb2e880-eb5c-4885-b56d-4576a2507985,2025-10-21 15:03:29,2025-10-21 15:03:29
42,湄洲湾锚地,"POLYGON ((119.04456811000001 24.968586769999998, 119.04102759999998 24.9848283, 119.0355862 25.026228000000003, 119.03621735 25.034092500000003, 119.05874789999999 25.031613639999996, 119.07111010999998 25.026665559999998, 119.08855869000001 25.026818860000002, 119.10593940000001 25.02098582, 119.13104488000002 25.023124629999998, 119.15293171 25.03226278, 119.22358689999997 24.96366978, 119.22493150000001 24.961019209999996, 119.22542959999997 24.958089099999995, 119.2250363 24.9551431, 119.20147939999998 24.896647649999995, 119.19989479999997 24.893932250000002, 119.19873209999999 24.89240508, 119.19725919999999 24.89103147, 119.1941685 24.889342599999996, 119.15437799999998 24.873324170000004, 119.1529194 24.87279241, 119.02015948999997 24.84740389, 118.99226451000001 24.85353721, 118.98790082 24.86191671, 119.00023898000002 24.87544697, 119.04456811000001 24.968586769999998))",e7b01b86-8701-4f88-aee5-426e15f97fcd,POINT (119.11875366894911 24.925895374999996),d742b9f8-5114-4a16-8d0b-028a256b754c,2025-10-21 15:23:52,2025-10-21 15:23:52
43,福州2号锚地,"POLYGON ((119.63382679999997 25.178817489999997, 119.63122509999997 25.18002594, 119.6290774 25.181927669999997, 119.62696989999999 25.18618607, 119.62676059999997 25.189047079999995, 119.6271099 25.192749369999998, 119.62913808 25.29878691, 119.64738568 25.330430889999995, 119.6638995 25.31973677, 119.68015369 25.30664352999999, 119.7233442 25.242350039999994, 119.72489179999997 25.240445449999992, 119.72539530000002 25.239590959999997, 119.72636350000002 25.23678802, 119.72629609999998 25.23284615, 119.72567889999999 25.23096366, 119.72444189999997 25.228696049999996, 119.69944089999998 25.207785299999998, 119.6383362 25.178403140000004, 119.6366653 25.178403140000004, 119.63382679999997 25.178817489999997))",7cfbd2e2-fd9f-4ef6-aff3-410a2c02251f,POINT (119.6664931081113 25.270568474999997),690292cd-7bf9-4245-b3e0-e129de08f901,2025-10-21 15:29:44,2025-10-21 17:17:02
44,福州1号锚地,"POLYGON ((119.76810260000002 25.91775486, 119.72856344 26.00546177, 119.63520632 26.126495639999998, 119.63633284999999 26.134538590000002, 119.85058342999999 26.294776100000004, 119.89543616 26.285349009999997, 119.90155599999999 26.173812610000002, 119.88338472 25.96016562, 119.85943730000001 25.950009159999997, 119.8537151 25.94305449, 119.8365873 25.93553899, 119.7772637 25.91525454, 119.76810260000002 25.91775486))",de5f9ad4-a1c9-420b-86d7-ba02cbc9e782,POINT (119.78713465088767 26.065978705),690292cd-7bf9-4245-b3e0-e129de08f901,2025-10-21 15:48:30,2025-10-21 17:16:53
45,海口2号锚地,"POLYGON ((110.03488734999999 19.979420670000003, 109.99969677 19.981840600000005, 109.95270446999999 19.99646023, 109.97050501999999 20.057017539999997, 109.97853019 20.091662389999993, 110.04545600000002 20.081631159999997, 110.04910389999999 20.077552309999998, 110.0507317 20.07180157, 110.0520805 20.01395745, 110.04314855000001 19.99101583, 110.03488734999999 19.979420670000003))",a32e51d0-1458-493d-8fc7-1a4ceff70d7c,POINT (110.00787741277514 20.035487494999998),b6452e3c-2a9f-439e-a918-c98ab1c6ab8c,2025-10-21 15:59:50,2025-10-21 17:16:13
46,海口1号锚地,"POLYGON ((110.30687830555598 20.15681575, 110.32694122222199 20.091738861111097, 110.29679319444399 20.08226719444439, 110.29657863888899 20.0614073888889, 110.26310466666699 20.0612058333333, 110.240574111111 20.11874, 110.30687830555598 20.15681575))",354e63a8-3273-444a-b494-e4b7b09b80c5,POINT (110.28432001591247 20.10523943055555),b6452e3c-2a9f-439e-a918-c98ab1c6ab8c,2025-10-21 16:00:32,2025-10-21 17:16:05
49,罗源湾锚地,"MULTIPOLYGON (((119.87619194919102 26.485146169211085, 119.8785014625532 26.438517381350096, 119.86623761111099 26.43559225, 119.84298999999999 26.469129999999996, 119.85946999999999 26.482649999999996, 119.87619194919102 26.485146169211085)), ((120.18767999999997 26.352290000000004, 120.11626999999999 26.326439999999998, 120.05722000000002 26.36828, 120.0465977038916 26.37353278950988, 120.09017999999999 26.370739999999994, 120.2065079669144 26.372823792794094, 120.18767999999997 26.352290000000004)), ((119.92539338888902 26.3885081944444, 119.92646781528575 26.395312423368033, 119.97579823599565 26.381872889828855, 119.92539338888902 26.3885081944444)), ((119.92446370630064 26.425091891938152, 119.92541764 26.424891439999996, 119.92511976129742 26.424219608242826, 119.92446370630064 26.425091891938152)))",10f008ef-5838-4fed-84eb-2fcadfbae77e,POINT (120.12500178716537 26.339365),f27a2780-6a2c-4635-8ef5-671668ce8ae6,2025-10-21 17:11:53,2025-10-21 17:12:59
50,宁德1号锚地,"POLYGON ((119.92401 26.503549999999997, 119.97482 26.503549999999997, 120.02109739999999 26.491742819999995, 120.05854104 26.493509629999995, 120.09416077 26.510792200000004, 120.12863000000002 26.525669999999995, 120.19592 26.50109, 120.26321 26.461759999999998, 120.29343 26.392889999999998, 120.22751000000001 26.3732, 120.09017999999999 26.370739999999994, 119.99405 26.3769, 119.91383049999999 26.39875507, 119.92541764 26.424891439999996, 119.87869 26.434709999999992, 119.87595000000002 26.490029999999994, 119.92401 26.503549999999997))",24da1e13-cbbf-4559-a1e0-17c3d788481d,POINT (120.07358242300812 26.448234999999997),95bd81b0-6088-433b-9bab-7232f3f40d1e,2025-10-21 17:14:15,2025-10-21 17:16:34
51,宁德2号锚地,"POLYGON ((119.80871536 26.63347810999999, 119.80201919 26.63383369, 119.79118306 26.647834809999996, 119.79139764 26.654978550000003, 119.79939062000001 26.66557348, 119.832 26.670569999999998, 119.86359 26.621469999999995, 119.83217953999998 26.603859119999996, 119.80871536 26.63347810999999))",573c4bca-9300-486f-8d57-87b96ae71e47,POINT (119.82386626863544 26.640834249999997),95bd81b0-6088-433b-9bab-7232f3f40d1e,2025-10-21 17:15:04,2025-10-21 17:16:26
52,葫芦岛锚地,"MULTIPOLYGON (((121.11603 40.76666, 121.1567353497437 40.74794, 121.07071 40.74794, 121.04242614979835 40.703113793738886, 121.04055826000001 40.70522302, 121.03712503 40.75010349000001, 121.11603 40.76666)), ((121.19293 40.73129, 121.19194854314573 40.72707565413029, 121.1709190706526 40.74141580435684, 121.19293 40.73129)))",7cb13c1c-a3ff-4bf0-8cdf-ec3c2e3f21af,POINT (121.04807894814084 40.72658151),b3e6a0d4-8d43-4a6f-ac85-ff405570a039,2025-10-21 17:29:39,2025-10-22 14:42:27
53,锦州2号锚地,"POLYGON ((121.38793999999997 40.67507, 121.50054999999999 40.67507, 121.59393000000001 40.53535999999999, 121.63788000000001 40.370250000000006, 121.51977999999997 40.23828999999999, 121.47296904 40.19594509, 121.27470015 40.19594509, 121.24786 40.27602, 121.23412999999998 40.39954, 121.23412999999998 40.49778, 121.23412999999998 40.577099999999994, 121.28631999999999 40.64799, 121.38793999999997 40.67507))",99736e92-d755-4222-a837-8ad5a90109a6,POINT (121.4255691708558 40.448660000000004),5822d216-020d-47d4-b888-bc59955cb415,2025-10-21 17:33:35,2025-10-21 17:33:35
54,绥中1号锚地,"POLYGON ((120.01556868999998 40.03242300000001, 120.08240933 40.05525649, 120.14236 40.0064, 120.16296000000001 39.9601, 120.10528999999995 39.92218999999999, 120.0119 39.93273000000001, 119.96932999999999 39.96115, 119.97345 39.99271999999999, 120.01556868999998 40.03242300000001))",34de74cc-e3cf-43aa-93e9-6878beda1230,POINT (120.06342984881209 39.976935),ae8982df-bad3-4072-8f37-ee263ce5250a,2025-10-22 14:00:33,2025-10-22 14:00:33
55,绥中2号锚地,"POLYGON ((120.19179999999997 39.68587, 120.20142 39.63195, 120.14236 39.593869999999995, 120.08605999999997 39.62454999999999, 120.10802999999999 39.674249999999994, 120.19179999999997 39.68587))",15ed5384-735d-4149-8533-fd33b744d636,POINT (120.14816358498541 39.653099999999995),ae8982df-bad3-4072-8f37-ee263ce5250a,2025-10-22 14:01:10,2025-10-22 14:01:10
56,锦州1号锚地,"POLYGON ((121.16134999999998 40.74794, 121.21627999999998 40.710480000000004, 121.24838448000001 40.6830568, 121.2616024 40.64962587, 121.21546841 40.58789578999999, 121.16409000000002 40.58753000000001, 121.05698 40.6063, 121.04049999999997 40.70006000000001, 121.07071 40.74794, 121.16134999999998 40.74794))",c2c74ed8-4390-4bf0-a093-9d6e896e10ea,POINT (121.15071004977389 40.666341335),5822d216-020d-47d4-b888-bc59955cb415,2025-10-22 14:20:04,2025-10-22 14:20:04
58,滨州锚地,"POLYGON ((118.264251972222 38.2691280833333, 118.25888755555599 38.22463933333329, 118.16919450000002 38.2452019166667, 118.14022663888902 38.27047580555559, 118.16533211111098 38.30348708333331, 118.170481944444 38.35499508333329, 118.60567694444401 38.48898950000001, 118.66168147222197 38.4081578055556, 118.264251972222 38.2691280833333))",9e8f186a-0d56-4b97-80a8-952d53f52580,POINT (118.42125531071031 38.38157644444445),480ce908-1011-40c2-8357-f30655dc6381,2025-10-22 14:27:01,2025-10-22 14:27:01
59,盘锦锚地,"POLYGON ((121.97227 40.453559999999996, 122.0268288 40.36835741, 122.02597049 40.33238107, 121.88987999999999 40.31548000000001, 121.81572 40.24634, 121.72234 40.18761000000001, 121.63994000000001 40.142480000000006, 121.57265 40.12359000000001, 121.53693999999999 40.17502000000001, 121.51039809999999 40.218016770000006, 121.65901656 40.37591224, 121.75804 40.46714, 121.8805472 40.50799541000001, 121.93860368999998 40.48453193000001, 121.97227 40.453559999999996))",18285ee0-425f-41a1-9965-fe6fb1693c4b,POINT (121.78400711976678 40.323930535),b8d69c3b-1736-4174-b293-191f884e5326,2025-10-22 14:35:57,2025-10-22 14:35:57
60,营口锚地,"POLYGON ((121.971609888889 40.4688606944444, 121.92771947222201 40.49354958333329, 121.974711777778 40.6272246388889, 122.02759327777801 40.6237743333333, 122.057007361111 40.5856845277778, 122.06344466666701 40.56498580555561, 122.0909105 40.549009194444395, 122.065161277778 40.50807211111109, 122.015164916667 40.4648245555556, 121.971609888889 40.4688606944444))",6fda1fef-d365-47dc-875c-3995c02ad5e5,POINT (122.00902808393568 40.52854065277774),9e5e3722-a004-4a5d-808f-b3e72d7e6ce0,2025-10-22 14:36:56,2025-10-22 15:08:24
61,山海关船厂锚地,"POLYGON ((119.88427547222197 39.9052983888889, 119.87301019444402 39.9002778055556, 119.85852625 39.8952568611111, 119.842433 39.8922111944444, 119.829418916667 39.949348444444404, 119.84346297222199 39.9551056111111, 119.892643944444 39.910565500000004, 119.88427547222197 39.9052983888889))",11c7512f-7e43-4910-bb55-e5434e0d5bc7,POINT (119.85253383255677 39.9299569722222),2caacfd1-3f68-4126-8a29-13ba79039552,2025-10-22 14:38:55,2025-10-22 14:38:55
62,大连1号锚地,"POLYGON ((121.12494999999998 39.69644, 121.14830000000002 39.63723999999999, 121.12633 39.56317000000001, 121.15791 39.500679999999996, 121.22368362 39.444574779999996, 121.22383000000002 39.41054999999999, 121.23619 39.382960000000004, 121.28396455000001 39.36543163999999, 121.32366124 39.34153898999999, 121.28975 39.30968, 121.23343999999997 39.26503999999999, 121.11533999999999 39.2661, 121.10161000000001 39.35217, 120.99998000000001 39.40737, 120.94643000000002 39.48689999999999, 120.97527000000001 39.589629999999985, 121.05080000000001 39.691159999999996, 121.12494999999998 39.69644))",caff621d-8edc-47f4-abe3-d76c89848d20,POINT (121.0797767875552 39.465737389999994),d4a88f43-1504-4c1a-abd9-5c1548ceb8d8,2025-10-22 15:04:41,2025-10-22 15:04:41
63,鲅鱼圈1号锚地,"POLYGON ((122.01176000000001 40.32709, 121.91219000000001 40.30353, 121.8744173970704 40.301069918223845, 121.88987999999999 40.31548000000001, 122.0123405897537 40.33068856416706, 122.01176000000001 40.32709))",33ba02c8-88f3-41d3-a31c-b88cea5c3e2c,POINT (121.96192452976055 40.321285),4a2bbf9b-a001-406b-aeb9-b957f6803e28,2025-10-22 15:06:45,2025-10-22 15:06:45
64,鲅鱼圈2号锚地,"MULTIPOLYGON (((121.77383000000002 40.21209000000001, 121.68594000000002 40.16593, 121.6810757358288 40.165013553221314, 121.72234 40.18761000000001, 121.78229927153725 40.22532636547522, 121.77383000000002 40.21209000000001)), ((121.51703 40.14440999999999, 121.50124 40.20683999999999, 121.5490459 40.26682775, 121.56350457302831 40.27448060205017, 121.51039809999999 40.218016770000006, 121.53693999999999 40.17502000000001, 121.55713057969191 40.145946052633136, 121.51703 40.14440999999999)))",764f2360-0f53-4533-a54e-bfe79bbd5c5e,POINT (121.74616155768626 40.19985000000001),4a2bbf9b-a001-406b-aeb9-b957f6803e28,2025-10-22 15:07:40,2025-10-22 15:07:40
65,大连2号锚地,"POLYGON ((121.969659888889 38.539897388888896, 121.96536519444402 38.5395001666667, 121.776360194444 38.59471761111109, 121.741839694444 38.6201677777778, 121.70932319444401 38.6734324166667, 121.71077038888899 38.6881889444444, 121.78722311111102 38.7787724166667, 121.955222305556 38.944871972222195, 121.960398194444 38.9478249722222, 122.00145063888898 38.99426186111109, 122.02988205555597 38.9933863333333, 122.04887208333301 38.9884663333333, 122.053807361111 38.9776662222222, 122.06328511111097 38.86123733333329, 122.024434194444 38.67024619444441, 121.975315194444 38.5433874444444, 121.97350849999997 38.541844166666706, 121.969659888889 38.539897388888896))",90a537bd-0a6c-429b-9f85-0ce226f7252b,POINT (121.89314696889949 38.733480680555544),d4a88f43-1504-4c1a-abd9-5c1548ceb8d8,2025-10-22 15:26:57,2025-10-22 15:27:44
66,庄河锚地,"POLYGON ((122.98272989999997 39.145178699999995, 122.97358459999997 39.15147112, 122.97302099999997 39.16085624, 123.09110870000002 39.47921943, 123.09863419999999 39.48647816, 123.2579741 39.536568949999996, 123.26500589999999 39.53780261, 123.2751382 39.53546879000001, 123.2807327 39.52857804, 123.28174489999998 39.52508153, 123.28262270000002 39.52085997999999, 123.28116529999998 39.51053748999999, 123.1333757 39.25720799999999, 123.1100745 39.225169949999994, 123.0404868 39.14429455999999, 123.03102229999998 39.14009200999998, 122.98272989999997 39.145178699999995))",a28ee47e-b162-492e-80c2-cf7c7cb671a7,POINT (123.12403475414706 39.368213714999996),566829f6-6942-44fa-bb0d-cca1a348f707,2025-10-22 15:37:18,2025-10-22 15:37:18
67,丹东锚地,"POLYGON ((123.93777690000002 39.410146649999994, 123.930352 39.419684520000004, 123.9303172 39.4242022, 123.93713780000002 39.460170979999994, 123.93801780000001 39.46290788, 123.94017560000002 39.467059809999995, 124.03721389999997 39.601810179999994, 124.039485 39.604174619999995, 124.0851317 39.63992214999999, 124.09310559999996 39.64338041999999, 124.10133769999997 39.64481093, 124.11130110000002 39.64278209, 124.12342420000002 39.63394724999999, 124.1281675 39.62556569000001, 124.12758289999998 39.61925357, 124.1175808 39.59249347, 124.09519897 39.49612462000001, 123.98935200000001 39.426243759999984, 123.9453506 39.40821679999999, 123.93777690000002 39.410146649999994))",0b9b4fb2-b742-4932-8c16-8f5b91a787bc,POINT (124.0510976362205 39.544309045000006),394578e4-662c-4990-ac8a-77e110819488,2025-10-22 16:03:31,2025-10-22 16:03:31
68,东营锚地,"POLYGON ((119.10236339999999 38.16422682999999, 119.0979811 38.16584559, 119.0866056 38.172971450000006, 119.08226179999998 38.17793937, 119.0812774 38.18418996, 119.08449289999997 38.19283209, 119.0845424 38.19294604000001, 119.2415859 38.54889163, 119.2567957 38.55874024, 119.26921569999999 38.5486455, 119.36026985999997 38.19689478000001, 119.3443786 38.182242720000005, 119.1075335 38.16401644, 119.10236339999999 38.16422682999999))",d88bc715-5f38-46e6-81ce-932e180d7edb,POINT (119.23931186367795 38.37277014),5ee30736-f532-4b50-8c2d-d7db96626910,2025-10-22 16:22:41,2025-10-22 16:22:41
69,潍坊锚地,"POLYGON ((119.52272228999999 37.58761464, 119.56271108000001 37.54328115, 119.54060968 37.46259287, 119.47974887 37.3914835, 119.39348903 37.35021543999999, 119.30533999999997 37.33121, 119.25178999999999 37.34978, 119.22453837 37.370585500000004, 119.21724276 37.39036434, 119.23333600999999 37.42752081999999, 119.26809744000002 37.46499949, 119.30671999999997 37.497009999999996, 119.37538 37.501369999999994, 119.40422 37.51335, 119.42757000000002 37.53404999999999, 119.44404999999999 37.55256, 119.46465000000002 37.58195, 119.52272228999999 37.58761464))",e6623050-e7e6-4dc7-b670-a78bc644c1f6,POINT (119.38760083576216 37.445056844999996),ca7d26ba-e13f-42b8-9e86-293a9b1f5f08,2025-10-22 16:37:59,2025-10-22 16:37:59
72,莱州1号锚地,"POLYGON ((119.88006999999999 37.57324, 119.89929 37.54384999999999, 119.89243000000002 37.50027999999999, 119.80230480000002 37.476886519999994, 119.76668506 37.567254639999994, 119.84161 37.58738999999999, 119.88006999999999 37.57324))",d1b8b456-c7d6-4b5a-80b5-c753966c5038,POINT (119.84017856471387 37.52206499999999),184415be-299d-4f46-9811-d32a1f2e3866,2025-10-22 17:15:01,2025-10-22 17:15:01
73,莱州2号锚地,"POLYGON ((120.15959630999997 38.038063609999995, 120.16777000000002 37.95376, 120.08811999999998 37.89526, 119.97523199 37.868291809999995, 119.92394815 37.91096623000001, 119.95677838999997 37.97780689999999, 120.02632 38.02410999999999, 120.08949 38.061959999999985, 120.15959630999997 38.038063609999995))",e5cf4cb9-03d1-480d-bfa2-d36b0c6d838a,POINT (120.05873853712191 37.965783449999996),184415be-299d-4f46-9811-d32a1f2e3866,2025-10-22 17:15:46,2025-10-22 17:15:46
74,龙口1号锚地,"POLYGON ((120.19524000000001 37.77704, 120.21857999999999 37.72708999999999, 120.19798 37.68255, 120.22822434999999 37.64327781, 120.15076215000002 37.644637059999994, 120.07823522 37.64667588999999, 120.03072068 37.75229165, 120.07900044999997 37.77179979, 120.1664 37.802, 120.19524000000001 37.77704))",5f1c5462-618c-4cf5-be04-b650816e8a62,POINT (120.13017864034452 37.70482),f66e65c4-a84c-46ec-8d7a-db55013aa53f,2025-10-22 17:17:43,2025-10-22 17:17:43
75,龙口2号锚地,"POLYGON ((120.15815999999998 38.05872, 120.18288 38.01113000000001, 120.21034411000001 37.95480583, 120.22133 37.907180000000004, 120.18953015999998 37.88337172, 120.11700322999997 37.879815130000004, 120.09504140926023 37.90034536715852, 120.16777000000002 37.95376, 120.15959630999997 38.038063609999995, 120.08949 38.061959999999985, 120.02632 38.02410999999999, 120.00860149074394 38.01231520719305, 120.00842741 38.03377641, 120.10048 38.07494, 120.15815999999998 38.05872))",dbb5c008-0505-4dd1-9070-cb1c82474c23,POINT (120.18077509499867 37.982967915),f66e65c4-a84c-46ec-8d7a-db55013aa53f,2025-10-22 17:19:42,2025-10-22 17:19:42
76,蓬莱1号锚地,"POLYGON ((120.53101000000001 37.854969999999994, 120.54896554000001 37.83255618999999, 120.50217000000002 37.82732, 120.45197685999999 37.83120039000001, 120.45134999999998 37.87124000000001, 120.51452999999997 37.87666000000001, 120.53101000000001 37.854969999999994))",f7e9e951-b0b5-4be5-97fc-28652674be54,POINT (120.4958839741663 37.84376309499999),5fd9fd57-396a-4ae5-9ae8-1a6ba212f3d9,2025-10-22 17:29:56,2025-10-22 17:29:56
77,蓬莱2号锚地,"POLYGON ((120.87717478 37.95344026000001, 120.94986000000002 37.94761999999999, 120.96703 37.92434000000001, 120.96703 37.90321, 120.95055000000002 37.88208, 120.92529886 37.88289810999999, 120.89012 37.869609999999994, 120.87208383999999 37.87087267999999, 120.87295999999999 37.90104000000001, 120.87557761999999 37.93371121, 120.87717478 37.95344026000001))",2393c72a-548e-40be-a74f-95e9ca8be39f,POINT (120.9205051646174 37.913775),5fd9fd57-396a-4ae5-9ae8-1a6ba212f3d9,2025-10-22 17:30:42,2025-10-22 17:30:42
78,烟台1号锚地,"POLYGON ((121.20392 37.90483, 121.31240923999997 37.88779014, 121.35845608999999 37.8503428, 121.33141941999997 37.72977738, 121.27808 37.70082999999999, 121.15496294 37.75627101, 121.05539934 37.7985016, 121.11603 37.90266, 121.20392 37.90483))",2ff2c81e-f1a3-4102-81a2-7f5ace1ae190,POINT (121.21156557872712 37.8244222),42edba99-e8ed-4369-b369-0e7729a7d323,2025-10-22 17:34:53,2025-10-22 17:34:53
79,烟台2号锚地,"POLYGON ((121.49949141666701 37.7113478888889, 121.542084888889 37.7108386388889, 121.59058516666698 37.67590319444441, 121.58865397222202 37.641079194444394, 121.52846519444401 37.6280797222222, 121.48147288888897 37.628249666666704, 121.42632075000002 37.65717716666669, 121.453357416667 37.703369111111094, 121.49949141666701 37.7113478888889))",e58109a6-7b3b-4033-9027-cb3f0dfc96fe,POINT (121.51093348027331 37.66654018055555),42edba99-e8ed-4369-b369-0e7729a7d323,2025-10-22 17:44:00,2025-10-22 17:45:56
80,荣成1号锚地,"POLYGON ((122.678477083333 37.3635640833333, 122.65374711111102 37.3473178611111, 122.64344741666702 37.3579785277778, 122.66869238888901 37.3738728888889, 122.678477083333 37.3635640833333))",8b9c697c-85f3-45c3-bdb6-b92ecf8dd2f0,POINT (122.66105454999862 37.36077130555555),5a1d4c4e-9f86-4cef-986a-563745977c64,2025-10-22 17:57:28,2025-10-23 09:38:58
81,威海锚地,"POLYGON ((122.30349903999999 37.60779539, 122.32589999999999 37.595369999999996, 122.35910255999997 37.56399778000001, 122.37938006 37.52256955999999, 122.38281328999997 37.48622649, 122.36208495999999 37.49227071, 122.30950209 37.49741435, 122.27667185 37.499372099999995, 122.25274655000001 37.50813876999999, 122.22302767 37.5173299, 122.24974757 37.57140883000001, 122.28300696999997 37.61705922, 122.30349903999999 37.60779539))",7fcd7e9f-441a-436d-b59a-ca5cbdf8cfc1,POINT (122.30254624906237 37.543283669999994),41866ed7-75c0-4375-a23d-4ee7093c251c,2025-10-23 09:15:37,2025-10-23 09:15:37
82,张家埠锚地,"POLYGON ((122.20787686111102 36.80194088888891, 122.24532669444399 36.7595646111111, 122.23674363888897 36.7529458333333, 122.25573366666701 36.7354076111111, 122.12860127777799 36.6656800555556, 122.13781755555598 36.803057666666696, 122.20787686111102 36.80194088888891))",7097879e-e50c-4a26-83cd-3ea2c976de25,POINT (122.16155383142691 36.70054383333335),1d053059-4853-4cb3-9c11-ef425aaa7f34,2025-10-23 09:18:06,2025-10-23 09:18:06
83,龙眼港2号锚地,"POLYGON ((122.66770730555596 37.64144449999999, 122.66323700000001 37.6414605555556, 122.65911980555602 37.64320211111111, 122.655994888889 37.64639886111109, 122.65459469444399 37.6494860833333, 122.6541915 37.651732916666695, 122.654548194444 37.6556798611111, 122.656550888889 37.661038444444394, 122.66033899999996 37.66486975, 122.66438750000002 37.6663917222222, 122.67077938888899 37.6656219722222, 122.67468661111097 37.6628428888889, 122.67684299999999 37.65985180555559, 122.67801780555598 37.65568061111111, 122.677841305556 37.6520311666667, 122.67601519444399 37.6475121666667, 122.67370769444402 37.6446083888889, 122.672103888889 37.64333577777781, 122.67183688888902 37.6431564722222, 122.66770730555596 37.64144449999999))",fd3649ed-e8d9-46f1-97c1-7bc9995f5bb1,POINT (122.6661564307054 37.6538555138889),1ec73c79-ca84-46d6-bb3b-266edc414897,2025-10-23 09:36:24,2025-10-23 09:46:03
84,龙眼港1号锚地,"POLYGON ((122.6243435 37.44697163888889, 122.62418255555602 37.4335123055556, 122.60095463888898 37.43325672222219, 122.60090100000001 37.44692905555559, 122.6243435 37.44697163888889))",df59c842-1790-4c4a-b3e6-23188ffc0511,POINT (122.61259504563594 37.4402206805556),1ec73c79-ca84-46d6-bb3b-266edc414897,2025-10-23 09:37:03,2025-10-23 09:37:03
86,荣成2号锚地,"POLYGON ((122.70363499999999 37.284345609999995, 122.70162180000001 37.2834298, 122.6994687 37.28292398, 122.69725829999999 37.28284756000001, 122.69615809999999 37.282971939999996, 122.69154945000001 37.283331059999995, 122.68631915 37.28444079, 122.68307366999998 37.28535843, 122.68098154999997 37.28832469, 122.67985502 37.29515304, 122.68138388 37.30033791, 122.68284573999999 37.3019402, 122.68477693 37.30392439, 122.68896117999999 37.305631180000006, 122.69454059999998 37.30723519, 122.6967592 37.30768687, 122.7003193 37.30749777, 122.7039546 37.30609279, 122.70688309999998 37.30372292999999, 122.7092682 37.299956, 122.7101588 37.29565929, 122.70953160000002 37.29114224, 122.70716879999998 37.287241640000005, 122.7054311 37.285636270000005, 122.70363499999999 37.284345609999995))",3c92658e-a235-4b70-bc05-cdcc98acc4e6,POINT (122.69502665600422 37.295406165),5a1d4c4e-9f86-4cef-986a-563745977c64,2025-10-23 09:44:29,2025-10-23 09:44:29
87,石岛锚地,"POLYGON ((122.47736789999999 36.616305839999995, 122.4737255 36.61874413, 122.36084159999997 36.74852753, 122.3590445 36.75260299000001, 122.35897509999997 36.75705653, 122.36064439999998 36.76118601, 122.4093565 36.83388929, 122.41299830000001 36.83607832, 122.4464997 36.84669245, 122.57577439999999 36.88536332999999, 122.5802072 36.885497449999995, 122.58974900000001 36.87908153000001, 122.64035039999997 36.78054046999999, 122.64071209999997 36.769927980000006, 122.61300450000002 36.72265052, 122.4833298 36.61544949999999, 122.4816666 36.61544949999999, 122.47736789999999 36.616305839999995))",fab647db-92bb-4146-9d26-8cfac535228b,POINT (122.49465368197917 36.75056526),a7c7c56e-5487-4e4c-b28e-10619e6233e4,2025-10-23 10:00:24,2025-10-23 10:00:24
88,乳山1号锚地,"POLYGON ((121.48955999999997 36.69915999999999, 121.48749999999997 36.68264, 121.46841309999998 36.67764747999999, 121.4481356 36.67842189, 121.43855779999998 36.68927900999999, 121.44520968 36.733358380000006, 121.46602362 36.73314342, 121.48675940999999 36.71816456, 121.48955999999997 36.69915999999999))",bed4d5cf-d5ef-424f-84f7-0e7c92f6ee82,POINT (121.46482128685616 36.70866228),2d4da246-3ad1-4aea-b186-a83dfc9d9800,2025-10-23 10:16:04,2025-10-23 10:16:04
89,乳山2号锚地,"POLYGON ((121.52973 36.641329999999996, 121.56166059999998 36.64180193999999, 121.57230000000001 36.60661, 121.55897839 36.584188690000005, 121.53866 36.56911999999999, 121.51440652 36.55762102999999, 121.48211272 36.56994382, 121.48167 36.61487999999999, 121.50093539000001 36.642146280000006, 121.52973 36.641329999999996))",535bae90-25f3-4d25-9fff-71d6663d12dd,POINT (121.52375056110418 36.595399345000004),2d4da246-3ad1-4aea-b186-a83dfc9d9800,2025-10-23 10:16:39,2025-10-23 10:16:39
90,海阳锚地,"POLYGON ((121.26236186111099 36.6580009722222, 121.26536591666698 36.583774472222196, 121.285321555556 36.583602166666694, 121.28579544444399 36.488073055555596, 121.17417083333301 36.4892951666667, 121.175123638889 36.65901288888891, 121.26236186111099 36.6580009722222))",56278cfc-ce78-4326-b756-a5024345feff,POINT (121.22999551234273 36.5364486666667),72afe7d0-5b5f-44a7-9a78-b66514fa53f6,2025-10-23 11:03:09,2025-10-23 11:03:09
91,青岛3号锚地,"POLYGON ((121.26079088 36.34165235, 121.25885969 36.24895446, 121.1592961 36.22230075000001, 121.0714328 36.19974269, 121.01499912000001 36.183291200000006, 121.00298281999999 36.276758949999994, 121.04278094000001 36.28597764999999, 121.15135675999997 36.31295545, 121.26079088 36.34165235))",3138ab8f-865c-4891-8252-0c526dd4f37a,POINT (121.13195971155798 36.262856705),4e0346c3-04a5-4e62-a2f7-587f4f192a79,2025-10-23 11:17:13,2025-10-23 11:32:27
92,青岛1号锚地,"POLYGON ((120.42644343999999 35.99642917, 120.49319448 35.984238510000004, 120.47786987 35.929701109999996, 120.43899999999998 35.9011, 120.38817999999999 35.89331000000001, 120.34697999999999 35.930009999999996, 120.33324999999999 35.99336999999999, 120.38406000000002 36.00559, 120.42644343999999 35.99642917))",c776ae27-c671-4667-8018-37447666779b,POINT (120.41333998089233 35.957124255),4e0346c3-04a5-4e62-a2f7-587f4f192a79,2025-10-23 11:31:20,2025-10-23 11:31:20
93,青岛2号锚地,"POLYGON ((120.95181824999999 35.92194927999999, 121.02949502000001 35.91326040999999, 121.06000913 35.849082329999995, 121.10056413 35.7599813, 121.10764516000002 35.688692890000006, 121.01303 35.68052999999999, 120.87997926 35.66202376, 120.84324809000002 35.74110144, 120.76748255 35.89542633999999, 120.86472 35.88329999999999, 120.95181824999999 35.92194927999999))",c8e97ee2-18b5-4d39-ab37-1a552f8738a2,POINT (120.94619684411346 35.804531815),4e0346c3-04a5-4e62-a2f7-587f4f192a79,2025-10-23 11:32:20,2025-10-23 11:32:20
94,董家口锚地,"POLYGON ((120.07782000000002 35.5229, 120.19043 35.48936, 120.34697999999999 35.44239, 120.50903 35.38643, 120.62987999999999 35.3125, 120.63537999999998 35.19138, 120.51726999999998 35.03636, 120.29205000000002 34.95085999999999, 120.10802999999999 34.930589999999995, 120.02014000000001 35.05884, 119.9762 35.236259999999994, 119.92126000000002 35.35282999999999, 119.81415 35.40881000000001, 119.81857446 35.53681465, 119.88006999999999 35.55642, 119.97894 35.56089, 120.07782000000002 35.5229))",4012bbab-caa3-45af-b5a2-4032b1488773,POINT (120.29492243588365 35.274379999999994),901db4d4-99b4-467e-a9b4-f1c3aac7107d,2025-10-23 11:58:00,2025-10-23 11:58:00
95,日照锚地,"POLYGON ((119.68781 35.393339999999995, 119.72487999999998 35.3799, 119.78040093 35.35314285999999, 119.82813198000001 35.33351173, 119.90594174999998 35.30263148, 119.87976339 35.25542585000001, 119.86896910999998 35.211606239999995, 119.84312300999997 35.12429097, 119.76287131999997 35.13903193, 119.68712574 35.17218935, 119.54250102999997 35.222338349999994, 119.58069 35.29811999999999, 119.61204392999997 35.363569219999995, 119.63974 35.389979999999994, 119.68781 35.393339999999995))",bea662a3-949e-4fa4-b6fa-1ee3bc2cece2,POINT (119.73076705201169 35.276772925),bedfd077-e582-4f9e-b7c7-d05fd887830f,2025-10-23 14:05:02,2025-10-23 14:05:02
96,岚山锚地,"POLYGON ((119.55322000000001 35.15789999999999, 119.67555084999998 35.157532429999996, 119.73064013999999 35.1373481, 119.77843999999997 35.11297999999999, 119.77527209000002 35.00598673999999, 119.64674064000002 34.99948343, 119.47907649 34.992441359999994, 119.43200173 34.99593189000001, 119.39294876000001 35.03617554, 119.49005 35.13544, 119.50652999999998 35.15789999999999, 119.55322000000001 35.15789999999999))",57b8ea0d-a9e2-4bea-a182-ea170093b064,POINT (119.6039085386209 35.07457777),c1b8f7e0-3f19-4586-9b5c-163687eaf1ba,2025-10-23 14:20:13,2025-10-23 14:20:13
97,连云港锚地,"POLYGON ((119.62326 34.86995999999999, 119.69604 34.90489, 119.7988445 34.938878519999996, 119.87244431 34.94468308, 119.93361999999999 34.92289999999999, 120.05383930999999 34.95621613, 120.08817159 34.915757209999995, 119.99912225 34.884607839999994, 120.03474198999999 34.84094367, 119.88503790999997 34.75658638, 119.75198397000001 34.678703340000006, 119.6654131 34.74816959000001, 119.65339680999999 34.779546849999996, 119.59138413 34.77461189, 119.56091423999999 34.82623807, 119.57244999999999 34.83503, 119.62326 34.86995999999999))",d8785f46-5ffd-4d15-bf4c-7d889fc66b91,POINT (119.77095377327589 34.802892459999995),8af0eeaf-bc33-459b-b7b8-17b7c8e16fb7,2025-10-23 14:30:53,2025-10-23 14:42:50
98,陈家港锚地,"POLYGON ((119.98032 34.74141999999999, 120.03113 34.71206999999999, 120.0531 34.62848999999999, 120.00361267999999 34.57846411, 119.91714 34.54822, 119.85534999999999 34.56405999999999, 119.82924999999999 34.5878, 119.84848 34.62848999999999, 119.86771 34.67707, 119.89243000000002 34.72109999999999, 119.98032 34.74141999999999))",aeff3472-23f3-48a2-8c5d-dab77070b96a,POINT (119.95240504187603 34.65277999999999),1ed4176e-9813-4cc3-8ea5-bccffc768ed2,2025-10-23 14:55:55,2025-10-23 14:55:55
99,射阳锚地,"POLYGON ((120.56314952777801 33.8990318333333, 120.631492222222 33.898675638888896, 120.76511319444398 33.941681138888896, 120.83892758333302 33.941681138888896, 120.83613808333298 33.8494198611111, 120.63192136111101 33.853247, 120.55939441666702 33.8530688055556, 120.55786999999998 33.86831999999998, 120.55099999999997 33.8793, 120.53718575 33.899477083333295, 120.56314952777801 33.8990318333333))",afe5d39d-534d-4c50-9d67-35fd134e2a9b,POINT (120.69085082087801 33.88898781944445),8dd6ea4d-d74d-47f9-b073-1c0c5a6d41cf,2025-10-23 15:25:37,2025-10-23 15:27:26
101,滨海锚地,"POLYGON ((120.4253831 34.23411315, 120.35461480000001 34.255194460000006, 120.3164525 34.2715753, 120.3137807 34.27479823000001, 120.3125241 34.27879156, 120.311668 34.341751429999995, 120.31264880000002 34.34570947, 120.31858849999998 34.35561369, 120.3222422 34.35826725999999, 120.4367097 34.39787963, 120.466774 34.40269585, 120.47157210000002 34.40221339, 120.47535540000001 34.40015505, 120.47999920000001 34.39526668, 120.49793650000001 34.36268360999999, 120.4987523 34.35872453000001, 120.49837669999998 34.355708379999996, 120.4799708 34.289840559999995, 120.436354 34.23816748999999, 120.4296254 34.23455197, 120.4253831 34.23411315))",b94dd9ad-90b3-4a4e-b762-ca96e6e3d951,POINT (120.39962231842611 34.315795994999995),585c21fa-277a-44c7-adcc-b9e6196b340c,2025-10-23 15:37:52,2025-10-23 15:37:52
102,大丰1号锚地,"POLYGON ((120.90865999999998 33.673869999999994, 120.92874962999997 33.60830975, 120.95321137000002 33.51837264000001, 120.90042 33.48509000000001, 120.82901 33.50227, 120.78918 33.600699999999996, 120.83038000000002 33.673869999999994, 120.90865999999998 33.673869999999994))",a4e9a156-7163-495b-a88a-d409b62f08e8,POINT (120.8739261929821 33.55953632000001),a2405236-c6ad-4306-b914-864a1a1e4a1e,2025-10-23 15:50:47,2025-10-23 15:50:47
103,大丰2号锚地,"POLYGON ((120.91207316999997 33.37586467, 120.93100451 33.32098855, 120.96696545 33.21394509, 120.94293286 33.18395986, 120.87405372999997 33.16222762000001, 120.85995604 33.210731599999995, 120.88607003 33.21933056999999, 120.84912394999999 33.31548761, 120.84000000000002 33.37048, 120.87295999999999 33.38654, 120.91207316999997 33.37586467))",73fc0a7f-bebe-4401-a9db-029da800c032,POINT (120.90830068211305 33.267409089999994),a2405236-c6ad-4306-b914-864a1a1e4a1e,2025-10-23 15:52:12,2025-10-23 15:52:12
104,洋口锚地,"POLYGON ((121.67160861000002 32.451220629999995, 121.70272223000002 32.44814238, 121.73287025999997 32.438725919999996, 121.75572806000001 32.422087680000004, 121.75669365999997 32.39536723, 121.72932974 32.38057556999999, 121.69800154000002 32.38555876, 121.66774622 32.39778908, 121.64092413000002 32.41355015, 121.62965886000002 32.42903679, 121.64596669000001 32.4514017, 121.67160861000002 32.451220629999995))",3fca3455-ad4d-44d2-9f38-185629d7d485,POINT (121.69685063589617 32.417818915),7238f004-6d50-4183-9500-6952b36d776c,2025-10-23 16:06:37,2025-10-23 16:06:37
106,吕四锚地,"POLYGON ((122.11372000000001 31.93924, 122.47289185000001 31.98371178, 122.49155040999997 31.83208212, 122.30251205999998 31.82750663, 122.24564923000001 31.81437916000001, 122.19365909999999 31.792641, 122.13365298 31.771166289999993, 122.0403579 31.843592880000006, 121.93626076 31.94787332, 122.00428157999997 31.999022080000003, 122.11372000000001 31.93924))",5643481a-9ad6-4df3-8050-535e68244d52,POINT (122.23843375837228 31.891416440000004),f926321d-7524-4731-9f52-8538fa2c8f5a,2025-10-23 16:25:56,2025-10-23 16:25:56
107,上海南港1号锚地,"MULTIPOLYGON (((121.75710709999997 30.484912289999986, 121.80129999999998 30.48857, 121.80287417649292 30.48790265982844, 121.72491612976356 30.480967792405536, 121.75710709999997 30.484912289999986)), ((121.82292999999999 30.4794, 121.82877 30.467560000000002, 121.82981559999998 30.445175250000002, 121.82868136137677 30.440030921233028, 121.81708999999998 30.468100000000007, 121.81095163395953 30.484478313706177, 121.82292999999999 30.4794)))",0e60763f-05cc-4e19-bb3e-ba5459dbd016,POINT (121.8256138913037 30.456367625000002),9db00cdd-2fde-47f8-90f1-9b36b55cdc58,2025-10-23 16:41:24,2025-10-23 16:41:24
108,上海南港2号锚地,"POLYGON ((122.13160447 30.518957420000003, 122.19104221999999 30.414461370000005, 122.05285482000001 30.40169222, 121.95329122 30.407059170000004, 121.96187429 30.502504419999987, 122.13160447 30.518957420000003))",8f0ed608-345f-4587-ac31-52dcfb1182af,POINT (122.06195909594886 30.458482894999996),9db00cdd-2fde-47f8-90f1-9b36b55cdc58,2025-10-23 16:42:48,2025-10-23 16:42:48
111,乍浦1号锚地,"POLYGON ((121.27027980000001 30.63658584, 121.3330009 30.567324729999992, 121.26648212 30.54844068, 121.18150973 30.54289672, 121.12325909000002 30.543533010000004, 121.11177923999999 30.56284298, 121.16558381000002 30.591574069999997, 121.16998262999999 30.611797839999998, 121.23751792000002 30.643540690000002, 121.27027980000001 30.63658584))",25bbd9d6-cbee-446f-a976-43e94621748d,POINT (121.23483373419965 30.601685954999997),50201deb-f665-4d37-b618-a9fa45919a07,2025-10-23 16:59:15,2025-10-23 16:59:15
112,乍浦2号锚地,"POLYGON ((121.709670694444 30.479611555555596, 121.809448888889 30.488487500000005, 121.81708999999998 30.468100000000007, 121.83151 30.43318, 121.81595502777802 30.393672750000004, 121.61544888888899 30.40083266666671, 121.55450911111102 30.445425249999992, 121.56028999999997 30.49414, 121.57661050000002 30.5077466666667, 121.709670694444 30.479611555555596))",f4c64252-9e4c-475a-8412-6fd6961c5bb3,POINT (121.6888130979346 30.456762625),50201deb-f665-4d37-b618-a9fa45919a07,2025-10-23 17:00:34,2025-10-23 17:01:19
113,宁德3号锚地,"POLYGON ((120.48328000000001 27.135789999999997, 120.50121699999998 27.1348897, 120.52170908000001 27.13040206000001, 120.54099953 27.12251485, 120.5492 27.11043, 120.53885376000001 27.09415065, 120.50786887999996 27.084465059999996, 120.47278559 27.093348319999997, 120.43716585000001 27.108056689999998, 120.44657137 27.143389629999998, 120.46028 27.145259999999993, 120.48328000000001 27.135789999999997))",3fc60453-ae5a-4f6d-8ccd-f26b756a862e,POINT (120.49225292889179 27.116472425),95bd81b0-6088-433b-9bab-7232f3f40d1e,2025-10-23 17:12:42,2025-10-23 17:12:42
114,苍南2号锚地,"POLYGON ((120.95913 27.44786, 121.07311000000001 27.410679999999996, 121.14966069999998 27.38086577, 121.10674535 27.323308489999995, 121.04859505999998 27.328836810000002, 120.98014509 27.3772455, 120.91748868999997 27.38829648, 120.89088117 27.407156819999997, 120.92136000000002 27.439329999999998, 120.95913 27.44786))",b86dcb2c-c07d-4f55-8ca6-7285e9c5b350,POINT (121.03933752684819 27.384581125),f1feda11-e374-4caf-b4e2-2884423c7b51,2025-10-23 17:27:00,2025-10-23 17:27:00
115,苍南1号锚地,"POLYGON ((120.82085638 27.469097720000004, 120.80388239 27.431113899999993, 120.76688820999999 27.38374827, 120.73038987000001 27.418733899999992, 120.70764474 27.459773040000005, 120.74661284 27.497366309999993, 120.82085638 27.469097720000004))",319a7103-7ae6-4346-b14c-c59ffc11275b,POINT (120.76293626280966 27.44544347),f1feda11-e374-4caf-b4e2-2884423c7b51,2025-10-23 17:28:34,2025-10-23 17:28:34
117,温州2号锚地,"POLYGON ((121.19009666999999 27.967049330000002, 121.22131758 27.96392224, 121.21902000000001 27.943960000000004, 121.20361500000001 27.924020189999997, 121.1594122 27.909799750000005, 121.11464999999997 27.92091, 121.10709999999999 27.94639, 121.13525 27.954879999999996, 121.16615000000002 27.96276, 121.19009666999999 27.967049330000002))",b4cdadab-b076-495a-b564-85bbb22260f2,POINT (121.16104586308379 27.933990095),88121609-71c6-4652-b18d-8046dd3b127c,2025-10-23 17:34:47,2025-10-23 17:34:47
118,温州1号锚地,"POLYGON ((121.34731843000002 27.95950737, 121.43462999999998 27.959019999999995, 121.52664 27.95417, 121.57196 27.91292, 121.54724 27.8583, 121.51565999999997 27.790279999999996, 121.47102 27.746539999999992, 121.41335 27.73195, 121.34056000000001 27.74045999999999, 121.2777302 27.788420399999993, 121.24447080999998 27.828087780000008, 121.21284 27.887429999999995, 121.22543885999997 27.93346265, 121.27532999999997 27.9566, 121.34731843000002 27.95950737))",3e579988-e3d5-40d6-92c4-284771862e38,POINT (121.38832275141543 27.843193890000002),88121609-71c6-4652-b18d-8046dd3b127c,2025-10-23 17:46:38,2025-10-23 17:46:38
119,温州3号锚地,"POLYGON ((121.18375700999998 28.035240909999988, 121.18466896000001 28.04343206, 121.22066420999998 28.05555193, 121.21540708 28.03467271, 121.18375700999998 28.035240909999988))",a283691e-444e-44b5-baab-332f5cf720eb,POINT (121.21090248906552 28.049491995),88121609-71c6-4652-b18d-8046dd3b127c,2025-10-23 17:48:08,2025-10-23 17:48:08
120,台州1号锚地,"POLYGON ((121.75528433333301 28.678534222222204, 121.95776936111099 28.677158722222195, 121.99309413888899 28.726104111111084, 122.15399602777798 28.71895347222219, 122.13338369444402 28.531163694444395, 122.02030174999997 28.5347454722222, 121.91086763888897 28.60936961111109, 121.710146333333 28.624723500000005, 121.713603388889 28.68574011111111, 121.75528433333301 28.678534222222204))",32644531-285c-4a81-a091-3d4a84fcd957,POINT (121.92908128032204 28.650941111111102),86cd0af1-a74c-4ce7-8c28-07737f48d569,2025-10-24 09:18:29,2025-10-24 09:50:17
122,北仑2号锚地,"POLYGON ((122.00536061 30.008279799999993, 122.01827999999999 29.992800000000003, 122.02239999999999 29.958299999999994, 122.00128364999999 29.93866829, 121.96459103 29.96906543, 121.94484997999997 30.009394670000006, 121.97158999999998 30.02133999999999, 122.00536061 30.008279799999993))",0f48ef71-0576-4f04-9dea-605d555aa479,POINT (121.98923961092623 29.980932715),f7db258a-637c-42d4-b28b-d2e1a5d2b880,2025-10-24 09:36:59,2025-10-24 09:36:59
123,北仑3号锚地,"POLYGON ((122.21345874999997 29.942832350000003, 122.26409885999998 29.92897916, 122.29174537000002 29.92098249, 122.28607000000001 29.891650000000002, 122.24197636 29.8804906, 122.22191344000001 29.84839142, 122.20002660999997 29.84029522, 122.15698 29.909509999999994, 122.18993999999999 29.93687999999999, 122.21345874999997 29.942832350000003))",2223288a-4b71-4538-9aa5-266aa9cde50a,POINT (122.21779049292229 29.8860703),f7db258a-637c-42d4-b28b-d2e1a5d2b880,2025-10-24 09:37:59,2025-10-24 09:37:59
124,台州2号锚地,"POLYGON ((121.81480044 28.741935869999995, 121.81518592999997 28.712359819999996, 121.79410377000002 28.70892525, 121.7901341 28.700267730000004, 121.77827874 28.701914600000002, 121.78019995000001 28.74061889, 121.81480044 28.741935869999995))",c9df5477-9aa7-4f1b-ade6-55d4423c0949,POINT (121.79725017672513 28.726489355),86cd0af1-a74c-4ce7-8c28-07737f48d569,2025-10-24 09:46:11,2025-10-24 09:46:11
126,台州3号锚地,"POLYGON ((121.70071 29.07922, 121.71340999999998 29.082520000000006, 121.76800000000001 29.051920000000003, 121.78528702999998 29.04669134, 121.8092 29.0231, 121.78490129999999 29.002919909999992, 121.76697000000001 29.0204, 121.7371 29.036310000000004, 121.70723 29.05252000000001, 121.68526 29.06902, 121.69006 29.084620000000008, 121.70071 29.07922))",a076a949-2724-4adc-9989-05554855f57d,POINT (121.75904183615432 29.04150067),86cd0af1-a74c-4ce7-8c28-07737f48d569,2025-10-24 09:57:48,2025-10-24 09:57:48
127,石浦锚地,"POLYGON ((122.14738658333299 29.184866277777804, 122.13043502777799 29.142988027777804, 122.0513635 29.14420622222219, 122.07046083333302 29.184959944444405, 122.14738658333299 29.184866277777804))",b1f64b79-be8a-414f-8d9d-e1276decce47,POINT (122.10002378873162 29.164536249999998),07c7deb3-96e5-40c8-86d0-989126b1ecf1,2025-10-24 09:58:52,2025-10-24 09:58:52
128,舟山1号锚地,"POLYGON ((122.26960519444445 29.58451502777777, 122.54151680555557 29.466214777777783, 122.65138008333335 29.44588669444445, 123.02491524999999 29.42316225, 123.3476386388889 30.02898522222222, 122.90543894444446 30.099108888888892, 122.68983225000002 30.12049263888889, 122.26960519444445 29.58451502777777))",82d5be5d-70ac-4c26-b679-22eb6e065771,POINT (122.83654975554364 29.806750124999994),4083f670-b01b-4fd3-9c17-e010ffb412d8,2025-10-24 10:10:47,2025-10-24 14:18:30
133,舟山3号锚地,"POLYGON ((122.31634038999998 30.21042211, 122.38321009000002 30.22088169, 122.43095000000001 30.181139999999996, 122.37935225999999 30.139611340000002, 122.33196610999998 30.11706381, 122.22467775000001 30.129962820000003, 122.22496 30.177579999999992, 122.25822031 30.189993559999998, 122.31634038999998 30.21042211))",a842ce6c-e7ba-4f52-8663-f7bfafeb0ba6,POINT (122.31389351007758 30.158595669999997),4083f670-b01b-4fd3-9c17-e010ffb412d8,2025-10-24 14:14:48,2025-10-24 14:14:48
135,鼠浪湖1号锚地,"POLYGON ((122.70767 30.333070000000003, 122.82235322 30.333555950000004, 122.82964883 30.19585490000001, 122.645542 30.260744859999985, 122.65617 30.32567, 122.70767 30.333070000000003))",141bafa6-d20b-4c5f-9279-e557c11b9074,POINT (122.73767347282275 30.293207429999992),0b4c0a5f-485a-4960-b3b8-04b46471efd7,2025-10-24 14:32:41,2025-10-24 14:32:41
137,鼠浪湖3号锚地,"POLYGON ((122.61047717999999 30.36808513, 122.60554191000001 30.27602937, 122.48258945000002 30.31512196, 122.50597830999997 30.366974310000007, 122.61047717999999 30.36808513))",ad6ebb15-b4da-4ea1-aafa-29a282dbb422,POINT (122.5516557797491 30.341048135),0b4c0a5f-485a-4960-b3b8-04b46471efd7,2025-10-24 14:34:16,2025-10-24 14:34:16
138,洋山1号锚地,"POLYGON ((122.17990008 30.52402394, 122.20972624 30.430820019999995, 122.18267494261579 30.429178453719302, 122.13160447 30.518957420000003, 121.96810323390143 30.50310827941212, 121.96768370000001 30.50405919, 122.17990008 30.52402394))",15c43791-8879-4147-9a1f-60038a0875b7,POINT (122.17967021990174 30.466964149706058),8bd6e5b6-3acd-4583-bea6-b748c9d129d1,2025-10-24 14:42:54,2025-10-24 14:44:58
139,洋山2号锚地,"POLYGON ((122.50658969444397 30.500059111111096, 122.54703741666697 30.491738916666694, 122.547144694444 30.466034249999993, 122.47590522222198 30.467328888888893, 122.47558336111099 30.5005213333333, 122.50658969444397 30.500059111111096))",ac66da73-44b9-427a-b9bd-8a2baa91bc7a,POINT (122.51143761320051 30.479533902777796),8bd6e5b6-3acd-4583-bea6-b748c9d129d1,2025-10-24 14:45:34,2025-10-24 14:45:34
140,鼠浪湖4号锚地,"POLYGON ((122.47539088888898 30.466786888888898, 122.45511338888899 30.466555694444395, 122.45527433333298 30.478807805555586, 122.47512266666699 30.500534166666686, 122.47539088888898 30.466786888888898))",1f2db435-7064-4e8f-a032-1ff218e69cfb,POINT (122.47020375342925 30.489670986111136),0b4c0a5f-485a-4960-b3b8-04b46471efd7,2025-10-24 14:47:06,2025-10-24 14:47:06
141,长江口2号锚地,"POLYGON ((122.553896833333 31.0852828055556, 122.756028111111 31.0869366666667, 122.75549772222202 30.953761527777804, 122.55036236111101 30.910323583333312, 122.553896833333 31.0852828055556))",edd8d7ff-6bbe-4736-9fd2-a0ea5ce100aa,POINT (122.65416399024772 31.019522166666704),3a812974-4abb-4b7b-a168-b6d90ccc9bd6,2025-10-24 14:58:36,2025-10-24 14:58:36
142,长江口1号锚地,"POLYGON ((122.55358286111101 31.11942419444439, 122.5555395 31.266572972222193, 122.755525 31.266939805555594, 122.755499555556 31.1219959166667, 122.55358286111101 31.11942419444439))",5e0ae9b7-44f5-4c90-bd46-a02b0a397bea,POINT (122.65504526212219 31.19428444444445),3a812974-4abb-4b7b-a168-b6d90ccc9bd6,2025-10-24 14:59:22,2025-10-24 14:59:22
143,长江口3号锚地,"POLYGON ((122.33435772222198 31.266873583333293, 122.51417299999997 31.265956527777806, 122.51438758333299 31.1202838611111, 122.49228619444402 31.103566083333295, 122.334073 31.10386125, 122.33435772222198 31.266873583333293))",db18510a-bfa8-46e2-bb22-787f8c9e1705,POINT (122.42425459700563 31.193120194444454),3a812974-4abb-4b7b-a168-b6d90ccc9bd6,2025-10-24 15:00:17,2025-10-24 15:00:17
144,长江口4号锚地,"POLYGON ((122.331490277778 31.5889537777778, 122.86712780555601 31.58493375, 122.86624455555601 31.269417777777804, 122.335574138889 31.26953275, 122.331490277778 31.5889537777778))",f61304fd-97ae-441f-866f-21ee517c9115,POINT (122.60012212412042 31.42723325),3a812974-4abb-4b7b-a168-b6d90ccc9bd6,2025-10-24 15:01:21,2025-10-24 15:01:21
145,长江口5号锚地,"POLYGON ((122.30061661111098 30.926101638888884, 122.30061661111098 31.0296771666667, 122.495666861111 30.99087250000001, 122.514335027778 30.97817941666669, 122.51347672222201 30.925365361111105, 122.30061661111098 30.926101638888884))",23d8e050-2e9d-46ea-a9a3-c136d324225b,POINT (122.40726423445287 30.952140527777786),3a812974-4abb-4b7b-a168-b6d90ccc9bd6,2025-10-24 15:02:17,2025-10-24 15:02:17
147,马迹山3号锚地,"POLYGON ((122.41241000000001 30.64952, 122.39584891999998 30.60077586, 122.37653700999999 30.610471799999992, 122.36087291000001 30.63826142999999, 122.36709563000001 30.666504500000002, 122.41241000000001 30.64952))",6804046d-d9e3-454f-851b-0f1d8d150850,POINT (122.38628448204315 30.624366614999992),e4e727fc-2852-43c9-a0fa-d8d145c5f28f,2025-10-24 15:08:59,2025-10-24 15:10:12
148,马迹山4号锚地,"POLYGON ((122.37529959999999 30.74349904, 122.36641759999999 30.717290509999998, 122.33584042 30.72402347, 122.32015338999999 30.76511998, 122.36159999999998 30.77232, 122.37529959999999 30.74349904))",fc27e424-27e5-45ab-91d1-3750468f7451,POINT (122.3472204426158 30.75430951),e4e727fc-2852-43c9-a0fa-d8d145c5f28f,2025-10-24 15:09:52,2025-10-24 15:09:52
149,马迹山2号锚地,"POLYGON ((122.577037555556 30.583075138888905, 122.52226686111098 30.6186748055556, 122.620703916667 30.628876722222195, 122.577037555556 30.583075138888905))",7e089b9f-0f19-46ae-b4ab-07db03c5ceaf,POINT (122.57182989374438 30.60087497222225),e4e727fc-2852-43c9-a0fa-d8d145c5f28f,2025-10-24 15:10:38,2025-10-24 15:10:38
150,马迹山1号锚地,"POLYGON ((122.723695111111 30.381614055555595, 122.65416688888897 30.437598444444397, 122.688517833333 30.474592250000004, 122.74141097222201 30.46488275, 122.827992694444 30.408548500000002, 122.723695111111 30.381614055555595))",922c7c19-550e-4ca5-8424-a45922b9c037,POINT (122.73893730718953 30.4230734722222),e4e727fc-2852-43c9-a0fa-d8d145c5f28f,2025-10-24 15:11:49,2025-10-24 15:11:49
151,宁波锚地,"POLYGON ((121.87326410999998 30.170555809999996, 121.73400381000002 30.11340258, 121.60718896999998 30.33940918, 121.75935019999999 30.374772079999985, 121.87326410999998 30.170555809999996))",5e3da83f-277e-46e4-af8a-95a1119fac40,POINT (121.74036588900336 30.254982495),e86dff3d-0099-4f8f-8d65-e7bfe2567db2,2025-10-24 15:44:37,2025-10-24 15:44:37
153,宁波3号锚地,"POLYGON ((121.91503816 29.980372010000007, 121.9261425 29.972007710000003, 121.9169157 29.959134590000005, 121.90121 29.96320999999999, 121.90533 29.97362, 121.91503816 29.980372010000007))",2b2f158f-b632-4802-a91e-e35d924f28fe,POINT (121.91297028650465 29.967608854999995),e86dff3d-0099-4f8f-8d65-e7bfe2567db2,2025-10-24 15:47:26,2025-10-24 15:47:26
154,宁波4号锚地,"POLYGON ((121.83541833000001 30.03489708000001, 121.83740317 30.005867279999993, 121.83107315 29.99690116, 121.81272685 29.99643658, 121.81111752 30.033828940000003, 121.83541833000001 30.03489708000001))",60088a9b-4625-4441-9c74-d531b1c91c28,POINT (121.82408325336246 30.019848109999998),e86dff3d-0099-4f8f-8d65-e7bfe2567db2,2025-10-24 15:48:21,2025-10-24 15:48:21
159,蛇口2号锚地,"POLYGON ((113.94272804 22.041694760000002, 113.96461486999999 22.00310416, 113.89240979999998 21.95942841, 113.86354922999999 22.001711510000003, 113.94272804 22.041694760000002))",c0418b65-ed5e-4704-b364-928a3c287d6d,POINT (113.9026703402033 21.980569960000004),ea07e08f-6fe8-44fb-9708-82b897f5a779,2025-10-24 16:43:49,2025-10-24 16:43:49
161,东莞2号锚地,"POLYGON ((113.56660493999999 22.915308949999996, 113.56861659999998 22.908020689999997, 113.5706298 22.898301419999996, 113.5695301 22.89120991, 113.56609687 22.891901780000005, 113.5613 22.902649999999998, 113.55829 22.91024000000001, 113.5556899 22.91613748, 113.55359623 22.92170747999999, 113.55890699999999 22.923584989999995, 113.56660493999999 22.915308949999996))",438d0a03-7dbe-43b3-9fcd-34d20c3c408f,POINT (113.56470394473646 22.905335344999997),0e07092d-d78a-447e-a652-23ceecf1c230,2025-10-24 17:28:30,2025-10-24 17:28:30
163,广州1号锚地,"POLYGON ((113.63810999999998 22.782139999999995, 113.64920843999998 22.770063139999998, 113.65505565999999 22.75725151, 113.65564574 22.74963321, 113.6515 22.735919999999993, 113.64086 22.733700000000002, 113.63124999999998 22.747319999999995, 113.62128999999999 22.76251, 113.61122835999998 22.777235149999996, 113.61401785999999 22.789748179999997, 113.62410296999998 22.794199170000002, 113.63810999999998 22.782139999999995))",88b82101-25f8-4fb1-823f-676e0f1dd914,POINT (113.6348207740167 22.76628657),83ad0cad-e171-4e95-8e50-c5e81b596fcd,2025-10-24 17:56:20,2025-10-24 17:56:20
164,广州2号锚地,"POLYGON ((113.68 22.727690000000003, 113.68725863 22.725085619999998, 113.71118393 22.686634469999998, 113.68505920999999 22.67723034999999, 113.66832999999998 22.71977, 113.67278999999999 22.730219999999996, 113.68 22.727690000000003))",acfc173c-2ff9-4527-b68d-fb106214378a,POINT (113.68786025178674 22.703202235),83ad0cad-e171-4e95-8e50-c5e81b596fcd,2025-10-24 17:56:52,2025-10-24 17:56:52
165,水东1号锚地,"POLYGON ((111.22154127999998 21.371721449999995, 111.24621759999998 21.363428629999998, 111.26027238 21.34834047, 111.26274000999999 21.324056269999996, 111.25759017 21.307864569999996, 111.23988758999998 21.293370489999994, 111.21810805 21.287272550000004, 111.19611393999999 21.292570770000005, 111.18087898999998 21.304266170000002, 111.17369066999998 21.321757559999998, 111.17411982 21.341145570000002, 111.19278799999998 21.365726690000002, 111.22154127999998 21.371721449999995))",c8a4b5b4-2335-4409-9bc9-8b3bbeecdf86,POINT (111.21790121715522 21.332600919999997),492db0ef-c198-445a-8f95-be5bdd7eb512,2025-10-27 11:30:22,2025-10-27 11:30:22
166,水东2号锚地,"POLYGON ((111.40162184999998 21.28266982, 111.43316462999998 21.14364403, 111.29759946 21.1007551, 111.16971173 21.101555850000004, 111.17395595 21.178262689999997, 111.17867663999999 21.2816701, 111.40162184999998 21.28266982))",4300ad1d-fc7e-4105-a223-589471e6d604,POINT (111.2949478644206 21.229966394999998),492db0ef-c198-445a-8f95-be5bdd7eb512,2025-10-27 11:31:26,2025-10-27 11:31:26
167,水东3号锚地,"POLYGON ((111.185211888889 21.3579938055556, 110.99767183333299 21.357394277777797, 110.979325527778 21.39456, 111.062838805556 21.4235134166667, 111.15345452777798 21.4319160277778, 111.185211888889 21.3579938055556))",aa89433b-cb2d-4b42-9f42-1bda646d132c,POINT (111.09218288298541 21.40903670833335),492db0ef-c198-445a-8f95-be5bdd7eb512,2025-10-27 11:32:04,2025-10-27 11:32:04
168,北海锚地,"POLYGON ((109.06422300999999 21.10539579999999, 108.92504335 21.09231049, 108.95174188999998 21.38730436, 109.03242273999999 21.387104559999997, 109.06422300999999 21.10539579999999))",0b2769e4-fe09-44c1-be95-cd9aea9311ca,POINT (108.9936492995788 21.246250179999993),5d5c8646-62bd-4c9e-a9d6-d006d5dc4c94,2025-10-27 13:36:23,2025-10-27 13:36:23
169,汕尾海丰华润电厂锚地,"POLYGON ((115.15589058999998 22.63487912, 115.24070839000001 22.661086309999998, 115.29863961 22.53782516, 115.15036709000002 22.503137769999995, 115.08570704999998 22.65603459, 115.12132678999998 22.672073159999997, 115.15589058999998 22.63487912))",3a452d96-f48d-4116-b81e-16aff162ff9c,POINT (115.19550413731974 22.586352140000002),0dadff92-c9e8-4adf-9a30-16c421fc3cff,2025-10-27 13:52:54,2025-10-27 13:52:54
170,汕头2号锚地,"POLYGON ((117.02555666666697 23.3459854722222, 116.99651372222202 23.325977694444397, 116.97474408333301 23.355001277777802, 117.005911361111 23.372680472222203, 117.02555666666697 23.3459854722222))",dcaa7ba9-a5b8-4ecf-848f-ed1ed183088a,POINT (117.00018226883614 23.350493375),1274ac71-c72d-49ed-8bf7-2ea3f9f2a939,2025-10-27 13:55:50,2025-10-27 13:55:50
171,靖海锚地,"POLYGON ((116.56005087999999 22.973718110000004, 116.58872527000001 22.936568879999996, 116.54994052999999 22.91616395, 116.53392616999997 22.964877129999998, 116.56005087999999 22.973718110000004))",dd8d6209-035c-4b31-9488-8b9f5b12715c,POINT (116.55818971520188 22.950723004999997),76d996aa-3c28-4818-8df8-8e6954cd892c,2025-10-27 14:07:02,2025-10-27 14:07:02
172,阳江2号锚地,"POLYGON ((112.16594699999999 21.733509999999992, 112.18879913999999 21.719058669999995, 112.22270226 21.662733019999997, 112.22248768999998 21.61456463, 112.17817759999998 21.597307859999997, 112.150154 21.622165, 112.12968326 21.647277009999996, 112.11080049999998 21.65505508, 112.09417080999998 21.67070968, 112.08118892 21.70789497999999, 112.12577799999998 21.734147999999998, 112.16594699999999 21.733509999999992))",4bd2cba6-67ee-49c7-a129-87b120626284,POINT (112.15935459897975 21.66672135),c4e064d9-b8bd-413c-9142-dfcfee53f8ed,2025-10-27 14:13:50,2025-10-27 14:13:50
173,香港南丫电厂锚地,"POLYGON ((114.098070361111 22.1774950277778, 114.17907266666698 22.176936805555595, 114.18003825 22.15075525, 114.16491058333298 22.1556243055556, 114.11754277777798 22.1564192222222, 114.10032299999999 22.165113472222195, 114.098070361111 22.1774950277778))",34eaeb17-354a-4e06-b9a3-856c5d2ff0bb,POINT (114.14430096336557 22.1607663472222),b1f181e7-132e-4711-9df5-0dcc5b1aec17,2025-10-27 14:22:40,2025-10-27 14:22:40
175,揭阳2号锚地,"POLYGON ((116.35983016 22.88032068, 116.36034551000002 22.86017472, 116.33057299 22.852661040000005, 116.32860924 22.87775064, 116.35983016 22.88032068))",3f3ca187-9b8a-45d1-af30-f283d515d2d6,POINT (116.34470888796632 22.86896268),62bd80bb-a41f-4914-a9db-d452f310b04f,2025-10-27 14:44:31,2025-10-27 14:44:31
176,长江口6号锚地,"POLYGON ((122.86882660000002 31.346424929999994, 123.004303 31.380605999999993, 123.49182099999997 31.036462000000007, 123.15811200000002 30.906937999999997, 122.86814009 31.269573229999985, 122.86882660000002 31.346424929999994))",916433a2-cf5d-4676-83a9-5fbf9053e37b,POINT (123.14402393753508 31.153017614999996),3a812974-4abb-4b7b-a168-b6d90ccc9bd6,2026-03-04 10:58:47,2026-03-04 10:59:24
177,鼠浪湖4号锚地,"POLYGON ((122.57103505555557 30.422294833333332, 122.57103505555557 30.39979222222222, 122.51610341666668 30.399644166666665, 122.51558841666667 30.42244286111111, 122.57103505555557 30.422294833333332))",8c7165ea-9761-41d3-a831-fe8dbebacad3,POINT (122.54344048595425 30.411043527777778),0b4c0a5f-485a-4960-b3b8-04b46471efd7,2026-03-09 15:09:54,2026-03-09 15:09:54
178,鼠浪湖5号锚地,"POLYGON ((122.43492647222223 30.404918305555555, 122.44488283333335 30.354567388888896, 122.32197330555552 30.352197277777787, 122.32094333333333 30.40699102777778, 122.43492647222223 30.404918305555555))",3cf60ffe-64ec-4205-b75a-8e3808470d5d,POINT (122.38068008858724 30.379742847222225),0b4c0a5f-485a-4960-b3b8-04b46471efd7,2026-03-09 15:11:10,2026-03-09 15:11:10
180,广州锚地,"POLYGON ((113.92507891666668 22.109938916666668, 113.92610888888888 22.054901027777778, 113.8509212222222 22.046945805555556, 113.85538441666667 22.10580386111111, 113.92507891666668 22.109938916666668))",315435f5-d1e2-475f-92fc-3515d10a2e72,POINT (113.88954351756313 22.080352444444443),83ad0cad-e171-4e95-8e50-c5e81b596fcd,2026-03-20 11:47:00,2026-03-20 11:47:00
181,宁波锚地,"POLYGON ((121.88440461111112 29.681965111111115, 121.96371216666668 29.669735111111113, 121.97710177777779 29.66227705555554, 121.97607180555555 29.648552805555553, 121.9455160833333 29.650044666666666, 121.85281891666665 29.63781080555556, 121.82226319444446 29.638109194444443, 121.81299349999998 29.644972277777775, 121.81402344444443 29.65422174999999, 121.82844300000001 29.669735111111113, 121.88440461111112 29.681965111111115))",6fbe6b81-9cec-4bdb-b865-5c6505004d09,POINT (121.89728331512691 29.658249402777763),e86dff3d-0099-4f8f-8d65-e7bfe2567db2,2026-03-23 09:47:28,2026-03-23 09:47:28
