terminal_id,lat,lon,berth_count,dwell_minutes,center_method,polygon
0,36.02856796969697,120.22749515151516,9,56625.850000000006,duration_weighted_berth_medoid,"POLYGON ((120.23611 36.014158, 120.23611 36.032692, 120.205207 36.032692, 120.205207 36.014158, 120.23611 36.014158))"
1,29.96974581818182,121.73142313636363,5,288044.05,duration_weighted_berth_medoid,"POLYGON ((121.74457 29.961105, 121.74457 29.977881, 121.721108 29.977881, 121.721108 29.961105, 121.74457 29.961105))"
2,34.4283146,119.7939092,2,31355.166666666668,duration_weighted_berth_medoid,"POLYGON ((119.80061 34.424167, 119.80061 34.436664, 119.789516 34.436664, 119.789516 34.424167, 119.80061 34.424167))"
3,39.20837098148149,118.99111805555556,12,360005.01666666666,duration_weighted_berth_medoid,"POLYGON ((119.002105 39.1951, 119.002105 39.219761, 118.974092 39.219761, 118.974092 39.1951, 119.002105 39.1951))"
4,39.21045625,119.00892791666666,8,372588.26666666666,duration_weighted_berth_medoid,"POLYGON ((119.024866 39.197501, 119.024866 39.215011, 119.002105 39.215011, 119.002105 39.197501, 119.024866 39.197501))"
5,34.475525634920636,119.78628074603174,1,62845.450000000004,duration_weighted_berth_medoid,"POLYGON ((119.779424 34.469165, 119.79378 34.469165, 119.79378 34.48234, 119.779424 34.48234, 119.779424 34.469165))"
6,34.442998,119.79618388235295,2,42015.816666666666,duration_weighted_berth_medoid,"POLYGON ((119.801293 34.436664, 119.801293 34.449827, 119.790611 34.449827, 119.790611 34.436664, 119.801293 34.436664))"
7,34.590170729166665,119.60588560416666,3,29343.016666666663,duration_weighted_berth_medoid,"POLYGON ((119.600866 34.583567, 119.617002 34.583567, 119.617002 34.594344, 119.600866 34.594344, 119.600866 34.583567))"
8,38.947784999999996,118.45825825,7,131846.51666666666,duration_weighted_berth_medoid,"POLYGON ((118.469045 38.94051, 118.469045 38.959405, 118.450377 38.959405, 118.450377 38.94051, 118.469045 38.94051))"
9,38.96871393442623,118.45514906557376,6,144761.45,duration_weighted_berth_medoid,"POLYGON ((118.460223 38.959405, 118.460223 38.975106, 118.450019 38.975106, 118.450019 38.959405, 118.460223 38.959405))"
10,38.9963995,118.45519483333334,4,47813.733333333344,duration_weighted_berth_medoid,"POLYGON ((118.460296 38.987314, 118.460296 39.008415, 118.44981 39.008415, 118.44981 38.987314, 118.460296 38.987314))"
11,38.97720117857143,118.45511096428572,5,122197.11666666667,duration_weighted_berth_medoid,"POLYGON ((118.460337 38.975106, 118.460337 38.987314, 118.45005 38.987314, 118.45005 38.975106, 118.460337 38.975106))"
12,39.576325,121.262405,2,205416.55,duration_weighted_berth_medoid,"POLYGON ((121.253157 39.57125, 121.269536 39.57125, 121.269536 39.583711, 121.253157 39.583711, 121.253157 39.57125))"
13,39.58503143478261,121.28841873913044,2,191042.55000000002,duration_weighted_berth_medoid,"POLYGON ((121.296517 39.581058, 121.296517 39.594231, 121.282172 39.594231, 121.282172 39.581058, 121.296517 39.581058))"
14,39.214932000000005,119.03197606896552,4,56414.91666666666,duration_weighted_berth_medoid,"POLYGON ((119.041913 39.20973, 119.041913 39.221413, 119.024866 39.221413, 119.024866 39.20973, 119.041913 39.20973))"
15,39.92469474647887,119.67636757746479,11,170443.73333333334,duration_weighted_berth_medoid,"POLYGON ((119.660632 39.909987, 119.682639 39.909987, 119.682639 39.937083, 119.660632 39.937083, 119.660632 39.909987))"
16,38.94346063414634,118.4467070487805,1,44827.4,duration_weighted_berth_medoid,"POLYGON ((118.450377 38.938177, 118.450377 38.948744, 118.438771 38.948744, 118.438771 38.938177, 118.450377 38.938177))"
17,38.97226310810811,117.76098777027026,10,124744.58333333333,duration_weighted_berth_medoid,"POLYGON ((117.777681 38.965971, 117.777681 38.986463, 117.74754 38.986463, 117.74754 38.965971, 117.777681 38.965971))"
18,38.973708499999994,117.7859677962963,7,57026.46666666667,duration_weighted_berth_medoid,"POLYGON ((117.794058 38.963283, 117.794058 38.980318, 117.777681 38.980318, 117.777681 38.963283, 117.794058 38.963283))"
19,38.9839079375,117.78047471875,4,20215.350000000002,duration_weighted_berth_medoid,"POLYGON ((117.789242 38.980318, 117.789242 38.990281, 117.777811 38.990281, 117.777811 38.980318, 117.789242 38.980318))"
20,40.2523666375,122.08205977499999,1,241000.5,duration_weighted_berth_medoid,"POLYGON ((122.092801 40.243145, 122.092801 40.265089, 122.076876 40.265089, 122.076876 40.243145, 122.092801 40.243145))"
21,38.96738914423077,118.47184888461538,1,281037.7666666667,duration_weighted_berth_medoid,"POLYGON ((118.482147 38.96055, 118.482147 38.971551, 118.464406 38.971551, 118.464406 38.96055, 118.482147 38.96055))"
22,29.97054466292135,122.15078051685393,1,67108.95000000001,duration_weighted_berth_medoid,"POLYGON ((122.145367 29.966016, 122.156732 29.966016, 122.156732 29.976061, 122.145367 29.976061, 122.145367 29.966016))"
23,31.024236609375,121.486345109375,1,28667.983333333334,duration_weighted_berth_medoid,"POLYGON ((121.481127 31.019091, 121.491564 31.019091, 121.491564 31.028543, 121.481127 31.028543, 121.481127 31.019091))"
24,31.056826382352938,121.47264359558824,8,139704.48333333334,duration_weighted_berth_medoid,"POLYGON ((121.479503 31.048936, 121.479503 31.077235, 121.462201 31.077235, 121.462201 31.048936, 121.479503 31.048936))"
25,31.04006892,121.47640691999999,4,57890.93333333334,duration_weighted_berth_medoid,"POLYGON ((121.482167 31.029846, 121.482167 31.048936, 121.470449 31.048936, 121.470449 31.029846, 121.482167 31.029846))"
26,26.72602115384615,119.73616476923077,2,67223.65,duration_weighted_berth_medoid,"POLYGON ((119.730135 26.719809, 119.741163 26.719809, 119.741163 26.730552, 119.730135 26.730552, 119.730135 26.719809))"
27,31.133493692307695,121.45783084615384,1,2505.75,duration_weighted_berth_medoid,"POLYGON ((121.452684 31.128185, 121.464867 31.128185, 121.464867 31.137697, 121.452684 31.137697, 121.452684 31.128185))"
28,26.0411542,119.50263850000002,1,31001.216666666667,duration_weighted_berth_medoid,"POLYGON ((119.507965 26.036037, 119.507965 26.04714, 119.497151 26.04714, 119.497151 26.036037, 119.507965 26.036037))"
29,31.49786483435583,121.37119857055215,3,40888.83333333333,duration_weighted_berth_medoid,"POLYGON ((121.365325 31.492733, 121.380101 31.492733, 121.380101 31.505688, 121.365325 31.505688, 121.365325 31.492733))"
30,38.98517462831859,117.7388952920354,4,35501.183333333334,duration_weighted_berth_medoid,"POLYGON ((117.726769 38.98035, 117.746372 38.98035, 117.746372 38.9915, 117.726769 38.9915, 117.726769 38.98035))"
31,27.997375842857142,120.87555838571427,1,104632.46666666669,duration_weighted_berth_medoid,"POLYGON ((120.867522 27.992755, 120.883447 27.992755, 120.883447 28.001845, 120.867522 28.001845, 120.867522 27.992755))"
32,31.998684683544305,120.5561041392405,1,13683.55,duration_weighted_berth_medoid,"POLYGON ((120.562438 31.994181, 120.562438 32.003116, 120.549419 32.003116, 120.549419 31.994181, 120.562438 31.994181))"
33,27.97040362162162,120.7919195,2,129266.5,duration_weighted_berth_medoid,"POLYGON ((120.780245 27.965566, 120.801676 27.965566, 120.801676 27.976391, 120.780245 27.976391, 120.780245 27.965566))"
34,31.31232717721519,121.55483663291139,1,21990.766666666666,duration_weighted_berth_medoid,"POLYGON ((121.559958 31.308921, 121.559958 31.317123, 121.549844 31.317123, 121.549844 31.308921, 121.559958 31.308921))"
35,39.50829981640625,121.27224996875,2,34854.98333333333,duration_weighted_berth_medoid,"POLYGON ((121.26708 39.49686, 121.27728 39.49686, 121.27728 39.5136, 121.26708 39.5136, 121.26708 39.49686))"
36,31.923670414715723,120.16438249498329,10,228609.09999999998,duration_weighted_berth_medoid,"POLYGON ((120.173944 31.915826, 120.173944 31.932322, 120.141372 31.932322, 120.141372 31.915826, 120.173944 31.915826))"
37,31.9320282987013,120.12951923376625,2,43897.08333333333,duration_weighted_berth_medoid,"POLYGON ((120.141372 31.925693, 120.141372 31.936278, 120.123664 31.936278, 120.123664 31.925693, 120.141372 31.925693))"
38,31.47966566666667,121.40186585714285,1,15119.65,duration_weighted_berth_medoid,"POLYGON ((121.396844 31.474756, 121.407653 31.474756, 121.407653 31.484098, 121.396844 31.484098, 121.396844 31.474756))"
39,38.95535621454545,118.48164275636363,1,253440.63333333336,duration_weighted_berth_medoid,"POLYGON ((118.492355 38.947678, 118.492355 38.96055, 118.473183 38.96055, 118.473183 38.947678, 118.492355 38.947678))"
40,31.740033266666668,121.04287126666667,2,49846.56666666667,duration_weighted_berth_medoid,"POLYGON ((121.029712 31.735534, 121.048516 31.735534, 121.048516 31.74778, 121.029712 31.74778, 121.029712 31.735534))"
41,19.96389988372093,110.03564493023255,2,9710.400000000001,duration_weighted_berth_medoid,"POLYGON ((110.02967 19.958946, 110.043695 19.958946, 110.043695 19.969083, 110.02967 19.969083, 110.02967 19.958946))"
42,23.095037021276596,113.43569608510639,3,84745.08333333336,duration_weighted_berth_medoid,"POLYGON ((113.449645 23.089678, 113.449645 23.100043, 113.427053 23.100043, 113.427053 23.089678, 113.449645 23.089678))"
43,21.078314313253014,110.43014508433735,1,13281.650000000001,duration_weighted_berth_medoid,"POLYGON ((110.42523 21.073439, 110.435379 21.073439, 110.435379 21.082887, 110.42523 21.082887, 110.42523 21.073439))"
44,23.444005131578947,116.50524764473685,2,26481.6,duration_weighted_berth_medoid,"POLYGON ((116.496945 23.437888, 116.512101 23.437888, 116.512101 23.448605, 116.496945 23.448605, 116.496945 23.437888))"
45,25.186847245614032,119.01362978947368,1,3839.116666666667,duration_weighted_berth_medoid,"POLYGON ((119.008519 25.182376, 119.019402 25.182376, 119.019402 25.191773, 119.008519 25.191773, 119.008519 25.182376))"
46,23.060967670731706,113.48216118292682,1,40054.866666666676,duration_weighted_berth_medoid,"POLYGON ((113.475256 23.055912, 113.488263 23.055912, 113.488263 23.066215, 113.475256 23.066215, 113.475256 23.055912))"
47,35.596761560509556,119.79058261146498,1,169947.0,duration_weighted_berth_medoid,"POLYGON ((119.799193 35.581698, 119.799193 35.604878, 119.780229 35.604878, 119.780229 35.581698, 119.799193 35.581698))"
48,31.22124368181818,118.11658554545456,1,43799.883333333324,duration_weighted_berth_medoid,"POLYGON ((118.109828 31.215775, 118.124279 31.215775, 118.124279 31.226748, 118.109828 31.226748, 118.109828 31.215775))"
49,36.67145516981132,121.23532349056603,1,6881.333333333333,duration_weighted_berth_medoid,"POLYGON ((121.230299 36.6672, 121.240275 36.6672, 121.240275 36.676572, 121.230299 36.676572, 121.230299 36.6672))"
50,21.572527901960783,108.3583975882353,2,60316.21666666667,duration_weighted_berth_medoid,"POLYGON ((108.350961 21.560117, 108.363967 21.560117, 108.363967 21.579143, 108.350961 21.579143, 108.350961 21.560117))"
51,23.4927091875,116.488474375,2,110885.01666666668,duration_weighted_berth_medoid,"POLYGON ((116.481013 23.48585, 116.49385 23.48585, 116.49385 23.505021, 116.481013 23.505021, 116.481013 23.48585))"
52,25.9826992625,119.47049059999999,4,129442.38333333335,duration_weighted_berth_medoid,"POLYGON ((119.460338 25.972914, 119.480996 25.972914, 119.480996 25.99402, 119.460338 25.99402, 119.460338 25.972914))"
53,21.619233634615384,108.37241207692308,2,67768.9,duration_weighted_berth_medoid,"POLYGON ((108.366548 21.613064, 108.380247 21.613064, 108.380247 21.628349, 108.366548 21.628349, 108.366548 21.613064))"
54,31.923939909090908,120.18327490909091,8,74733.55,duration_weighted_berth_medoid,"POLYGON ((120.198745 31.912618, 120.198745 31.928459, 120.173944 31.928459, 120.173944 31.912618, 120.198745 31.912618))"
55,40.309881850000004,122.07679826666666,4,60633.7,duration_weighted_berth_medoid,"POLYGON ((122.086342 40.29807, 122.086342 40.319695, 122.068065 40.319695, 122.068065 40.29807, 122.086342 40.29807))"
56,32.187284702127656,119.03183740425533,3,98959.23333333334,duration_weighted_berth_medoid,"POLYGON ((119.038775 32.180215, 119.038775 32.192896, 119.023256 32.192896, 119.023256 32.180215, 119.038775 32.180215))"
57,31.812975018518518,120.94671375925925,5,39956.23333333334,duration_weighted_berth_medoid,"POLYGON ((120.957882 31.80177, 120.957882 31.817568, 120.940369 31.817568, 120.940369 31.80177, 120.957882 31.80177))"
58,31.946100973684214,120.18253515789473,2,63776.76666666666,duration_weighted_berth_medoid,"POLYGON ((120.174235 31.94088, 120.197305 31.94088, 120.197305 31.950558, 120.174235 31.950558, 120.174235 31.94088))"
59,31.7613678,118.4659748,7,22074.916666666664,duration_weighted_berth_medoid,"POLYGON ((118.478518 31.750994, 118.478518 31.771355, 118.45772 31.771355, 118.45772 31.750994, 118.478518 31.750994))"
60,31.283930204545456,118.20547847727272,7,110543.8,duration_weighted_berth_medoid,"POLYGON ((118.22686 31.275012, 118.22686 31.295007, 118.201397 31.295007, 118.201397 31.275012, 118.22686 31.275012))"
61,31.276745858823528,118.19699929411766,6,30972.849999999995,duration_weighted_berth_medoid,"POLYGON ((118.201397 31.266833, 118.201397 31.284598, 118.181968 31.284598, 118.181968 31.266833, 118.201397 31.266833))"
62,31.30415415,121.5601547,1,88784.55,duration_weighted_berth_medoid,"POLYGON ((121.565377 31.298682, 121.565377 31.308921, 121.554836 31.308921, 121.554836 31.298682, 121.565377 31.298682))"
63,26.458708650000002,119.69895553333335,2,47517.933333333334,duration_weighted_berth_medoid,"POLYGON ((119.687283 26.452354, 119.707054 26.452354, 119.707054 26.466732, 119.687283 26.466732, 119.687283 26.452354))"
64,25.731651285714285,119.62112745238095,1,32756.23333333333,duration_weighted_berth_medoid,"POLYGON ((119.614957 25.72508, 119.626705 25.72508, 119.626705 25.737307, 119.614957 25.737307, 119.614957 25.72508))"
65,35.087555333333334,119.36401462222223,8,69205.9,duration_weighted_berth_medoid,"POLYGON ((119.358818 35.072062, 119.378424 35.072062, 119.378424 35.100831, 119.358818 35.100831, 119.358818 35.072062))"
66,31.943251605263157,120.21376939473684,6,95665.48333333332,duration_weighted_berth_medoid,"POLYGON ((120.227779 31.938306, 120.227779 31.949902, 120.198673 31.949902, 120.198673 31.938306, 120.227779 31.938306))"
67,31.943517054545456,120.23721461818181,2,31026.26666666667,duration_weighted_berth_medoid,"POLYGON ((120.242256 31.938078, 120.242256 31.947744, 120.227779 31.947744, 120.227779 31.938078, 120.242256 31.938078))"
68,32.04494414285714,119.94829278571429,2,1089.15,duration_weighted_berth_medoid,"POLYGON ((119.943454 32.038491, 119.955206 32.038491, 119.955206 32.049156, 119.943454 32.049156, 119.943454 32.038491))"
69,32.312219,119.82690560869565,1,31563.05,duration_weighted_berth_medoid,"POLYGON ((119.832201 32.308701, 119.832201 32.317055, 119.823003 32.317055, 119.823003 32.308701, 119.832201 32.308701))"
70,35.160832944444444,119.39735731111111,1,379635.01666666666,duration_weighted_berth_medoid,"POLYGON ((119.384966 35.156643, 119.410933 35.156643, 119.410933 35.164999, 119.384966 35.164999, 119.384966 35.156643))"
71,34.74634832960894,119.41412307821228,10,93719.73333333334,duration_weighted_berth_medoid,"POLYGON ((119.428902 34.740347, 119.428902 34.753942, 119.393654 34.753942, 119.393654 34.740347, 119.428902 34.740347))"
72,34.74829003333333,119.4365555,4,8550.150000000001,duration_weighted_berth_medoid,"POLYGON ((119.447925 34.742382, 119.447925 34.752523, 119.428902 34.752523, 119.428902 34.742382, 119.447925 34.742382))"
73,34.61306597674418,119.55368593023256,2,51732.233333333344,duration_weighted_berth_medoid,"POLYGON ((119.54837 34.604352, 119.565637 34.604352, 119.565637 34.620054, 119.54837 34.620054, 119.54837 34.604352))"
74,35.31650235211267,119.51573874647887,2,83874.23333333334,duration_weighted_berth_medoid,"POLYGON ((119.510398 35.302094, 119.520795 35.302094, 119.520795 35.323741, 119.510398 35.323741, 119.510398 35.302094))"
75,34.32600646060606,119.74893588030302,1,25036.466666666667,duration_weighted_berth_medoid,"POLYGON ((119.744004 34.321926, 119.753945 34.321926, 119.753945 34.33011, 119.744004 34.33011, 119.744004 34.321926))"
76,32.02526875,120.77957128125,3,23691.850000000002,duration_weighted_berth_medoid,"POLYGON ((120.773531 32.019252, 120.79132 32.019252, 120.79132 32.029679, 120.773531 32.029679, 120.773531 32.019252))"
77,32.13089662962963,121.50040114814816,7,216090.2166666667,duration_weighted_berth_medoid,"POLYGON ((121.493988 32.115811, 121.508928 32.115811, 121.508928 32.139177, 121.493988 32.139177, 121.493988 32.115811))"
78,35.367758055555555,119.54859058333334,3,112254.90000000001,duration_weighted_berth_medoid,"POLYGON ((119.54232 35.359365, 119.557607 35.359365, 119.557607 35.380256, 119.54232 35.380256, 119.54232 35.359365))"
79,39.9262098,119.64679563333334,5,73230.34999999999,duration_weighted_berth_medoid,"POLYGON ((119.638041 39.916516, 119.654425 39.916516, 119.654425 39.931149, 119.638041 39.931149, 119.638041 39.916516))"
80,38.948408875,121.8477016875,2,110245.99999999999,duration_weighted_berth_medoid,"POLYGON ((121.84256 38.944395, 121.853062 38.944395, 121.853062 38.95367, 121.84256 38.95367, 121.84256 38.944395))"
81,32.000552666666664,120.75446955555556,1,326.9666666666667,duration_weighted_berth_medoid,"POLYGON ((120.748541 31.996363, 120.759402 31.996363, 120.759402 32.005083, 120.748541 32.005083, 120.748541 31.996363))"
82,31.38006101818182,121.498738,1,67159.48333333334,duration_weighted_berth_medoid,"POLYGON ((121.493698 31.375763, 121.503899 31.375763, 121.503899 31.385206, 121.493698 31.385206, 121.493698 31.375763))"
83,31.970610264705883,120.43600247058825,2,47277.883333333324,duration_weighted_berth_medoid,"POLYGON ((120.441726 31.964236, 120.441726 31.975498, 120.422972 31.975498, 120.422972 31.964236, 120.441726 31.964236))"
84,31.966207114348144,120.36973242024763,3,75659.98333333332,duration_weighted_berth_medoid,"POLYGON ((120.364241 31.960523, 120.379888 31.960523, 120.379888 31.971047, 120.364241 31.971047, 120.364241 31.960523))"
85,30.002775504237285,122.07174018559323,3,141203.08333333334,duration_weighted_berth_medoid,"POLYGON ((122.075877 29.9946, 122.075877 30.007149, 122.061646 30.007149, 122.061646 29.9946, 122.075877 29.9946))"
86,38.979260764705884,121.75923041176469,1,519.0333333333333,duration_weighted_berth_medoid,"POLYGON ((121.754392 38.97542, 121.76511 38.97542, 121.76511 38.983544, 121.754392 38.983544, 121.754392 38.97542))"
87,38.076094761904756,118.94679631746031,2,32129.633333333335,duration_weighted_berth_medoid,"POLYGON ((118.9405 38.071513, 118.959507 38.071513, 118.959507 38.082328, 118.9405 38.082328, 118.9405 38.071513))"
88,30.642370357798164,121.18136970642202,1,67315.79999999999,duration_weighted_berth_medoid,"POLYGON ((121.173743 30.636962, 121.187464 30.636962, 121.187464 30.647124, 121.173743 30.647124, 121.173743 30.636962))"
89,31.989924552941176,119.95774698823529,1,25244.98333333333,duration_weighted_berth_medoid,"POLYGON ((119.952535 31.984946, 119.963426 31.984946, 119.963426 31.994229, 119.952535 31.994229, 119.952535 31.984946))"
90,38.9992248362069,121.89584688793103,2,17502.88333333333,duration_weighted_berth_medoid,"POLYGON ((121.886276 38.992804, 121.900718 38.992804, 121.900718 39.002985, 121.886276 39.002985, 121.886276 38.992804))"
91,31.36991652173913,121.50149104347827,1,27815.666666666664,duration_weighted_berth_medoid,"POLYGON ((121.496323 31.365609, 121.50645 31.365609, 121.50645 31.374313, 121.496323 31.374313, 121.496323 31.365609))"
92,25.698951680851064,119.60481808510639,1,43963.666666666664,duration_weighted_berth_medoid,"POLYGON ((119.599347 25.693506, 119.61109 25.693506, 119.61109 25.705603, 119.599347 25.705603, 119.599347 25.693506))"
93,40.80377611111111,121.04270253703704,2,23243.483333333337,duration_weighted_berth_medoid,"POLYGON ((121.037548 40.796469, 121.049964 40.796469, 121.049964 40.807637, 121.037548 40.807637, 121.037548 40.796469))"
94,25.582997735909824,119.68708955233495,6,254028.18333333332,duration_weighted_berth_medoid,"POLYGON ((119.698491 25.573643, 119.698491 25.59298, 119.67794 25.59298, 119.67794 25.573643, 119.698491 25.573643))"
95,23.516862166666666,116.40558596666666,2,97750.08333333334,duration_weighted_berth_medoid,"POLYGON ((116.399587 23.509851, 116.415428 23.509851, 116.415428 23.521486, 116.399587 23.521486, 116.399587 23.509851))"
96,25.756375333333335,119.63228164444445,1,70904.79999999999,duration_weighted_berth_medoid,"POLYGON ((119.626836 25.747996, 119.637556 25.747996, 119.637556 25.765466, 119.626836 25.765466, 119.626836 25.747996))"
97,38.97865102,121.80572694,2,9439.266666666666,duration_weighted_berth_medoid,"POLYGON ((121.796508 38.974271, 121.811118 38.974271, 121.811118 38.985405, 121.796508 38.985405, 121.796508 38.974271))"
98,31.278081133333334,121.7376649,1,19128.61666666667,duration_weighted_berth_medoid,"POLYGON ((121.732157 31.273675, 121.742829 31.273675, 121.742829 31.282837, 121.732157 31.282837, 121.732157 31.273675))"
99,40.287936538461544,122.09309257692308,10,135537.13333333336,duration_weighted_berth_medoid,"POLYGON ((122.102006 40.276994, 122.102006 40.294699, 122.084047 40.294699, 122.084047 40.276994, 122.102006 40.276994))"
100,39.100885057142854,118.50166074285714,2,71027.81666666668,duration_weighted_berth_medoid,"POLYGON ((118.493615 39.092149, 118.511657 39.092149, 118.511657 39.106568, 118.493615 39.106568, 118.493615 39.092149))"
101,30.053475361445784,121.97718909638554,5,40038.36666666667,duration_weighted_berth_medoid,"POLYGON ((121.985706 30.044229, 121.985706 30.064185, 121.963973 30.064185, 121.963973 30.044229, 121.985706 30.044229))"
102,26.010634875,119.4804391875,4,90562.28333333333,duration_weighted_berth_medoid,"POLYGON ((119.470163 25.994352, 119.493079 25.994352, 119.493079 26.016964, 119.470163 26.016964, 119.470163 25.994352))"
103,25.98271222,119.4494303,2,15276.550000000001,duration_weighted_berth_medoid,"POLYGON ((119.441735 25.977226, 119.455411 25.977226, 119.455411 25.987549, 119.441735 25.987549, 119.441735 25.977226))"
104,31.32609219587629,121.5546762371134,5,123302.46666666669,duration_weighted_berth_medoid,"POLYGON ((121.565745 31.317123, 121.565745 31.334632, 121.549087 31.334632, 121.549087 31.317123, 121.565745 31.317123))"
105,23.495338098360655,116.40990136065574,1,4865.3,duration_weighted_berth_medoid,"POLYGON ((116.404867 23.490499, 116.41484 23.490499, 116.41484 23.499941, 116.404867 23.499941, 116.404867 23.490499))"
106,40.80744970852018,121.06453639013453,3,80555.21666666666,duration_weighted_berth_medoid,"POLYGON ((121.071269 40.802125, 121.071269 40.814282, 121.051048 40.814282, 121.051048 40.802125, 121.071269 40.802125))"
107,35.33604169230769,119.53415576923076,1,9362.116666666665,duration_weighted_berth_medoid,"POLYGON ((119.529084 35.331249, 119.539261 35.331249, 119.539261 35.340195, 119.529084 35.340195, 119.529084 35.331249))"
108,31.28605420689655,121.5672221551724,1,63570.5,duration_weighted_berth_medoid,"POLYGON ((121.572338 31.280771, 121.572338 31.290354, 121.563727 31.290354, 121.563727 31.280771, 121.572338 31.280771))"
109,31.57301436734694,121.49916197959185,1,12641.633333333333,duration_weighted_berth_medoid,"POLYGON ((121.493511 31.568651, 121.504288 31.568651, 121.504288 31.577543, 121.493511 31.577543, 121.493511 31.568651))"
110,31.383347484848482,121.67960948484848,2,24650.216666666667,duration_weighted_berth_medoid,"POLYGON ((121.674331 31.375312, 121.689058 31.375312, 121.689058 31.387551, 121.674331 31.387551, 121.674331 31.375312))"
111,38.75926526136364,117.59445005681819,1,61946.41666666667,duration_weighted_berth_medoid,"POLYGON ((117.584956 38.754671, 117.603181 38.754671, 117.603181 38.764019, 117.584956 38.764019, 117.584956 38.754671))"
112,26.745738142857142,119.63645538095238,1,39025.36666666666,duration_weighted_berth_medoid,"POLYGON ((119.629262 26.739739, 119.645637 26.739739, 119.645637 26.750976, 119.629262 26.750976, 119.629262 26.739739))"
113,31.596602769230767,121.44269833333333,1,2910.7,duration_weighted_berth_medoid,"POLYGON ((121.437758 31.592394, 121.447657 31.592394, 121.447657 31.600828, 121.437758 31.600828, 121.437758 31.592394))"
114,31.3470978,121.71448519999998,1,227.36666666666667,duration_weighted_berth_medoid,"POLYGON ((121.719417 31.344199, 121.719417 31.352225, 121.708895 31.352225, 121.708895 31.344199, 121.719417 31.344199))"
115,40.705554529411764,120.96275491176469,3,91334.38333333333,duration_weighted_berth_medoid,"POLYGON ((120.955001 40.698173, 120.973411 40.698173, 120.973411 40.710594, 120.955001 40.710594, 120.955001 40.698173))"
116,30.112670303030303,122.20373015151516,4,39077.86666666667,duration_weighted_berth_medoid,"POLYGON ((122.190706 30.107909, 122.213408 30.107909, 122.213408 30.118178, 122.190706 30.118178, 122.190706 30.107909))"
117,26.46999803030303,119.63324854545455,1,33181.46666666667,duration_weighted_berth_medoid,"POLYGON ((119.627208 26.465022, 119.639355 26.465022, 119.639355 26.474767, 119.627208 26.474767, 119.627208 26.465022))"
118,31.99538983908046,120.33937142528737,4,43548.566666666666,duration_weighted_berth_medoid,"POLYGON ((120.34493 31.981069, 120.34493 32.000618, 120.330684 32.000618, 120.330684 31.981069, 120.34493 31.981069))"
119,32.00162034,120.34874137999999,2,8837.066666666668,duration_weighted_berth_medoid,"POLYGON ((120.354455 31.996725, 120.354455 32.006893, 120.34493 32.006893, 120.34493 31.996725, 120.354455 31.996725))"
120,19.955179553333334,110.01127069333333,1,45863.916666666664,duration_weighted_berth_medoid,"POLYGON ((110.005382 19.946851, 110.018057 19.946851, 110.018057 19.961631, 110.005382 19.961631, 110.005382 19.946851))"
121,19.104095846153847,108.62518396923078,2,23740.066666666666,duration_weighted_berth_medoid,"POLYGON ((108.617771 19.096443, 108.63033 19.096443, 108.63033 19.108826, 108.617771 19.108826, 108.617771 19.096443))"
122,29.916471951219513,121.92617792682927,1,131530.03333333333,duration_weighted_berth_medoid,"POLYGON ((121.920796 29.909935, 121.932097 29.909935, 121.932097 29.92165, 121.920796 29.92165, 121.920796 29.909935))"
123,39.840924384615384,124.16252561538461,2,15285.766666666666,duration_weighted_berth_medoid,"POLYGON ((124.167892 39.835418, 124.167892 39.845585, 124.156782 39.845585, 124.156782 39.835418, 124.167892 39.835418))"
124,21.484759133333334,111.06458500000001,3,31662.483333333334,duration_weighted_berth_medoid,"POLYGON ((111.058581 21.47391, 111.077465 21.47391, 111.077465 21.490005, 111.058581 21.490005, 111.058581 21.47391))"
125,21.710354962962963,111.81064431481482,6,49151.933333333334,duration_weighted_berth_medoid,"POLYGON ((111.819719 21.700179, 111.819719 21.724127, 111.802124 21.724127, 111.802124 21.700179, 111.819719 21.700179))"
126,24.40304885945946,117.98305243243244,2,55108.26666666666,duration_weighted_berth_medoid,"POLYGON ((117.973749 24.397247, 117.989367 24.397247, 117.989367 24.408043, 117.973749 24.408043, 117.973749 24.397247))"
127,21.586733272727272,109.59931213636364,1,2140.5499999999997,duration_weighted_berth_medoid,"POLYGON ((109.605075 21.580649, 109.605075 21.592443, 109.594578 21.592443, 109.594578 21.580649, 109.605075 21.580649))"
128,26.788852736842106,119.71358415789473,1,16928.6,duration_weighted_berth_medoid,"POLYGON ((119.719135 26.783894, 119.719135 26.793621, 119.70748 26.793621, 119.70748 26.783894, 119.719135 26.783894))"
129,25.2099438989899,118.96574332323232,2,15902.966666666667,duration_weighted_berth_medoid,"POLYGON ((118.954771 25.203917, 118.971779 25.203917, 118.971779 25.214465, 118.954771 25.214465, 118.954771 25.203917))"
130,25.68496724,119.57848665333334,1,37486.83333333333,duration_weighted_berth_medoid,"POLYGON ((119.570819 25.67968, 119.584873 25.67968, 119.584873 25.689767, 119.570819 25.689767, 119.570819 25.67968))"
131,21.613772923076922,109.56905903846153,2,13931.183333333334,duration_weighted_berth_medoid,"POLYGON ((109.561363 21.609021, 109.574015 21.609021, 109.574015 21.619565, 109.561363 21.619565, 109.561363 21.609021))"
132,29.714559281690143,122.1940791971831,1,12162.183333333332,duration_weighted_berth_medoid,"POLYGON ((122.188845 29.709996, 122.199483 29.709996, 122.199483 29.718994, 122.188845 29.718994, 122.188845 29.709996))"
133,38.93745960606061,118.48196527272727,1,44698.98333333333,duration_weighted_berth_medoid,"POLYGON ((118.490117 38.933397, 118.490117 38.943297, 118.476858 38.943297, 118.476858 38.933397, 118.490117 38.933397))"
134,32.01347937313433,120.80663689552239,2,61947.86666666666,duration_weighted_berth_medoid,"POLYGON ((120.799631 32.009285, 120.811507 32.009285, 120.811507 32.019161, 120.799631 32.019161, 120.799631 32.009285))"
135,31.596225955882353,121.27641827941176,3,53228.21666666666,duration_weighted_berth_medoid,"POLYGON ((121.282997 31.589698, 121.282997 31.600602, 121.270642 31.600602, 121.270642 31.589698, 121.282997 31.589698))"
136,25.140712145454547,119.01220936363636,1,4252.85,duration_weighted_berth_medoid,"POLYGON ((119.006954 25.136208, 119.017189 25.136208, 119.017189 25.146275, 119.006954 25.146275, 119.006954 25.136208))"
137,22.807359271739127,113.58492432608696,2,41527.23333333334,duration_weighted_berth_medoid,"POLYGON ((113.579815 22.795391, 113.592597 22.795391, 113.592597 22.812319, 113.579815 22.812319, 113.579815 22.795391))"
138,32.0134591754386,120.36622945614036,4,50235.55,duration_weighted_berth_medoid,"POLYGON ((120.378464 32.00836, 120.378464 32.022393, 120.363527 32.022393, 120.363527 32.00836, 120.378464 32.00836))"
139,21.48632406451613,109.55414696774193,2,20854.850000000002,duration_weighted_berth_medoid,"POLYGON ((109.545947 21.474967, 109.559861 21.474967, 109.559861 21.492618, 109.545947 21.492618, 109.545947 21.474967))"
140,21.297669113207547,110.4164573018868,3,20494.56666666667,duration_weighted_berth_medoid,"POLYGON ((110.408862 21.290746, 110.422033 21.290746, 110.422033 21.311255, 110.408862 21.311255, 110.408862 21.290746))"
141,28.158724547008546,121.10084022222223,2,151082.43333333335,duration_weighted_berth_medoid,"POLYGON ((121.105473 28.148483, 121.105473 28.165474, 121.093752 28.165474, 121.093752 28.148483, 121.105473 28.148483))"
142,32.07607926666667,120.49510946666668,2,88860.56666666667,duration_weighted_berth_medoid,"POLYGON ((120.486295 32.071607, 120.50022 32.071607, 120.50022 32.080318, 120.486295 32.080318, 120.486295 32.071607))"
143,37.6738018,120.22067442,2,7676.916666666668,duration_weighted_berth_medoid,"POLYGON ((120.215318 37.66772, 120.227548 37.66772, 120.227548 37.677994, 120.215318 37.677994, 120.215318 37.66772))"
144,37.66052137719298,120.30788920175438,7,39007.11666666667,duration_weighted_berth_medoid,"POLYGON ((120.321453 37.655146, 120.321453 37.668813, 120.296925 37.668813, 120.296925 37.655146, 120.321453 37.655146))"
145,31.837753104166666,120.84104685416666,4,118475.18333333333,duration_weighted_berth_medoid,"POLYGON ((120.834243 31.825538, 120.850557 31.825538, 120.850557 31.845229, 120.834243 31.845229, 120.834243 31.825538))"
146,21.56690404597701,108.33551579310344,1,4481.633333333333,duration_weighted_berth_medoid,"POLYGON ((108.330577 21.561932, 108.340501 21.561932, 108.340501 21.571497, 108.330577 21.571497, 108.330577 21.561932))"
147,19.728845733333333,109.19923842222224,3,61248.24999999999,duration_weighted_berth_medoid,"POLYGON ((109.188356 19.720337, 109.212451 19.720337, 109.212451 19.735747, 109.188356 19.735747, 109.188356 19.720337))"
148,35.36726383333333,119.5710805,1,42140.11666666667,duration_weighted_berth_medoid,"POLYGON ((119.566001 35.361648, 119.576761 35.361648, 119.576761 35.371447, 119.566001 35.371447, 119.566001 35.361648))"
149,26.39060992857143,119.77565860714286,4,53316.46666666667,duration_weighted_berth_medoid,"POLYGON ((119.770496 26.386059, 119.792178 26.386059, 119.792178 26.402154, 119.770496 26.402154, 119.770496 26.386059))"
150,26.381362673469386,119.76068897959183,2,29148.2,duration_weighted_berth_medoid,"POLYGON ((119.7529 26.375171, 119.766555 26.375171, 119.766555 26.386462, 119.7529 26.386462, 119.7529 26.375171))"
151,32.03000961702128,120.5836125106383,2,18315.75,duration_weighted_berth_medoid,"POLYGON ((120.578448 32.023958, 120.591582 32.023958, 120.591582 32.034493, 120.578448 32.034493, 120.578448 32.023958))"
152,31.699878663265306,121.1342592142857,1,10016.283333333333,duration_weighted_berth_medoid,"POLYGON ((121.129013 31.695608, 121.139196 31.695608, 121.139196 31.704194, 121.129013 31.704194, 121.129013 31.695608))"
153,31.98975021875,120.61424246874999,5,193097.45,duration_weighted_berth_medoid,"POLYGON ((120.637275 31.984805, 120.637275 31.99459, 120.606098 31.99459, 120.606098 31.984805, 120.637275 31.984805))"
154,31.98970425,120.64608,4,40743.200000000004,duration_weighted_berth_medoid,"POLYGON ((120.659992 31.985289, 120.659992 31.994519, 120.637275 31.994519, 120.637275 31.985289, 120.659992 31.985289))"
155,21.167771153846154,110.40311292307692,2,4735.799999999999,duration_weighted_berth_medoid,"POLYGON ((110.409537 21.164241, 110.409537 21.176294, 110.398161 21.176294, 110.398161 21.164241, 110.409537 21.164241))"
156,25.576257930555556,119.67223343055555,5,5099.299999999999,duration_weighted_berth_medoid,"POLYGON ((119.67794 25.569199, 119.67794 25.589724, 119.655433 25.589724, 119.655433 25.569199, 119.67794 25.569199))"
157,40.201853210526316,121.98093457894737,1,1040.2333333333333,duration_weighted_berth_medoid,"POLYGON ((121.975972 40.198027, 121.985917 40.198027, 121.985917 40.205666, 121.975972 40.205666, 121.975972 40.198027))"
158,23.395860727272726,116.55859054545454,1,32864.35,duration_weighted_berth_medoid,"POLYGON ((116.55299 23.390197, 116.563851 23.390197, 116.563851 23.403146, 116.55299 23.403146, 116.55299 23.390197))"
159,22.982381347826088,116.52889856521739,7,8600.05,duration_weighted_berth_medoid,"POLYGON ((116.539015 22.964998, 116.539015 22.987705, 116.521825 22.987705, 116.521825 22.964998, 116.539015 22.964998))"
160,30.247467833333335,122.1535131111111,2,32522.83333333333,duration_weighted_berth_medoid,"POLYGON ((122.14175 30.243075, 122.158688 30.243075, 122.158688 30.251862, 122.14175 30.251862, 122.14175 30.243075))"
161,22.90349736734694,113.58370781632652,5,111811.86666666668,duration_weighted_berth_medoid,"POLYGON ((113.571762 22.885595, 113.594313 22.885595, 113.594313 22.909085, 113.571762 22.909085, 113.571762 22.885595))"
162,23.76180461956522,117.49848384782608,2,30614.48333333333,duration_weighted_berth_medoid,"POLYGON ((117.493033 23.752335, 117.504305 23.752335, 117.504305 23.766553, 117.493033 23.766553, 117.493033 23.752335))"
163,24.452173737373737,117.98341918181818,2,11717.816666666666,duration_weighted_berth_medoid,"POLYGON ((117.976766 24.447484, 117.988925 24.447484, 117.988925 24.456962, 117.976766 24.456962, 117.976766 24.447484))"
164,24.628517562499997,118.43308677083333,2,26376.61666666666,duration_weighted_berth_medoid,"POLYGON ((118.426743 24.623125, 118.438468 24.623125, 118.438468 24.635698, 118.426743 24.635698, 118.426743 24.623125))"
165,22.44564832653061,113.03861982653062,2,31057.033333333333,duration_weighted_berth_medoid,"POLYGON ((113.050632 22.438923, 113.050632 22.450253, 113.033999 22.450253, 113.033999 22.438923, 113.050632 22.438923))"
166,21.7327628,108.63336272000001,1,40176.299999999996,duration_weighted_berth_medoid,"POLYGON ((108.628216 21.726203, 108.638466 21.726203, 108.638466 21.738957, 108.628216 21.738957, 108.628216 21.726203))"
167,39.93165944,119.69667232,2,14435.849999999999,duration_weighted_berth_medoid,"POLYGON ((119.690585 39.927564, 119.703629 39.927564, 119.703629 39.938121, 119.690585 39.938121, 119.690585 39.927564))"
168,22.303475757025762,113.07604287353631,3,81134.05,duration_weighted_berth_medoid,"POLYGON ((113.081169 22.291962, 113.081169 22.308045, 113.068901 22.308045, 113.068901 22.291962, 113.081169 22.291962))"
169,26.6370555,119.82657783333333,1,221.31666666666666,duration_weighted_berth_medoid,"POLYGON ((119.821214 26.632639, 119.831484 26.632639, 119.831484 26.642064, 119.821214 26.642064, 119.821214 26.632639))"
170,22.765111693069308,113.65773158415841,1,17243.466666666667,duration_weighted_berth_medoid,"POLYGON ((113.652408 22.759721, 113.663568 22.759721, 113.663568 22.770904, 113.652408 22.770904, 113.652408 22.759721))"
171,24.457485258741258,117.95786299300698,1,23765.13333333333,duration_weighted_berth_medoid,"POLYGON ((117.950424 24.452602, 117.964126 24.452602, 117.964126 24.462431, 117.950424 24.462431, 117.950424 24.452602))"
172,22.2055445,113.087448,1,12423.833333333334,duration_weighted_berth_medoid,"POLYGON ((113.082401 22.199962, 113.092743 22.199962, 113.092743 22.211073, 113.082401 22.211073, 113.082401 22.199962))"
173,24.359293076923077,118.0987096923077,1,25201.533333333336,duration_weighted_berth_medoid,"POLYGON ((118.092194 24.35406, 118.104546 24.35406, 118.104546 24.364798, 118.092194 24.364798, 118.092194 24.35406))"
174,23.336532666666667,116.73675255555555,1,17046.666666666664,duration_weighted_berth_medoid,"POLYGON ((116.731684 23.331343, 116.742545 23.331343, 116.742545 23.341126, 116.731684 23.341126, 116.731684 23.331343))"
175,39.93871194666667,119.71535143999999,1,15975.249999999998,duration_weighted_berth_medoid,"POLYGON ((119.710245 39.933328, 119.720464 39.933328, 119.720464 39.943967, 119.710245 39.943967, 119.710245 39.933328))"
176,22.985160110169492,113.56680886440678,5,86066.31666666668,duration_weighted_berth_medoid,"POLYGON ((113.550235 22.969106, 113.572161 22.969106, 113.572161 22.990331, 113.550235 22.990331, 113.550235 22.969106))"
177,25.53191711111111,119.66378577777778,1,696.1,duration_weighted_berth_medoid,"POLYGON ((119.658854 25.527362, 119.66883 25.527362, 119.66883 25.536367, 119.658854 25.536367, 119.658854 25.527362))"
178,31.972497305389222,120.00199447904191,4,34257.86666666667,duration_weighted_berth_medoid,"POLYGON ((119.995137 31.96583, 120.01142 31.96583, 120.01142 31.978199, 119.995137 31.978199, 119.995137 31.96583))"
179,32.03085679032258,120.39139140322581,2,73586.04999999999,duration_weighted_berth_medoid,"POLYGON ((120.395861 32.02097, 120.395861 32.036635, 120.379403 32.036635, 120.379403 32.02097, 120.395861 32.02097))"
180,32.28794495774648,119.855476,3,41334.083333333336,duration_weighted_berth_medoid,"POLYGON ((119.845861 32.280026, 119.86415 32.280026, 119.86415 32.295423, 119.845861 32.295423, 119.845861 32.280026))"
181,25.23586980263158,118.97051560526315,2,13001.1,duration_weighted_berth_medoid,"POLYGON ((118.965442 25.231069, 118.975499 25.231069, 118.975499 25.243195, 118.965442 25.243195, 118.965442 25.231069))"
182,39.112309625,118.533255,1,93872.41666666667,duration_weighted_berth_medoid,"POLYGON ((118.525802 39.104636, 118.539965 39.104636, 118.539965 39.118884, 118.525802 39.118884, 118.525802 39.104636))"
183,30.558923294117648,121.02545229411766,1,75791.98333333334,duration_weighted_berth_medoid,"POLYGON ((121.015365 30.55072, 121.032251 30.55072, 121.032251 30.564415, 121.015365 30.564415, 121.015365 30.55072))"
184,21.94698761282051,113.2288730923077,2,25537.333333333332,duration_weighted_berth_medoid,"POLYGON ((113.223699 21.938838, 113.235368 21.938838, 113.235368 21.951771, 113.223699 21.951771, 113.223699 21.938838))"
185,22.991529999999997,116.53735244444445,1,276.15,duration_weighted_berth_medoid,"POLYGON ((116.542191 22.987705, 116.542191 22.995984, 116.53196 22.995984, 116.53196 22.987705, 116.542191 22.987705))"
186,23.007549247058822,113.53121485882353,1,12421.65,duration_weighted_berth_medoid,"POLYGON ((113.537152 23.002562, 113.537152 23.012035, 113.5258 23.012035, 113.5258 23.002562, 113.537152 23.002562))"
187,23.017228555555555,113.52691583838383,2,11728.849999999999,duration_weighted_berth_medoid,"POLYGON ((113.533035 23.012035, 113.533035 23.024872, 113.520531 23.024872, 113.520531 23.012035, 113.533035 23.012035))"
188,22.739219249999998,113.66900260714286,2,37166.25,duration_weighted_berth_medoid,"POLYGON ((113.65854 22.734756, 113.673876 22.734756, 113.673876 22.748797, 113.65854 22.748797, 113.65854 22.734756))"
189,21.066986749999998,110.48803475,2,159675.00000000003,duration_weighted_berth_medoid,"POLYGON ((110.477929 21.061916, 110.498114 21.061916, 110.498114 21.078194, 110.477929 21.078194, 110.477929 21.061916))"
190,21.69659573170732,111.8192431707317,4,30973.550000000003,duration_weighted_berth_medoid,"POLYGON ((111.828285 21.681539, 111.828285 21.700179, 111.814276 21.700179, 111.814276 21.681539, 111.828285 21.681539))"
191,30.58546313207547,121.08583205660378,1,35102.566666666666,duration_weighted_berth_medoid,"POLYGON ((121.079605 30.580856, 121.090868 30.580856, 121.090868 30.589719, 121.079605 30.589719, 121.079605 30.580856))"
192,21.141670081967213,110.40027418032787,2,40091.566666666666,duration_weighted_berth_medoid,"POLYGON ((110.388458 21.129466, 110.40664 21.129466, 110.40664 21.147565, 110.388458 21.147565, 110.388458 21.129466))"
193,21.2414010625,110.4195208359375,1,22274.933333333334,duration_weighted_berth_medoid,"POLYGON ((110.414529 21.236037, 110.425148 21.236037, 110.425148 21.246026, 110.414529 21.246026, 110.414529 21.236037))"
194,32.19655792857143,119.87988073469387,1,11032.416666666664,duration_weighted_berth_medoid,"POLYGON ((119.874784 32.191847, 119.885058 32.191847, 119.885058 32.202046, 119.874784 32.202046, 119.874784 32.191847))"
195,23.050488140350875,113.50880024561403,3,17838.233333333334,duration_weighted_berth_medoid,"POLYGON ((113.513862 23.044329, 113.513862 23.064019, 113.495912 23.064019, 113.495912 23.044329, 113.513862 23.044329))"
196,31.09883444230769,121.45848232692308,4,139438.81666666665,duration_weighted_berth_medoid,"POLYGON ((121.467926 31.087374, 121.467926 31.106396, 121.452784 31.106396, 121.452784 31.087374, 121.467926 31.087374))"
197,24.44891251851852,117.99846118518518,1,13504.5,duration_weighted_berth_medoid,"POLYGON ((117.992446 24.444192, 118.003983 24.444192, 118.003983 24.453662, 117.992446 24.453662, 117.992446 24.444192))"
198,31.355812105263155,121.5121264736842,5,221927.98333333334,duration_weighted_berth_medoid,"POLYGON ((121.523355 31.348032, 121.523355 31.363657, 121.494798 31.363657, 121.494798 31.348032, 121.523355 31.348032))"
199,36.87908635,122.43833855,4,130629.28333333333,duration_weighted_berth_medoid,"POLYGON ((122.442552 36.875031, 122.442552 36.891639, 122.430221 36.891639, 122.430221 36.875031, 122.442552 36.875031))"
200,34.31199534343434,120.26768976767676,2,23594.45,duration_weighted_berth_medoid,"POLYGON ((120.259631 34.304003, 120.278466 34.304003, 120.278466 34.316699, 120.259631 34.316699, 120.259631 34.304003))"
201,37.71724801818182,121.11851836363635,2,27197.316666666666,duration_weighted_berth_medoid,"POLYGON ((121.127477 37.713025, 121.127477 37.72415, 121.111646 37.72415, 121.111646 37.713025, 121.127477 37.713025))"
202,31.367085777777774,121.64538955555554,2,1591.5333333333333,duration_weighted_berth_medoid,"POLYGON ((121.637143 31.362447, 121.650912 31.362447, 121.650912 31.372805, 121.637143 31.372805, 121.637143 31.362447))"
203,37.713611125,121.07964,1,7079.1,duration_weighted_berth_medoid,"POLYGON ((121.085662 37.709569, 121.085662 37.717675, 121.076082 37.717675, 121.076082 37.709569, 121.085662 37.709569))"
204,23.046806507462687,113.5185242835821,1,35715.55,duration_weighted_berth_medoid,"POLYGON ((113.523811 23.041528, 113.523811 23.051806, 113.513862 23.051806, 113.513862 23.041528, 113.523811 23.041528))"
205,39.02212033333333,121.74574296774193,4,28990.399999999998,duration_weighted_berth_medoid,"POLYGON ((121.750957 39.016327, 121.750957 39.029366, 121.738672 39.029366, 121.738672 39.016327, 121.750957 39.016327))"
206,23.092238599999998,113.453963,1,44762.933333333334,duration_weighted_berth_medoid,"POLYGON ((113.461152 23.087312, 113.461152 23.096984, 113.449645 23.096984, 113.449645 23.087312, 113.461152 23.087312))"
207,21.063288311475407,110.46033047540983,1,24377.2,duration_weighted_berth_medoid,"POLYGON ((110.455174 21.058595, 110.465467 21.058595, 110.465467 21.067903, 110.455174 21.067903, 110.455174 21.058595))"
208,30.162296807692307,121.99398655769231,1,9100.633333333333,duration_weighted_berth_medoid,"POLYGON ((121.988551 30.157335, 122.000539 30.157335, 122.000539 30.166751, 121.988551 30.166751, 121.988551 30.157335))"
209,40.24710118897638,122.09416686614173,3,18435.55,duration_weighted_berth_medoid,"POLYGON ((122.099711 40.243356, 122.099711 40.257243, 122.092801 40.257243, 122.092801 40.243356, 122.099711 40.243356))"
210,38.959775912162165,117.72704644594594,1,23471.899999999998,duration_weighted_berth_medoid,"POLYGON ((117.721398 38.955888, 117.732132 38.955888, 117.732132 38.964061, 117.721398 38.964061, 117.721398 38.955888))"
211,32.06124059731543,121.69298430201341,1,14421.133333333333,duration_weighted_berth_medoid,"POLYGON ((121.687659 32.056955, 121.698365 32.056955, 121.698365 32.06561, 121.687659 32.06561, 121.687659 32.056955))"
212,24.41513280952381,118.04029040476192,1,5333.35,duration_weighted_berth_medoid,"POLYGON ((118.03416 24.410601, 118.045843 24.410601, 118.045843 24.419749, 118.03416 24.419749, 118.03416 24.410601))"
213,25.146074303030304,119.0221856060606,1,8650.2,duration_weighted_berth_medoid,"POLYGON ((119.017208 25.140439, 119.027396 25.140439, 119.027396 25.150687, 119.017208 25.150687, 119.017208 25.140439))"
214,26.02925827027027,119.4989689189189,1,43144.416666666664,duration_weighted_berth_medoid,"POLYGON ((119.506691 26.024389, 119.506691 26.036037, 119.49354 26.036037, 119.49354 26.024389, 119.506691 26.024389))"
215,22.771728194444442,115.59870433333334,1,1841.5833333333333,duration_weighted_berth_medoid,"POLYGON ((115.593798 22.766517, 115.604167 22.766517, 115.604167 22.776252, 115.593798 22.776252, 115.593798 22.766517))"
216,19.80364662352941,109.16352922352941,2,40380.73333333333,duration_weighted_berth_medoid,"POLYGON ((109.158073 19.798132, 109.170282 19.798132, 109.170282 19.80891, 109.158073 19.80891, 109.158073 19.798132))"
217,21.555850227272728,108.3721675909091,1,13011.550000000001,duration_weighted_berth_medoid,"POLYGON ((108.377617 21.551038, 108.377617 21.557844, 108.367129 21.557844, 108.367129 21.551038, 108.377617 21.551038))"
218,19.5529800625,110.8296055,1,14863.633333333337,duration_weighted_berth_medoid,"POLYGON ((110.823929 19.547267, 110.83521 19.547267, 110.83521 19.558686, 110.823929 19.558686, 110.823929 19.547267))"
219,32.00589872,120.67802750666667,2,75646.26666666668,duration_weighted_berth_medoid,"POLYGON ((120.670186 32.001145, 120.687889 32.001145, 120.687889 32.011242, 120.670186 32.011242, 120.670186 32.001145))"
220,21.56453966666667,108.37560370588236,1,106417.70000000001,duration_weighted_berth_medoid,"POLYGON ((108.383547 21.557844, 108.383547 21.57649, 108.368374 21.57649, 108.368374 21.557844, 108.383547 21.557844))"
221,31.398780652173915,118.34617386956522,1,9261.133333333335,duration_weighted_berth_medoid,"POLYGON ((118.341058 31.394325, 118.351192 31.394325, 118.351192 31.403097, 118.341058 31.403097, 118.341058 31.394325))"
222,32.088918371428576,119.93043077142858,6,16781.433333333334,duration_weighted_berth_medoid,"POLYGON ((119.922422 32.079369, 119.93703 32.079369, 119.93703 32.098446, 119.922422 32.098446, 119.922422 32.079369))"
223,32.30609470454545,119.8340053409091,1,54234.53333333334,duration_weighted_berth_medoid,"POLYGON ((119.839271 32.300824, 119.839271 32.308701, 119.827048 32.308701, 119.827048 32.300824, 119.839271 32.300824))"
224,23.522624,116.38608909375,4,54036.61666666667,duration_weighted_berth_medoid,"POLYGON ((116.366841 23.517513, 116.391683 23.517513, 116.391683 23.529776, 116.366841 23.529776, 116.366841 23.517513))"
225,31.19876162745098,118.00417303921567,11,36595.566666666666,duration_weighted_berth_medoid,"POLYGON ((118.014493 31.192178, 118.014493 31.210376, 117.996721 31.210376, 117.996721 31.192178, 118.014493 31.192178))"
226,31.189346872340423,118.00379878723405,6,25074.733333333334,duration_weighted_berth_medoid,"POLYGON ((118.010015 31.17712, 118.010015 31.192178, 117.994921 31.192178, 117.994921 31.17712, 118.010015 31.17712))"
227,31.13177706976744,118.00052168604651,1,3106.866666666667,duration_weighted_berth_medoid,"POLYGON ((117.995583 31.127246, 118.0055 31.127246, 118.0055 31.136004, 117.995583 31.136004, 117.995583 31.127246))"
228,31.456743115384615,118.33959118461539,1,10691.35,duration_weighted_berth_medoid,"POLYGON ((118.334615 31.452524, 118.344594 31.452524, 118.344594 31.460955, 118.334615 31.460955, 118.334615 31.452524))"
229,31.20810288571429,118.07903651428572,1,1210.6833333333334,duration_weighted_berth_medoid,"POLYGON ((118.074171 31.203877, 118.084336 31.203877, 118.084336 31.212409, 118.074171 31.212409, 118.074171 31.203877))"
230,32.325594605263156,119.73863302631578,2,20928.01666666667,duration_weighted_berth_medoid,"POLYGON ((119.733377 32.320968, 119.746992 32.320968, 119.746992 32.330904, 119.733377 32.330904, 119.733377 32.320968))"
231,30.243601577030812,122.27738761064425,2,13281.65,duration_weighted_berth_medoid,"POLYGON ((122.272447 30.239333, 122.290074 30.239333, 122.290074 30.250931, 122.272447 30.250931, 122.272447 30.239333))"
232,28.270321767195767,121.57060933862434,1,16564.1,duration_weighted_berth_medoid,"POLYGON ((121.565662 28.265964, 121.575567 28.265964, 121.575567 28.274688, 121.565662 28.274688, 121.565662 28.265964))"
233,26.77279471875,119.72166615625,1,56035.5,duration_weighted_berth_medoid,"POLYGON ((119.72802 26.764779, 119.72802 26.777356, 119.716101 26.777356, 119.716101 26.764779, 119.72802 26.764779))"
234,26.614762193548387,119.72932722580646,1,9181.466666666667,duration_weighted_berth_medoid,"POLYGON ((119.724273 26.609927, 119.735856 26.609927, 119.735856 26.619156, 119.724273 26.619156, 119.724273 26.609927))"
235,37.45089319298246,122.19509605263157,2,110506.35,duration_weighted_berth_medoid,"POLYGON ((122.183912 37.444907, 122.207436 37.444907, 122.207436 37.457807, 122.183912 37.457807, 122.183912 37.444907))"
236,24.719491923076927,118.73919741758243,2,15269.666666666666,duration_weighted_berth_medoid,"POLYGON ((118.734288 24.713163, 118.746602 24.713163, 118.746602 24.723972, 118.734288 24.723972, 118.734288 24.713163))"
237,31.4746074,121.42618126666666,3,257753.6166666666,duration_weighted_berth_medoid,"POLYGON ((121.416227 31.465735, 121.438339 31.465735, 121.438339 31.480958, 121.416227 31.480958, 121.416227 31.465735))"
238,38.9630431617647,117.73863138235295,1,11596.916666666666,duration_weighted_berth_medoid,"POLYGON ((117.733173 38.958708, 117.744589 38.958708, 117.744589 38.966883, 117.733173 38.966883, 117.733173 38.958708))"
239,26.720478928571428,119.65949335714286,1,27132.516666666666,duration_weighted_berth_medoid,"POLYGON ((119.664546 26.714661, 119.664546 26.724464, 119.654423 26.724464, 119.654423 26.714661, 119.664546 26.714661))"
240,26.72830692753623,119.6571300289855,1,14476.183333333334,duration_weighted_berth_medoid,"POLYGON ((119.662636 26.724464, 119.662636 26.734561, 119.651551 26.734561, 119.651551 26.724464, 119.662636 26.724464))"
241,31.378347166666668,121.62459691666668,4,1720.9833333333336,duration_weighted_berth_medoid,"POLYGON ((121.617051 31.372996, 121.632287 31.372996, 121.632287 31.384336, 121.617051 31.384336, 121.617051 31.372996))"
242,19.288712221238935,110.64382705309735,1,7214.650000000001,duration_weighted_berth_medoid,"POLYGON ((110.638848 19.283985, 110.64884 19.283985, 110.64884 19.293753, 110.638848 19.293753, 110.638848 19.283985))"
243,31.524743907407405,121.5983034074074,1,16703.75,duration_weighted_berth_medoid,"POLYGON ((121.592482 31.519629, 121.604579 31.519629, 121.604579 31.52935, 121.592482 31.52935, 121.592482 31.519629))"
244,24.888135333333334,118.6829576904762,2,8231.8,duration_weighted_berth_medoid,"POLYGON ((118.67795 24.879137, 118.691571 24.879137, 118.691571 24.892609, 118.67795 24.892609, 118.67795 24.879137))"
245,22.73903053488372,114.62724341860466,3,29513.866666666672,duration_weighted_berth_medoid,"POLYGON ((114.622268 22.731442, 114.636459 22.731442, 114.636459 22.743576, 114.622268 22.743576, 114.622268 22.731442))"
246,23.47235981818182,116.48255020454545,1,50571.95000000001,duration_weighted_berth_medoid,"POLYGON ((116.488021 23.466399, 116.488021 23.47774, 116.476751 23.47774, 116.476751 23.466399, 116.488021 23.466399))"
247,26.6963035,119.81918172727273,1,26415.533333333333,duration_weighted_berth_medoid,"POLYGON ((119.813205 26.690779, 119.824241 26.690779, 119.824241 26.700743, 119.813205 26.700743, 119.813205 26.690779))"
248,31.280148875,121.755771625,4,1587.1,duration_weighted_berth_medoid,"POLYGON ((121.76102 31.273904, 121.76102 31.288518, 121.745144 31.288518, 121.745144 31.273904, 121.76102 31.273904))"
249,31.99190445,119.979788725,1,13947.3,duration_weighted_berth_medoid,"POLYGON ((119.973451 31.986277, 119.98607 31.986277, 119.98607 31.997648, 119.973451 31.997648, 119.973451 31.986277))"
250,31.96861916770186,120.39020694409938,3,72968.91666666666,duration_weighted_berth_medoid,"POLYGON ((120.385157 31.964283, 120.404583 31.964283, 120.404583 31.972873, 120.385157 31.972873, 120.385157 31.964283))"
251,38.98024149056604,118.46866371698113,1,121603.08333333334,duration_weighted_berth_medoid,"POLYGON ((118.473727 38.971551, 118.473727 38.99355, 118.463309 38.99355, 118.463309 38.971551, 118.473727 38.971551))"
252,30.63103702620087,121.15978024890829,5,87457.29999999999,duration_weighted_berth_medoid,"POLYGON ((121.149791 30.621082, 121.172832 30.621082, 121.172832 30.640202, 121.149791 30.640202, 121.149791 30.621082))"
253,29.98194406521739,121.73909782608695,1,25859.466666666664,duration_weighted_berth_medoid,"POLYGON ((121.746346 29.977881, 121.746346 29.986269, 121.733764 29.986269, 121.733764 29.977881, 121.746346 29.977881))"
254,31.72343,121.13336,1,160.2,duration_weighted_berth_medoid,"POLYGON ((121.128472 31.719227, 121.138672 31.719227, 121.138672 31.727836, 121.128472 31.727836, 121.128472 31.719227))"
255,31.708688153846154,121.15198476923076,1,550.4333333333333,duration_weighted_berth_medoid,"POLYGON ((121.156359 31.703913, 121.156359 31.713833, 121.146887 31.713833, 121.146887 31.703913, 121.156359 31.703913))"
256,39.5053457797834,121.4010123537906,1,14457.383333333335,duration_weighted_berth_medoid,"POLYGON ((121.396055 39.501529, 121.405985 39.501529, 121.405985 39.509156, 121.396055 39.509156, 121.396055 39.501529))"
257,40.331703153846156,122.13298356410257,1,112759.76666666666,duration_weighted_berth_medoid,"POLYGON ((122.124713 40.326167, 122.141873 40.326167, 122.141873 40.337431, 122.124713 40.337431, 122.124713 40.326167))"
258,22.671367146666668,113.66056634222222,3,34841.833333333336,duration_weighted_berth_medoid,"POLYGON ((113.651223 22.665762, 113.66977 22.665762, 113.66977 22.676821, 113.651223 22.676821, 113.651223 22.665762))"
259,32.1391708627451,119.91410598039216,6,17368.666666666668,duration_weighted_berth_medoid,"POLYGON ((119.919312 32.130084, 119.919312 32.144391, 119.895154 32.144391, 119.895154 32.130084, 119.919312 32.130084))"
260,22.86060326923077,113.57450775,1,2763.8999999999996,duration_weighted_berth_medoid,"POLYGON ((113.56962 22.856051, 113.580723 22.856051, 113.580723 22.865324, 113.56962 22.865324, 113.56962 22.856051))"
261,22.8767473814433,113.57291879381444,2,17196.61666666667,duration_weighted_berth_medoid,"POLYGON ((113.567273 22.866503, 113.578126 22.866503, 113.578126 22.882517, 113.567273 22.882517, 113.567273 22.866503))"
262,22.746568777777778,115.03546535897436,1,8796.883333333333,duration_weighted_berth_medoid,"POLYGON ((115.030029 22.741323, 115.040908 22.741323, 115.040908 22.751963, 115.030029 22.751963, 115.030029 22.741323))"
263,21.952764533333333,113.21007233333333,1,7784.683333333333,duration_weighted_berth_medoid,"POLYGON ((113.204791 21.947828, 113.215336 21.947828, 113.215336 21.957703, 113.204791 21.957703, 113.204791 21.947828))"
264,19.768469779661018,109.15975439830508,2,69308.53333333334,duration_weighted_berth_medoid,"POLYGON ((109.150327 19.761888, 109.165325 19.761888, 109.165325 19.774536, 109.150327 19.774536, 109.150327 19.761888))"
265,32.00215010833333,120.5446239,3,21864.800000000003,duration_weighted_berth_medoid,"POLYGON ((120.549419 31.997813, 120.549419 32.009358, 120.528511 32.009358, 120.528511 31.997813, 120.549419 31.997813))"
266,28.095589733333334,121.13442400000001,1,7761.333333333333,duration_weighted_berth_medoid,"POLYGON ((121.139477 28.092362, 121.139477 28.099955, 121.129458 28.099955, 121.129458 28.092362, 121.139477 28.092362))"
267,39.01780469483568,121.69959503755868,2,43244.183333333334,duration_weighted_berth_medoid,"POLYGON ((121.693801 39.009302, 121.70567 39.009302, 121.70567 39.021782, 121.693801 39.021782, 121.693801 39.009302))"
268,27.979042500000002,120.91302586363636,3,35914.96666666667,duration_weighted_berth_medoid,"POLYGON ((120.907031 27.972988, 120.922865 27.972988, 120.922865 27.983662, 120.907031 27.983662, 120.907031 27.972988))"
269,23.46270225,116.473496125,1,484.3833333333333,duration_weighted_berth_medoid,"POLYGON ((116.478518 23.45762, 116.478518 23.466399, 116.469175 23.466399, 116.469175 23.45762, 116.478518 23.45762))"
270,24.81795021875,118.716934765625,1,2462.4,duration_weighted_berth_medoid,"POLYGON ((118.712013 24.813286, 118.724219 24.813286, 118.724219 24.822425, 118.712013 24.822425, 118.712013 24.813286))"
271,25.216802262626263,118.98359955555556,3,22043.383333333335,duration_weighted_berth_medoid,"POLYGON ((118.975138 25.20772, 118.994655 25.20772, 118.994655 25.224497, 118.975138 25.224497, 118.975138 25.20772))"
272,24.532443911764705,118.22552579411764,1,4193.45,duration_weighted_berth_medoid,"POLYGON ((118.220622 24.527193, 118.232287 24.527193, 118.232287 24.53687, 118.220622 24.53687, 118.220622 24.527193))"
273,25.103664707317073,119.0667802195122,1,11315.216666666667,duration_weighted_berth_medoid,"POLYGON ((119.060725 25.098492, 119.073065 25.098492, 119.073065 25.108921, 119.060725 25.108921, 119.060725 25.098492))"
274,25.21788825882353,119.02983250588235,1,3414.55,duration_weighted_berth_medoid,"POLYGON ((119.024834 25.213286, 119.034771 25.213286, 119.034771 25.222356, 119.024834 25.222356, 119.024834 25.213286))"
275,24.63493486666667,118.68032073333333,1,5151.716666666666,duration_weighted_berth_medoid,"POLYGON ((118.675271 24.629459, 118.685314 24.629459, 118.685314 24.639669, 118.675271 24.639669, 118.675271 24.629459))"
276,32.00863560784313,120.35896231372548,1,28978.78333333333,duration_weighted_berth_medoid,"POLYGON ((120.363527 32.00395, 120.363527 32.014896, 120.354455 32.014896, 120.354455 32.00395, 120.363527 32.00395))"
277,32.27167914285714,119.4401069047619,1,17702.333333333332,duration_weighted_berth_medoid,"POLYGON ((119.445165 32.266861, 119.445165 32.275879, 119.433292 32.275879, 119.433292 32.266861, 119.445165 32.266861))"
278,36.797054732394365,121.49689094366197,1,35782.63333333333,duration_weighted_berth_medoid,"POLYGON ((121.489453 36.792249, 121.503009 36.792249, 121.503009 36.801305, 121.489453 36.801305, 121.489453 36.792249))"
279,26.68435425,119.81978000000001,3,2602.133333333333,duration_weighted_berth_medoid,"POLYGON ((119.804675 26.679521, 119.826355 26.679521, 119.826355 26.690553, 119.804675 26.690553, 119.804675 26.679521))"
280,32.013133465116276,119.98613937209302,3,10821.466666666667,duration_weighted_berth_medoid,"POLYGON ((119.979162 32.007667, 119.992083 32.007667, 119.992083 32.019493, 119.979162 32.019493, 119.979162 32.007667))"
281,31.950278731707318,120.1160451707317,2,4272.45,duration_weighted_berth_medoid,"POLYGON ((120.102775 31.946069, 120.121663 31.946069, 120.121663 31.957339, 120.102775 31.957339, 120.102775 31.946069))"
282,32.05616651351351,120.55010137837837,1,7300.3,duration_weighted_berth_medoid,"POLYGON ((120.545214 32.051696, 120.555445 32.051696, 120.555445 32.060309, 120.545214 32.060309, 120.545214 32.051696))"
283,22.774072999999998,113.62659450000001,2,839.3166666666666,duration_weighted_berth_medoid,"POLYGON ((113.621729 22.769211, 113.637797 22.769211, 113.637797 22.784183, 113.621729 22.784183, 113.621729 22.769211))"
284,22.23125931111111,113.08499862222222,1,3837.25,duration_weighted_berth_medoid,"POLYGON ((113.080033 22.226641, 113.089946 22.226641, 113.089946 22.235849, 113.080033 22.235849, 113.080033 22.226641))"
285,31.361292705882352,121.65692070588236,3,1501.8666666666668,duration_weighted_berth_medoid,"POLYGON ((121.651612 31.355052, 121.667844 31.355052, 121.667844 31.367426, 121.651612 31.367426, 121.651612 31.355052))"
286,29.894362913043476,122.082163,1,72397.43333333333,duration_weighted_berth_medoid,"POLYGON ((122.088489 29.889344, 122.088489 29.899337, 122.074259 29.899337, 122.074259 29.889344, 122.088489 29.889344))"
287,30.41751995652174,122.45174539130434,1,181316.73333333334,duration_weighted_berth_medoid,"POLYGON ((122.44386 30.411231, 122.458708 30.411231, 122.458708 30.424571, 122.44386 30.424571, 122.44386 30.411231))"
288,32.17514988659794,118.87078463917526,3,33500.0,duration_weighted_berth_medoid,"POLYGON ((118.875841 32.168701, 118.875841 32.179454, 118.861577 32.179454, 118.861577 32.168701, 118.875841 32.168701))"
289,32.19267077083334,119.63613235416666,2,64292.61666666667,duration_weighted_berth_medoid,"POLYGON ((119.645506 32.187678, 119.645506 32.197094, 119.628723 32.197094, 119.628723 32.187678, 119.645506 32.187678))"
290,32.18710767647059,119.90557529411764,2,61035.49999999999,duration_weighted_berth_medoid,"POLYGON ((119.900117 32.182834, 119.910533 32.182834, 119.910533 32.193762, 119.900117 32.193762, 119.900117 32.182834))"
291,37.71350094871794,121.06430634615386,2,45902.78333333334,duration_weighted_berth_medoid,"POLYGON ((121.076082 37.709568, 121.076082 37.71765, 121.059078 37.71765, 121.059078 37.709568, 121.076082 37.709568))"
292,32.32010663934426,119.8144658032787,4,61974.23333333334,duration_weighted_berth_medoid,"POLYGON ((119.823003 32.312493, 119.823003 32.326616, 119.804067 32.326616, 119.804067 32.312493, 119.823003 32.312493))"
293,32.18531519411764,119.58358420588236,4,172392.81666666668,duration_weighted_berth_medoid,"POLYGON ((119.575286 32.180997, 119.597779 32.180997, 119.597779 32.189673, 119.575286 32.189673, 119.575286 32.180997))"
294,29.930881512820513,121.88174946153846,5,163502.16666666663,duration_weighted_berth_medoid,"POLYGON ((121.874526 29.925836, 121.894555 29.925836, 121.894555 29.939405, 121.874526 29.939405, 121.874526 29.925836))"
295,32.2042733,119.66449370000001,4,55629.55,duration_weighted_berth_medoid,"POLYGON ((119.65641 32.197918, 119.6756 32.197918, 119.6756 32.215864, 119.65641 32.215864, 119.65641 32.197918))"
296,32.20020312765958,119.63222579787234,1,7044.166666666667,duration_weighted_berth_medoid,"POLYGON ((119.637113 32.197094, 119.637113 32.204469, 119.627007 32.204469, 119.627007 32.197094, 119.637113 32.197094))"
297,38.96512752941176,117.80211970588236,1,29197.449999999997,duration_weighted_berth_medoid,"POLYGON ((117.796973 38.961182, 117.807087 38.961182, 117.807087 38.96893, 117.796973 38.96893, 117.796973 38.961182))"
298,40.74590769565218,120.97488804347827,1,43730.033333333326,duration_weighted_berth_medoid,"POLYGON ((120.965411 40.740877, 120.979942 40.740877, 120.979942 40.750299, 120.965411 40.750299, 120.965411 40.740877))"
299,26.800694085287844,119.70720728997868,3,30226.916666666668,duration_weighted_berth_medoid,"POLYGON ((119.714368 26.793621, 119.714368 26.808996, 119.700346 26.808996, 119.700346 26.793621, 119.714368 26.793621))"
300,31.35589480208333,121.616341875,2,33862.0,duration_weighted_berth_medoid,"POLYGON ((121.611008 31.349742, 121.621267 31.349742, 121.621267 31.360138, 121.611008 31.360138, 121.611008 31.349742))"
301,25.61731517307692,119.70344366346154,2,14489.349999999999,duration_weighted_berth_medoid,"POLYGON ((119.695568 25.612979, 119.708253 25.612979, 119.708253 25.623447, 119.695568 25.623447, 119.695568 25.612979))"
302,22.926044217821783,116.23964364356436,1,14837.05,duration_weighted_berth_medoid,"POLYGON ((116.233868 22.920735, 116.245624 22.920735, 116.245624 22.931166, 116.233868 22.931166, 116.233868 22.920735))"
303,30.841962916666663,121.79633758333334,1,13121.050000000001,duration_weighted_berth_medoid,"POLYGON ((121.790305 30.837354, 121.803377 30.837354, 121.803377 30.846382, 121.790305 30.846382, 121.790305 30.837354))"
304,23.505639093023255,116.38317406976745,1,19859.716666666667,duration_weighted_berth_medoid,"POLYGON ((116.378198 23.501079, 116.388132 23.501079, 116.388132 23.51025, 116.378198 23.51025, 116.378198 23.501079))"
305,31.341093941176467,121.70855576470588,3,1170.4666666666667,duration_weighted_berth_medoid,"POLYGON ((121.718816 31.331046, 121.718816 31.344199, 121.703691 31.344199, 121.703691 31.331046, 121.718816 31.331046))"
306,34.735646333333335,119.48000533333334,1,20583.316666666666,duration_weighted_berth_medoid,"POLYGON ((119.472875 34.731245, 119.485947 34.731245, 119.485947 34.740301, 119.472875 34.740301, 119.472875 34.731245))"
307,29.113647955555557,121.60761424444445,1,28075.083333333332,duration_weighted_berth_medoid,"POLYGON ((121.601519 29.109016, 121.612733 29.109016, 121.612733 29.11829, 121.601519 29.11829, 121.601519 29.109016))"
308,29.949074519480522,121.8277853961039,2,164011.5833333333,duration_weighted_berth_medoid,"POLYGON ((121.820412 29.943648, 121.835392 29.943648, 121.835392 29.954338, 121.820412 29.954338, 121.820412 29.943648))"
309,29.496170886792452,121.51018411320754,5,178646.44999999998,duration_weighted_berth_medoid,"POLYGON ((121.49636 29.488168, 121.517499 29.488168, 121.517499 29.504082, 121.49636 29.504082, 121.49636 29.488168))"
310,37.64936280434783,120.30299867391305,3,30351.716666666667,duration_weighted_berth_medoid,"POLYGON ((120.308303 37.642313, 120.308303 37.655146, 120.297601 37.655146, 120.297601 37.642313, 120.308303 37.642313))"
311,39.01155860810811,121.74990567567568,2,14906.900000000001,duration_weighted_berth_medoid,"POLYGON ((121.755856 39.007613, 121.755856 39.016327, 121.74434 39.016327, 121.74434 39.007613, 121.755856 39.007613))"
312,29.997607016806725,122.04387009523809,1,55641.96666666667,duration_weighted_berth_medoid,"POLYGON ((122.038083 29.99317, 122.048844 29.99317, 122.048844 30.002006, 122.038083 30.002006, 122.038083 29.99317))"
313,29.970490863636368,121.87341968181818,1,4453.266666666667,duration_weighted_berth_medoid,"POLYGON ((121.868493 29.966017, 121.879243 29.966017, 121.879243 29.975204, 121.868493 29.975204, 121.868493 29.966017))"
314,30.375922000000003,120.91235536363637,1,8980.433333333332,duration_weighted_berth_medoid,"POLYGON ((120.907064 30.371037, 120.917394 30.371037, 120.917394 30.380262, 120.907064 30.380262, 120.907064 30.371037))"
315,30.4128510625,122.41332825,1,1171.8833333333332,duration_weighted_berth_medoid,"POLYGON ((122.408361 30.408525, 122.418324 30.408525, 122.418324 30.417311, 122.408361 30.417311, 122.408361 30.408525))"
316,30.46198612195122,120.94011217073171,1,5224.9,duration_weighted_berth_medoid,"POLYGON ((120.93514 30.457622, 120.945091 30.457622, 120.945091 30.46635, 120.93514 30.46635, 120.93514 30.457622))"
317,30.22994509677419,122.21759464516128,1,4745.666666666667,duration_weighted_berth_medoid,"POLYGON ((122.212673 30.225676, 122.222703 30.225676, 122.222703 30.234398, 122.212673 30.234398, 122.212673 30.225676))"
318,30.239856857142858,122.11113428571427,1,404.9833333333333,duration_weighted_berth_medoid,"POLYGON ((122.116041 30.235061, 122.116041 30.244096, 122.10694 30.244096, 122.10694 30.235061, 122.116041 30.235061))"
319,29.03835780952381,121.62620666666668,1,11036.383333333335,duration_weighted_berth_medoid,"POLYGON ((121.619893 29.033868, 121.631859 29.033868, 121.631859 29.042825, 121.619893 29.042825, 121.619893 29.033868))"
320,29.890096391304347,121.96981910869565,2,34726.566666666666,duration_weighted_berth_medoid,"POLYGON ((121.964726 29.885763, 121.98201 29.885763, 121.98201 29.894569, 121.964726 29.894569, 121.964726 29.885763))"
321,25.42022140277778,119.27728116666668,2,4277.766666666666,duration_weighted_berth_medoid,"POLYGON ((119.26869 25.415785, 119.282169 25.415785, 119.282169 25.426216, 119.26869 25.426216, 119.26869 25.415785))"
322,22.93650675,116.31320662499999,4,5401.5666666666675,duration_weighted_berth_medoid,"POLYGON ((116.304026 22.924092, 116.32062 22.924092, 116.32062 22.946895, 116.304026 22.946895, 116.304026 22.924092))"
323,23.22153091111111,116.77657593333333,2,3748.2166666666667,duration_weighted_berth_medoid,"POLYGON ((116.7716 23.216313, 116.782236 23.216313, 116.782236 23.230241, 116.7716 23.230241, 116.7716 23.216313))"
324,25.151150615384616,119.26459584615385,1,6703.333333333334,duration_weighted_berth_medoid,"POLYGON ((119.259433 25.145707, 119.270748 25.145707, 119.270748 25.156129, 119.259433 25.156129, 119.259433 25.145707))"
325,23.39754166666667,117.01858433333332,1,1023.2333333333333,duration_weighted_berth_medoid,"POLYGON ((117.013321 23.392379, 117.023955 23.392379, 117.023955 23.402395, 117.013321 23.402395, 117.013321 23.392379))"
326,31.796706590909093,121.01560107575757,2,3675.8,duration_weighted_berth_medoid,"POLYGON ((121.010581 31.792491, 121.023163 31.792491, 121.023163 31.80346, 121.010581 31.80346, 121.010581 31.792491))"
327,31.68258451428572,121.83614242857142,1,1226.3666666666666,duration_weighted_berth_medoid,"POLYGON ((121.841083 31.67838, 121.841083 31.686808, 121.831835 31.686808, 121.831835 31.67838, 121.841083 31.67838))"
328,31.713587166666667,121.7280955,3,8331.333333333334,duration_weighted_berth_medoid,"POLYGON ((121.716492 31.703216, 121.733867 31.703216, 121.733867 31.718827, 121.716492 31.718827, 121.716492 31.703216))"
329,30.69023240909091,122.4043406590909,6,7592.283333333334,duration_weighted_berth_medoid,"POLYGON ((122.397047 30.680016, 122.420824 30.680016, 122.420824 30.696108, 122.397047 30.696108, 122.397047 30.680016))"
330,31.690442948717948,121.79765505128205,2,3262.916666666667,duration_weighted_berth_medoid,"POLYGON ((121.792579 31.685987, 121.811116 31.685987, 121.811116 31.695745, 121.792579 31.695745, 121.792579 31.685987))"
331,31.670681899999998,121.8013748,1,467.9666666666667,duration_weighted_berth_medoid,"POLYGON ((121.796487 31.666477, 121.807271 31.666477, 121.807271 31.674864, 121.796487 31.674864, 121.796487 31.666477))"
332,31.68740014285714,121.82547057142858,2,17190.683333333334,duration_weighted_berth_medoid,"POLYGON ((121.831835 31.682083, 121.831835 31.691741, 121.820261 31.691741, 121.820261 31.682083, 121.831835 31.682083))"
333,23.5099231,117.10322670000001,1,419.95,duration_weighted_berth_medoid,"POLYGON ((117.106712 23.505367, 117.106712 23.514482, 117.098188 23.514482, 117.098188 23.505367, 117.106712 23.505367))"
334,25.416726936170214,119.68895672340425,1,1719.1,duration_weighted_berth_medoid,"POLYGON ((119.683362 25.411603, 119.693878 25.411603, 119.693878 25.421121, 119.683362 25.421121, 119.683362 25.411603))"
335,31.715536066666665,121.21563792121214,1,7324.383333333333,duration_weighted_berth_medoid,"POLYGON ((121.210659 31.710935, 121.220929 31.710935, 121.220929 31.719736, 121.210659 31.719736, 121.210659 31.710935))"
336,31.75669012,121.16711996,1,938.9166666666667,duration_weighted_berth_medoid,"POLYGON ((121.17216 31.752424, 121.17216 31.760875, 121.162199 31.760875, 121.162199 31.752424, 121.17216 31.752424))"
337,35.60982792753624,119.79948389855072,2,5608.883333333333,duration_weighted_berth_medoid,"POLYGON ((119.804431 35.604878, 119.804431 35.614238, 119.790098 35.614238, 119.790098 35.604878, 119.804431 35.604878))"
338,38.98039204347826,121.73718952173913,1,1060.55,duration_weighted_berth_medoid,"POLYGON ((121.732181 38.976235, 121.742128 38.976235, 121.742128 38.984231, 121.732181 38.984231, 121.732181 38.976235))"
339,38.99674866216216,121.6591177635135,2,63078.916666666664,duration_weighted_berth_medoid,"POLYGON ((121.649434 38.992963, 121.664011 38.992963, 121.664011 39.003268, 121.649434 39.003268, 121.649434 38.992963))"
340,22.57360578125,113.61670246875,1,1080.95,duration_weighted_berth_medoid,"POLYGON ((113.61177 22.56854, 113.62179 22.56854, 113.62179 22.57816, 113.61177 22.57816, 113.61177 22.56854))"
341,35.37482034782609,119.53504078260869,1,1066.9333333333334,duration_weighted_berth_medoid,"POLYGON ((119.530134 35.370792, 119.540561 35.370792, 119.540561 35.379642, 119.530134 35.379642, 119.530134 35.370792))"
342,23.5040403,117.11018616666667,1,1422.6166666666668,duration_weighted_berth_medoid,"POLYGON ((117.115307 23.499509, 117.115307 23.508835, 117.106712 23.508835, 117.106712 23.499509, 117.115307 23.499509))"
343,39.50842333898305,121.32265015254237,2,49518.46666666666,duration_weighted_berth_medoid,"POLYGON ((121.316628 39.502135, 121.328818 39.502135, 121.328818 39.512766, 121.316628 39.512766, 121.316628 39.502135))"
344,23.76940052898551,117.58026695652174,2,18701.383333333335,duration_weighted_berth_medoid,"POLYGON ((117.575234 23.760973, 117.585263 23.760973, 117.585263 23.774759, 117.575234 23.774759, 117.575234 23.760973))"
345,21.436359319148934,111.29019259574467,2,22492.816666666666,duration_weighted_berth_medoid,"POLYGON ((111.295216 21.431736, 111.295216 21.441125, 111.282764 21.441125, 111.282764 21.431736, 111.295216 21.431736))"
346,30.580525169014084,121.06848728169014,2,78548.5,duration_weighted_berth_medoid,"POLYGON ((121.06251 30.575926, 121.07814 30.575926, 121.07814 30.586326, 121.06251 30.586326, 121.06251 30.575926))"
347,32.18770563636363,119.28436445454545,1,15680.883333333331,duration_weighted_berth_medoid,"POLYGON ((119.289832 32.1834, 119.289832 32.192223, 119.278409 32.192223, 119.278409 32.1834, 119.289832 32.1834))"
348,31.95672761111111,120.32907005555555,1,24611.950000000004,duration_weighted_berth_medoid,"POLYGON ((120.322914 31.951929, 120.335755 31.951929, 120.335755 31.961439, 120.322914 31.961439, 120.322914 31.951929))"
349,30.0271126,121.99004880000001,4,126528.09999999998,duration_weighted_berth_medoid,"POLYGON ((121.995188 30.021344, 121.995188 30.044229, 121.976798 30.044229, 121.976798 30.021344, 121.995188 30.021344))"
350,32.16597241428572,118.85172852142857,1,4360.016666666666,duration_weighted_berth_medoid,"POLYGON ((118.84689 32.16179, 118.857096 32.16179, 118.857096 32.170075, 118.84689 32.170075, 118.84689 32.16179))"
351,31.893867342105267,120.92035518421052,1,31435.85,duration_weighted_berth_medoid,"POLYGON ((120.915296 31.889525, 120.925396 31.889525, 120.925396 31.898352, 120.915296 31.898352, 120.915296 31.889525))"
352,32.22910287179487,119.89398971794871,2,31412.83333333333,duration_weighted_berth_medoid,"POLYGON ((119.888638 32.221483, 119.900233 32.221483, 119.900233 32.234028, 119.888638 32.234028, 119.888638 32.221483))"
353,31.365571208333336,121.59904589583334,3,18718.65,duration_weighted_berth_medoid,"POLYGON ((121.592287 31.359404, 121.607412 31.359404, 121.607412 31.370802, 121.592287 31.370802, 121.592287 31.359404))"
354,29.980752499999998,122.04940108333334,2,99138.5,duration_weighted_berth_medoid,"POLYGON ((122.038209 29.976207, 122.056012 29.976207, 122.056012 29.986346, 122.038209 29.986346, 122.038209 29.976207))"
355,29.974855701030926,121.77517920618557,1,13138.633333333333,duration_weighted_berth_medoid,"POLYGON ((121.770264 29.970221, 121.781151 29.970221, 121.781151 29.979144, 121.770264 29.979144, 121.770264 29.970221))"
356,32.070227392473114,119.93580593548388,1,6527.966666666667,duration_weighted_berth_medoid,"POLYGON ((119.930522 32.065846, 119.940712 32.065846, 119.940712 32.07461, 119.930522 32.07461, 119.930522 32.065846))"
357,40.07561988,120.12160028,1,49669.96666666667,duration_weighted_berth_medoid,"POLYGON ((120.112348 40.070528, 120.129451 40.070528, 120.129451 40.080232, 120.112348 40.080232, 120.112348 40.070528))"
358,32.187412411764704,119.32083652941176,1,12171.516666666665,duration_weighted_berth_medoid,"POLYGON ((119.315502 32.182983, 119.327272 32.182983, 119.327272 32.191688, 119.315502 32.191688, 119.315502 32.182983))"
359,31.99360574,120.6758674,6,51066.283333333326,duration_weighted_berth_medoid,"POLYGON ((120.660135 31.988543, 120.69105 31.988543, 120.69105 31.998565, 120.660135 31.998565, 120.660135 31.988543))"
360,29.94833299009901,121.95039116831684,1,19233.199999999997,duration_weighted_berth_medoid,"POLYGON ((121.945356 29.944036, 121.955427 29.944036, 121.955427 29.952659, 121.945356 29.952659, 121.945356 29.944036))"
361,28.087135305555556,121.13892891666667,1,9237.35,duration_weighted_berth_medoid,"POLYGON ((121.144105 28.082209, 121.144105 28.092362, 121.13248 28.092362, 121.13248 28.082209, 121.144105 28.082209))"
362,31.690947974683546,121.14967175949367,1,7797.383333333333,duration_weighted_berth_medoid,"POLYGON ((121.144541 31.68666, 121.154899 31.68666, 121.154899 31.695267, 121.144541 31.695267, 121.144541 31.68666))"
363,32.186272055555555,118.89089843055555,3,32157.249999999996,duration_weighted_berth_medoid,"POLYGON ((118.87754 32.181261, 118.895886 32.181261, 118.895886 32.190467, 118.87754 32.190467, 118.87754 32.181261))"
364,32.26753078181818,119.42860763636364,1,3386.2166666666662,duration_weighted_berth_medoid,"POLYGON ((119.433292 32.263273, 119.433292 32.271782, 119.423458 32.271782, 119.423458 32.263273, 119.433292 32.263273))"
365,32.204840875,119.24702625,2,58515.066666666666,duration_weighted_berth_medoid,"POLYGON ((119.241948 32.199527, 119.254026 32.199527, 119.254026 32.209095, 119.241948 32.209095, 119.241948 32.199527))"
366,40.792323912087916,121.02088763736263,1,5139.916666666667,duration_weighted_berth_medoid,"POLYGON ((121.016023 40.788511, 121.026127 40.788511, 121.026127 40.796007, 121.016023 40.796007, 121.016023 40.788511))"
367,31.7717326,120.95961565,1,5961.933333333334,duration_weighted_berth_medoid,"POLYGON ((120.954464 31.767489, 120.964656 31.767489, 120.964656 31.776008, 120.954464 31.776008, 120.954464 31.767489))"
368,32.017293,120.76776528571429,1,6939.15,duration_weighted_berth_medoid,"POLYGON ((120.762717 32.013002, 120.772824 32.013002, 120.772824 32.021467, 120.762717 32.021467, 120.762717 32.013002))"
369,21.712546719298246,108.5915267368421,1,12924.833333333334,duration_weighted_berth_medoid,"POLYGON ((108.59736 21.706854, 108.59736 21.716544, 108.58609 21.716544, 108.58609 21.706854, 108.59736 21.706854))"
370,29.891522657894736,122.06927778947367,1,41930.600000000006,duration_weighted_berth_medoid,"POLYGON ((122.074259 29.88671, 122.074259 29.895826, 122.062898 29.895826, 122.062898 29.88671, 122.074259 29.88671))"
371,26.887351413043476,119.6505098657289,3,90790.48333333334,duration_weighted_berth_medoid,"POLYGON ((119.645525 26.879457, 119.664367 26.879457, 119.664367 26.891778, 119.645525 26.891778, 119.645525 26.879457))"
372,27.183089764705883,120.3864038235294,1,15885.416666666668,duration_weighted_berth_medoid,"POLYGON ((120.380807 27.177652, 120.391929 27.177652, 120.391929 27.188306, 120.380807 27.188306, 120.380807 27.177652))"
373,22.448311166666667,113.02989738888888,1,914.3833333333333,duration_weighted_berth_medoid,"POLYGON ((113.033999 22.443745, 113.033999 22.452936, 113.024124 22.452936, 113.024124 22.443745, 113.033999 22.443745))"
374,22.977694156862743,113.54390403921569,3,19806.383333333335,duration_weighted_berth_medoid,"POLYGON ((113.536578 22.970484, 113.550095 22.970484, 113.550095 22.988037, 113.536578 22.988037, 113.536578 22.970484))"
375,37.56784606741573,121.3805953033708,4,20291.81666666667,duration_weighted_berth_medoid,"POLYGON ((121.370652 37.563547, 121.393363 37.563547, 121.393363 37.571818, 121.370652 37.571818, 121.370652 37.563547))"
376,37.422442679999996,122.65526674,3,26126.36666666667,duration_weighted_berth_medoid,"POLYGON ((122.650246 37.413452, 122.665129 37.413452, 122.665129 37.426502, 122.650246 37.426502, 122.650246 37.413452))"
377,23.56286015957447,117.12199779787234,1,3703.4,duration_weighted_berth_medoid,"POLYGON ((117.116858 23.558331, 117.126885 23.558331, 117.126885 23.567359, 117.116858 23.567359, 117.116858 23.558331))"
378,22.376016284313728,113.07672269607842,1,11625.416666666666,duration_weighted_berth_medoid,"POLYGON ((113.071608 22.370185, 113.081708 22.370185, 113.081708 22.381195, 113.071608 22.381195, 113.071608 22.370185))"
379,32.12459458208956,121.47545417910447,2,14296.383333333331,duration_weighted_berth_medoid,"POLYGON ((121.470066 32.118744, 121.48025 32.118744, 121.48025 32.128742, 121.470066 32.128742, 121.470066 32.118744))"
380,22.92399924539877,113.56688511042944,1,12145.533333333333,duration_weighted_berth_medoid,"POLYGON ((113.571824 22.919284, 113.571824 22.929319, 113.563257 22.929319, 113.563257 22.919284, 113.571824 22.919284))"
381,35.208462874172184,119.40204781456954,1,46409.933333333334,duration_weighted_berth_medoid,"POLYGON ((119.394316 35.204247, 119.407945 35.204247, 119.407945 35.212503, 119.394316 35.212503, 119.394316 35.204247))"
382,22.47037194117647,113.90352676470589,2,16829.833333333336,duration_weighted_berth_medoid,"POLYGON ((113.897573 22.463575, 113.908494 22.463575, 113.908494 22.475951, 113.897573 22.475951, 113.897573 22.463575))"
383,28.187202499999998,121.11286832352941,1,4503.283333333333,duration_weighted_berth_medoid,"POLYGON ((121.107548 28.182067, 121.117826 28.182067, 121.117826 28.191596, 121.107548 28.191596, 121.107548 28.182067))"
384,39.60422112765957,122.95752663829786,2,49566.933333333334,duration_weighted_berth_medoid,"POLYGON ((122.950863 39.594701, 122.967804 39.594701, 122.967804 39.608169, 122.950863 39.608169, 122.950863 39.594701))"
385,36.00009528571429,120.1896842244898,3,11059.166666666666,duration_weighted_berth_medoid,"POLYGON ((120.183765 35.994554, 120.200048 35.994554, 120.200048 36.004171, 120.183765 36.004171, 120.183765 35.994554))"
386,31.347520533333338,121.52914993333334,3,66352.00000000001,duration_weighted_berth_medoid,"POLYGON ((121.546393 31.33965, 121.546393 31.352121, 121.523355 31.352121, 121.523355 31.33965, 121.546393 31.33965))"
387,30.742852515625,121.417741609375,1,6434.933333333333,duration_weighted_berth_medoid,"POLYGON ((121.412752 30.738574, 121.422729 30.738574, 121.422729 30.747157, 121.412752 30.747157, 121.412752 30.738574))"
388,25.17251498076923,118.97935453846154,1,6557.966666666666,duration_weighted_berth_medoid,"POLYGON ((118.974184 25.167763, 118.984506 25.167763, 118.984506 25.177858, 118.974184 25.177858, 118.974184 25.167763))"
389,22.30802226666667,113.06599299999999,1,2274.35,duration_weighted_berth_medoid,"POLYGON ((113.068901 22.303334, 113.068901 22.312968, 113.060879 22.312968, 113.060879 22.303334, 113.068901 22.303334))"
390,22.17771268627451,113.09656403921569,1,1567.2666666666667,duration_weighted_berth_medoid,"POLYGON ((113.091676 22.173021, 113.101728 22.173021, 113.101728 22.182239, 113.091676 22.182239, 113.091676 22.173021))"
391,22.209671421052633,113.0977765263158,1,753.1166666666667,duration_weighted_berth_medoid,"POLYGON ((113.092836 22.205054, 113.10274 22.205054, 113.10274 22.214246, 113.092836 22.214246, 113.092836 22.205054))"
392,21.59768227586207,108.38554118965517,3,22703.4,duration_weighted_berth_medoid,"POLYGON ((108.378789 21.590615, 108.392546 21.590615, 108.392546 21.605238, 108.378789 21.605238, 108.378789 21.590615))"
393,22.477633144927534,113.88177189855072,2,4454.333333333334,duration_weighted_berth_medoid,"POLYGON ((113.873134 22.472163, 113.886885 22.472163, 113.886885 22.482224, 113.873134 22.482224, 113.873134 22.472163))"
394,38.96473021621622,121.81347718918919,1,4319.333333333334,duration_weighted_berth_medoid,"POLYGON ((121.808091 38.960322, 121.819117 38.960322, 121.819117 38.968986, 121.808091 38.968986, 121.808091 38.960322))"
395,28.69984203448276,121.43473489655173,1,4098.450000000001,duration_weighted_berth_medoid,"POLYGON ((121.429713 28.695484, 121.439674 28.695484, 121.439674 28.704253, 121.429713 28.704253, 121.429713 28.695484))"
396,29.043709197183098,121.6379885140845,2,30187.949999999997,duration_weighted_berth_medoid,"POLYGON ((121.632765 29.038438, 121.648422 29.038438, 121.648422 29.051913, 121.632765 29.051913, 121.632765 29.038438))"
397,30.396832571428572,122.39545899999999,2,527.8666666666667,duration_weighted_berth_medoid,"POLYGON ((122.400537 30.385831, 122.400537 30.399888, 122.386037 30.399888, 122.386037 30.385831, 122.400537 30.385831))"
398,31.007809428571427,121.4491935164835,3,72446.98333333334,duration_weighted_berth_medoid,"POLYGON ((121.435573 31.003318, 121.454616 31.003318, 121.454616 31.015183, 121.435573 31.015183, 121.435573 31.003318))"
399,36.87258346666667,122.44716443333333,1,64885.78333333333,duration_weighted_berth_medoid,"POLYGON ((122.454178 36.86775, 122.454178 36.877134, 122.442552 36.877134, 122.442552 36.86775, 122.454178 36.86775))"
400,32.19875942857143,119.28287485714286,7,42486.33333333333,duration_weighted_berth_medoid,"POLYGON ((119.299222 32.193159, 119.299222 32.209448, 119.264744 32.209448, 119.264744 32.193159, 119.299222 32.193159))"
401,37.790319078431374,120.63188821568627,1,39641.21666666667,duration_weighted_berth_medoid,"POLYGON ((120.639488 37.786782, 120.639488 37.794352, 120.624981 37.794352, 120.624981 37.786782, 120.639488 37.786782))"
402,30.068227098039216,121.89416217647059,1,11865.866666666667,duration_weighted_berth_medoid,"POLYGON ((121.889097 30.063824, 121.899191 30.063824, 121.899191 30.072612, 121.889097 30.072612, 121.889097 30.063824))"
403,32.249003075000005,119.69267835000001,1,43494.683333333334,duration_weighted_berth_medoid,"POLYGON ((119.697661 32.245713, 119.697661 32.253364, 119.687484 32.253364, 119.687484 32.245713, 119.697661 32.245713))"
404,31.924774244444446,120.20783542222222,2,23067.883333333335,duration_weighted_berth_medoid,"POLYGON ((120.202857 31.920517, 120.217749 31.920517, 120.217749 31.929687, 120.202857 31.929687, 120.202857 31.920517))"
405,40.05372659906542,120.02511882429906,1,58131.433333333334,duration_weighted_berth_medoid,"POLYGON ((120.019948 40.049862, 120.030037 40.049862, 120.030037 40.057471, 120.019948 40.057471, 120.019948 40.049862))"
406,32.27173223529412,119.70573252941176,3,3609.116666666667,duration_weighted_berth_medoid,"POLYGON ((119.699536 32.264697, 119.713114 32.264697, 119.713114 32.277901, 119.699536 32.277901, 119.699536 32.264697))"
407,31.6754544556962,121.18029535443038,2,24675.83333333333,duration_weighted_berth_medoid,"POLYGON ((121.172687 31.671232, 121.185168 31.671232, 121.185168 31.681188, 121.172687 31.681188, 121.172687 31.671232))"
408,39.98465419378238,119.83464732849741,9,58571.566666666666,duration_weighted_berth_medoid,"POLYGON ((119.842565 39.969468, 119.842565 39.990523, 119.82133 39.990523, 119.82133 39.969468, 119.842565 39.969468))"
409,31.997169763157892,119.99968668421053,3,29750.6,duration_weighted_berth_medoid,"POLYGON ((119.992106 31.990994, 120.006562 31.990994, 120.006562 32.004345, 119.992106 32.004345, 119.992106 31.990994))"
410,31.68380926984127,121.16338585714286,1,2869.366666666667,duration_weighted_berth_medoid,"POLYGON ((121.158285 31.679605, 121.168292 31.679605, 121.168292 31.688059, 121.158285 31.688059, 121.158285 31.679605))"
411,37.44005462222223,120.02006777037037,1,7346.533333333334,duration_weighted_berth_medoid,"POLYGON ((120.015104 37.436132, 120.025009 37.436132, 120.025009 37.444105, 120.015104 37.444105, 120.015104 37.436132))"
412,29.783535304054055,122.08423947297298,1,6836.5,duration_weighted_berth_medoid,"POLYGON ((122.07929 29.779236, 122.08918 29.779236, 122.08918 29.787823, 122.07929 29.787823, 122.07929 29.779236))"
413,28.27401195744681,121.55748991489362,2,7514.4333333333325,duration_weighted_berth_medoid,"POLYGON ((121.549445 28.268921, 121.56362 28.268921, 121.56362 28.278826, 121.549445 28.278826, 121.549445 28.268921))"
414,28.38678366666667,121.65885619047619,1,6175.816666666667,duration_weighted_berth_medoid,"POLYGON ((121.653088 28.382186, 121.664387 28.382186, 121.664387 28.391133, 121.653088 28.391133, 121.653088 28.382186))"
415,39.047258125,117.77088718750001,2,11431.783333333333,duration_weighted_berth_medoid,"POLYGON ((117.762463 39.042613, 117.777858 39.042613, 117.777858 39.052428, 117.762463 39.052428, 117.762463 39.042613))"
416,31.290949,121.74566471428571,1,230.08333333333334,duration_weighted_berth_medoid,"POLYGON ((121.751377 31.288518, 121.751377 31.295602, 121.740826 31.295602, 121.740826 31.288518, 121.751377 31.288518))"
417,31.97683947368421,120.44681760526316,2,21757.316666666666,duration_weighted_berth_medoid,"POLYGON ((120.45398 31.971754, 120.45398 31.983417, 120.441726 31.983417, 120.441726 31.971754, 120.45398 31.971754))"
418,29.997244345507667,122.0794723265157,1,83452.04999999999,duration_weighted_berth_medoid,"POLYGON ((122.084748 29.992791, 122.084748 30.001409, 122.075877 30.001409, 122.075877 29.992791, 122.084748 29.992791))"
419,39.08266307142857,118.49074498809523,2,49487.850000000006,duration_weighted_berth_medoid,"POLYGON ((118.485539 39.076281, 118.502262 39.076281, 118.502262 39.086485, 118.485539 39.086485, 118.485539 39.076281))"
420,30.01824,122.072252,1,177.81666666666666,duration_weighted_berth_medoid,"POLYGON ((122.067291 30.013962, 122.077193 30.013962, 122.077193 30.022604, 122.067291 30.022604, 122.067291 30.013962))"
421,38.808869529411766,121.13631379411765,1,16291.250000000004,duration_weighted_berth_medoid,"POLYGON ((121.131158 38.804826, 121.141938 38.804826, 121.141938 38.813098, 121.131158 38.813098, 121.131158 38.804826))"
422,38.94685825,118.48854670833333,1,9991.383333333333,duration_weighted_berth_medoid,"POLYGON ((118.493495 38.943297, 118.493495 38.947678, 118.483325 38.947678, 118.483325 38.943297, 118.493495 38.943297))"
423,40.297084197530864,122.08653804938272,1,8893.599999999999,duration_weighted_berth_medoid,"POLYGON ((122.091785 40.294699, 122.091785 40.29807, 122.081208 40.29807, 122.081208 40.294699, 122.091785 40.294699))"
424,32.08165235416667,121.63034202083333,2,6277.383333333333,duration_weighted_berth_medoid,"POLYGON ((121.623933 32.077438, 121.635459 32.077438, 121.635459 32.086154, 121.623933 32.086154, 121.623933 32.077438))"
425,30.101218753623186,121.86969691304348,1,3778.8833333333328,duration_weighted_berth_medoid,"POLYGON ((121.863602 30.096944, 121.874629 30.096944, 121.874629 30.10582, 121.863602 30.10582, 121.863602 30.096944))"
426,21.607451902439024,108.32716129268292,2,12841.333333333332,duration_weighted_berth_medoid,"POLYGON ((108.322157 21.6028, 108.333762 21.6028, 108.333762 21.618573, 108.322157 21.618573, 108.322157 21.6028))"
427,21.697595391304347,108.63536704347825,1,18204.666666666664,duration_weighted_berth_medoid,"POLYGON ((108.629772 21.686312, 108.64048 21.686312, 108.64048 21.703573, 108.629772 21.703573, 108.629772 21.686312))"
428,39.0404225,118.3623245,3,213949.11666666667,duration_weighted_berth_medoid,"POLYGON ((118.355331 39.035948, 118.371553 39.035948, 118.371553 39.045566, 118.355331 39.045566, 118.355331 39.035948))"
429,21.595096032786888,108.32880821311475,1,15607.599999999999,duration_weighted_berth_medoid,"POLYGON ((108.32378 21.587092, 108.33513 21.587092, 108.33513 21.600516, 108.32378 21.600516, 108.32378 21.587092))"
430,37.413693,119.95016912962963,3,21329.1,duration_weighted_berth_medoid,"POLYGON ((119.942059 37.409711, 119.956672 37.409711, 119.956672 37.426212, 119.942059 37.426212, 119.942059 37.409711))"
431,22.782456410958904,115.92834553424657,1,677.9833333333333,duration_weighted_berth_medoid,"POLYGON ((115.923376 22.777901, 115.933284 22.777901, 115.933284 22.787048, 115.923376 22.787048, 115.923376 22.777901))"
432,22.81747104255319,113.5735284680851,1,1669.15,duration_weighted_berth_medoid,"POLYGON ((113.568532 22.812667, 113.578471 22.812667, 113.578471 22.822023, 113.568532 22.822023, 113.568532 22.812667))"
433,21.92770384313725,113.2168773627451,1,4713.0,duration_weighted_berth_medoid,"POLYGON ((113.211203 21.922107, 113.222473 21.922107, 113.222473 21.932851, 113.211203 21.932851, 113.211203 21.922107))"
434,31.757696950000003,121.181046925,2,46809.11666666667,duration_weighted_berth_medoid,"POLYGON ((121.186578 31.753391, 121.186578 31.763764, 121.17216 31.763764, 121.17216 31.753391, 121.186578 31.753391))"
435,30.98486717777778,121.37679026666667,1,20496.866666666665,duration_weighted_berth_medoid,"POLYGON ((121.37052 30.98005, 121.382016 30.98005, 121.382016 30.989235, 121.37052 30.989235, 121.37052 30.98005))"
436,31.388457119999998,121.60929328,1,815.65,duration_weighted_berth_medoid,"POLYGON ((121.604355 31.38401, 121.614312 31.38401, 121.614312 31.392673, 121.604355 31.392673, 121.604355 31.38401))"
437,32.237251372340424,119.25333438297872,1,37769.26666666667,duration_weighted_berth_medoid,"POLYGON ((119.248388 32.233021, 119.258284 32.233021, 119.258284 32.241439, 119.248388 32.241439, 119.248388 32.233021))"
438,32.2426862625,119.6871135375,1,2713.9166666666665,duration_weighted_berth_medoid,"POLYGON ((119.692035 32.237829, 119.692035 32.245713, 119.681776 32.245713, 119.681776 32.237829, 119.692035 32.237829))"
439,29.89222595073892,122.00076961083744,1,12004.516666666666,duration_weighted_berth_medoid,"POLYGON ((121.994577 29.88665, 122.00573 29.88665, 122.00573 29.896478, 121.994577 29.896478, 121.994577 29.88665))"
440,37.82259442857143,120.84291257142857,4,22366.083333333336,duration_weighted_berth_medoid,"POLYGON ((120.832166 37.812008, 120.849975 37.812008, 120.849975 37.826556, 120.832166 37.826556, 120.832166 37.812008))"
441,31.752374384615386,121.19343384615385,1,2204.0833333333335,duration_weighted_berth_medoid,"POLYGON ((121.198479 31.747752, 121.198479 31.756843, 121.188382 31.756843, 121.188382 31.747752, 121.198479 31.747752))"
442,39.11039588,118.54902383999999,1,25934.416666666668,duration_weighted_berth_medoid,"POLYGON ((118.543909 39.105631, 118.556642 39.105631, 118.556642 39.11438, 118.543909 39.11438, 118.543909 39.105631))"
443,36.0977544375,120.32714115625,4,26194.166666666664,duration_weighted_berth_medoid,"POLYGON ((120.314597 36.091514, 120.332157 36.091514, 120.332157 36.104383, 120.314597 36.104383, 120.314597 36.091514))"
444,32.19391527333333,119.34960502,1,9895.716666666665,duration_weighted_berth_medoid,"POLYGON ((119.344312 32.189512, 119.35678 32.189512, 119.35678 32.198679, 119.344312 32.198679, 119.344312 32.189512))"
445,26.469349799999996,119.6705948,2,508.1166666666666,duration_weighted_berth_medoid,"POLYGON ((119.665254 26.463333, 119.677665 26.463333, 119.677665 26.474325, 119.665254 26.474325, 119.665254 26.463333))"
446,22.902244000000003,113.56508060000002,1,379.66666666666663,duration_weighted_berth_medoid,"POLYGON ((113.560174 22.897693, 113.571241 22.897693, 113.571241 22.906823, 113.560174 22.906823, 113.560174 22.897693))"
447,21.7187622987013,108.58509976623375,1,4828.216666666666,duration_weighted_berth_medoid,"POLYGON ((108.589754 21.716544, 108.589754 21.723134, 108.580082 21.723134, 108.580082 21.716544, 108.589754 21.716544))"
448,22.695742027272725,114.56135657272728,2,32033.86666666667,duration_weighted_berth_medoid,"POLYGON ((114.554384 22.690059, 114.569357 22.690059, 114.569357 22.700457, 114.554384 22.700457, 114.554384 22.690059))"
449,32.018449972972974,120.60370912837838,2,9886.699999999999,duration_weighted_berth_medoid,"POLYGON ((120.598314 32.01136, 120.613386 32.01136, 120.613386 32.022824, 120.598314 32.022824, 120.598314 32.01136))"
450,30.9830705,121.36064666666665,1,638.35,duration_weighted_berth_medoid,"POLYGON ((121.355675 30.978686, 121.365611 30.978686, 121.365611 30.987316, 121.355675 30.987316, 121.355675 30.978686))"
451,31.002073476190475,121.42959152380953,1,14059.799999999997,duration_weighted_berth_medoid,"POLYGON ((121.423417 30.997495, 121.434683 30.997495, 121.434683 31.006349, 121.423417 31.006349, 121.423417 30.997495))"
452,30.115087999999997,121.94777714285715,2,58539.36666666667,duration_weighted_berth_medoid,"POLYGON ((121.942068 30.106484, 121.957782 30.106484, 121.957782 30.120194, 121.942068 30.120194, 121.942068 30.106484))"
453,29.64011901574803,121.93736566535433,3,62334.83333333333,duration_weighted_berth_medoid,"POLYGON ((121.932407 29.631082, 121.953822 29.631082, 121.953822 29.644429, 121.932407 29.644429, 121.932407 29.631082))"
454,22.707787181818183,114.58389303030303,2,2674.8166666666666,duration_weighted_berth_medoid,"POLYGON ((114.578881 22.703052, 114.591504 22.703052, 114.591504 22.712396, 114.578881 22.712396, 114.578881 22.703052))"
455,29.51608548701299,121.66392238311688,1,11926.483333333334,duration_weighted_berth_medoid,"POLYGON ((121.65899 29.511754, 121.668993 29.511754, 121.668993 29.520451, 121.65899 29.520451, 121.65899 29.511754))"
456,21.583661,109.58908516666666,1,840.95,duration_weighted_berth_medoid,"POLYGON ((109.594578 21.579067, 109.594578 21.58857, 109.584276 21.58857, 109.584276 21.579067, 109.594578 21.579067))"
457,26.780596454545456,119.71788615909091,1,3690.833333333333,duration_weighted_berth_medoid,"POLYGON ((119.72335 26.777356, 119.72335 26.783894, 119.712935 26.783894, 119.712935 26.777356, 119.72335 26.777356))"
458,27.490973313253015,120.67139185542167,2,10803.916666666668,duration_weighted_berth_medoid,"POLYGON ((120.666409 27.485618, 120.680786 27.485618, 120.680786 27.495372, 120.666409 27.495372, 120.666409 27.485618))"
459,31.948618238095236,120.13104442857143,3,1551.1,duration_weighted_berth_medoid,"POLYGON ((120.122525 31.941621, 120.136113 31.941621, 120.136113 31.953205, 120.122525 31.953205, 120.122525 31.941621))"
460,31.433826716666665,121.46976915,1,13061.666666666666,duration_weighted_berth_medoid,"POLYGON ((121.476965 31.429851, 121.476965 31.438544, 121.463997 31.438544, 121.463997 31.429851, 121.476965 31.429851))"
461,39.830517223684204,124.1593817368421,2,58488.34999999999,duration_weighted_berth_medoid,"POLYGON ((124.164546 39.822711, 124.164546 39.835418, 124.15375 39.835418, 124.15375 39.822711, 124.164546 39.822711))"
462,26.138360499999997,119.60441134999999,1,7463.45,duration_weighted_berth_medoid,"POLYGON ((119.598718 26.133524, 119.609413 26.133524, 119.609413 26.14271, 119.598718 26.14271, 119.598718 26.133524))"
463,24.839041037037035,118.93367592592593,2,908.25,duration_weighted_berth_medoid,"POLYGON ((118.925528 24.832979, 118.938624 24.832979, 118.938624 24.843477, 118.925528 24.843477, 118.925528 24.832979))"
464,26.2879826875,119.8709750625,1,438.0333333333333,duration_weighted_berth_medoid,"POLYGON ((119.865948 26.283553, 119.875907 26.283553, 119.875907 26.292476, 119.865948 26.292476, 119.865948 26.283553))"
465,32.2366562,119.17423386666665,1,705.1,duration_weighted_berth_medoid,"POLYGON ((119.169193 32.232291, 119.17933 32.232291, 119.17933 32.24079, 119.169193 32.24079, 119.169193 32.232291))"
466,31.8153738627451,118.52854941176471,2,10568.066666666666,duration_weighted_berth_medoid,"POLYGON ((118.523617 31.811175, 118.53523 31.811175, 118.53523 31.823051, 118.523617 31.823051, 118.523617 31.811175))"
467,22.222920625,113.384306625,1,2728.5499999999997,duration_weighted_berth_medoid,"POLYGON ((113.37912 22.218318, 113.389392 22.218318, 113.389392 22.228098, 113.37912 22.228098, 113.37912 22.218318))"
468,31.668483300000002,121.8519988,1,821.4666666666667,duration_weighted_berth_medoid,"POLYGON ((121.846744 31.664272, 121.857207 31.664272, 121.857207 31.67264, 121.846744 31.67264, 121.846744 31.664272))"
469,36.37479177777778,120.87205381481482,1,2940.8166666666666,duration_weighted_berth_medoid,"POLYGON ((120.866961 36.370341, 120.876995 36.370341, 120.876995 36.378773, 120.866961 36.378773, 120.866961 36.370341))"
470,24.86261594736842,118.88375985087718,1,5573.083333333333,duration_weighted_berth_medoid,"POLYGON ((118.878828 24.858133, 118.888778 24.858133, 118.888778 24.867111, 118.878828 24.867111, 118.878828 24.858133))"
471,32.0242904375,120.635300125,3,71795.06666666667,duration_weighted_berth_medoid,"POLYGON ((120.642585 32.018814, 120.642585 32.028477, 120.629715 32.028477, 120.629715 32.018814, 120.642585 32.018814))"
472,22.145222818181818,113.09975409090909,1,589.7166666666667,duration_weighted_berth_medoid,"POLYGON ((113.094833 22.140091, 113.104959 22.140091, 113.104959 22.149781, 113.094833 22.149781, 113.094833 22.140091))"
473,32.0151974251497,120.63335938922155,2,16438.033333333333,duration_weighted_berth_medoid,"POLYGON ((120.63832 32.008466, 120.63832 32.018814, 120.626586 32.018814, 120.626586 32.008466, 120.63832 32.008466))"
474,38.095907905660376,118.03897337735849,2,12100.816666666668,duration_weighted_berth_medoid,"POLYGON ((118.033592 38.085399, 118.048604 38.085399, 118.048604 38.100521, 118.033592 38.100521, 118.033592 38.085399))"
475,38.06484218181818,118.037997,2,7274.983333333334,duration_weighted_berth_medoid,"POLYGON ((118.045436 38.055663, 118.045436 38.069128, 118.032454 38.069128, 118.032454 38.055663, 118.045436 38.055663))"
476,38.182464181818176,118.07916472727274,4,2488.4333333333334,duration_weighted_berth_medoid,"POLYGON ((118.08745 38.175643, 118.08745 38.193675, 118.072516 38.193675, 118.072516 38.175643, 118.08745 38.175643))"
477,38.07543775,118.0461615,1,32434.999999999996,duration_weighted_berth_medoid,"POLYGON ((118.051896 38.069128, 118.051896 38.083615, 118.039951 38.083615, 118.039951 38.069128, 118.051896 38.069128))"
478,39.38410135135135,121.75049435135136,3,23560.933333333334,duration_weighted_berth_medoid,"POLYGON ((121.737067 39.378635, 121.755363 39.378635, 121.755363 39.390351, 121.737067 39.390351, 121.737067 39.378635))"
479,38.02929429069767,118.0351703255814,2,11538.283333333333,duration_weighted_berth_medoid,"POLYGON ((118.042307 38.025721, 118.042307 38.036325, 118.030242 38.036325, 118.030242 38.025721, 118.042307 38.025721))"
480,37.71563122580645,121.10949064516129,1,8272.3,duration_weighted_berth_medoid,"POLYGON ((121.111646 37.710565, 121.111646 37.721282, 121.103585 37.721282, 121.103585 37.710565, 121.111646 37.710565))"
481,39.271879642857144,121.57631335714287,6,3755.9000000000005,duration_weighted_berth_medoid,"POLYGON ((121.566894 39.266076, 121.586887 39.266076, 121.586887 39.279005, 121.566894 39.279005, 121.566894 39.266076))"
482,38.02231231481482,118.02859425925926,5,47516.28333333334,duration_weighted_berth_medoid,"POLYGON ((118.033433 38.011609, 118.033433 38.025721, 118.014196 38.025721, 118.014196 38.011609, 118.033433 38.011609))"
483,37.57740816883117,121.39182688311688,3,4721.533333333334,duration_weighted_berth_medoid,"POLYGON ((121.379909 37.573492, 121.396982 37.573492, 121.396982 37.587353, 121.379909 37.587353, 121.379909 37.573492))"
484,37.42031333519553,122.63597341340783,2,14771.733333333334,duration_weighted_berth_medoid,"POLYGON ((122.630837 37.41631, 122.645274 37.41631, 122.645274 37.426815, 122.630837 37.426815, 122.630837 37.41631))"
485,31.119130523809524,121.4662780952381,1,1089.0,duration_weighted_berth_medoid,"POLYGON ((121.461215 31.114901, 121.471245 31.114901, 121.471245 31.123789, 121.461215 31.123789, 121.461215 31.114901))"
486,31.695559,121.17375127586207,1,1511.25,duration_weighted_berth_medoid,"POLYGON ((121.167587 31.691153, 121.178981 31.691153, 121.178981 31.699855, 121.167587 31.699855, 121.167587 31.691153))"
487,25.345006,119.64098595,2,17889.866666666665,duration_weighted_berth_medoid,"POLYGON ((119.644863 25.340199, 119.644863 25.350154, 119.631807 25.350154, 119.631807 25.340199, 119.644863 25.340199))"
488,30.111146020202018,121.97442830303031,2,14882.633333333335,duration_weighted_berth_medoid,"POLYGON ((121.967132 30.106818, 121.979465 30.106818, 121.979465 30.119967, 121.967132 30.119967, 121.967132 30.106818))"
489,29.93079119230769,121.98673326923077,2,76034.81666666667,duration_weighted_berth_medoid,"POLYGON ((121.994749 29.923311, 121.994749 29.935088, 121.98176 29.935088, 121.98176 29.923311, 121.994749 29.923311))"
490,30.15697384375,122.0797638125,1,44589.3,duration_weighted_berth_medoid,"POLYGON ((122.073688 30.152519, 122.084785 30.152519, 122.084785 30.161377, 122.073688 30.161377, 122.073688 30.152519))"
491,29.962254425531913,121.80487465957448,1,13433.533333333335,duration_weighted_berth_medoid,"POLYGON ((121.799902 29.957951, 121.809854 29.957951, 121.809854 29.966605, 121.799902 29.966605, 121.799902 29.957951))"
492,38.95770121428571,117.7601954047619,1,30864.883333333328,duration_weighted_berth_medoid,"POLYGON ((117.755269 38.953414, 117.766158 38.953414, 117.766158 38.961462, 117.755269 38.961462, 117.755269 38.953414))"
493,31.380274055555553,121.56458599999999,1,8520.766666666666,duration_weighted_berth_medoid,"POLYGON ((121.570265 31.37563, 121.570265 31.384408, 121.56016 31.384408, 121.56016 31.37563, 121.570265 31.37563))"
494,29.756282893617023,122.06266208510638,1,13531.516666666665,duration_weighted_berth_medoid,"POLYGON ((122.057377 29.751149, 122.067819 29.751149, 122.067819 29.760706, 122.057377 29.760706, 122.057377 29.751149))"
495,29.953854222222223,121.96675269696969,2,10612.583333333332,duration_weighted_berth_medoid,"POLYGON ((121.961831 29.944217, 121.975458 29.944217, 121.975458 29.958231, 121.961831 29.958231, 121.961831 29.944217))"
496,40.201308195121946,121.96150207317073,1,2243.516666666667,duration_weighted_berth_medoid,"POLYGON ((121.956446 40.197495, 121.966423 40.197495, 121.966423 40.205067, 121.956446 40.205067, 121.956446 40.197495))"
497,32.069454391025644,120.52568014743589,1,10951.566666666666,duration_weighted_berth_medoid,"POLYGON ((120.52064 32.065249, 120.530635 32.065249, 120.530635 32.073679, 120.52064 32.073679, 120.52064 32.065249))"
498,35.57396969444445,119.77430038888889,2,19603.716666666667,duration_weighted_berth_medoid,"POLYGON ((119.766373 35.568387, 119.780148 35.568387, 119.780148 35.578516, 119.766373 35.578516, 119.766373 35.568387))"
499,30.683163993006993,121.28538518881119,1,45626.75000000001,duration_weighted_berth_medoid,"POLYGON ((121.280358 30.678859, 121.291151 30.678859, 121.291151 30.687731, 121.280358 30.687731, 121.280358 30.678859))"
500,21.16084528358209,110.40823056716418,1,20501.166666666668,duration_weighted_berth_medoid,"POLYGON ((110.413159 21.156158, 110.413159 21.164241, 110.403109 21.164241, 110.403109 21.156158, 110.413159 21.156158))"
501,32.25203740740741,119.13090355555555,5,85724.84999999999,duration_weighted_berth_medoid,"POLYGON ((119.119224 32.247355, 119.142133 32.247355, 119.142133 32.256222, 119.119224 32.256222, 119.119224 32.247355))"
502,37.442276820512824,121.58117517948718,1,69071.59999999999,duration_weighted_berth_medoid,"POLYGON ((121.574689 37.438058, 121.586451 37.438058, 121.586451 37.446241, 121.574689 37.446241, 121.574689 37.438058))"
503,37.254024924999996,119.8647948,1,29509.933333333334,duration_weighted_berth_medoid,"POLYGON ((119.85868 37.249917, 119.870648 37.249917, 119.870648 37.257955, 119.85868 37.257955, 119.85868 37.249917))"
504,37.596471055555554,121.38101627777777,2,14689.533333333333,duration_weighted_berth_medoid,"POLYGON ((121.375603 37.591872, 121.391147 37.591872, 121.391147 37.601925, 121.375603 37.601925, 121.375603 37.591872))"
505,37.7833105,120.62969263636364,2,28925.333333333332,duration_weighted_berth_medoid,"POLYGON ((120.634946 37.778542, 120.634946 37.786782, 120.620456 37.786782, 120.620456 37.778542, 120.634946 37.778542))"
506,35.91274037681159,120.1383358115942,1,29613.61666666667,duration_weighted_berth_medoid,"POLYGON ((120.132716 35.907972, 120.143547 35.907972, 120.143547 35.917924, 120.132716 35.917924, 120.132716 35.907972))"
507,38.81735551282051,121.13281785897435,1,11521.816666666666,duration_weighted_berth_medoid,"POLYGON ((121.127303 38.81327, 121.138326 38.81327, 121.138326 38.821154, 121.127303 38.821154, 121.127303 38.81327))"
508,34.28893638888889,119.70817527777778,3,21418.399999999998,duration_weighted_berth_medoid,"POLYGON ((119.697415 34.280906, 119.713009 34.280906, 119.713009 34.293012, 119.697415 34.293012, 119.697415 34.280906))"
509,34.39145513333333,119.79150953333334,2,82047.91666666664,duration_weighted_berth_medoid,"POLYGON ((119.785436 34.386894, 119.802742 34.386894, 119.802742 34.396508, 119.785436 34.396508, 119.785436 34.386894))"
510,37.27728136290323,118.98873599193549,2,22793.966666666667,duration_weighted_berth_medoid,"POLYGON ((118.978929 37.271503, 118.994007 37.271503, 118.994007 37.281279, 118.978929 37.281279, 118.978929 37.271503))"
511,29.621966054054056,121.75876275675677,1,1651.2333333333333,duration_weighted_berth_medoid,"POLYGON ((121.753802 29.617669, 121.763703 29.617669, 121.763703 29.626261, 121.753802 29.626261, 121.753802 29.617669))"
512,27.97529049484536,120.84813138144331,1,5005.933333333333,duration_weighted_berth_medoid,"POLYGON ((120.84321 27.970927, 120.853224 27.970927, 120.853224 27.979775, 120.84321 27.979775, 120.84321 27.970927))"
513,26.74846675,119.61219600000001,1,21407.333333333332,duration_weighted_berth_medoid,"POLYGON ((119.606887 26.743914, 119.620482 26.743914, 119.620482 26.753333, 119.606887 26.753333, 119.606887 26.743914))"
514,30.84364233333333,121.84293470833332,1,1187.65,duration_weighted_berth_medoid,"POLYGON ((121.837961 30.839341, 121.847873 30.839341, 121.847873 30.847882, 121.837961 30.847882, 121.837961 30.839341))"
515,30.84106448,121.81798228,2,6661.049999999999,duration_weighted_berth_medoid,"POLYGON ((121.812218 30.836624, 121.827128 30.836624, 121.827128 30.845277, 121.812218 30.845277, 121.812218 30.836624))"
516,24.675568472222224,118.45345088888888,3,32897.683333333334,duration_weighted_berth_medoid,"POLYGON ((118.445845 24.664921, 118.458404 24.664921, 118.458404 24.683582, 118.445845 24.683582, 118.445845 24.664921))"
517,35.34662139568345,119.53417079856115,1,11957.016666666668,duration_weighted_berth_medoid,"POLYGON ((119.52911 35.341429, 119.539132 35.341429, 119.539132 35.353153, 119.52911 35.353153, 119.52911 35.341429))"
518,34.73840147761194,119.4470496119403,2,4948.916666666666,duration_weighted_berth_medoid,"POLYGON ((119.458713 34.73341, 119.458713 34.742382, 119.442118 34.742382, 119.442118 34.73341, 119.458713 34.73341))"
519,34.42313697619048,119.78620947619046,1,8050.400000000001,duration_weighted_berth_medoid,"POLYGON ((119.789516 34.418196, 119.789516 34.427578, 119.780884 34.427578, 119.780884 34.418196, 119.789516 34.418196))"
520,27.978744595238098,120.85978073809524,1,5974.233333333334,duration_weighted_berth_medoid,"POLYGON ((120.854332 27.97408, 120.86467 27.97408, 120.86467 27.983097, 120.854332 27.983097, 120.854332 27.97408))"
521,26.8137115,119.686041,1,4989.099999999999,duration_weighted_berth_medoid,"POLYGON ((119.680889 26.809255, 119.691 26.809255, 119.691 26.818666, 119.680889 26.818666, 119.680889 26.809255))"
522,29.483653503597125,121.48324500719424,1,14257.966666666667,duration_weighted_berth_medoid,"POLYGON ((121.477606 29.478801, 121.488718 29.478801, 121.488718 29.488343, 121.477606 29.488343, 121.477606 29.478801))"
523,35.99250980952381,120.27235190476192,1,7561.85,duration_weighted_berth_medoid,"POLYGON ((120.267235 35.988444, 120.277289 35.988444, 120.277289 35.996967, 120.267235 35.996967, 120.267235 35.988444))"
524,34.4536153,119.78767869999999,1,367.95,duration_weighted_berth_medoid,"POLYGON ((119.792544 34.449827, 119.792544 34.457756, 119.782382 34.457756, 119.782382 34.449827, 119.792544 34.449827))"
525,31.77528203614458,118.49468839759037,1,10107.483333333334,duration_weighted_berth_medoid,"POLYGON ((118.489225 31.770722, 118.501082 31.770722, 118.501082 31.780928, 118.489225 31.780928, 118.489225 31.770722))"
526,23.54885492253521,116.43804591549295,2,11485.65,duration_weighted_berth_medoid,"POLYGON ((116.432421 23.54436, 116.442876 23.54436, 116.442876 23.554531, 116.432421 23.554531, 116.432421 23.54436))"
527,29.888404947368418,121.95841234210526,2,66599.91666666666,duration_weighted_berth_medoid,"POLYGON ((121.945162 29.883849, 121.964153 29.883849, 121.964153 29.894597, 121.945162 29.894597, 121.945162 29.883849))"
528,35.97889422772277,120.24675614851483,1,11582.483333333334,duration_weighted_berth_medoid,"POLYGON ((120.241804 35.97486, 120.251749 35.97486, 120.251749 35.982913, 120.241804 35.982913, 120.241804 35.97486))"
529,31.421418691860467,121.47256280813954,2,58299.65,duration_weighted_berth_medoid,"POLYGON ((121.484011 31.415821, 121.484011 31.429851, 121.465479 31.429851, 121.465479 31.415821, 121.484011 31.415821))"
530,37.59567948148148,121.39726070370371,1,1105.5666666666666,duration_weighted_berth_medoid,"POLYGON ((121.391268 37.591765, 121.402193 37.591765, 121.402193 37.599921, 121.391268 37.599921, 121.391268 37.591765))"
531,28.69275523076923,121.48364234615384,1,10174.583333333332,duration_weighted_berth_medoid,"POLYGON ((121.478633 28.688248, 121.488632 28.688248, 121.488632 28.697116, 121.478633 28.697116, 121.478633 28.688248))"
532,35.107909553846156,119.38328459230769,3,47312.4,duration_weighted_berth_medoid,"POLYGON ((119.373322 35.103845, 119.396103 35.103845, 119.396103 35.11495, 119.373322 35.11495, 119.373322 35.103845))"
533,22.73973548275862,114.61105889655173,1,11568.433333333332,duration_weighted_berth_medoid,"POLYGON ((114.606055 22.734545, 114.616304 22.734545, 114.616304 22.744318, 114.606055 22.744318, 114.606055 22.734545))"
534,21.72687069642857,108.59561414285714,4,34709.566666666666,duration_weighted_berth_medoid,"POLYGON ((108.601682 21.717487, 108.601682 21.735231, 108.589754 21.735231, 108.589754 21.717487, 108.601682 21.717487))"
535,22.806730187499998,113.03047698958333,4,13454.55,duration_weighted_berth_medoid,"POLYGON ((113.035316 22.798811, 113.035316 22.818565, 113.019247 22.818565, 113.019247 22.798811, 113.035316 22.798811))"
536,22.802431825,113.006448525,1,3167.85,duration_weighted_berth_medoid,"POLYGON ((113.001329 22.797769, 113.011365 22.797769, 113.011365 22.806965, 113.001329 22.806965, 113.001329 22.797769))"
537,23.073006774647887,113.4921784084507,1,9800.766666666666,duration_weighted_berth_medoid,"POLYGON ((113.487078 23.067602, 113.497208 23.067602, 113.497208 23.078408, 113.487078 23.078408, 113.487078 23.067602))"
538,37.59495158552632,121.40921751973684,1,4875.083333333333,duration_weighted_berth_medoid,"POLYGON ((121.40433 37.590921, 121.414391 37.590921, 121.414391 37.598824, 121.40433 37.598824, 121.40433 37.590921))"
539,26.464237035714287,119.61696035714286,1,10232.533333333333,duration_weighted_berth_medoid,"POLYGON ((119.611678 26.459535, 119.621984 26.459535, 119.621984 26.468664, 119.611678 26.468664, 119.611678 26.459535))"
540,22.883089794871797,112.90421361538462,1,1396.2166666666667,duration_weighted_berth_medoid,"POLYGON ((112.899257 22.877744, 112.90932 22.877744, 112.90932 22.887634, 112.899257 22.887634, 112.899257 22.877744))"
541,22.38974520967742,113.07871985483871,1,8808.1,duration_weighted_berth_medoid,"POLYGON ((113.073788 22.385049, 113.08378 22.385049, 113.08378 22.394314, 113.073788 22.394314, 113.073788 22.385049))"
542,31.785296172413794,118.50976375862071,1,1729.0,duration_weighted_berth_medoid,"POLYGON ((118.503714 31.780636, 118.514696 31.780636, 118.514696 31.78945, 118.503714 31.78945, 118.503714 31.780636))"
543,29.968383439999997,121.79259424,1,1389.0333333333333,duration_weighted_berth_medoid,"POLYGON ((121.787662 29.964103, 121.797615 29.964103, 121.797615 29.972707, 121.787662 29.972707, 121.787662 29.964103))"
544,31.083403084210524,121.47096105263158,1,6993.9,duration_weighted_berth_medoid,"POLYGON ((121.475953 31.079172, 121.475953 31.087374, 121.465961 31.087374, 121.465961 31.079172, 121.475953 31.079172))"
545,28.69285118181818,121.50302747727272,1,6427.95,duration_weighted_berth_medoid,"POLYGON ((121.498077 28.688505, 121.508179 28.688505, 121.508179 28.697236, 121.498077 28.697236, 121.498077 28.688505))"
546,28.68674460465116,121.45350041860465,1,7866.15,duration_weighted_berth_medoid,"POLYGON ((121.448482 28.68235, 121.458499 28.68235, 121.458499 28.69118, 121.448482 28.69118, 121.448482 28.68235))"
547,29.755861892857144,122.14342710714286,3,33310.96666666667,duration_weighted_berth_medoid,"POLYGON ((122.138399 29.751402, 122.157171 29.751402, 122.157171 29.764702, 122.138399 29.764702, 122.138399 29.751402))"
548,31.291413739130434,121.56020113043478,1,2068.6166666666663,duration_weighted_berth_medoid,"POLYGON ((121.563727 31.286694, 121.563727 31.295634, 121.555263 31.295634, 121.555263 31.286694, 121.563727 31.286694))"
549,30.0305361,121.9988649,1,10424.016666666666,duration_weighted_berth_medoid,"POLYGON ((122.004358 30.025692, 122.004358 30.034862, 121.995188 30.034862, 121.995188 30.025692, 122.004358 30.025692))"
550,36.859756399999995,122.37865179999999,1,17174.466666666667,duration_weighted_berth_medoid,"POLYGON ((122.373483 36.855629, 122.38514 36.855629, 122.38514 36.864128, 122.373483 36.864128, 122.373483 36.855629))"
551,31.946870096153848,120.08185582692307,1,2028.9,duration_weighted_berth_medoid,"POLYGON ((120.07674 31.942594, 120.086762 31.942594, 120.086762 31.951033, 120.07674 31.951033, 120.07674 31.942594))"
552,28.166285578378382,121.11000012432432,2,30349.466666666667,duration_weighted_berth_medoid,"POLYGON ((121.115079 28.158706, 121.115079 28.17105, 121.105473 28.17105, 121.105473 28.158706, 121.115079 28.158706))"
553,19.051520125,108.622489875,1,380.8833333333333,duration_weighted_berth_medoid,"POLYGON ((108.617549 19.04685, 108.627435 19.04685, 108.627435 19.056196, 108.617549 19.056196, 108.617549 19.04685))"
554,39.966575285714285,119.82372185714287,1,233.93333333333334,duration_weighted_berth_medoid,"POLYGON ((119.828663 39.962781, 119.828663 39.969468, 119.818779 39.969468, 119.818779 39.962781, 119.828663 39.962781))"
555,37.55707566666666,121.43385523809523,1,470.93333333333334,duration_weighted_berth_medoid,"POLYGON ((121.428917 37.553159, 121.438867 37.553159, 121.438867 37.561413, 121.428917 37.561413, 121.428917 37.553159))"
556,38.16878357142857,118.07410685714285,2,390.7166666666667,duration_weighted_berth_medoid,"POLYGON ((118.080744 38.164899, 118.080744 38.175643, 118.068492 38.175643, 118.068492 38.164899, 118.080744 38.164899))"
557,31.236728333333335,118.13997866666668,1,13289.749999999998,duration_weighted_berth_medoid,"POLYGON ((118.133297 31.231172, 118.145196 31.231172, 118.145196 31.241027, 118.133297 31.241027, 118.133297 31.231172))"
558,26.4951394,119.85230670000001,1,355.7166666666667,duration_weighted_berth_medoid,"POLYGON ((119.846891 26.490717, 119.857213 26.490717, 119.857213 26.500149, 119.846891 26.500149, 119.846891 26.490717))"
559,32.129216687500005,118.775585375,1,50460.799999999996,duration_weighted_berth_medoid,"POLYGON ((118.769082 32.12335, 118.78304 32.12335, 118.78304 32.13498, 118.769082 32.13498, 118.769082 32.12335))"
560,32.19919382352941,118.75782429411764,2,25050.783333333333,duration_weighted_berth_medoid,"POLYGON ((118.752619 32.192296, 118.766068 32.192296, 118.766068 32.206998, 118.752619 32.206998, 118.752619 32.192296))"
561,31.105263651685394,117.99896076404495,3,23801.5,duration_weighted_berth_medoid,"POLYGON ((117.990133 31.094868, 118.003961 31.094868, 118.003961 31.109576, 117.990133 31.109576, 117.990133 31.094868))"
562,31.1965542,118.0631934,1,1208.75,duration_weighted_berth_medoid,"POLYGON ((118.058137 31.192209, 118.068126 31.192209, 118.068126 31.200785, 118.058137 31.200785, 118.058137 31.192209))"
563,26.803885666666666,119.69297611111112,1,2789.166666666667,duration_weighted_berth_medoid,"POLYGON ((119.687843 26.799379, 119.697986 26.799379, 119.697986 26.808425, 119.687843 26.808425, 119.687843 26.799379))"
564,31.99409132857143,120.58250801428572,2,13918.733333333335,duration_weighted_berth_medoid,"POLYGON ((120.572375 31.989903, 120.588046 31.989903, 120.588046 31.998752, 120.572375 31.998752, 120.572375 31.989903))"
565,31.803731866666666,121.06129117777778,1,22059.7,duration_weighted_berth_medoid,"POLYGON ((121.056185 31.799506, 121.066356 31.799506, 121.066356 31.807978, 121.056185 31.807978, 121.056185 31.799506))"
566,32.2301424,119.19402695,3,2637.6,duration_weighted_berth_medoid,"POLYGON ((119.201908 32.223575, 119.201908 32.236243, 119.183261 32.236243, 119.183261 32.223575, 119.201908 32.223575))"
567,32.23318585714286,118.83553779120881,2,144969.28333333333,duration_weighted_berth_medoid,"POLYGON ((118.83052 32.227029, 118.843691 32.227029, 118.843691 32.237396, 118.83052 32.237396, 118.83052 32.227029))"
568,29.92043409090909,121.99911509090909,1,27080.183333333334,duration_weighted_berth_medoid,"POLYGON ((122.00419 29.916103, 122.00419 29.925321, 121.994749 29.925321, 121.994749 29.916103, 122.00419 29.916103))"
569,30.280524972972973,122.23396462162162,1,21895.250000000007,duration_weighted_berth_medoid,"POLYGON ((122.228883 30.27622, 122.238959 30.27622, 122.238959 30.284822, 122.228883 30.284822, 122.228883 30.27622))"
570,29.777886386363637,122.13247013636364,2,39581.78333333333,duration_weighted_berth_medoid,"POLYGON ((122.137437 29.77352, 122.137437 29.785536, 122.126847 29.785536, 122.126847 29.77352, 122.137437 29.77352))"
571,39.04550664285714,118.5198982244898,1,63226.683333333334,duration_weighted_berth_medoid,"POLYGON ((118.514819 39.041528, 118.525826 39.041528, 118.525826 39.049522, 118.514819 39.049522, 118.514819 39.041528))"
572,38.96654050724638,121.65503571014494,1,14375.666666666668,duration_weighted_berth_medoid,"POLYGON ((121.649589 38.962303, 121.660185 38.962303, 121.660185 38.970399, 121.649589 38.970399, 121.649589 38.962303))"
573,40.79741898888889,121.06779048888889,2,16697.0,duration_weighted_berth_medoid,"POLYGON ((121.080451 40.793486, 121.080451 40.802125, 121.062556 40.802125, 121.062556 40.793486, 121.080451 40.793486))"
574,37.72237375555555,121.07699464444445,2,23452.783333333333,duration_weighted_berth_medoid,"POLYGON ((121.070928 37.718285, 121.086143 37.718285, 121.086143 37.726314, 121.070928 37.726314, 121.070928 37.718285))"
575,38.97787491935484,121.90226377419354,2,21509.88333333333,duration_weighted_berth_medoid,"POLYGON ((121.893701 38.973027, 121.908034 38.973027, 121.908034 38.98168, 121.893701 38.98168, 121.893701 38.973027))"
576,32.16944626966292,118.95596296629213,2,50897.08333333333,duration_weighted_berth_medoid,"POLYGON ((118.946006 32.165132, 118.960977 32.165132, 118.960977 32.173889, 118.946006 32.173889, 118.946006 32.165132))"
577,22.917830142857145,113.55894857142857,1,267.76666666666665,duration_weighted_berth_medoid,"POLYGON ((113.563257 22.912474, 113.563257 22.922311, 113.554084 22.922311, 113.554084 22.912474, 113.563257 22.912474))"
578,30.247330563953486,122.16613834302326,1,6678.266666666666,duration_weighted_berth_medoid,"POLYGON ((122.160412 30.243062, 122.17106 30.243062, 122.17106 30.251706, 122.160412 30.251706, 122.160412 30.243062))"
579,37.64915005245902,120.28311413770491,2,11222.083333333332,duration_weighted_berth_medoid,"POLYGON ((120.278176 37.642438, 120.29075 37.642438, 120.29075 37.65306, 120.278176 37.65306, 120.278176 37.642438))"
580,31.702113583333333,121.16058225,1,407.54999999999995,duration_weighted_berth_medoid,"POLYGON ((121.165586 31.69791, 121.165586 31.707085, 121.156359 31.707085, 121.156359 31.69791, 121.165586 31.69791))"
581,22.94678808333333,116.54259116666667,1,1553.5,duration_weighted_berth_medoid,"POLYGON ((116.537606 22.942154, 116.547734 22.942154, 116.547734 22.951454, 116.537606 22.951454, 116.537606 22.942154))"
582,31.173449210526314,117.99741542105264,1,20354.35,duration_weighted_berth_medoid,"POLYGON ((118.002451 31.169212, 118.002451 31.17712, 117.992453 31.17712, 117.992453 31.169212, 118.002451 31.169212))"
583,31.921383666666664,120.89498853333332,4,4439.666666666667,duration_weighted_berth_medoid,"POLYGON ((120.881343 31.907607, 120.89995 31.907607, 120.89995 31.926135, 120.881343 31.926135, 120.881343 31.907607))"
584,31.5485120078125,118.38010980468749,3,22900.95,duration_weighted_berth_medoid,"POLYGON ((118.374435 31.542925, 118.388282 31.542925, 118.388282 31.561575, 118.374435 31.561575, 118.374435 31.542925))"
585,29.01852014285714,121.71270774285715,1,96592.41666666667,duration_weighted_berth_medoid,"POLYGON ((121.707647 29.014067, 121.717814 29.014067, 121.717814 29.02288, 121.707647 29.02288, 121.707647 29.014067))"
586,21.72719638951311,108.58269858426966,2,13882.45,duration_weighted_berth_medoid,"POLYGON ((108.587605 21.723134, 108.587605 21.736601, 108.574389 21.736601, 108.574389 21.723134, 108.587605 21.723134))"
587,32.1766390754717,118.85608571698114,1,21519.216666666667,duration_weighted_berth_medoid,"POLYGON ((118.861577 32.170366, 118.861577 32.182189, 118.847759 32.182189, 118.847759 32.170366, 118.861577 32.170366))"
588,29.508397666666667,121.64770655555556,1,21599.68333333333,duration_weighted_berth_medoid,"POLYGON ((121.642574 29.504047, 121.653434 29.504047, 121.653434 29.513176, 121.642574 29.513176, 121.642574 29.504047))"
589,30.71945295652174,117.39195139130435,2,5378.716666666667,duration_weighted_berth_medoid,"POLYGON ((117.38676 30.714356, 117.398307 30.714356, 117.398307 30.724329, 117.38676 30.724329, 117.38676 30.714356))"
590,31.255727833333335,118.165309,1,2985.583333333334,duration_weighted_berth_medoid,"POLYGON ((118.159482 31.251084, 118.171501 31.251084, 118.171501 31.260589, 118.159482 31.260589, 118.159482 31.251084))"
591,29.939634013888888,121.85778954166666,1,25905.35,duration_weighted_berth_medoid,"POLYGON ((121.852015 29.935267, 121.862866 29.935267, 121.862866 29.944105, 121.852015 29.944105, 121.852015 29.935267))"
592,32.22233156,119.05736026000001,2,10809.300000000001,duration_weighted_berth_medoid,"POLYGON ((119.051143 32.214977, 119.06714 32.214977, 119.06714 32.231558, 119.051143 32.231558, 119.051143 32.214977))"
593,30.403147333333333,122.40186533333333,1,138.56666666666666,duration_weighted_berth_medoid,"POLYGON ((122.406804 30.399888, 122.406804 30.407407, 122.396891 30.407407, 122.396891 30.399888, 122.406804 30.399888))"
594,26.5968568,119.75203510000001,1,31631.45,duration_weighted_berth_medoid,"POLYGON ((119.747047 26.592403, 119.757002 26.592403, 119.757002 26.601297, 119.747047 26.601297, 119.747047 26.592403))"
595,31.7484654,118.47049988,1,2004.0,duration_weighted_berth_medoid,"POLYGON ((118.475421 31.744264, 118.475421 31.750994, 118.464964 31.750994, 118.464964 31.744264, 118.475421 31.744264))"
596,30.867631733333333,117.73382579999999,1,1084.1333333333332,duration_weighted_berth_medoid,"POLYGON ((117.728388 30.86241, 117.738764 30.86241, 117.738764 30.871924, 117.728388 30.871924, 117.728388 30.86241))"
597,24.530313371257485,118.08389171257484,1,26491.716666666667,duration_weighted_berth_medoid,"POLYGON ((118.078836 24.525729, 118.089076 24.525729, 118.089076 24.535619, 118.078836 24.535619, 118.078836 24.525729))"
598,30.907198476923078,117.74082167692309,2,5944.433333333334,duration_weighted_berth_medoid,"POLYGON ((117.735405 30.901, 117.746038 30.901, 117.746038 30.911456, 117.735405 30.911456, 117.735405 30.901))"
599,30.731652590361442,117.42251422891567,2,4188.883333333333,duration_weighted_berth_medoid,"POLYGON ((117.427018 30.725356, 117.427018 30.736381, 117.417496 30.736381, 117.417496 30.725356, 117.427018 30.725356))"
600,29.98582111111111,121.99690377777779,1,298.96666666666664,duration_weighted_berth_medoid,"POLYGON ((121.991769 29.98133, 122.001825 29.98133, 122.001825 29.990084, 121.991769 29.990084, 121.991769 29.98133))"
601,30.82770384883721,117.72298798837208,2,5975.416666666666,duration_weighted_berth_medoid,"POLYGON ((117.717329 30.823019, 117.728713 30.823019, 117.728713 30.833328, 117.717329 30.833328, 117.717329 30.823019))"
602,30.73732281060606,117.43204768181818,1,7143.016666666666,duration_weighted_berth_medoid,"POLYGON ((117.436986 30.732367, 117.436986 30.741482, 117.427018 30.741482, 117.427018 30.732367, 117.436986 30.732367))"
603,31.71683087804878,118.45264148780488,1,2071.616666666667,duration_weighted_berth_medoid,"POLYGON ((118.447682 31.712628, 118.457582 31.712628, 118.457582 31.721043, 118.447682 31.721043, 118.447682 31.712628))"
604,32.182674240000004,118.76552592,1,1350.9833333333333,duration_weighted_berth_medoid,"POLYGON ((118.760114 32.177507, 118.771239 32.177507, 118.771239 32.18759, 118.760114 32.18759, 118.760114 32.177507))"
605,29.1627443877551,121.87231512244897,1,2062.4666666666667,duration_weighted_berth_medoid,"POLYGON ((121.867476 29.158184, 121.878151 29.158184, 121.878151 29.16697, 121.867476 29.16697, 121.867476 29.158184))"
606,36.880611037037035,122.44746122222223,1,1231.4666666666667,duration_weighted_berth_medoid,"POLYGON ((122.452575 36.877134, 122.452575 36.884705, 122.443306 36.884705, 122.443306 36.877134, 122.452575 36.877134))"
607,30.0843671875,121.94974193750001,2,32638.73333333333,duration_weighted_berth_medoid,"POLYGON ((121.944158 30.079134, 121.957067 30.079134, 121.957067 30.091488, 121.944158 30.091488, 121.944158 30.079134))"
608,39.819445621212125,124.15115828787877,2,5079.05,duration_weighted_berth_medoid,"POLYGON ((124.157708 39.813751, 124.157708 39.822711, 124.146271 39.822711, 124.146271 39.813751, 124.157708 39.813751))"
609,29.980281326923077,122.06341696153846,1,17971.583333333336,duration_weighted_berth_medoid,"POLYGON ((122.058451 29.975928, 122.068358 29.975928, 122.068358 29.984561, 122.058451 29.984561, 122.058451 29.975928))"
610,24.41198405208333,118.05403037500001,1,4216.033333333334,duration_weighted_berth_medoid,"POLYGON ((118.049165 24.407239, 118.060051 24.407239, 118.060051 24.416414, 118.049165 24.416414, 118.049165 24.407239))"
611,35.12414405303031,119.39759091666667,1,5979.1,duration_weighted_berth_medoid,"POLYGON ((119.392533 35.119948, 119.402523 35.119948, 119.402523 35.128178, 119.392533 35.128178, 119.392533 35.119948))"
612,28.010283461538464,121.06893792307693,1,24395.433333333334,duration_weighted_berth_medoid,"POLYGON ((121.063228 28.005619, 121.073952 28.005619, 121.073952 28.014584, 121.063228 28.014584, 121.063228 28.005619))"
613,32.190491,119.27497852631579,2,7952.833333333334,duration_weighted_berth_medoid,"POLYGON ((119.278409 32.186241, 119.278409 32.193159, 119.266374 32.193159, 119.266374 32.186241, 119.278409 32.186241))"
614,31.472759780487806,118.30524017073172,1,2872.2833333333333,duration_weighted_berth_medoid,"POLYGON ((118.300275 31.46848, 118.310179 31.46848, 118.310179 31.476972, 118.300275 31.476972, 118.300275 31.46848))"
615,32.04179868840579,120.4062254347826,3,49926.05,duration_weighted_berth_medoid,"POLYGON ((120.411212 32.035986, 120.411212 32.045955, 120.395861 32.045955, 120.395861 32.035986, 120.411212 32.035986))"
616,31.821245819999998,120.94137027999999,1,6566.749999999999,duration_weighted_berth_medoid,"POLYGON ((120.946309 31.817568, 120.946309 31.827195, 120.935434 31.827195, 120.935434 31.817568, 120.946309 31.817568))"
617,31.851891549295775,120.93361366197183,1,10527.583333333332,duration_weighted_berth_medoid,"POLYGON ((120.928581 31.846906, 120.938554 31.846906, 120.938554 31.85665, 120.928581 31.85665, 120.928581 31.846906))"
618,22.917176412698414,113.5983989920635,1,5329.516666666667,duration_weighted_berth_medoid,"POLYGON ((113.592872 22.911818, 113.603385 22.911818, 113.603385 22.921678, 113.592872 22.921678, 113.592872 22.911818))"
619,21.070939463235295,110.50635976470588,2,37178.93333333333,duration_weighted_berth_medoid,"POLYGON ((110.500261 21.065393, 110.51131 21.065393, 110.51131 21.080616, 110.500261 21.080616, 110.500261 21.065393))"
620,29.911531,122.26426833333333,1,238.13333333333333,duration_weighted_berth_medoid,"POLYGON ((122.258838 29.907248, 122.269107 29.907248, 122.269107 29.916027, 122.258838 29.916027, 122.258838 29.907248))"
621,30.147169666666667,122.11597733333332,1,1539.0333333333333,duration_weighted_berth_medoid,"POLYGON ((122.11096 30.142238, 122.120916 30.142238, 122.120916 30.15144, 122.11096 30.15144, 122.11096 30.142238))"
622,27.195891163265305,120.37774591836734,1,29013.833333333332,duration_weighted_berth_medoid,"POLYGON ((120.372626 27.191382, 120.382767 27.191382, 120.382767 27.200976, 120.372626 27.200976, 120.372626 27.191382))"
623,32.23936853648069,119.15543049356224,1,63758.65,duration_weighted_berth_medoid,"POLYGON ((119.150463 32.233521, 119.163298 32.233521, 119.163298 32.243789, 119.150463 32.243789, 119.150463 32.233521))"
624,32.065182,120.46373246666667,2,1012.6666666666666,duration_weighted_berth_medoid,"POLYGON ((120.468817 32.060417, 120.468817 32.069417, 120.457348 32.069417, 120.457348 32.060417, 120.468817 32.060417))"
625,20.027722030303032,110.27785612121212,1,3080.916666666667,duration_weighted_berth_medoid,"POLYGON ((110.272918 20.022963, 110.282838 20.022963, 110.282838 20.032362, 110.272918 20.032362, 110.272918 20.022963))"
626,32.237744486486484,119.20520710810811,1,6978.85,duration_weighted_berth_medoid,"POLYGON ((119.211276 32.233228, 119.211276 32.241888, 119.201908 32.241888, 119.201908 32.233228, 119.211276 32.233228))"
627,21.99439415277778,113.153062625,1,3693.3166666666666,duration_weighted_berth_medoid,"POLYGON ((113.148156 21.988935, 113.158525 21.988935, 113.158525 21.998944, 113.148156 21.998944, 113.148156 21.988935))"
628,22.683369135135138,113.75434974324324,1,5014.0,duration_weighted_berth_medoid,"POLYGON ((113.749392 22.677987, 113.759705 22.677987, 113.759705 22.68791, 113.749392 22.68791, 113.749392 22.677987))"
629,25.962975,119.44829058208956,1,5312.216666666667,duration_weighted_berth_medoid,"POLYGON ((119.443102 25.95843, 119.453231 25.95843, 119.453231 25.967362, 119.443102 25.967362, 119.443102 25.95843))"
630,22.573171843137256,113.48270990196077,3,10118.833333333334,duration_weighted_berth_medoid,"POLYGON ((113.477072 22.568596, 113.497383 22.568596, 113.497383 22.57796, 113.477072 22.57796, 113.477072 22.568596))"
631,24.417071982142858,117.86848521428571,1,2478.6666666666665,duration_weighted_berth_medoid,"POLYGON ((117.863532 24.412563, 117.873426 24.412563, 117.873426 24.421571, 117.863532 24.421571, 117.863532 24.412563))"
632,22.870710275,112.9168065,2,5784.400000000001,duration_weighted_berth_medoid,"POLYGON ((112.911373 22.866252, 112.921617 22.866252, 112.921617 22.876661, 112.911373 22.876661, 112.911373 22.866252))"
633,22.746122333333332,113.07861744444443,3,3278.4333333333334,duration_weighted_berth_medoid,"POLYGON ((113.071184 22.734294, 113.083559 22.734294, 113.083559 22.752464, 113.071184 22.752464, 113.071184 22.734294))"
634,22.683500145833335,115.51470735416666,1,3767.333333333333,duration_weighted_berth_medoid,"POLYGON ((115.509734 22.678692, 115.51975 22.678692, 115.51975 22.688137, 115.509734 22.688137, 115.509734 22.678692))"
635,31.958680753623188,120.35544288405796,1,10535.983333333332,duration_weighted_berth_medoid,"POLYGON ((120.350487 31.954475, 120.360535 31.954475, 120.360535 31.962883, 120.350487 31.962883, 120.350487 31.954475))"
636,30.11130722222222,122.23697566666668,1,8804.6,duration_weighted_berth_medoid,"POLYGON ((122.231363 30.106901, 122.242589 30.106901, 122.242589 30.115672, 122.231363 30.115672, 122.231363 30.106901))"
637,25.5673525,119.8721495,1,920.6333333333333,duration_weighted_berth_medoid,"POLYGON ((119.867022 25.562767, 119.877071 25.562767, 119.877071 25.571792, 119.867022 25.571792, 119.867022 25.562767))"
638,39.518535447368414,121.37280994736841,1,7652.116666666666,duration_weighted_berth_medoid,"POLYGON ((121.36745 39.51465, 121.378593 39.51465, 121.378593 39.522378, 121.36745 39.522378, 121.36745 39.51465))"
639,31.950826868852456,120.14849134426228,1,4949.95,duration_weighted_berth_medoid,"POLYGON ((120.142544 31.946525, 120.153734 31.946525, 120.153734 31.955094, 120.142544 31.955094, 120.142544 31.946525))"
640,32.073517067039106,120.46466158100559,1,9473.3,duration_weighted_berth_medoid,"POLYGON ((120.469602 32.069417, 120.469602 32.077717, 120.459709 32.077717, 120.459709 32.069417, 120.469602 32.069417))"
641,27.21400382352941,120.3013784117647,1,2813.6000000000004,duration_weighted_berth_medoid,"POLYGON ((120.296396 27.209584, 120.306519 27.209584, 120.306519 27.218967, 120.296396 27.218967, 120.296396 27.209584))"
642,39.510302,121.33817912121212,1,4725.7,duration_weighted_berth_medoid,"POLYGON ((121.333314 39.50649, 121.343597 39.50649, 121.343597 39.514313, 121.333314 39.514313, 121.333314 39.50649))"
643,39.004232875,117.7860469375,3,21657.050000000003,duration_weighted_berth_medoid,"POLYGON ((117.794044 38.997823, 117.794044 39.010702, 117.780336 39.010702, 117.780336 38.997823, 117.794044 38.997823))"
644,38.99417066666666,117.77733744444446,3,11495.033333333335,duration_weighted_berth_medoid,"POLYGON ((117.78258 38.990281, 117.78258 38.997823, 117.770255 38.997823, 117.770255 38.990281, 117.78258 38.990281))"
645,19.71665411764706,109.17404005882354,3,7681.4333333333325,duration_weighted_berth_medoid,"POLYGON ((109.16608 19.709028, 109.18062 19.709028, 109.18062 19.722567, 109.16608 19.722567, 109.16608 19.709028))"
646,22.527864846153843,113.85674046153846,2,5638.533333333334,duration_weighted_berth_medoid,"POLYGON ((113.850268 22.522262, 113.861728 22.522262, 113.861728 22.537434, 113.850268 22.537434, 113.850268 22.522262))"
647,22.7692792,113.6428836,1,177.2,duration_weighted_berth_medoid,"POLYGON ((113.637943 22.763549, 113.647824 22.763549, 113.647824 22.773835, 113.637943 22.773835, 113.637943 22.763549))"
648,31.313631055555554,121.69260961111111,1,1266.0,duration_weighted_berth_medoid,"POLYGON ((121.687663 31.30941, 121.69755 31.30941, 121.69755 31.318042, 121.687663 31.318042, 121.687663 31.30941))"
649,30.150736005208334,122.02977026041667,1,9362.216666666667,duration_weighted_berth_medoid,"POLYGON ((122.024846 30.146464, 122.03489 30.146464, 122.03489 30.155149, 122.024846 30.155149, 122.024846 30.146464))"
650,31.948334402597403,118.6249737012987,1,11316.9,duration_weighted_berth_medoid,"POLYGON ((118.630085 31.942897, 118.630085 31.95263, 118.619395 31.95263, 118.619395 31.942897, 118.630085 31.942897))"
651,22.8141342,113.01559343333334,1,2621.416666666667,duration_weighted_berth_medoid,"POLYGON ((113.019247 22.809161, 113.019247 22.818675, 113.010576 22.818675, 113.010576 22.809161, 113.019247 22.809161))"
652,34.34732398770491,119.74673347540984,2,78532.16666666669,duration_weighted_berth_medoid,"POLYGON ((119.74066 34.337105, 119.751644 34.337105, 119.751644 34.351407, 119.74066 34.351407, 119.74066 34.337105))"
653,21.089311625,110.5153255,1,296.76666666666665,duration_weighted_berth_medoid,"POLYGON ((110.510385 21.084702, 110.520295 21.084702, 110.520295 21.095135, 110.510385 21.095135, 110.510385 21.084702))"
654,26.325330874015748,119.85385118110236,1,10889.216666666667,duration_weighted_berth_medoid,"POLYGON ((119.848813 26.320894, 119.858818 26.320894, 119.858818 26.329809, 119.848813 26.329809, 119.848813 26.320894))"
655,31.604077931372547,121.2703028627451,1,4510.433333333333,duration_weighted_berth_medoid,"POLYGON ((121.275209 31.600602, 121.275209 31.608446, 121.265118 31.608446, 121.265118 31.600602, 121.275209 31.600602))"
656,26.29994984,119.87754779999999,1,1053.9666666666667,duration_weighted_berth_medoid,"POLYGON ((119.872683 26.29552, 119.883735 26.29552, 119.883735 26.304611, 119.872683 26.304611, 119.872683 26.29552))"
657,32.17920488235294,119.01867664705883,1,553.65,duration_weighted_berth_medoid,"POLYGON ((119.023256 32.175015, 119.023256 32.183387, 119.013714 32.183387, 119.013714 32.175015, 119.023256 32.175015))"
658,32.219239,119.21582826086957,1,2097.8333333333335,duration_weighted_berth_medoid,"POLYGON ((119.210654 32.214805, 119.220851 32.214805, 119.220851 32.223476, 119.210654 32.223476, 119.210654 32.214805))"
659,31.93674734065934,118.6100683956044,4,11304.916666666666,duration_weighted_berth_medoid,"POLYGON ((118.619395 31.92765, 118.619395 31.944383, 118.603567 31.944383, 118.603567 31.92765, 118.619395 31.92765))"
660,28.10325990909091,121.10314681818181,1,343.8666666666667,duration_weighted_berth_medoid,"POLYGON ((121.098208 28.09889, 121.108121 28.09889, 121.108121 28.107616, 121.098208 28.107616, 121.098208 28.09889))"
661,34.21933616666667,119.58194608333334,1,1186.9333333333334,duration_weighted_berth_medoid,"POLYGON ((119.576964 34.215106, 119.586885 34.215106, 119.586885 34.22342, 119.576964 34.22342, 119.576964 34.215106))"
662,34.230397958333334,119.60729391666666,2,5937.0,duration_weighted_berth_medoid,"POLYGON ((119.594735 34.222844, 119.613202 34.222844, 119.613202 34.235066, 119.594735 34.235066, 119.594735 34.222844))"
663,34.35381660465116,119.7588936744186,1,1669.45,duration_weighted_berth_medoid,"POLYGON ((119.753896 34.349738, 119.763832 34.349738, 119.763832 34.357906, 119.753896 34.357906, 119.753896 34.349738))"
664,34.32071011111111,119.73388104761905,1,7061.783333333333,duration_weighted_berth_medoid,"POLYGON ((119.728891 34.316553, 119.738833 34.316553, 119.738833 34.324805, 119.728891 34.324805, 119.728891 34.316553))"
665,36.8407015,122.26535083333333,1,851.0666666666666,duration_weighted_berth_medoid,"POLYGON ((122.260383 36.836715, 122.270289 36.836715, 122.270289 36.844654, 122.260383 36.844654, 122.260383 36.836715))"
666,39.118338037037034,122.07928722222222,1,1544.25,duration_weighted_berth_medoid,"POLYGON ((122.074342 39.114505, 122.084228 39.114505, 122.084228 39.122172, 122.074342 39.122172, 122.074342 39.114505))"
667,32.200150826086954,119.04947208695653,1,6917.216666666667,duration_weighted_berth_medoid,"POLYGON ((119.044304 32.195865, 119.054493 32.195865, 119.054493 32.204508, 119.044304 32.204508, 119.044304 32.195865))"
668,32.11632933333333,119.9118001111111,1,405.0,duration_weighted_berth_medoid,"POLYGON ((119.906407 32.11197, 119.916707 32.11197, 119.916707 32.120839, 119.906407 32.120839, 119.906407 32.11197))"
669,23.456215571428572,116.46504614285713,1,387.8166666666667,duration_weighted_berth_medoid,"POLYGON ((116.469175 23.451682, 116.469175 23.460803, 116.459284 23.460803, 116.459284 23.451682, 116.469175 23.451682))"
670,24.5321525,118.52416666666666,1,741.6333333333333,duration_weighted_berth_medoid,"POLYGON ((118.519328 24.527658, 118.530523 24.527658, 118.530523 24.537285, 118.519328 24.537285, 118.519328 24.527658))"
671,23.392578454545454,117.0038480909091,1,406.98333333333335,duration_weighted_berth_medoid,"POLYGON ((116.998862 23.387629, 117.008911 23.387629, 117.008911 23.397105, 116.998862 23.397105, 116.998862 23.387629))"
672,32.0664642,120.58806139999999,2,8057.066666666667,duration_weighted_berth_medoid,"POLYGON ((120.580783 32.061333, 120.593137 32.061333, 120.593137 32.070746, 120.580783 32.070746, 120.580783 32.061333))"
673,34.36573361111111,119.77034791666668,1,159980.58333333334,duration_weighted_berth_medoid,"POLYGON ((119.764502 34.359942, 119.775397 34.359942, 119.775397 34.369845, 119.764502 34.369845, 119.764502 34.359942))"
674,36.07531081818182,120.26897581818183,1,338.25,duration_weighted_berth_medoid,"POLYGON ((120.263945 36.071145, 120.273908 36.071145, 120.273908 36.079297, 120.263945 36.079297, 120.263945 36.071145))"
675,25.33898943396226,119.64850416981133,1,1351.2,duration_weighted_berth_medoid,"POLYGON ((119.653767 25.334524, 119.653767 25.344241, 119.644863 25.344241, 119.644863 25.334524, 119.653767 25.334524))"
676,21.537720359999998,111.85052316,1,1070.7166666666667,duration_weighted_berth_medoid,"POLYGON ((111.845284 21.532535, 111.855445 21.532535, 111.855445 21.542298, 111.845284 21.542298, 111.845284 21.532535))"
677,31.743645925925925,121.19742392592592,1,905.4000000000001,duration_weighted_berth_medoid,"POLYGON ((121.20233 31.739325, 121.20233 31.747752, 121.192296 31.747752, 121.192296 31.739325, 121.20233 31.739325))"
678,32.24059045,119.312848175,1,229431.81666666665,duration_weighted_berth_medoid,"POLYGON ((119.30757 32.236098, 119.317883 32.236098, 119.317883 32.24476, 119.30757 32.24476, 119.30757 32.236098))"
679,32.03751073898305,119.93367913220338,1,8888.95,duration_weighted_berth_medoid,"POLYGON ((119.928381 32.033322, 119.938601 32.033322, 119.938601 32.042495, 119.928381 32.042495, 119.928381 32.033322))"
680,24.408783,118.3635304125,1,2418.0833333333335,duration_weighted_berth_medoid,"POLYGON ((118.358445 24.404101, 118.368588 24.404101, 118.368588 24.413606, 118.358445 24.413606, 118.358445 24.404101))"
681,34.31028881465517,119.73352168534483,4,16911.45,duration_weighted_berth_medoid,"POLYGON ((119.722267 34.300192, 119.739502 34.300192, 119.739502 34.315275, 119.722267 34.315275, 119.722267 34.300192))"
682,36.006917841269846,120.25112185714285,1,2329.0499999999997,duration_weighted_berth_medoid,"POLYGON ((120.245905 36.00242, 120.256043 36.00242, 120.256043 36.010899, 120.245905 36.010899, 120.245905 36.00242))"
683,22.690827428571428,115.04845407142857,1,1195.2166666666667,duration_weighted_berth_medoid,"POLYGON ((115.043489 22.68611, 115.053431 22.68611, 115.053431 22.695696, 115.043489 22.695696, 115.043489 22.68611))"
684,23.71508163636364,117.54725054545453,1,1522.5166666666669,duration_weighted_berth_medoid,"POLYGON ((117.54113 23.710054, 117.552183 23.710054, 117.552183 23.719512, 117.54113 23.719512, 117.54113 23.710054))"
685,32.04065063265306,120.73190695918368,1,33542.899999999994,duration_weighted_berth_medoid,"POLYGON ((120.726893 32.036269, 120.736871 32.036269, 120.736871 32.044892, 120.726893 32.044892, 120.726893 32.036269))"
686,21.852334933333335,113.26542213333333,1,508.7166666666667,duration_weighted_berth_medoid,"POLYGON ((113.260439 21.847749, 113.270361 21.847749, 113.270361 21.857038, 113.260439 21.857038, 113.260439 21.847749))"
687,38.93925264516129,121.61208669354839,1,3006.116666666667,duration_weighted_berth_medoid,"POLYGON ((121.607148 38.93541, 121.617059 38.93541, 121.617059 38.943181, 121.607148 38.943181, 121.607148 38.93541))"
688,27.230277407407407,120.33010283333333,1,3430.733333333333,duration_weighted_berth_medoid,"POLYGON ((120.324244 27.225884, 120.335035 27.225884, 120.335035 27.23464, 120.324244 27.23464, 120.324244 27.225884))"
689,39.57823121052631,121.28003233333334,1,3448.5333333333333,duration_weighted_berth_medoid,"POLYGON ((121.284976 39.574423, 121.284976 39.581058, 121.275092 39.581058, 121.275092 39.574423, 121.284976 39.574423))"
690,30.0643335,121.847965,1,908.85,duration_weighted_berth_medoid,"POLYGON ((121.843012 30.06005, 121.85296 30.06005, 121.85296 30.068671, 121.843012 30.068671, 121.843012 30.06005))"
691,26.9371049,120.24122159999999,1,3249.4333333333334,duration_weighted_berth_medoid,"POLYGON ((120.236235 26.932649, 120.246433 26.932649, 120.246433 26.942239, 120.236235 26.942239, 120.236235 26.932649))"
692,22.444759483870968,113.01265824731183,1,2798.0666666666666,duration_weighted_berth_medoid,"POLYGON ((113.007639 22.440125, 113.01759 22.440125, 113.01759 22.449318, 113.007639 22.449318, 113.007639 22.440125))"
693,29.196775833333334,121.77610433333332,3,1457.55,duration_weighted_berth_medoid,"POLYGON ((121.769484 29.185421, 121.781311 29.185421, 121.781311 29.202263, 121.769484 29.202263, 121.769484 29.185421))"
694,21.4296015,111.29738110000001,1,720.0333333333333,duration_weighted_berth_medoid,"POLYGON ((111.30234 21.424963, 111.30234 21.431736, 111.29244 21.431736, 111.29244 21.424963, 111.30234 21.424963))"
695,29.92565857195572,122.29106523247233,1,18888.8,duration_weighted_berth_medoid,"POLYGON ((122.286099 29.92136, 122.296012 29.92136, 122.296012 29.929942, 122.286099 29.929942, 122.286099 29.92136))"
696,32.128903433121025,119.91744884713376,1,11360.3,duration_weighted_berth_medoid,"POLYGON ((119.922518 32.12434, 119.922518 32.130084, 119.912363 32.130084, 119.912363 32.12434, 119.922518 32.12434))"
697,30.2449123,122.1025987,1,389.1166666666667,duration_weighted_berth_medoid,"POLYGON ((122.10694 30.240451, 122.10694 30.249419, 122.097585 30.249419, 122.097585 30.240451, 122.10694 30.240451))"
698,30.249954600000002,122.11538399999999,1,699.0333333333333,duration_weighted_berth_medoid,"POLYGON ((122.110299 30.245687, 122.120305 30.245687, 122.120305 30.254318, 122.110299 30.254318, 122.110299 30.245687))"
699,30.153277175600742,122.0651492754159,1,53702.51666666668,duration_weighted_berth_medoid,"POLYGON ((122.059703 30.148779, 122.070078 30.148779, 122.070078 30.157996, 122.059703 30.157996, 122.059703 30.148779))"
700,32.197519,119.25964629213483,1,20130.4,duration_weighted_berth_medoid,"POLYGON ((119.264744 32.192825, 119.264744 32.201661, 119.254755 32.201661, 119.254755 32.192825, 119.264744 32.192825))"
701,30.257075965909088,122.25223328409092,1,6409.299999999999,duration_weighted_berth_medoid,"POLYGON ((122.247251 30.252779, 122.257183 30.252779, 122.257183 30.26137, 122.247251 30.26137, 122.247251 30.252779))"
702,39.0172761875,117.7706896875,2,4330.950000000001,duration_weighted_berth_medoid,"POLYGON ((117.765677 39.009021, 117.776916 39.009021, 117.776916 39.021383, 117.765677 39.021383, 117.765677 39.009021))"
703,36.01238329411765,120.23145099999999,3,6466.950000000001,duration_weighted_berth_medoid,"POLYGON ((120.24286 36.005128, 120.24286 36.014158, 120.221313 36.014158, 120.221313 36.005128, 120.24286 36.005128))"
704,39.01654520879121,121.85995075824177,1,4665.616666666667,duration_weighted_berth_medoid,"POLYGON ((121.854931 39.012706, 121.864976 39.012706, 121.864976 39.020467, 121.854931 39.020467, 121.854931 39.012706))"
705,31.631537733333335,121.23712773333334,1,1275.4166666666665,duration_weighted_berth_medoid,"POLYGON ((121.232206 31.627027, 121.242367 31.627027, 121.242367 31.63602, 121.232206 31.63602, 121.232206 31.627027))"
706,30.09456317808219,121.98478473630136,1,8992.25,duration_weighted_berth_medoid,"POLYGON ((121.979101 30.090288, 121.989706 30.090288, 121.989706 30.099193, 121.979101 30.099193, 121.979101 30.090288))"
707,27.248952666666668,120.24692216666666,1,430.48333333333335,duration_weighted_berth_medoid,"POLYGON ((120.242057 27.24456, 120.252543 27.24456, 120.252543 27.253796, 120.242057 27.253796, 120.242057 27.24456))"
708,30.09929590765171,121.9541352005277,1,14297.916666666666,duration_weighted_berth_medoid,"POLYGON ((121.949136 30.094962, 121.959074 30.094962, 121.959074 30.103568, 121.949136 30.103568, 121.949136 30.094962))"
709,39.909455095238094,119.58722257142857,3,51945.76666666666,duration_weighted_berth_medoid,"POLYGON ((119.581122 39.903247, 119.59247 39.903247, 119.59247 39.914069, 119.581122 39.914069, 119.581122 39.903247))"
710,27.989241168141593,120.83198117699115,1,6950.216666666667,duration_weighted_berth_medoid,"POLYGON ((120.827075 27.984878, 120.837083 27.984878, 120.837083 27.993642, 120.827075 27.993642, 120.827075 27.984878))"
711,30.133459630136986,122.1295715479452,2,17901.566666666662,duration_weighted_berth_medoid,"POLYGON ((122.124523 30.12481, 122.137307 30.12481, 122.137307 30.137764, 122.124523 30.137764, 122.124523 30.12481))"
712,36.01383740764331,129.4005091910828,1,6387.4,duration_weighted_berth_medoid,"POLYGON ((129.395571 36.009841, 129.405486 36.009841, 129.405486 36.017875, 129.395571 36.017875, 129.395571 36.009841))"
713,35.97387663703704,126.52943351111112,1,10056.833333333334,duration_weighted_berth_medoid,"POLYGON ((126.524465 35.969861, 126.534402 35.969861, 126.534402 35.977879, 126.524465 35.977879, 126.524465 35.969861))"
714,31.95173482222222,120.31125815555555,1,3431.5,duration_weighted_berth_medoid,"POLYGON ((120.306419 31.947543, 120.316959 31.947543, 120.316959 31.955968, 120.306419 31.955968, 120.306419 31.947543))"
715,22.476754657894737,113.18665513157895,1,1570.3833333333332,duration_weighted_berth_medoid,"POLYGON ((113.181816 22.472189, 113.192318 22.472189, 113.192318 22.481378, 113.181816 22.481378, 113.181816 22.472189))"
716,22.830100103092782,115.99200607216495,1,13677.516666666666,duration_weighted_berth_medoid,"POLYGON ((115.986562 22.824926, 115.996964 22.824926, 115.996964 22.834609, 115.986562 22.834609, 115.986562 22.824926))"
717,37.547811,121.45618516666667,1,321.7,duration_weighted_berth_medoid,"POLYGON ((121.451297 37.543894, 121.461495 37.543894, 121.461495 37.551981, 121.451297 37.551981, 121.451297 37.543894))"
718,29.111455666666668,121.62353766666666,1,243.0,duration_weighted_berth_medoid,"POLYGON ((121.61865 29.106745, 121.629565 29.106745, 121.629565 29.116819, 121.61865 29.116819, 121.61865 29.106745))"
719,30.164145210526314,122.02911423684209,1,2190.5,duration_weighted_berth_medoid,"POLYGON ((122.024116 30.159784, 122.034085 30.159784, 122.034085 30.168448, 122.024116 30.168448, 122.024116 30.159784))"
720,28.3711175,121.66994955555555,1,656.7666666666667,duration_weighted_berth_medoid,"POLYGON ((121.664758 28.36677, 121.674856 28.36677, 121.674856 28.375579, 121.664758 28.375579, 121.664758 28.36677))"
721,33.811946473684216,120.45802178947368,1,698.0833333333333,duration_weighted_berth_medoid,"POLYGON ((120.453083 33.807841, 120.463012 33.807841, 120.463012 33.816133, 120.453083 33.816133, 120.453083 33.807841))"
722,21.58478274324324,108.47400512162162,1,2982.95,duration_weighted_berth_medoid,"POLYGON ((108.468906 21.580188, 108.478944 21.580188, 108.478944 21.590092, 108.468906 21.590092, 108.468906 21.580188))"
723,39.0108401923077,118.45512792307692,1,1397.7833333333333,duration_weighted_berth_medoid,"POLYGON ((118.460066 39.008415, 118.460066 39.014677, 118.450142 39.014677, 118.450142 39.008415, 118.460066 39.008415))"
724,22.970743266666666,112.85877508,1,4551.433333333333,duration_weighted_berth_medoid,"POLYGON ((112.853854 22.965848, 112.863964 22.965848, 112.863964 22.975274, 112.853854 22.975274, 112.853854 22.965848))"
725,25.421328765957444,119.11809334042553,1,2690.6833333333334,duration_weighted_berth_medoid,"POLYGON ((119.113036 25.416866, 119.123025 25.416866, 119.123025 25.426138, 119.113036 25.426138, 119.113036 25.416866))"
726,23.327576028169016,116.74823660563379,1,4453.9,duration_weighted_berth_medoid,"POLYGON ((116.743298 23.323034, 116.753223 23.323034, 116.753223 23.332158, 116.743298 23.332158, 116.743298 23.323034))"
727,22.7634955,113.09853571428572,1,1149.4166666666667,duration_weighted_berth_medoid,"POLYGON ((113.093648 22.758745, 113.104648 22.758745, 113.104648 22.768002, 113.093648 22.768002, 113.093648 22.758745))"
728,22.929160080000003,112.86988104,1,1992.7333333333331,duration_weighted_berth_medoid,"POLYGON ((112.864817 22.92461, 112.875216 22.92461, 112.875216 22.93413, 112.864817 22.93413, 112.864817 22.92461))"
729,30.662600333333334,117.26290666666667,1,224.95,duration_weighted_berth_medoid,"POLYGON ((117.257985 30.65835, 117.268018 30.65835, 117.268018 30.666966, 117.257985 30.666966, 117.257985 30.65835))"
730,26.264243000000004,119.79278891666667,1,1201.7833333333333,duration_weighted_berth_medoid,"POLYGON ((119.78783 26.259416, 119.798152 26.259416, 119.798152 26.269222, 119.78783 26.269222, 119.78783 26.259416))"
731,38.9786996,121.74940631999999,1,711.4499999999999,duration_weighted_berth_medoid,"POLYGON ((121.744368 38.974242, 121.754345 38.974242, 121.754345 38.982539, 121.744368 38.982539, 121.744368 38.974242))"
732,34.751633222222225,119.37770444444443,1,295.85,duration_weighted_berth_medoid,"POLYGON ((119.372798 34.747505, 119.382841 34.747505, 119.382841 34.755664, 119.372798 34.755664, 119.372798 34.747505))"
733,29.93984231967213,121.97825155737705,1,11035.833333333334,duration_weighted_berth_medoid,"POLYGON ((121.973294 29.935555, 121.983192 29.935555, 121.983192 29.944142, 121.973294 29.944142, 121.973294 29.935555))"
734,31.38328068907563,121.55579226890757,1,15463.350000000002,duration_weighted_berth_medoid,"POLYGON ((121.56016 31.379058, 121.56016 31.387552, 121.55083 31.387552, 121.55083 31.379058, 121.56016 31.379058))"
735,40.739723184210526,121.99016631578948,1,10477.95,duration_weighted_berth_medoid,"POLYGON ((121.985184 40.735932, 121.995136 40.735932, 121.995136 40.743479, 121.985184 40.743479, 121.985184 40.735932))"
736,29.78900476041667,122.12904804166668,1,4536.966666666666,duration_weighted_berth_medoid,"POLYGON ((122.133991 29.785536, 122.133991 29.793326, 122.124099 29.793326, 122.124099 29.785536, 122.133991 29.785536))"
737,30.653305294117644,117.27957882352942,1,9863.816666666666,duration_weighted_berth_medoid,"POLYGON ((117.274034 30.648549, 117.284721 30.648549, 117.284721 30.657541, 117.274034 30.657541, 117.274034 30.648549))"
