cluster_id,lat,lon,count,type,polygon,distance_to_coast,inside_china_land,land_overlap_action,terminal_overlap_action
0,35.28385725721925,119.6703211425611,195,anchorage,"POLYGON ((119.775231 35.19497, 119.724273 35.209321, 119.627751 35.246768, 119.591825 35.264595, 119.591755 35.265841, 119.640191 35.348454, 119.650422 35.364477, 119.657818 35.372156, 119.659518 35.372097, 119.729264 35.333468, 119.753794 35.306487, 119.767205 35.279625, 119.777367 35.196351, 119.776761 35.195183, 119.775231 35.19497))",18592.434685943936,False,unchanged,unchanged
1,39.1558384550078,119.15324068079876,433,anchorage,"POLYGON ((119.087451 39.097504, 119.08174 39.175745, 119.134137 39.203984, 119.297612 39.209179, 119.330264 39.194001, 119.35241 39.179019, 119.352422 39.17816, 119.351717 39.177497, 119.297876 39.152945, 119.159667 39.107184, 119.090529 39.095353, 119.08908 39.095666, 119.087451 39.097504))",14821.75266691401,False,unchanged,unchanged
9,38.92190839745958,118.2802219545184,1038,anchorage,"POLYGON ((117.971299 38.900345, 117.95061 38.966049, 117.955896 38.974579, 117.974341 38.990739, 118.064265 39.003776, 118.417083 39.008525, 118.449925 39.006374, 118.44987 39.006195, 118.449869 39.006192, 118.449869 39.006189, 118.449869 39.006186, 118.450209 38.998073, 118.45023 38.992233, 118.44977 38.990062, 118.449769 38.990059, 118.449769 38.990056, 118.449769 38.990052, 118.44977 38.990049, 118.450242 38.988343, 118.450243 38.98834, 118.450245 38.988337, 118.450246 38.988334, 118.450249 38.988331, 118.450251 38.988328, 118.450399 38.988182, 118.450021 38.984792, 118.450021 38.984788, 118.450208 38.978589, 118.450208 38.978588, 118.45036 38.9749, 118.450079 38.974405, 118.450077 38.974402, 118.450076 38.974398, 118.450075 38.974395, 118.450075 38.974391, 118.45007 38.96959, 118.45007 38.969589, 118.450342 38.959247, 118.450342 38.959244, 118.450343 38.95924, 118.450344 38.959237, 118.450346 38.959233, 118.450348 38.95923, 118.450356 38.959219, 118.450113 38.958685, 118.450112 38.958681, 118.450111 38.958678, 118.45011 38.958674, 118.45011 38.958671, 118.450111 38.958667, 118.450493 38.956898, 118.45016 38.952372, 118.449237 38.951182, 118.449235 38.951179, 118.449233 38.951176, 118.449232 38.951172, 118.449231 38.951169, 118.44898 38.949836, 118.44898 38.949833, 118.44898 38.94983, 118.44898 38.949827, 118.448981 38.949823, 118.449275 38.948756, 118.442734 38.948658, 118.442729 38.948658, 118.442725 38.948658, 118.44272 38.948657, 118.441045 38.948232, 118.441041 38.94823, 118.441037 38.948229, 118.441033 38.948227, 118.44103 38.948225, 118.439693 38.947331, 118.43969 38.947329, 118.439687 38.947326, 118.439685 38.947323, 118.439682 38.94732, 118.439681 38.947317, 118.43874 38.945413, 118.438739 38.94541, 118.438738 38.945407, 118.438737 38.945403, 118.438737 38.9454, 118.438884 38.941297, 118.438884 38.941294, 118.438885 38.94129, 118.438886 38.941287, 118.439416 38.940024, 118.439417 38.940021, 118.439419 38.940018, 118.439421 38.940015, 118.439424 38.940012, 118.440521 38.938994, 118.440524 38.938992, 118.440527 38.93899, 118.440531 38.938988, 118.440534 38.938986, 118.440538 38.938985, 118.442885 38.938224, 118.442889 38.938223, 118.442893 38.938222, 118.442897 38.938221, 118.442901 38.938221, 118.449457 38.938142, 118.449461 38.938142, 118.449465 38.938143, 118.449469 38.938143, 118.449473 38.938144, 118.452545 38.939049, 118.452549 38.939051, 118.452553 38.939052, 118.452557 38.939054, 118.452561 38.939057, 118.452564 38.93906, 118.454053 38.940467, 118.454056 38.940469, 118.454058 38.940472, 118.45406 38.940475, 118.454061 38.940479, 118.454062 38.940482, 118.45449 38.942143, 118.454491 38.942146, 118.454491 38.942149, 118.454491 38.942152, 118.454232 38.945324, 118.454883 38.944647, 118.454885 38.944645, 118.454888 38.944642, 118.454891 38.94464, 118.454894 38.944639, 118.45903 38.942535, 118.460093 38.941425, 118.460096 38.941422, 118.460099 38.94142, 118.460102 38.941418, 118.460106 38.941416, 118.461607 38.940726, 118.461611 38.940725, 118.461615 38.940724, 118.461619 38.940723, 118.461623 38.940722, 118.461628 38.940722, 118.465601 38.940584, 118.465605 38.940584, 118.465609 38.940584, 118.465613 38.940585, 118.465617 38.940586, 118.465621 38.940587, 118.465625 38.940588, 118.465628 38.94059, 118.468143 38.941914, 118.468146 38.941916, 118.468149 38.941918, 118.468152 38.94192, 118.468155 38.941923, 118.468157 38.941925, 118.468159 38.941928, 118.468898 38.94317, 118.468899 38.943172, 118.468901 38.943175, 118.468901 38.943179, 118.468902 38.943182, 118.469086 38.945083, 118.469086 38.945087, 118.469086 38.945091, 118.469085 38.945095, 118.468397 38.947095, 118.468396 38.947098, 118.468394 38.947101, 118.468392 38.947104, 118.46839 38.947107, 118.468387 38.94711, 118.468384 38.947112, 118.464408 38.949829, 118.464404 38.949831, 118.464399 38.949834, 118.459992 38.951633, 118.460264 38.95845, 118.460264 38.958453, 118.460264 38.958457, 118.460263 38.95846, 118.460261 38.958464, 118.459809 38.959374, 118.460251 38.960228, 118.460253 38.960231, 118.460254 38.960235, 118.460254 38.960239, 118.460255 38.960242, 118.459852 38.96778, 118.460223 38.974378, 118.460223 38.974382, 118.460222 38.974385, 118.460221 38.974388, 118.46022 38.974392, 118.460218 38.974395, 118.459873 38.974964, 118.460208 38.975901, 118.460209 38.975904, 118.46021 38.975907, 118.46021 38.97591, 118.46021 38.975914, 118.459914 38.978069, 118.46031 38.979519, 118.460311 38.979523, 118.460311 38.979526, 118.460317 38.986796, 118.460317 38.9868, 118.460316 38.986804, 118.460314 38.986808, 118.459606 38.988368, 118.460339 38.990738, 118.46034 38.990741, 118.46034 38.990744, 118.46034 38.990747, 118.46034 38.99075, 118.460339 38.990753, 118.459992 38.992014, 118.460109 39.000531, 118.465905 38.992815, 118.464602 38.992208, 118.464598 38.992206, 118.464595 38.992204, 118.464592 38.992202, 118.464589 38.992199, 118.464586 38.992196, 118.464584 38.992193, 118.46329 38.990067, 118.463289 38.990064, 118.463288 38.990061, 118.463287 38.990058, 118.463286 38.990055, 118.463286 38.990052, 118.463346 38.972114, 118.463346 38.972111, 118.463346 38.972108, 118.463347 38.972104, 118.463349 38.972101, 118.463351 38.972098, 118.464501 38.970364, 118.464361 38.960712, 118.464362 38.960709, 118.464362 38.960705, 118.464363 38.960702, 118.465083 38.958772, 118.465084 38.958768, 118.465086 38.958765, 118.465089 38.958762, 118.465092 38.958759, 118.465095 38.958756, 118.466673 38.957605, 118.466676 38.957603, 118.46668 38.957601, 118.466683 38.957599, 118.466687 38.957598, 118.466692 38.957597, 118.468778 38.957153, 118.468781 38.957152, 118.468785 38.957152, 118.468789 38.957151, 118.473248 38.957077, 118.473138 38.94811, 118.473138 38.948106, 118.473139 38.948103, 118.47314 38.9481, 118.473865 38.946168, 118.473867 38.946164, 118.473869 38.946161, 118.473871 38.946158, 118.473874 38.946155, 118.473878 38.946152, 118.475461 38.945003, 118.475464 38.945, 118.475468 38.944998, 118.475472 38.944997, 118.475476 38.944995, 118.47548 38.944994, 118.477571 38.944555, 118.477574 38.944554, 118.477578 38.944554, 118.477582 38.944554, 118.484446 38.944456, 118.485305 38.943728, 118.485308 38.943726, 118.485311 38.943724, 118.485314 38.943722, 118.485318 38.94372, 118.485322 38.943719, 118.485786 38.943584, 118.48135 38.943641, 118.481345 38.943641, 118.48134 38.94364, 118.479621 38.943375, 118.479617 38.943374, 118.479613 38.943373, 118.479609 38.943371, 118.479605 38.943369, 118.478148 38.942612, 118.478145 38.94261, 118.478141 38.942608, 118.478138 38.942605, 118.478136 38.942602, 118.477162 38.941469, 118.47716 38.941466, 118.477158 38.941463, 118.477156 38.94146, 118.477155 38.941456, 118.476813 38.94012, 118.476813 38.940116, 118.476813 38.940112, 118.476895 38.936325, 118.476895 38.936322, 118.476896 38.936319, 118.476897 38.936316, 118.476899 38.936313, 118.4769 38.93631, 118.478079 38.934549, 118.478081 38.934546, 118.478084 38.934543, 118.478087 38.934541, 118.47809 38.934539, 118.478093 38.934536, 118.478097 38.934535, 118.480319 38.933558, 118.480322 38.933556, 118.480326 38.933555, 118.48033 38.933554, 118.480334 38.933554, 118.480339 38.933553, 118.482109 38.933482, 118.482628 38.933116, 118.460302 38.886132, 118.452564 38.870898, 118.448922 38.868713, 118.117935 38.836155, 118.033769 38.863058, 117.971299 38.900345))",16425.54363229834,False,land_area_clipped,terminal_area_clipped
10,38.90258276375318,118.66703464927332,480,anchorage,"POLYGON ((118.587298 38.851081, 118.570008 38.85571, 118.55827 38.859641, 118.551864 38.867169, 118.552398 38.875901, 118.557313 38.902216, 118.640849 38.939953, 118.652375 38.942985, 118.711019 38.948586, 118.798306 38.925971, 118.822627 38.882658, 118.802214 38.849743, 118.801185 38.849257, 118.707209 38.837178, 118.61672 38.846082, 118.587298 38.851081))",12833.871472837911,False,unchanged,unchanged
11,39.541923669659106,121.05515434469503,14,anchorage,"POLYGON ((121.040121 39.515323, 121.034101 39.570465, 121.034487 39.571383, 121.035608 39.571813, 121.036791 39.571498, 121.066361 39.551075, 121.066894 39.550249, 121.069649 39.52178, 121.068775 39.521229, 121.042255 39.514247, 121.040848 39.514384, 121.040121 39.515323))",18826.948470841646,False,unchanged,unchanged
13,39.83556069863435,119.7798429154095,127,anchorage,"POLYGON ((119.794545 39.768253, 119.724449 39.864555, 119.717015 39.877821, 119.721057 39.884697, 119.722427 39.884828, 119.881806 39.844641, 119.882678 39.844113, 119.882868 39.843155, 119.865407 39.790701, 119.815681 39.761728, 119.814072 39.761576, 119.794545 39.768253))",16474.545976781705,False,unchanged,unchanged
14,39.34562173836981,121.19087987180477,155,anchorage,"POLYGON ((121.095936 39.357067, 121.09525 39.357843, 121.095458 39.358769, 121.11252 39.370516, 121.113634 39.37083, 121.291513 39.354242, 121.292816 39.353474, 121.292366 39.352047, 121.254644 39.327397, 121.175636 39.319952, 121.165758 39.321171, 121.095936 39.357067))",10093.932414675513,False,unchanged,unchanged
18,39.811793333111495,119.62615042335098,71,anchorage,"POLYGON ((119.59603 39.762493, 119.592405 39.788141, 119.595852 39.815305, 119.599056 39.827985, 119.608892 39.857327, 119.610096 39.858115, 119.631199 39.861254, 119.632386 39.860703, 119.633436 39.858756, 119.643342 39.8297, 119.649849 39.807668, 119.65992 39.763121, 119.658968 39.762122, 119.61713 39.747871, 119.615356 39.748111, 119.59603 39.762493))",10633.970251853632,False,unchanged,unchanged
22,31.496700118824016,121.41107432200573,198,anchorage,"POLYGON ((121.374564 31.493177, 121.375234 31.493351, 121.375239 31.493352, 121.375243 31.493353, 121.375246 31.493355, 121.37525 31.493358, 121.375253 31.49336, 121.375256 31.493363, 121.379829 31.498239, 121.379831 31.498242, 121.379834 31.498245, 121.379836 31.498249, 121.379837 31.498253, 121.379838 31.498256, 121.380143 31.499783, 121.380143 31.499787, 121.380143 31.499791, 121.380143 31.499795, 121.380142 31.499799, 121.379541 31.501722, 121.37954 31.501726, 121.379538 31.501729, 121.379537 31.501732, 121.379535 31.501734, 121.377446 31.504315, 121.377443 31.504318, 121.377439 31.504321, 121.377435 31.504324, 121.375654 31.505439, 121.37565 31.505441, 121.375646 31.505443, 121.375642 31.505445, 121.375638 31.505446, 121.375633 31.505446, 121.373444 31.505702, 121.373439 31.505703, 121.373434 31.505703, 121.37343 31.505702, 121.373426 31.505701, 121.370341 31.504981, 121.370337 31.50498, 121.370333 31.504978, 121.370329 31.504977, 121.370325 31.504974, 121.370322 31.504972, 121.368716 31.50367, 121.368713 31.503668, 121.36871 31.503665, 121.368708 31.503662, 121.368706 31.503659, 121.368705 31.503656, 121.368514 31.503206, 121.365814 31.538193, 121.366419 31.539353, 121.367729 31.53963, 121.385928 31.536694, 121.394583 31.534657, 121.408711 31.52839, 121.41752 31.523443, 121.476293 31.446154, 121.478842 31.432625, 121.476952 31.432618, 121.476878 31.435122, 121.476877 31.435125, 121.476877 31.435129, 121.476876 31.435132, 121.476874 31.435136, 121.475867 31.437126, 121.475865 31.437129, 121.475863 31.437132, 121.47586 31.437135, 121.475857 31.437138, 121.475854 31.43714, 121.474533 31.438062, 121.474529 31.438064, 121.474526 31.438066, 121.474522 31.438068, 121.474518 31.438069, 121.472889 31.438504, 121.472885 31.438504, 121.47288 31.438505, 121.472876 31.438505, 121.468184 31.438569, 121.468179 31.438569, 121.468175 31.438569, 121.468171 31.438568, 121.468166 31.438567, 121.465739 31.437747, 121.465735 31.437746, 121.465731 31.437744, 121.465728 31.437742, 121.465724 31.437739, 121.465721 31.437736, 121.464588 31.436594, 121.464585 31.436591, 121.464583 31.436588, 121.464581 31.436584, 121.464579 31.436581, 121.464045 31.435155, 121.464044 31.435152, 121.464043 31.435148, 121.464043 31.435144, 121.463967 31.430773, 121.463967 31.430769, 121.463968 31.430766, 121.463969 31.430762, 121.46397 31.430759, 121.464895 31.428725, 121.464897 31.428721, 121.464899 31.428718, 121.464902 31.428714, 121.464905 31.428711, 121.464909 31.428709, 121.466583 31.427573, 121.466587 31.42757, 121.466592 31.427568, 121.466596 31.427567, 121.466601 31.427566, 121.46827 31.427219, 121.468274 31.427218, 121.468279 31.427218, 121.471047 31.427154, 121.470978 31.426468, 121.468113 31.426077, 121.468108 31.426076, 121.468104 31.426075, 121.4681 31.426073, 121.468096 31.426072, 121.468092 31.426069, 121.468089 31.426067, 121.46623 31.424584, 121.466227 31.424581, 121.466224 31.424578, 121.466222 31.424575, 121.46622 31.424572, 121.466218 31.424568, 121.465648 31.423193, 121.465647 31.423189, 121.465646 31.423186, 121.465645 31.423182, 121.465572 31.42212, 121.374564 31.493177), (121.437557 31.475937, 121.437556 31.47594, 121.437553 31.475944, 121.437551 31.475947, 121.437548 31.47595, 121.437545 31.475953, 121.437541 31.475956, 121.43516 31.477475, 121.435157 31.477477, 121.435153 31.477479, 121.435149 31.47748, 121.435145 31.477481, 121.43514 31.477482, 121.435136 31.477483, 121.431243 31.477693, 121.430261 31.479551, 121.430259 31.479555, 121.430256 31.479558, 121.430253 31.479561, 121.43025 31.479564, 121.430247 31.479566, 121.428537 31.480639, 121.428533 31.480641, 121.428529 31.480643, 121.428525 31.480645, 121.428521 31.480646, 121.428517 31.480646, 121.428513 31.480647, 121.421985 31.480982, 121.421981 31.480982, 121.421977 31.480982, 121.421972 31.480981, 121.421968 31.48098, 121.419877 31.48036, 121.419873 31.480359, 121.419869 31.480357, 121.419865 31.480355, 121.419861 31.480352, 121.419858 31.48035, 121.419855 31.480347, 121.418026 31.478245, 121.418024 31.478242, 121.418022 31.478239, 121.41802 31.478235, 121.418019 31.478232, 121.418018 31.478228, 121.418017 31.478224, 121.417853 31.475002, 121.416438 31.47329, 121.416436 31.473286, 121.416434 31.473283, 121.416432 31.473279, 121.416431 31.473275, 121.41643 31.473271, 121.416228 31.471469, 121.416228 31.471465, 121.416228 31.471462, 121.416228 31.471458, 121.416229 31.471455, 121.41623 31.471452, 121.417241 31.469083, 121.417242 31.46908, 121.417244 31.469077, 121.417247 31.469073, 121.41725 31.469071, 121.417253 31.469068, 121.417256 31.469066, 121.419359 31.467728, 121.419362 31.467726, 121.419366 31.467724, 121.41937 31.467723, 121.419375 31.467722, 121.419379 31.467721, 121.421123 31.467501, 121.421127 31.4675, 121.421132 31.4675, 121.421136 31.467501, 121.42114 31.467501, 121.423351 31.467951, 121.424648 31.466534, 121.424651 31.466531, 121.424654 31.466528, 121.424657 31.466526, 121.424661 31.466524, 121.424665 31.466522, 121.426625 31.465764, 121.426629 31.465763, 121.426634 31.465762, 121.426638 31.465761, 121.426643 31.465761, 121.433891 31.46575, 121.433895 31.46575, 121.4339 31.465751, 121.433904 31.465752, 121.436396 31.46642, 121.436401 31.466422, 121.436404 31.466423, 121.436408 31.466425, 121.436412 31.466428, 121.436415 31.46643, 121.436418 31.466433, 121.438052 31.468171, 121.438055 31.468175, 121.438057 31.468178, 121.438059 31.468182, 121.438061 31.468186, 121.438061 31.46819, 121.438062 31.468194, 121.438321 31.473838, 121.438321 31.473842, 121.43832 31.473846, 121.438319 31.47385, 121.437557 31.475937), (121.400918 31.484108, 121.400913 31.484108, 121.400908 31.484107, 121.400904 31.484107, 121.400899 31.484105, 121.398855 31.483434, 121.398851 31.483432, 121.398848 31.483431, 121.398845 31.483429, 121.398842 31.483427, 121.398839 31.483424, 121.397627 31.482337, 121.397625 31.482334, 121.397622 31.482331, 121.39762 31.482327, 121.397618 31.482324, 121.396989 31.480923, 121.396988 31.480919, 121.396987 31.480915, 121.396986 31.480911, 121.396837 31.478263, 121.396837 31.478259, 121.396837 31.478255, 121.396838 31.478251, 121.39684 31.478247, 121.397662 31.476489, 121.397664 31.476486, 121.397666 31.476483, 121.397669 31.476479, 121.397671 31.476477, 121.397675 31.476474, 121.399383 31.475266, 121.399386 31.475264, 121.39939 31.475262, 121.399394 31.475261, 121.399398 31.475259, 121.399402 31.475258, 121.40207 31.474758, 121.402074 31.474757, 121.402079 31.474757, 121.402083 31.474757, 121.40393 31.474859, 121.403935 31.474859, 121.40394 31.47486, 121.403944 31.474862, 121.403948 31.474863, 121.405591 31.475592, 121.405595 31.475594, 121.405599 31.475596, 121.405602 31.475599, 121.406965 31.476788, 121.406968 31.476791, 121.406971 31.476795, 121.406973 31.476798, 121.406975 31.476801, 121.407636 31.478267, 121.407638 31.47827, 121.407639 31.478274, 121.407639 31.478277, 121.407639 31.478281, 121.407585 31.480704, 121.407585 31.480707, 121.407585 31.480711, 121.407584 31.480714, 121.407582 31.480717, 121.406778 31.482418, 121.406776 31.482421, 121.406773 31.482425, 121.40677 31.482428, 121.406767 31.482431, 121.405507 31.483437, 121.405503 31.483439, 121.4055 31.483442, 121.405496 31.483443, 121.405492 31.483445, 121.40388 31.483971, 121.403876 31.483972, 121.403871 31.483973, 121.403867 31.483974, 121.400918 31.484108))",4771.762088776515,False,unchanged,terminal_area_clipped
24,27.931659198432968,121.19757139488304,126,anchorage,"POLYGON ((121.116194 27.898409, 121.115186 27.899558, 121.109416 27.941302, 121.110301 27.942098, 121.153455 27.957844, 121.194447 27.957055, 121.297183 27.922272, 121.332999 27.893167, 121.33714 27.862753, 121.335796 27.861946, 121.317264 27.860788, 121.243704 27.865941, 121.116194 27.898409))",7241.732572295374,False,unchanged,unchanged
28,38.980036191857685,121.75399917332476,144,anchorage,"POLYGON ((121.659794 38.964817, 121.660192 38.9656, 121.660194 38.965604, 121.660195 38.965607, 121.660195 38.965611, 121.660195 38.965615, 121.660078 38.967469, 121.660078 38.967473, 121.660077 38.967476, 121.660076 38.967479, 121.660074 38.967482, 121.659204 38.96901, 121.659202 38.969013, 121.659199 38.969016, 121.659196 38.969019, 121.659193 38.969022, 121.657894 38.969906, 121.657891 38.969908, 121.657887 38.96991, 121.657883 38.969911, 121.657879 38.969912, 121.656666 38.970238, 121.688776 39.008309, 121.710452 39.006706, 121.73877 39.001498, 121.738774 39.001498, 121.738779 39.001497, 121.738783 39.001497, 121.738788 39.001498, 121.738792 39.001499, 121.738796 39.0015, 121.7388 39.001501, 121.738804 39.001503, 121.738808 39.001505, 121.738811 39.001507, 121.738814 39.00151, 121.738817 39.001513, 121.73882 39.001516, 121.738822 39.001519, 121.738823 39.001522, 121.738824 39.001525, 121.738825 39.001529, 121.738825 39.001532, 121.738825 39.008979, 121.738825 39.008982, 121.738824 39.008985, 121.738823 39.008988, 121.738822 39.008991, 121.73882 39.008994, 121.738818 39.008997, 121.738816 39.009, 121.738813 39.009003, 121.73881 39.009005, 121.738806 39.009007, 121.720116 39.01953, 121.721116 39.021828, 121.739905 39.024224, 121.740239 39.023478, 121.73863 39.020157, 121.738629 39.020154, 121.738628 39.02015, 121.738627 39.020146, 121.738628 39.020143, 121.738628 39.020139, 121.73935 39.01689, 121.739351 39.016887, 121.739353 39.016883, 121.739355 39.01688, 121.739357 39.016877, 121.73936 39.016874, 121.740514 39.0158, 121.740517 39.015798, 121.740521 39.015795, 121.740525 39.015793, 121.740528 39.015792, 121.742133 39.015157, 121.742137 39.015155, 121.742141 39.015154, 121.742146 39.015153, 121.74215 39.015153, 121.742155 39.015153, 121.745748 39.015264, 121.745752 39.015264, 121.745757 39.015265, 121.745762 39.015266, 121.745766 39.015268, 121.74577 39.015269, 121.745988 39.015379, 121.744477 39.012993, 121.744476 39.01299, 121.744474 39.012986, 121.744473 39.012983, 121.744473 39.012979, 121.744393 39.010475, 121.744393 39.010471, 121.744394 39.010467, 121.744395 39.010464, 121.744397 39.01046, 121.744399 39.010457, 121.745655 39.008685, 121.745657 39.008682, 121.74566 39.008679, 121.745663 39.008677, 121.745666 39.008675, 121.74567 39.008673, 121.745674 39.008671, 121.747984 39.007738, 121.747987 39.007737, 121.747991 39.007736, 121.747995 39.007735, 121.747999 39.007735, 121.748003 39.007734, 121.751171 39.007653, 121.751175 39.007653, 121.751179 39.007653, 121.751184 39.007654, 121.751188 39.007655, 121.751192 39.007656, 121.753153 39.008396, 121.753157 39.008398, 121.753161 39.0084, 121.753165 39.008403, 121.753168 39.008406, 121.754265 39.009465, 121.754268 39.009468, 121.75427 39.009471, 121.754272 39.009475, 121.75581 39.012601, 121.755811 39.012604, 121.755812 39.012607, 121.755813 39.01261, 121.755813 39.012614, 121.755814 39.014688, 121.755814 39.014691, 121.755814 39.014695, 121.755813 39.014698, 121.755811 39.014701, 121.755138 39.015961, 121.755136 39.015964, 121.755134 39.015967, 121.755132 39.015969, 121.75513 39.015971, 121.755127 39.015974, 121.753505 39.017113, 121.753501 39.017115, 121.753497 39.017117, 121.753493 39.017118, 121.753489 39.01712, 121.753485 39.017121, 121.75348 39.017121, 121.749228 39.017563, 121.749224 39.017564, 121.74922 39.017564, 121.749215 39.017563, 121.749211 39.017563, 121.749207 39.017562, 121.749203 39.017561, 121.7492 39.017559, 121.748615 39.017296, 121.749242 39.018854, 121.750796 39.021019, 121.750798 39.021021, 121.7508 39.021024, 121.750801 39.021028, 121.750802 39.021031, 121.750802 39.021034, 121.750834 39.021596, 121.801304 38.985329, 121.800285 38.985276, 121.80028 38.985276, 121.800276 38.985275, 121.800272 38.985274, 121.800267 38.985273, 121.800263 38.985271, 121.79746 38.983843, 121.797457 38.983841, 121.797453 38.983838, 121.79745 38.983836, 121.797448 38.983833, 121.797445 38.98383, 121.797444 38.983828, 121.797442 38.983824, 121.796466 38.98156, 121.796465 38.981556, 121.796465 38.981553, 121.796464 38.98155, 121.796464 38.981547, 121.796465 38.981544, 121.796465 38.981541, 121.796863 38.980192, 121.796864 38.980189, 121.796866 38.980186, 121.796868 38.980183, 121.79687 38.98018, 121.798043 38.978827, 121.798045 38.978824, 121.798048 38.978822, 121.798051 38.97882, 121.798055 38.978818, 121.798058 38.978816, 121.800628 38.977705, 121.801327 38.976127, 121.801329 38.976124, 121.801331 38.976121, 121.801334 38.976118, 121.801336 38.976115, 121.80134 38.976113, 121.80345 38.974648, 121.803453 38.974646, 121.803457 38.974644, 121.803461 38.974642, 121.803465 38.974641, 121.803469 38.97464, 121.805654 38.974238, 121.805658 38.974237, 121.805663 38.974237, 121.805668 38.974237, 121.805673 38.974237, 121.808047 38.974598, 121.808051 38.974599, 121.808055 38.9746, 121.808059 38.974601, 121.808062 38.974603, 121.80966 38.975389, 121.811495 38.972829, 121.811497 38.972826, 121.811501 38.972823, 121.811504 38.97282, 121.843361 38.950585, 121.842586 38.949143, 121.842585 38.949139, 121.842584 38.949136, 121.842583 38.949132, 121.842583 38.949129, 121.842645 38.947251, 121.659794 38.964817), (121.812126 38.968991, 121.812121 38.968991, 121.812116 38.968991, 121.812112 38.96899, 121.812107 38.968989, 121.810072 38.968364, 121.810069 38.968363, 121.810065 38.968361, 121.810062 38.968359, 121.810059 38.968358, 121.810056 38.968355, 121.808856 38.967358, 121.808853 38.967355, 121.808851 38.967352, 121.808849 38.967349, 121.808847 38.967346, 121.808231 38.966067, 121.808229 38.966064, 121.808228 38.96606, 121.808228 38.966057, 121.808088 38.96349, 121.808089 38.963486, 121.808089 38.963483, 121.80809 38.963479, 121.808092 38.963475, 121.808942 38.961866, 121.808944 38.961863, 121.808946 38.96186, 121.808949 38.961857, 121.808952 38.961855, 121.808955 38.961853, 121.810698 38.960762, 121.810702 38.96076, 121.810705 38.960758, 121.810709 38.960757, 121.810713 38.960756, 121.810718 38.960755, 121.813621 38.960315, 121.813625 38.960314, 121.813629 38.960314, 121.813633 38.960314, 121.815437 38.960425, 121.815441 38.960425, 121.815446 38.960426, 121.81545 38.960427, 121.815454 38.960429, 121.817055 38.961084, 121.817059 38.961086, 121.817063 38.961088, 121.817066 38.96109, 121.818425 38.96217, 121.818428 38.962172, 121.818431 38.962175, 121.818433 38.962178, 121.818435 38.962182, 121.819097 38.963509, 121.819099 38.963512, 121.8191 38.963515, 121.8191 38.963518, 121.819101 38.963522, 121.819052 38.965877, 121.819052 38.96588, 121.819051 38.965883, 121.81905 38.965886, 121.819049 38.965889, 121.818241 38.967455, 121.818239 38.967459, 121.818236 38.967462, 121.818233 38.967465, 121.81823 38.967468, 121.816955 38.968391, 121.816951 38.968393, 121.816948 38.968395, 121.816944 38.968397, 121.81694 38.968398, 121.815309 38.968875, 121.815305 38.968876, 121.8153 38.968877, 121.815295 38.968877, 121.812126 38.968991), (121.756231 38.982877, 121.756226 38.982875, 121.756222 38.982873, 121.756218 38.982871, 121.756215 38.982868, 121.75505 38.981859, 121.755048 38.981857, 121.755045 38.981854, 121.755043 38.981851, 121.755041 38.981848, 121.754459 38.98057, 121.754458 38.980567, 121.754457 38.980563, 121.754456 38.980559, 121.754398 38.978514, 121.754398 38.97851, 121.754399 38.978507, 121.7544 38.978503, 121.754402 38.978499, 121.755263 38.976916, 121.755265 38.976913, 121.755267 38.97691, 121.75527 38.976907, 121.755273 38.976905, 121.755276 38.976902, 121.757005 38.97583, 121.757008 38.975828, 121.757012 38.975827, 121.757016 38.975825, 121.75702 38.975824, 121.757024 38.975823, 121.759604 38.975413, 121.759608 38.975413, 121.759612 38.975413, 121.759616 38.975413, 121.761425 38.975522, 121.76143 38.975522, 121.761434 38.975523, 121.761438 38.975524, 121.761442 38.975525, 121.763048 38.976182, 121.763052 38.976183, 121.763056 38.976185, 121.763059 38.976188, 121.764378 38.97722, 121.764381 38.977223, 121.764384 38.977226, 121.764387 38.977229, 121.764389 38.977233, 121.765127 38.978813, 121.765129 38.978817, 121.76513 38.978821, 121.76513 38.978825, 121.76513 38.978828, 121.764885 38.980977, 121.764884 38.980981, 121.764883 38.980984, 121.764882 38.980987, 121.76488 38.98099, 121.764097 38.982178, 121.764095 38.982181, 121.764092 38.982183, 121.764089 38.982186, 121.764086 38.982188, 121.762787 38.983061, 121.762784 38.983063, 121.76278 38.983065, 121.762776 38.983066, 121.762772 38.983067, 121.761147 38.983497, 121.761142 38.983498, 121.761138 38.983499, 121.761133 38.983499, 121.758249 38.983537, 121.758244 38.983537, 121.758239 38.983536, 121.758235 38.983535, 121.75823 38.983534, 121.756231 38.982877), (121.746788 38.982001, 121.746784 38.982, 121.74678 38.981999, 121.746777 38.981997, 121.746774 38.981995, 121.746771 38.981993, 121.74552 38.981039, 121.745517 38.981036, 121.745514 38.981033, 121.745511 38.98103, 121.745509 38.981026, 121.744423 38.978784, 121.744422 38.97878, 121.744421 38.978777, 121.744421 38.978773, 121.744389 38.977452, 121.744389 38.977448, 121.74439 38.977444, 121.744391 38.977441, 121.744393 38.977437, 121.745236 38.975928, 121.745238 38.975924, 121.745241 38.975921, 121.745244 38.975918, 121.745248 38.975916, 121.746702 38.974902, 121.746706 38.9749, 121.746709 38.974898, 121.746713 38.974896, 121.748306 38.974313, 121.74831 38.974311, 121.748314 38.97431, 121.748317 38.97431, 121.748321 38.974309, 121.748325 38.974309, 121.750518 38.974315, 121.750523 38.974315, 121.750527 38.974316, 121.750531 38.974317, 121.750535 38.974318, 121.750539 38.974319, 121.752467 38.975132, 121.752471 38.975134, 121.752475 38.975136, 121.752478 38.975138, 121.752481 38.975141, 121.752483 38.975143, 121.753687 38.976569, 121.753689 38.976572, 121.753691 38.976575, 121.753692 38.976578, 121.753693 38.976582, 121.754326 38.979312, 121.754326 38.979315, 121.754326 38.979319, 121.754326 38.979322, 121.754326 38.979325, 121.754325 38.979328, 121.754323 38.979331, 121.753676 38.980631, 121.753674 38.980634, 121.753672 38.980638, 121.753669 38.98064, 121.753666 38.980643, 121.752416 38.981643, 121.752413 38.981645, 121.75241 38.981647, 121.752406 38.981649, 121.750629 38.982409, 121.750625 38.982411, 121.750621 38.982412, 121.750616 38.982413, 121.750612 38.982413, 121.748869 38.98256, 121.748865 38.98256, 121.748861 38.98256, 121.748858 38.982559, 121.748854 38.982559, 121.74885 38.982558, 121.746788 38.982001), (121.733664 38.983062, 121.73366 38.98306, 121.733657 38.983057, 121.733654 38.983054, 121.733651 38.983051, 121.73238 38.98118, 121.732378 38.981177, 121.732377 38.981174, 121.732376 38.981171, 121.732375 38.981168, 121.732143 38.979864, 121.732143 38.97986, 121.732143 38.979857, 121.732143 38.979853, 121.732144 38.979849, 121.732746 38.978277, 121.732748 38.978274, 121.73275 38.978271, 121.732753 38.978267, 121.732756 38.978264, 121.733867 38.977271, 121.73387 38.977269, 121.733874 38.977267, 121.733877 38.977265, 121.735544 38.976441, 121.735548 38.976439, 121.735551 38.976438, 121.735555 38.976437, 121.735559 38.976436, 121.735563 38.976436, 121.737738 38.976227, 121.737743 38.976227, 121.737747 38.976227, 121.737752 38.976227, 121.737756 38.976228, 121.73776 38.976229, 121.739804 38.976846, 121.739808 38.976847, 121.739812 38.976849, 121.739815 38.976851, 121.739819 38.976853, 121.739822 38.976856, 121.741246 38.978151, 121.741249 38.978153, 121.741251 38.978156, 121.741253 38.978159, 121.742019 38.979515, 121.74202 38.979518, 121.742021 38.979521, 121.742022 38.979524, 121.742022 38.979527, 121.742127 38.980921, 121.742127 38.980924, 121.742127 38.980927, 121.742126 38.98093, 121.742125 38.980933, 121.742124 38.980936, 121.742122 38.980939, 121.740651 38.983059, 121.740648 38.983062, 121.740646 38.983065, 121.740643 38.983067, 121.74064 38.983069, 121.740636 38.983071, 121.738958 38.983947, 121.738955 38.983949, 121.738951 38.98395, 121.738947 38.983952, 121.738944 38.983952, 121.737232 38.984263, 121.737228 38.984264, 121.737224 38.984264, 121.73722 38.984264, 121.737216 38.984264, 121.737212 38.984263, 121.735073 38.983903, 121.73507 38.983902, 121.735066 38.983901, 121.735062 38.983899, 121.735059 38.983898, 121.735056 38.983896, 121.733664 38.983062))",3514.08789844446,False,land_area_clipped,terminal_area_clipped
30,26.247662675404285,119.85811482866079,191,anchorage,"POLYGON ((119.803928 26.187099, 119.775464 26.235125, 119.789418 26.260759, 119.789982 26.260245, 119.789986 26.260243, 119.78999 26.26024, 119.789994 26.260238, 119.789998 26.260236, 119.792148 26.259494, 119.792152 26.259492, 119.792157 26.259491, 119.792162 26.259491, 119.793902 26.259421, 119.793906 26.259421, 119.793911 26.259422, 119.793916 26.259423, 119.793921 26.259424, 119.795923 26.260171, 119.795928 26.260173, 119.795932 26.260176, 119.795936 26.260179, 119.797258 26.261253, 119.797261 26.261256, 119.797264 26.261259, 119.797267 26.261263, 119.797269 26.261267, 119.798115 26.262966, 119.798116 26.26297, 119.798118 26.262974, 119.798118 26.262978, 119.798119 26.262982, 119.798175 26.265324, 119.798174 26.265328, 119.798174 26.265332, 119.798173 26.265336, 119.797653 26.266855, 119.797651 26.266859, 119.797649 26.266862, 119.797647 26.266866, 119.797644 26.266869, 119.79651 26.268089, 119.796507 26.268092, 119.796504 26.268095, 119.7965 26.268097, 119.796496 26.268099, 119.795126 26.268738, 119.849759 26.322801, 119.850391 26.322091, 119.850394 26.322088, 119.850397 26.322085, 119.850401 26.322082, 119.850405 26.32208, 119.852567 26.321033, 119.852571 26.321032, 119.852576 26.32103, 119.85258 26.321029, 119.852584 26.321029, 119.854349 26.320875, 119.854353 26.320875, 119.854357 26.320875, 119.854361 26.320876, 119.854365 26.320876, 119.854369 26.320877, 119.856444 26.321557, 119.856447 26.321558, 119.856451 26.32156, 119.856454 26.321562, 119.856457 26.321564, 119.85646 26.321567, 119.857699 26.322704, 119.857702 26.322707, 119.857704 26.32271, 119.857707 26.322713, 119.85868 26.324374, 119.858682 26.324377, 119.858683 26.324381, 119.858684 26.324385, 119.858685 26.324389, 119.858745 26.324999, 119.877426 26.313348, 119.87743 26.313346, 119.877434 26.313344, 119.877439 26.313343, 119.877443 26.313342, 119.877448 26.313341, 119.877452 26.313341, 119.877457 26.313341, 119.877461 26.313342, 119.877466 26.313343, 119.87747 26.313344, 119.877474 26.313346, 119.882175 26.315732, 119.953145 26.258025, 119.953673 26.256867, 119.946742 26.240009, 119.936322 26.227883, 119.918155 26.209099, 119.870109 26.181169, 119.84219 26.172909, 119.828894 26.176457, 119.803928 26.187099), (119.876024 26.304406, 119.876019 26.304406, 119.876015 26.304405, 119.876011 26.304403, 119.876006 26.304402, 119.874129 26.303486, 119.874125 26.303484, 119.874121 26.303481, 119.874117 26.303478, 119.874114 26.303475, 119.87309 26.302241, 119.873087 26.302238, 119.873085 26.302234, 119.873083 26.302231, 119.873082 26.302227, 119.872648 26.300739, 119.872647 26.300735, 119.872647 26.300731, 119.872647 26.300727, 119.872647 26.300723, 119.873001 26.298314, 119.873002 26.29831, 119.873003 26.298306, 119.873005 26.298303, 119.873007 26.298299, 119.873898 26.296924, 119.873901 26.296921, 119.873903 26.296917, 119.873906 26.296915, 119.87391 26.296912, 119.875326 26.295953, 119.87533 26.295951, 119.875333 26.295949, 119.875338 26.295948, 119.875342 26.295947, 119.877061 26.295554, 119.877065 26.295554, 119.877069 26.295553, 119.877073 26.295553, 119.879811 26.295583, 119.879815 26.295583, 119.879819 26.295584, 119.879823 26.295584, 119.879826 26.295586, 119.87983 26.295587, 119.881672 26.296398, 119.881676 26.296401, 119.88168 26.296403, 119.881684 26.296406, 119.883036 26.297642, 119.883039 26.297645, 119.883041 26.297648, 119.883044 26.297651, 119.883045 26.297654, 119.883047 26.297657, 119.883766 26.299579, 119.883768 26.299582, 119.883768 26.299586, 119.883769 26.29959, 119.883769 26.299594, 119.883768 26.299598, 119.883337 26.301918, 119.883336 26.301921, 119.883335 26.301925, 119.883333 26.301928, 119.883332 26.301932, 119.88242 26.303308, 119.882417 26.303311, 119.882414 26.303315, 119.882411 26.303317, 119.882408 26.30332, 119.880969 26.304269, 119.880966 26.304271, 119.880962 26.304273, 119.880957 26.304275, 119.880953 26.304276, 119.879216 26.304648, 119.879211 26.304648, 119.879207 26.304649, 119.879202 26.304649, 119.876024 26.304406), (119.868789 26.292097, 119.868785 26.292096, 119.86878 26.292094, 119.868776 26.292092, 119.868772 26.29209, 119.867391 26.291139, 119.867387 26.291137, 119.867384 26.291134, 119.867381 26.29113, 119.867379 26.291127, 119.867377 26.291123, 119.865908 26.28802, 119.865906 26.288017, 119.865905 26.288013, 119.865905 26.288009, 119.865904 26.288005, 119.865905 26.288001, 119.865905 26.287998, 119.866217 26.286419, 119.866218 26.286415, 119.866219 26.286412, 119.866221 26.286409, 119.866223 26.286405, 119.866225 26.286402, 119.86753 26.284785, 119.867533 26.284782, 119.867537 26.284779, 119.86754 26.284776, 119.867544 26.284774, 119.869607 26.283703, 119.869611 26.283701, 119.869616 26.2837, 119.86962 26.283698, 119.869625 26.283698, 119.871337 26.283526, 119.871342 26.283526, 119.871346 26.283526, 119.87135 26.283527, 119.871354 26.283528, 119.873013 26.283947, 119.873018 26.283948, 119.873022 26.28395, 119.873026 26.283952, 119.87303 26.283955, 119.874659 26.285208, 119.874663 26.285211, 119.874666 26.285215, 119.874669 26.285219, 119.875711 26.286828, 119.875713 26.286832, 119.875715 26.286836, 119.875716 26.286839, 119.875717 26.286843, 119.875941 26.288408, 119.875941 26.288412, 119.875941 26.288416, 119.875941 26.28842, 119.87594 26.288424, 119.875475 26.289946, 119.875474 26.28995, 119.875472 26.289953, 119.87547 26.289957, 119.875468 26.28996, 119.874387 26.291205, 119.874384 26.291208, 119.874381 26.291211, 119.874377 26.291214, 119.874373 26.291216, 119.874369 26.291218, 119.870934 26.292512, 119.87093 26.292513, 119.870925 26.292514, 119.870921 26.292515, 119.870916 26.292515, 119.870912 26.292515, 119.870907 26.292514, 119.868789 26.292097))",7911.089307598252,False,land_area_clipped,terminal_area_clipped
31,36.77399902505047,122.48455010292882,278,anchorage,"MULTIPOLYGON (((122.29004 36.665978, 122.287554 36.679812, 122.356974 36.83033, 122.361125 36.833415, 122.361129 36.833418, 122.361132 36.833422, 122.371221 36.845626, 122.375776 36.84953, 122.375779 36.849533, 122.375781 36.849535, 122.375783 36.849538, 122.375785 36.849541, 122.37725 36.852471, 122.377251 36.852474, 122.377252 36.852478, 122.377253 36.852481, 122.377649 36.855708, 122.377927 36.855656, 122.377932 36.855656, 122.377937 36.855656, 122.38097 36.855645, 122.380975 36.855645, 122.38098 36.855646, 122.380985 36.855647, 122.380989 36.855648, 122.383076 36.856412, 122.383079 36.856413, 122.383083 36.856415, 122.383086 36.856417, 122.383089 36.856419, 122.384381 36.857451, 122.384385 36.857453, 122.384387 36.857457, 122.38439 36.85746, 122.384392 36.857463, 122.385142 36.859022, 122.385143 36.859025, 122.385144 36.859028, 122.385145 36.859032, 122.385145 36.859035, 122.385145 36.859038, 122.384858 36.861415, 122.384857 36.861418, 122.384856 36.861422, 122.384854 36.861425, 122.384852 36.861428, 122.384006 36.862693, 122.385591 36.863188, 122.389878 36.861934, 122.393289 36.859092, 122.393292 36.85909, 122.393295 36.859088, 122.397202 36.85689, 122.397206 36.856888, 122.39721 36.856887, 122.397214 36.856885, 122.397219 36.856884, 122.397224 36.856884, 122.397228 36.856884, 122.402355 36.856965, 122.40236 36.856965, 122.402366 36.856966, 122.420676 36.86075, 122.42068 36.860751, 122.420684 36.860753, 122.431019 36.864618, 122.431023 36.86462, 122.431027 36.864622, 122.431031 36.864624, 122.431034 36.864627, 122.431037 36.86463, 122.436408 36.870652, 122.43641 36.870655, 122.436412 36.870659, 122.436414 36.870662, 122.436415 36.870666, 122.436416 36.870669, 122.436416 36.870673, 122.436416 36.870677, 122.435753 36.875317, 122.43734 36.875, 122.437344 36.875, 122.437348 36.874999, 122.437352 36.874999, 122.437356 36.875, 122.43736 36.875, 122.440046 36.875437, 122.439541 36.874499, 122.439539 36.874496, 122.439538 36.874492, 122.439537 36.874488, 122.439537 36.874484, 122.439649 36.870899, 122.439649 36.870895, 122.43965 36.870892, 122.439651 36.870888, 122.440258 36.869529, 122.440259 36.869525, 122.440262 36.869522, 122.440264 36.869519, 122.440267 36.869516, 122.441493 36.868457, 122.441496 36.868455, 122.441499 36.868453, 122.441502 36.868451, 122.441506 36.86845, 122.44151 36.868448, 122.443605 36.867801, 122.443609 36.8678, 122.443613 36.867799, 122.443617 36.867798, 122.44362 36.867798, 122.449172 36.867714, 122.449177 36.867714, 122.449181 36.867715, 122.449185 36.867715, 122.449189 36.867716, 122.452272 36.868647, 122.452276 36.868648, 122.45228 36.86865, 122.452283 36.868652, 122.452287 36.868654, 122.45229 36.868656, 122.453587 36.869814, 122.453589 36.869817, 122.453592 36.869819, 122.453593 36.869822, 122.453595 36.869825, 122.453596 36.869828, 122.454219 36.871538, 122.45422 36.871541, 122.454221 36.871545, 122.454221 36.871548, 122.454221 36.871551, 122.453877 36.874935, 122.453877 36.874938, 122.453876 36.874942, 122.453874 36.874945, 122.453872 36.874949, 122.45387 36.874952, 122.452227 36.876906, 122.452225 36.876909, 122.452221 36.876912, 122.452218 36.876914, 122.452214 36.876917, 122.45221 36.876918, 122.452206 36.87692, 122.450423 36.877455, 122.451616 36.878487, 122.451618 36.87849, 122.451621 36.878492, 122.451623 36.878495, 122.451624 36.878498, 122.451626 36.878502, 122.452598 36.881198, 122.452599 36.881202, 122.4526 36.881205, 122.4526 36.881208, 122.4526 36.881212, 122.452599 36.881215, 122.452598 36.881219, 122.452083 36.882583, 122.452081 36.882587, 122.452079 36.88259, 122.452077 36.882593, 122.452074 36.882596, 122.450936 36.883693, 122.450933 36.883696, 122.45093 36.883698, 122.450926 36.8837, 122.450921 36.883702, 122.450917 36.883704, 122.447281 36.884738, 122.447277 36.884739, 122.447273 36.88474, 122.447269 36.88474, 122.447265 36.88474, 122.447261 36.88474, 122.447257 36.88474, 122.445541 36.884446, 122.445537 36.884445, 122.445533 36.884444, 122.44553 36.884442, 122.445526 36.884441, 122.445523 36.884439, 122.443787 36.883376, 122.443784 36.883374, 122.443781 36.883372, 122.443778 36.883369, 122.443776 36.883366, 122.443774 36.883363, 122.443772 36.88336, 122.442649 36.880802, 122.442489 36.881214, 122.444029 36.883898, 122.44403 36.883901, 122.444032 36.883904, 122.444032 36.883908, 122.444033 36.883911, 122.444033 36.883914, 122.44385 36.887984, 122.443849 36.887988, 122.443848 36.887992, 122.443847 36.887996, 122.443121 36.889527, 122.504815 36.899783, 122.507387 36.89799, 122.50739 36.897987, 122.507394 36.897985, 122.507398 36.897984, 122.507402 36.897983, 122.507406 36.897982, 122.507411 36.897981, 122.507415 36.897981, 122.50742 36.897981, 122.507424 36.897981, 122.507428 36.897982, 122.507433 36.897983, 122.507437 36.897985, 122.507441 36.897986, 122.513816 36.901279, 122.640003 36.922249, 122.670516 36.895101, 122.695479 36.820301, 122.709177 36.766939, 122.703435 36.622248, 122.702457 36.621642, 122.503095 36.578118, 122.416141 36.577451, 122.376527 36.590645, 122.29004 36.665978)), ((122.430802 36.886099, 122.433805 36.887154, 122.433924 36.884882, 122.432127 36.884027, 122.430802 36.886099)), ((122.4432 36.878717, 122.444206 36.877669, 122.444209 36.877666, 122.444212 36.877664, 122.444216 36.877661, 122.444221 36.877659, 122.444516 36.877538, 122.44347 36.877518, 122.443466 36.877518, 122.443461 36.877517, 122.443457 36.877517, 122.442927 36.877376, 122.4432 36.878717)))",13944.225018712828,False,land_area_clipped,terminal_area_clipped
32,32.009606444644014,120.39444283295173,93,anchorage,"MULTIPOLYGON (((120.327471 31.981612, 120.332395 31.990011, 120.332186 31.988929, 120.330843 31.98718, 120.330841 31.987177, 120.330839 31.987174, 120.330837 31.98717, 120.330836 31.987167, 120.330836 31.987163, 120.330835 31.98716, 120.330781 31.984537, 120.330781 31.984534, 120.330781 31.984531, 120.330782 31.984527, 120.330783 31.984524, 120.331509 31.982767, 120.33151 31.982764, 120.331512 31.98276, 120.331515 31.982757, 120.331518 31.982754, 120.331521 31.982752, 120.333141 31.981496, 120.333144 31.981494, 120.333147 31.981492, 120.333151 31.98149, 120.333154 31.981489, 120.333158 31.981488, 120.334843 31.981051, 120.334848 31.981051, 120.334853 31.98105, 120.334858 31.98105, 120.337489 31.981106, 120.337493 31.981106, 120.337497 31.981107, 120.337501 31.981107, 120.337505 31.981109, 120.337508 31.98111, 120.339738 31.982107, 120.342626 31.982464, 120.342631 31.982465, 120.342635 31.982466, 120.342639 31.982467, 120.342643 31.982469, 120.342646 31.982471, 120.344104 31.983365, 120.344107 31.983367, 120.34411 31.983369, 120.344112 31.983372, 120.344115 31.983375, 120.344117 31.983378, 120.345173 31.985053, 120.345175 31.985057, 120.345177 31.985061, 120.345178 31.985065, 120.345178 31.985069, 120.345385 31.98769, 120.346576 31.988846, 120.346578 31.988849, 120.34658 31.988852, 120.346582 31.988855, 120.346584 31.988858, 120.346585 31.988862, 120.34716 31.99066, 120.347161 31.990663, 120.347161 31.990667, 120.347161 31.99067, 120.347161 31.990674, 120.346884 31.992858, 120.346883 31.992862, 120.346882 31.992866, 120.34688 31.99287, 120.346878 31.992873, 120.34581 31.994442, 120.345613 31.997221, 120.346297 31.99687, 120.346301 31.996868, 120.346305 31.996866, 120.346309 31.996865, 120.346313 31.996864, 120.346318 31.996864, 120.346322 31.996864, 120.351104 31.997068, 120.351108 31.997069, 120.351112 31.997069, 120.351116 31.99707, 120.351121 31.997072, 120.351124 31.997073, 120.351128 31.997075, 120.352946 31.998205, 120.352949 31.998208, 120.352952 31.99821, 120.352955 31.998212, 120.352957 31.998215, 120.355003 32.000822, 120.355006 32.000826, 120.355008 32.000829, 120.355009 32.000833, 120.35501 32.000837, 120.355445 32.002886, 120.355445 32.00289, 120.355445 32.002894, 120.355445 32.002898, 120.355176 32.004372, 120.355176 32.004375, 120.355175 32.004378, 120.355173 32.004381, 120.355171 32.004384, 120.355169 32.004387, 120.35394 32.005923, 120.353937 32.005926, 120.353934 32.005929, 120.353931 32.005931, 120.353927 32.005934, 120.353923 32.005936, 120.351983 32.006796, 120.351979 32.006798, 120.351975 32.006799, 120.351971 32.0068, 120.351967 32.0068, 120.351963 32.0068, 120.351327 32.006804, 120.353514 32.008514, 120.353543 32.007141, 120.353543 32.007138, 120.353544 32.007134, 120.353545 32.007131, 120.353546 32.007127, 120.353548 32.007124, 120.354731 32.005202, 120.354733 32.005199, 120.354736 32.005196, 120.354739 32.005193, 120.354742 32.005191, 120.354745 32.005188, 120.356155 32.004355, 120.356158 32.004353, 120.356162 32.004352, 120.356166 32.00435, 120.35617 32.004349, 120.357845 32.004026, 120.35785 32.004025, 120.357855 32.004025, 120.362892 32.003961, 120.362896 32.003961, 120.3629 32.003961, 120.362904 32.003962, 120.362908 32.003963, 120.362912 32.003964, 120.365211 32.004902, 120.365214 32.004904, 120.365218 32.004906, 120.365221 32.004908, 120.365224 32.004911, 120.366498 32.006105, 120.366501 32.006108, 120.366504 32.006112, 120.366506 32.006115, 120.366508 32.006119, 120.367148 32.007862, 120.367149 32.007865, 120.36715 32.007869, 120.36715 32.007872, 120.36715 32.007875, 120.36712 32.008396, 120.369206 32.008466, 120.36921 32.008466, 120.369214 32.008467, 120.369217 32.008467, 120.369221 32.008469, 120.371279 32.009174, 120.371283 32.009175, 120.371287 32.009177, 120.371291 32.00918, 120.371294 32.009182, 120.371297 32.009185, 120.372706 32.01064, 120.372708 32.010643, 120.372711 32.010646, 120.372712 32.010649, 120.372714 32.010652, 120.372715 32.010655, 120.373134 32.012151, 120.377611 32.015669, 120.377614 32.015672, 120.377617 32.015675, 120.377619 32.015678, 120.377621 32.015681, 120.378364 32.017004, 120.378366 32.017007, 120.378367 32.017011, 120.378368 32.017015, 120.378368 32.017019, 120.378441 32.01905, 120.378441 32.019053, 120.378441 32.019056, 120.37844 32.01906, 120.378439 32.019063, 120.377874 32.020455, 120.377873 32.020459, 120.377871 32.020462, 120.377868 32.020465, 120.377866 32.020468, 120.376721 32.021575, 120.376718 32.021578, 120.376714 32.02158, 120.37671 32.021583, 120.376705 32.021584, 120.374725 32.022321, 120.374721 32.022322, 120.374717 32.022323, 120.374713 32.022323, 120.374709 32.022324, 120.374705 32.022324, 120.371722 32.02225, 120.371717 32.02225, 120.371713 32.022249, 120.371709 32.022248, 120.371705 32.022247, 120.371701 32.022245, 120.371698 32.022243, 120.369406 32.020932, 120.38018 32.029349, 120.379537 32.028326, 120.379535 32.028323, 120.379533 32.028319, 120.379532 32.028315, 120.379532 32.028311, 120.379532 32.028307, 120.379627 32.023823, 120.379627 32.023819, 120.379628 32.023816, 120.379629 32.023812, 120.37963 32.023809, 120.379632 32.023805, 120.379634 32.023802, 120.38084 32.022279, 120.380843 32.022276, 120.380846 32.022273, 120.380849 32.022271, 120.380853 32.022269, 120.382781 32.021168, 120.382785 32.021166, 120.382789 32.021164, 120.382793 32.021163, 120.382797 32.021162, 120.382801 32.021162, 120.382805 32.021161, 120.387896 32.021047, 120.3879 32.021047, 120.387904 32.021047, 120.387908 32.021048, 120.389636 32.021403, 120.38964 32.021404, 120.389644 32.021406, 120.389647 32.021407, 120.389651 32.021409, 120.389654 32.021411, 120.391367 32.022601, 120.39137 32.022604, 120.391374 32.022607, 120.391376 32.02261, 120.391379 32.022614, 120.391381 32.022617, 120.392224 32.024522, 120.395671 32.025032, 120.395675 32.025033, 120.395679 32.025034, 120.395683 32.025036, 120.395687 32.025038, 120.395691 32.02504, 120.395694 32.025042, 120.395697 32.025045, 120.397668 32.026936, 120.397671 32.026939, 120.397673 32.026942, 120.397675 32.026945, 120.397677 32.026949, 120.397678 32.026952, 120.397679 32.026956, 120.397679 32.02696, 120.397923 32.033569, 120.397923 32.033573, 120.397923 32.033576, 120.397922 32.03358, 120.397921 32.033583, 120.397919 32.033587, 120.396986 32.035259, 120.396984 32.035263, 120.396981 32.035266, 120.396978 32.035269, 120.396975 32.035271, 120.396972 32.035274, 120.395219 32.036376, 120.395215 32.036378, 120.395211 32.03638, 120.395207 32.036381, 120.395203 32.036382, 120.395199 32.036383, 120.395194 32.036383, 120.38951 32.036637, 120.390683 32.037554, 120.394124 32.038975, 120.394243 32.038298, 120.394244 32.038294, 120.394246 32.038291, 120.394247 32.038287, 120.394249 32.038284, 120.394252 32.038281, 120.394255 32.038278, 120.394258 32.038275, 120.396949 32.036244, 120.396953 32.036242, 120.396956 32.03624, 120.39696 32.036238, 120.396965 32.036237, 120.396969 32.036236, 120.396973 32.036235, 120.396978 32.036235, 120.400196 32.036174, 120.400197 32.036174, 120.402949 32.036159, 120.402953 32.036159, 120.402957 32.03616, 120.402961 32.03616, 120.402965 32.036161, 120.402969 32.036163, 120.402973 32.036165, 120.40566 32.037561, 120.408712 32.038103, 120.408715 32.038104, 120.408719 32.038105, 120.408723 32.038107, 120.408726 32.038109, 120.40873 32.038111, 120.410134 32.039026, 120.410137 32.039028, 120.41014 32.039031, 120.410143 32.039034, 120.410146 32.039037, 120.411023 32.040341, 120.411025 32.040344, 120.411027 32.040348, 120.411028 32.040352, 120.411029 32.040355, 120.411243 32.041846, 120.411244 32.04185, 120.411244 32.041854, 120.411243 32.041858, 120.410833 32.04352, 120.410832 32.043524, 120.410831 32.043528, 120.410829 32.043531, 120.410826 32.043534, 120.409622 32.045012, 120.409619 32.045014, 120.409616 32.045017, 120.409613 32.04502, 120.409609 32.045022, 120.409606 32.045024, 120.409208 32.045203, 120.427841 32.052896, 120.427843 32.052897, 120.457888 32.066992, 120.457312 32.064766, 120.457311 32.064762, 120.457311 32.064758, 120.457311 32.064754, 120.457312 32.06475, 120.457867 32.062676, 120.457868 32.062673, 120.45787 32.062669, 120.457872 32.062666, 120.457874 32.062663, 120.457876 32.06266, 120.457879 32.062658, 120.459747 32.061035, 120.45975 32.061033, 120.459753 32.06103, 120.459756 32.061029, 120.45976 32.061027, 120.459764 32.061026, 120.461785 32.060403, 120.461789 32.060402, 120.461793 32.060401, 120.461798 32.060401, 120.461802 32.060401, 120.461806 32.060401, 120.463937 32.060646, 120.463941 32.060646, 120.463945 32.060647, 120.463949 32.060648, 120.463953 32.06065, 120.46765 32.062334, 120.467653 32.062335, 120.467657 32.062337, 120.46766 32.06234, 120.467663 32.062342, 120.467665 32.062345, 120.467667 32.062348, 120.468525 32.063573, 120.468527 32.063576, 120.468529 32.063579, 120.46853 32.063583, 120.468531 32.063587, 120.468852 32.065445, 120.468852 32.065449, 120.468852 32.065452, 120.468852 32.065456, 120.468613 32.066952, 120.468612 32.066956, 120.468611 32.066959, 120.468609 32.066963, 120.468607 32.066966, 120.4677 32.068266, 120.467698 32.068269, 120.467695 32.068272, 120.467692 32.068275, 120.467688 32.068277, 120.466257 32.069176, 120.466253 32.069178, 120.466249 32.06918, 120.466245 32.069181, 120.46624 32.069182, 120.465097 32.069418, 120.466457 32.069607, 120.466461 32.069608, 120.466465 32.069609, 120.466468 32.06961, 120.466472 32.069612, 120.466475 32.069614, 120.46792 32.070463, 120.467923 32.070465, 120.467926 32.070467, 120.467929 32.07047, 120.469143 32.071771, 120.469145 32.071774, 120.469147 32.071777, 120.469149 32.07178, 120.469151 32.071784, 120.469347 32.072368, 120.478104 32.076475, 120.486572 32.076919, 120.486321 32.076431, 120.48632 32.076427, 120.486318 32.076423, 120.486318 32.076419, 120.486318 32.076415, 120.486318 32.076411, 120.486661 32.074161, 120.486662 32.074157, 120.486663 32.074154, 120.486665 32.07415, 120.486667 32.074147, 120.48667 32.074143, 120.486673 32.07414, 120.488857 32.07214, 120.48886 32.072138, 120.488863 32.072135, 120.488867 32.072134, 120.488871 32.072132, 120.488874 32.07213, 120.488878 32.072129, 120.491283 32.071571, 120.491288 32.07157, 120.491292 32.07157, 120.491297 32.071569, 120.496357 32.071752, 120.496362 32.071753, 120.496367 32.071754, 120.496371 32.071755, 120.496376 32.071756, 120.49638 32.071758, 120.498893 32.073124, 120.498897 32.073126, 120.4989 32.073128, 120.498903 32.073131, 120.498905 32.073134, 120.498907 32.073136, 120.498909 32.07314, 120.498911 32.073143, 120.499707 32.074938, 120.510105 32.069192, 120.510261 32.067647, 120.480843 32.023671, 120.4695 32.02517, 120.469496 32.025171, 120.469492 32.025171, 120.469488 32.02517, 120.469484 32.02517, 120.46948 32.025169, 120.455399 32.021465, 120.455395 32.021463, 120.455391 32.021462, 120.455387 32.02146, 120.455383 32.021457, 120.45538 32.021455, 120.455377 32.021452, 120.455374 32.021449, 120.455372 32.021445, 120.45537 32.021442, 120.455369 32.021438, 120.455368 32.021434, 120.455367 32.021431, 120.454112 32.003188, 120.454112 32.003183, 120.455483 31.985743, 120.452955 31.981961, 120.451452 31.983049, 120.451449 31.983051, 120.451446 31.983053, 120.451442 31.983055, 120.451439 31.983056, 120.451435 31.983057, 120.44974 31.983445, 120.449735 31.983446, 120.44973 31.983447, 120.449725 31.983447, 120.445967 31.983197, 120.445962 31.983196, 120.445958 31.983195, 120.445954 31.983194, 120.44595 31.983192, 120.445946 31.98319, 120.444091 31.982161, 120.444088 31.982159, 120.444085 31.982156, 120.444082 31.982154, 120.444079 31.982151, 120.444077 31.982147, 120.442795 31.980147, 120.441074 31.977994, 120.441072 31.977991, 120.44107 31.977988, 120.441068 31.977985, 120.441067 31.977981, 120.441067 31.977977, 120.441066 31.977974, 120.441066 31.977967, 120.432205 31.975201, 120.432202 31.9752, 120.418209 31.969708, 120.404415 31.967318, 120.404517 31.967516, 120.404519 31.967519, 120.40452 31.967523, 120.404521 31.967527, 120.404521 31.967531, 120.4045 31.969714, 120.4045 31.969718, 120.404499 31.969721, 120.404498 31.969724, 120.404497 31.969727, 120.403879 31.971098, 120.403877 31.971102, 120.403874 31.971105, 120.403871 31.971108, 120.403868 31.971112, 120.402321 31.972383, 120.402317 31.972385, 120.402314 31.972388, 120.40231 31.972389, 120.402306 31.972391, 120.402302 31.972392, 120.400234 31.972906, 120.40023 31.972907, 120.400226 31.972907, 120.400222 31.972907, 120.400218 31.972907, 120.397778 31.972742, 120.397774 31.972742, 120.397769 31.972741, 120.397765 31.97274, 120.397761 31.972738, 120.395993 31.971968, 120.393987 31.972691, 120.393983 31.972692, 120.393978 31.972693, 120.393972 31.972694, 120.390215 31.972888, 120.390211 31.972888, 120.390206 31.972888, 120.390202 31.972887, 120.387607 31.972331, 120.387602 31.97233, 120.387598 31.972328, 120.387594 31.972326, 120.38759 31.972324, 120.387587 31.972322, 120.386272 31.971279, 120.386269 31.971277, 120.386267 31.971274, 120.386265 31.971271, 120.386263 31.971268, 120.385344 31.96965, 120.385342 31.969646, 120.385341 31.969643, 120.38534 31.969639, 120.385122 31.968194, 120.385122 31.96819, 120.385122 31.968186, 120.385123 31.968183, 120.385124 31.968179, 120.385561 31.966771, 120.385562 31.966767, 120.385564 31.966764, 120.385566 31.966761, 120.385568 31.966758, 120.38557 31.966755, 120.385573 31.966753, 120.388187 31.964605, 120.38819 31.964602, 120.388193 31.9646, 120.388196 31.964599, 120.3882 31.964597, 120.388204 31.964596, 120.388208 31.964595, 120.388437 31.96455, 120.376191 31.962428, 120.378792 31.963757, 120.378795 31.963759, 120.378799 31.963761, 120.378802 31.963764, 120.378804 31.963766, 120.378807 31.963769, 120.378809 31.963773, 120.379586 31.965098, 120.379587 31.965101, 120.379588 31.965104, 120.379589 31.965107, 120.37959 31.965111, 120.379898 31.967501, 120.379899 31.967505, 120.379898 31.967509, 120.379898 31.967513, 120.379896 31.967517, 120.379355 31.968915, 120.379354 31.968918, 120.379352 31.968921, 120.379349 31.968925, 120.379347 31.968927, 120.378222 31.970047, 120.378219 31.97005, 120.378216 31.970052, 120.378212 31.970054, 120.378208 31.970056, 120.376667 31.970731, 120.376664 31.970732, 120.37666 31.970733, 120.376656 31.970734, 120.376652 31.970735, 120.373607 31.971058, 120.373603 31.971058, 120.373599 31.971058, 120.373595 31.971057, 120.37359 31.971057, 120.373586 31.971055, 120.371626 31.970433, 120.367606 31.970213, 120.367602 31.970213, 120.367597 31.970212, 120.367592 31.97021, 120.367588 31.970209, 120.367584 31.970207, 120.365464 31.968985, 120.365461 31.968983, 120.365458 31.968981, 120.365455 31.968978, 120.365452 31.968975, 120.36545 31.968972, 120.365448 31.968969, 120.36446 31.966963, 120.364459 31.96696, 120.364458 31.966956, 120.364457 31.966952, 120.364457 31.966948, 120.36449 31.96332, 120.364491 31.963317, 120.364491 31.963313, 120.364493 31.963309, 120.364494 31.963305, 120.364496 31.963302, 120.364499 31.963299, 120.364502 31.963296, 120.366878 31.961019, 120.366882 31.961016, 120.366885 31.961014, 120.366889 31.961011, 120.366893 31.96101, 120.366898 31.961008, 120.366902 31.961007, 120.367424 31.960909, 120.360412 31.959694, 120.359999 31.960749, 120.359998 31.960752, 120.359996 31.960755, 120.359993 31.960759, 120.359991 31.960761, 120.358876 31.961871, 120.358873 31.961874, 120.35887 31.961876, 120.358867 31.961878, 120.358864 31.96188, 120.35886 31.961881, 120.356514 31.962761, 120.356509 31.962763, 120.356505 31.962764, 120.3565 31.962764, 120.354722 31.962897, 120.354717 31.962897, 120.354713 31.962896, 120.354708 31.962896, 120.354704 31.962895, 120.353005 31.962429, 120.353001 31.962428, 120.352997 31.962426, 120.352993 31.962424, 120.35299 31.962422, 120.351639 31.961432, 120.351636 31.961429, 120.351633 31.961426, 120.35163 31.961423, 120.351628 31.961419, 120.351626 31.961415, 120.350446 31.958444, 120.350445 31.958441, 120.350444 31.958437, 120.350443 31.958434, 120.350444 31.95843, 120.350444 31.958426, 120.350445 31.958422, 120.350581 31.95799, 120.341162 31.956358, 120.341158 31.956357, 120.341154 31.956356, 120.341151 31.956355, 120.340684 31.956156, 120.335694 31.955736, 120.335799 31.956128, 120.335799 31.956131, 120.3358 31.956134, 120.3358 31.956138, 120.335799 31.956141, 120.335392 31.958787, 120.335391 31.958791, 120.33539 31.958794, 120.335388 31.958798, 120.335386 31.958801, 120.335384 31.958804, 120.333873 31.96065, 120.333871 31.960653, 120.333868 31.960655, 120.333865 31.960658, 120.333862 31.96066, 120.333858 31.960662, 120.333854 31.960663, 120.331825 31.961422, 120.331821 31.961423, 120.331816 31.961424, 120.331811 31.961425, 120.331807 31.961425, 120.327302 31.961371, 120.327471 31.981612)), ((120.342891 32.000212, 120.342906 32.000136, 120.342835 32.000169, 120.342891 32.000212)), ((120.384273 32.032546, 120.384135 32.031621, 120.382872 32.031452, 120.384273 32.032546)), ((120.46332 32.06954, 120.463713 32.069444, 120.462906 32.069346, 120.46332 32.06954)))",3487.2673564797665,False,land_area_clipped,terminal_area_clipped
33,31.738866746404025,121.11678916050602,139,anchorage,"POLYGON ((121.135402 31.695716, 121.135615 31.695734, 121.13562 31.695735, 121.135625 31.695736, 121.135629 31.695737, 121.135633 31.695739, 121.137485 31.696676, 121.137489 31.696678, 121.137493 31.696681, 121.137496 31.696684, 121.137499 31.696687, 121.138474 31.697903, 121.138476 31.697906, 121.138478 31.697909, 121.13848 31.697912, 121.139214 31.699801, 121.139215 31.699805, 121.139216 31.699809, 121.139216 31.699813, 121.139216 31.699817, 121.139049 31.701326, 121.139048 31.701329, 121.139047 31.701333, 121.139045 31.701337, 121.139043 31.70134, 121.1382 31.702675, 121.138198 31.702678, 121.138195 31.702681, 121.138192 31.702684, 121.138189 31.702686, 121.136802 31.703637, 121.136799 31.70364, 121.136794 31.703642, 121.13679 31.703643, 121.136785 31.703644, 121.136781 31.703645, 121.132777 31.704151, 121.132773 31.704152, 121.132769 31.704152, 121.132765 31.704151, 121.132761 31.704151, 121.132757 31.70415, 121.132753 31.704149, 121.131167 31.70358, 121.131163 31.703579, 121.131159 31.703576, 121.131155 31.703574, 121.131151 31.703571, 121.129709 31.702223, 121.129706 31.70222, 121.129703 31.702217, 121.129701 31.702214, 121.1297 31.70221, 121.129698 31.702207, 121.129697 31.702203, 121.129049 31.698918, 121.129048 31.698914, 121.129048 31.698911, 121.129048 31.698907, 121.129049 31.698903, 121.129051 31.698899, 121.129052 31.698896, 121.129281 31.69848, 121.045999 31.73609, 121.047223 31.736776, 121.047226 31.736778, 121.047229 31.73678, 121.047232 31.736783, 121.047234 31.736785, 121.047237 31.736788, 121.048377 31.738429, 121.048379 31.738432, 121.048381 31.738436, 121.048382 31.738439, 121.048383 31.738443, 121.048383 31.738447, 121.048383 31.738451, 121.048142 31.742013, 121.048141 31.742017, 121.04814 31.742021, 121.048139 31.742025, 121.048137 31.742029, 121.048134 31.742032, 121.048132 31.742035, 121.046169 31.744101, 121.046166 31.744104, 121.046163 31.744106, 121.046159 31.744109, 121.046156 31.744111, 121.046152 31.744112, 121.046147 31.744113, 121.046143 31.744114, 121.043275 31.74462, 121.042462 31.746176, 121.042461 31.746179, 121.042458 31.746182, 121.042456 31.746185, 121.042453 31.746187, 121.042449 31.74619, 121.040723 31.747364, 121.040719 31.747366, 121.040715 31.747368, 121.040711 31.747369, 121.040707 31.74737, 121.040703 31.747371, 121.040699 31.747372, 121.03453 31.747817, 121.034527 31.747817, 121.034523 31.747817, 121.034519 31.747816, 121.032744 31.747551, 121.032739 31.74755, 121.032735 31.747549, 121.032731 31.747547, 121.032727 31.747545, 121.031418 31.746819, 121.009493 31.795831, 121.009804 31.79724, 121.010782 31.797379, 121.010546 31.796569, 121.010545 31.796565, 121.010544 31.796561, 121.010544 31.796558, 121.010545 31.796554, 121.010546 31.79655, 121.010547 31.796546, 121.011495 31.794418, 121.011497 31.794415, 121.011499 31.794412, 121.011501 31.794409, 121.011504 31.794406, 121.011506 31.794404, 121.01151 31.794402, 121.014143 31.792635, 121.014147 31.792633, 121.014151 31.792631, 121.014155 31.79263, 121.014159 31.792628, 121.014164 31.792628, 121.014168 31.792627, 121.016397 31.792528, 121.016402 31.792528, 121.016406 31.792528, 121.016411 31.792529, 121.016415 31.79253, 121.016419 31.792531, 121.018598 31.793431, 121.018602 31.793433, 121.018606 31.793435, 121.018609 31.793437, 121.018612 31.79344, 121.018615 31.793443, 121.02037 31.795477, 121.022133 31.796559, 121.022136 31.796561, 121.022139 31.796563, 121.022142 31.796566, 121.022144 31.796568, 121.022146 31.796571, 121.022796 31.797574, 121.063844 31.796676, 121.173728 31.762493, 121.173272 31.762154, 121.173269 31.762152, 121.173266 31.762149, 121.173264 31.762146, 121.173262 31.762143, 121.17326 31.76214, 121.173259 31.762137, 121.172123 31.759002, 121.172122 31.758998, 121.172122 31.758994, 121.172121 31.75899, 121.172122 31.758986, 121.17242 31.75711, 121.17242 31.757106, 121.172422 31.757103, 121.172423 31.757099, 121.172425 31.757096, 121.172427 31.757093, 121.17243 31.75709, 121.174523 31.75498, 121.174526 31.754977, 121.174529 31.754974, 121.174533 31.754972, 121.174537 31.75497, 121.174541 31.754969, 121.174545 31.754967, 121.17737 31.75432, 121.17936 31.753543, 121.179364 31.753542, 121.179368 31.753541, 121.179371 31.75354, 121.179375 31.75354, 121.181916 31.753356, 121.181921 31.753356, 121.181925 31.753356, 121.181929 31.753356, 121.181933 31.753357, 121.184017 31.753878, 121.184022 31.753879, 121.184026 31.753881, 121.18403 31.753883, 121.184034 31.753886, 121.185339 31.75487, 121.185342 31.754872, 121.185345 31.754875, 121.185348 31.754878, 121.18535 31.754882, 121.186116 31.756214, 121.186118 31.756218, 121.186119 31.756222, 121.18612 31.756226, 121.18625 31.757137, 121.188499 31.755628, 121.189259 31.754818, 121.188471 31.752744, 121.18847 31.75274, 121.18847 31.752737, 121.188469 31.752733, 121.188397 31.751193, 121.188397 31.751189, 121.188398 31.751185, 121.188399 31.751181, 121.1884 31.751178, 121.18905 31.749738, 121.189052 31.749735, 121.189055 31.749731, 121.189057 31.749728, 121.18906 31.749725, 121.190327 31.748622, 121.19033 31.74862, 121.190333 31.748617, 121.190336 31.748616, 121.19034 31.748614, 121.192592 31.747736, 121.192597 31.747734, 121.192601 31.747733, 121.192605 31.747732, 121.19261 31.747732, 121.194293 31.747701, 121.194297 31.747701, 121.194302 31.747702, 121.194307 31.747703, 121.194311 31.747704, 121.19552 31.748142, 121.195956 31.747677, 121.194952 31.747427, 121.194948 31.747426, 121.194943 31.747424, 121.194939 31.747422, 121.194935 31.747419, 121.193323 31.74622, 121.19332 31.746217, 121.193318 31.746215, 121.193315 31.746212, 121.193313 31.746209, 121.193311 31.746206, 121.192367 31.744242, 121.192365 31.744239, 121.192364 31.744235, 121.192364 31.744232, 121.192363 31.744228, 121.192317 31.742729, 121.192318 31.742725, 121.192318 31.742722, 121.192319 31.742718, 121.19232 31.742714, 121.192957 31.741315, 121.192959 31.741312, 121.192961 31.741309, 121.192963 31.741306, 121.192966 31.741303, 121.194187 31.74022, 121.19419 31.740218, 121.194194 31.740215, 121.194197 31.740213, 121.194201 31.740212, 121.196455 31.739376, 121.196459 31.739375, 121.196463 31.739374, 121.196467 31.739373, 121.196472 31.739373, 121.198236 31.73935, 121.19824 31.73935, 121.198244 31.73935, 121.198248 31.739351, 121.198252 31.739352, 121.198256 31.739353, 121.200254 31.740131, 121.200258 31.740133, 121.200261 31.740134, 121.200265 31.740136, 121.200268 31.740139, 121.20027 31.740141, 121.201171 31.741057, 121.214676 31.719719, 121.212704 31.719058, 121.2127 31.719056, 121.212697 31.719055, 121.212693 31.719053, 121.21269 31.719051, 121.212688 31.719048, 121.211487 31.717958, 121.211484 31.717955, 121.211482 31.717952, 121.21148 31.717949, 121.211478 31.717946, 121.211477 31.717943, 121.211476 31.717939, 121.210654 31.714462, 121.210653 31.714458, 121.210653 31.714454, 121.210654 31.71445, 121.210654 31.714446, 121.210656 31.714442, 121.211221 31.713031, 121.211223 31.713027, 121.211225 31.713023, 121.211228 31.71302, 121.211231 31.713017, 121.21203 31.712317, 121.178731 31.696493, 121.178653 31.696997, 121.178652 31.697001, 121.178651 31.697004, 121.17865 31.697008, 121.178648 31.697011, 121.177573 31.698669, 121.177571 31.698672, 121.177569 31.698674, 121.177566 31.698677, 121.177563 31.698679, 121.17756 31.698681, 121.176102 31.69956, 121.176099 31.699562, 121.176095 31.699564, 121.17609 31.699565, 121.176086 31.699566, 121.174341 31.699892, 121.174336 31.699893, 121.174331 31.699893, 121.174327 31.699893, 121.170831 31.699587, 121.170826 31.699586, 121.170822 31.699585, 121.170817 31.699584, 121.170813 31.699582, 121.168927 31.698651, 121.168922 31.698649, 121.168919 31.698646, 121.168915 31.698643, 121.168912 31.698639, 121.167918 31.697413, 121.167916 31.69741, 121.167914 31.697406, 121.167912 31.697403, 121.167911 31.697399, 121.167544 31.695942, 121.167543 31.695939, 121.167543 31.695935, 121.167543 31.695931, 121.167544 31.695928, 121.16804 31.693612, 121.168041 31.693608, 121.168043 31.693605, 121.168045 31.693601, 121.168047 31.693598, 121.168464 31.693045, 121.154586 31.689934, 121.15491 31.690923, 121.154911 31.690927, 121.154912 31.69093, 121.154912 31.690933, 121.154912 31.690936, 121.154786 31.692402, 121.154785 31.692406, 121.154784 31.69241, 121.154782 31.692414, 121.15478 31.692417, 121.153734 31.694016, 121.153731 31.694019, 121.153728 31.694023, 121.153725 31.694026, 121.153721 31.694028, 121.152323 31.694891, 121.15232 31.694893, 121.152316 31.694894, 121.152313 31.694896, 121.152309 31.694897, 121.152305 31.694897, 121.152301 31.694898, 121.148013 31.695192, 121.148008 31.695192, 121.148004 31.695192, 121.147999 31.695191, 121.147995 31.69519, 121.14799 31.695189, 121.14642 31.694562, 121.146416 31.694561, 121.146412 31.694558, 121.146408 31.694555, 121.146405 31.694552, 121.145021 31.693142, 121.145018 31.693138, 121.145016 31.693135, 121.145014 31.693132, 121.145012 31.693128, 121.145011 31.693124, 121.144654 31.691536, 121.135402 31.695716), (121.165383 31.760662, 121.165378 31.760661, 121.165374 31.76066, 121.16537 31.760658, 121.165365 31.760656, 121.16361 31.759627, 121.163606 31.759625, 121.163603 31.759622, 121.1636 31.75962, 121.163598 31.759617, 121.163596 31.759614, 121.162416 31.757806, 121.162414 31.757803, 121.162413 31.757799, 121.162412 31.757796, 121.162411 31.757793, 121.162162 31.756288, 121.162162 31.756284, 121.162162 31.75628, 121.162163 31.756276, 121.162163 31.756273, 121.162625 31.754805, 121.162626 31.754801, 121.162628 31.754797, 121.16263 31.754794, 121.162633 31.754791, 121.163731 31.753592, 121.163734 31.753589, 121.163737 31.753586, 121.163741 31.753584, 121.163744 31.753582, 121.165875 31.752572, 121.165879 31.75257, 121.165884 31.752568, 121.165888 31.752568, 121.165892 31.752567, 121.167665 31.752402, 121.167669 31.752402, 121.167673 31.752402, 121.167677 31.752402, 121.167681 31.752403, 121.167685 31.752404, 121.169779 31.753036, 121.169782 31.753037, 121.169786 31.753038, 121.169789 31.75304, 121.169793 31.753042, 121.169795 31.753045, 121.17105 31.754123, 121.171053 31.754125, 121.171056 31.754128, 121.171058 31.754132, 121.172037 31.755695, 121.172039 31.755698, 121.17204 31.755702, 121.172041 31.755705, 121.172042 31.755709, 121.172206 31.757177, 121.172206 31.75718, 121.172206 31.757184, 121.172205 31.757188, 121.172204 31.757191, 121.171702 31.758602, 121.171701 31.758606, 121.171699 31.758609, 121.171697 31.758612, 121.171694 31.758615, 121.170601 31.75976, 121.170598 31.759763, 121.170594 31.759765, 121.170591 31.759768, 121.170586 31.75977, 121.170582 31.759771, 121.167094 31.76091, 121.167089 31.760911, 121.167084 31.760912, 121.16708 31.760912, 121.167075 31.760912, 121.16707 31.760912, 121.165383 31.760662), (121.158178 31.706536, 121.158174 31.706534, 121.15817 31.706532, 121.158167 31.70653, 121.158163 31.706528, 121.156886 31.7055, 121.156883 31.705497, 121.15688 31.705494, 121.156877 31.70549, 121.156875 31.705486, 121.155711 31.702973, 121.15571 31.70297, 121.155709 31.702967, 121.155708 31.702964, 121.155708 31.70296, 121.155659 31.701478, 121.15566 31.701474, 121.15566 31.70147, 121.155661 31.701467, 121.155662 31.701463, 121.156281 31.700077, 121.156283 31.700073, 121.156285 31.700069, 121.156288 31.700066, 121.156291 31.700063, 121.157999 31.698597, 121.158002 31.698595, 121.158006 31.698592, 121.15801 31.69859, 121.158014 31.698589, 121.160052 31.697906, 121.160055 31.697905, 121.160059 31.697904, 121.160063 31.697904, 121.160067 31.697903, 121.160071 31.697904, 121.161825 31.698005, 121.161829 31.698006, 121.161833 31.698006, 121.161837 31.698007, 121.161841 31.698009, 121.161844 31.69801, 121.163754 31.698922, 121.163757 31.698924, 121.163761 31.698926, 121.163764 31.698929, 121.163767 31.698931, 121.16377 31.698934, 121.164946 31.700506, 121.164948 31.700509, 121.16495 31.700512, 121.164951 31.700516, 121.165594 31.702392, 121.165595 31.702396, 121.165595 31.702399, 121.165596 31.702402, 121.165596 31.702406, 121.165474 31.703885, 121.165474 31.703889, 121.165473 31.703893, 121.165471 31.703896, 121.165469 31.7039, 121.164695 31.705228, 121.164693 31.705231, 121.164691 31.705234, 121.164688 31.705237, 121.164685 31.705239, 121.163228 31.706399, 121.163224 31.706401, 121.16322 31.706404, 121.163215 31.706405, 121.161613 31.707021, 121.161609 31.707023, 121.161605 31.707024, 121.1616 31.707024, 121.161596 31.707025, 121.159839 31.70707, 121.159834 31.70707, 121.15983 31.70707, 121.159826 31.707069, 121.159821 31.707068, 121.158178 31.706536), (121.149874 31.713513, 121.149869 31.713512, 121.149865 31.71351, 121.149861 31.713508, 121.149857 31.713506, 121.148012 31.712287, 121.148009 31.712284, 121.148006 31.712282, 121.148003 31.712279, 121.148 31.712276, 121.147075 31.71091, 121.147073 31.710907, 121.147072 31.710903, 121.14707 31.7109, 121.14707 31.710896, 121.147069 31.710893, 121.146862 31.707718, 121.146862 31.707715, 121.146862 31.707712, 121.146863 31.707708, 121.146864 31.707705, 121.147371 31.706272, 121.147372 31.706269, 121.147374 31.706266, 121.147376 31.706263, 121.147378 31.70626, 121.14738 31.706258, 121.14885 31.704876, 121.148854 31.704873, 121.148857 31.704871, 121.148861 31.704868, 121.148865 31.704867, 121.151245 31.703952, 121.151249 31.70395, 121.151254 31.703949, 121.151258 31.703948, 121.151263 31.703948, 121.153015 31.703949, 121.15302 31.703949, 121.153025 31.70395, 121.153029 31.703951, 121.153034 31.703952, 121.155006 31.704746, 121.155009 31.704748, 121.155013 31.70475, 121.155016 31.704752, 121.155019 31.704754, 121.156341 31.705889, 121.156344 31.705892, 121.156347 31.705894, 121.156349 31.705898, 121.156351 31.705901, 121.157022 31.707272, 121.157024 31.707276, 121.157025 31.707279, 121.157025 31.707282, 121.157026 31.707286, 121.157099 31.71004, 121.157099 31.710045, 121.157099 31.710049, 121.157097 31.710053, 121.156567 31.711515, 121.156566 31.711519, 121.156564 31.711522, 121.156561 31.711526, 121.156559 31.711529, 121.155396 31.712697, 121.155393 31.7127, 121.15539 31.712702, 121.155387 31.712704, 121.155383 31.712706, 121.153405 31.713615, 121.153401 31.713617, 121.153396 31.713619, 121.153391 31.713619, 121.151629 31.713869, 121.151624 31.713869, 121.15162 31.713869, 121.151616 31.713869, 121.151611 31.713868, 121.149874 31.713513), (121.13222 31.72779, 121.132215 31.727791, 121.132211 31.727791, 121.132206 31.72779, 121.132202 31.72779, 121.132198 31.727789, 121.132194 31.727787, 121.13026 31.72699, 121.130256 31.726988, 121.130252 31.726986, 121.130248 31.726983, 121.130245 31.72698, 121.129154 31.725844, 121.129151 31.725841, 121.129149 31.725837, 121.129147 31.725834, 121.129146 31.72583, 121.129145 31.725826, 121.128514 31.722513, 121.128513 31.722509, 121.128513 31.722505, 121.128514 31.722502, 121.128514 31.722498, 121.128516 31.722494, 121.128517 31.722491, 121.129467 31.720793, 121.129469 31.72079, 121.129471 31.720788, 121.129474 31.720785, 121.129476 31.720782, 121.129479 31.72078, 121.13086 31.719832, 121.130864 31.71983, 121.130867 31.719828, 121.130872 31.719826, 121.130876 31.719825, 121.133382 31.719205, 121.133386 31.719204, 121.13339 31.719204, 121.133395 31.719204, 121.133399 31.719204, 121.135125 31.719362, 121.135129 31.719363, 121.135134 31.719364, 121.135138 31.719365, 121.135142 31.719367, 121.136668 31.72007, 121.136672 31.720072, 121.136676 31.720075, 121.13668 31.720078, 121.136683 31.720081, 121.137969 31.72156, 121.137971 31.721563, 121.137973 31.721566, 121.137975 31.721569, 121.13863 31.723106, 121.138631 31.723109, 121.138632 31.723112, 121.138632 31.723115, 121.138632 31.723119, 121.138626 31.724627, 121.138626 31.72463, 121.138625 31.724633, 121.138624 31.724637, 121.138623 31.72464, 121.138621 31.724643, 121.13766 31.726334, 121.137658 31.726337, 121.137656 31.726339, 121.137653 31.726342, 121.137651 31.726345, 121.137648 31.726347, 121.136262 31.727287, 121.136258 31.727289, 121.136254 31.727291, 121.136249 31.727293, 121.136245 31.727294, 121.13624 31.727295, 121.13222 31.72779))",4506.057935104144,False,unchanged,terminal_area_clipped
34,26.45977046394732,119.95240270515988,504,anchorage,"POLYGON ((119.866931 26.459099, 119.839004 26.507462, 119.838862 26.508438, 119.83945 26.509269, 119.840657 26.509559, 120.104849 26.477712, 120.106024 26.477015, 120.121356 26.419781, 120.120617 26.418204, 120.056089 26.397255, 119.947016 26.395347, 119.928771 26.402289, 119.866931 26.459099), (119.849139 26.499524, 119.849135 26.499522, 119.849131 26.499521, 119.849128 26.499519, 119.849125 26.499516, 119.849122 26.499514, 119.847625 26.498042, 119.847623 26.498039, 119.84762 26.498035, 119.847618 26.498032, 119.847616 26.498028, 119.847615 26.498025, 119.847614 26.498021, 119.846939 26.49418, 119.846939 26.494176, 119.846939 26.494172, 119.846939 26.494168, 119.84694 26.494164, 119.846941 26.49416, 119.846943 26.494156, 119.847885 26.492402, 119.847887 26.492398, 119.84789 26.492394, 119.847893 26.492391, 119.847897 26.492388, 119.849252 26.491402, 119.849255 26.4914, 119.849259 26.491398, 119.849263 26.491396, 119.849267 26.491395, 119.851859 26.490698, 119.851863 26.490697, 119.851868 26.490696, 119.851872 26.490696, 119.851876 26.490696, 119.853604 26.490848, 119.853609 26.490848, 119.853614 26.49085, 119.853618 26.490851, 119.853623 26.490853, 119.855483 26.49184, 119.855487 26.491842, 119.85549 26.491845, 119.855493 26.491848, 119.855496 26.491851, 119.855498 26.491854, 119.856628 26.493504, 119.85663 26.493508, 119.856631 26.493511, 119.856633 26.493515, 119.857229 26.495455, 119.85723 26.495459, 119.85723 26.495462, 119.85723 26.495466, 119.85723 26.495469, 119.857084 26.497023, 119.857083 26.497027, 119.857082 26.497031, 119.857081 26.497034, 119.857079 26.497038, 119.856284 26.498425, 119.856281 26.498428, 119.856279 26.498431, 119.856276 26.498434, 119.856273 26.498437, 119.854947 26.499449, 119.854944 26.499451, 119.854939 26.499454, 119.854935 26.499455, 119.854931 26.499457, 119.854926 26.499458, 119.85082 26.500122, 119.850816 26.500123, 119.850812 26.500123, 119.850808 26.500123, 119.850804 26.500122, 119.8508 26.500121, 119.850796 26.50012, 119.849139 26.499524))",10875.7139789836,False,unchanged,terminal_area_clipped
35,23.261677595558396,116.85412173777218,67,anchorage,"POLYGON ((116.834767 23.245655, 116.831516 23.248647, 116.831174 23.249586, 116.833307 23.266141, 116.851649 23.290447, 116.924321 23.328808, 116.926121 23.32869, 116.926737 23.327403, 116.922606 23.282811, 116.858089 23.242215, 116.852125 23.240998, 116.844066 23.241867, 116.834767 23.245655))",6301.129881189363,False,unchanged,unchanged
37,22.141539236800377,113.77378293178552,26,anchorage,"POLYGON ((113.790153 22.124158, 113.768501 22.12686, 113.767455 22.127409, 113.757951 22.14889, 113.758329 22.149996, 113.763847 22.155969, 113.770326 22.157663, 113.778281 22.158686, 113.779594 22.158135, 113.786161 22.150487, 113.791797 22.125966, 113.791501 22.124746, 113.790153 22.124158))",16962.262670437303,False,unchanged,unchanged
38,21.059281223962447,110.73108690557446,163,anchorage,"POLYGON ((110.664625 21.004359, 110.675473 21.073106, 110.67821 21.080062, 110.685083 21.083442, 110.697343 21.087476, 110.721923 21.09165, 110.81124 21.085636, 110.840243 21.070445, 110.840595 21.069496, 110.840126 21.068443, 110.818473 21.051652, 110.748211 21.000288, 110.729983 20.991453, 110.665748 21.003547, 110.664625 21.004359))",17490.444026861373,False,unchanged,unchanged
39,24.986606110100553,119.0921765815678,55,anchorage,"POLYGON ((119.163382 24.92563, 119.083542 24.95194, 119.035349 25.014703, 119.035216 25.015843, 119.049345 25.057665, 119.064642 25.098635, 119.067963 25.098454, 119.067968 25.098454, 119.067973 25.098455, 119.069675 25.098699, 119.069679 25.0987, 119.069684 25.098701, 119.069688 25.098702, 119.069691 25.098704, 119.071166 25.099511, 119.07117 25.099513, 119.071174 25.099516, 119.071177 25.099519, 119.071631 25.099979, 119.141747 24.984407, 119.165445 24.927527, 119.165026 24.925928, 119.163382 24.92563))",8902.144828184233,False,unchanged,terminal_area_clipped
42,35.47197782383453,119.88420088879793,150,anchorage,"POLYGON ((119.898456 35.444107, 119.875272 35.454624, 119.855387 35.470011, 119.85259 35.474267, 119.851493 35.477162, 119.851568 35.482664, 119.87798 35.498174, 119.887194 35.501693, 119.937716 35.5055, 119.938445 35.504827, 119.938475 35.503929, 119.923757 35.468053, 119.900503 35.444434, 119.899553 35.443966, 119.898456 35.444107))",18542.663114496903,False,unchanged,unchanged
48,21.47543970072329,108.67458726838534,54,anchorage,"POLYGON ((108.730912 21.450511, 108.658191 21.456061, 108.657294 21.456902, 108.652716 21.467675, 108.649374 21.479905, 108.672995 21.494777, 108.682983 21.495702, 108.686985 21.494968, 108.732187 21.453074, 108.732475 21.451313, 108.730912 21.450511))",17176.784517116248,False,unchanged,unchanged
50,30.19406655812224,121.79819578919822,223,anchorage,"POLYGON ((121.753878 30.16534, 121.745514 30.174844, 121.751289 30.214484, 121.773099 30.22679, 121.796845 30.233001, 121.808998 30.232511, 121.809929 30.231753, 121.823036 30.20562, 121.82811 30.188559, 121.828559 30.184773, 121.819043 30.176039, 121.810622 30.172319, 121.781636 30.162902, 121.756354 30.163509, 121.753878 30.16534))",15056.641464426635,False,unchanged,unchanged
51,33.28451345770115,120.87410149212948,47,anchorage,"POLYGON ((120.882799 33.189478, 120.882062 33.19016, 120.855378 33.245313, 120.861378 33.354233, 120.862198 33.355216, 120.872037 33.359623, 120.873098 33.359412, 120.873797 33.358557, 120.893526 33.279791, 120.88517 33.190568, 120.883887 33.189349, 120.882799 33.189478))",13928.858379533596,False,unchanged,unchanged
55,31.35112312478282,121.65379156588195,301,anchorage,"MULTIPOLYGON (((121.725201 31.281588, 121.725199 31.281591, 121.725196 31.281594, 121.725192 31.281597, 121.725189 31.281599, 121.669958 31.313087, 121.631628 31.335792, 121.631624 31.335794, 121.63162 31.335796, 121.546257 31.366149, 121.506315 31.390708, 121.531616 31.418777, 121.532918 31.419314, 121.538156 31.419208, 121.670571 31.386982, 121.674716 31.384549, 121.674317 31.382189, 121.674316 31.382185, 121.674316 31.382181, 121.674317 31.382178, 121.674318 31.382174, 121.674319 31.38217, 121.674321 31.382167, 121.675613 31.379891, 121.675616 31.379888, 121.675618 31.379885, 121.675621 31.379882, 121.675624 31.379879, 121.675628 31.379877, 121.675632 31.379875, 121.678453 31.378515, 121.679391 31.376715, 121.679393 31.376711, 121.679395 31.376708, 121.679398 31.376705, 121.679401 31.376702, 121.679405 31.376699, 121.681163 31.375577, 121.681167 31.375575, 121.68117 31.375573, 121.681174 31.375572, 121.681178 31.375571, 121.681181 31.37557, 121.68291 31.375274, 121.682915 31.375274, 121.682919 31.375274, 121.682924 31.375274, 121.68629 31.375566, 121.686295 31.375566, 121.686299 31.375567, 121.686303 31.375568, 121.686307 31.37557, 121.686311 31.375572, 121.687768 31.376403, 121.687771 31.376405, 121.687774 31.376407, 121.687777 31.37641, 121.687779 31.376413, 121.687781 31.376415, 121.688012 31.376744, 121.71367 31.361679, 121.726773 31.348943, 121.733179 31.337836, 121.756511 31.290213, 121.754351 31.290242, 121.754346 31.290242, 121.754342 31.290242, 121.754338 31.290241, 121.752504 31.289794, 121.752501 31.289793, 121.752497 31.289792, 121.752494 31.28979, 121.75249 31.289788, 121.751062 31.288904, 121.75069 31.288848, 121.751386 31.290356, 121.751387 31.29036, 121.751388 31.290363, 121.751388 31.290366, 121.751389 31.29037, 121.751389 31.290373, 121.751172 31.292751, 121.751172 31.292754, 121.751171 31.292758, 121.75117 31.292762, 121.751168 31.292765, 121.750394 31.294079, 121.750391 31.294082, 121.750389 31.294085, 121.750386 31.294088, 121.750383 31.294091, 121.749087 31.295059, 121.749084 31.295062, 121.74908 31.295064, 121.749076 31.295065, 121.749072 31.295067, 121.747445 31.295548, 121.747441 31.295549, 121.747436 31.295549, 121.747431 31.29555, 121.744701 31.295596, 121.744697 31.295596, 121.744692 31.295596, 121.744688 31.295595, 121.744683 31.295593, 121.742678 31.294877, 121.742673 31.294875, 121.742669 31.294872, 121.742665 31.29487, 121.742662 31.294867, 121.741492 31.29376, 121.741489 31.293757, 121.741487 31.293754, 121.741485 31.293751, 121.741483 31.293747, 121.740895 31.292343, 121.740894 31.292339, 121.740893 31.292335, 121.740892 31.292331, 121.740829 31.290145, 121.740829 31.290141, 121.74083 31.290137, 121.740831 31.290133, 121.740833 31.290129, 121.741672 31.2884, 121.741673 31.288397, 121.741675 31.288394, 121.741678 31.288392, 121.74168 31.288389, 121.741683 31.288387, 121.742988 31.28738, 121.742992 31.287377, 121.742995 31.287375, 121.742999 31.287373, 121.743003 31.287372, 121.744661 31.28687, 121.744665 31.286869, 121.744669 31.286869, 121.744673 31.286868, 121.74584 31.286803, 121.745114 31.285172, 121.745113 31.285168, 121.745112 31.285165, 121.745111 31.285161, 121.745111 31.285158, 121.745111 31.285154, 121.745112 31.285151, 121.745829 31.281968, 121.74583 31.281964, 121.745831 31.281961, 121.745833 31.281957, 121.745836 31.281954, 121.745838 31.281951, 121.747519 31.280263, 121.747522 31.280261, 121.747525 31.280258, 121.747529 31.280256, 121.747532 31.280254, 121.747536 31.280253, 121.74754 31.280251, 121.749709 31.279656, 121.750071 31.277001, 121.742591 31.276767, 121.74283 31.277296, 121.742832 31.2773, 121.742833 31.277303, 121.742833 31.277307, 121.742833 31.277311, 121.742756 31.279464, 121.742756 31.279468, 121.742756 31.279471, 121.742755 31.279474, 121.742753 31.279478, 121.741948 31.281161, 121.741946 31.281164, 121.741943 31.281168, 121.74194 31.281171, 121.741937 31.281174, 121.740689 31.282171, 121.740686 31.282174, 121.740683 31.282176, 121.740679 31.282178, 121.740675 31.282179, 121.739082 31.282706, 121.739078 31.282708, 121.739073 31.282708, 121.739069 31.282709, 121.736263 31.282851, 121.736259 31.282851, 121.736254 31.28285, 121.736249 31.282849, 121.736245 31.282848, 121.734199 31.28219, 121.734196 31.282189, 121.734192 31.282188, 121.734189 31.282186, 121.734186 31.282184, 121.734183 31.282181, 121.732963 31.281103, 121.73296 31.2811, 121.732957 31.281097, 121.732955 31.281094, 121.732953 31.28109, 121.73231 31.279695, 121.732309 31.279691, 121.732308 31.279687, 121.732307 31.279683, 121.732143 31.277232, 121.732143 31.277228, 121.732144 31.277224, 121.732145 31.27722, 121.732146 31.277216, 121.732288 31.276902, 121.72872 31.277074, 121.725201 31.281588), (121.713451 31.352257, 121.713447 31.352258, 121.713443 31.352258, 121.713439 31.352258, 121.713435 31.352257, 121.713431 31.352256, 121.711355 31.351712, 121.711351 31.35171, 121.711346 31.351708, 121.711342 31.351706, 121.711338 31.351704, 121.710048 31.350703, 121.710045 31.3507, 121.710042 31.350697, 121.71004 31.350694, 121.710038 31.350691, 121.709291 31.349345, 121.709289 31.349342, 121.709288 31.349338, 121.709287 31.349334, 121.708855 31.34654, 121.708854 31.346536, 121.708854 31.346532, 121.708855 31.346528, 121.708856 31.346524, 121.709171 31.345595, 121.707493 31.345678, 121.707488 31.345678, 121.707484 31.345677, 121.70748 31.345677, 121.707476 31.345676, 121.707472 31.345675, 121.707469 31.345673, 121.704825 31.344451, 121.704821 31.344449, 121.704817 31.344447, 121.704813 31.344444, 121.70481 31.344441, 121.704808 31.344437, 121.704805 31.344434, 121.7037 31.342433, 121.703698 31.342429, 121.703696 31.342425, 121.703696 31.342421, 121.703695 31.342417, 121.703695 31.342413, 121.704052 31.339335, 121.704052 31.339331, 121.704053 31.339327, 121.704055 31.339324, 121.704057 31.33932, 121.705751 31.33662, 121.705754 31.336617, 121.705756 31.336614, 121.705759 31.336611, 121.705762 31.336609, 121.705766 31.336606, 121.70722 31.335781, 121.707223 31.335779, 121.707227 31.335777, 121.707231 31.335776, 121.707235 31.335775, 121.708798 31.335495, 121.70989 31.332851, 121.709892 31.332847, 121.709894 31.332844, 121.709896 31.332841, 121.709899 31.332838, 121.709902 31.332835, 121.711788 31.331391, 121.711792 31.331389, 121.711795 31.331387, 121.711799 31.331385, 121.711803 31.331384, 121.711807 31.331383, 121.713454 31.331017, 121.713458 31.331016, 121.713462 31.331016, 121.713466 31.331016, 121.713471 31.331016, 121.715158 31.3312, 121.715163 31.3312, 121.715167 31.331201, 121.715171 31.331202, 121.715175 31.331204, 121.717258 31.3322, 121.717261 31.332202, 121.717265 31.332204, 121.717268 31.332207, 121.717271 31.33221, 121.718362 31.333391, 121.718365 31.333394, 121.718367 31.333397, 121.718369 31.333401, 121.71837 31.333404, 121.718371 31.333408, 121.718827 31.335613, 121.718828 31.335617, 121.718828 31.335621, 121.718827 31.335625, 121.718826 31.335629, 121.718825 31.335633, 121.717977 31.337633, 121.717975 31.337636, 121.717973 31.33764, 121.717971 31.337642, 121.717969 31.337645, 121.716838 31.33877, 121.716835 31.338773, 121.716832 31.338776, 121.716828 31.338778, 121.716825 31.33878, 121.715362 31.339427, 121.714803 31.342264, 121.714802 31.342268, 121.714801 31.342271, 121.714799 31.342275, 121.714796 31.342278, 121.714794 31.342282, 121.71479 31.342284, 121.714361 31.342649, 121.715812 31.342719, 121.715817 31.34272, 121.715822 31.342721, 121.715827 31.342722, 121.715831 31.342724, 121.717356 31.343424, 121.71736 31.343426, 121.717363 31.343428, 121.717367 31.343431, 121.718698 31.344581, 121.718701 31.344584, 121.718703 31.344587, 121.718705 31.34459, 121.718707 31.344593, 121.719377 31.345988, 121.719378 31.345991, 121.719379 31.345995, 121.71938 31.345998, 121.71938 31.346002, 121.719425 31.348548, 121.719425 31.348553, 121.719424 31.348557, 121.719423 31.348561, 121.718864 31.350039, 121.718862 31.350043, 121.71886 31.350046, 121.718858 31.350049, 121.718855 31.350052, 121.717655 31.35122, 121.717652 31.351223, 121.717649 31.351225, 121.717645 31.351228, 121.717641 31.351229, 121.715998 31.351895, 121.715994 31.351897, 121.71599 31.351898, 121.715986 31.351898, 121.713451 31.352257), (121.689402 31.316949, 121.689399 31.316947, 121.689395 31.316945, 121.689393 31.316942, 121.68939 31.316939, 121.687967 31.31512, 121.687965 31.315116, 121.687963 31.315113, 121.687961 31.315109, 121.68796 31.315106, 121.687619 31.313629, 121.687618 31.313626, 121.687618 31.313622, 121.687618 31.313619, 121.687619 31.313616, 121.687619 31.313612, 121.68816 31.311796, 121.688162 31.311793, 121.688163 31.311789, 121.688165 31.311786, 121.688167 31.311783, 121.688169 31.311781, 121.68942 31.310492, 121.689422 31.310489, 121.689425 31.310487, 121.689428 31.310485, 121.689432 31.310483, 121.691302 31.309537, 121.691307 31.309535, 121.691311 31.309534, 121.691316 31.309533, 121.691321 31.309532, 121.693059 31.309391, 121.693064 31.309391, 121.693069 31.309391, 121.693073 31.309392, 121.693078 31.309393, 121.695124 31.310023, 121.695128 31.310024, 121.695133 31.310026, 121.695137 31.310029, 121.69514 31.310031, 121.696374 31.311086, 121.696377 31.311089, 121.69638 31.311092, 121.696382 31.311095, 121.697398 31.312692, 121.697399 31.312695, 121.697401 31.312699, 121.697402 31.312703, 121.697403 31.312706, 121.697572 31.314204, 121.697572 31.314208, 121.697572 31.314212, 121.697571 31.314216, 121.69757 31.314219, 121.697052 31.315658, 121.697051 31.315661, 121.697049 31.315665, 121.697047 31.315668, 121.697044 31.315671, 121.695793 31.31696, 121.69579 31.316963, 121.695787 31.316965, 121.695784 31.316968, 121.694327 31.317789, 121.694323 31.317791, 121.694319 31.317792, 121.694315 31.317794, 121.694311 31.317795, 121.692597 31.318079, 121.692593 31.31808, 121.692589 31.31808, 121.692584 31.31808, 121.69258 31.318079, 121.690869 31.317785, 121.690865 31.317784, 121.69086 31.317783, 121.690856 31.317781, 121.690853 31.317779, 121.689402 31.316949), (121.664566 31.367216, 121.664562 31.367218, 121.664557 31.367219, 121.664553 31.36722, 121.664548 31.36722, 121.661211 31.367435, 121.661206 31.367435, 121.661202 31.367435, 121.661197 31.367434, 121.661193 31.367433, 121.661188 31.367432, 121.658592 31.366354, 121.656587 31.366572, 121.656582 31.366572, 121.656578 31.366572, 121.656574 31.366572, 121.65657 31.366571, 121.654739 31.366158, 121.654734 31.366157, 121.65473 31.366156, 121.654727 31.366154, 121.652866 31.365176, 121.652863 31.365174, 121.652859 31.365172, 121.652856 31.365169, 121.652853 31.365166, 121.652851 31.365163, 121.652849 31.36516, 121.651588 31.362809, 121.651586 31.362805, 121.651585 31.362802, 121.651584 31.362798, 121.651584 31.362794, 121.651584 31.36279, 121.651584 31.362787, 121.652167 31.359737, 121.652168 31.359733, 121.652169 31.35973, 121.65217 31.359727, 121.652172 31.359724, 121.652174 31.359721, 121.653705 31.357855, 121.653708 31.357852, 121.653711 31.357849, 121.653714 31.357847, 121.653717 31.357845, 121.653721 31.357843, 121.653725 31.357841, 121.655958 31.357073, 121.657288 31.355756, 121.657291 31.355753, 121.657294 31.355751, 121.657298 31.355748, 121.657301 31.355747, 121.657305 31.355745, 121.659343 31.35505, 121.659348 31.355049, 121.659352 31.355048, 121.659357 31.355048, 121.659361 31.355048, 121.659366 31.355048, 121.662642 31.35541, 121.662647 31.355411, 121.662651 31.355412, 121.662655 31.355413, 121.662658 31.355415, 121.662662 31.355416, 121.664428 31.356436, 121.664432 31.356438, 121.664435 31.356441, 121.664439 31.356444, 121.664441 31.356448, 121.665329 31.357697, 121.665331 31.357701, 121.665333 31.357705, 121.665334 31.357708, 121.665335 31.357712, 121.665586 31.359386, 121.666896 31.360411, 121.666899 31.360413, 121.666901 31.360416, 121.666904 31.360419, 121.666906 31.360422, 121.666907 31.360425, 121.667723 31.362169, 121.667724 31.362173, 121.667725 31.362176, 121.667726 31.36218, 121.667726 31.362183, 121.667749 31.364434, 121.667749 31.364437, 121.667748 31.364441, 121.667748 31.364444, 121.667746 31.364447, 121.667745 31.364451, 121.667743 31.364454, 121.666442 31.366319, 121.66644 31.366322, 121.666436 31.366325, 121.666433 31.366328, 121.666429 31.36633, 121.666425 31.366333, 121.664566 31.367216), (121.649044 31.371271, 121.64904 31.371274, 121.649036 31.371276, 121.649032 31.371278, 121.649028 31.37128, 121.644727 31.3727, 121.644723 31.372702, 121.644718 31.372702, 121.644713 31.372703, 121.64184 31.372821, 121.641836 31.372821, 121.641831 31.372821, 121.641827 31.37282, 121.639753 31.372355, 121.639749 31.372354, 121.639745 31.372352, 121.639741 31.37235, 121.639737 31.372348, 121.639734 31.372346, 121.638149 31.371113, 121.638146 31.37111, 121.638144 31.371107, 121.638141 31.371104, 121.638139 31.371101, 121.638137 31.371098, 121.637403 31.369378, 121.637402 31.369374, 121.637401 31.369371, 121.6374 31.369368, 121.6374 31.369365, 121.637391 31.365433, 121.637391 31.36543, 121.637392 31.365426, 121.637393 31.365422, 121.637394 31.365419, 121.637396 31.365415, 121.637399 31.365412, 121.637401 31.365409, 121.639372 31.363344, 121.639375 31.363341, 121.639378 31.363339, 121.639381 31.363337, 121.639385 31.363335, 121.639388 31.363333, 121.639392 31.363332, 121.641853 31.362582, 121.641857 31.362581, 121.641862 31.36258, 121.641867 31.36258, 121.647303 31.362531, 121.647308 31.362531, 121.647312 31.362532, 121.647317 31.362533, 121.647321 31.362534, 121.647325 31.362536, 121.647329 31.362538, 121.649872 31.364038, 121.649875 31.36404, 121.649878 31.364043, 121.649881 31.364045, 121.649884 31.364048, 121.649886 31.364051, 121.649888 31.364054, 121.650608 31.365455, 121.65061 31.365458, 121.650611 31.365462, 121.650612 31.365466, 121.650942 31.36842, 121.650942 31.368424, 121.650942 31.368428, 121.650941 31.368432, 121.65094 31.368436, 121.650251 31.370184, 121.650249 31.370188, 121.650247 31.370192, 121.650244 31.370196, 121.650241 31.370199, 121.649044 31.371271), (121.628769 31.383871, 121.628766 31.383873, 121.628762 31.383876, 121.628759 31.383878, 121.628755 31.383879, 121.62875 31.383881, 121.628746 31.383882, 121.626146 31.384358, 121.626142 31.384359, 121.626138 31.384359, 121.626133 31.384359, 121.626129 31.384358, 121.621388 31.383605, 121.621385 31.383605, 121.621381 31.383604, 121.61918 31.382948, 121.619176 31.382947, 121.619172 31.382945, 121.619169 31.382943, 121.619166 31.382941, 121.619163 31.382939, 121.617608 31.381569, 121.617606 31.381566, 121.617603 31.381563, 121.617601 31.38156, 121.617599 31.381557, 121.617598 31.381554, 121.617597 31.38155, 121.617024 31.379325, 121.617023 31.379321, 121.617023 31.379317, 121.617023 31.379314, 121.617024 31.37931, 121.617025 31.379306, 121.617906 31.376756, 121.617907 31.376752, 121.617909 31.376748, 121.617911 31.376745, 121.617914 31.376742, 121.617917 31.376739, 121.619833 31.375128, 121.619837 31.375125, 121.61984 31.375123, 121.619844 31.375121, 121.619848 31.37512, 121.619852 31.375118, 121.619857 31.375118, 121.622375 31.374723, 121.624395 31.373339, 121.624398 31.373337, 121.624402 31.373335, 121.624406 31.373334, 121.62441 31.373332, 121.624414 31.373331, 121.626537 31.372962, 121.626542 31.372962, 121.626546 31.372961, 121.626551 31.372961, 121.626555 31.372962, 121.629661 31.373475, 121.629666 31.373476, 121.62967 31.373478, 121.629674 31.373479, 121.629678 31.373481, 121.629682 31.373484, 121.631601 31.374899, 121.631604 31.374902, 121.631607 31.374905, 121.63161 31.374908, 121.631612 31.374911, 121.631614 31.374915, 121.632309 31.376627, 121.63231 31.37663, 121.632311 31.376633, 121.632311 31.376637, 121.632311 31.37664, 121.632311 31.376644, 121.631992 31.378768, 121.631992 31.378772, 121.63199 31.378775, 121.630608 31.382209, 121.630606 31.382212, 121.630604 31.382216, 121.630601 31.382219, 121.630598 31.382223, 121.628769 31.383871), (121.618123 31.349879, 121.618127 31.34988, 121.618131 31.349881, 121.618134 31.349882, 121.618138 31.349883, 121.618141 31.349885, 121.620007 31.35086, 121.62001 31.350862, 121.620013 31.350864, 121.620016 31.350867, 121.620018 31.350869, 121.620021 31.350872, 121.620981 31.352127, 121.620983 31.352131, 121.620985 31.352134, 121.620986 31.352137, 121.620987 31.352141, 121.620988 31.352144, 121.620988 31.352148, 121.621066 31.357459, 121.621065 31.357463, 121.621065 31.357466, 121.621064 31.35747, 121.621063 31.357473, 121.621061 31.357477, 121.621059 31.35748, 121.619913 31.359068, 121.619911 31.359071, 121.619908 31.359074, 121.619905 31.359076, 121.619902 31.359079, 121.619899 31.359081, 121.618428 31.359897, 121.618425 31.359899, 121.618421 31.3599, 121.618418 31.359901, 121.618414 31.359902, 121.61841 31.359903, 121.616244 31.360152, 121.61624 31.360153, 121.616236 31.360153, 121.616232 31.360152, 121.616228 31.360152, 121.616225 31.360151, 121.61331 31.35934, 121.613306 31.359339, 121.613302 31.359337, 121.613299 31.359335, 121.613295 31.359333, 121.613292 31.359331, 121.613289 31.359328, 121.611662 31.357583, 121.611659 31.35758, 121.611657 31.357577, 121.611655 31.357573, 121.611654 31.35757, 121.611653 31.357566, 121.611652 31.357563, 121.611393 31.355511, 121.610965 31.353883, 121.610964 31.353879, 121.610964 31.353875, 121.610964 31.353871, 121.610965 31.353867, 121.611282 31.352361, 121.611283 31.352358, 121.611284 31.352354, 121.611286 31.35235, 121.611288 31.352347, 121.612269 31.351067, 121.612272 31.351063, 121.612275 31.351061, 121.612278 31.351058, 121.612282 31.351056, 121.613771 31.350205, 121.613774 31.350203, 121.613778 31.350201, 121.613782 31.3502, 121.613786 31.350199, 121.616363 31.34972, 121.616367 31.349719, 121.616372 31.349719, 121.616377 31.349719, 121.618123 31.349879), (121.605749 31.391301, 121.605746 31.391298, 121.605743 31.391296, 121.60574 31.391293, 121.605738 31.39129, 121.604648 31.389656, 121.604646 31.389653, 121.604644 31.389649, 121.604643 31.389645, 121.604311 31.388145, 121.60431 31.388141, 121.60431 31.388137, 121.60431 31.388133, 121.604311 31.388129, 121.604691 31.386638, 121.604692 31.386634, 121.604693 31.386631, 121.604695 31.386628, 121.604697 31.386625, 121.6047 31.386622, 121.606073 31.385126, 121.606076 31.385124, 121.606079 31.385121, 121.606082 31.385119, 121.606085 31.385117, 121.607784 31.384217, 121.607787 31.384216, 121.607791 31.384214, 121.607795 31.384213, 121.607799 31.384212, 121.607803 31.384212, 121.610007 31.38401, 121.610011 31.38401, 121.610015 31.38401, 121.610019 31.384011, 121.610023 31.384011, 121.610027 31.384012, 121.611704 31.384522, 121.611708 31.384524, 121.611712 31.384525, 121.611715 31.384527, 121.611718 31.384529, 121.611721 31.384532, 121.61328 31.385878, 121.613283 31.38588, 121.613285 31.385883, 121.613288 31.385886, 121.613289 31.38589, 121.613291 31.385893, 121.614345 31.38873, 121.614346 31.388733, 121.614347 31.388737, 121.614347 31.38874, 121.614347 31.388744, 121.614347 31.388748, 121.614346 31.388751, 121.613887 31.390209, 121.613885 31.390213, 121.613884 31.390217, 121.613882 31.39022, 121.613879 31.390223, 121.612796 31.391417, 121.612793 31.39142, 121.612789 31.391423, 121.612785 31.391425, 121.611084 31.39238, 121.61108 31.392382, 121.611077 31.392383, 121.611073 31.392384, 121.611069 31.392385, 121.609327 31.39271, 121.609323 31.39271, 121.609319 31.392711, 121.609315 31.392711, 121.609311 31.39271, 121.609307 31.39271, 121.607148 31.39227, 121.607144 31.392269, 121.607141 31.392267, 121.607137 31.392266, 121.607134 31.392264, 121.60713 31.392262, 121.605749 31.391301), (121.606716 31.366075, 121.606714 31.366079, 121.606712 31.366082, 121.60671 31.366085, 121.606707 31.366088, 121.605529 31.367169, 121.605526 31.367172, 121.605522 31.367174, 121.605519 31.367176, 121.605515 31.367178, 121.605511 31.367179, 121.603237 31.367891, 121.602215 31.368921, 121.602212 31.368923, 121.602208 31.368926, 121.602205 31.368928, 121.599267 31.370529, 121.599263 31.370531, 121.599259 31.370532, 121.599256 31.370533, 121.599252 31.370534, 121.599248 31.370535, 121.596717 31.370782, 121.596713 31.370783, 121.596708 31.370783, 121.596704 31.370782, 121.5967 31.370781, 121.596696 31.37078, 121.593979 31.369906, 121.593975 31.369905, 121.593971 31.369903, 121.593967 31.369901, 121.593964 31.369899, 121.593961 31.369896, 121.593959 31.369893, 121.593956 31.36989, 121.592346 31.367676, 121.592344 31.367673, 121.592343 31.36767, 121.592341 31.367666, 121.59234 31.367663, 121.59234 31.367659, 121.59234 31.367655, 121.59234 31.367652, 121.592699 31.364851, 121.5927 31.364847, 121.592701 31.364844, 121.592702 31.36484, 121.592704 31.364837, 121.592706 31.364834, 121.592708 31.364831, 121.592711 31.364829, 121.59491 31.36283, 121.594913 31.362829, 121.596236 31.361778, 121.596239 31.361775, 121.596242 31.361773, 121.596245 31.361772, 121.596249 31.36177, 121.596253 31.361769, 121.598302 31.361223, 121.600331 31.359698, 121.600335 31.359696, 121.600338 31.359694, 121.600342 31.359693, 121.600346 31.359691, 121.600349 31.35969, 121.600354 31.359689, 121.600358 31.359689, 121.603721 31.35948, 121.603725 31.35948, 121.603729 31.359481, 121.603734 31.359481, 121.603738 31.359482, 121.603742 31.359484, 121.605718 31.360244, 121.605722 31.360246, 121.605726 31.360249, 121.60573 31.360251, 121.605734 31.360254, 121.606866 31.361382, 121.606869 31.361385, 121.606871 31.361389, 121.606873 31.361392, 121.606874 31.361395, 121.60742 31.362806, 121.607421 31.36281, 121.607422 31.362813, 121.607422 31.362816, 121.607422 31.36282, 121.607331 31.364682, 121.607331 31.364686, 121.60733 31.36469, 121.607328 31.364694, 121.606716 31.366075), (121.559348 31.380478, 121.559352 31.38048, 121.559355 31.380483, 121.559357 31.380485, 121.55936 31.380489, 121.559362 31.380492, 121.559558 31.38085, 121.559619 31.37883, 121.559619 31.378826, 121.55962 31.378822, 121.559621 31.378819, 121.559623 31.378815, 121.560549 31.377135, 121.560551 31.377132, 121.560554 31.377129, 121.560557 31.377126, 121.56056 31.377123, 121.560563 31.377121, 121.562305 31.37601, 121.562309 31.376008, 121.562312 31.376006, 121.562316 31.376004, 121.56232 31.376003, 121.562324 31.376003, 121.56486 31.375612, 121.564864 31.375612, 121.564869 31.375612, 121.564873 31.375612, 121.566629 31.375753, 121.566634 31.375754, 121.566638 31.375755, 121.566642 31.375756, 121.566646 31.375758, 121.568204 31.376466, 121.568208 31.376468, 121.568211 31.37647, 121.568215 31.376473, 121.569564 31.377646, 121.569567 31.377649, 121.56957 31.377652, 121.569572 31.377655, 121.569573 31.377658, 121.569575 31.377661, 121.570296 31.379483, 121.570297 31.379486, 121.570298 31.37949, 121.570299 31.379493, 121.570299 31.379497, 121.570298 31.3795, 121.569956 31.381793, 121.569955 31.381797, 121.569954 31.381801, 121.569952 31.381804, 121.56995 31.381807, 121.569106 31.383082, 121.569104 31.383085, 121.569102 31.383088, 121.569099 31.38309, 121.569095 31.383093, 121.567754 31.384004, 121.56775 31.384007, 121.567746 31.384008, 121.567743 31.38401, 121.567738 31.384011, 121.566094 31.384427, 121.56609 31.384428, 121.566085 31.384429, 121.566081 31.384429, 121.563192 31.384373, 121.563187 31.384372, 121.563183 31.384372, 121.563178 31.384371, 121.563174 31.384369, 121.561201 31.383572, 121.561196 31.38357, 121.561192 31.383568, 121.561189 31.383565, 121.561185 31.383562, 121.560768 31.383128, 121.560557 31.384589, 121.560556 31.384593, 121.560555 31.384596, 121.560553 31.3846, 121.560551 31.384603, 121.559672 31.385916, 121.559669 31.385919, 121.559666 31.385922, 121.559663 31.385925, 121.559659 31.385928, 121.559655 31.38593, 121.556434 31.38754, 121.556431 31.387541, 121.556427 31.387543, 121.556422 31.387544, 121.556418 31.387545, 121.556414 31.387545, 121.55641 31.387545, 121.554625 31.387474, 121.554621 31.387473, 121.554617 31.387473, 121.554613 31.387472, 121.554609 31.387471, 121.554606 31.387469, 121.55265 31.386563, 121.552647 31.386561, 121.552643 31.386559, 121.55264 31.386557, 121.552637 31.386554, 121.552635 31.386551, 121.552632 31.386548, 121.550826 31.383735, 121.550824 31.383731, 121.550822 31.383728, 121.550821 31.383724, 121.550821 31.38372, 121.550821 31.383716, 121.550821 31.383712, 121.551095 31.381836, 121.551096 31.381832, 121.551097 31.381829, 121.551098 31.381826, 121.5511 31.381823, 121.551102 31.38182, 121.552066 31.380543, 121.552068 31.380541, 121.552071 31.380538, 121.552074 31.380535, 121.552077 31.380533, 121.55403 31.379329, 121.554034 31.379327, 121.554039 31.379325, 121.554043 31.379324, 121.554048 31.379323, 121.555796 31.379021, 121.5558 31.37902, 121.555805 31.37902, 121.555809 31.37902, 121.555814 31.379021, 121.557562 31.379323, 121.557565 31.379324, 121.557569 31.379325, 121.557573 31.379327, 121.557576 31.379328, 121.55758 31.37933, 121.559348 31.380478)), ((121.759756 31.283587, 121.759671 31.283706, 121.759681 31.283741, 121.759756 31.283587)))",3052.979892392025,False,land_area_clipped,terminal_area_clipped
56,25.776530131519742,119.8312489843637,76,anchorage,"POLYGON ((119.815252 25.752833, 119.804786 25.788266, 119.805514 25.789888, 119.809081 25.790191, 119.856844 25.784647, 119.864633 25.780686, 119.869501 25.777543, 119.869618 25.776431, 119.868827 25.775571, 119.830698 25.757481, 119.817503 25.751889, 119.816133 25.751887, 119.815252 25.752833))",15513.06390906762,False,unchanged,unchanged
57,25.959459971973146,119.80502874595906,50,anchorage,"POLYGON ((119.764773 25.931396, 119.764883 25.954339, 119.771914 25.962966, 119.789237 25.972486, 119.798057 25.975881, 119.829393 25.979534, 119.840274 25.980361, 119.847479 25.979637, 119.848507 25.978987, 119.85011 25.95691, 119.839049 25.944948, 119.76674 25.930116, 119.765501 25.930315, 119.764773 25.931396))",11850.490611728634,False,unchanged,unchanged
62,33.88413333398337,120.57143005914924,25,anchorage,"POLYGON ((120.551976 33.864557, 120.541588 33.936946, 120.542614 33.938084, 120.560582 33.943857, 120.562388 33.943273, 120.629045 33.854208, 120.628238 33.852666, 120.598191 33.839539, 120.596543 33.839609, 120.551976 33.864557))",16287.00107443814,False,unchanged,unchanged
63,33.820989292558416,120.48092280459653,10,anchorage,"POLYGON ((120.448153 33.813951, 120.448288 33.814974, 120.449255 33.815617, 120.485375 33.824321, 120.486695 33.82429, 120.487621 33.823437, 120.48732 33.822196, 120.481998 33.818017, 120.461551 33.814815, 120.460307 33.815635, 120.460303 33.815638, 120.460299 33.81564, 120.460294 33.815641, 120.458598 33.816134, 120.458593 33.816135, 120.458589 33.816136, 120.458584 33.816136, 120.45858 33.816136, 120.456786 33.816037, 120.456782 33.816037, 120.456778 33.816036, 120.456774 33.816035, 120.456771 33.816034, 120.456767 33.816033, 120.454824 33.815109, 120.454821 33.815107, 120.454817 33.815105, 120.454814 33.815103, 120.454811 33.8151, 120.454809 33.815097, 120.454807 33.815094, 120.453882 33.813614, 120.450004 33.813007, 120.448792 33.813218, 120.448153 33.813951))",3904.831460640917,False,unchanged,terminal_area_clipped
64,35.96974277301985,120.39313530866922,68,anchorage,"POLYGON ((120.373035 35.95814, 120.365184 35.963178, 120.360744 35.972057, 120.356125 35.995443, 120.356626 35.996612, 120.358107 35.99692, 120.418662 35.984891, 120.438207 35.978039, 120.443254 35.975825, 120.443718 35.974751, 120.441946 35.962299, 120.436397 35.955281, 120.410599 35.949337, 120.394148 35.950383, 120.373035 35.95814))",10063.902996728344,False,unchanged,unchanged
66,29.949489902917215,122.1133507684824,456,anchorage,"MULTIPOLYGON (((122.13644 29.884503, 122.136444 29.884505, 122.136447 29.884508, 122.13645 29.884511, 122.136452 29.884514, 122.136455 29.884517, 122.136456 29.884521, 122.136458 29.884524, 122.136459 29.884528, 122.136459 29.884532, 122.136459 29.884536, 122.136459 29.88454, 122.136458 29.884543, 122.136457 29.884547, 122.129186 29.903789, 122.129184 29.903792, 122.129182 29.903796, 122.12918 29.903799, 122.129177 29.903802, 122.129174 29.903805, 122.129171 29.903807, 122.129167 29.90381, 122.129163 29.903811, 122.129159 29.903813, 122.129155 29.903814, 122.12915 29.903815, 122.105894 29.906992, 122.105889 29.906992, 122.105885 29.906992, 122.10588 29.906992, 122.105876 29.906991, 122.105872 29.90699, 122.105868 29.906989, 122.086662 29.899395, 122.086658 29.899393, 122.085614 29.898855, 122.084064 29.899366, 122.08406 29.899367, 122.084056 29.899368, 122.084051 29.899368, 122.084047 29.899368, 122.07805 29.89918, 122.078046 29.899179, 122.078041 29.899179, 122.078037 29.899177, 122.076339 29.898659, 122.076335 29.898657, 122.076331 29.898655, 122.076327 29.898653, 122.076323 29.898651, 122.074997 29.897595, 122.074994 29.897593, 122.074991 29.89759, 122.074989 29.897587, 122.074987 29.897584, 122.074985 29.897581, 122.074166 29.895772, 122.074164 29.895768, 122.074163 29.895763, 122.074163 29.895759, 122.074163 29.895755, 122.074352 29.893056, 122.074052 29.892902, 122.074048 29.892935, 122.074048 29.892939, 122.074046 29.892943, 122.074045 29.892946, 122.074043 29.89295, 122.072997 29.894597, 122.072994 29.894601, 122.072991 29.894604, 122.072988 29.894608, 122.072984 29.89461, 122.071575 29.895498, 122.071571 29.8955, 122.071567 29.895502, 122.071563 29.895503, 122.071559 29.895504, 122.069866 29.895861, 122.069862 29.895861, 122.069857 29.895862, 122.069852 29.895862, 122.066251 29.895631, 122.066246 29.895631, 122.066241 29.89563, 122.066237 29.895628, 122.066232 29.895627, 122.064279 29.894686, 122.064275 29.894684, 122.064272 29.894682, 122.064269 29.894679, 122.064266 29.894677, 122.064264 29.894674, 122.063234 29.8934, 122.063232 29.893397, 122.06323 29.893393, 122.063228 29.893389, 122.063227 29.893386, 122.062855 29.891864, 122.062854 29.891859, 122.062854 29.891855, 122.062854 29.891851, 122.063158 29.889572, 122.063159 29.889569, 122.06316 29.889565, 122.063162 29.889561, 122.063164 29.889557, 122.063653 29.888825, 122.05624 29.887395, 122.00535 29.889395, 122.005709 29.890191, 122.00571 29.890195, 122.005711 29.890198, 122.005712 29.890202, 122.005712 29.890206, 122.005668 29.892997, 122.005668 29.893001, 122.005667 29.893004, 122.005666 29.893008, 122.005665 29.893011, 122.004856 29.894769, 122.004854 29.894772, 122.004852 29.894776, 122.004849 29.89478, 122.004845 29.894783, 122.003563 29.895818, 122.003559 29.89582, 122.003556 29.895822, 122.003552 29.895824, 122.003548 29.895826, 122.001906 29.896356, 122.001902 29.896358, 122.001897 29.896359, 122.001892 29.896359, 121.998593 29.896481, 121.998588 29.896481, 121.998583 29.896481, 121.998579 29.89648, 121.998574 29.896479, 121.996541 29.895773, 121.996538 29.895772, 121.996534 29.89577, 121.996531 29.895768, 121.996528 29.895766, 121.996525 29.895764, 121.995331 29.894645, 121.995328 29.894642, 121.995325 29.894639, 121.995323 29.894636, 121.995321 29.894632, 121.994714 29.893202, 121.994712 29.893198, 121.994711 29.893194, 121.994711 29.89319, 121.994579 29.890159, 121.994579 29.890155, 121.99458 29.890151, 121.994581 29.890147, 121.994583 29.890143, 121.994743 29.889812, 121.981978 29.890313, 121.981952 29.891294, 121.981952 29.891298, 121.981951 29.891301, 121.98195 29.891305, 121.981949 29.891308, 121.981272 29.892672, 121.98127 29.892675, 121.981268 29.892678, 121.981265 29.892681, 121.981262 29.892684, 121.981259 29.892687, 121.979286 29.894084, 121.979282 29.894087, 121.979278 29.894089, 121.979274 29.894091, 121.97927 29.894092, 121.979265 29.894093, 121.975818 29.894584, 121.975813 29.894584, 121.975809 29.894584, 121.975805 29.894584, 121.975801 29.894583, 121.973076 29.894085, 121.969023 29.894561, 121.969018 29.894561, 121.969014 29.894561, 121.96901 29.894561, 121.969006 29.89456, 121.969002 29.894559, 121.966939 29.893922, 121.966935 29.893921, 121.966931 29.893919, 121.966927 29.893917, 121.966924 29.893914, 121.966921 29.893912, 121.966918 29.893909, 121.965111 29.891795, 121.965108 29.891792, 121.965106 29.891788, 121.965105 29.891785, 121.965103 29.891781, 121.965102 29.891778, 121.965102 29.891774, 121.965012 29.890616, 121.96291 29.891489, 121.962783 29.89166, 121.96278 29.891663, 121.962777 29.891665, 121.962774 29.891668, 121.962771 29.89167, 121.962767 29.891672, 121.960888 29.892592, 121.960884 29.892594, 121.960879 29.892595, 121.960875 29.892596, 121.96087 29.892597, 121.960114 29.892648, 121.921568 29.908635, 121.914915 29.918715, 121.914913 29.918719, 121.91491 29.918722, 121.914907 29.918725, 121.914903 29.918727, 121.914899 29.918729, 121.914895 29.918731, 121.914891 29.918733, 121.899268 29.923176, 121.890677 29.926213, 121.891882 29.926576, 121.891886 29.926578, 121.891889 29.926579, 121.891893 29.926581, 121.891896 29.926584, 121.893777 29.92798, 121.89378 29.927983, 121.893783 29.927986, 121.893786 29.927989, 121.893788 29.927992, 121.89379 29.927996, 121.894564 29.929753, 121.894565 29.929757, 121.894566 29.929761, 121.894567 29.929765, 121.894567 29.929769, 121.894437 29.931275, 121.894437 29.931279, 121.894436 29.931282, 121.894435 29.931286, 121.894433 29.931289, 121.893354 29.933141, 121.893352 29.933144, 121.893349 29.933147, 121.893347 29.93315, 121.893344 29.933152, 121.893341 29.933155, 121.891551 29.934328, 121.891446 29.936609, 121.891446 29.936613, 121.891445 29.936616, 121.891444 29.93662, 121.891443 29.936623, 121.891441 29.936627, 121.891438 29.93663, 121.889948 29.938445, 121.889945 29.938448, 121.889941 29.938451, 121.889938 29.938454, 121.889934 29.938456, 121.889929 29.938458, 121.887965 29.939219, 121.887961 29.93922, 121.887956 29.939221, 121.887951 29.939222, 121.887947 29.939222, 121.883461 29.93924, 121.883456 29.93924, 121.883452 29.939239, 121.883447 29.939238, 121.883443 29.939237, 121.883438 29.939235, 121.883434 29.939232, 121.881255 29.937856, 121.881252 29.937853, 121.881249 29.937851, 121.881246 29.937848, 121.881244 29.937845, 121.881242 29.937842, 121.88124 29.937839, 121.88036 29.935954, 121.877766 29.935678, 121.877762 29.935677, 121.877758 29.935676, 121.877754 29.935675, 121.877751 29.935674, 121.877747 29.935672, 121.877744 29.93567, 121.875512 29.934139, 121.875508 29.934137, 121.875505 29.934134, 121.875502 29.93413, 121.8755 29.934127, 121.875498 29.934123, 121.8745 29.931987, 121.874499 29.931983, 121.874498 29.93198, 121.874497 29.931976, 121.874497 29.931972, 121.874497 29.931968, 121.874498 29.931965, 121.874505 29.931928, 121.873247 29.932373, 121.861244 29.936496, 121.862129 29.937268, 121.862132 29.937271, 121.862135 29.937274, 121.862138 29.937278, 121.86214 29.937282, 121.862881 29.939031, 121.862882 29.939035, 121.862883 29.939038, 121.862883 29.939042, 121.862883 29.939046, 121.862883 29.939049, 121.862586 29.941275, 121.862585 29.941279, 121.862584 29.941282, 121.862582 29.941286, 121.86258 29.94129, 121.861541 29.942887, 121.861539 29.942891, 121.861536 29.942894, 121.861532 29.942897, 121.861528 29.9429, 121.860155 29.943767, 121.860152 29.943769, 121.860148 29.94377, 121.860144 29.943772, 121.86014 29.943773, 121.858493 29.944136, 121.858489 29.944137, 121.858484 29.944137, 121.85848 29.944137, 121.855456 29.943982, 121.855451 29.943982, 121.855446 29.943981, 121.855442 29.94398, 121.855438 29.943978, 121.853479 29.943084, 121.853475 29.943083, 121.853472 29.943081, 121.853469 29.943078, 121.853466 29.943076, 121.853464 29.943073, 121.852405 29.941836, 121.852402 29.941833, 121.8524 29.941829, 121.852398 29.941826, 121.852397 29.941822, 121.851975 29.940326, 121.851974 29.940321, 121.851974 29.940317, 121.851974 29.940313, 121.852038 29.939659, 121.849831 29.940417, 121.84983 29.940417, 121.834354 29.945563, 121.834915 29.9461, 121.834918 29.946103, 121.83492 29.946107, 121.834922 29.94611, 121.834924 29.946114, 121.834925 29.946117, 121.835435 29.948017, 121.835436 29.94802, 121.835436 29.948024, 121.835436 29.948028, 121.835435 29.948032, 121.835434 29.948035, 121.834834 29.950056, 121.834833 29.95006, 121.834831 29.950064, 121.834828 29.950067, 121.832892 29.952627, 121.83289 29.952631, 121.832886 29.952634, 121.832883 29.952636, 121.831061 29.953923, 121.831058 29.953925, 121.831054 29.953927, 121.83105 29.953929, 121.831045 29.95393, 121.829297 29.954365, 121.829293 29.954366, 121.829288 29.954366, 121.829283 29.954366, 121.826936 29.954288, 121.848572 29.981717, 121.860103 29.978058, 121.860107 29.978057, 121.860112 29.978056, 121.871586 29.976673, 121.871591 29.976672, 121.871595 29.976672, 121.871599 29.976673, 121.871603 29.976674, 121.871608 29.976675, 121.871612 29.976676, 121.889678 29.983919, 121.889682 29.983921, 121.889685 29.983922, 121.889688 29.983925, 121.889691 29.983927, 121.889694 29.98393, 121.889696 29.983933, 121.903368 30.001755, 121.903371 30.001758, 121.903373 30.001762, 121.903374 30.001766, 121.910536 30.024105, 121.910537 30.024109, 121.910537 30.024113, 121.910537 30.024117, 121.909235 30.044991, 121.909235 30.044995, 121.909234 30.044999, 121.909233 30.045002, 121.909231 30.045006, 121.909229 30.045009, 121.909227 30.045012, 121.903745 30.051628, 121.948056 30.10774, 121.948773 30.107103, 121.948776 30.1071, 121.94878 30.107097, 121.948784 30.107095, 121.948788 30.107094, 121.950484 30.106507, 121.950488 30.106506, 121.950492 30.106505, 121.950496 30.106505, 121.950501 30.106505, 121.953668 30.106521, 121.953672 30.106521, 121.953676 30.106522, 121.95368 30.106523, 121.953684 30.106524, 121.955683 30.107187, 121.955687 30.107188, 121.955692 30.107191, 121.955696 30.107193, 121.955699 30.107196, 121.956898 30.108262, 121.9569 30.108264, 121.956903 30.108267, 121.956905 30.10827, 121.956907 30.108273, 121.956908 30.108277, 121.956909 30.10828, 121.957802 30.111617, 121.957803 30.111621, 121.957803 30.111625, 121.957803 30.111629, 121.957802 30.111633, 121.957801 30.111637, 121.957516 30.112434, 121.969156 30.11245, 121.969531 30.112033, 121.970016 30.109309, 121.970017 30.109305, 121.970018 30.109301, 121.97002 30.109298, 121.970022 30.109294, 121.970025 30.109291, 121.971304 30.107838, 121.971307 30.107835, 121.97131 30.107832, 121.971314 30.10783, 121.971318 30.107827, 121.973293 30.1069, 121.973297 30.106898, 121.973301 30.106897, 121.973305 30.106896, 121.973309 30.106895, 121.973313 30.106895, 121.975116 30.106829, 121.975121 30.106829, 121.975125 30.106829, 121.97513 30.10683, 121.975134 30.106831, 121.976822 30.107385, 121.976826 30.107386, 121.97683 30.107388, 121.976833 30.10739, 121.977551 30.107871, 121.977994 30.107071, 121.979632 30.097007, 121.979173 30.095908, 121.979171 30.095904, 121.979171 30.0959, 121.97917 30.095896, 121.979103 30.09376, 121.979103 30.093756, 121.979104 30.093752, 121.979105 30.093748, 121.979106 30.093744, 121.979949 30.09198, 121.979951 30.091977, 121.979953 30.091974, 121.979955 30.091972, 121.979958 30.091969, 121.979961 30.091966, 121.980523 30.091529, 121.98076 30.090073, 121.980272 30.08463, 121.977265 30.077355, 121.973768 30.072598, 121.973766 30.072594, 121.973764 30.07259, 121.971811 30.067707, 121.971809 30.067703, 121.971809 30.067699, 121.971808 30.067696, 121.971808 30.067692, 121.971809 30.067688, 121.972544 30.06401, 121.972023 30.063919, 121.972019 30.063919, 121.972016 30.063917, 121.972012 30.063916, 121.972008 30.063914, 121.972005 30.063912, 121.970241 30.06276, 121.970238 30.062758, 121.970235 30.062755, 121.970232 30.062753, 121.97023 30.06275, 121.970228 30.062747, 121.969413 30.061382, 121.969411 30.061378, 121.96941 30.061375, 121.969409 30.061371, 121.969408 30.061367, 121.969268 30.059836, 121.969268 30.059832, 121.969268 30.059829, 121.969269 30.059825, 121.96927 30.059822, 121.970049 30.05748, 121.970051 30.057476, 121.970053 30.057472, 121.970055 30.057469, 121.970058 30.057466, 121.971205 30.056314, 121.971209 30.056311, 121.971212 30.056308, 121.971216 30.056306, 121.97122 30.056304, 121.972807 30.055626, 121.972206 30.054104, 121.972205 30.0541, 121.972204 30.054096, 121.972204 30.054092, 121.972204 30.054089, 121.972293 30.052836, 121.970249 30.0539, 121.970245 30.053902, 121.970241 30.053904, 121.970236 30.053905, 121.970231 30.053905, 121.970227 30.053906, 121.968029 30.053932, 121.968025 30.053932, 121.96802 30.053931, 121.968016 30.053931, 121.968012 30.053929, 121.968008 30.053928, 121.965795 30.052979, 121.965791 30.052977, 121.965787 30.052975, 121.965784 30.052972, 121.965781 30.052969, 121.964357 30.051469, 121.964355 30.051466, 121.964352 30.051463, 121.964351 30.051459, 121.964349 30.051455, 121.964348 30.051452, 121.96394 30.049543, 121.963939 30.049539, 121.963939 30.049536, 121.963939 30.049532, 121.96394 30.049529, 121.963941 30.049525, 121.964423 30.048024, 121.964425 30.04802, 121.964426 30.048017, 121.964428 30.048014, 121.964431 30.048011, 121.965958 30.046258, 121.965962 30.046255, 121.965965 30.046252, 121.965969 30.046249, 121.965973 30.046247, 121.967578 30.045511, 121.969728 30.043571, 121.969731 30.043568, 121.969734 30.043566, 121.969738 30.043564, 121.969742 30.043563, 121.969746 30.043561, 121.96975 30.04356, 121.969754 30.043559, 121.973253 30.04312, 121.973257 30.043119, 121.973261 30.043119, 121.973266 30.04312, 121.97327 30.043121, 121.973274 30.043122, 121.975731 30.043887, 121.975735 30.043889, 121.975739 30.043891, 121.975742 30.043893, 121.975746 30.043895, 121.975749 30.043898, 121.975751 30.0439, 121.977205 30.045541, 121.978921 30.044619, 121.978924 30.044617, 121.978928 30.044615, 121.978932 30.044614, 121.978936 30.044613, 121.978941 30.044613, 121.979287 30.044589, 121.978103 30.044102, 121.978099 30.0441, 121.978096 30.044098, 121.978092 30.044096, 121.978089 30.044093, 121.978086 30.04409, 121.978084 30.044087, 121.978082 30.044084, 121.976785 30.041755, 121.976783 30.041752, 121.976782 30.041748, 121.976781 30.041745, 121.97678 30.041741, 121.97678 30.041737, 121.976781 30.041734, 121.976781 30.04173, 121.977568 30.03854, 121.977569 30.038537, 121.977571 30.038534, 121.977573 30.03853, 121.977575 30.038527, 121.977577 30.038525, 121.97863 30.037352, 121.978633 30.03735, 121.978636 30.037347, 121.97864 30.037345, 121.978643 30.037343, 121.980113 30.036604, 121.982059 30.03459, 121.982062 30.034587, 121.982066 30.034585, 121.982069 30.034582, 121.982073 30.034581, 121.982077 30.034579, 121.982081 30.034578, 121.982085 30.034577, 121.984921 30.034074, 121.985649 30.032164, 121.98441 30.031117, 121.984407 30.031114, 121.984404 30.03111, 121.984401 30.031107, 121.984399 30.031103, 121.98365 30.029381, 121.983648 30.029378, 121.983648 30.029375, 121.983647 30.029371, 121.983647 30.029368, 121.983584 30.024898, 121.983584 30.024895, 121.983585 30.024891, 121.983586 30.024887, 121.983587 30.024883, 121.983589 30.02488, 121.984834 30.022814, 121.984837 30.022811, 121.98484 30.022807, 121.984843 30.022804, 121.984846 30.022802, 121.986375 30.021743, 121.986379 30.02174, 121.986383 30.021738, 121.986387 30.021737, 121.986391 30.021735, 121.988177 30.021313, 121.988182 30.021313, 121.988186 30.021312, 121.988191 30.021312, 121.992694 30.021484, 121.992698 30.021485, 121.992702 30.021485, 121.992707 30.021486, 121.992711 30.021488, 121.995037 30.022412, 121.995041 30.022414, 121.995045 30.022416, 121.995049 30.022419, 121.995052 30.022422, 121.995055 30.022425, 121.995057 30.022428, 121.99652 30.024667, 121.996522 30.024671, 121.996523 30.024675, 121.996525 30.024679, 121.996525 30.024683, 121.996526 30.024687, 121.996519 30.026195, 121.998637 30.025715, 121.998642 30.025714, 121.998646 30.025714, 121.99865 30.025713, 122.000466 30.025756, 122.00047 30.025757, 122.000475 30.025757, 122.000479 30.025759, 122.000483 30.02576, 122.002131 30.026422, 122.002135 30.026424, 122.002139 30.026426, 122.002143 30.026429, 122.003504 30.027511, 122.003507 30.027514, 122.00351 30.027517, 122.003513 30.027521, 122.003515 30.027525, 122.00435 30.029269, 122.004352 30.029273, 122.004353 30.029277, 122.004354 30.029281, 122.004354 30.029285, 122.0043 30.031424, 122.0043 30.031428, 122.004299 30.031431, 122.004298 30.031435, 122.004297 30.031438, 122.003504 30.033144, 122.003502 30.033148, 122.0035 30.033152, 122.003497 30.033155, 122.003493 30.033158, 122.002256 30.034173, 122.002253 30.034176, 122.002249 30.034178, 122.002245 30.03418, 122.002241 30.034181, 122.000656 30.034724, 122.000651 30.034726, 122.000647 30.034726, 122.000642 30.034727, 121.997966 30.034879, 121.997961 30.034879, 121.997956 30.034879, 121.997952 30.034878, 121.997947 30.034877, 121.995895 30.034224, 121.995892 30.034222, 121.995888 30.034221, 121.995885 30.034219, 121.995882 30.034217, 121.995879 30.034214, 121.994652 30.033132, 121.99506 30.034805, 121.995061 30.034809, 121.995061 30.034813, 121.995061 30.034816, 121.995061 30.03482, 121.994667 30.036729, 121.994666 30.036732, 121.994664 30.036735, 121.994663 30.036739, 121.994661 30.036742, 121.994566 30.03688, 121.995434 30.036531, 121.995438 30.03653, 121.995441 30.036529, 122.008784 30.033356, 122.012178 30.031902, 122.013474 30.025824, 122.011197 30.015089, 122.011196 30.015085, 122.011196 30.015081, 122.011197 30.015077, 122.011197 30.015073, 122.012172 30.011418, 122.011686 30.00846, 122.009572 30.004356, 122.009571 30.004352, 122.00957 30.004348, 122.009569 30.004344, 122.009569 30.00434, 122.009569 30.004336, 122.009569 30.004333, 122.010465 30.000304, 122.010466 30.000301, 122.010467 30.000297, 122.010469 30.000293, 122.010471 30.00029, 122.010474 30.000287, 122.010477 30.000284, 122.01048 30.000282, 122.010484 30.000279, 122.010487 30.000277, 122.010491 30.000276, 122.019036 29.997183, 122.019041 29.997182, 122.019045 29.997181, 122.019049 29.99718, 122.019054 29.99718, 122.025727 29.997221, 122.025731 29.997221, 122.025735 29.997222, 122.025739 29.997222, 122.025743 29.997224, 122.025747 29.997225, 122.030548 29.9993, 122.030552 29.999302, 122.030555 29.999304, 122.034701 30.001987, 122.048857 30.007356, 122.048862 30.007358, 122.065293 30.015899, 122.067956 30.016274, 122.068331 30.015692, 122.068333 30.015689, 122.068336 30.015686, 122.068339 30.015683, 122.068342 30.015681, 122.070179 30.014358, 122.070183 30.014356, 122.070187 30.014354, 122.070191 30.014352, 122.070196 30.014351, 122.07186 30.013938, 122.071864 30.013938, 122.071869 30.013937, 122.071874 30.013937, 122.071879 30.013937, 122.074008 30.01423, 122.074012 30.014231, 122.074016 30.014232, 122.07402 30.014234, 122.074024 30.014236, 122.074028 30.014238, 122.075754 30.015356, 122.075757 30.015358, 122.07576 30.015361, 122.075763 30.015364, 122.075765 30.015367, 122.075767 30.01537, 122.076982 30.017547, 122.077403 30.017606, 122.098957 30.014434, 122.144201 30.000356, 122.144205 30.000355, 122.144209 30.000355, 122.162133 29.997727, 122.247398 29.945498, 122.272803 29.926198, 122.274727 29.922932, 122.273942 29.904578, 122.220437 29.87407, 122.128062 29.879482, 122.13644 29.884503), (121.933561 29.921342, 121.93356 29.921338, 121.93356 29.921334, 121.933559 29.92133, 121.93356 29.921326, 121.933561 29.921323, 121.933562 29.921319, 121.933564 29.921315, 121.933566 29.921311, 121.946099 29.903937, 121.946101 29.903934, 121.946104 29.903931, 121.946107 29.903928, 121.94611 29.903926, 121.946114 29.903924, 121.946117 29.903922, 121.946121 29.903921, 121.946125 29.90392, 121.946129 29.903919, 121.974124 29.899809, 121.974128 29.899809, 121.974133 29.899809, 121.974137 29.899809, 121.974141 29.89981, 121.974145 29.899811, 121.974149 29.899812, 121.974153 29.899813, 121.992463 29.908236, 121.992467 29.908238, 121.992471 29.90824, 121.992474 29.908243, 121.992477 29.908246, 121.99248 29.908249, 121.992482 29.908252, 121.992484 29.908256, 121.992485 29.90826, 121.992486 29.908263, 121.992487 29.908267, 121.993545 29.918847, 121.993545 29.91885, 121.993545 29.918854, 121.993544 29.918858, 121.993543 29.918861, 121.993542 29.918865, 121.99354 29.918868, 121.990775 29.923436, 121.991758 29.923331, 121.991762 29.92333, 121.991766 29.92333, 121.99177 29.923331, 121.991774 29.923331, 121.991778 29.923332, 121.991782 29.923334, 121.991786 29.923336, 121.994595 29.924756, 121.994599 29.924758, 121.994602 29.924761, 121.994605 29.924763, 121.994608 29.924766, 121.994611 29.924769, 121.994613 29.924773, 121.995954 29.927101, 121.995956 29.927105, 121.995957 29.927109, 121.995958 29.927113, 121.995959 29.927117, 121.995959 29.927121, 121.995833 29.928624, 121.995832 29.928627, 121.995831 29.928631, 121.99583 29.928635, 121.995828 29.928638, 121.995053 29.929987, 121.995051 29.92999, 121.995049 29.929993, 121.995046 29.929996, 121.995043 29.929999, 121.99504 29.930001, 121.992191 29.931792, 121.990881 29.934011, 121.990878 29.934015, 121.990875 29.934018, 121.990872 29.934021, 121.990869 29.934024, 121.990865 29.934026, 121.990861 29.934028, 121.9885 29.935066, 121.988496 29.935068, 121.988491 29.935069, 121.988486 29.93507, 121.988482 29.93507, 121.988477 29.93507, 121.988472 29.93507, 121.98401 29.934428, 121.984005 29.934427, 121.984001 29.934426, 121.983996 29.934424, 121.983992 29.934422, 121.983989 29.93442, 121.983985 29.934417, 121.983139 29.933686, 121.980629 29.936239, 121.981547 29.936747, 121.98155 29.936749, 121.981553 29.936751, 121.981556 29.936754, 121.981558 29.936756, 121.982756 29.9381, 121.982758 29.938103, 121.98276 29.938106, 121.982762 29.93811, 121.982763 29.938113, 121.983224 29.939567, 121.983225 29.939571, 121.983225 29.939575, 121.983225 29.939578, 121.983225 29.939582, 121.983013 29.941078, 121.983012 29.941082, 121.983011 29.941086, 121.98301 29.941089, 121.983008 29.941093, 121.982156 29.942407, 121.982153 29.942411, 121.98215 29.942414, 121.982147 29.942417, 121.980684 29.943558, 121.980681 29.94356, 121.980677 29.943562, 121.980674 29.943564, 121.98067 29.943565, 121.979025 29.94412, 121.979021 29.944121, 121.979017 29.944122, 121.979013 29.944123, 121.979009 29.944123, 121.979005 29.944123, 121.976813 29.943982, 121.976809 29.943981, 121.976805 29.943981, 121.976801 29.94398, 121.976797 29.943978, 121.976794 29.943977, 121.975261 29.943218, 121.975257 29.943215, 121.975253 29.943213, 121.975249 29.94321, 121.974498 29.942472, 121.972333 29.944673, 121.9728 29.944721, 121.972804 29.944722, 121.972808 29.944723, 121.972812 29.944724, 121.972816 29.944726, 121.97282 29.944728, 121.974258 29.945612, 121.974262 29.945614, 121.974265 29.945617, 121.974268 29.945619, 121.97427 29.945623, 121.975205 29.946917, 121.975207 29.946921, 121.975209 29.946924, 121.975211 29.946928, 121.975211 29.946932, 121.975499 29.948438, 121.9755 29.948442, 121.9755 29.948445, 121.9755 29.948449, 121.975499 29.948452, 121.97491 29.951143, 121.974909 29.951148, 121.974907 29.951152, 121.974905 29.951155, 121.974903 29.951159, 121.973866 29.952398, 121.973863 29.952402, 121.97386 29.952405, 121.973856 29.952407, 121.973852 29.952409, 121.972111 29.953266, 121.971326 29.956142, 121.971325 29.956145, 121.971324 29.956149, 121.971321 29.956152, 121.971319 29.956156, 121.971316 29.956159, 121.971313 29.956161, 121.969062 29.957958, 121.969059 29.95796, 121.969055 29.957962, 121.969051 29.957964, 121.969047 29.957966, 121.969043 29.957967, 121.969039 29.957968, 121.966855 29.95825, 121.966851 29.958251, 121.966846 29.958251, 121.966841 29.95825, 121.966837 29.958249, 121.964577 29.957708, 121.964573 29.957706, 121.964568 29.957705, 121.964564 29.957703, 121.963114 29.956858, 121.963111 29.956856, 121.963107 29.956853, 121.963104 29.95685, 121.963102 29.956847, 121.962134 29.955587, 121.962131 29.955584, 121.96213 29.95558, 121.962128 29.955577, 121.962127 29.955573, 121.961787 29.954088, 121.961787 29.954084, 121.961786 29.95408, 121.961787 29.954076, 121.961941 29.952789, 121.959983 29.95323, 121.959979 29.953231, 121.959974 29.953231, 121.95997 29.953231, 121.959965 29.953231, 121.959961 29.95323, 121.959957 29.953229, 121.959953 29.953228, 121.959949 29.953226, 121.959945 29.953224, 121.955044 29.950106, 121.95495 29.950385, 121.954948 29.950389, 121.954947 29.950392, 121.954944 29.950396, 121.954942 29.950399, 121.953803 29.951601, 121.9538 29.951604, 121.953797 29.951606, 121.953794 29.951608, 121.95379 29.95161, 121.953787 29.951612, 121.951352 29.952543, 121.951347 29.952544, 121.951342 29.952545, 121.951337 29.952546, 121.949543 29.952668, 121.949539 29.952668, 121.949534 29.952668, 121.94953 29.952667, 121.949525 29.952666, 121.947819 29.952169, 121.947815 29.952167, 121.947811 29.952165, 121.947807 29.952163, 121.947804 29.952161, 121.946461 29.951123, 121.946457 29.95112, 121.946454 29.951117, 121.946451 29.951113, 121.946449 29.951109, 121.945441 29.949098, 121.945439 29.949094, 121.945438 29.949091, 121.945437 29.949087, 121.945437 29.949084, 121.945374 29.94752, 121.945375 29.947516, 121.945375 29.947512, 121.945376 29.947508, 121.945378 29.947504, 121.946031 29.946046, 121.946032 29.946042, 121.946035 29.946039, 121.946037 29.946036, 121.94604 29.946033, 121.947304 29.944915, 121.947307 29.944912, 121.947311 29.94491, 121.947314 29.944908, 121.947319 29.944906, 121.948179 29.944595, 121.940895 29.937716, 121.940893 29.937713, 121.94089 29.93771, 121.940888 29.937707, 121.940887 29.937704, 121.933562 29.921346, 121.933561 29.921342), (122.260381 29.915074, 122.260377 29.915072, 122.260373 29.915069, 122.260369 29.915066, 122.260366 29.915063, 122.259317 29.913861, 122.259315 29.913858, 122.259313 29.913855, 122.259311 29.913852, 122.25931 29.913848, 122.259309 29.913845, 122.259308 29.913841, 122.25891 29.910405, 122.25891 29.910401, 122.25891 29.910397, 122.258911 29.910394, 122.258912 29.91039, 122.258913 29.910387, 122.258915 29.910383, 122.2599 29.908711, 122.259903 29.908708, 122.259906 29.908704, 122.259909 29.908701, 122.259913 29.908698, 122.261286 29.907774, 122.26129 29.907772, 122.261294 29.90777, 122.261299 29.907768, 122.261303 29.907767, 122.26391 29.907222, 122.263914 29.907221, 122.263918 29.907221, 122.263921 29.907221, 122.263925 29.907221, 122.265621 29.907389, 122.265626 29.90739, 122.26563 29.907391, 122.265635 29.907392, 122.265639 29.907394, 122.267458 29.908347, 122.267462 29.90835, 122.267465 29.908352, 122.267468 29.908354, 122.267471 29.908357, 122.267474 29.90836, 122.268584 29.909932, 122.268586 29.909935, 122.268587 29.909939, 122.268588 29.909942, 122.269119 29.911612, 122.26912 29.911615, 122.269121 29.911618, 122.269121 29.911622, 122.269121 29.911625, 122.268992 29.913112, 122.268992 29.913116, 122.268991 29.913119, 122.268989 29.913123, 122.268988 29.913126, 122.268223 29.914462, 122.268221 29.914466, 122.268218 29.914469, 122.268215 29.914472, 122.268211 29.914475, 122.266541 29.915639, 122.266538 29.915641, 122.266534 29.915643, 122.26653 29.915645, 122.266526 29.915646, 122.266521 29.915647, 122.266517 29.915647, 122.262322 29.915953, 122.262318 29.915953, 122.262313 29.915953, 122.262309 29.915952, 122.262305 29.915951, 122.262301 29.91595, 122.262297 29.915949, 122.260381 29.915074), (122.149355 29.976062, 122.14935 29.976062, 122.149346 29.976061, 122.149341 29.97606, 122.149337 29.976059, 122.147309 29.975343, 122.147305 29.975342, 122.147301 29.97534, 122.147298 29.975338, 122.147295 29.975336, 122.147292 29.975334, 122.146106 29.97421, 122.146103 29.974207, 122.1461 29.974204, 122.146098 29.9742, 122.146097 29.974197, 122.145499 29.972764, 122.145498 29.97276, 122.145497 29.972756, 122.145496 29.972752, 122.145373 29.969495, 122.145373 29.969491, 122.145374 29.969487, 122.145375 29.969483, 122.145377 29.969479, 122.146263 29.967686, 122.146265 29.967683, 122.146267 29.96768, 122.146269 29.967677, 122.146272 29.967674, 122.146275 29.967672, 122.147646 29.966651, 122.147649 29.966648, 122.147653 29.966646, 122.147657 29.966644, 122.147661 29.966643, 122.149386 29.966173, 122.149389 29.966172, 122.149393 29.966171, 122.149397 29.966171, 122.152662 29.96605, 122.152667 29.96605, 122.152671 29.966051, 122.152675 29.966051, 122.152679 29.966052, 122.152683 29.966054, 122.154668 29.966864, 122.154672 29.966866, 122.154675 29.966868, 122.154678 29.96687, 122.154681 29.966872, 122.156033 29.968066, 122.156036 29.968069, 122.156039 29.968072, 122.156041 29.968075, 122.156043 29.968079, 122.156708 29.969541, 122.156709 29.969545, 122.15671 29.969548, 122.156711 29.969552, 122.156711 29.969556, 122.156672 29.972569, 122.156671 29.972573, 122.156671 29.972576, 122.15667 29.97258, 122.156669 29.972583, 122.155859 29.974353, 122.155857 29.974356, 122.155855 29.974359, 122.155853 29.974362, 122.15585 29.974364, 122.155847 29.974367, 122.154554 29.975407, 122.154551 29.975409, 122.154547 29.975412, 122.154544 29.975413, 122.154539 29.975415, 122.152884 29.975943, 122.152879 29.975945, 122.152875 29.975945, 122.15287 29.975946, 122.149355 29.976062), (122.074654 29.997531, 122.074659 29.997531, 122.074663 29.997532, 122.074667 29.997534, 122.074672 29.997535, 122.074675 29.997537, 122.074588 29.995692, 122.074588 29.995688, 122.074588 29.995685, 122.074589 29.995681, 122.074591 29.995678, 122.074592 29.995674, 122.074594 29.995671, 122.07567 29.994073, 122.075672 29.99407, 122.075676 29.994067, 122.075679 29.994064, 122.075683 29.994061, 122.077087 29.99321, 122.077091 29.993208, 122.077095 29.993206, 122.0771 29.993204, 122.077104 29.993203, 122.079787 29.992755, 122.079791 29.992755, 122.079795 29.992754, 122.079799 29.992755, 122.079803 29.992755, 122.081544 29.993007, 122.081548 29.993008, 122.081552 29.993009, 122.081556 29.993011, 122.08156 29.993013, 122.083055 29.993827, 122.083058 29.993829, 122.083061 29.993831, 122.083064 29.993833, 122.083066 29.993836, 122.083069 29.993839, 122.084245 29.995447, 122.084247 29.995451, 122.084249 29.995454, 122.08425 29.995458, 122.08476 29.997049, 122.084761 29.997053, 122.084761 29.997056, 122.084762 29.99706, 122.084762 29.997063, 122.084619 29.998594, 122.084619 29.998598, 122.084618 29.998602, 122.084616 29.998605, 122.084614 29.998609, 122.083799 29.999973, 122.083797 29.999976, 122.083795 29.999978, 122.083792 29.999981, 122.083789 29.999984, 122.083786 29.999986, 122.082022 30.001137, 122.082018 30.001139, 122.082014 30.001141, 122.08201 30.001143, 122.082006 30.001144, 122.082001 30.001145, 122.081997 30.001145, 122.077637 30.001281, 122.077633 30.001281, 122.077628 30.00128, 122.077623 30.001279, 122.077619 30.001278, 122.077615 30.001276, 122.07709 30.001033, 122.077087 30.004416, 122.077086 30.00442, 122.077086 30.004424, 122.077085 30.004427, 122.077083 30.004431, 122.077081 30.004435, 122.077079 30.004438, 122.075846 30.006023, 122.075843 30.006026, 122.07584 30.006029, 122.075837 30.006032, 122.075834 30.006034, 122.07583 30.006036, 122.073874 30.006921, 122.07387 30.006923, 122.073866 30.006924, 122.073862 30.006925, 122.073858 30.006925, 122.071218 30.00718, 122.071214 30.007181, 122.071209 30.00718, 122.071205 30.00718, 122.071201 30.007179, 122.069529 30.006805, 122.069524 30.006804, 122.06952 30.006802, 122.069516 30.0068, 122.066397 30.00505, 122.066393 30.005048, 122.066389 30.005045, 122.066386 30.005042, 122.066384 30.005038, 122.066381 30.005035, 122.065223 30.003036, 122.062666 30.001438, 122.062662 30.001435, 122.062659 30.001433, 122.062656 30.00143, 122.062654 30.001427, 122.062652 30.001423, 122.06265 30.00142, 122.061605 29.999016, 122.061604 29.999013, 122.061603 29.999009, 122.061603 29.999005, 122.061603 29.999002, 122.061603 29.998998, 122.061604 29.998994, 122.061605 29.99899, 122.062518 29.996547, 122.06252 29.996543, 122.062522 29.99654, 122.062524 29.996537, 122.062527 29.996533, 122.06253 29.996531, 122.062533 29.996528, 122.065129 29.994772, 122.065132 29.99477, 122.065136 29.994768, 122.06514 29.994767, 122.065143 29.994765, 122.065147 29.994765, 122.065151 29.994764, 122.065156 29.994764, 122.067815 29.99471, 122.06782 29.99471, 122.067824 29.99471, 122.067829 29.994711, 122.067833 29.994712, 122.067837 29.994714, 122.069425 29.995426, 122.069429 29.995428, 122.069433 29.99543, 122.069436 29.995433, 122.069439 29.995436, 122.071179 29.997283, 122.074654 29.997531), (122.060222 29.983481, 122.060218 29.983478, 122.060214 29.983475, 122.060211 29.983472, 122.05896 29.982089, 122.058958 29.982086, 122.058956 29.982083, 122.058954 29.98208, 122.058953 29.982077, 122.058428 29.980586, 122.058427 29.980582, 122.058426 29.980578, 122.058426 29.980574, 122.058426 29.98057, 122.058619 29.979021, 122.058619 29.979017, 122.058621 29.979013, 122.058622 29.979009, 122.058624 29.979006, 122.059503 29.977646, 122.059506 29.977643, 122.059509 29.977639, 122.059513 29.977636, 122.060978 29.976506, 122.060982 29.976503, 122.060986 29.976501, 122.06099 29.9765, 122.060994 29.976498, 122.063013 29.975906, 122.063017 29.975905, 122.063021 29.975904, 122.063025 29.975904, 122.06303 29.975904, 122.063034 29.975904, 122.065141 29.976185, 122.065145 29.976186, 122.065149 29.976187, 122.065153 29.976188, 122.065157 29.97619, 122.065161 29.976192, 122.066881 29.977283, 122.066884 29.977285, 122.066887 29.977288, 122.06689 29.977291, 122.066892 29.977294, 122.066895 29.977297, 122.068378 29.979897, 122.06838 29.979901, 122.068381 29.979904, 122.068382 29.979908, 122.068382 29.979912, 122.068383 29.979915, 122.068382 29.979919, 122.06819 29.981468, 122.068189 29.981472, 122.068188 29.981476, 122.068186 29.98148, 122.068184 29.981483, 122.067305 29.982843, 122.067302 29.982847, 122.067299 29.98285, 122.067296 29.982853, 122.06583 29.983983, 122.065827 29.983986, 122.065823 29.983988, 122.065819 29.983989, 122.065815 29.983991, 122.063796 29.984583, 122.063791 29.984584, 122.063787 29.984585, 122.063783 29.984585, 122.063779 29.984585, 122.063774 29.984585, 122.061667 29.984304, 122.061663 29.984303, 122.061658 29.984302, 122.061654 29.9843, 122.061649 29.984298, 122.060222 29.983481), (122.05268 29.986238, 122.052676 29.98624, 122.052671 29.986241, 122.052667 29.986242, 122.052662 29.986243, 122.052657 29.986244, 122.048803 29.986329, 122.048799 29.986329, 122.048795 29.986329, 122.048791 29.986328, 122.047052 29.985984, 122.047047 29.985983, 122.047043 29.985982, 122.04704 29.98598, 122.047036 29.985978, 122.045724 29.985187, 122.042191 29.985272, 122.042187 29.985272, 122.042183 29.985272, 122.042179 29.985271, 122.042175 29.98527, 122.042172 29.985269, 122.039832 29.984353, 122.039828 29.984351, 122.039824 29.984349, 122.03982 29.984346, 122.039817 29.984343, 122.039814 29.98434, 122.039812 29.984337, 122.038336 29.982094, 122.038334 29.982091, 122.038332 29.982087, 122.038331 29.982084, 122.03833 29.98208, 122.03833 29.982076, 122.03833 29.982073, 122.038519 29.978893, 122.038519 29.978889, 122.03852 29.978886, 122.038521 29.978882, 122.038523 29.978879, 122.038525 29.978875, 122.038527 29.978872, 122.03853 29.978869, 122.040623 29.97683, 122.040626 29.976828, 122.040629 29.976825, 122.040633 29.976823, 122.040637 29.976821, 122.040642 29.976819, 122.040646 29.976818, 122.043675 29.976198, 122.043679 29.976197, 122.043683 29.976197, 122.043687 29.976197, 122.043692 29.976197, 122.043696 29.976198, 122.046825 29.976883, 122.048662 29.976296, 122.048666 29.976295, 122.048671 29.976294, 122.048675 29.976294, 122.04868 29.976294, 122.052273 29.976458, 122.052277 29.976458, 122.052282 29.976459, 122.052286 29.97646, 122.05229 29.976462, 122.054566 29.977422, 122.05457 29.977424, 122.054573 29.977426, 122.054577 29.977428, 122.05458 29.977431, 122.054582 29.977434, 122.0556 29.978614, 122.055602 29.978617, 122.055604 29.978621, 122.055606 29.978624, 122.055607 29.978628, 122.056045 29.980051, 122.056046 29.980055, 122.056046 29.980059, 122.056046 29.980063, 122.055885 29.983312, 122.055885 29.983316, 122.055884 29.98332, 122.055882 29.983324, 122.05588 29.983328, 122.054898 29.985015, 122.054896 29.985019, 122.054893 29.985022, 122.05489 29.985025, 122.054886 29.985028, 122.054882 29.98503, 122.05268 29.986238), (122.041516 30.001882, 122.041511 30.001882, 122.041506 30.001881, 122.041502 30.001879, 122.041497 30.001878, 122.039543 30.000983, 122.039539 30.000982, 122.039536 30.00098, 122.039533 30.000977, 122.03953 30.000975, 122.039527 30.000972, 122.038471 29.999737, 122.038469 29.999733, 122.038467 29.99973, 122.038465 29.999726, 122.038464 29.999723, 122.038043 29.998229, 122.038042 29.998225, 122.038041 29.998221, 122.038042 29.998217, 122.03824 29.996183, 122.03824 29.996179, 122.038241 29.996175, 122.038243 29.996171, 122.038245 29.996168, 122.039241 29.994544, 122.039244 29.994541, 122.039246 29.994538, 122.039249 29.994535, 122.039252 29.994532, 122.039256 29.99453, 122.041003 29.993484, 122.041006 29.993482, 122.04101 29.99348, 122.041013 29.993479, 122.041017 29.993478, 122.041021 29.993477, 122.043547 29.993144, 122.043551 29.993143, 122.043555 29.993143, 122.043559 29.993143, 122.04526 29.993309, 122.045264 29.99331, 122.045268 29.993311, 122.045272 29.993312, 122.045276 29.993314, 122.046782 29.994018, 122.046786 29.99402, 122.04679 29.994023, 122.046793 29.994025, 122.048107 29.995169, 122.04811 29.995172, 122.048113 29.995176, 122.048115 29.995179, 122.048117 29.995183, 122.048858 29.99693, 122.04886 29.996934, 122.048861 29.996937, 122.048861 29.996941, 122.048861 29.996944, 122.048861 29.996948, 122.048564 29.999176, 122.048564 29.999179, 122.048562 29.999183, 122.048561 29.999187, 122.048559 29.99919, 122.047518 30.00079, 122.047516 30.000794, 122.047513 30.000797, 122.047509 30.0008, 122.047506 30.000803, 122.046129 30.00167, 122.046125 30.001672, 122.046122 30.001674, 122.046118 30.001675, 122.046114 30.001676, 122.044463 30.002037, 122.044459 30.002038, 122.044454 30.002039, 122.044449 30.002039, 122.041516 30.001882), (121.995251 29.924439, 121.995247 29.924437, 121.995243 29.924435, 121.99524 29.924432, 121.995237 29.924429, 121.995234 29.924426, 121.993958 29.922893, 121.993956 29.92289, 121.993954 29.922886, 121.993952 29.922883, 121.993951 29.92288, 121.99395 29.922876, 121.993523 29.920506, 121.993522 29.920502, 121.993522 29.920499, 121.993522 29.920495, 121.993724 29.918966, 121.993725 29.918962, 121.993726 29.918958, 121.993728 29.918954, 121.99373 29.918951, 121.994601 29.917609, 121.994603 29.917606, 121.994605 29.917603, 121.994608 29.9176, 121.994611 29.917598, 121.994614 29.917596, 121.996426 29.916496, 121.99643 29.916494, 121.996435 29.916492, 121.996439 29.916491, 121.996444 29.91649, 121.998942 29.916074, 121.998947 29.916073, 121.998952 29.916073, 121.998956 29.916073, 122.000631 29.916249, 122.000635 29.91625, 122.000639 29.916251, 122.000643 29.916252, 122.000647 29.916254, 122.002129 29.916952, 122.002132 29.916954, 122.002136 29.916957, 122.002139 29.916959, 122.003434 29.918079, 122.003437 29.918083, 122.00344 29.918086, 122.003442 29.918089, 122.003444 29.918093, 122.004193 29.919788, 122.004195 29.919791, 122.004196 29.919795, 122.004196 29.919799, 122.004196 29.919803, 122.004115 29.921914, 122.004115 29.921917, 122.004114 29.921921, 122.004113 29.921924, 122.004112 29.921927, 122.003305 29.923626, 122.003302 29.923629, 122.0033 29.923633, 122.003297 29.923636, 122.003294 29.923639, 122.00205 29.924646, 122.002047 29.924648, 122.002043 29.924651, 122.002038 29.924653, 122.002034 29.924654, 122.000024 29.925236, 122.00002 29.925237, 122.000015 29.925238, 122.00001 29.925238, 121.997231 29.925274, 121.997226 29.925274, 121.997222 29.925273, 121.997218 29.925273, 121.997214 29.925272, 121.99721 29.92527, 121.995251 29.924439), (121.996454 29.990119, 121.996449 29.99012, 121.996445 29.990121, 121.996441 29.990121, 121.996436 29.990121, 121.996432 29.990121, 121.996427 29.99012, 121.994309 29.989604, 121.994305 29.989603, 121.994302 29.989601, 121.994298 29.989599, 121.994295 29.989598, 121.994292 29.989595, 121.992963 29.988587, 121.992959 29.988584, 121.992956 29.988581, 121.992954 29.988577, 121.992952 29.988574, 121.99295 29.98857, 121.991729 29.985372, 121.991728 29.985369, 121.991727 29.985365, 121.991726 29.985362, 121.991726 29.985358, 121.991727 29.985355, 121.991728 29.985351, 121.992127 29.983879, 121.992128 29.983875, 121.99213 29.983871, 121.992132 29.983867, 121.992135 29.983864, 121.993487 29.982388, 121.99349 29.982385, 121.993494 29.982382, 121.993498 29.982379, 121.993502 29.982377, 121.995702 29.981432, 121.995706 29.98143, 121.995711 29.981429, 121.995715 29.981428, 121.995719 29.981428, 121.997444 29.98132, 121.997449 29.981319, 121.997454 29.98132, 121.997459 29.981321, 121.997463 29.981322, 121.999477 29.981986, 121.999481 29.981987, 121.999485 29.981989, 121.999488 29.981991, 121.999492 29.981993, 121.999495 29.981996, 122.00092 29.983395, 122.000923 29.983398, 122.000925 29.983401, 122.000927 29.983404, 122.000928 29.983408, 122.00093 29.983411, 122.00184 29.986363, 122.001841 29.986367, 122.001841 29.98637, 122.001841 29.986374, 122.001841 29.986378, 122.00184 29.986381, 122.001839 29.986385, 122.001299 29.987841, 122.001297 29.987845, 122.001295 29.987848, 122.001293 29.987852, 122.00129 29.987855, 122.000143 29.989018, 122.00014 29.989021, 122.000136 29.989024, 122.000132 29.989026, 122.000128 29.989028, 122.000123 29.98903, 121.996454 29.990119), (121.950948 30.102561, 121.950944 30.102559, 121.950941 30.102557, 121.950938 30.102554, 121.950935 30.102551, 121.949516 30.100857, 121.949514 30.100854, 121.949512 30.10085, 121.94951 30.100847, 121.949509 30.100843, 121.949098 30.099417, 121.949098 30.099413, 121.949097 30.099409, 121.949097 30.099405, 121.949098 30.099401, 121.949485 30.0976, 121.949486 30.097596, 121.949488 30.097592, 121.94949 30.097589, 121.949493 30.097585, 121.950469 30.096382, 121.950472 30.096379, 121.950474 30.096377, 121.950477 30.096375, 121.950481 30.096373, 121.95245 30.095205, 121.952454 30.095203, 121.952458 30.095202, 121.952463 30.0952, 121.952467 30.095199, 121.954191 30.094925, 121.954195 30.094924, 121.954199 30.094924, 121.954203 30.094924, 121.954207 30.094925, 121.954211 30.094925, 121.956321 30.095411, 121.956325 30.095412, 121.956329 30.095413, 121.956332 30.095415, 121.956335 30.095416, 121.956339 30.095419, 121.957677 30.096398, 121.957681 30.096401, 121.957684 30.096404, 121.957687 30.096407, 121.957689 30.096411, 121.959104 30.099054, 121.959106 30.099058, 121.959107 30.099061, 121.959108 30.099065, 121.959108 30.099069, 121.959108 30.099072, 121.959108 30.099076, 121.958868 30.100618, 121.958867 30.100622, 121.958866 30.100626, 121.958864 30.10063, 121.958862 30.100633, 121.957942 30.10197, 121.957939 30.101974, 121.957936 30.101977, 121.957933 30.10198, 121.957929 30.101982, 121.957925 30.101984, 121.954669 30.103566, 121.954665 30.103567, 121.95466 30.103569, 121.954656 30.10357, 121.954651 30.10357, 121.954647 30.10357, 121.954642 30.10357, 121.952464 30.103365, 121.95246 30.103364, 121.952456 30.103364, 121.952453 30.103362, 121.952449 30.103361, 121.952446 30.103359, 121.950948 30.102561), (121.948238 30.079166, 121.948242 30.079165, 121.948246 30.079164, 121.94825 30.079163, 121.948254 30.079163, 121.948258 30.079163, 121.951487 30.079326, 121.951491 30.079326, 121.951495 30.079327, 121.951499 30.079328, 121.951503 30.079329, 121.953139 30.079951, 121.953143 30.079952, 121.953147 30.079954, 121.95315 30.079956, 121.953153 30.079959, 121.953156 30.079961, 121.953158 30.079964, 121.956934 30.084644, 121.956936 30.084647, 121.956938 30.084651, 121.95694 30.084655, 121.956941 30.084659, 121.956942 30.084663, 121.956942 30.084667, 121.95684 30.088035, 121.95684 30.08804, 121.956839 30.088044, 121.956838 30.088048, 121.956071 30.089823, 121.956069 30.089826, 121.956067 30.089829, 121.956065 30.089832, 121.956062 30.089835, 121.95606 30.089837, 121.956057 30.089839, 121.954008 30.091247, 121.954005 30.091249, 121.954001 30.091251, 121.953997 30.091253, 121.953993 30.091254, 121.953988 30.091255, 121.953984 30.091255, 121.951376 30.091437, 121.951372 30.091437, 121.951368 30.091437, 121.951364 30.091436, 121.95136 30.091436, 121.951357 30.091434, 121.948331 30.090415, 121.948327 30.090414, 121.948323 30.090412, 121.94832 30.09041, 121.948316 30.090407, 121.948313 30.090405, 121.948311 30.090402, 121.948308 30.090399, 121.946776 30.088143, 121.9452 30.087064, 121.945197 30.087061, 121.945193 30.087058, 121.94519 30.087055, 121.945188 30.087051, 121.944369 30.085653, 121.944367 30.08565, 121.944366 30.085646, 121.944365 30.085642, 121.944364 30.085638, 121.944149 30.082847, 121.944149 30.082843, 121.944149 30.082838, 121.94415 30.082834, 121.944152 30.08283, 121.944899 30.081127, 121.944901 30.081123, 121.944903 30.08112, 121.944905 30.081117, 121.944908 30.081115, 121.944911 30.081112, 121.946571 30.079757, 121.946574 30.079755, 121.946577 30.079753, 121.946581 30.079751, 121.946585 30.079749, 121.948238 30.079166), (121.923303 29.921152, 121.923298 29.921151, 121.923293 29.921149, 121.923289 29.921147, 121.923285 29.921144, 121.921989 29.92015, 121.921985 29.920147, 121.921982 29.920144, 121.92198 29.92014, 121.921977 29.920137, 121.921117 29.918423, 121.921115 29.918419, 121.921114 29.918414, 121.921114 29.91841, 121.920753 29.914001, 121.920753 29.913997, 121.920753 29.913993, 121.920754 29.913988, 121.921342 29.912166, 121.921344 29.912162, 121.921345 29.912159, 121.921347 29.912156, 121.921349 29.912153, 121.921352 29.91215, 121.921355 29.912148, 121.923249 29.910594, 121.923253 29.910591, 121.923257 29.910589, 121.923261 29.910587, 121.923265 29.910585, 121.92327 29.910584, 121.926394 29.909953, 121.926399 29.909952, 121.926404 29.909952, 121.926408 29.909952, 121.928635 29.910112, 121.928639 29.910112, 121.928643 29.910113, 121.928647 29.910114, 121.928651 29.910115, 121.928654 29.910117, 121.930198 29.91091, 121.930202 29.910912, 121.930205 29.910915, 121.930208 29.910917, 121.931457 29.912102, 121.931459 29.912105, 121.931462 29.912108, 121.931464 29.912111, 121.931465 29.912115, 121.932065 29.913461, 121.932066 29.913464, 121.932067 29.913468, 121.932068 29.913471, 121.932068 29.913475, 121.9321 29.917908, 121.9321 29.917912, 121.932099 29.917916, 121.932098 29.91792, 121.931549 29.919412, 121.931548 29.919416, 121.931546 29.91942, 121.931543 29.919423, 121.931541 29.919426, 121.930358 29.92061, 121.930355 29.920613, 121.930351 29.920616, 121.930348 29.920618, 121.930344 29.92062, 121.928718 29.921304, 121.928714 29.921306, 121.928709 29.921307, 121.928705 29.921308, 121.925389 29.921684, 121.925384 29.921685, 121.925379 29.921684, 121.925375 29.921684, 121.92537 29.921683, 121.923303 29.921152), (121.872345 29.975195, 121.87234 29.975195, 121.872335 29.975194, 121.872331 29.975193, 121.872326 29.975192, 121.870323 29.974454, 121.870318 29.974452, 121.870314 29.97445, 121.87031 29.974447, 121.870307 29.974444, 121.869143 29.973314, 121.869141 29.973311, 121.869138 29.973308, 121.869136 29.973304, 121.869135 29.973301, 121.868557 29.971871, 121.868556 29.971867, 121.868555 29.971863, 121.868555 29.971859, 121.868503 29.969447, 121.868503 29.969443, 121.868504 29.969438, 121.868505 29.969434, 121.868506 29.969431, 121.869375 29.967672, 121.869377 29.967668, 121.86938 29.967665, 121.869382 29.967662, 121.869385 29.967659, 121.869389 29.967657, 121.87112 29.966469, 121.871124 29.966467, 121.871127 29.966465, 121.871131 29.966464, 121.871135 29.966462, 121.871139 29.966461, 121.873751 29.966009, 121.873755 29.966008, 121.873759 29.966008, 121.873763 29.966008, 121.875565 29.966132, 121.875569 29.966133, 121.875574 29.966134, 121.875578 29.966135, 121.875582 29.966137, 121.877182 29.966866, 121.877185 29.966868, 121.877189 29.96687, 121.877192 29.966873, 121.878503 29.968012, 121.878506 29.968016, 121.878509 29.968019, 121.878511 29.968023, 121.878513 29.968026, 121.879256 29.969763, 121.879257 29.969767, 121.879258 29.969771, 121.879259 29.969775, 121.879259 29.969779, 121.879127 29.971938, 121.879126 29.971941, 121.879125 29.971945, 121.879124 29.971948, 121.879123 29.971951, 121.878249 29.973659, 121.878247 29.973663, 121.878244 29.973667, 121.878241 29.97367, 121.878238 29.973673, 121.876933 29.974659, 121.87693 29.974661, 121.876926 29.974663, 121.876922 29.974665, 121.876918 29.974666, 121.87528 29.975151, 121.875276 29.975152, 121.875271 29.975153, 121.875266 29.975153, 121.872345 29.975195)), ((121.988093 30.041796, 121.986798 30.042569, 121.984996 30.044675, 121.984994 30.044677, 121.984991 30.04468, 121.984988 30.044682, 121.984984 30.044684, 121.984981 30.044686, 121.984977 30.044687, 121.983467 30.045225, 121.983574 30.04526, 121.983578 30.045261, 121.983582 30.045263, 121.983585 30.045265, 121.983588 30.045268, 121.983591 30.04527, 121.984209 30.045861, 121.988093 30.041796)), ((121.990494 30.039284, 121.989955 30.039337, 121.989486 30.040338, 121.990494 30.039284)))",5526.5414653791195,False,land_area_clipped,terminal_area_clipped
69,38.88920244463513,122.00283519714074,43,anchorage,"POLYGON ((122.030763 38.814299, 121.96383 38.838331, 121.962931 38.83919, 121.960507 38.915222, 121.985734 38.936108, 122.003387 38.943298, 122.022869 38.941847, 122.053152 38.93594, 122.064634 38.918774, 122.048253 38.851419, 122.032976 38.815051, 122.032159 38.814315, 122.030763 38.814299))",16564.62589855577,False,unchanged,unchanged
70,30.390523561673803,122.44848188888459,284,anchorage,"POLYGON ((122.566828 30.318064, 122.371023 30.334324, 122.309635 30.389763, 122.309282 30.391189, 122.31013 30.391991, 122.390034 30.423749, 122.404046 30.418611, 122.40405 30.41861, 122.404053 30.418609, 122.411977 30.417068, 122.411095 30.416876, 122.411091 30.416875, 122.411087 30.416874, 122.411083 30.416872, 122.41108 30.41687, 122.411077 30.416868, 122.409702 30.415868, 122.409699 30.415865, 122.409696 30.415863, 122.409693 30.41586, 122.409691 30.415857, 122.408622 30.414159, 122.40862 30.414155, 122.408618 30.414151, 122.408617 30.414147, 122.408319 30.412643, 122.408318 30.41264, 122.408318 30.412636, 122.408318 30.412633, 122.408319 30.412629, 122.40832 30.412626, 122.408922 30.410798, 122.408923 30.410795, 122.408924 30.410792, 122.408926 30.410789, 122.408929 30.410786, 122.408931 30.410783, 122.410101 30.409639, 122.410104 30.409636, 122.410108 30.409633, 122.410111 30.409631, 122.411832 30.408724, 122.411835 30.408722, 122.411839 30.408721, 122.411843 30.40872, 122.411847 30.408719, 122.411851 30.408718, 122.414078 30.408533, 122.414083 30.408533, 122.414087 30.408533, 122.414091 30.408534, 122.414095 30.408535, 122.414099 30.408536, 122.415782 30.409078, 122.415786 30.409079, 122.41579 30.409081, 122.415793 30.409083, 122.415796 30.409085, 122.415799 30.409087, 122.417342 30.410486, 122.417344 30.410489, 122.417347 30.410492, 122.417349 30.410495, 122.417351 30.410498, 122.417352 30.410502, 122.418353 30.413386, 122.418354 30.41339, 122.418355 30.413393, 122.418355 30.413397, 122.418355 30.413401, 122.418354 30.413404, 122.418354 30.413408, 122.417878 30.414859, 122.417877 30.414863, 122.417875 30.414866, 122.417873 30.41487, 122.41787 30.414873, 122.416788 30.416058, 122.416785 30.416061, 122.416781 30.416064, 122.416777 30.416066, 122.416589 30.416171, 122.423096 30.414906, 122.423101 30.414905, 122.423105 30.414905, 122.42311 30.414905, 122.423114 30.414906, 122.423119 30.414907, 122.423123 30.414908, 122.423127 30.414909, 122.423131 30.414911, 122.423135 30.414914, 122.423138 30.414916, 122.423141 30.414919, 122.423144 30.414922, 122.423146 30.414925, 122.423148 30.414929, 122.423149 30.414933, 122.42315 30.414936, 122.423151 30.41494, 122.423151 30.414944, 122.423151 30.414948, 122.42315 30.414952, 122.418206 30.434943, 122.487437 30.462448, 122.491732 30.462044, 122.568437 30.415714, 122.568599 30.319453, 122.568127 30.318468, 122.566828 30.318064), (122.448023 30.424595, 122.448018 30.424595, 122.448014 30.424594, 122.44801 30.424593, 122.448006 30.424592, 122.445584 30.423753, 122.44558 30.423752, 122.445577 30.42375, 122.445573 30.423748, 122.44557 30.423745, 122.445567 30.423742, 122.44444 30.422583, 122.444438 30.42258, 122.444435 30.422577, 122.444433 30.422574, 122.444432 30.42257, 122.443906 30.421127, 122.443905 30.421124, 122.443904 30.42112, 122.443904 30.421116, 122.443832 30.41491, 122.443833 30.414906, 122.443833 30.414903, 122.443834 30.414899, 122.443836 30.414895, 122.444785 30.412832, 122.444787 30.412828, 122.44479 30.412824, 122.444793 30.412821, 122.444796 30.412818, 122.444799 30.412815, 122.446502 30.411676, 122.446506 30.411673, 122.44651 30.411671, 122.446514 30.41167, 122.446519 30.411669, 122.448206 30.411337, 122.44821 30.411336, 122.448215 30.411336, 122.45449 30.411243, 122.454495 30.411243, 122.454499 30.411243, 122.454503 30.411244, 122.454507 30.411245, 122.454511 30.411247, 122.456805 30.4122, 122.456809 30.412202, 122.456813 30.412204, 122.456816 30.412206, 122.456819 30.412209, 122.458077 30.413401, 122.45808 30.413404, 122.458083 30.413408, 122.458085 30.413411, 122.458087 30.413415, 122.458737 30.415141, 122.458738 30.415145, 122.458739 30.415149, 122.458739 30.415153, 122.458625 30.421082, 122.458624 30.421085, 122.458624 30.421089, 122.458623 30.421093, 122.458621 30.421096, 122.457617 30.42313, 122.457615 30.423134, 122.457613 30.423137, 122.45761 30.42314, 122.457606 30.423143, 122.457603 30.423146, 122.455879 30.424248, 122.455875 30.42425, 122.455871 30.424252, 122.455866 30.424253, 122.455861 30.424254, 122.454175 30.424555, 122.454171 30.424556, 122.454166 30.424556, 122.448023 30.424595), (122.39724 30.404515, 122.397238 30.404511, 122.397236 30.404507, 122.397234 30.404503, 122.396849 30.403012, 122.396848 30.403009, 122.396848 30.403005, 122.396848 30.403002, 122.396848 30.402998, 122.396849 30.402995, 122.397345 30.401141, 122.397346 30.401138, 122.397348 30.401134, 122.39735 30.401131, 122.397352 30.401128, 122.397354 30.401126, 122.397781 30.400664, 122.396255 30.401091, 122.396251 30.401092, 122.396246 30.401092, 122.396242 30.401092, 122.396237 30.401092, 122.394438 30.400949, 122.394433 30.400948, 122.394428 30.400947, 122.394423 30.400946, 122.392505 30.400196, 122.392501 30.400194, 122.392497 30.400192, 122.392493 30.400189, 122.39249 30.400186, 122.391031 30.398791, 122.391028 30.398788, 122.391026 30.398785, 122.391023 30.398782, 122.391022 30.398778, 122.391021 30.398774, 122.390494 30.396951, 122.390493 30.396947, 122.390493 30.396944, 122.390493 30.39694, 122.390493 30.396936, 122.390494 30.396933, 122.390953 30.395258, 122.388841 30.394829, 122.388837 30.394828, 122.388833 30.394827, 122.388829 30.394825, 122.388825 30.394823, 122.387084 30.393725, 122.387081 30.393723, 122.387078 30.39372, 122.387075 30.393718, 122.387073 30.393715, 122.387071 30.393711, 122.386123 30.392041, 122.386122 30.392037, 122.38612 30.392033, 122.386119 30.39203, 122.386119 30.392026, 122.385993 30.390092, 122.385993 30.390087, 122.385994 30.390083, 122.386318 30.388565, 122.386319 30.388561, 122.38632 30.388558, 122.386322 30.388554, 122.386324 30.388551, 122.387309 30.387262, 122.387311 30.387259, 122.387314 30.387257, 122.387317 30.387254, 122.38732 30.387252, 122.389177 30.386112, 122.389181 30.38611, 122.389185 30.386108, 122.389189 30.386107, 122.389193 30.386106, 122.390839 30.385795, 122.390843 30.385794, 122.390847 30.385794, 122.390851 30.385794, 122.390855 30.385794, 122.390859 30.385795, 122.393993 30.386419, 122.393997 30.38642, 122.394001 30.386421, 122.394005 30.386423, 122.394008 30.386425, 122.394012 30.386427, 122.395673 30.387617, 122.395676 30.387619, 122.395679 30.387623, 122.395682 30.387626, 122.395684 30.38763, 122.395686 30.387633, 122.396556 30.389728, 122.396557 30.389732, 122.396558 30.389735, 122.396559 30.389739, 122.396559 30.389743, 122.396558 30.389747, 122.396122 30.392532, 122.398597 30.39343, 122.398601 30.393432, 122.398605 30.393434, 122.398608 30.393436, 122.398612 30.393439, 122.399868 30.39456, 122.399871 30.394563, 122.399874 30.394566, 122.399876 30.39457, 122.399878 30.394573, 122.400521 30.396031, 122.400522 30.396034, 122.400523 30.396038, 122.400524 30.396041, 122.400524 30.396045, 122.400524 30.396048, 122.400315 30.397982, 122.400315 30.397986, 122.400314 30.397989, 122.400312 30.397993, 122.40031 30.397996, 122.399515 30.399312, 122.400102 30.398968, 122.400106 30.398966, 122.400109 30.398965, 122.400113 30.398964, 122.400117 30.398963, 122.400121 30.398962, 122.40233 30.398682, 122.402334 30.398681, 122.402338 30.398681, 122.402342 30.398681, 122.402346 30.398682, 122.40235 30.398683, 122.404059 30.399149, 122.404063 30.39915, 122.404067 30.399151, 122.40407 30.399153, 122.404074 30.399155, 122.404077 30.399158, 122.405698 30.400481, 122.405701 30.400484, 122.405703 30.400487, 122.405706 30.40049, 122.405708 30.400493, 122.405709 30.400497, 122.406844 30.403289, 122.406845 30.403292, 122.406846 30.403296, 122.406847 30.403299, 122.406847 30.403303, 122.406846 30.403307, 122.406846 30.40331, 122.406449 30.404789, 122.406448 30.404793, 122.406446 30.404796, 122.406444 30.4048, 122.406442 30.404803, 122.405417 30.406037, 122.405414 30.40604, 122.40541 30.406043, 122.405407 30.406046, 122.403776 30.407048, 122.403773 30.40705, 122.403769 30.407052, 122.403765 30.407053, 122.403761 30.407054, 122.402026 30.407439, 122.402022 30.40744, 122.402018 30.40744, 122.402014 30.40744, 122.40201 30.40744, 122.402006 30.40744, 122.399819 30.407057, 122.399815 30.407056, 122.399811 30.407055, 122.399808 30.407054, 122.399804 30.407052, 122.399801 30.40705, 122.398376 30.406113, 122.398373 30.40611, 122.39837 30.406108, 122.398368 30.406105, 122.398365 30.406102, 122.39724 30.404515))",4232.454465273122,False,land_area_clipped,terminal_area_clipped
74,31.628582288767465,121.27779034278534,58,anchorage,"MULTIPOLYGON (((121.282026 31.591368, 121.282402 31.59164, 121.282405 31.591642, 121.282407 31.591645, 121.28241 31.591648, 121.282412 31.591651, 121.282414 31.591654, 121.282415 31.591657, 121.282976 31.593073, 121.282977 31.593076, 121.282978 31.593079, 121.282978 31.593083, 121.282978 31.593086, 121.28288 31.595325, 121.28288 31.595329, 121.282879 31.595332, 121.282878 31.595335, 121.282877 31.595338, 121.282875 31.595342, 121.282873 31.595345, 121.281277 31.597422, 121.280512 31.599617, 121.280511 31.59962, 121.280508 31.599624, 121.280506 31.599628, 121.280503 31.599631, 121.2805 31.599634, 121.278915 31.600885, 121.278912 31.600888, 121.278908 31.60089, 121.278904 31.600892, 121.2789 31.600893, 121.278896 31.600894, 121.276809 31.60137, 121.276805 31.601371, 121.276801 31.601372, 121.276797 31.601372, 121.276793 31.601372, 121.273923 31.601126, 121.273919 31.601126, 121.273915 31.601125, 121.273912 31.601124, 121.273908 31.601123, 121.273207 31.600823, 121.274368 31.601982, 121.274371 31.601986, 121.274373 31.601989, 121.274375 31.601993, 121.27519 31.603773, 121.275192 31.603776, 121.275193 31.60378, 121.275193 31.603784, 121.275193 31.603788, 121.275141 31.605269, 121.275141 31.605273, 121.27514 31.605276, 121.275139 31.60528, 121.275137 31.605283, 121.274428 31.606636, 121.274426 31.60664, 121.274424 31.606643, 121.274421 31.606646, 121.274418 31.606648, 121.273158 31.60767, 121.273154 31.607673, 121.273151 31.607675, 121.273146 31.607677, 121.273142 31.607679, 121.273138 31.60768, 121.26935 31.608459, 121.269346 31.608459, 121.269342 31.60846, 121.269338 31.60846, 121.269334 31.608459, 121.26933 31.608459, 121.269326 31.608458, 121.267675 31.60801, 121.26767 31.608008, 121.267666 31.608006, 121.267662 31.608004, 121.267658 31.608001, 121.266072 31.606755, 121.266069 31.606752, 121.266066 31.606749, 121.266064 31.606746, 121.266062 31.606743, 121.26606 31.60674, 121.266059 31.606736, 121.265113 31.603596, 121.239058 31.627316, 121.240568 31.628051, 121.240571 31.628053, 121.240575 31.628055, 121.240578 31.628057, 121.240581 31.62806, 121.240583 31.628063, 121.241742 31.629613, 121.241744 31.629616, 121.241746 31.62962, 121.241747 31.629623, 121.242374 31.631441, 121.242375 31.631444, 121.242375 31.631448, 121.242375 31.631451, 121.242375 31.631454, 121.242257 31.632939, 121.242257 31.632943, 121.242256 31.632946, 121.242255 31.63295, 121.242253 31.632953, 121.241478 31.634287, 121.241476 31.634291, 121.241474 31.634294, 121.241471 31.634297, 121.241468 31.634299, 121.240154 31.63528, 121.240151 31.635283, 121.240147 31.635285, 121.240144 31.635286, 121.24014 31.635288, 121.238039 31.635955, 121.238035 31.635956, 121.23803 31.635957, 121.238025 31.635957, 121.236277 31.636009, 121.236272 31.636009, 121.236268 31.636008, 121.236264 31.636007, 121.236259 31.636006, 121.234621 31.635485, 121.234616 31.635483, 121.234612 31.635481, 121.234608 31.635479, 121.234604 31.635476, 121.233084 31.634147, 121.233081 31.634144, 121.233078 31.634141, 121.233076 31.634138, 121.233074 31.634135, 121.233073 31.634131, 121.233072 31.634128, 121.23281 31.633004, 121.22169 31.643125, 121.221717 31.6444, 121.233786 31.663097, 121.266111 31.666646, 121.267493 31.666209, 121.286497 31.648534, 121.33378 31.58718, 121.335276 31.582858, 121.3351 31.581937, 121.327788 31.577755, 121.326369 31.577619, 121.282026 31.591368)), ((121.268996 31.600061, 121.269477 31.599897, 121.269481 31.599896, 121.269486 31.599895, 121.26949 31.599894, 121.269495 31.599894, 121.271272 31.599922, 121.271277 31.599922, 121.271281 31.599922, 121.271285 31.599923, 121.271289 31.599925, 121.272134 31.600243, 121.271214 31.599348, 121.271211 31.599345, 121.271209 31.599341, 121.271207 31.599338, 121.271205 31.599334, 121.270869 31.598354, 121.268996 31.600061)))",5207.150882938405,False,unchanged,terminal_area_clipped
78,40.68554992505394,122.00267724886135,28,anchorage,"POLYGON ((121.991669 40.678506, 121.990473 40.688216, 121.993178 40.691248, 122.002662 40.690421, 122.014264 40.685747, 122.016124 40.68433, 122.016128 40.683397, 122.015265 40.682731, 121.993743 40.677571, 121.9925 40.677656, 121.991669 40.678506))",10163.739414440886,False,unchanged,unchanged
79,39.991677144345,120.04580999985224,28,anchorage,"POLYGON ((120.015827 39.944239, 120.00523 39.979069, 120.008898 39.985753, 120.06209 40.018147, 120.07459 40.021011, 120.075795 40.02092, 120.076621 40.0201, 120.079492 40.010284, 120.078016 40.006109, 120.07265 39.99491, 120.039695 39.946866, 120.038554 39.946223, 120.017692 39.943302, 120.016515 39.943484, 120.015827 39.944239))",12334.828216295684,False,unchanged,unchanged
80,29.07216069189847,121.67644164311558,124,anchorage,"POLYGON ((121.681769 29.026783, 121.681766 29.026787, 121.681762 29.02679, 121.681758 29.026792, 121.64827 29.047407, 121.647465 29.050254, 121.647464 29.050257, 121.647462 29.050261, 121.64746 29.050264, 121.647458 29.050267, 121.647455 29.05027, 121.647452 29.050273, 121.646175 29.051335, 121.646172 29.051338, 121.646168 29.05134, 121.646164 29.051342, 121.64616 29.051344, 121.644513 29.051895, 121.644509 29.051896, 121.644504 29.051897, 121.644499 29.051897, 121.644494 29.051897, 121.641296 29.051689, 121.641292 29.051688, 121.641288 29.051688, 121.641285 29.051687, 121.641281 29.051685, 121.639651 29.051032, 121.639648 29.051031, 121.639644 29.051029, 121.639641 29.051026, 121.639638 29.051024, 121.639635 29.051021, 121.638337 29.049643, 121.62112 29.041721, 121.616882 29.062038, 121.621471 29.070852, 121.621472 29.070855, 121.621473 29.070859, 121.621474 29.070862, 121.624648 29.088277, 121.624648 29.088281, 121.624649 29.088284, 121.624567 29.104397, 121.624567 29.104401, 121.624566 29.104405, 121.624565 29.104408, 121.623734 29.106793, 121.623917 29.106756, 121.623922 29.106755, 121.623926 29.106755, 121.623931 29.106755, 121.626014 29.106895, 121.626019 29.106895, 121.626023 29.106896, 121.626028 29.106898, 121.626032 29.1069, 121.627504 29.107601, 121.627508 29.107603, 121.627511 29.107606, 121.627515 29.107608, 121.628859 29.108802, 121.628862 29.108805, 121.628864 29.108808, 121.628867 29.108811, 121.628868 29.108815, 121.629535 29.110272, 121.629537 29.110275, 121.629538 29.110279, 121.629538 29.110282, 121.629538 29.110286, 121.629535 29.113196, 121.629534 29.1132, 121.629534 29.113203, 121.629533 29.113207, 121.629532 29.11321, 121.628782 29.114958, 121.62878 29.114962, 121.628778 29.114966, 121.628775 29.114969, 121.628772 29.114972, 121.627553 29.116026, 121.62755 29.116029, 121.627546 29.116031, 121.627542 29.116033, 121.627538 29.116035, 121.625956 29.116612, 121.625952 29.116614, 121.625947 29.116615, 121.625943 29.116615, 121.622917 29.116841, 121.622912 29.116841, 121.622907 29.116841, 121.622903 29.11684, 121.622898 29.116839, 121.620806 29.116188, 121.620802 29.116187, 121.620798 29.116186, 121.620795 29.116184, 121.620792 29.116181, 121.620789 29.116179, 121.619535 29.11507, 121.619532 29.115068, 121.61953 29.115064, 121.619527 29.115061, 121.619526 29.115057, 121.618865 29.11361, 121.618863 29.113606, 121.618862 29.113602, 121.618862 29.113598, 121.618845 29.113357, 121.612706 29.113475, 121.612513 29.115228, 121.612513 29.115232, 121.612512 29.115235, 121.612511 29.115239, 121.612509 29.115242, 121.611522 29.116952, 121.61152 29.116955, 121.611518 29.116958, 121.611515 29.11696, 121.611513 29.116963, 121.61151 29.116965, 121.610119 29.117908, 121.610116 29.11791, 121.610112 29.117912, 121.610108 29.117914, 121.610104 29.117915, 121.609031 29.11817, 121.618445 29.132986, 121.620073 29.133063, 121.666566 29.112191, 121.775015 29.046176, 121.773235 29.032195, 121.77235 29.031109, 121.717758 29.018158, 121.717829 29.018345, 121.717831 29.018349, 121.717831 29.018353, 121.717832 29.018357, 121.717831 29.018361, 121.717673 29.019915, 121.717672 29.019919, 121.717671 29.019922, 121.717669 29.019926, 121.717667 29.01993, 121.71683 29.021306, 121.716827 29.02131, 121.716825 29.021313, 121.716822 29.021316, 121.716818 29.021318, 121.715434 29.022302, 121.71543 29.022304, 121.715426 29.022306, 121.715422 29.022308, 121.715417 29.022309, 121.715412 29.02231, 121.711425 29.022838, 121.71142 29.022839, 121.711416 29.022839, 121.711411 29.022838, 121.711407 29.022838, 121.711403 29.022837, 121.711399 29.022835, 121.709463 29.022031, 121.709459 29.022029, 121.709455 29.022026, 121.709452 29.022023, 121.709448 29.02202, 121.708349 29.020864, 121.708346 29.02086, 121.708343 29.020857, 121.708341 29.020853, 121.70834 29.020849, 121.708339 29.020845, 121.707842 29.018311, 121.684542 29.02345, 121.681769 29.026783))",4388.098028775153,False,land_area_clipped,terminal_area_clipped
82,26.633734224005302,119.83108607563769,13,anchorage,"MULTIPOLYGON (((119.836021 26.622619, 119.825085 26.632903, 119.826067 26.632626, 119.826071 26.632625, 119.826075 26.632624, 119.82608 26.632624, 119.826084 26.632624, 119.827833 26.632758, 119.827837 26.632758, 119.827841 26.632759, 119.827845 26.63276, 119.827848 26.632762, 119.827852 26.632763, 119.82974 26.633748, 119.829744 26.63375, 119.829747 26.633753, 119.82975 26.633756, 119.829753 26.633759, 119.829756 26.633762, 119.8309 26.635427, 119.830902 26.63543, 119.830904 26.635434, 119.830905 26.635437, 119.8315 26.637375, 119.831501 26.637378, 119.831501 26.637382, 119.831501 26.637385, 119.831501 26.637389, 119.831359 26.63893, 119.831358 26.638934, 119.831357 26.638938, 119.831356 26.638941, 119.831354 26.638945, 119.830606 26.640261, 119.842762 26.632631, 119.846828 26.629568, 119.847187 26.628655, 119.846717 26.627639, 119.838096 26.622416, 119.837017 26.622178, 119.836021 26.622619)), ((119.817759 26.639792, 119.81748 26.641093, 119.819252 26.643955, 119.82063 26.644251, 119.82751 26.642204, 119.828724 26.641442, 119.825177 26.642042, 119.825173 26.642043, 119.825169 26.642043, 119.825165 26.642043, 119.825161 26.642042, 119.825157 26.642041, 119.825153 26.64204, 119.82348 26.64145, 119.823476 26.641449, 119.823473 26.641447, 119.823469 26.641445, 119.823466 26.641442, 119.823463 26.64144, 119.821951 26.639964, 119.821948 26.639961, 119.821946 26.639958, 119.821944 26.639954, 119.821942 26.63995, 119.821941 26.639947, 119.82194 26.639943, 119.821318 26.636446, 119.817759 26.639792)))",3788.3943290108787,False,unchanged,terminal_area_clipped
86,37.36964170533099,118.99513440289313,16,anchorage,"POLYGON ((118.989535 37.368061, 118.989879 37.368996, 118.991324 37.369976, 118.999227 37.372306, 119.000837 37.3724, 119.001822 37.371827, 119.002022 37.37087, 119.001324 37.370075, 118.991744 37.367002, 118.990377 37.367064, 118.989535 37.368061))",5493.176796211364,False,unchanged,unchanged
87,28.681022343815926,121.77915370313723,77,anchorage,"POLYGON ((121.888423 28.629831, 121.757514 28.6434, 121.743984 28.646407, 121.743007 28.647275, 121.730354 28.680114, 121.743016 28.690804, 121.791067 28.726347, 121.798909 28.728486, 121.801874 28.728448, 121.864163 28.677392, 121.89006 28.631873, 121.889935 28.630424, 121.888423 28.629831))",18889.1546328641,False,unchanged,unchanged
88,30.133030438844422,122.23233274834543,10,anchorage,"POLYGON ((122.238373 30.161088, 122.284226 30.167959, 122.285773 30.167438, 122.286111 30.166544, 122.285719 30.165667, 122.258173 30.138135, 122.213244 30.113205, 122.212081 30.115399, 122.212079 30.115402, 122.212076 30.115406, 122.212073 30.115409, 122.212069 30.115412, 122.212066 30.115414, 122.209971 30.116658, 122.209967 30.11666, 122.209963 30.116662, 122.209959 30.116663, 122.209954 30.116664, 122.20995 30.116664, 122.209945 30.116665, 122.205337 30.116675, 122.204149 30.116913, 122.238373 30.161088))",5126.729142023787,False,unchanged,terminal_area_clipped
89,39.09122690785184,118.52542909187083,76,anchorage,"POLYGON ((118.495362 39.093255, 118.495679 39.092914, 118.495682 39.092911, 118.495685 39.092909, 118.495689 39.092906, 118.495692 39.092904, 118.495696 39.092903, 118.495701 39.092901, 118.498635 39.092117, 118.498639 39.092116, 118.498643 39.092115, 118.498647 39.092115, 118.498652 39.092115, 118.506215 39.09238, 118.506219 39.09238, 118.506224 39.092381, 118.506228 39.092382, 118.506232 39.092384, 118.506236 39.092385, 118.508054 39.093245, 118.508058 39.093247, 118.508062 39.093249, 118.508065 39.093252, 118.508068 39.093255, 118.509023 39.094355, 118.509025 39.094358, 118.509027 39.094361, 118.509029 39.094364, 118.50903 39.094368, 118.50903 39.094371, 118.509446 39.098137, 118.511268 39.099873, 118.51127 39.099876, 118.511273 39.099879, 118.511274 39.099882, 118.511276 39.099885, 118.511277 39.099888, 118.511278 39.099891, 118.51166 39.102264, 118.51166 39.102267, 118.51166 39.102271, 118.511659 39.102274, 118.511658 39.102278, 118.511657 39.102281, 118.511655 39.102285, 118.510211 39.104397, 118.510209 39.1044, 118.510206 39.104403, 118.510203 39.104406, 118.5102 39.104408, 118.510196 39.10441, 118.507425 39.105793, 118.525908 39.113312, 118.52577 39.108041, 118.52577 39.108037, 118.525771 39.108033, 118.525772 39.108029, 118.52644 39.10645, 118.526441 39.106447, 118.526443 39.106444, 118.526445 39.106441, 118.526448 39.106438, 118.526451 39.106436, 118.527985 39.105276, 118.527988 39.105274, 118.527992 39.105272, 118.527995 39.10527, 118.527999 39.105269, 118.528003 39.105268, 118.530055 39.104791, 118.530059 39.10479, 118.530063 39.10479, 118.530067 39.104789, 118.53563 39.104633, 118.535634 39.104633, 118.535639 39.104633, 118.535643 39.104634, 118.535647 39.104635, 118.535651 39.104636, 118.53822 39.105625, 118.538224 39.105627, 118.538228 39.105629, 118.538232 39.105632, 118.538235 39.105634, 118.539474 39.106811, 118.539477 39.106814, 118.539479 39.106817, 118.539481 39.10682, 118.539483 39.106824, 118.539989 39.108136, 118.53999 39.10814, 118.53999 39.108143, 118.539991 39.108146, 118.53994 39.114798, 118.545158 39.113221, 118.545056 39.113175, 118.545052 39.113173, 118.545049 39.11317, 118.545046 39.113168, 118.545043 39.113165, 118.54504 39.113162, 118.544127 39.111978, 118.544125 39.111975, 118.544123 39.111971, 118.544122 39.111968, 118.544121 39.111965, 118.543872 39.110598, 118.543872 39.110595, 118.543872 39.110592, 118.543872 39.110589, 118.544271 39.107954, 118.544272 39.107951, 118.544273 39.107947, 118.544274 39.107944, 118.544276 39.107941, 118.544279 39.107938, 118.545532 39.106531, 118.545535 39.106528, 118.545538 39.106525, 118.545541 39.106523, 118.545545 39.106521, 118.545549 39.106519, 118.547514 39.105744, 118.547519 39.105743, 118.547523 39.105742, 118.547528 39.105741, 118.547533 39.105741, 118.551594 39.105597, 118.551599 39.105597, 118.551604 39.105598, 118.553277 39.105815, 118.553282 39.105816, 118.553286 39.105817, 118.55329 39.105818, 118.553293 39.10582, 118.554743 39.106504, 118.554747 39.106506, 118.55475 39.106508, 118.554753 39.10651, 118.556006 39.107577, 118.556009 39.10758, 118.556012 39.107583, 118.556014 39.107586, 118.556016 39.10759, 118.556666 39.109122, 118.570683 39.103667, 118.571548 39.102317, 118.524419 39.048473, 118.523148 39.049207, 118.523145 39.049209, 118.523141 39.04921, 118.523137 39.049211, 118.523133 39.049212, 118.521472 39.049549, 118.521468 39.049549, 118.521463 39.04955, 118.521459 39.04955, 118.518274 39.049414, 118.51827 39.049414, 118.518265 39.049413, 118.51826 39.049412, 118.518256 39.049411, 118.516296 39.048616, 118.516292 39.048614, 118.516289 39.048613, 118.516286 39.048611, 118.516283 39.048608, 118.51628 39.048606, 118.515823 39.048131, 118.493468 39.076977, 118.493633 39.076852, 118.493637 39.07685, 118.49364 39.076848, 118.493643 39.076846, 118.493647 39.076845, 118.495194 39.07633, 118.495198 39.076329, 118.495202 39.076328, 118.495207 39.076328, 118.495211 39.076328, 118.495216 39.076328, 118.499682 39.076679, 118.499686 39.076679, 118.49969 39.07668, 118.499694 39.076681, 118.499697 39.076682, 118.499701 39.076684, 118.499704 39.076686, 118.501084 39.077496, 118.501087 39.077498, 118.501091 39.077501, 118.501094 39.077504, 118.501096 39.077507, 118.502105 39.078985, 118.502107 39.078988, 118.502108 39.078992, 118.502109 39.078995, 118.50211 39.078999, 118.502301 39.080953, 118.502301 39.080957, 118.502301 39.080961, 118.5023 39.080965, 118.501867 39.082299, 118.501866 39.082302, 118.501864 39.082305, 118.501862 39.082308, 118.50186 39.082311, 118.501857 39.082314, 118.500072 39.083821, 118.500069 39.083823, 118.500066 39.083825, 118.500063 39.083827, 118.500059 39.083829, 118.500056 39.08383, 118.500052 39.083831, 118.500048 39.083832, 118.496593 39.08434, 118.495618 39.085483, 118.495616 39.085485, 118.495613 39.085488, 118.495611 39.08549, 118.495607 39.085492, 118.495604 39.085493, 118.493732 39.086364, 118.493728 39.086366, 118.493724 39.086367, 118.49372 39.086368, 118.493715 39.086369, 118.493711 39.086369, 118.491225 39.086452, 118.495362 39.093255))",3746.679696465846,False,land_area_clipped,terminal_area_clipped
90,21.366488525115578,111.16869349502397,17,anchorage,"POLYGON ((111.17795 21.333562, 111.130166 21.370739, 111.129589 21.37199, 111.131544 21.395123, 111.137947 21.396406, 111.240857 21.349167, 111.24119 21.347689, 111.237886 21.340982, 111.212709 21.327093, 111.211554 21.326915, 111.17795 21.333562))",12198.929591082726,False,unchanged,unchanged
94,21.533637103206793,111.80135520251088,19,anchorage,"POLYGON ((111.722634 21.494088, 111.760328 21.537849, 111.805688 21.550835, 111.824226 21.549142, 111.83569 21.543332, 111.83769 21.540361, 111.837192 21.538549, 111.774361 21.494147, 111.723981 21.491649, 111.722426 21.492531, 111.722634 21.494088))",3910.293303647419,False,unchanged,unchanged
95,24.33352505918574,118.2559265910159,68,anchorage,"POLYGON ((118.131013 24.307337, 118.130071 24.308124, 118.130042 24.309343, 118.170283 24.35896, 118.177779 24.364924, 118.309224 24.394398, 118.318198 24.390507, 118.318203 24.390506, 118.318207 24.390505, 118.318211 24.390504, 118.318216 24.390503, 118.318221 24.390504, 118.318225 24.390504, 118.31823 24.390505, 118.318234 24.390506, 118.318238 24.390508, 118.331014 24.396446, 118.331018 24.396448, 118.331022 24.396451, 118.331026 24.396454, 118.331029 24.396457, 118.331032 24.39646, 118.333378 24.399813, 118.359695 24.405713, 118.360316 24.405111, 118.360319 24.405108, 118.360323 24.405105, 118.360327 24.405103, 118.360331 24.405101, 118.362667 24.404163, 118.362672 24.404161, 118.362676 24.40416, 118.362681 24.404159, 118.362686 24.404159, 118.364814 24.404196, 118.364818 24.404196, 118.364822 24.404197, 118.364826 24.404198, 118.36483 24.404199, 118.364834 24.404201, 118.366704 24.405125, 118.366708 24.405127, 118.366712 24.405129, 118.366715 24.405132, 118.366718 24.405134, 118.36672 24.405138, 118.367914 24.406742, 118.367916 24.406745, 118.367918 24.406748, 118.367919 24.406752, 118.368232 24.407627, 118.389939 24.412493, 118.412803 24.403331, 118.413552 24.402465, 118.413431 24.401369, 118.379654 24.342756, 118.313807 24.250396, 118.311919 24.249807, 118.131013 24.307337))",8834.044541679801,False,land_area_clipped,terminal_area_clipped
98,21.974019632540053,113.65722027998322,8,anchorage,"POLYGON ((113.647786 21.957905, 113.648013 21.992656, 113.64887 21.99369, 113.656687 21.996279, 113.657858 21.995572, 113.676521 21.966466, 113.675777 21.965397, 113.66442 21.960144, 113.65444 21.957249, 113.649698 21.956423, 113.648366 21.956747, 113.647786 21.957905))",9199.690165946318,False,unchanged,unchanged
99,40.7024022289697,121.11209722760528,48,anchorage,"POLYGON ((121.107363 40.688286, 121.088403 40.700318, 121.083789 40.708014, 121.086338 40.712082, 121.113422 40.72283, 121.140486 40.719678, 121.140979 40.718561, 121.133753 40.688271, 121.127793 40.681665, 121.12588 40.681223, 121.107363 40.688286))",10469.502070198923,False,unchanged,unchanged
100,19.998609223294274,110.02460517535044,53,anchorage,"POLYGON ((110.004946 19.959778, 110.021043 20.044809, 110.022532 20.046059, 110.035545 20.04525, 110.036592 20.044477, 110.039887 20.03773, 110.040225 19.969556, 110.038627 19.968833, 110.0375 19.969115, 110.037495 19.969116, 110.03749 19.969116, 110.037486 19.969116, 110.037481 19.969116, 110.032855 19.968455, 110.032851 19.968455, 110.032847 19.968453, 110.032842 19.968452, 110.032838 19.968449, 110.032834 19.968447, 110.030764 19.96692, 110.030761 19.966918, 110.030758 19.966915, 110.030756 19.966912, 110.030753 19.966908, 110.030751 19.966905, 110.03075 19.966901, 110.029991 19.964928, 110.017479 19.95927, 110.016352 19.96052, 110.01635 19.960523, 110.016347 19.960525, 110.016343 19.960527, 110.01634 19.960529, 110.016336 19.960531, 110.014314 19.961379, 110.01431 19.961381, 110.014307 19.961382, 110.014303 19.961382, 110.014299 19.961383, 110.009989 19.961671, 110.009985 19.961671, 110.009981 19.961671, 110.009977 19.96167, 110.009973 19.961669, 110.007832 19.961091, 110.007828 19.96109, 110.007824 19.961088, 110.007821 19.961086, 110.007817 19.961084, 110.007814 19.961082, 110.006482 19.959959, 110.006479 19.959956, 110.006476 19.959953, 110.006474 19.95995, 110.006472 19.959947, 110.00647 19.959943, 110.005856 19.958532, 110.004946 19.959778))",3860.0343120980797,False,land_area_clipped,terminal_area_clipped
103,38.32538310444974,117.87290907484449,100,anchorage,"POLYGON ((117.831156 38.32672, 117.831044 38.327702, 117.866874 38.349879, 117.86839 38.350079, 117.869248 38.34954, 117.891737 38.320538, 117.890913 38.319086, 117.879461 38.315558, 117.832132 38.326098, 117.831156 38.32672))",8423.864409995154,False,unchanged,unchanged
105,22.72426235581132,115.63783106318478,183,anchorage,"POLYGON ((115.66091 22.641982, 115.635956 22.676367, 115.582334 22.761046, 115.580755 22.776244, 115.581111 22.777324, 115.617902 22.800379, 115.733046 22.76908, 115.734167 22.767962, 115.723998 22.715671, 115.712179 22.690709, 115.663443 22.641802, 115.662129 22.641325, 115.66091 22.641982), (115.597697 22.776221, 115.597692 22.776221, 115.597688 22.776221, 115.597684 22.77622, 115.597679 22.776218, 115.596029 22.775598, 115.596025 22.775596, 115.596021 22.775594, 115.596017 22.775592, 115.596014 22.775589, 115.594755 22.774426, 115.594752 22.774423, 115.594749 22.774419, 115.594747 22.774416, 115.594745 22.774412, 115.594076 22.772889, 115.594075 22.772885, 115.594074 22.772882, 115.594073 22.772878, 115.59378 22.770466, 115.59378 22.770462, 115.59378 22.770458, 115.59378 22.770454, 115.593781 22.770451, 115.593783 22.770447, 115.594542 22.768558, 115.594544 22.768555, 115.594546 22.768551, 115.594549 22.768548, 115.594552 22.768545, 115.594555 22.768542, 115.596191 22.767207, 115.596194 22.767204, 115.596198 22.767202, 115.596203 22.7672, 115.596207 22.767199, 115.598428 22.766544, 115.598433 22.766543, 115.598438 22.766543, 115.598443 22.766542, 115.600267 22.766584, 115.600272 22.766584, 115.600276 22.766585, 115.600281 22.766586, 115.600285 22.766588, 115.60194 22.767294, 115.601944 22.767296, 115.601948 22.767299, 115.601952 22.767301, 115.603286 22.768421, 115.603289 22.768424, 115.603292 22.768427, 115.603295 22.768431, 115.603297 22.768435, 115.60414 22.770216, 115.604142 22.77022, 115.604143 22.770224, 115.604144 22.770228, 115.604144 22.770233, 115.604102 22.772737, 115.604101 22.772741, 115.604101 22.772745, 115.6041 22.772749, 115.604098 22.772753, 115.603433 22.774209, 115.603431 22.774213, 115.603428 22.774217, 115.603425 22.77422, 115.603422 22.774224, 115.601845 22.775551, 115.601842 22.775554, 115.601839 22.775556, 115.601835 22.775558, 115.601831 22.775559, 115.601828 22.77556, 115.599491 22.776199, 115.599487 22.7762, 115.599483 22.776201, 115.599479 22.776201, 115.597697 22.776221))",5538.569840233728,False,unchanged,terminal_area_clipped
106,22.086417237462356,113.89294401160123,52,anchorage,"POLYGON ((113.869019 22.065167, 113.868418 22.066137, 113.870848 22.102848, 113.879158 22.104425, 113.913998 22.100888, 113.914572 22.099857, 113.915688 22.086734, 113.91459 22.075181, 113.877008 22.061145, 113.875535 22.061277, 113.869019 22.065167))",16996.61892654323,False,unchanged,unchanged
107,21.717019098534887,108.61155413184547,36,anchorage,"MULTIPOLYGON (((108.66007 21.648581, 108.587155 21.704216, 108.583747 21.714002, 108.584728 21.713714, 108.584733 21.713713, 108.584738 21.713712, 108.584743 21.713712, 108.586213 21.713748, 108.586095 21.710597, 108.586095 21.710592, 108.586095 21.710588, 108.586097 21.710584, 108.586098 21.710579, 108.586976 21.708657, 108.586978 21.708654, 108.58698 21.70865, 108.586982 21.708647, 108.586985 21.708645, 108.586988 21.708642, 108.588351 21.707543, 108.588355 21.707541, 108.588358 21.707538, 108.588362 21.707536, 108.588367 21.707535, 108.590085 21.707023, 108.590089 21.707023, 108.590093 21.707022, 108.590097 21.707022, 108.593276 21.706887, 108.59328 21.706887, 108.593285 21.706888, 108.593289 21.706888, 108.593293 21.70689, 108.593297 21.706891, 108.595297 21.707763, 108.5953 21.707765, 108.595303 21.707767, 108.595307 21.707769, 108.59531 21.707772, 108.596663 21.709054, 108.596666 21.709057, 108.596668 21.70906, 108.596671 21.709064, 108.596673 21.709068, 108.597337 21.71064, 108.597338 21.710644, 108.597339 21.710647, 108.59734 21.710651, 108.59734 21.710655, 108.597299 21.713777, 108.597299 21.713781, 108.597298 21.713784, 108.597297 21.713788, 108.597296 21.713792, 108.596486 21.715683, 108.596485 21.715687, 108.596483 21.71569, 108.596481 21.715693, 108.596478 21.715696, 108.596475 21.715698, 108.595187 21.716811, 108.595183 21.716814, 108.59518 21.716816, 108.595176 21.716818, 108.595172 21.71682, 108.593522 21.717387, 108.593518 21.717389, 108.593513 21.71739, 108.593508 21.71739, 108.590435 21.717504, 108.590449 21.71862, 108.591806 21.717782, 108.59181 21.71778, 108.591814 21.717778, 108.591818 21.717777, 108.591822 21.717776, 108.591827 21.717775, 108.594852 21.717485, 108.594856 21.717485, 108.594861 21.717485, 108.594865 21.717486, 108.59487 21.717487, 108.594874 21.717488, 108.594878 21.71749, 108.597465 21.718864, 108.597469 21.718866, 108.597473 21.718869, 108.597476 21.718872, 108.597479 21.718876, 108.597482 21.718879, 108.598339 21.720269, 108.598341 21.720272, 108.598342 21.720276, 108.598343 21.720279, 108.598344 21.720283, 108.598716 21.722267, 108.600059 21.723802, 108.600061 21.723806, 108.600064 21.72381, 108.600066 21.723814, 108.601699 21.727882, 108.6017 21.727886, 108.601701 21.727889, 108.601702 21.727893, 108.601702 21.727897, 108.601702 21.727901, 108.601271 21.732254, 108.60127 21.732259, 108.601269 21.732263, 108.601268 21.732266, 108.601266 21.73227, 108.601264 21.732274, 108.599806 21.734309, 108.599804 21.734312, 108.599801 21.734315, 108.599797 21.734318, 108.599794 21.734321, 108.59979 21.734323, 108.598912 21.734756, 108.628386 21.735666, 108.628371 21.735643, 108.628369 21.735639, 108.628367 21.735635, 108.628366 21.735631, 108.628365 21.735627, 108.628365 21.735623, 108.628171 21.730753, 108.628171 21.730748, 108.628172 21.730744, 108.628534 21.729102, 108.628535 21.729099, 108.628537 21.729095, 108.628538 21.729092, 108.62854 21.729088, 108.628543 21.729085, 108.629914 21.727434, 108.629917 21.727431, 108.629919 21.727428, 108.629923 21.727426, 108.629926 21.727423, 108.62993 21.727422, 108.632353 21.726306, 108.632357 21.726304, 108.632361 21.726303, 108.632364 21.726302, 108.632368 21.726302, 108.632372 21.726302, 108.634587 21.726279, 108.634591 21.726279, 108.634595 21.72628, 108.6346 21.726281, 108.634604 21.726282, 108.634608 21.726284, 108.636565 21.727247, 108.636569 21.72725, 108.636573 21.727253, 108.636577 21.727256, 108.637822 21.72852, 108.637824 21.728523, 108.637827 21.728527, 108.637829 21.72853, 108.63783 21.728533, 108.638431 21.729967, 108.638432 21.729972, 108.638433 21.729976, 108.638434 21.72998, 108.638434 21.729984, 108.638339 21.732339, 108.64594 21.726682, 108.662682 21.650037, 108.661859 21.648418, 108.66007 21.648581), (108.63814 21.702734, 108.638137 21.702736, 108.638133 21.702738, 108.638129 21.70274, 108.638126 21.702741, 108.635587 21.703527, 108.635583 21.703528, 108.63558 21.703529, 108.635576 21.703529, 108.635572 21.703529, 108.633475 21.703465, 108.63347 21.703464, 108.633466 21.703463, 108.633461 21.703462, 108.633457 21.70346, 108.633453 21.703458, 108.631318 21.702238, 108.631314 21.702235, 108.631311 21.702233, 108.631308 21.70223, 108.631305 21.702227, 108.631303 21.702224, 108.629904 21.700143, 108.629902 21.70014, 108.629901 21.700136, 108.629899 21.700133, 108.629898 21.700129, 108.629898 21.700125, 108.629897 21.700121, 108.629919 21.689662, 108.62992 21.689657, 108.62992 21.689653, 108.629921 21.689649, 108.629923 21.689645, 108.629925 21.689641, 108.629928 21.689637, 108.631696 21.687391, 108.631699 21.687388, 108.631702 21.687385, 108.631705 21.687382, 108.631708 21.68738, 108.631712 21.687378, 108.631716 21.687377, 108.634593 21.686363, 108.634597 21.686362, 108.634601 21.686361, 108.634606 21.68636, 108.63461 21.68636, 108.636818 21.686442, 108.636823 21.686442, 108.636827 21.686443, 108.636831 21.686444, 108.636835 21.686446, 108.636839 21.686448, 108.638738 21.687498, 108.638741 21.6875, 108.638744 21.687502, 108.638747 21.687505, 108.63875 21.687508, 108.639984 21.688909, 108.639987 21.688912, 108.639989 21.688916, 108.639991 21.688919, 108.639993 21.688923, 108.640501 21.690482, 108.640502 21.690486, 108.640503 21.690491, 108.640503 21.690495, 108.64033 21.700236, 108.640329 21.70024, 108.640329 21.700244, 108.640328 21.700247, 108.640326 21.700251, 108.640324 21.700255, 108.639501 21.701688, 108.639499 21.701692, 108.639496 21.701695, 108.639493 21.701698, 108.63949 21.701701, 108.63814 21.702734)), ((108.580704 21.72274, 108.580964 21.722642, 108.580968 21.72264, 108.580972 21.722639, 108.580976 21.722639, 108.58098 21.722638, 108.580985 21.722639, 108.580989 21.722639, 108.582105 21.722823, 108.581033 21.721796, 108.580704 21.72274)), ((108.592832 21.734568, 108.591138 21.733506, 108.591134 21.733503, 108.591131 21.7335, 108.591128 21.733497, 108.591125 21.733493, 108.591123 21.733489, 108.590198 21.731668, 108.590196 21.731665, 108.590195 21.731661, 108.590194 21.731657, 108.590193 21.731653, 108.590193 21.731649, 108.590243 21.729318, 108.588525 21.728052, 108.588522 21.728049, 108.588519 21.728047, 108.588516 21.728043, 108.588514 21.72804, 108.588512 21.728036, 108.587666 21.726236, 108.587664 21.726232, 108.587663 21.726228, 108.587662 21.726224, 108.587662 21.726219, 108.587712 21.723153, 108.587713 21.723148, 108.587714 21.723144, 108.587715 21.72314, 108.587717 21.723135, 108.587753 21.723066, 108.58577 21.723609, 108.585765 21.72361, 108.585761 21.723611, 108.585757 21.723611, 108.585616 21.723612, 108.586925 21.724753, 108.586928 21.724756, 108.58693 21.724759, 108.586932 21.724762, 108.586934 21.724765, 108.586936 21.724769, 108.587578 21.726292, 108.587579 21.726296, 108.58758 21.7263, 108.587581 21.726304, 108.587581 21.726309, 108.58758 21.726313, 108.586804 21.731001, 108.586803 21.731006, 108.586802 21.73101, 108.5868 21.731014, 108.586797 21.731018, 108.586795 21.731021, 108.586791 21.731024, 108.586788 21.731027, 108.584325 21.73289, 108.583547 21.734282, 108.592832 21.734568)))",3089.0306925133937,False,unchanged,terminal_area_clipped
114,37.679879193255914,120.16002526327858,39,anchorage,"POLYGON ((120.215409 37.608054, 120.138042 37.659367, 120.13223 37.67084, 120.120437 37.716027, 120.121065 37.717317, 120.145848 37.726454, 120.153353 37.724531, 120.179533 37.714879, 120.211891 37.646447, 120.21805 37.609203, 120.217225 37.607914, 120.215409 37.608054))",6222.099951626366,False,unchanged,unchanged
116,21.489797243077692,108.38369316477494,263,anchorage,"MULTIPOLYGON (((108.363617 21.384556, 108.333423 21.562464, 108.333838 21.562207, 108.333842 21.562205, 108.333845 21.562204, 108.333849 21.562202, 108.333853 21.562201, 108.333857 21.562201, 108.336054 21.561916, 108.336059 21.561916, 108.336063 21.561916, 108.336068 21.561916, 108.336072 21.561917, 108.336076 21.561918, 108.338152 21.562647, 108.338156 21.562648, 108.33816 21.56265, 108.338164 21.562653, 108.338167 21.562655, 108.338171 21.562658, 108.339618 21.564222, 108.339621 21.564225, 108.339623 21.564229, 108.339625 21.564232, 108.340388 21.565842, 108.340389 21.565846, 108.34039 21.565849, 108.340391 21.565853, 108.340391 21.565857, 108.340505 21.5675, 108.340506 21.567504, 108.340505 21.567507, 108.340505 21.567511, 108.340504 21.567515, 108.340502 21.567518, 108.3405 21.567522, 108.339086 21.570042, 108.339084 21.570045, 108.339081 21.570048, 108.339079 21.570051, 108.339075 21.570054, 108.339072 21.570057, 108.337428 21.571126, 108.337424 21.571128, 108.337421 21.571129, 108.337417 21.571131, 108.337413 21.571132, 108.335689 21.571533, 108.335685 21.571534, 108.335681 21.571534, 108.335677 21.571534, 108.335673 21.571534, 108.335669 21.571533, 108.333502 21.571119, 108.333498 21.571118, 108.333494 21.571117, 108.333491 21.571115, 108.333487 21.571113, 108.333484 21.571111, 108.332119 21.570144, 108.329215 21.587241, 108.330794 21.587089, 108.330799 21.587089, 108.330804 21.587089, 108.330809 21.58709, 108.330813 21.587091, 108.330818 21.587093, 108.333226 21.588136, 108.33323 21.588138, 108.333234 21.58814, 108.333237 21.588143, 108.333241 21.588146, 108.334488 21.589416, 108.334491 21.589419, 108.334494 21.589423, 108.334496 21.589427, 108.334498 21.589431, 108.335154 21.591259, 108.335156 21.591263, 108.335156 21.591268, 108.335157 21.591272, 108.335133 21.5965, 108.335132 21.596504, 108.335132 21.596508, 108.33513 21.596512, 108.33458 21.598118, 108.334579 21.598122, 108.334577 21.598126, 108.334574 21.598129, 108.334572 21.598133, 108.333384 21.599405, 108.333381 21.599409, 108.333377 21.599411, 108.333373 21.599414, 108.333369 21.599416, 108.331737 21.600148, 108.331733 21.60015, 108.331729 21.600151, 108.331724 21.600152, 108.328792 21.600552, 108.328786 21.600553, 108.328781 21.600553, 108.328776 21.600552, 108.327009 21.600225, 108.326561 21.602862, 108.327211 21.602761, 108.327216 21.60276, 108.32722 21.60276, 108.327224 21.602761, 108.327229 21.602761, 108.328911 21.603112, 108.328915 21.603113, 108.328919 21.603115, 108.328923 21.603116, 108.328927 21.603119, 108.330936 21.604419, 108.33094 21.604422, 108.330944 21.604425, 108.330947 21.604429, 108.33095 21.604432, 108.332038 21.60619, 108.33204 21.606194, 108.332042 21.606199, 108.332043 21.606203, 108.332044 21.606208, 108.332185 21.607831, 108.332185 21.607835, 108.332185 21.607839, 108.332185 21.607842, 108.332184 21.607846, 108.331464 21.610125, 108.332842 21.611305, 108.332845 21.611308, 108.332847 21.611311, 108.33285 21.611314, 108.332852 21.611318, 108.333653 21.612818, 108.333654 21.612822, 108.333655 21.612825, 108.333656 21.612829, 108.333657 21.612833, 108.333657 21.612837, 108.333657 21.612841, 108.333442 21.614942, 108.367057 21.622728, 108.366773 21.622301, 108.366771 21.622297, 108.366769 21.622293, 108.366768 21.622289, 108.366767 21.622285, 108.366766 21.622281, 108.366503 21.617677, 108.366503 21.617673, 108.366504 21.617669, 108.366504 21.617665, 108.366966 21.615763, 108.366967 21.615759, 108.366969 21.615755, 108.366971 21.615751, 108.366973 21.615748, 108.366976 21.615745, 108.368799 21.613843, 108.368802 21.61384, 108.368806 21.613837, 108.36881 21.613835, 108.368814 21.613833, 108.37051 21.613122, 108.370513 21.613121, 108.370517 21.61312, 108.370521 21.613119, 108.370525 21.613119, 108.370529 21.613118, 108.370533 21.613119, 108.376014 21.613729, 108.376019 21.61373, 108.376023 21.613731, 108.376027 21.613732, 108.37603 21.613734, 108.376034 21.613736, 108.376037 21.613738, 108.376041 21.613741, 108.377881 21.61543, 108.377884 21.615433, 108.377887 21.615437, 108.377889 21.615441, 108.377891 21.615445, 108.377892 21.615449, 108.377893 21.615453, 108.378461 21.618831, 108.379968 21.620938, 108.41131 21.598353, 108.406768 21.600284, 108.406764 21.600286, 108.40676 21.600287, 108.406756 21.600288, 108.406751 21.600288, 108.406747 21.600288, 108.406743 21.600288, 108.406739 21.600287, 108.406735 21.600286, 108.390622 21.595403, 108.390617 21.595402, 108.390613 21.5954, 108.39061 21.595398, 108.390606 21.595395, 108.390603 21.595392, 108.3906 21.595389, 108.390597 21.595385, 108.390595 21.595382, 108.390593 21.595378, 108.390592 21.595374, 108.390591 21.59537, 108.390591 21.595366, 108.389614 21.575102, 108.389614 21.575098, 108.389615 21.575094, 108.389616 21.57509, 108.389617 21.575086, 108.389619 21.575082, 108.389621 21.575078, 108.389623 21.575075, 108.402074 21.559775, 108.402077 21.559772, 108.40208 21.55977, 108.402083 21.559767, 108.402087 21.559765, 108.40209 21.559763, 108.402094 21.559761, 108.402098 21.55976, 108.402102 21.559759, 108.420006 21.55683, 108.42001 21.556829, 108.420014 21.556829, 108.420019 21.556829, 108.462929 21.561148, 108.490181 21.541502, 108.490805 21.540302, 108.471388 21.37874, 108.470224 21.378084, 108.369952 21.367764, 108.368266 21.368719, 108.363617 21.384556), (108.392583 21.600187, 108.392584 21.600191, 108.392584 21.600196, 108.392584 21.6002, 108.392583 21.600204, 108.391974 21.602857, 108.391973 21.602862, 108.391971 21.602866, 108.391969 21.60287, 108.391966 21.602873, 108.390955 21.604154, 108.390952 21.604157, 108.390948 21.60416, 108.390945 21.604163, 108.390941 21.604166, 108.38908 21.605126, 108.389075 21.605128, 108.389071 21.60513, 108.389067 21.605131, 108.389062 21.605131, 108.389058 21.605132, 108.389053 21.605131, 108.385212 21.604762, 108.385207 21.604761, 108.385203 21.60476, 108.385199 21.604759, 108.385196 21.604757, 108.385192 21.604755, 108.385189 21.604753, 108.383436 21.603489, 108.383433 21.603486, 108.38343 21.603483, 108.383427 21.603479, 108.383424 21.603476, 108.383422 21.603472, 108.382527 21.601497, 108.381213 21.600296, 108.38121 21.600293, 108.381208 21.60029, 108.381205 21.600286, 108.37969 21.597725, 108.379688 21.597721, 108.379686 21.597717, 108.378753 21.594853, 108.378752 21.594849, 108.378751 21.594845, 108.378751 21.594841, 108.378751 21.594837, 108.378752 21.594833, 108.378753 21.594829, 108.378755 21.594825, 108.379885 21.592277, 108.379887 21.592273, 108.379889 21.59227, 108.379891 21.592267, 108.379894 21.592264, 108.379897 21.592261, 108.3799 21.592259, 108.379904 21.592257, 108.382705 21.590721, 108.382709 21.590719, 108.382713 21.590717, 108.382718 21.590716, 108.382722 21.590715, 108.382727 21.590715, 108.382732 21.590715, 108.38577 21.590956, 108.385774 21.590957, 108.385778 21.590958, 108.385782 21.590959, 108.385786 21.590961, 108.38579 21.590963, 108.385794 21.590966, 108.387506 21.59225, 108.387508 21.592252, 108.387511 21.592255, 108.387514 21.592257, 108.39215 21.598153, 108.392153 21.598157, 108.392155 21.598161, 108.392157 21.598165, 108.392158 21.598169, 108.392583 21.600187), (108.368606 21.572812, 108.368605 21.572808, 108.368604 21.572805, 108.368603 21.572801, 108.368603 21.572797, 108.368361 21.560117, 108.368263 21.560033, 108.368259 21.56003, 108.368257 21.560027, 108.368254 21.560023, 108.368252 21.560019, 108.367512 21.55853, 108.36751 21.558526, 108.367509 21.558522, 108.367508 21.558518, 108.367095 21.555242, 108.367094 21.555237, 108.367094 21.555233, 108.367095 21.555228, 108.367097 21.555224, 108.367801 21.553239, 108.367802 21.553235, 108.367804 21.553231, 108.367807 21.553228, 108.36781 21.553224, 108.367813 21.553221, 108.369463 21.551802, 108.369466 21.551799, 108.36947 21.551797, 108.369475 21.551794, 108.369479 21.551793, 108.371807 21.551076, 108.371811 21.551075, 108.371815 21.551074, 108.37182 21.551074, 108.371824 21.551074, 108.373996 21.551177, 108.374001 21.551178, 108.374006 21.551179, 108.374011 21.55118, 108.374015 21.551182, 108.375555 21.551949, 108.375559 21.551951, 108.375563 21.551954, 108.375566 21.551956, 108.376896 21.553208, 108.376899 21.553211, 108.376902 21.553214, 108.376904 21.553218, 108.376906 21.553221, 108.377253 21.554008, 108.378855 21.553937, 108.378859 21.553937, 108.378863 21.553937, 108.378867 21.553938, 108.378871 21.553939, 108.378875 21.553941, 108.3818 21.555158, 108.381804 21.555159, 108.381807 21.555161, 108.381811 21.555164, 108.381814 21.555166, 108.381817 21.555169, 108.383053 21.556575, 108.383055 21.556578, 108.383058 21.556582, 108.38306 21.556585, 108.383061 21.556589, 108.383569 21.558154, 108.38357 21.558158, 108.383571 21.558162, 108.383571 21.558166, 108.383557 21.572097, 108.383557 21.572102, 108.383556 21.572107, 108.383049 21.574025, 108.383048 21.574029, 108.383046 21.574032, 108.383044 21.574036, 108.383042 21.574039, 108.383039 21.574042, 108.381642 21.575529, 108.381639 21.575532, 108.381636 21.575535, 108.381632 21.575537, 108.381628 21.575539, 108.381624 21.57554, 108.379649 21.576264, 108.379644 21.576266, 108.379639 21.576267, 108.379634 21.576267, 108.372848 21.576525, 108.372843 21.576525, 108.372839 21.576524, 108.372834 21.576523, 108.371114 21.576101, 108.37111 21.5761, 108.371106 21.576098, 108.371102 21.576097, 108.371099 21.576095, 108.371096 21.576092, 108.36941 21.574754, 108.369407 21.574751, 108.369404 21.574748, 108.369402 21.574744, 108.369399 21.574741, 108.369398 21.574737, 108.368606 21.572812), (108.363882 21.56918, 108.363884 21.569183, 108.363886 21.569187, 108.363887 21.569191, 108.363888 21.569194, 108.363888 21.569198, 108.363888 21.569202, 108.363659 21.575615, 108.363658 21.575618, 108.363658 21.575622, 108.363656 21.575626, 108.363655 21.57563, 108.363653 21.575633, 108.362224 21.578088, 108.362221 21.578092, 108.362218 21.578096, 108.362215 21.578099, 108.362211 21.578102, 108.362207 21.578104, 108.360715 21.578934, 108.360711 21.578936, 108.360707 21.578938, 108.360703 21.578939, 108.360699 21.57894, 108.35898 21.57918, 108.358975 21.579181, 108.358971 21.579181, 108.358966 21.57918, 108.355617 21.578677, 108.355612 21.578677, 108.355608 21.578675, 108.355604 21.578673, 108.3556 21.578671, 108.353821 21.577611, 108.353817 21.577609, 108.353814 21.577606, 108.353811 21.577603, 108.353808 21.5776, 108.353806 21.577597, 108.353804 21.577593, 108.35258 21.575117, 108.352578 21.575113, 108.352577 21.575108, 108.352576 21.575104, 108.352575 21.575099, 108.352554 21.569882, 108.352555 21.569878, 108.352555 21.569874, 108.352556 21.569871, 108.353008 21.568396, 108.351812 21.567351, 108.351809 21.567348, 108.351806 21.567345, 108.351804 21.567342, 108.351802 21.567338, 108.351049 21.565844, 108.351047 21.56584, 108.351046 21.565836, 108.351045 21.565832, 108.351044 21.565828, 108.350972 21.564179, 108.350972 21.564175, 108.350972 21.564171, 108.350973 21.564167, 108.350975 21.564163, 108.351595 21.562616, 108.351597 21.562612, 108.351599 21.562608, 108.351602 21.562605, 108.352915 21.561117, 108.352918 21.561114, 108.352921 21.561112, 108.352924 21.561109, 108.352928 21.561107, 108.354473 21.56029, 108.354477 21.560288, 108.354481 21.560287, 108.354485 21.560285, 108.354489 21.560285, 108.354493 21.560284, 108.356702 21.560143, 108.356706 21.560143, 108.35671 21.560143, 108.356714 21.560143, 108.356718 21.560144, 108.356721 21.560146, 108.358373 21.560758, 108.358377 21.56076, 108.35838 21.560762, 108.358384 21.560764, 108.358387 21.560766, 108.35839 21.560769, 108.360586 21.563045, 108.360589 21.563049, 108.360591 21.563052, 108.360593 21.563056, 108.360595 21.56306, 108.360596 21.563064, 108.360597 21.563068, 108.360597 21.563073, 108.360648 21.566108, 108.362554 21.567078, 108.362557 21.56708, 108.362561 21.567082, 108.362564 21.567085, 108.362566 21.567087, 108.362569 21.56709, 108.362571 21.567093, 108.363882 21.56918)), ((108.431868 21.583278, 108.416417 21.581902, 108.420134 21.591993, 108.43198 21.583456, 108.431868 21.583278)))",8624.18036119509,False,land_area_clipped,terminal_area_clipped
119,34.3105269896729,120.32204876358666,19,anchorage,"POLYGON ((120.274958 34.304269, 120.275595 34.304435, 120.275599 34.304436, 120.275602 34.304437, 120.275606 34.304439, 120.275609 34.304441, 120.277532 34.305653, 120.277535 34.305656, 120.277538 34.305658, 120.27754 34.305661, 120.277543 34.305663, 120.277545 34.305666, 120.278344 34.306973, 120.278346 34.306976, 120.278347 34.30698, 120.278348 34.306983, 120.278349 34.306987, 120.278474 34.308447, 120.278474 34.308451, 120.278474 34.308454, 120.278473 34.308458, 120.278472 34.308461, 120.27847 34.308465, 120.277105 34.310972, 120.277103 34.310975, 120.277101 34.310978, 120.277098 34.310981, 120.277095 34.310984, 120.277092 34.310986, 120.277089 34.310988, 120.277085 34.31099, 120.27424 34.312227, 120.273864 34.314408, 120.273863 34.314411, 120.273862 34.314415, 120.27386 34.314418, 120.273858 34.314421, 120.273856 34.314424, 120.273854 34.314426, 120.272606 34.315686, 120.33469 34.347019, 120.453462 34.31573, 120.454513 34.31485, 120.453905 34.31337, 120.411033 34.288179, 120.380513 34.280712, 120.306353 34.279302, 120.305183 34.279686, 120.274958 34.304269))",6933.034417926163,False,unchanged,terminal_area_clipped
130,21.83421838322023,113.28760991963807,33,anchorage,"POLYGON ((113.31507 21.801932, 113.267052 21.821786, 113.254331 21.830897, 113.254072 21.832507, 113.262218 21.848989, 113.263645 21.848045, 113.263649 21.848043, 113.263653 21.848041, 113.263657 21.848039, 113.263662 21.848038, 113.265344 21.847709, 113.265349 21.847708, 113.265353 21.847708, 113.265358 21.847708, 113.265363 21.847709, 113.267451 21.848153, 113.267455 21.848154, 113.267459 21.848156, 113.267463 21.848158, 113.267466 21.84816, 113.26747 21.848162, 113.269098 21.849453, 113.269102 21.849456, 113.269105 21.84946, 113.269108 21.849464, 113.270153 21.851112, 113.270155 21.851116, 113.270157 21.851119, 113.270158 21.851123, 113.270159 21.851127, 113.270399 21.852716, 113.270399 21.85272, 113.270399 21.852724, 113.270398 21.852728, 113.270398 21.852732, 113.270128 21.853721, 113.287286 21.853179, 113.303356 21.848623, 113.337462 21.836967, 113.33766 21.835202, 113.317125 21.802547, 113.316298 21.801899, 113.31507 21.801932))",6422.79996724696,False,unchanged,terminal_area_clipped
134,30.774738363288165,122.62245546207139,23,anchorage,"POLYGON ((122.603894 30.753541, 122.605404 30.78025, 122.626079 30.807703, 122.627561 30.808367, 122.629031 30.80733, 122.635464 30.785702, 122.630837 30.752943, 122.630037 30.752137, 122.622348 30.749521, 122.604983 30.752784, 122.603894 30.753541))",12505.382502983184,False,unchanged,unchanged
135,30.471658852417107,122.10823444314441,110,anchorage,"POLYGON ((121.967644 30.410171, 121.966598 30.477387, 121.976256 30.496083, 121.991393 30.500953, 122.207925 30.523953, 122.220528 30.518275, 122.232297 30.507349, 122.247422 30.485323, 122.24873 30.481448, 122.252779 30.44416, 122.248513 30.437011, 122.245849 30.435312, 122.109284 30.411756, 121.9693 30.408796, 121.96814 30.409185, 121.967644 30.410171))",18321.2122340135,False,unchanged,unchanged
144,22.00395089198775,113.90555590136101,8,anchorage,"POLYGON ((113.89141 21.986911, 113.887138 22.01008, 113.8879 22.011618, 113.915867 22.015374, 113.934908 22.008539, 113.935076 22.007403, 113.934329 22.006489, 113.917143 21.997154, 113.893752 21.985835, 113.892215 21.985855, 113.89141 21.986911))",14593.43521039272,False,unchanged,unchanged
145,22.96826635380215,116.57527224155083,23,anchorage,"POLYGON ((116.555526 22.913669, 116.524673 22.950978, 116.520659 22.986594, 116.521301 22.992335, 116.544376 23.000491, 116.63165 22.994799, 116.63689 22.974349, 116.636506 22.973029, 116.625928 22.962355, 116.557806 22.913398, 116.556605 22.913095, 116.555526 22.913669), (116.541792 22.951462, 116.541787 22.951463, 116.541783 22.951464, 116.541778 22.951463, 116.541774 22.951463, 116.54177 22.951462, 116.541765 22.951461, 116.539752 22.950748, 116.539748 22.950746, 116.539744 22.950743, 116.53974 22.950741, 116.539736 22.950738, 116.538534 22.94959, 116.538531 22.949586, 116.538528 22.949583, 116.538526 22.949579, 116.538524 22.949575, 116.538523 22.949571, 116.537592 22.94608, 116.537591 22.946076, 116.537591 22.946072, 116.537591 22.946068, 116.537591 22.946064, 116.537592 22.94606, 116.537594 22.946056, 116.538379 22.944155, 116.538381 22.944152, 116.538382 22.944149, 116.538385 22.944145, 116.538387 22.944143, 116.53839 22.94414, 116.539675 22.943015, 116.539678 22.943012, 116.539682 22.94301, 116.539686 22.943008, 116.53969 22.943006, 116.542078 22.942171, 116.542082 22.94217, 116.542086 22.942169, 116.542091 22.942169, 116.542095 22.942169, 116.543867 22.942225, 116.543871 22.942225, 116.543876 22.942226, 116.54388 22.942227, 116.543884 22.942229, 116.545494 22.942912, 116.545498 22.942914, 116.545501 22.942916, 116.545504 22.942918, 116.545507 22.94292, 116.54551 22.942923, 116.546919 22.944488, 116.546922 22.944492, 116.546924 22.944496, 116.546926 22.9445, 116.547725 22.946454, 116.547726 22.946458, 116.547727 22.946462, 116.547728 22.946466, 116.547728 22.94647, 116.547653 22.948069, 116.547653 22.948073, 116.547652 22.948077, 116.547651 22.94808, 116.547649 22.948084, 116.546922 22.949537, 116.54692 22.94954, 116.546918 22.949544, 116.546915 22.949547, 116.546912 22.94955, 116.54564 22.95064, 116.545637 22.950643, 116.545633 22.950645, 116.545629 22.950647, 116.545624 22.950649, 116.54562 22.95065, 116.541792 22.951462), (116.532459 22.99372, 116.532456 22.993716, 116.532454 22.993713, 116.532452 22.993709, 116.53245 22.993705, 116.532449 22.993701, 116.531928 22.991405, 116.531928 22.9914, 116.531927 22.991396, 116.531928 22.991391, 116.532137 22.989797, 116.532138 22.989793, 116.532139 22.989789, 116.532141 22.989785, 116.532143 22.989782, 116.532996 22.988382, 116.532998 22.988378, 116.533001 22.988375, 116.533004 22.988372, 116.533007 22.988369, 116.534376 22.987374, 116.53438 22.987371, 116.534384 22.987369, 116.534388 22.987367, 116.534393 22.987366, 116.53698 22.986774, 116.536984 22.986773, 116.536988 22.986773, 116.536992 22.986773, 116.536996 22.986773, 116.538761 22.986966, 116.538765 22.986967, 116.538768 22.986968, 116.538772 22.986969, 116.538776 22.986971, 116.538779 22.986972, 116.540647 22.988066, 116.54065 22.988068, 116.540653 22.988071, 116.540656 22.988073, 116.540659 22.988076, 116.540661 22.988079, 116.541599 22.989469, 116.541601 22.989472, 116.541603 22.989476, 116.541604 22.989479, 116.542226 22.99153, 116.542227 22.991534, 116.542228 22.991538, 116.542228 22.991542, 116.542227 22.991546, 116.541988 22.993153, 116.541987 22.993157, 116.541986 22.993161, 116.541984 22.993165, 116.541982 22.993169, 116.541089 22.994567, 116.541087 22.99457, 116.541084 22.994573, 116.541081 22.994576, 116.541077 22.994579, 116.539669 22.995553, 116.539666 22.995556, 116.539662 22.995557, 116.539658 22.995559, 116.539654 22.99556, 116.53965 22.995561, 116.539646 22.995562, 116.535459 22.995909, 116.535455 22.995909, 116.53545 22.995909, 116.535445 22.995908, 116.535441 22.995907, 116.535436 22.995905, 116.533867 22.99524, 116.533863 22.995238, 116.533859 22.995236, 116.533855 22.995233, 116.533852 22.99523, 116.532459 22.99372), (116.535282 22.981261, 116.535136 22.98375, 116.535136 22.983754, 116.535135 22.983757, 116.535134 22.983761, 116.535132 22.983765, 116.53513 22.983768, 116.534073 22.985463, 116.53407 22.985466, 116.534068 22.985469, 116.534065 22.985472, 116.534062 22.985474, 116.534058 22.985477, 116.529127 22.988431, 116.529123 22.988433, 116.529119 22.988435, 116.529115 22.988436, 116.52911 22.988437, 116.529106 22.988438, 116.526457 22.988648, 116.526452 22.988648, 116.526448 22.988648, 116.526444 22.988648, 116.52644 22.988647, 116.524347 22.98809, 116.524343 22.988089, 116.524338 22.988087, 116.524334 22.988084, 116.52433 22.988082, 116.524327 22.988078, 116.522552 22.986326, 116.522549 22.986323, 116.522546 22.986319, 116.522544 22.986316, 116.522542 22.986312, 116.522541 22.986307, 116.52184 22.983475, 116.52184 22.983471, 116.521839 22.983467, 116.521839 22.983463, 116.522024 22.981449, 116.522025 22.981445, 116.522026 22.981441, 116.522027 22.981437, 116.522029 22.981433, 116.522031 22.98143, 116.523183 22.979782, 116.524398 22.97767, 116.5244 22.977667, 116.524403 22.977663, 116.524407 22.97766, 116.52441 22.977657, 116.524414 22.977654, 116.528735 22.975233, 116.529204 22.974181, 116.527183 22.973183, 116.527179 22.973181, 116.527176 22.973179, 116.527173 22.973176, 116.52717 22.973174, 116.527167 22.973171, 116.527165 22.973168, 116.525825 22.971086, 116.525823 22.971082, 116.525821 22.971079, 116.52582 22.971075, 116.525819 22.971072, 116.525818 22.971068, 116.525818 22.971064, 116.525839 22.969038, 116.525839 22.969033, 116.52584 22.969029, 116.525841 22.969025, 116.525843 22.96902, 116.527254 22.96633, 116.527256 22.966326, 116.527258 22.966323, 116.527261 22.96632, 116.527264 22.966317, 116.527267 22.966315, 116.528639 22.965374, 116.528643 22.965371, 116.528648 22.965369, 116.528652 22.965368, 116.528657 22.965367, 116.530741 22.964959, 116.530745 22.964959, 116.53075 22.964958, 116.530754 22.964959, 116.530759 22.964959, 116.530763 22.96496, 116.532878 22.965521, 116.535376 22.96552, 116.53538 22.96552, 116.535385 22.965521, 116.53539 22.965522, 116.535394 22.965523, 116.535398 22.965525, 116.53726 22.966519, 116.537264 22.966521, 116.537267 22.966523, 116.53727 22.966526, 116.537273 22.966529, 116.537275 22.966532, 116.537277 22.966535, 116.539024 22.969564, 116.539026 22.969568, 116.539028 22.969572, 116.539029 22.969576, 116.539029 22.969579, 116.53903 22.969583, 116.539029 22.969587, 116.539029 22.969591, 116.538558 22.971968, 116.538557 22.971972, 116.538556 22.971976, 116.538554 22.971979, 116.538552 22.971983, 116.53855 22.971986, 116.538547 22.971989, 116.537026 22.973531, 116.538194 22.975313, 116.538196 22.975317, 116.538198 22.97532, 116.538199 22.975324, 116.5382 22.975328, 116.538201 22.975333, 116.538294 22.977283, 116.538294 22.977287, 116.538294 22.977291, 116.538293 22.977295, 116.538291 22.977299, 116.537329 22.979711, 116.537327 22.979715, 116.537324 22.979719, 116.537322 22.979723, 116.537318 22.979726, 116.537315 22.979729, 116.535282 22.981261))",5493.630051239449,False,land_area_clipped,terminal_area_clipped
148,38.30264372813487,118.1230765820877,18,anchorage,"POLYGON ((118.115662 38.298885, 118.124747 38.307258, 118.125737 38.30761, 118.126787 38.30739, 118.127412 38.305963, 118.124157 38.300158, 118.117818 38.29707, 118.115806 38.297294, 118.115662 38.298885))",19616.640594889057,False,unchanged,unchanged
151,29.743895921892822,122.21062108935293,14,anchorage,"POLYGON ((122.211047 29.751397, 122.217404 29.762625, 122.218323 29.763331, 122.219549 29.763273, 122.223317 29.761284, 122.223739 29.75975, 122.202103 29.721948, 122.198328 29.717582, 122.197183 29.718447, 122.19718 29.71845, 122.197176 29.718452, 122.197173 29.718453, 122.197169 29.718455, 122.19554 29.71894, 122.195535 29.718941, 122.195531 29.718942, 122.195526 29.718942, 122.194191 29.718964, 122.211047 29.751397))",6692.967397905925,False,unchanged,terminal_area_clipped
153,23.72932262871118,117.56258937040909,29,anchorage,"POLYGON ((117.543506 23.705886, 117.541414 23.706892, 117.54066 23.708554, 117.542028 23.711963, 117.5423 23.711495, 117.542302 23.711492, 117.542305 23.711488, 117.542309 23.711485, 117.542312 23.711482, 117.543693 23.710528, 117.543697 23.710526, 117.543701 23.710524, 117.543705 23.710522, 117.543709 23.710521, 117.545381 23.710116, 117.545385 23.710115, 117.545388 23.710115, 117.545392 23.710115, 117.548218 23.710109, 117.548222 23.710109, 117.548226 23.71011, 117.54823 23.710111, 117.548234 23.710112, 117.548238 23.710113, 117.55012 23.71095, 117.550124 23.710952, 117.550128 23.710955, 117.550132 23.710958, 117.55143 23.712146, 117.551433 23.71215, 117.551436 23.712153, 117.551438 23.712157, 117.55144 23.712161, 117.552188 23.713961, 117.55219 23.713965, 117.552191 23.713968, 117.552191 23.713972, 117.552191 23.713976, 117.552191 23.71398, 117.551929 23.716433, 117.551928 23.716437, 117.551927 23.716441, 117.551926 23.716445, 117.551924 23.716448, 117.550906 23.718177, 117.550904 23.718181, 117.550901 23.718185, 117.550897 23.718188, 117.550894 23.718191, 117.549515 23.719136, 117.549511 23.719138, 117.549508 23.71914, 117.549504 23.719141, 117.549499 23.719143, 117.547834 23.719543, 117.547829 23.719544, 117.547825 23.719544, 117.54782 23.719544, 117.545017 23.719407, 117.554692 23.743504, 117.579968 23.783084, 117.581126 23.7838, 117.582339 23.783517, 117.582967 23.782526, 117.584343 23.77275, 117.58295 23.774087, 117.582947 23.77409, 117.582943 23.774093, 117.582939 23.774095, 117.582935 23.774097, 117.581336 23.774712, 117.581332 23.774713, 117.581327 23.774714, 117.581322 23.774715, 117.581317 23.774715, 117.579159 23.774638, 117.579155 23.774637, 117.57915 23.774636, 117.579146 23.774635, 117.579141 23.774634, 117.577259 23.773809, 117.577255 23.773807, 117.577252 23.773805, 117.577248 23.773802, 117.577245 23.7738, 117.577243 23.773797, 117.575391 23.771539, 117.575388 23.771536, 117.575386 23.771532, 117.575384 23.771528, 117.575383 23.771524, 117.575382 23.77152, 117.575382 23.771516, 117.575222 23.766744, 117.575222 23.766741, 117.575223 23.766737, 117.57573 23.763622, 117.575731 23.763619, 117.575732 23.763615, 117.575734 23.763611, 117.575736 23.763608, 117.575738 23.763605, 117.575741 23.763601, 117.577397 23.761867, 117.5774 23.761864, 117.577404 23.761861, 117.577407 23.761859, 117.577411 23.761857, 117.577415 23.761855, 117.580072 23.760947, 117.580076 23.760945, 117.580081 23.760944, 117.580086 23.760944, 117.58009 23.760944, 117.580095 23.760945, 117.5801 23.760945, 117.583046 23.761693, 117.58305 23.761694, 117.583054 23.761695, 117.583058 23.761697, 117.583061 23.761699, 117.583064 23.761702, 117.583067 23.761704, 117.584281 23.762885, 117.584283 23.762888, 117.584286 23.762892, 117.584288 23.762895, 117.58429 23.762899, 117.58491 23.764418, 117.584911 23.764421, 117.584912 23.764425, 117.584913 23.764429, 117.585105 23.767339, 117.596254 23.688112, 117.595999 23.687107, 117.593893 23.685142, 117.59206 23.684853, 117.543506 23.705886))",3371.2238355777317,False,unchanged,terminal_area_clipped
155,23.377341299257964,116.9978601997905,13,anchorage,"POLYGON ((116.941681 23.345479, 116.957669 23.361827, 116.999034 23.391106, 116.999265 23.390279, 116.999267 23.390276, 116.999268 23.390272, 116.99927 23.390269, 116.999272 23.390266, 116.999275 23.390263, 117.000697 23.388709, 117.000699 23.388706, 117.000703 23.388704, 117.000706 23.388702, 117.00071 23.3887, 117.002516 23.38781, 117.00252 23.387809, 117.002524 23.387807, 117.002529 23.387806, 117.002533 23.387806, 117.004718 23.387644, 117.004722 23.387644, 117.004727 23.387644, 117.004731 23.387645, 117.004735 23.387646, 117.004739 23.387648, 117.006747 23.388454, 117.006751 23.388456, 117.006755 23.388458, 117.006758 23.38846, 117.006761 23.388463, 117.006764 23.388466, 117.008117 23.390048, 117.00812 23.390051, 117.008122 23.390055, 117.008123 23.390058, 117.008125 23.390061, 117.008126 23.390065, 117.008901 23.393286, 117.008902 23.39329, 117.008902 23.393294, 117.008902 23.393297, 117.008902 23.393301, 117.008901 23.393305, 117.008899 23.393309, 117.00832 23.394783, 117.008318 23.394787, 117.008316 23.394791, 117.008314 23.394794, 117.008311 23.394797, 117.007312 23.395824, 117.013481 23.398581, 117.013356 23.395948, 117.013356 23.395944, 117.013356 23.39594, 117.013357 23.395937, 117.013359 23.395933, 117.01336 23.395929, 117.01429 23.394098, 117.014292 23.394094, 117.014295 23.394091, 117.014298 23.394088, 117.014301 23.394085, 117.014304 23.394082, 117.016071 23.392876, 117.016075 23.392874, 117.016079 23.392872, 117.016083 23.39287, 117.016088 23.392869, 117.018584 23.392358, 117.018589 23.392357, 117.018593 23.392357, 117.018598 23.392357, 117.020337 23.392517, 117.020341 23.392518, 117.020345 23.392519, 117.020349 23.39252, 117.020353 23.392522, 117.021894 23.393279, 117.021898 23.393281, 117.021901 23.393283, 117.021905 23.393286, 117.022368 23.393719, 117.021823 23.392061, 117.002687 23.361987, 116.987272 23.354928, 116.943438 23.343176, 116.941709 23.34369, 116.941681 23.345479))",5096.510565388095,False,unchanged,terminal_area_clipped
156,37.655890311364566,121.50732084355668,10,anchorage,"POLYGON ((121.480252 37.654021, 121.479786 37.655314, 121.480725 37.65615, 121.515954 37.667357, 121.523322 37.663499, 121.528055 37.659043, 121.52938 37.65114, 121.528052 37.650205, 121.509331 37.648037, 121.488887 37.64905, 121.480252 37.654021))",11971.897113975861,False,unchanged,unchanged
159,19.493812664185445,110.8788452327729,9,anchorage,"POLYGON ((110.880153 19.48343, 110.869735 19.491747, 110.86936 19.493282, 110.893776 19.515412, 110.895396 19.515755, 110.896333 19.514995, 110.896427 19.513833, 110.882553 19.48407, 110.881513 19.483217, 110.880153 19.48343))",5281.238468004143,False,unchanged,unchanged
164,28.39051137781503,121.66735482760747,36,anchorage,"POLYGON ((121.683188 28.42933, 121.685116 28.429389, 121.694768 28.420664, 121.695047 28.419356, 121.667947 28.37526, 121.666984 28.374951, 121.666979 28.374949, 121.666975 28.374947, 121.666971 28.374945, 121.666968 28.374942, 121.665754 28.373886, 121.665751 28.373883, 121.665748 28.37388, 121.665745 28.373876, 121.665743 28.373873, 121.665479 28.373284, 121.629571 28.361226, 121.628571 28.363904, 121.629449 28.367552, 121.665952 28.414545, 121.683188 28.42933), (121.654406 28.389869, 121.654403 28.389867, 121.654399 28.389865, 121.654397 28.389863, 121.654394 28.38986, 121.654392 28.389857, 121.653404 28.388578, 121.653402 28.388574, 121.6534 28.388571, 121.653399 28.388567, 121.653398 28.388563, 121.653044 28.387048, 121.653044 28.387044, 121.653043 28.38704, 121.653044 28.387037, 121.653044 28.387033, 121.653556 28.384695, 121.653557 28.384691, 121.653559 28.384688, 121.65356 28.384684, 121.653563 28.384681, 121.6545 28.383413, 121.654502 28.38341, 121.654505 28.383407, 121.654508 28.383405, 121.654512 28.383402, 121.655922 28.382537, 121.655925 28.382535, 121.655929 28.382534, 121.655933 28.382532, 121.655937 28.382531, 121.657613 28.382196, 121.657618 28.382195, 121.657624 28.382195, 121.660232 28.382206, 121.660237 28.382206, 121.660242 28.382207, 121.660246 28.382208, 121.660251 28.382209, 121.662323 28.383047, 121.662326 28.383048, 121.66233 28.38305, 121.662333 28.383052, 121.662336 28.383055, 121.663646 28.384212, 121.663649 28.384215, 121.663652 28.384219, 121.663655 28.384222, 121.663657 28.384226, 121.664399 28.385991, 121.664401 28.385994, 121.664402 28.385998, 121.664402 28.386002, 121.664402 28.386006, 121.664402 28.38601, 121.664039 28.388242, 121.664038 28.388246, 121.664037 28.38825, 121.664036 28.388253, 121.664034 28.388256, 121.662942 28.389941, 121.662939 28.389944, 121.662937 28.389947, 121.662934 28.38995, 121.662931 28.389952, 121.662928 28.389954, 121.661473 28.390842, 121.661469 28.390844, 121.661465 28.390845, 121.661461 28.390847, 121.661457 28.390848, 121.659725 28.391172, 121.65972 28.391172, 121.659716 28.391172, 121.659711 28.391172, 121.656312 28.390851, 121.656307 28.39085, 121.656302 28.390849, 121.656298 28.390847, 121.656294 28.390845, 121.654406 28.389869))",4149.748983115886,False,land_area_clipped,terminal_area_clipped
165,37.246393742144285,119.17455188417074,51,anchorage,"POLYGON ((119.156933 37.235695, 119.156755 37.237398, 119.171265 37.248897, 119.179807 37.255001, 119.181761 37.256303, 119.183321 37.256201, 119.190962 37.250103, 119.192796 37.246795, 119.189228 37.239036, 119.187051 37.237312, 119.161992 37.232449, 119.160044 37.233033, 119.156933 37.235695))",9145.04077210633,False,unchanged,unchanged
166,19.866905462826516,109.16542459915695,13,anchorage,"POLYGON ((109.172842 19.858588, 109.164802 19.861206, 109.157598 19.864981, 109.156772 19.866232, 109.15717 19.870432, 109.15827 19.871162, 109.173072 19.873757, 109.174276 19.87352, 109.174978 19.87241, 109.174987 19.860026, 109.174373 19.858833, 109.172842 19.858588))",5424.55647596894,False,unchanged,unchanged
168,22.502832756829186,114.78454252634288,20,anchorage,"POLYGON ((114.808144 22.417959, 114.766136 22.500293, 114.761647 22.512699, 114.763568 22.529236, 114.764316 22.530203, 114.837212 22.57073, 114.8383 22.570925, 114.839368 22.57031, 114.839657 22.569322, 114.826268 22.426424, 114.82549 22.425403, 114.810417 22.417308, 114.809052 22.417196, 114.808144 22.417959))",11005.087495240432,False,unchanged,unchanged
171,26.538513951621134,120.09720316112285,11,anchorage,"POLYGON ((120.087161 26.52586, 120.081705 26.561326, 120.082356 26.562543, 120.08744 26.56522, 120.089132 26.564685, 120.119109 26.528687, 120.118433 26.527108, 120.099239 26.51807, 120.097488 26.518212, 120.087161 26.52586))",9997.629296570785,False,unchanged,unchanged
175,37.92314210068554,120.91503927011561,16,anchorage,"POLYGON ((120.889137 37.890034, 120.886199 37.929927, 120.888408 37.945012, 120.889249 37.945987, 120.890456 37.94609, 120.9317 37.936833, 120.967756 37.920811, 120.967863 37.919843, 120.967075 37.919096, 120.906919 37.894054, 120.891374 37.88893, 120.889964 37.888993, 120.889137 37.890034))",13658.512786277268,False,unchanged,unchanged
176,30.188285363046717,122.36099796784342,43,anchorage,"POLYGON ((122.336614 30.17903, 122.336103 30.182211, 122.351433 30.193019, 122.358121 30.195015, 122.388989 30.193553, 122.393942 30.191815, 122.394343 30.190818, 122.393704 30.189777, 122.377992 30.179491, 122.370146 30.175028, 122.339452 30.17762, 122.336614 30.17903))",7116.846431512403,False,unchanged,unchanged
186,30.225573305405934,122.10651291750422,134,anchorage,"POLYGON ((122.12601 30.128986, 122.117473 30.13596, 122.11747 30.135962, 122.117466 30.135965, 122.103306 30.143736, 122.103302 30.143738, 122.103298 30.14374, 122.103294 30.143741, 122.087425 30.147566, 122.087421 30.147567, 122.087417 30.147567, 122.087413 30.147567, 122.036642 30.147787, 122.033867 30.148371, 122.033913 30.148413, 122.033916 30.148416, 122.033918 30.148419, 122.033921 30.148422, 122.033922 30.148425, 122.033924 30.148429, 122.034915 30.151344, 122.034916 30.151348, 122.034916 30.151351, 122.034916 30.151355, 122.034916 30.151359, 122.034916 30.151363, 122.034915 30.151366, 122.0344 30.152853, 122.034398 30.152856, 122.034396 30.15286, 122.034394 30.152863, 122.034391 30.152866, 122.033245 30.15406, 122.033242 30.154063, 122.033238 30.154066, 122.033234 30.154068, 122.03323 30.15407, 122.033225 30.154072, 122.029582 30.155186, 122.029577 30.155187, 122.029573 30.155187, 122.029568 30.155188, 122.029564 30.155188, 122.02956 30.155187, 122.029555 30.155186, 122.027457 30.154704, 122.027452 30.154703, 122.027447 30.154701, 122.027443 30.154699, 122.027439 30.154696, 122.026105 30.153726, 122.026101 30.153723, 122.026098 30.15372, 122.026096 30.153717, 122.026093 30.153713, 122.026092 30.153709, 122.024875 30.150758, 121.999308 30.158943, 121.999922 30.15953, 121.999925 30.159533, 121.999928 30.159537, 121.99993 30.15954, 121.999931 30.159544, 122.000573 30.161315, 122.000574 30.161319, 122.000575 30.161324, 122.000575 30.161328, 122.000575 30.161332, 122.000146 30.164126, 122.000145 30.164129, 122.000144 30.164133, 122.000143 30.164136, 122.000141 30.164139, 122.000139 30.164142, 121.998941 30.165737, 121.998939 30.16574, 121.998936 30.165743, 121.998933 30.165745, 121.99893 30.165747, 121.998927 30.165749, 121.998923 30.165751, 121.996558 30.16674, 121.996554 30.166742, 121.99655 30.166743, 121.996546 30.166744, 121.996541 30.166744, 121.996537 30.166744, 121.996176 30.166738, 122.06315 30.252891, 122.104957 30.266058, 122.123247 30.260966, 122.137685 30.25459, 122.137689 30.254589, 122.137693 30.254588, 122.137697 30.254587, 122.152953 30.251805, 122.151859 30.2519, 122.151854 30.2519, 122.15185 30.2519, 122.151845 30.251899, 122.15184 30.251898, 122.149312 30.25117, 122.147858 30.251735, 122.147854 30.251737, 122.14785 30.251738, 122.147846 30.251738, 122.147842 30.251739, 122.146086 30.251803, 122.146081 30.251803, 122.146076 30.251803, 122.146072 30.251802, 122.146067 30.2518, 122.146063 30.251799, 122.143166 30.250462, 122.143162 30.25046, 122.143159 30.250458, 122.143155 30.250455, 122.143152 30.250452, 122.14315 30.250449, 122.143147 30.250445, 122.14174 30.248052, 122.141738 30.248049, 122.141737 30.248045, 122.141736 30.248042, 122.141735 30.248038, 122.141735 30.248035, 122.141735 30.248031, 122.141889 30.246481, 122.141889 30.246477, 122.14189 30.246473, 122.141892 30.246469, 122.141894 30.246466, 122.142739 30.245092, 122.142742 30.245089, 122.142744 30.245086, 122.142747 30.245083, 122.144174 30.243854, 122.144178 30.243851, 122.144181 30.243849, 122.144185 30.243847, 122.144189 30.243845, 122.145811 30.243271, 122.145815 30.24327, 122.145819 30.243269, 122.145824 30.243268, 122.145828 30.243268, 122.147581 30.243274, 122.147586 30.243274, 122.14759 30.243275, 122.147595 30.243276, 122.147599 30.243277, 122.149294 30.243916, 122.152258 30.243039, 122.152262 30.243038, 122.152266 30.243038, 122.152271 30.243037, 122.152275 30.243037, 122.155001 30.243176, 122.155005 30.243177, 122.15501 30.243178, 122.155014 30.243179, 122.155018 30.24318, 122.156939 30.244008, 122.156942 30.24401, 122.156946 30.244012, 122.156949 30.244014, 122.156952 30.244017, 122.156955 30.24402, 122.158212 30.245523, 122.158214 30.245526, 122.158216 30.245529, 122.158218 30.245533, 122.158219 30.245537, 122.158712 30.247455, 122.158713 30.247459, 122.158713 30.247464, 122.158713 30.247468, 122.158528 30.248984, 122.158527 30.248988, 122.158526 30.248991, 122.158524 30.248995, 122.158523 30.248999, 122.157675 30.250336, 122.157673 30.250339, 122.15767 30.250342, 122.157667 30.250345, 122.157664 30.250348, 122.15766 30.25035, 122.156082 30.251235, 122.16149 30.250249, 122.160781 30.249406, 122.160778 30.249403, 122.160776 30.2494, 122.160775 30.249396, 122.160773 30.249392, 122.160369 30.247888, 122.160369 30.247884, 122.160368 30.24788, 122.160369 30.247876, 122.160597 30.245976, 122.160597 30.245973, 122.160598 30.245969, 122.1606 30.245966, 122.160601 30.245963, 122.161426 30.244581, 122.161428 30.244577, 122.161431 30.244574, 122.161434 30.244571, 122.161437 30.244569, 122.162823 30.243577, 122.162826 30.243575, 122.16283 30.243573, 122.162834 30.243571, 122.162839 30.24357, 122.164564 30.243128, 122.164568 30.243127, 122.164572 30.243126, 122.164576 30.243126, 122.167136 30.24312, 122.167141 30.243121, 122.167145 30.243121, 122.16715 30.243122, 122.167155 30.243124, 122.168833 30.243791, 122.168837 30.243793, 122.168841 30.243795, 122.168844 30.243797, 122.170177 30.244845, 122.170181 30.244848, 122.170184 30.244851, 122.170186 30.244854, 122.170188 30.244858, 122.170289 30.245057, 122.170509 30.244811, 122.171536 30.201553, 122.136104 30.13245, 122.13462 30.133712, 122.133245 30.136563, 122.133243 30.136566, 122.133241 30.136569, 122.133238 30.136572, 122.133235 30.136575, 122.133232 30.136577, 122.133229 30.13658, 122.133225 30.136581, 122.130886 30.137714, 122.130882 30.137716, 122.130878 30.137717, 122.130874 30.137718, 122.13087 30.137719, 122.130865 30.137719, 122.130861 30.137719, 122.130857 30.137719, 122.126898 30.137188, 122.126894 30.137187, 122.12689 30.137186, 122.126886 30.137184, 122.126882 30.137183, 122.126878 30.137181, 122.126875 30.137178, 122.126872 30.137176, 122.124845 30.13526, 122.124842 30.135258, 122.12484 30.135254, 122.124838 30.135251, 122.124836 30.135248, 122.124835 30.135244, 122.124834 30.13524, 122.124833 30.135237, 122.124654 30.132645, 122.124654 30.132641, 122.124654 30.132637, 122.124655 30.132633, 122.124657 30.13263, 122.124658 30.132626, 122.125605 30.130919, 122.125607 30.130916, 122.125609 30.130914, 122.125611 30.130911, 122.125614 30.130908, 122.126971 30.129756, 122.127064 30.128764, 122.12601 30.128986), (122.115521 30.151468, 122.115517 30.151468, 122.115513 30.151468, 122.115509 30.151468, 122.115505 30.151467, 122.115501 30.151466, 122.11342 30.150865, 122.113416 30.150864, 122.113413 30.150862, 122.113409 30.150861, 122.113406 30.150859, 122.113403 30.150856, 122.112134 30.1498, 122.112131 30.149797, 122.112128 30.149794, 122.112126 30.14979, 122.112124 30.149786, 122.112122 30.149783, 122.110938 30.146105, 122.110937 30.146101, 122.110936 30.146097, 122.110936 30.146093, 122.110936 30.146089, 122.110937 30.146085, 122.110939 30.146081, 122.111723 30.14424, 122.111724 30.144236, 122.111726 30.144233, 122.111729 30.14423, 122.111731 30.144228, 122.111734 30.144225, 122.113206 30.143016, 122.113209 30.143014, 122.113212 30.143012, 122.113216 30.14301, 122.113219 30.143009, 122.115243 30.142252, 122.115247 30.142251, 122.115251 30.14225, 122.115255 30.142249, 122.115259 30.142249, 122.115263 30.142249, 122.117032 30.142307, 122.117036 30.142308, 122.11704 30.142308, 122.117044 30.142309, 122.117048 30.14231, 122.117051 30.142312, 122.119003 30.1432, 122.119006 30.143202, 122.11901 30.143205, 122.119013 30.143207, 122.119016 30.14321, 122.119019 30.143213, 122.120246 30.144798, 122.120248 30.144801, 122.12025 30.144805, 122.120252 30.144808, 122.120253 30.144812, 122.120905 30.147808, 122.120905 30.147811, 122.120906 30.147815, 122.120905 30.147818, 122.120905 30.147822, 122.120904 30.147825, 122.120903 30.147829, 122.120281 30.149272, 122.120279 30.149276, 122.120277 30.149279, 122.120274 30.149282, 122.120271 30.149285, 122.119049 30.150406, 122.119046 30.150409, 122.119043 30.150411, 122.119039 30.150413, 122.117286 30.151278, 122.117282 30.151279, 122.117278 30.151281, 122.117273 30.151282, 122.117269 30.151283, 122.115521 30.151468), (122.113395 30.254073, 122.11339 30.254072, 122.113386 30.25407, 122.113381 30.254068, 122.113377 30.254066, 122.111629 30.252971, 122.111626 30.252969, 122.111623 30.252966, 122.11162 30.252963, 122.111618 30.25296, 122.111616 30.252957, 122.110473 30.251043, 122.110471 30.25104, 122.11047 30.251037, 122.110469 30.251033, 122.110468 30.25103, 122.110271 30.249511, 122.110271 30.249507, 122.110271 30.249503, 122.110271 30.249499, 122.110272 30.249495, 122.11077 30.248028, 122.110771 30.248025, 122.110773 30.248021, 122.110775 30.248018, 122.110778 30.248015, 122.111893 30.246827, 122.111896 30.246825, 122.111899 30.246822, 122.111903 30.24682, 122.111907 30.246818, 122.114078 30.245814, 122.114082 30.245813, 122.114086 30.245812, 122.114091 30.245811, 122.114095 30.24581, 122.115895 30.245673, 122.115899 30.245673, 122.115903 30.245673, 122.115907 30.245674, 122.115911 30.245675, 122.115915 30.245676, 122.118015 30.246375, 122.118018 30.246377, 122.118022 30.246378, 122.118025 30.24638, 122.118028 30.246383, 122.118031 30.246385, 122.119259 30.247531, 122.119262 30.247533, 122.119264 30.247537, 122.119266 30.24754, 122.120198 30.249175, 122.1202 30.249179, 122.120201 30.249183, 122.120202 30.249186, 122.120202 30.24919, 122.120315 30.250664, 122.120315 30.250667, 122.120315 30.250671, 122.120314 30.250675, 122.120313 30.250678, 122.11978 30.252081, 122.119778 30.252085, 122.119776 30.252088, 122.119774 30.252091, 122.119771 30.252094, 122.11867 30.253224, 122.118667 30.253226, 122.118663 30.253229, 122.118659 30.253231, 122.118655 30.253233, 122.118651 30.253235, 122.115121 30.254355, 122.115118 30.254356, 122.115114 30.254357, 122.11511 30.254357, 122.115106 30.254357, 122.115101 30.254357, 122.115097 30.254356, 122.113395 30.254073), (122.104219 30.240515, 122.104224 30.240515, 122.104228 30.240516, 122.104233 30.240517, 122.104237 30.240518, 122.105887 30.241179, 122.105891 30.241181, 122.105894 30.241183, 122.105898 30.241186, 122.106421 30.241602, 122.105803 30.238454, 122.105803 30.238451, 122.105803 30.238447, 122.105803 30.238443, 122.105804 30.238439, 122.105805 30.238435, 122.105807 30.238432, 122.10672 30.23673, 122.106723 30.236726, 122.106726 30.236723, 122.106729 30.236719, 122.106732 30.236717, 122.108069 30.23575, 122.108072 30.235747, 122.108076 30.235745, 122.10808 30.235744, 122.108084 30.235742, 122.110616 30.235049, 122.110621 30.235048, 122.110625 30.235047, 122.110629 30.235047, 122.110634 30.235047, 122.11236 30.235169, 122.112365 30.23517, 122.11237 30.235171, 122.112374 30.235172, 122.112379 30.235174, 122.114253 30.236097, 122.114256 30.236099, 122.11426 30.236101, 122.114263 30.236104, 122.114266 30.236107, 122.114268 30.23611, 122.115428 30.237681, 122.11543 30.237685, 122.115432 30.237688, 122.115434 30.237691, 122.116047 30.239496, 122.116048 30.239499, 122.116048 30.239502, 122.116048 30.239506, 122.116048 30.239509, 122.115931 30.241019, 122.11593 30.241023, 122.115929 30.241026, 122.115928 30.24103, 122.115926 30.241033, 122.115149 30.242389, 122.115147 30.242393, 122.115144 30.242396, 122.115141 30.242399, 122.115138 30.242401, 122.11382 30.243398, 122.113816 30.2434, 122.113812 30.243402, 122.113807 30.243404, 122.113803 30.243405, 122.113798 30.243406, 122.109743 30.244077, 122.109738 30.244077, 122.109734 30.244077, 122.10973 30.244077, 122.109726 30.244077, 122.109722 30.244076, 122.109718 30.244075, 122.108057 30.243516, 122.108053 30.243514, 122.108049 30.243513, 122.108046 30.243511, 122.108043 30.243508, 122.10804 30.243506, 122.107833 30.243314, 122.108027 30.243673, 122.108029 30.243677, 122.10803 30.243681, 122.108031 30.243685, 122.108031 30.243689, 122.108044 30.246051, 122.108044 30.246055, 122.108044 30.246058, 122.108043 30.246062, 122.108041 30.246065, 122.107397 30.247528, 122.107395 30.247531, 122.107393 30.247535, 122.107391 30.247538, 122.107388 30.247541, 122.106127 30.248665, 122.106124 30.248668, 122.10612 30.24867, 122.106116 30.248672, 122.106112 30.248674, 122.10444 30.249276, 122.104436 30.249278, 122.104431 30.249278, 122.104426 30.249279, 122.101736 30.249436, 122.101732 30.249436, 122.101727 30.249436, 122.101723 30.249435, 122.101718 30.249434, 122.099682 30.248797, 122.099677 30.248795, 122.099673 30.248793, 122.099669 30.24879, 122.099666 30.248788, 122.098437 30.247725, 122.098434 30.247722, 122.098431 30.247719, 122.098429 30.247716, 122.098427 30.247712, 122.097758 30.246326, 122.097756 30.246322, 122.097755 30.246318, 122.097754 30.246314, 122.097561 30.244132, 122.097561 30.244128, 122.097562 30.244124, 122.097562 30.24412, 122.097564 30.244116, 122.098316 30.242314, 122.098318 30.24231, 122.09832 30.242307, 122.098322 30.242304, 122.098325 30.242301, 122.098328 30.242298, 122.099987 30.241026, 122.09999 30.241024, 122.099994 30.241022, 122.099997 30.24102, 122.100001 30.241019, 122.100005 30.241018, 122.102389 30.240474, 122.102393 30.240473, 122.102398 30.240473, 122.102402 30.240473, 122.104219 30.240515), (122.077041 30.161183, 122.077037 30.161183, 122.077032 30.161182, 122.077028 30.16118, 122.077024 30.161179, 122.075154 30.160309, 122.07515 30.160306, 122.075146 30.160304, 122.075143 30.160301, 122.07514 30.160298, 122.074112 30.159122, 122.074109 30.159119, 122.074107 30.159116, 122.074106 30.159113, 122.074104 30.159109, 122.073657 30.157687, 122.073656 30.157683, 122.073655 30.15768, 122.073655 30.157676, 122.073656 30.157672, 122.073991 30.155253, 122.073991 30.155249, 122.073993 30.155245, 122.073994 30.155242, 122.073996 30.155238, 122.074883 30.153892, 122.074886 30.153889, 122.074888 30.153886, 122.074892 30.153883, 122.074895 30.15388, 122.07632 30.152941, 122.076324 30.152939, 122.076328 30.152937, 122.076332 30.152935, 122.076336 30.152934, 122.078073 30.152551, 122.078078 30.15255, 122.078084 30.15255, 122.080575 30.152531, 122.080579 30.152531, 122.080584 30.152531, 122.080589 30.152532, 122.080593 30.152534, 122.082721 30.153365, 122.082724 30.153367, 122.082728 30.153369, 122.082731 30.153371, 122.082734 30.153373, 122.084068 30.154541, 122.084071 30.154544, 122.084074 30.154547, 122.084076 30.15455, 122.084077 30.154553, 122.084079 30.154556, 122.08481 30.156357, 122.084811 30.156361, 122.084812 30.156364, 122.084812 30.156368, 122.084812 30.156372, 122.084812 30.156376, 122.084432 30.158662, 122.084431 30.158666, 122.08443 30.15867, 122.084428 30.158673, 122.084426 30.158677, 122.083336 30.160244, 122.083333 30.160247, 122.08333 30.16025, 122.083326 30.160253, 122.083323 30.160256, 122.081922 30.161086, 122.081919 30.161088, 122.081915 30.16109, 122.081911 30.161091, 122.081907 30.161092, 122.08025 30.161414, 122.080246 30.161414, 122.080241 30.161414, 122.080237 30.161414, 122.077041 30.161183), (122.061907 30.157367, 122.061903 30.157366, 122.061899 30.157364, 122.061896 30.157361, 122.061892 30.157359, 122.060635 30.15625, 122.060632 30.156247, 122.060629 30.156244, 122.060627 30.156241, 122.060625 30.156237, 122.05997 30.154791, 122.059969 30.154788, 122.059968 30.154785, 122.059968 30.154781, 122.059691 30.15244, 122.059691 30.152436, 122.059691 30.152432, 122.059691 30.152429, 122.059692 30.152425, 122.059694 30.152422, 122.060466 30.15067, 122.060467 30.150667, 122.060469 30.150664, 122.060472 30.15066, 122.060475 30.150658, 122.060478 30.150655, 122.062109 30.14942, 122.062112 30.149418, 122.062116 30.149416, 122.06212 30.149414, 122.062125 30.149412, 122.064346 30.148803, 122.064351 30.148802, 122.064356 30.148802, 122.064361 30.148802, 122.066181 30.148842, 122.066186 30.148842, 122.06619 30.148843, 122.066195 30.148844, 122.066199 30.148846, 122.067851 30.149508, 122.067855 30.14951, 122.067859 30.149512, 122.067863 30.149514, 122.069196 30.150563, 122.069199 30.150565, 122.069202 30.150569, 122.069204 30.150572, 122.069206 30.150576, 122.07005 30.152243, 122.070052 30.152247, 122.070053 30.152251, 122.070054 30.152255, 122.070054 30.152259, 122.070014 30.154696, 122.070013 30.1547, 122.070013 30.154703, 122.070012 30.154707, 122.07001 30.154711, 122.069345 30.156079, 122.069342 30.156083, 122.06934 30.156087, 122.069337 30.15609, 122.069333 30.156093, 122.067754 30.15734, 122.067751 30.157342, 122.067748 30.157344, 122.067744 30.157346, 122.06774 30.157347, 122.067736 30.157349, 122.065392 30.157947, 122.065388 30.157948, 122.065384 30.157949, 122.065379 30.157949, 122.063584 30.157964, 122.063579 30.157964, 122.063575 30.157964, 122.06357 30.157963, 122.063566 30.157961, 122.061907 30.157367), (122.026835 30.168028, 122.026831 30.168027, 122.026827 30.168026, 122.026824 30.168024, 122.02682 30.168022, 122.026817 30.16802, 122.025442 30.167039, 122.025439 30.167036, 122.025435 30.167033, 122.025433 30.16703, 122.02543 30.167026, 122.025429 30.167023, 122.024075 30.163964, 122.024073 30.16396, 122.024072 30.163957, 122.024072 30.163953, 122.024072 30.163949, 122.024072 30.163946, 122.024073 30.163942, 122.024425 30.162465, 122.024426 30.162461, 122.024428 30.162457, 122.02443 30.162453, 122.024433 30.162449, 122.025735 30.160946, 122.025738 30.160942, 122.025742 30.16094, 122.025745 30.160937, 122.025749 30.160935, 122.027852 30.159911, 122.027857 30.159909, 122.027861 30.159907, 122.027866 30.159906, 122.02787 30.159906, 122.029631 30.159768, 122.029635 30.159767, 122.029639 30.159768, 122.029643 30.159768, 122.029647 30.159769, 122.029651 30.15977, 122.031716 30.160432, 122.031719 30.160434, 122.031723 30.160435, 122.031726 30.160437, 122.031729 30.160439, 122.031732 30.160442, 122.032963 30.16154, 122.032966 30.161542, 122.032968 30.161545, 122.03297 30.161549, 122.033946 30.163156, 122.033948 30.163159, 122.033949 30.163163, 122.03395 30.163167, 122.033951 30.163171, 122.034107 30.164648, 122.034107 30.164651, 122.034107 30.164655, 122.034106 30.164659, 122.034105 30.164662, 122.033609 30.166082, 122.033608 30.166086, 122.033606 30.166089, 122.033604 30.166093, 122.033601 30.166096, 122.032526 30.167251, 122.032523 30.167254, 122.032519 30.167257, 122.032516 30.167259, 122.032512 30.167261, 122.032508 30.167263, 122.02902 30.168484, 122.029015 30.168485, 122.029011 30.168486, 122.029006 30.168486, 122.029001 30.168487, 122.028997 30.168486, 122.028992 30.168485, 122.026835 30.168028))",4913.698169884408,False,land_area_clipped,terminal_area_clipped
188,22.91820142364373,116.30799715917121,5,anchorage,"POLYGON ((116.305846 22.895349, 116.291685 22.898749, 116.290695 22.899444, 116.290533 22.90058, 116.308847 22.927522, 116.309125 22.92618, 116.309126 22.926176, 116.309127 22.926172, 116.309129 22.926169, 116.309131 22.926165, 116.309134 22.926162, 116.309137 22.926159, 116.310648 22.924701, 116.310651 22.924698, 116.310654 22.924696, 116.310657 22.924694, 116.310661 22.924692, 116.310664 22.924691, 116.312306 22.924112, 116.31231 22.924111, 116.312315 22.92411, 116.31232 22.924109, 116.312325 22.924109, 116.312329 22.92411, 116.315849 22.924643, 116.307662 22.896435, 116.307046 22.895612, 116.305846 22.895349))",4884.891409300417,False,unchanged,terminal_area_clipped
189,25.267104824248655,119.67479064287262,44,anchorage,"POLYGON ((119.687614 25.215906, 119.668233 25.226982, 119.634685 25.298134, 119.635103 25.341664, 119.636918 25.341196, 119.638457 25.340382, 119.638461 25.34038, 119.638465 25.340379, 119.63847 25.340378, 119.638474 25.340377, 119.640245 25.340169, 119.64025 25.340169, 119.640255 25.340169, 119.640259 25.34017, 119.643285 25.340701, 119.64329 25.340702, 119.643294 25.340704, 119.643298 25.340705, 119.643302 25.340708, 119.644012 25.341159, 119.643533 25.338716, 119.643533 25.338712, 119.643533 25.338709, 119.643533 25.338705, 119.643534 25.338701, 119.643535 25.338697, 119.644173 25.336805, 119.644174 25.336801, 119.644176 25.336798, 119.644178 25.336795, 119.64418 25.336792, 119.644182 25.336789, 119.645366 25.335615, 119.645369 25.335612, 119.645372 25.335609, 119.645376 25.335607, 119.64538 25.335605, 119.647738 25.334606, 119.647743 25.334604, 119.647747 25.334603, 119.647752 25.334602, 119.647757 25.334602, 119.649933 25.334606, 119.649938 25.334607, 119.649942 25.334607, 119.649947 25.334609, 119.649952 25.33461, 119.65153 25.335286, 119.651534 25.335288, 119.651538 25.33529, 119.651542 25.335293, 119.652938 25.336467, 119.652941 25.336469, 119.652944 25.336473, 119.652947 25.336476, 119.652949 25.33648, 119.653694 25.33799, 119.653696 25.337993, 119.653697 25.337997, 119.653698 25.338001, 119.653698 25.338005, 119.653794 25.340224, 119.653794 25.340228, 119.653794 25.340232, 119.653793 25.340237, 119.65329 25.341772, 119.653288 25.341775, 119.653287 25.341778, 119.653285 25.341782, 119.653282 25.341785, 119.65328 25.341787, 119.651801 25.343267, 119.651798 25.34327, 119.651794 25.343273, 119.65179 25.343275, 119.651786 25.343277, 119.649714 25.34411, 119.649709 25.344111, 119.649705 25.344112, 119.6497 25.344113, 119.647907 25.344255, 119.647902 25.344255, 119.647898 25.344254, 119.647893 25.344254, 119.647889 25.344253, 119.646178 25.343747, 119.646174 25.343745, 119.64617 25.343743, 119.646166 25.343741, 119.646163 25.343739, 119.646024 25.343628, 119.646188 25.344817, 119.646188 25.344821, 119.646188 25.344825, 119.646187 25.344829, 119.646186 25.344832, 119.645416 25.347355, 119.645414 25.347359, 119.645413 25.347363, 119.64541 25.347366, 119.645408 25.347369, 119.644305 25.348633, 119.644303 25.348636, 119.6443 25.348639, 119.644297 25.348641, 119.644293 25.348643, 119.64429 25.348645, 119.642297 25.349524, 119.642293 25.349526, 119.642288 25.349527, 119.642284 25.349528, 119.642279 25.349528, 119.642275 25.349528, 119.642172 25.349523, 119.64707 25.351637, 119.648843 25.351003, 119.662416 25.331524, 119.700696 25.235409, 119.700789 25.230345, 119.689635 25.216363, 119.688717 25.215801, 119.687614 25.215906))",11418.299442827105,False,unchanged,terminal_area_clipped
190,37.52762976882285,122.30295651345914,19,anchorage,"POLYGON ((122.281339 37.517889, 122.276332 37.521325, 122.275939 37.522509, 122.284071 37.529814, 122.299424 37.539246, 122.312757 37.543794, 122.342013 37.540103, 122.343158 37.539478, 122.343127 37.538154, 122.333504 37.528406, 122.293142 37.514928, 122.291979 37.5149, 122.281339 37.517889))",11485.62735127195,False,unchanged,unchanged
191,38.8130027948837,121.09097565251557,17,anchorage,"POLYGON ((121.048176 38.826761, 121.047988 38.82772, 121.04873 38.828499, 121.049807 38.828661, 121.127397 38.819219, 121.127662 38.818969, 121.127267 38.81778, 121.127267 38.817777, 121.127266 38.817773, 121.127266 38.81777, 121.127266 38.817767, 121.127624 38.815691, 121.127625 38.815687, 121.127626 38.815684, 121.127628 38.815681, 121.12763 38.815678, 121.128522 38.814487, 121.128524 38.814484, 121.128527 38.814481, 121.12853 38.814479, 121.128533 38.814476, 121.129946 38.813646, 121.12995 38.813644, 121.129954 38.813643, 121.129958 38.813641, 121.129962 38.81364, 121.131677 38.8133, 121.131681 38.813299, 121.131685 38.813299, 121.131689 38.813299, 121.132066 38.813302, 121.132841 38.8123, 121.131807 38.811396, 121.131805 38.811394, 121.131802 38.811391, 121.1318 38.811388, 121.131798 38.811384, 121.131222 38.810099, 121.131221 38.810095, 121.13122 38.810092, 121.13122 38.810088, 121.131168 38.807909, 121.131168 38.807906, 121.131169 38.807902, 121.13117 38.807898, 121.131172 38.807895, 121.131421 38.807442, 121.0663 38.804821, 121.064835 38.805425, 121.048176 38.826761))",3703.2155860181224,False,land_area_clipped,terminal_area_clipped
193,29.84995096039062,122.55388741993568,101,anchorage,"POLYGON ((122.522068 29.762718, 122.468101 29.817308, 122.467819 29.818724, 122.499209 29.853936, 122.545787 29.89245, 122.594034 29.911474, 122.595268 29.911511, 122.60559 29.903335, 122.606104 29.902368, 122.608836 29.838474, 122.601539 29.819872, 122.593438 29.809088, 122.524287 29.762523, 122.523214 29.76223, 122.522068 29.762718))",17452.508180221186,False,unchanged,unchanged
196,30.200745208241294,122.4715252187317,7,anchorage,"POLYGON ((122.468306 30.187641, 122.458459 30.20456, 122.458439 30.205516, 122.459136 30.206259, 122.471877 30.208862, 122.480327 30.201088, 122.480525 30.200132, 122.479679 30.198255, 122.471081 30.187476, 122.469559 30.186882, 122.468306 30.187641))",8953.39878443152,False,unchanged,unchanged
201,38.856576472169316,117.74426976464238,7,anchorage,"POLYGON ((117.747949 38.855892, 117.747321 38.855065, 117.746285 38.854813, 117.741123 38.856055, 117.740189 38.857238, 117.740811 38.858189, 117.742029 38.858467, 117.746894 38.857257, 117.747734 38.856721, 117.747949 38.855892))",12283.653910536794,False,unchanged,unchanged
206,19.670345683856418,109.12806911706653,5,anchorage,"POLYGON ((109.129455 19.664766, 109.126783 19.66579, 109.122502 19.673265, 109.122959 19.675019, 109.12429 19.675347, 109.130389 19.673958, 109.131469 19.671913, 109.130895 19.666136, 109.130435 19.665209, 109.129455 19.664766))",3231.784754176338,False,unchanged,unchanged
207,22.42735330199018,113.76553213264732,9,anchorage,"POLYGON ((113.74932 22.37628, 113.736263 22.414456, 113.776084 22.48787, 113.777839 22.488665, 113.778788 22.488137, 113.779146 22.487169, 113.777899 22.429584, 113.773014 22.40613, 113.76909 22.399507, 113.752149 22.376043, 113.750659 22.375384, 113.74932 22.37628))",11987.610486036592,False,unchanged,unchanged
208,36.70327467425857,121.46965573459602,14,anchorage,"POLYGON ((121.470298 36.696371, 121.467282 36.69982, 121.466234 36.708716, 121.466747 36.711098, 121.4681 36.712118, 121.469464 36.711933, 121.470161 36.711114, 121.473027 36.700078, 121.472656 36.697362, 121.471802 36.69637, 121.470298 36.696371))",7501.311409054094,False,unchanged,unchanged
211,20.837440904906288,110.74925869727775,11,anchorage,"POLYGON ((110.736492 20.786412, 110.735151 20.78725, 110.702375 20.867638, 110.702715 20.868854, 110.718454 20.886601, 110.720074 20.886413, 110.79996 20.829112, 110.799869 20.827695, 110.776275 20.791613, 110.769803 20.784887, 110.768496 20.784393, 110.736492 20.786412))",16691.610450940454,False,unchanged,unchanged
222,30.64059851255426,122.39324682051144,131,anchorage,"POLYGON ((122.390569 30.623602, 122.38759 30.626181, 122.381243 30.650434, 122.381044 30.653152, 122.382081 30.654507, 122.404474 30.673288, 122.405903 30.673659, 122.412607 30.671374, 122.41343 30.669852, 122.405678 30.639242, 122.394791 30.623377, 122.393375 30.622695, 122.390569 30.623602))",8587.675571321719,False,unchanged,unchanged
226,37.85684038338921,120.50143958708676,17,anchorage,"POLYGON ((120.516373 37.83968, 120.500657 37.842293, 120.447817 37.864532, 120.447037 37.865273, 120.447134 37.866233, 120.468874 37.881336, 120.470668 37.881514, 120.519466 37.861914, 120.519856 37.860994, 120.518157 37.840865, 120.517585 37.839973, 120.516373 37.83968))",14337.124125830695,False,unchanged,unchanged
228,30.112005721063674,122.50185179046782,14,anchorage,"POLYGON ((122.526732 30.079768, 122.491187 30.083994, 122.490197 30.084452, 122.484004 30.093904, 122.482691 30.119435, 122.484015 30.127653, 122.484772 30.12865, 122.511655 30.142855, 122.540163 30.149755, 122.541324 30.149155, 122.541585 30.148134, 122.528547 30.080923, 122.52791 30.080027, 122.526732 30.079768))",19916.00856826374,False,unchanged,unchanged
230,35.03851678865642,119.28340913756738,5,anchorage,"POLYGON ((119.286284 35.0321, 119.285197 35.032093, 119.284274 35.032765, 119.279541 35.043246, 119.279635 35.044131, 119.28039 35.044768, 119.28162 35.044836, 119.282551 35.044174, 119.287249 35.033794, 119.287193 35.032784, 119.286284 35.0321))",5009.358900429273,False,unchanged,unchanged
231,30.329740658181063,121.95553517011707,9,anchorage,"POLYGON ((121.946314 30.292206, 121.920641 30.307227, 121.919997 30.30799, 121.920062 30.308933, 121.96906 30.359078, 121.970425 30.359345, 121.982581 30.355817, 121.984017 30.354129, 121.983971 30.352954, 121.948664 30.292731, 121.947704 30.292029, 121.946314 30.292206))",14039.366496181176,False,unchanged,unchanged
232,24.83884033911432,118.90032860526732,7,anchorage,"POLYGON ((118.870077 24.810006, 118.883262 24.858199, 118.883836 24.858093, 118.883841 24.858092, 118.883845 24.858092, 118.88385 24.858092, 118.883854 24.858093, 118.885609 24.858417, 118.885613 24.858418, 118.885617 24.858419, 118.88562 24.858421, 118.885624 24.858422, 118.885627 24.858424, 118.887399 24.859652, 118.887403 24.859655, 118.887405 24.859657, 118.887408 24.85966, 118.88741 24.859663, 118.88852 24.861239, 118.888522 24.861243, 118.888524 24.861247, 118.888525 24.861251, 118.888526 24.861255, 118.888818 24.862868, 118.888819 24.862872, 118.888819 24.862876, 118.888819 24.86288, 118.888818 24.862884, 118.888387 24.864472, 118.888386 24.864476, 118.888384 24.86448, 118.888382 24.864483, 118.88838 24.864487, 118.888357 24.864514, 118.929976 24.854153, 118.930312 24.852794, 118.929175 24.851483, 118.872673 24.808464, 118.87078 24.808347, 118.870077 24.810006))",4342.4139344134155,False,unchanged,terminal_area_clipped
233,36.547634603128486,121.26218668921506,8,anchorage,"POLYGON ((121.27585 36.525238, 121.252447 36.544917, 121.248045 36.550836, 121.248455 36.551664, 121.2532 36.555163, 121.26984 36.560477, 121.271562 36.56002, 121.278501 36.52643, 121.277762 36.525122, 121.27585 36.525238))",19647.833455672306,False,unchanged,unchanged
238,37.87468324204678,121.01807497475713,5,anchorage,"POLYGON ((121.005875 37.859387, 121.005687 37.874741, 121.006218 37.875699, 121.019303 37.881969, 121.047674 37.885495, 121.049211 37.885009, 121.049529 37.884069, 121.048915 37.883226, 121.008472 37.858512, 121.006848 37.858348, 121.005875 37.859387))",12846.13952566697,False,unchanged,unchanged
240,38.28077185190413,118.24925191109617,23,anchorage,"POLYGON ((118.182049 38.268774, 118.181647 38.269702, 118.182469 38.270722, 118.237014 38.294716, 118.255844 38.293874, 118.272793 38.291175, 118.27709 38.284074, 118.274137 38.274816, 118.268266 38.27145, 118.263267 38.269577, 118.235095 38.266171, 118.183173 38.268347, 118.182049 38.268774))",19597.34499718657,False,unchanged,unchanged
242,35.850930046378174,120.17009290640239,6,anchorage,"POLYGON ((120.157914 35.84157, 120.153157 35.855112, 120.153979 35.856501, 120.182573 35.85474, 120.18746 35.853619, 120.188271 35.853047, 120.188428 35.852065, 120.187692 35.851274, 120.160158 35.840744, 120.1588 35.840736, 120.157914 35.84157))",5404.073275161791,False,unchanged,unchanged
244,38.8894265276694,117.69012147160777,7,anchorage,"POLYGON ((117.691346 38.887947, 117.687663 38.888759, 117.686786 38.889741, 117.687135 38.890673, 117.688233 38.891134, 117.691844 38.890316, 117.692712 38.888989, 117.691346 38.887947))",4718.363549885326,False,unchanged,unchanged
249,27.12445966119869,120.47466237581554,5,anchorage,"POLYGON ((120.51949 27.116388, 120.518798 27.115465, 120.517733 27.115233, 120.450318 27.121584, 120.449226 27.122116, 120.448881 27.12318, 120.449757 27.124299, 120.472473 27.134298, 120.518503 27.118001, 120.519323 27.117352, 120.51949 27.116388))",6530.732567817252,False,unchanged,unchanged
257,37.84279818283052,121.12230009281686,10,anchorage,"POLYGON ((121.103348 37.835427, 121.103202 37.83626, 121.105575 37.842447, 121.121118 37.853817, 121.130811 37.856784, 121.13208 37.856744, 121.146937 37.843586, 121.14555 37.83612, 121.144579 37.835381, 121.116009 37.827482, 121.114415 37.827723, 121.103348 37.835427))",18899.601063276536,False,unchanged,unchanged
273,22.71188645352862,114.70148840907386,5,anchorage,"POLYGON ((114.7199 22.678813, 114.707882 22.689275, 114.68801 22.730365, 114.688857 22.740896, 114.689793 22.741989, 114.691018 22.742021, 114.691916 22.741251, 114.722218 22.680708, 114.721822 22.678965, 114.7199 22.678813))",4164.990727206748,False,unchanged,unchanged
277,22.811752080451157,116.05796679850263,8,anchorage,"POLYGON ((116.057196 22.773801, 116.056472 22.774709, 116.049886 22.815197, 116.050548 22.816328, 116.061049 22.822987, 116.062485 22.82203, 116.063551 22.816391, 116.059651 22.774943, 116.058247 22.773593, 116.057196 22.773801))",4533.081892295237,False,unchanged,unchanged
278,22.06601927749265,113.74154724827562,8,anchorage,"POLYGON ((113.72562 22.057336, 113.736153 22.073292, 113.747353 22.073419, 113.752141 22.070751, 113.752132 22.069122, 113.743514 22.059264, 113.727496 22.055247, 113.725789 22.055795, 113.72562 22.057336))",8063.592304332312,False,unchanged,unchanged
280,30.747634719356974,122.36407350473362,26,anchorage,"POLYGON ((122.356913 30.733536, 122.355301 30.741016, 122.345588 30.797766, 122.345903 30.798812, 122.346995 30.799347, 122.348613 30.798624, 122.376968 30.753014, 122.375426 30.741746, 122.362192 30.733741, 122.358945 30.732726, 122.357739 30.73278, 122.356913 30.733536))",7349.282540997392,False,unchanged,unchanged
284,35.76988832725152,120.14057342253139,5,anchorage,"POLYGON ((120.126751 35.735529, 120.121363 35.767671, 120.140384 35.780901, 120.154049 35.786794, 120.155405 35.786855, 120.156382 35.785933, 120.157089 35.78049, 120.129775 35.735261, 120.128226 35.734529, 120.126751 35.735529))",12965.407186987411,False,unchanged,unchanged
288,28.886927763748695,121.66254897887994,7,anchorage,"POLYGON ((121.687807 28.873356, 121.686833 28.872699, 121.685753 28.87277, 121.654697 28.88814, 121.646693 28.893787, 121.646446 28.895772, 121.647432 28.896429, 121.648659 28.896283, 121.677285 28.881658, 121.687363 28.875208, 121.687972 28.874424, 121.687807 28.873356))",3945.1769612247285,False,unchanged,unchanged
291,22.46640775451475,114.70877278814648,8,anchorage,"POLYGON ((114.718059 22.450967, 114.696088 22.457685, 114.695647 22.458901, 114.697582 22.473688, 114.698093 22.47461, 114.709296 22.479523, 114.713603 22.479872, 114.714745 22.479411, 114.719995 22.45268, 114.71952 22.451347, 114.718059 22.450967))",11657.402287888806,False,unchanged,unchanged
292,22.56352722845033,114.67990755364801,5,anchorage,"POLYGON ((114.691724 22.537721, 114.690649 22.537599, 114.68964 22.538249, 114.674531 22.565454, 114.673092 22.579459, 114.674121 22.580837, 114.67537 22.580809, 114.676224 22.579968, 114.692516 22.539578, 114.692474 22.538442, 114.691724 22.537721))",8686.607658982739,False,unchanged,unchanged
